Date,Open,High,Low,Close,Adj Close,Volume,Daily_Return,Adj Close Diff
1993-04-23,4.75,4.9375,4.75,4.875,2.8237533569335938,-1.0273885051130125,,
1993-04-26,4.8125,4.875,4.75,4.78125,2.7694509029388428,-1.3010770865252803,-1.9230593869473012,-0.05430245399475098
1993-04-27,4.71875,4.71875,4.6875,4.6875,2.7151474952697754,-1.4267504147247911,-1.960800518667527,-0.05430340766906738
1993-04-28,4.75,4.75,4.6875,4.75,2.751350879669189,-1.3541391584317404,1.3333855513369297,0.03620338439941362
1993-04-29,4.78125,4.78125,4.6875,4.6875,2.7151474952697754,-1.3708956021916752,-1.3158403265441265,-0.03620338439941362
1993-04-30,4.75,4.75,4.5,4.5,2.606541872024536,-1.2312585708588855,-3.9999898139768786,-0.10860562324523926
1993-05-03,4.46875,4.46875,4.375,4.375,2.5341389179229736,-1.38765204595161,-2.7777399196478703,-0.0724029541015625
1993-05-04,4.3125,4.3125,4.15625,4.1875,2.4255330562591557,-1.3429681959251172,-4.285710656810926,-0.10860586166381792
1993-05-05,4.1875,4.21875,4.15625,4.1875,2.4255330562591557,-1.3904447865782659,0.0,0.0
1993-05-06,4.25,4.3125,4.25,4.28125,2.4798355102539062,-1.2982843458986246,2.2387843305050614,0.05430245399475053
1993-05-07,4.28125,4.34375,4.28125,4.28125,2.4798355102539062,-1.359724639685052,0.0,0.0
1993-05-10,4.3125,4.3125,4.21875,4.21875,2.443633317947388,-1.3764810834449868,-1.4598626464063957,-0.03620219230651811
1993-05-11,4.21875,4.21875,4.09375,4.125,2.3893299102783203,-1.2703569396320666,-2.222240434775291,-0.05430340766906783
1993-05-12,4.0625,4.15625,4.0,4.15625,2.407430648803711,-1.007839320726422,0.7575654767274065,0.018100738525390625
1993-05-13,4.1875,4.5625,4.1875,4.46875,2.588442325592041,-0.8933369550335344,7.5188739861842935,0.18101167678833008
1993-05-14,4.65625,4.6875,4.625,4.625,2.6789445877075195,-1.208916645845639,3.496398634061837,0.09050226211547852
1993-05-17,4.59375,4.59375,4.4375,4.46875,2.588442325592041,-1.2899061240186571,-3.3782804814535217,-0.09050226211547852
1993-05-18,4.4375,4.46875,4.34375,4.34375,2.516038656234741,-1.1251344270459653,-2.797190752192602,-0.0724036693572998
1993-05-19,4.34375,4.5,4.34375,4.5,2.606541872024536,-1.3541391584317404,3.597051880165991,0.09050321578979492
1993-05-20,4.46875,4.59375,4.46875,4.59375,2.660846471786499,-1.3262117521651826,2.083396409043048,0.05430459976196289
1993-05-21,4.53125,4.5625,4.5,4.53125,2.6246438026428223,-1.3401754552984615,-1.3605696355479813,-0.03620266914367676
1993-05-24,4.46875,4.5,4.40625,4.40625,2.552238702774048,-1.2005384239656718,-2.7586638535815,-0.07240509986877441
1993-05-25,4.40625,4.4375,4.25,4.28125,2.4798355102539062,-0.9296425831800597,-2.8368503479492713,-0.0724031925201416
1993-05-26,4.28125,4.28125,4.25,4.25,2.4617342948913574,-1.130719908299277,-0.729936130348241,-0.018101215362548828
1993-05-27,4.21875,4.25,4.21875,4.25,2.4617342948913574,-1.3373827146718056,0.0,0.0
1993-05-28,4.28125,4.3125,4.28125,4.3125,2.4979357719421387,-0.8626168081403206,1.4705680107681474,0.03620147705078125
1993-06-01,4.34375,4.5,4.34375,4.4375,2.5703415870666504,-1.3904447865782659,2.8986259750072074,0.07240581512451172
1993-06-02,4.40625,4.46875,4.40625,4.4375,2.5703415870666504,-1.2452222739921646,0.0,0.0
1993-06-03,4.40625,4.4375,4.40625,4.40625,2.552238702774048,-1.3681028615650195,-0.7042987742832296,-0.01810288429260254
1993-06-04,4.40625,4.46875,4.40625,4.46875,2.588442325592041,-1.4295431553514468,1.418504577124513,0.036203622817993164
1993-06-07,4.4375,4.4375,4.40625,4.40625,2.552238702774048,-1.4602633022446607,-1.3986644577724028,-0.036203622817993164
1993-06-08,4.40625,4.46875,4.40625,4.46875,2.588442325592041,-0.8179329581138279,1.418504577124513,0.036203622817993164
1993-06-09,4.5,4.53125,4.46875,4.46875,2.588442325592041,-1.1530618333125233,0.0,0.0
1993-06-10,4.4375,4.46875,4.4375,4.4375,2.5703415870666504,-1.3485536771784288,-0.6992907798805459,-0.018100738525390625
1993-06-11,4.4375,4.4375,4.4375,4.4375,2.5703415870666504,-1.4602633022446607,0.0,0.0
1993-06-14,4.4375,4.46875,4.4375,4.46875,2.588442325592041,-1.2899061240186571,0.7042152924914502,0.018100738525390625
1993-06-15,4.46875,4.46875,4.46875,4.46875,2.588442325592041,-0.6838814080343498,0.0,0.0
1993-06-16,4.5,4.53125,4.5,4.5,2.606541872024536,-0.884958733153567,0.6992447254298151,0.018099546432495117
1993-06-17,4.5,4.5,4.5,4.5,2.606541872024536,-1.4462995991113816,0.0,0.0
1993-06-18,4.5,4.5625,4.5,4.5,2.606541872024536,-1.2703569396320666,0.0,0.0
1993-06-21,4.5625,4.625,4.5625,4.59375,2.660846471786499,-1.2899061240186571,2.083396409043048,0.05430459976196289
1993-06-22,4.59375,4.625,4.59375,4.59375,2.660846471786499,-1.3988230084582332,0.0,0.0
1993-06-23,4.5625,4.625,4.5625,4.59375,2.660846471786499,2.416060687553582,0.0,0.0
1993-06-24,4.5625,4.59375,4.5625,4.5625,2.64274525642395,-1.2731496802587223,-0.6802803376474209,-0.018101215362548828
1993-06-25,4.59375,4.59375,4.53125,4.53125,2.6246438026428223,-1.0162175426063893,-0.6849488703887463,-0.01810145378112793
1993-06-28,4.53125,4.5625,4.53125,4.5625,2.64274525642395,-1.359724639685052,0.6896727762792487,0.01810145378112793
1993-06-29,4.53125,4.5625,4.53125,4.53125,2.6246438026428223,-1.0832433176461285,-0.6849488703887463,-0.01810145378112793
1993-06-30,4.5625,4.625,4.5625,4.59375,2.660846471786499,-1.2563932364987875,1.3793364687133325,0.03620266914367676
1993-07-01,4.59375,4.625,4.59375,4.625,2.6789445877075195,-1.4099939709648563,0.68016385435683,0.018098115921020508
1993-07-02,4.625,4.6875,4.625,4.6875,2.7151474952697754,-1.3653101209383636,1.3513869502331133,0.03620290756225586
1993-07-06,4.65625,4.6875,4.65625,4.6875,2.7151474952697754,-0.7173942955542193,0.0,0.0
1993-07-07,4.75,4.75,4.6875,4.71875,2.7332489490509038,-1.3150407896585594,0.6666839946140701,0.018101453781128374
1993-07-08,4.65625,4.71875,4.65625,4.71875,2.7332489490509038,-1.373688342818331,0.0,0.0
1993-07-09,4.65625,4.6875,4.65625,4.65625,2.6970460414886475,-1.415579452218168,-1.3245375096486378,-0.0362029075622563
1993-07-12,4.6875,4.6875,4.65625,4.65625,2.6970460414886475,-1.415579452218168,0.0,0.0
1993-07-13,4.625,4.625,4.46875,4.46875,2.588442325592041,-1.2200876083522623,-4.026765365735551,-0.10860371589660645
1993-07-14,4.46875,4.53125,4.46875,4.53125,2.6246438026428223,2.2987655812340386,1.3985815597610918,0.03620147705078125
1993-07-15,4.5,4.5625,4.5,4.53125,2.6246438026428223,-0.8067619956072047,0.0,0.0
1993-07-16,4.53125,4.5625,4.53125,4.5625,2.64274525642395,-1.236844052112197,0.6896727762792487,0.01810145378112793
1993-07-19,4.59375,4.59375,4.5625,4.5625,2.64274525642395,-1.4211649334714795,0.0,0.0
1993-07-20,4.5625,4.5625,4.5,4.5625,2.64274525642395,0.019889229882910378,0.0,0.0
1993-07-21,4.5625,4.59375,4.5625,4.5625,2.64274525642395,-0.6364048173812012,0.0,0.0
1993-07-22,4.59375,4.59375,4.5625,4.5625,2.64274525642395,-1.373688342818331,0.0,0.0
1993-07-23,4.5625,4.625,4.5625,4.625,2.6789445877075195,-1.3401754552984615,1.3697624163954591,0.036199331283569336
1993-07-26,4.65625,4.6875,4.65625,4.6875,2.7151474952697754,-1.306662567778592,1.3513869502331133,0.03620290756225586
1993-07-27,4.71875,4.71875,4.625,4.625,2.6789445877075195,-1.3820665646982984,-1.333367989228107,-0.03620290756225586
1993-07-28,4.65625,4.65625,4.5625,4.5625,2.64274525642395,-1.38765204595161,-1.3512534544264931,-0.036199331283569336
1993-07-29,4.5625,4.625,4.5625,4.625,2.6789445877075195,-1.4658487834979723,1.3697624163954591,0.036199331283569336
1993-07-30,4.59375,4.65625,4.59375,4.65625,2.6970460414886475,-1.4211649334714795,0.6756934751165566,0.01810145378112793
1993-08-02,4.6875,4.6875,4.625,4.6875,2.7151474952697754,-1.412786711591512,0.6711585009181675,0.01810145378112793
1993-08-03,4.625,4.65625,4.59375,4.65625,2.726125240325928,-1.44071411785807,0.40431486964438434,0.010977745056152788
1993-08-04,4.65625,4.65625,4.65625,4.65625,2.726125240325928,-1.4770197460045953,0.0,0.0
1993-08-05,4.625,4.65625,4.625,4.65625,2.726125240325928,-1.443506858484726,0.0,0.0
1993-08-06,4.59375,4.65625,4.59375,4.625,2.7078282833099365,-1.1418908708059001,-0.6711708158281149,-0.018296957015991655
1993-08-09,4.65625,4.65625,4.59375,4.625,2.7078282833099365,-1.3792738240716427,0.0,0.0
1993-08-10,4.59375,4.6875,4.59375,4.65625,2.726125240325928,-1.4183721928448236,0.6757059570123847,0.018296957015991655
1993-08-11,4.65625,4.65625,4.65625,4.65625,2.726125240325928,-1.4770197460045953,0.0,0.0
1993-08-12,4.65625,4.71875,4.625,4.6875,2.7444217205047607,-1.292698864645313,0.6711533244395218,0.018296480178832564
1993-08-13,4.65625,4.75,4.65625,4.75,2.781014442443848,-1.4379213772314143,1.3333490864646302,0.03659272193908736
1993-08-16,4.78125,4.78125,4.71875,4.75,2.781014442443848,-1.38765204595161,0.0,0.0
1993-08-17,4.71875,4.75,4.6875,4.75,2.781014442443848,-1.359724639685052,0.0,0.0
1993-08-18,4.75,4.78125,4.71875,4.78125,2.799310207366944,-1.3820665646982984,0.6578809747934233,0.018295764923095703
1993-08-19,4.75,4.75,4.6875,4.6875,2.7444217205047607,-1.3513464178050847,-1.9607861507357383,-0.05488848686218306
1993-08-20,4.65625,4.71875,4.65625,4.71875,2.7627182006835938,-1.3122480490319035,0.6666788869265972,0.018296480178833008
1993-08-23,4.75,4.78125,4.75,4.78125,2.799310207366944,-1.4323358959781027,1.324492909711017,0.03659200668335005
1993-08-24,4.78125,4.78125,4.6875,4.71875,2.7627182006835938,-1.3038698271519362,-1.307179411093884,-0.03659200668335005
1993-08-25,4.71875,4.71875,4.625,4.65625,2.726125240325928,-1.208916645845639,-1.3245274291316167,-0.03659296035766557
1993-08-26,4.6875,4.6875,4.65625,4.6875,2.7444217205047607,-1.44071411785807,0.6711533244395218,0.018296480178832564
1993-08-27,4.75,4.75,4.75,4.75,2.781014442443848,-1.4211649334714795,1.3333490864646302,0.03659272193908736
1993-08-30,4.75,4.75,4.65625,4.71875,2.7627182006835938,-1.3904447865782659,-0.6578981209524493,-0.01829624176025435
1993-08-31,4.78125,4.78125,4.78125,4.78125,2.799310207366944,-1.415579452218168,1.324492909711017,0.03659200668335005
1993-09-01,4.75,4.75,4.625,4.6875,2.7444217205047607,-1.1083779832860305,-1.9607861507357383,-0.05488848686218306
1993-09-02,4.6875,4.75,4.6875,4.6875,2.7444217205047607,-1.08882879889944,0.0,0.0
1993-09-03,4.71875,4.75,4.65625,4.75,2.781014442443848,-1.2480150146188203,1.3333490864646302,0.03659272193908736
1993-09-07,4.75,4.8125,4.75,4.78125,2.799310207366944,-1.3569318990583963,0.6578809747934233,0.018295764923095703
1993-09-08,4.8125,4.84375,4.75,4.75,2.781014442443848,-1.4295431553514468,-0.6535811884994636,-0.018295764923095703
1993-09-09,4.8125,4.84375,4.75,4.78125,2.799310207366944,-0.6922596299143172,0.6578809747934233,0.018295764923095703
1993-09-10,4.8125,4.8125,4.75,4.78125,2.799310207366944,-1.3960302678315775,0.0,0.0
1993-09-13,4.71875,4.8125,4.71875,4.8125,2.8176074028015137,-1.3820665646982984,0.6536322907842562,0.01829719543456987
1993-09-14,4.8125,4.8125,4.8125,4.8125,2.8176074028015137,-1.1418908708059001,0.0,0.0
1993-09-15,4.8125,4.8125,4.8125,4.8125,2.8176074028015137,-1.1754037583257697,0.0,0.0
1993-09-16,4.8125,4.8125,4.78125,4.8125,2.8176074028015137,-0.8039692549805489,0.0,0.0
1993-09-17,4.75,4.75,4.6875,4.6875,2.7444217205047607,-0.477218601661821,-2.5974407301735947,-0.07318568229675293
1993-09-20,4.6875,4.6875,4.59375,4.59375,2.689533472061157,-1.1949529427123602,-1.9999932238369267,-0.05488824844360396
1993-09-21,4.625,4.625,4.5625,4.625,2.7078282833099365,-0.5442443767015601,0.6802224786873312,0.01829481124877974
1993-09-22,4.625,4.71875,4.625,4.71875,2.7627182006835938,-1.158647314565835,2.0270826518793195,0.05488991737365723
1993-09-23,4.78125,4.78125,4.65625,4.75,2.781014442443848,-0.8095547362338605,0.6622550847106723,0.01829624176025435
1993-09-24,4.8125,4.90625,4.8125,4.875,2.854198455810547,-1.2703569396320666,2.631558191491723,0.07318401336669877
1993-09-27,4.875,5.09375,4.875,5.09375,2.982271909713745,-1.180989239579081,4.487195122766163,0.12807345390319824
1993-09-28,5.09375,5.09375,5.0,5.0625,2.9639761447906494,-1.0720723551395053,-0.6134841314604289,-0.018295764923095703
1993-09-29,5.09375,5.21875,5.09375,5.21875,3.0554559230804443,-1.3234190115385267,3.086387130698598,0.09147977828979492
1993-09-30,5.25,5.25,5.25,5.25,3.073753118515014,-1.4239576740981352,0.5988368313990522,0.01829719543456987
1993-10-01,5.25,5.3125,5.25,5.25,3.073753118515014,1.6871553839964195,0.0,0.0
1993-10-04,5.21875,5.375,5.21875,5.28125,3.092049360275269,-1.0999997614060633,0.5952410963016463,0.018296241760254794
1993-10-05,5.28125,5.375,5.28125,5.3125,3.110344409942627,-1.345760936551773,0.5916803884957744,0.018295049667357954
1993-10-06,5.3125,5.375,5.3125,5.3125,3.110344409942627,-0.9463990269399944,0.0,0.0
1993-10-07,5.3125,5.34375,5.3125,5.3125,3.110344409942627,-0.22307920463614372,0.0,0.0
1993-10-08,5.375,5.40625,5.3125,5.375,3.146937608718872,-1.3513464178050847,1.1764998969011398,0.03659319877624512
1993-10-11,5.34375,5.34375,5.3125,5.3125,3.110344409942627,-1.3820665646982984,-1.1628193286978505,-0.03659319877624512
1993-10-12,5.34375,5.34375,5.3125,5.3125,3.110344409942627,-1.2982843458986246,0.0,0.0
1993-10-13,5.34375,5.40625,5.34375,5.40625,3.165232419967652,-1.4295431553514468,1.7646923552764093,0.05488801002502486
1993-10-14,5.40625,5.40625,5.3125,5.375,3.146937608718872,-1.0022538394731104,-0.5779926659845946,-0.01829481124877974
1993-10-15,5.4375,5.5,5.40625,5.40625,3.165232419967652,-1.3038698271519362,0.5813528427793591,0.01829481124877974
1993-10-18,5.4375,5.4375,5.375,5.375,3.146937608718872,-1.4183721928448236,-0.5779926659845946,-0.01829481124877974
1993-10-19,5.4375,5.4375,5.40625,5.4375,3.183530330657959,-1.3429681959251172,1.1628041762792973,0.036592721939086914
1993-10-20,5.40625,5.40625,5.3125,5.375,3.146937608718872,-0.5637935610881506,-1.1494384578872197,-0.036592721939086914
1993-10-21,5.40625,5.40625,5.34375,5.34375,3.128641366958618,-1.4518850803646932,-0.5813983000350076,-0.018296241760253906
1993-10-22,5.3125,5.34375,5.3125,5.34375,3.128641366958618,-1.412786711591512,0.0,0.0
1993-10-25,5.28125,5.375,5.28125,5.375,3.146937608718872,-1.264771458378755,0.5847983074531715,0.018296241760253906
1993-10-26,5.4375,5.5,5.4375,5.46875,3.2018260955810547,-1.005046580099766,1.7441873238957406,0.05488848686218262
1993-10-27,5.46875,5.46875,5.375,5.375,3.146937608718872,-1.2871133833920014,-1.7142869482491885,-0.05488848686218262
1993-10-28,5.375,5.375,5.34375,5.34375,3.128641366958618,-1.3932375272049216,-0.5813983000350076,-0.018296241760253906
1993-10-29,5.375,5.375,5.25,5.28125,3.092049360275269,-1.0245957644863568,-1.1695813738766936,-0.036592006683349165
1993-11-01,5.28125,5.375,5.28125,5.3125,3.110344409942627,-1.130719908299277,0.5916803884957744,0.018295049667357954
1993-11-02,5.3125,5.3125,5.25,5.25,3.073753118515014,-1.373688342818331,-1.1764385741541594,-0.03659129142761275
1993-11-03,5.21875,5.25,5.1875,5.1875,3.06636381149292,-1.0804505770194726,-0.24040014722015446,-0.0073893070220942825
1993-11-04,5.125,5.125,5.0625,5.0625,2.99247407913208,-1.320626270911871,-2.4096857680062866,-0.07388973236083984
1993-11-05,4.96875,5.0,4.9375,5.0,2.9555323123931885,-1.3485536771784288,-1.2344891137571978,-0.0369417667388916
1993-11-08,5.0,5.0,5.0,5.0,2.9555323123931885,-1.1390981301792442,0.0,0.0
1993-11-09,5.0625,5.09375,5.03125,5.09375,3.010946989059448,-1.4295431553514468,1.8749474141728673,0.05541467666625932
1993-11-10,5.09375,5.15625,5.0625,5.125,3.029419422149658,-1.3038698271519362,0.6135090772880325,0.018472433090210405
1993-11-11,5.15625,5.28125,5.15625,5.21875,3.084835290908813,-0.3375815703290313,1.8292570633825278,0.05541586875915483
1993-11-12,5.25,5.34375,5.25,5.3125,3.1402530670166016,-0.8067619956072047,1.7964581859883477,0.05541777610778853
1993-11-15,5.34375,5.375,5.3125,5.3125,3.1402530670166016,-1.3988230084582332,0.0,0.0
1993-11-16,5.40625,5.40625,5.34375,5.34375,3.158723831176758,-1.3290044927918383,0.5881934916062148,0.01847076416015625
1993-11-17,5.34375,5.4375,5.34375,5.4375,3.214142084121704,-0.614062892367955,1.7544507182921665,0.05541825294494629
1993-11-18,5.375,5.375,5.34375,5.34375,3.158723831176758,-1.4490923397380375,-1.724200470748316,-0.05541825294494629
1993-11-19,5.375,5.375,5.28125,5.375,3.1771974563598637,-1.3150407896585594,0.5848445818773529,0.018473625183105913
1993-11-22,5.3125,5.3125,5.15625,5.21875,3.084835290908813,-1.0441449488729473,-2.907032588300973,-0.09236216545105069
1993-11-23,5.28125,5.3125,5.28125,5.3125,3.1402530670166016,-1.4379213772314143,1.7964581859883477,0.05541777610778853
1993-11-24,5.28125,5.28125,5.28125,5.28125,3.1217801570892334,-1.158647314565835,-0.5882618226345171,-0.018472909927368164
1993-11-26,5.3125,5.3125,5.3125,5.3125,3.1402530670166016,-1.4490923397380375,0.591742819731178,0.018472909927368164
1993-11-29,5.375,5.375,5.375,5.375,3.1771974563598637,-1.4044084897115447,1.1764780912501882,0.03694438934326216
1993-11-30,5.40625,5.40625,5.375,5.375,3.1771974563598637,-1.4518850803646932,0.0,0.0
1993-12-01,5.3125,5.40625,5.3125,5.40625,3.195669651031494,-1.38765204595161,0.5813990136072311,0.018472194671630415
1993-12-02,5.40625,5.40625,5.34375,5.34375,3.158723831176758,-1.4630560428713164,-1.1561213732718234,-0.03694581985473633
1993-12-03,5.28125,5.3125,5.25,5.25,3.1033082008361816,-1.359724639685052,-1.7543676909523187,-0.05541563034057617
1993-12-06,5.28125,5.28125,5.25,5.25,3.1033082008361816,-1.3373827146718056,0.0,0.0
1993-12-07,5.28125,5.28125,5.25,5.25,3.1033082008361816,-1.4016157490848888,0.0,0.0
1993-12-08,5.28125,5.28125,5.21875,5.21875,3.084835290908813,-0.4911823047951,-0.5952650762303002,-0.018472909927368608
1993-12-09,5.25,5.25,5.25,5.25,3.1033082008361816,-1.4239576740981352,0.5988297003022947,0.018472909927368608
1993-12-10,5.25,5.28125,5.25,5.28125,3.1217801570892334,-1.4546778209913491,0.5952343453374809,0.018471956253051758
1993-12-13,5.28125,5.28125,5.28125,5.28125,3.1217801570892334,-1.4770197460045953,0.0,0.0
1993-12-14,5.25,5.28125,5.21875,5.25,3.1033082008361816,0.3550181050816057,-0.5917122706768363,-0.018471956253051758
1993-12-15,5.25,5.25,5.1875,5.1875,3.06636381149292,-1.3262117521651826,-1.1904840561213659,-0.03694438934326172
1993-12-16,5.1875,5.21875,5.03125,5.03125,2.974004030227661,0.2600649237753087,-3.012029457140364,-0.09235978126525879
1993-12-17,5.125,5.15625,5.03125,5.03125,2.974004030227661,-1.2899061240186571,0.0,0.0
1993-12-20,5.03125,5.125,5.03125,5.09375,3.010946989059448,-1.2452222739921646,1.2421959908695435,0.036942958831786665
1993-12-21,5.15625,5.21875,5.15625,5.1875,3.06636381149292,-0.9854973957131756,1.8405113950805019,0.055416822433472124
1993-12-22,5.21875,5.21875,5.09375,5.09375,3.010946989059448,-1.2005384239656718,-1.807248775431225,-0.055416822433472124
1993-12-23,5.15625,5.1875,5.125,5.1875,3.06636381149292,-0.9994610988464545,1.8405113950805019,0.055416822433472124
1993-12-27,5.15625,5.1875,5.15625,5.1875,3.06636381149292,-1.468641524124628,0.0,0.0
1993-12-28,5.125,5.125,5.125,5.125,3.029419422149658,-1.4630560428713164,-1.2048273334296478,-0.03694438934326172
1993-12-29,5.15625,5.15625,5.15625,5.15625,3.047891855239868,-1.4630560428713164,0.6097680946767658,0.01847243309020996
1993-12-30,5.09375,5.15625,5.09375,5.15625,3.047891855239868,-1.412786711591512,0.0,0.0
1993-12-31,5.125,5.1875,5.125,5.1875,3.06636381149292,-1.412786711591512,0.6060568133772648,0.018471956253051758
1994-01-03,5.125,5.15625,5.09375,5.15625,3.047891855239868,-1.4099939709648563,-0.6024058914280706,-0.018471956253051758
1994-01-04,5.15625,5.1875,5.15625,5.1875,3.06636381149292,-1.4351286366047584,0.6060568133772648,0.018471956253051758
1994-01-05,5.15625,5.15625,5.15625,5.15625,3.047891855239868,-1.4072012303382004,-0.6024058914280706,-0.018471956253051758
1994-01-06,5.15625,5.15625,5.09375,5.09375,3.010946989059448,-1.3569318990583963,-1.2121449163921438,-0.036944866180420366
1994-01-07,5.09375,5.09375,5.09375,5.09375,3.010946989059448,-1.4044084897115447,0.0,0.0
1994-01-10,5.09375,5.09375,5.03125,5.0625,2.99247407913208,-1.2061239052189834,-0.6135249140715726,-0.01847290992736772
1994-01-11,5.03125,5.09375,5.03125,5.09375,3.010946989059448,-1.3681028615650195,0.6173122786990115,0.01847290992736772
1994-01-12,5.0625,5.09375,5.0625,5.09375,3.010946989059448,-1.4211649334714795,0.0,0.0
1994-01-13,5.09375,5.09375,5.0625,5.09375,3.010946989059448,-1.415579452218168,0.0,0.0
1994-01-14,5.03125,5.125,5.03125,5.09375,3.010946989059448,-1.4016157490848888,0.0,0.0
1994-01-17,5.09375,5.1875,5.09375,5.15625,3.047891855239868,-1.2536004958721318,1.2270181545760428,0.036944866180420366
1994-01-18,5.125,5.1875,5.125,5.1875,3.06636381149292,-1.3150407896585594,0.6060568133772648,0.018471956253051758
1994-01-19,5.15625,5.25,5.15625,5.25,3.1033082008361816,-1.1614400551924906,1.2048273334296367,0.03694438934326172
1994-01-20,5.1875,5.1875,5.125,5.125,3.029419422149658,-1.1446836114325558,-2.380968112242743,-0.07388877868652344
1994-01-21,5.0625,5.09375,5.03125,5.0625,2.99247407913208,-1.2536004958721318,-1.2195519295694623,-0.036945343017578125
1994-01-24,5.125,5.1875,5.09375,5.1875,3.06636381149292,-1.3932375272049216,2.469185376612204,0.07388973236083984
1994-01-25,5.125,5.15625,5.09375,5.15625,3.047891855239868,-1.4239576740981352,-0.6024058914280706,-0.018471956253051758
1994-01-26,5.125,5.15625,5.125,5.15625,3.047891855239868,-1.4602633022446607,0.0,0.0
1994-01-27,5.125,5.1875,5.0625,5.1875,3.06636381149292,-1.0944142801527517,0.6060568133772648,0.018471956253051758
1994-01-28,5.15625,5.15625,5.0625,5.0625,2.99247407913208,-1.3681028615650195,-2.4096857680062866,-0.07388973236083984
1994-01-31,5.09375,5.21875,5.0625,5.21875,3.084835290908813,-1.331797233418494,3.0864498516732564,0.09236121177673295
1994-02-01,5.28125,5.28125,5.25,5.28125,3.1217801570892334,-1.3820665646982984,1.197628485686053,0.036944866180420366
1994-02-02,5.25,5.25,5.25,5.25,3.1033082008361816,-1.2982843458986246,-0.5917122706768363,-0.018471956253051758
1994-02-03,5.1875,5.28125,5.125,5.25,3.133147954940796,-1.2563932364987875,0.9615465874956985,0.029839754104614258
1994-02-04,5.25,5.25,5.21875,5.25,3.133147954940796,-1.3848593053249543,0.0,0.0
1994-02-07,5.25,5.25,5.25,5.25,3.133147954940796,-1.4770197460045953,0.0,0.0
1994-02-08,5.28125,5.34375,5.28125,5.34375,3.189096212387085,-1.4490923397380375,1.7856883317004524,0.05594825744628906
1994-02-09,5.28125,5.375,5.28125,5.3125,3.170448064804077,-1.2508077552454762,-0.5847470988982639,-0.018648147583007812
1994-02-10,5.3125,5.40625,5.3125,5.375,3.207747220993042,-1.4183721928448236,1.1764632451492174,0.037299156188964844
1994-02-11,5.3125,5.4375,5.3125,5.40625,3.226396322250366,-1.4183721928448236,0.5813768970097,0.01864910125732422
1994-02-14,5.40625,5.40625,5.375,5.375,3.207747220993042,-1.4490923397380375,-0.5780164429494694,-0.01864910125732422
1994-02-15,5.40625,5.40625,5.375,5.375,3.207747220993042,-1.38765204595161,0.0,0.0
1994-02-16,5.34375,5.5,5.34375,5.375,3.207747220993042,-0.9352280644333713,0.0,0.0
1994-02-17,5.40625,5.40625,5.375,5.40625,3.226396322250366,-1.1614400551924906,0.5813768970097,0.01864910125732422
1994-02-18,5.46875,5.5,5.40625,5.40625,3.226396322250366,-1.3373827146718056,0.0,0.0
1994-02-22,5.4375,5.4375,5.4375,5.4375,3.2450475692749023,-1.4658487834979723,0.5780829495716455,0.018651247024536133
1994-02-23,5.40625,5.40625,5.375,5.375,3.207747220993042,-1.4295431553514468,-1.1494545915145093,-0.03730034828186035
1994-02-24,5.3125,5.3125,5.3125,5.3125,3.170448064804077,-1.4462995991113816,-1.1627835243644302,-0.037299156188964844
1994-02-25,5.34375,5.34375,5.34375,5.34375,3.189096212387085,-1.4630560428713164,0.5881865024071953,0.018648147583007812
1994-02-28,5.3125,5.53125,5.3125,5.53125,3.300994396209717,-0.9463990269399944,3.5087741595251076,0.11189818382263184
1994-03-01,5.53125,5.53125,5.46875,5.5,3.2823452949523926,-1.4183721928448236,-0.5649540416893029,-0.01864910125732422
1994-03-02,5.5,5.5,5.4375,5.4375,3.2450475692749023,-1.3653101209383636,-1.1363132859558367,-0.037297725677490234
1994-03-03,5.375,5.59375,5.375,5.5,3.2823452949523926,-1.102792502032719,1.1493737728419218,0.037297725677490234
1994-03-04,5.53125,5.5625,5.53125,5.5625,3.3196444511413574,-1.3681028615650195,1.1363568679481517,0.037299156188964844
1994-03-07,5.5625,5.59375,5.5625,5.5625,3.3196444511413574,-1.3792738240716427,0.0,0.0
1994-03-08,5.5625,5.59375,5.5625,5.59375,3.3382933139801025,-1.4099939709648563,0.5617728980684467,0.018648862838745117
1994-03-09,5.59375,5.59375,5.5625,5.5625,3.3196444511413574,-1.4546778209913491,-0.5586346400613618,-0.018648862838745117
1994-03-10,5.5625,5.5625,5.5625,5.5625,3.3196444511413574,-1.3904447865782659,0.0,0.0
1994-03-11,5.6875,5.6875,5.59375,5.59375,3.3382933139801025,-1.1502690926858674,0.5617728980684467,0.018648862838745117
1994-03-14,5.59375,5.65625,5.59375,5.625,3.3569436073303223,-0.8011765143538931,0.5586774916426895,0.018650293350219727
1994-03-15,5.59375,5.625,5.59375,5.625,3.3569436073303223,-1.44071411785807,0.0,0.0
1994-03-16,5.59375,5.59375,5.5625,5.59375,3.3382933139801025,-1.3038698271519362,-0.5555736268400335,-0.018650293350219727
1994-03-17,5.5625,5.65625,5.5625,5.625,3.3569436073303223,0.13997707682910954,0.5586774916426895,0.018650293350219727
1994-03-18,5.625,5.6875,5.625,5.6875,3.3942439556121826,-0.22307920463614372,1.1111401514285246,0.03730034828186035
1994-03-21,5.625,5.65625,5.625,5.65625,3.375593900680542,-0.8654095487669764,-0.5494612401328425,-0.018650054931640625
1994-03-22,5.625,5.625,5.625,5.625,3.3569436073303223,-1.3429681959251172,-0.5525040599954734,-0.018650293350219727
1994-03-23,5.625,5.65625,5.625,5.65625,3.375593900680542,-0.6224411142479224,0.5555736268400446,0.018650293350219727
1994-03-24,5.625,5.65625,5.625,5.625,3.3569436073303223,-0.8235184393671395,-0.5525040599954734,-0.018650293350219727
1994-03-25,5.625,5.625,5.625,5.625,3.3569436073303223,-1.4630560428713164,0.0,0.0
1994-03-28,5.625,5.65625,5.625,5.625,3.3569436073303223,-1.2536004958721318,0.0,0.0
1994-03-29,5.65625,5.65625,5.59375,5.59375,3.3382933139801025,-0.21749372338283215,-0.5555736268400335,-0.018650293350219727
1994-03-30,5.53125,5.5625,5.375,5.375,3.207747220993042,-1.1502690926858674,-3.9105638932432796,-0.13054609298706055
1994-03-31,5.40625,5.40625,5.3125,5.34375,3.189096212387085,-1.2591859771254434,-0.5814363576997494,-0.01865100860595703
1994-04-04,5.3125,5.5,5.3125,5.5,3.2823452949523926,-1.2703569396320666,2.9239971564078093,0.09324908256530762
1994-04-05,5.4375,5.65625,5.4375,5.625,3.3569436073303223,-0.7453217018207773,2.2727137358963256,0.07459831237792969
1994-04-06,5.65625,5.65625,5.625,5.625,3.3569436073303223,1.153741924305163,0.0,0.0
1994-04-07,5.59375,5.65625,5.5625,5.65625,3.375593900680542,-1.2340513114855414,0.5555736268400446,0.018650293350219727
1994-04-08,5.65625,5.65625,5.59375,5.625,3.3569436073303223,-0.9966683582197988,-0.5525040599954734,-0.018650293350219727
1994-04-11,5.59375,5.59375,5.59375,5.59375,3.3382933139801025,-1.4574705616180048,-0.5555736268400335,-0.018650293350219727
1994-04-12,5.59375,5.625,5.5625,5.5625,3.3196444511413574,-1.1726110176991138,-0.5586346400613618,-0.018648862838745117
1994-04-13,5.53125,5.53125,5.53125,5.53125,3.300994396209717,-1.4546778209913491,-0.5618088083267025,-0.018650054931640625
1994-04-14,5.5,5.5,5.4375,5.46875,3.2636959552764893,-1.2731496802587223,-1.1299153060076228,-0.03729844093322754
1994-04-15,5.5,5.5,5.46875,5.46875,3.2636959552764893,-1.4267504147247911,0.0,0.0
1994-04-18,5.46875,5.5,5.40625,5.4375,3.2450475692749023,-1.3290044927918383,-0.5713885808338759,-0.018648386001586914
1994-04-19,5.46875,5.46875,5.46875,5.46875,3.2636959552764893,-1.4742270053779396,0.5746721921168652,0.018648386001586914
1994-04-20,5.4375,5.4375,5.4375,5.4375,3.2450475692749023,-1.4742270053779396,-0.5713885808338759,-0.018648386001586914
1994-04-21,5.46875,5.5,5.46875,5.5,3.2823452949523926,-1.0581086520062262,1.1493737728419218,0.037297725677490234
1994-04-22,5.46875,5.46875,5.40625,5.40625,3.226396322250366,-1.359724639685052,-1.70454256558763,-0.05594897270202637
1994-04-25,5.46875,5.59375,5.46875,5.59375,3.3382933139801025,-1.33458997404515,3.468172553943716,0.11189699172973633
1994-04-26,5.625,5.65625,5.625,5.65625,3.375593900680542,-1.443506858484726,1.117354983285379,0.03730058670043945
1994-04-28,5.59375,5.625,5.5625,5.625,3.3569436073303223,-1.2284658302322298,-0.5525040599954734,-0.018650293350219727
1994-04-29,5.65625,5.6875,5.59375,5.59375,3.3382933139801025,-1.3988230084582332,-0.5555736268400335,-0.018650293350219727
1994-05-02,5.53125,5.65625,5.53125,5.65625,3.375593900680542,-1.3960302678315775,1.117354983285379,0.03730058670043945
1994-05-03,5.6875,5.71875,5.5625,5.5625,3.3196444511413574,-1.3653101209383636,-1.657469801918554,-0.05594944953918457
1994-05-04,5.5,5.5625,5.5,5.53125,3.336988925933838,-1.4574705616180048,0.5224798934873043,0.01734447479248047
1994-05-05,5.5625,5.59375,5.5,5.59375,3.37469482421875,1.0671669648788333,1.1299377709010683,0.03770589828491211
1994-05-06,5.5625,5.6875,5.5625,5.6875,3.431255578994751,-1.2424295333655087,1.676025765947431,0.05656075477600098
1994-05-09,5.625,5.8125,5.59375,5.8125,3.506666898727417,-1.331797233418494,2.19777623661479,0.07541131973266602
1994-05-10,5.875,6.09375,5.875,6.03125,3.6386399269104,-1.130719908299277,3.763489147796628,0.13197302818298295
1994-05-11,6.0625,6.125,6.0,6.03125,3.6386399269104,-1.1977456833390159,0.0,0.0
1994-05-12,6.0,6.0,5.96875,5.96875,3.6009323596954346,-1.4546778209913491,-1.0363093895631281,-0.037707567214965376
1994-05-13,6.0,6.0,5.6875,5.6875,3.431255578994751,-1.264771458378755,-4.712023547008104,-0.1696767807006836
1994-05-16,5.71875,5.71875,5.71875,5.71875,3.4501068592071533,-1.4658487834979723,0.5493988943232608,0.018851280212402344
1994-05-17,5.71875,5.71875,5.71875,5.71875,3.4501068592071533,-1.4462995991113816,0.0,0.0
1994-05-18,5.75,5.84375,5.75,5.75,3.468961238861084,-1.3094553084052478,0.5464868313749482,0.018854379653930664
1994-05-19,5.78125,5.78125,5.75,5.78125,3.4878146648406982,-1.4490923397380375,0.543489093173144,0.018853425979614258
1994-05-20,5.84375,5.90625,5.78125,5.84375,3.525521278381348,-1.3485536771784288,1.0810956763487312,0.03770661354064986
1994-05-23,5.875,5.875,5.84375,5.84375,3.525521278381348,-1.4658487834979723,0.0,0.0
1994-05-24,5.8125,5.9375,5.8125,5.875,3.544372081756592,-1.33458997404515,0.5346954928576952,0.018850803375243697
1994-05-25,5.875,6.0,5.875,6.0,3.619783878326416,-1.4211649334714795,2.1276489835246215,0.07541179656982422
1994-05-26,6.0625,6.0625,5.96875,6.03125,3.6386399269104,0.7599654959466959,0.5209164198140437,0.01885604858398393
1994-05-27,6.03125,6.125,6.0,6.09375,3.67634391784668,-0.9296425831800597,1.0362111034244226,0.037703990936280185
1994-05-31,6.09375,6.09375,6.09375,6.09375,3.67634391784668,-1.4770197460045953,0.0,0.0
1994-06-01,6.03125,6.21875,6.03125,6.21875,3.7517571449279785,-1.3094553084052478,2.051310453170818,0.07541322708129838
1994-06-02,6.21875,6.34375,6.1875,6.34375,3.8271689414978023,-0.36271623596893343,2.010039393721774,0.07541179656982377
1994-06-03,6.34375,6.40625,6.34375,6.40625,3.864875316619873,-0.6224411142479224,0.9852289172088025,0.03770637512207076
1994-06-06,6.40625,6.40625,6.34375,6.375,3.846020460128784,-1.4295431553514468,-0.4878516108917763,-0.018854856491088867
1994-06-07,6.34375,6.34375,6.125,6.125,3.695197105407715,-1.0581086520062262,-3.9215432233040914,-0.15082335472106934
1994-06-08,6.15625,6.15625,6.09375,6.09375,3.67634391784668,-1.4044084897115447,-0.510207900234716,-0.018853187561034712
1994-06-09,6.125,6.15625,6.125,6.15625,3.7140495777130127,-1.1474763520592117,1.0256292857502292,0.037705659866332564
1994-06-10,6.125,6.15625,6.125,6.15625,3.7140495777130127,-1.4630560428713164,0.0,0.0
1994-06-13,6.125,6.21875,6.125,6.21875,3.7517571449279785,-1.3932375272049216,1.0152682786260803,0.03770756721496582
1994-06-14,6.125,6.125,6.0625,6.0625,3.657491683959961,-1.046937689499603,-2.5125683067054427,-0.09426546096801758
1994-06-15,6.03125,6.03125,6.03125,6.03125,3.6386399269104,-1.44071411785807,-0.5154285690446292,-0.01885175704956099
1994-06-16,6.0625,6.15625,6.0625,6.15625,3.7140495777130127,-1.3541391584317404,2.0724680737135737,0.07540965080261275
1994-06-17,6.21875,6.21875,6.15625,6.15625,3.7140495777130127,-1.320626270911871,0.0,0.0
1994-06-20,6.15625,6.15625,6.0,6.0,3.619783878326416,-1.373688342818331,-2.538084035072097,-0.09426569938659668
1994-06-21,6.03125,6.03125,5.875,5.875,3.544372081756592,-1.3820665646982984,-2.0833231790813533,-0.07541179656982422
1994-06-22,5.9375,6.0625,5.9375,6.03125,3.6386399269104,-1.0273885051130125,2.6596486762498373,0.09426784515380815
1994-06-23,6.0,6.0,5.9375,5.9375,3.5820789337158203,-1.44071411785807,-1.5544542557308194,-0.056560993194579634
1994-06-24,5.9375,5.9375,5.8125,5.8125,3.506666898727417,-1.38765204595161,-2.1052588841244724,-0.07541203498840332
1994-06-27,5.8125,5.8125,5.8125,5.8125,3.506666898727417,-1.4658487834979723,0.0,0.0
1994-06-28,5.78125,5.78125,5.6875,5.6875,3.431255578994751,-1.1670255364458022,-2.1505127778185362,-0.07541131973266602
1994-06-29,5.6875,5.6875,5.65625,5.65625,3.4124016761779785,-1.4211649334714795,-0.5494753271132358,-0.01885390281677246
1994-06-30,5.6875,5.75,5.65625,5.6875,3.431255578994751,-0.9882901363398314,0.5525112400568633,0.01885390281677246
1994-07-01,5.71875,5.71875,5.6875,5.71875,3.4501068592071533,-1.4546778209913491,0.5493988943232608,0.018851280212402344
1994-07-05,5.71875,5.84375,5.71875,5.78125,3.4878146648406982,-1.3932375272049216,1.092946020872243,0.03770780563354492
1994-07-06,5.78125,5.78125,5.78125,5.78125,3.4878146648406982,-1.38765204595161,0.0,0.0
1994-07-07,5.75,5.84375,5.75,5.8125,3.506666898727417,-1.2480150146188203,0.5405170772621926,0.01885223388671875
1994-07-08,5.84375,5.96875,5.84375,5.875,3.544372081756592,-1.3653101209383636,1.07524279089235,0.037705183029174805
1994-07-11,5.90625,5.90625,5.84375,5.84375,3.525521278381348,-1.4183721928448236,-0.5318517057583128,-0.018850803375243697
1994-07-12,5.8125,5.9375,5.8125,5.875,3.544372081756592,-1.2480150146188203,0.5346954928576952,0.018850803375243697
1994-07-13,5.875,5.875,5.84375,5.875,3.544372081756592,-1.4099939709648563,0.0,0.0
1994-07-14,5.84375,5.875,5.84375,5.875,3.544372081756592,-1.4211649334714795,0.0,0.0
1994-07-15,5.875,5.90625,5.84375,5.84375,3.525521278381348,-1.2591859771254434,-0.5318517057583128,-0.018850803375243697
1994-07-18,5.84375,5.9375,5.84375,5.875,3.544372081756592,-1.3764810834449868,0.5346954928576952,0.018850803375243697
1994-07-19,6.0,6.0625,5.96875,6.0625,3.657491683959961,-1.2899061240186571,3.1915272887294233,0.11311960220336914
1994-07-20,6.09375,6.09375,6.09375,6.09375,3.67634391784668,-1.471434264751284,0.5154416063171352,0.018852233886719194
1994-07-21,6.125,6.1875,6.125,6.15625,3.7140495777130127,-1.3708956021916752,1.0256292857502292,0.037705659866332564
1994-07-22,6.15625,6.15625,6.09375,6.09375,3.67634391784668,-1.3094553084052478,-1.0152169236671948,-0.037705659866332564
1994-07-25,6.09375,6.1875,6.09375,6.15625,3.7140495777130127,-1.3764810834449868,1.0256292857502292,0.037705659866332564
1994-07-26,6.15625,6.15625,6.09375,6.09375,3.67634391784668,-1.4351286366047584,-1.0152169236671948,-0.037705659866332564
1994-07-27,6.09375,6.09375,6.09375,6.09375,3.67634391784668,-1.2619787177520991,0.0,0.0
1994-07-28,6.15625,6.1875,6.125,6.125,3.695197105407715,-1.3653101209383636,0.5128243706882918,0.018853187561034712
1994-07-29,6.15625,6.15625,6.09375,6.09375,3.67634391784668,-1.3262117521651826,-0.510207900234716,-0.018853187561034712
1994-08-01,6.09375,6.125,6.0625,6.09375,3.67634391784668,-1.3290044927918383,0.0,0.0
1994-08-02,6.0625,6.0625,6.0625,6.0625,3.693860054016113,-1.2480150146188203,0.4764553197648791,0.017516136169432706
1994-08-03,6.0625,6.0625,6.03125,6.03125,3.6748204231262207,-1.4323358959781027,-0.5154399628429784,-0.019039630889892134
1994-08-04,6.03125,6.0625,6.03125,6.03125,3.6748204231262207,-1.3820665646982984,0.0,0.0
1994-08-05,6.03125,6.03125,6.0,6.0,3.6557812690734863,-1.4211649334714795,-0.5180975356759765,-0.019039154052734375
1994-08-08,6.03125,6.03125,5.96875,5.96875,3.636739730834961,-1.345760936551773,-0.5208609825650523,-0.01904153823852539
1994-08-09,5.9375,5.9375,5.9375,5.9375,3.617698431015015,-1.4462995991113816,-0.5235815931093346,-0.019041299819945845
1994-08-10,5.9375,6.0,5.9375,6.0,3.6557812690734863,-1.292698864645313,1.0526813880334052,0.038082838058471236
1994-08-11,5.9375,5.9375,5.9375,5.9375,3.617698431015015,-1.44071411785807,-1.0417154434439913,-0.038082838058471236
1994-08-12,5.9375,5.9375,5.90625,5.90625,3.598658800125122,-1.4574705616180048,-0.5262912664765973,-0.019039630889893022
1994-08-15,5.875,5.875,5.84375,5.84375,3.560576200485229,-1.3960302678315775,-1.0582442447327534,-0.03808259963989302
1994-08-16,5.78125,5.78125,5.71875,5.71875,3.4844167232513428,-1.3429681959251172,-2.1389649580735637,-0.07615947723388627
1994-08-17,5.6875,5.6875,5.625,5.65625,3.446333646774292,-1.2033311645923275,-1.0929541298239198,-0.03808307647705078
1994-08-18,5.625,5.65625,5.59375,5.625,3.4272947311401367,-1.208916645845639,-0.5524397108787049,-0.019038915634155273
1994-08-19,5.65625,5.65625,5.59375,5.59375,3.408252477645874,-1.3988230084582332,-0.5556059512841549,-0.019042253494262695
1994-08-22,5.625,5.625,5.5625,5.5625,3.3892135620117188,-1.4239576740981352,-0.5586122436359475,-0.019038915634155273
1994-08-23,5.5625,5.625,5.5625,5.625,3.4272947311401367,-1.4546778209913491,1.1235989834117888,0.03808116912841797
1994-08-24,5.625,5.625,5.59375,5.59375,3.408252477645874,-1.4379213772314143,-0.5556059512841549,-0.019042253494262695
1994-08-25,5.53125,5.59375,5.53125,5.5625,3.3892135620117188,-1.4462995991113816,-0.5586122436359475,-0.019038915634155273
1994-08-26,5.5625,5.625,5.5625,5.625,3.4272947311401367,-1.4602633022446607,1.1235989834117888,0.03808116912841797
1994-08-29,5.5625,5.75,5.5625,5.75,3.5034549236297607,-1.2508077552454762,2.222166415909266,0.07616019248962402
1994-08-30,5.75,5.8125,5.71875,5.8125,3.541537284851074,-0.8067619956072047,1.0869944683592037,0.03808236122131348
1994-08-31,5.8125,5.875,5.8125,5.875,3.579619169235229,-0.15884617022306047,1.0752924880121917,0.03808188438415483
1994-09-01,5.875,5.875,5.8125,5.875,3.579619169235229,-1.4072012303382004,0.0,0.0
1994-09-02,5.875,5.9375,5.875,5.9375,3.617698431015015,-1.3988230084582332,1.0637796921822096,0.038079261779786044
1994-09-06,6.09375,6.09375,6.03125,6.03125,3.6748204231262207,-1.3262117521651826,1.5789594738326196,0.05712199211120561
1994-09-07,6.0,6.09375,6.0,6.09375,3.712903022766113,-1.3569318990583963,1.036311853505345,0.038082599639892134
1994-09-08,6.0625,6.09375,6.0625,6.0625,3.693860054016113,-1.2508077552454762,-0.5128862411228008,-0.01904296875
1994-09-09,6.0625,6.0625,6.0625,6.0625,3.693860054016113,-1.4770197460045953,0.0,0.0
1994-09-12,6.03125,6.03125,5.96875,5.96875,3.636739730834961,-1.3792738240716427,-1.546358615266119,-0.0571203231811519
1994-09-13,5.90625,5.90625,5.75,5.75,3.5034549236297607,-0.9966683582197988,-3.664953146773564,-0.1332848072052002
1994-09-14,5.8125,5.875,5.8125,5.84375,3.560576200485229,-1.2563932364987875,1.6304270527416342,0.057121276855468306
1994-09-15,6.03125,6.25,6.03125,6.125,3.731943368911743,-0.8402748831270743,4.812905518021515,0.17136716842651412
1994-09-16,6.3125,6.3125,6.1875,6.3125,3.8461859226226807,-0.681088667407694,3.061208127181514,0.1142425537109375
1994-09-19,6.375,6.40625,6.3125,6.34375,3.865225076675415,-0.79000555184727,0.49501387701382793,0.019039154052734375
1994-09-20,6.3125,6.3125,6.3125,6.3125,3.8461859226226807,-1.4490923397380375,-0.4925755596388304,-0.019039154052734375
1994-09-21,6.28125,6.28125,6.28125,6.28125,3.827143907546997,-1.2284658302322298,-0.49508826299012876,-0.019042015075683594
1994-09-22,6.28125,6.34375,6.28125,6.28125,3.827143907546997,-1.2508077552454762,0.0,0.0
1994-09-23,6.28125,6.3125,6.25,6.25,3.80810546875,-1.3569318990583963,-0.49745813737115396,-0.01903843879699707
1994-09-26,6.25,6.28125,6.21875,6.28125,3.827143907546997,-1.4016157490848888,0.499945155228243,0.01903843879699707
1994-09-27,6.28125,6.28125,6.21875,6.25,3.80810546875,-1.3429681959251172,-0.49745813737115396,-0.01903843879699707
1994-09-28,6.25,6.46875,6.25,6.4375,3.9223477840423584,-0.9603627300732734,2.9999777114854576,0.1142423152923584
1994-09-30,6.71875,6.75,6.65625,6.75,4.112752914428711,3.6392810820288197,4.854366335412563,0.19040513038635254
1994-10-03,6.75,6.8125,6.71875,6.75,4.112752914428711,0.14556255808242113,0.0,0.0
1994-10-04,6.78125,6.78125,6.6875,6.6875,4.074673652648926,2.206605140554397,-0.9258825553607242,-0.038079261779785156
1994-10-05,6.6875,6.6875,6.65625,6.65625,4.055630683898926,1.7737303434227492,-0.46734954436462584,-0.01904296875
1994-10-06,6.6875,6.71875,6.65625,6.71875,4.093714237213135,-0.5693790423414622,0.9390291247524774,0.038083553314208984
1994-10-07,6.78125,6.78125,6.75,6.78125,4.13179349899292,-0.8542385862603532,0.9301885665011111,0.038079261779785156
1994-10-10,6.78125,6.78125,6.78125,6.78125,4.13179349899292,-1.2284658302322298,0.0,0.0
1994-10-11,6.78125,6.84375,6.78125,6.8125,4.150834083557129,-1.0999997614060633,0.46083098220783825,0.019040584564208984
1994-10-12,6.9375,6.9375,6.8125,6.875,4.188917636871338,0.3717745488415405,0.9174915823562113,0.038083553314208984
1994-10-13,6.84375,6.875,6.84375,6.84375,4.16987419128418,-0.5777572642214296,-0.4546149444318415,-0.019043445587158203
1994-10-14,6.84375,6.84375,6.8125,6.84375,4.16987419128418,-0.9547772488199618,0.0,0.0
1994-10-17,6.84375,6.84375,6.75,6.75,4.112752914428711,-0.4911823047951,-1.3698561211957672,-0.05712127685546875
1994-10-18,6.78125,6.78125,6.75,6.78125,4.13179349899292,-1.1251344270459653,0.4629644659033483,0.019040584564208984
1994-10-19,6.78125,6.8125,6.75,6.75,4.112752914428711,-0.5833427454747412,-0.46083098220784935,-0.019040584564208984
1994-10-20,6.75,6.78125,6.75,6.75,4.112752914428711,-0.5610008204614948,0.0,0.0
1994-10-21,6.75,6.78125,6.75,6.75,4.112752914428711,-1.155854573939179,0.0,0.0
1994-10-24,6.78125,6.8125,6.75,6.78125,4.13179349899292,-1.08882879889944,0.4629644659033483,0.019040584564208984
1994-10-25,6.75,6.78125,6.75,6.75,4.112752914428711,-0.7285652580608425,-0.46083098220784935,-0.019040584564208984
1994-10-26,6.8125,6.875,6.78125,6.84375,4.16987419128418,-1.1614400551924906,1.3888818035985295,0.05712127685546875
1994-10-27,6.8125,6.84375,6.75,6.75,4.112752914428711,-0.9212643613000924,-1.3698561211957672,-0.05712127685546875
1994-10-28,6.78125,6.875,6.78125,6.875,4.188917636871338,-0.6196483736212666,1.8519158341708142,0.07616472244262695
1994-10-31,6.84375,6.84375,6.78125,6.8125,4.150834083557129,-0.5386588954482485,-0.9091502057474998,-0.038083553314208984
1994-11-01,6.8125,6.96875,6.8125,6.875,4.188917636871338,0.12042789244251897,0.9174915823562113,0.038083553314208984
1994-11-02,6.84375,6.84375,6.78125,6.78125,4.1681718826293945,-0.21749372338283215,-0.49525333368545255,-0.02074575424194336
1994-11-03,6.8125,6.8125,6.78125,6.78125,4.1681718826293945,-0.9296425831800597,0.0,0.0
1994-11-04,6.8125,6.90625,6.8125,6.90625,4.245001792907715,0.6398776490004967,1.8432519685309678,0.07682991027832031
1994-11-07,6.9375,6.9375,6.875,6.875,4.225796222686768,-1.1698182770724581,-0.45242784709854655,-0.019205570220947266
1994-11-08,6.875,6.9375,6.875,6.90625,4.245001792907715,-1.0804505770194726,0.4544840595445576,0.019205570220947266
1994-11-09,6.96875,7.03125,6.9375,6.96875,4.283417224884033,-0.8598240675136648,0.9049567903716804,0.03841543197631836
1994-11-10,7.0,7.125,6.9375,6.9375,4.264210224151611,-0.39622912348880296,-0.448403686216714,-0.019207000732421875
1994-11-11,6.90625,6.90625,6.84375,6.90625,4.245001792907715,0.0031327861229756117,-0.45045694827857696,-0.019208431243896484
1994-11-14,6.875,6.9375,6.84375,6.875,4.225796222686768,0.500240617667707,-0.45242784709854655,-0.019205570220947266
1994-11-15,6.875,6.90625,6.84375,6.90625,4.245001792907715,-0.26776305466263645,0.4544840595445576,0.019205570220947266
1994-11-16,6.875,6.90625,6.84375,6.84375,4.206586837768555,-0.5637935610881506,-0.9049455574633991,-0.038414955139160156
1994-11-17,6.875,7.125,6.875,7.0,4.3026299476623535,-0.477218601661821,2.2831600439454203,0.09604310989379883
1994-11-18,6.96875,6.96875,6.90625,6.90625,4.245001792907715,-1.3708956021916752,-1.339370465404499,-0.05762815475463867
1994-11-21,6.9375,6.9375,6.875,6.875,4.225796222686768,-0.898922436286846,-0.45242784709854655,-0.019205570220947266
1994-11-22,6.875,6.90625,6.84375,6.84375,4.206586837768555,-1.005046580099766,-0.4545743312250772,-0.01920938491821289
1994-11-23,6.8125,6.8125,6.6875,6.75,4.148962497711182,-0.4520839360219189,-1.3698597528047363,-0.05762434005737305
1994-11-25,6.78125,6.78125,6.75,6.75,4.148962497711182,-0.8654095487669764,0.0,0.0
1994-11-28,6.71875,6.71875,6.53125,6.53125,4.014503479003906,-0.5107314891816905,-3.2407865528177537,-0.1344590187072754
1994-11-29,6.53125,6.53125,6.3125,6.40625,3.937673330307007,0.2544794425219971,-1.9138144754071273,-0.07683014869689941
1994-11-30,6.40625,6.4375,6.375,6.4375,3.956880807876587,-0.8737877706469438,0.4877874815502503,0.019207477569580078
1994-12-01,6.4375,6.46875,6.4375,6.4375,3.956880807876587,-1.1977456833390159,0.0,0.0
1994-12-02,6.375,6.46875,6.375,6.40625,3.937673330307007,-1.2815279021386898,-0.4854196651904563,-0.019207477569580078
1994-12-05,6.5625,6.625,6.5625,6.625,4.072131156921387,-0.9352280644333713,3.4146516314469633,0.13445782661437988
1994-12-06,6.625,6.625,6.5,6.53125,4.014503479003906,-0.4744258610351652,-1.41517244157352,-0.05762767791748047
1994-12-07,6.5,6.5,6.34375,6.375,3.918465375900269,-0.4409129735152957,-2.3922784873876,-0.09603810310363725
1994-12-08,6.34375,6.375,6.28125,6.28125,3.8608381748199454,-0.8877514737802228,-1.4706574016130958,-0.0576272010803236
1994-12-09,6.28125,6.28125,6.21875,6.28125,3.8608381748199454,-0.8039692549805489,0.0,0.0
1994-12-12,6.28125,6.3125,6.21875,6.25,3.841631174087525,-0.695052370540973,-0.49748266730491597,-0.019207000732420543
1994-12-13,6.25,6.3125,6.25,6.3125,3.880047559738159,-0.8821659925269112,1.0000019239160496,0.03841638565063432
1994-12-14,6.34375,6.53125,6.34375,6.5,3.9952969551086426,-1.2033311645923275,2.970308832458257,0.1152493953704834
1994-12-15,6.5,6.59375,6.5,6.53125,4.014503479003906,-0.9687409519532408,0.4807283190979117,0.019206523895263672
1994-12-16,6.59375,6.6875,6.5625,6.65625,4.091334819793701,-1.2619787177520991,1.9138441700605746,0.07683134078979492
1994-12-19,6.65625,6.71875,6.625,6.71875,4.129754543304443,-0.20353002024955316,0.9390510726442924,0.03841972351074219
1994-12-20,6.71875,6.78125,6.6875,6.78125,4.1681718826293945,-1.1781964989524254,0.930257208318519,0.03841733932495117
1994-12-21,6.8125,6.9375,6.78125,6.90625,4.245001792907715,-0.9575699894466176,1.8432519685309678,0.07682991027832031
1994-12-22,6.96875,7.25,6.96875,7.125,4.379461288452148,-0.9436062863133386,3.167477944746233,0.1344594955444336
1994-12-23,7.15625,7.21875,7.09375,7.21875,4.437082767486572,-1.0525231707529146,1.315720707164636,0.05762147903442383
1994-12-27,7.1875,7.1875,7.125,7.125,4.379461288452148,-1.021803023859701,-1.2986343066812789,-0.05762147903442383
1994-12-28,7.15625,7.1875,7.09375,7.15625,4.398667335510254,-0.7927982924739257,0.43854816364625737,0.01920604705810547
1994-12-29,7.15625,7.21875,7.09375,7.09375,4.360251426696777,-1.3653101209383636,-0.8733533564438178,-0.03841590881347656
1994-12-30,7.125,7.21875,7.09375,7.1875,4.417878150939941,-1.0525231707529146,1.3216376443415445,0.05762672424316406
1995-01-03,7.125,7.15625,7.0,7.0,4.3026299476623535,-1.264771458378755,-2.6086777258233718,-0.11524820327758789
1995-01-04,7.0,7.0,6.875,6.875,4.225796222686768,-1.2954916052719687,-1.7857386275417442,-0.07683372497558594
1995-01-05,6.8125,6.90625,6.75,6.75,4.148962497711182,-0.8402748831270743,-1.818207053219778,-0.07683372497558594
1995-01-06,6.75,6.875,6.75,6.8125,4.187379837036133,-0.9212643613000924,0.9259505080160269,0.03841733932495117
1995-01-09,6.78125,6.78125,6.5,6.5,3.9952969551086426,-1.0804505770194726,-4.587185528969073,-0.19208288192749023
1995-01-10,6.5,6.625,6.5,6.5,3.9952969551086426,-0.7592854049540563,0.0,0.0
1995-01-11,6.53125,6.53125,6.4375,6.46875,3.9760897159576416,-1.2871133833920014,-0.4807462215403402,-0.019207239151000977
1995-01-12,6.5,6.5,6.4375,6.46875,3.9760897159576416,-0.8291039206204511,0.0,0.0
1995-01-13,6.40625,6.46875,6.34375,6.46875,3.9760897159576416,-0.628026595501234,0.0,0.0
1995-01-16,6.46875,6.5,6.46875,6.5,3.9952969551086426,-1.158647314565835,0.4830685553677272,0.019207239151000977
1995-01-17,6.53125,6.6875,6.53125,6.6875,4.110545635223389,-0.4576694172752305,2.88460861381985,0.1152486801147461
1995-01-18,6.6875,6.6875,6.625,6.625,4.072131156921387,-1.3038698271519362,-0.9345347725330466,-0.03841447830200195
1995-01-19,6.625,6.65625,6.5625,6.5625,4.0337114334106445,-0.04992928578348448,-0.9434795204334323,-0.03841972351074219
1995-01-20,6.5625,6.625,6.5625,6.59375,4.052922248840332,-0.9240571019267481,0.476256562890609,0.0192108154296875
1995-01-23,6.625,6.65625,6.625,6.625,4.072131156921387,-1.3708956021916752,0.4739520499449812,0.019208908081054688
1995-01-24,6.625,6.625,6.59375,6.625,4.072131156921387,-1.3681028615650195,0.0,0.0
1995-01-25,6.59375,6.625,6.53125,6.53125,4.014503479003906,-1.3820665646982984,-1.41517244157352,-0.05762767791748047
1995-01-26,6.5625,6.6875,6.5625,6.6875,4.110545635223389,-1.2480150146188203,2.3923794492093142,0.09604215621948242
1995-01-27,6.71875,6.71875,6.59375,6.6875,4.110545635223389,-1.239636792738853,0.0,0.0
1995-01-30,6.65625,6.6875,6.5625,6.5625,4.0337114334106445,-1.4016157490848888,-1.8691971487763026,-0.07683420181274414
1995-01-31,6.5625,6.625,6.4375,6.4375,3.956880807876587,-0.9743264332065524,-1.9047129870937374,-0.07683062553405762
1995-02-01,6.4375,6.46875,6.375,6.375,3.918465375900269,0.2125883331221602,-0.9708513812154207,-0.038415431976317915
1995-02-02,6.375,6.375,6.15625,6.15625,3.819959402084351,-0.695052370540973,-2.51389164803546,-0.09850597381591797
1995-02-03,6.21875,6.46875,6.21875,6.4375,3.9944756031036377,0.6035720208539714,4.568535490823855,0.17451620101928667
1995-02-06,6.5,6.6875,6.5,6.59375,4.091428279876709,-1.320626270911871,2.4271690806608293,0.09695267677307129
1995-02-07,6.625,6.6875,6.625,6.6875,4.149600982666016,-1.3904447865782659,1.4218189544082493,0.05817270278930664
1995-02-08,6.75,6.75,6.6875,6.6875,4.149600982666016,-1.1642327958191465,0.0,0.0
1995-02-09,6.75,6.8125,6.6875,6.6875,4.149600982666016,-0.5693790423414622,0.0,0.0
1995-02-10,6.6875,6.6875,6.625,6.65625,4.130207538604736,-1.0301812457396684,-0.4673568408695372,-0.019393444061279297
1995-02-13,6.625,6.65625,6.625,6.625,4.110819816589356,-1.415579452218168,-0.469412779725098,-0.01938772201537997
1995-02-14,6.65625,6.6875,6.625,6.65625,4.130207538604736,-1.1698182770724581,0.47162665551869765,0.01938772201537997
1995-02-15,6.71875,6.875,6.625,6.875,4.265944957733154,-0.6782959267810382,3.2864551686492938,0.13573741912841797
1995-02-16,6.875,6.875,6.71875,6.71875,4.168992519378662,-1.264771458378755,-2.2727072035643614,-0.09695243835449219
1995-02-17,6.78125,6.9375,6.78125,6.90625,4.285333156585693,-0.4911823047951,2.790617557269459,0.11634063720703125
1995-02-21,6.90625,6.9375,6.84375,6.84375,4.246553897857666,-1.130719908299277,-0.9049298458494781,-0.038779258728027344
1995-02-22,6.875,6.90625,6.8125,6.84375,4.246553897857666,-1.2005384239656718,0.0,0.0
1995-02-23,6.875,6.875,6.84375,6.84375,4.246553897857666,-1.4351286366047584,0.0,0.0
1995-02-24,6.875,7.15625,6.875,7.125,4.421070575714111,0.7404163115601053,4.10960703794403,0.1745166778564453
1995-02-27,7.15625,7.28125,7.15625,7.25,4.498631477355957,-0.653161261141136,1.754346607084356,0.0775609016418457
1995-02-28,7.1875,7.1875,7.125,7.125,4.421070575714111,-0.7509071830740889,-1.724099918658628,-0.0775609016418457
1995-03-01,7.15625,7.15625,7.03125,7.03125,4.3628997802734375,-1.3290044927918383,-1.315762651702923,-0.05817079544067383
1995-03-02,7.0625,7.0625,6.90625,7.0,4.343509674072266,-0.0415510639035171,-0.44443162065842534,-0.019390106201171875
1995-03-03,6.96875,7.0,6.9375,6.9375,4.304723739624023,-1.1446836114325558,-0.8929630036227931,-0.03878593444824219
1995-03-06,6.90625,6.90625,6.6875,6.75,4.188382625579834,-0.8542385862603532,-2.702638335958596,-0.11634111404418945
1995-03-07,6.75,6.75,6.59375,6.59375,4.091428279876709,-1.211709386472295,-2.314839745323005,-0.096954345703125
1995-03-08,6.59375,6.71875,6.59375,6.6875,4.149600982666016,-0.7229797768075309,1.4218189544082493,0.05817270278930664
1995-03-09,6.6875,6.6875,6.65625,6.6875,4.149600982666016,-1.3513464178050847,0.0,0.0
1995-03-10,6.75,6.84375,6.71875,6.84375,4.246553897857666,-0.6838814080343498,2.336439469641749,0.09695291519165039
1995-03-13,6.84375,6.84375,6.8125,6.84375,4.246553897857666,-1.415579452218168,0.0,0.0
1995-03-14,6.84375,6.90625,6.84375,6.90625,4.285333156585693,-1.3764810834449868,0.9131936073528024,0.038779258728027344
1995-03-15,6.9375,7.0,6.9375,7.0,4.343509674072266,-1.3401754552984615,1.3575728038126122,0.058176517486572266
1995-03-16,7.0,7.0,6.9375,6.9375,4.304723739624023,-1.3625173803117079,-0.8929630036227931,-0.03878593444824219
1995-03-17,6.96875,6.96875,6.9375,6.96875,4.324113845825195,-0.6252338548745782,0.450437876481824,0.019390106201171875
1995-03-20,6.96875,7.0625,6.96875,7.0625,4.38228702545166,-0.1867735764896184,1.3453202598407321,0.058173179626464844
1995-03-21,7.09375,7.125,7.09375,7.125,4.421070575714111,-1.130719908299277,0.8850070759218287,0.03878355026245117
1995-03-22,7.15625,7.3125,7.125,7.3125,4.537413597106934,-1.0106320613530777,2.631557660081696,0.11634302139282227
1995-03-23,7.34375,7.34375,7.1875,7.25,4.498631477355957,-0.3208251265690965,-0.8547186391759443,-0.03878211975097656
1995-03-24,7.25,7.34375,7.25,7.25,4.498631477355957,-1.032973986366324,0.0,0.0
1995-03-27,7.25,7.25,7.1875,7.25,4.498631477355957,-1.208916645845639,0.0,0.0
1995-03-28,7.28125,7.3125,7.25,7.28125,4.51802396774292,-1.046937689499603,0.4310753277874779,0.01939249038696289
1995-03-29,7.21875,7.25,7.21875,7.21875,4.479239940643311,-0.9100933987934692,-0.8584289808224232,-0.03878402709960849
1995-03-30,7.1875,7.21875,7.15625,7.15625,4.440460681915283,-1.306662567778592,-0.865755334429763,-0.03877925872802823
1995-03-31,7.15625,7.1875,7.15625,7.15625,4.440460681915283,-1.032973986366324,0.0,0.0
1995-04-03,7.125,7.125,7.0,7.03125,4.3628997802734375,-1.1949529427123602,-1.7466859228757237,-0.0775609016418457
1995-04-04,7.0,7.0625,6.96875,7.0625,4.38228702545166,-1.08882879889944,0.4443660444798825,0.019387245178222656
1995-04-05,7.0,7.0625,7.0,7.0,4.343509674072266,-1.2536004958721318,-0.8848656227714358,-0.03877735137939453
1995-04-06,7.03125,7.03125,6.96875,6.96875,4.324113845825195,-1.4379213772314143,-0.44654737073224204,-0.019395828247070312
1995-04-07,7.03125,7.03125,6.96875,6.96875,4.324113845825195,-1.3625173803117079,0.0,0.0
1995-04-10,7.0,7.09375,6.96875,7.0625,4.38228702545166,-1.0245957644863568,1.3453202598407321,0.058173179626464844
1995-04-11,7.0625,7.21875,7.0625,7.21875,4.479239940643311,-1.2424295333655087,2.2123816771599802,0.09695291519165128
1995-04-12,7.28125,7.40625,7.15625,7.21875,4.479239940643311,-0.46325489852854207,0.0,0.0
1995-04-13,7.25,7.375,7.25,7.375,4.576196670532227,-0.938020805060027,2.1645799549418587,0.09695672988891513
1995-04-17,7.34375,7.4375,7.25,7.4375,4.614978313446045,-0.6755031861543824,0.8474645148786486,0.03878164291381836
1995-04-18,7.40625,7.5,7.40625,7.5,4.653756618499756,0.1511480393357327,0.8402705802696309,0.03877830505371094
1995-04-19,7.5,7.53125,7.46875,7.5,4.653756618499756,0.07015856116271467,0.0,0.0
1995-04-20,7.5,7.5,7.375,7.40625,4.595584869384766,-1.239636792738853,-1.2499955172503907,-0.058171749114990234
1995-04-21,7.4375,7.4375,7.375,7.40625,4.595584869384766,0.03943841426950094,0.0,0.0
1995-04-24,7.40625,7.40625,7.34375,7.34375,4.5568037033081055,-1.0804505770194726,-0.8438787919034074,-0.038781166076660156
1995-04-25,7.3125,7.3125,7.21875,7.25,4.498631477355957,-0.6084774111146434,-1.2766015334370717,-0.05817222595214844
1995-04-26,7.1875,7.46875,7.1875,7.4375,4.614978313446045,-0.7369434799408099,2.586271773443194,0.11634683609008789
1995-04-27,7.4375,7.53125,7.4375,7.53125,4.673147201538086,-0.7592854049540563,1.2604368675484867,0.058168888092041016
1995-04-28,7.5,7.5625,7.375,7.375,4.576196670532227,-1.2619787177520991,-2.074630368458108,-0.09695053100585938
1995-05-01,7.375,7.46875,7.375,7.46875,4.634367942810059,-0.7146015549275635,1.2711707224564384,0.05817127227783203
1995-05-02,7.46875,7.53125,7.4375,7.53125,4.673147201538086,-0.8514458456336974,0.8367755691084167,0.038779258728027344
1995-05-03,7.53125,7.53125,7.5,7.5,4.653756618499756,-0.024794620143582333,-0.4149362774608978,-0.019390583038330078
1995-05-04,7.53125,7.625,7.53125,7.625,4.769474983215332,-1.130719908299277,2.486558155094931,0.11571836471557617
1995-05-05,7.6875,7.6875,7.65625,7.6875,4.808571815490723,-1.1474763520592117,0.8197303144052537,0.039096832275390625
1995-05-08,7.625,7.625,7.59375,7.59375,4.749929428100586,-1.2284658302322298,-1.2195385582309815,-0.05864238739013672
1995-05-09,7.59375,7.65625,7.5625,7.5625,4.730383396148682,-0.6168556329946108,-0.4115015232914798,-0.019546031951904297
1995-05-10,7.5625,7.5625,7.5625,7.5625,4.730383396148682,-1.1698182770724581,0.0,0.0
1995-05-11,7.53125,7.53125,7.4375,7.46875,4.671741485595703,-1.1642327958191465,-1.239686208114188,-0.058641910552978516
1995-05-12,7.46875,7.59375,7.46875,7.59375,4.749929428100586,0.4024946957347542,1.6736358967198495,0.07818794250488281
1995-05-15,7.59375,7.59375,7.5625,7.5625,4.730383396148682,-1.345760936551773,-0.4115015232914798,-0.019546031951904297
1995-05-16,7.59375,7.59375,7.53125,7.59375,4.749929428100586,-1.306662567778592,0.4132018552199801,0.019546031951904297
1995-05-17,7.5625,7.59375,7.53125,7.53125,4.710834503173828,-0.8430676237537301,-0.8230632795399484,-0.03909492492675781
1995-05-18,7.5625,7.59375,7.5625,7.59375,4.749929428100586,-1.3625173803117079,0.8298938309214243,0.03909492492675781
1995-05-19,7.53125,7.5625,7.5,7.5625,4.730383396148682,-1.3681028615650195,-0.4115015232914798,-0.019546031951904297
1995-05-22,7.5625,7.625,7.5625,7.625,4.769474983215332,-1.1698182770724581,0.8263936301331931,0.03909158706665039
1995-05-23,7.59375,7.78125,7.59375,7.78125,4.867210865020752,-1.2591859771254434,2.0491958160881563,0.09773588180541992
1995-05-24,7.8125,8.0,7.75,7.78125,4.867210865020752,-0.8626168081403206,0.0,0.0
1995-05-25,7.75,7.75,7.625,7.65625,4.7890214920043945,-0.9715336925798966,-1.606451316467139,-0.07818937301635742
1995-05-26,7.65625,7.6875,7.65625,7.6875,4.808571815490723,-0.7062233330475961,0.40823211002432025,0.019550323486328125
1995-05-30,7.6875,7.6875,7.625,7.625,4.769474983215332,-1.3290044927918383,-0.8130653710825553,-0.039096832275390625
1995-05-31,7.65625,7.65625,7.625,7.625,4.769474983215332,-1.1139634645393421,0.0,0.0
1995-06-01,7.625,7.6875,7.625,7.65625,4.7890214920043945,-1.292698864645313,0.40982516645649003,0.0195465087890625
1995-06-02,7.6875,7.71875,7.65625,7.6875,4.808571815490723,-0.6084774111146434,0.40823211002432025,0.019550323486328125
1995-06-05,7.65625,7.6875,7.65625,7.65625,4.7890214920043945,-1.0720723551395053,-0.4065723511365138,-0.019550323486328125
1995-06-06,7.75,7.75,7.6875,7.75,4.847663879394531,-1.0245957644863568,1.2245171062198024,0.05864238739013672
1995-06-07,7.71875,7.75,7.65625,7.75,4.847663879394531,-0.2901049796758828,0.0,0.0
1995-06-08,7.75,7.96875,7.75,7.84375,4.90630578994751,0.44159306450793534,1.2096942364804075,0.058641910552978516
1995-06-09,7.90625,7.96875,7.84375,7.9375,4.964946746826172,-1.306662567778592,1.1952161033013997,0.05864095687866211
1995-06-12,7.96875,8.0,7.90625,7.90625,4.945398807525635,-0.5665863017148064,-0.39371901245532914,-0.01954793930053711
1995-06-13,7.9375,8.0,7.9375,8.0,5.004039287567139,-1.2982843458986246,1.1857583649728776,0.058640480041503906
1995-06-14,7.96875,7.96875,7.84375,7.875,4.925851821899414,-1.1698182770724581,-1.562487046454375,-0.07818746566772461
1995-06-15,7.84375,7.90625,7.84375,7.90625,4.945398807525635,-0.8821659925269112,0.39682447489219896,0.019546985626220703
1995-06-16,7.9375,7.9375,7.875,7.90625,4.945398807525635,-1.2480150146188203,0.0,0.0
1995-06-19,7.90625,7.90625,7.71875,7.71875,4.828117847442627,-0.558208079834839,-2.371516729945744,-0.11728096008300781
1995-06-20,7.6875,7.8125,7.6875,7.6875,4.808571815490723,-0.8291039206204511,-0.4048375074824917,-0.019546031951904297
1995-06-21,7.71875,7.875,7.71875,7.875,4.925851821899414,-0.7955910331005815,2.4389779524738753,0.1172800064086914
1995-06-22,7.875,7.9375,7.875,7.875,4.925851821899414,-1.208916645845639,0.0,0.0
1995-06-23,7.875,7.90625,7.84375,7.84375,4.90630578994751,-0.9408135456866829,-0.3968051142952844,-0.019546031951904297
1995-06-26,7.84375,7.875,7.84375,7.875,4.925851821899414,-1.373688342818331,0.39838593004031253,0.019546031951904297
1995-06-27,7.90625,8.03125,7.90625,8.03125,5.023588180541992,-1.180989239579081,1.9841514153564388,0.09773635864257812
1995-06-28,8.0,8.0,7.9375,7.96875,4.984493732452393,-1.3792738240716427,-0.778217614274701,-0.03909444808959961
1995-06-29,7.90625,7.96875,7.78125,7.9375,4.964946746826172,-0.4995605266750674,-0.3921558873463238,-0.019546985626220703
1995-06-30,7.96875,8.03125,7.875,8.03125,5.023588180541992,-0.9603627300732734,1.1811090169961291,0.05864143371582031
1995-07-03,8.03125,8.03125,7.96875,8.0,5.004039287567139,-1.2536004958721318,-0.38914202900971473,-0.019548892974853516
1995-07-05,7.96875,8.125,7.96875,7.96875,4.984493732452393,-0.3766799391022124,-0.3905955567397035,-0.019545555114746094
1995-07-06,8.0,8.0,7.953125,7.96875,4.984493732452393,-1.3625173803117079,0.0,0.0
1995-07-07,7.96875,8.0,7.96875,7.96875,4.984493732452393,-1.074865095766161,0.0,0.0
1995-07-10,7.9375,7.96875,7.875,7.90625,4.945398807525635,-1.2228803489789182,-0.7843309075147076,-0.03909492492675781
1995-07-11,7.90625,7.90625,7.8125,7.875,4.925851821899414,-1.130719908299277,-0.39525600233646374,-0.019546985626220703
1995-07-12,7.875,8.0,7.875,7.96875,4.984493732452393,-1.3122480490319035,1.1904927852735447,0.058641910552978516
1995-07-13,7.9375,8.0,7.9375,7.96875,4.984493732452393,-1.3485536771784288,0.0,0.0
1995-07-14,7.875,7.90625,7.78125,7.8125,4.886760234832764,-1.2061239052189834,-1.96075073749854,-0.0977334976196289
1995-07-17,7.875,7.9375,7.78125,7.78125,4.867210865020752,-1.074865095766161,-0.40004765678217646,-0.01954936981201172
1995-07-18,7.8125,7.90625,7.8125,7.875,4.925851821899414,-1.2424295333655087,1.2048164442616915,0.05864095687866211
1995-07-19,7.875,7.875,7.75,7.8125,4.886760234832764,-1.2312585708588855,-0.793600548292106,-0.03909158706665039
1995-07-20,7.75,7.8125,7.75,7.8125,4.886760234832764,-1.3234190115385267,0.0,0.0
1995-07-21,7.78125,7.8125,7.78125,7.8125,4.886760234832764,-1.38765204595161,0.0,0.0
1995-07-24,7.84375,7.90625,7.84375,7.90625,4.945398807525635,-1.292698864645313,1.199947815628355,0.058638572692871094
1995-07-25,7.90625,8.0625,7.875,7.9375,4.964946746826172,0.4946551364143954,0.39527528640945775,0.01954793930053711
1995-07-26,7.96875,7.96875,7.90625,7.90625,4.945398807525635,-1.3262117521651826,-0.39371901245532914,-0.01954793930053711
1995-07-27,7.84375,7.875,7.8125,7.84375,4.90630578994751,-0.10578409831660036,-0.7904927205999113,-0.039093017578125
1995-07-28,7.8125,7.96875,7.8125,7.96875,4.984493732452393,-0.17839535460965103,1.5936214710685404,0.07818794250488281
1995-07-31,8.03125,8.3125,8.03125,8.3125,5.1995110511779785,0.017096489256254583,4.313724327220614,0.21501731872558594
1995-08-01,8.25,8.25,8.09375,8.09375,5.06268310546875,-1.0162175426063893,-2.631554089652899,-0.13682794570922852
1995-08-02,8.15625,8.28125,8.15625,8.21875,5.140872001647949,-0.7872128112206142,1.5444161633332065,0.07818889617919922
1995-08-03,8.25,8.25,8.15625,8.15625,5.101775646209717,-1.3569318990583963,-0.7605004642344704,-0.03909635543823242
1995-08-04,8.125,8.15625,8.125,8.15625,5.145940780639648,-1.2508077552454762,0.8656816271947143,0.04416513442993164
1995-08-07,8.15625,8.25,8.125,8.125,5.126224040985107,-1.102792502032719,-0.3831513127535491,-0.019716739654541016
1995-08-08,8.15625,8.1875,8.15625,8.15625,5.145940780639648,-0.5135242298083463,0.3846250085228764,0.019716739654541016
1995-08-09,8.15625,8.21875,8.15625,8.1875,5.165655612945557,-1.373688342818331,0.38311424764312374,0.019714832305908203
1995-08-10,8.21875,8.28125,8.21875,8.28125,5.224804878234863,-1.2256730896055739,1.1450485615237982,0.05914926528930664
1995-08-11,8.21875,8.28125,8.125,8.1875,5.165655612945557,0.058987598656091496,-1.1320856312875271,-0.05914926528930664
1995-08-14,8.1875,8.3125,8.1875,8.25,5.205088138580322,-0.5917209673547086,0.7633595537407611,0.039432525634765625
1995-08-15,8.28125,8.34375,8.21875,8.34375,5.264238357543945,-1.1139634645393421,1.1363922644306301,0.05915021896362305
1995-08-16,8.3125,8.3125,8.03125,8.09375,5.106507301330566,0.31871247693508037,-2.996274968958079,-0.1577310562133789
1995-08-17,8.09375,8.09375,8.0625,8.0625,5.086795330047607,-0.9743264332065524,-0.38601670613146455,-0.019711971282958984
1995-08-18,8.09375,8.125,8.0625,8.125,5.126224040985107,-0.7173942955542193,0.77511887896482,0.0394287109375
1995-08-21,8.125,8.25,8.125,8.25,5.205088138580322,-0.9882901363398314,1.5384442225833572,0.07886409759521484
1995-08-22,8.21875,8.21875,8.1875,8.1875,5.165655612945557,-1.236844052112197,-0.7575765209908769,-0.039432525634765625
1995-08-23,8.1875,8.1875,8.125,8.15625,5.145940780639648,-0.9966683582197988,-0.38165208413238894,-0.019714832305908203
1995-08-24,8.125,8.125,8.09375,8.09375,5.106507301330566,-0.8877514737802228,-0.7663026255070982,-0.03943347930908203
1995-08-25,8.125,8.125,8.09375,8.09375,5.106507301330566,0.6482558708804641,0.0,0.0
1995-08-28,8.125,8.1875,8.125,8.125,5.126224040985107,-0.6978451111676288,0.38611008446818307,0.019716739654541016
1995-08-29,8.15625,8.15625,7.90625,7.90625,4.988209247589111,-0.6112701517412992,-2.6923285500700334,-0.1380147933959961
1995-08-30,7.90625,7.90625,7.84375,7.84375,4.948777675628662,-1.3988230084582332,-0.7904955466635055,-0.03943157196044922
1995-08-31,7.90625,7.9375,7.90625,7.9375,5.007925987243652,-1.3290044927918383,1.1952105245357725,0.059148311614990234
1995-09-01,7.9375,7.96875,7.9375,7.96875,5.02764368057251,-0.8542385862603532,0.39372972721807287,0.019717693328857422
1995-09-05,7.90625,7.9375,7.90625,7.9375,5.007925987243652,-1.1418908708059001,-0.3921855760194215,-0.019717693328857422
1995-09-06,7.90625,8.09375,7.90625,8.09375,5.106507301330566,-0.36550897659558923,1.9685058113483311,0.09858131408691406
1995-09-07,8.09375,8.25,8.09375,8.25,5.205088138580322,-0.4800113422884768,1.9304943953388554,0.09858083724975586
1995-09-08,8.25,8.34375,8.25,8.34375,5.264238357543945,-1.0190102832330452,1.1363922644306301,0.05915021896362305
1995-09-11,8.34375,8.40625,8.25,8.40625,5.303669452667236,-1.2480150146188203,0.7490370390767831,0.039431095123291016
1995-09-12,8.375,8.375,8.34375,8.375,5.283953666687012,-1.236844052112197,-0.37173858884266275,-0.01971578598022461
1995-09-13,8.34375,8.4375,8.34375,8.40625,5.303669452667236,-0.9771191738332082,0.37312564083451516,0.01971578598022461
1995-09-14,8.4375,8.4375,8.375,8.40625,5.303669452667236,-1.0776578363928169,0.0,0.0
1995-09-15,8.375,8.46875,8.375,8.46875,5.343103408813477,-1.2172948677256066,0.7435221311993478,0.039433956146240234
1995-09-18,8.4375,8.46875,8.40625,8.40625,5.303669452667236,-0.7229797768075309,-0.7380346800174964,-0.039433956146240234
1995-09-19,8.40625,8.46875,8.40625,8.40625,5.303669452667236,-1.2843206427653455,0.0,0.0
1995-09-20,8.34375,8.5,8.34375,8.5,5.362818241119385,-1.1502690926858674,1.1152427386364128,0.05914878845214844
1995-09-21,8.5,8.5625,8.4375,8.4375,5.3233842849731445,-0.9631554706999292,-0.7353215114374145,-0.039433956146240234
1995-09-22,8.4375,8.4375,8.375,8.40625,5.303669452667236,-1.3429681959251172,-0.37034396260963165,-0.019714832305908203
1995-09-25,8.4375,8.46875,8.375,8.4375,5.3233842849731445,-0.9994610988464545,0.3717206074370649,0.019714832305908203
1995-09-26,8.375,8.375,8.34375,8.375,5.283953666687012,-1.3234190115385267,-0.74070584003183,-0.03943061828613281
1995-09-27,8.40625,8.4375,8.3125,8.3125,5.244522571563721,-1.3653101209383636,-0.7462422574196048,-0.039431095123291016
1995-09-28,8.34375,8.40625,8.34375,8.375,5.283953666687012,-1.264771458378755,0.751852901484118,0.039431095123291016
1995-09-29,8.375,8.4375,8.28125,8.28125,5.224804878234863,-1.1055852426593749,-1.1194039952517998,-0.05914878845214844
1995-10-02,8.25,8.25,8.09375,8.125,5.126224040985107,-0.8291039206204511,-1.8867850483836657,-0.09858083724975586
1995-10-03,8.125,8.125,7.96875,8.0,5.047357559204102,-0.965948211326585,-1.538490732173503,-0.07886648178100586
1995-10-04,8.03125,8.03125,7.96875,7.96875,5.02764368057251,-1.1614400551924906,-0.3905782065239727,-0.019713878631591797
1995-10-05,8.0,8.0,7.96875,8.0,5.047357559204102,-1.3625173803117079,0.3921097015639585,0.019713878631591797
1995-10-06,7.9375,7.96875,7.90625,7.90625,4.988209247589111,-1.1446836114325558,-1.171866881258099,-0.059148311614990234
1995-10-09,7.90625,7.90625,7.84375,7.84375,4.948777675628662,-1.3541391584317404,-0.7904955466635055,-0.03943157196044922
1995-10-10,7.78125,7.90625,7.78125,7.90625,4.988209247589111,-1.1139634645393421,0.7967941690862013,0.03943157196044922
1995-10-11,7.90625,7.96875,7.90625,7.96875,5.02764368057251,0.7292453490534822,0.790552902375885,0.03943443298339844
1995-10-12,8.0,8.0,7.9375,7.9375,5.007925987243652,-1.3681028615650195,-0.3921855760194215,-0.019717693328857422
1995-10-13,8.0,8.25,8.0,8.25,5.205088138580322,-0.9603627300732734,3.937002101047171,0.19716215133666992
1995-10-16,8.25,8.4375,8.25,8.375,5.283953666687012,-0.9491917675666502,1.515162202963194,0.07886552810668945
1995-10-17,8.34375,8.40625,8.3125,8.34375,5.264238357543945,-1.074865095766161,-0.37311661658508966,-0.019715309143066406
1995-10-18,8.40625,8.53125,8.40625,8.46875,5.343103408813477,-1.1139634645393421,1.4981284264325323,0.07886505126953125
1995-10-19,8.4375,8.46875,8.40625,8.40625,5.303669452667236,-1.3653101209383636,-0.7380346800174964,-0.039433956146240234
1995-10-20,8.4375,8.4375,8.34375,8.34375,5.264238357543945,-1.3625173803117079,-0.743468186982521,-0.039431095123291016
1995-10-23,8.375,8.4375,8.375,8.375,5.283953666687012,-1.320626270911871,0.3745139905151351,0.019715309143066406
1995-10-24,8.375,8.4375,8.34375,8.34375,5.264238357543945,-1.373688342818331,-0.37311661658508966,-0.019715309143066406
1995-10-25,8.375,8.375,8.1875,8.1875,5.165655612945557,-0.7201870361808751,-1.872687707180165,-0.09858274459838867
1995-10-26,8.25,8.25,8.0625,8.09375,5.106507301330566,0.391323733228131,-1.1450300996984741,-0.059148311614990234
1995-10-27,8.15625,8.5625,8.15625,8.5,5.362818241119385,0.12601337369583057,5.019300368414892,0.25631093978881836
1995-10-30,8.5,8.59375,8.5,8.53125,5.3825364112854,1.6229223495833363,0.3676829845700613,0.019718170166015625
1995-10-31,8.5625,8.625,8.5625,8.5625,5.402250289916992,-0.9240571019267481,0.3662562986152418,0.019713878631591797
1995-11-01,8.53125,8.5625,8.5,8.53125,5.3825364112854,0.03664567364284514,-0.3649197570202656,-0.019713878631591797
1995-11-02,8.59375,8.75,8.59375,8.75,5.520549774169922,-0.8207256987404837,2.564095295206048,0.13801336288452148
1995-11-03,8.75,8.84375,8.75,8.84375,5.624695777893066,-0.11416232019656775,1.8865150751911086,0.10414600372314453
1995-11-06,8.84375,8.84375,8.8125,8.8125,5.604820251464844,-0.06947847017007504,-0.3533618032523611,-0.019875526428222656
1995-11-07,8.84375,8.875,8.84375,8.84375,5.624695777893066,-1.130719908299277,0.3546148767755497,0.019875526428222656
1995-11-08,8.84375,8.84375,8.71875,8.78125,5.584943771362305,-1.021803023859701,-0.7067405616318023,-0.03975200653076172
1995-11-09,8.78125,8.84375,8.78125,8.78125,5.584943771362305,-0.6475757798878244,0.0,0.0
1995-11-10,8.78125,8.78125,8.71875,8.71875,5.545192241668701,-1.1223416864193094,-0.7117623976347964,-0.039751529693603516
1995-11-13,8.75,8.75,8.6875,8.71875,5.545192241668701,1.885439968488981,0.0,0.0
1995-11-14,8.75,8.78125,8.71875,8.71875,5.545192241668701,1.0085194117190617,0.0,0.0
1995-11-15,8.75,8.78125,8.71875,8.75,5.565069675445557,-0.27893401716925964,0.35846248264377323,0.01987743377685547
1995-11-16,8.75,8.8125,8.75,8.75,5.565069675445557,-0.5219024516883137,0.0,0.0
1995-11-17,8.8125,8.8125,8.75,8.78125,5.584943771362305,0.05340211740277991,0.3571221399875313,0.019874095916748047
1995-11-20,8.8125,8.8125,8.75,8.75,5.565069675445557,-0.3878509016088356,-0.3558513161521115,-0.019874095916748047
1995-11-21,8.75,8.78125,8.6875,8.75,5.565069675445557,-0.4409129735152957,0.0,0.0
1995-11-22,8.75,8.75,8.59375,8.65625,5.505444049835205,-1.1614400551924906,-1.0714263987283812,-0.05962562561035156
1995-11-24,8.71875,8.75,8.71875,8.75,5.565069675445557,-1.4211649334714795,1.0830302709576412,0.05962562561035156
1995-11-27,8.71875,8.75,8.71875,8.75,5.565069675445557,-1.3569318990583963,0.0,0.0
1995-11-28,8.75,8.78125,8.75,8.75,5.565069675445557,-0.7955910331005815,0.0,0.0
1995-11-29,8.75,8.96875,8.75,8.9375,5.684321403503418,-0.681088667407694,2.142861365851867,0.11925172805786133
1995-11-30,9.0,9.0,8.9375,9.0,5.724071979522705,-1.3681028615650195,0.6993020485222434,0.03975057601928711
1995-12-01,9.0,9.125,9.0,9.125,5.803574562072754,-0.7732491080873353,1.3889165411347326,0.07950258255004883
1995-12-04,9.15625,9.375,9.15625,9.375,5.962576866149902,-0.5805500048480854,2.7397305294611485,0.15900230407714844
1995-12-05,9.40625,9.5625,9.375,9.375,5.962576866149902,-0.7955910331005815,0.0,0.0
1995-12-06,9.375,9.375,9.25,9.375,5.962576866149902,-0.9743264332065524,0.0,0.0
1995-12-07,9.34375,9.40625,9.3125,9.375,5.962576866149902,-0.17839535460965103,0.0,0.0
1995-12-08,9.46875,9.46875,9.3125,9.40625,5.982443809509277,-0.41019282662208195,0.33319391607613547,0.019866943359375
1995-12-11,9.40625,9.46875,9.375,9.4375,6.002326965332031,-1.3122480490319035,0.33235842167291807,0.019883155822753906
1995-12-12,9.40625,9.46875,9.28125,9.28125,5.90294885635376,-1.127927167672621,-1.6556597058483336,-0.09937810897827148
1995-12-13,9.34375,9.34375,9.21875,9.25,5.883072376251221,-0.5610008204614948,-0.3367211979338869,-0.019876480102539062
1995-12-14,9.1875,9.25,9.125,9.1875,5.843324661254883,-0.39343638286214716,-0.67562852289208,-0.03974771499633789
1995-12-15,9.25,9.25,9.03125,9.0625,5.763821125030518,-0.5610008204614948,-1.3605873510935673,-0.07950353622436523
1995-12-18,9.0625,9.0625,8.84375,8.84375,5.624695777893066,-0.7173942955542193,-2.413769340156524,-0.13912534713745117
1995-12-19,8.84375,8.90625,8.84375,8.90625,5.6644463539123535,-1.08882879889944,0.7067151289412044,0.03975057601928711
1995-12-20,8.90625,8.90625,8.84375,8.90625,5.6644463539123535,-0.5945137079813644,0.0,0.0
1995-12-21,8.875,8.96875,8.78125,8.875,5.644568920135498,-0.9045079175401576,-0.3509157388899342,-0.01987743377685547
1995-12-22,8.875,9.0,8.84375,9.0,5.724071979522705,-0.5917209673547086,1.4084877076015578,0.07950305938720703
1995-12-26,9.0,9.1875,9.0,9.1875,5.843324661254883,0.008718267376287201,2.083353985742886,0.11925268173217773
1995-12-27,9.1875,9.25,9.125,9.25,5.883072376251221,-0.20911550150286476,0.6802243123660734,0.03974771499633789
1995-12-28,9.21875,9.3125,9.21875,9.28125,5.90294885635376,-0.6364048173812012,0.33785884026815705,0.019876480102539062
1995-12-29,9.28125,9.34375,9.28125,9.34375,5.9427008628845215,-1.412786711591512,0.673426239971131,0.03975200653076172
1996-01-02,9.28125,9.3125,9.25,9.3125,5.922825813293457,-1.0553159113795705,-0.33444472554886584,-0.019875049591064453
1996-01-03,9.28125,9.3125,9.28125,9.3125,5.922825813293457,-1.032973986366324,0.0,0.0
1996-01-04,9.28125,9.3125,9.09375,9.09375,5.783697605133057,-0.8235184393671395,-2.3490173870745035,-0.1391282081604004
1996-01-05,9.15625,9.25,9.125,9.21875,5.86319637298584,-0.36271623596893343,1.3745318873902956,0.0794987678527832
1996-01-08,9.1875,9.1875,9.15625,9.15625,5.823448181152344,-1.2591859771254434,-0.6779270095170653,-0.039748191833496094
1996-01-09,9.15625,9.1875,8.96875,8.96875,5.70419454574585,-1.1223416864193094,-2.047818263283596,-0.11925363540649414
1996-01-10,9.03125,9.03125,8.9375,8.9375,5.684321403503418,-1.0357667269929798,-0.34839523938139383,-0.01987314224243164
1996-01-11,8.9375,9.03125,8.9375,8.96875,5.70419454574585,-0.9352280644333713,0.3496132753890935,0.01987314224243164
1996-01-12,8.96875,9.0,8.8125,8.875,5.644568920135498,-0.9017151769135018,-1.0452943905081225,-0.05962562561035156
1996-01-15,8.8125,8.90625,8.78125,8.875,5.644568920135498,-0.8905442144068786,0.0,0.0
1996-01-16,8.875,8.875,8.71875,8.75,5.565069675445557,-1.0190102832330452,-1.4084201258726559,-0.0794992446899414
1996-01-17,8.75,8.75,8.6875,8.75,5.565069675445557,-1.0301812457396684,0.0,0.0
1996-01-18,8.78125,8.8125,8.71875,8.75,5.565069675445557,-0.7732491080873353,0.0,0.0
1996-01-19,8.75,8.75,8.71875,8.75,5.565069675445557,-1.1251344270459653,0.0,0.0
1996-01-22,8.75,8.9375,8.75,8.90625,5.6644463539123535,0.058987598656091496,1.7857220890741266,0.09937667846679688
1996-01-23,8.875,9.0625,8.875,9.0,5.724071979522705,-0.9854973957131756,1.052629363665325,0.05962562561035156
1996-01-24,8.9375,9.1875,8.875,9.125,5.803574562072754,-0.4492911953952631,1.3889165411347326,0.07950258255004883
1996-01-25,9.15625,9.1875,9.0625,9.1875,5.843324661254883,-0.8179329581138279,0.6849244160986867,0.039750099182128906
1996-01-26,9.1875,9.25,9.15625,9.25,5.883072376251221,-1.1530618333125233,0.6802243123660734,0.03974771499633789
1996-01-29,9.21875,9.3125,9.1875,9.25,5.883072376251221,0.3438471425749825,0.0,0.0
1996-01-30,9.28125,9.375,9.28125,9.375,5.962576866149902,-1.2703569396320666,1.3514110453515027,0.07950448989868164
1996-01-31,9.34375,9.375,9.25,9.3125,5.922825813293457,-0.39622912348880296,-0.6666757301212467,-0.03975105285644531
1996-02-01,9.25,9.34375,9.25,9.3125,5.922825813293457,-0.23145742651611112,0.0,0.0
1996-02-02,9.375,9.40625,9.375,9.375,5.962576866149902,-0.7872128112206142,0.6711501251180918,0.03975105285644531
1996-02-05,9.34375,9.40625,9.3125,9.375,6.007430553436279,-1.1530618333125233,0.7522534013945537,0.04485368728637695
1996-02-06,9.375,9.375,9.3125,9.34375,5.987405300140381,-0.8067619956072047,-0.3333414030802895,-0.020025253295898438
1996-02-07,9.34375,9.40625,9.3125,9.375,6.007430553436279,-1.183781980205737,0.33445628435122554,0.020025253295898438
1996-02-08,9.375,9.375,9.3125,9.3125,5.967379570007324,-1.0385594676196357,-0.6666907436165936,-0.04005098342895508
1996-02-09,9.28125,9.34375,9.28125,9.34375,5.987405300140381,-1.3122480490319035,0.335586665773846,0.02002573013305664
1996-02-12,9.375,9.40625,9.3125,9.3125,5.967379570007324,-0.8961296956601902,-0.3344642483545823,-0.02002573013305664
1996-02-13,9.34375,9.34375,9.25,9.25,5.927329063415527,-0.9882901363398314,-0.6711573500887247,-0.040050506591796875
1996-02-14,9.25,9.375,9.25,9.3125,5.967379570007324,-0.9463990269399944,0.6756923086824296,0.040050506591796875
1996-02-15,9.34375,9.40625,9.25,9.25,5.927329063415527,-0.7620781455807121,-0.6711573500887247,-0.040050506591796875
1996-02-16,9.21875,9.3125,9.21875,9.28125,5.947353363037109,-0.7760418487139911,0.33783006489678247,0.02002429962158203
1996-02-20,9.21875,9.25,9.1875,9.1875,5.887282371520996,-0.9017151769135018,-1.0100457774958382,-0.06007099151611328
1996-02-21,9.21875,9.25,9.21875,9.25,5.927329063415527,-1.3988230084582332,0.6802237325705951,0.04004669189453125
1996-02-22,9.25,9.375,9.25,9.34375,5.987405300140381,-0.6419902986345128,1.013546507745855,0.060076236724853516
1996-02-23,9.375,9.46875,9.34375,9.40625,6.02745246887207,0.32150521756173617,0.6688568206790757,0.04004716873168945
1996-02-26,9.34375,9.375,9.21875,9.25,5.927329063415527,-0.4381202328886399,-1.6611231025647433,-0.10012340545654297
1996-02-27,9.25,9.25,9.21875,9.21875,5.90730619430542,-0.35713075471562183,-0.33780593073011733,-0.020022869110107422
1996-02-28,9.21875,9.21875,9.125,9.125,5.847233295440674,-0.5107314891816905,-1.0169254291009233,-0.060072898864746094
1996-02-29,9.0625,9.125,9.0625,9.125,5.847233295440674,-0.5665863017148064,0.0,0.0
1996-03-01,9.34375,9.46875,9.3125,9.3125,5.967379570007324,2.4467808344467956,2.0547542486518022,0.12014627456665039
1996-03-04,9.34375,9.4375,9.3125,9.375,6.007430553436279,-0.3543380140889661,0.6711653408181917,0.04005098342895508
1996-03-05,9.40625,9.40625,9.3125,9.34375,5.987405300140381,-0.8486531050070417,-0.3333414030802895,-0.020025253295898438
1996-03-06,9.28125,9.3125,9.25,9.28125,5.947353363037109,-0.31803238594244077,-0.6689364607124992,-0.040051937103271484
1996-03-07,9.28125,9.375,9.28125,9.375,6.007430553436279,0.8353694928664023,1.0101500067668745,0.06007719039916992
1996-03-08,9.3125,9.40625,9.1875,9.28125,5.947353363037109,-1.0692796145128494,-1.0000480216089347,-0.06007719039916992
1996-03-11,9.28125,9.625,9.28125,9.625,6.167629241943359,-0.9882901363398314,3.703763093601742,0.22027587890625
1996-03-12,9.625,9.71875,9.625,9.71875,6.227702617645264,-0.7313579986874983,0.9740108126696567,0.0600733757019043
1996-03-13,9.71875,9.71875,9.625,9.625,6.167629241943359,-1.0860360582727842,-0.9646153548131142,-0.0600733757019043
1996-03-14,9.625,9.625,9.375,9.375,6.007430553436279,0.6259139458672177,-2.5974111319409188,-0.16019868850708008
1996-03-15,9.375,9.5,9.375,9.5,6.087528705596924,0.13159885494914214,1.3333179875850254,0.08009815216064453
1996-03-18,9.53125,9.53125,9.46875,9.46875,6.067503452301025,-1.1111707239126862,-0.3289553818035751,-0.020025253295898438
1996-03-19,9.46875,9.46875,9.34375,9.375,6.007430553436279,0.48069143328111646,-0.9900760557781663,-0.060072898864746094
1996-03-20,9.34375,9.375,9.3125,9.375,6.007430553436279,-0.8291039206204511,0.0,0.0
1996-03-21,9.375,9.375,9.34375,9.375,6.007430553436279,-0.6727104455277266,0.0,0.0
1996-03-22,9.34375,9.40625,9.3125,9.40625,6.02745246887207,0.1651117424690117,0.3332858408881423,0.020021915435791016
1996-03-25,9.40625,9.71875,9.40625,9.71875,6.227702617645264,-0.07227121079673084,3.32230158275586,0.20025014877319336
1996-03-26,9.6875,10.0625,9.6875,10.0625,6.447977542877197,-0.898922436286846,3.5370174004105026,0.2202749252319336
1996-03-27,10.03125,10.125,10.03125,10.0625,6.447977542877197,0.2600649237753087,0.0,0.0
1996-03-28,10.09375,10.21875,10.0625,10.21875,6.548099040985107,0.47789869265446067,1.5527581701724413,0.10012149810791016
1996-03-29,10.1875,10.46875,10.1875,10.375,6.648220062255859,-0.46325489852854207,1.5290089634271808,0.10012102127075195
1996-04-01,10.375,10.65625,10.375,10.65625,6.828446865081787,0.13159885494914214,2.7109030859121974,0.18022680282592773
1996-04-02,10.625,10.78125,10.625,10.71875,6.868495464324951,1.4302232463440865,0.5864964615593271,0.04004859924316406
1996-04-03,10.71875,10.75,10.6875,10.6875,6.84846830368042,3.038841847297824,-0.29158002285293305,-0.02002716064453125
1996-04-04,10.71875,10.71875,10.65625,10.65625,6.828446865081787,-0.6084774111146434,-0.29234914598164075,-0.020021438598632812
1996-04-08,10.59375,10.59375,10.4375,10.4375,6.68826961517334,-0.39622912348880296,-2.05284236193245,-0.14017724990844727
1996-04-09,10.46875,10.65625,10.4375,10.65625,6.828446865081787,0.3941164738547868,2.0958672119083532,0.14017724990844727
1996-04-10,10.71875,10.75,10.625,10.625,6.808422565460205,2.1898486967944626,-0.29324823077966355,-0.02002429962158203
1996-04-11,10.65625,10.65625,10.59375,10.625,6.808422565460205,-1.130719908299277,0.0,0.0
1996-04-12,10.625,10.625,10.125,10.25,6.56812047958374,3.5862190101223597,-3.5294825426309573,-0.24030208587646484
1996-04-15,10.28125,10.34375,10.21875,10.25,6.56812047958374,0.7906856428399096,0.0,0.0
1996-04-16,10.25,10.25,10.21875,10.25,6.56812047958374,-0.9854973957131756,0.0,0.0
1996-04-17,10.25,10.25,9.8125,9.90625,6.347850799560547,1.150949183678507,-3.353618142478909,-0.22026968002319336
1996-04-18,9.9375,9.96875,9.875,9.90625,6.347850799560547,-0.6699177049010708,0.0,0.0
1996-04-19,9.96875,9.96875,9.90625,9.9375,6.3678741455078125,0.08970774554930523,0.3154350437576836,0.020023345947265625
1996-04-22,9.9375,9.9375,9.90625,9.90625,6.347850799560547,-1.032973986366324,-0.31444317977595837,-0.020023345947265625
1996-04-23,9.90625,9.90625,9.84375,9.84375,6.307798385620117,-0.8011765143538931,-0.6309602289833682,-0.04005241394042969
1996-04-24,9.84375,9.9375,9.8125,9.8125,6.287773609161377,-0.8514458456336974,-0.3174606294391147,-0.020024776458740234
1996-04-25,9.78125,9.78125,9.59375,9.625,6.167629241943359,-1.183781980205737,-1.9107616572416886,-0.12014436721801758
1996-04-26,9.625,9.625,9.375,9.375,6.007430553436279,-0.42136378912870515,-2.5974111319409188,-0.16019868850708008
1996-04-29,9.34375,9.40625,9.15625,9.25,5.927329063415527,0.9247371929193877,-1.3333735497771726,-0.08010149002075195
1996-04-30,9.28125,9.40625,9.28125,9.40625,6.02745246887207,2.365791356273778,1.6891825033727548,0.10012340545654297
1996-05-01,9.40625,9.625,9.40625,9.53125,6.107553005218506,2.1870559561678067,1.3289285441918208,0.08010053634643555
1996-05-02,9.53125,9.65625,9.5,9.53125,6.107553005218506,1.6564352371032058,0.0,0.0
1996-05-03,9.5625,9.59375,9.53125,9.59375,6.147603511810303,-0.628026595501234,0.6557537291543181,0.040050506591796875
1996-05-06,9.59375,9.65625,9.5625,9.59375,6.192788600921631,1.7709376027960935,0.7350033069719375,0.045185089111328125
1996-05-07,9.59375,9.625,9.59375,9.625,6.212961196899414,-1.1083779832860305,0.3257433327335191,0.020172595977783203
1996-05-08,9.59375,9.625,9.5,9.625,6.212961196899414,3.206406284897172,0.0,0.0
1996-05-09,9.625,9.65625,9.5625,9.5625,6.1726179122924805,-0.79000555184727,-0.6493406819773284,-0.040343284606933594
1996-05-10,9.59375,9.59375,9.5625,9.5625,6.1726179122924805,-0.9100933987934692,0.0,0.0
1996-05-13,9.5625,9.625,9.53125,9.53125,6.152445793151856,-0.5442443767015601,-0.32680006161489583,-0.020172119140624112
1996-05-14,9.5625,9.59375,9.53125,9.5625,6.1726179122924805,-1.2061239052189834,0.32787154602933466,0.020172119140624112
1996-05-15,9.59375,9.59375,9.53125,9.5625,6.1726179122924805,-0.6447830392611686,0.0,0.0
1996-05-16,9.5625,9.5625,9.4375,9.5,6.132270336151123,-1.0273885051130125,-0.6536541985047717,-0.04034757614135742
1996-05-17,9.5,9.5,9.34375,9.40625,6.071756362915039,-0.6168556329946108,-0.9868118970447259,-0.060513973236083984
1996-05-20,9.375,9.5,9.375,9.5,6.132270336151123,-1.0497304301262589,0.9966469274967915,0.060513973236083984
1996-05-21,9.53125,9.71875,9.53125,9.71875,6.273475646972656,-0.0387583232768613,2.3026595874140687,0.1412053108215332
1996-05-22,9.71875,9.84375,9.71875,9.75,6.29364824295044,-0.8095547362338605,0.32155374648690227,0.02017259597778409
1996-05-23,9.75,9.9375,9.75,9.875,6.374334335327148,1.435808727597398,1.2820241815561406,0.0806860923767081
1996-05-24,9.875,9.96875,9.84375,9.96875,6.434850215911865,0.08132952366933785,0.9493678461346411,0.0605158805847168
1996-05-28,9.96875,10.34375,9.96875,10.28125,6.636569976806641,1.00293393046575,3.134801186140579,0.2017197608947754
1996-05-29,10.28125,10.3125,10.21875,10.3125,6.65674352645874,-1.032973986366324,0.30397554342984634,0.02017354965209961
1996-05-30,10.3125,10.375,10.3125,10.375,6.697086811065674,-0.07785669205004242,0.6060513589952743,0.040343284606933594
1996-05-31,10.4375,10.59375,10.40625,10.59375,6.838292598724365,-0.3459597922089987,2.108465839585283,0.1412057876586914
1996-06-03,10.5625,10.59375,10.46875,10.46875,6.757603645324707,-0.4883895641684442,-1.1799576024972946,-0.0806889533996582
1996-06-04,10.46875,10.53125,10.40625,10.53125,6.797948837280273,-1.0832433176461285,0.5970340089934023,0.040345191955566406
1996-06-05,10.53125,10.53125,10.46875,10.5,6.777775764465332,-0.2901049796758828,-0.29675234836000763,-0.020173072814941406
1996-06-06,10.46875,10.5,10.4375,10.46875,6.757603645324707,-0.79000555184727,-0.2976215183509545,-0.020172119140625
1996-06-07,10.46875,10.46875,10.40625,10.40625,6.717258930206299,-1.3401754552984615,-0.5970269526878957,-0.0403447151184082
1996-06-10,10.375,10.375,10.1875,10.25,6.616400241851807,-0.2901049796758828,-1.50148579059457,-0.10085868835449219
1996-06-11,10.25,10.25,10.0,10.0,6.455024242401123,-0.6699177049010708,-2.4390301909171908,-0.1613759994506836
1996-06-12,10.0,10.0,9.90625,9.9375,6.414681911468506,-1.183781980205737,-0.6249756688382457,-0.04034233093261719
1996-06-13,9.96875,9.96875,9.84375,9.84375,6.354166030883789,-1.2340513114855414,-0.9433964367979497,-0.0605158805847168
1996-06-14,9.875,9.9375,9.84375,9.9375,6.414681911468506,-0.5889282267280528,0.9523811667901949,0.0605158805847168
1996-06-18,9.125,9.125,8.59375,8.6875,5.607802867889404,-0.022001879516926538,-12.57862906867635,-0.8068790435791016
1996-06-20,7.90625,8.09375,7.90625,8.09375,5.224534034729004,2.0921027748615098,-6.834563236076274,-0.3832688331604004
1996-06-21,8.125,8.125,7.96875,7.96875,5.143847465515137,2.7874951908988024,-1.5443782867049949,-0.08068656921386719
1996-06-24,8.0,8.0,7.78125,7.8125,5.042989253997803,-0.07785669205004242,-1.9607543223919,-0.10085821151733398
1996-06-25,7.84375,7.84375,7.625,7.65625,4.942129611968994,-0.9603627300732734,-1.9999971633660074,-0.1008596420288086
1996-06-26,7.65625,7.65625,7.5625,7.65625,4.942129611968994,-0.06947847017007504,0.0,0.0
1996-06-27,7.59375,7.625,7.5625,7.59375,4.901783466339111,-0.9687409519532408,-0.8163716615641081,-0.04034614562988281
1996-06-28,7.59375,7.59375,7.25,7.5625,4.881611347198486,3.1421732504840887,-0.4115261165481554,-0.020172119140625
1996-07-01,7.59375,7.875,7.59375,7.875,5.083331108093262,1.723461012142945,4.132237217338908,0.2017197608947754
1996-07-02,7.875,8.375,7.875,8.375,5.406084060668945,0.5197898020542976,6.349241190718868,0.3227529525756836
1996-07-03,8.375,8.8125,8.375,8.625,5.567458152770996,2.8656919284451647,2.9850459277187547,0.16137409210205078
1996-07-05,8.53125,8.625,8.4375,8.5,5.486771583557129,-0.4548766766485747,-1.4492532678257897,-0.08068656921386719
1996-07-08,8.5,8.5,8.375,8.40625,5.426254749298096,-0.7118088143009077,-1.1029588773185162,-0.0605168342590332
1996-07-09,8.375,8.375,8.3125,8.3125,5.365738391876221,-0.3794726797288682,-1.115250945962365,-0.060516357421875
1996-07-10,8.3125,8.3125,8.25,8.28125,5.345567226409912,-1.2033311645923275,-0.3759252500428967,-0.020171165466308594
1996-07-11,8.28125,8.3125,8.125,8.15625,5.2648797035217285,-0.6978451111676288,-1.5094286437844162,-0.0806875228881836
1996-07-12,8.125,8.3125,8.125,8.3125,5.365738391876221,-0.6559540017677918,1.9156883734119612,0.10085868835449219
1996-07-15,8.25,8.3125,8.21875,8.28125,5.345567226409912,-1.2033311645923275,-0.3759252500428967,-0.020171165466308594
1996-07-16,8.1875,8.1875,7.875,7.875,5.083331108093262,0.48348417390777226,-4.905674313121833,-0.2622361183166504
1996-07-17,8.25,8.25,8.15625,8.25,5.325395107269287,0.3606035863349173,4.761916822428325,0.2420639991760254
1996-07-18,8.21875,8.28125,8.21875,8.21875,5.30522346496582,-1.1949529427123602,-0.37878207902231065,-0.020171642303466797
1996-07-19,8.21875,8.25,8.21875,8.21875,5.30522346496582,-1.2284658302322298,0.0,0.0
1996-07-22,8.21875,8.21875,8.15625,8.1875,5.285049915313721,-1.060901392632882,-0.3802582452053116,-0.02017354965209961
1996-07-23,8.15625,8.15625,8.0625,8.09375,5.224534034729004,-0.8486531050070417,-1.145038959979705,-0.0605158805847168
1996-07-24,8.0625,8.0625,8.0,8.0,5.16402006149292,-1.2452222739921646,-1.1582654612608545,-0.060513973236083984
1996-07-25,8.03125,8.03125,7.9375,7.96875,5.143847465515137,-0.10857683894325616,-0.3906374440371785,-0.020172595977783203
1996-07-26,8.0,8.0,7.9375,7.96875,5.143847465515137,-0.25659209215601325,0.0,0.0
1996-07-29,7.9375,8.125,7.9375,8.125,5.244707584381104,-1.1195489457926537,1.9607914025861817,0.10086011886596769
1996-07-30,8.125,8.125,8.09375,8.09375,5.224534034729004,-0.884958733153567,-0.3846458420709298,-0.020173549652100498
1996-07-31,8.15625,8.34375,8.15625,8.3125,5.365738391876221,-1.0190102832330452,2.7027167630374382,0.1412043571472168
1996-08-01,8.59375,8.6875,8.46875,8.5,5.486771583557129,-0.40740008599542615,2.2556670273778945,0.1210331916809082
1996-08-02,8.53125,8.65625,8.53125,8.59375,5.593348979949951,-0.4297420110086725,1.9424427419616919,0.10657739639282227
1996-08-05,8.5625,8.59375,8.5,8.5,5.532331466674805,-0.912886139420125,-1.0908940867782713,-0.061017513275146484
1996-08-06,8.53125,8.59375,8.53125,8.59375,5.593348979949951,-0.8095547362338605,1.1029258395433894,0.061017513275146484
1996-08-07,8.59375,8.6875,8.59375,8.625,5.613687515258789,-1.1223416864193094,0.3636199954936359,0.02033853530883789
1996-08-08,8.65625,8.65625,8.65625,8.65625,5.634027004241943,-1.4211649334714795,0.36231957920473956,0.020339488983154297
1996-08-12,9.0,9.0,9.0,9.0,5.857760429382324,-1.415579452218168,3.971110272846201,0.22373342514038086
1996-08-13,8.96875,8.96875,8.9375,8.9375,5.81708288192749,-1.1335126489259326,-0.6944214934225812,-0.040677547454833984
1996-08-14,8.9375,9.0,8.9375,9.0,5.857760429382324,-1.4295431553514468,0.6992774261685542,0.040677547454833984
1996-08-15,9.0,9.09375,9.0,9.09375,5.918778419494629,-1.4462995991113816,1.0416607310575587,0.06101799011230469
1996-08-16,9.0625,9.125,9.0625,9.125,5.939121723175049,-0.7760418487139911,0.3437078099328028,0.020343303680419922
1996-08-19,9.15625,9.28125,9.125,9.1875,5.979798793792725,-1.1530618333125233,0.6849004366916711,0.04067707061767578
1996-08-20,9.1875,9.1875,9.0,9.0,5.857760429382324,-1.211709386472295,-2.04084399189286,-0.12203836441040039
1996-08-21,9.0,9.0,8.75,8.75,5.6950459480285645,-1.1139634645393421,-2.7777592360655357,-0.16271448135375977
1996-08-22,8.75,8.75,8.71875,8.75,5.6950459480285645,-1.2899061240186571,0.0,0.0
1996-08-23,8.75,8.75,8.71875,8.71875,5.674706935882568,-0.9854973957131756,-0.35713517207067724,-0.020339012145996094
1996-08-26,8.75,8.75,8.71875,8.75,5.6950459480285645,-1.44071411785807,0.35841519880766004,0.020339012145996094
1996-08-27,8.75,8.8125,8.625,8.625,5.613687515258789,-1.1781964989524254,-1.4285825524891327,-0.08135843276977539
1996-08-28,8.65625,8.6875,8.65625,8.6875,5.654368877410889,-1.4351286366047584,0.7246816293483116,0.04068136215209961
1996-08-29,8.6875,8.75,8.6875,8.71875,5.674706935882568,-1.359724639685052,0.3596875073525796,0.020338058471679688
1996-08-30,8.71875,8.75,8.71875,8.75,5.6950459480285645,-1.3764810834449868,0.35841519880766004,0.020339012145996094
1996-09-03,8.75,8.75,8.59375,8.625,5.613687515258789,-0.7173942955542193,-1.4285825524891327,-0.08135843276977539
1996-09-04,8.625,8.6875,8.625,8.6875,5.654368877410889,-1.3234190115385267,0.7246816293483116,0.04068136215209961
1996-09-05,8.6875,8.75,8.65625,8.71875,5.674706935882568,-1.3262117521651826,0.3596875073525796,0.020338058471679688
1996-09-06,8.71875,8.75,8.71875,8.71875,5.674706935882568,-1.0999997614060633,0.0,0.0
1996-09-09,8.75,8.8125,8.75,8.78125,5.715386390686035,-1.3038698271519362,0.7168556061677878,0.0406794548034668
1996-09-10,8.75,8.75,8.25,8.28125,5.38995361328125,0.7348308303067937,-5.6939768400456785,-0.32543277740478516
1996-09-11,8.3125,8.3125,8.1875,8.21875,5.349276065826416,-0.287312239049227,-0.7546919764689908,-0.040677547454833984
1996-09-12,8.21875,8.375,8.1875,8.34375,5.430631637573242,-0.3292033484490639,1.5208706887752887,0.08135557174682617
1996-09-13,8.34375,8.4375,8.34375,8.40625,5.471311092376709,0.008718267376287201,0.7490740952123431,0.0406794548034668
1996-09-16,8.40625,8.40625,8.375,8.40625,5.471311092376709,-0.9296425831800597,0.0,0.0
1996-09-17,8.375,8.4375,8.375,8.40625,5.471311092376709,-0.4576694172752305,0.0,0.0
1996-09-18,8.375,8.5,8.375,8.375,5.450973510742188,-0.5805500048480854,-0.3717131285562836,-0.020337581634520596
1996-09-19,8.34375,8.375,8.15625,8.15625,5.308596611022949,-0.9463990269399944,-2.6119536159670997,-0.14237689971923917
1996-09-20,8.15625,8.15625,8.0625,8.09375,5.267916679382324,-1.1111707239126862,-0.7663029350573725,-0.040679931640625
1996-09-23,8.125,8.125,8.0625,8.09375,5.267916679382324,-0.9463990269399944,0.0,0.0
1996-09-24,8.09375,8.15625,8.0625,8.125,5.288259029388428,0.9442863773059783,0.38615550025153933,0.020342350006103516
1996-09-25,8.125,8.1875,8.109375,8.1875,5.328935623168945,-0.7397362205674657,0.7691868638519006,0.04067659378051758
1996-09-26,8.1875,8.1875,7.90625,7.90625,5.145880699157715,-0.0387583232768613,-3.4351123180274667,-0.18305492401123047
1996-09-27,7.9375,8.0625,7.9375,8.0625,5.247579574584961,-0.5805500048480854,1.976316229870867,0.1016988754272461
1996-09-30,8.0625,8.0625,8.03125,8.03125,5.227238655090332,-1.2452222739921646,-0.3876247935932997,-0.020340919494628906
1996-10-01,8.0625,8.125,8.0625,8.0625,5.247579574584961,-0.4800113422884768,0.3891331702412515,0.020340919494628906
1996-10-02,8.125,8.40625,8.125,8.3125,5.410293102264404,-0.6447830392611686,3.1007348314925354,0.16271352767944336
1996-10-03,8.25,8.25,8.125,8.125,5.288259029388428,0.11484241118920739,-2.2555907890628113,-0.12203407287597656
1996-10-04,8.125,8.15625,8.125,8.15625,5.308596611022949,-0.993875617593143,0.3845799065722577,0.020337581634521484
1996-10-07,8.15625,8.1875,8.0,8.0,5.206900596618652,-0.41019282662208195,-1.9156854787785504,-0.10169601440429688
1996-10-08,7.96875,7.96875,7.90625,7.9375,5.166221618652344,-1.208916645845639,-0.7812512878145883,-0.040678977966308594
1996-10-09,7.90625,7.90625,7.8125,7.84375,5.105203151702881,0.9582500804392573,-1.1811043244672081,-0.06101846694946289
1996-10-10,7.8125,7.84375,7.8125,7.84375,5.105203151702881,-1.4267504147247911,0.0,0.0
1996-10-11,7.84375,8.03125,7.84375,8.03125,5.227238655090332,-0.4492911953952631,2.3904142452537913,0.12203550338745117
1996-10-14,8.0,8.15625,7.9375,8.15625,5.308596611022949,-0.9436062863133386,1.556423215025582,0.08135795593261719
1996-10-15,8.125,8.15625,8.03125,8.03125,5.227238655090332,-0.586135486101397,-1.5325699406823046,-0.08135795593261719
1996-10-16,8.03125,8.03125,8.0,8.0,5.206900596618652,-1.1698182770724581,-0.38907843727155056,-0.020338058471679688
1996-10-17,8.0,8.0,7.875,7.9375,5.166221618652344,-0.8235184393671395,-0.7812512878145883,-0.040678977966308594
1996-10-18,7.96875,7.96875,7.90625,7.9375,5.166221618652344,-1.0106320613530777,0.0,0.0
1996-10-21,7.9375,7.96875,7.78125,7.8125,5.084865093231201,-0.5973064486080202,-1.5747780762522812,-0.08135652542114258
1996-10-22,7.8125,7.8125,7.78125,7.78125,5.0645246505737305,-1.317833530285215,-0.4000193178093747,-0.020340442657470703
1996-10-23,7.8125,7.8125,7.75,7.78125,5.0645246505737305,-1.3541391584317404,0.0,0.0
1996-10-24,7.8125,7.8125,7.625,7.78125,5.0645246505737305,-0.25659209215601325,0.0,0.0
1996-10-25,7.8125,8.03125,7.8125,7.96875,5.186560153961182,-0.42694927038201674,2.409614165341778,0.12203550338745117
1996-10-28,7.9375,7.96875,7.875,7.96875,5.186560153961182,-0.5302806735682811,0.0,0.0
1996-10-29,7.9375,7.96875,7.84375,7.96875,5.186560153961182,-1.236844052112197,0.0,0.0
1996-10-30,7.96875,8.0,7.96875,8.0,5.206900596618652,-0.7816273299673026,0.3921759712347317,0.020340442657470703
1996-10-31,7.96875,8.0625,7.96875,8.0625,5.247579574584961,-1.1446836114325558,0.7812512878145883,0.040678977966308594
1996-11-01,8.0,8.1875,8.0,8.15625,5.355090618133545,-0.653161261141136,2.0487739541727112,0.10751104354858398
1996-11-04,8.15625,8.28125,8.15625,8.25,5.4166436195373535,-0.5973064486080202,1.149429688367487,0.061553001403808594
1996-11-05,8.3125,8.375,8.28125,8.375,5.498714447021484,-0.6447830392611686,1.5151601849549223,0.08207082748413086
1996-11-06,8.46875,8.625,8.46875,8.625,5.662855625152588,-0.8821659925269112,2.985082780940096,0.16414117813110352
1996-11-07,8.625,8.6875,8.59375,8.625,5.662855625152588,-0.9854973957131756,0.0,0.0
1996-11-08,8.625,8.625,8.53125,8.5625,5.621816635131836,-0.15884617022306047,-0.7247048615979135,-0.04103899002075195
1996-11-11,8.53125,8.5625,8.53125,8.5625,5.621816635131836,0.5365462458142324,0.0,0.0
1996-11-12,8.5625,8.75,8.5625,8.71875,5.7244086265563965,-0.9715336925798966,1.8248903883389511,0.10259199142456055
1996-11-13,8.6875,8.71875,8.65625,8.6875,5.7038893699646,-1.2871133833920014,-0.35845198919945975,-0.020519256591796875
1996-11-14,8.71875,8.71875,8.625,8.6875,5.7038893699646,-1.1977456833390159,0.0,0.0
1996-11-15,8.75,8.8125,8.71875,8.71875,5.7244086265563965,-0.8095547362338605,0.35974148972535147,0.020519256591796875
1996-11-18,8.6875,8.78125,8.65625,8.6875,5.7038893699646,0.09250048617596103,-0.35845198919945975,-0.020519256591796875
1996-11-19,8.6875,8.84375,8.6875,8.84375,5.806479454040527,-1.3094553084052478,1.798598770448523,0.10259008407592773
1996-11-20,8.84375,8.9375,8.84375,8.90625,5.847512245178223,0.05340211740277991,0.7066724589741114,0.04103279113769531
1996-11-21,8.9375,9.03125,8.84375,8.875,5.826996326446533,-0.2370429077694227,-0.3508486664325794,-0.020515918731689453
1996-11-22,8.9375,8.9375,8.625,8.625,5.662855625152588,-0.898922436286846,-2.8169007169091986,-0.1641407012939453
1996-11-25,8.5625,8.78125,8.5625,8.75,5.744924068450928,1.9217455966355064,1.4492413144671756,0.08206844329833984
1996-11-26,8.78125,8.875,8.78125,8.875,5.826996326446533,-0.884958733153567,1.4286047477340302,0.08207225799560547
1996-11-27,8.84375,8.84375,8.65625,8.8125,5.78595781326294,-0.3515452734623103,-0.7042824619149735,-0.04103851318359286
1996-11-29,8.8125,8.8125,8.625,8.625,5.662855625152588,-1.264771458378755,-2.127602586872823,-0.12310218811035245
1996-12-02,8.65625,8.90625,8.625,8.84375,5.806479454040527,-1.0301812457396684,2.536243874027244,0.14362382888793945
1996-12-03,8.90625,8.90625,8.59375,8.71875,5.7244086265563965,0.2070028518688486,-1.413435251665629,-0.08207082748413086
1996-12-04,8.6875,8.71875,8.65625,8.65625,5.683370113372803,-1.0190102832330452,-0.7169039783989195,-0.04103851318359375
1996-12-05,8.6875,8.71875,8.65625,8.65625,5.683370113372803,-1.1251344270459653,0.0,0.0
1996-12-06,8.6875,8.6875,8.5625,8.65625,5.683370113372803,-0.951984508193306,0.0,0.0
1996-12-09,8.65625,8.75,8.625,8.625,5.662855625152588,-0.4297420110086725,-0.360956401061141,-0.020514488220214844
1996-12-10,8.625,8.625,8.5,8.5,5.580783367156982,-0.8095547362338605,-1.4493086779586384,-0.08207225799560547
1996-12-11,8.375,8.625,8.3125,8.625,5.662855625152588,-0.4800113422884768,1.4706225380222149,0.08207225799560547
1996-12-12,8.59375,8.625,8.53125,8.59375,5.642337322235107,-0.8877514737802228,-0.3623313797078809,-0.02051830291748047
1996-12-13,8.5625,8.5625,8.21875,8.25,5.4166436195373535,-1.0972070207794073,-4.000003718465194,-0.2256937026977539
1996-12-16,8.25,8.34375,8.21875,8.21875,5.3961262702941895,-0.7788345893406468,-0.37878344384998375,-0.020517349243164062
1996-12-17,8.25,8.3125,8.25,8.25,5.4166436195373535,-0.4409129735152957,0.38022366815455566,0.020517349243164062
1996-12-18,8.25,8.25,8.1875,8.25,5.4166436195373535,2.184263215541151,0.0,0.0
1996-12-19,8.28125,8.3125,8.25,8.25,5.4166436195373535,0.27961410816189924,0.0,0.0
1996-12-20,8.3125,8.3125,8.25,8.28125,5.437159061431885,-0.20353002024955316,0.37874823111001543,0.02051544189453125
1996-12-23,8.28125,8.40625,8.25,8.375,5.498714447021484,-0.40460734536877035,1.132124054016348,0.06155538558959961
1996-12-24,8.40625,8.40625,8.375,8.375,5.498714447021484,-1.3234190115385267,0.0,0.0
1996-12-26,8.375,8.5,8.375,8.5,5.580783367156982,-1.1055852426593749,1.492511039193034,0.08206892013549805
1996-12-27,8.4375,8.5,8.4375,8.5,5.580783367156982,-0.979911914459864,0.0,0.0
1996-12-30,8.40625,8.5625,8.40625,8.5625,5.621816635131836,-0.9966683582197988,0.7352600033954992,0.041033267974853516
1996-12-31,8.59375,8.84375,8.59375,8.8125,5.78595781326294,0.310334255055113,2.9197177493366366,0.1641411781311044
1997-01-02,8.78125,8.78125,8.71875,8.75,5.744924068450928,0.528168023934265,-0.7091953681022778,-0.04103374481201261
1997-01-03,8.75,8.8125,8.6875,8.6875,5.7038893699646,-1.0999997614060633,-0.7142774734252066,-0.041034698486328125
1997-01-06,8.75,8.96875,8.75,8.96875,5.888548374176025,0.9945557085857826,3.2374226117322547,0.18465900421142578
1997-01-07,8.9375,8.96875,8.875,8.9375,5.868029594421387,-1.0245957644863568,-0.3484522576841287,-0.020518779754638672
1997-01-08,8.90625,8.9375,8.875,8.90625,5.847512245178223,-1.3010770865252803,-0.34964631505385313,-0.020517349243164062
1997-01-09,8.96875,8.96875,8.9375,8.96875,5.888548374176025,-1.1893674614590486,0.7017707236379067,0.041036128997802734
1997-01-10,8.9375,9.0,8.84375,8.90625,5.847512245178223,-0.8346894018737627,-0.6968802222592774,-0.041036128997802734
1997-01-13,8.875,8.90625,8.84375,8.875,5.826996326446533,-1.1251344270459653,-0.3508486664325794,-0.020515918731689453
1997-01-14,8.875,8.875,8.71875,8.71875,5.7244086265563965,-0.7257725174341867,-1.7605588564477026,-0.10258769989013672
1997-01-15,8.75,8.75,8.625,8.71875,5.7244086265563965,-0.7509071830740889,0.0,0.0
1997-01-16,8.75,8.75,8.6875,8.6875,5.7038893699646,-0.477218601661821,-0.35845198919945975,-0.020519256591796875
1997-01-17,8.625,8.78125,8.625,8.75,5.744924068450928,1.1341927399185723,0.7194161005717792,0.041034698486328125
1997-01-20,8.6875,8.71875,8.59375,8.59375,5.642337322235107,0.1092569299358958,-1.7856936835630277,-0.10258674621582031
1997-01-21,8.625,8.65625,8.40625,8.40625,5.519229888916016,0.8632968991329603,-2.1818517094671863,-0.1231074333190918
1997-01-22,8.53125,8.53125,8.40625,8.40625,5.519229888916016,-0.4911823047951,0.0,0.0
1997-01-23,8.40625,8.53125,8.40625,8.46875,5.56026554107666,-1.1977456833390159,0.7435032239380801,0.04103565216064453
1997-01-24,8.46875,8.5,8.4375,8.5,5.580783367156982,-1.046937689499603,0.36900802540358324,0.020517826080322266
1997-01-27,8.46875,8.46875,8.4375,8.4375,5.539748191833496,-1.180989239579081,-0.7352941804725677,-0.04103517532348633
1997-01-28,8.4375,8.46875,8.25,8.25,5.4166436195373535,-0.6419902986345128,-2.222205198381022,-0.12310457229614258
1997-01-29,8.21875,8.3125,8.1875,8.21875,5.3961262702941895,-0.5945137079813644,-0.37878344384998375,-0.020517349243164062
1997-01-30,8.1875,8.34375,8.1875,8.3125,5.457679271697998,1.723461012142945,1.1406886777772351,0.061553001403808594
1997-01-31,8.28125,8.375,8.21875,8.375,5.498714447021484,-0.40740008599542615,0.7518795678647328,0.04103517532348633
1997-02-03,8.75,8.96875,8.6875,8.78125,5.814038276672363,0.9023952679061414,5.734500903600881,0.3153238296508789
1997-02-04,8.78125,8.96875,8.71875,8.78125,5.814038276672363,-0.21749372338283215,0.0,0.0
1997-02-05,8.8125,8.875,8.71875,8.78125,5.814038276672363,-0.6336120767545455,0.0,0.0
1997-02-06,8.78125,8.84375,8.78125,8.78125,5.814038276672363,-0.8905442144068786,0.0,0.0
1997-02-07,8.8125,8.84375,8.75,8.78125,5.814038276672363,-1.2033311645923275,0.0,0.0
1997-02-10,8.75,8.84375,8.75,8.84375,5.855417251586914,-0.11136957956991196,0.7117079892744238,0.04137897491455078
1997-02-11,8.84375,8.84375,8.78125,8.8125,5.834728717803955,-1.2005384239656718,-0.35332296391605844,-0.020688533782958984
1997-02-12,8.84375,9.15625,8.8125,9.03125,5.979562759399414,-0.5917209673547086,2.482275502432807,0.14483404159545898
1997-02-13,9.0625,9.125,9.0,9.0,5.958868026733398,0.43321484262796794,-0.34609106884085916,-0.020694732666015625
1997-02-14,8.9375,9.0625,8.875,8.9375,5.917489528656006,-0.40740008599542615,-0.6944019886286346,-0.04137849807739258
1997-02-18,8.84375,8.875,8.71875,8.75,5.793346405029297,-0.5079387485550347,-2.0979018725007292,-0.12414312362670898
1997-02-19,8.75,8.8125,8.75,8.78125,5.814038276672363,-0.8933369550335344,0.357166138470566,0.020691871643066406
1997-02-20,8.78125,9.28125,8.78125,9.1875,6.083014011383057,2.4104752063002706,4.626315168751183,0.26897573471069336
1997-02-21,9.25,9.71875,9.25,9.59375,6.35198974609375,1.3157208806511989,4.421751030120324,0.26897573471069336
1997-02-24,9.5625,9.71875,9.53125,9.625,6.372681617736816,-0.6503685205144802,0.32575417263214224,0.020691871643066406
1997-02-25,9.5625,9.65625,9.5625,9.65625,6.393373489379883,-0.8486531050070417,0.3246964603641267,0.020691871643066406
1997-02-26,9.65625,9.6875,9.53125,9.6875,6.414065361022949,-0.36550897659558923,0.32364559457440656,0.020691871643066406
1997-02-27,9.65625,9.8125,9.65625,9.8125,6.496823787689209,-0.6643322236477592,1.2902647854068805,0.08275842666625977
1997-02-28,9.8125,9.9375,9.8125,9.9375,6.579587936401367,0.32150521756173617,1.2739170926720833,0.0827641487121582
1997-03-03,9.90625,10.0,9.90625,9.96875,6.600274562835693,-0.0415510639035171,0.3144061092318351,0.020686626434326172
1997-03-04,9.96875,10.09375,9.96875,10.0625,6.662347316741943,-0.8542385862603532,0.9404571478853985,0.06207275390625
1997-03-05,10.0625,10.15625,10.0625,10.125,6.703729152679443,-0.20073727962289736,0.6211299707163276,0.0413818359375
1997-03-06,10.09375,10.125,9.96875,10.03125,6.64165735244751,-0.9073006581668134,-0.9259294165714249,-0.062071800231933594
1997-03-07,10.03125,10.03125,10.0,10.0,6.620969295501709,-0.2901049796758828,-0.31148937453355785,-0.02068805694580078
1997-03-10,10.0,10.03125,9.96875,10.0,6.620969295501709,-0.8793732519002554,0.0,0.0
1997-03-11,10.0,10.03125,9.9375,10.03125,6.64165735244751,-0.9715336925798966,0.3124626625267135,0.02068805694580078
1997-03-12,9.96875,10.0,9.78125,9.8125,6.496823787689209,-0.7704563674606795,-2.180684083392659,-0.14483356475830078
1997-03-13,9.8125,9.8125,9.65625,9.65625,6.393373489379883,-0.7285652580608425,-1.592321135527075,-0.10345029830932617
1997-03-14,9.65625,9.6875,9.46875,9.5625,6.331297874450684,-0.993875617593143,-0.9709367837232419,-0.06207561492919922
1997-03-17,9.59375,9.65625,9.375,9.625,6.372681617736816,-0.912886139420125,0.653637597010448,0.04138374328613281
1997-03-18,9.625,9.6875,9.59375,9.59375,6.35198974609375,-0.4437057141419515,-0.3246964603641156,-0.020691871643066406
1997-03-19,9.5625,9.875,9.53125,9.875,6.538202285766602,-1.0664868738861937,2.931562346859362,0.18621253967285156
1997-03-20,9.875,9.96875,9.65625,9.96875,6.600274562835693,-0.7006378517942846,0.9493783513584653,0.0620722770690918
1997-03-21,9.96875,10.03125,9.96875,10.0,6.620969295501709,-1.0162175426063893,0.31354351200088004,0.020694732666015625
1997-03-24,9.96875,9.96875,9.65625,9.71875,6.434750556945801,-0.9715336925798966,-2.8125600685450336,-0.1862187385559082
1997-03-25,9.78125,9.8125,9.71875,9.78125,6.476132392883301,0.7124889052935474,0.6430993023160969,0.0413818359375
1997-03-26,9.75,9.8125,9.75,9.8125,6.496823787689209,-0.019209138890270743,0.31950234415600853,0.020691394805908203
1997-03-27,9.8125,9.8125,9.65625,9.65625,6.393373489379883,-0.7732491080873353,-1.592321135527075,-0.10345029830932617
1997-03-31,9.65625,9.65625,9.5625,9.5625,6.331297874450684,-0.24542112964939009,-0.9709367837232419,-0.06207561492919922
1997-04-01,9.59375,9.625,9.53125,9.5625,6.331297874450684,-0.31523964531578497,0.0,0.0
1997-04-02,9.53125,9.5625,9.46875,9.5,6.289918899536133,-1.373688342818331,-0.6535622827277043,-0.04137897491455078
1997-04-03,9.46875,9.5,9.3125,9.46875,6.269228458404541,-0.7006378517942846,-0.3289460716753845,-0.020690441131591797
1997-04-04,9.4375,9.5625,9.4375,9.5,6.289918899536133,-0.9771191738332082,0.33003169798118126,0.020690441131591797
1997-04-07,9.53125,9.5625,9.53125,9.53125,6.310610771179199,0.09529322680261683,0.3289688145993841,0.020691871643066406
1997-04-08,9.5625,9.5625,9.53125,9.53125,6.310610771179199,-1.1530618333125233,0.0,0.0
1997-04-09,9.5,9.5625,9.4375,9.46875,6.269228458404541,-1.2145021270989507,-0.65575764811312,-0.0413823127746582
1997-04-10,9.46875,9.46875,9.34375,9.40625,6.227846145629883,-1.1893674614590486,-0.6600862139452102,-0.0413823127746582
1997-04-11,9.40625,9.40625,9.34375,9.375,6.207159042358398,-1.3569318990583963,-0.33217107147067715,-0.020687103271484375
1997-04-14,9.40625,9.40625,9.21875,9.25,6.124393939971924,-1.2619787177520991,-1.3333813717624432,-0.08276510238647461
1997-04-15,9.21875,9.25,9.0,9.03125,5.979562759399414,2.6981274908458173,-2.364824699261159,-0.14483118057250977
1997-04-16,9.03125,9.03125,8.78125,9.03125,5.979562759399414,1.7793158246760608,0.0,0.0
1997-04-17,9.0625,9.15625,9.03125,9.125,6.041632652282715,-0.9631554706999292,1.0380339730648558,0.06206989288330078
1997-04-18,9.0625,9.40625,9.0625,9.375,6.207159042358398,-0.8458603643803859,2.7397625708531326,0.1655263900756836
1997-04-21,9.375,9.59375,9.375,9.5,6.289918899536133,-0.6252338548745782,1.3332968691952551,0.08275985717773438
1997-04-22,9.5,9.65625,9.5,9.59375,6.35198974609375,-0.6587467423944476,0.9868306340514943,0.06207084655761719
1997-04-23,9.5625,9.65625,9.40625,9.65625,6.393373489379883,0.9777992648258479,0.6515083452642845,0.04138374328613281
1997-04-24,9.65625,10.0625,9.65625,9.9375,6.579587936401367,1.8547198215957672,2.91261643529519,0.18621444702148438
1997-04-25,10.0,10.09375,9.8125,9.90625,6.558896064758301,0.5086188395476744,-0.3144858286426966,-0.020691871643066406
1997-04-28,9.96875,9.96875,9.8125,9.84375,6.517516613006592,0.05340211740277991,-0.6308904935091952,-0.041379451751708984
1997-04-29,9.875,9.96875,9.875,9.96875,6.600274562835693,0.732038089680138,1.2697773514523503,0.08275794982910156
1997-04-30,9.96875,10.125,9.96875,10.0,6.620969295501709,-0.40181460474211456,0.31354351200088004,0.020694732666015625
1997-05-01,10.0,10.03125,9.8125,9.9375,6.579587936401367,-0.40740008599542615,-0.6250045462143472,-0.0413813591003418
1997-05-02,9.90625,10.1875,9.90625,10.0625,6.662347316741943,-0.1392969858364699,1.2578201118448762,0.08275938034057617
1997-05-05,10.0625,10.15625,9.9375,10.09375,6.729855537414551,-0.27055579528929224,1.0132798166040402,0.06750822067260742
1997-05-06,10.03125,10.28125,10.03125,10.1875,6.792361736297607,-0.4688403797818536,0.9287896082695202,0.06250619888305664
1997-05-07,10.21875,10.21875,10.15625,10.1875,6.792361736297607,-0.870995030020288,0.0,0.0
1997-05-08,10.15625,10.40625,10.15625,10.25,6.834029197692871,-0.9603627300732734,0.6134458530469233,0.04166746139526367
1997-05-09,10.28125,10.3125,10.25,10.25,6.834029197692871,-1.0581086520062262,0.0,0.0
1997-05-12,10.25,10.53125,10.1875,10.53125,7.021551609039307,-0.4492911953952631,2.743950982968313,0.18752241134643555
1997-05-13,10.5,10.53125,10.25,10.28125,6.854866981506348,-0.9240571019267481,-2.373900197762202,-0.16668462753295898
1997-05-14,10.25,10.25,10.1875,10.1875,6.792361736297607,-1.2703569396320666,-0.9118374634748183,-0.06250524520874023
1997-05-15,10.21875,10.3125,10.1875,10.3125,6.875703811645508,-0.6475757798878244,1.2269970090451832,0.08334207534790039
1997-05-16,10.3125,10.3125,10.25,10.25,6.834029197692871,-1.046937689499603,-0.6061141534638437,-0.04167461395263672
1997-05-19,10.25,10.4375,10.25,10.4375,6.959046363830566,-1.2312585708588855,1.8293332164852405,0.1250171661376953
1997-05-20,10.4375,10.5625,10.40625,10.53125,7.021551609039307,0.3689818082148847,0.8981869345433546,0.06250524520874023
1997-05-21,10.5,10.5625,10.46875,10.5625,7.042390823364258,-0.7509071830740889,0.29678930648495694,0.020839214324951172
1997-05-22,10.5,10.75,10.5,10.75,7.167398452758789,-0.8263111799937953,1.7750737289359053,0.12500762939453125
1997-05-23,10.75,10.84375,10.75,10.84375,7.229907512664795,-1.2759424208853782,0.8721303875877773,0.06250905990600586
1997-05-27,10.84375,11.09375,10.84375,11.0625,7.375758171081543,-0.8933369550335344,2.0173239859743397,0.14585065841674805
1997-05-28,11.0,11.03125,11.0,11.0,7.334085941314697,-0.6224411142479224,-0.5649891007846741,-0.0416722297668457
1997-05-29,10.96875,11.0625,10.96875,11.0625,7.375758171081543,-1.1781964989524254,0.568199365269173,0.0416722297668457
1997-05-30,11.0625,11.09375,10.9375,11.09375,7.396588325500488,-1.1502690926858674,0.2824137388426795,0.020830154418945312
1997-06-02,11.125,11.28125,11.125,11.25,7.500766754150391,0.6147429833605946,1.4084659584302717,0.10417842864990234
1997-06-03,11.28125,11.28125,11.21875,11.25,7.500766754150391,-0.5917209673547086,0.0,0.0
1997-06-04,11.25,11.3125,11.1875,11.3125,7.542433261871338,-1.1083779832860305,0.5554966456981392,0.041666507720947266
1997-06-05,11.3125,11.3125,11.125,11.15625,7.438259124755859,-0.41577830787539355,-1.3811741317235393,-0.10417413711547852
1997-06-06,11.125,11.40625,11.125,11.375,7.584108352661133,0.215381073748816,1.9607978891171163,0.14584922790527344
1997-06-09,11.3125,11.4375,11.21875,11.21875,7.479936599731445,-0.9771191738332082,-1.373553067621136,-0.1041717529296875
1997-06-10,11.0625,11.0625,10.9375,11.0,7.334085941314697,-1.0022538394731104,-1.94989163974979,-0.14585065841674805
1997-06-11,11.0,11.0625,10.75,10.75,7.167398452758789,-0.5470371173282159,-2.2727779561037997,-0.1666874885559082
1997-06-12,10.6875,10.9375,10.6875,10.9375,7.292414665222168,-1.1474763520592117,1.7442341637258885,0.1250162124633789
1997-06-13,10.96875,11.03125,10.96875,11.0,7.334085941314697,-1.005046580099766,0.571433167278057,0.0416712760925293
1997-06-16,11.0,11.0,10.84375,10.84375,7.229907512664795,-1.2536004958721318,-1.4204691557135996,-0.10417842864990234
1997-06-17,10.875,11.03125,10.84375,10.9375,7.292414665222168,-0.0415510639035171,0.8645636537933266,0.06250715255737305
1997-06-18,11.0,11.03125,10.9375,11.0,7.334085941314697,-1.0999997614060633,0.571433167278057,0.0416712760925293
1997-06-19,11.0,11.0,10.9375,10.96875,7.313251495361328,-0.8263111799937953,-0.2840769268328769,-0.02083444595336914
1997-06-20,10.90625,11.0,10.875,10.9375,7.292414665222168,-0.28172675779591544,-0.28491882375953903,-0.020836830139160156
1997-06-23,10.96875,10.96875,10.875,10.875,7.250739097595215,-0.7648708862073679,-0.5714920165703963,-0.041675567626953125
1997-06-24,10.875,10.9375,10.875,10.875,7.250739097595215,-0.9966683582197988,0.0,0.0
1997-06-25,10.921875,10.984375,10.875,10.984375,7.323663234710693,-1.0720723551395053,1.0057476366742257,0.07292413711547852
1997-06-26,10.9375,10.9375,10.71875,10.71875,7.146567344665527,-0.870995030020288,-2.418132625293523,-0.17709589004516602
1997-06-27,10.875,11.09375,10.875,11.09375,7.396588325500488,-0.40460734536877035,3.4984765241397486,0.25002098083496094
1997-06-30,11.078125,11.46875,11.078125,11.3125,7.542433261871338,-0.14767520771643727,1.9717865852832972,0.1458449363708496
1997-07-01,11.25,11.40625,11.21875,11.40625,7.604944229125977,-0.41019282662208195,0.8287904590504658,0.06251096725463867
1997-07-02,11.34375,11.34375,11.21875,11.28125,7.5216064453125,-1.0553159113795705,-1.0958368832515997,-0.08333778381347656
1997-07-03,11.28125,11.359375,11.28125,11.359375,7.573690414428711,-1.3653101209383636,0.6924580472921438,0.05208396911621094
1997-07-07,11.359375,11.375,11.21875,11.21875,7.479936599731445,-1.2815279021386898,-1.2378881307143819,-0.09375381469726562
1997-07-08,11.21875,11.21875,11.125,11.125,7.417427539825439,-1.127927167672621,-0.8356897023465537,-0.06250905990600675
1997-07-09,11.125,11.375,11.125,11.1875,7.459097385406494,0.025474711136221965,0.5617829814625441,0.041669845581055576
1997-07-10,11.1875,11.34375,11.1875,11.34375,7.563277244567871,-1.292698864645313,1.3966818473935216,0.10417985916137695
1997-07-11,11.34375,11.484375,11.34375,11.453125,7.636198043823242,-0.6475757798878244,0.9641428827396714,0.0729207992553711
1997-07-14,11.453125,11.5625,11.453125,11.515625,7.677867889404297,-0.979911914459864,0.5456883823850012,0.04166984558105469
1997-07-15,11.5,11.5625,11.5,11.5625,7.709123611450195,-1.278735161512034,0.40708856281614914,0.03125572204589844
1997-07-16,11.5625,11.71875,11.5625,11.71875,7.813301086425781,-0.6978451111676288,1.351353023070656,0.10417747497558594
1997-07-17,11.703125,11.703125,11.5625,11.5625,7.709123611450195,-0.5833427454747412,-1.3333349607706269,-0.10417747497558594
1997-07-18,11.5,11.5,11.21875,11.4375,7.625782012939453,-0.7062233330475961,-1.0810774701673798,-0.08334159851074219
1997-07-21,11.40625,11.421875,11.25,11.25,7.500766754150391,-1.0022538394731104,-1.6393762446518467,-0.1250152587890625
1997-07-22,11.25,11.34375,11.25,11.3125,7.542433261871338,-0.993875617593143,0.5554966456981392,0.041666507720947266
1997-07-23,11.375,11.375,11.34375,11.375,7.584108352661133,-0.6447830392611686,0.5525417241737163,0.04167509078979492
1997-07-24,11.375,12.0,11.28125,11.9375,7.9591474533081055,3.1282095473508096,4.945065170586305,0.37503910064697266
1997-07-25,12.0,12.078125,11.984375,12.0,8.000821113586426,0.019889229882910378,0.5235945246999885,0.04167366027832031
1997-07-28,12.0625,12.25,12.0,12.1875,8.125833511352539,-0.6084774111146434,1.5624945988834238,0.12501239776611328
1997-07-29,12.25,12.390625,12.25,12.390625,8.261260032653809,0.061780339282747294,1.6666169828863264,0.13542652130126953
1997-07-30,12.390625,12.625,12.375,12.625,8.417530059814453,-0.1448824670897815,1.8916003919857927,0.15627002716064453
1997-07-31,12.65625,13.015625,12.65625,12.71875,8.480031967163086,-0.20911550150286476,0.7425207502022246,0.06250190734863281
1997-08-01,12.671875,12.9375,12.65625,12.9375,8.680484771728516,-0.4660476391551978,2.363821331589744,0.2004528045654297
1997-08-04,12.9375,13.234375,12.9375,13.171875,8.837737083435059,-0.5665863017148064,1.8115614028688665,0.15725231170654297
1997-08-05,13.25,13.4375,13.234375,13.4375,9.015961647033691,-0.7872128112206142,2.016631202264274,0.1782245635986328
1997-08-06,13.421875,13.625,13.421875,13.59375,9.120793342590332,1.35481924942438,1.162734488684647,0.10483169555664062
1997-08-07,13.578125,13.90625,13.578125,13.90625,9.330472946166992,-0.3347888297023755,2.2989184789172112,0.20967960357666016
1997-08-08,13.875,13.875,13.5625,13.5625,9.099828720092772,0.04223115489615673,-2.47194571384477,-0.23064422607422053
1997-08-11,13.59375,13.734375,13.5625,13.734375,9.215152740478516,-0.6056846704879876,1.2673207807868403,0.11532402038574396
1997-08-12,13.734375,13.78125,13.625,13.6875,9.18369960784912,0.050609376776124114,-0.341319710212018,-0.03145313262939631
1997-08-13,13.671875,13.671875,13.59375,13.640625,9.152246475219728,-0.3710944578489008,-0.3424886916217118,-0.03145313262939098
1997-08-14,13.625,13.640625,13.609375,13.640625,9.152246475219728,-1.2954916052719687,0.0,0.0
1997-08-15,13.640625,13.9375,13.625,13.625,9.141764640808104,-0.23145742651611112,-0.11452744897119116,-0.010481834411624646
1997-08-18,13.578125,13.609375,13.125,13.25,8.890157699584961,0.3717745488415405,-2.752279796178403,-0.25160694122314275
1997-08-19,13.3125,13.5,13.3125,13.5,9.057891845703123,-1.005046580099766,1.8867398283159087,0.1677341461181623
1997-08-20,13.4375,13.4375,13.234375,13.3125,8.93209171295166,-0.41019282662208195,-1.3888456044122477,-0.12580013275146307
1997-08-21,13.3125,13.3125,13.25,13.3125,8.93209171295166,-0.9017151769135018,0.0,0.0
1997-08-22,13.28125,13.40625,13.25,13.40625,8.99499225616455,-1.032973986366324,0.7042084344217381,0.06290054321289062
1997-08-25,13.40625,13.484375,13.40625,13.40625,8.99499225616455,-1.331797233418494,0.0,0.0
1997-08-26,13.421875,13.5,13.421875,13.46875,9.0369291305542,-0.0918203951833214,0.46622468586237087,0.04193687438964844
1997-08-27,13.5,13.875,13.421875,13.875,9.309504508972168,-0.6782959267810382,3.016238973219143,0.27257537841796875
1997-08-28,13.875,13.890625,13.8125,13.890625,9.31998348236084,-1.0106320613530777,0.11256209585130961,0.010478973388671875
1997-08-29,13.890625,14.0625,13.828125,14.0625,9.435306549072266,-0.938020805060027,1.23737415339511,0.11532306671142578
1997-09-02,14.0625,14.78125,14.0625,14.609375,9.802234649658203,-0.6559540017677918,3.888883722829495,0.3669281005859375
1997-09-03,14.578125,14.578125,14.3125,14.34375,9.624011039733888,0.13718433620245374,-1.818193670057977,-0.17822360992431463
1997-09-04,14.25,14.265625,14.0625,14.078125,9.445785522460938,0.8521259366263371,-1.8518839653978492,-0.178225517272951
1997-09-05,13.96875,14.03125,13.9375,13.953125,9.36192226409912,-1.0357667269929798,-0.8878378422038202,-0.08386325836181818
1997-09-08,13.953125,13.953125,13.59375,13.71875,9.20466423034668,0.4136656582413774,-1.6797622252802569,-0.15725803375243963
1997-09-09,13.6875,13.921875,13.53125,13.921875,9.340950012207031,0.5728518739607577,1.4806165488474132,0.13628578186035156
1997-09-10,13.96875,14.015625,13.9375,13.96875,9.37240505218506,-0.5610008204614948,0.33674347830705553,0.03145503997802912
1997-09-11,13.9375,14.0,13.796875,14.0,9.39337158203125,-0.9547772488199618,0.2237049052985718,0.02096652984618963
1997-09-12,13.96875,14.015625,13.9375,14.0,9.39337158203125,-0.0387583232768613,0.0,0.0
1997-09-15,13.96875,14.0,13.921875,14.0,9.39337158203125,-0.8933369550335344,0.0,0.0
1997-09-16,13.984375,14.234375,13.984375,14.21875,9.540139198303224,-0.6308193361278897,1.5624593894776773,0.14676761627197443
1997-09-17,14.203125,14.25,14.078125,14.15625,9.498208999633787,-0.7062233330475961,-0.43951348924651246,-0.041930198669437146
1997-09-18,13.921875,13.984375,13.8125,13.96875,9.37240505218506,-0.7676636268340237,-1.3245017818999116,-0.12580394744872692
1997-09-19,13.90625,14.125,13.890625,14.125,9.477242469787598,-0.8374821425004185,1.1185754032055684,0.10483741760253729
1997-09-22,14.0625,14.0625,13.875,13.90625,9.330472946166992,-1.0999997614060633,-1.5486521959155342,-0.14676952362060547
1997-09-23,13.90625,14.15625,13.8125,14.15625,9.498208999633787,-0.09740587643663298,1.7977229496785707,0.1677360534667951
1997-09-24,14.125,14.28125,14.125,14.25,9.561111450195312,-0.628026595501234,0.6622559112349657,0.06290245056152521
1997-09-25,14.21875,14.28125,14.109375,14.25,9.561111450195312,-1.1390981301792442,0.0,0.0
1997-09-26,14.28125,14.28125,13.9375,13.984375,9.382887840270996,-1.032973986366324,-1.864046987138468,-0.1782236099243164
1997-09-29,14.046875,14.0625,13.828125,13.90625,9.330472946166992,-0.6978451111676288,-0.5586221960262705,-0.052414894104003906
1997-09-30,14.0625,14.140625,13.90625,13.984375,9.382887840270996,-0.6475757798878244,0.5617603138277749,0.052414894104003906
1997-10-01,13.984375,14.09375,13.90625,14.09375,9.456273078918455,-0.9073006581668134,0.7821178287189312,0.07338523864745916
1997-10-02,14.125,14.125,14.0,14.125,9.477242469787598,-1.2312585708588855,0.22175111372249035,0.0209693908691424
1997-10-03,14.15625,14.25,14.0,14.0,9.39337158203125,-0.5107314891816905,-0.8849714252190832,-0.08387088775634766
1997-10-06,14.03125,14.1875,13.96875,14.1875,9.519173622131348,-1.0497304301262589,1.3392639586487398,0.12580204010009766
1997-10-07,14.25,14.28125,14.203125,14.21875,9.540139198303224,-0.5079387485550347,0.22024575876138375,0.020965576171876776
1997-10-08,14.1875,14.25,14.140625,14.25,9.561111450195312,-0.5917209673547086,0.21983171792523404,0.020972251892088067
1997-10-09,14.1875,14.21875,14.125,14.21875,9.540139198303224,-1.2899061240186571,-0.21934951811130032,-0.020972251892088067
1997-10-10,14.1875,14.234375,14.0625,14.1875,9.519173622131348,-1.0776578363928169,-0.219761742843394,-0.020965576171876776
1997-10-13,14.25,14.5,14.25,14.3125,9.603046417236328,-0.36271623596893343,0.8810932380725056,0.08387279510498047
1997-10-14,14.296875,14.296875,14.171875,14.234375,9.550625801086426,-1.264771458378755,-0.5458748596259388,-0.052420616149902344
1997-10-15,14.15625,14.234375,14.015625,14.0625,9.435306549072266,-1.005046580099766,-1.2074523116698987,-0.11531925201416016
1997-10-16,14.125,14.4375,13.921875,13.921875,9.340950012207031,-0.6755031861543824,-1.0000367913272745,-0.09435653686523438
1997-10-17,13.78125,13.78125,13.5,13.53125,9.078865051269531,-0.5749645235947738,-2.8057634458486524,-0.2620849609375
1997-10-20,13.375,13.78125,13.375,13.75,9.22563648223877,-0.7872128112206142,1.6166275205149683,0.14677143096923828
1997-10-21,13.8125,14.125,13.75,13.9375,9.351438522338867,-0.695052370540973,1.3636136687402711,0.12580204010009766
1997-10-22,13.9375,14.21875,13.9375,14.21875,9.540139198303224,-1.0916215395260958,2.0178785917651654,0.18870067596435725
1997-10-23,14.046875,14.046875,13.78125,13.796875,9.257087707519531,1.1732911086917535,-2.966953467870115,-0.2830514907836932
1997-10-24,13.84375,14.234375,13.828125,14.234375,9.550625801086426,-0.42694927038201674,3.1709550869703174,0.29353809356689453
1997-10-27,14.171875,14.171875,13.453125,13.640625,9.152246475219728,-0.667124964274415,-4.171237928946814,-0.39837932586669744
1997-10-28,13.578125,13.703125,13.390625,13.703125,9.194183349609377,-0.42136378912870515,0.45821399700276544,0.04193687438964844
1997-10-29,13.78125,14.21875,13.78125,13.9375,9.351438522338867,-0.6252338548745782,1.7103767322213637,0.1572551727294904
1997-10-30,13.75,13.75,13.609375,13.625,9.141764640808104,-0.6922596299143172,-2.2421564450206377,-0.2096738815307635
1997-10-31,13.59375,13.75,13.578125,13.734375,9.269574165344238,-0.5079387485550347,1.398083735011113,0.1278095245361346
1997-11-03,13.703125,14.0625,13.703125,14.0625,9.491032600402832,-0.9268498425534039,2.389089629236163,0.22145843505859375
1997-11-04,14.03125,14.0625,13.9375,14.0,9.4488525390625,-1.102792502032719,-0.44442015022202463,-0.04218006134033203
1997-11-05,13.9375,14.0,13.90625,14.0,9.4488525390625,-1.3290044927918383,0.0,0.0
1997-11-06,14.0,14.046875,13.75,13.75,9.280122756958008,1.7067045683830102,-1.7857171694334983,-0.1687297821044922
1997-11-07,13.71875,13.71875,13.453125,13.46875,9.09030055999756,-1.2284658302322298,-2.0454707543402173,-0.18982219696044744
1997-11-10,13.4375,13.5625,13.1875,13.1875,8.900484085083008,-0.9966683582197988,-2.0881209995393557,-0.18981647491455256
1997-11-11,13.125,13.25,13.03125,13.125,8.858298301696777,-1.0636941332595378,-0.47397178606197743,-0.04218578338623047
1997-11-12,13.0625,13.0625,12.78125,12.8125,8.647385597229004,-1.0245957644863568,-2.3809618651854825,-0.21091270446777344
1997-11-13,12.75,12.75,12.609375,12.6875,8.563021659851074,-0.7173942955542193,-0.975600502942342,-0.08436393737792969
1997-11-14,12.703125,13.203125,12.703125,13.15625,8.879384994506836,-0.6559540017677918,3.694529188675011,0.3163633346557617
1997-11-17,13.25,14.03125,13.25,13.953125,9.417217254638672,-0.022001879516926538,6.057089094172197,0.5378322601318359
1997-11-18,13.890625,13.890625,13.640625,13.640625,9.206300735473633,-0.898922436286846,-2.239690488834667,-0.21091651916503906
1997-11-19,13.671875,14.28125,13.671875,14.203125,9.585944175720217,-0.6475757798878244,4.123734941481394,0.3796434402465838
1997-11-20,14.1875,14.390625,14.140625,14.140625,9.5437593460083,-0.5330734141949369,-0.4400696367371282,-0.04218482971191584
1997-11-21,14.15625,14.15625,14.09375,14.109375,9.52266788482666,-1.0553159113795705,-0.22099741220383828,-0.021091461181640625
1997-11-24,14.140625,14.15625,14.078125,14.109375,9.52266788482666,-1.0776578363928169,0.0,0.0
1997-11-25,14.109375,14.171875,14.109375,14.140625,9.5437593460083,-1.1698182770724581,0.22148689250465203,0.021091461181640625
1997-11-26,14.140625,14.21875,14.125,14.21875,9.596487998962402,-1.3094553084052478,0.5524935305096124,0.05272865295410156
1997-11-28,14.21875,14.25,14.21875,14.25,9.617581367492676,-1.4351286366047584,0.21980300014499132,0.021093368530273438
1997-12-01,14.25,14.59375,14.25,14.5625,9.8284912109375,-0.2984832015558502,2.192961363006485,0.21090984344482422
1997-12-02,14.5625,14.609375,14.28125,14.3125,9.65975856781006,-0.8821659925269112,-1.7167705551760393,-0.16873264312743963
1997-12-03,14.3125,14.625,14.3125,14.625,9.870671272277832,-0.6084774111146434,2.1834158999647357,0.21091270446777166
1997-12-04,14.625,14.65625,14.625,14.640625,9.88122272491455,-0.8933369550335344,0.10689701182080569,0.01055145263671875
1997-12-05,14.625,14.78125,14.625,14.6875,9.912859916687012,-0.21190824212952056,0.320174867556533,0.03163719177246094
1997-12-08,14.6875,14.6875,14.484375,14.5,9.786310195922852,-1.1698182770724581,-1.2766216997693092,-0.12654972076416016
1997-12-09,14.5,14.5,14.28125,14.296875,9.649218559265137,-0.4297420110086725,-1.400851126861169,-0.13709163665771484
1997-12-10,14.296875,14.296875,13.84375,14.0625,9.491032600402832,-0.15326068896974887,-1.639365487378408,-0.1581859588623047
1997-12-11,14.078125,14.078125,13.84375,13.96875,9.427760124206545,-1.239636792738853,-0.6666553457376323,-0.06327247619628729
1997-12-12,14.03125,14.171875,13.9375,14.09375,9.512125968933104,-1.2312585708588855,0.8948662631958815,0.08436584472655895
1997-12-15,14.03125,14.0625,13.96875,14.0,9.4488525390625,-1.1921602020857043,-0.6651870473252441,-0.06327342987060369
1997-12-16,13.90625,14.1328125,13.90625,14.09375,9.512125968933104,0.07574404241602627,0.6696414152832286,0.06327342987060369
1997-12-17,14.09375,14.09375,13.9375,13.984375,9.438302993774414,-0.9463990269399944,-0.7760933297119688,-0.07382297515868963
1997-12-18,13.984375,13.984375,13.5625,13.625,9.195757865905762,-0.5442443767015601,-2.569795947731679,-0.24254512786865234
1997-12-19,13.625,13.625,13.375,13.453125,9.079752922058104,-1.0944142801527517,-1.2615049845729254,-0.11600494384765803
1997-12-22,13.453125,13.5,13.359375,13.390625,9.037571907043455,0.6929397209069568,-0.4645612647914188,-0.04218101501464844
1997-12-23,13.375,13.375,13.234375,13.28125,8.963751792907715,-0.4967677860484116,-0.8168135744315186,-0.07382011413574041
1997-12-24,13.28125,13.28125,13.15625,13.234375,8.932120323181152,-1.0999997614060633,-0.35288203485944747,-0.0316314697265625
1997-12-26,13.234375,13.234375,13.109375,13.203125,8.911029815673828,-1.278735161512034,-0.23611983206931475,-0.02109050750732422
1997-12-29,13.203125,13.46875,13.109375,13.40625,9.048117637634276,-0.3347888297023755,1.5384060517822595,0.13708782196044744
1997-12-30,13.421875,13.484375,13.390625,13.421875,9.058664321899414,-0.26217757340932485,0.116562192132319,0.010546684265138495
1997-12-31,13.4375,13.890625,13.4375,13.875,9.36448860168457,-0.7704563674606795,3.376041642759886,0.30582427978515625
1998-01-02,13.890625,13.890625,13.4375,13.78125,9.301217079162598,-0.4409129735152957,-0.6756537939572094,-0.06327152252197266
1998-01-05,13.75,13.75,13.5,13.578125,9.164119720458984,-0.4828040829151326,-1.4739722504783948,-0.13709735870361328
1998-01-06,13.578125,13.640625,13.25,13.25,8.942665100097656,-0.9352280644333713,-2.4165400182074026,-0.22145462036132812
1998-01-07,13.25,13.25,12.875,12.875,8.689568519592285,0.2544794425219971,-2.8302142333677116,-0.2530965805053711
1998-01-08,12.875,12.875,12.65625,12.78125,8.626297950744629,-0.5526225985815275,-0.7281209499067853,-0.06327056884765625
1998-01-09,12.75,12.84375,12.28125,12.296875,8.2993803024292,1.0839234086387681,-3.7897792330162883,-0.3269176483154297
1998-01-12,12.234375,12.328125,12.171875,12.234375,8.257200241088867,1.7988650090626515,-0.5082314558833567,-0.04218006134033203
1998-01-13,12.25,12.265625,12.1875,12.25,8.267742156982422,-0.5079387485550347,0.12766937443391413,0.010541915893554688
1998-01-14,12.25,12.265625,12.1875,12.1875,8.225560188293457,-0.3347888297023755,-0.5101993735174837,-0.042181968688964844
1998-01-15,12.25,12.34375,12.21875,12.328125,8.320474624633789,-0.5191097110616579,1.153896320343173,0.09491443634033203
1998-01-16,12.375,12.46875,12.296875,12.296875,8.2993803024292,0.0003400454963198173,-0.2535230639624464,-0.021094322204589844
1998-01-20,12.3125,12.3125,12.25,12.265625,8.27829360961914,-0.79000555184727,-0.2540755097568792,-0.021086692810058594
1998-01-21,12.265625,12.5625,11.984375,12.53125,8.457565307617188,0.29637055192183404,2.165563417438321,0.17927169799804688
1998-01-22,12.5625,12.5625,12.359375,12.453125,8.404842376708984,0.019889229882910378,-0.6233818952685932,-0.052722930908203125
1998-01-23,12.453125,12.46875,12.34375,12.46875,8.41538143157959,0.2097955924955044,0.12539265340432149,0.010539054870605469
1998-01-26,12.5,12.5,12.390625,12.40625,8.373202323913574,0.056194858029435704,-0.5012144489105919,-0.042179107666015625
1998-01-27,12.34375,12.515625,12.34375,12.421875,8.383745193481445,-1.1167562051659978,0.12591203651870497,0.010542869567871094
1998-01-28,12.4375,12.484375,12.3125,12.421875,8.383745193481445,0.19024640810891383,0.0,0.0
1998-01-29,12.4375,12.578125,12.40625,12.578125,8.489202499389648,2.2987655812340386,1.2578782331099214,0.10545730590820312
1998-01-30,12.796875,13.1875,12.75,12.75,8.605201721191406,-0.24821387027604588,1.3664324983424292,0.11599922180175781
1998-02-02,12.78125,13.40625,12.75,13.234375,8.988515853881836,-0.17839535460965103,4.454446799852119,0.3833141326904297
1998-02-03,13.28125,13.3125,13.1875,13.234375,8.988515853881836,1.2403168837314924,0.0,0.0
1998-02-04,13.265625,13.3125,13.234375,13.296875,9.030962944030762,0.8409549741197139,0.472236916961033,0.04244709014892578
1998-02-05,13.359375,13.84375,13.359375,13.734375,9.328106880187988,-0.25659209215601325,3.29027965233355,0.29714393615722656
1998-02-06,13.796875,13.9375,13.640625,13.703125,9.306883811950684,-0.1979445389962416,-0.22751742137925302,-0.021223068237304688
1998-02-09,13.640625,13.671875,13.34375,13.421875,9.115861892700195,-0.7620781455807121,-2.0524798967104685,-0.19102191925048828
1998-02-10,13.4375,13.90625,13.4375,13.875,9.423616409301758,-0.7341507393141541,3.3760331192380866,0.3077545166015625
1998-02-11,13.921875,14.078125,13.890625,13.9375,9.466062545776367,-1.005046580099766,0.4504230078031579,0.042446136474609375
1998-02-12,13.90625,13.90625,13.515625,13.671875,9.28565788269043,-0.8682022893936322,-1.9058046808113627,-0.1804046630859375
1998-02-13,13.65625,13.78125,13.625,13.734375,9.328106880187988,-0.7676636268340237,0.45714582675600024,0.042448997497558594
1998-02-17,13.78125,14.1875,13.78125,14.1875,9.635858535766602,-0.7927982924739257,3.2991866359534106,0.3077516555786133
1998-02-18,14.15625,14.28125,14.15625,14.265625,9.68891716003418,-0.9463990269399944,0.550637227296713,0.053058624267578125
1998-02-19,14.453125,14.46875,14.28125,14.421875,9.795042991638184,0.8074420865998444,1.095332221868528,0.1061258316040039
1998-02-20,14.390625,14.46875,14.359375,14.46875,9.826876640319824,-1.127927167672621,0.32499753915133933,0.031833648681640625
1998-02-23,14.6875,14.6875,14.40625,14.46875,9.826876640319824,1.35481924942438,0.0,0.0
1998-02-24,14.40625,14.515625,14.265625,14.5,9.848102569580078,-0.979911914459864,0.21599873527631264,0.021225929260253906
1998-02-25,14.484375,14.625,14.484375,14.5,9.848102569580078,-0.8039692549805489,0.0,0.0
1998-02-26,14.4375,14.578125,14.421875,14.578125,9.901167869567873,-0.9324353238067155,0.5388378077185063,0.053065299987794745
1998-02-27,14.578125,14.578125,14.375,14.421875,9.795042991638184,-1.032973986366324,-1.071842022352465,-0.10612487792968928
1998-03-02,14.421875,14.84375,14.421875,14.84375,10.081570625305176,0.6985252021602684,2.925230996041517,0.2865276336669922
1998-03-03,14.90625,14.921875,14.71875,14.75,10.017895698547363,-1.1223416864193094,-0.6315972889976651,-0.0636749267578125
1998-03-04,14.75,14.75,14.71875,14.75,10.017895698547363,-1.0301812457396684,0.0,0.0
1998-03-05,14.6875,14.984375,14.6875,14.921875,10.134632110595703,0.06457307990940309,1.1652787727193692,0.11673641204833984
1998-03-06,14.921875,15.15625,14.8125,14.828125,10.070958137512209,-0.4688403797818536,-0.6282810504480318,-0.06367397308349432
1998-03-09,14.796875,15.03125,14.765625,15.03125,10.208914756774902,-0.7369434799408099,1.3698460203983354,0.13795661926269354
1998-03-10,15.015625,15.09375,15.0,15.03125,10.208914756774902,-0.11974780144987934,0.0,0.0
1998-03-11,15.046875,15.390625,15.046875,15.390625,10.452998161315918,-0.26497031403598065,2.3908849310259495,0.24408340454101562
1998-03-12,15.359375,15.359375,15.21875,15.265625,10.368098258972168,-1.211709386472295,-0.8122062305334077,-0.08489990234375
1998-03-13,15.3125,15.4375,15.125,15.25,10.357487678527832,0.27961410816189924,-0.10233873348136635,-0.010610580444335938
1998-03-16,15.234375,15.359375,15.1875,15.359375,10.431771278381348,-1.0804505770194726,0.7171970863891319,0.07428359985351562
1998-03-17,15.40625,15.4375,15.375,15.390625,10.452998161315918,-1.1893674614590486,0.20348301710333416,0.021226882934570312
1998-03-18,15.40625,15.5,15.40625,15.484375,10.516671180725098,-1.1055852426593749,0.6091364259951604,0.06367301940917969
1998-03-19,15.5,15.5625,15.5,15.53125,10.548505783081056,-1.1083779832860305,0.3027060731375153,0.03183460235595881
1998-03-20,15.5,15.78125,15.46875,15.75,10.697076797485352,-0.1979445389962416,1.4084555429887624,0.1485710144042951
1998-03-23,15.71875,15.90625,15.71875,15.859375,10.771364212036133,-0.912886139420125,0.6944646276471067,0.07428741455078125
1998-03-24,15.8359375,15.8359375,15.5625,15.5625,10.569729804992676,-0.9100933987934692,-1.8719486508324223,-0.20163440704345703
1998-03-25,15.578125,15.59375,15.25,15.28125,10.378708839416504,-0.4828040829151326,-1.8072454935029847,-0.19102096557617188
1998-03-26,15.28125,15.34375,15.25,15.25,10.357487678527832,-0.9045079175401576,-0.2044682167793077,-0.021221160888671875
1998-03-27,15.25,15.25,15.0,15.015625,10.19830322265625,-0.8235184393671395,-1.5369021987985398,-0.15918445587158203
1998-03-30,15.015625,15.0625,14.953125,14.96875,10.166465759277344,-0.7732491080873353,-0.3121839259316861,-0.03183746337890625
1998-03-31,14.984375,15.09375,14.96875,15.015625,10.19830322265625,3.3181159099634034,0.31316156600293965,0.03183746337890625
1998-04-01,15.015625,15.5,15.015625,15.484375,10.516671180725098,-0.013623657636959155,3.1217738001903195,0.31836795806884766
1998-04-02,15.4375,15.4375,15.375,15.375,10.442384719848633,-0.7425289611941215,-0.7063685799420738,-0.07428646087646484
1998-04-03,15.375,15.484375,15.25,15.265625,10.368098258972168,-1.0301812457396684,-0.7113936411025201,-0.07428646087646484
1998-04-06,15.265625,15.296875,14.9375,14.984375,10.177074432373049,0.609157502107283,-1.8424191382813593,-0.19102382659911932
1998-04-07,14.9375,14.9375,14.75,14.8125,10.060348510742188,-0.695052370540973,-1.1469496701287607,-0.11672592163086115
1998-04-08,14.78125,14.9375,14.75,14.875,10.10279655456543,0.031060192389533555,0.42193412860316304,0.04244804382324219
1998-04-09,14.875,15.25,14.859375,14.984375,10.177074432373049,-0.1895663171162742,0.7352209599237547,0.07427787780761896
1998-04-13,14.96875,15.109375,14.875,15.09375,10.251361846923828,-0.9408135456866829,0.7299486217224871,0.07428741455077947
1998-04-14,15.09375,15.15625,15.0,15.0,10.18769073486328,-0.6755031861543824,-0.6210990599229915,-0.06367111206054865
1998-04-15,15.03125,15.109375,14.9375,14.953125,10.155854225158691,-0.7704563674606795,-0.31249976597386153,-0.03183650970458807
1998-04-16,14.921875,14.9375,14.578125,14.6875,9.975448608398438,-0.6978451111676288,-1.7763706800097867,-0.1804056167602539
1998-04-17,14.671875,14.8125,14.625,14.6875,9.975448608398438,0.6398776490004967,0.0,0.0
1998-04-20,14.75,14.75,14.0,14.015625,9.519125938415527,0.4136656582413774,-4.574457629892725,-0.45632266998291016
1998-04-21,14.015625,14.390625,14.015625,14.375,9.763205528259276,-0.1895663171162742,2.564096655752146,0.24407958984374822
1998-04-22,14.625,14.9375,14.625,14.734375,10.00728702545166,0.391323733228131,2.500013919464239,0.2440814971923846
1998-04-23,14.734375,15.125,14.5,14.5,9.848102569580078,-0.11974780144987934,-1.5906854222001,-0.15918445587158203
1998-04-24,14.5,14.6875,14.484375,14.578125,9.901167869567873,-0.639197558007857,0.5388378077185063,0.053065299987794745
1998-04-27,14.5625,14.578125,14.1875,14.390625,9.773816108703612,-0.5665863017148064,-1.2862296906982928,-0.12735176086426137
1998-04-28,14.453125,14.6875,14.453125,14.609375,9.92238426208496,-0.5414516360749043,1.5200629081720374,0.14856815338134766
1998-04-29,14.640625,14.78125,14.625,14.75,10.017895698547363,-0.8318966612471069,0.9625855433493813,0.09551143646240412
1998-04-30,14.75,15.8125,14.75,15.625,10.612178802490234,0.9917629679591268,5.932214926424573,0.5942831039428711
1998-05-01,15.59375,15.59375,15.1875,15.5,10.527284622192385,0.11204967056255159,-0.7999693736589597,-0.08489418029784979
1998-05-04,15.40625,15.6875,15.40625,15.46875,10.560568809509276,-0.912886139420125,0.316170679443073,0.03328418731689098
1998-05-05,15.5,15.5,15.40625,15.421875,10.528563499450684,-0.25100661090270165,-0.3030642632598779,-0.032005310058591974
1998-05-06,15.46875,15.5625,15.421875,15.421875,10.528563499450684,-0.4409129735152957,0.0,0.0
1998-05-07,15.421875,15.53125,15.421875,15.4375,10.539228439331056,-1.1055852426593749,0.10129529903037948,0.01066493988037287
1998-05-08,15.453125,15.703125,15.453125,15.671875,10.699238777160645,-1.1474763520592117,1.5182357869049534,0.16001033782958807
1998-05-11,15.6875,16.375,15.6875,15.984375,10.912580490112305,-0.1365042452098141,1.993989641646987,0.21334171295166016
1998-05-12,15.984375,15.984375,15.828125,15.890625,10.848581314086914,0.1092569299358958,-0.586471514078446,-0.06399917602539062
1998-05-13,15.921875,15.953125,15.875,15.953125,10.891246795654297,-1.1195489457926537,0.39328166819363464,0.04266548156738281
1998-05-14,15.9375,16.0,15.921875,15.984375,10.912580490112305,1.589409462063467,0.19587926761994723,0.021333694458007812
1998-05-15,15.984375,16.25,15.984375,16.25,11.093929290771484,-0.9882901363398314,1.6618324219784375,0.1813488006591797
1998-05-18,16.25,16.34375,16.15625,16.1875,11.051258087158203,-0.6838814080343498,-0.38463561912890354,-0.04267120361328125
1998-05-19,16.15625,16.4375,16.15625,16.4375,11.221933364868164,0.2042101112421928,1.5443968131401142,0.17067527770996094
1998-05-20,16.375,16.375,16.25,16.3125,11.136594772338867,0.005925526749631406,-0.760462477851287,-0.08533859252929688
1998-05-21,16.28125,16.3125,16.1875,16.21875,11.072591781616213,0.19583188936222543,-0.5747088048999038,-0.06400299072265447
1998-05-22,16.1875,16.1875,15.828125,15.828125,10.805907249450684,-0.5023532673017231,-2.4085104682383784,-0.2666845321655291
1998-05-26,15.890625,15.953125,15.890625,15.921875,10.869913101196287,1.1760838493184091,0.5923227940796583,0.06400585174560369
1998-05-27,15.875,16.03125,15.875,16.03125,10.944581031799316,-0.8235184393671395,0.686922976365012,0.07466793060302912
1998-05-28,15.96875,16.46875,15.90625,16.40625,11.200594902038574,0.27682136753524345,2.3391838344054783,0.2560138702392578
1998-05-29,16.375,16.4375,16.203125,16.203125,11.061925888061523,-0.5330734141949369,-1.2380504356229505,-0.13866901397705078
1998-06-01,16.203125,16.3125,16.203125,16.25,11.093929290771484,-1.0972070207794073,0.2893113101082978,0.03200340270996094
1998-06-02,16.265625,16.453125,16.03125,16.046875,10.95525360107422,-0.6252338548745782,-1.2500141839972057,-0.13867568969726385
1998-06-03,16.0625,16.0625,15.84375,15.859375,10.82724380493164,-1.292698864645313,-1.1684786204312791,-0.1280097961425799
1998-06-04,15.859375,15.859375,15.59375,15.65625,10.68857479095459,-1.2033311645923275,-1.2807415855352722,-0.13866901397705078
1998-06-05,15.6875,15.875,15.671875,15.859375,10.82724380493164,-0.6503685205144802,1.2973573810270977,0.13866901397705078
1998-06-08,15.890625,15.9375,15.8828125,15.890625,10.848581314086914,-0.9687409519532408,0.1970723994000556,0.021337509155273438
1998-06-09,15.890625,15.921875,15.75,15.765625,10.763240814208984,-0.46046215790188627,-0.7866512441319418,-0.08534049987792969
1998-06-10,15.765625,15.765625,15.390625,15.390625,10.507227897644045,-0.8374821425004185,-2.378585790136434,-0.25601291656493963
1998-06-11,15.359375,15.359375,14.8125,14.84375,10.133877754211426,-0.653161261141136,-3.553269683208571,-0.37335014343261896
1998-06-12,14.875,15.125,14.875,15.125,10.325886726379396,-0.23145742651611112,1.8947235878010726,0.19200897216797053
1998-06-15,15.0625,15.109375,14.71875,14.78125,10.091205596923828,0.5337535051875766,-2.2727455343474867,-0.23468112945556818
1998-06-16,14.828125,15.03125,14.828125,14.9375,10.19787883758545,0.3438471425749825,1.0570911437394415,0.1066732406616211
1998-06-17,14.953125,15.03125,14.90625,14.90625,10.17654037475586,-0.16443165147637204,-0.20924412977868512,-0.021338462829589844
1998-06-18,14.90625,15.0625,14.625,14.8125,10.112540245056152,0.33826166132167096,-0.6288986958521536,-0.06400012969970703
1998-06-19,14.75,14.78125,14.6875,14.703125,10.037869453430176,-0.6699177049010708,-0.7383979674393082,-0.07467079162597656
1998-06-22,14.703125,14.71875,14.671875,14.703125,10.037869453430176,-1.38765204595161,0.0,0.0
1998-06-23,14.703125,14.8125,14.703125,14.796875,10.101871490478516,-0.21749372338283215,0.6376057921979594,0.06400203704833984
1998-06-24,14.78125,15.25,14.765625,15.0625,10.28321361541748,-0.4409129735152957,1.7951339522571441,0.18134212493896484
1998-06-25,15.03125,15.234375,14.90625,14.953125,10.208544731140137,-0.7285652580608425,-0.7261240218271237,-0.07466888427734375
1998-06-26,14.9375,15.046875,14.9375,15.046875,10.27254867553711,-1.236844052112197,0.6269644310979539,0.06400394439697266
1998-06-29,15.046875,15.640625,15.046875,15.640625,10.677902221679688,-0.3459597922089987,3.945988078965068,0.4053535461425781
1998-06-30,15.8125,15.96875,15.546875,15.546875,10.613897323608398,0.2516867018953413,-0.5994145361374215,-0.06400489807128906
1998-07-01,15.5625,15.78125,15.5625,15.75,10.752572059631348,-1.074865095766161,1.3065392644650453,0.13867473602294922
1998-07-02,15.8125,15.8125,15.671875,15.671875,10.699238777160645,-1.0636941332595378,-0.49600488306359436,-0.053333282470703125
1998-07-06,15.6875,15.9375,15.6875,15.90625,10.859244346618652,-0.8765805112735996,1.4954855461265737,0.1600055694580078
1998-07-07,15.890625,15.921875,15.859375,15.90625,10.859244346618652,-1.1865747208323927,0.0,0.0
1998-07-08,15.84375,15.875,15.78125,15.859375,10.82724380493164,-0.898922436286846,-0.2946847926575624,-0.03200054168701172
1998-07-09,15.84375,16.046875,15.84375,15.96875,10.90191650390625,-0.6364048173812012,0.6896741250122851,0.07467269897460938
1998-07-10,15.90625,16.125,15.890625,16.078125,10.97658634185791,-0.46046215790188627,0.6849239574060695,0.07466983795166016
1998-07-13,16.140625,16.28125,16.140625,16.140625,11.01925563812256,-0.639197558007857,0.3887301109447572,0.042669296264650214
1998-07-14,16.15625,16.71875,16.15625,16.265625,11.104589462280272,1.396710358824217,0.7744064296184128,0.08533382415771129
1998-07-15,16.328125,16.359375,16.25,16.34375,11.15792751312256,-1.0190102832330452,0.48032438320628756,0.05333805084228871
1998-07-16,16.40625,16.625,16.375,16.46875,11.24326515197754,-0.008038176383647566,0.7648162147909421,0.08533763885498047
1998-07-20,16.3125,16.5,16.3125,16.375,11.179264068603516,1.6061659058234015,-0.5692392957820425,-0.06400108337402521
1998-07-21,16.390625,16.40625,16.3125,16.3125,11.136594772338867,-0.26217757340932485,-0.3816825150815051,-0.04266929626464844
1998-07-23,16.328125,16.5,16.3125,16.34375,11.15792751312256,1.276622511878018,0.1915553292527017,0.021332740783693183
1998-07-24,16.34375,16.46875,16.328125,16.34375,11.15792751312256,-0.8542385862603532,0.0,0.0
1998-07-27,16.3125,16.328125,16.0625,16.15625,11.029921531677246,3.0639765129377263,-1.1472200486584039,-0.12800598144531428
1998-07-28,16.03125,16.03125,15.34375,15.59375,10.645902633666992,1.3715756931843148,-3.481610425852766,-0.3840188980102539
1998-07-29,15.4375,15.484375,15.0,15.0,10.240544319152832,2.519392090739846,-3.8076462697699265,-0.40535831451416016
1998-07-30,15.0,15.375,15.0,15.34375,10.47522258758545,-0.572171782968118,2.2916581493983568,0.2346782684326172
1998-07-31,15.3125,15.625,15.3125,15.390625,10.562297821044922,0.44438580513459114,0.831249481635532,0.08707523345947266
1998-08-03,15.40625,15.40625,14.765625,14.8125,10.16554069519043,-0.16443165147637204,-3.7563523825655754,-0.3967571258544922
1998-08-04,15.046875,15.1875,14.796875,14.796875,10.154815673828123,-0.3906436422354914,-0.10550369807068583,-0.010725021362306464
1998-08-05,14.796875,14.984375,14.703125,14.984375,10.28349494934082,0.2516867018953413,1.2671749015035427,0.1286792755126971
1998-08-06,14.921875,14.921875,14.71875,14.890625,10.219155311584473,-0.7536999237007447,-0.6256592537196903,-0.06433963775634766
1998-08-07,14.890625,15.109375,14.875,14.953125,10.262049674987791,-0.3375815703290313,0.41974470585346424,0.042894363403318536
1998-08-10,14.96875,14.96875,14.625,14.671875,10.0690336227417,-0.6755031861543824,-1.8808723243324388,-0.19301605224609197
1998-08-11,14.5,14.5,14.296875,14.296875,9.811675071716309,-0.9994610988464545,-2.555940924103439,-0.2573585510253906
1998-08-12,14.296875,14.625,14.296875,14.609375,10.026140213012695,-0.42415652975536094,2.1858157728298133,0.21446514129638672
1998-08-13,14.59375,14.765625,14.59375,14.71875,10.10119915008545,-0.013623657636959155,0.7486324296097191,0.0750589370727539
1998-08-14,14.75,15.03125,14.75,15.03125,10.315664291381836,-0.9408135456866829,2.123165161975571,0.21446514129638672
1998-08-17,15.03125,15.3125,15.03125,15.296875,10.497957229614258,-1.007839320726422,1.767146866001812,0.18229293823242188
1998-08-18,15.296875,15.71875,15.296875,15.625,10.723143577575684,1.8547198215957672,2.1450492037268454,0.22518634796142578
1998-08-19,15.625,15.6875,15.46875,15.5,10.63736057281494,0.4555567676412143,-0.7999800071700425,-0.08578300476074396
1998-08-20,15.5,15.5,15.28125,15.296875,10.497957229614258,-0.9463990269399944,-1.3105068898100924,-0.13940334320068182
1998-08-21,15.3125,15.3125,14.875,15.015625,10.304944038391112,-0.9240571019267481,-1.838578563443416,-0.1930131912231463
1998-08-24,15.046875,15.28125,15.015625,15.1875,10.42289924621582,-0.6615394830211034,1.144646757762735,0.11795520782470881
1998-08-25,15.25,15.375,15.03125,15.109375,10.369279861450195,-0.695052370540973,-0.5144382911030476,-0.053619384765625
1998-08-26,15.125,15.78125,14.84375,15.28125,10.487237930297852,-0.6880705189743335,1.137572429558853,0.11795806884765625
1998-08-27,15.09375,15.09375,14.46875,14.46875,9.92963409423828,-1.1991420536523438,-5.316975163199478,-0.5576038360595721
1998-08-28,14.25,14.34375,13.75,13.96875,9.586495399475098,-0.20911550150286476,-3.4557033170264484,-0.3431386947631818
1998-08-31,14.21875,14.71875,14.0,14.1875,9.736615180969238,-0.4814077126018047,1.5659505923547368,0.15011978149414062
1998-09-01,13.875,14.34375,13.375,14.15625,9.715167045593262,-0.46465126884186997,-0.22028328096912464,-0.021448135375976562
1998-09-02,14.21875,14.3125,13.4375,13.46875,9.243349075317385,-0.9408135456866829,-4.856509085861682,-0.47181797027587713
1998-09-03,13.34375,13.96875,13.15625,13.875,9.522150039672852,0.4527640270145585,3.0162332081556054,0.278800964355467
1998-09-04,14.0,14.3125,13.875,14.28125,9.800951957702637,-0.8151402174871721,2.9279303189740924,0.27880191802978516
1998-09-08,14.34375,14.65625,14.34375,14.5,9.951077461242676,-0.8807696222135833,1.5317441018783295,0.15012550354003906
1998-09-09,14.5,14.5,14.0,14.125,9.693724632263184,-1.158647314565835,-2.58618054157278,-0.2573528289794922
1998-09-10,14.0,14.0,13.1875,13.3125,9.13611888885498,-0.7648708862073679,-5.752234198528283,-0.5576057434082031
1998-09-11,13.4375,13.46875,13.3125,13.40625,9.200458526611328,-0.9491917675666502,0.7042338058323105,0.06433963775634766
1998-09-14,13.34375,13.375,12.8125,13.0625,8.964547157287598,-0.7062233330475961,-2.5641262187246716,-0.23591136932373047
1998-09-15,13.03125,13.4375,12.9375,13.34375,9.157562255859377,0.8102348272265002,2.153093683208196,0.19301509857177912
1998-09-16,13.40625,13.6875,13.28125,13.6875,9.393475532531738,-1.0008574691597825,2.576158043822363,0.2359132766723615
1998-09-17,13.5625,13.5625,13.21875,13.34375,9.157562255859377,-0.9268498425534039,-2.511458893519658,-0.2359132766723615
1998-09-18,13.78125,14.0,13.625,13.9375,9.565045356750488,-0.5093351188683627,4.449689660918077,0.4074831008911115
1998-09-21,13.8125,13.8125,13.375,13.78125,9.457813262939451,-1.0022538394731104,-1.1210829620934115,-0.10723209381103693
1998-09-22,14.0,14.03125,13.5,13.71875,9.414918899536133,-0.8081583659205327,-0.4535336256997202,-0.042894363403318536
1998-09-23,13.09375,13.5625,13.09375,13.1875,9.050329208374023,0.718074386546859,-3.872467676594349,-0.3645896911621094
1998-09-25,12.0625,12.25,11.90625,12.0,8.235372543334961,1.9482766325887364,-9.004718461346195,-0.8149566650390625
1998-09-28,12.0625,12.1875,11.5,11.5,7.892231464385986,1.8226033043892256,-4.166673421795409,-0.3431410789489746
1998-09-29,11.5,11.65625,11.25,11.25,7.72066593170166,0.9414936366793225,-2.1738532816545253,-0.17156553268432617
1998-09-30,11.28125,11.375,10.875,11.375,7.806451797485352,0.9191517116660761,1.1111200321652026,0.0857858657836914
1998-10-01,11.375,11.375,10.25,10.25,7.03438138961792,2.0278697404484265,-9.890157883459095,-0.7720704078674316
1998-10-02,10.25,11.25,10.25,11.0,7.549092769622803,1.613147757390041,7.317080941396603,0.5147113800048828
1998-10-05,11.0,11.0,10.375,10.4375,7.163060188293457,2.0264733701350988,-5.113628791034641,-0.3860325813293457
1998-10-06,10.5,11.125,10.5,11.125,7.634879112243652,-0.9463990269399944,6.586834558800514,0.4718189239501953
1998-10-07,11.25,11.25,10.71875,10.75,7.377525329589844,-0.7118088143009077,-3.370764341783805,-0.2573537826538086
1998-10-08,10.625,10.625,9.84375,10.125,6.948596477508545,-0.23425016714276692,-5.813993621424074,-0.42892885208129883
1998-10-09,10.1875,10.4375,10.1875,10.3125,7.077277183532715,0.5770409849007414,1.8518949321735478,0.12868070602416992
1998-10-12,10.4375,10.8125,10.4375,10.75,7.377525329589844,1.0252758554789962,4.24242456909476,0.3002481460571289
1998-10-13,10.75,10.9375,10.71875,10.9375,7.506199836730957,1.1858584415117046,1.744141855061132,0.12867450714111328
1998-10-14,10.9375,10.96875,10.8125,10.84375,7.441864490509033,-0.5107314891816905,-0.8570961021728274,-0.06433534622192383
1998-10-15,10.8125,10.9375,10.6875,10.75,7.377525329589844,-0.6336120767545455,-0.8645570072022157,-0.06433916091918945
1998-10-16,10.875,11.75,10.875,11.625,7.978016376495361,0.06457307990940309,8.139464387835616,0.6004910469055176
1998-10-19,11.75,12.65625,11.75,12.34375,8.471283912658691,0.13020248463581424,6.182834339831422,0.4932675361633301
1998-10-20,12.4375,13.25,12.4375,13.125,9.007444381713867,-0.1909626874296021,6.329152399838556,0.5361604690551758
1998-10-21,13.4375,14.0,13.375,14.0,9.607934951782228,-0.40740008599542615,6.666603140924465,0.6004905700683612
1998-10-22,14.0,14.9375,13.875,14.9375,10.251327514648438,-0.5833427454747412,6.696470845141,0.6433925628662092
1998-10-23,14.9375,15.0,14.71875,15.0,10.294218063354492,-0.4674440094685257,0.4183901903901388,0.04289054870605469
1998-10-26,14.875,14.875,13.96875,14.03125,9.62938404083252,-0.06947847017007504,-6.4583246481698104,-0.6648340225219727
1998-10-27,14.03125,14.03125,13.09375,13.28125,9.11467456817627,0.9205480819794041,-5.345196229308868,-0.51470947265625
1998-10-28,13.28125,13.5,12.6875,13.46875,9.243349075317385,-0.830500290933779,1.4117290329857646,0.12867450714111506
1998-10-29,13.4375,13.6875,13.125,13.5625,9.30768871307373,-0.5051460079283789,0.6960641346776875,0.06433963775634588
1998-10-30,13.53125,14.0,13.375,13.375,9.206165313720703,0.31731610662175247,-1.0907476870216537,-0.10152339935302734
1998-11-02,13.5,14.34375,13.5,14.03125,9.657867431640623,0.8088384569131722,4.906517562167956,0.4517021179199201
1998-11-03,14.0625,14.25,14.0,14.25,9.808435440063477,-0.4981641563617395,1.5590192088324795,0.15056800842285334
1998-11-04,14.375,14.5,13.90625,14.21875,9.786921501159668,-0.7550962940140725,-0.2193411888702701,-0.021513938903808594
1998-11-05,14.09375,14.09375,13.5625,13.96875,9.614846229553224,0.6859578693403173,-1.7582165299481978,-0.17207527160644354
1998-11-06,13.90625,14.0,13.75,13.9375,9.593331336975098,0.7739291990799748,-0.2237674120257549,-0.021514892578126776
1998-11-09,13.96875,14.0,13.8125,13.90625,9.571833610534668,-1.347157306865101,-0.22409031529613266,-0.021497726440429688
1998-11-10,13.84375,13.90625,13.71875,13.90625,9.571833610534668,0.27123588628193185,0.0,0.0
1998-11-11,13.96875,13.96875,13.75,13.8125,9.50730037689209,-0.7718527377740073,-0.6741992837354993,-0.06453323364257812
1998-11-12,13.8125,13.8125,13.625,13.71875,9.44277000427246,0.48208780359444436,-0.6787454909542467,-0.06453037261963068
1998-11-13,13.75,13.75,13.625,13.71875,9.44277000427246,-1.048334059812931,0.0,0.0
1998-11-16,13.75,13.75,13.625,13.65625,9.399749755859377,-0.4869931938551163,-0.45558928570342827,-0.043020248413082385
1998-11-17,13.65625,13.65625,13.59375,13.59375,9.356733322143556,-0.9924792472798151,-0.4576338182727291,-0.04301643371582031
1998-11-18,13.625,13.625,13.375,13.5625,9.335222244262695,0.9456827476193062,-0.2298994439646318,-0.02151107788086115
1998-11-19,13.625,13.75,13.625,13.71875,9.44277000427246,-0.2426283890227343,1.1520642700912909,0.10754776000976385
1998-11-20,13.6875,13.75,13.6875,13.75,9.46428108215332,-0.7886091815339421,0.2278047423703855,0.02151107788086115
1998-11-23,13.75,14.09375,13.75,14.03125,9.657867431640623,-0.41438193756206565,2.0454416749344784,0.1935863494873029
1998-11-24,14.03125,14.5625,14.03125,14.5,9.980511665344238,-0.3292033484490639,3.340739930293357,0.32264423370361506
1998-11-25,14.5,14.5,14.40625,14.4375,9.937493324279783,-0.8793732519002554,-0.43102340347769275,-0.0430183410644549
1998-11-27,14.3125,14.3125,14.0625,14.125,9.722397804260254,-0.6685213345877429,-2.164484674359446,-0.21509552001952947
1998-11-30,14.09375,14.25,13.96875,13.96875,9.614846229553224,0.6622195740137431,-1.106224790142829,-0.10755157470702947
1998-12-01,13.9375,14.34375,13.8125,14.34375,9.872963905334473,0.7669473475133354,2.6845741431399173,0.2581176757812482
1998-12-02,14.34375,14.375,14.28125,14.375,9.894476890563965,-0.7634745158940399,0.21789794266207085,0.021512985229492188
1998-12-03,14.3125,14.4375,13.96875,14.0,9.636357307434082,-0.6880705189743335,-2.608723897026255,-0.2581195831298828
1998-12-04,14.03125,14.46875,13.84375,14.4375,9.937493324279783,-0.27055579528929224,3.124998453652039,0.30113601684570135
1998-12-07,14.40625,14.5,14.28125,14.46875,9.95900058746338,-0.9743264332065524,0.21642543528608282,0.021507263183597303
1998-12-08,14.46875,14.46875,14.25,14.4375,9.937493324279783,-0.8360857721870906,-0.2159580471425171,-0.021507263183597303
1998-12-09,14.4375,14.6875,14.3125,14.6875,10.109573364257812,-0.16862076241635574,1.73162420705828,0.17208003997802912
1998-12-10,14.6875,15.0625,14.4375,14.46875,9.95900058746338,-0.6154592626812828,-1.489407825327016,-0.15057277679443182
1998-12-11,14.4375,14.4375,13.75,13.9375,9.593331336975098,0.13997707682910954,-3.6717464496246355,-0.365669250488283
1998-12-14,14.0,14.0,13.21875,13.46875,9.270691871643066,-0.8430676237537301,-3.3631639938099256,-0.32263946533203125
1998-12-15,13.59375,13.59375,12.625,12.625,8.689929962158203,-0.8821659925269112,-6.264493713368702,-0.5807619094848633
1998-12-16,12.6875,12.71875,12.5,12.6875,8.732948303222656,0.595193798974004,0.495036683284944,0.043018341064453125
1998-12-17,12.8125,13.34375,12.8125,13.25,9.12012767791748,-0.600099189234676,4.433547082283162,0.3871793746948242
1998-12-18,13.25,14.1875,13.15625,14.0625,9.67937469482422,0.17907544560229066,6.132008636905839,0.5592470169067401
1998-12-21,14.1875,15.0625,14.1875,14.5625,10.023533821105955,0.7138852756068753,3.555592557706899,0.34415912628173473
1998-12-22,14.5625,14.5625,14.0625,14.0625,9.67937469482422,-0.25798846246934115,-3.4335108996894848,-0.34415912628173473
1998-12-23,14.0625,14.09375,13.84375,14.09375,9.700887680053713,-1.0790542067061446,0.22225594015898853,0.021512985229492188
1998-12-24,14.125,14.125,13.875,13.96875,9.614846229553224,-0.8891478440935506,-0.8869440956150942,-0.08604145050048828
1998-12-28,14.0,14.0,13.78125,13.8125,9.50730037689209,-0.4925786751084279,-1.1185394970807727,-0.10754585266113459
1998-12-29,13.6875,13.8125,13.53125,13.8125,9.50730037689209,-0.5135242298083463,0.0,0.0
1998-12-30,13.75,13.84375,13.6875,13.78125,9.485788345336914,-0.22028646400948793,-0.2262685589219604,-0.02151203155517578
1998-12-31,13.6875,14.1875,13.65625,14.03125,9.657867431640623,-0.1309187639565025,1.8140725898475374,0.17207908630370916
1999-01-04,13.8125,14.0,13.8125,13.96875,9.614846229553224,-0.059703877976779764,-0.44545239818114535,-0.04302120208739879
1999-01-05,13.90625,14.1875,13.90625,14.0,9.636357307434082,0.2070028518688486,0.22372773695265025,0.0215110778808576
1999-01-06,14.125,14.375,14.09375,14.25,9.808435440063477,-0.9952719879064709,1.7857176434983746,0.17207813262939453
1999-01-07,13.78125,13.84375,13.5,13.5625,9.335222244262695,-0.7858164409072863,-4.824553301007595,-0.47321319580078125
1999-01-08,13.625,13.6875,13.03125,13.375,9.206165313720703,-1.0106320613530777,-1.382473037760923,-0.1290569305419922
1999-01-11,13.375,13.4375,13.09375,13.125,9.034086227416992,-0.6112701517412992,-1.8691722388174736,-0.17207908630371094
1999-01-12,12.25,13.25,12.0,13.0,8.948049545288086,1.259866068118083,-0.9523562202428226,-0.08603668212890625
1999-01-13,12.75,13.375,12.65625,12.875,8.862010955810547,-0.6699177049010708,-0.9615345673051778,-0.08603858947753906
1999-01-14,12.875,13.125,12.875,12.9375,8.905030250549316,-0.6685213345877429,0.48543490809569434,0.04301929473876953
1999-01-15,12.9375,13.4375,12.71875,13.4375,9.249178886413574,0.02966382207620566,3.8646543153857182,0.3441486358642578
1999-01-19,13.3125,13.40625,12.78125,13.40625,9.227675437927246,-0.3836617906688519,-0.23249035131016615,-0.021503448486328125
1999-01-20,13.34375,13.5625,13.34375,13.5625,9.335222244262695,-0.5903245970413807,1.1654810256266135,0.10754680633544922
1999-01-21,13.53125,13.59375,13.5,13.59375,9.356733322143556,-0.9352280644333713,0.23042919941280715,0.02151107788086115
1999-01-22,13.53125,13.84375,13.53125,13.625,9.37824249267578,-1.1474763520592117,0.22987905919387153,0.02150917053222301
1999-01-25,13.5625,13.8125,13.5,13.5,9.29220485687256,-0.9366244347466992,-0.9174174784925104,-0.0860376358032191
1999-01-26,13.5,13.84375,13.5,13.6875,9.421258926391602,-0.953380878506634,1.3888422770145015,0.1290540695190412
1999-01-27,13.6875,13.8125,13.5,13.5625,9.335222244262695,-0.626630225187906,-0.9132185284483896,-0.08603668212890625
1999-01-28,13.5625,13.75,13.5,13.625,9.37824249267578,-0.9729300628932245,0.4608379670824059,0.04302024841308416
1999-01-29,13.84375,13.875,13.5,13.65625,9.399749755859377,1.4888707995038581,0.22933148935309067,0.021507263183597303
1999-02-01,13.65625,14.21875,13.65625,14.21875,9.815677642822266,-0.6433866689478408,4.424882552895815,0.41592788696288885
1999-02-02,14.1875,14.46875,13.8125,14.46875,9.98826026916504,-0.28033038748258754,1.7582344553559892,0.1725826263427752
1999-02-03,14.375,14.375,13.71875,13.71875,9.47051239013672,-0.9827046550865198,-5.1835641550778355,-0.5177478790283203
1999-02-04,13.71875,13.71875,13.21875,13.5,9.319500923156738,-0.1309187639565025,-1.5945437876968116,-0.15101146697998225
1999-02-05,13.5,13.8125,13.4375,13.625,9.405790328979492,-1.0385594676196357,0.9259015749260247,0.0862894058227539
1999-02-08,13.5,13.8125,13.5,13.6875,9.448938369750977,-0.8779768815869275,0.4587391304964994,0.043148040771484375
1999-02-09,13.625,13.625,13.0625,13.3125,9.190057754516602,-1.1069816129727026,-2.7397852023581137,-0.258880615234375
1999-02-10,13.3125,13.3125,12.78125,12.78125,8.823322296142578,-0.3501489031489824,-3.9905675042551825,-0.36673545837402344
1999-02-11,12.90625,13.25,12.78125,13.09375,9.039052963256836,-0.2998795718691781,2.4450049524833872,0.2157306671142578
1999-02-12,13.0625,13.0625,12.0,12.03125,8.305572509765625,-0.5833427454747412,-8.114571918903025,-0.7334804534912109
1999-02-16,12.15625,12.84375,12.15625,12.84375,8.866469383239746,-1.0162175426063893,6.753259607505968,0.5608968734741211
1999-02-17,12.78125,12.875,12.125,12.125,8.370292663574219,-0.5554153392081833,-5.596102554681437,-0.49617671966552734
1999-02-18,12.15625,12.1875,11.5625,12.09375,8.348719596862793,0.3075415144284572,-0.2577337206536079,-0.02157306671142578
1999-02-19,12.21875,13.0625,12.125,12.8125,8.844894409179688,1.3883321369442496,5.9431246499564105,0.49617481231689453
1999-02-22,13.1875,13.65625,13.1875,13.53125,9.34107494354248,-0.14767520771643727,5.609796018003688,0.49618053436279297
1999-02-23,13.65625,14.4375,13.5,13.5625,9.362646102905272,-0.39622912348880296,0.2309280194535246,0.021571159362791192
1999-02-24,13.5625,13.6875,13.34375,13.34375,9.211634635925291,-1.0595050223195541,-1.6129143974919713,-0.15101146697998047
1999-02-25,13.0625,13.6875,13.0625,13.46875,9.29792594909668,-0.8123474768605163,0.936764391792666,0.0862913131713885
1999-02-26,13.4375,13.875,13.4375,13.6875,9.448938369750977,-0.8011765143538931,1.6241516815797885,0.15101242065429688
1999-03-01,13.8125,14.0,13.625,13.625,9.405790328979492,-1.2033311645923275,-0.45664432429377566,-0.043148040771484375
1999-03-02,13.75,13.875,13.5,13.53125,9.34107494354248,-0.5665863017148064,-0.6880377211643918,-0.06471538543701172
1999-03-03,13.53125,13.53125,13.1875,13.46875,9.29792594909668,-0.844463994067058,-0.46192750520248627,-0.04314899444580078
1999-03-04,13.46875,14.03125,13.46875,14.0,9.664665222167969,-0.7634745158940399,3.9443126895081226,0.36673927307128906
1999-03-05,14.0,14.125,13.625,13.625,9.405790328979492,-0.9729300628932245,-2.678570723740037,-0.25887489318847656
1999-03-08,13.6875,14.25,13.5,13.8125,9.535228729248049,-0.8472567346937138,1.376156556134922,0.12943840026855646
1999-03-09,13.375,13.96875,13.375,13.84375,9.556803703308104,-0.7732491080873353,0.22626593102981207,0.02157497406005504
1999-03-10,13.96875,14.0,13.75,13.875,9.578377723693848,-0.7788345893406468,0.22574514508733046,0.021574020385743964
1999-03-11,13.6875,14.21875,13.6875,14.09375,9.72938346862793,-0.614062892367955,1.5765273545283343,0.15100574493408203
1999-03-12,14.0625,14.8125,14.03125,14.5625,10.052979469299316,0.2628576644019645,3.32596614898375,0.3235960006713867
1999-03-15,14.4375,14.59375,14.4375,14.5625,10.052979469299316,-0.6447830392611686,0.0,0.0
1999-03-16,14.4375,14.53125,14.375,14.40625,9.945112228393556,-1.1516654629991954,-1.0729877767598595,-0.10786724090575994
1999-03-17,14.125,14.625,14.125,14.3125,9.880391120910645,-0.17141350304301153,-0.6507830781248614,-0.06472110748291193
1999-03-18,14.34375,14.375,13.75,13.875,9.578377723693848,-0.5051460079283789,-3.0566947555104584,-0.3020133972167969
1999-03-19,13.6875,13.9375,13.6875,13.75,9.49208164215088,-0.6517648908278082,-0.9009467368309987,-0.08629608154296697
1999-03-22,13.75,13.75,13.5,13.5625,9.362646102905272,-0.911489769106797,-1.3636159498548017,-0.12943553924560902
1999-03-23,13.4375,13.4375,12.90625,12.96875,8.952763557434082,-1.0818469473328005,-4.377849391786803,-0.40988254547118963
1999-03-24,12.96875,12.96875,12.4375,12.6875,8.758602142333984,-1.0022538394731104,-2.1687316307920645,-0.19416141510009766
1999-03-25,12.5,13.3125,12.5,13.09375,9.039052963256836,-0.4478948250819352,3.2020043423061306,0.28045082092285156
1999-03-26,13.09375,13.09375,12.875,12.90625,8.909615516662598,-0.5302806735682811,-1.4319801766887852,-0.12943744659423828
1999-03-29,12.96875,13.46875,12.9375,13.28125,9.168489456176758,-1.0804505770194726,2.9055568001786325,0.25887393951416016
1999-03-30,13.21875,13.5,13.09375,13.375,9.233211517333984,-0.5749645235947738,0.7059184772647997,0.06472206115722656
1999-03-31,13.375,13.375,12.5,13.0,8.974332809448242,-0.027587360770238125,-2.8037775090469452,-0.2588787078857422
1999-04-01,13.0625,13.0625,12.75,12.8125,8.844894409179688,-1.1167562051659978,-1.4423178080968935,-0.1294384002685547
1999-04-05,12.875,13.0,12.6875,12.96875,8.952763557434082,-0.7132051846142357,1.2195640022841125,0.10786914825439453
1999-04-06,12.96875,12.96875,12.53125,12.78125,8.823322296142578,-0.9505881378799782,-1.4458246379579598,-0.1294412612915039
1999-04-07,12.8125,12.8125,12.40625,12.46875,8.60759162902832,-0.26915942497596435,-2.4450049524833983,-0.2157306671142578
1999-04-08,12.40625,12.65625,11.90625,12.65625,8.737029075622559,3.1268131770374814,1.5037591485836943,0.12943744659423828
1999-04-09,12.90625,13.125,12.71875,12.8125,8.844894409179688,-0.8472567346937138,1.2345767951956077,0.1078653335571289
1999-04-12,12.6875,13.125,12.375,12.375,8.542878150939941,-0.6294229658145618,-3.414582970332558,-0.3020162582397461
1999-04-13,12.5625,13.625,12.5625,13.0,8.974332809448242,-0.05551476703679607,5.050460171445015,0.4314546585083008
1999-04-14,13.0625,14.0625,13.0625,13.90625,9.599949836730955,-0.6238374845612502,6.971181485759681,0.6256170272827131
1999-04-15,13.875,14.6875,13.84375,14.3125,9.880391120910645,-0.600099189234676,2.921278641547431,0.2804412841796893
1999-04-16,14.1875,14.625,14.1875,14.34375,9.901968002319336,-0.9966683582197988,0.2183808428699363,0.021576881408691406
1999-04-19,14.25,15.0,14.1875,14.5,10.009835243225098,-0.7146015549275635,1.089351539820127,0.10786724090576172
1999-04-20,14.5625,14.5625,14.0,14.0,9.664665222167969,-1.0036502097864382,-3.4483087150784852,-0.3451700210571289
1999-04-21,14.125,14.46875,13.8125,13.8125,9.535228729248049,-0.6629358533344314,-1.339275494230574,-0.1294364929199201
1999-04-22,13.875,13.875,12.78125,12.78125,8.823322296142578,-0.19235905774293,-7.466065611219075,-0.7119064331054705
1999-04-23,12.90625,13.5625,12.90625,13.5,9.319500923156738,0.13718433620245374,5.623489773586554,0.49617862701416016
1999-04-26,13.5625,14.25,13.5625,14.03125,9.686237335205078,-0.8612204378269928,3.9351507668944796,0.36673641204833984
1999-04-27,14.375,14.40625,13.8125,14.125,9.750954627990724,-1.0581086520062262,0.6681365585626153,0.06471729278564631
1999-04-28,14.0,14.5,14.0,14.4375,9.966687202453612,-0.5875318564147249,2.2124251695686548,0.21573257446288707
1999-04-29,14.5,14.5,12.8125,14.03125,9.686237335205078,-0.3710944578489008,-2.8138724688730243,-0.2804498672485334
1999-04-30,14.03125,14.21875,14.0,14.0,9.664665222167969,-0.9575699894466176,-0.2227089042997621,-0.021572113037109375
1999-05-03,13.6875,13.8125,13.5,13.53125,9.367841720581056,-0.20213364993622526,-3.071223832006975,-0.2968235015869123
1999-05-04,13.65625,14.375,13.65625,13.78125,9.540915489196776,-0.0890276545566656,1.847530880410564,0.1730737686157191
1999-05-05,13.71875,13.9375,13.59375,13.8125,9.562551498413086,-1.1460799817458838,0.22677078778037263,0.02163600921631037
1999-05-06,13.8125,14.0625,13.8125,14.0625,9.735628128051758,-1.0357667269929798,1.8099419351351287,0.17307662963867188
1999-05-07,14.0,14.03125,12.75,12.8125,8.870243072509766,-0.6768995564677103,-8.888846658476146,-0.8653850555419922
1999-05-10,13.03125,14.53125,13.03125,13.875,9.605823516845703,-0.3347888297023755,8.292675164851037,0.7355804443359375
1999-05-11,14.125,14.5625,14.125,14.21875,9.843798637390137,-0.5372625251349206,2.477404671521377,0.2379751205444336
1999-05-12,14.09375,14.125,13.75,14.0625,9.735628128051758,-0.7914019221605979,-1.0988695860509545,-0.1081705093383789
1999-05-13,14.3125,14.8125,14.3125,14.625,10.1250581741333,-0.11276594988323986,4.000050545885769,0.38943004608154297
1999-05-14,14.8125,14.8125,14.59375,14.75,10.211596488952637,-0.612666522054627,0.8546944948960133,0.08653831481933594
1999-05-17,14.625,14.78125,14.4375,14.625,10.1250581741333,-0.341770681269015,-0.8474513746499546,-0.08653831481933594
1999-05-18,14.625,14.8125,14.625,14.78125,10.23322868347168,-0.4981641563617395,1.0683445712413198,0.1081705093383789
1999-05-19,14.84375,15.5,14.84375,15.34375,10.62264919281006,0.025474711136221965,3.805451059325571,0.3894205093383807
1999-05-20,15.34375,15.75,15.34375,15.40625,10.665925979614258,-0.8430676237537301,0.4074010731097921,0.04327678680419744
1999-05-21,15.25,15.28125,14.46875,14.6875,10.168327331542969,0.11763515181586318,-4.665311282136663,-0.49759864807128906
1999-05-24,14.71875,14.71875,14.28125,14.28125,9.887072563171388,-0.3250142375090802,-2.7659885367685377,-0.28125476837158025
1999-05-25,14.28125,14.46875,13.71875,13.75,9.519283294677734,0.6049683911672993,-3.7199005685832787,-0.3677892684936541
1999-05-26,13.875,14.21875,13.875,14.1875,9.822168350219728,0.1497516690224048,3.181805249049985,0.30288505554199396
1999-05-27,14.1875,14.1875,13.75,14.125,9.778898239135742,-0.6196483736212666,-0.44053522135993894,-0.04327011108398615
1999-05-28,14.25,14.25,13.75,13.75,9.519283294677734,-0.911489769106797,-2.654848614939187,-0.2596149444580078
1999-06-01,13.8125,14.5625,13.8125,14.5625,10.081785202026367,0.5910046880340203,5.909078340626017,0.5625019073486328
1999-06-02,14.59375,14.84375,14.375,14.625,10.1250581741333,-0.4534803063352468,0.42921934200934597,0.043272972106933594
1999-06-03,14.65625,14.65625,13.78125,13.84375,9.584187507629396,-0.5121278594950185,-5.341901816284656,-0.5408706665039045
1999-06-04,13.875,13.875,13.625,13.71875,9.497650146484377,-0.4702367500951815,-0.902918072879233,-0.08653736114501953
1999-06-07,13.84375,13.96875,13.6875,13.96875,9.670723915100098,-1.130719908299277,1.8222798897239434,0.17307376861572088
1999-06-08,13.96875,15.1875,13.9375,15.0,10.384671211242676,-0.8919405847202064,7.382563109136053,0.7139472961425781
1999-06-09,14.96875,15.0,14.71875,14.75,10.211596488952637,-1.2577896068121155,-1.6666365142371076,-0.17307472229003906
1999-06-10,14.6875,14.71875,14.0625,14.15625,9.800531387329102,-1.006442950413094,-4.025473412196067,-0.41106510162353516
1999-06-11,14.21875,14.9375,14.21875,14.8125,10.25486660003662,-0.640593928321185,4.635822229954978,0.45433521270751775
1999-06-14,14.9375,14.9375,14.59375,14.71875,10.18995761871338,-1.2172948677256066,-0.6329578321672802,-0.06490898132323863
1999-06-15,14.96875,15.0,14.6875,14.90625,10.319764137268066,-0.3920400125488193,1.2738671092831888,0.12980651855468572
1999-06-16,14.84375,15.25,14.65625,15.15625,10.492842674255373,-0.7341507393141541,1.6771559377240397,0.17307853698730646
1999-06-17,15.15625,15.15625,14.90625,15.0,10.384671211242676,-0.6154592626812828,-1.0309071275613424,-0.10817146301269709
1999-06-18,15.0,15.0,14.5,14.96875,10.363035202026367,-0.36969808753557293,-0.20834563537153183,-0.021636009216308594
1999-06-21,15.0,15.0,14.4375,14.75,10.211596488952637,-1.1055852426593749,-1.4613355076138146,-0.15143871307373047
1999-06-22,14.6875,14.875,14.6875,14.6875,10.168327331542969,-0.6992414814809567,-0.42372568732498284,-0.04326915740966797
1999-06-23,14.6875,14.6875,14.3125,14.4375,9.995244026184082,0.03385293301618935,-1.702180700083955,-0.17308330535888672
1999-06-24,14.375,14.4375,13.9375,13.9375,9.649088859558104,0.2572721831486529,-3.46319875451937,-0.34615516662597834
1999-06-25,14.0625,14.25,14.03125,14.09375,9.757264137268066,-0.6894668892876614,1.1210931859416684,0.10817527770996271
1999-06-28,14.03125,14.53125,14.03125,14.53125,10.060148239135742,1.6592279777298617,3.1041908634081627,0.3028841018676758
1999-06-29,14.4375,14.8125,14.40625,14.78125,10.23322868347168,-1.0958106504660794,1.7204562022518077,0.1730804443359375
1999-06-30,14.75,15.15625,14.5625,15.0,10.384671211242676,-0.20213364993622526,1.479909542289426,0.1514425277709961
1999-07-01,15.125,15.40625,15.0,15.28125,10.579384803771973,0.28659595972853874,1.8750097000518995,0.19471359252929688
1999-07-02,15.34375,15.4375,15.21875,15.28125,10.579384803771973,-0.3780763094155403,0.0,0.0
1999-07-06,15.0625,15.0625,14.59375,14.59375,10.103418350219728,-0.6378011876945292,-4.498999349967336,-0.4759664535522443
1999-07-07,14.625,14.71875,14.390625,14.46875,10.01688003540039,-0.9003188066001738,-0.8565251068461954,-0.08653831481933771
1999-07-08,14.46875,14.46875,13.5,14.3125,9.908702850341797,0.7543800146933843,-1.079948893031435,-0.10817718505859375
1999-07-09,14.3125,14.3125,13.875,14.0625,9.735628128051758,-0.8765805112735996,-1.7466940416330012,-0.17307472229003906
1999-07-12,14.25,14.6875,14.1875,14.65625,10.146689414978027,-1.0273885051130125,4.222236937561918,0.41106128692626953
1999-07-13,14.6875,14.875,14.625,14.875,10.298135757446287,-0.5945137079813644,1.4925690170894734,0.15144634246825994
1999-07-14,14.9375,15.0,14.84375,14.84375,10.276494979858398,-1.1195489457926537,-0.21014267142711596,-0.02164077758788885
1999-07-15,14.96875,15.0,14.90625,14.90625,10.319764137268066,-0.6727104455277266,0.42104975961623214,0.04326915740966797
1999-07-16,14.875,14.875,14.78125,14.8125,10.25486660003662,-0.8654095487669764,-0.6288664776463282,-0.06489753723144709
1999-07-19,14.78125,14.78125,14.59375,14.59375,10.103418350219728,-0.31663601562911287,-1.476842710136772,-0.15144824981689098
1999-07-20,14.53125,14.53125,13.3125,13.875,9.605823516845703,0.3717745488415405,-4.925014644802905,-0.4975948333740252
1999-07-21,13.9375,14.375,13.90625,14.3125,9.908702850341797,-0.477218601661821,3.153080347197035,0.30287933349609375
1999-07-22,14.25,14.875,14.25,14.78125,10.23322868347168,-0.7187906658675473,3.2751596049596765,0.3245258331298828
1999-07-23,15.0,15.0,14.65625,14.6875,10.168327331542969,-0.3906436422354914,-0.6342216512129517,-0.06490135192871094
1999-07-26,14.6875,14.75,14.625,14.75,10.211596488952637,-0.16443165147637204,0.4255287619965076,0.04326915740966797
1999-07-27,14.75,14.78125,14.5,14.5,10.03851318359375,0.8479368256863534,-1.6949681232130143,-0.17308330535888672
1999-07-28,14.5,14.5,14.0625,14.34375,9.930340766906738,0.05200574708945201,-1.077574086009081,-0.10817241668701172
1999-07-29,14.375,14.375,14.0,14.03125,9.713994026184082,-0.14767520771643727,-2.178643671963809,-0.21634674072265625
1999-07-30,14.0625,14.5625,14.0625,14.46875,10.05270004272461,-0.884958733153567,3.4867842787173364,0.33870601654052734
1999-08-02,14.40625,14.5,13.9375,14.03125,9.74873161315918,-0.8472567346937138,-3.023749124847497,-0.3039684295654297
1999-08-03,14.0625,14.125,13.71875,14.125,9.81386947631836,-0.35992349534227763,0.6681675703458012,0.06513786315917969
1999-08-04,14.0625,14.28125,13.9375,14.0,9.727021217346191,-0.9170752503601086,-0.8849542902699015,-0.08684825897216797
1999-08-05,14.0,14.0,13.625,13.75,9.55332374572754,-0.7914019221605979,-1.7857211137660145,-0.17369747161865057
1999-08-06,13.75,14.09375,13.71875,14.0625,9.7704439163208,-0.8626168081403206,2.2727186513527453,0.21712017059325994
1999-08-09,14.125,14.3125,14.125,14.25,9.90071964263916,-1.0441449488729473,1.3333654789291938,0.13027572631835938
1999-08-10,14.1875,14.3125,14.0,14.03125,9.74873161315918,-0.7550962940140725,-1.5351210312573471,-0.15198802947998047
1999-08-11,13.90625,13.90625,13.40625,13.75,9.55332374572754,-0.3292033484490639,-2.00444401575145,-0.19540786743163885
1999-08-12,13.78125,13.90625,13.6875,13.8125,9.596747398376465,-0.8947333253468622,0.4545397372128557,0.043423652648924005
1999-08-13,13.78125,13.8125,13.71875,13.8125,9.596747398376465,-0.16862076241635574,0.0,0.0
1999-08-16,13.84375,14.0,13.75,13.75,9.55332374572754,2.3378639500072196,-0.4524830220734022,-0.043423652648924005
1999-08-17,13.75,13.78125,13.625,13.78125,9.575033187866213,0.6873542396536453,0.22724491199599406,0.021709442138671875
1999-08-18,13.71875,13.71875,13.28125,13.34375,9.271066665649414,-1.1363053895525885,-3.1745740850485427,-0.30396652221679865
1999-08-19,13.34375,13.34375,13.09375,13.1875,9.16250991821289,-0.844463994067058,-1.1709197156217321,-0.10855674743652344
1999-08-20,13.0,13.125,12.96875,13.09375,9.09737491607666,-0.4758222313484931,-0.7108860205079615,-0.06513500213623047
1999-08-23,13.15625,13.15625,12.71875,12.84375,8.923673629760742,-0.16862076241635574,-1.9093561375486123,-0.17370128631591797
1999-08-24,12.84375,12.84375,12.625,12.6875,8.815112113952637,-0.16024254053638837,-1.2165563232394483,-0.10856151580810547
1999-08-25,12.625,12.8125,12.625,12.75,8.858535766601562,0.7166780162335311,0.4926046553644481,0.04342365264892578
1999-08-26,12.71875,12.75,12.625,12.65625,8.793399810791016,-0.6685213345877429,-0.735290318024362,-0.06513595581054688
1999-08-27,12.78125,12.78125,12.40625,12.5625,8.728264808654785,-1.0385594676196357,-0.7407260392766291,-0.06513500213623047
1999-08-30,12.59375,12.75,12.5,12.5625,8.728264808654785,-0.8737877706469438,0.0,0.0
1999-08-31,12.6875,12.9375,12.65625,12.875,8.945385932922363,-0.5191097110616579,2.4875634393251245,0.21712112426757812
1999-09-01,12.875,12.875,12.8125,12.8125,8.901960372924805,-0.7034305924209404,-0.48545205677192893,-0.043425559997558594
1999-09-02,12.5,12.75,12.5,12.6875,8.815112113952637,0.73064171936681,-0.9756082405883992,-0.08684825897216797
1999-09-03,12.71875,13.1875,12.71875,13.1875,9.16250991821289,-0.8374821425004185,3.9409346105807375,0.3473978042602539
1999-09-07,13.1875,13.4375,13.1875,13.34375,9.271066665649414,-0.6880705189743335,1.1847926867804892,0.10855674743652344
1999-09-08,13.28125,13.4375,13.1875,13.40625,9.314494132995604,-1.0930179098394237,0.46841931907462,0.04342746734618963
1999-09-09,13.34375,13.5625,13.34375,13.53125,9.401341438293455,-0.9463990269399944,0.9323888560968996,0.08684730529785156
1999-09-10,13.46875,13.5,13.3125,13.375,9.292779922485352,-0.7397362205674657,-1.1547449533734877,-0.10856151580810369
1999-09-13,13.375,13.375,12.96875,13.0,9.032235145568848,-1.1181525754793258,-2.8037334262708047,-0.2605447769165039
1999-09-14,13.0,13.0,12.28125,12.5625,8.728264808654785,-0.4716331204085094,-3.3653944125135893,-0.3039703369140625
1999-09-15,12.59375,12.59375,12.1875,12.1875,8.467719078063965,-0.6168556329946108,-2.9850804977006207,-0.2605457305908203
1999-09-16,12.1875,12.1875,11.71875,11.78125,8.18546199798584,0.6719941662070383,-3.333330705423676,-0.282257080078125
1999-09-17,11.75,12.625,11.75,12.625,8.771690368652344,0.24610122064202972,7.161823862975036,0.5862283706665039
1999-09-20,12.65625,12.84375,12.25,12.25,8.511137962341309,-0.20492639056288106,-2.9703785172602415,-0.26055240631103516
1999-09-21,12.25,12.5,12.1875,12.34375,8.576278686523438,-0.3445634218956708,0.7653585744979541,0.0651407241821289
1999-09-22,12.375,12.53125,12.28125,12.28125,8.532855987548828,-0.965948211326585,-0.5063116598909345,-0.043422698974609375
1999-09-23,12.25,12.25,11.25,11.40625,7.924915313720703,0.6328957974338573,-7.124703319911108,-0.607940673828125
1999-09-24,11.375,11.40625,11.28125,11.375,7.903205394744873,2.4649336485200584,-0.2739451226468348,-0.021709918975830078
1999-09-27,11.4375,12.4375,11.4375,12.3125,8.554566383361816,0.2070028518688486,8.241731754182391,0.6513609886169434
1999-09-28,12.34375,12.34375,11.75,12.0,8.337446212768555,-0.30965416406247337,-2.5380616721327853,-0.21712017059326172
1999-09-29,11.875,12.46875,11.84375,12.46875,8.663128852844238,-0.8500494753203696,3.906263761880835,0.3256826400756836
1999-09-30,12.46875,13.375,12.40625,13.375,9.292779922485352,0.03385293301618935,7.268171584847072,0.6296510696411133
1999-10-01,13.3125,13.3125,12.78125,12.78125,8.880247116088867,-0.654557631454464,-4.439283076082501,-0.4125328063964844
1999-10-04,12.75,12.90625,12.53125,12.5625,8.728264808654785,-0.9603627300732734,-1.71146484379614,-0.15198230743408203
1999-10-05,12.46875,12.53125,11.9375,12.34375,8.576278686523438,-0.4800113422884768,-1.741309704314209,-0.15198612213134766
1999-10-06,12.375,12.65625,12.125,12.65625,8.793399810791016,-0.15186431865642097,2.5316472587202377,0.21712112426757812
1999-10-07,12.65625,12.8125,12.53125,12.65625,8.793399810791016,-1.1460799817458838,0.0,0.0
1999-10-08,12.8125,13.0,12.75,12.875,8.945385932922363,-0.3738871984755566,1.7284113699099102,0.15198612213134766
1999-10-11,12.875,12.875,12.8125,12.84375,8.923673629760742,-1.2577896068121155,-0.24272069784839756,-0.021712303161621094
1999-10-12,12.84375,13.125,12.8125,12.96875,9.010519981384276,-0.5875318564147249,0.9732129975473125,0.08684635162353338
1999-10-13,12.96875,13.1875,12.875,12.90625,8.967101097106934,-0.8626168081403206,-0.48186879743949973,-0.043418884277341974
1999-10-14,12.875,13.15625,12.875,13.0,9.032235145568848,-0.5679826720281343,0.7263668353524988,0.06513404846191406
1999-10-15,13.03125,13.0625,12.90625,13.0625,9.075657844543455,-0.938020805060027,0.4807525299638682,0.0434226989746076
1999-10-18,13.0625,13.125,12.9375,13.125,9.1190824508667,-0.5386588954482485,0.4784733742397851,0.043424606323243964
1999-10-19,13.0625,13.59375,13.0625,13.4375,9.336201667785645,-0.4311383813220004,2.380932709938488,0.2171192169189453
1999-10-20,13.5,13.5,13.125,13.21875,9.184218406677246,-0.598702818921348,-1.627891797076464,-0.15198326110839844
1999-10-21,13.09375,13.09375,12.65625,12.78125,8.880247116088867,0.015700118942926687,-3.3097132181371114,-0.3039712905883789
1999-10-22,12.75,12.78125,12.03125,12.625,8.771690368652344,0.18885003779558593,-1.2224518756898672,-0.10855674743652344
1999-10-25,12.59375,12.59375,12.25,12.375,8.59799575805664,-0.015020027950287052,-1.9801726154908605,-0.17369461059570312
1999-10-26,12.375,12.53125,12.3125,12.40625,8.619698524475098,-0.30965416406247337,0.25241657508519033,0.02170276641845703
1999-10-27,12.28125,12.3125,12.0,12.0625,8.380868911743164,0.01430374862959879,-2.770742063121945,-0.2388296127319336
1999-10-28,12.0625,12.84375,12.0625,12.84375,8.923673629760742,0.47929506296778857,6.476711707744376,0.5428047180175781
1999-10-29,12.875,13.4375,12.78125,13.4375,9.37269115447998,-0.5470371173282159,5.031756464308046,0.4490175247192383
1999-11-01,13.375,13.8125,13.375,13.78125,9.61245822906494,-0.3920400125488193,2.5581454742628074,0.23976707458495916
1999-11-02,13.84375,14.3125,13.84375,14.21875,9.917613983154297,-0.3473561625223266,3.1745860092964096,0.30515575408935725
1999-11-03,14.15625,14.15625,14.0625,14.0625,9.808629989624023,-0.009434546696975464,-1.0988932793249417,-0.10898399353027344
1999-11-04,13.96875,14.15625,13.875,14.03125,9.78683090209961,-0.7983837737272373,-0.22224395810092057,-0.021799087524414062
1999-11-05,13.96875,14.0,13.6875,13.9375,9.721439361572266,-0.6768995564677103,-0.6681584793021722,-0.06539154052734375
1999-11-08,13.96875,13.96875,13.53125,13.59375,9.48167896270752,-1.2033311645923275,-2.466305553604453,-0.2397603988647461
1999-11-09,13.625,13.625,13.25,13.5625,9.459878921508787,-0.9924792472798151,-0.22991752077321514,-0.021800041198732245
1999-11-10,13.5625,13.65625,13.4375,13.625,9.503474235534668,-1.2005384239656718,0.46084431299389106,0.04359531402588068
1999-11-11,13.65625,13.71875,13.25,13.5625,9.459878921508787,-0.4325347516353283,-0.45873028058383003,-0.04359531402588068
1999-11-12,13.6875,13.6875,13.375,13.5,9.416284561157228,-1.1879710911457206,-0.4608342317409475,-0.04359436035155895
1999-11-15,13.46875,13.8125,13.375,13.75,9.590662956237791,-0.4828040829151326,1.8518811103042099,0.17437839508056285
1999-11-16,13.6875,14.5,13.6875,14.5,10.11378288269043,0.33267618006835936,5.454470966601943,0.5231199264526385
1999-11-17,14.5,14.625,14.5,14.53125,10.135583877563477,-0.8905442144068786,0.21555727590671925,0.021800994873046875
1999-11-18,14.40625,14.625,14.125,14.5,10.11378288269043,-0.7397362205674657,-0.21509362594597237,-0.021800994873046875
1999-11-19,14.25,14.28125,13.9375,13.96875,9.743240356445312,-0.7941946627872537,-3.663738193147237,-0.3705425262451172
1999-11-22,13.75,14.0625,13.75,13.8125,9.634257316589355,-0.5079387485550347,-1.1185502550377202,-0.10898303985595703
1999-11-23,13.84375,13.84375,13.5625,13.5625,9.459878921508787,-0.18118809523630683,-1.809982745429728,-0.17437839508056818
1999-11-24,13.5625,13.5625,13.03125,13.3125,9.28550624847412,0.14137344714243744,-1.8432865206995386,-0.17437267303466797
1999-11-26,13.375,13.4375,13.0625,13.4375,9.37269115447998,-0.41857104850204935,0.9389354082895318,0.08718490600586115
1999-11-29,13.5,13.625,13.09375,13.625,9.503474235534668,0.4932587661010675,1.3953631769054509,0.1307830810546875
1999-11-30,13.53125,13.71875,13.46875,13.5625,9.459878921508787,-0.36969808753557293,-0.45873028058383003,-0.04359531402588068
1999-12-01,13.46875,13.53125,13.1875,13.375,9.329100608825684,0.27542499722191555,-1.3824522889585245,-0.1307783126831037
1999-12-02,13.25,13.90625,13.25,13.6875,9.54706573486328,-0.21051187181619266,2.3364002080907165,0.21796512603759588
1999-12-03,13.78125,14.125,13.75,13.84375,9.656048774719238,-0.7285652580608425,1.1415344031620256,0.10898303985595881
1999-12-06,13.78125,14.0625,13.71875,13.90625,9.69964599609375,-0.9952719879064709,0.4515016689710105,0.04359722137451172
1999-12-07,13.84375,13.84375,13.625,13.6875,9.54706573486328,-0.3264106078224081,-1.5730497926616849,-0.15258026123047053
1999-12-08,13.6875,13.6875,13.375,13.5,9.416284561157228,-0.0415510639035171,-1.3698572664947117,-0.13078117370605113
1999-12-09,13.5,13.5,12.625,13.25,9.241910934448242,-0.0876312842433377,-1.8518304706751199,-0.17437362670898615
1999-12-10,13.21875,13.21875,12.75,13.15625,9.17651653289795,-0.7536999237007447,-0.7075852820280115,-0.06539440155029297
1999-12-13,13.125,13.15625,12.96875,13.03125,9.08933162689209,-0.8737877706469438,-0.9500871675357403,-0.08718490600585938
1999-12-14,12.9375,13.34375,12.875,13.25,9.241910934448242,0.609157502107283,1.6786636665860444,0.15257930755615234
1999-12-15,13.1875,13.375,13.0,13.375,9.329100608825684,-0.9715336925798966,0.9434160856544471,0.0871896743774414
1999-12-16,13.375,13.46875,13.3125,13.46875,9.394488334655762,1.7430101965295355,0.7009006395345185,0.06538772583007812
1999-12-17,13.375,14.125,13.375,14.0,9.765034675598145,0.7473981631267448,3.944295077523896,0.3705463409423828
1999-12-20,13.875,13.90625,13.0625,13.1875,9.19831371307373,-0.7536999237007447,-5.803573477732682,-0.5667209625244141
1999-12-21,13.15625,13.1875,12.84375,12.96875,9.045737266540527,-0.28033038748258754,-1.6587436707702574,-0.15257644653320312
1999-12-22,12.875,13.09375,12.875,12.9375,9.02393913269043,-0.7788345893406468,-0.24097686244688443,-0.021798133850097656
1999-12-23,12.6875,13.03125,12.6875,12.96875,9.045737266540527,-0.27055579528929224,0.24155896365847251,0.021798133850097656
1999-12-27,12.96875,13.03125,12.5625,12.5625,8.762374877929688,-0.4660476391551978,-3.1325516125587094,-0.28336238861083984
1999-12-28,12.625,13.0625,12.625,12.90625,9.002141952514648,-0.6028919298613318,2.7363252306047414,0.23976707458496094
1999-12-29,12.9375,13.125,12.90625,13.0625,9.111127853393556,-0.2970868312425223,1.2106663220130987,0.10898590087890803
1999-12-30,13.0625,13.0625,12.34375,12.5,8.71878433227539,-0.11695506082322354,-4.306201465189985,-0.39234352111816584
1999-12-31,12.40625,12.59375,12.375,12.5625,8.762374877929688,-0.5121278594950185,0.4999612789243102,0.043590545654296875
2000-01-03,12.5625,12.5625,11.6875,11.875,8.282844543457031,0.18466092685560223,-5.4726069262395765,-0.47953033447265625
2000-01-04,12.0,12.0,11.78125,12.0,8.370031356811523,1.1425709617985398,1.0526192167081616,0.08718681335449219
2000-01-05,11.90625,13.09375,11.90625,12.75,8.893158912658691,0.24330848001537392,6.2500071211972985,0.523127555847168
2000-01-06,12.78125,13.25,12.75,13.03125,9.08933162689209,-0.1295223936431746,2.2058833779992737,0.19617271423339844
2000-01-07,13.0625,14.3125,13.03125,13.03125,9.08933162689209,0.19303914873556963,0.0,0.0
2000-01-10,12.90625,13.15625,12.75,12.75,8.893158912658691,0.005925526749631406,-2.1582743625834233,-0.19617271423339844
2000-01-11,13.0,13.375,12.75,12.8125,8.93675422668457,-0.1881699468029463,0.49021179598875975,0.043595314025878906
2000-01-12,12.8125,13.21875,12.8125,12.90625,9.002141952514648,-0.6070810408013154,0.7316719714058451,0.06538772583007812
2000-01-13,12.8125,13.28125,12.8125,13.28125,9.26370620727539,-0.4520839360219189,2.905577985111396,0.2615642547607422
2000-01-14,13.34375,13.6875,13.3125,13.375,9.329100608825684,-0.36550897659558923,0.7059205040303995,0.06539440155029297
2000-01-18,13.125,13.3125,13.125,13.1875,9.19831371307373,-0.858427697200337,-1.4019239499703073,-0.13078689575195312
2000-01-19,13.1875,13.25,13.15625,13.21875,9.22011375427246,-0.9310389534933876,0.23700040984406812,0.021800041198728692
2000-01-20,13.28125,13.421875,12.9375,12.96875,9.045737266540527,-0.7760418487139911,-1.8912617824387246,-0.17437648773193182
2000-01-21,12.84375,13.0625,12.5625,12.75,8.893158912658691,-0.4409129735152957,-1.6867431518955533,-0.15257835388183594
2000-01-24,12.6875,13.0625,12.375,12.375,8.631596565246582,-0.5484334876415438,-2.941163539086167,-0.2615623474121094
2000-01-25,12.375,12.5625,11.375,11.5,8.021283149719238,-0.2384392780827506,-7.0706897723261335,-0.6103134155273438
2000-01-26,11.5625,11.6875,11.21875,11.375,7.934092998504639,1.9343129294554575,-1.086985081902403,-0.08719015121459961
2000-01-27,11.40625,11.46875,11.25,11.4375,7.97769021987915,0.28519958941521084,0.5494921900049299,0.04359722137451172
2000-01-28,11.375,11.46875,11.1875,11.1875,7.803305625915527,-0.2998795718691781,-2.1859033023002628,-0.17438459396362305
2000-01-31,11.25,11.5625,11.0,11.0,7.672529697418213,-0.22307920463614372,-1.675904222730873,-0.13077592849731445
2000-02-01,11.0625,13.0,11.0625,12.3125,8.58800220489502,1.3729720634976428,11.931820971443896,0.9154725074768066
2000-02-02,12.25,12.5,11.84375,11.96875,8.348234176635742,0.8716751210129277,-2.791895280634804,-0.23976802825927734
2000-02-03,11.90625,11.90625,11.625,11.75,8.195657730102539,0.09529322680261683,-1.8276493364335678,-0.15257644653320312
2000-02-04,11.75,11.78125,11.4375,11.5625,8.064872741699219,-0.24542112964939009,-1.59578392253924,-0.1307849884033203
2000-02-07,11.40625,11.625,11.1875,11.21875,7.859091281890869,-0.6713140752143987,-2.551577270951366,-0.2057814598083496
2000-02-08,11.3125,11.5,11.03125,11.4375,8.012332916259766,-0.3222214968824244,1.949864543780011,0.15324163436889648
2000-02-09,11.46875,12.0,11.1875,12.0,8.406378746032715,-0.7997801440405653,4.917991225418206,0.3940458297729492
2000-02-10,12.0,12.0,11.28125,11.625,8.14367961883545,-0.4409129735152957,-3.1249975183576306,-0.2626991271972656
2000-02-11,11.5625,11.5625,11.125,11.125,7.793415069580078,-0.9910828769664872,-4.301060032436044,-0.3502645492553711
2000-02-14,11.3125,11.96875,11.21875,11.75,8.231254577636719,-0.11555869050989565,5.618069923744384,0.4378395080566406
2000-02-15,11.71875,11.71875,10.75,11.53125,8.078007698059082,0.3578108457082615,-1.8617681925910734,-0.15324687957763672
2000-02-16,11.5,11.5,11.0,11.4375,8.012332916259766,-0.4869931938551163,-0.8130071702592723,-0.0656747817993164
2000-02-17,11.8125,12.09375,11.40625,11.5625,8.09990119934082,2.511013868859879,1.0929186791945211,0.08756828308105469
2000-02-18,11.625,12.0625,11.625,11.78125,8.253135681152344,-0.2970868312425223,1.8918068015939982,0.15323448181152344
2000-02-22,11.75,12.1875,11.625,12.1875,8.537731170654297,0.8884315647728624,3.4483316462600166,0.2845954895019531
2000-02-23,12.125,12.15625,11.8125,12.0,8.406378746032715,0.008718267376287201,-1.5384933303248527,-0.13135242462158203
2000-02-24,11.75,11.75,11.375,11.4375,8.012332916259766,2.214983362434365,-4.687462243583951,-0.3940458297729492
2000-02-25,11.4375,11.8125,11.4375,11.65625,8.165573120117188,1.92593470757549,1.9125541269814805,0.15324020385742188
2000-02-28,11.625,12.21875,11.0625,12.0,8.406378746032715,0.056194858029435704,2.9490352039376777,0.24080562591552734
2000-02-29,12.0,12.28125,11.78125,11.96875,8.384495735168457,2.512410239173207,-0.2603143580056422,-0.021883010864257812
2000-03-01,11.96875,12.125,11.53125,12.125,8.493945121765137,0.7432090521867611,1.3053782845591888,0.10944938659667969
2000-03-02,12.03125,12.5625,12.0,12.4375,8.71286392211914,0.44019669419460744,2.577351245100945,0.2189188003540039
2000-03-03,12.46875,12.71875,12.25,12.40625,8.690972328186035,0.1623190018423559,-0.2512560063922198,-0.02189159393310547
2000-03-06,12.375,12.375,11.6875,11.90625,8.340706825256348,-0.2845194984225712,-4.030222277819561,-0.3502655029296875
2000-03-07,11.90625,11.96875,11.09375,11.09375,7.771524906158447,0.42204388012134475,-6.82414489590224,-0.5691819190979004
2000-03-08,11.125,11.625,10.0625,11.25,7.880982398986816,1.6047695355100737,1.4084429265822873,0.10945749282836914
2000-03-09,11.25,11.53125,11.15625,11.4375,8.012332916259766,-0.20073727962289736,1.6666769524803948,0.13135051727294922
2000-03-10,11.40625,11.6875,11.3125,11.3125,7.924768447875977,-0.36969808753557293,-1.0928710688754673,-0.08756446838378906
2000-03-13,11.25,11.5,10.90625,11.46875,8.034222602844238,-0.9491917675666502,1.3811653386238465,0.10945415496826172
2000-03-14,11.46875,11.46875,11.125,11.15625,7.815308570861816,-0.2984832015558502,-2.7247693125271755,-0.21891403198242188
2000-03-15,11.15625,11.46875,11.15625,11.3125,7.924768447875977,1.0196903742256846,1.4005829203246556,0.10945987701416016
2000-03-17,11.625,12.5,11.59375,12.3125,8.625299453735352,-0.12254054207653513,8.839766240073965,0.700531005859375
2000-03-20,12.25,12.5,12.0625,12.125,8.493945121765137,-0.7006378517942846,-1.522895902626653,-0.13135433197021484
2000-03-21,12.125,12.71875,12.125,12.71875,8.909887313842773,-0.4353274922619841,4.896925823217457,0.4159421920776367
2000-03-22,12.65625,12.65625,12.25,12.34375,8.647193908691406,-0.41019282662208195,-2.948335886843778,-0.2626934051513672
2000-03-23,12.3125,13.21875,12.3125,13.21875,9.260154724121094,-0.30965416406247337,7.088551753345018,0.6129608154296875
2000-03-24,13.1875,13.46875,12.53125,12.84375,8.997456550598145,0.10227507836925631,-2.8368659201629343,-0.2626981735229492
2000-03-27,12.625,12.9375,12.3125,12.59375,8.822322845458984,-0.5400552657615764,-1.9464801430746248,-0.17513370513916016
2000-03-28,12.5625,12.875,12.5625,12.6875,8.88800048828125,-0.5246951923149695,0.744448417641741,0.06567764282226562
2000-03-29,12.6875,12.71875,12.125,12.5625,8.80042839050293,-0.545640747014888,-0.9852845743402394,-0.08757209777832031
2000-03-30,12.5625,13.09375,12.53125,13.0,9.106915473937988,-0.7383398502541378,3.482638228904933,0.3064870834350586
2000-03-31,13.125,13.8125,12.84375,13.34375,9.347722053527832,0.4639349895211817,2.6442166975083836,0.24080657958984375
2000-04-03,13.4375,13.4375,12.75,12.96875,9.0850248336792,-0.15186431865642097,-2.8102806046687134,-0.2626972198486328
2000-04-04,12.96875,13.0625,12.40625,12.5,8.756649017333984,0.8632968991329603,-3.6144735139070794,-0.32837581634521484
2000-04-05,12.3125,12.59375,12.125,12.40625,8.690972328186035,0.3661890675882289,-0.7500208015410958,-0.06567668914794922
2000-04-06,12.53125,13.21875,12.53125,12.96875,9.0850248336792,-0.8025728846672211,4.534043955187816,0.39405250549316406
2000-04-07,12.96875,13.21875,12.625,12.75,8.931783676147461,-0.9673445816399129,-1.6867445090921085,-0.15324115753173828
2000-04-10,12.6875,13.21875,12.6875,12.9375,9.063129425048828,-0.11835143113655144,1.470543327780427,0.1313457489013672
2000-04-11,12.84375,13.125,12.8125,13.125,9.194478034973145,-0.8877514737802228,1.4492633147364486,0.1313486099243164
2000-04-12,13.15625,13.21875,12.65625,12.75,8.931783676147461,-0.6782959267810382,-2.8570883287389437,-0.2626943588256836
2000-04-13,12.8125,12.96875,12.46875,12.46875,8.734758377075195,-1.0720723551395053,-2.205889732847277,-0.19702529907226562
2000-04-14,12.5,12.5,11.9375,12.09375,8.472057342529297,-0.8179329581138279,-3.007536364547536,-0.26270103454589844
2000-04-17,12.0625,12.34375,11.90625,12.34375,8.647193908691406,-0.9631554706999292,2.067225929679828,0.17513656616210938
2000-04-18,12.21875,12.59375,12.125,12.3125,8.625299453735352,-0.7732491080873353,-0.2531972242931668,-0.021894454956054688
2000-04-19,12.25,12.25,11.6875,12.0,8.406378746032715,-0.7536999237007447,-2.538122982012281,-0.21892070770263672
2000-04-20,11.9375,12.9375,11.8125,12.9375,9.063129425048828,-0.25659209215601325,7.812527829846583,0.6567506790161133
2000-04-24,12.9375,13.5625,12.9375,13.0,9.106915473937988,0.12601337369583057,0.48312284681870654,0.043786048889160156
2000-04-25,12.875,14.1875,12.875,14.1875,9.938798904418944,0.988970227332471,9.13463436507811,0.8318834304809553
2000-04-26,14.15625,14.1875,13.3125,13.5625,9.500965118408203,-0.17699898429632313,-4.405298771223476,-0.4378337860107404
2000-04-27,13.5,13.59375,13.375,13.5625,9.500965118408203,-0.7453217018207773,0.0,0.0
2000-04-28,13.5,14.25,13.40625,14.25,9.982584953308104,-0.5107314891816905,5.06916748875077,0.48161983489990057
2000-05-01,14.0,14.0,13.59375,14.0,9.841978073120115,-0.6056846704879876,-1.4085217490825697,-0.14060688018798828
2000-05-02,13.8125,13.8125,13.25,13.65625,9.600322723388672,-0.5428480063882322,-2.455353465899701,-0.24165534973144354
2000-05-03,13.65625,13.75,13.4375,13.4375,9.446545600891112,-0.8221220690538116,-1.6017911785707217,-0.15377712249756037
2000-05-04,13.5,13.65625,13.21875,13.5625,9.534420013427734,-0.7132051846142357,0.9302280034336974,0.08787441253662287
2000-05-05,13.53125,13.71875,13.25,13.625,9.578356742858888,-0.6880705189743335,0.46082225630166285,0.04393672943115412
2000-05-08,13.625,13.625,13.0,13.0,9.138981819152832,-0.7606817752673841,-4.587163910277525,-0.43937492370605646
2000-05-09,13.0,13.46875,13.0,13.21875,9.292760848999023,-0.5051460079283789,1.6826713619662925,0.1537790298461914
2000-05-10,13.1875,13.1875,12.875,13.03125,9.160948753356934,-1.007839320726422,-1.4184384789832194,-0.13181209564208984
2000-05-11,13.15625,13.75,13.15625,13.59375,9.55638599395752,0.14556255808242113,4.316553353228647,0.39543724060058594
2000-05-12,13.59375,13.71875,13.46875,13.65625,9.600322723388672,-0.7997801440405653,0.4597630260951613,0.043936729431152344
2000-05-15,13.59375,13.6875,13.28125,13.6875,9.622294425964355,-0.912886139420125,0.22886420809744568,0.021971702575683594
2000-05-16,13.71875,13.75,13.6875,13.71875,9.644261360168455,-0.20492639056288106,0.22829206041363737,0.021966934204099786
2000-05-17,13.6875,13.6875,13.34375,13.65625,9.600322723388672,-0.6098737814279712,-0.45559359228124485,-0.04393863677978338
2000-05-18,13.53125,13.71875,13.53125,13.65625,9.600322723388672,-0.5903245970413807,0.0,0.0
2000-05-19,13.6875,13.75,13.5625,13.71875,9.644261360168455,-0.8765805112735996,0.45767874732729474,0.04393863677978338
2000-05-22,13.71875,13.75,13.5,13.53125,9.51244831085205,0.4080801769880658,-1.3667511112961162,-0.13181304931640447
2000-05-23,13.65625,13.65625,13.25,13.25,9.314726829528809,-0.4437057141419515,-2.07855511916607,-0.1977214813232422
2000-05-24,13.28125,13.5625,13.25,13.5625,9.534420013427734,-0.667124964274415,2.3585574533702136,0.21969318389892578
2000-05-25,13.6875,13.75,13.5,13.59375,9.55638599395752,-0.8360857721870906,0.23038612205932285,0.021965980529785156
2000-05-26,13.65625,13.65625,13.4375,13.4375,9.446545600891112,-1.291302494331985,-1.149392596069898,-0.10984039306640803
2000-05-30,13.375,13.71875,13.25,13.71875,9.644261360168455,-0.9450026566266666,2.0929953406321644,0.19771575927734375
2000-05-31,13.59375,13.71875,13.28125,13.28125,9.336698532104492,-0.6880705189743335,-3.1890760378417538,-0.30756282806396307
2000-06-01,13.28125,13.71875,13.28125,13.71875,9.644261360168455,-0.40740008599542615,3.2941282939188854,0.30756282806396307
2000-06-02,13.59375,13.75,13.59375,13.75,9.666229248046877,0.19303914873556963,0.22778196336683543,0.02196788787842152
2000-06-05,13.75,13.75,13.6875,13.71875,9.644261360168455,-0.938020805060027,-0.22726429629071898,-0.02196788787842152
2000-06-06,13.59375,13.75,13.4375,13.5,9.49048137664795,-0.8793732519002554,-1.5945231861470455,-0.15377998352050604
2000-06-07,13.5625,13.5625,13.25,13.53125,9.51244831085205,-0.7369434799408099,0.23146280291064247,0.021966934204101562
2000-06-08,13.5,13.65625,13.5,13.5625,9.534420013427734,-0.858427697200337,0.23097841751862358,0.021971702575683594
2000-06-09,13.4375,13.71875,13.4375,13.625,9.578356742858888,-1.1754037583257697,0.46082225630166285,0.04393672943115412
2000-06-12,13.53125,13.71875,13.46875,13.6875,9.622294425964355,-0.884958733153567,0.45871838233864093,0.043937683105466974
2000-06-13,13.71875,13.90625,13.6875,13.90625,9.776071548461914,0.061780339282747294,1.5981336227107512,0.1537771224975586
2000-06-14,13.90625,14.0,13.59375,13.59375,9.55638599395752,-0.8235184393671395,-2.2471762140382268,-0.21968555450439453
2000-06-15,13.53125,13.625,13.46875,13.5625,9.534420013427734,-0.5777572642214296,-0.22985656443423874,-0.021965980529785156
2000-06-16,13.59375,14.125,13.59375,14.09375,9.907888412475586,1.9203492263221784,3.917054194401759,0.37346839904785156
2000-06-19,14.125,14.46875,14.0,14.46875,10.171510696411133,0.22934477688209495,2.6607312573646347,0.2636222839355469
2000-06-20,14.46875,14.46875,13.96875,14.03125,9.863947868347168,-0.7034305924209404,-3.0237674347870835,-0.30756282806396484
2000-06-21,14.09375,14.25,14.09375,14.15625,9.951822280883787,-0.7020342221076125,0.890864527159585,0.08787441253661932
2000-06-22,14.28125,14.28125,13.875,14.03125,9.863947868347168,0.29357781129517824,-0.8829982093371491,-0.08787441253661932
2000-06-23,14.0625,14.125,14.03125,14.0625,9.885916709899902,-0.11416232019656775,0.2227185488604455,0.021968841552734375
2000-06-26,13.75,14.25,13.75,14.25,10.017733573913574,0.6510486115071199,1.333380281078722,0.13181686401367188
2000-06-27,14.4375,14.46875,14.0625,14.0625,9.885916709899902,-0.0387583232768613,-1.3158351940695034,-0.13181686401367188
2000-06-28,14.09375,14.5,14.09375,14.5,10.193476676940918,-0.23006105620278322,3.1110920318903723,0.3075599670410156
2000-06-29,14.40625,14.65625,14.28125,14.28125,10.039697647094728,-0.4451020844552794,-1.5086023612930766,-0.15377902984618963
2000-06-30,14.3125,14.5,13.5,13.5,9.49048137664795,1.3953139885108892,-5.470446319722688,-0.5492162704467791
2000-07-03,13.625,14.1875,13.625,14.1875,9.973793983459473,-0.7034305924209404,5.092603711343346,0.48331260681152344
2000-07-05,14.1875,14.5,13.96875,14.4375,10.149542808532717,-0.6014955595480038,1.7621060287058787,0.17574882507324396
2000-07-06,14.46875,14.59375,14.1875,14.4375,10.149542808532717,-0.654557631454464,0.0,0.0
2000-07-07,14.4375,14.84375,14.375,14.4375,10.149542808532717,0.21957018468879969,0.0,0.0
2000-07-10,14.4375,14.46875,14.25,14.28125,10.039697647094728,-1.130719908299277,-1.0822670883819718,-0.10984516143798828
2000-07-11,14.21875,14.71875,14.0,14.71875,10.347259521484377,0.3801527707215078,3.0634575382720852,0.30756187438964844
2000-07-12,14.625,14.96875,14.59375,14.96875,10.523011207580566,-1.0664868738861937,1.6985336622829417,0.17575168609618963
2000-07-13,14.875,15.0,14.71875,14.96875,10.523011207580566,-0.7774382190273189,0.0,0.0
2000-07-14,14.9375,14.9375,14.25,14.3125,10.061663627624512,-0.41438193756206565,-4.384178357842183,-0.4613475799560547
2000-07-17,14.1875,14.46875,14.1875,14.46875,10.171510696411133,-0.7076197033609241,1.091738631423067,0.1098470687866211
2000-07-18,14.34375,14.5,14.3125,14.34375,10.083637237548828,-1.1642327958191465,-0.8639174797634541,-0.08787345886230469
2000-07-19,14.46875,14.5,14.15625,14.34375,10.083637237548828,-0.7676636268340237,0.0,0.0
2000-07-20,14.3125,14.46875,13.90625,14.0,9.841978073120115,-0.870995030020288,-2.3965475823429783,-0.2416591644287127
2000-07-24,12.15625,12.5,12.15625,12.5,8.787481307983398,1.5377437604703346,-10.714276716554593,-1.054496765136717
2000-07-25,12.53125,12.6875,12.4375,12.5,8.787481307983398,1.6466606449099106,0.0,0.0
2000-07-26,12.5,12.5,12.34375,12.4375,8.743542671203613,0.8884315647728624,-0.5000139999144837,-0.043938636779785156
2000-07-27,12.375,12.5625,12.3125,12.3125,8.655670166015625,1.068563335192161,-1.0049988716517855,-0.08787250518798828
2000-07-28,12.34375,12.5,12.125,12.15625,8.580668449401855,-0.005245435756991771,-0.8665038659657509,-0.07500171661376953
2000-07-31,12.15625,12.46875,12.15625,12.46875,8.801252365112305,-0.9338316941200434,2.57070783017872,0.22058391571044922
2000-08-01,12.46875,12.5,12.15625,12.3125,8.690960884094238,-1.046937689499603,-1.253133945519569,-0.1102914810180664
2000-08-02,12.375,12.4375,12.15625,12.40625,8.757134437561035,0.6552377224471035,0.7614066424795896,0.06617355346679688
2000-08-03,12.46875,12.59375,12.375,12.40625,8.757134437561035,-1.06229776294621,0.0,0.0
2000-08-04,12.4375,12.5,12.3125,12.40625,8.757134437561035,0.08691500492264945,0.0,0.0
2000-08-07,12.40625,12.9375,12.34375,12.9375,9.13212776184082,-0.39343638286214716,4.282146482431126,0.37499332427978516
2000-08-08,12.9375,13.0,12.78125,12.96875,9.154184341430664,-1.1349090192392606,0.24152727781590055,0.02205657958984375
2000-08-09,12.96875,13.0625,12.78125,12.96875,9.154184341430664,-0.8542385862603532,0.0,0.0
2000-08-10,12.96875,13.09375,12.59375,12.59375,8.889485359191895,-0.46185852821521417,-2.891562725482555,-0.26469898223876953
2000-08-11,12.65625,12.9375,12.65625,12.8125,9.043896675109863,-0.6713140752143987,1.737010745602996,0.15441131591796875
2000-08-14,12.875,12.9375,12.65625,12.78125,9.02183723449707,-0.4716331204085094,-0.24391522156045342,-0.02205944061279297
2000-08-15,12.75,12.78125,12.34375,12.34375,8.713022232055664,-0.6112701517412992,-3.422972443579242,-0.30881500244140625
2000-08-16,12.40625,12.40625,11.96875,12.3125,8.690960884094238,-0.0401546935901892,-0.2531997207611991,-0.02206134796142578
2000-08-17,12.28125,12.375,12.21875,12.3125,8.690960884094238,-1.0245957644863568,0.0,0.0
2000-08-18,12.375,12.46875,12.0625,12.09375,8.536553382873535,-0.695052370540973,-1.7766447609181113,-0.15440750122070312
2000-08-21,12.15625,12.28125,11.875,11.96875,8.448325157165527,-0.3194287562557686,-1.0335345162254317,-0.08822822570800781
2000-08-22,11.9375,11.96875,11.6875,11.84375,8.360088348388672,-0.21190824212952056,-1.0444296015526433,-0.08823680877685547
2000-08-23,11.84375,11.875,11.4375,11.59375,8.183621406555176,-0.019209138890270743,-2.110826279336009,-0.1764669418334961
2000-08-24,11.15625,11.4375,11.125,11.25,7.940979957580566,1.3729720634976428,-2.9649642489601336,-0.24264144897460938
2000-08-25,11.3125,11.71875,11.3125,11.65625,8.227740287780762,-0.07646032173671453,3.611145371629476,0.2867603302001953
2000-08-28,11.9375,11.9375,11.53125,11.5625,8.1615629196167,-0.07506395142338664,-0.8043200909287895,-0.0661773681640625
2000-08-29,11.53125,11.90625,11.46875,11.75,8.293914794921875,-0.6322157064412176,1.6216486549048392,0.13235187530517578
2000-08-30,11.75,11.75,11.4375,11.6875,8.249796867370605,-0.5470371173282159,-0.531931285070375,-0.04411792755126953
2000-08-31,11.71875,11.84375,11.5,11.65625,8.227740287780762,1.7081009386963382,-0.2673590628283429,-0.02205657958984375
2000-09-01,11.6875,11.96875,11.6875,11.78125,8.315970420837402,-0.21470098275617636,1.0723495148196927,0.08823013305664062
2000-09-05,11.90625,11.90625,11.53125,11.71875,8.271855354309082,-0.654557631454464,-0.5304860923721066,-0.04411506652832031
2000-09-06,11.6875,12.03125,11.625,11.96875,8.448325157165527,0.988970227332471,2.13337631399122,0.1764698028564453
2000-09-07,11.90625,12.3125,11.90625,12.09375,8.536553382873535,-0.21749372338283215,1.04432800663663,0.08822822570800781
2000-09-08,12.03125,12.21875,12.03125,12.15625,8.580668449401855,-0.26915942497596435,0.5167784297679834,0.04411506652832031
2000-09-11,12.28125,12.6875,12.21875,12.4375,8.779195785522461,0.02966382207620566,2.313658164177701,0.19852733612060547
2000-09-12,12.4375,12.53125,12.34375,12.4375,8.779195785522461,-0.0862349139300098,0.0,0.0
2000-09-13,12.5,12.65625,12.25,12.375,8.73508071899414,-0.8528422159470254,-0.5024955315505064,-0.04411506652832031
2000-09-14,12.375,12.46875,12.09375,12.21875,8.624787330627441,-0.7844200705939584,-1.2626487598090486,-0.11029338836669922
2000-09-15,12.0625,12.375,12.0625,12.3125,8.690960884094238,0.11484241118920739,0.767248523703401,0.06617355346679688
2000-09-18,12.1875,12.1875,11.78125,12.0,8.470375061035156,-0.6112701517412992,-2.5381062692709566,-0.22058582305908203
2000-09-19,12.0625,12.125,11.84375,11.96875,8.448325157165527,-1.1167562051659978,-0.2603179163938263,-0.022049903869628906
2000-09-20,11.84375,12.03125,10.9375,11.84375,8.360088348388672,2.1744886233478558,-1.0444296015526433,-0.08823680877685547
2000-09-21,11.84375,12.125,11.71875,11.71875,8.271855354309082,-0.4311383813220004,-1.05540743593453,-0.08823299407958984
2000-09-22,11.59375,11.59375,11.4375,11.5,8.117452621459961,-0.047136545156828684,-1.8666033947110527,-0.1544027328491211
2000-09-25,11.375,11.40625,11.28125,11.375,8.029219627380371,-0.600099189234676,-1.086954223130665,-0.08823299407958984
2000-09-26,11.25,11.75,11.25,11.625,8.205682754516602,-0.23285379682943902,2.197761866352188,0.17646312713623047
2000-09-27,11.5625,11.84375,11.4375,11.6875,8.249796867370605,0.5197898020542976,0.5376044160337878,0.044114112854003906
2000-09-28,11.5625,11.8125,11.5625,11.65625,8.227740287780762,-0.3347888297023755,-0.2673590628283429,-0.02205657958984375
2000-09-29,11.71875,12.09375,11.71875,11.96875,8.448325157165527,-0.4395166032019678,2.6809896966772495,0.22058486938476562
2000-10-02,12.09375,12.28125,11.6875,11.71875,8.271855354309082,-0.4381202328886399,-2.0888140498092733,-0.1764698028564453
2000-10-03,11.59375,11.78125,11.4375,11.71875,8.271855354309082,0.2670467753419482,0.0,0.0
2000-10-04,11.71875,11.78125,11.5625,11.5625,8.1615629196167,-0.01083091701030336,-1.3333457848114794,-0.11029243469238281
2000-10-05,11.5,11.625,11.4375,11.5625,8.1615629196167,-0.8249148096804674,0.0,0.0
2000-10-06,11.53125,11.5625,11.15625,11.15625,7.874807834625244,-0.11835143113655144,-3.5134825010320725,-0.2867550849914551
2000-10-09,11.03125,11.34375,11.03125,11.3125,7.985098838806152,-0.4534803063352468,1.4005548642845866,0.1102910041809082
2000-10-10,11.1875,11.34375,10.90625,10.90625,7.698339939117432,-0.0862349139300098,-3.5911753314201156,-0.2867588996887207
2000-10-11,10.71875,11.25,10.71875,11.1875,7.896864891052246,0.29637055192183404,2.5788020989571114,0.19852495193481445
2000-10-12,11.09375,11.15625,10.90625,11.15625,7.874807834625244,0.11763515181586318,-0.27931409149464237,-0.022057056427001953
2000-10-13,11.09375,11.625,10.9375,11.625,8.205682754516602,-0.40879645630875405,4.201688813744919,0.3308749198913574
2000-10-16,11.625,11.625,11.1875,11.1875,7.896864891052246,-0.7425289611941215,-3.7634633546413276,-0.30881786346435547
2000-10-17,11.1875,11.25,10.875,10.96875,7.74245548248291,-0.695052370540973,-1.9553254449660606,-0.15440940856933594
2000-10-18,10.90625,11.21875,10.84375,11.09375,7.830691337585449,-0.6852777783476777,1.1396365830216304,0.08823585510253906
2000-10-19,11.09375,11.46875,11.0,11.34375,8.00715446472168,-0.4325347516353283,2.2534808170671994,0.17646312713623047
2000-10-23,9.9375,10.15625,9.84375,10.03125,7.080708026885986,1.9496730029020644,-11.570233119861461,-0.9264464378356934
2000-10-24,9.90625,10.125,9.75,10.125,7.146883487701416,0.012907378316270892,0.9345881875676421,0.06617546081542969
2000-10-25,10.09375,10.1875,9.9375,10.0625,7.102764129638672,0.2042101112421928,-0.6173230351196546,-0.04411935806274414
2000-10-26,10.09375,10.15625,9.75,10.15625,7.168941497802734,0.2586685534619808,0.9317128790454321,0.0661773681640625
2000-10-27,10.15625,10.21875,10.03125,10.15625,7.168941497802734,-0.7076197033609241,0.0,0.0
2000-10-30,10.125,10.15625,10.0,10.125,7.182241916656494,0.7697400881399912,0.18552834972689336,0.013300418853759766
2000-10-31,10.15625,10.46875,10.15625,10.34375,7.337416172027588,1.7611630106027982,2.1605267153592456,0.15517425537109375
2000-11-01,10.375,10.375,10.0,10.1875,7.226579189300537,-0.3794726797288682,-1.5105723885418199,-0.11083698272705078
2000-11-02,10.28125,10.34375,9.9375,10.3125,7.315243721008301,-0.39343638286214716,1.2269225782378212,0.08866453170776367
2000-11-03,10.3125,10.4375,10.25,10.4375,7.403914451599121,2.400700614106975,1.2121363822256592,0.08867073059082031
2000-11-06,10.40625,10.59375,10.34375,10.59375,7.514750957489014,3.894816849367825,1.4969987378224525,0.11083650588989258
2000-11-07,10.5625,10.9375,10.5625,10.90625,7.736426830291748,0.9680246726325525,2.9498765036493735,0.22167587280273438
2000-11-09,11.25,11.375,11.0,11.1875,7.935934543609619,1.5670675370502205,2.5788095421093393,0.1995077133178711
2000-11-10,11.125,11.21875,10.6875,11.125,7.891598224639893,1.153741924305163,-0.5586779821089682,-0.04433631896972656
2000-11-13,11.125,11.71875,11.125,11.65625,8.26844596862793,0.7571727553200401,4.775303218192328,0.3768477439880371
2000-11-14,11.625,12.03125,11.5,12.0,8.512283325195312,0.4527640270145585,2.949010702767474,0.2438373565673828
2000-11-15,12.09375,12.3125,11.84375,12.0,8.512283325195312,0.2070028518688486,0.0,0.0
2000-11-16,11.875,11.9375,11.71875,11.78125,8.3571138381958,0.8716751210129277,-1.8228891247102808,-0.15516948699951172
2000-11-17,11.78125,12.5,11.78125,12.25,8.689624786376953,0.6454631302538083,3.978777298227376,0.33251094818115234
2000-11-20,12.25,12.53125,12.21875,12.25,8.689624786376953,-0.4953714157350837,0.0,0.0
2000-11-21,12.25,12.40625,12.09375,12.09375,8.578787803649902,-0.6992414814809567,-1.2755094201629236,-0.11083698272705078
2000-11-22,12.125,12.125,11.5625,12.0625,8.556621551513672,-0.137900615523142,-0.25838443196835037,-0.02216625213623047
2000-11-24,12.09375,12.375,12.03125,12.375,8.778298377990723,-1.0930179098394237,2.5907050480435956,0.22167682647705078
2000-11-27,12.4375,12.53125,12.375,12.375,8.778298377990723,-0.6852777783476777,0.0,0.0
2000-11-28,12.4375,12.46875,12.125,12.125,8.600956916809082,-0.9282462128667318,-2.0202259429490055,-0.17734146118164062
2000-11-29,12.1875,12.59375,12.125,12.53125,8.88913631439209,-0.8277075503071232,3.3505504139871967,0.2881793975830078
2000-11-30,12.46875,12.53125,12.28125,12.5,8.866965293884277,-0.3473561625223266,-0.24941703809757687,-0.0221710205078125
2000-12-01,12.5,12.78125,12.5,12.5625,8.911299705505371,-0.36969808753557293,0.49999532141704606,0.04433441162109375
2000-12-04,12.5625,12.9375,12.5,12.5,8.866965293884277,-0.10857683894325616,-0.4975078056650317,-0.04433441162109375
2000-12-05,12.625,12.875,12.625,12.84375,9.110809326171877,-0.2901049796758828,2.7500280446093983,0.24384403228759943
2000-12-06,12.78125,12.9375,12.6875,12.71875,9.022138595581056,-0.5931173376680365,-0.9732475723765122,-0.08867073059082031
2000-12-07,12.71875,12.84375,12.53125,12.6875,8.999969482421875,-0.5428480063882322,-0.24571904902945807,-0.022169113159181464
2000-12-08,12.71875,12.71875,12.5625,12.71875,9.022138595581056,0.14695892839574903,0.2463243147933003,0.022169113159181464
2000-12-11,12.625,12.96875,12.5625,12.96875,9.199474334716797,-0.5079387485550347,1.9655621253989342,0.1773357391357404
2000-12-12,12.96875,13.15625,12.78125,12.96875,9.199474334716797,-0.4842004532284605,0.0,0.0
2000-12-13,13.0,13.25,12.9375,13.21875,9.37681484222412,-0.4842004532284605,1.9277243574459257,0.17734050750732244
2000-12-14,13.21875,13.625,13.125,13.5625,9.62065887451172,0.8144239381664838,2.6004995981104617,0.2438440322876012
2000-12-15,13.6875,13.78125,13.3125,13.53125,9.598488807678224,0.16650811278233957,-0.23044229218263101,-0.022170066833496094
2000-12-18,13.53125,13.90625,13.5,13.875,9.842333793640137,-0.4297420110086725,2.540451844532554,0.2438449859619123
2000-12-19,13.6875,14.0,13.6875,13.9375,9.886669158935549,1.709497309009666,0.4504558189650121,0.04433536529541193
2000-12-20,13.90625,13.90625,13.625,13.75,9.753660202026367,-0.11974780144987934,-1.3453363794313722,-0.13300895690918146
2000-12-21,13.6875,13.9375,13.6875,13.875,9.842333793640137,-0.5470371173282159,0.9091314417058349,0.08867359161376953
2000-12-22,13.8125,14.1875,13.71875,14.1875,10.064011573791504,-0.46046215790188627,2.2522887843390293,0.2216777801513672
2000-12-26,14.1875,14.1875,13.9375,14.0625,9.975334167480469,-0.39483275317547506,-0.8811337870672453,-0.08867740631103516
2000-12-27,14.09375,14.46875,14.0625,14.46875,10.26351261138916,-0.653161261141136,2.888910176544779,0.2881784439086914
2000-12-28,14.40625,15.0,14.40625,15.0,10.64035987854004,-0.3892472719221635,3.671718264687507,0.3768472671508807
2000-12-29,14.90625,15.0625,14.6875,14.6875,10.41868495941162,-0.4339311219486562,-2.083340428884417,-0.22167491912842152
2001-01-02,14.6875,14.6875,13.9375,14.375,10.197009086608888,-0.27055579528929224,-2.1276761286699863,-0.22167587280273082
2001-01-03,14.25,14.5,13.625,14.375,10.197009086608888,0.41645839886803315,0.0,0.0
2001-01-04,14.3125,14.625,14.15625,14.21875,10.086175918579102,-0.3236178671957523,-1.0869184001741972,-0.11083316802978693
2001-01-05,14.125,14.15625,13.78125,13.84375,9.820162773132324,-0.4869931938551163,-2.637403388501003,-0.26601314544677734
2001-01-08,13.84375,13.90625,13.65625,13.875,9.842333793640137,-0.9282462128667318,0.2257703972939451,0.0221710205078125
2001-01-09,13.5,13.84375,13.21875,13.6875,9.70932674407959,0.08831137523597735,-1.3513771464090385,-0.13300704956054688
2001-01-10,13.71875,14.15625,13.6875,14.0625,9.975334167480469,0.6761832771470221,2.7397102848874866,0.2660074234008789
2001-01-11,14.09375,14.5,14.0625,14.4375,10.241344451904297,0.4094765473013937,2.6666804335339522,0.2660102844238281
2001-01-12,14.4375,14.78125,14.25,14.75,10.463017463684082,0.7250562381134985,2.1644913206543492,0.22167301177978516
2001-01-16,14.6875,14.71875,14.375,14.71875,10.44084930419922,0.9135662304127645,-0.2118715711008301,-0.022168159484861505
2001-01-17,14.71875,14.8125,14.59375,14.59375,10.352179527282717,-0.1951517983695858,-0.8492582771100987,-0.0886697769165039
2001-01-18,14.59375,14.59375,14.03125,14.4375,10.241344451904297,-0.19235905774293,-1.070644834610135,-0.11083507537841975
2001-01-19,14.375,14.65625,14.09375,14.09375,9.99750804901123,-0.7118088143009077,-2.3809022735069463,-0.2438364028930664
2001-01-22,14.125,14.15625,14.0,14.03125,9.953165054321287,-0.42834564069534464,-0.4435404750119609,-0.04434299468994318
2001-01-23,14.03125,14.75,14.03125,14.75,10.463017463684082,-0.40041823442878666,5.122515366520886,0.5098524093627947
2001-01-24,14.65625,14.84375,14.59375,14.65625,10.396517753601074,-0.7662672565206957,-0.6355691397230356,-0.06649971008300781
2001-01-25,14.53125,14.84375,14.375,14.375,10.197009086608888,-0.6866741486610056,-1.9189951070211153,-0.19950866699218572
2001-01-26,14.5,14.6875,14.0,14.28125,10.130507469177246,-0.46185852821521417,-0.6521678745876058,-0.0665016174316424
2001-01-29,14.399999618530272,14.875,14.25,14.25,10.108342170715332,2.3909260219136796,-0.21879751364236588,-0.022165298461914062
2001-01-30,14.25,14.725000381469728,14.225000381469728,14.614999771118164,10.3672513961792,0.11903152212919108,2.5613421181363227,0.2589092254638672
2001-01-31,14.664999961853027,15.164999961853027,14.664999961853027,14.960000038146973,10.611984252929688,-0.21470098275617636,2.3606339558880807,0.24473285675048828
2001-02-01,14.960000038146973,15.109999656677246,14.795000076293944,14.925000190734863,10.587158203125,-0.9505881378799782,-0.23394352284148434,-0.0248260498046875
2001-02-02,14.925000190734863,14.949999809265137,14.25,14.354999542236328,10.182820320129396,0.1106533002492237,-3.8191351752565272,-0.4043378829956037
2001-02-05,14.324999809265137,14.324999809265137,14.109999656677246,14.170000076293944,10.086725234985352,-0.1867735764896184,-0.9436981319810189,-0.09609508514404475
2001-02-06,14.25,14.800000190734863,14.199999809265137,14.78499984741211,10.524502754211426,-0.4353274922619841,4.340135267169387,0.4377775192260742
2001-02-07,14.53499984741211,14.675000190734863,14.385000228881836,14.385000228881836,10.239771842956545,-0.02060550920359864,-2.7054096322122634,-0.28473091125488104
2001-02-08,14.484999656677246,14.524999618530272,14.399999618530272,14.505000114440918,10.325185775756836,-0.6852777783476777,0.8341390229221091,0.08541393280029119
2001-02-09,14.44499969482422,14.574999809265137,14.1899995803833,14.25,10.14367389678955,-1.1181525754793258,-1.7579526694180059,-0.18151187896728516
2001-02-12,14.335000038146973,14.550000190734863,14.335000038146973,14.489999771118164,10.314513206481934,-0.06528935923009135,1.6841956024084448,0.1708393096923828
2001-02-13,14.489999771118164,14.75,14.345000267028809,14.425000190734863,10.268247604370115,-0.1965481686829137,-0.4485485760272634,-0.04626560211181818
2001-02-14,14.489999771118164,14.574999809265137,14.399999618530272,14.5,10.32162857055664,-0.640593928321185,0.5198644232518035,0.053380966186525214
2001-02-15,14.5,14.654999732971191,14.5,14.649999618530272,10.42840576171875,-0.5749645235947738,1.0344994535717023,0.10677719116210938
2001-02-16,14.725000381469728,14.779999732971191,14.239999771118164,14.300000190734863,10.179265975952148,-0.7369434799408099,-2.3890495964508762,-0.24913978576660156
2001-02-20,14.30500030517578,14.390000343322754,14.255000114440918,14.375,10.23265266418457,-0.1993409093095695,0.524465009152375,0.053386688232421875
2001-02-21,14.574999809265137,14.75,14.46500015258789,14.574999809265137,10.375019073486328,-0.46046215790188627,1.391295238624246,0.1423664093017578
2001-02-22,14.5,15.0,14.5,14.649999618530272,10.42840576171875,-0.03596558265020551,0.5145695429982666,0.053386688232421875
2001-02-23,14.550000190734863,14.94499969482422,14.449999809265137,14.6899995803833,10.456880569458008,-0.7229797768075309,0.27305043925107686,0.028474807739257812
2001-02-26,14.6850004196167,14.9399995803833,14.649999618530272,14.9399995803833,10.634841918945312,-0.7564926643274005,1.701858869910855,0.1779613494873047
2001-02-27,14.994999885559082,15.114999771118164,14.425000190734863,14.425000190734863,10.268247604370115,-0.07925306236337032,-3.4471063826734705,-0.3665943145751971
2001-02-28,14.494999885559082,14.494999885559082,14.225000381469728,14.350000381469728,10.21485424041748,0.5993829099139877,-0.5199851621216389,-0.05339336395263494
2001-03-01,14.300000190734863,14.75,14.274999618530272,14.475000381469728,10.303838729858398,0.22934477688209495,0.8711283327845321,0.08898448944091797
2001-03-02,14.425000190734863,14.574999809265137,14.425000190734863,14.5600004196167,10.36434555053711,-0.653161261141136,0.5872260063948254,0.06050682067871094
2001-03-05,14.5600004196167,15.100000381469728,14.5600004196167,14.9350004196167,10.63127899169922,-0.4758222313484931,2.5754973129806347,0.26693344116211115
2001-03-06,14.8100004196167,15.140000343322754,14.795000076293944,14.949999809265137,10.641958236694336,-0.9561736191332898,0.10045117810804083,0.010679244995115411
2001-03-07,14.890000343322754,15.234999656677246,14.875,15.229999542236328,10.841273307800291,-0.17560261398299523,1.8729172458006982,0.19931507110595525
2001-03-08,15.229999542236328,15.5,15.149999618530272,15.220000267028809,10.83415412902832,-0.07925306236337032,-0.06566736738247148,-0.00711917877197088
2001-03-09,15.119999885559082,15.675000190734863,15.010000228881836,15.399999618530272,10.962285041809082,0.14137344714243744,1.1826572822833947,0.12813091278076172
2001-03-12,15.324999809265137,15.800000190734863,15.100000381469728,15.59000015258789,11.0975341796875,2.7860988205854746,1.2337677533706737,0.13524913787841797
2001-03-13,15.25,15.489999771118164,15.25,15.449999809265137,10.997872352600098,0.13858070651578164,-0.8980537971202573,-0.09966182708740234
2001-03-14,15.0,15.0,14.675000190734863,14.899999618530272,10.606369972229004,2.0823281826682143,-3.559801094422921,-0.39150238037109375
2001-03-15,15.100000381469728,15.125,14.8100004196167,14.96500015258789,10.652636528015137,-0.341770681269015,0.43621480211677444,0.04626655578613281
2001-03-16,14.899999618530272,15.100000381469728,14.600000381469728,14.600000381469728,10.392814636230469,0.017096489256254583,-2.439038364834545,-0.25982189178466797
2001-03-19,15.074999809265137,15.260000228881836,15.0,15.260000228881836,10.862625122070312,1.7067045683830102,4.520531754718626,0.46981048583984375
2001-03-20,15.0,15.5,14.90999984741211,15.5,11.033469200134276,0.6328957974338573,1.5727697139878982,0.17084407806396307
2001-03-21,15.375,15.489999771118164,14.75,15.199999809265137,10.819918632507324,0.2530830722086692,-1.9354798001733897,-0.21355056762695135
2001-03-22,15.09000015258789,15.09000015258789,14.255000114440918,14.550000190734863,10.357227325439451,1.695533605876387,-4.276291927720832,-0.46269130706787287
2001-03-23,14.675000190734863,15.045000076293944,14.600000381469728,14.789999961853027,10.528064727783203,-0.6908632596009893,1.64945112215642,0.17083740234375178
2001-03-26,14.664999961853027,15.03499984741211,14.4399995803833,14.744999885559082,10.496030807495115,-0.2370429077694227,-0.3042716882576846,-0.032033920288087714
2001-03-27,14.744999885559082,15.449999809265137,14.53499984741211,15.449999809265137,10.997872352600098,-0.3208251265690965,4.781250687132332,0.5018415451049822
2001-03-28,15.350000381469728,15.350000381469728,14.774999618530272,14.774999618530272,10.517385482788086,-0.9910828769664872,-4.368907497807206,-0.4804868698120117
2001-03-29,14.75,15.149999618530272,14.739999771118164,14.75,10.499590873718262,-0.5903245970413807,-0.16919232540202334,-0.01779460906982422
2001-03-30,15.375,15.375,14.96500015258789,15.234999656677246,10.84483242034912,-0.23425016714276692,3.288142850356568,0.3452415466308576
2001-04-02,15.234999656677246,15.5,14.899999618530272,14.90999984741211,10.613483428955078,-0.7886091815339421,-2.1332647884898637,-0.2313489913940412
2001-04-03,14.78499984741211,15.050000190734863,14.725000381469728,14.795000076293944,10.531624794006348,-0.9268498425534039,-0.7712702007467986,-0.08185863494873047
2001-04-04,14.725000381469728,15.154999732971191,14.625,14.899999618530272,10.606369972229004,-1.021803023859701,0.7097212413529341,0.07474517822265625
2001-04-05,14.94499969482422,15.489999771118164,14.94499969482422,15.489999771118164,11.026348114013672,-0.884958733153567,3.9596784091476156,0.41997814178466797
2001-04-06,15.460000038146973,15.460000038146973,15.050000190734863,15.274999618530272,10.87330436706543,-1.0999997614060633,-1.3879821801901504,-0.1530437469482422
2001-04-09,15.324999809265137,15.5,15.125,15.260000228881836,10.862625122070312,-0.8165365878005,-0.09821526772914035,-0.010679244995117188
2001-04-10,15.385000228881836,15.699999809265137,15.350000381469728,15.699999809265137,11.175835609436035,-0.39902186411545876,2.883377487908989,0.31321048736572266
2001-04-11,15.635000228881836,15.640000343322754,15.199999809265137,15.324999809265137,10.90889835357666,-1.006442950413094,-2.3885216746924343,-0.266937255859375
2001-04-12,15.300000190734863,15.335000038146973,15.05500030517578,15.300000190734863,10.891104698181152,-0.9436062863133386,-0.16311138685854987,-0.017793655395507812
2001-04-16,15.199999809265137,15.5600004196167,15.175000190734863,15.34000015258789,10.91957664489746,-1.0259921347996845,0.261423863835053,0.028471946716306817
2001-04-17,15.375,15.75,15.375,15.75,11.21142864227295,-0.8081583659205327,2.6727409575156624,0.29185199737549006
2001-04-18,15.699999809265137,16.2549991607666,15.625,15.925000190734863,11.335999488830566,0.03804204395617304,1.1111059128354084,0.12457084655761719
2001-04-19,15.800000190734863,16.09000015258789,15.75,16.0,11.389387130737305,-0.7383398502541378,0.47095663650427166,0.05338764190673828
2001-04-20,16.045000076293945,16.25,15.90999984741211,15.949999809265137,11.353793144226074,0.7571727553200401,-0.3125188923921218,-0.03559398651123047
2001-04-23,15.824999809265137,16.25,15.800000190734863,15.895000457763672,11.314644813537598,0.1595262612157001,-0.3448039804070713,-0.03914833068847656
2001-04-24,15.895000457763672,16.100000381469727,15.515000343322754,15.75,11.21142864227295,3.9981482525540892,-0.9122351869247702,-0.10321617126464844
2001-04-25,15.699999809265137,16.399999618530273,15.585000038146973,16.25,11.567346572875977,0.5477172083208555,3.1745992590188843,0.35591793060302734
2001-04-26,16.2450008392334,16.350000381469727,16.05500030517578,16.170000076293945,11.510401725769045,-0.0415510639035171,-0.492289625353326,-0.05694484710693182
2001-04-27,16.219999313354492,16.34000015258789,15.899999618530272,15.949999809265137,11.353793144226074,-0.6685213345877429,-1.3605831079931963,-0.15660858154297053
2001-04-30,15.800000190734863,15.94499969482422,15.75,15.789999961853027,11.275248527526855,-0.9031115472268296,-0.6917918593502104,-0.07854461669921875
2001-05-01,15.789999961853027,15.975000381469728,15.5,15.975000381469728,11.40735149383545,-0.20771913118953686,1.171619108759181,0.13210296630859375
2001-05-02,15.975000381469728,16.4950008392334,15.925000190734863,16.40999984741211,11.717973709106444,-0.5344697845082648,2.723000298876177,0.3106222152709943
2001-05-03,16.40999984741211,16.75,16.25,16.524999618530273,11.800091743469238,0.06317670959607519,0.7007869824710244,0.08211803436279475
2001-05-04,16.530000686645508,16.75,16.270000457763672,16.600000381469727,11.853647232055664,-0.0415510639035171,0.4538565440905584,0.05355548858642578
2001-05-07,16.594999313354492,16.649999618530273,16.375,16.375,11.692983627319336,-0.9017151769135018,-1.3553938428490397,-0.16066360473632812
2001-05-08,16.25,16.799999237060547,16.25,16.799999237060547,11.996461868286133,0.3703781785282126,2.5953875472617183,0.3034782409667969
2001-05-09,16.9950008392334,17.725000381469727,16.75,17.575000762939453,12.549872398376465,0.24330848001537392,4.613114567998822,0.553410530090332
2001-05-10,17.5,17.940000534057617,17.424999237060547,17.5,12.49631118774414,0.9317190444860273,-0.4267868941779329,-0.05356121063232422
2001-05-11,17.450000762939453,17.549999237060547,17.0,17.334999084472656,12.378490447998049,-0.0862349139300098,-0.9428441559749645,-0.11782073974609197
2001-05-14,17.34000015258789,17.34000015258789,17.075000762939453,17.200000762939453,12.28209400177002,-0.586135486101397,-0.7787415326043989,-0.09639644622802912
2001-05-15,17.325000762939453,17.5,17.125,17.375,12.407052993774414,0.907980749159453,1.0174078783828477,0.12495899200439453
2001-05-16,17.274999618530273,18.200000762939453,17.075000762939453,18.104999542236328,12.928325653076172,0.6412740193138247,4.201422042473113,0.5212726593017578
2001-05-17,18.104999542236328,18.604999542236328,18.024999618530277,18.399999618530277,13.138980865478516,-0.1937554280562579,1.6294083089732458,0.21065521240234375
2001-05-18,18.149999618530277,18.155000686645508,17.5,17.725000381469727,12.65698528289795,1.1286072586652607,-3.668439641669363,-0.4819955825805664
2001-05-21,17.725000381469727,18.125,17.725000381469727,18.125,12.942614555358888,-0.7187906658675473,2.2566927753868926,0.2856292724609393
2001-05-22,18.1200008392334,18.4950008392334,17.875,18.23500061035156,13.021157264709473,-0.6168556329946108,0.6068534994582153,0.07854270935058416
2001-05-23,18.23500061035156,18.23500061035156,17.399999618530273,17.489999771118164,12.489175796508787,-0.06947847017007504,-4.085516036600567,-0.5319814682006854
2001-05-24,17.485000610351562,17.485000610351562,16.799999237060547,17.149999618530273,12.246389389038086,0.06457307990940309,-1.943974617913291,-0.24278640747070135
2001-05-25,17.149999618530273,17.25,17.059999465942383,17.204999923706055,12.285658836364746,-0.4855968235417884,0.3206614299053001,0.039269447326660156
2001-05-29,17.200000762939453,17.200000762939453,16.7549991607666,16.924999237060547,12.085719108581545,-0.1365042452098141,-1.6274237340157316,-0.19993972778320135
2001-05-30,16.920000076293945,16.969999313354492,16.649999618530273,16.68000030517578,11.910774230957031,-0.600099189234676,-1.4475338707838459,-0.1749448776245135
2001-05-31,16.80500030517578,16.80500030517578,16.424999237060547,16.479999542236328,11.767958641052246,-0.4297420110086725,-1.1990453948291346,-0.14281558990478516
2001-06-01,16.549999237060547,16.790000915527344,16.375,16.6299991607666,11.875066757202148,-0.6741068158410545,0.9101673401218369,0.10710811614990234
2001-06-04,16.549999237060547,17.094999313354492,16.450000762939453,17.075000762939453,12.192829132080078,-0.3319960890757197,2.675878640304985,0.3177623748779297
2001-06-05,16.950000762939453,17.700000762939453,16.950000762939453,17.700000762939453,12.639127731323242,-0.41019282662208195,3.6603366979770513,0.44629859924316406
2001-06-06,17.625,17.6299991607666,17.295000076293945,17.344999313354492,12.385632514953612,-0.9813082847731919,-2.005638535809706,-0.2534952163696307
2001-06-07,17.270000457763672,17.5,17.100000381469727,17.5,12.49631118774414,-0.9450026566266666,0.8936053338971739,0.11067867279052912
2001-06-08,17.625,17.625,17.375,17.424999237060547,12.44275951385498,-1.1502690926858674,-0.4285398553589226,-0.053551673889160156
2001-06-11,17.424999237060547,17.5,17.229999542236328,17.325000762939453,12.371350288391112,-0.8821659925269112,-0.5739018373243865,-0.07140922546386896
2001-06-12,17.25,17.3700008392334,17.184999465942383,17.344999313354492,12.385632514953612,-0.8207256987404837,0.1154459798612395,0.0142822265625
2001-06-13,17.325000762939453,17.575000762939453,17.325000762939453,17.399999618530273,12.424907684326172,-0.8500494753203696,0.31710265362017154,0.03927516937256037
2001-06-14,17.34000015258789,17.375,16.875,16.975000381469727,12.121420860290527,-0.22587194526279952,-2.4425680395073535,-0.30348682403564453
2001-06-15,16.850000381469727,17.049999237060547,16.725000381469727,17.049999237060547,12.174979209899902,-0.39622912348880296,0.44184877521109556,0.053558349609375
2001-06-18,17.25,17.549999237060547,16.795000076293945,17.545000076293945,12.52844524383545,0.07574404241602627,2.9032167352543103,0.3534660339355469
2001-06-19,17.545000076293945,17.899999618530273,17.375,17.415000915527344,12.435622215270996,-0.3864545312955077,-0.7408982260598274,-0.09282302856445312
2001-06-20,17.5,18.0,17.350000381469727,18.0,12.853349685668944,0.10087870805592841,3.3591199794166915,0.41772747039794744
2001-06-21,17.700000762939453,17.790000915527344,17.0,17.0,12.1392822265625,0.9149626007260925,-5.555497022714673,-0.7140674591064435
2001-06-22,17.25,17.375,16.540000915527344,16.700000762939453,11.925056457519531,-0.061100248290107656,-1.7647317612750735,-0.21422576904296875
2001-06-25,16.760000228881836,16.905000686645508,16.399999618530273,16.450000762939453,11.746535301208496,-0.600099189234676,-1.497025669832075,-0.17852115631103516
2001-06-26,16.375,16.540000915527344,15.90999984741211,16.299999237060547,11.63942527770996,0.1483552987090769,-0.9118435415378823,-0.10711002349853693
2001-06-27,16.299999237060547,16.440000534057617,16.229999542236328,16.235000610351562,11.593010902404783,-0.9059042878534854,-0.39876861784629014,-0.04641437530517578
2001-06-28,16.299999237060547,16.399999618530273,16.25,16.395000457763672,11.707261085510254,-0.7187906658675473,0.985509149152719,0.11425018310547053
2001-06-29,16.450000762939453,16.600000381469727,16.0,16.21500015258789,11.578728675842283,1.5531038339169414,-1.097886249645974,-0.12853240966797053
2001-07-02,16.325000762939453,16.395000457763672,15.989999771118164,16.075000762939453,11.478759765625,-0.2845194984225712,-0.8633841677787801,-0.09996891021728338
2001-07-03,16.174999237060547,16.2549991607666,15.949999809265137,16.024999618530273,11.4430513381958,-1.0106320613530777,-0.31108262702852496,-0.03570842742919922
2001-07-05,16.100000381469727,16.360000610351562,16.09000015258789,16.09000015258789,11.48946475982666,-0.8151402174871721,0.4056035427887572,0.046413421630859375
2001-07-06,16.09000015258789,16.09000015258789,15.625,15.675000190734863,11.19313144683838,-0.6350084470678734,-2.5791742190151457,-0.2963333129882795
2001-07-09,15.699999809265137,15.800000190734863,15.25,15.5,11.068164825439451,-0.5274879329416253,-1.1164580885381081,-0.12496662139892933
2001-07-10,15.5,15.649999618530272,15.5,15.550000190734863,11.103867530822754,-0.4800113422884768,0.3225711393567421,0.03570270538330256
2001-07-11,15.609999656677246,15.829999923706056,15.5,15.5,11.068164825439451,-0.6112701517412992,-0.32153396358698405,-0.03570270538330256
2001-07-12,15.574999809265137,16.075000762939453,15.574999809265137,15.925000190734863,11.371647834777832,1.015501263285701,2.7419451564440367,0.3034830093383807
2001-07-13,16.0,16.094999313354492,15.850000381469728,15.854999542236328,11.321660995483398,-0.7746454784006631,-0.4395742817637993,-0.049986839294433594
2001-07-16,15.729999542236328,16.049999237060547,15.729999542236328,15.765000343322754,11.25739574432373,-0.7844200705939584,-0.5676309437749993,-0.06426525115966797
2001-07-17,15.765000343322754,16.155000686645508,15.765000343322754,16.155000686645508,11.535887718200684,-0.857031326887009,2.4738578993047877,0.2784919738769531
2001-07-18,16.155000686645508,16.450000762939453,16.0,16.25,11.603720664978027,-0.9198679909867644,0.588016704343608,0.06783294677734375
2001-07-19,16.0,16.575000762939453,16.0,16.575000762939453,11.835796356201172,-0.9729300628932245,2.000011013050207,0.23207569122314453
2001-07-20,16.475000381469727,16.795000076293945,16.46500015258789,16.46500015258789,11.757246971130373,-0.6713140752143987,-0.6636594843881793,-0.078549385070799
2001-07-23,16.764999389648438,17.049999237060547,16.5,16.5,11.782238006591797,-0.3375815703290313,0.21255856513680005,0.024991035461424005
2001-07-24,16.59000015258789,16.594999313354492,16.125,16.354999542236328,11.678699493408203,-0.013623657636959155,-0.8787677954363748,-0.10353851318359375
2001-07-25,16.354999542236328,16.825000762939453,16.200000762939453,16.760000228881836,11.967897415161133,0.44298943482126324,2.476285325400851,0.2891979217529297
2001-07-26,16.7549991607666,17.0,16.2549991607666,16.809999465942383,12.003602027893066,-0.3305997187623918,0.2983365539773297,0.035704612731933594
2001-07-27,16.780000686645508,16.780000686645508,16.524999618530273,16.56999969482422,11.874613761901855,-0.9059042878534854,-1.0745796611007052,-0.12898826599121094
2001-07-30,16.56999969482422,16.75,16.2549991607666,16.299999237060547,11.681116104125977,-0.15326068896974887,-1.629506960442717,-0.1934976577758789
2001-07-31,16.299999237060547,16.649999618530273,16.100000381469727,16.5,11.824444770812988,-0.8919405847202064,1.2270117462181984,0.14332866668701172
2001-08-01,16.5,16.69499969482422,16.405000686645508,16.579999923706055,11.881775856018066,-1.0902251692127678,0.4848522388686938,0.057331085205078125
2001-08-02,16.625,16.649999618530273,16.450000762939453,16.549999237060547,11.86027717590332,-1.0413522082462914,-0.18093827366603144,-0.021498680114746094
2001-08-03,16.549999237060547,16.774999618530273,16.375,16.75,12.003602981567385,-0.7802309596539747,1.2084524125225427,0.14332580566406428
2001-08-06,16.655000686645508,16.700000762939453,16.450000762939453,16.450000762939453,11.788612365722656,-1.2019347942789997,-1.791050705149666,-0.21499061584472834
2001-08-07,16.540000915527344,16.649999618530273,16.405000686645508,16.530000686645508,11.845942497253418,-0.6908632596009893,0.4863178952041691,0.05733013153076172
2001-08-08,16.5,16.75,16.46500015258789,16.565000534057617,11.87102222442627,-0.4939750454217558,0.2117157598786834,0.025079727172851562
2001-08-09,16.549999237060547,16.78499984741211,16.549999237060547,16.68000030517578,11.95343780517578,-0.7201870361808751,0.6942584993222312,0.08241558074950994
2001-08-10,16.68000030517578,16.809999465942383,16.649999618530273,16.725000381469727,11.985685348510742,-0.6992414814809567,0.26977630921374285,0.032247543334962714
2001-08-13,16.764999389648438,16.790000915527344,16.625,16.674999237060547,11.949853897094728,-1.1125670942260142,-0.2989520446610605,-0.03583145141601385
2001-08-14,17.0,17.424999237060547,16.9950008392334,17.1200008392334,12.268754959106444,-0.5749645235947738,2.6686607615282076,0.3189010620117152
2001-08-15,17.125,17.229999542236328,16.899999618530273,17.049999237060547,12.218588829040527,-0.9505881378799782,-0.40889340632466187,-0.05016613006591619
2001-08-16,17.135000228881836,17.399999618530273,17.030000686645508,17.290000915527344,12.390580177307127,-0.5610008204614948,1.4076203944093812,0.1719913482665998
2001-08-17,17.325000762939453,17.674999237060547,17.204999923706055,17.584999084472656,12.601988792419434,0.16790448309566747,1.7062043268925686,0.21140861511230646
2001-08-20,17.584999084472656,17.584999084472656,17.200000762939453,17.565000534057617,12.58765697479248,-0.7648708862073679,-0.11372663365304403,-0.014331817626953125
2001-08-21,17.56999969482422,18.125,17.5,17.770000457763672,12.73456859588623,0.28938870035519454,1.1671085523536906,0.14691162109375
2001-08-22,18.0,18.0,17.774999618530273,17.9950008392334,12.8958101272583,-0.2845194984225712,1.2661719174700492,0.1612415313720703
2001-08-23,18.049999237060547,18.125,17.975000381469727,17.979999542236328,12.885062217712402,-0.4925786751084279,-0.08334419815301253,-0.010747909545898438
2001-08-24,17.93000030517578,17.93000030517578,17.674999237060547,17.8700008392334,12.806238174438477,-0.5191097110616579,-0.611747478918423,-0.07882404327392578
2001-08-27,17.920000076293945,18.299999237060547,17.905000686645508,17.979999542236328,12.885062217712402,-0.2412320187094064,0.6155128633423379,0.07882404327392578
2001-08-28,17.979999542236328,18.155000686645508,17.850000381469727,17.889999389648438,12.820564270019531,-0.628026595501234,-0.5005637272298857,-0.0644979476928711
2001-08-29,18.0,18.5,17.899999618530273,18.450000762939453,13.22187614440918,-0.20492639056288106,3.1302200584735873,0.40131187438964844
2001-08-30,18.350000381469727,18.350000381469727,17.6200008392334,17.799999237060547,12.756067276000977,-0.22168283432281582,-3.523016426115655,-0.4658088684082031
2001-08-31,17.850000381469727,18.149999618530277,17.81999969482422,17.895000457763672,12.82414722442627,-0.8486531050070417,0.5337064077215903,0.06807994842529297
2001-09-04,17.895000457763672,17.895000457763672,17.100000381469727,17.704999923706055,12.687989234924316,0.47789869265446067,-1.0617313347948132,-0.13615798950195312
2001-09-05,17.829999923706055,18.350000381469727,17.764999389648438,18.295000076293945,13.110799789428713,-0.1406933561497978,3.332368483893333,0.4228105545043963
2001-09-06,18.295000076293945,18.295000076293945,17.950000762939453,18.03499984741211,12.924471855163574,-0.07925306236337032,-1.4211790070608465,-0.1863279342651385
2001-09-07,17.975000381469727,17.9950008392334,17.600000381469727,17.700000762939453,12.684401512145996,-0.3333924593890476,-1.8574866788205746,-0.24007034301757812
2001-09-10,17.610000610351562,17.6299991607666,17.299999237060547,17.5,12.541074752807615,-0.8751841409602718,-1.1299449895301517,-0.14332675933838068
2001-09-17,17.375,17.375,16.635000228881836,16.635000228881836,11.921185493469238,-0.6755031861543824,-4.942871895405931,-0.6198892593383771
2001-09-18,16.584999084472656,16.674999237060547,16.584999084472656,16.6299991607666,11.91760540008545,-0.6866741486610056,-0.030031353725268328,-0.0035800933837890625
2001-09-19,16.625,16.674999237060547,15.824999809265137,16.094999313354492,11.534210205078123,-0.17839535460965103,-3.2170489132370306,-0.383395195007326
2001-09-20,16.094999313354492,16.094999313354492,15.350000381469728,15.404999732971191,11.039730072021484,-0.6112701517412992,-4.287074054181328,-0.49448013305663885
2001-09-21,14.75,15.125,14.25,15.029999732971191,10.770994186401367,0.514204320800986,-2.434261380187075,-0.2687358856201172
2001-09-24,15.130000114440918,15.845000267028809,15.130000114440918,15.704999923706056,11.254721641540527,-0.016416398263614948,4.491019554628273,0.48372745513916016
2001-09-25,15.704999923706056,15.850000381469728,15.5,15.550000190734863,11.143644332885742,0.3619999566482452,-0.9869396346934511,-0.11107730865478516
2001-09-26,15.475000381469728,15.699999809265137,15.475000381469728,15.56999969482422,11.15797519683838,-0.5177133407483301,0.12860123245630461,0.014330863952638495
2001-09-27,15.5649995803833,15.739999771118164,15.100000381469728,15.619999885559082,11.19381046295166,-0.31523964531578497,0.3211628049095694,0.035835266113279474
2001-09-28,15.699999809265137,16.25,15.699999809265137,15.899999618530272,11.394464492797852,-0.4800113422884768,1.792544464731649,0.2006540298461914
2001-10-01,15.899999618530272,16.049999237060547,15.260000228881836,16.049999237060547,11.501959800720217,-0.4716331204085094,0.9433993847653754,0.10749530792236506
2001-10-02,16.375,16.405000686645508,16.184999465942383,16.350000381469727,11.716951370239258,-0.5763608939081017,1.869173369094712,0.2149915695190412
2001-10-03,16.475000381469727,16.5,16.25,16.434999465942383,11.77786350250244,-0.6768995564677103,0.5198633188654878,0.06091213226318182
2001-10-04,16.434999465942383,16.434999465942383,16.125,16.149999618530273,11.573620796203612,-0.5945137079813644,-1.7341235637128305,-0.20424270629882812
2001-10-05,16.219999313354492,16.440000534057617,15.925000190734863,16.325000762939453,11.699027061462402,0.2642540347152924,1.083552567230539,0.12540626525879084
2001-10-08,16.375,16.3799991607666,16.104999542236328,16.1299991607666,11.55928897857666,-1.032973986366324,-1.1944419151405428,-0.1397380828857422
2001-10-09,15.979999542236328,16.350000381469727,15.824999809265137,15.824999809265137,11.340717315673828,-0.886355103466895,-1.8908746317175762,-0.21857166290283203
2001-10-10,15.824999809265137,16.5,15.760000228881836,16.5,11.824444770812988,-0.5847391157880691,4.265404397926464,0.48372745513916016
2001-10-11,16.5,17.010000228881836,16.399999618530273,17.0049991607666,12.186345100402832,-0.7886091815339421,3.060611610983588,0.36190032958984375
2001-10-12,17.010000228881836,17.225000381469727,16.604999542236328,17.010000228881836,12.189926147460938,-0.6210447439345944,0.029385734841747002,0.0035810470581054688
2001-10-15,16.950000762939453,17.3700008392334,16.915000915527344,17.0,12.18276309967041,1.0490141508055706,-0.05876202779144801,-0.007163047790527344
2001-10-16,16.924999237060547,17.0,16.75,16.950000762939453,12.146930694580078,-0.912886139420125,-0.2941237943902997,-0.03583240509033203
2001-10-17,16.825000762939453,16.889999389648438,16.3799991607666,16.514999389648438,11.835193634033203,0.2656504050286203,-2.5663854383064066,-0.311737060546875
2001-10-18,16.510000228881836,16.700000762939453,16.5,16.5,11.824444770812988,-1.0259921347996845,-0.09082118596949185,-0.010748863220214844
2001-10-22,14.800000190734863,15.199999809265137,14.664999961853027,14.949999809265137,10.713665008544922,0.4653313598345096,-9.39392744266414,-1.1107797622680664
2001-10-23,14.949999809265137,15.095000267028809,14.94499969482422,14.960000038146973,10.720830917358398,-0.4981641563617395,0.06688569045010251,0.0071659088134765625
2001-10-24,15.0,15.039999961853027,14.960000038146973,14.960000038146973,10.720830917358398,-0.7327543690008262,0.0,0.0
2001-10-25,14.960000038146973,15.199999809265137,14.925000190734863,15.0,10.74949550628662,-0.21190824212952056,0.26737282911355464,0.02866458892822088
2001-10-26,14.994999885559082,15.244999885559082,14.96500015258789,14.989999771118164,10.742328643798828,-0.9184716206734366,-0.0666716171340287,-0.007166862487791192
2001-10-29,15.010000228881836,15.199999809265137,14.960000038146973,14.970000267028809,10.771111488342283,-0.24542112964939009,0.26793859597724623,0.028782844543455255
2001-10-30,14.970000267028809,15.170000076293944,14.960000038146973,14.960000038146973,10.763916015625,-0.6224411142479224,-0.06680343737107686,-0.00719547271728338
2001-10-31,15.024999618530272,15.279999732971191,14.970000267028809,15.050000190734863,10.828669548034668,-0.9994610988464545,0.6015796882442359,0.06475353240966797
2001-11-01,15.100000381469728,15.399999618530272,15.0,15.25,10.97257137298584,-0.872391400333616,1.3288966323410367,0.14390182495117188
2001-11-02,15.244999885559082,15.635000228881836,15.175000190734863,15.390000343322754,11.073305130004885,-0.7927982924739257,0.9180505972105069,0.10073375701904475
2001-11-05,15.390000343322754,15.6899995803833,15.34000015258789,15.539999961853027,11.181232452392578,-0.5623971907748228,0.9746622270458971,0.10792732238769354
2001-11-06,15.53499984741211,15.975000381469728,15.43000030517578,15.93000030517578,11.461844444274902,-0.7802309596539747,2.5096696010669106,0.2806119918823242
2001-11-07,15.829999923706056,16.149999618530273,15.675000190734863,15.71500015258789,11.30714988708496,-0.3375815703290313,-1.349648025167638,-0.15469455718994318
2001-11-08,15.600000381469728,15.899999618530272,15.600000381469728,15.854999542236328,11.407876968383787,-0.7104124439875799,0.8908264443710845,0.10072708129882812
2001-11-09,15.75,15.770000457763672,15.4350004196167,15.489999771118164,11.145257949829102,-0.27614127654260384,-2.302084947817351,-0.2626190185546857
2001-11-12,15.300000190734863,15.475000381469728,15.225000381469728,15.4350004196167,11.105684280395508,-0.8877514737802228,-0.35507181270937327,-0.03957366943359375
2001-11-13,15.375,16.225000381469727,15.375,16.225000381469727,11.674101829528809,-0.36690534690891713,5.118257774864987,0.5684175491333008
2001-11-14,16.149999618530273,16.549999237060547,16.040000915527344,16.149999618530273,11.620134353637695,0.11623878150253528,-0.4622837514968947,-0.05396747589111328
2001-11-15,16.149999618530273,16.325000762939453,16.110000610351562,16.149999618530273,11.620134353637695,-0.7327543690008262,0.0,0.0
2001-11-16,16.235000610351562,16.239999771118164,16.0049991607666,16.184999465942383,11.645316123962402,-1.1223416864193094,0.21670808235383365,0.02518177032470703
2001-11-19,16.100000381469727,16.25,16.100000381469727,16.2450008392334,11.68848705291748,-0.9491917675666502,0.3707149595213233,0.043170928955078125
2001-11-20,16.2450008392334,16.2450008392334,15.949999809265137,16.125,11.602145195007324,-0.5707754126547901,-0.7386914792244625,-0.08634185791015625
2001-11-23,16.125,16.5,16.125,16.450000762939453,11.835989952087402,-0.8109511065471885,2.0155303450322792,0.23384475708007812
2001-11-26,16.40999984741211,16.40999984741211,16.225000381469727,16.325000762939453,11.746045112609863,0.7222634974868427,-0.7599266292185103,-0.08994483947753906
2001-11-27,16.239999771118164,16.2450008392334,15.850000381469728,16.239999771118164,11.684891700744627,0.4960515067277233,-0.5206298058534231,-0.06115341186523615
2001-11-28,16.239999771118164,16.325000762939453,16.149999618530273,16.200000762939453,11.656109809875488,-1.104188872346047,-0.24631713845756353,-0.02878189086913885
2001-11-29,16.274999618530273,16.375,16.03499984741211,16.375,11.782022476196287,-0.2970868312425223,1.0802288960431783,0.125912666320799
2001-11-30,16.375,16.575000762939453,16.375,16.399999618530273,11.800012588500977,-0.5484334876415438,0.15269120680285742,0.017990112304689276
2001-12-03,16.399999618530273,16.549999237060547,16.225000381469727,16.389999389648438,11.792817115783691,-0.7732491080873353,-0.06097851729663928,-0.007195472717285156
2001-12-04,16.389999389648438,16.524999618530273,16.264999389648438,16.510000228881836,11.879158973693848,-0.5093351188683627,0.7321563377303164,0.08634185791015625
2001-12-05,16.514999389648438,17.0,16.510000228881836,16.915000915527344,12.170567512512209,-0.3906436422354914,2.4531074924047935,0.29140853881836115
2001-12-06,16.924999237060547,17.165000915527344,16.924999237060547,17.09000015258789,12.296476364135742,0.7809110506466144,1.0345355834400438,0.12590885162353338
2001-12-07,17.09000015258789,17.09000015258789,16.75,17.0,12.23172664642334,1.6103550167633853,-0.5265713184408938,-0.06474971771240234
2001-12-10,16.924999237060547,17.125,16.825000762939453,16.934999465942383,12.18494987487793,0.8102348272265002,-0.3824216555647797,-0.046776771545410156
2001-12-11,16.860000610351562,16.889999389648438,16.600000381469727,16.725000381469727,12.033853530883787,1.2012185149583114,-1.24002433777477,-0.1510963439941424
2001-12-12,16.774999618530273,16.790000915527344,16.510000228881836,16.514999389648438,11.882756233215332,0.17628270497563486,-1.255601933999595,-0.15109729766845525
2001-12-13,16.5,16.5,16.344999313354492,16.399999618530273,11.800012588500977,-0.9924792472798151,-0.6963337721518359,-0.08274364471435547
2001-12-14,16.350000381469727,16.395000457763672,16.219999313354492,16.25,11.692086219787598,-0.42694927038201674,-0.914629267586986,-0.1079263687133789
2001-12-17,16.299999237060547,16.625,16.290000915527344,16.625,11.961908340454102,-0.017812768576942847,2.3077329023614146,0.2698221206665039
2001-12-18,16.575000762939453,16.809999465942383,16.375,16.809999465942383,12.095011711120604,-0.22447557494947162,1.1127268900427811,0.13310337066650213
2001-12-19,16.719999313354492,16.940000534057617,16.575000762939453,16.80500030517578,12.091416358947754,-0.9003188066001738,-0.029725908983979643,-0.003595352172849786
2001-12-20,16.75,16.940000534057617,16.645000457763672,16.915000915527344,12.170567512512209,-0.40600371568209825,0.6546061372362022,0.0791511535644549
2001-12-21,17.040000915527344,17.200000762939453,16.75,17.149999618530273,12.33964729309082,0.32569432850171987,1.3892514084062668,0.1690797805786115
2001-12-24,17.09000015258789,17.239999771118164,17.05500030517578,17.184999465942383,12.364830017089844,-1.1390981301792442,0.20407977149494716,0.025182723999023438
2001-12-26,17.100000381469727,17.25,17.079999923706055,17.25,12.411599159240724,-1.1167562051659978,0.3782433085310455,0.04676914215088068
2001-12-27,17.25,17.450000762939453,17.25,17.399999618530273,12.519522666931152,-0.8919405847202064,0.8695374891322993,0.10792350769042791
2001-12-28,17.399999618530273,17.399999618530273,16.96500015258789,16.96500015258789,12.206536293029783,-0.8626168081403206,-2.4999864789420956,-0.31298637390136896
2001-12-31,17.0,17.549999237060547,16.850000381469727,17.514999389648438,12.602272033691406,0.18885003779558593,3.2419986404136347,0.39573574066162287
2002-01-02,17.514999389648438,17.540000915527344,16.975000381469727,17.475000381469727,12.573485374450684,-0.08204580299002612,-0.2284243600182867,-0.028786659240722656
2002-01-03,17.450000762939453,17.709999084472656,17.28499984741211,17.424999237060547,12.537513732910156,-0.25938483278266905,-0.28609125051055617,-0.035971641540527344
2002-01-04,17.350000381469727,17.549999237060547,17.100000381469727,17.364999771118164,12.494344711303713,0.1567335205890443,-0.34431883805740027,-0.043169021606443536
2002-01-07,17.149999618530273,17.3700008392334,17.149999618530273,17.290000915527344,12.44037914276123,0.03524930332951725,-0.4319199589047584,-0.053965568542482245
2002-01-08,17.25,17.639999389648438,17.21500015258789,17.6299991607666,12.685012817382812,-0.5386588954482485,1.9664487055760516,0.24463367462158203
2002-01-11,15.425000190734863,15.574999809265137,15.125,15.19499969482422,10.932997703552246,1.1607237758718023,-13.811693681773074,-1.7520151138305664
2002-01-14,15.25,15.25,14.875,14.949999809265137,10.756718635559082,2.2903873593540713,-1.6123580446366415,-0.17627906799316406
2002-01-15,15.039999961853027,15.125,14.925000190734863,15.020000457763672,10.807083129882812,0.03943841426950094,0.4682142949917534,0.05036449432373047
2002-01-16,15.074999809265137,15.125,14.949999809265137,15.020000457763672,10.807083129882812,0.33267618006835936,0.0,0.0
2002-01-17,15.0,15.0,14.890000343322754,15.0,10.792695999145508,-0.39622912348880296,-0.13312686285832376,-0.014387130737304688
2002-01-22,14.975000381469728,15.140000343322754,14.925000190734863,14.994999885559082,10.789095878601074,1.804450490315963,-0.03335700870957803,-0.0036001205444335938
2002-01-23,15.015000343322754,15.25,15.015000343322754,15.045000076293944,10.825077056884766,3.3600070193632403,0.3334957691409235,0.035981178283691406
2002-01-24,15.095000267028809,15.175000190734863,15.024999618530272,15.050000190734863,10.828669548034668,0.7166780162335311,0.03318674898131757,0.0035924911499023438
2002-01-25,15.149999618530272,15.399999618530272,15.06999969482422,15.265000343322754,10.983369827270508,1.8323778965825208,1.4286176020942287,0.15470027923583984
2002-01-28,15.3149995803833,15.350000381469728,15.125,15.244999885559082,10.968976020812988,0.1623190018423559,-0.13105091318860174,-0.014393806457519531
2002-01-29,15.345000267028809,15.475000381469728,15.18000030517578,15.395000457763672,11.07690715789795,0.41645839886803315,0.9839672990456627,0.10793113708496094
2002-01-30,15.375,16.010000228881836,15.300000190734863,16.0,11.512208938598633,0.40528743636141,3.9298133901060073,0.4353017807006836
2002-01-31,15.925000190734863,16.110000610351562,15.80500030517578,16.040000915527344,11.54098892211914,0.19164277842224173,0.24999531952563103,0.028779983520507812
2002-02-01,16.040000915527344,16.315000534057617,15.970000267028809,15.975000381469728,11.494221687316896,-0.09880224674996088,-0.40522727400432723,-0.04676723480224432
2002-02-04,15.975000381469728,15.975000381469728,15.699999809265137,15.845000267028809,11.443665504455566,-0.3375815703290313,-0.43983998426891935,-0.0505561828613299
2002-02-05,15.795000076293944,15.899999618530272,15.670000076293944,15.850000381469728,11.44727611541748,-0.15884617022306047,0.031551175281285815,0.0036106109619140625
2002-02-06,15.75,16.030000686645508,15.725000381469728,16.0,11.555611610412598,-0.7453217018207773,0.9463866679096489,0.10833549499511719
2002-02-07,16.024999618530273,16.100000381469727,15.755000114440918,16.06999969482422,11.606167793273926,-0.6294229658145618,0.4375033063223732,0.050556182861328125
2002-02-08,16.010000228881836,16.575000762939453,15.96500015258789,16.575000762939453,11.9708890914917,-0.5177133407483301,3.1424782470329093,0.36472129821777344
2002-02-11,16.5,16.674999237060547,16.280000686645508,16.43000030517578,11.866167068481444,-0.1323151342698304,-0.8748057242021101,-0.10472202301025568
2002-02-12,16.43000030517578,16.514999389648438,16.200000762939453,16.514999389648438,11.927556037902832,-0.1323151342698304,0.5173445567309365,0.061388969421388495
2002-02-13,16.514999389648438,16.69499969482422,16.395000457763672,16.5,11.916722297668455,-0.17420624366966733,-0.09082950606100759,-0.010833740234376776
2002-02-14,16.424999237060547,16.625,16.424999237060547,16.43000030517578,11.866167068481444,-0.2901049796758828,-0.42423770500134017,-0.05055522918701172
2002-02-15,16.450000762939453,17.06999969482422,16.450000762939453,16.895000457763672,12.202004432678224,1.720668271516289,2.830209302284503,0.3358373641967809
2002-02-19,16.774999618530273,16.875,16.625,16.850000381469727,12.169500350952148,0.7781183100199586,-0.26638313324183205,-0.032504081726075995
2002-02-20,16.850000381469727,16.899999618530273,16.725000381469727,16.844999313354492,12.165888786315918,0.27263225659525975,-0.029677180920151258,-0.0036115646362304688
2002-02-21,16.850000381469727,17.125,16.75,16.75,12.097282409667969,0.18466092685560223,-0.5639240819389824,-0.06860637664794922
2002-02-22,16.709999084472656,16.975000381469727,16.665000915527344,16.915000915527344,12.216452598571776,-0.1965481686829137,0.9850988417743123,0.11917018890380682
2002-02-25,16.850000381469727,16.920000076293945,16.700000762939453,16.850000381469727,12.169500350952148,-0.36271623596893343,-0.3843361830349723,-0.04695224761962713
2002-02-26,16.850000381469727,16.975000381469727,16.729999542236328,16.850000381469727,12.169500350952148,-0.5610008204614948,0.0,0.0
2002-02-27,16.825000762939453,17.0,16.799999237060547,17.0,12.277840614318848,-0.051325656096812375,0.8902605714475653,0.10834026336669922
2002-02-28,17.0,17.520000457763672,16.989999771118164,17.299999237060547,12.494501113891602,0.08970774554930523,1.7646466213291356,0.2166604995727539
2002-03-01,17.399999618530273,17.559999465942383,17.274999618530273,17.290000915527344,12.487275123596191,-0.11416232019656775,-0.057833363889781,-0.007225990295410156
2002-03-04,17.325000762939453,17.354999542236328,16.950000762939453,17.149999618530273,12.386164665222168,1.60058042457009,-0.8097079416706676,-0.10111045837402344
2002-03-05,17.200000762939453,17.28499984741211,17.079999923706055,17.1200008392334,12.364500999450684,0.4639349895211817,-0.17490212956970952,-0.021663665771484375
2002-03-06,17.174999237060547,17.28499984741211,17.049999237060547,17.229999542236328,12.443944931030272,0.27123588628193185,0.6425162777140558,0.07944393157958807
2002-03-07,17.274999618530273,17.5,17.219999313354492,17.30500030517578,12.49811553955078,0.09808596742927261,0.4353170061483391,0.05417060852050781
2002-03-08,17.34000015258789,17.360000610351562,17.0,17.239999771118164,12.451169967651367,1.276622511878018,-0.3756212026593264,-0.046945571899412286
2002-03-11,17.149999618530273,17.149999618530273,17.03499984741211,17.09000015258789,12.342833518981934,-0.7927982924739257,-0.8700905131878822,-0.1083364486694336
2002-03-12,17.094999313354492,17.100000381469727,17.030000686645508,17.075000762939453,12.332003593444824,-0.830500290933779,-0.08774262020511125,-0.010829925537109375
2002-03-13,17.024999618530273,17.149999618530273,16.844999313354492,16.9950008392334,12.274227142333984,-0.287312239049227,-0.4685082247425809,-0.057776451110839844
2002-03-14,16.899999618530273,17.125,16.899999618530273,17.09000015258789,12.342833518981934,0.04362752520948463,0.5589466110768271,0.06860637664794922
2002-03-15,16.75,17.09000015258789,16.559999465942383,16.950000762939453,12.24172306060791,0.6761832771470221,-0.8191835223129829,-0.10111045837402344
2002-03-18,17.0,17.09000015258789,16.600000381469727,16.725000381469727,12.07922077178955,0.44578217544791904,-1.3274462100949513,-0.16250228881835938
2002-03-19,16.825000762939453,17.100000381469727,16.825000762939453,17.100000381469727,12.350058555603027,-0.5177133407483301,2.2421792674408803,0.27083778381347656
2002-03-20,17.100000381469727,17.100000381469727,16.875,16.940000534057617,12.234501838684082,-0.6936560002276451,-0.9356774820028613,-0.11555671691894531
2002-03-21,16.940000534057617,17.270000457763672,16.924999237060547,17.190000534057617,12.41506004333496,0.43880032388127954,1.4758116597765492,0.18055820465087713
2002-03-22,17.25,17.274999618530273,16.649999618530273,16.68000030517578,12.046724319458008,0.47929506296778857,-2.966846093303377,-0.36833572387695135
2002-03-25,16.684999465942383,16.905000686645508,16.649999618530273,16.799999237060547,12.133387565612791,0.09529322680261683,0.7193926237259785,0.08666324615478338
2002-03-26,16.899999618530273,17.25,16.899999618530273,17.1200008392334,12.364500999450684,-0.006641806070319669,1.9047725343653399,0.2311134338378924
2002-03-27,17.170000076293945,17.575000762939453,17.170000076293945,17.510000228881836,12.646170616149902,-0.572171782968118,2.2780508223642304,0.28166961669921875
2002-03-28,17.399999618530273,17.594999313354492,17.399999618530273,17.524999618530273,12.65700340270996,-0.24681749996271798,0.08566060737962289,0.010832786560056817
2002-04-01,17.5,17.524999618530273,17.280000686645508,17.389999389648438,12.5595064163208,0.6287066864938735,-0.770300704575011,-0.09749698638915838
2002-04-02,17.424999237060547,17.56999969482422,17.3799991607666,17.489999771118164,12.63172435760498,-0.5135242298083463,0.5750062055809302,0.07221794128417969
2002-04-03,17.524999618530273,17.700000762939453,17.450000762939453,17.450000762939453,12.602834701538086,-0.4409129735152957,-0.22870714440108575,-0.02888965606689453
2002-04-04,17.434999465942383,17.674999237060547,17.344999313354492,17.655000686645508,12.750889778137209,-0.5917209673547086,1.1747759936981073,0.14805507659912287
2002-04-05,17.700000762939453,17.924999237060547,17.684999465942383,17.799999237060547,12.855610847473145,-0.7704563674606795,0.8212844057007729,0.10472106933593572
2002-04-08,17.799999237060547,18.1200008392334,17.639999389648438,18.1200008392334,13.0867338180542,-0.8360857721870906,1.7978373281770876,0.2311229705810547
2002-04-09,18.06999969482422,18.125,17.924999237060547,18.09000015258789,13.0650634765625,-0.21190824212952056,-0.1655901448977537,-0.02167034149169922
2002-04-10,18.07999992370605,18.5,17.969999313354492,18.45499992370605,13.328670501708984,-0.12254054207653513,2.017648254211468,0.2636070251464844
2002-04-11,18.399999618530277,18.584999084472656,18.350000381469727,18.459999084472656,13.332280158996582,-0.27614127654260384,0.02708190053264392,0.0036096572875976562
2002-04-12,18.475000381469727,18.774999618530277,18.2450008392334,18.76000022888184,13.548958778381348,-0.25240298121602955,1.62521801822888,0.21667861938476562
2002-04-15,18.700000762939453,18.815000534057617,18.399999618530277,18.450000762939453,13.325058937072754,-0.31384327500245707,-1.6525243376328436,-0.22389984130859375
2002-04-16,18.489999771118164,19.0,18.46500015258789,18.975000381469727,13.704231262207031,-0.40181460474211456,2.8455583343001356,0.37917232513427734
2002-04-17,18.924999237060547,18.93000030517578,18.575000762939453,18.57999992370605,13.418949127197266,-0.7425289611941215,-2.08170841217854,-0.2852821350097656
2002-04-18,18.549999237060547,18.549999237060547,18.200000762939453,18.30500030517578,13.220340728759766,-0.9687409519532408,-1.4800592546771352,-0.1986083984375
2002-04-19,18.25,18.25,17.899999618530273,17.934999465942383,12.953109741210938,-0.41019282662208195,-2.0213623312104856,-0.2672309875488281
2002-04-22,17.934999465942383,17.934999465942383,17.645000457763672,17.704999923706055,12.787006378173828,0.9149626007260925,-1.2823435171605446,-0.16610336303710938
2002-04-23,17.655000686645508,18.049999237060547,17.559999465942383,18.0049991607666,13.003669738769531,-0.21330461244284846,1.6944025379194816,0.21666336059570312
2002-04-24,18.0049991607666,18.26000022888184,18.0,18.2549991607666,13.184226036071776,-0.03038010139689392,1.3885026375587417,0.18055629730224432
2002-04-25,18.155000686645508,18.325000762939453,18.07999992370605,18.270000457763672,13.19506549835205,-0.8053656252938769,0.08221538564812114,0.010839462280275214
2002-04-26,18.209999084472656,18.450000762939453,18.170000076293945,18.19499969482422,13.140891075134276,-0.7341507393141541,-0.4105657772183191,-0.054174423217775214
2002-04-29,18.170000076293945,18.48500061035156,18.024999618530277,18.450000762939453,13.369148254394531,-0.3780763094155403,1.7369992487965558,0.22825717926025568
2002-04-30,18.424999237060547,18.649999618530277,18.200000762939453,18.575000762939453,13.459729194641112,-0.436723862575312,0.6775371065004476,0.09058094024658025
2002-05-01,18.56999969482422,18.96999931335449,18.295000076293945,18.875,13.677103996276855,-0.3529416437756382,1.6150013012319109,0.21737480163574396
2002-05-02,18.825000762939453,19.3700008392334,18.825000762939453,19.350000381469727,14.0213041305542,-0.5610008204614948,2.516615610812356,0.34420013427734375
2002-05-03,19.299999237060547,19.299999237060547,18.6200008392334,18.770000457763672,13.60102653503418,-0.3222214968824244,-2.997421577955661,-0.42027759552001953
2002-05-06,18.69499969482422,18.850000381469727,18.31999969482422,18.43000030517578,13.354656219482422,-0.5274879329416253,-1.8114097117386319,-0.2463703155517578
2002-05-07,18.434999465942383,18.850000381469727,18.420000076293945,18.799999237060547,13.622761726379396,-0.36411260628226133,2.0075807455518735,0.26810550689697443
2002-05-08,18.73500061035156,18.774999618530277,18.450000762939453,18.575000762939453,13.459729194641112,-0.6838814080343498,-1.1967656413059413,-0.1630325317382848
2002-05-09,18.524999618530277,18.73500061035156,18.450000762939453,18.479999542236328,13.390887260437012,-0.8542385862603532,-0.5114659679149369,-0.06884193420409979
2002-05-10,18.5,18.524999618530277,18.2450008392334,18.325000762939453,13.27857494354248,-1.032973986366324,-0.838721995863223,-0.11231231689453125
2002-05-13,18.424999237060547,18.71500015258789,18.36000061035156,18.71500015258789,13.56116771697998,-1.0846396879594562,2.1281860036865385,0.2825927734375
2002-05-14,18.450000762939453,18.88999938964844,18.450000762939453,18.75,13.586532592773438,1.068563335192161,0.18704049918722987,0.02536487579345703
2002-05-15,18.799999237060547,18.899999618530277,18.674999237060547,18.875,13.677103996276855,-0.6238374845612502,0.666626329307829,0.09057140350341797
2002-05-16,18.875,18.875,18.21999931335449,18.44499969482422,13.365519523620604,-0.626630225187906,-2.278146548721649,-0.3115844726562518
2002-05-17,18.600000381469727,18.75,18.399999618530277,18.559999465942383,13.448854446411133,-0.9785155441465361,0.623506797796014,0.08333492279052912
2002-05-20,18.375,18.5049991607666,18.270000457763672,18.280000686645508,13.245965957641602,-0.9282462128667318,-1.5085930893071198,-0.20288848876953125
2002-05-21,18.229999542236328,18.450000762939453,17.84000015258789,17.905000686645508,12.974228858947754,-0.6028919298613318,-2.0514706104697633,-0.27173709869384766
2002-05-22,17.854999542236328,18.31999969482422,17.799999237060547,17.924999237060547,12.988726615905762,-0.3361852000157034,0.11174272564191678,0.014497756958007812
2002-05-23,17.924999237060547,18.184999465942383,17.7450008392334,18.174999237060547,13.169879913330078,0.12042789244251897,1.3946963607847307,0.1811532974243164
2002-05-24,18.18000030517578,18.280000686645508,17.975000381469727,18.05500030517578,13.082925796508787,-0.26497031403598065,-0.6602498837766868,-0.08695411682129084
2002-05-28,18.0,18.045000076293945,17.719999313354492,17.84000015258789,12.927136421203612,-0.5246951923149695,-1.1907839097180295,-0.15578937530517578
2002-05-29,17.674999237060547,17.875,17.65999984741211,17.875,12.952496528625488,-0.572171782968118,0.19617730172847292,0.025360107421876776
2002-05-30,17.8799991607666,18.2450008392334,17.774999618530273,18.2450008392334,13.220603942871094,0.13578796588912584,2.069928477904459,0.26810741424560547
2002-05-31,18.149999618530277,18.924999237060547,18.149999618530277,18.690000534057617,13.543063163757324,-0.07227121079673084,2.439065736176982,0.32245922088623047
2002-06-03,18.690000534057617,18.700000762939453,18.274999618530277,18.375,13.31480598449707,-0.07925306236337032,-1.6854176673346322,-0.2282571792602539
2002-06-04,18.375,18.38500022888184,18.21500015258789,18.229999542236328,13.209735870361328,-0.39483275317547506,-0.7891223819414206,-0.10507011413574219
2002-06-05,18.229999542236328,18.274999618530277,17.924999237060547,18.100000381469727,13.115540504455566,-0.11416232019656775,-0.7130753167980286,-0.09419536590576172
2002-06-06,18.049999237060547,18.049999237060547,17.7450008392334,18.0,13.043070793151855,-0.25379935152935745,-0.5525484159733418,-0.07246971130371094
2002-06-07,17.924999237060547,18.350000381469727,17.850000381469727,18.350000381469727,13.296688079833984,-0.7704563674606795,1.9444599412531627,0.2536172866821289
2002-06-10,18.325000762939453,18.415000915527344,17.709999084472656,17.735000610351562,12.851055145263672,-0.41019282662208195,-3.3514581367533824,-0.4456329345703125
2002-06-11,17.700000762939453,17.84000015258789,17.375,17.385000228881836,12.59743595123291,-0.572171782968118,-1.9735281746435795,-0.2536191940307617
2002-06-12,17.325000762939453,17.489999771118164,17.1200008392334,17.3700008392334,12.586566925048828,-0.24961024058937378,-0.08627967013412619,-0.010869026184082031
2002-06-13,17.350000381469727,17.549999237060547,16.954999923706055,16.954999923706055,12.285847663879396,-0.5973064486080202,-2.389207978316654,-0.3007192611694318
2002-06-14,16.899999618530273,17.049999237060547,16.485000610351562,16.96500015258789,12.293092727661133,-0.1392969858364699,0.058970809177760763,0.007245063781736505
2002-06-17,17.09000015258789,17.399999618530273,17.09000015258789,17.325000762939453,12.553956031799316,-0.8528422159470254,2.1220315336205386,0.2608633041381836
2002-06-18,17.424999237060547,17.450000762939453,17.155000686645508,17.21500015258789,12.474247932434082,-0.9296425831800597,-0.6349241558862628,-0.07970809936523438
2002-06-19,17.21500015258789,17.625,17.149999618530273,17.549999237060547,12.716995239257812,-0.5093351188683627,1.945987510738556,0.24274730682373047
2002-06-20,17.625,17.75,17.450000762939453,17.5,12.680760383605955,-0.7159979252408915,-0.2849325250983692,-0.036234855651857245
2002-06-21,17.53499984741211,17.600000381469727,17.360000610351562,17.399999618530273,12.60830307006836,-0.3766799391022124,-0.5713956525136399,-0.07245731353759588
2002-06-24,17.350000381469727,17.600000381469727,16.989999771118164,17.0,12.318458557128906,0.33267618006835936,-2.298838402984882,-0.2898445129394531
2002-06-25,17.0,17.030000686645508,16.399999618530273,16.454999923706055,11.923540115356444,-0.23564653745609482,-3.2059079465256324,-0.3949184417724627
2002-06-26,16.25,16.274999618530273,16.0,16.100000381469727,11.666305541992188,0.13578796588912584,-2.1573674502336826,-0.25723457336425604
2002-06-27,16.09000015258789,16.125,15.4350004196167,15.699999809265137,11.376453399658203,1.27522614156469,-2.484523839108088,-0.2898521423339844
2002-07-01,15.5600004196167,16.299999237060547,15.529999732971191,16.15999984741211,11.709782600402832,0.47789869265446067,2.929992230747791,0.3333292007446289
2002-07-02,16.190000534057617,16.190000534057617,15.484999656677246,15.71500015258789,11.387325286865234,0.13439159557579794,-2.753742956137417,-0.32245731353759766
2002-07-03,15.664999961853027,15.71500015258789,15.260000228881836,15.28499984741211,11.075740814208984,-0.15465705928307677,-2.7362393258024253,-0.31158447265625
2002-07-05,15.234999656677246,15.774999618530272,15.204999923706056,15.774999618530272,11.430804252624512,-1.076261466079489,3.2057759780729,0.35506343841552734
2002-07-08,15.899999618530272,15.899999618530272,15.600000381469728,15.645000457763672,11.336603164672852,-0.7634745158940399,-0.8240985137159651,-0.09420108795166016
2002-07-09,15.520000457763672,15.65999984741211,15.449999809265137,15.475000381469728,11.213418006896973,-0.40181460474211456,-1.086614358697402,-0.1231851577758789
2002-07-10,15.475000381469728,15.479999542236328,15.024999618530272,15.0600004196167,10.912702560424805,-0.8598240675136648,-2.6817465137499386,-0.30071544647216797
2002-07-11,15.0,15.0,14.699999809265137,14.699999809265137,10.651840209960938,-0.35713075471562183,-2.3904468120471978,-0.2608623504638672
2002-07-12,14.675000190734863,14.824999809265137,14.5,14.675000190734863,10.63372802734375,-0.42555290006868884,-0.1700380615947461,-0.0181121826171875
2002-07-15,14.625,14.630000114440918,13.925000190734863,14.350000381469728,10.398225784301758,-0.46185852821521417,-2.2146724313092947,-0.2355022430419922
2002-07-16,14.199999809265137,14.199999809265137,13.920000076293944,13.920000076293944,10.08664321899414,-0.4855968235417884,-2.996497400335496,-0.3115825653076172
2002-07-17,13.920000076293944,14.289999961853027,13.920000076293944,14.050000190734863,10.18083953857422,-0.8053656252938769,0.9338718296558746,0.0941963195800799
2002-07-18,14.0,14.045000076293944,13.90999984741211,13.96500015258789,10.11924934387207,-0.4534803063352468,-0.6049618449322502,-0.061590194702150214
2002-07-19,13.774999618530272,14.0649995803833,13.300000190734863,13.949999809265137,10.108384132385254,1.0615814836255217,-0.10737171422103842,-0.010865211486816406
2002-07-22,13.9399995803833,13.9399995803833,13.550000190734863,13.744999885559082,9.959833145141602,0.28519958941521084,-1.4695819361249307,-0.14855098724365234
2002-07-23,13.744999885559082,14.050000190734863,13.545000076293944,13.55500030517578,9.82215690612793,1.245902364984804,-1.3823147135836322,-0.13767623901367188
2002-07-24,13.5,13.864999771118164,13.300000190734863,13.859999656677246,10.043167114257812,0.3480362535149662,2.2501188918291115,0.2210102081298828
2002-07-25,13.875,14.210000038146973,13.800000190734863,13.96500015258789,10.11924934387207,-0.16024254053638837,0.7575521620689418,0.07608222961425781
2002-07-26,13.979999542236328,14.210000038146973,13.904999732971191,14.100000381469728,10.261163711547852,0.2502903315820134,1.4024199113318758,0.14191436767578125
2002-07-29,14.225000381469728,15.449999809265137,14.225000381469728,15.449999809265137,11.243609428405762,0.8898279350861903,9.574408366102482,0.9824457168579102
2002-07-30,15.399999618530272,15.484999656677246,14.895000457763672,15.005000114440918,10.919767379760742,0.14556255808242113,-2.8802321061319303,-0.32384204864501953
2002-07-31,14.989999771118164,15.279999732971191,14.914999961853027,14.960000038146973,10.887017250061035,-0.17141350304301153,-0.29991600151123565,-0.03275012969970703
2002-08-01,14.899999618530272,15.350000381469728,14.739999771118164,15.21500015258789,11.072591781616213,-0.7662672565206957,1.7045488887613924,0.18557453155517756
2002-08-02,15.050000190734863,15.09000015258789,14.604999542236328,14.699999809265137,10.697802543640137,-0.7327543690008262,-3.384837492142867,-0.374789237976076
2002-08-05,14.69499969482422,14.739999771118164,14.300000190734863,14.300000190734863,10.406705856323242,-0.6461794095744966,-2.7210886173062887,-0.29109668731689453
2002-08-06,14.335000038146973,14.925000190734863,14.300000190734863,14.800000190734863,10.770578384399414,-0.31663601562911287,3.4965197738829,0.3638725280761719
2002-08-07,14.875,15.0649995803833,14.765000343322754,15.015000343322754,10.927042961120604,-1.0581086520062262,1.4527035701984214,0.15646457672118963
2002-08-08,15.09000015258789,15.25,15.0,15.154999732971191,11.028926849365234,-0.9226607316134202,0.9324012782519819,0.10188388824463068
2002-08-09,15.154999732971191,15.46500015258789,15.154999732971191,15.375,11.189035415649414,-1.0259921347996845,1.4517148265734914,0.1601085662841797
2002-08-12,15.350000381469728,15.359999656677246,15.19499969482422,15.31999969482422,11.149003982543944,-1.1907638317723765,-0.35777376349601653,-0.040031433105470526
2002-08-13,15.199999809265137,15.375,15.0,15.0,10.916126251220703,-1.0832433176461285,-2.0887761067074573,-0.2328777313232404
2002-08-14,14.949999809265137,15.265000343322754,14.625,15.25,11.098061561584473,-1.0371630973063077,1.6666655018159338,0.18193531036376953
2002-08-15,15.375,15.510000228881836,15.295000076293944,15.4399995803833,11.236337661743164,-1.182385609892409,1.2459482170952274,0.1382761001586914
2002-08-16,15.574999809265137,15.635000228881836,15.390000343322754,15.574999809265137,11.334579467773438,-0.9045079175401576,0.8743223013381041,0.09824180603027344
2002-08-19,15.574999809265137,15.835000038146973,15.399999618530272,15.649999618530272,11.389161109924316,-0.8291039206204511,0.4815497769993682,0.054581642150878906
2002-08-20,15.675000190734863,15.8100004196167,15.53499984741211,15.774999618530272,11.480125427246094,-0.5232988220016416,0.7986919883196109,0.09096431732177734
2002-08-21,15.774999618530272,15.800000190734863,15.550000190734863,15.770000457763672,11.476487159729004,-1.0525231707529146,-0.03169187950207153,-0.0036382675170898438
2002-08-22,15.770000457763672,15.770000457763672,15.425000190734863,15.574999809265137,11.334579467773438,-0.572171782968118,-1.2365080880630486,-0.1419076919555664
2002-08-23,15.625,16.0,15.574999809265137,15.720000267028809,11.440103530883787,-0.7536999237007447,0.9309923090695671,0.10552406311034979
2002-08-26,15.670000076293944,15.949999809265137,15.649999618530272,15.925000190734863,11.58928680419922,-0.897526065973518,1.304037790503365,0.14918327331543324
2002-08-27,15.850000381469728,16.110000610351562,15.59000015258789,15.59000015258789,11.345497131347656,-0.531677043881609,-2.103577872999318,-0.24378967285156428
2002-08-28,15.59000015258789,15.619999885559082,15.399999618530272,15.46500015258789,11.254528045654297,-0.6084774111146434,-0.8018078418266184,-0.09096908569335938
2002-08-29,15.46500015258789,15.850000381469728,15.460000038146973,15.829999923706056,11.52015495300293,-0.2984832015558502,2.3601781102780217,0.2656269073486328
2002-08-30,15.829999923706056,16.149999618530273,15.800000190734863,16.049999237060547,11.680256843566896,-1.0804505770194726,1.3897546623036883,0.16010189056396662
2002-09-03,16.0,16.075000762939453,15.489999771118164,15.520000457763672,11.294557571411133,-0.7020342221076125,-3.3021471815338876,-0.3856992721557635
2002-09-04,15.550000190734863,15.550000190734863,15.145000457763672,15.324999809265137,11.152642250061035,-0.2398356483960785,-1.2564929653315016,-0.14191532135009766
2002-09-05,15.350000381469728,15.380000114440918,15.175000190734863,15.18000030517578,11.047120094299316,-0.3194287562557686,-0.9461628320512228,-0.10552215576171875
2002-09-06,15.15999984741211,15.380000114440918,15.125,15.34000015258789,11.16356086730957,-0.9868937660265035,1.054037360111093,0.1164407730102539
2002-09-09,15.390000343322754,15.550000190734863,15.324999809265137,15.399999618530272,11.207222938537598,-0.8277075503071232,0.3911124035332003,0.043662071228027344
2002-09-10,15.524999618530272,15.59000015258789,15.4399995803833,15.5,11.279999732971191,-0.9854973957131756,0.6493740227415445,0.07277679443359375
2002-09-11,15.55500030517578,15.81999969482422,15.550000190734863,15.725000381469728,11.443740844726562,-1.183781980205737,1.4516056350317053,0.1637411117553711
2002-09-12,15.699999809265137,15.699999809265137,15.100000381469728,15.149999618530272,11.02528953552246,-0.8165365878005,-3.656595468927726,-0.41845130920410334
2002-09-13,15.274999618530272,15.279999732971191,15.024999618530272,15.199999809265137,11.061676025390623,-0.979911914459864,0.3300275221882476,0.03638648986816406
2002-09-16,15.1899995803833,15.19499969482422,15.085000038146973,15.149999618530272,11.02528953552246,-0.8249148096804674,-0.3289419233093005,-0.03638648986816406
2002-09-17,15.225000381469728,15.25,14.90999984741211,14.90999984741211,10.850628852844238,0.045023895522812524,-1.584182275807633,-0.17466068267822088
2002-09-18,14.90999984741211,14.90999984741211,14.5,14.539999961853027,10.581368446350098,0.4108729176147216,-2.4815189068379206,-0.2692604064941406
2002-09-19,14.449999809265137,14.670000076293944,14.449999809265137,14.5,10.552254676818848,-0.8374821425004185,-0.2751418181765719,-0.02911376953125
2002-09-20,14.59000015258789,14.649999618530272,14.5,14.59000015258789,10.617752075195312,-0.5637935610881506,0.6206957696003101,0.06549739837646484
2002-09-23,14.510000228881836,14.510000228881836,14.25,14.260000228881836,10.377596855163574,-0.2887086093625549,-2.261827346607359,-0.24015522003173828
2002-09-24,14.199999809265137,14.199999809265137,13.625,13.725000381469728,9.98826026916504,0.24610122064202972,-3.7517027442129924,-0.3893365859985334
2002-09-25,13.625,13.6899995803833,13.4399995803833,13.6899995803833,9.962783813476562,-0.03456921233687761,-0.2550639951496625,-0.02547645568847834
2002-09-26,13.75,13.859999656677246,13.475000381469728,13.524999618530272,9.842705726623535,-0.07925306236337032,-1.2052664104845734,-0.12007808685302734
2002-09-27,13.5,13.545000076293944,13.425000190734863,13.494999885559082,9.820876121520996,-0.6475757798878244,-0.22178459570819653,-0.021829605102539062
2002-09-30,13.475000381469728,13.489999771118164,13.149999618530272,13.4350004196167,9.77721118927002,-0.5135242298083463,-0.44461341035848534,-0.04366493225097656
2002-10-01,13.484999656677246,13.78499984741211,13.335000038146973,13.760000228881836,10.013727188110352,-0.2956904609291944,2.419053800330051,0.23651599884033203
2002-10-02,13.5,13.640000343322754,13.350000381469728,13.350000381469728,9.715354919433594,0.09250048617596103,-2.9796324891996795,-0.2983722686767578
2002-10-03,13.350000381469728,13.46500015258789,12.899999618530272,12.989999771118164,9.45336627960205,0.03385293301618935,-2.696645073742887,-0.26198863983154297
2002-10-04,13.015000343322754,13.44499969482422,12.925000190734863,12.9399995803833,9.41697883605957,1.2417132540448204,-0.38491519810245345,-0.03638744354248047
2002-10-07,12.875,12.890000343322754,12.5,12.5600004196167,9.140437126159668,-1.020406653546373,-2.936628771437466,-0.27654170989990234
2002-10-08,12.5600004196167,12.899999618530272,12.5600004196167,12.80500030517578,9.318733215332031,-0.1281260233298467,1.950629786206659,0.17829608917236328
2002-10-09,12.789999961853027,12.975000381469728,12.625,12.635000228881836,9.195019721984863,-0.5679826720281343,-1.3275784432118187,-0.12371349334716797
2002-10-10,12.625,12.90999984741211,12.420000076293944,12.90999984741211,9.395147323608398,-0.8263111799937953,2.176478220541922,0.20012760162353516
2002-10-11,12.975000381469728,13.369999885559082,12.96500015258789,13.135000228881836,9.558890342712402,-0.7509071830740889,1.742846742727977,0.1637430191040039
2002-10-14,13.170000076293944,13.229999542236328,12.75,12.895000457763672,9.384230613708496,-0.2426283890227343,-1.8271967011010304,-0.17465972900390625
2002-10-15,12.949999809265137,13.225000381469728,12.899999618530272,13.220000267028809,9.620749473571776,-0.061100248290107656,2.5203862692565693,0.23651885986327947
2002-10-16,13.225000381469728,13.31999969482422,12.720000267028809,12.720000267028809,9.256878852844238,-0.8291039206204511,-3.7821442261550486,-0.3638706207275373
2002-10-17,12.824999809265137,13.100000381469728,12.699999809265137,13.085000038146973,9.522501945495604,0.24749759095535762,2.8694670944056977,0.2656230926513654
2002-10-18,13.050000190734863,13.175000190734863,12.875,13.074999809265137,9.515223503112791,0.3578108457082615,-0.07643413909992347,-0.0072784423828125
2002-10-21,13.0,13.5,12.94499969482422,13.5,9.82451629638672,0.8758642319529113,3.250504763999995,0.30929279327392933
2002-10-22,13.494999885559082,13.649999618530272,13.390000343322754,13.505000114440918,9.828153610229492,-0.1309187639565025,0.03702282873823126,0.003637313842771661
2002-10-23,13.505000114440918,13.614999771118164,13.494999885559082,13.550000190734863,9.8609037399292,-0.8388785128137464,0.33322769462638124,0.03275012969970703
2002-10-24,13.5649995803833,13.729999542236328,13.475000381469728,13.53499984741211,9.849983215332031,-0.15465705928307677,-0.11074567691953252,-0.010920524597167969
2002-10-25,13.524999618530272,14.050000190734863,13.375,13.975000381469728,10.17019271850586,-0.4520839360219189,3.2508634398016545,0.3202095031738281
2002-10-28,13.94499969482422,14.045000076293944,13.850000381469728,13.949999809265137,10.195775985717772,-0.5651899314014786,0.25155144961372944,0.025583267211912286
2002-10-29,14.0,14.0,13.670000076293944,13.75,10.049595832824709,-0.9854973957131756,-1.4337324897862769,-0.14618015289306285
2002-10-30,13.824999809265137,13.994999885559082,13.8100004196167,13.975000381469728,10.214044570922852,-0.6028919298613318,1.6363716594552935,0.16444873809814275
2002-10-31,13.975000381469728,14.024999618530272,13.875,13.96500015258789,10.206737518310549,-0.9854973957131756,-0.07153926695311341,-0.007307052612302911
2002-11-01,13.925000190734863,14.024999618530272,13.8149995803833,14.024999618530272,10.250591278076172,-0.5959100782946922,0.42965501647271864,0.043853759765623224
2002-11-04,14.0,14.385000228881836,14.0,14.300000190734863,10.451581001281738,-0.7299616283741704,1.9607622404713476,0.2009897232055664
2002-11-05,14.300000190734863,14.475000381469728,14.125,14.164999961853027,10.352911949157717,-0.5679826720281343,-0.9440586272251195,-0.09866905212402166
2002-11-06,14.199999809265137,14.5,14.085000038146973,14.4399995803833,10.553902626037598,-0.8821659925269112,1.94139270059408,0.20099067687988104
2002-11-07,14.399999618530272,14.404999732971191,14.149999618530272,14.274999618530272,10.433308601379396,-0.612666522054627,-1.1426486384352508,-0.12059402465820135
2002-11-08,14.225000381469728,14.3149995803833,14.050000190734863,14.100000381469728,10.30540657043457,-1.0567122816928984,-1.2259009661414244,-0.127902030944826
2002-11-11,14.09000015258789,14.119999885559082,14.0,14.100000381469728,10.30540657043457,-0.9240571019267481,0.0,0.0
2002-11-12,14.100000381469728,14.324999809265137,14.010000228881836,14.1850004196167,10.367528915405272,-0.7006378517942846,0.6028131403269965,0.06212234497070135
2002-11-13,14.175000190734863,14.345000267028809,14.045000076293944,14.31999969482422,10.466197967529297,-0.8360857721870906,0.9517123408010031,0.09866905212402521
2002-11-14,14.324999809265137,14.505000114440918,14.25,14.375,10.506399154663086,-0.7201870361808751,0.3841049754506054,0.04020118713378906
2002-11-15,14.5,14.600000381469728,14.350000381469728,14.350000381469728,10.488122940063477,-0.8542385862603532,-0.17395317206749805,-0.018276214599609375
2002-11-18,14.4399995803833,14.550000190734863,14.390000343322754,14.420000076293944,10.539287567138672,-0.5526225985815275,0.48783397532223827,0.05116462707519531
2002-11-19,14.449999809265137,14.449999809265137,14.324999809265137,14.329999923706056,10.473505020141602,-1.2200876083522623,-0.6241650261273768,-0.06578254699707031
2002-11-20,14.350000381469728,14.414999961853027,14.154999732971191,14.399999618530272,10.524667739868164,-0.7718527377740073,0.4884966363043919,0.0511627197265625
2002-11-21,14.414999961853027,14.53499984741211,14.375,14.510000228881836,10.605064392089844,-0.3892472719221635,0.7638877939788236,0.08039665222167969
2002-11-22,14.425000190734863,14.640000343322754,14.420000076293944,14.470000267028809,10.575828552246094,-0.7243761471208588,-0.27567809833909385,-0.02923583984375
2002-11-25,14.375,15.0,14.300000190734863,14.899999618530272,10.890109062194824,-0.5651899314014786,2.971686883879965,0.31428050994873047
2002-11-26,14.875,14.895000457763672,14.744999885559082,14.78499984741211,10.806060791015623,-0.7048269627342683,-0.7717853944270936,-0.084048271179201
2002-11-27,14.734999656677246,14.960000038146973,14.630000114440918,14.75,10.780473709106444,-0.4786149719751489,-0.23678454530307036,-0.025587081909179688
2002-11-29,14.925000190734863,15.175000190734863,14.81999969482422,14.9399995803833,10.91934299468994,-1.0176139129197173,1.2881556908412195,0.1388692855834961
2002-12-02,15.039999961853027,15.75,15.039999961853027,15.68000030517578,11.46019458770752,-0.20492639056288106,4.9531514238594365,0.5408515930175799
2002-12-03,15.449999809265137,15.614999771118164,15.329999923706056,15.585000038146973,11.39076042175293,-0.5805500048480854,-0.6058724869215326,-0.06943416595458984
2002-12-04,15.475000381469728,15.524999618530272,15.25,15.520000457763672,11.343256950378418,-0.9575699894466176,-0.417035119830933,-0.04750347137451172
2002-12-05,15.5,15.609999656677246,15.375,15.539999961853027,11.357871055603027,-0.7648708862073679,0.128835177485076,0.014614105224609375
2002-12-06,15.5,15.649999618530272,15.380000114440918,15.595000267028809,11.398067474365234,-0.9701373222665687,0.35390803932728865,0.04019641876220703
2002-12-09,15.5,15.5,15.095000267028809,15.1850004196167,11.098405838012695,-0.8751841409602718,-2.6290565223139106,-0.29966163635253906
2002-12-10,15.225000381469728,15.649999618530272,15.140000343322754,15.364999771118164,11.229970932006836,-0.3292033484490639,1.1854413680163267,0.13156509399414062
2002-12-11,15.399999618530272,15.449999809265137,15.295000076293944,15.335000038146973,11.208045959472656,-1.0259921347996845,-0.1952362358453752,-0.021924972534179688
2002-12-12,15.399999618530272,15.399999618530272,15.06999969482422,15.125,11.054556846618652,-0.993875617593143,-1.3694547061013806,-0.1534891128540039
2002-12-13,15.050000190734863,15.175000190734863,14.885000228881836,15.175000190734863,11.09109878540039,-0.7886091815339421,0.3305599608266041,0.03654193878173828
2002-12-16,15.175000190734863,15.649999618530272,15.050000190734863,15.649999618530272,11.438270568847656,-0.1993409093095695,3.1301838543198235,0.3471717834472656
2002-12-17,15.774999618530272,16.0,15.675000190734863,15.895000457763672,11.61733627319336,0.23632662844873445,1.565496315792636,0.17906570434570312
2002-12-18,16.0,16.0,15.369999885559082,15.404999732971191,11.25920295715332,-0.3305997187623918,-3.0827489849495016,-0.35813331604003906
2002-12-19,15.324999809265137,15.524999618530272,15.210000038146973,15.475000381469728,11.310364723205566,-0.061100248290107656,0.4543995365119624,0.051161766052246094
2002-12-23,16.25,16.5049991607666,15.175000190734863,15.28499984741211,11.171496391296388,2.7763242283921796,-1.2277971162526713,-0.1388683319091779
2002-12-24,15.074999809265137,15.265000343322754,15.0,15.175000190734863,11.09109878540039,0.012907378316270892,-0.7196672950513183,-0.08039760589599787
2002-12-26,15.175000190734863,15.28499984741211,15.119999885559082,15.239999771118164,11.138607025146484,-0.531677043881609,0.42834565506377764,0.04750823974609375
2002-12-27,15.175000190734863,15.454999923706056,15.149999618530272,15.375,11.237281799316406,-0.36411260628226133,0.8858807384725331,0.09867477416992188
2002-12-30,15.414999961853027,15.625,15.225000381469728,15.5649995803833,11.376142501831056,-0.5177133407483301,1.2357143390592684,0.1388607025146502
2002-12-31,15.524999618530272,15.664999961853027,15.449999809265137,15.619999885559082,11.416342735290527,-0.5512262282681996,0.3533731530964923,0.04020023345947088
2003-01-02,15.625,15.635000228881836,15.404999732971191,15.600000381469728,11.401724815368652,-0.4464984547686073,-0.1280438075557,-0.014617919921875
2003-01-03,15.600000381469728,15.619999885559082,15.350000381469728,15.5,11.328636169433594,-0.8109511065471885,-0.6410314853112498,-0.0730886459350586
2003-01-06,15.625,15.744999885559082,15.5,15.625,11.41999340057373,-0.6014955595480038,0.8064274443434938,0.09135723114013672
2003-01-07,15.425000190734863,15.600000381469728,15.404999732971191,15.4350004196167,11.2811279296875,-0.8374821425004185,-1.2159855615963333,-0.13886547088623047
2003-01-08,15.399999618530272,15.40999984741211,15.199999809265137,15.210000038146973,11.116680145263672,-0.9882901363398314,-1.4577246659092102,-0.16444778442382812
2003-01-09,15.175000190734863,15.350000381469728,15.125,15.125,11.054556846618652,-0.7732491080873353,-0.5588295951061251,-0.06212329864501953
2003-01-10,15.175000190734863,15.350000381469728,15.135000228881836,15.300000190734863,11.182458877563477,-0.7746454784006631,1.1570073112785684,0.12790203094482422
2003-01-13,15.324999809265137,15.510000228881836,15.210000038146973,15.475000381469728,11.310364723205566,-0.8458603643803859,1.1438078784150152,0.12790584564208984
2003-01-14,15.399999618530272,15.399999618530272,14.984999656677246,15.005000114440918,10.966849327087402,-0.2901049796758828,-3.0371734645600834,-0.34351539611816406
2003-01-15,15.050000190734863,15.19499969482422,14.899999618530272,15.100000381469728,11.036288261413574,-0.9701373222665687,0.6331712258931255,0.06943893432617188
2003-01-16,15.125,15.324999809265137,15.119999885559082,15.274999618530272,11.164185523986816,-0.8877514737802228,1.1588793219583726,0.1278972625732422
2003-01-17,15.265000343322754,15.350000381469728,15.125,15.125,11.054556846618652,-1.0999997614060633,-0.9819675347800483,-0.10962867736816406
2003-01-21,15.125,15.145000457763672,14.899999618530272,14.899999618530272,10.890109062194824,-0.9226607316134202,-1.4876017800218633,-0.16444778442382812
2003-01-22,14.975000381469728,14.975000381469728,14.545000076293944,14.545000076293944,10.630644798278809,-0.7578890346407283,-2.382568093984927,-0.2594642639160156
2003-01-23,14.56999969482422,14.9399995803833,14.5649995803833,14.800000190734863,10.81701946258545,-1.102792502032719,1.7531830650274083,0.18637466430664062
2003-01-24,14.8149995803833,14.875,14.46500015258789,14.5649995803833,10.645261764526367,-0.9896865066531593,-1.587846806166593,-0.17175769805908203
2003-01-27,14.449999809265137,14.529999732971191,14.25,14.30500030517578,10.455235481262209,-0.41298556724873775,-1.7850785398005997,-0.19002628326415838
2003-01-28,14.449999809265137,14.56999969482422,14.21500015258789,14.21500015258789,10.389456748962402,-0.886355103466895,-0.6291463489052407,-0.06577873229980646
2003-01-29,14.149999618530272,14.350000381469728,14.0600004196167,14.21500015258789,10.389456748962402,-1.08882879889944,0.0,0.0
2003-01-30,14.31999969482422,14.350000381469728,13.899999618530272,13.899999618530272,10.15922737121582,-0.939417175373355,-2.2159905306846306,-0.23022937774658203
2003-01-31,13.885000228881836,14.34000015258789,13.880000114440918,14.34000015258789,10.480813026428224,-0.9184716206734366,3.165453862402501,0.3215856552124041
2003-02-03,14.3100004196167,14.375,14.024999618530272,14.09000015258789,10.341364860534668,-0.9896865066531593,-1.3305090506044337,-0.13944816589355646
2003-02-04,14.09000015258789,14.109999656677246,13.875,13.94499969482422,10.234944343566896,-0.6154592626812828,-1.029076126826356,-0.10642051696777166
2003-02-05,14.074999809265137,14.199999809265137,13.774999618530272,13.829999923706056,10.150538444519045,-0.4464984547686073,-0.8246835177067147,-0.08440589904785156
2003-02-06,13.725000381469728,14.114999771118164,13.725000381469728,14.010000228881836,10.282651901245115,-0.9645518410132571,1.3015413659893893,0.13211345672607067
2003-02-07,13.925000190734863,13.96500015258789,13.619999885559082,13.625,10.000079154968262,-0.951984508193306,-2.74805321614201,-0.2825727462768537
2003-02-10,13.664999961853027,13.739999771118164,13.475000381469728,13.524999618530272,9.926681518554688,-0.8891478440935506,-0.7339705543941477,-0.07339763641357422
2003-02-11,13.550000190734863,13.78499984741211,13.550000190734863,13.69499969482422,10.0514554977417,-0.8528422159470254,1.256955599449694,0.12477397918701172
2003-02-12,13.600000381469728,13.614999771118164,13.255000114440918,13.255000114440918,9.72851848602295,-0.938020805060027,-3.2128382978097614,-0.32293701171875
2003-02-13,13.675000190734863,14.274999618530272,13.649999618530272,14.175000190734863,10.403751373291016,0.6664086849537267,6.940757611122184,0.6752328872680664
2003-02-14,14.175000190734863,14.9350004196167,14.175000190734863,14.675000190734863,10.770727157592772,0.10506781899591211,3.5273409670657063,0.36697578430175604
2003-02-18,14.675000190734863,15.0600004196167,14.600000381469728,14.80500030517578,10.866141319274902,0.6328957974338573,0.885865552864451,0.09541416168213068
2003-02-19,14.829999923706056,15.0,14.510000228881836,14.755000114440918,10.82944679260254,0.853522306939665,-0.33769601916801006,-0.036694526672361505
2003-02-20,14.760000228881836,14.960000038146973,14.550000190734863,14.619999885559082,10.730360984802246,0.3801527707215078,-0.9149664770316757,-0.09908580780029475
2003-02-21,14.600000381469728,15.114999771118164,14.600000381469728,15.03499984741211,11.034950256347656,-0.25659209215601325,2.8385743217475223,0.30458927154541016
2003-02-24,15.03499984741211,15.104999542236328,14.845000267028809,14.94499969482422,10.968891143798828,-0.42276015944203305,-0.5986353451011617,-0.06605911254882812
2003-02-25,14.824999809265137,14.875,14.574999809265137,14.84000015258789,10.89182949066162,-0.058307507663451864,-0.7025473416314765,-0.07706165313720881
2003-02-26,14.75,15.15999984741211,14.75,15.135000228881836,11.10834503173828,-0.15046794834309307,1.9878711952137529,0.21651554107666016
2003-02-27,15.125,15.175000190734863,15.079999923706056,15.125,11.10100269317627,-0.40460734536877035,-0.06609750184236596,-0.007342338562009942
2003-02-28,15.125,15.170000076293944,15.05500030517578,15.149999618530272,11.119351387023926,-0.979911914459864,0.16528861720694898,0.01834869384765625
2003-03-03,15.135000228881836,15.274999618530272,14.979999542236328,14.989999771118164,11.001920700073242,-0.3459597922089987,-1.0560929577935863,-0.1174306869506836
2003-03-04,15.100000381469728,15.164999961853027,14.854999542236328,14.854999542236328,10.902836799621582,-0.8221220690538116,-0.9006054774690408,-0.09908390045166016
2003-03-05,14.875,14.9350004196167,14.725000381469728,14.789999961853027,10.85512924194336,-0.6112701517412992,-0.4375701347733463,-0.047707557678222656
2003-03-06,14.824999809265137,15.0600004196167,14.824999809265137,15.015000343322754,11.020270347595217,0.09529322680261683,1.5213186501157994,0.16514110565185725
2003-03-07,14.899999618530272,15.324999809265137,14.850000381469728,15.164999961853027,11.130363464355469,-0.017812768576942847,0.9990055895886085,0.11009311676025213
2003-03-10,15.1899995803833,15.199999809265137,14.760000228881836,14.770000457763672,10.8404541015625,0.690146980280301,-2.6046711207714957,-0.28990936279296875
2003-03-11,14.899999618530272,15.100000381469728,14.899999618530272,14.970000267028809,10.987239837646484,-0.42136378912870515,1.3540552333765055,0.14678573608398438
2003-03-12,14.989999771118164,15.024999618530272,14.81999969482422,14.850000381469728,10.899168968200684,0.30055966286181773,-0.8015741054822167,-0.08807086944580078
2003-03-13,14.949999809265137,15.085000038146973,14.824999809265137,14.9399995803833,10.965221405029297,-0.09880224674996088,0.6060318637258311,0.06605243682861328
2003-03-14,14.975000381469728,15.25,14.949999809265137,15.175000190734863,11.137701034545898,0.609157502107283,1.5729698758065513,0.17247962951660156
2003-03-17,15.199999809265137,15.765000343322754,15.0,15.734999656677246,11.548713684082031,-0.26915942497596435,3.690282655830779,0.4110126495361328
2003-03-18,15.734999656677246,16.0,15.600000381469728,16.0,11.74321460723877,-0.12254054207653513,1.684178242506995,0.19450092315673828
2003-03-19,16.075000762939453,16.075000762939453,15.789999961853027,15.970000267028809,11.721193313598633,-0.3292033484490639,-0.18752355616972194,-0.02202129364013672
2003-03-20,15.899999618530272,16.0,15.829999923706056,15.975000381469728,11.724860191345217,-0.7802309596539747,0.03128416747746332,0.0036668777465838076
2003-03-21,15.975000381469728,16.510000228881836,15.970000267028809,16.510000228881836,12.117526054382324,-0.4562730469619026,3.349002517974209,0.3926658630371076
2003-03-24,16.475000381469727,16.475000381469727,16.0049991607666,16.020000457763672,11.757894515991213,-0.5875318564147249,-2.9678627203037933,-0.3596315383911115
2003-03-25,16.0,16.2549991607666,16.0,16.139999389648438,11.845962524414062,-0.5093351188683627,0.7490117240214644,0.08806800842284979
2003-03-26,16.114999771118164,16.174999237060547,16.0,16.014999389648438,11.754220962524414,-0.7690599971473515,-0.7744542640631624,-0.09174156188964844
2003-03-27,16.014999389648438,16.204999923706055,15.835000038146973,16.084999084472656,11.80559539794922,-0.939417175373355,0.43707222782864985,0.051374435424806464
2003-03-28,15.975000381469728,16.200000762939453,15.829999923706056,16.200000762939453,11.89000415802002,-0.7383398502541378,0.7149894370042764,0.084408760070799
2003-03-31,16.174999237060547,16.174999237060547,15.90999984741211,16.174999237060547,11.87165069580078,-0.42555290006868884,-0.15436043566781077,-0.018353462219240058
2003-04-01,16.125,16.1299991607666,15.505000114440918,15.779999732971191,11.58173942565918,-0.02619099045691023,-2.442046835526812,-0.2899112701415998
2003-04-02,15.800000190734863,16.334999084472656,15.800000190734863,16.315000534057617,11.974407196044922,-0.1420897264631257,3.390404117673307,0.3926677703857422
2003-04-03,16.315000534057617,16.5,16.239999771118164,16.280000686645508,11.948718070983888,-0.6629358533344314,-0.21453358517420362,-0.02568912506103338
2003-04-04,16.225000381469727,16.360000610351562,15.850000381469728,15.925000190734863,11.688164710998535,-0.7020342221076125,-2.1805967672639093,-0.26055335998535334
2003-04-07,16.0,16.485000610351562,16.0,16.2450008392334,11.923029899597168,-0.6489721502011524,2.0094274371204257,0.2348651885986328
2003-04-08,16.170000076293945,16.200000762939453,15.94499969482422,15.984999656677246,11.73220157623291,-0.8291039206204511,-1.6005019275402876,-0.1908283233642578
2003-04-09,16.075000762939453,16.100000381469727,15.755000114440918,15.850000381469728,11.633116722106934,-0.9505881378799782,-0.8445546514194158,-0.09908485412597656
2003-04-10,15.864999771118164,15.864999771118164,15.449999809265137,15.520000457763672,11.390914916992188,-0.40181460474211456,-2.0820027074470837,-0.2422018051147461
2003-04-11,15.529999732971191,15.675000190734863,15.324999809265137,15.449999809265137,11.339537620544434,-0.911489769106797,-0.4510374875253631,-0.051377296447753906
2003-04-14,15.5,15.774999618530272,15.460000038146973,15.755000114440918,11.563390731811523,-0.3766799391022124,1.9740938189712676,0.22385311126708984
2003-04-15,15.75,16.059999465942383,15.739999771118164,16.059999465942383,11.787250518798828,-0.6419902986345128,1.935935506974218,0.2238597869873047
2003-04-16,15.975000381469728,16.049999237060547,15.649999618530272,15.739999771118164,11.552383422851562,-0.9463990269399944,-1.9925519999145602,-0.23486709594726562
2003-04-17,15.800000190734863,15.994999885559082,15.550000190734863,15.649999618530272,11.486329078674316,0.28659595972853874,-0.5717810927793887,-0.0660543441772461
2003-04-21,15.774999618530272,16.375,15.774999618530272,16.375,12.018441200256348,-0.06528935923009135,4.632569012583465,0.5321121215820312
2003-04-22,16.3799991607666,16.700000762939453,16.3799991607666,16.469999313354492,12.088168144226074,-0.058307507663451864,0.5801662861922408,0.06972694396972656
2003-04-23,16.520000457763672,16.915000915527344,16.424999237060547,16.764999389648438,12.304682731628418,-0.016416398263614948,1.791128190963831,0.21651458740234375
2003-04-24,16.649999618530273,16.735000610351562,16.290000915527344,16.325000762939453,11.981746673583984,-0.31105053437580127,-2.6244972348157036,-0.3229360580444336
2003-04-25,16.200000762939453,16.325000762939453,16.149999618530273,16.204999923706055,11.893671035766602,-0.3403743109556871,-0.7350817891314754,-0.08807563781738281
2003-04-28,16.100000381469727,16.75,16.100000381469727,16.665000915527344,12.231289863586426,0.11763515181586318,2.838642726913654,0.3376188278198242
2003-04-29,16.559999465942383,16.899999618530273,16.559999465942383,16.850000381469727,12.411760330200195,-0.5135242298083463,1.4754818880635456,0.18047046661376953
2003-04-30,16.899999618530273,17.354999542236328,16.774999618530273,17.209999084472656,12.676932334899902,0.07295130178937047,2.1364576630962917,0.26517200469970703
2003-05-01,17.100000381469727,17.200000762939453,16.9950008392334,17.149999618530273,12.632734298706056,-0.10438772800327246,-0.34864930273523775,-0.04419803619384588
2003-05-02,16.950000762939453,17.145000457763672,16.950000762939453,17.065000534057617,12.570123672485352,1.2012185149583114,-0.49562212534715044,-0.0626106262207049
2003-05-05,17.049999237060547,17.174999237060547,17.049999237060547,17.135000228881836,12.621689796447754,-0.8207256987404837,0.41022765810392325,0.051566123962402344
2003-05-06,17.200000762939453,17.364999771118164,17.174999237060547,17.299999237060547,12.743224143981934,-0.4534803063352468,0.9629007644315957,0.12153434753417969
2003-05-07,17.299999237060547,17.610000610351562,17.075000762939453,17.43000030517578,12.83898639678955,0.43461121294129584,0.7514758567033653,0.09576225280761719
2003-05-08,17.420000076293945,17.450000762939453,17.315000534057617,17.440000534057617,12.846357345581056,0.5044297286076908,0.0574106752955883,0.007370948791505683
2003-05-09,17.434999465942383,17.665000915527344,17.280000686645508,17.665000915527344,13.01208782196045,-0.8193293284271558,1.290097044018479,0.16573047637939275
2003-05-12,17.575000762939453,17.594999313354492,17.450000762939453,17.510000228881836,12.897915840148926,-0.7774382190273189,-0.8774301509004268,-0.11417198181152344
2003-05-13,17.475000381469727,17.549999237060547,17.350000381469727,17.43000030517578,12.83898639678955,-0.6559540017677918,-0.4568912069959241,-0.058929443359375
2003-05-14,17.475000381469727,17.53499984741211,17.354999542236328,17.475000381469727,12.872135162353516,-0.5107314891816905,0.25818833776671823,0.033148765563964844
2003-05-15,17.450000762939453,17.549999237060547,17.385000228881836,17.540000915527344,12.920014381408691,-0.6936560002276451,0.37196019503591415,0.04787921905517578
2003-05-16,17.5,17.530000686645508,17.350000381469727,17.399999618530273,12.816890716552734,-0.0890276545566656,-0.7981698921662783,-0.10312366485595703
2003-05-19,17.3799991607666,17.385000228881836,17.229999542236328,17.385000228881836,12.805845260620115,0.13718433620245374,-0.0861789038924532,-0.011045455932618964
2003-05-20,17.299999237060547,17.344999313354492,17.165000915527344,17.235000610351562,12.695350646972656,-0.03596558265020551,-0.8628451414077754,-0.11049461364745916
2003-05-21,17.235000610351562,17.25,17.040000915527344,17.165000915527344,12.64378833770752,-1.0357667269929798,-0.4061511233439785,-0.05156230926513672
2003-05-22,17.15999984741211,17.225000381469727,17.049999237060547,17.225000381469727,12.687981605529783,-0.7159979252408915,0.34952552701681405,0.04419326782226385
2003-05-23,17.225000381469727,17.2549991607666,17.075000762939453,17.219999313354492,12.684303283691406,-0.857031326887009,-0.028990598762956843,-0.00367832183837713
2003-05-27,17.274999618530273,17.5,17.21500015258789,17.475000381469727,12.872135162353516,-1.0148211722930613,1.4808214094313765,0.18783187866210938
2003-05-28,17.25,17.334999084472656,17.25,17.334999084472656,12.76900863647461,-0.8654095487669764,-0.8011609929370112,-0.10312652587890625
2003-05-29,17.334999084472656,17.395000457763672,17.225000381469727,17.395000457763672,12.813207626342772,-0.6252338548745782,0.3461426891192554,0.044198989868162286
2003-05-30,17.395000457763672,17.614999771118164,17.375,17.5,12.890546798706056,-1.0008574691597825,0.6035894728208646,0.0773391723632848
2003-06-02,17.55500030517578,18.0,17.549999237060547,17.889999389648438,13.177824020385742,-0.7592854049540563,2.228588330392034,0.2872772216796857
2003-06-03,17.889999389648438,17.889999389648438,17.6299991607666,17.774999618530273,13.09311294555664,-0.4688403797818536,-0.6428305211699237,-0.08471107482910156
2003-06-04,17.774999618530273,18.0,17.600000381469727,17.950000762939453,13.222018241882324,-1.0553159113795705,0.9845274906104651,0.1289052963256836
2003-06-05,17.950000762939453,17.969999313354492,17.875,17.899999618530273,13.185195922851562,-1.0245957644863568,-0.27849242344956116,-0.03682231903076172
2003-06-06,17.975000381469727,18.010000228881836,17.915000915527344,17.915000915527344,13.196237564086914,-1.0413522082462914,0.08374271645228415,0.011041641235351562
2003-06-09,17.90999984741211,17.90999984741211,17.75,17.774999618530273,13.09311294555664,-0.9031115472268296,-0.7814698547934817,-0.10312461853027344
2003-06-10,17.75,17.75,17.690000534057617,17.735000610351562,13.063650131225586,-1.0804505770194726,-0.22502528202090755,-0.029462814331054688
2003-06-11,17.725000381469727,17.850000381469727,17.649999618530273,17.674999237060547,13.019454956054688,-1.0539195410662425,-0.3383064819323378,-0.04419517517089844
2003-06-12,17.700000762939453,18.049999237060547,17.625,18.049999237060547,13.29568099975586,-0.6447830392611686,2.1216406111740804,0.2762260437011719
2003-06-13,18.024999618530277,18.024999618530277,17.600000381469727,17.674999237060547,13.019454956054688,0.7110925349802195,-2.0775622076540823,-0.2762260437011719
2003-06-16,17.674999237060547,17.829999923706055,17.600000381469727,17.825000762939453,13.129945755004885,-0.8221220690538116,0.8486591744673033,0.11049079895019709
2003-06-17,17.875,17.975000381469727,17.649999618530273,17.975000381469727,13.240429878234863,-0.8514458456336974,0.8414667150308919,0.11048412322997869
2003-06-18,17.969999313354492,18.25,17.969999313354492,17.975000381469727,13.240429878234863,-0.46465126884186997,0.0,0.0
2003-06-19,17.979999542236328,18.06999969482422,17.93000030517578,17.950000762939453,13.222018241882324,-0.6741068158410545,-0.13905618263048147,-0.018411636352539062
2003-06-20,18.0,18.049999237060547,17.545000076293945,17.549999237060547,12.927375793457031,0.27263225659525975,-2.228422643465866,-0.29464244842529297
2003-06-23,17.549999237060547,17.549999237060547,17.104999542236328,17.200000762939453,12.669568061828612,-0.019209138890270743,-1.9942773827222093,-0.25780773162841975
2003-06-24,17.209999084472656,17.579999923706055,17.0,17.5,12.890546798706056,-0.7369434799408099,1.7441694602298163,0.22097873687744496
2003-06-25,17.450000762939453,17.5,17.280000686645508,17.3799991607666,12.802157402038574,-0.9687409519532408,-0.6856916005793856,-0.08838939666748225
2003-06-26,17.389999389648438,17.635000228881836,17.354999542236328,17.540000915527344,12.920014381408691,-0.9645518410132571,0.9206024865102025,0.11785697937011719
2003-06-27,17.514999389648438,17.75,17.5,17.549999237060547,12.927375793457031,-0.7760418487139911,0.056976810017594914,0.007361412048339844
2003-06-30,17.549999237060547,18.049999237060547,17.549999237060547,18.0,13.258849143981934,-0.3780763094155403,2.564119399179776,0.33147335052490234
2003-07-01,18.0,18.0,17.575000762939453,17.790000915527344,13.104167938232422,-0.5693790423414622,-1.1666261835381109,-0.15468120574951172
2003-07-02,17.850000381469727,18.239999771118164,17.81999969482422,18.239999771118164,13.435635566711426,-0.7383398502541378,2.5294824520061487,0.3314676284790039
2003-07-03,18.125,18.295000076293945,18.125,18.200000762939453,13.406170845031738,-1.0245957644863568,-0.2193027753200627,-0.0294647216796875
2003-07-07,18.225000381469727,18.524999618530277,18.209999084472656,18.5,13.62714958190918,-0.7118088143009077,1.6483359747674342,0.2209787368774414
2003-07-08,18.549999237060547,18.63999938964844,18.350000381469727,18.479999542236328,13.612420082092283,-0.7118088143009077,-0.10808936768735844,-0.014729499816896308
2003-07-09,18.475000381469727,18.649999618530277,18.21999931335449,18.649999618530277,13.73764419555664,-0.5931173376680365,0.9199254262590273,0.12522411346435725
2003-07-10,18.63999938964844,18.63999938964844,18.190000534057617,18.25,13.443000793457031,-0.8556349565736812,-2.144788421546906,-0.2946434020996094
2003-07-11,18.149999618530277,18.450000762939453,18.149999618530277,18.225000381469727,13.424588203430176,-0.8905442144068786,-0.13696785643141363,-0.01841259002685547
2003-07-14,18.299999237060547,18.950000762939453,18.229999542236328,18.825000762939453,13.866546630859377,-0.355734384402294,3.292156308498706,0.441958427429201
2003-07-15,18.75,18.7549991607666,18.40999984741211,18.5,13.62714958190918,-0.6741068158410545,-1.7264359708525356,-0.2393970489501971
2003-07-16,18.549999237060547,18.65999984741211,18.44499969482422,18.5,13.62714958190918,-1.020406653546373,0.0,0.0
2003-07-17,18.5,18.5,18.075000762939453,18.424999237060547,13.57190990447998,0.11623878150253528,-0.40536487177430525,-0.05523967742919922
2003-07-18,18.549999237060547,18.575000762939453,18.200000762939453,18.350000381469727,13.516663551330566,-0.39762549380213086,-0.40706395443412813,-0.05524635314941406
2003-07-21,18.350000381469727,18.524999618530277,18.290000915527344,18.395000457763672,13.549806594848633,-0.4660476391551978,0.24520136490935318,0.033143043518066406
2003-07-22,18.450000762939453,18.875,18.309999465942383,18.84499931335449,13.88127613067627,0.27682136753524345,2.446304554292711,0.3314695358276367
2003-07-23,18.799999237060547,18.799999237060547,18.434999465942383,18.45499992370605,13.594001770019531,-0.4744258610351652,-2.0695097334883394,-0.2872743606567383
2003-07-24,18.350000381469727,18.75,18.350000381469727,18.625,13.719223976135254,-0.5805500048480854,0.9211577888116107,0.12522220611572266
2003-07-25,18.61000061035156,18.709999084472656,18.55500030517578,18.625,13.770978927612305,-0.939417175373355,0.3772440158938961,0.05175495147705078
2003-07-28,18.625,18.774999618530277,18.5,18.625,13.770978927612305,-0.5274879329416253,0.0,0.0
2003-07-29,18.649999618530277,18.655000686645508,18.354999542236328,18.614999771118164,13.763583183288574,-0.9017151769135018,-0.053705291124228616,-0.007395744323730469
2003-07-30,18.6200008392334,18.645000457763672,18.299999237060547,18.32999992370605,13.552868843078612,0.13997707682910954,-1.5309555469959824,-0.2107143402099627
2003-07-31,18.600000381469727,18.975000381469727,18.5,18.625,13.770978927612305,-0.22726831557612742,1.6093277892605062,0.21811008453369318
2003-08-01,18.575000762939453,18.63999938964844,18.299999237060547,18.575000762939453,13.734012603759766,-0.6992414814809567,-0.26843642740908,-0.03696632385253906
2003-08-04,18.350000381469727,18.399999618530277,18.23500061035156,18.23500061035156,13.482623100280762,-1.048334059812931,-1.830415558306564,-0.2513895034790039
2003-08-05,17.799999237060547,18.520000457763672,17.799999237060547,18.350000381469727,13.56765365600586,-0.6042883001746596,0.630667749833691,0.08503055572509766
2003-08-06,18.399999618530277,18.434999465942383,18.174999237060547,18.174999237060547,13.438262939453123,-0.9715336925798966,-0.9536705449100236,-0.12939071655273615
2003-08-07,18.274999618530277,18.274999618530277,17.850000381469727,17.875,13.216449737548828,-0.857031326887009,-1.650609181437268,-0.2218132019042951
2003-08-08,17.875,18.56999969482422,17.825000762939453,18.375,13.586136817932127,-0.7369434799408099,2.7971738834900117,0.369687080383299
2003-08-11,18.325000762939453,18.325000762939453,18.0,18.309999465942383,13.538077354431152,-0.858427697200337,-0.35373899251140983,-0.048059463500974786
2003-08-12,18.25,18.375,18.200000762939453,18.28499984741211,13.519598007202148,-0.9785155441465361,-0.1364990518609721,-0.018479347229003906
2003-08-13,18.309999465942383,18.799999237060547,18.309999465942383,18.799999237060547,13.900373458862305,-0.7816273299673026,2.8164702194348523,0.38077545166015625
2003-08-14,18.84000015258789,18.84000015258789,18.600000381469727,18.69499969482422,13.822738647460938,-0.8402748831270743,-0.5585088172711639,-0.07763481140136719
2003-08-15,18.7450008392334,19.0,18.700000762939453,19.0,14.048250198364258,-1.104188872346047,1.6314534815048631,0.2255115509033203
2003-08-18,19.049999237060547,19.190000534057617,19.030000686645508,19.18000030517578,14.181336402893066,-0.5065423782417069,0.9473507564971007,0.1330862045288086
2003-08-19,19.229999542236328,19.46500015258789,19.11000061035156,19.28499984741211,14.258974075317385,-0.5498298579548717,0.5474637242825597,0.07763767242431818
2003-08-20,19.23500061035156,19.299999237060547,19.049999237060547,19.295000076293945,14.266365051269531,-0.7132051846142357,0.05183385503828575,0.007390975952146661
2003-08-21,19.549999237060547,19.549999237060547,19.325000762939453,19.325000762939453,14.288552284240724,-0.2970868312425223,0.15552127603253307,0.022187232971193183
2003-08-22,19.375,19.375,18.899999618530277,18.950000762939453,14.011282920837402,-0.7550962940140725,-1.940500044284621,-0.2772693634033221
2003-08-25,18.975000381469727,18.979999542236328,18.80500030517578,18.959999084472656,14.01867389678955,-0.8374821425004185,0.05275017279935401,0.0073909759521484375
2003-08-26,18.924999237060547,19.200000762939453,18.625,19.149999618530277,14.15915584564209,-0.7020342221076125,1.0021058331680877,0.14048194885253906
2003-08-27,19.100000381469727,19.13500022888184,18.950000762939453,18.950000762939453,14.011282920837402,-1.0176139129197173,-1.04436257653171,-0.1478729248046875
2003-08-28,19.0,19.375,18.975000381469727,19.34000015258789,14.299639701843262,-1.1628364255058186,2.058032677200594,0.2883567810058594
2003-08-29,19.290000915527344,19.600000381469727,19.174999237060547,19.57999992370605,14.477090835571287,-0.9701373222665687,1.2409482856071685,0.17745113372802557
2003-09-02,19.5,19.600000381469727,19.5,19.5,14.417939186096191,-0.9631554706999292,-0.4085879555977945,-0.05915164947509588
2003-09-03,19.700000762939453,19.850000381469727,19.6200008392334,19.6200008392334,14.506670951843262,-0.7034305924209404,0.615426134080499,0.08873176574707031
2003-09-04,19.399999618530277,19.69499969482422,19.354999542236328,19.600000381469727,14.491883277893066,-0.8779768815869275,-0.10193706053777118,-0.014787673950195312
2003-09-05,19.5,19.5,18.950000762939453,19.21500015258789,14.207222938537598,-0.5372625251349206,-1.9642743037387667,-0.28466033935546875
2003-09-08,19.299999237060547,19.725000381469727,19.07999992370605,19.649999618530277,14.528849601745604,-0.5623971907748228,2.263824989580354,0.32162666320800604
2003-09-09,19.725000381469727,19.725000381469727,19.125,19.295000076293945,14.266365051269531,-0.5093351188683627,-1.8066437307227345,-0.26248455047607244
2003-09-10,19.350000381469727,19.48500061035156,18.979999542236328,19.030000686645508,14.070433616638184,-1.0595050223195541,-1.3733802123191308,-0.19593143463134766
2003-09-11,19.0,19.059999465942383,18.799999237060547,18.940000534057617,14.003890991210938,-1.1488727223725395,-0.4729251936383849,-0.0665426254272461
2003-09-12,18.940000534057617,19.479999542236328,18.799999237060547,19.450000762939453,14.380973815917969,-0.7774382190273189,2.69270037123035,0.37708282470703125
2003-09-15,19.475000381469727,19.5,19.34000015258789,19.5,14.417939186096191,-0.7146015549275635,0.25704358168920916,0.036965370178222656
2003-09-16,19.5,19.5,19.059999465942383,19.38999938964844,14.33660888671875,-0.7830237002806305,-0.5640910141712308,-0.0813302993774414
2003-09-17,19.424999237060547,19.440000534057617,19.06999969482422,19.239999771118164,14.225701332092283,-0.6741068158410545,-0.7735968491768608,-0.11090755462646662
2003-09-18,19.174999237060547,19.174999237060547,18.790000915527344,18.95499992370605,14.014975547790527,-0.7886091815339421,-1.4813033071794601,-0.21072578430175604
2003-09-19,18.950000762939453,18.96500015258789,18.6200008392334,18.799999237060547,13.900373458862305,-0.17979172492297893,-0.8177116580577293,-0.11460208892822266
2003-09-22,18.80500030517578,19.01000022888184,18.700000762939453,18.700000762939453,13.826438903808594,-0.6657285939610872,-0.5318889832170215,-0.07393455505371094
2003-09-23,18.825000762939453,19.09499931335449,18.825000762939453,18.84499931335449,13.93364429473877,-0.31663601562911287,0.7753651657958383,0.10720539093017578
2003-09-24,18.84499931335449,18.84499931335449,18.450000762939453,18.475000381469727,13.660074234008787,1.4581506526106445,-1.9633776702142502,-0.27357006072998225
2003-09-25,18.424999237060547,18.5,17.950000762939453,18.065000534057617,13.356929779052734,-0.23285379682943902,-2.2192006409550102,-0.3031444549560529
2003-09-26,18.125,18.479999542236328,17.854999542236328,17.854999542236328,13.201658248901367,-0.7201870361808751,-1.162479197838373,-0.1552715301513672
2003-09-29,17.954999923706055,18.75,17.954999923706055,18.655000686645508,13.793166160583496,-0.5847391157880691,4.48055767336164,0.5915079116821289
2003-09-30,18.604999542236328,18.799999237060547,18.174999237060547,18.34499931335449,13.563950538635254,-0.1979445389962416,-1.661805703488639,-0.2292156219482422
2003-10-01,18.375,18.774999618530277,18.32999992370605,18.700000762939453,13.826438903808594,-0.7676636268340237,1.9351911113629772,0.26248836517333984
2003-10-02,18.76000022888184,19.125,18.76000022888184,19.125,14.140673637390137,-0.8318966612471069,2.2727090884912204,0.31423473358154297
2003-10-03,19.174999237060547,19.51000022888184,19.174999237060547,19.5,14.417939186096191,-0.6447830392611686,1.9607661969718526,0.2772655487060547
2003-10-06,19.450000762939453,19.450000762939453,18.975000381469727,19.34000015258789,14.299639701843262,-0.1434860967764536,-0.8205020337928137,-0.11829948425292969
2003-10-07,19.375,19.614999771118164,19.375,19.5,14.417939186096191,-0.8165365878005,0.8272899647791876,0.11829948425292969
2003-10-08,19.459999084472656,19.625,19.38999938964844,19.549999237060547,14.454912185668944,-0.7076197033609241,0.25643747761403546,0.03697299957275213
2003-10-09,19.55500030517578,19.71999931335449,19.325000762939453,19.325000762939453,14.288552284240724,-0.7313579986874983,-1.1508883574758322,-0.1663599014282191
2003-10-10,19.424999237060547,19.51499938964844,19.375,19.475000381469727,14.399458885192873,-0.9575699894466176,0.7761920084407015,0.11090660095214844
2003-10-13,19.489999771118164,19.850000381469727,19.43000030517578,19.739999771118164,14.595396041870115,-0.598702818921348,1.3607258317097415,0.19593715667724254
2003-10-14,19.790000915527344,19.825000762939453,19.479999542236328,19.63999938964844,14.521462440490724,-1.1460799817458838,-0.5065542666146006,-0.07393360137939098
2003-10-15,19.684999465942383,19.899999618530277,19.600000381469727,19.665000915527344,14.539937019348145,-1.1474763520592117,0.12722257784385516,0.0184745788574201
2003-10-16,19.5,19.739999771118164,19.5,19.57999992370605,14.477090835571287,-0.8346894018737627,-0.4322314717954301,-0.06284618377685725
2003-10-17,19.424999237060547,19.424999237060547,18.375,18.649999618530277,13.789470672607422,3.6476593039087875,-4.749712292157005,-0.6876201629638654
2003-10-20,18.649999618530277,18.649999618530277,18.350000381469727,18.420000076293945,13.61940574645996,0.3633963269615731,-1.2332955353050234,-0.1700649261474627
2003-10-21,18.399999618530277,18.450000762939453,18.299999237060547,18.36000061035156,13.575045585632324,-0.341770681269015,-0.3257128956537958,-0.04436016082763494
2003-10-22,18.299999237060547,18.30500030517578,18.010000228881836,18.075000762939453,13.364330291748049,-0.531677043881609,-1.5522253133889552,-0.21071529388427557
2003-10-23,18.0049991607666,18.09000015258789,17.93000030517578,18.01499938964844,13.31995677947998,-0.8123474768605163,-0.33202944928312217,-0.04437351226806818
2003-10-24,17.975000381469727,18.13500022888184,17.96500015258789,18.010000228881836,13.31626033782959,-0.8221220690538116,-0.027751153487864944,-0.003696441650390625
2003-10-27,17.975000381469727,18.024999618530277,17.93000030517578,17.985000610351562,13.349664688110352,-0.8598240675136648,0.25085383909073666,0.03340435028076172
2003-10-28,17.989999771118164,18.0,17.875,17.975000381469727,13.342242240905762,-0.21889009369616003,-0.055600251976373194,-0.007422447204589844
2003-10-29,17.850000381469727,18.0,17.799999237060547,17.93000030517578,13.308841705322266,-0.8933369550335344,-0.2503367498537412,-0.033400535583496094
2003-10-30,17.93000030517578,18.0,17.875,17.899999618530273,13.28657341003418,-0.7159979252408915,-0.16731955929103481,-0.022268295288085938
2003-10-31,17.899999618530273,17.924999237060547,17.829999923706055,17.899999618530273,13.28657341003418,-0.7299616283741704,0.0,0.0
2003-11-03,17.899999618530273,17.94499969482422,17.7450008392334,17.825000762939453,13.230900764465332,0.41785476918136105,-0.41901432258525384,-0.055672645568847656
2003-11-04,17.75,17.924999237060547,17.690000534057617,17.850000381469727,13.249460220336914,1.3911248775709053,0.14027356263928148,0.01855945587158203
2003-11-05,17.75,18.420000076293945,17.7450008392334,18.399999618530277,13.65770149230957,-0.4883895641684442,3.0811917254262022,0.40824127197265625
2003-11-06,18.274999618530277,18.5049991607666,18.19499969482422,18.5,13.731937408447266,-0.9673445816399129,0.5435461902538741,0.07423591613769531
2003-11-07,18.399999618530277,18.59000015258789,18.100000381469727,18.25,13.546364784240724,-0.15884617022306047,-1.3513943348764879,-0.1855726242065412
2003-11-10,18.200000762939453,18.28499984741211,18.030000686645508,18.030000686645508,13.383066177368164,-0.6112701517412992,-1.205479178166935,-0.16329860687256037
2003-11-11,17.875,18.1200008392334,17.875,18.09000015258789,13.427600860595703,-1.0832433176461285,0.33276890839000206,0.04453468322753906
2003-11-12,17.96500015258789,18.25,17.96500015258789,18.25,13.546364784240724,-0.8137438471738443,0.8844761240523802,0.11876392364502131
2003-11-13,18.125,18.25,18.059999465942383,18.225000381469727,13.527810096740724,-0.6922596299143172,-0.13697171008997255,-0.0185546875
2003-11-14,18.149999618530277,18.299999237060547,18.125,18.125,13.45358180999756,-0.9771191738332082,-0.548708816965493,-0.07422828674316406
2003-11-17,18.125,18.174999237060547,17.985000610351562,18.075000762939453,13.41646671295166,-0.8626168081403206,-0.2758752098145245,-0.037115097045900214
2003-11-18,18.0,18.13500022888184,17.655000686645508,17.674999237060547,13.119559288024902,-1.007839320726422,-2.2130075770257496,-0.2969074249267578
2003-11-19,17.549999237060547,17.674999237060547,17.440000534057617,17.5,12.989665985107422,0.3675854379015568,-0.990073675996439,-0.12989330291748047
2003-11-20,17.469999313354492,17.600000381469727,17.420000076293945,17.520000457763672,13.004514694213867,-0.01083091701030336,0.11431170842628458,0.014848709106445312
2003-11-21,17.520000457763672,17.549999237060547,17.3700008392334,17.514999389648438,13.00080108642578,-0.5009568969883953,-0.02855629660474257,-0.003713607788087714
2003-11-24,17.520000457763672,17.520000457763672,17.420000076293945,17.450000762939453,12.952549934387209,0.4932587661010675,-0.37113983759777813,-0.048251152038570666
2003-11-25,17.485000610351562,17.53499984741211,17.469999313354492,17.5,12.989665985107422,0.13578796588912584,0.28655400603148085,0.03711605072021307
2003-11-26,17.43000030517578,17.5,17.415000915527344,17.450000762939453,12.952549934387209,-0.7844200705939584,-0.28573522031102305,-0.03711605072021307
2003-11-28,17.25,17.5,17.25,17.454999923706055,12.956263542175291,-1.1335126489259326,0.028670862547475195,0.003713607788082385
2003-12-02,17.674999237060547,18.030000686645508,17.674999237060547,17.93000030517578,13.308841705322266,0.9135662304127645,2.7212950863438445,0.35257816314697443
2003-12-03,17.93000030517578,18.36000061035156,17.920000076293945,18.325000762939453,13.602032661437988,0.160922631529028,2.2029787610928997,0.29319095611572266
2003-12-04,18.274999618530277,18.520000457763672,18.13500022888184,18.5,13.731937408447266,-0.5372625251349206,0.9550392227594129,0.12990474700927734
2003-12-05,18.375,18.524999618530277,18.170000076293945,18.399999618530277,13.65770149230957,-0.008038176383647566,-0.5406077374925156,-0.07423591613769531
2003-12-08,18.325000762939453,18.5,18.174999237060547,18.5,13.731937408447266,0.045023895522812524,0.5435461902538741,0.07423591613769531
2003-12-09,18.375,18.375,18.07999992370605,18.26000022888184,13.553791999816896,1.1439673321118675,-1.2973071703689998,-0.17814540863036932
2003-12-10,18.174999237060547,18.229999542236328,17.954999923706055,18.030000686645508,13.383066177368164,0.2516867018953413,-1.2596166626360983,-0.17072582244873225
2003-12-11,18.030000686645508,18.25,17.979999542236328,18.25,13.546364784240724,1.4623397635506281,1.220188293985358,0.16329860687256037
2003-12-12,18.25,18.459999084472656,18.149999618530277,18.395000457763672,13.653993606567385,-0.5121278594950185,0.79452180744366,0.10762882232666016
2003-12-15,18.649999618530277,18.799999237060547,18.524999618530277,18.670000076293945,13.858115196228027,0.18745366748225803,1.494958878276198,0.20412158966064275
2003-12-16,18.549999237060547,18.684999465942383,18.415000915527344,18.5049991607666,13.735644340515137,1.2919825853246247,-0.8837482874022085,-0.12247085571289062
2003-12-17,18.5049991607666,18.725000381469727,18.5,18.725000381469727,13.898941040039062,2.0306624810750824,1.1888535803322942,0.16329669952392578
2003-12-18,18.725000381469727,18.895000457763672,18.600000381469727,18.815000534057617,13.965744972229004,-0.8095547362338605,0.48064044589797295,0.0668039321899414
2003-12-19,18.864999771118164,19.114999771118164,18.70499992370605,19.114999771118164,14.188426971435549,-0.3892472719221635,1.5944870799899924,0.22268199920654475
2003-12-22,19.065000534057617,19.2549991607666,19.065000534057617,19.25,14.288631439208984,-0.1323151342698304,0.7062408537265696,0.10020446777343572
2003-12-23,19.200000762939453,19.299999237060547,19.15999984741211,19.299999237060547,14.325739860534668,-0.20492639056288106,0.25970591713813107,0.037108421325683594
2003-12-24,19.26499938964844,19.325000762939453,19.114999771118164,19.174999237060547,14.232959747314451,-1.076261466079489,-0.6476462236747138,-0.09278011322021662
2003-12-26,19.299999237060547,19.38500022888184,19.149999618530277,19.38500022888184,14.388835906982422,-1.130719908299277,1.0951774081802146,0.15587615966797053
2003-12-29,19.5,19.575000762939453,19.21999931335449,19.575000762939453,14.529864311218262,-0.22447557494947162,0.9801237928316553,0.14102840423583984
2003-12-30,19.549999237060547,19.725000381469727,19.43000030517578,19.649999618530277,14.58553695678711,-0.2859158687358991,0.3831601202625379,0.055672645568847656
2003-12-31,19.739999771118164,19.739999771118164,19.44499969482422,19.5,14.47419548034668,0.07853678304268207,-0.7633690605310162,-0.11134147644042969
2004-01-02,19.4950008392334,19.4950008392334,19.149999618530277,19.280000686645508,14.310900688171388,-0.3864545312955077,-1.128178712226291,-0.1632947921752912
2004-01-05,19.280000686645508,19.799999237060547,19.229999542236328,19.799999237060547,14.696871757507324,0.045023895522812524,2.6970424695557993,0.3859710693359357
2004-01-06,19.674999237060547,20.049999237060547,19.674999237060547,19.895000457763672,14.767391204833984,-0.14627883740310937,0.47982624119067285,0.07051944732666016
2004-01-07,19.795000076293945,19.940000534057617,19.600000381469727,19.815000534057617,14.708012580871582,-0.3766799391022124,-0.40209284862017247,-0.059378623962402344
2004-01-08,19.70499992370605,20.0,19.625,19.924999237060547,14.789664268493652,-0.5023532673017231,0.5551510591462305,0.08165168762207031
2004-01-09,19.96999931335449,20.125,19.875,20.0,14.845327377319336,2.8279899299853115,0.3763649249581835,0.055663108825683594
2004-01-12,19.950000762939453,19.950000762939453,19.5049991607666,19.899999618530277,14.771100997924805,-0.2859158687358991,-0.49999826550093385,-0.07422637939453125
2004-01-13,19.899999618530277,20.059999465942383,19.88500022888184,20.049999237060547,14.882440567016602,-0.5260915626282974,0.7537662162586223,0.11133956909179688
2004-01-14,20.0,20.114999771118164,19.924999237060547,20.100000381469727,14.919559478759766,-0.7062233330475961,0.24941414397736672,0.03711891174316406
2004-01-15,19.975000381469727,20.274999618530277,19.73500061035156,20.239999771118164,15.023482322692873,0.015700118942926687,0.6965543726747292,0.10392284393310725
2004-01-16,20.174999237060547,20.200000762939453,19.850000381469727,19.850000381469727,14.73399543762207,-0.8891478440935506,-1.9268960341740082,-0.28948688507080256
2004-01-20,19.799999237060547,20.05500030517578,19.770000457763672,20.024999618530277,14.863882064819336,-0.46185852821521417,0.8815438266365216,0.12988662719726562
2004-01-21,20.100000381469727,20.530000686645508,20.01000022888184,20.48500061035156,15.20533561706543,0.4974478770410512,2.297203050704133,0.34145355224609375
2004-01-22,20.375,20.40999984741211,19.905000686645508,20.100000381469727,14.919559478759766,0.1637153721556838,-1.8794464357953955,-0.28577613830566406
2004-01-23,19.950000762939453,20.065000534057617,19.8700008392334,19.90999984741211,14.77852725982666,-0.28033038748258754,-0.9452840691032915,-0.14103221893310547
2004-01-26,19.940000534057617,20.200000762939453,19.75,20.05500030517578,14.88615894317627,-0.4744258610351652,0.7282977624041731,0.10763168334960938
2004-01-27,20.18000030517578,20.18000030517578,19.915000915527344,20.100000381469727,14.919559478759766,-0.8821659925269112,0.22437309524232507,0.033400535583496094
2004-01-28,20.049999237060547,20.399999618530277,20.0,20.11000061035156,14.926981925964355,-0.03456921233687761,0.04974977455036722,0.007422447204589844
2004-01-29,20.114999771118164,20.19499969482422,19.864999771118164,20.0049991607666,14.849039077758787,-0.8179329581138279,-0.5221607997661804,-0.07794284820556818
2004-01-30,19.924999237060547,20.149999618530277,19.875,20.03499984741211,14.871310234069824,-0.9952719879064709,0.14998382181103942,0.022271156311036933
2004-02-02,20.049999237060547,20.149999618530277,19.899999618530277,20.0,14.897379875183104,-0.9184716206734366,0.17530157533500734,0.026069641113279474
2004-02-03,20.049999237060547,20.149999618530277,19.950000762939453,20.049999237060547,14.93462371826172,-0.9324353238067155,0.2500026406701217,0.037243843078616834
2004-02-04,20.0,20.125,19.850000381469727,19.850000381469727,14.785653114318848,-0.531677043881609,-0.9974848161772853,-0.14897060394287287
2004-02-05,19.825000762939453,20.059999465942383,19.625,19.674999237060547,14.655299186706545,-0.6419902986345128,-0.8816244139128626,-0.1303539276123029
2004-02-06,19.57999992370605,20.149999618530277,19.57999992370605,20.01000022888184,14.904829025268556,-0.870995030020288,1.7026594638774428,0.24952983856201172
2004-02-09,20.125,20.434999465942383,20.125,20.149999618530277,15.009102821350098,-1.0385594676196357,0.6995973982979908,0.10427379608154119
2004-02-10,20.174999237060547,20.53499984741211,20.165000915527344,20.415000915527344,15.206501960754396,-0.5205060813749859,1.3151961296680836,0.19739913940429865
2004-02-11,20.424999237060547,20.75,20.424999237060547,20.700000762939453,15.41879177093506,-0.667124964274415,1.3960463144551571,0.21228981018066406
2004-02-12,20.700000762939453,21.0,20.5,20.549999237060547,15.30706024169922,-0.7453217018207773,-0.7246451660788189,-0.11173152923583984
2004-02-13,20.549999237060547,20.73500061035156,20.25,20.26499938964844,15.094773292541504,-0.4702367500951815,-1.386856429684702,-0.21228694915771662
2004-02-17,20.38999938964844,20.600000381469727,20.274999618530277,20.479999542236328,15.25491714477539,-0.4576694172752305,1.060922540075615,0.16014385223388672
2004-02-18,20.5049991607666,20.5049991607666,20.0,20.31999969482422,15.135734558105469,-0.3236178671957523,-0.7812732480867002,-0.11918258666992188
2004-02-19,20.25,20.549999237060547,20.125,20.125,14.990493774414062,-0.925453472240076,-0.9595886022831124,-0.14524078369140625
2004-02-20,20.049999237060547,20.225000381469727,20.01499938964844,20.149999618530277,15.009102821350098,-0.5079387485550347,0.12413898578709226,0.018609046936035156
2004-02-23,20.125,20.40999984741211,20.065000534057617,20.315000534057617,15.132014274597168,-0.0876312842433377,0.8189127272299812,0.12291145324707031
2004-02-24,20.274999618530277,20.28499984741211,19.975000381469727,20.0049991607666,14.901103019714355,-0.6210447439345944,-1.5259783046230324,-0.2309112548828125
2004-02-25,19.920000076293945,20.399999618530277,19.75,20.399999618530277,15.195326805114746,-0.5232988220016416,1.9745101084874594,0.2942237854003906
2004-02-26,20.375,20.375,20.040000915527344,20.25,15.083600997924805,-0.6768995564677103,-0.7352642600114034,-0.1117258071899414
2004-02-27,20.125,20.51000022888184,19.899999618530277,20.225000381469727,15.064976692199709,-0.36131986565560553,-0.12347386892332946,-0.01862430572509588
2004-03-01,20.325000762939453,20.53499984741211,20.309999465942383,20.46500015258789,15.24374294281006,-0.8095547362338605,1.1866347639483132,0.17876625061035156
2004-03-02,20.424999237060547,20.51000022888184,20.13999938964844,20.149999618530277,15.009102821350098,-0.7467180721341051,-1.539255301931175,-0.2346401214599627
2004-03-03,20.200000762939453,20.21999931335449,20.024999618530277,20.125,14.990493774414062,-0.42136378912870515,-0.12398507197621811,-0.018609046936035156
2004-03-04,20.075000762939453,20.25,20.024999618530277,20.225000381469727,15.064976692199709,-0.6098737814279712,0.496867674317536,0.07448291778564631
2004-03-05,20.200000762939453,20.354999542236328,20.030000686645508,20.225000381469727,15.064976692199709,-0.6782959267810382,0.0,0.0
2004-03-08,20.239999771118164,20.34000015258789,20.1200008392334,20.30500030517578,15.124564170837402,-0.7592854049540563,0.39553648077361725,0.059587478637693536
2004-03-09,20.274999618530277,20.31999969482422,20.100000381469727,20.174999237060547,15.027737617492676,-0.8235184393671395,-0.6401940065910994,-0.09682655334472656
2004-03-10,20.049999237060547,20.100000381469727,19.6200008392334,19.6200008392334,14.614333152770996,-0.7411325908807935,-2.7509427915514473,-0.4134044647216797
2004-03-11,19.6200008392334,19.645000457763672,19.125,19.229999542236328,14.32383155822754,-0.45906578758855837,-1.9877854946010576,-0.29050159454345525
2004-03-12,19.299999237060547,19.299999237060547,19.125,19.200000762939453,14.301488876342772,-0.013623657636959155,-0.15598257906025426,-0.022342681884769178
2004-03-15,19.225000381469727,19.225000381469727,18.979999542236328,19.024999618530277,14.171138763427734,-0.9422099160000108,-0.911444354095603,-0.1303501129150373
2004-03-16,18.625,19.13999938964844,18.625,19.0,14.15251350402832,0.948475488245962,-0.13143092951345414,-0.018625259399414062
2004-03-17,19.125,19.395000457763672,19.125,19.36000061035156,14.420662879943848,-0.4534803063352468,1.8947120300517817,0.26814937591552734
2004-03-18,19.0,19.34499931335449,19.0,19.225000381469727,14.32010555267334,-0.5805500048480854,-0.6973141811002503,-0.10055732727050781
2004-03-19,19.274999618530277,19.450000762939453,19.19499969482422,19.19499969482422,14.297757148742676,-0.925453472240076,-0.1560631229180598,-0.022348403930664062
2004-03-22,19.125,19.274999618530277,19.01000022888184,19.01000022888184,14.159961700439451,0.07295130178937047,-0.963755691677437,-0.13779544830322443
2004-03-23,19.075000762939453,19.13500022888184,18.799999237060547,18.799999237060547,14.003536224365234,-0.17839535460965103,-1.1047026777576852,-0.15642547607421697
2004-03-24,18.7549991607666,18.780000686645508,18.354999542236328,18.690000534057617,13.92160415649414,0.2628576644019645,-0.585081272032828,-0.08193206787109375
2004-03-25,18.739999771118164,18.78499984741211,18.600000381469727,18.774999618530277,13.98491668701172,-0.3808690500421961,0.4547789881530706,0.0633125305175799
2004-03-26,18.774999618530277,18.979999542236328,18.71500015258789,18.809999465942383,14.01098346710205,-0.4883895641684442,0.18639210138833295,0.026066780090330255
2004-03-29,18.875,19.065000534057617,18.8700008392334,19.049999237060547,14.189756393432615,-0.7076197033609241,1.2759484496597029,0.17877292633056463
2004-03-30,18.950000762939453,19.290000915527344,18.899999618530277,19.274999618530277,14.35735034942627,-0.4995605266750674,1.1810911431236581,0.16759395599365412
2004-03-31,19.375,19.375,19.100000381469727,19.200000762939453,14.301488876342772,-0.5414516360749043,-0.3890792640978469,-0.05586147308349787
2004-04-01,19.200000762939453,19.424999237060547,19.075000762939453,19.424999237060547,14.469082832336426,-0.4492911953952631,1.171863695051245,0.16759395599365412
2004-04-02,19.450000762939453,19.59000015258789,19.25,19.59000015258789,14.591989517211914,0.0003400454963198173,0.849443508615555,0.12290668487548828
2004-04-05,19.625,19.82999992370605,19.575000762939453,19.82999992370605,14.77075481414795,-0.6587467423944476,1.2250920049330816,0.17876529693603516
2004-04-06,19.82999992370605,19.950000762939453,19.6299991607666,19.780000686645508,14.733506202697754,-0.5931173376680365,-0.2521781176309079,-0.03724861145019531
2004-04-07,19.700000762939453,19.78499984741211,19.575000762939453,19.65999984741211,14.644126892089844,-0.8346894018737627,-0.6066397867436679,-0.08937931060791016
2004-04-08,19.774999618530277,20.0,19.70499992370605,19.709999084472656,14.68136978149414,-0.4897859344817721,0.2543196305162754,0.037242889404296875
2004-04-12,19.76000022888184,20.049999237060547,19.76000022888184,20.049999237060547,14.93462371826172,-0.9240571019267481,1.7250020981475878,0.2532539367675799
2004-04-13,20.299999237060547,20.38999938964844,19.530000686645508,19.584999084472656,14.5882568359375,-0.5288843032549532,-2.319220683817369,-0.3463668823242205
2004-04-14,19.625,19.854999542236328,19.549999237060547,19.549999237060547,14.562192916870115,-0.7173942955542193,-0.17866369752400635,-0.02606391906738459
2004-04-15,19.5,19.770000457763672,19.25,19.725000381469727,14.692543029785156,-0.7243761471208588,0.8951269472885048,0.13035011291504084
2004-04-16,19.729999542236328,20.200000762939453,19.729999542236328,20.06999969482422,14.949517250061035,-0.5610008204614948,1.7490111803990072,0.2569742202758789
2004-04-19,20.100000381469727,20.424999237060547,20.0,20.334999084472656,15.146910667419434,-0.22587194526279952,1.3203999437345848,0.19739341735839844
2004-04-20,20.334999084472656,21.290000915527344,20.149999618530277,20.149999618530277,15.009102821350098,0.27682136753524345,-0.9098082711067712,-0.13780784606933594
2004-04-21,20.01499938964844,20.325000762939453,20.01499938964844,20.299999237060547,15.12083911895752,-0.3403743109556871,0.7444568735213153,0.11173629760742188
2004-04-22,20.200000762939453,20.774999618530277,20.200000762939453,20.73500061035156,15.444860458374023,-0.1406933561497978,2.142879352576843,0.3240213394165039
2004-04-23,20.25,20.809999465942383,20.25,20.604999542236328,15.348026275634766,-0.31105053437580127,-0.6269670289365092,-0.09683418273925781
2004-04-26,20.5,20.774999618530277,20.3799991607666,20.475000381469727,15.251194953918455,-0.6964487408543009,-0.6309040653001197,-0.09683132171631037
2004-04-27,20.424999237060547,20.549999237060547,19.700000762939453,20.0,14.897379875183104,1.8002613793759792,-2.3199170937385882,-0.35381507873535156
2004-04-28,20.0049991607666,20.200000762939453,19.80500030517578,19.84499931335449,14.833847999572754,-0.4451020844552794,-0.4264634193572814,-0.06353187561034979
2004-04-29,19.8799991607666,19.95499992370605,19.274999618530277,19.5,14.575960159301758,-0.4716331204085094,-1.7385093893265147,-0.2578878402709961
2004-04-30,19.5,19.920000076293945,19.174999237060547,19.649999618530277,14.688084602355955,-0.0010563248170080799,0.7692422442760583,0.11212444305419744
2004-05-03,19.549999237060547,19.825000762939453,19.524999618530277,19.65999984741211,14.695563316345217,0.29916329254848983,0.05091687712679427,0.007478713989261365
2004-05-04,19.649999618530277,20.270000457763672,19.649999618530277,20.11000061035156,15.031928062438965,-0.19235905774293,2.2888863723898645,0.3363647460937482
2004-05-05,20.049999237060547,20.18000030517578,19.86000061035156,19.950000762939453,14.912327766418455,-0.5023532673017231,-0.7956417534977445,-0.11960029602050959
2004-05-06,20.0,20.059999465942383,19.670000076293945,19.899999618530277,14.874958038330078,-0.40181460474211456,-0.25059620921511483,-0.03736972808837713
2004-05-07,19.825000762939453,19.975000381469727,19.51000022888184,19.65999984741211,14.695563316345217,0.01430374862959879,-1.2060183398339253,-0.1793947219848615
2004-05-10,19.625,19.625,18.979999542236328,18.989999771118164,14.194746017456056,0.5351498755009044,-3.4079489714567313,-0.5008172988891602
2004-05-11,19.0,19.43000030517578,18.989999771118164,19.165000915527344,14.325552940368652,-0.6294229658145618,0.9215164734313275,0.13080692291259588
2004-05-12,19.165000915527344,19.59499931335449,18.850000381469727,19.4950008392334,14.572222709655762,-0.23285379682943902,1.7218865499565306,0.24666976928710938
2004-05-13,19.3700008392334,19.674999237060547,19.30500030517578,19.51000022888184,14.583438873291016,-0.6922596299143172,0.07696947719459946,0.011216163635253906
2004-05-14,19.51000022888184,19.53499984741211,19.174999237060547,19.225000381469727,14.370404243469238,-0.7969874034139095,-1.4607983183715478,-0.21303462982177734
2004-05-17,19.125,19.125,18.799999237060547,18.915000915527344,14.13868522644043,-0.22307920463614372,-1.6124738949783946,-0.2317190170288086
2004-05-18,18.93000030517578,19.174999237060547,18.82999992370605,19.040000915527344,14.232123374938965,0.03664567364284514,0.6608687229545218,0.09343814849853516
2004-05-19,18.975000381469727,19.30500030517578,18.975000381469727,19.299999237060547,14.426468849182127,-0.36969808753557293,1.3655409605665803,0.1943454742431623
2004-05-20,19.274999618530277,19.450000762939453,19.274999618530277,19.399999618530277,14.501216888427734,-0.7662672565206957,0.5181312213476508,0.07474803924560725
2004-05-21,19.475000381469727,19.825000762939453,19.475000381469727,19.625,14.669393539428713,0.03804204395617304,1.1597416430285001,0.16817665100097834
2004-05-24,19.700000762939453,19.895000457763672,19.700000762939453,19.895000457763672,14.871221542358398,0.27821773784857134,1.3758442186939002,0.20182800292968572
2004-05-25,19.825000762939453,20.125,19.825000762939453,20.125,15.043148040771484,-0.22726831557612742,1.1561020587540716,0.17192649841308594
2004-05-26,20.049999237060547,20.174999237060547,19.950000762939453,20.125,15.043148040771484,-0.39483275317547506,0.0,0.0
2004-05-27,19.899999618530277,20.440000534057617,19.899999618530277,20.424999237060547,15.267389297485352,0.3061451441151293,1.4906537920527319,0.2242412567138672
2004-05-28,20.424999237060547,20.459999084472656,20.26499938964844,20.325000762939453,15.192639350891112,-0.436723862575312,-0.4896052962149344,-0.07474994659424006
2004-06-01,20.174999237060547,20.6299991607666,20.145000457763672,20.21999931335449,15.114143371582031,-0.15605342959640467,-0.5166711161643911,-0.07849597930908025
2004-06-02,20.23500061035156,20.25,20.049999237060547,20.25,15.13658332824707,-0.10857683894325616,0.14846992061243736,0.022439956665039062
2004-06-03,20.200000762939453,20.524999618530277,20.059999465942383,20.059999465942383,14.99455451965332,-0.0946131358099772,-0.9383148463147806,-0.14202880859375
2004-06-04,20.059999465942383,20.475000381469727,20.049999237060547,20.38999938964844,15.24123191833496,-0.4534803063352468,1.6451132199914342,0.24667739868163885
2004-06-07,20.350000381469727,20.584999084472656,20.350000381469727,20.46500015258789,15.297286033630373,-0.5149206001216743,0.3677794262022971,0.05605411529541371
2004-06-08,20.46500015258789,20.61000061035156,20.299999237060547,20.44499969482422,15.282339096069336,0.9065843788461251,-0.09770973444686026,-0.014946937561036933
2004-06-09,20.325000762939453,20.84000015258789,20.325000762939453,20.780000686645508,15.532742500305176,0.2056064815555207,1.6385149070553329,0.25040340423583984
2004-06-10,20.739999771118164,20.850000381469727,20.415000915527344,20.434999465942383,15.27486515045166,0.11903152212919108,-1.660217761599081,-0.2578773498535156
2004-06-14,20.5,21.0,20.475000381469727,20.790000915527344,15.5402250289917,0.364792697274901,1.7372322172820809,0.26535987854003906
2004-06-15,20.739999771118164,20.850000381469727,20.549999237060547,20.549999237060547,15.360821723937988,-0.0946131358099772,-1.1544447053953077,-0.17940330505371094
2004-06-16,20.625,21.145000457763672,20.565000534057617,21.030000686645508,15.71961784362793,0.2111919628088323,2.335787278429269,0.3587961196899414
2004-06-17,20.924999237060547,21.420000076293945,20.88999938964844,21.229999542236328,15.869110107421877,0.48208780359444436,0.950991717998706,0.1494922637939471
2004-06-18,21.229999542236328,21.57999992370605,21.155000686645508,21.530000686645508,16.09335708618164,0.3661890675882289,1.4131036790455243,0.22424697875976385
2004-06-21,21.450000762939453,21.76499938964844,21.274999618530277,21.649999618530277,16.18305206298828,-0.0876312842433377,0.5573416181988256,0.08969497680664062
2004-06-22,21.5,21.88999938964844,21.354999542236328,21.815000534057617,16.306386947631836,0.9107734897861087,0.762123758630362,0.12333488464355469
2004-06-23,21.725000381469727,22.0,21.61000061035156,21.920000076293945,16.38487434387207,0.1078605596225679,0.4813291656349028,0.07848739624023438
2004-06-24,21.850000381469727,22.100000381469727,21.600000381469727,21.8700008392334,16.34750747680664,0.364792697274901,-0.22805708656169488,-0.03736686706542969
2004-06-28,21.405000686645508,21.78499984741211,21.229999542236328,21.68000030517578,16.205476760864258,0.8409549741197139,-0.8688218442101436,-0.1420307159423828
2004-06-29,21.63999938964844,21.96500015258789,21.63999938964844,21.920000076293945,16.38487434387207,0.811631197539828,1.1070182362116654,0.1793975830078125
2004-06-30,21.84000015258789,21.96999931335449,21.674999237060547,21.84499931335449,16.328811645507812,-0.25798846246934115,-0.3421612957637654,-0.05606269836425781
2004-07-01,21.96999931335449,22.03499984741211,21.350000381469727,21.434999465942383,16.02234649658203,0.04083478458282883,-1.8768368181287243,-0.30646514892578125
2004-07-02,21.48500061035156,21.56999969482422,21.364999771118164,21.55500030517578,16.11204719543457,-0.6098737814279712,0.5598474535029929,0.08970069885253906
2004-07-06,21.575000762939453,21.65999984741211,21.274999618530277,21.405000686645508,15.999930381774902,-0.10578409831660036,-0.6958570335583225,-0.11211681365966797
2004-07-07,21.475000381469727,21.649999618530277,21.34000015258789,21.415000915527344,16.00739860534668,-0.1323151342698304,0.04667660041999255,0.007468223571777344
2004-07-08,21.315000534057617,21.475000381469727,20.875,20.924999237060547,15.641128540039062,-0.2887086093625549,-2.288129847564857,-0.3662700653076172
2004-07-09,20.875,21.18000030517578,20.875,21.09499931335449,15.76819896697998,-0.6629358533344314,0.8124121390322703,0.12707042694091797
2004-07-12,21.100000381469727,21.434999465942383,20.88999938964844,21.209999084472656,15.854166984558104,-0.6182520033079386,0.5451987113946677,0.08596801757812322
2004-07-13,21.15999984741211,21.489999771118164,21.15999984741211,21.315000534057617,15.932646751403809,-0.7243761471208588,0.4950103460001687,0.0784797668457049
2004-07-14,21.26000022888184,21.690000534057617,21.25,21.354999542236328,15.962544441223145,0.11484241118920739,0.18765049075541995,0.029897689819335938
2004-07-15,21.25,21.34000015258789,20.825000762939453,21.03499984741211,15.723350524902344,0.4094765473013937,-1.4984698536098295,-0.23919391632080078
2004-07-16,21.15999984741211,21.46500015258789,21.075000762939453,21.18000030517578,15.831744194030762,0.08132952366933785,0.6893802243786773,0.10839366912841797
2004-07-19,21.399999618530277,21.95499992370605,21.315000534057617,21.799999237060547,16.295177459716797,1.435808727597398,2.927240738646919,0.46343326568603516
2004-07-20,21.899999618530277,22.3700008392334,21.864999771118164,22.3700008392334,16.72124671936035,0.2544794425219971,2.614695425667124,0.4260692596435547
2004-07-21,22.174999237060547,22.43000030517578,21.8799991607666,21.8799991607666,16.35498046875,0.528168023934265,-2.1904242952547226,-0.36626625061035156
2004-07-22,21.600000381469727,21.989999771118164,21.565000534057617,21.625,16.164371490478516,0.06457307990940309,-1.1654491341991369,-0.19060897827148438
2004-07-23,21.575000762939453,21.6299991607666,21.174999237060547,21.209999084472656,15.9649019241333,1.8267924153292092,-1.234007560780881,-0.19946956634521484
2004-07-26,21.309999465942383,21.364999771118164,20.774999618530277,20.979999542236328,15.791780471801758,0.6035720208539714,-1.0843878224509718,-0.17312145233154297
2004-07-27,20.989999771118164,21.325000762939453,20.924999237060547,21.23500061035156,15.983717918395996,2.1744886233478558,1.2154262588500941,0.19193744659423828
2004-07-28,21.334999084472656,21.334999084472656,20.78499984741211,21.020000457763672,15.821884155273438,0.5086188395476744,-1.0124913612013953,-0.1618337631225586
2004-07-29,20.88500022888184,21.149999618530277,20.88500022888184,21.05500030517578,15.848231315612791,0.7655509772000074,0.1665235320950753,0.026347160339353692
2004-07-30,21.1299991607666,21.274999618530277,21.030000686645508,21.155000686645508,15.923503875732422,0.28380321910188294,0.47495874221292755,0.07527256011963068
2004-08-02,21.05500030517578,21.5,21.01499938964844,21.4950008392334,16.17941665649414,-0.03596558265020551,1.6071386219947081,0.25591278076171875
2004-08-03,21.424999237060547,21.46500015258789,21.065000534057617,21.19499969482422,15.95361042022705,-0.3473561625223266,-1.3956389223492516,-0.22580623626708984
2004-08-04,21.100000381469727,21.6299991607666,21.03499984741211,21.59000015258789,16.250926971435547,-0.09600950612330508,1.8636317634504795,0.2973165512084961
2004-08-05,21.524999618530277,21.524999618530277,21.024999618530277,21.075000762939453,15.863288879394531,0.2544794425219971,-2.3853291121323172,-0.3876380920410156
2004-08-06,20.899999618530277,21.2450008392334,20.475000381469727,20.475000381469727,15.411659240722656,0.05200574708945201,-2.8470113739056613,-0.451629638671875
2004-08-09,20.479999542236328,20.700000762939453,20.45499992370605,20.614999771118164,15.517043113708496,-0.2370429077694227,0.6837931681449305,0.10538387298583984
2004-08-10,20.614999771118164,21.334999084472656,20.600000381469727,21.225000381469727,15.976191520690918,-0.25519572184268535,2.9589942079673026,0.4591484069824219
2004-08-11,21.100000381469727,21.479999542236328,20.69499969482422,21.274999618530277,16.013826370239258,-0.05411839672346817,0.2355683424275279,0.037634849548339844
2004-08-12,21.149999618530277,21.149999618530277,20.76499938964844,20.770000457763672,15.633712768554688,-0.35992349534227763,-2.373658817676383,-0.3801136016845703
2004-08-13,20.975000381469727,21.23500061035156,20.834999084472656,20.95499992370605,15.772964477539062,-0.2845194984225712,0.8907142599195117,0.139251708984375
2004-08-16,20.905000686645508,21.520000457763672,20.88500022888184,21.40999984741211,16.115449905395508,-0.341770681269015,2.1713446977208894,0.3424854278564453
2004-08-17,21.415000915527344,21.625,21.31999969482422,21.55500030517578,16.224586486816406,-0.46185852821521417,0.6772170932960453,0.10913658142089844
2004-08-18,21.350000381469727,21.96999931335449,21.21999931335449,21.920000076293945,16.49931526184082,-0.30686142343581757,1.6932867610995883,0.27472877502441406
2004-08-19,21.795000076293945,21.795000076293945,21.530000686645508,21.614999771118164,16.26974868774414,-0.25519572184268535,-1.3913703111523401,-0.2295665740966797
2004-08-20,21.674999237060547,22.225000381469727,21.625,22.190000534057617,16.702558517456055,-0.3222214968824244,2.6602121398343836,0.43280982971191406
2004-08-23,22.34000015258789,22.34000015258789,21.975000381469727,22.1299991607666,16.65738296508789,0.14556255808242113,-0.27047085224068956,-0.04517555236816406
2004-08-24,22.15999984741211,22.350000381469727,22.049999237060547,22.350000381469727,16.822988510131836,-0.7732491080873353,0.994187054419271,0.1656055450439453
2004-08-25,22.274999618530277,22.850000381469727,22.165000915527344,22.834999084472656,17.18804931640625,-0.21051187181619266,2.170011624596624,0.36506080627441406
2004-08-26,22.774999618530277,22.82999992370605,22.56999969482422,22.700000762939453,17.086435317993164,0.350828994141622,-0.591189823478655,-0.10161399841308594
2004-08-27,22.600000381469727,22.780000686645508,22.450000762939453,22.729999542236328,17.10901641845703,-0.36411260628226133,0.13215805429052097,0.022581100463867188
2004-08-30,22.649999618530277,22.649999618530277,22.174999237060547,22.20499992370605,16.713842391967773,-0.27893401716925964,-2.309741348210692,-0.3951740264892578
2004-08-31,22.25,22.78499984741211,22.25,22.71999931335449,17.10148811340332,-0.5288843032549532,2.3193094223614263,0.3876457214355469
2004-09-01,22.649999618530277,22.979999542236328,22.395000457763672,22.524999618530277,16.954710006713867,-0.1867735764896184,-0.8582768102760374,-0.14677810668945312
2004-09-02,22.399999618530277,23.375,22.399999618530277,23.375,17.59450912475586,-0.5889282267280528,3.77357747663416,0.6397991180419922
2004-09-03,23.375,23.450000762939453,22.899999618530277,22.950000762939453,17.274612426757812,-0.5665863017148064,-1.8181621080178068,-0.3198966979980469
2004-09-07,22.950000762939453,23.424999237060547,22.915000915527344,23.424999237060547,17.632144927978516,-0.6768995564677103,2.0696991190777503,0.3575325012207031
2004-09-08,23.125,23.125,22.51499938964844,22.520000457763672,16.95094871520996,-0.07785669205004242,-3.8633768923237444,-0.6811962127685547
2004-09-09,22.520000457763672,23.334999084472656,22.520000457763672,23.2450008392334,17.496654510498047,0.7683437178266632,3.219323027025789,0.5457057952880859
2004-09-10,23.225000381469727,23.225000381469727,22.725000381469727,22.850000381469727,17.199344635009766,-0.5512262282681996,-1.6992384190354426,-0.29730987548828125
2004-09-13,22.799999237060547,22.9950008392334,22.625,22.834999084472656,17.18804931640625,-0.600099189234676,-0.06567295930871575,-0.011295318603515625
2004-09-14,22.76000022888184,22.875,22.625,22.82999992370605,17.184280395507812,-0.6894668892876614,-0.021927566235457885,-0.0037689208984375
2004-09-15,22.82999992370605,22.86000061035156,22.600000381469727,22.795000076293945,17.157943725585938,-0.9226607316134202,-0.15326024317410258,-0.026336669921875
2004-09-16,22.84499931335449,23.07999992370605,22.75,23.07999992370605,17.372465133666992,-0.7118088143009077,1.250274575508481,0.2145214080810547
2004-09-17,23.1299991607666,23.149999618530277,22.6200008392334,22.76499938964844,17.135366439819336,0.2656504050286203,-1.3647959113653352,-0.23709869384765625
2004-09-20,22.600000381469727,22.834999084472656,22.5,22.774999618530277,17.142892837524414,-0.7523035533874167,0.0439231791833139,0.007526397705078125
2004-09-21,22.825000762939453,23.274999618530277,22.799999237060547,23.26499938964844,17.5117130279541,-0.7550962940140725,2.151446631121501,0.3688201904296875
2004-09-22,23.13999938964844,23.13999938964844,22.645000457763672,22.649999618530277,17.04880142211914,0.09668959711594473,-2.6434398799021652,-0.46291160583496094
2004-09-23,22.68000030517578,22.799999237060547,22.3799991607666,22.399999618530277,16.860624313354492,-1.0231993941730289,-1.103755648889826,-0.18817710876464844
2004-09-24,22.399999618530277,22.575000762939453,22.309999465942383,22.415000915527344,16.871910095214844,-0.545640747014888,0.06693572936924408,0.011285781860351562
2004-09-27,22.25,22.274999618530277,21.975000381469727,22.09000015258789,16.62728500366211,-0.5637935610881506,-1.449895655988076,-0.24462509155273438
2004-09-28,21.975000381469727,22.13999938964844,21.709999084472656,21.81999969482422,16.424053192138672,0.17488633466230696,-1.222278991902026,-0.2032318115234375
2004-09-29,21.825000762939453,22.149999618530277,21.665000915527344,22.0049991607666,16.563304901123047,0.364792697274901,0.8478522771165231,0.139251708984375
2004-09-30,21.899999618530277,22.104999542236328,21.899999618530277,21.98500061035156,16.548255920410156,-0.25100661090270165,-0.09085735487408542,-0.015048980712890625
2004-10-01,22.104999542236328,22.799999237060547,22.049999237060547,22.799999237060547,17.161705017089844,0.22236292531545546,3.707031723645726,0.6134490966796875
2004-10-04,22.625,23.0049991607666,22.420000076293945,22.63500022888184,17.037506103515625,-0.0932167654966493,-0.723697986013272,-0.12419891357421875
2004-10-05,22.549999237060547,22.76499938964844,22.549999237060547,22.59000015258789,17.003637313842773,0.4988442473543791,-0.19878959671135732,-0.03386878967285156
2004-10-06,22.524999618530277,23.155000686645508,22.450000762939453,23.155000686645508,17.428918838500977,-0.22866468588945532,2.501120888481778,0.4252815246582031
2004-10-07,22.899999618530277,22.975000381469727,22.3799991607666,22.3799991607666,16.845565795898438,-0.12254054207653513,-3.3470409037300475,-0.5833530426025391
2004-10-08,22.325000762939453,22.649999618530277,22.299999237060547,22.5,16.935894012451172,-0.39762549380213086,0.5362136104370308,0.09032821655273438
2004-10-11,22.5049991607666,22.600000381469727,22.350000381469727,22.524999618530277,16.954710006713867,-0.7704563674606795,0.1111012754854368,0.018815994262695312
2004-10-12,22.450000762939453,22.700000762939453,22.299999237060547,22.549999237060547,16.973526000976562,-0.39622912348880296,0.11097797753689687,0.018815994262695312
2004-10-13,22.700000762939453,22.700000762939453,22.26000022888184,22.459999084472656,16.905784606933594,0.022681970509566173,-0.39910030502249283,-0.06774139404296875
2004-10-14,22.459999084472656,22.5,22.25,22.375,16.841798782348633,-0.16443165147637204,-0.37848479720200556,-0.06398582458496094
2004-10-15,22.799999237060547,23.540000915527344,22.575000762939453,23.0,17.3122501373291,2.33088209844058,2.793355751723703,0.47045135498046875
2004-10-18,22.875,23.325000762939453,22.7549991607666,23.0,17.3122501373291,1.0853197789520959,0.0,0.0
2004-10-19,23.075000762939453,23.084999084472656,22.799999237060547,22.90999984741211,17.244510650634766,0.3857382519748194,-0.3912806605553487,-0.06773948669433594
2004-10-20,22.86000061035156,23.170000076293945,22.76000022888184,22.979999542236328,17.297199249267578,-0.12533328270319094,0.3055383808810763,0.0526885986328125
2004-10-21,23.5,23.774999618530277,23.170000076293945,23.65999984741211,17.809032440185547,0.24051573938871812,2.9590524080922664,0.5118331909179688
2004-10-22,23.875,23.875,23.0,23.0049991607666,17.316009521484375,-0.26497031403598065,-2.768386886581664,-0.4930229187011719
2004-10-25,22.899999618530277,23.65999984741211,22.809999465942383,23.395000457763672,17.609561920166016,0.29916329254848983,1.6952658654837416,0.2935523986816406
2004-10-26,23.26499938964844,23.770000457763672,23.020000457763672,23.690000534057617,17.946680068969727,-0.3403743109556871,1.9144039490139209,0.33711814880371094
2004-10-27,23.575000762939453,23.700000762939453,23.309999465942383,23.5,17.80274772644043,0.5156006911143138,-0.8019998237900228,-0.14393234252929688
2004-10-28,23.375,23.8799991607666,23.274999618530277,23.8700008392334,18.08304786682129,-0.5260915626282974,1.5744768430581146,0.2803001403808594
2004-10-29,23.825000762939453,24.0049991607666,23.420000076293945,23.459999084472656,17.772441864013672,-0.1420897264631257,-1.7176639972154017,-0.3106060028076172
2004-11-01,23.5,24.25,23.325000762939453,24.25,18.370922088623047,-0.02619099045691023,3.367461990809506,0.598480224609375
2004-11-02,24.149999618530277,24.200000762939453,23.299999237060547,23.45499992370605,17.768657684326172,0.3480362535149662,-3.2783569675571833,-0.602264404296875
2004-11-03,23.575000762939453,24.440000534057617,23.575000762939453,24.440000534057617,18.51485061645508,-0.25798846246934115,4.199489603466966,0.7461929321289098
2004-11-04,24.315000534057617,24.975000381469727,23.9950008392334,24.975000381469727,18.920148849487305,-0.25659209215601325,2.189044035127208,0.405298233032223
2004-11-05,24.95499992370605,24.98500061035156,24.565000534057617,24.815000534057617,18.79894256591797,0.1595262612157001,-0.6406201374711706,-0.12120628356933594
2004-11-08,24.799999237060547,24.950000762939453,24.21500015258789,24.239999771118164,18.36334609985352,-0.12114417176320724,-2.317132809662259,-0.4355964660644496
2004-11-09,24.01000022888184,24.61000061035156,24.01000022888184,24.415000915527344,18.49591827392578,0.2502903315820134,0.7219390918810742,0.13257217407226207
2004-11-10,24.25,24.700000762939453,24.25,24.549999237060547,18.59818649291992,-0.2984832015558502,0.5529231773169441,0.10226821899413707
2004-11-11,24.55500030517578,25.024999618530277,24.5049991607666,25.020000457763672,18.954242706298828,-0.287312239049227,1.914467378389051,0.3560562133789098
2004-11-12,24.825000762939453,25.0,24.75,25.0,18.939085006713867,-0.6727104455277266,-0.07996995617199909,-0.015157699584960938
2004-11-15,25.0,25.125,24.82999992370605,25.11000061035156,19.022417068481445,-0.600099189234676,0.44000046326440057,0.08333206176757812
2004-11-16,25.0049991607666,25.26000022888184,24.825000762939453,24.84499931335449,18.8216609954834,-0.2998795718691781,-1.055365741773595,-0.20075607299804688
2004-11-17,24.88500022888184,25.46999931335449,24.88500022888184,25.350000381469727,19.204233169555664,-0.31244690468912917,2.032616431483225,0.3825721740722656
2004-11-18,25.274999618530277,25.350000381469727,24.895000457763672,25.239999771118164,19.12089729309082,-0.5917209673547086,-0.4339453480337596,-0.08333587646484375
2004-11-19,25.13999938964844,25.13999938964844,24.850000381469727,24.875,18.844390869140625,0.526771653620937,-1.4460954405633886,-0.2765064239501953
2004-11-22,24.75,25.19499969482422,24.75,24.950000762939453,18.90121841430664,-0.26776305466263645,0.3015621229714327,0.056827545166015625
2004-11-23,24.825000762939453,25.5,24.825000762939453,25.2450008392334,19.12470245361328,0.07993315335600995,1.1823790107492904,0.22348403930664062
2004-11-24,25.149999618530277,25.71500015258789,25.149999618530277,25.575000762939453,19.37468910217285,-0.22447557494947162,1.3071400674907752,0.2499866485595703
2004-11-26,25.459999084472656,25.770000457763672,25.459999084472656,25.55500030517578,19.359533309936523,-1.291302494331985,-0.07822469902047935,-0.015155792236328125
2004-11-29,25.655000686645508,26.475000381469727,25.5,26.2549991607666,19.88983154296875,-0.07087484048340294,2.7392097967570583,0.5302982330322266
2004-11-30,26.13999938964844,26.53499984741211,26.100000381469727,26.274999618530277,19.90497589111328,0.019889229882910378,0.0761411584196292,0.01514434814453125
2004-12-01,25.825000762939453,26.924999237060547,25.825000762939453,26.899999618530277,20.378456115722656,0.5156006911143138,2.3787028288778878,0.473480224609375
2004-12-02,26.825000762939453,26.959999084472656,26.625,26.649999618530277,20.18907356262207,-0.0946131358099772,-0.9293272857626933,-0.18938255310058594
2004-12-03,26.68000030517578,26.725000381469727,26.2549991607666,26.2549991607666,19.88983154296875,-0.5749645235947738,-1.4821978766144883,-0.2992420196533203
2004-12-06,26.2549991607666,26.2549991607666,25.915000915527344,25.93000030517578,19.643630981445312,-0.39762549380213086,-1.237821250479476,-0.2462005615234375
2004-12-07,25.979999542236328,25.979999542236328,25.23500061035156,25.239999771118164,19.12089729309082,0.8353694928664023,-2.661084851615514,-0.5227336883544922
2004-12-08,25.239999771118164,25.649999618530277,25.125,25.61000061035156,19.401201248168945,1.92593470757549,1.4659560729893606,0.280303955078125
2004-12-09,25.549999237060547,25.834999084472656,25.170000076293945,25.80500030517578,19.54893112182617,-0.1825844655496347,0.7614470453017219,0.147729873657223
2004-12-10,25.70499992370605,25.98500061035156,25.364999771118164,25.899999618530277,19.620899200439453,-0.3431670515823429,0.36814329215644204,0.0719680786132848
2004-12-13,26.0,26.61000061035156,25.924999237060547,26.61000061035156,20.158767700195312,-0.3808690500421961,2.7413040261876187,0.5378684997558594
2004-12-14,26.559999465942383,26.920000076293945,26.475000381469727,26.75,20.26482963562012,0.19164277842224173,0.5261330305610823,0.10606193542480824
2004-12-15,26.674999237060547,26.86000061035156,26.350000381469727,26.84000015258789,20.33300399780273,-0.1853772061762905,0.3364171493589918,0.06817436218261008
2004-12-16,26.625,26.7549991607666,26.28499984741211,26.5,20.075439453125,-0.3892472719221635,-1.2667313924964785,-0.2575645446777308
2004-12-17,26.5,26.729999542236328,26.25,26.25,19.88604736328125,0.3787564004081799,-0.9434019628111745,-0.18939208984375
2004-12-20,26.375,26.614999771118164,26.1200008392334,26.21999931335449,19.863319396972656,-0.4828040829151326,-0.11429101969534505,-0.02272796630859375
2004-12-21,26.21500015258789,26.799999237060547,26.21500015258789,26.799999237060547,20.302703857421875,-0.10438772800327246,2.2120394465196203,0.43938446044921875
2004-12-22,26.924999237060547,27.405000686645508,26.924999237060547,27.21500015258789,20.617101669311523,-0.41577830787539355,1.5485514348115625,0.31439781188964844
2004-12-23,27.34000015258789,27.44499969482422,26.934999465942383,26.934999465942383,20.404970169067383,-0.3250142375090802,-1.0289103854005721,-0.21213150024414062
2004-12-27,26.875,27.075000762939453,26.3700008392334,26.3700008392334,19.976947784423828,-0.6322157064412176,-2.0976378847757826,-0.4280223846435547
2004-12-28,26.450000762939453,27.11000061035156,26.450000762939453,27.024999618530277,20.47315788269043,-0.40740008599542615,2.483913476779964,0.49621009826660156
2004-12-29,26.899999618530277,26.975000381469727,26.51000022888184,26.684999465942383,20.215579986572266,-0.7229797768075309,-1.2581248950165103,-0.25757789611816406
2004-12-30,26.600000381469727,26.84499931335449,26.600000381469727,26.73500061035156,20.25346565246582,-1.0231993941730289,0.18740825600214173,0.03788566589355469
2004-12-31,26.674999237060547,26.8700008392334,26.364999771118164,26.38999938964844,19.99210357666016,-0.735547109627482,-1.2904560646085805,-0.2613620758056605
2005-01-03,26.475000381469727,27.44499969482422,26.395000457763672,26.475000381469727,20.056495666503903,0.9037916382194693,0.32208761622722903,0.0643920898437429
2005-01-04,26.524999618530277,26.71500015258789,25.665000915527344,25.674999237060547,19.4504337310791,0.04642026583614042,-3.0217738208224376,-0.6060619354248011
2005-01-05,25.649999618530277,25.709999084472656,24.9950008392334,25.0,18.939085006713867,0.40528743636141,-2.6289836588485382,-0.5113487243652344
2005-01-06,25.0,25.475000381469727,24.950000762939453,25.2549991607666,19.132272720336918,-0.3892472719221635,1.0200477665872842,0.19318771362305043
2005-01-07,25.280000686645508,25.280000686645508,24.395000457763672,24.5,18.560312271118164,0.391323733228131,-2.9895060434235843,-0.5719604492187536
2005-01-10,24.375,25.239999771118164,24.375,24.80500030517578,18.79136276245117,0.09529322680261683,1.2448631680219258,0.23105049133300426
2005-01-11,24.80500030517578,24.915000915527344,24.415000915527344,24.63500022888184,18.662580490112305,-0.22866468588945532,-0.685326944973863,-0.12878227233886363
2005-01-12,24.53499984741211,24.57999992370605,23.899999618530277,24.524999618530277,18.579246520996094,0.5714555036474298,-0.44652972379871647,-0.08333396911621094
2005-01-13,24.56999969482422,24.63500022888184,24.03499984741211,24.075000762939453,18.23834609985352,0.03245656270286145,-1.8348452438979646,-0.3409004211425746
2005-01-14,24.149999618530277,24.549999237060547,24.0,24.4950008392334,18.556516647338867,-0.06668572954341925,1.7445142544361802,0.318170547485348
2005-01-18,24.399999618530277,24.8799991607666,24.3799991607666,24.84000015258789,18.81787872314453,-0.22866468588945532,1.4084651811154814,0.26136207580566406
2005-01-19,24.674999237060547,24.979999542236328,24.2450008392334,24.25,18.370922088623047,-0.21470098275617636,-2.3751701299454253,-0.4469566345214844
2005-01-20,24.174999237060547,24.524999618530277,24.0,24.2549991607666,18.37470245361328,-0.1937554280562579,0.02057798172567793,0.003780364990234375
2005-01-21,24.31999969482422,24.59000015258789,24.165000915527344,24.299999237060547,18.40880012512207,-0.653161261141136,0.18556856414337908,0.03409767150878906
2005-01-24,24.299999237060547,24.424999237060547,23.815000534057617,23.88500022888184,18.094409942626957,-0.7760418487139911,-1.7078254984477348,-0.31439018249511363
2005-01-25,23.905000686645508,24.290000915527344,23.75,23.90999984741211,18.11334609985352,-0.7327543690008262,0.10465197420974626,0.0189361572265625
2005-01-26,23.809999465942383,24.20499992370605,23.809999465942383,24.19499969482422,18.329246520996094,-0.40181460474211456,1.1919411242538036,0.21590042114257457
2005-01-27,24.149999618530277,24.38500022888184,23.989999771118164,24.03499984741211,18.20804977416992,-0.5302806735682811,-0.6612205618345746,-0.12119674682617543
2005-01-28,24.075000762939453,24.190000534057617,23.63999938964844,23.774999618530277,18.011077880859375,-0.09880224674996088,-1.0817846817948062,-0.19697189331054332
2005-01-31,23.825000762939453,24.350000381469727,23.825000762939453,24.2450008392334,18.483741760253903,-0.27055579528929224,2.6242953504566957,0.4726638793945277
2005-02-01,24.20499992370605,24.59000015258789,24.065000534057617,24.32999992370605,18.54854965209961,-0.2398356483960785,0.3506210630201734,0.06480789184570668
2005-02-02,24.274999618530277,24.75,24.200000762939453,24.600000381469727,18.75438499450684,-0.41019282662208195,1.1097112511108342,0.20583534240723012
2005-02-03,24.5,24.774999618530277,24.100000381469727,24.7450008392334,18.864933013916016,-0.04294743421684499,0.5894515839445225,0.11054801940917613
2005-02-04,24.649999618530277,25.100000381469727,24.649999618530277,25.075000762939453,19.11651992797852,-0.4520839360219189,1.3336220906637442,0.25158691406250355
2005-02-07,25.325000762939453,25.325000762939453,24.809999465942383,24.940000534057617,19.01359748840332,-0.40879645630875405,-0.5383952725860119,-0.10292243957519887
2005-02-08,24.815000534057617,25.05500030517578,24.59000015258789,25.05500030517578,19.10127258300781,-0.7104124439875799,0.46111786398108645,0.08767509460448863
2005-02-09,24.989999771118164,25.13999938964844,24.3700008392334,24.575000762939453,18.735328674316406,-0.11276594988323986,-1.9158090493768487,-0.3659439086914027
2005-02-10,24.575000762939453,24.709999084472656,24.100000381469727,24.604999542236328,18.758195877075195,-0.1867735764896184,0.12205391832884604,0.022867202758789062
2005-02-11,24.799999237060547,24.850000381469727,24.100000381469727,24.84499931335449,18.941165924072266,-0.11695506082322354,0.9754138841288063,0.1829700469970703
2005-02-14,24.75,25.18000030517578,24.549999237060547,24.649999618530277,18.79250907897949,0.18745366748225803,-0.7848347123333599,-0.148656845092777
2005-02-15,24.700000762939453,24.96500015258789,24.575000762939453,24.65999984741211,18.800132751464844,-0.002452695130335977,0.040567613687536586,0.007623672485355115
2005-02-16,24.5,25.229999542236328,24.46999931335449,24.84000015258789,18.93735885620117,0.3117306253684409,0.7299209348701652,0.13722610473632457
2005-02-17,24.799999237060547,25.030000686645508,24.63500022888184,24.68000030517578,18.815372467041016,-0.09880224674996088,-0.644157351014174,-0.1219863891601527
2005-02-18,24.899999618530277,25.045000076293945,24.709999084472656,24.950000762939453,19.021224975585938,-0.6643322236477592,1.094065551481993,0.20585250854492188
2005-02-22,24.825000762939453,24.940000534057617,24.450000762939453,24.5,18.67815971374512,0.11484241118920739,-1.8035918416460905,-0.34306526184081676
2005-02-23,24.575000762939453,25.125,24.575000762939453,24.84499931335449,18.941165924072266,0.27821773784857134,1.4080948784991998,0.2630062103271449
2005-02-24,24.924999237060547,25.44499969482422,24.57999992370605,25.375,19.34522247314453,-0.4520839360219189,2.1332189934451184,0.4040565490722656
2005-02-25,25.350000381469727,25.95499992370605,25.25,25.95499992370605,19.787403106689453,0.0073218970629593035,2.2857355823060033,0.4421806335449219
2005-02-28,25.875,25.989999771118164,25.354999542236328,25.809999465942383,19.67686080932617,0.5505099489475113,-0.5586498479222546,-0.1105422973632848
2005-03-01,25.809999465942383,26.165000915527344,25.774999618530277,26.0,19.82170867919922,-0.1281260233298467,0.7361330207936279,0.14484786987305043
2005-03-02,26.125,26.290000915527344,25.825000762939453,25.84000015258789,19.69973373413086,-0.1839808358629626,-0.6153603962324339,-0.12197494506835938
2005-03-03,25.899999618530277,26.239999771118164,25.84000015258789,26.21500015258789,19.98562240600586,-0.4730294907218373,1.4512311472498762,0.285888671875
2005-03-04,26.09000015258789,26.674999237060547,26.049999237060547,26.40999984741211,20.134281158447266,-0.3878509016088356,0.7438284854052624,0.14865875244140625
2005-03-07,26.350000381469727,26.6299991607666,25.98500061035156,26.09499931335449,19.89413452148437,-0.5568117095215112,-1.1927251590114096,-0.24014663696289418
2005-03-08,26.09499931335449,26.309999465942383,25.979999542236328,26.1299991607666,19.92082023620605,-0.5679826720281343,0.13413860599393868,0.026685714721679688
2005-03-09,26.15999984741211,26.350000381469727,25.655000686645508,26.045000076293945,19.85602760314941,-0.6028919298613318,-0.3252508294757872,-0.06479263305664062
2005-03-10,26.045000076293945,26.045000076293945,25.4950008392334,25.51000022888184,19.448148727416992,0.09110411586263313,-2.054181651458442,-0.4078788757324183
2005-03-11,25.61000061035156,25.94499969482422,25.43000030517578,25.774999618530277,19.650177001953125,0.05340211740277991,1.0388046562566755,0.2020282745361328
2005-03-14,25.674999237060547,26.20499992370605,25.674999237060547,26.0049991607666,19.825529098510746,-0.5009568969883953,0.8923690434960996,0.17535209655762074
2005-03-15,26.200000762939453,26.399999618530277,25.709999084472656,25.729999542236328,19.61587142944336,-0.07506395142338664,-1.0575136130068552,-0.20965766906738637
2005-03-16,25.674999237060547,25.75,25.350000381469727,25.600000381469727,19.51675796508789,0.17628270497563486,-0.5052717882658042,-0.09911346435546875
2005-03-17,25.75,25.75,25.364999771118164,25.540000915527344,19.47101402282715,-0.598702818921348,-0.23438289465171902,-0.04574394226074219
2005-03-18,25.899999618530277,25.899999618530277,25.26499938964844,25.584999084472656,19.505319595336918,1.3631974713043475,0.1761879092149421,0.03430557250976918
2005-03-21,25.649999618530277,25.725000381469727,25.375,25.614999771118164,19.528200149536133,-0.6657285939610872,0.11730417482975763,0.022880554199215197
2005-03-22,25.524999618530277,25.905000686645508,25.174999237060547,25.20499992370605,19.21562385559082,-0.024794620143582333,-1.6006405687763126,-0.3125762939453125
2005-03-23,25.100000381469727,25.229999542236328,24.65999984741211,24.88999938964844,18.975475311279297,0.1511480393357327,-1.2497566881839894,-0.24014854431152344
2005-03-24,24.940000534057617,25.25,24.82999992370605,24.94499969482422,19.017410278320312,-0.5135242298083463,0.22099560803143792,0.041934967041015625
2005-03-28,25.024999618530277,25.315000534057617,24.80500030517578,25.155000686645508,19.17751121520996,-0.1337115045831583,0.8418650833450281,0.16010093688964844
2005-03-29,25.104999542236328,26.405000686645508,25.06999969482422,25.38999938964844,19.35666275024414,2.3783586890937287,0.9341751024089628,0.1791515350341797
2005-03-30,25.479999542236328,26.350000381469727,25.479999542236328,26.28499984741211,20.03898048400879,0.7194707568601869,3.5249760899824567,0.6823177337646484
2005-03-31,26.149999618530277,26.600000381469727,25.799999237060547,25.989999771118164,19.814085006713867,0.6468595005671363,-1.1222900160733684,-0.22489547729492188
2005-04-01,26.049999237060547,26.584999084472656,25.98500061035156,26.5,20.20290184020996,1.0936980008320634,1.9623254536575763,0.38881683349609375
2005-04-04,26.559999465942383,26.7549991607666,26.200000762939453,26.61000061035156,20.286760330200195,0.7348308303067937,0.41508141084629635,0.08385848999023438
2005-04-05,26.674999237060547,26.989999771118164,26.6299991607666,26.709999084472656,20.36299705505371,-0.11974780144987934,0.375795462718731,0.07623672485351562
2005-04-06,26.71500015258789,27.434999465942383,26.71500015258789,27.01000022888184,20.591705322265625,0.5449244676941997,1.1231562161187592,0.22870826721191406
2005-04-07,27.01499938964844,27.274999618530277,26.38999938964844,27.11000061035156,20.66794776916504,-0.4842004532284605,0.37025805151249536,0.07624244689941406
2005-04-08,27.104999542236328,27.11000061035156,26.309999465942383,26.3799991607666,20.111417770385746,-0.23425016714276692,-2.6927201722930283,-0.5565299987792933
2005-04-11,26.440000534057617,26.684999465942383,26.2549991607666,26.354999542236328,20.09235191345215,-0.382265420355524,-0.09480115798534694,-0.019065856933597303
2005-04-12,26.25,26.59499931335449,25.565000534057617,26.489999771118164,20.195268630981445,2.6213271236127826,0.5122183703162753,0.10291671752929688
2005-04-13,26.489999771118164,26.489999771118164,25.655000686645508,25.7450008392334,19.627302169799805,0.9847811163924873,-2.8123738859820224,-0.5679664611816406
2005-04-14,25.76499938964844,25.825000762939453,25.0049991607666,25.0049991607666,19.063142776489254,0.5505099489475113,-2.874360360022443,-0.5641593933105504
2005-04-15,25.350000381469727,25.350000381469727,24.350000381469727,24.4950008392334,18.674335479736328,1.9189528560088505,-2.039576062098458,-0.38880729675292613
2005-04-18,24.25,25.350000381469727,23.84499931335449,25.20499992370605,19.21562385559082,1.2710370306247063,2.8985683396437256,0.5412883758544922
2005-04-19,25.26000022888184,25.51000022888184,24.905000686645508,25.170000076293945,19.188940048217773,0.6468595005671363,-0.13886516291941042,-0.026683807373046875
2005-04-20,24.850000381469727,24.95499992370605,24.46500015258789,24.475000381469727,18.65909194946289,0.5449244676941997,-2.7612160829284305,-0.5298480987548828
2005-04-21,24.725000381469727,25.165000915527344,24.625,24.975000381469727,19.0402774810791,0.5449244676941997,2.042894330810041,0.38118553161621094
2005-04-22,24.924999237060547,25.114999771118164,24.274999618530277,24.674999237060547,18.811559677124023,0.29776692223516193,-1.2012314641021482,-0.22871780395507812
2005-04-25,24.655000686645508,24.934999465942383,24.51499938964844,24.86000061035156,18.95260429382324,0.02966382207620566,0.7497763030820614,0.1410446166992152
2005-04-26,24.86000061035156,24.86000061035156,23.895000457763672,24.0,18.29696655273437,1.5126090948304325,-3.459354350064403,-0.6556377410888672
2005-04-27,23.924999237060547,24.625,23.5,24.239999771118164,18.59615898132324,0.29776692223516193,1.6352023584158326,0.2991924285888672
2005-04-28,24.114999771118164,24.270000457763672,23.59499931335449,23.71500015258789,18.19340133666992,0.23493025813540655,-2.165810934708745,-0.4027576446533203
2005-04-29,23.815000534057617,24.28499984741211,23.5,24.114999771118164,18.500263214111328,0.19722825967555332,1.6866657958174658,0.3068618774414098
2005-05-02,24.149999618530277,24.450000762939453,24.09000015258789,24.200000762939453,18.56546974182129,0.06736582053605888,0.3524627025858873,0.06520652770996094
2005-05-03,24.325000762939453,24.56999969482422,24.165000915527344,24.274999618530277,18.623018264770508,0.3592072160215894,0.30997612098973004,0.05754852294921875
2005-05-04,24.399999618530277,25.174999237060547,24.350000381469727,25.174999237060547,19.313461303710938,0.528168023934265,3.707471201091783,0.6904430389404297
2005-05-05,25.125,25.479999542236328,24.96500015258789,25.01000022888184,19.18687629699707,0.06736582053605888,-0.6554237209129621,-0.1265850067138672
2005-05-06,25.06999969482422,25.530000686645508,25.024999618530277,25.5,19.562782287597656,-0.14627883740310937,1.959182853852126,0.37590599060058594
2005-05-09,25.53499984741211,25.7450008392334,25.459999084472656,25.665000915527344,19.689380645751957,0.364792697274901,0.647138818462234,0.12659835815430043
2005-05-10,25.350000381469727,25.48500061035156,25.049999237060547,25.170000076293945,19.30962562561035,0.31591973630842457,-1.9287301463367212,-0.3797550201416051
2005-05-11,25.21999931335449,25.350000381469727,24.90999984741211,25.21500015258789,19.34415054321289,-0.3264106078224081,0.17879641103319965,0.03452491760253906
2005-05-12,25.209999084472656,25.34000015258789,24.7549991607666,24.76000022888184,18.99508476257324,0.04223115489615673,-1.804503019452186,-0.349065780639652
2005-05-13,24.799999237060547,24.8799991607666,24.5049991607666,24.665000915527344,18.922212600708008,0.0017364158096477144,-0.38363693964037493,-0.07287216186523082
2005-05-16,24.684999465942383,25.125,24.584999084472656,24.899999618530277,19.10249137878418,-0.22028646400948793,0.9527362464441635,0.18027877807617188
2005-05-17,24.774999618530277,25.61000061035156,24.71999931335449,25.51000022888184,19.570463180541992,0.32429795818839197,2.449794597355792,0.4679718017578125
2005-05-18,25.674999237060547,26.30500030517578,25.524999618530277,26.06999969482422,20.000076293945312,0.2656504050286203,2.1952117813464067,0.4296131134033203
2005-05-19,26.059999465942383,26.100000381469727,25.40999984741211,25.655000686645508,19.68170547485352,-0.10438772800327246,-1.591848023040665,-0.3183708190917933
2005-05-20,25.670000076293945,25.670000076293945,25.045000076293945,25.459999084472656,19.532106399536133,-0.09740587643663298,-0.7600920332261007,-0.14959907531738637
2005-05-23,25.46500015258789,25.76000022888184,25.399999618530277,25.59000015258789,19.6318359375,-0.4702367500951815,0.5105928460753972,0.09972953796386719
2005-05-24,25.5,25.95499992370605,25.114999771118164,25.81999969482422,19.80828857421875,0.5337535051875766,0.8988086355270264,0.17645263671875
2005-05-25,25.700000762939453,25.700000762939453,24.93000030517578,25.084999084472656,19.24442481994629,0.5728518739607577,-2.846605107552558,-0.5638637542724609
2005-05-26,25.25,25.56999969482422,25.165000915527344,25.530000686645508,19.585817337036133,-0.5512262282681996,1.773981401283553,0.34139251708984375
2005-05-27,25.479999542236328,25.604999542236328,25.1299991607666,25.57999992370605,19.62415885925293,-0.6084774111146434,0.19576166547972118,0.038341522216796875
2005-05-31,25.4950008392334,25.4950008392334,25.0,25.0,19.179203033447266,0.19303914873556963,-2.267388013911553,-0.44495582580566406
2005-06-01,25.040000915527344,25.479999542236328,24.88999938964844,25.200000762939453,19.3326473236084,0.026871081449549864,0.800055611766215,0.1534442901611328
2005-06-02,25.149999618530277,25.21500015258789,24.924999237060547,25.030000686645508,19.202220916748047,0.015700118942926687,-0.6746432843735772,-0.13042640686035156
2005-06-03,24.905000686645508,25.170000076293945,24.5,24.674999237060547,18.929872512817383,0.5183934317409696,-1.418317209824016,-0.27234840393066406
2005-06-06,24.71500015258789,24.915000915527344,24.405000686645508,24.84499931335449,19.06029319763184,0.5491135786341834,0.6889675814041984,0.13042068481445668
2005-06-07,24.924999237060547,25.31999969482422,24.5,24.51499938964844,18.8071346282959,0.29357781129517824,-1.328198715051221,-0.25315856933594105
2005-06-08,24.63999938964844,24.655000686645508,24.190000534057617,24.290000915527344,18.6345157623291,-0.20213364993622526,-0.9178371366953875,-0.17261886596679688
2005-06-09,24.290000915527344,24.53499984741211,23.975000381469727,24.53499984741211,18.822473526000977,-0.572171782968118,1.0086538661328914,0.187957763671875
2005-06-10,24.53499984741211,24.649999618530277,24.395000457763672,24.51000022888184,18.80329704284668,-0.5302806735682811,-0.10188078165075387,-0.019176483154296875
2005-06-13,24.375,24.825000762939453,24.375,24.530000686645508,18.81864356994629,0.04781663614946832,0.08161614989457,0.015346527099609375
2005-06-14,24.46999931335449,24.98500061035156,24.43000030517578,24.915000915527344,19.11400032043457,0.6580304630737593,1.569490114367067,0.29535675048828125
2005-06-15,25.0,25.100000381469727,24.459999084472656,24.875,19.083314895629883,-0.3389779406423592,-0.160538999111981,-0.0306854248046875
2005-06-16,24.799999237060547,25.2450008392334,24.649999618530277,25.21999931335449,19.347984313964844,-0.5009568969883953,1.386915322534299,0.26466941833496094
2005-06-17,25.399999618530277,25.475000381469727,24.770000457763672,24.899999618530277,19.10249137878418,1.2947753259512804,-1.268829513178149,-0.24549293518066406
2005-06-20,24.780000686645508,24.875,24.5,24.540000915527344,18.826313018798828,-0.17280987335633943,-1.445771415408592,-0.27617835998535156
2005-06-21,24.55500030517578,24.924999237060547,24.399999618530277,24.834999084472656,19.052623748779297,-0.059703877976779764,1.2020979878242244,0.22631072998046875
2005-06-22,24.88999938964844,25.065000534057617,24.545000076293945,24.76499938964844,18.998918533325195,-0.4925786751084279,-0.2818783185047802,-0.05370521545410156
2005-06-23,24.71500015258789,24.81999969482422,24.44499969482422,24.5,18.795631408691406,0.9177553413527483,-1.069993138173686,-0.20328712463378906
2005-06-27,24.69499969482422,24.81999969482422,24.5,24.625,18.89151954650879,1.4246377650907749,0.5101618335260794,0.09588813781738281
2005-06-28,24.625,25.114999771118164,24.524999618530277,25.01000022888184,19.18687629699707,0.3675854379015568,1.5634356450848097,0.29535675048828125
2005-06-29,25.040000915527344,25.440000534057617,25.0,25.31999969482422,19.424701690673828,2.167506771781216,1.2395211705929388,0.2378253936767578
2005-06-30,25.420000076293945,25.690000534057617,25.34000015258789,25.399999618530277,19.486066818237305,0.5742482442740856,0.3159128440718195,0.06136512756347656
2005-07-01,25.399999618530277,25.565000534057617,25.18000030517578,25.5,19.562782287597656,-0.3710944578489008,0.39369396644248766,0.07671546936035156
2005-07-05,25.43000030517578,25.540000915527344,25.325000762939453,25.459999084472656,19.532106399536133,-0.7523035533874167,-0.15680738869630062,-0.030675888061523438
2005-07-06,25.375,25.46500015258789,24.950000762939453,25.01499938964844,19.190717697143555,-0.4520839360219189,-1.7478335178467308,-0.3413887023925781
2005-07-07,24.825000762939453,25.024999618530277,24.625,25.020000457763672,19.194551467895508,-0.5833427454747412,0.019977214049293757,0.003833770751953125
2005-07-08,25.059999465942383,25.69499969482422,25.01499938964844,25.655000686645508,19.68170547485352,0.056194858029435704,2.537980675259943,0.48715400695801137
2005-07-11,25.739999771118164,26.049999237060547,25.739999771118164,25.979999542236328,19.9310359954834,-0.4492911953952631,1.2668135947285553,0.24933052062987926
2005-07-12,25.94499969482422,25.9950008392334,25.649999618530277,25.76499938964844,19.766094207763672,0.08412226429599365,-0.8275625399357223,-0.16494178771972656
2005-07-13,25.780000686645508,25.875,25.350000381469727,25.475000381469727,19.54361724853516,-0.1406933561497978,-1.1255484107787428,-0.22247695922851207
2005-07-14,25.700000762939453,25.780000686645508,25.315000534057617,25.40999984741211,19.493749618530277,-0.5498298579548717,-0.2551606970742304,-0.04986763000488281
2005-07-15,25.420000076293945,25.51499938964844,24.989999771118164,25.104999542236328,19.25975608825684,-0.42276015944203305,-1.200351573465419,-0.2339935302734375
2005-07-18,25.065000534057617,25.19499969482422,24.7549991607666,24.84000015258789,19.05646133422852,-0.24821387027604588,-1.05554168545402,-0.2032947540283203
2005-07-19,24.920000076293945,25.25,24.700000762939453,25.125,19.27510643005371,-0.022001879516926538,1.1473541282948974,0.21864509582519176
2005-07-20,24.979999542236328,25.424999237060547,24.979999542236328,25.34000015258789,19.440046310424805,-0.6461794095744966,0.8557144987480836,0.16493988037109375
2005-07-21,25.450000762939453,25.4950008392334,25.09000015258789,25.09000015258789,19.24825668334961,0.6887506099669731,-0.9865698055068317,-0.1917896270751953
2005-07-22,25.200000762939453,25.46500015258789,25.0,25.18000030517578,19.317293167114254,0.18885003779558593,0.3586635657470305,0.06903648376464488
2005-07-25,25.184999465942383,25.450000762939453,24.854999542236328,25.0,19.179203033447266,-0.016416398263614948,-0.7148523992071221,-0.13809013366698863
2005-07-26,25.030000686645508,25.350000381469727,24.920000076293945,25.145000457763672,19.290451049804688,0.5225825426809534,0.5800450423482761,0.11124801635742188
2005-07-27,25.184999465942383,25.30500030517578,24.940000534057617,25.040000915527344,19.20989418029785,0.24470485032870182,-0.41759971966882636,-0.08055686950683594
2005-07-28,25.104999542236328,25.4950008392334,25.104999542236328,25.38999938964844,19.478403091430664,-0.42136378912870515,1.397763613962022,0.2685089111328125
2005-07-29,25.165000915527344,25.26000022888184,24.84000015258789,24.924999237060547,19.27349090576172,-0.3333924593890476,-1.0519968434121507,-0.2049121856689453
2005-08-01,24.979999542236328,25.084999084472656,24.924999237060547,24.9950008392334,19.32761573791504,0.2083992221821765,0.2808252662580113,0.05412483215332031
2005-08-02,25.0,25.23500061035156,24.864999771118164,25.21500015258789,19.49773406982422,-0.10299135768994458,0.8801827096316828,0.1701183319091797
2005-08-03,25.149999618530277,25.31999969482422,25.024999618530277,25.2549991607666,19.52866554260254,-0.572171782968118,0.15864137169760983,0.030931472778320312
2005-08-04,25.149999618530277,25.28499984741211,24.82999992370605,25.225000381469727,19.50547409057617,0.609157502107283,-0.11875594866315176,-0.02319145202637074
2005-08-05,25.149999618530277,25.295000076293945,24.98500061035156,25.0,19.331485748291016,0.2042101112421928,-0.8919975053014118,-0.1739883422851527
2005-08-08,25.100000381469727,25.225000381469727,24.96500015258789,24.979999542236328,19.31602096557617,-0.25100661090270165,-0.07999790040046362,-0.015464782714847303
2005-08-09,25.049999237060547,25.350000381469727,24.979999542236328,25.049999237060547,19.37014579772949,-0.7927982924739257,0.28020694453467776,0.05412483215332031
2005-08-10,25.13500022888184,25.200000762939453,24.975000381469727,25.200000762939453,19.48613929748535,-0.26776305466263645,0.5988261573614873,0.11599349975586293
2005-08-11,25.145000457763672,25.364999771118164,24.93000030517578,25.315000534057617,19.575061798095703,0.3983055847947705,0.4563371905168756,0.08892250061035156
2005-08-12,25.25,25.31999969482422,24.934999465942383,25.065000534057617,19.38174819946289,-0.3836617906688519,-0.9875503874609448,-0.1933135986328125
2005-08-15,25.065000534057617,25.350000381469727,25.065000534057617,25.15999984741211,19.455202102661133,-0.21051187181619266,0.378984921495773,0.07345390319824219
2005-08-16,25.125,25.21500015258789,24.56999969482422,24.674999237060547,19.080171585083008,0.06317670959607519,-1.9276618952564273,-0.375030517578125
2005-08-17,24.75,24.75,24.424999237060547,24.434999465942383,18.89458656311035,0.09948233774260051,-0.9726590829914117,-0.18558502197265625
2005-08-18,24.43000030517578,24.600000381469727,24.30500030517578,24.5,18.944854736328125,-0.558208079834839,0.2660453725720435,0.05026817321777344
2005-08-19,24.600000381469727,24.81999969482422,24.540000915527344,24.565000534057617,18.9951171875,-0.7523035533874167,0.2653092455519923,0.050262451171875
2005-08-22,24.6200008392334,24.76499938964844,24.48500061035156,24.584999084472656,19.01058006286621,-0.951984508193306,0.0814044747056597,0.015462875366210938
2005-08-23,24.57999992370605,24.614999771118164,24.364999771118164,24.399999618530277,18.86752700805664,-0.911489769106797,-0.7524917931830966,-0.1430530548095703
2005-08-24,24.309999465942383,24.655000686645508,24.295000076293945,24.31999969482422,18.805673599243164,-0.7313579986874983,-0.32782997362115207,-0.06185340881347656
2005-08-25,24.325000762939453,24.489999771118164,24.26000022888184,24.34499931335449,18.82499885559082,-1.1139634645393421,0.10276290421435963,0.01932525634765625
2005-08-26,24.350000381469727,24.399999618530277,24.11000061035156,24.11000061035156,18.643291473388672,-0.8249148096804674,-0.9652451168579157,-0.18170738220214844
2005-08-29,24.0049991607666,24.450000762939453,23.899999618530277,24.450000762939453,18.90618705749512,-0.4828040829151326,1.4101350315833594,0.26289558410644887
2005-08-30,24.405000686645508,24.46999931335449,24.28499984741211,24.38999938964844,18.859798431396484,-0.7159979252408915,-0.24536214498229736,-0.046388626098636365
2005-08-31,24.149999618530277,24.864999771118164,24.149999618530277,24.864999771118164,19.227088928222656,0.0073218970629593035,1.9474783792743589,0.3672904968261719
2005-09-01,24.864999771118164,25.225000381469727,24.84499931335449,24.899999618530277,19.25415802001953,-0.6014955595480038,0.14078622040980537,0.027069091796875
2005-09-02,24.959999084472656,25.045000076293945,24.86000061035156,24.905000686645508,19.258026123046875,-0.8137438471738443,0.02008970230389373,0.00386810302734375
2005-09-06,25.0,25.26000022888184,24.98500061035156,25.09000015258789,19.40107727050781,-0.5637935610881506,0.7428131343623967,0.14305114746093395
2005-09-07,24.799999237060547,25.05500030517578,24.63500022888184,25.01000022888184,19.33921432495117,-0.5414516360749043,-0.31886345636424895,-0.061862945556640625
2005-09-08,24.905000686645508,25.5,24.75,24.96999931335449,19.30828857421875,-1.034370356679652,-0.15991213610223598,-0.030925750732418322
2005-09-09,24.924999237060547,24.940000534057617,24.57999992370605,24.795000076293945,19.172975540161133,-0.8165365878005,-0.7008028367583741,-0.1353130340576172
2005-09-12,24.725000381469727,25.125,24.725000381469727,25.03499984741211,19.358551025390625,-1.020406653546373,0.9679013298732553,0.1855754852294922
2005-09-13,24.934999465942383,24.940000534057617,24.46500015258789,24.51499938964844,18.956451416015625,-0.8891478440935506,-2.077116251353772,-0.402099609375
2005-09-14,24.5049991607666,24.545000076293945,24.0049991607666,24.065000534057617,18.608488082885746,-0.640593928321185,-1.835593199874408,-0.34796333312987926
2005-09-15,24.065000534057617,24.200000762939453,24.045000076293945,24.13999938964844,18.66648292541504,-0.8500494753203696,0.3116580039763228,0.05799484252929332
2005-09-16,24.200000762939453,24.30500030517578,24.114999771118164,24.299999237060547,18.79020500183105,0.8577114178796487,0.6628033621028928,0.12372207641601207
2005-09-19,24.25,24.520000457763672,24.23500061035156,24.299999237060547,18.79020500183105,-0.5177133407483301,0.0,0.0
2005-09-20,24.225000381469727,24.40999984741211,24.19499969482422,24.26499938964844,18.76313781738281,-0.21330461244284846,-0.14404943663789416,-0.027067184448242188
2005-09-21,24.21500015258789,24.2549991607666,23.565000534057617,23.825000762939453,18.42290496826172,-0.03596558265020551,-1.813304642499014,-0.3402328491210902
2005-09-22,23.825000762939453,23.96500015258789,23.55500030517578,23.774999618530277,18.384241104125977,1.38135028537761,-0.2098684447558674,-0.03866386413574219
2005-09-23,23.684999465942383,24.09499931335449,23.625,24.065000534057617,18.608488082885746,0.06317670959607519,1.2197782736293794,0.22424697875976918
2005-09-26,25.0,25.3700008392334,24.924999237060547,25.299999237060547,19.563459396362305,1.287793474384641,5.131912432772268,0.954971313476559
2005-09-27,25.200000762939453,25.315000534057617,24.95499992370605,24.95499992370605,19.29669761657715,0.4639349895211817,-1.3635716177822776,-0.26676177978515625
2005-09-28,25.0,25.0,24.649999618530277,24.84499931335449,19.21162414550781,-0.42415652975536094,-0.4408706233560711,-0.08507347106933949
2005-09-29,24.7450008392334,24.940000534057617,24.63500022888184,24.88999938964844,19.246421813964844,-0.9645518410132571,0.1811281971450196,0.0347976684570348
2005-09-30,24.940000534057617,25.09499931335449,24.825000762939453,24.905000686645508,19.258026123046875,-0.5009568969883953,0.060293332413663414,0.01160430908203125
2005-10-03,25.024999618530277,25.450000762939453,25.01000022888184,25.25,19.52480125427246,0.6189320943005783,1.3852672621849083,0.26677513122558594
2005-10-04,25.375,25.440000534057617,25.200000762939453,25.225000381469727,19.50547409057617,0.3061451441151293,-0.09898776148650201,-0.019327163696292615
2005-10-05,25.229999542236328,25.229999542236328,24.565000534057617,24.71999931335449,19.11496925354004,-0.0010563248170080799,-2.00202689369543,-0.39050483703612926
2005-10-06,24.71999931335449,24.96500015258789,24.524999618530277,24.825000762939453,19.196165084838867,-0.39483275317547506,0.4247761543419326,0.08119583129882812
2005-10-07,24.905000686645508,25.200000762939453,24.670000076293945,24.959999084472656,19.300556182861328,-0.4409129735152957,0.543812253963738,0.10439109802246094
2005-10-10,24.725000381469727,24.899999618530277,24.479999542236328,24.700000762939453,19.09950256347656,1.6438679042832547,-1.0416985784238775,-0.20105361938476918
2005-10-11,25.0,25.270000457763672,24.975000381469727,24.979999542236328,19.31602096557617,-0.5149206001216743,1.133633723601002,0.21651840209960938
2005-10-12,24.93000030517578,25.239999771118164,24.71500015258789,25.06999969482422,19.3856201171875,-0.15465705928307677,0.3603182650058656,0.06959915161133168
2005-10-13,25.100000381469727,25.545000076293945,25.049999237060547,25.46999931335449,19.69491195678711,0.6915433505936289,1.595470445257452,0.3092918395996094
2005-10-14,25.520000457763672,26.104999542236328,25.34000015258789,25.975000381469727,20.085411071777344,0.2516867018953413,1.9827411051495547,0.3904991149902344
2005-10-17,26.0,26.18000030517578,25.774999618530277,26.045000076293945,20.139543533325195,0.23632662844873445,0.2695113450972064,0.05413246154785156
2005-10-18,25.950000762939453,26.334999084472656,25.899999618530277,26.100000381469727,20.182069778442383,0.44857491607457484,0.21115793933867977,0.0425262451171875
2005-10-19,26.200000762939453,26.450000762939453,25.815000534057617,26.450000762939453,20.452713012695312,-0.626630225187906,1.3410083169072218,0.2706432342529297
2005-10-21,24.125,24.545000076293945,23.799999237060547,24.274999618530277,18.770870208740234,1.1635165164984582,-8.223079270271539,-1.6818428039550781
2005-10-24,24.149999618530277,24.440000534057617,24.114999771118164,24.325000762939453,18.80953598022461,1.5279691682770393,0.20598816706096645,0.038665771484375
2005-10-25,24.209999084472656,24.649999618530277,24.209999084472656,24.565000534057617,18.9951171875,0.73064171936681,0.9866336281261878,0.18558120727539062
2005-10-26,24.565000534057617,25.274999618530277,24.565000534057617,24.959999084472656,19.300556182861328,1.123021777411949,1.607986896560587,0.3054389953613281
2005-10-27,24.834999084472656,24.94499969482422,24.75,24.924999237060547,19.27349090576172,0.4122692879280495,-0.14023055523987304,-0.027065277099609375
2005-10-28,25.0,25.38500022888184,24.899999618530277,25.375,19.6214599609375,0.5393389864408882,1.8054282790657128,0.34796905517578125
2005-10-31,25.26499938964844,25.645000457763672,25.23500061035156,25.59499931335449,19.948810577392575,-0.21051187181619266,1.6683295590989022,0.3273506164550746
2005-11-01,25.75,25.799999237060547,25.13500022888184,25.655000686645508,19.99557304382324,-0.4800113422884768,0.23441230367717836,0.04676246643066406
2005-11-02,25.540000915527344,25.899999618530277,25.2549991607666,25.774999618530277,20.089096069335938,-0.5079387485550347,0.4677186560631652,0.09352302551269887
2005-11-03,25.674999237060547,26.23500061035156,25.61000061035156,26.23500061035156,20.44761848449707,0.8507295663130092,1.7846617584172053,0.3585224151611328
2005-11-04,26.225000381469727,26.325000762939453,25.899999618530277,26.09000015258789,20.334613800048828,-0.5093351188683627,-0.552654503672001,-0.11300468444824219
2005-11-07,26.149999618530277,26.540000915527344,26.125,26.424999237060547,20.595712661743164,-0.2398356483960785,1.2840119033571629,0.26109886169433594
2005-11-08,26.325000762939453,26.375,25.725000381469727,26.299999237060547,20.49828720092773,-0.6629358533344314,-0.47303758027467113,-0.09742546081543324
2005-11-09,26.30500030517578,26.40999984741211,25.915000915527344,26.0,20.26446533203125,-0.10578409831660036,-1.1406897883931455,-0.23382186889648082
2005-11-10,26.024999618530277,26.475000381469727,25.575000762939453,26.475000381469727,20.63468360900879,-0.12533328270319094,1.8269333580311686,0.37021827697753906
2005-11-11,26.450000762939453,26.524999618530277,26.075000762939453,26.450000762939453,20.61519241333008,-1.0315776160529961,-0.09445841791437815,-0.019491195678707385
2005-11-14,26.325000762939453,26.575000762939453,26.31999969482422,26.4950008392334,20.6502685546875,-0.9477953972533224,0.17014704812912118,0.03507614135741832
2005-11-15,26.549999237060547,26.549999237060547,26.174999237060547,26.36000061035156,20.5450439453125,-0.7886091815339421,-0.5095556461957695,-0.105224609375
2005-11-16,26.21500015258789,26.479999542236328,26.075000762939453,26.40999984741211,20.58401679992676,-0.626630225187906,0.18969467633167536,0.038972854614261365
2005-11-17,26.46999931335449,27.21500015258789,26.399999618530277,26.68000030517578,20.79445457458496,-0.3319960890757197,1.0223358089124224,0.21043777465819957
2005-11-18,26.75,26.809999465942383,26.375,26.809999465942383,20.89578056335449,-0.5805500048480854,0.4872740874548809,0.1013259887695277
2005-11-21,26.7549991607666,26.98500061035156,26.575000762939453,26.8799991607666,20.950334548950195,-0.2915013499892107,0.26107656246820987,0.05455398559570668
2005-11-22,26.549999237060547,26.854999542236328,26.549999237060547,26.70499992370605,20.813940048217773,-0.5470371173282159,-0.6510373398273761,-0.13639450073242188
2005-11-23,26.5,26.815000534057617,26.5,26.709999084472656,20.81782913208008,-0.8821659925269112,0.018684995984896702,0.00388908386230824
2005-11-25,26.600000381469727,27.06999969482422,26.600000381469727,27.01000022888184,21.05166244506836,-1.2145021270989507,1.123235816302981,0.2338333129882777
2005-11-28,27.174999237060547,27.229999542236328,26.3799991607666,26.3799991607666,20.560646057128903,-0.28172675779591544,-2.3324352137067628,-0.4910163879394567
2005-11-29,26.38500022888184,27.450000762939453,26.38500022888184,27.290000915527344,21.269895553588867,1.3981067291375449,3.4495486887390348,0.7092494964599645
2005-11-30,27.350000381469727,27.450000762939453,27.020000457763672,27.424999237060547,21.375110626220703,-0.0387583232768613,0.4946666163298641,0.10521507263183594
2005-12-01,27.32999992370605,27.5,27.239999771118164,27.274999618530277,21.258211135864254,-0.24681749996271798,-0.5468953700433654,-0.11689949035644887
2005-12-02,27.299999237060547,27.4950008392334,27.200000762939453,27.350000381469727,21.316659927368164,-0.558208079834839,0.27494689525076055,0.0584487915039098
2005-12-05,27.299999237060547,27.725000381469727,27.26000022888184,27.5,21.433563232421875,1.6787771621164522,0.5484128632348373,0.11690330505371094
2005-12-06,27.5,27.739999771118164,27.295000076293945,27.34000015258789,21.308862686157227,0.14556255808242113,-0.5818003516840253,-0.12470054626464844
2005-12-07,27.524999618530277,27.524999618530277,27.11000061035156,27.200000762939453,21.199745178222656,-0.4995605266750674,-0.5120757008090115,-0.10911750793457031
2005-12-08,27.149999618530277,27.38999938964844,26.88500022888184,27.125,21.14129066467285,-0.6154592626812828,-0.2757321517706357,-0.05845451354980469
2005-12-09,27.125,27.46999931335449,26.95499992370605,27.2450008392334,21.23482322692871,0.6287066864938735,0.44241651912082514,0.09353256225585938
2005-12-12,27.26000022888184,27.4950008392334,27.239999771118164,27.44499969482422,21.39070701599121,-0.5623971907748228,0.7340950635502219,0.1558837890625
2005-12-13,27.45499992370605,27.5,27.125,27.190000534057617,21.191951751708984,0.37736003009485203,-0.9291664091964913,-0.19875526428222656
2005-12-14,27.149999618530277,27.31999969482422,26.975000381469727,27.145000457763672,21.156877517700195,-0.327806978135736,-0.16550733231053272,-0.03507423400878906
2005-12-15,27.13999938964844,27.174999237060547,26.5049991607666,26.770000457763672,20.864606857299805,-0.3780763094155403,-1.381445159645478,-0.2922706604003906
2005-12-16,26.895000457763672,26.895000457763672,26.200000762939453,26.299999237060547,20.49828720092773,1.1397782211718839,-1.7556988199080803,-0.36631965637207387
2005-12-19,26.174999237060547,26.55500030517578,26.100000381469727,26.299999237060547,20.49828720092773,-0.5219024516883137,0.0,0.0
2005-12-20,26.184999465942383,26.415000915527344,26.01499938964844,26.354999542236328,20.541149139404297,-0.3319960890757197,0.2091000972736179,0.04286193847656605
2005-12-21,26.479999542236328,26.575000762939453,26.0,26.274999618530277,20.47879409790039,0.23911936907539025,-0.303561602521496,-0.06235504150390625
2005-12-22,26.26499938964844,26.46999931335449,26.0,26.200000762939453,20.42034339904785,2.534752164186453,-0.2854206091096545,-0.05845069885253906
2005-12-23,26.1299991607666,26.575000762939453,26.0,26.53499984741211,20.681442260742188,-0.9310389534933876,1.2786213071544594,0.26109886169433594
2005-12-27,26.48500061035156,26.854999542236328,26.34499931335449,26.424999237060547,20.595712661743164,-0.4297420110086725,-0.4145242769734492,-0.08572959899902344
2005-12-28,26.59000015258789,26.59000015258789,26.299999237060547,26.524999618530277,20.67365455627441,-0.8416712534404022,0.37843747294079577,0.07794189453124645
2005-12-29,26.524999618530277,26.684999465942383,26.325000762939453,26.3799991607666,20.560646057128903,-0.7327543690008262,-0.5466304897273733,-0.11300849914550781
2005-12-30,26.350000381469727,26.5,26.075000762939453,26.100000381469727,20.3424015045166,-0.6768995564677103,-1.0614673877751502,-0.21824455261230113
2006-01-03,26.184999465942383,26.25,25.854999542236328,26.25,20.459318161010746,0.24330848001537392,0.5747436283183527,0.11691665649414418
2006-01-04,26.25,26.82999992370605,26.03499984741211,26.76000022888184,20.856809616088867,0.528168023934265,1.942838231215438,0.39749145507812145
2006-01-05,26.5,27.01000022888184,26.479999542236328,26.73500061035156,20.837326049804688,-0.3794726797288682,-0.09341585143084474,-0.019483566284179688
2006-01-06,26.559999465942383,27.030000686645508,26.5,26.795000076293945,20.884092330932617,-0.5833427454747412,0.22443513633252365,0.04676628112792969
2006-01-09,26.795000076293945,27.149999618530277,26.795000076293945,26.9950008392334,21.03997039794922,-0.5386588954482485,0.746396178232378,0.15587806701660156
2006-01-10,26.940000534057617,27.375,26.875,27.184999465942383,21.18805694580078,-0.5358661548215927,0.7038343925901858,0.1480865478515625
2006-01-11,26.934999465942383,27.309999465942383,26.934999465942383,27.21500015258789,21.2114372253418,-0.4339311219486562,0.11034650133716628,0.023380279541019178
2006-01-12,27.149999618530277,27.34000015258789,27.114999771118164,27.18000030517578,21.184158325195312,-0.7648708862073679,-0.12860467613150517,-0.027278900146487928
2006-01-13,27.18000030517578,27.25,26.975000381469727,27.075000762939453,21.10232162475586,-0.8835623628402391,-0.38631084220193124,-0.08183670043945312
2006-01-17,27.020000457763672,27.23500061035156,26.895000457763672,26.905000686645508,20.969823837280277,-0.7564926643274005,-0.6278825137426836,-0.13249778747558238
2006-01-18,26.84499931335449,27.11000061035156,26.7549991607666,27.01000022888184,21.05166244506836,-0.8654095487669764,0.3902684563452885,0.08183860778808238
2006-01-19,27.11000061035156,27.34000015258789,27.020000457763672,27.07999992370605,21.10622215270996,-0.7118088143009077,0.2591705419178636,0.05455970764160156
2006-01-20,27.125,27.600000381469727,27.07999992370605,27.530000686645508,21.456945419311523,-0.5232988220016416,1.6617055580291584,0.3507232666015625
2006-01-23,27.540000915527344,27.540000915527344,26.81999969482422,27.030000686645508,21.06724548339844,-0.3487525328356545,-1.816194841798624,-0.3896999359130824
2006-01-24,26.950000762939453,27.399999618530277,26.950000762939453,27.38999938964844,21.34783744812012,-0.9031115472268296,1.3318872889329203,0.2805919647216797
2006-01-25,27.395000457763672,27.57999992370605,27.274999618530277,27.5,21.433563232421875,-0.5707754126547901,0.4015665966638826,0.08572578430175426
2006-01-26,27.5,27.700000762939453,27.31999969482422,27.674999237060547,21.56995964050293,-0.3487525328356545,0.6363683285041999,0.1363964080810547
2006-01-27,27.725000381469727,27.774999618530277,27.38999938964844,27.38999938964844,21.34783744812012,-0.8751841409602718,-1.0297756513448442,-0.22212219238280895
2006-01-30,27.290000915527344,27.76499938964844,27.290000915527344,27.350000381469727,21.47345542907715,-0.41996741881537725,0.5884342208540172,0.1256179809570277
2006-01-31,27.299999237060547,28.21999931335449,27.25,28.21999931335449,22.156518936157227,-0.24542112964939009,3.1809668887995635,0.6830635070800781
2006-02-01,28.125,28.25,27.795000076293945,28.174999237060547,22.12118911743164,-0.42834564069534464,-0.15945563843935417,-0.03532981872558594
2006-02-02,28.225000381469727,28.434999465942383,28.01499938964844,28.059999465942383,22.030902862548828,0.17348996434897906,-0.4081437684182454,-0.0902862548828125
2006-02-03,27.5,27.725000381469727,27.350000381469727,27.68000030517578,21.73254776000977,-0.639197558007857,-1.3542572648996831,-0.29835510253905895
2006-02-06,27.68000030517578,28.030000686645508,27.530000686645508,27.975000381469727,21.96416473388672,-0.8668059190803044,1.065760795442272,0.23161697387694957
2006-02-07,27.88999938964844,27.88999938964844,27.155000686645508,27.2549991607666,21.398868560791016,-0.8695986597069602,-2.5737203301136824,-0.5652961730957031
2006-02-08,27.200000762939453,27.45499992370605,27.145000457763672,27.45499992370605,21.555892944335938,-0.9813082847731919,0.7337975982180556,0.15702438354492188
2006-02-09,27.34000015258789,27.7549991607666,27.290000915527344,27.51000022888184,21.59907913208008,-0.9631554706999292,0.20034515784461693,0.04318618774414418
2006-02-10,28.01000022888184,28.725000381469727,27.799999237060547,28.479999542236328,22.360658645629883,1.1453637024251955,3.5259814036176396,0.7615795135498011
2006-02-13,28.415000915527344,28.415000915527344,27.03499984741211,27.209999084472656,21.3635368347168,0.32569432850171987,-4.459268515813408,-0.9971218109130824
2006-02-14,27.174999237060547,27.725000381469727,27.165000915527344,27.440000534057617,21.544116973876957,0.12740974400915847,0.8452726744510919,0.18058013916015625
2006-02-15,27.3799991607666,27.649999618530277,27.149999618530277,27.440000534057617,21.544116973876957,0.391323733228131,0.0,0.0
2006-02-16,27.375,27.420000076293945,26.88500022888184,27.125,21.29680061340332,-0.25798846246934115,-1.1479531083753214,-0.24731636047363637
2006-02-17,26.95499992370605,27.325000762939453,26.690000534057617,27.13500022888184,21.304649353027344,0.44578217544791904,0.03685407853744049,0.007848739624023438
2006-02-21,26.98500061035156,27.1299991607666,26.854999542236328,26.975000381469727,21.17902374267578,-0.4855968235417884,-0.5896628865835418,-0.1256256103515625
2006-02-22,26.950000762939453,27.084999084472656,26.76499938964844,26.959999084472656,21.16724967956543,0.4974478770410512,-0.055593039855872384,-0.011774063110351562
2006-02-23,26.975000381469727,27.0049991607666,26.709999084472656,26.815000534057617,21.05340385437012,-0.4660476391551978,-0.537839478055635,-0.11384582519530895
2006-02-24,26.8799991607666,26.959999084472656,26.71999931335449,26.88999938964844,21.112293243408203,-0.639197558007857,0.27971433714675253,0.058889389038082385
2006-02-27,26.809999465942383,26.920000076293945,26.625,26.655000686645508,20.927791595458984,-0.16024254053638837,-0.8739062394693908,-0.18450164794921875
2006-02-28,26.70499992370605,26.73500061035156,26.225000381469727,26.524999618530277,20.82571792602539,-0.2956904609291944,-0.48774219185048207,-0.10207366943359375
2006-03-01,26.614999771118164,26.94499969482422,26.524999618530277,26.920000076293945,21.13583755493164,-0.5791536345347575,1.4891185504759985,0.31011962890625
2006-03-02,26.934999465942383,27.084999084472656,26.86000061035156,26.95499992370605,21.16332244873047,-0.5973064486080202,0.1300392933442751,0.027484893798828125
2006-03-03,26.88999938964844,27.100000381469727,26.649999618530277,26.709999084472656,20.9709587097168,-0.20213364993622526,-0.908948675141541,-0.19236373901366832
2006-03-06,26.739999771118164,26.850000381469727,26.350000381469727,26.5,20.806095123291016,-0.5791536345347575,-0.7861518813128798,-0.1648635864257848
2006-03-07,26.5,26.76000022888184,26.239999771118164,26.645000457763672,20.91993522644043,-0.1281260233298467,0.5471478548705555,0.11384010314941406
2006-03-08,26.61000061035156,26.854999542236328,26.5,26.795000076293945,21.03770637512207,-0.3794726797288682,0.5629613447980075,0.11777114868164062
2006-03-09,26.700000762939453,27.0,26.68000030517578,26.790000915527344,21.03377342224121,0.29637055192183404,-0.01869477979553613,-0.003932952880859375
2006-03-10,26.850000381469727,27.149999618530277,26.850000381469727,27.149999618530277,21.316425323486328,-0.6978451111676288,1.343800256715899,0.2826519012451172
2006-03-13,27.084999084472656,27.375,27.020000457763672,27.104999542236328,21.28109359741211,-0.573568153281446,-0.1657488323583478,-0.03533172607421875
2006-03-14,27.100000381469727,27.315000534057617,26.9950008392334,27.145000457763672,21.312501907348636,0.5183934317409696,0.14758785676478592,0.03140830993652699
2006-03-15,27.200000762939453,27.395000457763672,26.96500015258789,27.200000762939453,21.355684280395508,-0.5651899314014786,0.20261522196969306,0.04318237304687145
2006-03-16,27.309999465942383,27.665000915527344,27.239999771118164,27.350000381469727,21.47345542907715,-0.6866741486610056,0.5514744792783466,0.11777114868164062
2006-03-17,27.475000381469727,27.600000381469727,27.290000915527344,27.5,21.59122467041016,-0.4842004532284605,0.5484410355938385,0.11776924133301137
2006-03-20,27.5,27.655000686645508,27.225000381469727,27.6200008392334,21.685441970825195,-0.013623657636959155,0.43636848698145325,0.09421730041503551
2006-03-21,27.56999969482422,27.625,27.170000076293945,27.36000061035156,21.48130798339844,-0.450687565708591,-0.9413411435256314,-0.20413398742675426
2006-03-22,27.30500030517578,27.450000762939453,27.09000015258789,27.420000076293945,21.52841567993164,-0.26636668434930855,0.21929622055418818,0.04710769653319957
2006-03-23,27.420000076293945,27.459999084472656,27.21500015258789,27.34499931335449,21.46953392028809,-1.0525231707529146,-0.2735071661517541,-0.058881759643551135
2006-03-24,27.38999938964844,27.475000381469727,27.18000030517578,27.229999542236328,21.379234313964844,-0.6755031861543824,-0.4205941622138165,-0.09029960632324574
2006-03-27,27.165000915527344,27.38999938964844,26.95499992370605,27.100000381469727,21.27717018127441,-0.9994610988464545,-0.47739844744469906,-0.10206413269043324
2006-03-28,27.030000686645508,27.100000381469727,26.76000022888184,26.795000076293945,21.03770637512207,-0.7844200705939584,-1.1254495034451861,-0.2394638061523402
2006-03-29,26.7549991607666,27.375,26.7549991607666,27.34000015258789,21.465606689453125,0.6133466130472667,2.0339684692864735,0.4279003143310547
2006-03-30,27.295000076293945,27.56999969482422,27.075000762939453,27.424999237060547,21.532339096069336,0.3983055847947705,0.31088059881856367,0.06673240661621094
2006-03-31,27.3700008392334,27.670000076293945,27.30500030517578,27.625,21.689363479614254,-0.327806978135736,0.7292490743543212,0.15702438354491832
2006-04-03,27.625,27.665000915527344,26.915000915527344,27.075000762939453,21.257545471191406,0.03524930332951725,-1.990920613362912,-0.431818008422848
2006-04-04,27.125,27.600000381469727,26.979999542236328,27.5049991607666,21.59514808654785,-0.03596558265020551,1.5881542665119541,0.3376026153564453
2006-04-05,27.399999618530277,27.524999618530277,26.65999984741211,26.78499984741211,21.02984619140625,-0.2901049796758828,-2.6177264118588894,-0.5653018951416016
2006-04-06,26.78499984741211,27.084999084472656,26.549999237060547,26.780000686645508,21.025928497314453,-0.6629358533344314,-0.01862920943948021,-0.003917694091796875
2006-04-07,26.780000686645508,27.26499938964844,26.59499931335449,26.790000915527344,21.03377342224121,-0.7914019221605979,0.03731071818189324,0.007844924926757812
2006-04-10,26.71500015258789,26.725000381469727,26.19499969482422,26.26000022888184,20.61765480041504,0.42344025043467265,-1.9783355723807738,-0.4161186218261719
2006-04-11,26.209999084472656,26.5,26.18000030517578,26.23500061035156,20.598031997680664,-0.7118088143009077,-0.09517475641303008,-0.019622802734375
2006-04-12,26.165000915527344,26.45499992370605,26.165000915527344,26.3799991607666,20.71188163757324,-1.060901392632882,0.5527209585138637,0.11384963989257457
2006-04-13,26.334999084472656,26.440000534057617,26.15999984741211,26.375,20.707948684692383,-1.154458203625851,-0.018988872907232945,-0.003932952880855822
2006-04-17,26.5,27.11000061035156,26.25,26.450000762939453,20.766830444335938,-0.5931173376680365,0.28434375871850825,0.05888175964355469
2006-04-18,26.475000381469727,26.7450008392334,26.165000915527344,26.5,20.806095123291016,0.23493025813540655,0.18907400944176977,0.039264678955078125
2006-04-19,26.5,27.09499931335449,26.45499992370605,26.899999618530277,21.12014579772949,-0.6042883001746596,1.5094167001424186,0.314050674438473
2006-04-20,26.950000762939453,27.09000015258789,26.549999237060547,26.725000381469727,20.982749938964844,-0.9017151769135018,-0.6505440827942355,-0.13739585876464488
2006-04-21,25.850000381469727,26.565000534057617,25.51000022888184,26.149999618530277,20.531295776367188,1.3757648041242985,-2.1515490767933576,-0.45145416259765625
2006-04-24,26.200000762939453,26.23500061035156,25.88500022888184,25.905000686645508,20.33893585205078,-0.382265420355524,-0.936910784451439,-0.19235992431640625
2006-04-25,25.854999542236328,26.325000762939453,25.690000534057617,26.239999771118164,20.601951599121094,-0.11276594988323986,1.293163757354554,0.2630157470703125
2006-04-26,26.15999984741211,26.51000022888184,26.024999618530277,26.125,20.6692008972168,0.5714555036474298,0.32642197887007285,0.06724929809570668
2006-04-27,26.075000762939453,26.415000915527344,25.799999237060547,26.125,20.6692008972168,-0.10578409831660036,0.0,0.0
2006-04-28,26.100000381469727,26.36000061035156,26.024999618530277,26.20499992370605,20.73249053955078,0.5756446145874135,0.3062026570292087,0.06328964233398082
2006-05-01,26.20499992370605,26.475000381469727,26.18000030517578,26.270000457763672,20.78392601013184,0.018492859569582482,0.24809113252908244,0.05143547058105824
2006-05-02,26.270000457763672,26.545000076293945,26.075000762939453,26.38999938964844,20.878862380981445,-0.2928977203025386,0.45677785228510626,0.09493637084960582
2006-05-03,26.350000381469727,26.71999931335449,26.26000022888184,26.524999618530277,20.985671997070312,-0.3319960890757197,0.5115681790506033,0.10680961608886719
2006-05-04,26.459999084472656,26.875,26.30500030517578,26.709999084472656,21.13203239440918,-0.30546505312248967,0.6974301197469446,0.1463603973388672
2006-05-05,26.71500015258789,27.084999084472656,26.520000457763672,26.98500061035156,21.34960556030273,-0.9156788800467808,1.029589401685338,0.21757316589355113
2006-05-08,27.020000457763672,27.350000381469727,26.924999237060547,27.18000030517578,21.50387954711914,-0.612666522054627,0.7226081361580983,0.1542739868164098
2006-05-09,27.100000381469727,27.190000534057617,26.795000076293945,27.09000015258789,21.43267059326172,-0.6727104455277266,-0.33114468345765147,-0.07120895385742188
2006-05-10,27.059999465942383,27.13500022888184,26.81999969482422,26.940000534057617,21.31400680541992,-0.8542385862603532,-0.5536584315307236,-0.11866378784180043
2006-05-11,26.899999618530277,26.899999618530277,26.57999992370605,26.604999542236328,21.0489559173584,-0.5163169704350021,-1.2435526106434391,-0.2650508880615199
2006-05-12,26.5,26.825000762939453,26.11000061035156,26.45499992370605,20.93028259277344,-0.2412320187094064,-0.5637967272623334,-0.11867332458495738
2006-05-15,26.45499992370605,26.7450008392334,26.05500030517578,26.350000381469727,20.84721946716309,0.05200574708945201,-0.39685620699182467,-0.08306312561035156
2006-05-16,26.31999969482422,26.405000686645508,26.225000381469727,26.334999084472656,20.83534812927246,-0.4325347516353283,-0.05694446642789952,-0.011871337890628553
2006-05-17,26.28499984741211,26.364999771118164,25.95499992370605,26.13999938964844,20.681066513061523,-0.654557631454464,-0.7404801458257393,-0.1542816162109375
2006-05-18,26.184999465942383,26.31999969482422,25.899999618530277,26.0,20.5703067779541,-0.600099189234676,-0.5355610410008094,-0.11075973510742188
2006-05-19,26.030000686645508,26.274999618530277,25.88500022888184,26.100000381469727,20.64942169189453,-0.5959100782946922,0.3846073604756306,0.07911491394042969
2006-05-22,26.03499984741211,26.315000534057617,25.674999237060547,26.145000457763672,20.68502426147461,0.8381622334930581,0.17241436642292385,0.035602569580078125
2006-05-23,26.149999618530277,26.174999237060547,25.6200008392334,25.80500030517578,20.416030883789062,0.5630772817674624,-1.300425729674104,-0.2689933776855469
2006-05-24,25.75,25.98500061035156,25.200000762939453,25.850000381469727,20.45163345336914,0.9931593382724547,0.17438536306459973,0.035602569580078125
2006-05-25,25.915000915527344,26.0,25.625,25.80500030517578,20.416030883789062,-0.4897859344817721,-0.17408178990325762,-0.035602569580078125
2006-05-26,25.815000534057617,26.100000381469727,25.80500030517578,25.864999771118164,20.463502883911133,-0.7425289611941215,0.232523159826159,0.04747200012207031
2006-05-30,25.850000381469727,26.075000762939453,25.68000030517578,25.78499984741211,20.400209426879883,-0.600099189234676,-0.3092992308810105,-0.06329345703125
2006-05-31,25.809999465942383,26.34000015258789,25.674999237060547,26.299999237060547,20.80765724182129,0.73064171936681,1.997272706448494,0.40744781494140625
2006-06-01,26.25,26.40999984741211,26.05500030517578,26.274999618530277,20.78787612915039,0.3843418816614915,-0.09506650576279752,-0.019781112670898438
2006-06-02,26.32999992370605,26.375,25.8799991607666,26.315000534057617,20.819520950317383,0.5505099489475113,0.15222729330495177,0.03164482116699219
2006-06-05,26.315000534057617,26.549999237060547,26.145000457763672,26.30500030517578,20.811616897583008,1.357611990051036,-0.037964623457176216,-0.007904052734375
2006-06-06,26.270000457763672,26.51000022888184,26.045000076293945,26.209999084472656,20.73645401000977,0.14276981745576534,-0.3611583277893571,-0.07516288757323863
2006-06-07,26.190000534057617,26.51000022888184,26.190000534057617,26.30500030517578,20.811616897583008,-0.07506395142338664,0.362467409022571,0.07516288757323863
2006-06-08,25.950000762939453,26.149999618530277,25.354999542236328,26.030000686645508,20.594039916992188,0.5225825426809534,-1.0454592820036468,-0.2175769805908203
2006-06-09,26.049999237060547,26.170000076293945,25.71500015258789,25.875,20.47141456604004,-0.5484334876415438,-0.5954409695543506,-0.12262535095214844
2006-06-12,25.864999771118164,25.9950008392334,25.434999465942383,25.6299991607666,20.277576446533203,-0.40181460474211456,-0.946872131779275,-0.19383811950683594
2006-06-13,25.59499931335449,25.82999992370605,25.01000022888184,25.225000381469727,19.9571533203125,0.08551863460932155,-1.5801845307577889,-0.3204231262207031
2006-06-14,25.149999618530277,25.479999542236328,24.95499992370605,25.100000381469727,19.85826301574707,0.09529322680261683,-0.4955130773324212,-0.09889030456542969
2006-06-15,25.09499931335449,25.625,24.88999938964844,25.420000076293945,20.111433029174805,0.3843418816614915,1.2748849847893373,0.2531700134277344
2006-06-16,25.44499969482422,25.549999237060547,25.040000915527344,25.34000015258789,20.048145294189453,-0.3319960890757197,-0.31468535779396456,-0.06328773498535156
2006-06-19,25.399999618530277,25.475000381469727,24.934999465942383,25.049999237060547,19.81869888305664,-0.12533328270319094,-1.144476996579391,-0.2294464111328125
2006-06-20,25.03499984741211,25.274999618530277,24.80500030517578,25.084999084472656,19.84638977050781,-0.4520839360219189,0.13972101606953835,0.027690887451168322
2006-06-21,25.03499984741211,25.354999542236328,24.950000762939453,25.280000686645508,20.00066566467285,0.31731610662175247,0.7773499157730956,0.15427589416504262
2006-06-22,25.25,25.34000015258789,24.95499992370605,25.01000022888184,19.78705596923828,0.2586685534619808,-1.0680129302489627,-0.2136096954345703
2006-06-23,25.0049991607666,25.40999984741211,24.834999084472656,25.2549991607666,19.98089027404785,-0.27195216560262014,0.9796015390612478,0.1938343048095703
2006-06-26,25.325000762939453,25.729999542236328,25.274999618530277,25.6200008392334,20.269662857055664,0.26844314565527605,1.4452438257112288,0.2887725830078125
2006-06-27,25.625,25.81999969482422,25.375,25.375,20.07583236694336,0.16650811278233957,-0.956259072877641,-0.1938304901123047
2006-06-28,25.5,25.565000534057617,25.299999237060547,25.549999237060547,20.21428108215332,-0.586135486101397,0.6896287669642565,0.13844871520996094
2006-06-29,25.674999237060547,26.209999084472656,25.674999237060547,26.190000534057617,20.720626831054688,0.5560954302008229,2.5048912046068628,0.5063457489013672
2006-07-03,25.18000030517578,25.63500022888184,25.075000762939453,25.450000762939453,20.135162353515625,3.312530428710092,-2.825515281524238,-0.5854644775390625
2006-07-05,25.200000762939453,25.315000534057617,24.934999465942383,25.23500061035156,19.965059280395508,1.669002569923157,-0.8448060667880175,-0.1701030731201172
2006-07-06,25.674999237060547,25.674999237060547,25.07999992370605,25.239999771118164,19.96902084350586,1.748595677782847,0.019842481080134533,0.0039615631103515625
2006-07-07,25.13999938964844,25.2549991607666,24.565000534057617,24.625,19.48245048522949,0.44717854576124694,-2.436626022325017,-0.48657035827637074
2006-07-10,24.63999938964844,25.3700008392334,24.63999938964844,25.07999992370605,19.842432022094727,1.1411745914852118,1.847722067294133,0.3599815368652379
2006-07-11,24.979999542236328,25.239999771118164,24.604999542236328,25.20499992370605,19.941329956054688,0.9582500804392573,0.4984163929594887,0.09889793395996094
2006-07-12,25.104999542236328,25.209999084472656,24.375,24.38500022888184,19.29258155822754,0.2181738143754718,-3.2532855093256763,-0.6487483978271484
2006-07-13,24.26000022888184,24.31999969482422,23.76499938964844,23.809999465942383,18.8376579284668,0.8632968991329603,-2.358023618496674,-0.45492362976073863
2006-07-14,23.71999931335449,24.155000686645508,23.43000030517578,23.8799991607666,18.893041610717773,1.0476177804922426,0.29400513833133246,0.05538368225097301
2006-07-17,23.8799991607666,23.934999465942383,23.59000015258789,23.645000457763672,18.707111358642575,0.41925113949468895,-0.9841202698125828,-0.18593025207519887
2006-07-18,23.770000457763672,24.26499938964844,23.5049991607666,23.899999618530277,18.90885734558105,0.9191517116660761,1.0784454268257138,0.20174598693847656
2006-07-19,23.825000762939453,24.795000076293945,23.825000762939453,24.614999771118164,19.47453498840332,0.28938870035519454,2.991601409243616,0.5656776428222692
2006-07-20,25.325000762939453,25.799999237060547,24.75,24.864999771118164,19.672334671020508,2.6660109736392754,1.015683726132477,0.1977996826171875
2006-07-21,24.549999237060547,24.57999992370605,23.93000030517578,24.354999542236328,19.26884078979492,1.5279691682770393,-2.0510726762898113,-0.4034938812255895
2006-07-24,24.575000762939453,25.225000381469727,24.575000762939453,25.170000076293945,19.91363906860352,1.2570733274914272,3.346326257208454,0.6447982788086009
2006-07-25,25.25,25.68000030517578,24.96500015258789,25.450000762939453,20.135162353515625,0.9694210429458805,1.1124199055177586,0.22152328491210582
2006-07-26,25.325000762939453,25.45499992370605,24.825000762939453,25.23500061035156,19.965059280395508,0.6496522411937921,-0.8448060667880175,-0.1701030731201172
2006-07-27,25.36000061035156,25.549999237060547,24.96999931335449,25.174999237060547,19.917598724365234,0.31731610662175247,-0.23771808219410495,-0.04746055603027344
2006-07-28,25.489999771118164,25.950000762939453,25.459999084472656,25.809999465942383,20.60000991821289,0.6510486115071199,3.42617201647335,0.6824111938476562
2006-07-31,25.75,25.959999084472656,25.649999618530277,25.75,20.55211639404297,0.6384812786871689,-0.23249272383882857,-0.047893524169921875
2006-08-01,25.674999237060547,25.774999618530277,25.19499969482422,25.459999084472656,20.32065200805664,0.3955128441681147,-1.1262313892569153,-0.23146438598632812
2006-08-02,25.540000915527344,25.96999931335449,25.475000381469727,25.600000381469727,20.432395935058597,-0.07506395142338664,0.5499032558485384,0.11174392700195668
2006-08-03,25.549999237060547,26.1299991607666,25.520000457763672,25.94499969482422,20.70775985717773,0.09250048617596103,1.347682978512843,0.2753639221191335
2006-08-04,26.174999237060547,26.3700008392334,25.51000022888184,26.09499931335449,20.827472686767575,0.9359081554260109,0.5781061322688075,0.11971282958984375
2006-08-07,25.98500061035156,25.9950008392334,25.59499931335449,25.795000076293945,20.58803367614746,-0.20771913118953686,-1.1496306547660873,-0.23943901062011363
2006-08-08,25.76499938964844,25.825000762939453,25.440000534057617,25.545000076293945,20.38849258422852,0.9163589710394203,-0.9692090806618592,-0.19954109191894176
2006-08-09,25.545000076293945,25.75,25.290000915527344,25.354999542236328,20.236846923828125,1.0573923726855379,-0.7437806388771451,-0.15164566040039418
2006-08-10,25.125,25.475000381469727,25.049999237060547,25.295000076293945,20.188966751098636,0.28799233004186664,-0.23659897665733176,-0.047880172729488635
2006-08-11,25.184999465942383,25.34000015258789,24.934999465942383,25.26499938964844,20.165016174316406,-0.11695506082322354,-0.11863200864862256,-0.023950576782230115
2006-08-14,25.299999237060547,25.604999542236328,25.145000457763672,25.229999542236328,20.137081146240234,-0.3920400125488193,-0.13853213820751442,-0.027935028076171875
2006-08-15,25.475000381469727,25.770000457763672,25.31999969482422,25.770000457763672,20.56808090209961,0.03524930332951725,2.1403288427421785,0.430999755859375
2006-08-16,25.875,26.364999771118164,25.799999237060547,26.299999237060547,20.9910945892334,0.6524449818204477,2.0566512216052546,0.42301368713378906
2006-08-17,26.25,26.375,26.0,26.075000762939453,20.811511993408203,-0.4744258610351652,-0.8555180153268727,-0.1795825958251953
2006-08-18,26.20499992370605,26.23500061035156,25.709999084472656,26.05500030517578,20.79554748535156,-0.573568153281446,-0.07670998657713923,-0.015964508056644178
2006-08-21,25.950000762939453,26.065000534057617,25.6200008392334,25.73500061035156,20.540143966674805,-0.5554153392081833,-1.2281644369144917,-0.25540351867675426
2006-08-22,25.665000915527344,25.854999542236328,25.584999084472656,25.809999465942383,20.60000991821289,-0.6908632596009893,0.29145828595560364,0.05986595153808594
2006-08-23,25.649999618530277,25.905000686645508,25.26499938964844,25.5049991607666,20.35657119750977,0.70411068341358,-1.1817407936677404,-0.24343872070312145
2006-08-24,25.5,25.625,25.059999465942383,25.3700008392334,20.24882125854492,-0.27474490622927594,-0.529312809703586,-0.10774993896485086
2006-08-25,25.274999618530277,25.549999237060547,25.13999938964844,25.209999084472656,20.12112236022949,-0.28172675779591544,-0.6306485532412975,-0.1276988983154297
2006-08-28,25.209999084472656,25.825000762939453,25.200000762939453,25.670000076293945,20.488265991210938,0.10087870805592841,1.8246677516713827,0.36714363098144887
2006-08-29,25.725000381469727,26.1299991607666,25.600000381469727,25.96500015258789,20.72372436523437,0.512807950487658,1.1492352457960209,0.23545837402343395
2006-08-30,26.06999969482422,26.325000762939453,25.88500022888184,25.950000762939453,20.711750030517575,0.3871346222881473,-0.0577808047712014,-0.011974334716796875
2006-08-31,25.975000381469727,26.075000762939453,25.70499992370605,25.75,20.55211639404297,0.5924010583473482,-0.7707394896104613,-0.15963363647460582
2006-09-01,25.850000381469727,26.030000686645508,25.700000762939453,25.7549991607666,20.556102752685547,-0.07227121079673084,0.01939634131176149,0.003986358642578125
2006-09-05,25.690000534057617,26.1200008392334,25.65999984741211,25.905000686645508,20.675830841064453,-0.31523964531578497,0.5824454655601663,0.11972808837890625
2006-09-06,25.780000686645508,25.780000686645508,25.3799991607666,25.395000457763672,20.268775939941406,-0.02060550920359864,-1.9687474919488634,-0.4070549011230469
2006-09-07,25.25,25.45499992370605,25.024999618530277,25.024999618530277,19.973468780517575,0.43042210200131215,-1.4569560603899245,-0.2953071594238317
2006-09-08,24.899999618530277,25.190000534057617,24.674999237060547,24.9950008392334,19.949520111083984,0.9345117851126831,-0.11990240501915661,-0.023948669433590197
2006-09-11,24.875,25.149999618530277,24.71999931335449,24.96500015258789,19.92557907104492,-0.17420624366966733,-0.12000809997311235,-0.023941040039066053
2006-09-12,25.049999237060547,25.530000686645508,25.01499938964844,25.424999237060547,20.29272079467773,-0.06947847017007504,1.8425648876941647,0.3671417236328125
2006-09-13,25.334999084472656,25.75,25.25,25.6200008392334,20.44835662841797,0.3745672894681963,0.7669539994905827,0.15563583374023793
2006-09-14,25.524999618530277,25.524999618530277,25.049999237060547,25.40999984741211,20.28075408935547,0.19722825967555332,-0.8196381846626077,-0.1676025390625
2006-09-15,25.475000381469727,25.479999542236328,25.07999992370605,25.07999992370605,20.01736068725586,2.0516080357750006,-1.2987357419705248,-0.2633934020996094
2006-09-18,24.9950008392334,25.174999237060547,24.790000915527344,25.07999992370605,20.01736068725586,-0.25938483278266905,0.0,0.0
2006-09-19,25.155000686645508,25.184999465942383,24.450000762939453,25.0,19.95351791381836,0.09948233774260051,-0.3189370188955265,-0.0638427734375
2006-09-20,25.174999237060547,25.34499931335449,24.989999771118164,25.325000762939453,20.21290397644043,1.613147757390041,1.2999515360769376,0.2593860626220703
2006-09-21,25.424999237060547,25.424999237060547,24.895000457763672,25.149999618530277,20.07323837280273,0.9750065241991921,-0.6909724787714233,-0.13966560363769887
2006-09-22,25.049999237060547,25.15999984741211,24.614999771118164,24.795000076293945,19.789894104003903,1.0141048929723733,-1.4115523541170738,-0.2833442687988281
2006-09-25,24.875,25.3799991607666,24.670000076293945,25.295000076293945,20.188966751098636,0.8744678616395835,2.0165476631529566,0.39907264709473367
2006-09-26,25.350000381469727,25.895000457763672,25.30500030517578,25.88500022888184,20.65986442565918,1.1635165164984582,2.3324505922766914,0.4708976745605433
2006-09-27,25.799999237060547,26.075000762939453,25.6299991607666,25.7450008392334,20.54812431335449,1.3045499181445759,-0.5408559804773505,-0.11174011230469105
2006-09-28,25.739999771118164,26.049999237060547,25.5,25.975000381469727,20.731698989868164,0.5421317270675439,0.8933889717338772,0.18357467651367543
2006-09-29,25.875,25.9950008392334,25.440000534057617,25.440000534057617,20.3046932220459,1.3129281400245432,-2.05967570738389,-0.4270057678222656
2006-10-02,25.28499984741211,25.575000762939453,25.059999465942383,25.11000061035156,20.041305541992188,0.9163589710394203,-1.2971763580635454,-0.26338768005371094
2006-10-03,25.024999618530277,25.375,24.69499969482422,25.030000686645508,19.977449417114254,2.8992048159650343,-0.3186225804708065,-0.06385612487793324
2006-10-04,24.9950008392334,25.825000762939453,24.96500015258789,25.76000022888184,20.560094833374023,0.9498718585592899,2.9165155375672214,0.5826454162597692
2006-10-05,25.68000030517578,26.200000762939453,25.584999084472656,26.1200008392334,20.847427368164062,0.3578108457082615,1.3975253378871955,0.28733253479003906
2006-10-06,26.020000457763672,26.375,25.899999618530277,26.21999931335449,20.92724609375,0.27542499722191555,0.38287086543746796,0.0798187255859375
2006-10-09,26.059999465942383,26.559999465942383,26.0,26.45499992370605,21.11480140686035,0.1511480393357327,0.8962254864789188,0.18755531311035156
2006-10-10,26.45499992370605,26.625,26.209999084472656,26.549999237060547,21.190624237060547,-0.06947847017007504,0.3590980030508728,0.07582283020019531
2006-10-11,26.48500061035156,26.924999237060547,26.46999931335449,26.815000534057617,21.402137756347656,0.8632968991329603,0.9981467130033339,0.21151351928710938
2006-10-12,27.084999084472656,27.28499984741211,26.76499938964844,27.114999771118164,21.64157485961914,1.247298735298132,1.1187532105313647,0.23943710327148438
2006-10-13,27.149999618530277,27.565000534057617,27.024999618530277,27.46500015258789,21.92093086242676,0.3829455113481636,1.2908302867037147,0.27935600280762074
2006-10-16,27.549999237060547,27.76000022888184,27.350000381469727,27.475000381469727,21.92891502380371,-0.20213364993622526,0.03642254714024684,0.007984161376949572
2006-10-17,27.30500030517578,27.524999618530277,27.0,27.475000381469727,21.92891502380371,0.13439159557579794,0.0,0.0
2006-10-18,27.5,27.59499931335449,27.26499938964844,27.51000022888184,21.956846237182617,0.9247371929193877,0.1273716157346838,0.02793121337890625
2006-10-19,27.575000762939453,28.375,27.31999969482422,28.05500030517578,22.391830444335938,1.7430101965295355,1.9810869122756758,0.4349842071533203
2006-10-20,28.1200008392334,28.1200008392334,27.5049991607666,28.024999618530277,22.367883682250977,1.1020762227120307,-0.10694419174211989,-0.023946762084960938
2006-10-23,27.979999542236328,28.375,27.71500015258789,27.8799991607666,22.25215148925781,1.071356075818817,-0.5174034103414105,-0.11573219299316762
2006-10-24,27.709999084472656,27.950000762939453,27.38500022888184,27.69499969482422,22.104490280151367,0.568662763020774,-0.6635817178295089,-0.14766120910644176
2006-10-25,27.625,27.95499992370605,27.4950008392334,27.905000686645508,22.27210998535156,0.7124889052935474,0.7583061318120699,0.16761970520019176
2006-10-26,28.0,28.0,27.559999465942383,27.905000686645508,22.27210998535156,0.04642026583614042,0.0,0.0
2006-10-27,27.75,27.920000076293945,27.440000534057617,27.565000534057617,22.00074577331543,0.5798337255273971,-1.2184036995803504,-0.27136421203612926
2006-10-30,27.350000381469727,27.7450008392334,27.149999618530277,27.625,22.22601890563965,-0.2412320187094064,1.0239340731687863,0.22527313232421875
2006-10-31,27.59499931335449,27.690000534057617,27.325000762939453,27.45499992370605,22.08923721313477,0.22236292531545546,-0.6154124725871291,-0.13678169250487926
2006-11-01,27.489999771118164,27.51499938964844,26.8799991607666,26.93000030517578,21.666845321655277,0.9331154147993551,-1.9122067792740616,-0.4223918914794922
2006-11-02,27.600000381469727,27.725000381469727,27.290000915527344,27.530000686645508,22.149585723876957,1.8072432309426187,2.2280142542910886,0.4827404022216797
2006-11-03,27.56999969482422,27.979999542236328,27.34000015258789,27.905000686645508,22.45129776000977,2.2764236562207922,1.3621565653373358,0.3017120361328125
2006-11-06,27.9950008392334,28.26000022888184,27.76000022888184,28.174999237060547,22.66852188110352,0.9764028945125199,0.9675348098614922,0.21722412109375
2006-11-07,28.0,28.524999618530277,28.0,28.334999084472656,22.797260284423828,1.3687829525576591,0.5679170613573481,0.12873840332030895
2006-11-08,28.334999084472656,28.725000381469727,27.98500061035156,28.645000457763672,23.04667282104492,1.3171172509645268,1.094046098124779,0.2494125366210902
2006-11-09,28.670000076293945,28.70499992370605,28.03499984741211,28.295000076293945,22.765071868896484,0.6831651287136615,-1.2218724773638168,-0.28160095214843395
2006-11-10,28.23500061035156,28.575000762939453,28.20499992370605,28.530000686645508,22.954145431518555,0.2516867018953413,0.8305423488708552,0.1890735626220703
2006-11-13,28.475000381469727,29.36000061035156,28.399999618530277,29.170000076293945,23.469066619873047,2.7539823033789332,2.2432601112975847,0.5149211883544922
2006-11-14,29.295000076293945,29.96999931335449,29.03499984741211,29.940000534057617,24.088584899902344,3.1379841395441046,2.639722704202918,0.6195182800292969
2006-11-15,29.975000381469727,30.06999969482422,29.770000457763672,30.045000076293945,24.173059463500977,1.8323778965825208,0.3506829643570075,0.08447456359863281
2006-11-16,29.9950008392334,30.024999618530277,29.71500015258789,29.979999542236328,24.120759963989254,0.28799233004186664,-0.21635448996718543,-0.0522994995117223
2006-11-17,29.979999542236328,30.34499931335449,29.65999984741211,30.25,24.33799171447754,0.3717745488415405,0.9006007721672038,0.2172317504882848
2006-11-20,30.2549991607666,30.3700008392334,30.030000686645508,30.30500030517578,24.38224220275879,1.2640551790580667,0.1818165146918238,0.04425048828125
2006-11-21,30.30500030517578,30.364999771118164,29.975000381469727,30.274999618530277,24.35810089111328,0.3438471425749825,-0.09901186053666855,-0.024141311645507812
2006-11-22,30.38999938964844,30.46999931335449,29.975000381469727,30.18000030517578,24.281681060791016,0.9554573398126015,-0.3137347639041388,-0.07641983032226562
2006-11-24,29.850000381469727,30.450000762939453,29.850000381469727,30.225000381469727,24.3178825378418,-0.5107314891816905,0.14908966541546942,0.0362014770507848
2006-11-27,30.049999237060547,30.200000762939453,29.70499992370605,30.0049991607666,24.1408748626709,1.8463415997158,-0.7278909867890593,-0.177007675170902
2006-11-28,29.8799991607666,30.20499992370605,29.709999084472656,30.174999237060547,24.27764892578125,0.8591077881929766,0.566566306682792,0.13677406311035156
2006-11-29,30.280000686645508,30.5,30.100000381469727,30.43000030517578,24.482818603515625,-0.006641806070319669,0.8450969793722507,0.205169677734375
2006-11-30,30.0,30.63500022888184,30.0,30.6299991607666,24.643726348876957,1.123021777411949,0.6572272088730235,0.16090774536133168
2006-12-01,30.545000076293945,30.545000076293945,29.95499992370605,30.25,24.33799171447754,1.2836043634446572,-1.240618525263526,-0.3057346343994176
2006-12-04,30.350000381469727,31.125,30.270000457763672,30.8799991607666,24.844873428344727,1.9231419669488343,2.0826768281200003,0.5068817138671875
2006-12-05,30.88500022888184,31.145000457763672,30.65999984741211,30.71500015258789,24.71211051940918,0.5309607645609208,-0.5343674191717995,-0.13276290893554688
2006-12-06,30.600000381469727,30.670000076293945,30.21999931335449,30.290000915527344,24.37018203735352,1.1467600727385234,-1.383647429818291,-0.3419284820556605
2006-12-07,30.26000022888184,30.489999771118164,30.065000534057617,30.190000534057617,24.28971672058105,0.5114115801743302,-0.3301793833510702,-0.08046531677246804
2006-12-08,30.065000534057617,30.209999084472656,29.795000076293945,30.01499938964844,24.148923873901367,0.4583495082678701,-0.579639722847769,-0.14079284667968395
2006-12-11,30.05500030517578,30.13999938964844,29.774999618530277,29.850000381469727,24.016159057617188,1.4679252448039397,-0.549775290101695,-0.1327648162841797
2006-12-12,29.799999237060547,29.899999618530277,29.479999542236328,29.649999618530277,23.855260848999023,0.9805920054525037,-0.6699581237455732,-0.16089820861816406
2006-12-13,29.875,29.989999771118164,29.670000076293945,29.875,24.036283493041992,0.29637055192183404,0.7588374119605001,0.18102264404296875
2006-12-14,29.93000030517578,30.149999618530277,29.88999938964844,30.049999237060547,24.177078247070312,0.058987598656091496,0.5857592504643128,0.1407947540283203
2006-12-15,30.09000015258789,30.209999084472656,29.8799991607666,29.88500022888184,24.04432678222656,1.7262537527696007,-0.5490798494637739,-0.13275146484375355
2006-12-18,29.96999931335449,30.0,29.20499992370605,29.28499984741211,23.56159782409668,0.8311803819264186,-2.007662607907612,-0.48272895812987926
2006-12-19,29.149999618530277,29.479999542236328,28.920000076293945,29.38500022888184,23.642051696777344,1.6271114605233201,0.34146187063079925,0.08045387268066406
2006-12-20,29.475000381469727,29.709999084472656,29.299999237060547,29.61000061035156,23.823074340820312,2.19822691867443,0.7656807723994685,0.18102264404296875
2006-12-21,29.725000381469727,29.895000457763672,29.25,29.399999618530277,23.654111862182617,0.42064750980801685,-0.7092387666699285,-0.1689624786376953
2006-12-22,29.38500022888184,29.424999237060547,29.040000915527344,29.125,23.432863235473636,-0.22307920463614372,-0.9353495409088031,-0.22124862670898082
2006-12-26,29.024999618530277,29.670000076293945,29.024999618530277,29.604999542236328,23.819055557250977,-0.31244690468912917,1.6480799546199076,0.3861923217773402
2006-12-27,29.80500030517578,30.200000762939453,29.75,30.200000762939453,24.29776763916016,0.1106533002492237,2.0097861594829514,0.47871208190918324
2006-12-28,30.125,30.239999771118164,29.934999465942383,29.934999465942383,24.084550857543945,0.12322063306917477,-0.8775159297868096,-0.2132167816162145
2006-12-29,29.934999465942383,30.065000534057617,29.38500022888184,29.520000457763672,23.75066375732422,0.1497516690224048,-1.3863123385385645,-0.33388710021972656
2007-01-03,29.75,30.350000381469727,29.48500061035156,29.75,23.935718536376957,1.3590083603643637,0.7791562414573461,0.18505477905273793
2007-01-04,29.674999237060547,29.8799991607666,29.174999237060547,29.68000030517578,23.8794002532959,1.1411745914852118,-0.2352897114639263,-0.05631828308105824
2007-01-05,29.55500030517578,29.55500030517578,28.8799991607666,29.100000381469727,23.412750244140625,0.5323571348742486,-1.9541948466267112,-0.46665000915527344
2007-01-08,29.0049991607666,29.2450008392334,28.725000381469727,29.21500015258789,23.50527000427246,0.43461121294129584,0.39516827013943434,0.09251976013183594
2007-01-09,29.26499938964844,29.295000076293945,28.7450008392334,29.280000686645508,23.557573318481445,0.2572721831486529,0.22251739375671598,0.052303314208984375
2007-01-10,29.049999237060547,29.31999969482422,29.024999618530277,29.309999465942383,23.58170890808105,-0.31523964531578497,0.10245363252534556,0.024135589599605822
2007-01-11,29.30500030517578,29.959999084472656,29.225000381469727,29.90999984741211,24.06444358825684,0.33127980975503146,2.0470725088560515,0.48273468017578836
2007-01-12,29.88500022888184,30.21999931335449,29.864999771118164,30.184999465942383,24.28569793701172,-0.46325489852854207,0.9194243280274739,0.22125434875487926
2007-01-16,30.475000381469727,31.0,30.30500030517578,30.524999618530277,24.55924797058105,1.2542805868647715,1.1263832494286197,0.2735500335693324
2007-01-17,30.399999618530277,30.575000762939453,30.30500030517578,30.44499969482422,24.494876861572266,0.4960515067277233,-0.26210537507457277,-0.06437110900878551
2007-01-18,30.354999542236328,30.424999237060547,29.95499992370605,30.059999465942383,24.18511962890625,0.6482558708804641,-1.2645796687060118,-0.3097572326660156
2007-01-19,29.875,30.5,29.71500015258789,30.350000381469727,24.418445587158203,0.44298943482126324,0.9647500687698818,0.23332595825195312
2007-01-22,30.46999931335449,30.46999931335449,29.84499931335449,29.93000030517578,24.08053207397461,-0.26776305466263645,-1.3838453065223133,-0.33791351318359375
2007-01-23,30.0,30.850000381469727,29.98500061035156,30.655000686645508,24.663841247558597,0.7110925349802195,2.4223267650070213,0.5833091735839879
2007-01-24,30.850000381469727,30.899999618530277,30.239999771118164,30.395000457763672,24.45466041564941,2.3727732078404173,-0.8481275475688221,-0.2091808319091868
2007-01-25,30.36000061035156,30.57999992370605,30.229999542236328,30.44499969482422,24.494876861572266,1.0476177804922426,0.1644530949901135,0.040216445922855115
2007-01-26,30.524999618530277,30.690000534057617,30.25,30.5,24.539138793945312,1.95246574352872,0.18069873395643032,0.044261932373046875
2007-01-29,30.395000457763672,30.88999938964844,30.34499931335449,30.68000030517578,24.863300323486328,2.350431282827171,1.3209979871869004,0.3241615295410156
2007-01-30,30.774999618530277,30.809999465942383,30.55500030517578,30.625,24.818723678588867,-0.1281260233298467,-0.17928691813835496,-0.04457664489746094
2007-01-31,30.540000915527344,30.78499984741211,30.30500030517578,30.5049991607666,24.721473693847656,1.166309257125114,-0.3918412002189675,-0.09724998474121094
2007-02-01,30.649999618530277,30.989999771118164,30.649999618530277,30.75,24.920026779174805,1.0350504476722917,0.8031603932113551,0.19855308532714844
2007-02-02,30.875,30.924999237060547,30.690000534057617,30.809999465942383,24.968650817871094,0.48348417390777226,0.1951203308373728,0.04862403869628906
2007-02-05,30.809999465942383,30.864999771118164,30.5,30.614999771118164,24.81062126159668,0.3689818082148847,-0.632911875884401,-0.15802955627441406
2007-02-06,30.655000686645508,30.850000381469727,30.434999465942383,30.56999969482422,24.774152755737305,1.0615814836255217,-0.14698747554469094,-0.036468505859375
2007-02-07,30.584999084472656,30.59499931335449,30.32999992370605,30.420000076293945,24.652589797973636,1.2095967368382787,-0.4906846218404648,-0.12156295776366832
2007-02-08,30.299999237060547,30.76000022888184,30.149999618530277,30.625,24.818723678588867,0.23911936907539025,0.6739003162616442,0.16613388061523082
2007-02-12,33.040000915527344,33.099998474121094,32.415000915527344,32.80500030517578,26.585411071777344,3.230144580223746,7.118365215180655,1.7666873931884766
2007-02-13,32.61000061035156,32.974998474121094,32.404998779296875,32.88999938964844,26.654298782348636,2.0837245529815425,0.25911847059767457,0.06888771057129262
2007-02-14,32.880001068115234,33.29499816894531,32.69499969482422,33.150001525878906,26.8650016784668,1.924538337262162,0.790502492069689,0.21070289611816406
2007-02-15,33.04499816894531,33.04499816894531,32.5,32.529998779296875,26.3625545501709,1.382746655690938,-1.87026650625014,-0.502447128295902
2007-02-16,32.525001525878906,32.7400016784668,32.14500045776367,32.63999938964844,26.451698303222656,1.1970294040183278,0.3381453526520195,0.08914375305175781
2007-02-20,32.58000183105469,32.935001373291016,32.48500061035156,32.92499923706055,26.68266487121582,1.3520265087977243,0.8731634745925643,0.23096656799316406
2007-02-21,32.849998474121094,32.97999954223633,32.599998474121094,32.775001525878906,26.56110191345215,1.9594475950953596,-0.4555877696264532,-0.12156295776367188
2007-02-22,32.67499923706055,32.95000076293945,32.4900016784668,32.67499923706055,26.48005485534668,2.0934991451748375,-0.30513439679406007,-0.08104705810546875
2007-02-23,32.63999938964844,33.525001525878906,32.540000915527344,33.39500045776367,27.063549041748047,2.5068247579198952,2.2035233294977585,0.5834941864013672
2007-02-26,33.525001525878906,33.875,33.2599983215332,33.540000915527344,27.181062698364254,1.5642747964235646,0.4342137700969362,0.11751365661620738
2007-02-28,32.58000183105469,33.17499923706055,32.29499816894531,32.89500045776367,26.65835189819336,2.9801942941380526,-1.9230697709341271,-0.5227108001708949
2007-03-01,32.5,33.27000045776367,32.25,33.150001525878906,26.8650016784668,3.5513097522891623,0.7751783796035916,0.20664978027344105
2007-03-02,33.099998474121094,33.349998474121094,32.849998474121094,32.88999938964844,26.654298782348636,4.3751682371526215,-0.7843025607813359,-0.21070289611816406
2007-03-05,32.56999969482422,33.02000045776367,32.41999816894531,32.724998474121094,26.52057266235352,1.6243187198966642,-0.5017056388805674,-0.1337261199951172
2007-03-06,33.040000915527344,33.275001525878906,32.875,33.0,26.74344062805176,1.951069373215392,0.840358798189178,0.2228679656982422
2007-03-07,32.939998626708984,33.30500030517578,32.814998626708984,33.06999969482422,26.800172805786133,3.1826679895705974,0.21213492505847142,0.05673217773437145
2007-03-08,33.375,33.67499923706055,33.084999084472656,33.17499923706055,26.8852596282959,1.9440875216487528,0.3174860965500681,0.08508682250976562
2007-03-09,33.45000076293945,33.57500076293945,33.0,33.220001220703125,26.921735763549805,-0.019209138890270743,0.13567336063780022,0.03647613525390625
2007-03-12,33.220001220703125,33.724998474121094,32.85499954223633,33.61000061035156,27.23778343200684,0.47650232234113277,1.1739498197027132,0.3160476684570348
2007-03-13,33.435001373291016,33.53499984741211,32.529998779296875,32.564998626708984,26.390914916992188,2.362998615647122,-3.1091682519933106,-0.846868515014652
2007-03-14,32.494998931884766,33.005001068115234,32.25,32.875,26.64214324951172,0.9093771194727809,0.9519500680810866,0.25122833251953125
2007-03-15,32.92499923706055,33.16999816894531,32.7599983215332,33.04999923706055,26.78396224975586,-0.08344217330335402,0.5323107788887782,0.14181900024414062
2007-03-16,33.04499816894531,33.189998626708984,32.70500183105469,32.81999969482422,26.597562789916992,2.0934991451748375,-0.6959368375026975,-0.1863994598388672
2007-03-19,32.96500015258789,33.220001220703125,32.8650016784668,33.1349983215332,26.852842330932617,-0.2887086093625549,0.959785462419882,0.255279541015625
2007-03-20,33.060001373291016,33.36000061035156,33.060001373291016,33.25,26.946044921875,-0.40321097505544246,0.34708650128638663,0.09320259094238281
2007-03-21,33.33000183105469,34.17499923706055,33.224998474121094,34.09000015258789,27.62678337097168,0.6203284646139061,2.5263019158112243,0.6807384490966797
2007-03-22,34.130001068115234,34.130001068115234,33.494998931884766,33.70000076293945,27.310733795166016,1.276622511878018,-1.1439970102988806,-0.31604957580566406
2007-03-23,33.834999084472656,34.279998779296875,33.650001525878906,34.255001068115234,27.76050567626953,0.47650232234113277,1.6468685333644428,0.4497718811035156
2007-03-26,34.125,34.125,33.68000030517578,34.119998931884766,27.65108871459961,0.41506202855470525,-0.3941461403689561,-0.10941696166992188
2007-03-27,34.08000183105469,34.09000015258789,33.59000015258789,33.720001220703125,27.32694435119629,1.695533605876387,-1.1722661872339724,-0.3241443634033203
2007-03-28,33.6150016784668,33.880001068115234,33.334999084472656,33.68000030517578,27.29451942443848,-0.21609735306950426,-0.1186555157470015,-0.03242492675780895
2007-03-29,33.8650016784668,34.16999816894531,33.21500015258789,33.630001068115234,27.25399398803711,0.7208671271735148,-0.14847462881169005,-0.04052543640137074
2007-03-30,33.724998474121094,33.875,33.19499969482422,33.46500015258789,27.120275497436523,0.20281374092886492,-0.4906381452174702,-0.13371849060058594
2007-04-02,33.599998474121094,33.67499923706055,33.34000015258789,33.6150016784668,27.241840362548828,-0.24402475933606219,0.4482434742368202,0.12156486511230469
2007-04-03,33.744998931884766,34.23500061035156,33.69499969482422,33.95000076293945,27.513324737548828,0.5030333582943628,0.9965713453531144,0.271484375
2007-04-04,33.875,34.29499816894531,33.834999084472656,34.16999816894531,27.691614151000977,-0.4660476391551978,0.648011155150674,0.17828941345214844
2007-04-05,34.22999954223633,34.380001068115234,34.084999084472656,34.29999923706055,27.796968460083008,-0.4688403797818536,0.38045564446889113,0.10535430908203125
2007-04-09,34.275001525878906,34.375,34.025001525878906,34.17499923706055,27.6956787109375,-0.2928977203025386,-0.3643913518517783,-0.10128974914550781
2007-04-10,34.10499954223633,34.404998779296875,34.08000183105469,34.224998474121094,27.736181259155277,-0.08483854361668192,0.14624139975230044,0.04050254821777699
2007-04-11,34.29999923706055,34.310001373291016,33.68000030517578,33.935001373291016,27.50117301940918,0.019889229882910378,-0.8472984710846787,-0.2350082397460973
2007-04-12,33.810001373291016,34.57500076293945,33.755001068115234,34.540000915527344,27.99147605895996,0.9917629679591268,1.7828440961581649,0.49030303955078125
2007-04-13,34.529998779296875,34.9900016784668,34.39500045776367,34.67499923706055,28.100868225097656,-0.2915013499892107,0.39080527910453355,0.10939216613769531
2007-04-16,34.875,35.22999954223633,34.83000183105469,35.150001525878906,28.48583221435547,-0.14907157802976517,1.3699362815914329,0.3849639892578125
2007-04-17,35.20500183105469,35.25,34.86000061035156,35.06999969482422,28.42098617553711,0.004529156436303508,-0.22764312564362843,-0.06484603881835938
2007-04-18,34.900001525878906,35.005001068115234,34.400001525878906,34.5,27.959060668945312,0.5505099489475113,-1.6252972495000573,-0.4619255065917969
2007-04-20,37.744998931884766,38.4900016784668,37.10499954223633,37.560001373291016,30.43889808654785,3.8990059603078087,8.869530514510249,2.479837417602539
2007-04-23,37.005001068115234,37.84000015258789,36.810001373291016,37.505001068115234,30.39432907104492,2.727451267425703,-0.14642125144020968,-0.04456901550293324
2007-04-24,37.67499923706055,37.79499816894531,37.060001373291016,37.775001525878906,30.61313819885254,0.8074420865998444,0.7199011608256534,0.21880912780762074
2007-04-25,38.07500076293945,38.209999084472656,37.59000015258789,38.0,30.79547882080078,1.0350504476722917,0.5956286505611308,0.1823406219482422
2007-04-26,37.95000076293945,38.10499954223633,37.56499862670898,37.89500045776367,30.71038055419922,0.42064750980801685,-0.27633363681971446,-0.0850982666015625
2007-04-27,37.755001068115234,38.290000915527344,37.48500061035156,37.900001525878906,30.714452743530277,0.6063647614806272,0.013259976781698768,0.00407218933105824
2007-04-30,37.79999923706055,37.79999923706055,36.56499862670898,36.625,29.88618850708008,1.3492337681710684,-2.6966595933396897,-0.8282642364501953
2007-05-01,36.790000915527344,37.48500061035156,36.540000915527344,37.22999954223633,30.379871368408203,0.9680246726325525,1.6518762879755178,0.49368286132812145
2007-05-02,37.35499954223633,37.775001525878906,36.810001373291016,37.35499954223633,30.48186683654785,1.560085685483581,0.33573370638333433,0.10199546813964844
2007-05-03,37.34999847412109,37.5,37.02999877929688,37.33000183105469,30.46147346496582,-0.01083091701030336,-0.06690328939296109,-0.02039337158203125
2007-05-04,37.32500076293945,37.494998931884766,37.095001220703125,37.494998931884766,30.596118927001957,1.0224831148523406,0.442018874073824,0.13464546203613637
2007-05-07,37.5,37.720001220703125,37.27000045776367,37.48500061035156,30.587974548339844,1.2528842165514436,-0.026618992694937837,-0.008144378662112928
2007-05-08,37.22499847412109,37.5,36.834999084472656,37.4900016784668,30.592044830322266,0.9596464507525851,0.013306804528645522,0.004070281982421875
2007-05-09,37.29999923706055,37.720001220703125,37.1150016784668,37.63999938964844,30.714427947998047,0.3997019551080984,0.40004883084663323,0.12238311767578125
2007-05-10,37.119998931884766,37.119998931884766,35.9900016784668,36.02999877929688,29.400665283203125,2.331580283597244,-4.277347007794596,-1.3137626647949219
2007-05-11,36.209999084472656,37.290000915527344,36.18999862670898,37.209999084472656,30.363555908203125,1.5942967581601144,3.2750640698940625,0.962890625
2007-05-14,37.2599983215332,37.470001220703125,36.59000015258789,36.72999954223633,29.97186851501465,0.9596464507525851,-1.289991838810478,-0.39168739318847656
2007-05-15,36.77000045776367,37.22999954223633,36.2400016784668,36.41999816894531,29.718908309936523,2.1074628483081166,-0.8439921086381474,-0.252960205078125
2007-05-16,36.63999938964844,36.79999923706055,36.150001525878906,36.650001525878906,29.906591415405277,0.8032529756598606,0.6315275901504158,0.18768310546875355
2007-05-17,36.630001068115234,37.09999847412109,36.27999877929688,36.720001220703125,29.963712692260746,2.06208081312496,0.19099895425074287,0.05712127685546875
2007-05-18,36.880001068115234,37.0,36.540000915527344,36.810001373291016,30.037155151367188,0.731339904523474,0.24510466997440528,0.07344245910644176
2007-05-21,36.70000076293945,37.34000015258789,36.59999847412109,36.84000015258789,30.0616397857666,0.9603446359092491,0.08151449188855686,0.024484634399414062
2007-05-22,37.09000015258789,37.5,36.79999923706055,37.36000061035156,30.485952377319336,0.5044297286076908,1.4114752042023948,0.4243125915527344
2007-05-23,37.61000061035156,37.79999923706055,37.18000030517578,37.27000045776367,30.41251373291016,1.7269519379262648,-0.2408933908320754,-0.07343864440917613
2007-05-24,37.310001373291016,37.400001525878906,36.58000183105469,36.86000061035156,30.077953338623047,1.4972490213838257,-1.1000747824573165,-0.3345603942871129
2007-05-25,37.060001373291016,37.61000061035156,37.060001373291016,37.09999847412109,30.2737979888916,0.30265421833180955,0.6511235922993075,0.1958446502685547
2007-05-29,37.16999816894531,37.54999923706055,37.0099983215332,37.27999877929688,30.420654296875,0.1595262612157001,0.48509376998975284,0.14685630798339844
2007-05-30,37.36000061035156,37.77999877929688,37.09000015258789,37.65999984741211,30.73076820373535,0.29078507066852244,1.019418924504234,0.31011390686035156
2007-05-31,37.880001068115234,38.310001373291016,37.5099983215332,37.560001373291016,30.64915657043457,1.1132471852186538,-0.26556977931603276,-0.08161163330078125
2007-06-01,37.810001373291016,38.150001525878906,37.75,38.04999923706055,31.04899787902832,3.4458837936329063,1.304575242306849,0.39984130859375
2007-06-04,37.959999084472656,38.29999923706055,37.59000015258789,38.04999923706055,31.04899787902832,0.11484241118920739,0.0,0.0
2007-06-05,37.810001373291016,38.11000061035156,37.5099983215332,37.88999938964844,30.918434143066406,0.1525444096490606,-0.42050869554827175,-0.13056373596191406
2007-06-06,37.7400016784668,37.88999938964844,37.2400016784668,37.45000076293945,30.55939483642578,0.3319779949116954,-1.1612467338393384,-0.359039306640625
2007-06-07,37.34000015258789,37.65999984741211,36.68999862670898,36.79999923706055,30.02899169921875,0.4890696551610838,-1.7356467300681189,-0.5304031372070312
2007-06-08,36.650001525878906,37.119998931884766,36.5099983215332,36.97999954223633,30.175861358642575,-0.17001713272968363,0.4890928769601288,0.14686965942382457
2007-06-11,36.79999923706055,37.5099983215332,36.09999847412109,36.7400016784668,29.980037689208984,0.14905348386574085,-0.6489414406641414,-0.1958236694335902
2007-06-12,36.45000076293945,36.7400016784668,35.72999954223633,35.97999954223633,29.359865188598636,0.812329382696492,-2.0686181486475386,-0.620172500610348
2007-06-13,36.09999847412109,36.7400016784668,35.86000061035156,36.459999084472656,29.751554489135746,0.19722825967555332,1.3340977488180528,0.3916893005371094
2007-06-14,36.619998931884766,37.43999862670898,36.5,37.20000076293945,30.35540199279785,0.31661792146508855,2.029633456237079,0.6038475036621058
2007-06-15,38.09999847412109,38.16999816894531,37.56999969482422,37.91999816894531,30.94290351867676,2.7993643385620897,1.9354101323326267,0.5875015258789098
2007-06-18,37.93999862670898,38.0,37.060001373291016,37.09000015258789,30.2656364440918,0.017096489256254583,-2.188763811955041,-0.6772670745849609
2007-06-19,36.869998931884766,37.130001068115234,36.220001220703125,37.060001373291016,30.241159439086918,0.5044297286076908,-0.08087391471214289,-0.024477005004882812
2007-06-20,37.22999954223633,37.22999954223633,36.0,36.09999847412109,29.45779037475586,0.8619005288196324,-2.5904068457062834,-0.7833690643310582
2007-06-21,35.91999816894531,36.290000915527344,35.47999954223633,36.20000076293945,29.539390563964844,0.0017364158096477144,0.2770071623529269,0.08160018920898438
2007-06-22,36.13999938964844,36.13999938964844,35.47999954223633,35.810001373291016,29.221139907836918,2.3825478000337124,-1.0773771904291074,-0.31825065612792613
2007-06-25,35.689998626708984,35.91999816894531,35.060001373291016,35.36000061035156,28.85393524169922,0.9114716749427727,-1.2566404572027512,-0.36720466613769887
2007-06-26,35.61000061035156,35.849998474121094,35.02000045776367,35.459999084472656,28.935550689697266,1.4113722471141599,0.28285725088930125,0.08161544799804688
2007-06-27,35.25,36.0,35.0,35.939998626708984,29.327226638793945,0.3871346222881473,1.3536149814357579,0.3916759490966797
2007-06-28,36.09999847412109,36.560001373291016,35.91999816894531,36.119998931884766,29.474103927612305,-0.07296939595339479,0.500822292633929,0.14687728881835938
2007-06-29,36.369998931884766,36.77999877929688,35.43000030517578,35.560001373291016,29.017148971557617,0.6021756505406435,-1.5503608088543008,-0.4569549560546875
2007-07-02,35.86000061035156,36.90999984741211,35.81999969482422,36.59999847412109,29.86579132080078,0.3529235496116139,2.924623470331267,0.8486423492431641
2007-07-03,36.709999084472656,36.95000076293945,36.59000015258789,36.790000915527344,30.020828247070312,-0.9059042878534854,0.5191120657216608,0.15503692626953125
2007-07-05,36.88999938964844,37.0,36.29999923706055,36.93000030517578,30.13507461547852,0.19024640810891383,0.3805570168416539,0.11424636840820668
2007-07-06,36.869998931884766,37.130001068115234,36.68000030517578,37.08000183105469,30.257482528686523,-0.38854908676549954,0.4061974784198119,0.12240791320800426
2007-07-09,37.209999084472656,37.209999084472656,36.52999877929688,36.77999877929688,30.012666702270508,-0.0003581396603441313,-0.8091083790064513,-0.24481582641601562
2007-07-10,36.61000061035156,36.79999923706055,36.34999847412109,36.38999938964844,29.69443130493164,0.6671068701103907,-1.0603369587108058,-0.3182353973388672
2007-07-11,36.400001525878906,37.02999877929688,36.36000061035156,36.86000061035156,30.077953338623047,0.11135148540588764,1.2915621442721958,0.38352203369140625
2007-07-12,37.20000076293945,37.630001068115234,36.79999923706055,37.630001068115234,30.70629119873047,0.47231321140114907,2.089031301543298,0.6283378601074219
2007-07-13,37.470001220703125,37.90999984741211,37.16999816894531,37.90999984741211,30.934762954711918,0.44159306450793534,0.7440551986652721,0.22847175598144887
2007-07-16,37.72999954223633,38.0099983215332,37.2599983215332,37.560001373291016,30.64915657043457,1.95246574352872,-0.923253831605142,-0.2856063842773473
2007-07-17,37.720001220703125,38.59000015258789,37.720001220703125,38.27999877929688,31.236677169799805,1.585220351123483,1.916922568538082,0.5875205993652344
2007-07-18,37.93999862670898,39.41999816894531,37.58000183105469,39.18999862670898,31.9792423248291,2.8049498198154015,2.3772219784863102,0.7425651550292969
2007-07-20,37.81999969482422,38.150001525878906,37.540000915527344,37.95000076293945,30.96738815307617,3.714685078948526,-3.164096764629465,-1.0118541717529332
2007-07-23,38.09999847412109,38.34000015258789,38.0,38.06999969482422,31.065319061279297,2.143070291297978,0.31623883718912005,0.09793090820312855
2007-07-24,37.59999847412109,37.95000076293945,36.91999816894531,37.11000061035156,30.281957626342773,1.220069514188238,-2.521659067435522,-0.7833614349365234
2007-07-25,37.310001373291016,37.47999954223633,36.060001373291016,36.59000015258789,29.857641220092773,1.6564352371032058,-1.4012185456625859,-0.42431640625
2007-07-26,36.0,36.68000030517578,35.349998474121094,35.90999984741211,29.30274772644043,3.3397596498199857,-1.858463934113208,-0.5548934936523438
2007-07-27,35.619998931884766,35.91999816894531,34.9900016784668,35.380001068115234,28.97516632080078,2.38743509613036,-1.1179204376935092,-0.32758140563964844
2007-07-30,35.43000030517578,36.220001220703125,35.0,36.06999969482422,29.54025077819824,2.161921290527905,1.9502371483948844,0.5650844573974574
2007-07-31,36.369998931884766,37.369998931884766,35.939998626708984,36.400001525878906,29.81050491333008,3.216180877090467,0.9148674368441689,0.27025413513184304
2007-08-01,36.25,37.20000076293945,35.790000915527344,36.97999954223633,30.28550148010254,4.110556062776985,1.593386519797102,0.4749965667724574
2007-08-02,37.09000015258789,37.31999969482422,36.65999984741211,37.040000915527344,30.33464813232422,2.0941973303315016,0.16227782212543396,0.04914665222167969
2007-08-03,36.880001068115234,37.15999984741211,36.09000015258789,36.18000030517578,29.63033866882324,3.095394844987604,-2.3217986918083855,-0.7043094635009801
2007-08-06,36.27999877929688,36.66999816894531,34.95000076293945,36.61000061035156,29.98250770568848,2.71278937913576,1.1885420575222572,0.3521690368652415
2007-08-07,36.33000183105469,36.75,35.5,36.34000015258789,29.761362075805664,2.6101561611061594,-0.737582166420514,-0.22114562988281605
2007-08-09,38.150001525878906,40.02999877929688,37.72999954223633,37.970001220703125,31.09628677368164,3.989770030674122,4.485428773306022,1.3349246978759766
2007-08-10,37.45000076293945,39.52999877929688,37.060001373291016,38.84000015258789,31.80879020690918,2.6136470868894794,2.2912813945058064,0.7125034332275391
2007-08-13,39.400001525878906,39.5,37.54999923706055,38.27000045776367,31.341983795166016,1.5433292417236462,-1.4675390315277315,-0.46680641174316406
2007-08-14,38.27000045776367,38.5099983215332,37.2599983215332,37.29999923706055,30.54758071899414,-0.20911550150286476,-2.5346292097005008,-0.794403076171875
2007-08-15,37.150001525878906,37.790000915527344,35.79999923706055,35.81999969482422,29.335506439208984,1.1202290367852934,-3.9678241328993447,-1.2120742797851562
2007-08-16,35.689998626708984,37.65999984741211,35.43000030517578,37.4900016784668,30.70319366455078,3.0213872183812254,4.662224694078532,1.3676872253417969
2007-08-20,37.619998931884766,37.83000183105469,36.18999862670898,36.66999816894531,30.031627655029297,1.5754457589301878,-2.187283892544567,-0.6715660095214844
2007-08-21,36.540000915527344,36.72999954223633,36.0099983215332,36.45000076293945,29.85146141052246,1.817716008292578,-0.5999216778270866,-0.18016624450683594
2007-08-22,36.75,37.22999954223633,36.22999954223633,36.54999923706055,29.933351516723636,1.777919454362733,0.2743252836938437,0.08189010620117543
2007-08-23,36.84000015258789,37.02000045776367,35.75,36.040000915527344,29.51567649841309,1.2724334009380343,-1.3953499930577262,-0.4176750183105469
2007-08-24,35.9900016784668,36.59999847412109,35.79999923706055,36.59999847412109,29.974306106567383,0.3934182886981229,1.5538509109860765,0.4586296081542933
2007-08-27,36.41999816894531,36.41999816894531,35.619998931884766,35.72999954223633,29.261791229248047,0.5288662090909289,-2.3770854770954086,-0.7125148773193359
2007-08-28,35.5,35.619998931884766,34.84000015258789,34.900001525878906,28.58205223083496,0.3075415144284572,-2.3229575834498695,-0.6797389984130859
2007-08-29,35.119998931884766,35.93000030517578,34.939998626708984,35.720001220703125,29.25362777709961,0.27821773784857134,2.3496407495195104,0.6715755462646484
2007-08-30,35.65999984741211,36.209999084472656,35.220001220703125,36.06999969482422,29.54025077819824,0.6929397209069568,0.9797861765473259,0.28662300109862926
2007-08-31,36.52999877929688,36.65999984741211,36.0,36.33000183105469,29.75319480895996,-0.1351078748964862,0.7208606059596612,0.2129440307617223
2007-09-04,36.09999847412109,36.650001525878906,36.0,36.040000915527344,29.51567649841309,0.8318785670830826,-0.7982951480401845,-0.23751831054687145
2007-09-05,35.900001525878906,36.02000045776367,35.310001373291016,35.47999954223633,29.057064056396484,0.8479368256863534,-1.5537927515951178,-0.4586124420166051
2007-09-06,35.52000045776367,35.65999984741211,34.65999984741211,34.70000076293945,28.418262481689453,2.370678652370425,-2.1984381266709874,-0.6388015747070312
2007-09-07,34.27000045776367,34.650001525878906,33.91999816894531,34.20000076293945,28.00877571105957,2.2617617679308495,-1.4409282442715332,-0.4094867706298828
2007-09-10,34.45000076293945,34.880001068115234,33.54999923706055,34.119998931884766,27.943248748779297,3.009518070717938,-0.23395154060374956,-0.06552696228027344
2007-09-11,34.290000915527344,35.09000015258789,34.15999984741211,34.7599983215332,28.46739387512207,1.6885517543097475,1.8757487042936338,0.5241451263427734
2007-09-12,34.630001068115234,34.81999969482422,34.06999969482422,34.16999816894531,27.984203338623047,1.2954735111079445,-1.6973472830657976,-0.48319053649902344
2007-09-13,34.400001525878906,34.5,33.90999984741211,33.90999984741211,27.771263122558597,0.3578108457082615,-0.76093006289214,-0.21294021606444957
2007-09-14,33.75,34.400001525878906,33.369998931884766,34.11000061035156,27.935077667236328,0.7934783834665654,0.589870701792683,0.16381454467773082
2007-09-17,33.959999084472656,34.189998626708984,33.7400016784668,33.779998779296875,27.664804458618164,2.9780997386680608,-0.9675047688704086,-0.27027320861816406
2007-09-18,33.88999938964844,35.08000183105469,33.70000076293945,34.91999816894531,28.598424911499023,1.1628183313417941,3.37475890811878,0.9336204528808594
2007-09-19,35.34000015258789,36.310001373291016,35.099998474121094,35.9900016784668,29.474748611450195,1.2424114392014844,3.064237637782674,0.8763236999511719
2007-09-20,35.900001525878906,36.11000061035156,35.7400016784668,36.02000045776367,29.49930763244629,0.771136458453319,0.08332224074187877,0.02455902099609375
2007-09-21,36.41999816894531,37.02000045776367,36.29999923706055,36.619998931884766,29.990686416625977,2.5159011649565266,1.6657298886541216,0.4913787841796875
2007-09-24,36.540000915527344,36.77000045776367,36.22999954223633,36.54999923706055,29.933351516723636,0.3564144753949336,-0.19117568403020924,-0.0573348999023402
2007-09-25,36.29999923706055,36.77000045776367,35.95000076293945,36.459999084472656,29.859649658203125,-0.2956904609291944,-0.2462198677596561,-0.07370185852051137
2007-09-26,36.65999984741211,37.41999816894531,36.43999862670898,37.310001373291016,30.55576515197754,0.20909740733884044,2.331291564846527,0.6961154937744141
2007-09-27,37.40999984741211,37.61000061035156,37.20000076293945,37.56999969482422,30.768707275390625,-0.5135242298083463,0.6968967144300287,0.21294212341308594
2007-09-28,37.56999969482422,38.220001220703125,37.369998931884766,37.869998931884766,31.014392852783203,1.874269005982358,0.7984917117043855,0.24568557739257812
2007-10-01,37.790000915527344,38.869998931884766,37.75,38.33000183105469,31.39112663269043,0.8032529756598606,1.2147062871598946,0.37673377990722656
2007-10-02,38.43999862670898,39.34999847412109,38.43999862670898,39.2599983215332,32.15275192260742,0.28799233004186664,2.4262438835942923,0.7616252899169922
2007-10-03,39.02999877929688,39.34000015258789,38.68000030517578,39.02000045776367,31.956205368041992,-0.10019861706328878,-0.6112899917199099,-0.1965465545654297
2007-10-04,39.150001525878906,39.2599983215332,38.790000915527344,38.9900016784668,31.9316463470459,-0.3480543476789905,-0.07685211905871236,-0.02455902099609375
2007-10-05,39.470001220703125,40.11000061035156,39.2599983215332,39.93000030517578,32.701473236083984,0.46184043405118985,2.410858747060196,0.7698268890380859
2007-10-08,39.79999923706055,40.02000045776367,39.380001068115234,39.4900016784668,32.34112930297852,-0.30825779374914547,-1.1019195695068706,-0.36034393310546164
2007-10-09,39.52000045776367,40.11000061035156,39.060001373291016,39.650001525878906,32.47216796875,0.44368761997792716,0.40517653092406736,0.13103866577147727
2007-10-10,39.5,39.5,38.5,38.790000915527344,31.76785659790039,0.5449244676941997,-2.168969351006722,-0.7043113708496094
2007-10-11,38.869998931884766,39.68999862670898,38.38999938964844,38.56999969482422,31.587684631347656,0.30055966286181773,-0.5671517875230014,-0.18017196655273438
2007-10-12,38.5099983215332,39.59999847412109,38.38999938964844,39.59000015258789,32.42302322387695,-0.10299135768994458,2.644507194111667,0.8353385925292969
2007-10-15,39.540000915527344,39.54999923706055,38.52999877929688,39.0099983215332,31.94801521301269,0.5512081341041752,-1.465033064882293,-0.47500801086426137
2007-10-16,38.97999954223633,39.43999862670898,38.869998931884766,39.09000015258789,32.01354217529297,0.391323733228131,0.2051049551697659,0.06552696228027699
2007-10-17,39.790000915527344,39.86000061035156,38.540000915527344,39.150001525878906,32.062679290771484,1.274527956408026,0.1534885306020195,0.049137115478515625
2007-10-18,40.59999847412109,42.470001220703125,40.59999847412109,41.869998931884766,34.29026794433594,2.959946924594798,6.947606072975976,2.227588653564453
2007-10-19,41.77000045776367,42.06999969482422,40.970001220703125,41.0,33.5777702331543,3.905289626717784,-2.077842355557713,-0.7124977111816406
2007-10-23,44.0,44.72999954223633,43.400001525878906,44.43999862670898,36.3950309753418,3.8878349978011855,8.390255584647988,2.8172607421875
2007-10-24,43.9900016784668,44.290000915527344,42.310001373291016,43.18999862670898,35.37131881713867,2.2373252874476113,-2.812780016306915,-1.023712158203125
2007-10-25,43.290000915527344,43.68999862670898,42.790000915527344,43.5099983215332,35.633392333984375,1.3527246939543882,0.7409209653746807,0.2620735168457031
2007-10-26,44.0,44.5,43.59000015258789,44.38999938964844,36.35408020019531,-0.009434546696975464,2.022507033447951,0.7206878662109375
2007-10-29,44.29999923706055,44.540000915527344,42.310001373291016,43.34000015258789,35.59840393066406,1.2836043634446572,-2.0786560005641164,-0.75567626953125
2007-10-30,43.15999984741211,44.29999923706055,43.06999969482422,43.36000061035156,35.614837646484375,1.6857590136830918,0.04616419278886674,0.0164337158203125
2007-10-31,43.59999847412109,44.75,42.75,44.70000076293945,36.71549224853516,2.2596672124608577,3.090438353182945,1.1006546020507884
2007-11-01,44.22999954223633,44.45000076293945,42.70000076293945,42.81999969482422,35.17129898071289,2.5396394602831007,-4.205835665689273,-1.5441932678222727
2007-11-02,43.27000045776367,43.5099983215332,42.09000015258789,42.959999084472656,35.286285400390625,0.14416618776909323,0.3269325359316122,0.11498641967773438
2007-11-05,42.29999923706055,43.68999862670898,41.70000076293945,43.34000015258789,35.59840393066406,1.0175958187556928,0.8845321255322114,0.3121185302734375
2007-11-06,43.5,44.0,42.58000183105469,43.93000030517578,36.08303451538086,0.2300429620387589,1.3613829026175583,0.4846305847167969
2007-11-07,43.5,43.5,41.63999938964844,41.7400016784668,34.284210205078125,1.2396186985748285,-4.985235677825162,-1.7988243103027344
2007-11-08,42.15999984741211,42.369998931884766,41.45000076293945,42.16999816894531,34.63740539550781,1.911272819285547,1.0301978325210959,0.3531951904296875
2007-11-09,41.5099983215332,42.150001525878906,41.0,41.619998931884766,34.18564987182617,1.2710370306247063,-1.3042418117733212,-0.4517555236816406
2007-11-12,41.52000045776367,42.650001525878906,41.20000076293945,41.83000183105469,34.35813522338867,1.247996920454796,0.504554841605187,0.1724853515625
2007-11-13,42.310001373291016,43.130001068115234,41.84999847412109,42.900001525878906,35.23700714111328,0.8416531592763778,2.5579732776833897,0.8788719177246094
2007-11-14,43.2599983215332,43.2599983215332,41.68999862670898,42.31999969482422,34.760616302490234,0.9973484492124384,-1.3519616938954204,-0.4763908386230469
2007-11-15,42.040000915527344,42.040000915527344,40.900001525878906,41.52000045776367,34.10350036621094,1.072752446132145,-1.8904035836448063,-0.6571159362792969
2007-11-16,41.59999847412109,42.220001220703125,40.93000030517578,41.43999862670898,34.03779220581055,1.2682442899980504,-0.19267277462665655,-0.06570816040039062
2007-11-19,41.0,41.369998931884766,40.36000061035156,40.81999969482422,33.52854537963867,0.9987448195257663,-1.4961217904284063,-0.509246826171875
2007-11-20,41.119998931884766,41.43999862670898,39.83000183105469,40.959999084472656,33.6435432434082,1.3192118064345186,0.342984947504954,0.11499786376953125
2007-11-21,40.63999938964844,42.130001068115234,40.52000045776367,40.9900016784668,33.668190002441406,1.3764629892809626,0.07325851161064101,0.024646759033203125
2007-11-23,41.400001525878906,42.459999084472656,41.09000015258789,42.0,34.497764587402344,-0.6168556329946108,2.463971436839296,0.8295745849609375
2007-11-26,41.970001220703125,42.86000061035156,40.4900016784668,40.4900016784668,33.257503509521484,1.096490741458719,-3.5951925949827213,-1.2402610778808594
2007-11-27,40.66999816894531,41.59000015258789,40.41999816894531,40.88999938964844,33.58604049682617,1.748595677782847,0.9878582353922916,0.3285369873046875
2007-11-28,42.0,43.5099983215332,41.400001525878906,43.459999084472656,35.69697952270508,3.036747291827832,6.285167869306862,2.1109390258789062
2007-11-29,43.09999847412109,43.34999847412109,42.119998931884766,42.31999969482422,34.760616302490234,1.6738898660198045,-2.6230880952246127,-0.9363632202148438
2007-11-30,42.84000015258789,43.2400016784668,41.86000061035156,42.209999084472656,34.67025375366211,1.8274906004858733,-0.2599566936379416,-0.090362548828125
2007-12-03,42.060001373291016,42.34000015258789,41.34999847412109,41.41999816894531,34.0213737487793,0.6405758341571607,-1.8715755860721717,-0.6488800048828125
2007-12-04,41.11000061035156,41.43999862670898,40.61000061035156,40.869998931884766,33.569618225097656,0.22026836984546364,-1.3278579725130912,-0.4517555236816406
2007-12-05,41.45000076293945,42.2599983215332,41.310001373291016,42.150001525878906,34.62097930908203,-0.005245435756991771,3.131882754622284,1.051361083984375
2007-12-06,42.150001525878906,43.369998931884766,42.150001525878906,43.34000015258789,35.59840393066406,0.30335240348847353,2.8232148283732217,0.9774246215820312
2007-12-07,43.630001068115234,43.77000045776367,43.040000915527344,43.45000076293945,35.68877410888672,-0.29359590545920256,0.25386019665003534,0.09037017822265625
2007-12-10,43.459999084472656,43.75,43.02000045776367,43.560001373291016,35.77912139892578,0.2817086636318911,0.2531532457893171,0.0903472900390625
2007-12-11,43.869998931884766,44.0099983215332,42.25,42.43999862670898,34.85917663574219,0.6985252021602684,-2.571177623191201,-0.9199447631835938
2007-12-12,43.54999923706055,44.0,42.459999084472656,43.0099983215332,35.327362060546875,0.3675854379015568,1.3430765439383485,0.4681854248046875
2007-12-13,42.650001525878906,43.0,41.720001220703125,42.470001220703125,34.883819580078125,1.137683665701892,-1.255521087899436,-0.44354248046875
2007-12-14,42.0,42.52999877929688,41.61000061035156,41.720001220703125,34.267784118652344,0.42623299106132845,-1.765963328676301,-0.6160354614257812
2007-12-17,41.38999938964844,41.43000030517578,40.369998931884766,40.38999938964844,33.17534637451172,1.072752446132145,-3.1879439311221724,-1.092437744140625
2007-12-18,40.810001373291016,41.02999877929688,40.04999923706055,40.81999969482422,33.52854537963867,1.914065559912203,1.064643006706678,0.3531990051269531
2007-12-19,40.880001068115234,41.09000015258789,39.68999862670898,39.880001068115234,32.75644302368164,2.06208081312496,-2.3028209163703073,-0.7721023559570312
2007-12-20,40.25,40.59999847412109,39.709999084472656,40.459999084472656,33.23285675048828,1.629206015993312,1.4544122707774276,0.4764137268066406
2007-12-21,41.18000030517578,42.7400016784668,41.02999877929688,42.40999984741211,34.83453750610352,4.282309611316316,4.819569884228225,1.6016807556152415
2007-12-24,42.68000030517578,43.5099983215332,42.40999984741211,43.400001525878906,35.647705078125,-0.4890877493251081,2.3343716616848864,0.8131675720214773
2007-12-26,43.400001525878906,43.4900016784668,42.560001373291016,43.209999084472656,35.49163055419922,0.4981460621977152,-0.43782488545540676,-0.15607452392578125
2007-12-27,42.709999084472656,43.18999862670898,41.59999847412109,41.619998931884766,34.18564987182617,-0.06808209985674714,-3.6796863428933957,-1.3059806823730469
2007-12-28,41.34000015258789,42.43999862670898,41.34000015258789,41.68999862670898,34.2431526184082,-0.0918203951833214,0.16820726473718572,0.05750274658203125
2007-12-31,41.40999984741211,41.4900016784668,40.619998931884766,40.90999984741211,33.602474212646484,0.10436963383924816,-1.8709679359876108,-0.6406784057617188
2008-01-02,40.68000030517578,41.02000045776367,39.630001068115234,39.959999084472656,32.822166442871094,0.7369253857767856,-2.322173554356055,-0.7803077697753906
2008-01-03,40.11000061035156,40.369998931884766,39.290000915527344,39.41999816894531,32.37861633300781,1.571954833146868,-1.3513736536413745,-0.44355010986328125
2008-01-07,40.61000061035156,40.84999847412109,39.43999862670898,39.84000015258789,32.723609924316406,2.9787979238247244,1.0654982527987134,0.34499359130859375
2008-01-08,40.0,40.77000045776367,38.470001220703125,38.5099983215332,31.63116836547852,1.9161601153821948,-3.338389503372341,-1.092441558837887
2008-01-09,38.5,39.810001373291016,38.25,39.72999954223633,32.633243560791016,1.5803330550268355,3.1679993092071035,1.0020751953124964
2008-01-10,39.34999847412109,40.33000183105469,39.119998931884766,39.68999862670898,32.60038757324219,2.501239276666584,-0.10068256772460815,-0.032855987548828125
2008-01-11,39.45000076293945,40.150001525878906,38.0,38.0,31.212278366088867,2.2177761030610204,-4.257953081185617,-1.3881092071533203
2008-01-14,38.2599983215332,39.380001068115234,38.08000183105469,39.02000045776367,32.050071716308594,0.337563476165007,2.684178772191026,0.8377933502197266
2008-01-15,38.540000915527344,38.70000076293945,37.709999084472656,37.869998931884766,31.1054801940918,0.5840228364673808,-2.9472368442038155,-0.9445915222167933
2008-01-16,37.77000045776367,38.40999984741211,36.869998931884766,37.52000045776367,30.818012237548828,1.5356492050003427,-0.9241714152915526,-0.2874679565429723
2008-01-17,37.58000183105469,38.0,36.34999847412109,36.34999847412109,29.85700035095215,1.6375842378732792,-3.1183448146787973,-0.9610118865966797
2008-01-22,33.650001525878906,35.5,33.2599983215332,34.7400016784668,28.534578323364254,3.176384323160622,-4.429185825915438,-1.3224220275878942
2008-01-23,34.189998626708984,36.40999984741211,32.869998931884766,36.34999847412109,29.85700035095215,4.385641014502581,4.63445442438899,1.3224220275878942
2008-01-24,36.52000045776367,36.630001068115234,35.189998626708984,35.54999923706055,29.199886322021484,2.628308975179422,-2.2008708885911554,-0.6571140289306641
2008-01-25,35.97999954223633,36.79999923706055,35.54999923706055,36.36000061035156,29.865222930908203,2.9082812230016657,2.2785589010493768,0.6653366088867188
2008-01-28,36.41999816894531,37.52000045776367,35.630001068115234,37.27999877929688,30.62087631225586,2.0564953318716483,2.5302117553109404,0.7556533813476562
2008-01-29,37.43000030517578,37.59999847412109,36.56999969482422,37.33000183105469,30.769235610961918,1.9014982270922518,0.48450376531739003,0.14835929870605824
2008-01-30,36.9900016784668,37.790000915527344,36.0,36.0099983215332,29.68124008178711,2.362300430490458,-3.5359849134087518,-1.0879955291748082
2008-01-31,35.31999969482422,38.16999816894531,35.22999954223633,37.70000076293945,31.07421875,2.6646146033259477,4.69312826679249,1.3929786682128906
2008-02-01,37.81999969482422,38.720001220703125,37.459999084472656,38.060001373291016,31.37094497680664,1.3513283236410603,0.9548952113450637,0.2967262268066406
2008-02-04,38.11000061035156,38.150001525878906,36.13999938964844,36.29999923706055,29.92026138305664,3.515702309299301,-4.624290389793895,-1.45068359375
2008-02-05,35.56999969482422,35.70000076293945,34.689998626708984,35.09000015258789,28.92291641235352,3.7775217430482817,-3.3333431079846876,-0.9973449707031214
2008-02-06,35.5099983215332,35.91999816894531,34.779998779296875,34.900001525878906,28.766307830810547,1.397408543980881,-0.5414688453619476,-0.1566085815429723
2008-02-07,34.560001373291016,35.7599983215332,34.369998931884766,34.439998626708984,28.387168884277344,2.7609641549455723,-1.3179965561208373,-0.3791389465332031
2008-02-08,34.45000076293945,36.59000015258789,33.869998931884766,36.34999847412109,29.961475372314453,4.264156797243054,5.54583831327069,1.5743064880371094
2008-02-13,39.34000015258789,39.720001220703125,38.810001373291016,39.470001220703125,32.533138275146484,2.8119316713820406,8.583231869844244,2.5716629028320312
2008-02-14,39.630001068115234,39.81999969482422,38.33000183105469,38.66999816894531,31.87371826171875,2.5822287548396017,-2.026917931650929,-0.6594200134277344
2008-02-15,38.27000045776367,39.02000045776367,37.380001068115234,38.93999862670898,32.09627914428711,3.431920090499627,0.698258297763954,0.22256088256835938
2008-02-19,39.2400016784668,39.33000183105469,38.310001373291016,38.5,31.73362159729004,2.742113155715646,-1.1299052621232542,-0.3626575469970703
2008-02-20,38.38999938964844,39.0,38.11000061035156,38.70000076293945,31.898468017578125,1.4595470229239724,0.5194692946806967,0.16484642028808594
2008-02-21,39.0,39.470001220703125,38.22999954223633,38.41999816894531,31.66766357421875,0.7027143131002521,-0.7235596494232444,-0.230804443359375
2008-02-22,38.52999877929688,38.86000061035156,37.79999923706055,38.77999877929688,31.96440315246582,1.5112127245171045,0.9370428530403263,0.2967395782470703
2008-02-25,38.63999938964844,39.59999847412109,38.04999923706055,39.5099983215332,32.56610870361328,1.1313999992919166,1.8824238584321584,0.6017055511474609
2008-02-26,39.36000061035156,40.06999969482422,39.27999877929688,39.470001220703125,32.533138275146484,2.3965115031669915,-0.10124153538534353,-0.032970428466796875
2008-02-27,39.0,40.06999969482422,38.709999084472656,39.41999816894531,32.49192810058594,2.0990846264281493,-0.12667137800237427,-0.041210174560546875
2008-02-28,39.34000015258789,39.34000015258789,38.29999923706055,38.7400016784668,31.931434631347656,1.8952145606822763,-1.7250237274413216,-0.5604934692382812
2008-02-29,38.25,38.25,37.290000915527344,37.47999954223633,30.892879486083984,2.05858988734164,-3.2524537567883205,-1.0385551452636719
2008-03-03,37.290000915527344,38.11000061035156,37.09999847412109,38.04999923706055,31.362703323364254,3.381650759219823,1.5208159456029602,0.4698238372802699
2008-03-04,37.720001220703125,37.77000045776367,36.22999954223633,36.83000183105469,30.357120513916016,3.8508311844979963,-3.206301443725068,-1.0055828094482386
2008-03-05,37.0,37.18999862670898,36.29999923706055,36.880001068115234,30.39833641052246,2.392322392227008,0.13577011227909885,0.04121589660644531
2008-03-06,36.59999847412109,36.91999816894531,35.34000015258789,35.5,29.26087188720703,4.028868399447303,-3.7418643834788767,-1.1374645233154297
2008-03-07,35.25,36.27000045776367,35.02000045776367,35.779998779296875,29.49165344238281,3.013008996501258,0.7887036178052975,0.2307815551757777
2008-03-10,35.970001220703125,35.97999954223633,34.90999984741211,34.97999954223633,28.83225440979004,1.8337742668958488,-2.2358835657723453,-0.6593990325927699
2008-03-11,36.13999938964844,36.75,35.5099983215332,36.75,30.291183471679688,2.349733097670507,5.060058922739907,1.4589290618896484
2008-03-12,37.0,37.040000915527344,35.4900016784668,36.459999084472656,30.05214500427246,2.5207884610531743,-0.7891354513458126,-0.23903846740722656
2008-03-13,35.88999938964844,36.790000915527344,35.189998626708984,36.470001220703125,30.06039047241211,2.0432298138950333,0.02743720336260136,0.008245468139648438
2008-03-14,36.70000076293945,36.70000076293945,34.70000076293945,35.400001525878906,29.178449630737305,3.540138789782539,-2.933896825073534,-0.8819408416748047
2008-03-18,35.52000045776367,38.08000183105469,35.52000045776367,37.84999847412109,31.197853088378903,3.812431000881479,6.920873052536369,2.019403457641598
2008-03-19,38.18000030517578,38.880001068115234,36.84000015258789,36.84000015258789,30.365367889404297,1.8149232676659222,-2.6684054079500252,-0.8324851989746058
2008-03-24,37.84000015258789,39.369998931884766,37.810001373291016,38.77999877929688,31.96440315246582,0.7683437178266632,5.265983500958971,1.5990352630615234
2008-03-25,38.869998931884766,39.709999084472656,38.47999954223633,39.470001220703125,32.533138275146484,1.3457428423877487,1.7792765282300893,0.5687351226806641
2008-03-26,39.369998931884766,39.59999847412109,38.77000045776367,39.15999984741211,32.27761459350586,0.5763427997440774,-0.7854258617153831,-0.255523681640625
2008-03-27,39.459999084472656,39.7599983215332,38.52999877929688,38.619998931884766,31.83252716064453,0.26914133081194,-1.3789353348028333,-0.4450874328613281
2008-03-28,38.75,39.11000061035156,38.38999938964844,38.54999923706055,31.774831771850582,0.44787673091791086,-0.18124664907308574,-0.057695388793948865
2008-03-31,38.459999084472656,39.25,38.220001220703125,38.93000030517578,32.08803939819336,0.8332749373964105,0.9857097862599806,0.313207626342777
2008-04-01,39.369998931884766,40.720001220703125,38.97999954223633,40.650001525878906,33.505741119384766,1.398804914294209,4.418162492256306,1.4177017211914062
2008-04-02,40.5099983215332,41.02999877929688,40.09999847412109,40.66999816894531,33.52223587036133,1.136287295388564,0.049229625805891075,0.0164947509765625
2008-04-03,40.459999084472656,40.91999816894531,40.0,40.4900016784668,33.37387466430664,0.6321976122771933,-0.44257550906937615,-0.1483612060546875
2008-04-04,40.400001525878906,41.18000030517578,40.09999847412109,40.560001373291016,33.431575775146484,0.7697400881399912,0.17289305308489933,0.05770111083984375
2008-04-07,40.709999084472656,41.13999938964844,40.47999954223633,40.81999969482422,33.645870208740234,1.1495528133651791,0.6409941159670307,0.21429443359375
2008-04-08,40.43999862670898,40.90999984741211,40.060001373291016,40.560001373291016,33.431575775146484,0.03385293301618935,-0.6369115504050282,-0.21429443359375
2008-04-09,40.40999984741211,40.72999954223633,39.56999969482422,39.79999923706055,32.80514144897461,0.40598562151807394,-1.8737804355533072,-0.626434326171875
2008-04-10,39.869998931884766,40.9900016784668,39.560001373291016,40.790000915527344,33.62114334106445,0.28519958941521084,2.4874207397003856,0.8160018920898438
2008-04-11,40.38999938964844,40.41999816894531,39.61000061035156,39.81999969482422,32.821632385253906,1.5496129081336218,-2.378000497187238,-0.7995109558105469
2008-04-14,39.75,39.900001525878906,39.20000076293945,39.40999984741211,32.48366928100586,0.6314994271205293,-1.0296962085282746,-0.3379631042480469
2008-04-15,39.68000030517578,40.209999084472656,39.220001220703125,40.150001525878906,33.093624114990234,1.519590946397072,1.8777276320228742,0.609954833984375
2008-04-16,40.59999847412109,42.29999923706055,40.47999954223633,42.29999923706055,34.86575698852539,3.707005042225223,5.354907239465634,1.7721328735351562
2008-04-18,45.41999816894531,45.41999816894531,43.79999923706055,44.27000045776367,36.48954391479492,3.905987811874448,4.6572541843962645,1.6237869262695312
2008-04-21,44.33000183105469,45.2400016784668,43.66999816894531,45.060001373291016,37.14070129394531,3.288093948226854,1.7845040230452858,0.6511573791503906
2008-04-22,44.900001525878906,45.04999923706055,43.38999938964844,44.09000015258789,36.34118270874024,2.4370062422535006,-2.152674982837244,-0.799518585205071
2008-04-23,44.29999923706055,44.7400016784668,43.93999862670898,44.5,36.67911911010742,0.7159798310768671,0.9298992938000961,0.3379364013671804
2008-04-24,44.31999969482422,45.400001525878906,44.0,44.75,36.88516998291016,1.0783379273854565,0.561766143249498,0.20605087280274148
2008-04-25,44.77999877929688,45.09999847412109,44.220001220703125,44.95000076293945,37.05002975463867,1.5112127245171045,0.44695407884765004,0.16485977172850852
2008-04-28,45.060001373291016,45.33000183105469,44.0,44.650001525878906,36.90948867797852,1.3227027322178384,-0.3793278374966902,-0.14054107666014914
2008-04-29,44.68000030517578,44.68000030517578,44.0,44.09999847412109,36.45484924316406,0.9254353780760517,-1.2317684451849775,-0.45463943481446023
2008-04-30,44.619998931884766,45.0099983215332,43.810001373291016,44.150001525878906,36.49618148803711,1.7562757145061505,0.11337927801415848,0.041332244873046875
2008-05-01,44.15999984741211,45.27999877929688,44.0,44.47999954223633,36.76897048950195,1.5223836870237277,0.7474453226134381,0.27278900146484375
2008-05-02,44.77000045776367,45.18000030517578,43.93999862670898,44.09000015258789,36.446571350097656,0.6698996107370465,-0.8768239499562402,-0.3223991394042969
2008-05-05,44.150001525878906,44.380001068115234,43.52000045776367,44.15999984741211,36.50445175170898,0.6370849083738409,0.1588089070308829,0.05788040161132102
2008-05-06,44.0,44.75,43.97999954223633,44.38999938964844,36.6945686340332,1.178876589945065,0.5208046503953456,0.19011688232422586
2008-05-07,44.38999938964844,44.52000045776367,43.220001220703125,43.29999923706055,35.79353332519531,0.9393990812093307,-2.4555004797146007,-0.9010353088378906
2008-05-08,43.84999847412109,44.0,42.90999984741211,43.540000915527344,35.99191665649414,0.8444458999030336,0.5542434983896616,0.19838333129882812
2008-05-09,43.0099983215332,43.880001068115234,42.4900016784668,43.72999954223633,36.14898681640625,1.167007442281778,0.43640398873776576,0.15707015991210938
2008-05-12,43.97999954223633,44.84999847412109,43.2599983215332,44.75,36.99215316772461,0.5421317270675439,2.3324757498754733,0.8431663513183594
2008-05-13,44.84999847412109,45.0099983215332,44.380001068115234,44.790000915527344,37.02522277832031,-0.23774109292608664,0.0893962847898111,0.033069610595703125
2008-05-14,44.869998931884766,45.15999984741211,44.34000015258789,44.52000045776367,36.802032470703125,0.010812822846279047,-0.6028061166666987,-0.2231903076171875
2008-05-15,44.41999816894531,44.869998931884766,43.709999084472656,44.68999862670898,36.94256591796875,0.6105538724206109,0.38186327719127444,0.140533447265625
2008-05-16,44.68000030517578,45.209999084472656,43.75,44.720001220703125,36.96735000610352,1.0357486328289556,0.06708816109255444,0.02478408813477273
2008-05-19,44.56999969482422,44.84999847412109,43.81999969482422,44.09000015258789,36.446571350097656,1.3785575447509544,-1.4087530102100398,-0.5207786560058665
2008-05-20,43.86000061035156,44.66999816894531,43.45000076293945,44.27000045776367,36.59537887573242,1.9426911513354248,0.40828950467068914,0.14880752563476562
2008-05-21,44.459999084472656,44.81999969482422,43.34000015258789,43.709999084472656,36.13246154785156,1.1027744078686947,-1.2649611565788033,-0.4629173278808594
2008-05-22,43.630001068115234,44.650001525878906,43.470001220703125,44.08000183105469,36.43831634521485,0.6789760177736779,0.84648203931037,0.30585479736328836
2008-05-23,44.18000030517578,44.290000915527344,43.20000076293945,43.95000076293945,36.330833435058594,2.1779795491311753,-0.2949722186337267,-0.1074829101562571
2008-05-27,44.220001220703125,44.630001068115234,43.5,44.630001068115234,36.8929557800293,0.8898279350861903,1.5472321767005415,0.5621223449707031
2008-05-28,44.95000076293945,45.310001373291016,44.54999923706055,45.08000183105469,37.26494598388672,1.083225223482104,1.0082960174711442,0.3719902038574219
2008-05-29,45.2400016784668,45.83000183105469,44.97999954223633,45.52000045776367,37.62866973876953,1.9866768162052535,0.9760479863303306,0.3637237548828125
2008-06-02,44.88999938964844,45.0099983215332,43.84999847412109,44.29999923706055,36.62018203735352,1.6236205347400003,-2.680104580941234,-1.0084877014160085
2008-06-03,44.33000183105469,44.59000015258789,43.79999923706055,44.31999969482422,36.63669204711914,1.2577715126480913,0.04508445574840092,0.016510009765617895
2008-06-04,44.310001373291016,45.47999954223633,44.04999923706055,44.810001373291016,37.04176712036133,1.6962317910330509,1.1056540604736265,0.4050750732421875
2008-06-05,45.0099983215332,46.15999984741211,44.68000030517578,46.15999984741211,38.1577262878418,1.7932795278093399,3.0127049928647676,1.1159591674804688
2008-06-06,46.18999862670898,46.18999862670898,44.650001525878906,44.7599983215332,37.00042724609375,0.9973484492124384,-3.032935015619098,-1.1572990417480469
2008-06-09,45.13999938964844,45.13999938964844,43.470001220703125,43.93999862670898,36.32257080078125,2.318314765620629,-1.8320232920663426,-0.6778564453125
2008-06-10,43.720001220703125,44.470001220703125,43.150001525878906,43.900001525878906,36.28950881958008,2.1507503280212816,-0.09102324112053584,-0.033061981201171875
2008-06-11,43.959999084472656,44.34999847412109,42.59999847412109,42.63999938964844,35.24795150756836,1.7925813426526758,-2.870133396376373,-1.0415573120117188
2008-06-12,42.790000915527344,43.93999862670898,42.720001220703125,43.040000915527344,35.57859420776367,0.799063864719877,0.9380479887584947,0.3306427001953125
2008-06-13,43.13999938964844,43.70000076293945,42.720001220703125,43.2599983215332,35.76047134399414,2.469820944616706,0.5111982085868494,0.18187713623046875
2008-06-16,42.95000076293945,43.41999816894531,42.310001373291016,43.34999847412109,35.834861755371094,0.798365679563213,0.2080241355360224,0.07439041137695312
2008-06-17,43.20000076293945,43.36000061035156,42.81999969482422,42.880001068115234,35.44635009765625,1.0357486328289556,-1.0841723357747024,-0.38851165771484375
2008-06-18,42.619998931884766,42.619998931884766,41.84999847412109,42.150001525878906,34.842899322509766,1.5237800573370557,-1.7024341673654741,-0.6034507751464844
2008-06-19,42.209999084472656,43.130001068115234,42.209999084472656,42.88999938964844,35.454612731933594,1.0909052602054075,1.7556329160835382,0.6117134094238281
2008-06-20,42.720001220703125,42.959999084472656,41.88999938964844,42.13999938964844,34.834625244140625,3.554800678072482,-1.7486793396407685,-0.6199874877929688
2008-06-23,42.290000915527344,42.7599983215332,42.09999847412109,42.400001525878906,35.049556732177734,0.9694210429458805,0.6170053116137941,0.21493148803710938
2008-06-24,42.130001068115234,42.31999969482422,41.40999984741211,41.47999954223633,34.28904724121094,1.6508497558498942,-2.1698120086882544,-0.7605094909667969
2008-06-25,41.540000915527344,42.470001220703125,41.52999877929688,42.34999847412109,35.008235931396484,2.700920231472473,2.0974297860372637,0.7191886901855469
2008-06-26,41.93999862670898,42.31999969482422,40.7400016784668,41.33000183105469,34.16505813598633,3.6790776359586648,-2.4085126627416464,-0.8431777954101562
2008-06-30,42.400001525878906,42.560001373291016,41.86000061035156,41.95000076293945,34.67755889892578,2.837764522178607,1.5000728548435704,0.5125007629394531
2008-07-01,41.43999862670898,42.209999084472656,40.4900016784668,42.119998931884766,34.81809997558594,2.474708240713354,0.40527961345200314,0.14054107666015625
2008-07-02,42.09999847412109,42.33000183105469,41.47999954223633,41.47999954223633,34.28904724121094,2.5263739423064857,-1.519476176890655,-0.529052734375
2008-07-03,41.5099983215332,41.810001373291016,40.880001068115234,41.15999984741211,34.02452087402344,1.111152629748662,-0.7714602430527018,-0.2645263671875
2008-07-07,41.45000076293945,41.810001373291016,40.54999923706055,40.810001373291016,33.73520278930664,1.3624992861476835,-0.850322288998584,-0.2893180847167969
2008-07-08,40.560001373291016,41.65999984741211,40.25,41.540000915527344,34.33864212036133,1.4735107260572513,1.7887526416351163,0.6034393310546875
2008-07-09,41.540000915527344,41.81999969482422,40.95000076293945,41.06999969482422,33.95012283325195,0.6273103161805457,-1.1314346261787622,-0.388519287109375
2008-07-10,41.08000183105469,42.08000183105469,41.0,41.47999954223633,34.28904724121094,0.7969693092498852,0.9983009770645923,0.3389244079589844
2008-07-11,41.0,41.880001068115234,40.47999954223633,41.41999816894531,34.23945617675781,0.17628270497563486,-0.14462654533463626,-0.049591064453125
2008-07-14,41.880001068115234,42.08000183105469,40.61000061035156,41.290000915527344,34.131988525390625,1.5810312401834994,-0.31387078933846624,-0.1074676513671875
2008-07-15,40.7400016784668,41.7400016784668,39.9900016784668,41.09999847412109,33.97492218017578,1.2836043634446572,-0.46017343846814773,-0.15706634521484375
2008-07-16,41.150001525878906,42.119998931884766,40.75,42.06999969482422,34.77676010131836,0.8081402717565084,2.3600875872217486,0.8018379211425781
2008-07-17,42.25,43.63999938964844,42.040000915527344,43.52999877929688,35.98366165161133,3.7691435211683144,3.470425499030938,1.2069015502929688
2008-07-22,37.06999969482422,38.33000183105469,36.540000915527344,38.150001525878906,31.53634452819824,3.3264941318433707,-12.359267843476795,-4.4473171234130895
2008-07-23,38.09999847412109,38.5099983215332,37.790000915527344,37.86000061035156,31.29659843444824,3.7293469672384694,-0.7602215708153226,-0.23974609375
2008-07-24,37.95000076293945,38.130001068115234,37.2400016784668,37.310001373291016,30.841955184936523,2.4118715766135983,-1.4526922165805978,-0.4546432495117152
2008-07-25,37.470001220703125,38.20000076293945,37.25,37.59000015258789,31.07341194152832,1.3597065455210278,0.7504607123767659,0.23145675659179688
2008-07-28,37.16999816894531,37.2599983215332,36.790000915527344,37.13999938964844,30.824447631835938,1.046221410178915,-0.8012133014580591,-0.2489643096923828
2008-07-29,37.150001525878906,38.20000076293945,36.75,38.119998931884766,31.637779235839844,1.3806521002209462,2.6385926317910258,0.8133316040039062
2008-07-30,38.380001068115234,39.880001068115234,38.380001068115234,39.52000045776367,32.79971694946289,2.726054897112375,3.6726272882857236,1.1619377136230469
2008-07-31,39.22999954223633,39.2400016784668,38.52999877929688,38.70000076293945,32.11915969848633,1.5377437604703346,-2.0748875730395855,-0.6805572509765625
2008-08-01,39.040000915527344,39.08000183105469,38.290000915527344,38.709999084472656,32.12746047973633,1.5265727979637114,0.025843706148975798,0.00830078125
2008-08-04,38.810001373291016,38.810001373291016,37.68999862670898,38.11000061035156,31.629478454589844,1.9161601153821948,-1.5500198824011435,-0.4979820251464844
2008-08-05,38.5,39.04999923706055,38.29999923706055,39.0099983215332,32.37643814086914,0.9980466343691023,2.3615934336435496,0.7469596862792969
2008-08-06,38.40999984741211,39.560001373291016,38.380001068115234,39.36000061035156,32.66691207885742,0.056194858029435704,0.8971769430733412,0.29047393798828125
2008-08-07,38.66999816894531,39.72999954223633,38.66999816894531,39.27000045776367,32.59223556518555,0.24470485032870182,-0.2285998550815127,-0.074676513671875
2008-08-08,39.459999084472656,40.29999923706055,39.43000030517578,39.72999954223633,32.974002838134766,1.084621593795432,1.1713442368372462,0.38176727294921875
2008-08-11,39.72999954223633,40.43999862670898,39.2400016784668,40.33000183105469,33.471981048583984,0.8472386405296894,1.5102146163258778,0.49797821044921875
2008-08-12,40.2599983215332,40.560001373291016,39.93000030517578,39.97999954223633,33.1815071105957,0.28240684878855504,-0.8678122085653217,-0.29047393798828125
2008-08-13,39.93000030517578,40.400001525878906,39.5,40.36000061035156,33.49687576293945,0.5156006911143138,0.9504349856461092,0.31536865234375
2008-08-14,40.25,40.56999969482422,40.060001373291016,40.310001373291016,33.45538711547852,-0.3543380140889661,-0.12385825995997468,-0.041488647460930395
2008-08-15,40.58000183105469,41.11000061035156,40.040000915527344,40.47999954223633,33.59646987915039,0.6426703896271525,0.42170417333653454,0.1410827636718679
2008-08-18,40.52999877929688,40.52999877929688,39.79999923706055,39.9900016784668,33.189796447753906,0.43391302778463187,-1.210464768647801,-0.4066734313964844
2008-08-19,39.7599983215332,40.27999877929688,38.970001220703125,39.36000061035156,32.66691207885742,0.9009988975928135,-1.5754371067613793,-0.5228843688964844
2008-08-20,39.369998931884766,39.70000076293945,38.869998931884766,39.52000045776367,32.79971694946289,0.9847811163924873,0.40654246806333116,0.13280487060546875
2008-08-21,39.15999984741211,39.630001068115234,38.90999984741211,39.43000030517578,32.72502899169922,0.31661792146508855,-0.2277091533404052,-0.07468795776367188
2008-08-22,39.59000015258789,40.18999862670898,39.59000015258789,40.09999847412109,33.28108215332031,-0.14627883740310937,1.6991678197203042,0.5560531616210938
2008-08-25,39.86000061035156,39.9900016784668,39.11000061035156,39.45000076293945,32.74163055419922,1.0406359289256033,-1.6208956086101178,-0.5394515991210938
2008-08-26,39.5,39.84999847412109,39.0099983215332,39.5,32.78311920166016,0.540037171597552,0.12671527580847552,0.041488647460944605
2008-08-27,39.33000183105469,40.220001220703125,39.04999923706055,39.93000030517578,33.139991760253906,1.0259740406356603,1.088586343472997,0.3568725585937429
2008-08-28,40.02000045776367,41.060001373291016,39.97999954223633,40.91999816894531,33.96165084838867,0.3689818082148847,2.479358154579314,0.8216590881347656
2008-08-29,40.84999847412109,40.880001068115234,39.93999862670898,40.38999938964844,33.52177047729492,-0.26566849919264457,-1.2952267045482024,-0.43988037109375
2008-09-02,40.790000915527344,41.77999877929688,40.2599983215332,40.29999923706055,33.447078704833984,0.46812410046116537,-0.22281571467571704,-0.0746917724609375
2008-09-03,40.33000183105469,41.02000045776367,40.060001373291016,40.65999984741211,33.74586868286133,1.11254900006199,0.8933215981704379,0.29878997802734375
2008-09-04,40.209999084472656,40.27000045776367,39.38999938964844,39.630001068115234,32.891014099121094,0.6468595005671363,-2.533212559362541,-0.8548545837402344
2008-09-05,39.27999877929688,39.93999862670898,38.959999084472656,39.7400016784668,32.98231506347656,0.6412740193138247,0.27758634647239155,0.09130096435546875
2008-09-08,40.619998931884766,40.93000030517578,39.83000183105469,40.27999877929688,33.43048095703125,-0.2098136866595287,1.3588066595451753,0.4481658935546875
2008-09-09,40.369998931884766,40.47999954223633,39.34000015258789,39.68999862670898,32.940818786621094,1.4162595432108076,-1.4647176959240449,-0.48966217041015625
2008-09-10,39.68000030517578,40.20000076293945,39.09999847412109,39.970001220703125,33.1732063293457,0.7564745701633762,0.7054698434484363,0.23238754272460938
2008-09-11,39.58000183105469,39.79999923706055,38.93000030517578,39.650001525878906,32.90761184692383,1.3038517329879118,-0.8006295194532442,-0.265594482421875
2008-09-12,39.36000061035156,40.56999969482422,39.34999847412109,40.27999877929688,33.43048095703125,1.3715756931843148,1.5889001989559448,0.5228691101074219
2008-09-15,39.150001525878906,40.06999969482422,38.79999923706055,39.09999847412109,32.45115280151367,1.7534829738794948,-2.9294468026838327,-0.9793281555175781
2008-09-16,38.630001068115234,40.79999923706055,37.650001525878906,40.65999984741211,33.74586868286133,3.733536078178453,3.989737712144592,1.2947158813476562
2008-09-17,39.97999954223633,40.43000030517578,38.84999847412109,38.869998931884766,32.260257720947266,2.6262144197094304,-4.402349146426232,-1.4856109619140625
2008-09-19,41.38999938964844,44.02999877929688,41.38999938964844,41.38999938964844,34.35172653198242,-1.4358268217614225,6.4831125316060945,2.0914688110351562
2008-09-22,41.06999969482422,41.56999969482422,40.290000915527344,40.380001068115234,33.51348114013672,0.8968097866528298,-2.4401841667704094,-0.8382453918457031
2008-09-23,40.290000915527344,40.560001373291016,39.130001068115234,39.59000015258789,32.857810974121094,1.5524056487602775,-1.9564370626672267,-0.655670166015625
2008-09-24,39.81999969482422,40.02000045776367,39.18999862670898,39.56999969482422,32.841217041015625,0.5372444309708962,-0.05050224775636769,-0.01659393310546875
2008-09-25,39.72999954223633,40.36000061035156,39.56999969482422,39.9900016784668,33.189796447753906,0.6524449818204477,1.0614083098775984,0.34857940673828125
2008-09-26,39.5,39.900001525878906,39.18000030517578,39.75,32.9906005859375,0.17418814950564301,-0.6001719899969005,-0.19919586181640625
2008-09-29,39.0,39.27000045776367,37.650001525878906,37.93000030517578,31.48009490966797,2.3141256546806455,-4.578594052371987,-1.5105056762695312
2008-09-30,38.41999816894531,39.18000030517578,37.790000915527344,39.11000061035156,32.459434509277344,2.5563959040430357,3.110980454219048,0.979339599609375
2008-10-01,39.02000045776367,39.75,38.86000061035156,39.459999084472656,32.74991607666016,1.0943961859887272,0.8949064325190159,0.2904815673828196
2008-10-02,38.0099983215332,39.09000015258789,37.81999969482422,38.16999816894531,31.67928695678711,3.6567357109454184,-3.2691049264582883,-1.070629119873054
2008-10-03,38.54999923706055,39.0099983215332,36.29999923706055,36.52000045776367,30.30985641479492,1.2019167001149753,-4.322794713972556,-1.369430541992191
2008-10-06,35.4900016784668,35.70000076293945,33.52000045776367,35.630001068115234,29.571197509765625,2.673691010362579,-2.437025418136718,-0.7386589050292933
2008-10-07,35.90999984741211,36.68000030517578,34.04999923706055,34.65999984741211,28.766143798828125,1.8547198215957672,-2.722425125569017,-0.8050537109375
2008-10-08,33.68000030517578,35.380001068115234,28.899999618530277,34.09000015258789,28.293073654174805,3.952766217370933,-1.6445379261178283,-0.4730701446533203
2008-10-09,33.91999816894531,34.25,31.36000061035156,32.0,26.55847549438477,3.600880898412303,-6.1308226210837535,-1.7345981597900355
2008-10-13,34.36000061035156,35.209999084472656,33.34000015258789,34.939998626708984,28.998533248901367,0.20770103702551254,9.187491785936652,2.440057754516598
2008-10-14,35.939998626708984,35.939998626708984,33.33000183105469,33.95000076293945,28.1768856048584,2.7518877479089414,-2.833411045277945,-0.8216476440429688
2008-10-15,33.599998474121094,33.599998474121094,31.43000030517578,31.65999984741211,26.27628517150879,4.114046988560305,-6.7452466535971585,-1.9006004333496094
2008-10-17,32.060001373291016,33.34000015258789,29.549999237060547,32.22999954223633,26.749361038208008,2.349733097670507,1.800390974642685,0.47307586669921875
2008-10-21,31.600000381469727,32.189998626708984,30.600000381469727,30.81999969482422,25.579132080078125,3.706306857068559,-4.374792192076516,-1.1702289581298828
2008-10-22,30.01000022888184,30.100000381469727,28.030000686645508,28.780000686645508,23.886024475097656,3.288093948226854,-6.61909715966914,-1.6931076049804688
2008-10-23,28.90999984741211,29.43000030517578,26.799999237060547,28.100000381469727,23.3216609954834,4.13429435810356,-2.3627350805180414,-0.5643634796142578
2008-10-24,25.940000534057617,27.700000762939453,25.489999771118164,27.15999984741211,22.541507720947266,2.834273596395287,-3.345187440496722,-0.7801532745361328
2008-10-27,26.780000686645508,27.489999771118164,25.88999938964844,26.489999771118164,22.107534408569336,2.7463022666556296,-1.9252186577326857,-0.4339733123779297
2008-10-28,26.8799991607666,27.59000015258789,26.059999465942383,27.59000015258789,23.02555274963379,3.28041391150355,4.152513455813556,0.9180183410644531
2008-10-29,27.649999618530277,30.209999084472656,27.229999542236328,29.21999931335449,24.385881423950195,3.6867576726819684,5.90790887457866,1.3603286743164062
2008-10-30,30.07999992370605,30.299999237060547,28.86000061035156,30.190000534057617,25.19541358947754,2.254081731207546,3.3196756412186668,0.8095321655273438
2008-10-31,30.36000061035156,30.6200008392334,29.559999465942383,30.31999969482422,25.303903579711918,1.1411745914852118,0.430594202588086,0.10848999023437855
2008-11-03,30.309999465942383,31.440000534057617,30.01000022888184,30.979999542236328,25.85470962524414,0.5735500591174216,2.176763137739135,0.550806045532223
2008-11-04,31.5,32.33000183105469,31.239999771118164,32.099998474121094,26.789424896240234,0.8486350108430174,3.615261144079729,0.9347152709960938
2008-11-05,31.790000915527344,32.279998779296875,31.280000686645508,31.32999992370605,26.14681053161621,1.940596595865433,-2.39876132881901,-0.6426143646240234
2008-11-06,31.209999084472656,31.46999931335449,30.06999969482422,30.21999931335449,25.220447540283203,1.611751387076713,-3.54292922348165,-0.9263629913330078
2008-11-07,30.530000686645508,31.59000015258789,30.36000061035156,31.59000015258789,26.363800048828125,0.4625386192078538,4.533434653444224,1.1433525085449219
2008-11-10,32.20000076293945,32.290000915527344,30.81999969482422,31.1299991607666,25.97989654541016,0.8653914546029521,-1.4561766615849847,-0.3839035034179652
2008-11-11,30.8700008392334,31.25,30.020000457763672,30.65999984741211,25.5876522064209,0.6761832771470221,-1.5097994647656043,-0.39224433898926137
2008-11-12,30.200000762939453,30.59000015258789,29.440000534057617,29.56999969482422,24.67798614501953,0.7871947170565898,-3.5550978028890734,-0.9096660614013672
2008-11-13,29.75,31.34000015258789,28.520000457763672,31.34000015258789,26.15515899658203,2.703014786942465,5.985791720936762,1.4771728515625
2008-11-14,30.88999938964844,31.3700008392334,29.780000686645508,29.8799991607666,24.93669891357422,0.6601250185437513,-4.658584117829456,-1.2184600830078125
2008-11-17,29.530000686645508,31.1299991607666,29.5,30.290000915527344,25.27887344360352,0.6405758341571607,1.3721725205698254,0.3421745300293004
2008-11-18,30.350000381469727,30.75,29.100000381469727,30.100000381469727,25.12030029296875,1.5887112769068028,-0.627295164037045,-0.15857315063476918
2008-11-19,30.270000457763672,30.280000686645508,28.09000015258789,28.09000015258789,23.44282913208008,1.6745880511764686,-6.6777512263983425,-1.6774711608886683
2008-11-20,28.899999618530277,30.459999084472656,27.940000534057617,28.09000015258789,23.44282913208008,4.280215055846325,0.0,0.0
2008-11-24,29.520000457763672,30.649999618530277,29.3799991607666,30.020000457763672,25.05353546142578,2.7225639713290555,6.870784751579095,1.6107063293456996
2008-11-25,30.200000762939453,31.36000061035156,29.540000915527344,31.21999931335449,26.055007934570312,2.567566866549659,3.997329936473326,1.0014724731445312
2008-11-26,30.84000015258789,33.040000915527344,30.46999931335449,32.75,27.33188819885254,1.0895088898920797,4.900709558364924,1.2768802642822266
2008-11-28,32.650001525878906,33.439998626708984,32.2599983215332,33.439998626708984,27.90772247314453,-0.8500494753203696,2.106822148921883,0.5758342742919922
2008-12-01,32.4900016784668,32.4900016784668,29.950000762939453,29.989999771118164,25.02849769592285,2.7623605252589005,-10.316946429406215,-2.8792247772216797
2008-12-02,30.57999992370605,31.729999542236328,30.15999984741211,31.18000030517578,26.02162742614746,3.5352514936858914,3.9679957714217506,0.9931297302246094
2008-12-03,30.270000457763672,32.0,30.239999771118164,31.600000381469727,26.372148513793945,2.9613432949081258,1.3470375311509741,0.3505210876464844
2008-12-04,31.209999084472656,31.940000534057617,30.100000381469727,30.82999992370605,25.729528427124023,1.6361878675599513,-2.4367377058179374,-0.6426200866699219
2008-12-05,30.3700008392334,32.15999984741211,29.25,32.13999938964844,26.82280731201172,1.981091334951942,4.249121347032392,1.0932788848876953
2008-12-08,32.900001525878906,33.849998474121094,31.979999542236328,32.540000915527344,27.15663146972656,3.505229531949342,1.2445533900746764,0.3338241577148402
2008-12-10,31.520000457763672,32.310001373291016,31.229999542236328,32.099998474121094,26.789424896240234,3.5101168280459896,-1.352180125490443,-0.3672065734863246
2008-12-11,32.06999969482422,32.54999923706055,30.46999931335449,30.88999938964844,25.77960777282715,3.55619704838581,-3.7694617459100743,-1.009817123413086
2008-12-12,30.25,32.369998931884766,30.09000015258789,32.2400016784668,26.90626335144043,2.8300844854553033,4.370336385803464,1.1266555786132812
2008-12-15,32.5,32.790000915527344,31.520000457763672,32.0,26.70596694946289,1.9978477787118767,-0.7444229596705321,-0.20029640197753906
2008-12-16,32.27000045776367,34.459999084472656,32.08000183105469,34.400001525878906,28.708911895751957,2.8817501870484357,7.499990358257191,2.002944946289066
2008-12-17,33.900001525878906,34.93000030517578,33.529998779296875,34.279998779296875,28.60876846313477,2.077440886571567,-0.34882350463447676,-0.1001434326171875
2008-12-18,34.59000015258789,34.900001525878906,32.68000030517578,33.310001373291016,27.799245834350582,1.9566548544687037,-2.8296311664982587,-0.8095226287841868
2008-12-19,33.61000061035156,34.16999816894531,33.189998626708984,33.439998626708984,27.90772247314453,3.0304636254178567,0.3902143225047672,0.10847663879394887
2008-12-22,33.16999816894531,33.400001525878906,32.06999969482422,32.849998474121094,27.415346145629883,1.423939579934111,-1.7643013613470648,-0.49237632751464844
2008-12-23,33.470001220703125,33.689998626708984,32.59000015258789,33.04999923706055,27.582252502441406,2.1814704749144953,0.6088063084263906,0.16690635681152344
2008-12-24,32.86000061035156,33.22999954223633,32.65999984741211,33.040000915527344,27.57391166687012,-0.7411325908807935,-0.030239863733205752,-0.00834083557128551
2008-12-26,33.220001220703125,33.59000015258789,32.90999984741211,33.58000183105469,28.024578094482425,0.12461700338250267,1.6343942530061106,0.4506664276123047
2008-12-29,33.61000061035156,33.65999984741211,32.93000030517578,33.459999084472656,27.92442512512207,0.2789159230052353,-0.3573754759936043,-0.10015296936035512
2008-12-30,33.59000015258789,34.86000061035156,33.45000076293945,34.810001373291016,29.051084518432617,0.5323571348742486,4.034673545694423,1.1266593933105469
2008-12-31,34.81999969482422,35.4900016784668,34.61000061035156,35.2400016784668,29.40995407104492,1.3094372142412234,1.2353051824437022,0.35886955261230113
2009-01-02,35.38999938964844,36.08000183105469,34.88999938964844,35.81999969482422,29.893991470336918,1.4497724307306772,1.6458284774016452,0.4840373992919993
2009-01-05,35.689998626708984,36.06999969482422,34.540000915527344,35.06999969482422,29.268075942993164,1.8931200052122845,-2.0937837222735345,-0.6259155273437536
2009-01-06,35.4900016784668,35.4900016784668,33.779998779296875,34.0099983215332,28.383434295654297,3.638582896872156,-3.0225480112253567,-0.8846416473388672
2009-01-07,33.54999923706055,33.560001373291016,32.560001373291016,32.869998931884766,27.43203353881836,2.278518211690784,-3.35195786008744,-0.9514007568359375
2009-01-08,32.90999984741211,33.7400016784668,32.56999969482422,33.68000030517578,28.108034133911133,3.248297394297009,2.4642744553960316,0.6760005950927734
2009-01-09,33.560001373291016,33.560001373291016,32.16999816894531,32.540000915527344,27.15663146972656,3.6658121179820498,-3.384806847935151,-0.9514026641845739
2009-01-12,32.560001373291016,32.720001220703125,31.8799991607666,32.380001068115234,27.02309799194336,0.8744678616395835,-0.4917159108340008,-0.13353347778319957
2009-01-13,32.209999084472656,32.75,31.399999618530277,32.40999984741211,27.048133850097656,2.766549636198884,0.09264614353898804,0.025035858154296875
2009-01-14,31.31999969482422,31.34000015258789,30.290000915527344,30.559999465942383,25.50419044494629,2.4502717602301156,-5.708132818729716,-1.5439434051513672
2009-01-15,30.530000686645508,31.239999771118164,29.3700008392334,31.09000015258789,25.946517944335938,2.9976489230546512,1.7343326397458503,0.44232749938964844
2009-01-20,30.229999542236328,30.57999992370605,29.040000915527344,29.100000381469727,24.28574752807617,3.762161669601675,-6.400744869977093,-1.6607704162597692
2009-01-21,29.5,30.450000762939453,29.280000686645508,30.3700008392334,25.345630645751957,1.518892761240408,4.364218628438277,1.0598831176757884
2009-01-22,29.959999084472656,30.450000762939453,29.59000015258789,29.989999771118164,25.02849769592285,1.3080408439278954,-1.2512332175181329,-0.3171329498291051
2009-01-23,29.399999618530277,30.25,29.399999618530277,30.01000022888184,25.04519271850586,0.9554573398126015,0.06670405385829081,0.016695022583007812
2009-01-26,30.049999237060547,31.020000457763672,29.90999984741211,30.3700008392334,25.345630645751957,1.0378431882989474,1.1995832119275462,0.3004379272460973
2009-01-27,30.459999084472656,30.88999938964844,30.200000762939453,30.739999771118164,25.781761169433597,0.4855787293777641,1.7207325782392369,0.4361305236816406
2009-01-28,31.32999992370605,32.31999969482422,31.25,31.8799991607666,26.737876892089844,1.9594475950953596,3.7084965467363062,0.9561157226562464
2009-01-29,31.440000534057617,32.09000015258789,31.229999542236328,31.440000534057617,26.36885643005371,1.016199448442365,-1.3801412263413582,-0.3690204620361328
2009-01-30,31.21999931335449,31.5,30.6299991607666,30.81999969482422,25.848859786987305,1.2787170673480097,-1.9720105968408341,-0.5199966430664062
2009-02-02,30.3799991607666,30.93000030517578,29.780000686645508,29.989999771118164,25.15273094177246,4.242513057386471,-2.6930737020953055,-0.6961288452148438
2009-02-04,29.96999931335449,30.56999969482422,29.68000030517578,29.71999931335449,24.926279067993164,3.013008996501258,-0.9003073038213016,-0.22645187377929688
2009-02-06,29.600000381469727,30.90999984741211,29.020000457763672,30.86000061035156,25.882400512695312,4.132199802633568,3.8357969197651443,0.9561214447021484
2009-02-09,30.600000381469727,30.82999992370605,29.93000030517578,30.280000686645508,25.395959854125977,2.5033338321365757,-1.8794263628319041,-0.48644065856933594
2009-02-10,29.899999618530277,30.299999237060547,28.82999992370605,29.06999969482422,24.381122589111328,2.206605140554397,-3.9960579196213097,-1.0148372650146484
2009-02-11,29.32999992370605,29.540000915527344,28.96999931335449,29.32999992370605,24.599184036254883,1.4218450244641192,0.8943864104146826,0.2180614471435547
2009-02-12,28.790000915527344,29.690000534057617,28.59000015258789,29.600000381469727,24.825639724731445,1.6745880511764686,0.9205821141986092,0.2264556884765625
2009-02-13,29.65999984741211,29.81999969482422,29.0,29.18000030517578,24.4733829498291,1.6648134589831733,-1.4189232535724905,-0.35225677490234375
2009-02-17,28.239999771118164,28.540000915527344,27.6299991607666,28.0,23.48371315002441,1.6843626433697638,-4.043861863451948,-0.989669799804691
2009-02-18,28.059999465942383,28.21999931335449,27.43000030517578,27.799999237060547,23.31597137451172,0.6936379060636207,-0.7142898333031167,-0.16774177551269176
2009-02-19,27.940000534057617,28.170000076293945,27.309999465942383,27.459999084472656,23.03080940246582,1.6243187198966642,-1.2230327763981919,-0.28516197204589844
2009-02-20,26.81999969482422,27.530000686645508,26.700000762939453,27.31999969482422,22.913389205932617,1.7115918644796577,-0.5098396434153663,-0.11742019653320312
2009-02-23,27.559999465942383,27.56999969482422,26.25,26.280000686645508,22.04114532470703,2.0034332599651883,-3.806699538799563,-0.8722438812255859
2009-02-24,26.440000534057617,27.440000534057617,26.25,27.26000022888184,22.86307144165039,2.7539823033789332,3.7290535715583717,0.8219261169433594
2009-02-26,27.6299991607666,28.290000915527344,27.459999084472656,27.649999618530277,23.190166473388672,2.2401180280742667,1.4306696830872934,0.32709503173828125
2009-02-27,27.059999465942383,28.540000915527344,26.93000030517578,28.059999465942383,23.534029006958008,2.496351980569936,1.482794588662939,0.34386253356933594
2009-03-02,27.6200008392334,27.84000015258789,26.32999992370605,26.3799991607666,22.12500762939453,4.313727943366194,-5.987165976326825,-1.4090213775634766
2009-03-03,26.809999465942383,26.989999771118164,26.01000022888184,26.1200008392334,21.906946182250977,2.0201897037251233,-0.9855881218040596,-0.2180614471435547
2009-03-04,26.600000381469727,27.030000686645508,26.209999084472656,26.6200008392334,22.326295852661133,1.4218450244641192,1.91423152693877,0.41934967041015625
2009-03-05,26.43000030517578,26.479999542236328,25.68000030517578,25.809999465942383,21.64694595336914,1.6473588300665745,-3.042824048266912,-0.6793498992919922
2009-03-06,26.100000381469727,26.239999771118164,24.950000762939453,25.549999237060547,21.42888069152832,2.3455439867305232,-1.0073719512700197,-0.2180652618408203
2009-03-09,25.450000762939453,26.40999984741211,25.11000061035156,25.299999237060547,21.219207763671875,1.6508497558498942,-0.9784595419364939,-0.2096729278564453
2009-03-10,26.01000022888184,26.450000762939453,25.68000030517578,26.309999465942383,22.06629943847656,1.3778593595942903,3.9920984998079723,0.847091674804684
2009-03-11,26.709999084472656,26.709999084472656,25.780000686645508,26.13999938964844,21.92371940612793,0.6782778326170139,-0.646143830079704,-0.14258003234862926
2009-03-12,26.020000457763672,27.059999465942383,25.76000022888184,26.940000534057617,22.594688415527344,1.127210888351933,3.0604707028492273,0.6709690093994141
2009-03-13,27.059999465942383,27.549999237060547,26.8799991607666,27.420000076293945,22.99725914001465,0.47231321140114907,1.7817051383220317,0.4025707244873047
2009-03-16,27.57999992370605,28.13999938964844,27.280000686645508,27.3700008392334,22.9553337097168,0.7753255693933028,-0.1823062045898327,-0.04192543029784801
2009-03-17,27.61000061035156,27.959999084472656,27.100000381469727,27.959999084472656,23.45016098022461,1.532856464373687,2.155609135398251,0.49482727050780895
2009-03-18,27.959999084472656,29.540000915527344,27.93000030517578,29.540000915527344,24.775318145751957,2.566868681392995,5.650951252082437,1.3251571655273473
2009-03-19,29.71999931335449,30.26000022888184,29.540000915527344,30.049999237060547,25.203054428100582,2.3015583218606945,1.7264613105360427,0.4277362823486257
2009-03-20,29.700000762939453,30.51000022888184,29.25,29.489999771118164,24.733379364013672,1.8344724520525129,-1.8635640589786506,-0.4696750640869105
2009-03-23,30.07999992370605,30.84000015258789,29.540000915527344,30.809999465942383,25.840465545654297,0.853522306939665,4.476081352843364,1.107086181640625
2009-03-24,30.459999084472656,30.899999618530277,30.25,30.440000534057617,25.53014373779297,0.19653007451888937,-1.2009141526999945,-0.3103218078613281
2009-03-25,30.600000381469727,31.399999618530277,30.030000686645508,30.90999984741211,25.924335479736328,0.27682136753524345,1.5440247653593309,0.3941917419433594
2009-03-26,31.13999938964844,32.5099983215332,31.09000015258789,32.47999954223633,27.241098403930664,0.9268317483893795,5.07925429843159,1.316762924194336
2009-03-27,31.850000381469727,32.38999938964844,31.790000915527344,32.099998474121094,26.92239570617676,0.19583188936222543,-1.1699333596178252,-0.3187026977539027
2009-03-30,31.40999984741211,31.670000076293945,30.3799991607666,30.950000762939453,25.95787811279297,1.8554180067524313,-3.5825845660626188,-0.9645175933837926
2009-03-31,31.09000015258789,31.57999992370605,30.68000030517578,31.13999938964844,26.117237091064453,0.9777992648258479,0.6139137320047228,0.15935897827148438
2009-04-01,30.709999084472656,31.190000534057617,30.290000915527344,31.09000015258789,26.07530212402344,1.232636847008189,-0.16056433111509838,-0.04193496704101207
2009-04-02,31.850000381469727,33.209999084472656,31.530000686645508,32.7599983215332,27.47593688964844,1.6222241644266724,5.371499662642765,1.400634765625
2009-04-03,32.720001220703125,33.02000045776367,32.040000915527344,32.849998474121094,27.551424026489254,0.5456226528508636,0.27473908221580245,0.07548713684081321
2009-04-06,32.72999954223633,33.13999938964844,32.400001525878906,32.849998474121094,27.551424026489254,0.9966502640557745,0.0,0.0
2009-04-07,32.36000061035156,32.4900016784668,31.21999931335449,31.700000762939453,26.5869140625,1.1139453703753177,-3.5007626577193585,-0.9645099639892543
2009-04-08,31.979999542236328,32.459999084472656,31.76000022888184,32.459999084472656,27.22433280944824,-0.059703877976779764,2.397490530303026,0.6374187469482386
2009-04-09,33.34000015258789,33.54999923706055,32.970001220703125,33.5,28.096588134765625,0.9442863773059783,3.203954827552913,0.8722553253173864
2009-04-13,33.189998626708984,33.189998626708984,32.47999954223633,32.849998474121094,27.551424026489254,0.7515872740667285,-1.9403213858618207,-0.5451641082763707
2009-04-14,32.34000015258789,32.560001373291016,31.739999771118164,32.0,26.83852767944336,0.7404163115601053,-2.587511797431896,-0.7128963470458949
2009-04-15,31.88999938964844,32.5,31.26000022888184,32.36000061035156,27.140457153320312,1.150949183678507,1.1249852357147372,0.3019294738769531
2009-04-17,30.18000030517578,30.309999465942383,29.420000076293945,29.670000076293945,24.88434219360352,2.1479575873946257,-8.312737500962786,-2.2561149597167933
2009-04-20,29.239999771118164,29.440000534057617,28.76000022888184,28.82999992370605,24.17983055114746,1.9343129294554575,-2.8311443275247705,-0.7045116424560582
2009-04-21,28.82999992370605,29.670000076293945,28.61000061035156,29.61000061035156,24.83402633666992,1.328986398627814,2.705543300390967,0.6541957855224574
2009-04-22,29.25,30.21999931335449,29.100000381469727,29.38999938964844,24.64950561523437,1.9915641123019012,-0.7430157274299187,-0.18452072143554688
2009-04-23,29.6200008392334,29.8799991607666,29.18000030517578,29.86000061035156,25.043701171875,1.7164791605763055,1.599202689067325,0.39419555664062855
2009-04-24,30.3700008392334,30.46999931335449,29.84000015258789,30.280000686645508,25.395959854125977,1.2528842165514436,1.406575968278112,0.35225868225097656
2009-04-27,29.809999465942383,30.520000457763672,29.57999992370605,30.229999542236328,25.48024177551269,0.6985252021602684,0.3318713758835301,0.0842819213867152
2009-04-28,29.729999542236328,30.399999618530277,29.63999938964844,30.0,25.286376953125,1.8260942301725454,-0.760843731765537,-0.19386482238769176
2009-04-29,30.200000762939453,30.989999771118164,29.96999931335449,30.790000915527344,25.95225715637207,0.7473981631267448,2.6333555197783243,0.6658802032470703
2009-04-30,31.190000534057617,31.6299991607666,30.90999984741211,31.030000686645508,26.154544830322266,1.0971889266153831,0.7794608104078726,0.2022876739501953
2009-05-01,30.780000686645508,30.96999931335449,30.299999237060547,30.690000534057617,25.86795997619629,0.9275299335460435,-1.0957363471060133,-0.28658485412597656
2009-05-04,30.850000381469727,31.36000061035156,30.489999771118164,31.32999992370605,26.40740966796875,0.5616809114541345,2.0853971177814623,0.5394496917724609
2009-05-05,31.1200008392334,31.420000076293945,30.90999984741211,31.31999969482422,26.39897918701172,1.0371450031422835,-0.031924679713124515,-0.00843048095703125
2009-05-06,31.56999969482422,31.56999969482422,30.8700008392334,31.56999969482422,26.60970115661621,1.627809645679984,0.7982201437098269,0.2107219696044922
2009-05-07,31.93000030517578,31.93000030517578,30.75,31.13999938964844,26.24725914001465,0.7662491623566714,-1.362067219275953,-0.3624420166015625
2009-05-08,31.420000076293945,31.530000686645508,30.90999984741211,31.36000061035156,26.432695388793945,0.46812410046116537,0.7064975729088374,0.18543624877929688
2009-05-11,30.68000030517578,31.26000022888184,30.6299991607666,31.09000015258789,26.205114364624023,0.4080801769880658,-0.8609830394610607,-0.22758102416992188
2009-05-12,31.1200008392334,31.280000686645508,30.65999984741211,31.15999984741211,26.26412010192871,0.20770103702551254,0.22516878378651128,0.0590057373046875
2009-05-13,30.68000030517578,30.920000076293945,30.020000457763672,30.170000076293945,25.429672241210938,0.9359081554260109,-3.177139982148103,-0.8344478607177734
2009-05-14,30.030000686645508,30.989999771118164,30.01000022888184,30.71999931335449,25.89325523376465,0.6007792802273156,1.8230002658171651,0.46358299255371094
2009-05-15,30.59000015258789,30.989999771118164,30.3700008392334,30.649999618530277,25.834253311157227,0.29148325582518636,-0.22786599087195603,-0.059001922607421875
2009-05-18,30.899999618530277,31.09000015258789,30.540000915527344,31.0,26.12925910949707,0.514204320800986,1.1419172630487306,0.29500579833984375
2009-05-19,31.0,31.51000022888184,30.940000534057617,31.26000022888184,26.34840965270996,0.40319288089141814,0.8387170194704696,0.21915054321289062
2009-05-20,31.399999618530277,31.6200008392334,30.76000022888184,31.040000915527344,26.16297149658203,0.5693609481774379,-0.7037925953487512,-0.1854381561279297
2009-05-21,30.780000686645508,31.030000686645508,30.399999618530277,30.739999771118164,25.910112380981445,0.17209359403565117,-0.966477051865533,-0.25285911560058594
2009-05-22,30.959999084472656,31.1299991607666,30.63999938964844,30.68000030517578,25.859539031982425,-0.39273819770548324,-0.19518768678187248,-0.050573348999019885
2009-05-26,30.530000686645508,31.899999618530277,30.51000022888184,31.6299991607666,26.66027069091797,0.3047487738018014,3.0964653234739403,0.8007316589355433
2009-05-27,31.38999938964844,31.540000915527344,30.649999618530277,30.700000762939453,25.876388549804688,0.41576021371136923,-2.9402632486410507,-0.7838821411132812
2009-05-28,30.84000015258789,30.8799991607666,30.06999969482422,30.450000762939453,25.665679931640625,1.3338736947244616,-0.8142891260057739,-0.2107086181640625
2009-05-29,30.46999931335449,31.01000022888184,30.280000686645508,31.01000022888184,26.13768577575684,0.7432090521867611,1.8390545092644262,0.4720058441162145
2009-06-01,31.549999237060547,32.38999938964844,31.549999237060547,32.16999816894531,27.115428924560547,0.5072224692343464,3.7407410785792683,0.9777431488037074
2009-06-02,31.809999465942383,32.959999084472656,31.809999465942383,32.86000061035156,27.69701385498047,1.245902364984804,2.144848720770698,0.5815849304199219
2009-06-03,32.65999984741211,32.90999984741211,32.099998474121094,32.79999923706055,27.646448135375977,1.7730321582660853,-0.18256740553060924,-0.05056571960449219
2009-06-04,32.810001373291016,32.97999954223633,32.58000183105469,32.849998474121094,27.688587188720703,0.10646418930924001,0.1524212193131813,0.04213905334472656
2009-06-05,33.0,33.310001373291016,32.209999084472656,32.439998626708984,27.342998504638672,0.9505700437159539,-1.2481268246969712,-0.34558868408203125
2009-06-08,32.08000183105469,32.93000030517578,32.040000915527344,32.75,27.604291915893555,0.25378125736533313,0.9556135959651879,0.2612934112548828
2009-06-09,32.84000015258789,33.11000061035156,32.599998474121094,33.02000045776367,27.83187484741211,0.42902573168798425,0.824447633766412,0.2275829315185547
2009-06-10,33.349998474121094,33.41999816894531,32.7599983215332,33.33000183105469,28.093172073364254,1.219371329031574,0.9388416245211806,0.2612972259521449
2009-06-11,33.36000061035156,34.2599983215332,33.36000061035156,34.029998779296875,28.683181762695312,0.40877836214472973,2.100188927723323,0.5900096893310582
2009-06-12,33.900001525878906,34.150001525878906,33.349998474121094,34.02000045776367,28.674766540527344,0.5079206543910104,-0.029338524008915012,-0.00841522216796875
2009-06-15,33.84000015258789,34.02000045776367,33.04999923706055,33.290000915527344,28.0594539642334,-0.024096434986918384,-2.1458329065183412,-0.6153125762939453
2009-06-16,33.65999984741211,33.709999084472656,32.83000183105469,32.97999954223633,27.79816246032715,0.6000810950706517,-0.9312066594001078,-0.26129150390625
2009-06-17,32.97999954223633,33.439998626708984,32.7400016784668,33.13999938964844,27.93302154541016,0.14137344714243744,0.48513668943217514,0.13485908508301137
2009-06-18,33.220001220703125,33.380001068115234,32.88999938964844,32.9900016784668,27.80659294128418,-0.15326068896974887,-0.4526134199998699,-0.12642860412598012
2009-06-19,33.34000015258789,33.52000045776367,32.86000061035156,32.90999984741211,27.739152908325195,0.2516867018953413,-0.24253252853159157,-0.06744003295898438
2009-06-22,32.72999954223633,32.810001373291016,31.979999542236328,32.02000045776367,26.98899269104004,0.14137344714243744,-2.7043371503244984,-0.7501602172851562
2009-06-23,32.2599983215332,32.5,31.90999984741211,32.209999084472656,27.14914321899414,-0.12882420848651066,0.593392016469263,0.16015052795410156
2009-06-24,32.27000045776367,32.810001373291016,32.189998626708984,32.2400016784668,27.17443084716797,0.18954822295224988,0.09314337461721056,0.025287628173828125
2009-06-25,32.029998779296875,33.06999969482422,32.0,32.959999084472656,27.781295776367188,-0.15326068896974887,2.2332203850461196,0.6068649291992188
2009-06-26,32.88999938964844,33.45000076293945,32.61000061035156,33.36000061035156,28.11845588684082,1.0099157820323894,1.213622694879657,0.3371601104736328
2009-06-29,33.4900016784668,33.9900016784668,33.11000061035156,33.790000915527344,28.48089408874512,-0.4758222313484931,1.2889690791090702,0.3624382019043004
2009-06-30,33.70000076293945,33.88999938964844,33.349998474121094,33.77000045776367,28.46402740478516,0.15743170574570825,-0.05922104800293315,-0.016866683959960938
2009-07-01,33.88999938964844,34.650001525878906,33.81999969482422,34.11000061035156,28.750621795654297,-0.051325656096812375,1.0068652154998858,0.2865943908691371
2009-07-02,33.83000183105469,33.83000183105469,33.08000183105469,33.650001525878906,28.362886428833008,-0.5114296743383545,-1.3486155867414862,-0.38773536682128906
2009-07-06,33.36000061035156,33.38999938964844,32.880001068115234,33.150001525878906,27.941444396972656,0.02826745176287776,-1.4858926044703402,-0.42144203186035156
2009-07-07,33.20000076293945,33.47999954223633,32.560001373291016,32.560001373291016,27.444150924682617,-0.31523964531578497,-1.7797700978690933,-0.49729347229003906
2009-07-08,32.79999923706055,32.900001525878906,32.15999984741211,32.400001525878906,27.309289932250977,-0.13999517099313386,-0.4914015842638064,-0.13486099243164062
2009-07-09,32.61000061035156,32.77000045776367,32.220001220703125,32.41999816894531,27.32614517211914,-0.26706486950597247,0.06171980271174604,0.016855239868164062
2009-07-10,32.13999938964844,32.779998779296875,32.13999938964844,32.709999084472656,27.57058525085449,-0.6091755962713074,0.8945282153618672,0.244440078735348
2009-07-13,32.75,33.380001068115234,32.36000061035156,33.31999969482422,28.084732055664062,-0.8095547362338605,1.8648381966923866,0.5141468048095739
2009-07-14,33.380001068115234,33.439998626708984,32.95000076293945,33.33000183105469,28.093172073364254,-0.3836617906688519,0.030051978717349215,0.00844001770019176
2009-07-15,33.84000015258789,35.11000061035156,33.84000015258789,35.0,29.500776290893555,1.0692615203488252,5.010485159359712,1.4076042175293004
2009-07-16,35.18000030517578,35.93000030517578,35.0,35.7400016784668,30.124515533447266,0.7480963482834088,2.1143146756658293,0.6237392425537109
2009-07-17,35.41999816894531,36.09999847412109,35.0099983215332,35.13999938964844,29.6187801361084,1.232636847008189,-1.6788166992340425,-0.5057353973388672
2009-07-20,35.38999938964844,35.97999954223633,35.119998931884766,35.81999969482422,30.19193458557129,0.3626981418049091,1.9351048450646946,0.5731544494628906
2009-07-21,35.900001525878906,35.900001525878906,35.279998779296875,35.599998474121094,30.00649070739746,-0.07436576626672269,-0.614216613540397,-0.18544387817382812
2009-07-22,35.5,35.900001525878906,35.25,35.72999954223633,30.1160831451416,-0.463953083685206,0.36522910597180935,0.10959243774414062
2009-07-23,35.810001373291016,36.4900016784668,35.5099983215332,36.09000015258789,30.41951942443848,0.04292934005282068,1.007555590262177,0.30343627929687855
2009-07-24,35.81999969482422,36.09999847412109,35.75,36.060001373291016,30.39422607421875,-0.25938483278266905,-0.0831484214685152,-0.025293350219730115
2009-07-27,35.900001525878906,35.900001525878906,35.13999938964844,35.25,29.835599899291992,0.6140447982039307,-1.8379351840137836,-0.5586261749267578
2009-07-28,34.91999816894531,35.34000015258789,34.849998474121094,34.970001220703125,29.598617553710938,0.6796742029303418,-0.7942938850935555,-0.2369823455810547
2009-07-29,34.66999816894531,34.88999938964844,34.47999954223633,34.619998931884766,29.302370071411133,0.785798346743262,-1.000882834349348,-0.2962474822998047
2009-07-30,34.81999969482422,35.41999816894531,34.58000183105469,34.97999954223633,29.60708236694336,-0.31803238594244077,1.0398895884176973,0.30471229553222656
2009-07-31,34.81999969482422,35.400001525878906,34.81999969482422,34.91999816894531,29.556297302246094,-0.3620180508122695,-0.1715301226505428,-0.050785064697265625
2009-08-03,35.34000015258789,35.84000015258789,34.970001220703125,35.68000030517578,30.19955825805664,-0.07017665532673899,2.176392222721568,0.6432609558105469
2009-08-04,35.61000061035156,36.09000015258789,35.61000061035156,35.88999938964844,30.37728309631348,-0.5547171540515193,0.5885014500482733,0.1777248382568395
2009-08-05,35.849998474121094,36.08000183105469,35.310001373291016,35.540000915527344,30.081043243408203,-0.6336120767545455,-0.9752019361508601,-0.296239852905277
2009-08-06,35.7599983215332,35.95000076293945,35.029998779296875,35.09000015258789,29.700180053710938,-0.0876312842433377,-1.2661236068690074,-0.3808631896972656
2009-08-07,35.25,35.58000183105469,35.099998474121094,35.31999969482422,29.894847869873047,-0.6692195197444069,0.6554432188965231,0.19466781616210938
2009-08-10,35.11000061035156,35.290000915527344,34.75,35.0,29.624004364013672,-0.8828641776835752,-0.9059872357882859,-0.270843505859375
2009-08-11,34.7599983215332,35.83000183105469,34.58000183105469,35.52000045776367,30.064132690429688,-0.1448824670897815,1.4857151687118542,0.4401283264160156
2009-08-12,35.47999954223633,35.9900016784668,35.15999984741211,35.709999084472656,30.22494125366211,-0.5896264118847168,0.5348850901114144,0.16080856323242188
2009-08-13,35.790000915527344,36.08000183105469,35.65999984741211,35.970001220703125,30.44502067565918,-0.3592253101856137,0.7281384607171315,0.2200794219970703
2009-08-14,35.869998931884766,36.209999084472656,35.15999984741211,35.45000076293945,30.00487899780273,-0.559604450148167,-1.4456934765964657,-0.44014167785644887
2009-08-17,34.959999084472656,35.16999816894531,34.59000015258789,34.72999954223633,29.39547348022461,-0.36830171722224503,-2.031021413626588,-0.6094055175781214
2009-08-18,34.970001220703125,35.0,34.29999923706055,34.88999938964844,29.530902862548828,-0.17001713272968363,0.46071509076159867,0.13542938232421875
2009-08-19,34.52000045776367,35.29999923706055,34.52000045776367,35.220001220703125,29.81021499633789,-0.7718527377740073,0.945829983895563,0.2793121337890625
2009-08-20,35.209999084472656,35.349998474121094,34.88999938964844,35.290000915527344,29.869468688964844,-0.9240571019267481,0.1987697594070692,0.059253692626953125
2009-08-21,35.619998931884766,36.0,35.33000183105469,35.630001068115234,30.15723419189453,-0.18747176164628235,0.9634101829069319,0.2877655029296875
2009-08-24,35.7599983215332,35.95000076293945,35.369998931884766,35.5,30.04720687866211,-0.6503685205144802,-0.36484550450582853,-0.11002731323242188
2009-08-25,35.68000030517578,35.90999984741211,35.380001068115234,35.4900016784668,30.038745880126957,-0.857729512043673,-0.02815901847156299,-0.008460998535152697
2009-08-26,35.470001220703125,35.540000915527344,35.060001373291016,35.16999816894531,29.76789283752441,-0.6461794095744966,-0.901678930549954,-0.27085304260254617
2009-08-27,35.15999984741211,35.380001068115234,34.470001220703125,35.09000015258789,29.700180053710938,-0.5379607102915845,-0.22746918696279206,-0.06771278381347301
2009-08-28,35.27000045776367,35.529998779296875,34.650001525878906,34.77000045776367,29.42933654785156,-0.79000555184727,-0.911925467689334,-0.27084350585937855
2009-08-31,34.470001220703125,34.70000076293945,34.29999923706055,34.380001068115234,29.099241256713867,-0.6664267791177511,-1.1216538660358988,-0.33009529113769176
2009-09-01,34.310001373291016,34.849998474121094,33.75,34.13999938964844,28.89609718322754,-0.26846123981930037,-0.6981078018295728,-0.20314407348632812
2009-09-02,34.06999969482422,34.279998779296875,33.86000061035156,33.97999954223633,28.760683059692383,-0.7285652580608425,-0.4686242667184648,-0.13541412353515625
2009-09-03,33.970001220703125,34.18000030517578,33.650001525878906,34.13999938964844,28.89609718322754,-0.5330734141949369,0.470830693603852,0.13541412353515625
2009-09-04,34.06999969482422,34.33000183105469,33.58000183105469,34.29999923706055,29.031530380249023,-0.10299135768994458,0.4686902738550325,0.13543319702148438
2009-09-08,34.70000076293945,34.9900016784668,34.189998626708984,34.95000076293945,29.58168029785156,-0.3710944578489008,1.8950083250754757,0.5501499176025355
2009-09-09,34.95000076293945,35.2599983215332,34.849998474121094,35.16999816894531,29.76789283752441,0.09878415258593656,0.6294860122816548,0.18621253967285156
2009-09-10,35.04999923706055,35.45000076293945,34.81999969482422,35.27000045776367,29.85252952575684,-0.10438772800327246,0.2843220670484925,0.08463668823242898
2009-09-11,35.439998626708984,35.65999984741211,35.310001373291016,35.47999954223633,30.0302848815918,-0.3047668679658257,0.5954448706987803,0.17775535583496094
2009-09-14,35.279998779296875,36.06999969482422,35.11000061035156,35.900001525878906,30.385765075683597,-0.07366758111005874,1.1837390004571846,0.3554801940917969
2009-09-15,36.0,36.880001068115234,35.58000183105469,36.79999923706055,31.14752197265625,-0.2845194984225712,2.5069531574251958,0.7617568969726527
2009-09-16,36.81999969482422,37.25,36.810001373291016,37.11000061035156,31.409912109375,-0.7013360369509485,0.8424109531059765,0.26239013671875
2009-09-17,37.11000061035156,37.470001220703125,36.810001373291016,36.93999862670898,31.266033172607425,-0.12882420848651066,-0.45806857487076247,-0.14387893676757457
2009-09-18,37.0,37.25,36.65999984741211,36.70000076293945,31.06290435791016,0.9924611531157908,-0.6496788817944132,-0.20312881469726562
2009-09-21,36.470001220703125,37.09000015258789,36.209999084472656,36.95000076293945,31.27448272705078,-0.10997320925658406,0.6811287402581412,0.21157836914062145
2009-09-22,37.08000183105469,37.220001220703125,36.65999984741211,37.09999847412109,31.401445388793945,-0.07995124752003427,0.40596246739310615,0.12696266174316406
2009-09-23,37.27999877929688,38.09000015258789,37.02000045776367,37.36000061035156,31.62151908874512,0.42344025043467265,0.7008393952136815,0.22007369995117543
2009-09-24,37.40999984741211,37.61000061035156,36.619998931884766,36.810001373291016,31.15598487854004,-0.4793131571318129,-1.4722069768329904,-0.4655342102050817
2009-09-25,36.790000915527344,36.84999847412109,36.2400016784668,36.380001068115234,30.79203414916992,-0.5833427454747412,-1.168156714637536,-0.36395072937012074
2009-09-28,36.63999938964844,37.58000183105469,36.52999877929688,37.34999847412109,31.613046646118164,-0.3850581609821798,2.666314583086349,0.8210124969482457
2009-09-29,37.310001373291016,37.650001525878906,37.25,37.380001068115234,31.638446807861328,-0.6866741486610056,0.0803470858962152,0.025400161743164062
2009-09-30,37.36000061035156,37.61000061035156,36.810001373291016,37.36000061035156,31.62151908874512,-0.008038176383647566,-0.05350363505202127,-0.016927719116207385
2009-10-01,37.11000061035156,37.130001068115234,36.38999938964844,36.41999816894531,30.825891494750977,-0.015718213106951002,-2.5160954214793807,-0.7956275939941442
2009-10-02,36.04999923706055,36.459999084472656,36.02999877929688,36.119998931884766,30.571971893310547,-0.6692195197444069,-0.8237218426713322,-0.2539196014404297
2009-10-05,36.209999084472656,36.709999084472656,35.97999954223633,36.709999084472656,31.071352005004883,-0.37598175394554845,1.6334573165154742,0.49938011169433594
2009-10-06,36.84999847412109,37.2599983215332,36.59999847412109,36.83000183105469,31.17291831970215,-0.3243160523524163,0.3268808987806793,0.10156631469726562
2009-10-07,36.84999847412109,37.31999969482422,36.709999084472656,37.06999969482422,31.37604331970215,-0.5882300415713888,0.6516072634483505,0.203125
2009-10-08,37.220001220703125,37.720001220703125,37.0099983215332,37.34000015258789,31.604591369628903,0.09668959711594473,0.7284157775981903,0.22854804992675426
2009-10-09,37.18999862670898,37.97999954223633,37.04999923706055,37.97999954223633,32.146278381347656,-0.4541784914919107,1.7139503731704586,0.5416870117187536
2009-10-12,38.06999969482422,38.52999877929688,37.68999862670898,37.95000076293945,32.12087631225586,-0.7334525541574901,-0.07902024859753887,-0.025402069091796875
2009-10-13,37.959999084472656,38.16999816894531,37.70000076293945,38.040000915527344,32.19704818725586,0.29916329254848983,0.23714133530952086,0.076171875
2009-10-14,38.31999969482422,38.959999084472656,38.0099983215332,38.88999938964844,32.9164924621582,0.5651718372374542,2.234503830034673,0.7194442749023438
2009-10-15,37.97999954223633,38.31999969482422,36.5,37.70000076293945,31.909273147583008,2.6234216790827745,-3.0599229724525667,-1.0072193145751953
2009-10-16,37.560001373291016,37.720001220703125,37.25,37.4900016784668,31.73155403137207,-0.19235905774293,-0.556951314399956,-0.1777191162109375
2009-10-19,37.68999862670898,37.70000076293945,37.18999862670898,37.52999877929688,31.76539802551269,0.5204879872109616,0.1066572223571649,0.03384399414062145
2009-10-20,37.630001068115234,37.77999877929688,37.02000045776367,37.06999969482422,31.37604331970215,0.03874022911283699,-1.2257195880178484,-0.3893547058105433
2009-10-21,37.0,37.45000076293945,36.619998931884766,36.619998931884766,30.99518203735352,-0.22377738979280767,-1.213860136754319,-0.38086128234862926
2009-10-22,36.5,37.31999969482422,36.43000030517578,37.16999816894531,31.46068382263184,-0.24472294449272614,1.5018520772593913,0.4655017852783203
2009-10-23,37.25,37.310001373291016,36.61000061035156,36.959999084472656,31.28294563293457,0.04781663614946832,-0.5649533579731303,-0.17773818969726918
2009-10-26,36.84999847412109,37.459999084472656,36.52999877929688,36.91999816894531,31.376434326171875,0.2083992221821765,0.298848753996106,0.09348869323730469
2009-10-27,37.08000183105469,37.220001220703125,36.18999862670898,36.27000045776367,30.824031829833984,0.40319288089141814,-1.7605649214165742,-0.5524024963378906
2009-10-28,36.31999969482422,36.31999969482422,35.41999816894531,35.43000030517578,30.110157012939453,-0.28382131326590726,-2.3159683354712413,-0.7138748168945312
2009-10-29,35.58000183105469,35.88999938964844,35.31999969482422,35.7400016784668,30.373611450195312,0.23493025813540655,0.8749686597205208,0.2634544372558594
2009-10-30,35.4900016784668,35.959999084472656,35.040000915527344,35.310001373291016,30.0081729888916,1.3604047306776916,-1.2031445845777422,-0.36543846130371094
2009-11-02,35.380001068115234,35.470001220703125,34.65999984741211,34.93000030517578,29.685230255126957,1.6180350534866887,-1.0761825916032697,-0.3229427337646449
2009-11-03,34.720001220703125,35.290000915527344,34.52000045776367,35.20000076293945,29.91469383239746,0.23074114719542285,0.772989043030492,0.22946357727050426
2009-11-04,35.380001068115234,35.47999954223633,34.95000076293945,35.02000045776367,29.761720657348636,-0.26706486950597247,-0.5113646688342688,-0.15297317504882457
2009-11-05,35.29999923706055,35.65999984741211,35.029998779296875,35.65999984741211,30.30563163757324,-0.22726831557612742,1.8275521986337306,0.5439109802246023
2009-11-06,35.36000061035156,35.7599983215332,35.22999954223633,35.439998626708984,30.118656158447266,-0.3864545312955077,-0.6169661182516273,-0.186975479125973
2009-11-09,35.619998931884766,36.08000183105469,35.45000076293945,36.02999877929688,30.620065689086918,-0.3305997187623918,1.6647805532951088,0.501409530639652
2009-11-10,35.790000915527344,36.09999847412109,35.66999816894531,35.95000076293945,30.55208396911621,0.41436384339804133,-0.22201689787666457,-0.06798171997070668
2009-11-11,35.970001220703125,36.2599983215332,35.70000076293945,35.959999084472656,30.56058120727539,-0.3515452734623103,0.027812302976681913,0.008497238159179688
2009-11-12,35.869998931884766,36.27000045776367,35.54999923706055,35.599998474121094,30.254627227783203,-0.5400552657615764,-1.001139269626683,-0.3059539794921875
2009-11-13,35.7599983215332,36.220001220703125,35.619998931884766,36.0,30.59457397460937,-0.450687565708591,1.123619022858069,0.3399467468261683
2009-11-16,36.34000015258789,36.86000061035156,36.18000030517578,36.709999084472656,31.197961807250977,0.26076310893197263,1.9722053758367775,0.6033878326416051
2009-11-17,36.52000045776367,36.959999084472656,36.310001373291016,36.90999984741211,31.367938995361328,0.9491736734026259,0.5448342720608235,0.16997718811035156
2009-11-18,36.9900016784668,37.06999969482422,36.52000045776367,36.59999847412109,31.104490280151367,-0.2084173163462008,-0.839866193468819,-0.26344871520996094
2009-11-19,36.45000076293945,36.56999969482422,35.75,36.40999984741211,30.94301414489746,-0.3257124226657442,-0.5191409143809333,-0.16147613525390625
2009-11-20,36.11000061035156,36.40999984741211,35.880001068115234,36.34000015258789,30.883522033691406,-0.6357066322245374,-0.19226346511516113,-0.05949211120605469
2009-11-23,36.86000061035156,37.29999923706055,36.369998931884766,36.68000030517578,31.172475814819336,-0.9470972120966584,0.9356244433931682,0.2889537811279297
2009-11-24,36.540000915527344,36.619998931884766,36.150001525878906,36.5099983215332,31.027982711791992,-0.844463994067058,-0.46352783746054227,-0.14449310302734375
2009-11-25,36.58000183105469,36.88999938964844,36.459999084472656,36.81999969482422,31.29145622253418,-1.117454390322662,0.8491480519036587,0.2634735107421875
2009-11-27,35.83000183105469,36.31999969482422,35.61000061035156,35.90999984741211,30.51808357238769,-1.2165966825689425,-2.471513772470435,-0.7733726501464879
2009-11-30,35.810001373291016,36.119998931884766,35.41999816894531,36.119998931884766,30.69656181335449,-0.06528935923009135,0.5848278137893237,0.17847824096679688
2009-12-01,36.29999923706055,36.56999969482422,36.13999938964844,36.310001373291016,30.85803604125977,-0.4611603430585502,0.5260335958375384,0.16147422790528054
2009-12-02,36.369998931884766,36.959999084472656,36.310001373291016,36.470001220703125,30.993995666503903,0.24679940579869367,0.4405971431958422,0.13595962524413352
2009-12-03,36.54999923706055,36.9900016784668,36.040000915527344,36.060001373291016,30.64556121826172,-0.625932040031242,-1.1241998353208382,-0.34843444824218395
2009-12-04,36.43999862670898,36.84000015258789,36.130001068115234,36.52999877929688,31.04499053955078,-0.8095547362338605,1.3033839336283437,0.3994293212890625
2009-12-07,36.40999984741211,36.70000076293945,36.31999969482422,36.63999938964844,31.138458251953125,-0.8870532886235588,0.3010718018524372,0.09346771240234375
2009-12-08,36.34999847412109,36.72999954223633,36.040000915527344,36.68000030517578,31.172475814819336,-0.5561135243648472,0.10924613733589439,0.03401756286621094
2009-12-09,36.619998931884766,36.959999084472656,36.58000183105469,36.709999084472656,31.197961807250977,-0.612666522054627,0.08175799889311719,0.025485992431640625
2009-12-10,36.9900016784668,37.09000015258789,36.13999938964844,36.310001373291016,30.85803604125977,-0.09880224674996088,-1.0895768386773308,-0.3399257659912074
2009-12-11,36.540000915527344,36.65999984741211,36.27000045776367,36.58000183105469,31.08748435974121,-0.9868937660265035,0.743560990643255,0.22944831848144176
2009-12-14,36.93999862670898,36.97999954223633,36.369998931884766,36.540000915527344,31.053491592407227,-0.31663601562911287,-0.1093455068304161,-0.033992767333984375
2009-12-15,36.34999847412109,36.86000061035156,36.25,36.65999984741211,31.155481338500977,0.017096489256254583,0.3284324591656729,0.10198974609375
2009-12-16,36.83000183105469,36.83000183105469,36.47999954223633,36.75,31.231958389282227,-0.5435461915448961,0.24546900736450716,0.07647705078125
2009-12-17,36.41999816894531,36.43999862670898,36.06999969482422,36.209999084472656,30.77304077148437,-0.667823149431079,-1.4693846990886716,-0.4589176177978551
2009-12-18,36.40999984741211,36.40999984741211,35.84000015258789,35.93000030517578,30.535083770751957,0.3424507722616546,-0.7732645028466489,-0.23795700073241477
2009-12-21,36.150001525878906,36.43000030517578,36.0,36.18999862670898,30.75604248046875,0.1553371502757164,0.7236224120938495,0.22095870971679332
2009-12-22,36.18000030517578,36.43999862670898,36.18000030517578,36.29999923706055,30.84953498840332,-0.28940679451921886,0.30398094291208544,0.09349250793457031
2009-12-23,36.33000183105469,36.43999862670898,35.959999084472656,36.16999816894531,30.739051818847656,-0.15046794834309307,-0.35813560754545115,-0.11048316955566406
2009-12-24,36.29999923706055,36.41999816894531,35.970001220703125,36.369998931884766,30.909011840820312,-0.8765805112735996,0.552912376654513,0.16996002197265625
2009-12-28,36.41999816894531,36.52000045776367,36.25,36.38999938964844,30.92601585388184,-0.6873723338176695,0.05501312416293924,0.01700401306152699
2009-12-29,36.34999847412109,36.43999862670898,36.130001068115234,36.36000061035156,30.900514602661133,-0.3662071617522532,-0.08245889590561273,-0.025501251220706678
2009-12-30,36.209999084472656,36.400001525878906,36.209999084472656,36.31999969482422,30.866535186767575,-0.7976855885705734,-0.10996391591042709,-0.03397941589355824
2009-12-31,36.220001220703125,36.2400016784668,35.7400016784668,35.7400016784668,30.373611450195312,-0.1365042452098141,-1.5969519532713083,-0.4929237365722621
2010-01-04,35.88999938964844,36.2400016784668,35.88999938964844,36.2400016784668,30.798532485961918,0.26983951596860395,1.398980942596717,0.4249210357666051
2010-01-05,36.27000045776367,36.310001373291016,36.040000915527344,36.20000076293945,30.7645320892334,-0.42764745553868067,-0.11039615846637485,-0.03400039672851918
2010-01-06,36.27999877929688,36.84999847412109,36.16999816894531,36.75,31.231958389282227,1.3220045470611745,1.5193674933623003,0.4674263000488281
2010-01-07,36.68000030517578,36.880001068115234,36.58000183105469,36.75,31.231958389282227,-0.5973064486080202,0.0,0.0
2010-01-08,36.77999877929688,36.88999938964844,36.5099983215332,36.77999877929688,31.2574462890625,-0.9198679909867644,0.08160839439712575,0.025487899780273438
2010-01-11,36.84000015258789,36.91999816894531,36.619998931884766,36.810001373291016,31.28294563293457,-0.8221220690538116,0.08157846177279104,0.025499343872070312
2010-01-12,36.650001525878906,37.0099983215332,36.560001373291016,36.83000183105469,31.299957275390625,0.7208671271735148,0.05437992526555746,0.017011642456054688
2010-01-13,36.83000183105469,36.9900016784668,36.52000045776367,36.88999938964844,31.350927352905277,-0.8332930315604348,0.16284392041239215,0.05097007751465199
2010-01-14,36.77000045776367,36.91999816894531,36.650001525878906,36.77999877929688,31.2574462890625,-1.1363053895525885,-0.29817639137272867,-0.09348106384277699
2010-01-15,36.630001068115234,36.77999877929688,36.06999969482422,36.2400016784668,30.798532485961918,-0.5232988220016416,-1.4681743315069329,-0.4589138031005824
2010-01-19,36.11000061035156,36.88999938964844,36.11000061035156,36.88999938964844,31.350927352905277,-0.6049864853313236,1.793575285430049,0.5523948669433594
2010-01-20,36.630001068115234,36.630001068115234,36.130001068115234,36.41999816894531,30.95150184631348,-0.8235184393671395,-1.2740468634168889,-0.3994255065917969
2010-01-21,36.5,36.52999877929688,35.93000030517578,36.06999969482422,30.65406608581543,-0.857031326887009,-0.9609735966123356,-0.2974357604980504
2010-01-22,36.16999816894531,36.560001373291016,35.9900016784668,36.060001373291016,30.64556121826172,0.1322970401058061,-0.02774466372552631,-0.008504867553710938
2010-01-25,36.220001220703125,36.369998931884766,36.0099983215332,36.060001373291016,30.64556121826172,-0.6845795931910138,0.0,0.0
2010-01-26,36.02000045776367,36.59000015258789,35.86000061035156,36.0,30.59457397460937,-0.436723862575312,-0.16637725538524162,-0.0509872436523473
2010-01-27,35.869998931884766,36.29999923706055,35.7400016784668,36.209999084472656,30.77304077148437,-0.5281861180982893,0.5833282627929703,0.178466796875
2010-01-28,36.27000045776367,36.41999816894531,35.810001373291016,35.91999816894531,30.526586532592773,-0.5023532673017231,-0.8008771077311683,-0.246454238891598
2010-01-29,35.91999816894531,36.380001068115234,35.47999954223633,35.47999954223633,30.15264892578125,-0.1434860967764536,-1.2249571579589391,-0.37393760681152344
2010-02-01,35.40999984741211,35.68000030517578,35.31999969482422,35.560001373291016,30.348953247070312,-0.6364048173812012,0.6510350774562301,0.1963043212890625
2010-02-02,35.54999923706055,36.18000030517578,35.43000030517578,36.08000183105469,30.792747497558597,-0.5770590790647656,1.4623049660901444,0.4437942504882848
2010-02-03,36.02000045776367,36.310001373291016,35.83000183105469,36.0,30.724470138549805,-0.5840409306314052,-0.22173194845379607,-0.06827735900879262
2010-02-04,35.7400016784668,35.88999938964844,35.08000183105469,35.099998474121094,29.95635032653809,-0.7557944791707365,-2.5000262284359476,-0.7681198120117152
2010-02-05,35.130001068115234,35.15999984741211,34.459999084472656,35.029998779296875,29.896615982055664,0.5379426161275602,-0.19940461314977842,-0.05973434448242543
2010-02-08,35.029998779296875,35.40999984741211,34.869998931884766,35.150001525878906,29.99903678894043,-0.6182520033079386,0.3425832774727411,0.10242080688476562
2010-02-09,35.40999984741211,35.599998474121094,35.02000045776367,35.41999816894531,30.229454040527344,-0.7879109963772781,0.7680821661309567,0.23041725158691406
2010-02-10,35.290000915527344,35.45000076293945,35.0,35.08000183105469,29.93930053710937,1.8798544872356695,-0.9598370616583973,-0.2901535034179723
2010-02-11,36.150001525878906,37.91999816894531,36.0,37.900001525878906,32.346046447753906,3.6525466000054347,8.038751298352498,2.406745910644535
2010-02-12,37.880001068115234,38.4900016784668,37.7599983215332,38.040000915527344,32.46552658081055,2.004829630278516,0.3693809481465582,0.11948013305664062
2010-02-16,38.400001525878906,38.40999984741211,37.45000076293945,37.77000045776367,32.23509216308594,0.5051279137643546,-0.7097818578455262,-0.23043441772460938
2010-02-17,37.75,38.040000915527344,37.2400016784668,37.459999084472656,31.97051239013672,1.6326969417766317,-0.820781810117488,-0.26457977294921875
2010-02-18,37.52000045776367,38.0099983215332,37.5,37.900001525878906,32.346046447753906,-0.1825844655496347,1.17462633389962,0.3755340576171875
2010-02-19,37.77000045776367,38.18000030517578,37.70000076293945,38.119998931884766,32.53379821777344,-0.40600371568209825,0.5804473518047804,0.18775177001953125
2010-02-22,38.34000015258789,38.459999084472656,38.040000915527344,38.220001220703125,32.6191291809082,-0.6741068158410545,0.2622840486179445,0.08533096313476562
2010-02-23,38.25,38.31999969482422,37.970001220703125,38.060001373291016,32.48258209228516,0.03385293301618935,-0.4186104658580492,-0.13654708862303977
2010-02-24,38.209999084472656,38.52000045776367,38.209999084472656,38.45000076293945,32.81544494628906,-0.5763608939081017,1.0247425929940324,0.33286285400389914
2010-02-25,38.119998931884766,38.369998931884766,37.560001373291016,38.36000061035156,32.73863220214844,-0.5623971907748228,-0.23407497373980624,-0.076812744140625
2010-02-26,38.5,38.650001525878906,38.040000915527344,38.52999877929688,32.88370895385742,-0.19235905774293,0.4431362642556058,0.14507675170898438
2010-03-01,38.560001373291016,39.0099983215332,38.34000015258789,39.0099983215332,33.29337310791016,-0.5812481900047494,1.2457966789195973,0.4096641540527415
2010-03-02,38.95000076293945,39.369998931884766,38.91999816894531,39.310001373291016,33.54941177368164,0.03734385879950909,0.7690379251799051,0.25603866577147727
2010-03-03,39.380001068115234,39.81999969482422,39.380001068115234,39.63999938964844,33.8310432434082,0.026172896292885914,0.83945277975781,0.2816314697265625
2010-03-04,39.59000015258789,39.7400016784668,39.4900016784668,39.63999938964844,33.8310432434082,-0.6371030025378652,0.0,0.0
2010-03-05,39.93000030517578,40.369998931884766,39.79999923706055,40.34999847412109,34.43699264526367,-0.6845795931910138,1.7911046889561577,0.6059494018554688
2010-03-08,40.29999923706055,40.540000915527344,40.18000030517578,40.459999084472656,34.53087615966797,1.5167982057704161,0.2726240219969034,0.09388351440429688
2010-03-09,40.20000076293945,40.43999862670898,40.040000915527344,40.18000030517578,34.291900634765625,-0.03736195296353341,-0.6920633110997221,-0.23897552490234375
2010-03-10,40.2599983215332,40.369998931884766,40.119998931884766,40.290000915527344,34.38578414916992,0.44857491607457484,0.273777517916618,0.09388351440429688
2010-03-11,40.22999954223633,40.41999816894531,40.0,40.36000061035156,34.44554138183594,-0.4737276758785013,0.17378470244209243,0.059757232666015625
2010-03-12,40.52999877929688,40.83000183105469,40.16999816894531,40.400001525878906,34.479679107666016,0.021285600196238274,0.09910637040555503,0.034137725830078125
2010-03-15,40.38999938964844,40.5,39.720001220703125,40.0,34.1382942199707,-0.41787286334538537,-0.9901045964763933,-0.3413848876953125
2010-03-16,40.0,40.380001068115234,39.970001220703125,40.34000015258789,34.4284782409668,-0.341072496112351,0.8500249576803398,0.29018402099609375
2010-03-17,40.59999847412109,40.84999847412109,40.36000061035156,40.5,34.56502151489258,-0.5665863017148064,0.39659979442050464,0.13654327392578125
2010-03-18,40.5,40.720001220703125,40.18999862670898,40.22999954223633,34.3345947265625,-0.6378011876945292,-0.6666473163651765,-0.23042678833007812
2010-03-19,39.810001373291016,40.52000045776367,39.68999862670898,39.810001373291016,33.97613525390625,0.8144239381664838,-1.0440183596485908,-0.35845947265625
2010-03-22,39.5099983215332,39.93999862670898,39.5099983215332,39.68999862670898,33.87371063232422,-0.30057775702584205,-0.3014604834146173,-0.10242462158203125
2010-03-23,39.79999923706055,40.0,39.40999984741211,39.95000076293945,34.09562301635742,-0.22168283432281582,0.6551168439794086,0.22191238403320312
2010-03-24,39.88999938964844,39.88999938964844,39.13999938964844,39.150001525878906,33.41284942626953,-0.40111641958545063,-2.0025256313994544,-0.6827735900878906
2010-03-25,39.56999969482422,39.56999969482422,38.790000915527344,38.84000015258789,33.148284912109375,0.2642540347152924,-0.7918047059828237,-0.26456451416015625
2010-03-26,38.970001220703125,39.22999954223633,38.81999969482422,39.119998931884766,33.38724899291992,-0.382265420355524,0.720894252731763,0.23896408081054688
2010-03-29,39.16999816894531,39.56999969482422,39.02999877929688,39.56999969482422,33.77130508422852,-0.8905442144068786,1.150307685997265,0.38405609130860086
2010-03-30,39.38999938964844,39.84000015258789,39.310001373291016,39.7400016784668,33.91639709472656,-0.8102529213905245,0.42963104368092253,0.14509201049803977
2010-03-31,39.72999954223633,39.81999969482422,39.33000183105469,39.34999847412109,33.58354949951172,-0.667124964274415,-0.9813766311475236,-0.33284759521484375
2010-04-01,38.86000061035156,39.68999862670898,38.630001068115234,39.5,33.71156692504883,-0.6112701517412992,0.3811908730462443,0.12801742553710938
2010-04-05,39.52999877929688,39.66999816894531,39.220001220703125,39.65999984741211,33.84812545776367,-0.7111106291442438,0.4050791617561167,0.13655853271484375
2010-04-06,39.459999084472656,39.79999923706055,39.31999969482422,39.7400016784668,33.91639709472656,-0.3215233117257605,0.20169990520768621,0.06827163696289062
2010-04-07,39.47999954223633,39.9900016784668,39.459999084472656,39.900001525878906,34.05295181274414,-0.4492911953952631,0.4026215332842975,0.13655471801757812
2010-04-08,39.90999984741211,40.310001373291016,39.63999938964844,40.18999862670898,34.30044174194336,-0.5016550821450593,0.7267796652700165,0.24748992919921875
2010-04-09,40.34999847412109,40.93000030517578,40.0099983215332,40.91999816894531,34.9234619140625,-0.27125398044595617,1.816361948940437,0.6230201721191406
2010-04-12,41.0,41.150001525878906,40.810001373291016,41.0099983215332,35.000282287597656,-0.28382131326590726,0.21996780767092883,0.07682037353515625
2010-04-13,40.91999816894531,41.25,40.79999923706055,41.150001525878906,35.11976623535156,0.22655203625543915,0.3413799545160856,0.11948394775390625
2010-04-14,41.369998931884766,42.06999969482422,41.11000061035156,41.77999877929688,35.65746307373047,0.44089487935127136,1.5310376349762178,0.5376968383789062
2010-04-15,41.61000061035156,42.470001220703125,41.56999969482422,42.34999847412109,36.1439094543457,0.47370958171447697,1.3642203866533809,0.4864463806152344
2010-04-16,43.06999969482422,44.36000061035156,42.290000915527344,42.84999847412109,36.57064056396485,2.4705191297733697,1.1806445845548685,0.42673110961914773
2010-04-19,42.63999938964844,43.18999862670898,42.25,42.91999816894531,36.63039016723633,0.1511480393357327,0.16338134183613295,0.05974960327147727
2010-04-20,42.88999938964844,43.0099983215332,42.56999969482422,42.77999877929688,36.51091003417969,0.11204967056255159,-0.32617761511999355,-0.11948013305664062
2010-04-21,42.68000030517578,43.06999969482422,42.68000030517578,42.900001525878906,36.61332702636719,-0.3201269414124326,0.280510653094157,0.1024169921875
2010-04-22,42.560001373291016,43.16999816894531,42.40999984741211,43.09999847412109,36.78400421142578,-0.5330734141949369,0.46616136505617245,0.17067718505859375
2010-04-23,43.25,43.34999847412109,43.04999923706055,43.2400016784668,36.90349197387695,-0.6601431127077756,0.32483620261780644,0.11948776245117188
2010-04-26,43.27000045776367,43.290000915527344,42.5,43.09999847412109,36.91205596923828,-0.3431670515823429,0.023206463408365074,0.008563995361328125
2010-04-27,42.88999938964844,43.2400016784668,42.59999847412109,42.70000076293945,36.56949996948242,0.2530830722086692,-0.9280328357795575,-0.3425559997558594
2010-04-28,42.97999954223633,43.08000183105469,42.709999084472656,42.95000076293945,36.78359603881836,0.30125784801848166,0.5854498134090003,0.2140960693359375
2010-04-29,43.25,44.18000030517578,43.08000183105469,43.720001220703125,37.44304656982422,0.6740887216770302,1.7927842897957236,0.6594505310058594
2010-04-30,43.869998931884766,44.16999816894531,43.02999877929688,43.040000915527344,36.86067581176758,0.6168375388305865,-1.555350889972662,-0.5823707580566406
2010-05-03,43.290000915527344,44.119998931884766,43.150001525878906,43.66999816894531,37.40022277832031,0.6035720208539714,1.463746810579325,0.5395469665527344
2010-05-04,43.20000076293945,43.619998931884766,42.95000076293945,43.52000045776367,37.271766662597656,0.4010983254214263,-0.34346350417227,-0.12845611572265625
2010-05-05,43.5099983215332,43.56999969482422,42.41999816894531,42.5,36.39820861816406,0.43530939809795977,-2.343752718623371,-0.8735580444335938
2010-05-06,42.13999938964844,42.709999084472656,39.650001525878906,41.36000061035156,35.42188262939453,0.47370958171447697,-2.6823462632782125,-0.9763259887695312
2010-05-07,41.22999954223633,41.47999954223633,40.2599983215332,40.34000015258789,34.54832458496094,0.6531431669771117,-2.4661536304360077,-0.8735580444335938
2010-05-10,41.61000061035156,42.18999862670898,41.540000915527344,42.15999984741211,36.107025146484375,-0.0038490654436638743,4.511653112701008,1.5587005615234375
2010-05-11,41.720001220703125,42.52000045776367,41.709999084472656,42.18999862670898,36.13270568847656,-0.46185852821521417,0.07112339465242812,0.0256805419921875
2010-05-12,42.36000061035156,42.84000015258789,42.13999938964844,42.68000030517578,36.55236053466797,-0.21958827885282398,1.161426575163027,0.41965484619140625
2010-05-13,42.45000076293945,42.77999877929688,41.9900016784668,42.27000045776367,36.20122909545898,0.4911642106310757,-0.9606258913865795,-0.3511314392089915
2010-05-14,42.09999847412109,42.09999847412109,40.619998931884766,40.810001373291016,34.950836181640625,1.069959705505489,-3.454006797728315,-1.2503929138183523
2010-05-17,40.869998931884766,41.34999847412109,40.20000076293945,41.22999954223633,35.310550689697266,-0.0003581396603441313,1.0292014365184121,0.3597145080566406
2010-05-18,41.59999847412109,41.810001373291016,40.27000045776367,40.31999969482422,34.531192779541016,0.786496531899926,-2.207153088619618,-0.77935791015625
2010-05-19,40.31999969482422,40.59999847412109,39.790000915527344,40.2599983215332,34.47979736328125,-0.07576213658005058,-0.1488376511865397,-0.051395416259765625
2010-05-20,39.47999954223633,39.790000915527344,38.7400016784668,38.900001525878906,33.31505584716797,0.5693609481774379,-3.3780404909039774,-1.1647415161132812
2010-05-21,38.650001525878906,38.970001220703125,37.93999862670898,38.709999084472656,33.152339935302734,1.0106139671890535,-0.48841554584716507,-0.16271591186523438
2010-05-24,38.560001373291016,39.220001220703125,38.41999816894531,38.56999969482422,33.03243637084961,-0.531677043881609,-0.3616745143393163,-0.119903564453125
2010-05-25,37.61000061035156,38.310001373291016,37.34000015258789,38.22999954223633,32.74125289916992,-0.37737812425887635,-0.88150770476213,-0.2911834716796875
2010-05-26,38.380001068115234,38.97999954223633,38.13999938964844,38.56999969482422,33.03243637084961,0.6733905365203663,0.8893473703539101,0.2911834716796875
2010-05-27,39.45000076293945,39.959999084472656,39.290000915527344,39.95000076293945,34.21432113647461,0.3829455113481636,3.5779521448438656,1.181884765625
2010-05-28,39.7599983215332,40.130001068115234,39.40999984741211,39.86000061035156,34.137229919433594,0.5965901692873319,-0.22531856392390415,-0.07709121704101562
2010-06-01,39.720001220703125,40.13999938964844,39.040000915527344,39.060001373291016,33.45209884643555,-0.30686142343581757,-2.0069908267747794,-0.6851310729980469
2010-06-02,39.15999984741211,39.86000061035156,38.869998931884766,39.84999847412109,34.12867736816406,0.772532828766647,2.0225293630585117,0.6765785217285156
2010-06-03,39.720001220703125,39.9900016784668,39.400001525878906,39.790000915527344,34.077293395996094,-0.1881699468029463,-0.15055951806647316,-0.05138397216796875
2010-06-04,38.95000076293945,39.68000030517578,38.310001373291016,38.459999084472656,32.938228607177734,0.6217248349272341,-3.342591724001742,-1.1390647888183594
2010-06-07,38.560001373291016,38.7400016784668,37.970001220703125,38.02000045776367,32.561405181884766,-0.40949464146541803,-1.1440306331799932,-0.37682342529296875
2010-06-08,37.84000015258789,38.0,37.40999984741211,38.0,32.544281005859375,-0.19026450227293815,-0.052590408582608994,-0.017124176025390625
2010-06-09,38.0,38.27000045776367,37.45000076293945,37.619998931884766,32.21883010864258,0.02896563691954171,-1.0000248497061603,-0.3254508972167969
2010-06-10,38.11000061035156,38.630001068115234,38.11000061035156,38.59999847412109,33.05813980102539,-0.5805500048480854,2.6050284555728442,0.8393096923828125
2010-06-11,38.290000915527344,39.15999984741211,38.2599983215332,39.130001068115234,33.51204299926758,-0.6922596299143172,1.3730451893972262,0.4539031982421875
2010-06-14,39.36000061035156,39.7400016784668,38.880001068115234,38.9900016784668,33.39214324951172,-0.4800113422884768,-0.35778108114291607,-0.11989974975585938
2010-06-15,39.02999877929688,40.220001220703125,38.95000076293945,40.15999984741211,34.3941764831543,-0.14697702255977332,3.0008053875284935,1.0020332336425781
2010-06-16,40.11000061035156,40.72999954223633,40.0,40.650001525878906,34.81382751464844,0.008020082219623251,1.2201223416402396,0.4196510314941406
2010-06-17,40.900001525878906,40.900001525878906,40.18000030517578,40.4900016784668,34.67677307128906,-0.7013360369509485,-0.3936781823305924,-0.137054443359375
2010-06-18,40.45000076293945,40.68999862670898,40.310001373291016,40.52000045776367,34.702476501464844,-0.27893401716925964,0.07412290100621277,0.02570343017578125
2010-06-21,40.86000061035156,41.119998931884766,39.88999938964844,40.09999847412109,34.342777252197266,-0.8751841409602718,-1.0365232845915062,-0.3596992492675781
2010-06-22,40.11000061035156,40.25,38.959999084472656,39.0,33.40069580078125,-0.4835022680717966,-2.7431720052743858,-0.9420814514160156
2010-06-23,39.08000183105469,39.220001220703125,38.310001373291016,38.59000015258789,33.04957580566406,-0.3724908281622287,-1.0512355706942311,-0.3511199951171875
2010-06-24,38.369998931884766,38.93000030517578,38.220001220703125,38.380001068115234,32.869720458984375,-0.06668572954341925,-0.5441986539774679,-0.1798553466796875
2010-06-25,38.470001220703125,38.81999969482422,38.0,38.7400016784668,33.17803192138672,0.8095366420698362,0.9379801777963381,0.30831146240234375
2010-06-28,38.900001525878906,39.5,38.47999954223633,39.2400016784668,33.606239318847656,-0.20492639056288106,1.2906353169939377,0.4282073974609375
2010-06-29,38.79999923706055,38.79999923706055,37.959999084472656,38.209999084472656,32.72412109375,-0.24332657417939824,-2.624864438797625,-0.8821182250976562
2010-06-30,38.27000045776367,38.5,37.720001220703125,37.81999969482422,32.39011764526367,-0.24332657417939824,-1.0206643824885453,-0.3340034484863281
2010-07-01,37.810001373291016,37.880001068115234,36.90999984741211,37.619998931884766,32.21883010864258,-0.024794620143582333,-0.5288265343677767,-0.17128753662109375
2010-07-02,37.79999923706055,38.2400016784668,37.4900016784668,38.02999877929688,32.56996536254883,-0.20003909446623344,1.0898448290090457,0.35113525390625
2010-07-06,38.34999847412109,38.470001220703125,37.16999816894531,37.34000015258789,31.97903251647949,-0.2614793882526609,-1.814349016007355,-0.5909328460693395
2010-07-07,37.5099983215332,38.540000915527344,37.47999954223633,38.5099983215332,32.98106002807617,-0.40041823442878666,3.133389076359072,1.0020275115966832
2010-07-08,38.93999862670898,39.11000061035156,38.560001373291016,39.040000915527344,33.43495559692383,-0.7746454784006631,1.3762309897294545,0.45389556884765625
2010-07-09,39.11000061035156,39.380001068115234,39.060001373291016,39.22999954223633,33.597694396972656,-0.9086970284801412,0.48673251435034093,0.16273880004882812
2010-07-12,39.22999954223633,39.31999969482422,38.810001373291016,39.09000015258789,33.47777557373047,-0.8346894018737627,-0.3569257515866675,-0.1199188232421875
2010-07-13,39.38999938964844,40.88999938964844,39.38999938964844,40.75,34.89945983886719,-0.06040206313344371,4.246650922208506,1.4216842651367188
2010-07-14,40.70000076293945,40.83000183105469,40.209999084472656,40.68000030517578,34.83949661254883,-0.5484334876415438,-0.1718170613390968,-0.059963226318359375
2010-07-15,40.68000030517578,40.7599983215332,39.95000076293945,40.65999984741211,34.8223762512207,-0.8325948464037708,-0.04914066789919458,-0.017120361328125
2010-07-16,40.5,40.5,39.7400016784668,39.83000183105469,34.111549377441406,-0.3794726797288682,-2.041293416196366,-0.7108268737792969
2010-07-19,39.83000183105469,40.060001373291016,39.41999816894531,39.720001220703125,34.017337799072266,-0.327806978135736,-0.27618674639107166,-0.09421157836914062
2010-07-20,39.29999923706055,40.33000183105469,39.18000030517578,40.2599983215332,34.47979736328125,-0.4653494539985339,1.3594819410635894,0.4624595642089844
2010-07-21,40.59000015258789,40.97999954223633,39.95000076293945,40.2400016784668,34.46268081665039,0.17418814950564301,-0.049642248330283856,-0.017116546630859375
2010-07-22,40.900001525878906,42.09999847412109,40.86000061035156,42.040000915527344,36.00423812866211,0.4967496918843873,4.473120707623313,1.5415573120117188
2010-07-23,42.040000915527344,42.84000015258789,41.790000915527344,42.70000076293945,36.56949996948242,-0.28521768357923516,1.569986952092517,0.5652618408203125
2010-07-26,42.90999984741211,43.470001220703125,42.720001220703125,43.470001220703125,37.22893905639648,-0.40390916021210643,1.8032488479863273,0.6594390869140554
2010-07-27,43.59999847412109,43.81999969482422,42.93000030517578,43.31999969482422,37.10047149658203,0.19722825967555332,-0.34507445839333517,-0.12846755981444602
2010-07-28,43.38999938964844,43.540000915527344,43.119998931884766,43.2400016784668,37.03195571899414,-0.3487525328356545,-0.18467629877481073,-0.06851577758789062
2010-07-29,43.2400016784668,43.619998931884766,42.59999847412109,42.9900016784668,36.81785202026367,-0.2642721288793167,-0.5781593074779212,-0.21410369873046875
2010-07-30,42.31999969482422,43.27999877929688,42.31999969482422,43.06999969482422,37.04145050048828,0.5665682075507821,0.607309954153612,0.22359848022460938
2010-08-02,43.77999877929688,43.79999923706055,43.16999816894531,43.52999877929688,37.43707275390625,-0.5114296743383545,1.0680528113032661,0.39562225341796875
2010-08-03,43.470001220703125,43.84999847412109,43.38999938964844,43.43999862670898,37.35967254638672,-0.0904240248699935,-0.20674748805368237,-0.07740020751953125
2010-08-04,43.68999862670898,43.790000915527344,43.369998931884766,43.59999847412109,37.49727630615234,0.17139540887898722,0.3683216430624858,0.1376037597656179
2010-08-05,43.369998931884766,43.84999847412109,43.34999847412109,43.650001525878906,37.540283203125,-0.9813082847731919,0.11469338898517645,0.043006896972663355
2010-08-06,43.27999877929688,44.04999923706055,43.09999847412109,43.77000045776367,37.64348220825195,-0.10229317253328063,0.27490204207718527,0.10319900512695312
2010-08-09,44.0,44.0,43.54999923706055,43.77000045776367,37.64348220825195,-0.0659875443867553,0.0,0.0
2010-08-10,43.34999847412109,43.59000015258789,42.91999816894531,43.18000030517578,37.13605880737305,-0.3794726797288682,-1.3479714710550095,-0.5074234008789062
2010-08-11,42.470001220703125,42.4900016784668,41.619998931884766,41.869998931884766,36.009429931640625,-0.25240298121602955,-3.0337868689198078,-1.1266288757324219
2010-08-12,41.209999084472656,42.18000030517578,41.09999847412109,41.97999954223633,36.104034423828125,-0.5337715993516009,0.2627214381541121,0.0946044921875
2010-08-13,41.77000045776367,42.220001220703125,41.77000045776367,41.84999847412109,35.99222183227539,-0.5623971907748228,-0.3096955598927198,-0.11181259155273438
2010-08-16,41.68999862670898,42.0099983215332,41.58000183105469,41.869998931884766,36.009429931640625,-0.871693215176952,0.047810605984333066,0.017208099365234375
2010-08-17,42.2400016784668,43.09999847412109,42.15999984741211,42.63999938964844,36.67164611816406,-0.7851182557506223,1.8390076926532162,0.6622161865234375
2010-08-18,42.63999938964844,43.0099983215332,42.38999938964844,42.54999923706055,36.59423828125,-0.9477953972533224,-0.21108361665750364,-0.0774078369140625
2010-08-19,42.45000076293945,42.5,41.5099983215332,41.900001525878906,36.03524017333984,-0.5093351188683627,-1.5275577089866044,-0.5589981079101634
2010-08-20,41.65999984741211,42.06999969482422,41.400001525878906,42.060001373291016,36.17283630371094,-0.6210447439345944,0.3818376947377633,0.13759613037110086
2010-08-23,42.36000061035156,42.36000061035156,41.540000915527344,41.66999816894531,35.8374137878418,-0.6706158900577348,-0.9272773443942839,-0.3354225158691406
2010-08-24,41.150001525878906,41.34000015258789,40.86000061035156,40.9900016784668,35.25260162353516,-0.5826445603180772,-1.6318481232176274,-0.5848121643066335
2010-08-25,40.65999984741211,41.16999816894531,40.310001373291016,41.06999969482422,35.3214111328125,-0.6748050009977185,0.1951898756640924,0.06880950927733664
2010-08-26,41.290000915527344,41.4900016784668,40.84999847412109,40.95000076293945,35.218204498291016,-0.9408135456866829,-0.2921928405788088,-0.10320663452148438
2010-08-27,41.209999084472656,42.09999847412109,40.70000076293945,42.0099983215332,36.129825592041016,-0.6056846704879876,2.588493952876658,0.91162109375
2010-08-30,41.88999938964844,41.9900016784668,40.9900016784668,40.9900016784668,35.25260162353516,-0.8263111799937953,-2.4279773127360293,-0.8772239685058523
2010-08-31,40.95000076293945,41.75,40.75,41.650001525878906,35.82023239135742,-0.3515452734623103,1.6101812112593095,0.5676307678222585
2010-09-01,42.31999969482422,42.77000045776367,41.93000030517578,42.7599983215332,36.77484893798828,-0.07296939595339479,2.665020528625006,0.9546165466308594
2010-09-02,42.83000183105469,43.25,42.68999862670898,43.209999084472656,37.16187286376953,-0.8598240675136648,1.052414726254547,0.38702392578125
2010-09-03,43.59999847412109,43.93999862670898,43.4900016784668,43.84999847412109,37.7122802734375,-0.885656918310231,1.4811078324434623,0.5504074096679688
2010-09-07,43.77999877929688,43.869998931884766,43.34999847412109,43.58000183105469,37.48007583618164,-0.870995030020288,-0.6157263246142408,-0.23220443725585938
2010-09-08,43.70000076293945,44.09000015258789,43.68000030517578,43.869998931884766,37.72949600219727,-0.8647113636103125,0.665474016396872,0.2494201660156321
2010-09-09,44.470001220703125,44.54999923706055,43.869998931884766,43.97999954223633,37.82409286499024,-0.7886091815339421,0.2507238972592196,0.09459686279296875
2010-09-10,44.20000076293945,44.2400016784668,43.88999938964844,44.0099983215332,37.84988784790039,-0.9212643613000924,0.06819722815885054,0.025794982910149145
2010-09-13,44.380001068115234,44.959999084472656,44.380001068115234,44.68000030517578,38.42610549926758,-0.7034305924209404,1.5223761129298907,0.5762176513671875
2010-09-14,44.77999877929688,45.18999862670898,44.56999969482422,44.959999084472656,38.66690826416016,-0.028285545926902075,0.6266645077971145,0.24080276489258523
2010-09-15,44.970001220703125,45.75,44.560001373291016,45.720001220703125,39.32054138183594,0.5784373552140692,1.690419914647312,0.6536331176757741
2010-09-16,45.650001525878906,46.02000045776367,45.45000076293945,45.650001525878906,39.26033401489258,1.0497123359622345,-0.1531193743206538,-0.060207366943359375
2010-09-17,45.77999877929688,45.95000076293945,45.209999084472656,45.27000045776367,38.93351745605469,0.37736003009485203,-0.8324344839091835,-0.3268165588378906
2010-09-20,45.34999847412109,45.65999984741211,45.09999847412109,45.290000915527344,38.95072937011719,-0.40181460474211456,0.0442084743099036,0.0172119140625
2010-09-21,45.290000915527344,45.38999938964844,44.54999923706055,44.68999862670898,38.43471145629883,-0.1951517983695858,-1.3247965369661219,-0.5160179138183594
2010-09-22,44.68999862670898,45.0,44.43999862670898,44.45000076293945,38.228302001953125,-0.6992414814809567,-0.5370391672652297,-0.20640945434570312
2010-09-23,44.27999877929688,44.77999877929688,43.970001220703125,44.13999938964844,37.96169662475586,-1.0280866902696764,-0.6974031365129529,-0.2666053771972656
2010-09-24,44.7400016784668,44.95000076293945,44.41999816894531,44.83000183105469,38.55511093139648,-0.7858164409072863,1.56319226852899,0.5934143066406179
2010-09-27,44.7599983215332,44.95000076293945,44.41999816894531,44.59999847412109,38.3573112487793,-0.8563331417303451,-0.5130310297100094,-0.1977996826171804
2010-09-28,44.77000045776367,45.58000183105469,44.209999084472656,45.43000030517578,39.07112121582031,-0.6936560002276451,1.8609489137842772,0.7138099670410156
2010-09-29,45.34000015258789,45.90999984741211,45.27999877929688,45.560001373291016,39.18292999267578,-0.5610008204614948,0.2861673107302565,0.11180877685546875
2010-09-30,45.88999938964844,46.54999923706055,45.540000915527344,45.66999816894531,39.27752685546875,0.0848204494526576,0.24142365772710228,0.09459686279296875
2010-10-01,46.09000015258789,46.09000015258789,44.83000183105469,45.27999877929688,38.94211959838867,-0.2928977203025386,-0.853941894850685,-0.3354072570800781
2010-10-04,45.290000915527344,45.650001525878906,44.900001525878906,45.38999938964844,39.036739349365234,-0.2928977203025386,0.24297534893420458,0.0946197509765625
2010-10-05,45.810001373291016,46.75,45.810001373291016,46.43999862670898,39.93975830078125,-0.5212042665316498,2.3132540434135818,0.9030189514160156
2010-10-06,46.2599983215332,46.470001220703125,46.130001068115234,46.40999984741211,39.91397476196289,-0.6287247806578978,-0.06455607123154739,-0.025783538818359375
2010-10-07,46.68000030517578,46.720001220703125,45.970001220703125,46.15999984741211,39.69895935058594,-0.9638536558565932,-0.5386970670279045,-0.21501541137695312
2010-10-08,46.27999877929688,46.56999969482422,46.119998931884766,46.43999862670898,39.93975830078125,-0.8179329581138279,0.6065623737609549,0.2407989501953125
2010-10-11,46.38999938964844,47.040000915527344,46.38999938964844,46.7400016784668,40.19776916503906,-0.7516053682307529,0.6460000641835828,0.2580108642578125
2010-10-12,46.77000045776367,46.84999847412109,46.15999984741211,46.68999862670898,40.1547737121582,-0.8654095487669764,-0.10695979845133374,-0.042995452880859375
2010-10-13,47.0,47.2400016784668,46.63999938964844,47.06999969482422,40.48157501220703,-0.4688403797818536,0.8138541693484269,0.3268013000488281
2010-10-14,47.11000061035156,47.310001373291016,46.720001220703125,46.9900016784668,40.412784576416016,-0.7941946627872537,-0.16993023559550569,-0.06879043579101562
2010-10-15,47.310001373291016,47.45000076293945,46.58000183105469,46.7599983215332,40.2149658203125,-0.36131986565560553,-0.48949548559185097,-0.19781875610351562
2010-10-18,46.93999862670898,47.13999938964844,46.56999969482422,46.83000183105469,40.27517318725586,-0.39622912348880296,0.14971383343300726,0.060207366943359375
2010-10-19,46.369998931884766,46.59000015258789,46.0099983215332,46.380001068115234,39.88815689086914,-0.24402475933606219,-0.9609301854204833,-0.38701629638671875
2010-10-20,46.66999816894531,47.61000061035156,46.59999847412109,47.38999938964844,40.75678253173828,-0.639197558007857,2.177652989195855,0.8686256408691406
2010-10-21,45.09999847412109,45.47999954223633,44.400001525878906,45.0,38.70131301879883,2.1549394389612653,-5.043257551890434,-2.055469512939453
2010-10-22,44.97999954223633,45.34999847412109,44.7400016784668,45.04999923706055,38.74431228637695,-0.15675161475306862,0.11110544894752383,0.042999267578125
2010-10-25,45.20000076293945,45.709999084472656,45.130001068115234,45.25,38.91632843017578,-0.4353274922619841,0.4439777960888236,0.17201614379882812
2010-10-26,44.93000030517578,45.40999984741211,44.79999923706055,45.13999938964844,38.82172393798828,0.3410544019483267,-0.24309716770234413,-0.0946044921875
2010-10-27,44.84000015258789,45.20000076293945,44.70000076293945,45.16999816894531,38.84751510620117,-0.46185852821521417,0.06643488644164641,0.025791168212890625
2010-10-28,45.52000045776367,45.68000030517578,44.900001525878906,45.22999954223633,38.89913558959961,-0.4960696008917476,0.13287975629152626,0.0516204833984375
2010-10-29,45.22999954223633,45.43999862670898,44.83000183105469,44.880001068115234,38.59811782836914,-0.20911550150286476,-0.7738417748052728,-0.30101776123046875
2010-11-01,45.02999877929688,45.22999954223633,44.59000015258789,44.810001373291016,38.6931037902832,-0.42206197428536907,0.24608962109611277,0.0949859619140625
2010-11-02,45.13999938964844,45.459999084472656,44.83000183105469,44.90999984741211,38.77944946289063,-0.43462930710532016,0.22315519859927857,0.08634567260742898
2010-11-03,44.91999816894531,45.16999816894531,44.540000915527344,45.060001373291016,38.908973693847656,-0.477218601661821,0.3340022428141243,0.12952423095702414
2010-11-04,45.68000030517578,46.27000045776367,45.31999969482422,46.220001220703125,39.91061782836914,-0.5966082634513562,2.574326792587356,1.0016441345214844
2010-11-05,46.29999923706055,46.5,46.25,46.41999816894531,40.08332443237305,-0.6859759635043416,0.4327334764563373,0.17270660400390625
2010-11-08,46.08000183105469,46.52999877929688,46.04999923706055,46.34000015258789,40.01424026489258,-0.6049864853313236,-0.17235139165421298,-0.06908416748046875
2010-11-09,46.52000045776367,46.63999938964844,46.13999938964844,46.290000915527344,39.9710693359375,-0.4660476391551978,-0.10788891322011107,-0.043170928955078125
2010-11-10,46.29999923706055,46.91999816894531,46.02999877929688,46.84000015258789,40.445987701416016,-0.37458538363222055,1.1881552667181827,0.4749183654785156
2010-11-11,46.400001525878906,46.7400016784668,46.2599983215332,46.619998931884766,40.25601196289063,-0.6566521869244558,-0.4697023099740849,-0.18997573852538352
2010-11-12,46.310001373291016,46.54999923706055,45.97999954223633,46.0099983215332,39.729305267333984,-0.6154592626812828,-1.3083926347254304,-0.5267066955566477
2010-11-15,46.209999084472656,46.54999923706055,45.720001220703125,46.02999877929688,39.746559143066406,-1.0141229871363975,0.04342858657184756,0.017253875732421875
2010-11-16,45.619998931884766,45.93999862670898,45.06999969482422,45.290000915527344,39.107566833496094,-0.3752835687888845,-1.6076669863931636,-0.6389923095703125
2010-11-17,45.310001373291016,45.5,45.220001220703125,45.34999847412109,39.15938568115234,-0.8870532886235588,0.13250337940191592,0.051818847656242895
2010-11-18,45.810001373291016,46.040000915527344,45.36000061035156,45.470001220703125,39.26300430297852,-0.15535524443974072,0.2646073732358367,0.10361862182618609
2010-11-19,45.36000061035156,45.68000030517578,45.2599983215332,45.58000183105469,39.35797119140625,-0.8954315105035262,0.24187371830974858,0.09496688842772727
2010-11-22,45.29999923706055,46.16999816894531,44.95000076293945,46.02000045776367,39.7379264831543,-0.6468775947311606,0.9653833270527157,0.3799552917480469
2010-11-23,45.61000061035156,45.61000061035156,45.130001068115234,45.45000076293945,39.245723724365234,-0.8228202542104756,-1.2386221485353954,-0.4922027587890625
2010-11-24,45.790000915527344,46.619998931884766,45.59999847412109,46.470001220703125,40.12649917602539,-0.7976855885705734,2.24425840085436,0.8807754516601562
2010-11-26,46.150001525878906,46.66999816894531,46.130001068115234,46.34999847412109,40.02287292480469,-1.2277676450755657,-0.25824892115835496,-0.10362625122070312
2010-11-29,46.02999877929688,46.11000061035156,45.18999862670898,45.88999938964844,39.62566375732422,-0.30406868280916177,-0.9924554097521909,-0.39720916748046875
2010-11-30,45.66999816894531,46.0,45.470001220703125,45.66999816894531,39.435691833496094,0.0331547478595254,-0.47941638275526,-0.189971923828125
2010-12-01,46.45000076293945,47.130001068115234,46.41999816894531,46.84000015258789,40.445987701416016,-0.6517648908278082,2.5618819423418593,1.0102958679199219
2010-12-02,46.97999954223633,47.630001068115234,46.91999816894531,47.5099983215332,41.02452850341797,-0.7578890346407283,1.430403446376216,0.5785408020019531
2010-12-03,47.54999923706055,48.41999816894531,47.459999084472656,48.220001220703125,41.637603759765625,-0.5966082634513562,1.494411462392753,0.6130752563476562
2010-12-06,48.15999984741211,48.369998931884766,47.43999862670898,47.52000045776367,41.033164978027344,-0.6734086306843906,-1.451665627123211,-0.6044387817382812
2010-12-07,47.7599983215332,47.91999816894531,47.18000030517578,47.27999877929688,40.825927734375,-0.7697581823040155,-0.5050481574192855,-0.20723724365234375
2010-12-08,47.40999984741211,47.5,46.400001525878906,46.70000076293945,40.32509613037109,1.9196510411655145,-1.2267488622976663,-0.5008316040039134
2010-12-09,47.02000045776367,47.02000045776367,46.36000061035156,46.75,40.368282318115234,0.4080801769880658,0.10709506458341789,0.04318618774414773
2010-12-10,46.81999969482422,47.06999969482422,46.650001525878906,47.060001373291016,40.63597106933594,-0.572869968124782,0.6631165257694915,0.2676887512207031
2010-12-13,47.16999816894531,47.20000076293945,46.81999969482422,46.88999938964844,40.48915100097656,-0.639895743164521,-0.36130567203342956,-0.146820068359375
2010-12-14,47.0,47.02000045776367,46.59000015258789,46.7599983215332,40.37690353393555,0.160922631529028,-0.27722850261372445,-0.11224746704101562
2010-12-15,46.65999984741211,47.09999847412109,46.630001068115234,46.65999984741211,40.29056167602539,0.1092569299358958,-0.21383972111083116,-0.08634185791015625
2010-12-16,46.63999938964844,47.43999862670898,46.63999938964844,47.40999984741211,40.938175201416016,-0.6838814080343498,1.6073578983536008,0.647613525390625
2010-12-17,47.47999954223633,47.5099983215332,46.900001525878906,47.11000061035156,40.67913436889648,0.16930085340899537,-0.6327610628589442,-0.25904083251953836
2010-12-20,47.15999984741211,47.45000076293945,46.9900016784668,47.34999847412109,40.886375427246094,-0.8493512901637056,0.5094529703367323,0.20724105834961648
2010-12-21,47.470001220703125,47.56999969482422,47.290000915527344,47.43000030517578,40.95543670654297,-0.5756627087514378,0.16891025084815325,0.069061279296875
2010-12-22,47.68999862670898,48.45000076293945,47.5,47.959999084472656,41.41310119628906,-0.36830171722224503,1.1174694412988018,0.45766448974609375
2010-12-23,47.959999084472656,48.119998931884766,47.77000045776367,47.869998931884766,41.33538818359375,-0.6350084470678734,-0.1876532074402526,-0.0777130126953125
2010-12-27,47.709999084472656,48.310001373291016,47.63999938964844,48.06999969482422,41.508079528808594,-0.9834028402431837,0.41778087204074055,0.17269134521484375
2010-12-28,48.16999816894531,48.34999847412109,47.7400016784668,48.16999816894531,41.59443664550781,-0.7027324072642764,0.20804893331498597,0.08635711669921875
2010-12-29,48.22999954223633,48.36000061035156,47.97999954223633,48.0,41.4476318359375,-0.9645518410132571,-0.3529433775518287,-0.1468048095703125
2010-12-30,47.900001525878906,48.13999938964844,47.84000015258789,47.84000015258789,41.30947494506836,-1.0706759848261773,-0.33332879286326333,-0.13815689086914062
2010-12-31,47.720001220703125,47.81999969482422,47.40999984741211,47.56999969482422,41.07633972167969,-0.28940679451921886,-0.5643625916298523,-0.23313522338867188
2011-01-03,47.77999877929688,48.29999923706055,47.720001220703125,48.119998931884766,41.551265716552734,-0.6475757798878244,1.1562032987627369,0.4749259948730469
2011-01-04,48.27999877929688,48.29999923706055,47.310001373291016,47.81999969482422,41.292213439941406,-0.5575098946781751,-0.6234521912725555,-0.2590522766113281
2011-01-05,47.790000915527344,48.0099983215332,47.47999954223633,47.900001525878906,41.36129760742188,-0.6224411142479224,0.1673055564845427,0.06908416748047586
2011-01-06,48.0,48.0,47.2599983215332,47.470001220703125,40.98998260498047,-0.8598240675136648,-0.897735380465392,-0.37131500244141336
2011-01-07,47.70000076293945,47.70000076293945,47.08000183105469,47.380001068115234,40.91226577758789,-0.5267897477849613,-0.18959956177960757,-0.07771682739257812
2011-01-10,47.220001220703125,47.56999969482422,46.75,47.43999862670898,40.96409225463867,-0.1909626874296021,0.12667711275764493,0.05182647705078125
2011-01-11,47.65999984741211,47.93000030517578,47.400001525878906,47.81999969482422,41.292213439941406,-0.31663601562911287,0.8009970860896498,0.3281211853027344
2011-01-12,48.25,48.2599983215332,47.93999862670898,48.20000076293945,41.62033081054688,-0.3194287562557686,0.7946228677780054,0.32811737060547586
2011-01-13,48.060001373291016,48.2400016784668,47.880001068115234,48.18000030517578,41.603065490722656,-1.0273885051130125,-0.04148289907357494,-0.017265319824225855
2011-01-14,48.18000030517578,48.52000045776367,47.97999954223633,48.470001220703125,41.85348892211914,-0.8793732519002554,0.6019350459939732,0.2504234313964844
2011-01-18,48.34999847412109,49.13999938964844,47.7599983215332,49.06999969482422,42.37158203125,1.152345553991835,1.2378731677421762,0.5180931091308594
2011-01-19,48.970001220703125,49.130001068115234,48.380001068115234,48.66999816894531,42.02617645263672,0.01360556347293484,-0.8151821623241129,-0.34540557861328125
2011-01-20,48.470001220703125,48.56999969482422,47.70000076293945,48.2400016784668,41.654884338378906,-0.7264707025908507,-0.8834782166687427,-0.3712921142578125
2011-01-21,48.47999954223633,48.4900016784668,47.7599983215332,48.0099983215332,41.45626449584961,-0.9617591003866013,-0.47682245595938033,-0.19861984252929688
2011-01-24,48.130001068115234,48.72999954223633,47.93999862670898,48.63999938964844,42.00027847290039,-0.6685213345877429,1.3122600013931507,0.5440139770507812
2011-01-25,48.290000915527344,48.56999969482422,47.97999954223633,48.54999923706055,41.92255401611328,-0.28102857263925146,-0.18505700346072018,-0.07772445678710938
2011-01-26,48.619998931884766,48.93999862670898,48.470001220703125,48.84000015258789,42.17296600341797,-0.6238374845612502,0.5973204476245497,0.2504119873046875
2011-01-27,48.7599983215332,48.86000061035156,48.47999954223633,48.68999862670898,42.04344177246094,-0.9973665433764627,-0.30712620721656814,-0.12952423095703125
2011-01-28,48.68000030517578,48.790000915527344,47.70000076293945,47.810001373291016,41.28357696533203,-0.16792257725969179,-1.8073325472288682,-0.7598648071289062
2011-01-31,47.790000915527344,48.2599983215332,47.52999877929688,48.060001373291016,41.656280517578125,-0.40809827115209013,0.9027889045541526,0.37270355224609375
2011-02-01,48.22999954223633,48.880001068115234,48.209999084472656,48.68999862670898,42.20233154296875,-0.26357394372265275,1.310849213146148,0.546051025390625
2011-02-02,48.52999877929688,48.77999877929688,48.470001220703125,48.59999847412109,42.12433242797852,-0.7962892182572455,-0.18482181466872305,-0.07799911499022727
2011-02-03,48.47999954223633,48.63999938964844,48.04999923706055,48.400001525878906,41.95098114013672,-0.7460198869774413,-0.41152293187836086,-0.17335128784180398
2011-02-04,48.41999816894531,48.68999862670898,48.310001373291016,48.59999847412109,42.12433242797852,-0.60079737439134,0.41322344109837594,0.17335128784180398
2011-02-07,48.810001373291016,49.47999954223633,48.810001373291016,49.43999862670898,42.85239791870117,-0.014321842793623103,1.7283727687968709,0.7280654907226491
2011-02-08,49.47999954223633,49.86000061035156,49.400001525878906,49.81999969482422,43.18177032470703,-0.4835022680717966,0.7686207120328303,0.3293724060058594
2011-02-09,49.63999938964844,49.900001525878906,49.25,49.4900016784668,42.895755767822266,-0.7404344057241297,-0.6623502342170462,-0.2860145568847656
2011-02-10,49.38999938964844,49.9900016784668,49.119998931884766,49.630001068115234,43.017086029052734,-0.6105719665846352,0.28284910490254944,0.12133026123046875
2011-02-11,49.380001068115234,50.060001373291016,48.52999877929688,49.47999954223633,42.8870849609375,-0.4814077126018047,-0.30220798318936204,-0.13000106811523438
2011-02-14,49.72999954223633,49.900001525878906,48.93999862670898,49.2400016784668,42.67905426025391,1.1684038125951057,-0.48506607728892037,-0.20803070068358664
2011-02-15,48.959999084472656,49.400001525878906,48.900001525878906,49.20000076293945,42.64439010620117,0.3277888839717117,-0.08122052996151208,-0.03466415405274148
2011-02-16,49.27999877929688,49.68000030517578,48.959999084472656,49.18999862670898,42.635704040527344,-0.5219024516883137,-0.02036860100987914,-0.008686065673828125
2011-02-17,49.08000183105469,49.54999923706055,48.95000076293945,49.5099983215332,42.913082122802734,-0.6608412978644395,0.650576995308283,0.2773780822753906
2011-02-18,49.52999877929688,49.619998931884766,49.130001068115234,49.4900016784668,42.895755767822266,-0.35713075471562183,-0.040375461568775695,-0.01732635498046875
2011-02-22,48.84000015258789,49.33000183105469,48.34000015258789,48.4900016784668,42.028995513916016,-0.09880224674996088,-2.0206200785869766,-0.86676025390625
2011-02-23,48.27999877929688,48.54999923706055,47.09000015258789,47.79999923706055,41.43091583251953,0.018492859569582482,-1.4230168341721527,-0.5980796813964844
2011-02-24,47.90999984741211,48.02999877929688,46.95000076293945,47.45000076293945,41.127567291259766,0.07015856116271467,-0.732179183501569,-0.3033485412597656
2011-02-25,47.65999984741211,48.04999923706055,47.38999938964844,48.040000915527344,41.63895034790039,-0.4862950086984523,1.2434070146164489,0.511383056640625
2011-02-28,48.209999084472656,48.560001373291016,48.02000045776367,48.16999816894531,41.75162506103516,0.09389685648928893,0.270599311926345,0.11267471313477273
2011-03-01,48.209999084472656,48.38999938964844,47.22999954223633,47.459999084472656,41.1362190246582,-0.018510953733606793,-1.4739690622276869,-0.6154060363769602
2011-03-02,47.459999084472656,47.75,47.25,47.43000030517578,41.11021423339844,-0.6775977416243743,-0.06321628938278367,-0.026004791259765625
2011-03-03,47.77000045776367,48.77999877929688,47.77000045776367,48.619998931884766,42.14166641235352,0.3696799933715486,2.508992468633542,1.0314521789550852
2011-03-04,48.52999877929688,48.869998931884766,47.47999954223633,47.93999862670898,41.55226516723633,-0.314541460159121,-1.3986187431458963,-0.5894012451171946
2011-03-07,48.09000015258789,48.31999969482422,47.34999847412109,47.77000045776367,41.4049186706543,-0.5540189688948554,-0.3546052086185969,-0.14734649658203125
2011-03-08,47.810001373291016,49.7599983215332,47.810001373291016,49.72999954223633,43.103759765625,1.2843025486013213,4.10299343535423,1.6988410949707031
2011-03-09,49.560001373291016,49.65999984741211,48.93999862670898,49.290000915527344,42.72239303588867,-0.4122873820920738,-0.884764419182904,-0.3813667297363281
2011-03-10,48.72999954223633,48.900001525878906,47.93999862670898,48.02999877929688,41.630279541015625,-0.4409129735152957,-2.556302251036413,-1.0921134948730469
2011-03-11,47.7599983215332,48.36000061035156,47.630001068115234,48.13999938964844,41.725624084472656,-0.5400552657615764,0.2290269114409771,0.09534454345703125
2011-03-14,47.7400016784668,48.560001373291016,47.7400016784668,48.400001525878906,41.95098114013672,-0.2984832015558502,0.5400927142703349,0.2253570556640625
2011-03-15,47.220001220703125,48.06999969482422,46.5,47.68000030517578,41.32691955566406,-0.03666376780686946,-1.4875971133737842,-0.6240615844726562
2011-03-16,47.58000183105469,47.9900016784668,47.060001373291016,47.31999969482422,41.01488876342773,-0.06947847017007504,-0.7550303666259306,-0.31203079223633523
2011-03-17,47.900001525878906,47.970001220703125,47.33000183105469,47.40999984741211,41.09288787841797,-0.3501489031489824,0.19017268446133162,0.07799911499024148
2011-03-18,47.86000061035156,48.31999969482422,47.709999084472656,48.0,41.604270935058594,0.056893043186099654,1.2444563598296154,0.511383056640625
2011-03-21,48.459999084472656,49.09000015258789,48.310001373291016,48.9900016784668,42.46236801147461,-0.4737276758785013,2.0625216044656725,0.8580970764160156
2011-03-22,48.970001220703125,49.16999816894531,48.61000061035156,48.90999984741211,42.39303207397461,-1.049032244969595,-0.16328796708008353,-0.0693359375
2011-03-23,48.88999938964844,49.20000076293945,48.4900016784668,48.97999954223633,42.45370101928711,-0.641292113477849,0.14311065367211828,0.0606689453125
2011-03-24,49.150001525878906,49.27000045776367,48.810001373291016,49.130001068115234,42.58370971679688,-0.7886091815339421,0.30623642789284755,0.13000869750977273
2011-03-25,49.290000915527344,49.75,48.93999862670898,48.970001220703125,42.44503402709961,-0.545640747014888,-0.32565431856345084,-0.13867568969727273
2011-03-28,49.150001525878906,49.34000015258789,48.83000183105469,48.900001525878906,42.38436126708984,-0.7243761471208588,-0.14294430762156196,-0.06067276000977273
2011-03-29,48.79999923706055,49.040000915527344,48.52000045776367,48.81999969482422,42.31501770019531,-0.42834564069534464,-0.16360649263427174,-0.06934356689452414
2011-03-30,48.95000076293945,49.79999923706055,48.77999877929688,49.619998931884766,43.0084114074707,-0.7760418487139911,1.6386468562724632,0.6933937072753906
2011-03-31,49.58000183105469,50.18999862670898,49.58000183105469,50.130001068115234,43.45046615600586,0.12671155885249452,1.0278332402167578,0.44205474853515625
2011-04-01,50.40999984741211,51.11000061035156,50.0099983215332,50.77999877929688,44.013858795166016,-0.5644917462448146,1.2966319789005976,0.5633926391601562
2011-04-04,50.93999862670898,51.209999084472656,50.70000076293945,51.13999938964844,44.32589721679688,-0.6789941119377022,0.7089549295894448,0.3120384216308665
2011-04-05,51.0,51.77999877929688,50.84999847412109,51.560001373291016,44.68992233276367,-0.532375229038273,0.8212470335035693,0.36402511596678977
2011-04-06,51.790000915527344,51.869998931884766,51.119998931884766,51.540000915527344,44.67259216308594,-0.7914019221605979,-0.03877869723892813,-0.017330169677734375
2011-04-07,51.459999084472656,51.59000015258789,50.88999938964844,50.93999862670898,44.15254592895508,-0.7844200705939584,-1.1641281800535141,-0.5200462341308594
2011-04-08,51.15999984741211,51.290000915527344,50.130001068115234,50.36000061035156,43.64982223510742,-0.708317888517588,-1.1386063550142267,-0.5027236938476562
2011-04-11,50.540000915527344,50.540000915527344,49.790000915527344,50.04999923706055,43.38113021850586,-1.0427485785596193,-0.6155626823732052,-0.2686920166015625
2011-04-12,49.68999862670898,49.91999816894531,49.209999084472656,49.380001068115234,42.80039596557617,-0.8046674401372129,-1.3386793981728817,-0.5807342529296875
2011-04-13,49.83000183105469,49.93999862670898,49.18000030517578,49.619998931884766,43.0084114074707,-0.857031326887009,0.4860128912401507,0.20801544189453125
2011-04-14,49.27000045776367,49.86000061035156,49.150001525878906,49.66999816894531,43.0517578125,-1.0231993941730289,0.10078587794983829,0.043346405029296875
2011-04-15,49.68999862670898,50.290000915527344,49.5099983215332,50.22999954223633,43.537147521972656,-0.9443044714700026,1.127456192582521,0.48538970947265625
2011-04-18,49.7400016784668,49.810001373291016,48.84999847412109,49.59000015258789,42.98241424560547,-0.22238101947947977,-1.2741608211406574,-0.5547332763671875
2011-04-19,49.66999816894531,50.16999816894531,49.29999923706055,50.16999816894531,43.485137939453125,-0.6762013713110464,1.1696032032427084,0.5027236938476562
2011-04-20,51.0,51.22999954223633,50.66999816894531,51.0,44.20454406738281,-0.5016550821450593,1.6543724178393004,0.7194061279296875
2011-04-21,51.0,51.5099983215332,50.77999877929688,51.369998931884766,44.52524185180664,-0.6552558166111279,0.7254860132364982,0.3206977844238281
2011-04-25,51.25,51.29999923706055,50.77000045776367,51.119998931884766,44.46435928344727,-0.39902186411545876,-0.13673719855807898,-0.060882568359367895
2011-04-26,51.369998931884766,52.09000015258789,51.27000045776367,51.84000015258789,45.090614318847656,-0.03107828655355787,1.408442729171444,0.6262550354003835
2011-04-27,51.84999847412109,52.15999984741211,51.36000061035156,52.130001068115234,45.34285736083984,-0.23355198198610297,0.5594136292056406,0.2522430419921804
2011-04-28,52.08000183105469,52.56999969482422,51.970001220703125,52.36000061035156,45.54291534423828,-0.6608412978644395,0.44121168149235945,0.2000579833984446
2011-04-29,52.400001525878906,52.75,52.220001220703125,52.45000076293945,45.62118911743164,-0.8416712534404022,0.17186816566687746,0.07827377319335938
2011-05-02,52.540000915527344,53.02000045776367,52.40999984741211,52.83000183105469,45.95172119140625,-0.1365042452098141,0.7245143766941187,0.3305320739746094
2011-05-03,52.630001068115234,52.77000045776367,52.02000045776367,52.380001068115234,45.560306549072266,-0.5973064486080202,-0.8517953891293728,-0.3914146423339844
2011-05-04,52.34000015258789,52.63999938964844,51.54999923706055,51.88999938964844,45.13410186767578,-0.5623971907748228,-0.9354736911996508,-0.4262046813964844
2011-05-05,51.5,52.040000915527344,51.08000183105469,51.34999847412109,44.66440963745117,0.11763515181586318,-1.0406593036938139,-0.4696922302246094
2011-05-06,51.72999954223633,51.959999084472656,51.02999877929688,51.2599983215332,44.58612060546875,-0.29499227577253045,-0.1752828093282921,-0.07828903198242188
2011-05-09,51.34000015258789,52.45000076293945,51.25,52.25,45.44721603393555,-0.5903245970413807,1.931308256411035,0.8610954284667969
2011-05-10,52.27000045776367,53.08000183105469,52.15999984741211,52.400001525878906,45.57770538330078,0.050609376776124114,0.2871228663771097,0.13048934936523438
2011-05-11,52.18999862670898,52.54999923706055,51.33000183105469,51.61000061035156,44.89055633544922,-0.26706486950597247,-1.5076429189946117,-0.6871490478515625
2011-05-12,51.36000061035156,52.52999877929688,51.20000076293945,52.470001220703125,45.63858413696289,-0.04574017484350079,1.6663366698419946,0.7480278015136719
2011-05-13,52.58000183105469,53.0,52.209999084472656,52.310001373291016,45.499420166015625,-0.04085287874685315,-0.30492613559095494,-0.13916397094726562
2011-05-16,52.04999923706055,53.290000915527344,51.86000061035156,52.91999816894531,46.03000259399414,0.9596464507525851,1.1661300870265068,0.5305824279785156
2011-05-17,52.59999847412109,52.61000061035156,51.66999816894531,52.0,45.22978210449219,0.13997707682910954,-1.7384758731392336,-0.8002204895019531
2011-05-18,51.81999969482422,53.56999969482422,51.720001220703125,53.22999954223633,46.29963684082031,0.5840228364673808,2.3653767198269726,1.069854736328125
2011-05-19,53.18000030517578,53.79999923706055,52.70000076293945,52.9900016784668,46.09088516235352,-0.0038490654436638743,-0.45087109254114965,-0.20875167846678977
2011-05-20,52.869998931884766,53.29999923706055,52.20000076293945,52.52000045776367,45.68208694458008,-0.3299015336057279,-0.8869393944886617,-0.4087982177734446
2011-05-23,51.70000076293945,51.79999923706055,51.16999816894531,51.560001373291016,44.84706497192383,-0.0918203951833214,-1.8278980416750024,-0.83502197265625
2011-05-24,51.58000183105469,51.83000183105469,51.29999923706055,51.470001220703125,44.7687873840332,-0.6706158900577348,-0.17454339083199377,-0.078277587890625
2011-05-25,51.25,52.16999816894531,51.25,52.060001373291016,45.2819709777832,-0.42555290006868884,1.146297730487622,0.51318359375
2011-05-26,51.810001373291016,52.04999923706055,51.59000015258789,51.97999954223633,45.21238708496094,-0.19026450227293815,-0.15366798599911746,-0.06958389282226562
2011-05-27,52.130001068115234,52.43999862670898,52.08000183105469,52.22999954223633,45.42982482910156,-0.9149806948901168,0.48092515825812754,0.217437744140625
2011-05-31,52.619998931884766,53.45000076293945,52.29999923706055,53.400001525878906,46.44750595092773,1.707402753539674,2.2401167639419572,1.0176811218261648
2011-06-01,53.31999969482422,53.47999954223633,52.060001373291016,52.119998931884766,45.33415985107422,-0.01083091701030336,-2.3969986699173274,-1.1133460998535085
2011-06-02,51.959999084472656,52.36000061035156,51.68000030517578,51.970001220703125,45.203704833984375,-0.09950043190662483,-0.2877631735503594,-0.13045501708984375
2011-06-03,51.11000061035156,51.709999084472656,51.11000061035156,51.150001525878906,44.49045944213867,-0.07855487720670637,-1.5778472018282086,-0.7132453918457031
2011-06-06,51.15999984741211,51.369998931884766,50.52999877929688,50.54999923706055,43.96857070922852,0.501636987981035,-1.1730351618168489,-0.5218887329101491
2011-06-07,50.90999984741211,51.20000076293945,50.56999969482422,50.869998931884766,44.24689483642578,-0.5470371173282159,0.6330069927400261,0.2783241271972585
2011-06-08,50.619998931884766,50.9900016784668,50.560001373291016,50.59999847412109,44.012054443359375,-0.6615394830211034,-0.5307499971118346,-0.23484039306640625
2011-06-09,50.77000045776367,51.31999969482422,50.5099983215332,51.09000015258789,44.438270568847656,-0.5253933774716335,0.9684077030232663,0.42621612548828125
2011-06-10,50.77000045776367,51.09999847412109,50.27000045776367,50.400001525878906,43.83810806274414,-0.3717926430055648,-1.3505532470569293,-0.6001625061035156
2011-06-13,51.77999877929688,51.77999877929688,50.90999984741211,51.45000076293945,44.75140380859375,1.1572328500884825,2.083337502937943,0.9132957458496094
2011-06-14,51.86000061035156,51.93999862670898,51.540000915527344,51.59999847412109,44.8818588256836,-0.19445361321292184,0.2915104465724072,0.13045501708985086
2011-06-15,51.0099983215332,51.59999847412109,50.52999877929688,50.59000015258789,44.00335693359375,-0.19305724289959394,-1.9573652140876363,-0.8785018920898509
2011-06-16,50.4900016784668,50.84999847412109,50.060001373291016,50.66999816894531,44.072940826416016,-0.015718213106951002,0.15813314635806375,0.06958389282226562
2011-06-17,51.18999862670898,51.29999923706055,50.27999877929688,50.47999954223633,43.90768432617188,0.3731709191548684,-0.3749613643777683,-0.16525650024413352
2011-06-20,50.45000076293945,50.83000183105469,50.25,50.650001525878906,44.05555725097656,-0.463953083685206,0.33678142465038974,0.1478729248046804
2011-06-21,50.9900016784668,51.41999816894531,50.720001220703125,51.29999923706055,44.62091827392578,-0.6196483736212666,1.2832910493639993,0.5653610229492188
2011-06-22,51.15999984741211,51.41999816894531,50.959999084472656,51.09000015258789,44.438270568847656,-0.7983837737272373,-0.40933201768027505,-0.182647705078125
2011-06-23,50.29999923706055,50.88999938964844,49.93000030517578,50.81999969482422,44.20343399047852,-0.532375229038273,-0.5284557102763543,-0.23483657836913352
2011-06-24,50.84000015258789,50.97999954223633,50.2599983215332,50.61000061035156,44.020751953125,0.09040593070596918,-0.4132756685665484,-0.18268203735352273
2011-06-27,50.619998931884766,51.41999816894531,50.22999954223633,51.040000915527344,44.394775390625,0.3899273629148031,0.8496525409158684,0.3740234375
2011-06-28,50.97999954223633,51.79999923706055,50.97999954223633,51.619998931884766,44.89925765991211,-0.028983731083566024,1.1363550436920056,0.5044822692871094
2011-06-29,51.869998931884766,52.25,51.4900016784668,52.040000915527344,45.26458358764648,-0.18118809523630683,0.813656943955543,0.3653259277343679
2011-06-30,52.2400016784668,52.45000076293945,51.93000030517578,52.34000015258789,45.525516510009766,-0.3208251265690965,0.5764615548887964,0.26093292236328836
2011-07-01,52.58000183105469,53.34000015258789,52.18999862670898,53.2400016784668,46.30833053588867,-0.3431670515823429,1.719506083378075,0.7828140258789062
2011-07-05,53.2599983215332,53.34000015258789,52.83000183105469,53.15999984741211,46.23875045776367,-0.6329138915978816,-0.15025391181199277,-0.069580078125
2011-07-06,53.13999938964844,54.25,52.880001068115234,54.16999816894531,47.11724853515625,0.8982061569661577,1.899917425742359,0.8784980773925781
2011-07-07,54.619998931884766,54.65999984741211,54.220001220703125,54.34000015258789,47.26512145996094,-0.41508012271872957,0.31384032260362016,0.1478729248046875
2011-07-08,53.619998931884766,54.290000915527344,53.59999847412109,54.209999084472656,47.15205383300781,-0.7118088143009077,-0.23922000718628045,-0.113067626953125
2011-07-11,53.5,53.900001525878906,53.27000045776367,53.470001220703125,46.508392333984375,-0.9024133620701658,-1.3650762728236732,-0.6436614990234375
2011-07-12,53.25,53.7400016784668,53.220001220703125,53.38999938964844,46.43881988525391,-0.5833427454747412,-0.14959117105327602,-0.06957244873046164
2011-07-13,53.56999969482422,54.09999847412109,53.209999084472656,53.25,46.31704330444336,-0.19166087258626605,-0.2622301365785229,-0.12177658081055398
2011-07-14,53.5099983215332,53.56999969482422,52.31999969482422,52.52000045776367,45.68208694458008,-0.41019282662208195,-1.3708913923751398,-0.6349563598632812
2011-07-15,52.880001068115234,52.880001068115234,52.18000030517578,52.65999984741211,45.803855895996094,-0.5700772274981262,0.2665573303683333,0.12176895141601562
2011-07-18,52.400001525878906,52.400001525878906,51.4900016784668,51.630001068115234,44.90795135498047,0.09459504164595288,-1.9559587800858869,-0.895904541015625
2011-07-19,51.900001525878906,53.790000915527344,51.84999847412109,53.540000915527344,46.56928634643555,0.9254353780760517,3.699422800035679,1.6613349914550781
2011-07-20,51.040000915527344,53.45000076293945,47.61000061035156,53.06999969482422,46.16046524047852,1.8072432309426187,-0.8778771117851081,-0.40882110595702414
2011-07-21,53.20000076293945,53.68000030517578,52.79999923706055,53.15999984741211,46.23875045776367,0.6112520575772749,0.16959364875832605,0.07828521728514914
2011-07-22,53.02999877929688,53.2400016784668,52.7400016784668,53.040000915527344,46.13438034057617,-0.39483275317547506,-0.22572002087910548,-0.1043701171875
2011-07-25,52.560001373291016,53.2400016784668,52.45000076293945,52.72999954223633,45.86473846435547,-0.11416232019656775,-0.5844705710364662,-0.2696418762207031
2011-07-26,52.79999923706055,53.15999984741211,52.31999969482422,52.560001373291016,45.71687316894531,0.3696799933715486,-0.32239428450043794,-0.14786529541015625
2011-07-27,52.2599983215332,52.38999938964844,51.33000183105469,51.470001220703125,44.7687873840332,0.5491135786341834,-2.0738202750841817,-0.9480857849121094
2011-07-28,51.5099983215332,51.75,51.13999938964844,51.2400016784668,44.5687370300293,0.24610122064202972,-0.4468522953008369,-0.20005035400390625
2011-07-29,50.52000045776367,51.16999816894531,49.790000915527344,51.04999923706055,44.59493637084961,0.056194858029435704,0.05878412215867268,0.0261993408203125
2011-08-01,51.52999877929688,51.65999984741211,50.58000183105469,51.0,44.55126190185547,-0.0862349139300098,-0.09793593745923701,-0.043674468994140625
2011-08-02,50.560001373291016,51.2599983215332,49.86000061035156,49.91999816894531,43.60781478881836,0.09878415258593656,-2.1176664201240425,-0.9434471130371094
2011-08-03,49.880001068115234,49.88999938964844,48.400001525878906,49.59999847412109,43.32828521728516,0.8207076045764594,-0.6410079773244481,-0.279529571533196
2011-08-04,48.95000076293945,49.119998931884766,47.41999816894531,47.43999862670898,41.44140625,0.4758041371844688,-4.354843395769614,-1.8868789672851634
2011-08-05,48.040000915527344,48.68999862670898,46.83000183105469,47.7400016784668,41.70347595214844,1.5363473901570066,0.6323861226317229,0.2620697021484375
2011-08-08,46.31999969482422,46.959999084472656,45.209999084472656,45.2599983215332,39.53705978393555,2.7616623401022364,-5.194809590209426,-2.1664161682128906
2011-08-09,46.29999923706055,47.58000183105469,44.959999084472656,47.4900016784668,41.48508071899414,1.709497309009666,4.927075876922182,1.9480209350585938
2011-08-10,46.31999969482422,47.040000915527344,45.380001068115234,45.40999984741211,39.6681022644043,0.8723733061695916,-4.379835890636052,-1.8169784545898438
2011-08-11,45.16999816894531,47.880001068115234,45.02999877929688,47.34999847412109,41.36278533935547,0.5665682075507821,4.272155657095489,1.6946830749511719
2011-08-12,47.65999984741211,48.25,47.09999847412109,47.79999923706055,41.75588607788086,-0.18048991007964288,0.9503729869742683,0.3931007385253906
2011-08-15,47.47999954223633,48.41999816894531,47.47999954223633,48.41999816894531,42.2974967956543,-0.19445361321292184,1.2970883117250809,0.5416107177734375
2011-08-16,47.91999816894531,48.630001068115234,47.77999877929688,47.97999954223633,41.91313171386719,0.43740395356795164,-0.9087182715422526,-0.3843650817871094
2011-08-17,48.13999938964844,48.36000061035156,47.52999877929688,47.77000045776367,41.72968292236328,0.26914133081194,-0.437688103948608,-0.18344879150390625
2011-08-18,46.47999954223633,46.59000015258789,45.790000915527344,46.119998931884766,40.28832626342773,0.10995511509255974,-3.454032137308949,-1.441356658935554
2011-08-19,45.52000045776367,47.09000015258789,45.52000045776367,46.65999984741211,40.76005172729492,2.4467808344467956,1.1708738178468625,0.4717254638671946
2011-08-22,47.79999923706055,47.81999969482422,46.5,46.68999862670898,40.7862548828125,1.1816693305717207,0.06428636473008176,0.026203155517578125
2011-08-23,46.880001068115234,47.84999847412109,46.52000045776367,47.83000183105469,41.7820930480957,0.4527640270145585,2.441602368603002,0.9958381652832031
2011-08-24,47.709999084472656,48.369998931884766,47.38999938964844,48.27000045776367,42.16645812988281,-0.26776305466263645,0.9199277818482177,0.3843650817871094
2011-08-25,48.63999938964844,48.70000076293945,47.11000061035156,47.36000061035156,41.37153244018555,-0.3920400125488193,-1.8852085874718316,-0.7949256896972656
2011-08-26,46.9900016784668,48.560001373291016,46.650001525878906,48.5,42.36738204956055,0.32988343944170356,2.407089006951302,0.995849609375
2011-08-29,49.41999816894531,50.220001220703125,49.22999954223633,50.11000061035156,43.77378845214844,-0.39762549380213086,3.3195499333489753,1.4064064025878906
2011-08-30,49.810001373291016,50.56999969482422,49.52000045776367,50.310001373291016,43.94850158691406,-0.3648107914389253,0.39912728814097687,0.174713134765625
2011-08-31,50.63999938964844,51.119998931884766,50.08000183105469,50.47999954223633,44.09701919555664,-0.4800113422884768,0.337935545649648,0.14851760864257812
2011-09-01,50.650001525878906,50.970001220703125,49.16999816894531,49.20000076293945,42.97885894775391,0.5512081341041752,-2.5356821576624777,-1.1181602478027273
2011-09-02,48.369998931884766,48.95000076293945,47.709999084472656,47.9900016784668,41.92185974121094,0.40179651057809024,-2.4593468333533153,-1.0569992065429759
2011-09-06,46.66999816894531,47.79999923706055,46.619998931884766,47.560001373291016,41.54623794555664,0.24679940579869367,-0.8960046094640295,-0.3756217956542969
2011-09-07,48.2400016784668,48.560001373291016,47.97999954223633,48.5099983215332,42.37611770629883,-0.2181919085394961,1.9974847345497038,0.8298797607421875
2011-09-08,48.2599983215332,48.97999954223633,47.97999954223633,48.84999847412109,42.673118591308594,1.953862113842048,0.7008685577764018,0.2970008850097656
2011-09-09,48.06999969482422,48.5099983215332,47.58000183105469,48.08000183105469,42.00048065185547,1.4434887643207015,-1.5762568137921984,-0.672637939453125
2011-09-12,47.66999816894531,48.25,47.09000015258789,47.880001068115234,41.82577896118164,-0.022001879516926538,-0.4159516461774371,-0.17470169067382812
2011-09-13,48.04999923706055,48.59000015258789,47.68999862670898,48.5,42.36738204956055,-0.4800113422884768,1.2949025740359055,0.5416030883789062
2011-09-14,48.869998931884766,49.7599983215332,48.11000061035156,49.22999954223633,43.00505828857422,-0.10578409831660036,1.5051112628760688,0.6376762390136719
2011-09-15,49.59999847412109,49.709999084472656,48.869998931884766,49.650001525878906,43.37197113037109,-0.5079387485550347,0.8531853144688073,0.3669128417968679
2011-09-16,49.709999084472656,50.08000183105469,49.060001373291016,49.22999954223633,43.00505828857422,1.1069635188086784,-0.8459676427754914,-0.3669128417968679
2011-09-19,48.2599983215332,48.68999862670898,47.970001220703125,48.52000045776367,42.38483810424805,0.07295130178937047,-1.4422028687052224,-0.6202201843261719
2011-09-20,48.77000045776367,49.13999938964844,48.09000015258789,48.130001068115234,42.044166564941406,-0.1323151342698304,-0.8037580289176449,-0.3406715393066406
2011-09-21,48.0,48.0099983215332,46.470001220703125,46.68000030517578,40.77751541137695,0.11484241118920739,-3.012668003795449,-1.2666511535644531
2011-09-22,45.720001220703125,46.290000915527344,45.29999923706055,45.79999923706055,40.00878143310547,1.1425709617985398,-1.8851908227272896,-0.7687339782714844
2011-09-23,45.7400016784668,46.31999969482422,45.380001068115234,46.150001525878906,40.31451416015625,-0.24891205543270983,0.7641640562384255,0.30573272705078125
2011-09-26,46.40999984741211,47.060001373291016,45.380001068115234,47.0099983215332,41.0657844543457,-0.5344697845082648,1.8635231252072337,0.7512702941894531
2011-09-27,47.959999084472656,48.470001220703125,47.40999984741211,47.619998931884766,41.59865188598633,-0.19026450227293815,1.2975946733296384,0.532867431640625
2011-09-28,47.93000030517578,47.959999084472656,45.59999847412109,45.650001525878906,39.87776184082031,-0.3794726797288682,-4.136888978716513,-1.7208900451660156
2011-09-29,46.380001068115234,46.52999877929688,45.540000915527344,46.470001220703125,40.59405517578125,-0.30686142343581757,1.7962225107320595,0.7162933349609375
2011-09-30,45.650001525878906,46.33000183105469,44.65999984741211,44.66999816894531,39.02166748046875,1.0985852969287109,-3.873443262821896,-1.5723876953125
2011-10-03,44.34999847412109,45.119998931884766,42.68999862670898,42.790000915527344,37.37937927246094,0.6447649450971443,-4.208657174452668,-1.6422882080078125
2011-10-04,42.43999862670898,44.7599983215332,41.97999954223633,44.650001525878906,39.00419998168945,0.5358480606575684,4.34683705522525,1.6248207092285156
2011-10-05,44.869998931884766,45.7599983215332,44.310001373291016,45.65999984741211,39.8864860534668,-0.16652620694636389,2.2620283769223093,0.8822860717773438
2011-10-06,45.63999938964844,46.7599983215332,45.5,46.47999954223633,40.60280227661133,-0.4925786751084279,1.7958870134218596,0.7163162231445312
2011-10-07,46.75,46.880001068115234,45.630001068115234,45.95000076293945,40.13982009887695,0.061780339282747294,-1.140271488111222,-0.462982177734375
2011-10-10,46.83000183105469,47.4900016784668,46.77000045776367,47.2400016784668,41.26668930053711,0.04292934005282068,2.8073598707824887,1.1268692016601562
2011-10-11,47.0099983215332,47.77999877929688,46.88999938964844,47.68000030517578,41.65106201171875,-0.04364561937350894,0.9314357843982268,0.3843727111816406
2011-10-12,47.900001525878906,49.060001373291016,47.86000061035156,48.709999084472656,42.55081558227539,0.3941164738547868,2.1602175961407344,0.8997535705566406
2011-10-13,48.41999816894531,48.43999862670898,47.5099983215332,48.2400016784668,42.14025115966797,-0.5414516360749043,-0.9648802660751854,-0.4105644226074219
2011-10-14,48.58000183105469,48.720001220703125,48.06999969482422,48.63999938964844,42.48967742919922,-0.6824850377210219,0.8291983552904947,0.34942626953125
2011-10-17,48.29999923706055,48.619998931884766,47.29999923706055,47.5,41.49383163452149,-0.37877449457220425,-2.343735831690208,-0.9958457946777273
2011-10-18,47.650001525878906,48.810001373291016,46.97999954223633,48.56999969482422,42.42853164672852,-0.8235184393671395,2.2526240055145808,0.9347000122070312
2011-10-19,48.619998931884766,48.68999862670898,47.43000030517578,47.5099983215332,41.502559661865234,-0.4709349352518455,-2.1824275998358456,-0.9259719848632884
2011-10-20,47.43999862670898,47.970001220703125,46.91999816894531,47.95000076293945,41.88692474365234,-0.735547109627482,0.9261237979504067,0.38436508178710227
2011-10-21,48.40999984741211,48.84000015258789,47.9900016784668,48.4900016784668,42.35863494873047,-0.39413456801881114,1.126151437387679,0.4717102050781321
2011-10-24,48.75,49.77999877929688,48.400001525878906,49.58000183105469,43.310794830322266,0.20141737061553702,2.2478530829528776,0.9521598815917969
2011-10-25,49.43999862670898,49.619998931884766,48.29999923706055,48.34999847412109,42.2363395690918,-0.9540790636632979,-2.4808024545378116,-1.0744552612304688
2011-10-26,49.06999969482422,49.2400016784668,47.93000030517578,48.95000076293945,42.76047897338867,-0.6021937447046678,1.2409678718475758,0.524139404296875
2011-10-27,48.59000015258789,49.84999847412109,48.040000915527344,49.27000045776367,43.04000473022461,0.8968097866528298,0.6537011828372963,0.2795257568359375
2011-10-28,49.06999969482422,49.68999862670898,48.93000030517578,49.130001068115234,42.9177131652832,-0.4828040829151326,-0.28413464568122215,-0.12229156494140625
2011-10-31,48.68999862670898,49.2400016784668,47.93999862670898,47.970001220703125,41.9044075012207,0.03245656270286145,-2.361043003759522,-1.0133056640625
2011-11-01,47.40999984741211,47.4900016784668,45.97999954223633,46.20000076293945,40.35818862915039,0.3829455113481636,-3.689871696730873,-1.5462188720703125
2011-11-02,46.880001068115234,47.31999969482422,46.43000030517578,47.2400016784668,41.26668930053711,0.0073218970629593035,2.25109377364503,0.9085006713867188
2011-11-03,47.720001220703125,49.0,47.16999816894531,48.86000061035156,42.68185424804688,-0.08832946940000165,3.429315439393288,1.4151649475097727
2011-11-04,48.47999954223633,48.900001525878906,47.790000915527344,48.7599983215332,42.59449768066406,0.2181738143754718,-0.20466910100752633,-0.0873565673828196
2011-11-07,48.560001373291016,48.77000045776367,47.65999984741211,48.5099983215332,42.56817626953125,-0.07227121079673084,-0.06179533171196683,-0.0263214111328125
2011-11-08,48.68999862670898,48.709999084472656,47.84000015258789,48.40999984741211,42.48041534423828,1.0525050765888904,-0.20616557481177855,-0.08776092529296875
2011-11-09,47.43000030517578,47.68000030517578,46.75,47.18000030517578,41.40108871459961,0.2070028518688486,-2.5407628924820846,-1.0793266296386719
2011-11-10,47.72999954223633,48.310001373291016,47.09999847412109,47.5,41.68187713623047,-0.15744979990973257,0.6782150671603926,0.2807884216308594
2011-11-11,47.93999862670898,48.900001525878906,47.7599983215332,48.59999847412109,42.64714813232422,-0.5281861180982893,2.3158050030686494,0.96527099609375
2011-11-14,48.34000015258789,48.59999847412109,47.83000183105469,48.18000030517578,42.27859115600586,-0.6748050009977185,-0.8642007554052866,-0.3685569763183594
2011-11-15,48.040000915527344,48.81999969482422,47.810001373291016,48.59000015258789,42.63837432861328,-0.4883895641684442,0.8509819338109903,0.3597831726074219
2011-11-16,48.68999862670898,49.15999984741211,48.27999877929688,48.380001068115234,42.454097747802734,0.08551863460932155,-0.4321848187511357,-0.18427658081054688
2011-11-17,48.18999862670898,48.59000015258789,47.470001220703125,47.709999084472656,41.866172790527344,1.0399377437689392,-1.3848485504695973,-0.5879249572753906
2011-11-18,47.97999954223633,48.22999954223633,47.619998931884766,48.02999877929688,42.14697265625,-0.42834564069534464,0.6707082281621757,0.28079986572265625
2011-11-21,47.310001373291016,47.66999816894531,46.869998931884766,47.45000076293945,41.63800811767578,0.16720629793900352,-1.2075945352595707,-0.5089645385742188
2011-11-22,47.380001068115234,48.06999969482422,47.380001068115234,47.83000183105469,41.971466064453125,0.7222634974868427,0.8008499009725334,0.33345794677734375
2011-11-23,47.40999984741211,47.65999984741211,46.52000045776367,46.91999816894531,41.17292785644531,0.09808596742927261,-1.9025740172657901,-0.7985382080078125
2011-11-25,46.810001373291016,47.33000183105469,46.47999954223633,46.5099983215332,40.81315231323242,-0.7599835901107201,-0.8738157861090001,-0.3597755432128906
2011-11-28,47.560001373291016,48.220001220703125,47.560001373291016,48.15999984741211,42.26105117797852,0.13718433620245374,3.547628111726775,1.4478988647461009
2011-11-29,48.20000076293945,49.0,47.9900016784668,48.619998931884766,42.66469192504883,-0.4660476391551978,0.955112889573928,0.4036407470703054
2011-11-30,49.709999084472656,50.83000183105469,49.70000076293945,50.790000915527344,44.56891632080078,1.8575125622224231,4.463232499363179,1.9042243957519531
2011-12-01,50.52999877929688,51.75,50.5,50.58000183105469,44.38463592529297,0.6503504263504559,-0.4134729105401358,-0.1842803955078125
2011-12-02,51.0,51.650001525878906,50.52000045776367,50.95000076293945,44.70931243896485,0.43391302778463187,0.7315065380244734,0.3246765136718821
2011-12-05,51.0,51.900001525878906,50.95000076293945,51.25,44.972564697265625,0.3417525871049907,0.5888085589778491,0.26325225830077414
2011-12-06,50.97999954223633,51.25,50.61000061035156,50.709999084472656,44.49871063232422,0.43530939809795977,-1.0536514164383837,-0.47385406494140625
2011-12-07,50.310001373291016,50.81999969482422,49.709999084472656,50.65999984741211,44.45482635498047,-0.1434860967764536,-0.0986192110291717,-0.04388427734375
2011-12-08,50.34999847412109,50.70000076293945,49.68000030517578,49.86000061035156,43.7528076171875,-0.2412320187094064,-1.5791732762314936,-0.7020187377929688
2011-12-09,50.0,51.02000045776367,49.81999969482422,50.72999954223633,44.51625442504883,-0.8053656252938769,1.7449092971154156,0.7634468078613281
2011-12-12,50.119998931884766,50.36000061035156,49.43999862670898,49.93999862670898,43.823028564453125,-0.15256250381308492,-1.5572421120084945,-0.6932258605957031
2011-12-13,50.369998931884766,50.79999923706055,49.27000045776367,49.65999984741211,43.57730865478516,-0.09391495065331325,-0.5607095577763843,-0.24571990966796164
2011-12-14,49.43999862670898,49.709999084472656,48.79999923706055,48.9900016784668,42.98939895629883,-0.19724635383957764,-1.3491188800659804,-0.5879096984863352
2011-12-15,49.52000045776367,49.93000030517578,49.060001373291016,49.93000030517578,43.81423568725586,-0.24681749996271798,1.9186979836482987,0.8248367309570312
2011-12-16,50.2599983215332,51.34000015258789,50.09000015258789,51.18000030517578,44.91114807128906,4.016301066627352,2.5035524797532016,1.0969123840332031
2011-12-19,51.470001220703125,51.65999984741211,49.84999847412109,50.0099983215332,43.88443374633789,-0.0017545099736720284,-2.286101266708729,-1.0267143249511719
2011-12-20,50.900001525878906,52.34999847412109,50.900001525878906,52.18999862670898,45.79741668701172,0.19164277842224173,4.359137802099289,1.9129829406738281
2011-12-21,52.09999847412109,52.290000915527344,51.13999938964844,52.220001220703125,45.82374572753906,-0.24053383355274244,0.05749023074224091,0.02632904052734375
2011-12-22,52.29999923706055,52.560001373291016,51.68000030517578,52.18999862670898,45.79741668701172,-0.7152997400842275,-0.05745719846624864,-0.02632904052734375
2011-12-23,52.18999862670898,52.72999954223633,52.13999938964844,52.58000183105469,46.13965225219727,-0.9408135456866829,0.7472813751143503,0.342235565185554
2011-12-27,52.33000183105469,52.869998931884766,52.130001068115234,52.52000045776367,46.087005615234375,-0.8374821425004185,-0.11410280397246009,-0.05264663696289773
2011-12-28,52.58000183105469,52.58000183105469,51.630001068115234,51.88999938964844,45.53417205810547,-0.8298021057771151,-1.199543232954503,-0.5528335571289062
2011-12-29,51.790000915527344,52.79999923706055,51.790000915527344,52.4900016784668,46.060672760009766,-0.5309788587249451,1.156275996920364,0.5265007019042969
2011-12-30,52.31999969482422,52.77000045776367,52.16999816894531,52.16999816894531,45.77986145019531,-0.5246951923149695,-0.6096552503207397,-0.2808113098144531
2012-01-03,53.18000030517578,53.43999862670898,52.060001373291016,52.27999877929688,45.87639999389648,0.6084593169506191,0.21087556983148126,0.09653854370116477
2012-01-04,52.130001068115234,52.54999923706055,51.810001373291016,52.38999938964844,45.972930908203125,-0.5239970071583055,0.21041519020561505,0.09653091430664773
2012-01-05,52.38999938964844,52.38999938964844,51.43999862670898,51.95000076293945,45.58683395385742,0.31103244021177695,-0.839835413401524,-0.3860969543457031
2012-01-06,52.02000045776367,52.29999923706055,51.4900016784668,51.84999847412109,45.49907302856445,0.03594748848618119,-0.1925137538215549,-0.08776092529296875
2012-01-09,52.09999847412109,52.25,51.66999816894531,51.790000915527344,45.446414947509766,-0.4869931938551163,-0.11573440413088498,-0.0526580810546875
2012-01-10,52.060001373291016,52.40999984741211,51.83000183105469,51.95000076293945,45.58683395385742,-0.1853772061762905,0.30897708105213084,0.14041900634765625
2012-01-11,51.84999847412109,52.040000915527344,51.63999938964844,51.79999923706055,45.45519256591797,-0.5072405633983708,-0.2887706307323268,-0.13164138793945312
2012-01-12,52.0,52.0,51.369998931884766,51.470001220703125,45.16562271118164,0.12182426275584687,-0.6370446111660377,-0.2895698547363281
2012-01-13,51.15999984741211,51.75,51.119998931884766,51.47999954223633,45.17438888549805,0.3536217347682778,0.019408952628552356,0.00876617431640625
2012-01-17,51.84000015258789,52.119998931884766,51.4900016784668,51.68000030517578,45.349891662597656,-0.5658881165581425,0.38850061158426374,0.17550277709960938
2012-01-18,51.61000061035156,52.22999954223633,51.560001373291016,52.09000015258789,45.70967864990234,-0.23285379682943902,0.7933579863464546,0.3597869873046804
2012-01-19,52.130001068115234,52.369998931884766,51.77999877929688,52.369998931884766,45.95536804199219,-0.07995124752003427,0.5374997141669446,0.24568939208985086
2012-01-20,52.040000915527344,52.15999984741211,51.310001373291016,51.54999923706055,45.235816955566406,-0.3382797554856952,-1.5657606871264385,-0.7195510864257812
2012-01-23,51.52999877929688,51.79999923706055,51.459999084472656,51.58000183105469,45.26213836669922,-0.16443165147637204,0.05818710239866576,0.0263214111328125
2012-01-24,51.04999923706055,51.720001220703125,51.0099983215332,51.43999862670898,45.139286041259766,-0.40879645630875405,-0.27142404197553205,-0.12285232543945312
2012-01-25,51.31999969482422,51.83000183105469,51.02000045776367,51.7599983215332,45.42008972167969,-0.27195216560262014,0.6220826801807355,0.2808036804199219
2012-01-26,52.060001373291016,52.45000076293945,51.93000030517578,52.150001525878906,45.762325286865234,0.9924611531157908,0.7534894080629462,0.3422355651855469
2012-01-27,52.04999923706055,52.54999923706055,51.93000030517578,52.27999877929688,45.87639999389648,-0.7690599971473515,0.2492764655557922,0.1140747070312429
2012-01-30,51.75,52.369998931884766,51.2599983215332,52.130001068115234,45.93808364868164,0.19024640810891383,0.13445617963347978,0.061683654785163355
2012-01-31,52.43999862670898,52.58000183105469,51.93999862670898,52.41999816894531,46.19363021850586,0.056893043186099654,0.5562847849260422,0.25554656982421875
2012-02-01,52.75,53.619998931884766,52.66999816894531,53.540000915527344,47.18061447143555,-0.12323872723319908,2.1366241368367067,0.9869842529296875
2012-02-02,53.68000030517578,53.709999084472656,52.4900016784668,52.79999923706055,46.52850341796875,-0.06040206313344371,-1.3821588819314834,-0.6521110534667969
2012-02-03,53.45000076293945,53.79999923706055,53.290000915527344,53.5,47.14535140991211,-0.4583676024318944,1.3257421722812968,0.6168479919433594
2012-02-06,53.34999847412109,53.68000030517578,53.25,53.5,47.14535140991211,-0.43881841804530386,0.0,0.0
2012-02-07,53.470001220703125,53.81999969482422,52.9900016784668,53.43999862670898,47.09247589111328,-0.7655690713640317,-0.11215425745604302,-0.052875518798828125
2012-02-08,53.59999847412109,53.59999847412109,53.09999847412109,53.18999862670898,46.87217712402344,-0.477916786818485,-0.46780035010096643,-0.22029876708984375
2012-02-09,53.38999938964844,53.7599983215332,53.0099983215332,53.7599983215332,47.37447738647461,-0.2614793882526609,1.071638428746513,0.5023002624511719
2012-02-10,52.75,53.27000045776367,51.150001525878906,53.040000915527344,46.7400016784668,0.9128680452561007,-1.3392774823283937,-0.6344757080078125
2012-02-13,53.27999877929688,53.56999969482422,51.93000030517578,52.41999816894531,46.19363021850586,0.26355584955862843,-1.168959008002457,-0.5463714599609375
2012-02-14,52.31999969482422,52.41999816894531,51.959999084472656,52.33000183105469,46.11432266235352,-0.40949464146541803,-0.17168504786740924,-0.07930755615233664
2012-02-15,52.369998931884766,52.83000183105469,52.0099983215332,52.40999984741211,46.18482971191406,-0.137900615523142,0.1528962055385552,0.07050704956053977
2012-02-16,52.40999984741211,53.33000183105469,52.18999862670898,52.75,46.48444366455078,-0.572869968124782,0.6487280661325645,0.29961395263671875
2012-02-17,52.91999816894531,53.13999938964844,52.75,52.81999969482422,46.54612731933594,-0.9303407683367236,0.13269741427968107,0.06168365478515625
2012-02-21,53.02999877929688,53.06999969482422,52.29999923706055,52.5,46.264137268066406,-0.4995605266750674,-0.6058292440419333,-0.28199005126953125
2012-02-22,52.310001373291016,52.77000045776367,51.650001525878906,52.45000076293945,46.22007369995117,-0.5274879329416253,-0.09524346657524552,-0.044063568115234375
2012-02-23,52.5,53.2599983215332,52.09000015258789,53.15999984741211,46.84574890136719,-0.6433866689478408,1.3536871565323239,0.6256752014160156
2012-02-24,53.060001373291016,53.59999847412109,52.7599983215332,53.22999954223633,46.90742492675781,0.7494927185967366,0.13165767831031516,0.061676025390625
2012-02-27,53.040000915527344,53.470001220703125,52.20000076293945,53.22999954223633,46.90742492675781,0.22375929562878336,0.0,0.0
2012-02-28,53.20000076293945,53.43999862670898,52.5,52.75,46.48444366455078,1.5565947597002612,-0.9017362664172746,-0.42298126220703125
2012-02-29,52.83000183105469,53.13999938964844,52.52000045776367,52.77999877929688,46.51087951660156,1.2507896610814517,0.0568703204055776,0.02643585205078125
2012-03-01,53.0099983215332,53.09999847412109,52.540000915527344,52.93999862670898,46.65187072753906,0.31941066209174435,0.3031359810927059,0.1409912109375
2012-03-02,52.83000183105469,53.2400016784668,52.83000183105469,53.20000076293945,46.88099670410156,0.09878415258593656,0.4911399542810724,0.2291259765625
2012-03-05,53.02000045776367,53.470001220703125,52.810001373291016,53.34999847412109,47.01316833496094,0.26215947924530053,0.2819300786064849,0.132171630859375
2012-03-06,52.75,52.75,51.959999084472656,52.15999984741211,45.96452713012695,1.2982662517346002,-2.2305265566502364,-1.0486412048339844
2012-03-07,52.2400016784668,52.70000076293945,51.959999084472656,52.18999862670898,45.9909553527832,0.9980466343691023,0.0574969967197303,0.02642822265625
2012-03-08,52.38999938964844,53.47999954223633,52.38999938964844,53.27000045776367,46.94268035888672,0.07923496819934601,2.0693742906689128,0.9517250061035156
2012-03-09,53.400001525878906,53.900001525878906,53.290000915527344,53.540000915527344,47.18061447143555,-0.3131450898457931,0.5068609434522475,0.23793411254882812
2012-03-12,53.5099983215332,53.720001220703125,53.27000045776367,53.59999847412109,47.23347854614258,-0.41298556724873775,0.11204617680220519,0.05286407470703125
2012-03-13,53.91999816894531,54.41999816894531,53.65999984741211,54.40999984741211,47.947261810302734,-0.38994545707882744,1.5111808110064517,0.7137832641601562
2012-03-14,54.43000030517578,54.619998931884766,54.29999923706055,54.459999084472656,47.9913330078125,0.2817086636318911,0.09191598403288648,0.044071197509765625
2012-03-15,54.38999938964844,54.91999816894531,54.22999954223633,54.88999938964844,48.37026596069336,0.11763515181586318,0.7895862213687099,0.3789329528808594
2012-03-16,54.29999923706055,54.869998931884766,53.9900016784668,54.7400016784668,48.238067626953125,2.601777939226192,-0.2733049552542499,-0.13219833374023438
2012-03-19,54.54999923706055,54.959999084472656,54.38999938964844,54.59000015258789,48.10589218139648,-0.29359590545920256,-0.274006509918312,-0.13217544555664773
2012-03-20,54.369998931884766,54.70000076293945,54.31999969482422,54.400001525878906,47.93846893310547,-0.260083017939333,-0.34803064801228745,-0.16742324829100852
2012-03-21,54.15999984741211,54.52000045776367,53.86000061035156,54.27999877929688,47.83271408081055,-0.04224924906018104,-0.22060540240134152,-0.10575485229492188
2012-03-22,53.959999084472656,54.040000915527344,53.22999954223633,54.0,47.58597183227539,-0.07785669205004242,-0.5158441315253448,-0.24674224853515625
2012-03-23,53.93999862670898,54.33000183105469,53.869998931884766,54.290000915527344,47.84151840209961,-0.6371030025378652,0.5370208067304594,0.25554656982421875
2012-03-26,54.52999877929688,54.91999816894531,54.459999084472656,54.91999816894531,48.39669418334961,-0.40181460474211456,1.1604476609288206,0.55517578125
2012-03-27,54.91999816894531,54.93000030517578,54.58000183105469,54.790000915527344,48.28213119506836,-0.41298556724873775,-0.23671655722440343,-0.11456298828125
2012-03-28,54.70000076293945,55.0,54.470001220703125,54.93999862670898,48.414310455322266,0.8639950842896242,0.27376434507391245,0.13217926025390625
2012-03-29,54.68999862670898,55.0,54.4900016784668,54.90999984741211,48.38787460327149,-0.06528935923009135,-0.054603384417029055,-0.026435852050774145
2012-03-30,55.0,55.0,54.709999084472656,54.77000045776367,48.26450729370117,-0.16792257725969179,-0.2549550080093388,-0.1233673095703196
2012-04-02,54.7599983215332,55.4900016784668,54.52999877929688,55.0,48.46718597412109,0.7194707568601869,0.4199331802696493,0.20267868041991477
2012-04-03,55.040000915527344,55.36000061035156,54.619998931884766,55.2599983215332,48.69630813598633,-0.12114417176320724,0.4727366717506065,0.22912216186524148
2012-04-04,54.91999816894531,54.93999862670898,54.0,54.790000915527344,48.28213119506836,-0.301275942182506,-0.8505304750441534,-0.41417694091796875
2012-04-05,54.63999938964844,54.880001068115234,54.15999984741211,54.34000015258789,47.88559722900391,-0.2942940906158665,-0.8212851343748273,-0.396533966064446
2012-04-09,53.709999084472656,54.36000061035156,53.59000015258789,54.150001525878906,47.71814727783203,0.3871346222881473,-0.34968750702029094,-0.1674499511718821
2012-04-10,53.900001525878906,54.2599983215332,53.2599983215332,53.34000015258789,47.004356384277344,1.6878535691530836,-1.495847878164136,-0.7137908935546875
2012-04-11,54.2400016784668,54.2400016784668,52.02999877929688,53.900001525878906,47.49784469604492,0.008020082219623251,1.0498778192666647,0.4934883117675781
2012-04-12,53.90999984741211,54.63999938964844,53.90999984741211,54.5,48.02658462524414,-0.40111641958545063,1.1131872037201118,0.5287399291992188
2012-04-13,54.27000045776367,54.41999816894531,53.95000076293945,54.08000183105469,47.65646362304688,-0.3257124226657442,-0.7706585947873434,-0.3701210021972585
2012-04-16,54.130001068115234,54.470001220703125,53.72999954223633,54.27000045776367,47.82389831542969,-0.5400552657615764,0.35133679600563017,0.1674346923828054
2012-04-17,54.650001525878906,54.7599983215332,54.36000061035156,54.5,48.02658462524414,0.6657104997970629,0.4238180427651672,0.20268630981445312
2012-04-18,54.33000183105469,54.54999923706055,54.150001525878906,54.47999954223633,48.00895690917969,-0.3208251265690965,-0.03670408004651238,-0.017627716064453125
2012-04-19,54.54999923706055,55.04999923706055,54.18000030517578,54.540000915527344,48.06184005737305,0.2502903315820134,0.1101526706639433,0.052883148193359375
2012-04-20,54.66999816894531,55.0,54.59999847412109,54.88999938964844,48.37026596069336,-0.31384327500245707,0.6417272059332957,0.3084259033203125
2012-04-23,54.38999938964844,54.38999938964844,53.81999969482422,54.2599983215332,47.815086364746094,-0.4136837524054017,-1.1477704017555213,-0.5551795959472656
2012-04-24,54.11000061035156,54.2599983215332,53.79999923706055,54.02999877929688,47.80624008178711,0.6454631302538083,-0.018501028925266283,-0.008846282958984375
2012-04-25,54.36000061035156,55.11000061035156,54.040000915527344,55.02000045776367,48.68220520019531,0.46672773014783747,1.8323238073305825,0.8759651184082031
2012-04-26,54.33000183105469,54.90999984741211,53.54999923706055,54.5,48.22209548950195,1.1313999992919166,-0.9451291468848932,-0.4601097106933594
2012-04-27,54.43000030517578,55.11000061035156,54.38999938964844,54.790000915527344,48.47868728637695,0.9952538937424465,0.5321042030014267,0.256591796875
2012-04-30,54.7599983215332,54.9900016784668,54.29999923706055,54.5099983215332,48.230953216552734,0.4010983254214263,-0.5110164562847741,-0.24773406982421875
2012-05-01,54.400001525878906,55.2599983215332,54.20000076293945,54.66999816894531,48.37251663208008,0.03385293301618935,0.2935115441151215,0.14156341552734375
2012-05-02,54.34999847412109,54.84999847412109,54.08000183105469,54.52999877929688,48.2486457824707,0.3871346222881473,-0.2560769177083144,-0.123870849609375
2012-05-03,54.630001068115234,55.38999938964844,54.47999954223633,54.83000183105469,48.51409149169922,0.799762049876541,0.5501619888468534,0.2654457092285156
2012-05-04,54.619998931884766,54.709999084472656,53.61000061035156,53.720001220703125,47.53195571899414,0.3766618449381881,-2.0244340201096445,-0.9821357727050781
2012-05-07,53.5099983215332,53.810001373291016,53.45000076293945,53.59000015258789,47.41692352294922,-0.3808690500421961,-0.2420102314430017,-0.11503219604492188
2012-05-08,53.22999954223633,53.869998931884766,52.68999862670898,53.790000915527344,47.59389114379883,0.9149626007260925,0.3732161593401617,0.17696762084960938
2012-05-09,53.4900016784668,53.880001068115234,52.95000076293945,53.720001220703125,47.53195571899414,-0.0876312842433377,-0.1301331396030614,-0.0619354248046875
2012-05-10,54.11000061035156,54.11000061035156,53.34000015258789,53.56999969482422,47.399227142333984,-0.559604450148167,-0.2792407226936744,-0.13272857666015625
2012-05-11,53.34999847412109,53.880001068115234,53.27999877929688,53.38999938964844,47.23995208740234,-0.6252338548745782,-0.3360288015949342,-0.15927505493164773
2012-05-14,52.83000183105469,52.84999847412109,52.310001373291016,52.33000183105469,46.302059173583984,-0.5554153392081833,-1.9853807473874774,-0.9378929138183523
2012-05-15,52.4900016784668,52.61000061035156,51.61000061035156,51.7400016784668,45.78002548217773,0.21957018468879969,-1.1274524302454458,-0.5220336914062571
2012-05-16,52.0,52.150001525878906,51.2400016784668,51.27999877929688,45.37300109863281,0.23632662844873445,-0.8890872804414918,-0.40702438354491477
2012-05-17,51.38999938964844,51.540000915527344,50.13999938964844,50.13999938964844,44.36432266235352,0.31871247693508037,-2.2230807128816643,-1.0086784362792898
2012-05-18,50.34999847412109,50.560001373291016,49.630001068115234,49.70000076293945,43.97501373291016,-0.28033038748258754,-0.87752704443681,-0.3893089294433594
2012-05-21,49.81999969482422,50.70000076293945,49.7400016784668,50.560001373291016,44.735958099365234,0.20351192608552884,1.7304016573520542,0.760944366455071
2012-05-22,50.66999816894531,50.959999084472656,50.33000183105469,50.59000015258789,44.76250076293945,0.24051573938871812,0.05933183215895976,0.02654266357421875
2012-05-23,50.119998931884766,51.220001220703125,49.900001525878906,51.04999923706055,45.16949844360352,0.4080801769880658,0.9092380312250903,0.4069976806640696
2012-05-24,51.18000030517578,51.40999984741211,50.459999084472656,51.060001373291016,45.1783561706543,-0.012925472480295207,0.019609974332190916,0.008857727050774145
2012-05-25,51.09999847412109,51.27000045776367,50.540000915527344,50.61000061035156,44.78019714355469,-0.4541784914919107,-0.8813048124097889,-0.3981590270996094
2012-05-29,51.02999877929688,51.619998931884766,50.630001068115234,50.709999084472656,44.86867904663086,0.4283275465313203,0.19759158896179851,0.08848190307617188
2012-05-30,50.459999084472656,50.459999084472656,49.84000015258789,49.869998931884766,44.125431060791016,0.47789869265446067,-1.6564962500175362,-0.7432479858398438
2012-06-01,49.560001373291016,50.43999862670898,49.36000061035156,50.2599983215332,44.470497131347656,1.1488546282085152,0.782011783819736,0.3450660705566406
2012-06-04,50.25,50.36000061035156,49.68999862670898,50.220001220703125,44.43512344360352,-0.22307920463614372,-0.07954416978891432,-0.03537368774413352
2012-06-05,49.959999084472656,50.4900016784668,49.86000061035156,50.400001525878906,44.59437942504883,-0.42694927038201674,0.35840112303824334,0.1592559814453054
2012-06-06,50.95000076293945,51.650001525878906,50.7599983215332,51.58000183105469,45.63845443725586,0.10716237446590395,2.341270414945096,1.0440750122070312
2012-06-07,52.0,52.45000076293945,51.880001068115234,51.93999862670898,45.956993103027344,0.30963606989844905,0.6979611156846088,0.3185386657714844
2012-06-08,51.95000076293945,52.52999877929688,51.47999954223633,52.400001525878906,46.36399841308594,-0.5882300415713888,0.8856221492693495,0.40700531005859375
2012-06-11,52.75,52.93000030517578,51.709999084472656,51.77000045776367,45.80657196044922,-0.8207256987404837,-1.2022829603052232,-0.5574264526367188
2012-06-12,51.970001220703125,52.540000915527344,51.869998931884766,52.369998931884766,46.33745574951172,-0.3117487195324652,1.158968607214006,0.5308837890625
2012-06-13,52.18999862670898,52.65999984741211,51.84999847412109,51.970001220703125,45.98353576660156,-0.1825844655496347,-0.7637881216943754,-0.35391998291015625
2012-06-14,52.13999938964844,52.56999969482422,51.90999984741211,52.380001068115234,46.346290588378906,-0.260083017939333,0.788879793016739,0.36275482177734375
2012-06-15,52.560001373291016,52.7400016784668,52.2400016784668,52.27000045776367,46.24898147583008,0.16860266825233142,-0.20996095116451174,-0.09730911254882812
2012-06-18,52.18000030517578,52.84999847412109,51.88999938964844,52.619998931884766,46.55865859985352,-0.5603026353048309,0.6695869057900872,0.3096771240234446
2012-06-19,52.63999938964844,53.2599983215332,52.41999816894531,52.43000030517578,46.39054489135742,0.3878328074448113,-0.36107936429385923,-0.16811370849610086
2012-06-20,52.18000030517578,52.58000183105469,51.97999954223633,52.2400016784668,46.22244644165039,-0.5079387485550347,-0.362354980094981,-0.16809844970703125
2012-06-21,52.20000076293945,52.47999954223633,51.0,51.130001068115234,45.24029541015625,-0.4702367500951815,-2.1248356742302077,-0.9821510314941406
2012-06-22,51.400001525878906,51.79999923706055,51.15999984741211,51.720001220703125,45.762325286865234,1.3638956564610114,1.153904659499183,0.5220298767089844
2012-06-25,51.18999862670898,51.20000076293945,50.5,50.709999084472656,44.86867904663086,-0.5896264118847168,-1.952799021099727,-0.893646240234375
2012-06-26,50.709999084472656,50.970001220703125,50.31999969482422,50.58000183105469,44.75365829467773,-0.7299616283741704,-0.25634976201014403,-0.1150207519531321
2012-06-27,50.790000915527344,51.2400016784668,50.650001525878906,50.72999954223633,44.88637161254883,-0.027587360770238125,0.296541831278363,0.13271331787110086
2012-06-28,50.52999877929688,50.709999084472656,50.060001373291016,50.52999877929688,44.70941162109375,0.11414422603254344,-0.3942399109078454,-0.17695999145507812
2012-06-29,51.34000015258789,51.70000076293945,51.02000045776367,51.04999923706055,45.16949844360352,1.002235745309086,1.0290603383666719,0.46008682250977273
2012-07-02,51.06999969482422,51.93999862670898,50.91999816894531,51.77999877929688,45.8154182434082,-0.10508591315993641,1.4299910826133022,0.6459197998046804
2012-07-03,51.70000076293945,52.619998931884766,51.70000076293945,52.52999877929688,46.47902297973633,-0.9031115472268296,1.4484310342918194,0.663604736328125
2012-07-05,52.459999084472656,52.7400016784668,52.34999847412109,52.5,46.45248794555664,0.3892291777581392,-0.05709034415645187,-0.0265350341796875
2012-07-06,52.150001525878906,52.400001525878906,51.06999969482422,51.459999084472656,45.53227996826172,0.18186818622894646,-1.9809659675783742,-0.9202079772949219
2012-07-09,49.4900016784668,50.209999084472656,47.560001373291016,49.720001220703125,43.99271011352539,3.5254769014925964,-3.381271168080069,-1.5395698547363281
2012-07-10,49.43000030517578,49.56999969482422,48.83000183105469,49.470001220703125,43.7715072631836,1.7430101965295355,-0.5028170571237056,-0.22120285034178977
2012-07-11,49.380001068115234,49.45000076293945,48.900001525878906,49.22999954223633,43.55915451049805,1.5000417620104813,-0.48513922860536907,-0.21235275268555398
2012-07-12,49.09000015258789,49.220001220703125,48.66999816894531,49.04999923706055,43.39988327026367,0.33267618006835936,-0.36564355305838125,-0.159271240234375
2012-07-13,49.25,49.88999938964844,49.0099983215332,49.84000015258789,44.0988883972168,0.1797736307589546,1.6106152235484616,0.699005126953125
2012-07-16,49.810001373291016,49.91999816894531,49.34999847412109,49.63999938964844,43.92191696166992,-0.42834564069534464,-0.4013058876968123,-0.176971435546875
2012-07-17,49.650001525878906,49.880001068115234,49.150001525878906,49.81999969482422,44.0811882019043,0.23074114719542285,0.3626236085582768,0.159271240234375
2012-07-18,49.47999954223633,50.52999877929688,49.41999816894531,50.310001373291016,44.51475524902344,-0.16722439210302784,0.9835647921586865,0.4335670471191406
2012-07-19,50.36000061035156,50.810001373291016,50.09000015258789,50.709999084472656,44.86867904663086,-0.31384327500245707,0.7950707481766628,0.3539237976074219
2012-07-20,50.38999938964844,50.54999923706055,50.06999969482422,50.11000061035156,44.33777618408203,-0.843765808910394,-1.1832371129024688,-0.5309028625488281
2012-07-23,49.470001220703125,49.93999862670898,48.91999816894531,49.77999877929688,44.04580307006836,-0.4925786751084279,-0.6585199780914874,-0.2919731140136719
2012-07-24,49.369998931884766,49.369998931884766,48.34999847412109,48.75,43.13443756103516,0.8765624171095753,-2.069131325823237,-0.911365509033196
2012-07-25,48.83000183105469,49.369998931884766,48.560001373291016,49.34999847412109,43.66533279418945,0.6384812786871689,1.2307920612227186,0.5308952331542898
2012-07-26,50.0099983215332,50.13999938964844,49.43999862670898,49.810001373291016,44.07234573364258,0.7341326451501298,0.9321191742005519,0.407012939453125
2012-07-27,50.119998931884766,51.959999084472656,49.470001220703125,50.650001525878906,44.81558227539063,1.7248573824562727,1.6864011419766678,0.743236541748054
2012-07-30,50.720001220703125,51.220001220703125,50.34999847412109,50.47999954223633,44.66516876220703,-0.15675161475306862,-0.33562771149399095,-0.15041351318360086
2012-07-31,50.34000015258789,50.54999923706055,49.86000061035156,50.0099983215332,44.24930191040039,0.1406752619857735,-0.931076414421883,-0.4158668518066406
2012-08-01,50.119998931884766,50.15999984741211,49.0,49.220001220703125,43.55030822753906,0.056893043186099654,-1.5796716618867945,-0.6989936828613281
2012-08-02,48.66999816894531,48.9900016784668,48.08000183105469,48.56999969482422,42.97518539428711,0.581928280997389,-1.3205941740919158,-0.5751228332519531
2012-08-03,49.29999923706055,50.150001525878906,49.29999923706055,50.060001373291016,44.29354095458984,0.04572208067947647,3.0677134914186555,1.3183555603027273
2012-08-06,50.060001373291016,50.459999084472656,49.869998931884766,49.97999954223633,44.222755432128906,-0.4653494539985339,-0.1598100331005381,-0.0707855224609304
2012-08-07,50.0,50.400001525878906,49.81999969482422,50.04999923706055,44.4804801940918,0.3983055847947705,0.5827876608874627,0.2577247619628906
2012-08-08,49.970001220703125,50.2599983215332,49.88999938964844,49.91999816894531,44.36495971679688,-0.5749645235947738,-0.2597104995063826,-0.11552047729491477
2012-08-09,49.91999816894531,50.02000045776367,49.5099983215332,49.83000183105469,44.28497695922852,-0.24611931480605403,-0.1802836249123807,-0.07998275756835938
2012-08-10,49.83000183105469,50.02000045776367,49.650001525878906,49.88999938964844,44.33829498291016,-0.6782959267810382,0.12039754188135632,0.053318023681640625
2012-08-13,49.75,49.97999954223633,49.29999923706055,49.97999954223633,44.41827774047852,-0.5896264118847168,0.180392046196598,0.07998275756835938
2012-08-14,50.18000030517578,50.22999954223633,49.869998931884766,49.970001220703125,44.40939712524414,-0.05481658188013212,-0.019993155264297346,-0.008880615234382105
2012-08-15,50.0099983215332,50.369998931884766,49.869998931884766,50.36000061035156,44.755985260009766,-0.6524630759844721,0.7804387296413307,0.346588134765625
2012-08-16,50.36000061035156,50.790000915527344,50.02999877929688,50.65999984741211,45.02260971069336,-0.29638864608585835,0.5957291502681539,0.26662445068359375
2012-08-17,50.56999969482422,50.869998931884766,50.25,50.619998931884766,44.987064361572266,-0.667823149431079,-0.07894999723361273,-0.03554534912109375
2012-08-20,50.68000030517578,50.7599983215332,50.13999938964844,50.56999969482422,44.94263458251953,-0.6042883001746596,-0.09876123210805776,-0.044429779052734375
2012-08-21,50.65999984741211,50.720001220703125,50.130001068115234,50.369998931884766,44.7648811340332,-0.16582802178969994,-0.3955118566980165,-0.17775344848632812
2012-08-22,50.38999938964844,50.869998931884766,50.0,50.84000015258789,45.182579040527344,-0.26706486950597247,0.9330928529520444,0.4176979064941406
2012-08-23,50.86000061035156,50.86000061035156,50.25,50.52000045776367,44.89820098876953,-0.6168556329946108,-0.6293975638325899,-0.2843780517578125
2012-08-24,50.34999847412109,50.90999984741211,50.34999847412109,50.81999969482422,45.16481018066406,-0.5644917462448146,0.5938081838985365,0.26660919189453125
2012-08-27,51.0,51.0,50.400001525878906,50.5099983215332,44.889305114746094,-0.27963220232592356,-0.6099993884971955,-0.27550506591796875
2012-08-28,50.43000030517578,51.040000915527344,50.20000076293945,50.97999954223633,45.30699920654297,0.3361671058516791,0.930498012230685,0.417694091796875
2012-08-29,50.93999862670898,51.13999938964844,50.790000915527344,50.91999816894531,45.25367736816406,-0.44021478835863176,-0.11769006845018248,-0.05332183837890625
2012-08-30,50.63999938964844,50.7599983215332,50.400001525878906,50.470001220703125,44.85374450683594,-0.5232988220016416,-0.8837577067482227,-0.399932861328125
2012-08-31,50.869998931884766,51.02000045776367,50.34999847412109,50.650001525878906,45.01372146606445,-0.19026450227293815,0.35666355392944826,0.15997695922851562
2012-09-04,50.720001220703125,51.040000915527344,50.06999969482422,51.0,45.32477188110352,0.31661792146508855,0.69101244000358,0.3110504150390696
2012-09-05,51.09999847412109,51.22999954223633,50.33000183105469,50.61000061035156,44.978172302246094,1.7318392340229123,-0.7647023128249497,-0.346599578857429
2012-09-06,50.91999816894531,51.79999923706055,50.720001220703125,50.79999923706055,45.14704132080078,1.572653018303532,0.37544659978603345,0.1688690185546875
2012-09-07,50.880001068115234,51.4900016784668,50.619998931884766,51.4900016784668,45.76024627685547,0.7334344599934658,1.3582395171755524,0.6132049560546875
2012-09-10,50.70000076293945,51.43000030517578,50.33000183105469,51.11000061035156,45.42254638671875,-0.40251278989877853,-0.7379765574109687,-0.33769989013671875
2012-09-11,51.11000061035156,51.2599983215332,50.709999084472656,51.18999862670898,45.49364471435547,-0.3389779406423592,0.15652651225539493,0.07109832763671875
2012-09-12,51.04999923706055,51.41999816894531,50.9900016784668,51.27999877929688,45.5736083984375,-0.68039048225103,0.17576891142512263,0.07996368408203125
2012-09-13,51.34999847412109,52.380001068115234,51.34999847412109,52.13999938964844,46.33790969848633,0.2370248136053984,1.6770699685808355,0.7643013000488281
2012-09-14,52.18000030517578,52.59000015258789,52.18000030517578,52.459999084472656,46.62230682373047,-0.13720243036647806,0.6137461251374265,0.2843971252441406
2012-09-17,52.43000030517578,52.560001373291016,52.2400016784668,52.400001525878906,46.56898498535156,0.2111919628088323,-0.11436979851834339,-0.05332183837890625
2012-09-18,52.2400016784668,52.40999984741211,51.84999847412109,52.09999847412109,46.30236053466797,0.27542499722191555,-0.5725365299833363,-0.26662445068359375
2012-09-19,52.25,52.54999923706055,51.95000076293945,52.40999984741211,46.5778694152832,-0.518411525904994,0.595021241754945,0.2755088806152344
2012-09-20,52.2400016784668,52.7599983215332,52.09999847412109,52.68000030517578,46.817832946777344,0.015001933786262737,0.5151878660542675,0.23996353149414062
2012-09-21,53.11000061035156,53.18999862670898,52.56999969482422,52.66999816894531,46.80891799926758,1.4469796901040213,-0.019041777349881883,-0.008914947509765625
2012-09-24,52.16999816894531,52.7599983215332,52.16999816894531,52.650001525878906,46.79116439819336,0.2817086636318911,-0.037927817674610065,-0.01775360107421875
2012-09-25,52.72999954223633,53.02999877929688,51.900001525878906,51.9900016784668,46.20460510253906,0.13020248463581424,-1.2535684956729631,-0.5865592956542969
2012-09-26,52.09000015258789,52.09000015258789,51.36000061035156,51.810001373291016,46.04465103149414,-0.477218601661821,-0.3461864259849068,-0.15995407104492188
2012-09-27,51.86000061035156,51.93000030517578,51.27999877929688,51.619998931884766,45.87579345703125,0.10297326352592026,-0.3667257122817458,-0.16885757446289062
2012-09-28,51.31999969482422,51.81999969482422,51.09000015258789,51.709999084472656,45.95576095581055,1.4323178018140783,0.17431305870316827,0.07996749877929688
2012-10-01,51.709999084472656,51.91999816894531,51.040000915527344,51.7400016784668,45.98242950439453,1.6801735324297802,0.05803091501330737,0.026668548583984375
2012-10-02,51.90999984741211,51.9900016784668,51.43999862670898,51.869998931884766,46.09796905517578,-0.15884617022306047,0.25126891298818954,0.11553955078125
2012-10-03,51.95000076293945,52.369998931884766,51.77000045776367,52.02999877929688,46.24016189575195,-0.2915013499892107,0.3084579288210598,0.14219284057617188
2012-10-04,52.220001220703125,52.400001525878906,51.95000076293945,52.310001373291016,46.4890022277832,-0.46185852821521417,0.5381476228224713,0.24884033203125
2012-10-05,52.59999847412109,53.0,52.47999954223633,52.56999969482422,46.72006607055664,-0.4869931938551163,0.4970290427858348,0.2310638427734375
2012-10-08,52.45000076293945,52.720001220703125,52.209999084472656,52.40999984741211,46.5778694152832,-0.3299015336057279,-0.3043588488481408,-0.1421966552734375
2012-10-09,52.310001373291016,52.380001068115234,51.619998931884766,51.68000030517578,45.92910385131836,-0.40181460474211456,-1.3928622586415917,-0.6487655639648438
2012-10-10,51.70000076293945,51.720001220703125,51.11000061035156,51.18999862670898,45.49364471435547,-0.26357394372265275,-0.9481115468147561,-0.4354591369628906
2012-10-11,51.4900016784668,51.70000076293945,51.18999862670898,51.27000045776367,45.56473922729492,-0.8926387698768704,0.15627350454296973,0.07109451293945312
2012-10-12,51.27000045776367,51.58000183105469,51.18000030517578,51.22999954223633,45.5291862487793,-0.449989380551927,-0.07802739381053136,-0.035552978515625
2012-10-15,51.209999084472656,51.52000045776367,50.93000030517578,51.45000076293945,45.72470474243164,-0.532375229038273,0.4294355110675552,0.19551849365234375
2012-10-16,51.47999954223633,52.15999984741211,51.470001220703125,52.11000061035156,46.31126022338867,-0.5344697845082648,1.282797744154096,0.5865554809570312
2012-10-17,52.220001220703125,53.060001373291016,52.04999923706055,53.0,47.10221481323242,-0.40530553052543433,1.7079098820210747,0.79095458984375
2012-10-18,52.86000061035156,52.93999862670898,52.66999816894531,52.7400016784668,46.87115097045898,-0.8332930315604348,-0.490558339325764,-0.2310638427734446
2012-10-19,52.65999984741211,52.77999877929688,51.95000076293945,52.34000015258789,46.51565933227539,-0.6210447439345944,-0.7584444393261003,-0.35549163818358664
2012-10-22,52.29999923706055,52.650001525878906,52.18999862670898,52.58000183105469,46.72895812988281,-0.477916786818485,0.45855266950804996,0.21329879760742188
2012-10-23,52.150001525878906,52.150001525878906,51.20000076293945,51.709999084472656,45.95576095581055,-0.8346894018737627,-1.6546424423227402,-0.7731971740722656
2012-10-24,51.93999862670898,51.93999862670898,51.2599983215332,51.41999816894531,45.69804763793945,-0.5491316727982077,-0.5607856610597817,-0.25771331787109375
2012-10-25,51.68999862670898,51.68999862670898,51.04999923706055,51.29999923706055,45.591400146484375,0.09319867133262498,-0.23337428395198145,-0.10664749145507812
2012-10-26,51.4900016784668,51.790000915527344,51.290000915527344,51.650001525878906,45.90243911743164,-0.79000555184727,0.6822316707710385,0.3110389709472656
2012-10-31,50.79999923706055,51.619998931884766,49.970001220703125,51.27999877929688,45.5736083984375,-0.08414035846001797,-0.7163687274937547,-0.3288307189941406
2012-11-01,51.38999938964844,53.36000061035156,51.25,53.130001068115234,47.217750549316406,1.5133072799870964,3.6076628747599315,1.6441421508789062
2012-11-02,52.400001525878906,53.02000045776367,49.16999816894531,49.4900016784668,43.98281478881836,2.8182153377920165,-6.851100958567113,-3.234935760498047
2012-11-05,49.70000076293945,50.4900016784668,49.15999984741211,49.66999816894531,44.33987045288086,0.9938575234291187,0.8118072155610889,0.3570556640625
2012-11-06,49.54999923706055,50.75,49.52999877929688,50.15999984741211,44.77731323242188,1.342950101761093,0.986567563398455,0.43744277954102273
2012-11-07,49.7400016784668,49.7400016784668,48.86000061035156,48.91999816894531,43.67036437988281,0.5218843575242894,-2.4721198585393456,-1.1069488525390696
2012-11-08,48.810001373291016,49.02000045776367,48.27000045776367,48.27000045776367,43.090118408203125,-0.20353002024955316,-1.3286950542299225,-0.5802459716796875
2012-11-09,48.09000015258789,48.47999954223633,48.0,48.02000045776367,42.86695098876953,0.44997128638790274,-0.5179085778309389,-0.22316741943359375
2012-11-12,48.0,48.34999847412109,47.86000061035156,47.88999938964844,42.75090026855469,-0.07157302564006689,-0.2707230571291297,-0.11605072021484375
2012-11-13,47.61000061035156,47.84999847412109,46.9900016784668,47.150001525878906,42.090293884277344,4.028868399447303,-1.5452455506843488,-0.6606063842773438
2012-11-14,47.119998931884766,47.380001068115234,46.02999877929688,46.040000915527344,41.099422454833984,0.514204320800986,-2.354156595265533,-0.9908714294433594
2012-11-15,46.0,46.290000915527344,45.52999877929688,45.79999923706055,40.88517761230469,3.5240805311792682,-0.5212843143105994,-0.21424484252929688
2012-11-16,45.79999923706055,46.220001220703125,45.18999862670898,46.18999862670898,41.23332595825195,1.4609433932373002,0.8515270478915316,0.3481483459472656
2012-11-19,46.59000015258789,46.9900016784668,46.400001525878906,46.93999862670898,41.90282440185547,0.826293085829771,1.623682853722186,0.6694984436035156
2012-11-20,46.790000915527344,46.970001220703125,46.5,46.970001220703125,41.92961883544922,0.41157110277138553,0.0639442185013328,0.02679443359375
2012-11-21,47.04999923706055,47.540000915527344,46.7599983215332,46.95000076293945,41.91175842285156,-0.07506395142338664,-0.04259617209435573,-0.01786041259765625
2012-11-23,47.15999984741211,47.630001068115234,47.15999984741211,47.619998931884766,42.50986862182617,-0.6992414814809567,1.4270701623640303,0.5981101989746094
2012-11-26,47.40999984741211,47.93000030517578,47.40999984741211,47.790000915527344,42.66162109375,0.9854793015491513,0.35698174763567625,0.15175247192382812
2012-11-27,47.68000030517578,48.119998931884766,47.18999862670898,47.310001373291016,42.23313522338867,1.273829771251362,-1.0043825325336764,-0.4284858703613281
2012-11-28,46.7400016784668,47.77999877929688,46.709999084472656,47.58000183105469,42.47416305541992,-0.1867735764896184,0.5707078831736156,0.24102783203125
2012-11-29,47.900001525878906,48.09000015258789,47.41999816894531,47.77000045776367,42.64377212524414,-0.5952118931380284,0.3993229239217966,0.16960906982421875
2012-11-30,47.79999923706055,48.02999877929688,47.380001068115234,47.66999816894531,42.55449295043945,0.6657104997970629,-0.20936040681972523,-0.0892791748046875
2012-12-03,48.02000045776367,48.06999969482422,46.77000045776367,46.95000076293945,41.91175842285156,0.27961410816189924,-1.5103799458648037,-0.6427345275878906
2012-12-04,46.88999938964844,47.31999969482422,46.61000061035156,47.08000183105469,42.0278205871582,0.42064750980801685,0.2769202931923731,0.11606216430664062
2012-12-05,47.18000030517578,47.36000061035156,46.88999938964844,47.25,42.17957305908203,0.055496672872771755,0.36107623427468205,0.15175247192382812
2012-12-06,47.20000076293945,47.68000030517578,46.90999984741211,47.68000030517578,42.56342697143555,-0.3026723124958339,0.9100469362642416,0.3838539123535156
2012-12-07,47.77000045776367,47.900001525878906,47.58000183105469,47.70000076293945,42.58129119873047,0.19862462998888122,0.04197083873653806,0.017864227294921875
2012-12-10,47.619998931884766,47.900001525878906,47.380001068115234,47.77999877929688,42.65269088745117,0.07295130178937047,0.16767854311292574,0.07139968872070312
2012-12-11,48.0099983215332,48.09999847412109,47.59000015258789,47.7400016784668,42.61698913574219,0.526073468464273,-0.0837033982291846,-0.035701751708984375
2012-12-12,47.95000076293945,48.09000015258789,47.54999923706055,47.56999969482422,42.4652214050293,-0.6336120767545455,-0.35612025577284045,-0.15176773071289062
2012-12-13,47.560001373291016,47.810001373291016,46.84000015258789,47.20000076293945,42.13494873046875,0.48208780359444436,-0.7777486225973851,-0.3302726745605469
2012-12-14,47.150001525878906,47.43999862670898,46.84999847412109,46.91999816894531,41.884986877441406,0.12531518853916662,-0.5932411467409526,-0.24996185302734375
2012-12-17,46.9900016784668,47.459999084472656,46.97999954223633,47.380001068115234,42.29561996459961,-0.22307920463614372,0.9803825135716204,0.4106330871582031
2012-12-18,47.400001525878906,47.59999847412109,47.09000015258789,47.560001373291016,42.45631790161133,1.1558364797751548,0.3799399019241756,0.16069793701171875
2012-12-19,47.560001373291016,48.54999923706055,47.560001373291016,48.06999969482422,42.91157913208008,0.24749759095535762,1.0723050254234812,0.45526123046875
2012-12-20,48.04999923706055,48.34999847412109,48.0,48.18999862670898,43.01870346069336,0.7739291990799748,0.249639679499003,0.10712432861328125
2012-12-24,47.650001525878906,48.09999847412109,47.27000045776367,47.9900016784668,42.84016799926758,-0.8088565510771966,-0.4150182294287652,-0.17853546142578125
2012-12-26,47.9900016784668,48.04999923706055,47.40999984741211,47.540000915527344,42.43844985961914,-0.5114296743383545,-0.9377137355187415,-0.4017181396484375
2012-12-27,47.41999816894531,47.95000076293945,47.18999862670898,47.77000045776367,42.64377212524414,-0.20353002024955316,0.4838118882857012,0.205322265625
2012-12-28,47.43999862670898,47.880001068115234,47.31999969482422,47.34000015258789,42.25990676879883,-0.5135242298083463,-0.9001674507543744,-0.3838653564453125
2012-12-31,47.18999862670898,48.040000915527344,47.040000915527344,47.720001220703125,42.59914016723633,2.5424322009097566,0.8027310620759787,0.3392333984375
2013-01-02,48.95000076293945,48.9900016784668,48.13999938964844,48.7599983215332,43.52753829956055,0.3487344386716302,2.179382327153778,0.9283981323242188
2013-01-03,48.7599983215332,49.33000183105469,48.63999938964844,48.95000076293945,43.697147369384766,-0.20911550150286476,0.3896592282728095,0.16960906982421875
2013-01-04,48.95000076293945,49.630001068115234,48.93999862670898,49.619998931884766,44.29524993896485,0.5093170247043384,1.3687451140097284,0.5981025695800852
2013-01-07,49.369998931884766,49.43000030517578,49.09999847412109,49.20000076293945,43.92031478881836,-0.6510667056711442,-0.8464455007322957,-0.3749351501464915
2013-01-08,51.11000061035156,51.77000045776367,50.18000030517578,51.720001220703125,46.16990280151367,2.3301839132839164,5.12197606850493,2.2495880126953125
2013-01-09,51.84000015258789,51.869998931884766,50.93999862670898,51.18000030517578,45.68783950805664,0.3361671058516791,-1.0441072304818166,-0.48206329345703125
2013-01-10,51.45000076293945,51.45000076293945,50.81999969482422,50.880001068115234,45.420040130615234,-0.3738871984755566,-0.5861502323702195,-0.26779937744140625
2013-01-11,50.59000015258789,51.13999938964844,50.59000015258789,51.040000915527344,45.56285858154297,0.3619999566482452,0.31443928828998047,0.14281845092773438
2013-01-14,50.880001068115234,51.38999938964844,50.81999969482422,51.22999954223633,45.73247528076172,-0.2998795718691781,0.3722696610775511,0.16961669921875
2013-01-15,50.75,51.58000183105469,50.75,51.54999923706055,46.01814651489258,-0.30686142343581757,0.6246572755510327,0.2856712341308594
2013-01-16,51.54999923706055,51.63999938964844,51.36000061035156,51.56999969482422,46.03599548339844,-0.5798518196914214,0.03878680446218752,0.017848968505859375
2013-01-17,51.84000015258789,52.22999954223633,51.7400016784668,52.040000915527344,46.45555114746094,-0.2126064272861845,0.9113643783673631,0.4195556640625
2013-01-18,52.11000061035156,52.33000183105469,51.900001525878906,52.33000183105469,46.71442794799805,-0.5177133407483301,0.5572569782142267,0.2588768005371094
2013-01-22,52.220001220703125,52.2599983215332,51.7599983215332,52.02000045776367,46.43770599365234,0.18815185263892198,-0.5923693524701901,-0.27672195434571023
2013-01-23,52.13999938964844,52.369998931884766,51.72999954223633,51.810001373291016,46.250247955322266,-0.3634144211255974,-0.40367635377099864,-0.18745803833007102
2013-01-24,51.86000061035156,52.18000030517578,51.790000915527344,52.09999847412109,46.50910949707031,0.4953533215710594,0.5596976301577961,0.2588615417480469
2013-01-25,52.38999938964844,52.38999938964844,51.93000030517578,52.02999877929688,46.44663238525391,-0.3389779406423592,-0.1343330639782203,-0.062477111816399145
2013-01-28,51.95000076293945,51.95000076293945,50.790000915527344,51.040000915527344,45.782840728759766,0.554000874730831,-1.4291491598105388,-0.6637916564941477
2013-01-29,51.22999954223633,51.91999816894531,50.95000076293945,51.91999816894531,46.57221603393555,0.1350897807324619,1.7241728398909029,0.7893753051757812
2013-01-30,51.88999938964844,52.150001525878906,51.66999816894531,51.86000061035156,46.51838302612305,0.5365462458142324,-0.11559039357988965,-0.0538330078125
2013-01-31,51.59000015258789,51.93000030517578,51.38999938964844,51.52999877929688,46.22238159179688,2.347638542200515,-0.6363106691819942,-0.29600143432616477
2013-02-01,52.0099983215332,52.25,51.41999816894531,52.22999954223633,46.850284576416016,0.03664567364284514,1.3584392733466677,0.6279029846191335
2013-02-04,51.90999984741211,52.290000915527344,51.79999923706055,52.209999084472656,46.83234024047852,0.09459504164595288,-0.038301444910593396,-0.017944335937492895
2013-02-05,52.36000061035156,52.619998931884766,52.220001220703125,52.54999923706055,47.13731384277344,-0.23564653745609482,0.6512029950433984,0.30497360229491477
2013-02-06,52.33000183105469,53.130001068115234,52.13999938964844,52.90999984741211,47.460235595703125,0.7564745701633762,0.6850660901187355,0.3229217529296875
2013-02-07,52.9900016784668,52.9900016784668,52.25,52.869998931884766,47.42435836791992,0.27263225659525975,-0.07559428926739997,-0.035877227783203125
2013-02-08,53.04999923706055,53.43000030517578,52.380001068115234,52.5099983215332,47.10143661499024,1.3436482869177568,-0.6809196034334164,-0.3229217529296804
2013-02-11,52.470001220703125,52.58000183105469,51.880001068115234,52.43000030517578,47.02967834472656,-0.12463509754652698,-0.15234836858636358,-0.07175827026367898
2013-02-12,52.560001373291016,52.720001220703125,52.34000015258789,52.709999084472656,47.28082656860352,-0.382265420355524,0.5340207135503761,0.25114822387696023
2013-02-13,52.90999984741211,53.16999816894531,52.540000915527344,53.16999816894531,47.69344329833984,-0.024794620143582333,0.8726935624478127,0.4126167297363139
2013-02-14,53.02000045776367,53.27999877929688,52.77999877929688,53.06999969482422,47.60375595092773,-0.04574017484350079,-0.18804963787387718,-0.08968734741210938
2013-02-15,53.09999847412109,53.310001373291016,52.959999084472656,53.11000061035156,47.63962936401367,-0.6727104455277266,0.07535836693837172,0.035873413085944605
2013-02-19,53.36000061035156,53.84999847412109,53.16999816894531,53.75,48.21371078491211,0.11972970728585502,1.2050501411585035,0.5740814208984375
2013-02-20,53.70000076293945,53.77999877929688,52.20000076293945,52.27000045776367,46.88616180419922,0.8004602350332048,-2.7534677565791754,-1.3275489807128906
2013-02-21,52.31999969482422,52.459999084472656,51.95000076293945,52.22999954223633,46.850284576416016,0.1755845198189709,-0.07651986514278786,-0.035877227783203125
2013-02-22,52.47999954223633,52.84999847412109,52.33000183105469,52.81999969482422,47.37950897216797,-0.1309187639565025,1.1296076438740865,0.5292243957519531
2013-02-25,52.93999862670898,53.0,52.09000015258789,52.09999847412109,46.73366165161133,-0.368999902378909,-1.3631363738615954,-0.6458473205566406
2013-02-26,52.2599983215332,52.56999969482422,52.16999816894531,52.459999084472656,47.05658721923828,-0.4751240461918292,0.6909913672810131,0.3229255676269531
2013-02-27,52.5,53.59000015258789,52.5,53.400001525878906,47.8997688293457,-0.40530553052543433,1.791846072854808,0.8431816101074219
2013-02-28,53.31999969482422,53.9900016784668,53.31999969482422,53.93999862670898,48.3841438293457,1.3597065455210278,1.0112261746517026,0.484375
2013-03-01,53.65999984741211,53.79999923706055,53.08000183105469,53.470001220703125,47.96254348754883,1.0071230414057337,-0.8713605500262456,-0.421600341796875
2013-03-04,53.27999877929688,53.560001373291016,52.970001220703125,53.400001525878906,47.8997688293457,-0.3201269414124326,-0.13088267143176457,-0.062774658203125
2013-03-05,53.400001525878906,53.93999862670898,53.400001525878906,53.79999923706055,48.25856399536133,-0.6308193361278897,0.7490540659891742,0.358795166015625
2013-03-06,53.9900016784668,54.5099983215332,53.81999969482422,54.380001068115234,48.77882385253906,-0.26846123981930037,1.0780674228676679,0.5202598571777344
2013-03-07,54.470001220703125,54.709999084472656,54.29999923706055,54.52999877929688,48.91337203979492,-0.2984832015558502,0.2758331928268909,0.13454818725585938
2013-03-08,54.790000915527344,55.25,54.61000061035156,55.25,49.5592155456543,-0.5135242298083463,1.320382298186118,0.645843505859375
2013-03-11,55.16999816894531,55.369998931884766,55.0,55.34999847412109,49.64891052246094,0.19164277842224173,0.18098546520377568,0.08969497680664062
2013-03-12,55.459999084472656,55.619998931884766,55.09000015258789,55.36000061035156,49.65787506103516,0.2328357026654147,0.018055861608834434,0.008964538574225855
2013-03-13,55.369998931884766,55.61000061035156,54.95000076293945,55.33000183105469,49.6309814453125,-0.01152910216696731,-0.05415780616792043,-0.026893615722663355
2013-03-14,55.560001373291016,55.70000076293945,55.0,55.47999954223633,49.7655143737793,-0.10997320925658406,0.2710664277615349,0.13453292846679688
2013-03-15,55.38999938964844,55.7400016784668,55.2400016784668,55.70000076293945,49.962867736816406,1.1677056274384419,0.39656650899824175,0.19735336303710938
2013-03-18,55.34000015258789,55.880001068115234,55.27000045776367,55.560001373291016,49.83729553222656,-0.7313579986874983,-0.2513310590002704,-0.12557220458984375
2013-03-19,55.77000045776367,55.93000030517578,55.15999984741211,55.810001373291016,50.06153869628906,-0.3194287562557686,0.4499505072812271,0.2242431640625
2013-03-20,56.0,56.880001068115234,55.86000061035156,56.650001525878906,50.81501007080078,0.13439159557579794,1.505090323097824,0.7534713745117188
2013-03-21,56.36000061035156,56.61000061035156,56.04999923706055,56.2599983215332,50.46518707275391,0.11204967056255159,-0.6884245374731979,-0.3498229980468679
2013-03-22,56.27000045776367,56.400001525878906,55.900001525878906,56.2400016784668,50.44724655151367,-0.2153991679128403,-0.035550291757324715,-0.01794052124024148
2013-03-25,56.38999938964844,56.75,55.630001068115234,56.0,50.231964111328125,-0.30546505312248967,-0.4267476520561253,-0.21528244018554688
2013-03-26,56.70000076293945,56.79999923706055,56.27000045776367,56.650001525878906,50.81501007080078,0.2544794425219971,1.1607070712593703,0.5830459594726562
2013-03-27,56.34999847412109,56.900001525878906,56.18999862670898,56.84000015258789,50.985443115234375,-0.8807696222135833,0.3353990173299737,0.17043304443359375
2013-03-28,56.83000183105469,57.470001220703125,56.720001220703125,57.34999847412109,51.44292449951172,0.20281374092886492,0.8972784314992932,0.45748138427734375
2013-04-01,57.41999816894531,57.41999816894531,56.720001220703125,56.970001220703125,51.10205841064453,-0.6845795931910138,-0.6626102465664085,-0.3408660888671875
2013-04-02,57.27000045776367,57.27000045776367,56.75,57.22999954223633,51.33527374267578,-0.2614793882526609,0.45637169868419925,0.23321533203125
2013-04-03,57.119998931884766,57.150001525878906,56.400001525878906,56.63999938964844,50.80604553222656,1.2822079931313295,-1.0309250771741052,-0.5292282104492188
2013-04-04,56.70000076293945,56.810001373291016,56.20000076293945,56.66999816894531,50.83295440673828,-0.42206197428536907,0.05296392236362468,0.02690887451171875
2013-04-05,56.27999877929688,56.29999923706055,55.75,56.09000015258789,50.31270217895508,-0.681088667407694,-1.0234546346065576,-0.5202522277832031
2013-04-08,56.25,56.43000030517578,55.88999938964844,56.38999938964844,50.5817985534668,-0.4890877493251081,0.5348477876512714,0.26909637451171875
2013-04-09,56.52999877929688,56.65999984741211,56.09000015258789,56.43999862670898,50.62664413452149,-0.4597639727452223,0.08865952247090192,0.044845581054694605
2013-04-10,56.59000015258789,57.25,56.58000183105469,57.25,51.353214263916016,-0.02619099045691023,1.43515364649478,0.7265701293945241
2013-04-11,57.16999816894531,57.68999862670898,57.130001068115234,57.47999954223633,51.55952453613281,-0.6873723338176695,0.40174753454871315,0.20631027221679688
2013-04-12,57.16999816894531,57.43000030517578,56.77000045776367,56.900001525878906,51.03925704956055,-0.7760418487139911,-1.009061839210068,-0.5202674865722656
2013-04-15,56.619998931884766,56.68000030517578,55.27999877929688,55.38999938964844,49.68478393554688,0.3899273629148031,-2.653786893289678,-1.3544731140136648
2013-04-16,55.630001068115234,55.97999954223633,55.41999816894531,55.86000061035156,50.10638046264648,-0.17141350304301153,0.848542538992425,0.42159652709959516
2013-04-17,55.52000045776367,55.52000045776367,54.470001220703125,55.0099983215332,49.34392929077149,-0.5121278594950185,-1.5216648355659612,-0.7624511718749858
2013-04-18,55.09999847412109,55.16999816894531,54.45000076293945,54.56999969482422,48.94925308227539,-0.8004783291972292,-0.799847547953414,-0.39467620849610086
2013-04-19,54.709999084472656,55.2599983215332,54.400001525878906,55.08000183105469,49.40673065185547,-0.04294743421684499,0.9345956082539963,0.4574775695800781
2013-04-22,55.27999877929688,55.72999954223633,54.75,55.459999084472656,49.7475814819336,-0.9093952136368052,0.689887441611825,0.3408508300781321
2013-04-23,55.7400016784668,56.18999862670898,55.400001525878906,56.15999984741211,50.37548065185547,-0.8479549198503777,1.2621702426878656,0.6278991699218679
2013-04-24,56.20000076293945,56.63999938964844,55.45000076293945,56.5,50.90708160400391,0.06457307990940309,1.055277181020542,0.5316009521484446
2013-04-25,56.61000061035156,56.84000015258789,56.130001068115234,56.16999816894531,50.6097297668457,0.19653007451888937,-0.584107019670177,-0.29735183715821023
2013-04-26,56.16999816894531,56.16999816894531,54.959999084472656,55.38999938964844,49.90695571899414,0.19373733389223358,-1.3886145037509179,-0.7027740478515625
2013-04-29,55.7400016784668,55.7599983215332,55.060001373291016,55.34999847412109,49.87091445922852,1.219371329031574,-0.07221690693488547,-0.036041259765617895
2013-04-30,55.18999862670898,56.119998931884766,55.02000045776367,56.09999847412109,50.54667663574219,3.105169437180899,1.3550226296053403,0.6757621765136648
2013-05-01,56.0099983215332,56.0099983215332,55.310001373291016,55.470001220703125,49.979042053222656,0.21328651827882414,-1.1229909072165367,-0.5676345825195312
2013-05-02,55.5099983215332,56.040000915527344,55.45000076293945,55.59999847412109,50.096168518066406,-0.39972004927212273,0.23435116007028967,0.11712646484375
2013-05-03,56.06999969482422,56.470001220703125,55.84999847412109,55.9900016784668,50.44756317138672,-0.012227287323631257,0.7014401773931755,0.3513946533203125
2013-05-06,56.04999923706055,56.310001373291016,55.79999923706055,56.06999969482422,50.51963806152344,-0.047834730313492634,0.14287090516513778,0.07207489013671875
2013-05-07,56.04999923706055,56.2599983215332,55.7599983215332,56.13999938964844,50.58272171020508,0.11763515181586318,0.12486955786346066,0.06308364868164062
2013-05-08,56.13999938964844,56.459999084472656,55.959999084472656,56.459999084472656,50.871036529541016,0.7411144967167693,0.5699867654171076,0.2883148193359375
2013-05-09,56.41999816894531,56.52999877929688,55.90999984741211,55.959999084472656,50.420536041259766,-0.490484119638436,-0.8855736368171718,-0.45050048828125
2013-05-10,56.08000183105469,56.9900016784668,56.08000183105469,56.4900016784668,50.89806365966797,1.2689424751547145,0.9470895311732397,0.4775276184082031
2013-05-13,56.54999923706055,56.720001220703125,55.959999084472656,55.97999954223633,50.43855285644531,0.1350897807324619,-0.90280606015819,-0.45951080322265625
2013-05-14,55.86000061035156,56.33000183105469,55.7400016784668,56.29999923706055,50.72688293457031,0.2502903315820134,0.5716462146438284,0.288330078125
2013-05-15,56.09000015258789,56.68000030517578,56.09000015258789,56.66999816894531,51.06025314331055,-0.3662071617522532,0.6571864649563164,0.3333702087402344
2013-05-16,56.59999847412109,57.02999877929688,56.34999847412109,56.56999969482422,50.970157623291016,-0.40879645630875405,-0.17644941901612254,-0.09009552001953125
2013-05-17,56.810001373291016,57.15999984741211,56.709999084472656,57.06999969482422,51.42065048217773,-0.2831231281092433,0.883836503344182,0.45049285888671164
2013-05-20,56.93000030517578,57.290000915527344,56.93000030517578,57.060001373291016,51.4116439819336,-0.6224411142479224,-0.01751533704780206,-0.009006500244126414
2013-05-21,56.95000076293945,57.16999816894531,56.630001068115234,56.9900016784668,51.348575592041016,-0.7481144424474331,-0.12267335764393206,-0.06306838989258523
2013-05-22,56.9900016784668,57.52000045776367,56.34000015258789,56.61000061035156,51.00619125366211,-0.6762013713110464,-0.6667844909644893,-0.34238433837890625
2013-05-23,56.20000076293945,56.720001220703125,55.900001525878906,56.68999862670898,51.07827377319336,-0.0918203951833214,0.14132111761251398,0.07208251953125
2013-05-24,56.400001525878906,56.5099983215332,55.869998931884766,56.220001220703125,50.65480041503906,-0.7564926643274005,-0.8290674818704269,-0.4234733581542969
2013-05-28,56.72999954223633,57.13999938964844,56.22999954223633,56.470001220703125,50.88005447387695,-0.31523964531578497,0.4446845254393983,0.22525405883789062
2013-05-29,56.15999984741211,56.61000061035156,56.02999877929688,56.27000045776367,50.699851989746094,-0.5575098946781751,-0.3541711698115013,-0.18020248413085938
2013-05-30,56.29999923706055,57.34999847412109,56.29999923706055,57.2400016784668,51.57383346557617,0.3906255480714671,1.723834373336719,0.8739814758300781
2013-05-31,57.0,57.29999923706055,56.720001220703125,56.720001220703125,51.10530471801758,0.04083478458282883,-0.9084621329754738,-0.46852874755859375
2013-06-03,56.709999084472656,57.040000915527344,56.29999923706055,56.84999847412109,51.22243118286133,0.03874022911283699,0.2291865110481517,0.11712646484375
2013-06-04,56.84000015258789,57.310001373291016,56.34000015258789,56.58000183105469,50.97916412353516,-0.023398249830254434,-0.47492290722733754,-0.24326705932616477
2013-06-05,56.41999816894531,56.52000045776367,55.66999816894531,55.77999877929688,50.25835800170898,-0.3578289398722858,-1.4139229903407102,-0.7208061218261861
2013-06-06,55.83000183105469,56.27999877929688,55.68000030517578,56.27999877929688,50.7088508605957,-0.4527821211785828,0.8963541126262076,0.45049285888672586
2013-06-07,56.470001220703125,57.150001525878906,56.45000076293945,57.0,51.35758209228516,-0.8214238838971477,1.2793254445321534,0.6487312316894602
2013-06-10,57.18999862670898,57.7599983215332,56.83000183105469,57.18999862670898,51.52878189086914,-0.41787286334538537,0.3333486344359926,0.17119979858397727
2013-06-11,56.560001373291016,57.18000030517578,56.34000015258789,56.84999847412109,51.22243118286133,-0.7851182557506223,-0.5945234813751643,-0.3063507080078125
2013-06-12,57.02000045776367,57.290000915527344,55.66999816894531,56.04999923706055,50.50162124633789,-0.3731890133188927,-1.4072153934868603,-0.7208099365234375
2013-06-13,55.91999816894531,57.34999847412109,55.91999816894531,57.290000915527344,51.618873596191406,-0.8053656252938769,2.212309867051121,1.1172523498535156
2013-06-14,57.2599983215332,57.34000015258789,56.810001373291016,57.040000915527344,51.39361953735352,-1.0008574691597825,-0.4363792604232697,-0.22525405883788352
2013-06-17,57.31999969482422,57.43000030517578,56.93999862670898,57.13999938964844,51.48373031616211,-0.3319960890757197,0.17533456413416637,0.09011077880858664
2013-06-18,57.20000076293945,57.58000183105469,57.20000076293945,57.34000015258789,51.66393661499024,-0.39483275317547506,0.3500257221485059,0.1802062988281321
2013-06-19,57.18999862670898,57.470001220703125,56.56999969482422,56.59999847412109,50.99717330932617,-0.5547171540515193,-1.290577817623384,-0.6667633056640696
2013-06-20,56.040000915527344,56.34999847412109,55.27000045776367,55.31999969482422,49.8438835144043,-0.6503685205144802,-2.2614778821691384,-1.153289794921875
2013-06-21,55.470001220703125,55.52000045776367,54.59000015258789,55.02999877929688,49.58258819580078,1.2549787720214354,-0.5242274481441767,-0.2612953186035156
2013-06-24,54.470001220703125,55.11000061035156,54.130001068115234,54.83000183105469,49.40240097045898,-0.4548766766485747,-0.3634082687056339,-0.18018722534180398
2013-06-25,55.27999877929688,55.369998931884766,54.34999847412109,54.86000061035156,49.42941284179688,-0.21330461244284846,0.05467724403527274,0.027011871337904836
2013-06-26,55.20000076293945,55.43000030517578,54.630001068115234,54.959999084472656,49.519527435302734,-0.16303528116304417,0.1823096580051864,0.09011459350585227
2013-06-27,55.209999084472656,55.72999954223633,55.0,55.40999984741211,49.92498397827149,-0.8451621792237219,0.8187811232619024,0.4054565429687571
2013-06-28,55.36000061035156,55.619998931884766,55.040000915527344,55.209999084472656,49.74477767944336,2.130502958478027,-0.36095414453525265,-0.1802062988281321
2013-07-01,55.4900016784668,56.43999862670898,55.36000061035156,55.95000076293945,50.41152572631836,-0.42764745553868067,1.3403377761009194,0.666748046875
2013-07-02,55.83000183105469,56.380001068115234,55.45000076293945,55.79999923706055,50.27637481689453,-0.4520839360219189,-0.2680952569409589,-0.13515090942382812
2013-07-03,55.65999984741211,55.90999984741211,55.36000061035156,55.880001068115234,50.34844970703125,-1.0832433176461285,0.14335737291961692,0.07207489013671875
2013-07-05,56.27999877929688,56.630001068115234,55.63999938964844,56.619998931884766,51.01519775390625,-0.898224251130182,1.3242672828154278,0.666748046875
2013-07-08,56.790000915527344,57.02999877929688,56.59999847412109,56.900001525878906,51.26747894287109,-0.532375229038273,0.4945216329099056,0.25228118896483664
2013-07-09,57.2400016784668,57.88999938964844,57.02000045776367,57.79999923706055,52.078392028808594,-0.3515452734623103,1.5817299829413045,0.8109130859375071
2013-07-10,57.59999847412109,58.2599983215332,57.52999877929688,58.09000015258789,52.339691162109375,-0.6992414814809567,0.5017419377238763,0.26129913330078125
2013-07-11,58.77999877929688,59.36000061035156,58.66999816894531,59.31999969482422,53.44792556762695,-0.1979445389962416,2.117388125361863,1.1082344055175781
2013-07-12,59.36000061035156,59.65999984741211,59.18999862670898,59.650001525878906,53.745262145996094,-0.40949464146541803,0.556310792629211,0.2973365783691406
2013-07-15,59.59999847412109,59.790000915527344,59.2400016784668,59.7599983215332,53.84436798095703,-0.5826445603180772,0.1843992028389918,0.0991058349609375
2013-07-16,59.79999923706055,59.869998931884766,59.27000045776367,59.43000030517578,53.54703903198242,-0.38715271645217164,-0.5522006481342046,-0.2973289489746094
2013-07-17,59.810001373291016,59.810001373291016,59.130001068115234,59.380001068115234,53.50199508666992,0.16441355731234775,-0.08412032883012843,-0.0450439453125
2013-07-18,59.5,59.88999938964844,59.13999938964844,59.83000183105469,53.907447814941406,-0.449989380551927,0.7578273064671182,0.4054527282714844
2013-07-19,59.84999847412109,59.93000030517578,59.40999984741211,59.58000183105469,53.68218994140625,-0.5135242298083463,-0.41786039344404724,-0.22525787353515625
2013-07-22,59.709999084472656,60.11000061035156,59.52999877929688,59.63999938964844,53.73625946044922,-0.62732841034457,0.1007215225421687,0.05406951904296875
2013-07-23,59.880001068115234,59.900001525878906,59.31999969482422,59.56999969482422,53.67318344116211,-0.9045079175401576,-0.11738074052871639,-0.06307601928710938
2013-07-24,59.81999969482422,59.81999969482422,58.630001068115234,58.70000076293945,52.88930130004883,0.10436963383924816,-1.460472606348373,-0.7838821411132812
2013-07-25,58.63999938964844,59.9900016784668,58.34000015258789,58.34000015258789,52.564937591552734,0.3564144753949336,-0.6132879439188055,-0.32436370849609375
2013-07-26,58.16999816894531,58.41999816894531,57.54999923706055,57.93999862670898,52.20452117919922,-0.22377738979280767,-0.6856593555842783,-0.3604164123535156
2013-07-29,57.68999862670898,58.63999938964844,57.68999862670898,58.4900016784668,52.928470611572266,0.9687228577892165,1.386756196629002,0.7239494323730469
2013-07-30,58.810001373291016,58.88999938964844,58.22999954223633,58.38999938964844,52.83797454833984,0.8046493459731886,-0.17097804298287222,-0.09049606323242898
2013-07-31,58.70000076293945,58.75,58.25,58.38999938964844,52.83797454833984,1.6180350534866887,0.0,0.0
2013-08-01,59.119998931884766,60.290000915527344,59.119998931884766,59.90999984741211,54.21345520019531,2.22824888041098,2.603204728442221,1.3754806518554759
2013-08-02,60.06999969482422,60.7400016784668,59.75,60.47999954223633,54.72924423217773,-0.42555290006868884,0.9514040934630597,0.5157890319824148
2013-08-05,60.43000030517578,60.59000015258789,59.810001373291016,59.970001220703125,54.26773452758789,-0.7550962940140725,-0.8432597801496633,-0.46150970458983664
2013-08-06,60.119998931884766,60.209999084472656,59.27000045776367,59.470001220703125,53.81528472900391,-0.16931894757301968,-0.8337362938081849,-0.45244979858397727
2013-08-07,59.470001220703125,59.52999877929688,59.0,59.5,53.84243774414063,-0.4862950086984523,0.050455953682027044,0.02715301513671875
2013-08-08,59.84000015258789,60.61000061035156,58.959999084472656,60.34000015258789,54.6025619506836,-0.41996741881537725,1.411756670741915,0.7601242065429688
2013-08-09,60.29999923706055,60.59000015258789,59.90999984741211,60.119998931884766,54.40348052978516,-0.8221220690538116,-0.3646008791276967,-0.1990814208984375
2013-08-12,59.880001068115234,60.380001068115234,59.880001068115234,60.220001220703125,54.49397277832031,-0.68039048225103,0.16633540290791338,0.09049224853514914
2013-08-13,60.38999938964844,60.4900016784668,59.81999969482422,60.34999847412109,54.611610412597656,-0.9059042878534854,0.21587274386452027,0.11763763427734375
2013-08-14,60.290000915527344,60.58000183105469,60.11000061035156,60.310001373291016,54.57540893554688,-0.965948211326585,-0.06628897550771118,-0.036201477050774145
2013-08-15,59.790000915527344,59.81999969482422,59.16999816894531,59.20000076293945,53.57094955444336,-0.7292634432175065,-1.8404981303755008,-1.0044593811035227
2013-08-16,59.25,59.400001525878906,59.02999877929688,59.290000915527344,53.65239715576172,-0.7746454784006631,0.15203688192158005,0.08144760131835938
2013-08-19,59.2400016784668,59.43999862670898,59.119998931884766,59.2400016784668,53.6071662902832,-0.6364048173812012,-0.08430353139152746,-0.045230865478515625
2013-08-20,59.34000015258789,59.59000015258789,59.209999084472656,59.34000015258789,53.6976432800293,-0.5030514524583871,0.1687777885071462,0.09047698974609375
2013-08-21,59.040000915527344,59.36000061035156,58.77000045776367,58.900001525878906,53.29948425292969,-0.3724908281622287,-0.7414832435443053,-0.3981590270996094
2013-08-22,59.11000061035156,60.040000915527344,59.11000061035156,59.59000015258789,53.92387390136719,-0.940115360530019,1.1714740905831134,0.6243896484375
2013-08-23,59.790000915527344,59.880001068115234,59.43000030517578,59.84000015258789,54.15010070800781,-1.0853378731161203,0.4195299600589175,0.226226806640625
2013-08-26,59.900001525878906,60.41999816894531,59.720001220703125,60.06999969482422,54.35822296142578,-0.9052061026968216,0.3843432434968541,0.20812225341796875
2013-08-27,59.34000015258789,59.77000045776367,58.68000030517578,58.75,53.16374206542969,-0.6748050009977185,-2.197424475858478,-1.1944808959960938
2013-08-28,58.560001373291016,58.97999954223633,58.560001373291016,58.810001373291016,53.21805191040039,-0.7599835901107201,0.10215579803216635,0.054309844970703125
2013-08-29,58.68999862670898,59.43999862670898,58.68999862670898,59.209999084472656,53.58000946044922,-0.8807696222135833,0.6801405482828038,0.3619575500488281
2013-08-30,59.34000015258789,60.08000183105469,58.43000030517578,58.810001373291016,53.21805191040039,0.6894487951236371,-0.6755458867845343,-0.3619575500488281
2013-09-03,59.43999862670898,59.77999877929688,57.400001525878906,58.369998931884766,52.81987762451172,1.8791563020790054,-0.7481940273932786,-0.3981742858886719
2013-09-04,58.34000015258789,58.900001525878906,58.22999954223633,58.619998931884766,53.04611206054688,-0.5393570806049124,0.42831306358457333,0.22623443603516336
2013-09-05,58.560001373291016,58.88999938964844,58.470001220703125,58.4900016784668,52.928470611572266,-0.8800714370569194,-0.22177204776165915,-0.11764144897461648
2013-09-06,58.619998931884766,58.90999984741211,57.7599983215332,58.5099983215332,52.94656753540039,-0.885656918310231,0.034191284235163266,0.018096923828125
2013-09-09,58.70000076293945,59.47999954223633,58.29999923706055,59.150001525878906,53.52571868896485,-0.4423093438286236,1.0938407918081428,0.5791511535644602
2013-09-10,59.470001220703125,59.88999938964844,59.060001373291016,59.4900016784668,53.83338165283203,-0.14278791161978965,0.5747946434030871,0.3076629638671804
2013-09-11,59.290000915527344,59.72999954223633,59.290000915527344,59.5099983215332,53.85148239135742,-0.5616990056181588,0.0336236327157069,0.018100738525390625
2013-09-12,59.52999877929688,59.93999862670898,59.11000061035156,59.150001525878906,53.52571868896485,-0.03596558265020551,-0.6049298699432826,-0.325763702392571
2013-09-13,59.36000061035156,59.47999954223633,58.93000030517578,59.0099983215332,53.39902114868164,-0.41996741881537725,-0.2367040431898615,-0.12669754028321023
2013-09-16,59.709999084472656,60.56999969482422,59.540000915527344,60.31999969482422,54.584449768066406,-0.449989380551927,2.2199444744204433,1.1854286193847656
2013-09-17,60.400001525878906,60.5,59.36000061035156,59.5099983215332,53.85148239135742,-0.023398249830254434,-1.3428135299035193,-0.7329673767089844
2013-09-18,59.5099983215332,60.34000015258789,59.16999816894531,60.220001220703125,54.49397277832031,0.19583188936222543,1.1930783674508616,0.6424903869628906
2013-09-19,60.34999847412109,60.45000076293945,59.810001373291016,60.11000061035156,54.39443206787109,-0.558906264991503,-0.18266370641419893,-0.09954071044922586
2013-09-20,60.5,60.5099983215332,60.09999847412109,60.2400016784668,54.5120735168457,1.0483159656489067,0.2162747996482972,0.11764144897461648
2013-09-23,60.18999862670898,60.65999984741211,59.95000076293945,60.400001525878906,54.6568489074707,0.04362752520948463,0.26558408309356185,0.144775390625
2013-09-24,60.369998931884766,60.75,60.08000183105469,60.40999984741211,54.665897369384766,-0.4911823047951,0.016555037648413595,0.0090484619140625
2013-09-25,60.33000183105469,60.5099983215332,59.900001525878906,60.2599983215332,54.5301628112793,-0.27265035075928407,-0.24829841754593351,-0.13573455810546875
2013-09-26,60.4900016784668,60.72999954223633,60.11000061035156,60.56999969482422,54.810691833496094,-0.5016550821450593,0.5144474319426884,0.2805290222167969
2013-09-27,60.29999923706055,60.459999084472656,59.630001068115234,59.650001525878906,53.97816467285156,0.392021918384795,-1.5189137972817068,-0.8325271606445312
2013-09-30,59.25,60.16999816894531,59.150001525878906,60.130001068115234,54.41252517700195,0.7676455326699994,0.8046966894538654,0.4343605041503906
2013-10-01,59.97999954223633,61.65999984741211,59.88999938964844,61.09000015258789,55.28125,1.856814377065759,1.596553036588766,0.8687248229980469
2013-10-02,60.20000076293945,60.369998931884766,59.43999862670898,60.27999877929688,54.54825592041016,0.48208780359444436,-1.3259361530172264,-0.7329940795898366
2013-10-03,59.91999816894531,59.95000076293945,59.22999954223633,59.72999954223633,54.050559997558594,-0.02130369436026259,-0.9123956659177979,-0.4976959228515696
2013-10-04,59.65999984741211,60.45000076293945,59.56999969482422,60.130001068115234,54.41252517700195,-0.4828040829151326,0.6696788700426115,0.3619651794433594
2013-10-07,59.77000045776367,60.31999969482422,59.18999862670898,60.2599983215332,54.5301628112793,0.6517467966637839,0.2161958738262415,0.11763763427734375
2013-10-08,59.959999084472656,60.63999938964844,59.959999084472656,60.09999847412109,54.3853759765625,0.9030934530628053,-0.265516967587065,-0.14478683471679688
2013-10-09,60.18000030517578,60.290000915527344,59.459999084472656,59.77000045776367,54.086761474609375,0.7034124982569161,-0.54907132035239,-0.298614501953125
2013-10-10,60.47999954223633,60.95000076293945,60.369998931884766,60.93000030517578,55.13645553588867,-0.8591258823570009,1.9407596843676211,1.0496940612792969
2013-10-11,60.66999816894531,61.5099983215332,60.41999816894531,61.45000076293945,55.60701751708984,-0.8074601807638687,0.8534498212255937,0.47056198120116477
2013-10-14,61.08000183105469,61.93999862670898,60.790000915527344,61.91999816894531,56.03231430053711,-0.6049864853313236,0.7648257404140768,0.42529678344727273
2013-10-15,61.66999816894531,61.709999084472656,61.04999923706055,61.2400016784668,55.41698455810547,-0.5107314891816905,-1.0981694226143035,-0.6153297424316406
2013-10-16,61.43000030517578,62.130001068115234,61.41999816894531,61.650001525878906,55.78799819946289,-0.641292113477849,0.6694944597146257,0.3710136413574219
2013-10-17,61.40999984741211,62.77000045776367,61.34999847412109,62.75,56.78339767456055,-0.477916786818485,1.7842537951240578,0.9953994750976562
2013-10-18,62.7599983215332,63.290000915527344,62.56999969482422,63.18999862670898,57.18156814575195,-0.6517648908278082,0.7012093102871653,0.39817047119140625
2013-10-21,63.18000030517578,63.56999969482422,63.06999969482422,63.54999923706055,57.5073356628418,-0.7802309596539747,0.5697072110010692,0.32576751708984375
2013-10-22,63.810001373291016,64.36000061035156,63.540000915527344,64.23999786376953,58.1317138671875,-0.9100933987934692,1.0857366232481347,0.6243782043457031
2013-10-23,63.93000030517578,64.18000030517578,63.0099983215332,63.34999847412109,57.32635498046875,-0.5896264118847168,-1.3854036517119361,-0.80535888671875
2013-10-24,63.43000030517578,63.91999816894531,63.119998931884766,63.560001373291016,57.516380310058594,-0.17420624366966733,0.33147987457877726,0.19002532958984375
2013-10-25,63.59000015258789,64.33999633789062,63.59000015258789,64.27999877929688,58.16792297363281,-0.9059042878534854,1.1327949708620277,0.6515426635742188
2013-10-28,64.12000274658203,64.5,63.93000030517578,64.16999816894531,58.0683708190918,-0.7460198869774413,-0.1711461394042546,-0.09955215454101562
2013-10-29,64.16999816894531,64.52999877929688,63.47999954223633,64.01000213623047,57.92360305786133,-0.4960696008917476,-0.24930570496197735,-0.14476776123046875
2013-10-30,64.01000213623047,64.3499984741211,63.43000030517578,63.560001373291016,57.516380310058594,0.07015856116271467,-0.7030342145600832,-0.4072227478027344
2013-10-31,63.09999847412109,64.4800033569336,62.209999084472656,64.16000366210938,58.05933380126953,1.585220351123483,0.9439980198405973,0.5429534912109375
2013-11-01,64.41999816894531,64.69999694824219,63.52000045776367,63.88999938964844,57.81500625610352,-0.16443165147637204,-0.4208238868229408,-0.24432754516600852
2013-11-04,63.93999862670898,64.13999938964844,63.4900016784668,64.08000183105469,58.2147331237793,-0.09391495065331325,0.6913894740495197,0.39972686767577414
2013-11-05,64.0,64.05000305175781,63.06999969482422,63.77999877929688,57.942195892333984,-0.1190496162932154,-0.4681585173049396,-0.2725372314453125
2013-11-06,64.08000183105469,64.66000366210938,63.61000061035156,64.37000274658203,58.47819137573242,-0.26706486950597247,0.9250520715410993,0.5359954833984375
2013-11-07,64.58000183105469,64.7699966430664,63.36000061035156,63.40999984741211,57.60606002807617,-0.3033704976524978,-1.4913787980422533,-0.87213134765625
2013-11-08,63.290000915527344,64.44000244140625,63.290000915527344,64.25,58.36917495727539,-0.7662672565206957,1.3247129361516619,0.7631149291992188
2013-11-11,64.19000244140625,64.77999877929688,64.13999938964844,64.72000122070312,58.7961540222168,-0.6936560002276451,0.7315146483635182,0.42697906494140625
2013-11-12,64.75,64.75,63.9900016784668,64.4000015258789,58.50545120239258,-0.39972004927212273,-0.4944248899585779,-0.29070281982421875
2013-11-13,63.93999862670898,65.0999984741211,63.93999862670898,65.08999633789062,59.13228988647461,-0.7313579986874983,1.0714192800830746,0.6268386840820312
2013-11-14,65.16000366210938,65.2300033569336,64.66000366210938,64.91999816894531,58.977840423583984,-0.36411260628226133,-0.2611931031034742,-0.154449462890625
2013-11-15,64.87999725341797,64.9800033569336,64.69999694824219,64.94000244140625,58.99601364135742,-0.11276594988323986,0.030813637194770926,0.0181732177734375
2013-11-18,65.08999633789062,65.0999984741211,64.68000030517578,64.77999877929688,58.85066223144531,-0.06040206313344371,-0.24637496830839378,-0.14535140991210938
2013-11-19,64.70999908447266,64.9000015258789,64.30999755859375,64.38999938964844,58.49635314941406,-0.31523964531578497,-0.6020477401559865,-0.35430908203125
2013-11-20,64.56999969482422,64.80000305175781,63.75,63.88999938964844,58.04212188720703,3.39351990688311,-0.776512103321747,-0.45423126220703125
2013-11-21,64.08999633789062,64.44000244140625,63.900001525878906,64.0999984741211,58.23289489746094,0.989668412489135,0.32868028261376914,0.19077301025390625
2013-11-22,64.18000030517578,64.58000183105469,63.79999923706055,64.19999694824219,58.3237419128418,0.3822473261914997,0.15600635266515006,0.09084701538085938
2013-11-25,64.41999816894531,64.61000061035156,64.0999984741211,64.23999786376953,58.36007690429688,2.5549995337297076,0.062298800219950934,0.03633499145508523
2013-11-26,64.22000122070312,64.58999633789062,63.720001220703125,64.37000274658203,58.47819137573242,-0.3368833851723674,0.20238916345027835,0.11811447143553977
2013-11-27,64.62999725341797,65.04000091552734,64.3499984741211,64.94999694824219,59.00509262084961,1.43790328306739,0.9010217873048676,0.5269012451171875
2013-11-29,64.94999694824219,65.25,64.87999725341797,64.91999816894531,58.977840423583984,-0.5037496376150511,-0.046186178268947664,-0.027252197265625
2013-12-02,64.95999908447266,65.7300033569336,64.38999938964844,64.97000122070312,59.02327728271485,-0.1867735764896184,0.07704056100483747,0.04543685913086648
2013-12-03,64.75,64.93000030517578,63.959999084472656,64.20999908447266,58.33282852172852,0.3682836230582207,-1.1697906195197505,-0.6904487609863281
2013-12-04,63.84999847412109,64.12999725341797,63.09999847412109,63.810001373291016,57.96944046020508,-0.39972004927212273,-0.6229563536218508,-0.3633880615234446
2013-12-05,63.650001525878906,64.11000061035156,63.40999984741211,64.08000183105469,58.2147331237793,-0.4534803063352468,0.42314133382503893,0.24529266357421875
2013-12-06,64.41000366210938,64.80999755859375,63.93999862670898,64.69000244140625,58.76890182495117,-0.5037496376150511,0.9519389189564187,0.554168701171875
2013-12-09,64.56999969482422,64.69999694824219,64.18000030517578,64.58999633789062,58.67805480957031,0.29637055192183404,-0.15458348303233338,-0.09084701538085938
2013-12-10,64.4000015258789,64.56999969482422,64.19000244140625,64.27999877929688,58.396427154541016,-0.39413456801881114,-0.47995397247450056,-0.2816276550292969
2013-12-11,64.4000015258789,64.5199966430664,63.13999938964844,63.209999084472656,57.42436599731445,0.05270393224611596,-1.6645901206491454,-0.9720611572265625
2013-12-12,63.18999862670898,63.65999984741211,63.18999862670898,63.400001525878906,57.59697341918945,-0.4981641563617395,0.30058219864903535,0.172607421875
2013-12-13,63.470001220703125,63.86000061035156,63.43000030517578,63.70000076293945,57.86952209472656,-0.6440848541045048,0.47319964810217385,0.2725486755371094
2013-12-16,64.08999633789062,64.55999755859375,63.869998931884766,64.37000274658203,58.47819137573242,-0.17560261398299523,1.0517959350165862,0.6086692810058594
2013-12-17,64.27999877929688,64.68000030517578,64.13999938964844,64.47000122070312,58.56903839111328,-0.10508591315993641,0.15535195812941271,0.09084701538085938
2013-12-18,64.7300033569336,65.12000274658203,63.81999969482422,65.08000183105469,59.12320327758789,0.10227507836925631,0.9461737834485229,0.5541648864746094
2013-12-19,64.87999725341797,65.4000015258789,64.5,64.77999877929688,58.85066223144531,-0.31803238594244077,-0.46097138015843697,-0.2725410461425781
2013-12-20,64.83000183105469,65.45999908447266,64.77999877929688,65.36000061035156,59.37758255004883,0.8521259366263371,0.8953515536176404,0.5269203186035156
2013-12-23,65.69999694824219,65.86000061035156,65.23999786376953,65.8499984741211,59.82272720336914,-0.4541784914919107,0.7496847028844567,0.4451446533203125
2013-12-24,65.93000030517578,66.4000015258789,65.62999725341797,66.38999938964844,60.31329727172852,-0.7062233330475961,0.8200396258961407,0.4905700683593821
2013-12-26,66.61000061035156,66.87000274658203,66.12999725341797,66.79000091552734,60.67668914794922,-0.5191097110616579,0.6025070633819185,0.363391876220696
2013-12-27,66.94999694824219,67.0999984741211,66.3499984741211,66.72000122070312,60.613094329833984,-0.7306598135308343,-0.10480930816803014,-0.06359481811523438
2013-12-30,66.76000213623047,67.56999969482422,66.66000366210938,67.52999877929688,61.34894180297852,-0.3703962726922369,1.214007437304443,0.7358474731445384
2013-12-31,67.51000213623047,67.86000061035156,67.3499984741211,67.80999755859375,61.60333633422852,-0.39972004927212273,0.41466816504673876,0.25439453125
2014-01-02,67.76000213623047,68.01000213623047,66.97000122070312,67.12999725341797,60.98555755615234,0.32010884724840827,-1.002833312021334,-0.6177787780761861
2014-01-03,66.94999694824219,67.30000305175781,66.48999786376953,66.8499984741211,60.7311897277832,0.3850400668181555,-0.4170951919803767,-0.2543678283691335
2014-01-06,67.12999725341797,67.19999694824219,66.25,66.5,60.41323471069336,0.8514277514696732,-0.5235448515252594,-0.31795501708984375
2014-01-07,66.83999633789062,66.87999725341797,66.2699966430664,66.80999755859375,60.69485092163086,1.207502181368287,0.46614986316508844,0.2816162109375
2014-01-08,67.11000061035156,68.29000091552734,66.88999938964844,68.20999908447266,61.96672439575195,2.6715964548925872,2.0955212094734943,1.2718734741210938
2014-01-09,68.36000061035156,68.68000030517578,67.4800033569336,67.75,61.548805236816406,1.3317791392544698,-0.6744251257602363,-0.4179191589355469
2014-01-10,67.73999786376953,68.16000366210938,67.5999984741211,68.05000305175781,61.82135772705078,1.0839234086387681,0.4428233646220914,0.272552490234375
2014-01-13,68.19000244140625,68.66000366210938,67.0,67.12999725341797,60.98555755615234,2.236627102290947,-1.3519602312660473,-0.8358001708984446
2014-01-14,67.41999816894531,68.62000274658203,67.30000305175781,68.25,62.003047943115234,1.7283483082395925,1.66841204333672,1.0174903869628977
2014-01-15,68.5999984741211,68.77999877929688,67.62999725341797,68.0,61.77593612670898,1.9350111146121214,-0.36629137427989233,-0.2271118164062571
2014-01-16,67.9000015258789,68.2699966430664,67.79000091552734,68.0,61.77593612670898,1.7828067504593805,0.0,0.0
2014-01-21,67.56999969482422,67.7300033569336,66.8499984741211,67.16999816894531,61.02189636230469,1.2815098079746654,-1.220604351276322,-0.7540397644042898
2014-01-22,67.43000030517578,67.43000030517578,66.86000061035156,66.98999786376953,60.85838317871094,1.0999816672420388,-0.2679582139219705,-0.16351318359375
2014-01-23,66.93000030517578,66.9800033569336,65.91000366210938,66.30000305175781,60.23154067993164,0.8465404553730255,-1.030001892982546,-0.6268424987792969
2014-01-24,66.05000305175781,66.05000305175781,64.44000244140625,64.4800033569336,58.578121185302734,0.70411068341358,-2.7451057634655607,-1.6534194946289062
2014-01-27,64.16000366210938,64.62000274658203,63.400001525878906,63.400001525878906,57.82115936279297,0.9784974499825118,-1.292226188196166,-0.7569618225097656
2014-01-28,63.63999938964844,63.77999877929688,63.29999923706055,63.66999816894531,58.06739044189453,0.40598562151807394,0.4258494326559781,0.2462310791015625
2014-01-29,63.150001525878906,63.959999084472656,62.84000015258789,63.36000061035156,57.7846794128418,1.3820484705342742,-0.4868671157792659,-0.2827110290527344
2014-01-30,64.02999877929688,64.26000213623047,63.52999877929688,64.20999908447266,58.55988693237305,0.6440667599404805,1.3415450728605505,0.77520751953125
2014-01-31,63.22999954223633,64.2300033569336,63.11000061035156,63.79999923706055,58.18595123291016,0.9435881921493143,-0.6385526322732149,-0.3739356994628835
2014-02-03,63.86000061035156,64.0,61.29999923706055,61.41999816894531,56.015380859375,3.200122618487196,-3.730402833575197,-2.1705703735351634
2014-02-04,61.900001525878906,62.31999969482422,61.18000030517578,62.130001068115234,56.66290664672852,1.5929003878467864,1.1559785498542308,0.6475257873535227
2014-02-05,61.97999954223633,62.560001373291016,61.36000061035156,62.29999923706055,56.81795120239258,-0.04434380453017289,0.27362619540627353,0.1550445556640554
2014-02-06,62.38999938964844,62.630001068115234,62.09999847412109,62.5,57.00034713745117,0.48627691453442806,0.3210181486637431,0.18239593505859375
2014-02-07,63.79999923706055,63.90999984741211,62.68999862670898,63.4900016784668,57.90324020385742,-0.00594362091365572,1.584013276671814,0.90289306640625
2014-02-10,63.20000076293945,63.720001220703125,62.869998931884766,63.40999984741211,57.83028030395508,0.18186818622894646,-0.12600313841760746,-0.07295989990234375
2014-02-11,63.38999938964844,63.88999938964844,63.13999938964844,63.83000183105469,58.213321685791016,0.3738691043115323,0.6623543579983959,0.3830413818359375
2014-02-12,63.79999923706055,64.18000030517578,63.70000076293945,63.93999862670898,58.31364059448242,-0.41787286334538537,0.17232981349677434,0.10031890869140625
2014-02-13,63.540000915527344,64.54000091552734,63.540000915527344,64.41999816894531,58.751407623291016,-0.5023532673017231,0.7507111961210899,0.43776702880859375
2014-02-14,64.20999908447266,64.94000244140625,64.20999908447266,64.7699966430664,59.07059097290039,-0.7453217018207773,0.5432777911568598,0.319183349609375
2014-02-18,64.86000061035156,65.1500015258789,64.30999755859375,64.9800033569336,59.26212692260742,0.017096489256254583,0.3242492525509011,0.19153594970703125
2014-02-19,64.7699966430664,65.4800033569336,64.45999908447266,64.5199966430664,58.84260177612305,0.031060192389533555,-0.7079144274255378,-0.419525146484375
2014-02-20,64.45999908447266,65.44999694824219,64.26000213623047,64.8499984741211,59.14355850219727,0.44927310123123876,0.5114606033554958,0.30095672607422586
2014-02-21,64.93000030517578,65.04000091552734,64.4800033569336,64.63999938964844,58.95204925537109,-0.6587467423944476,-0.32380406535577055,-0.19150924682618609
2014-02-24,64.69999694824219,65.2300033569336,64.33999633789062,64.37000274658203,58.70580291748047,-0.21190824212952056,-0.4177061544102023,-0.2462463378906179
2014-02-25,64.29000091552734,64.97000122070312,64.25,64.5999984741211,58.91556167602539,-0.4122873820920738,0.35730498199602057,0.20975875854492188
2014-02-26,64.81999969482422,65.63999938964844,64.81999969482422,64.94000244140625,59.22565460205078,-0.16303528116304417,0.5263344983971852,0.3100929260253906
2014-02-27,64.87999725341797,65.72000122070312,64.8499984741211,65.51000213623047,59.7454833984375,0.006623711906295355,0.8777088237851505,0.5198287963867188
2014-02-28,65.51000213623047,66.73999786376953,65.51000213623047,66.16999816894531,60.347412109375,0.5079206543910104,1.0074882262200324,0.6019287109375
2014-03-03,65.52999877929688,65.80999755859375,65.0999984741211,65.33000183105469,59.58132553100586,0.5700591333341019,-1.2694605312663088,-0.7660865783691406
2014-03-04,66.25,66.37000274658203,65.4800033569336,65.75,59.9643669128418,-0.07785669205004242,0.6428883184826262,0.3830413818359375
2014-03-05,65.77999877929688,66.04000091552734,65.43000030517578,65.93000030517578,60.1285400390625,-0.477916786818485,0.27378447346793067,0.16417312622070312
2014-03-06,66.04000091552734,66.13999938964844,65.66999816894531,65.75,59.9643669128418,-0.3159378304724489,-0.27303694071741935,-0.16417312622070312
2014-03-07,66.0,66.2699966430664,65.48999786376953,65.7300033569336,59.94613265991211,-0.43044019616533646,-0.0304084806835192,-0.0182342529296875
2014-03-10,65.70999908447266,65.86000061035156,65.26000213623047,65.55999755859375,59.79108810424805,-0.2112100569728566,-0.2586397967382914,-0.1550445556640625
2014-03-11,65.75,65.83000183105469,64.9000015258789,65.05999755859375,59.33509063720703,-0.5540189688948554,-0.7626512269620633,-0.4559974670410156
2014-03-12,64.77999877929688,65.13999938964844,64.51000213623047,65.04000091552734,59.316837310791016,0.049911191619460164,-0.030763122159227496,-0.018253326416015625
2014-03-13,65.2699966430664,65.41999816894531,64.0999984741211,64.1500015258789,58.50516891479492,-0.368999902378909,-1.3683608782837697,-0.8116683959960938
2014-03-14,64.1500015258789,64.97000122070312,63.9900016784668,64.51000213623047,58.8334846496582,-0.4890877493251081,0.5611738944663713,0.32831573486328125
2014-03-17,64.72000122070312,65.2300033569336,64.70999908447266,64.95999908447266,59.24389266967773,-0.5302806735682811,0.6975755770092906,0.41040802001952414
2014-03-18,65.01000213623047,65.51000213623047,64.94000244140625,65.47000122070312,59.70900344848633,-0.4569712321185665,0.7850780187620199,0.46511077880860086
2014-03-19,65.2699966430664,65.76000213623047,64.47000122070312,64.86000061035156,59.152679443359375,-0.35713075471562183,-0.9317254902887817,-0.5563240051269531
2014-03-20,64.80999755859375,64.97000122070312,64.5199966430664,64.66000366210938,58.97028350830078,-0.5358661548215927,-0.30834771438078556,-0.18239593505859375
2014-03-21,64.88999938964844,65.5199966430664,64.56999969482422,64.75,59.05236053466797,0.8186130491064676,0.13918370657932666,0.0820770263671875
2014-03-24,64.54000091552734,65.22000122070312,63.470001220703125,64.19000244140625,58.54164123535156,-0.3794726797288682,-0.8648583980255586,-0.5107192993164062
2014-03-25,64.3499984741211,64.66999816894531,63.880001068115234,64.16000366210938,58.5142822265625,-0.35503619924563,-0.04673427019080689,-0.0273590087890625
2014-03-26,64.54000091552734,64.54000091552734,63.5099983215332,63.56999969482422,57.976200103759766,-0.39343638286214716,-0.9195739951475823,-0.5380821228027344
2014-03-27,63.400001525878906,63.72999954223633,63.11000061035156,63.68999862670898,58.08562088012695,-0.7606817752673841,0.18873395664316117,0.1094207763671875
2014-03-28,63.810001373291016,64.61000061035156,63.810001373291016,64.2699966430664,58.61460113525391,-0.5931173376680365,0.9106905411558452,0.5289802551269602
2014-03-31,64.69999694824219,66.25,64.45999908447266,66.0999984741211,60.28357696533203,0.09738778227260868,2.8473721525920315,1.668975830078118
2014-04-01,66.25,67.12000274658203,65.86000061035156,67.05000305175781,61.14999771118164,0.3319779949116954,1.4372417654444636,0.8664207458496094
2014-04-02,66.95999908447266,67.41000366210938,66.61000061035156,67.13999938964844,61.23203659057617,0.40528743636141,0.13416006944433345,0.08203887939453125
2014-04-03,67.26000213623047,67.51000213623047,66.29000091552734,66.68000030517578,60.81252670288086,0.24819577611202157,-0.6851150330019817,-0.4195098876953125
2014-04-04,67.0999984741211,67.19000244140625,65.83000183105469,66.04000091552734,60.22884368896485,-0.37458538363222055,-0.9598072067746544,-0.5836830139160085
2014-04-07,65.87000274658203,65.87000274658203,65.22000122070312,65.41999816894531,59.66339492797852,-0.4520839360219189,-0.9388338316877354,-0.5654487609863281
2014-04-08,65.48999786376953,65.9000015258789,65.02999877929688,65.8499984741211,60.05557632446289,-0.2956904609291944,0.6573233000867207,0.3921813964843679
2014-04-09,65.86000061035156,66.61000061035156,65.83000183105469,66.23999786376953,60.41124725341797,-0.052023841253476324,0.59223630963674,0.3556709289550781
2014-04-10,66.27999877929688,66.38999938964844,65.45999908447266,65.70999908447266,59.92787551879883,-0.07715850689337847,-0.8001353333948802,-0.4833717346191406
2014-04-11,67.3499984741211,67.3499984741211,64.54000091552734,64.72000122070312,59.0250129699707,-0.15744979990973257,-1.5065819387255042,-0.902862548828125
2014-04-14,65.12999725341797,65.73999786376953,64.6500015258789,65.19000244140625,59.45364761352539,0.10018052289926446,0.7261915279421549,0.4286346435546875
2014-04-15,65.51000213623047,66.23999786376953,64.58999633789062,66.02999877929688,60.2197380065918,0.008020082219623251,1.2885507009533281,0.7660903930664062
2014-04-16,66.29000091552734,66.69999694824219,66.19000244140625,66.4000015258789,60.55717468261719,-0.4758222313484931,0.5603423183084155,0.3374366760253906
2014-04-17,66.44999694824219,66.88999938964844,66.20999908447266,66.56999969482422,60.71220779418945,1.394615803354225,0.2560111372183371,0.15503311157226562
2014-04-21,66.5199966430664,67.11000061035156,66.2300033569336,67.08000183105469,61.17732238769531,-0.44161115867195966,0.766097314534453,0.4651145935058594
2014-04-22,67.22000122070312,67.73999786376953,66.91999816894531,67.62000274658203,61.66981506347656,0.46952047077449327,0.8050248957615525,0.49249267578125
2014-04-23,67.44000244140625,67.77999877929688,67.12999725341797,67.19999694824219,61.286766052246094,-0.6866741486610056,-0.6211288469670229,-0.38304901123046875
2014-04-24,67.30999755859375,67.4000015258789,66.38999938964844,67.36000061035156,61.43269348144531,0.31801429177841645,0.23810593803370583,0.14592742919921875
2014-04-25,67.19999694824219,67.55999755859375,66.51000213623047,67.13999938964844,61.23203659057617,-0.4751240461918292,-0.32662883474211535,-0.20065689086914062
2014-04-28,66.91000366210938,67.4800033569336,66.31999969482422,66.9000015258789,61.26870346069336,0.9463809327759701,0.059881839897557576,0.0366668701171875
2014-04-29,66.93000030517578,67.3499984741211,66.73999786376953,67.12000274658203,61.47018051147461,-0.23006105620278322,0.32884170775786536,0.20147705078125
2014-04-30,66.80000305175781,67.47000122070312,66.58000183105469,67.41999816894531,61.74491500854492,0.3703781785282126,0.4469394668835003,0.2747344970703125
2014-05-01,67.6500015258789,67.72000122070312,67.01000213623047,67.19000244140625,61.5342903137207,0.11204967056255159,-0.3411207138192207,-0.21062469482421875
2014-05-02,67.33999633789062,67.48999786376953,66.5,66.68000030517578,61.06720352172852,-0.1260314678598549,-0.7590674884049631,-0.4670867919921804
2014-05-05,66.13999938964844,66.93000030517578,66.05000305175781,66.73999786376953,61.12214660644531,0.18954822295224988,0.08997150933436338,0.05494308471678977
2014-05-06,66.4800033569336,66.62999725341797,66.13999938964844,66.37000274658203,60.783302307128906,-0.5253933774716335,-0.554372380764312,-0.33884429931640625
2014-05-07,66.23999786376953,66.48999786376953,65.63999938964844,66.4800033569336,60.88404083251953,0.8975079718094937,0.1657338801396513,0.100738525390625
2014-05-08,66.51000213623047,67.26000213623047,66.33000183105469,66.69999694824219,61.08553695678711,-0.463953083685206,0.33095064242181227,0.20149612426757812
2014-05-09,66.47000122070312,66.87999725341797,65.9800033569336,66.58999633789062,60.98478317260742,-0.3710944578489008,-0.16493885328529023,-0.1007537841796875
2014-05-12,66.95999908447266,67.58999633789062,66.58999633789062,67.5,61.81819152832031,-0.5428480063882322,1.3665841089474107,0.8334083557128906
2014-05-13,67.73999786376953,67.83999633789062,66.7699966430664,66.98999786376953,61.351112365722656,-0.3229196820390884,-0.755569114932253,-0.46707916259765625
2014-05-14,66.87000274658203,67.2300033569336,66.5199966430664,66.77999877929688,61.1588020324707,0.5714555036474298,-0.31345859241403984,-0.19231033325195312
2014-05-15,66.52999877929688,66.54000091552734,65.66999816894531,65.9800033569336,60.42612838745117,-0.6343102619112094,-1.1979856057849791,-0.7326736450195312
2014-05-16,66.01000213623047,66.22000122070312,65.52999877929688,66.13999938964844,60.57265472412109,-0.654557631454464,0.24248837478118013,0.14652633666991477
2014-05-19,66.1500015258789,67.18000030517578,65.94999694824219,66.62999725341797,61.02142333984375,-0.27404672107261197,0.7408765849319154,0.44876861572266336
2014-05-20,66.33999633789062,66.66999816894531,65.33999633789062,65.80999755859375,60.27043533325195,-0.36411260628226133,-1.2306956565227178,-0.7509880065917969
2014-05-21,66.05000305175781,66.2300033569336,65.66000366210938,66.0199966430664,60.46276473999024,-0.572869968124782,0.3191106977655789,0.19232940673828836
2014-05-22,66.06999969482422,66.29000091552734,65.79000091552734,65.91999816894531,60.37117385864258,-0.4353274922619841,-0.15148311814972004,-0.09159088134766336
2014-05-23,65.94000244140625,66.30000305175781,65.79000091552734,65.98999786376953,60.43529510498047,-0.39483275317547506,0.10621169382598605,0.06412124633789062
2014-05-27,66.13999938964844,66.13999938964844,65.80000305175781,65.94999694824219,60.39865112304688,-0.17979172492297893,-0.060633412759769634,-0.036643981933586645
2014-05-28,66.0199966430664,66.16000366210938,65.44000244140625,65.95999908447266,60.4078254699707,0.012209193159606944,0.015189655320502204,0.00917434692382102
2014-05-29,66.16000366210938,66.38999938964844,65.69999694824219,66.37000274658203,60.783302307128906,-0.40740008599542615,0.6215698615816834,0.3754768371582031
2014-05-30,66.41999816894531,66.66000366210938,66.19999694824219,66.58999633789062,60.98478317260742,-0.41996741881537725,0.331474036176016,0.20148086547851562
2014-06-02,66.72000122070312,66.77999877929688,66.08999633789062,66.5,60.9023666381836,-0.26636668434930855,-0.13514278502976262,-0.08241653442382102
2014-06-03,66.30000305175781,66.51000213623047,66.05000305175781,66.22000122070312,60.64592361450195,-0.5973064486080202,-0.42107234552173356,-0.25644302368164773
2014-06-04,66.08000183105469,66.38999938964844,65.97000122070312,66.16999816894531,60.60013961791992,-0.6929578150709811,-0.07549393900414536,-0.04578399658203125
2014-06-05,66.23999786376953,66.63999938964844,65.80000305175781,66.52999877929688,60.92983627319336,-0.26217757340932485,0.5440526331327744,0.3296966552734375
2014-06-06,66.66999816894531,67.30000305175781,66.48999786376953,67.11000061035156,61.46102142333984,-0.5805500048480854,0.8717980920952773,0.5311851501464773
2014-06-09,67.02999877929688,67.58000183105469,67.02999877929688,67.2300033569336,61.5709228515625,-0.7655690713640317,0.17881484179325113,0.10990142822266336
2014-06-10,67.20999908447266,67.41000366210938,66.68000030517578,67.12999725341797,61.47932052612305,-0.6643322236477592,-0.14877530041297327,-0.09160232543945312
2014-06-11,66.79000091552734,66.94000244140625,66.44000244140625,66.5999984741211,60.99394226074219,-0.7893073666906061,-0.7894984219524948,-0.4853782653808594
2014-06-12,66.43000030517578,66.86000061035156,65.72000122070312,66.0999984741211,60.536041259765625,-0.585437300944733,-0.7507319317369032,-0.4579010009765625
2014-06-13,64.94999694824219,66.66999816894531,64.94999694824219,66.41000366210938,60.81992721557617,0.23353388782207865,0.4689536182129306,0.2838859558105469
2014-06-16,66.30999755859375,66.47000122070312,65.55999755859375,65.63999938964844,60.11474990844727,-0.26985761013262827,-1.1594510868607188,-0.7051773071288991
2014-06-17,65.47000122070312,66.9000015258789,65.41000366210938,66.33000183105469,60.746673583984375,0.2300429620387589,1.0511957156928986,0.6319236755371023
2014-06-18,66.33000183105469,66.4000015258789,65.75,66.06999969482422,60.5085563659668,-0.1937554280562579,-0.3919839621973287,-0.23811721801757812
2014-06-19,66.05999755859375,66.75,66.05999755859375,66.68000030517578,61.06720352172852,-0.721583406494203,0.9232531551123468,0.5586471557617259
2014-06-20,66.75,67.0999984741211,66.44000244140625,66.62999725341797,61.02142333984375,0.08551863460932155,-0.07496688769853543,-0.04578018188477273
2014-06-23,66.80999755859375,66.87000274658203,66.33000183105469,66.38999938964844,60.8016242980957,-0.6224411142479224,-0.3601997949538638,-0.21979904174804688
2014-06-24,66.0199966430664,66.73999786376953,65.88999938964844,66.0,60.444435119628906,-0.46325489852854207,-0.5874665070057739,-0.3571891784667969
2014-06-25,66.05000305175781,66.70999908447266,66.05000305175781,66.38999938964844,60.8016242980957,-0.5086369337116987,0.5909380702456168,0.3571891784667969
2014-06-26,66.36000061035156,66.75,65.79000091552734,66.30999755859375,60.72835159301758,-0.5554153392081833,-0.12051109805699678,-0.073272705078125
2014-06-27,66.12000274658203,67.01000213623047,66.12000274658203,67.01000213623047,61.369422912597656,2.1081610334647807,1.055637610380633,0.6410713195800781
2014-06-30,66.88999938964844,67.37000274658203,66.55000305175781,67.01000213623047,61.369422912597656,-0.03806013812019735,0.0,0.0
2014-07-01,67.26000213623047,68.0,67.13999938964844,67.51000213623047,61.82735061645508,0.4611422488945259,0.7461821899638954,0.4579277038574219
2014-07-02,67.31999969482422,67.55999755859375,66.56999969482422,66.73999786376953,61.12214660644531,-0.6734086306843906,-1.1406020199450029,-0.7052040100097656
2014-07-03,67.04000091552734,67.0999984741211,66.66999816894531,66.97000122070312,61.33280944824219,-0.9568718042899537,0.34465877508080833,0.210662841796875
2014-07-07,66.75,66.91999816894531,65.97000122070312,66.41999816894531,60.8291015625,-0.5232988220016416,-0.821269872150987,-0.5037078857421875
2014-07-08,66.26000213623047,66.41000366210938,65.83999633789062,66.23999786376953,60.66425323486328,0.1567335205890443,-0.27100240411629395,-0.16484832763671875
2014-07-09,66.29000091552734,66.58000183105469,65.81999969482422,66.31999969482422,60.73751449584961,-0.24402475933606219,0.12076512456635768,0.07326126098632812
2014-07-10,65.45999908447266,66.4000015258789,65.45999908447266,66.26000213623047,60.68258285522461,-0.3326942742323837,-0.09044104139090958,-0.054931640625
2014-07-11,66.16000366210938,66.45999908447266,65.91999816894531,66.3499984741211,60.76499176025391,-0.5903245970413807,0.13580322582167348,0.08240890502930398
2014-07-14,66.75,67.0199966430664,66.29000091552734,66.54000091552734,60.939002990722656,-0.17071531788634758,0.286367570253776,0.1740112304687429
2014-07-15,66.47000122070312,67.02999877929688,66.19999694824219,66.81999969482422,61.195430755615234,-0.17490442882633128,0.4207941585975927,0.2564277648925781
2014-07-16,66.94999694824219,67.06999969482422,65.91999816894531,66.3499984741211,60.76499176025391,0.9491736734026259,-0.7033842070338303,-0.430438995361321
2014-07-17,65.87999725341797,66.11000061035156,64.94999694824219,65.02999877929688,59.556095123291016,-0.22238101947947977,-1.9894623564379876,-1.2088966369628977
2014-07-18,65.30000305175781,66.16999816894531,64.66000366210938,66.05000305175781,60.4902572631836,1.1628183313417941,1.5685416210695413,0.9341621398925852
2014-07-21,65.68000030517578,65.68000030517578,64.98999786376953,65.4000015258789,59.89495468139648,-0.24751568511938193,-0.9841296908311259,-0.5953025817871236
2014-07-22,64.23999786376953,64.6500015258789,63.43000030517578,63.72999954223633,58.36553192138672,1.8281887856425372,-2.553508501918611,-1.5294227600097585
2014-07-23,63.790000915527344,64.05000305175781,63.25,63.66999816894531,58.31057357788086,1.3631974713043475,-0.09416232782711864,-0.054958343505859375
2014-07-24,63.54999923706055,64.20999908447266,63.5,63.790000915527344,58.42047500610352,0.19862462998888122,0.18847598553610734,0.10990142822266336
2014-07-25,63.43999862670898,64.02999877929688,63.2400016784668,63.5,58.15488815307617,1.1865566266683685,-0.4546126216871782,-0.26558685302735086
2014-07-28,63.11000061035156,63.18999862670898,62.65999984741211,62.90999984741211,57.86972427368164,0.9903665976457989,-0.4903523821487177,-0.28516387939453125
2014-07-29,62.869998931884766,63.2400016784668,62.560001373291016,62.630001068115234,57.612152099609375,0.6342921677471851,-0.44508968602328114,-0.2575721740722656
2014-07-30,62.72999954223633,63.02999877929688,62.02000045776367,62.11000061035156,57.1338119506836,0.6775796474603499,-0.8302764807305629,-0.47834014892577414
2014-07-31,61.83000183105469,61.83000183105469,60.88999938964844,61.09999847412109,56.20473861694336,0.3291852542850396,-1.6261357364745654,-0.9290733337402415
2014-08-01,61.06999969482422,61.45000076293945,60.56999969482422,61.130001068115234,56.23233795166016,1.8288869707992013,0.049104996119453403,0.02759933471680398
2014-08-04,61.29999923706055,61.5,60.66999816894531,61.380001068115234,56.46230697631836,0.17139540887898722,0.40896223247179897,0.22996902465819602
2014-08-05,61.0,61.52000045776367,60.65999984741211,60.970001220703125,56.08514022827149,-0.08693309908667375,-0.6679974096790997,-0.3771667480468679
2014-08-06,60.790000915527344,62.06999969482422,60.52000045776367,61.52000045776367,56.59109878540039,1.0629778539388495,0.9021258662626153,0.5059585571288991
2014-08-07,61.869998931884766,62.04999923706055,61.29999923706055,61.58000183105469,56.646278381347656,0.8744678616395835,0.09750578647802488,0.055179595947265625
2014-08-08,61.77000045776367,62.41999816894531,61.2400016784668,62.36000061035156,57.3637809753418,-0.15884617022306047,1.2666367756127839,0.7175025939941406
2014-08-11,62.68000030517578,63.04999923706055,62.09999847412109,62.15999984741211,57.1798095703125,-0.4751240461918292,-0.3207100402052965,-0.18397140502929688
2014-08-12,62.02999877929688,62.47999954223633,61.77000045776367,62.34999847412109,57.354583740234375,-0.18188628039297075,0.30565713883141665,0.174774169921875
2014-08-13,62.63999938964844,63.150001525878906,62.22999954223633,63.11000061035156,58.05370330810547,0.05200574708945201,1.2189427980813017,0.6991195678710938
2014-08-14,63.220001220703125,63.70000076293945,63.02999877929688,63.13999938964844,58.08129501342773,-0.1295223936431746,0.04752789873856411,0.02759170532225852
2014-08-15,63.310001373291016,63.43000030517578,62.880001068115234,63.29999923706055,58.22847366333008,0.4974478770410512,0.2534011162601102,0.14717864990235086
2014-08-18,63.59999847412109,63.720001220703125,63.34000015258789,63.68000030517578,58.57802963256836,-0.39622912348880296,0.6003179325279495,0.34955596923828125
2014-08-19,63.79999923706055,64.13999938964844,63.65999984741211,64.12999725341797,58.991981506347656,-0.36969808753557293,0.7066674594140787,0.4139518737792969
2014-08-20,63.9900016784668,64.11000061035156,63.650001525878906,63.75,58.642425537109375,0.06317670959607519,-0.5925482757358602,-0.34955596923828125
2014-08-21,64.12000274658203,64.38999938964844,63.77000045776367,63.93000030517578,58.80800247192383,0.20071918545887307,0.28235007897086106,0.16557693481445312
2014-08-22,64.04000091552734,64.2300033569336,63.59000015258789,63.619998931884766,58.52283477783203,-0.04364561937350894,-0.48491307663092176,-0.2851676940917969
2014-08-25,64.01000213623047,64.13999938964844,63.380001068115234,63.720001220703125,58.61482620239258,-0.1951517983695858,0.15718894156404595,0.09199142456054688
2014-08-26,63.75,64.2300033569336,63.66999816894531,63.959999084472656,58.83559036254883,-0.532375229038273,0.37663535739911325,0.22076416015625
2014-08-27,64.05999755859375,64.19000244140625,63.65999984741211,64.0,58.87239456176758,-0.8619186229836567,0.06255431277557566,0.03680419921875
2014-08-28,63.93000030517578,64.22000122070312,63.650001525878906,64.0199966430664,58.89078903198242,-0.8514458456336974,0.031244644203387573,0.01839447021484375
2014-08-29,64.0199966430664,64.20999908447266,63.619998931884766,64.1500015258789,59.01038360595703,-0.6447830392611686,0.20307857296606446,0.11959457397460938
2014-09-02,64.37999725341797,64.87999725341797,64.1500015258789,64.54000091552734,59.369117736816406,0.4241384355913366,0.6079169612840163,0.358734130859375
2014-09-03,64.66000366210938,64.69000244140625,64.0199966430664,64.16999816894531,59.02876663208008,-0.4932768602650918,-0.5732797078863539,-0.3403511047363281
2014-09-04,64.5,64.94999694824219,63.91999816894531,64.73999786376953,59.55309677124024,0.16790448309566747,0.8882620611544434,0.5243301391601634
2014-09-05,64.86000061035156,65.19999694824219,64.51000213623047,65.19999694824219,59.97624969482422,-0.3424688664256789,0.7105473040460497,0.42315292358397727
2014-09-08,65.01000213623047,65.37000274658203,64.37000274658203,64.70999908447266,59.525508880615234,-0.20771913118953686,-0.7515321756569993,-0.4507408142089844
2014-09-09,64.5,64.5,63.52000045776367,63.880001068115234,58.76201248168945,0.3417525871049907,-1.2826373319328566,-0.7634963989257812
2014-09-10,63.869998931884766,63.869998931884766,63.310001373291016,63.540000915527344,58.44925308227539,-0.15744979990973257,-0.5322475970534923,-0.3127593994140625
2014-09-11,63.43999862670898,63.880001068115234,63.2400016784668,63.790000915527344,58.67921829223633,-0.5232988220016416,0.3934442235510316,0.2299652099609375
2014-09-12,63.540000915527344,63.7400016784668,62.47999954223633,62.70000076293945,57.676544189453125,-0.01152910216696731,-1.708738002932575,-1.0026741027832031
2014-09-15,62.880001068115234,62.880001068115234,62.27999877929688,62.7599983215332,57.73173904418945,-0.18607539133295445,0.09569722928444158,0.055194854736328125
2014-09-16,62.7400016784668,63.040000915527344,62.40999984741211,62.59000015258789,57.57536315917969,0.364792697274901,-0.2708664031237151,-0.15637588500976562
2014-09-17,62.52999877929688,62.63999938964844,61.45000076293945,61.4900016784668,56.56349563598633,0.9163589710394203,-1.75746615856478,-1.0118675231933594
2014-09-18,61.95000076293945,62.18999862670898,61.540000915527344,61.59999847412109,56.66468048095703,0.6622195740137431,0.17888718480534305,0.10118484497070312
2014-09-19,61.61000061035156,62.0,61.13999938964844,61.15999984741211,56.25992584228516,2.609457975949496,-0.7142979281563044,-0.4047546386718679
2014-09-22,61.09999847412109,61.34999847412109,60.72999954223633,61.20000076293945,56.29672622680664,0.5847210216240448,0.06541136336482012,0.03680038452147727
2014-09-23,61.11000061035156,61.47999954223633,60.93000030517578,60.93999862670898,56.05755615234375,0.45625495279787825,-0.42483833518014436,-0.23917007446289062
2014-09-24,60.75,61.22999954223633,60.59999847412109,61.0,56.11273956298828,0.1581298909023722,0.09844062858281877,0.05518341064453125
2014-09-25,60.72999954223633,61.0099983215332,60.56999969482422,60.84000015258789,55.96557235717773,1.1732911086917535,-0.2622705769789624,-0.14716720581055398
2014-09-26,60.880001068115234,61.5,60.650001525878906,61.380001068115234,56.46230697631836,1.1865566266683685,0.887571766389561,0.4967346191406321
2014-09-29,60.86000061035156,61.84000015258789,60.70000076293945,61.75,56.80266189575195,0.6922415357502929,0.602800235520573,0.34035491943359375
2014-09-30,61.58000183105469,61.58000183105469,60.59000015258789,60.70000076293945,55.83678817749024,0.8221039748897873,-1.7004022100836513,-0.9658737182617116
2014-10-01,60.400001525878906,60.7400016784668,59.11000061035156,59.2599983215332,54.51215744018555,2.180772289757831,-2.3723261679988616,-1.3246307373046946
2014-10-02,59.36000061035156,59.66999816894531,58.90999984741211,59.33000183105469,54.57654571533203,0.004529156436303508,0.1181172754300519,0.06438827514648438
2014-10-03,59.59999847412109,60.209999084472656,59.5,60.11000061035156,55.2940559387207,0.4876732848477559,1.3146860322219123,0.7175102233886719
2014-10-06,60.25,60.650001525878906,59.900001525878906,60.22999954223633,55.40443801879883,-0.024794620143582333,0.19962738888328335,0.110382080078125
2014-10-07,60.08000183105469,60.08000183105469,58.91999816894531,58.95000076293945,54.22698974609375,1.0943961859887272,-2.1251876470718245,-1.1774482727050781
2014-10-08,59.02000045776367,60.02000045776367,58.33000183105469,59.91999816894531,55.11927795410156,0.3738691043115323,1.6454688194674993,0.8922882080078125
2014-10-09,59.88999938964844,60.119998931884766,58.220001220703125,58.560001373291016,53.86824798583984,1.0692615203488252,-2.2696777147615643,-1.2510299682617259
2014-10-10,58.720001220703125,59.13999938964844,57.43999862670898,57.5,52.89317321777344,1.3478373978577407,-1.8101104166645898,-0.9750747680663991
2014-10-13,57.40999984741211,58.119998931884766,56.02999877929688,56.18000030517578,51.67892837524414,2.3811514297203846,-2.2956551264753378,-1.2142448425292969
2014-10-14,56.560001373291016,56.7599983215332,56.0099983215332,56.38999938964844,51.87208938598633,2.932717703484904,0.3737713161148237,0.1931610107421875
2014-10-15,55.59999847412109,57.09000015258789,55.59000015258789,56.63999938964844,52.10206985473633,3.0430309582378077,0.44336071955515255,0.22998046875
2014-10-16,55.7400016784668,57.77999877929688,55.65999984741211,57.650001525878906,53.03114700317383,2.7742296729221874,1.7831866392790552,0.9290771484375
2014-10-20,58.709999084472656,60.08000183105469,58.459999084472656,60.040000915527344,55.22966384887695,1.9622403357220153,4.145708644716928,2.198516845703125
2014-10-21,60.27999877929688,61.29999923706055,60.27999877929688,61.25,56.34272003173828,0.9694210429458805,2.015323116770995,1.1130561828613281
2014-10-22,61.41999816894531,61.84999847412109,60.54999923706055,60.59000015258789,55.735599517822266,0.4569531379545422,-1.0775491732987308,-0.6071205139160156
2014-10-23,61.18000030517578,62.369998931884766,60.790000915527344,61.77999877929688,56.83026123046875,1.601278609726754,1.9640260840765755,1.0946617126464844
2014-10-24,61.720001220703125,62.08000183105469,61.47999954223633,61.91999816894531,56.95904159545898,-0.38715271645217164,0.22660526663422775,0.12878036499022727
2014-10-27,61.369998931884766,61.369998931884766,60.0099983215332,60.369998931884766,55.53321838378906,1.2989644368912643,-2.5032429825567637,-1.4258232116699148
2014-10-28,60.790000915527344,61.5,60.5099983215332,61.25,56.34272003173828,0.29846510739182586,1.4576890580242807,0.8095016479492188
2014-10-29,61.34000015258789,61.560001373291016,60.5,61.02999877929688,56.14035034179688,0.2272502214121031,-0.35917628724243533,-0.20236968994139914
2014-10-30,60.70000076293945,61.84999847412109,60.380001068115234,61.709999084472656,56.76586532592773,0.8639950842896242,1.1141985761088824,0.6255149841308452
2014-11-03,61.72999954223633,62.290000915527344,61.41999816894531,61.72999954223633,57.04086685180664,2.265252693714169,0.4844487515515805,0.27500152587891336
2014-11-04,61.5099983215332,62.36000061035156,61.34000015258789,62.310001373291016,57.57682037353516,0.867486010072944,0.9395956816731887,0.5359535217285227
2014-11-05,62.79999923706055,63.68999862670898,62.290000915527344,63.63999938964844,58.8057861328125,1.6319987566199676,2.13448007601722,1.2289657592773366
2014-11-06,63.59000015258789,64.02999877929688,63.15999984741211,63.79999923706055,58.95362854003906,0.02966382207620566,0.2514079259014812,0.1478424072265625
2014-11-07,63.970001220703125,64.8499984741211,63.86000061035156,64.7699966430664,59.84994125366211,1.5391401307836625,1.52036903549424,0.8963127136230469
2014-11-10,64.83999633789062,65.56999969482422,64.77999877929688,65.55000305175781,60.57070159912109,0.799762049876541,1.204279119346463,0.7207603454589773
2014-11-11,65.5,65.87000274658203,65.05000305175781,65.26000213623047,60.302734375,0.5602845411408066,-0.4424040287573261,-0.26796722412108664
2014-11-12,64.94999694824219,65.2300033569336,64.76000213623047,65.16999816894531,60.21956253051758,-0.23494835229943087,-0.13792383603238312,-0.08317184448242188
2014-11-13,65.4000015258789,65.75,64.72000122070312,64.94999694824219,60.01627349853516,-0.6454812244178326,-0.33757972233590117,-0.20328903198241477
2014-11-14,64.91000366210938,65.25,64.5999984741211,64.83000183105469,59.9053955078125,0.5777391700574053,-0.18474654332774065,-0.11087799072266336
2014-11-17,64.95999908447266,65.61000061035156,64.80999755859375,65.4800033569336,60.50601577758789,0.6084593169506191,1.0026146471181496,0.6006202697753906
2014-11-18,65.55000305175781,65.80999755859375,64.87000274658203,64.98999786376953,60.05324172973633,1.2095967368382787,-0.7483124479983894,-0.4527740478515625
2014-11-19,65.0,65.0,64.48999786376953,64.83000183105469,59.9053955078125,-0.04853291547015658,-0.2461919084887909,-0.14784622192382812
2014-11-20,64.36000061035156,65.05000305175781,64.36000061035156,64.75,59.83146667480469,-0.3487525328356545,-0.12340930625884816,-0.0739288330078125
2014-11-21,65.30000305175781,65.41000366210938,64.70999908447266,65.0999984741211,60.15488815307617,0.03385293301618935,0.5405541536017244,0.3234214782714844
2014-11-24,65.20999908447266,65.37999725341797,65.02999877929688,65.33999633789062,60.37664794921875,-0.586135486101397,0.3686480067559339,0.22175979614257812
2014-11-25,65.44999694824219,65.44999694824219,65.0199966430664,65.2699966430664,60.31196212768555,-0.1853772061762905,-0.1071371527409215,-0.06468582153320312
2014-11-26,65.30999755859375,65.43000030517578,64.91000366210938,65.29000091552734,60.33045196533203,-0.3648107914389253,0.030656999033351617,0.018489837646484375
2014-11-28,65.4000015258789,65.5999984741211,64.91999816894531,65.25,60.29349136352539,-0.7439253315074493,-0.06126359177265339,-0.036960601806640625
2014-12-01,64.81999969482422,65.4000015258789,64.52999877929688,65.0999984741211,60.15488815307617,-0.12323872723319908,-0.22988088318446342,-0.13860321044921875
2014-12-02,65.19999694824219,65.88999938964844,65.13999938964844,65.3499984741211,60.38589096069336,0.32080703240507225,0.38401336069207037,0.2310028076171875
2014-12-03,65.54000091552734,66.48999786376953,65.44999694824219,66.43000030517578,61.38386535644531,0.14416618776909323,1.6526615404276468,0.9979743957519531
2014-12-04,66.44999694824219,66.9000015258789,66.05000305175781,66.56999969482422,61.51321792602539,-0.059703877976779764,0.21072731218365615,0.12935256958007812
2014-12-05,66.33000183105469,66.70999908447266,66.0999984741211,66.26000213623047,61.22678756713867,0.1553371502757164,-0.4656403429116218,-0.28643035888671875
2014-12-08,66.19000244140625,66.58000183105469,65.66000366210938,65.87999725341797,60.87562942504883,0.10367144868258421,-0.5735367737606301,-0.35115814208984375
2014-12-09,65.38999938964844,66.29000091552734,65.19999694824219,66.26000213623047,61.22678756713867,-0.13301331942649436,0.5768451930705742,0.35115814208984375
2014-12-10,66.23999786376953,66.23999786376953,65.22000122070312,65.38999938964844,60.42285537719727,-0.25589390699934933,-1.313039964835394,-0.8039321899413991
2014-12-11,65.83000183105469,66.19999694824219,65.23999786376953,65.68000030517578,60.69082260131836,-0.5700772274981262,0.4434865291424339,0.26796722412108664
2014-12-12,65.30000305175781,65.48999786376953,64.58999633789062,64.63999938964844,59.72983169555664,-0.5177133407483301,-1.5834204655200135,-0.9609909057617188
2014-12-15,64.86000061035156,65.02999877929688,63.81999969482422,63.86000061035156,59.00907516479492,-0.3382797554856952,-1.206694394244101,-0.7207565307617188
2014-12-16,63.7599983215332,64.41999816894531,63.400001525878906,63.81999969482422,58.97210693359375,0.3075415144284572,-0.06264838263932981,-0.036968231201171875
2014-12-17,64.27999877929688,65.31999969482422,63.58000183105469,65.26000213623047,60.302734375,0.16650811278233957,2.256367477093235,1.33062744140625
2014-12-18,66.19000244140625,66.77999877929688,65.4800033569336,66.61000061035156,61.5501823425293,0.09389685648928893,2.0686424595141695,1.2474479675292969
2014-12-19,66.6500015258789,67.2699966430664,66.62000274658203,67.12999725341797,62.030670166015625,2.903393926905018,0.7806440293099293,0.4804878234863281
2014-12-22,67.41000366210938,67.5,66.87999725341797,67.08999633789062,61.99372482299805,-0.13161694911316646,-0.059559799883990294,-0.036945343017578125
2014-12-23,67.16999816894531,67.62000274658203,66.83000183105469,67.44000244140625,62.3171501159668,0.23493025813540655,0.5217065015728384,0.32342529296875
2014-12-24,67.04000091552734,67.83999633789062,67.04000091552734,67.55999755859375,62.428016662597656,-0.8458603643803859,0.1779069588781601,0.11086654663085938
2014-12-26,67.87000274658203,68.16999816894531,67.30000305175781,67.86000061035156,62.70523452758789,-0.8039692549805489,0.44406002274348655,0.2772178649902344
2014-12-29,67.58999633789062,68.62000274658203,67.58999633789062,68.37999725341797,63.18571472167969,-0.6971469260109648,0.7662521282500112,0.4804801940917969
2014-12-30,68.33000183105469,68.66999816894531,67.91000366210938,68.0999984741211,62.92699813842773,-0.7886091815339421,-0.4094542324820649,-0.25871658325196023
2014-12-31,68.08999633789062,68.37000274658203,66.7699966430664,66.83999633789062,61.7627182006836,0.22655203625543915,-1.850207338959542,-1.1642799377441264
2015-01-02,67.05999755859375,67.68000030517578,65.91000366210938,66.6500015258789,61.58715057373047,0.08970774554930523,-0.284261496365279,-0.1755676269531321
2015-01-05,66.19999694824219,66.62999725341797,64.0,64.5999984741211,59.6928596496582,2.6541418259759886,-3.0757891969761975,-1.8942909240722656
2015-01-06,64.8499984741211,65.0,63.47999954223633,63.90999984741211,59.05528259277344,0.5421317270675439,-1.0680960178935162,-0.6375770568847656
2015-01-07,64.51000213623047,64.62000274658203,63.869998931884766,64.27999877929688,59.39717483520508,0.3480362535149662,0.5789359180434772,0.3418922424316406
2015-01-08,64.7699966430664,66.13999938964844,64.7699966430664,66.11000061035156,61.088165283203125,0.6545395372904397,2.8469206703679584,1.6909904479980469
2015-01-09,66.43000030517578,66.69999694824219,65.41999816894531,65.47000122070312,60.49677658081055,0.09738778227260868,-0.9680904634325138,-0.5913887023925781
2015-01-12,65.48999786376953,66.13999938964844,64.94999694824219,65.37000274658203,60.40437698364258,0.02407834082289407,-0.1527347445438587,-0.09239959716796875
2015-01-13,65.79000091552734,66.52999877929688,64.26000213623047,65.16999816894531,60.21956253051758,0.4513676567012306,-0.3059620218830328,-0.184814453125
2015-01-14,64.27999877929688,64.9800033569336,63.900001525878906,64.5999984741211,59.6928596496582,0.07714041272935417,-0.8746375076910562,-0.526702880859375
2015-01-15,64.66000366210938,65.0199966430664,63.45000076293945,63.77999877929688,58.935157775878906,0.6321976122771933,-1.2693341854056017,-0.7577018737792969
2015-01-16,63.72999954223633,64.68000030517578,63.369998931884766,64.47000122070312,59.57273483276367,-0.40740008599542615,1.0818280309172534,0.6375770568847656
2015-01-20,64.30000305175781,64.97000122070312,63.66999816894531,64.20999908447266,59.33248901367188,-0.0904240248699935,-0.4032815007842472,-0.24024581909178977
2015-01-21,63.81999969482422,64.70999908447266,63.650001525878906,64.33999633789062,59.45260238647461,-0.31523964531578497,0.2024411495277878,0.12011337280272727
2015-01-22,64.62000274658203,65.06999969482422,63.83000183105469,64.70999908447266,59.79450607299805,1.368084767400995,0.5750861573743604,0.3419036865234375
2015-01-23,64.73999786376953,64.91000366210938,63.75,63.7599983215332,58.91667556762695,0.18047181591561856,-1.4680788637996711,-0.8778305053710938
2015-01-26,63.58000183105469,64.01000213623047,63.18000030517578,63.77000045776367,59.18582534790039,0.5616809114541345,0.4568312412069009,0.2691497802734375
2015-01-27,63.060001373291016,63.54999923706055,62.59999847412109,62.88999938964844,58.36908721923828,2.0802336271982225,-1.3799556293440873,-0.8167381286621094
2015-01-28,63.16999816894531,63.58000183105469,61.88999938964844,62.09000015258789,57.626590728759766,1.0720542609754808,-1.2720714437243985,-0.7424964904785156
2015-01-29,62.38999938964844,63.22999954223633,61.38999938964844,63.0,58.47117233276367,0.2775195526919074,1.465610915591431,0.8445816040039062
2015-01-30,62.58000183105469,63.34999847412109,62.18000030517578,63.11000061035156,58.57326889038086,1.1998221446449835,0.1746100745785517,0.1020965576171875
2015-02-02,63.22999954223633,63.84999847412109,62.709999084472656,63.540000915527344,58.97236251831055,2.193339622577782,0.6813579564367345,0.3990936279296875
2015-02-03,63.65999984741211,64.41999816894531,63.310001373291016,63.470001220703125,58.90739059448242,0.8632968991329603,-0.11017351358095784,-0.064971923828125
2015-02-04,63.2599983215332,63.970001220703125,62.95000076293945,63.220001220703125,58.67536163330078,1.3638956564610114,-0.3938876919178491,-0.23202896118164062
2015-02-05,63.7400016784668,64.33999633789062,63.400001525878906,63.810001373291016,59.222957611083984,1.2452041798281401,0.9332639161313994,0.5475959777832031
2015-02-09,64.04000091552734,64.43000030517578,63.18000030517578,63.650001525878906,59.07444763183594,2.8677864839151566,-0.25076420570433466,-0.14850997924804688
2015-02-10,64.04000091552734,64.30999755859375,63.40999984741211,63.72999954223633,59.14870071411133,2.2345325468209554,0.125694077984706,0.07425308227539062
2015-02-11,63.5,64.05000305175781,63.380001068115234,63.68000030517578,59.102294921875,1.7018172722863625,-0.0784561481081858,-0.046405792236328125
2015-02-12,63.95000076293945,64.55000305175781,63.66999816894531,64.06999969482422,59.464263916015625,1.613845942546705,0.6124449052597569,0.361968994140625
2015-02-13,64.11000061035156,64.73999786376953,63.88999938964844,64.55999755859375,59.91903305053711,-0.5302806735682811,0.7647772032691291,0.4547691345214844
2015-02-17,64.12999725341797,65.69000244140625,64.12999725341797,65.25,60.55943298339844,0.5358480606575684,1.0687754796062876,0.6403999328613281
2015-02-18,64.98999786376953,65.83000183105469,64.98999786376953,65.83000183105469,61.09775161743164,0.8933188608695101,0.8889096339141256,0.5383186340332031
2015-02-19,65.41000366210938,66.2699966430664,65.13999938964844,65.83999633789062,61.10700988769531,0.07225311663270652,0.015153209436657988,0.009258270263671875
2015-02-20,65.94000244140625,66.26000213623047,65.13999938964844,66.16999816894531,61.41329956054688,0.41785476918136105,0.501234921189031,0.3062896728515696
2015-02-23,65.91999816894531,66.4000015258789,65.56999969482422,66.2699966430664,61.506103515625,-0.30406868280916177,0.15111377460939046,0.0928039550781179
2015-02-24,66.13999938964844,66.4000015258789,65.68000030517578,66.30000305175781,61.53396987915039,0.19164277842224173,0.045306663782263,0.027866363525390625
2015-02-25,66.18000030517578,66.37999725341797,65.44999694824219,65.8499984741211,61.116302490234375,0.718074386546859,-0.6787590492475792,-0.4176673889160156
2015-02-26,65.8499984741211,66.3499984741211,65.73999786376953,66.26000213623047,61.49684524536133,-0.2970868312425223,0.6226534322617994,0.3805427551269531
2015-02-27,66.16999816894531,66.37999725341797,65.55999755859375,65.87000274658203,61.13486099243164,0.3710763636848765,-0.5886224756496583,-0.3619842529296875
2015-03-02,65.87000274658203,66.55999755859375,65.52999877929688,66.5,61.71958923339844,0.27682136753524345,0.9564563188246833,0.5847282409667969
2015-03-03,66.08000183105469,66.44999694824219,65.5999984741211,65.88999938964844,61.153419494628906,-0.17211168819967548,-0.9173258373909587,-0.5661697387695312
2015-03-04,65.91999816894531,66.02999877929688,64.87000274658203,65.62000274658203,60.90283584594727,0.13020248463581424,-0.40976228435376516,-0.2505836486816335
2015-03-05,65.55999755859375,65.91999816894531,64.62999725341797,65.02999877929688,60.355247497558594,0.29776692223516193,-0.8991179815892258,-0.547588348388679
2015-03-06,64.80000305175781,65.01000213623047,63.91999816894531,64.2699966430664,59.64987182617188,0.41645839886803315,-1.1687064516059609,-0.7053756713867116
2015-03-09,64.12999725341797,64.69999694824219,63.90999984741211,64.18000030517578,59.56635284423828,0.3305816245983675,-0.1400153585861652,-0.08351898193360086
2015-03-10,63.630001068115234,64.0199966430664,63.400001525878906,63.75,59.16726303100586,0.8144239381664838,-0.6699920243161683,-0.3990898132324219
2015-03-11,63.75,63.81999969482422,62.709999084472656,63.36000061035156,58.805301666259766,1.8617016731624068,-0.6117595207275506,-0.36196136474609375
2015-03-12,63.709999084472656,64.16000366210938,63.22999954223633,63.560001373291016,58.99092102050781,0.70411068341358,0.3156507134365105,0.18561935424804688
2015-03-13,63.43000030517578,63.72999954223633,62.86000061035156,63.09999847412109,58.563995361328125,0.1769808901322988,-0.7237141780364276,-0.4269256591796875
2015-03-16,63.43000030517578,64.0,63.31999969482422,63.790000915527344,59.20439147949219,-0.12393691238986303,1.0934980002865968,0.6403961181640625
2015-03-17,63.650001525878906,63.93000030517578,62.56999969482422,63.61000061035156,59.037330627441406,0.8660896397596161,-0.2821764532596416,-0.16706085205078125
2015-03-18,63.4900016784668,64.54000091552734,63.22999954223633,63.95000076293945,59.35289001464844,1.7325374191795764,0.5345082236159815,0.31555938720703125
2015-03-19,63.72999954223633,64.12999725341797,63.18999862670898,63.63999938964844,59.0651741027832,0.5937974286606761,-0.48475467966972996,-0.2877159118652344
2015-03-20,63.72999954223633,63.93999862670898,63.209999084472656,63.22999954223633,58.68463897705078,2.770738747138868,-0.644263106835552,-0.3805351257324219
2015-03-23,63.34999847412109,63.900001525878906,63.040000915527344,63.38999938964844,58.833133697509766,0.8339731225530744,0.25303848340458845,0.14849472045898438
2015-03-24,63.2599983215332,63.790000915527344,63.13999938964844,63.5,58.93523788452149,1.8540216364391033,0.17354878211433,0.10210418701172586
2015-03-25,63.43000030517578,63.90999984741211,62.869998931884766,62.97999954223633,58.45261764526367,0.9387008960526667,-0.8188992809420315,-0.4826202392578196
2015-03-26,62.81999969482422,63.16999816894531,62.709999084472656,62.97999954223633,58.45261764526367,0.29776692223516193,0.0,0.0
2015-03-27,63.02999877929688,63.31999969482422,62.77000045776367,63.18000030517578,58.63823699951172,-0.3389779406423592,0.31755524684031755,0.18561935424804688
2015-03-30,63.40999984741211,63.97999954223633,63.2599983215332,63.70000076293945,59.12085723876953,0.3619999566482452,0.823046980866482,0.4826202392578125
2015-03-31,63.2599983215332,63.79999923706055,63.209999084472656,63.52000045776367,58.95378875732422,0.9638355616925689,-0.2825880564799266,-0.1670684814453125
2015-04-01,63.58000183105469,63.83000183105469,62.81999969482422,63.650001525878906,59.07444763183594,1.3387609908211093,0.20466687053548593,0.12065887451171875
2015-04-02,63.5099983215332,63.84000015258789,62.959999084472656,63.150001525878906,58.61039352416992,0.9435881921493143,-0.785541170961257,-0.4640541076660156
2015-04-06,62.91999816894531,63.43000030517578,62.7599983215332,63.380001068115234,58.823856353759766,1.2675461048413865,0.36420644318284623,0.21346282958984375
2015-04-07,63.29999923706055,63.5,62.9900016784668,63.11000061035156,58.57326889038086,-0.3780763094155403,-0.42599632005067,-0.25058746337890625
2015-04-08,63.119998931884766,63.5,62.84999847412109,63.41999816894531,58.86098098754883,-0.1881699468029463,0.4912003420987521,0.28771209716796875
2015-04-09,63.290000915527344,63.459999084472656,62.86000061035156,63.33000183105469,58.7774543762207,-0.14139154130646175,-0.14190489170711196,-0.083526611328125
2015-04-10,63.43999862670898,63.56999969482422,63.18000030517578,63.4900016784668,58.92596435546875,0.7292453490534822,0.252664870951147,0.14850997924804688
2015-04-13,63.04999923706055,63.66999816894531,63.0099983215332,63.43000030517578,58.87027359008789,0.9198498968227401,-0.09450972247972977,-0.055690765380859375
2015-04-14,63.470001220703125,63.72999954223633,63.13999938964844,63.29999923706055,58.749610900878906,0.7634564217300156,-0.20496369704200434,-0.12066268920898438
2015-04-15,63.58000183105469,63.59999847412109,62.90999984741211,63.0,58.47117233276367,0.2502903315820134,-0.47394112717615844,-0.2784385681152344
2015-04-16,63.31999969482422,63.52000045776367,62.83000183105469,63.0099983215332,58.48044967651367,1.1781784047884012,0.01586652598173366,0.00927734375
2015-04-17,62.720001220703125,62.9900016784668,61.97999954223633,62.84000015258789,58.32268142700195,0.6936379060636207,-0.2697794739685122,-0.15776824951171875
2015-04-20,63.06999969482422,63.2599983215332,62.72999954223633,62.810001373291016,58.29484558105469,0.6182339091439143,-0.04772730825503002,-0.027835845947265625
2015-04-21,63.119998931884766,63.27999877929688,62.5,62.720001220703125,58.211307525634766,0.16999903856565932,-0.1433026446631014,-0.08353805541992188
2015-04-22,62.68000030517578,63.470001220703125,62.43999862670898,62.880001068115234,58.359806060791016,-0.2956904609291944,0.2551025590532552,0.14849853515625
2015-04-23,62.70000076293945,63.11000061035156,62.70000076293945,62.93999862670898,58.41548538208008,0.5470190231641916,0.09540696765006906,0.0556793212890625
2015-04-24,63.150001525878906,63.43999862670898,62.63999938964844,63.290000915527344,58.740333557128906,0.4960515067277233,0.5560994193989588,0.3248481750488281
2015-04-27,63.380001068115234,63.59000015258789,62.54999923706055,62.790000915527344,58.535247802734375,1.953862113842048,-0.3491395808896347,-0.20508575439453125
2015-04-28,62.720001220703125,63.04999923706055,62.45000076293945,62.77999877929688,58.52592086791992,0.29706873707849796,-0.01593387773104471,-0.009326934814453125
2015-04-29,62.63999938964844,62.7400016784668,62.119998931884766,62.54999923706055,58.311500549316406,0.31452336599509667,-0.36636812445448586,-0.21442031860351562
2015-04-30,62.150001525878906,62.790000915527344,62.0,62.06999969482422,57.86402893066406,1.3673865822443312,-0.7673814160791492,-0.44747161865234375
2015-05-05,63.7400016784668,64.08000183105469,62.869998931884766,63.0,58.73101043701172,3.1254168067241537,1.498308227701406,0.8669815063476562
2015-05-06,63.09999847412109,63.34000015258789,62.61000061035156,63.09999847412109,58.8242416381836,2.9976489230546512,0.15874271611906465,0.0932312011718821
2015-05-07,63.02000045776367,63.130001068115234,62.720001220703125,63.0,58.73101043701172,3.406087239703061,-0.15849112300559964,-0.0932312011718821
2015-05-08,63.70000076293945,63.70000076293945,62.95000076293945,63.15999984741211,58.88017272949219,2.1716958827212,0.2539753553881807,0.14916229248046875
2015-05-11,62.970001220703125,63.209999084472656,62.900001525878906,63.060001373291016,58.78694915771485,2.023680629508443,-0.1583276125999622,-0.09322357177733664
2015-05-12,62.880001068115234,63.709999084472656,62.380001068115234,63.5099983215332,59.206451416015625,1.5656711667368926,0.7135975999967625,0.41950225830077414
2015-05-13,63.970001220703125,64.5,63.970001220703125,64.33000183105469,59.97089385986328,2.7211676010157273,1.2911472070438412,0.7644424438476562
2015-05-14,64.62999725341797,65.41999816894531,64.62999725341797,65.20999908447266,60.79125213623047,3.4989458655393664,1.3679273787116752,0.8203582763671875
2015-05-15,65.20999908447266,65.38999938964844,64.87999725341797,65.19999694824219,60.78192901611328,0.01430374862959879,-0.015336285714750986,-0.0093231201171875
2015-05-18,65.12000274658203,65.83999633789062,64.95999908447266,65.66000366210938,61.21076965332031,0.059685783812755445,0.7055396960062632,0.42884063720703125
2015-05-19,65.7300033569336,66.30999755859375,65.62999725341797,66.08999633789062,61.61162185668945,0.718074386546859,0.6548720194819557,0.4008522033691406
2015-05-20,66.08999633789062,66.1500015258789,65.29000091552734,65.45999908447266,61.02431488037109,-0.2859158687358991,-0.953240571534475,-0.5873069763183665
2015-05-21,65.23999786376953,65.26000213623047,64.55000305175781,64.91999816894531,60.52090835571289,1.491663540130514,-0.8249277777965247,-0.503406524658196
2015-05-22,64.75,65.01000213623047,64.33000183105469,64.5,60.12936401367188,0.7124889052935474,-0.6469571470072766,-0.3915443420410085
2015-05-26,64.4800033569336,64.63999938964844,63.68000030517578,63.970001220703125,59.63528060913086,0.5239789129942812,-0.8217006992268905,-0.49408340454102273
2015-05-27,64.0199966430664,64.55000305175781,63.84000015258789,64.4800033569336,60.1107177734375,0.32988343944170356,0.7972414306605113,0.4754371643066406
2015-05-28,64.4000015258789,64.69999694824219,64.08000183105469,64.48999786376953,60.12004852294922,0.43670576841128766,0.015522605381113053,0.00933074951171875
2015-05-29,64.63999938964844,64.8499984741211,63.650001525878906,63.77000045776367,59.44882583618164,0.1106533002492237,-1.1164706337709607,-0.6712226867675781
2015-06-01,64.0199966430664,64.2699966430664,63.310001373291016,63.900001525878906,59.57002258300781,1.3590083603643637,0.20386735166164627,0.12119674682617188
2015-06-02,63.83000183105469,64.62999725341797,63.470001220703125,63.95000076293945,59.61663436889648,0.6349903529038491,0.07824705089496398,0.04661178588866477
2015-06-03,64.25,64.55999755859375,63.95000076293945,64.13999938964844,59.79376602172852,2.2429107687009227,0.2971178341534486,0.17713165283204546
2015-06-04,63.75,64.25,63.52999877929688,63.91999816894531,59.588653564453125,-0.15465705928307677,-0.34303318041694064,-0.20511245727539773
2015-06-05,63.77000045776367,64.31999969482422,63.45000076293945,64.27999877929688,59.924278259277344,0.9345117851126831,0.5632359094356776,0.33562469482421875
2015-06-08,64.23999786376953,64.52999877929688,63.560001373291016,63.75,59.43018341064453,0.8507295663130092,-0.8245319976904697,-0.4940948486328125
2015-06-09,63.75,64.33000183105469,63.58000183105469,64.1500015258789,59.80308151245117,1.08601796410876,0.6274557479152065,0.3728981018066406
2015-06-10,64.30000305175781,64.55999755859375,64.05000305175781,64.23999786376953,59.88698196411133,0.3724727339982044,0.14029452920865104,0.08390045166015625
2015-06-11,64.2300033569336,64.81999969482422,64.20999908447266,64.77999877929688,60.39039611816406,0.09180230101929708,0.8406069859296261,0.5034141540527344
2015-06-12,64.5,64.75,64.13999938964844,64.58000183105469,60.203948974609375,0.25238488705200524,-0.30873641429652876,-0.1864471435546875
2015-06-15,64.05999755859375,64.27999877929688,63.619998931884766,64.2699966430664,59.91494369506836,0.8241985303597792,-0.48004372547538754,-0.2890052795410156
2015-06-16,64.30999755859375,65.77999877929688,64.0,64.9000015258789,60.50226593017578,2.565472311079667,0.9802600134225958,0.5873222351074219
2015-06-17,64.87999725341797,65.0,64.12999725341797,64.80999755859375,60.41835784912109,0.6636159443270709,-0.13868584881023827,-0.0839080810546946
2015-06-18,64.94999694824219,65.33999633789062,64.48999786376953,65.2699966430664,60.84718704223633,-0.008038176383647566,0.7097663829032319,0.4288291931152415
2015-06-19,65.30000305175781,65.83000183105469,65.04000091552734,65.29000091552734,60.865848541259766,1.749992048096175,0.03066945232896856,0.0186614990234375
2015-06-22,65.63999938964844,65.63999938964844,65.13999938964844,65.5,61.06160354614258,0.17139540887898722,0.32161714586154133,0.1957550048828125
2015-06-23,65.56999969482422,65.62999725341797,64.80999755859375,65.18000030517578,60.76329040527344,1.1830657008850487,-0.4885445575364078,-0.2983131408691406
2015-06-24,65.12000274658203,65.30999755859375,64.37000274658203,64.44999694824219,60.08275604248047,-0.15675161475306862,-1.1199761537829866,-0.6805343627929688
2015-06-25,64.68000030517578,65.08999633789062,64.02999877929688,64.27999877929688,59.924278259277344,0.7920820131532376,-0.263765835061025,-0.158477783203125
2015-06-26,64.4000015258789,64.62999725341797,64.05999755859375,64.4800033569336,60.1107177734375,0.6280085013372096,0.31112517259446193,0.18643951416015625
2015-06-29,64.1500015258789,64.55999755859375,63.68000030517578,63.7400016784668,59.42087173461914,0.3557162902382697,-1.1476256886807534,-0.6898460388183594
2015-06-30,64.06999969482422,64.30000305175781,63.619998931884766,63.77000045776367,59.44882583618164,1.8617016731624068,0.047044246821803526,0.0279541015625
2015-07-01,64.13999938964844,64.37999725341797,63.7400016784668,63.84999847412109,59.523414611816406,1.5538020190736055,0.12546719735104794,0.07458877563476562
2015-07-02,64.12000274658203,64.26000213623047,63.560001373291016,63.790000915527344,59.467472076416016,-0.09112221002665745,-0.0939840830120775,-0.055942535400390625
2015-07-06,63.45000076293945,63.9900016784668,63.16999816894531,63.84000015258789,59.51408767700195,0.12671155885249452,0.07838840118516988,0.0466156005859375
2015-07-07,63.7400016784668,64.36000061035156,63.43999862670898,64.30000305175781,59.94292068481445,0.35711266055159757,0.7205571395799248,0.4288330078125
2015-07-08,63.88999938964844,64.38999938964844,63.25,63.43999862670898,59.14119720458984,0.9722137835725363,-1.3374781726772311,-0.8017234802246165
2015-07-09,63.88999938964844,64.04000091552734,63.25,63.40999984741211,59.113224029541016,1.0406359289256033,-0.047298966492093086,-0.02797317504882102
2015-07-10,63.959999084472656,64.44999694824219,63.5099983215332,63.68000030517578,59.36492919921875,-0.26566849919264457,0.42580179614624125,0.2517051696777344
2015-07-13,63.77999877929688,64.3499984741211,63.77999877929688,64.26000213623047,59.90563583374024,0.3522253644549499,0.9108182925763542,0.5407066345214915
2015-07-14,64.0199966430664,64.29000091552734,63.790000915527344,63.93999862670898,59.6073112487793,0.6454631302538083,-0.49799084979066377,-0.2983245849609446
2015-07-15,63.880001068115234,64.27999877929688,63.630001068115234,63.93999862670898,59.6073112487793,0.4038910660480821,0.0,0.0
2015-07-16,64.22000122070312,64.55000305175781,64.12000274658203,64.30000305175781,59.94292068481445,-0.4939750454217558,0.5630340121104416,0.33560943603515625
2015-07-17,64.1500015258789,64.33000183105469,63.7599983215332,63.93000030517578,59.59799575805664,0.0331547478595254,-0.575422289767058,-0.3449249267578125
2015-07-20,63.81999969482422,64.08000183105469,63.61000061035156,63.959999084472656,59.62594985961914,-0.07506395142338664,0.0469044322832346,0.0279541015625
2015-07-21,63.7599983215332,64.08999633789062,62.95000076293945,63.08000183105469,58.80558776855469,0.01430374862959879,-1.3758474170992296,-0.8203620910644531
2015-07-22,62.970001220703125,63.4900016784668,62.95000076293945,63.0,58.73101043701172,0.7292453490534822,-0.12682014477346515,-0.07457733154296875
2015-07-23,63.15999984741211,63.2599983215332,62.40999984741211,62.459999084472656,58.22759628295898,-0.3836617906688519,-0.8571522102325257,-0.5034141540527415
2015-07-24,62.34000015258789,62.61000061035156,61.5,61.75,57.56572341918945,0.6461613154104723,-1.1366996167128884,-0.6618728637695241
2015-07-27,61.220001220703125,61.56999969482422,60.72999954223633,61.380001068115234,57.4814338684082,0.30265421833180955,-0.14642315908628412,-0.08428955078125
2015-07-28,61.619998931884766,62.34999847412109,61.27000045776367,62.29999923706055,58.342994689941406,0.2244574807854473,1.4988506088862819,0.8615608215332031
2015-07-29,64.0,67.38999938964844,63.5099983215332,66.3499984741211,62.13575744628906,3.8194128524481186,6.500802326832811,3.7927627563476562
2015-07-31,67.79000091552734,68.70999908447266,67.5,67.79000091552734,63.48429870605469,2.874768335481796,2.170314349078817,1.348541259765625
2015-08-03,67.77999877929688,68.05999755859375,66.54000091552734,67.27999877929688,63.00669479370117,1.0657705945655054,-0.7523181669926271,-0.4776039123535156
2015-08-04,67.4000015258789,68.19000244140625,67.2300033569336,67.93000030517578,63.615421295166016,0.7948747537798934,0.9661298747029257,0.6087265014648438
2015-08-05,68.1500015258789,69.33999633789062,68.0999984741211,68.80999755859375,64.43950653076172,0.2642540347152924,1.2954173985142203,0.8240852355957031
2015-08-06,68.77999877929688,69.11000061035156,68.19000244140625,68.37000274658203,64.02745056152344,0.2216647401587915,-0.639446189802173,-0.41205596923828125
2015-08-07,68.27999877929688,68.9000015258789,67.93000030517578,68.79000091552734,64.4207763671875,0.20281374092886492,0.6143080853830307,0.3933258056640625
2015-08-10,69.01000213623047,70.0999984741211,68.83999633789062,69.91999816894531,65.47900390625,-0.2098136866595287,1.6426805119993837,1.0582275390625
2015-08-11,69.4000015258789,69.94999694824219,68.5999984741211,69.18000030517578,64.78601837158203,1.2172767735615821,-1.0583324322712029,-0.6929855346679688
2015-08-12,68.62999725341797,69.62000274658203,67.93000030517578,68.77999877929688,64.41141510009766,0.004529156436303508,-0.5782162276678715,-0.374603271484375
2015-08-13,68.51000213623047,69.58000183105469,68.30000305175781,69.02999877929688,64.64553833007812,0.21189014796549624,0.36348096003888664,0.23412322998046875
2015-08-14,69.0,69.93000030517578,68.8499984741211,69.87000274658203,65.43218994140625,-0.25030842574603773,1.2168691477383975,0.786651611328125
2015-08-17,69.62000274658203,70.33999633789062,69.1500015258789,70.08999633789062,65.63819885253906,-0.3487525328356545,0.31484336886369313,0.2060089111328125
2015-08-18,69.80000305175781,70.27999877929688,69.45999908447266,69.83000183105469,65.39472198486328,-0.4437057141419515,-0.37093776479572016,-0.24347686767578125
2015-08-19,69.5199966430664,69.72000122070312,68.55000305175781,69.11000061035156,64.7204360961914,-0.03736195296353341,-1.0311013919868772,-0.674285888671875
2015-08-20,68.63999938964844,69.08999633789062,68.0,68.06999969482422,63.74649429321289,0.17418814950564301,-1.504844314601006,-0.9739418029785156
2015-08-21,67.12000274658203,68.12000274658203,67.04000091552734,67.61000061035156,63.31570816040039,1.6201296089566806,-0.6757801155794163,-0.4307861328125
2015-08-24,64.80000305175781,67.62000274658203,64.66000366210938,66.1500015258789,61.948463439941406,2.071855405318255,-2.15940839987967,-1.3672447204589844
2015-08-25,67.87999725341797,68.08999633789062,65.47000122070312,65.54000091552734,61.37720489501953,0.7418126818734332,-0.9221512741404925,-0.571258544921875
2015-08-26,66.69999694824219,66.7699966430664,65.41000366210938,66.70999908447266,62.47288131713867,0.6259139458672177,1.7851520348526773,1.0956764221191406
2015-08-27,67.20999908447266,67.76000213623047,66.43000030517578,67.66000366210938,63.3625602722168,0.4827859887511083,1.4241042454272934,0.889678955078125
2015-08-28,67.22000122070312,67.76000213623047,66.94000244140625,67.70999908447266,63.40937042236328,-0.17699898429632313,0.07387667093214922,0.046810150146484375
2015-08-31,67.38999938964844,67.79000091552734,67.08000183105469,67.36000061035156,63.08161163330078,0.21747562921880784,-0.5168933028026235,-0.3277587890625
2015-09-01,66.06999969482422,66.91999816894531,65.77999877929688,65.80000305175781,61.62069320678711,1.015501263285701,-2.3159180443995675,-1.4609184265136719
2015-09-02,66.55000305175781,66.94999694824219,65.5,66.4800033569336,62.25750732421875,0.25657399799198893,1.0334419888698987,0.6368141174316406
2015-09-03,66.69999694824219,67.45999908447266,66.63999938964844,67.37999725341797,63.10032653808594,-0.36411260628226133,1.3537631847000187,0.8428192138671875
2015-09-04,66.69999694824219,67.45999908447266,66.55999755859375,67.2699966430664,62.9973258972168,0.228646591725431,-0.16323313447034193,-0.10300064086914062
2015-09-08,67.75,68.36000061035156,67.27999877929688,68.0199966430664,63.69968795776367,1.1076617039653422,1.1149077370249172,0.702362060546875
2015-09-09,68.0199966430664,68.62000274658203,67.11000061035156,67.77999877929688,63.47491455078125,1.5412346862536543,-0.3528642198866949,-0.22477340698242188
2015-09-10,67.20999908447266,67.97000122070312,66.58000183105469,66.91000366210938,62.66018295288086,1.0790361125421204,-1.2835489479053774,-0.8147315979003906
2015-09-11,66.68000030517578,67.41999816894531,66.08000183105469,67.4000015258789,63.11906433105469,0.3850400668181555,0.7323332881407296,0.4588813781738281
2015-09-14,67.27999877929688,67.27999877929688,66.70999908447266,66.72000122070312,62.48225021362305,-0.25310116637269353,-1.0089093116013248,-0.6368141174316406
2015-09-15,67.54000091552734,68.44000244140625,67.37000274658203,68.41000366210938,64.06493377685547,2.1793759194445035,2.533013068225487,1.5826835632324219
2015-09-16,68.30999755859375,69.16000366210938,67.87999725341797,69.04000091552734,64.65489959716797,0.01360556347293484,0.920887270979498,0.5899658203125
2015-09-17,69.1500015258789,69.37999725341797,68.36000061035156,68.41999816894531,64.07427215576172,-0.23075924135944717,-0.8980408987158683,-0.58062744140625
2015-09-18,67.79000091552734,68.29000091552734,67.0,67.1500015258789,62.88494873046875,1.65713342225987,-1.8561637694483268,-1.1893234252929688
2015-09-21,67.4800033569336,68.33999633789062,67.13999938964844,67.62999725341797,63.334449768066406,-0.12533328270319094,0.7147990841564589,0.44950103759765625
2015-09-22,66.87999725341797,67.41999816894531,66.66000366210938,66.73999786376953,62.5009765625,-0.27823583201259566,-1.315987126466911,-0.8334732055664062
2015-09-23,66.91999816894531,67.05999755859375,65.83999633789062,66.68000030517578,62.444786071777344,1.030163151575644,-0.08990338041593438,-0.05619049072265625
2015-09-24,66.2699966430664,66.2699966430664,65.16000366210938,65.5999984741211,61.43339920043945,0.44508399029125506,-1.619649829811809,-1.0113868713378906
2015-09-25,65.69000244140625,65.69000244140625,64.83999633789062,65.52999877929688,61.36784362792969,1.4002012846075367,-0.10670998734072512,-0.06555557250976562
2015-09-28,65.13999938964844,65.25,64.0999984741211,64.1500015258789,60.07550048828125,0.049911191619460164,-2.1058962858200636,-1.2923431396484375
2015-09-29,64.13999938964844,65.0,63.619998931884766,64.94000244140625,60.81531524658203,1.6333951269332956,1.2314749811282777,0.7398147583007812
2015-09-30,65.51000213623047,66.27999877929688,65.30999755859375,65.95999908447266,61.77054214477539,0.6971288318469405,1.5707012194548176,0.9552268981933594
2015-10-01,65.94999694824219,67.43000030517578,65.79000091552734,67.23999786376953,62.96921157836914,2.4998429063532557,1.9405195291703148,1.19866943359375
2015-10-02,66.63999938964844,68.0,66.16000366210938,67.9800033569336,63.6622200012207,0.031060192389533555,1.1005512146028185,0.6930084228515625
2015-10-05,68.43000030517578,69.02999877929688,68.05000305175781,68.41000366210938,64.06493377685547,0.41925113949468895,0.6325789072813448,0.4027137756347656
2015-10-06,68.52999877929688,68.66999816894531,67.61000061035156,67.68000030517578,63.38128280639648,0.6615213888570791,-1.0671219498020856,-0.6836509704589915
2015-10-07,68.01000213623047,68.7300033569336,67.72000122070312,68.68000030517578,64.31775665283203,0.07364948694603442,1.4775242863040328,0.936473846435554
2015-10-08,68.76000213623047,69.7699966430664,68.5,69.62999725341797,65.20743560791016,-0.1853772061762905,1.3832555757196996,0.889678955078125
2015-10-09,69.69000244140625,70.69999694824219,69.69000244140625,70.26000213623047,65.79741668701172,0.283105033945219,0.9047757722740357,0.5899810791015625
2015-10-12,70.30999755859375,70.63999938964844,69.91999816894531,70.56999969482422,66.08772277832031,0.16441355731234775,0.4412119896584077,0.29030609130859375
2015-10-13,70.4000015258789,70.87999725341797,69.93000030517578,70.16000366210938,65.7037582397461,0.323599773031728,-0.5809922364281794,-0.38396453857421875
2015-10-14,70.11000061035156,70.72000122070312,69.56999969482422,69.66999816894531,65.24488067626953,-0.5623971907748228,-0.6984038292028427,-0.4588775634765625
2015-10-15,69.87999725341797,70.11000061035156,68.94999694824219,69.69000244140625,65.26362609863281,0.17279177919231511,0.02873087078860692,0.01874542236328125
2015-10-16,69.69000244140625,69.91000366210938,69.26000213623047,69.83999633789062,65.40408325195312,0.006623711906295355,0.21521506192139217,0.1404571533203125
2015-10-19,69.61000061035156,70.04000091552734,69.54000091552734,69.98999786376953,65.54454803466797,-0.17699898429632313,0.2147645463873138,0.14046478271484375
2015-10-20,69.91000366210938,70.81999969482422,69.91000366210938,70.48999786376953,66.01280212402344,0.061780339282747294,0.7144058558582245,0.46825408935546875
2015-10-21,70.52999877929688,70.80000305175781,69.80000305175781,69.87000274658203,65.43218994140625,-0.1176532459798875,-0.8795448215125679,-0.5806121826171875
2015-10-22,70.27999877929688,71.36000061035156,70.20999908447266,71.29000091552734,66.76197814941406,0.39621102932477864,2.0323149954152964,1.3297882080078125
2015-10-23,71.95999908447266,72.16999816894531,71.05999755859375,71.4000015258789,66.86500549316406,0.31661792146508855,0.1543203880499444,0.10302734375
2015-10-26,71.30000305175781,71.68000030517578,71.05000305175781,71.30000305175781,66.7713623046875,0.2328357026654147,-0.1400481279944521,-0.0936431884765625
2015-10-27,71.25,71.31999969482422,69.62999725341797,70.94999694824219,66.44358825683594,0.4911642106310757,-0.4908901608984384,-0.3277740478515625
2015-10-28,71.05999755859375,71.8499984741211,70.72000122070312,71.8499984741211,67.28642272949219,0.7515872740667285,1.2684963211172295,0.84283447265625
2015-10-29,70.2300033569336,72.3499984741211,70.2300033569336,72.33999633789062,67.74529266357422,1.2556769571780995,0.6819651208488153,0.45886993408203125
2015-11-02,74.7699966430664,75.87999725341797,73.83999633789062,75.72000122070312,71.20100402832031,1.5419328714103182,5.101035406116394,3.4557113647460938
2015-11-03,75.77999877929688,75.95999908447266,74.66999816894531,74.76000213623047,70.29830169677734,0.5616809114541345,-1.2678224750649836,-0.9027023315429688
2015-11-04,74.75,74.75,73.05000305175781,73.2300033569336,68.85961151123047,1.4818889479372188,-2.046550415616699,-1.438690185546875
2015-11-05,73.33000183105469,73.79000091552734,72.98999786376953,73.44999694824219,69.06645965576172,0.09599141195928078,0.30039110008268644,0.20684814453125
2015-11-06,73.4800033569336,73.4800033569336,72.68000030517578,73.26000213623047,68.88783264160156,0.5365462458142324,-0.2586306219407586,-0.17862701416015625
2015-11-09,73.05000305175781,73.41999816894531,71.81999969482422,72.44999694824219,68.12615966796875,0.351527179298286,-1.1056712694032966,-0.7616729736328125
2015-11-10,72.41999816894531,73.04000091552734,71.87999725341797,73.04000091552734,68.68093872070312,0.5742482442740856,0.8143407105849487,0.554779052734375
2015-11-11,73.31999969482422,73.62000274658203,72.91000366210938,73.05999755859375,68.69974517822266,-0.40321097505544246,0.027382353633820244,0.01880645751953125
2015-11-12,72.5,72.91000366210938,70.7699966430664,70.80000305175781,66.57463073730469,0.6510486115071199,-3.093336715303585,-2.1251144409179688
2015-11-13,70.68000030517578,71.69999694824219,70.56999969482422,71.5199966430664,67.25167083740234,2.2903873593540713,1.0169641086995584,0.6770401000976562
2015-11-16,71.87000274658203,72.18000030517578,71.1500015258789,72.0999984741211,67.79704284667969,-0.10368954284660853,0.810941947592525,0.5453720092773438
2015-11-17,72.29000091552734,72.87999725341797,71.79000091552734,71.97000122070312,67.6747817993164,-0.27195216560262014,-0.18033389397199562,-0.12226104736328125
2015-11-18,72.22000122070312,73.51000213623047,71.91999816894531,73.43000030517578,69.04769134521484,-0.2112100569728566,2.028687066874757,1.3729095458984375
2015-11-19,73.31999969482422,73.77999877929688,72.75,73.68000030517578,69.28274536132812,-0.5093351188683627,0.34042270137331077,0.23505401611328125
2015-11-20,73.94000244140625,74.55000305175781,73.72000122070312,74.29000091552734,69.85633850097656,-0.37877449457220425,0.8279018630930279,0.5735931396484375
2015-11-23,74.23999786376953,74.5199966430664,73.69999694824219,73.8499984741211,69.44259643554688,0.19164277842224173,-0.5922756249583605,-0.4137420654296875
2015-11-24,73.41000366210938,74.72000122070312,73.13999938964844,74.27999877929688,69.84693145751953,0.10157689321259236,0.5822579262973582,0.40433502197265625
2015-11-25,74.43000030517578,75.55999755859375,74.22000122070312,74.87000274658203,70.40174102783203,0.3752654746248602,0.7943220392579997,0.5548095703125
2015-11-27,74.80000305175781,75.36000061035156,74.30000305175781,75.01000213623047,70.53337097167969,-1.021803023859701,0.18696972819978175,0.13162994384765625
2015-11-30,75.16999816894531,75.48999786376953,74.06999969482422,74.4800033569336,70.03498840332031,0.4688222856178293,-0.7065911659879132,-0.498382568359375
2015-12-01,74.69999694824219,75.27999877929688,74.56999969482422,74.97000122070312,70.4957504272461,-0.6021937447046678,0.6579026204335481,0.46076202392578125
2015-12-02,74.80000305175781,75.2699966430664,73.7300033569336,73.93000030517578,69.517822265625,-0.38156723519886004,-1.3872157622186743,-0.9779281616210938
2015-12-03,74.30999755859375,74.58999633789062,72.91999816894531,73.45999908447266,69.07588195800781,-0.2014354647795613,-0.6357223129466738,-0.4419403076171875
2015-12-04,73.5,74.5199966430664,73.5,74.3499984741211,69.91275787353516,-0.8521440307903614,1.2115312780748733,0.8368759155273438
2015-12-07,74.02999877929688,74.5999984741211,73.62999725341797,74.22000122070312,69.79051208496094,0.2181738143754718,-0.17485476512791864,-0.12224578857421875
2015-12-08,73.5,74.05999755859375,73.12999725341797,73.5999984741211,69.20751953125,0.09389685648928893,-0.8353464336258498,-0.5829925537109375
2015-12-09,73.2699966430664,74.44000244140625,72.8499984741211,73.08000183105469,68.71855926513672,0.16720629793900352,-0.7065132075604774,-0.48896026611328125
2015-12-10,73.23999786376953,73.69999694824219,72.7300033569336,73.43000030517578,69.04769134521484,-0.25170479605936563,0.47895660735295387,0.329132080078125
2015-12-11,72.72000122070312,73.55999755859375,72.23999786376953,72.86000061035156,68.5116958618164,-0.29499227577253045,-0.77626850797754,-0.5359954833984375
2015-12-14,72.7699966430664,73.30000305175781,72.4000015258789,72.55000305175781,68.22019958496094,0.24610122064202972,-0.4254693643015339,-0.29149627685546875
2015-12-15,73.0,73.41000366210938,72.47000122070312,73.05999755859375,68.69974517822266,-0.18328265070629865,0.7029378339248327,0.47954559326171875
2015-12-16,73.36000061035156,73.80999755859375,72.58999633789062,73.44999694824219,69.06645965576172,-0.1420897264631257,0.5337930680641145,0.3667144775390625
2015-12-17,73.58000183105469,73.94999694824219,72.26000213623047,72.26000213623047,67.94749450683594,-0.35713075471562183,-1.6201281410729407,-1.1189651489257812
2015-12-18,72.26000213623047,72.26000213623047,71.08999633789062,71.11000061035156,66.86613464355469,4.177581837816724,-1.5914639253879481,-1.08135986328125
2015-12-21,71.4800033569336,71.9800033569336,71.20999908447266,71.66000366210938,67.38330841064453,0.0876131900793134,0.7734464835551735,0.5171737670898438
2015-12-22,71.83999633789062,72.51000213623047,71.4000015258789,72.30999755859375,67.99451446533203,-0.6231392994045862,0.9070585418019528,0.6112060546875
2015-12-23,72.83999633789062,73.5199966430664,72.44999694824219,73.45999908447266,69.07588195800781,0.0345511181728533,1.5903746076856518,1.0813674926757812
2015-12-24,73.2300033569336,73.63999938964844,72.76000213623047,73.30000305175781,68.92543029785156,-0.9268498425534039,-0.21780635424635264,-0.15045166015625
2015-12-28,72.9800033569336,73.94000244140625,72.91000366210938,73.70999908447266,69.31095886230469,-0.5170151555916661,0.5593415417025627,0.385528564453125
2015-12-29,74.0,74.47000122070312,73.5999984741211,74.04000091552734,69.62127685546875,-0.912886139420125,0.447718511268258,0.3103179931640625
2015-12-30,73.9000015258789,74.31999969482422,73.0,73.62000274658203,69.22633361816406,-0.7732491080873353,-0.5672737633418801,-0.3949432373046875
2015-12-31,73.2699966430664,73.94000244140625,72.62000274658203,72.6500015258789,68.31422424316406,-0.3752835687888845,-1.3175757364689789,-0.912109375
2016-01-04,72.0,72.20999908447266,71.2300033569336,72.08000183105469,67.77823638916016,0.5358480606575684,-0.7845918766435256,-0.5359878540039062
2016-01-05,72.08000183105469,72.08000183105469,71.01000213623047,71.66999816894531,67.3927001953125,0.7837037912732702,-0.5688200436996249,-0.38553619384765625
2016-01-06,70.69999694824219,71.58999633789062,70.36000061035156,71.18000030517578,66.93195343017578,1.2452041798281401,-0.6836745876058092,-0.46074676513671875
2016-01-07,70.0199966430664,70.70999908447266,69.5999984741211,69.76000213623047,65.59668731689453,0.7655509772000074,-1.994960620227848,-1.33526611328125
2016-01-08,69.95999908447266,70.62999725341797,69.66999816894531,69.87999725341797,65.70954895019531,2.4677263891467143,0.17205386112799648,0.11286163330078125
2016-01-11,69.93000030517578,70.36000061035156,69.06999969482422,69.81999969482422,65.65310668945312,0.7013179427869242,-0.08589658831011926,-0.0564422607421875
2016-01-12,70.30999755859375,70.91999816894531,69.33000183105469,69.83999633789062,65.67191314697266,0.5246770981509452,0.028645190559650757,0.01880645751953125
2016-01-13,70.12999725341797,70.83000183105469,68.88999938964844,68.91000366210938,64.79742431640625,1.1753856641617453,-1.3316024898030854,-0.8744888305664062
2016-01-14,69.0999984741211,69.18000030517578,68.12999725341797,68.75,64.64697265625,1.5887112769068028,-0.232187716940091,-0.15045166015625
2016-01-15,67.5199966430664,68.26000213623047,67.0,68.06999969482422,64.00753784179688,0.9261335632327157,-0.9891179558449203,-0.639434814453125
2016-01-19,68.8499984741211,68.8499984741211,67.30000305175781,68.12000274658203,64.05458068847656,0.07155493147604257,0.07349579169246834,0.0470428466796875
2016-01-20,67.3499984741211,68.41000366210938,66.33000183105469,67.83000183105469,63.78188705444336,0.2845014042585469,-0.42572073862979787,-0.2726936340332031
2016-01-21,67.9000015258789,68.33999633789062,66.69000244140625,66.69999694824219,62.71931457519531,0.7788164951766225,-1.6659470710564728,-1.0625724792480469
2016-01-22,67.4800033569336,68.31999969482422,67.19000244140625,68.25,64.17681121826172,0.28659595972853874,2.323840196497984,1.4574966430664062
2016-01-25,67.66999816894531,67.76000213623047,66.63999938964844,66.86000061035156,63.14733505249024,0.8290858264564268,-1.6041248329872415,-1.0294761657714773
2016-01-26,67.63999938964844,70.62000274658203,67.56999969482422,70.48999786376953,66.57575988769531,2.5878142360929135,5.42924706538328,3.428424835205071
2016-01-27,70.23999786376953,71.6500015258789,69.72000122070312,70.25,66.3490982055664,1.9517675583720562,-0.3404567706193018,-0.22666168212890625
2016-01-28,70.81999969482422,71.31999969482422,70.41000366210938,70.66999816894531,66.74577331542969,1.4609433932373002,0.5978605898067757,0.39667510986328125
2016-01-29,70.86000061035156,72.91000366210938,70.86000061035156,72.9000015258789,68.85195922851562,4.081232286197099,3.155534513222946,2.1061859130859375
2016-02-01,72.29000091552734,72.69000244140625,71.58999633789062,72.30999755859375,68.2947006225586,0.5086188395476744,-0.8093576598271146,-0.5572586059570312
2016-02-02,71.4800033569336,71.79000091552734,70.80000305175781,71.31999969482422,67.35968017578125,0.7969693092498852,-1.3690966330533905,-0.9350204467773438
2016-02-03,71.80999755859375,73.16999816894531,70.58000183105469,73.1500015258789,69.08805847167969,1.546121982350302,2.565894451084194,1.7283782958984375
2016-02-04,73.01000213623047,73.72000122070312,71.87999725341797,72.23999786376953,68.22859191894531,1.0755451867588006,-1.2440160741912898,-0.859466552734375
2016-02-05,72.9800033569336,74.66000366210938,70.4800033569336,71.12000274658203,67.17078399658203,0.4876732848477559,-1.5503880303142425,-1.0578079223632812
2016-02-08,70.55999755859375,73.05999755859375,69.87999725341797,73.02999877929688,68.97471618652344,2.1654122163112244,2.685590494273815,1.8039321899414062
2016-02-09,72.48999786376953,75.2699966430664,72.30000305175781,74.41000366210938,70.27809143066406,2.58013419936961,1.8896420546566706,1.303375244140625
2016-02-10,74.68000030517578,75.52999877929688,73.44999694824219,74.19000244140625,70.07032012939453,1.055297817215546,-0.29564163886623973,-0.20777130126953125
2016-02-11,73.19000244140625,75.0199966430664,73.19000244140625,74.31999969482422,70.19307708740234,2.20171784445775,0.1751910905803289,0.1227569580078125
2016-02-12,74.81999969482422,75.6500015258789,73.69999694824219,75.30000305175781,71.11868286132812,0.6622195740137431,1.3186567854451603,0.9256057739257812
2016-02-16,76.05000305175781,76.19000244140625,73.47000122070312,73.94999694824219,69.8436508178711,1.2228622548148937,-1.7928229153838182,-1.2750320434570312
2016-02-17,74.25,74.66999816894531,73.16999816894531,73.37000274658203,69.29584503173828,1.1348909250752364,-0.7843315458427425,-0.5478057861328125
2016-02-18,73.5,73.75,72.9800033569336,73.30000305175781,69.229736328125,0.3410544019483267,-0.09540067457580736,-0.06610870361328125
2016-02-19,73.30000305175781,73.76000213623047,71.55999755859375,72.87999725341797,68.83305358886719,3.415163646739692,-0.5729947278401815,-0.3966827392578125
2016-02-22,73.47000122070312,73.87999725341797,72.44000244140625,72.80000305175781,68.75749969482422,1.2277495509115415,-0.10976397254470749,-0.07555389404296875
2016-02-23,72.8499984741211,73.0199966430664,72.05000305175781,72.87000274658203,68.8236083984375,0.3724727339982044,0.0961476259414562,0.06610870361328125
2016-02-24,72.41999816894531,74.12000274658203,72.22000122070312,73.91000366210938,69.80586242675781,0.060383968969419395,1.4272050698559635,0.9822540283203125
2016-02-25,74.0,74.38999938964844,73.4800033569336,74.33999633789062,70.21196746826172,-0.019907324046934693,0.5817635186872838,0.40610504150390625
2016-02-26,74.77999877929688,74.94999694824219,73.30999755859375,73.33000183105469,69.25807189941406,-0.36411260628226133,-1.3585939879534825,-0.9538955688476562
2016-02-29,73.5,74.37999725341797,72.9800033569336,73.70999908447266,69.61695861816406,0.0003400454963198173,0.5181875684775461,0.35888671875
2016-03-01,74.04000091552734,75.08000183105469,73.75,74.5,70.36310577392578,0.1497516690224048,1.0717893607708362,0.7461471557617188
2016-03-02,74.38999938964844,74.83000183105469,73.81999969482422,74.41000366210938,70.27809143066406,-0.39622912348880296,-0.12082232915481272,-0.08501434326171875
2016-03-03,74.3499984741211,75.25,73.80999755859375,75.19999694824219,71.02422332763672,0.9966502640557745,1.0616849174237775,0.7461318969726562
2016-03-04,75.19999694824219,76.0999984741211,75.13999938964844,76.0,71.7798080444336,0.6147429833605946,1.0638408720238246,0.755584716796875
2016-03-07,75.87000274658203,76.41999816894531,75.08999633789062,75.72000122070312,71.51536560058594,0.0317583775461975,-0.36840784484121203,-0.26444244384765625
2016-03-08,75.72000122070312,76.12999725341797,75.12000274658203,75.79000091552734,71.58147430419922,0.17628270497563486,0.09243985968343527,0.06610870361328125
2016-03-09,75.94999694824219,76.52999877929688,75.0999984741211,75.8499984741211,71.63814544677734,0.7096961646668916,0.07917012485281205,0.056671142578125
2016-03-10,76.27999877929688,76.80999755859375,75.12999725341797,75.37000274658203,71.18478393554688,0.3822473261914997,-0.6328493128947454,-0.45336151123046875
2016-03-11,75.51000213623047,76.19999694824219,75.51000213623047,75.77999877929688,71.57203674316406,0.19303914873556963,0.5440106525684163,0.3872528076171875
2016-03-14,75.77999877929688,76.19999694824219,74.87999725341797,75.23999786376953,71.06201171875,0.5197898020542976,-0.7126037592646517,-0.5100250244140625
2016-03-15,74.77999877929688,76.5,74.04000091552734,76.16000366210938,71.9309310913086,1.0720542609754808,1.2227621362558727,0.8689193725585938
2016-03-16,75.77999877929688,76.83000183105469,75.52999877929688,76.55000305175781,72.29924774169922,-0.16303528116304417,0.5120421003908415,0.368316650390625
2016-03-17,76.83999633789062,77.76000213623047,76.51000213623047,77.26000213623047,72.96985626220703,0.6475576857238001,0.927545640452121,0.6706085205078125
2016-03-18,76.94999694824219,77.58000183105469,76.16999816894531,76.88999938964844,72.6203842163086,2.7937788573087783,-0.47892659215698075,-0.3494720458984375
2016-03-21,76.98999786376953,77.98999786376953,76.81999969482422,77.37999725341797,73.08316802978516,0.0031327861229756117,0.6372643417833057,0.4627838134765625
2016-03-22,77.0,78.41999816894531,76.63999938964844,78.06999969482422,73.73487091064453,0.20909740733884044,0.8917277376286892,0.651702880859375
2016-03-23,77.95999908447266,78.88999938964844,76.98999786376953,78.13999938964844,73.80097198486328,0.29078507066852244,0.08964696540780803,0.06610107421875
2016-03-24,77.93000030517578,77.98999786376953,76.86000061035156,77.38999938964844,73.09261322021484,-0.027587360770238125,-0.9598230830804244,-0.7083587646484375
2016-03-28,77.68000030517578,78.37000274658203,77.44999694824219,78.30999755859375,73.96153259277344,0.759267310790032,1.1887923201496342,0.8689193725585938
2016-03-29,77.94000244140625,78.70999908447266,77.37999725341797,78.51000213623047,74.15042114257812,2.880353816735108,0.2553875551020379,0.1888885498046875
2016-03-30,78.77999877929688,79.04000091552734,78.05999755859375,78.7300033569336,74.35820770263672,0.5770409849007414,0.2802230342819678,0.20778656005859375
2016-03-31,78.83000183105469,79.0199966430664,78.19999694824219,78.41000366210938,74.05599212646484,1.1286072586652607,-0.4064320342153094,-0.302215576171875
2016-04-01,78.02999877929688,79.16000366210938,77.81999969482422,79.08999633789062,74.6982192993164,-0.12323872723319908,0.8672183768125619,0.6422271728515625
2016-04-04,79.2300033569336,79.66999816894531,78.70999908447266,78.91000366210938,74.52822875976562,-0.2412320187094064,-0.22756973478795794,-0.16999053955078125
2016-04-05,78.31999969482422,78.77999877929688,77.5,77.73999786376953,73.4231948852539,0.049911191619460164,-1.4827051345520204,-1.1050338745117188
2016-04-06,77.73999786376953,78.19000244140625,76.66000366210938,77.9800033569336,73.64985656738281,0.2705377011252679,0.30870582856430406,0.22666168212890625
2016-04-07,77.63999938964844,77.63999938964844,76.86000061035156,77.3499984741211,73.05484771728516,0.05270393224611596,-0.8078886746415881,-0.5950088500976562
2016-04-08,77.8499984741211,77.8499984741211,77.04000091552734,77.36000061035156,73.06429290771484,-0.23006105620278322,0.012928903043141204,0.0094451904296875
2016-04-11,77.97000122070312,78.16999816894531,77.16000366210938,77.36000061035156,73.06429290771484,-0.27823583201259566,0.0,0.0
2016-04-12,77.47000122070312,77.69999694824219,76.97000122070312,77.58999633789062,73.2815170288086,-0.07366758111005874,0.297305444901963,0.21722412109375
2016-04-13,78.02999877929688,78.2300033569336,76.87000274658203,78.19000244140625,73.84819030761719,-0.27334853591594804,0.7732826799775827,0.5666732788085938
2016-04-14,78.36000061035156,78.56999969482422,77.9800033569336,78.44999694824219,74.09375,0.002434600966311663,0.3325195801819003,0.2455596923828125
2016-04-15,78.41999816894531,79.30000305175781,78.16000366210938,79.25,74.84933471679688,0.24679940579869367,1.019768491670181,0.755584716796875
2016-04-18,79.0,79.66000366210938,78.93000030517578,79.62999725341797,75.20822143554688,0.06666763537939494,0.47947883586125783,0.35888671875
2016-04-19,79.9000015258789,80.31999969482422,79.26000213623047,79.44999694824219,75.0382308959961,0.6503504263504559,-0.22602653846356402,-0.16999053955078125
2016-04-20,79.72000122070312,79.93000030517578,79.16000366210938,79.7699966430664,75.3404541015625,-0.16094072569305232,0.4027589696048217,0.30222320556640625
2016-04-21,79.61000061035156,80.02999877929688,78.43000030517578,78.58000183105469,74.216552734375,0.04921300646279622,-1.491763463055884,-1.1239013671875
2016-04-22,78.62000274658203,79.79000091552734,78.62000274658203,79.68000030517578,75.2554702758789,0.18885003779558593,1.399846130313076,1.0389175415039062
2016-04-25,78.94000244140625,79.41999816894531,78.75,79.0199966430664,74.91415405273438,0.3857382519748194,-0.4535434060717436,-0.34131622314453125
2016-04-26,79.31999969482422,80.0,78.73999786376953,79.93000030517578,75.7768783569336,0.1595262612157001,1.151617227889834,0.8627243041992188
2016-04-27,79.88999938964844,80.36000061035156,79.54000091552734,79.95999908447266,75.8053207397461,0.6398776490004967,0.03753438176554713,0.0284423828125
2016-04-28,79.75,80.31999969482422,79.0,79.29000091552734,75.17013549804688,2.541035830596429,-0.8379164358131685,-0.6351852416992188
2016-04-29,77.22000122070312,77.95999908447266,75.70999908447266,76.0,72.05108642578125,3.953464402527597,-4.149319475879709,-3.119049072265625
2016-05-02,75.77999877929688,77.33000183105469,75.6500015258789,76.8499984741211,72.85691833496094,1.8658907841023904,1.1184174301240635,0.8058319091796875
2016-05-03,76.38999938964844,76.5,75.5999984741211,75.75,71.81405639648438,4.361204534019342,-1.4313835423040877,-1.0428619384765625
2016-05-04,75.25,75.9000015258789,75.01000213623047,75.55999755859375,71.63394927978516,2.5319594235597975,-0.25079646762306007,-0.18010711669921875
2016-05-05,75.54000091552734,76.4800033569336,75.12000274658203,76.05999755859375,72.10795593261719,0.6671068701103907,0.6617067153182887,0.47400665283203125
2016-05-06,76.0,76.55000305175781,75.72000122070312,76.27999877929688,72.31653594970703,0.07574404241602627,0.2892607540903702,0.20858001708984375
2016-05-09,76.16999816894531,76.81999969482422,75.66000366210938,76.55000305175781,72.57249450683594,1.0762433719154645,0.3539419494690943,0.25595855712890625
2016-05-10,76.7300033569336,77.30000305175781,76.30999755859375,77.08000183105469,73.07495880126953,-0.10438772800327246,0.692361889787696,0.5024642944335938
2016-05-11,77.06999969482422,77.66999816894531,76.68000030517578,76.83000183105469,72.83796691894531,0.28101047847522714,-0.3243133984772051,-0.23699188232421875
2016-05-12,77.31999969482422,77.9800033569336,77.08000183105469,77.62999725341797,73.59637451171875,0.05828941349942755,1.0412256476315385,0.7584075927734375
2016-05-13,77.33999633789062,77.33999633789062,76.51000213623047,76.97000122070312,72.9706802368164,-0.06040206313344371,-0.850169969721426,-0.6256942749023438
2016-05-16,77.08000183105469,77.79000091552734,76.62999725341797,77.4000015258789,73.37834167480469,-0.29359590545920256,0.5586647084353302,0.40766143798828125
2016-05-17,77.26000213623047,77.41999816894531,75.23999786376953,75.4000015258789,71.48226928710938,1.642471533969927,-2.5839673457029755,-1.8960723876953125
2016-05-18,75.12000274658203,76.08999633789062,74.83000183105469,75.25,71.34004974365234,0.8786569725795671,-0.19895779033791694,-0.14221954345703125
2016-05-19,74.76000213623047,75.4800033569336,74.16000366210938,74.8499984741211,70.9608383178711,0.29008688551185846,-0.531554753807828,-0.37921142578125
2016-05-20,75.30999755859375,75.77999877929688,74.97000122070312,75.33000183105469,71.41590118408203,0.6294048716505375,0.6412873311508305,0.4550628662109375
2016-05-23,75.48999786376953,75.62999725341797,74.7300033569336,74.79000091552734,70.9039535522461,0.062478524439411244,-0.7168538425585846,-0.5119476318359375
2016-05-24,75.23999786376953,76.55999755859375,75.1500015258789,76.37999725341797,72.41133880615234,0.323599773031728,2.125953742192288,1.50738525390625
2016-05-25,76.3499984741211,76.86000061035156,76.08000183105469,76.3499984741211,72.38288116455078,-0.26636668434930855,-0.03929997990749223,-0.0284576416015625
2016-05-26,76.5199966430664,76.76000213623047,75.95999908447266,76.43000030517578,72.45873260498047,-0.4974659712050755,0.10479196076382813,0.0758514404296875
2016-05-27,76.5199966430664,77.19000244140625,76.18000030517578,77.13999938964844,73.13185119628906,0.24261029485870997,0.9289682100543928,0.6731185913085938
2016-05-31,77.22000122070312,77.54000091552734,76.83000183105469,77.26000213623047,73.24563598632812,0.392021918384795,0.1555885543409241,0.1137847900390625
2016-06-01,76.86000061035156,77.20999908447266,76.06999969482422,77.20999908447266,73.19821166992188,-0.11835143113655144,-0.06474695149769616,-0.04742431640625
2016-06-02,77.1500015258789,77.3499984741211,76.79000091552734,77.3499984741211,73.3309555053711,0.07714041272935417,0.18134846797597248,0.13274383544921875
2016-06-03,77.56999969482422,77.79000091552734,76.94000244140625,77.19999694824219,73.188720703125,-0.463953083685206,-0.19396283774820722,-0.14223480224609375
2016-06-06,77.30999755859375,78.02999877929688,76.79000091552734,77.08999633789062,73.08444213867188,-0.1867735764896184,-0.14247900967706562,-0.104278564453125
2016-06-07,77.02999877929688,77.91000366210938,77.02999877929688,77.48999786376953,73.46366119384766,-0.2901049796758828,0.5188779500515883,0.37921905517578125
2016-06-08,77.58999633789062,78.55000305175781,77.12000274658203,77.72000122070312,73.68170928955078,-0.5826445603180772,0.29681082069645814,0.218048095703125
2016-06-09,77.4000015258789,77.87000274658203,77.18000030517578,77.79000091552734,73.7480697631836,-0.6154592626812828,0.09006370003175057,0.0663604736328125
2016-06-10,77.4000015258789,78.19999694824219,77.4000015258789,78.19999694824219,74.13676452636719,0.44089487935127136,0.5270575412098966,0.38869476318359375
2016-06-13,77.75,78.08000183105469,76.62000274658203,76.77999877929688,72.79055786132812,0.350828994141622,-1.8158422122134477,-1.3462066650390625
2016-06-14,76.83000183105469,76.95999908447266,76.0999984741211,76.44000244140625,72.46823120117188,0.24121392454538207,-0.4428138341380894,-0.32232666015625
2016-06-15,76.5,76.95999908447266,76.05999755859375,76.31999969482422,72.35444641113281,0.012209193159606944,-0.15701333971184228,-0.1137847900390625
2016-06-16,76.05999755859375,76.94000244140625,75.66000366210938,76.5,72.52510833740234,0.5156006911143138,0.23586930000099038,0.17066192626953125
2016-06-17,76.22000122070312,76.5999984741211,75.79000091552734,76.3499984741211,72.38288116455078,0.975704709355856,-0.19610749451057785,-0.1422271728515625
2016-06-20,77.18000030517578,77.9800033569336,77.18000030517578,77.62000274658203,73.5869140625,-0.4939750454217558,1.6634221774234792,1.2040328979492188
2016-06-21,77.62000274658203,78.22000122070312,77.47000122070312,77.68000030517578,73.643798828125,0.012907378316270892,0.07730282802276278,0.056884765625
2016-06-22,77.91000366210938,78.30999755859375,77.62000274658203,78.30999755859375,74.24105072021484,-0.3403743109556871,0.811000928243466,0.5972518920898438
2016-06-23,79.08000183105469,80.13999938964844,79.08000183105469,80.13999938964844,75.97595977783203,1.0957925563020552,2.3368595147654547,1.7349090576171875
2016-06-24,77.19999694824219,78.0999984741211,76.54000091552734,76.75,72.76212310791016,1.7458029371561914,-4.230070510882311,-3.213836669921875
2016-06-27,75.93000030517578,75.97000122070312,74.2699966430664,74.5999984741211,70.72382354736328,0.811631197539828,-2.8013195237912014,-2.038299560546875
2016-06-28,74.9000015258789,75.69000244140625,74.52999877929688,75.69000244140625,71.7572021484375,0.0331547478595254,1.4611463991085927,1.0333786010742188
2016-06-29,76.55000305175781,76.94999694824219,75.94999694824219,76.72000122070312,72.73368072509766,-0.0946131358099772,1.3608091556304158,0.9764785766601562
2016-06-30,76.95999908447266,79.1500015258789,76.76000213623047,79.12999725341797,75.01844787597656,1.287095289227977,3.1412780545430508,2.2847671508789062
2016-07-01,78.98999786376953,79.7300033569336,78.5,79.16999816894531,75.05636596679688,-0.29499227577253045,0.050545021783166,0.0379180908203125
2016-07-05,78.8499984741211,79.0999984741211,77.80000305175781,78.72000122070312,74.62975311279297,-0.03177647171022182,-0.5683899673381898,-0.42661285400390625
2016-07-06,78.66000366210938,78.81999969482422,77.97000122070312,78.73999786376953,74.64871215820312,-0.13440968973982226,0.025404137920026493,0.01895904541015625
2016-07-07,78.88999938964844,79.33000183105469,78.27999877929688,78.48999786376953,74.41169738769531,-0.3920400125488193,-0.3175068445996909,-0.2370147705078125
2016-07-08,79.2699966430664,79.8499984741211,79.0999984741211,79.79000091552734,75.64415740966797,-0.5533207837381914,1.6562718836413248,1.2324600219726562
2016-07-11,80.08000183105469,80.47000122070312,79.87999725341797,80.19999694824219,76.0328598022461,-0.4681421946251897,0.5138564641192556,0.388702392578125
2016-07-12,80.75,81.16999816894531,80.36000061035156,80.41000366210938,76.23194122314453,-0.4730294907218373,0.26183602907510206,0.1990814208984375
2016-07-13,80.7699966430664,80.91999816894531,80.08000183105469,80.2300033569336,76.06129455566406,-0.16443165147637204,-0.22385192445900648,-0.17064666748046875
2016-07-14,80.80000305175781,81.0,79.86000061035156,80.19000244140625,76.02338409423828,-0.5407534509182403,-0.04984198815869423,-0.03791046142578125
2016-07-15,80.11000061035156,80.62999725341797,79.91999816894531,79.91999816894531,75.76737976074219,-0.3285051632924,-0.3367441959420736,-0.25600433349609375
2016-07-18,79.91999816894531,80.54000091552734,79.58000183105469,79.91000366210938,75.75791931152344,-0.8249148096804674,-0.012486177097092988,-0.00946044921875
2016-07-19,79.86000061035156,80.08999633789062,79.22000122070312,79.62000274658203,75.48298645019531,-0.8689004745502962,-0.36290973118938696,-0.274932861328125
2016-07-20,79.55999755859375,80.72000122070312,79.55999755859375,80.30000305175781,76.12767028808594,-0.1420897264631257,0.8540783403105046,0.644683837890625
2016-07-21,80.05999755859375,80.56999969482422,79.7300033569336,79.94000244140625,75.7863540649414,-0.5519244134248635,-0.4483471277301754,-0.34131622314453125
2016-07-22,79.91999816894531,80.79000091552734,79.91000366210938,80.45999908447266,76.27933502197266,-0.4932768602650918,0.6504877601168246,0.49298095703125
2016-07-25,80.04000091552734,80.4000015258789,79.80000305175781,79.94999694824219,76.07950592041016,0.1637153721556838,-0.26197016728704003,-0.1998291015625
2016-07-26,79.87999725341797,80.72000122070312,79.87999725341797,80.30000305175781,76.4125747680664,-0.1839808358629626,0.43779049775203305,0.33306884765625
2016-07-27,80.73999786376953,80.73999786376953,79.27999877929688,79.72000122070312,75.86064147949219,0.7662491623566714,-0.7223068850244707,-0.5519332885742188
2016-07-28,79.70999908447266,79.98999786376953,78.97000122070312,79.37999725341797,75.53709411621094,0.19234096357890568,-0.42650227703218135,-0.32354736328125
2016-07-29,79.91999816894531,81.5,77.11000061035156,78.18000030517578,74.39519500732422,3.6232228234255492,-1.5117064301281569,-1.1418991088867188
2016-08-01,78.13999938964844,78.13999938964844,77.0,77.33999633789062,73.59586334228516,0.6356885380605131,-1.0744399083305933,-0.7993316650390625
2016-08-02,77.2300033569336,77.2300033569336,75.94000244140625,76.61000061035156,72.90120697021484,1.3618011009910196,-0.9438796428537732,-0.6946563720703125
2016-08-03,76.70999908447266,76.97000122070312,76.25,76.62000274658203,72.91072082519531,0.01360556347293484,0.0130503394605741,0.00951385498046875
2016-08-04,76.73999786376953,77.48999786376953,76.54000091552734,76.77999877929688,73.06297302246094,-0.27753764685593174,0.2088200411989538,0.152252197265625
2016-08-05,77.30000305175781,77.31999969482422,76.44999694824219,76.58999633789062,72.8821792602539,0.04292934005282068,-0.24744922732812258,-0.18079376220703125
2016-08-08,76.70999908447266,77.58999633789062,75.98999786376953,76.16999816894531,72.48250579833984,-0.1853772061762905,-0.5483829736853463,-0.3996734619140625
2016-08-09,76.26000213623047,76.5999984741211,75.72000122070312,75.9800033569336,72.30170440673828,-0.40879645630875405,-0.2494414198435546,-0.1808013916015625
2016-08-10,76.06999969482422,76.33000183105469,75.83999633789062,76.22000122070312,72.53008270263672,-0.5484334876415438,0.31586848162483694,0.2283782958984375
2016-08-11,76.58000183105469,76.86000061035156,75.87000274658203,76.0999984741211,72.41588592529297,-0.12742783817318276,-0.15744746605617088,-0.11419677734375
2016-08-12,75.98999786376953,76.0999984741211,75.3499984741211,75.58000183105469,71.92107391357422,-0.7844200705939584,-0.6832920779692109,-0.49481201171875
2016-08-15,75.87000274658203,76.08000183105469,75.4800033569336,75.5,71.84493255615234,-0.7578890346407283,-0.10586793727993538,-0.076141357421875
2016-08-16,75.58999633789062,75.63999938964844,75.08000183105469,75.16000366210938,71.52140045166016,-0.17839535460965103,-0.450320005853333,-0.3235321044921875
2016-08-17,75.22000122070312,75.81999969482422,75.01000213623047,75.79000091552734,72.12090301513672,-0.22447557494947162,0.8382142403402071,0.5995025634765625
2016-08-18,75.80000305175781,76.83000183105469,75.62000274658203,76.83000183105469,73.11056518554688,0.06527126506606704,1.372226537710497,0.9896621704101562
2016-08-19,76.45999908447266,76.98999786376953,76.23999786376953,76.77999877929688,73.06297302246094,-0.015020027950287052,-0.06509614987266765,-0.0475921630859375
2016-08-22,76.7699966430664,77.22000122070312,76.4000015258789,77.0999984741211,73.36746978759766,-0.4674440094685257,0.41675934134668413,0.30449676513671875
2016-08-23,77.41000366210938,77.93000030517578,77.2699966430664,77.33999633789062,73.59586334228516,0.70411068341358,0.3113008467495293,0.2283935546875
2016-08-24,77.22000122070312,77.73999786376953,77.22000122070312,77.58000183105469,73.82424926757812,-0.17909353976631498,0.31032440536877814,0.22838592529296875
2016-08-25,77.43000030517578,78.54000091552734,77.43000030517578,78.06999969482422,74.29052734375,0.055496672872771755,0.6316055778391227,0.466278076171875
2016-08-26,78.05000305175781,79.06999969482422,78.05000305175781,78.47000122070312,74.671142578125,1.1495528133651791,0.5123334669760116,0.380615234375
2016-08-29,78.5,79.05999755859375,78.5,78.77999877929688,74.96614837646484,-0.3361852000157034,0.3950733685790242,0.29500579833984375
2016-08-30,78.77999877929688,79.12000274658203,78.58999633789062,78.69000244140625,74.88050842285156,-0.08832946940000165,-0.11423816678324261,-0.08563995361328125
2016-08-31,78.54000091552734,78.79000091552734,77.95999908447266,77.9800033569336,74.20487213134766,0.4758041371844688,-0.902285929588742,-0.6756362915039062
2016-09-01,78.12000274658203,78.30000305175781,77.48999786376953,77.97000122070312,74.19536590576172,-0.012227287323631257,-0.0128107835953295,-0.0095062255859375
2016-09-02,78.47000122070312,79.18000030517578,78.0999984741211,79.16000366210938,75.32774353027344,0.28938870035519454,1.5262107150330495,1.1323776245117188
2016-09-06,79.44000244140625,79.80999755859375,78.91999816894531,79.45999908447266,75.61322784423828,0.1797736307589546,0.37898960009350446,0.28548431396484375
2016-09-07,79.18000030517578,80.37000274658203,79.18000030517578,80.29000091552734,76.40303802490234,0.7299435342101461,1.0445396965343967,0.7898101806640625
2016-09-08,80.5199966430664,80.55000305175781,79.16999816894531,79.20999908447266,75.3753433227539,0.486975099691092,-1.3450966463054437,-1.0276947021484375
2016-09-09,78.9000015258789,78.9000015258789,77.43000030517578,77.45999908447266,73.7100601196289,0.8060457162865164,-2.209320886266919,-1.665283203125
2016-09-12,77.0,78.55999755859375,77.0,78.51000213623047,74.70921325683594,-0.20632276087620896,1.3555180060705885,0.9991531372070312
2016-09-13,78.08000183105469,78.37000274658203,77.13999938964844,77.54000091552734,73.78617858886719,0.24610122064202972,-1.2355031297084262,-0.92303466796875
2016-09-14,77.48999786376953,77.76000213623047,77.05999755859375,77.37000274658203,73.62442779541016,-0.4297420110086725,-0.21921557200881292,-0.16175079345703125
2016-09-15,77.30000305175781,77.98999786376953,77.26000213623047,77.9000015258789,74.12875366210938,-0.341770681269015,0.6849980119379095,0.5043258666992188
2016-09-16,77.36000061035156,78.01000213623047,77.36000061035156,77.5999984741211,73.84326934814453,0.6894487951236371,-0.38511953845349334,-0.28548431396484375
2016-09-19,77.9000015258789,78.80000305175781,77.88999938964844,78.61000061035156,74.80438995361328,0.1511480393357327,1.3015683270162448,0.96112060546875
2016-09-20,79.0999984741211,79.41000366210938,78.69999694824219,78.72000122070312,74.9090576171875,0.48488054422110016,0.1399218196139529,0.10466766357421875
2016-09-21,78.80999755859375,78.80999755859375,77.83999633789062,78.41999816894531,74.62357330322266,1.40788132133084,-0.3811078700572845,-0.28548431396484375
2016-09-22,79.05999755859375,79.51000213623047,78.36000061035156,79.45999908447266,75.61322784423828,0.48627691453442806,1.3261955937091008,0.989654541015625
2016-09-23,79.16999816894531,79.48999786376953,78.61000061035156,78.79000091552734,74.97565460205078,-0.38017086488553214,-0.843203312918861,-0.6375732421875
2016-09-26,78.69000244140625,78.97000122070312,78.02999877929688,78.05999755859375,74.28099822998047,0.540735356754216,-0.9265092459110225,-0.6946563720703125
2016-09-27,77.36000061035156,78.13999938964844,77.36000061035156,77.73999786376953,73.97650909423828,2.931321333171576,-0.40991524481061026,-0.3044891357421875
2016-09-28,78.36000061035156,78.6500015258789,77.61000061035156,78.61000061035156,74.80438995361328,0.002434600966311663,1.1191131745894811,0.827880859375
2016-09-29,78.27999877929688,78.56999969482422,77.08000183105469,77.20999908447266,73.47216033935547,-0.25100661090270165,-1.780951111403939,-1.3322296142578125
2016-09-30,77.36000061035156,77.91999816894531,76.97000122070312,77.41000366210938,73.6624755859375,1.366688397087667,0.25903042145896116,0.19031524658203125
2016-10-03,77.06999969482422,77.44000244140625,76.5999984741211,77.36000061035156,73.6148910522461,0.6280085013372096,-0.0645980647716482,-0.04758453369140625
2016-10-04,77.23999786376953,77.68000030517578,76.0,76.0999984741211,72.41588592529297,0.21747562921880784,-1.6287535168695189,-1.199005126953125
2016-10-05,76.45999908447266,76.58999633789062,75.93000030517578,76.11000061035156,72.42539978027344,-0.15535524443974072,0.013137800993390236,0.00951385498046875
2016-10-06,76.0999984741211,76.66999816894531,75.76000213623047,76.63999938964844,72.92973327636719,-0.40530553052543433,0.6963489295520819,0.50433349609375
2016-10-07,76.66000366210938,76.66999816894531,75.19000244140625,75.63999938964844,71.97816467285156,0.4744077668711409,-1.3047745559546464,-0.951568603515625
2016-10-10,76.04000091552734,76.5199966430664,75.68000030517578,75.94999694824219,72.27314758300781,-0.6643322236477592,0.40982277263803546,0.29498291015625
2016-10-11,75.62000274658203,75.72000122070312,74.55000305175781,75.06999969482422,71.43576049804688,-0.41089101177874593,-1.15864205858639,-0.8373870849609375
2016-10-12,75.55999755859375,75.80999755859375,75.11000061035156,75.66000366210938,71.99720001220703,-0.4932768602650918,0.7859362177232043,0.5614395141601562
2016-10-13,74.77999877929688,76.19999694824219,74.58000183105469,75.58999633789062,71.93058013916016,-0.002452695130335977,-0.0925311998738576,-0.066619873046875
2016-10-14,75.62000274658203,76.31999969482422,75.56999969482422,76.02999877929688,72.34928894042969,-0.2426283890227343,0.58210124325353,0.41870880126953125
2016-10-17,76.0199966430664,76.47000122070312,76.01000213623047,76.19999694824219,72.51105499267578,-0.912187954263461,0.2235903830088537,0.16176605224609375
2016-10-18,76.77999877929688,77.0,75.9800033569336,76.38999938964844,72.69186401367188,-0.6887687041309974,0.24935373097847435,0.18080902099609375
2016-10-19,76.27999877929688,76.77999877929688,76.04000091552734,76.4800033569336,72.77749633789062,-0.7934964776305897,0.11780179994096418,0.08563232421875
2016-10-20,76.12000274658203,76.80000305175781,75.38999938964844,75.97000122070312,72.29218292236328,0.054100302559443855,-0.6668454397965706,-0.48531341552734375
2016-10-21,76.2300033569336,77.41000366210938,75.87000274658203,77.16000366210938,73.42457580566406,-0.19026450227293815,1.5664112460359592,1.1323928833007812
2016-10-24,78.0999984741211,78.0999984741211,76.55000305175781,77.0,73.2723159790039,-0.42415652975536094,-0.2073690245935511,-0.15225982666015625
2016-10-25,77.0,77.13999938964844,76.19000244140625,77.0,73.2723159790039,-0.17141350304301153,0.0,0.0
2016-10-26,76.81999969482422,77.19000244140625,76.19999694824219,76.2699966430664,72.57766723632812,-0.22587194526279952,-0.9480371043203206,-0.6946487426757812
2016-10-27,76.38999938964844,76.38999938964844,75.61000061035156,76.27999877929688,72.5871810913086,-0.25798846246934115,0.013108515804849397,0.00951385498046875
2016-10-28,75.11000061035156,75.98999786376953,72.58000183105469,73.0199966430664,69.4850082397461,1.7674466770127737,-4.273719966698009,-3.1021728515625
2016-10-31,72.93000030517578,73.88999938964844,70.87999725341797,71.44000244140625,68.28073120117188,3.024878144164545,-1.733146572306743,-1.2042770385742188
2016-11-01,71.80999755859375,71.8499984741211,70.31999969482422,70.62000274658203,67.49698638916016,0.9317190444860273,-1.147827210143093,-0.7837448120117188
2016-11-02,70.58000183105469,71.54000091552734,70.43000030517578,70.91999816894531,67.78370666503906,0.3899273629148031,0.4247897442795301,0.28672027587890625
2016-11-03,70.8499984741211,71.45999908447266,70.63999938964844,70.87000274658203,67.73591613769531,0.04781663614946832,-0.0705044467100513,-0.04779052734375
2016-11-04,71.11000061035156,71.9000015258789,70.9800033569336,71.41000366210938,68.25204467773438,0.16720629793900352,0.7619717418302363,0.5161285400390625
2016-11-07,72.56999969482422,74.3499984741211,72.29000091552734,74.33000183105469,71.04292297363281,1.723461012142945,4.089076465146402,2.7908782958984375
2016-11-08,74.27999877929688,76.06999969482422,74.05000305175781,75.73999786376953,72.39056396484375,2.060684442811632,1.8969391106150146,1.3476409912109375
2016-11-09,74.91000366210938,76.06999969482422,74.52999877929688,75.11000061035156,71.7884292602539,0.7089979795102276,-0.8317861771076518,-0.6021347045898438
2016-11-10,75.5999984741211,75.5999984741211,71.2699966430664,71.43000030517578,68.27116394042969,2.9641360355347817,-4.899487781064426,-3.5172653198242188
2016-11-11,71.36000061035156,72.12999725341797,70.75,71.8499984741211,68.67259216308594,0.7355290154634577,0.5879908873481554,0.40142822265625
2016-11-14,72.29000091552734,73.54000091552734,72.29000091552734,73.51000213623047,70.25917053222656,0.6733905365203663,2.310351654372922,1.586578369140625
2016-11-15,73.4800033569336,73.80000305175781,72.98999786376953,73.37999725341797,70.13492584228516,-0.14976976318642912,-0.17683768396385968,-0.12424468994140625
2016-11-16,73.62999725341797,73.72000122070312,72.91000366210938,73.56999969482422,70.31652069091797,-0.04574017484350079,0.2589221367983896,0.1815948486328125
2016-11-17,73.58000183105469,74.26000213623047,72.80000305175781,73.58000183105469,70.3260726928711,-0.028285545926902075,0.01358429265165828,0.009552001953125
2016-11-18,73.41999816894531,73.76000213623047,72.87000274658203,73.6500015258789,70.39297485351562,0.12740974400915847,0.0951313760071626,0.06690216064453125
2016-11-21,73.69999694824219,74.26000213623047,73.33999633789062,74.23999786376953,70.95689392089844,-0.2028318350928892,0.8011013436444392,0.5639190673828125
2016-11-22,74.5999984741211,75.6500015258789,73.95999908447266,75.48999786376953,72.15160369873047,1.681569902743108,1.6837120564548336,1.1947097778320312
2016-11-23,75.16999816894531,76.25,75.16999816894531,76.05000305175781,72.6868667602539,-0.12393691238986303,0.7418588556374006,0.5352630615234375
2016-11-25,76.04000091552734,76.66000366210938,75.75,76.06999969482422,72.70596313476562,-0.614062892367955,0.026272111266956166,0.01909637451171875
2016-11-28,76.0999984741211,77.27999877929688,76.0199966430664,76.47000122070312,73.08827209472656,0.9435881921493143,0.5258288914381071,0.3823089599609375
2016-11-29,76.55000305175781,76.86000061035156,74.80000305175781,75.68000030517578,72.33321380615234,0.8095366420698362,-1.0330772187302828,-0.7550582885742188
2016-11-30,76.0199966430664,76.05000305175781,73.16999816894531,73.18000030517578,69.94376373291016,0.7767219397066306,-3.3033926567202387,-2.3894500732421875
2016-12-01,73.19999694824219,74.33999633789062,72.45999908447266,74.08000183105469,70.80397033691406,1.7869958613993642,1.2298546118975295,0.8602066040039062
2016-12-02,74.05000305175781,74.55000305175781,73.5999984741211,74.3499984741211,71.06204223632812,1.232636847008189,0.3644878926789774,0.2580718994140625
2016-12-05,74.83999633789062,75.12999725341797,73.16000366210938,73.37999725341797,70.13492584228516,0.9736101538858641,-1.30465768343625,-0.9271163940429688
2016-12-06,73.30999755859375,73.86000061035156,73.0999984741211,73.80000305175781,70.53636932373047,1.0134067078157092,0.5723874041701382,0.4014434814453125
2016-12-07,71.83999633789062,73.91999816894531,71.83999633789062,73.4800033569336,70.23051452636719,2.567566866549659,-0.43361290111140205,-0.30585479736328125
2016-12-08,73.48999786376953,74.58999633789062,73.48999786376953,74.19999694824219,70.91866302490234,1.3736702486543066,0.9798425985855452,0.6881484985351562
2016-12-09,74.61000061035156,75.18000030517578,74.27999877929688,74.75,71.44434356689453,1.2403168837314924,0.7412442925039286,0.5256805419921875
2016-12-12,74.8499984741211,75.1500015258789,74.1500015258789,74.61000061035156,71.31053161621094,0.4555567676412143,-0.18729537427732978,-0.13381195068359375
2016-12-13,74.9000015258789,75.5999984741211,74.30999755859375,74.37000274658203,71.0811538696289,0.41296747308471343,-0.32166040749286307,-0.22937774658203125
2016-12-14,74.56999969482422,74.97000122070312,72.95999908447266,73.05000305175781,69.81952667236328,0.9240390077627239,-1.7749109694808807,-1.261627197265625
2016-12-15,73.31999969482422,73.72000122070312,72.83000183105469,72.95999908447266,69.73351287841797,0.9393990812093307,-0.12319446728554784,-0.0860137939453125
2016-12-16,73.22000122070312,73.4000015258789,72.7300033569336,72.93000030517578,69.70481872558594,3.171497027063974,-0.04114829677670517,-0.02869415283203125
2016-12-19,73.19000244140625,74.02999877929688,72.77999877929688,73.80000305175781,70.53636932373047,0.4813896184377804,1.1929599894925147,0.8315505981445312
2016-12-20,73.6500015258789,74.05999755859375,73.4000015258789,73.9800033569336,70.7083969116211,0.4038910660480821,0.24388494834641783,0.172027587890625
2016-12-21,73.87000274658203,74.16000366210938,73.33999633789062,73.36000061035156,70.11580657958984,0.48208780359444436,-0.838076321786696,-0.59259033203125
2016-12-22,73.5,73.5,72.58000183105469,73.0199966430664,69.79085540771484,0.5602845411408066,-0.46344923880486943,-0.324951171875
2016-12-23,72.86000061035156,73.93000030517578,72.86000061035156,73.61000061035156,70.3547592163086,-0.3494507179923184,0.8079909685867248,0.56390380859375
2016-12-27,73.80999755859375,74.56999969482422,73.44999694824219,74.16999816894531,70.8899917602539,-0.06808209985674714,0.7607623846735301,0.5352325439453125
2016-12-28,74.05000305175781,74.69000244140625,73.56999969482422,73.72000122070312,70.45990753173828,-0.1434860967764536,-0.606692450988211,-0.430084228515625
2016-12-29,73.63999938964844,74.12000274658203,73.31999969482422,73.69000244140625,70.43122100830078,-0.5037496376150511,-0.04071325728688402,-0.0286865234375
2016-12-30,73.7300033569336,74.0199966430664,73.25,73.44999694824219,70.20182800292969,0.20002100030220912,-0.32569789659625537,-0.22939300537109375
2017-01-03,74.26000213623047,74.26000213623047,72.3499984741211,73.0199966430664,69.79085540771484,0.8709769358562637,-0.5854158031293633,-0.41097259521484375
2017-01-04,72.91999816894531,74.72000122070312,72.91999816894531,74.2300033569336,70.94734191894531,1.4469796901040213,1.6570745615228866,1.1564865112304688
2017-01-05,73.72000122070312,74.41000366210938,73.2300033569336,73.47000122070312,70.22095489501953,1.0113121523457174,-1.0238396594979604,-0.7263870239257812
2017-01-06,73.52999877929688,73.97000122070312,73.06999969482422,73.5,70.24962615966797,0.4974478770410512,0.04083006944479717,0.0286712646484375
2017-01-09,73.5,74.41000366210938,73.08000183105469,73.68000030517578,70.42166900634766,1.1348909250752364,0.24490215263019977,0.1720428466796875
2017-01-10,73.33000183105469,73.58999633789062,72.80000305175781,72.81999969482422,69.59969329833984,-0.3494507179923184,-1.1672198623036367,-0.8219757080078125
2017-01-11,73.02999877929688,73.36000061035156,72.77999877929688,73.04000091552734,69.80995178222656,-0.12882420848651066,0.3020968540557334,0.21025848388671875
2017-01-12,73.1500015258789,73.76000213623047,72.36000061035156,73.33000183105469,70.08714294433594,-0.19026450227293815,0.3970653968850657,0.277191162109375
2017-01-13,73.30999755859375,73.81999969482422,73.02999877929688,73.5,70.24962615966797,-0.15814798506639652,0.23183027372235543,0.16248321533203125
2017-01-17,72.87999725341797,73.83000183105469,72.86000061035156,73.33999633789062,70.09671020507812,0.4094765473013937,-0.21767511508500315,-0.15291595458984375
2017-01-18,73.41999816894531,73.80000305175781,73.0199966430664,73.4800033569336,70.23051452636719,0.3452435128883104,0.1908853081658224,0.1338043212890625
2017-01-19,73.63999938964844,73.69000244140625,72.45999908447266,72.7300033569336,69.513671875,1.13908003601522,-1.0206997004102214,-0.7168426513671875
2017-01-20,72.37000274658203,72.51000213623047,71.55000305175781,71.63999938964844,68.47187042236328,0.9477773030892981,-1.4987000751594537,-1.0418014526367188
2017-01-23,71.87999725341797,72.52999877929688,71.44000244140625,72.44999694824219,69.24604797363281,1.2082003665249508,1.130650508733111,0.7741775512695312
2017-01-24,72.79000091552734,73.8499984741211,72.79000091552734,73.54000091552734,70.2878646850586,0.3801527707215078,1.5045143252398807,1.0418167114257812
2017-01-25,73.36000061035156,73.94000244140625,73.13999938964844,73.43000030517578,70.18273162841797,0.3871346222881473,-0.14957497586773894,-0.105133056640625
2017-01-26,73.38999938964844,73.68000030517578,72.45999908447266,73.31999969482422,70.07758331298828,0.44648036060458296,-0.14982077925720372,-0.1051483154296875
2017-01-27,73.4000015258789,73.48999786376953,72.91000366210938,73.44000244140625,70.1922836303711,0.7599654959466959,0.16367618853310173,0.1147003173828125
2017-01-30,73.06999969482422,73.44000244140625,72.0999984741211,72.73999786376953,69.82749938964844,0.9107734897861087,-0.5196927950707364,-0.36478424072265625
2017-01-31,72.87000274658203,73.30999755859375,72.29000091552734,72.97000122070312,70.04828643798828,3.1966316927038765,0.31618925247174356,0.22078704833984375
2017-02-01,73.29000091552734,74.05000305175781,73.05000305175781,73.94000244140625,70.97944641113281,1.6431697191265908,1.3293115656281662,0.9311599731445312
2017-02-02,73.80000305175781,73.80000305175781,73.01000213623047,73.33000183105469,70.39386749267578,0.7969693092498852,-0.8249978663755653,-0.5855789184570312
2017-02-03,73.7699966430664,74.12999725341797,73.5,73.77999877929688,70.82585906982422,0.4653313598345096,0.6136778565169587,0.4319915771484375
2017-02-06,73.52999877929688,74.0199966430664,73.12000274658203,73.3499984741211,70.41307067871094,0.29986147770515376,-0.5828215803303283,-0.41278839111328125
2017-02-07,73.33999633789062,73.47000122070312,72.6500015258789,72.7300033569336,69.81788635253906,1.042032299238931,-0.8452753450955863,-0.595184326171875
2017-02-08,72.62000274658203,73.69999694824219,72.44000244140625,73.55000305175781,70.60504913330078,1.2968698814212722,1.1274514624905807,0.7871627807617188
2017-02-09,73.37000274658203,73.94000244140625,73.16000366210938,73.56999969482422,70.6242446899414,1.5810312401834994,0.027187229350111863,0.019195556640625
2017-02-13,75.22000122070312,75.44000244140625,74.36000061035156,74.43000030517578,71.4498062133789,1.5949949433167785,1.1689491718628986,0.8255615234375
2017-02-14,74.4000015258789,74.4000015258789,73.72000122070312,73.83000183105469,70.87384033203125,1.5391401307836625,-0.8061125871042685,-0.5759658813476562
2017-02-15,73.83000183105469,73.91999816894531,72.86000061035156,73.19999694824219,70.2690658569336,2.173092253034528,-0.8533112813760235,-0.6047744750976562
2017-02-16,73.4000015258789,74.2300033569336,73.4000015258789,74.19999694824219,71.2290267944336,0.3871346222881473,1.3661216721657654,0.9599609375
2017-02-17,74.41999816894531,74.55000305175781,73.47000122070312,73.9000015258789,70.94104766845703,0.7473981631267448,-0.4043002395746176,-0.2879791259765625
2017-02-21,73.91000366210938,74.66000366210938,73.86000061035156,74.58999633789062,71.60340881347656,-0.16024254053638837,0.9336782677852096,0.6623611450195312
2017-02-22,74.33999633789062,74.80999755859375,73.94000244140625,74.26000213623047,71.2866439819336,-0.04923110062682053,-0.4423879208993009,-0.31676483154296875
2017-02-23,74.47000122070312,74.55999755859375,74.04000091552734,74.12000274658203,71.1522216796875,0.27263225659525975,-0.18856590061969714,-0.13442230224609375
2017-02-24,73.77999877929688,74.48999786376953,73.63999938964844,74.36000061035156,71.38262176513672,0.14556255808242113,0.3238129182900673,0.23040008544921875
2017-02-27,74.0999984741211,75.0199966430664,74.0999984741211,74.4800033569336,71.49781799316406,0.28101047847522714,0.16137853328834773,0.11519622802734375
2017-02-28,74.2699966430664,74.6500015258789,73.94999694824219,74.51000213623047,71.526611328125,1.247298735298132,0.040271627539301136,0.0287933349609375
2017-03-01,75.20999908447266,76.16999816894531,74.91999816894531,76.05999755859375,73.01455688476562,1.1132471852186538,2.0802684889051237,1.487945556640625
2017-03-02,75.69000244140625,76.06999969482422,75.45999908447266,75.80999755859375,72.7745590209961,0.8109330123831642,-0.32869865135017884,-0.23999786376953125
2017-03-03,75.52999877929688,76.23999786376953,75.52999877929688,76.04000091552734,72.99535369873047,0.6063647614806272,0.3033954182679155,0.220794677734375
2017-03-06,75.47000122070312,76.08999633789062,75.47000122070312,75.6500015258789,72.62097930908203,0.6321976122771933,-0.5128742730579394,-0.3743743896484375
2017-03-07,75.54000091552734,75.94000244140625,75.18000030517578,75.47000122070312,72.44816589355469,1.6836644582131,-0.23796624222297558,-0.17281341552734375
2017-03-08,75.27999877929688,76.05999755859375,75.27999877929688,75.94000244140625,72.89936065673828,1.5642747964235646,0.6227828649886247,0.45119476318359375
2017-03-09,75.87999725341797,76.4800033569336,75.58999633789062,75.8499984741211,72.81295776367188,0.9051880085327972,-0.1185235265275586,-0.08640289306640625
2017-03-10,76.12000274658203,77.0,75.80000305175781,76.79000091552734,73.71532440185547,1.5628784261102369,1.2392940293846966,0.9023666381835938
2017-03-13,76.80000305175781,77.0,76.16000366210938,76.75,73.67692565917969,0.07225311663270652,-0.05209058358944807,-0.03839874267578125
2017-03-14,75.62999725341797,77.0199966430664,75.3499984741211,76.52999877929688,73.4657211303711,0.3794545855648439,-0.28666305891426047,-0.21120452880859375
2017-03-15,76.91999816894531,77.69000244140625,76.83000183105469,77.23999786376953,74.14730834960938,0.09808596742927261,0.9277622389750384,0.6815872192382812
2017-03-16,77.30000305175781,77.52999877929688,76.69000244140625,76.9800033569336,73.89772033691406,-0.17699898429632313,-0.3366110223698038,-0.2495880126953125
2017-03-17,76.9000015258789,77.23999786376953,76.58999633789062,77.08000183105469,73.99372100830078,1.3513283236410603,0.12991019337136311,0.09600067138671875
2017-03-20,77.16999816894531,77.87000274658203,76.75,77.83999633789062,74.72328186035156,0.24959214642534946,0.9859767046570544,0.7295608520507812
2017-03-21,77.72000122070312,77.83000183105469,76.62999725341797,76.7699966430664,73.69611358642578,0.7662491623566714,-1.374629497464297,-1.0271682739257812
2017-03-22,76.66000366210938,77.08000183105469,76.51000213623047,76.8499984741211,73.77293395996094,-0.5686808571847983,0.10423938223698137,0.07682037353515625
2017-03-23,76.83000183105469,77.73999786376953,76.31999969482422,77.16000366210938,74.07051849365234,-0.5246951923149695,0.40337901411500177,0.29758453369140625
2017-03-24,77.19000244140625,77.6500015258789,76.33000183105469,76.62000274658203,73.55213165283203,-0.39972004927212273,-0.6998558284221246,-0.5183868408203125
2017-03-27,75.80999755859375,76.76000213623047,75.80999755859375,76.62000274658203,73.55213165283203,0.3117306253684409,0.0,0.0
2017-03-28,76.41000366210938,77.27999877929688,76.33000183105469,77.06999969482422,73.9841079711914,0.1825663713856104,0.5873063209076212,0.431976318359375
2017-03-29,77.11000061035156,77.11000061035156,76.48999786376953,77.04000091552734,73.95531463623047,-0.5742663384381099,-0.03891827008598581,-0.0287933349609375
2017-03-30,76.98999786376953,77.37999725341797,76.55999755859375,76.86000061035156,73.78252410888672,-0.4869931938551163,-0.2336417986910977,-0.17279052734375
2017-03-31,76.9000015258789,77.27999877929688,76.41999816894531,76.98999786376953,73.9073257446289,-0.10019861706328878,0.16914796186426884,0.1248016357421875
2017-04-03,76.94000244140625,77.45999908447266,76.20999908447266,76.44999694824219,73.3889389038086,1.4895689846605222,-0.7014011609775883,-0.5183868408203125
2017-04-04,76.5,76.9000015258789,75.94999694824219,76.73999786376953,73.66732025146484,0.7480963482834088,0.3793233037762356,0.27838134765625
2017-04-05,77.04000091552734,77.04000091552734,76.0199966430664,76.08000183105469,73.03376007080078,1.125814518038605,-0.8600288139997359,-0.6335601806640625
2017-04-06,75.94000244140625,76.54000091552734,75.48999786376953,76.52999877929688,73.4657211303711,0.5735500591174216,0.5914539510927019,0.4319610595703125
2017-04-07,76.48999786376953,76.79000091552734,76.0199966430664,76.16000366210938,73.11056518554688,0.022681970509566173,-0.4834308291808198,-0.35515594482421875
2017-04-10,75.94000244140625,76.94999694824219,75.91999816894531,76.88999938964844,73.81131744384766,0.21328651827882414,0.9584828902940989,0.7007522583007812
2017-04-11,76.5999984741211,76.97000122070312,76.41999816894531,76.91999816894531,73.84011840820312,0.364094512118237,0.03901971317255004,0.02880096435546875
2017-04-12,76.88999938964844,76.91999816894531,76.04000091552734,76.2300033569336,73.17774963378906,0.17628270497563486,-0.8970310295987827,-0.6623687744140625
2017-04-13,76.05000305175781,76.58999633789062,75.76000213623047,75.80000305175781,72.76497650146484,-0.3264106078224081,-0.5640691800306796,-0.41277313232421875
2017-04-17,76.02999877929688,77.30000305175781,75.87999725341797,77.2699966430664,74.17610931396484,0.062478524439411244,1.9393022307532704,1.4111328125
2017-04-18,77.04000091552734,77.68000030517578,76.94000244140625,77.56999969482422,74.464111328125,-0.10299135768994458,0.38826788951835667,0.28800201416015625
2017-04-19,77.87000274658203,77.93000030517578,77.51000213623047,77.55000305175781,74.44490051269531,0.3717745488415405,-0.025798757397421657,-0.0192108154296875
2017-04-20,76.94999694824219,78.31999969482422,76.94999694824219,77.81999969482422,74.70409393310547,0.9966502640557745,0.3481681332436759,0.25919342041015625
2017-04-21,78.18000030517578,78.63999938964844,77.0999984741211,77.98999786376953,74.86725616455078,-0.1839808358629626,0.21841136523443883,0.1631622314453125
2017-04-24,78.97000122070312,78.97000122070312,77.72000122070312,78.30000305175781,75.16487121582031,0.2733304417519237,0.3975236525503245,0.29761505126953125
2017-04-25,78.3499984741211,79.16999816894531,77.62000274658203,78.7300033569336,75.5776596069336,0.5512081341041752,0.5491772744851131,0.41278839111328125
2017-04-26,78.91999816894531,79.5,78.69000244140625,79.33999633789062,76.16321563720703,0.9177553413527483,0.7747739653739094,0.5855560302734375
2017-04-27,79.19999694824219,79.5999984741211,78.43000030517578,78.79000091552734,75.63524627685547,0.18186818622894646,-0.6932078115851503,-0.5279693603515625
2017-04-28,80.0,80.52999877929688,78.76000213623047,80.30000305175781,77.08478546142578,2.975306998041405,1.9164863683585054,1.4495391845703125
2017-05-02,79.3499984741211,80.68000030517578,78.88999938964844,80.19999694824219,77.29681396484375,1.6655116441398372,0.27505882276090965,0.21202850341796875
2017-05-03,79.88999938964844,80.66000366210938,79.5,80.44999694824219,77.53775787353516,1.207502181368287,0.3117126002127213,0.24094390869140625
2017-05-04,80.5,81.72000122070312,80.5,81.38999938964844,78.44373321533203,1.9357092997687853,1.1684311832623973,0.905975341796875
2017-05-05,81.4000015258789,82.16999816894531,81.31999969482422,81.91000366210938,78.94493865966797,1.409277691644168,0.6389362461372228,0.5012054443359375
2017-05-08,82.08000183105469,82.61000061035156,81.72000122070312,82.51000213623047,79.52320861816406,1.1348909250752364,0.7324978248308245,0.5782699584960938
2017-05-09,82.61000061035156,82.94000244140625,82.11000061035156,82.4800033569336,79.49430084228516,0.6356885380605131,-0.036351370098397506,-0.02890777587890625
2017-05-10,82.25,83.04000091552734,82.25,82.87000274658203,79.87016296386719,0.6740887216770302,0.472816437907575,0.37586212158203125
2017-05-11,82.48999786376953,82.91999816894531,81.81999969482422,82.52999877929688,79.54248046875,0.6978270170036045,-0.41026897023539455,-0.3276824951171875
2017-05-12,82.44999694824219,82.81999969482422,82.23999786376953,82.43000030517578,79.44609069824219,0.11204967056255159,-0.12118024223003454,-0.0963897705078125
2017-05-15,82.43000030517578,82.9800033569336,82.19000244140625,82.62999725341797,79.63886260986328,0.002434600966311663,0.24264493057726266,0.19277191162109375
2017-05-16,82.58000183105469,82.80000305175781,82.2300033569336,82.79000091552734,79.7930679321289,-0.00594362091365572,0.19363074410172487,0.154205322265625
2017-05-17,82.79000091552734,82.79000091552734,81.8499984741211,82.27999877929688,79.30152893066406,0.3808509558781718,-0.6160171731746655,-0.49153900146484375
2017-05-18,82.25,82.4000015258789,81.12000274658203,82.13999938964844,79.16658020019531,0.7969693092498852,-0.17017166287769392,-0.13494873046875
2017-05-19,82.19000244140625,82.51000213623047,81.81999969482422,82.36000061035156,79.37863159179688,0.84025678896305,0.26785468194447937,0.2120513916015625
2017-05-22,82.25,82.9800033569336,82.05000305175781,82.83999633789062,79.84125518798828,0.18815185263892198,0.582806212344944,0.46262359619140625
2017-05-23,83.0,83.66000366210938,82.97000122070312,83.19000244140625,80.17859649658203,-0.052023841253476324,0.4225150366179431,0.33734130859375
2017-05-24,83.19000244140625,83.5199966430664,82.80000305175781,83.38999938964844,80.37134552001953,-0.16862076241635574,0.24039959772270691,0.1927490234375
2017-05-25,83.62000274658203,84.27999877929688,83.26000213623047,84.1500015258789,81.10384368896484,-0.058307507663451864,0.9113921935808067,0.7324981689453125
2017-05-26,84.1500015258789,84.62999725341797,84.05999755859375,84.37000274658203,81.31587219238281,-0.3717926430055648,0.2614284277710821,0.21202850341796875
2017-05-30,84.12999725341797,84.63999938964844,83.80000305175781,84.54000091552734,81.47969818115234,0.08970774554930523,0.20146864855847824,0.16382598876953125
2017-05-31,85.18000030517578,85.18000030517578,84.41999816894531,85.01000213623047,81.93270111083984,0.5156006911143138,0.5559703089232704,0.4530029296875
2017-06-01,85.25,86.30999755859375,85.01000213623047,86.26000213623047,83.13745880126953,0.42623299106132845,1.47042349891513,1.2047576904296875
2017-06-02,86.4000015258789,86.7300033569336,85.7300033569336,86.33000183105469,83.20491027832031,-0.28521768357923516,0.08113247388523703,0.06745147705078125
2017-06-05,86.0999984741211,87.08999633789062,85.77999877929688,85.8499984741211,82.74230194091797,0.18186818622894646,-0.5559868231993947,-0.46260833740234375
2017-06-06,85.83000183105469,85.83000183105469,85.05999755859375,85.4800033569336,82.38568878173828,0.9149626007260925,-0.4309925525571301,-0.3566131591796875
2017-06-07,85.11000061035156,85.91999816894531,85.05999755859375,85.69000244140625,82.58808898925781,1.0825270383254402,0.24567398842261223,0.20240020751953125
2017-06-08,85.77999877929688,85.98999786376953,84.86000061035156,85.25,82.16402435302734,-0.1853772061762905,-0.5134694862422906,-0.42406463623046875
2017-06-09,85.30000305175781,85.80000305175781,85.18000030517578,85.6500015258789,82.54954528808594,-0.15186431865642097,0.4692089245801334,0.38552093505859375
2017-06-12,85.23999786376953,85.9800033569336,84.87000274658203,85.44000244140625,82.34713745117188,0.19164277842224173,-0.24519558067545022,-0.2024078369140625
2017-06-13,85.86000061035156,86.18000030517578,85.4800033569336,86.18000030517578,83.06035614013672,-0.23075924135944717,0.8661123034030771,0.7132186889648438
2017-06-14,86.04000091552734,86.7699966430664,86.04000091552734,86.25,83.1278305053711,0.005227341592967457,0.0812353430323931,0.067474365234375
2017-06-15,85.5199966430664,86.29000091552734,84.9000015258789,86.2300033569336,83.10855102539062,-0.08064943267669822,-0.023192569640351213,-0.01927947998046875
2017-06-16,86.0,86.36000061035156,85.44999694824219,85.94999694824219,82.83866882324219,1.666209829296501,-0.3247345776320687,-0.2698822021484375
2017-06-19,86.31999969482422,86.87000274658203,85.93000030517578,86.75,83.60971069335938,-0.31384327500245707,0.930775302247322,0.7710418701171875
2017-06-20,86.94999694824219,87.18000030517578,86.6500015258789,86.88999938964844,83.74465942382812,0.20002100030220912,0.16140317835051654,0.13494873046875
2017-06-21,86.91999816894531,87.94000244140625,86.55000305175781,87.0,83.85065460205078,-0.17979172492297893,0.12656947792482054,0.10599517822265625
2017-06-22,86.95999908447266,87.36000061035156,86.41000366210938,86.81999969482422,83.67716979980469,-0.31663601562911287,-0.20689737375270134,-0.17348480224609375
2017-06-23,86.83000183105469,87.68000030517578,86.33000183105469,86.80000305175781,83.65789031982422,1.8344724520525129,-0.023040310787991736,-0.01927947998046875
2017-06-26,86.97000122070312,87.58999633789062,86.61000061035156,87.13999938964844,83.98560333251953,0.6664086849537267,0.39172995092568996,0.3277130126953125
2017-06-27,87.0,87.51000213623047,86.33999633789062,86.37000274658203,83.24346923828125,-0.165129836633036,-0.8836444161745116,-0.7421340942382812
2017-06-28,86.95999908447266,87.37000274658203,86.2699966430664,86.93000030517578,83.78319549560547,-0.2928977203025386,0.6483706917347121,0.5397262573242188
2017-06-29,86.87000274658203,87.12999725341797,85.77999877929688,86.48999786376953,83.35911560058594,-0.10787865378659221,-0.5061634287293004,-0.42407989501953125
2017-06-30,86.93000030517578,87.33000183105469,86.7699966430664,86.86000061035156,83.71573638916016,0.18815185263892198,0.4278125865477822,0.35662078857421875
2017-07-03,87.20999908447266,87.66999816894531,86.88999938964844,87.08000183105469,83.92778015136719,-0.6475757798878244,0.2532902072572396,0.21204376220703125
2017-07-05,86.94999694824219,87.5,86.44000244140625,87.29000091552734,84.13017272949219,0.2258538510987752,0.24115087728995288,0.202392578125
2017-07-06,86.83000183105469,87.73999786376953,86.69000244140625,87.30999755859375,84.1494369506836,1.2731315860946981,0.022898112016656036,0.01926422119140625
2017-07-07,87.69000244140625,88.55000305175781,87.13999938964844,88.08999633789062,84.90121459960938,0.23493025813540655,0.8933840512401314,0.7517776489257812
2017-07-10,87.94999694824219,89.06999969482422,87.4800033569336,88.30000305175781,85.10360717773438,0.24051573938871812,0.23838596312135696,0.202392578125
2017-07-11,88.19000244140625,88.58000183105469,87.75,88.16999816894531,84.97830963134766,-0.2153991679128403,-0.14722941898930308,-0.12529754638671875
2017-07-12,88.86000061035156,89.31999969482422,88.43000030517578,88.9800033569336,85.75899505615234,-0.4828040829151326,0.918687872459989,0.7806854248046875
2017-07-13,89.06999969482422,89.2699966430664,87.79000091552734,88.62999725341797,85.4216537475586,0.46812410046116537,-0.3933596800812178,-0.33734130859375
2017-07-14,89.12000274658203,89.97000122070312,88.91999816894531,89.43000030517578,86.19271087646484,0.6587286482304233,0.9026483275363706,0.77105712890625
2017-07-17,89.5,89.97000122070312,89.2300033569336,89.79000091552734,86.53966522216797,0.6126484278906027,0.402533279409667,0.346954345703125
2017-07-18,89.4000015258789,90.41000366210938,89.08000183105469,89.73999786376953,86.4914779663086,0.46742591530450145,-0.0556822767174614,-0.048187255859375
2017-07-19,90.31999969482422,90.79000091552734,89.68000030517578,90.08999633789062,86.82881164550781,1.2829061782879934,0.3900195569910725,0.33733367919921875
2017-07-20,90.2699966430664,90.4800033569336,89.52999877929688,89.69999694824219,86.45291900634766,0.7788164951766225,-0.43291233870019763,-0.37589263916015625
2017-07-21,89.98999786376953,89.98999786376953,89.0,89.51000213623047,86.26981353759766,0.41855295433802503,-0.21179790208882832,-0.18310546875
2017-07-24,88.94000244140625,89.58999633789062,88.58999633789062,89.45999908447266,86.53096771240234,1.247298735298132,0.30271790803264587,0.2611541748046875
2017-07-25,89.95999908447266,89.95999908447266,88.5199966430664,88.69000244140625,85.78617858886719,2.6904474541225136,-0.8607197437229264,-0.7447891235351562
2017-07-26,88.77999877929688,88.97000122070312,87.98999786376953,88.05999755859375,85.17679595947266,0.7418126818734332,-0.7103505942548383,-0.6093826293945312
2017-07-27,88.5,88.5,87.26000213623047,88.0,85.11876678466797,0.8193112342631315,-0.06812791459342993,-0.0580291748046875
2017-08-01,81.0,82.79000091552734,80.9800033569336,82.51000213623047,79.80852508544922,1.7583702699761423,-6.2386262158291235,-5.31024169921875
2017-08-02,82.54000091552734,82.75,81.2300033569336,82.25,79.55703735351562,0.9568537101259293,-0.315113869933481,-0.25148773193359375
2017-08-03,82.30000305175781,82.41999816894531,81.81999969482422,82.25,79.55703735351562,0.771834643609983,0.0,0.0
2017-08-04,82.5,82.77999877929688,82.16999816894531,82.36000061035156,79.6634292602539,-0.3033704976524978,0.13373035281030177,0.10639190673828125
2017-08-07,82.55000305175781,82.94999694824219,82.38999938964844,82.73999786376953,80.03099822998047,-0.27893401716925964,0.4614023939714551,0.3675689697265625
2017-08-08,82.62999725341797,82.93000030517578,82.4000015258789,82.73999786376953,80.03099822998047,-0.3368833851723674,0.0,0.0
2017-08-09,82.5,82.80000305175781,82.23999786376953,82.4800033569336,79.77951049804688,-0.15814798506639652,-0.3142379046815136,-0.25148773193359375
2017-08-10,82.2300033569336,82.73999786376953,81.4800033569336,81.51000213623047,78.84125518798828,0.3738691043115323,-1.1760604999971336,-0.9382553100585938
2017-08-11,82.3499984741211,82.3499984741211,81.41000366210938,82.13999938964844,79.45062255859375,0.017794674412918533,0.772904197367863,0.6093673706054688
2017-08-14,82.62999725341797,83.0,82.51000213623047,82.91000366210938,80.19541931152344,-0.4485930102385991,0.9374335013931478,0.7447967529296875
2017-08-15,82.73999786376953,83.0,82.55000305175781,82.75,80.04066467285156,-0.14418428193311755,-0.1929719178482281,-0.154754638671875
2017-08-16,82.86000061035156,83.83000183105469,82.69999694824219,83.55000305175781,80.8144760131836,0.2600649237753087,0.9667727566916362,0.7738113403320312
2017-08-17,83.2699966430664,83.5199966430664,82.12000274658203,82.12999725341797,79.44095611572266,0.07085674631937862,-1.6995963659244273,-1.3735198974609375
2017-08-18,82.01000213623047,82.30000305175781,81.63999938964844,82.1500015258789,79.4603042602539,-0.1434860967764536,0.024355377222629038,0.01934814453125
2017-08-21,82.05999755859375,82.4800033569336,81.33999633789062,81.48999786376953,78.8219223022461,-0.5952118931380284,-0.8033973239228276,-0.6383819580078125
2017-08-22,81.9800033569336,82.29000091552734,81.7300033569336,82.12000274658203,79.43128204345703,-0.14976976318642912,0.7730840905837422,0.6093597412109375
2017-08-23,81.75,82.52999877929688,81.48999786376953,81.61000061035156,78.93798828125,-0.2167955382261682,-0.6210321041238531,-0.49329376220703125
2017-08-24,81.7300033569336,82.05999755859375,80.94999694824219,81.08000183105469,78.42534637451172,-0.22028646400948793,-0.6494235765317158,-0.5126419067382812
2017-08-25,81.5,82.7300033569336,81.5,82.38999938964844,79.69245147705078,0.8276894561430989,1.615683144691693,1.2671051025390625
2017-08-28,82.6500015258789,82.77999877929688,81.48999786376953,81.86000061035156,79.1797866821289,0.2097955924955044,-0.6433040839125215,-0.512664794921875
2017-08-29,81.9000015258789,82.0999984741211,81.56999969482422,82.0,79.31521606445312,0.10297326352592026,0.1710403475421174,0.13542938232421875
2017-08-30,82.13999938964844,83.18000030517578,81.9000015258789,82.97000122070312,80.25345611572266,-0.027587360770238125,1.1829256702863944,0.9382400512695312
2017-08-31,83.18000030517578,83.66000366210938,82.72000122070312,83.61000061035156,80.87249755859375,0.3850400668181555,0.7713579861015063,0.6190414428710938
2017-09-01,83.80000305175781,84.0,83.41999816894531,83.87999725341797,81.13365936279297,-0.1993409093095695,0.32293030644936493,0.26116180419921875
2017-09-05,83.72000122070312,84.16999816894531,83.18000030517578,83.25,80.52429962158203,-0.13720243036647806,-0.7510566465221968,-0.6093597412109375
2017-09-06,83.33000183105469,83.33000183105469,82.48999786376953,82.8499984741211,80.13739776611328,0.20490829639885674,-0.48047838638394236,-0.38690185546875
2017-09-07,82.95999908447266,83.73999786376953,82.31999969482422,83.61000061035156,80.87249755859375,0.2056064815555207,0.9172993046591138,0.7350997924804688
2017-09-08,83.5,84.18000030517578,82.7699966430664,83.81999969482422,81.07563018798828,-0.027587360770238125,0.2511764017765872,0.20313262939453125
2017-09-11,84.31999969482422,85.16999816894531,84.0,85.12000274658203,82.33306884765625,-0.012227287323631257,1.550945280045779,1.2574386596679688
2017-09-12,84.93000030517578,85.44000244140625,84.70999908447266,85.19999694824219,82.41044616699219,0.020587415039574328,0.09398085170262416,0.0773773193359375
2017-09-13,84.61000061035156,85.04000091552734,84.37000274658203,84.5,81.73336791992188,0.12182426275584687,-0.8215927452914329,-0.6770782470703125
2017-09-14,84.51000213623047,85.0999984741211,84.16000366210938,84.87000274658203,82.09125518798828,-0.3159378304724489,0.437871676127477,0.35788726806640625
2017-09-15,84.73999786376953,84.94999694824219,84.4800033569336,84.70999908447266,81.93648529052734,1.3143245103378711,-0.18853396394843402,-0.1547698974609375
2017-09-18,84.97000122070312,85.66999816894531,84.73999786376953,85.44000244140625,82.64258575439453,-0.0904240248699935,0.8617656241459715,0.7061004638671875
2017-09-19,85.43000030517578,85.76000213623047,84.94999694824219,85.55999755859375,82.75865936279297,0.3403562167916628,0.1404525370774401,0.1160736083984375
2017-09-20,85.66000366210938,86.23999786376953,85.63999938964844,86.12000274658203,83.30033111572266,-0.30965416406247337,0.6545197289326898,0.5416717529296875
2017-09-21,86.08000183105469,86.76000213623047,85.87000274658203,86.1500015258789,83.32933807373047,-0.08344217330335402,0.0348221401035298,0.0290069580078125
2017-09-22,86.19999694824219,86.2699966430664,85.44999694824219,85.72000122070312,82.91341400146484,-0.15465705928307677,-0.49913281670089793,-0.415924072265625
2017-09-25,85.75,86.88999938964844,85.3499984741211,86.76000213623047,83.91936492919922,0.07853678304268207,1.2132547427327056,1.005950927734375
2017-09-26,87.0999984741211,87.31999969482422,86.44999694824219,86.75,83.9096908569336,-0.08274398814669007,-0.011527818726686512,-0.009674072265625
2017-09-27,86.80000305175781,86.93000030517578,86.20999908447266,86.54000091552734,83.70658111572266,0.4283275465313203,-0.24205754917776545,-0.2031097412109375
2017-09-28,86.36000061035156,87.51000213623047,86.08999633789062,87.08000183105469,84.22889709472656,0.11623878150253528,0.6239843654369581,0.5223159790039062
2017-09-29,87.0199966430664,87.12999725341797,86.30000305175781,86.30999755859375,83.48409271240234,0.06387489475273914,-0.8842622995366867,-0.7448043823242188
2017-10-02,86.80999755859375,87.97000122070312,86.54000091552734,87.87999725341797,85.0027084350586,0.3661890675882289,1.8190480046154311,1.51861572265625
2017-10-03,87.9000015258789,88.44000244140625,87.9000015258789,88.43000030517578,85.5346908569336,-0.0659875443867553,0.625841731009591,0.531982421875
2017-10-04,88.26000213623047,88.8499984741211,87.91999816894531,88.13999938964844,85.25418090820312,0.13997707682910954,-0.32794874912175365,-0.28050994873046875
2017-10-05,88.51000213623047,88.7300033569336,87.62000274658203,88.13999938964844,85.25418090820312,-0.22796650073279137,0.0,0.0
2017-10-06,88.04000091552734,88.62999725341797,87.9000015258789,88.58000183105469,85.67977142333984,-0.3403743109556871,0.4992019284015825,0.42559051513671875
2017-10-09,88.68000030517578,88.79000091552734,88.33000183105469,88.45999908447266,85.56370544433594,-0.5037496376150511,-0.13546485602818903,-0.11606597900390625
2017-10-10,88.5999984741211,88.87000274658203,88.22000122070312,88.47000122070312,85.57337951660156,-0.17350805851300338,0.01130628017498303,0.009674072265625
2017-10-11,88.4800033569336,88.80000305175781,88.19000244140625,88.36000061035156,85.46698760986328,-0.3424688664256789,-0.12432827514734512,-0.10639190673828125
2017-10-12,88.5,88.70999908447266,88.22000122070312,88.48999786376953,85.59273529052734,-0.30406868280916177,0.14713011910290064,0.1257476806640625
2017-10-13,88.69000244140625,89.37000274658203,88.69000244140625,88.83999633789062,85.93126678466797,-0.17071531788634758,0.3955142840003312,0.338531494140625
2017-10-16,88.91999816894531,88.94000244140625,87.97000122070312,88.94000244140625,86.02799224853516,0.17069722372232327,0.11256143134672492,0.0967254638671875
2017-10-17,89.30000305175781,89.30000305175781,88.70999908447266,88.9800033569336,86.06668090820312,-0.25379935152935745,0.04497217551724386,0.03868865966796875
2017-10-18,88.7300033569336,89.37000274658203,88.31999969482422,88.5999984741211,85.69912719726562,-0.028983731083566024,-0.42705691338268403,-0.3675537109375
2017-10-19,88.51000213623047,88.83000183105469,88.3499984741211,88.63999938964844,85.7378158569336,-0.41857104850204935,0.04514475343362356,0.03868865966796875
2017-10-20,89.2300033569336,89.30999755859375,88.69999694824219,89.19999694824219,86.27947235107422,-0.5358661548215927,0.6317591470308193,0.541656494140625
2017-10-23,89.16000366210938,89.68000030517578,88.91999816894531,89.02999877929688,86.11504364013672,1.4476778752606851,-0.19057686197758716,-0.1644287109375
2017-10-24,89.05999755859375,89.62999725341797,88.83000183105469,89.12000274658203,86.20210266113281,-0.15675161475306862,0.10109618170770496,0.08705902099609375
2017-10-25,89.06999969482422,89.47000122070312,87.69000244140625,88.48999786376953,85.59273529052734,-0.06808209985674714,-0.7069054603005887,-0.6093673706054688
2017-10-26,88.80999755859375,89.23999786376953,88.5999984741211,88.94000244140625,86.02799224853516,0.16162081668569195,0.5085209118862899,0.4352569580078125
2017-10-27,89.4000015258789,89.4000015258789,85.88999938964844,87.93000030517578,85.05106353759766,2.2338343616642913,-1.1355939914477475,-0.9769287109375
2017-10-30,87.45999908447266,87.58999633789062,86.25,86.45999908447266,83.62918853759766,0.3410544019483267,-1.6717897941058046,-1.421875
2017-10-31,86.25,87.30000305175781,86.12000274658203,87.06999969482422,84.53208923339844,1.8372651926791685,1.0796478019093225,0.9029006958007812
2017-11-01,87.83000183105469,88.12000274658203,87.20999908447266,87.41000366210938,84.8621826171875,0.473011396557813,0.3904947656950153,0.3300933837890625
2017-11-02,87.08999633789062,87.37000274658203,86.31999969482422,86.5999984741211,84.0757827758789,0.33267618006835936,-0.9266787832408641,-0.7863998413085938
2017-11-03,86.5999984741211,87.18000030517578,86.5999984741211,86.94000244140625,84.40587615966797,0.031060192389533555,0.3926141070479172,0.3300933837890625
2017-11-06,87.0199966430664,87.08000183105469,85.68000030517578,85.8499984741211,83.34764099121094,0.41925113949468895,-1.2537458487548947,-1.0582351684570312
2017-11-07,85.8499984741211,86.11000061035156,85.38999938964844,85.72000122070312,83.221435546875,0.8053475311298526,-0.15142053552450463,-0.1262054443359375
2017-11-08,85.68000030517578,86.5999984741211,85.63999938964844,85.7300033569336,83.23114013671875,0.41785476918136105,0.011661166116616606,0.00970458984375
2017-11-09,85.19999694824219,85.41999816894531,84.31999969482422,84.76000213623047,82.28942108154297,-0.4534803063352468,-1.1314503845902824,-0.9417190551757812
2017-11-10,84.3499984741211,85.11000061035156,84.22000122070312,84.91000366210938,82.43505096435547,-0.10997320925658406,0.17697278811596995,0.1456298828125
2017-11-13,84.62000274658203,85.76000213623047,84.62000274658203,85.58999633789062,83.09521484375,-0.38715271645217164,0.8008291032415071,0.6601638793945312
2017-11-14,85.37999725341797,85.88999938964844,85.16000366210938,85.61000061035156,83.11463165283203,-0.3780763094155403,0.023366940104252443,0.01941680908203125
2017-11-15,85.54000091552734,85.9800033569336,85.08000183105469,85.4800033569336,82.9884262084961,-0.2028318350928892,-0.15184503838396868,-0.1262054443359375
2017-11-16,85.73999786376953,86.5,85.5999984741211,86.11000061035156,83.60005950927734,0.3689818082148847,0.7370103624385171,0.61163330078125
2017-11-17,86.02999877929688,86.23999786376953,85.4800033569336,85.6500015258789,83.15348052978516,-0.2831231281092433,-0.5341850019169314,-0.4465789794921875
2017-11-20,85.61000061035156,86.43000030517578,85.31999969482422,85.47000122070312,82.97872924804688,0.060383968969419395,-0.2101551018970138,-0.17475128173828125
2017-11-21,85.91999816894531,86.81999969482422,85.31999969482422,86.54000091552734,84.01754760742188,2.060684442811632,1.2519092167218915,1.038818359375
2017-11-22,86.61000061035156,86.62000274658203,85.79000091552734,85.8499984741211,83.34764099121094,-0.4974659712050755,-0.7973413117711159,-0.6699066162109375
2017-11-24,85.48999786376953,86.33999633789062,85.0999984741211,86.25,83.73599243164062,-0.721583406494203,0.46594173009724127,0.3883514404296875
2017-11-27,86.37000274658203,87.0,86.37000274658203,86.73999786376953,84.21170806884766,0.8332749373964105,0.568113690890315,0.47571563720703125
2017-11-28,87.27999877929688,87.47000122070312,86.43000030517578,86.91000366210938,84.37675476074219,-0.11835143113655144,0.19599019623208758,0.16504669189453125
2017-11-29,87.11000061035156,87.73999786376953,87.08000183105469,87.55999755859375,85.0077896118164,-0.12323872723319908,0.7478776030952705,0.6310348510742188
2017-11-30,87.61000061035156,88.9000015258789,87.08000183105469,88.41000366210938,85.83302307128906,0.14276981745576534,0.9707739293552287,0.8252334594726562
2017-12-01,88.33000183105469,88.98999786376953,86.44000244140625,87.5999984741211,85.046630859375,0.228646591725431,-0.9161884130085007,-0.7863922119140625
2017-12-04,87.79000091552734,88.69999694824219,87.31999969482422,88.05999755859375,85.49322509765625,0.5505099489475113,0.5251169079462992,0.44659423828125
2017-12-05,88.33000183105469,89.16000366210938,87.88999938964844,89.0,86.40583801269531,0.3089378847417851,1.0674681110656614,0.9126129150390625
2017-12-06,88.94000244140625,88.94000244140625,88.12000274658203,88.16999816894531,85.60001373291016,0.2803122933185632,-0.9326039748225767,-0.8058242797851562
2017-12-07,88.44999694824219,88.72000122070312,87.79000091552734,88.37999725341797,85.80390930175781,0.3305816245983675,0.2381957197855833,0.20389556884765625
2017-12-08,88.2699966430664,88.5,87.55999755859375,87.9000015258789,85.337890625,0.27542499722191555,-0.5431205647273063,-0.4660186767578125
2017-12-11,87.87000274658203,87.87000274658203,86.86000061035156,87.27999877929688,84.7359619140625,0.2070028518688486,-0.7053475385073171,-0.6019287109375
2017-12-12,87.30000305175781,87.54000091552734,85.69999694824219,86.43000030517578,83.91073608398438,1.4860780588772025,-0.9738791080403986,-0.825225830078125
2017-12-13,86.05000305175781,87.19000244140625,85.76000213623047,86.69000244140625,84.16316223144531,1.4616415783939642,0.30082699692717263,0.2524261474609375
2017-12-14,87.08000183105469,87.20999908447266,86.31999969482422,86.37000274658203,83.85248565673828,0.6314994271205293,-0.369136052484198,-0.31067657470703125
2017-12-15,86.58999633789062,87.51000213623047,86.58999633789062,86.9800033569336,84.44470977783203,1.8386615629924965,0.7062690109367775,0.59222412109375
2017-12-18,87.25,87.88999938964844,86.4800033569336,86.56999969482422,84.04666137695312,0.28101047847522714,-0.47137162520439757,-0.39804840087890625
2017-12-19,86.30000305175781,87.6500015258789,86.30000305175781,86.58000183105469,84.05635833740234,1.0867161492654238,0.01153759148828648,0.00969696044921875
2017-12-20,86.83999633789062,87.12999725341797,86.29000091552734,86.33000183105469,83.81364440917969,-0.15395887412641282,-0.2887514199085395,-0.24271392822265625
2017-12-21,86.4000015258789,86.79000091552734,85.72000122070312,85.76000213623047,83.2602767944336,0.3759636597815242,-0.6602357153741467,-0.5533676147460938
2017-12-22,85.68000030517578,86.36000061035156,85.43000030517578,85.9000015258789,83.39620208740234,-0.3424688664256789,0.16325347236634258,0.13592529296875
2017-12-26,85.79000091552734,86.44999694824219,85.22000122070312,85.38999938964844,82.90103149414062,-0.5658881165581425,-0.593756766936171,-0.49517059326171875
2017-12-27,85.41999816894531,85.81999969482422,85.05999755859375,85.62000274658203,83.12434387207031,-0.6775977416243743,0.26937225497063455,0.2233123779296875
2017-12-28,85.8499984741211,86.87000274658203,85.66000366210938,86.75,84.2214126586914,-0.03177647171022182,1.3197924164183528,1.0970687866210938
2017-12-29,86.87999725341797,87.0,86.23999786376953,86.27999877929688,83.7651138305664,-0.43742204773197596,-0.5417848189915309,-0.456298828125
2018-01-02,86.44000244140625,87.31999969482422,86.08000183105469,87.01000213623047,84.47384643554688,0.15184622449239665,0.8460951971175579,0.7087326049804688
2018-01-03,87.26000213623047,87.61000061035156,86.81999969482422,87.19000244140625,84.64859771728516,-0.23634472261275877,0.20687027892309917,0.17475128173828125
2018-01-04,87.20999908447266,87.93000030517578,85.80000305175781,86.01000213623047,83.50299072265625,1.056694187528874,-1.3533679535425724,-1.1456069946289062
2018-01-05,86.29000091552734,87.44999694824219,86.19000244140625,86.91000366210938,84.37675476074219,-0.016416398263614948,1.046386519242204,0.8737640380859375
2018-01-08,86.86000061035156,87.51000213623047,86.56999969482422,87.19999694824219,84.65828704833984,0.9051880085327972,0.33366095721028,0.28153228759765625
2018-01-09,87.27999877929688,87.76000213623047,86.36000061035156,86.38999938964844,83.87191009521484,0.4918623957877396,-0.9288836102672171,-0.786376953125
2018-01-10,86.0999984741211,86.0999984741211,85.16000366210938,85.66999816894531,83.17288970947266,-0.3501489031489824,-0.8334380186985513,-0.6990203857421875
2018-01-11,85.44000244140625,86.48999786376953,85.44000244140625,86.25,83.73599243164062,0.6985252021602684,0.6770267621275528,0.5631027221679688
2018-01-12,86.37000274658203,86.94000244140625,85.87999725341797,86.55999755859375,84.03694152832031,-0.22447557494947162,0.3594023166625382,0.3009490966796875
2018-01-16,86.36000061035156,87.20999908447266,86.01000213623047,86.23999786376953,83.72628021240234,0.29637055192183404,-0.3696723253704737,-0.31066131591796875
2018-01-17,86.7699966430664,87.27999877929688,86.51000213623047,86.83999633789062,84.30878448486328,0.27123588628193185,0.6957245335433626,0.5825042724609375
2018-01-18,86.8499984741211,87.31999969482422,86.3499984741211,87.23999786376953,84.69712829589844,0.06457307990940309,0.4606208159778191,0.38834381103515625
2018-01-19,87.30000305175781,88.69999694824219,87.30000305175781,88.61000061035156,86.02719116210938,-0.23774109292608664,1.5703753987552194,1.3300628662109375
2018-01-22,88.61000061035156,88.61000061035156,86.5999984741211,87.45999908447266,84.91071319580078,1.1055671484953504,-1.2978198534980723,-1.1164779663085938
2018-01-23,87.44000244140625,87.75,86.91000366210938,87.5999984741211,85.046630859375,-0.36830171722224503,0.1600712777677371,0.13591766357421875
2018-01-24,87.80999755859375,88.5999984741211,86.3499984741211,88.19999694824219,85.629150390625,0.30335240348847353,0.6849413379034441,0.58251953125
2018-01-25,88.4000015258789,89.43000030517578,88.12999725341797,89.43000030517578,86.82330322265625,0.8905261202428543,1.3945634478255808,1.19415283203125
2018-01-26,89.4800033569336,89.5,88.45999908447266,89.13999938964844,86.541748046875,-0.03666376780686946,-0.32428526136492053,-0.28155517578125
2018-01-29,88.7300033569336,89.2300033569336,87.54000091552734,87.7300033569336,85.17285919189453,0.29846510739182586,-1.5817670498624703,-1.3688888549804688
2018-01-30,87.44999694824219,87.95999908447266,87.05000305175781,87.69000244140625,85.44568634033203,0.9317190444860273,0.32032169757600926,0.2728271484375
2018-01-31,88.08999633789062,88.0999984741211,86.76000213623047,87.41999816894531,85.1825942993164,2.1472594022379616,-0.3079055857398427,-0.263092041015625
2018-02-01,87.23999786376953,87.62999725341797,85.80999755859375,86.83999633789062,84.617431640625,0.06457307990940309,-0.6634719960576962,-0.5651626586914062
2018-02-02,86.52999877929688,86.91000366210938,85.54000091552734,85.80000305175781,83.60406494140625,0.03804204395617304,-1.1975862178405183,-1.01336669921875
2018-02-05,85.0999984741211,86.0,83.37999725341797,83.37999725341797,81.24598693847656,1.5545002042302694,-2.820530322996062,-2.3580780029296875
2018-02-06,82.37999725341797,83.88999938964844,81.41000366210938,83.79000091552734,81.64550018310547,0.9826865609224955,0.49173289621238236,0.39951324462890625
2018-02-07,83.80999755859375,84.91000366210938,83.7300033569336,83.8499984741211,81.7039566040039,0.6461613154104723,0.07159784772869937,0.0584564208984375
2018-02-08,83.86000061035156,84.81999969482422,81.36000061035156,81.37999725341797,79.29718780517578,0.9603446359092491,-2.945718786292151,-2.406768798828125
2018-02-09,82.08999633789062,82.58999633789062,79.97000122070312,82.16000366210938,80.05721282958984,1.0867161492654238,0.958451422364881,0.7600250244140625
2018-02-12,82.55999755859375,83.44999694824219,81.58999633789062,82.5999984741211,80.48594665527344,0.6384812786871689,0.5355342892041426,0.42873382568359375
2018-02-14,89.58000183105469,90.87000274658205,88.73999786376953,90.66000366210938,88.33966827392578,2.098386441271485,9.757879412526949,7.853721618652344
2018-02-15,90.18000030517578,91.97000122070312,90.18000030517578,91.16999816894533,88.83662414550781,0.8500313811563452,0.5625512086383067,0.49695587158203125
2018-02-16,91.04000091552734,92.13999938964844,90.48999786376952,91.83000183105467,89.47972106933594,0.8653914546029521,0.7239096825367719,0.643096923828125
2018-02-20,91.23999786376952,92.19000244140624,90.72000122070312,91.05999755859376,88.72943115234375,1.1202290367852934,-0.8385027445613091,-0.7502899169921875
2018-02-21,91.33999633789062,92.27999877929688,90.11000061035156,90.16000366210938,87.85247039794922,0.500240617667707,-0.9883538562180494,-0.8769607543945312
2018-02-22,90.44000244140624,91.45999908447266,90.30999755859376,90.61000061035156,88.29094696044922,0.30544695895846535,0.4991055578901893,0.4384765625
2018-02-23,90.73999786376952,91.06999969482422,89.93000030517578,90.98999786376952,88.66121673583984,0.2642540347152924,0.41937456572584964,0.370269775390625
2018-02-26,91.27999877929688,91.4800033569336,90.38999938964844,90.77999877929688,88.45658874511719,0.2705377011252679,-0.23079763424895816,-0.20462799072265625
2018-02-27,90.7300033569336,90.7300033569336,89.44000244140625,89.5,87.20935821533203,0.5232807278376174,-1.4099916665099799,-1.2472305297851562
2018-02-28,89.7300033569336,90.41000366210938,89.20999908447266,89.41999816894531,87.13139343261719,0.6657104997970629,-0.08939956021960516,-0.07796478271484375
2018-03-01,89.23999786376953,90.48999786376952,88.30999755859375,89.0,86.72216033935547,0.21189014796549624,-0.4696735322822554,-0.40923309326171875
2018-03-02,88.73999786376953,89.88999938964844,88.30000305175781,89.68000030517578,87.38475036621094,0.4122692879280495,0.7640377318353986,0.6625900268554688
2018-03-05,89.30999755859375,90.6999969482422,89.30999755859375,90.4000015258789,88.08633422851562,0.13718433620245374,0.8028676163340798,0.7015838623046875
2018-03-06,90.37000274658205,91.0500030517578,89.27999877929688,90.7699966430664,88.44684600830078,0.5882119474073645,0.40927095325582474,0.36051177978515625
2018-03-07,89.9800033569336,91.13999938964844,89.70999908447266,90.13999938964844,87.83297729492188,0.7397181264034414,-0.6940538199873059,-0.6138687133789062
2018-03-08,90.4000015258789,90.83000183105467,89.44999694824219,89.94999694824219,87.64783477783203,1.0923016305187354,-0.21078929895337328,-0.18514251708984375
2018-03-09,89.94000244140625,90.9499969482422,89.55999755859375,90.87000274658205,88.54429626464844,0.4995424325110431,1.0227993527606616,0.8964614868164062
2018-03-12,90.6999969482422,90.98999786376952,90.4000015258789,90.77999877929688,88.45658874511719,-0.2126064272861845,-0.09905496257952562,-0.08770751953125
2018-03-13,91.2699966430664,92.0999984741211,90.2699966430664,90.5,88.18376922607422,0.32080703240507225,-0.3084219309305358,-0.27281951904296875
2018-03-14,90.95999908447266,91.2699966430664,89.43000030517578,90.06999969482422,87.7647705078125,0.3864364371314834,-0.47514267300997615,-0.41899871826171875
2018-03-15,90.13999938964844,90.56999969482422,89.80000305175781,90.27999877929688,87.96939849853516,0.19583188936222543,0.23315504562784195,0.20462799072265625
2018-03-16,90.3499984741211,91.12999725341795,89.76000213623047,90.1500015258789,87.84272766113281,1.4888707995038581,-0.14399420658134376,-0.12667083740234375
2018-03-19,90.05999755859375,90.36000061035156,89.44999694824219,89.95999908447266,87.65758514404297,-0.39483275317547506,-0.21076590176486443,-0.18514251708984375
2018-03-20,90.0199966430664,90.48999786376952,89.66999816894531,89.77999877929688,87.48218536376953,0.25238488705200524,-0.20009652329027183,-0.1753997802734375
2018-03-21,89.70999908447266,90.33999633789062,89.38999938964844,89.58999633789062,87.29705810546875,0.3822473261914997,-0.21161709384714955,-0.18512725830078125
2018-03-22,89.22000122070312,89.91000366210938,87.93000030517578,87.95999908447266,85.70877075195312,0.3445453277316465,-1.8194053591092607,-1.588287353515625
2018-03-23,87.94000244140625,87.94000244140625,86.69000244140625,86.7699966430664,84.54922485351562,0.030362007232869605,-1.3528905948182346,-1.1595458984375
2018-03-26,87.66000366210938,88.55000305175781,87.06999969482422,88.20999908447266,85.95236206054688,0.4702186559311572,1.659550645747765,1.40313720703125
2018-03-27,88.5199966430664,89.12999725341797,87.62000274658203,88.08000183105469,85.82569885253906,0.29078507066852244,-0.14736442951804873,-0.1266632080078125
2018-03-28,88.08000183105469,88.9000015258789,87.81999969482422,88.36000061035156,86.09854125976562,-0.12254054207653513,0.31790292520115226,0.2728424072265625
2018-03-29,88.87999725341797,90.33999633789062,88.36000061035156,89.83000183105469,87.53092193603516,0.5288662090909289,1.6636526650874783,1.4323806762695312
2018-04-02,89.37000274658203,89.73999786376953,87.16999816894531,87.93000030517578,85.6795425415039,-0.1895663171162742,-2.1151146972771318,-1.85137939453125
2018-04-03,88.43000030517578,90.16999816894533,87.69000244140625,89.55999755859375,87.267822265625,0.8730714913262555,1.8537444026988315,1.5882797241210938
2018-04-04,88.91999816894531,89.94999694824219,86.8499984741211,89.70999908447266,87.41397857666016,0.45346221217122246,0.16748018598458092,0.14615631103515625
2018-04-05,90.3000030517578,90.8499984741211,89.27999877929688,90.4000015258789,88.08633422851562,0.4527640270145585,0.7691626245633243,0.6723556518554688
2018-04-06,89.69000244140625,90.36000061035156,88.2300033569336,88.5,86.23495483398438,1.0518068914322265,-2.1017782278558217,-1.85137939453125
2018-04-09,89.1500015258789,90.33999633789062,88.5999984741211,89.9000015258789,87.59912109375,1.8149232676659222,1.5819179848726828,1.364166259765625
2018-04-10,90.75,93.0999984741211,90.0999984741211,92.72000122070312,90.34693908691406,1.7039118277563543,3.136810003177204,2.7478179931640625
2018-04-11,91.97000122070312,92.63999938964844,91.75,92.25,89.88896942138672,0.27402862690858765,-0.5069011414839175,-0.45796966552734375
2018-04-12,92.76000213623048,93.25,92.4800033569336,92.6999969482422,90.32745361328124,0.06946037600605073,0.48780645135553247,0.43848419189451704
2018-04-13,93.1999969482422,93.33000183105467,92.45999908447266,92.75,90.37618255615234,0.3564144753949336,0.05394699055696339,0.04872894287110796
2018-04-16,93.02999877929688,94.66000366210938,92.95999908447266,94.30999755859376,91.89625549316406,-0.10229317253328063,1.6819397478614162,1.5200729370117188
2018-04-17,94.27999877929688,96.38999938964844,93.79000091552734,96.12999725341795,93.6696548461914,2.064175368594952,1.9297841283198558,1.7733993530273438
2018-04-18,96.1500015258789,96.1999969482422,95.18000030517578,95.61000061035156,93.16297912597656,0.9442863773059783,-0.5409176761106083,-0.5066757202148438
2018-04-19,95.0500030517578,95.87999725341795,94.54000091552734,94.8000030517578,92.37371063232422,-0.3250142375090802,-0.8471911279104516,-0.7892684936523438
2018-04-20,95.11000061035156,95.13999938964844,94.12000274658205,94.44000244140624,92.0229263305664,0.04362752520948463,-0.3797447340337379,-0.3507843017578125
2018-04-23,94.70999908447266,95.43000030517578,94.0999984741211,94.3499984741211,91.93522644042967,-0.15395887412641282,-0.09530221829905372,-0.08769989013673296
2018-04-24,94.5999984741211,94.6999969482422,92.7699966430664,93.18000030517578,90.79517364501952,1.328986398627814,-1.2400608989078465,-1.1400527954101562
2018-04-25,93.0199966430664,93.9499969482422,92.37000274658205,93.1500015258789,90.76594543457033,0.6084593169506191,-0.032191370175094214,-0.02922821044919033
2018-04-26,93.18000030517578,93.6999969482422,92.5999984741211,93.27999877929688,90.89260864257812,1.4344123572840701,0.139549263108929,0.1266632080077983
2018-04-27,93.75,94.73999786376952,91.87999725341795,93.45999908447266,91.06800842285156,1.368084767400995,0.1929747455738262,0.1753997802734375
2018-05-01,93.4499969482422,93.87000274658205,92.7300033569336,93.54000091552734,91.14596557617188,1.5098163542037766,0.08560322628154982,0.0779571533203125
2018-05-02,94.0,94.0,92.47000122070312,92.55999755859376,90.1910400390625,2.9292267777015843,-1.0476882120595166,-0.954925537109375
2018-05-03,92.25,92.83000183105467,90.9800033569336,91.12000274658205,88.78789520263672,2.4342135016268447,-1.5557474842490593,-1.4031448364257812
2018-05-04,90.83999633789062,92.7699966430664,90.83999633789062,92.26000213623048,89.89871978759766,0.8961116014961659,1.2510991306030617,1.1108245849609375
2018-05-07,92.37000274658205,93.29000091552734,92.3000030517578,92.8000030517578,90.42489624023438,0.02477652597955802,0.5852991609668123,0.5261764526367188
2018-05-08,92.7699966430664,92.79000091552734,91.5500030517578,91.76000213623048,89.72090148925781,0.5100152098610022,-0.7785408446654318,-0.7039947509765625
2018-05-09,92.0,93.05999755859376,91.37000274658205,92.95999908447266,90.89423370361328,0.30684332927179325,1.307757941437937,1.1733322143554688
2018-05-10,93.0999984741211,93.94000244140624,93.0500030517578,93.79000091552734,91.7057876586914,1.1614219610284664,0.892855269262105,0.811553955078125
2018-05-11,93.75,94.31999969482422,93.1500015258789,94.29000091552734,92.1946792602539,1.964334891192007,0.5331087754047115,0.4888916015625
2018-05-14,94.19000244140624,94.70999908447266,92.29000091552734,93.37000274658205,91.29512786865234,1.856814377065759,-0.9757085753964612,-0.8995513916015625
2018-05-15,93.16999816894533,93.16999816894533,91.58999633789062,92.0999984741211,90.05333709716797,1.3604047306776916,-1.3601939122873663,-1.241790771484375
2018-05-16,92.31999969482422,93.7699966430664,91.91999816894533,93.54000091552734,91.46134948730467,0.32150521756173617,1.5635316086259454,1.4080123901367045
2018-05-17,93.66999816894533,93.91999816894533,93.0500030517578,93.29000091552734,91.21688842773438,0.2167774440621439,-0.2672834601070817,-0.2444610595702983
2018-05-18,92.55999755859376,94.27999877929688,92.37999725341795,93.55999755859376,91.48089599609376,0.4241384355913366,0.2894283864643521,0.2640075683593892
2018-05-21,94.0199966430664,94.41000366210938,93.83999633789062,94.01000213623048,91.92090606689452,-0.3438652367390068,0.48098574681596507,0.44001007080075283
2018-05-22,94.27999877929688,94.9499969482422,93.66999816894533,93.95999908447266,91.87200927734376,-0.3229196820390884,-0.05319441642053224,-0.04889678955075283
2018-05-23,93.62999725341795,94.2699966430664,93.36000061035156,94.08999633789062,91.99910736083984,-0.3194287562557686,0.13834255340208212,0.12709808349607954
2018-05-24,94.12000274658205,94.4800033569336,93.58000183105467,94.02999877929688,91.94044494628906,-0.6657285939610872,-0.06376411275459404,-0.05866241455078125
2018-05-25,93.87999725341795,94.41999816894533,93.8499984741211,94.08000183105467,91.98934936523438,-0.39553093833213904,0.053191409910935405,0.0489044189453125
2018-05-29,93.45999908447266,94.01000213623048,93.05999755859376,93.30999755859376,91.23644256591795,0.008020082219623251,-0.8184717084225523,-0.7529067993164205
2018-05-30,92.6999969482422,94.41000366210938,92.6999969482422,93.95999908447266,91.87200927734376,0.32848706912837566,0.6966149638798269,0.6355667114258097
2018-05-31,94.25,94.38999938964844,92.19000244140624,92.31999969482422,90.2684555053711,-0.41647649303205747,-1.745421466871211,-1.6035537719726705
2018-06-01,92.87999725341795,93.29000091552734,92.47000122070312,92.7699966430664,90.7084503173828,-0.25659209215601325,0.4874292016501025,0.43999481201170454
2018-06-04,93.11000061035156,93.9000015258789,92.44000244140624,93.86000061035156,91.77423095703124,-0.27544309138593986,1.1749518770515222,1.0657806396484375
2018-06-05,94.05999755859376,94.5,93.55999755859376,93.91999816894533,91.83289337158205,-0.6755031861543824,0.0639203553536527,0.05866241455080967
2018-06-06,93.66999816894533,94.0999984741211,92.04000091552734,93.91000366210938,91.8231201171875,1.5761439440868519,-0.010642433267349372,-0.00977325439454546
2018-06-07,93.83000183105467,94.43000030517578,92.44000244140624,93.23999786376952,91.16800689697266,2.25128899058089,-0.7134512739043974,-0.6551132202148438
2018-06-08,93.0500030517578,93.9000015258789,92.9800033569336,93.66000366210938,91.57868194580078,0.5519063192608392,0.45045961056515704,0.410675048828125
2018-06-11,93.79000091552734,94.86000061035156,93.43000030517578,93.81999969482422,91.73511505126952,1.2417132540448204,0.17081825392650796,0.1564331054687358
2018-06-12,94.08999633789062,94.88999938964844,93.5999984741211,94.1500015258789,92.05779266357422,1.7004209019730345,0.3517492861096372,0.3226776123047017
2018-06-13,94.5500030517578,95.0,94.0500030517578,94.31999969482422,92.22400665283205,0.7669473475133354,0.18055395903882054,0.1662139892578267
2018-06-14,94.80999755859376,95.26000213623048,94.26000213623048,94.86000061035156,92.75201416015624,0.7599654959466959,0.5725271829837286,0.5280075073241903
2018-06-15,95.0,95.37000274658205,94.38999938964844,94.91999816894533,92.8106689453125,2.050211665461673,0.06323828726240155,0.05865478515626421
2018-06-18,94.56999969482422,95.08000183105467,94.0199966430664,94.83999633789062,92.7324447631836,0.9477773030892981,-0.08428360986709738,-0.07822418212890625
2018-06-19,93.9499969482422,94.62000274658205,93.61000061035156,94.25,92.15557098388672,0.852824121783001,-0.6220840836991592,-0.576873779296875
2018-06-20,94.16999816894533,94.87000274658205,93.94000244140624,94.63999938964844,92.53690338134766,0.5169970614276418,0.4137920186372712,0.3813323974609375
2018-06-21,94.51000213623048,94.61000061035156,92.9499969482422,93.0999984741211,91.03111267089844,0.595891984130668,-1.627232655758759,-1.5057907104492188
2018-06-22,93.27999877929688,93.48999786376952,92.33999633789062,92.62999725341795,90.5715560913086,3.2783193560335584,-0.5048346286299576,-0.45955657958984375
2018-06-25,92.7699966430664,93.1999969482422,91.41999816894533,92.18000030517578,90.1315689086914,0.9575518952825933,-0.4857895807527268,-0.4399871826171875
2018-06-26,92.3499984741211,93.4499969482422,92.0199966430664,92.70999908447266,90.6497802734375,0.3850400668181555,0.5749498993755209,0.5182113647460938
2018-06-27,92.77999877929688,93.91000366210938,92.06999969482422,92.0999984741211,90.05333709716797,0.5882119474073645,-0.6579642823958398,-0.5964431762695312
2018-06-28,92.0,92.76000213623048,91.66000366210938,92.70999908447266,90.6497802734375,0.2775195526919074,0.6623221254154821,0.5964431762695312
2018-06-29,93.1999969482422,94.12000274658205,92.93000030517578,93.37999725341795,91.30489349365234,0.867486010072944,0.7226859439027233,0.6551132202148438
2018-07-02,92.91000366210938,93.7699966430664,92.45999908447266,93.58999633789062,91.5102310180664,0.1811700010722825,0.2248921350840094,0.2053375244140625
2018-07-03,93.95999908447266,95.02999877929688,93.61000061035156,93.98999786376952,91.9013442993164,-0.23425016714276692,0.4273984197163516,0.39111328125
2018-07-05,94.48999786376952,94.54000091552734,93.4499969482422,94.54000091552734,92.4391098022461,0.26774496049861213,0.5851552085878398,0.5377655029296875
2018-07-06,94.22000122070312,94.37999725341795,93.72000122070312,94.08000183105467,91.98934936523438,0.18466092685560223,-0.4865477804512408,-0.44976043701171875
2018-07-09,94.4499969482422,95.62999725341795,94.4499969482422,95.0999984741211,92.9866714477539,-0.15954435537972442,1.0841712539565451,0.9973220825195312
2018-07-10,95.16999816894533,96.16000366210938,95.16999816894533,96.11000061035156,93.97423553466795,0.0317583775461975,1.0620490781508618,0.9875640869140483
2018-07-11,95.61000061035156,96.37000274658205,95.11000061035156,95.68000030517578,93.55377960205078,0.06457307990940309,-0.4474161776629293,-0.4204559326171733
2018-07-12,96.0,96.83000183105467,95.58999633789062,95.73999786376952,93.61244201660156,-0.10368954284660853,0.0627044837742563,0.05866241455078125
2018-07-13,95.36000061035156,96.19000244140624,94.66000366210938,94.87000274658205,92.76177978515624,-0.04364561937350894,-0.9087063782552196,-0.8506622314453267
2018-07-16,94.7699966430664,94.87999725341795,93.16999816894533,93.29000091552734,91.21688842773438,-0.5554153392081833,-1.6654395387841303,-1.5448913574218608
2018-07-17,93.22000122070312,94.73999786376952,93.16000366210938,94.63999938964844,92.53690338134766,-0.3920400125488193,1.4471168402757417,1.3200149536132812
2018-07-18,94.63999938964844,95.18000030517578,94.18000030517578,94.62000274658205,92.51734924316406,-0.4297420110086725,-0.02113117844780854,-0.01955413818359375
2018-07-19,94.6999969482422,96.54000091552734,94.6999969482422,96.33000183105467,94.18933868408205,0.012209193159606944,1.8072171917977053,1.671989440917983
2018-07-20,95.94000244140624,96.16000366210938,95.33000183105467,95.77999877929688,93.6515655517578,-0.1323151342698304,-0.5709490477770252,-0.5377731323242472
2018-07-23,95.94000244140624,96.33000183105467,94.79000091552734,95.13999938964844,93.02577209472656,-0.10997320925658406,-0.6682146244372023,-0.6257934570312358
2018-07-24,95.33999633789062,95.86000061035156,94.52999877929688,94.75,92.64445495605467,0.09599141195928078,-0.40990483613895234,-0.3813171386718892
2018-07-25,94.56999969482422,95.0,94.0500030517578,94.7300033569336,92.6249008178711,-0.2042282054062171,-0.02110664711973964,-0.01955413818357954
2018-07-26,94.87999725341795,96.37999725341795,94.55999755859376,96.06999969482422,93.93511199951172,-0.28801042420589096,1.4145345042980484,1.310211181640625
2018-07-27,98.0,103.02999877929688,97.1500015258789,102.9000015258789,100.61333465576172,2.893619334711723,7.109399791086335,6.67822265625
2018-07-30,103.5199966430664,104.0999984741211,99.94000244140624,102.5,100.22223663330078,2.235928917134283,-0.3887139053675548,-0.3910980224609375
2018-07-31,102.4800033569336,103.4800033569336,100.77999877929688,102.43000030517578,100.4871063232422,2.6290071603360863,0.2642823577271969,0.26486968994142046
2018-08-01,102.4000015258789,102.68000030517578,101.41000366210938,102.43000030517578,100.4871063232422,0.6273103161805457,0.0,0.0
2018-08-02,101.63999938964844,103.58000183105467,101.30999755859376,102.9800033569336,101.02667999267578,0.8088384569131722,0.5369581125143519,0.5395736694335795
2018-08-03,102.98999786376952,104.5,102.8499984741211,104.0999984741211,102.1254425048828,0.6189320943005783,1.0875963777951192,1.098762512207017
2018-08-06,104.01000213623048,104.9499969482422,103.9800033569336,104.20999908447266,102.23334503173828,0.4744077668711409,0.10565685123011814,0.10790252685548296
2018-08-07,104.16000366210938,104.68000030517578,103.38999938964844,103.5500030517578,101.58586883544922,0.5930992435040122,-0.6333317139217698,-0.6474761962890625
2018-08-08,103.33999633789062,103.9800033569336,102.87000274658205,102.95999908447266,101.0070571899414,0.46323680436451775,-0.5697757494650957,-0.5788116455078125
2018-08-09,103.11000061035156,104.06999969482422,103.0,103.9000015258789,101.9292221069336,0.3766618449381881,0.9129707791190045,0.9221649169921875
2018-08-10,103.37000274658205,104.04000091552734,102.16000366210938,102.37999725341795,100.43804931640624,0.7962711240932212,-1.4629492501796681,-1.491172790527358
2018-08-13,102.23999786376952,103.47000122070312,100.94000244140624,101.4000015258789,99.47664642333984,0.11344604087587949,-0.9572098418973884,-0.961402893066392
2018-08-14,101.88999938964844,102.5,101.33000183105467,101.9800033569336,100.04564666748048,-0.24472294449272614,0.5719937941204511,0.5690002441406392
2018-08-15,101.55999755859376,101.66000366210938,100.05999755859376,101.33999633789062,99.4177703857422,0.6210266497705701,-0.6275898079055264,-0.6278762817382812
2018-08-16,101.62000274658205,102.16000366210938,101.3499984741211,101.66999816894533,99.74150848388672,0.45206584185789456,0.32563403593584006,0.32373809814451704
2018-08-17,101.68000030517578,102.98999786376952,101.4000015258789,102.76000213623048,100.81085205078124,-0.5568117095215112,1.0721148929357494,1.069343566894517
2018-08-20,102.91999816894533,103.5199966430664,102.5999984741211,102.86000061035156,100.9089584350586,-0.0904240248699935,0.09731728507555992,0.09810638427735796
2018-08-21,102.83000183105467,103.8499984741211,102.83000183105467,103.29000091552734,101.33079528808594,-0.013623657636959155,0.4180370698195546,0.42183685302734375
2018-08-22,103.31999969482422,103.4000015258789,102.73999786376952,103.18000030517578,101.22288513183594,-0.7557944791707365,-0.10649295304868689,-0.10791015625
2018-08-23,103.31999969482422,103.5500030517578,102.76000213623048,102.91000366210938,100.95800018310548,-0.6084774111146434,-0.26168484368476186,-0.26488494873045454
2018-08-24,102.9800033569336,104.13999938964844,102.9800033569336,103.8000030517578,101.83113098144533,-0.5882300415713888,0.8648455761368634,0.8731307983398438
2018-08-27,103.79000091552734,104.83999633789062,103.79000091552734,104.54000091552734,102.5570831298828,-0.25240298121602955,0.712898051353017,0.7259521484374716
2018-08-28,104.55999755859376,105.19000244140624,103.80999755859376,103.88999938964844,101.9194107055664,0.02338015566623012,-0.621773167543016,-0.637672424316392
2018-08-29,104.1999969482422,105.16999816894533,103.7699966430664,104.6999969482422,102.71404266357422,-0.08274398814669007,0.7796669471563211,0.7946319580078125
2018-08-30,104.86000061035156,105.7699966430664,103.81999969482422,104.6999969482422,102.71404266357422,0.14207163229910139,0.0,0.0
2018-08-31,104.62000274658205,105.44000244140624,104.37999725341795,104.70999908447266,102.7238540649414,-0.40879645630875405,0.00955215188962466,0.0098114013671875
2018-09-04,105.31999969482422,106.5,104.58000183105467,106.37999725341795,104.36219024658205,0.7823074209599422,1.5948936072870623,1.6383361816406392
2018-09-05,106.27999877929688,108.77999877929688,106.27999877929688,108.18000030517578,106.12803649902344,0.8556168624096568,1.6920364053965686,1.765846252441392
2018-09-06,108.4000015258789,109.69000244140624,108.12999725341795,108.9499969482422,106.8834228515625,0.11763515181586318,0.7117688948725664,0.7553863525390625
2018-09-07,108.94000244140624,108.94000244140624,107.79000091552734,107.9000015258789,105.85334777832033,0.3277888839717117,-0.9637369816203556,-1.0300750732421733
2018-09-10,108.38999938964844,109.08000183105467,107.88999938964844,108.55999755859376,106.5008316040039,0.005925526749631406,0.6116800642333553,0.6474838256835795
2018-09-11,108.26000213623048,108.7300033569336,107.54000091552734,108.5199966430664,106.46159362792967,-0.7676636268340237,-0.03684288233554156,-0.03923797607423296
2018-09-12,108.36000061035156,109.62999725341795,108.12000274658205,109.38999938964844,107.3150863647461,-0.39692730864546694,0.801690739102856,0.8534927368164205
2018-09-13,108.75,110.9000015258789,108.66999816894533,110.81999969482422,108.71796417236328,0.43530939809795977,1.307251249697594,1.4028778076171875
2018-09-14,110.7699966430664,112.16000366210938,109.79000091552734,111.97000122070312,109.84615325927734,1.4846816885638745,1.0377209465819437,1.1281890869140625
2018-09-17,112.3000030517578,112.30999755859376,110.91000366210938,111.3000030517578,109.18885803222656,2.4642354633633943,-0.5983780110162984,-0.6572952270507812
2018-09-18,111.1999969482422,111.79000091552734,109.97000122070312,111.58999633789062,109.47335052490234,-0.062496618603435555,0.2605508453910277,0.28449249267578125
2018-09-19,111.66999816894533,111.9000015258789,110.52999877929688,111.12999725341795,109.02207946777344,-0.05062747094014843,-0.4122200105917573,-0.45127105712890625
2018-09-20,111.27999877929688,111.51000213623048,110.19000244140624,110.48999786376952,108.39421081542967,-0.04923110062682053,-0.5759096280394838,-0.6278686523437642
2018-09-21,110.16999816894533,110.8499984741211,109.66999816894533,110.31999969482422,108.22744750976562,1.8267924153292092,-0.1538489042998914,-0.1667633056640483
2018-09-24,110.1999969482422,111.47000122070312,109.98999786376952,110.37999725341795,108.28630065917967,0.9833847460791594,0.05437913465411448,0.05885314941404829
2018-09-25,110.75,110.95999908447266,108.62000274658205,108.76000213623048,106.6970443725586,0.47091684108782117,-1.4676429769478472,-1.5892562866210795
2018-09-26,108.66000366210938,109.48999786376952,108.37000274658205,108.5999984741211,106.54006958007812,2.9152630745683052,-0.14712196893885698,-0.15697479248046875
2018-09-27,108.5999984741211,109.19000244140624,108.16000366210938,108.33999633789062,106.28499603271484,0.3075415144284572,-0.239415600504711,-0.25507354736328125
2018-09-28,108.20999908447266,108.88999938964844,107.5500030517578,107.73999786376952,105.6963882446289,1.4337141721274063,-0.5538013925359353,-0.5886077880859375
2018-10-01,108.0500030517578,109.1999969482422,107.37000274658205,107.7699966430664,105.72581481933594,-0.02060550920359864,0.027840662482159217,0.02942657470703125
2018-10-02,107.93000030517578,108.61000061035156,107.5999984741211,108.1500015258789,106.0986099243164,-0.008736361540311514,0.3526055633787273,0.37279510498046875
2018-10-03,108.51000213623048,108.62999725341795,107.52999877929688,108.0,105.9514617919922,1.044825039865587,-0.13868997193192678,-0.14714813232420454
2018-10-04,107.79000091552734,107.79000091552734,106.3000030517578,107.08999633789062,105.05870819091795,0.4311202871579761,-0.8426062141803525,-0.8927536010742472
2018-10-05,107.16999816894533,107.63999938964844,106.95999908447266,107.16999816894533,105.13719940185548,0.06457307990940309,0.07471176096596199,0.07849121093752842
2018-10-08,107.12000274658205,107.8499984741211,106.83999633789062,107.66999816894533,105.62771606445312,-0.3271087929790721,0.466549104777636,0.49051666259764204
2018-10-09,107.38999938964844,107.38999938964844,105.68000030517578,105.72000122070312,103.71470642089844,0.46044406373786195,-1.811086819663299,-1.9130096435546875
2018-10-10,105.3000030517578,105.7699966430664,102.12000274658205,102.41999816894533,100.477294921875,1.7067045683830102,-3.1214584804253986,-3.2374114990234375
2018-10-11,102.37000274658205,103.45999908447266,101.45999908447266,101.56999969482422,99.6434097290039,0.7062052388835719,-0.82992400772679,-0.8338851928710938
2018-10-12,102.68000030517578,103.36000061035156,100.33999633789062,101.6500015258789,99.7219009399414,1.3094372142412234,0.07877210459876771,0.0784912109375
2018-10-15,101.66999816894533,102.95999908447266,101.0500030517578,102.1500015258789,100.21241760253906,0.19583188936222543,0.4918845890162782,0.49051666259765625
2018-10-16,102.66000366210938,105.7699966430664,102.66000366210938,105.5999984741211,103.59698486328124,0.1378825213591177,3.377393083326252,3.3845672607421733
2018-10-17,106.08999633789062,106.08999633789062,104.41999816894533,105.0199966430664,103.02798461914062,-0.2140027975995124,-0.549244019882944,-0.5690002441406108
2018-10-18,104.7300033569336,105.23999786376952,103.83000183105467,104.2699966430664,102.2921905517578,1.5942967581601144,-0.714169135796261,-0.7357940673828267
2018-10-19,104.58999633789062,105.20999908447266,104.27999877929688,104.31999969482422,102.34125518798828,0.42064750980801685,0.047965182841269716,0.04906463623048296
2018-10-22,104.61000061035156,104.73999786376952,103.0500030517578,103.97000122070312,101.99788665771484,-0.08553672877334587,-0.33551330755393627,-0.3433685302734375
2018-10-23,102.7300033569336,104.56999969482422,101.72000122070312,103.68000030517578,101.71339416503906,1.8707780801990381,-0.27891998746060187,-0.28449249267578125
2018-10-24,103.62999725341795,103.81999969482422,99.87999725341795,100.08000183105467,98.1816864013672,2.0020368896518606,-3.4722150338836855,-3.531707763671861
2018-10-25,100.87999725341795,101.97000122070312,100.51000213623048,101.29000091552734,99.36873626708984,0.6161393536739225,1.209033893418754,1.187049865722642
2018-10-26,100.4499969482422,101.0500030517578,99.30999755859376,100.36000061035156,98.45636749267578,1.4818889479372188,-0.9181648159052092,-0.9123687744140625
2018-10-29,101.31999969482422,102.06999969482422,99.13999938964844,100.16000366210938,98.26016235351562,0.41715658402469713,-0.1992813102461355,-0.19620513916015625
2018-10-30,100.04000091552734,101.41000366210938,99.33999633789062,101.37000274658205,99.78594207763672,0.7473981631267448,1.5527958509082396,1.5257797241210938
2018-10-31,102.43000030517578,103.06999969482422,101.8499984741211,101.95999908447266,100.3667221069336,1.4351105424407342,0.5820259018499918,0.580780029296875
2018-11-01,102.69000244140624,103.47000122070312,102.38999938964844,103.18000030517578,101.5676498413086,1.2640551790580667,1.1965397585621096,1.200927734375
2018-11-05,103.98999786376952,104.4800033569336,101.25,101.87999725341795,100.2879638671875,1.884741783332317,-1.259934611188207,-1.2796859741210938
2018-11-06,101.63999938964844,104.7699966430664,101.48999786376952,104.0999984741211,102.47328186035156,1.1851602563550405,2.1790431362811447,2.1853179931640625
2018-11-07,104.87999725341795,105.26000213623048,103.33999633789062,105.11000061035156,103.46749877929688,0.8982061569661577,0.9702206281440473,0.9942169189453125
2018-11-08,104.9499969482422,105.7699966430664,104.5999984741211,105.12999725341795,103.4871826171875,1.095094371145391,0.01902417485959429,0.019683837890625
2018-11-09,104.95999908447266,105.8000030517578,103.12999725341795,104.29000091552734,102.66031646728516,0.10855874477923184,-0.7990034408039026,-0.8268661499023438
2018-11-12,104.16000366210938,104.3499984741211,101.58000183105467,101.7699966430664,100.17967987060548,0.9184535265094123,-2.4163539350379626,-2.4806365966796733
2018-11-13,102.33000183105467,103.45999908447266,101.54000091552734,102.37999725341795,100.78015899658205,0.09529322680261683,0.5994021210210976,0.6004791259765625
2018-11-14,103.04000091552734,103.91000366210938,101.70999908447266,102.08000183105467,100.4848403930664,-0.3375815703290313,-0.2930324842270293,-0.2953186035156392
2018-11-15,101.5500030517578,104.83000183105467,101.20999908447266,104.79000091552734,103.15249633789062,0.3452435128883104,2.654784477329275,2.6676559448242188
2018-11-16,104.19000244140624,107.1500015258789,104.19000244140624,106.27999877929688,104.61920928955078,0.16650811278233957,1.421887985004,1.4667129516601562
2018-11-19,106.1999969482422,106.6500015258789,104.70999908447266,105.18000030517578,103.53640747070312,-0.13161694911316646,-1.0349933116497012,-1.0828018188476562
2018-11-20,104.62000274658205,105.43000030517578,103.37000274658205,104.30999755859376,102.67999267578124,0.24610122064202972,-0.8271629428172167,-0.8564147949218892
2018-11-21,104.68000030517578,105.19000244140624,103.1500015258789,103.5,101.88265228271484,0.07015856116271467,-0.776529460402331,-0.797340393066392
2018-11-23,103.0,104.41999816894533,102.9800033569336,103.9000015258789,102.27640533447266,-0.9505881378799782,0.3864770330725076,0.3937530517578125
2018-11-26,104.72000122070312,104.98999786376952,102.9499969482422,103.69000244140624,102.0696792602539,0.1406752619857735,-0.2021248923861685,-0.20672607421875
2018-11-27,103.3000030517578,103.31999969482422,102.08999633789062,102.3000030517578,100.70140838623048,0.012907378316270892,-1.3405262796355566,-1.3682708740234233
2018-11-28,102.8000030517578,104.06999969482422,101.68000030517578,104.02999877929688,102.40436553955078,0.811631197539828,1.6910956664963228,1.7029571533202983
2018-11-29,103.72000122070312,104.93000030517578,103.69000244140624,103.8499984741211,102.22718048095705,0.18745366748225803,-0.17302490734665277,-0.1771850585937358
2018-11-30,103.66000366210938,104.5500030517578,103.25,104.0500030517578,102.42405700683594,0.8297840116130908,0.19258726001503135,0.19687652587889204
2018-12-03,105.2300033569336,105.51000213623048,102.4499969482422,104.45999908447266,102.82765197753906,0.5616809114541345,0.39404314034952037,0.403594970703125
2018-12-04,104.86000061035156,104.86000061035156,102.83000183105467,102.94000244140624,101.33140563964844,0.4297239168446482,-1.4551011416826465,-1.496246337890625
2018-12-06,102.0,102.0,98.3499984741211,101.62999725341795,100.0418701171875,0.6377830935305049,-1.272592158690411,-1.2895355224609375
2018-12-07,100.88999938964844,102.8499984741211,99.0999984741211,99.7699966430664,98.2109375,0.10157689321259236,-1.8301663244027488,-1.8309326171875
2018-12-10,99.43000030517578,99.86000061035156,98.22000122070312,99.11000061035156,97.5612564086914,-0.3522434586189742,-0.6615160264696551,-0.6496810913085938
2018-12-11,100.0999984741211,101.0199966430664,98.27999877929688,98.66999816894533,97.12812042236328,-0.1323151342698304,-0.4439631081765594,-0.433135986328125
2018-12-12,100.0999984741211,100.94000244140624,99.75,99.93000030517578,98.36843872070312,0.20490829639885674,1.276991969932384,1.2403182983398438
2018-12-13,100.41999816894533,101.2699966430664,99.51000213623048,100.31999969482422,98.75234985351562,-0.30546505312248967,0.39027877010688883,0.3839111328125
2018-12-14,100.04000091552734,100.95999908447266,99.12999725341795,100.33999633789062,98.77203369140624,-0.17071531788634758,0.01993252608145646,0.01968383789061079
2018-12-17,99.83999633789062,100.6500015258789,98.04000091552734,98.63999938964844,97.09860229492188,0.7145834607635392,-1.694236044296371,-1.6734313964843608
2018-12-18,99.43000030517578,100.2699966430664,97.2699966430664,97.94000244140624,96.40953826904295,0.13578796588912584,-0.7096539080820086,-0.6890640258789205
2018-12-19,98.27999877929688,98.83999633789062,95.2699966430664,95.58999633789062,94.09626007080078,0.39621102932477864,-2.3994287699902417,-2.3132781982421733
2018-12-20,95.51000213623048,96.1500015258789,93.66999816894533,95.01000213623048,93.52532196044922,0.25517762767866103,-0.6067596203313208,-0.5709381103515625
2018-12-21,94.76000213623048,96.61000061035156,93.51000213623048,93.5500030517578,92.08814239501952,2.633894456432734,-1.5366742774085007,-1.4371795654297017
2018-12-24,92.86000061035156,92.86000061035156,89.66999816894531,89.69999694824219,88.29830169677734,-0.3019741273391699,-4.115449176925889,-3.7898406982421733
2018-12-26,89.72000122070312,92.01000213623048,89.72000122070312,91.7699966430664,90.33594512939452,1.276622511878018,2.30768134093291,2.0376434326171733
2018-12-27,90.6999969482422,92.4800033569336,90.01000213623047,92.37000274658205,90.92658996582033,1.7869958613993642,0.6538314682818624,0.5906448364258097
2018-12-28,92.5999984741211,93.91000366210938,92.0500030517578,92.6999969482422,91.2514190673828,1.5768421292435157,0.35724324610060254,0.3248291015624716
2018-12-31,92.81999969482422,94.06999969482422,92.66000366210938,94.06999969482422,92.60001373291016,0.24679940579869367,1.4778889789445415,1.348594665527358
2019-01-02,92.7300033569336,92.7300033569336,89.44999694824219,90.18000030517578,88.77080535888672,2.1360884397313384,-4.135213613540245,-3.8292083740234375
2019-01-03,88.97000122070312,90.20999908447266,88.26000213623047,89.08999633789062,87.69783782958984,2.971816072258085,-1.208694147765177,-1.072967529296875
2019-01-04,90.0999984741211,91.9000015258789,89.29000091552734,91.06999969482422,89.64689636230469,1.5503110932902857,2.2224704518966076,1.9490585327148438
2019-01-07,90.5999984741211,93.48999786376952,90.58000183105467,91.9499969482422,90.5131378173828,2.1912450671077903,0.9662815894676768,0.8662414550781108
2019-01-08,92.81999969482422,94.0999984741211,91.76000213623048,93.5199966430664,92.05860137939452,1.1732911086917535,1.7074466749012807,1.5454635620117188
2019-01-09,93.86000061035156,94.1999969482422,93.20999908447266,93.4800033569336,92.01923370361328,-0.11067139441324801,-0.04276371266926926,-0.03936767578123579
2019-01-10,93.13999938964844,94.81999969482422,93.12999725341795,94.58000183105467,93.10205078125,-0.0401546935901892,1.176729075058791,1.0828170776367188
2019-01-11,94.66999816894533,94.75,93.43000030517578,94.7300033569336,93.2497100830078,0.255875812835325,0.15859940841125297,0.1476593017577983
2019-01-14,94.27999877929688,94.8499984741211,93.73999786376952,93.95999908447266,92.49172973632812,-0.007339991226983617,-0.8128500839358566,-0.7579803466796733
2019-01-15,93.97000122070312,95.4000015258789,93.9000015258789,94.80999755859376,93.32844543457033,0.016398304099590633,0.9046383937542091,0.8367156982422017
2019-01-16,94.81999969482422,95.3499984741211,94.38999938964844,94.70999908447266,93.23001098632812,-0.17071531788634758,-0.10547100381224084,-0.09843444824220171
2019-01-17,94.38999938964844,96.16999816894533,94.37999725341795,95.93000030517578,94.43093872070312,0.3766618449381881,1.2881342838746646,1.200927734375
2019-01-18,96.0999984741211,97.97000122070312,95.87999725341795,97.69000244140624,96.16344451904295,0.18047181591561856,1.8346802666698414,1.7325057983398295
2019-01-22,97.41999816894533,98.25,95.12000274658205,96.44000244140624,94.9329833984375,0.6454631302538083,-1.2795518367291758,-1.2304611206054545
2019-01-23,96.6999969482422,97.7699966430664,96.25,97.37999725341795,95.85829162597656,0.3822473261914997,0.9746962482528376,0.9253082275390625
2019-01-24,97.25,98.05999755859376,96.70999908447266,97.12999725341795,95.61219024658205,-0.532375229038273,-0.2567345768634821,-0.24610137939451704
2019-01-25,97.91000366210938,98.3499984741211,97.06999969482422,97.38999938964844,95.8681411743164,-0.6650304088044232,0.2676969611032476,0.2559509277343608
2019-01-28,97.38999938964844,98.51000213623048,97.27999877929688,97.87999725341795,96.35047912597656,0.04432571036614858,0.5031264252668866,0.48233795166015625
2019-01-29,97.41999816894533,98.41999816894533,97.41999816894533,97.94000244140624,96.74560546875,-0.3487525328356545,0.410092763790848,0.3951263427734375
2019-01-30,98.0999984741211,98.8000030517578,97.62000274658205,97.95999908447266,96.76535034179688,0.5651718372374542,0.020409064526716314,0.019744873046875
2019-01-31,98.0,99.27999877929688,97.23999786376952,99.12000274658205,97.91120910644533,0.9421918218359865,1.1841622653160577,1.1458587646484517
2019-02-01,99.33000183105467,99.9800033569336,99.0500030517578,99.5500030517578,98.3359603881836,0.40528743636141,0.4338127223783905,0.42475128173826704
2019-02-04,99.41999816894533,99.88999938964844,98.5199966430664,99.8499984741211,98.63230895996094,-0.5191097110616579,0.30136337775876765,0.29634857177734375
2019-02-05,99.9499969482422,101.12999725341795,99.41999816894533,101.06999969482422,99.8374252319336,0.5337535051875766,1.2218270916296348,1.2051162719726562
2019-02-06,100.62000274658205,102.0,100.58000183105467,101.58999633789062,100.35108947753906,-0.03317284202354971,0.5145006939152985,0.5136642456054688
2019-02-07,101.12999725341795,102.04000091552734,100.83999633789062,101.9499969482422,100.70669555664062,-0.0659875443867553,0.35436195157716455,0.3556060791015625
2019-02-08,101.56999969482422,102.30999755859376,100.95999908447266,101.38999938964844,100.15352630615234,-0.19026450227293815,-0.5492874604123621,-0.5531692504882812
2019-02-11,101.87999725341795,102.4499969482422,101.23999786376952,101.6999969482422,100.4597396850586,0.19234096357890568,0.30574398146523407,0.30621337890625
2019-02-12,102.3000030517578,102.69000244140624,101.73999786376952,102.31999969482422,101.07218933105467,0.12880611432248637,0.6096468574536607,0.6124496459960795
2019-02-13,102.70999908447266,103.51000213623048,102.26000213623048,102.8000030517578,101.54633331298828,0.12671155885249452,0.46911418964179497,0.47414398193360796
2019-02-14,102.23999786376952,103.02999877929688,101.55999755859376,101.7699966430664,100.52888488769533,0.1567335205890443,-1.0019548634581987,-1.0174484252929545
2019-02-15,102.31999969482422,102.45999908447266,101.3499984741211,101.94000244140624,100.6968231201172,0.16930085340899537,0.16705470533120437,0.167938232421875
2019-02-19,101.83999633789062,102.02999877929688,101.26000213623048,101.5500030517578,100.31158447265624,1.1677056274384419,-0.38257279179645387,-0.3852386474609659
2019-02-20,101.47000122070312,102.66000366210938,101.30999755859376,102.26000213623048,101.0129165649414,0.4925605809444036,0.6991536381088181,0.7013320922851705
2019-02-21,102.3000030517578,104.0,100.63999938964844,103.12000274658205,101.8624267578125,2.073949960788247,0.8409916491471048,0.8495101928710938
2019-02-22,102.4800033569336,103.5500030517578,101.23999786376952,102.0500030517578,100.80547332763672,0.6412740193138247,-1.037628361916787,-1.0569534301757812
2019-02-25,102.2699966430664,102.5999984741211,101.11000061035156,101.55999755859376,100.32144927978516,0.8695805655429358,-0.4801565151907883,-0.4840240478515625
2019-02-26,101.20999908447266,101.66999816894533,100.93000030517578,101.30999755859376,100.07450103759766,0.6349903529038491,-0.24615697237266865,-0.2469482421875
2019-02-27,102.0199966430664,102.3000030517578,100.79000091552734,101.41000366210938,100.17328643798828,1.1432691469552037,0.09871185903140844,0.098785400390625
2019-02-28,101.26000213623048,102.0500030517578,100.97000122070312,101.7300033569336,100.4893798828125,0.6978270170036045,0.31554664528241627,0.31609344482421875
2019-03-01,102.20999908447266,102.20999908447266,100.69000244140624,100.80999755859376,99.58059692382812,0.23981755423205417,-0.9043572166970937,-0.908782958984375
2019-03-04,101.25,102.1500015258789,100.62999725341795,101.61000061035156,100.37084197998048,0.785100161586598,0.7935733270978851,0.790245056152358
2019-03-05,101.68000030517578,102.2699966430664,101.33000183105467,101.47000122070312,100.23255157470705,-0.0038490654436638743,-0.13777946119154505,-0.1382904052734375
2019-03-06,101.52999877929688,102.0199966430664,100.43000030517578,100.48999786376952,99.2645034790039,-0.586833671258061,-0.9658021076931478,-0.9680480957031392
2019-03-07,100.1999969482422,100.62999725341795,99.36000061035156,99.87999725341795,98.66194152832033,-0.41857104850204935,-0.6070266102837341,-0.6025619506835795
2019-03-08,99.20999908447266,100.62000274658205,99.20999908447266,100.47000122070312,99.24474334716795,-0.4555748618052386,0.590705807953662,0.5828018188476278
2019-03-11,100.5999984741211,102.06999969482422,100.56999969482422,102.0199966430664,100.7758331298828,-0.25310116637269353,1.5427414400770223,1.5310897827148438
2019-03-12,102.05999755859376,102.91000366210938,102.0500030517578,102.26000213623048,101.0129165649414,-0.24332657417939824,0.2352582238174472,0.23708343505860796
2019-03-13,102.5,103.33999633789062,102.08999633789062,102.27999877929688,101.03267669677734,0.5309607645609208,0.01956198524692976,0.0197601318359375
2019-03-14,102.33999633789062,103.04000091552734,101.80999755859376,102.88999938964844,101.6352310180664,-0.2942940906158665,0.5963954841040842,0.6025543212890625
2019-03-15,102.91999816894533,103.58000183105467,102.58000183105467,103.0500030517578,101.79328918457033,0.46812410046116537,0.15551513478218038,0.15805816650392046
2019-03-18,103.22000122070312,103.83999633789062,102.8499984741211,103.70999908447266,102.44523620605467,-0.5498298579548717,0.6404616912439431,0.6519470214843466
2019-03-19,104.22000122070312,104.58999633789062,103.23999786376952,103.5999984741211,102.33657836914062,-0.15884617022306047,-0.10606431390864923,-0.10865783691404829
2019-03-20,103.41999816894533,104.83000183105467,102.86000061035156,103.9499969482422,102.68229675292967,-0.2112100569728566,0.33782484161430926,0.3457183837890483
2019-03-21,103.56999969482422,105.68000030517578,103.56999969482422,105.54000091552734,104.2529067993164,-0.12254054207653513,1.5295821149831523,1.570610046386733
2019-03-22,105.26000213623048,105.26000213623048,103.5,103.83000183105467,102.5637664794922,0.011511008002942994,-1.6202333073318975,-1.6891403198242045
2019-03-25,103.5500030517578,104.97000122070312,103.0199966430664,104.51000213623048,103.23548126220705,-0.3326942742323837,0.6549240592184757,0.6717147827148438
2019-03-26,105.0,106.37999725341795,104.6999969482422,105.44000244140624,104.15413665771484,0.3543199199249418,0.8898640121360213,0.9186553955077983
2019-03-27,105.5199966430664,106.48999786376952,105.12999725341795,105.5199966430664,104.233154296875,-0.22377738979280767,0.07586605937681679,0.07901763916015625
2019-03-28,105.76000213623048,106.38999938964844,105.41999816894533,106.19000244140624,104.89498901367188,-0.5700772274981262,0.6349560475852556,0.661834716796875
2019-03-29,106.0999984741211,106.68000030517578,105.47000122070312,106.38999938964844,105.09254455566406,0.8821478983628869,0.18833649142804276,0.1975555419921875
2019-04-01,106.91000366210938,107.81999969482422,106.20999908447266,107.70999908447266,106.39644622802734,0.1567335205890443,1.2407175769472811,1.3039016723632812
2019-04-02,107.8000030517578,107.8000030517578,106.66000366210938,107.22000122070312,105.91242980957033,-0.11835143113655144,-0.45491784323291595,-0.48401641845701704
2019-04-03,107.61000061035156,108.08000183105467,107.16000366210938,107.47000122070312,106.15938568115234,-0.07227121079673084,0.23316986686647834,0.24695587158201704
2019-04-04,107.68000030517578,108.16000366210938,107.29000091552734,108.0999984741211,106.78170013427734,-0.3319960890757197,0.5862076623108115,0.622314453125
2019-04-05,107.56999969482422,108.95999908447266,107.56999969482422,108.73999786376952,107.41388702392578,-0.3501489031489824,0.5920367336851307,0.6321868896484375
2019-04-08,108.6500015258789,109.2699966430664,107.98999786376952,108.98999786376952,107.6608428955078,-0.4325347516353283,0.22991056224137552,0.24695587158201704
2019-04-09,108.38999938964844,108.55999755859376,107.5199966430664,108.16000366210938,106.8409652709961,-0.1965481686829137,-0.7615374378105666,-0.8198776245117045
2019-04-10,108.22000122070312,109.3000030517578,107.9499969482422,109.04000091552734,107.7102279663086,-0.31663601562911287,0.8136043072127563,0.8692626953125
2019-04-11,109.29000091552734,109.86000061035156,108.9800033569336,109.66000366210938,108.32266998291016,0.12112607759918292,0.5686015415296897,0.6124420166015625
2019-04-12,109.9499969482422,110.6999969482422,109.79000091552734,110.30999755859376,108.9647445678711,-0.17909353976631498,0.5927425764729044,0.6420745849609375
2019-04-15,110.33999633789062,110.5,109.48999786376952,109.88999938964844,108.54986572265624,-0.14697702255977332,-0.3807459438923799,-0.41487884521485796
2019-04-16,109.80999755859376,109.97000122070312,108.76000213623048,109.62000274658205,108.2831573486328,-0.09740587643663298,-0.24570124730036724,-0.2667083740234375
2019-04-17,109.68000030517578,109.75,107.58999633789062,107.6999969482422,106.3865737915039,-0.42625108522535277,-1.7515037458896598,-1.896583557128892
2019-04-18,107.93000030517578,108.37999725341795,107.3000030517578,108.20999908447266,106.89035034179688,0.021285600196238274,0.4735339548393336,0.5037765502929688
2019-04-22,108.25,109.37000274658205,108.25,108.93000030517578,107.60157775878906,-0.3194287562557686,0.6653803778525758,0.7112274169921875
2019-04-23,109.02999877929688,110.52999877929688,109.02999877929688,110.05999755859376,108.71778869628906,0.06457307990940309,1.0373555488212505,1.1162109375
2019-04-24,109.97000122070312,110.86000061035156,109.94000244140624,109.94000244140624,108.59925842285156,-0.41438193756206565,-0.1090256478345264,-0.1185302734375
2019-04-25,109.20999908447266,109.97000122070312,108.83000183105467,109.4499969482422,108.11522674560548,-0.5526225985815275,-0.4457044037643576,-0.48403167724607954
2019-04-26,109.70999908447266,111.6500015258789,109.6999969482422,111.41999816894533,110.06121063232422,-0.5072405633983708,1.7999165753938007,1.9459838867187358
2019-04-29,111.37999725341795,111.72000122070312,110.76000213623048,111.31999969482422,109.9624252319336,-0.5163169704350021,-0.08975496437216846,-0.098785400390625
2019-04-30,110.75,111.80999755859376,109.93000030517578,111.23999786376952,110.23991394042967,0.4611422488945259,0.25234866174586035,0.27748870849607954
2019-05-01,112.2699966430664,114.66000366210938,111.5500030517578,112.80999755859376,111.79579162597656,0.8695805655429358,1.4113560415038418,1.5558776855468892
2019-05-02,112.80999755859376,113.12000274658205,111.62000274658205,113.0,111.9840850830078,0.9331154147993551,0.16842624779758175,0.1882934570312358
2019-05-03,113.3000030517578,114.13999938964844,112.7300033569336,113.8499984741211,112.82644653320312,0.6887506099669731,0.7522153255714148,0.8423614501953267
2019-05-06,112.54000091552734,115.5199966430664,112.54000091552734,115.0199966430664,113.98591613769533,0.3592072160215894,1.0276576459854914,1.1594696044922017
2019-05-07,113.9800033569336,114.68000030517578,113.13999938964844,113.97000122070312,112.94536590576172,-0.3634144211255974,-0.912876140484431,-1.040550231933608
2019-05-08,113.77999877929688,114.4800033569336,113.30999755859376,113.98999786376952,112.96517944335938,-0.2942940906158665,0.017542585690666357,0.01981353759765625
2019-05-09,113.37999725341795,113.79000091552734,112.76000213623048,113.0,111.9840850830078,0.3333743652250233,-0.8684927206648596,-0.9810943603515767
2019-05-10,112.72000122070312,113.70999908447266,112.18000030517578,113.5999984741211,112.57868957519533,0.09459504164595288,0.5309723178492654,0.5946044921875284
2019-05-13,111.91000366210938,113.16999816894533,111.29000091552734,112.8000030517578,111.78588104248048,-0.3592253101856137,-0.7042261157119811,-0.7928085327148438
2019-05-14,113.38999938964844,114.36000061035156,112.88999938964844,112.9800033569336,111.96427154541016,-0.5512262282681996,0.1595823204737945,0.1783905029296733
2019-05-15,112.76000213623048,113.7699966430664,112.36000061035156,113.23999786376952,112.221923828125,-0.6636340384910953,0.23012009023819502,0.25765228271484375
2019-05-16,113.37999725341795,114.5,113.26000213623048,114.11000061035156,113.0841064453125,0.050609376776124114,0.7682835829013079,0.8621826171875
2019-05-17,113.48999786376952,114.45999908447266,113.48999786376952,113.77999877929688,112.75707244873048,-0.41717467818872145,-0.28919536693705616,-0.32703399658201704
2019-05-20,113.19000244140624,113.80999755859376,112.83000183105467,113.04000091552734,112.0237274169922,-0.25100661090270165,-0.6503760835682604,-0.7333450317382812
2019-05-21,113.51000213623048,113.88999938964844,113.08999633789062,113.4800033569336,112.45977020263672,-0.38575634613884374,0.3892414541978306,0.43604278564451704
2019-05-22,113.7699966430664,113.9800033569336,113.0,113.1500015258789,112.13273620605467,-0.4520839360219189,-0.2908008757200653,-0.32703399658204546
2019-05-23,112.54000091552734,113.69000244140624,112.04000091552734,112.95999908447266,111.94444274902344,-0.6419902986345128,-0.16792014839023262,-0.1882934570312358
2019-05-24,113.29000091552734,113.87000274658205,112.75,112.93000030517578,111.91471099853516,-0.6552558166111279,-0.026559380491031348,-0.02973175048828125
2019-05-28,113.04000091552734,113.62000274658205,112.69000244140624,112.9000015258789,111.8849868774414,0.33267618006835936,-0.02655961922123362,-0.02972412109375
2019-05-29,112.54000091552734,113.44000244140624,112.27999877929688,112.6999969482422,111.68678283691406,-0.16303528116304417,-0.17714980897701738,-0.19820404052734375
2019-05-30,112.7300033569336,113.62999725341795,112.54000091552734,113.51000213623048,112.48949432373048,-0.5784554493780936,0.7187166345265172,0.8027114868164205
2019-05-31,112.52999877929688,113.7300033569336,111.5,113.2699966430664,112.25164794921876,0.2502903315820134,-0.21143874451708955,-0.23784637451171875
2019-06-03,113.41000366210938,115.0,113.41000366210938,114.02999877929688,113.00482177734376,0.5993829099139877,0.6709690609314922,0.753173828125
2019-06-04,114.6999969482422,115.9800033569336,113.68000030517578,115.72000122070312,114.67963409423828,1.898007301308932,1.482071552835551,1.674812316894517
2019-06-05,115.9000015258789,117.18000030517578,115.41000366210938,117.12999725341795,116.0769500732422,1.259866068118083,1.2184517242666448,1.3973159790039205
2019-06-06,117.20999908447266,120.38999938964844,117.20999908447266,120.2300033569336,119.14909362792967,0.7557763850067122,2.646643931244763,3.0721435546874716
2019-06-07,120.0,122.5999984741211,119.91999816894533,121.91999816894533,120.82388305664062,1.5098163542037766,1.4056249843921398,1.6747894287109517
2019-06-10,122.19000244140624,123.27999877929688,121.62999725341795,123.22000122070312,122.1122055053711,0.29078507066852244,1.0662812815960487,1.2883224487304688
2019-06-11,124.0,124.4499969482422,121.20999908447266,122.58000183105467,121.47795867919922,1.0755451867588006,-0.5193967495280227,-0.634246826171875
2019-06-12,122.98999786376952,122.98999786376952,121.19000244140624,121.62000274658205,120.5265884399414,0.43181847231464004,-0.7831628466611007,-0.9513702392578125
2019-06-13,121.5,122.0999984741211,120.30999755859376,120.72000122070312,119.63467407226562,-0.314541460159121,-0.7400146135557617,-0.8919143676757812
2019-06-14,120.45999908447266,120.51000213623048,119.56999969482422,120.08999633789062,119.01034545898438,-0.16931894757301968,-0.5218625938698374,-0.62432861328125
2019-06-17,120.04000091552734,120.83999633789062,119.79000091552734,120.16999816894533,119.0896224975586,-0.5253933774716335,0.06661356898718385,0.07927703857421875
2019-06-18,120.58999633789062,120.6999969482422,119.37999725341795,119.48999786376952,118.41573333740234,-0.022700064673590484,-0.5658672401703702,-0.67388916015625
2019-06-19,119.62999725341795,120.0,118.81999969482422,119.41000366210938,118.33646392822266,0.8982061569661577,-0.0669416191122374,-0.0792694091796875
2019-06-20,120.88999938964844,121.0,118.27999877929688,119.80999755859376,118.73285675048828,0.8625987139762963,0.33497098789943003,0.396392822265625
2019-06-21,119.31999969482422,119.8499984741211,117.43000030517578,119.37999725341795,118.30672454833984,2.7372258596189982,-0.3588999825414274,-0.4261322021484375
2019-06-24,119.5,119.5,118.4800033569336,118.77999877929688,117.71212005615234,-0.16652620694636389,-0.5025956846134716,-0.5946044921875
2019-06-25,119.0,121.79000091552734,118.87999725341795,121.05999755859376,119.97161102294922,0.622423020083898,1.9195057957660078,2.259490966796875
2019-06-26,121.23999786376952,121.25,119.0999984741211,119.23999786376952,118.16798400878906,0.1755845198189709,-1.5033781732039397,-1.8036270141601562
2019-06-27,119.38999938964844,121.80999755859376,119.38999938964844,121.5500030517578,120.45722198486328,0.25238488705200524,1.937274292420832,2.2892379760742188
2019-06-28,121.62000274658205,124.75,121.62000274658205,124.33999633789062,123.22212982177734,4.325597091029481,2.295344182237158,2.7649078369140625
2019-07-01,125.0,126.1999969482422,123.12000274658205,124.2699966430664,123.15276336669922,0.771136458453319,-0.056293829021181185,-0.069366455078125
2019-07-02,124.37000274658205,124.70999908447266,123.22000122070312,123.54000091552734,122.42932891845705,1.3324773244111336,-0.587428514363153,-0.7234344482421733
2019-07-03,124.0,125.91999816894533,124.0,125.91999816894533,124.78791809082033,-0.16024254053638837,1.9264903215586493,2.3585891723632812
2019-07-05,125.20999908447266,125.26000213623048,123.01000213623048,124.61000061035156,123.48970794677734,0.30544695895846535,-1.0403332020477718,-1.298210144042983
2019-07-08,125.5,125.5,123.63999938964844,123.98999786376952,122.87528228759766,-0.08344217330335402,-0.4975521194401922,-0.6144256591796875
2019-07-09,123.79000091552734,124.52999877929688,123.79000091552734,124.06999969482422,122.95455932617188,0.1637153721556838,0.06451829619293914,0.07927703857421875
2019-07-10,124.62999725341795,125.79000091552734,123.3499984741211,123.58000183105467,122.46896362304688,-0.29080316483254676,-0.39493915946363645,-0.485595703125
2019-07-11,123.2699966430664,124.12000274658205,123.01000213623048,124.0199966430664,122.9050064086914,0.10367144868258421,0.35604350093680903,0.43604278564453125
2019-07-12,124.19000244140624,124.19000244140624,123.20999908447266,123.41000366210938,122.3004913330078,0.2056064815555207,-0.4918555340808761,-0.604515075683608
2019-07-15,123.1500015258789,123.95999908447266,122.69000244140624,122.91999816894533,121.8148956298828,-0.15326068896974887,-0.39705131012335304,-0.485595703125
2019-07-16,123.12000274658205,123.36000061035156,122.3000030517578,123.16000366210938,122.05274963378906,0.13439159557579794,0.19525855411717252,0.2378540039062642
2019-07-17,123.12000274658205,124.43000030517578,123.12000274658205,123.52999877929688,122.4194107055664,0.3892291777581392,0.3004119717724407,0.36666107177734375
2019-07-18,123.1500015258789,124.4499969482422,123.02999877929688,124.36000061035156,123.24195861816406,-0.18328265070629865,0.6719097142004582,0.8225479125976562
2019-07-19,124.70999908447266,124.9499969482422,123.36000061035156,123.4000015258789,122.29058074951172,0.10087870805592841,-0.7719593873057207,-0.9513778686523438
2019-07-22,123.51000213623048,123.88999938964844,122.81999969482422,123.16000366210938,122.05274963378906,-0.40321097505544246,-0.19448032241322633,-0.23783111572265625
2019-07-23,123.88999938964844,124.70999908447266,123.37999725341795,124.51000213623048,123.3906021118164,-0.1951517983695858,1.0961264551937466,1.3378524780273438
2019-07-24,124.01000213623048,124.5500030517578,122.83999633789062,123.29000091552734,122.18157196044922,0.026172896292885914,-0.9798397371232226,-1.2090301513671875
2019-07-25,123.0,124.27999877929688,122.68000030517578,122.91999816894533,121.8148956298828,0.43391302778463187,-0.30010772056944246,-0.36667633056642046
2019-07-26,123.12999725341795,124.7699966430664,122.93000030517578,124.48999786376952,123.37078094482422,-0.0946131358099772,1.2772537438022091,1.5558853149414205
2019-07-29,124.4499969482422,125.66000366210938,123.54000091552734,124.94000244140624,123.81674194335938,0.459745878581198,0.36148024282556257,0.44596099853515625
2019-07-30,123.8000030517578,124.56999969482422,122.95999908447266,123.80999755859376,123.05146026611328,0.07085674631937862,-0.6180760899008098,-0.7652816772460938
2019-07-31,123.48999786376952,123.86000061035156,119.94000244140624,121.0199966430664,120.27854919433594,2.861502817505181,-2.253456452918634,-2.7729110717773438
2019-08-01,120.19000244140624,120.19000244140624,114.83999633789062,117.55999755859376,116.83975219726562,2.2443071390142504,-2.859027665451963,-3.4387969970703125
2019-08-02,116.61000061035156,118.33999633789062,115.6500015258789,118.0199966430664,117.29692840576172,0.7334344599934658,0.39128481522643366,0.45717620849609375
2019-08-05,116.44000244140624,119.02999877929688,116.25,117.08000183105467,116.3626937866211,1.7520866035661669,-0.7964698068724019,-0.934234619140625
2019-08-06,117.5500030517578,120.80999755859376,117.37999725341795,119.72000122070312,118.98651885986328,1.0113121523457174,2.254867937359384,2.6238250732421875
2019-08-07,119.0999984741211,122.26000213623048,118.6999969482422,121.66000366210938,120.91463470458984,0.39900376995143444,1.62044899136633,1.9281158447265625
2019-08-08,122.4800033569336,124.0,121.58999633789062,122.87000274658205,122.11722564697266,1.136287295388564,0.9945784853263584,1.2025909423828125
2019-08-09,122.73999786376952,123.2300033569336,121.0500030517578,121.08000183105467,120.3381805419922,-0.17560261398299523,-1.456833870533114,-1.7790451049804545
2019-08-12,121.0199966430664,121.68000030517578,119.91999816894533,120.04000091552734,119.30455780029295,-0.5491316727982077,-0.8589316682734438,-1.0336227416992472
2019-08-13,119.77999877929688,121.80999755859376,119.0500030517578,121.22000122070312,120.47733306884766,0.0331547478595254,0.9830096101758778,1.1727752685547017
2019-08-14,120.01000213623048,120.7300033569336,118.98999786376952,119.08999633789062,118.3603744506836,1.1467600727385234,-1.7571426626403763,-2.1169586181640625
2019-08-15,119.25,120.25,117.9499969482422,118.33000183105467,117.60503387451172,0.18745366748225803,-0.6381701474648449,-0.755340576171875
2019-08-16,118.91000366210938,120.73999786376952,117.9499969482422,120.25,119.51327514648438,-0.09600950612330508,1.6225846880064676,1.9082412719726562
2019-08-19,121.1999969482422,121.4800033569336,120.0,120.22000122070312,119.48345947265624,-0.03596558265020551,-0.024947583263523754,-0.02981567382813921
2019-08-20,120.0999984741211,120.0999984741211,118.45999908447266,118.87999725341795,118.15166473388672,-0.4869931938551163,-1.1146268652141744,-1.331794738769517
2019-08-21,119.66000366210938,119.83000183105467,118.88999938964844,119.33000183105467,118.59890747070312,0.6070629466372911,0.3785327424913776,0.44724273681640625
2019-08-22,119.83000183105467,120.72000122070312,119.04000091552734,120.54000091552734,119.8014907836914,0.10855874477923184,1.0139918981002083,1.2025833129882812
2019-08-23,120.5500030517578,121.33000183105467,119.88999938964844,120.26000213623048,119.5232162475586,0.5903065028773564,-0.23227969394408188,-0.2782745361328125
2019-08-26,120.72000122070312,121.2300033569336,119.91000366210938,120.98999786376952,120.2487335205078,0.1783772604456267,0.6070094963362527,0.7255172729492045
2019-08-27,121.4800033569336,121.83000183105467,120.80999755859376,121.5,120.755615234375,-0.1993409093095695,0.42152769432766135,0.5068817138672017
2019-08-28,121.48999786376952,122.13999938964844,120.62999725341795,121.86000061035156,121.1134033203125,0.06666763537939494,0.29629105465867056,0.3577880859375
2019-08-29,122.87999725341795,123.44000244140624,121.1500015258789,121.69000244140624,120.94445037841795,-0.1881699468029463,-0.13949978884476577,-0.16895294189454546
2019-08-30,122.37999725341795,123.31999969482422,121.2300033569336,122.22000122070312,121.47119903564452,-0.19445361321292184,0.43552941501527886,0.5267486572265625
2019-09-03,120.80999755859376,121.08000183105467,118.56999969482422,119.6500015258789,118.9169464111328,0.3522253644549499,-2.102763984211764,-2.5542526245117188
2019-09-04,120.7300033569336,122.0500030517578,120.19000244140624,121.94000244140624,121.1929168701172,-0.3543380140889661,1.9139159957199503,2.2759704589844034
2019-09-05,122.98999786376952,123.20999908447266,120.9800033569336,121.1999969482422,120.45745086669922,0.12950429947915032,-0.6068556004854453,-0.735466003417983
2019-09-06,120.95999908447266,121.83999633789062,120.31999969482422,120.87999725341795,120.139404296875,0.19373733389223358,-0.26403229317559784,-0.31804656982421875
2019-09-09,121.56999969482422,121.56999969482422,118.7699966430664,119.0999984741211,118.3703155517578,0.14905348386574085,-1.472529979211179,-1.7690887451172017
2019-09-10,118.9800033569336,119.31999969482422,116.12000274658205,119.11000061035156,118.38025665283205,0.32569432850171987,0.008398305798129613,0.009941101074247172
2019-09-11,118.9000015258789,119.52999877929688,116.72000122070312,118.62999725341795,117.9031982421875,0.1406752619857735,-0.40298815371180297,-0.47705841064454546
2019-09-12,119.08000183105467,119.6999969482422,117.9800033569336,118.0500030517578,117.32675170898438,-0.3368833851723674,-0.48891509458380833,-0.576446533203125
2019-09-13,118.5500030517578,118.97000122070312,117.66000366210938,118.4000015258789,117.6746063232422,0.40738199183140184,0.29648363155969637,0.3478546142578267
2019-09-16,117.72000122070312,117.72000122070312,115.87000274658205,116.4800033569336,115.76637268066406,-0.13580606005315016,-1.621618888051668,-1.9082336425781392
2019-09-17,116.1999969482422,117.86000061035156,116.06999969482422,117.01000213623048,116.29312133789062,0.03594748848618119,0.4550100733306861,0.5267486572265625
2019-09-18,116.88999938964844,118.9499969482422,116.55999755859376,118.3000030517578,117.5752182006836,0.29218144098185034,1.102470075652917,1.2820968627929688
2019-09-19,118.33000183105467,118.9499969482422,117.63999938964844,117.8499984741211,117.1279754638672,0.6468595005671363,-0.38038860880786896,-0.44724273681639204
2019-09-20,118.13999938964844,119.0199966430664,117.55999755859376,118.0500030517578,117.32675170898438,2.2086996960243894,0.16970859807825533,0.1987762451171733
2019-09-23,117.61000061035156,118.97000122070312,117.61000061035156,118.0999984741211,117.3764419555664,-0.3299015336057279,0.042352017641533735,0.04969024658203125
2019-09-24,118.5999984741211,119.48999786376952,118.25,118.51000213623048,117.78392791748048,-0.17071531788634758,0.34716162385322047,0.4074859619140767
2019-09-25,118.70999908447266,119.44000244140624,118.66999816894533,119.12000274658205,118.39019775390624,-0.0659875443867553,0.514730530001084,0.6062698364257528
2019-09-26,119.56999969482422,119.68000030517578,118.5199966430664,118.91999816894533,118.19142150878906,-0.6538594462978,-0.16789924241056298,-0.1987762451171733
2019-09-27,119.20999908447266,119.30999755859376,118.05999755859376,118.66999816894533,117.94295501708984,-0.43602567741864806,-0.21022379503299327,-0.24846649169921875
2019-09-30,118.9499969482422,119.41000366210938,117.83999633789062,118.4499969482422,117.72428894042967,0.056893043186099654,-0.18539986269504594,-0.21866607666017046
2019-10-01,119.29000091552734,119.7300033569336,117.5,117.66999816894533,116.9490737915039,-0.4765204165051571,-0.6585005999212634,-0.775215148925767
2019-10-02,117.0,117.0199966430664,115.05999755859376,115.3499984741211,114.6432876586914,0.09808596742927261,-1.9716155571468996,-2.3057861328125
2019-10-03,115.0,115.2300033569336,113.77999877929688,114.98999786376952,114.2854995727539,0.20630466671218464,-0.3120881241670981,-0.3577880859375
2019-10-04,115.30999755859376,117.62000274658205,115.08999633789062,117.33000183105467,116.61116027832033,-0.3431670515823429,2.034956940522381,2.3256607055664205
2019-10-07,116.69000244140624,117.4499969482422,116.23999786376952,116.55999755859376,115.84587860107422,0.0317583775461975,-0.656267955330847,-0.765281677246108
2019-10-08,116.01000213623048,117.76000213623048,114.51000213623048,114.77999877929688,114.0767822265625,0.07225311663270652,-1.5271120525605975,-1.7690963745117188
2019-10-09,115.81999969482422,116.88999938964844,115.37999725341795,116.4800033569336,115.76637268066406,-0.5365643399782567,1.4810993272460493,1.6895904541015625
2019-10-10,116.4800033569336,117.23999786376952,115.7300033569336,116.30999755859376,115.597412109375,-0.7620781455807121,-0.14594961159846154,-0.1689605712890625
2019-10-11,116.91999816894533,118.0,116.23999786376952,116.33000183105467,115.61729431152344,0.015001933786262737,0.017199521845379095,0.0198822021484375
2019-10-14,116.31999969482422,116.87999725341795,115.73999786376952,115.8499984741211,115.14022064208984,-0.5561135243648472,-0.41263175399015584,-0.47707366943359375
2019-10-15,116.33999633789062,116.63999938964844,115.0500030517578,115.18000030517578,114.47433471679688,-0.2028318350928892,-0.57832608065157,-0.6658859252929688
2019-10-16,115.13999938964844,115.5999984741211,114.4000015258789,115.47000122070312,114.76255798339844,0.015001933786262737,0.2517798136277616,0.2882232666015625
2019-10-17,115.56999969482422,117.08000183105467,115.5,116.5500030517578,115.83594512939452,-0.40321097505544246,0.9353112764803884,1.0733871459960795
2019-10-18,116.41999816894533,118.0,116.41999816894533,117.77999877929688,117.05840301513672,0.05270393224611596,1.055335530242063,1.2224578857422017
2019-10-21,118.37000274658205,119.11000061035156,117.8000030517578,117.9000015258789,117.17767333984376,-0.4793131571318129,0.10188958813288629,0.11927032470704546
2019-10-22,118.02999877929688,118.0500030517578,116.62000274658205,116.66000366210938,115.9452667236328,-0.8807696222135833,-1.0517418387687938,-1.232406616210966
2019-10-23,116.52999877929688,117.93000030517578,116.5,117.37000274658205,116.6509246826172,-0.7453217018207773,0.6086129938071672,0.7056579589844034
2019-10-24,117.4499969482422,118.12999725341795,116.73999786376952,117.33999633789062,116.62110137939452,-0.6217429290912584,-0.02556628102505787,-0.02982330322268467
2019-10-25,117.20999908447266,118.62000274658205,117.20999908447266,117.87999725341795,117.15779113769533,-0.6371030025378652,0.46019952817530907,0.5366897583008097
2019-10-28,117.95999908447266,118.8000030517578,117.83999633789062,118.1999969482422,117.47582244873048,-0.5407534509182403,0.27145553697012215,0.31803131103515625
2019-10-29,117.4499969482422,119.12999725341795,117.4499969482422,118.51000213623048,118.14376068115234,-0.5232988220016416,0.568575063786736,0.6679382324218608
2019-10-30,118.58000183105467,119.62999725341795,117.7699966430664,119.25,118.8814697265625,-0.4423093438286236,0.6244164238186745,0.7377090454101562
2019-10-31,119.04000091552734,119.62999725341795,117.62000274658205,118.1500015258789,117.78487396240234,0.7292453490534822,-0.9224278322621848,-1.0965957641601562
2019-11-01,113.66999816894533,115.55999755859376,109.54000091552734,110.79000091552734,110.44761657714844,2.5954942728162167,-6.229371513014481,-7.337257385253906
2019-11-04,111.01000213623048,111.76000213623048,108.41000366210938,108.66999816894533,108.33416748046876,2.388831466443688,-1.9135307417008973,-2.1134490966796733
2019-11-05,109.20999908447266,110.25,108.43000030517578,108.66000366210938,108.32420349121094,1.2130876626215985,-0.009197457726917158,-0.00996398925782671
2019-11-06,108.66999816894533,109.80999755859376,108.41999816894533,109.48999786376952,109.1516342163086,1.1048689633386866,0.763846581308858,0.8274307250976562
2019-11-07,109.52999877929688,110.52999877929688,108.91000366210938,109.4000015258789,109.0619125366211,-0.15465705928307677,-0.082199117156323,-0.0897216796875
2019-11-08,109.30999755859376,110.93000030517578,108.87000274658205,109.0,108.66314697265624,0.6419722044704885,-0.365632286001738,-0.39876556396485796
2019-11-11,108.4800033569336,109.76000213623048,108.4800033569336,108.58000183105467,108.24444580078124,-0.2098136866595287,-0.3853203073350686,-0.418701171875
2019-11-12,108.63999938964844,109.3000030517578,108.16000366210938,108.22000122070312,107.88555908203124,-0.1825844655496347,-0.33155208666365565,-0.35888671875
2019-11-13,108.31999969482422,110.06999969482422,108.0199966430664,109.62000274658205,109.28123474121094,1.2137858477782624,1.2936630917567804,1.3956756591797017
2019-11-14,109.4800033569336,110.58000183105467,109.4800033569336,110.47000122070312,110.12860870361328,0.08691500492264945,0.7754066509305213,0.8473739624023438
2019-11-15,110.7300033569336,110.7300033569336,109.6999969482422,109.95999908447266,109.62017822265624,0.6685032404237187,-0.4616697576969919,-0.5084304809570455
2019-11-18,109.91999816894533,110.9499969482422,109.87999725341795,110.33999633789062,109.9990005493164,0.9812901906091676,0.3455771855166212,0.37882232666017046
2019-11-19,110.7300033569336,111.4000015258789,110.4499969482422,110.5,110.15851593017578,0.3291852542850396,0.14501530019617181,0.159515380859375
2019-11-21,111.2300033569336,112.0500030517578,110.18000030517578,111.3000030517578,110.95604705810548,0.22794840656876705,0.7239849967071166,0.7975311279297017
2019-11-22,111.6500015258789,111.66999816894533,110.0,110.12000274658205,109.77969360351562,-0.41787286334538537,-1.0601976960965653,-1.176353454589858
2019-11-25,110.26000213623048,111.05999755859376,110.16999816894533,110.9499969482422,110.60711669921876,0.3689818082148847,0.75371233835968,0.8274230957031392
2019-11-26,111.5199966430664,112.6500015258789,110.97000122070312,112.55999755859376,112.21214294433594,0.07225311663270652,1.451105763367666,1.6050262451171733
2019-11-27,112.98999786376952,113.58000183105467,112.62999725341795,112.83000183105467,112.48131561279295,-0.4611603430585502,0.23987837803840506,0.26917266845701704
2019-11-29,112.63999938964844,113.20999908447266,111.94000244140624,112.12000274658205,111.77350616455078,-0.8535404011036893,-0.6292684650655578,-0.7078094482421733
2019-12-02,112.5199966430664,112.72000122070312,111.62000274658205,112.01000213623048,111.66384887695312,0.4311202871579761,-0.09810669036025566,-0.10965728759765625
2019-12-03,111.51000213623048,113.30999755859376,111.13999938964844,112.70999908447266,112.36167907714844,0.24330848001537392,0.6249383369941741,0.6978302001953125
2019-12-04,112.73999786376952,113.4800033569336,111.73999786376952,111.77999877929688,111.43455505371094,0.5100152098610022,-0.8251247498721748,-0.9271240234375
2019-12-05,111.88999938964844,112.66000366210938,111.6500015258789,111.9499969482422,111.6040267944336,0.2244574807854473,0.15208185705140043,0.16947174072265625
2019-12-06,112.79000091552734,113.0,111.8000030517578,112.08000183105467,111.73363494873048,0.771834643609983,0.11613214865053845,0.1296081542968892
2019-12-09,112.30999755859376,112.83999633789062,111.69000244140624,112.62999725341795,112.28192901611328,0.30335240348847353,0.4907153227713179,0.5482940673827983
2019-12-10,112.47000122070312,112.83000183105467,111.33999633789062,111.94000244140624,111.59406280517578,0.055496672872771755,-0.6126241479506356,-0.6878662109375
2019-12-11,111.97000122070312,112.7699966430664,111.9000015258789,112.56999969482422,112.22211456298828,-0.4918804899517639,0.5628003336602072,0.6280517578125
2019-12-12,112.51000213623048,114.44000244140624,112.51000213623048,114.18000030517578,113.82714080810548,1.3645938416176753,1.43022277860958,1.6050262451172017
2019-12-13,113.9800033569336,115.38999938964844,113.33000183105467,113.97000122070312,113.61779022216795,1.178876589945065,-0.18391974396551047,-0.20935058593752842
2019-12-16,114.45999908447266,114.70999908447266,113.3000030517578,114.31999969482422,113.96670532226562,-0.12114417176320724,0.3070954816278393,0.34891510009767046
2019-12-17,114.12999725341795,114.75,113.05999755859376,113.3499984741211,112.99970245361328,0.26076310893197263,-0.8484959409135628,-0.9670028686523438
2019-12-18,113.3499984741211,113.37000274658205,112.36000061035156,113.08000183105467,112.73054504394533,-0.052722026410140274,-0.23819302513512497,-0.26915740966795454
2019-12-19,113.16000366210938,113.4800033569336,112.8000030517578,113.26000213623048,112.90998840332033,-0.27544309138593986,0.15917900450588274,0.179443359375
2019-12-20,113.72000122070312,115.13999938964844,113.72000122070312,114.95999908447266,114.60472869873048,1.8288869707992013,1.5009657864426096,1.6947402954101562
2019-12-23,114.93000030517578,115.37000274658205,114.2300033569336,115.37000274658205,115.01346588134766,-0.4695385649385176,0.35664949191724915,0.4087371826171733
2019-12-24,115.30999755859376,115.63999938964844,114.68000030517578,114.7300033569336,114.3754425048828,-1.0315776160529961,-0.5547379792232965,-0.638023376464858
2019-12-26,114.73999786376952,114.86000061035156,113.8000030517578,114.81999969482422,114.46516418457033,-0.7027324072642764,0.0784448809312277,0.08972167968752842
2019-12-27,115.22000122070312,115.3499984741211,114.1500015258789,115.0199966430664,114.66454315185548,-0.8640131784536486,0.17418309640797602,0.19937896728515625
2019-12-30,114.94000244140624,115.8000030517578,114.66999816894533,115.76000213623048,115.40225982666016,-0.1295223936431746,0.6433694798118061,0.7377166748046733
2019-12-31,115.72000122070312,116.1999969482422,115.0199966430664,115.62000274658205,115.2626953125,0.6922415357502929,-0.12093741870374819,-0.13956451416015625
2020-01-02,115.5,116.4800033569336,112.93000030517578,113.68000030517578,113.32868194580078,1.055297817215546,-1.6779178739970702,-1.9340133666992188
2020-01-03,112.80999755859376,114.83999633789062,112.80999755859376,114.04000091552734,113.68757629394533,0.06946037600605073,0.31668448091206614,0.35889434814454546
2020-01-06,113.66000366210938,114.48999786376952,113.55999755859376,114.0500030517578,113.69754791259766,0.4946551364143954,0.008771071543067777,0.00997161865232954
2020-01-07,113.55999755859376,114.01000213623048,112.73999786376952,112.91000366210938,112.56106567382812,0.16162081668569195,-0.999566182063294,-1.1364822387695312
2020-01-08,113.08000183105467,114.18000030517578,113.08000183105467,113.22000122070312,112.87010955810548,0.8339731225530744,0.27455664392239676,0.30904388427735796
2020-01-09,113.7699966430664,115.05999755859376,113.31999969482422,114.66000366210938,114.3056640625,0.8207076045764594,1.271864189744143,1.435554504394517
2020-01-10,114.66000366210938,116.16999816894533,114.56999969482422,115.79000091552734,115.43216705322266,-0.10299135768994458,0.9855180843065803,1.1265029907226562
2020-01-13,115.48999786376952,116.55999755859376,115.37000274658205,116.1999969482422,115.84089660644533,0.25797036830531683,0.354086355352079,0.40872955322267046
2020-01-14,116.25,116.31999969482422,115.13999938964844,116.12999725341795,115.77111053466795,-0.3543380140889661,-0.06024303490541616,-0.06978607177737217
2020-01-15,116.31999969482422,117.2300033569336,115.9000015258789,116.70999908447266,116.3493194580078,0.20909740733884044,0.49944145881428703,0.5782089233398438
2020-01-16,117.20999908447266,118.2699966430664,117.18000030517578,118.22000122070312,117.85466003417967,-0.16931894757301968,1.2938112428884319,1.505340576171875
2020-01-17,118.30999755859376,118.61000061035156,117.05999755859376,117.31999969482422,116.95743560791016,-0.14627883740310937,-0.761297369157321,-0.897224426269517
2020-01-21,116.66000366210938,116.7699966430664,115.3499984741211,115.62999725341795,115.2726593017578,-0.15535524443974072,-1.4405038015713911,-1.684776306152358
2020-01-22,115.69000244140624,116.43000030517578,115.4800033569336,115.66999816894533,115.31253051757812,-0.4869931938551163,0.03458861456120399,0.03987121582032671
2020-01-23,115.33000183105467,119.0199966430664,114.7699966430664,117.37000274658205,117.00728607177734,0.6245175755538899,1.46970632470933,1.6947555541992188
2020-01-24,117.4000015258789,118.16000366210938,116.62000274658205,117.12000274658205,116.758056640625,0.010114637689615097,-0.21300334322723602,-0.24922943115234375
2020-01-27,115.54000091552734,117.26000213623048,115.22000122070312,116.48999786376952,116.12999725341795,0.19234096357890568,-0.5379152456606695,-0.6280593872070455
2020-01-28,116.41000366210938,116.58000183105467,115.56999969482422,115.97000122070312,115.97000122070312,-0.23006105620278322,-0.1377732166527923,-0.15999603271482954
2020-01-29,115.91000366210938,117.08000183105467,115.52999877929688,115.94000244140624,115.94000244140624,-0.002452695130335977,-0.02586770628707491,-0.02999877929688921
2020-01-30,115.0199966430664,117.01000213623048,114.33000183105467,116.54000091552734,116.54000091552734,-0.40740008599542615,0.517507729417499,0.599998474121108
2020-01-31,115.91000366210938,116.38999938964844,115.13999938964844,115.51000213623048,115.51000213623048,0.622423020083898,-0.8838156608935055,-1.0299987792968608
2020-02-03,115.61000061035156,117.54000091552734,115.51000213623048,117.23999786376952,117.23999786376952,0.41715658402469713,1.497702099856868,1.729995727539034
2020-02-04,117.79000091552734,118.48999786376952,116.1999969482422,116.9499969482422,116.9499969482422,0.7131870904502113,-0.24735663665252927,-0.29000091552731533
2020-02-05,117.13999938964844,118.29000091552734,116.75,117.87000274658205,117.87000274658205,-0.1637334663197081,0.7866659447173907,0.9200057983398438
2020-02-06,118.0500030517578,118.9499969482422,117.45999908447266,117.52999877929688,117.52999877929688,0.2530830722086692,-0.28845673993591614,-0.34000396728517046
2020-02-07,117.06999969482422,117.68000030517578,116.22000122070312,116.6999969482422,116.6999969482422,-0.4681421946251897,-0.7062042369397892,-0.8300018310546733
2020-02-10,116.41999816894533,117.0999984741211,115.4800033569336,115.8000030517578,115.8000030517578,-0.4814077126018047,-0.7712030162979056,-0.8999938964844034
2020-02-11,116.0199966430664,116.88999938964844,115.4000015258789,116.0500030517578,116.0500030517578,-0.09740587643663298,0.21588945890465006,0.25
2020-02-12,116.12999725341795,116.20999908447266,114.3000030517578,114.70999908447266,114.70999908447266,1.6522461261632222,-1.1546780974124649,-1.340003967285142
2020-02-13,114.58000183105467,116.5500030517578,113.69000244140624,116.1999969482422,116.1999969482422,-0.07785669205004242,1.298925878878543,1.4899978637695455
2020-02-14,116.5999984741211,117.75,116.16999816894533,116.66999816894533,116.66999816894533,0.03664567364284514,0.4044761041710476,0.470001220703125
2020-02-18,116.47000122070312,116.62999725341795,115.08000183105467,115.26000213623048,115.26000213623048,0.41715658402469713,-1.2085335174798595,-1.4099960327148438
2020-02-19,115.37000274658205,116.62000274658205,114.72000122070312,115.01000213623048,115.01000213623048,0.5421317270675439,-0.21690091563985048,-0.25
2020-02-20,114.61000061035156,115.66999816894533,113.73999786376952,114.93000030517578,114.93000030517578,1.1649128868117862,-0.06956075955892871,-0.08000183105470171
2020-02-21,111.5199966430664,114.6500015258789,109.16000366210938,111.9800033569336,111.9800033569336,3.5541024929158183,-2.566777116861574,-2.9499969482421875
2020-02-24,110.5,111.20999908447266,109.16999816894533,109.20999908447266,109.20999908447266,1.6501515706932304,-2.4736597512250547,-2.7700042724609375
2020-02-25,109.22000122070312,109.56999969482422,106.70999908447266,106.94000244140624,106.94000244140624,3.001139848837971,-2.0785611776359403,-2.2699966430664205
2020-02-26,104.0,106.55999755859376,102.7699966430664,104.68000030517578,104.68000030517578,2.045324369365025,-2.1133365294888073,-2.2600021362304545
2020-02-27,103.4000015258789,104.76000213623048,101.9499969482422,102.4000015258789,102.4000015258789,3.2043117294271797,-2.17806531586735,-2.279998779296875
2020-02-28,99.7300033569336,102.20999908447266,99.31999969482422,101.06999969482422,101.06999969482422,3.3460433162299617,-1.2988298937852694,-1.3300018310546875
2020-03-02,101.62000274658205,103.76000213623048,100.80999755859376,103.58000183105467,103.58000183105467,0.839558603806386,2.4834294487080966,2.5100021362304545
2020-03-03,103.79000091552734,105.72000122070312,102.1999969482422,102.76000213623048,102.76000213623048,0.989668412489135,-0.7916583127326682,-0.8199996948241903
2020-03-04,105.38999938964844,107.62999725341795,104.44000244140624,107.44000244140624,107.44000244140624,0.5791355403707332,4.554301486848367,4.680000305175753
2020-03-05,105.33999633789062,105.8000030517578,102.63999938964844,103.9800033569336,103.9800033569336,0.43461121294129584,-3.2204011595770354,-3.459999084472642
2020-03-06,101.61000061035156,107.41000366210938,101.33000183105467,107.3000030517578,107.3000030517578,2.879655631578444,3.1929213191382644,3.3199996948242045
2020-03-09,102.73999786376952,105.0,99.4800033569336,101.4499969482422,101.4499969482422,2.691843824435842,-5.452009261075008,-5.850006103515597
2020-03-10,103.5999984741211,103.98999786376952,99.38999938964844,103.98999786376952,103.98999786376952,2.169601327251208,2.503697379925174,2.5400009155273153
2020-03-11,101.66999816894533,101.66999816894533,97.91999816894533,99.08000183105467,99.08000183105467,3.4507710897295536,-4.72160412883853,-4.909996032714844
2020-03-13,98.08000183105467,99.44000244140624,91.12000274658205,96.38999938964844,96.38999938964844,2.684163787712538,-2.7149802096219866,-2.690002441406236
2020-03-16,87.4000015258789,94.4800033569336,87.4000015258789,87.87999725341797,87.87999725341797,3.1826679895705974,-8.828718943994907,-8.510002136230469
2020-03-17,89.94999694824219,96.9499969482422,89.4800033569336,96.4499969482422,96.4499969482422,2.6820692322425463,9.751934413597073,8.569999694824233
2020-03-18,91.69000244140624,96.9800033569336,90.33999633789062,96.75,96.75,3.8431511477746927,0.3110451645931933,0.3000030517577983
2020-03-19,96.48999786376952,101.22000122070312,93.58999633789062,98.87999725341795,98.87999725341795,0.9994430046824303,2.201547548752414,2.1299972534179545
2020-03-20,98.80999755859376,99.9800033569336,89.12999725341797,92.51000213623048,92.51000213623048,3.600880898412303,-6.4421473443834305,-6.369995117187472
2020-03-23,92.05999755859376,93.23999786376952,79.83999633789062,83.93000030517578,83.93000030517578,3.401898128763077,-9.274674773458303,-8.580001831054702
2020-03-24,87.2699966430664,88.31999969482422,82.69000244140625,88.05999755859375,88.05999755859375,2.262459953087513,4.920764015728563,4.129997253417969
2020-03-25,89.0,93.66000366210938,86.22000122070312,90.18000030517578,90.18000030517578,2.545923126693076,2.4074526520074135,2.1200027465820312
2020-03-26,90.8499984741211,97.33999633789062,90.22000122070312,96.1999969482422,96.1999969482422,1.6438679042832547,6.675534068190636,6.0199966430664205
2020-03-27,94.54000091552734,95.83999633789062,92.0999984741211,94.0,94.0,1.8882327091156368,-2.286899187144309,-2.1999969482422017
2020-03-30,94.97000122070312,100.95999908447266,94.37000274658205,100.4800033569336,100.4800033569336,1.5628784261102369,6.893620592482552,6.480003356933594
2020-03-31,100.5199966430664,102.75,97.44000244140624,99.54000091552734,99.54000091552734,2.2303434358809717,-0.93551195262912,-0.94000244140625
2020-04-01,97.70999908447266,98.68000030517578,95.44000244140624,96.20999908447266,96.20999908447266,0.5896083177206924,-3.3453905971737252,-3.3300018310546875
