Date,Open,High,Low,Close,Adj Close,Volume,Daily_Return,Adj Close Diff
2014-01-17,252.0,267.75,246.75,257.25,257.25,-0.5859506133603862,,
2014-01-21,266.70001220703125,286.6499938964844,266.70001220703125,278.25,278.25,-0.5801099840788555,8.163265306122458,21.0
2014-01-22,288.75,288.75,262.5,278.25,278.25,-0.6063928158457437,0.0,0.0
2014-01-23,267.75,278.25,248.8500061035156,248.8500061035156,248.8500061035156,-0.6122334451272744,-10.566035542312457,-29.399993896484403
2014-01-24,250.4250030517578,278.25,249.375,266.70001220703125,266.70001220703125,-0.6239147036903357,7.1729980573480345,17.850006103515653
2014-01-27,273.0,283.5,267.75,273.0,273.0,-0.6239147036903357,2.3622000392254483,6.29998779296875
2014-01-28,273.0,273.0,257.25,262.5,262.5,-0.6239147036903357,-3.8461538461538436,-10.5
2014-01-29,277.20001220703125,277.20001220703125,259.3500061035156,273.0,273.0,-0.6297553329718665,4.0000000000000036,10.5
2014-01-30,273.0,276.1499938964844,256.20001220703125,256.20001220703125,256.20001220703125,-0.6122334451272744,-6.153841682406136,-16.79998779296875
2014-01-31,257.25,288.75,252.0,257.25,257.25,-0.6239147036903357,0.40983128139755465,1.04998779296875
2014-02-03,267.75,267.75,237.3000030517578,246.75,246.75,-0.618074074408805,-4.081632653061229,-10.5
2014-02-04,241.5,252.0,241.5,252.0,252.0,-0.6268350183311011,2.127659574468077,5.25
2014-02-05,252.0,262.5,240.4499969482422,262.5,262.5,-0.6268350183311011,4.166666666666674,10.5
2014-02-06,262.5,320.25,241.5,308.70001220703125,308.70001220703125,-0.5830302987196209,17.600004650297628,46.20001220703125
2014-02-07,315.0,357.0,315.0,333.8999938964844,333.8999938964844,-0.6151537597680397,8.163259051817807,25.199981689453125
2014-02-10,341.25,341.25,273.0,315.0,315.0,-0.6122334451272744,-5.660375634012061,-18.899993896484375
2014-02-11,336.0,336.0,309.75,312.8999938964844,312.8999938964844,-0.6209943890495704,-0.6666686042906766,-2.100006103515625
2014-02-12,336.0,336.0,289.79998779296875,315.0,315.0,-0.6034725012049783,0.6711429033170235,2.100006103515625
2014-02-13,315.0,320.25,299.25,315.0,315.0,-0.6239147036903357,0.0,0.0
2014-02-14,315.0,366.4500122070313,294.0,299.25,299.25,-0.6122334451272744,-5.000000000000004,-15.75
2014-02-18,341.25,341.25,299.25,315.0,315.0,-0.5917912426419168,5.263157894736836,15.75
2014-02-19,316.04998779296875,357.0,316.04998779296875,346.5,346.5,-0.5888709280011515,10.000000000000009,31.5
2014-03-27,343.3500061035156,358.04998779296875,315.0,346.5,346.5,-0.5567474669527327,0.0,0.0
2014-03-31,357.0,357.0,325.5,334.95001220703125,334.95001220703125,-0.5947115572826822,-3.333329810380592,-11.54998779296875
2014-04-01,326.0249938964844,355.95001220703125,322.3500061035156,340.20001220703125,340.20001220703125,-0.5801099840788555,1.567398061999481,5.25
2014-04-02,346.5,355.95001220703125,322.3500061035156,330.75,330.75,-0.6005521865642129,-2.7777812662982404,-9.45001220703125
2014-04-03,327.6000061035156,344.3999938964844,323.3999938964844,325.5,325.5,-0.609313130486509,-1.5873015873015928,-5.25
2014-04-04,333.8999938964844,336.0,315.0,315.0,315.0,-0.5976318719234476,-3.2258064516129004,-10.5
2014-04-07,316.04998779296875,319.20001220703125,281.3999938964844,283.5,283.5,-0.5976318719234476,-9.999999999999998,-31.5
2014-04-08,285.6000061035156,289.79998779296875,273.0,273.0,273.0,-0.5888709280011515,-3.703703703703709,-10.5
2014-04-09,278.25,278.25,262.5,263.54998779296875,263.54998779296875,-0.6005521865642129,-3.4615429329784786,-9.45001220703125
2014-04-10,260.3999938964844,269.8500061035156,242.5500030517578,263.54998779296875,263.54998779296875,-0.5947115572826822,0.0,0.0
2014-04-11,266.70001220703125,266.70001220703125,235.1999969482422,238.3500061035156,238.3500061035156,-0.5976318719234476,-9.561746483270174,-25.199981689453153
2014-04-14,238.3500061035156,259.3500061035156,237.3000030517578,242.5500030517578,242.5500030517578,-0.6122334451272744,1.7621132119535865,4.199996948242216
2014-04-15,249.8999938964844,249.8999938964844,236.25,245.6999969482422,245.6999969482422,-0.618074074408805,1.2986987659662885,3.149993896484375
2014-04-16,267.75,267.75,243.6000061035156,257.25,257.25,-0.6209943890495704,4.700856001309139,11.550003051757812
2014-04-17,259.3500061035156,281.3999938964844,257.25,278.25,278.25,-0.6209943890495704,8.163265306122458,21.0
2014-04-21,283.5,292.95001220703125,264.6000061035156,265.6499938964844,265.6499938964844,-0.618074074408805,-4.528304080329071,-12.600006103515625
2014-04-22,267.75,283.5,265.6499938964844,281.3999938964844,281.3999938964844,-0.6239147036903357,5.928853891160757,15.75
2014-04-23,294.0,298.20001220703125,287.70001220703125,294.0,294.0,-0.618074074408805,4.47761420639925,12.600006103515625
2014-04-28,330.75,330.75,288.75,298.20001220703125,298.20001220703125,-0.6034725012049783,1.4285755806228817,4.20001220703125
2014-04-29,300.29998779296875,304.5,283.5,294.0,294.0,-0.6151537597680397,-1.4084547401410963,-4.20001220703125
2014-04-30,299.25,299.25,283.5,299.25,299.25,-0.6239147036903357,1.7857142857142794,5.25
2014-05-01,304.5,304.5,285.6000061035156,294.0,294.0,-0.6239147036903357,-1.7543859649122862,-5.25
2014-05-02,294.0,294.0,284.54998779296875,286.6499938964844,286.6499938964844,-0.6209943890495704,-2.50000207602572,-7.350006103515625
2014-05-05,291.8999938964844,291.8999938964844,274.04998779296875,277.20001220703125,277.20001220703125,-0.6209943890495704,-3.2966969791270007,-9.449981689453125
2014-05-06,280.3500061035156,304.5,279.29998779296875,297.1499938964844,297.1499938964844,-0.6209943890495704,7.196962774501303,19.949981689453125
2014-05-07,297.1499938964844,298.20001220703125,275.1000061035156,275.1000061035156,275.1000061035156,-0.618074074408805,-7.420490744028118,-22.04998779296875
2014-05-08,276.1499938964844,285.6000061035156,257.25,273.0,273.0,-0.6005521865642129,-0.7633609803430641,-2.100006103515625
2014-05-09,257.25,278.25,237.3000030517578,261.45001220703125,261.45001220703125,-0.609313130486509,-4.230764759329208,-11.54998779296875
2014-05-12,261.45001220703125,261.45001220703125,239.3999938964844,241.5,241.5,-0.6122334451272744,-7.630526401059667,-19.95001220703125
2014-05-13,243.6000061035156,250.9499969482422,243.6000061035156,247.8000030517578,247.8000030517578,-0.6239147036903357,2.608696915841735,6.3000030517578125
2014-05-14,255.1499938964844,262.5,252.0,256.20001220703125,256.20001220703125,-0.618074074408805,3.3898341613494365,8.400009155273438
2014-05-15,258.29998779296875,258.29998779296875,252.0,255.1499938964844,255.1499938964844,-0.6268350183311011,-0.4098431930199653,-1.0500183105468466
2014-05-16,256.20001220703125,256.20001220703125,246.75,252.0,252.0,-0.6268350183311011,-1.2345655386385657,-3.1499938964844034
2014-05-19,256.20001220703125,260.3999938964844,256.20001220703125,256.20001220703125,256.20001220703125,-0.6268350183311011,1.6666715107266805,4.20001220703125
2014-05-20,252.0,253.0500030517578,241.5,241.5,241.5,-0.6268350183311011,-5.737709409300262,-14.70001220703125
2014-05-21,241.5,246.75,225.75,225.75,225.75,-0.618074074408805,-6.521739130434778,-15.75
2014-05-22,225.75,241.5,225.75,235.1999969482422,235.1999969482422,-0.6209943890495704,4.186045159797214,9.449996948242188
2014-05-23,235.1999969482422,242.5500030517578,222.6000061035156,235.1999969482422,235.1999969482422,-0.6239147036903357,0.0,0.0
2014-05-27,236.25,236.25,224.6999969482422,231.0,231.0,-0.6209943890495704,-1.7857130113681174,-4.1999969482421875
2014-05-28,235.1999969482422,241.5,235.1999969482422,241.5,241.5,-0.6239147036903357,4.545454545454541,10.5
2014-05-29,246.75,256.20001220703125,241.5,244.6499938964844,244.6499938964844,-0.6268350183311011,1.3043452987512971,3.1499938964844034
2014-05-30,252.0,273.0,250.9499969482422,273.0,273.0,-0.6268350183311011,11.587985616509332,28.350006103515597
2014-06-02,273.0,328.6499938964844,267.75,299.25,299.25,-0.609313130486509,9.615384615384626,26.25
2014-06-03,301.875,304.5,294.0,294.0,294.0,-0.6268350183311011,-1.7543859649122862,-5.25
2014-06-04,294.0,294.0,279.29998779296875,292.95001220703125,292.95001220703125,-0.6268350183311011,-0.35713870509140877,-1.04998779296875
2014-06-05,294.0,311.8500061035156,280.3500061035156,304.5,304.5,-0.6209943890495704,3.942647998528237,11.54998779296875
2014-06-06,283.5,304.5,261.45001220703125,299.25,299.25,-0.609313130486509,-1.7241379310344862,-5.25
2014-06-09,304.5,306.6000061035156,273.0,299.25,299.25,-0.6209943890495704,0.0,0.0
2014-06-10,275.1000061035156,298.20001220703125,275.1000061035156,283.5,283.5,-0.6239147036903357,-5.263157894736848,-15.75
2014-06-11,283.5,283.5,278.25,282.45001220703125,282.45001220703125,-0.6297553329718665,-0.37036606453924037,-1.04998779296875
2014-06-12,282.45001220703125,294.0,257.25,282.45001220703125,282.45001220703125,-0.618074074408805,0.0,0.0
2014-06-13,283.5,296.1000061035156,252.0,283.5,283.5,-0.6034725012049783,0.3717428739918427,1.04998779296875
2014-06-16,270.8999938964844,270.8999938964844,237.3000030517578,241.5,241.5,-0.6005521865642129,-14.814814814814813,-42.0
2014-06-17,237.3000030517578,254.1000061035156,237.3000030517578,239.3999938964844,239.3999938964844,-0.6063928158457437,-0.8695677447269512,-2.1000061035155966
2014-06-18,238.3500061035156,245.6999969482422,219.4499969482422,229.9499969482422,229.9499969482422,-0.5947115572826822,-3.947367246938338,-9.449996948242216
2014-06-19,225.75,265.6499938964844,225.75,234.1499938964844,234.1499938964844,-0.6034725012049783,1.8264827153650964,4.199996948242216
2014-06-20,227.8500061035156,241.5,227.8500061035156,237.3000030517578,237.3000030517578,-0.6151537597680397,1.3452954248916127,3.150009155273409
2014-06-23,227.8500061035156,227.8500061035156,153.3000030517578,176.39999389648438,176.39999389648438,-0.1070190122748683,-25.663720342216124,-60.90000915527344
2014-06-24,181.6499938964844,181.6499938964844,156.4499969482422,164.42999267578125,164.42999267578125,-0.4486958252444146,-6.785715212511512,-11.970001220703125
2014-06-25,168.0,180.6000061035156,162.75,173.25,173.25,-0.5538271523119673,5.363989367566169,8.82000732421875
2014-06-26,174.3000030517578,176.39999389648438,157.5,168.0,168.0,-0.5801099840788555,-3.0303030303030276,-5.25
2014-06-27,168.0,177.4499969482422,155.39999389648438,163.8000030517578,163.8000030517578,-0.5888709280011515,-2.499998183477492,-4.1999969482421875
2014-06-30,168.0,171.14999389648438,154.35000610351562,154.35000610351562,154.35000610351562,-0.5917912426419168,-5.769228798644255,-9.449996948242188
2014-07-01,155.9250030517578,159.60000610351562,141.75,154.35000610351562,154.35000610351562,-0.5801099840788555,0.0,0.0
2014-07-02,155.39999389648438,157.5,149.10000610351562,153.3000030517578,153.3000030517578,-0.5888709280011515,-0.6802740591105749,-1.0500030517578125
2014-07-03,156.4499969482422,159.60000610351562,148.0500030517578,149.10000610351562,149.10000610351562,-0.6151537597680397,-2.7397239821477126,-4.1999969482421875
2014-07-07,152.25,166.9499969482422,152.25,159.60000610351562,159.60000610351562,-0.5947115572826822,7.042253232847062,10.5
2014-07-08,162.75,171.14999389648438,154.35000610351562,154.35000610351562,154.35000610351562,-0.5976318719234476,-3.28947355841257,-5.25
2014-07-09,157.5,157.5,143.85000610351562,149.10000610351562,149.10000610351562,-0.5976318719234476,-3.401360409716514,-5.25
2014-07-10,152.25,157.5,143.85000610351562,152.25,152.25,-0.6209943890495704,2.112671876282435,3.149993896484375
2014-07-11,154.35000610351562,158.5500030517578,148.0500030517578,155.39999389648438,155.39999389648438,-0.609313130486509,2.068961508364131,3.149993896484375
2014-07-14,152.25,156.4499969482422,131.25,141.75,141.75,-0.5742693547973248,-8.783780201160729,-13.649993896484375
2014-07-15,143.85000610351562,145.9499969482422,137.5500030517578,141.75,141.75,-0.6151537597680397,0.0,0.0
2014-07-16,144.89999389648438,144.89999389648438,139.64999389648438,141.75,141.75,-0.618074074408805,0.0,0.0
2014-07-17,144.89999389648438,151.1999969482422,141.75,144.89999389648438,144.89999389648438,-0.5976318719234476,2.2222179163911004,3.149993896484375
2014-07-18,147.0,150.14999389648438,142.8000030517578,142.8000030517578,142.8000030517578,-0.5947115572826822,-1.4492691050261741,-2.0999908447265625
2014-07-21,145.9499969482422,152.25,142.8000030517578,142.8000030517578,142.8000030517578,-0.6122334451272744,0.0,0.0
2014-07-22,147.0,149.10000610351562,144.89999389648438,145.9499969482422,145.9499969482422,-0.5976318719234476,2.2058780316290827,3.149993896484375
2014-07-23,145.9499969482422,149.10000610351562,145.4250030517578,148.0500030517578,148.0500030517578,-0.6151537597680397,1.438853132871487,2.100006103515625
2014-07-24,147.0,149.10000610351562,142.8000030517578,144.89999389648438,144.89999389648438,-0.6239147036903357,-2.12766571451688,-3.1500091552734375
2014-07-25,145.9499969482422,145.9499969482422,141.75,141.75,141.75,-0.6209943890495704,-2.173908922822121,-3.149993896484375
2014-07-28,141.75,147.0,138.60000610351562,139.64999389648438,139.64999389648438,-0.5888709280011515,-1.4814857873126086,-2.100006103515625
2014-07-29,142.8000030517578,143.85000610351562,136.5,137.5500030517578,137.5500030517578,-0.6239147036903357,-1.503752908348266,-2.0999908447265625
2014-07-30,140.6999969482422,140.6999969482422,120.75,136.5,136.5,-0.5655084108750287,-0.7633609803430641,-1.0500030517578125
2014-07-31,132.3000030517578,133.875,124.9499969482422,128.10000610351562,128.10000610351562,-0.618074074408805,-6.153841682406136,-8.399993896484375
2014-08-01,130.1999969482422,130.1999969482422,123.9000015258789,126.0,126.0,-0.5859506133603862,-1.639348948835051,-2.100006103515625
2014-08-04,136.5,136.5,126.0,126.0,126.0,-0.5830302987196209,0.0,0.0
2014-08-05,127.0500030517578,129.14999389648438,122.8499984741211,123.9000015258789,123.9000015258789,-0.6063928158457437,-1.6666654556516614,-2.0999984741210938
2014-08-06,124.9499969482422,128.10000610351562,120.75,124.9499969482422,124.9499969482422,-0.618074074408805,0.8474539220598709,1.0499954223632955
2014-08-07,126.0,126.0,117.5999984741211,120.75,120.75,-0.6209943890495704,-3.361342177528792,-4.199996948242202
2014-08-08,119.6999969482422,119.6999969482422,104.4749984741211,107.0999984741211,107.0999984741211,-0.5771896694380901,-11.304349089754783,-13.650001525878906
2014-08-11,120.75,120.75,108.1500015258789,108.1500015258789,108.1500015258789,-0.609313130486509,0.9803950202777356,1.0500030517578125
2014-08-12,110.7750015258789,117.5999984741211,107.0999984741211,115.5,115.5,-0.550906837671202,6.796114998077307,7.349998474121094
2014-08-13,115.5,119.6999969482422,111.3000030517578,112.3499984741211,112.3499984741211,-0.5888709280011515,-2.7272740483800018,-3.1500015258789062
2014-08-14,115.5,118.96499633789062,113.4000015258789,114.4499969482422,114.4499969482422,-0.6209943890495704,1.8691575457429277,2.099998474121108
2014-08-15,113.4000015258789,120.75,111.3000030517578,120.75,120.75,-0.5830302987196209,5.504589969195761,6.300003051757798
2014-08-18,119.1750030517578,120.75,111.3000030517578,115.5,115.5,-0.6063928158457437,-4.347826086956519,-5.25
2014-08-19,120.75,120.75,110.25,113.4000015258789,113.4000015258789,-0.6151537597680397,-1.8181804970745397,-2.0999984741210938
2014-08-20,115.5,119.6999969482422,111.3000030517578,112.3499984741211,112.3499984741211,-0.6122334451272744,-0.925928604611348,-1.0500030517578125
2014-08-21,119.1750030517578,119.6999969482422,108.1500015258789,108.1500015258789,108.1500015258789,-0.5830302987196209,-3.7383150914858443,-4.1999969482421875
2014-08-22,113.4000015258789,115.5,109.1999969482422,110.25,110.25,-0.6034725012049783,1.9417461345283327,2.0999984741210938
2014-08-25,109.7249984741211,114.4499969482422,107.0999984741211,112.3499984741211,112.3499984741211,-0.6034725012049783,1.9047605207447527,2.0999984741210938
2014-08-26,111.3000030517578,115.5,107.0999984741211,108.1500015258789,108.1500015258789,-0.618074074408805,-3.7383150914858443,-4.1999969482421875
2014-08-27,107.0999984741211,108.1500015258789,98.6999969482422,105.0,105.0,-0.5479865230304366,-2.912622729020631,-3.1500015258789062
2014-08-28,108.1500015258789,108.1500015258789,97.6500015258789,99.75,99.75,-0.6151537597680397,-5.000000000000004,-5.25
2014-08-29,99.75,122.8499984741211,98.6999969482422,122.8499984741211,122.8499984741211,-0.4486958252444146,23.157893207138947,23.099998474121094
2014-09-02,124.9499969482422,130.1999969482422,110.45999908447266,111.3000030517578,111.3000030517578,-0.5246240059043138,-9.401705792284854,-11.549995422363295
2014-09-03,115.5,115.5,103.4250030517578,105.0,105.0,-0.5771896694380901,-5.660379945208183,-6.300003051757798
2014-09-04,104.4749984741211,120.75,101.8499984741211,107.0999984741211,107.0999984741211,-0.5917912426419168,1.9999985467819892,2.0999984741210938
2014-09-05,112.3499984741211,127.0500030517578,101.8499984741211,124.9499969482422,124.9499969482422,-0.2822378907207895,16.666665479397057,17.849998474121108
2014-09-08,126.0,132.3000030517578,108.1500015258789,110.25,110.25,-0.3552457567399233,-11.7647037273089,-14.699996948242202
2014-09-09,110.25,110.25,100.8000030517578,101.8499984741211,101.8499984741211,-0.5275443205450792,-7.61904900306477,-8.400001525878906
2014-09-10,102.9000015258789,110.25,102.9000015258789,103.9499969482422,103.9499969482422,-0.568428725515794,2.061854202830138,2.099998474121108
2014-09-11,108.1500015258789,113.4000015258789,95.5500030517578,101.8499984741211,101.8499984741211,-0.4925005448558949,-2.020200611613987,-2.099998474121108
2014-09-12,105.0,133.35000610351562,80.8499984741211,123.9000015258789,123.9000015258789,1.3969430277192885,21.64948785675285,22.050003051757812
2014-09-15,131.77499389648438,139.64999389648438,97.125,103.9499969482422,103.9499969482422,0.8625254484592288,-16.101698411577303,-19.950004577636705
2014-09-16,105.0,106.0500030517578,92.4000015258789,94.6050033569336,94.6050033569336,-0.40781142027369965,-8.989893088656443,-9.344993591308608
2014-09-17,100.2750015258789,112.3499984741211,97.75499725341795,102.9000015258789,102.9000015258789,-0.3815285885068115,8.768033269497666,8.294998168945312
2014-09-18,107.0999984741211,107.0999984741211,95.5500030517578,97.125,97.125,-0.43993488132211855,-5.612246297612078,-5.775001525878906
2014-09-19,96.0749969482422,99.75,92.9250030517578,97.6500015258789,97.6500015258789,-0.49834117413742557,0.5405421115870279,0.5250015258789062
2014-09-22,96.38999938964844,97.6500015258789,89.25,90.3000030517578,90.3000030517578,-0.45745676916671063,-7.526880040215089,-7.349998474121108
2014-09-23,92.19000244140624,96.5999984741211,90.3000030517578,92.4000015258789,92.4000015258789,-0.5363052644673751,2.3255796269657347,2.099998474121108
2014-09-24,94.5,94.5,89.25,92.9250030517578,92.9250030517578,-0.6063928158457437,0.5681834601830138,0.525001525878892
2014-09-25,93.4499969482422,93.4499969482422,81.58499908447266,86.625,86.625,-0.5246240059043138,-6.7796640784061,-6.300003051757798
2014-09-26,87.67500305175781,87.67500305175781,82.11000061035156,82.94999694824219,82.94999694824219,-0.5830302987196209,-4.242427765376988,-3.6750030517578125
2014-09-29,84.5250015258789,92.9250030517578,82.94999694824219,87.1500015258789,87.1500015258789,-0.559667781593498,5.063296844070253,4.200004577636719
2014-09-30,90.8249969482422,93.4499969482422,85.05000305175781,88.19999694824219,88.19999694824219,-0.5538271523119673,1.204814003418564,1.0499954223632812
2014-10-01,88.19999694824219,88.30500030517578,79.06500244140625,79.80000305175781,79.80000305175781,-0.47497865701130276,-9.523802933251446,-8.399993896484375
2014-10-02,91.875,105.0,83.4749984741211,103.9499969482422,103.9499969482422,-0.12162058547869507,30.26314908888017,24.14999389648439
2014-10-03,106.5749969482422,112.3499984741211,101.11499786376952,111.3000030517578,111.3000030517578,-0.24719411503160524,7.070713149876506,7.350006103515597
2014-10-06,114.9749984741211,160.64999389648438,112.3499984741211,150.14999389648438,150.14999389648438,0.3689922741698842,34.9056511945109,38.84999084472658
2014-10-07,154.875,168.0,141.75,156.4499969482422,156.4499969482422,0.1528889907532481,4.195806398834168,6.3000030517578125
2014-10-08,162.75,162.75,131.25,140.6999969482422,140.6999969482422,-0.1391424733232872,-10.067114290331702,-15.75
2014-10-09,140.6999969482422,161.6999969482422,136.5,144.89999389648438,144.89999389648438,-0.38444890314757685,2.985072522629273,4.1999969482421875
2014-10-10,145.9499969482422,156.4499969482422,132.3000030517578,136.5,136.5,-0.4457755106036492,-5.797097481236113,-8.399993896484375
2014-10-13,136.5,141.75,127.0500030517578,132.3000030517578,132.3000030517578,-0.5392255791081405,-3.076920841203068,-4.1999969482421875
2014-10-14,128.10000610351562,132.3000030517578,111.3000030517578,118.6500015258789,118.6500015258789,-0.510022432700487,-10.31746123281555,-13.650001525878906
2014-10-15,119.6999969482422,128.10000610351562,109.1999969482422,128.10000610351562,128.10000610351562,-0.5275443205450792,7.964605525584889,9.450004577636719
2014-10-16,129.14999389648438,136.5,127.0500030517578,131.25,131.25,-0.5625880962342633,2.459011511630149,3.149993896484375
2014-10-17,140.6999969482422,172.1999969482422,135.4499969482422,159.60000610351562,159.60000610351562,-0.2063097100608903,21.60000465029761,28.350006103515625
2014-10-20,166.4250030517578,166.9499969482422,153.3000030517578,160.64999389648438,160.64999389648438,-0.35232544209915795,0.6578870631669842,1.04998779296875
2014-10-21,162.75,166.9499969482422,149.10000610351562,154.35000610351562,154.35000610351562,-0.4778989716520681,-3.9215611779158777,-6.29998779296875
2014-10-22,152.77499389648438,153.3000030517578,141.75,144.89999389648438,144.89999389648438,-0.49834117413742557,-6.122456646158825,-9.45001220703125
2014-10-23,150.14999389648438,150.14999389648438,130.1999969482422,137.5500030517578,137.5500030517578,-0.37276764458451545,-5.072457663440167,-7.3499908447265625
2014-10-24,139.64999389648438,141.75,129.14999389648438,136.5,136.5,-0.510022432700487,-0.7633609803430641,-1.0500030517578125
2014-10-27,145.9499969482422,153.3000030517578,141.75,148.0500030517578,148.0500030517578,-0.4808192862928335,8.461540697258464,11.550003051757812
2014-10-28,152.77499389648438,154.35000610351562,144.89999389648438,147.0,147.0,-0.49834117413742557,-0.7092219048389636,-1.0500030517578125
2014-10-29,151.1999969482422,153.3000030517578,147.0,149.10000610351562,149.10000610351562,-0.550906837671202,1.4285755806228817,2.100006103515625
2014-10-30,151.1999969482422,151.1999969482422,141.75,144.89999389648438,144.89999389648438,-0.559667781593498,-2.8169094802821815,-4.20001220703125
2014-10-31,150.14999389648438,150.14999389648438,142.8000030517578,143.85000610351562,143.85000610351562,-0.568428725515794,-0.7246292872302385,-1.04998779296875
2014-11-03,149.625,150.14999389648438,142.8000030517578,144.89999389648438,144.89999389648438,-0.568428725515794,0.7299184903844624,1.04998779296875
2014-11-04,145.9499969482422,148.0500030517578,143.85000610351562,143.85000610351562,143.85000610351562,-0.6005521865642129,-0.7246292872302385,-1.04998779296875
2014-11-05,143.85000610351562,164.85000610351562,143.85000610351562,155.39999389648438,155.39999389648438,-0.46329739844824136,8.029188253671183,11.54998779296875
2014-11-06,155.39999389648438,158.5500030517578,148.0500030517578,152.25,152.25,-0.5771896694380901,-2.0270231790244897,-3.149993896484375
2014-11-07,153.3000030517578,183.75,152.25,180.6000061035156,180.6000061035156,-0.07781586586721478,18.62069366404966,28.350006103515597
2014-11-10,185.3249969482422,211.0500030517578,178.5,194.25,194.25,0.13244678826789064,7.5581358998739745,13.649993896484403
2014-11-11,195.8249969482422,196.3500061035156,179.5500030517578,181.6499938964844,181.6499938964844,-0.19754876613859426,-6.486489628579461,-12.600006103515597
2014-11-12,182.6999969482422,198.4499969482422,175.35000610351562,191.1000061035156,191.1000061035156,-0.311441037128443,5.202319033611635,9.450012207031193
2014-11-13,194.25,207.8999938964844,193.1999969482422,200.5500030517578,200.5500030517578,-0.07781586586721478,4.945053190172755,9.449996948242216
2014-11-14,202.6499938964844,205.8000030517578,186.8999938964844,192.1499938964844,192.1499938964844,-0.3932098470698729,-4.188486176739447,-8.400009155273409
2014-11-17,196.875,199.5,183.75,183.75,183.75,-0.4778989716520681,-4.371581661881119,-8.399993896484403
2014-11-18,190.0500030517578,194.25,184.8000030517578,184.8000030517578,184.8000030517578,-0.45745676916671063,0.5714302322491482,1.0500030517578125
2014-11-19,191.1000061035156,191.1000061035156,180.6000061035156,183.75,183.75,-0.5479865230304366,-0.5681834601830249,-1.0500030517578125
2014-11-20,185.8500061035156,185.8500061035156,169.0500030517578,169.0500030517578,169.0500030517578,-0.47497865701130276,-7.999998339179426,-14.699996948242188
2014-11-21,171.14999389648438,171.14999389648438,152.25,158.5500030517578,158.5500030517578,-0.3260426103322698,-6.211180012096906,-10.5
2014-11-24,149.625,183.75,147.0,183.75,183.75,-0.3786082738660461,15.894037504380098,25.199996948242188
2014-11-25,182.6999969482422,187.9499969482422,168.0,176.39999389648438,176.39999389648438,-0.5041818034189562,-4.000003321641154,-7.350006103515625
2014-11-26,178.5,178.5,163.8000030517578,175.35000610351562,175.35000610351562,-0.5538271523119673,-0.5952311957476031,-1.04998779296875
2014-11-28,176.39999389648438,177.4499969482422,166.9499969482422,176.39999389648438,176.39999389648438,-0.5771896694380901,0.5987954128435558,1.04998779296875
2014-12-01,165.375,176.39999389648438,159.60000610351562,162.75,162.75,-0.4019707909921689,-7.738092045793666,-13.649993896484375
2014-12-02,161.6999969482422,162.75,157.5,158.5500030517578,158.5500030517578,-0.5538271523119673,-2.5806432861703144,-4.1999969482421875
2014-12-03,158.5500030517578,162.75,152.77499389648438,156.4499969482422,156.4499969482422,-0.550906837671202,-1.3245071353483961,-2.100006103515625
2014-12-04,155.39999389648438,162.75,155.39999389648438,157.5,157.5,-0.5771896694380901,0.6711429033170235,1.0500030517578125
2014-12-05,155.9250030517578,168.0,155.9250030517578,157.5,157.5,-0.5859506133603862,0.0,0.0
2014-12-08,168.0,168.0,155.39999389648438,162.75,162.75,-0.5450662083896712,3.3333333333333437,5.25
2014-12-09,158.5500030517578,168.0,144.89999389648438,161.6999969482422,161.6999969482422,-0.4048911056329343,-0.645163165442586,-1.0500030517578125
2014-12-10,160.64999389648438,162.75,158.5500030517578,161.6999969482422,161.6999969482422,-0.6005521865642129,0.0,0.0
2014-12-11,162.75,162.75,149.10000610351562,151.1999969482422,151.1999969482422,-0.5538271523119673,-6.493506616058187,-10.5
2014-12-12,152.25,158.5500030517578,151.1999969482422,155.39999389648438,155.39999389648438,-0.5713490401565594,2.7777758154849064,4.1999969482421875
2014-12-15,153.3000030517578,154.35000610351562,141.75,141.75,141.75,-0.4778989716520681,-8.783780201160729,-13.649993896484375
2014-12-16,142.27499389648438,143.85000610351562,118.6500015258789,120.75,120.75,-0.3464848128176272,-14.814814814814813,-21.0
2014-12-17,110.25,131.25,110.25,129.14999389648438,129.14999389648438,-0.5158630619820177,6.956516684459113,8.399993896484375
2014-12-18,131.25,134.39999389648438,121.8000030517578,130.1999969482422,130.1999969482422,-0.5801099840788555,0.8130105314595681,1.0500030517578125
2014-12-19,130.1999969482422,151.1999969482422,114.4499969482422,151.1999969482422,151.1999969482422,-0.4224129934775264,16.129032636112917,21.0
2014-12-22,157.5,159.60000610351562,131.25,132.3000030517578,132.3000030517578,-0.510022432700487,-12.499996215578035,-18.899993896484375
2014-12-23,132.3000030517578,145.4250030517578,127.15499877929688,137.5500030517578,137.5500030517578,-0.5888709280011515,3.9682538767184417,5.25
2014-12-24,138.60000610351562,144.89999389648438,136.5,143.85000610351562,143.85000610351562,-0.5859506133603862,4.580154788791413,6.3000030517578125
2014-12-26,144.89999389648438,152.25,143.85000610351562,151.1999969482422,151.1999969482422,-0.5771896694380901,5.109482469842552,7.3499908447265625
2014-12-29,154.35000610351562,154.35000610351562,143.85000610351562,144.89999389648438,144.89999389648438,-0.5771896694380901,-4.166668769123316,-6.3000030517578125
2014-12-30,149.10000610351562,153.3000030517578,144.89999389648438,148.0500030517578,148.0500030517578,-0.5976318719234476,2.173919453387829,3.1500091552734375
2014-12-31,148.0500030517578,151.1999969482422,141.75,142.8000030517578,142.8000030517578,-0.5713490401565594,-3.5460992176843176,-5.25
2015-01-02,147.0,149.10000610351562,142.8000030517578,143.85000610351562,143.85000610351562,-0.6151537597680397,0.7352962390184459,1.0500030517578125
2015-01-05,143.85000610351562,147.0,133.35000610351562,141.75,141.75,-0.5538271523119673,-1.4598581956294376,-2.100006103515625
2015-01-06,141.75,152.25,138.60000610351562,138.60000610351562,138.60000610351562,-0.5625880962342633,-2.2222179163910893,-3.149993896484375
2015-01-07,142.8000030517578,142.8000030517578,138.60000610351562,140.6999969482422,140.6999969482422,-0.5976318719234476,1.515144842892835,2.0999908447265625
2015-01-08,141.75,145.9499969482422,140.6999969482422,141.75,141.75,-0.6063928158457437,0.7462708418849884,1.0500030517578125
2015-01-09,142.8000030517578,152.25,142.8000030517578,150.14999389648438,150.14999389648438,-0.5713490401565594,5.925921620094798,8.399993896484375
2015-01-12,150.14999389648438,152.25,143.85000610351562,147.0,147.0,-0.6005521865642129,-2.097898118235042,-3.149993896484375
2015-01-13,145.9499969482422,147.0,120.75,132.3000030517578,132.3000030517578,-0.3902895324291075,-9.99999792397428,-14.699996948242188
2015-01-14,127.5749969482422,137.5500030517578,127.0500030517578,134.39999389648438,134.39999389648438,-0.5859506133603862,1.5872946306017877,2.0999908447265625
2015-01-15,132.3000030517578,139.22999572753906,132.3000030517578,134.39999389648438,134.39999389648438,-0.5771896694380901,0.0,0.0
2015-01-16,138.60000610351562,138.60000610351562,134.39999389648438,135.4499969482422,135.4499969482422,-0.5655084108750287,0.7812523061321963,1.0500030517578125
2015-01-20,137.5500030517578,143.85000610351562,136.5,142.48500061035156,142.48500061035156,-0.568428725515794,5.193801270292808,7.035003662109375
2015-01-21,144.375,144.89999389648438,137.5500030517578,139.44000244140625,139.44000244140625,-0.5742693547973248,-2.1370657654501857,-3.0449981689453125
2015-01-22,139.64999389648438,143.85000610351562,131.25,134.39999389648438,134.39999389648438,-0.550906837671202,-3.6144638960686537,-5.040008544921875
2015-01-23,132.3000030517578,135.4499969482422,130.1999969482422,130.1999969482422,130.1999969482422,-0.5567474669527327,-3.1249978712625914,-4.1999969482421875
2015-01-26,130.1999969482422,134.39999389648438,130.1999969482422,131.25,131.25,-0.5801099840788555,0.8064539757057121,1.0500030517578125
2015-01-27,131.25,131.25,126.0,126.94499969482422,126.94499969482422,-0.5888709280011515,-3.280000232514879,-4.305000305175781
2015-01-28,126.0,132.3000030517578,122.8499984741211,124.73999786376952,124.73999786376952,-0.5742693547973248,-1.736974151290338,-2.2050018310547017
2015-01-29,124.4250030517578,126.0,121.8000030517578,121.8000030517578,121.8000030517578,-0.5801099840788555,-2.3568982382239034,-2.9399948120117188
2015-01-30,123.9000015258789,152.25,120.75,147.0,147.0,-0.19170813685706353,20.68965214847629,25.1999969482422
2015-02-02,152.77499389648438,157.5,147.0,152.25,152.25,-0.35232544209915795,3.571428571428581,5.25
2015-02-03,153.8249969482422,154.35000610351562,142.8000030517578,147.0,147.0,-0.4837396009335988,-3.4482758620689613,-5.25
2015-02-04,147.0,151.1999969482422,142.8000030517578,144.375,144.375,-0.5392255791081405,-1.7857142857142905,-2.625
2015-02-05,149.10000610351562,149.10000610351562,143.85000610351562,145.9499969482422,145.9499969482422,-0.5567474669527327,1.0909069771374513,1.5749969482421875
2015-02-06,147.0,152.25,143.85000610351562,147.0,147.0,-0.5071021180597216,0.7194265664357546,1.0500030517578125
2015-02-09,151.1999969482422,151.1999969482422,143.85000610351562,144.89999389648438,144.89999389648438,-0.5830302987196209,-1.4285755806228706,-2.100006103515625
2015-02-10,143.85000610351562,145.9499969482422,139.64999389648438,139.64999389648438,139.64999389648438,-0.559667781593498,-3.6231885584139922,-5.25
2015-02-11,139.64999389648438,147.0,137.5500030517578,137.5500030517578,137.5500030517578,-0.568428725515794,-1.503752908348266,-2.0999908447265625
2015-02-12,143.85000610351562,143.85000610351562,134.39999389648438,136.5,136.5,-0.5771896694380901,-0.7633609803430641,-1.0500030517578125
2015-02-13,139.64999389648438,139.64999389648438,134.39999389648438,139.64999389648438,139.64999389648438,-0.5304646351858445,2.3076878362522812,3.149993896484375
2015-02-17,141.75,142.8000030517578,134.39999389648438,134.39999389648438,134.39999389648438,-0.5479865230304366,-3.759398660548141,-5.25
2015-02-18,134.39999389648438,147.0,134.39999389648438,145.9499969482422,145.9499969482422,-0.5742693547973248,8.593752660921773,11.550003051757812
2015-02-19,141.75,143.85000610351562,138.4949951171875,138.60000610351562,138.60000610351562,-0.5771896694380901,-5.035965055438174,-7.3499908447265625
2015-02-20,137.5500030517578,140.6999969482422,136.5,137.5500030517578,137.5500030517578,-0.5801099840788555,-0.757577926059827,-1.0500030517578125
2015-02-23,140.1750030517578,140.6999969482422,133.35000610351562,133.35000610351562,133.35000610351562,-0.5625880962342633,-3.0534328281052847,-4.1999969482421875
2015-02-24,134.39999389648438,136.5,131.25,132.3000030517578,132.3000030517578,-0.5158630619820177,-0.7874038272954631,-1.0500030517578125
2015-02-25,138.60000610351562,138.60000610351562,132.3000030517578,132.3000030517578,132.3000030517578,-0.5713490401565594,0.0,0.0
2015-02-26,134.39999389648438,136.5,131.25,133.35000610351562,133.35000610351562,-0.5187833766227831,0.7936530820388921,1.0500030517578125
2015-02-27,132.3000030517578,135.55499267578125,130.1999969482422,135.55499267578125,135.55499267578125,-0.5830302987196209,1.6535331618612537,2.204986572265625
2015-03-02,136.5,136.5,133.35000610351562,134.39999389648438,134.39999389648438,-0.6005521865642129,-0.8520518178621317,-1.154998779296875
2015-03-03,134.39999389648438,134.39999389648438,130.1999969482422,131.25,131.25,-0.6005521865642129,-2.343745565130395,-3.149993896484375
2015-03-04,131.25,132.3000030517578,128.10000610351562,128.10000610351562,128.10000610351562,-0.5187833766227831,-2.3999953497023774,-3.149993896484375
2015-03-05,132.3000030517578,134.39999389648438,129.14999389648438,132.3000030517578,132.3000030517578,-0.5275443205450792,3.2786859860476802,4.1999969482421875
2015-03-06,132.3000030517578,136.5,131.25,134.39999389648438,134.39999389648438,-0.5538271523119673,1.5872946306017877,2.0999908447265625
2015-03-09,135.4499969482422,135.4499969482422,129.14999389648438,129.14999389648438,129.14999389648438,-0.5333849498266098,-3.9062501773947877,-5.25
2015-03-10,131.25,136.5,128.10000610351562,128.10000610351562,128.10000610351562,-0.5655084108750287,-0.8129987166784813,-1.04998779296875
2015-03-11,130.1999969482422,131.25,129.14999389648438,130.1999969482422,130.1999969482422,-0.5947115572826822,1.6393370372126181,2.0999908447265625
2015-03-12,130.1999969482422,131.25,128.10000610351562,129.14999389648438,129.14999389648438,-0.5625880962342633,-0.8064539757057121,-1.0500030517578125
2015-03-13,129.6750030517578,137.5500030517578,127.0500030517578,135.4499969482422,135.4499969482422,-0.4282536227590571,4.878051373976344,6.3000030517578125
2015-03-16,138.60000610351562,155.39999389648438,136.5,136.5,136.5,-0.16542530509017536,0.775196068966344,1.0500030517578125
2015-03-17,138.60000610351562,142.8000030517578,136.5,140.6999969482422,140.6999969482422,-0.501261488778191,3.076920841203057,4.1999969482421875
2015-03-18,138.60000610351562,138.60000610351562,124.9499969482422,128.625,128.625,-0.3377238688953312,-8.582087569400654,-12.074996948242188
2015-03-19,131.25,133.35000610351562,128.10000610351562,128.10000610351562,128.10000610351562,-0.4720583423705374,-0.4081585201044735,-0.524993896484375
2015-03-20,131.25,132.3000030517578,128.10000610351562,130.1999969482422,130.1999969482422,-0.5538271523119673,1.6393370372126181,2.0999908447265625
2015-03-23,131.77499389648438,132.3000030517578,130.1999969482422,131.25,131.25,-0.5538271523119673,0.8064539757057121,1.0500030517578125
2015-03-24,132.3000030517578,135.4499969482422,129.14999389648438,129.14999389648438,129.14999389648438,-0.5479865230304366,-1.600004650297615,-2.100006103515625
2015-03-25,133.875,136.5,132.3000030517578,132.3000030517578,132.3000030517578,-0.4837396009335988,2.4390315943787266,3.1500091552734375
2015-03-26,133.35000610351562,138.60000610351562,128.10000610351562,137.5500030517578,137.5500030517578,-0.47497865701130276,3.9682538767184417,5.25
2015-03-27,137.02499389648438,152.25,137.02499389648438,145.9499969482422,145.9499969482422,-0.22675191254624777,6.106865656210569,8.399993896484375
2015-03-30,152.25,168.0,152.25,153.3000030517578,153.3000030517578,-0.3786082738660461,5.035975510244195,7.350006103515625
2015-03-31,156.4499969482422,162.75,155.39999389648438,162.75,162.75,-0.5275443205450792,6.164381448219314,9.449996948242188
2015-04-01,163.8000030517578,245.6999969482422,162.75,208.9499969482422,208.9499969482422,1.1487162832542335,28.38709489907354,46.19999694824219
2015-04-02,226.2749938964844,235.1999969482422,210.0,219.4499969482422,219.4499969482422,0.2813828349469236,5.025125701533706,10.5
2015-04-06,228.375,228.8999938964844,178.5,196.3500061035156,196.3500061035156,0.43907982554825264,-10.526311763939,-23.09999084472659
2015-04-07,197.9250030517578,199.5,177.4499969482422,196.3500061035156,196.3500061035156,-0.1508237318863486,0.0,0.0
2015-04-08,199.5,202.6499938964844,195.3000030517578,201.6000061035156,201.6000061035156,-0.460377083807476,2.6737967083292125,5.25
2015-04-09,207.8999938964844,214.1999969482422,195.3000030517578,208.9499969482422,208.9499969482422,-0.3669270153029847,3.6458286816482444,7.349990844726591
2015-04-10,210.5249938964844,214.1999969482422,199.5,203.6999969482422,203.6999969482422,-0.4778989716520681,-2.512562850766853,-5.25
2015-04-13,207.8999938964844,215.25,204.75,211.0500030517578,211.0500030517578,-0.3669270153029847,3.6082504730636566,7.350006103515625
2015-04-14,214.1999969482422,215.25,207.8999938964844,211.0500030517578,211.0500030517578,-0.5041818034189562,0.0,0.0
2015-04-15,212.1000061035156,214.1999969482422,204.75,208.9499969482422,208.9499969482422,-0.550906837671202,-0.9950277532100427,-2.100006103515625
2015-04-16,208.9499969482422,211.0500030517578,204.75,204.75,204.75,-0.5246240059043138,-2.010048820092847,-4.1999969482421875
2015-04-17,205.8000030517578,210.0,199.5,206.8500061035156,206.8500061035156,-0.5333849498266098,1.0256440066010342,2.1000061035155966
2015-04-20,208.9499969482422,211.0500030517578,202.6499938964844,202.6499938964844,202.6499938964844,-0.49542085949666026,-2.030462694271973,-4.200012207031193
2015-04-21,206.8500061035156,207.8999938964844,197.3999938964844,197.3999938964844,197.3999938964844,-0.5655084108750287,-2.590673653156761,-5.25
2015-04-22,189.5249938964844,193.1999969482422,168.0,177.4499969482422,177.4499969482422,-0.26179568823543203,-10.106381745231408,-19.949996948242216
2015-04-23,183.75,184.8000030517578,176.39999389648438,177.4499969482422,177.4499969482422,-0.48665991557436417,0.0,0.0
2015-04-24,177.4499969482422,178.5,171.14999389648438,171.14999389648438,171.14999389648438,-0.5333849498266098,-3.5502976388302576,-6.3000030517578125
2015-04-27,170.10000610351562,182.1750030517578,168.0,176.39999389648438,176.39999389648438,-0.5071021180597216,3.067484771968698,5.25
2015-04-28,173.77499389648438,176.39999389648438,168.0,172.1999969482422,172.1999969482422,-0.568428725515794,-2.380950733312859,-4.1999969482421875
2015-04-29,172.1999969482422,173.25,165.89999389648438,166.9499969482422,166.9499969482422,-0.5655084108750287,-3.0487805418358827,-5.25
2015-04-30,172.1999969482422,180.6000061035156,169.0500030517578,172.1999969482422,172.1999969482422,-0.5713490401565594,3.1446541455329324,5.25
2015-05-01,173.25,176.39999389648438,165.89999389648438,170.10000610351562,170.10000610351562,-0.5655084108750287,-1.2195069000830228,-2.0999908447265625
2015-05-04,170.10000610351562,175.35000610351562,168.0,168.0,168.0,-0.5771896694380901,-1.234571445128374,-2.100006103515625
2015-05-05,169.0500030517578,176.39999389648438,168.0,172.1999969482422,172.1999969482422,-0.5771896694380901,2.499998183477503,4.1999969482421875
2015-05-06,171.14999389648438,174.3000030517578,168.0,169.0500030517578,169.0500030517578,-0.559667781593498,-1.8292647806673057,-3.149993896484375
2015-05-07,169.0500030517578,173.25,165.89999389648438,171.14999389648438,171.14999389648438,-0.550906837671202,1.2422305867002104,2.0999908447265625
2015-05-08,172.1999969482422,173.25,162.75,163.8000030517578,163.8000030517578,-0.5275443205450792,-4.294473331487236,-7.3499908447265625
2015-05-11,164.3249969482422,165.89999389648438,143.85000610351562,147.0,147.0,-0.27347694679849344,-10.256411928423049,-16.800003051757812
2015-05-12,149.625,154.35000610351562,147.0,148.0500030517578,148.0500030517578,-0.410731734914465,0.7142877903114409,1.0500030517578125
2015-05-13,148.0500030517578,197.3999938964844,148.0500030517578,185.8500061035156,185.8500061035156,-0.031090831614969137,25.5319164286292,37.800003051757784
2015-05-14,195.8249969482422,203.6999969482422,185.8500061035156,196.3500061035156,196.3500061035156,0.10616395650100245,5.649717328581438,10.5
2015-05-15,197.3999938964844,197.3999938964844,180.6000061035156,184.8000030517578,184.8000030517578,-0.32020198105073905,-5.88235431256805,-11.550003051757784
2015-05-18,192.1499938964844,207.8999938964844,186.8999938964844,200.5500030517578,200.5500030517578,-0.16834561973094073,8.52272713198432,15.75
2015-05-19,201.6000061035156,205.8000030517578,191.1000061035156,202.6499938964844,202.6499938964844,-0.3464848128176272,1.047115837831547,2.099990844726591
2015-05-20,205.8000030517578,219.4499969482422,202.6499938964844,210.0,210.0,-0.013568943770377019,3.626946126270325,7.350006103515597
2015-05-21,211.0500030517578,215.25,208.9499969482422,211.0500030517578,211.0500030517578,-0.39613016171063825,0.5000014532180019,1.0500030517578125
2015-05-22,213.1499938964844,214.1999969482422,207.8999938964844,208.9499969482422,208.9499969482422,-0.460377083807476,-0.9950277532100427,-2.100006103515625
2015-05-26,208.9499969482422,208.9499969482422,189.0,193.1999969482422,193.1999969482422,-0.2676363175169627,-7.537688552300548,-15.75
2015-05-27,189.0,192.1499938964844,183.75,183.75,183.75,-0.4457755106036492,-4.891302845503576,-9.449996948242188
2015-05-28,183.75,195.3000030517578,179.5500030517578,189.0,189.0,-0.45745676916671063,2.857142857142847,5.25
2015-05-29,191.1000061035156,194.25,184.8000030517578,184.8000030517578,184.8000030517578,-0.4778989716520681,-2.222220607535552,-4.1999969482421875
2015-06-01,185.8500061035156,186.8999938964844,179.5500030517578,181.6499938964844,181.6499938964844,-0.49834117413742557,-1.7045503805490636,-3.150009155273409
2015-06-02,179.5500030517578,180.7050018310547,105.0,142.8000030517578,142.8000030517578,2.743208077112116,-21.387278915553253,-38.84999084472659
2015-06-03,138.60000610351562,162.75,127.0500030517578,162.22500610351562,162.22500610351562,0.5675736697419282,13.60294302284939,19.425003051757812
2015-06-04,156.97500610351562,159.38999938964844,142.8000030517578,147.0,147.0,0.001032629433449745,-9.385116677881689,-15.225006103515625
2015-06-05,144.89999389648438,154.35000610351562,139.64999389648438,146.7899932861328,146.7899932861328,-0.40781142027369965,-0.1428617101137286,-0.2100067138671875
2015-06-08,149.10000610351562,151.1999969482422,143.85000610351562,145.9499969482422,145.9499969482422,-0.5187833766227831,-0.5722435971866613,-0.839996337890625
2015-06-09,150.14999389648438,152.25,144.89999389648438,145.9499969482422,145.9499969482422,-0.5158630619820177,0.0,0.0
2015-06-10,145.9499969482422,150.14999389648438,145.9499969482422,147.0,147.0,-0.5421458937489059,0.7194265664357546,1.0500030517578125
2015-06-11,148.0500030517578,150.88499450683594,143.85000610351562,143.85000610351562,143.85000610351562,-0.5217036912635484,-2.1428529908056992,-3.149993896484375
2015-06-12,142.8000030517578,145.9499969482422,139.64999389648438,140.6999969482422,140.6999969482422,-0.5129427473412523,-2.1897872934441676,-3.1500091552734375
2015-06-15,142.27499389648438,145.9499969482422,138.60000610351562,142.8000030517578,142.8000030517578,-0.5713490401565594,1.492541683769999,2.100006103515625
2015-06-16,143.85000610351562,144.89999389648438,132.3000030517578,136.5,136.5,-0.501261488778191,-4.4117667486844425,-6.3000030517578125
2015-06-17,137.5500030517578,141.75,132.3000030517578,134.39999389648438,134.39999389648438,-0.550906837671202,-1.5384660099015512,-2.100006103515625
2015-06-18,136.5,136.5,131.25,133.35000610351562,133.35000610351562,-0.48958023021512953,-0.7812409528660025,-1.04998779296875
2015-06-19,134.39999389648438,134.39999389648438,131.25,133.35000610351562,133.35000610351562,-0.5450662083896712,0.0,0.0
2015-06-22,131.25,138.60000610351562,129.14999389648438,130.72500610351562,130.72500610351562,-0.48665991557436417,-1.9685038469081761,-2.625
2015-06-23,131.25,133.35000610351562,122.8499984741211,130.1999969482422,130.1999969482422,-0.46329739844824136,-0.4016134104118607,-0.5250091552734375
2015-06-24,128.10000610351562,129.14999389648438,121.8000030517578,124.4250030517578,124.4250030517578,-0.47497865701130276,-4.435479287130928,-5.774993896484389
2015-06-25,126.0,126.0,115.5,115.5,115.5,-0.3435644981768619,-7.172998057348012,-8.925003051757798
2015-06-26,111.8249969482422,115.5,107.0999984741211,113.4000015258789,113.4000015258789,-0.3552457567399233,-1.8181804970745397,-2.0999984741210938
2015-06-29,113.9250030517578,114.4499969482422,107.0999984741211,109.1999969482422,109.1999969482422,-0.47497865701130276,-3.7037076905843125,-4.2000045776367045
2015-06-30,110.25,119.6999969482422,109.1999969482422,118.6500015258789,118.6500015258789,-0.38444890314757685,8.653850587665989,9.450004577636705
2015-07-01,121.8000030517578,130.1999969482422,116.5500030517578,128.10000610351562,128.10000610351562,-0.3552457567399233,7.964605525584889,9.450004577636719
2015-07-02,130.1999969482422,131.25,124.9499969482422,128.10000610351562,128.10000610351562,-0.510022432700487,0.0,0.0
2015-07-06,134.9250030517578,135.4499969482422,129.14999389648438,130.1999969482422,130.1999969482422,-0.44285519596288386,1.6393370372126181,2.0999908447265625
2015-07-07,130.1999969482422,134.39999389648438,123.9000015258789,128.10000610351562,128.10000610351562,-0.559667781593498,-1.6128962319110984,-2.0999908447265625
2015-07-08,129.14999389648438,129.14999389648438,120.75,121.69499969482422,121.69499969482422,-0.5479865230304366,-5.000004764648969,-6.405006408691406
2015-07-09,122.8499984741211,126.0,121.8000030517578,123.375,123.375,-0.5392255791081405,1.3805006856392854,1.6800003051757812
2015-07-10,122.8499984741211,123.9000015258789,115.5,119.6999969482422,119.6999969482422,-0.5071021180597216,-2.978725877817867,-3.6750030517577983
2015-07-13,122.8499984741211,123.9000015258789,119.6999969482422,120.75,120.75,-0.550906837671202,0.8771955543255494,1.0500030517577983
2015-07-14,123.9000015258789,123.9000015258789,115.5,118.6500015258789,118.6500015258789,-0.5479865230304366,-1.7391291711147727,-2.0999984741210938
2015-07-15,119.6999969482422,119.6999969482422,116.5500030517578,116.5500030517578,116.5500030517578,-0.5859506133603862,-1.7699101956295205,-2.099998474121108
2015-07-16,117.5999984741211,120.75,115.5,118.6500015258789,118.6500015258789,-0.5771896694380901,1.801800445417867,2.099998474121108
2015-07-17,119.6999969482422,123.9000015258789,115.5,116.5500030517578,116.5500030517578,-0.5538271523119673,-1.7699101956295205,-2.099998474121108
2015-07-20,121.8000030517578,123.9000015258789,118.6500015258789,119.6999969482422,119.6999969482422,-0.5479865230304366,2.7026973951133737,3.1499938964844034
2015-07-21,119.6999969482422,122.8499984741211,116.5500030517578,118.6500015258789,118.6500015258789,-0.568428725515794,-0.8771891805622212,-1.0499954223632955
2015-07-22,117.5999984741211,118.6500015258789,111.3000030517578,115.5,115.5,-0.5246240059043138,-2.6548685085282964,-3.1500015258789062
2015-07-23,113.4000015258789,115.5,111.3000030517578,113.4000015258789,113.4000015258789,-0.550906837671202,-1.8181804970745397,-2.0999984741210938
2015-07-24,112.3499984741211,116.5500030517578,103.9499969482422,115.5,115.5,-0.4165723641959957,1.8518504813616277,2.0999984741210938
2015-07-27,115.5,116.5500030517578,107.0999984741211,112.3499984741211,112.3499984741211,-0.5538271523119673,-2.7272740483800018,-3.1500015258789062
2015-07-28,114.4499969482422,114.4499969482422,109.1999969482422,111.3000030517578,111.3000030517578,-0.5713490401565594,-0.9345753775022558,-1.0499954223632955
2015-07-29,111.3000030517578,112.3499984741211,109.1999969482422,111.3000030517578,111.3000030517578,-0.5947115572826822,0.0,0.0
2015-07-30,109.7249984741211,110.25,107.0999984741211,108.1500015258789,108.1500015258789,-0.5888709280011515,-2.8301899726040913,-3.150001525878892
2015-07-31,108.1500015258789,111.3000030517578,107.0999984741211,108.1500015258789,108.1500015258789,-0.5567474669527327,0.0,0.0
2015-08-03,109.1999969482422,110.25,105.0,107.0999984741211,107.0999984741211,-0.5187833766227831,-0.970876594492287,-1.0500030517578125
2015-08-04,107.0999984741211,119.6999969482422,107.0999984741211,119.6999969482422,119.6999969482422,-0.4457755106036492,11.764704625243926,12.599998474121108
2015-08-05,119.6999969482422,123.9000015258789,117.5999984741211,120.75,120.75,-0.5421458937489059,0.8771955543255494,1.0500030517577983
2015-08-06,121.2750015258789,124.9499969482422,117.5999984741211,119.6999969482422,119.6999969482422,-0.5479865230304366,-0.8695677447269512,-1.0500030517577983
2015-08-07,119.6999969482422,120.75,111.3000030517578,113.4000015258789,113.4000015258789,-0.5450662083896712,-5.2631542046633335,-6.2999954223632955
2015-08-10,113.9250030517578,117.5999984741211,113.4000015258789,116.5500030517578,116.5500030517578,-0.550906837671202,2.7777790859729645,3.150001525878892
2015-08-11,117.5999984741211,119.6999969482422,113.4000015258789,115.5,115.5,-0.5450662083896712,-0.9009034957223605,-1.0500030517577983
2015-08-12,116.5500030517578,119.6999969482422,111.3000030517578,112.3499984741211,112.3499984741211,-0.5742693547973248,-2.7272740483800018,-3.1500015258789062
2015-08-13,113.4000015258789,114.4499969482422,109.1999969482422,111.3000030517578,111.3000030517578,-0.568428725515794,-0.9345753775022558,-1.0499954223632955
2015-08-14,111.3000030517578,112.3499984741211,105.0,110.25,110.25,-0.550906837671202,-0.9433989424685985,-1.0500030517577983
2015-08-17,110.7750015258789,112.3499984741211,97.6500015258789,102.9000015258789,102.9000015258789,-0.4486958252444146,-6.66666528264952,-7.349998474121094
2015-08-18,104.16000366210938,108.1500015258789,102.9000015258789,105.0,105.0,-0.559667781593498,2.0408148133923554,2.0999984741210938
2015-08-19,105.0,126.0,102.9000015258789,123.9000015258789,123.9000015258789,-0.22675191254624777,18.000001453218005,18.900001525878906
2015-08-20,122.8499984741211,123.9000015258789,115.5,117.5999984741211,117.5999984741211,-0.45745676916671063,-5.084748163172492,-6.3000030517578125
2015-08-21,118.125,120.75,110.25,115.5,115.5,-0.5041818034189562,-1.7857130113681174,-2.0999984741210938
2015-08-24,117.0749969482422,120.75,115.5,120.75,120.75,-0.28515820536155484,4.545454545454541,5.25
2015-08-25,122.3249969482422,124.9499969482422,121.2750015258789,122.8499984741211,122.8499984741211,-0.45745676916671063,1.7391291711147838,2.0999984741210938
2015-08-26,124.4250030517578,137.5500030517578,122.8499984741211,137.5500030517578,137.5500030517578,-0.33188323961380045,11.965815840635386,14.700004577636719
2015-08-27,141.22500610351562,165.89999389648438,138.60000610351562,152.25,152.25,-0.1011783829933376,10.68702044500196,14.699996948242188
2015-08-28,155.39999389648438,160.64999389648438,140.6999969482422,143.85000610351562,143.85000610351562,-0.36400670066221935,-5.517237370433092,-8.399993896484375
2015-08-31,147.0,152.25,143.85000610351562,152.25,152.25,-0.5041818034189562,5.83941156765726,8.399993896484375
2015-09-01,151.72500610351562,157.5,142.8000030517578,145.9499969482422,145.9499969482422,-0.4340942520405878,-4.137933038921382,-6.3000030517578125
2015-09-02,147.52499389648438,150.14999389648438,141.75,142.8000030517578,142.8000030517578,-0.5304646351858445,-2.158269244501221,-3.149993896484375
2015-09-03,142.8000030517578,154.35000610351562,142.8000030517578,151.1999969482422,151.1999969482422,-0.5538271523119673,5.882348541295057,8.399993896484375
2015-09-04,151.1999969482422,153.3000030517578,128.10000610351562,142.8000030517578,142.8000030517578,-0.4048911056329343,-5.555551630969813,-8.399993896484375
2015-09-08,144.375,149.10000610351562,142.8000030517578,147.0,147.0,-0.5713490401565594,2.9411742706475286,4.1999969482421875
2015-09-09,146.47500610351562,151.72500610351562,141.75,143.85000610351562,143.85000610351562,-0.5625880962342633,-2.1428529908056992,-3.149993896484375
2015-09-10,142.8000030517578,145.9499969482422,138.60000610351562,140.6999969482422,140.6999969482422,-0.5771896694380901,-2.1897872934441676,-3.1500091552734375
2015-09-11,137.02499389648438,138.60000610351562,124.9499969482422,136.5,136.5,-0.44285519596288386,-2.985072522629262,-4.1999969482421875
2015-09-14,136.5,143.85000610351562,135.4499969482422,142.8000030517578,142.8000030517578,-0.5801099840788555,4.61538685110463,6.3000030517578125
2015-09-15,143.85000610351562,145.9499969482422,139.64999389648438,141.75,141.75,-0.5567474669527327,-0.735296239018457,-1.0500030517578125
2015-09-16,141.75,144.89999389648438,139.7550048828125,140.6999969482422,140.6999969482422,-0.5655084108750287,-0.7407428936563099,-1.0500030517578125
2015-09-17,139.64999389648438,142.8000030517578,139.64999389648438,142.8000030517578,142.8000030517578,-0.5888709280011515,1.492541683769999,2.100006103515625
2015-09-18,141.75,144.89999389648438,139.64999389648438,140.6999969482422,140.6999969482422,-0.5888709280011515,-1.4705924780369029,-2.100006103515625
2015-09-21,140.1750030517578,150.14999389648438,139.64999389648438,148.0500030517578,148.0500030517578,-0.4837396009335988,5.22388504828426,7.350006103515625
2015-09-22,146.47500610351562,147.0,141.75,144.89999389648438,144.89999389648438,-0.5976318719234476,-2.12766571451688,-3.1500091552734375
2015-09-23,145.9499969482422,148.0500030517578,138.60000610351562,141.75,141.75,-0.5625880962342633,-2.173908922822121,-3.149993896484375
2015-09-24,140.6999969482422,144.89999389648438,138.60000610351562,138.60000610351562,138.60000610351562,-0.5859506133603862,-2.2222179163910893,-3.149993896484375
2015-09-25,138.60000610351562,140.6999969482422,133.35000610351562,136.5,136.5,-0.550906837671202,-1.515155852119665,-2.100006103515625
2015-09-28,136.5,139.64999389648438,114.4499969482422,123.9000015258789,123.9000015258789,-0.3056004078469123,-9.230768112909226,-12.599998474121094
2015-09-29,124.9499969482422,127.0500030517578,115.5,119.6999969482422,119.6999969482422,-0.5275443205450792,-3.3898341613494254,-4.2000045776367045
2015-09-30,119.6999969482422,128.10000610351562,117.5999984741211,122.8499984741211,122.8499984741211,-0.5479865230304366,2.631580289213331,3.150001525878892
2015-10-01,126.0,128.10000610351562,117.5999984741211,118.6500015258789,118.6500015258789,-0.5421458937489059,-3.4188009771338623,-4.1999969482421875
2015-10-02,117.5999984741211,122.8499984741211,113.4000015258789,119.6999969482422,119.6999969482422,-0.5713490401565594,0.8849518827307223,1.0499954223632955
2015-10-05,126.0,129.14999389648438,121.8000030517578,126.0,126.0,-0.5421458937489059,5.263160578426662,6.300003051757798
2015-10-06,127.0500030517578,127.0500030517578,118.6500015258789,121.8000030517578,121.8000030517578,-0.5713490401565594,-3.333330911303334,-4.199996948242202
2015-10-07,121.8000030517578,122.8499984741211,117.5999984741211,120.75,120.75,-0.5392255791081405,-0.8620714494658954,-1.0500030517577983
2015-10-08,120.2249984741211,124.9499969482422,118.6500015258789,118.6500015258789,118.6500015258789,-0.5888709280011515,-1.7391291711147727,-2.0999984741210938
2015-10-09,120.2249984741211,122.8499984741211,118.6500015258789,119.6999969482422,119.6999969482422,-0.5830302987196209,0.8849518827307223,1.0499954223632955
2015-10-12,123.9000015258789,123.9000015258789,118.6500015258789,118.6500015258789,118.6500015258789,-0.6005521865642129,-0.8771891805622212,-1.0499954223632955
2015-10-13,120.2249984741211,120.75,116.5500030517578,118.6500015258789,118.6500015258789,-0.5830302987196209,0.0,0.0
2015-10-14,119.6999969482422,120.75,117.5999984741211,118.6500015258789,118.6500015258789,-0.5888709280011515,0.0,0.0
2015-10-15,120.75,123.9000015258789,118.6500015258789,121.8000030517578,121.8000030517578,-0.6005521865642129,2.6548685085282964,3.150001525878892
2015-10-16,121.8000030517578,123.9000015258789,118.6500015258789,120.75,120.75,-0.5888709280011515,-0.8620714494658954,-1.0500030517577983
2015-10-19,120.2249984741211,123.9000015258789,119.6999969482422,121.8000030517578,121.8000030517578,-0.6005521865642129,0.8695677447269512,1.0500030517577983
2015-10-20,119.6999969482422,122.8499984741211,115.5,118.6500015258789,118.6500015258789,-0.48665991557436417,-2.586208084527164,-3.150001525878892
2015-10-21,120.2249984741211,121.8000030517578,116.5500030517578,117.0749969482422,117.0749969482422,-0.5713490401565594,-1.3274374693481805,-1.5750045776367045
2015-10-22,115.5,120.75,115.5,117.5999984741211,117.5999984741211,-0.5742693547973248,0.4484318082971894,0.525001525878892
2015-10-23,118.6500015258789,120.75,117.5999984741211,117.5999984741211,117.5999984741211,-0.5888709280011515,0.0,0.0
2015-10-26,119.1750030517578,121.8000030517578,117.5999984741211,117.5999984741211,117.5999984741211,-0.5888709280011515,0.0,0.0
2015-10-27,119.1750030517578,121.8000030517578,117.5999984741211,118.6500015258789,118.6500015258789,-0.568428725515794,0.892859749474284,1.0500030517578125
2015-10-28,118.6500015258789,122.3249969482422,117.5999984741211,117.5999984741211,117.5999984741211,-0.5567474669527327,-0.8849583128987981,-1.0500030517578125
2015-10-29,118.6500015258789,121.8000030517578,117.5999984741211,120.2249984741211,120.2249984741211,-0.6005521865642129,2.2321428861052706,2.625
2015-10-30,120.75,122.8499984741211,119.6999969482422,122.8499984741211,122.8499984741211,-0.559667781593498,2.1834061412486117,2.625
2015-11-02,122.3249969482422,133.35000610351562,120.75,131.25,131.25,-0.4925005448558949,6.837608164601172,8.400001525878906
2015-11-03,132.3000030517578,134.39999389648438,131.25,132.3000030517578,132.3000030517578,-0.5158630619820177,0.8000023251488075,1.0500030517578125
2015-11-04,134.9250030517578,135.4499969482422,131.25,131.25,131.25,-0.5742693547973248,-0.793653082038881,-1.0500030517578125
2015-11-05,131.77499389648438,133.35000610351562,131.25,132.8249969482422,132.8249969482422,-0.5742693547973248,1.1999976748511942,1.5749969482421875
2015-11-06,131.25,132.3000030517578,118.6500015258789,120.75,120.75,-0.4662177130890067,-9.090907002201886,-12.074996948242188
2015-11-09,119.6999969482422,121.8000030517578,119.6999969482422,120.75,120.75,-0.5625880962342633,0.0,0.0
2015-11-10,119.6999969482422,123.9000015258789,116.5500030517578,117.5999984741211,117.5999984741211,-0.5625880962342633,-2.608696915841746,-3.1500015258789062
2015-11-11,118.6500015258789,136.5,116.5500030517578,136.5,136.5,-0.20923002470165566,16.071430077474048,18.900001525878906
2015-11-12,139.125,139.64999389648438,123.9000015258789,123.9000015258789,123.9000015258789,-0.39613016171063825,-9.230768112909226,-12.599998474121094
2015-11-13,130.1999969482422,131.25,122.8499984741211,131.25,131.25,-0.550906837671202,5.932202085232352,7.349998474121094
2015-11-16,132.8249969482422,139.64999389648438,132.3000030517578,136.5,136.5,-0.45745676916671063,4.0000000000000036,5.25
2015-11-17,139.64999389648438,142.8000030517578,136.5,140.6999969482422,140.6999969482422,-0.45745676916671063,3.076920841203057,4.1999969482421875
2015-11-18,144.89999389648438,151.1999969482422,141.75,148.0500030517578,148.0500030517578,-0.26179568823543203,5.22388504828426,7.350006103515625
2015-11-19,148.5749969482422,149.10000610351562,139.64999389648438,145.9499969482422,145.9499969482422,-0.5187833766227831,-1.4184438096779162,-2.100006103515625
2015-11-20,146.47500610351562,147.0,134.39999389648438,137.5500030517578,137.5500030517578,-0.5158630619820177,-5.755391621873917,-8.399993896484375
2015-11-23,137.5500030517578,142.8000030517578,135.4499969482422,135.4499969482422,135.4499969482422,-0.5567474669527327,-1.5267219606861282,-2.100006103515625
2015-11-24,136.5,136.5,134.39999389648438,134.39999389648438,134.39999389648438,-0.5888709280011515,-0.775196068966344,-1.0500030517578125
2015-11-25,136.5,140.6999969482422,135.97500610351562,140.6999969482422,140.6999969482422,-0.5771896694380901,4.687502483526984,6.3000030517578125
2015-11-27,140.6999969482422,144.89999389648438,139.64999389648438,141.75,141.75,-0.5888709280011515,0.7462708418849884,1.0500030517578125
2015-11-30,144.89999389648438,147.0,142.8000030517578,143.85000610351562,143.85000610351562,-0.5625880962342633,1.4814857873126197,2.100006103515625
2015-12-01,145.9499969482422,145.9499969482422,142.8000030517578,143.85000610351562,143.85000610351562,-0.5742693547973248,0.0,0.0
2015-12-02,144.89999389648438,144.89999389648438,136.5,139.64999389648438,139.64999389648438,-0.559667781593498,-2.9197163912588864,-4.20001220703125
2015-12-03,138.60000610351562,140.6999969482422,134.39999389648438,137.5500030517578,137.5500030517578,-0.550906837671202,-1.503752908348266,-2.0999908447265625
2015-12-04,137.5500030517578,137.5500030517578,131.25,133.35000610351562,133.35000610351562,-0.5275443205450792,-3.0534328281052847,-4.1999969482421875
2015-12-07,132.3000030517578,139.64999389648438,131.25,137.5500030517578,137.5500030517578,-0.5713490401565594,3.1496038665209003,4.1999969482421875
2015-12-08,137.02499389648438,137.5500030517578,132.3000030517578,134.39999389648438,134.39999389648438,-0.5771896694380901,-2.2900829410291923,-3.1500091552734375
2015-12-09,133.875,136.5,131.25,132.3000030517578,132.3000030517578,-0.6005521865642129,-1.5624932589981988,-2.0999908447265625
2015-12-10,131.25,136.5,127.0500030517578,129.14999389648438,129.14999389648438,-0.559667781593498,-2.380959246116654,-3.1500091552734375
2015-12-11,131.25,132.8249969482422,127.0500030517578,128.10000610351562,128.10000610351562,-0.5888709280011515,-0.8129987166784813,-1.04998779296875
2015-12-14,128.625,130.1999969482422,120.75,122.8499984741211,122.8499984741211,-0.5275443205450792,-4.098366416276422,-5.250007629394531
2015-12-15,122.3249969482422,122.8499984741211,118.6500015258789,118.6500015258789,118.6500015258789,-0.5275443205450792,-3.4188009771338623,-4.1999969482421875
2015-12-16,118.125,123.9000015258789,117.5999984741211,120.75,120.75,-0.5713490401565594,1.7699101956295094,2.0999984741210938
2015-12-17,124.9499969482422,139.64999389648438,122.8499984741211,132.3000030517578,132.3000030517578,-0.4340942520405878,9.565219918640011,11.550003051757812
2015-12-18,134.39999389648438,139.64999389648438,127.0500030517578,133.35000610351562,133.35000610351562,-0.5333849498266098,0.7936530820388921,1.0500030517578125
2015-12-21,133.875,136.5,128.10000610351562,130.30499267578125,130.30499267578125,-0.5917912426419168,-2.283474531955121,-3.045013427734375
2015-12-22,130.72500610351562,131.25,128.10000610351562,129.14999389648438,129.14999389648438,-0.5947115572826822,-0.8863810630577174,-1.154998779296875
2015-12-23,130.1999969482422,133.35000610351562,128.10000610351562,132.3000030517578,132.3000030517578,-0.5888709280011515,2.4390315943787266,3.1500091552734375
2015-12-24,132.3000030517578,132.3000030517578,132.3000030517578,132.3000030517578,132.3000030517578,-0.6297553329718665,0.0,0.0
2015-12-28,121.2750015258789,123.9000015258789,111.3000030517578,114.4499969482422,114.4499969482422,-0.25887537359466667,-13.492067794233087,-17.85000610351561
2015-12-29,114.9749984741211,128.10000610351562,109.1999969482422,110.25,110.25,-0.3669270153029847,-3.66972220203865,-4.199996948242202
2015-12-30,111.8249969482422,113.4000015258789,106.0500030517578,107.0999984741211,107.0999984741211,-0.38736921778834216,-2.8571442411600034,-3.1500015258789062
2015-12-31,107.0999984741211,109.1999969482422,106.0500030517578,107.0999984741211,107.0999984741211,-0.49542085949666026,0.0,0.0
2016-01-04,108.1500015258789,109.1999969482422,106.0500030517578,107.0999984741211,107.0999984741211,-0.45745676916671063,0.0,0.0
2016-01-05,108.1500015258789,128.10000610351562,100.8000030517578,103.84500122070312,103.84500122070312,-0.3143613517692084,-3.0392131650725296,-3.2549972534179688
2016-01-06,104.4749984741211,105.0,98.6999969482422,98.80500030517578,98.80500030517578,-0.48665991557436417,-4.853388084435339,-5.040000915527344
2016-01-07,90.93000030517578,91.3499984741211,81.9000015258789,88.7249984741211,88.7249984741211,-0.19170813685706353,-10.20191468035111,-10.080001831054688
2016-01-08,89.7750015258789,128.10000610351562,89.25,95.65499877929688,95.65499877929688,-0.4925005448558949,7.81065136585728,6.930000305175781
2016-01-11,97.44000244140624,98.6999969482422,89.3550033569336,91.3499984741211,91.3499984741211,-0.5071021180597216,-4.500549223892247,-4.305000305175781
2016-01-12,91.3499984741211,94.5,90.3000030517578,92.9250030517578,92.9250030517578,-0.5421458937489059,1.7241429709305311,1.5750045776367045
2016-01-13,93.76499938964844,95.5500030517578,89.3550033569336,92.19000244140624,92.19000244140624,-0.5187833766227831,-0.7909610828230829,-0.7350006103515625
2016-01-14,90.61499786376952,94.5,90.3000030517578,90.8249969482422,90.8249969482422,-0.5129427473412523,-1.480643732525766,-1.365005493164034
2016-01-15,87.1500015258789,89.25,85.05000305175781,87.1500015258789,87.1500015258789,-0.5217036912635484,-4.046237870459313,-3.6749954223632955
2016-01-19,86.41500091552734,88.19999694824219,80.8499984741211,80.8499984741211,80.8499984741211,-0.501261488778191,-7.228919037812121,-6.3000030517578125
2016-01-20,81.375,128.10000610351562,68.25,75.5999984741211,75.5999984741211,-0.38736921778834216,-6.493506616058187,-5.25
2016-01-21,74.33999633789062,89.1449966430664,73.5,87.98999786376953,87.98999786376953,-0.5450662083896712,16.388888412332058,12.389999389648438
2016-01-22,88.7249984741211,92.9250030517578,88.19999694824219,92.4000015258789,92.4000015258789,-0.5479865230304366,5.011937457865567,4.410003662109375
2016-01-25,95.0250015258789,98.6999969482422,94.5,97.6500015258789,97.6500015258789,-0.2501144296723706,5.681818087989532,5.25
2016-01-26,97.6500015258789,98.1750030517578,92.9250030517578,95.0250015258789,95.0250015258789,-0.46329739844824136,-2.6881720010053733,-2.625
2016-01-27,94.81500244140624,95.44499969482422,93.4499969482422,95.0250015258789,95.0250015258789,-0.5246240059043138,0.0,0.0
2016-01-28,94.91999816894533,95.0250015258789,93.4499969482422,93.55500030517578,93.55500030517578,-0.550906837671202,-1.5469625857388536,-1.470001220703125
2016-01-29,94.08000183105467,94.5,89.7750015258789,92.9250030517578,92.9250030517578,-0.5158630619820177,-0.6733977354101195,-0.629997253417983
2016-02-01,92.71499633789062,93.4499969482422,90.3000030517578,93.4499969482422,93.4499969482422,-0.559667781593498,0.5649651646414178,0.5249938964844034
2016-02-02,93.76499938964844,94.3949966430664,92.61000061035156,93.4499969482422,93.4499969482422,-0.5538271523119673,0.0,0.0
2016-02-03,93.4499969482422,94.3949966430664,90.8249969482422,92.9250030517578,92.9250030517578,-0.5801099840788555,-0.5617912398383162,-0.5249938964844034
2016-02-04,92.9250030517578,97.6500015258789,90.3000030517578,92.4000015258789,92.4000015258789,-0.4486958252444146,-0.5649733749123143,-0.525001525878892
2016-02-05,93.4499969482422,93.4499969482422,90.8249969482422,92.4000015258789,92.4000015258789,-0.5830302987196209,0.0,0.0
2016-02-08,92.9250030517578,93.4499969482422,89.7750015258789,91.3499984741211,91.3499984741211,-0.5801099840788555,-1.1363669203660498,-1.0500030517578125
2016-02-09,90.8249969482422,90.8249969482422,85.05000305175781,86.625,86.625,-0.5304646351858445,-5.172412209136112,-4.724998474121094
2016-02-10,85.05000305175781,86.0999984741211,84.0,84.73500061035156,84.73500061035156,-0.5363052644673751,-2.181817477227632,-1.8899993896484375
2016-02-11,85.57499694824219,86.0999984741211,81.05999755859375,82.63500213623047,82.63500213623047,-0.5333849498266098,-2.478312927355486,-2.0999984741210938
2016-02-12,83.26499938964844,86.0999984741211,80.8499984741211,85.57499694824219,85.57499694824219,-0.550906837671202,3.557808115215999,2.9399948120117188
2016-02-16,86.0999984741211,94.5,85.05000305175781,88.7249984741211,88.7249984741211,-0.5713490401565594,3.6809835094520738,3.1500015258789062
2016-02-17,90.3000030517578,90.3000030517578,86.0999984741211,87.1500015258789,87.1500015258789,-0.5917912426419168,-1.7751445199534976,-1.5749969482421875
2016-02-18,86.0999984741211,94.5,84.5250015258789,93.9749984741211,93.9749984741211,-0.5187833766227831,7.831321662358803,6.8249969482421875
2016-02-19,94.70999908447266,99.75,92.4000015258789,99.75,99.75,-0.5129427473412523,6.145253120136229,5.775001525878906
2016-02-22,99.75,99.75,94.5,97.125,97.125,-0.559667781593498,-2.631578947368418,-2.625
2016-02-23,96.91500091552734,97.2300033569336,91.3499984741211,93.34500122070312,93.34500122070312,-0.5830302987196209,-3.8918906350546956,-3.779998779296875
2016-02-24,91.875,94.08000183105467,91.3499984741211,93.76499938964844,93.76499938964844,-0.6005521865642129,0.44994178954722575,0.4199981689453125
2016-02-25,94.5,96.5999984741211,93.9749984741211,95.12999725341795,95.12999725341795,-0.5859506133603862,1.4557648084624342,1.364997863769517
2016-02-26,96.0749969482422,96.5999984741211,92.9250030517578,95.5500030517578,95.5500030517578,-0.5421458937489059,0.44150721167475204,0.42000579833984375
2016-02-29,95.33999633789062,99.75,95.33999633789062,98.6999969482422,98.6999969482422,-0.5071021180597216,3.296696803639154,3.1499938964844034
2016-03-01,99.2249984741211,99.2249984741211,89.7750015258789,94.5,94.5,-0.5333849498266098,-4.255316188555369,-4.199996948242202
2016-03-02,93.9749984741211,97.125,93.4499969482422,97.125,97.125,-0.5742693547973248,2.777777777777768,2.625
2016-03-03,96.5999984741211,99.01499938964844,96.5999984741211,97.125,97.125,-0.5567474669527327,0.0,0.0
2016-03-04,97.6500015258789,98.6999969482422,96.0749969482422,96.5999984741211,96.5999984741211,-0.5655084108750287,-0.5405421115870279,-0.5250015258789062
2016-03-07,97.2300033569336,97.6500015258789,95.5500030517578,95.5500030517578,95.5500030517578,-0.5859506133603862,-1.0869518001541012,-1.0499954223632955
2016-03-08,96.5999984741211,96.5999984741211,93.4499969482422,93.66000366210938,93.66000366210938,-0.5771896694380901,-1.9780212760690752,-1.8899993896484233
2016-03-09,95.33999633789062,95.5500030517578,92.29499816894533,93.34500122070312,93.34500122070312,-0.568428725515794,-0.3363254634738855,-0.31500244140625
2016-03-10,91.875,93.4499969482422,90.3000030517578,91.875,91.875,-0.5888709280011515,-1.5748044367448033,-1.470001220703125
2016-03-11,92.08499908447266,92.4000015258789,90.40499877929688,90.72000122070312,90.72000122070312,-0.568428725515794,-1.257141528486394,-1.154998779296875
2016-03-14,91.13999938964844,93.23999786376952,90.3000030517578,93.23999786376952,93.23999786376952,-0.5625880962342633,2.7777740400771744,2.519996643066392
2016-03-15,92.9250030517578,92.9250030517578,88.19999694824219,89.66999816894531,89.66999816894531,-0.5479865230304366,-3.8288285892501106,-3.5699996948242045
2016-03-16,88.19999694824219,89.25,86.625,88.7249984741211,88.7249984741211,-0.6005521865642129,-1.0538638498060027,-0.9449996948242188
2016-03-17,89.7750015258789,91.3499984741211,89.25,89.25,89.25,-0.568428725515794,0.5917177062922496,0.5250015258789062
2016-03-18,91.3499984741211,92.4000015258789,88.19999694824219,89.7750015258789,89.7750015258789,-0.5625880962342633,0.5882370037858964,0.5250015258789062
2016-03-21,89.7750015258789,90.8249969482422,88.19999694824219,88.83000183105469,88.83000183105469,-0.5567474669527327,-1.052631221122069,-0.9449996948242188
2016-03-22,88.83000183105469,88.83000183105469,80.32499694824219,84.0,84.0,-0.5275443205450792,-5.437354195084721,-4.8300018310546875
2016-03-23,82.42500305175781,85.05000305175781,81.9000015258789,82.94999694824219,82.94999694824219,-0.5742693547973248,-1.250003633045016,-1.0500030517578125
2016-03-24,81.16500091552734,82.94999694824219,79.80000305175781,82.94999694824219,82.94999694824219,-0.5742693547973248,0.0,0.0
2016-03-28,82.21499633789062,82.84500122070312,80.8499984741211,81.9000015258789,81.9000015258789,-0.5771896694380901,-1.265817312830575,-1.0499954223632812
2016-03-29,81.375,82.94999694824219,80.8499984741211,80.8499984741211,80.8499984741211,-0.5947115572826822,-1.2820549843653328,-1.0500030517578125
2016-03-30,79.80000305175781,81.79499816894531,78.75,79.2750015258789,79.2750015258789,-0.5421458937489059,-1.9480482102251617,-1.5749969482421875
2016-03-31,79.06500244140625,79.80000305175781,78.75,79.16999816894531,79.16999816894531,-0.5830302987196209,-0.13245456311888892,-0.10500335693359375
2016-04-01,78.54000091552734,79.2750015258789,76.6500015258789,76.86000061035156,76.86000061035156,-0.49542085949666026,-2.917768867019954,-2.30999755859375
2016-04-04,85.47000122070312,92.4000015258789,77.69999694824219,91.24500274658205,91.24500274658205,-0.2822378907207895,18.715849625290137,14.385002136230483
2016-04-05,92.19000244140624,92.4000015258789,87.1500015258789,87.1500015258789,87.1500015258789,-0.4808192862928335,-4.487918348883535,-4.095001220703139
2016-04-06,86.94000244140625,90.3000030517578,85.05000305175781,89.25,89.25,-0.568428725515794,2.4096367611623037,2.0999984741210938
2016-04-07,96.38999938964844,106.0500030517578,96.0749969482422,103.84500122070312,103.84500122070312,0.5120876915673865,16.352942544205185,14.595001220703125
2016-04-08,104.8949966430664,106.0500030517578,102.375,103.4250030517578,103.4250030517578,-0.1508237318863486,-0.40444717030981847,-0.4199981689453267
2016-04-11,105.0,105.0,101.8499984741211,101.8499984741211,101.8499984741211,-0.4486958252444146,-1.522847020703988,-1.5750045776367045
2016-04-12,101.8499984741211,103.9499969482422,100.2750015258789,103.9499969482422,103.9499969482422,-0.45161613988517996,2.061854202830138,2.099998474121108
2016-04-13,103.73999786376952,103.9499969482422,102.375,102.9000015258789,102.9000015258789,-0.46329739844824136,-1.0100966360644503,-1.0499954223632955
2016-04-14,103.11000061035156,106.0500030517578,102.69000244140624,104.79000091552734,104.79000091552734,-0.4808192862928335,1.8367340734908755,1.8899993896484375
2016-04-15,104.37000274658205,107.0999984741211,103.9499969482422,105.0,105.0,-0.48958023021512953,0.20039992617419955,0.20999908447265625
2016-04-18,105.5250015258789,107.0999984741211,102.375,103.9499969482422,103.9499969482422,-0.4720583423705374,-1.0000029064360039,-1.0500030517577983
2016-04-19,104.4749984741211,105.0,100.8000030517578,101.3249969482422,101.3249969482422,-0.5187833766227831,-2.5252525993887387,-2.625
2016-04-20,101.63999938964844,102.375,96.5999984741211,96.5999984741211,96.5999984741211,-0.5129427473412523,-4.663211069756734,-4.724998474121108
2016-04-21,96.5999984741211,98.1750030517578,94.5,95.0250015258789,95.0250015258789,-0.550906837671202,-1.6304316491931647,-1.5749969482421875
2016-04-22,94.5,98.6999969482422,94.5,98.6999969482422,98.6999969482422,-0.5713490401565594,3.867398435518532,3.6749954223632955
2016-04-25,99.2249984741211,102.9000015258789,98.6999969482422,100.2750015258789,100.2750015258789,-0.5363052644673751,1.5957493681206802,1.5750045776367045
2016-04-26,99.75,102.9000015258789,99.2249984741211,101.3249969482422,101.3249969482422,-0.5187833766227831,1.047115837831547,1.0499954223632955
2016-04-27,99.75,100.8000030517578,97.125,98.59500122070312,98.59500122070312,-0.568428725515794,-2.6942963826918076,-2.7299957275390767
2016-04-28,97.86000061035156,99.01499938964844,96.5999984741211,96.5999984741211,96.5999984741211,-0.5801099840788555,-2.023431940648035,-1.9950027465820312
2016-04-29,97.0199966430664,98.80500030517578,94.70999908447266,95.44499969482422,95.44499969482422,-0.568428725515794,-1.195650929131531,-1.154998779296875
2016-05-02,96.91500091552734,97.125,93.4499969482422,95.0250015258789,95.0250015258789,-0.5567474669527327,-0.44004208736782013,-0.4199981689453125
2016-05-03,93.4499969482422,95.0250015258789,92.4000015258789,93.4499969482422,93.4499969482422,-0.5771896694380901,-1.6574633542181805,-1.5750045776367045
2016-05-04,93.4499969482422,94.5,88.19999694824219,88.7249984741211,88.7249984741211,-0.5333849498266098,-5.056178307569203,-4.724998474121108
2016-05-05,88.7249984741211,88.7249984741211,88.7249984741211,88.7249984741211,88.7249984741211,-0.6297553329718665,0.0,0.0
2016-05-06,91.5,97.5,91.5,94.875,94.875,-0.550906837671202,6.931531847445127,6.150001525878906
2016-05-09,97.5,106.0500030517578,97.5,105.0,105.0,-0.41949267883676106,10.671936758893285,10.125
2016-05-10,105.75,105.75,102.75,105.0,105.0,-0.510022432700487,0.0,0.0
2016-05-11,105.0,107.5500030517578,105.0,106.8000030517578,106.8000030517578,-0.5041818034189562,1.7142886207217156,1.8000030517577983
2016-05-12,107.4000015258789,107.6999969482422,105.0,105.0,105.0,-0.5742693547973248,-1.685396067718714,-1.8000030517577983
2016-05-13,104.5500030517578,105.4499969482422,102.75,104.25,104.25,-0.46329739844824136,-0.7142857142857117,-0.75
2016-05-16,104.25,104.8499984741211,95.25,98.8499984741211,98.8499984741211,-0.501261488778191,-5.179857578780722,-5.400001525878906
2016-05-17,96.0,98.25,90.3000030517578,90.5999984741211,90.5999984741211,-0.5129427473412523,-8.345978884521532,-8.25
2016-05-18,90.1500015258789,90.75,87.1500015258789,89.25,89.25,-0.5246240059043138,-1.4900645660680722,-1.3499984741210938
2016-05-19,88.5,89.0999984741211,79.19999694824219,80.25,80.25,-0.4545364545259453,-10.084033613445376,-9.0
2016-05-20,82.875,87.44999694824219,81.67500305175781,87.07499694824219,87.07499694824219,-0.5538271523119673,8.504669094382788,6.8249969482421875
2016-05-23,88.5,90.0,87.0,88.80000305175781,88.80000305175781,-0.5859506133603862,1.9810578971837023,1.725006103515625
2016-05-24,87.82499694824219,90.0,84.75,85.5,85.5,-0.5742693547973248,-3.716219525166431,-3.3000030517578125
2016-05-25,84.75,86.25,84.28500366210938,85.125,85.125,-0.5801099840788555,-0.43859649122807154,-0.375
2016-05-26,84.1500015258789,84.75,84.1500015258789,84.1500015258789,84.1500015258789,-0.6122334451272744,-1.1453726568236067,-0.9749984741210938
2016-05-27,84.1500015258789,85.5,84.1500015258789,84.77999877929688,84.77999877929688,-0.6063928158457437,0.7486598241168485,0.6299972534179688
2016-05-31,84.75,84.75,84.0,84.1500015258789,84.1500015258789,-0.5771896694380901,-0.7430965587272631,-0.6299972534179688
2016-06-01,84.0,84.1500015258789,80.4000015258789,81.5999984741211,81.5999984741211,-0.5421458937489059,-3.030306601923949,-2.5500030517578125
2016-06-02,81.30000305175781,84.75,81.0,84.44999694824219,84.44999694824219,-0.5888709280011515,3.492645254184601,2.8499984741210938
2016-06-03,85.94999694824219,86.0999984741211,83.4749984741211,85.5,85.5,-0.5625880962342633,1.2433429126129436,1.0500030517578125
2016-06-06,85.5,88.5,84.5999984741211,88.19999694824219,88.19999694824219,-0.559667781593498,3.157891167534732,2.6999969482421875
2016-06-07,88.19999694824219,99.0,88.19999694824219,94.875,94.875,-0.5275443205450792,7.568030932784331,6.6750030517578125
2016-06-08,95.625,96.75,90.4499969482422,91.0500030517578,91.0500030517578,-0.5421458937489059,-4.031617336750671,-3.8249969482422017
2016-06-09,91.1999969482422,91.1999969482422,90.0,90.9000015258789,90.9000015258789,-0.568428725515794,-0.16474631614632473,-0.15000152587889204
2016-06-10,90.9749984741211,91.5,82.6500015258789,84.30000305175781,84.30000305175781,-0.5275443205450792,-7.260724272091568,-6.599998474121094
2016-06-13,84.1500015258789,84.1500015258789,82.19999694824219,82.5,82.5,-0.5421458937489059,-2.135234859544033,-1.8000030517578125
2016-06-14,78.75,80.25,76.94999694824219,78.375,78.375,-0.5275443205450792,-5.000000000000004,-4.125
2016-06-15,78.75,78.75,77.69999694824219,78.0,78.0,-0.5888709280011515,-0.4784688995215336,-0.375
2016-06-16,77.69999694824219,87.30000305175781,77.69999694824219,87.30000305175781,87.30000305175781,-0.5538271523119673,11.92308083558693,9.300003051757812
2016-06-17,79.5,86.55000305175781,78.82499694824219,84.1500015258789,84.1500015258789,-0.5771896694380901,-3.608249044403078,-3.1500015258789062
2016-06-20,79.5,83.25,79.5,79.5,79.5,-0.5655084108750287,-5.525848415402434,-4.650001525878906
2016-06-21,80.27999877929688,82.5,78.0,78.0,78.0,-0.5625880962342633,-1.8867924528301883,-1.5
2016-06-22,78.1500015258789,78.30000305175781,76.80000305175781,77.55000305175781,77.55000305175781,-0.550906837671202,-0.5769191644130589,-0.4499969482421875
2016-06-23,77.55000305175781,77.56500244140625,71.25,75.5999984741211,75.5999984741211,-0.4837396009335988,-2.5145125736942386,-1.9500045776367188
2016-06-24,71.7750015258789,73.3499984741211,69.5999984741211,72.9000015258789,72.9000015258789,-0.4778989716520681,-3.5714246067960365,-2.6999969482421875
2016-06-27,72.5999984741211,74.55000305175781,68.92500305175781,72.0,72.0,-0.49834117413742557,-1.234569968505983,-0.9000015258789062
2016-06-28,72.0,72.1500015258789,67.6500015258789,69.30000305175781,69.30000305175781,-0.5304646351858445,-3.7499957614474777,-2.6999969482421875
2016-06-29,68.25,69.1500015258789,65.25,65.25,65.25,-0.4691380277297721,-5.844159990488029,-4.0500030517578125
2016-06-30,63.375,65.25,60.150001525878906,62.25,62.25,-0.3932098470698729,-4.597701149425292,-3.0
2016-07-01,61.875,63.75,61.5,61.5,61.5,-0.45745676916671063,-1.2048192771084376,-0.75
2016-07-05,61.275001525878906,62.400001525878906,60.59999847412109,61.5,61.5,-0.4925005448558949,0.0,0.0
2016-07-06,61.42499923706055,79.19999694824219,60.29999923706055,76.05000305175781,76.05000305175781,-0.21799096862395173,23.658541547573677,14.550003051757812
2016-07-07,76.6500015258789,79.5,75.1500015258789,76.94999694824219,76.94999694824219,-0.16542530509017536,1.1834238795123575,0.899993896484375
2016-07-08,77.4000015258789,81.30000305175781,77.25,79.94999694824219,79.94999694824219,-0.40781142027369965,3.8986356321987214,3.0
2016-07-11,81.0,95.25,81.0,92.5500030517578,92.5500030517578,-0.019409573051907724,15.759858141924088,12.60000610351561
2016-07-12,92.97000122070312,101.86499786376952,91.5,98.25,98.25,-0.048612719459561256,6.158829562711654,5.699996948242202
2016-07-13,99.4499969482422,101.25,93.0,99.73500061035156,99.73500061035156,-0.2442738003908399,1.5114510029023531,1.4850006103515625
2016-07-14,99.5250015258789,101.25,97.6500015258789,97.8000030517578,97.8000030517578,-0.48958023021512953,-1.9401389148765213,-1.9349975585937642
2016-07-15,98.25,99.0,97.6500015258789,98.6999969482422,98.6999969482422,-0.5625880962342633,0.9202391292443046,0.8999938964844034
2016-07-18,99.1500015258789,99.3000030517578,96.75,97.125,97.125,-0.5479865230304366,-1.5957416382374578,-1.5749969482422017
2016-07-19,96.8249969482422,96.8249969482422,90.3000030517578,91.8000030517578,91.8000030517578,-0.4720583423705374,-5.482622340532517,-5.324996948242202
2016-07-20,91.9499969482422,93.5999984741211,90.3000030517578,91.3499984741211,91.3499984741211,-0.510022432700487,-0.4902010486677044,-0.45000457763670454
2016-07-21,91.8000030517578,92.25,83.25,88.5,88.5,-0.4925005448558949,-3.1198670188576805,-2.8499984741210938
2016-07-22,87.0,87.75,86.25,86.4000015258789,86.4000015258789,-0.5801099840788555,-2.3728796317752487,-2.0999984741210938
2016-07-25,88.5,93.1500015258789,86.55000305175781,93.1500015258789,93.1500015258789,-0.4370145666813532,7.812499862026279,6.75
2016-07-26,93.0,93.4499969482422,88.05000305175781,90.0,90.0,-0.49834117413742557,-3.381644094770919,-3.1500015258789062
2016-07-27,90.0,90.75,90.0,90.0,90.0,-0.4808192862928335,0.0,0.0
2016-07-28,90.3000030517578,93.9000015258789,90.0,93.3000030517578,93.3000030517578,-0.45161613988517996,3.6666700575086697,3.3000030517577983
2016-07-29,93.375,93.75,90.0,92.8499984741211,92.8499984741211,-0.5041818034189562,-0.4823200031269681,-0.45000457763670454
2016-08-01,93.6750030517578,98.25,93.5999984741211,96.0,96.0,-0.43117393739982246,3.392570358261082,3.1500015258789062
2016-08-02,98.0999984741211,98.25,93.9000015258789,96.0,96.0,-0.5742693547973248,0.0,0.0
2016-08-03,95.25,95.25,93.0,93.6750030517578,93.6750030517578,-0.5888709280011515,-2.4218718210856305,-2.3249969482422017
2016-08-04,93.5999984741211,94.8000030517578,93.0,93.0,93.0,-0.5742693547973248,-0.7205796955083499,-0.6750030517577983
2016-08-05,94.125,95.25,93.0,93.5999984741211,93.5999984741211,-0.5947115572826822,0.6451596495925749,0.5999984741210938
2016-08-08,93.75,93.75,91.9499969482422,93.3000030517578,93.3000030517578,-0.5742693547973248,-0.3205079351002782,-0.29999542236329546
2016-08-09,60.0,65.25,58.650001525878906,59.09999847412109,59.09999847412109,4.959726889453019,-36.65595226043498,-34.20000457763671
2016-08-10,60.0,60.59999847412109,59.09999847412109,59.84999847412109,59.84999847412109,0.7048284578578998,1.2690355657596353,0.75
2016-08-11,60.0,60.0,59.09999847412109,59.25,59.25,0.05651860760799145,-1.002503741717764,-0.5999984741210866
2016-08-12,60.0,60.0,57.75,58.34999847412109,58.34999847412109,0.33394849848069996,-1.5189899170952148,-0.9000015258789134
2016-08-15,60.150001525878906,60.29999923706055,58.650001525878906,60.29999923706055,60.29999923706055,0.5120876915673865,3.3419037085396175,1.9500007629394602
2016-08-16,60.45000076293945,61.79999923706055,60.29999923706055,60.900001525878906,60.900001525878906,-0.2676363175169627,0.9950286839300659,0.6000022888183594
2016-08-17,61.5,62.25,60.29999923706055,60.45000076293945,60.45000076293945,-0.4019707909921689,-0.7389174904178453,-0.4500007629394531
2016-08-18,61.04999923706055,62.25,60.45000076293945,61.04999923706055,61.04999923706055,0.14996867611248274,0.9925532945384896,0.5999984741210938
2016-08-19,61.04999923706055,61.79999923706055,60.59999847412109,60.75,60.75,-0.31728166640997374,-0.49139924784541433,-0.2999992370605469
2016-08-22,61.650001525878906,61.79999923706055,60.45000076293945,60.59999847412109,60.59999847412109,-0.33188323961380045,-0.24691609198175257,-0.15000152587891336
2016-08-23,61.04999923706055,61.04999923706055,59.70000076293945,59.70000076293945,59.70000076293945,-0.38444890314757685,-1.4851447753187252,-0.8999977111816335
2016-08-24,60.900001525878906,60.900001525878906,59.25,59.70000076293945,59.70000076293945,-0.3552457567399233,0.0,0.0
2016-08-25,60.45000076293945,60.75,59.25,59.54999923706055,59.54999923706055,-0.4457755106036492,-0.25125883410712646,-0.15000152587890625
2016-08-26,59.25,59.54999923706055,59.09999847412109,59.09999847412109,59.09999847412109,-0.46329739844824136,-0.7556687971532416,-0.45000076293946023
2016-08-29,60.0,60.0,56.25,56.84999847412109,56.84999847412109,-0.14206278796405256,-3.807106697278917,-2.25
2016-08-30,57.75,59.3849983215332,57.0,57.75,57.75,-0.510022432700487,1.5831161829997331,0.9000015258789134
2016-08-31,57.75,58.5,57.45000076293945,57.75,57.75,-0.3231222956915044,0.0,0.0
2016-09-01,58.95000076293945,59.25,57.45000076293945,58.34999847412109,58.34999847412109,-0.501261488778191,1.038958396746481,0.5999984741210866
2016-09-02,58.5,62.70000076293945,57.75,58.04999923706055,58.04999923706055,1.3998633423600537,-0.5141375234030132,-0.29999923706053977
2016-09-06,58.650001525878906,59.09999847412109,57.0,59.09999847412109,59.09999847412109,-0.3377238688953312,1.808784239208383,1.0499992370605398
2016-09-07,58.79999923706055,60.0,57.75,60.0,60.0,-0.3377238688953312,1.522845260771044,0.9000015258789134
2016-09-08,58.5,60.75,58.04999923706055,59.84999847412109,59.84999847412109,-0.46329739844824136,-0.25000254313152226,-0.15000152587891336
2016-09-09,58.79999923706055,60.375,57.75,59.25,59.25,-0.4925005448558949,-1.002503741717764,-0.5999984741210866
2016-09-12,60.0,60.07500076293945,56.54999923706055,57.75,57.75,-0.37276764458451545,-2.5316455696202556,-1.5
2016-09-13,57.0,57.59999847412109,55.34999847412109,55.95000076293945,55.95000076293945,-0.3932098470698729,-3.116881795775839,-1.7999992370605469
2016-09-14,58.20000076293945,58.6349983215332,55.650001525878906,57.0,57.0,-0.4720583423705374,1.876674214017271,1.0499992370605469
2016-09-15,56.09999847412109,56.84999847412109,54.59999847412109,56.09999847412109,56.09999847412109,-0.5041818034189562,-1.5789500454016059,-0.9000015258789134
2016-09-16,57.900001525878906,57.900001525878906,54.900001525878906,55.04999923706055,55.04999923706055,-0.010648629129611667,-1.8716564449549944,-1.0499992370605398
2016-09-19,57.150001525878906,57.150001525878906,51.75,54.75,54.75,-0.06321429266338802,-0.5449577497152469,-0.2999992370605469
2016-09-20,53.54999923706055,55.5,53.25,54.29999923706055,54.29999923706055,-0.45161613988517996,-0.8219192017158927,-0.4500007629394531
2016-09-21,54.29999923706055,55.275001525878906,53.25,54.45000076293945,54.45000076293945,-0.4048911056329343,0.27624590789410153,0.15000152587890625
2016-09-22,54.29999923706055,54.75,52.30500030517578,54.59999847412109,54.59999847412109,-0.3260426103322698,0.27547788628081715,0.14999771118163352
2016-09-23,54.0,54.0,51.900001525878906,53.25,53.25,-0.3815285885068115,-2.472524746975857,-1.3499984741210866
2016-09-26,53.70000076293945,55.04999923706055,52.650001525878906,54.0,54.0,-0.38736921778834216,1.4084507042253502,0.75
2016-09-27,54.900001525878906,63.75,54.900001525878906,61.5,61.5,2.1445435757552187,13.888888888888884,7.5
2016-09-28,65.0999984741211,80.8499984741211,63.150001525878906,77.25,77.25,3.8821307870106034,25.609756097560975,15.75
2016-09-29,75.9000015258789,76.05000305175781,68.25,69.75,69.75,1.227564778554898,-9.708737864077666,-7.5
2016-09-30,71.8499984741211,72.75,69.1500015258789,70.5,70.5,0.1645702493163095,1.0752688172043001,0.75
2016-10-03,72.5999984741211,79.5,71.0999984741211,79.5,79.5,0.9092504827114745,12.765957446808507,9.0
2016-10-04,85.6500015258789,87.0,75.0,79.94999694824219,79.94999694824219,1.2246444639141325,0.5660338971599899,0.4499969482421875
2016-10-05,81.9000015258789,84.1500015258789,77.25,82.3499984741211,82.3499984741211,0.26678126174309685,3.0018781957335428,2.4000015258789062
2016-10-06,84.75,84.75,79.5,81.5999984741211,81.5999984741211,-0.21507065398318637,-0.910746829261555,-0.75
2016-10-07,82.19999694824219,82.33499908447266,79.5,80.25,80.25,-0.361086386021454,-1.654409925692879,-1.3499984741210938
2016-10-10,81.44999694824219,85.5,80.25,85.5,85.5,-0.22967222718701313,6.542056074766345,5.25
2016-10-11,86.55000305175781,90.9000015258789,85.3499984741211,90.4499969482422,90.4499969482422,0.27846252030615826,5.789470114903161,4.949996948242202
2016-10-12,91.0500030517578,95.6999969482422,90.3000030517578,93.1500015258789,93.1500015258789,0.02731546120033792,2.985079788539635,2.7000045776367045
2016-10-13,93.0,93.0,83.25,90.75,90.75,0.12952647362712527,-2.5764911288940096,-2.4000015258789062
2016-10-14,89.25,90.0,83.25,86.4000015258789,86.4000015258789,0.2755422056653929,-4.793386748342798,-4.349998474121094
2016-10-17,87.30000305175781,90.0,87.30000305175781,89.55000305175781,89.55000305175781,-0.4048911056329343,3.645835035009126,3.1500015258789062
2016-10-18,87.5999984741211,88.6500015258789,85.5,87.30000305175781,87.30000305175781,-0.2384331711093092,-2.512562728445189,-2.25
2016-10-19,86.25,88.5,82.94999694824219,87.75,87.75,-0.09241743907104155,0.515460403793333,0.4499969482421875
2016-10-20,83.4000015258789,86.29499816894531,83.25,84.44999694824219,84.44999694824219,-0.40781142027369965,-3.7606872384704393,-3.3000030517578125
2016-10-21,84.75,86.8499984741211,83.69999694824219,85.5,85.5,-0.4925005448558949,1.2433429126129436,1.0500030517578125
2016-10-24,87.0,87.0,82.5,82.80000305175781,82.80000305175781,-0.3494051274583926,-3.157891167534721,-2.6999969482421875
2016-10-25,82.5,82.5,67.5,70.94999694824219,70.94999694824219,1.353138308107808,-14.311601046811862,-11.850006103515625
2016-10-26,70.19999694824219,72.1500015258789,58.5,59.25,59.25,0.8566848191776981,-16.490482665950356,-11.699996948242188
2016-10-27,59.400001525878906,69.0,59.25,66.30000305175781,66.30000305175781,0.3514703863252921,11.898739327861296,7.0500030517578125
2016-10-28,66.9000015258789,73.33499908447266,66.0,67.94999694824219,67.94999694824219,0.3865141620144763,2.488678462346816,1.649993896484375
2016-10-31,67.5,69.9000015258789,67.00499725341797,67.6500015258789,67.6500015258789,-0.361086386021454,-0.44149438680886055,-0.29999542236328125
2016-11-01,67.5,71.25,60.900001525878906,61.5,61.5,-0.02525020233343843,-9.090911141408142,-6.150001525878906
2016-11-02,60.75,67.47000122070312,60.75,64.5,64.5,-0.08949712443027619,4.878048780487809,3.0
2016-11-03,64.94999694824219,65.79000091552734,61.5,63.150001525878906,63.150001525878906,-0.26179568823543203,-2.09302089011022,-1.3499984741210938
2016-11-04,61.79999923706055,63.59999847412109,60.0,61.95000076293945,61.95000076293945,-0.22967222718701313,-1.9002386919146685,-1.2000007629394531
2016-11-07,58.34999847412109,61.5,57.75,60.75,60.75,0.02731546120033792,-1.937047212527776,-1.2000007629394531
2016-11-08,60.0,61.95000076293945,60.0,61.34999847412109,61.34999847412109,-0.2909988346430855,0.9876518092528208,0.5999984741210866
2016-11-09,60.0,64.80000305175781,60.0,64.5,64.5,-0.3494051274583926,5.134476942501731,3.1500015258789134
2016-11-10,64.5,65.8499984741211,61.5,63.900001525878906,63.900001525878906,-0.37276764458451545,-0.9302301924357992,-0.5999984741210938
2016-11-11,63.29999923706055,63.29999923706055,58.95000076293945,62.25,62.25,-0.20923002470165566,-2.58216195067017,-1.6500015258789062
2016-11-14,61.5,62.09999847412109,59.400001525878906,61.5,61.5,-0.4165723641959957,-1.2048192771084376,-0.75
2016-11-15,62.54999923706055,62.54999923706055,60.150001525878906,60.59999847412109,60.59999847412109,-0.48665991557436417,-1.463417115250265,-0.9000015258789134
2016-11-16,60.0,61.20000076293945,59.54999923706055,60.45000076293945,60.45000076293945,-0.4224129934775264,-0.24752098177971416,-0.14999771118163352
2016-11-17,60.29999923706055,61.79999923706055,60.0,61.5,61.5,-0.43117393739982246,1.7369714206923126,1.0499992370605469
2016-11-18,61.650001525878906,62.25,60.0,62.25,62.25,-0.4691380277297721,1.2195121951219523,0.75
2016-11-21,62.84999847412109,63.0,60.75,62.84999847412109,62.84999847412109,-0.5158630619820177,0.9638529704756316,0.5999984741210866
2016-11-22,62.70000076293945,62.70000076293945,60.75,61.5,61.5,-0.5187833766227831,-2.1479689847199612,-1.3499984741210866
2016-11-23,60.900001525878906,66.75,60.75,66.44999694824219,66.44999694824219,0.012713887996511157,8.048775525597062,4.9499969482421875
2016-11-25,67.5,72.5999984741211,66.75,71.0999984741211,71.0999984741211,-0.30268009320614697,6.997745281313983,4.650001525878906
2016-11-28,72.5999984741211,72.75,67.80000305175781,67.80000305175781,67.80000305175781,-0.22383159790548243,-4.641343872270842,-3.2999954223632812
2016-11-29,69.75,69.75,66.75,66.75,66.75,-0.48958023021512953,-1.5486769977816284,-1.0500030517578125
2016-11-30,66.30000305175781,66.36000061035156,63.75,65.55000305175781,65.55000305175781,-0.4691380277297721,-1.7977482370669429,-1.1999969482421875
2016-12-01,65.25,67.3499984741211,64.5,65.69999694824219,65.69999694824219,-0.4545364545259453,0.22882363005527484,0.149993896484375
2016-12-02,66.0,66.30000305175781,64.05000305175781,64.05000305175781,64.05000305175781,-0.4282536227590571,-2.5114063517905905,-1.649993896484375
2016-12-05,64.05000305175781,70.6500015258789,63.75,70.05000305175781,70.05000305175781,-0.3348035542545658,9.367681052491905,6.0
2016-12-06,70.3499984741211,73.5,68.4000015258789,72.9000015258789,72.9000015258789,-0.05445334874109196,4.068520128422137,2.8499984741210938
2016-12-07,72.9000015258789,72.9000015258789,69.5999984741211,71.55000305175781,71.55000305175781,-0.34064418353609655,-1.8518497199782047,-1.3499984741210938
2016-12-08,71.25,72.75,70.5,71.4000015258789,71.4000015258789,-0.34064418353609655,-0.20964572953322547,-0.15000152587890625
2016-12-09,70.94999694824219,70.94999694824219,66.1500015258789,66.1500015258789,66.1500015258789,-0.4457755106036492,-7.352941019331971,-5.25
2016-12-12,66.1500015258789,66.67500305175781,63.0,63.900001525878906,63.900001525878906,-0.3231222956915044,-3.4013604657586627,-2.25
2016-12-13,63.75,66.0,61.79999923706055,65.25,65.25,-0.4165723641959957,2.112673617972227,1.3499984741210938
2016-12-14,65.69999694824219,65.8499984741211,62.70000076293945,65.4000015258789,65.4000015258789,-0.5246240059043138,0.22988739598299723,0.15000152587890625
2016-12-15,66.0,66.0,64.5,64.5,64.5,-0.48958023021512953,-1.3761490900313977,-0.9000015258789062
2016-12-16,63.75,65.55000305175781,63.150001525878906,65.25,65.25,-0.06613460730415337,1.1627906976744207,0.75
2016-12-19,65.55000305175781,69.44999694824219,65.27999877929688,67.3499984741211,67.3499984741211,-0.5333849498266098,3.218388466085975,2.0999984741210938
2016-12-20,67.5,67.94999694824219,64.5,66.0,66.0,-0.4808192862928335,-2.0044521228011924,-1.3499984741210938
2016-12-21,65.25,66.0,63.75,65.0999984741211,65.0999984741211,-0.5363052644673751,-1.363638675574097,-0.9000015258789062
2016-12-22,65.0999984741211,65.0999984741211,61.650001525878906,63.150001525878906,63.150001525878906,-0.40781142027369965,-2.9953870874779853,-1.9499969482421875
2016-12-23,63.75,63.75,60.75,62.09999847412109,62.09999847412109,-0.3260426103322698,-1.662712630858021,-1.0500030517578196
2016-12-27,60.900001525878906,61.88999938964844,60.75,61.650001525878906,61.650001525878906,-0.38736921778834216,-0.7246327847008072,-0.4499969482421804
2016-12-28,60.900001525878906,63.150001525878906,60.84000015258789,61.95000076293945,61.95000076293945,-0.5187833766227831,0.4866167552885159,0.2999992370605469
2016-12-29,61.34999847412109,62.06999969482422,60.150001525878906,61.20000076293945,61.20000076293945,-0.34064418353609655,-1.2106537381169402,-0.75
2016-12-30,61.20000076293945,61.95000076293945,59.70000076293945,59.70000076293945,59.70000076293945,-0.27055663215772807,-2.4509803616021286,-1.5
2017-01-03,60.45000076293945,61.95000076293945,60.29999923706055,60.900001525878906,60.900001525878906,-0.48958023021512953,2.010051503524246,1.2000007629394531
2017-01-04,59.84999847412109,61.275001525878906,59.70000076293945,60.150001525878906,60.150001525878906,-0.5041818034189562,-1.231527062739557,-0.75
2017-01-05,60.0,61.5,59.84999847412109,61.20000076293945,61.20000076293945,-0.49834117413742557,1.745634597546597,1.0499992370605469
2017-01-06,60.75,62.70000076293945,60.435001373291016,62.400001525878906,62.400001525878906,-0.5158630619820177,1.9607855359147885,1.2000007629394531
2017-01-09,62.84999847412109,67.31999969482422,62.400001525878906,65.55000305175781,65.55000305175781,-0.22675191254624777,5.048079244954051,3.1500015258789062
2017-01-10,64.80000305175781,64.80000305175781,61.79999923706055,64.05000305175781,64.05000305175781,-0.48665991557436417,-2.2883294129149134,-1.5
2017-01-11,63.45000076293945,64.5,63.0,63.59999847412109,63.59999847412109,-0.5742693547973248,-0.7025832259103582,-0.45000457763672586
2017-01-12,64.05000305175781,64.5,63.060001373291016,63.45000076293945,63.45000076293945,-0.5158630619820177,-0.23584546349111335,-0.14999771118163352
2017-01-13,63.45000076293945,63.900001525878906,60.75,62.25,62.25,-0.4370145666813532,-1.89125413476805,-1.2000007629394531
2017-01-17,63.150001525878906,63.150001525878906,60.900001525878906,62.25,62.25,-0.4720583423705374,0.0,0.0
2017-01-18,61.95000076293945,61.95000076293945,60.75,61.04999923706055,61.04999923706055,-0.4808192862928335,-1.9277120689790372,-1.2000007629394531
2017-01-19,60.75,61.34999847412109,60.150001525878906,60.59999847412109,60.59999847412109,-0.5071021180597216,-0.7371019960083602,-0.45000076293946023
2017-01-20,60.150001525878906,62.25,60.150001525878906,62.25,62.25,-0.510022432700487,2.722774863737887,1.6500015258789134
2017-01-23,61.650001525878906,62.70000076293945,60.75,60.75,60.75,-0.5538271523119673,-2.409638554216864,-1.5
2017-01-24,60.900001525878906,61.5,60.900001525878906,61.5,61.5,-0.5217036912635484,1.2345679012345734,0.75
2017-01-25,61.20000076293945,62.25,61.20000076293945,61.79999923706055,61.79999923706055,-0.5158630619820177,0.48780363749683087,0.2999992370605469
2017-01-26,61.95000076293945,62.25,61.04999923706055,61.334999084472656,61.334999084472656,-0.5363052644673751,-0.7524274406609299,-0.4650001525878906
2017-01-27,60.900001525878906,61.79999923706055,60.75,61.79999923706055,61.79999923706055,-0.5859506133603862,0.7581318326058462,0.4650001525878906
2017-01-30,61.95000076293945,61.95000076293945,61.20000076293945,61.34999847412109,61.34999847412109,-0.5479865230304366,-0.7281565833250014,-0.45000076293946023
2017-01-31,61.650001525878906,61.83000183105469,60.150001525878906,61.20000076293945,61.20000076293945,-0.5041818034189562,-0.24449505283183903,-0.14999771118163352
2017-02-01,61.04999923706055,63.29999923706055,60.150001525878906,60.900001525878906,60.900001525878906,-0.4136520495552304,-0.4901948256873512,-0.2999992370605469
2017-02-02,60.75,62.040000915527344,60.75,61.650001525878906,61.650001525878906,-0.5392255791081405,1.2315270627395458,0.75
2017-02-03,61.5,62.25,60.75,61.34999847412109,61.34999847412109,-0.5363052644673751,-0.48662294295627184,-0.3000030517578196
2017-02-06,60.59999847412109,61.5,60.59999847412109,61.34999847412109,61.34999847412109,-0.5538271523119673,0.0,0.0
2017-02-07,60.29999923706055,61.470001220703125,60.150001525878906,60.150001525878906,60.150001525878906,-0.4282536227590571,-1.9559852943572098,-1.1999969482421804
2017-02-08,60.0,60.65999984741211,60.0,60.0,60.0,-0.49542085949666026,-0.2493790890668035,-0.15000152587890625
2017-02-09,60.150001525878906,61.5,60.0,60.59999847412109,60.59999847412109,-0.4340942520405878,0.9999974568684733,0.5999984741210866
2017-02-10,60.75,61.43999862670898,60.0,61.20000076293945,61.20000076293945,-0.5538271523119673,0.990102811759308,0.6000022888183665
2017-02-13,62.09999847412109,62.09999847412109,60.75,60.75,60.75,-0.5217036912635484,-0.7352953551137187,-0.4500007629394531
2017-02-14,60.75,61.20000076293945,60.0,60.29999923706055,60.29999923706055,-0.5450662083896712,-0.7407419966081519,-0.4500007629394531
2017-02-15,60.0,60.29999923706055,59.25,59.70000076293945,59.70000076293945,-0.43117393739982246,-0.9950223577321893,-0.5999984741210938
2017-02-16,59.25,60.0,59.09999847412109,59.54999923706055,59.54999923706055,-0.45745676916671063,-0.25125883410712646,-0.15000152587890625
2017-02-17,59.70000076293945,59.70000076293945,57.0,57.900001525878906,57.900001525878906,-0.2559550589539013,-2.7707770483979766,-1.6499977111816406
2017-02-21,57.45000076293945,57.59999847412109,56.25,56.70000076293945,56.70000076293945,-0.2997597785653816,-2.072540123169253,-1.2000007629394531
2017-02-22,56.25,61.34999847412109,56.25,56.54999923706055,56.54999923706055,0.20837496892778978,-0.26455295213496655,-0.15000152587890625
2017-02-23,57.0,57.6150016784668,52.5,53.25,53.25,-0.07781586586721478,-5.835542496166579,-3.299999237060547
2017-02-24,52.5,53.70000076293945,51.29999923706055,53.70000076293945,53.70000076293945,-0.29683946392461624,0.8450718552853509,0.4500007629394531
2017-02-27,54.45000076293945,54.45000076293945,48.75,49.5,49.5,-0.1449831026048179,-7.8212303599035415,-4.200000762939453
2017-02-28,49.34999847412109,49.79999923706055,47.54999923706055,47.54999923706055,47.54999923706055,-0.22675191254624777,-3.939395480685759,-1.9500007629394531
2017-03-01,47.70000076293945,52.5,47.70000076293945,52.34999847412109,52.34999847412109,-0.21507065398318637,10.094635781443738,4.79999923706054
2017-03-02,52.5,52.650001525878906,49.11000061035156,49.650001525878906,49.650001525878906,-0.25303474431313594,-5.157587444012835,-2.6999969482421804
2017-03-03,50.84999847412109,50.98500061035156,48.75,49.79999923706055,49.79999923706055,-0.4253333081182918,0.3021101844346452,0.14999771118164062
2017-03-06,49.79999923706055,50.400001525878906,48.0,49.5,49.5,-0.41949267883676106,-0.6024081157762207,-0.2999992370605469
2017-03-07,49.5,51.150001525878906,47.70000076293945,48.45000076293945,48.45000076293945,-0.30268009320614697,-2.1212105799202963,-1.0499992370605469
2017-03-08,52.79999923706055,53.84999847412109,48.150001525878906,49.79999923706055,49.79999923706055,0.1149249004232985,2.786374515712575,1.3499984741210938
2017-03-09,50.25,50.625,48.0,48.75,48.75,-0.3464848128176272,-2.108432235234148,-1.0499992370605469
2017-03-10,48.45000076293945,48.45000076293945,45.29999923706055,46.5,46.5,-0.19170813685706353,-4.61538461538461,-2.25
2017-03-13,45.75,46.43999862670898,41.54999923706055,43.95000076293945,43.95000076293945,0.1149249004232985,-5.483869327011925,-2.549999237060547
2017-03-14,42.900001525878906,43.20000076293945,39.0,39.45000076293945,39.45000076293945,-0.0456924048187959,-10.238907672089493,-4.5
2017-03-15,38.400001525878906,43.5,37.95000076293945,42.75,42.75,-0.057373663381857315,8.365016915692092,3.299999237060547
2017-03-16,44.09999847412109,44.54999923706055,40.5,41.70000076293945,41.70000076293945,-0.3348035542545658,-2.456138566223498,-1.0499992370605469
2017-03-17,42.0,58.04999923706055,41.25,48.900001525878906,48.900001525878906,2.6147142329184407,17.26618856405009,7.200000762939453
2017-03-20,51.900001525878906,53.84999847412109,49.79999923706055,53.25,53.25,0.062359236889522156,8.89570212348354,4.349998474121094
2017-03-21,53.84999847412109,56.400001525878906,48.0,50.09999847412109,50.09999847412109,0.01563420263727651,-5.915495823246786,-3.1500015258789134
2017-03-22,50.70000076293945,52.04999923706055,50.09999847412109,51.75,51.75,-0.3990504763514036,3.293416319625675,1.6500015258789134
2017-03-23,52.95000076293945,57.0,51.75,54.150001525878906,54.150001525878906,-0.11285964155639902,4.637684107978557,2.4000015258789062
2017-03-24,56.25,58.04999923706055,54.75,57.45000076293945,57.45000076293945,-0.2763972614392588,6.094181244821284,3.299999237060547
2017-03-27,58.04999923706055,67.5,58.04999923706055,62.84999847412109,62.84999847412109,0.6289002771980006,9.399473697944893,5.3999977111816335
2017-03-28,63.0,67.18499755859375,60.150001525878906,61.95000076293945,61.95000076293945,-0.09825806835257225,-1.4319772999711544,-0.8999977111816335
2017-03-29,62.70000076293945,63.29999923706055,54.150001525878906,56.70000076293945,56.70000076293945,-0.08365649514874549,-8.474576166818593,-5.25
2017-03-30,57.0,60.75,55.5,60.0,60.0,-0.3786082738660461,5.820104396219894,3.299999237060547
2017-03-31,59.25,61.5,58.5,61.5,61.5,-0.410731734914465,2.499999999999991,1.5
2017-04-03,54.75,57.0,48.75,51.0,51.0,0.8683660777407596,-17.07317073170732,-10.5
2017-04-04,50.84999847412109,54.150001525878906,50.54999923706055,51.900001525878906,51.900001525878906,-0.17710656365323676,1.7647088742723582,0.9000015258789062
2017-04-05,52.79999923706055,52.79999923706055,50.880001068115234,51.59999847412109,51.59999847412109,-0.4778989716520681,-0.5780405451591974,-0.3000030517578196
2017-04-06,51.0,51.584999084472656,48.75,49.5,49.5,-0.3231222956915044,-4.069764605079007,-2.0999984741210866
2017-04-07,49.5,51.29999923706055,49.20000076293945,51.29999923706055,51.29999923706055,-0.3932098470698729,3.63636209507181,1.7999992370605469
2017-04-10,51.0,51.0,49.20000076293945,49.95000076293945,49.95000076293945,-0.2501144296723706,-2.6315760120827036,-1.3499984741210938
2017-04-11,48.75,50.25,47.84999847412109,48.0,48.0,-0.28515820536155484,-3.903905371681715,-1.9500007629394531
2017-04-12,48.0,48.29999923706055,47.09999847412109,47.54999923706055,47.54999923706055,-0.3786082738660461,-0.9375015894571903,-0.4500007629394531
2017-04-13,46.79999923706055,47.09999847412109,44.25,45.0,45.0,-0.20338939542012496,-5.3627745067828965,-2.549999237060547
2017-04-17,44.400001525878906,45.0,42.75,44.70000076293945,44.70000076293945,-0.08073618050798013,-0.6666649712456563,-0.2999992370605469
2017-04-18,44.25,44.25,42.900001525878906,43.95000076293945,43.95000076293945,-0.410731734914465,-1.6778523203557105,-0.75
2017-04-19,43.5,43.79999923706055,42.29999923706055,43.5,43.5,-0.34064418353609655,-1.02389250313486,-0.4500007629394531
2017-04-20,42.900001525878906,43.13999938964844,42.0,42.75,42.75,-0.4340942520405878,-1.7241379310344862,-0.75
2017-04-21,42.75,44.70000076293945,42.75,42.75,42.75,-0.4691380277297721,0.0,0.0
2017-04-24,42.900001525878906,43.5,42.0,42.75,42.75,-0.311441037128443,0.0,0.0
2017-04-25,42.900001525878906,43.34999847412109,42.060001373291016,42.59999847412109,42.59999847412109,-0.47497865701130276,-0.3508807622898513,-0.15000152587891336
2017-04-26,42.75,42.75,41.790000915527344,42.45000076293945,42.45000076293945,-0.2763972614392588,-0.3521073158553212,-0.14999771118163352
2017-04-27,42.150001525878906,45.0,42.0,43.650001525878906,43.650001525878906,-0.23259254182777847,2.826856870134864,1.2000007629394531
2017-04-28,43.650001525878906,44.44499969482422,42.75,43.20000076293945,43.20000076293945,-0.43993488132211855,-1.0309295468699076,-0.4500007629394531
2017-05-01,43.79999923706055,43.95000076293945,42.45000076293945,43.04999923706055,43.04999923706055,-0.3932098470698729,-0.34722574821709484,-0.15000152587890625
2017-05-02,42.75,44.53499984741211,39.45000076293945,39.75,39.75,-0.23259254182777847,-7.66550359011312,-3.299999237060547
2017-05-03,40.20000076293945,40.20000076293945,36.29999923706055,37.04999923706055,37.04999923706055,-0.06613460730415337,-6.792454749533217,-2.700000762939453
2017-05-04,37.04999923706055,37.04999923706055,36.0,36.900001525878906,36.900001525878906,-0.43117393739982246,-0.4048521302845276,-0.14999771118164062
2017-05-05,36.59999847412109,37.04999923706055,36.0,36.59999847412109,36.59999847412109,-0.34064418353609655,-0.8130163668080614,-0.3000030517578196
2017-05-08,37.5,39.45000076293945,36.0,38.400001525878906,38.400001525878906,-0.3143613517692084,4.918041330057865,1.8000030517578196
2017-05-09,39.150001525878906,39.75,36.0,38.54999923706055,38.54999923706055,-0.08073618050798013,0.3906190240137164,0.14999771118164062
2017-05-10,36.59999847412109,36.59999847412109,30.75,30.899999618530277,30.899999618530277,0.6435018504018274,-19.84435737984618,-7.64999961853027
2017-05-11,31.950000762939453,31.950000762939453,27.899999618530277,28.950000762939453,28.950000762939453,0.04775766368569539,-6.3106759859680945,-1.9499988555908239
2017-05-12,28.5,28.950000762939453,23.25,24.450000762939453,24.450000762939453,1.1165928222058146,-15.544041041134292,-4.5
2017-05-15,26.399999618530277,29.399999618530277,24.75,29.25,29.25,0.8450035606146367,19.631898107488954,4.799999237060547
2017-05-16,27.75,30.450000762939453,26.399999618530277,26.399999618530277,26.399999618530277,0.46536265731514087,-9.743591047759736,-2.850000381469723
2017-05-17,26.850000381469727,27.0,25.5,25.799999237060547,25.799999237060547,-0.27347694679849344,-2.272728750528419,-0.6000003814697301
2017-05-18,26.399999618530277,26.399999618530277,24.0,24.899999618530277,24.899999618530277,-0.060293978022622666,-3.4883707176140533,-0.8999996185302699
2017-05-19,24.600000381469727,25.46999931335449,23.100000381469727,23.850000381469727,23.850000381469727,-0.1070190122748683,-4.216864470468318,-1.0499992370605504
2017-05-22,23.700000762939453,24.0,18.75,21.450000762939453,21.450000762939453,1.493313410864545,-10.062891321355927,-2.3999996185302734
2017-05-23,21.450000762939453,21.584999084472656,19.350000381469727,20.399999618530277,20.399999618530277,0.3368688131214653,-4.895110056235197,-1.0500011444091761
2017-05-24,19.950000762939453,20.145000457763672,15.75,16.200000762939453,16.200000762939453,1.5049946694276064,-20.588230069258273,-4.199998855590824
2017-05-25,17.850000381469727,17.850000381469727,16.5,17.100000381469727,17.100000381469727,0.5734142990234589,5.555552939165231,0.8999996185302734
2017-05-26,17.700000762939453,17.850000381469727,15.899999618530272,16.200000762939453,16.200000762939453,0.10032332721947174,-5.263155546508358,-0.8999996185302734
2017-05-30,16.950000762939453,17.25,14.850000381469728,15.149999618530272,15.149999618530272,0.38943447665524167,-6.481488240489819,-1.0500011444091815
2017-05-31,15.449999809265137,15.75,15.149999618530272,15.600000381469728,15.600000381469728,-0.11577995619716437,2.9703021403977514,0.4500007629394567
2017-06-01,17.25,17.25,15.449999809265137,16.649999618530273,16.649999618530273,0.050677978326460746,6.730764175543058,1.049999237060545
2017-06-02,17.100000381469727,22.200000762939453,16.200000762939453,20.549999237060547,20.549999237060547,4.708579830347198,23.423421668970178,3.8999996185302734
2017-06-05,21.149999618530277,22.350000381469727,17.25,18.149999618530277,18.149999618530277,1.9430418655424093,-11.678830694076293,-2.39999961853027
2017-06-06,19.5,20.81999969482422,18.299999237060547,19.350000381469727,19.350000381469727,1.2830507567294396,6.611574590416547,1.2000007629394496
2017-06-07,22.200000762939453,22.200000762939453,17.25,17.549999237060547,17.549999237060547,0.7661550653139722,-9.302331312266677,-1.8000011444091797
2017-06-08,17.850000381469727,18.450000762939453,16.799999237060547,17.850000381469727,17.850000381469727,-0.25303474431313594,1.7094083045636976,0.3000011444091797
2017-06-09,17.399999618530273,19.350000381469727,16.950000762939453,18.299999237060547,18.299999237060547,0.05651860760799145,2.5210019382294835,0.4499988555908203
2017-06-12,18.899999618530277,18.899999618530277,18.0,18.899999618530277,18.899999618530277,-0.311441037128443,3.2786907458150605,0.6000003814697301
2017-06-13,19.200000762939453,19.799999237060547,18.75,19.200000762939453,19.200000762939453,-0.2822378907207895,1.5873076744141512,0.30000114440917613
2017-06-19,27.75,28.350000381469727,24.899999618530277,26.850000381469727,26.850000381469727,2.013129416920778,39.84374642993027,7.649999618530273
2017-06-20,27.299999237060547,29.700000762939453,26.850000381469727,28.049999237060547,28.049999237060547,2.8366581456166076,4.469269417288313,1.1999988555908203
2017-06-21,27.75,29.100000381469727,25.5,28.5,28.5,1.1195131368465798,1.604280838428318,0.4500007629394531
2017-06-22,29.100000381469727,31.799999237060547,27.149999618530277,30.600000381469727,30.600000381469727,2.477459444802469,7.368422391121854,2.1000003814697266
2017-06-23,31.5,36.45000076293945,30.450000762939453,35.25,35.25,5.272200556014911,15.196076995300123,4.649999618530273
2017-06-26,35.25,37.79999923706055,31.049999237060547,31.649999618530277,31.649999618530277,2.305160880997313,-10.212767039630421,-3.600000381469723
2017-06-27,32.400001525878906,33.0,28.5,30.149999618530277,30.149999618530277,0.7369519189063186,-4.739336550013062,-1.5
2017-06-28,30.75,37.7400016784668,30.600000381469727,37.5,37.5,2.868781606665026,24.378111026417358,7.350000381469723
2017-06-29,38.25,40.20000076293945,33.75,37.79999923706055,37.79999923706055,2.3518859152495586,0.799997965494792,0.2999992370605469
2017-06-30,37.79999923706055,38.71500015258789,34.349998474121094,34.79999923706055,34.79999923706055,0.4127969937813645,-7.936508096695105,-3.0
2017-07-03,34.95000076293945,35.25,33.599998474121094,34.349998474121094,34.349998474121094,-0.35232544209915795,-1.2931056689800768,-0.4500007629394531
2017-07-05,33.900001525878906,34.5,30.149999618530277,34.04999923706055,34.04999923706055,0.5004064330043251,-0.8733602631352699,-0.2999992370605469
2017-07-06,33.75,33.75,30.75,31.350000381469727,31.350000381469727,-0.24135348575007454,-7.929512235207625,-2.6999988555908203
2017-07-07,30.75,33.150001525878906,30.75,32.25,32.25,-0.4282536227590571,2.8708121453875357,0.8999996185302734
2017-07-10,32.25,32.25,30.149999618530277,31.350000381469727,31.350000381469727,-0.35232544209915795,-2.7906964915667354,-0.8999996185302734
2017-07-11,31.5,32.099998474121094,31.21500015258789,31.649999618530277,31.649999618530277,-0.3143613517692084,0.9569353537803194,0.2999992370605504
2017-07-12,31.200000762939453,32.54999923706055,30.75,31.649999618530277,31.649999618530277,-0.4019707909921689,0.0,0.0
2017-07-13,32.70000076293945,34.20000076293945,31.5,32.25,32.25,0.5383705233342747,1.8957358252808199,0.600000381469723
2017-07-14,32.849998474121094,36.75,32.790000915527344,34.95000076293945,34.95000076293945,2.60887360363691,8.372095388959554,2.700000762939453
2017-07-17,34.5,36.0,33.150001525878906,34.5,34.5,0.35439070096605746,-1.2875558029075251,-0.4500007629394531
2017-07-18,34.5,34.5,30.149999618530277,31.350000381469727,31.350000381469727,0.3281078691991693,-9.13043367689934,-3.1499996185302734
2017-07-19,28.049999237060547,28.200000762939453,22.5,24.0,24.0,1.7035760649996505,-23.44497700808369,-7.350000381469727
2017-07-20,23.25,23.700000762939453,21.75,21.899999618530277,21.899999618530277,0.3748329034514149,-8.75000158945718,-2.100000381469723
2017-07-21,21.75,28.950000762939453,21.0,25.950000762939453,25.950000762939453,1.767822987096488,18.493156232671094,4.050001144409176
2017-07-24,25.799999237060547,27.600000381469727,25.049999237060547,26.25,26.25,0.018554517278041863,1.1560663901366564,0.2999992370605469
2017-07-25,26.700000762939453,26.850000381469727,25.200000762939453,25.950000762939453,25.950000762939453,-0.09825806835257225,-1.1428542364211314,-0.2999992370605469
2017-07-26,25.799999237060547,26.850000381469727,25.665000915527344,26.100000381469727,26.100000381469727,-0.4282536227590571,0.5780331950683282,0.14999961853027344
2017-07-27,26.100000381469727,26.25,23.399999618530277,24.75,24.75,-0.2793175760800241,-5.172415179074818,-1.3500003814697266
2017-07-28,26.100000381469727,27.0,24.450000762939453,25.950000762939453,25.950000762939453,-0.3494051274583926,4.84848793106849,1.2000007629394531
2017-07-31,27.149999618530277,27.450000762939453,25.21500015258789,27.149999618530277,27.149999618530277,-0.08365649514874549,4.6242729106374725,1.1999988555908239
2017-08-01,28.049999237060547,30.0,27.299999237060547,30.0,30.0,0.08864206865641033,10.497239121596724,2.850000381469723
2017-08-02,30.299999237060547,32.54999923706055,26.399999618530277,29.100000381469727,29.100000381469727,0.07696081009334892,-2.99999872843425,-0.8999996185302734
2017-08-03,29.700000762939453,29.700000762939453,28.5,29.700000762939453,29.700000762939453,-0.4282536227590571,2.0618569539669007,0.6000003814697266
2017-08-04,29.700000762939453,29.700000762939453,27.600000381469727,28.950000762939453,28.950000762939453,-0.311441037128443,-2.5252524603833426,-0.75
2017-08-07,29.549999237060547,30.600000381469727,27.299999237060547,30.149999618530277,30.149999618530277,-0.2676363175169627,4.145073657915099,1.1999988555908239
2017-08-08,26.399999618530277,30.0,24.899999618530277,28.5,28.5,0.07112018081181821,-5.472635619922805,-1.649999618530277
2017-08-09,27.149999618530277,28.03499984741211,26.850000381469727,27.600000381469727,27.600000381469727,-0.2880785200023202,-3.157893398351841,-0.8999996185302734
2017-08-10,27.149999618530277,27.149999618530277,24.75,25.5,25.5,-0.20338939542012496,-7.608696929148007,-2.1000003814697266
2017-08-11,24.75,24.899999618530277,21.70499992370605,22.049999237060547,22.049999237060547,0.2638609471023315,-13.529414756625302,-3.450000762939453
2017-08-14,27.600000381469727,27.600000381469727,23.100000381469727,23.25,23.25,0.1587296200347788,5.442180519092954,1.2000007629394531
2017-08-15,25.5,25.5,23.174999237060547,24.149999618530277,24.149999618530277,-0.2793175760800241,3.8709661012054974,0.899999618530277
2017-08-16,24.0,24.0,22.5,22.950000762939453,22.950000762939453,-0.2763972614392588,-4.96893943911314,-1.1999988555908239
2017-08-17,24.149999618530277,24.149999618530277,22.049999237060547,23.100000381469727,23.100000381469727,-0.22091128326471707,0.6535930873366125,0.14999961853027344
2017-08-18,22.200000762939453,24.149999618530277,21.899999618530277,23.549999237060547,23.549999237060547,-0.12454090011946042,1.9480469617299212,0.4499988555908203
2017-08-21,24.0,24.0,21.299999237060547,21.899999618530277,21.899999618530277,0.09740301257870639,-7.006368033904953,-1.6499996185302699
2017-08-22,22.5,22.5,21.0,21.0,21.0,-0.16250499044941003,-4.109587370808709,-0.899999618530277
2017-08-23,21.0,21.299999237060547,18.75,19.950000762939453,19.950000762939453,-0.0398517755372652,-4.999996366954984,-1.0499992370605469
2017-08-24,20.100000381469727,21.299999237060547,18.75,18.899999618530277,18.899999618530277,-0.16250499044941003,-5.263163429846751,-1.0500011444091761
2017-08-25,18.899999618530277,19.5,18.600000381469727,18.75,18.75,-0.25303474431313594,-0.7936487913111523,-0.149999618530277
2017-08-28,18.600000381469727,19.200000762939453,17.850000381469727,17.850000381469727,17.850000381469727,-0.03693146089649984,-4.7999979654947955,-0.8999996185302734
2017-08-29,17.25,17.969999313354492,16.5,17.25,17.25,-0.051533034100326607,-3.3613466030655847,-0.6000003814697266
2017-08-30,16.799999237060547,19.200000762939453,15.899999618530272,18.8700008392334,18.8700008392334,0.21129528356855515,9.391309212947242,1.6200008392333984
2017-08-31,18.899999618530277,19.5,18.0,18.899999618530277,18.899999618530277,-0.09825806835257225,0.15897603583836517,0.029998779296878553
2017-09-01,18.899999618530277,20.25,17.25,17.399999618530273,17.399999618530273,0.6931471992948384,-7.936508096695127,-1.5000000000000036
2017-09-05,18.149999618530277,18.75,17.25,17.8799991607666,17.8799991607666,-0.11285964155639902,2.758618119308176,0.4799995422363281
2017-09-06,18.0,18.149999618530277,17.25,17.549999237060547,17.549999237060547,-0.3377238688953312,-1.845637243821363,-0.3299999237060547
2017-09-07,17.25,17.549999237060547,15.300000190734863,17.25,17.25,1.9868465851538897,-1.7093974364798536,-0.2999992370605469
2017-09-08,16.950000762939453,18.0,16.350000381469727,16.799999237060547,16.799999237060547,0.5296095794119786,-2.6087000750113276,-0.4500007629394531
2017-09-11,17.25,18.0,16.5,17.774999618530273,17.774999618530273,0.20837496892778978,5.803573962782638,0.9750003814697266
2017-09-12,19.5,20.399999618530277,18.0,19.049999237060547,19.049999237060547,1.4611899498161263,7.172993788427973,1.2749996185302734
2017-09-13,19.5,19.5,17.850000381469727,17.850000381469727,17.850000381469727,0.40987667914059916,-6.299206843306848,-1.1999988555908203
2017-09-14,18.899999618530277,19.200000762939453,18.299999237060547,18.450000762939453,18.450000762939453,0.42155793770366057,3.3613466030655736,0.6000003814697266
2017-09-15,18.899999618530277,18.899999618530277,16.950000762939453,17.25,17.25,0.5646533551011629,-6.504068906869076,-1.2000007629394531
2017-09-18,17.399999618530273,19.350000381469727,17.399999618530273,17.549999237060547,17.549999237060547,0.33394849848069996,1.7391260119451912,0.2999992370605469
2017-09-19,17.25,17.850000381469727,16.950000762939453,17.25,17.25,0.6259799625572352,-1.7093974364798536,-0.2999992370605469
2017-09-20,18.149999618530277,18.149999618530277,17.024999618530273,17.25,17.25,0.2521796885392701,0.0,0.0
2017-09-21,17.25,17.25,16.799999237060547,17.100000381469727,17.100000381469727,-0.13622215868252183,-0.8695630059725956,-0.14999961853027344
2017-09-22,17.100000381469727,19.200000762939453,16.5,19.200000762939453,19.200000762939453,2.8162159431312497,12.280703711243035,2.1000003814697266
2017-09-25,19.350000381469727,20.399999618530277,18.0,19.950000762939453,19.950000762939453,3.239661566042226,3.9062498447795857,0.75
2017-09-26,20.25,21.405000686645508,18.450000762939453,19.350000381469727,19.350000381469727,1.5195962426314331,-3.0075205941060945,-0.6000003814697266
2017-09-27,18.75,19.350000381469727,18.149999618530277,19.049999237060547,19.049999237060547,0.13536710290865597,-1.5503934805937925,-0.3000011444091797
2017-09-28,19.049999237060547,19.350000381469727,18.0,18.75,18.75,-0.004807999848080961,-1.574799207744415,-0.2999992370605469
2017-09-29,18.600000381469727,18.75,18.0,18.149999618530277,18.149999618530277,-0.10993932691563366,-3.2000020345051894,-0.600000381469723
2017-10-02,18.299999237060547,18.75,18.0,18.149999618530277,18.149999618530277,-0.1070190122748683,0.0,0.0
2017-10-03,18.149999618530277,18.450000762939453,17.549999237060547,17.850000381469727,17.850000381469727,0.07988112473411427,-1.6528883932001026,-0.2999992370605504
2017-10-04,17.850000381469727,19.799999237060547,17.700000762939453,18.450000762939453,18.450000762939453,0.7544738067509108,3.3613466030655736,0.6000003814697266
2017-10-05,18.0,18.299999237060547,17.700000762939453,17.850000381469727,17.850000381469727,0.07112018081181821,-3.252034453434538,-0.6000003814697266
2017-10-06,18.0,18.0,17.25,18.0,18.0,0.22297654213161655,0.8403339794098352,0.14999961853027344
2017-10-09,17.549999237060547,18.0,17.399999618530273,17.700000762939453,17.700000762939453,-0.15958467580864466,-1.6666624281141518,-0.2999992370605469
2017-10-10,17.850000381469727,20.399999618530277,17.415000915527344,18.75,18.75,4.620970391124238,5.932198823737078,1.0499992370605469
2017-10-11,18.450000762939453,18.75,17.25,18.0,18.0,0.9267723705560666,-4.0000000000000036,-0.75
2017-10-12,18.299999237060547,18.299999237060547,17.399999618530273,17.625,17.625,0.04483734904493004,-2.083333333333337,-0.375
2017-10-13,17.549999237060547,18.299999237060547,17.25,17.850000381469727,17.850000381469727,-0.06613460730415337,1.276597909048105,0.22500038146972656
2017-10-16,18.299999237060547,18.299999237060547,17.25,17.549999237060547,17.549999237060547,0.19961402500549374,-1.6806786442459365,-0.3000011444091797
2017-10-17,18.0,18.0,16.5,16.5,16.5,0.8683660777407596,-5.982901895763337,-1.0499992370605469
2017-10-18,17.100000381469727,17.100000381469727,16.350000381469727,16.950000762939453,16.950000762939453,0.17333119323860557,2.727277351148194,0.4500007629394531
2017-10-19,16.799999237060547,17.25,16.350000381469727,16.950000762939453,16.950000762939453,-0.1274612147602258,0.0,0.0
2017-10-20,16.799999237060547,18.299999237060547,16.514999389648438,16.950000762939453,16.950000762939453,0.8011988410031564,0.0,0.0
2017-10-23,17.25,18.149999618530277,16.950000762939453,17.25,17.25,-0.02525020233343843,1.7699069236414733,0.2999992370605469
2017-10-24,17.25,17.53499984741211,16.950000762939453,17.100000381469727,17.100000381469727,-0.3231222956915044,-0.8695630059725956,-0.14999961853027344
2017-10-25,17.25,17.25,16.200000762939453,16.5,16.5,0.7632347506732068,-3.5087740823673386,-0.6000003814697266
2017-10-26,16.350000381469727,16.5,16.200000762939453,16.5,16.5,-0.26179568823543203,0.0,0.0
2017-10-27,16.5,16.5,15.899999618530272,16.049999237060547,16.049999237060547,-0.048612719459561256,-2.727277351148205,-0.4500007629394531
2017-10-30,16.049999237060547,16.200000762939453,15.600000381469728,15.899999618530272,15.899999618530272,-0.1391424733232872,-0.9345771069192099,-0.1499996185302752
2017-10-31,16.049999237060547,17.100000381469727,15.75,16.200000762939453,16.200000762939453,0.6347409064795313,1.8867996956399402,0.30000114440918146
2017-11-01,16.049999237060547,16.200000762939453,15.600000381469728,15.675000190734863,15.675000190734863,-0.31728166640997374,-3.2407441202448983,-0.5250005722045898
2017-11-02,15.899999618530272,17.399999618530273,15.600000381469728,16.799999237060547,16.799999237060547,1.6072056818543938,7.1770273214455615,1.1249990463256836
2017-11-03,17.100000381469727,17.549999237060547,16.350000381469727,16.950000762939453,16.950000762939453,-0.2501144296723706,0.892866266017478,0.15000152587890625
2017-11-06,17.100000381469727,17.25,16.5,16.799999237060547,16.799999237060547,-0.22091128326471707,-0.8849647146145223,-0.15000152587890625
2017-11-07,16.5,17.399999618530273,16.5,16.799999237060547,16.799999237060547,0.26678126174309685,0.0,0.0
2017-11-08,17.100000381469727,17.100000381469727,15.899999618530272,16.200000762939453,16.200000762939453,0.3281078691991693,-3.5714196510051366,-0.5999984741210938
2017-11-09,15.75,16.200000762939453,15.300000190734863,15.75,15.75,0.23757811533544332,-2.777782356460834,-0.4500007629394531
2017-11-14,27.299999237060547,28.200000762939453,24.149999618530277,26.25,26.25,4.921762799123069,66.66666666666667,10.5
2017-11-15,25.5,27.0,24.75,26.399999618530277,26.399999618530277,2.567989198666195,0.5714271182105879,0.149999618530277
2017-11-16,27.149999618530277,29.549999237060547,27.0,28.649999618530277,28.649999618530277,4.177082565727904,8.52272739587736,2.25
2017-11-28,44.54999923706055,47.54999923706055,42.0,43.650001525878906,43.650001525878906,4.290974836717752,52.356028296932024,15.00000190734863
2017-11-29,42.75,45.0,36.75,38.70000076293945,38.70000076293945,4.711500144987964,-11.340207537002566,-4.950000762939453
2017-11-30,39.0,39.56999969482422,34.20000076293945,34.349998474121094,34.349998474121094,4.35522175881459,-11.240315770184894,-4.350002288818359
2017-12-01,33.900001525878906,37.5,33.0,35.25,35.25,2.5650688840254294,2.6200918947840934,0.9000015258789062
2017-12-04,34.79999923706055,38.70000076293945,34.79999923706055,36.0,36.0,4.340620185610764,2.127659574468077,0.75
2017-12-05,37.04999923706055,42.59999847412109,36.38999938964844,38.84999847412109,38.84999847412109,5.09114104828746,7.91666242811413,2.8499984741210866
2017-12-06,39.45000076293945,43.79999923706055,38.84999847412109,42.900001525878906,42.900001525878906,3.3185100613428906,10.424718689385859,4.05000305175782
2017-12-07,42.0,46.20000076293945,40.04999923706055,40.79999923706055,40.79999923706055,3.125769295052377,-4.895110056235219,-2.1000022888183594
2017-12-08,41.54999923706055,42.73500061035156,40.04999923706055,41.25,41.25,0.6113783893534085,1.1029430670447038,0.4500007629394531
2017-12-11,40.20000076293945,41.25,37.650001525878906,39.150001525878906,39.150001525878906,0.9588958316044854,-5.090905391808709,-2.0999984741210938
2017-12-12,39.0,40.03499984741211,37.5,38.400001525878906,38.400001525878906,0.8771270216630556,-1.9157087375954118,-0.75
2017-12-13,37.79999923706055,38.3849983215332,33.67499923706055,34.79999923706055,34.79999923706055,1.9868465851538897,-9.375005587935226,-3.6000022888183594
2017-12-14,37.5,38.8650016784668,36.29999923706055,36.45000076293945,36.45000076293945,1.484552466942249,4.741383799002286,1.6500015258789062
2017-12-15,36.75,37.34999847412109,34.04999923706055,34.20000076293945,34.20000076293945,0.9997802365752004,-6.172839376968375,-2.25
2017-12-18,34.5,35.54999923706055,33.900001525878906,34.5,34.5,0.6639440528871848,0.8771907320705097,0.2999992370605469
2017-12-19,34.5,35.70000076293945,33.29999923706055,33.900001525878906,33.900001525878906,0.9034098534299437,-1.7391260119452023,-0.5999984741210938
2017-12-20,34.650001525878906,34.875,31.350000381469727,31.5,31.5,1.3239351617001547,-7.079650200153442,-2.4000015258789062
2017-12-21,32.099998474121094,35.25,31.350000381469727,31.950000762939453,31.950000762939453,1.6948151210773543,1.4285738506014445,0.4500007629394531
2017-12-22,32.25,32.25,31.5,31.950000762939453,31.950000762939453,0.14704836147171738,0.0,0.0
2017-12-26,31.649999618530277,37.04999923706055,31.350000381469727,36.150001525878906,36.150001525878906,2.9943551362179366,13.14554198011557,4.200000762939453
2017-12-27,36.29999923706055,40.20000076293945,35.70000076293945,38.54999923706055,38.54999923706055,3.7536369428169283,6.638997537700075,2.3999977111816406
2017-12-28,36.75,37.95000076293945,31.799999237060547,33.45000076293945,33.45000076293945,5.432817861257005,-13.229568288079607,-5.099998474121094
2017-12-29,32.849998474121094,33.45000076293945,31.5,31.950000762939453,31.950000762939453,1.3794211398746963,-4.48430483045581,-1.5
2018-01-02,31.200000762939453,31.950000762939453,26.25,30.75,30.75,4.974328462656845,-3.7558708428307774,-1.2000007629394531
2018-01-03,30.0,30.450000762939453,27.75,28.5,28.5,1.3239351617001547,-7.317073170731703,-2.25
2018-01-04,27.75,29.25,27.0,29.25,29.25,1.0990709343612224,2.6315789473684292,0.75
2018-01-05,28.5,29.25,27.899999618530277,28.5,28.5,0.5880158722272857,-2.564102564102566,-0.75
2018-01-08,28.5,28.799999237060547,27.75,28.799999237060547,28.799999237060547,0.14704836147171738,1.0526289019668233,0.2999992370605469
2018-01-09,29.100000381469727,30.434999465942383,28.200000762939453,29.399999618530277,29.399999618530277,1.0932303050796917,2.0833347130705393,0.6000003814697301
2018-01-10,29.399999618530277,29.549999237060547,28.049999237060547,28.200000762939453,28.200000762939453,0.02731546120033792,-4.081628813472793,-1.1999988555908239
2018-01-11,27.75,30.75,27.600000381469727,30.299999237060547,30.299999237060547,2.021890360843074,7.446802898249993,2.0999984741210938
2018-01-12,30.75,30.75,28.950000762939453,30.149999618530277,30.149999618530277,0.6347409064795313,-0.4950482584395677,-0.14999961853026988
2018-01-16,30.149999618530277,30.450000762939453,27.600000381469727,28.350000381469727,28.350000381469727,0.599697130790347,-5.9701467987889,-1.7999992370605504
2018-01-17,28.200000762939453,28.5,27.149999618530277,28.200000762939453,28.200000762939453,0.21713591285008585,-0.529099176408887,-0.14999961853027344
2018-01-18,27.899999618530277,27.959999084472656,27.0,27.0,27.0,-0.1011783829933376,-4.2553217392692355,-1.2000007629394531
2018-01-19,27.0,27.600000381469727,26.25,26.549999237060547,26.549999237060547,0.36023133024758813,-1.6666694923683445,-0.4500007629394531
2018-01-22,26.549999237060547,26.700000762939453,25.5,25.950000762939453,25.950000762939453,0.31058598135457716,-2.259881323399704,-0.5999984741210938
2018-01-23,25.5,25.575000762939453,22.799999237060547,23.25,23.25,1.1808397443026524,-10.404626911593251,-2.700000762939453
2018-01-24,23.25,25.950000762939453,22.815000534057617,25.5,25.5,1.0581865293905075,9.677419354838701,2.25
2018-01-25,26.100000381469727,26.25,24.600000381469727,25.049999237060547,25.049999237060547,0.050677978326460746,-1.7647088742723693,-0.4500007629394531
2018-01-26,25.049999237060547,25.049999237060547,23.71500015258789,24.299999237060547,24.299999237060547,0.0039529440742150975,-2.9940120672355297,-0.75
2018-01-29,24.149999618530277,24.149999618530277,22.5,22.950000762939453,22.950000762939453,0.5792549283049896,-5.555549450644326,-1.3499984741210938
2018-01-30,22.799999237060547,23.25,21.899999618530277,23.25,23.25,-0.05445334874109196,1.3071861746732472,0.2999992370605469
2018-01-31,23.100000381469727,23.25,21.899999618530277,21.899999618530277,21.899999618530277,-0.17710656365323676,-5.806453253633215,-1.350000381469723
2018-02-01,22.200000762939453,22.200000762939453,21.0,22.049999237060547,22.049999237060547,0.1704108785978402,0.6849297769089935,0.14999961853026988
2018-02-02,22.049999237060547,22.200000762939453,21.01499938964844,21.299999237060547,21.299999237060547,0.03315609048186863,-3.4013606619062275,-0.75
2018-02-05,21.0,21.299999237060547,19.049999237060547,19.5,19.5,0.49456580372279435,-8.45070094617032,-1.7999992370605469
2018-02-06,18.75,21.299999237060547,18.600000381469727,21.0,21.0,0.050677978326460746,7.692307692307687,1.5
2018-02-07,21.149999618530277,22.334999084472656,20.399999618530277,20.700000762939453,20.700000762939453,-0.10993932691563366,-1.4285677955264142,-0.2999992370605469
2018-02-08,21.299999237060547,22.200000762939453,20.700000762939453,21.600000381469727,21.600000381469727,-0.19754876613859426,4.347824083859941,0.8999996185302734
2018-02-09,22.049999237060547,22.950000762939453,20.399999618530277,21.0,21.0,0.1266061589863599,-2.777779494783972,-0.6000003814697266
2018-02-12,21.450000762939453,22.184999465942383,21.0,21.0,21.0,-0.25303474431313594,0.0,0.0
2018-02-13,21.450000762939453,21.75,21.0,21.299999237060547,21.299999237060547,-0.37276764458451545,1.4285677955264031,0.2999992370605469
2018-02-14,21.299999237060547,23.399999618530277,21.149999618530277,22.950000762939453,22.950000762939453,0.21713591285008585,7.746486314459666,1.6500015258789062
2018-02-15,23.25,23.549999237060547,21.75,22.950000762939453,22.950000762939453,-0.18586750757553283,0.0,0.0
2018-02-16,23.100000381469727,23.399999618530277,22.21500015258789,23.25,23.25,-0.34064418353609655,1.3071861746732472,0.2999992370605469
2018-02-20,23.700000762939453,23.700000762939453,21.899999618530277,22.200000762939453,22.200000762939453,-0.27347694679849344,-4.51612575079805,-1.0499992370605469
2018-02-21,22.649999618530277,22.649999618530277,22.049999237060547,22.049999237060547,22.049999237060547,-0.32020198105073905,-0.6756825257831389,-0.15000152587890625
2018-02-22,22.049999237060547,22.5,21.75,22.049999237060547,22.049999237060547,-0.4486958252444146,0.0,0.0
2018-02-23,22.350000381469727,24.450000762939453,22.049999237060547,24.0,24.0,0.17917182252013628,8.843541180999171,1.9500007629394531
2018-02-26,24.450000762939453,24.450000762939453,22.200000762939453,22.5,22.5,-0.16542530509017536,-6.25,-1.5
2018-02-27,22.799999237060547,23.100000381469727,21.899999618530277,22.350000381469727,22.350000381469727,-0.361086386021454,-0.6666649712456563,-0.14999961853027344
2018-02-28,22.5,23.100000381469727,21.899999618530277,22.950000762939453,22.950000762939453,-0.22675191254624777,2.6845654193687896,0.6000003814697266
2018-03-01,23.100000381469727,24.299999237060547,22.424999237060547,23.399999618530277,23.399999618530277,-0.16542530509017536,1.9607792620098596,0.44999885559082387
2018-03-02,23.700000762939453,23.98500061035156,22.649999618530277,23.100000381469727,23.100000381469727,-0.18586750757553283,-1.2820480425263958,-0.2999992370605504
2018-03-05,23.100000381469727,23.25,22.350000381469727,22.649999618530277,22.649999618530277,-0.03693146089649984,-1.9480552186502575,-0.4500007629394496
2018-03-06,22.5,24.0,22.5,23.100000381469727,23.100000381469727,-0.2384331711093092,1.9867583687343648,0.4500007629394496
2018-03-07,23.25,26.850000381469727,23.25,26.25,26.25,1.5984447379320978,13.636361759790837,3.1499996185302734
2018-03-08,26.549999237060547,28.5,25.950000762939453,27.299999237060547,27.299999237060547,1.0231427537013233,3.9999970935639784,1.0499992370605469
2018-03-09,28.049999237060547,28.049999237060547,26.100000381469727,27.450000762939453,27.450000762939453,0.11200458578253315,0.5494561541059539,0.15000152587890625
2018-03-12,27.75,27.75,26.25,27.450000762939453,27.450000762939453,0.03899671976339933,0.0,0.0
2018-03-13,27.299999237060547,27.299999237060547,24.75,25.649999618530277,25.649999618530277,0.050677978326460746,-6.557381035993915,-1.8000011444091761
2018-03-14,24.149999618530277,24.149999618530277,22.5,23.700000762939453,23.700000762939453,0.26678126174309685,-7.60233483271513,-1.9499988555908239
2018-03-15,23.549999237060547,23.565000534057617,22.649999618530277,22.799999237060547,22.799999237060547,-0.2793175760800241,-3.797474670491452,-0.9000015258789062
2018-03-16,22.950000762939453,23.850000381469727,22.665000915527344,23.850000381469727,23.850000381469727,-0.22675191254624777,4.605268331335921,1.0500011444091797
2018-03-19,23.399999618530277,23.850000381469727,22.649999618530277,22.649999618530277,22.649999618530277,-0.3932098470698729,-5.031449659312337,-1.2000007629394496
2018-03-20,24.149999618530277,24.75,23.100000381469727,23.549999237060547,23.549999237060547,-0.07197523658568408,3.973508316503316,0.8999996185302699
2018-03-21,23.399999618530277,23.549999237060547,22.950000762939453,23.549999237060547,23.549999237060547,-0.3786082738660461,0.0,0.0
2018-03-22,23.399999618530277,24.75,23.25,23.850000381469727,23.850000381469727,-0.3464848128176272,1.273890251075116,0.3000011444091797
2018-03-23,23.549999237060547,23.549999237060547,22.5,23.100000381469727,23.100000381469727,-0.24135348575007454,-3.144654037753025,-0.75
2018-03-27,30.299999237060547,31.049999237060547,26.25,28.799999237060547,28.799999237060547,3.963899596952033,24.675319313688092,5.69999885559082
2018-03-28,27.299999237060547,27.75,24.0,24.149999618530277,24.149999618530277,1.1983616321472443,-16.145832436504147,-4.64999961853027
2018-03-29,24.450000762939453,24.75,22.350000381469727,23.700000762939453,23.700000762939453,0.47996423051896764,-1.8633493279459068,-0.44999885559082387
2018-04-02,24.0,24.600000381469727,21.899999618530277,22.649999618530277,22.649999618530277,0.22005622749085121,-4.430384432945256,-1.0500011444091761
2018-04-03,22.649999618530277,23.399999618530277,22.350000381469727,22.799999237060547,22.799999237060547,0.08572175401564498,0.6622499825896355,0.14999961853026988
2018-04-04,23.100000381469727,23.100000381469727,22.200000762939453,22.200000762939453,22.200000762939453,-0.12162058547869507,-2.63157234297543,-0.5999984741210938
2018-04-05,22.350000381469727,22.5,22.049999237060547,22.350000381469727,22.350000381469727,-0.12454090011946042,0.6756739341229334,0.14999961853027344
2018-04-06,22.049999237060547,22.350000381469727,21.149999618530277,21.899999618530277,21.899999618530277,-0.15958467580864466,-2.0134261980261248,-0.4500007629394496
2018-04-09,22.200000762939453,22.920000076293945,21.149999618530277,22.049999237060547,22.049999237060547,-0.16250499044941003,0.6849297769089935,0.14999961853026988
2018-04-10,22.799999237060547,23.850000381469727,22.065000534057617,23.100000381469727,23.100000381469727,0.17333119323860557,4.761910116733192,1.0500011444091797
2018-04-11,22.649999618530277,24.299999237060547,22.575000762939453,23.850000381469727,23.850000381469727,-0.39613016171063825,3.2467531931368754,0.75
2018-04-12,23.700000762939453,24.854999542236328,23.549999237060547,24.450000762939453,24.450000762939453,-0.18002687829400213,2.515724829656185,0.6000003814697266
2018-04-13,24.299999237060547,25.200000762939453,24.0,25.049999237060547,25.049999237060547,-0.2763972614392588,2.4539814126736337,0.5999984741210938
2018-04-16,25.350000381469727,25.48500061035156,24.149999618530277,24.75,24.75,-0.3815285885068115,-1.1976017812276418,-0.2999992370605469
2018-04-17,25.200000762939453,25.200000762939453,23.850000381469727,24.450000762939453,24.450000762939453,-0.3990504763514036,-1.212118129537565,-0.2999992370605469
2018-04-18,24.450000762939453,25.049999237060547,24.0,24.299999237060547,24.299999237060547,-0.4224129934775264,-0.6135031541850688,-0.15000152587890625
2018-04-19,24.75,25.049999237060547,24.0,24.450000762939453,24.450000762939453,-0.4691380277297721,0.6172902493352117,0.15000152587890625
2018-04-20,24.450000762939453,24.899999618530277,24.149999618530277,24.225000381469727,24.225000381469727,-0.4224129934775264,-0.9202469302609373,-0.22500038146972656
2018-04-23,24.299999237060547,26.25,24.299999237060547,24.915000915527344,24.915000915527344,0.1645702493163095,2.8482993733424777,0.6900005340576172
2018-04-24,25.5,25.799999237060547,24.299999237060547,25.049999237060547,25.049999237060547,-0.2063097100608903,0.5418355070140546,0.13499832153320312
2018-04-25,25.200000762939453,25.350000381469727,24.600000381469727,25.049999237060547,25.049999237060547,-0.40781142027369965,0.0,0.0
2018-04-26,24.75,26.100000381469727,24.75,25.5,25.5,-0.37276764458451545,1.796410286007899,0.4500007629394531
2018-04-27,25.5,28.200000762939453,25.5,27.899999618530277,27.899999618530277,0.1645702493163095,9.411763209922652,2.399999618530277
2018-04-30,28.350000381469727,30.299999237060547,27.75,28.200000762939453,28.200000762939453,1.8028667627856725,1.0752729337312417,0.30000114440917613
2018-05-01,28.350000381469727,28.649999618530277,24.76499938964844,25.799999237060547,25.799999237060547,0.018554517278041863,-8.510643478538471,-2.4000015258789062
2018-05-02,26.850000381469727,26.98500061035156,25.950000762939453,26.700000762939453,26.700000762939453,-0.3056004078469123,3.4883781104384504,0.9000015258789062
2018-05-03,25.950000762939453,26.834999084472656,25.950000762939453,25.950000762939453,25.950000762939453,-0.46329739844824136,-2.8089886837794675,-0.75
2018-05-04,26.399999618530277,26.5049991607666,25.5,26.399999618530277,26.399999618530277,-0.3260426103322698,1.7340995852049845,0.44999885559082387
2018-05-07,26.850000381469727,27.73500061035156,25.950000762939453,26.100000381469727,26.100000381469727,-0.1274612147602258,-1.1363607628614547,-0.2999992370605504
2018-05-08,25.799999237060547,26.084999084472656,23.700000762939453,24.600000381469727,24.600000381469727,0.09740301257870639,-5.747126352783349,-1.5
2018-05-09,25.049999237060547,25.07999992370605,23.25,24.149999618530277,24.149999618530277,-0.16834561973094073,-1.829271365696472,-0.4500007629394496
2018-05-10,24.149999618530277,24.225000381469727,22.5,22.649999618530277,22.649999618530277,0.7632347506732068,-6.211180222334455,-1.5
2018-05-11,22.799999237060547,24.600000381469727,22.799999237060547,23.850000381469727,23.850000381469727,0.22881717141314728,5.298016702648023,1.2000007629394496
2018-05-14,24.299999237060547,24.299999237060547,22.950000762939453,23.399999618530277,23.399999618530277,-0.3056004078469123,-1.8867956215593118,-0.4500007629394496
2018-05-15,23.100000381469727,23.549999237060547,22.5,23.024999618530277,23.024999618530277,-0.060293978022622666,-1.6025641286892989,-0.375
2018-05-16,22.799999237060547,23.700000762939453,22.799999237060547,22.950000762939453,22.950000762939453,-0.2909988346430855,-0.3257279341297603,-0.07499885559082387
2018-05-17,22.799999237060547,23.700000762939453,22.799999237060547,22.950000762939453,22.950000762939453,-0.30268009320614697,0.0,0.0
2018-05-18,22.799999237060547,23.549999237060547,22.5,22.950000762939453,22.950000762939453,-0.15958467580864466,0.0,0.0
2018-05-21,23.100000381469727,23.25,22.5,22.5,22.5,0.12952647362712527,-1.9607875728968716,-0.4500007629394531
2018-05-22,22.5,22.950000762939453,22.049999237060547,22.350000381469727,22.350000381469727,-0.048612719459561256,-0.6666649712456563,-0.14999961853027344
2018-05-23,22.350000381469727,23.100000381469727,21.600000381469727,22.950000762939453,22.950000762939453,0.3748329034514149,2.6845654193687896,0.6000003814697266
2018-05-24,23.25,23.25,22.5,22.5,22.5,-0.4165723641959957,-1.9607875728968716,-0.4500007629394531
2018-05-25,22.950000762939453,23.100000381469727,22.5,22.799999237060547,22.799999237060547,-0.3815285885068115,1.3333299424913125,0.2999992370605469
2018-05-29,23.700000762939453,25.799999237060547,23.399999618530277,25.200000762939453,25.200000762939453,1.1925210028657136,10.52632283415955,2.4000015258789062
2018-05-30,25.200000762939453,25.350000381469727,24.270000457763672,24.450000762939453,24.450000762939453,-0.05445334874109196,-2.976190386085198,-0.75
2018-05-31,24.450000762939453,25.934999465942383,24.299999237060547,24.75,24.75,0.07112018081181821,1.2269907063368057,0.2999992370605469
2018-06-01,24.899999618530277,25.5,24.75,25.5,25.5,-0.2384331711093092,3.0303030303030276,0.75
2018-06-04,25.350000381469727,26.25,24.899999618530277,25.649999618530277,25.649999618530277,-0.2063097100608903,0.5882337981579555,0.149999618530277
2018-06-05,26.100000381469727,26.100000381469727,24.899999618530277,25.5,25.5,-0.10993932691563366,-0.5847938431231547,-0.149999618530277
2018-06-06,25.649999618530277,29.25,25.350000381469727,27.299999237060547,27.299999237060547,1.913838719134756,7.0588205374923385,1.7999992370605469
2018-06-07,28.200000762939453,28.350000381469727,25.665000915527344,26.700000762939453,26.700000762939453,-0.10993932691563366,-2.1977966699229023,-0.5999984741210938
2018-06-08,26.700000762939453,27.600000381469727,25.799999237060547,27.149999618530277,27.149999618530277,-0.016489258411142373,1.6853889240911135,0.44999885559082387
2018-06-11,27.450000762939453,28.950000762939453,27.149999618530277,27.899999618530277,27.899999618530277,0.1149249004232985,2.7624309780399203,0.75
2018-06-12,27.600000381469727,29.850000381469727,27.600000381469727,27.899999618530277,27.899999618530277,0.5734142990234589,0.0,0.0
2018-06-13,27.899999618530277,28.200000762939453,26.25,26.399999618530277,26.399999618530277,-0.019409573051907724,-5.376344159530911,-1.5
2018-06-14,27.0,27.0,25.799999237060547,25.799999237060547,25.799999237060547,-0.37568795922528075,-2.272728750528419,-0.6000003814697301
2018-06-15,26.399999618530277,27.88500022888184,25.649999618530277,27.0,27.0,-0.0018876852073156079,4.651165885368336,1.2000007629394531
2018-06-18,27.450000762939453,27.75,26.100000381469727,26.100000381469727,26.100000381469727,-0.3435644981768619,-3.3333319204824963,-0.8999996185302734
2018-06-19,25.799999237060547,26.700000762939453,25.799999237060547,25.950000762939453,25.950000762939453,-0.3815285885068115,-0.5747111737085198,-0.14999961853027344
2018-06-20,26.549999237060547,26.700000762939453,25.649999618530277,25.875,25.875,-0.07781586586721478,-0.2890202725795876,-0.07500076293945312
2018-06-21,25.799999237060547,26.850000381469727,25.649999618530277,25.799999237060547,25.799999237060547,0.059438922248756805,-0.28985802102203806,-0.07500076293945312
2018-06-22,25.950000762939453,26.38500022888184,25.350000381469727,25.350000381469727,25.350000381469727,-0.24135348575007454,-1.7441816623948503,-0.4499988555908203
2018-06-25,25.649999618530277,25.649999618530277,24.75,25.049999237060547,25.049999237060547,-0.3348035542545658,-1.183436449288866,-0.3000011444091797
2018-06-26,25.049999237060547,25.799999237060547,24.75,25.5,25.5,-0.49834117413742557,1.796410286007899,0.4500007629394531
2018-06-27,26.549999237060547,26.549999237060547,25.5,25.649999618530277,25.649999618530277,-0.3056004078469123,0.5882337981579555,0.149999618530277
2018-06-28,25.950000762939453,26.25,25.649999618530277,25.875,25.875,-0.4282536227590571,0.8771944827132616,0.225000381469723
2018-06-29,26.100000381469727,26.850000381469727,25.649999618530277,26.850000381469727,26.850000381469727,-0.24135348575007454,3.7681174163081144,0.9750003814697266
2018-07-02,26.850000381469727,27.75,26.354999542236328,27.225000381469727,27.225000381469727,-0.0456924048187959,1.3966480248499558,0.375
2018-07-03,27.149999618530277,27.899999618530277,26.850000381469727,27.899999618530277,27.899999618530277,-0.460377083807476,2.4793360058866343,0.6749992370605504
2018-07-05,27.899999618530277,31.350000381469727,27.450000762939453,30.0,30.0,4.755304864599443,7.526883190618294,2.100000381469723
2018-07-06,29.700000762939453,30.434999465942383,27.899999618530277,29.700000762939453,29.700000762939453,0.847923875255402,-0.9999974568684844,-0.2999992370605469
2018-07-09,29.700000762939453,30.94499969482422,28.5,29.100000381469727,29.100000381469727,0.6814659407317769,-2.0202032527164904,-0.6000003814697266
2018-07-10,28.799999237060547,29.100000381469727,26.25,26.399999618530277,26.399999618530277,0.35731101560682277,-9.278353015619734,-2.7000007629394496
2018-07-11,26.399999618530277,27.299999237060547,26.25,27.299999237060547,27.299999237060547,-0.07489555122644943,3.409089513389829,0.8999996185302699
2018-07-12,27.299999237060547,27.450000762939453,26.26499938964844,26.475000381469727,26.475000381469727,-0.17418624901247143,-3.0219739144565994,-0.8249988555908203
2018-07-13,26.700000762939453,26.834999084472656,25.649999618530277,26.38500022888184,26.38500022888184,-0.32896292497303514,-0.33994391422513814,-0.09000015258788707
2018-07-16,25.950000762939453,27.18000030517578,25.950000762939453,26.834999084472656,26.834999084472656,-0.24135348575007454,1.7055101447307708,0.44999885559081676
2018-07-17,27.0,27.299999237060547,26.399999618530277,26.700000762939453,26.700000762939453,-0.34064418353609655,-0.503068105604354,-0.13499832153320312
2018-07-18,27.299999237060547,28.350000381469727,26.399999618530277,28.334999084472656,28.334999084472656,0.19669371036472838,6.123589044246924,1.6349983215332031
2018-07-19,28.049999237060547,28.049999237060547,26.700000762939453,27.75,27.75,-0.24135348575007454,-2.064581271835053,-0.5849990844726562
2018-07-20,27.899999618530277,28.799999237060547,27.149999618530277,28.5,28.5,0.19669371036472838,2.7027027027026973,0.75
2018-07-23,28.799999237060547,31.5,28.5,29.399999618530277,29.399999618530277,3.4440835908958007,3.157893398351841,0.899999618530277
2018-07-24,29.700000762939453,30.75,28.46999931335449,28.950000762939453,28.950000762939453,0.5880158722272857,-1.5306083722096298,-0.44999885559082387
2018-07-25,29.25,30.450000762939453,28.200000762939453,28.950000762939453,28.950000762939453,0.938453629119128,0.0,0.0
2018-07-26,28.950000762939453,29.399999618530277,28.5,28.665000915527344,28.665000915527344,-0.15374404652711396,-0.9844554055312926,-0.2849998474121094
2018-07-27,28.649999618530277,28.950000762939453,26.25,27.0,27.0,1.0027005512159657,-5.808480245418169,-1.6650009155273438
2018-07-30,27.149999618530277,27.18000030517578,26.25,26.700000762939453,26.700000762939453,-0.2004690807793596,-1.1111082854094345,-0.2999992370605469
2018-07-31,26.549999237060547,27.0,25.950000762939453,26.399999618530277,26.399999618530277,-0.30268009320614697,-1.123599759688354,-0.30000114440917613
2018-08-01,26.700000762939453,29.25,26.399999618530277,28.200000762939453,28.200000762939453,0.26678126174309685,6.81818625158519,1.8000011444091761
2018-08-02,27.600000381469727,28.350000381469727,27.450000762939453,27.450000762939453,27.450000762939453,-0.3815285885068115,-2.6595743961314144,-0.75
2018-08-03,27.600000381469727,27.600000381469727,26.700000762939453,26.850000381469727,26.850000381469727,-0.3990504763514036,-2.185793678664638,-0.6000003814697266
2018-08-06,26.850000381469727,27.73500061035156,26.850000381469727,27.299999237060547,27.299999237060547,-0.4224129934775264,1.6759733675884236,0.4499988555908203
2018-08-08,32.099998474121094,38.25,31.799999237060547,36.0,36.0,5.316005275626392,31.868135553384725,8.700000762939453
2018-08-09,36.75,41.25,36.150001525878906,41.25,41.25,5.094061362928224,14.583333333333325,5.25
2018-08-10,41.400001525878906,42.0,34.95000076293945,39.45000076293945,39.45000076293945,2.5329454229770105,-4.363634514086179,-1.7999992370605469
2018-08-13,39.45000076293945,40.5,38.09999847412109,40.20000076293945,40.20000076293945,0.5120876915673865,1.9011406476437287,0.75
2018-08-14,40.20000076293945,44.84999847412109,39.59999847412109,43.5,43.5,4.568404727590461,8.208953170226874,3.299999237060547
2018-08-15,44.54999923706055,49.5,42.45000076293945,45.75,45.75,6.606784346844678,5.1724137931034475,2.25
2018-08-16,46.5,47.70000076293945,41.400001525878906,43.34999847412109,43.34999847412109,1.53419781583526,-5.245904974598714,-2.4000015258789134
2018-08-17,42.75,44.3849983215332,39.75,40.79999923706055,40.79999923706055,1.236325722477194,-5.882351388277041,-2.5499992370605398
2018-08-20,42.900001525878906,43.20000076293945,38.400001525878906,39.150001525878906,39.150001525878906,0.8508441898961674,-4.0441121128327655,-1.6499977111816406
2018-08-21,37.34999847412109,38.415000915527344,34.79999923706055,37.79999923706055,37.79999923706055,2.0744560243768504,-3.448281573950851,-1.3500022888183594
2018-08-22,37.20000076293945,39.97499847412109,36.59999847412109,38.25,38.25,0.6172190186349392,1.1904782328626462,0.4500007629394531
2018-08-23,38.25,38.84999847412109,36.900001525878906,37.34999847412109,37.34999847412109,-0.02525020233343843,-2.3529451656965072,-0.9000015258789134
2018-08-24,37.20000076293945,38.400001525878906,37.20000076293945,37.95000076293945,37.95000076293945,0.2755422056653929,1.6064318964673863,0.6000022888183665
2018-08-27,37.95000076293945,37.95000076293945,36.150001525878906,36.45000076293945,36.45000076293945,0.1090842711417678,-3.952569090498792,-1.5
2018-08-28,36.59999847412109,37.78499984741211,36.29999923706055,37.650001525878906,37.650001525878906,-0.03693146089649984,3.2921830941621044,1.2000007629394531
2018-08-29,37.650001525878906,38.25,36.869998931884766,37.650001525878906,37.650001525878906,0.7895175824400951,0.0,0.0
2018-08-30,37.5,42.150001525878906,37.5,40.650001525878906,40.650001525878906,1.940121550901644,7.9681271671076415,3.0
2018-08-31,40.5,42.0,39.45000076293945,40.20000076293945,40.20000076293945,0.6347409064795313,-1.1070129054065903,-0.4500007629394531
2018-09-04,40.34999847412109,40.709999084472656,39.45000076293945,40.04999923706055,40.04999923706055,0.16749056395707485,-0.3731381169952419,-0.15000152587890625
2018-09-05,39.29999923706055,39.75,34.95000076293945,37.34999847412109,37.34999847412109,1.1720788003803562,-6.741575067100114,-2.7000007629394602
2018-09-06,37.79999923706055,37.95000076293945,36.45000076293945,36.59999847412109,36.59999847412109,-0.1566643611678793,-2.0080322105492376,-0.75
2018-09-07,36.45000076293945,37.20000076293945,36.0,36.59999847412109,36.59999847412109,-0.11285964155639902,0.0,0.0
2018-09-10,37.34999847412109,38.20500183105469,36.45000076293945,36.45000076293945,36.45000076293945,0.006873258714980451,-0.4098298290577618,-0.14999771118163352
2018-09-11,36.59999847412109,36.59999847412109,32.25,32.25,32.25,0.938453629119128,-11.522635596786612,-4.200000762939453
2018-09-12,32.54999923706055,35.70000076293945,32.400001525878906,34.650001525878906,34.650001525878906,0.5208486354896825,7.441865196523745,2.4000015258789062
2018-09-13,34.20000076293945,34.349998474121094,31.799999237060547,32.25,32.25,0.5938565015088164,-6.926411025080115,-2.4000015258789062
2018-09-14,32.400001525878906,32.54999923706055,30.899999618530277,31.350000381469727,31.350000381469727,0.6727049968094809,-2.7906964915667354,-0.8999996185302734
2018-09-17,31.799999237060547,31.799999237060547,30.0,30.450000762939453,30.450000762939453,1.0611068440312728,-2.870812145387547,-0.8999996185302734
2018-09-18,30.600000381469727,33.0,30.0,31.950000762939453,31.950000762939453,0.582175242945755,4.9261082509582055,1.5
2018-09-19,32.54999923706055,33.01499938964844,31.125,31.649999618530277,31.649999618530277,0.31058598135457716,-0.9389706956037469,-0.30000114440917613
2018-09-20,32.25,32.400001525878906,31.049999237060547,31.200000762939453,31.200000762939453,-0.08949712443027619,-1.4217973491770897,-0.44999885559082387
2018-09-21,30.75,34.5,30.75,34.04999923706055,34.04999923706055,0.9530552023229548,9.134610270607535,2.8499984741210938
2018-09-24,33.75,35.54999923706055,33.029998779296875,34.95000076293945,34.95000076293945,0.06527955153028751,2.643176346680587,0.9000015258789062
2018-09-25,35.25,36.900001525878906,34.83000183105469,36.59999847412109,36.59999847412109,0.07112018081181821,4.721023391024559,1.6499977111816335
2018-09-26,36.150001525878906,36.59999847412109,33.150001525878906,33.75,33.75,0.09448269793794103,-7.786881401473956,-2.8499984741210866
2018-09-27,34.04999923706055,35.099998474121094,33.45000076293945,33.75,33.75,-0.31728166640997374,0.0,0.0
2018-09-28,35.25,35.25,34.154998779296875,35.099998474121094,35.099998474121094,-0.212150339342421,3.999995478877305,1.3499984741210938
2018-10-01,34.95000076293945,35.25,33.900001525878906,34.5,34.5,-0.29683946392461624,-1.7093974364798536,-0.5999984741210938
2018-10-02,34.5,34.650001525878906,33.900001525878906,34.5,34.5,-0.38736921778834216,0.0,0.0
2018-10-03,34.5,36.0,32.54999923706055,33.45000076293945,33.45000076293945,0.15580930539401344,-3.043476049450855,-1.0499992370605469
2018-10-04,32.70000076293945,33.41999816894531,31.799999237060547,32.25,32.25,-0.1829471929347675,-3.587446145200035,-1.2000007629394531
2018-10-05,32.099998474121094,33.345001220703125,31.950000762939453,31.950000762939453,31.950000762939453,-0.29683946392461624,-0.9302301924357992,-0.2999992370605469
2018-10-08,32.400001525878906,33.599998474121094,31.350000381469727,32.54999923706055,32.54999923706055,-0.16542530509017536,1.8779294516232614,0.5999984741210938
2018-10-09,32.099998474121094,32.654998779296875,30.75,31.049999237060547,31.049999237060547,-0.1070190122748683,-4.608295038889398,-1.5
2018-10-10,30.899999618530277,31.350000381469727,29.850000381469727,29.850000381469727,29.850000381469727,0.11784521506406385,-3.864730708780595,-1.1999988555908203
2018-10-11,29.700000762939453,31.350000381469727,29.700000762939453,30.75,30.75,-0.17710656365323676,3.0150740603975823,0.8999996185302734
2018-10-12,32.25,32.70000076293945,31.200000762939453,32.25,32.25,-0.1946284514978289,4.878048780487809,1.5
2018-10-15,32.400001525878906,32.70000076293945,31.5,32.099998474121094,32.099998474121094,-0.3990504763514036,-0.46512101047723187,-0.15000152587890625
2018-10-16,32.099998474121094,33.0,32.099998474121094,32.099998474121094,32.099998474121094,-0.3143613517692084,0.0,0.0
2018-10-17,32.099998474121094,32.70000076293945,30.899999618530277,31.200000762939453,31.200000762939453,-0.3902895324291075,-2.8037313207575854,-0.8999977111816406
2018-10-18,31.350000381469727,31.799999237060547,30.600000381469727,31.5,31.5,-0.35232544209915795,0.9615359927070743,0.2999992370605469
2018-10-19,31.5,31.5,30.149999618530277,30.450000762939453,30.450000762939453,-0.17126593437170606,-3.3333309113033227,-1.0499992370605469
2018-10-22,30.450000762939453,30.899999618530277,29.700000762939453,30.299999237060547,30.299999237060547,-0.311441037128443,-0.49261583619226723,-0.15000152587890625
2018-10-23,30.0,31.049999237060547,28.649999618530277,30.600000381469727,30.600000381469727,-0.27347694679849344,0.9901028117592858,0.3000011444091797
2018-10-24,31.200000762939453,33.0,30.55500030517578,31.649999618530277,31.649999618530277,0.11200458578253315,3.431370012976842,1.0499992370605504
2018-10-25,31.649999618530277,31.950000762939453,30.88500022888184,31.200000762939453,31.200000762939453,-0.3932098470698729,-1.4217973491770897,-0.44999885559082387
2018-10-26,30.75,31.5,29.850000381469727,30.899999618530277,30.899999618530277,-0.3902895324291075,-0.961542106003821,-0.30000114440917613
2018-10-29,30.75,31.5,30.600000381469727,31.049999237060547,31.049999237060547,-0.3260426103322698,0.4854356646668556,0.14999961853026988
2018-10-30,30.75,30.899999618530277,26.25,28.200000762939453,28.200000762939453,1.1837600589434176,-9.178739272622593,-2.8499984741210938
2018-10-31,28.5,30.299999237060547,28.350000381469727,28.350000381469727,28.350000381469727,-0.11285964155639902,0.5319135264967967,0.14999961853027344
2018-11-01,28.649999618530277,30.75,28.649999618530277,30.75,30.75,-0.21799096862395173,8.465607006125374,2.3999996185302734
2018-11-02,30.75,31.5,30.299999237060547,31.200000762939453,31.200000762939453,-0.4019707909921689,1.463417115250265,0.4500007629394531
2018-11-05,31.049999237060547,32.505001068115234,30.75,31.5,31.5,-0.3464848128176272,0.9615359927070743,0.2999992370605469
2018-11-06,31.350000381469727,31.799999237060547,30.600000381469727,31.049999237060547,31.049999237060547,-0.38736921778834216,-1.4285738506014334,-0.4500007629394531
2018-11-07,31.350000381469727,32.70000076293945,31.350000381469727,32.25,32.25,-0.22675191254624777,3.864736851610484,1.2000007629394531
2018-11-08,30.299999237060547,32.25,29.100000381469727,31.5,31.5,-0.24135348575007454,-2.3255813953488413,-0.75
2018-11-09,30.75,32.54999923706055,30.75,32.099998474121094,32.099998474121094,-0.19754876613859426,1.9047570607018782,0.5999984741210938
2018-11-12,31.799999237060547,33.75,31.5,31.649999618530277,31.649999618530277,-0.051533034100326607,-1.4018656603787871,-0.44999885559081676
2018-11-13,31.799999237060547,32.71500015258789,31.350000381469727,32.54999923706055,32.54999923706055,-0.410731734914465,2.8436007247322204,0.8999996185302699
2018-11-14,32.25,32.54999923706055,31.049999237060547,31.5,31.5,-0.4545364545259453,-3.2258041833225226,-1.0499992370605469
2018-11-15,31.350000381469727,31.649999618530277,30.149999618530277,31.350000381469727,31.350000381469727,-0.08073618050798013,-0.4761892651754751,-0.14999961853027344
2018-11-16,31.5,31.5,29.850000381469727,30.299999237060547,30.299999237060547,-0.36400670066221935,-3.3492859063242952,-1.0500011444091797
2018-11-19,30.299999237060547,30.600000381469727,27.600000381469727,29.100000381469727,29.100000381469727,-0.04277209017803055,-3.9603923623967474,-1.1999988555908203
2018-11-20,28.950000762939453,28.950000762939453,27.450000762939453,28.200000762939453,28.200000762939453,-0.24719411503160524,-3.0927821537190536,-0.8999996185302734
2018-11-21,28.5,29.100000381469727,28.049999237060547,28.649999618530277,28.649999618530277,-0.4282536227590571,1.59574057949039,0.44999885559082387
2018-11-23,28.799999237060547,29.549999237060547,28.799999237060547,29.100000381469727,29.100000381469727,-0.5479865230304366,1.5706833121505337,0.4500007629394496
2018-11-26,28.200000762939453,29.325000762939453,27.600000381469727,27.600000381469727,27.600000381469727,-0.24719411503160524,-5.154639107685954,-1.5
2018-11-27,27.299999237060547,27.75,27.0,27.299999237060547,27.299999237060547,-0.45161613988517996,-1.0869606531259235,-0.3000011444091797
2018-11-28,27.450000762939453,28.5,27.299999237060547,27.75,27.75,-0.2997597785653816,1.648354489067394,0.4500007629394531
2018-11-29,27.75,29.549999237060547,27.299999237060547,29.100000381469727,29.100000381469727,0.030235775841103273,4.864866239530552,1.3500003814697266
2018-11-30,29.25,29.399999618530277,27.600000381469727,27.899999618530277,27.899999618530277,-0.2442738003908399,-4.123713907933779,-1.2000007629394496
2018-12-03,28.350000381469727,28.96500015258789,27.149999618530277,28.5,28.5,-0.1508237318863486,2.150539031087373,0.600000381469723
2018-12-04,28.350000381469727,28.799999237060547,27.450000762939453,27.899999618530277,27.899999618530277,-0.4253333081182918,-2.1052644963849954,-0.600000381469723
2018-12-06,27.0,27.600000381469727,26.850000381469727,27.0,27.0,-0.3348035542545658,-3.2258051284435374,-0.899999618530277
2018-12-07,27.299999237060547,27.450000762939453,26.25,26.549999237060547,26.549999237060547,-0.3260426103322698,-1.6666694923683445,-0.4500007629394531
2018-12-10,27.75,28.31999969482422,26.174999237060547,27.149999618530277,27.149999618530277,0.3981954205775377,2.259888507387231,0.6000003814697301
2018-12-11,27.0,27.0,25.665000915527344,25.950000762939453,25.950000762939453,-0.28515820536155484,-4.419885349728725,-1.1999988555908239
2018-12-12,25.649999618530277,26.700000762939453,25.649999618530277,25.799999237060547,25.799999237060547,-0.2909988346430855,-0.5780405451591752,-0.15000152587890625
2018-12-13,26.100000381469727,26.549999237060547,25.049999237060547,25.5,25.5,-0.24135348575007454,-1.1627877749298965,-0.2999992370605469
2018-12-14,25.200000762939453,25.350000381469727,24.149999618530277,24.600000381469727,24.600000381469727,-0.10993932691563366,-3.5294102687461693,-0.8999996185302734
2018-12-17,24.600000381469727,24.600000381469727,22.200000762939453,22.350000381469727,22.350000381469727,0.04191703440416469,-9.14634132158324,-2.25
2018-12-18,22.649999618530277,23.850000381469727,22.200000762939453,22.200000762939453,22.200000762939453,-0.1887878222162982,-0.6711392213426426,-0.14999961853027344
2018-12-19,22.5,23.549999237060547,22.200000762939453,22.200000762939453,22.200000762939453,-0.34064418353609655,0.0,0.0
2018-12-20,22.200000762939453,22.799999237060547,21.299999237060547,22.049999237060547,22.049999237060547,-0.36400670066221935,-0.6756825257831389,-0.15000152587890625
2018-12-21,22.350000381469727,22.5,21.0,21.0,21.0,-0.21507065398318637,-4.761901466625718,-1.0499992370605469
2018-12-24,20.100000381469727,20.25,18.600000381469727,18.899999618530277,18.899999618530277,0.08280143937487962,-10.000001816522486,-2.100000381469723
2018-12-26,21.0,21.0,18.899999618530277,18.899999618530277,18.899999618530277,0.13828741754942134,0.0,0.0
2018-12-27,20.700000762939453,21.0,19.5,20.100000381469727,20.100000381469727,-0.13038152940099113,6.349210514072823,1.2000007629394496
2018-12-28,19.5,20.549999237060547,19.5,19.649999618530277,19.649999618530277,0.018554517278041863,-2.2388097233784543,-0.4500007629394496
2018-12-31,19.649999618530277,19.799999237060547,18.450000762939453,18.600000381469727,18.600000381469727,-0.0018876852073156079,-5.343507671472847,-1.0499992370605504
2019-01-02,18.75,21.71999931335449,18.75,21.299999237060547,21.299999237060547,-0.10409869763410295,14.516122581807567,2.6999988555908203
2019-01-03,21.299999237060547,24.299999237060547,20.549999237060547,23.399999618530277,23.399999618530277,0.012713887996511157,9.859157073657876,2.10000038146973
2019-01-04,23.399999618530277,27.450000762939453,22.770000457763672,24.899999618530277,24.899999618530277,0.3310281838399346,6.410256514757218,1.5
2019-01-07,24.75,24.75,23.549999237060547,24.0,24.0,-0.4253333081182918,-3.6144563546921082,-0.899999618530277
2019-01-08,24.75,25.09499931335449,22.649999618530277,22.950000762939453,22.950000762939453,-0.21799096862395173,-4.374996821085608,-1.0499992370605469
2019-01-09,23.25,23.549999237060547,22.5,23.25,23.25,-0.3815285885068115,1.3071861746732472,0.2999992370605469
2019-01-10,23.100000381469727,23.100000381469727,22.350000381469727,22.950000762939453,22.950000762939453,-0.32020198105073905,-1.2903192991851498,-0.2999992370605469
2019-01-11,22.950000762939453,23.100000381469727,22.350000381469727,22.950000762939453,22.950000762939453,-0.3143613517692084,0.0,0.0
2019-01-14,22.950000762939453,24.299999237060547,22.950000762939453,23.399999618530277,23.399999618530277,-0.27055663215772807,1.9607792620098596,0.44999885559082387
2019-01-15,24.0,25.950000762939453,23.850000381469727,25.799999237060547,25.799999237060547,-0.1391424733232872,10.256408793398997,2.39999961853027
2019-01-16,25.950000762939453,26.01000022888184,24.899999618530277,25.350000381469727,25.350000381469727,-0.4778989716520681,-1.7441816623948503,-0.4499988555908203
2019-01-17,25.200000762939453,25.200000762939453,23.700000762939453,24.899999618530277,24.899999618530277,-0.3815285885068115,-1.7751509119044773,-0.4500007629394496
2019-01-18,25.5,26.774999618530277,24.299999237060547,25.049999237060547,25.049999237060547,-0.0953377537118069,0.6024081157762096,0.14999961853026988
2019-01-22,25.049999237060547,26.25,24.450000762939453,24.75,24.75,-0.1070190122748683,-1.1976017812276418,-0.2999992370605469
2019-01-23,25.200000762939453,26.100000381469727,24.0,24.75,24.75,-0.3815285885068115,0.0,0.0
2019-01-24,24.75,27.0,24.149999618530277,26.100000381469727,26.100000381469727,0.342709442402996,5.454546995837273,1.3500003814697266
2019-01-25,25.950000762939453,26.25,24.899999618530277,25.45499992370605,25.45499992370605,-0.2004690807793596,-2.4712660855806257,-0.6450004577636754
2019-01-28,25.950000762939453,25.950000762939453,24.450000762939453,24.75,24.75,-0.3435644981768619,-2.769593108698032,-0.7049999237060511
2019-01-29,24.450000762939453,25.5,24.299999237060547,24.450000762939453,24.450000762939453,-0.4808192862928335,-1.212118129537565,-0.2999992370605469
2019-01-31,26.25,27.600000381469727,25.049999237060547,26.100000381469727,26.100000381469727,0.590936186868051,6.748464486885797,1.6499996185302734
2019-02-01,26.399999618530277,29.024999618530277,25.649999618530277,28.350000381469727,28.350000381469727,2.8308175163350766,8.620689529175007,2.25
2019-02-04,28.950000762939453,30.299999237060547,28.799999237060547,29.25,29.25,0.48288454515973295,3.1746017863143905,0.8999996185302734
2019-02-05,29.25,30.0,28.649999618530277,29.100000381469727,29.100000381469727,0.16164993467554414,-0.5128192086505057,-0.14999961853027344
2019-02-06,29.399999618530277,29.399999618530277,28.649999618530277,28.950000762939453,28.950000762939453,-0.30852072248767765,-0.515462599876082,-0.14999961853027344
2019-02-07,29.100000381469727,29.700000762939453,27.75,29.700000762939453,29.700000762939453,-0.0953377537118069,2.590673506855712,0.75
2019-02-08,29.549999237060547,30.75,28.950000762939453,29.700000762939453,29.700000762939453,0.07696081009334892,0.0,0.0
2019-02-11,30.0,31.049999237060547,29.850000381469727,30.0,30.0,-0.010648629129611667,1.0100984153337045,0.2999992370605469
2019-02-12,30.600000381469727,33.38999938964844,30.075000762939453,33.150001525878906,33.150001525878906,2.048173192609962,10.50000508626303,3.1500015258789062
2019-02-13,33.0,34.125,31.200000762939453,33.45000076293945,33.45000076293945,0.46536265731514087,0.9049750324335637,0.2999992370605469
2019-02-14,33.75,34.04999923706055,31.950000762939453,32.849998474121094,32.849998474121094,0.21129528356855515,-1.7937287746884745,-0.6000022888183594
2019-02-15,32.70000076293945,33.67499923706055,32.70000076293945,32.70000076293945,32.70000076293945,-0.23551285646854384,-0.45661405829229285,-0.14999771118164062
2019-02-19,33.150001525878906,33.45000076293945,31.950000762939453,32.25,32.25,-0.212150339342421,-1.3761490900313977,-0.4500007629394531
2019-02-20,31.799999237060547,32.130001068115234,30.149999618530277,30.149999618530277,30.149999618530277,0.11200458578253315,-6.511629089828597,-2.100000381469723
2019-02-21,30.299999237060547,32.32500076293945,30.299999237060547,31.649999618530277,31.649999618530277,-0.2763972614392588,4.9751244410567,1.5
2019-02-22,32.25,32.70000076293945,31.200000762939453,31.5,31.5,-0.22967222718701313,-0.47393244972570026,-0.149999618530277
2019-02-25,32.25,32.849998474121094,31.5,32.849998474121094,32.849998474121094,-0.2822378907207895,4.285709441654273,1.3499984741210938
2019-02-26,33.0,35.849998474121094,32.849998474121094,35.400001525878906,35.400001525878906,0.5704939843826935,7.7625667281740585,2.5500030517578125
2019-02-27,35.70000076293945,37.04999923706055,34.650001525878906,34.95000076293945,34.95000076293945,0.938453629119128,-1.2711885410809476,-0.4500007629394531
2019-02-28,35.400001525878906,36.59999847412109,33.75,35.400001525878906,35.400001525878906,0.40111573521830307,1.2875558029075362,0.4500007629394531
2019-03-01,36.0,36.375,32.25,34.650001525878906,34.650001525878906,0.49164548908202904,-2.1186439764747433,-0.75
2019-03-04,34.95000076293945,35.25,33.75,34.5,34.5,-0.22967222718701313,-0.4329048175275685,-0.15000152587890625
2019-03-05,34.5,35.849998474121094,32.849998474121094,35.70000076293945,35.70000076293945,0.02439514655957257,3.478263080983912,1.2000007629394531
2019-03-06,35.54999923706055,35.54999923706055,32.70000076293945,33.29999923706055,33.29999923706055,0.06819986617105286,-6.7226932061311695,-2.4000015258789062
2019-03-07,33.29999923706055,33.689998626708984,32.70000076293945,32.70000076293945,32.70000076293945,-0.21799096862395173,-1.8017972608640132,-0.5999984741210938
2019-03-08,32.400001525878906,33.0,30.899999618530277,31.950000762939453,31.950000762939453,-0.13622215868252183,-2.2935779281388013,-0.75
2019-03-11,31.649999618530277,33.0,31.649999618530277,32.099998474121094,32.099998474121094,-0.26179568823543203,0.46947639311367695,0.14999771118164062
2019-03-12,32.099998474121094,33.599998474121094,31.665000915527344,33.45000076293945,33.45000076293945,-0.10993932691563366,4.205614806825375,1.3500022888183594
2019-03-13,33.29999923706055,34.42499923706055,33.150001525878906,34.20000076293945,34.20000076293945,0.001032629433449745,2.242152415227916,0.75
2019-03-14,34.5,34.79999923706055,33.599998474121094,34.5,34.5,-0.2384331711093092,0.8771907320705097,0.2999992370605469
2019-03-15,34.5,37.20000076293945,34.349998474121094,37.20000076293945,37.20000076293945,0.8158004142069832,7.826089167940453,2.700000762939453
2019-03-18,37.5,37.95000076293945,36.59999847412109,37.04999923706055,37.04999923706055,0.1207655297048292,-0.40322990000674075,-0.15000152587890625
2019-03-19,37.34999847412109,38.09999847412109,36.0,37.5,37.5,-0.1011783829933376,1.2145769830119946,0.4500007629394531
2019-03-20,37.20000076293945,37.5,36.45000076293945,37.20000076293945,37.20000076293945,-0.12454090011946042,-0.799997965494792,-0.2999992370605469
2019-03-21,37.20000076293945,37.5,36.45000076293945,36.59999847412109,36.59999847412109,-0.3815285885068115,-1.6129093454646415,-0.6000022888183665
2019-03-22,36.59999847412109,36.59999847412109,35.25,35.70000076293945,35.70000076293945,-0.27347694679849344,-2.4590102423583393,-0.8999977111816335
2019-03-25,35.54999923706055,36.0,34.69499969482422,35.400001525878906,35.400001525878906,-0.4136520495552304,-0.8403339794098241,-0.2999992370605469
2019-03-26,35.400001525878906,36.900001525878906,34.5,35.400001525878906,35.400001525878906,-0.048612719459561256,0.0,0.0
2019-03-27,35.70000076293945,36.29999923706055,34.79999923706055,36.0,36.0,-0.2763972614392588,1.6949108707875915,0.5999984741210938
2019-03-28,36.0,36.45000076293945,35.70000076293945,36.45000076293945,36.45000076293945,-0.44285519596288386,1.2500021192762611,0.4500007629394531
2019-03-29,36.59999847412109,37.650001525878906,36.150001525878906,37.650001525878906,37.650001525878906,-0.016489258411142373,3.2921830941621044,1.2000007629394531
2019-04-01,37.5,37.79999923706055,36.75,37.5,37.5,-0.1566643611678793,-0.3984104111544373,-0.15000152587890625
2019-04-02,37.20000076293945,37.650001525878906,36.0,37.650001525878906,37.650001525878906,-0.31728166640997374,0.40000406901041785,0.15000152587890625
2019-04-03,37.650001525878906,38.25,37.20000076293945,37.34999847412109,37.34999847412109,0.02731546120033792,-0.7968208223088968,-0.3000030517578196
2019-04-04,37.5,37.79999923706055,36.59999847412109,37.650001525878906,37.650001525878906,-0.2442738003908399,0.8032210549236973,0.3000030517578196
2019-04-05,37.79999923706055,37.79999923706055,37.20000076293945,37.5,37.5,-0.31728166640997374,-0.3984104111544373,-0.15000152587890625
2019-04-08,37.650001525878906,37.650001525878906,36.75,37.5,37.5,-0.35232544209915795,0.0,0.0
2019-04-09,36.59999847412109,37.5,36.59999847412109,36.75,36.75,-0.32896292497303514,-2.0000000000000018,-0.75
2019-04-10,36.900001525878906,37.650001525878906,36.59999847412109,37.04999923706055,37.04999923706055,-0.3581660713806887,0.8163244545865256,0.2999992370605469
2019-04-11,37.20000076293945,38.25,37.20000076293945,37.79999923706055,37.79999923706055,0.030235775841103273,2.024291539660239,0.75
2019-04-12,37.79999923706055,37.79999923706055,37.20000076293945,37.79999923706055,37.79999923706055,-0.3990504763514036,0.0,0.0
2019-04-15,37.5,37.5,36.59999847412109,37.34999847412109,37.34999847412109,-0.37276764458451545,-1.1904782328626684,-0.45000076293946023
2019-04-16,37.5,37.5,36.0,36.59999847412109,36.59999847412109,-0.31728166640997374,-2.0080322105492376,-0.75
2019-04-17,36.45000076293945,36.45000076293945,33.599998474121094,33.900001525878906,33.900001525878906,0.2638609471023315,-7.377041149745612,-2.6999969482421804
2019-04-18,33.599998474121094,34.04999923706055,32.849998474121094,33.45000076293945,33.45000076293945,-0.2442738003908399,-1.3274358191279978,-0.4500007629394531
2019-04-22,33.45000076293945,34.04999923706055,33.45000076293945,34.04999923706055,34.04999923706055,-0.4340942520405878,1.7937173705115494,0.5999984741210938
2019-04-23,33.599998474121094,36.0,33.45000076293945,35.54999923706055,35.54999923706055,-0.3377238688953312,4.405286442319145,1.5
2019-04-24,35.25,35.54999923706055,34.875,35.400001525878906,35.400001525878906,-0.5041818034189562,-0.4219344990175733,-0.14999771118164062
2019-04-25,34.95000076293945,35.29499816894531,33.29999923706055,34.650001525878906,34.650001525878906,-0.27347694679849344,-2.1186439764747433,-0.75
2019-04-26,34.349998474121094,34.349998474121094,32.25,32.25,32.25,-0.14206278796405256,-6.926411025080115,-2.4000015258789062
2019-04-29,32.25,33.0,32.25,32.70000076293945,32.70000076293945,-0.38736921778834216,1.395351202913031,0.4500007629394531
2019-04-30,32.849998474121094,33.0,32.25,33.0,33.0,-0.17126593437170606,0.9174288381073925,0.2999992370605469
2019-05-01,33.75,33.915000915527344,32.25,32.54999923706055,32.54999923706055,-0.26179568823543203,-1.363638675574097,-0.4500007629394531
2019-05-02,32.70000076293945,33.0,31.350000381469727,31.950000762939453,31.950000762939453,-0.17126593437170606,-1.8433133277556357,-0.5999984741210938
2019-05-03,31.649999618530277,33.0,31.049999237060547,33.0,33.0,-0.10409869763410295,3.2863825101328237,1.0499992370605469
2019-05-06,31.950000762939453,32.70000076293945,31.350000381469727,31.649999618530277,31.649999618530277,-0.18586750757553283,-4.090910246877943,-1.350000381469723
2019-05-07,31.5,31.5,30.0,30.149999618530277,30.149999618530277,-0.016489258411142373,-4.739336550013062,-1.5
2019-05-08,30.0,30.899999618530277,30.0,30.299999237060547,30.299999237060547,-0.16250499044941003,0.49751117886609464,0.14999961853026988
2019-05-09,29.850000381469727,29.864999771118164,27.0,27.299999237060547,27.299999237060547,0.5471314672565707,-9.900990348312089,-3.0
2019-05-10,27.75,29.100000381469727,27.75,27.899999618530277,27.899999618530277,0.012713887996511157,2.1978036565481363,0.6000003814697301
2019-05-13,28.5,28.5,26.399999618530277,26.399999618530277,26.399999618530277,-0.051533034100326607,-5.376344159530911,-1.5
2019-05-14,25.799999237060547,30.600000381469727,24.899999618530277,30.149999618530277,30.149999618530277,0.47120328659667154,14.20454565979561,3.75
2019-05-15,29.549999237060547,31.049999237060547,28.799999237060547,29.399999618530277,29.399999618530277,0.2697015763838622,-2.48756222052835,-0.75
2019-05-16,28.649999618530277,28.649999618530277,26.399999618530277,26.700000762939453,26.700000762939453,0.021474831918807214,-9.18366969599913,-2.699998855590824
2019-05-17,26.700000762939453,27.299999237060547,26.700000762939453,26.700000762939453,26.700000762939453,-0.2004690807793596,0.0,0.0
2019-05-20,26.700000762939453,29.25,26.25,28.649999618530277,28.649999618530277,0.04191703440416469,7.303366291650049,1.9499988555908239
2019-05-21,28.950000762939453,29.549999237060547,27.450000762939453,27.899999618530277,27.899999618530277,0.26678126174309685,-2.617801081975979,-0.75
2019-05-23,22.049999237060547,23.25,21.149999618530277,22.950000762939453,22.950000762939453,1.5721619061652097,-17.74193162462696,-4.949998855590824
2019-05-24,22.649999618530277,22.799999237060547,21.899999618530277,22.350000381469727,22.350000381469727,0.1645702493163095,-2.614380660233484,-0.6000003814697266
2019-05-28,22.5,22.5,21.149999618530277,21.75,21.75,0.22005622749085121,-2.6845654193687785,-0.6000003814697266
2019-05-29,21.899999618530277,22.5,19.649999618530277,20.549999237060547,20.549999237060547,0.5763346136642242,-5.517244887077943,-1.2000007629394531
2019-05-30,21.0,22.200000762939453,20.399999618530277,21.600000381469727,21.600000381469727,-0.057373663381857315,5.10949480969114,1.0500011444091797
2019-05-31,21.149999618530277,21.600000381469727,19.649999618530277,19.950000762939453,19.950000762939453,0.43615951090748734,-7.638886987917736,-1.6499996185302734
2019-06-03,19.950000762939453,21.375,19.799999237060547,20.774999618530277,20.774999618530277,0.08280143937487962,4.135332451332041,0.8249988555908239
2019-06-04,20.850000381469727,21.75,20.850000381469727,21.149999618530277,21.149999618530277,-0.09825806835257225,1.805054184768884,0.375
2019-06-05,22.5,23.549999237060547,19.649999618530277,19.649999618530277,19.649999618530277,2.173746722162872,-7.09219870947797,-1.5
2019-06-06,20.25,20.399999618530277,19.5,19.799999237060547,19.799999237060547,0.23173748605391262,0.7633568521233869,0.14999961853026988
2019-06-07,19.950000762939453,20.850000381469727,19.5,19.5,19.5,0.22589685677238192,-1.5151477203040775,-0.2999992370605469
2019-06-10,19.799999237060547,20.549999237060547,19.5,19.950000762939453,19.950000762939453,-0.1946284514978289,2.3076962202023266,0.4500007629394531
2019-06-11,19.950000762939453,20.399999618530277,19.5,19.649999618530277,19.649999618530277,-0.05445334874109196,-1.5037650773752298,-0.30000114440917613
2019-06-12,19.950000762939453,20.25,18.75,19.200000762939453,19.200000762939453,0.1587296200347788,-2.2900705563702273,-0.44999885559082387
2019-06-13,19.5,19.950000762939453,19.200000762939453,19.950000762939453,19.950000762939453,-0.3056004078469123,3.9062498447795857,0.75
2019-06-14,19.950000762939453,20.25,19.200000762939453,19.649999618530277,19.649999618530277,-0.2063097100608903,-1.5037650773752298,-0.30000114440917613
2019-06-17,19.5,20.100000381469727,18.899999618530277,19.049999237060547,19.049999237060547,-0.1829471929347675,-3.053437115102642,-0.6000003814697301
2019-06-18,19.200000762939453,20.100000381469727,19.200000762939453,19.350000381469727,19.350000381469727,-0.17710656365323676,1.574809220073603,0.3000011444091797
2019-06-19,19.5,19.799999237060547,19.200000762939453,19.5,19.5,-0.4808192862928335,0.7751918117475443,0.14999961853027344
2019-06-20,19.049999237060547,20.25,19.049999237060547,19.5,19.5,-0.16250499044941003,0.0,0.0
2019-06-21,19.950000762939453,19.950000762939453,19.049999237060547,19.049999237060547,19.049999237060547,-0.27055663215772807,-2.3076962202023266,-0.4500007629394531
2019-06-24,19.350000381469727,19.78499984741211,19.200000762939453,19.350000381469727,19.350000381469727,-0.4282536227590571,1.574809220073603,0.3000011444091797
2019-06-25,19.5,19.649999618530277,19.049999237060547,19.049999237060547,19.049999237060547,-0.2909988346430855,-1.5503934805937925,-0.3000011444091797
2019-06-26,19.200000762939453,20.850000381469727,18.899999618530277,19.200000762939453,19.200000762939453,1.7181776382034772,0.7874096162013844,0.15000152587890625
2019-06-27,20.100000381469727,20.100000381469727,19.200000762939453,19.5,19.5,0.4303188816259566,1.5624959642690062,0.2999992370605469
2019-06-28,19.5,19.665000915527344,19.049999237060547,19.049999237060547,19.049999237060547,0.2638609471023315,-2.3076962202023266,-0.4500007629394531
2019-07-01,19.049999237060547,19.950000762939453,19.049999237060547,19.049999237060547,19.049999237060547,-0.16542530509017536,0.0,0.0
2019-07-02,19.049999237060547,19.649999618530277,19.049999237060547,19.049999237060547,19.049999237060547,-0.08949712443027619,0.0,0.0
2019-07-03,19.049999237060547,19.200000762939453,18.75,18.899999618530277,18.899999618530277,-0.028170516974203783,-0.7873996038721853,-0.14999961853026988
2019-07-05,18.75,19.5,18.75,18.899999618530277,18.899999618530277,-0.15374404652711396,0.0,0.0
2019-07-08,19.049999237060547,19.5,18.450000762939453,19.049999237060547,19.049999237060547,-0.0456924048187959,0.793648791311119,0.14999961853026988
2019-07-09,19.049999237060547,19.5,18.450000762939453,19.200000762939453,19.200000762939453,-0.26179568823543203,0.7874096162013844,0.15000152587890625
2019-07-10,19.5,19.5,18.600000381469727,18.75,18.75,-0.20923002470165566,-2.3437538805105684,-0.4500007629394531
2019-07-11,18.600000381469727,19.350000381469727,18.450000762939453,19.200000762939453,19.200000762939453,-0.03693146089649984,2.4000040690104196,0.4500007629394531
2019-07-12,19.200000762939453,19.649999618530277,18.75,18.899999618530277,18.899999618530277,-0.22675191254624777,-1.5625058983760542,-0.30000114440917613
2019-07-15,18.899999618530277,19.440000534057617,18.450000762939453,18.75,18.75,-0.2880785200023202,-0.7936487913111523,-0.149999618530277
2019-07-16,18.899999618530277,18.959999084472656,18.0,18.299999237060547,18.299999237060547,0.36023133024758813,-2.4000040690104196,-0.4500007629394531
2019-07-17,18.0,18.299999237060547,16.799999237060547,17.399999618530273,17.399999618530273,0.532529894052744,-4.918030907387272,-0.8999996185302734
2019-07-18,17.399999618530273,18.0,16.950000762939453,17.549999237060547,17.549999237060547,-0.06613460730415337,0.862066792062044,0.14999961853027344
2019-07-19,17.850000381469727,18.540000915527344,17.549999237060547,18.225000381469727,18.225000381469727,-0.08657680978951084,3.846160534205456,0.6750011444091797
2019-07-22,18.299999237060547,18.600000381469727,18.0,18.375,18.375,-0.2939191492838509,0.8230431571501384,0.14999961853027344
2019-07-23,18.0,18.899999618530277,18.0,18.75,18.75,-0.311441037128443,2.0408163265306145,0.375
2019-07-24,18.299999237060547,18.899999618530277,18.0,18.825000762939453,18.825000762939453,-0.1391424733232872,0.40000406901041785,0.07500076293945312
2019-07-25,19.049999237060547,19.049999237060547,18.149999618530277,18.299999237060547,18.299999237060547,-0.3464848128176272,-2.7888526140857905,-0.5250015258789062
2019-07-26,18.299999237060547,18.540000915527344,17.549999237060547,18.0,18.0,-0.2676363175169627,-1.6393401615722336,-0.2999992370605469
2019-07-29,18.149999618530277,18.149999618530277,17.700000762939453,17.700000762939453,17.700000762939453,-0.2793175760800241,-1.6666624281141518,-0.2999992370605469
2019-07-30,17.774999618530273,18.0,17.25,18.0,18.0,-0.18586750757553283,1.6949108707875915,0.2999992370605469
2019-07-31,17.895000457763672,18.149999618530277,17.850000381469727,18.0,18.0,0.23173748605391262,0.0,0.0
2019-08-01,18.0,18.104999542236328,17.25,17.25,17.25,-0.09241743907104155,-4.1666666666666625,-0.75
2019-08-02,16.799999237060547,17.100000381469727,13.050000190734863,14.175000190734863,14.175000190734863,2.930108214121099,-17.82608585081239,-3.0749998092651367
2019-08-05,14.175000190734863,14.175000190734863,13.199999809265137,13.484999656677246,13.484999656677246,0.6756253114502463,-4.8677285698283,-0.6900005340576172
2019-08-06,13.5,13.949999809265137,13.5,13.859999656677246,13.859999656677246,-0.06905492194491872,2.7808677015005667,0.375
2019-08-07,13.800000190734863,13.979999542236328,13.350000381469728,13.350000381469728,13.350000381469728,-0.051533034100326607,-3.67964854141839,-0.5099992752075178
2019-08-08,13.350000381469728,13.890000343322754,12.149999618530272,13.649999618530272,13.649999618530272,0.5412908379750401,2.2471852321214403,0.2999992370605433
2019-08-09,13.649999618530272,13.649999618530272,12.704999923706056,12.975000381469728,12.975000381469728,0.18501245180166698,-4.945049493951725,-0.6749992370605433
2019-08-12,13.5,13.5,12.300000190734863,12.449999809265137,12.449999809265137,-0.02525020233343843,-4.046247065659991,-0.5250005722045916
2019-08-13,12.449999809265137,12.75,12.449999809265137,12.75,12.75,-0.060293978022622666,2.4096401231396447,0.3000001907348633
2019-08-14,12.585000038146973,12.585000038146973,11.550000190734863,11.864999771118164,11.864999771118164,-0.019409573051907724,-6.9411782657398895,-0.8850002288818359
2019-08-15,12.0,13.199999809265137,12.0,12.56999969482422,12.56999969482422,0.5091673769266212,5.941845236458998,0.7049999237060565
2019-08-16,12.75,12.899999618530272,12.390000343322754,12.75,12.75,-0.12162058547869507,1.4319833694975914,0.18000030517577947
2019-08-19,12.989999771118164,12.989999771118164,12.449999809265137,12.75,12.75,-0.16834561973094073,0.0,0.0
2019-08-20,12.75,12.75,12.300000190734863,12.4350004196167,12.4350004196167,-0.19754876613859426,-2.470584944182752,-0.3149995803833008
2019-08-21,12.300000190734863,12.630000114440918,12.0,12.449999809265137,12.449999809265137,-0.24719411503160524,0.12062234935492633,0.0149993896484375
2019-08-22,12.56999969482422,12.56999969482422,12.0,12.239999771118164,12.239999771118164,-0.38736921778834216,-1.6867473201942818,-0.21000003814697266
2019-08-23,12.300000190734863,12.449999809265137,11.265000343322754,11.399999618530272,11.399999618530272,-0.08657680978951084,-6.862746473002224,-0.8400001525878924
2019-08-26,11.850000381469728,12.0,10.574999809265137,11.385000228881836,11.385000228881836,0.062359236889522156,-0.13157359781007516,-0.014999389648435724
2019-08-27,11.71500015258789,12.0600004196167,11.699999809265137,12.0,12.0,-0.2939191492838509,5.401842413301083,0.6149997711181641
2019-08-28,11.850000381469728,12.0,11.399999618530272,11.550000190734863,11.550000190734863,-0.2909988346430855,-3.7499984105428097,-0.4499998092651367
2019-08-29,11.520000457763672,11.550000190734863,10.350000381469728,10.350000381469728,10.350000381469728,0.4127969937813645,-10.38960856665393,-1.199999809265135
2019-08-30,10.395000457763672,11.100000381469728,8.699999809265137,9.869999885559082,9.869999885559082,2.740287762471351,-4.637685779896417,-0.4800004959106463
2019-09-03,9.524999618530272,9.600000381469728,8.279999732971191,8.729999542236328,8.729999542236328,1.3239351617001547,-11.550155588053268,-1.140000343322754
2019-09-04,8.295000076293945,8.430000305175781,7.349999904632568,8.100000381469727,8.100000381469727,0.7223503457024919,-7.216485610550416,-0.6299991607666016
2019-09-05,8.670000076293945,8.670000076293945,7.53000020980835,8.399999618530273,8.399999618530273,0.21129528356855515,3.7036941102725374,0.2999992370605469
2019-09-06,9.75,11.550000190734863,8.640000343322754,8.699999809265137,8.699999809265137,5.14078639718047,3.5714310042713304,0.3000001907348633
2019-09-09,9.0,9.28499984741211,8.414999961853027,8.579999923706055,8.579999923706055,0.5150080062081518,-1.379309059654088,-0.11999988555908203
2019-09-10,8.550000190734863,9.75,8.265000343322754,9.329999923706056,9.329999923706056,2.9534707312472213,8.74125881898664,0.7500000000000018
2019-09-11,9.449999809265137,9.585000038146973,8.71500015258789,8.850000381469727,8.850000381469727,0.7690753799547375,-5.14468966946856,-0.4799995422363299
2019-09-12,9.0,9.0,8.444999694824219,8.640000343322754,8.640000343322754,0.7048284578578998,-2.3728816846909306,-0.21000003814697266
2019-09-13,8.9399995803833,8.9399995803833,8.100000381469727,8.505000114440918,8.505000114440918,0.293064093509985,-1.562502587007053,-0.13500022888183594
2019-09-16,8.550000190734863,8.850000381469727,8.34000015258789,8.414999961853027,8.414999961853027,0.383593847373711,-1.0582028380584751,-0.09000015258789062
2019-09-17,8.399999618530273,8.53499984741211,8.114999771118164,8.25,8.25,0.19085308108319768,-1.9607838692930146,-0.16499996185302734
2019-09-18,8.399999618530273,8.489999771118164,7.949999809265137,7.949999809265137,7.949999809265137,0.23465780069467798,-3.6363659483013677,-0.3000001907348633
2019-09-19,8.055000305175781,8.114999771118164,7.650000095367432,7.755000114440918,7.755000114440918,0.1645702493163095,-2.452826408837905,-0.19499969482421875
2019-09-20,8.100000381469727,8.100000381469727,7.574999809265137,8.069999694824219,8.069999694824219,0.07112018081181821,4.061890080397634,0.3149995803833008
2019-09-23,8.069999694824219,8.15999984741211,7.664999961853027,7.769999980926514,7.769999980926514,-0.13622215868252183,-3.7174687142815244,-0.2999997138977051
2019-09-24,7.949999809265137,7.949999809265137,7.5,7.574999809265137,7.574999809265137,0.07112018081181821,-2.5096547250972434,-0.19500017166137695
2019-09-25,7.635000228881836,8.100000381469727,7.514999866485596,7.920000076293945,7.920000076293945,-0.10993932691563366,4.554459085356433,0.3450002670288086
2019-09-27,8.14499568939209,8.549995422363281,8.099995613098145,8.354995727539062,8.354995727539062,4.983089406579142,5.492369280994591,0.4349956512451172
2019-10-01,7.799995899200439,8.159996032714844,7.799995899200439,7.874996185302734,7.874996185302734,1.7473807846111307,-5.745060295533033,-0.4799995422363281
2019-10-02,7.499996185302734,8.399995803833008,7.499996185302734,8.219995498657227,8.219995498657227,4.6676954253764835,4.3809457838007715,0.3449993133544922
2019-10-03,8.204999923706055,8.3100004196167,7.829999923706055,8.100000381469727,8.100000381469727,-0.25303474431313594,-1.459795412383158,-0.1199951171875
2019-10-04,8.010000228881836,8.3100004196167,7.800000190734863,7.949999809265137,7.949999809265137,-0.36400670066221935,-1.8518588288927051,-0.15000057220458984
2019-10-07,8.024999618530273,8.25,7.724999904632568,7.755000114440918,7.755000114440918,-0.1391424733232872,-2.452826408837905,-0.19499969482421875
2019-10-08,7.650000095367432,7.815000057220459,7.170000076293945,7.244999885559082,7.244999885559082,-0.11285964155639902,-6.576405175444711,-0.5100002288818359
2019-10-09,7.244999885559082,7.514999866485596,7.244999885559082,7.440000057220459,7.440000057220459,-0.3990504763514036,2.6915137990554783,0.19500017166137695
2019-10-10,7.440000057220459,7.5,7.335000038146973,7.349999904632568,7.349999904632568,-0.4048911056329343,-1.2096794609637973,-0.09000015258789062
2019-10-11,7.409999847412109,7.860000133514404,7.409999847412109,7.860000133514404,7.860000133514404,-0.4136520495552304,6.938778714274441,0.5100002288818359
2019-10-14,8.25,8.25,7.545000076293945,7.755000114440918,7.755000114440918,-0.4019707909921689,-1.3358780825686645,-0.10500001907348633
2019-10-15,8.100000381469727,9.0,7.724999904632568,7.949999809265137,7.949999809265137,1.1487162832542335,2.514502797506113,0.19499969482421875
2019-10-16,8.024999618530273,8.024999618530273,7.650000095367432,7.800000190734863,7.800000190734863,-0.3231222956915044,-1.886787699736292,-0.14999961853027344
2019-10-17,8.25,9.885000228881836,7.664999961853027,8.670000076293945,8.670000076293945,2.3723281177349165,11.153844413907855,0.869999885559082
2019-10-18,8.670000076293945,9.869999885559082,8.399999618530273,9.869999885559082,9.869999885559082,0.9705770901675469,13.840828128090221,1.1999998092651367
2019-10-21,9.899999618530272,10.800000190734863,9.885000228881836,10.59000015258789,10.59000015258789,0.7486331774693801,7.294835616789119,0.7200002670288086
2019-10-22,10.949999809265137,10.949999809265137,9.300000190734863,9.614999771118164,9.614999771118164,0.24341874461697402,-9.206802336366959,-0.9750003814697266
2019-10-23,9.600000381469728,9.600000381469728,9.149999618530272,9.300000190734863,9.300000190734863,-0.02525020233343843,-3.276126759040665,-0.3149995803833008
2019-10-24,9.300000190734863,9.600000381469728,8.850000381469727,8.925000190734863,8.925000190734863,-0.18002687829400213,-4.032257981818043,-0.375
2019-10-25,8.925000190734863,9.449999809265137,8.789999961853027,8.895000457763672,8.895000457763672,-0.27347694679849344,-0.33613145467866756,-0.029999732971191406
2019-10-28,9.55500030517578,11.774999618530272,9.149999618530272,10.604999542236328,10.604999542236328,2.0189700462023086,19.224272023281873,1.7099990844726562
2019-10-29,10.800000190734863,10.949999809265137,9.56999969482422,10.5,10.5,0.3514703863252921,-0.9900947361491941,-0.10499954223632812
2019-10-30,10.619999885559082,10.619999885559082,9.600000381469728,9.824999809265137,9.824999809265137,0.3514703863252921,-6.428573245093938,-0.6750001907348633
2019-10-31,11.175000190734863,11.399999618530272,9.449999809265137,9.75,9.75,1.2246444639141325,-0.763356852123398,-0.07499980926513672
2019-11-01,9.600000381469728,9.720000267028809,9.149999618530272,9.449999809265137,9.449999809265137,0.23757811533544332,-3.0769250331780795,-0.3000001907348633
2019-11-04,9.600000381469728,9.675000190734863,9.0,9.149999618530272,9.149999618530272,0.284303149587689,-3.1746052570364447,-0.30000019073486506
2019-11-05,9.600000381469728,10.154999732971191,9.300000190734863,9.449999809265137,9.449999809265137,-0.019409573051907724,3.2786907458150605,0.30000019073486506
2019-11-06,9.600000381469728,9.600000381469728,9.149999618530272,9.149999618530272,9.149999618530272,-0.051533034100326607,-3.1746052570364447,-0.30000019073486506
2019-11-07,9.149999618530272,9.300000190734863,9.149999618530272,9.149999618530272,9.149999618530272,-0.23551285646854384,0.0,0.0
2019-11-08,9.149999618530272,9.270000457763672,8.850000381469727,9.09000015258789,9.09000015258789,0.42447825234442593,-0.6557318955606517,-0.059999465942381036
2019-11-11,9.300000190734863,9.300000190734863,8.925000190734863,9.0,9.0,-0.1011783829933376,-0.9901006719154726,-0.09000015258789062
2019-11-12,9.0,9.300000190734863,8.864999771118164,9.239999771118164,9.239999771118164,-0.0953377537118069,2.6666641235351562,0.23999977111816406
2019-11-13,9.600000381469728,9.600000381469728,8.864999771118164,8.925000190734863,8.925000190734863,-0.1946284514978289,-3.4090864522303033,-0.3149995803833008
2019-11-14,9.149999618530272,9.149999618530272,8.010000228881836,8.265000343322754,8.265000343322754,0.4303188816259566,-7.394956115488515,-0.6599998474121094
2019-11-15,8.399999618530273,8.9399995803833,8.100000381469727,8.324999809265137,8.324999809265137,-0.3260426103322698,0.7259463212346606,0.05999946594238281
2019-11-18,8.175000190734863,8.279999732971191,7.800000190734863,7.84499979019165,7.84499979019165,-0.06905492194491872,-5.7657661269767235,-0.48000001907348633
2019-11-19,7.949999809265137,8.25,7.84499979019165,8.024999618530273,8.024999618530273,-0.19754876613859426,2.2944529401220715,0.17999982833862305
2019-11-20,8.069999694824219,8.234999656677246,7.949999809265137,7.949999809265137,7.949999809265137,-0.17418624901247143,-0.9345771069191988,-0.07499980926513672
2019-11-21,8.25,8.25,7.724999904632568,7.875,7.875,-0.33188323961380045,-0.943393849868146,-0.07499980926513672
2019-11-22,7.949999809265137,8.399999618530273,7.949999809265137,8.175000190734863,8.175000190734863,-0.2822378907207895,3.809526231553817,0.3000001907348633
2019-11-25,8.279999732971191,8.385000228881836,8.100000381469727,8.1899995803833,8.1899995803833,-0.3581660713806887,0.1834787681771255,0.0149993896484375
2019-11-26,8.25,9.149999618530272,8.175000190734863,8.399999618530273,8.399999618530273,1.1983616321472443,2.564103161250042,0.21000003814697266
2019-11-27,8.399999618530273,8.399999618530273,8.024999618530273,8.039999961853027,8.039999961853027,-0.15958467580864466,-4.285710393165876,-0.3599996566772461
2019-11-29,8.399999618530273,8.609999656677246,8.100000381469727,8.609999656677246,8.609999656677246,-0.2909988346430855,7.089548476724716,0.5699996948242188
2019-12-02,9.149999618530272,9.149999618530272,8.25,8.385000228881836,8.385000228881836,-0.2822378907207895,-2.6132338765068153,-0.22499942779541016
2019-12-03,8.399999618530273,8.864999771118164,8.295000076293945,8.475000381469727,8.475000381469727,0.1645702493163095,1.0733470498651698,0.09000015258789062
2019-12-04,8.414999961853027,8.6850004196167,8.25,8.25,8.25,-0.3056004078469123,-2.6548716382559845,-0.22500038146972656
2019-12-05,8.25,8.699999809265137,8.25,8.399999618530273,8.399999618530273,-0.3552457567399233,1.8181771943063474,0.14999961853027344
2019-12-06,8.369999885559082,8.369999885559082,8.069999694824219,8.069999694824219,8.069999694824219,-0.11577995619716437,-3.928570698718603,-0.3299999237060547
2019-12-09,8.1899995803833,8.5649995803833,7.800000190734863,8.399999618530273,8.399999618530273,-0.12162058547869507,4.0892185400911885,0.3299999237060547
2019-12-10,8.699999809265137,8.699999809265137,8.295000076293945,8.550000190734863,8.550000190734863,-0.26179568823543203,1.7857211787687621,0.15000057220458984
2019-12-11,8.850000381469727,8.850000381469727,8.399999618530273,8.625,8.625,-0.37568795922528075,0.8771907320705097,0.07499980926513672
2019-12-12,8.850000381469727,9.149999618530272,8.475000381469727,8.760000228881836,8.760000228881836,0.5062470622858558,1.5652200450067877,0.13500022888183594
2019-12-13,8.850000381469727,9.0,8.699999809265137,8.760000228881836,8.760000228881836,-0.2501144296723706,0.0,0.0
2019-12-16,8.699999809265137,8.850000381469727,8.25,8.774999618530273,8.774999618530273,-0.22383159790548243,0.1712259047549347,0.0149993896484375
2019-12-17,8.850000381469727,8.850000381469727,8.385000228881836,8.53499984741211,8.53499984741211,-0.4253333081182918,-2.7350402456013057,-0.23999977111816406
2019-12-18,8.699999809265137,8.699999809265137,8.100000381469727,8.100000381469727,8.100000381469727,-0.1011783829933376,-5.096654642287768,-0.4349994659423828
2019-12-20,6.150000095367432,6.300000190734863,5.849999904632568,5.849999904632568,5.849999904632568,3.131609924333908,-27.777782356460833,-2.250000476837158
2019-12-23,6.0,6.164999961853027,5.474999904632568,5.550000190734863,5.550000190734863,3.239661566042226,-5.128200321168174,-0.2999997138977051
2019-12-24,5.579999923706055,5.849999904632568,5.519999980926514,5.699999809265137,5.699999809265137,0.731111289624788,2.7026957364917115,0.14999961853027344
2019-12-26,5.699999809265137,5.849999904632568,5.474999904632568,5.670000076293945,5.670000076293945,1.5780025354467402,-0.5263111223693051,-0.029999732971191406
2019-12-27,5.699999809265137,6.0,5.25,5.25,5.25,2.9184269555580373,-7.407408653307601,-0.4200000762939453
2019-12-30,5.699999809265137,6.045000076293945,5.28000020980835,6.014999866485596,6.014999866485596,3.3739960395174324,14.571426028297063,0.7649998664855957
2019-12-31,6.014999866485596,6.150000095367432,5.849999904632568,5.864999771118164,5.864999771118164,1.2129632053510713,-2.493767226882293,-0.15000009536743164
2020-01-02,6.150000095367432,6.150000095367432,5.684999942779541,6.0,6.0,3.172494329304623,2.3017942736611285,0.13500022888183594
2020-01-03,5.925000190734863,6.059999942779541,5.684999942779541,5.699999809265137,5.699999809265137,3.347713207750544,-5.000003178914392,-0.3000001907348633
2020-01-06,5.849999904632568,6.375,5.670000076293945,6.105000019073486,6.105000019073486,4.323098297766172,7.105267076501254,0.4050002098083496
2020-01-07,6.150000095367432,6.554999828338623,5.880000114440918,5.985000133514404,5.985000133514404,2.170826407522107,-1.965600084916852,-0.11999988555908203
2020-01-08,5.894999980926514,6.239999771118164,5.775000095367432,6.135000228881836,6.135000228881836,1.5926041086505671,2.5062672016909593,0.15000009536743164
2020-01-09,6.0,6.074999809265137,5.849999904632568,5.925000190734863,5.925000190734863,0.8187207288477485,-3.422983379174982,-0.21000003814697266
2020-01-10,6.375,6.375,5.550000190734863,5.550000190734863,5.550000190734863,4.3815045905814785,-6.329113720306722,-0.375
2020-01-13,5.625,5.775000095367432,5.204999923706055,5.25,5.25,3.1491318121785,-5.405408656303868,-0.3000001907348633
2020-01-14,5.400000095367432,5.925000190734863,5.324999809265137,5.835000038146973,5.835000038146973,3.3827569834397284,11.142857869466138,0.5850000381469727
2020-01-15,5.849999904632568,5.940000057220459,5.625,5.744999885559082,5.744999885559082,1.858352740960214,-1.5424190574036767,-0.09000015258789062
2020-01-16,5.849999904632568,6.090000152587891,5.684999942779541,5.744999885559082,5.744999885559082,1.4903930962237797,0.0,0.0
2020-01-17,5.699999809265137,5.804999828338623,5.385000228881836,5.474999904632568,5.474999904632568,2.0832169682991464,-4.699738665011976,-0.26999998092651367
2020-01-21,5.699999809265137,5.775000095367432,5.534999847412109,5.775000095367432,5.775000095367432,1.1224334514873453,5.479455633981356,0.3000001907348633
2020-01-22,5.684999942779541,5.849999904632568,5.684999942779541,5.744999885559082,5.744999885559082,0.8917285948668824,-0.5194841439468578,-0.03000020980834961
2020-01-23,5.699999809265137,5.730000019073486,5.59499979019165,5.610000133514404,5.610000133514404,0.38067353273294563,-2.349865182487121,-0.13499975204467773
2020-01-24,5.699999809265137,5.715000152587891,5.400000095367432,5.625,5.625,0.4887251744412637,0.2673772928450724,0.014999866485595703
2020-01-27,5.550000190734863,5.610000133514404,5.429999828338623,5.445000171661377,5.445000171661377,0.1762515078793709,-3.1999969482421897,-0.17999982833862305
2020-01-28,5.550000190734863,6.150000095367432,5.400000095367432,6.105000019073486,6.105000019073486,5.021053496909091,12.121208936724992,0.6599998474121094
2020-01-29,6.300000190734863,6.525000095367432,6.150000095367432,6.300000190734863,6.300000190734863,4.772826752444036,3.1941059959402107,0.19500017166137695
2020-01-30,5.835000038146973,5.909999847412109,5.264999866485596,5.849999904632568,5.849999904632568,6.744039134960649,-7.142861467910599,-0.4500002861022949
2020-01-31,5.849999904632568,5.849999904632568,5.414999961853027,5.519999980926514,5.519999980926514,0.780756638517799,-5.641024428816321,-0.3299999237060547
2020-02-03,5.550000190734863,5.820000171661377,5.429999828338623,5.474999904632568,5.474999904632568,0.5383705233342747,-0.8152187762578977,-0.04500007629394531
2020-02-04,5.550000190734863,6.0,5.474999904632568,5.610000133514404,5.610000133514404,2.784092482082831,2.4657576480979992,0.13500022888183594
2020-02-05,5.699999809265137,5.849999904632568,5.699999809265137,5.730000019073486,5.730000019073486,0.12368584434559457,2.1390353423023534,0.11999988555908203
2020-02-06,5.849999904632568,6.0,5.699999809265137,5.804999828338623,5.804999828338623,0.9647364608860162,1.3088971904971158,0.07499980926513672
2020-02-07,6.0,6.0,5.505000114440918,5.65500020980835,5.65500020980835,0.29014377886921966,-2.58397283317755,-0.14999961853027344
2020-02-10,5.849999904632568,5.849999904632568,5.429999828338623,5.489999771118164,5.489999771118164,0.23757811533544332,-2.917779532598419,-0.16500043869018555
2020-02-11,5.730000019073486,5.730000019073486,5.429999828338623,5.489999771118164,5.489999771118164,-0.1449831026048179,0.0,0.0
2020-02-12,5.550000190734863,5.699999809265137,5.460000038146973,5.519999980926514,5.519999980926514,0.001032629433449745,0.5464519318593597,0.03000020980834961
2020-02-13,5.59499979019165,5.59499979019165,5.474999904632568,5.489999771118164,5.489999771118164,-0.09241743907104155,-0.5434820636233795,-0.03000020980834961
2020-02-14,5.489999771118164,5.550000190734863,5.474999904632568,5.505000114440918,5.505000114440918,0.02731546120033792,0.2732303087090715,0.015000343322753906
2020-02-18,5.550000190734863,5.699999809265137,5.519999980926514,5.534999847412109,5.534999847412109,0.050677978326460746,0.5449542660770357,0.029999732971191406
2020-02-19,5.625,5.625,5.489999771118164,5.565000057220459,5.565000057220459,0.2580203178208008,0.542009225571638,0.03000020980834961
2020-02-20,5.625,5.715000152587891,5.550000190734863,5.639999866485596,5.639999866485596,0.03315609048186863,1.3477054536203736,0.07499980926513672
2020-02-21,5.670000076293945,5.849999904632568,5.625,5.699999809265137,5.699999809265137,0.5383705233342747,1.0638287978706584,0.059999942779541016
2020-02-24,5.474999904632568,5.699999809265137,5.474999904632568,5.579999923706055,5.579999923706055,0.40111573521830307,-2.105261220606125,-0.11999988555908203
2020-02-25,6.059999942779541,6.375,5.550000190734863,5.789999961853027,5.789999961853027,4.743623606036382,3.763441595309147,0.21000003814697266
2020-02-26,5.849999904632568,5.849999904632568,5.474999904632568,5.579999923706055,5.579999923706055,0.9559755169637201,-3.6269436879195482,-0.21000003814697266
2020-02-27,5.489999771118164,5.505000114440918,4.574999809265137,5.054999828338623,5.054999828338623,1.7649026724557229,-9.40860398827288,-0.5250000953674316
2020-02-28,4.949999809265137,4.949999809265137,4.199999809265137,4.485000133514404,4.485000133514404,2.585511086510787,-11.27595873750118,-0.5699996948242188
2020-03-02,4.514999866485596,5.175000190734863,4.514999866485596,4.980000019073486,4.980000019073486,0.5734142990234589,11.036786417466725,0.49499988555908203
2020-03-03,5.235000133514404,5.400000095367432,4.679999828338623,4.815000057220459,4.815000057220459,3.7069119085646824,-3.313252233354913,-0.16499996185302734
2020-03-04,4.949999809265137,5.099999904632568,4.724999904632568,4.889999866485596,4.889999866485596,0.1587296200347788,1.5576284189793288,0.07499980926513672
2020-03-05,4.949999809265137,4.965000152587891,4.590000152587891,4.769999980926514,4.769999980926514,0.3135062959953425,-2.4539854567588115,-0.11999988555908203
2020-03-06,4.619999885559082,4.949999809265137,4.619999885559082,4.829999923706055,4.829999923706055,0.284303149587689,1.2578604406595195,0.059999942779541016
2020-03-09,4.199999809265137,4.800000190734863,3.944999933242798,4.559999942779541,4.559999942779541,1.2158835199918365,-5.590061805204815,-0.26999998092651367
2020-03-10,4.784999847412109,4.860000133514404,4.349999904632568,4.380000114440918,4.380000114440918,0.1704108785978402,-3.9473647060816464,-0.17999982833862305
2020-03-11,4.349999904632568,4.349999904632568,3.839999914169312,3.930000066757202,3.930000066757202,1.1896006882249484,-10.273973422970005,-0.4500000476837158
2020-03-12,3.299999952316284,3.75,3.015000104904175,3.75,3.75,2.0686153950953194,-4.580154292611183,-0.18000006675720215
2020-03-13,3.75,3.900000095367432,3.0450000762939453,3.1050000190734863,3.1050000190734863,1.0757084172350997,-17.199999491373696,-0.6449999809265137
2020-03-16,3.0,3.0,2.25,2.789999961853028,2.789999961853028,0.9910192926529043,-10.14492931676222,-0.31500005722045854
2020-03-17,3.0,3.1050000190734863,2.7149999141693115,2.940000057220459,2.940000057220459,0.3689922741698842,5.376347577718454,0.1500000953674312
2020-03-18,2.8499999046325684,3.2850000858306885,2.775000095367432,2.984999895095825,2.984999895095825,0.6026174454311124,1.5306067006648272,0.04499983787536621
2020-03-19,2.8499999046325684,3.390000104904175,2.8499999046325684,3.3299999237060547,3.3299999237060547,0.42739856698519124,11.55779030937467,0.3450000286102295
2020-03-20,3.3299999237060547,3.509999990463257,3.164999961853028,3.2850000858306885,3.2850000858306885,0.059438922248756805,-1.3513465137045544,-0.04499983787536621
2020-03-23,3.150000095367432,3.299999952316284,3.075000047683716,3.075000047683716,3.075000047683716,-0.11577995619716437,-6.392695058145459,-0.21000003814697266
2020-03-25,3.200000047683716,3.390000104904175,2.799999952316284,2.8299999237060547,2.8299999237060547,6.606784346844678,-7.967483583039636,-0.24500012397766113
2020-03-26,2.8499999046325684,3.039999961853028,2.5,2.539999961853028,2.539999961853028,4.6852173132210755,-10.24734875163016,-0.2899999618530269
2020-03-31,2.970000028610229,3.0,2.549999952316284,2.8299999237060547,2.8299999237060547,3.1228489804116117,11.417321504267308,0.2899999618530269
2020-04-01,2.759999990463257,2.9100000858306885,2.5999999046325684,2.759999990463257,2.759999990463257,2.670200211092982,-2.4734959409867696,-0.06999993324279785
