Date,Open,High,Low,Close,Adj Close,Volume,Daily_Return,Adj Close Diff
2015-07-23,18.600000381469727,18.600000381469727,17.0,17.0,17.0,-1.525062497996899,,
2015-07-24,17.0,17.0,17.0,17.0,17.0,-1.615968446567289,0.0,0.0
2015-07-27,20.950000762939453,21.200000762939453,20.049999237060547,20.850000381469727,20.850000381469727,-1.6134432813292225,22.64706106746899,3.8500003814697266
2015-07-28,21.0,21.0,19.364999771118164,21.0,21.0,-1.6144052490389622,0.7194226176781449,0.14999961853027344
2015-07-29,20.950000762939453,21.00200080871582,19.26000022888184,21.00200080871582,21.00200080871582,-1.6139242651840924,0.009527660551533756,0.0020008087158203125
2015-07-30,21.0,21.0,21.0,21.0,21.0,-1.6152469707849844,-0.00952675287484439,-0.0020008087158203125
2015-07-31,21.0,21.0,19.700000762939453,19.700000762939453,19.700000762939453,-1.6142850030752447,-6.19047255743117,-1.2999992370605469
2015-08-03,26.8799991607666,26.8799991607666,20.0,23.450000762939453,23.450000762939453,-1.228054967614805,19.035532257717836,3.75
2015-08-04,24.25,25.86000061035156,19.239999771118164,21.149999618530277,21.149999618530277,0.20780208513523032,-9.808106906521363,-2.300001144409176
2015-08-05,21.0,21.36000061035156,20.1299991607666,20.559999465942383,20.559999465942383,-0.7832651478239682,-2.789598880517108,-0.5900001525878942
2015-08-06,20.5,20.649999618530277,17.283000946044922,18.600000381469727,18.600000381469727,-1.2233653750298243,-9.533069724633958,-1.9599990844726562
2015-08-07,18.34000015258789,19.57999992370605,17.670000076293945,19.299999237060547,19.299999237060547,-0.8960558617909335,3.7634346302927835,0.6999988555908203
2015-08-10,19.43000030517578,19.690000534057617,18.81999969482422,19.01000022888184,19.01000022888184,-1.3046516465028186,-1.5025855940027255,-0.2899990081787074
2015-08-11,18.790000915527344,19.940000534057617,18.790000915527344,19.559999465942383,19.559999465942383,-0.7245851175298541,2.893210049650241,0.5499992370605433
2015-08-12,19.46999931335449,19.5,18.690000534057617,19.3700008392334,19.3700008392334,-1.071855460745841,-0.9713631487557439,-0.18999862670898438
2015-08-13,19.799999237060547,20.780000686645508,19.3799991607666,20.600000381469727,20.600000381469727,-1.0249595348960368,6.350023174727992,1.2299995422363281
2015-08-14,19.950000762939453,20.88999938964844,19.21999931335449,20.32999992370605,20.32999992370605,-0.9829936935586477,-1.3106818095331096,-0.2700004577636754
2015-08-17,19.93000030517578,21.70499992370605,19.93000030517578,21.06999969482422,21.06999969482422,-0.9397051466203669,3.6399398617571244,0.7399997711181676
2015-08-18,21.280000686645508,21.57999992370605,21.100000381469727,21.440000534057617,21.440000534057617,-1.1592742763684252,1.756055266219514,0.37000083923339844
2015-08-19,21.07999992370605,21.809999465942383,20.309999465942383,21.38999938964844,21.38999938964844,-1.255831785233535,-0.23321428714402348,-0.050001144409176135
2015-08-20,21.13999938964844,21.899999618530277,20.43000030517578,21.200000762939453,21.200000762939453,-0.7545263624954984,-0.8882591497451631,-0.18999862670898793
2015-08-21,20.950000762939453,21.36000061035156,20.61000061035156,21.25,21.25,-1.1536227160737051,0.23584544934522889,0.049999237060546875
2015-08-24,19.989999771118164,21.01000022888184,19.75,21.01000022888184,21.01000022888184,-1.1265673742372795,-1.1294106876148735,-0.2399997711181605
2015-08-25,21.01000022888184,21.36000061035156,19.770000457763672,20.399999618530277,20.399999618530277,-0.9736145083886869,-2.9033822165932754,-0.6100006103515625
2015-08-26,20.0,20.940000534057617,20.0,20.40999984741211,20.40999984741211,-1.163001901243666,0.049020730729565365,0.010000228881832385
2015-08-27,20.26000022888184,20.86000061035156,20.26000022888184,20.399999618530277,20.399999618530277,-1.292627050131074,-0.048996712183224655,-0.010000228881832385
2015-08-28,20.200000762939453,20.2450008392334,18.81999969482422,19.920000076293945,19.920000076293945,-1.3727108619668937,-2.352938976529806,-0.4799995422363317
2015-08-31,19.520000457763672,19.950000762939453,19.440000534057617,19.739999771118164,19.739999771118164,-1.4181638362520885,-0.9036159863773929,-0.18000030517578125
2015-09-01,19.21999931335449,19.709999084472656,18.8700008392334,19.07999992370605,19.07999992370605,-1.3736728296766332,-3.3434643113713025,-0.6599998474121129
2015-09-02,18.979999542236328,20.18000030517578,18.1299991607666,18.709999084472656,18.709999084472656,-1.032054046755366,-1.9392077605497549,-0.3700008392333949
2015-09-03,18.489999771118164,19.46500015258789,18.302000045776367,19.309999465942383,19.309999465942383,-1.249098011265358,3.2068434571312476,0.6000003814697266
2015-09-04,19.06999969482422,19.440000534057617,18.649999618530277,19.06999969482422,19.06999969482422,-1.1839246989305017,-1.2428781862032556,-0.23999977111816406
2015-09-08,18.959999084472656,19.5,17.209999084472656,17.770000457763672,17.770000457763672,-0.9433125255318903,-6.816986145067316,-1.2999992370605469
2015-09-09,17.5,18.989999771118164,17.393999099731445,18.790000915527344,18.790000915527344,-1.0534578282970717,5.740013683106215,1.0200004577636719
2015-09-10,18.530000686645508,18.780000686645508,18.15999984741211,18.350000381469727,18.350000381469727,-1.40349382867856,-2.3416738297975193,-0.4400005340576172
2015-09-11,17.899999618530273,18.59000015258789,17.65999984741211,17.709999084472656,17.709999084472656,-0.8978595512466953,-3.4877454152173137,-0.6400012969970703
2015-09-14,17.719999313354492,17.81999969482422,17.350000381469727,17.56999969482422,17.56999969482422,-1.1443637768674617,-0.7905104284911202,-0.1399993896484375
2015-09-15,17.65999984741211,17.829999923706055,17.329999923706055,17.3799991607666,17.3799991607666,-1.0947021938521562,-1.0813917891733804,-0.1900005340576172
2015-09-16,17.31999969482422,17.510000228881836,16.950000762939453,16.969999313354492,16.969999313354492,-1.2250488185218686,-2.3590326076518897,-0.4099998474121094
2015-09-17,16.969999313354492,17.4950008392334,16.969999313354492,17.25,17.25,-1.1975124928305734,1.649974649233843,0.2800006866455078
2015-09-18,17.139999389648438,17.174999237060547,16.950000762939453,17.079999923706055,17.079999923706055,-1.1822412554384576,-0.9855076886605474,-0.1700000762939453
2015-09-21,17.079999923706055,17.200000762939453,16.959999084472656,17.049999237060547,17.049999237060547,-1.220599717864323,-0.1756480490604062,-0.030000686645507812
2015-09-22,16.889999389648438,16.989999771118164,16.739999771118164,16.809999465942383,16.809999465942383,-1.325694690153372,-1.4076233540028071,-0.23999977111816406
2015-09-23,16.770000457763672,16.940000534057617,16.65999984741211,16.780000686645508,16.780000686645508,-1.2088156134200132,-0.17845794318823716,-0.029998779296875
2015-09-24,16.950000762939453,17.010000228881836,16.780000686645508,16.940000534057617,16.940000534057617,-1.1916204406084183,0.9535151422219279,0.15999984741210938
2015-09-25,16.889999389648438,17.125,16.760000228881836,16.979999542236328,16.979999542236328,-1.0366233933766291,0.23612164650346212,0.03999900817871094
2015-09-28,16.8700008392334,17.010000228881836,16.65999984741211,16.920000076293945,16.920000076293945,-1.1509773048719212,-0.3533537547697807,-0.05999946594238281
2015-09-29,16.829999923706055,16.989999771118164,16.65999984741211,16.84000015258789,16.84000015258789,-1.4744389472718538,-0.4728127857288822,-0.07999992370605469
2015-09-30,16.81999969482422,17.0,16.75,16.950000762939453,16.950000762939453,-1.2007591338509445,0.6532102693280528,0.1100006103515625
2015-10-01,16.8799991607666,16.979999542236328,16.540000915527344,16.540000915527344,16.540000915527344,-1.2970761507886195,-2.418878046947104,-0.4099998474121094
2015-10-02,16.479999542236328,16.649999618530273,15.59000015258789,15.760000228881836,15.760000228881836,-1.1613184577516218,-4.715844277331705,-0.7800006866455078
2015-10-05,15.68000030517578,15.960000038146973,15.489999771118164,15.59000015258789,15.59000015258789,-1.293468771877096,-1.0786806714786823,-0.1700000762939453
2015-10-06,15.510000228881836,15.550000190734863,15.270000457763672,15.279999732971191,15.279999732971191,-1.0997525243282888,-1.988456809381367,-0.3100004196166992
2015-10-07,15.399999618530272,15.5600004196167,15.15999984741211,15.229999542236328,15.229999542236328,-1.0895316174123058,-0.3272263848733803,-0.05000019073486328
2015-10-08,15.359999656677246,15.817999839782717,15.0,15.18000030517578,15.18000030517578,-0.7800185068035972,-0.3282944094770923,-0.04999923706054865
2015-10-09,14.90999984741211,15.390000343322754,14.850000381469728,15.140000343322754,15.140000343322754,-1.1120176126274683,-0.26350435473566636,-0.03999996185302557
2015-10-12,15.15999984741211,15.359999656677246,14.706000328063965,14.75,14.75,-1.4710720602877654,-2.575959937112926,-0.3900003433227539
2015-10-13,14.649999618530272,14.93000030517578,14.649999618530272,14.6899995803833,14.6899995803833,-1.4081834212635405,-0.40678250587592446,-0.06000041961669922
2015-10-14,14.760000228881836,14.829999923706056,14.399999618530272,14.449999809265137,14.449999809265137,-1.4352387630999661,-1.6337629542117482,-0.23999977111816406
2015-10-15,14.4399995803833,14.779999732971191,14.399999618530272,14.75,14.75,-1.416961376614914,2.0761259148426303,0.3000001907348633
2015-10-16,14.779999732971191,14.800000190734863,14.390000343322754,14.470000267028809,14.470000267028809,-1.3954373491094911,-1.8983032743809636,-0.2799997329711914
2015-10-19,14.40999984741211,14.40999984741211,13.970000267028809,14.119999885559082,14.119999885559082,-0.9158964458043123,-2.4188001037376172,-0.35000038146972656
2015-10-20,14.170000076293944,14.600000381469728,13.989999771118164,14.279999732971191,14.279999732971191,-0.5883464406379866,1.1331434044538957,0.15999984741210938
2015-10-21,14.210000038146973,14.6899995803833,14.170000076293944,14.5,14.5,-0.9831139395223653,1.5406181452570333,0.2200002670288086
2015-10-22,14.699999809265137,15.029999732971191,14.369999885559082,14.600000381469728,14.600000381469728,-0.7560895600238252,0.6896578032395073,0.10000038146972834
2015-10-23,14.65999984741211,14.989999771118164,14.65999984741211,14.869999885559082,14.869999885559082,-1.4019306311502333,1.849311623525951,0.2699995040893537
2015-10-26,14.789999961853027,15.020000457763672,14.71500015258789,14.829999923706056,14.829999923706056,-0.890524547459931,-0.2689977280488809,-0.03999996185302557
2015-10-27,14.789999961853027,14.789999961853027,14.510000228881836,14.550000190734863,14.550000190734863,-1.3398837138720305,-1.8880629427624473,-0.2799997329711932
2015-10-28,14.630000114440918,14.920000076293944,14.550000190734863,14.699999809265137,14.699999809265137,-1.4551995930770623,1.030925199752164,0.14999961853027344
2015-10-29,14.600000381469728,14.989999771118164,14.460000038146973,14.510000228881836,14.510000228881836,-1.3953171031457736,-1.2925141690379283,-0.18999958038330078
2015-10-30,14.460000038146973,14.6899995803833,14.25,14.34000015258789,14.34000015258789,-1.1349845916975008,-1.1716062964324703,-0.1700000762939453
2015-11-02,14.350000381469728,14.899999618530272,14.300000190734863,14.800000190734863,14.800000190734863,-1.266293184076953,3.2078105526655687,0.46000003814697266
2015-11-03,14.9399995803833,15.5,14.800000190734863,15.380000114440918,15.380000114440918,-1.2881779494735284,3.918918352914269,0.5799999237060547
2015-11-04,15.399999618530272,16.34000015258789,15.329999923706056,16.059999465942383,16.059999465942383,-1.0334969983199755,4.421322148515361,0.6799993515014648
2015-11-05,16.149999618530273,16.5,15.92099952697754,16.350000381469727,16.350000381469727,-1.0604320941926837,1.8057342787733743,0.29000091552734375
2015-11-06,16.25,16.3799991607666,15.829999923706056,16.06999969482422,16.06999969482422,-1.4179233443246537,-1.7125423860102518,-0.2800006866455078
2015-11-09,15.979999542236328,16.149999618530273,15.850000381469728,16.030000686645508,16.030000686645508,-1.3077780415594722,-0.24890484715810457,-0.03999900817871094
2015-11-10,16.020000457763672,16.729999542236328,15.970000267028809,16.540000915527344,16.540000915527344,-1.1776719088171945,3.181535914135769,0.5100002288818359
2015-11-11,18.200000762939453,19.378999710083008,17.850000381469727,17.950000762939453,17.950000762939453,0.03284420792634487,8.524786997372157,1.4099998474121094
2015-11-12,18.049999237060547,18.44499969482422,17.5,17.600000381469727,17.600000381469727,-1.1823615014021749,-1.949862766537347,-0.35000038146972656
2015-11-13,17.690000534057617,18.11000061035156,17.475000381469727,17.639999389648438,17.639999389648438,-1.2303396409254364,0.22726708699860598,0.03999900817871094
2015-11-16,17.549999237060547,18.26000022888184,17.459999084472656,18.190000534057617,18.190000534057617,-0.954014416302743,3.1179204276613026,0.5500011444091797
2015-11-17,18.040000915527344,18.809999465942383,17.975000381469727,18.200000762939453,18.200000762939453,-0.9614696660532247,0.054976517802241,0.010000228881835938
2015-11-18,18.13999938964844,18.420000076293945,17.895000457763672,18.07999992370605,18.07999992370605,-1.2551103094512304,-0.6593452428736102,-0.12000083923340199
2015-11-19,17.889999389648438,18.479999542236328,17.760000228881836,18.239999771118164,18.239999771118164,-1.341086173509205,0.884954911987168,0.15999984741211293
2015-11-20,18.309999465942383,19.0,18.239999771118164,18.809999465942383,18.809999465942383,-1.1413576277745254,3.1249983661007175,0.5699996948242188
2015-11-23,18.899999618530277,19.690000534057617,18.81999969482422,19.57999992370605,19.57999992370605,-0.8177757394108756,4.093569801306174,0.7700004577636683
2015-11-24,19.399999618530277,19.959999084472656,19.36000061035156,19.75,19.75,-0.9071184904529387,0.8682332837403495,0.17000007629394887
2015-11-25,19.68000030517578,20.190000534057617,19.68000030517578,19.81999969482422,19.81999969482422,-1.1952278195199417,0.3544288345530111,0.06999969482421875
2015-11-27,19.940000534057617,20.06999969482422,19.290000915527344,20.01000022888184,20.01000022888184,-1.481172721240031,0.9586303581389011,0.19000053405762074
2015-11-30,20.049999237060547,20.059999465942383,19.88999938964844,20.0,20.0,-1.3662175799261516,-0.049976155759390295,-0.01000022888183949
2015-12-01,20.059999465942383,20.059999465942383,19.86000061035156,20.0,20.0,-1.0989108025822667,0.0,0.0
2015-12-02,19.93000030517578,20.030000686645508,19.81999969482422,19.940000534057617,19.940000534057617,-1.4412510612858385,-0.2999973297119096,-0.05999946594238281
2015-12-03,19.90999984741211,20.100000381469727,19.549999237060547,19.809999465942383,19.809999465942383,-1.3735525837129157,-0.6519612067872882,-0.13000106811523438
2015-12-04,19.850000381469727,20.690000534057617,19.770000457763672,20.31999969482422,20.31999969482422,-0.5188442736093022,2.5744585695655076,0.5100002288818359
2015-12-07,20.200000762939453,20.770000457763672,19.5,20.299999237060547,20.299999237060547,-1.340003959835748,-0.09842745110260065,-0.020000457763671875
2015-12-08,20.1299991607666,20.809999465942383,19.96999931335449,20.780000686645508,20.780000686645508,-1.2933485259133786,2.364539249384068,0.48000144958496094
2015-12-09,20.809999465942383,20.86000061035156,19.88999938964844,20.11000061035156,20.11000061035156,-1.262806051129147,-3.224254351081579,-0.6700000762939489
2015-12-10,19.670000076293945,19.799999237060547,19.440000534057617,19.540000915527344,19.540000915527344,-0.030044431097879937,-2.834409137366256,-0.5699996948242152
2015-12-11,19.850000381469727,20.71999931335449,19.506000518798828,20.34000015258789,20.34000015258789,-0.7705190756699188,4.094161717386791,0.7999992370605469
2015-12-14,20.239999771118164,20.780000686645508,19.6200008392334,19.75,19.75,-1.0723364446007109,-2.9006890273441055,-0.5900001525878906
2015-12-15,19.75,20.31999969482422,19.5,20.229999542236328,20.229999542236328,-1.2870957358000714,2.4303774290447056,0.4799995422363281
2015-12-16,20.309999465942383,21.86000061035156,20.302000045776367,21.559999465942383,21.559999465942383,-1.0316933088642137,6.574394235300263,1.3299999237060547
2015-12-17,21.75,22.21999931335449,21.5,21.81999969482422,21.81999969482422,-0.899422748775022,1.205938011698704,0.26000022888183594
2015-12-18,21.950000762939453,21.96999931335449,20.700000762939453,21.040000915527344,21.040000915527344,-0.6818978004101603,-3.5746965637304506,-0.779998779296875
2015-12-21,21.049999237060547,21.399999618530277,20.8700008392334,21.0,21.0,-0.9896072215631073,-0.19011841153402376,-0.04000091552734375
2015-12-22,21.0,21.34000015258789,20.600000381469727,20.780000686645508,20.780000686645508,-1.1456864824683537,-1.04761577787853,-0.2199993133544922
2015-12-23,20.76000022888184,21.239999771118164,20.5,21.01000022888184,21.01000022888184,-1.1644448528082754,1.1068312542652725,0.22999954223633168
2015-12-24,20.950000762939453,20.979999542236328,20.57999992370605,20.780000686645508,20.780000686645508,-1.5278281551624002,-1.0947146108078454,-0.22999954223633168
2015-12-28,20.649999618530277,21.40999984741211,20.57999992370605,21.399999618530277,21.399999618530277,-1.2610023616733854,2.9836328748690466,0.6199989318847692
2015-12-29,21.5,22.0,21.229999542236328,22.0,22.0,-1.388944067068749,2.8037401503044013,0.600000381469723
2015-12-30,21.850000381469727,22.600000381469727,21.770000457763672,22.559999465942383,22.559999465942383,-1.260882115709668,2.545452117919922,0.5599994659423828
2015-12-31,22.34000015258789,22.573999404907227,21.86000061035156,22.020000457763672,22.020000457763672,-1.3496236369331438,-2.3936126815690684,-0.5399990081787109
2016-01-04,21.71999931335449,22.61000061035156,21.5,22.32999992370605,22.32999992370605,-1.104923100768139,1.4078086262395262,0.30999946594237926
2016-01-05,22.200000762939453,22.63999938964844,21.25,21.540000915527344,21.540000915527344,-1.1378704948267195,-3.5378370393097325,-0.7899990081787074
2016-01-06,21.200000762939453,22.170000076293945,21.049999237060547,21.63999938964844,21.63999938964844,-0.9797470525382767,0.4642454497251869,0.0999984741210973
2016-01-07,21.36000061035156,21.790000915527344,20.46999931335449,20.549999237060547,20.549999237060547,-0.9519702349195465,-5.036969423896098,-1.0900001525878942
2016-01-08,19.32999992370605,20.700000762939453,19.149999618530277,19.559999465942383,19.559999465942383,-0.7673926806132653,-4.817517313250141,-0.9899997711181641
2016-01-11,19.709999084472656,20.059999465942383,19.420000076293945,19.6299991607666,19.6299991607666,-0.9900882054179772,0.3578716602017362,0.06999969482421875
2016-01-12,20.36000061035156,20.729999542236328,19.200000762939453,19.57999992370605,19.57999992370605,-1.1224790114708862,-0.2547082995320804,-0.04999923706055043
2016-01-13,19.670000076293945,19.979999542236328,19.059999465942383,19.6200008392334,19.6200008392334,-1.3246124764799148,0.20429476855572393,0.0400009155273473
2016-01-14,19.43000030517578,19.6200008392334,18.649999618530277,19.31999969482422,19.31999969482422,-1.1479711557789851,-1.5290577552335205,-0.3000011444091797
2016-01-15,19.13999938964844,19.56999969482422,18.38999938964844,19.40999984741211,19.40999984741211,-1.0889303875937186,0.46583930646748595,0.09000015258789062
2016-01-19,19.440000534057617,19.950000762939453,18.709999084472656,18.989999771118164,18.989999771118164,-1.1143022859381,-2.163833485809852,-0.4200000762939453
2016-01-20,18.709999084472656,18.93099975585937,18.100000381469727,18.81999969482422,18.81999969482422,-1.2572747367981445,-0.8952084167610064,-0.1700000762939453
2016-01-21,18.920000076293945,19.229999542236328,18.59000015258789,18.809999465942383,18.809999465942383,-0.9834746774135176,-0.0531361798299379,-0.010000228881835938
2016-01-22,19.07999992370605,19.670000076293945,18.899999618530277,19.63999938964844,19.63999938964844,-1.238035382603353,4.412546237488546,0.8299999237060582
2016-01-25,19.549999237060547,19.76000022888184,19.350000381469727,19.450000762939453,19.450000762939453,-1.4119110461387814,-0.9674064797024817,-0.18999862670898793
2016-01-26,19.549999237060547,20.309999465942383,19.549999237060547,19.979999542236328,19.979999542236328,-1.1562681272754889,2.7249293496520055,0.529998779296875
2016-01-27,19.96999931335449,20.190000534057617,19.530000686645508,19.690000534057617,19.690000534057617,-1.241522515551159,-1.451446520635169,-0.28999900817871094
2016-01-28,19.700000762939453,20.049999237060547,18.989999771118164,19.600000381469727,19.600000381469727,-1.155787143420619,-0.45708557718024956,-0.09000015258789062
2016-01-29,19.63999938964844,20.209999084472656,19.5,19.729999542236328,19.729999542236328,-0.2702958666053391,0.6632610114105209,0.12999916076660156
2016-02-01,19.71999931335449,20.5,19.649999618530277,20.43000030517578,20.43000030517578,-0.8613047782765914,3.547900553372796,0.7000007629394531
2016-02-02,21.020000457763672,22.209999084472656,20.700000762939453,21.11000061035156,21.11000061035156,0.03236322407147508,3.328440014773304,0.6800003051757777
2016-02-03,21.5,22.0,20.600000381469727,21.780000686645508,21.780000686645508,-0.1409112096453661,3.1738515249753574,0.6700000762939489
2016-02-04,21.670000076293945,23.739999771118164,21.21999931335449,22.200000762939453,22.200000762939453,0.22367455234593334,1.9283749451462162,0.4200000762939453
2016-02-05,23.75,24.399999618530277,23.13999938964844,23.790000915527344,23.790000915527344,0.4990378092588871,7.162162603355515,1.5900001525878906
2016-02-08,23.5,23.670000076293945,22.5,23.559999465942383,23.559999465942383,-0.638489007508162,-0.9667988261187643,-0.23000144958496094
2016-02-09,23.38999938964844,24.3799991607666,22.88999938964844,23.0,23.0,-0.7491152941282132,-2.3769078040595915,-0.5599994659423828
2016-02-10,23.18000030517578,24.030000686645508,23.06999969482422,23.96999931335449,23.96999931335449,-0.8259524649436619,4.217388318932569,0.9699993133544886
2016-02-11,23.88999938964844,24.26000022888184,22.71999931335449,23.030000686645508,23.030000686645508,-1.051413646913875,-3.9215630105807975,-0.9399986267089808
2016-02-12,23.11000061035156,23.700000762939453,22.8799991607666,23.11000061035156,23.11000061035156,-1.0918162907229374,0.34737265011217655,0.07999992370605113
2016-02-16,23.51000022888184,23.90999984741211,23.1200008392334,23.809999465942383,23.809999465942383,-0.8860754468023855,3.0289867464446285,0.6999988555908239
2016-02-17,24.0,25.0,23.59000015258789,24.38999938964844,24.38999938964844,-0.4767581863081957,2.4359510151845454,0.5799999237060582
2016-02-18,24.51000022888184,24.75,24.190000534057617,24.38999938964844,24.38999938964844,-1.0350601958483023,0.0,0.0
2016-02-19,24.1299991607666,24.38999938964844,23.71999931335449,23.8700008392334,23.8700008392334,-0.9258768607928605,-2.1320154302084116,-0.5199985504150426
2016-02-22,24.549999237060547,24.57999992370605,23.93000030517578,24.200000762939453,24.200000762939453,-0.8000995827444108,1.3824881110337417,0.3299999237060547
2016-02-23,24.850000381469727,24.850000381469727,23.89299964904785,24.07999992370605,24.07999992370605,-1.0627167675033151,-0.49587122086861557,-0.12000083923340199
2016-02-24,24.040000915527344,24.57999992370605,23.38999938964844,24.26000022888184,24.26000022888184,-0.5124712375322775,0.7475095753575189,0.18000030517578836
2016-02-25,24.239999771118164,24.415000915527344,24.149999618530277,24.25,24.25,-1.1091317094982498,-0.04122105848100022,-0.01000022888183949
2016-02-26,24.26000022888184,24.5,23.979999542236328,24.0,24.0,-1.0759438235122343,-1.0309278350515427,-0.25
2016-02-29,24.420000076293945,24.420000076293945,23.8799991607666,24.030000686645508,24.030000686645508,-0.9258768607928605,0.12500286102294922,0.030000686645507812
2016-03-01,24.149999618530277,24.790000915527344,24.0,24.3799991607666,24.3799991607666,-0.34605082374733076,1.456506300957372,0.34999847412109375
2016-03-02,24.75,25.649999618530277,24.540000915527344,25.290000915527344,25.290000915527344,-0.13537989531436354,3.7325750044534756,0.9100017547607422
2016-03-03,24.989999771118164,25.100000381469727,24.190000534057617,24.459999084472656,24.459999084472656,-0.5611708528378435,-3.281936737871327,-0.8300018310546875
2016-03-04,25.600000381469727,26.229999542236328,24.51499938964844,24.989999771118164,24.989999771118164,-0.04519542252627826,2.166805831901919,0.5300006866455078
2016-03-07,24.59000015258789,25.43000030517578,24.299999237060547,24.559999465942383,24.559999465942383,-1.0603118482289662,-1.7206895122614085,-0.43000030517578125
2016-03-08,24.0,24.415000915527344,22.1299991607666,23.739999771118164,23.739999771118164,-0.40713577331579387,-3.338761045012728,-0.8199996948242188
2016-03-09,24.71999931335449,25.399999618530277,24.13999938964844,24.43000030517578,24.43000030517578,-0.9851581209055618,2.906489219503139,0.6900005340576172
2016-03-10,24.559999465942383,24.799999237060547,24.209999084472656,24.46999931335449,24.46999931335449,-1.0910948149406328,0.16372905312749264,0.039999008178707385
2016-03-11,25.200000762939453,25.440000534057617,24.450000762939453,25.3700008392334,25.3700008392334,-0.8230665618144432,3.6779793671172456,0.9000015258789098
2016-03-14,25.229999542236328,26.459999084472656,25.11000061035156,25.790000915527344,25.790000915527344,-0.7125605211581093,1.655498866379368,0.4200000762939453
2016-03-15,25.020000457763672,25.65999984741211,24.790000915527344,25.18000030517578,25.18000030517578,-0.9306866993415583,-2.3652601345364843,-0.6100006103515625
2016-03-16,24.989999771118164,25.5,24.82099914550781,25.25,25.25,-1.1563883732392064,0.2779971960914951,0.06999969482421875
2016-03-17,25.18000030517578,26.290000915527344,25.125,26.11000061035156,26.11000061035156,-0.8299205817463376,3.405943011293311,0.860000610351559
2016-03-18,26.06999969482422,26.34000015258789,25.690000534057617,26.07999992370605,26.07999992370605,-0.8886006120404518,-0.1149011334515726,-0.030000686645507812
2016-03-21,25.93000030517578,27.25,25.84000015258789,26.920000076293945,26.920000076293945,-0.8177757394108756,3.2208594902040533,0.8400001525878942
2016-03-22,26.799999237060547,27.11000061035156,26.63999938964844,26.84000015258789,26.84000015258789,-0.9406671143301064,-0.2971765359558898,-0.07999992370605469
2016-03-23,26.71999931335449,27.149999618530277,26.65999984741211,26.709999084472656,26.709999084472656,-1.166248542264037,-0.4843556906712565,-0.13000106811523438
2016-03-24,26.530000686645508,27.0,26.01000022888184,26.729999542236328,26.729999542236328,-0.9514892510646766,0.07488003912099472,0.020000457763671875
2016-03-28,26.899999618530277,27.14900016784668,26.200000762939453,26.21999931335449,26.21999931335449,-1.0897721093397408,-1.9079694635833588,-0.5100002288818395
2016-03-29,26.1200008392334,26.6299991607666,25.93000030517578,26.479999542236328,26.479999542236328,-1.209296597274883,0.9916103573252677,0.2600002288818395
2016-03-30,26.600000381469727,27.200000762939453,26.5,27.13999938964844,27.13999938964844,-0.7082316664642813,2.492446596758424,0.6599998474121129
2016-03-31,27.11000061035156,27.190000534057617,26.790000915527344,26.96999931335449,26.96999931335449,-1.1056445765504437,-0.6263820195913206,-0.17000007629395242
2016-04-01,26.86000061035156,26.959999084472656,26.489999771118164,26.57999992370605,26.57999992370605,-1.2874564736912237,-1.4460489417043698,-0.3899993896484375
2016-04-04,26.56999969482422,26.86000061035156,26.11000061035156,26.399999618530277,26.399999618530277,-1.2718244984079556,-0.6772020530189549,-0.18000030517577414
2016-04-05,26.350000381469727,26.59000015258789,25.93000030517578,26.239999771118164,26.239999771118164,-1.0944617019247211,-0.6060600368335223,-0.15999984741211293
2016-04-06,26.31999969482422,27.6200008392334,26.2549991607666,26.6200008392334,26.6200008392334,-0.9867213184338887,1.448174814900316,0.3800010681152344
2016-04-07,26.46999931335449,26.850000381469727,26.2810001373291,26.68000030517578,26.68000030517578,-0.9302057154866885,0.22539242693768724,0.05999946594238281
2016-04-08,26.700000762939453,27.90999984741211,26.59000015258789,27.459999084472656,27.459999084472656,-0.8301610736737726,2.9235336220950536,0.779998779296875
2016-04-11,27.540000915527344,27.6200008392334,27.07999992370605,27.200000762939453,27.200000762939453,-1.2696600710610415,-0.9468256744415537,-0.2599983215332031
2016-04-12,27.13999938964844,27.13999938964844,26.1299991607666,26.239999771118164,26.239999771118164,-1.1878928157331776,-3.529415312110251,-0.9600009918212891
2016-04-13,26.479999542236328,26.947999954223636,26.309999465942383,26.43000030517578,26.43000030517578,-1.2040057748713153,0.724087407450158,0.1900005340576172
2016-04-14,26.420000076293945,27.049999237060547,26.25,26.979999542236328,26.979999542236328,-1.3210050975683914,2.0809656856221936,0.5499992370605469
2016-04-15,26.899999618530277,27.01000022888184,26.059999465942383,26.920000076293945,26.920000076293945,-1.2830073730336782,-0.22238497761445375,-0.05999946594238281
2016-04-18,26.82999992370605,27.049999237060547,25.61000061035156,25.940000534057617,25.940000534057617,-0.9890059917445201,-3.6404143367715913,-0.9799995422363281
2016-04-19,25.8700008392334,26.13500022888184,24.01000022888184,24.81999969482422,24.81999969482422,0.09693530658774414,-4.317659275923713,-1.1200008392333984
2016-04-20,24.809999465942383,25.020000457763672,24.5,24.809999465942383,24.809999465942383,-0.9291235018132314,-0.04029101130054169,-0.010000228881835938
2016-04-21,24.809999465942383,25.280000686645508,24.799999237060547,25.049999237060547,25.049999237060547,-1.351066588497753,0.9673509725287133,0.23999977111816406
2016-04-22,25.0,25.75,25.0,25.6200008392334,25.6200008392334,-0.9822722177763431,2.2754555669987964,0.5700016021728516
2016-04-25,25.5,25.979999542236328,25.1200008392334,25.34000015258789,25.34000015258789,-1.1209158139425595,-1.0928988191785116,-0.2800006866455078
2016-04-26,25.3700008392334,25.700000762939453,24.670000076293945,24.770000457763672,24.770000457763672,-1.2261310321953256,-2.24940683264363,-0.5699996948242188
2016-04-27,24.8700008392334,25.8799991607666,24.638999938964844,25.690000534057617,25.690000534057617,-1.1794755982729563,3.7141706067493896,0.9200000762939453
2016-04-28,25.549999237060547,25.959999084472656,25.34000015258789,25.479999542236328,25.479999542236328,-1.2474145677733137,-0.8174425358336901,-0.21000099182128906
2016-04-29,25.280000686645508,25.350000381469727,24.56999969482422,25.299999237060547,25.299999237060547,-0.9928538625834784,-0.7064376311208598,-0.18000030517578125
2016-05-02,25.190000534057617,25.674999237060547,25.11000061035156,25.5,25.5,-0.8723674069385965,0.7905168734016588,0.20000076293945312
2016-05-03,25.8700008392334,26.440000534057617,25.600000381469727,26.0,26.0,-0.2237606786466871,1.9607843137254832,0.5
2016-05-04,26.040000915527344,26.540000915527344,24.81999969482422,25.0,25.0,-0.46870170673912676,-3.8461538461538436,-1.0
2016-05-05,25.0,25.549999237060547,23.43000030517578,24.65999984741211,24.65999984741211,-0.11818472250276862,-1.3600006103515638,-0.3400001525878906
2016-05-06,24.59000015258789,24.73200035095215,23.799999237060547,24.46999931335449,24.46999931335449,-0.8572164155101981,-0.7704806781560491,-0.19000053405762074
2016-05-09,24.46999931335449,24.6299991607666,23.770000457763672,23.899999618530277,23.899999618530277,-0.9237124334459463,-2.329381736080127,-0.5699996948242116
2016-05-10,23.88999938964844,23.899999618530277,23.229999542236328,23.489999771118164,23.489999771118164,-0.9352560459628213,-1.7154805604859935,-0.4099998474121129
2016-05-11,23.5,24.030000686645508,23.5,23.71999931335449,23.71999931335449,-1.2239666048484117,0.9791381203805516,0.22999954223632457
2016-05-12,23.700000762939453,24.15999984741211,23.549999237060547,23.899999618530277,23.899999618530277,-0.8866766766209727,0.7588545969073657,0.18000030517578836
2016-05-13,23.940000534057617,24.21999931335449,23.280000686645508,23.440000534057617,23.440000534057617,-0.8714054392288569,-1.924682392530297,-0.4599990844726598
2016-05-16,23.32999992370605,23.70499992370605,23.1200008392334,23.18000030517578,23.18000030517578,-0.8209021344675291,-1.1092159682507874,-0.26000022888183594
2016-05-17,23.11000061035156,23.309999465942383,22.59499931335449,22.709999084472656,22.709999084472656,-0.9823924637400605,-2.0276152481248255,-0.470001220703125
2016-05-18,22.6200008392334,23.13999938964844,22.549999237060547,23.059999465942383,23.059999465942383,-1.3192014081126298,1.5411730320545436,0.35000038146972656
2016-05-19,22.739999771118164,22.850000381469727,20.799999237060547,21.709999084472656,21.709999084472656,0.7140375923856823,-5.854294938139781,-1.3500003814697266
2016-05-20,21.84000015258789,22.81999969482422,21.71999931335449,22.459999084472656,22.459999084472656,-0.6173257178938913,3.4546293488165736,0.75
2016-05-23,22.530000686645508,22.88999938964844,22.11000061035156,22.43000030517578,22.43000030517578,-0.9506475293186545,-0.13356536295504595,-0.029998779296875
2016-05-24,22.459999084472656,22.479999542236328,21.780000686645508,21.979999542236328,21.979999542236328,-0.30480645819224644,-2.0062450147876887,-0.4500007629394531
2016-05-25,22.0,23.030000686645508,22.0,22.780000686645508,22.780000686645508,-0.5070601691649924,3.6396777118758106,0.8000011444091797
2016-05-26,22.88999938964844,24.25,22.88999938964844,23.950000762939453,23.950000762939453,-0.748514064309626,5.1360844645621295,1.1700000762939453
2016-05-27,23.86000061035156,24.540000915527344,23.549999237060547,24.420000076293945,24.420000076293945,-0.7180918354891119,1.962418782390074,0.4699993133544922
2016-05-31,25.5,26.0,25.13999938964844,25.34000015258789,25.34000015258789,-0.5255780475774792,3.7674040680575116,0.9200000762939453
2016-06-01,25.450000762939453,25.850000381469727,25.1299991607666,25.36000061035156,25.36000061035156,-0.8057511430391309,0.07892840427479175,0.020000457763668322
2016-06-02,25.399999618530277,25.71999931335449,24.489999771118164,24.489999771118164,24.489999771118164,-0.412546841683079,-3.430602595799126,-0.8700008392333949
2016-06-03,24.26000022888184,24.59000015258789,24.170000076293945,24.530000686645508,24.530000686645508,-1.0478062680023517,0.16333571213225095,0.04000091552734375
2016-06-06,24.649999618530277,25.190000534057617,24.440000534057617,25.11000061035156,25.11000061035156,-1.1096126933531194,2.364451314597038,0.5799999237060511
2016-06-07,25.030000686645508,25.309999465942383,24.82999992370605,24.86000061035156,24.86000061035156,-1.2625655592017122,-0.9956192509885442,-0.25
2016-06-08,24.86000061035156,25.25,24.540000915527344,24.780000686645508,24.780000686645508,-0.9291235018132314,-0.32180177691846223,-0.07999992370605113
2016-06-09,24.65999984741211,24.76000022888184,24.290000915527344,24.68000030517578,24.68000030517578,-1.13125696682226,-0.40355277925241406,-0.10000038146972656
2016-06-10,24.479999542236328,25.049999237060547,24.059999465942383,24.530000686645508,24.530000686645508,-0.8126051629710253,-0.6077780254273968,-0.14999961853027344
2016-06-13,24.36000061035156,24.549999237060547,24.040000915527344,24.11000061035156,24.11000061035156,-0.9172191514052043,-1.7121894192306475,-0.42000007629394887
2016-06-14,24.09000015258789,24.530000686645508,23.981000900268555,24.479999542236328,24.479999542236328,-1.1652865745542975,1.5346284633684704,0.3699989318847692
2016-06-15,25.1200008392334,26.149999618530277,24.825000762939453,25.809999465942383,25.809999465942383,-0.4251726678734109,5.433006325883927,1.3299999237060547
2016-06-16,25.71999931335449,25.71999931335449,24.8700008392334,25.450000762939453,25.450000762939453,-0.849640919795999,-1.3948032175590153,-0.3599987030029297
2016-06-17,26.649999618530277,27.38999938964844,24.81999969482422,24.96999931335449,24.96999931335449,-0.17854819628892704,-1.8860567198251244,-0.4800014495849645
2016-06-20,25.200000762939453,25.399999618530277,24.71299934387207,24.88999938964844,24.88999938964844,-0.29386407549395877,-0.32038416462134567,-0.07999992370604758
2016-06-21,24.940000534057617,24.979999542236328,24.059999465942383,24.8799991607666,24.8799991607666,-0.7659497290486559,-0.040177698381138605,-0.01000022888183949
2016-06-22,24.799999237060547,24.93000030517578,24.26499938964844,24.600000381469727,24.600000381469727,-0.7705190756699188,-1.1253970608584574,-0.279998779296875
2016-06-23,24.729999542236328,25.57999992370605,24.65999984741211,25.200000762939453,25.200000762939453,-0.8081560623134798,2.439025903112113,0.6000003814697266
2016-06-27,24.149999618530277,24.350000381469727,22.040000915527344,22.32999992370605,22.32999992370605,-0.09293307012210474,-11.388891874377194,-2.870000839233402
2016-06-28,22.520000457763672,23.59000015258789,22.520000457763672,23.530000686645508,23.530000686645508,-0.47050539619488846,5.373939843436837,1.2000007629394567
2016-06-29,23.780000686645508,24.270000457763672,23.299999237060547,24.020000457763672,24.020000457763672,-0.5534751111599269,2.082446905308699,0.48999977111816406
2016-06-30,24.1299991607666,24.270000457763672,23.71699905395508,24.200000762939453,24.200000762939453,-0.5231731283031302,0.7493767766253434,0.18000030517578125
2016-07-01,24.209999084472656,24.56999969482422,23.5,23.649999618530277,23.649999618530277,-0.865513387006702,-2.2727319300396953,-0.5500011444091761
2016-07-05,23.600000381469727,23.649999618530277,23.020000457763672,23.5,23.5,-1.1918609325358533,-0.634247868709259,-0.149999618530277
2016-07-06,23.31999969482422,23.63999938964844,23.049999237060547,23.299999237060547,23.299999237060547,-1.006682148410985,-0.8510670763380968,-0.20000076293945312
2016-07-07,23.399999618530277,23.959999084472656,23.399999618530277,23.86000061035156,23.86000061035156,-1.193664621991615,2.4034394490463518,0.5600013732910121
2016-07-08,24.1299991607666,24.559999465942383,23.799999237060547,24.51000022888184,24.51000022888184,-1.1681724776835163,2.7242229752847624,0.6499996185302805
2016-07-11,24.670000076293945,24.96999931335449,24.46999931335449,24.75,24.75,-0.8890815958953217,0.9791912234882405,0.2399997711181605
2016-07-12,25.0,25.0,24.34000015258789,24.950000762939453,24.950000762939453,-1.044078643127111,0.8080838906644461,0.20000076293945312
2016-07-13,25.13999938964844,25.709999084472656,24.59000015258789,24.739999771118164,24.739999771118164,-0.6371663019072701,-0.8416873162313654,-0.21000099182128906
2016-07-14,24.86000061035156,25.86000061035156,24.83799934387207,25.57999992370605,25.57999992370605,-0.39450994712546195,3.395311885040986,0.8400001525878871
2016-07-15,25.780000686645508,26.790000915527344,25.350000381469727,26.399999618530277,26.399999618530277,-0.2512970043379825,3.205628214503231,0.8199996948242259
2016-07-18,26.489999771118164,26.899999618530277,26.280000686645508,26.790000915527344,26.790000915527344,-0.4458549736328118,1.4772776614864869,0.39000129699706676
2016-07-19,26.65999984741211,27.1200008392334,26.21999931335449,26.290000915527344,26.290000915527344,-0.6805750948092685,-1.8663679839973524,-0.5
2016-07-20,26.81999969482422,27.68000030517578,26.799999237060547,27.190000534057617,27.190000534057617,-0.471467363904628,3.423353317567668,0.8999996185302734
2016-07-21,27.280000686645508,27.450000762939453,26.68000030517578,26.729999542236328,26.729999542236328,-1.0530970904059194,-1.691802069827475,-0.46000099182128906
2016-07-22,26.649999618530277,27.520000457763672,26.51000022888184,27.489999771118164,27.489999771118164,-0.9882845159622154,2.843248192656911,0.7600002288818359
2016-07-25,28.43000030517578,30.649999618530277,28.399999618530277,30.479999542236328,30.479999542236328,0.861338897939555,10.876681687933477,2.989999771118164
2016-07-26,30.600000381469727,31.40999984741211,30.540000915527344,30.71999931335449,30.71999931335449,-0.4524685016372714,0.7874008357040552,0.2399997711181605
2016-07-27,30.950000762939453,31.040000915527344,30.540000915527344,30.93000030517578,30.93000030517578,-0.9519702349195465,0.6835969938645103,0.21000099182129262
2016-07-28,29.13999938964844,30.56999969482422,28.434999465942383,30.459999084472656,30.459999084472656,-0.14499957241175931,-1.5195642291166656,-0.470001220703125
2016-07-29,30.280000686645508,30.62299919128418,29.700000762939453,30.25,30.25,-1.1276495879107367,-0.6894257740792442,-0.20999908447265625
2016-08-01,30.32999992370605,30.479999542236328,29.979999542236328,30.40999984741211,30.40999984741211,-1.0175042851455551,0.5289251154119379,0.15999984741210938
2016-08-02,30.34000015258789,30.46999931335449,29.309999465942383,29.520000457763672,29.520000457763672,-1.0791904645326054,-2.926666866537908,-0.8899993896484375
2016-08-03,30.049999237060547,31.07999992370605,29.86000061035156,30.770000457763672,30.770000457763672,-0.4506648121815097,4.234417278510749,1.25
2016-08-04,30.8799991607666,31.239999771118164,30.559999465942383,30.88999938964844,30.88999938964844,-1.031452816936779,0.38998677315420505,0.11999893188476918
2016-08-05,31.270000457763672,31.88999938964844,30.93000030517578,31.32999992370605,31.32999992370605,-0.9365787515637132,1.4244109509599312,0.4400005340576101
2016-08-08,31.5,31.5,30.86100006103516,31.270000457763672,31.270000457763672,-0.9359775217451259,-0.1915080309239925,-0.05999946594237926
2016-08-09,31.15999984741211,32.47999954223633,30.790000915527344,32.130001068115234,32.130001068115234,-0.33703237646852224,2.75024175811307,0.8600006103515625
2016-08-10,33.40999984741211,33.5,30.170000076293945,31.81999969482422,31.81999969482422,1.3072109314038487,-0.9648346186911572,-0.3100013732910156
2016-08-11,30.690000534057617,32.04999923706055,30.239999771118164,31.809999465942383,31.809999465942383,-0.192256236152716,-0.031427495216040935,-0.010000228881835938
2016-08-12,32.0,32.86000061035156,31.5,32.720001220703125,32.720001220703125,-0.6276668707735917,2.8607411821400364,0.9100017547607422
2016-08-15,32.900001525878906,32.97999954223633,32.13999938964844,32.65999984741211,32.65999984741211,-0.7779743254204006,-0.1833782733878686,-0.060001373291015625
2016-08-16,32.86000061035156,32.9900016784668,32.2400016784668,32.83000183105469,32.83000183105469,-0.9130105426750936,0.5205204667386054,0.17000198364257812
2016-08-17,32.59000015258789,32.86000061035156,31.81999969482422,32.0,32.0,-0.9051945550334595,-2.5281808856604138,-0.8300018310546875
2016-08-18,32.220001220703125,34.560001373291016,32.040000915527344,34.310001373291016,34.310001373291016,0.495791168238516,7.218754291534424,2.3100013732910156
2016-08-19,34.45000076293945,34.790000915527344,34.27000045776367,34.599998474121094,34.599998474121094,-0.24432273844237057,0.8452261417157159,0.2899971008300781
2016-08-22,34.650001525878906,34.66999816894531,33.5,34.040000915527344,34.040000915527344,0.15741902633762,-1.618490125115457,-0.55999755859375
2016-08-23,33.959999084472656,34.38999938964844,33.779998779296875,34.209999084472656,34.209999084472656,-0.41519225288486283,0.49940706337574525,0.1699981689453125
2016-08-24,34.130001068115234,34.2400016784668,33.58000183105469,33.65999984741211,33.65999984741211,-1.1519392725816608,-1.6077148546612574,-0.5499992370605469
2016-08-25,33.5,34.0,33.20000076293945,33.869998931884766,33.869998931884766,-1.219277012263431,0.6238832009050066,0.20999908447265625
2016-08-26,33.779998779296875,34.150001525878906,33.470001220703125,33.88999938964844,33.88999938964844,-0.6598927890498676,0.05905065956421929,0.020000457763671875
2016-08-29,33.83000183105469,34.599998474121094,33.80500030517578,34.529998779296875,34.529998779296875,-1.1259661444186924,1.8884609063873903,0.6399993896484375
2016-08-30,34.54999923706055,35.25,34.15999984741211,34.54999923706055,34.54999923706055,-0.8175352474834406,0.05792197645735353,0.020000457763671875
2016-08-31,34.47999954223633,35.25,34.34000015258789,35.119998931884766,35.119998931884766,-0.6577283617029535,1.649782076442996,0.5699996948242188
2016-09-01,35.2400016784668,35.45000076293945,34.470001220703125,34.5,34.5,0.4659701692365891,-1.765372866574555,-0.6199989318847656
2016-09-02,34.75,35.25,34.08000183105469,35.2400016784668,35.2400016784668,-0.9338130943982119,2.144932401353028,0.7400016784667969
2016-09-06,35.45000076293945,36.84999847412109,35.38999938964844,36.25,36.25,0.24784399105314017,2.8660563945158923,1.0099983215332031
2016-09-07,36.83000183105469,37.45000076293945,36.56999969482422,37.34999847412109,37.34999847412109,0.0720443920982326,3.0344785492995463,1.0999984741210866
2016-09-08,37.33000183105469,37.81999969482422,36.93999862670898,37.59999847412109,37.59999847412109,-0.6927199371447306,0.6693440701830866,0.25
2016-09-09,37.59999847412109,38.0,36.20000076293945,36.43000030517578,36.43000030517578,-0.26837193118586,-3.111697384111811,-1.1699981689453054
2016-09-12,35.97999954223633,37.5,35.369998931884766,37.34999847412109,37.34999847412109,-0.363606734450078,2.525386113748107,0.9199981689453054
2016-09-13,37.27999877929688,37.77000045776367,36.79499816894531,37.18999862670898,37.18999862670898,-0.7058267471899323,-0.42837979638197243,-0.15999984741210938
2016-09-14,37.25,38.91600036621094,37.25,38.29999923706055,38.29999923706055,-0.579568485286613,2.9846750506583586,1.1100006103515696
2016-09-15,38.29999923706055,39.56999969482422,38.29999923706055,39.150001525878906,39.150001525878906,-0.45667711036738207,2.2193271690613026,0.8500022888183594
2016-09-16,39.88999938964844,39.900001525878906,39.0,39.209999084472656,39.209999084472656,0.9975775748314225,0.15325046297658407,0.05999755859375
2016-09-19,39.97999954223633,41.18399810791016,39.80099868774414,40.54999923706055,40.54999923706055,0.0579756143432913,3.4174960058046544,1.3400001525878906
2016-09-20,41.0,41.119998931884766,39.20000076293945,39.869998931884766,39.869998931884766,-0.1189061982850733,-1.6769428309983736,-0.6800003051757812
2016-09-21,39.880001068115234,40.959999084472656,39.58000183105469,40.31999969482422,40.31999969482422,-0.37022026245453765,1.1286701153623069,0.4500007629394531
2016-09-22,40.36000061035156,41.80500030517578,40.36000061035156,41.790000915527344,41.790000915527344,-0.35290484367922526,3.6458363884656064,1.470001220703125
2016-09-23,41.59000015258789,41.77000045776367,40.810001373291016,40.970001220703125,40.970001220703125,-0.5772838119759814,-1.9621911386930369,-0.8199996948242188
2016-09-26,41.04999923706055,41.470001220703125,40.31999969482422,40.97999954223633,40.97999954223633,-0.49888344363220594,0.02440400594410086,0.009998321533203125
2016-09-27,40.75,41.91999816894531,40.40999984741211,41.84000015258789,41.84000015258789,-0.6496718821338846,2.098586188282403,0.8600006103515625
2016-09-28,42.06999969482422,42.354000091552734,41.43999862670898,41.9900016784668,41.9900016784668,-0.84723600052165,0.3585122498371396,0.15000152587890625
2016-09-29,41.9900016784668,41.9900016784668,41.02999877929688,41.36000061035156,41.36000061035156,-0.7482735723821912,-1.5003597116746703,-0.6300010681152344
2016-09-30,41.59000015258789,41.970001220703125,41.18000030517578,41.77000045776367,41.77000045776367,-0.39318724152457,0.9912955545496205,0.4099998474121094
2016-10-03,41.95000076293945,41.970001220703125,41.13999938964844,41.45000076293945,41.45000076293945,-1.006201164556115,-0.766099332816117,-0.31999969482421875
2016-10-04,41.630001068115234,42.2400016784668,41.43000030517578,42.119998931884766,42.119998931884766,-0.9059160308157642,1.6164008603453572,0.6699981689453125
2016-10-05,42.9900016784668,43.810001373291016,42.5,43.369998931884766,43.369998931884766,-0.4797643354011319,2.9677113763024066,1.25
2016-10-06,43.369998931884766,44.68999862670898,43.18999862670898,44.47999954223633,44.47999954223633,-0.5390455955138332,2.5593743087125365,1.1100006103515625
2016-10-07,44.72999954223633,45.25,43.880001068115234,44.2400016784668,44.2400016784668,-0.7058267471899323,-0.539563548200217,-0.23999786376953125
2016-10-10,44.36000061035156,44.9900016784668,44.36000061035156,44.5,44.5,-1.0237570752588623,0.5876996195046669,0.2599983215332031
2016-10-11,41.02999877929688,42.869998931884766,39.84000015258789,40.72999954223633,40.72999954223633,1.936698551464684,-8.471911141041954,-3.770000457763672
2016-10-12,40.70000076293945,41.43000030517578,40.11000061035156,40.970001220703125,40.970001220703125,-0.6050606295947117,0.5892503834131313,0.24000167846679688
2016-10-13,40.380001068115234,40.790000915527344,39.119998931884766,40.72999954223633,40.72999954223633,-0.306850639575443,-0.5857985631338436,-0.24000167846679688
2016-10-14,40.75,41.41400146484375,40.45000076293945,40.470001220703125,40.470001220703125,-1.1106949070265766,-0.6383459966985527,-0.2599983215332031
2016-10-17,40.5,40.79899978637695,39.9900016784668,40.25,40.25,-1.0175042851455551,-0.5436155524269681,-0.220001220703125
2016-10-18,40.70000076293945,40.79999923706055,40.22999954223633,40.38999938964844,40.38999938964844,-1.0781082508591484,0.34782457055513305,0.1399993896484375
2016-10-19,40.43999862670898,40.77999877929688,40.130001068115234,40.63999938964844,40.63999938964844,-1.282165651287656,0.6189650997223684,0.25
2016-10-20,40.5,41.11000061035156,40.18000030517578,41.040000915527344,41.040000915527344,-0.8967773375732382,0.9842557379092787,0.40000152587890625
2016-10-21,40.630001068115234,40.970001220703125,40.32099914550781,40.400001525878906,40.400001525878906,-1.1928229002455928,-1.55945266903319,-0.6399993896484375
2016-10-24,40.75,41.54999923706055,40.54999923706055,41.400001525878906,41.400001525878906,-1.0450406108368504,2.4752474312641715,1.0
2016-10-25,41.5,41.9900016784668,40.75,40.84999847412109,40.84999847412109,-1.0274847001341032,-1.3285097378897825,-0.5500030517578196
2016-10-26,40.84999847412109,41.400001525878906,40.20000076293945,40.650001525878906,40.650001525878906,-0.9606279443072027,-0.4895886308756703,-0.1999969482421804
2016-10-27,40.79999923706055,41.5,38.5,38.900001525878906,38.900001525878906,0.9779774827454786,-4.305042888832123,-1.75
2016-10-28,37.5,41.150001525878906,34.70000076293945,37.45000076293945,37.45000076293945,0.9520043545825101,-3.727508241805122,-1.4500007629394531
2016-10-31,37.75,37.95000076293945,32.900001525878906,33.599998474121094,33.599998474121094,2.6014182388947313,-10.280379734006107,-3.8500022888183594
2016-11-01,33.599998474121094,36.20000076293945,33.599998474121094,35.79999923706055,35.79999923706055,1.1508911785711675,6.547621615619725,2.200000762939453
2016-11-02,36.04999923706055,37.09999847412109,35.04999923706055,35.599998474121094,35.599998474121094,-0.443209562431028,-0.5586613608986046,-0.20000076293945312
2016-11-03,35.599998474121094,36.400001525878906,35.400001525878906,35.45000076293945,35.45000076293945,-0.7694368619964618,-0.4213419034011512,-0.14999771118164062
2016-11-04,35.45000076293945,35.79999923706055,34.20000076293945,34.400001525878906,34.400001525878906,-0.5727144653547185,-2.9619159787388494,-1.0499992370605469
2016-11-07,36.34999847412109,37.04999923706055,35.75,35.849998474121094,35.849998474121094,-0.01405171792345948,4.2151072207115,1.4499969482421875
2016-11-08,35.849998474121094,37.0,35.650001525878906,36.5,36.5,-0.6671075468729144,1.8131145147694205,0.6500015258789062
2016-11-09,35.70000076293945,36.70000076293945,35.099998474121094,36.5,36.5,-0.9122890668927889,0.0,0.0
2016-11-10,37.0,37.04999923706055,34.54999923706055,34.70000076293945,34.70000076293945,-0.14668301590380356,-4.931504759069993,-1.7999992370605469
2016-11-11,34.650001525878906,37.0,34.310001373291016,36.59999847412109,36.59999847412109,0.11316851168959949,5.475497606359947,1.8999977111816335
2016-11-14,36.59999847412109,37.95000076293945,36.59999847412109,37.45000076293945,37.45000076293945,-0.41302782553794876,2.3224107220096712,0.8500022888183665
2016-11-15,37.84999847412109,39.42499923706055,37.75,38.79999923706055,38.79999923706055,0.16475403012438428,3.6048022606639085,1.3499984741210938
2016-11-16,38.45000076293945,40.775001525878906,38.40999984741211,40.650001525878906,40.650001525878906,-0.13309522200373206,4.768047229885752,1.8500022888183594
2016-11-17,40.45000076293945,41.70000076293945,40.22299957275391,41.54999923706055,41.54999923706055,-0.07369371592731322,2.2140164265644025,0.8999977111816406
2016-11-18,41.75,42.30500030517578,41.20000076293945,42.20000076293945,42.20000076293945,-0.5190847655367371,1.5643839658584957,0.6500015258789062
2016-11-21,42.29999923706055,42.5,40.25,40.5,40.5,-0.30180030909931027,-4.028437754040071,-1.7000007629394531
2016-11-22,40.5,41.34999847412109,40.04999923706055,41.09999847412109,41.09999847412109,-0.7114783074846524,1.4814777138792312,0.5999984741210866
2016-11-23,40.75,41.67699813842773,40.5,41.29999923706055,41.29999923706055,-1.227573983759935,0.48661987923281913,0.20000076293946023
2016-11-25,41.5,41.5,40.5,41.20000076293945,41.20000076293945,-1.411550308247629,-0.24212706045612098,-0.09999847412109375
2016-11-28,41.20000076293945,41.95000076293945,40.900001525878906,41.29999923706055,41.29999923706055,-0.9963409955312844,0.2427147385177797,0.09999847412109375
2016-11-29,41.150001525878906,42.0,40.55099868774414,41.34999847412109,41.34999847412109,-1.1046826088407042,0.12106353022804939,0.04999923706053977
2016-11-30,41.5,41.9900016784668,39.29999923706055,40.09999847412109,40.09999847412109,-0.7685951402504397,-3.0229747185657407,-1.25
2016-12-01,40.09999847412109,40.45000076293945,37.04999923706055,37.79999923706055,37.79999923706055,-0.15221433023480613,-5.73565916354053,-2.2999992370605398
2016-12-02,37.59999847412109,37.79999923706055,35.900001525878906,37.0,37.0,-0.3187549899834703,-2.1164001407603106,-0.7999992370605469
2016-12-05,37.20000076293945,40.34999847412109,37.150001525878906,39.5,39.5,-0.013450488104872245,6.756756756756754,2.5
2016-12-06,39.70000076293945,40.150001525878906,39.060001373291016,40.0,40.0,-0.5711512678263916,1.2658227848101333,0.5
2016-12-07,39.84999847412109,40.34000015258789,39.20000076293945,39.59999847412109,39.59999847412109,-0.981190004102886,-1.0000038146972812,-0.40000152587891336
2016-12-08,40.45000076293945,44.0,40.11000061035156,43.5,43.5,0.9491184514532913,9.848489081199329,3.9000015258789134
2016-12-09,44.5,44.70000076293945,40.0,42.400001525878906,42.400001525878906,0.7183664470795105,-2.528732124416311,-1.0999984741210938
2016-12-12,42.150001525878906,43.22499847412109,40.84999847412109,41.59999847412109,41.59999847412109,-0.8895625797501914,-1.8867995824706218,-0.8000030517578196
2016-12-13,41.95000076293945,42.70000076293945,40.400001525878906,40.5,40.5,-0.7556085761689554,-2.6442271982422882,-1.0999984741210866
2016-12-14,40.45000076293945,40.75,37.900001525878906,38.900001525878906,38.900001525878906,0.16415280030579704,-3.950613516348378,-1.5999984741210938
2016-12-15,39.0,40.95000076293945,39.0,40.20000076293945,40.20000076293945,-0.4518672718186842,3.341900221252425,1.2999992370605469
2016-12-16,40.400001525878906,41.20000076293945,38.84999847412109,39.09999847412109,39.09999847412109,0.494708954565059,-2.736324049606642,-1.1000022888183665
2016-12-19,39.29999923706055,40.400001525878906,39.0,39.95000076293945,39.95000076293945,-0.9995876365516555,2.1739189820709326,0.8500022888183665
2016-12-20,40.0,40.34999847412109,39.5,40.20000076293945,40.20000076293945,-1.0126944465968573,0.6257822158339366,0.25
2016-12-21,40.04999923706055,40.70000076293945,39.84999847412109,40.29999923706055,40.29999923706055,-1.1042016249858344,0.2487524184658252,0.09999847412109375
2016-12-22,40.34999847412109,40.775001525878906,39.650001525878906,39.900001525878906,39.900001525878906,-1.2191567662997138,-0.9925501706059436,-0.3999977111816406
2016-12-23,39.75,40.5,39.75,40.5,40.5,-1.2630465430565818,1.5037555167308314,0.5999984741210938
2016-12-27,40.5,41.400001525878906,40.25,41.150001525878906,41.150001525878906,-1.0695707874352096,1.60494203920718,0.6500015258789062
2016-12-28,41.45000076293945,41.5,39.29999923706055,39.400001525878906,39.400001525878906,-0.8396605048074509,-4.252733742669335,-1.75
2016-12-29,39.34999847412109,39.73799896240234,38.75,39.29999923706055,39.29999923706055,-0.8207818885038117,-0.2538129059529992,-0.10000228881835938
2016-12-30,39.34999847412109,39.45000076293945,38.0,38.650001525878906,38.650001525878906,-0.6708351717481552,-1.6539382284992077,-0.6499977111816406
2017-01-03,39.400001525878906,39.70000076293945,36.84999847412109,37.29999923706055,37.29999923706055,-0.18492123236595173,-3.492890648178726,-1.3500022888183594
2017-01-04,37.54999923706055,38.45000076293945,36.84999847412109,37.59999847412109,37.59999847412109,-0.3067303936117256,0.804287515272839,0.29999923706053977
2017-01-05,37.45000076293945,37.59999847412109,36.650001525878906,36.79999923706055,36.79999923706055,-0.9207062843530102,-2.1276576317181384,-0.7999992370605398
2017-01-06,36.84999847412109,37.20000076293945,35.900001525878906,36.54999923706055,36.54999923706055,-0.7290342181873996,-0.6793478401712294,-0.25
2017-01-09,36.34999847412109,36.84000015258789,36.22499847412109,36.34999847412109,36.34999847412109,-0.486257617441874,-0.5471977212428092,-0.20000076293946023
2017-01-10,36.59999847412109,37.54999923706055,36.29999923706055,37.5,37.5,-0.07501642152820513,3.1636907129381164,1.1500015258789134
2017-01-11,37.34999847412109,37.45000076293945,36.20000076293945,36.54999923706055,36.54999923706055,-0.3904215843590687,-2.5333353678385406,-0.9500007629394531
2017-01-12,37.25,37.25,35.125,36.04999923706055,36.04999923706055,-0.11181168642574393,-1.3679890846427623,-0.5
2017-01-13,36.150001525878906,37.0,35.625,36.34999847412109,36.34999847412109,-0.8947331561900417,0.8321754324813746,0.29999923706053977
2017-01-17,36.04999923706055,36.04999923706055,34.775001525878906,34.900001525878906,34.900001525878906,-0.8002198287081282,-3.9889876454176076,-1.4499969482421804
2017-01-18,35.04999923706055,35.25,34.20000076293945,34.70000076293945,34.70000076293945,-0.5743979088467627,-0.5730680635963603,-0.20000076293945312
2017-01-19,35.04999923706055,36.54999923706055,34.900001525878906,35.099998474121094,35.099998474121094,-0.03040516898903228,1.152731130798279,0.3999977111816406
2017-01-20,35.20000076293945,35.45000076293945,34.79999923706055,35.150001525878906,35.150001525878906,-0.8277561543994236,0.14245884310986057,0.0500030517578125
2017-01-23,35.04999923706055,35.599998474121094,34.150001525878906,34.400001525878906,34.400001525878906,-0.43034324431326115,-2.1337125674029345,-0.75
2017-01-24,34.75,37.82500076293945,34.650001525878906,37.70000076293945,37.70000076293945,0.2611912930257768,9.593020612449621,3.299999237060547
2017-01-25,38.54999923706055,39.04999923706055,37.67499923706055,38.54999923706055,38.54999923706055,-0.1720549142481849,2.2546378167627834,0.8499984741210938
2017-01-26,38.59999847412109,38.75,37.52000045776367,37.75,37.75,-0.9455971988425217,-2.0752250399306282,-0.7999992370605469
2017-01-27,37.75,37.84999847412109,36.95000076293945,37.400001525878906,37.400001525878906,-1.0286871597712777,-0.9271482758174687,-0.34999847412109375
2017-01-30,36.900001525878906,36.95000076293945,36.04999923706055,36.75,36.75,-1.1213967977974293,-1.7379719234212776,-0.6500015258789062
2017-01-31,36.54999923706055,38.20000076293945,35.849998474121094,37.95000076293945,37.95000076293945,-0.2942248133851111,3.2653081984747034,1.2000007629394531
2017-02-01,38.5,38.5,37.04999923706055,38.09999847412109,38.09999847412109,-0.2872505474894992,0.3952508779080599,0.14999771118163352
2017-02-02,38.09999847412109,38.29999923706055,37.67399978637695,37.84999847412109,37.84999847412109,-0.7388943872122302,-0.6561680052816987,-0.25
2017-02-03,38.09999847412109,39.0,38.0,38.84999847412109,38.84999847412109,-0.6742020587322437,2.6420080325332718,1.0
2017-02-06,38.75,38.97499847412109,38.34999847412109,38.79999923706055,38.79999923706055,-0.7684748942867222,-0.12869816994676153,-0.04999923706053977
2017-02-09,46.150001525878906,49.400001525878906,45.900001525878906,46.59999847412109,46.59999847412109,2.7672374228610908,20.10309121246121,7.79999923706054
2017-02-10,46.95000076293945,48.34999847412109,46.900001525878906,47.45000076293945,47.45000076293945,0.48869665637918663,1.8240393061180304,0.8500022888183665
2017-02-13,48.5,50.20000076293945,48.25,49.54999923706055,49.54999923706055,0.9938499499561816,4.425707988104577,2.0999984741210938
2017-02-14,49.54999923706055,51.25,49.0,50.5,50.5,0.1515269741154651,1.9172568669363566,0.9500007629394531
2017-02-15,50.45000076293945,50.75,49.0,49.45000076293945,49.45000076293945,0.30051172316138197,-2.079206410020884,-1.0499992370605469
2017-02-16,50.150001525878906,52.0,50.09999847412109,51.84999847412109,51.84999847412109,0.8168478913640996,4.8533825564272215,2.3999977111816335
2017-02-17,51.29999923706055,51.400001525878906,50.29999923706055,51.09999847412109,51.09999847412109,-0.0782630625485762,-1.446480274004891,-0.75
2017-02-21,51.150001525878906,53.69499969482422,51.150001525878906,52.54999923706055,52.54999923706055,-0.31935621980205753,2.8375749632826297,1.4500007629394602
2017-02-22,52.09999847412109,52.38999938964844,48.875,49.650001525878906,49.650001525878906,0.6742361783952074,-5.518549482939738,-2.8999977111816406
2017-02-23,50.0,50.2400016784668,46.54999923706055,48.70000076293945,48.70000076293945,0.8673511961254273,-1.9133952341255922,-0.9500007629394531
2017-02-24,47.79999923706055,48.400001525878906,47.0,47.79999923706055,47.79999923706055,-0.5082626288021669,-1.8480523855839537,-0.9000015258789062
2017-02-27,46.84999847412109,47.59999847412109,44.75,46.45000076293945,46.45000076293945,1.2474486874362773,-2.824264635289797,-1.3499984741210938
2017-02-28,46.34999847412109,47.34999847412109,45.400001525878906,45.900001525878906,45.900001525878906,-0.26981488275046933,-1.1840672293365606,-0.5499992370605469
2017-03-01,46.650001525878906,48.30699920654297,46.625,47.900001525878906,47.900001525878906,0.32732657307037266,4.357298330093462,2.0
2017-03-02,45.59999847412109,47.400001525878906,45.54999923706055,45.75,45.75,2.280962745587735,-4.488520787869554,-2.1500015258789062
2017-03-03,45.95000076293945,46.79999923706055,45.25,46.70000076293945,46.70000076293945,1.853608590535928,2.0765043998676624,0.9500007629394531
2017-03-06,46.400001525878906,47.70000076293945,45.900001525878906,47.20000076293945,47.20000076293945,0.585374411208014,1.0706637940717023,0.5
2017-03-07,47.5,47.84999847412109,46.09999847412109,46.5,46.5,0.24074947919381082,-1.4830524398827594,-0.7000007629394531
2017-03-08,46.75,46.95000076293945,45.150001525878906,45.5,45.5,-0.30336350662763706,-2.1505376344086002,-1.0
2017-03-09,45.25,46.45000076293945,43.900001525878906,45.84999847412109,45.84999847412109,0.37831086168657024,0.7692274156507306,0.34999847412108664
2017-03-10,45.0,46.95000076293945,44.59999847412109,45.79999923706055,45.79999923706055,1.421324350971706,-0.1090495937284719,-0.04999923706053977
2017-03-13,45.75,46.79999923706055,44.5,44.84999847412109,44.84999847412109,0.5109421596669144,-2.074237508219734,-0.9500007629394602
2017-03-14,44.45000076293945,44.54999923706055,42.900001525878906,43.09999847412109,43.09999847412109,0.49446846263762406,-3.9018953389926336,-1.75
2017-03-15,44.29999923706055,46.20000076293945,43.0,45.650001525878906,45.650001525878906,1.563094342194576,5.916480607972496,2.5500030517578196
2017-03-16,46.650001525878906,49.75,46.400001525878906,48.900001525878906,48.900001525878906,2.7760153782124646,7.119386399489125,3.25
2017-03-17,48.84999847412109,49.79999923706055,48.0,49.45000076293945,49.45000076293945,0.8752874297307789,1.124742780978183,0.5499992370605469
2017-03-20,49.20000076293945,49.75,48.09999847412109,49.20000076293945,49.20000076293945,-0.0782630625485762,-0.5055611651018643,-0.25
2017-03-21,49.75,51.75,48.400001525878906,48.45000076293945,48.45000076293945,1.2915789561205806,-1.5243902202638715,-0.75
2017-03-22,48.5,51.70000076293945,47.900001525878906,51.45000076293945,51.45000076293945,0.487734688669447,6.191950366891996,3.0
2017-03-23,52.5,52.5,51.09999847412109,51.5,51.5,0.5983609752894983,0.09718024551821358,0.049999237060546875
2017-03-24,52.04999923706055,54.04999923706055,52.0099983215332,53.5,53.5,0.820455270275623,3.8834951456310662,2.0
2017-03-27,51.95000076293945,55.20000076293945,51.15999984741211,54.150001525878906,54.150001525878906,0.7927986986206101,1.2149561231381334,0.6500015258789062
2017-03-28,54.04999923706055,54.92499923706055,53.84999847412109,54.70000076293945,54.70000076293945,-0.32428630431447286,1.0156957000226452,0.5499992370605469
2017-03-29,55.84999847412109,55.92499923706055,51.900001525878906,53.54999923706055,53.54999923706055,2.1577106327773516,-2.102379359851969,-1.1500015258789062
2017-03-30,53.45000076293945,55.09999847412109,52.650001525878906,53.70000076293945,53.70000076293945,-0.12034914984968267,0.28011489825585656,0.15000152587890625
2017-03-31,53.54999923706055,53.650001525878906,52.34999847412109,53.34999847412109,53.34999847412109,-0.2730615237708404,-0.6517733404948434,-0.3500022888183665
2017-04-03,53.275001525878906,53.70000076293945,51.150001525878906,51.5,51.5,0.3235989481951318,-3.4676635933147737,-1.8499984741210866
2017-04-04,51.0,52.0,50.0,50.45000076293945,50.45000076293945,0.22656045547515205,-2.0388334700204847,-1.0499992370605469
2017-04-05,50.29999923706055,50.45000076293945,47.900001525878906,47.95000076293945,47.95000076293945,0.8843058770095874,-4.955401312573415,-2.5
2017-04-06,47.95000076293945,49.54999923706055,47.79999923706055,49.0,49.0,-0.27618791882749405,2.189779395941316,1.0499992370605469
2017-04-07,48.79999923706055,49.29999923706055,48.04999923706055,48.20000076293945,48.20000076293945,-0.4127873336105139,-1.632651504205196,-0.7999992370605469
2017-04-10,48.04999923706055,48.43999862670898,46.45000076293945,47.150001525878906,47.150001525878906,0.2405089872663759,-2.178421619171178,-1.0499992370605469
2017-04-11,47.04999923706055,47.59999847412109,45.57500076293945,45.70000076293945,45.70000076293945,0.5373962716847527,-3.0752931410693574,-1.4500007629394531
2017-04-12,45.09999847412109,46.303001403808594,44.150001525878906,44.25,44.25,1.0087604494571452,-3.172868137270002,-1.4500007629394531
2017-04-13,45.59999847412109,46.0,43.84999847412109,44.09999847412109,44.09999847412109,0.21862422186980054,-0.3389864991613867,-0.15000152587891336
2017-04-17,44.04999923706055,45.150001525878906,44.04999923706055,45.0,45.0,-0.3787577258784764,2.0408198571867375,0.9000015258789134
2017-04-18,44.84999847412109,46.34999847412109,44.75,45.29999923706055,45.29999923706055,0.31650443633580244,0.6666649712456563,0.2999992370605469
2017-04-19,45.900001525878906,45.95000076293945,42.400001525878906,42.95000076293945,42.95000076293945,1.410862952128288,-5.187634688078601,-2.3499984741210938
2017-04-20,43.34999847412109,44.20000076293945,43.04999923706055,43.900001525878906,43.900001525878906,-0.041588043614754856,2.2118760094625767,0.9500007629394531
2017-04-21,44.09999847412109,46.150001525878906,44.0,45.20000076293945,45.20000076293945,0.6629330578057674,2.9612737855924776,1.2999992370605469
2017-04-24,46.150001525878906,47.59999847412109,44.875,47.45000076293945,47.45000076293945,1.1909330844890773,4.977876022172167,2.25
2017-04-25,46.5,48.04999923706055,46.5,47.34999847412109,47.34999847412109,0.11352924958075183,-0.21075297620748445,-0.10000228881836648
2017-04-26,46.84999847412109,46.84999847412109,43.45000076293945,43.54999923706055,43.54999923706055,1.578485825550409,-8.025341836362276,-3.7999992370605398
2017-04-27,43.84999847412109,44.650001525878906,43.54999923706055,43.79999923706055,43.79999923706055,-0.3798399395519334,0.5740528229154496,0.25
2017-04-28,43.900001525878906,44.25,42.25,42.75,42.75,1.2729408317443762,-2.3972585738588514,-1.0499992370605469
2017-05-01,43.09999847412109,43.92499923706055,42.72499847412109,43.70000076293945,43.70000076293945,0.5383582393944922,2.222224006875906,0.9500007629394531
2017-05-02,43.70000076293945,44.0,42.45000076293945,42.75,42.75,0.25493850291246956,-2.173914751381689,-0.9500007629394531
2017-05-03,41.0,43.25,40.34999847412109,42.75,42.75,3.699023395707588,0.0,0.0
2017-05-05,47.54999923706055,49.95000076293945,46.900001525878906,49.45000076293945,49.45000076293945,1.782062242124047,15.67251640453673,6.700000762939453
2017-05-08,49.45000076293945,50.25,48.07500076293945,49.5,49.5,0.3179473879004118,0.10111069017013641,0.049999237060546875
2017-05-09,49.79999923706055,51.57500076293945,49.45000076293945,51.34999847412109,51.34999847412109,0.19253084774311455,3.737370654790073,1.8499984741210866
2017-05-10,51.04999923706055,52.900001525878906,50.560001373291016,52.79999923706055,52.79999923706055,-0.002628351370302011,2.8237600896331427,1.4500007629394602
2017-05-11,52.45000076293945,52.75,50.95000076293945,51.59999847412109,51.59999847412109,-0.2931425997116541,-2.272728750528419,-1.2000007629394602
2017-05-12,51.5,53.54999923706055,51.09999847412109,53.400001525878906,53.400001525878906,0.0024219791058307646,3.4883781104384504,1.8000030517578196
2017-05-15,53.84999847412109,55.650001525878906,53.650001525878906,54.54999923706055,54.54999923706055,0.5088979782837177,2.153553704721012,1.1499977111816406
2017-05-16,53.29999923706055,56.70000076293945,52.86600112915039,56.54999923706055,56.54999923706055,1.4137488552575068,3.666361187849887,2.0
2017-05-17,54.400001525878906,55.75,51.75,52.04999923706055,52.04999923706055,1.225563922039702,-7.957559789056345,-4.5
2017-05-18,51.400001525878906,53.25,50.54999923706055,53.04999923706055,53.04999923706055,0.419675473205372,1.9212296150966646,1.0
2017-05-19,53.650001525878906,54.95000076293945,53.09999847412109,53.34999847412109,53.34999847412109,-0.4963582783941396,0.5655028112629301,0.29999923706053977
2017-05-22,53.900001525878906,58.29999923706055,53.900001525878906,57.34999847412109,57.34999847412109,1.0810282736513308,7.497657196635754,4.0
2017-05-23,58.150001525878906,58.900001525878906,55.900001525878906,56.84999847412109,56.84999847412109,0.72497997508397,-0.8718396047135424,-0.5
2017-05-24,56.84999847412109,56.900001525878906,55.59999847412109,56.20000076293945,56.20000076293945,-0.6179269477124786,-1.1433557231800506,-0.6499977111816335
2017-05-25,56.650001525878906,57.59999847412109,55.900001525878906,56.45000076293945,56.45000076293945,-0.24095585145828205,0.4448398516123442,0.25
2017-05-26,56.70000076293945,59.25,56.20299911499024,58.5,58.5,0.4419209764930997,3.631530928882487,2.049999237060547
2017-05-30,58.5,59.20000076293945,57.59999847412109,58.5,58.5,-0.20524280023420027,0.0,0.0
2017-05-31,58.400001525878906,58.650001525878906,56.20000076293945,57.04999923706055,57.04999923706055,-0.042670257288211874,-2.4786337828024863,-1.4500007629394531
2017-06-01,58.34999847412109,58.790000915527344,56.84999847412109,58.54999923706055,58.54999923706055,-0.3257292558790822,2.629272603084587,1.5
2017-06-02,58.59999847412109,59.20000076293945,57.84999847412109,58.29999923706055,58.29999923706055,-0.5682653646971729,-0.42698548805745196,-0.25
2017-06-05,58.34999847412109,58.67499923706055,57.34999847412109,57.79999923706055,57.79999923706055,-0.6672277928366318,-0.8576329443279906,-0.5
2017-06-06,57.25,64.55000305175781,57.25,62.84999847412109,62.84999847412109,3.3714733905412624,8.737023016814426,5.04999923706054
2017-06-07,62.95000076293945,63.54999923706055,61.900001525878906,63.5,63.5,0.3082074648392986,1.0342108856956633,0.6500015258789134
2017-06-08,63.25,65.32499694824219,62.45000076293945,65.0999984741211,65.0999984741211,0.8282712579172571,2.51968263641118,1.5999984741210938
2017-06-09,65.3499984741211,67.30000305175781,58.95000076293945,60.5,60.5,1.7994979068630768,-7.066050049063688,-4.599998474121094
2017-06-12,61.0,62.20000076293945,57.5,61.0,61.0,0.3979109537725141,0.8264462809917328,0.5
2017-06-13,62.5,64.82499694824219,61.79999923706055,62.54999923706055,62.54999923706055,0.20780208513523032,2.5409823558369515,1.5499992370605469
2017-06-14,63.09999847412109,63.5,60.95000076293945,62.150001525878906,62.150001525878906,0.06891799704157898,-0.6394847578905183,-0.3999977111816406
2017-06-15,60.5,62.54999923706055,60.29999923706055,61.54999923706055,61.54999923706055,-0.3389563118880014,-0.9654099341711575,-0.6000022888183594
2017-06-16,62.0,64.30000305175781,61.5,63.09999847412109,63.09999847412109,0.7074240643812227,2.5182766145791513,1.5499992370605398
2017-06-19,64.55000305175781,64.80000305175781,62.25,62.84999847412109,62.84999847412109,-0.13213325429399247,-0.396196523051473,-0.25
2017-06-20,63.04999923706055,64.6500015258789,62.29999923706055,62.45000076293945,62.45000076293945,-0.14824621343213037,-0.6364323323672538,-0.3999977111816335
2017-06-21,62.59999847412109,63.494998931884766,61.54999923706055,62.5,62.5,-0.681537062519008,0.08006282858241676,0.049999237060546875
2017-06-22,63.900001525878906,64.44000244140625,61.75,62.45000076293945,62.45000076293945,-0.1743395875588164,-0.07999877929687482,-0.049999237060546875
2017-06-23,63.04999923706055,65.4000015258789,62.0,64.0,64.0,1.8562540017377118,2.481984336468379,1.5499992370605469
2017-06-26,64.8499984741211,65.80000305175781,61.40999984741211,62.650001525878906,62.650001525878906,0.4046447277406911,-2.109372615814209,-1.3499984741210938
2017-06-27,63.0,63.04999923706055,59.150001525878906,59.34999847412109,59.34999847412109,0.3894937363122928,-5.267363082816024,-3.3000030517578196
2017-06-28,59.54999923706055,60.67499923706055,58.59999847412109,60.20000076293945,60.20000076293945,0.557116609734414,1.4321858646533903,0.8500022888183665
2017-06-29,59.59999847412109,59.95000076293945,56.20000076293945,57.29999923706055,57.29999923706055,0.28764540504361513,-4.817278221139521,-2.9000015258789062
2017-06-30,57.5,58.45000076293945,56.875,57.04999923706055,57.04999923706055,-0.10159077950976093,-0.4363001803293298,-0.25
2017-07-03,57.5,60.5,56.5,57.900001525878906,57.900001525878906,1.0229494731758038,1.489925153699545,0.8500022888183594
2017-07-05,58.20000076293945,59.25,57.70000076293945,58.25,58.25,-0.253581677648614,0.6044878495636397,0.34999847412109375
2017-07-06,57.25,59.5,56.71500015258789,58.5,58.5,0.06879775107786153,0.42918454935623185,0.25
2017-07-07,58.900001525878906,62.0,58.900001525878906,61.59999847412109,61.59999847412109,0.6056959790762626,5.29914269080527,3.0999984741210866
2017-07-10,62.79999923706055,63.09999847412109,60.5,61.59999847412109,61.59999847412109,0.27634228445417514,0.0,0.0
2017-07-11,61.45000076293945,61.959999084472656,59.75,61.34999847412109,61.34999847412109,-0.04038558397758038,-0.40584416589722894,-0.25
2017-07-12,61.95000076293945,62.45000076293945,60.20000076293945,60.34999847412109,60.34999847412109,-0.09281282415838729,-1.629991890581417,-1.0
2017-07-13,61.900001525878906,65.1500015258789,60.54999923706055,64.05000305175781,64.05000305175781,1.7410583684963976,6.130910805612255,3.700004577636726
2017-07-14,63.5,64.55000305175781,63.09999847412109,63.79999923706055,63.79999923706055,-0.31490711914451197,-0.3903259996650421,-0.2500038146972656
2017-07-17,64.25,64.3499984741211,61.25,61.34999847412109,61.34999847412109,0.19048666635991793,-3.840126633600782,-2.4500007629394602
2017-07-18,61.79999923706055,61.86800003051758,60.5,60.70000076293945,60.70000076293945,0.28896811064450706,-1.0594909981225475,-0.6499977111816335
2017-07-19,60.54999923706055,62.25,60.54999923706055,61.54999923706055,61.54999923706055,0.6672619124995954,1.4003269578870547,0.8499984741210938
2017-07-20,61.75,62.345001220703125,60.29999923706055,60.45000076293945,60.45000076293945,0.4853297693950981,-1.7871624496442862,-1.0999984741210938
2017-07-21,60.84999847412109,64.25,60.34999847412109,63.34999847412109,63.34999847412109,0.7255812049025573,4.7973493376025855,2.8999977111816335
2017-07-24,63.54999923706055,68.05000305175781,62.95000076293945,67.94999694824219,67.94999694824219,2.9152602041972684,7.261244806501832,4.599998474121101
2017-07-25,67.5,67.75,65.75,66.94999694824219,66.94999694824219,1.3263300396349227,-1.4716704119379198,-1.0
2017-07-26,67.5,68.62999725341797,64.5999984741211,64.9000015258789,64.9000015258789,0.5770774397115102,-3.061979859309172,-2.0499954223632812
2017-07-27,65.55000305175781,65.75,59.900001525878906,61.900001525878906,61.900001525878906,1.1864839838315318,-4.622496039239299,-3.0
2017-07-28,61.45000076293945,63.0,60.84999847412109,61.900001525878906,61.900001525878906,-0.4054523298237496,0.0,0.0
2017-07-31,62.650001525878906,63.29999923706055,61.150001525878906,62.59999847412109,62.59999847412109,-0.4887827826799404,1.130851261691057,0.6999969482421804
2017-08-01,63.09999847412109,64.42500305175781,62.150001525878906,63.70000076293945,63.70000076293945,-0.3982375720007028,1.7571921974935956,1.1000022888183665
2017-08-02,64.0,65.0,61.09999847412109,61.70000076293945,61.70000076293945,2.2333453439556257,-3.13971738782709,-2.0
2017-08-03,62.75,63.45000076293945,61.505001068115234,62.45000076293945,62.45000076293945,0.16186812699516553,1.215559142181566,0.75
2017-08-04,61.59999847412109,62.34999847412109,58.09999847412109,58.84999847412109,58.84999847412109,1.844469897293402,-5.764615283967722,-3.6000022888183665
2017-08-07,60.0,60.650001525878906,58.29999923706055,58.75,58.75,0.7746415580992757,-0.1699209459878892,-0.09999847412108664
2017-08-08,58.70000076293945,59.400001525878906,57.09999847412109,59.25,59.25,2.6318404677152456,0.8510638297872353,0.5
2017-08-10,57.04999923706055,57.3129997253418,52.79999923706055,53.04999923706055,53.04999923706055,2.5594523975573424,-10.464136308758576,-6.200000762939453
2017-08-11,52.650001525878906,53.84999847412109,51.84999847412109,51.95000076293945,51.95000076293945,1.4510251040099154,-2.0735127048835844,-1.0999984741210938
2017-08-14,52.59999847412109,54.84999847412109,52.59999847412109,54.09999847412109,54.09999847412109,0.6699073237013793,4.138590336105286,2.1499977111816335
2017-08-15,54.5,54.650001525878906,52.29999923706055,53.0,53.0,0.7770464773736246,-2.033268955908152,-1.0999984741210866
2017-08-16,52.650001525878906,53.70000076293945,51.400001525878906,53.0,53.0,0.40909382839823666,0.0,0.0
2017-08-17,52.150001525878906,53.25,51.25,51.34999847412109,51.34999847412109,0.6357574700056243,-3.11321042618663,-1.6500015258789134
2017-08-18,51.150001525878906,53.34000015258789,51.0,52.0,52.0,0.6337132886224277,1.265825793951092,0.6500015258789134
2017-08-21,51.84999847412109,52.34999847412109,50.45000076293945,51.09999847412109,51.09999847412109,0.1104028545240982,-1.7307721651517616,-0.9000015258789134
2017-08-22,51.25,54.400001525878906,51.25,54.34999847412109,54.34999847412109,0.7796918885754085,6.360078467802532,3.25
2017-08-23,53.29999923706055,56.70000076293945,53.0,56.0,56.0,1.6666261169552978,3.0358814575948356,1.6500015258789134
2017-08-24,57.150001525878906,59.5,56.650001525878906,57.45000076293945,57.45000076293945,3.480055495778117,2.5892870766776044,1.4500007629394531
2017-08-25,58.0,58.04999923706055,56.45000076293945,56.70000076293945,56.70000076293945,0.056051678923812145,-1.3054830113837346,-0.75
2017-08-28,56.70000076293945,56.95000076293945,55.9119987487793,56.59999847412109,56.59999847412109,-0.5707905299352393,-0.17637087737700785,-0.10000228881836648
2017-08-29,55.75,56.59999847412109,54.79999923706055,56.0,56.0,-0.2145017394404437,-1.060068004057313,-0.5999984741210866
2017-08-30,56.0,57.09999847412109,55.75,56.79999923706055,56.79999923706055,-0.057220018898022966,1.4285700661795575,0.7999992370605469
2017-08-31,56.150001525878906,58.400001525878906,54.650001525878906,56.84999847412109,56.84999847412109,1.2250829381848323,0.08802682699318165,0.04999923706053977
2017-09-01,57.25,58.0,56.59999847412109,57.25,57.25,-0.5841378319078759,0.703608683579815,0.40000152587891336
2017-09-05,57.0,59.150001525878906,56.29999923706055,58.20000076293945,58.20000076293945,0.7187271849706628,1.6593899789335342,0.9500007629394531
2017-09-06,58.5,59.75,56.86100006103516,57.84999847412109,57.84999847412109,0.37097585789980597,-0.6013784952409118,-0.3500022888183665
2017-09-07,57.95000076293945,58.09999847412109,57.150001525878906,57.400001525878906,57.400001525878906,-0.26897316100444724,-0.7778685568046839,-0.4499969482421804
2017-09-08,58.650001525878906,58.650001525878906,56.25,56.400001525878906,56.400001525878906,0.3846838977635949,-1.742160232433354,-1.0
2017-09-11,57.0,59.150001525878906,57.0,58.5,58.5,1.2474486874362773,3.7234014491249967,2.0999984741210938
2017-09-12,59.25,60.0,56.150001525878906,57.25,57.25,2.398563298103398,-2.1367521367521403,-1.25
2017-09-13,56.70000076293945,59.79999923706055,56.20000076293945,58.79999923706055,58.79999923706055,0.889596699413155,2.7074222481406895,1.5499992370605469
2017-09-14,58.20000076293945,58.619998931884766,56.45000076293945,57.0,57.0,0.3953857885344477,-3.06122323199971,-1.7999992370605469
2017-09-15,57.0,57.84999847412109,56.20000076293945,57.25,57.25,1.2889335449187966,0.43859649122806044,0.25
2017-09-18,57.25,59.54999923706055,56.86000061035156,59.34999847412109,59.34999847412109,0.275500562708153,3.6681196054516807,2.0999984741210866
2017-09-19,59.54999923706055,59.84999847412109,58.400001525878906,59.25,59.25,-0.5743979088467627,-0.16848942997814698,-0.09999847412108664
2017-09-20,59.34999847412109,59.39500045776367,56.400001525878906,56.650001525878906,56.650001525878906,0.32287747241282716,-4.388183078685392,-2.5999984741210938
2017-09-21,56.45000076293945,56.650001525878906,54.34999847412109,55.04999923706055,55.04999923706055,0.2072008553166431,-2.824364070118246,-1.6000022888183594
2017-09-22,54.84999847412109,55.59999847412109,54.54999923706055,55.09999847412109,55.09999847412109,-0.1436768668108674,0.0908251367002455,0.04999923706053977
2017-09-25,54.29999923706055,54.375,51.150001525878906,51.900001525878906,51.900001525878906,1.3633657964598964,-5.807617126786546,-3.1999969482421804
2017-09-26,52.09999847412109,52.70000076293945,50.79999923706055,50.79999923706055,50.79999923706055,0.6998485686670236,-2.1194648487049994,-1.1000022888183594
2017-09-27,53.25,55.5,52.400001525878906,55.0,55.0,2.3475790094872004,8.267718161451064,4.200000762939453
2017-09-28,55.0,55.25,53.70000076293945,55.20000076293945,55.20000076293945,0.05496946525035512,0.3636377507989952,0.20000076293945312
2017-09-29,55.25,55.84999847412109,53.75,54.34999847412109,54.34999847412109,0.16246935681375277,-1.5398591975908982,-0.8500022888183665
2017-10-02,54.54999923706055,55.650001525878906,54.0,55.59999847412109,55.59999847412109,-0.35651222259074866,2.2999080682498896,1.25
2017-10-03,55.54999923706055,55.59999847412109,54.34999847412109,54.54999923706055,54.54999923706055,-0.6366853180524003,-1.8884878882672318,-1.0499992370605398
2017-10-04,55.79999923706055,56.70000076293945,54.09999847412109,56.04999923706055,56.04999923706055,1.021386275647477,2.749770890887415,1.5
2017-10-05,55.0,56.650001525878906,54.54999923706055,55.29999923706055,55.29999923706055,-0.2803965275576047,-1.33809100840111,-0.75
2017-10-06,56.25,59.09000015258789,55.400001525878906,58.59999847412109,58.59999847412109,1.1447586344215777,5.9674489739395264,3.2999992370605398
2017-10-09,58.900001525878906,59.400001525878906,57.875,58.59999847412109,58.59999847412109,-0.07393420785474811,0.0,0.0
2017-10-10,58.84999847412109,59.150001525878906,57.59999847412109,57.79999923706055,57.79999923706055,-0.41447077710255814,-1.3651864469140462,-0.7999992370605398
2017-10-11,57.79999923706055,58.54999923706055,57.59999847412109,58.0,58.0,-0.5814924207060921,0.3460220857774976,0.20000076293945312
2017-10-12,58.0,60.20000076293945,57.459999084472656,58.95000076293945,58.95000076293945,-0.011767044612827987,1.6379323498955989,0.9500007629394531
2017-10-13,58.25,59.75,57.275001525878906,57.70000076293945,57.70000076293945,0.15802025615620724,-2.120441024295705,-1.25
2017-10-16,57.20000076293945,57.9900016784668,55.59999847412109,55.75,55.75,0.26407719615499553,-3.3795506709801137,-1.9500007629394531
2017-10-17,55.900001525878906,57.0,55.75,56.09999847412109,56.09999847412109,-0.45715809422225184,0.6277999535804213,0.34999847412108664
2017-10-18,56.09999847412109,56.84999847412109,55.5,56.5,56.5,-0.3509809082597461,0.713015217038615,0.40000152587891336
2017-10-19,55.650001525878906,57.5,55.20000076293945,56.04999923706055,56.04999923706055,0.09404940345852542,-0.7964615273264641,-0.4500007629394531
2017-10-20,56.59999847412109,56.67499923706055,55.20000076293945,55.95000076293945,55.95000076293945,0.0781769362478224,-0.17840941210035544,-0.09999847412109375
2017-10-23,55.79999923706055,59.75,55.150001525878906,59.5,59.5,1.0937743458053801,6.344949398842581,3.549999237060547
2017-10-24,59.900001525878906,63.79999923706055,59.900001525878906,63.09999847412109,63.09999847412109,2.8868821567599507,6.050417603564862,3.5999984741210866
2017-10-25,63.09999847412109,63.400001525878906,60.45000076293945,61.34999847412109,61.34999847412109,0.6397255868083,-2.773375661360311,-1.75
2017-10-26,62.04999923706055,62.95000076293945,60.5,61.650001525878906,61.650001525878906,-0.1720549142481849,0.48900254151491573,0.3000030517578196
2017-10-27,62.59999847412109,63.130001068115234,61.375,62.59999847412109,62.59999847412109,0.46813459658350315,1.5409520271356447,0.9499969482421804
2017-10-30,62.70000076293945,65.0999984741211,62.650001525878906,64.75,64.75,1.3345067651677092,3.4345073135548576,2.1500015258789134
2017-10-31,65.05000305175781,65.8499984741211,63.09999847412109,63.150001525878906,63.150001525878906,2.4992091697349013,-2.4710401144727334,-1.5999984741210938
2017-11-02,63.0,64.79499816894531,58.20000076293945,58.84999847412109,58.84999847412109,2.7050702596191707,-6.809189149418593,-4.30000305175782
2017-11-03,60.0,60.34999847412109,56.70000076293945,59.29999923706055,59.29999923706055,1.7843469154346785,0.7646572210827651,0.45000076293946023
2017-11-06,59.70000076293945,59.70000076293945,56.5,57.400001525878906,57.400001525878906,0.4884561644517517,-3.204043399032974,-1.8999977111816406
2017-11-07,56.95000076293945,58.0,55.84999847412109,56.0,56.0,0.2890883566082245,-2.43902698373224,-1.4000015258789062
2017-11-08,55.95000076293945,57.650001525878906,55.650001525878906,57.34999847412109,57.34999847412109,0.5515852954034114,2.410711560930512,1.3499984741210866
2017-11-09,56.29999923706055,56.84999847412109,54.84999847412109,55.45000076293945,55.45000076293945,0.5200808529094403,-3.312986506946458,-1.8999977111816335
2017-11-10,55.45000076293945,57.95000076293945,55.45000076293945,57.150001525878906,57.150001525878906,0.02286379293779676,3.0658264013508685,1.7000007629394531
2017-11-13,56.54999923706055,58.0,56.54999923706055,57.650001525878906,57.650001525878906,-0.6310337577576802,0.8748906153109859,0.5
2017-11-14,58.0,58.09000015258789,55.70000076293945,55.79999923706055,55.79999923706055,0.008795015182855458,-3.209023833222102,-1.8500022888183594
2017-11-15,55.34999847412109,56.70000076293945,54.54999923706055,56.45000076293945,56.45000076293945,-0.4031676565131181,1.1648773024484083,0.6500015258789062
2017-11-16,57.0,58.75,57.0,57.650001525878906,57.650001525878906,-0.0721305183989864,2.125776344944308,1.2000007629394531
2017-11-17,57.70000076293945,58.0,56.54999923706055,57.5,57.5,0.09368866556737307,-0.2601934465024658,-0.15000152587890625
2017-11-20,57.5,58.79999923706055,57.34999847412109,57.95000076293945,57.95000076293945,-0.418198401977799,0.7826100225033938,0.4500007629394531
2017-11-21,58.34999847412109,59.45000076293945,58.0,59.32500076293945,59.32500076293945,-0.1677260595543568,2.3727350852415396,1.375
2017-11-22,59.45000076293945,61.0,59.400001525878906,60.25,60.25,-0.024994100621747162,1.5592064478124668,0.9249992370605469
2017-11-24,60.5,60.67499923706055,59.75,60.29999923706055,60.29999923706055,-1.019067482673882,0.08298628557767973,0.049999237060546875
2017-11-27,60.04999923706055,60.39500045776367,57.79999923706055,58.150001525878906,58.150001525878906,0.15705828844646766,-3.5655020537052495,-2.1499977111816406
2017-11-28,58.20000076293945,58.45000076293945,56.5,57.29999923706055,57.29999923706055,0.009396245001442692,-1.461740785062704,-0.8500022888183594
2017-11-29,57.54999923706055,57.54999923706055,53.45000076293945,54.09999847412109,54.09999847412109,3.2073376500669473,-5.584643639697928,-3.2000007629394602
2017-11-30,54.34999847412109,55.150001525878906,53.5,54.04999923706055,54.04999923706055,0.5147900305058726,-0.09242003414188238,-0.04999923706053977
2017-12-01,53.45000076293945,53.95000076293945,51.04999923706055,52.25,52.25,0.9921665064641374,-3.330248404196723,-1.7999992370605469
2017-12-04,52.900001525878906,53.29999923706055,46.97499847412109,47.150001525878906,47.150001525878906,3.062441263787423,-9.760762629896835,-5.099998474121094
2017-12-05,47.79999923706055,49.25,47.0,47.150001525878906,47.150001525878906,1.2571886104973906,0.0,0.0
2017-12-06,46.70000076293945,47.59999847412109,45.900001525878906,46.400001525878906,46.400001525878906,0.8319988827924979,-1.5906680291162933,-0.75
2017-12-07,47.0,49.59999847412109,46.75,48.54999923706055,48.54999923706055,2.625226939710786,4.6336156044790355,2.1499977111816406
2017-12-08,49.5,52.13999938964844,49.04999923706055,49.59999847412109,49.59999847412109,3.4745241814471144,2.162717309084994,1.0499992370605398
2017-12-11,51.79999923706055,53.80500030517578,51.150001525878906,53.5,53.5,2.153502024047241,7.862906544067227,3.9000015258789134
2017-12-12,53.70000076293945,53.900001525878906,51.650001525878906,51.75,51.75,1.1751808632420917,-3.2710280373831724,-1.75
2017-12-14,51.400001525878906,53.0,50.650001525878906,50.92499923706055,50.92499923706055,2.1539830079021107,-1.594204372829866,-0.8250007629394531
2017-12-15,51.0,52.79999923706055,49.84999847412109,52.150001525878906,52.150001525878906,1.6839415357306102,2.4055028123139754,1.2250022888183594
2017-12-18,52.650001525878906,53.0,51.29999923706055,52.34999847412109,52.34999847412109,0.45611000021175846,0.38350324523563906,0.1999969482421804
2017-12-19,52.25,53.650001525878906,52.07400131225586,53.400001525878906,53.400001525878906,0.16403255434207958,2.0057365470161015,1.0500030517578196
2017-12-20,53.54999923706055,53.95000076293945,51.650001525878906,53.900001525878906,53.900001525878906,0.8244233870782988,0.9363295612598188,0.5
2017-12-21,53.95000076293945,55.20000076293945,53.20000076293945,53.34999847412109,53.34999847412109,0.47703279789859426,-1.0204137962663062,-0.5500030517578196
2017-12-22,53.400001525878906,53.54999923706055,52.20000076293945,52.79999923706055,52.79999923706055,-0.42276774859906197,-1.0309264344727787,-0.5499992370605398
2017-12-26,52.0,52.0,49.5,49.70000076293945,49.70000076293945,0.9439478750134411,-5.871209316126635,-3.0999984741210938
2017-12-27,49.75,51.375,49.45000076293945,50.04999923706055,50.04999923706055,0.12014277758521143,0.7042222711233448,0.34999847412109375
2017-12-28,50.34999847412109,50.75,48.95000076293945,49.04999923706055,49.04999923706055,0.37987405921489703,-1.9980020284586342,-1.0
2017-12-29,49.25,49.5,47.59999847412109,48.900001525878906,48.900001525878906,0.508176502501413,-0.3058057360137645,-0.14999771118164062
2018-01-02,49.34999847412109,50.375,48.59999847412109,50.150001525878906,50.150001525878906,-0.06864338545118044,2.5562371390489114,1.25
2018-01-03,51.150001525878906,51.27000045776367,49.84999847412109,50.900001525878906,50.900001525878906,-0.18191508327301556,1.4955134141181992,0.75
2018-01-04,51.29999923706055,51.650001525878906,49.07500076293945,50.20000076293945,50.20000076293945,0.4816021445198572,-1.375247037239391,-0.7000007629394531
2018-01-05,50.400001525878906,51.29999923706055,49.34999847412109,51.09999847412109,51.09999847412109,-0.09245208626723496,1.7928240986125,0.8999977111816335
2018-01-08,51.45000076293945,52.09999847412109,50.400001525878906,51.75,51.75,0.06747504547696961,1.2720186796250088,0.6500015258789134
2018-01-09,51.79999923706055,51.84999847412109,50.09999847412109,50.45000076293945,50.45000076293945,0.8086711658313132,-2.512075820406856,-1.2999992370605469
2018-01-10,51.84999847412109,51.84999847412109,50.54999923706055,51.650001525878906,51.650001525878906,0.7121136569662032,2.3785941423037027,1.2000007629394531
2018-01-11,51.70000076293945,53.650001525878906,51.70000076293945,53.0,53.0,0.41739079989474054,2.613743338312746,1.3499984741210938
2018-01-12,53.45000076293945,53.84999847412109,52.25,53.20000076293945,53.20000076293945,0.014927559332445257,0.377359930074439,0.20000076293945312
2018-01-16,53.20000076293945,53.45000076293945,50.59999847412109,51.650001525878906,51.650001525878906,1.719654586954692,-2.913532358706883,-1.5499992370605469
2018-01-17,51.650001525878906,52.400001525878906,50.54999923706055,51.5,51.5,0.27634228445417514,-0.2904192089979829,-0.15000152587890625
2018-01-18,51.150001525878906,51.84999847412109,50.150001525878906,51.70000076293945,51.70000076293945,0.599082451071803,0.38835099599894285,0.20000076293945312
2018-01-19,51.79999923706055,51.79999923706055,48.59999847412109,48.84999847412109,48.84999847412109,2.1073275739797412,-5.512576879614595,-2.8500022888183665
2018-01-23,45.650001525878906,45.790000915527344,43.150001525878906,44.09999847412109,44.09999847412109,3.5380140502899264,-9.723644111302022,-4.75
2018-01-24,43.84999847412109,44.54999923706055,42.59999847412109,44.45000076293945,44.45000076293945,3.3699101930129354,0.7936560111759583,0.3500022888183665
2018-01-25,44.5,44.9900016784668,43.70000076293945,44.5,44.5,1.2139000635591097,0.11248422092768884,0.049999237060546875
2018-01-26,44.20000076293945,44.70000076293945,43.79999923706055,44.25,44.25,0.9230250773266053,-0.5617977528089901,-0.25
2018-01-29,45.34999847412109,45.95000076293945,44.0,44.34999847412109,44.34999847412109,1.6271854408559752,0.2259852522510375,0.09999847412108664
2018-01-30,43.84999847412109,46.0,43.84999847412109,44.95000076293945,44.95000076293945,0.3867280791467915,1.352880066429929,0.6000022888183665
2018-01-31,46.20000076293945,46.57500076293945,45.25,46.29999923706055,46.29999923706055,1.3725044897024223,3.003333595567237,1.3499984741210938
2018-02-01,46.0,48.45000076293945,45.79999923706055,47.900001525878906,47.900001525878906,1.9540139702399963,3.4557285425129036,1.6000022888183594
2018-02-02,47.79999923706055,47.900001525878906,44.5,44.84999847412109,44.84999847412109,2.195227373457195,-6.367438318577079,-3.0500030517578196
2018-02-05,44.5,45.75,41.95000076293945,42.59999847412109,42.59999847412109,1.6447413515587226,-5.016722578704824,-2.25
2018-02-08,53.25,56.92499923706055,53.25,55.400001525878906,55.400001525878906,3.58118235126449,30.046956596802808,12.80000305175782
2018-02-09,55.84999847412109,57.75,54.75,57.20000076293945,57.20000076293945,2.9187473371450743,3.2490960062875107,1.7999992370605469
2018-02-12,57.7599983215332,58.20000076293945,55.59999847412109,56.900001525878906,56.900001525878906,0.7498708895734816,-0.5244741836697986,-0.2999992370605469
2018-02-13,55.04999923706055,57.95000076293945,54.709999084472656,57.54999923706055,57.54999923706055,0.9518841086187926,1.1423509556252265,0.6499977111816406
2018-02-14,56.75,57.96200180053711,56.54999923706055,57.09999847412109,57.09999847412109,0.8814199738803686,-0.7819300936665718,-0.45000076293946023
2018-02-15,57.34999847412109,58.54999923706055,56.20000076293945,58.45000076293945,58.45000076293945,0.7608132722717693,2.364277276522553,1.3500022888183665
2018-02-16,58.04999923706055,59.20000076293945,57.525001525878906,59.04999923706055,59.04999923706055,0.45767319774008525,1.0265157678176262,0.5999984741210938
2018-02-20,58.5,59.59999847412109,58.34999847412109,58.75,58.75,0.38191824059809365,-0.5080427450238845,-0.2999992370605469
2018-02-21,58.79999923706055,59.97499847412109,58.45000076293945,58.79999923706055,58.79999923706055,0.014206083550140575,0.08510508435837227,0.049999237060546875
2018-02-22,58.54999923706055,59.34999847412109,57.755001068115234,58.09999847412109,58.09999847412109,-0.22664658177590585,-1.1904775034389137,-0.7000007629394602
2018-02-23,58.29999923706055,59.650001525878906,57.5,59.400001525878906,59.400001525878906,0.058576844161878534,2.2375268259892778,1.3000030517578196
2018-02-26,59.5,60.59999847412109,59.25,60.54999923706055,60.54999923706055,0.10847891910461906,1.936023033064438,1.1499977111816406
2018-02-27,60.29999923706055,60.84999847412109,59.55500030517578,60.09999847412109,60.09999847412109,-0.3922252738148304,-0.7431887177696828,-0.45000076293946023
2018-02-28,60.0,62.04999923706055,59.29999923706055,61.0,61.0,0.44276269823912184,1.4975067366540085,0.9000015258789134
2018-03-01,61.29999923706055,62.45000076293945,60.625,61.54999923706055,61.54999923706055,0.43362400499659587,0.90163809354189,0.5499992370605469
2018-03-02,61.04999923706055,63.75,60.70000076293945,63.275001525878906,63.275001525878906,0.6236126276701622,2.802603265963488,1.7250022888183594
2018-03-05,63.150001525878906,64.69999694824219,62.70000076293945,63.900001525878906,63.900001525878906,0.3772286480131132,0.9877518529088913,0.625
2018-03-06,64.55000305175781,65.75,63.54999923706055,65.30000305175781,65.30000305175781,0.40837235261593197,2.1909256532833155,1.4000015258789062
2018-03-07,64.4000015258789,66.0,64.30000305175781,65.30000305175781,65.30000305175781,0.2100867584458618,0.0,0.0
2018-03-08,65.4000015258789,67.4000015258789,64.80999755859375,65.3499984741211,65.3499984741211,0.5773179316389451,0.07656266466580242,0.04999542236328125
2018-03-09,65.9000015258789,69.25,65.75,68.9749984741211,68.9749984741211,1.4488606766630012,5.547054452396849,3.625
2018-03-13,72.55000305175781,73.55000305175781,71.1500015258789,71.9000015258789,71.9000015258789,0.8372897051960656,4.240671426553577,2.9250030517578125
2018-03-14,72.0,73.8499984741211,71.55000305175781,73.19999694824219,73.19999694824219,0.5702234197796157,1.8080603543455753,1.2999954223632812
2018-03-15,73.75,74.05000305175781,70.25,71.19999694824219,71.19999694824219,0.6827736418191461,-2.732240551067433,-2.0
2018-03-16,71.30000305175781,71.5,69.1500015258789,69.94999694824219,69.94999694824219,1.194901201291753,-1.755618052776986,-1.25
2018-03-19,69.30000305175781,70.5999984741211,67.05000305175781,69.05000305175781,69.05000305175781,0.5157519982156122,-1.2866246400986991,-0.899993896484375
2018-03-20,69.44999694824219,70.94999694824219,68.82499694824219,69.4000015258789,69.4000015258789,-0.42601438961943305,0.5068768409159263,0.34999847412109375
2018-03-21,69.0999984741211,71.44999694824219,69.0999984741211,69.80000305175781,69.80000305175781,0.3086884486941684,0.5763710620809492,0.40000152587890625
2018-03-22,69.0999984741211,71.0,68.8499984741211,69.05000305175781,69.05000305175781,-0.05024575300241104,-1.0744985203566038,-0.75
2018-03-23,68.80000305175781,69.16000366210938,67.3499984741211,67.3499984741211,67.3499984741211,0.6111070474435477,-2.4619905901560157,-1.7000045776367188
2018-03-26,68.5,69.24500274658203,67.0999984741211,67.94999694824219,67.94999694824219,-0.0782630625485762,0.8908663514693993,0.5999984741210938
2018-03-27,68.25,69.5,65.82499694824219,66.4000015258789,66.4000015258789,0.38781029282024854,-2.2810824017312603,-1.5499954223632812
2018-03-28,64.55000305175781,65.0999984741211,62.0,62.20000076293945,62.20000076293945,2.077626820941532,-6.325302208468376,-4.200000762939453
2018-03-29,62.5,64.4000015258789,61.54999923706055,63.79999923706055,63.79999923706055,1.05421342374234,2.572344782147362,1.5999984741210938
2018-04-02,63.09999847412109,64.1500015258789,60.75,61.5,61.5,0.8151644478720553,-3.605014521261163,-2.299999237060547
2018-04-04,59.0,62.54999923706055,58.45000076293945,62.29999923706055,62.29999923706055,1.2630806627195457,1.300811767578125,0.7999992370605469
2018-04-05,63.25,64.36499786376953,60.5,60.5,60.5,0.9457515644692028,-2.8892443966352044,-1.7999992370605469
2018-04-06,60.0,61.0,58.150001525878906,59.150001525878906,59.150001525878906,0.6369599296427988,-2.2314024365637897,-1.3499984741210938
2018-04-09,59.84999847412109,60.79999923706055,58.5,59.29999923706055,59.29999923706055,0.2847595019143964,0.2535886852276903,0.14999771118164062
2018-04-10,60.34999847412109,61.09999847412109,59.84999847412109,60.75,60.75,-0.27366275358942765,2.445195247208787,1.4500007629394531
2018-04-11,60.75,63.95000076293945,60.75,63.5,63.5,0.47065976182156954,4.526748971193406,2.75
2018-04-12,63.84999847412109,65.55000305175781,63.45000076293945,64.25,64.25,0.6589649410030917,1.1811023622047223,0.75
2018-04-13,64.19999694824219,64.69999694824219,62.75,64.30000305175781,64.30000305175781,0.2935374572657701,0.07782576149075737,0.0500030517578125
2018-04-17,59.400001525878906,63.25,59.34999847412109,61.95000076293945,61.95000076293945,1.9063965686078872,-3.6547467764919683,-2.3500022888183594
2018-04-18,61.75,63.25,60.5,63.04999923706055,63.04999923706055,-0.08331339302470898,1.775623019490169,1.0999984741210938
2018-04-19,61.59999847412109,61.79999923706055,59.75,60.04999923706055,60.04999923706055,0.8339228182119771,-4.7581285270446365,-3.0
2018-04-20,60.04999923706055,60.5,58.775001525878906,58.84999847412109,58.84999847412109,0.09308743574878584,-1.998336016961788,-1.2000007629394602
2018-04-24,54.79999923706055,56.25,53.45000076293945,55.45000076293945,55.45000076293945,1.487219139088867,-5.777396430480386,-3.3999977111816335
2018-04-25,55.70000076293945,56.400001525878906,50.150001525878906,51.20000076293945,51.20000076293945,3.1431263054418306,-7.664562563614119,-4.25
2018-04-26,51.5,52.64500045776367,50.84999847412109,51.79999923706055,51.79999923706055,0.03801478436619509,1.1718720023055074,0.5999984741210938
2018-04-27,52.150001525878906,52.75,50.04999923706055,50.20000076293945,50.20000076293945,0.5715461253805076,-3.088800188584495,-1.5999984741210938
2018-04-30,50.75,51.84999847412109,50.45000076293945,50.45000076293945,50.45000076293945,0.301593936834839,0.49800796055876617,0.25
2018-05-01,50.29999923706055,52.95000076293945,50.27099990844727,52.650001525878906,52.650001525878906,1.6552027504021405,4.360754667333078,2.200000762939453
2018-05-02,59.0,61.75,56.900001525878906,58.5,58.5,4.370717349033248,11.111107890938342,5.849998474121094
2018-05-03,57.75,59.150001525878906,57.150001525878906,58.59999847412109,58.59999847412109,0.5735903067637043,0.17093756260013748,0.09999847412108664
2018-05-04,58.650001525878906,60.09999847412109,58.400001525878906,58.95000076293945,58.95000076293945,-0.06924461526976768,0.5972735459591094,0.3500022888183665
2018-05-07,59.25,62.25,59.04999923706055,61.45000076293945,61.45000076293945,0.7062216047440483,4.24088204859141,2.5
2018-05-08,61.34999847412109,63.54999923706055,61.20000076293945,63.54999923706055,63.54999923706055,0.08539169407086923,3.4174100049606526,2.0999984741210938
2018-05-09,63.59999847412109,63.82500076293945,62.275001525878906,63.650001525878906,63.650001525878906,-0.17650401490573045,0.15736001576540648,0.10000228881835938
2018-05-10,63.650001525878906,64.0999984741211,62.82500076293945,63.34999847412109,63.34999847412109,-0.212698049984682,-0.47133235595578915,-0.3000030517578196
2018-05-11,63.04999923706055,63.900001525878906,62.34999847412109,63.09999847412109,63.09999847412109,-0.2753461970814719,-0.3946330008233967,-0.25
2018-05-14,66.44999694824219,67.3499984741211,64.1500015258789,64.5,64.5,0.7443395752424791,2.218702947279927,1.4000015258789134
2018-05-15,64.25,64.37000274658203,62.70000076293945,63.54999923706055,63.54999923706055,-0.4599237513877531,-1.4728693999061293,-0.9500007629394531
2018-05-16,63.29999923706055,64.1500015258789,63.0,63.650001525878906,63.650001525878906,-0.5255780475774792,0.15736001576540648,0.10000228881835938
2018-05-17,63.650001525878906,63.70000076293945,62.59999847412109,62.75,62.75,-0.47279006950551994,-1.4139850813876031,-0.9000015258789062
2018-05-18,62.84999847412109,62.84999847412109,61.95000076293945,62.400001525878906,62.400001525878906,-0.47014465830373614,-0.5577664926232573,-0.34999847412109375
2018-05-21,63.95000076293945,64.44999694824219,62.20000076293945,62.5,62.5,-0.7931253168487988,0.1602539610189302,0.09999847412109375
2018-05-22,62.75,64.45800018310547,62.75,63.25,63.25,-0.7314391374617485,1.200000000000001,0.75
2018-05-23,63.54999923706055,63.54999923706055,62.45000076293945,63.29999923706055,63.29999923706055,-0.5582849497086249,0.07905017717082519,0.049999237060546875
2018-05-24,63.0,63.29999923706055,61.59999847412109,62.29999923706055,62.29999923706055,-0.5929157872592495,-1.5797788500043541,-1.0
2018-05-25,62.34999847412109,64.05000305175781,62.09999847412109,63.34999847412109,63.34999847412109,-0.5995293152637091,1.685392054444712,1.0499992370605398
2018-05-29,63.0,64.44999694824219,62.04999923706055,62.95000076293945,62.95000076293945,-0.19117402247925896,-0.6314091883443895,-0.3999977111816335
2018-05-30,63.150001525878906,63.150001525878906,59.20000076293945,59.900001525878906,59.900001525878906,0.9510423868727705,-4.845113900071896,-3.049999237060547
2018-05-31,59.900001525878906,60.54999923706055,58.11000061035156,58.75,58.75,0.1957774887634856,-1.9198689425442894,-1.1500015258789062
2018-06-01,59.5,61.84999847412109,59.34999847412109,61.29999923706055,61.29999923706055,0.337908217877508,4.340424233294549,2.549999237060547
2018-06-04,61.70000076293945,61.84999847412109,59.59999847412109,60.59999847412109,60.59999847412109,-0.07489617556448769,-1.1419262180288214,-0.7000007629394602
2018-06-05,60.70000076293945,62.82500076293945,59.75,60.79999923706055,60.79999923706055,0.6433329657198235,0.3300342705864434,0.20000076293946023
2018-06-06,61.75,62.79999923706055,60.54999923706055,61.34999847412109,61.34999847412109,-0.06720043388657107,0.9046040196745375,0.5499992370605398
2018-06-07,61.95000076293945,62.650001525878906,59.5,61.09999847412109,61.09999847412109,-0.10339446896552264,-0.40749797264535426,-0.25
2018-06-08,59.650001525878906,59.84999847412109,57.29999923706055,59.0,59.0,1.0271580819059145,-3.436986131858155,-2.0999984741210866
2018-06-11,58.70000076293945,59.70000076293945,58.34999847412109,59.0,59.0,-0.7547668544229332,0.0,0.0
2018-06-12,58.70000076293945,60.20000076293945,58.70000076293945,59.95000076293945,59.95000076293945,-0.6847837035393791,1.610170784643139,0.9500007629394531
2018-06-13,59.900001525878906,60.47499847412109,58.650001525878906,58.900001525878906,58.900001525878906,-0.6037379239938198,-1.751458254708893,-1.0499992370605469
2018-06-14,59.09999847412109,60.0,58.70000076293945,59.04999923706055,59.04999923706055,-0.38260559671743466,0.2546650378535853,0.14999771118164062
2018-06-15,57.70000076293945,58.20000076293945,56.59999847412109,57.0,57.0,0.9492386974170088,-3.471632961129556,-2.049999237060547
2018-06-18,56.25,57.75,55.5,57.34999847412109,57.34999847412109,-0.6589308213401279,0.6140324107387407,0.34999847412108664
2018-06-19,55.70000076293945,56.0,54.09999847412109,55.650001525878906,55.650001525878906,0.22367455234593334,-2.9642493347393772,-1.6999969482421804
2018-06-20,56.45000076293945,57.400001525878906,55.625,56.5,56.5,-0.2957880109134379,1.5274006303949816,0.8499984741210938
2018-06-21,58.59999847412109,59.4900016784668,57.82500076293945,58.04999923706055,58.04999923706055,0.32780755692524244,2.743361481523099,1.5499992370605469
2018-06-22,58.59999847412109,58.95000076293945,56.150001525878906,57.70000076293945,57.70000076293945,0.09621383080543947,-0.6029258892696898,-0.34999847412109375
2018-06-25,56.5,57.150001525878906,55.04999923706055,55.150001525878906,55.150001525878906,0.669546585810227,-4.419409364546157,-2.549999237060547
2018-06-26,55.54999923706055,57.900001525878906,55.36100006103516,57.09999847412109,57.09999847412109,-0.2935033376028064,3.5358057920037433,1.9499969482421804
2018-06-27,57.20000076293945,57.70000076293945,55.900001525878906,55.95000076293945,55.95000076293945,-0.5433744502076614,-2.0140065532625817,-1.1499977111816335
2018-06-28,56.25,57.0,55.150001525878906,56.75,56.75,-0.40581306771490194,1.4298466955347422,0.7999992370605469
2018-06-29,56.900001525878906,58.625,56.5,57.900001525878906,57.900001525878906,0.3454837135917072,2.026434406835076,1.1500015258789062
2018-07-02,57.650001525878906,59.275001525878906,57.22499847412109,58.900001525878906,58.900001525878906,-0.31887523594718775,1.7271156712371338,1.0
2018-07-03,58.75,58.88999938964844,55.0,55.04999923706055,55.04999923706055,1.0920909023133358,-6.536506263292341,-3.8500022888183594
2018-07-05,56.25,56.59999847412109,55.29999923706055,56.29999923706055,56.29999923706055,0.12759802733569314,2.270663065074996,1.25
2018-07-06,56.45000076293945,58.09999847412109,55.150001525878906,57.95000076293945,57.95000076293945,-0.24540495211582758,2.930730991542818,1.6500015258789062
2018-07-09,57.54999923706055,58.04999923706055,55.29999923706055,56.29999923706055,56.29999923706055,0.6812104442908193,-2.8472847353854136,-1.6500015258789062
2018-07-10,56.525001525878906,57.45000076293945,55.54999923706055,57.29999923706055,57.29999923706055,-0.1454805562666291,1.7761989583504834,1.0
2018-07-11,56.20000076293945,56.95000076293945,55.76800155639648,56.150001525878906,56.150001525878906,-0.3566324685544661,-2.0069768350674644,-1.1499977111816406
2018-07-12,56.84999847412109,59.04999923706055,56.38800048828125,58.45000076293945,58.45000076293945,-0.08223117935125196,4.096169500548452,2.299999237060547
2018-07-13,58.20000076293945,60.59999847412109,58.20000076293945,58.84999847412109,58.84999847412109,0.06326643674685897,0.6843416697356997,0.3999977111816335
2018-07-16,59.09999847412109,59.60100173950195,57.29999923706055,57.84999847412109,57.84999847412109,-0.33414647333930353,-1.6992353881533973,-1.0
2018-07-17,57.45000076293945,60.20000076293945,57.09999847412109,59.29999923706055,59.29999923706055,-0.12443751261607587,2.5064836666989887,1.4500007629394602
2018-07-18,59.75,60.09999847412109,59.0,59.29999923706055,59.29999923706055,-0.474954496852434,0.0,0.0
2018-07-19,59.54999923706055,60.79999923706055,59.20000076293945,59.400001525878906,59.400001525878906,0.09224571400276371,0.1686379259780102,0.10000228881835938
2018-07-23,54.150001525878906,56.29999923706055,51.09999847412109,54.400001525878906,54.400001525878906,3.47332172180994,-8.417508201277812,-5.0
2018-07-24,54.95000076293945,55.0,52.20000076293945,53.150001525878906,53.150001525878906,1.1976668584572543,-2.2977940531956675,-1.25
2018-07-25,53.09999847412109,53.84999847412109,52.5,53.54999923706055,53.54999923706055,-0.4118253659007743,0.7525826899306587,0.3999977111816406
2018-07-26,53.0,54.84999847412109,52.7400016784668,54.75,54.75,-0.30023711157098343,2.2408978151935433,1.2000007629394531
2018-07-27,54.84999847412109,55.29999923706055,52.900001525878906,53.20000076293945,53.20000076293945,-0.0923318403035175,-2.8310488348137874,-1.5499992370605469
2018-07-30,53.29999923706055,53.45000076293945,52.0,52.09999847412109,52.09999847412109,-0.17085245461101042,-2.067673445570062,-1.1000022888183665
2018-07-31,52.0,53.34999847412109,51.54999923706055,52.25,52.25,0.48292485012074915,0.28791080666425994,0.15000152587891336
2018-08-01,54.0,55.59999847412109,53.34999847412109,53.45000076293945,53.45000076293945,0.6697870777376619,2.2966521778745586,1.2000007629394531
2018-08-02,53.20000076293945,54.45000076293945,52.84999847412109,53.5,53.5,-0.07140904261668173,0.09354394077991657,0.049999237060546875
2018-08-03,54.20000076293945,55.17499923706055,54.0,54.84999847412109,54.84999847412109,0.5672172706866795,2.5233616338711906,1.3499984741210866
2018-08-06,54.900001525878906,56.25,54.32500076293945,56.09999847412109,56.09999847412109,-0.2145017394404437,2.2789426340454,1.25
2018-08-07,56.5,59.0,56.20000076293945,57.84999847412109,57.84999847412109,2.219396812164402,3.119429674864027,1.75
2018-08-09,57.29999923706055,59.54999923706055,56.150001525878906,58.45000076293945,58.45000076293945,1.6074651028063138,1.0371690659365829,0.6000022888183665
2018-08-10,57.79999923706055,59.95000076293945,57.400001525878906,58.59999847412109,58.59999847412109,0.49338624896416705,0.2566256787403409,0.14999771118163352
2018-08-13,58.84999847412109,59.79999923706055,57.70000076293945,58.29999923706055,58.29999923706055,0.0021814871783958707,-0.5119441038774486,-0.29999923706053977
2018-08-14,58.75,60.09999847412109,58.22499847412109,59.59999847412109,59.59999847412109,-0.161593515404767,2.229844346608756,1.2999992370605398
2018-08-15,58.84999847412109,59.92499923706055,58.13600158691406,59.20000076293945,59.20000076293945,0.17497493704036726,-0.6711371164804913,-0.3999977111816335
2018-08-16,59.45000076293945,61.32500076293945,59.0,60.29999923706055,60.29999923706055,0.016370510897054623,1.858105506663632,1.0999984741210938
2018-08-17,59.95000076293945,60.45000076293945,59.10499954223633,59.95000076293945,59.95000076293945,-0.042309519397059535,-0.580428654310805,-0.34999847412109375
2018-08-20,59.75,60.29999923706055,59.0099983215332,60.150001525878906,60.150001525878906,-0.26981488275046933,0.3336126111662896,0.20000076293945312
2018-08-21,60.5,62.400001525878906,60.5,61.84999847412109,61.84999847412109,0.14527418400215786,2.826262518897482,1.6999969482421804
2018-08-22,61.79999923706055,63.400001525878906,61.79999923706055,63.150001525878906,63.150001525878906,0.019496905953708246,2.1018643230876766,1.3000030517578196
2018-08-23,63.150001525878906,64.78399658203125,63.04999923706055,64.5999984741211,64.5999984741211,0.3644825758590638,2.2961154603424294,1.4499969482421875
2018-08-24,64.94999694824219,65.4000015258789,64.0,65.0999984741211,65.0999984741211,0.0843094803974122,0.7739938263315871,0.5
2018-08-27,65.44999694824219,66.7249984741211,64.30000305175781,66.4000015258789,66.4000015258789,-0.1506511327064793,1.9969325379855407,1.3000030517578125
2018-08-28,66.80000305175781,68.25,66.1500015258789,68.1500015258789,68.1500015258789,0.1328888497392608,2.6355421081096564,1.75
2018-08-29,68.1500015258789,69.25,67.80000305175781,68.80000305175781,68.80000305175781,-0.0335315640456859,0.9537806475794053,0.6500015258789062
2018-08-30,68.8499984741211,69.94999694824219,68.05000305175781,68.4000015258789,68.4000015258789,0.6296249258560346,-0.5813975408954342,-0.40000152587890625
2018-08-31,68.5,68.94999694824219,67.80000305175781,67.9000015258789,67.9000015258789,0.38372193005385535,-0.7309941357396377,-0.5
2018-09-04,67.94999694824219,69.322998046875,67.5999984741211,67.9000015258789,67.9000015258789,0.23810406799202696,0.0,0.0
2018-09-05,68.5,68.8499984741211,66.0999984741211,68.0999984741211,68.0999984741211,0.47931747120922574,0.2945463089068845,0.1999969482421875
2018-09-06,68.0,68.25,64.69999694824219,64.9000015258789,64.9000015258789,0.4464903231143627,-4.698967723851311,-3.1999969482421875
2018-09-07,64.8499984741211,67.94999694824219,64.5999984741211,65.80000305175781,65.80000305175781,0.37831086168657024,1.3867511628948614,0.9000015258789062
2018-09-10,65.9000015258789,65.9000015258789,64.94999694824219,65.1500015258789,65.1500015258789,-0.5347167408200052,-0.9878442184381386,-0.6500015258789062
2018-09-11,64.5999984741211,64.7750015258789,60.84999847412109,61.29999923706055,61.29999923706055,1.2867691175718827,-5.909443129159497,-3.8500022888183594
2018-09-12,60.900001525878906,61.54999923706055,58.34999847412109,60.70000076293945,60.70000076293945,1.1660421699995658,-0.9787903451691227,-0.5999984741210938
2018-09-13,60.650001525878906,61.95000076293945,59.79999923706055,60.04999923706055,60.04999923706055,0.19541675087233326,-1.0708426980379326,-0.6500015258789062
2018-09-14,60.45000076293945,61.400001525878906,60.150001525878906,61.0,61.0,-0.36011960150227207,1.5820162781170266,0.9500007629394531
2018-09-17,61.150001525878906,61.650001525878906,59.900001525878906,60.95000076293945,60.95000076293945,-0.4143505311388407,-0.08196596239433696,-0.049999237060546875
2018-09-18,60.900001525878906,61.59999847412109,60.04999923706055,60.400001525878906,60.400001525878906,-0.6610952486870421,-0.9023777361377383,-0.5499992370605469
2018-09-19,60.75,61.0,59.650001525878906,60.25,60.25,-0.7615006283911103,-0.2483468908765496,-0.15000152587890625
2018-09-20,60.54999923706055,63.25,60.32500076293945,63.150001525878906,63.150001525878906,0.38781029282024854,4.813280540877862,2.9000015258789062
2018-09-21,63.150001525878906,63.45000076293945,61.150001525878906,61.5,61.5,-0.15089162463391423,-2.612828956469204,-1.6500015258789062
2018-09-24,61.400001525878906,62.45000076293945,61.04999923706055,62.150001525878906,62.150001525878906,-0.6303122819753756,1.056913050209607,0.6500015258789062
2018-09-25,62.45000076293945,63.09999847412109,61.79999923706055,62.59999847412109,62.59999847412109,-0.7223004442192226,0.7240497782687871,0.4499969482421804
2018-09-26,62.84999847412109,63.04999923706055,60.7599983215332,61.25,61.25,-0.2739032455168625,-2.156547135826492,-1.3499984741210866
2018-09-27,60.900001525878906,61.84999847412109,60.400001525878906,61.25,61.25,-0.767873664468135,0.0,0.0
2018-09-28,60.84999847412109,61.25,59.150001525878906,59.95000076293945,59.95000076293945,0.2305285722778278,-2.122447733976407,-1.2999992370605469
2018-10-01,60.59999847412109,60.63999938964844,59.84999847412109,60.13999938964844,60.13999938964844,-0.35795517415535805,0.31692848088575865,0.18999862670898438
2018-10-02,60.150001525878906,61.34999847412109,59.88999938964844,60.209999084472656,60.209999084472656,-0.5926752953318146,0.11639457188998836,0.06999969482421875
2018-10-03,60.43999862670898,61.83000183105469,60.04999923706055,61.15999984741211,61.15999984741211,-0.8118836871887206,1.5778122859736898,0.9500007629394531
2018-10-04,60.83000183105469,61.0,58.790000915527344,59.36000061035156,59.36000061035156,-0.25237921801143953,-2.9430988252965307,-1.7999992370605469
2018-10-05,58.900001525878906,58.900001525878906,53.63999938964844,54.91999816894531,54.91999816894531,2.1761082652261208,-7.47978840254927,-4.44000244140625
2018-10-08,54.97999954223633,56.47999954223633,54.29999923706055,55.9900016784668,55.9900016784668,0.7846219730878238,1.9482948747192808,1.0700035095214844
2018-10-09,55.66999816894531,57.52000045776367,55.4900016784668,57.2599983215332,57.2599983215332,-0.09341405397697453,2.2682561260840783,1.2699966430664062
2018-10-10,57.25,57.45000076293945,55.40499877929688,55.58000183105469,55.58000183105469,1.317792576210984,-2.93397928697936,-1.6799964904785156
2018-10-11,56.869998931884766,58.7599983215332,56.0,56.93999862670898,56.93999862670898,0.7331567006167564,2.4469175078263516,1.3599967956542898
2018-10-12,59.09999847412109,59.900001525878906,57.09999847412109,58.29999923706055,58.29999923706055,0.1719687879474311,2.388480230334311,1.3600006103515696
2018-10-15,57.75,59.119998931884766,57.09000015258789,58.43999862670898,58.43999862670898,-0.6704744338570029,0.2401361774966082,0.1399993896484304
2018-10-16,58.63999938964844,62.560001373291016,58.619998931884766,61.93000030517578,61.93000030517578,0.24327464443187719,5.97194004188728,3.490001678466804
2018-10-17,62.220001220703125,63.310001373291016,61.060001373291016,62.36000061035156,62.36000061035156,-0.061067889736981275,0.6943328000271975,0.43000030517578125
2018-10-18,61.9900016784668,63.34000015258789,61.59999847412109,62.220001220703125,62.220001220703125,-0.26211914107255274,-0.22450190551345228,-0.1399993896484375
2018-10-19,62.59000015258789,63.470001220703125,61.63999938964844,62.08000183105469,62.08000183105469,0.009035507110290351,-0.22500705062965531,-0.1399993896484375
2018-10-22,62.209999084472656,63.95000076293945,57.20000076293945,59.11000061035156,59.11000061035156,2.5816979008450702,-4.784151309765949,-2.970001220703125
2018-10-23,56.0,58.77999877929688,54.040000915527344,57.84000015258789,57.84000015258789,1.8846320491750292,-2.1485373788699746,-1.2700004577636719
2018-10-24,58.27000045776367,58.27000045776367,53.43999862670898,53.45000076293945,53.45000076293945,1.0108046308403418,-7.58990210592525,-4.3899993896484375
2018-10-25,53.84999847412109,56.540000915527344,53.5099983215332,55.52999877929688,55.52999877929688,0.4736659109145057,3.891483604616952,2.079998016357429
2018-10-26,54.02999877929688,56.630001068115234,54.02999877929688,55.52000045776367,55.52000045776367,0.07000021071503601,-0.01800526157572646,-0.00999832153321023
2018-10-29,56.77000045776367,57.18999862670898,52.09999847412109,53.040000915527344,53.040000915527344,0.13637598268706677,-4.466857928293722,-2.479999542236328
2018-10-30,52.900001525878906,54.83000183105469,52.5,54.77999877929688,54.77999877929688,-0.1976673045200011,3.2805389022158904,1.7399978637695384
2018-10-31,55.95000076293945,56.5,54.5,54.650001525878906,54.650001525878906,1.1041154986850805,-0.23730787936254716,-0.12999725341797586
2018-11-01,56.36000061035156,58.33000183105469,54.33000183105469,56.31999969482422,56.31999969482422,4.338371184793254,3.0558062622459525,1.6699981689453125
2018-11-02,55.2400016784668,56.15999984741211,51.65999984741211,52.34000015258789,52.34000015258789,2.5321565637934818,-7.066760589137733,-3.979999542236328
2018-11-05,52.619998931884766,53.560001373291016,51.34999847412109,53.369998931884766,53.369998931884766,0.4830450960844666,1.9678998400727954,1.029998779296875
2018-11-06,53.52999877929688,56.040000915527344,53.380001068115234,55.09999847412109,55.09999847412109,0.3502935521404051,3.2415206611570158,1.729999542236321
2018-11-07,55.4900016784668,57.470001220703125,55.09000015258789,56.91999816894531,56.91999816894531,-0.3115402321604235,3.3030848370695143,1.8199996948242259
2018-11-08,56.95000076293945,58.88999938964844,56.70000076293945,58.31999969482422,58.31999969482422,-0.08619929615392771,2.45959517026606,1.4000015258789062
2018-11-09,58.290000915527344,58.400001525878906,55.2400016784668,55.95000076293945,55.95000076293945,1.1329745299772678,-4.063784198022036,-2.3699989318847656
2018-11-14,39.20000076293945,39.869998931884766,38.41999816894531,38.84999847412109,38.84999847412109,2.0854428085831658,-30.563006355033306,-17.100002288818366
2018-11-15,38.869998931884766,41.09999847412109,38.84999847412109,41.08000183105469,41.08000183105469,1.4103819682734182,5.740034606228006,2.230003356933601
2018-11-16,40.720001220703125,42.25,40.2599983215332,41.52000045776367,41.52000045776367,0.5774381776026626,1.0710774272078227,0.4399986267089844
2018-11-19,40.38999938964844,40.5,38.119998931884766,39.43999862670898,39.43999862670898,0.8816604658078036,-5.009638266190731,-2.0800018310546946
2018-11-20,37.59999847412109,41.130001068115234,37.290000915527344,39.93000030517578,39.93000030517578,0.11076359241525055,1.2423978081352427,0.490001678466804
2018-11-21,41.13999938964844,41.46699905395508,40.09999847412109,40.27999877929688,40.27999877929688,0.08442972636112965,0.8765301063013764,0.34999847412110086
2018-11-23,39.650001525878906,40.4900016784668,39.560001373291016,39.84999847412109,39.84999847412109,-0.7263888069856158,-1.067528098826076,-0.43000030517579546
2018-11-26,41.0,43.22999954223633,40.43999862670898,43.060001373291016,43.060001373291016,1.5457789234192636,8.055214609994344,3.210002899169929
2018-11-27,42.59999847412109,43.880001068115234,41.81999969482422,42.810001373291016,42.810001373291016,0.34464199184568506,-0.5805852113954346,-0.25
2018-11-28,43.59999847412109,44.2400016784668,42.34000015258789,44.209999084472656,44.209999084472656,0.20407446025998946,3.2702585056563205,1.3999977111816406
2018-11-29,44.09999847412109,44.900001525878906,43.369998931884766,44.38999938964844,44.38999938964844,0.2977460659958807,0.40714840285758225,0.18000030517578125
2018-11-30,44.060001373291016,44.59999847412109,43.36000061035156,44.470001220703125,44.470001220703125,-0.1906930386243892,0.18022489784792484,0.0800018310546875
2018-12-03,47.0,47.93000030517578,46.0,47.77000045776367,47.77000045776367,1.178788242153615,7.420731159153249,3.299999237060547
2018-12-04,46.84999847412109,47.2599983215332,44.52999877929688,45.119998931884766,45.119998931884766,0.5147900305058726,-5.5474178364765425,-2.6500015258789062
2018-12-06,43.0099983215332,45.09999847412109,42.400001525878906,44.72999954223633,44.72999954223633,2.3381998243172397,-0.8643603698599289,-0.3899993896484375
2018-12-07,44.209999084472656,44.90999984741211,41.18999862670898,41.90999984741211,41.90999984741211,0.9547700117480113,-6.304493010695056,-2.8199996948242188
2018-12-10,41.79999923706055,43.790000915527344,40.63999938964844,43.400001525878906,43.400001525878906,1.9948975979039283,3.555241431380729,1.4900016784667969
2018-12-11,44.290000915527344,45.47999954223633,43.38999938964844,44.16999816894531,44.16999816894531,2.645909245470187,1.7741857511393455,0.7699966430664062
2018-12-12,45.0,45.45000076293945,44.060001373291016,44.86000061035156,44.86000061035156,0.5634896458114387,1.5621518451666372,0.69000244140625
2018-12-13,45.650001525878906,45.720001220703125,43.33000183105469,43.86000061035156,43.86000061035156,-0.08307290109727408,-2.2291573481816873,-1.0
2018-12-14,43.59000015258789,44.54999923706055,43.27999877929688,43.459999084472656,43.459999084472656,-0.013931471959742033,-0.9119961703431878,-0.40000152587890625
2018-12-17,43.470001220703125,44.40999984741211,42.27000045776367,42.83000183105469,42.83000183105469,0.317466404045542,-1.4496025464553086,-0.6299972534179688
2018-12-18,43.34000015258789,43.84000015258789,41.869998931884766,42.220001220703125,42.220001220703125,0.3299719842721565,-1.4242367132220601,-0.6100006103515625
2018-12-19,41.93999862670898,43.310001373291016,41.27999877929688,41.720001220703125,41.720001220703125,-0.10892578329652519,-1.1842728222253518,-0.5
2018-12-20,41.09999847412109,42.52000045776367,40.09000015258789,40.83000183105469,40.83000183105469,0.2696085104859981,-2.1332678897592716,-0.8899993896484375
2018-12-21,40.84999847412109,41.31999969482422,37.310001373291016,37.97999954223633,37.97999954223633,1.589187716321262,-6.980166938544419,-2.8500022888183594
2018-12-24,37.66999816894531,38.595001220703125,37.310001373291016,37.54999923706055,37.54999923706055,-0.6916377234712736,-1.1321756460201948,-0.43000030517578125
2018-12-26,37.95000076293945,40.13999938964844,37.5,40.09999847412109,40.09999847412109,0.228965374749501,6.790943512307135,2.5499992370605398
2018-12-27,39.41999816894531,40.7599983215332,38.70000076293945,40.66999816894531,40.66999816894531,-0.15004990288789208,1.4214456770916817,0.5699996948242259
2018-12-28,41.0,42.41999816894531,40.2400016784668,41.56999969482422,41.56999969482422,0.06326643674685897,2.2129372176026507,0.9000015258789062
2018-12-31,42.0,42.25,40.790000915527344,42.0099983215332,42.0099983215332,-0.48168827082061105,1.0584523212391783,0.4399986267089844
2019-01-02,41.27999877929688,43.18000030517578,40.58000183105469,42.59000015258789,42.59000015258789,-0.2633216007097272,1.380628074810919,0.5800018310546875
2019-01-03,39.095001220703125,40.40999984741211,38.72999954223633,39.0099983215332,39.0099983215332,1.3979966340105212,-8.405733313520914,-3.5800018310546875
2019-01-04,39.93000030517578,41.90999984741211,39.70000076293945,41.790000915527344,41.790000915527344,0.09958071778952797,7.126384808018815,2.7800025939941406
2019-01-07,41.84000015258789,42.25,40.90999984741211,42.22999954223633,42.22999954223633,-0.15618244703748188,1.052880155706104,0.4399986267089844
2019-01-08,42.900001525878906,43.77000045776367,42.25,43.459999084472656,43.459999084472656,-0.24841110120876378,2.9126203068180034,1.2299995422363281
2019-01-09,43.5,45.43999862670898,43.400001525878906,44.75,44.75,0.3250418997597412,2.9682488327254397,1.2900009155273438
2019-01-10,44.59000015258789,45.959999084472656,44.31999969482422,45.09000015258789,45.09000015258789,-0.22712756563077563,0.7597768772913849,0.3400001525878906
2019-01-11,44.83000183105469,45.93000030517578,44.560001373291016,45.72999954223633,45.72999954223633,-0.4536709612744459,1.4193820968787518,0.6399993896484375
2019-01-14,45.38999938964844,45.709999084472656,44.33000183105469,45.34999847412109,45.34999847412109,-0.45234825567355397,-0.8309667000199084,-0.3800010681152415
2019-01-15,45.52999877929688,46.2599983215332,45.20000076293945,45.90999984741211,45.90999984741211,-0.084395606698166,1.2348432020578448,0.5600013732910227
2019-01-16,45.93000030517578,46.25,45.45000076293945,45.68999862670898,45.68999862670898,-0.5264197693235013,-0.4792010922115786,-0.2200012207031321
2019-01-17,45.59000015258789,46.459999084472656,45.400001525878906,46.0,46.0,-0.2749854591903196,0.6784884714568618,0.31000137329102273
2019-01-18,46.0,47.31999969482422,45.61000061035156,47.02999877929688,47.02999877929688,-0.016697129125243314,2.2391277810801746,1.029998779296882
2019-01-22,46.88999938964844,47.0,45.02999877929688,45.33000183105469,45.33000183105469,-0.5968839040619253,-3.6147076171955006,-1.6999969482421946
2019-01-23,45.5,46.13999938964844,45.2599983215332,46.0,46.0,-0.4925104075551813,1.4780457575148676,0.6699981689453125
2019-01-24,46.18000030517578,47.77999877929688,46.15999984741211,47.7400016784668,47.7400016784668,-0.3328237677384116,3.7826123444930415,1.7400016784667969
2019-01-25,48.2599983215332,49.15999984741211,48.08000183105469,49.040000915527344,49.040000915527344,-0.5000859032693804,2.7230816743915476,1.2999992370605469
2019-01-28,48.09999847412109,48.97999954223633,46.71500015258789,47.310001373291016,47.310001373291016,-0.062270349374155744,-3.5277314639865054,-1.7299995422363281
2019-01-29,47.290000915527344,47.52999877929688,44.29999923706055,44.36000061035156,44.36000061035156,0.37915258343259234,-6.235469620182432,-2.950000762939453
2019-01-30,45.77000045776367,47.33000183105469,44.900001525878906,46.84000015258789,46.84000015258789,0.7282266161043411,5.59062107329551,2.479999542236328
2019-01-31,47.33000183105469,49.310001373291016,47.09999847412109,48.90999984741211,48.90999984741211,0.695399468009478,4.419299077884076,2.0699996948242188
2019-02-01,49.150001525878906,51.09000015258789,48.650001525878906,49.91999816894531,49.91999816894531,1.263200908683263,2.06501395355585,1.0099983215332031
2019-02-04,50.04999923706055,50.84000015258789,49.34000015258789,49.63999938964844,49.63999938964844,1.0521692423591436,-0.5608950111521849,-0.279998779296875
2019-02-05,48.58000183105469,48.900001525878906,46.34000015258789,47.25,47.25,2.7964571920444308,-4.814664421907366,-2.3899993896484375
2019-02-06,47.720001220703125,48.25,46.369998931884766,46.75,46.75,0.6524716589623495,-1.0582010582010581,-0.5
2019-02-07,46.08000183105469,46.20000076293945,42.06999969482422,42.709999084472656,42.709999084472656,2.884477237485602,-8.641713188293787,-4.040000915527344
2019-02-08,42.18000030517578,42.720001220703125,41.09999847412109,42.33000183105469,42.33000183105469,1.355429562854545,-0.889714965028221,-0.37999725341796875
2019-02-11,42.58000183105469,44.31999969482422,41.70000076293945,44.25,44.25,1.2443222923796238,4.535785697832728,1.9199981689453125
2019-02-12,44.5099983215332,45.84000015258789,43.77999877929688,44.43999862670898,44.43999862670898,1.1967048907475148,0.42937542759091674,0.18999862670897727
2019-02-13,44.81999969482422,46.209999084472656,44.66999816894531,45.52000045776367,45.52000045776367,0.5068537969005211,2.430247219687365,1.0800018310546946
2019-02-14,45.54999923706055,46.220001220703125,45.220001220703125,45.75,45.75,0.3065240213472543,0.5052713970197242,0.22999954223632812
2019-02-15,45.95000076293945,46.7400016784668,45.47999954223633,46.650001525878906,46.650001525878906,-0.11782398461161628,1.9672164500085465,0.9000015258789062
2019-02-19,46.47999954223633,47.2400016784668,46.27999877929688,46.88999938964844,46.88999938964844,-0.1334559598948844,0.5144648572763533,0.23999786376953125
2019-02-20,46.88999938964844,48.650001525878906,46.88999938964844,48.06999969482422,48.06999969482422,0.09140399225674158,2.516528727949363,1.1800003051757812
2019-02-21,48.02999877929688,48.71500015258789,47.09999847412109,47.52999877929688,47.52999877929688,-0.4185591398689513,-1.1233636757969068,-0.5400009155273366
2019-02-22,47.81999969482422,50.790000915527344,47.52999877929688,50.61000061035156,50.61000061035156,0.8286319958084094,6.480121839170483,3.0800018310546804
2019-02-25,51.0,52.119998931884766,50.90999984741211,51.2400016784668,51.2400016784668,0.4005563649742979,1.244815373478536,0.6300010681152344
2019-02-26,51.0,52.06999969482422,50.70000076293945,50.84000015258789,50.84000015258789,0.5500220978750846,-0.7806430772366757,-0.40000152587890625
2019-02-27,50.619998931884766,50.84999847412109,49.72999954223633,50.61000061035156,50.61000061035156,-0.454512683020468,-0.4523987835287624,-0.22999954223632812
2019-02-28,50.43000030517578,50.59999847412109,49.68000030517578,49.75,49.75,-0.4935926212286383,-1.6992701046829484,-0.8600006103515625
2019-03-01,50.31999969482422,51.72999954223633,49.970001220703125,50.0099983215332,50.0099983215332,-0.18804762742260536,0.522609691524023,0.2599983215332031
2019-03-04,51.25,51.60300064086914,50.02000045776367,50.7599983215332,50.7599983215332,0.009155753074007799,1.4997001103218777,0.75
2019-03-05,50.68000030517578,51.08000183105469,47.5,47.810001373291016,47.810001373291016,0.7737998363532536,-5.811656906597551,-2.9499969482421875
2019-03-06,47.95000076293945,48.380001068115234,46.29999923706055,46.88999938964844,46.88999938964844,0.3672482330245651,-1.9242877164118544,-0.9200019836425781
2019-03-07,46.900001525878906,47.34000015258789,45.959999084472656,46.33000183105469,46.33000183105469,-0.13838604440729974,-1.194279304506407,-0.55999755859375
2019-03-08,45.70000076293945,46.900001525878906,45.16999816894531,46.86000061035156,46.86000061035156,0.5135875708686981,1.1439645118719088,0.529998779296875
2019-03-11,47.34000015258789,49.560001373291016,47.13999938964844,49.560001373291016,49.560001373291016,0.22138987903530183,5.761845343089922,2.700000762939453
2019-03-12,49.619998931884766,50.59999847412109,49.09999847412109,50.04999923706055,50.04999923706055,0.06278545289198918,0.9886962271829169,0.48999786376953125
2019-03-13,50.970001220703125,51.7400016784668,50.810001373291016,51.5,51.5,0.9796609262375229,2.8971044656195932,1.4500007629394531
2019-03-14,51.65999984741211,51.959999084472656,50.95000076293945,51.369998931884766,51.369998931884766,0.22102914114414948,-0.25242925847618336,-0.13000106811523438
2019-03-15,51.70000076293945,53.65999984741211,51.505001068115234,53.5,53.5,1.8130857007631485,4.1463911084357985,2.1300010681152344
2019-03-18,53.380001068115234,53.95000076293945,51.880001068115234,52.68000030517578,52.68000030517578,0.8493143015678103,-1.5327097099518072,-0.8199996948242188
2019-03-19,52.79999923706055,53.09999847412109,50.880001068115234,51.2400016784668,51.2400016784668,0.056893400669834275,-2.7334825709321553,-1.4399986267089844
2019-03-20,51.34000015258789,51.4900016784668,49.59999847412109,49.65999984741211,49.65999984741211,0.28896811064450706,-3.0835319658443106,-1.5800018310546875
2019-03-21,49.65999984741211,52.209999084472656,49.46500015258789,52.09999847412109,52.09999847412109,0.7978490290967429,4.913408445844225,2.4399986267089773
2019-03-22,53.86000061035156,54.34000015258789,51.84000015258789,52.84000015258789,52.84000015258789,1.9217880519637205,1.4203487526671887,0.740001678466804
2019-03-25,52.58000183105469,53.20000076293945,51.2599983215332,51.900001525878906,51.900001525878906,0.7430168696415871,-1.7789527327678245,-0.9399986267089844
2019-03-26,52.7599983215332,53.84000015258789,52.130001068115234,53.40999984741211,53.40999984741211,0.06879775107786153,2.9094379135620407,1.5099983215332031
2019-03-27,55.0,56.18000030517578,53.93999862670898,54.880001068115234,54.880001068115234,0.8893562074857202,2.7522958713776413,1.470001220703125
2019-03-28,54.970001220703125,55.75,54.04999923706055,55.16999816894531,55.16999816894531,0.19734068629181242,0.5284203629481343,0.2899971008300781
2019-03-29,55.93999862670898,56.95000076293945,55.61000061035156,56.540000915527344,56.540000915527344,2.282285451188627,2.48323870228655,1.3700027465820312
2019-04-01,57.060001373291016,57.97999954223633,56.7599983215332,57.59999847412109,57.59999847412109,0.7081455401635275,1.8747745692070605,1.059997558593743
2019-04-02,57.4900016784668,58.20000076293945,56.5,57.900001525878906,57.900001525878906,0.19553699683605072,0.5208386453215086,0.3000030517578196
2019-04-03,58.04999923706055,59.58000183105469,57.95100021362305,58.59000015258789,58.59000015258789,0.8211767460579277,1.1917074413211992,0.6899986267089844
2019-04-04,58.79999923706055,59.10499954223633,57.7400016784668,59.04999923706055,59.04999923706055,-0.44164636490270115,0.7851153495044727,0.45999908447265625
2019-04-05,59.13999938964844,59.72999954223633,58.54999923706055,58.709999084472656,58.709999084472656,-0.41831864794151646,-0.575783500390803,-0.3400001525878906
2019-04-08,58.400001525878906,59.119998931884766,57.54999923706055,59.11000061035156,59.11000061035156,-0.3443673802552865,0.6813175474647437,0.40000152587890625
2019-04-09,59.11000061035156,59.38999938964844,58.59000015258789,59.04999923706055,59.04999923706055,-0.07297224014500853,-0.10150798963197705,-0.060001373291015625
2019-04-10,59.18999862670898,60.07099914550781,58.5,59.88999938964844,59.88999938964844,-0.41699594234062454,1.4225235621352805,0.8400001525878906
2019-04-11,59.79999923706055,60.150001525878906,58.59999847412109,58.88999938964844,58.88999938964844,-0.556481260252863,-1.6697278513795433,-1.0
2019-04-12,60.060001373291016,61.0,59.52999877929688,60.650001525878906,60.650001525878906,0.2284843908946312,2.9886265146401803,1.7600021362304688
2019-04-15,60.540000915527344,60.83000183105469,59.77000045776367,60.72999954223633,60.72999954223633,-0.47555572667102125,0.13190109537473127,0.07999801635742188
2019-04-16,61.2400016784668,61.54999923706055,59.95000076293945,60.72999954223633,60.72999954223633,-0.05493534558739147,0.0,0.0
2019-04-17,61.36000061035156,61.61000061035156,60.11000061035156,60.13999938964844,60.13999938964844,-0.2837634145416932,-0.9715135139718889,-0.5900001525878906
2019-04-18,60.27000045776367,61.11000061035156,59.400001525878906,60.75,60.75,-0.25009454470080805,1.0143009919227897,0.6100006103515625
2019-04-22,60.459999084472656,61.27999877929688,60.07500076293945,60.25,60.25,-0.2531006937937442,-0.8230452674897082,-0.5
2019-04-23,60.79999923706055,62.16999816894531,60.63999938964844,62.09000015258789,62.09000015258789,0.28211409071261256,3.0539421619716123,1.8400001525878906
2019-04-24,62.09000015258789,62.70000076293945,61.150001525878906,61.810001373291016,61.810001373291016,-0.7277115125865077,-0.4509563192281685,-0.279998779296875
2019-04-25,61.7400016784668,61.7400016784668,59.65999984741211,60.619998931884766,60.619998931884766,-0.5243755879403047,-1.9252587202181592,-1.19000244140625
2019-04-26,60.02000045776367,60.310001373291016,58.68999862670898,60.18999862670898,60.18999862670898,-0.10375520685667497,-0.7093373684466053,-0.43000030517578836
2019-04-29,60.02999877929688,61.43000030517578,59.79999923706055,60.90999984741211,60.90999984741211,-0.628027608664744,1.196214050723765,0.7200012207031321
2019-04-30,62.5099983215332,62.91999816894531,60.09000015258789,61.970001220703125,61.970001220703125,0.27273490554265173,1.7402747922286466,1.0600013732910156
2019-05-01,62.95000076293945,63.93999862670898,61.810001373291016,61.880001068115234,61.880001068115234,-0.002027121551714776,-0.14523180702765703,-0.09000015258789062
2019-05-02,61.52000045776367,63.619998931884766,61.52000045776367,62.59000015258789,62.59000015258789,-0.14692350783123848,1.1473805304093476,0.7099990844726562
2019-05-03,62.59999847412109,63.869998931884766,62.0,63.7400016784668,63.7400016784668,-0.29181989411076215,1.8373566433540933,1.1500015258789062
2019-05-06,61.29999923706055,62.58000183105469,60.310001373291016,61.38999938964844,61.38999938964844,0.9508018949453356,-3.686856333441635,-2.3500022888183594
2019-05-07,59.0,62.72999954223633,57.790000915527344,60.2599983215332,60.2599983215332,2.3626097549518814,-1.8406924244175449,-1.1300010681152344
2019-05-08,60.619998931884766,61.15999984741211,59.0099983215332,59.90999984741211,59.90999984741211,0.30880869465788585,-0.5808139460170336,-0.34999847412109375
2019-05-09,58.84999847412109,59.665000915527344,57.70500183105469,59.400001525878906,59.400001525878906,0.290290816245399,-0.8512741158940851,-0.5099983215332031
2019-05-10,58.63999938964844,59.665000915527344,56.93000030517578,59.130001068115234,59.130001068115234,0.22728193125745674,-0.45454621351489477,-0.2700004577636719
2019-05-13,56.79999923706055,57.22999954223633,55.220001220703125,55.459999084472656,55.459999084472656,0.681931920073124,-6.206666526886906,-3.670001983642578
2019-05-14,56.38999938964844,57.81999969482422,55.76900100708008,57.34999847412109,57.34999847412109,0.17497493704036726,3.4078604775483745,1.8899993896484304
2019-05-15,56.130001068115234,57.83000183105469,55.64500045776367,56.75,56.75,-0.0803072439317728,-1.0462048650129119,-0.5999984741210866
2019-05-16,53.97999954223633,54.02999877929688,50.13999938964844,50.20000076293945,50.20000076293945,4.33572577359147,-11.541848875877614,-6.549999237060547
2019-05-17,49.27000045776367,49.52999877929688,46.04999923706055,46.31999969482422,46.31999969482422,3.392396188228098,-7.729085675591618,-3.8800010681152344
2019-05-20,44.4900016784668,46.25,44.0,44.41999816894531,44.41999816894531,3.0854082428574556,-4.1019031485253095,-1.9000015258789062
2019-05-21,47.09999847412109,48.619998931884766,45.880001068115234,46.15999984741211,46.15999984741211,2.5737616672397188,3.917158375038521,1.7400016784667969
2019-05-22,45.90999984741211,46.83000183105469,45.209999084472656,45.27000045776367,45.27000045776367,0.5410036505962761,-1.92807494062055,-0.8899993896484375
2019-05-23,44.400001525878906,45.56999969482422,44.040000915527344,44.150001525878906,44.150001525878906,0.3510150279227097,-2.4740422367119486,-1.1199989318847656
2019-05-24,44.720001220703125,45.29999923706055,44.20000076293945,44.40999984741211,44.40999984741211,-0.6143195688009552,0.5888976501638554,0.2599983215332031
2019-05-28,44.45000076293945,44.630001068115234,41.959999084472656,42.90999984741211,42.90999984741211,0.6699073237013793,-3.377617665286725,-1.5
2019-05-29,42.15999984741211,42.81999969482422,41.68000030517578,42.04999923706055,42.04999923706055,0.2993092635242075,-2.0041962559070647,-0.8600006103515625
2019-05-30,42.380001068115234,43.540000915527344,41.810001373291016,42.130001068115234,42.130001068115234,-0.09990733601771667,0.19025406065686923,0.0800018310546875
2019-05-31,41.06999969482422,41.5,40.27999877929688,40.470001220703125,40.470001220703125,-0.009362125338479046,-3.940184679151193,-1.6599998474121094
2019-06-03,40.34000015258789,41.86000061035156,40.290000915527344,41.2599983215332,41.2599983215332,0.25638145447707894,1.9520560341024673,0.7899971008300781
2019-06-04,42.08000183105469,43.97999954223633,42.007999420166016,43.869998931884766,43.869998931884766,0.7172842334060534,6.325740951350034,2.6100006103515625
2019-06-05,44.310001373291016,44.59999847412109,41.7599983215332,43.060001373291016,43.060001373291016,-0.22760854948564543,-1.8463587378960367,-0.80999755859375
2019-06-06,44.18000030517578,44.810001373291016,43.5099983215332,44.43999862670898,44.43999862670898,0.4864119830685551,3.2048239884031604,1.3799972534179616
2019-06-07,44.790000915527344,45.59999847412109,44.16999816894531,44.9900016784668,44.9900016784668,-0.21822936431568457,1.2376306677634785,0.5500030517578196
2019-06-10,45.720001220703125,47.150001525878906,45.619998931884766,46.20000076293945,46.20000076293945,0.21525733488571203,2.689484417271726,1.2099990844726562
2019-06-11,47.0,47.59999847412109,46.5,46.63999938964844,46.63999938964844,0.12399064842416972,0.9523779641621655,0.4399986267089844
2019-06-12,46.52000045776367,46.54999923706055,44.88999938964844,46.220001220703125,46.220001220703125,-0.21317903383955178,-0.9005106656123307,-0.4199981689453125
2019-06-13,46.81999969482422,47.13899993896485,45.90399932861328,46.959999084472656,46.959999084472656,-0.5157178785526485,1.6010338473077868,0.7399978637695312
2019-06-14,46.150001525878906,46.52000045776367,45.369998931884766,46.130001068115234,46.130001068115234,-0.7047445335164753,-1.7674574798530185,-0.8299980163574219
2019-06-17,46.27999877929688,48.31999969482422,46.27000045776367,47.77000045776367,47.77000045776367,-0.07669986502024939,3.555168765825134,1.6399993896484375
2019-06-18,48.459999084472656,50.470001220703125,48.41999816894531,49.41999816894531,49.41999816894531,0.25998883338860235,3.454045834980679,1.6499977111816406
2019-06-19,49.54999923706055,49.97600173950195,48.88999938964844,49.70000076293945,49.70000076293945,-0.6514755715896463,0.5665775078277813,0.2800025939941406
2019-06-20,50.59000015258789,50.650001525878906,49.27999877929688,49.59000015258789,49.59000015258789,-0.42577389769199814,-0.2213291924807903,-0.1100006103515625
2019-06-21,48.84999847412109,49.547000885009766,47.93000030517578,49.369998931884766,49.369998931884766,0.16246935681375277,-0.44364029043392206,-0.220001220703125
2019-06-24,49.75,50.810001373291016,49.41999816894531,50.77999877929688,50.77999877929688,-0.2897757127275655,2.855985168963593,1.4099998474121165
2019-06-25,50.84999847412109,51.09000015258789,47.75,48.29999923706055,48.29999923706055,0.751073349210656,-4.883811740553712,-2.4799995422363352
2019-06-26,49.38999938964844,51.29999923706055,49.13999938964844,50.86000061035156,50.86000061035156,0.024787728357275916,5.300209966311398,2.5600013732910156
2019-06-27,51.0,52.78400039672852,50.560001373291016,52.43000030517578,52.43000030517578,0.801095670117114,3.0869045929674543,1.5699996948242188
2019-06-28,52.59999847412109,53.75,52.040000915527344,53.40999984741211,53.40999984741211,3.4751254112657017,1.8691579945300685,0.9799995422363281
2019-07-01,57.83000183105469,58.22999954223633,53.84999847412109,54.470001220703125,54.470001220703125,2.0283259758173786,1.9846496467315955,1.0600013732910156
2019-07-02,54.400001525878906,54.400001525878906,53.542999267578125,53.86000061035156,53.86000061035156,-0.24829085524504632,-1.119883599561422,-0.6100006103515625
2019-07-03,53.7599983215332,53.9900016784668,51.97999954223633,53.83000183105469,53.83000183105469,-0.44946235254433525,-0.05569769579822914,-0.029998779296875
2019-07-05,53.29999923706055,53.43999862670898,52.27000045776367,53.150001525878906,53.150001525878906,-0.5095853344030588,-1.2632366376467141,-0.6800003051757812
2019-07-08,52.61000061035156,52.790000915527344,51.43000030517578,51.650001525878906,51.650001525878906,-0.09738217077965028,-2.8222012360049398,-1.5
2019-07-09,52.5,52.68000030517578,49.83000183105469,52.59999847412109,52.59999847412109,2.1201938920975083,1.839297038096288,0.9499969482421804
2019-07-10,53.25,53.5,51.880001068115234,52.130001068115234,52.130001068115234,0.42749146084700607,-0.8935312160457398,-0.46999740600585227
2019-07-11,52.18000030517578,53.3650016784668,51.97999954223633,53.02000045776367,53.02000045776367,-0.5382038737678111,1.7072690800169488,0.8899993896484375
2019-07-12,53.2599983215332,54.459999084472656,53.060001373291016,53.84999847412109,53.84999847412109,0.005668620126201835,1.5654432463058976,0.8299980163574148
2019-07-15,54.09000015258789,54.290000915527344,53.290000915527344,53.66999816894531,53.66999816894531,-0.9808292662117337,-0.3342624146262074,-0.18000030517577414
2019-07-16,53.65999984741211,54.98400115966797,53.209999084472656,54.040000915527344,54.040000915527344,-0.06503600653965702,0.6894033150836254,0.37000274658203125
2019-07-17,54.25,55.959999084472656,54.13999938964844,54.84000015258789,54.84000015258789,0.013845345658988234,1.4803834631888169,0.7999992370605469
2019-07-18,54.59999847412109,55.25,54.11000061035156,54.5,54.5,-0.2011544374678071,-0.6199856886248467,-0.3400001525878906
2019-07-19,54.61000061035156,54.81999969482422,53.72999954223633,53.75,53.75,-0.09786315463452007,-1.3761467889908285,-0.75
2019-07-22,54.27000045776367,54.959999084472656,53.75,54.540000915527344,54.540000915527344,0.290290816245399,1.4697691451671435,0.7900009155273438
2019-07-23,56.09999847412109,57.75,56.0,57.31999969482422,57.31999969482422,1.5532341731697452,5.097174060562626,2.779998779296875
2019-07-24,56.86000061035156,58.52999877929688,56.6510009765625,58.4900016784668,58.4900016784668,-0.09617971114247581,2.041175837180309,1.1700019836425781
2019-07-25,58.4900016784668,59.20000076293945,57.619998931884766,58.540000915527344,58.540000915527344,0.03452765141838913,0.0854833913929598,0.049999237060546875
2019-07-26,59.16999816894531,59.41999816894531,58.52000045776367,58.900001525878906,58.900001525878906,-0.0828324091698392,0.6149651600980244,0.3600006103515625
2019-07-29,58.81999969482422,59.0,57.790000915527344,58.650001525878906,58.650001525878906,-0.5159583704800834,-0.42444820632161484,-0.25
2019-07-30,57.970001220703125,59.02999877929688,57.290000915527344,58.77000045776367,58.77000045776367,-0.12191234737800948,0.20460175407126524,0.11999893188476562
2019-07-31,59.20000076293945,59.20000076293945,55.91999816894531,56.630001068115234,56.630001068115234,0.5032464179889977,-3.6413125284666226,-2.1399993896484375
2019-08-01,56.959999084472656,58.36000061035156,55.20899963378906,55.880001068115234,55.880001068115234,0.2650391638647351,-1.3243863426700142,-0.75
2019-08-02,54.22999954223633,55.29999923706055,53.77999877929688,54.130001068115234,54.130001068115234,-0.11493808148239755,-3.1317107490152485,-1.75
2019-08-05,52.41999816894531,52.63999938964844,50.92499923706055,51.560001373291016,51.560001373291016,0.5898235118655596,-4.74782864236456,-2.5699996948242188
2019-08-06,52.83000183105469,53.9900016784668,52.18000030517578,53.560001373291016,53.560001373291016,0.13120540624721655,3.878975847033317,2.0
2019-08-07,52.54999923706055,55.060001373291016,52.345001220703125,54.959999084472656,54.959999084472656,0.4902598539075134,2.6138866230122737,1.3999977111816406
2019-08-08,60.0,61.0099983215332,58.56999969482422,60.63999938964844,60.63999938964844,4.0676975204652805,10.334789664835519,5.680000305175781
2019-08-09,58.400001525878906,61.68000030517578,58.29999923706055,59.709999084472656,59.709999084472656,1.2070460436272152,-1.5336416796444374,-0.9300003051757812
2019-08-12,59.18000030517578,59.65999984741211,56.84999847412109,57.56999969482422,57.56999969482422,0.22199110885388906,-3.583988314287101,-2.1399993896484375
2019-08-13,57.220001220703125,60.220001220703125,56.36000061035156,59.470001220703125,59.470001220703125,-0.024152378875725033,3.3003327009739847,1.9000015258789062
2019-08-14,57.5,58.91999816894531,57.47999954223633,57.91999816894531,57.91999816894531,-0.26356209263716207,-2.606361224048903,-1.5500030517578125
2019-08-15,58.290000915527344,58.290000915527344,56.58000183105469,57.119998931884766,57.119998931884766,-0.5899096381663134,-1.3812141960485746,-0.7999992370605469
2019-08-16,57.91999816894531,59.150001525878906,57.40999984741211,58.61000061035156,58.61000061035156,-0.5450578936997056,2.608546404637746,1.4900016784667969
2019-08-19,60.0,61.43000030517578,59.540000915527344,60.31999969482422,60.31999969482422,-0.1273234157452946,2.9175892623530153,1.7099990844726562
2019-08-20,59.95000076293945,61.02000045776367,59.64699935913086,59.900001525878906,59.900001525878906,0.12892073293658504,-0.6962834401031182,-0.4199981689453125
2019-08-21,60.31999969482422,60.59999847412109,59.27999877929688,59.709999084472656,59.709999084472656,-0.6975297756934284,-0.31719939326573243,-0.19000244140625
2019-08-22,59.9900016784668,60.4900016784668,58.68000030517578,58.720001220703125,58.720001220703125,-0.44188685683013607,-1.658010180788927,-0.9899978637695312
2019-08-23,58.4900016784668,58.4900016784668,54.90999984741211,55.81999969482422,55.81999969482422,0.49987953100490917,-4.93869459399201,-2.9000015258789062
2019-08-26,56.709999084472656,56.78499984741211,55.5099983215332,56.09000015258789,56.09000015258789,-0.4877005690064834,0.48369842214224246,0.2700004577636719
2019-08-27,56.470001220703125,56.470001220703125,53.805999755859375,53.970001220703125,53.970001220703125,-0.45355071531072844,-3.7796379499331345,-2.1199989318847656
2019-08-28,53.79999923706055,55.04999923706055,53.16999816894531,54.72999954223633,54.72999954223633,-0.5430137123165091,1.4081865931877546,0.7599983215332031
2019-08-29,55.68999862670898,57.060001373291016,55.52999877929688,56.16999816894531,56.16999816894531,-0.3480950051305274,2.6310956308298605,1.4399986267089844
2019-08-30,56.47999954223633,56.73500061035156,55.310001373291016,55.7599983215332,55.7599983215332,-0.5515511757404478,-0.729926759440036,-0.4099998474121094
2019-09-03,55.310001373291016,56.15499877929688,54.900001525878906,55.09999847412109,55.09999847412109,-0.9593052387063107,-1.1836439513615238,-0.6599998474121165
2019-09-04,56.68999862670898,57.0,55.709999084472656,55.90999984741211,55.90999984741211,-0.7565705438786949,1.4700569795323304,0.8100013732910227
2019-09-05,56.900001525878906,58.13999938964844,56.5,57.04999923706055,57.04999923706055,-0.45968325946031824,2.038990149811637,1.1399993896484375
2019-09-06,57.45000076293945,58.47999954223633,57.20000076293945,57.65999984741211,57.65999984741211,-0.5364001843120494,1.0692385951081684,0.6100006103515625
2019-09-09,58.0,58.81999969482422,57.4900016784668,58.0,58.0,0.03248347003519252,0.5896638111128061,0.3400001525878906
2019-09-10,57.619998931884766,57.93000030517578,56.29999923706055,57.13999938964844,57.13999938964844,0.1610264052491434,-1.48275967301994,-0.8600006103515625
2019-09-11,57.869998931884766,60.79999923706055,57.34000015258789,60.70000076293945,60.70000076293945,0.23425619715306867,6.230313985505487,3.5600013732910156
2019-09-12,61.29999923706055,61.70000076293945,60.0099983215332,60.790000915527344,60.790000915527344,-0.14644252397636867,0.1482704307358862,0.09000015258789062
2019-09-13,60.66999816894531,61.02000045776367,58.97999954223633,59.0,59.0,-0.3351084410490431,-2.9445647122372853,-1.7900009155273438
2019-09-16,58.2599983215332,60.150001525878906,58.150001525878906,59.220001220703125,59.220001220703125,-0.08896495331942898,0.3728834249205448,0.220001220703125
2019-09-17,59.33000183105469,59.52999877929688,57.744998931884766,58.86000061035156,58.86000061035156,-0.18275680501903768,-0.6079037536826482,-0.3600006103515625
2019-09-18,58.630001068115234,59.130001068115234,57.81999969482422,58.47999954223633,58.47999954223633,-0.3486962349491146,-0.6456015361447465,-0.3800010681152344
2019-09-19,58.97999954223633,59.630001068115234,58.29999923706055,58.45000076293945,58.45000076293945,-0.769196370069027,-0.05129750261918531,-0.029998779296875
2019-09-20,58.77000045776367,60.900001525878906,58.18999862670898,58.84000015258789,58.84000015258789,0.953086568255967,0.6672359017242613,0.3899993896484375
2019-09-23,58.66999816894531,58.85300064086914,56.52000045776367,57.720001220703125,57.720001220703125,-0.3527845977155078,-1.903465209008004,-1.1199989318847656
2019-09-24,57.45000076293945,57.9900016784668,54.18000030517578,54.68999862670898,54.68999862670898,0.9428656613399841,-5.249484632559809,-3.0300025939941477
2019-09-25,54.38999938964844,56.9900016784668,54.38999938964844,56.34999847412109,56.34999847412109,-0.3949909309803317,3.0352896125351414,1.6599998474121094
2019-09-26,56.25,56.400001525878906,55.09999847412109,55.88999938964844,55.88999938964844,-0.7399766008856873,-0.8163249280013773,-0.45999908447264914
2019-09-27,55.060001373291016,55.417999267578125,52.34000015258789,52.790000915527344,52.790000915527344,0.1796645296253477,-5.546606741769356,-3.0999984741210938
2019-09-30,53.29999923706055,54.02999877929688,53.06499862670898,53.560001373291016,53.560001373291016,-0.38657371352011044,1.4586104269931788,0.7700004577636719
2019-10-01,53.72999954223633,54.20500183105469,51.22999954223633,51.25,51.25,-0.5391658414775508,-4.3129225430583285,-2.3100013732910156
2019-10-02,50.52000045776367,50.720001220703125,49.08000183105469,50.11000061035156,50.11000061035156,-0.29470579723998086,-2.224389052972564,-1.1399993896484375
2019-10-03,49.810001373291016,50.0099983215332,48.43999862670898,48.77000045776367,48.77000045776367,0.6321500910941009,-2.6741172146604986,-1.3400001525878906
2019-10-04,49.72999954223633,51.810001373291016,49.72999954223633,51.59000015258789,51.59000015258789,0.8720407887104078,5.782242502266177,2.8199996948242188
2019-10-07,51.18000030517578,53.27000045776367,51.15999984741211,52.790000915527344,52.790000915527344,-0.27510570515403704,2.32603364875017,1.2000007629394531
2019-10-08,51.95000076293945,52.810001373291016,51.27999877929688,51.619998931884766,51.619998931884766,-0.08114896567779493,-2.2163325693340563,-1.1700019836425781
2019-10-09,51.86000061035156,52.459999084472656,51.66999816894531,51.88999938964844,51.88999938964844,-1.056223485462573,0.5230539778196208,0.2700004577636719
2019-10-10,51.880001068115234,52.95000076293945,51.66400146484375,51.90999984741211,51.90999984741211,-0.8997834866661744,0.03854395451710069,0.020000457763671875
2019-10-11,53.0,54.59999847412109,52.72999954223633,53.81999969482422,53.81999969482422,-0.3473735293482227,3.6794449104729177,1.9099998474121094
2019-10-14,53.77000045776367,54.38999938964844,52.93999862670898,53.2400016784668,53.2400016784668,-0.8389390290251462,-1.0776626154704316,-0.5799980163574219
2019-10-15,53.34000015258789,55.060001373291016,53.34000015258789,54.400001525878906,54.400001525878906,-0.9449959690239345,2.178812567320554,1.1599998474121094
2019-10-16,54.380001068115234,54.60499954223633,52.83000183105469,53.0,53.0,-0.35723369837305335,-2.573532144503532,-1.4000015258789062
2019-10-17,53.88999938964844,55.209999084472656,53.47999954223633,55.09999847412109,55.09999847412109,-0.01573516141550374,3.9622612719265815,2.0999984741210866
2019-10-18,54.59999847412109,55.400001525878906,54.04999923706055,54.86000061035156,54.86000061035156,-0.7457484071441247,-0.4355678228961213,-0.23999786376952414
2019-10-21,55.5,56.06600189208984,55.02000045776367,55.59000015258789,55.59000015258789,-0.474954496852434,1.3306590122395656,0.7299995422363281
2019-10-22,55.52999877929688,56.08000183105469,54.959999084472656,55.02000045776367,55.02000045776367,-0.9107258693644621,-1.0253637223594847,-0.5699996948242188
2019-10-23,54.709999084472656,55.400001525878906,54.060001373291016,55.13999938964844,55.13999938964844,-0.8044284374382389,0.21810056504250053,0.11999893188476562
2019-10-24,55.59000015258789,55.619998931884766,54.52999877929688,54.869998931884766,54.869998931884766,-0.9143332482759855,-0.4896635124271631,-0.2700004577636719
2019-10-25,55.400001525878906,56.66999816894531,55.09999847412109,56.34999847412109,56.34999847412109,-0.5498677322484035,2.697283708850784,1.479999542236321
2019-10-28,56.869998931884766,57.66999816894531,56.516998291015625,57.15999984741211,57.15999984741211,0.046792739717568727,1.4374470190323452,0.8100013732910227
2019-10-29,57.18000030517578,57.29999923706055,56.06999969482422,56.56999969482422,56.56999969482422,-0.49984541134194554,-1.0321906126012692,-0.5900001525878906
2019-10-30,56.5099983215332,57.400001525878906,55.619998931884766,57.20000076293945,57.20000076293945,0.0843094803974122,1.1136663806149416,0.6300010681152344
2019-10-31,61.0,62.90999984741211,59.67399978637695,62.65999984741211,62.65999984741211,4.306145266516978,9.545452817564048,5.459999084472656
2019-11-01,63.47999954223633,65.68000030517578,63.36000061035156,65.16500091552734,65.16500091552734,1.3613216150766998,3.9977674341132197,2.5050010681152344
2019-11-04,65.5999984741211,65.68000030517578,63.79999923706055,64.66000366210938,64.66000366210938,0.6610091223862882,-0.7749516555253244,-0.5049972534179688
2019-11-05,64.12999725341797,66.58000183105469,64.12999725341797,65.8499984741211,65.8499984741211,0.42364359000804774,1.8403877893824694,1.1899948120117188
2019-11-06,65.91000366210938,65.91000366210938,64.63999938964844,65.41999816894531,65.41999816894531,-0.3034837525913545,-0.6529997192707193,-0.43000030517578125
2019-11-07,65.8499984741211,66.5,65.0199966430664,65.72000122070312,65.72000122070312,-0.10471717456641455,0.4585800369224513,0.3000030517578125
2019-11-08,65.55999755859375,66.54000091552734,65.02999877929688,66.52999877929688,66.52999877929688,-0.39102281417765594,1.2324977838536366,0.80999755859375
2019-11-11,64.5,66.94000244140625,63.77000045776367,66.6500015258789,66.6500015258789,0.11749736638342759,0.18037388964957657,0.12000274658203125
2019-11-12,66.69999694824219,67.97000122070312,66.5999984741211,67.69999694824219,67.69999694824219,-0.12672218592670736,1.5753869442232338,1.0499954223632812
2019-11-13,67.01000213623047,67.91999816894531,66.87000274658203,67.80999755859375,67.80999755859375,-0.3785172339510415,0.16248244506666953,0.1100006103515625
2019-11-14,67.16999816894531,68.48999786376953,66.78500366210938,67.98999786376953,67.98999786376953,-0.3093758048135094,0.26544803370660564,0.18000030517578125
2019-11-15,68.19999694824219,69.08999633789062,67.2699966430664,68.9000015258789,68.9000015258789,0.2332942294433291,1.3384375506714008,0.910003662109375
2019-11-18,68.54000091552734,69.27999877929688,67.19999694824219,68.91000366210938,68.91000366210938,-0.4608857190974927,0.014516888256843608,0.01000213623046875
2019-11-19,68.9800033569336,69.41000366210938,68.19000244140625,69.25,69.25,-0.6246607216806556,0.4933918441765828,0.339996337890625
2019-11-20,68.52999877929688,69.47000122070312,66.94000244140625,68.27999877929688,68.27999877929688,-0.4595630134966008,-1.4007237844088416,-0.970001220703125
2019-11-21,68.5,68.5999984741211,67.0,67.1500015258789,67.1500015258789,-0.2215962512997731,-1.6549462120971747,-1.1299972534179688
2019-11-22,67.29000091552734,68.4800033569336,66.95999908447266,68.19000244140625,68.19000244140625,-0.5836568480530061,1.5487727355099734,1.0400009155273438
2019-11-25,68.41999816894531,71.01000213623047,68.41999816894531,70.88999938964844,70.88999938964844,-0.1886488572411926,3.9595202398800655,2.6999969482421875
2019-11-26,70.97000122070312,72.33000183105469,70.30000305175781,72.27999877929688,72.27999877929688,-0.3414814771260678,1.9607834696235171,1.3899993896484375
2019-11-27,72.27999877929688,74.04000091552734,72.13999938964844,73.91000366210938,73.91000366210938,-0.2778713623195383,2.255125775236433,1.6300048828125
2019-11-29,73.44000244140625,74.54000091552734,73.23100280761719,73.66000366210938,73.66000366210938,-0.5391658414775508,-0.3382492052671382,-0.25
2019-12-02,74.0,74.40499877929688,73.08999633789062,74.05999755859375,74.05999755859375,0.10908014892320629,0.5430272557672033,0.399993896484375
2019-12-03,71.97000122070312,72.37899780273438,70.83999633789062,71.73999786376953,71.73999786376953,0.3831207002352681,-3.1325948842878537,-2.3199996948242188
2019-12-04,72.8499984741211,74.33999633789062,72.55000305175781,72.58999633789062,72.58999633789062,0.06783578336812196,1.1848320315470229,0.8499984741210938
2019-12-05,73.11000061035156,73.1500015258789,71.87999725341797,72.11000061035156,72.11000061035156,-0.9227504657362068,-0.6612422534157281,-0.4799957275390625
2019-12-06,73.0,73.43000030517578,71.95999908447266,72.08000183105469,72.08000183105469,-0.7426220120874711,-0.04160141317842703,-0.029998779296875
2019-12-09,71.45999908447266,71.88999938964844,69.11000061035156,69.68000030517578,69.68000030517578,0.43554794041607503,-3.3296357726296577,-2.4000015258789062
2019-12-11,68.7300033569336,70.02999877929688,68.25,69.80999755859375,69.80999755859375,1.7966120037338582,0.18656322165415684,0.12999725341796875
2019-12-12,70.7300033569336,75.33000183105469,70.22000122070312,75.02999877929688,75.02999877929688,2.528909922773111,7.477440772465016,5.220001220703125
2019-12-13,74.27999877929688,76.16999816894531,74.18000030517578,74.43000030517578,74.43000030517578,0.5588000532264582,-0.7996781072674763,-0.5999984741210938
2019-12-16,75.62000274658203,77.16999816894531,75.04000091552734,75.48999786376953,75.48999786376953,0.39899316744597113,1.4241536399940635,1.05999755859375
2019-12-17,75.76000213623047,76.27999877929688,75.05000305175781,75.6500015258789,75.6500015258789,0.13228761992067356,0.2119534595803385,0.160003662109375
2019-12-18,75.37000274658203,76.12000274658203,73.94999694824219,75.98999786376953,75.98999786376953,0.38420291390872513,0.4494333523236138,0.339996337890625
2019-12-19,76.87000274658203,78.55999755859375,76.0199966430664,78.44000244140625,78.44000244140625,0.26900728066741086,3.22411454995557,2.4500045776367188
2019-12-20,78.80000305175781,78.98999786376953,77.30000305175781,78.62999725341797,78.62999725341797,0.6442949334295631,0.24221673393449716,0.18999481201171875
2019-12-23,79.01000213623047,79.70999908447266,78.18000030517578,78.80000305175781,78.80000305175781,-0.7712405514522235,0.2162098490121167,0.17000579833984375
2019-12-24,79.37999725341797,79.41999816894531,78.38999938964844,78.79000091552734,78.79000091552734,-1.3081387794506245,-0.012693065790747582,-0.01000213623046875
2019-12-26,79.2699966430664,79.79000091552734,78.62000274658203,79.55000305175781,79.55000305175781,-0.8854742169837982,0.9645921149884051,0.7600021362304688
2019-12-27,79.79000091552734,80.197998046875,78.83000183105469,79.01000213623047,79.01000213623047,-0.6229772781886113,-0.6788194780784629,-0.5400009155273438
2019-12-30,79.19000244140625,80.30000305175781,78.25,79.5999984741211,79.5999984741211,-0.5557597844705584,0.7467362636863983,0.589996337890625
2019-12-31,79.20999908447266,80.5199966430664,79.04100036621094,79.30000305175781,79.30000305175781,-0.5622530665113006,-0.3768786785351641,-0.29999542236328125
2020-01-02,81.25,82.70999908447266,79.9000015258789,82.69999694824219,82.69999694824219,0.9795406802738055,4.2875079011853945,3.399993896484375
2020-01-03,81.27999877929688,82.69999694824219,80.91999816894531,81.9000015258789,81.9000015258789,-0.3300581105729103,-0.9673463747090105,-0.7999954223632812
2020-01-06,80.7300033569336,81.4800033569336,80.12000274658203,80.58999633789062,80.58999633789062,-0.30336350662763706,-1.5995179042510022,-1.3100051879882812
2020-01-07,80.58999633789062,82.29000091552734,80.33999633789062,81.97000122070312,81.97000122070312,-0.3639674723412304,1.7123773985874502,1.3800048828125
2020-01-08,81.79000091552734,83.9000015258789,81.77999877929688,82.95999908447266,82.95999908447266,-0.25045528259196037,1.2077563120976187,0.9899978637695312
2020-01-09,83.51000213623047,84.48999786376953,80.7699966430664,81.5,81.5,0.5952345802328447,-1.7598831974263152,-1.4599990844726562
2020-01-10,80.52999877929688,80.70999908447266,79.16999816894531,80.19000244140625,80.19000244140625,0.7360426037459752,-1.6073589675996924,-1.30999755859375
2020-01-13,80.55999755859375,81.18000030517578,80.20999908447266,80.5999984741211,80.5999984741211,-0.6277871167373092,0.511280733548336,0.40999603271484375
2020-01-14,80.87000274658203,80.87000274658203,79.06999969482422,79.68000030517578,79.68000030517578,-0.2612774193265306,-1.1414369557844362,-0.9199981689453125
2020-01-15,80.02999877929688,80.5,75.51000213623047,75.88999938964844,75.88999938964844,2.6628639263543468,-4.756527235205288,-3.7900009155273438
2020-01-16,76.97000122070312,77.94999694824219,76.75,77.75,77.75,0.36640651127854296,2.4509166231529544,1.8600006103515625
2020-01-17,78.56999969482422,78.87000274658203,76.41000366210938,76.95999908447266,76.95999908447266,0.03428715949095423,-1.0160783479451374,-0.7900009155273438
2020-01-21,76.27999877929688,78.77999877929688,76.27999877929688,78.08000183105469,78.08000183105469,-0.4828907304577855,1.4553050414575663,1.1200027465820312
2020-01-22,78.55000305175781,80.5199966430664,78.51000213623047,78.79000091552734,78.79000091552734,0.3963477562441873,0.9093225766168889,0.7099990844726562
2020-01-23,78.69000244140625,79.36000061035156,77.80999755859375,79.01000213623047,79.01000213623047,-0.35831591204651037,0.2792247977494,0.220001220703125
2020-01-24,79.9000015258789,80.41000366210938,77.57499694824219,78.45999908447266,78.45999908447266,0.21429536717597245,-0.6961182595710991,-0.5500030517578125
2020-01-27,76.26000213623047,77.36000061035156,75.58000183105469,75.88999938964844,75.88999938964844,-0.668069514582654,-3.2755540719000886,-2.5699996948242188
2020-01-28,76.47000122070312,78.62200164794922,76.4000015258789,77.73999786376953,77.73999786376953,-0.515838124516366,2.4377368414808975,1.8499984741210938
2020-01-29,79.66000366210938,80.68000030517578,77.52999877929688,77.5999984741211,77.5999984741211,-0.04291074921564677,-0.18008669088693807,-0.1399993896484375
2020-01-30,76.62000274658203,77.8499984741211,75.80000305175781,77.63999938964844,77.63999938964844,0.116535398673688,0.05154757256946585,0.04000091552734375
2020-01-31,77.08000183105469,77.4800033569336,75.61000061035156,75.7699966430664,75.7699966430664,-0.1050779124575669,-2.408555849153382,-1.8700027465820312
2020-02-03,76.31999969482422,77.95999908447266,76.2249984741211,77.22000122070312,77.22000122070312,0.9547700117480113,1.913692281744872,1.4500045776367188
2020-02-04,82.5,86.87999725341797,80.30999755859375,86.5199966430664,86.5199966430664,3.743995386137913,12.043505925081366,9.299995422363281
2020-02-05,87.76000213623047,89.16999816894531,84.05999755859375,87.1500015258789,87.1500015258789,2.014738181917307,0.7281610116231851,0.6300048828125
2020-02-06,87.4000015258789,89.56999969482422,87.33000183105469,88.33999633789062,88.33999633789062,0.8339228182119771,1.3654558705410436,1.1899948120117188
2020-02-07,87.73999786376953,88.33999633789062,86.41000366210938,87.30000305175781,87.30000305175781,0.04210314713258829,-1.1772620887994578,-1.0399932861328125
2020-02-10,86.2300033569336,89.7300033569336,85.76000213623047,88.9800033569336,88.9800033569336,0.24676177737968316,1.9243989077294188,1.6800003051757812
2020-02-11,89.80000305175781,92.75,89.56999969482422,91.11000061035156,91.11000061035156,0.8812997279166512,2.393793181681181,2.1299972534179688
2020-02-12,92.04000091552734,93.2300033569336,91.2959976196289,92.8499984741211,92.8499984741211,0.1942142912351588,1.9097770300880113,1.7399978637695312
2020-02-13,91.4000015258789,93.12999725341795,90.27999877929688,90.44000244140624,90.44000244140624,0.610385571661243,-2.595580045579182,-2.409996032714858
2020-02-14,90.61000061035156,90.79000091552734,86.68599700927734,87.0,87.0,0.1896449446138958,-3.803629310641521,-3.440002441406236
2020-02-18,84.5,86.70999908447266,83.51499938964844,84.68000030517578,84.68000030517578,0.323117964340262,-2.6666663158899095,-2.3199996948242188
2020-02-19,85.62999725341797,87.83000183105469,85.43000030517578,87.22000122070312,87.22000122070312,-0.0966606949973456,2.999528703794896,2.5400009155273438
2020-02-20,86.69999694824219,88.13999938964844,85.0,86.30000305175781,86.30000305175781,-0.09221159433980006,-1.0548018299350037,-0.9199981689453125
2020-02-21,85.56999969482422,85.7300033569336,82.16000366210938,83.13999938964844,83.13999938964844,-0.08150970356894727,-3.6616495369231727,-3.160003662109375
2020-02-24,78.1500015258789,81.05000305175781,77.0,80.0,80.0,0.8008551781896791,-3.776761381645366,-3.1399993896484375
2020-02-25,80.5999984741211,81.3499984741211,77.63999938964844,77.80000305175781,77.80000305175781,0.45250262130023505,-2.749996185302739,-2.1999969482421875
2020-02-26,78.12999725341797,79.7699966430664,76.77999877929688,77.52999877929688,77.52999877929688,-0.16171376136848445,-0.347049179781278,-0.2700042724609375
2020-02-27,74.88999938964844,77.78900146484375,73.125,74.80000305175781,74.80000305175781,0.6005254026364124,-3.521212137911267,-2.7299957275390625
2020-02-28,71.26000213623047,78.0,71.16000366210938,77.81999969482422,77.81999969482422,1.5950797685434168,4.037428502478435,3.0199966430664062
2020-03-02,78.94999694824219,82.33000183105469,77.5199966430664,82.23999786376953,82.23999786376953,1.010083155058037,5.6797715063975796,4.4199981689453125
2020-03-03,82.47000122070312,85.2300033569336,79.11100006103516,80.54000091552734,80.54000091552734,0.1231489266781476,-2.067116965467619,-1.6999969482421875
2020-03-04,82.52999877929688,85.31999969482422,81.94300079345703,85.19000244140625,85.19000244140625,0.06482963427518577,5.773530510331093,4.650001525878906
2020-03-05,82.58000183105469,87.93499755859375,82.01000213623047,87.0,87.0,1.4344311610169076,2.124659592349065,1.80999755859375
2020-03-06,83.70999908447266,84.23999786376953,80.13999938964844,82.44999694824219,82.44999694824219,0.9685982975755177,-5.229888565238861,-4.5500030517578125
2020-03-09,76.01000213623047,77.80999755859375,72.58000183105469,73.44000244140625,73.44000244140625,0.7807741022488655,-10.927828793604377,-9.009994506835938
2020-03-10,76.38999938964844,77.95899963378906,73.22000122070312,77.69999694824219,77.69999694824219,0.3373069880589208,5.800645922138625,4.2599945068359375
2020-03-11,74.52999877929688,76.83999633789062,70.5999984741211,71.83999633789062,71.83999633789062,0.10811818121346671,-7.541828623564872,-5.8600006103515625
2020-03-12,66.5,72.55999755859375,65.0,66.81999969482422,66.81999969482422,0.9426251694125491,-6.987746240207848,-5.019996643066406
2020-03-13,70.80999755859375,72.27999877929688,66.91000366210938,72.25,72.25,0.5606037426822199,8.126309982004365,5.430000305175781
2020-03-16,64.45999908447266,69.37999725341797,61.87200164794922,64.13999938964844,64.13999938964844,0.20142904905820563,-11.224914339586933,-8.110000610351562
2020-03-17,65.73999786376953,73.41999816894531,62.43000030517578,73.4000015258789,73.4000015258789,0.4066889091238877,14.437172161440559,9.260002136230469
2020-03-18,68.56999969482422,72.63999938964844,59.060001373291016,63.43999862670898,63.43999862670898,0.8672309501617099,-13.569485956561312,-9.960002899169929
2020-03-19,63.400001525878906,69.94999694824219,60.54999923706055,65.56999969482422,65.56999969482422,0.0763732467920607,3.357504908927411,2.1300010681152415
2020-03-20,66.33000183105469,72.16999816894531,61.75,62.13999938964844,62.13999938964844,1.4047304079786982,-5.2310512751863385,-3.4300003051757812
2020-03-23,62.90999984741211,67.70999908447266,60.75,66.76000213623047,66.76000213623047,-0.05144821263958551,7.434829082653094,4.620002746582031
2020-03-24,70.80000305175781,73.33000183105469,68.91999816894531,72.58000183105469,72.58000183105469,-0.07381396189103066,8.717794350796936,5.819999694824219
2020-03-25,72.36000061035156,78.22000122070312,70.19999694824219,75.05000305175781,75.05000305175781,0.4639259878533925,3.40314295727433,2.470001220703125
2020-03-26,76.44999694824219,77.97000122070312,69.19999694824219,71.30000305175781,71.30000305175781,1.05421342374234,-4.996668684228878,-3.75
2020-03-27,69.0,72.7699966430664,67.16999816894531,70.0,70.0,0.0661523398760777,-1.8232861095589525,-1.3000030517578125
2020-03-30,71.11000061035156,75.5,70.21499633789062,74.08999633789062,74.08999633789062,-0.1488474432507176,5.842851911272318,4.089996337890625
2020-03-31,73.68000030517578,75.0,71.7699966430664,73.69999694824219,73.69999694824219,-0.23806994832906334,-0.5263860290528721,-0.3899993896484375
2020-04-01,71.0,72.0999984741211,68.0,68.61000061035156,68.61000061035156,-0.3351084410490431,-6.906372521921833,-5.089996337890625
