Date,Open,High,Low,Close,Adj Close,Volume,Daily_Return,Adj Close Diff
2007-01-03,0.5099999904632568,0.5099999904632568,0.5099999904632568,0.5099999904632568,0.5099999904632568,-0.4209683537709007,,
2007-01-04,64.33999633789062,64.33999633789062,64.33999633789062,64.33999633789062,64.33999633789062,-0.4209683537709007,12515.685792356113,63.82999634742737
2007-01-08,0.550000011920929,0.550000011920929,0.550000011920929,0.550000011920929,0.550000011920929,-0.4209683537709007,-99.14516623682643,-63.789996325969696
2007-01-11,2.650000095367432,2.650000095367432,2.650000095367432,2.650000095367432,2.650000095367432,-0.4209683537709007,381.818188714587,2.100000083446503
2007-01-12,10.579999923706056,10.579999923706056,10.579999923706056,10.579999923706056,10.579999923706056,-0.4209683537709007,299.24526577192825,7.929999828338625
2007-01-16,1.940000057220459,1.940000057220459,1.940000057220459,1.940000057220459,1.940000057220459,-0.4209683537709007,-81.66351539498973,-8.639999866485597
2007-01-17,2.5899999141693115,2.5899999141693115,2.5899999141693115,2.5899999141693115,2.5899999141693115,-0.4209683537709007,33.50514627716774,0.6499998569488525
2007-01-18,17.0,17.0,17.0,17.0,17.0,-0.4209683537709007,556.3706781222962,14.410000085830688
2007-01-19,1.3300000429153442,1.3300000429153442,1.3300000429153442,1.3300000429153442,1.3300000429153442,-0.4209683537709007,-92.17647033579209,-15.669999957084656
2007-01-22,48.0099983215332,48.0099983215332,48.0099983215332,48.0099983215332,48.0099983215332,-0.4209683537709007,3509.7741934124947,46.67999827861786
2007-01-23,0.7900000214576721,0.7900000214576721,0.7900000214576721,0.7900000214576721,0.7900000214576721,-0.4209683537709007,-98.35450937497046,-47.21999830007553
2007-01-26,2.5,2.5,2.5,2.5,2.5,-0.4209683537709007,216.4556876070856,1.7099999785423279
2007-01-30,9.960000038146973,9.960000038146973,9.960000038146973,9.960000038146973,9.960000038146973,-0.4209683537709007,298.4000015258789,7.460000038146973
2007-02-01,0.6600000262260437,0.6600000262260437,0.6600000262260437,0.6600000262260437,0.6600000262260437,-0.4209683537709007,-93.37349373796955,-9.300000011920929
2007-02-02,19.11000061035156,19.11000061035156,19.11000061035156,19.11000061035156,19.11000061035156,-0.4209683537709007,2795.454522877029,18.450000584125515
2007-02-05,4.860000133514404,4.860000133514404,4.860000133514404,4.860000133514404,4.860000133514404,-0.4209683537709007,-74.56828896760041,-14.250000476837155
2007-02-06,7.960000038146973,7.960000038146973,7.960000038146973,7.960000038146973,7.960000038146973,-0.4209683537709007,63.78600451582437,3.0999999046325684
2007-02-07,1.5499999523162842,1.5499999523162842,1.5499999523162842,1.5499999523162842,1.5499999523162842,-0.4209683537709007,-80.52763888331447,-6.4100000858306885
2007-02-08,59.52000045776367,59.52000045776367,59.52000045776367,59.52000045776367,59.52000045776367,-0.4209683537709007,3740.0001476657053,57.97000050544739
2007-02-09,8.0,8.0,8.0,8.0,8.0,-0.4209683537709007,-86.55913988831885,-51.52000045776367
2007-02-14,14.5,14.5,14.5,14.5,14.5,-0.4209683537709007,81.25,6.5
2007-02-15,0.0089999996125698,0.0089999996125698,0.0089999996125698,0.0089999996125698,0.0089999996125698,-0.4209683537709007,-99.9379310371547,-14.49100000038743
2007-02-16,38.040000915527344,38.040000915527344,38.040000915527344,38.040000915527344,38.040000915527344,-0.4209683537709007,422566.695034064,38.031000915914774
2007-02-21,16.18000030517578,16.18000030517578,16.18000030517578,16.18000030517578,16.18000030517578,-0.4209683537709007,-57.46582566833916,-21.860000610351562
2007-02-26,0.050000000745058,0.050000000745058,0.050000000745058,0.050000000745058,0.050000000745058,-0.4209683537709007,-99.69097651543886,-16.130000304430723
2007-02-27,40.0,40.0,40.0,40.0,40.0,-0.4209683537709007,79899.99880790722,39.94999999925494
2007-02-28,5.800000190734863,5.800000190734863,5.800000190734863,5.800000190734863,5.800000190734863,-0.4209683537709007,-85.49999952316284,-34.19999980926514
2007-03-01,34.27000045776367,34.27000045776367,34.27000045776367,34.27000045776367,34.27000045776367,-0.4209683537709007,490.86205742730573,28.47000026702881
2007-03-02,49.5,49.5,49.5,49.5,49.5,-0.4209683537709007,44.44120028830072,15.229999542236328
2007-03-06,0.3000000119209289,0.3000000119209289,0.3000000119209289,0.3000000119209289,0.3000000119209289,-0.4209683537709007,-99.39393936985671,-49.19999998807907
2007-03-09,30.5,30.5,30.5,30.5,30.5,-0.4209683537709007,10066.666262679648,30.19999998807907
2007-03-12,29.09000015258789,29.09000015258789,29.09000015258789,29.09000015258789,29.09000015258789,-0.4209683537709007,-4.622950319383968,-1.4099998474121094
2007-03-13,8.25,8.25,8.25,8.25,8.25,-0.4209683537709007,-71.63973889059582,-20.84000015258789
2007-03-14,20.0,20.0,20.0,20.0,20.0,-0.4209683537709007,142.42424242424244,11.75
2007-03-15,30.020000457763672,30.020000457763672,30.020000457763672,30.020000457763672,30.020000457763672,-0.4209683537709007,50.10000228881837,10.020000457763672
2007-03-19,0.1509999930858612,0.1509999930858612,0.1509999930858612,0.1509999930858612,0.1509999930858612,-0.4209683537709007,-99.49700202936936,-29.86900046467781
2007-03-21,2.200000047683716,2.200000047683716,2.200000047683716,2.200000047683716,2.200000047683716,-0.4209683537709007,1356.9537406751786,2.0490000545978546
2007-03-22,0.4900000095367431,0.4900000095367431,0.4900000095367431,0.4900000095367431,0.4900000095367431,-0.4209683537709007,-77.72727277653276,-1.7100000381469727
2007-03-23,0.25,0.25,0.25,0.25,0.25,-0.4209683537709007,-48.979592829731665,-0.2400000095367431
2007-03-28,9.800000190734863,9.800000190734863,9.800000190734863,9.800000190734863,9.800000190734863,-0.4209683537709007,3820.0000762939453,9.550000190734863
2007-03-29,16.760000228881836,16.760000228881836,16.760000228881836,16.760000228881836,16.760000228881836,-0.4209683537709007,71.02040717026831,6.960000038146973
2007-03-30,19.1299991607666,19.1299991607666,19.1299991607666,19.1299991607666,19.1299991607666,-0.4209683537709007,14.140804889731683,2.3699989318847656
2007-04-02,0.0419999994337558,0.0419999994337558,0.0419999994337558,0.0419999994337558,0.0419999994337558,-0.4209683537709007,-99.78044954900001,-19.087999161332846
2007-04-04,65.98999786376953,65.98999786376953,65.98999786376953,65.98999786376953,65.98999786376953,-0.4209683537709007,157019.04465106432,65.94799786433578
2007-04-05,7.699999809265137,7.699999809265137,7.699999809265137,7.699999809265137,7.699999809265137,-0.4209683537709007,-88.33156530000032,-58.289998054504395
2007-04-10,5.800000190734863,5.800000190734863,5.800000190734863,5.800000190734863,5.800000190734863,-0.4209683537709007,-24.675320332398854,-1.8999996185302734
2007-04-11,2.5,2.5,2.5,2.5,2.5,-0.4209683537709007,-56.89655314160863,-3.3000001907348633
2007-04-12,25.290000915527344,25.290000915527344,25.290000915527344,25.290000915527344,25.290000915527344,-0.4209683537709007,911.6000366210936,22.790000915527344
2007-04-13,8.789999961853027,8.789999961853027,8.789999961853027,8.789999961853027,8.789999961853027,-0.4209683537709007,-65.24318053125803,-16.500000953674316
2007-04-18,7.019999980926514,7.019999980926514,7.019999980926514,7.019999980926514,7.019999980926514,-0.4209683537709007,-20.136518641729072,-1.7699999809265137
2007-04-19,16.399999618530273,16.399999618530273,16.399999618530273,16.399999618530273,16.399999618530273,-0.4209683537709007,133.61822881893755,9.37999963760376
2007-04-26,5.010000228881836,5.010000228881836,5.010000228881836,5.010000228881836,5.010000228881836,-0.4209683537709007,-69.45121740599882,-11.389999389648438
2007-04-27,13.5,13.5,13.5,13.5,13.5,-0.4209683537709007,169.46106553398334,8.489999771118164
2007-04-30,11.140000343322754,11.140000343322754,11.140000343322754,11.140000343322754,11.140000343322754,-0.4209683537709007,-17.48147893834997,-2.359999656677246
2007-05-02,15.300000190734863,15.300000190734863,15.300000190734863,15.300000190734863,15.300000190734863,-0.4209683537709007,37.34290591746334,4.159999847412109
2007-05-03,0.209999993443489,0.209999993443489,0.209999993443489,0.209999993443489,0.209999993443489,-0.4209683537709007,-98.62745104035582,-15.090000197291374
2007-05-07,0.6299999952316284,0.6299999952316284,0.6299999952316284,0.6299999952316284,0.6299999952316284,-0.4209683537709007,200.00000709579137,0.42000000178813945
2007-05-08,0.3600000143051147,0.3600000143051147,0.3600000143051147,0.3600000143051147,0.3600000143051147,-0.4209683537709007,-42.85714015398435,-0.2699999809265137
2007-05-10,6.099999904632568,6.099999904632568,6.099999904632568,6.099999904632568,6.099999904632568,-0.4209683537709007,1594.4443506223224,5.739999890327454
2007-05-11,6.400000095367432,6.400000095367432,6.400000095367432,6.400000095367432,6.400000095367432,-0.4209683537709007,4.918035990574876,0.3000001907348633
2007-05-14,0.9200000166893004,0.9200000166893004,0.9200000166893004,0.9200000166893004,0.9200000166893004,-0.4209683537709007,-85.62499995343387,-5.480000078678131
2007-05-15,0.0299999993294477,0.0299999993294477,0.0299999993294477,0.0299999993294477,0.0299999993294477,-0.4209683537709007,-96.73913056682267,-0.8900000173598527
2007-05-22,25.729999542236328,25.729999542236328,25.729999542236328,25.729999542236328,25.729999542236328,-0.4209683537709007,85666.66705782228,25.69999954290688
2007-05-24,38.18000030517578,38.18000030517578,38.18000030517578,38.18000030517578,38.18000030517578,-0.4209683537709007,48.38710060022551,12.450000762939453
2007-05-25,0.3799999952316284,0.3799999952316284,0.3799999952316284,0.3799999952316284,0.3799999952316284,-0.4209683537709007,-99.00471453065936,-37.80000030994415
2007-05-29,11.56999969482422,11.56999969482422,11.56999969482422,11.56999969482422,11.56999969482422,-0.4209683537709007,2944.7368000022593,11.189999699592592
2007-05-30,0.0099999997764825,0.0099999997764825,0.0099999997764825,0.0099999997764825,0.0099999997764825,-0.4209683537709007,-99.91356957614308,-11.559999695047738
2007-05-31,2.7100000381469727,2.7100000381469727,2.7100000381469727,2.7100000381469727,2.7100000381469727,-0.4209683537709007,27000.000987202173,2.70000003837049
2007-06-01,27.01000022888184,27.01000022888184,27.01000022888184,27.01000022888184,27.01000022888184,-0.4209683537709007,896.6789612058667,24.300000190734867
2007-06-04,16.610000610351562,16.610000610351562,16.610000610351562,16.610000610351562,16.610000610351562,-0.4209683537709007,-38.50425594372835,-10.399999618530277
2007-06-05,32.06999969482422,32.06999969482422,32.06999969482422,32.06999969482422,32.06999969482422,-0.4208844078061211,93.07645103178257,15.459999084472656
2007-06-08,38.70000076293945,38.70000076293945,38.70000076293945,38.70000076293945,38.70000076293945,-0.4208826946231664,20.67353018773259,6.630001068115234
2007-06-11,16.530000686645508,16.530000686645508,16.530000686645508,16.530000686645508,16.530000686645508,-0.42084843096407265,-57.28682077320462,-22.170000076293945
2007-06-12,0.0359999984502792,0.0359999984502792,0.0359999984502792,0.0359999984502792,0.0359999984502792,-0.42074563998679154,-99.78221417450173,-16.49400068819523
2007-06-13,156.0,156.0,156.0,156.0,156.0,-0.4124024389974718,433233.35198738077,155.96400000154972
2007-06-14,1.440000057220459,1.440000057220459,1.440000057220459,1.440000057220459,1.440000057220459,-0.4201974214412921,-99.07692304024329,-154.55999994277954
2007-06-15,5.789999961853027,5.789999961853027,5.789999961853027,5.789999961853027,5.789999961853027,-0.4209272373799882,302.0833147068826,4.349999904632568
2007-06-18,18.0,18.0,18.0,18.0,18.0,-0.42095636149021787,210.88083106375865,12.210000038146973
2007-06-20,3.240000009536743,3.240000009536743,3.240000009536743,3.240000009536743,3.240000009536743,-0.42028308058902636,-81.9999999470181,-14.759999990463257
2007-06-21,0.449999988079071,0.449999988079071,0.449999988079071,0.449999988079071,0.449999988079071,-0.4208672759765742,-86.11111151992212,-2.790000021457672
2007-06-25,1.899999976158142,1.899999976158142,1.899999976158142,1.899999976158142,1.899999976158142,-0.4207713377311118,322.22222810910097,1.449999988079071
2007-06-26,6.210000038146973,6.210000038146973,6.210000038146973,6.210000038146973,6.210000038146973,-0.4209306637458976,226.8421113722213,4.310000061988831
2007-06-29,1.590000033378601,1.590000033378601,1.590000033378601,1.590000033378601,1.590000033378601,-0.4192551708162149,-74.39613488548306,-4.620000004768372
2007-07-02,4.349999904632568,4.349999904632568,4.349999904632568,4.349999904632568,4.349999904632568,-0.4163427597932491,173.5848939191043,2.7599998712539673
2007-07-03,0.0799999982118606,0.0799999982118606,0.0799999982118606,0.0799999982118606,0.0799999982118606,-0.420966640587946,-98.16091954101736,-4.269999906420708
2007-07-05,9.6899995803833,9.6899995803833,9.6899995803833,9.6899995803833,9.6899995803833,-0.42076277181633837,12012.499746214602,9.60999958217144
2007-07-06,10.720000267028809,10.720000267028809,10.720000267028809,10.720000267028809,10.720000267028809,-0.4205400580322292,10.62952251030711,1.0300006866455078
2007-07-09,0.0729999989271164,0.0729999989271164,0.0729999989271164,0.0729999989271164,0.0729999989271164,-0.4064062986560716,-99.31902987771707,-10.647000268101692
2007-07-10,37.15999984741211,37.15999984741211,37.15999984741211,37.15999984741211,37.15999984741211,-0.42093409011180694,50804.11012815611,37.08699984848499
2007-07-12,45.70000076293945,45.70000076293945,45.70000076293945,45.70000076293945,45.70000076293945,-0.42091181873339606,22.98170331161098,8.540000915527344
2007-07-16,2.450000047683716,2.450000047683716,2.450000047683716,2.450000047683716,2.450000047683716,-0.4125737572929404,-94.63894965693184,-43.25000071525574
2007-07-18,11.850000381469728,11.850000381469728,11.850000381469728,11.850000381469728,11.850000381469728,-0.4208912605379398,383.67347554433644,9.400000333786013
2007-07-19,10.4399995803833,10.4399995803833,10.4399995803833,10.4399995803833,10.4399995803833,-0.4206428490095104,-11.898740554399446,-1.4100008010864276
2007-07-20,36.25,36.25,36.25,36.25,36.25,-0.42072850815724466,247.22223617818474,25.8100004196167
2007-07-24,4.150000095367432,4.150000095367432,4.150000095367432,4.150000095367432,4.150000095367432,-0.4207644849992931,-88.55172387484846,-32.09999990463257
2007-07-25,0.0299999993294477,0.0299999993294477,0.0299999993294477,0.0299999993294477,0.0299999993294477,-0.419597807407152,-99.27710846650496,-4.120000096037984
2007-07-27,25.100000381469727,25.100000381469727,25.100000381469727,25.100000381469727,25.100000381469727,-0.4209443692095351,83566.66980832834,25.07000038214028
2007-07-30,38.709999084472656,38.709999084472656,38.709999084472656,38.709999084472656,38.709999084472656,-0.42079703547543207,54.22310157831958,13.60999870300293
2007-08-01,2.5,2.5,2.5,2.5,2.5,-0.42081416730497895,-93.54172033291832,-36.209999084472656
2007-08-02,6.639999866485596,6.639999866485596,6.639999866485596,6.639999866485596,6.639999866485596,-0.4206257171799635,165.5999946594238,4.139999866485596
2007-08-03,0.8999999761581421,0.8999999761581421,0.8999999761581421,0.8999999761581421,0.8999999761581421,-0.42069424449815096,-86.44578321905159,-5.739999890327454
2007-08-06,0.3499999940395355,0.3499999940395355,0.3499999940395355,0.3499999940395355,0.3499999940395355,-0.41497221342950047,-61.11111074318119,-0.5499999821186066
2007-08-07,0.270000010728836,0.270000010728836,0.270000010728836,0.270000010728836,0.270000010728836,-0.41882687507754346,-22.85713847802604,-0.07999998331069952
2007-08-08,10.869999885559082,10.869999885559082,10.869999885559082,10.869999885559082,10.869999885559082,-0.41600012320231194,3925.925723564487,10.599999874830246
2007-08-13,0.0480000004172325,0.0480000004172325,0.0480000004172325,0.0480000004172325,0.0480000004172325,-0.3747124139943847,-99.55841765480604,-10.82199988514185
2007-08-14,15.050000190734863,15.050000190734863,15.050000190734863,15.050000190734863,15.050000190734863,-0.41976912570262065,31254.16679148977,15.00200019031763
2007-08-15,16.809999465942383,16.809999465942383,16.809999465942383,16.809999465942383,16.809999465942383,-0.42081759367088833,11.694347195364262,1.7599992752075195
2007-08-16,3.5799999237060547,3.5799999237060547,3.5799999237060547,3.5799999237060547,3.5799999237060547,-0.4207473531697462,-78.70315266244205,-13.229999542236328
2007-08-17,16.0,16.0,16.0,16.0,16.0,-0.4207987486583868,346.92738382621604,12.420000076293945
2007-08-21,14.5600004196167,14.5600004196167,14.5600004196167,14.5600004196167,14.5600004196167,-0.4207113763276978,-8.99999737739563,-1.4399995803833008
2007-08-22,0.2370000034570694,0.2370000034570694,0.2370000034570694,0.2370000034570694,0.2370000034570694,-0.418398579338872,-98.37225277042053,-14.32300041615963
2007-08-24,1.2999999523162842,1.2999999523162842,1.2999999523162842,1.2999999523162842,1.2999999523162842,-0.4204818098117699,448.5231786301507,1.0629999488592148
2007-08-27,0.5799999833106995,0.5799999833106995,0.5799999833106995,0.5799999833106995,0.5799999833106995,-0.41882687507754346,-55.384615031925165,-0.7199999690055847
2007-08-31,62.810001373291016,62.810001373291016,62.810001373291016,62.810001373291016,62.810001373291016,-0.4209015396356679,10729.310893211596,62.230001389980316
2007-09-05,8.140000343322754,8.140000343322754,8.140000343322754,8.140000343322754,8.140000343322754,-0.41951214825941774,-87.04027994690642,-54.67000102996826
2007-09-06,58.31999969482422,58.31999969482422,58.31999969482422,58.31999969482422,58.31999969482422,-0.4201117622935578,616.4618824944416,50.179999351501465
2007-09-10,10.989999771118164,10.989999771118164,10.989999771118164,10.989999771118164,10.989999771118164,-0.4208929737208945,-81.15569302361723,-47.329999923706055
2007-09-11,28.56999969482422,28.56999969482422,28.56999969482422,28.56999969482422,28.56999969482422,-0.42042870114017467,159.96360591295442,17.579999923706055
2007-09-12,0.449999988079071,0.449999988079071,0.449999988079071,0.449999988079071,0.449999988079071,-0.41497221342950047,-98.42492127096314,-28.119999706745148
2007-09-17,5.989999771118164,5.989999771118164,5.989999771118164,5.989999771118164,5.989999771118164,-0.3729992310396989,1231.111095510883,5.539999783039093
2007-09-18,22.549999237060547,22.549999237060547,22.549999237060547,22.549999237060547,22.549999237060547,-0.4208946869038492,276.4607695945053,16.559999465942383
2007-09-21,34.0,34.0,34.0,34.0,34.0,-0.42092381101407883,50.776058316319435,11.450000762939453
2007-09-25,3.140000104904175,3.140000104904175,3.140000104904175,3.140000104904175,3.140000104904175,-0.41360166706575185,-90.76470557381126,-30.859999895095825
2007-09-26,62.0,62.0,62.0,62.0,62.0,-0.4202059873560655,1874.5222270268712,58.859999895095825
2007-09-27,30.920000076293945,30.920000076293945,30.920000076293945,30.920000076293945,30.920000076293945,-0.4192209071571212,-50.129032135009766,-31.079999923706055
2007-09-28,83.01000213623047,83.01000213623047,83.01000213623047,83.01000213623047,83.01000213623047,-0.4209615010390819,168.46701788941263,52.09000205993652
2007-10-01,4.199999809265137,4.199999809265137,4.199999809265137,4.199999809265137,4.199999809265137,-0.41882687507754346,-94.94036899026652,-78.81000232696533
2007-10-02,12.010000228881836,12.010000228881836,12.010000228881836,12.010000228881836,12.010000228881836,-0.4206257171799635,185.95239938792272,7.810000419616699
2007-10-05,75.0999984741211,75.0999984741211,75.0999984741211,75.0999984741211,75.0999984741211,-0.419597807407152,525.3122151781433,63.08999824523926
2007-10-08,7.630000114440918,7.630000114440918,7.630000114440918,7.630000114440918,7.630000114440918,-0.42086556279361953,-89.84021269045677,-67.46999835968018
2007-10-09,32.58000183105469,32.58000183105469,32.58000183105469,32.58000183105469,32.58000183105469,-0.42076277181633837,326.9987069776336,24.95000171661377
2007-10-10,6.0,6.0,6.0,6.0,6.0,-0.4205914535208698,-81.58379477351379,-26.580001831054688
2007-10-11,3.450000047683716,3.450000047683716,3.450000047683716,3.450000047683716,3.450000047683716,-0.4206257171799635,-42.4999992052714,-2.549999952316284
2007-10-12,0.4399999976158142,0.4399999976158142,0.4399999976158142,0.4399999976158142,0.4399999976158142,-0.4185698976343406,-87.24637705697353,-3.0100000500679016
2007-10-15,3.75,3.75,3.75,3.75,3.75,-0.4208535705129367,752.2727318908558,3.310000002384186
2007-10-16,23.75,23.75,23.75,23.75,23.75,-0.42092209783112416,533.3333333333333,20.0
2007-10-17,3.180000066757202,3.180000066757202,3.180000066757202,3.180000066757202,3.180000066757202,-0.4192551708162149,-86.61052603470651,-20.569999933242798
2007-10-18,4.559999942779541,4.559999942779541,4.559999942779541,4.559999942779541,4.559999942779541,-0.4206257171799635,43.39622160541621,1.3799998760223389
2007-10-19,3.829999923706055,3.829999923706055,3.829999923706055,3.829999923706055,3.829999923706055,-0.42093409011180694,-16.008772548986382,-0.7300000190734859
2007-10-22,0.75,0.75,0.75,0.75,0.75,-0.420966640587946,-80.4177541791105,-3.079999923706055
2007-10-24,1.830000042915344,1.830000042915344,1.830000042915344,1.830000042915344,1.830000042915344,-0.4206274303629182,144.00000572204584,1.080000042915344
2007-10-25,55.0099983215332,55.0099983215332,55.0099983215332,55.0099983215332,55.0099983215332,-0.4209169582822601,2906.0107667482703,53.17999827861786
2007-10-26,16.040000915527344,16.040000915527344,16.040000915527344,16.040000915527344,16.040000915527344,-0.42045439888449493,-70.84166259781793,-38.96999740600586
2007-10-29,0.3799999952316284,0.3799999952316284,0.3799999952316284,0.3799999952316284,0.3799999952316284,-0.4038365242240429,-97.63092285821646,-15.660000920295715
2007-10-30,4.730000019073486,4.730000019073486,4.730000019073486,4.730000019073486,4.730000019073486,-0.42079703547543207,1144.736862743991,4.350000023841858
2007-10-31,2.5299999713897705,2.5299999713897705,2.5299999713897705,2.5299999713897705,2.5299999713897705,-0.38670469467718516,-46.511628727533335,-2.200000047683716
2007-11-01,2.8499999046325684,2.8499999046325684,2.8499999046325684,2.8499999046325684,2.8499999046325684,-0.42065826765610254,12.648218848279935,0.31999993324279785
2007-11-05,29.01000022888184,29.01000022888184,29.01000022888184,29.01000022888184,29.01000022888184,-0.420939229660671,917.8947789341034,26.16000032424927
2007-11-06,9.329999923706056,9.329999923706056,9.329999923706056,9.329999923706056,9.329999923706056,-0.4207987486583868,-67.83867683524775,-19.68000030517578
2007-11-09,0.0170000009238719,0.0170000009238719,0.0170000009238719,0.0170000009238719,0.0170000009238719,-0.39013106058655667,-99.8177920572038,-9.312999922782184
2007-11-12,9.15999984741211,9.15999984741211,9.15999984741211,9.15999984741211,9.15999984741211,-0.4208912605379398,53782.34911534251,9.142999846488237
2007-11-15,0.1309999972581863,0.1309999972581863,0.1309999972581863,0.1309999972581863,0.1309999972581863,-0.410689256042786,-98.56986900174243,-9.028999850153923
2007-11-16,0.8999999761581421,0.8999999761581421,0.8999999761581421,0.8999999761581421,0.8999999761581421,-0.42045439888449493,587.022896942771,0.7689999788999557
2007-11-19,5.800000190734863,5.800000190734863,5.800000190734863,5.800000190734863,5.800000190734863,-0.42088612098907574,544.4444827091556,4.900000214576721
2007-11-20,54.5,54.5,54.5,54.5,54.5,-0.42093580329476166,839.655141512932,48.69999980926514
2007-11-23,13.289999961853027,13.289999961853027,13.289999961853027,13.289999961853027,13.289999961853027,-0.41840200570478137,-75.614678969077,-41.21000003814697
2007-11-26,0.0970000028610229,0.0970000028610229,0.0970000028610229,0.0970000028610229,0.0970000028610229,-0.4201974214412921,-99.27012789210349,-13.192999958992004
2007-11-27,1.2000000476837158,1.2000000476837158,1.2000000476837158,1.2000000476837158,1.2000000476837158,-0.4209512219413538,1137.1134147315647,1.1030000448226929
2007-11-29,5.199999809265137,5.199999809265137,5.199999809265137,5.199999809265137,5.199999809265137,-0.42089982645271323,333.3333002196431,3.999999761581421
2007-11-30,30.040000915527344,30.040000915527344,30.040000915527344,30.040000915527344,30.040000915527344,-0.36083563206142993,477.69234648823175,24.840001106262207
2007-12-03,18.299999237060547,18.299999237060547,18.299999237060547,18.299999237060547,18.299999237060547,-0.4208826946231664,-39.08122942965198,-11.740001678466797
2007-12-04,2.319999933242798,2.319999933242798,2.319999933242798,2.319999933242798,2.319999933242798,-0.4124024389974718,-87.32240420784056,-15.979999303817749
2007-12-05,23.01000022888184,23.01000022888184,23.01000022888184,23.01000022888184,23.01000022888184,-0.42085014414702737,891.8103832321855,20.69000029563904
2007-12-07,2.819999933242798,2.819999933242798,2.819999933242798,2.819999933242798,2.819999933242798,-0.4201117622935578,-87.74445934292876,-20.19000029563904
2007-12-10,18.899999618530277,18.899999618530277,18.899999618530277,18.899999618530277,18.899999618530277,-0.42079703547543207,570.2127682959422,16.07999968528748
2007-12-11,42.61000061035156,42.61000061035156,42.61000061035156,42.61000061035156,42.61000061035156,-0.42089982645271323,125.44974322949246,23.710000991821286
2007-12-12,28.0,28.0,28.0,28.0,28.0,-0.4208826946231664,-34.287726827214,-14.610000610351562
2007-12-13,24.0,24.0,24.0,24.0,24.0,-0.42093409011180694,-14.28571428571429,-4.0
2007-12-14,18.84000015258789,18.84000015258789,18.84000015258789,18.84000015258789,18.84000015258789,-0.4206257171799635,-21.499999364217125,-5.159999847412109
2007-12-17,1.3899999856948853,1.3899999856948853,1.3899999856948853,1.3899999856948853,1.3899999856948853,-0.42045439888449493,-92.62208081508984,-17.450000166893005
2007-12-18,0.0199999995529651,0.0199999995529651,0.0199999995529651,0.0199999995529651,0.0199999995529651,-0.4201117622935578,-98.56115109648962,-1.36999998614192
2007-12-19,12.119999885559082,12.119999885559082,12.119999885559082,12.119999885559082,12.119999885559082,-0.42036873973676064,60500.00078231117,12.099999886006117
2007-12-20,2.2100000381469727,2.2100000381469727,2.2100000381469727,2.2100000381469727,2.2100000381469727,-0.4208398650492992,-81.76567608073844,-9.90999984741211
2007-12-21,47.790000915527344,47.790000915527344,47.790000915527344,47.790000915527344,47.790000915527344,-0.4206257171799635,2062.4434430145084,45.58000087738037
2007-12-27,24.799999237060547,24.799999237060547,24.799999237060547,24.799999237060547,24.799999237060547,-0.42089640008680385,-48.106300979369024,-22.990001678466797
2007-12-28,0.1589999943971634,0.1589999943971634,0.1589999943971634,0.1589999943971634,0.1589999943971634,-0.42079703547543207,-99.35887097061052,-24.640999242663383
2008-01-03,2.7100000381469727,2.7100000381469727,2.7100000381469727,2.7100000381469727,2.7100000381469727,-0.4208535705129367,1604.402599774758,2.5510000437498093
2008-01-04,0.6100000143051147,0.6100000143051147,0.6100000143051147,0.6100000143051147,0.6100000143051147,-0.41891253422527774,-77.49077469673334,-2.100000023841858
2008-01-07,6.449999809265137,6.449999809265137,6.449999809265137,6.449999809265137,6.449999809265137,-0.4208912605379398,957.3769931157614,5.839999794960022
2008-01-08,29.0,29.0,29.0,29.0,29.0,-0.4209169582822601,349.6124163963973,22.550000190734863
2008-01-09,1.0700000524520874,1.0700000524520874,1.0700000524520874,1.0700000524520874,1.0700000524520874,-0.41411562195215756,-96.31034464671694,-27.929999947547913
2008-01-10,0.6000000238418579,0.6000000238418579,0.6000000238418579,0.6000000238418579,0.6000000238418579,-0.4158288049068433,-43.92523416546984,-0.4700000286102295
2008-01-11,0.3000000119209289,0.3000000119209289,0.3000000119209289,0.3000000119209289,0.3000000119209289,-0.4206274303629182,-50.000000000000014,-0.300000011920929
2008-01-14,13.010000228881836,13.010000228881836,13.010000228881836,13.010000228881836,13.010000228881836,-0.42069424449815096,4236.666570636966,12.710000216960907
2008-01-15,0.164000004529953,0.164000004529953,0.164000004529953,0.164000004529953,0.164000004529953,-0.42092552419703355,-98.7394311941219,-12.846000224351883
2008-01-16,12.229999542236328,12.229999542236328,12.229999542236328,12.229999542236328,12.229999542236328,-0.4187412159298092,7357.316588063044,12.065999537706375
2008-01-17,4.389999866485596,4.389999866485596,4.389999866485596,4.389999866485596,4.389999866485596,-0.42079703547543207,-64.10466041863107,-7.839999675750732
2008-01-18,26.1200008392334,26.1200008392334,26.1200008392334,26.1200008392334,26.1200008392334,-0.42093409011180694,494.9886476908644,21.730000972747803
2008-01-22,15.5,15.5,15.5,15.5,15.5,-0.4207199422424712,-40.65850114094057,-10.620000839233398
2008-01-23,0.800000011920929,0.800000011920929,0.800000011920929,0.800000011920929,0.800000011920929,-0.4207113763276978,-94.83870960051014,-14.699999988079071
2008-01-24,2.4200000762939453,2.4200000762939453,2.4200000762939453,2.4200000762939453,2.4200000762939453,-0.42016144459924365,202.50000502914185,1.6200000643730164
2008-01-25,11.609999656677246,11.609999656677246,11.609999656677246,11.609999656677246,11.609999656677246,-0.42079703547543207,379.7520368039458,9.1899995803833
2008-01-28,0.270000010728836,0.270000010728836,0.270000010728836,0.270000010728836,0.270000010728836,-0.4209169582822601,-97.6744184434704,-11.33999964594841
2008-01-29,1.0299999713897705,1.0299999713897705,1.0299999713897705,1.0299999713897705,1.0299999713897705,-0.4201974214412921,281.4814557263892,0.7599999606609344
2008-01-30,19.299999237060547,19.299999237060547,19.299999237060547,19.299999237060547,19.299999237060547,-0.42086556279361953,1773.7863857432167,18.269999265670776
2008-01-31,3.509999990463257,3.509999990463257,3.509999990463257,3.509999990463257,3.509999990463257,-0.42081416730497895,-81.8134708330805,-15.78999924659729
2008-02-01,5.210000038146973,5.210000038146973,5.210000038146973,5.210000038146973,5.210000038146973,-0.4209306637458976,48.433049923152474,1.7000000476837158
2008-02-04,2.9100000858306885,2.9100000858306885,2.9100000858306885,2.9100000858306885,2.9100000858306885,-0.41754198786152913,-44.145872082072366,-2.299999952316284
2008-02-05,0.5199999809265137,0.5199999809265137,0.5199999809265137,0.5199999809265137,0.5199999809265137,-0.4198256607401253,-82.13058537494598,-2.390000104904175
2008-02-06,34.29999923706055,34.29999923706055,34.29999923706055,34.29999923706055,34.29999923706055,-0.4205366316663199,6496.153941380206,33.77999925613403
2008-02-08,2.5999999046325684,2.5999999046325684,2.5999999046325684,2.5999999046325684,2.5999999046325684,-0.4144582585430947,-92.41982518231863,-31.69999933242798
2008-02-11,3.539999961853028,3.539999961853028,3.539999961853028,3.539999961853028,3.539999961853028,-0.41702803297512336,36.15384968074835,0.9400000572204594
2008-02-12,14.329999923706056,14.329999923706056,14.329999923706056,14.329999923706056,14.329999923706056,-0.42040300339585435,304.8022620939509,10.78999996185303
2008-02-13,0.2339999973773956,0.2339999973773956,0.2339999973773956,0.2339999973773956,0.2339999973773956,-0.42079703547543207,-98.36706211707447,-14.09599992632866
2008-02-14,3.430000066757202,3.430000066757202,3.430000066757202,3.430000066757202,3.430000066757202,-0.37265659444876176,1365.8120107690822,3.1960000693798065
2008-02-19,1.340000033378601,1.340000033378601,1.340000033378601,1.340000033378601,1.340000033378601,-0.4206257171799635,-60.93294439362893,-2.090000033378601
2008-02-20,0.949999988079071,0.949999988079071,0.949999988079071,0.949999988079071,0.949999988079071,-0.4209546483072632,-29.104480267526988,-0.39000004529953003
2008-02-21,1.649999976158142,1.649999976158142,1.649999976158142,1.649999976158142,1.649999976158142,-0.4192072016934837,73.68421019609615,0.699999988079071
2008-02-22,6.679999828338623,6.679999828338623,6.679999828338623,6.679999828338623,6.679999828338623,-0.4201117622935578,304.848480294668,5.029999852180481
2008-02-25,2.819999933242798,2.819999933242798,2.819999933242798,2.819999933242798,2.819999933242798,-0.42045439888449493,-57.784431052236165,-3.859999895095825
2008-02-26,23.5,23.5,23.5,23.5,23.5,-0.42086556279361953,733.3333530606394,20.680000066757202
2008-02-27,1.0199999809265137,1.0199999809265137,1.0199999809265137,1.0199999809265137,1.0199999809265137,-0.42028308058902636,-95.65957454924889,-22.480000019073486
2008-02-28,3.0,3.0,3.0,3.0,3.0,-0.4208826946231664,194.1176525586755,1.9800000190734863
2008-02-29,4.849999904632568,4.849999904632568,4.849999904632568,4.849999904632568,4.849999904632568,-0.4208826946231664,61.666663487752274,1.8499999046325684
2008-03-03,15.0,15.0,15.0,15.0,15.0,-0.4209512219413538,209.27835659692425,10.150000095367432
2008-03-04,40.34999847412109,40.34999847412109,40.34999847412109,40.34999847412109,40.34999847412109,-0.4209443692095351,168.99998982747394,25.349998474121087
2008-03-05,14.0600004196167,14.0600004196167,14.0600004196167,14.0600004196167,14.0600004196167,-0.4206257171799635,-65.1548923139756,-26.289998054504387
2008-03-06,2.3299999237060547,2.3299999237060547,2.3299999237060547,2.3299999237060547,2.3299999237060547,-0.4207113763276978,-83.42816604432524,-11.730000495910645
2008-03-07,1.8899999856948853,1.8899999856948853,1.8899999856948853,1.8899999856948853,1.8899999856948853,-0.420966640587946,-18.884118129553997,-0.43999993801116943
2008-03-10,5.190000057220459,5.190000057220459,5.190000057220459,5.190000057220459,5.190000057220459,-0.4192551708162149,174.6031797091407,3.3000000715255737
2008-03-11,27.100000381469727,27.100000381469727,27.100000381469727,27.100000381469727,27.100000381469727,-0.42094950875839915,422.15799773966324,21.910000324249268
2008-03-12,0.4799999892711639,0.4799999892711639,0.4799999892711639,0.4799999892711639,0.4799999892711639,-0.4207113763276978,-98.22878235234501,-26.620000392198563
2008-03-13,1.6299999952316284,1.6299999952316284,1.6299999952316284,1.6299999952316284,1.6299999952316284,-0.4138689236066828,239.5833399302018,1.1500000059604645
2008-03-14,5.28000020980835,5.28000020980835,5.28000020980835,5.28000020980835,5.28000020980835,-0.4203858715663075,223.92639418738426,3.650000214576721
2008-03-17,2.6700000762939453,2.6700000762939453,2.6700000762939453,2.6700000762939453,2.6700000762939453,-0.41754198786152913,-49.431818746256084,-2.6100001335144043
2008-03-19,20.850000381469727,20.850000381469727,20.850000381469727,20.850000381469727,20.850000381469727,-0.4038365242240429,680.8988683779464,18.18000030517578
2008-03-20,1.5399999618530271,1.5399999618530271,1.5399999618530271,1.5399999618530271,1.5399999618530271,-0.4038365242240429,-92.61390919099604,-19.3100004196167
2008-03-25,0.3700000047683716,0.3700000047683716,0.3700000047683716,0.3700000047683716,0.3700000047683716,-0.42079703547543207,-75.97402506924976,-1.1699999570846555
2008-03-26,4.579999923706055,4.579999923706055,4.579999923706055,4.579999923706055,4.579999923706055,-0.4207113763276978,1137.8378012652292,4.209999918937683
2008-03-28,7.800000190734863,7.800000190734863,7.800000190734863,7.800000190734863,7.800000190734863,-0.42081416730497895,70.3056838573753,3.2200002670288086
2008-03-31,5.53000020980835,5.53000020980835,5.53000020980835,5.53000020980835,5.53000020980835,-0.4201117622935578,-29.102563146381787,-2.2699999809265137
2008-04-02,10.0,10.0,10.0,10.0,10.0,-0.4206257171799635,80.83181954068253,4.46999979019165
2008-04-03,5.090000152587891,5.090000152587891,5.090000152587891,5.090000152587891,5.090000152587891,-0.4206257171799635,-49.0999984741211,-4.909999847412109
2008-04-04,1.440000057220459,1.440000057220459,1.440000057220459,1.440000057220459,1.440000057220459,-0.4209649274049913,-71.70923351567436,-3.6500000953674316
2008-04-07,4.199999809265137,4.199999809265137,4.199999809265137,4.199999809265137,4.199999809265137,-0.42058288760609636,191.66664183139898,2.7599997520446777
2008-04-08,1.7699999809265137,1.7699999809265137,1.7699999809265137,1.7699999809265137,1.7699999809265137,-0.4209186714652148,-57.8571413974372,-2.429999828338623
2008-04-09,6.550000190734863,6.550000190734863,6.550000190734863,6.550000190734863,6.550000190734863,-0.42089982645271323,270.05651193884415,4.78000020980835
2008-04-10,12.75,12.75,12.75,12.75,12.75,-0.42089982645271323,94.65648288125533,6.199999809265137
2008-04-11,10.5,10.5,10.5,10.5,10.5,-0.4208569968788461,-17.647058823529417,-2.25
2008-04-14,35.0,35.0,35.0,35.0,35.0,-0.4208826946231664,233.33333333333334,24.5
2008-04-15,37.77999877929688,37.77999877929688,37.77999877929688,37.77999877929688,37.77999877929688,-0.42072850815724466,7.942853655133941,2.779998779296882
2008-04-16,2.309999942779541,2.309999942779541,2.309999942779541,2.309999942779541,2.309999942779541,-0.42077647727997586,-93.88565373896888,-35.46999883651734
2008-04-17,3.109999895095825,3.109999895095825,3.109999895095825,3.109999895095825,3.109999895095825,-0.4201117622935578,34.63203342566634,0.7999999523162842
2008-04-18,14.109999656677246,14.109999656677246,14.109999656677246,14.109999656677246,14.109999656677246,-0.4209512219413538,353.69775346061516,10.999999761581421
2008-04-21,11.199999809265137,11.199999809265137,11.199999809265137,11.199999809265137,11.199999809265137,-0.4209512219413538,-20.62367057560498,-2.9099998474121094
2008-04-22,0.0040000001899898,0.0040000001899898,0.0040000001899898,0.0040000001899898,0.0040000001899898,-0.4209272373799882,-99.96428571198118,-11.195999809075147
2008-04-23,27.440000534057617,27.440000534057617,27.440000534057617,27.440000534057617,27.440000534057617,-0.4209512219413538,685899.9807681907,27.436000533867627
2008-04-24,0.8100000023841858,0.8100000023841858,0.8100000023841858,0.8100000023841858,0.8100000023841858,-0.4194967296128256,-97.04810500503147,-26.63000053167343
2008-04-25,20.76000022888184,20.76000022888184,20.76000022888184,20.76000022888184,20.76000022888184,-0.4208809814402117,2462.962983676054,19.950000226497654
2008-04-28,6.139999866485596,6.139999866485596,6.139999866485596,6.139999866485596,6.139999866485596,-0.37642559694907046,-70.42389306940628,-14.620000362396244
2008-04-29,0.25,0.25,0.25,0.25,0.25,-0.4182272610434034,-95.92833867367663,-5.889999866485596
2008-04-30,20.01000022888184,20.01000022888184,20.01000022888184,20.01000022888184,20.01000022888184,-0.42074563998679154,7904.000091552736,19.76000022888184
2008-05-02,18.799999237060547,18.799999237060547,18.799999237060547,18.799999237060547,18.799999237060547,-0.42056232941064015,-6.046981399204654,-1.2100009918212926
2008-05-05,33.06999969482422,33.06999969482422,33.06999969482422,33.06999969482422,33.06999969482422,-0.3695728651303274,75.90426083440013,14.270000457763672
2008-05-06,18.31999969482422,18.31999969482422,18.31999969482422,18.31999969482422,18.31999969482422,-0.42089982645271323,-44.60235904480072,-14.75
2008-05-07,40.5,40.5,40.5,40.5,40.5,-0.42085871006180076,121.06987267822986,22.18000030517578
2008-05-08,2.119999885559082,2.119999885559082,2.119999885559082,2.119999885559082,2.119999885559082,-0.418398579338872,-94.7654323813356,-38.38000011444092
2008-05-09,6.360000133514404,6.360000133514404,6.360000133514404,6.360000133514404,6.360000133514404,-0.4206257171799635,200.00002249232,4.240000247955322
2008-05-12,2.039999961853028,2.039999961853028,2.039999961853028,2.039999961853028,2.039999961853028,-0.39155300243894586,-67.92452957503687,-4.320000171661377
2008-05-13,0.1500000059604644,0.1500000059604644,0.1500000059604644,0.1500000059604644,0.1500000059604644,-0.42028308058902636,-92.64705839385347,-1.8899999558925633
2008-05-14,12.4399995803833,12.4399995803833,12.4399995803833,12.4399995803833,12.4399995803833,-0.41923632580371334,8193.332724041436,12.289999574422836
2008-05-15,0.1500000059604644,0.1500000059604644,0.1500000059604644,0.1500000059604644,0.1500000059604644,-0.4206856785833775,-98.79421213006309,-12.289999574422836
2008-05-16,0.0299999993294477,0.0299999993294477,0.0299999993294477,0.0299999993294477,0.0299999993294477,-0.4208826946231664,-80.00000124176341,-0.12000000663101669
2008-05-19,3.009999990463257,3.009999990463257,3.009999990463257,3.009999990463257,3.009999990463257,-0.42079703547543207,9933.333525806685,2.979999991133809
2008-05-20,3.829999923706055,3.829999923706055,3.829999923706055,3.829999923706055,3.829999923706055,-0.42045611206744965,27.242522785410216,0.8199999332427983
2008-05-21,12.979999542236328,12.979999542236328,12.979999542236328,12.979999542236328,12.979999542236328,-0.42028308058902636,238.90338905480658,9.149999618530273
2008-05-22,0.1500000059604644,0.1500000059604644,0.1500000059604644,0.1500000059604644,0.1500000059604644,-0.41334468962254894,-98.84437587634444,-12.829999536275864
2008-05-23,1.1100000143051147,1.1100000143051147,1.1100000143051147,1.1100000143051147,1.1100000143051147,-0.42080388820725084,639.9999801317863,0.9600000083446504
2008-05-27,5.699999809265137,5.699999809265137,5.699999809265137,5.699999809265137,5.699999809265137,-0.4200466613412797,413.51348971229214,4.589999794960022
2008-05-28,1.5,1.5,1.5,1.5,1.5,-0.42076277181633837,-73.68420964573006,-4.199999809265137
2008-05-29,4.5,4.5,4.5,4.5,4.5,-0.4209409428436257,200.0,3.0
2008-05-30,44.7400016784668,44.7400016784668,44.7400016784668,44.7400016784668,44.7400016784668,-0.4203858715663075,894.2222595214844,40.2400016784668
2008-06-02,0.3100000023841858,0.3100000023841858,0.3100000023841858,0.3100000023841858,0.3100000023841858,-0.4207130895106525,-99.30710775423732,-44.43000167608261
2008-06-03,14.199999809265137,14.199999809265137,14.199999809265137,14.199999809265137,14.199999809265137,-0.4205400580322292,4480.6450645335635,13.889999806880951
2008-06-04,18.75,18.75,18.75,18.75,18.75,-0.420906679184532,32.042255294722644,4.550000190734863
2008-06-05,5.53000020980835,5.53000020980835,5.53000020980835,5.53000020980835,5.53000020980835,-0.420966640587946,-70.50666554768881,-13.21999979019165
2008-06-06,2.180000066757202,2.180000066757202,2.180000066757202,2.180000066757202,2.180000066757202,-0.4201974214412921,-60.57866213294858,-3.3500001430511475
2008-06-09,25.0,25.0,25.0,25.0,25.0,-0.4209512219413538,1046.7889557080632,22.819999933242798
2008-06-11,24.75,24.75,24.75,24.75,24.75,-0.42077990364588524,-1.0000000000000009,-0.25
2008-06-12,1.2599999904632568,1.2599999904632568,1.2599999904632568,1.2599999904632568,1.2599999904632568,-0.4166853963841862,-94.90909094762321,-23.490000009536743
2008-06-13,22.270000457763672,22.270000457763672,22.270000457763672,22.270000457763672,22.270000457763672,-0.42094779557544443,1667.460367168399,21.010000467300415
2008-06-16,0.0309999994933605,0.0309999994933605,0.0309999994933605,0.0309999994933605,0.0309999994933605,-0.4209443692095351,-99.86079928668096,-22.23900045827031
2008-06-17,8.649999618530273,8.649999618530273,8.649999618530273,8.649999618530273,8.649999618530273,-0.4177133061569977,27803.22503193237,8.618999619036913
2008-06-18,42.59999847412109,42.59999847412109,42.59999847412109,42.59999847412109,42.59999847412109,-0.41411562195215756,392.4855532116113,33.94999885559081
2008-06-19,6.599999904632568,6.599999904632568,6.599999904632568,6.599999904632568,6.599999904632568,-0.420966640587946,-84.50704192244989,-35.99999856948852
2008-06-20,26.5,26.5,26.5,26.5,26.5,-0.4209083923674867,301.5151573168893,19.90000009536743
2008-06-23,10.40999984741211,10.40999984741211,10.40999984741211,10.40999984741211,10.40999984741211,-0.42079703547543207,-60.71698170787882,-16.09000015258789
2008-06-24,11.420000076293944,11.420000076293944,11.420000076293944,11.420000076293944,11.420000076293944,-0.4208929737208945,9.702211754910994,1.0100002288818342
2008-06-25,20.600000381469727,20.600000381469727,20.600000381469727,20.600000381469727,20.600000381469727,-0.4209649274049913,80.38529110198489,9.180000305175783
2008-06-26,60.0099983215332,60.0099983215332,60.0099983215332,60.0099983215332,60.0099983215332,-0.42045439888449493,191.3106660692777,39.40999794006348
2008-06-27,67.91000366210938,67.91000366210938,67.91000366210938,67.91000366210938,67.91000366210938,-0.4208826946231664,13.164481855586786,7.900005340576172
2008-06-30,0.0979999974370002,0.0979999974370002,0.0979999974370002,0.0979999974370002,0.0979999974370002,-0.4201117622935578,-99.85569136776283,-67.81200366467237
2008-07-01,59.18999862670898,59.18999862670898,59.18999862670898,59.18999862670898,59.18999862670898,-0.4209169582822601,60297.959361947505,59.09199862927198
2008-07-02,66.87000274658203,66.87000274658203,66.87000274658203,66.87000274658203,66.87000274658203,-0.4209546483072632,12.975171985233857,7.680004119873054
2008-07-03,4.099999904632568,4.099999904632568,4.099999904632568,4.099999904632568,4.099999904632568,-0.4206257171799635,-93.86870085803588,-62.77000284194946
2008-07-07,3.440000057220459,3.440000057220459,3.440000057220459,3.440000057220459,3.440000057220459,2.677468640329475,-16.097557628388703,-0.6599998474121094
2008-11-24,3.0,3.0,3.0,3.0,3.0,-0.42079703547543207,-12.790699125045412,-0.440000057220459
2010-05-07,3.4730000495910645,3.4730000495910645,3.4730000495910645,3.4730000495910645,3.4730000495910645,-0.4209683537709007,15.766668319702148,0.47300004959106445
2010-09-20,2.885999917984009,2.885999917984009,2.885999917984009,2.885999917984009,2.885999917984009,-0.4209683537709007,-16.901817541758255,-0.5870001316070557
2010-11-17,2.947000026702881,2.947000026702881,2.947000026702881,2.947000026702881,2.947000026702881,-0.4209683537709007,2.1136559408318822,0.06100010871887207
2011-11-17,2.947000026702881,2.947000026702881,2.947000026702881,2.947000026702881,2.947000026702881,-0.4209683537709007,0.0,0.0
2011-11-18,2.947000026702881,2.947000026702881,2.947000026702881,2.947000026702881,2.947000026702881,-0.4209683537709007,0.0,0.0
2011-11-21,2.947000026702881,2.947000026702881,2.947000026702881,2.947000026702881,2.947000026702881,-0.4209683537709007,0.0,0.0
2011-11-22,2.947000026702881,2.947000026702881,2.947000026702881,2.947000026702881,2.947000026702881,-0.4209683537709007,0.0,0.0
2011-11-23,2.947000026702881,2.947000026702881,2.947000026702881,2.947000026702881,2.947000026702881,-0.4209683537709007,0.0,0.0
2011-11-25,2.947000026702881,2.947000026702881,2.947000026702881,2.947000026702881,2.947000026702881,-0.4209683537709007,0.0,0.0
2011-11-28,2.947000026702881,2.947000026702881,2.947000026702881,2.947000026702881,2.947000026702881,-0.4209683537709007,0.0,0.0
2011-11-29,2.947000026702881,2.947000026702881,2.947000026702881,2.947000026702881,2.947000026702881,-0.4209683537709007,0.0,0.0
2011-11-30,2.947000026702881,2.947000026702881,2.947000026702881,2.947000026702881,2.947000026702881,-0.4209683537709007,0.0,0.0
2011-12-01,2.947000026702881,2.947000026702881,2.947000026702881,2.947000026702881,2.947000026702881,-0.4209683537709007,0.0,0.0
2011-12-02,2.947000026702881,2.947000026702881,2.947000026702881,2.947000026702881,2.947000026702881,-0.4209683537709007,0.0,0.0
2011-12-05,2.947000026702881,2.947000026702881,2.947000026702881,2.947000026702881,2.947000026702881,-0.4209683537709007,0.0,0.0
2011-12-06,2.947000026702881,2.947000026702881,2.947000026702881,2.947000026702881,2.947000026702881,-0.4209683537709007,0.0,0.0
2011-12-07,2.947000026702881,2.947000026702881,2.947000026702881,2.947000026702881,2.947000026702881,-0.4209683537709007,0.0,0.0
2011-12-08,2.947000026702881,2.947000026702881,2.947000026702881,2.947000026702881,2.947000026702881,-0.4209683537709007,0.0,0.0
2011-12-09,2.947000026702881,2.947000026702881,2.947000026702881,2.947000026702881,2.947000026702881,-0.4209683537709007,0.0,0.0
2011-12-12,2.947000026702881,2.947000026702881,2.947000026702881,2.947000026702881,2.947000026702881,-0.4209683537709007,0.0,0.0
2011-12-13,2.947000026702881,2.947000026702881,2.947000026702881,2.947000026702881,2.947000026702881,-0.4209683537709007,0.0,0.0
2011-12-14,2.947000026702881,2.947000026702881,2.947000026702881,2.947000026702881,2.947000026702881,-0.4209683537709007,0.0,0.0
2011-12-15,2.947000026702881,2.947000026702881,2.947000026702881,2.947000026702881,2.947000026702881,-0.4209683537709007,0.0,0.0
2011-12-16,2.947000026702881,2.947000026702881,2.947000026702881,2.947000026702881,2.947000026702881,-0.4209683537709007,0.0,0.0
2011-12-19,2.947000026702881,2.947000026702881,2.947000026702881,2.947000026702881,2.947000026702881,-0.4209683537709007,0.0,0.0
2011-12-20,2.947000026702881,2.947000026702881,2.947000026702881,2.947000026702881,2.947000026702881,-0.4209683537709007,0.0,0.0
2011-12-21,2.947000026702881,2.947000026702881,2.947000026702881,2.947000026702881,2.947000026702881,-0.4209683537709007,0.0,0.0
2011-12-22,2.947000026702881,2.947000026702881,2.947000026702881,2.947000026702881,2.947000026702881,-0.4209683537709007,0.0,0.0
2011-12-23,2.947000026702881,2.947000026702881,2.947000026702881,2.947000026702881,2.947000026702881,-0.4209683537709007,0.0,0.0
2011-12-27,2.947000026702881,2.947000026702881,2.947000026702881,2.947000026702881,2.947000026702881,-0.4209683537709007,0.0,0.0
2011-12-28,2.947000026702881,2.947000026702881,2.947000026702881,2.947000026702881,2.947000026702881,-0.4209683537709007,0.0,0.0
2011-12-29,2.947000026702881,2.947000026702881,2.947000026702881,2.947000026702881,2.947000026702881,-0.4209683537709007,0.0,0.0
2011-12-30,2.947000026702881,2.947000026702881,2.947000026702881,2.947000026702881,2.947000026702881,-0.4209683537709007,0.0,0.0
2012-01-03,2.947000026702881,2.947000026702881,2.947000026702881,2.947000026702881,2.947000026702881,-0.4209683537709007,0.0,0.0
2012-01-04,2.947000026702881,2.947000026702881,2.947000026702881,2.947000026702881,2.947000026702881,-0.4209683537709007,0.0,0.0
2012-01-05,2.947000026702881,2.947000026702881,2.947000026702881,2.947000026702881,2.947000026702881,-0.4209683537709007,0.0,0.0
2012-01-06,2.947000026702881,2.947000026702881,2.947000026702881,2.947000026702881,2.947000026702881,-0.4209683537709007,0.0,0.0
2012-01-09,2.947000026702881,2.947000026702881,2.947000026702881,2.947000026702881,2.947000026702881,-0.4209683537709007,0.0,0.0
2012-01-10,2.947000026702881,2.947000026702881,2.947000026702881,2.947000026702881,2.947000026702881,-0.4209683537709007,0.0,0.0
2012-01-11,2.947000026702881,2.947000026702881,2.947000026702881,2.947000026702881,2.947000026702881,-0.4209683537709007,0.0,0.0
2012-01-12,2.947000026702881,2.947000026702881,2.947000026702881,2.947000026702881,2.947000026702881,-0.4209683537709007,0.0,0.0
2012-01-13,2.947000026702881,2.947000026702881,2.947000026702881,2.947000026702881,2.947000026702881,-0.4209683537709007,0.0,0.0
2012-01-17,2.947000026702881,2.947000026702881,2.947000026702881,2.947000026702881,2.947000026702881,-0.4209683537709007,0.0,0.0
2012-01-18,2.947000026702881,2.947000026702881,2.947000026702881,2.947000026702881,2.947000026702881,-0.4209683537709007,0.0,0.0
2012-01-19,2.947000026702881,2.947000026702881,2.947000026702881,2.947000026702881,2.947000026702881,-0.4209683537709007,0.0,0.0
2012-01-20,2.947000026702881,2.947000026702881,2.947000026702881,2.947000026702881,2.947000026702881,-0.4209683537709007,0.0,0.0
2012-01-23,2.947000026702881,2.947000026702881,2.947000026702881,2.947000026702881,2.947000026702881,-0.4209683537709007,0.0,0.0
2012-01-24,2.947000026702881,2.947000026702881,2.947000026702881,2.947000026702881,2.947000026702881,-0.4209683537709007,0.0,0.0
2012-01-25,2.947000026702881,2.947000026702881,2.947000026702881,2.947000026702881,2.947000026702881,-0.4209683537709007,0.0,0.0
2012-01-26,2.947000026702881,2.947000026702881,2.947000026702881,2.947000026702881,2.947000026702881,-0.4209683537709007,0.0,0.0
2012-01-27,2.947000026702881,2.947000026702881,2.947000026702881,2.947000026702881,2.947000026702881,-0.4209683537709007,0.0,0.0
2012-01-30,2.947000026702881,2.947000026702881,2.947000026702881,2.947000026702881,2.947000026702881,-0.4209683537709007,0.0,0.0
2012-01-31,2.947000026702881,2.947000026702881,2.947000026702881,2.947000026702881,2.947000026702881,-0.4209683537709007,0.0,0.0
2012-02-01,2.947000026702881,2.947000026702881,2.947000026702881,2.947000026702881,2.947000026702881,-0.4209683537709007,0.0,0.0
2012-02-02,2.947000026702881,2.947000026702881,2.947000026702881,2.947000026702881,2.947000026702881,-0.4209683537709007,0.0,0.0
2012-02-03,2.947000026702881,2.947000026702881,2.947000026702881,2.947000026702881,2.947000026702881,-0.4209683537709007,0.0,0.0
2012-02-06,2.947000026702881,2.947000026702881,2.947000026702881,2.947000026702881,2.947000026702881,-0.4209683537709007,0.0,0.0
2012-02-07,2.947000026702881,2.947000026702881,2.947000026702881,2.947000026702881,2.947000026702881,-0.4209683537709007,0.0,0.0
2012-02-08,2.947000026702881,2.947000026702881,2.947000026702881,2.947000026702881,2.947000026702881,-0.4209683537709007,0.0,0.0
2012-02-09,2.947000026702881,2.947000026702881,2.947000026702881,2.947000026702881,2.947000026702881,-0.4209683537709007,0.0,0.0
2012-02-10,2.947000026702881,2.947000026702881,2.947000026702881,2.947000026702881,2.947000026702881,-0.4209683537709007,0.0,0.0
2012-02-13,2.947000026702881,2.947000026702881,2.947000026702881,2.947000026702881,2.947000026702881,-0.4209683537709007,0.0,0.0
2012-02-14,2.947000026702881,2.947000026702881,2.947000026702881,2.947000026702881,2.947000026702881,-0.4209683537709007,0.0,0.0
2012-02-15,2.947000026702881,2.947000026702881,2.947000026702881,2.947000026702881,2.947000026702881,-0.4209683537709007,0.0,0.0
2012-02-16,2.947000026702881,2.947000026702881,2.947000026702881,2.947000026702881,2.947000026702881,-0.4209683537709007,0.0,0.0
2012-02-17,2.947000026702881,2.947000026702881,2.947000026702881,2.947000026702881,2.947000026702881,-0.4209683537709007,0.0,0.0
2012-02-21,2.947000026702881,2.947000026702881,2.947000026702881,2.947000026702881,2.947000026702881,-0.4209683537709007,0.0,0.0
2012-02-22,2.947000026702881,2.947000026702881,2.947000026702881,2.947000026702881,2.947000026702881,-0.4209683537709007,0.0,0.0
2012-02-23,2.947000026702881,2.947000026702881,2.947000026702881,2.947000026702881,2.947000026702881,-0.4209683537709007,0.0,0.0
2012-02-24,2.947000026702881,2.947000026702881,2.947000026702881,2.947000026702881,2.947000026702881,-0.4209683537709007,0.0,0.0
2012-02-27,2.947000026702881,2.947000026702881,2.947000026702881,2.947000026702881,2.947000026702881,-0.4209683537709007,0.0,0.0
2012-02-28,2.947000026702881,2.947000026702881,2.947000026702881,2.947000026702881,2.947000026702881,-0.4209683537709007,0.0,0.0
2012-02-29,2.947000026702881,2.947000026702881,2.947000026702881,2.947000026702881,2.947000026702881,-0.4209683537709007,0.0,0.0
2012-03-01,2.947000026702881,2.947000026702881,2.947000026702881,2.947000026702881,2.947000026702881,-0.4209683537709007,0.0,0.0
2012-03-02,2.947000026702881,2.947000026702881,2.947000026702881,2.947000026702881,2.947000026702881,-0.4209683537709007,0.0,0.0
2012-03-05,2.947000026702881,2.947000026702881,2.947000026702881,2.947000026702881,2.947000026702881,-0.4209683537709007,0.0,0.0
2012-03-06,2.947000026702881,2.947000026702881,2.947000026702881,2.947000026702881,2.947000026702881,-0.4209683537709007,0.0,0.0
2012-03-07,2.947000026702881,2.947000026702881,2.947000026702881,2.947000026702881,2.947000026702881,-0.4209683537709007,0.0,0.0
2012-03-08,2.947000026702881,2.947000026702881,2.947000026702881,2.947000026702881,2.947000026702881,-0.4209683537709007,0.0,0.0
2012-03-09,2.947000026702881,2.947000026702881,2.947000026702881,2.947000026702881,2.947000026702881,-0.4209683537709007,0.0,0.0
2012-03-12,2.947000026702881,2.947000026702881,2.947000026702881,2.947000026702881,2.947000026702881,-0.4209683537709007,0.0,0.0
2012-03-13,2.947000026702881,2.947000026702881,2.947000026702881,2.947000026702881,2.947000026702881,-0.4209683537709007,0.0,0.0
2012-03-14,2.947000026702881,2.947000026702881,2.947000026702881,2.947000026702881,2.947000026702881,-0.4209683537709007,0.0,0.0
2012-03-15,2.947000026702881,2.947000026702881,2.947000026702881,2.947000026702881,2.947000026702881,-0.4209683537709007,0.0,0.0
2012-03-16,2.947000026702881,2.947000026702881,2.947000026702881,2.947000026702881,2.947000026702881,-0.4209683537709007,0.0,0.0
2012-03-19,2.947000026702881,2.947000026702881,2.947000026702881,2.947000026702881,2.947000026702881,-0.4209683537709007,0.0,0.0
2012-03-20,2.947000026702881,2.947000026702881,2.947000026702881,2.947000026702881,2.947000026702881,-0.4209683537709007,0.0,0.0
2012-03-21,2.947000026702881,2.947000026702881,2.947000026702881,2.947000026702881,2.947000026702881,-0.4209683537709007,0.0,0.0
2012-03-22,2.947000026702881,2.947000026702881,2.947000026702881,2.947000026702881,2.947000026702881,-0.4209683537709007,0.0,0.0
2012-03-23,2.947000026702881,2.947000026702881,2.947000026702881,2.947000026702881,2.947000026702881,-0.4209683537709007,0.0,0.0
2012-03-26,2.947000026702881,2.947000026702881,2.947000026702881,2.947000026702881,2.947000026702881,-0.4209683537709007,0.0,0.0
2012-03-27,2.947000026702881,2.947000026702881,2.947000026702881,2.947000026702881,2.947000026702881,-0.4209683537709007,0.0,0.0
2012-03-28,2.947000026702881,2.947000026702881,2.947000026702881,2.947000026702881,2.947000026702881,-0.4209683537709007,0.0,0.0
2012-03-29,2.947000026702881,2.947000026702881,2.947000026702881,2.947000026702881,2.947000026702881,-0.4209683537709007,0.0,0.0
2012-03-30,2.947000026702881,2.947000026702881,2.947000026702881,2.947000026702881,2.947000026702881,-0.4209683537709007,0.0,0.0
2012-04-02,2.947000026702881,2.947000026702881,2.947000026702881,2.947000026702881,2.947000026702881,-0.4209683537709007,0.0,0.0
2012-04-03,2.947000026702881,2.947000026702881,2.947000026702881,2.947000026702881,2.947000026702881,-0.4209683537709007,0.0,0.0
2012-04-04,2.947000026702881,2.947000026702881,2.947000026702881,2.947000026702881,2.947000026702881,-0.4209683537709007,0.0,0.0
2012-04-05,2.947000026702881,2.947000026702881,2.947000026702881,2.947000026702881,2.947000026702881,-0.4209683537709007,0.0,0.0
2012-04-09,2.947000026702881,2.947000026702881,2.947000026702881,2.947000026702881,2.947000026702881,-0.4209683537709007,0.0,0.0
2012-04-10,2.947000026702881,2.947000026702881,2.947000026702881,2.947000026702881,2.947000026702881,-0.4209683537709007,0.0,0.0
2012-04-11,2.947000026702881,2.947000026702881,2.947000026702881,2.947000026702881,2.947000026702881,-0.4209683537709007,0.0,0.0
2012-04-12,2.947000026702881,2.947000026702881,2.947000026702881,2.947000026702881,2.947000026702881,-0.4209683537709007,0.0,0.0
2012-04-13,2.947000026702881,2.947000026702881,2.947000026702881,2.947000026702881,2.947000026702881,-0.4209683537709007,0.0,0.0
2012-04-16,2.947000026702881,2.947000026702881,2.947000026702881,2.947000026702881,2.947000026702881,-0.4209683537709007,0.0,0.0
2012-04-17,2.947000026702881,2.947000026702881,2.947000026702881,2.947000026702881,2.947000026702881,-0.4209683537709007,0.0,0.0
2012-04-18,2.947000026702881,2.947000026702881,2.947000026702881,2.947000026702881,2.947000026702881,-0.4209683537709007,0.0,0.0
2012-04-19,2.947000026702881,2.947000026702881,2.947000026702881,2.947000026702881,2.947000026702881,-0.4209683537709007,0.0,0.0
2012-04-20,2.947000026702881,2.947000026702881,2.947000026702881,2.947000026702881,2.947000026702881,-0.4209683537709007,0.0,0.0
2012-04-23,2.947000026702881,2.947000026702881,2.947000026702881,2.947000026702881,2.947000026702881,-0.4209683537709007,0.0,0.0
2012-04-24,2.947000026702881,2.947000026702881,2.947000026702881,2.947000026702881,2.947000026702881,-0.4209683537709007,0.0,0.0
2012-04-25,2.947000026702881,2.947000026702881,2.947000026702881,2.947000026702881,2.947000026702881,-0.4209683537709007,0.0,0.0
2012-04-26,2.947000026702881,2.947000026702881,2.947000026702881,2.947000026702881,2.947000026702881,-0.4209683537709007,0.0,0.0
2012-04-27,2.947000026702881,2.947000026702881,2.947000026702881,2.947000026702881,2.947000026702881,-0.4209683537709007,0.0,0.0
2012-04-30,2.947000026702881,2.947000026702881,2.947000026702881,2.947000026702881,2.947000026702881,-0.4209683537709007,0.0,0.0
2012-05-01,2.947000026702881,2.947000026702881,2.947000026702881,2.947000026702881,2.947000026702881,-0.4209683537709007,0.0,0.0
2012-05-02,2.947000026702881,2.947000026702881,2.947000026702881,2.947000026702881,2.947000026702881,-0.4209683537709007,0.0,0.0
2012-05-03,2.947000026702881,2.947000026702881,2.947000026702881,2.947000026702881,2.947000026702881,-0.4209683537709007,0.0,0.0
2012-05-04,2.947000026702881,2.947000026702881,2.947000026702881,2.947000026702881,2.947000026702881,-0.4209683537709007,0.0,0.0
2012-05-07,2.947000026702881,2.947000026702881,2.947000026702881,2.947000026702881,2.947000026702881,-0.4209683537709007,0.0,0.0
2012-05-08,2.947000026702881,2.947000026702881,2.947000026702881,2.947000026702881,2.947000026702881,-0.4209683537709007,0.0,0.0
2012-05-09,2.947000026702881,2.947000026702881,2.947000026702881,2.947000026702881,2.947000026702881,-0.4209683537709007,0.0,0.0
2012-05-10,2.947000026702881,2.947000026702881,2.947000026702881,2.947000026702881,2.947000026702881,-0.4209683537709007,0.0,0.0
2012-05-11,2.947000026702881,2.947000026702881,2.947000026702881,2.947000026702881,2.947000026702881,-0.4209683537709007,0.0,0.0
2012-05-14,2.947000026702881,2.947000026702881,2.947000026702881,2.947000026702881,2.947000026702881,-0.4209683537709007,0.0,0.0
2012-05-15,2.947000026702881,2.947000026702881,2.947000026702881,2.947000026702881,2.947000026702881,-0.4209683537709007,0.0,0.0
2012-05-16,2.947000026702881,2.947000026702881,2.947000026702881,2.947000026702881,2.947000026702881,-0.4209683537709007,0.0,0.0
2012-05-17,2.947000026702881,2.947000026702881,2.947000026702881,2.947000026702881,2.947000026702881,-0.4209683537709007,0.0,0.0
2012-05-18,2.947000026702881,2.947000026702881,2.947000026702881,2.947000026702881,2.947000026702881,-0.4209683537709007,0.0,0.0
2012-05-21,2.947000026702881,2.947000026702881,2.947000026702881,2.947000026702881,2.947000026702881,-0.4209683537709007,0.0,0.0
2012-05-22,2.947000026702881,2.947000026702881,2.947000026702881,2.947000026702881,2.947000026702881,-0.4209683537709007,0.0,0.0
2012-05-23,2.947000026702881,2.947000026702881,2.947000026702881,2.947000026702881,2.947000026702881,-0.4209683537709007,0.0,0.0
2012-05-24,2.947000026702881,2.947000026702881,2.947000026702881,2.947000026702881,2.947000026702881,-0.4209683537709007,0.0,0.0
2012-05-25,2.947000026702881,2.947000026702881,2.947000026702881,2.947000026702881,2.947000026702881,-0.4209683537709007,0.0,0.0
2012-05-29,2.947000026702881,2.947000026702881,2.947000026702881,2.947000026702881,2.947000026702881,-0.4209683537709007,0.0,0.0
2012-05-30,2.947000026702881,2.947000026702881,2.947000026702881,2.947000026702881,2.947000026702881,-0.4209683537709007,0.0,0.0
2012-05-31,2.947000026702881,2.947000026702881,2.947000026702881,2.947000026702881,2.947000026702881,-0.4209683537709007,0.0,0.0
2012-06-01,2.947000026702881,2.947000026702881,2.947000026702881,2.947000026702881,2.947000026702881,-0.4209683537709007,0.0,0.0
2012-06-04,2.947000026702881,2.947000026702881,2.947000026702881,2.947000026702881,2.947000026702881,-0.4209683537709007,0.0,0.0
2012-06-05,2.947000026702881,2.947000026702881,2.947000026702881,2.947000026702881,2.947000026702881,-0.4209683537709007,0.0,0.0
2012-06-06,2.947000026702881,2.947000026702881,2.947000026702881,2.947000026702881,2.947000026702881,-0.4209683537709007,0.0,0.0
2012-06-07,2.947000026702881,2.947000026702881,2.947000026702881,2.947000026702881,2.947000026702881,-0.4209683537709007,0.0,0.0
2012-06-08,2.947000026702881,2.947000026702881,2.947000026702881,2.947000026702881,2.947000026702881,-0.4209683537709007,0.0,0.0
2012-06-11,2.947000026702881,2.947000026702881,2.947000026702881,2.947000026702881,2.947000026702881,-0.4209683537709007,0.0,0.0
2012-06-12,2.947000026702881,2.947000026702881,2.947000026702881,2.947000026702881,2.947000026702881,-0.4209683537709007,0.0,0.0
2012-06-13,2.947000026702881,2.947000026702881,2.947000026702881,2.947000026702881,2.947000026702881,-0.4209683537709007,0.0,0.0
2012-06-14,2.947000026702881,2.947000026702881,2.947000026702881,2.947000026702881,2.947000026702881,-0.4209683537709007,0.0,0.0
2012-06-15,2.947000026702881,2.947000026702881,2.947000026702881,2.947000026702881,2.947000026702881,-0.4209683537709007,0.0,0.0
2012-06-18,2.947000026702881,2.947000026702881,2.947000026702881,2.947000026702881,2.947000026702881,-0.4209683537709007,0.0,0.0
2012-06-19,2.947000026702881,2.947000026702881,2.947000026702881,2.947000026702881,2.947000026702881,-0.4209683537709007,0.0,0.0
2012-06-20,2.947000026702881,2.947000026702881,2.947000026702881,2.947000026702881,2.947000026702881,-0.4209683537709007,0.0,0.0
2012-06-21,2.947000026702881,2.947000026702881,2.947000026702881,2.947000026702881,2.947000026702881,-0.4209683537709007,0.0,0.0
2012-06-22,2.947000026702881,2.947000026702881,2.947000026702881,2.947000026702881,2.947000026702881,-0.4209683537709007,0.0,0.0
2012-06-25,2.947000026702881,2.947000026702881,2.947000026702881,2.947000026702881,2.947000026702881,-0.4209683537709007,0.0,0.0
2012-06-26,2.947000026702881,2.947000026702881,2.947000026702881,2.947000026702881,2.947000026702881,-0.4209683537709007,0.0,0.0
2012-06-27,2.947000026702881,2.947000026702881,2.947000026702881,2.947000026702881,2.947000026702881,-0.4209683537709007,0.0,0.0
2012-06-28,2.947000026702881,2.947000026702881,2.947000026702881,2.947000026702881,2.947000026702881,-0.4209683537709007,0.0,0.0
2012-06-29,2.947000026702881,2.947000026702881,2.947000026702881,2.947000026702881,2.947000026702881,-0.4209683537709007,0.0,0.0
2012-07-02,2.947000026702881,2.947000026702881,2.947000026702881,2.947000026702881,2.947000026702881,-0.4209683537709007,0.0,0.0
2012-07-03,2.947000026702881,2.947000026702881,2.947000026702881,2.947000026702881,2.947000026702881,-0.4209683537709007,0.0,0.0
2012-07-05,2.947000026702881,2.947000026702881,2.947000026702881,2.947000026702881,2.947000026702881,-0.4209683537709007,0.0,0.0
2012-07-06,2.947000026702881,2.947000026702881,2.947000026702881,2.947000026702881,2.947000026702881,-0.4209683537709007,0.0,0.0
2012-07-09,2.947000026702881,2.947000026702881,2.947000026702881,2.947000026702881,2.947000026702881,-0.4209683537709007,0.0,0.0
2012-07-10,2.947000026702881,2.947000026702881,2.947000026702881,2.947000026702881,2.947000026702881,-0.4209683537709007,0.0,0.0
2012-07-11,2.947000026702881,2.947000026702881,2.947000026702881,2.947000026702881,2.947000026702881,-0.4209683537709007,0.0,0.0
2012-07-12,2.947000026702881,2.947000026702881,2.947000026702881,2.947000026702881,2.947000026702881,-0.4209683537709007,0.0,0.0
2012-07-13,2.947000026702881,2.947000026702881,2.947000026702881,2.947000026702881,2.947000026702881,-0.4209683537709007,0.0,0.0
2012-07-16,2.947000026702881,2.947000026702881,2.947000026702881,2.947000026702881,2.947000026702881,-0.4209683537709007,0.0,0.0
2012-07-17,2.947000026702881,2.947000026702881,2.947000026702881,2.947000026702881,2.947000026702881,-0.4209683537709007,0.0,0.0
2012-07-18,2.947000026702881,2.947000026702881,2.947000026702881,2.947000026702881,2.947000026702881,-0.4209683537709007,0.0,0.0
2012-07-19,2.947000026702881,2.947000026702881,2.947000026702881,2.947000026702881,2.947000026702881,-0.4209683537709007,0.0,0.0
2012-07-20,2.947000026702881,2.947000026702881,2.947000026702881,2.947000026702881,2.947000026702881,-0.4209683537709007,0.0,0.0
2012-07-23,2.947000026702881,2.947000026702881,2.947000026702881,2.947000026702881,2.947000026702881,-0.4209683537709007,0.0,0.0
2012-07-24,2.947000026702881,2.947000026702881,2.947000026702881,2.947000026702881,2.947000026702881,-0.4209683537709007,0.0,0.0
2012-07-25,2.947000026702881,2.947000026702881,2.947000026702881,2.947000026702881,2.947000026702881,-0.4209683537709007,0.0,0.0
2012-07-26,2.947000026702881,2.947000026702881,2.947000026702881,2.947000026702881,2.947000026702881,-0.4209683537709007,0.0,0.0
2012-07-27,2.947000026702881,2.947000026702881,2.947000026702881,2.947000026702881,2.947000026702881,-0.4209683537709007,0.0,0.0
2012-07-30,2.947000026702881,2.947000026702881,2.947000026702881,2.947000026702881,2.947000026702881,-0.4209683537709007,0.0,0.0
2012-07-31,2.947000026702881,2.947000026702881,2.947000026702881,2.947000026702881,2.947000026702881,-0.4209683537709007,0.0,0.0
2012-08-01,2.947000026702881,2.947000026702881,2.947000026702881,2.947000026702881,2.947000026702881,-0.4209683537709007,0.0,0.0
2012-08-02,2.947000026702881,2.947000026702881,2.947000026702881,2.947000026702881,2.947000026702881,-0.4209683537709007,0.0,0.0
2012-08-03,2.947000026702881,2.947000026702881,2.947000026702881,2.947000026702881,2.947000026702881,-0.4209683537709007,0.0,0.0
2012-08-06,2.947000026702881,2.947000026702881,2.947000026702881,2.947000026702881,2.947000026702881,-0.4209683537709007,0.0,0.0
2012-08-07,2.947000026702881,2.947000026702881,2.947000026702881,2.947000026702881,2.947000026702881,-0.4209683537709007,0.0,0.0
2012-08-08,2.947000026702881,2.947000026702881,2.947000026702881,2.947000026702881,2.947000026702881,-0.4209683537709007,0.0,0.0
2012-08-09,2.947000026702881,2.947000026702881,2.947000026702881,2.947000026702881,2.947000026702881,-0.4209683537709007,0.0,0.0
2012-08-10,2.947000026702881,2.947000026702881,2.947000026702881,2.947000026702881,2.947000026702881,-0.4209683537709007,0.0,0.0
2012-08-13,2.947000026702881,2.947000026702881,2.947000026702881,2.947000026702881,2.947000026702881,-0.4209683537709007,0.0,0.0
2012-08-14,2.947000026702881,2.947000026702881,2.947000026702881,2.947000026702881,2.947000026702881,-0.4209683537709007,0.0,0.0
2012-08-15,2.947000026702881,2.947000026702881,2.947000026702881,2.947000026702881,2.947000026702881,-0.4209683537709007,0.0,0.0
2012-08-16,2.947000026702881,2.947000026702881,2.947000026702881,2.947000026702881,2.947000026702881,-0.4209683537709007,0.0,0.0
2012-08-17,2.947000026702881,2.947000026702881,2.947000026702881,2.947000026702881,2.947000026702881,-0.4209683537709007,0.0,0.0
2012-08-20,2.947000026702881,2.947000026702881,2.947000026702881,2.947000026702881,2.947000026702881,-0.4209683537709007,0.0,0.0
2012-08-21,2.947000026702881,2.947000026702881,2.947000026702881,2.947000026702881,2.947000026702881,-0.4209683537709007,0.0,0.0
2012-08-22,2.947000026702881,2.947000026702881,2.947000026702881,2.947000026702881,2.947000026702881,-0.4209683537709007,0.0,0.0
2012-08-23,2.947000026702881,2.947000026702881,2.947000026702881,2.947000026702881,2.947000026702881,-0.4209683537709007,0.0,0.0
2012-08-24,2.947000026702881,2.947000026702881,2.947000026702881,2.947000026702881,2.947000026702881,-0.4209683537709007,0.0,0.0
2012-08-27,2.947000026702881,2.947000026702881,2.947000026702881,2.947000026702881,2.947000026702881,-0.4209683537709007,0.0,0.0
2012-08-28,2.947000026702881,2.947000026702881,2.947000026702881,2.947000026702881,2.947000026702881,-0.4209683537709007,0.0,0.0
2012-08-29,2.947000026702881,2.947000026702881,2.947000026702881,2.947000026702881,2.947000026702881,-0.4209683537709007,0.0,0.0
2012-08-30,2.947000026702881,2.947000026702881,2.947000026702881,2.947000026702881,2.947000026702881,-0.4209683537709007,0.0,0.0
2012-08-31,2.947000026702881,2.947000026702881,2.947000026702881,2.947000026702881,2.947000026702881,-0.4209683537709007,0.0,0.0
2012-09-04,2.947000026702881,2.947000026702881,2.947000026702881,2.947000026702881,2.947000026702881,-0.4209683537709007,0.0,0.0
2012-09-05,2.947000026702881,2.947000026702881,2.947000026702881,2.947000026702881,2.947000026702881,-0.4209683537709007,0.0,0.0
2012-09-06,2.947000026702881,2.947000026702881,2.947000026702881,2.947000026702881,2.947000026702881,-0.4209683537709007,0.0,0.0
2012-09-07,2.947000026702881,2.947000026702881,2.947000026702881,2.947000026702881,2.947000026702881,-0.4209683537709007,0.0,0.0
2012-09-10,2.947000026702881,2.947000026702881,2.947000026702881,2.947000026702881,2.947000026702881,-0.4209683537709007,0.0,0.0
2012-09-11,2.947000026702881,2.947000026702881,2.947000026702881,2.947000026702881,2.947000026702881,-0.4209683537709007,0.0,0.0
2012-09-12,2.947000026702881,2.947000026702881,2.947000026702881,2.947000026702881,2.947000026702881,-0.4209683537709007,0.0,0.0
2012-09-13,2.947000026702881,2.947000026702881,2.947000026702881,2.947000026702881,2.947000026702881,-0.4209683537709007,0.0,0.0
2012-09-14,2.947000026702881,2.947000026702881,2.947000026702881,2.947000026702881,2.947000026702881,-0.4209683537709007,0.0,0.0
2012-09-17,2.947000026702881,2.947000026702881,2.947000026702881,2.947000026702881,2.947000026702881,-0.4209683537709007,0.0,0.0
2012-09-18,2.947000026702881,2.947000026702881,2.947000026702881,2.947000026702881,2.947000026702881,-0.4209683537709007,0.0,0.0
2012-09-19,2.947000026702881,2.947000026702881,2.947000026702881,2.947000026702881,2.947000026702881,-0.4209683537709007,0.0,0.0
2012-09-20,2.947000026702881,2.947000026702881,2.947000026702881,2.947000026702881,2.947000026702881,-0.4209683537709007,0.0,0.0
2012-09-21,2.947000026702881,2.947000026702881,2.947000026702881,2.947000026702881,2.947000026702881,-0.4209683537709007,0.0,0.0
2012-09-24,2.947000026702881,2.947000026702881,2.947000026702881,2.947000026702881,2.947000026702881,-0.4209683537709007,0.0,0.0
2015-11-03,4.23199987411499,4.23199987411499,4.23199987411499,4.23199987411499,4.23199987411499,-0.4209683537709007,43.603659170976464,1.2849998474121094
2015-11-04,144.5,144.5,144.5,144.5,144.5,-0.4209683537709007,3314.4613492035683,140.268000125885
2015-11-11,145.0,145.0,145.0,145.0,145.0,-0.4209683537709007,0.34602076124568004,0.5
2015-11-12,145.0,145.0,145.0,145.0,145.0,-0.4209683537709007,0.0,0.0
2015-11-16,147.89999389648438,147.89999389648438,147.89999389648438,147.89999389648438,147.89999389648438,-0.4209615010390819,1.9999957906788879,2.899993896484375
2015-11-24,147.39999389648438,147.39999389648438,147.39999389648438,147.39999389648438,147.39999389648438,-0.4209683537709007,-0.33806627493842,-0.5
2016-01-11,4.001999855041504,4.001999855041504,4.001999855041504,4.001999855041504,4.001999855041504,-0.4209683537709007,-97.28493892757416,-143.39799404144287
2016-01-12,3.8959999084472656,3.8959999084472656,3.8959999084472656,3.8959999084472656,3.8959999084472656,-0.4209683537709007,-2.6486744236311033,-0.10599994659423828
2016-01-13,3.997999906539917,3.997999906539917,3.997999906539917,3.997999906539917,3.997999906539917,-0.4209683537709007,2.618069827760938,0.10199999809265137
2016-01-14,3.944000005722046,3.944000005722046,3.944000005722046,3.944000005722046,3.944000005722046,-0.4209683537709007,-1.3506728884495,-0.053999900817871094
2016-01-15,4.0970001220703125,4.0970001220703125,4.0970001220703125,4.0970001220703125,4.0970001220703125,-0.4209683537709007,3.8793132892061433,0.1530001163482666
2016-01-19,4.039000034332275,4.039000034332275,4.039000034332275,4.039000034332275,4.039000034332275,-0.4209683537709007,-1.4156721017798857,-0.05800008773803711
2016-01-20,3.973000049591065,3.973000049591065,3.973000049591065,3.973000049591065,3.973000049591065,-0.4209683537709007,-1.6340674468976912,-0.0659999847412105
2016-01-21,3.8970000743865967,4.001999855041504,3.8970000743865967,3.992000102996826,3.992000102996826,-0.4209683537709007,0.4782293775132729,0.019000053405761275
2016-01-22,4.142000198364258,4.204999923706055,4.142000198364258,4.199999809265137,4.199999809265137,-0.4209683537709007,5.210413349242238,0.20799970626831055
2016-01-25,4.260000228881836,4.260000228881836,4.260000228881836,4.260000228881836,4.260000228881836,-0.4209683537709007,1.4285814843214784,0.06000041961669922
2016-01-26,4.171000003814697,4.171000003814697,4.171000003814697,4.171000003814697,4.171000003814697,-0.4209683537709007,-2.089207048951247,-0.08900022506713867
2016-01-27,37.040000915527344,37.040000915527344,37.040000915527344,37.040000915527344,37.040000915527344,-0.4209683537709007,788.0364632378672,32.86900091171265
2016-01-28,4.204999923706055,4.204999923706055,4.204999923706055,4.204999923706055,4.204999923706055,-0.4209683537709007,-88.64740869392554,-32.83500099182129
2016-01-29,4.177999973297119,4.247000217437744,4.177999973297119,4.24399995803833,4.24399995803833,-0.4209683537709007,0.9274681341231217,0.03900003433227539
2016-02-01,4.02899980545044,4.02899980545044,4.02899980545044,4.02899980545044,4.02899980545044,-0.4209683537709007,-5.065979140284149,-0.21500015258788974
2016-02-02,4.070000171661377,4.070000171661377,4.070000171661377,4.070000171661377,4.070000171661377,-0.4209683537709007,1.017631377283057,0.04100036621093661
2016-02-03,3.984999895095825,3.984999895095825,3.984999895095825,3.984999895095825,3.984999895095825,-0.4209683537709007,-2.0884587955890543,-0.08500027656555176
2016-02-04,3.9590001106262207,3.9590001106262207,3.9590001106262207,3.9590001106262207,3.9590001106262207,-0.4209683537709007,-0.6524412836648064,-0.025999784469604492
2016-02-05,4.013000011444092,4.013000011444092,3.95199990272522,3.9570000171661377,3.9570000171661377,-0.4209683537709007,-0.05052016681471594,-0.002000093460083008
2016-02-08,4.046999931335449,4.046999931335449,4.046999931335449,4.046999931335449,4.046999931335449,-0.4209683537709007,2.2744481622157364,0.08999991416931152
2016-02-09,3.9170000553131104,3.9170000553131104,3.9170000553131104,3.9170000553131104,3.9170000553131104,-0.4209683537709007,-3.212252983148456,-0.12999987602233887
2016-02-10,3.7070000171661377,3.7070000171661377,3.7070000171661377,3.7070000171661377,3.7070000171661377,-0.4209683537709007,-5.361246749591531,-0.21000003814697266
2016-02-11,3.825999975204468,3.825999975204468,3.825999975204468,3.825999975204468,3.825999975204468,-0.4209683537709007,3.2101418259312897,0.11899995803833052
2016-02-12,3.632999897003174,3.7309999465942383,3.632999897003174,3.7309999465942383,3.7309999465942383,-0.4209683537709007,-2.4830117413984776,-0.09500002861022994
2016-02-16,3.86899995803833,3.86899995803833,3.86899995803833,3.86899995803833,3.86899995803833,-0.4209683537709007,3.6987406437800185,0.1380000114440918
2016-02-17,3.868000030517578,3.868000030517578,3.868000030517578,3.868000030517578,3.868000030517578,-0.4209683537709007,-0.025844598904023464,-0.0009999275207519531
2016-02-18,3.953000068664551,3.953000068664551,3.953000068664551,3.953000068664551,3.953000068664551,-0.4209683537709007,2.197519066089537,0.08500003814697266
2016-02-19,4.047999858856201,4.047999858856201,4.020999908447266,4.020999908447266,4.020999908447266,-0.4209683537709007,1.7202084139018803,0.06799983978271484
2016-02-22,4.058000087738037,4.058000087738037,4.058000087738037,4.058000087738037,4.058000087738037,-0.4209683537709007,0.9201735919725396,0.037000179290771484
2016-02-23,4.008999824523926,4.008999824523926,4.008999824523926,4.008999824523926,4.008999824523926,-0.4209683537709007,-1.2074978352556998,-0.04900026321411133
2016-02-24,3.992000102996826,4.124000072479248,3.992000102996826,4.124000072479248,4.124000072479248,-0.4201117622935578,2.868552082537912,0.11500024795532227
2016-02-25,4.058000087738037,4.058000087738037,4.058000087738037,4.058000087738037,4.058000087738037,-0.4209683537709007,-1.6003875747153784,-0.06599998474121094
2016-02-26,4.051000118255615,4.051000118255615,4.051000118255615,4.051000118255615,4.051000118255615,-0.4209683537709007,-0.17249801210141857,-0.006999969482421875
2016-02-29,4.010000228881836,4.0329999923706055,4.010000228881836,4.0329999923706055,4.0329999923706055,-0.4209683537709007,-0.4443378266984821,-0.018000125885009766
2016-03-01,4.034999847412109,4.034999847412109,4.034999847412109,4.034999847412109,4.034999847412109,-0.4209683537709007,0.04958728106341237,0.0019998550415039062
2016-03-02,4.176000118255615,4.176000118255615,4.176000118255615,4.176000118255615,4.176000118255615,-0.4209683537709007,3.494430636321777,0.14100027084350586
2016-03-03,4.27400016784668,4.275000095367432,4.223999977111816,4.223999977111816,4.223999977111816,-0.4209683537709007,1.1494218749268592,0.04799985885620117
2016-03-04,4.2230000495910645,4.2230000495910645,4.2230000495910645,4.2230000495910645,4.2230000495910645,-0.4209683537709007,-0.023672526661222548,-0.0009999275207519531
2016-03-07,4.184999942779541,4.184999942779541,4.184999942779541,4.184999942779541,4.184999942779541,-0.4209683537709007,-0.8998367597746859,-0.03800010681152344
2016-03-08,4.186999797821045,4.186999797821045,4.186999797821045,4.186999797821045,4.186999797821045,-0.4209683537709007,0.04778626209909209,0.0019998550415039062
2016-03-09,4.14300012588501,4.14300012588501,4.14300012588501,4.14300012588501,4.14300012588501,-0.4209683537709007,-1.0508639613245996,-0.043999671936035156
2016-03-10,4.104000091552734,4.104000091552734,4.104000091552734,4.104000091552734,4.104000091552734,-0.4209683537709007,-0.9413476501872964,-0.03900003433227539
2016-03-11,4.052999973297119,4.052999973297119,4.052999973297119,4.052999973297119,4.052999973297119,-0.4209683537709007,-1.2426929122294372,-0.051000118255615234
2016-03-23,4.076000213623047,4.076000213623047,4.076000213623047,4.076000213623047,4.076000213623047,-0.4209683537709007,0.5674868116817944,0.023000240325927734
2016-04-04,3.736000061035156,3.736000061035156,3.736000061035156,3.736000061035156,3.736000061035156,-0.4209683537709007,-8.341514591965005,-0.34000015258789107
2016-04-05,3.6440000534057617,3.6440000534057617,3.6440000534057617,3.6440000534057617,3.6440000534057617,-0.4209683537709007,-2.462526930577813,-0.09200000762939409
2016-04-06,3.693000078201294,3.71399998664856,3.693000078201294,3.71399998664856,3.71399998664856,-0.4209683537709007,1.9209641113307585,0.0699999332427983
2016-04-07,3.7309999465942383,3.7309999465942383,3.7309999465942383,3.7309999465942383,3.7309999465942383,-0.4209683537709007,0.4577264406782744,0.016999959945678267
2016-04-08,3.7829999923706055,3.7829999923706055,3.7829999923706055,3.7829999923706055,3.7829999923706055,-0.4209683537709007,1.3937294698659564,0.05200004577636719
2016-04-11,3.757999897003174,3.757999897003174,3.757999897003174,3.757999897003174,3.757999897003174,-0.4209683537709007,-0.6608536985950542,-0.02500009536743164
2016-04-12,3.8350000381469727,3.884999990463257,3.8350000381469727,3.884999990463257,3.884999990463257,-0.4209683537709007,3.379459737648194,0.127000093460083
2016-04-13,3.861999988555908,3.861999988555908,3.861999988555908,3.861999988555908,3.861999988555908,-0.4209683537709007,-0.5920206425690688,-0.023000001907348633
2016-04-14,4.013999938964844,4.013999938964844,4.013999938964844,4.013999938964844,4.013999938964844,-0.4209683537709007,3.935783295167017,0.15199995040893555
2016-04-15,3.9489998817443848,3.9489998817443848,3.9489998817443848,3.9489998817443848,3.9489998817443848,-0.4209683537709007,-1.6193337869661706,-0.06500005722045898
2016-04-18,3.871999979019165,3.871999979019165,3.871999979019165,3.871999979019165,3.871999979019165,-0.4209683537709007,-1.9498583193475971,-0.07699990272521973
2016-04-19,3.933000087738037,3.933000087738037,3.933000087738037,3.933000087738037,3.933000087738037,-0.4209683537709007,1.5754160394991557,0.06100010871887207
2016-04-20,3.9560000896453857,3.9560000896453857,3.9560000896453857,3.9560000896453857,3.9560000896453857,-0.4209683537709007,0.5847953570877307,0.023000001907348633
2016-04-21,4.047999858856201,4.047999858856201,4.047999858856201,4.047999858856201,4.047999858856201,-0.4209683537709007,2.325575508747324,0.09199976921081543
2016-04-22,4.059999942779541,4.059999942779541,4.059999942779541,4.059999942779541,4.059999942779541,-0.4209683537709007,0.2964447712883622,0.012000083923339844
2016-04-25,4.160999774932861,4.160999774932861,4.160999774932861,4.160999774932861,4.160999774932861,-0.4209683537709007,2.487680629970024,0.10099983215332031
2016-04-26,4.105000019073486,4.105000019073486,4.105000019073486,4.105000019073486,4.105000019073486,-0.4209683537709007,-1.345824534688389,-0.055999755859375
2016-04-27,4.144999980926514,4.184999942779541,4.144999980926514,4.184999942779541,4.184999942779541,-0.4209683537709007,1.9488410069267381,0.07999992370605469
2016-04-28,4.0229997634887695,4.0229997634887695,4.0229997634887695,4.0229997634887695,4.0229997634887695,-0.4209683537709007,-3.8709720789906643,-0.16200017929077148
2016-04-29,4.059999942779541,4.059999942779541,4.059999942779541,4.059999942779541,4.059999942779541,-0.4209683537709007,0.9197161686801847,0.037000179290771484
2016-05-02,3.9189999103546143,3.9189999103546143,3.9189999103546143,3.9189999103546143,3.9189999103546143,-0.4209683537709007,-3.4729072515305437,-0.14100003242492676
2016-05-03,3.9590001106262207,3.9590001106262207,3.9170000553131104,3.9170000553131104,3.9170000553131104,-0.4209683537709007,-0.05102972919749371,-0.0019998550415039062
2016-05-04,3.8519999980926514,3.8519999980926514,3.8519999980926514,3.8519999980926514,3.8519999980926514,-0.4209683537709007,-1.6594346771144797,-0.06500005722045898
2016-05-05,3.891000032424927,3.891000032424927,3.891000032424927,3.891000032424927,3.891000032424927,-0.4209683537709007,1.0124619509757737,0.039000034332275835
2016-05-06,3.891999959945679,3.891999959945679,3.891999959945679,3.891999959945679,3.891999959945679,-0.4209683537709007,0.02569847114930468,0.0009999275207519531
2016-05-09,3.927000045776367,3.927000045776367,3.927000045776367,3.927000045776367,3.927000045776367,-0.4209683537709007,0.8992827901050715,0.03500008583068803
2016-05-10,3.7279999256134033,3.7279999256134033,3.7279999256134033,3.7279999256134033,3.7279999256134033,-0.4209683537709007,-5.067484538916567,-0.19900012016296387
2016-05-11,3.73799991607666,3.73799991607666,3.73799991607666,3.73799991607666,3.73799991607666,-0.4209683537709007,0.26824009288604067,0.009999990463256836
2016-05-12,3.734999895095825,3.734999895095825,3.734999895095825,3.734999895095825,3.734999895095825,-0.4209683537709007,-0.08025738491679313,-0.003000020980834961
2016-05-13,3.724999904632568,3.724999904632568,3.724999904632568,3.724999904632568,3.724999904632568,-0.4209683537709007,-0.26773736932061976,-0.00999999046325728
2016-05-26,3.8239998817443848,3.8239998817443848,3.8239998817443848,3.8239998817443848,3.8239998817443848,-0.4209683537709007,2.6577175744003645,0.09899997711181685
2016-05-27,3.7309999465942383,3.7309999465942383,3.7309999465942383,3.7309999465942383,3.7309999465942383,-0.4209683537709007,-2.432006747545268,-0.09299993515014648
2016-05-31,3.7709999084472656,3.7709999084472656,3.7709999084472656,3.7709999084472656,3.7709999084472656,-0.4209683537709007,1.0720976259873893,0.039999961853027344
2016-06-01,3.7820000648498535,3.7820000648498535,3.7820000648498535,3.7820000648498535,3.7820000648498535,-0.4209683537709007,0.29170396896449624,0.01100015640258789
2016-06-02,3.680999994277954,3.680999994277954,3.680999994277954,3.680999994277954,3.680999994277954,-0.4209683537709007,-2.670546505554039,-0.10100007057189941
2016-06-03,3.6679999828338623,3.671999931335449,3.5899999141693115,3.5989999771118164,3.5989999771118164,-0.4209683537709007,-2.2276559981962873,-0.0820000171661377
2016-06-06,3.6470000743865967,3.6470000743865967,3.6470000743865967,3.6470000743865967,3.6470000743865967,-0.4209683537709007,1.3337065179227947,0.04800009727478027
2016-06-07,3.650000095367432,3.650000095367432,3.650000095367432,3.650000095367432,3.650000095367432,-0.4209683537709007,0.08225996489292786,0.003000020980835405
2016-06-08,3.683000087738037,3.683000087738037,3.683000087738037,3.683000087738037,3.683000087738037,-0.4209683537709007,0.9041093563939562,0.032999992370605025
2016-06-09,3.630000114440918,3.630000114440918,3.630000114440918,3.630000114440918,3.630000114440918,-0.4209683537709007,-1.439043498086634,-0.05299997329711914
2016-06-10,3.6489999294281006,3.6489999294281006,3.625999927520752,3.625999927520752,3.625999927520752,-0.4209683537709007,-0.11019798330728081,-0.004000186920166016
2016-06-13,3.5929999351501465,3.5929999351501465,3.5929999351501465,3.5929999351501465,3.5929999351501465,-0.4209683537709007,-0.9100935750202543,-0.03299999237060547
2016-06-14,3.575999975204468,3.5910000801086426,3.575999975204468,3.5910000801086426,3.5910000801086426,-0.4209683537709007,-0.05565975723905714,-0.0019998550415039062
2016-06-15,3.617000102996826,3.617000102996826,3.617000102996826,3.617000102996826,3.617000102996826,-0.4209683537709007,0.7240329242041321,0.026000022888183594
2016-06-16,3.5920000076293945,3.624000072479248,3.5920000076293945,3.624000072479248,3.624000072479248,-0.4209683537709007,0.19352970094255184,0.006999969482421875
2016-06-17,3.614000082015991,3.614000082015991,3.614000082015991,3.614000082015991,3.614000082015991,-0.4209683537709007,-0.27593792117160953,-0.009999990463256836
2016-06-20,3.684000015258789,3.684000015258789,3.684000015258789,3.684000015258789,3.684000015258789,-0.4209683537709007,1.9369101177150405,0.06999993324279785
2016-06-21,3.8239998817443848,3.8239998817443848,3.8239998817443848,3.8239998817443848,3.8239998817443848,-0.4209683537709007,3.8002135153563765,0.1399998664855957
2016-06-22,3.802000045776367,3.802000045776367,3.802000045776367,3.802000045776367,3.802000045776367,-0.4209683537709007,-0.5753095357832971,-0.021999835968017578
2016-06-23,3.795000076293945,3.818000078201294,3.795000076293945,3.818000078201294,3.818000078201294,-0.4209683537709007,0.4208319892763157,0.016000032424926758
2016-06-24,3.5999999046325684,3.5999999046325684,3.5999999046325684,3.5999999046325684,3.5999999046325684,-0.4209683537709007,-5.709800133671761,-0.21800017356872559
2016-06-27,3.845999956130981,3.845999956130981,3.845999956130981,3.845999956130981,3.845999956130981,-0.4209683537709007,6.833334944866354,0.24600005149841264
2016-06-28,3.8970000743865967,3.8970000743865967,3.8970000743865967,3.8970000743865967,3.8970000743865967,-0.4209683537709007,1.3260561320162179,0.05100011825561568
2016-07-08,140.0,140.0,140.0,140.0,140.0,-0.4209683537709007,3492.5069881359077,136.1029999256134
2016-07-20,4.275000095367432,4.275000095367432,4.275000095367432,4.275000095367432,4.275000095367432,-0.4209683537709007,-96.94642850330898,-135.72499990463257
2016-07-21,4.131999969482422,4.131999969482422,4.131999969482422,4.131999969482422,4.131999969482422,-0.4209683537709007,-3.3450321098231206,-0.14300012588500977
2016-07-22,4.13700008392334,4.13700008392334,4.13700008392334,4.13700008392334,4.13700008392334,-0.4209683537709007,0.12100954689853172,0.005000114440917969
2016-07-26,39.584999084472656,40.28499984741211,38.9900016784668,40.05500030517578,40.05500030517578,-0.37963438862319693,868.2136691471726,35.91800022125244
2016-08-03,4.309999942779541,4.309999942779541,4.309999942779541,4.309999942779541,4.309999942779541,-0.4209683537709007,-89.23979550632379,-35.74500036239624
2016-08-19,4.015999794006348,4.015999794006348,4.015999794006348,4.015999794006348,4.015999794006348,-0.4209683537709007,-6.821349250032505,-0.29400014877319336
2016-08-22,4.045000076293945,4.045000076293945,4.045000076293945,4.045000076293945,4.045000076293945,-0.4209683537709007,0.7221186198983043,0.029000282287597656
2016-08-23,4.065000057220459,4.065000057220459,4.065000057220459,4.065000057220459,4.065000057220459,-0.4209683537709007,0.49443709639773736,0.019999980926513672
2016-08-24,4.131999969482422,4.131999969482422,4.131999969482422,4.131999969482422,4.131999969482422,-0.4209683537709007,1.6482143005866368,0.06699991226196289
2016-08-25,4.11899995803833,4.11899995803833,4.11899995803833,4.11899995803833,4.11899995803833,-0.4209683537709007,-0.31461789787283756,-0.013000011444091797
2016-08-26,4.03000020980835,4.03000020980835,4.03000020980835,4.03000020980835,4.03000020980835,-0.4209683537709007,-2.160712530630049,-0.08899974822998047
2016-08-29,4.098999977111816,4.098999977111816,4.098999977111816,4.098999977111816,4.098999977111816,-0.4209683537709007,1.7121529456880058,0.0689997673034668
2016-08-30,4.138999938964844,4.138999938964844,4.138999938964844,4.138999938964844,4.138999938964844,-0.4209683537709007,0.9758468425562494,0.039999961853027344
2016-08-31,4.160999774932861,4.160999774932861,4.160999774932861,4.160999774932861,4.160999774932861,-0.4209683537709007,0.5315253996722724,0.021999835968017578
2016-09-01,4.164999961853027,4.164999961853027,4.164999961853027,4.164999961853027,4.164999961853027,-0.4209683537709007,0.09613523519669265,0.004000186920166016
2016-09-02,4.178999900817871,4.178999900817871,4.178999900817871,4.178999900817871,4.178999900817871,-0.4209683537709007,0.3361329914302047,0.01399993896484375
2016-09-06,4.218999862670898,4.218999862670898,4.218999862670898,4.218999862670898,4.218999862670898,-0.4209683537709007,0.957165896203982,0.039999961853027344
2016-09-07,4.25600004196167,4.25600004196167,4.244999885559082,4.244999885559082,4.244999885559082,-0.42093409011180694,0.6162603397603217,0.026000022888183594
2016-09-08,4.248000144958496,4.248000144958496,4.248000144958496,4.248000144958496,4.248000144958496,-0.4209683537709007,0.07067749070195362,0.0030002593994140625
2016-09-09,4.308000087738037,4.308000087738037,4.308000087738037,4.308000087738037,4.308000087738037,-0.4209683537709007,1.412427983335851,0.059999942779541016
2016-09-12,4.216000080108643,4.216000080108643,4.216000080108643,4.216000080108643,4.216000080108643,-0.4209683537709007,-2.135561879194392,-0.09200000762939453
2016-09-13,4.26800012588501,4.26800012588501,4.26800012588501,4.26800012588501,4.26800012588501,-0.4209683537709007,1.23339764678152,0.05200004577636719
2016-09-14,140.0,140.0,140.0,140.0,140.0,-0.4209683537709007,3180.224832958965,135.731999874115
2016-09-15,4.2210001945495605,4.2210001945495605,4.2210001945495605,4.2210001945495605,4.2210001945495605,-0.4209683537709007,-96.98499986103603,-135.77899980545044
2016-09-16,4.271999835968018,4.271999835968018,4.271999835968018,4.271999835968018,4.271999835968018,-0.4209683537709007,1.2082359409580468,0.05099964141845703
2016-09-19,4.298999786376953,4.298999786376953,4.298999786376953,4.298999786376953,4.298999786376953,-0.4209683537709007,0.6320213353383064,0.026999950408935547
2016-09-20,4.328000068664551,4.328000068664551,4.328000068664551,4.328000068664551,4.328000068664551,-0.4209683537709007,0.6745820825461823,0.029000282287597656
2016-09-21,4.396999835968018,4.396999835968018,4.396999835968018,4.396999835968018,4.396999835968018,-0.4209683537709007,1.5942644687793939,0.0689997673034668
2016-09-22,4.465000152587891,4.465000152587891,4.465000152587891,4.465000152587891,4.465000152587891,-0.4209683537709007,1.54651624190707,0.06800031661987305
2016-09-23,4.392000198364258,4.392000198364258,4.392000198364258,4.392000198364258,4.392000198364258,-0.4209683537709007,-1.634937328755126,-0.07299995422363281
2016-09-26,4.328000068664551,4.328000068664551,4.328000068664551,4.328000068664551,4.328000068664551,-0.4209683537709007,-1.4571977870935227,-0.06400012969970703
2016-09-27,4.367000102996826,4.367000102996826,4.367000102996826,4.367000102996826,4.367000102996826,-0.4209683537709007,0.901109836264613,0.03900003433227539
2016-09-28,4.182000160217285,4.182000160217285,4.182000160217285,4.182000160217285,4.182000160217285,-0.4209683537709007,-4.236316428126163,-0.18499994277954102
2016-09-29,4.045000076293945,4.045000076293945,4.045000076293945,4.045000076293945,4.045000076293945,-0.4209683537709007,-3.2759464054210263,-0.13700008392333984
2016-09-30,4.053999900817871,4.053999900817871,4.053999900817871,4.053999900817871,4.053999900817871,-0.4209683537709007,0.22249256747040036,0.008999824523925781
2016-10-03,4.033999919891357,4.033999919891357,4.033999919891357,4.033999919891357,4.033999919891357,-0.4209683537709007,-0.4933394527828816,-0.019999980926513672
2016-10-04,4.044000148773193,4.044000148773193,4.044000148773193,4.044000148773193,4.044000148773193,-0.4209683537709007,0.2478985890040697,0.010000228881835938
2016-10-05,4.03000020980835,4.03000020980835,4.03000020980835,4.03000020980835,4.03000020980835,-0.4209683537709007,-0.3461903672058675,-0.01399993896484375
2016-10-06,4.073999881744385,4.073999881744385,4.073999881744385,4.073999881744385,4.073999881744385,-0.4209683537709007,1.091803217005971,0.043999671936035156
2016-10-07,4.109000205993652,4.109000205993652,4.109000205993652,4.109000205993652,4.109000205993652,-0.4209683537709007,0.8591145131374267,0.03500032424926758
2016-10-10,4.114999771118164,4.114999771118164,4.114999771118164,4.114999771118164,4.114999771118164,-0.4209683537709007,0.14601033885957015,0.005999565124511719
2016-10-11,4.13700008392334,4.13700008392334,4.13700008392334,4.13700008392334,4.13700008392334,-0.4209683537709007,0.5346370359383457,0.02200031280517578
2016-10-12,4.1479997634887695,4.1479997634887695,4.1479997634887695,4.1479997634887695,4.1479997634887695,-0.4209683537709007,0.2658854083222195,0.010999679565429688
2016-10-13,4.114999771118164,4.114999771118164,4.114999771118164,4.114999771118164,4.114999771118164,-0.4209683537709007,-0.7955639887223587,-0.03299999237060547
2016-10-14,4.089000225067139,4.089000225067139,4.089000225067139,4.089000225067139,4.089000225067139,-0.4209683537709007,-0.6318237544873706,-0.02599954605102539
2016-10-17,4.139999866485596,4.139999866485596,4.139999866485596,4.139999866485596,4.139999866485596,-0.4209683537709007,1.2472398779977967,0.05099964141845703
2016-10-18,4.160999774932861,4.160999774932861,4.160999774932861,4.160999774932861,4.160999774932861,-0.4209683537709007,0.5072441817514317,0.020999908447265625
2016-10-19,4.191999912261963,4.191999912261963,4.191999912261963,4.191999912261963,4.191999912261963,-0.4209683537709007,0.7450165586611046,0.031000137329101562
2016-10-20,4.242000102996826,4.242000102996826,4.242000102996826,4.242000102996826,4.242000102996826,-0.4209683537709007,1.192752666540109,0.05000019073486328
2016-10-21,4.229000091552734,4.229000091552734,4.229000091552734,4.229000091552734,4.229000091552734,-0.4209683537709007,-0.3064594796899689,-0.013000011444091797
2016-10-24,4.269999980926514,4.269999980926514,4.269999980926514,4.269999980926514,4.269999980926514,-0.4209683537709007,0.9694936979470548,0.0409998893737793
2016-10-25,4.269999980926514,4.269999980926514,4.269999980926514,4.269999980926514,4.269999980926514,-0.4209683537709007,0.0,0.0
2016-10-26,4.289000034332275,4.289000034332275,4.289000034332275,4.289000034332275,4.289000034332275,-0.4209683537709007,0.44496612390239054,0.01900005340576172
2016-10-27,4.323999881744385,4.323999881744385,4.323999881744385,4.323999881744385,4.323999881744385,-0.4209683537709007,0.8160374710176166,0.034999847412109375
2016-10-28,4.330999851226807,4.330999851226807,4.330999851226807,4.330999851226807,4.330999851226807,-0.4209683537709007,0.16188644019106135,0.006999969482421875
2016-10-31,4.414000034332275,4.414000034332275,4.414000034332275,4.414000034332275,4.414000034332275,-0.4209683537709007,1.9164208255966209,0.08300018310546875
2016-11-01,4.527999877929688,4.527999877929688,4.527999877929688,4.527999877929688,4.527999877929688,-0.4209683537709007,2.5826878729206415,0.113999843597413
2016-11-02,4.502999782562256,4.502999782562256,4.502999782562256,4.502999782562256,4.502999782562256,-0.4209683537709007,-0.5521222623986244,-0.02500009536743253
2016-11-03,4.525000095367432,4.525000095367432,4.525000095367432,4.525000095367432,4.525000095367432,-0.4209683537709007,0.48857015028895834,0.02200031280517578
2016-11-04,4.51800012588501,4.51800012588501,4.51800012588501,4.51800012588501,4.51800012588501,-0.4209683537709007,-0.154695454914755,-0.006999969482421875
2016-11-07,4.557000160217285,4.557000160217285,4.557000160217285,4.557000160217285,4.557000160217285,-0.4209683537709007,0.8632145472690977,0.03900003433227539
2016-11-08,4.561999797821045,4.561999797821045,4.561999797821045,4.561999797821045,4.561999797821045,-0.4209683537709007,0.1097133515027382,0.004999637603759766
2016-11-09,4.52400016784668,4.52400016784668,4.52400016784668,4.52400016784668,4.52400016784668,-0.4209683537709007,-0.8329599223681483,-0.037999629974365234
2016-11-10,4.559999942779541,4.559999942779541,4.559999942779541,4.559999942779541,4.559999942779541,-0.4209683537709007,0.7957509636874471,0.03599977493286133
2016-11-11,4.53000020980835,4.53000020980835,4.53000020980835,4.53000020980835,4.53000020980835,-0.4209683537709007,-0.6578888892025958,-0.029999732971191406
2016-11-14,4.714000225067139,4.714000225067139,4.714000225067139,4.714000225067139,4.714000225067139,-0.4209683537709007,4.061810303239999,0.18400001525878906
2016-11-15,4.669000148773193,4.669000148773193,4.669000148773193,4.669000148773193,4.669000148773193,-0.4209683537709007,-0.9546048821689301,-0.04500007629394531
2016-11-16,4.71999979019165,4.71999979019165,4.71999979019165,4.71999979019165,4.71999979019165,-0.4209683537709007,1.0923032725080883,0.05099964141845703
2016-11-17,4.802999973297119,4.802999973297119,4.802999973297119,4.802999973297119,4.802999973297119,-0.4209683537709007,1.7584785337903197,0.08300018310546875
2016-11-18,4.895999908447266,4.895999908447266,4.895999908447266,4.895999908447266,4.895999908447266,-0.4209683537709007,1.9362884794335011,0.09299993515014648
2016-11-21,4.890999794006348,4.890999794006348,4.890999794006348,4.890999794006348,4.890999794006348,-0.4209683537709007,-0.10212652235329633,-0.005000114440917969
2016-11-22,4.867000102996826,4.867000102996826,4.867000102996826,4.867000102996826,4.867000102996826,-0.4209683537709007,-0.4906909020714334,-0.023999691009521484
2016-11-23,4.860000133514404,4.860000133514404,4.860000133514404,4.860000133514404,4.860000133514404,-0.4209683537709007,-0.1438251352842923,-0.006999969482421875
2016-11-25,4.8379998207092285,4.8379998207092285,4.8379998207092285,4.8379998207092285,4.8379998207092285,-0.4209683537709007,-0.4526813210037228,-0.02200031280517578
2016-11-28,4.86299991607666,4.86299991607666,4.86299991607666,4.86299991607666,4.86299991607666,-0.4209683537709007,0.5167444459261317,0.02500009536743164
2016-11-29,4.901000022888184,4.901000022888184,4.901000022888184,4.901000022888184,4.901000022888184,-0.4209683537709007,0.7814128617584126,0.03800010681152344
2016-11-30,4.793000221252441,4.793000221252441,4.793000221252441,4.793000221252441,4.793000221252441,-0.4209683537709007,-2.2036278541394005,-0.10799980163574219
2016-12-01,4.7220001220703125,4.7220001220703125,4.7220001220703125,4.7220001220703125,4.7220001220703125,-0.4209683537709007,-1.481328936045323,-0.0710000991821289
2016-12-02,4.710000038146973,4.710000038146973,4.710000038146973,4.710000038146973,4.710000038146973,-0.4209683537709007,-0.25413137681323805,-0.012000083923339844
2016-12-05,4.660999774932861,4.660999774932861,4.660999774932861,4.660999774932861,4.660999774932861,-0.4209683537709007,-1.0403452827441817,-0.04900026321411133
2016-12-06,4.688000202178955,4.688000202178955,4.688000202178955,4.688000202178955,4.688000202178955,-0.4209683537709007,0.5792840281028111,0.02700042724609375
2016-12-07,4.736999988555908,4.736999988555908,4.736999988555908,4.736999988555908,4.736999988555908,-0.4209683537709007,1.0452172411208105,0.048999786376953125
2016-12-08,4.750999927520752,4.750999927520752,4.750999927520752,4.750999927520752,4.750999927520752,-0.4209683537709007,0.2955444162690668,0.01399993896484375
2016-12-09,4.89900016784668,4.89900016784668,4.89900016784668,4.89900016784668,4.89900016784668,-0.4209683537709007,3.115138762023939,0.14800024032592773
2016-12-12,4.821000099182129,4.821000099182129,4.821000099182129,4.821000099182129,4.821000099182129,-0.4209683537709007,-1.5921630126996988,-0.07800006866455078
2016-12-13,4.743000030517578,4.743000030517578,4.743000030517578,4.743000030517578,4.743000030517578,-0.4209683537709007,-1.6179229840253107,-0.07800006866455078
2016-12-14,4.781000137329102,4.781000137329102,4.781000137329102,4.781000137329102,4.781000137329102,-0.4209683537709007,0.8011829341560528,0.03800010681152344
2016-12-15,4.76200008392334,4.76200008392334,4.76200008392334,4.76200008392334,4.76200008392334,-0.4209683537709007,-0.39740750596121144,-0.01900005340576172
2016-12-16,4.853000164031982,4.853000164031982,4.853000164031982,4.853000164031982,4.853000164031982,-0.4209683537709007,1.910963429334278,0.09100008010864258
2016-12-19,4.894000053405762,4.894000053405762,4.894000053405762,4.894000053405762,4.894000053405762,-0.4209683537709007,0.8448359362863922,0.0409998893737793
2016-12-20,4.986999988555908,4.986999988555908,4.986999988555908,4.986999988555908,4.986999988555908,-0.4209683537709007,1.9002847187430616,0.09299993515014648
2016-12-21,4.994999885559082,4.994999885559082,4.994999885559082,4.994999885559082,4.994999885559082,-0.4209683537709007,0.160415019481297,0.007999897003173828
2016-12-22,5.002999782562256,5.002999782562256,5.002999782562256,5.002999782562256,5.002999782562256,-0.4209683537709007,0.16015810183103163,0.007999897003173828
2016-12-23,5.004000186920166,5.004000186920166,5.004000186920166,5.004000186920166,5.004000186920166,-0.4209683537709007,0.019996090373552988,0.0010004043579101562
2016-12-27,4.994999885559082,4.994999885559082,4.994999885559082,4.994999885559082,4.994999885559082,-0.4209683537709007,-0.17986213079307367,-0.009000301361083984
2016-12-28,5.0,5.0,5.0,5.0,5.0,-0.4209683537709007,0.10010239350302097,0.005000114440917969
2016-12-29,5.020999908447266,5.020999908447266,5.020999908447266,5.020999908447266,5.020999908447266,-0.4209683537709007,0.4199981689453125,0.020999908447265625
2016-12-30,4.974999904632568,4.974999904632568,4.974999904632568,4.974999904632568,4.974999904632568,-0.4209683537709007,-0.9161522536040523,-0.046000003814697266
2017-01-03,4.999000072479248,4.999000072479248,4.999000072479248,4.999000072479248,4.999000072479248,-0.4209683537709007,0.4824154433517025,0.024000167846679688
2017-01-04,5.099999904632568,5.099999904632568,5.099999904632568,5.099999904632568,5.099999904632568,-0.4209683537709007,2.0204006939177566,0.10099983215332031
2017-01-05,5.0929999351501465,5.0929999351501465,5.0929999351501465,5.0929999351501465,5.0929999351501465,-0.4209683537709007,-0.1372543061434861,-0.006999969482421875
2017-01-06,5.10099983215332,5.10099983215332,5.10099983215332,5.10099983215332,5.10099983215332,-0.4209683537709007,0.15707632250221426,0.007999897003173828
2017-01-09,5.078999996185303,5.078999996185303,5.078999996185303,5.078999996185303,5.078999996185303,-0.4209683537709007,-0.43128478125690206,-0.021999835968017578
2017-01-10,5.031000137329102,5.031000137329102,5.031000137329102,5.031000137329102,5.031000137329102,-0.4209683537709007,-0.9450651484987693,-0.04799985885620117
2017-01-11,5.078000068664551,5.078000068664551,5.078000068664551,5.078000068664551,5.078000068664551,-0.4209683537709007,0.9342065206223715,0.04699993133544922
2017-01-23,4.922999858856201,4.922999858856201,4.922999858856201,4.922999858856201,4.922999858856201,-0.4209683537709007,-3.0523869183230024,-0.1550002098083496
2017-01-24,4.916999816894531,4.916999816894531,4.916999816894531,4.916999816894531,4.916999816894531,-0.4209683537709007,-0.12187776018063312,-0.006000041961669922
2017-01-25,4.9679999351501465,4.9679999351501465,4.9679999351501465,4.9679999351501465,4.9679999351501465,-0.4209683537709007,1.037220259402516,0.051000118255615234
2017-01-26,5.007999897003174,5.007999897003174,5.007999897003174,5.007999897003174,5.007999897003174,-0.4209683537709007,0.8051522217223717,0.039999961853027344
2017-01-27,4.986999988555908,4.986999988555908,4.986999988555908,4.986999988555908,4.986999988555908,-0.4209683537709007,-0.41932725397682,-0.020999908447265625
2017-01-30,4.9670000076293945,4.9670000076293945,4.9670000076293945,4.9670000076293945,4.9670000076293945,-0.4209683537709007,-0.40104232950489704,-0.019999980926513672
2017-01-31,4.797999858856201,4.797999858856201,4.797999858856201,4.797999858856201,4.797999858856201,-0.4209683537709007,-3.40245920099872,-0.16900014877319336
2017-02-01,4.6570000648498535,4.6570000648498535,4.6570000648498535,4.6570000648498535,4.6570000648498535,-0.4209683537709007,-2.938720261654215,-0.14099979400634766
2017-02-02,4.650000095367432,4.650000095367432,4.650000095367432,4.650000095367432,4.650000095367432,-0.4209683537709007,-0.15031070184551298,-0.006999969482421875
2017-02-03,4.629000186920166,4.629000186920166,4.629000186920166,4.629000186920166,4.629000186920166,-0.4209683537709007,-0.4516109250876532,-0.020999908447265625
2017-02-06,4.65500020980835,4.65500020980835,4.65500020980835,4.65500020980835,4.65500020980835,-0.4209683537709007,0.5616768597601185,0.026000022888183594
2017-02-07,4.736999988555908,4.736999988555908,4.736999988555908,4.736999988555908,4.736999988555908,-0.4209683537709007,1.761541891550955,0.0819997787475586
2017-02-08,4.796999931335449,4.796999931335449,4.796999931335449,4.796999931335449,4.796999931335449,-0.4209683537709007,1.266623240964626,0.059999942779541016
2017-02-09,4.698999881744385,4.698999881744385,4.698999881744385,4.698999881744385,4.698999881744385,-0.4209683537709007,-2.042944569394267,-0.09800004959106445
2017-02-10,4.776999950408936,4.776999950408936,4.776999950408936,4.776999950408936,4.776999950408936,-0.4209683537709007,1.6599291472124023,0.07800006866455167
2017-03-10,4.927000045776367,4.927000045776367,4.927000045776367,4.927000045776367,4.927000045776367,-0.4209683537709007,3.140048082993796,0.15000009536743075
2017-03-13,4.90399980545044,4.90399980545044,4.90399980545044,4.90399980545044,4.90399980545044,-0.4209683537709007,-0.4668203797896009,-0.023000240325926846
2017-03-14,4.902999877929688,4.902999877929688,4.902999877929688,4.902999877929688,4.902999877929688,-0.4209683537709007,-0.020390039975948238,-0.0009999275207519531
2017-03-15,4.960999965667725,4.960999965667725,4.960999965667725,4.960999965667725,4.960999965667725,-0.4209683537709007,1.1829510336950566,0.05800008773803622
2017-03-16,4.968999862670898,4.968999862670898,4.968999862670898,4.968999862670898,4.968999862670898,-0.4209683537709007,0.16125573591083686,0.007999897003173828
2017-03-17,4.896999835968018,4.896999835968018,4.896999835968018,4.896999835968018,4.896999835968018,-0.4209683537709007,-1.4489842763686478,-0.07200002670288086
2017-03-20,4.931000232696533,4.931000232696533,4.931000232696533,4.931000232696533,4.931000232696533,-0.4209683537709007,0.6943107589832076,0.034000396728515625
2017-12-18,150.0,150.0,150.0,150.0,150.0,-0.42046639116517776,2941.9791709880337,145.06899976730347
2017-12-19,150.0,150.0,150.0,150.0,150.0,-0.42044240660381216,0.0,0.0
2017-12-20,150.0,150.0,150.0,150.0,150.0,-0.42028308058902636,0.0,0.0
2017-12-21,150.0,150.0,150.0,150.0,150.0,-0.4209683537709007,0.0,0.0
2017-12-22,150.0,150.0,150.0,150.0,150.0,-0.4209683537709007,0.0,0.0
2017-12-26,134.0,134.0,134.0,134.0,134.0,-0.4209512219413538,-10.666666666666668,-16.0
2017-12-27,134.0,134.0,134.0,134.0,134.0,-0.4209683537709007,0.0,0.0
2017-12-28,134.0,134.0,134.0,134.0,134.0,-0.4209683537709007,0.0,0.0
2017-12-29,134.0,134.0,134.0,134.0,134.0,-0.4190838525207463,0.0,0.0
2018-01-02,134.0,134.0,134.0,134.0,134.0,-0.4209683537709007,0.0,0.0
2018-01-03,134.0,134.0,134.0,134.0,134.0,-0.42079703547543207,0.0,0.0
2018-01-04,135.0,135.0,135.0,135.0,135.0,-0.41953613282078334,0.746268656716409,1.0
2018-01-05,136.1999969482422,136.1999969482422,136.1999969482422,136.1999969482422,136.1999969482422,-0.4208929737208945,0.8888866283275565,1.1999969482421875
2018-01-08,136.1999969482422,136.1999969482422,136.1999969482422,136.1999969482422,136.1999969482422,-0.4209683537709007,0.0,0.0
2018-01-09,136.1999969482422,136.1999969482422,136.1999969482422,136.1999969482422,136.1999969482422,-0.4209683537709007,0.0,0.0
2018-01-10,136.1999969482422,136.1999969482422,136.1999969482422,136.1999969482422,136.1999969482422,-0.42074563998679154,0.0,0.0
2018-01-11,136.1999969482422,136.1999969482422,136.1999969482422,136.1999969482422,136.1999969482422,-0.4209683537709007,0.0,0.0
2018-01-12,136.1999969482422,136.1999969482422,136.1999969482422,136.1999969482422,136.1999969482422,-0.42012375457424056,0.0,0.0
2018-01-16,130.10000610351562,130.10000610351562,130.10000610351562,130.10000610351562,130.10000610351562,-0.4209683537709007,-4.478701161090804,-6.0999908447265625
2018-01-17,135.9499969482422,135.9499969482422,135.9499969482422,135.9499969482422,135.9499969482422,-0.4204492593356309,4.4965338741582705,5.8499908447265625
2018-01-18,136.0,136.0,136.0,136.0,136.0,-0.42096321422203664,0.03678047287993813,0.0500030517578125
2018-01-19,136.0,136.0,136.0,136.0,136.0,-0.4209683537709007,0.0,0.0
2018-01-22,136.0,136.0,136.0,136.0,136.0,-0.4209683537709007,0.0,0.0
2018-01-23,136.0,136.0,136.0,136.0,136.0,-0.4209683537709007,0.0,0.0
2018-01-24,136.0,136.0,136.0,136.0,136.0,-0.4209683537709007,0.0,0.0
2018-01-25,136.0,136.0,136.0,136.0,136.0,-0.4209683537709007,0.0,0.0
2018-01-26,136.0,136.0,136.0,136.0,136.0,-0.4188816969320934,0.0,0.0
2018-01-29,136.0,136.0,136.0,136.0,136.0,-0.4209683537709007,0.0,0.0
2018-01-30,136.1999969482422,136.1999969482422,136.1999969482422,136.1999969482422,136.1999969482422,-0.4204149956765372,0.14705657958984375,0.1999969482421875
2018-01-31,136.0,136.0,136.0,136.0,136.0,-0.4197948234469409,-0.14684064076608827,-0.1999969482421875
2018-02-01,136.0,136.0,136.0,136.0,136.0,-0.42078675637770396,0.0,0.0
2018-02-02,136.0,136.0,136.0,136.0,136.0,-0.4197571334219378,0.0,0.0
2018-02-05,137.0,137.0,137.0,137.0,137.0,-0.41486770926926464,0.7352941176470562,1.0
2018-02-06,145.14999389648438,145.14999389648438,145.14999389648438,145.14999389648438,145.14999389648438,-0.4209649274049913,5.94890065436815,8.149993896484375
2018-02-07,147.9499969482422,147.9499969482422,147.9499969482422,147.9499969482422,147.9499969482422,-0.4209649274049913,1.9290411088509485,2.8000030517578125
2018-02-08,147.9499969482422,147.9499969482422,147.9499969482422,147.9499969482422,147.9499969482422,-0.4209683537709007,0.0,0.0
2018-02-09,147.9499969482422,147.9499969482422,147.9499969482422,147.9499969482422,147.9499969482422,-0.4209683537709007,0.0,0.0
2018-02-12,139.10000610351562,139.10000610351562,139.10000610351562,139.10000610351562,139.10000610351562,-0.4209512219413538,-5.981744526715049,-8.849990844726562
2018-02-13,139.10000610351562,139.10000610351562,139.10000610351562,139.10000610351562,139.10000610351562,-0.42028308058902636,0.0,0.0
2018-02-14,146.9499969482422,146.9499969482422,146.9499969482422,146.9499969482422,146.9499969482422,-0.4207850431947493,5.643415169144372,7.8499908447265625
2018-02-15,146.9499969482422,146.9499969482422,146.9499969482422,146.9499969482422,146.9499969482422,-0.4209683537709007,0.0,0.0
2018-02-16,146.89999389648438,146.89999389648438,146.89999389648438,146.89999389648438,146.89999389648438,-0.42095978785612725,-0.034027256070934264,-0.0500030517578125
2018-02-20,146.89999389648438,146.89999389648438,146.89999389648438,146.89999389648438,146.89999389648438,-0.4209683537709007,0.0,0.0
2018-02-21,142.0,142.0,142.0,142.0,142.0,-0.4206325699117823,-3.335598434358844,-4.899993896484375
2018-02-22,141.9499969482422,141.9499969482422,141.9499969482422,141.9499969482422,141.9499969482422,-0.4208535705129367,-0.03521341673085043,-0.0500030517578125
2018-02-23,137.0,137.0,137.0,137.0,137.0,-0.42084157823225393,-3.4871412854253547,-4.9499969482421875
2018-02-26,140.0,140.0,140.0,140.0,140.0,-0.4206377094606463,2.1897810218978186,3.0
2018-02-27,140.0,140.0,140.0,140.0,140.0,-0.4209683537709007,0.0,0.0
2018-02-28,140.0,140.0,140.0,140.0,140.0,-0.4209683537709007,0.0,0.0
2018-03-01,139.0,139.0,139.0,139.0,139.0,-0.42028308058902636,-0.7142857142857117,-1.0
2018-03-02,139.0,139.0,139.0,139.0,139.0,-0.4209683537709007,0.0,0.0
2018-03-05,139.0,139.0,139.0,139.0,139.0,-0.4201117622935578,0.0,0.0
2018-03-06,139.0,139.0,139.0,139.0,139.0,-0.4201117622935578,0.0,0.0
2018-03-07,139.0,139.0,139.0,139.0,139.0,-0.4209683537709007,0.0,0.0
2018-03-08,137.0,137.0,137.0,137.0,137.0,-0.42092552419703355,-1.4388489208633115,-2.0
2018-03-09,137.0,137.0,137.0,137.0,137.0,-0.4209683537709007,0.0,0.0
2018-03-12,137.0,137.0,137.0,137.0,137.0,-0.4209683537709007,0.0,0.0
2018-03-13,138.9499969482422,138.9499969482422,138.9499969482422,138.9499969482422,138.9499969482422,-0.42028308058902636,1.423355436673135,1.9499969482421875
2018-03-14,138.9499969482422,138.9499969482422,138.9499969482422,138.9499969482422,138.9499969482422,-0.42079703547543207,0.0,0.0
2018-03-15,136.0,136.0,136.0,136.0,136.0,-0.42045439888449493,-2.1230637013551323,-2.9499969482421875
2018-03-16,136.0,136.0,136.0,136.0,136.0,-0.4209683537709007,0.0,0.0
2018-03-19,132.10000610351562,132.10000610351562,132.10000610351562,132.10000610351562,132.10000610351562,-0.4208826946231664,-2.8676425709443953,-3.899993896484375
2018-03-20,132.0,132.0,132.0,132.0,132.0,-0.42094608239248976,-0.07570484397801946,-0.100006103515625
2018-03-21,132.0,132.0,132.0,132.0,132.0,-0.4209683537709007,0.0,0.0
2018-03-22,135.9499969482422,135.9499969482422,135.9499969482422,135.9499969482422,135.9499969482422,-0.41882687507754346,2.9924219304864996,3.9499969482421875
2018-03-23,135.0,135.0,135.0,135.0,135.0,-0.41947617141736937,-0.6987840894206565,-0.9499969482421875
2018-03-26,136.0,136.0,136.0,136.0,136.0,-0.42024539056402327,0.7407407407407307,1.0
2018-03-27,136.0,136.0,136.0,136.0,136.0,-0.42083472550043516,0.0,0.0
2018-03-28,136.0,136.0,136.0,136.0,136.0,-0.4209512219413538,0.0,0.0
2018-03-29,129.25,129.25,129.25,129.25,129.25,-0.4209375164777163,-4.963235294117652,-6.75
2018-04-02,135.0,135.0,135.0,135.0,135.0,-0.4207850431947493,4.448742746615086,5.75
2018-04-03,135.0,135.0,135.0,135.0,135.0,-0.42027108830834353,0.0,0.0
2018-04-04,135.0,135.0,135.0,135.0,135.0,-0.4209683537709007,0.0,0.0
2018-04-05,135.0,135.0,135.0,135.0,135.0,-0.4209683537709007,0.0,0.0
2018-04-06,135.0,135.0,135.0,135.0,135.0,-0.4209683537709007,0.0,0.0
2018-04-09,135.0,135.0,135.0,135.0,135.0,-0.4209289505629429,0.0,0.0
2018-04-10,135.0,135.0,135.0,135.0,135.0,-0.4209649274049913,0.0,0.0
2018-04-11,136.0,136.0,136.0,136.0,136.0,-0.42094779557544443,0.7407407407407307,1.0
2018-04-12,136.0,136.0,136.0,136.0,136.0,-0.4209683537709007,0.0,0.0
2018-04-13,138.0,138.0,138.0,138.0,138.0,-0.420966640587946,1.4705882352941124,2.0
2018-04-16,138.0,138.0,138.0,138.0,138.0,-0.4209683537709007,0.0,0.0
2018-04-17,138.0,138.0,138.0,138.0,138.0,-0.4209683537709007,0.0,0.0
2018-04-18,138.0,138.0,138.0,138.0,138.0,-0.4209683537709007,0.0,0.0
2018-04-19,130.0,130.0,130.0,130.0,130.0,-0.4199404439980892,-5.797101449275366,-8.0
2018-04-20,134.9499969482422,134.9499969482422,134.9499969482422,134.9499969482422,134.9499969482422,-0.420966640587946,3.8076899601863,4.9499969482421875
2018-04-23,135.0,135.0,135.0,135.0,135.0,-0.4206257171799635,0.037053021777389006,0.0500030517578125
2018-04-24,135.0,135.0,135.0,135.0,135.0,-0.4209683537709007,0.0,0.0
2018-04-25,135.0,135.0,135.0,135.0,135.0,-0.4209683537709007,0.0,0.0
2018-04-26,138.0,138.0,138.0,138.0,138.0,-0.4209615010390819,2.2222222222222143,3.0
2018-04-27,138.0,138.0,138.0,138.0,138.0,-0.4209683537709007,0.0,0.0
2018-04-30,136.0,136.0,136.0,136.0,136.0,-0.4209032528186226,-1.449275362318836,-2.0
2018-05-01,136.0,136.0,136.0,136.0,136.0,-0.4209683537709007,0.0,0.0
2018-05-02,135.0,135.0,135.0,135.0,135.0,-0.42025909602766076,-0.7352941176470562,-1.0
2018-05-03,135.0,135.0,135.0,135.0,135.0,-0.4209683537709007,0.0,0.0
2018-05-04,130.0,130.0,130.0,130.0,130.0,-0.42084157823225393,-3.703703703703709,-5.0
2018-05-07,134.64999389648438,134.64999389648438,134.64999389648438,134.64999389648438,134.64999389648438,-0.42036873973676064,3.576918381911054,4.649993896484375
2018-05-08,134.64999389648438,134.64999389648438,134.64999389648438,134.64999389648438,134.64999389648438,-0.4209683537709007,0.0,0.0
2018-05-09,134.64999389648438,134.64999389648438,134.64999389648438,134.64999389648438,134.64999389648438,-0.4209683537709007,0.0,0.0
2018-05-10,134.0,134.0,134.0,134.0,134.0,-0.4206257171799635,-0.4827285005182258,-0.649993896484375
2018-05-11,134.0,134.0,134.0,134.0,134.0,-0.4209683537709007,0.0,0.0
2018-05-14,134.0,134.0,134.0,134.0,134.0,-0.4206359962776916,0.0,0.0
2018-05-15,134.0,134.0,134.0,134.0,134.0,-0.4209683537709007,0.0,0.0
2018-05-16,134.5,134.5,134.5,134.5,134.5,-0.4206257171799635,0.3731343283582156,0.5
2018-05-17,134.5,134.5,134.5,134.5,134.5,-0.4209683537709007,0.0,0.0
2018-05-18,134.5,134.5,134.5,134.5,134.5,-0.4209683537709007,0.0,0.0
2018-05-21,134.5,134.5,134.5,134.5,134.5,-0.4209683537709007,0.0,0.0
2018-05-22,134.5,134.5,134.5,134.5,134.5,-0.4209683537709007,0.0,0.0
2018-05-23,134.5,134.5,134.5,134.5,134.5,-0.4209683537709007,0.0,0.0
2018-05-24,130.0,130.0,130.0,130.0,130.0,-0.4205400580322292,-3.3457249070631967,-4.5
2018-05-25,130.0,130.0,130.0,130.0,130.0,-0.4196971720185238,0.0,0.0
2018-05-29,130.0,130.0,130.0,130.0,130.0,-0.4209683537709007,0.0,0.0
2018-05-30,130.0,130.0,130.0,130.0,130.0,-0.4209683537709007,0.0,0.0
2018-05-31,130.0,130.0,130.0,130.0,130.0,-0.4209683537709007,0.0,0.0
2018-06-01,130.0,130.0,130.0,130.0,130.0,-0.4209683537709007,0.0,0.0
2018-06-04,130.0,130.0,130.0,130.0,130.0,-0.4201974214412921,0.0,0.0
2018-06-05,130.0,130.0,130.0,130.0,130.0,-0.4209683537709007,0.0,0.0
2018-06-06,130.0,130.0,130.0,130.0,130.0,-0.42093237692885227,0.0,0.0
2018-06-07,130.0,130.0,130.0,130.0,130.0,-0.42036873973676064,0.0,0.0
2018-06-08,130.0,130.0,130.0,130.0,130.0,-0.4208912605379398,0.0,0.0
2018-06-11,130.0,130.0,130.0,130.0,130.0,-0.4209683537709007,0.0,0.0
2018-06-12,130.0,130.0,130.0,130.0,130.0,-0.4209683537709007,0.0,0.0
2018-06-13,130.0,130.0,130.0,130.0,130.0,-0.4209683537709007,0.0,0.0
2018-06-14,130.0,130.0,130.0,130.0,130.0,-0.4209683537709007,0.0,0.0
2018-06-15,130.0,130.0,130.0,130.0,130.0,-0.4209683537709007,0.0,0.0
2018-06-18,130.0,130.0,130.0,130.0,130.0,-0.4209683537709007,0.0,0.0
2018-06-19,130.0,130.0,130.0,130.0,130.0,-0.4209683537709007,0.0,0.0
2018-06-20,125.0,125.0,125.0,125.0,125.0,-0.42008949091514686,-3.8461538461538436,-5.0
2018-06-21,125.0,125.0,125.0,125.0,125.0,-0.4209683537709007,0.0,0.0
2018-06-22,125.0,125.0,125.0,125.0,125.0,-0.4179000430990584,0.0,0.0
2018-06-25,125.0,125.0,125.0,125.0,125.0,-0.4209683537709007,0.0,0.0
2018-06-26,125.0,125.0,125.0,125.0,125.0,-0.4209683537709007,0.0,0.0
2018-06-27,125.0,125.0,125.0,125.0,125.0,-0.4206257171799635,0.0,0.0
2018-06-28,125.0,125.0,125.0,125.0,125.0,-0.4209683537709007,0.0,0.0
2018-06-29,125.0,125.0,125.0,125.0,125.0,-0.4209683537709007,0.0,0.0
2018-07-02,125.0,125.0,125.0,125.0,125.0,-0.4209683537709007,0.0,0.0
2018-07-03,125.0,125.0,125.0,125.0,125.0,-0.4209683537709007,0.0,0.0
2018-07-05,125.0,125.0,125.0,125.0,125.0,-0.4209683537709007,0.0,0.0
2018-07-06,125.0,125.0,125.0,125.0,125.0,-0.4209683537709007,0.0,0.0
2018-07-09,125.0,125.0,125.0,125.0,125.0,-0.4209683537709007,0.0,0.0
2018-07-10,125.0,125.0,125.0,125.0,125.0,-0.4209683537709007,0.0,0.0
2018-07-11,125.0,125.0,125.0,125.0,125.0,-0.4209683537709007,0.0,0.0
2018-07-12,125.0,125.0,125.0,125.0,125.0,-0.4209683537709007,0.0,0.0
2018-07-13,125.0,125.0,125.0,125.0,125.0,-0.4209683537709007,0.0,0.0
2018-07-16,125.0,125.0,125.0,125.0,125.0,-0.4209683537709007,0.0,0.0
2018-07-17,125.0,125.0,125.0,125.0,125.0,-0.4209683537709007,0.0,0.0
2018-07-18,125.0,125.0,125.0,125.0,125.0,-0.4209683537709007,0.0,0.0
2018-07-19,125.0,125.0,125.0,125.0,125.0,-0.4209683537709007,0.0,0.0
2018-07-20,125.0,125.0,125.0,125.0,125.0,-0.4209683537709007,0.0,0.0
2018-07-23,125.0,125.0,125.0,125.0,125.0,-0.4209683537709007,0.0,0.0
2018-07-24,125.0,125.0,125.0,125.0,125.0,-0.4209169582822601,0.0,0.0
2018-07-25,125.0,125.0,125.0,125.0,125.0,-0.4209683537709007,0.0,0.0
2018-07-26,125.0,125.0,125.0,125.0,125.0,-0.4209683537709007,0.0,0.0
2018-07-27,125.0,125.0,125.0,125.0,125.0,-0.4209683537709007,0.0,0.0
2018-07-30,125.0,125.0,125.0,125.0,125.0,-0.4209683537709007,0.0,0.0
2018-07-31,125.0,125.0,125.0,125.0,125.0,-0.4209683537709007,0.0,0.0
2018-08-01,125.0,125.0,125.0,125.0,125.0,-0.4209683537709007,0.0,0.0
2018-08-02,125.0,125.0,125.0,125.0,125.0,-0.4209683537709007,0.0,0.0
2018-08-03,125.0,125.0,125.0,125.0,125.0,-0.4209683537709007,0.0,0.0
2018-08-06,125.0,125.0,125.0,125.0,125.0,-0.4209683537709007,0.0,0.0
2018-08-07,125.0,125.0,125.0,125.0,125.0,-0.4209683537709007,0.0,0.0
2018-08-08,125.0,125.0,125.0,125.0,125.0,-0.4209683537709007,0.0,0.0
2018-08-09,125.0,125.0,125.0,125.0,125.0,-0.4209683537709007,0.0,0.0
2018-08-10,115.0,115.0,115.0,115.0,115.0,-0.4209649274049913,-7.9999999999999964,-10.0
2018-08-13,115.0,115.0,115.0,115.0,115.0,-0.4209683537709007,0.0,0.0
2018-08-14,115.0,115.0,115.0,115.0,115.0,-0.4209683537709007,0.0,0.0
2018-08-15,115.0,115.0,115.0,115.0,115.0,-0.4209683537709007,0.0,0.0
2018-08-16,115.0,115.0,115.0,115.0,115.0,-0.4209683537709007,0.0,0.0
2018-08-17,115.0,115.0,115.0,115.0,115.0,-0.4209683537709007,0.0,0.0
2018-08-20,115.0,115.0,115.0,115.0,115.0,-0.4209683537709007,0.0,0.0
2018-08-21,115.0,115.0,115.0,115.0,115.0,-0.4209683537709007,0.0,0.0
2018-08-22,115.0,115.0,115.0,115.0,115.0,-0.4209683537709007,0.0,0.0
2018-08-23,115.0,115.0,115.0,115.0,115.0,-0.4209683537709007,0.0,0.0
2018-08-24,115.0,115.0,115.0,115.0,115.0,-0.4209683537709007,0.0,0.0
2018-08-27,115.0,115.0,115.0,115.0,115.0,-0.4209683537709007,0.0,0.0
2018-08-28,115.0,115.0,115.0,115.0,115.0,-0.4209683537709007,0.0,0.0
2018-08-29,115.0,115.0,115.0,115.0,115.0,-0.4209683537709007,0.0,0.0
2018-08-30,115.0,115.0,115.0,115.0,115.0,-0.4209683537709007,0.0,0.0
2018-08-31,115.0,115.0,115.0,115.0,115.0,-0.4209683537709007,0.0,0.0
2018-09-04,115.0,115.0,115.0,115.0,115.0,-0.4209683537709007,0.0,0.0
2018-09-05,115.0,115.0,115.0,115.0,115.0,-0.4209683537709007,0.0,0.0
2018-09-06,125.0,125.0,125.0,125.0,125.0,-0.42079703547543207,8.695652173913038,10.0
2018-09-07,125.0,125.0,125.0,125.0,125.0,-0.42095636149021787,0.0,0.0
2018-09-10,125.0,125.0,125.0,125.0,125.0,-0.4209683537709007,0.0,0.0
2018-09-11,125.0,125.0,125.0,125.0,125.0,-0.4209683537709007,0.0,0.0
2018-09-12,125.0,125.0,125.0,125.0,125.0,-0.4209683537709007,0.0,0.0
2018-09-13,125.0,125.0,125.0,125.0,125.0,-0.4209683537709007,0.0,0.0
2018-09-14,125.0,125.0,125.0,125.0,125.0,-0.4209683537709007,0.0,0.0
2018-09-17,125.0,125.0,125.0,125.0,125.0,-0.4209683537709007,0.0,0.0
2018-09-18,125.0,125.0,125.0,125.0,125.0,-0.4209683537709007,0.0,0.0
2018-09-19,125.0,125.0,125.0,125.0,125.0,-0.4209683537709007,0.0,0.0
2018-09-20,125.0,125.0,125.0,125.0,125.0,-0.4209683537709007,0.0,0.0
2018-09-21,125.0,125.0,125.0,125.0,125.0,-0.4209683537709007,0.0,0.0
2018-09-24,125.0,125.0,125.0,125.0,125.0,-0.4209683537709007,0.0,0.0
2018-09-25,125.0,125.0,125.0,125.0,125.0,-0.4209683537709007,0.0,0.0
2018-09-26,125.0,125.0,125.0,125.0,125.0,-0.4209546483072632,0.0,0.0
2018-09-27,125.0,125.0,125.0,125.0,125.0,-0.4209512219413538,0.0,0.0
2018-09-28,125.0,125.0,125.0,125.0,125.0,-0.42079703547543207,0.0,0.0
2018-10-01,125.0,125.0,125.0,125.0,125.0,-0.4209015396356679,0.0,0.0
2018-10-02,125.0,137.39999389648438,125.0,137.39999389648438,137.39999389648438,-0.42046296479926837,9.919995117187508,12.399993896484375
2018-10-03,137.39999389648438,137.39999389648438,137.39999389648438,137.39999389648438,137.39999389648438,-0.4209683537709007,0.0,0.0
2018-10-04,137.39999389648438,137.39999389648438,137.39999389648438,137.39999389648438,137.39999389648438,-0.4209683537709007,0.0,0.0
2018-10-05,137.39999389648438,137.39999389648438,137.39999389648438,137.39999389648438,137.39999389648438,-0.4209683537709007,0.0,0.0
2018-10-08,123.6999969482422,137.0,123.6999969482422,137.0,137.0,-0.4183968661559173,-0.29111638591899913,-0.399993896484375
2018-10-09,137.0,137.0,137.0,137.0,137.0,-0.4209683537709007,0.0,0.0
2018-10-10,125.0,125.0,125.0,125.0,125.0,-0.42080046184134146,-8.75912408759124,-12.0
2018-10-11,136.0,136.0,136.0,136.0,136.0,-0.4209649274049913,8.800000000000008,11.0
2018-10-12,136.0,136.0,136.0,136.0,136.0,-0.4209649274049913,0.0,0.0
2018-10-15,137.0,146.5,137.0,146.5,146.5,-0.42093409011180694,7.720588235294112,10.5
2018-10-16,146.5,146.5,146.5,146.5,146.5,-0.4209683537709007,0.0,0.0
2018-10-17,146.5,146.5,146.5,146.5,146.5,-0.4209683537709007,0.0,0.0
2018-10-18,131.89999389648438,131.9499969482422,131.89999389648438,131.89999389648438,131.89999389648438,-0.4204681043481324,-9.965874473389501,-14.600006103515625
2018-10-19,131.89999389648438,131.89999389648438,131.89999389648438,131.89999389648438,131.89999389648438,-0.4209683537709007,0.0,0.0
2018-10-22,131.89999389648438,131.89999389648438,131.89999389648438,131.89999389648438,131.89999389648438,-0.4209683537709007,0.0,0.0
2018-10-23,131.89999389648438,131.89999389648438,131.89999389648438,131.89999389648438,131.89999389648438,-0.4209683537709007,0.0,0.0
2018-10-24,131.89999389648438,131.89999389648438,131.89999389648438,131.89999389648438,131.89999389648438,-0.4209683537709007,0.0,0.0
2018-10-25,131.89999389648438,131.89999389648438,131.89999389648438,131.89999389648438,131.89999389648438,-0.4209683537709007,0.0,0.0
2018-10-26,130.0,130.0,130.0,130.0,130.0,-0.4209289505629429,-1.4404806553482419,-1.899993896484375
2018-10-29,130.0,130.0,130.0,130.0,130.0,-0.4209683537709007,0.0,0.0
2018-10-30,130.0,130.0,126.75,126.75,126.75,-0.42074563998679154,-2.500000000000002,-3.25
2018-10-31,126.75,126.75,126.75,126.75,126.75,-0.4209683537709007,0.0,0.0
2018-11-01,126.75,126.75,126.75,126.75,126.75,-0.4209683537709007,0.0,0.0
2018-11-02,130.0,130.0,128.0,128.0,128.0,-0.4205743216913229,0.9861932938856066,1.25
2018-11-05,128.0,128.0,127.0,127.0,127.0,-0.4207113763276978,-0.78125,-1.0
2018-11-06,127.0,127.0,127.0,127.0,127.0,-0.4209683537709007,0.0,0.0
2018-11-07,127.0,127.0,127.0,127.0,127.0,-0.4209683537709007,0.0,0.0
2018-11-08,127.0,127.0,127.0,127.0,127.0,-0.4209683537709007,0.0,0.0
2018-11-09,133.8000030517578,133.8000030517578,133.8000030517578,133.8000030517578,133.8000030517578,-0.4207113763276978,5.354333111620324,6.8000030517578125
2018-11-12,133.8000030517578,133.8000030517578,133.8000030517578,133.8000030517578,133.8000030517578,-0.4209683537709007,0.0,0.0
2018-11-13,133.8000030517578,133.8000030517578,133.8000030517578,133.8000030517578,133.8000030517578,-0.4209683537709007,0.0,0.0
2018-11-14,133.8000030517578,133.8000030517578,133.8000030517578,133.8000030517578,133.8000030517578,-0.4209683537709007,0.0,0.0
2018-11-15,133.8000030517578,133.8000030517578,133.8000030517578,133.8000030517578,133.8000030517578,-0.4209683537709007,0.0,0.0
2018-11-16,133.8000030517578,133.8000030517578,133.8000030517578,133.8000030517578,133.8000030517578,-0.4209683537709007,0.0,0.0
2018-11-19,132.0,133.0,132.0,133.0,133.0,-0.4199404439980892,-0.5979095915628285,-0.8000030517578125
2018-11-20,133.0,133.0,133.0,133.0,133.0,-0.4209683537709007,0.0,0.0
2018-11-21,133.0,133.0,133.0,133.0,133.0,-0.4209683537709007,0.0,0.0
2018-11-23,133.0,133.0,133.0,133.0,133.0,-0.4209683537709007,0.0,0.0
2018-11-26,133.0,133.0,133.0,133.0,133.0,-0.4209683537709007,0.0,0.0
2018-11-27,133.0,133.0,133.0,133.0,133.0,-0.4209683537709007,0.0,0.0
2018-11-28,133.0,133.0,133.0,133.0,133.0,-0.4209683537709007,0.0,0.0
2018-11-29,133.0,133.0,133.0,133.0,133.0,-0.4209683537709007,0.0,0.0
2018-11-30,133.0,133.0,133.0,133.0,133.0,-0.4209683537709007,0.0,0.0
2018-12-03,133.0,133.0,133.0,133.0,133.0,-0.4209683537709007,0.0,0.0
2018-12-04,133.0,133.0,133.0,133.0,133.0,-0.4209683537709007,0.0,0.0
2018-12-06,133.0,133.0,133.0,133.0,133.0,-0.4209683537709007,0.0,0.0
2018-12-07,133.0,133.0,133.0,133.0,133.0,-0.4209683537709007,0.0,0.0
2018-12-10,133.0,133.0,133.0,133.0,133.0,-0.4209683537709007,0.0,0.0
2018-12-11,133.0,133.0,133.0,133.0,133.0,-0.4209683537709007,0.0,0.0
2018-12-12,133.0,133.0,133.0,133.0,133.0,-0.4209683537709007,0.0,0.0
2018-12-13,133.0,133.0,133.0,133.0,133.0,-0.4209683537709007,0.0,0.0
2018-12-14,132.9499969482422,132.9499969482422,132.9499969482422,132.9499969482422,132.9499969482422,-0.4209512219413538,-0.03759627951714917,-0.0500030517578125
2018-12-17,132.9499969482422,132.9499969482422,132.9499969482422,132.9499969482422,132.9499969482422,-0.4209683537709007,0.0,0.0
2018-12-18,132.9499969482422,132.9499969482422,132.9499969482422,132.9499969482422,132.9499969482422,-0.4209683537709007,0.0,0.0
2018-12-19,132.9499969482422,132.9499969482422,132.9499969482422,132.9499969482422,132.9499969482422,-0.4209683537709007,0.0,0.0
2018-12-20,132.9499969482422,132.9499969482422,132.9499969482422,132.9499969482422,132.9499969482422,-0.4209683537709007,0.0,0.0
2018-12-21,132.9499969482422,132.9499969482422,132.9499969482422,132.9499969482422,132.9499969482422,-0.4209683537709007,0.0,0.0
2018-12-24,132.9499969482422,132.9499969482422,132.9499969482422,132.9499969482422,132.9499969482422,-0.4209683537709007,0.0,0.0
2018-12-26,132.9499969482422,132.9499969482422,132.9499969482422,132.9499969482422,132.9499969482422,-0.4209683537709007,0.0,0.0
2018-12-27,132.9499969482422,132.9499969482422,132.9499969482422,132.9499969482422,132.9499969482422,-0.4209683537709007,0.0,0.0
2018-12-28,132.9499969482422,132.9499969482422,132.9499969482422,132.9499969482422,132.9499969482422,-0.4209683537709007,0.0,0.0
2018-12-31,132.9499969482422,132.9499969482422,132.9499969482422,132.9499969482422,132.9499969482422,-0.4209683537709007,0.0,0.0
2019-01-02,132.9499969482422,132.9499969482422,132.9499969482422,132.9499969482422,132.9499969482422,-0.4209683537709007,0.0,0.0
2019-01-03,132.9499969482422,132.9499969482422,132.9499969482422,132.9499969482422,132.9499969482422,-0.4209683537709007,0.0,0.0
2019-01-04,132.9499969482422,132.9499969482422,132.9499969482422,132.9499969482422,132.9499969482422,-0.4209683537709007,0.0,0.0
2019-01-07,132.9499969482422,132.9499969482422,132.9499969482422,132.9499969482422,132.9499969482422,-0.4209683537709007,0.0,0.0
2019-01-08,132.9499969482422,132.9499969482422,132.9499969482422,132.9499969482422,132.9499969482422,-0.4209683537709007,0.0,0.0
2019-01-09,132.9499969482422,132.9499969482422,132.9499969482422,132.9499969482422,132.9499969482422,-0.4209683537709007,0.0,0.0
2019-01-10,132.9499969482422,132.9499969482422,132.9499969482422,132.9499969482422,132.9499969482422,-0.4209683537709007,0.0,0.0
2019-01-11,132.9499969482422,132.9499969482422,132.9499969482422,132.9499969482422,132.9499969482422,-0.4209683537709007,0.0,0.0
2019-01-14,132.9499969482422,132.9499969482422,132.9499969482422,132.9499969482422,132.9499969482422,-0.4209683537709007,0.0,0.0
2019-01-15,132.9499969482422,132.9499969482422,132.9499969482422,132.9499969482422,132.9499969482422,-0.4209683537709007,0.0,0.0
2019-01-16,132.9499969482422,132.9499969482422,132.9499969482422,132.9499969482422,132.9499969482422,-0.4209683537709007,0.0,0.0
2019-01-17,132.9499969482422,132.9499969482422,132.9499969482422,132.9499969482422,132.9499969482422,-0.4209683537709007,0.0,0.0
2019-01-18,132.9499969482422,132.9499969482422,132.9499969482422,132.9499969482422,132.9499969482422,-0.4209683537709007,0.0,0.0
2019-01-22,132.9499969482422,132.9499969482422,132.9499969482422,132.9499969482422,132.9499969482422,-0.4209683537709007,0.0,0.0
2019-01-23,132.9499969482422,132.9499969482422,132.9499969482422,132.9499969482422,132.9499969482422,-0.4209683537709007,0.0,0.0
2019-01-24,132.9499969482422,132.9499969482422,132.9499969482422,132.9499969482422,132.9499969482422,-0.4209683537709007,0.0,0.0
2019-01-25,132.9499969482422,132.9499969482422,132.9499969482422,132.9499969482422,132.9499969482422,-0.4209683537709007,0.0,0.0
2019-01-28,132.9499969482422,132.9499969482422,132.9499969482422,132.9499969482422,132.9499969482422,-0.4209683537709007,0.0,0.0
2019-01-29,132.9499969482422,132.9499969482422,132.9499969482422,132.9499969482422,132.9499969482422,-0.4209683537709007,0.0,0.0
2019-01-30,130.0,130.0,130.0,130.0,130.0,-0.42093409011180694,-2.2188770334388375,-2.9499969482421875
2019-01-31,130.0,130.0,130.0,130.0,130.0,-0.4209683537709007,0.0,0.0
2019-02-01,130.0,130.0,130.0,130.0,130.0,-0.4209683537709007,0.0,0.0
2019-02-04,130.0,130.0,130.0,130.0,130.0,-0.4208312991345258,0.0,0.0
2019-02-05,134.0,134.0,134.0,134.0,134.0,-0.42087412870839297,3.076923076923066,4.0
2019-02-06,134.0,134.0,134.0,134.0,134.0,-0.4209683537709007,0.0,0.0
2019-02-07,134.0,134.0,134.0,134.0,134.0,-0.4209683537709007,0.0,0.0
2019-02-08,138.0,138.0,138.0,138.0,138.0,-0.4209649274049913,2.9850746268656803,4.0
2019-02-11,138.0,138.0,138.0,138.0,138.0,-0.4209683537709007,0.0,0.0
2019-02-12,138.0,138.0,138.0,138.0,138.0,-0.4209683537709007,0.0,0.0
2019-02-13,138.0,138.0,138.0,138.0,138.0,-0.4209683537709007,0.0,0.0
2019-02-14,138.0,138.0,138.0,138.0,138.0,-0.4209683537709007,0.0,0.0
2019-02-15,138.0,138.0,138.0,138.0,138.0,-0.4209683537709007,0.0,0.0
2019-02-19,138.0,138.0,138.0,138.0,138.0,-0.4209683537709007,0.0,0.0
2019-02-20,138.0,138.0,138.0,138.0,138.0,-0.4209683537709007,0.0,0.0
2019-02-21,134.0,134.0,134.0,134.0,134.0,-0.42093409011180694,-2.898550724637683,-4.0
2019-02-22,134.0,134.0,134.0,134.0,134.0,-0.4209683537709007,0.0,0.0
2019-02-25,134.0,134.0,134.0,134.0,134.0,-0.4209683537709007,0.0,0.0
2019-02-26,134.0,134.0,134.0,134.0,134.0,-0.4209683537709007,0.0,0.0
2019-02-27,134.0,134.0,134.0,134.0,134.0,-0.4209683537709007,0.0,0.0
2019-02-28,134.0,134.0,134.0,134.0,134.0,-0.4209683537709007,0.0,0.0
2019-03-01,134.0,134.0,134.0,134.0,134.0,-0.4209683537709007,0.0,0.0
2019-03-04,134.0,134.0,134.0,134.0,134.0,-0.4209683537709007,0.0,0.0
2019-03-05,134.0,134.0,134.0,134.0,134.0,-0.4209683537709007,0.0,0.0
2019-03-06,134.0,134.0,134.0,134.0,134.0,-0.4209683537709007,0.0,0.0
2019-03-07,134.0,134.0,134.0,134.0,134.0,-0.4209649274049913,0.0,0.0
2019-03-08,134.0,134.0,134.0,134.0,134.0,-0.4209683537709007,0.0,0.0
2019-03-11,9.40999984741211,9.800000190734863,9.289999961853027,9.649999618530272,9.649999618530272,0.3962199156142148,-92.79850774736546,-124.35000038146973
2019-03-12,9.699999809265137,9.9399995803833,9.600000381469728,9.739999771118164,9.739999771118164,0.686604426433454,0.9326441051362488,0.0900001525878924
2019-03-13,9.850000381469728,10.34000015258789,9.829999923706056,10.18000030517578,10.18000030517578,1.79280666027406,4.517459388062206,0.4400005340576154
2019-03-14,10.220000267028809,10.479999542236328,9.960000038146973,10.0,10.0,1.0797799145338398,-1.7681758328068287,-0.18000030517577947
2019-03-15,10.0600004196167,10.0600004196167,9.789999961853027,9.800000190734863,9.800000190734863,2.4676294261247875,-1.9999980926513672,-0.19999980926513672
2019-03-18,9.920000076293944,10.31999969482422,9.90999984741211,10.170000076293944,10.170000076293944,0.9285058596350856,3.7755089628353833,0.36999988555908025
2019-03-19,10.270000457763672,10.539999961853027,10.19499969482422,10.369999885559082,10.369999885559082,1.0934853781713259,1.9665664480311484,0.1999998092651385
2019-03-20,10.329999923706056,10.75,10.25,10.5,10.5,0.5853553138115246,1.2536173179900523,0.13000011444091797
2019-03-21,10.380000114440918,10.550000190734863,10.156000137329102,10.279999732971191,10.279999732971191,0.5245373189201795,-2.095240638369611,-0.2200002670288086
2019-03-22,10.06999969482422,10.079999923706056,9.529999732971191,9.6899995803833,9.6899995803833,0.6960269326842258,-5.739301244294537,-0.5900001525878906
2019-03-25,9.59000015258789,10.09000015258789,9.5,10.020000457763672,10.020000457763672,0.46560382527898875,3.4055819573866053,0.3300008773803711
2019-03-26,10.220000267028809,10.65999984741211,10.109999656677246,10.56999969482422,10.56999969482422,1.0079975487325057,5.4890140911560525,0.5499992370605487
2019-03-27,10.5,10.8100004196167,10.449999809265137,10.760000228881836,10.760000228881836,1.2420183403425828,1.7975453126138907,0.1900005340576154
2019-03-28,10.630000114440918,11.300000190734863,10.630000114440918,11.029999732971191,11.029999732971191,1.9050201438059784,2.5092890180859584,0.26999950408935547
2019-03-29,11.3100004196167,11.3100004196167,10.729999542236328,10.890000343322754,10.890000343322754,0.5396133289214143,-1.2692601363347933,-0.1399993896484375
2019-04-01,10.979999542236328,11.40999984741211,10.890000343322754,11.229999542236328,11.229999542236328,0.5005527575545786,3.1221229402627726,0.3399991989135742
2019-04-02,11.300000190734863,11.300000190734863,11.020000457763672,11.1899995803833,11.1899995803833,0.5056923064186359,-0.35618845488449846,-0.039999961853027344
2019-04-03,11.289999961853027,11.40999984741211,11.0,11.039999961853027,11.039999961853027,0.2562528682163869,-1.3404792149700473,-0.14999961853027344
2019-04-04,11.06999969482422,11.640000343322754,11.0600004196167,11.609999656677246,11.609999656677246,0.596148366426045,5.163040731827562,0.5699996948242188
2019-04-05,11.670000076293944,12.015000343322754,11.529999732971191,11.960000038146973,11.960000038146973,1.2320818792054054,3.014645924372883,0.35000038146972656
2019-04-08,12.0,12.109999656677246,11.81999969482422,12.039999961853027,12.039999961853027,0.3266646876539723,0.668895681027526,0.07999992370605469
2019-04-09,11.90999984741211,11.93000030517578,11.59000015258789,11.59000015258789,11.59000015258789,0.37686094822626554,-3.7375399559044453,-0.4499998092651367
2019-04-10,11.670000076293944,11.9399995803833,11.670000076293944,11.770000457763672,11.770000457763672,0.6179057899505543,1.5530655979809405,0.18000030517578125
2019-04-11,11.720000267028809,11.899999618530272,11.460000038146973,11.56999969482422,11.56999969482422,0.21171011139455667,-1.6992417600759535,-0.20000076293945135
2019-04-12,11.789999961853027,12.380000114440918,11.6899995803833,11.880000114440918,11.880000114440918,1.3581721446702784,2.679346826217932,0.31000041961669744
2019-04-15,11.779999732971191,11.960000038146973,11.6899995803833,11.699999809265137,11.699999809265137,0.17796040718724687,-1.515154069375635,-0.18000030517578125
2019-04-16,11.850000381469728,12.260000228881836,11.795000076293944,12.210000038146973,12.210000038146973,0.3818291787948543,4.358976386289948,0.5100002288818359
2019-04-17,12.25,12.390000343322754,12.15999984741211,12.1899995803833,12.1899995803833,0.3066204470841487,-0.1638039123766255,-0.020000457763671875
2019-04-18,12.18000030517578,12.5,11.779999732971191,11.850000381469728,11.850000381469728,0.6619345918859788,-2.789164976352543,-0.33999919891357244
2019-04-22,12.010000228881836,12.140000343322754,11.75,12.079999923706056,12.079999923706056,0.6047142811994738,1.9409243445762892,0.22999954223632812
2019-04-23,12.079999923706056,12.199999809265137,11.920000076293944,11.949999809265137,11.949999809265137,0.37377721890783117,-1.0761598945526862,-0.13000011444091975
2019-04-24,11.90999984741211,11.90999984741211,11.460000038146973,11.460000038146973,11.460000038146973,0.5898095894937075,-4.100416560159736,-0.48999977111816406
2019-04-25,11.43000030517578,11.5600004196167,11.109999656677246,11.130000114440918,11.130000114440918,0.5916940907438619,-2.8795804765059496,-0.3299999237060547
2019-04-26,10.970000267028809,11.119999885559082,10.857999801635742,10.989999771118164,10.989999771118164,0.9065771178151077,-1.2578647069473647,-0.1400003433227539
2019-04-29,10.970000267028809,11.21500015258789,10.880000114440918,11.100000381469728,11.100000381469728,0.9202825814525939,1.0009154926522212,0.11000061035156428
2019-04-30,11.25,11.3100004196167,10.31999969482422,10.489999771118164,10.489999771118164,1.7037211466303996,-5.495500805296327,-0.6100006103515643
2019-05-01,10.479999542236328,10.65999984741211,10.229999542236328,10.369999885559082,10.369999885559082,0.8246869725811276,-1.143945549831893,-0.11999988555908203
2019-05-02,10.3100004196167,10.600000381469728,10.149999618530272,10.350000381469728,10.350000381469728,0.3366011487911498,-0.19285925082028754,-0.019999504089353692
2019-05-03,10.510000228881836,10.649999618530272,10.40999984741211,10.59000015258789,10.59000015258789,0.9019515238374561,2.318838282826041,0.2399997711181623
2019-05-06,10.34000015258789,10.760000228881836,10.34000015258789,10.68000030517578,10.68000030517578,0.4822216999394408,0.8498597855628454,0.09000015258788885
2019-05-07,10.329999923706056,10.800000190734863,10.260000228881836,10.600000381469728,10.600000381469728,2.1054625495042143,-0.7490629346450617,-0.07999992370605113
2019-05-08,10.649999618530272,10.779999732971191,9.539999961853027,10.34000015258789,10.34000015258789,2.055780243818327,-2.452832259670046,-0.2600002288818377
2019-05-09,10.15999984741211,10.239999771118164,9.520000457763672,9.529999732971191,9.529999732971191,1.467130580588294,-7.833659648583014,-0.8100004196166992
2019-05-10,9.4399995803833,9.630000114440918,9.135000228881836,9.5,9.5,1.7462080839066068,-0.3147925898402737,-0.029999732971191406
2019-05-13,9.359999656677246,9.583000183105469,8.850000381469727,8.949999809265137,8.949999809265137,0.7332030028009071,-5.789475691945933,-0.5500001907348633
2019-05-14,9.010000228881836,9.5600004196167,9.010000228881836,9.479999542236328,9.479999542236328,1.6828203145832332,5.921784852135192,0.5299997329711914
2019-05-15,9.34000015258789,9.640000343322754,9.229999542236328,9.420000076293944,9.420000076293944,0.23106907878250593,-0.6329057894472245,-0.05999946594238459
2019-05-16,9.510000228881836,9.949999809265137,9.470000267028809,9.670000076293944,9.670000076293944,0.5283063214204882,2.653927791668931,0.25
2019-05-17,9.520000457763672,9.68000030517578,8.970000267028809,9.010000228881836,9.010000228881836,0.6203042460871144,-6.825231046586033,-0.6599998474121076
2019-05-20,8.930000305175781,9.020000457763672,8.649999618530273,8.729999542236328,8.729999542236328,0.7741480754178972,-3.1076656995851937,-0.2800006866455078
2019-05-21,8.789999961853027,8.869999885559082,8.670000076293945,8.819999694824219,8.819999694824219,0.9519764661142808,1.0309296369657828,0.09000015258789062
2019-05-22,8.760000228881836,8.800000190734863,8.319999694824219,8.420000076293945,8.420000076293945,0.6806082860920537,-4.535143224154559,-0.39999961853027344
2019-05-23,8.149999618530273,8.1899995803833,7.75,7.989999771118164,7.989999771118164,0.5514342913087462,-5.106891939186841,-0.43000030517578125
2019-05-24,8.149999618530273,8.154999732971191,7.809999942779541,7.949999809265137,7.949999809265137,0.21976207128157982,-0.500625319134762,-0.039999961853027344
2019-05-28,7.940000057220459,7.994999885559082,7.820000171661377,7.849999904632568,7.849999904632568,0.2971979408333769,-1.257860465808136,-0.09999990463256836
2019-05-29,7.679999828338623,7.989999771118164,7.579999923706055,7.820000171661377,7.820000171661377,0.9682517041837957,-0.3821622080974474,-0.029999732971191406
2019-05-30,7.840000152587891,7.889999866485596,7.545000076293945,7.570000171661377,7.570000171661377,0.39570596072780906,-3.196930876113868,-0.25
2019-05-31,7.380000114440918,7.5,7.21999979019165,7.340000152587891,7.340000152587891,0.26773119401278156,-3.038309297990527,-0.23000001907348633
2019-06-03,7.349999904632568,7.570000171661377,7.199999809265137,7.539999961853027,7.539999961853027,1.192849989543101,2.7247929851148767,0.19999980926513672
2019-06-04,7.670000076293945,7.900000095367432,7.53000020980835,7.550000190734863,7.550000190734863,1.103593157603972,0.13262903093407274,0.010000228881835938
2019-06-05,7.519999980926514,7.559999942779541,6.920000076293945,7.03000020980835,7.03000020980835,0.5721638050604441,-6.887416791918,-0.5199999809265137
2019-06-06,6.989999771118164,7.210000038146973,6.659999847412109,6.96999979019165,6.96999979019165,0.6941424314340714,-0.8534910074822766,-0.06000041961669922
2019-06-07,7.0,7.230000019073486,6.824999809265137,7.119999885559082,7.119999885559082,0.7672953435991541,2.152081777369852,0.15000009536743164
2019-06-10,7.119999885559082,7.570000171661377,7.119999885559082,7.349999904632568,7.349999904632568,1.5276059388887018,3.2303373984594597,0.23000001907348633
2019-06-11,7.460000038146973,7.894999980926514,7.460000038146973,7.579999923706055,7.579999923706055,1.5613556430960116,3.1292520007860425,0.23000001907348633
2019-06-12,7.449999809265137,7.619999885559082,7.170000076293945,7.190000057220459,7.190000057220459,0.6011165969946337,-5.145117023891932,-0.3899998664855957
2019-06-13,7.360000133514404,7.449999809265137,7.050000190734863,7.440000057220459,7.440000057220459,0.8539824011062543,3.4770514326900592,0.25
2019-06-14,7.409999847412109,7.440000057220459,6.980000019073486,6.989999771118164,6.989999771118164,0.2942855298104111,-6.048390895717448,-0.4500002861022949
2019-06-18,7.480000019073486,7.78000020980835,7.114999771118164,7.289999961853027,7.289999961853027,3.7093444316810382,4.291848362777184,0.3000001907348633
2019-06-19,7.289999961853027,7.400000095367432,7.070000171661377,7.239999771118164,7.239999771118164,1.8529393819835307,-0.6858736762208939,-0.05000019073486328
2019-06-20,7.46999979019165,7.71999979019165,7.409999847412109,7.599999904632568,7.599999904632568,1.8611626601660225,4.972377691923668,0.3600001335144043
2019-06-21,7.519999980926514,7.705999851226807,7.269999980926514,7.429999828338623,7.429999828338623,1.4450305204728473,-2.23684313719954,-0.1700000762939453
2019-06-24,7.420000076293945,7.489999771118164,7.059999942779541,7.230000019073486,7.230000019073486,1.853624655165405,-2.6917875354763976,-0.19999980926513672
2019-06-25,7.130000114440918,7.139999866485596,6.78000020980835,6.929999828338623,6.929999828338623,2.568878538746717,-4.149380220517729,-0.3000001907348633
2019-06-26,7.070000171661377,7.349999904632568,6.965000152587891,7.159999847412109,7.159999847412109,2.5085744987417775,3.3189036763457747,0.23000001907348633
2019-06-27,7.190000057220459,7.199999809265137,6.980000019073486,7.019999980926514,7.019999980926514,1.4993384201363864,-1.955305439513333,-0.1399998664855957
2019-07-01,6.940000057220459,7.059999942779541,6.630000114440918,6.699999809265137,6.699999809265137,2.5094310902191204,-4.558407016108601,-0.32000017166137695
2019-07-02,6.710000038146973,6.730000019073486,6.429999828338623,6.539999961853027,6.539999961853027,3.375959028699186,-2.388057492044293,-0.15999984741210938
2019-07-03,6.550000190734863,6.570000171661377,6.360000133514404,6.5,6.5,0.36024307356581353,-0.6116202153874872,-0.039999961853027344
2019-07-05,6.449999809265137,6.710000038146973,6.420000076293945,6.650000095367432,6.650000095367432,1.4039141295603887,2.307693774883557,0.15000009536743164
2019-07-08,6.590000152587891,6.835000038146973,6.559999942779541,6.659999847412109,6.659999847412109,1.7225661591319432,0.15037220904168258,0.009999752044677734
2019-07-09,6.599999904632568,6.679999828338623,6.5,6.619999885559082,6.619999885559082,1.5234942997974559,-0.6006000415836432,-0.039999961853027344
2019-07-10,6.659999847412109,6.989999771118164,6.659999847412109,6.900000095367432,6.900000095367432,2.042931371658183,4.2296104931836,0.2800002098083496
2019-07-11,6.920000076293945,7.03000020980835,6.864999771118164,6.909999847412109,6.909999847412109,0.8359939800820537,0.14492394067344705,0.009999752044677734
2019-07-12,6.920000076293945,6.949999809265137,6.769999980926514,6.840000152587891,6.840000152587891,1.035922430893884,-1.01302020795897,-0.06999969482421875
2019-07-15,6.880000114440918,6.949999809265137,6.610000133514404,6.679999828338623,6.679999828338623,1.5831130666205209,-2.3391859748531196,-0.16000032424926758
2019-07-16,6.679999828338623,6.889999866485596,6.519999980926514,6.550000190734863,6.550000190734863,3.3430659159692193,-1.9461024093482937,-0.12999963760375977
2019-07-17,6.510000228881836,6.539999961853027,6.059999942779541,6.079999923706055,6.079999923706055,2.1186540582552946,-7.1755763869081335,-0.4700002670288086
2019-07-18,6.019999980926514,6.070000171661377,5.699999809265137,5.739999771118164,5.739999771118164,2.0324809556346,-5.59210784299885,-0.3400001525878906
2019-07-19,5.730000019073486,5.909999847412109,5.599999904632568,5.849999904632568,5.849999904632568,2.256051331221094,1.9163787090705098,0.1100001335144043
2019-07-22,5.869999885559082,6.039999961853027,5.71999979019165,5.889999866485596,5.889999866485596,1.590822389916607,0.6837600428224233,0.039999961853027344
2019-07-23,5.889999866485596,6.070000171661377,5.889999866485596,5.96999979019165,5.96999979019165,1.040376706576067,1.3582330308911983,0.07999992370605469
2019-07-24,5.960000038146973,6.039999961853027,5.809999942779541,5.900000095367432,5.900000095367432,1.6129224500320534,-1.172524242617634,-0.06999969482421875
2019-07-25,5.909999847412109,5.929999828338623,5.414999961853027,5.550000190734863,5.550000190734863,2.7840543178552504,-5.932201677545423,-0.34999990463256836
2019-07-26,5.570000171661377,5.579999923706055,5.199999809265137,5.300000190734863,5.300000190734863,2.639804313070708,-4.504504349699811,-0.25
2019-07-29,5.300000190734863,5.369999885559082,4.960000038146973,5.0,5.0,3.233764843460267,-5.660380753557426,-0.3000001907348633
2019-08-01,6.260000228881836,6.289999961853027,5.552000045776367,5.71999979019165,5.71999979019165,4.280348310477808,14.399995803832999,0.7199997901916504
2019-08-02,5.730000019073486,5.940000057220459,5.559999942779541,5.619999885559082,5.619999885559082,4.069798125346926,-1.748250145114394,-0.09999990463256836
2019-08-05,5.5,5.710000038146973,5.230000019073486,5.639999866485596,5.639999866485596,3.1153839012914797,0.35587155398177917,0.019999980926513672
2019-08-06,5.710000038146973,5.710000038146973,5.170000076293945,5.389999866485596,5.389999866485596,3.0595341369687232,-4.432624218407655,-0.25
2019-08-07,5.260000228881836,5.635000228881836,5.199999809265137,5.579999923706055,5.579999923706055,2.8849607938862425,3.5250475311114027,0.19000005722045898
2019-08-08,5.619999885559082,5.690000057220459,5.429999828338623,5.610000133514404,5.610000133514404,1.9632683642652948,0.5376381759593984,0.03000020980834961
2019-08-09,5.630000114440918,5.630000114440918,5.09499979019165,5.320000171661377,5.320000171661377,2.650597365685228,-5.169339660449457,-0.28999996185302734
2019-08-12,5.260000228881836,5.329999923706055,5.099999904632568,5.320000171661377,5.320000171661377,1.8829200836905318,0.0,0.0
2019-08-13,5.329999923706055,5.579999923706055,5.230000019073486,5.309999942779541,5.309999942779541,2.426170398621392,-0.18797422103677963,-0.010000228881835938
2019-08-14,5.130000114440918,5.28000020980835,4.909999847412109,5.010000228881836,5.010000228881836,2.4676294261247875,-5.649712187014999,-0.2999997138977051
2019-08-15,4.96999979019165,5.125,4.860000133514404,5.050000190734863,5.050000190734863,1.9780017376755925,0.7984023957211539,0.039999961853027344
2019-08-16,5.119999885559082,5.340000152587891,5.070000171661377,5.309999942779541,5.309999942779541,1.907589918238007,5.1485097470232555,0.25999975204467773
2019-08-19,5.460000038146973,5.489999771118164,5.335000038146973,5.429999828338623,5.429999828338623,1.2834773678459785,2.259884874805995,0.11999988555908203
2019-08-20,5.360000133514404,5.554999828338623,5.329999923706055,5.480000019073486,5.480000019073486,1.5803719738930238,0.9208138547982525,0.05000019073486328
2019-08-21,5.590000152587891,5.590000152587891,5.400000095367432,5.5,5.5,1.08697528294352,0.36496315432303916,0.019999980926513672
2019-08-22,5.5,5.53000020980835,5.199999809265137,5.199999809265137,5.199999809265137,1.0730985010105651,-5.454548922452062,-0.3000001907348633
2019-08-23,5.099999904632568,5.195000171661377,4.960000038146973,4.96999979019165,4.96999979019165,1.1428250472662762,-4.423077452112256,-0.23000001907348633
2019-08-26,5.059999942779541,5.110000133514404,4.900000095367432,4.900000095367432,4.900000095367432,1.388838119559154,-1.4084446233250114,-0.06999969482421875
2019-08-27,4.949999809265137,5.010000228881836,4.800000190734863,4.800000190734863,4.800000190734863,1.3663954228527702,-2.0408143405366563,-0.09999990463256836
2019-08-28,4.820000171661377,5.070000171661377,4.690000057220459,4.980000019073486,4.980000019073486,2.0842190808661107,3.7499962747098436,0.17999982833862305
2019-08-29,5.039999961853027,5.349999904632568,5.039999961853027,5.269999980926514,5.269999980926514,2.6593345987541257,5.823292384383993,0.28999996185302734
2019-08-30,5.260000228881836,5.5,5.21999979019165,5.300000190734863,5.300000190734863,1.9910219281312043,0.5692639452927528,0.03000020980834961
2019-09-03,5.159999847412109,5.25,4.934999942779541,5.159999847412109,5.159999847412109,2.1292757925743464,-2.641515816687967,-0.1400003433227539
2019-09-04,5.28000020980835,5.300000190734863,5.125,5.150000095367432,5.150000095367432,3.404740502337907,-0.19379365000743443,-0.009999752044677734
2019-09-05,5.21999979019165,5.565000057220459,5.179999828338623,5.440000057220459,5.440000057220459,1.9421962139226596,5.631067116171318,0.28999996185302734
2019-09-06,5.400000095367432,5.610000133514404,5.179999828338623,5.590000152587891,5.590000152587891,2.5337582881756586,2.7573546652511105,0.15000009536743164
2019-09-09,5.460000038146973,5.860000133514404,5.460000038146973,5.829999923706055,5.829999923706055,2.116426920414203,4.293376825885353,0.23999977111816406
2019-09-10,5.889999866485596,6.25,5.809999942779541,5.960000038146973,5.960000038146973,3.687929644747466,2.2298476182188054,0.13000011444091797
2019-09-12,5.980000019073486,6.230000019073486,5.730000019073486,6.139999866485596,6.139999866485596,4.170019328196044,3.0201313286331244,0.17999982833862305
2019-09-13,6.21999979019165,6.570000171661377,6.130000114440918,6.269999980926514,6.269999980926514,3.1117862170866393,2.117265753546782,0.13000011444091797
2019-09-17,6.849999904632568,6.925000190734863,6.255000114440918,6.5,6.5,1.9276341588078305,3.6682618783596688,0.23000001907348633
2019-09-18,6.400000095367432,6.650000095367432,6.28000020980835,6.380000114440918,6.380000114440918,1.6994381892436852,-1.846152085524344,-0.11999988555908203
2019-09-19,6.429999828338623,6.460000038146973,6.300000190734863,6.320000171661377,6.320000171661377,1.445544475359253,-0.9404379577318989,-0.059999942779541016
2019-09-20,6.329999923706055,6.440000057220459,6.179999828338623,6.199999809265137,6.199999809265137,3.5738316599653936,-1.898739859760079,-0.12000036239624023
2019-09-23,6.110000133514404,6.550000190734863,6.079999923706055,6.519999980926514,6.519999980926514,2.5433521127218985,5.161293250092935,0.32000017166137695
2019-09-24,6.46999979019165,6.5,5.974999904632568,6.090000152587891,6.090000152587891,2.4863031203308625,-6.5950894109898295,-0.42999982833862305
2019-09-25,5.960000038146973,6.195000171661377,5.820000171661377,6.170000076293945,6.170000076293945,2.298366950201833,1.313627614148083,0.07999992370605469
2019-09-26,6.090000152587891,6.114999771118164,5.920000076293945,5.960000038146973,5.960000038146973,1.608982129236276,-3.40356621637371,-0.21000003814697266
2019-09-27,5.880000114440918,6.114999771118164,5.869999885559082,6.099999904632568,6.099999904632568,2.836135079677698,2.3489910333813313,0.1399998664855957
2019-09-30,6.079999923706055,6.130000114440918,6.019999980926514,6.059999942779541,6.059999942779541,1.842660284255416,-0.6557370898096271,-0.039999961853027344
2019-10-01,6.039999961853027,6.170000076293945,5.610000133514404,5.650000095367432,5.650000095367432,1.228141558409628,-6.765674113588438,-0.4099998474121094
2019-10-02,5.590000152587891,5.690000057220459,5.364999771118164,5.559999942779541,5.559999942779541,2.3470213461149085,-1.5929230277656803,-0.09000015258789062
2019-10-03,5.53000020980835,5.730000019073486,5.360000133514404,5.659999847412109,5.659999847412109,2.5049768145369375,1.7985594543473482,0.09999990463256836
2019-10-04,5.71999979019165,5.829999923706055,5.46999979019165,5.579999923706055,5.579999923706055,2.6278120323879075,-1.4134262519924334,-0.07999992370605469
2019-10-09,133.0,133.0,133.0,133.0,133.0,-0.3104920377550337,2283.512577392039,127.42000007629395
2019-10-18,133.0,133.0,133.0,133.0,133.0,-0.4209683537709007,0.0,0.0
2019-10-31,4.519999980926514,4.579999923706055,4.300000190734863,4.324999809265137,4.324999809265137,2.490928714308514,-96.74812044416156,-128.67500019073486
2019-11-01,4.369999885559082,4.460000038146973,4.239999771118164,4.380000114440918,4.380000114440918,3.6420163415618876,1.271683412747393,0.05500030517578125
2019-11-05,4.78000020980835,4.78000020980835,4.480000019073486,4.519999980926514,4.519999980926514,3.917324842379892,3.1963439001751137,0.1399998664855957
2019-11-11,5.309999942779541,5.389999866485596,5.039999961853027,5.300000190734863,5.300000190734863,3.1965887733435854,17.256641882738787,0.7800002098083496
2019-11-12,5.309999942779541,5.309999942779541,5.090000152587891,5.170000076293945,5.170000076293945,1.9744040534707523,-2.4528322596700347,-0.13000011444091797
2019-11-13,5.179999828338623,5.179999828338623,4.809999942779541,4.829999923706055,4.829999923706055,3.3612256552888886,-6.576405175444711,-0.3400001525878906
2019-11-14,4.840000152587891,5.010000228881836,4.75,4.769999980926514,4.769999980926514,1.992392474494953,-1.2422348597782795,-0.059999942779541016
2019-11-15,4.840000152587891,5.025000095367432,4.829999923706055,4.909999847412109,4.909999847412109,1.8164485850487238,2.935007694872205,0.1399998664855957
2019-11-18,4.880000114440918,4.880000114440918,4.590000152587891,4.739999771118164,4.739999771118164,2.174503822578051,-3.462323453707361,-0.1700000762939453
2019-11-19,4.75,4.75,4.480000019073486,4.670000076293945,4.670000076293945,2.2024287047394293,-1.4767868819475893,-0.06999969482421875
2019-11-20,4.699999809265137,4.75,4.420000076293945,4.570000171661377,4.570000171661377,2.608110428409021,-2.141325546014272,-0.09999990463256836
2019-11-21,4.590000152587891,4.659999847412109,4.449999809265137,4.599999904632568,4.599999904632568,1.2226593729546336,0.6564492744928208,0.029999732971191406
2019-11-22,4.619999885559082,4.71999979019165,4.545000076293945,4.659999847412109,4.659999847412109,0.8632335890615576,1.3043466092057088,0.059999942779541016
2019-11-25,4.679999828338623,4.889999866485596,4.650000095367432,4.829999923706055,4.829999923706055,2.716040954554225,3.6480704261901087,0.1700000762939453
2019-11-26,4.820000171661377,4.849999904632568,4.639999866485596,4.71999979019165,4.71999979019165,1.1008520648764748,-2.277435512462722,-0.1100001335144043
2019-11-27,4.78000020980835,4.96999979019165,4.71999979019165,4.940000057220459,4.940000057220459,1.1167846663550525,4.66102281372931,0.2200002670288086
2019-11-29,4.849999904632568,4.914999961853027,4.739999771118164,4.789999961853027,4.789999961853027,0.30028167015181134,-3.0364391423070236,-0.15000009536743164
2019-12-02,5.0,5.179999828338623,4.900000095367432,5.079999923706055,5.079999923706055,4.103376511258767,6.0542790013058845,0.28999996185302734
2019-12-03,4.989999771118164,5.139999866485596,4.940000057220459,5.079999923706055,5.079999923706055,3.3043479811933207,0.0,0.0
2019-12-04,5.210000038146973,5.320000171661377,5.090000152587891,5.260000228881836,5.260000228881836,2.207396935308018,3.5433131472266677,0.18000030517578125
2019-12-05,5.340000152587891,5.340000152587891,5.039999961853027,5.139999866485596,5.139999866485596,2.6343221276157136,-2.2813756116841444,-0.12000036239624023
2019-12-06,5.199999809265137,5.550000190734863,5.110000133514404,5.5,5.5,3.234450116642141,7.003893830070251,0.3600001335144043
2019-12-09,5.420000076293945,5.619999885559082,5.400000095367432,5.590000152587891,5.590000152587891,2.7177541375089107,1.6363664106889164,0.09000015258789062
2019-12-10,5.619999885559082,5.800000190734863,5.449999809265137,5.670000076293945,5.670000076293945,3.8155617748715565,1.4311256086284585,0.07999992370605469
2019-12-11,5.800000190734863,6.09499979019165,5.599999904632568,5.920000076293945,5.920000076293945,2.665844693981932,4.409171016509172,0.25
2019-12-12,5.989999771118164,6.320000171661377,5.989999771118164,6.269999980926514,6.269999980926514,2.8152342476305314,5.912160475032913,0.34999990463256836
2019-12-13,6.25,6.380000114440918,6.150000095367432,6.369999885559082,6.369999885559082,3.057992272309506,1.5948948155784848,0.09999990463256836
2019-12-16,6.420000076293945,6.760000228881836,6.369999885559082,6.639999866485596,6.639999866485596,3.1020210742449303,4.238618301055386,0.26999998092651367
2019-12-17,6.860000133514404,6.860000133514404,6.630000114440918,6.789999961853027,6.789999961853027,4.059347709323343,2.2590376262586087,0.15000009536743164
2019-12-18,6.75,6.9079999923706055,6.659999847412109,6.739999771118164,6.739999771118164,1.8342656877774557,-0.7363798382293063,-0.05000019073486328
2019-12-19,6.739999771118164,6.889999866485596,6.699999809265137,6.730000019073486,6.730000019073486,2.493327170445074,-0.14836427869816537,-0.009999752044677734
2019-12-23,6.690000057220459,6.929999828338623,6.539999961853027,6.909999847412109,6.909999847412109,1.4535964352462762,2.6745888236030524,0.17999982833862305
2019-12-24,6.929999828338623,6.989999771118164,6.849999904632568,6.900000095367432,6.900000095367432,0.18481313900598997,-0.14471421513015947,-0.009999752044677734
2019-12-26,6.96999979019165,6.96999979019165,6.769999980926514,6.809999942779541,6.809999942779541,0.73405959427825,-1.3043500194777624,-0.09000015258789062
2019-12-27,6.840000152587891,6.840000152587891,6.510000228881836,6.539999961853027,6.539999961853027,1.8251858181176213,-3.964757462484081,-0.26999998092651367
2019-12-30,6.559999942779541,6.699999809265137,6.460000038146973,6.690000057220459,6.690000057220459,1.7845833820915682,2.29357945324713,0.15000009536743164
2019-12-31,6.630000114440918,6.829999923706055,6.53000020980835,6.699999809265137,6.699999809265137,2.1058051860951514,0.14947312345512387,0.009999752044677734
2020-01-02,6.75,6.760000228881836,6.380000114440918,6.510000228881836,6.510000228881836,3.0459999916267058,-2.8358147133162426,-0.18999958038330078
2020-01-03,6.710000038146973,6.78000020980835,6.505000114440918,6.71999979019165,6.71999979019165,2.016719672451491,3.225799599486101,0.20999956130981445
2020-01-06,6.869999885559082,7.139999866485596,6.820000171661377,7.010000228881836,7.010000228881836,3.2642595000536736,4.315482853339714,0.29000043869018555
2020-01-07,7.03000020980835,7.03000020980835,6.75,6.869999885559082,6.869999885559082,1.8304966852771472,-1.9971517653585735,-0.1400003433227539
2020-01-08,6.900000095367432,6.940000057220459,6.28000020980835,6.46999979019165,6.46999979019165,3.2817339661914686,-5.822417787928091,-0.40000009536743164
2020-01-09,6.559999942779541,6.639999866485596,6.420000076293945,6.579999923706055,6.579999923706055,1.3682799241029244,1.7001566782299138,0.1100001335144043
2020-01-10,6.519999980926514,6.684999942779541,6.400000095367432,6.619999885559082,6.619999885559082,1.9658381386973234,0.6079021628696113,0.039999961853027344
2020-01-13,6.610000133514404,6.625,6.420000076293945,6.429999828338623,6.429999828338623,1.4523972071779963,-2.8700915484141665,-0.19000005722045898
2020-01-14,6.369999885559082,6.460000038146973,6.179999828338623,6.409999847412109,6.409999847412109,1.705948284471491,-0.31104170233984263,-0.019999980926513672
2020-01-15,6.320000171661377,6.554999828338623,6.320000171661377,6.429999828338623,6.429999828338623,2.9015786685466947,0.31201219036827155,0.019999980926513672
2020-01-16,6.610000133514404,6.960000038146973,6.590000152587891,6.820000171661377,6.820000171661377,3.535627680075901,6.065324319355736,0.3900003433227539
2020-01-17,6.869999885559082,6.940000057220459,6.760000228881836,6.769999980926514,6.769999980926514,2.642374087502737,-0.7331406081575342,-0.05000019073486328
2020-01-21,6.760000228881836,6.760000228881836,6.21999979019165,6.239999771118164,6.239999771118164,3.8085377247573446,-7.828658955709722,-0.5300002098083496
2020-01-22,6.190000057220459,6.284999847412109,5.909999847412109,6.159999847412109,6.159999847412109,4.190406205356805,-1.2820501064172207,-0.07999992370605469
2020-01-23,6.050000190734863,6.159999847412109,5.78000020980835,5.860000133514404,5.860000133514404,3.1150412647005425,-4.870125346248811,-0.2999997138977051
2020-01-24,5.820000171661377,5.840000152587891,5.409999847412109,5.460000038146973,5.460000038146973,2.2308675417872132,-6.825940038461065,-0.40000009536743164
2020-01-27,5.25,5.320000171661377,5.130000114440918,5.190000057220459,5.190000057220459,2.387623782140962,-4.945054561174455,-0.26999998092651367
2020-01-28,5.230000019073486,5.389999866485596,5.099999904632568,5.329999923706055,5.329999923706055,2.161654950417908,2.6974925807722094,0.1399998664855957
2020-01-29,5.400000095367432,5.570000171661377,5.300000190734863,5.300000190734863,5.300000190734863,1.6339946003746886,-0.5628467804992376,-0.029999732971191406
2020-01-30,5.190000057220459,5.400000095367432,5.130000114440918,5.380000114440918,5.380000114440918,1.3482356835331009,1.5094324684347349,0.07999992370605469
2020-01-31,5.260000228881836,5.28000020980835,5.050000190734863,5.150000095367432,5.150000095367432,2.120024604619043,-4.2750932003909,-0.23000001907348633
2020-02-03,5.190000057220459,5.190000057220459,4.820000171661377,4.849999904632568,4.849999904632568,1.9303752515353279,-5.825246314164567,-0.3000001907348633
2020-02-04,5.0,5.239999771118164,5.0,5.190000057220459,5.190000057220459,2.3694640428212925,7.010312562339083,0.3400001525878906
2020-02-05,5.300000190734863,5.78000020980835,5.300000190734863,5.739999771118164,5.739999771118164,2.9300175055944786,10.597296875411999,0.5499997138977051
2020-02-06,5.730000019073486,5.739999771118164,5.159999847412109,5.190000057220459,5.190000057220459,2.643915952161954,-9.581876930816746,-0.5499997138977051
2020-02-07,5.110000133514404,5.369999885559082,5.039999961853027,5.210000038146973,5.210000038146973,2.536842017494093,0.3853560829674585,0.019999980926513672
2020-02-10,5.119999885559082,5.130000114440918,5.019999980926514,5.059999942779541,5.059999942779541,3.2502113998252504,-2.8790805042063217,-0.15000009536743164
2020-02-11,5.170000076293945,5.269999980926514,5.059999942779541,5.179999828338623,5.179999828338623,3.279678146645846,2.3715392671163515,0.11999988555908203
2020-02-12,5.349999904632568,5.46999979019165,5.125,5.329999923706055,5.329999923706055,2.7799426787640047,2.8957548327861904,0.15000009536743164
2020-02-13,5.269999980926514,5.449999809265137,5.269999980926514,5.360000133514404,5.360000133514404,1.6682582594684041,0.5628557267875145,0.03000020980834961
2020-02-14,5.380000114440918,5.489999771118164,5.264999866485596,5.449999809265137,5.449999809265137,1.3720489266032332,1.6790983863599562,0.08999967575073242
2020-02-18,5.360000133514404,5.440000057220459,5.25,5.360000133514404,5.360000133514404,1.1674948818137514,-1.6513702550545184,-0.08999967575073242
2020-02-19,5.420000076293945,5.730000019073486,5.369999885559082,5.659999847412109,5.659999847412109,1.3497775481923182,5.597009448225587,0.2999997138977051
2020-02-20,5.670000076293945,5.809999942779541,5.610000133514404,5.739999771118164,5.739999771118164,1.6346798735565629,1.4134262519924334,0.07999992370605469
2020-02-21,5.659999847412109,5.659999847412109,5.360000133514404,5.510000228881836,5.510000228881836,1.6598636629904437,-4.006960825915218,-0.22999954223632812
2020-02-24,5.289999961853027,5.360000133514404,5.139999866485596,5.179999828338623,5.179999828338623,1.8558517930064966,-5.989117728406724,-0.3300004005432129
2020-02-25,5.199999809265137,5.199999809265137,4.940000057220459,5.119999885559082,5.119999885559082,3.2779649636911596,-1.1583000920443065,-0.059999942779541016
2020-02-26,5.139999866485596,5.15500020980835,4.809999942779541,4.889999866485596,4.889999866485596,2.3345151105457025,-4.492187972937256,-0.23000001907348633
2020-02-27,4.71999979019165,4.800000190734863,4.380000114440918,4.670000076293945,4.670000076293945,1.79520511641062,-4.498973337391165,-0.2199997901916504
2020-02-28,4.510000228881836,4.659999847412109,4.445000171661377,4.659999847412109,4.659999847412109,2.2772947998591975,-0.2141376599242406,-0.010000228881835938
2020-03-02,4.679999828338623,4.735000133514404,4.304999828338623,4.519999980926514,4.519999980926514,3.176544532773762,-3.004289078750577,-0.1399998664855957
2020-03-03,4.53000020980835,4.659999847412109,4.230000019073486,4.320000171661377,4.320000171661377,3.8470843412377747,-4.42477455993574,-0.19999980926513672
2020-03-04,4.429999828338623,4.480000019073486,4.239999771118164,4.349999904632568,4.349999904632568,1.845915331869319,0.6944382356275369,0.029999732971191406
2020-03-05,4.25,4.28000020980835,4.019999980926514,4.139999866485596,4.139999866485596,3.3106867581256583,-4.827587189676286,-0.21000003814697266
2020-03-17,1.0800000429153442,1.159999966621399,1.0199999809265137,1.159999966621399,1.159999966621399,4.280348310477808,-71.98067623112966,-2.9799998998641968
2020-03-18,1.1100000143051147,1.159999966621399,1.0199999809265137,1.0700000524520874,1.0700000524520874,3.8400602911235633,-7.758613513709323,-0.08999991416931152
2020-03-19,1.1200000047683716,1.340000033378601,1.0299999713897705,1.309999942779541,1.309999942779541,3.726990216114302,22.42989519275751,0.2399998903274536
2020-03-23,1.2000000476837158,1.2100000381469729,1.0700000524520874,1.090000033378601,1.090000033378601,2.4727689749888446,-16.793886947364822,-0.21999990940093994
2020-03-24,1.190000057220459,1.440000057220459,1.1050000190734863,1.440000057220459,1.440000057220459,3.0830047434479186,32.110092947152125,0.3500000238418579
2020-03-25,1.4500000476837158,1.4500000476837158,1.2000000476837158,1.25,1.25,3.2306811141418326,-13.194447893787176,-0.19000005722045898
2020-03-27,1.1200000047683716,1.2599999904632568,1.0,1.1200000047683716,1.1200000047683716,2.9892936358266065,-10.399999618530275,-0.12999999523162842
2020-03-30,1.100000023841858,1.1540000438690186,1.0099999904632568,1.0399999618530271,1.0399999618530271,2.3122437321347875,-7.142860944173779,-0.08000004291534446
2020-03-31,1.0700000524520874,1.190000057220459,1.059999942779541,1.1699999570846558,1.1699999570846558,2.2507404640615682,12.500000000000021,0.12999999523162864
2020-04-01,1.0700000524520874,1.149999976158142,1.0399999618530271,1.1100000143051147,1.1100000143051147,2.6420314509117997,-5.128200425668883,-0.059999942779541016
