Date,Open,High,Low,Close,Adj Close,Volume,Daily_Return,Adj Close Diff,Price_Diff
2000-02-15,17.33333396911621,17.33333396911621,17.33333396911621,17.33333396911621,8.986662864685059,-0.8354240453341367,,,
2000-02-16,17.33333396911621,17.33333396911621,17.33333396911621,17.33333396911621,8.986662864685059,-0.8354240453341367,0.0,0.0,0.0
2000-02-17,17.33333396911621,17.33333396911621,17.33333396911621,17.33333396911621,8.986662864685059,-0.8354240453341367,0.0,0.0,0.0
2000-02-18,17.33333396911621,17.33333396911621,17.33333396911621,17.33333396911621,8.986662864685059,-0.8354240453341367,0.0,0.0,0.0
2000-02-22,17.33333396911621,17.33333396911621,17.33333396911621,17.33333396911621,8.986662864685059,-0.8354240453341367,0.0,0.0,0.0
2000-02-23,17.33333396911621,17.33333396911621,17.33333396911621,17.33333396911621,8.986662864685059,-0.8354240453341367,0.0,0.0,0.0
2000-02-24,17.33333396911621,17.33333396911621,17.33333396911621,17.33333396911621,8.986662864685059,-0.8354240453341367,0.0,0.0,0.0
2000-02-25,17.33333396911621,17.33333396911621,17.33333396911621,17.33333396911621,8.986662864685059,-0.8354240453341367,0.0,0.0,0.0
2000-02-28,17.33333396911621,17.33333396911621,17.33333396911621,17.33333396911621,8.986662864685059,-0.8354240453341367,0.0,0.0,0.0
2000-02-29,17.33333396911621,17.33333396911621,17.33333396911621,17.33333396911621,8.986662864685059,-0.8354240453341367,0.0,0.0,0.0
2000-03-01,17.33333396911621,17.33333396911621,17.33333396911621,17.33333396911621,8.986662864685059,-0.8354240453341367,0.0,0.0,0.0
2000-03-02,17.33333396911621,17.33333396911621,17.33333396911621,17.33333396911621,8.986662864685059,-0.8354240453341367,0.0,0.0,0.0
2000-03-03,17.33333396911621,17.33333396911621,17.33333396911621,17.33333396911621,8.986662864685059,-0.8354240453341367,0.0,0.0,0.0
2000-03-06,17.33333396911621,17.33333396911621,17.33333396911621,17.33333396911621,8.986662864685059,-0.8354240453341367,0.0,0.0,0.0
2000-03-07,17.33333396911621,17.33333396911621,17.33333396911621,17.33333396911621,8.986662864685059,-0.8354240453341367,0.0,0.0,0.0
2000-03-08,17.33333396911621,17.33333396911621,17.33333396911621,17.33333396911621,8.986662864685059,-0.8354240453341367,0.0,0.0,0.0
2000-03-09,17.33333396911621,17.33333396911621,17.33333396911621,17.33333396911621,8.986662864685059,-0.8354240453341367,0.0,0.0,0.0
2000-03-10,17.33333396911621,17.33333396911621,17.33333396911621,17.33333396911621,8.986662864685059,-0.8354240453341367,0.0,0.0,0.0
2000-03-13,17.33333396911621,17.33333396911621,17.33333396911621,17.33333396911621,8.986662864685059,-0.8354240453341367,0.0,0.0,0.0
2000-03-14,17.33333396911621,17.33333396911621,17.33333396911621,17.33333396911621,8.986662864685059,-0.8354240453341367,0.0,0.0,0.0
2000-03-15,17.33333396911621,17.33333396911621,17.33333396911621,17.33333396911621,8.986662864685059,-0.8354240453341367,0.0,0.0,0.0
2000-03-16,17.33333396911621,17.33333396911621,17.33333396911621,17.33333396911621,8.986662864685059,-0.8354240453341367,0.0,0.0,0.0
2000-03-17,17.33333396911621,17.33333396911621,17.33333396911621,17.33333396911621,8.986662864685059,-0.8354240453341367,0.0,0.0,0.0
2000-03-20,17.33333396911621,17.33333396911621,17.33333396911621,17.33333396911621,8.986662864685059,-0.8354240453341367,0.0,0.0,0.0
2000-03-21,17.33333396911621,17.33333396911621,17.33333396911621,17.33333396911621,8.986662864685059,-0.8354240453341367,0.0,0.0,0.0
2000-03-22,17.33333396911621,17.33333396911621,17.33333396911621,17.33333396911621,8.986662864685059,-0.8354240453341367,0.0,0.0,0.0
2000-03-23,17.33333396911621,17.33333396911621,17.33333396911621,17.33333396911621,8.986662864685059,-0.8354240453341367,0.0,0.0,0.0
2000-03-24,17.33333396911621,17.33333396911621,17.33333396911621,17.33333396911621,8.986662864685059,-0.8354240453341367,0.0,0.0,0.0
2000-03-27,17.33333396911621,17.33333396911621,17.33333396911621,17.33333396911621,8.986662864685059,-0.8354240453341367,0.0,0.0,0.0
2000-03-28,17.33333396911621,17.33333396911621,17.33333396911621,17.33333396911621,8.986662864685059,-0.8354240453341367,0.0,0.0,0.0
2000-03-29,17.33333396911621,17.33333396911621,17.33333396911621,17.33333396911621,8.986662864685059,-0.8354240453341367,0.0,0.0,0.0
2000-03-30,17.33333396911621,17.33333396911621,17.33333396911621,17.33333396911621,8.986662864685059,-0.8354240453341367,0.0,0.0,0.0
2000-03-31,16.33333396911621,16.33333396911621,16.33333396911621,16.33333396911621,8.468196868896484,-0.7214812113624113,-5.769282809372911,-0.5184659957885742,-0.5184659957885742
2000-04-03,18.16666603088379,18.16666603088379,18.16666603088379,18.16666603088379,9.418706893920898,-0.7214812113624113,11.224467731916077,0.950510025024414,0.9505100250244141
2000-04-04,18.16666603088379,18.16666603088379,18.16666603088379,18.16666603088379,9.418706893920898,-0.8354240453341367,0.0,0.0,0.0
2000-04-05,18.16666603088379,18.16666603088379,18.16666603088379,18.16666603088379,9.418706893920898,-0.8354240453341367,0.0,0.0,0.0
2000-04-06,18.16666603088379,18.16666603088379,18.16666603088379,18.16666603088379,9.418706893920898,-0.8354240453341367,0.0,0.0,0.0
2000-04-07,18.16666603088379,18.16666603088379,18.16666603088379,18.16666603088379,9.418706893920898,-0.8354240453341367,0.0,0.0,0.0
2000-04-10,18.16666603088379,18.16666603088379,18.16666603088379,18.16666603088379,9.418706893920898,-0.8354240453341367,0.0,0.0,0.0
2000-04-11,18.16666603088379,18.16666603088379,18.16666603088379,18.16666603088379,9.418706893920898,-0.8354240453341367,0.0,0.0,0.0
2000-04-12,18.16666603088379,18.16666603088379,18.16666603088379,18.16666603088379,9.418706893920898,-0.8354240453341367,0.0,0.0,0.0
2000-04-13,18.16666603088379,18.16666603088379,18.16666603088379,18.16666603088379,9.418706893920898,-0.8354240453341367,0.0,0.0,0.0
2000-04-14,18.16666603088379,18.16666603088379,18.16666603088379,18.16666603088379,9.418706893920898,-0.8354240453341367,0.0,0.0,0.0
2000-04-17,18.16666603088379,18.16666603088379,18.16666603088379,18.16666603088379,9.418706893920898,-0.8354240453341367,0.0,0.0,0.0
2000-04-18,18.16666603088379,18.16666603088379,18.16666603088379,18.16666603088379,9.418706893920898,-0.8354240453341367,0.0,0.0,0.0
2000-04-19,18.16666603088379,18.16666603088379,18.16666603088379,18.16666603088379,9.418706893920898,-0.8354240453341367,0.0,0.0,0.0
2000-04-20,18.16666603088379,18.16666603088379,18.16666603088379,18.16666603088379,9.418706893920898,-0.8354240453341367,0.0,0.0,0.0
2000-04-24,18.16666603088379,18.16666603088379,18.16666603088379,18.16666603088379,9.418706893920898,-0.8354240453341367,0.0,0.0,0.0
2000-04-25,18.16666603088379,18.16666603088379,18.16666603088379,18.16666603088379,9.418706893920898,-0.8354240453341367,0.0,0.0,0.0
2000-04-26,18.16666603088379,18.16666603088379,18.16666603088379,18.16666603088379,9.418706893920898,-0.8354240453341367,0.0,0.0,0.0
2000-04-27,18.16666603088379,18.16666603088379,18.16666603088379,18.16666603088379,9.418706893920898,-0.8354240453341367,0.0,0.0,0.0
2000-04-28,18.16666603088379,18.16666603088379,18.16666603088379,18.16666603088379,9.418706893920898,-0.8354240453341367,0.0,0.0,0.0
2000-05-01,18.16666603088379,18.16666603088379,18.16666603088379,18.16666603088379,9.418706893920898,-0.8354240453341367,0.0,0.0,0.0
2000-05-02,18.16666603088379,18.16666603088379,18.16666603088379,18.16666603088379,9.418706893920898,-0.8354240453341367,0.0,0.0,0.0
2000-05-03,18.16666603088379,18.16666603088379,18.16666603088379,18.16666603088379,9.418706893920898,-0.8354240453341367,0.0,0.0,0.0
2000-05-04,18.16666603088379,18.16666603088379,18.16666603088379,18.16666603088379,9.418706893920898,-0.8354240453341367,0.0,0.0,0.0
2000-05-05,18.16666603088379,18.16666603088379,18.16666603088379,18.16666603088379,9.418706893920898,-0.8354240453341367,0.0,0.0,0.0
2000-05-08,18.16666603088379,18.16666603088379,18.16666603088379,18.16666603088379,9.418706893920898,-0.8354240453341367,0.0,0.0,0.0
2000-05-09,18.16666603088379,18.16666603088379,18.16666603088379,18.16666603088379,9.418706893920898,-0.8354240453341367,0.0,0.0,0.0
2000-05-10,18.16666603088379,18.16666603088379,18.16666603088379,18.16666603088379,9.418706893920898,-0.8354240453341367,0.0,0.0,0.0
2000-05-11,18.16666603088379,18.16666603088379,18.16666603088379,18.16666603088379,9.418706893920898,-0.8354240453341367,0.0,0.0,0.0
2000-05-12,18.16666603088379,18.16666603088379,18.16666603088379,18.16666603088379,9.418706893920898,-0.8354240453341367,0.0,0.0,0.0
2000-05-15,18.16666603088379,18.16666603088379,18.16666603088379,18.16666603088379,9.418706893920898,-0.8354240453341367,0.0,0.0,0.0
2000-05-16,18.16666603088379,18.16666603088379,18.16666603088379,18.16666603088379,9.418706893920898,-0.8354240453341367,0.0,0.0,0.0
2000-05-17,18.16666603088379,18.16666603088379,18.16666603088379,18.16666603088379,9.418706893920898,-0.8354240453341367,0.0,0.0,0.0
2000-05-18,18.16666603088379,18.16666603088379,18.16666603088379,18.16666603088379,9.418706893920898,-0.8354240453341367,0.0,0.0,0.0
2000-05-19,18.16666603088379,18.16666603088379,18.16666603088379,18.16666603088379,9.418706893920898,-0.8354240453341367,0.0,0.0,0.0
2000-05-22,18.16666603088379,18.16666603088379,18.16666603088379,18.16666603088379,9.418706893920898,-0.8354240453341367,0.0,0.0,0.0
2000-05-23,18.16666603088379,18.16666603088379,18.16666603088379,18.16666603088379,9.418706893920898,-0.8354240453341367,0.0,0.0,0.0
2000-05-24,18.16666603088379,18.16666603088379,18.16666603088379,18.16666603088379,9.418706893920898,-0.8354240453341367,0.0,0.0,0.0
2000-05-25,18.16666603088379,18.16666603088379,18.16666603088379,18.16666603088379,9.418706893920898,-0.8354240453341367,0.0,0.0,0.0
2000-05-26,18.16666603088379,18.16666603088379,18.16666603088379,18.16666603088379,9.418706893920898,-0.8354240453341367,0.0,0.0,0.0
2000-05-30,18.16666603088379,18.16666603088379,18.16666603088379,18.16666603088379,9.418706893920898,-0.8354240453341367,0.0,0.0,0.0
2000-05-31,18.16666603088379,18.16666603088379,18.16666603088379,18.16666603088379,9.418706893920898,-0.8354240453341367,0.0,0.0,0.0
2000-06-01,18.16666603088379,18.16666603088379,18.16666603088379,18.16666603088379,9.418706893920898,-0.8354240453341367,0.0,0.0,0.0
2000-06-02,18.16666603088379,18.16666603088379,18.16666603088379,18.16666603088379,9.418706893920898,-0.8354240453341367,0.0,0.0,0.0
2000-06-05,18.16666603088379,18.16666603088379,18.16666603088379,18.16666603088379,9.418706893920898,-0.8354240453341367,0.0,0.0,0.0
2000-06-06,18.16666603088379,18.16666603088379,18.16666603088379,18.16666603088379,9.418706893920898,-0.8354240453341367,0.0,0.0,0.0
2000-06-07,18.16666603088379,18.16666603088379,18.16666603088379,18.16666603088379,9.418706893920898,-0.8354240453341367,0.0,0.0,0.0
2000-06-08,18.16666603088379,18.16666603088379,18.16666603088379,18.16666603088379,9.418706893920898,-0.8354240453341367,0.0,0.0,0.0
2000-06-09,18.16666603088379,18.16666603088379,18.16666603088379,18.16666603088379,9.418706893920898,-0.8354240453341367,0.0,0.0,0.0
2000-06-12,18.16666603088379,18.16666603088379,18.16666603088379,18.16666603088379,9.418706893920898,-0.8354240453341367,0.0,0.0,0.0
2000-06-13,18.16666603088379,18.16666603088379,18.16666603088379,18.16666603088379,9.418706893920898,-0.8354240453341367,0.0,0.0,0.0
2000-06-14,18.16666603088379,18.16666603088379,18.16666603088379,18.16666603088379,9.418706893920898,-0.8354240453341367,0.0,0.0,0.0
2000-06-15,18.16666603088379,18.16666603088379,18.16666603088379,18.16666603088379,9.418706893920898,-0.8354240453341367,0.0,0.0,0.0
2000-06-16,18.16666603088379,18.16666603088379,18.16666603088379,18.16666603088379,9.418706893920898,-0.8354240453341367,0.0,0.0,0.0
2000-06-19,18.16666603088379,18.16666603088379,18.16666603088379,18.16666603088379,9.418706893920898,-0.8354240453341367,0.0,0.0,0.0
2000-06-20,18.16666603088379,18.16666603088379,18.16666603088379,18.16666603088379,9.418706893920898,-0.8354240453341367,0.0,0.0,0.0
2000-06-21,18.16666603088379,18.16666603088379,18.16666603088379,18.16666603088379,9.418706893920898,-0.8354240453341367,0.0,0.0,0.0
2000-06-22,18.16666603088379,18.16666603088379,18.16666603088379,18.16666603088379,9.418706893920898,-0.8354240453341367,0.0,0.0,0.0
2000-06-23,18.16666603088379,18.16666603088379,18.16666603088379,18.16666603088379,9.418706893920898,-0.8354240453341367,0.0,0.0,0.0
2000-06-26,18.16666603088379,18.16666603088379,18.16666603088379,18.16666603088379,9.418706893920898,-0.8354240453341367,0.0,0.0,0.0
2000-06-27,18.16666603088379,18.16666603088379,18.16666603088379,18.16666603088379,9.418706893920898,-0.8354240453341367,0.0,0.0,0.0
2000-06-28,18.16666603088379,18.16666603088379,18.16666603088379,18.16666603088379,9.418706893920898,-0.8354240453341367,0.0,0.0,0.0
2000-06-29,18.16666603088379,18.16666603088379,18.16666603088379,18.16666603088379,9.418706893920898,-0.8354240453341367,0.0,0.0,0.0
2000-06-30,18.16666603088379,18.16666603088379,18.16666603088379,18.16666603088379,9.418706893920898,-0.8354240453341367,0.0,0.0,0.0
2000-07-03,18.16666603088379,18.16666603088379,18.16666603088379,18.16666603088379,9.418706893920898,-0.8354240453341367,0.0,0.0,0.0
2000-07-05,18.16666603088379,18.16666603088379,18.16666603088379,18.16666603088379,9.418706893920898,-0.8354240453341367,0.0,0.0,0.0
2000-07-06,18.16666603088379,18.16666603088379,18.16666603088379,18.16666603088379,9.418706893920898,-0.8354240453341367,0.0,0.0,0.0
2000-07-07,18.16666603088379,18.16666603088379,18.16666603088379,18.16666603088379,9.418706893920898,-0.8354240453341367,0.0,0.0,0.0
2000-07-10,18.16666603088379,18.16666603088379,18.16666603088379,18.16666603088379,9.418706893920898,-0.8354240453341367,0.0,0.0,0.0
2000-07-11,18.16666603088379,18.16666603088379,18.16666603088379,18.16666603088379,9.418706893920898,-0.8354240453341367,0.0,0.0,0.0
2000-07-12,18.16666603088379,18.16666603088379,18.16666603088379,18.16666603088379,9.418706893920898,-0.8354240453341367,0.0,0.0,0.0
2000-07-13,18.16666603088379,18.16666603088379,18.16666603088379,18.16666603088379,9.418706893920898,-0.8354240453341367,0.0,0.0,0.0
2000-07-14,18.16666603088379,18.16666603088379,18.16666603088379,18.16666603088379,9.418706893920898,-0.8354240453341367,0.0,0.0,0.0
2000-07-17,18.16666603088379,18.16666603088379,18.16666603088379,18.16666603088379,9.418706893920898,-0.8354240453341367,0.0,0.0,0.0
2000-07-18,18.16666603088379,18.16666603088379,18.16666603088379,18.16666603088379,9.418706893920898,-0.8354240453341367,0.0,0.0,0.0
2000-07-19,18.16666603088379,18.16666603088379,18.16666603088379,18.16666603088379,9.418706893920898,-0.8354240453341367,0.0,0.0,0.0
2000-07-20,18.16666603088379,18.16666603088379,18.16666603088379,18.16666603088379,9.418706893920898,-0.8354240453341367,0.0,0.0,0.0
2000-07-21,18.16666603088379,18.16666603088379,18.16666603088379,18.16666603088379,9.418706893920898,-0.8354240453341367,0.0,0.0,0.0
2000-07-24,18.16666603088379,18.16666603088379,18.16666603088379,18.16666603088379,9.418706893920898,-0.8354240453341367,0.0,0.0,0.0
2000-07-25,18.16666603088379,18.16666603088379,18.16666603088379,18.16666603088379,9.418706893920898,-0.8354240453341367,0.0,0.0,0.0
2000-07-26,18.16666603088379,18.16666603088379,18.16666603088379,18.16666603088379,9.418706893920898,-0.8354240453341367,0.0,0.0,0.0
2000-07-27,18.16666603088379,18.16666603088379,18.16666603088379,18.16666603088379,9.418706893920898,-0.8354240453341367,0.0,0.0,0.0
2000-07-28,18.16666603088379,18.16666603088379,18.16666603088379,18.16666603088379,9.418706893920898,-0.8354240453341367,0.0,0.0,0.0
2000-07-31,18.16666603088379,18.16666603088379,18.16666603088379,18.16666603088379,9.418706893920898,-0.8354240453341367,0.0,0.0,0.0
2000-08-01,18.16666603088379,18.16666603088379,18.16666603088379,18.16666603088379,9.418706893920898,-0.8354240453341367,0.0,0.0,0.0
2000-08-02,18.16666603088379,18.16666603088379,18.16666603088379,18.16666603088379,9.418706893920898,-0.8354240453341367,0.0,0.0,0.0
2000-08-03,18.16666603088379,18.16666603088379,18.16666603088379,18.16666603088379,9.418706893920898,-0.8354240453341367,0.0,0.0,0.0
2000-08-04,18.16666603088379,18.16666603088379,18.16666603088379,18.16666603088379,9.418706893920898,-0.8354240453341367,0.0,0.0,0.0
2000-08-07,18.16666603088379,18.16666603088379,18.16666603088379,18.16666603088379,9.418706893920898,-0.8354240453341367,0.0,0.0,0.0
2000-08-08,18.16666603088379,18.16666603088379,18.16666603088379,18.16666603088379,9.418706893920898,-0.8354240453341367,0.0,0.0,0.0
2000-08-09,18.16666603088379,18.16666603088379,18.16666603088379,18.16666603088379,9.418706893920898,-0.8354240453341367,0.0,0.0,0.0
2000-08-10,18.16666603088379,18.16666603088379,18.16666603088379,18.16666603088379,9.418706893920898,-0.8354240453341367,0.0,0.0,0.0
2000-08-11,18.16666603088379,18.16666603088379,18.16666603088379,18.16666603088379,9.418706893920898,-0.8354240453341367,0.0,0.0,0.0
2000-08-14,18.16666603088379,18.16666603088379,18.16666603088379,18.16666603088379,9.418706893920898,-0.8354240453341367,0.0,0.0,0.0
2000-08-15,18.16666603088379,18.16666603088379,18.16666603088379,18.16666603088379,9.418706893920898,-0.8354240453341367,0.0,0.0,0.0
2000-08-16,18.16666603088379,18.16666603088379,18.16666603088379,18.16666603088379,9.418706893920898,-0.8354240453341367,0.0,0.0,0.0
2000-08-17,18.16666603088379,18.16666603088379,18.16666603088379,18.16666603088379,9.418706893920898,-0.8354240453341367,0.0,0.0,0.0
2000-08-18,18.16666603088379,18.16666603088379,18.16666603088379,18.16666603088379,9.418706893920898,-0.8354240453341367,0.0,0.0,0.0
2000-08-21,18.16666603088379,18.16666603088379,18.16666603088379,18.16666603088379,9.418706893920898,-0.8354240453341367,0.0,0.0,0.0
2000-08-22,18.16666603088379,18.16666603088379,18.16666603088379,18.16666603088379,9.418706893920898,-0.8354240453341367,0.0,0.0,0.0
2000-08-23,18.16666603088379,18.16666603088379,18.16666603088379,18.16666603088379,9.418706893920898,-0.8354240453341367,0.0,0.0,0.0
2000-08-24,18.16666603088379,18.16666603088379,18.16666603088379,18.16666603088379,9.418706893920898,-0.8354240453341367,0.0,0.0,0.0
2000-08-25,18.16666603088379,18.16666603088379,18.16666603088379,18.16666603088379,9.418706893920898,-0.8354240453341367,0.0,0.0,0.0
2000-08-28,18.16666603088379,18.16666603088379,18.16666603088379,18.16666603088379,9.418706893920898,-0.8354240453341367,0.0,0.0,0.0
2000-08-29,18.16666603088379,18.16666603088379,18.16666603088379,18.16666603088379,9.418706893920898,-0.8354240453341367,0.0,0.0,0.0
2000-08-30,18.16666603088379,18.16666603088379,18.16666603088379,18.16666603088379,9.418706893920898,-0.8354240453341367,0.0,0.0,0.0
2000-08-31,18.16666603088379,18.16666603088379,18.16666603088379,18.16666603088379,9.418706893920898,-0.8354240453341367,0.0,0.0,0.0
2000-09-01,18.16666603088379,18.16666603088379,18.16666603088379,18.16666603088379,9.418706893920898,-0.8354240453341367,0.0,0.0,0.0
2000-09-05,18.16666603088379,18.16666603088379,18.16666603088379,18.16666603088379,9.418706893920898,-0.8354240453341367,0.0,0.0,0.0
2000-09-06,18.16666603088379,18.16666603088379,18.16666603088379,18.16666603088379,9.418706893920898,-0.8354240453341367,0.0,0.0,0.0
2000-09-07,18.16666603088379,18.16666603088379,18.16666603088379,18.16666603088379,9.418706893920898,-0.8354240453341367,0.0,0.0,0.0
2000-09-08,18.16666603088379,18.16666603088379,18.16666603088379,18.16666603088379,9.418706893920898,-0.8354240453341367,0.0,0.0,0.0
2000-09-11,18.16666603088379,18.16666603088379,18.16666603088379,18.16666603088379,9.418706893920898,-0.8354240453341367,0.0,0.0,0.0
2000-09-12,18.16666603088379,18.16666603088379,18.16666603088379,18.16666603088379,9.418706893920898,-0.8354240453341367,0.0,0.0,0.0
2000-09-13,18.16666603088379,18.16666603088379,18.16666603088379,18.16666603088379,9.418706893920898,-0.8354240453341367,0.0,0.0,0.0
2000-09-14,18.16666603088379,18.16666603088379,18.16666603088379,18.16666603088379,9.418706893920898,-0.8354240453341367,0.0,0.0,0.0
2000-09-15,18.16666603088379,18.16666603088379,18.16666603088379,18.16666603088379,9.418706893920898,-0.8354240453341367,0.0,0.0,0.0
2000-09-18,18.16666603088379,18.16666603088379,18.16666603088379,18.16666603088379,9.418706893920898,-0.8354240453341367,0.0,0.0,0.0
2000-09-19,18.16666603088379,18.16666603088379,18.16666603088379,18.16666603088379,9.418706893920898,-0.8354240453341367,0.0,0.0,0.0
2000-09-20,18.16666603088379,18.16666603088379,18.16666603088379,18.16666603088379,9.418706893920898,-0.8354240453341367,0.0,0.0,0.0
2000-09-21,18.16666603088379,18.16666603088379,18.16666603088379,18.16666603088379,9.418706893920898,-0.8354240453341367,0.0,0.0,0.0
2000-09-22,18.16666603088379,18.16666603088379,18.16666603088379,18.16666603088379,9.418706893920898,-0.8354240453341367,0.0,0.0,0.0
2000-09-25,18.16666603088379,18.16666603088379,18.16666603088379,18.16666603088379,9.418706893920898,-0.8354240453341367,0.0,0.0,0.0
2000-09-26,18.16666603088379,18.16666603088379,18.16666603088379,18.16666603088379,9.418706893920898,-0.8354240453341367,0.0,0.0,0.0
2000-09-27,18.16666603088379,18.16666603088379,18.16666603088379,18.16666603088379,9.418706893920898,-0.8354240453341367,0.0,0.0,0.0
2000-09-28,18.16666603088379,18.16666603088379,18.16666603088379,18.16666603088379,9.418706893920898,-0.8354240453341367,0.0,0.0,0.0
2000-09-29,18.16666603088379,18.16666603088379,18.16666603088379,18.16666603088379,9.418706893920898,-0.8354240453341367,0.0,0.0,0.0
2000-10-02,18.16666603088379,18.16666603088379,18.16666603088379,18.16666603088379,9.418706893920898,-0.8354240453341367,0.0,0.0,0.0
2000-10-03,18.16666603088379,18.16666603088379,18.16666603088379,18.16666603088379,9.418706893920898,-0.8354240453341367,0.0,0.0,0.0
2000-10-04,18.16666603088379,18.16666603088379,18.16666603088379,18.16666603088379,9.418706893920898,-0.8354240453341367,0.0,0.0,0.0
2000-10-05,18.16666603088379,18.16666603088379,18.16666603088379,18.16666603088379,9.418706893920898,-0.8354240453341367,0.0,0.0,0.0
2000-10-06,18.16666603088379,18.16666603088379,18.16666603088379,18.16666603088379,9.418706893920898,-0.8354240453341367,0.0,0.0,0.0
2000-10-09,18.16666603088379,18.16666603088379,18.16666603088379,18.16666603088379,9.418706893920898,-0.8354240453341367,0.0,0.0,0.0
2000-10-10,18.16666603088379,18.16666603088379,18.16666603088379,18.16666603088379,9.418706893920898,-0.8354240453341367,0.0,0.0,0.0
2000-10-11,18.16666603088379,18.16666603088379,18.16666603088379,18.16666603088379,9.418706893920898,-0.8354240453341367,0.0,0.0,0.0
2000-10-12,18.16666603088379,18.16666603088379,18.16666603088379,18.16666603088379,9.418706893920898,-0.8354240453341367,0.0,0.0,0.0
2000-10-13,18.16666603088379,18.16666603088379,18.16666603088379,18.16666603088379,9.418706893920898,-0.8354240453341367,0.0,0.0,0.0
2000-10-16,18.16666603088379,18.16666603088379,18.16666603088379,18.16666603088379,9.418706893920898,-0.8354240453341367,0.0,0.0,0.0
2000-10-17,18.16666603088379,18.16666603088379,18.16666603088379,18.16666603088379,9.418706893920898,-0.8354240453341367,0.0,0.0,0.0
2000-10-18,18.16666603088379,18.16666603088379,18.16666603088379,18.16666603088379,9.418706893920898,-0.8354240453341367,0.0,0.0,0.0
2000-10-19,18.16666603088379,18.16666603088379,18.16666603088379,18.16666603088379,9.418706893920898,-0.8354240453341367,0.0,0.0,0.0
2000-10-20,18.16666603088379,18.16666603088379,18.16666603088379,18.16666603088379,9.418706893920898,-0.8354240453341367,0.0,0.0,0.0
2000-10-23,18.16666603088379,18.16666603088379,18.16666603088379,18.16666603088379,9.418706893920898,-0.8354240453341367,0.0,0.0,0.0
2000-10-24,18.16666603088379,18.16666603088379,18.16666603088379,18.16666603088379,9.418706893920898,-0.8354240453341367,0.0,0.0,0.0
2000-10-25,18.16666603088379,18.16666603088379,18.16666603088379,18.16666603088379,9.418706893920898,-0.8354240453341367,0.0,0.0,0.0
2000-10-26,18.16666603088379,18.16666603088379,18.16666603088379,18.16666603088379,9.418706893920898,-0.8354240453341367,0.0,0.0,0.0
2000-10-27,18.16666603088379,18.16666603088379,18.16666603088379,18.16666603088379,9.418706893920898,-0.8354240453341367,0.0,0.0,0.0
2000-10-30,18.16666603088379,18.16666603088379,18.16666603088379,18.16666603088379,9.418706893920898,-0.8354240453341367,0.0,0.0,0.0
2000-10-31,18.16666603088379,18.16666603088379,18.16666603088379,18.16666603088379,9.418706893920898,-0.8354240453341367,0.0,0.0,0.0
2000-11-01,18.16666603088379,18.16666603088379,18.16666603088379,18.16666603088379,9.418706893920898,-0.8354240453341367,0.0,0.0,0.0
2000-11-02,18.16666603088379,18.16666603088379,18.16666603088379,18.16666603088379,9.418706893920898,-0.8354240453341367,0.0,0.0,0.0
2000-11-03,18.16666603088379,18.16666603088379,18.16666603088379,18.16666603088379,9.418706893920898,-0.8354240453341367,0.0,0.0,0.0
2000-11-06,18.16666603088379,18.16666603088379,18.16666603088379,18.16666603088379,9.418706893920898,-0.8354240453341367,0.0,0.0,0.0
2000-11-07,18.16666603088379,18.16666603088379,18.16666603088379,18.16666603088379,9.418706893920898,-0.8354240453341367,0.0,0.0,0.0
2000-11-08,18.16666603088379,18.16666603088379,18.16666603088379,18.16666603088379,9.418706893920898,-0.8354240453341367,0.0,0.0,0.0
2000-11-09,18.16666603088379,18.16666603088379,18.16666603088379,18.16666603088379,9.418706893920898,-0.8354240453341367,0.0,0.0,0.0
2000-11-10,18.16666603088379,18.16666603088379,18.16666603088379,18.16666603088379,9.418706893920898,-0.8354240453341367,0.0,0.0,0.0
2000-11-13,18.16666603088379,18.16666603088379,18.16666603088379,18.16666603088379,9.418706893920898,-0.8354240453341367,0.0,0.0,0.0
2000-11-14,18.16666603088379,18.16666603088379,18.16666603088379,18.16666603088379,9.418706893920898,-0.8354240453341367,0.0,0.0,0.0
2000-11-15,18.16666603088379,18.16666603088379,18.16666603088379,18.16666603088379,9.418706893920898,-0.8354240453341367,0.0,0.0,0.0
2000-11-16,18.16666603088379,18.16666603088379,18.16666603088379,18.16666603088379,9.418706893920898,-0.8354240453341367,0.0,0.0,0.0
2000-11-17,18.16666603088379,18.16666603088379,18.16666603088379,18.16666603088379,9.418706893920898,-0.8354240453341367,0.0,0.0,0.0
2000-11-20,18.16666603088379,18.16666603088379,18.16666603088379,18.16666603088379,9.418706893920898,-0.8354240453341367,0.0,0.0,0.0
2000-11-21,18.16666603088379,18.16666603088379,18.16666603088379,18.16666603088379,9.418706893920898,-0.8354240453341367,0.0,0.0,0.0
2000-11-22,18.16666603088379,18.16666603088379,18.16666603088379,18.16666603088379,9.418706893920898,-0.8354240453341367,0.0,0.0,0.0
2000-11-24,18.16666603088379,18.16666603088379,18.16666603088379,18.16666603088379,9.418706893920898,-0.8354240453341367,0.0,0.0,0.0
2000-11-27,18.16666603088379,18.16666603088379,18.16666603088379,18.16666603088379,9.418706893920898,-0.8354240453341367,0.0,0.0,0.0
2000-11-28,18.16666603088379,18.16666603088379,18.16666603088379,18.16666603088379,9.418706893920898,-0.8354240453341367,0.0,0.0,0.0
2000-11-29,18.16666603088379,18.16666603088379,18.16666603088379,18.16666603088379,9.418706893920898,-0.8354240453341367,0.0,0.0,0.0
2000-11-30,18.16666603088379,18.16666603088379,18.16666603088379,18.16666603088379,9.418706893920898,-0.8354240453341367,0.0,0.0,0.0
2000-12-01,18.16666603088379,18.16666603088379,18.16666603088379,18.16666603088379,9.418706893920898,-0.8354240453341367,0.0,0.0,0.0
2000-12-04,18.16666603088379,18.16666603088379,18.16666603088379,18.16666603088379,9.418706893920898,-0.8354240453341367,0.0,0.0,0.0
2000-12-05,18.16666603088379,18.16666603088379,18.16666603088379,18.16666603088379,9.418706893920898,-0.8354240453341367,0.0,0.0,0.0
2000-12-06,18.16666603088379,18.16666603088379,18.16666603088379,18.16666603088379,9.418706893920898,-0.8354240453341367,0.0,0.0,0.0
2000-12-07,18.16666603088379,18.16666603088379,18.16666603088379,18.16666603088379,9.418706893920898,-0.8354240453341367,0.0,0.0,0.0
2000-12-08,18.16666603088379,18.16666603088379,18.16666603088379,18.16666603088379,9.418706893920898,-0.8354240453341367,0.0,0.0,0.0
2000-12-11,18.16666603088379,18.16666603088379,18.16666603088379,18.16666603088379,9.418706893920898,-0.8354240453341367,0.0,0.0,0.0
2000-12-12,18.16666603088379,18.16666603088379,18.16666603088379,18.16666603088379,9.418706893920898,-0.8354240453341367,0.0,0.0,0.0
2000-12-13,18.16666603088379,18.16666603088379,18.16666603088379,18.16666603088379,9.418706893920898,-0.8354240453341367,0.0,0.0,0.0
2000-12-14,18.16666603088379,18.16666603088379,18.16666603088379,18.16666603088379,9.418706893920898,-0.8354240453341367,0.0,0.0,0.0
2000-12-15,18.16666603088379,18.16666603088379,18.16666603088379,18.16666603088379,9.418706893920898,-0.8354240453341367,0.0,0.0,0.0
2000-12-18,18.16666603088379,18.16666603088379,18.16666603088379,18.16666603088379,9.418706893920898,-0.8354240453341367,0.0,0.0,0.0
2000-12-19,18.16666603088379,18.16666603088379,18.16666603088379,18.16666603088379,9.418706893920898,-0.8354240453341367,0.0,0.0,0.0
2000-12-20,18.33333396911621,18.33333396911621,18.33333396911621,18.33333396911621,9.50512409210205,-0.7214812113624113,0.9175059714081168,0.0864171981811523,0.08641719818115234
2000-12-21,18.33333396911621,18.33333396911621,18.33333396911621,18.33333396911621,9.50512409210205,-0.8354240453341367,0.0,0.0,0.0
2000-12-22,18.33333396911621,18.33333396911621,18.33333396911621,18.33333396911621,9.50512409210205,-0.8354240453341367,0.0,0.0,0.0
2000-12-26,18.33333396911621,18.33333396911621,18.33333396911621,18.33333396911621,9.50512409210205,-0.8354240453341367,0.0,0.0,0.0
2000-12-27,18.33333396911621,18.33333396911621,18.33333396911621,18.33333396911621,9.50512409210205,-0.8354240453341367,0.0,0.0,0.0
2000-12-28,18.33333396911621,18.33333396911621,18.33333396911621,18.33333396911621,9.50512409210205,-0.8354240453341367,0.0,0.0,0.0
2000-12-29,18.33333396911621,18.33333396911621,18.33333396911621,18.33333396911621,9.574753761291504,-0.8354240453341367,0.7325487654317842,0.0696296691894531,0.06962966918945312
2001-01-02,18.33333396911621,18.33333396911621,18.33333396911621,18.33333396911621,9.574753761291504,-0.8354240453341367,0.0,0.0,0.0
2001-01-03,18.33333396911621,18.33333396911621,18.33333396911621,18.33333396911621,9.574753761291504,-0.8354240453341367,0.0,0.0,0.0
2001-01-04,18.33333396911621,18.33333396911621,18.33333396911621,18.33333396911621,9.574753761291504,-0.8354240453341367,0.0,0.0,0.0
2001-01-05,18.33333396911621,18.33333396911621,18.33333396911621,18.33333396911621,9.574753761291504,-0.8354240453341367,0.0,0.0,0.0
2001-01-08,17.66666603088379,17.66666603088379,17.66666603088379,17.66666603088379,9.226576805114746,-0.189747986161026,-3.6364063751107234,-0.3481769561767578,-0.3481769561767578
2001-01-09,17.66666603088379,17.66666603088379,17.66666603088379,17.66666603088379,9.226576805114746,-0.8354240453341367,0.0,0.0,0.0
2001-01-10,17.66666603088379,17.66666603088379,17.66666603088379,17.66666603088379,9.226576805114746,-0.8354240453341367,0.0,0.0,0.0
2001-01-11,17.66666603088379,17.66666603088379,17.66666603088379,17.66666603088379,9.226576805114746,-0.8354240453341367,0.0,0.0,0.0
2001-01-12,17.66666603088379,17.66666603088379,17.66666603088379,17.66666603088379,9.226576805114746,-0.8354240453341367,0.0,0.0,0.0
2001-01-16,17.66666603088379,17.66666603088379,17.66666603088379,17.66666603088379,9.226576805114746,-0.8354240453341367,0.0,0.0,0.0
2001-01-17,17.66666603088379,17.66666603088379,17.66666603088379,17.66666603088379,9.226576805114746,-0.8354240453341367,0.0,0.0,0.0
2001-01-18,17.66666603088379,17.66666603088379,17.66666603088379,17.66666603088379,9.226576805114746,-0.8354240453341367,0.0,0.0,0.0
2001-01-19,17.66666603088379,17.66666603088379,17.66666603088379,17.66666603088379,9.226576805114746,-0.8354240453341367,0.0,0.0,0.0
2001-01-22,17.66666603088379,17.66666603088379,17.66666603088379,17.66666603088379,9.226576805114746,-0.8354240453341367,0.0,0.0,0.0
2001-01-23,17.66666603088379,17.66666603088379,17.66666603088379,17.66666603088379,9.226576805114746,-0.8354240453341367,0.0,0.0,0.0
2001-01-24,17.66666603088379,17.66666603088379,17.66666603088379,17.66666603088379,9.226576805114746,-0.8354240453341367,0.0,0.0,0.0
2001-01-25,17.0,17.66666603088379,17.0,17.66666603088379,9.226576805114746,-0.6075383773906858,0.0,0.0,0.0
2001-01-26,17.66666603088379,17.66666603088379,17.66666603088379,17.66666603088379,9.226576805114746,-0.8354240453341367,0.0,0.0,0.0
2001-01-29,17.66666603088379,17.66666603088379,17.66666603088379,17.66666603088379,9.226576805114746,-0.8354240453341367,0.0,0.0,0.0
2001-01-30,17.66666603088379,17.66666603088379,17.66666603088379,17.66666603088379,9.226576805114746,-0.8354240453341367,0.0,0.0,0.0
2001-01-31,15.0,15.666666984558104,15.0,15.666666984558104,8.182061195373535,1.8232420806727896,-11.32072741390051,-1.044515609741211,-1.044515609741211
2001-02-01,15.666666984558104,15.666666984558104,15.666666984558104,15.666666984558104,8.182061195373535,-0.8354240453341367,0.0,0.0,0.0
2001-02-02,15.666666984558104,15.666666984558104,15.666666984558104,15.666666984558104,8.182061195373535,-0.8354240453341367,0.0,0.0,0.0
2001-02-05,15.666666984558104,15.666666984558104,15.666666984558104,15.666666984558104,8.182061195373535,-0.8354240453341367,0.0,0.0,0.0
2001-02-06,15.666666984558104,15.666666984558104,15.666666984558104,15.666666984558104,8.182061195373535,-0.8354240453341367,0.0,0.0,0.0
2001-02-07,15.666666984558104,15.666666984558104,15.666666984558104,15.666666984558104,8.182061195373535,-0.8354240453341367,0.0,0.0,0.0
2001-02-08,15.666666984558104,15.666666984558104,15.666666984558104,15.666666984558104,8.182061195373535,-0.8354240453341367,0.0,0.0,0.0
2001-02-09,15.666666984558104,15.666666984558104,15.666666984558104,15.666666984558104,8.182061195373535,-0.8354240453341367,0.0,0.0,0.0
2001-02-12,15.666666984558104,15.666666984558104,15.666666984558104,15.666666984558104,8.182061195373535,-0.8354240453341367,0.0,0.0,0.0
2001-02-13,15.666666984558104,15.666666984558104,15.666666984558104,15.666666984558104,8.182061195373535,-0.8354240453341367,0.0,0.0,0.0
2001-02-14,15.666666984558104,15.666666984558104,15.666666984558104,15.666666984558104,8.182061195373535,-0.8354240453341367,0.0,0.0,0.0
2001-02-15,15.666666984558104,15.666666984558104,15.666666984558104,15.666666984558104,8.182061195373535,-0.8354240453341367,0.0,0.0,0.0
2001-02-16,15.666666984558104,15.666666984558104,15.666666984558104,15.666666984558104,8.182061195373535,-0.8354240453341367,0.0,0.0,0.0
2001-02-20,15.666666984558104,15.666666984558104,15.666666984558104,15.666666984558104,8.182061195373535,-0.8354240453341367,0.0,0.0,0.0
2001-02-21,15.666666984558104,15.666666984558104,15.666666984558104,15.666666984558104,8.182061195373535,-0.8354240453341367,0.0,0.0,0.0
2001-02-22,15.666666984558104,15.666666984558104,15.666666984558104,15.666666984558104,8.182061195373535,-0.8354240453341367,0.0,0.0,0.0
2001-02-23,15.666666984558104,15.666666984558104,15.666666984558104,15.666666984558104,8.182061195373535,-0.8354240453341367,0.0,0.0,0.0
2001-02-26,15.666666984558104,15.666666984558104,15.666666984558104,15.666666984558104,8.182061195373535,-0.8354240453341367,0.0,0.0,0.0
2001-02-27,13.333333015441896,15.666666984558104,13.333333015441896,15.666666984558104,8.182061195373535,-0.7214812113624113,0.0,0.0,0.0
2001-02-28,15.666666984558104,15.666666984558104,15.666666984558104,15.666666984558104,8.182061195373535,-0.8354240453341367,0.0,0.0,0.0
2001-03-01,15.666666984558104,15.666666984558104,15.666666984558104,15.666666984558104,8.182061195373535,-0.8354240453341367,0.0,0.0,0.0
2001-03-02,15.666666984558104,15.666666984558104,15.666666984558104,15.666666984558104,8.182061195373535,-0.8354240453341367,0.0,0.0,0.0
2001-03-05,13.333333015441896,13.333333015441896,13.333333015441896,13.333333015441896,6.963458061218262,-0.6835002667051695,-14.893595941867568,-1.2186031341552734,-1.2186031341552734
2001-03-06,13.333333015441896,13.333333015441896,13.333333015441896,13.333333015441896,6.963458061218262,-0.8354240453341367,0.0,0.0,0.0
2001-03-07,13.333333015441896,13.333333015441896,13.333333015441896,13.333333015441896,6.963458061218262,-0.8354240453341367,0.0,0.0,0.0
2001-03-08,13.333333015441896,13.333333015441896,13.333333015441896,13.333333015441896,6.963458061218262,-0.7214812113624113,0.0,0.0,0.0
2001-03-09,13.333333015441896,13.333333015441896,13.333333015441896,13.333333015441896,6.963458061218262,-0.8354240453341367,0.0,0.0,0.0
2001-03-12,13.333333015441896,13.333333015441896,13.333333015441896,13.333333015441896,6.963458061218262,-0.8354240453341367,0.0,0.0,0.0
2001-03-13,13.333333015441896,13.333333015441896,13.333333015441896,13.333333015441896,6.963458061218262,-0.8354240453341367,0.0,0.0,0.0
2001-03-14,13.333333015441896,13.333333015441896,13.333333015441896,13.333333015441896,6.963458061218262,-0.8354240453341367,0.0,0.0,0.0
2001-03-15,14.666666984558104,14.666666984558104,13.333333015441896,13.333333015441896,7.033795356750488,-0.7594621560196531,1.0100914648134118,0.0703372955322265,0.07033729553222656
2001-03-16,13.333333015441896,13.333333015441896,13.333333015441896,13.333333015441896,7.033795356750488,-0.8354240453341367,0.0,0.0,0.0
2001-03-19,13.333333015441896,13.333333015441896,13.333333015441896,13.333333015441896,7.033795356750488,-0.8354240453341367,0.0,0.0,0.0
2001-03-20,13.333333015441896,13.333333015441896,13.333333015441896,13.333333015441896,7.033795356750488,-0.8354240453341367,0.0,0.0,0.0
2001-03-21,13.333333015441896,13.333333015441896,13.333333015441896,13.333333015441896,7.033795356750488,-0.8354240453341367,0.0,0.0,0.0
2001-03-22,13.333333015441896,13.333333015441896,13.333333015441896,13.333333015441896,7.033795356750488,-0.8354240453341367,0.0,0.0,0.0
2001-03-23,13.333333015441896,13.333333015441896,13.333333015441896,13.333333015441896,7.033795356750488,-0.6835002667051695,0.0,0.0,0.0
2001-03-26,13.333333015441896,13.333333015441896,13.333333015441896,13.333333015441896,7.033795356750488,-0.8354240453341367,0.0,0.0,0.0
2001-03-27,13.333333015441896,13.333333015441896,13.333333015441896,13.333333015441896,7.033795356750488,-0.8354240453341367,0.0,0.0,0.0
2001-03-28,13.333333015441896,13.333333015441896,13.333333015441896,13.333333015441896,7.033795356750488,-0.8354240453341367,0.0,0.0,0.0
2001-03-29,13.333333015441896,13.333333015441896,13.333333015441896,13.333333015441896,7.033795356750488,-0.8354240453341367,0.0,0.0,0.0
2001-03-30,14.0,14.0,14.0,14.0,7.385484218597412,-0.797443100676895,4.9999871194631895,0.3516888618469238,0.35168886184692383
2001-04-02,14.0,14.0,14.0,14.0,7.385484218597412,-0.8354240453341367,0.0,0.0,0.0
2001-04-03,14.0,14.0,14.0,14.0,7.385484218597412,-0.8354240453341367,0.0,0.0,0.0
2001-04-04,14.0,14.0,14.0,14.0,7.385484218597412,-0.8354240453341367,0.0,0.0,0.0
2001-04-05,14.0,14.0,14.0,14.0,7.385484218597412,-0.8354240453341367,0.0,0.0,0.0
2001-04-06,14.0,14.0,14.0,14.0,7.385484218597412,-0.8354240453341367,0.0,0.0,0.0
2001-04-09,14.0,14.0,14.0,14.0,7.385484218597412,-0.8354240453341367,0.0,0.0,0.0
2001-04-10,14.0,14.0,14.0,14.0,7.385484218597412,-0.8354240453341367,0.0,0.0,0.0
2001-04-11,14.0,14.0,14.0,14.0,7.385484218597412,-0.8354240453341367,0.0,0.0,0.0
2001-04-12,14.0,14.0,14.0,14.0,7.385484218597412,-0.6835002667051695,0.0,0.0,0.0
2001-04-16,14.0,14.0,14.0,14.0,7.385484218597412,-0.8354240453341367,0.0,0.0,0.0
2001-04-17,14.0,14.0,14.0,14.0,7.385484218597412,-0.8354240453341367,0.0,0.0,0.0
2001-04-18,14.0,14.0,14.0,14.0,7.385484218597412,-0.8354240453341367,0.0,0.0,0.0
2001-04-19,14.0,14.0,14.0,14.0,7.385484218597412,-0.8354240453341367,0.0,0.0,0.0
2001-04-20,14.0,14.0,14.0,14.0,7.385484218597412,-0.8354240453341367,0.0,0.0,0.0
2001-04-23,14.0,14.0,14.0,14.0,7.385484218597412,-0.8354240453341367,0.0,0.0,0.0
2001-04-24,14.0,14.0,14.0,14.0,7.385484218597412,-0.8354240453341367,0.0,0.0,0.0
2001-04-25,14.0,14.0,14.0,14.0,7.385484218597412,-0.8354240453341367,0.0,0.0,0.0
2001-04-26,14.0,14.0,14.0,14.0,7.385484218597412,-0.8354240453341367,0.0,0.0,0.0
2001-04-27,14.0,14.0,14.0,14.0,7.385484218597412,-0.8354240453341367,0.0,0.0,0.0
2001-04-30,14.0,14.0,14.0,14.0,7.385484218597412,-0.8354240453341367,0.0,0.0,0.0
2001-05-01,14.0,14.0,14.0,14.0,7.385484218597412,-0.8354240453341367,0.0,0.0,0.0
2001-05-02,14.833333015441896,14.833333015441896,14.833333015441896,14.833333015441896,7.825094699859619,-0.5315764880762023,5.952358278083136,0.439610481262207,0.43961048126220703
2001-05-03,14.833333015441896,14.833333015441896,14.833333015441896,14.833333015441896,7.825094699859619,-0.8354240453341367,0.0,0.0,0.0
2001-05-04,14.833333015441896,14.833333015441896,14.833333015441896,14.833333015441896,7.825094699859619,-0.8354240453341367,0.0,0.0,0.0
2001-05-07,14.0,14.0,14.0,14.0,7.385484218597412,-0.2277289308182678,-5.617957329897793,-0.439610481262207,-0.43961048126220703
2001-05-08,14.0,14.0,14.0,14.0,7.385484218597412,-0.8354240453341367,0.0,0.0,0.0
2001-05-09,14.0,14.0,14.0,14.0,7.385484218597412,-0.8354240453341367,0.0,0.0,0.0
2001-05-10,14.0,14.0,14.0,14.0,7.385484218597412,-0.8354240453341367,0.0,0.0,0.0
2001-05-11,14.0,14.0,14.0,14.0,7.385484218597412,-0.8354240453341367,0.0,0.0,0.0
2001-05-14,14.0,14.0,14.0,14.0,7.385484218597412,-0.6455193220479277,0.0,0.0,0.0
2001-05-15,14.0,14.0,14.0,14.0,7.385484218597412,-0.5315764880762023,0.0,0.0,0.0
2001-05-16,14.0,14.0,14.0,14.0,7.385484218597412,-0.8354240453341367,0.0,0.0,0.0
2001-05-17,14.0,14.0,14.0,14.0,7.385484218597412,-0.8354240453341367,0.0,0.0,0.0
2001-05-18,14.0,14.0,14.0,14.0,7.385484218597412,-0.8354240453341367,0.0,0.0,0.0
2001-05-21,14.0,14.0,14.0,14.0,7.385484218597412,-0.8354240453341367,0.0,0.0,0.0
2001-05-22,14.0,14.0,14.0,14.0,7.385484218597412,-0.4176336541044768,0.0,0.0,0.0
2001-05-23,14.0,14.0,14.0,14.0,7.385484218597412,-0.8354240453341367,0.0,0.0,0.0
2001-05-24,13.333333015441896,13.333333015441896,13.333333015441896,13.333333015441896,7.033795356750488,-0.5695574327334441,-4.761893078876733,-0.3516888618469238,-0.35168886184692383
2001-05-25,13.583333015441896,13.583333015441896,13.583333015441896,13.583333015441896,7.165675640106201,-0.7214812113624113,1.8749519522080595,0.1318802833557129,0.1318802833557129
2001-05-29,13.583333015441896,13.583333015441896,13.583333015441896,13.583333015441896,7.165675640106201,-0.8354240453341367,0.0,0.0,0.0
2001-05-30,12.333333015441896,12.333333015441896,12.083333015441896,12.083333015441896,6.374375820159912,-0.4935955434189604,-11.042919882074951,-0.7912998199462891,-0.7912998199462891
2001-05-31,13.583333015441896,13.583333015441896,13.583333015441896,13.583333015441896,7.165675640106201,-0.7214812113624113,12.413761633628283,0.7912998199462891,0.7912998199462891
2001-06-01,13.583333015441896,13.583333015441896,13.583333015441896,13.583333015441896,7.165675640106201,-0.8354240453341367,0.0,0.0,0.0
2001-06-04,13.583333015441896,13.583333015441896,13.583333015441896,13.583333015441896,7.165675640106201,-0.8354240453341367,0.0,0.0,0.0
2001-06-05,13.333333015441896,13.333333015441896,12.333333015441896,12.666666984558104,6.682108879089356,-0.2277289308182678,-6.748376361195129,-0.4835667610168448,-0.4835667610168448
2001-06-06,12.666666984558104,12.666666984558104,12.666666984558104,12.666666984558104,6.682108879089356,-0.8354240453341367,0.0,0.0,0.0
2001-06-07,12.666666984558104,12.666666984558104,12.666666984558104,12.666666984558104,6.682108879089356,-0.8354240453341367,0.0,0.0,0.0
2001-06-08,12.666666984558104,12.666666984558104,12.666666984558104,12.666666984558104,6.682108879089356,-0.8354240453341367,0.0,0.0,0.0
2001-06-11,12.666666984558104,12.666666984558104,12.666666984558104,12.666666984558104,6.682108879089356,-0.8354240453341367,0.0,0.0,0.0
2001-06-12,12.666666984558104,12.666666984558104,12.666666984558104,12.666666984558104,6.682108879089356,-0.8354240453341367,0.0,0.0,0.0
2001-06-13,12.666666984558104,12.666666984558104,12.100000381469728,12.100000381469728,6.383166790008545,-0.4556145987617186,-4.473768603446516,-0.2989420890808114,-0.29894208908081144
2001-06-14,12.100000381469728,12.100000381469728,12.100000381469728,12.100000381469728,6.457889080047607,-0.8354240453341367,1.1706147198914385,0.0747222900390625,0.0747222900390625
2001-06-15,12.100000381469728,12.100000381469728,12.100000381469728,12.100000381469728,6.457889080047607,-0.8354240453341367,0.0,0.0,0.0
2001-06-18,12.100000381469728,12.100000381469728,12.100000381469728,12.100000381469728,6.457889080047607,-0.8354240453341367,0.0,0.0,0.0
2001-06-19,12.100000381469728,12.100000381469728,12.100000381469728,12.100000381469728,6.457889080047607,-0.8354240453341367,0.0,0.0,0.0
2001-06-20,13.666666984558104,13.666666984558104,13.666666984558104,13.666666984558104,7.294033527374268,-0.797443100676895,12.947643370184617,0.8361444473266602,0.8361444473266602
2001-06-21,12.416666984558104,13.666666984558104,12.100000381469728,13.333333015441896,7.1161298751831055,-0.0758051521893006,-2.439029811468452,-0.1779036521911621,-0.1779036521911621
2001-06-22,13.333333015441896,13.333333015441896,13.333333015441896,13.333333015441896,7.1161298751831055,-0.8354240453341367,0.0,0.0,0.0
2001-06-25,12.18333339691162,13.333333015441896,12.18333339691162,13.333333015441896,7.1161298751831055,-0.6075383773906858,0.0,0.0,0.0
2001-06-26,13.333333015441896,13.333333015441896,13.333333015441896,13.333333015441896,7.1161298751831055,0.9116994088989864,0.0,0.0,0.0
2001-06-27,13.25,13.333333015441896,13.25,13.333333015441896,7.1161298751831055,-0.0758051521893006,0.0,0.0,0.0
2001-06-28,13.333333015441896,13.333333015441896,13.333333015441896,13.333333015441896,7.1161298751831055,-0.8354240453341367,0.0,0.0,0.0
2001-06-29,13.333333015441896,13.333333015441896,13.333333015441896,13.333333015441896,7.1161298751831055,-0.8354240453341367,0.0,0.0,0.0
2001-07-02,13.333333015441896,13.333333015441896,13.333333015441896,13.333333015441896,7.1161298751831055,-0.8354240453341367,0.0,0.0,0.0
2001-07-03,13.333333015441896,13.333333015441896,13.333333015441896,13.333333015441896,7.1161298751831055,-0.8354240453341367,0.0,0.0,0.0
2001-07-05,13.333333015441896,13.333333015441896,13.333333015441896,13.333333015441896,7.1161298751831055,-0.8354240453341367,0.0,0.0,0.0
2001-07-06,13.333333015441896,13.333333015441896,13.333333015441896,13.333333015441896,7.1161298751831055,-0.8354240453341367,0.0,0.0,0.0
2001-07-09,13.333333015441896,13.333333015441896,13.333333015441896,13.333333015441896,7.1161298751831055,-0.8354240453341367,0.0,0.0,0.0
2001-07-10,13.333333015441896,13.333333015441896,13.333333015441896,13.333333015441896,7.1161298751831055,-0.8354240453341367,0.0,0.0,0.0
2001-07-11,13.833333015441896,13.833333015441896,13.833333015441896,13.833333015441896,7.382983684539795,-0.5695574327334441,3.749985090734764,0.2668538093566894,0.26685380935668945
2001-07-12,13.833333015441896,13.833333015441896,13.833333015441896,13.833333015441896,7.382983684539795,-0.8354240453341367,0.0,0.0,0.0
2001-07-13,13.833333015441896,13.833333015441896,13.833333015441896,13.833333015441896,7.382983684539795,-0.8354240453341367,0.0,0.0,0.0
2001-07-16,13.833333015441896,13.833333015441896,13.833333015441896,13.833333015441896,7.382983684539795,-0.8354240453341367,0.0,0.0,0.0
2001-07-17,13.833333015441896,13.833333015441896,13.833333015441896,13.833333015441896,7.382983684539795,-0.8354240453341367,0.0,0.0,0.0
2001-07-18,13.833333015441896,13.833333015441896,13.833333015441896,13.833333015441896,7.382983684539795,-0.8354240453341367,0.0,0.0,0.0
2001-07-19,13.833333015441896,13.833333015441896,13.833333015441896,13.833333015441896,7.382983684539795,-0.8354240453341367,0.0,0.0,0.0
2001-07-20,13.833333015441896,13.833333015441896,13.833333015441896,13.833333015441896,7.382983684539795,-0.8354240453341367,0.0,0.0,0.0
2001-07-23,13.833333015441896,13.833333015441896,13.833333015441896,13.833333015441896,7.382983684539795,-0.8354240453341367,0.0,0.0,0.0
2001-07-24,13.833333015441896,13.833333015441896,13.833333015441896,13.833333015441896,7.382983684539795,-0.8354240453341367,0.0,0.0,0.0
2001-07-25,13.833333015441896,13.833333015441896,13.833333015441896,13.833333015441896,7.382983684539795,-0.8354240453341367,0.0,0.0,0.0
2001-07-26,13.833333015441896,13.833333015441896,13.833333015441896,13.833333015441896,7.382983684539795,-0.8354240453341367,0.0,0.0,0.0
2001-07-27,13.833333015441896,13.833333015441896,13.833333015441896,13.833333015441896,7.382983684539795,-0.8354240453341367,0.0,0.0,0.0
2001-07-30,13.833333015441896,13.833333015441896,13.833333015441896,13.833333015441896,7.382983684539795,-0.8354240453341367,0.0,0.0,0.0
2001-07-31,13.833333015441896,13.833333015441896,13.833333015441896,13.833333015441896,7.382983684539795,-0.8354240453341367,0.0,0.0,0.0
2001-08-01,13.833333015441896,13.833333015441896,13.833333015441896,13.833333015441896,7.382983684539795,-0.8354240453341367,0.0,0.0,0.0
2001-08-02,13.833333015441896,13.833333015441896,13.833333015441896,13.833333015441896,7.382983684539795,-0.8354240453341367,0.0,0.0,0.0
2001-08-03,13.833333015441896,13.833333015441896,13.833333015441896,13.833333015441896,7.382983684539795,-0.8354240453341367,0.0,0.0,0.0
2001-08-06,13.833333015441896,13.833333015441896,13.833333015441896,13.833333015441896,7.382983684539795,-0.8354240453341367,0.0,0.0,0.0
2001-08-07,13.833333015441896,13.833333015441896,13.833333015441896,13.833333015441896,7.382983684539795,-0.8354240453341367,0.0,0.0,0.0
2001-08-08,13.833333015441896,13.833333015441896,13.833333015441896,13.833333015441896,7.382983684539795,-0.8354240453341367,0.0,0.0,0.0
2001-08-09,13.833333015441896,13.833333015441896,13.833333015441896,13.833333015441896,7.382983684539795,-0.8354240453341367,0.0,0.0,0.0
2001-08-10,13.833333015441896,13.833333015441896,13.833333015441896,13.833333015441896,7.382983684539795,-0.8354240453341367,0.0,0.0,0.0
2001-08-13,13.833333015441896,13.833333015441896,13.833333015441896,13.833333015441896,7.382983684539795,-0.8354240453341367,0.0,0.0,0.0
2001-08-14,13.166666984558104,13.25,12.18333339691162,12.526666641235352,6.685603141784668,0.190061460411392,-9.445781983989264,-0.697380542755127,-0.697380542755127
2001-08-15,13.166666984558104,13.166666984558104,13.166666984558104,13.166666984558104,7.0271759033203125,-0.2277289308182678,5.109079230276659,0.3415727615356445,0.34157276153564453
2001-08-16,13.166666984558104,13.166666984558104,13.166666984558104,13.166666984558104,7.0271759033203125,-0.8354240453341367,0.0,0.0,0.0
2001-08-17,13.166666984558104,13.166666984558104,13.166666984558104,13.166666984558104,7.0271759033203125,-0.7594621560196531,0.0,0.0,0.0
2001-08-20,13.333333015441896,13.333333015441896,13.0,13.0,6.938225269317627,-0.0758051521893006,-1.2658091276846584,-0.0889506340026855,-0.08895063400268555
2001-08-21,12.333333015441896,12.333333015441896,12.333333015441896,12.333333015441896,6.582417964935303,-0.7594621560196531,-5.128217816100367,-0.3558073043823242,-0.3558073043823242
2001-08-22,12.333333015441896,12.333333015441896,12.333333015441896,12.333333015441896,6.582417964935303,-0.8354240453341367,0.0,0.0,0.0
2001-08-23,13.25,13.25,13.25,13.25,7.071656227111816,-0.7214812113624113,7.432500713000878,0.4892382621765136,0.48923826217651367
2001-08-24,13.25,13.25,13.25,13.25,7.071656227111816,-0.8354240453341367,0.0,0.0,0.0
2001-08-27,13.25,13.25,13.25,13.25,7.071656227111816,-0.8354240453341367,0.0,0.0,0.0
2001-08-28,13.25,13.25,13.25,13.25,7.071656227111816,-0.8354240453341367,0.0,0.0,0.0
2001-08-29,13.25,13.25,13.25,13.25,7.071656227111816,-0.8354240453341367,0.0,0.0,0.0
2001-08-30,13.25,13.25,13.25,13.25,7.071656227111816,-0.8354240453341367,0.0,0.0,0.0
2001-08-31,13.25,13.25,13.25,13.25,7.071656227111816,-0.8354240453341367,0.0,0.0,0.0
2001-09-04,13.25,13.25,13.25,13.25,7.071656227111816,-0.8354240453341367,0.0,0.0,0.0
2001-09-05,13.25,13.25,13.25,13.25,7.071656227111816,-0.8354240453341367,0.0,0.0,0.0
2001-09-06,13.25,13.25,13.25,13.25,7.071656227111816,-0.8354240453341367,0.0,0.0,0.0
2001-09-07,13.25,13.25,13.25,13.25,7.071656227111816,-0.8354240453341367,0.0,0.0,0.0
2001-09-10,13.25,13.25,13.25,13.25,7.071656227111816,-0.8354240453341367,0.0,0.0,0.0
2001-09-17,13.25,13.25,13.25,13.25,7.071656227111816,-0.8354240453341367,0.0,0.0,0.0
2001-09-18,13.25,13.25,13.25,13.25,7.071656227111816,-0.797443100676895,0.0,0.0,0.0
2001-09-19,13.25,13.25,13.25,13.25,7.071656227111816,-0.8354240453341367,0.0,0.0,0.0
2001-09-20,13.25,13.25,13.25,13.25,7.071656227111816,-0.8354240453341367,0.0,0.0,0.0
2001-09-21,13.25,13.25,13.25,13.25,7.147173404693604,-0.8354240453341367,1.067885303760452,0.075517177581788,0.075517177581788
2001-09-24,13.25,13.25,13.25,13.25,7.147173404693604,-0.8354240453341367,0.0,0.0,0.0
2001-09-25,13.25,13.25,13.25,13.25,7.147173404693604,-0.8354240453341367,0.0,0.0,0.0
2001-09-26,13.25,13.25,13.25,13.25,7.147173404693604,-0.8354240453341367,0.0,0.0,0.0
2001-09-27,13.333333015441896,13.333333015441896,13.333333015441896,13.333333015441896,7.192121982574463,-0.6075383773906858,0.6289000607056838,0.0449485778808584,0.04494857788085849
2001-09-28,13.333333015441896,13.333333015441896,13.333333015441896,13.333333015441896,7.192121982574463,-0.8354240453341367,0.0,0.0,0.0
2001-10-01,11.916666984558104,11.916666984558104,11.916666984558104,11.916666984558104,6.427955627441406,-0.797443100676895,-10.625047197260118,-0.7641663551330566,-0.7641663551330566
2001-10-02,13.25,13.25,13.25,13.25,7.147173404693604,-0.797443100676895,11.188903890092304,0.7192177772521982,0.7192177772521982
2001-10-03,13.25,13.25,13.25,13.25,7.147173404693604,-0.8354240453341367,0.0,0.0,0.0
2001-10-04,13.25,13.25,13.25,13.25,7.147173404693604,-0.8354240453341367,0.0,0.0,0.0
2001-10-05,13.25,13.25,13.25,13.25,7.147173404693604,-0.8354240453341367,0.0,0.0,0.0
2001-10-08,13.25,13.25,13.25,13.25,7.147173404693604,-0.8354240453341367,0.0,0.0,0.0
2001-10-09,13.25,13.25,13.25,13.25,7.147173404693604,-0.8354240453341367,0.0,0.0,0.0
2001-10-10,13.25,13.25,13.25,13.25,7.147173404693604,-0.8354240453341367,0.0,0.0,0.0
2001-10-11,13.25,13.25,13.25,13.25,7.147173404693604,-0.8354240453341367,0.0,0.0,0.0
2001-10-12,13.25,13.25,13.25,13.25,7.147173404693604,-0.8354240453341367,0.0,0.0,0.0
2001-10-15,13.25,13.25,13.25,13.25,7.147173404693604,-0.8354240453341367,0.0,0.0,0.0
2001-10-16,13.25,13.25,13.25,13.25,7.147173404693604,-0.8354240453341367,0.0,0.0,0.0
2001-10-17,13.25,13.25,13.25,13.25,7.147173404693604,-0.8354240453341367,0.0,0.0,0.0
2001-10-18,13.25,13.25,13.25,13.25,7.147173404693604,-0.8354240453341367,0.0,0.0,0.0
2001-10-19,13.25,13.25,13.25,13.25,7.147173404693604,-0.8354240453341367,0.0,0.0,0.0
2001-10-22,13.25,13.25,13.25,13.25,7.147173404693604,-0.8354240453341367,0.0,0.0,0.0
2001-10-23,13.25,13.25,13.25,13.25,7.147173404693604,-0.8354240453341367,0.0,0.0,0.0
2001-10-24,13.25,13.25,13.25,13.25,7.147173404693604,-0.8354240453341367,0.0,0.0,0.0
2001-10-25,13.25,13.25,13.25,13.25,7.147173404693604,-0.8354240453341367,0.0,0.0,0.0
2001-10-26,13.25,13.25,13.25,13.25,7.147173404693604,-0.8354240453341367,0.0,0.0,0.0
2001-10-29,13.25,13.25,13.25,13.25,7.147173404693604,-0.8354240453341367,0.0,0.0,0.0
2001-10-30,13.25,13.25,13.25,13.25,7.147173404693604,-0.8354240453341367,0.0,0.0,0.0
2001-10-31,13.25,13.25,13.25,13.25,7.147173404693604,-0.8354240453341367,0.0,0.0,0.0
2001-11-01,13.25,13.25,13.25,13.25,7.147173404693604,-0.8354240453341367,0.0,0.0,0.0
2001-11-02,13.25,13.25,13.25,13.25,7.147173404693604,-0.8354240453341367,0.0,0.0,0.0
2001-11-05,13.25,13.25,13.25,13.25,7.147173404693604,-0.8354240453341367,0.0,0.0,0.0
2001-11-06,13.25,13.25,13.25,13.25,7.147173404693604,-0.8354240453341367,0.0,0.0,0.0
2001-11-07,13.25,13.25,13.25,13.25,7.147173404693604,-0.8354240453341367,0.0,0.0,0.0
2001-11-08,13.25,13.25,13.25,13.25,7.147173404693604,-0.8354240453341367,0.0,0.0,0.0
2001-11-09,13.25,13.25,13.25,13.25,7.147173404693604,-0.8354240453341367,0.0,0.0,0.0
2001-11-12,13.25,13.25,13.25,13.25,7.147173404693604,-0.8354240453341367,0.0,0.0,0.0
2001-11-13,13.25,13.25,13.25,13.25,7.147173404693604,-0.8354240453341367,0.0,0.0,0.0
2001-11-14,13.25,13.25,13.25,13.25,7.147173404693604,-0.8354240453341367,0.0,0.0,0.0
2001-11-15,13.25,13.25,13.25,13.25,7.147173404693604,-0.8354240453341367,0.0,0.0,0.0
2001-11-16,13.25,13.25,13.25,13.25,7.147173404693604,-0.8354240453341367,0.0,0.0,0.0
2001-11-19,13.25,13.25,13.25,13.25,7.147173404693604,-0.8354240453341367,0.0,0.0,0.0
2001-11-20,13.25,13.25,13.25,13.25,7.147173404693604,-0.8354240453341367,0.0,0.0,0.0
2001-11-21,13.25,13.25,13.25,13.25,7.147173404693604,-0.8354240453341367,0.0,0.0,0.0
2001-11-23,13.25,13.25,13.25,13.25,7.147173404693604,-0.8354240453341367,0.0,0.0,0.0
2001-11-26,13.25,13.25,13.25,13.25,7.147173404693604,-0.8354240453341367,0.0,0.0,0.0
2001-11-27,12.5,12.5,12.5,12.5,6.742615222930908,-0.6835002667051695,-5.66039410065271,-0.4045581817626962,-0.4045581817626962
2001-11-28,12.5,12.5,12.5,12.5,6.742615222930908,-0.8354240453341367,0.0,0.0,0.0
2001-11-29,12.5,12.5,12.5,12.5,6.742615222930908,-0.8354240453341367,0.0,0.0,0.0
2001-11-30,12.5,12.5,12.5,12.5,6.742615222930908,-0.8354240453341367,0.0,0.0,0.0
2001-12-03,13.333333015441896,13.333333015441896,13.333333015441896,13.333333015441896,7.192121982574463,-0.7214812113624113,6.666652994150257,0.4495067596435547,0.4495067596435547
2001-12-04,12.516666412353516,12.516666412353516,12.516666412353516,12.516666412353516,6.751605033874512,-0.797443100676895,-6.124992731870571,-0.4405169486999511,-0.44051694869995117
2001-12-05,12.516666412353516,12.516666412353516,12.516666412353516,12.516666412353516,6.751605033874512,-0.8354240453341367,0.0,0.0,0.0
2001-12-06,12.516666412353516,12.516666412353516,12.516666412353516,12.516666412353516,6.751605033874512,-0.8354240453341367,0.0,0.0,0.0
2001-12-07,13.333333015441896,13.333333015441896,13.333333015441896,13.333333015441896,7.192121982574463,-0.797443100676895,6.524625574063747,0.4405169486999511,0.44051694869995117
2001-12-10,13.333333015441896,13.333333015441896,13.333333015441896,13.333333015441896,7.192121982574463,-0.8354240453341367,0.0,0.0,0.0
2001-12-11,13.333333015441896,13.333333015441896,13.333333015441896,13.333333015441896,7.192121982574463,-0.8354240453341367,0.0,0.0,0.0
2001-12-12,13.333333015441896,13.333333015441896,13.333333015441896,13.333333015441896,7.192121982574463,-0.8354240453341367,0.0,0.0,0.0
2001-12-13,13.333333015441896,13.333333015441896,13.333333015441896,13.333333015441896,7.192121982574463,-0.8354240453341367,0.0,0.0,0.0
2001-12-14,13.333333015441896,13.333333015441896,13.333333015441896,13.333333015441896,7.192121982574463,-0.8354240453341367,0.0,0.0,0.0
2001-12-17,13.333333015441896,13.333333015441896,13.333333015441896,13.333333015441896,7.192121982574463,-0.8354240453341367,0.0,0.0,0.0
2001-12-18,13.25,13.25,13.25,13.25,7.147173404693604,-0.7594621560196531,-0.6249696263461946,-0.0449485778808584,-0.04494857788085849
2001-12-19,13.25,13.25,13.25,13.25,7.147173404693604,-0.8354240453341367,0.0,0.0,0.0
2001-12-20,13.25,13.25,13.25,13.25,7.147173404693604,-0.8354240453341367,0.0,0.0,0.0
2001-12-21,13.25,13.25,13.25,13.25,7.147173404693604,-0.8354240453341367,0.0,0.0,0.0
2001-12-24,12.666666984558104,13.0,12.666666984558104,13.0,7.012317180633545,0.7217946856127773,-1.8868469592678183,-0.1348562240600594,-0.13485622406005948
2001-12-26,13.0,13.0,13.0,13.0,7.012317180633545,-0.8354240453341367,0.0,0.0,0.0
2001-12-27,13.333333015441896,13.333333015441896,13.333333015441896,13.333333015441896,7.192121982574463,1.2155469661569207,2.5641281948497463,0.1798048019409179,0.17980480194091797
2001-12-31,12.923333168029783,13.333333015441896,12.923333168029783,13.333333015441896,7.192121982574463,-0.1137860968465424,0.0,0.0,0.0
2002-01-02,13.333333015441896,13.333333015441896,13.333333015441896,13.333333015441896,7.192121982574463,-0.8354240453341367,0.0,0.0,0.0
2002-01-03,13.333333015441896,13.333333015441896,13.333333015441896,13.333333015441896,7.192121982574463,-0.7214812113624113,0.0,0.0,0.0
2002-01-04,13.333333015441896,13.333333015441896,13.333333015441896,13.333333015441896,7.192121982574463,-0.8354240453341367,0.0,0.0,0.0
2002-01-07,13.333333015441896,13.333333015441896,13.333333015441896,13.333333015441896,7.192121982574463,0.2660233497258756,0.0,0.0,0.0
2002-01-08,13.333333015441896,13.333333015441896,13.333333015441896,13.333333015441896,7.192121982574463,-0.8354240453341367,0.0,0.0,0.0
2002-01-09,13.333333015441896,13.333333015441896,13.333333015441896,13.333333015441896,7.192121982574463,-0.8354240453341367,0.0,0.0,0.0
2002-01-10,13.0,13.333333015441896,13.0,13.266666412353516,7.156163215637207,0.759775630270019,-0.499974375078438,-0.0359587669372558,-0.03595876693725586
2002-01-11,13.266666412353516,13.266666412353516,13.166666984558104,13.166666984558104,7.102217197418213,-0.6835002667051695,-0.7538399641460747,-0.0539460182189941,-0.05394601821899414
2002-01-14,13.0,13.0,13.0,13.0,7.012317180633545,0.3040042943831174,-1.2658021331331315,-0.0899000167846679,-0.08990001678466797
2002-01-15,13.333333015441896,13.333333015441896,13.0,13.0,7.012317180633545,-0.379652709447235,0.0,0.0,0.0
2002-01-16,13.0,13.0,13.0,13.0,7.012317180633545,-0.8354240453341367,0.0,0.0,0.0
2002-01-17,13.0,13.0,13.0,13.0,7.012317180633545,-0.8354240453341367,0.0,0.0,0.0
2002-01-18,13.333333015441896,13.333333015441896,13.333333015441896,13.333333015441896,7.192121982574463,-0.4556145987617186,2.5641281948497463,0.1798048019409179,0.17980480194091797
2002-01-22,13.333333015441896,13.333333015441896,13.333333015441896,13.333333015441896,7.192121982574463,-0.797443100676895,0.0,0.0,0.0
2002-01-23,13.333333015441896,13.333333015441896,13.333333015441896,13.333333015441896,7.192121982574463,-0.8354240453341367,0.0,0.0,0.0
2002-01-24,13.333333015441896,13.333333015441896,13.333333015441896,13.333333015441896,7.192121982574463,-0.8354240453341367,0.0,0.0,0.0
2002-01-25,13.333333015441896,13.333333015441896,13.333333015441896,13.333333015441896,7.192121982574463,-0.8354240453341367,0.0,0.0,0.0
2002-01-28,13.333333015441896,13.333333015441896,13.333333015441896,13.333333015441896,7.192121982574463,-0.8354240453341367,0.0,0.0,0.0
2002-01-29,13.333333015441896,13.333333015441896,13.333333015441896,13.333333015441896,7.192121982574463,-0.8354240453341367,0.0,0.0,0.0
2002-01-30,13.333333015441896,13.333333015441896,13.333333015441896,13.333333015441896,7.192121982574463,-0.8354240453341367,0.0,0.0,0.0
2002-01-31,13.333333015441896,13.333333015441896,13.333333015441896,13.333333015441896,7.192121982574463,-0.8354240453341367,0.0,0.0,0.0
2002-02-01,13.333333015441896,13.333333015441896,13.333333015441896,13.333333015441896,7.192121982574463,-0.8354240453341367,0.0,0.0,0.0
2002-02-04,13.333333015441896,13.333333015441896,13.333333015441896,13.333333015441896,7.192121982574463,-0.8354240453341367,0.0,0.0,0.0
2002-02-05,13.333333015441896,13.333333015441896,13.333333015441896,13.333333015441896,7.192121982574463,-0.8354240453341367,0.0,0.0,0.0
2002-02-06,13.333333015441896,13.333333015441896,13.333333015441896,13.333333015441896,7.192121982574463,-0.8354240453341367,0.0,0.0,0.0
2002-02-07,13.333333015441896,13.333333015441896,13.333333015441896,13.333333015441896,7.192121982574463,-0.7594621560196531,0.0,0.0,0.0
2002-02-08,13.333333015441896,13.333333015441896,13.333333015441896,13.333333015441896,7.192121982574463,-0.8354240453341367,0.0,0.0,0.0
2002-02-11,13.333333015441896,13.333333015441896,13.333333015441896,13.333333015441896,7.192121982574463,-0.8354240453341367,0.0,0.0,0.0
2002-02-12,13.333333015441896,13.333333015441896,13.333333015441896,13.333333015441896,7.192121982574463,-0.8354240453341367,0.0,0.0,0.0
2002-02-13,13.333333015441896,13.333333015441896,13.333333015441896,13.333333015441896,7.192121982574463,-0.8354240453341367,0.0,0.0,0.0
2002-02-14,13.333333015441896,13.333333015441896,13.333333015441896,13.333333015441896,7.192121982574463,-0.8354240453341367,0.0,0.0,0.0
2002-02-15,13.333333015441896,13.333333015441896,13.333333015441896,13.333333015441896,7.192121982574463,-0.8354240453341367,0.0,0.0,0.0
2002-02-19,13.333333015441896,13.333333015441896,13.333333015441896,13.333333015441896,7.192121982574463,-0.8354240453341367,0.0,0.0,0.0
2002-02-20,13.333333015441896,13.333333015441896,13.333333015441896,13.333333015441896,7.192121982574463,-0.8354240453341367,0.0,0.0,0.0
2002-02-21,13.333333015441896,13.333333015441896,13.333333015441896,13.333333015441896,7.192121982574463,-0.8354240453341367,0.0,0.0,0.0
2002-02-22,13.333333015441896,13.333333015441896,13.333333015441896,13.333333015441896,7.192121982574463,-0.8354240453341367,0.0,0.0,0.0
2002-02-25,13.333333015441896,13.333333015441896,13.333333015441896,13.333333015441896,7.192121982574463,-0.8354240453341367,0.0,0.0,0.0
2002-02-26,13.333333015441896,13.333333015441896,13.333333015441896,13.333333015441896,7.192121982574463,-0.8354240453341367,0.0,0.0,0.0
2002-02-27,13.333333015441896,13.333333015441896,13.333333015441896,13.333333015441896,7.192121982574463,-0.8354240453341367,0.0,0.0,0.0
2002-02-28,13.333333015441896,13.333333015441896,13.333333015441896,13.333333015441896,7.192121982574463,-0.8354240453341367,0.0,0.0,0.0
2002-03-01,13.333333015441896,13.333333015441896,13.333333015441896,13.333333015441896,7.192121982574463,-0.8354240453341367,0.0,0.0,0.0
2002-03-04,13.333333015441896,13.333333015441896,13.333333015441896,13.333333015441896,7.192121982574463,-0.8354240453341367,0.0,0.0,0.0
2002-03-05,13.0,13.0,13.0,13.0,7.012317180633545,-0.797443100676895,-2.500024365222953,-0.1798048019409179,-0.17980480194091797
2002-03-06,13.0,13.0,13.0,13.0,7.012317180633545,-0.8354240453341367,0.0,0.0,0.0
2002-03-07,13.0,13.0,13.0,13.0,7.012317180633545,-0.8354240453341367,0.0,0.0,0.0
2002-03-08,13.0,13.0,13.0,13.0,7.012317180633545,-0.8354240453341367,0.0,0.0,0.0
2002-03-11,13.333333015441896,13.333333015441896,13.333333015441896,13.333333015441896,7.192121982574463,-0.797443100676895,2.5641281948497463,0.1798048019409179,0.17980480194091797
2002-03-12,13.333333015441896,13.333333015441896,13.333333015441896,13.333333015441896,7.192121982574463,-0.8354240453341367,0.0,0.0,0.0
2002-03-13,13.333333015441896,13.333333015441896,13.333333015441896,13.333333015441896,7.192121982574463,-0.8354240453341367,0.0,0.0,0.0
2002-03-14,13.333333015441896,13.333333015441896,13.333333015441896,13.333333015441896,7.192121982574463,-0.8354240453341367,0.0,0.0,0.0
2002-03-15,13.333333015441896,13.333333015441896,13.333333015441896,13.333333015441896,7.192121982574463,-0.8354240453341367,0.0,0.0,0.0
2002-03-18,13.333333015441896,13.333333015441896,13.333333015441896,13.333333015441896,7.192121982574463,-0.8354240453341367,0.0,0.0,0.0
2002-03-19,13.333333015441896,13.333333015441896,13.333333015441896,13.333333015441896,7.192121982574463,-0.8354240453341367,0.0,0.0,0.0
2002-03-20,13.333333015441896,13.333333015441896,13.333333015441896,13.333333015441896,7.192121982574463,-0.8354240453341367,0.0,0.0,0.0
2002-03-21,13.333333015441896,13.333333015441896,13.333333015441896,13.333333015441896,7.192121982574463,-0.8354240453341367,0.0,0.0,0.0
2002-03-22,13.333333015441896,13.333333015441896,13.333333015441896,13.333333015441896,7.192121982574463,-0.8354240453341367,0.0,0.0,0.0
2002-03-25,13.333333015441896,13.333333015441896,13.333333015441896,13.333333015441896,7.192121982574463,-0.8354240453341367,0.0,0.0,0.0
2002-03-26,13.333333015441896,13.333333015441896,13.333333015441896,13.333333015441896,7.192121982574463,-0.8354240453341367,0.0,0.0,0.0
2002-03-27,13.333333015441896,13.333333015441896,13.333333015441896,13.333333015441896,7.192121982574463,-0.8354240453341367,0.0,0.0,0.0
2002-03-28,13.333333015441896,13.333333015441896,13.333333015441896,13.333333015441896,7.192121982574463,-0.8354240453341367,0.0,0.0,0.0
2002-04-01,13.333333015441896,13.333333015441896,13.333333015441896,13.333333015441896,7.192121982574463,-0.8354240453341367,0.0,0.0,0.0
2002-04-02,13.333333015441896,13.333333015441896,13.333333015441896,13.333333015441896,7.192121982574463,-0.8354240453341367,0.0,0.0,0.0
2002-04-03,13.333333015441896,13.333333015441896,13.333333015441896,13.333333015441896,7.192121982574463,-0.8354240453341367,0.0,0.0,0.0
2002-04-04,13.333333015441896,13.333333015441896,13.333333015441896,13.333333015441896,7.192121982574463,-0.8354240453341367,0.0,0.0,0.0
2002-04-05,13.333333015441896,13.333333015441896,13.333333015441896,13.333333015441896,7.192121982574463,-0.8354240453341367,0.0,0.0,0.0
2002-04-08,13.333333015441896,13.666666984558104,13.333333015441896,13.666666984558104,7.371926307678223,-0.7594621560196531,2.50001773523032,0.1798043251037597,0.17980432510375977
2002-04-09,13.666666984558104,13.666666984558104,13.666666984558104,13.666666984558104,7.371926307678223,-0.8354240453341367,0.0,0.0,0.0
2002-04-10,13.666666984558104,13.666666984558104,13.666666984558104,13.666666984558104,7.371926307678223,-0.8354240453341367,0.0,0.0,0.0
2002-04-11,13.666666984558104,13.666666984558104,13.666666984558104,13.666666984558104,7.371926307678223,-0.8354240453341367,0.0,0.0,0.0
2002-04-12,13.666666984558104,13.666666984558104,13.666666984558104,13.666666984558104,7.371926307678223,-0.8354240453341367,0.0,0.0,0.0
2002-04-15,13.666666984558104,13.666666984558104,13.666666984558104,13.666666984558104,7.371926307678223,-0.8354240453341367,0.0,0.0,0.0
2002-04-16,13.666666984558104,13.666666984558104,13.666666984558104,13.666666984558104,7.371926307678223,-0.8354240453341367,0.0,0.0,0.0
2002-04-17,13.666666984558104,13.666666984558104,13.666666984558104,13.666666984558104,7.371926307678223,-0.8354240453341367,0.0,0.0,0.0
2002-04-18,13.666666984558104,13.666666984558104,13.666666984558104,13.666666984558104,7.371926307678223,-0.8354240453341367,0.0,0.0,0.0
2002-04-19,13.666666984558104,13.666666984558104,13.666666984558104,13.666666984558104,7.371926307678223,-0.8354240453341367,0.0,0.0,0.0
2002-04-22,13.666666984558104,13.666666984558104,13.666666984558104,13.666666984558104,7.371926307678223,-0.8354240453341367,0.0,0.0,0.0
2002-04-23,13.666666984558104,13.666666984558104,13.666666984558104,13.666666984558104,7.371926307678223,-0.8354240453341367,0.0,0.0,0.0
2002-04-24,13.666666984558104,13.666666984558104,13.666666984558104,13.666666984558104,7.371926307678223,-0.8354240453341367,0.0,0.0,0.0
2002-04-25,13.666666984558104,13.666666984558104,13.666666984558104,13.666666984558104,7.371926307678223,-0.8354240453341367,0.0,0.0,0.0
2002-04-26,13.666666984558104,13.666666984558104,13.666666984558104,13.666666984558104,7.371926307678223,-0.8354240453341367,0.0,0.0,0.0
2002-04-29,13.666666984558104,13.666666984558104,13.666666984558104,13.666666984558104,7.371926307678223,-0.8354240453341367,0.0,0.0,0.0
2002-04-30,13.666666984558104,13.666666984558104,13.666666984558104,13.666666984558104,7.371926307678223,-0.8354240453341367,0.0,0.0,0.0
2002-05-01,13.666666984558104,13.666666984558104,13.666666984558104,13.666666984558104,7.371926307678223,-0.8354240453341367,0.0,0.0,0.0
2002-05-02,13.666666984558104,13.666666984558104,13.666666984558104,13.666666984558104,7.371926307678223,-0.8354240453341367,0.0,0.0,0.0
2002-05-03,13.666666984558104,13.666666984558104,13.666666984558104,13.666666984558104,7.371926307678223,-0.8354240453341367,0.0,0.0,0.0
2002-05-06,13.666666984558104,13.666666984558104,13.666666984558104,13.666666984558104,7.371926307678223,-0.8354240453341367,0.0,0.0,0.0
2002-05-07,13.416666984558104,13.416666984558104,13.416666984558104,13.416666984558104,7.2370758056640625,0.4939090176693264,-1.829243760531174,-0.1348505020141601,-0.13485050201416016
2002-05-08,13.416666984558104,13.416666984558104,13.416666984558104,13.416666984558104,7.2370758056640625,3.076613254361769,0.0,0.0,0.0
2002-05-10,13.583333015441896,13.583333015441896,13.583333015441896,13.583333015441896,7.326973915100098,2.658822863132109,1.2421883071291884,0.0898981094360351,0.08989810943603516
2002-05-13,13.583333015441896,13.583333015441896,13.583333015441896,13.583333015441896,7.326973915100098,-0.8354240453341367,0.0,0.0,0.0
2002-05-14,13.583333015441896,13.583333015441896,13.583333015441896,13.583333015441896,7.326973915100098,-0.8354240453341367,0.0,0.0,0.0
2002-05-15,13.583333015441896,13.583333015441896,13.583333015441896,13.583333015441896,7.326973915100098,-0.8354240453341367,0.0,0.0,0.0
2002-05-16,13.5,13.5,13.5,13.5,7.282022476196289,-0.797443100676895,-0.6135061953908227,-0.0449514389038085,-0.044951438903808594
2002-05-17,14.333333015441896,14.333333015441896,13.466666221618652,13.466666221618652,7.264041900634766,1.6713183020438225,-0.2469173312812378,-0.0179805755615234,-0.017980575561523438
2002-05-20,13.466666221618652,13.466666221618652,13.466666221618652,13.466666221618652,7.264041900634766,-0.8354240453341367,0.0,0.0,0.0
2002-05-21,13.466666221618652,13.466666221618652,13.466666221618652,13.466666221618652,7.264041900634766,-0.8354240453341367,0.0,0.0,0.0
2002-05-22,13.466666221618652,13.466666221618652,13.466666221618652,13.466666221618652,7.264041900634766,-0.8354240453341367,0.0,0.0,0.0
2002-05-23,13.466666221618652,13.466666221618652,13.466666221618652,13.466666221618652,7.264041900634766,-0.8354240453341367,0.0,0.0,0.0
2002-05-24,13.666666984558104,13.666666984558104,13.666666984558104,13.666666984558104,7.371926307678223,-0.797443100676895,1.4851842613136546,0.107884407043457,0.10788440704345703
2002-05-28,13.666666984558104,13.666666984558104,13.666666984558104,13.666666984558104,7.371926307678223,-0.8354240453341367,0.0,0.0,0.0
2002-05-29,13.666666984558104,13.666666984558104,13.666666984558104,13.666666984558104,7.371926307678223,-0.8354240453341367,0.0,0.0,0.0
2002-05-30,13.666666984558104,13.666666984558104,13.666666984558104,13.666666984558104,7.371926307678223,-0.8354240453341367,0.0,0.0,0.0
2002-05-31,13.666666984558104,13.666666984558104,13.666666984558104,13.666666984558104,7.371926307678223,-0.8354240453341367,0.0,0.0,0.0
2002-06-03,13.666666984558104,13.666666984558104,13.666666984558104,13.666666984558104,7.371926307678223,-0.8354240453341367,0.0,0.0,0.0
2002-06-04,13.666666984558104,13.666666984558104,13.666666984558104,13.666666984558104,7.371926307678223,-0.8354240453341367,0.0,0.0,0.0
2002-06-05,13.666666984558104,13.666666984558104,13.666666984558104,13.666666984558104,7.371926307678223,-0.8354240453341367,0.0,0.0,0.0
2002-06-06,14.033333778381348,15.0,14.033333778381348,15.0,8.091137886047363,-0.7594621560196531,9.75608746414145,0.7192115783691406,0.7192115783691406
2002-06-07,15.0,15.0,15.0,15.0,8.091137886047363,-0.8354240453341367,0.0,0.0,0.0
2002-06-10,14.016666412353516,14.416666984558104,13.666666984558104,14.25,7.686582565307617,2.127089637930724,-4.999980552023164,-0.4045553207397461,-0.4045553207397461
2002-06-11,14.25,14.25,14.25,14.25,7.686582565307617,-0.8354240453341367,0.0,0.0,0.0
2002-06-12,14.25,14.25,14.25,14.25,7.686582565307617,-0.8354240453341367,0.0,0.0,0.0
2002-06-13,14.25,14.25,14.25,14.25,7.7665205001831055,-0.8354240453341367,1.039967166114586,0.0799379348754882,0.07993793487548828
2002-06-14,14.25,14.25,14.25,14.25,7.7665205001831055,-0.8354240453341367,0.0,0.0,0.0
2002-06-17,14.25,14.25,14.25,14.25,7.7665205001831055,-0.8354240453341367,0.0,0.0,0.0
2002-06-18,14.25,14.25,14.25,14.25,7.7665205001831055,-0.8354240453341367,0.0,0.0,0.0
2002-06-19,14.25,14.25,14.25,14.25,7.7665205001831055,-0.8354240453341367,0.0,0.0,0.0
2002-06-20,14.25,14.25,14.25,14.25,7.7665205001831055,-0.8354240453341367,0.0,0.0,0.0
2002-06-21,14.25,14.25,14.25,14.25,7.7665205001831055,-0.8354240453341367,0.0,0.0,0.0
2002-06-24,14.583333015441896,14.583333015441896,14.583333015441896,14.583333015441896,7.948191165924072,-0.4556145987617186,2.339151306388532,0.1816706657409668,0.1816706657409668
2002-06-25,14.583333015441896,14.583333015441896,14.583333015441896,14.583333015441896,7.948191165924072,-0.8354240453341367,0.0,0.0,0.0
2002-06-27,14.333333015441896,14.333333015441896,14.166666984558104,14.333333015441896,7.81193733215332,2.506899084503142,-1.7142747441066477,-0.1362538337707519,-0.13625383377075195
2002-06-28,14.333333015441896,14.333333015441896,14.333333015441896,14.333333015441896,7.81193733215332,-0.8354240453341367,0.0,0.0,0.0
2002-07-01,14.333333015441896,14.333333015441896,14.333333015441896,14.333333015441896,7.81193733215332,-0.8354240453341367,0.0,0.0,0.0
2002-07-02,14.333333015441896,14.333333015441896,14.333333015441896,14.333333015441896,7.81193733215332,-0.2657098754755096,0.0,0.0,0.0
2002-07-03,14.5,14.5,14.5,14.5,7.902771949768066,-0.2657098754755096,1.1627668496632548,0.0908346176147461,0.0908346176147461
2002-07-05,14.5,14.5,14.5,14.5,7.902771949768066,-0.8354240453341367,0.0,0.0,0.0
2002-07-08,14.666666984558104,14.666666984558104,14.666666984558104,14.666666984558104,7.993608474731445,-0.6835002667051695,1.1494261196040911,0.0908365249633789,0.0908365249633789
2002-07-09,14.666666984558104,14.666666984558104,14.666666984558104,14.666666984558104,7.993608474731445,-0.8354240453341367,0.0,0.0,0.0
2002-07-10,14.666666984558104,14.666666984558104,14.666666984558104,14.666666984558104,7.993608474731445,-0.8354240453341367,0.0,0.0,0.0
2002-07-11,14.666666984558104,14.666666984558104,14.666666984558104,14.666666984558104,7.993608474731445,-0.8354240453341367,0.0,0.0,0.0
2002-07-12,14.666666984558104,14.666666984558104,14.666666984558104,14.666666984558104,7.993608474731445,-0.8354240453341367,0.0,0.0,0.0
2002-07-15,14.666666984558104,14.666666984558104,14.666666984558104,14.666666984558104,7.993608474731445,-0.8354240453341367,0.0,0.0,0.0
2002-07-16,14.666666984558104,14.666666984558104,14.666666984558104,14.666666984558104,7.993608474731445,-0.8354240453341367,0.0,0.0,0.0
2002-07-17,14.666666984558104,14.666666984558104,14.666666984558104,14.666666984558104,7.993608474731445,-0.8354240453341367,0.0,0.0,0.0
2002-07-18,14.666666984558104,14.666666984558104,14.666666984558104,14.666666984558104,7.993608474731445,-0.8354240453341367,0.0,0.0,0.0
2002-07-19,14.666666984558104,14.666666984558104,14.666666984558104,14.666666984558104,7.993608474731445,-0.8354240453341367,0.0,0.0,0.0
2002-07-22,14.666666984558104,14.666666984558104,14.666666984558104,14.666666984558104,7.993608474731445,-0.8354240453341367,0.0,0.0,0.0
2002-07-23,14.666666984558104,14.666666984558104,14.666666984558104,14.666666984558104,7.993608474731445,-0.8354240453341367,0.0,0.0,0.0
2002-07-24,14.666666984558104,14.666666984558104,14.666666984558104,14.666666984558104,7.993608474731445,-0.8354240453341367,0.0,0.0,0.0
2002-07-25,14.666666984558104,14.666666984558104,14.666666984558104,14.666666984558104,7.993608474731445,-0.8354240453341367,0.0,0.0,0.0
2002-07-26,14.666666984558104,14.666666984558104,14.666666984558104,14.666666984558104,7.993608474731445,-0.8354240453341367,0.0,0.0,0.0
2002-07-29,14.666666984558104,14.666666984558104,14.666666984558104,14.666666984558104,7.993608474731445,-0.8354240453341367,0.0,0.0,0.0
2002-07-30,14.666666984558104,14.666666984558104,14.666666984558104,14.666666984558104,8.074356079101562,-0.8354240453341367,1.0101521062154672,0.0807476043701171,0.08074760437011719
2002-07-31,14.666666984558104,14.666666984558104,14.666666984558104,14.666666984558104,8.074356079101562,-0.8354240453341367,0.0,0.0,0.0
2002-08-01,14.666666984558104,14.666666984558104,14.666666984558104,14.666666984558104,8.074356079101562,-0.8354240453341367,0.0,0.0,0.0
2002-08-02,14.666666984558104,14.666666984558104,14.666666984558104,14.666666984558104,8.074356079101562,-0.8354240453341367,0.0,0.0,0.0
2002-08-05,14.666666984558104,14.666666984558104,14.666666984558104,14.666666984558104,8.074356079101562,-0.8354240453341367,0.0,0.0,0.0
2002-08-06,14.666666984558104,14.666666984558104,14.366666793823242,14.583333015441896,8.02847957611084,-0.3036908201327514,-0.5681753757363017,-0.0458765029907226,-0.045876502990722656
2002-08-07,14.333333015441896,14.5,14.333333015441896,14.5,7.98259973526001,-0.189747986161026,-0.5714636303908449,-0.04587984085083,-0.04587984085083008
2002-08-08,14.333333015441896,14.5,14.333333015441896,14.5,7.98259973526001,-0.4176336541044768,0.0,0.0,0.0
2002-08-09,14.5,14.666666984558104,14.333333015441896,14.333333015441896,7.890846252441406,2.582860973817626,-1.1494185586347072,-0.0917534828186035,-0.09175348281860352
2002-08-12,14.666666984558104,15.0,14.666666984558104,15.0,8.257861137390137,-0.4176336541044768,4.651147332077055,0.3670148849487304,0.36701488494873047
2002-08-13,14.833333015441896,14.833333015441896,14.833333015441896,14.833333015441896,8.166107177734375,-0.4556145987617186,-1.11111046951754,-0.0917539596557617,-0.09175395965576172
2002-08-14,15.0,15.0,15.0,15.0,8.257861137390137,-0.4556145987617186,1.1235948495255776,0.0917539596557617,0.09175395965576172
2002-08-15,15.0,15.0,15.0,15.0,8.257861137390137,-0.4556145987617186,0.0,0.0,0.0
2002-08-16,15.0,15.0,14.833333015441896,14.833333015441896,8.166107177734375,-0.1517670415037842,-1.11111046951754,-0.0917539596557617,-0.09175395965576172
2002-08-19,14.966666221618652,15.083333015441896,14.666666984558104,15.083333015441896,8.303738594055176,0.1140995710969084,1.6853981135107388,0.1376314163208007,0.13763141632080078
2002-08-20,15.083333015441896,15.083333015441896,15.083333015441896,15.083333015441896,8.303738594055176,-0.8354240453341367,0.0,0.0,0.0
2002-08-21,15.083333015441896,15.083333015441896,15.083333015441896,15.083333015441896,8.303738594055176,-0.8354240453341367,0.0,0.0,0.0
2002-08-22,15.083333015441896,15.083333015441896,15.083333015441896,15.083333015441896,8.303738594055176,-0.8354240453341367,0.0,0.0,0.0
2002-08-23,15.083333015441896,15.083333015441896,15.083333015441896,15.083333015441896,8.303738594055176,-0.8354240453341367,0.0,0.0,0.0
2002-08-26,14.833333015441896,14.833333015441896,14.833333015441896,14.833333015441896,8.166107177734375,-0.797443100676895,-1.657463259011238,-0.1376314163208007,-0.13763141632080078
2002-08-27,14.833333015441896,14.833333015441896,14.833333015441896,14.833333015441896,8.166107177734375,-0.8354240453341367,0.0,0.0,0.0
2002-08-28,14.833333015441896,14.833333015441896,14.833333015441896,14.833333015441896,8.166107177734375,-0.8354240453341367,0.0,0.0,0.0
2002-08-29,14.833333015441896,14.833333015441896,14.833333015441896,14.833333015441896,8.166107177734375,-0.8354240453341367,0.0,0.0,0.0
2002-08-30,14.833333015441896,14.833333015441896,14.833333015441896,14.833333015441896,8.166107177734375,-0.8354240453341367,0.0,0.0,0.0
2002-09-03,14.833333015441896,14.833333015441896,14.833333015441896,14.833333015441896,8.166107177734375,-0.8354240453341367,0.0,0.0,0.0
2002-09-04,14.833333015441896,14.833333015441896,14.833333015441896,14.833333015441896,8.166107177734375,-0.8354240453341367,0.0,0.0,0.0
2002-09-05,14.833333015441896,14.833333015441896,14.833333015441896,14.833333015441896,8.166107177734375,-0.8354240453341367,0.0,0.0,0.0
2002-09-06,14.833333015441896,14.833333015441896,14.833333015441896,14.833333015441896,8.166107177734375,-0.8354240453341367,0.0,0.0,0.0
2002-09-09,15.0,15.0,15.0,15.0,8.257861137390137,-0.6835002667051695,1.1235948495255776,0.0917539596557617,0.09175395965576172
2002-09-10,15.0,15.0,15.0,15.0,8.257861137390137,-0.8354240453341367,0.0,0.0,0.0
2002-09-11,15.0,15.0,15.0,15.0,8.257861137390137,-0.8354240453341367,0.0,0.0,0.0
2002-09-12,15.333333015441896,15.583333015441896,15.333333015441896,15.583333015441896,8.579002380371094,-0.2277289308182678,3.88891551502224,0.321141242980957,0.32114124298095703
2002-09-13,15.583333015441896,15.583333015441896,15.583333015441896,15.583333015441896,8.579002380371094,-0.8354240453341367,0.0,0.0,0.0
2002-09-16,15.583333015441896,15.583333015441896,15.583333015441896,15.583333015441896,8.579002380371094,-0.8354240453341367,0.0,0.0,0.0
2002-09-17,15.333333015441896,15.333333015441896,15.333333015441896,15.333333015441896,8.441370010375977,0.0001567371251829,-1.6042934119009256,-0.1376323699951172,-0.1376323699951172
2002-09-18,15.333333015441896,15.333333015441896,15.333333015441896,15.333333015441896,8.441370010375977,-0.8354240453341367,0.0,0.0,0.0
2002-09-19,15.333333015441896,15.333333015441896,15.333333015441896,15.333333015441896,8.441370010375977,-0.8354240453341367,0.0,0.0,0.0
2002-09-20,15.333333015441896,15.333333015441896,15.333333015441896,15.333333015441896,8.441370010375977,-0.8354240453341367,0.0,0.0,0.0
2002-09-23,15.333333015441896,15.333333015441896,15.333333015441896,15.333333015441896,8.441370010375977,-0.8354240453341367,0.0,0.0,0.0
2002-09-24,15.333333015441896,15.333333015441896,15.333333015441896,15.333333015441896,8.441370010375977,-0.8354240453341367,0.0,0.0,0.0
2002-09-25,15.333333015441896,15.333333015441896,15.333333015441896,15.333333015441896,8.441370010375977,-0.8354240453341367,0.0,0.0,0.0
2002-09-26,15.333333015441896,15.333333015441896,15.333333015441896,15.333333015441896,8.441370010375977,-0.8354240453341367,0.0,0.0,0.0
2002-09-27,15.333333015441896,15.333333015441896,15.333333015441896,15.333333015441896,8.441370010375977,-0.8354240453341367,0.0,0.0,0.0
2002-09-30,15.333333015441896,15.333333015441896,15.333333015441896,15.333333015441896,8.441370010375977,-0.8354240453341367,0.0,0.0,0.0
2002-10-01,15.333333015441896,15.333333015441896,15.333333015441896,15.333333015441896,8.441370010375977,-0.8354240453341367,0.0,0.0,0.0
2002-10-02,15.333333015441896,15.333333015441896,15.333333015441896,15.333333015441896,8.441370010375977,-0.8354240453341367,0.0,0.0,0.0
2002-10-03,15.333333015441896,15.333333015441896,15.333333015441896,15.333333015441896,8.441370010375977,-0.8354240453341367,0.0,0.0,0.0
2002-10-04,15.333333015441896,15.333333015441896,15.333333015441896,15.333333015441896,8.441370010375977,-0.8354240453341367,0.0,0.0,0.0
2002-10-07,15.333333015441896,15.333333015441896,15.333333015441896,15.333333015441896,8.441370010375977,-0.8354240453341367,0.0,0.0,0.0
2002-10-08,15.333333015441896,15.333333015441896,15.333333015441896,15.333333015441896,8.441370010375977,-0.8354240453341367,0.0,0.0,0.0
2002-10-09,15.333333015441896,15.333333015441896,15.333333015441896,15.333333015441896,8.441370010375977,-0.8354240453341367,0.0,0.0,0.0
2002-10-10,15.333333015441896,15.333333015441896,15.333333015441896,15.333333015441896,8.441370010375977,-0.8354240453341367,0.0,0.0,0.0
2002-10-11,15.333333015441896,15.333333015441896,15.333333015441896,15.333333015441896,8.441370010375977,-0.8354240453341367,0.0,0.0,0.0
2002-10-14,15.833333015441896,15.833333015441896,15.833333015441896,15.833333015441896,8.716633796691895,-0.4556145987617186,3.26088995006224,0.2752637863159179,0.27526378631591797
2002-10-15,15.333333015441896,15.583333015441896,15.333333015441896,15.583333015441896,8.579002380371094,-0.0758051521893006,-1.578951456846034,-0.1376314163208007,-0.13763141632080078
2002-10-16,15.583333015441896,15.583333015441896,15.583333015441896,15.583333015441896,8.579002380371094,-0.8354240453341367,0.0,0.0,0.0
2002-10-17,15.583333015441896,15.583333015441896,15.583333015441896,15.583333015441896,8.579002380371094,-0.8354240453341367,0.0,0.0,0.0
2002-10-18,15.583333015441896,15.583333015441896,15.583333015441896,15.583333015441896,8.579002380371094,-0.8354240453341367,0.0,0.0,0.0
2002-10-21,15.583333015441896,15.583333015441896,15.583333015441896,15.583333015441896,8.579002380371094,-0.8354240453341367,0.0,0.0,0.0
2002-10-22,15.483333587646484,15.483333587646484,15.483333587646484,15.483333587646484,8.523947715759277,-0.4556145987617186,-0.6417373742404142,-0.0550546646118164,-0.055054664611816406
2002-10-23,15.483333587646484,15.483333587646484,15.483333587646484,15.483333587646484,8.523947715759277,-0.8354240453341367,0.0,0.0,0.0
2002-10-24,15.483333587646484,15.483333587646484,15.483333587646484,15.483333587646484,8.523947715759277,-0.8354240453341367,0.0,0.0,0.0
2002-10-25,15.483333587646484,15.483333587646484,15.483333587646484,15.483333587646484,8.523947715759277,-0.8354240453341367,0.0,0.0,0.0
2002-10-28,15.483333587646484,15.483333587646484,15.483333587646484,15.483333587646484,8.523947715759277,-0.8354240453341367,0.0,0.0,0.0
2002-10-29,15.483333587646484,15.483333587646484,15.483333587646484,15.483333587646484,8.523947715759277,-0.8354240453341367,0.0,0.0,0.0
2002-10-30,15.483333587646484,15.483333587646484,15.483333587646484,15.483333587646484,8.605462074279785,-0.8354240453341367,0.956298199363692,0.0815143585205078,0.08151435852050781
2002-10-31,15.483333587646484,15.483333587646484,15.483333587646484,15.483333587646484,8.605462074279785,-0.8354240453341367,0.0,0.0,0.0
2002-11-01,15.483333587646484,15.483333587646484,15.483333587646484,15.483333587646484,8.605462074279785,-0.8354240453341367,0.0,0.0,0.0
2002-11-04,15.483333587646484,15.483333587646484,15.483333587646484,15.483333587646484,8.605462074279785,-0.8354240453341367,0.0,0.0,0.0
2002-11-05,15.483333587646484,15.483333587646484,15.483333587646484,15.483333587646484,8.605462074279785,-0.8354240453341367,0.0,0.0,0.0
2002-11-06,15.483333587646484,15.483333587646484,15.483333587646484,15.483333587646484,8.605462074279785,-0.8354240453341367,0.0,0.0,0.0
2002-11-07,15.483333587646484,15.483333587646484,15.483333587646484,15.483333587646484,8.605462074279785,-0.8354240453341367,0.0,0.0,0.0
2002-11-08,15.5,15.5,15.5,15.5,8.614727973937988,0.5318899623265683,0.107674632439525,0.0092658996582031,0.009265899658203125
2002-11-11,15.5,15.5,15.5,15.5,8.614727973937988,-0.8354240453341367,0.0,0.0,0.0
2002-11-12,15.5,15.5,15.5,15.5,8.614727973937988,-0.8354240453341367,0.0,0.0,0.0
2002-11-13,15.666666984558104,15.666666984558104,15.666666984558104,15.666666984558104,8.70736026763916,-0.6075383773906858,1.0752782209886511,0.0926322937011718,0.09263229370117188
2002-11-14,15.666666984558104,15.666666984558104,15.666666984558104,15.666666984558104,8.70736026763916,-0.8354240453341367,0.0,0.0,0.0
2002-11-15,15.666666984558104,15.666666984558104,15.666666984558104,15.666666984558104,8.70736026763916,-0.8354240453341367,0.0,0.0,0.0
2002-11-18,15.5,15.666666984558104,15.5,15.666666984558104,8.70736026763916,-0.4935955434189604,0.0,0.0,0.0
2002-11-19,15.666666984558104,15.666666984558104,15.666666984558104,15.666666984558104,8.70736026763916,-0.8354240453341367,0.0,0.0,0.0
2002-11-20,15.666666984558104,15.666666984558104,15.666666984558104,15.666666984558104,8.70736026763916,-0.8354240453341367,0.0,0.0,0.0
2002-11-21,15.666666984558104,15.666666984558104,15.666666984558104,15.666666984558104,8.70736026763916,-0.8354240453341367,0.0,0.0,0.0
2002-11-22,15.666666984558104,15.666666984558104,15.666666984558104,15.666666984558104,8.70736026763916,-0.8354240453341367,0.0,0.0,0.0
2002-11-25,15.666666984558104,15.666666984558104,15.666666984558104,15.666666984558104,8.70736026763916,-0.8354240453341367,0.0,0.0,0.0
2002-11-26,15.666666984558104,15.666666984558104,15.666666984558104,15.666666984558104,8.70736026763916,-0.8354240453341367,0.0,0.0,0.0
2002-11-27,15.666666984558104,15.666666984558104,15.666666984558104,15.666666984558104,8.70736026763916,-0.8354240453341367,0.0,0.0,0.0
2002-11-29,15.666666984558104,15.666666984558104,15.666666984558104,15.666666984558104,8.70736026763916,-0.8354240453341367,0.0,0.0,0.0
2002-12-02,15.666666984558104,15.666666984558104,15.666666984558104,15.666666984558104,8.70736026763916,-0.8354240453341367,0.0,0.0,0.0
2002-12-03,15.666666984558104,15.666666984558104,15.666666984558104,15.666666984558104,8.70736026763916,-0.8354240453341367,0.0,0.0,0.0
2002-12-04,15.666666984558104,15.666666984558104,15.666666984558104,15.666666984558104,8.70736026763916,-0.8354240453341367,0.0,0.0,0.0
2002-12-05,15.666666984558104,15.666666984558104,15.666666984558104,15.666666984558104,8.70736026763916,-0.8354240453341367,0.0,0.0,0.0
2002-12-06,15.666666984558104,15.666666984558104,15.666666984558104,15.666666984558104,8.70736026763916,-0.8354240453341367,0.0,0.0,0.0
2002-12-09,15.666666984558104,15.666666984558104,15.666666984558104,15.666666984558104,8.70736026763916,-0.8354240453341367,0.0,0.0,0.0
2002-12-10,15.666666984558104,15.666666984558104,15.666666984558104,15.666666984558104,8.70736026763916,-0.8354240453341367,0.0,0.0,0.0
2002-12-11,15.666666984558104,15.666666984558104,15.666666984558104,15.666666984558104,8.70736026763916,-0.8354240453341367,0.0,0.0,0.0
2002-12-12,15.350000381469728,15.350000381469728,15.350000381469728,15.350000381469728,8.531363487243652,-0.4556145987617186,-2.02124151276476,-0.1759967803955078,-0.1759967803955078
2002-12-13,15.666666984558104,15.666666984558104,15.300000190734863,15.5,8.614727973937988,0.0001567371251829,0.9771531457894778,0.0833644866943359,0.08336448669433594
2002-12-16,15.5,15.5,15.5,15.5,8.614727973937988,-0.8354240453341367,0.0,0.0,0.0
2002-12-17,15.5,15.5,15.5,15.5,8.614727973937988,-0.8354240453341367,0.0,0.0,0.0
2002-12-18,15.5,15.5,15.5,15.5,8.614727973937988,-0.8354240453341367,0.0,0.0,0.0
2002-12-19,15.583333015441896,15.583333015441896,15.583333015441896,15.583333015441896,8.66104507446289,-0.4556145987617186,0.5376501807720979,0.0463171005249023,0.046317100524902344
2002-12-20,15.583333015441896,15.583333015441896,15.583333015441896,15.583333015441896,8.66104507446289,-0.8354240453341367,0.0,0.0,0.0
2002-12-23,15.583333015441896,15.583333015441896,15.583333015441896,15.583333015441896,8.66104507446289,-0.8354240453341367,0.0,0.0,0.0
2002-12-24,15.583333015441896,15.583333015441896,15.583333015441896,15.583333015441896,8.66104507446289,-0.8354240453341367,0.0,0.0,0.0
2002-12-26,15.583333015441896,15.583333015441896,15.583333015441896,15.583333015441896,8.66104507446289,-0.8354240453341367,0.0,0.0,0.0
2002-12-27,15.583333015441896,15.583333015441896,15.583333015441896,15.583333015441896,8.66104507446289,-0.8354240453341367,0.0,0.0,0.0
2002-12-30,15.583333015441896,15.583333015441896,15.583333015441896,15.583333015441896,8.66104507446289,-0.8354240453341367,0.0,0.0,0.0
2002-12-31,15.333333015441896,15.583333015441896,15.333333015441896,15.583333015441896,8.66104507446289,-0.5315764880762023,0.0,0.0,0.0
2003-01-02,15.583333015441896,15.583333015441896,15.583333015441896,15.583333015441896,8.66104507446289,-0.8354240453341367,0.0,0.0,0.0
2003-01-03,15.583333015441896,15.583333015441896,15.583333015441896,15.583333015441896,8.66104507446289,-0.8354240453341367,0.0,0.0,0.0
2003-01-06,15.583333015441896,15.583333015441896,15.583333015441896,15.583333015441896,8.66104507446289,-0.8354240453341367,0.0,0.0,0.0
2003-01-08,15.43333339691162,15.43333339691162,15.43333339691162,15.43333339691162,8.577679634094238,-0.8354240453341367,-0.9625332699682576,-0.0833654403686523,-0.08336544036865234
2003-01-09,15.350000381469728,15.350000381469728,15.350000381469728,15.350000381469728,8.531363487243652,-0.6835002667051695,-0.5399612578964819,-0.0463161468505859,-0.04631614685058594
2003-01-10,15.75,15.75,15.5,15.666666984558104,8.70736026763916,0.0001567371251829,2.062938481740506,0.1759967803955078,0.1759967803955078
2003-01-13,15.666666984558104,15.666666984558104,15.666666984558104,15.666666984558104,8.70736026763916,-0.6835002667051695,0.0,0.0,0.0
2003-01-14,15.666666984558104,15.666666984558104,15.666666984558104,15.666666984558104,8.70736026763916,-0.8354240453341367,0.0,0.0,0.0
2003-01-15,15.666666984558104,15.666666984558104,15.666666984558104,15.666666984558104,8.70736026763916,-0.8354240453341367,0.0,0.0,0.0
2003-01-16,15.666666984558104,15.666666984558104,15.666666984558104,15.666666984558104,8.70736026763916,-0.8354240453341367,0.0,0.0,0.0
2003-01-17,15.666666984558104,15.666666984558104,15.666666984558104,15.666666984558104,8.70736026763916,-0.8354240453341367,0.0,0.0,0.0
2003-01-21,15.666666984558104,15.666666984558104,15.666666984558104,15.666666984558104,8.70736026763916,-0.8354240453341367,0.0,0.0,0.0
2003-01-22,15.666666984558104,15.666666984558104,15.666666984558104,15.666666984558104,8.70736026763916,-0.8354240453341367,0.0,0.0,0.0
2003-01-23,15.666666984558104,15.666666984558104,15.666666984558104,15.666666984558104,8.70736026763916,-0.8354240453341367,0.0,0.0,0.0
2003-01-24,15.666666984558104,15.666666984558104,15.666666984558104,15.666666984558104,8.70736026763916,-0.8354240453341367,0.0,0.0,0.0
2003-01-27,15.666666984558104,15.666666984558104,15.666666984558104,15.666666984558104,8.70736026763916,-0.8354240453341367,0.0,0.0,0.0
2003-01-28,15.666666984558104,15.666666984558104,15.666666984558104,15.666666984558104,8.70736026763916,-0.8354240453341367,0.0,0.0,0.0
2003-01-29,15.666666984558104,15.666666984558104,15.666666984558104,15.666666984558104,8.70736026763916,-0.8354240453341367,0.0,0.0,0.0
2003-01-30,15.766666412353516,15.766666412353516,15.766666412353516,15.766666412353516,8.84575366973877,3.6083464795631546,1.589384128436122,0.1383934020996093,0.13839340209960938
2003-01-31,15.766666412353516,15.766666412353516,15.766666412353516,15.766666412353516,8.84575366973877,-0.8354240453341367,0.0,0.0,0.0
2003-02-03,15.916666984558104,16.0,15.916666984558104,16.0,8.976666450500488,3.0006513650472857,1.47995055762824,0.1309127807617187,0.13091278076171875
2003-02-04,16.0,16.0,16.0,16.0,8.976666450500488,-0.8354240453341367,0.0,0.0,0.0
2003-02-05,16.0,16.0,16.0,16.0,8.976666450500488,-0.8354240453341367,0.0,0.0,0.0
2003-02-06,16.0,16.0,16.0,16.0,8.976666450500488,-0.8354240453341367,0.0,0.0,0.0
2003-02-07,16.0,16.0,16.0,16.0,8.976666450500488,-0.8354240453341367,0.0,0.0,0.0
2003-02-10,16.0,16.0,16.0,16.0,8.976666450500488,-0.8354240453341367,0.0,0.0,0.0
2003-02-11,16.0,16.0,16.0,16.0,8.976666450500488,-0.8354240453341367,0.0,0.0,0.0
2003-02-12,16.0,16.0,16.0,16.0,8.976666450500488,-0.8354240453341367,0.0,0.0,0.0
2003-02-13,16.25,16.25,16.16666603088379,16.16666603088379,9.070168495178224,-0.0758051521893006,1.0416121083848706,0.0935020446777361,0.09350204467773615
2003-02-14,15.916666984558104,15.916666984558104,15.833333015441896,15.916666984558104,8.929909706115723,-0.0758051521893006,-1.5463746802175105,-0.1402587890625017,-0.14025878906250178
2003-02-18,15.916666984558104,15.916666984558104,15.916666984558104,15.916666984558104,8.929909706115723,-0.8354240453341367,0.0,0.0,0.0
2003-02-19,16.25,16.25,16.25,16.25,9.11691951751709,-0.3416717647899932,2.0941959947623268,0.1870098114013672,0.1870098114013672
2003-02-20,16.25,16.25,16.25,16.25,9.11691951751709,-0.7594621560196531,0.0,0.0,0.0
2003-02-21,16.25,16.25,16.25,16.25,9.11691951751709,-0.6075383773906858,0.0,0.0,0.0
2003-02-24,16.25,16.25,16.16666603088379,16.16666603088379,9.070168495178224,0.1140995710969084,-0.5127940665598629,-0.0467510223388654,-0.04675102233886541
2003-02-25,16.16666603088379,16.16666603088379,16.16666603088379,16.16666603088379,9.070168495178224,-0.797443100676895,0.0,0.0,0.0
2003-02-26,16.16666603088379,16.16666603088379,16.16666603088379,16.16666603088379,9.070168495178224,-0.8354240453341367,0.0,0.0,0.0
2003-02-27,16.16666603088379,16.16666603088379,16.16666603088379,16.16666603088379,9.070168495178224,-0.8354240453341367,0.0,0.0,0.0
2003-02-28,16.16666603088379,16.16666603088379,16.16666603088379,16.16666603088379,9.070168495178224,-0.8354240453341367,0.0,0.0,0.0
2003-03-03,16.16666603088379,16.16666603088379,16.16666603088379,16.16666603088379,9.070168495178224,-0.8354240453341367,0.0,0.0,0.0
2003-03-04,16.16666603088379,16.16666603088379,16.16666603088379,16.16666603088379,9.070168495178224,-0.8354240453341367,0.0,0.0,0.0
2003-03-05,16.16666603088379,16.16666603088379,16.16666603088379,16.16666603088379,9.070168495178224,-0.8354240453341367,0.0,0.0,0.0
2003-03-06,16.16666603088379,16.16666603088379,16.16666603088379,16.16666603088379,9.070168495178224,-0.7594621560196531,0.0,0.0,0.0
2003-03-07,16.100000381469727,16.100000381469727,16.0,16.0,8.976666450500488,-0.0758051521893006,-1.030874395855408,-0.0935020446777361,-0.09350204467773615
2003-03-10,16.16666603088379,16.16666603088379,16.0,16.03333282470703,8.995363235473633,-0.2657098754755096,0.2082820507617544,0.0186967849731445,0.01869678497314453
2003-03-11,16.03333282470703,16.03333282470703,16.03333282470703,16.03333282470703,8.995363235473633,-0.8354240453341367,0.0,0.0,0.0
2003-03-12,16.08333396911621,16.299999237060547,16.0,16.299999237060547,9.144976615905762,-0.2277289308182678,1.663227782088006,0.1496133804321289,0.1496133804321289
2003-03-13,16.299999237060547,16.299999237060547,16.299999237060547,16.299999237060547,9.144976615905762,-0.8354240453341367,0.0,0.0,0.0
2003-03-14,16.299999237060547,16.299999237060547,16.299999237060547,16.299999237060547,9.144976615905762,-0.8354240453341367,0.0,0.0,0.0
2003-03-17,16.299999237060547,16.299999237060547,16.299999237060547,16.299999237060547,9.144976615905762,-0.8354240453341367,0.0,0.0,0.0
2003-03-18,16.299999237060547,16.299999237060547,16.299999237060547,16.299999237060547,9.144976615905762,-0.8354240453341367,0.0,0.0,0.0
2003-03-19,16.299999237060547,16.299999237060547,16.299999237060547,16.299999237060547,9.144976615905762,-0.8354240453341367,0.0,0.0,0.0
2003-03-20,16.299999237060547,16.299999237060547,16.299999237060547,16.299999237060547,9.144976615905762,-0.8354240453341367,0.0,0.0,0.0
2003-03-21,16.299999237060547,16.299999237060547,16.299999237060547,16.299999237060547,9.144976615905762,-0.8354240453341367,0.0,0.0,0.0
2003-03-24,16.299999237060547,16.299999237060547,16.299999237060547,16.299999237060547,9.144976615905762,-0.8354240453341367,0.0,0.0,0.0
2003-03-25,16.299999237060547,16.299999237060547,16.299999237060547,16.299999237060547,9.144976615905762,-0.8354240453341367,0.0,0.0,0.0
2003-03-26,16.299999237060547,16.299999237060547,16.299999237060547,16.299999237060547,9.144976615905762,-0.8354240453341367,0.0,0.0,0.0
2003-03-27,16.299999237060547,16.299999237060547,16.299999237060547,16.299999237060547,9.144976615905762,-0.8354240453341367,0.0,0.0,0.0
2003-03-28,16.299999237060547,16.299999237060547,16.299999237060547,16.299999237060547,9.144976615905762,-0.8354240453341367,0.0,0.0,0.0
2003-03-31,16.299999237060547,16.299999237060547,16.299999237060547,16.299999237060547,9.144976615905762,-0.8354240453341367,0.0,0.0,0.0
2003-04-01,16.299999237060547,16.299999237060547,16.299999237060547,16.299999237060547,9.144976615905762,-0.8354240453341367,0.0,0.0,0.0
2003-04-02,16.299999237060547,16.299999237060547,16.299999237060547,16.299999237060547,9.144976615905762,-0.8354240453341367,0.0,0.0,0.0
2003-04-03,18.33333396911621,18.33333396911621,18.0,18.0,10.098745346069336,-0.379652709447235,10.429427763704656,0.9537687301635742,0.9537687301635742
2003-04-04,18.0,18.0,18.0,18.0,10.098745346069336,-0.8354240453341367,0.0,0.0,0.0
2003-04-07,18.0,18.0,18.0,18.0,10.098745346069336,-0.8354240453341367,0.0,0.0,0.0
2003-04-08,18.0,18.0,18.0,18.0,10.098745346069336,-0.8354240453341367,0.0,0.0,0.0
2003-04-09,18.0,18.0,18.0,18.0,10.098745346069336,-0.8354240453341367,0.0,0.0,0.0
2003-04-10,16.33333396911621,17.16666603088379,16.33333396911621,17.16666603088379,9.63120937347412,-0.6835002667051695,-4.629644144628243,-0.4675359725952166,-0.4675359725952166
2003-04-11,17.16666603088379,17.16666603088379,17.16666603088379,17.16666603088379,9.63120937347412,-0.8354240453341367,0.0,0.0,0.0
2003-04-14,17.16666603088379,17.16666603088379,17.16666603088379,17.16666603088379,9.63120937347412,-0.8354240453341367,0.0,0.0,0.0
2003-04-15,17.16666603088379,17.16666603088379,17.16666603088379,17.16666603088379,9.63120937347412,-0.8354240453341367,0.0,0.0,0.0
2003-04-16,17.16666603088379,17.16666603088379,17.16666603088379,17.16666603088379,9.63120937347412,-0.8354240453341367,0.0,0.0,0.0
2003-04-17,17.16666603088379,17.16666603088379,17.16666603088379,17.16666603088379,9.63120937347412,-0.8354240453341367,0.0,0.0,0.0
2003-04-21,17.16666603088379,17.16666603088379,17.16666603088379,17.16666603088379,9.63120937347412,-0.8354240453341367,0.0,0.0,0.0
2003-04-22,16.0,17.83333396911621,16.0,17.83333396911621,10.005242347717283,-0.5695574327334441,3.883551480806857,0.374032974243164,0.37403297424316406
2003-04-23,17.83333396911621,17.83333396911621,17.83333396911621,17.83333396911621,10.005242347717283,-0.8354240453341367,0.0,0.0,0.0
2003-04-24,17.83333396911621,17.83333396911621,17.83333396911621,17.83333396911621,10.005242347717283,-0.8354240453341367,0.0,0.0,0.0
2003-04-25,17.83333396911621,17.83333396911621,17.83333396911621,17.83333396911621,10.005242347717283,-0.8354240453341367,0.0,0.0,0.0
2003-04-28,17.83333396911621,17.83333396911621,17.83333396911621,17.83333396911621,10.005242347717283,-0.8354240453341367,0.0,0.0,0.0
2003-04-29,17.83333396911621,17.83333396911621,17.83333396911621,17.83333396911621,10.005242347717283,-0.8354240453341367,0.0,0.0,0.0
2003-04-30,17.83333396911621,17.83333396911621,17.83333396911621,17.83333396911621,10.005242347717283,-0.8354240453341367,0.0,0.0,0.0
2003-05-01,17.83333396911621,17.83333396911621,17.83333396911621,17.83333396911621,10.005242347717283,-0.8354240453341367,0.0,0.0,0.0
2003-05-02,17.83333396911621,17.83333396911621,17.83333396911621,17.83333396911621,10.005242347717283,-0.8354240453341367,0.0,0.0,0.0
2003-05-05,17.83333396911621,17.83333396911621,17.83333396911621,17.83333396911621,10.005242347717283,-0.8354240453341367,0.0,0.0,0.0
2003-05-06,17.83333396911621,17.83333396911621,17.83333396911621,17.83333396911621,10.005242347717283,-0.8354240453341367,0.0,0.0,0.0
2003-05-07,17.83333396911621,17.83333396911621,17.83333396911621,17.83333396911621,10.005242347717283,-0.8354240453341367,0.0,0.0,0.0
2003-05-08,18.41666603088379,18.41666603088379,18.0,18.0,10.098745346069336,2.089108693273482,0.9345400651228132,0.0935029983520525,0.09350299835205256
2003-05-09,17.66666603088379,17.66666603088379,17.66666603088379,17.66666603088379,9.911730766296388,-0.0758051521893006,-1.8518595465498835,-0.1870145797729474,-0.18701457977294744
2003-05-12,17.66666603088379,17.66666603088379,17.66666603088379,17.66666603088379,9.911730766296388,-0.8354240453341367,0.0,0.0,0.0
2003-05-13,17.66666603088379,17.66666603088379,17.66666603088379,17.66666603088379,9.911730766296388,-0.8354240453341367,0.0,0.0,0.0
2003-05-14,17.996665954589844,18.0,17.996665954589844,18.0,10.098745346069336,-0.6835002667051695,1.8868004406341177,0.1870145797729474,0.18701457977294744
2003-05-15,18.0,18.41666603088379,18.0,18.0,10.098745346069336,0.949680353556228,0.0,0.0,0.0
2003-05-16,18.0,18.0,18.0,18.0,10.098745346069336,-0.7214812113624113,0.0,0.0,0.0
2003-05-19,18.0,18.0,18.0,18.0,10.098745346069336,-0.8354240453341367,0.0,0.0,0.0
2003-05-20,18.0,18.0,18.0,18.0,10.098745346069336,-0.8354240453341367,0.0,0.0,0.0
2003-05-21,18.0,18.0,18.0,18.0,10.181708335876465,-0.8354240453341367,0.8215177922019867,0.0829629898071289,0.0829629898071289
2003-05-22,17.83333396911621,17.83333396911621,17.83333396911621,17.83333396911621,10.087434768676758,-0.7214812113624113,-0.9259110955626482,-0.094273567199707,-0.09427356719970703
2003-05-23,17.83333396911621,17.83333396911621,17.83333396911621,17.83333396911621,10.087434768676758,-0.8354240453341367,0.0,0.0,0.0
2003-05-27,17.83333396911621,17.83333396911621,17.83333396911621,17.83333396911621,10.087434768676758,-0.8354240453341367,0.0,0.0,0.0
2003-05-28,17.83333396911621,17.83333396911621,17.83333396911621,17.83333396911621,10.087434768676758,-0.8354240453341367,0.0,0.0,0.0
2003-05-29,18.5,18.5,18.25,18.41666603088379,10.417394638061523,-0.0378242075320588,3.270998791579282,0.3299598693847656,0.3299598693847656
2003-05-30,18.5,18.5,18.25,18.41666603088379,10.417394638061523,0.5318899623265683,0.0,0.0,0.0
2003-06-02,18.33333396911621,18.33333396911621,18.33333396911621,18.33333396911621,10.370262145996094,-0.7594621560196531,-0.4524403049225411,-0.0471324920654296,-0.04713249206542969
2003-06-03,18.33333396911621,18.33333396911621,17.83333396911621,17.83333396911621,10.087434768676758,-0.4176336541044768,-2.7272924573901403,-0.2828273773193359,-0.28282737731933594
2003-06-04,17.83333396911621,17.83333396911621,17.83333396911621,17.83333396911621,10.087434768676758,-0.8354240453341367,0.0,0.0,0.0
2003-06-05,17.83333396911621,17.83333396911621,17.83333396911621,17.83333396911621,10.087434768676758,-0.8354240453341367,0.0,0.0,0.0
2003-06-06,18.25,18.33333396911621,18.25,18.33333396911621,10.370262145996094,-0.6075383773906858,2.8037591697501085,0.2828273773193359,0.28282737731933594
2003-06-09,18.33333396911621,18.33333396911621,18.33333396911621,18.33333396911621,10.370262145996094,-0.8354240453341367,0.0,0.0,0.0
2003-06-10,18.33333396911621,18.33333396911621,18.33333396911621,18.33333396911621,10.370262145996094,-0.8354240453341367,0.0,0.0,0.0
2003-06-11,18.33333396911621,18.33333396911621,18.33333396911621,18.33333396911621,10.370262145996094,-0.8354240453341367,0.0,0.0,0.0
2003-06-12,18.33333396911621,18.33333396911621,18.33333396911621,18.33333396911621,10.370262145996094,-0.8354240453341367,0.0,0.0,0.0
2003-06-13,17.683332443237305,17.683332443237305,17.683332443237305,17.683332443237305,10.002586364746094,-0.4556145987617186,-3.545482033855407,-0.36767578125,-0.36767578125
2003-06-16,17.683332443237305,17.683332443237305,17.683332443237305,17.683332443237305,10.002586364746094,-0.8354240453341367,0.0,0.0,0.0
2003-06-17,18.33333396911621,18.33333396911621,18.33333396911621,18.33333396911621,10.370262145996094,-0.797443100676895,3.6758071147064975,0.36767578125,0.36767578125
2003-06-18,17.700000762939453,17.700000762939453,17.700000762939453,17.700000762939453,10.012018203735352,-0.7214812113624113,-3.4545312087318703,-0.3582439422607422,-0.3582439422607422
2003-06-19,17.700000762939453,17.700000762939453,17.700000762939453,17.700000762939453,10.012018203735352,-0.8354240453341367,0.0,0.0,0.0
2003-06-20,18.226667404174805,18.33333396911621,18.226667404174805,18.25,10.323123931884766,-0.2277289308182678,3.1073228376007567,0.311105728149414,0.31110572814941406
2003-06-23,18.33333396911621,18.33333396911621,18.25,18.25,10.323123931884766,-0.6075383773906858,0.0,0.0,0.0
2003-06-24,18.41666603088379,18.41666603088379,18.0,18.25,10.323123931884766,3.646327424220397,0.0,0.0,0.0
2003-06-25,18.25,18.25,18.25,18.25,10.323123931884766,-0.8354240453341367,0.0,0.0,0.0
2003-06-26,18.25,18.25,18.25,18.25,10.323123931884766,-0.8354240453341367,0.0,0.0,0.0
2003-06-27,18.25,18.25,18.25,18.25,10.323123931884766,-0.8354240453341367,0.0,0.0,0.0
2003-06-30,18.25,18.25,18.25,18.25,10.323123931884766,-0.8354240453341367,0.0,0.0,0.0
2003-07-01,18.25,18.25,18.25,18.25,10.323123931884766,-0.8354240453341367,0.0,0.0,0.0
2003-07-02,18.33333396911621,18.33333396911621,17.700000762939453,17.700000762939453,10.012018203735352,-0.7594621560196531,-3.013678128851194,-0.311105728149414,-0.31110572814941406
2003-07-03,17.700000762939453,17.700000762939453,17.700000762939453,17.700000762939453,10.012018203735352,-0.8354240453341367,0.0,0.0,0.0
2003-07-07,17.700000762939453,17.700000762939453,17.700000762939453,17.700000762939453,10.012018203735352,-0.8354240453341367,0.0,0.0,0.0
2003-07-08,18.33333396911621,18.33333396911621,18.25,18.33333396911621,10.370262145996094,-0.6075383773906858,3.578139142087111,0.3582439422607422,0.3582439422607422
2003-07-09,18.33333396911621,18.33333396911621,18.33333396911621,18.33333396911621,10.370262145996094,-0.8354240453341367,0.0,0.0,0.0
2003-07-10,17.71666717529297,17.71666717529297,17.71666717529297,17.71666717529297,10.021445274353027,-0.797443100676895,-3.363626364814154,-0.3488168716430664,-0.3488168716430664
2003-07-11,17.71666717529297,17.71666717529297,17.71666717529297,17.71666717529297,10.021445274353027,-0.8354240453341367,0.0,0.0,0.0
2003-07-14,17.71666717529297,17.71666717529297,17.71666717529297,17.71666717529297,10.021445274353027,-0.8354240453341367,0.0,0.0,0.0
2003-07-15,17.71666717529297,17.71666717529297,17.71666717529297,17.71666717529297,10.021445274353027,-0.8354240453341367,0.0,0.0,0.0
2003-07-16,17.71666717529297,17.71666717529297,17.71666717529297,17.71666717529297,10.021445274353027,-0.8354240453341367,0.0,0.0,0.0
2003-07-17,17.71666717529297,17.71666717529297,17.71666717529297,17.71666717529297,10.021445274353027,-0.8354240453341367,0.0,0.0,0.0
2003-07-18,17.71666717529297,17.71666717529297,17.71666717529297,17.71666717529297,10.021445274353027,-0.8354240453341367,0.0,0.0,0.0
2003-07-21,17.71666717529297,17.71666717529297,17.71666717529297,17.71666717529297,10.021445274353027,-0.8354240453341367,0.0,0.0,0.0
2003-07-22,17.71666717529297,17.71666717529297,17.71666717529297,17.71666717529297,10.021445274353027,-0.8354240453341367,0.0,0.0,0.0
2003-07-23,17.71666717529297,17.71666717529297,17.71666717529297,17.71666717529297,10.021445274353027,-0.8354240453341367,0.0,0.0,0.0
2003-07-24,18.33333396911621,18.33333396911621,18.33333396911621,18.33333396911621,10.370262145996094,-0.797443100676895,3.4807042506709296,0.3488168716430664,0.3488168716430664
2003-07-25,18.33333396911621,18.33333396911621,18.33333396911621,18.33333396911621,10.370262145996094,-0.8354240453341367,0.0,0.0,0.0
2003-07-28,18.0,18.33333396911621,18.0,18.33333396911621,10.370262145996094,-0.5695574327334441,0.0,0.0,0.0
2003-07-29,18.66666603088379,18.66666603088379,18.66666603088379,18.66666603088379,10.55881118774414,-0.7214812113624113,1.8181704482836516,0.1885490417480468,0.18854904174804688
2003-07-30,18.66666603088379,18.66666603088379,18.66666603088379,18.66666603088379,10.64626121520996,-0.8354240453341367,0.8282184983790852,0.0874500274658185,0.08745002746581854
2003-07-31,18.66666603088379,18.66666603088379,18.66666603088379,18.66666603088379,10.64626121520996,-0.8354240453341367,0.0,0.0,0.0
2003-08-01,18.350000381469727,18.350000381469727,18.350000381469727,18.350000381469727,10.465652465820312,-0.6455193220479277,-1.6964523576747936,-0.1806087493896466,-0.18060874938964666
2003-08-04,18.350000381469727,18.350000381469727,18.350000381469727,18.350000381469727,10.465652465820312,-0.8354240453341367,0.0,0.0,0.0
2003-08-05,18.350000381469727,18.350000381469727,18.350000381469727,18.350000381469727,10.465652465820312,-0.8354240453341367,0.0,0.0,0.0
2003-08-06,18.350000381469727,18.350000381469727,18.350000381469727,18.350000381469727,10.465652465820312,-0.8354240453341367,0.0,0.0,0.0
2003-08-07,18.350000381469727,18.350000381469727,18.350000381469727,18.350000381469727,10.465652465820312,-0.8354240453341367,0.0,0.0,0.0
2003-08-08,18.350000381469727,18.350000381469727,18.350000381469727,18.350000381469727,10.465652465820312,-0.8354240453341367,0.0,0.0,0.0
2003-08-11,18.350000381469727,18.350000381469727,18.350000381469727,18.350000381469727,10.465652465820312,-0.8354240453341367,0.0,0.0,0.0
2003-08-12,18.350000381469727,18.350000381469727,18.350000381469727,18.350000381469727,10.465652465820312,-0.8354240453341367,0.0,0.0,0.0
2003-08-13,18.5,18.5,18.41666603088379,18.41666603088379,10.50367832183838,-0.5315764880762023,0.3633395637993475,0.0380258560180681,0.03802585601806818
2003-08-14,18.41666603088379,18.41666603088379,18.41666603088379,18.41666603088379,10.50367832183838,-0.8354240453341367,0.0,0.0,0.0
2003-08-15,18.41666603088379,18.41666603088379,18.41666603088379,18.41666603088379,10.50367832183838,-0.8354240453341367,0.0,0.0,0.0
2003-08-18,18.41666603088379,18.41666603088379,18.41666603088379,18.41666603088379,10.50367832183838,-0.8354240453341367,0.0,0.0,0.0
2003-08-19,18.41666603088379,18.41666603088379,18.41666603088379,18.41666603088379,10.50367832183838,-0.8354240453341367,0.0,0.0,0.0
2003-08-20,18.41666603088379,18.41666603088379,18.41666603088379,18.41666603088379,10.50367832183838,-0.8354240453341367,0.0,0.0,0.0
2003-08-21,18.41666603088379,18.41666603088379,18.41666603088379,18.41666603088379,10.50367832183838,-0.8354240453341367,0.0,0.0,0.0
2003-08-22,18.41666603088379,18.41666603088379,18.41666603088379,18.41666603088379,10.50367832183838,-0.8354240453341367,0.0,0.0,0.0
2003-08-25,18.41666603088379,18.41666603088379,18.41666603088379,18.41666603088379,10.50367832183838,-0.8354240453341367,0.0,0.0,0.0
2003-08-26,18.41666603088379,18.41666603088379,18.41666603088379,18.41666603088379,10.50367832183838,-0.8354240453341367,0.0,0.0,0.0
2003-08-27,18.433332443237305,18.66666603088379,18.433332443237305,18.66666603088379,10.64626121520996,-0.7594621560196531,1.3574567784994995,0.1425828933715784,0.14258289337157848
2003-08-28,18.66666603088379,18.66666603088379,18.66666603088379,18.66666603088379,10.64626121520996,-0.8354240453341367,0.0,0.0,0.0
2003-08-29,18.36666679382324,18.66666603088379,18.36666679382324,18.66666603088379,10.64626121520996,-0.4935955434189604,0.0,0.0,0.0
2003-09-02,18.66666603088379,18.66666603088379,18.66666603088379,18.66666603088379,10.64626121520996,-0.8354240453341367,0.0,0.0,0.0
2003-09-03,19.08333396911621,19.08333396911621,19.08333396911621,19.08333396911621,10.883896827697754,-0.797443100676895,2.2321039065648085,0.2376356124877947,0.23763561248779475
2003-09-04,19.08333396911621,19.08333396911621,19.08333396911621,19.08333396911621,10.883896827697754,-0.8354240453341367,0.0,0.0,0.0
2003-09-05,19.08333396911621,19.08333396911621,19.08333396911621,19.08333396911621,10.883896827697754,-0.8354240453341367,0.0,0.0,0.0
2003-09-08,19.08333396911621,19.08333396911621,19.0,19.0,10.836373329162598,-0.6835002667051695,-0.436640472502614,-0.0475234985351562,-0.04752349853515625
2003-09-09,19.0,19.0,19.0,19.0,10.836373329162598,-0.8354240453341367,0.0,0.0,0.0
2003-09-10,19.08333396911621,19.08333396911621,19.08333396911621,19.08333396911621,10.883896827697754,-0.7594621560196531,0.4385553827982447,0.0475234985351562,0.04752349853515625
2003-09-11,19.08333396911621,19.08333396911621,19.08333396911621,19.08333396911621,10.883896827697754,-0.8354240453341367,0.0,0.0,0.0
2003-09-12,19.08333396911621,19.08333396911621,19.08333396911621,19.08333396911621,10.972053527832031,-0.8354240453341367,0.8099736843327321,0.0881567001342773,0.08815670013427734
2003-09-15,19.08333396911621,19.08333396911621,19.08333396911621,19.08333396911621,10.972053527832031,-0.8354240453341367,0.0,0.0,0.0
2003-09-16,19.08333396911621,19.08333396911621,19.08333396911621,19.08333396911621,10.972053527832031,-0.8354240453341367,0.0,0.0,0.0
2003-09-17,19.08333396911621,19.08333396911621,19.08333396911621,19.08333396911621,10.972053527832031,-0.8354240453341367,0.0,0.0,0.0
2003-09-18,19.08333396911621,19.08333396911621,19.0,19.0,10.924145698547363,-0.6455193220479277,-0.4366350306544087,-0.0479078292846679,-0.04790782928466797
2003-09-19,19.0,19.0,19.0,19.0,10.924145698547363,-0.8354240453341367,0.0,0.0,0.0
2003-09-22,19.0,19.0,19.0,19.0,10.924145698547363,-0.8354240453341367,0.0,0.0,0.0
2003-09-23,19.0,19.0,19.0,19.0,10.924145698547363,-0.8354240453341367,0.0,0.0,0.0
2003-09-24,19.0,19.0,19.0,19.0,10.924145698547363,-0.8354240453341367,0.0,0.0,0.0
2003-09-25,19.0,19.0,19.0,19.0,10.924145698547363,-0.8354240453341367,0.0,0.0,0.0
2003-09-26,19.0,19.0,19.0,19.0,10.924145698547363,-0.8354240453341367,0.0,0.0,0.0
2003-09-29,19.0,19.0,19.0,19.0,10.924145698547363,-0.8354240453341367,0.0,0.0,0.0
2003-09-30,19.0,19.0,19.0,19.0,10.924145698547363,-0.8354240453341367,0.0,0.0,0.0
2003-10-01,19.0,19.0,19.0,19.0,10.924145698547363,-0.8354240453341367,0.0,0.0,0.0
2003-10-02,19.0,19.0,19.0,19.0,10.924145698547363,-0.8354240453341367,0.0,0.0,0.0
2003-10-03,19.0,19.0,19.0,19.0,10.924145698547363,-0.8354240453341367,0.0,0.0,0.0
2003-10-06,19.0,19.0,19.0,19.0,10.924145698547363,-0.8354240453341367,0.0,0.0,0.0
2003-10-07,19.0,19.0,19.0,19.0,10.924145698547363,-0.8354240453341367,0.0,0.0,0.0
2003-10-08,19.0,19.0,19.0,19.0,10.924145698547363,-0.8354240453341367,0.0,0.0,0.0
2003-10-09,19.0,19.0,19.0,19.0,10.924145698547363,-0.8354240453341367,0.0,0.0,0.0
2003-10-10,19.33333396911621,19.33333396911621,19.33333396911621,19.33333396911621,11.115797996520996,-0.7594621560196531,1.7543916317329655,0.1916522979736328,0.1916522979736328
2003-10-13,19.33333396911621,19.33333396911621,19.33333396911621,19.33333396911621,11.115797996520996,-0.8354240453341367,0.0,0.0,0.0
2003-10-14,18.91666603088379,18.91666603088379,18.91666603088379,18.91666603088379,10.876233100891112,-0.4556145987617186,-2.1551749654398438,-0.2395648956298846,-0.2395648956298846
2003-10-15,19.33333396911621,19.33333396911621,19.33333396911621,19.33333396911621,11.115797996520996,-0.4556145987617186,2.2026458370982827,0.2395648956298846,0.2395648956298846
2003-10-16,19.33333396911621,19.33333396911621,19.33333396911621,19.33333396911621,11.115797996520996,-0.8354240453341367,0.0,0.0,0.0
2003-10-17,19.33333396911621,19.33333396911621,19.33333396911621,19.33333396911621,11.115797996520996,-0.8354240453341367,0.0,0.0,0.0
2003-10-20,19.33333396911621,19.33333396911621,19.33333396911621,19.33333396911621,11.115797996520996,-0.8354240453341367,0.0,0.0,0.0
2003-10-21,19.33333396911621,19.33333396911621,19.33333396911621,19.33333396911621,11.115797996520996,-0.8354240453341367,0.0,0.0,0.0
2003-10-22,19.33333396911621,19.33333396911621,19.33333396911621,19.33333396911621,11.115797996520996,-0.8354240453341367,0.0,0.0,0.0
2003-10-23,19.33333396911621,19.33333396911621,19.33333396911621,19.33333396911621,11.115797996520996,-0.8354240453341367,0.0,0.0,0.0
2003-10-24,19.33333396911621,19.33333396911621,19.33333396911621,19.33333396911621,11.115797996520996,-0.8354240453341367,0.0,0.0,0.0
2003-10-27,19.0,19.0,19.0,19.0,10.924145698547363,-0.6455193220479277,-1.724143404131817,-0.1916522979736328,-0.1916522979736328
2003-10-28,19.33333396911621,19.33333396911621,19.33333396911621,19.33333396911621,11.115797996520996,-0.7214812113624113,1.7543916317329655,0.1916522979736328,0.1916522979736328
2003-10-29,19.33333396911621,19.91666603088379,19.33333396911621,19.91666603088379,11.451186180114746,-0.7594621560196531,3.017220929156128,0.33538818359375,0.33538818359375
2003-10-30,19.91666603088379,19.91666603088379,19.91666603088379,19.91666603088379,11.54002857208252,-0.8354240453341367,0.7758357131774751,0.0888423919677734,0.08884239196777344
2003-10-31,19.91666603088379,19.91666603088379,19.91666603088379,19.91666603088379,11.54002857208252,-0.8354240453341367,0.0,0.0,0.0
2003-11-03,19.91666603088379,19.91666603088379,19.91666603088379,19.91666603088379,11.54002857208252,-0.8354240453341367,0.0,0.0,0.0
2003-11-04,19.91666603088379,19.91666603088379,19.91666603088379,19.91666603088379,11.54002857208252,-0.8354240453341367,0.0,0.0,0.0
2003-11-05,19.91666603088379,19.91666603088379,19.91666603088379,19.91666603088379,11.54002857208252,-0.8354240453341367,0.0,0.0,0.0
2003-11-06,19.91666603088379,19.91666603088379,19.91666603088379,19.91666603088379,11.54002857208252,-0.8354240453341367,0.0,0.0,0.0
2003-11-07,19.91666603088379,19.91666603088379,19.91666603088379,19.91666603088379,11.54002857208252,-0.8354240453341367,0.0,0.0,0.0
2003-11-10,19.16666603088379,19.16666603088379,19.16666603088379,19.16666603088379,11.105467796325684,-0.6455193220479277,-3.765681974203416,-0.4345607757568359,-0.43456077575683594
2003-11-11,19.16666603088379,19.16666603088379,19.16666603088379,19.16666603088379,11.105467796325684,-0.8354240453341367,0.0,0.0,0.0
2003-11-12,19.33333396911621,19.33333396911621,19.33333396911621,19.33333396911621,11.202034950256348,-0.6455193220479277,0.8695460263512089,0.096567153930664,0.09656715393066406
2003-11-13,19.33333396911621,19.33333396911621,19.33333396911621,19.33333396911621,11.202034950256348,-0.8354240453341367,0.0,0.0,0.0
2003-11-14,19.33333396911621,19.33333396911621,19.33333396911621,19.33333396911621,11.202034950256348,-0.379652709447235,0.0,0.0,0.0
2003-11-17,19.75,19.75,19.75,19.75,11.443456649780272,-0.6835002667051695,2.1551593134281344,0.241421699523924,0.241421699523924
2003-11-18,19.75,19.75,19.75,19.75,11.443456649780272,-0.8354240453341367,0.0,0.0,0.0
2003-11-19,19.75,19.75,19.75,19.75,11.443456649780272,-0.8354240453341367,0.0,0.0,0.0
2003-11-20,19.75,19.75,19.75,19.75,11.443456649780272,-0.8354240453341367,0.0,0.0,0.0
2003-11-21,19.75,19.75,19.75,19.75,11.443456649780272,-0.8354240453341367,0.0,0.0,0.0
2003-11-24,19.75,19.75,19.75,19.75,11.443456649780272,-0.8354240453341367,0.0,0.0,0.0
2003-11-25,19.25,19.33333396911621,19.25,19.33333396911621,11.202034950256348,0.0001567371251829,-2.109692087910864,-0.241421699523924,-0.241421699523924
2003-11-26,19.33333396911621,19.33333396911621,19.33333396911621,19.33333396911621,11.202034950256348,-0.8354240453341367,0.0,0.0,0.0
2003-11-28,19.33333396911621,19.33333396911621,19.33333396911621,19.33333396911621,11.202034950256348,-0.8354240453341367,0.0,0.0,0.0
2003-12-01,19.33333396911621,19.33333396911621,19.33333396911621,19.33333396911621,11.202034950256348,-0.8354240453341367,0.0,0.0,0.0
2003-12-02,19.33333396911621,19.33333396911621,19.33333396911621,19.33333396911621,11.202034950256348,-0.8354240453341367,0.0,0.0,0.0
2003-12-03,19.33333396911621,19.33333396911621,19.33333396911621,19.33333396911621,11.202034950256348,-0.8354240453341367,0.0,0.0,0.0
2003-12-04,19.25333404541016,19.41666603088379,19.25,19.41666603088379,11.250320434570312,-0.2277289308182678,0.431042078768562,0.0482854843139648,0.048285484313964844
2003-12-05,19.83333396911621,19.83333396911621,19.83333396911621,19.83333396911621,11.491743087768556,-0.7214812113624113,2.145918017200588,0.2414226531982439,0.24142265319824396
2003-12-08,19.83333396911621,19.83333396911621,19.83333396911621,19.83333396911621,11.491743087768556,-0.8354240453341367,0.0,0.0,0.0
2003-12-09,19.83333396911621,19.83333396911621,19.83333396911621,19.83333396911621,11.491743087768556,-0.8354240453341367,0.0,0.0,0.0
2003-12-10,19.83333396911621,19.83333396911621,19.83333396911621,19.83333396911621,11.491743087768556,-0.7594621560196531,0.0,0.0,0.0
2003-12-11,19.83333396911621,19.83333396911621,19.66666603088379,19.66666603088379,11.395174980163574,-0.6835002667051695,-0.8403260224966735,-0.0965681076049822,-0.09656810760498225
2003-12-12,19.83333396911621,19.83333396911621,19.83333396911621,19.83333396911621,11.491743087768556,-0.7594621560196531,0.8474473430472695,0.0965681076049822,0.09656810760498225
2003-12-15,19.83333396911621,19.83333396911621,19.83333396911621,19.83333396911621,11.491743087768556,-0.8354240453341367,0.0,0.0,0.0
2003-12-16,19.83333396911621,19.83333396911621,19.83333396911621,19.83333396911621,11.491743087768556,-0.8354240453341367,0.0,0.0,0.0
2003-12-17,19.83333396911621,19.83333396911621,19.83333396911621,19.83333396911621,11.491743087768556,-0.8354240453341367,0.0,0.0,0.0
2003-12-18,19.83333396911621,19.83333396911621,19.83333396911621,19.83333396911621,11.491743087768556,-0.7594621560196531,0.0,0.0,0.0
2003-12-19,19.5,19.66666603088379,19.5,19.66666603088379,11.395174980163574,0.3040042943831174,-0.8403260224966735,-0.0965681076049822,-0.09656810760498225
2003-12-22,19.83333396911621,19.91666603088379,19.83333396911621,19.91666603088379,11.54002857208252,0.190061460411392,1.2711835682304384,0.1448535919189453,0.1448535919189453
2003-12-23,19.50666618347168,19.66666603088379,19.5,19.66666603088379,11.395174980163574,0.4559280730120846,-1.2552273247344758,-0.1448535919189453,-0.1448535919189453
2003-12-24,19.66666603088379,19.66666603088379,19.66666603088379,19.66666603088379,11.395174980163574,-0.8354240453341367,0.0,0.0,0.0
2003-12-26,19.66666603088379,19.66666603088379,19.66666603088379,19.66666603088379,11.395174980163574,-0.8354240453341367,0.0,0.0,0.0
2003-12-29,19.5,19.56666755676269,19.5,19.5,11.298605918884276,0.1520805157541502,-0.8474557121536441,-0.0965690612792986,-0.09656906127929865
2003-12-30,19.33333396911621,19.41666603088379,19.33333396911621,19.41666603088379,11.250320434570312,-0.379652709447235,-0.4273578940677924,-0.048285484313963,-0.04828548431396307
2003-12-31,19.41666603088379,19.41666603088379,19.41666603088379,19.41666603088379,11.250320434570312,-0.8354240453341367,0.0,0.0,0.0
2004-01-02,19.41666603088379,19.41666603088379,19.41666603088379,19.41666603088379,11.250320434570312,-0.379652709447235,0.0,0.0,0.0
2004-01-05,19.41666603088379,19.41666603088379,19.41666603088379,19.41666603088379,11.250320434570312,-0.8354240453341367,0.0,0.0,0.0
2004-01-06,19.66666603088379,19.91666603088379,19.66666603088379,19.91666603088379,11.54002857208252,-0.3416717647899932,2.575110097504285,0.289708137512207,0.28970813751220703
2004-01-07,19.91666603088379,19.91666603088379,19.91666603088379,19.91666603088379,11.54002857208252,-0.8354240453341367,0.0,0.0,0.0
2004-01-08,19.91666603088379,19.91666603088379,19.91666603088379,19.91666603088379,11.54002857208252,-0.8354240453341367,0.0,0.0,0.0
2004-01-09,19.91666603088379,19.91666603088379,19.91666603088379,19.91666603088379,11.54002857208252,-0.8354240453341367,0.0,0.0,0.0
2004-01-12,19.91666603088379,19.91666603088379,19.91666603088379,19.91666603088379,11.54002857208252,-0.8354240453341367,0.0,0.0,0.0
2004-01-13,19.58333396911621,19.58333396911621,19.58333396911621,19.58333396911621,11.346887588500977,0.4939090176693264,-1.673661225144507,-0.1931409835815429,-0.19314098358154297
2004-01-14,19.523332595825195,19.523332595825195,19.523332595825195,19.523332595825195,11.312127113342283,-0.379652709447235,-0.3063436989886092,-0.0347604751586931,-0.03476047515869318
2004-01-15,19.523332595825195,19.523332595825195,19.523332595825195,19.523332595825195,11.312127113342283,-0.8354240453341367,0.0,0.0,0.0
2004-01-16,19.523332595825195,19.523332595825195,19.523332595825195,19.523332595825195,11.312127113342283,-0.8354240453341367,0.0,0.0,0.0
2004-01-20,19.46999931335449,19.46999931335449,19.46999931335449,19.46999931335449,11.28122901916504,-0.797443100676895,-0.2731413276005345,-0.0308980941772425,-0.03089809417724254
2004-01-21,19.46999931335449,19.46999931335449,19.46999931335449,19.46999931335449,11.28122901916504,-0.8354240453341367,0.0,0.0,0.0
2004-01-22,19.46999931335449,19.46999931335449,19.46999931335449,19.46999931335449,11.28122901916504,-0.8354240453341367,0.0,0.0,0.0
2004-01-23,19.46999931335449,19.46999931335449,19.46999931335449,19.46999931335449,11.28122901916504,-0.8354240453341367,0.0,0.0,0.0
2004-01-26,19.46999931335449,19.46999931335449,19.46999931335449,19.46999931335449,11.28122901916504,-0.8354240453341367,0.0,0.0,0.0
2004-01-27,19.46999931335449,19.46999931335449,19.46999931335449,19.46999931335449,11.28122901916504,-0.8354240453341367,0.0,0.0,0.0
2004-01-28,19.46999931335449,19.46999931335449,19.46999931335449,19.46999931335449,11.28122901916504,-0.8354240453341367,0.0,0.0,0.0
2004-01-29,19.46999931335449,19.46999931335449,19.46999931335449,19.46999931335449,11.370770454406738,-0.8354240453341367,0.7937205697143401,0.0895414352416974,0.08954143524169744
2004-01-30,19.46999931335449,19.46999931335449,19.46999931335449,19.46999931335449,11.370770454406738,-0.8354240453341367,0.0,0.0,0.0
2004-02-02,19.46999931335449,19.46999931335449,19.46999931335449,19.46999931335449,11.370770454406738,-0.8354240453341367,0.0,0.0,0.0
2004-02-03,19.46999931335449,19.46999931335449,19.46999931335449,19.46999931335449,11.370770454406738,-0.8354240453341367,0.0,0.0,0.0
2004-02-04,19.46999931335449,19.46999931335449,19.46999931335449,19.46999931335449,11.370770454406738,-0.8354240453341367,0.0,0.0,0.0
2004-02-05,19.46999931335449,19.46999931335449,19.46999931335449,19.46999931335449,11.370770454406738,-0.8354240453341367,0.0,0.0,0.0
2004-02-06,19.46999931335449,19.46999931335449,19.46999931335449,19.46999931335449,11.370770454406738,-0.8354240453341367,0.0,0.0,0.0
2004-02-09,19.46999931335449,19.46999931335449,19.46999931335449,19.46999931335449,11.370770454406738,-0.8354240453341367,0.0,0.0,0.0
2004-02-10,19.46999931335449,19.46999931335449,19.46999931335449,19.46999931335449,11.370770454406738,-0.8354240453341367,0.0,0.0,0.0
2004-02-11,19.46999931335449,19.46999931335449,19.46999931335449,19.46999931335449,11.370770454406738,-0.8354240453341367,0.0,0.0,0.0
2004-02-12,19.46999931335449,19.46999931335449,19.46999931335449,19.46999931335449,11.370770454406738,-0.8354240453341367,0.0,0.0,0.0
2004-02-13,19.46999931335449,19.46999931335449,19.46999931335449,19.46999931335449,11.370770454406738,-0.8354240453341367,0.0,0.0,0.0
2004-02-17,19.46999931335449,19.46999931335449,19.46999931335449,19.46999931335449,11.370770454406738,-0.8354240453341367,0.0,0.0,0.0
2004-02-18,19.46999931335449,19.46999931335449,19.46999931335449,19.46999931335449,11.370770454406738,-0.8354240453341367,0.0,0.0,0.0
2004-02-19,19.46666717529297,19.46666717529297,19.450000762939453,19.450000762939453,11.359088897705078,-0.6835002667051695,-0.1027332030709704,-0.0116815567016601,-0.011681556701660156
2004-02-20,19.5,19.5,19.5,19.5,11.388294219970703,-0.7594621560196531,0.2571097253365684,0.029205322265625,0.029205322265625
2004-02-23,19.66666603088379,19.66666603088379,19.66666603088379,19.66666603088379,11.485625267028809,-0.7594621560196531,0.8546586975898718,0.0973310470581054,0.09733104705810547
2004-02-24,20.08333396911621,20.08333396911621,20.0,20.0,11.6802978515625,-0.6835002667051695,1.6949236981684157,0.1946725845336914,0.1946725845336914
2004-02-25,20.0,20.0,20.0,20.0,11.6802978515625,-0.8354240453341367,0.0,0.0,0.0
2004-02-26,20.0,20.0,20.0,20.0,11.6802978515625,-0.8354240453341367,0.0,0.0,0.0
2004-02-27,20.0,20.0,20.0,20.0,11.6802978515625,-0.8354240453341367,0.0,0.0,0.0
2004-03-01,20.0,20.0,20.0,20.0,11.6802978515625,-0.7594621560196531,0.0,0.0,0.0
2004-03-02,20.0,20.0,20.0,20.0,11.6802978515625,-0.8354240453341367,0.0,0.0,0.0
2004-03-03,20.0,20.0,20.0,20.0,11.6802978515625,-0.8354240453341367,0.0,0.0,0.0
2004-03-04,20.0,20.0,20.0,20.0,11.6802978515625,-0.8354240453341367,0.0,0.0,0.0
2004-03-05,19.66666603088379,19.66666603088379,19.66666603088379,19.66666603088379,11.485625267028809,-0.797443100676895,-1.6666748314782875,-0.1946725845336914,-0.1946725845336914
2004-03-08,19.66666603088379,19.66666603088379,19.66666603088379,19.66666603088379,11.485625267028809,-0.8354240453341367,0.0,0.0,0.0
2004-03-09,19.66666603088379,19.75,19.47333335876465,19.75,11.534292221069336,0.6458327962982936,0.4237205455434267,0.0486669540405273,0.048666954040527344
2004-03-10,19.91666603088379,19.91666603088379,19.700000762939453,19.75,11.534292221069336,-0.1137860968465424,0.0,0.0,0.0
2004-03-11,19.91666603088379,19.91666603088379,19.91666603088379,19.91666603088379,11.631630897521973,-0.7594621560196531,0.8439068005822836,0.0973386764526367,0.09733867645263672
2004-03-12,19.91666603088379,19.91666603088379,19.91666603088379,19.91666603088379,11.631630897521973,-0.8354240453341367,0.0,0.0,0.0
2004-03-15,19.66666603088379,19.66666603088379,19.66666603088379,19.66666603088379,11.485625267028809,-0.6835002667051695,-1.2552464205537128,-0.146005630493164,-0.14600563049316406
2004-03-16,20.0,20.0,20.0,20.0,11.6802978515625,-0.797443100676895,1.6949236981684157,0.1946725845336914,0.1946725845336914
2004-03-17,20.0,20.0,20.0,20.0,11.6802978515625,-0.8354240453341367,0.0,0.0,0.0
2004-03-18,20.0,20.0,20.0,20.0,11.6802978515625,-0.8354240453341367,0.0,0.0,0.0
2004-03-19,19.670000076293945,19.670000076293945,19.670000076293945,19.670000076293945,11.487571716308594,-0.7214812113624113,-1.650010450958872,-0.1927261352539062,-0.19272613525390625
2004-03-22,19.75,19.75,19.66666603088379,19.66666603088379,11.485625267028809,-0.3416717647899932,-0.016943957590465,-0.0019464492797851,-0.0019464492797851562
2004-03-23,19.83333396911621,20.33333396911621,19.66666603088379,20.33333396911621,11.87496566772461,2.658822863132109,3.3898058803421005,0.3893404006958008,0.3893404006958008
2004-03-24,20.33333396911621,20.33333396911621,20.33333396911621,20.33333396911621,11.87496566772461,-0.5315764880762023,0.0,0.0,0.0
2004-03-25,20.0,20.33333396911621,19.75,20.33333396911621,11.87496566772461,-0.4556145987617186,0.0,0.0,0.0
2004-03-26,20.33333396911621,20.33333396911621,20.33333396911621,20.33333396911621,11.87496566772461,-0.7594621560196531,0.0,0.0,0.0
2004-03-29,20.33333396911621,20.33333396911621,20.33333396911621,20.33333396911621,11.87496566772461,-0.8354240453341367,0.0,0.0,0.0
2004-03-30,20.33333396911621,20.33333396911621,20.33333396911621,20.33333396911621,11.87496566772461,-0.8354240453341367,0.0,0.0,0.0
2004-03-31,20.33333396911621,20.33333396911621,20.33333396911621,20.33333396911621,11.87496566772461,-0.8354240453341367,0.0,0.0,0.0
2004-04-01,20.33333396911621,20.33333396911621,20.33333396911621,20.33333396911621,11.87496566772461,-0.8354240453341367,0.0,0.0,0.0
2004-04-02,20.33333396911621,20.33333396911621,20.33333396911621,20.33333396911621,11.87496566772461,-0.8354240453341367,0.0,0.0,0.0
2004-04-05,20.33333396911621,20.33333396911621,20.0,20.33333396911621,11.87496566772461,0.6838137409555355,0.0,0.0,0.0
2004-04-06,20.33333396911621,20.33333396911621,20.33333396911621,20.33333396911621,11.87496566772461,-0.8354240453341367,0.0,0.0,0.0
2004-04-07,20.33333396911621,20.33333396911621,20.33333396911621,20.33333396911621,11.87496566772461,-0.8354240453341367,0.0,0.0,0.0
2004-04-08,20.33333396911621,20.33333396911621,20.33333396911621,20.33333396911621,11.87496566772461,-0.8354240453341367,0.0,0.0,0.0
2004-04-12,20.33333396911621,20.33333396911621,20.33333396911621,20.33333396911621,11.87496566772461,-0.8354240453341367,0.0,0.0,0.0
2004-04-13,20.33333396911621,20.33333396911621,20.33333396911621,20.33333396911621,11.87496566772461,-0.8354240453341367,0.0,0.0,0.0
2004-04-14,20.33333396911621,20.33333396911621,20.33333396911621,20.33333396911621,11.87496566772461,-0.8354240453341367,0.0,0.0,0.0
2004-04-15,20.33333396911621,20.33333396911621,20.33333396911621,20.33333396911621,11.87496566772461,-0.8354240453341367,0.0,0.0,0.0
2004-04-16,20.33333396911621,20.33333396911621,20.33333396911621,20.33333396911621,11.87496566772461,-0.8354240453341367,0.0,0.0,0.0
2004-04-19,20.33333396911621,20.33333396911621,20.33333396911621,20.33333396911621,11.87496566772461,-0.8354240453341367,0.0,0.0,0.0
2004-04-20,20.33333396911621,20.33333396911621,20.33333396911621,20.33333396911621,11.87496566772461,-0.8354240453341367,0.0,0.0,0.0
2004-04-21,20.5,20.5,20.5,20.5,11.972302436828612,-0.7594621560196531,0.8196804254226864,0.0973367691040021,0.09733676910400213
2004-04-22,20.5,20.5,20.5,20.5,11.972302436828612,-0.8354240453341367,0.0,0.0,0.0
2004-04-23,20.5,20.5,20.5,20.5,11.972302436828612,-0.8354240453341367,0.0,0.0,0.0
2004-04-26,20.5,20.5,20.5,20.5,11.972302436828612,-0.8354240453341367,0.0,0.0,0.0
2004-04-27,20.5,20.5,20.5,20.5,11.972302436828612,-0.8354240453341367,0.0,0.0,0.0
2004-04-28,20.5,20.5,20.5,20.5,11.972302436828612,-0.8354240453341367,0.0,0.0,0.0
2004-04-29,20.5,20.5,20.5,20.5,12.062528610229492,-0.8354240453341367,0.7536242412598204,0.0902261734008806,0.09022617340088068
2004-04-30,20.5,20.5,20.5,20.5,12.062528610229492,-0.8354240453341367,0.0,0.0,0.0
2004-05-03,20.5,20.5,20.5,20.5,12.062528610229492,-0.8354240453341367,0.0,0.0,0.0
2004-05-04,20.183332443237305,20.5,20.0,20.5,12.062528610229492,-0.2657098754755096,0.0,0.0,0.0
2004-05-05,20.5,20.5,20.5,20.5,12.062528610229492,-0.8354240453341367,0.0,0.0,0.0
2004-05-06,20.5,20.5,20.5,20.5,12.062528610229492,-0.8354240453341367,0.0,0.0,0.0
2004-05-07,20.5,20.5,20.5,20.5,12.062528610229492,-0.8354240453341367,0.0,0.0,0.0
2004-05-10,20.0,20.0,20.0,20.0,11.76832103729248,-0.6455193220479277,-2.439020726446295,-0.2942075729370117,-0.2942075729370117
2004-05-11,20.0,20.0,20.0,20.0,11.76832103729248,-0.8354240453341367,0.0,0.0,0.0
2004-05-12,20.0,20.0,20.0,20.0,11.76832103729248,-0.6455193220479277,0.0,0.0,0.0
2004-05-13,20.0,20.0,20.0,20.0,11.76832103729248,-0.1137860968465424,0.0,0.0,0.0
2004-05-14,20.5,20.5,20.5,20.5,12.062528610229492,-0.6835002667051695,2.499996150722783,0.2942075729370117,0.2942075729370117
2004-05-17,20.5,20.5,20.5,20.5,12.062528610229492,-0.8354240453341367,0.0,0.0,0.0
2004-05-18,20.5,20.5,20.5,20.5,12.062528610229492,-0.8354240453341367,0.0,0.0,0.0
2004-05-19,20.5,20.5,20.5,20.5,12.062528610229492,-0.8354240453341367,0.0,0.0,0.0
2004-05-20,20.83333396911621,20.83333396911621,20.83333396911621,20.83333396911621,12.2586669921875,-0.6835002667051695,1.6260138176308558,0.1961383819580078,0.1961383819580078
2004-05-21,20.66666603088379,20.83333396911621,20.16666603088379,20.16666603088379,11.8663911819458,1.5193945234148551,-3.1999874904155456,-0.3922758102416992,-0.3922758102416992
2004-05-24,20.08333396911621,20.08333396911621,20.08333396911621,20.08333396911621,11.817355155944824,-0.6075383773906858,-0.4132345314520114,-0.0490360260009765,-0.04903602600097656
2004-05-25,20.100000381469727,20.58333396911621,20.100000381469727,20.58333396911621,12.111564636230469,-0.2277289308182678,2.489638979307829,0.2942094802856445,0.29420948028564453
2004-05-26,20.58333396911621,20.58333396911621,20.58333396911621,20.58333396911621,12.111564636230469,-0.8354240453341367,0.0,0.0,0.0
2004-05-27,20.58333396911621,20.58333396911621,20.58333396911621,20.58333396911621,12.111564636230469,-0.7594621560196531,0.0,0.0,0.0
2004-05-28,20.91666603088379,20.91666603088379,20.33333396911621,20.33333396911621,11.964455604553224,-0.6835002667051695,-1.2146162456763254,-0.1471090316772443,-0.14710903167724432
2004-06-01,20.33333396911621,20.33333396911621,20.33333396911621,20.33333396911621,11.964455604553224,-0.8354240453341367,0.0,0.0,0.0
2004-06-02,20.33333396911621,20.33333396911621,20.33333396911621,20.33333396911621,11.964455604553224,-0.8354240453341367,0.0,0.0,0.0
2004-06-03,20.33333396911621,20.33333396911621,20.33333396911621,20.33333396911621,11.964455604553224,-0.8354240453341367,0.0,0.0,0.0
2004-06-04,20.33333396911621,20.66666603088379,20.33333396911621,20.66666603088379,12.160598754882812,-0.379652709447235,1.6393821567187938,0.196143150329588,0.19614315032958807
2004-06-07,20.66666603088379,20.66666603088379,20.66666603088379,20.66666603088379,12.160598754882812,-0.6455193220479277,0.0,0.0,0.0
2004-06-08,20.66666603088379,20.66666603088379,20.66666603088379,20.66666603088379,12.160598754882812,-0.8354240453341367,0.0,0.0,0.0
2004-06-09,21.16666603088379,21.16666603088379,21.16666603088379,21.16666603088379,12.45480251312256,-0.6455193220479277,2.4193196747126944,0.2942037582397478,0.29420375823974787
2004-06-10,21.16666603088379,21.16666603088379,21.16666603088379,21.16666603088379,12.45480251312256,-0.8354240453341367,0.0,0.0,0.0
2004-06-14,21.16666603088379,21.16666603088379,21.16666603088379,21.16666603088379,12.45480251312256,-0.8354240453341367,0.0,0.0,0.0
2004-06-15,20.83333396911621,20.83333396911621,20.83333396911621,20.83333396911621,12.2586669921875,-0.7594621560196531,-1.5747782490200812,-0.1961355209350603,-0.19613552093506037
2004-06-16,20.83333396911621,21.16666603088379,20.83333396911621,21.16666603088379,12.45480251312256,-0.3036908201327514,1.5999742962269805,0.1961355209350603,0.19613552093506037
2004-06-17,21.16666603088379,21.16666603088379,21.16666603088379,21.16666603088379,12.45480251312256,-0.8354240453341367,0.0,0.0,0.0
2004-06-18,21.16666603088379,21.16666603088379,21.16666603088379,21.16666603088379,12.45480251312256,-0.8354240453341367,0.0,0.0,0.0
2004-06-21,21.16666603088379,21.16666603088379,21.16666603088379,21.16666603088379,12.45480251312256,-0.8354240453341367,0.0,0.0,0.0
2004-06-22,21.16666603088379,21.16666603088379,21.16666603088379,21.16666603088379,12.45480251312256,-0.8354240453341367,0.0,0.0,0.0
2004-06-23,21.16666603088379,21.16666603088379,21.16666603088379,21.16666603088379,12.45480251312256,-0.8354240453341367,0.0,0.0,0.0
2004-06-24,21.16666603088379,21.16666603088379,21.16666603088379,21.16666603088379,12.45480251312256,-0.8354240453341367,0.0,0.0,0.0
2004-06-25,21.16666603088379,21.16666603088379,21.16666603088379,21.16666603088379,12.45480251312256,-0.8354240453341367,0.0,0.0,0.0
2004-06-28,21.16666603088379,21.16666603088379,21.16666603088379,21.16666603088379,12.45480251312256,-0.8354240453341367,0.0,0.0,0.0
2004-06-29,21.16666603088379,21.16666603088379,21.16666603088379,21.16666603088379,12.45480251312256,-0.8354240453341367,0.0,0.0,0.0
2004-06-30,21.16666603088379,21.16666603088379,21.16666603088379,21.16666603088379,12.45480251312256,-0.8354240453341367,0.0,0.0,0.0
2004-07-01,20.75,20.75,20.75,20.75,12.209633827209473,-0.797443100676895,-1.9684670684643524,-0.2451686859130877,-0.2451686859130877
2004-07-02,20.75,20.75,20.75,20.75,12.209633827209473,0.4939090176693264,0.0,0.0,0.0
2004-07-06,20.75,20.75,20.75,20.75,12.209633827209473,-0.8354240453341367,0.0,0.0,0.0
2004-07-07,20.75,20.75,20.75,20.75,12.209633827209473,-0.8354240453341367,0.0,0.0,0.0
2004-07-08,20.75,20.75,20.75,20.75,12.209633827209473,-0.8354240453341367,0.0,0.0,0.0
2004-07-09,20.75,20.75,20.75,20.75,12.209633827209473,-0.8354240453341367,0.0,0.0,0.0
2004-07-12,20.75,20.75,20.75,20.75,12.209633827209473,-0.8354240453341367,0.0,0.0,0.0
2004-07-13,20.75,20.75,20.75,20.75,12.209633827209473,-0.8354240453341367,0.0,0.0,0.0
2004-07-14,21.83333396911621,21.83333396911621,21.66666603088379,21.66666603088379,12.749013900756836,-0.4935955434189604,4.417659703646004,0.5393800735473633,0.5393800735473633
2004-07-15,21.66666603088379,21.66666603088379,21.66666603088379,21.66666603088379,12.749013900756836,-0.8354240453341367,0.0,0.0,0.0
2004-07-16,21.66666603088379,21.66666603088379,21.66666603088379,21.66666603088379,12.749013900756836,-0.8354240453341367,0.0,0.0,0.0
2004-07-19,21.66666603088379,21.66666603088379,21.66666603088379,21.66666603088379,12.749013900756836,-0.8354240453341367,0.0,0.0,0.0
2004-07-20,21.0,21.0,21.0,21.0,12.356730461120604,-0.7594621560196531,-3.076970836253812,-0.3922834396362322,-0.39228343963623225
2004-07-21,21.0,21.0,21.0,21.0,12.356730461120604,-0.8354240453341367,0.0,0.0,0.0
2004-07-22,21.0,21.0,21.0,21.0,12.356730461120604,-0.8354240453341367,0.0,0.0,0.0
2004-07-23,21.0,21.0,21.0,21.0,12.356730461120604,-0.8354240453341367,0.0,0.0,0.0
2004-07-26,21.0,21.0,21.0,21.0,12.356730461120604,-0.8354240453341367,0.0,0.0,0.0
2004-07-27,21.809999465942383,21.809999465942383,21.66666603088379,21.66666603088379,12.749013900756836,-0.4935955434189604,3.1746540144297786,0.3922834396362322,0.39228343963623225
2004-07-28,21.66666603088379,21.66666603088379,21.66666603088379,21.66666603088379,12.749013900756836,-0.8354240453341367,0.0,0.0,0.0
2004-07-29,21.41666603088379,22.0,21.41666603088379,22.0,12.945152282714844,2.4689181398459,1.5384592368070438,0.1961383819580078,0.1961383819580078
2004-07-30,21.58333396911621,21.58333396911621,21.58333396911621,21.58333396911621,12.699981689453123,-0.7594621560196531,-1.8939181857990703,-0.2451705932617205,-0.24517059326172053
2004-08-02,21.58333396911621,21.58333396911621,21.58333396911621,21.58333396911621,12.699981689453123,-0.8354240453341367,0.0,0.0,0.0
2004-08-03,21.66666603088379,22.0,21.66666603088379,21.83333396911621,12.847084045410156,-0.379652709447235,1.1582879373692068,0.147102355957033,0.14710235595703303
2004-08-04,22.25,22.25,22.25,22.25,13.092252731323242,-0.7594621560196531,1.908360566853129,0.2451686859130859,0.24516868591308594
2004-08-05,22.25,22.25,22.25,22.25,13.092252731323242,-0.8354240453341367,0.0,0.0,0.0
2004-08-06,22.25,22.25,22.25,22.25,13.092252731323242,-0.8354240453341367,0.0,0.0,0.0
2004-08-09,22.25,22.25,22.25,22.25,13.092252731323242,-0.8354240453341367,0.0,0.0,0.0
2004-08-10,22.25,22.25,22.25,22.25,13.092252731323242,-0.8354240453341367,0.0,0.0,0.0
2004-08-11,22.25,22.25,22.25,22.25,13.092252731323242,-0.8354240453341367,0.0,0.0,0.0
2004-08-12,22.25,22.25,22.25,22.25,13.092252731323242,-0.8354240453341367,0.0,0.0,0.0
2004-08-13,22.25,22.25,22.25,22.25,13.092252731323242,-0.8354240453341367,0.0,0.0,0.0
2004-08-16,22.25,22.25,22.25,22.25,13.092252731323242,-0.8354240453341367,0.0,0.0,0.0
2004-08-17,22.25,22.25,22.25,22.25,13.092252731323242,-0.8354240453341367,0.0,0.0,0.0
2004-08-18,22.25,22.25,22.25,22.25,13.092252731323242,-0.8354240453341367,0.0,0.0,0.0
2004-08-19,22.0,22.33333396911621,22.0,22.33333396911621,13.141295433044434,-0.5695574327334441,0.3745933013029612,0.0490427017211914,0.049042701721191406
2004-08-20,22.33333396911621,22.33333396911621,22.33333396911621,22.33333396911621,13.141295433044434,-0.8354240453341367,0.0,0.0,0.0
2004-08-23,22.33333396911621,22.33333396911621,22.33333396911621,22.33333396911621,13.141295433044434,-0.8354240453341367,0.0,0.0,0.0
2004-08-24,22.33333396911621,22.33333396911621,22.33333396911621,22.33333396911621,13.141295433044434,-0.8354240453341367,0.0,0.0,0.0
2004-08-25,22.33333396911621,22.33333396911621,22.33333396911621,22.33333396911621,13.141295433044434,-0.8354240453341367,0.0,0.0,0.0
2004-08-26,22.33333396911621,22.33333396911621,22.33333396911621,22.33333396911621,13.141295433044434,-0.8354240453341367,0.0,0.0,0.0
2004-08-27,22.33333396911621,22.33333396911621,22.33333396911621,22.33333396911621,13.141295433044434,-0.6835002667051695,0.0,0.0,0.0
2004-08-30,22.33333396911621,22.33333396911621,22.33333396911621,22.33333396911621,13.141295433044434,-0.8354240453341367,0.0,0.0,0.0
2004-08-31,22.33333396911621,22.33333396911621,22.33333396911621,22.33333396911621,13.141295433044434,-0.8354240453341367,0.0,0.0,0.0
2004-09-01,22.33333396911621,22.33333396911621,22.33333396911621,22.33333396911621,13.141295433044434,-0.8354240453341367,0.0,0.0,0.0
2004-09-02,22.33333396911621,22.33333396911621,22.33333396911621,22.33333396911621,13.141295433044434,-0.8354240453341367,0.0,0.0,0.0
2004-09-03,22.33333396911621,22.33333396911621,22.33333396911621,22.33333396911621,13.141295433044434,-0.8354240453341367,0.0,0.0,0.0
2004-09-07,22.33333396911621,22.33333396911621,22.33333396911621,22.33333396911621,13.141295433044434,-0.8354240453341367,0.0,0.0,0.0
2004-09-08,23.66666603088379,23.66666603088379,23.33333396911621,23.33333396911621,13.72970485687256,-0.6075383773906858,4.477560274221837,0.5884094238281268,0.5884094238281268
2004-09-09,23.66666603088379,23.83333396911621,23.66666603088379,23.83333396911621,14.02391529083252,-0.6455193220479277,2.142875153013124,0.2942104339599591,0.29421043395995916
2004-09-10,23.83333396911621,23.83333396911621,23.83333396911621,23.83333396911621,14.02391529083252,-0.8354240453341367,0.0,0.0,0.0
2004-09-13,23.83333396911621,23.83333396911621,23.83333396911621,23.83333396911621,14.02391529083252,-0.8354240453341367,0.0,0.0,0.0
2004-09-14,23.83333396911621,23.83333396911621,23.83333396911621,23.83333396911621,14.120684623718262,-0.8354240453341367,0.6900307858319854,0.0967693328857421,0.09676933288574219
2004-09-15,23.33333396911621,23.33333396911621,23.33333396911621,23.33333396911621,13.824444770812988,-0.7594621560196531,-2.097914235742404,-0.2962398529052734,-0.29623985290527344
2004-09-16,23.33333396911621,23.33333396911621,23.33333396911621,23.33333396911621,13.824444770812988,-0.8354240453341367,0.0,0.0,0.0
2004-09-17,23.66666603088379,23.66666603088379,23.66666603088379,23.66666603088379,14.021937370300291,-0.7594621560196531,1.4285752720012423,0.1974925994873029,0.1974925994873029
2004-09-20,23.66666603088379,23.66666603088379,23.66666603088379,23.66666603088379,14.021937370300291,-0.8354240453341367,0.0,0.0,0.0
2004-09-21,23.66666603088379,23.66666603088379,23.66666603088379,23.66666603088379,14.021937370300291,-0.8354240453341367,0.0,0.0,0.0
2004-09-22,23.66666603088379,23.66666603088379,23.66666603088379,23.66666603088379,14.021937370300291,-0.8354240453341367,0.0,0.0,0.0
2004-09-23,23.66666603088379,23.66666603088379,23.66666603088379,23.66666603088379,14.021937370300291,-0.8354240453341367,0.0,0.0,0.0
2004-09-24,23.66666603088379,23.66666603088379,23.66666603088379,23.66666603088379,14.021937370300291,-0.8354240453341367,0.0,0.0,0.0
2004-09-27,23.66666603088379,23.66666603088379,23.66666603088379,23.66666603088379,14.021937370300291,-0.8354240453341367,0.0,0.0,0.0
2004-09-28,23.66666603088379,23.66666603088379,23.66666603088379,23.66666603088379,14.021937370300291,-0.8354240453341367,0.0,0.0,0.0
2004-09-29,23.66666603088379,23.66666603088379,23.66666603088379,23.66666603088379,14.021937370300291,-0.8354240453341367,0.0,0.0,0.0
2004-09-30,23.66666603088379,23.66666603088379,23.66666603088379,23.66666603088379,14.021937370300291,-0.8354240453341367,0.0,0.0,0.0
2004-10-01,23.33333396911621,23.5,23.33333396911621,23.5,13.923195838928224,-0.3036908201327514,-0.7041932135655515,-0.0987415313720667,-0.09874153137206676
2004-10-04,23.5,23.5,23.5,23.5,13.923195838928224,-0.8354240453341367,0.0,0.0,0.0
2004-10-05,23.5,23.5,23.5,23.5,13.923195838928224,-0.8354240453341367,0.0,0.0,0.0
2004-10-06,23.5,23.5,23.5,23.5,13.923195838928224,-0.8354240453341367,0.0,0.0,0.0
2004-10-07,23.5,23.5,23.5,23.5,13.923195838928224,-0.8354240453341367,0.0,0.0,0.0
2004-10-08,23.5,23.5,23.5,23.5,13.923195838928224,-0.8354240453341367,0.0,0.0,0.0
2004-10-11,23.5,23.5,23.5,23.5,13.923195838928224,-0.8354240453341367,0.0,0.0,0.0
2004-10-12,23.5,23.5,23.5,23.5,13.923195838928224,-0.8354240453341367,0.0,0.0,0.0
2004-10-13,23.5,23.5,23.5,23.5,13.923195838928224,-0.8354240453341367,0.0,0.0,0.0
2004-10-14,23.5,23.5,23.5,23.5,13.923195838928224,-0.8354240453341367,0.0,0.0,0.0
2004-10-15,23.33333396911621,23.5,23.33333396911621,23.5,13.923195838928224,0.4559280730120846,0.0,0.0,0.0
2004-10-18,23.5,23.5,23.5,23.5,13.923195838928224,-0.8354240453341367,0.0,0.0,0.0
2004-10-19,23.66666603088379,23.66666603088379,23.66666603088379,23.66666603088379,14.021937370300291,-0.2657098754755096,0.709187262137001,0.0987415313720667,0.09874153137206676
2004-10-20,23.66666603088379,23.66666603088379,23.66666603088379,23.66666603088379,14.021937370300291,-0.8354240453341367,0.0,0.0,0.0
2004-10-21,23.66666603088379,23.66666603088379,23.66666603088379,23.66666603088379,14.021937370300291,-0.797443100676895,0.0,0.0,0.0
2004-10-22,23.66666603088379,23.66666603088379,23.66666603088379,23.66666603088379,14.021937370300291,-0.8354240453341367,0.0,0.0,0.0
2004-10-25,23.66666603088379,23.66666603088379,23.66666603088379,23.66666603088379,14.021937370300291,-0.8354240453341367,0.0,0.0,0.0
2004-10-26,23.75,24.0,23.75,24.0,14.219430923461914,-0.4556145987617186,1.4084612414539288,0.1974935531616228,0.19749355316162287
2004-10-27,24.0,24.0,24.0,24.0,14.219430923461914,-0.8354240453341367,0.0,0.0,0.0
2004-10-28,24.0,24.0,24.0,24.0,14.316862106323242,-0.8354240453341367,0.6851974835404118,0.0974311828613281,0.09743118286132812
2004-10-29,23.5,23.5,23.5,23.5,14.018597602844238,-0.6455193220479277,-2.083309186496052,-0.2982645034790039,-0.2982645034790039
2004-11-01,23.83333396911621,23.83333396911621,23.83333396911621,23.83333396911621,14.217440605163574,-0.4556145987617186,1.4184229261205994,0.1988430023193359,0.19884300231933594
2004-11-02,23.83333396911621,23.83333396911621,23.83333396911621,23.83333396911621,14.217440605163574,-0.8354240453341367,0.0,0.0,0.0
2004-11-03,23.83333396911621,23.83333396911621,23.83333396911621,23.83333396911621,14.217440605163574,-0.8354240453341367,0.0,0.0,0.0
2004-11-04,23.83333396911621,23.83333396911621,23.83333396911621,23.83333396911621,14.217440605163574,-0.8354240453341367,0.0,0.0,0.0
2004-11-05,23.83333396911621,23.83333396911621,23.83333396911621,23.83333396911621,14.217440605163574,-0.8354240453341367,0.0,0.0,0.0
2004-11-08,24.16666603088379,24.16666603088379,24.0,24.0,14.316862106323242,-0.7214812113624113,0.6992925373893177,0.0994215011596679,0.09942150115966797
2004-11-09,24.0,24.16666603088379,24.0,24.16666603088379,14.416287422180176,-0.6455193220479277,0.694463040284643,0.0994253158569336,0.0994253158569336
2004-11-10,24.16666603088379,24.16666603088379,24.16666603088379,24.16666603088379,14.416287422180176,-0.8354240453341367,0.0,0.0,0.0
2004-11-11,24.16666603088379,24.16666603088379,24.16666603088379,24.16666603088379,14.416287422180176,-0.4556145987617186,0.0,0.0,0.0
2004-11-12,24.16666603088379,24.16666603088379,24.16666603088379,24.16666603088379,14.416287422180176,-0.8354240453341367,0.0,0.0,0.0
2004-11-15,24.16666603088379,24.16666603088379,24.16666603088379,24.16666603088379,14.416287422180176,-0.8354240453341367,0.0,0.0,0.0
2004-11-16,24.16666603088379,24.16666603088379,24.16666603088379,24.16666603088379,14.416287422180176,-0.8354240453341367,0.0,0.0,0.0
2004-11-17,24.66666603088379,24.66666603088379,24.58333396911621,24.58333396911621,14.664838790893556,-0.5315764880762023,1.7241010909020416,0.2485513687133806,0.24855136871338068
2004-11-18,24.66666603088379,25.0,24.66666603088379,25.0,14.913394927978516,0.1140995710969084,1.6949121680035484,0.2485561370849591,0.24855613708495916
2004-11-19,25.0,25.0,25.0,25.0,14.913394927978516,-0.8354240453341367,0.0,0.0,0.0
2004-11-22,25.0,25.0,25.0,25.0,14.913394927978516,-0.8354240453341367,0.0,0.0,0.0
2004-11-23,25.0,25.0,25.0,25.0,14.913394927978516,-0.8354240453341367,0.0,0.0,0.0
2004-11-24,25.0,25.0,25.0,25.0,14.913394927978516,-0.8354240453341367,0.0,0.0,0.0
2004-11-26,25.0,25.0,25.0,25.0,14.913394927978516,-0.8354240453341367,0.0,0.0,0.0
2004-11-29,25.0,25.0,25.0,25.0,14.913394927978516,-0.8354240453341367,0.0,0.0,0.0
2004-11-30,26.66666603088379,26.66666603088379,26.66666603088379,26.66666603088379,15.907620429992676,-0.7594621560196531,6.666661124550033,0.9942255020141602,0.9942255020141602
2004-12-01,26.66666603088379,26.66666603088379,26.66666603088379,26.66666603088379,15.907620429992676,-0.8354240453341367,0.0,0.0,0.0
2004-12-02,35.0,35.0,35.0,35.0,20.87875747680664,-0.797443100676895,31.25003559577799,4.971137046813965,4.971137046813965
2004-12-03,31.66666603088379,33.0,31.66666603088379,33.0,19.68568992614746,-0.7214812113624113,-5.714265094484238,-1.1930675506591797,-1.1930675506591797
2004-12-06,31.66666603088379,32.66666793823242,29.33333396911621,32.66666793823242,19.48683738708496,-0.4935955434189604,-1.0101375151620906,-0.1988525390625,-0.1988525390625
2004-12-07,32.0,32.0,32.0,32.0,19.089149475097656,-0.7214812113624113,-2.0408027433475477,-0.3976879119873047,-0.3976879119873047
2004-12-08,32.0,32.0,32.0,32.0,19.089149475097656,-0.8354240453341367,0.0,0.0,0.0
2004-12-09,26.66666603088379,30.5,26.63333320617676,30.5,18.1943416595459,1.367470744785888,-4.687520608076645,-0.8948078155517578,-0.8948078155517578
2004-12-10,30.0,30.65999984741211,28.670000076293945,28.670000076293945,17.102689743041992,-0.6455193220479277,-5.99995282561464,-1.0916519165039062,-1.0916519165039062
2004-12-13,29.66666603088379,29.66666603088379,27.33333396911621,27.66666603088379,16.5041561126709,-0.4935955434189604,-3.4996461922873867,-0.5985336303710938,-0.5985336303710938
2004-12-14,27.66666603088379,27.66666603088379,27.66666603088379,27.66666603088379,16.5041561126709,-0.8354240453341367,0.0,0.0,0.0
2004-12-15,28.25,28.33333396911621,28.25,28.33333396911621,16.901851654052734,-0.7214812113624113,2.409669047401386,0.3976955413818359,0.39769554138183594
2004-12-16,28.33333396911621,28.33333396911621,28.33333396911621,28.33333396911621,16.901851654052734,-0.8354240453341367,0.0,0.0,0.0
2004-12-17,28.33333396911621,28.33333396911621,28.33333396911621,28.33333396911621,16.901851654052734,-0.8354240453341367,0.0,0.0,0.0
2004-12-20,28.33333396911621,28.33333396911621,28.33333396911621,28.33333396911621,16.901851654052734,-0.8354240453341367,0.0,0.0,0.0
2004-12-21,27.83333396911621,27.83333396911621,27.83333396911621,27.83333396911621,16.603588104248047,-0.6455193220479277,-1.7646797280531643,-0.2982635498046875,-0.2982635498046875
2004-12-22,29.16666603088379,29.16666603088379,28.16666603088379,28.16666603088379,16.802425384521484,-0.6835002667051695,1.1975560886298142,0.1988372802734375,0.1988372802734375
2004-12-23,27.996665954589844,28.0,27.996665954589844,28.0,16.703004837036133,-0.6835002667051695,-0.5917035499942713,-0.0994205474853515,-0.09942054748535156
2004-12-27,28.0,28.0,28.0,28.0,16.703004837036133,-0.8354240453341367,0.0,0.0,0.0
2004-12-28,28.0,28.0,28.0,28.0,16.703004837036133,-0.8354240453341367,0.0,0.0,0.0
2004-12-29,27.33333396911621,27.33333396911621,27.33333396911621,27.33333396911621,16.30531120300293,-0.6835002667051695,-2.38097059728668,-0.3976936340332031,-0.3976936340332031
2004-12-30,27.0,27.0,27.0,27.0,16.106468200683594,-0.6835002667051695,-1.2194983575824936,-0.1988430023193359,-0.19884300231933594
2004-12-31,27.0,27.0,26.83333396911621,26.83333396911621,16.007041931152344,-0.4935955434189604,-0.617306465281009,-0.09942626953125,-0.09942626953125
2005-01-03,27.66666603088379,27.66666603088379,27.56999969482422,27.56999969482422,16.44649887084961,-0.6075383773906858,2.745397566817198,0.4394569396972656,0.4394569396972656
2005-01-04,27.66666603088379,27.66666603088379,27.66666603088379,27.66666603088379,16.5041561126709,-0.797443100676895,0.3505745646782188,0.057657241821289,0.05765724182128906
2005-01-05,28.0,28.0,28.0,28.0,16.703004837036133,-0.797443100676895,1.2048403020895382,0.1988487243652343,0.19884872436523438
2005-01-06,28.0,28.0,28.0,28.0,16.703004837036133,-0.8354240453341367,0.0,0.0,0.0
2005-01-07,28.0,28.0,28.0,28.0,16.703004837036133,-0.8354240453341367,0.0,0.0,0.0
2005-01-10,28.799999237060547,28.799999237060547,28.799999237060547,28.799999237060547,17.18023681640625,-0.797443100676895,2.857162432905102,0.4772319793701172,0.4772319793701172
2005-01-11,29.16666603088379,29.66666603088379,29.0,29.66666603088379,17.69723129272461,-0.2657098754755096,3.009239522383389,0.5169944763183594,0.5169944763183594
2005-01-12,29.66666603088379,29.66666603088379,29.66666603088379,29.66666603088379,17.69723129272461,-0.7594621560196531,0.0,0.0,0.0
2005-01-14,28.33333396911621,28.33333396911621,28.33333396911621,28.33333396911621,16.901851654052734,-0.8354240453341367,-4.494373303460519,-0.795379638671875,-0.795379638671875
2005-01-18,28.33333396911621,29.0,28.33333396911621,29.0,17.299545288085938,-0.379652709447235,2.3529589667049544,0.3976936340332031,0.3976936340332031
2005-01-19,28.66666603088379,29.0,28.66666603088379,29.0,17.299545288085938,-0.0758051521893006,0.0,0.0,0.0
2005-01-20,28.33333396911621,28.33333396911621,28.33333396911621,28.33333396911621,16.901851654052734,-0.7594621560196531,-2.298867556403872,-0.3976936340332031,-0.3976936340332031
2005-01-21,29.0,29.0,29.0,29.0,17.299545288085938,-0.0758051521893006,2.3529589667049544,0.3976936340332031,0.3976936340332031
2005-01-24,29.663333892822266,29.663333892822266,29.16666603088379,29.16666603088379,17.398962020874023,-0.4935955434189604,0.5746783001085776,0.0994167327880859,0.09941673278808594
2005-01-25,29.16666603088379,29.16666603088379,29.16666603088379,29.16666603088379,17.398962020874023,-0.8354240453341367,0.0,0.0,0.0
2005-01-26,29.16666603088379,29.16666603088379,29.16666603088379,29.16666603088379,17.398962020874023,-0.797443100676895,0.0,0.0,0.0
2005-01-27,29.0,29.0,29.0,29.0,17.299545288085938,-0.797443100676895,-0.5713946192239083,-0.0994167327880859,-0.09941673278808594
2005-01-28,29.0,29.0,29.0,29.0,17.39752769470215,-0.8354240453341367,0.5663871794577835,0.0979824066162109,0.09798240661621094
2005-01-31,29.0,29.0,29.0,29.0,17.39752769470215,-0.8354240453341367,0.0,0.0,0.0
2005-02-01,29.0,29.0,29.0,29.0,17.39752769470215,-0.8354240453341367,0.0,0.0,0.0
2005-02-02,29.33333396911621,29.33333396911621,29.0,29.0,17.39752769470215,-0.7594621560196531,0.0,0.0,0.0
2005-02-03,29.33333396911621,29.33333396911621,29.0,29.0,17.39752769470215,-0.6075383773906858,0.0,0.0,0.0
2005-02-04,29.0,29.0,29.0,29.0,17.39752769470215,-0.8354240453341367,0.0,0.0,0.0
2005-02-07,29.106666564941406,29.106666564941406,29.106666564941406,29.106666564941406,17.461515426635742,-0.7214812113624113,0.3677978449379226,0.0639877319335937,0.06398773193359375
2005-02-08,29.16666603088379,29.16666603088379,29.16666603088379,29.16666603088379,17.497509002685547,-0.797443100676895,0.2061308836625919,0.0359935760498046,0.03599357604980469
2005-02-09,28.58333396911621,28.83333396911621,28.58333396911621,28.83333396911621,17.29753875732422,-0.6075383773906858,-1.142849792679845,-0.1999702453613281,-0.19997024536132812
2005-02-10,29.16666603088379,30.0,29.16666603088379,30.0,17.997440338134766,0.9116994088989864,4.046249530813695,0.6999015808105469,0.6999015808105469
2005-02-11,30.0,30.0,30.0,30.0,17.997440338134766,-0.797443100676895,0.0,0.0,0.0
2005-02-14,29.5,29.5,29.5,29.5,17.697484970092773,-0.797443100676895,-1.666655715515375,-0.2999553680419922,-0.2999553680419922
2005-02-15,29.5,29.5,29.5,29.5,17.697484970092773,-0.8354240453341367,0.0,0.0,0.0
2005-02-16,29.51666641235352,29.51666641235352,29.51666641235352,29.51666641235352,17.70748519897461,-0.797443100676895,0.0565064973850004,0.0100002288818359,0.010000228881835938
2005-02-17,29.51666641235352,29.51666641235352,29.51666641235352,29.51666641235352,17.70748519897461,-0.8354240453341367,0.0,0.0,0.0
2005-02-18,29.51666641235352,29.51666641235352,29.51666641235352,29.51666641235352,17.70748519897461,-0.8354240453341367,0.0,0.0,0.0
2005-02-22,30.63333320617676,30.63333320617676,30.33333396911621,30.33333396911621,18.197410583496094,-0.6455193220479277,2.7667699790021816,0.4899253845214844,0.4899253845214844
2005-02-23,30.33333396911621,30.33333396911621,30.33333396911621,30.33333396911621,18.197410583496094,-0.797443100676895,0.0,0.0,0.0
2005-02-24,30.33333396911621,30.33333396911621,30.33333396911621,30.33333396911621,18.197410583496094,-0.8354240453341367,0.0,0.0,0.0
2005-02-25,30.33333396911621,30.33333396911621,30.33333396911621,30.33333396911621,18.197410583496094,-0.8354240453341367,0.0,0.0,0.0
2005-02-28,30.799999237060547,31.16666603088379,30.799999237060547,31.16666603088379,18.69734001159668,0.379966183697601,2.7472558571272288,0.4999294281005859,0.49992942810058594
2005-03-01,31.16666603088379,31.56666755676269,31.0,31.56666755676269,18.93730354309082,0.7977565749272608,1.2834100002744098,0.2399635314941406,0.23996353149414062
2005-03-02,31.66666603088379,33.33333206176758,31.66666603088379,32.66666793823242,19.59720993041992,0.1520805157541502,3.4846903405625573,0.659906387329098,0.659906387329098
2005-03-03,32.66666793823242,32.66666793823242,32.66666793823242,32.66666793823242,19.59720993041992,-0.8354240453341367,0.0,0.0,0.0
2005-03-04,32.66666793823242,32.66666793823242,32.66666793823242,32.66666793823242,19.59720993041992,-0.8354240453341367,0.0,0.0,0.0
2005-03-07,32.66666793823242,32.66666793823242,32.66666793823242,32.66666793823242,19.59720993041992,-0.797443100676895,0.0,0.0,0.0
2005-03-08,32.66666793823242,32.66666793823242,32.66666793823242,32.66666793823242,19.59720993041992,-0.8354240453341367,0.0,0.0,0.0
2005-03-09,32.5,32.54999923706055,32.5,32.54999923706055,19.5272216796875,-0.7214812113624113,-0.3571337500639759,-0.0699882507324183,-0.06998825073241832
2005-03-10,32.5,32.5,32.5,32.5,19.49723052978516,-0.797443100676895,-0.1535863646876967,-0.0299911499023401,-0.029991149902340197
2005-03-11,32.5,32.5,32.5,32.5,19.49723052978516,-0.8354240453341367,0.0,0.0,0.0
2005-03-14,32.5,32.5,32.5,32.5,19.49723052978516,-0.8354240453341367,0.0,0.0,0.0
2005-03-15,32.5,32.5,32.5,32.5,19.49723052978516,-0.8354240453341367,0.0,0.0,0.0
2005-03-16,32.5,32.5,32.5,32.5,19.49723052978516,-0.8354240453341367,0.0,0.0,0.0
2005-03-17,31.5,31.5,31.5,31.5,18.89730834960937,-0.797443100676895,-3.07696100356053,-0.5999221801757884,-0.5999221801757884
2005-03-18,31.5,31.5,31.5,31.5,18.89730834960937,-0.8354240453341367,0.0,0.0,0.0
2005-03-21,31.5,31.5,31.5,31.5,18.89730834960937,-0.8354240453341367,0.0,0.0,0.0
2005-03-22,31.5,31.5,31.5,31.5,18.89730834960937,-0.8354240453341367,0.0,0.0,0.0
2005-03-23,31.5,31.5,31.5,31.5,18.89730834960937,-0.8354240453341367,0.0,0.0,0.0
2005-03-24,31.46333312988281,31.52666664123535,31.46333312988281,31.52666664123535,18.913307189941406,-0.4176336541044768,0.0846620060171998,0.0159988403320348,0.015998840332034803
2005-03-28,31.983333587646484,32.5,31.983333587646484,32.0,19.197269439697266,-0.4935955434189604,1.5013886619833272,0.2839622497558594,0.2839622497558594
2005-03-29,32.0,32.0,32.0,32.0,19.197269439697266,-0.8354240453341367,0.0,0.0,0.0
2005-03-30,31.83666610717773,31.843334197998047,31.11000061035156,31.11000061035156,18.66334342956543,-0.4556145987617186,-2.7812601776987744,-0.5339260101318359,-0.5339260101318359
2005-03-31,31.33333396911621,31.33333396911621,31.33333396911621,31.33333396911621,18.797325134277344,-0.5315764880762023,0.7178869381981645,0.133981704711914,0.13398170471191406
2005-04-01,31.33333396911621,31.33333396911621,31.33333396911621,31.33333396911621,18.797325134277344,-0.8354240453341367,0.0,0.0,0.0
2005-04-04,31.33333396911621,31.33333396911621,31.33333396911621,31.33333396911621,18.797325134277344,-0.8354240453341367,0.0,0.0,0.0
2005-04-05,31.33333396911621,31.33333396911621,31.33333396911621,31.33333396911621,18.797325134277344,-0.8354240453341367,0.0,0.0,0.0
2005-04-06,31.33333396911621,31.33333396911621,31.33333396911621,31.33333396911621,18.797325134277344,-0.797443100676895,0.0,0.0,0.0
2005-04-07,31.33333396911621,31.33333396911621,31.33333396911621,31.33333396911621,18.797325134277344,-0.8354240453341367,0.0,0.0,0.0
2005-04-08,31.33333396911621,31.33333396911621,31.33333396911621,31.33333396911621,18.797325134277344,-0.8354240453341367,0.0,0.0,0.0
2005-04-11,30.91666603088379,30.91666603088379,30.91666603088379,30.91666603088379,18.547361373901367,-0.7594621560196531,-1.3297836718276557,-0.2499637603759765,-0.24996376037597656
2005-04-12,30.850000381469727,30.850000381469727,30.83333396911621,30.83333396911621,18.49736785888672,-0.7214812113624113,-0.2695451606663401,-0.0499935150146484,-0.04999351501464844
2005-04-13,30.83333396911621,30.83333396911621,30.83333396911621,30.83333396911621,18.49736785888672,-0.8354240453341367,0.0,0.0,0.0
2005-04-14,30.83333396911621,30.83333396911621,30.83333396911621,30.83333396911621,18.49736785888672,-0.8354240453341367,0.0,0.0,0.0
2005-04-15,30.850000381469727,30.850000381469727,30.850000381469727,30.850000381469727,18.50736618041992,-0.797443100676895,0.0540526717610623,0.0099983215331995,0.009998321533199572
2005-04-18,31.33333396911621,31.33333396911621,30.183332443237305,31.0,18.597354888916016,-0.189747986161026,0.4862318474646132,0.0899887084960973,0.0899887084960973
2005-04-19,30.203332901000977,30.203332901000977,30.0,30.0,17.997440338134766,0.0001567371251829,-3.225805789934122,-0.59991455078125,-0.59991455078125
2005-04-20,30.0,30.0,30.0,30.0,17.997440338134766,-0.8354240453341367,0.0,0.0,0.0
2005-04-21,30.0,30.0,30.0,30.0,17.997440338134766,-0.8354240453341367,0.0,0.0,0.0
2005-04-22,30.536666870117188,30.66666603088379,30.536666870117188,30.66666603088379,18.39738273620605,-0.2657098754755096,2.222218218575489,0.3999423980712855,0.3999423980712855
2005-04-25,30.66666603088379,30.66666603088379,30.66666603088379,30.66666603088379,18.39738273620605,-0.8354240453341367,0.0,0.0,0.0
2005-04-26,30.66666603088379,30.66666603088379,30.66666603088379,30.66666603088379,18.39738273620605,-0.8354240453341367,0.0,0.0,0.0
2005-04-27,30.53333282470703,30.53333282470703,30.53333282470703,30.53333282470703,18.317386627197266,-0.7594621560196531,-0.4348233124016776,-0.0799961090087855,-0.07999610900878551
2005-04-28,31.0,31.0,30.66666603088379,30.66666603088379,18.54926109313965,-0.7214812113624113,1.2658708944762953,0.2318744659423828,0.2318744659423828
2005-04-29,30.66666603088379,31.33333396911621,30.66666603088379,31.33333396911621,18.952503204345703,-0.189747986161026,2.173898513699779,0.4032421112060547,0.4032421112060547
2005-05-02,31.0,31.33333396911621,31.0,31.33333396911621,18.952503204345703,-0.2657098754755096,0.0,0.0,0.0
2005-05-03,31.0,31.0,31.0,31.0,18.75088119506836,-0.7594621560196531,-1.0638278601167173,-0.2016220092773437,-0.20162200927734375
2005-05-04,31.16666603088379,31.16666603088379,31.16666603088379,31.16666603088379,18.851686477661133,-0.797443100676895,0.537602908066459,0.1008052825927734,0.10080528259277344
2005-05-05,30.83333396911621,31.16666603088379,30.83333396911621,31.16666603088379,18.851686477661133,-0.4556145987617186,0.0,0.0,0.0
2005-05-06,31.25,31.58333396911621,30.5,30.51000022888184,18.45449447631836,0.7217946856127773,-2.106930866972767,-0.3971920013427734,-0.39719200134277344
2005-05-09,30.26000022888184,30.33333396911621,29.81666755676269,30.0,18.146011352539062,0.56987090698381,-1.6715880468855748,-0.3084831237792969,-0.3084831237792969
2005-05-10,30.0,31.5,30.0,31.16666603088379,18.851686477661133,-0.2657098754755096,3.888871837519981,0.7056751251220703,0.7056751251220703
2005-05-11,31.483333587646484,31.483333587646484,31.483333587646484,31.483333587646484,19.043231964111328,-0.4556145987617186,1.0160655211255198,0.1915454864501953,0.1915454864501953
2005-05-12,31.483333587646484,31.5,30.12666702270508,31.5,19.05331802368164,-0.0758051521893006,0.0529640115150664,0.0100860595703125,0.0100860595703125
2005-05-13,31.63333320617676,31.63333320617676,31.63333320617676,31.63333320617676,19.13396453857422,-0.7594621560196531,0.4232675631212546,0.0806465148925781,0.08064651489257812
2005-05-16,31.66666603088379,32.26666641235352,31.66666603088379,32.26666641235352,19.51704406738281,-0.4935955434189604,2.0020917674238303,0.3830795288085902,0.3830795288085902
2005-05-17,32.26666641235352,32.63333511352539,32.26666641235352,32.41666793823242,19.60777282714844,-0.6455193220479277,0.4648693698307449,0.0907287597656321,0.0907287597656321
2005-05-18,32.41666793823242,32.41666793823242,32.41666793823242,32.41666793823242,19.60777282714844,-0.797443100676895,0.0,0.0,0.0
2005-05-19,30.68000030517578,32.58000183105469,30.68000030517578,32.58000183105469,19.70657539367676,-0.6075383773906858,0.503894896168533,0.0988025665283203,0.09880256652832031
2005-05-20,32.58000183105469,32.58000183105469,32.58000183105469,32.58000183105469,19.70657539367676,-0.6075383773906858,0.0,0.0,0.0
2005-05-23,32.0,32.630001068115234,32.0,32.0,19.355749130249023,-0.1517670415037842,-1.7802497715575072,-0.3508262634277379,-0.3508262634277379
2005-05-24,32.58333206176758,32.75,32.58333206176758,32.75,19.80939483642578,-0.189747986161026,2.343725903472293,0.4536457061767578,0.4536457061767578
2005-05-25,32.5,32.88333511352539,32.5,32.88333511352539,19.89004135131836,-0.0378242075320588,0.4071124613271193,0.0806465148925781,0.08064651489257812
2005-05-26,32.900001525878906,33.33333206176758,32.900001525878906,33.33333206176758,20.16223526000977,0.2280424050686338,1.368493427859918,0.2721939086914098,0.2721939086914098
2005-05-27,33.336666107177734,33.5,33.060001373291016,33.5,20.263044357299805,-0.1517670415037842,0.4999896885936161,0.1008090972900355,0.10080909729003551
2005-05-31,33.33333206176758,33.33333206176758,33.33333206176758,33.33333206176758,20.16223526000977,-0.797443100676895,-0.4975022287493469,-0.1008090972900355,-0.10080909729003551
2005-06-01,33.56666564941406,33.88333511352539,32.56666564941406,32.58333206176758,19.70858383178711,-0.6835002667051695,-2.2500056287034886,-0.4536514282226598,-0.4536514282226598
2005-06-02,32.03333282470703,33.900001525878906,32.03333282470703,33.900001525878906,20.5049991607666,-0.3416717647899932,4.040956650040917,0.7964153289794922,0.7964153289794922
2005-06-03,33.900001525878906,33.900001525878906,33.900001525878906,33.900001525878906,20.5049991607666,-0.8354240453341367,0.0,0.0,0.0
2005-06-06,34.0,35.33333206176758,34.0,35.33333206176758,21.371971130371094,-0.5315764880762023,4.228100488115705,0.8669719696044922,0.8669719696044922
2005-06-07,35.91666793823242,36.33333206176758,35.5,35.66666793823242,21.57358932495117,4.443927262022474,0.9433766934747512,0.2016181945800745,0.20161819458007457
2005-06-08,36.33333206176758,36.5,35.19333267211914,36.0,21.77521705627441,0.2660233497258756,0.9346044753435924,0.2016277313232422,0.2016277313232422
2005-06-09,36.33333206176758,36.33333206176758,35.20000076293945,36.33000183105469,21.974824905395508,0.56987090698381,0.9166744405130212,0.1996078491210973,0.1996078491210973
2005-06-10,36.46666717529297,36.880001068115234,35.43000030517578,36.34999847412109,21.98691940307617,3.380460811619704,0.0550379706447223,0.0120944976806605,0.01209449768066051
2005-06-16,35.459999084472656,36.66666793823242,35.44333267211914,36.630001068115234,22.15627861022949,-0.0378242075320588,0.7702725609192163,0.1693592071533203,0.1693592071533203
2005-06-17,36.38999938964844,36.66666793823242,36.38999938964844,36.66666793823242,22.1784610748291,-0.5315764880762023,0.1001181876697066,0.0221824645996129,0.022182464599612928
2005-06-20,35.66666793823242,36.66666793823242,35.66666793823242,36.650001525878906,22.16838264465332,0.4559280730120846,-0.0454424233574002,-0.0100784301757812,-0.01007843017578125
2005-06-21,36.13666534423828,36.58333206176758,36.13666534423828,36.58333206176758,22.12805557250977,-0.3416717647899932,-0.1819125589357262,-0.0403270721435511,-0.040327072143551135
2005-06-22,36.33333206176758,36.66666793823242,35.9900016784668,36.66666793823242,22.1784610748291,-0.3036908201327514,0.2277900204749716,0.0504055023193323,0.050405502319332385
2005-06-23,36.33333206176758,36.43999862670898,35.58000183105469,36.26666641235352,21.9365177154541,-0.3036908201327514,-1.0908933607191915,-0.241943359375,-0.241943359375
2005-06-28,36.14666748046875,36.78333282470703,36.14666748046875,36.66666793823242,22.1784610748291,2.354975305874175,1.102925097380214,0.241943359375,0.241943359375
2005-08-02,36.59999847412109,36.59999847412109,35.08000183105469,36.130001068115234,21.993295669555664,1.088943817299448,-0.8348884291326519,-0.1851654052734375,-0.1851654052734375
2005-08-03,36.040000915527344,36.040000915527344,34.54999923706055,35.13999938964844,21.39065361022949,0.56987090698381,-2.740117117419494,-0.6026420593261754,-0.6026420593261754
2005-08-04,34.68000030517578,35.099998474121094,29.64999961853028,30.299999237060547,18.444414138793945,1.2535279108141626,-13.773489698447484,-2.9462394714355438,-2.9462394714355433
2005-08-05,29.82999992370605,29.96999931335449,27.71999931335449,27.979999542236328,17.03216552734375,0.4559280730120846,-7.656782160837672,-1.412248611450195,-1.4122486114501953
2005-08-08,28.209999084472656,28.25,26.6200008392334,26.739999771118164,16.27735137939453,-0.1517670415037842,-4.431698052355271,-0.7548141479492188,-0.7548141479492188
2005-08-09,27.270000457763672,28.68000030517578,26.75,27.43000030517578,16.697372436523438,0.6458327962982936,2.580401733298032,0.4200210571289062,0.42002105712890625
2005-08-10,28.25,28.25,27.64999961853028,28.0,17.04435157775879,-0.3036908201327514,2.0780463666030258,0.3469791412353515,0.34697914123535156
2005-08-11,27.36000061035156,27.989999771118164,27.020000457763672,27.57999992370605,16.788677215576172,-0.0631448373035533,-1.5000533227456203,-0.2556743621826172,-0.2556743621826172
2005-08-12,27.84000015258789,27.84000015258789,25.690000534057617,26.07999992370605,15.875591278076172,0.2913439794973701,-5.438700892127812,-0.9130859375,-0.9130859375
2005-08-15,26.0,27.489999771118164,25.549999237060547,26.5,16.131258010864258,0.379966183697601,1.6104391219819103,0.2556667327880859,0.25566673278808594
2005-08-16,26.26000022888184,27.420000076293945,25.5,25.56999969482422,15.565143585205078,0.0761186264396665,-3.5094251500900064,-0.5661144256591797,-0.5661144256591797
2005-08-17,25.6299991607666,26.030000686645508,25.6299991607666,25.84000015258789,15.72949504852295,-0.0125035777605642,1.0558942962408002,0.1643514633178711,0.1643514633178711
2005-08-18,25.84000015258789,28.0,25.82999992370605,26.14999961853028,15.918200492858888,1.0129819279849643,1.1996916859302376,0.1887054443359392,0.18870544433593928
2005-08-19,26.14999961853028,27.0,26.14999961853028,26.729999542236328,16.271263122558594,-0.4049733392187296,2.217980794111085,0.3530626296997052,0.35306262969970525
2005-08-22,26.46999931335449,26.600000381469727,26.290000915527344,26.600000381469727,16.192129135131836,0.1014392562111611,-0.4863420057232392,-0.0791339874267578,-0.07913398742675781
2005-08-23,27.01000022888184,27.57999992370605,26.8799991607666,27.059999465942383,16.472137451171875,-0.5568971178476968,1.729286579320255,0.280008316040039,0.28000831604003906
2005-08-24,27.030000686645508,28.0,27.0,27.559999465942383,16.77650260925293,-0.2530495605897623,1.8477575177069827,0.3043651580810547,0.3043651580810547
2005-08-25,27.739999771118164,28.100000381469727,26.959999084472656,27.299999237060547,16.61823272705078,-0.4682749136474659,-0.9434021255112834,-0.1582698822021484,-0.15826988220214844
2005-08-26,27.64999961853028,27.64999961853028,26.520000457763672,27.0,16.435617446899414,0.8104168898130081,-1.0988850809274695,-0.1826152801513672,-0.1826152801513672
2005-08-29,27.0,27.0,26.190000534057617,26.920000076293945,16.386924743652344,-0.5442368029619495,-0.2962633037936535,-0.0486927032470703,-0.04869270324707031
2005-08-30,27.530000686645508,27.89999961853028,26.86000061035156,27.0,16.435617446899414,-0.5822177476191913,0.2971436313328635,0.0486927032470703,0.04869270324707031
2005-08-31,26.950000762939453,29.299999237060547,26.950000762939453,28.56999969482422,17.391321182250977,0.050797996668172,5.814833172159628,0.9557037353515624,0.9557037353515625
2005-09-01,28.790000915527344,30.549999237060547,28.790000915527344,30.5,18.56616401672364,-0.050484522417806,6.755339759187851,1.1748428344726598,1.1748428344726634
2005-09-02,30.739999771118164,30.950000762939453,30.479999542236328,30.63999938964844,18.651386260986328,-0.4935955434189604,0.4590191284851608,0.0852222442626917,0.08522224426268821
2005-09-06,30.739999771118164,31.489999771118164,30.739999771118164,31.489999771118164,19.16880416870117,-0.189747986161026,2.774152550779241,0.5174179077148402,0.5174179077148402
2005-09-07,31.11000061035156,31.8799991607666,31.11000061035156,31.540000915527344,19.1992416381836,-0.4556145987617186,0.1587864804426741,0.0304374694824289,0.030437469482432533
2005-09-08,31.270000457763672,31.40999984741211,30.81999969482422,31.0,18.870525360107425,-0.4049733392187296,-1.712131574105602,-0.3287162780761719,-0.3287162780761754
2005-09-09,31.18000030517578,31.489999771118164,31.040000915527344,31.040000915527344,18.894874572753903,-0.5315764880762023,0.129033040584825,0.0243492126464772,0.02434921264647727
2005-09-12,30.799999237060547,31.989999771118164,30.799999237060547,31.57999992370605,19.22359085083008,-0.4429542838759714,1.7397113529940222,0.328716278076179,0.328716278076179
2005-09-13,31.280000686645508,31.93000030517578,29.57999992370605,29.82999992370605,18.15831756591797,-0.4809352285332132,-5.541489585261927,-1.065273284912113,-1.065273284912113
2005-09-14,30.09000015258789,30.299999237060547,28.239999771118164,28.25,17.1965274810791,-0.0884654670750478,-5.296691619955407,-0.9617900848388672,-0.9617900848388672
2005-09-15,28.239999771118164,30.01000022888184,27.700000762939453,29.8700008392334,18.18266868591309,0.4939090176693264,5.734536847157168,0.986141204833988,0.9861412048339879
2005-09-16,30.11000061035156,30.690000534057617,30.11000061035156,30.6299991607666,18.64529609680176,4.013476555907067,2.544331741836614,0.4626274108886719,0.4626274108886719
2005-09-19,30.82999992370605,30.82999992370605,29.51000022888184,29.51000022888184,17.963525772094727,-0.658179636933675,-3.6565272075458233,-0.6817703247070348,-0.6817703247070348
2005-09-20,29.809999465942383,29.809999465942383,28.0,28.059999465942383,17.080869674682617,-0.4302939689902241,-4.913601642631116,-0.8826560974121094,-0.8826560974121094
2005-09-21,27.51000022888184,27.700000762939453,27.11000061035156,27.21999931335449,16.56953239440918,0.1647408306398974,-2.9936255589570138,-0.5113372802734375,-0.5113372802734375
2005-09-22,27.040000915527344,27.040000915527344,26.14999961853028,26.6200008392334,16.204307556152344,0.8357375195845027,-2.204195203360526,-0.3652248382568359,-0.36522483825683594
2005-09-23,26.64999961853028,27.309999465942383,26.64999961853028,27.18000030517578,16.545190811157227,-0.5695574327334441,2.103658263851327,0.3408832550048828,0.3408832550048828
2005-09-26,28.170000076293945,28.700000762939453,27.270000457763672,28.01000022888184,17.050434112548828,-0.379652709447235,3.053716981316956,0.5052433013916016,0.5052433013916016
2005-09-27,28.65999984741211,28.65999984741211,27.940000534057617,27.940000534057617,17.007822036743164,-0.7847827857911476,-0.2499178350790609,-0.042612075805664,-0.04261207580566406
2005-09-28,27.989999771118164,27.989999771118164,26.0,26.01000022888184,15.83298397064209,-0.3669923945614878,-6.907633814388414,-1.1748380661010742,-1.1748380661010742
2005-09-29,26.18000030517578,28.0,26.01000022888184,28.0,17.04435157775879,-0.3416717647899932,7.650911599246535,1.2113676071166992,1.2113676071166992
2005-09-30,27.600000381469727,27.75,27.020000457763672,27.600000381469727,16.800851821899414,-0.1391067266180369,-1.4286243436630208,-0.243499755859375,-0.243499755859375
2005-10-03,27.690000534057617,28.43000030517578,27.690000534057617,28.040000915527344,17.068696975708008,-0.5822177476191913,1.594235558101076,0.2678451538085937,0.26784515380859375
2005-10-04,28.700000762939453,29.450000762939453,27.239999771118164,27.940000534057617,17.007822036743164,-0.3416717647899932,-0.3566466675896884,-0.0608749389648437,-0.06087493896484375
2005-10-05,27.5,27.5,25.34000015258789,25.34000015258789,15.425135612487791,-0.0125035777605642,-9.305638434105123,-1.5826864242553729,-1.5826864242553729
2005-10-06,25.850000381469727,26.11000061035156,24.15999984741211,25.07999992370605,15.26685905456543,0.050797996668172,-1.0260950820699777,-0.1582765579223615,-0.1582765579223615
2005-10-07,25.540000915527344,26.1299991607666,25.540000915527344,25.93000030517578,15.784279823303224,-0.708820896476664,3.3891762993846664,0.5174207687377947,0.5174207687377947
2005-10-10,25.89999961853028,25.89999961853028,25.18000030517578,25.46999931335449,15.504268646240234,-0.6328590071621804,-1.7739876649271902,-0.28001117706299,-0.28001117706299006
2005-10-11,25.71999931335449,25.979999542236328,24.549999237060547,24.64999961853028,15.005107879638672,-0.3290114499042459,-3.219505401969469,-0.4991607666015625,-0.4991607666015625
2005-10-12,24.71999931335449,24.809999465942383,23.63999938964844,24.0,14.609439849853516,-0.1137860968465424,-2.6368889378133864,-0.3956680297851562,-0.39566802978515625
2005-10-13,23.940000534057617,24.09000015258789,23.940000534057617,24.030000686645508,14.627702713012695,-0.5062558583047078,0.1250072784916733,0.0182628631591796,0.018262863159179688
2005-10-14,24.190000534057617,24.6200008392334,24.040000915527344,24.6200008392334,14.986849784851074,-0.6961605815909168,2.4552527412174285,0.3591470718383789,0.3591470718383789
2005-10-17,23.979999542236328,23.979999542236328,23.21999931335449,23.63999938964844,14.390296936035156,-0.3163511350184987,-3.980508628430524,-0.596552848815918,-0.596552848815918
2005-10-18,23.25,23.489999771118164,23.1200008392334,23.489999771118164,14.29898452758789,-0.4809352285332132,-0.6345415167814061,-0.0913124084472656,-0.09131240844726562
2005-10-19,23.600000381469727,25.0,23.600000381469727,25.0,15.218167304992676,-0.5695574327334441,6.428308077621536,0.9191827774047852,0.9191827774047852
2005-10-20,25.0,25.0,24.350000381469727,24.81999969482422,15.108593940734863,-0.4556145987617186,-0.7200168197774026,-0.1095733642578125,-0.1095733642578125
2005-10-21,24.56999969482422,26.81999969482422,24.56999969482422,26.31999969482422,16.02168846130371,-0.2150686159325205,6.043543986624855,0.9130945205688475,0.9130945205688477
2005-10-24,26.51000022888184,26.989999771118164,26.51000022888184,26.989999771118164,16.429536819458008,-0.2910305052470042,2.5456016020992456,0.4078483581542969,0.4078483581542969
2005-10-25,26.729999542236328,27.0,26.0,26.89999961853028,16.3747501373291,-0.5568971178476968,-0.3334645567367511,-0.0547866821289062,-0.05478668212890625
2005-10-26,27.0,27.25,25.46999931335449,25.46999931335449,15.504268646240234,-0.4682749136474659,-5.315998618534357,-0.8704814910888672,-0.8704814910888672
2005-10-27,25.059999465942383,25.059999465942383,23.520000457763672,24.059999465942383,14.64596462249756,-0.4049733392187296,-5.535920741097399,-0.858304023742674,-0.858304023742674
2005-10-28,24.059999465942383,25.479999542236328,23.25,25.46999931335449,15.667057991027832,-0.4682749136474659,6.971841014567093,1.0210933685302717,1.0210933685302717
2005-10-31,25.96999931335449,27.25,25.96999931335449,27.040000915527344,16.632795333862305,-0.0251638926463115,6.164126943217596,0.9657373428344728,0.9657373428344727
2005-11-01,26.76000022888184,26.989999771118164,26.06999969482422,26.57999992370605,16.349836349487305,-0.6961605815909168,-1.7012112437825189,-0.282958984375,-0.282958984375
2005-11-02,26.770000457763672,27.89999961853028,26.770000457763672,27.89999961853028,17.161802291870117,-0.3923130243329823,4.966202260539898,0.8119659423828125,0.8119659423828125
2005-11-03,28.06999969482422,28.5,27.93000030517578,28.190000534057617,17.340177536010742,-0.1770876712752787,1.039373610690797,0.178375244140625,0.178375244140625
2005-11-04,27.59000015258789,28.59000015258789,26.989999771118164,27.36000061035156,16.82962989807129,-0.2910305052470042,-2.9443045601994955,-0.5105476379394531,-0.5105476379394531
2005-11-07,27.90999984741211,27.920000076293945,27.11000061035156,27.239999771118164,16.755817413330078,-0.7214812113624113,-0.4385865000493538,-0.0738124847412109,-0.07381248474121094
2005-11-08,27.290000915527344,27.290000915527344,27.290000915527344,27.290000915527344,16.78657341003418,-0.8227637304483895,0.1835541409017427,0.0307559967041015,0.030755996704101562
2005-11-09,27.530000686645508,28.700000762939453,27.530000686645508,28.68000030517578,17.641592025756836,-0.6075383773906858,5.093467230254212,0.8550186157226562,0.8550186157226562
2005-11-10,28.780000686645508,29.0,27.61000061035156,29.0,17.83842658996582,0.9370200386704808,1.1157415040638383,0.1968345642089843,0.19683456420898438
2005-11-11,28.75,29.0,27.670000076293945,28.709999084472656,17.66004753112793,-0.1517670415037842,-0.999970809859596,-0.1783790588378906,-0.17837905883789062
2005-11-14,28.11000061035156,28.729999542236328,27.549999237060547,27.920000076293945,17.174100875854492,0.9243597237847336,-2.75167240867783,-0.4859466552734375,-0.4859466552734375
2005-11-15,27.979999542236328,27.979999542236328,27.25,27.25,16.761962890625,-0.5568971178476968,-2.3997645536653844,-0.4121379852294922,-0.4121379852294922
2005-11-16,27.309999465942383,27.309999465942383,26.239999771118164,26.46999931335449,16.28217124938965,-0.189747986161026,-2.8623833877099214,-0.4797916412353515,-0.47979164123535156
2005-11-17,26.200000762939453,28.350000381469727,26.200000762939453,28.15999984741211,17.32172966003418,-0.2024083010467733,6.384642408692876,1.0395584106445312,1.0395584106445312
2005-11-18,28.93000030517578,28.93000030517578,28.350000381469727,28.520000457763672,17.54317283630371,-0.4429542838759714,1.2784126101474724,0.2214431762695312,0.22144317626953125
2005-11-21,28.07999992370605,28.88999938964844,27.8799991607666,28.600000381469727,17.592382431030273,-0.4809352285332132,0.2805056712701814,0.0492095947265625,0.0492095947265625
2005-11-22,28.82999992370605,28.89999961853028,28.76000022888184,28.89999961853028,17.776914596557617,-0.4556145987617186,1.048932208305442,0.1845321655273437,0.18453216552734375
2005-11-23,28.88999938964844,28.989999771118164,28.88999938964844,28.989999771118164,17.832275390625,-0.8101034155626422,0.3114195872781167,0.0553607940673828,0.05536079406738281
2005-11-25,29.0,29.0,29.0,29.0,17.83842658996582,-0.797443100676895,0.0344947529469674,0.0061511993408203,0.0061511993408203125
2005-11-28,28.350000381469727,29.0,27.350000381469727,27.479999542236328,16.903451919555664,-0.3923130243329823,-5.241351672440009,-0.9349746704101562,-0.9349746704101562
2005-11-29,27.81999969482422,28.01000022888184,27.170000076293945,27.440000534057617,16.878841400146484,-0.6075383773906858,-0.1455946366830995,-0.0246105194091796,-0.024610519409179688
2005-11-30,28.280000686645508,28.280000686645508,27.3700008392334,27.739999771118164,17.06337547302246,-0.658179636933675,1.0932863725727993,0.1845340728759765,0.18453407287597656
2005-12-01,28.270000457763672,28.76000022888184,28.07999992370605,28.309999465942383,17.41399383544922,-0.1644273563895315,2.054800722055794,0.3506183624267578,0.3506183624267578
2005-12-02,28.309999465942383,28.770000457763672,28.239999771118164,28.770000457763672,17.696950912475586,-0.7214812113624113,1.6248832961589743,0.2829570770263672,0.2829570770263672
2005-12-05,28.15999984741211,28.15999984741211,27.6200008392334,27.700000762939453,17.038776397705078,-0.4556145987617186,-3.719140760607087,-0.6581745147705078,-0.6581745147705078
2005-12-06,28.01000022888184,28.46999931335449,27.989999771118164,28.0,17.223312377929688,-0.7468018411339058,1.0830354006492238,0.1845359802246093,0.18453598022460938
2005-12-07,27.799999237060547,27.86000061035156,27.5,27.51000022888184,16.921899795532227,-0.2403892457040151,-1.750026799628257,-0.3014125823974609,-0.30141258239746094
2005-12-08,27.76000022888184,27.90999984741211,27.51000022888184,27.670000076293945,17.020313262939453,-0.6835002667051695,0.5815745784832682,0.0984134674072265,0.09841346740722656
2005-12-09,27.65999984741211,27.709999084472656,27.65999984741211,27.68000030517578,17.02647590637207,-0.708820896476664,0.0362075793636229,0.0061626434326171,0.0061626434326171875
2005-12-12,27.959999084472656,28.309999465942383,27.700000762939453,28.06999969482422,17.266368865966797,-0.3416717647899932,1.408940763278843,0.2398929595947265,0.23989295959472656
2005-12-13,28.350000381469727,28.5,28.25,28.38999938964844,17.463211059570312,-0.518916173190455,1.1400323665707424,0.1968421936035156,0.19684219360351562
2005-12-14,28.5,28.5,28.0,28.0,17.223312377929688,-0.4176336541044768,-1.3737375149523443,-0.239898681640625,-0.239898681640625
2005-12-15,27.81999969482422,28.489999771118164,27.5,28.46999931335449,17.512414932250977,0.1647408306398974,1.6785537414495844,0.289102554321289,0.28910255432128906
2005-12-16,28.5,28.5,27.88999938964844,28.190000534057617,17.340177536010742,4.773095449051903,-0.9835159622847978,-0.1722373962402343,-0.17223739624023438
2005-12-19,27.5,28.200000762939453,26.89999961853028,27.170000076293945,16.71276092529297,0.2786836646116228,-3.618282508439163,-0.6274166107177734,-0.6274166107177734
2005-12-20,26.31999969482422,27.459999084472656,26.31999969482422,27.15999984741211,16.706613540649414,-0.3543320796757405,-0.036782579916228,-0.0061473846435546,-0.0061473846435546875
2005-12-21,27.25,27.26000022888184,27.0,27.0,16.608192443847656,1.3041691703571516,-0.5891145836484868,-0.0984210968017578,-0.09842109680175781
2005-12-22,27.780000686645508,27.780000686645508,27.700000762939453,27.700000762939453,17.038776397705078,-0.797443100676895,2.592599738431667,0.4305839538574219,0.4305839538574219
2005-12-23,27.61000061035156,27.61000061035156,27.059999465942383,27.420000076293945,16.866535186767578,-0.7214812113624113,-1.0108778172633226,-0.1722412109375,-0.1722412109375
2005-12-27,27.670000076293945,27.790000915527344,26.670000076293945,26.670000076293945,16.405202865600586,-0.4049733392187296,-2.7351931861436807,-0.4613323211669922,-0.4613323211669922
2005-12-28,26.3799991607666,26.40999984741211,26.3799991607666,26.40999984741211,16.245267868041992,-0.7468018411339058,-0.974904113462416,-0.1599349975585937,-0.15993499755859375
2005-12-29,26.21999931335449,26.51000022888184,26.06999969482422,26.13999938964844,16.079191207885742,-0.1264464117322896,-1.0223079207143049,-0.16607666015625,-0.16607666015625
2005-12-30,26.0,26.8799991607666,25.31999969482422,25.709999084472656,15.814682006835938,-0.0884654670750478,-1.6450404602445512,-0.2645092010498047,-0.2645092010498047
2006-01-03,26.39999961853028,26.5,25.25,25.989999771118164,15.986919403076172,-0.189747986161026,1.0890980682746854,0.1722373962402343,0.17223739624023438
2006-01-04,26.020000457763672,26.51000022888184,25.5,25.5,15.685513496398926,-0.6708399518194222,-1.8853282429087013,-0.3014059066772461,-0.3014059066772461
2006-01-05,25.25,25.790000915527344,25.25,25.25,15.531730651855469,-0.6201986922764331,-0.9804131983231712,-0.153782844543457,-0.15378284454345703
2006-01-06,25.82999992370605,25.82999992370605,25.09000015258789,25.21999931335449,15.513277053833008,-0.6328590071621804,-0.1188122459505613,-0.0184535980224609,-0.018453598022460938
2006-01-09,25.25,25.440000534057617,25.0,25.43000030517578,15.642457008361816,-0.2530495605897623,0.8327057789307757,0.1291799545288086,0.1291799545288086
2006-01-10,25.549999237060547,25.96999931335449,25.420000076293945,25.96999931335449,15.97461986541748,-0.6708399518194222,2.1234698415862896,0.332162857055664,0.33216285705566406
2006-01-11,25.770000457763672,25.770000457763672,24.34000015258789,24.790000915527344,15.248781204223633,-0.0378242075320588,-4.5436991133990805,-0.7258386611938477,-0.7258386611938477
2006-01-12,24.93000030517578,25.0,24.56999969482422,24.790000915527344,15.248781204223633,-0.3290114499042459,0.0,0.0,0.0
2006-01-13,24.790000915527344,24.790000915527344,24.790000915527344,24.790000915527344,15.248781204223633,-0.8354240453341367,0.0,0.0,0.0
2006-01-17,24.75,24.81999969482422,24.36000061035156,24.530000686645508,15.088849067687988,-0.4809352285332132,-1.0488191442562411,-0.1599321365356445,-0.15993213653564453
2006-01-18,24.14999961853028,24.459999084472656,24.07999992370605,24.07999992370605,14.812044143676758,-0.5695574327334441,-1.8344999195730185,-0.2768049240112304,-0.27680492401123047
2006-01-19,24.600000381469727,24.71999931335449,24.5,24.71999931335449,15.205726623535156,-0.4682749136474659,2.657853811666233,0.3936824798583984,0.39368247985839844
2006-01-20,24.989999771118164,24.989999771118164,23.799999237060547,23.799999237060547,14.639808654785156,-0.2403892457040151,-3.721742359053604,-0.56591796875,-0.56591796875
2006-01-23,23.51000022888184,24.43000030517578,23.5,24.43000030517578,15.027342796325684,-0.6961605815909168,2.6471257287495886,0.3875341415405273,0.38753414154052734
2006-01-24,24.75,25.61000061035156,24.600000381469727,25.61000061035156,15.753174781799316,-0.2910305052470042,4.830075385324317,0.7258319854736328,0.7258319854736328
2006-01-25,25.8700008392334,26.440000534057617,24.86000061035156,25.309999465942383,15.568641662597656,-0.4682749136474659,-1.1714027283875716,-0.1845331192016601,-0.18453311920166016
2006-01-26,26.280000686645508,26.989999771118164,25.280000686645508,26.989999771118164,16.602039337158203,-0.4556145987617186,6.6376868127371536,1.0333976745605469,1.0333976745605469
2006-01-27,26.84000015258789,27.89999961853028,26.84000015258789,27.76000022888184,17.075681686401367,0.0128170520109302,2.85291667863401,0.473642349243164,0.47364234924316406
2006-01-30,28.56999969482422,28.56999969482422,26.25,26.5,16.448760986328125,-0.4682749136474659,-3.671424143333069,-0.6269207000732422,-0.6269207000732422
2006-01-31,26.38999938964844,26.88999938964844,26.18000030517578,26.18000030517578,16.25014305114746,-0.3543320796757405,-1.207494809765619,-0.198617935180664,-0.19861793518066406
2006-02-01,27.0,27.0,26.850000381469727,26.940000534057617,16.721878051757812,-0.518916173190455,2.902959063963695,0.4717350006103515,0.47173500061035156
2006-02-02,27.0,27.0,25.549999237060547,25.63999938964844,15.914957046508787,-0.4935955434189604,-4.825540544856455,-0.8069210052490252,-0.8069210052490252
2006-02-03,25.11000061035156,25.59000015258789,25.0,25.479999542236328,15.815643310546877,-0.4935955434189604,-0.6240276720300475,-0.0993137359619105,-0.09931373596191051
2006-02-06,24.459999084472656,25.5,24.459999084472656,25.5,15.82805633544922,-0.5442368029619495,0.0784857413549833,0.0124130249023437,0.01241302490234375
2006-02-07,25.56999969482422,25.56999969482422,24.31999969482422,24.89999961853028,15.4556303024292,-0.4809352285332132,-2.3529486193824,-0.3724260330200213,-0.3724260330200213
2006-02-08,24.40999984741211,24.709999084472656,24.25,24.709999084472656,15.337698936462402,-0.708820896476664,-0.7630317473902082,-0.1179313659667968,-0.11793136596679688
2006-02-09,24.6299991607666,24.93000030517578,24.6299991607666,24.93000030517578,15.474254608154297,-0.797443100676895,0.8903269796700641,0.1365556716918945,0.13655567169189453
2006-02-10,24.350000381469727,24.5,24.309999465942383,24.5,15.207348823547363,-0.6961605815909168,-1.7248377473787049,-0.2669057846069336,-0.2669057846069336
2006-02-13,24.670000076293945,24.76000022888184,23.96999931335449,24.0,14.896994590759276,-0.5442368029619495,-2.0408174783728805,-0.3103542327880877,-0.3103542327880877
2006-02-14,24.21999931335449,25.6200008392334,23.76000022888184,25.6200008392334,15.902539253234863,-0.5568971178476968,6.749983403359328,1.0055446624755875,1.0055446624755877
2006-02-15,26.09000015258789,26.600000381469727,26.01000022888184,26.600000381469727,16.510835647583008,-0.5695574327334441,3.8251526040057104,0.6082963943481445,0.6082963943481445
2006-02-16,26.950000762939453,27.170000076293945,26.38999938964844,27.170000076293945,16.864643096923828,-0.6328590071621804,2.1428803295768573,0.3538074493408203,0.3538074493408203
2006-02-17,27.489999771118164,27.489999771118164,26.57999992370605,26.600000381469727,16.510835647583008,-0.379652709447235,-2.097924321952338,-0.3538074493408203,-0.3538074493408203
2006-02-21,26.450000762939453,26.780000686645508,25.09000015258789,25.51000022888184,15.834258079528809,-0.6328590071621804,-4.097779073666952,-0.6765775680541992,-0.6765775680541992
2006-02-22,25.51000022888184,26.40999984741211,25.46999931335449,26.13999938964844,16.22531509399414,-0.6455193220479277,2.4696895332968483,0.391057014465332,0.39105701446533203
2006-02-23,25.959999084472656,26.59000015258789,25.489999771118164,25.489999771118164,15.82184886932373,-0.708820896476664,-2.486646467776488,-0.4034662246704101,-0.40346622467041016
2006-02-24,25.13999938964844,25.920000076293945,25.1200008392334,25.82999992370605,16.03289031982422,-0.6201986922764331,1.3338608669791308,0.2110414505004882,0.21104145050048828
2006-02-27,26.51000022888184,26.600000381469727,26.0,26.0,16.138408660888672,-0.7214812113624113,0.6581367361690349,0.1055183410644531,0.10551834106445312
2006-02-28,25.75,25.75,24.200000762939453,24.6299991607666,15.288042068481444,-0.3669923945614878,-5.269209686504506,-0.8503665924072283,-0.8503665924072283
2006-03-01,24.5,25.200000762939453,24.5,25.200000762939453,15.641846656799316,-0.5568971178476968,2.314257029991396,0.3538045883178728,0.35380458831787287
2006-03-02,24.549999237060547,25.14999961853028,23.780000686645508,23.89999961853028,14.834928512573242,-0.1644273563895315,-5.158714069577696,-0.8069181442260742,-0.8069181442260742
2006-03-03,23.75,24.1200008392334,23.100000381469727,23.90999984741211,14.8411283493042,0.56987090698381,0.041792157782905,0.006199836730957,0.006199836730957031
2006-03-06,23.88999938964844,23.88999938964844,23.5,23.5,14.586641311645508,-0.1644273563895315,-1.714741842190337,-0.2544870376586914,-0.2544870376586914
2006-03-07,23.21999931335449,23.84000015258789,23.100000381469727,23.43000030517578,14.54319190979004,-0.379652709447235,-0.2978711886250207,-0.0434494018554669,-0.043449401855466974
2006-03-08,23.1200008392334,23.39999961853028,23.06999969482422,23.06999969482422,14.319734573364258,-0.2657098754755096,-1.5365082013072962,-0.223457336425783,-0.22345733642578303
2006-03-09,23.18000030517578,23.700000762939453,22.89999961853028,22.90999984741211,14.220423698425291,-0.050484522417806,-0.6935245512419752,-0.0993108749389666,-0.09931087493896662
2006-03-10,22.850000381469727,23.200000762939453,22.850000381469727,23.200000762939453,14.400423049926758,-0.7468018411339058,1.2657805092080254,0.1799993515014666,0.17999935150146662
2006-03-13,23.51000022888184,23.88999938964844,23.049999237060547,23.6200008392334,14.661128044128418,-0.4682749136474659,1.81039816189974,0.2607049942016601,0.26070499420166016
2006-03-14,23.450000762939453,24.39999961853028,23.450000762939453,24.39999961853028,15.145278930664062,-0.4682749136474659,3.302275821331091,0.4841508865356445,0.48415088653564453
2006-03-15,24.61000061035156,25.690000534057617,24.5,25.64999961853028,15.921161651611328,-0.2277289308182678,5.122934509818533,0.7758827209472656,0.7758827209472656
2006-03-16,25.93000030517578,26.0,25.270000457763672,26.0,16.138408660888672,0.0761186264396665,1.3645173262552437,0.2172470092773437,0.21724700927734375
2006-03-17,26.0,26.0,25.239999771118164,25.59000015258789,15.88392162322998,6.621501422371004,-1.576902921509471,-0.2544870376586914,-0.2544870376586914
2006-03-20,25.420000076293945,25.61000061035156,25.049999237060547,25.3799991607666,15.753567695617676,-0.3416717647899932,-0.8206658953898605,-0.1303539276123047,-0.1303539276123047
2006-03-21,25.979999542236328,26.200000762939453,24.799999237060547,25.979999542236328,16.125995635986328,0.0761186264396665,2.364086329931814,0.3724279403686523,0.37242794036865234
2006-03-22,26.0,26.01000022888184,24.64999961853028,24.64999961853028,15.300453186035156,0.6838137409555355,-5.119327008305241,-0.8255424499511719,-0.8255424499511719
2006-03-23,25.0,25.0,24.559999465942383,24.959999084472656,15.49286937713623,-0.6708399518194222,1.257584914391252,0.1924161911010742,0.19241619110107422
2006-03-24,24.989999771118164,25.0,24.57999992370605,25.0,15.517706871032717,-0.7721224709054003,0.1603156477465672,0.0248374938964861,0.02483749389648615
2006-03-27,25.0,25.0,24.0,24.0,14.896994590759276,-0.7214812113624113,-4.0000258120105325,-0.620712280273441,-0.620712280273441
2006-03-28,24.96999931335449,24.96999931335449,23.38999938964844,23.75,14.741819381713867,-0.3923130243329823,-1.0416544632543825,-0.1551752090454083,-0.15517520904540838
2006-03-29,24.979999542236328,25.0,24.51000022888184,25.0,15.517706871032717,0.3673058688118537,5.263173216470696,0.7758874893188494,0.7758874893188494
2006-03-30,24.64999961853028,24.700000762939453,24.38999938964844,24.700000762939453,15.331491470336914,-0.6455193220479277,-1.200018805893388,-0.1862154006958025,-0.18621540069580256
2006-03-31,24.700000762939453,24.700000762939453,24.049999237060547,24.280000686645508,15.070791244506836,-0.3163511350184987,-1.7004231214847954,-0.2607002258300781,-0.2607002258300781
2006-04-03,24.020000457763672,24.190000534057617,24.0,24.190000534057617,15.014927864074709,-0.5948780625049386,-0.3706731751890513,-0.0558633804321271,-0.05586338043212713
2006-04-04,24.01000022888184,24.700000762939453,24.01000022888184,24.700000762939453,15.331491470336914,-0.6961605815909168,2.1083258549621675,0.3165636062622052,0.31656360626220525
2006-04-05,24.36000061035156,24.36000061035156,24.290000915527344,24.350000381469727,15.114246368408203,-0.7594621560196531,-1.4169860926383615,-0.2172451019287109,-0.21724510192871094
2006-04-06,24.15999984741211,24.64999961853028,24.020000457763672,24.6200008392334,15.281835556030272,-0.6835002667051695,1.1088160371155675,0.1675891876220685,0.16758918762206854
2006-04-07,24.700000762939453,24.700000762939453,23.0,23.14999961853028,14.369394302368164,-0.1770876712752787,-5.970756918019937,-0.9124412536621076,-0.9124412536621076
2006-04-10,23.059999465942383,23.100000381469727,22.25,22.549999237060547,13.99696922302246,-0.3543320796757405,-2.5917938606801694,-0.3724250793457049,-0.3724250793457049
2006-04-11,22.75,22.75,21.299999237060547,21.38999938964844,13.27694320678711,0.0381376817824247,-5.144156601066452,-0.7200260162353498,-0.7200260162353498
2006-04-12,21.739999771118164,21.75,21.38999938964844,21.600000381469727,13.40729808807373,0.050797996668172,0.9818139556399208,0.1303548812866211,0.1303548812866211
2006-04-13,21.940000534057617,22.39999961853028,21.540000915527344,22.39999961853028,13.90385913848877,-0.4302939689902241,3.703662342353287,0.496561050415039,0.49656105041503906
2006-04-17,22.770000457763672,22.770000457763672,21.61000061035156,21.61000061035156,13.413501739501951,-0.3036908201327514,-3.5267719134855717,-0.4903573989868182,-0.4903573989868182
2006-04-18,21.90999984741211,23.520000457763672,21.790000915527344,23.520000457763672,14.599050521850586,0.0381376817824247,8.838473393247238,1.1855487823486346,1.1855487823486346
2006-04-19,23.520000457763672,24.75,23.520000457763672,24.75,15.36252498626709,-0.1644273563895315,5.2296172499286975,0.7634744644165039,0.7634744644165039
2006-04-20,24.739999771118164,25.89999961853028,24.709999084472656,25.549999237060547,15.859092712402344,-0.0758051521893006,3.232331446680448,0.4965677261352539,0.4965677261352539
2006-04-21,26.0,26.0,24.8799991607666,25.31999969482422,15.716325759887695,0.8230772046987554,-0.9002214382856866,-0.1427669525146484,-0.14276695251464844
2006-04-24,25.31999969482422,25.950000762939453,24.68000030517578,25.950000762939453,16.10737419128418,-0.2530495605897623,2.488167001440922,0.3910484313964844,0.3910484313964844
2006-04-25,25.34000015258789,25.36000061035156,24.020000457763672,24.290000915527344,15.07699966430664,-0.5315764880762023,-6.3969118413793495,-1.030374526977539,-1.030374526977539
2006-04-26,24.489999771118164,24.5,22.770000457763672,23.520000457763672,14.599050521850586,-0.3036908201327514,-3.17005473965456,-0.4779491424560547,-0.4779491424560547
2006-04-27,22.989999771118164,23.479999542236328,22.13999938964844,22.739999771118164,14.272679328918455,-0.2403892457040151,-2.235564514580224,-0.3263711929321307,-0.3263711929321307
2006-04-28,23.0,23.43000030517578,22.059999465942383,22.88999938964844,14.366822242736816,1.3801310596716354,0.659602248805613,0.0941429138183611,0.09414291381836115
2006-05-01,22.88999938964844,22.88999938964844,22.020000457763672,22.07999992370605,13.85843276977539,-0.1137860968465424,-3.5386355059723984,-0.5083894729614258,-0.5083894729614258
2006-05-02,22.01000022888184,22.82999992370605,21.940000534057617,22.600000381469727,14.184805870056152,-0.2150686159325205,2.3550505724757365,0.3263731002807617,0.3263731002807617
2006-05-03,22.6200008392334,23.200000762939453,22.170000076293945,22.950000762939453,14.404489517211914,-0.4176336541044768,1.5487250877328496,0.2196836471557617,0.21968364715576172
2006-05-04,22.61000061035156,22.61000061035156,22.229999542236328,22.489999771118164,14.115767478942873,-0.5442368029619495,-2.0043892421459764,-0.2887220382690412,-0.2887220382690412
2006-05-05,22.600000381469727,22.61000061035156,22.270000457763672,22.270000457763672,13.97768497467041,-0.3543320796757405,-0.9782146417362524,-0.1380825042724627,-0.1380825042724627
2006-05-08,22.489999771118164,22.559999465942383,21.51000022888184,21.549999237060547,13.525775909423828,-0.3669923945614878,-3.2330751913890343,-0.451909065246582,-0.45190906524658203
2006-05-09,21.690000534057617,21.75,21.1299991607666,21.229999542236328,13.324935913085938,1.7726008211298006,-1.4848685774688897,-0.2008399963378906,-0.20083999633789062
2006-05-10,21.32999992370605,21.75,21.1299991607666,21.739999771118164,13.645036697387695,-0.3923130243329823,2.402268846842248,0.3201007843017578,0.3201007843017578
2006-05-11,21.59000015258789,21.709999084472656,20.549999237060547,20.56999969482422,12.910684585571287,0.6331724814125463,-5.3818258470275655,-0.734352111816408,-0.734352111816408
2006-05-12,20.600000381469727,20.809999465942383,19.86000061035156,20.01000022888184,12.55920696258545,1.8232420806727896,-2.7223778929480025,-0.351477622985838,-0.35147762298583807
2006-05-15,20.059999465942383,20.57999992370605,19.90999984741211,20.100000381469727,12.61569118499756,2.8487275864183186,0.4497435433652885,0.0564842224121111,0.05648422241211115
2006-05-16,20.14999961853028,20.34000015258789,20.01000022888184,20.34000015258789,12.766328811645508,0.519229647440821,1.1940497309183007,0.1506376266479474,0.15063762664794744
2006-05-17,20.25,21.200000762939453,19.76000022888184,20.14999961853028,12.64707374572754,0.4939090176693264,-0.934137508734556,-0.1192550659179669,-0.11925506591796697
2006-05-18,20.14999961853028,20.88999938964844,19.75,19.809999465942383,12.433675765991213,0.7977565749272608,-1.687330872158621,-0.2133979797363281,-0.21339797973632812
2006-05-19,19.81999969482422,21.01000022888184,19.81999969482422,20.170000076293945,12.659629821777344,-0.3669923945614878,1.8172747949899424,0.225954055786131,0.22595405578613104
2006-05-22,20.059999465942383,21.96999931335449,20.059999465942383,21.68000030517578,13.607370376586914,-0.1517670415037842,7.486321228597448,0.9477405548095704,0.9477405548095703
2006-05-23,22.89999961853028,22.950000762939453,22.18000030517578,22.290000915527344,13.99023723602295,0.1267598859826556,2.8136726556278857,0.3828668594360351,0.38286685943603516
2006-05-24,22.6299991607666,22.959999084472656,21.21999931335449,22.420000076293945,14.071836471557615,-0.189747986161026,0.5832584119771722,0.0815992355346661,0.08159923553466619
2006-05-25,23.270000457763672,24.979999542236328,23.21999931335449,24.5,15.377336502075195,0.519229647440821,9.277396259942993,1.30550003051758,1.30550003051758
2006-05-26,24.5,24.59000015258789,24.309999465942383,24.38999938964844,15.308293342590332,-0.1644273563895315,-0.4489929675112858,-0.0690431594848632,-0.06904315948486328
2006-05-30,24.18000030517578,24.5,22.86000061035156,22.8700008392334,14.354273796081545,0.4306074432405901,-6.23204380239134,-0.9540195465087872,-0.9540195465087873
2006-05-31,22.920000076293945,23.530000686645508,22.450000762939453,23.06999969482422,14.479802131652832,0.050797996668172,0.8745014715098698,0.1255283355712873,0.1255283355712873
2006-06-01,23.270000457763672,24.450000762939453,22.25,24.049999237060547,15.094894409179688,0.7344550004985245,4.24793289255152,0.6150922775268555,0.6150922775268555
2006-06-02,24.5,24.5,23.75,24.46999931335449,15.358506202697754,-0.2150686159325205,1.746363945134699,0.2636117935180664,0.2636117935180664
2006-06-05,24.209999084472656,24.5,21.6299991607666,22.11000061035156,13.877259254455566,0.9623406684419752,-9.644472767683643,-1.4812469482421875,-1.4812469482421875
2006-06-06,21.959999084472656,23.32999992370605,21.57999992370605,22.200000762939453,13.933748245239258,1.785261136015548,0.4070615800130239,0.0564889907836914,0.056488990783691406
2006-06-07,22.40999984741211,22.56999969482422,21.64999961853028,21.93000030517578,13.764287948608398,0.4685883878978319,-1.2161860085907472,-0.1694602966308593,-0.16946029663085938
2006-06-08,21.549999237060547,22.440000534057617,21.549999237060547,22.239999771118164,13.958855628967283,0.1014392562111611,1.413568802725873,0.1945676803588849,0.19456768035888494
2006-06-09,22.65999984741211,22.65999984741211,21.76000022888184,21.770000457763672,13.663861274719238,-0.518916173190455,-2.11331331227379,-0.2949943542480451,-0.2949943542480451
2006-06-12,21.89999961853028,22.420000076293945,21.049999237060547,21.729999542236328,13.638761520385742,0.5951915367553046,-0.1836944464588152,-0.025099754333496,-0.025099754333496094
2006-06-13,22.850000381469727,23.0,21.950000762939453,22.450000762939453,14.090665817260742,-0.2530495605897623,3.3133822026255366,0.451904296875,0.451904296875
2006-06-14,23.0,23.0,21.5,21.75,13.651311874389648,0.5065693325550737,-3.1180495554219645,-0.4393539428710937,-0.43935394287109375
2006-06-15,22.06999969482422,24.96999931335449,22.0,24.75,15.534245491027832,0.4939090176693264,13.793059846289468,1.882933616638184,1.8829336166381836
2006-06-19,24.40999984741211,24.40999984741211,21.170000076293945,21.989999771118164,13.801937103271484,1.5700357829578444,-11.151545073475775,-1.7323083877563477,-1.7323083877563477
2006-06-20,22.56999969482422,22.56999969482422,21.100000381469727,21.280000686645508,13.356316566467283,1.747280191358306,-3.228681115338328,-0.445620536804201,-0.445620536804201
2006-06-21,21.39999961853028,21.68000030517578,20.950000762939453,21.309999465942383,13.375144958496094,-0.0884654670750478,0.140969944333924,0.0188283920288103,0.01882839202881037
2006-06-22,21.239999771118164,21.239999771118164,20.11000061035156,20.959999084472656,13.155470848083496,0.9243597237847336,-1.6424054550007503,-0.2196741104125976,-0.21967411041259766
2006-06-23,20.770000457763672,20.770000457763672,20.21999931335449,20.559999465942383,12.90440845489502,0.0634583115539193,-1.9084257499232813,-0.2510623931884765,-0.25106239318847656
2006-06-26,20.770000457763672,21.09000015258789,20.1200008392334,20.809999465942383,13.061322212219238,0.98766129821347,1.2159701692075364,0.1569137573242187,0.15691375732421875
2006-06-27,20.6200008392334,20.959999084472656,20.51000022888184,20.51000022888184,12.873023986816406,0.5318899623265683,-1.4416475020168629,-0.188298225402832,-0.18829822540283203
2006-06-28,20.5,20.82999992370605,20.5,20.82999992370605,13.073871612548828,-0.2403892457040151,1.5602210167410258,0.2008476257324218,0.20084762573242188
2006-06-29,21.5,21.979999542236328,21.020000457763672,21.940000534057617,13.770562171936035,0.6964740558412827,5.328877168401247,0.696690559387207,0.696690559387207
2006-07-03,21.6299991607666,22.200000762939453,21.6299991607666,22.07999992370605,13.85843276977539,2.696803807789351,0.6381046520993472,0.0878705978393554,0.08787059783935547
2006-07-05,21.600000381469727,22.46999931335449,21.15999984741211,21.26000022888184,13.343765258789062,1.3801310596716354,-3.713749740221672,-0.5146675109863281,-0.5146675109863281
2006-07-06,21.11000061035156,22.739999771118164,21.11000061035156,21.440000534057617,13.456738471984863,1.8992039699872731,0.8466366951516147,0.1129732131958007,0.11297321319580078
2006-07-07,21.770000457763672,21.81999969482422,21.14999961853028,21.170000076293945,13.287277221679688,1.8992039699872731,-1.2593040331278726,-0.1694612503051757,-0.16946125030517578
2006-07-10,20.8799991607666,21.020000457763672,20.8799991607666,21.0,13.18057346343994,-0.6455193220479277,-0.8030520960731424,-0.1067037582397478,-0.10670375823974787
2006-07-11,21.1299991607666,21.200000762939453,20.3799991607666,20.82999992370605,13.073871612548828,3.127254513904758,-0.8095387593497261,-0.1067018508911115,-0.1067018508911115
2006-07-12,20.5,21.479999542236328,20.200000762939453,21.1299991607666,13.262164115905762,0.2660233497258756,1.4402199205949318,0.1882925033569336,0.1882925033569336
2006-07-13,21.479999542236328,21.68000030517578,20.450000762939453,21.14999961853028,13.274721145629885,3.4817433307056818,0.0946831121555913,0.0125570297241228,0.01255702972412287
2006-07-14,22.299999237060547,22.299999237060547,20.0,20.88999938964844,13.11153507232666,4.076778130335804,-1.2292994445080807,-0.1631860733032244,-0.16318607330322443
2006-07-17,20.51000022888184,21.459999084472656,20.38999938964844,20.38999938964844,12.797704696655272,0.0634583115539193,-2.3935441116560208,-0.3138303756713885,-0.3138303756713885
2006-07-18,20.39999961853028,20.39999961853028,20.11000061035156,20.11000061035156,12.621965408325195,-0.5822177476191913,-1.3732094347825186,-0.1757392883300763,-0.17573928833007635
2006-07-19,20.790000915527344,20.790000915527344,20.31999969482422,20.39999961853028,12.803985595703123,0.9623406684419752,1.442090684687436,0.1820201873779279,0.1820201873779279
2006-07-20,20.780000686645508,21.239999771118164,20.36000061035156,20.5,12.86675262451172,-0.3163511350184987,0.4902147721070671,0.0627670288085973,0.0627670288085973
2006-07-21,20.489999771118164,20.75,20.020000457763672,20.479999542236328,12.854199409484863,1.367470744785888,-0.0975631955723033,-0.0125532150268572,-0.012553215026857245
2006-07-24,21.26000022888184,21.26000022888184,20.440000534057617,20.540000915527344,12.891857147216797,0.3419852390403592,0.2929605845708893,0.0376577377319335,0.037657737731933594
2006-07-25,20.25,21.1200008392334,20.100000381469727,20.299999237060547,12.741218566894531,-0.0631448373035533,-1.168478510132942,-0.1506385803222656,-0.15063858032226562
2006-07-26,20.549999237060547,20.950000762939453,20.299999237060547,20.299999237060547,12.741218566894531,-0.5062558583047078,0.0,0.0,0.0
2006-07-27,21.0,21.0,20.31999969482422,20.31999969482422,12.753772735595703,-0.1517670415037842,0.0985319311120891,0.0125541687011718,0.012554168701171875
2006-07-28,20.270000457763672,20.6299991607666,20.11000061035156,20.309999465942383,12.91272258758545,-0.5695574327334441,1.2462967255651105,0.1589498519897461,0.1589498519897461
2006-07-31,20.309999465942383,20.979999542236328,20.26000022888184,20.38999938964844,12.963582992553713,0.0761186264396665,0.3938782439046662,0.0508604049682634,0.050860404968263495
2006-08-01,20.25,20.770000457763672,20.14999961853028,20.14999961853028,12.810992240905762,-0.658179636933675,-1.1770723551937643,-0.152590751647951,-0.152590751647951
2006-08-02,20.299999237060547,20.5,20.25,20.25,12.87457275390625,-0.4809352285332132,0.4962965538100494,0.0635805130004882,0.06358051300048828
2006-08-03,20.26000022888184,20.780000686645508,20.25,20.780000686645508,13.211539268493652,-0.6835002667051695,2.617302500272589,0.3369665145874023,0.33696651458740234
2006-08-04,20.780000686645508,20.979999542236328,20.729999542236328,20.729999542236328,13.17974853515625,-0.2657098754755096,-0.2406285345812442,-0.0317907333374023,-0.031790733337402344
2006-08-07,20.780000686645508,20.90999984741211,20.709999084472656,20.709999084472656,13.167036056518556,-0.708820896476664,-0.0964546372321462,-0.0127124786376935,-0.012712478637693536
2006-08-08,20.13999938964844,20.670000076293945,20.13999938964844,20.280000686645508,12.89365005493164,-0.4935955434189604,-2.076291128948282,-0.2733860015869158,-0.27338600158691584
2006-08-09,20.350000381469727,20.350000381469727,20.229999542236328,20.229999542236328,12.861857414245604,-0.8101034155626422,-0.246575954447259,-0.0317926406860369,-0.03179264068603693
2006-08-10,20.280000686645508,20.280000686645508,20.0,20.01000022888184,12.721985816955566,-0.2150686159325205,-1.0874914313318218,-0.1398715972900373,-0.1398715972900373
2006-08-11,20.020000457763672,20.26000022888184,20.020000457763672,20.26000022888184,12.880932807922363,-0.7341415262481585,1.2493882107222245,0.1589469909667968,0.15894699096679688
2006-08-14,20.059999465942383,20.209999084472656,20.059999465942383,20.1200008392334,12.791921615600586,-0.6961605815909168,-0.6910306392331367,-0.0890111923217773,-0.08901119232177734
2006-08-15,20.5,20.5,20.200000762939453,20.39999961853028,12.969938278198242,-0.5948780625049386,1.3916334695215138,0.1780166625976562,0.17801666259765625
2006-08-16,20.5,20.84000015258789,20.5,20.64999961853028,13.128890991210938,-0.7721224709054003,1.2255471815150187,0.1589527130126953,0.1589527130126953
2006-08-17,20.5,20.5,20.14999961853028,20.14999961853028,12.810992240905762,-0.2783701903612569,-2.421367886426895,-0.3178987503051758,-0.3178987503051758
2006-08-18,20.25,20.25,20.25,20.25,12.87457275390625,-0.6328590071621804,0.4962965538100494,0.0635805130004882,0.06358051300048828
2006-08-21,20.25,20.25,20.25,20.25,12.87457275390625,-0.8354240453341367,0.0,0.0,0.0
2006-08-22,20.43000030517578,20.709999084472656,20.350000381469727,20.350000381469727,12.938148498535156,-0.3543320796757405,0.4938085779166323,0.0635757446289062,0.06357574462890625
2006-08-23,20.190000534057617,20.190000534057617,20.049999237060547,20.049999237060547,12.74742031097412,-0.658179636933675,-1.474153644028986,-0.1907281875610369,-0.19072818756103693
2006-08-24,20.0,20.18000030517578,19.950000762939453,20.020000457763672,12.728348731994627,-0.0251638926463115,-0.1496112822378159,-0.0190715789794921,-0.019071578979492188
2006-08-25,20.030000686645508,20.18000030517578,20.0,20.18000030517578,12.830068588256836,-0.4935955434189604,0.7991598785042742,0.1017198562622088,0.10171985626220881
2006-08-28,20.09000015258789,20.09000015258789,20.059999465942383,20.059999465942383,12.753772735595703,-0.5822177476191913,-0.5946644177020621,-0.0762958526611328,-0.07629585266113281
2006-08-29,20.059999465942383,20.239999771118164,20.059999465942383,20.239999771118164,12.868212699890137,-0.8101034155626422,0.8973028347528222,0.1144399642944336,0.1144399642944336
2006-08-30,20.690000534057617,20.700000762939453,20.40999984741211,20.40999984741211,12.976300239562988,-0.6835002667051695,0.8399576708409073,0.1080875396728515,0.10808753967285156
2006-08-31,20.5,20.809999465942383,20.39999961853028,20.809999465942383,13.230608940124512,-0.6075383773906858,1.959793591906656,0.2543087005615234,0.25430870056152344
2006-09-01,20.850000381469727,21.32999992370605,20.850000381469727,21.1200008392334,13.427704811096191,-0.6961605815909168,1.48969614220813,0.1970958709716797,0.1970958709716797
2006-09-05,21.18000030517578,21.209999084472656,21.18000030517578,21.209999084472656,13.484922409057615,-0.797443100676895,0.4261159949996873,0.057217597961424,0.057217597961424005
2006-09-06,21.0,21.43000030517578,21.0,21.43000030517578,13.624796867370604,-0.7847827857911476,1.037265577583435,0.1398744583129882,0.13987445831298828
2006-09-07,21.530000686645508,21.549999237060547,21.32999992370605,21.549999237060547,13.701085090637209,-0.708820896476664,0.5599219130327349,0.0762882232666051,0.07628822326660512
2006-09-08,21.68000030517578,21.709999084472656,21.63999938964844,21.700000762939453,13.79645824432373,-0.7214812113624113,0.6960992728356707,0.0953731536865216,0.09537315368652166
2006-09-11,21.479999542236328,21.61000061035156,21.479999542236328,21.61000061035156,13.739237785339355,-0.7721224709054003,-0.4147474516361216,-0.057220458984375,-0.057220458984375
2006-09-12,21.61000061035156,21.61000061035156,21.61000061035156,21.61000061035156,13.739237785339355,-0.8354240453341367,0.0,0.0,0.0
2006-09-13,21.559999465942383,21.559999465942383,21.520000457763672,21.520000457763672,13.682018280029297,-0.7341415262481585,-0.4164678288857915,-0.0572195053100585,-0.057219505310058594
2006-09-14,21.90999984741211,22.0,21.559999465942383,21.559999465942383,13.707446098327637,-0.5442368029619495,0.1858484455868225,0.0254278182983398,0.025427818298339844
2006-09-15,22.0,22.0,22.0,22.0,13.987192153930664,-0.8101034155626422,2.040832796980019,0.2797460556030273,0.27974605560302734
2006-09-18,22.0,22.0,22.0,22.0,13.987192153930664,-0.8354240453341367,0.0,0.0,0.0
2006-09-19,22.100000381469727,22.1200008392334,22.100000381469727,22.100000381469727,14.050772666931152,-0.6961605815909168,0.4545623760707551,0.0635805130004882,0.06358051300048828
2006-09-20,22.170000076293945,22.75,22.049999237060547,22.049999237060547,14.0189790725708,-0.4682749136474659,-0.226276483962895,-0.0317935943603515,-0.03179359436035156
2006-09-21,22.049999237060547,22.049999237060547,22.049999237060547,22.049999237060547,14.0189790725708,-0.8354240453341367,0.0,0.0,0.0
2006-09-22,22.049999237060547,22.049999237060547,22.049999237060547,22.049999237060547,14.0189790725708,-0.8354240453341367,0.0,0.0,0.0
2006-09-25,22.06999969482422,22.06999969482422,21.0,21.06999969482422,13.395912170410156,0.8357375195845027,-4.44445275890113,-0.6230669021606445,-0.6230669021606445
2006-09-26,21.489999771118164,21.600000381469727,21.450000762939453,21.479999542236328,13.656585693359377,-0.6328590071621804,1.945918423718962,0.2606735229492205,0.2606735229492205
2006-09-27,21.25,21.350000381469727,21.25,21.25,13.51035499572754,-0.6328590071621804,-1.0707705492079334,-0.1462306976318359,-0.14623069763183594
2006-09-28,21.65999984741211,21.65999984741211,21.350000381469727,21.40999984741211,13.612079620361328,-0.6328590071621804,0.7529382067751555,0.1017246246337872,0.10172462463378729
2006-09-29,21.5,21.5,21.40999984741211,21.40999984741211,13.612079620361328,-0.5695574327334441,0.0,0.0,0.0
2006-10-02,21.280000686645508,21.280000686645508,20.14999961853028,20.75,13.192462921142578,0.3419852390403592,-3.0826788479188405,-0.41961669921875,-0.41961669921875
2006-10-03,20.75,20.75,20.75,20.75,13.192462921142578,-0.8354240453341367,0.0,0.0,0.0
2006-10-04,20.700000762939453,20.850000381469727,20.420000076293945,20.420000076293945,12.98265266418457,-0.4935955434189604,-1.5903797358547855,-0.2098102569580078,-0.2098102569580078
2006-10-05,20.350000381469727,20.350000381469727,19.81999969482422,19.959999084472656,12.690195083618164,0.3926264985833483,-2.2526796959854933,-0.2924575805664062,-0.29245758056640625
2006-10-06,20.0,20.0,19.920000076293945,20.0,12.71562671661377,-0.1264464117322896,0.2004037985864792,0.0254316329956054,0.02543163299560547
2006-10-09,20.1200008392334,20.1200008392334,19.89999961853028,20.049999237060547,12.74742031097412,0.2153820901828865,0.2500356063363407,0.0317935943603497,0.031793594360349786
2006-10-10,20.0,20.0,19.89999961853028,19.89999961853028,12.652050018310549,-0.4049733392187296,-0.7481536682482082,-0.0953702926635706,-0.09537029266357067
2006-10-11,20.020000457763672,20.059999465942383,19.950000762939453,19.950000762939453,12.683839797973633,-0.2150686159325205,0.251261887339016,0.0317897796630841,0.03178977966308416
2006-10-12,20.13999938964844,20.13999938964844,20.049999237060547,20.049999237060547,12.74742031097412,-0.658179636933675,0.5012718073799993,0.0635805130004865,0.0635805130004865
2006-10-13,20.489999771118164,20.5,20.489999771118164,20.5,13.033519744873049,-0.7214812113624113,2.2443712289978324,0.2860994338989293,0.28609943389892933
2006-10-16,20.700000762939453,20.75,20.549999237060547,20.700000762939453,13.160675048828123,-0.4809352285332132,0.9756021891561106,0.1271553039550745,0.12715530395507457
2006-10-17,20.709999084472656,20.709999084472656,20.600000381469727,20.600000381469727,13.097100257873535,-0.6708399518194222,-0.4830663375451127,-0.063574790954588,-0.06357479095458807
2006-10-18,20.739999771118164,21.700000762939453,20.520000457763672,21.600000381469727,13.732881546020508,-0.1517670415037842,4.854366811193667,0.6357812881469727,0.6357812881469727
2006-10-19,21.600000381469727,22.200000762939453,21.600000381469727,22.190000534057617,14.107991218566896,-0.3163511350184987,2.7314709683422977,0.3751096725463885,0.3751096725463885
2006-10-20,21.59000015258789,21.950000762939453,20.59000015258789,21.93000030517578,13.942684173583984,-0.5822177476191913,-1.1717263104428222,-0.1653070449829119,-0.16530704498291193
2006-10-23,22.43000030517578,22.64999961853028,22.38999938964844,22.40999984741211,14.247859954833984,-0.5695574327334441,2.188787879368248,0.30517578125,0.30517578125
2006-10-24,22.5,22.51000022888184,22.1299991607666,22.190000534057617,14.107991218566896,-0.4176336541044768,-0.981682419047314,-0.139868736267088,-0.13986873626708807
2006-10-25,22.21999931335449,22.3799991607666,22.100000381469727,22.3799991607666,14.228788375854492,-0.6835002667051695,0.8562321553519325,0.1207971572875958,0.12079715728759588
2006-10-26,22.5,22.530000686645508,22.489999771118164,22.489999771118164,14.298724174499512,-0.379652709447235,0.4915091629565271,0.0699357986450195,0.06993579864501953
2006-10-27,22.479999542236328,22.479999542236328,22.040000915527344,22.040000915527344,14.01262378692627,-0.708820896476664,-2.00088052669396,-0.2861003875732422,-0.2861003875732422
2006-10-30,21.350000381469727,22.5,21.350000381469727,21.5,13.832477569580078,-0.5822177476191913,-1.2855994714870422,-0.1801462173461914,-0.1801462173461914
2006-10-31,22.049999237060547,22.049999237060547,21.26000022888184,22.0,14.154162406921388,-0.708820896476664,2.325576424925857,0.3216848373413103,0.32168483734131037
2006-11-01,22.489999771118164,22.489999771118164,21.479999542236328,21.479999542236328,13.81961441040039,-0.7468018411339058,-2.3636015110113706,-0.3345479965209978,-0.33454799652099787
2006-11-02,21.489999771118164,21.5,21.489999771118164,21.5,13.832477569580078,-0.7341415262481585,0.0930790020451377,0.0128631591796875,0.0128631591796875
2006-11-03,21.100000381469727,21.5,21.100000381469727,21.5,13.832477569580078,-0.6455193220479277,0.0,0.0,0.0
2006-11-06,21.5,22.0,21.5,21.5,13.832477569580078,-0.6455193220479277,0.0,0.0,0.0
2006-11-07,20.46999931335449,21.25,20.46999931335449,20.75,13.34994888305664,0.7724359451557663,-3.488374979075326,-0.4825286865234375,-0.4825286865234375
2006-11-08,20.75,21.0,20.729999542236328,20.940000534057617,13.472187995910645,0.5951915367553046,0.9156522914417042,0.1222391128540039,0.1222391128540039
2006-11-09,21.0,21.34000015258789,21.0,21.280000686645508,13.690937995910645,-0.7341415262481585,1.623715465271114,0.21875,0.21875
2006-11-10,21.280000686645508,21.280000686645508,21.280000686645508,21.280000686645508,13.690937995910645,-0.8354240453341367,0.0,0.0,0.0
2006-11-13,21.01000022888184,21.89999961853028,21.01000022888184,21.89999961853028,14.089828491210938,-0.6455193220479277,2.913536643138981,0.3988904953002929,0.39889049530029297
2006-11-14,21.950000762939453,22.25,21.450000762939453,22.25,14.315003395080566,-0.2910305052470042,1.5981380043773363,0.2251749038696289,0.2251749038696289
2006-11-15,22.14999961853028,22.25,20.940000534057617,21.1200008392334,13.587995529174805,0.7217946856127773,-5.0786426369664905,-0.7270078659057617,-0.7270078659057617
2006-11-16,21.0,21.26000022888184,20.799999237060547,21.26000022888184,13.678072929382324,-0.4302939689902241,0.6629189714856265,0.0900774002075195,0.09007740020751953
2006-11-17,21.75,22.229999542236328,21.75,22.0,14.154162406921388,-0.518916173190455,3.4806765543438534,0.4760894775390643,0.4760894775390643
2006-11-20,22.190000534057617,22.190000534057617,22.0,22.0,14.154162406921388,-0.6328590071621804,0.0,0.0,0.0
2006-11-21,22.25,22.309999465942383,22.25,22.309999465942383,14.35360050201416,-0.4682749136474659,1.4090420143494151,0.1994380950927716,0.19943809509277166
2006-11-22,22.309999465942383,22.690000534057617,22.309999465942383,22.5,14.475845336914062,-0.6201986922764331,0.8516666942398832,0.1222448348999023,0.12224483489990234
2006-11-24,22.5,22.5,22.5,22.5,14.475845336914062,-0.8354240453341367,0.0,0.0,0.0
2006-11-27,22.0,22.01000022888184,21.81999969482422,21.81999969482422,14.038359642028809,-0.7468018411339058,-3.0221771834605398,-0.4374856948852539,-0.4374856948852539
2006-11-28,21.350000381469727,21.350000381469727,21.350000381469727,21.350000381469727,13.735969543457031,-0.8227637304483895,-2.1540272957993323,-0.3023900985717773,-0.30239009857177734
2006-11-29,21.5,21.5,21.5,21.5,13.832477569580078,-0.7847827857911476,0.7025934777863396,0.0965080261230468,0.09650802612304688
2006-11-30,21.5,21.5,21.5,21.5,13.832477569580078,-0.8354240453341367,0.0,0.0,0.0
2006-12-01,21.809999465942383,21.809999465942383,21.809999465942383,21.809999465942383,14.031920433044434,-0.7721224709054003,1.4418448355409952,0.1994428634643554,0.19944286346435547
2006-12-04,21.01000022888184,21.25,20.3799991607666,20.3799991607666,13.111896514892578,-0.4049733392187296,-6.556650050446744,-0.9200239181518556,-0.9200239181518555
2006-12-05,20.530000686645508,20.75,20.530000686645508,20.75,13.34994888305664,-0.7468018411339058,1.8155448976712172,0.2380523681640625,0.2380523681640625
2006-12-06,21.100000381469727,21.100000381469727,21.100000381469727,21.100000381469727,13.575128555297852,-0.5822177476191913,1.6867455764344008,0.2251796722412109,0.22517967224121094
2006-12-07,20.940000534057617,20.940000534057617,20.559999465942383,20.559999465942383,13.227706909179688,-0.708820896476664,-2.559251241731919,-0.347421646118164,-0.34742164611816406
2006-12-08,20.61000061035156,21.0,20.61000061035156,20.6299991607666,13.272748947143556,-0.6075383773906858,0.3405128211043884,0.0450420379638689,0.045042037963868964
2006-12-11,20.540000915527344,20.6200008392334,20.540000915527344,20.61000061035156,13.259879112243652,-0.7594621560196531,-0.0969643511766538,-0.0128698348999041,-0.01286983489990412
2006-12-12,20.950000762939453,21.25,20.76000022888184,21.100000381469727,13.575128555297852,-0.2150686159325205,2.377468454920595,0.3152494430541992,0.3152494430541992
2006-12-13,21.049999237060547,21.049999237060547,21.0,21.0,13.510790824890137,-0.7468018411339058,-0.4739382772372069,-0.0643377304077148,-0.06433773040771484
2006-12-14,21.100000381469727,21.100000381469727,20.63999938964844,20.65999984741211,13.292047500610352,-0.708820896476664,-1.6190267995031538,-0.2187433242797851,-0.21874332427978516
2006-12-15,20.75,21.09000015258789,20.6200008392334,20.65999984741211,13.292047500610352,-0.518916173190455,0.0,0.0,0.0
2006-12-18,20.84000015258789,20.84000015258789,20.61000061035156,20.61000061035156,13.259879112243652,-0.6201986922764331,-0.2420122886652498,-0.0321683883666992,-0.03216838836669922
2006-12-19,20.5,20.75,20.5,20.64999961853028,13.28561782836914,0.3293249241546119,0.1941097343920894,0.0257387161254882,0.02573871612548828
2006-12-20,20.600000381469727,20.709999084472656,20.479999542236328,20.56999969482422,13.23414421081543,1.54471515318635,-0.3874386439432165,-0.0514736175537109,-0.05147361755371094
2006-12-21,20.530000686645508,20.530000686645508,20.299999237060547,20.309999465942383,13.066866874694824,-0.0631448373035533,-1.263983023427384,-0.1672773361206054,-0.16727733612060547
2006-12-22,20.549999237060547,21.0,20.549999237060547,20.8799991607666,13.433588981628418,-0.6328590071621804,2.8065037353658617,0.3667221069335937,0.36672210693359375
2006-12-26,21.0,21.06999969482422,20.690000534057617,20.770000457763672,13.36281681060791,0.6331724814125463,-0.5268299567397383,-0.0707721710205078,-0.07077217102050781
2006-12-27,20.61000061035156,20.61000061035156,20.61000061035156,20.61000061035156,13.259879112243652,-0.8101034155626422,-0.7703293386656429,-0.1029376983642578,-0.10293769836425781
2006-12-28,20.88999938964844,21.0,20.76000022888184,21.0,13.510790824890137,-0.4935955434189604,1.8922624446462863,0.2509117126464844,0.2509117126464844
2006-12-29,20.89999961853028,21.25,20.89999961853028,21.0,13.510790824890137,-0.1770876712752787,0.0,0.0,0.0
2007-01-03,21.0,21.0,21.0,21.0,13.510790824890137,-0.8354240453341367,0.0,0.0,0.0
2007-01-04,21.489999771118164,21.520000457763672,21.479999542236328,21.520000457763672,13.84534740447998,-0.7341415262481585,2.476217594705932,0.3345565795898437,0.33455657958984375
2007-01-05,21.61000061035156,21.989999771118164,21.25,21.989999771118164,14.14772891998291,-0.5568971178476968,2.18399370322111,0.3023815155029297,0.3023815155029297
2007-01-08,21.89999961853028,21.89999961853028,21.89999961853028,21.89999961853028,14.089828491210938,-0.8101034155626422,-0.4092559950748753,-0.0579004287719726,-0.057900428771972656
2007-01-09,22.0,22.0,22.0,22.0,14.154162406921388,-0.7341415262481585,0.4565982882657637,0.064333915710451,0.064333915710451
2007-01-10,21.989999771118164,22.030000686645508,21.979999542236328,22.030000686645508,14.173465728759766,-0.6075383773906858,0.1363791179118889,0.0193033218383771,0.01930332183837713
2007-01-11,22.030000686645508,22.030000686645508,22.030000686645508,22.030000686645508,14.173465728759766,-0.8354240453341367,0.0,0.0,0.0
2007-01-12,22.280000686645508,22.280000686645508,22.11000061035156,22.11000061035156,14.224932670593262,-0.6961605815909168,0.3631217855846191,0.051466941833496,0.051466941833496094
2007-01-16,22.440000534057617,22.440000534057617,22.200000762939453,22.38999938964844,14.405074119567873,-0.5948780625049386,1.2663782187666284,0.1801414489746111,0.18014144897461115
2007-01-17,22.18000030517578,22.38999938964844,22.100000381469727,22.38999938964844,14.405074119567873,-0.6075383773906858,0.0,0.0,0.0
2007-01-18,22.100000381469727,22.100000381469727,22.100000381469727,22.100000381469727,14.21850299835205,-0.8101034155626422,-1.2951764056693291,-0.1865711212158221,-0.1865711212158221
2007-01-19,21.799999237060547,21.89999961853028,21.170000076293945,21.739999771118164,13.986893653869627,1.367470744785888,-1.6289291812877082,-0.2316093444824236,-0.23160934448242365
2007-01-22,22.01000022888184,22.01000022888184,21.76000022888184,21.76000022888184,13.999755859375,-0.7847827857911476,0.0919589854879276,0.0128622055053728,0.01286220550537287
2007-01-23,21.34000015258789,21.56999969482422,21.01000022888184,21.56999969482422,13.877513885498049,-0.708820896476664,-0.8731721831784056,-0.1222419738769513,-0.12224197387695135
2007-01-24,22.0,22.0,21.020000457763672,21.049999237060547,13.542957305908203,-0.1391067266180369,-2.410781803932882,-0.3345565795898455,-0.3345565795898455
2007-01-25,21.049999237060547,21.049999237060547,21.049999237060547,21.049999237060547,13.542957305908203,-0.8354240453341367,0.0,0.0,0.0
2007-01-26,21.239999771118164,21.350000381469727,21.239999771118164,21.350000381469727,13.735969543457031,-0.5442368029619495,1.425185306200638,0.1930122375488281,0.19301223754882812
2007-01-29,21.190000534057617,21.88999938964844,21.0,21.440000534057617,13.793872833251951,0.6711534260697882,0.4215449780354374,0.0579032897949201,0.0579032897949201
2007-01-30,21.440000534057617,21.440000534057617,20.559999465942383,20.86000061035156,13.585468292236328,-0.379652709447235,-1.5108486466051565,-0.2084045410156232,-0.20840454101562322
2007-01-31,21.049999237060547,21.049999237060547,21.049999237060547,21.049999237060547,13.70920753479004,-0.8101034155626422,0.9108205907368384,0.1237392425537127,0.12373924255371271
2007-02-01,20.989999771118164,20.989999771118164,20.989999771118164,20.989999771118164,13.670133590698242,-0.8101034155626422,-0.2850197138867472,-0.0390739440917986,-0.03907394409179865
2007-02-02,21.0,21.0,20.89999961853028,20.979999542236328,13.663617134094238,-0.7341415262481585,-0.0476692971635439,-0.0065164566040039,-0.006516456604003906
2007-02-05,20.84000015258789,21.0,20.799999237060547,20.799999237060547,13.546392440795898,-0.7214812113624113,-0.8579330944939456,-0.1172246932983398,-0.11722469329833984
2007-02-06,21.0,21.0,21.0,21.0,13.676647186279297,-0.8101034155626422,0.9615456369854504,0.1302547454833984,0.13025474548339844
2007-02-07,21.01000022888184,21.01000022888184,21.01000022888184,21.01000022888184,13.683159828186035,-0.797443100676895,0.0476187022889096,0.0065126419067382,0.006512641906738281
2007-02-08,21.049999237060547,21.14999961853028,21.0,21.14999961853028,13.774337768554688,-0.3163511350184987,0.6663514971215534,0.0911779403686523,0.09117794036865234
2007-02-09,21.049999237060547,21.479999542236328,21.049999237060547,21.479999542236328,13.989259719848633,-0.708820896476664,1.5603069628841837,0.2149219512939453,0.2149219512939453
2007-02-12,21.5,21.5,21.3700008392334,21.5,14.002283096313477,-0.6961605815909168,0.093095537045218,0.0130233764648437,0.01302337646484375
2007-02-13,21.5,21.5,21.489999771118164,21.5,14.002283096313477,-0.6708399518194222,0.0,0.0,0.0
2007-02-14,21.5,21.5,21.5,21.5,14.002283096313477,-0.7594621560196531,0.0,0.0,0.0
2007-02-15,21.950000762939453,21.950000762939453,21.700000762939453,21.700000762939453,14.13253688812256,-0.6708399518194222,0.9302325264611832,0.1302537918090838,0.1302537918090838
2007-02-16,21.790000915527344,21.790000915527344,21.790000915527344,21.790000915527344,14.191149711608888,-0.8101034155626422,0.4147367450750394,0.0586128234863281,0.058612823486328125
2007-02-20,21.479999542236328,21.479999542236328,21.479999542236328,21.479999542236328,13.989259719848633,-0.8227637304483895,-1.4226471840762978,-0.2018899917602556,-0.20188999176025568
2007-02-21,21.950000762939453,21.950000762939453,21.75,21.75,14.165101051330566,-0.7594621560196531,1.256973814221496,0.1758413314819336,0.1758413314819336
2007-02-22,21.75,21.75,21.75,21.75,14.165101051330566,-0.8354240453341367,0.0,0.0,0.0
2007-02-23,21.75,21.75,21.75,21.75,14.165101051330566,-0.8354240453341367,0.0,0.0,0.0
2007-02-26,21.729999542236328,21.729999542236328,21.729999542236328,21.729999542236328,14.152071952819824,-0.8101034155626422,-0.0919802722446405,-0.0130290985107421,-0.013029098510742188
2007-02-27,21.729999542236328,21.729999542236328,21.729999542236328,21.729999542236328,14.152071952819824,-0.8354240453341367,0.0,0.0,0.0
2007-02-28,21.700000762939453,21.700000762939453,21.450000762939453,21.51000022888184,14.008792877197266,-0.6201986922764331,-1.0124247255117291,-0.1432790756225586,-0.1432790756225586
2007-03-01,21.450000762939453,21.489999771118164,21.450000762939453,21.489999771118164,13.995774269104004,-0.8101034155626422,-0.0929316908843236,-0.0130186080932617,-0.013018608093261719
2007-03-02,21.489999771118164,21.489999771118164,21.489999771118164,21.489999771118164,13.995774269104004,-0.8354240453341367,0.0,0.0,0.0
2007-03-05,21.489999771118164,21.489999771118164,21.489999771118164,21.489999771118164,13.995774269104004,-0.8354240453341367,0.0,0.0,0.0
2007-03-06,21.270000457763672,21.61000061035156,21.020000457763672,21.61000061035156,14.073923110961914,-0.7341415262481585,0.5583745518847438,0.0781488418579101,0.07814884185791016
2007-03-07,21.700000762939453,21.700000762939453,21.690000534057617,21.690000534057617,14.126016616821287,-0.7214812113624113,0.3701420382124842,0.0520935058593732,0.052093505859373224
2007-03-08,21.700000762939453,21.700000762939453,21.459999084472656,21.459999084472656,13.976229667663574,-0.708820896476664,-1.0603622607901153,-0.149786949157713,-0.14978694915771307
2007-03-09,21.700000762939453,21.700000762939453,21.700000762939453,21.700000762939453,14.13253688812256,-0.7214812113624113,1.1183790204924104,0.1563072204589861,0.15630722045898615
2007-03-12,22.0,22.0,21.61000061035156,22.0,14.327914237976074,-0.2403892457040151,1.382464814351314,0.1953773498535138,0.19537734985351385
2007-03-13,21.459999084472656,21.790000915527344,21.020000457763672,21.020000457763672,13.689677238464355,-0.3923130243329823,-4.454500417235008,-0.6382369995117188,-0.6382369995117188
2007-03-14,21.739999771118164,21.739999771118164,20.850000381469727,20.850000381469727,13.57895565032959,-0.4935955434189604,-0.808796191510397,-0.1107215881347656,-0.11072158813476562
2007-03-15,20.850000381469727,20.850000381469727,20.850000381469727,20.850000381469727,13.57895565032959,-0.8354240453341367,0.0,0.0,0.0
2007-03-16,20.850000381469727,20.850000381469727,20.850000381469727,20.850000381469727,13.57895565032959,-0.8354240453341367,0.0,0.0,0.0
2007-03-19,20.850000381469727,21.88999938964844,20.850000381469727,21.8700008392334,14.24325466156006,-0.7468018411339058,4.89212151756564,0.6642990112304705,0.6642990112304705
2007-03-20,21.8700008392334,21.8700008392334,21.8700008392334,21.8700008392334,14.24325466156006,-0.8354240453341367,0.0,0.0,0.0
2007-03-21,21.5,21.520000457763672,21.049999237060547,21.209999084472656,13.813413619995115,-0.3290114499042459,-3.0178568857931576,-0.4298410415649449,-0.42984104156494496
2007-03-22,21.059999465942383,21.06999969482422,21.059999465942383,21.06999969482422,13.722235679626465,-0.8101034155626422,-0.6600681256417995,-0.0911779403686505,-0.09117794036865057
2007-03-23,21.270000457763672,21.280000686645508,21.270000457763672,21.280000686645508,13.859002113342283,-0.7847827857911476,0.99667748688268,0.1367664337158185,0.13676643371581854
2007-03-26,21.059999465942383,21.059999465942383,21.059999465942383,21.059999465942383,13.71572494506836,-0.8227637304483895,-1.0338202354121084,-0.143277168273924,-0.143277168273924
2007-03-27,21.059999465942383,21.059999465942383,21.059999465942383,21.059999465942383,13.71572494506836,-0.8354240453341367,0.0,0.0,0.0
2007-03-28,21.25,21.25,21.1200008392334,21.1200008392334,13.754798889160156,-0.797443100676895,0.2848842787988914,0.0390739440917968,0.039073944091796875
2007-03-29,21.1200008392334,21.1200008392334,21.1200008392334,21.1200008392334,13.754798889160156,-0.8354240453341367,0.0,0.0,0.0
2007-03-30,21.01000022888184,21.229999542236328,21.01000022888184,21.229999542236328,13.826437950134276,-0.708820896476664,0.520829577745241,0.0716390609741193,0.07163906097411932
2007-04-02,21.01000022888184,21.190000534057617,21.01000022888184,21.01000022888184,13.683159828186035,-0.5695574327334441,-1.0362619965097353,-0.1432781219482404,-0.1432781219482404
2007-04-03,21.01000022888184,21.01000022888184,21.01000022888184,21.01000022888184,13.683159828186035,-0.8227637304483895,0.0,0.0,0.0
2007-04-04,21.01000022888184,21.01000022888184,21.01000022888184,21.01000022888184,13.683159828186035,-0.8354240453341367,0.0,0.0,0.0
2007-04-05,21.01000022888184,21.1200008392334,21.01000022888184,21.1200008392334,13.754798889160156,-0.7468018411339058,0.5235564144076665,0.0716390609741211,0.0716390609741211
2007-04-09,21.100000381469727,21.100000381469727,21.0,21.0,13.676647186279297,-0.797443100676895,-0.5681777211766326,-0.0781517028808593,-0.07815170288085938
2007-04-10,21.0,21.01000022888184,21.0,21.0,13.676647186279297,-0.7214812113624113,0.0,0.0,0.0
2007-04-11,21.0,21.559999465942383,21.0,21.559999465942383,14.04135799407959,-0.4556145987617186,2.666668247216175,0.3647108078002929,0.36471080780029297
2007-04-12,21.93000030517578,21.950000762939453,21.93000030517578,21.950000762939453,14.295348167419434,-0.7214812113624113,1.808871858739991,0.2539901733398437,0.25399017333984375
2007-04-13,22.0,22.0,22.0,22.0,14.327914237976074,-0.708820896476664,0.2278088660398136,0.0325660705566406,0.032566070556640625
2007-04-16,22.0,22.0,22.0,22.0,14.327914237976074,-0.518916173190455,0.0,0.0,0.0
2007-04-17,21.90999984741211,21.90999984741211,21.34000015258789,21.39999961853028,13.937152862548828,-0.4556145987617186,-2.7272732718593096,-0.3907613754272461,-0.3907613754272461
2007-04-18,21.5,21.51000022888184,21.5,21.5,14.002283096313477,-0.3543320796757405,0.4673137649201075,0.0651302337646484,0.06513023376464844
2007-04-19,21.729999542236328,21.799999237060547,21.729999542236328,21.790000915527344,14.191149711608888,-0.708820896476664,1.3488272876380991,0.1888666152954119,0.18886661529541193
2007-04-20,21.979999542236328,22.0,21.799999237060547,21.799999237060547,14.197661399841309,-0.6961605815909168,0.0458855580044659,0.00651168823242,0.006511688232420099
2007-04-23,22.040000915527344,22.26000022888184,22.040000915527344,22.059999465942383,14.366988182067873,-0.7341415262481585,1.1926385441792364,0.1693267822265642,0.16932678222656428
2007-04-24,22.11000061035156,22.11000061035156,22.0,22.0,14.327914237976074,-0.6328590071621804,-0.271970322496462,-0.0390739440917986,-0.03907394409179865
2007-04-25,21.82999992370605,21.89999961853028,21.799999237060547,21.89999961853028,14.26279067993164,-0.6708399518194222,-0.4545222491060374,-0.0651235580444336,-0.0651235580444336
2007-04-26,22.209999084472656,22.209999084472656,22.200000762939453,22.209999084472656,14.464677810668944,-0.7721224709054003,1.4154812705859054,0.2018871307373029,0.2018871307373029
2007-04-27,22.479999542236328,22.489999771118164,22.15999984741211,22.350000381469727,14.734990119934082,-0.4809352285332132,1.868775183265825,0.2703123092651385,0.2703123092651385
2007-04-30,22.309999465942383,22.309999465942383,22.18000030517578,22.309999465942383,14.708610534667969,-0.7341415262481585,-0.1790268269703521,-0.0263795852661132,-0.02637958526611328
2007-05-01,22.489999771118164,22.489999771118164,22.489999771118164,22.489999771118164,14.827281951904297,-0.8101034155626422,0.8068159596490876,0.1186714172363281,0.11867141723632812
2007-05-02,22.1200008392334,22.13999938964844,22.1200008392334,22.13999938964844,14.596535682678224,-0.7847827857911476,-1.5562277022488025,-0.2307462692260724,-0.23074626922607244
2007-05-03,22.030000686645508,22.5,21.920000076293945,22.5,14.833877563476562,-0.5062558583047078,1.6260151446756854,0.237341880798338,0.23734188079833807
2007-05-04,22.5,22.5,22.5,22.5,14.833877563476562,-0.8354240453341367,0.0,0.0,0.0
2007-05-07,22.020000457763672,22.030000686645508,21.8700008392334,21.93000030517578,14.458089828491213,-0.4935955434189604,-2.5333075143521566,-0.3757877349853498,-0.3757877349853498
2007-05-08,21.93000030517578,21.93000030517578,21.93000030517578,21.93000030517578,14.458089828491213,-0.8354240453341367,0.0,0.0,0.0
2007-05-09,21.93000030517578,21.93000030517578,21.93000030517578,21.93000030517578,14.458089828491213,-0.8354240453341367,0.0,0.0,0.0
2007-05-10,21.81999969482422,21.81999969482422,21.76000022888184,21.76000022888184,14.3460111618042,-0.7214812113624113,-0.775196917549581,-0.1120786666870135,-0.1120786666870135
2007-05-11,21.75,21.8799991607666,21.65999984741211,21.8799991607666,14.425126075744627,-0.7341415262481585,0.5514767348785421,0.0791149139404279,0.07911491394042791
2007-05-14,22.06999969482422,22.06999969482422,22.06999969482422,22.06999969482422,14.550392150878906,-0.8227637304483895,0.8683880783885156,0.1252660751342791,0.12526607513427912
2007-05-15,22.25,22.25,22.0,22.0,14.504240036010742,-0.6835002667051695,-0.3171881169221735,-0.046152114868164,-0.04615211486816406
2007-05-16,22.0,22.239999771118164,21.75,22.239999771118164,14.662466049194336,-0.708820896476664,1.0908948886033,0.1582260131835937,0.15822601318359375
2007-05-17,22.239999771118164,22.239999771118164,22.239999771118164,22.239999771118164,14.662466049194336,-0.8354240453341367,0.0,0.0,0.0
2007-05-18,22.0,22.0,22.0,22.0,14.504240036010742,-0.8101034155626422,-1.0791227932104075,-0.1582260131835937,-0.15822601318359375
2007-05-21,21.84000015258789,21.84000015258789,21.84000015258789,21.84000015258789,14.398755073547363,-0.8227637304483895,-0.7272698342104311,-0.1054849624633789,-0.1054849624633789
2007-05-22,21.75,23.09000015258789,21.530000686645508,22.299999237060547,14.702021598815918,0.0128170520109302,2.1061996243390446,0.3032665252685547,0.3032665252685547
2007-05-23,23.190000534057617,23.190000534057617,22.43000030517578,22.43000030517578,14.787727355957031,-0.7594621560196531,0.5829521917449565,0.0857057571411132,0.08570575714111328
2007-05-24,22.43000030517578,22.43000030517578,22.43000030517578,22.43000030517578,14.787727355957031,-0.8354240453341367,0.0,0.0,0.0
2007-05-25,23.0,23.0,22.25,22.25,14.669057846069336,-0.7847827857911476,-0.8024864607737769,-0.1186695098876953,-0.11866950988769531
2007-05-29,22.0,22.0,22.0,22.0,14.504240036010742,-0.658179636933675,-1.1235746139126257,-0.1648178100585937,-0.16481781005859375
2007-05-30,21.770000457763672,21.799999237060547,21.770000457763672,21.780000686645508,14.3591947555542,-0.7214812113624113,-1.0000198569275476,-0.1450452804565429,-0.14504528045654297
2007-05-31,21.780000686645508,21.780000686645508,21.780000686645508,21.780000686645508,14.3591947555542,-0.8354240453341367,0.0,0.0,0.0
2007-06-01,21.780000686645508,21.780000686645508,21.780000686645508,21.780000686645508,14.3591947555542,-0.8354240453341367,0.0,0.0,0.0
2007-06-04,21.82999992370605,21.82999992370605,21.809999465942383,21.81999969482422,14.385571479797363,-0.7594621560196531,0.1836922243356298,0.026376724243164,0.026376724243164062
2007-06-05,21.81999969482422,21.81999969482422,21.81999969482422,21.81999969482422,14.385571479797363,-0.8354240453341367,0.0,0.0,0.0
2007-06-06,21.989999771118164,22.25,21.76000022888184,21.76000022888184,14.3460111618042,-0.4809352285332132,-0.2749999751398224,-0.039560317993164,-0.03956031799316406
2007-06-07,21.75,21.75,21.700000762939453,21.700000762939453,14.306455612182615,-0.7468018411339058,-0.2757250721155069,-0.0395555496215838,-0.03955554962158381
2007-06-08,21.5,21.56999969482422,21.5,21.51000022888184,14.181187629699709,-0.7721224709054003,-0.8756045933294265,-0.1252679824829066,-0.1252679824829066
2007-06-11,21.61000061035156,21.64999961853028,21.61000061035156,21.64999961853028,14.27348804473877,-0.8101034155626422,0.6508651986647074,0.0923004150390607,0.09230041503906072
2007-06-12,21.5,21.5,21.5,21.5,14.17459774017334,-0.7594621560196531,-0.6928250772023525,-0.0988903045654296,-0.09889030456542969
2007-06-13,21.549999237060547,21.64999961853028,21.5,21.5,14.17459774017334,-0.6201986922764331,0.0,0.0,0.0
2007-06-14,21.530000686645508,21.700000762939453,21.530000686645508,21.65999984741211,14.280076026916504,-0.658179636933675,0.7441360148388476,0.105478286743164,0.10547828674316406
2007-06-15,21.5,21.68000030517578,21.5,21.68000030517578,14.293264389038086,-0.5695574327334441,0.0923549853426797,0.013188362121582,0.013188362121582031
2007-06-18,21.5,21.61000061035156,21.5,21.5,14.17459774017334,-0.6455193220479277,-0.8302277606769493,-0.1186666488647461,-0.1186666488647461
2007-06-19,21.559999465942383,21.559999465942383,21.350000381469727,21.520000457763672,14.187785148620604,-0.6075383773906858,0.0930355039980401,0.0131874084472638,0.013187408447263849
2007-06-20,21.540000915527344,21.540000915527344,21.520000457763672,21.520000457763672,14.187785148620604,-0.6961605815909168,0.0,0.0,0.0
2007-06-21,21.18000030517578,21.700000762939453,21.18000030517578,21.700000762939453,14.306455612182615,-0.2403892457040151,0.8364269850361428,0.1186704635620117,0.11867046356201172
2007-06-22,21.700000762939453,21.700000762939453,21.51000022888184,21.51000022888184,14.181187629699709,-0.6328590071621804,-0.8756045933294265,-0.1252679824829066,-0.1252679824829066
2007-06-25,21.51000022888184,21.51000022888184,21.51000022888184,21.51000022888184,14.181187629699709,-0.8354240453341367,0.0,0.0,0.0
2007-06-26,21.6299991607666,21.700000762939453,21.6299991607666,21.700000762939453,14.306455612182615,-0.708820896476664,0.8833391515147726,0.1252679824829066,0.1252679824829066
2007-06-27,21.700000762939453,21.700000762939453,21.51000022888184,21.51000022888184,14.181187629699709,-0.7594621560196531,-0.8756045933294265,-0.1252679824829066,-0.1252679824829066
2007-06-28,21.51000022888184,21.51000022888184,21.51000022888184,21.51000022888184,14.181187629699709,-0.8354240453341367,0.0,0.0,0.0
2007-06-29,21.540000915527344,21.540000915527344,21.51000022888184,21.51000022888184,14.181187629699709,-0.7594621560196531,0.0,0.0,0.0
2007-07-02,21.51000022888184,21.700000762939453,21.5,21.700000762939453,14.306455612182615,-0.6328590071621804,0.8833391515147726,0.1252679824829066,0.1252679824829066
2007-07-03,21.700000762939453,21.700000762939453,21.700000762939453,21.700000762939453,14.306455612182615,-0.8354240453341367,0.0,0.0,0.0
2007-07-05,21.700000762939453,21.700000762939453,21.700000762939453,21.700000762939453,14.306455612182615,-0.8354240453341367,0.0,0.0,0.0
2007-07-06,21.700000762939453,21.700000762939453,21.700000762939453,21.700000762939453,14.306455612182615,-0.8354240453341367,0.0,0.0,0.0
2007-07-09,21.51000022888184,21.51000022888184,21.51000022888184,21.51000022888184,14.181187629699709,-0.7721224709054003,-0.8756045933294265,-0.1252679824829066,-0.1252679824829066
2007-07-10,21.5,21.5,21.5,21.5,14.17459774017334,-0.6201986922764331,-0.0464692358527751,-0.0065898895263689,-0.006589889526368964
2007-07-11,21.700000762939453,21.700000762939453,21.5,21.5,14.17459774017334,-0.5695574327334441,0.0,0.0,0.0
2007-07-12,21.51000022888184,21.65999984741211,21.51000022888184,21.65999984741211,14.280076026916504,-0.7341415262481585,0.7441360148388476,0.105478286743164,0.10547828674316406
2007-07-13,21.51000022888184,21.51000022888184,21.5,21.5,14.17459774017334,-0.5822177476191913,-0.7386395320609473,-0.105478286743164,-0.10547828674316406
2007-07-16,21.5,21.5,21.5,21.5,14.17459774017334,-0.8101034155626422,0.0,0.0,0.0
2007-07-17,21.209999084472656,21.51000022888184,21.18000030517578,21.51000022888184,14.181187629699709,-0.6961605815909168,0.0464908397907581,0.0065898895263689,0.006589889526368964
2007-07-18,21.540000915527344,21.700000762939453,21.450000762939453,21.450000762939453,14.141632080078123,-0.2150686159325205,-0.2789297388516631,-0.0395555496215855,-0.039555549621585584
2007-07-19,21.11000061035156,21.21999931335449,21.01000022888184,21.14999961853028,13.94384765625,-0.3416717647899932,-1.3985968713381425,-0.1977844238281232,-0.19778442382812322
2007-07-20,21.14999961853028,21.14999961853028,21.14999961853028,21.14999961853028,13.94384765625,-0.8354240453341367,0.0,0.0,0.0
2007-07-23,20.8799991607666,21.059999465942383,20.549999237060547,21.0,13.84495449066162,-0.5948780625049386,-0.709224369243977,-0.0988931655883806,-0.09889316558838068
2007-07-24,21.0,21.0,21.0,21.0,13.84495449066162,-0.8354240453341367,0.0,0.0,0.0
2007-07-25,20.559999465942383,20.559999465942383,20.309999465942383,20.309999465942383,13.39005184173584,-0.6835002667051695,-3.2856926271054965,-0.4549026489257795,-0.4549026489257795
2007-07-26,20.38999938964844,20.690000534057617,19.729999542236328,19.799999237060547,13.053812980651855,-0.1644273563895315,-2.5111094793221933,-0.3362388610839844,-0.3362388610839844
2007-07-27,19.799999237060547,19.8700008392334,19.479999542236328,19.780000686645508,13.04063320159912,-0.0631448373035533,-0.1009649753085262,-0.0131797790527361,-0.013179779052736151
2007-07-30,20.0,20.280000686645508,20.0,20.0,13.368148803710938,-0.6708399518194222,2.511500761110708,0.3275156021118182,0.3275156021118182
2007-07-31,20.0,20.0,20.0,20.0,13.368148803710938,-0.8354240453341367,0.0,0.0,0.0
2007-08-01,19.770000457763672,19.770000457763672,19.76000022888184,19.76000022888184,13.20773220062256,-0.8101034155626422,-1.19999115392736,-0.1604166030883771,-0.16041660308837713
2007-08-02,20.0,20.0,20.0,20.0,13.368148803710938,-0.6708399518194222,1.2145658365242618,0.1604166030883771,0.16041660308837713
2007-08-03,20.0,20.0,19.81999969482422,19.81999969482422,13.247830390930176,-0.8101034155626422,-0.9000379525051505,-0.1203184127807617,-0.12031841278076172
2007-08-06,19.86000061035156,20.059999465942383,19.86000061035156,20.059999465942383,13.408252716064451,-0.7721224709054003,1.210932812395482,0.1604223251342755,0.16042232513427557
2007-08-07,20.190000534057617,20.190000534057617,20.190000534057617,20.190000534057617,13.49515151977539,-0.7721224709054003,0.6480993873782426,0.0868988037109392,0.08689880371093928
2007-08-08,21.299999237060547,21.299999237060547,19.81999969482422,19.81999969482422,13.247830390930176,-0.6961605815909168,-1.8326665579322945,-0.2473211288452148,-0.24732112884521484
2007-08-09,19.809999465942383,19.96999931335449,19.809999465942383,19.96999931335449,13.348097801208496,-0.7721224709054003,0.7568591031099414,0.1002674102783203,0.10026741027832031
2007-08-10,20.0,20.0,20.0,20.0,13.368148803710938,-0.797443100676895,0.1502161791219869,0.0200510025024414,0.020051002502441406
2007-08-13,20.11000061035156,21.14999961853028,20.11000061035156,21.14999961853028,14.136818885803224,-0.6961605815909168,5.750011414287282,0.7686700820922869,0.7686700820922869
2007-08-14,20.5,20.5,20.5,20.5,13.702352523803713,-0.8227637304483895,-3.073296513940771,-0.4344663619995117,-0.4344663619995117
2007-08-15,21.200000762939453,21.200000762939453,21.0,21.0,14.036555290222168,-0.7847827857911476,2.439017430312629,0.3342027664184552,0.33420276641845525
2007-08-16,21.0,21.0,21.0,21.0,14.036555290222168,-0.8354240453341367,0.0,0.0,0.0
2007-08-17,21.0,21.0,21.0,21.0,14.036555290222168,-0.8354240453341367,0.0,0.0,0.0
2007-08-20,21.0,21.0,20.51000022888184,20.700000762939453,13.836031913757324,-0.7721224709054003,-1.428579678694586,-0.2005233764648437,-0.20052337646484375
2007-08-21,20.700000762939453,20.700000762939453,20.700000762939453,20.700000762939453,13.836031913757324,-0.8354240453341367,0.0,0.0,0.0
2007-08-22,20.25,20.36000061035156,19.5,20.36000061035156,13.608776092529297,-0.4682749136474659,-1.6424927511338283,-0.2272558212280273,-0.22725582122802734
2007-08-23,20.049999237060547,20.059999465942383,20.049999237060547,20.059999465942383,13.408252716064451,-0.8101034155626422,-1.4734857499413612,-0.2005233764648455,-0.20052337646484553
2007-08-24,19.51000022888184,20.01000022888184,19.51000022888184,19.89999961853028,13.301309585571287,-0.7721224709054003,-0.7975918470348842,-0.106943130493164,-0.10694313049316406
2007-08-27,19.89999961853028,19.89999961853028,19.89999961853028,19.89999961853028,13.301309585571287,-0.8354240453341367,0.0,0.0,0.0
2007-08-28,19.89999961853028,19.89999961853028,19.89999961853028,19.89999961853028,13.301309585571287,-0.8354240453341367,0.0,0.0,0.0
2007-08-29,19.709999084472656,19.75,19.709999084472656,19.75,13.201048851013184,-0.797443100676895,-0.7537658898403743,-0.1002607345581036,-0.10026073455810369
2007-08-30,19.63999938964844,19.63999938964844,19.5,19.5,13.033947944641112,-0.7214812113624113,-1.2658153776868075,-0.1671009063720721,-0.1671009063720721
2007-08-31,19.549999237060547,19.549999237060547,19.549999237060547,19.549999237060547,13.067364692687988,-0.797443100676895,0.2563823960998412,0.0334167480468767,0.033416748046876776
2007-09-04,19.65999984741211,19.65999984741211,19.65999984741211,19.65999984741211,13.140887260437012,-0.8101034155626422,0.5626426557924447,0.0735225677490234,0.07352256774902344
2007-09-05,19.63999938964844,19.65999984741211,19.600000381469727,19.600000381469727,13.100786209106444,-0.797443100676895,-0.3051624333715974,-0.0401010513305681,-0.04010105133056818
2007-09-06,19.68000030517578,20.5,19.68000030517578,20.5,13.702352523803713,-0.5695574327334441,4.591833689180547,0.6015663146972692,0.6015663146972692
2007-09-07,20.5,20.729999542236328,19.989999771118164,19.989999771118164,13.361465454101562,-0.797443100676895,-2.4877995885010384,-0.3408870697021502,-0.3408870697021502
2007-09-10,19.989999771118164,19.989999771118164,19.989999771118164,19.989999771118164,13.361465454101562,-0.8354240453341367,0.0,0.0,0.0
2007-09-11,20.25,20.71999931335449,19.5,19.5,13.033947944641112,-0.5568971178476968,-2.4512094918444194,-0.327517509460451,-0.327517509460451
2007-09-12,19.5,19.5,19.059999465942383,19.059999465942383,12.73984718322754,-0.7468018411339058,-2.2564211754005803,-0.2941007614135706,-0.29410076141357067
2007-09-13,20.0,20.0,20.0,20.0,13.368148803710938,-0.8227637304483895,4.9317830225670045,0.6283016204833967,0.6283016204833967
2007-09-14,20.0,20.0,20.0,20.0,13.368148803710938,-0.8354240453341367,0.0,0.0,0.0
2007-09-17,20.0,20.0,20.0,20.0,13.368148803710938,-0.8354240453341367,0.0,0.0,0.0
2007-09-18,20.5,20.5,20.5,20.5,13.702352523803713,-0.8101034155626422,2.5000000000000133,0.3342037200927752,0.3342037200927752
2007-09-19,20.5,20.5,20.5,20.5,13.702352523803713,-0.8354240453341367,0.0,0.0,0.0
2007-09-20,20.5,20.5,20.5,20.5,13.702352523803713,-0.8354240453341367,0.0,0.0,0.0
2007-09-21,20.5,20.5,20.5,20.5,13.702352523803713,-0.8354240453341367,0.0,0.0,0.0
2007-09-24,20.700000762939453,20.700000762939453,20.0,20.450000762939453,13.66893196105957,-0.3669923945614878,-0.24390383101065,-0.0334205627441424,-0.0334205627441424
2007-09-25,20.520000457763672,20.520000457763672,20.450000762939453,20.450000762939453,13.66893196105957,-0.5695574327334441,0.0,0.0,0.0
2007-09-26,20.059999465942383,20.059999465942383,20.01000022888184,20.01000022888184,13.374832153320312,-0.7468018411339058,-2.151593179167888,-0.2940998077392578,-0.2940998077392578
2007-09-27,20.489999771118164,20.489999771118164,20.3700008392334,20.3700008392334,13.615463256835938,-0.7721224709054003,1.7991336321621754,0.240631103515625,0.240631103515625
2007-09-28,20.3700008392334,20.3700008392334,20.3700008392334,20.3700008392334,13.615463256835938,-0.8354240453341367,0.0,0.0,0.0
2007-10-01,20.049999237060547,21.0,20.040000915527344,21.0,14.036555290222168,-0.5062558583047078,3.092748483418739,0.4210920333862304,0.42109203338623047
2007-10-02,21.0,21.0,21.0,21.0,14.036555290222168,-0.5948780625049386,0.0,0.0,0.0
2007-10-03,21.0,21.0,20.979999542236328,21.0,14.036555290222168,-0.6708399518194222,0.0,0.0,0.0
2007-10-04,21.21999931335449,21.21999931335449,21.21999931335449,21.21999931335449,14.183606147766112,-0.8227637304483895,1.0476278153969787,0.1470508575439435,0.14705085754394354
2007-10-05,21.0,21.0,20.989999771118164,20.989999771118164,14.029871940612791,-0.8101034155626422,-1.0838866050826843,-0.1537342071533203,-0.1537342071533203
2007-10-08,21.0,21.0,21.0,21.0,14.036555290222168,-0.7721224709054003,0.0476365688701019,0.0066833496093767,0.006683349609376776
2007-10-09,21.0,21.0,21.0,21.0,14.036555290222168,-0.7594621560196531,0.0,0.0,0.0
2007-10-10,20.600000381469727,20.600000381469727,20.600000381469727,20.600000381469727,13.769200325012209,-0.797443100676895,-1.904704962735393,-0.2673549652099591,-0.26735496520995916
2007-10-11,20.600000381469727,20.600000381469727,20.600000381469727,20.600000381469727,13.769200325012209,-0.8354240453341367,0.0,0.0,0.0
2007-10-12,20.57999992370605,20.57999992370605,20.57999992370605,20.57999992370605,13.75582504272461,-0.708820896476664,-0.0971391364195883,-0.0133752822875994,-0.013375282287599433
2007-10-15,20.57999992370605,20.57999992370605,20.57999992370605,20.57999992370605,13.75582504272461,-0.8354240453341367,0.0,0.0,0.0
2007-10-16,20.89999961853028,20.89999961853028,20.559999465942383,20.6299991607666,13.7892484664917,-0.6708399518194222,0.2429765111382265,0.0334234237670898,0.033423423767089844
2007-10-17,20.5,20.5,20.0,20.0,13.368148803710938,-0.708820896476664,-3.053826057337694,-0.4210996627807617,-0.4210996627807617
2007-10-18,20.0,20.0,20.0,20.0,13.368148803710938,-0.8354240453341367,0.0,0.0,0.0
2007-10-19,20.5,20.5,20.239999771118164,20.280000686645508,13.555304527282717,-0.7214812113624113,1.4000122703588191,0.1871557235717791,0.18715572357177912
2007-10-22,20.40999984741211,20.40999984741211,20.020000457763672,20.020000457763672,13.381522178649902,-0.7214812113624113,-1.2820246736843344,-0.1737823486328142,-0.17378234863281428
2007-10-23,20.059999465942383,20.059999465942383,20.0,20.0,13.368148803710938,-0.797443100676895,-0.0999391157479934,-0.0133733749389648,-0.013373374938964844
2007-10-24,20.040000915527344,20.049999237060547,20.0,20.049999237060547,13.401573181152344,-0.7594621560196531,0.2500299625040725,0.0334243774414062,0.03342437744140625
2007-10-25,20.049999237060547,20.049999237060547,20.049999237060547,20.049999237060547,13.401573181152344,-0.8354240453341367,0.0,0.0,0.0
2007-10-26,20.049999237060547,20.049999237060547,20.049999237060547,20.049999237060547,13.401573181152344,-0.8354240453341367,0.0,0.0,0.0
2007-10-29,20.040000915527344,20.040000915527344,20.0,20.0,13.368148803710938,-0.7847827857911476,-0.2494063718460615,-0.0334243774414062,-0.03342437744140625
2007-10-30,19.739999771118164,19.739999771118164,19.729999542236328,19.729999542236328,13.36814785003662,-0.8101034155626422,-7.133929558200691e-06,-9.536743181826068e-07,-9.536743181826068e-07
2007-10-31,20.25,20.65999984741211,20.25,20.65999984741211,13.998273849487305,-0.8101034155626422,4.713637270618309,0.6301259994506854,0.6301259994506854
2007-11-01,20.65999984741211,20.65999984741211,20.65999984741211,20.65999984741211,13.998273849487305,-0.8354240453341367,0.0,0.0,0.0
2007-11-02,19.989999771118164,19.989999771118164,19.989999771118164,19.989999771118164,13.54431438446045,-0.7721224709054003,-3.2429674537584607,-0.4539594650268554,-0.45395946502685547
2007-11-05,21.25,21.25,19.299999237060547,20.39999961853028,13.822110176086426,-0.6328590071621804,2.0510140546109445,0.2777957916259765,0.27779579162597656
2007-11-06,20.39999961853028,20.39999961853028,20.39999961853028,20.39999961853028,13.822110176086426,-0.8354240453341367,0.0,0.0,0.0
2007-11-07,19.950000762939453,20.350000381469727,19.950000762939453,20.0,13.551088333129885,-0.6328590071621804,-1.9607848548728437,-0.2710218429565412,-0.2710218429565412
2007-11-08,19.6299991607666,20.07999992370605,19.6299991607666,20.07999992370605,13.605286598205566,-0.7468018411339058,0.3999550718238431,0.0541982650756818,0.05419826507568182
2007-11-09,19.540000915527344,20.15999984741211,19.5,20.15999984741211,13.659493446350098,-0.6455193220479277,0.3984248898636355,0.0542068481445312,0.05420684814453125
2007-11-12,20.989999771118164,21.0,20.31999969482422,21.0,14.228643417358398,-0.797443100676895,4.166698957349557,0.5691499710083008,0.5691499710083008
2007-11-13,21.0,21.0,21.0,21.0,14.228643417358398,-0.8354240453341367,0.0,0.0,0.0
2007-11-14,20.809999465942383,20.809999465942383,20.809999465942383,20.809999465942383,14.099907875061035,-0.7847827857911476,-0.9047632899444992,-0.1287355422973632,-0.12873554229736328
2007-11-15,21.0,21.0,20.309999465942383,20.40999984741211,13.828886985778809,-0.7594621560196531,-1.9221465252378669,-0.2710208892822265,-0.27102088928222656
2007-11-16,20.0,20.0,20.0,20.0,13.551088333129885,-0.8227637304483895,-2.0088287143759542,-0.277798652648924,-0.277798652648924
2007-11-19,20.0,20.0,20.0,20.0,13.551088333129885,-0.7594621560196531,0.0,0.0,0.0
2007-11-20,20.0,20.0,20.0,20.0,13.551088333129885,-0.8354240453341367,0.0,0.0,0.0
2007-11-21,20.5,20.5,20.5,20.5,13.88986587524414,-0.7847827857911476,2.500002463167528,0.338777542114256,0.33877754211425604
2007-11-23,20.0,20.0,20.0,20.0,13.551088333129885,-0.8101034155626422,-2.439026734722172,-0.338777542114256,-0.33877754211425604
2007-11-26,19.989999771118164,20.0,19.56999969482422,19.56999969482422,13.259743690490724,-0.7847827857911476,-2.149972278808609,-0.2913446426391601,-0.29134464263916016
2007-11-27,19.440000534057617,19.440000534057617,19.39999961853028,19.39999961853028,13.144554138183594,-0.8101034155626422,-0.8687162813692972,-0.1151895523071306,-0.11518955230713068
2007-11-28,20.93000030517578,20.950000762939453,20.93000030517578,20.950000762939453,14.194761276245115,-0.6961605815909168,7.989674864747043,1.0502071380615217,1.0502071380615217
2007-11-29,20.89999961853028,20.89999961853028,19.68000030517578,19.68000030517578,13.334268569946287,-0.797443100676895,-6.06204422570219,-0.8604927062988281,-0.8604927062988281
2007-11-30,19.5,19.5,19.5,19.5,13.212312698364258,-0.5695574327334441,-0.914604883967185,-0.1219558715820294,-0.12195587158202947
2007-12-03,19.479999542236328,19.479999542236328,19.479999542236328,19.479999542236328,13.198760032653809,-0.8101034155626422,-0.1025760290409016,-0.0135526657104492,-0.013552665710449219
2007-12-04,20.920000076293945,20.920000076293945,20.920000076293945,20.920000076293945,14.174436569213867,-0.8101034155626422,7.392183312267431,0.9756765365600586,0.9756765365600586
2007-12-05,20.14999961853028,20.14999961853028,19.479999542236328,20.030000686645508,13.571413040161133,-0.6708399518194222,-4.254303344673815,-0.6030235290527344,-0.6030235290527344
2007-12-06,19.5,19.5,19.0,19.5,13.212312698364258,-0.6455193220479277,-2.6460055466163257,-0.359100341796875,-0.359100341796875
2007-12-07,19.5,19.5,19.5,19.5,13.212312698364258,-0.8354240453341367,0.0,0.0,0.0
2007-12-10,19.549999237060547,19.549999237060547,19.51000022888184,19.51000022888184,13.219087600708008,-0.7594621560196531,0.0512771874116246,0.00677490234375,0.00677490234375
2007-12-11,20.0,20.0,19.96999931335449,19.96999931335449,13.53076171875,-0.7341415262481585,2.3577581710351847,0.3116741180419922,0.3116741180419922
2007-12-12,19.559999465942383,19.56999969482422,19.25,19.56999969482422,13.259743690490724,-0.6075383773906858,-2.002976875157869,-0.2710180282592755,-0.27101802825927557
2007-12-13,19.8700008392334,19.88999938964844,19.8700008392334,19.88999938964844,13.476557731628418,-0.7847827857911476,1.6351299557410215,0.2168140411376935,0.21681404113769354
2007-12-14,19.88999938964844,19.88999938964844,19.88999938964844,19.88999938964844,13.476557731628418,-0.8354240453341367,0.0,0.0,0.0
2007-12-17,19.5,19.5,19.0,19.0,12.873533248901367,-0.6328590071621804,-4.474618034780498,-0.6030244827270508,-0.6030244827270508
2007-12-18,19.799999237060547,19.799999237060547,18.979999542236328,18.979999542236328,12.859984397888184,-0.658179636933675,-0.1052457841310916,-0.0135488510131835,-0.013548851013183594
2007-12-19,19.350000381469727,19.350000381469727,19.350000381469727,19.350000381469727,13.110676765441896,-0.7847827857911476,1.9493986912991976,0.2506923675537127,0.2506923675537127
2007-12-20,18.979999542236328,18.979999542236328,17.639999389648438,18.350000381469727,12.433125495910645,-0.5442368029619495,-5.16793512381597,-0.6775512695312518,-0.6775512695312518
2007-12-21,18.5,18.5,18.5,18.5,12.534760475158691,-0.7721224709054003,0.8174531760455128,0.1016349792480468,0.10163497924804688
2007-12-24,18.600000381469727,18.700000762939453,18.5,18.5,12.534760475158691,-0.658179636933675,0.0,0.0,0.0
2007-12-26,18.5,20.190000534057617,18.5,19.75,13.381702423095703,-0.6455193220479277,6.756746166913019,0.8469419479370117,0.8469419479370117
2007-12-27,19.75,19.75,19.75,19.75,13.381702423095703,-0.8354240453341367,0.0,0.0,0.0
2007-12-28,19.700000762939453,19.700000762939453,19.200000762939453,19.200000762939453,13.009041786193848,-0.7468018411339058,-2.7848522192413627,-0.3726606369018554,-0.37266063690185547
2007-12-31,19.049999237060547,19.5,19.0,19.5,13.212312698364258,-0.7721224709054003,1.562535623385708,0.2032709121704101,0.20327091217041016
2008-01-02,20.25,20.25,18.989999771118164,19.059999465942383,12.91418743133545,-0.7594621560196531,-2.256420006360571,-0.2981252670288086,-0.2981252670288086
2008-01-03,19.059999465942383,19.059999465942383,19.059999465942383,19.059999465942383,12.91418743133545,-0.8354240453341367,0.0,0.0,0.0
2008-01-04,19.0,19.0,19.0,19.0,12.873533248901367,-0.8101034155626422,-0.3148024809941807,-0.040654182434082,-0.04065418243408203
2008-01-07,19.0,19.0,19.0,19.0,12.873533248901367,-0.8101034155626422,0.0,0.0,0.0
2008-01-08,19.049999237060547,19.049999237060547,18.64999961853028,18.920000076293945,12.81933307647705,-0.5822177476191913,-0.4210201766398636,-0.0542001724243164,-0.054200172424316406
2008-01-09,19.25,19.440000534057617,19.0,19.0,12.873533248901367,-0.658179636933675,0.4228002510034745,0.0542001724243164,0.054200172424316406
2008-01-10,18.75,18.89999961853028,18.75,18.89999961853028,12.805778503417969,-0.4176336541044768,-0.5263104089095361,-0.0677547454833984,-0.06775474548339844
2008-01-11,18.75,18.75,18.75,18.75,12.704147338867188,-0.7847827857911476,-0.7936351899547112,-0.1016311645507812,-0.10163116455078125
2008-01-14,18.26000022888184,19.100000381469727,18.26000022888184,18.440000534057617,12.494102478027344,-0.3543320796757405,-1.6533566184109838,-0.2100448608398437,-0.21004486083984375
2008-01-15,19.09000015258789,19.09000015258789,19.0,19.0,12.873533248901367,-0.7847827857911476,3.03687897182936,0.3794307708740234,0.37943077087402344
2008-01-16,18.989999771118164,19.0,18.989999771118164,19.0,12.873533248901367,-0.7468018411339058,0.0,0.0,0.0
2008-01-17,18.809999465942383,18.89999961853028,18.809999465942383,18.81999969482422,12.751571655273438,-0.5315764880762023,-0.9473824417110864,-0.1219615936279296,-0.12196159362792969
2008-01-18,18.86000061035156,18.86000061035156,18.76000022888184,18.76000022888184,12.710920333862305,-0.7847827857911476,-0.3187945965415273,-0.0406513214111328,-0.04065132141113281
2008-01-22,18.920000076293945,18.979999542236328,18.920000076293945,18.979999542236328,12.859984397888184,-0.797443100676895,1.172724398474645,0.1490640640258789,0.1490640640258789
2008-01-23,18.989999771118164,18.989999771118164,18.75,18.75,12.704147338867188,-0.6961605815909168,-1.2117981966337954,-0.1558370590209961,-0.1558370590209961
2008-01-24,18.88999938964844,18.88999938964844,18.88999938964844,18.88999938964844,12.799005508422852,-0.8227637304483895,0.7466708864864557,0.094858169555664,0.09485816955566406
2008-01-25,18.75,18.75,18.75,18.75,12.704147338867188,-0.708820896476664,-0.7411370320392408,-0.094858169555664,-0.09485816955566406
2008-01-28,18.700000762939453,18.75,18.700000762939453,18.75,12.704147338867188,-0.7721224709054003,0.0,0.0,0.0
2008-01-29,18.76000022888184,18.799999237060547,18.549999237060547,18.549999237060547,12.568633079528809,-0.5315764880762023,-1.0666930705674815,-0.1355142593383789,-0.1355142593383789
2008-01-30,18.549999237060547,18.88999938964844,18.5,18.5,12.719901084899902,-0.5568971178476968,1.2035358532143992,0.1512680053710937,0.15126800537109375
2008-01-31,18.5,18.5,18.5,18.5,12.719901084899902,-0.8354240453341367,0.0,0.0,0.0
2008-02-01,18.5,18.5,18.5,18.5,12.719901084899902,-0.8354240453341367,0.0,0.0,0.0
2008-02-04,18.989999771118164,19.31999969482422,18.5,18.5,12.719901084899902,-0.4682749136474659,0.0,0.0,0.0
2008-02-05,18.5,18.850000381469727,18.5,18.850000381469727,12.960546493530272,-0.6455193220479277,1.8918811319692088,0.2406454086303693,0.24064540863036932
2008-02-06,18.530000686645508,18.530000686645508,18.5,18.5,12.719901084899902,-0.797443100676895,-1.8567535616688449,-0.2406454086303693,-0.24064540863036932
2008-02-07,18.5,18.5,18.5,18.5,12.719901084899902,-0.8354240453341367,0.0,0.0,0.0
2008-02-08,18.5,18.5,18.5,18.5,12.719901084899902,-0.7468018411339058,0.0,0.0,0.0
2008-02-11,19.0,19.0,19.0,19.0,13.063679695129396,-0.518916173190455,2.702683047100129,0.3437786102294939,0.34377861022949396
2008-02-12,19.450000762939453,20.0,19.450000762939453,20.0,13.751242637634276,-0.708820896476664,5.263164426491773,0.6875629425048793,0.6875629425048793
2008-02-13,20.0,20.0,20.0,20.0,13.751242637634276,-0.8354240453341367,0.0,0.0,0.0
2008-02-14,19.5,20.36000061035156,19.11000061035156,19.11000061035156,13.139311790466309,-0.379652709447235,-4.450003998134977,-0.611930847167967,-0.611930847167967
2008-02-15,20.1299991607666,20.1299991607666,19.209999084472656,19.209999084472656,13.208067893981934,-0.7721224709054003,0.5232854247778196,0.068756103515625,0.068756103515625
2008-02-19,20.0,20.489999771118164,20.0,20.25,13.923130989074709,-0.5822177476191913,5.413835701273029,0.7150630950927752,0.7150630950927752
2008-02-20,20.25,20.25,20.25,20.25,13.923130989074709,-0.8354240453341367,0.0,0.0,0.0
2008-02-21,19.290000915527344,19.290000915527344,19.290000915527344,19.290000915527344,13.263075828552246,-0.8101034155626422,-4.74070926317075,-0.6600551605224627,-0.6600551605224627
2008-02-22,19.290000915527344,19.290000915527344,19.290000915527344,19.290000915527344,13.263075828552246,-0.8354240453341367,0.0,0.0,0.0
2008-02-25,20.100000381469727,20.100000381469727,20.100000381469727,20.100000381469727,13.819994926452637,-0.7721224709054003,4.199019180011598,0.5569190979003906,0.5569190979003906
2008-02-26,20.100000381469727,20.950000762939453,20.100000381469727,20.950000762939453,14.404427528381348,-0.7721224709054003,4.228891580922789,0.5844326019287109,0.5844326019287109
2008-02-27,20.950000762939453,20.950000762939453,20.950000762939453,20.950000762939453,14.404427528381348,-0.8354240453341367,0.0,0.0,0.0
2008-02-28,20.950000762939453,20.950000762939453,20.950000762939453,20.950000762939453,14.404427528381348,-0.8354240453341367,0.0,0.0,0.0
2008-02-29,20.950000762939453,20.950000762939453,20.950000762939453,20.950000762939453,14.404427528381348,-0.8354240453341367,0.0,0.0,0.0
2008-03-03,20.950000762939453,20.950000762939453,20.950000762939453,20.950000762939453,14.404427528381348,-0.8354240453341367,0.0,0.0,0.0
2008-03-04,20.0,20.0,20.0,20.0,13.751242637634276,-0.8227637304483895,-4.534611941086086,-0.6531848907470721,-0.6531848907470721
2008-03-05,19.780000686645508,19.780000686645508,19.780000686645508,19.780000686645508,13.599979400634766,-0.8101034155626422,-1.099996858360519,-0.1512632369995099,-0.15126323699950994
2008-03-06,20.0,20.0,19.5,19.5,13.407461166381836,-0.7214812113624113,-1.415577395977119,-0.1925182342529297,-0.1925182342529297
2008-03-07,19.040000915527344,19.040000915527344,19.040000915527344,19.040000915527344,13.091182708740234,-0.8101034155626422,-2.358973512708318,-0.3162784576416015,-0.31627845764160156
2008-03-10,19.989999771118164,20.0,19.989999771118164,20.0,13.751242637634276,-0.7214812113624113,5.0420190717631375,0.6600599288940412,0.6600599288940412
2008-03-11,19.5,19.5,19.5,19.5,13.407461166381836,-0.8227637304483895,-2.500002947454228,-0.3437814712524396,-0.34378147125243963
2008-03-12,19.5,19.5,19.5,19.5,13.407461166381836,-0.797443100676895,0.0,0.0,0.0
2008-03-13,19.600000381469727,19.75,19.600000381469727,19.75,13.579352378845217,-0.708820896476664,1.2820563888291223,0.1718912124633806,0.17189121246338068
2008-03-14,19.75,19.75,19.75,19.75,13.579352378845217,-0.8354240453341367,0.0,0.0,0.0
2008-03-17,19.75,19.75,19.75,19.75,13.579352378845217,-0.8354240453341367,0.0,0.0,0.0
2008-03-18,19.75,19.75,19.75,19.75,13.579352378845217,-0.8354240453341367,0.0,0.0,0.0
2008-03-19,19.989999771118164,19.989999771118164,19.989999771118164,19.989999771118164,13.744365692138672,-0.8101034155626422,1.2151780783781874,0.1650133132934552,0.16501331329345525
2008-03-20,20.0,20.0,20.0,20.0,13.751242637634276,-0.5315764880762023,0.0500346516502991,0.0068769454956036,0.006876945495603692
2008-03-24,20.0,20.0,20.0,20.0,13.751242637634276,-0.8354240453341367,0.0,0.0,0.0
2008-03-25,20.0,20.0,20.0,20.0,13.751242637634276,-0.6961605815909168,0.0,0.0,0.0
2008-03-26,20.0,20.0,20.0,20.0,13.751242637634276,-0.8354240453341367,0.0,0.0,0.0
2008-03-27,20.0,20.100000381469727,20.0,20.100000381469727,13.819994926452637,-0.050484522417806,0.499971461707771,0.0687522888183611,0.06875228881836115
2008-03-28,20.030000686645508,20.030000686645508,19.75,19.75,13.579352378845217,-0.6708399518194222,-1.7412636465358622,-0.2406425476074201,-0.2406425476074201
2008-03-31,19.75,19.75,19.75,19.75,13.579352378845217,-0.8354240453341367,0.0,0.0,0.0
2008-04-01,20.0,20.0,20.0,20.0,13.751242637634276,-0.7721224709054003,1.265820740146939,0.1718902587890589,0.17189025878905895
2008-04-02,20.0,21.270000457763672,20.0,20.40999984741211,14.033143997192385,-0.6708399518194222,2.0500064393206507,0.281901359558109,0.281901359558109
2008-04-03,20.0,20.0,20.0,20.0,13.751242637634276,-0.7721224709054003,-2.008825389481572,-0.281901359558109,-0.281901359558109
2008-04-04,20.0,20.0,20.0,20.0,13.751242637634276,-0.7721224709054003,0.0,0.0,0.0
2008-04-07,20.0,20.0,20.0,20.0,13.751242637634276,-0.797443100676895,0.0,0.0,0.0
2008-04-08,20.0,20.0,20.0,20.0,13.751242637634276,-0.8101034155626422,0.0,0.0,0.0
2008-04-09,21.0,21.0,19.530000686645508,20.739999771118164,14.260035514831545,-0.7341415262481585,3.699977453708869,0.5087928771972692,0.5087928771972692
2008-04-10,20.25,20.25,20.25,20.25,13.923130989074709,-0.7721224709054003,-2.3625784480440397,-0.3369045257568359,-0.33690452575683594
2008-04-11,20.25,20.25,20.25,20.25,13.923130989074709,-0.7721224709054003,0.0,0.0,0.0
2008-04-14,19.59000015258789,19.600000381469727,19.59000015258789,19.600000381469727,13.476219177246094,-0.8101034155626422,-3.209851377389905,-0.446911811828615,-0.44691181182861506
2008-04-15,19.059999465942383,21.18000030517578,19.059999465942383,21.18000030517578,14.5625638961792,-0.2657098754755096,8.061198060412543,1.0863447189331057,1.0863447189331055
2008-04-16,21.21999931335449,21.239999771118164,19.1299991607666,20.950000762939453,14.404427528381348,-0.6961605815909168,-1.0859102073319749,-0.1581363677978515,-0.15813636779785156
2008-04-17,19.239999771118164,19.559999465942383,19.239999771118164,19.559999465942383,13.448707580566406,-0.7847827857911476,-6.634904066349501,-0.9557199478149414,-0.9557199478149414
2008-04-18,20.200000762939453,20.200000762939453,20.200000762939453,20.200000762939453,13.888751983642578,-0.8227637304483895,3.272020009655363,0.4400444030761719,0.4400444030761719
2008-04-21,20.0,21.25,20.0,20.0,13.751242637634276,-0.6708399518194222,-0.9900770506252377,-0.1375093460083025,-0.13750934600830256
2008-04-22,20.049999237060547,20.75,20.049999237060547,20.5,14.095022201538086,-0.7214812113624113,2.499989077081355,0.3437795639038103,0.34377956390381037
2008-04-23,20.5,20.5,20.5,20.5,14.095022201538086,-0.7721224709054003,0.0,0.0,0.0
2008-04-24,20.5,20.5,20.0,20.0,13.751242637634276,-0.3416717647899932,-2.439013993651573,-0.3437795639038103,-0.34377956390381037
2008-04-25,20.0,20.0,20.0,20.0,13.751242637634276,-0.7214812113624113,0.0,0.0,0.0
2008-04-28,20.040000915527344,20.75,20.040000915527344,20.75,14.26691436767578,-0.4302939689902241,3.750000953588129,0.5156717300415039,0.5156717300415039
2008-04-29,20.75,20.75,20.75,20.75,14.462064743041992,-0.8354240453341367,1.3678527138871743,0.1951503753662127,0.1951503753662127
2008-04-30,20.75,20.75,20.75,20.75,14.462064743041992,-0.8354240453341367,0.0,0.0,0.0
2008-05-01,21.0,21.0,20.479999542236328,20.549999237060547,14.322669982910156,-0.5062558583047078,-0.9638648602987464,-0.1393947601318359,-0.13939476013183594
2008-05-02,19.86000061035156,19.89999961853028,19.0,19.729999542236328,13.751160621643066,0.0001567371251829,-3.9902431735773902,-0.5715093612670898,-0.5715093612670898
2008-05-05,20.989999771118164,21.0,19.6299991607666,20.059999465942383,13.981158256530762,-0.3923130243329823,1.6725688922991644,0.2299976348876953,0.2299976348876953
2008-05-06,20.239999771118164,20.239999771118164,20.209999084472656,20.239999771118164,14.10660457611084,-0.7341415262481585,0.8972526973684891,0.1254463195800781,0.12544631958007812
2008-05-07,20.0,20.239999771118164,20.0,20.239999771118164,14.10660457611084,-0.7214812113624113,0.0,0.0,0.0
2008-05-08,20.0,20.0,20.0,20.0,13.939342498779297,-0.5568971178476968,-1.1857004740516874,-0.1672620773315429,-0.16726207733154297
2008-05-09,20.0,20.0,20.0,20.0,13.939342498779297,-0.797443100676895,0.0,0.0,0.0
2008-05-12,20.0,20.0,19.46999931335449,19.5,13.590853691101074,-0.4302939689902241,-2.500037628810259,-0.3484888076782226,-0.34848880767822266
2008-05-13,19.5,19.5,19.5,19.5,13.590853691101074,-0.7721224709054003,0.0,0.0,0.0
2008-05-14,19.5,19.5,19.5,19.5,13.590853691101074,-0.8354240453341367,0.0,0.0,0.0
2008-05-15,19.5,19.5,19.1200008392334,19.1200008392334,13.326009750366213,-0.6835002667051695,-1.94869245710646,-0.2648439407348615,-0.2648439407348615
2008-05-16,19.5,19.5,19.5,19.5,13.590853691101074,-0.6455193220479277,1.9874211838062368,0.2648439407348615,0.2648439407348615
2008-05-19,19.049999237060547,19.5,19.040000915527344,19.39999961853028,13.521158218383787,-0.6075383773906858,-0.5128115885974283,-0.0696954727172869,-0.06969547271728693
2008-05-20,19.46999931335449,19.84000015258789,19.46999931335449,19.690000534057617,13.72327995300293,-0.5948780625049386,1.4948551844052194,0.2021217346191424,0.2021217346191424
2008-05-21,19.5,19.5,19.5,19.5,13.590853691101074,-0.7594621560196531,-0.9649753000402606,-0.1324262619018554,-0.13242626190185547
2008-05-22,19.5,19.5,19.5,19.5,13.590853691101074,-0.8354240453341367,0.0,0.0,0.0
2008-05-23,19.5,19.5,19.5,19.5,13.590853691101074,-0.8354240453341367,0.0,0.0,0.0
2008-05-27,19.5,19.5,19.5,19.5,13.590853691101074,-0.8101034155626422,0.0,0.0,0.0
2008-05-28,19.5,19.5,19.5,19.5,13.590853691101074,-0.7847827857911476,0.0,0.0,0.0
2008-05-29,19.989999771118164,20.270000457763672,19.88999938964844,20.270000457763672,14.127518653869627,0.2786836646116228,3.948721507611741,0.5366649627685529,0.5366649627685529
2008-05-30,20.489999771118164,22.940000534057617,20.489999771118164,22.0,15.333270072937012,0.4812487027835792,8.53477138207226,1.2057514190673846,1.2057514190673846
2008-06-02,21.1200008392334,21.1200008392334,21.049999237060547,21.049999237060547,14.671150207519531,-0.6455193220479277,-4.318190850796477,-0.6621198654174805,-0.6621198654174805
2008-06-03,20.780000686645508,20.780000686645508,20.5,20.5,14.287823677062988,-0.6201986922764331,-2.6127912606339065,-0.3833265304565429,-0.38332653045654297
2008-06-04,20.01000022888184,21.0,20.01000022888184,21.0,14.636306762695312,-0.5442368029619495,2.4390214598726034,0.3484830856323242,0.3484830856323242
2008-06-05,21.0,21.0,21.0,21.0,14.636306762695312,-0.708820896476664,0.0,0.0,0.0
2008-06-06,21.0,21.25,20.25,20.25,14.11357879638672,-0.6455193220479277,-3.5714471880359144,-0.522727966308592,-0.522727966308592
2008-06-09,20.63999938964844,21.59000015258789,20.07999992370605,20.920000076293945,14.58054542541504,-0.5442368029619495,3.308633733265931,0.4669666290283203,0.4669666290283203
2008-06-10,21.239999771118164,21.479999542236328,20.25,20.420000076293945,14.232064247131348,-0.3923130243329823,-2.390042128851111,-0.3484811782836932,-0.3484811782836932
2008-06-11,20.420000076293945,20.420000076293945,20.420000076293945,20.420000076293945,14.232064247131348,-0.8354240453341367,0.0,0.0,0.0
2008-06-12,20.90999984741211,21.38999938964844,20.15999984741211,21.21999931335449,14.789634704589844,-0.658179636933675,3.917706158267809,0.5575704574584961,0.5575704574584961
2008-06-13,21.100000381469727,21.299999237060547,20.799999237060547,21.25,14.810545921325684,-0.5442368029619495,0.1413910292818121,0.0209112167358398,0.020911216735839844
2008-06-16,21.299999237060547,22.0,20.26000022888184,21.88999938964844,15.25660514831543,0.0634583115539193,3.011767623956829,0.4460592269897461,0.4460592269897461
2008-06-17,22.190000534057617,22.25,21.51000022888184,21.75,15.159034729003906,-0.5315764880762023,-0.6395290325927894,-0.0975704193115234,-0.09757041931152344
2008-06-18,21.75,22.489999771118164,21.709999084472656,21.709999084472656,15.131149291992188,-0.518916173190455,-0.1839525900575012,-0.0278854370117187,-0.02788543701171875
2008-06-19,22.1299991607666,22.239999771118164,21.5,22.239999771118164,15.5005464553833,-0.7847827857911476,2.441302747482688,0.3693971633911133,0.3693971633911133
2008-06-20,22.25,22.25,21.540000915527344,21.96999931335449,15.312362670898438,-0.5948780625049386,-1.2140461307382333,-0.1881837844848632,-0.18818378448486328
2008-06-23,22.86000061035156,22.86000061035156,21.600000381469727,22.030000686645508,15.354188919067385,-0.5822177476191913,0.2731534582082418,0.041826248168947,0.04182624816894709
2008-06-24,22.46999931335449,22.5,21.559999465942383,22.170000076293945,15.451760292053224,-0.2403892457040151,0.635470707701602,0.0975713729858398,0.09757137298583984
2008-06-25,22.0,22.5,21.0,21.0,14.636306762695312,0.1520805157541502,-5.277415090223059,-0.8154535293579119,-0.8154535293579119
2008-06-26,21.75,22.5,20.88999938964844,20.88999938964844,14.559640884399414,0.0254773668966775,-0.5238061728201959,-0.0766658782958984,-0.07666587829589844
2008-06-30,20.209999084472656,20.209999084472656,15.119999885559082,16.729999542236328,11.660255432128906,5.849222214340421,-19.913852788616417,-2.899385452270508,-2.899385452270508
2008-07-01,16.959999084472656,17.219999313354492,15.949999809265137,16.8799991607666,11.764799118041992,2.987991050161538,0.8965814387309479,0.1045436859130859,0.10454368591308594
2008-07-02,16.729999542236328,17.479999542236328,16.5,16.510000228881836,11.506924629211426,2.646162548246362,-2.191915784053644,-0.2578744888305664,-0.2578744888305664
2008-07-03,16.6299991607666,17.219999313354492,16.6299991607666,16.799999237060547,11.7090482711792,0.5951915367553046,1.7565392012272696,0.2021236419677734,0.20212364196777344
2008-07-07,16.649999618530273,17.049999237060547,15.75,15.800000190734863,11.012078285217283,1.54471515318635,-5.952405095787727,-0.6969699859619158,-0.6969699859619158
2008-07-08,15.800000190734863,18.38999938964844,15.800000190734863,17.8700008392334,12.454797744750977,3.988155926135573,13.101245942561214,1.4427194595336932,1.4427194595336932
2008-07-09,16.290000915527344,18.21999931335449,16.290000915527344,16.8799991607666,11.764799118041992,1.3801310596716354,-5.540022735413597,-0.6899986267089844,-0.6899986267089844
2008-07-10,16.540000915527344,17.950000762939453,15.779999732971191,15.779999732971191,10.998138427734377,1.418112004328877,-6.516564223624499,-0.7666606903076154,-0.7666606903076154
2008-07-11,15.699999809265137,16.700000762939453,15.600000381469728,16.700000762939453,11.639348030090332,0.3926264985833483,5.8301648644373705,0.6412096023559553,0.6412096023559553
2008-07-14,16.799999237060547,17.790000915527344,16.670000076293945,17.040000915527344,11.87631893157959,2.063788063501988,2.0359465227488327,0.2369709014892578,0.2369709014892578
2008-07-15,16.790000915527344,18.31999969482422,16.0,16.280000686645508,11.346622467041016,3.874213092163847,-4.460106431885147,-0.5296964645385742,-0.5296964645385742
2008-07-16,16.280000686645508,19.170000076293945,16.200000762939453,18.979999542236328,13.228433609008787,2.038467433730493,16.584769145478685,1.881811141967772,1.8818111419677717
2008-07-17,18.950000762939453,19.14999961853028,17.1299991607666,18.6200008392334,12.97752571105957,0.190061460411392,-1.8967317323068775,-0.250907897949217,-0.250907897949217
2008-07-18,19.229999542236328,19.3799991607666,18.3799991607666,19.190000534057617,13.374795913696287,0.6331724814125463,3.0612168411899843,0.397270202636717,0.397270202636717
2008-07-21,18.51000022888184,18.51000022888184,17.610000610351562,17.969999313354492,12.524496078491213,-0.4429542838759714,-6.357478952888817,-0.8502998352050746,-0.8502998352050746
2008-07-22,20.239999771118164,21.75,17.510000228881836,20.07999992370605,13.995091438293455,0.8230772046987554,11.741752726704524,1.4705953598022423,1.4705953598022425
2008-07-23,19.68000030517578,24.020000457763672,19.479999542236328,23.1299991607666,16.1208553314209,2.8107466417610767,15.189353370789105,2.125763893127443,2.125763893127443
2008-07-24,23.489999771118164,24.5,22.81999969482422,23.8700008392334,16.636594772338867,1.937184914644515,3.1992064336235915,0.5157394409179688,0.5157394409179688
2008-07-25,24.0,25.46999931335449,23.940000534057617,25.46999931335449,17.751747131347656,1.3421501150143935,6.703008483820971,1.115152359008789,1.115152359008789
2008-07-28,24.71999931335449,24.71999931335449,23.229999542236328,23.229999542236328,16.19053840637207,-0.3669923945614878,-8.794676453106188,-1.561208724975586,-1.561208724975586
2008-07-29,22.770000457763672,25.350000381469727,22.770000457763672,25.350000381469727,17.668113708496094,0.5825312218695573,9.126165325931956,1.4775753021240234,1.4775753021240234
2008-07-30,20.25,25.5,20.25,22.690000534057617,15.990814208984377,0.4685883878978319,-9.493370527183965,-1.677299499511717,-1.677299499511717
2008-07-31,22.0,24.75,22.0,23.1200008392334,16.29384994506836,0.2660233497258756,1.8950613278573505,0.3030357360839826,0.3030357360839826
2008-08-01,22.65999984741211,23.170000076293945,20.11000061035156,23.170000076293945,16.329084396362305,-0.4809352285332132,0.2162438675496147,0.0352344512939453,0.03523445129394531
2008-08-04,20.600000381469727,21.5,19.100000381469727,19.489999771118164,13.735600471496582,2.127089637930724,-15.882604694256363,-2.5934839248657227,-2.5934839248657227
2008-08-05,19.96999931335449,21.5,19.959999084472656,21.420000076293945,15.095769882202148,-0.4556145987617186,9.902511459387007,1.3601694107055664,1.3601694107055664
2008-08-06,21.46999931335449,23.959999084472656,20.709999084472656,22.200000762939453,15.645479202270508,0.2533630348401283,3.64147919819886,0.5497093200683594,0.5497093200683594
2008-08-07,20.040000915527344,23.739999771118164,20.040000915527344,21.1299991607666,14.89139175415039,0.4939090176693264,-4.8198424501480375,-0.7540874481201172,-0.7540874481201172
2008-08-08,23.239999771118164,23.239999771118164,20.51000022888184,20.76000022888184,14.63063621520996,0.6838137409555355,-1.7510488156203152,-0.2607555389404314,-0.26075553894043146
2008-08-11,23.270000457763672,23.270000457763672,20.290000915527344,21.90999984741211,15.441096305847168,0.4052868134690955,5.539472642991816,0.8104600906372088,0.8104600906372088
2008-08-12,20.56999969482422,23.989999771118164,20.56999969482422,23.89999961853028,16.843549728393555,-0.0378242075320588,9.082602651829276,1.4024534225463867,1.4024534225463867
2008-08-13,23.979999542236328,24.979999542236328,20.770000457763672,24.84000015258789,17.506011962890625,0.4812487027835792,3.933032200334496,0.6624622344970703,0.6624622344970703
2008-08-14,25.0,27.5,24.14999961853028,25.6299991607666,18.062768936157227,1.1649057066139317,3.180375830010962,0.5567569732666016,0.5567569732666016
2008-08-15,26.5,26.5,23.030000686645508,24.8799991607666,17.53420639038086,0.9116994088989864,-2.926254261705774,-0.5285625457763672,-0.5285625457763672
2008-08-18,24.90999984741211,25.200000762939453,24.479999542236328,25.020000457763672,17.632871627807617,-0.2024083010467733,0.5627014717979106,0.0986652374267578,0.09866523742675781
2008-08-19,24.280000686645508,24.89999961853028,23.6299991607666,24.5,17.266401290893555,-0.3416717647899932,-2.0783361023063662,-0.3664703369140625,-0.3664703369140625
2008-08-20,23.780000686645508,24.489999771118164,23.780000686645508,24.489999771118164,17.259353637695312,-0.5948780625049386,-0.0408171516432798,-0.0070476531982421,-0.0070476531982421875
2008-08-21,23.3799991607666,24.5,23.3799991607666,24.489999771118164,17.259353637695312,-0.5948780625049386,0.0,0.0,0.0
2008-08-22,23.3799991607666,24.5,23.34000015258789,24.5,17.266401290893555,-0.4049733392187296,0.0408338188450541,0.0070476531982421,0.0070476531982421875
2008-08-25,24.5,24.5,22.75,22.75,16.033090591430664,-0.5062558583047078,-7.142835838718453,-1.2333106994628906,-1.2333106994628906
2008-08-26,22.709999084472656,23.5,22.290000915527344,23.5,16.56165313720703,-0.4682749136474659,3.296697806091564,0.5285625457763672,0.5285625457763672
2008-08-27,23.01000022888184,23.13999938964844,21.61000061035156,22.96999931335449,16.188135147094727,0.4179471283548428,-2.2553182766107294,-0.3735179901123047,-0.3735179901123047
2008-08-28,23.940000534057617,24.25,23.940000534057617,24.25,17.09021759033203,-0.2910305052470042,5.5724914268411085,0.9020824432373048,0.9020824432373047
2008-08-29,23.43000030517578,23.43000030517578,22.959999084472656,22.959999084472656,16.18108558654785,-0.6961605815909168,-5.319604615791884,-0.9091320037841796,-0.9091320037841797
2008-09-02,24.309999465942383,24.309999465942383,21.040000915527344,21.479999542236328,15.13805866241455,0.0001567371251829,-6.445963829524648,-1.0430269241333008,-1.0430269241333008
2008-09-03,21.81999969482422,24.290000915527344,21.040000915527344,22.06999969482422,15.553853034973145,1.367470744785888,2.746682265084277,0.4157943725585937,0.41579437255859375
2008-09-04,21.270000457763672,21.850000381469727,21.020000457763672,21.36000061035156,15.053485870361328,-0.2277289308182678,-3.216998151433803,-0.5003671646118164,-0.5003671646118164
2008-09-05,21.39999961853028,23.06999969482422,21.39999961853028,22.530000686645508,15.878044128417969,-0.5442368029619495,5.477523712166277,0.8245582580566406,0.8245582580566406
2008-09-08,23.540000915527344,23.76000022888184,22.920000076293945,23.290000915527344,16.41365623474121,0.1520805157541502,3.3732876794606126,0.5356121063232422,0.5356121063232422
2008-09-09,23.989999771118164,24.479999542236328,23.270000457763672,23.270000457763672,16.39955711364746,-0.2277289308182678,-0.0858987229421015,-0.01409912109375,-0.01409912109375
2008-09-10,24.489999771118164,25.0,23.770000457763672,24.739999771118164,17.435546875,1.0129819279849643,6.317181337113098,1.035989761352539,1.035989761352539
2008-09-11,24.75,24.979999542236328,23.26000022888184,24.71999931335449,17.421449661254883,-0.0251638926463115,-0.0808532926795169,-0.0140972137451171,-0.014097213745117188
2008-09-12,24.989999771118164,25.100000381469727,22.440000534057617,22.440000534057617,15.814617156982422,0.3546455539261064,-9.223299642199343,-1.606832504272461,-1.606832504272461
2008-09-15,22.86000061035156,22.979999542236328,21.71999931335449,21.959999084472656,15.476329803466797,-0.2530495605897623,-2.139080258204451,-0.338287353515625,-0.338287353515625
2008-09-16,21.51000022888184,23.239999771118164,21.51000022888184,23.239999771118164,16.37841796875,0.4559280730120846,5.828824900598395,0.9020881652832032,0.9020881652832031
2008-09-17,24.32999992370605,24.989999771118164,22.450000762939453,24.790000915527344,17.47077751159668,0.3040042943831174,6.669505839519418,1.0923595428466797,1.0923595428466797
2008-09-22,25.770000457763672,27.950000762939453,25.770000457763672,27.950000762939453,19.697792053222656,0.6458327962982936,12.747083180171792,2.227014541625977,2.2270145416259766
2008-09-23,27.950000762939453,27.950000762939453,25.51000022888184,26.89999961853028,18.95780372619629,0.0761186264396665,-3.756706970136292,-0.7399883270263672,-0.7399883270263672
2008-09-24,26.89999961853028,27.940000534057617,25.0,26.709999084472656,18.82390594482422,0.4179471283548428,-0.7062937421756676,-0.1338977813720703,-0.1338977813720703
2008-09-25,26.75,28.0,25.71999931335449,27.46999931335449,19.359514236450195,0.4939090176693264,2.8453621325772005,0.5356082916259766,0.5356082916259766
2008-09-26,28.0,28.0,25.86000061035156,28.0,19.73303604125977,1.12692476195669,1.92939657600657,0.3735218048095738,0.37352180480957387
2008-09-29,28.0,29.489999771118164,25.3799991607666,25.3799991607666,17.886577606201172,0.3673058688118537,-9.357193850950464,-1.8464584350585973,-1.8464584350585973
2008-09-30,25.96999931335449,27.0,25.0,25.950000762939453,18.28828811645508,1.0636231875279536,2.245876875376318,0.4017105102539098,0.4017105102539098
2008-10-01,25.0,25.96999931335449,24.920000076293945,24.920000076293945,17.56239891052246,0.2280424050686338,-3.969147912097326,-0.7258892059326207,-0.7258892059326207
2008-10-02,25.0,25.709999084472656,24.799999237060547,25.0,17.6187801361084,-0.5315764880762023,0.3210337373225069,0.0563812255859375,0.0563812255859375
2008-10-03,25.25,26.979999542236328,25.239999771118164,25.520000457763672,17.985244750976562,-0.0125035777605642,2.079965877530432,0.366464614868164,0.36646461486816406
2008-10-06,25.5,26.25,24.01000022888184,25.89999961853028,18.25305938720703,0.9243597237847336,1.4890797425257452,0.2678146362304687,0.26781463623046875
2008-10-07,25.25,25.5,23.700000762939453,23.850000381469727,16.808319091796875,0.4052868134690955,-7.915058318512491,-1.4447402954101562,-1.4447402954101562
2008-10-08,23.209999084472656,24.0,23.0,23.59000015258789,16.625080108642578,0.6458327962982936,-1.0901683990740318,-0.1832389831542968,-0.18323898315429688
2008-10-09,23.059999465942383,23.200000762939453,21.0,21.0,14.79977035522461,0.1267598859826556,-10.97925388322838,-1.8253097534179688,-1.8253097534179688
2008-10-10,20.989999771118164,23.88999938964844,20.75,23.88999938964844,16.836503982543945,1.1522453917281843,13.761927235582604,2.036733627319336,2.036733627319336
2008-10-13,23.989999771118164,26.25,23.11000061035156,26.25,18.49971389770508,1.9625055444160096,9.878594254992311,1.6632099151611364,1.6632099151611364
2008-10-14,26.57999992370605,26.57999992370605,21.040000915527344,21.75,15.32834243774414,1.1522453917281843,-17.142813545642753,-3.171371459960941,-3.171371459960941
2008-10-15,21.5,23.420000076293945,20.57999992370605,20.57999992370605,14.503778457641602,1.54471515318635,-5.379342113809726,-0.8245639801025391,-0.8245639801025391
2008-10-16,21.0,23.239999771118164,21.0,22.809999465942383,16.075368881225586,1.354810429900141,10.8357310350115,1.5715904235839844,1.5715904235839844
2008-10-17,22.15999984741211,25.88999938964844,22.15999984741211,24.01000022888184,16.921072006225586,2.3802959356456697,5.260862946589651,0.845703125,0.845703125
2008-10-20,24.36000061035156,26.670000076293945,24.36000061035156,26.020000457763672,18.337623596191406,2.253692786788197,8.371523916715473,1.4165515899658203,1.4165515899658203
2008-10-21,25.540000915527344,26.950000762939453,25.540000915527344,26.81999969482422,18.90142822265625,-0.0631448373035533,3.074578467091782,0.5638046264648438,0.5638046264648438
2008-10-22,26.100000381469727,26.100000381469727,23.18000030517578,25.739999771118164,18.140295028686523,-0.0631448373035533,-4.026855457712941,-0.7611331939697266,-0.7611331939697266
2008-10-23,24.11000061035156,25.25,23.0,23.32999992370605,16.44183921813965,0.4179471283548428,-9.362889676606622,-1.698455810546875,-1.698455810546875
2008-10-24,22.100000381469727,22.100000381469727,21.11000061035156,21.61000061035156,15.229669570922852,0.5065693325550737,-7.372469899106282,-1.2121696472167969,-1.2121696472167969
2008-10-27,21.40999984741211,23.34000015258789,21.100000381469727,21.100000381469727,14.870253562927246,-0.1770876712752787,-2.3599724624480234,-0.3594160079956054,-0.35941600799560547
2008-10-28,21.799999237060547,22.030000686645508,21.239999771118164,22.030000686645508,15.52566909790039,0.2660233497258756,4.407561257779413,0.6554155349731445,0.6554155349731445
2008-10-29,21.93000030517578,23.450000762939453,21.6299991607666,23.450000762939453,16.52641487121582,0.0128170520109302,6.445749725857319,1.0007457733154297,1.0007457733154297
2008-10-30,23.0,23.030000686645508,22.200000762939453,23.030000686645508,16.426557540893555,-0.2403892457040151,-0.6042286309548506,-0.0998573303222656,-0.09985733032226562
2008-10-31,22.700000762939453,25.0,22.700000762939453,25.0,17.831693649291992,1.4814135787576137,8.554050992731632,1.4051361083984375,1.4051361083984375
2008-11-03,24.84000015258789,25.0,23.93000030517578,24.700000762939453,17.61771583557129,-0.0884654670750478,-1.1999859235423682,-0.2139778137207031,-0.21397781372070312
2008-11-04,24.989999771118164,25.0,23.93000030517578,25.0,17.831693649291992,-0.4682749136474659,1.214560478315052,0.2139778137207031,0.21397781372070312
2008-11-05,24.489999771118164,25.459999084472656,23.600000381469727,24.700000762939453,17.61771583557129,-0.2024083010467733,-1.1999859235423682,-0.2139778137207031,-0.21397781372070312
2008-11-06,24.38999938964844,25.5,24.09000015258789,24.59000015258789,17.539255142211914,-0.4429542838759714,-0.4453511118675091,-0.078460693359375,-0.078460693359375
2008-11-07,25.489999771118164,25.489999771118164,21.479999542236328,23.059999465942383,16.447956085205078,-0.1770876712752787,-6.222037641612244,-1.091299057006836,-1.091299057006836
2008-11-10,22.6200008392334,22.6200008392334,22.26000022888184,22.26000022888184,15.877341270446776,-0.6961605815909168,-3.4692141187777747,-0.5706148147583026,-0.5706148147583026
2008-11-11,23.020000457763672,25.049999237060547,23.020000457763672,25.049999237060547,17.867355346679688,-0.3543320796757405,12.533673253827548,1.990014076232912,1.990014076232912
2008-11-12,24.40999984741211,24.979999542236328,22.920000076293945,23.299999237060547,16.619142532348633,-0.2530495605897623,-6.9859964729643735,-1.248212814331055,-1.2482128143310547
2008-11-13,23.700000762939453,25.600000381469727,23.030000686645508,25.280000686645508,18.03140640258789,0.8863787791274917,8.497814297520655,1.4122638702392578,1.4122638702392578
2008-11-14,24.71999931335449,24.940000534057617,23.190000534057617,23.200000762939453,16.547815322875977,-0.0758051521893006,-8.227816769184393,-1.483591079711914,-1.483591079711914
2008-11-17,23.190000534057617,24.8700008392334,23.190000534057617,24.46999931335449,17.453662872314453,-0.4049733392187296,5.474121699836831,0.9058475494384766,0.9058475494384766
2008-11-18,23.18000030517578,24.34000015258789,22.84000015258789,23.489999771118164,16.754653930664062,0.2913439794973701,-4.004941236484982,-0.6990089416503906,-0.6990089416503906
2008-11-19,23.13999938964844,24.0,22.100000381469727,22.1200008392334,15.777482986450195,0.050797996668172,-5.83223591640688,-0.9771709442138672,-0.9771709442138672
2008-11-20,22.0,22.51000022888184,21.0,21.0,14.978620529174805,0.6078518516410518,-5.063307359998159,-0.7988624572753906,-0.7988624572753906
2008-11-21,22.26000022888184,23.989999771118164,21.600000381469727,23.959999084472656,17.089895248413086,1.12692476195669,14.095254734079266,2.111274719238281,2.1112747192382812
2008-11-24,23.489999771118164,24.5,22.6299991607666,24.5,17.475059509277344,0.8863787791274917,2.253754369266958,0.3851642608642578,0.3851642608642578
2008-11-25,24.65999984741211,25.0,22.200000762939453,22.420000076293945,15.991463661193848,1.1522453917281843,-8.489789962064897,-1.483595848083496,-1.483595848083496
2008-11-26,22.100000381469727,24.989999771118164,21.549999237060547,24.989999771118164,17.824556350708008,0.7977565749272608,11.462945033371064,1.83309268951416,1.8330926895141602
2008-11-28,24.34000015258789,24.93000030517578,23.90999984741211,24.709999084472656,17.624847412109375,-0.518916173190455,-1.1204146384866442,-0.1997089385986328,-0.1997089385986328
2008-12-01,23.790000915527344,24.89999961853028,21.71999931335449,21.71999931335449,15.492173194885254,0.5318899623265683,-12.100384005360754,-2.132674217224121,-2.132674217224121
2008-12-02,22.290000915527344,24.32999992370605,21.71999931335449,24.31999969482422,17.3466796875,0.1394202008684029,11.970602634542017,1.854506492614746,1.854506492614746
2008-12-03,23.38999938964844,24.32999992370605,23.26000022888184,23.989999771118164,17.111291885375977,-0.0378242075320588,-1.356961714659688,-0.2353878021240234,-0.23538780212402344
2008-12-04,23.56999969482422,23.86000061035156,22.040000915527344,22.040000915527344,15.720423698425291,-0.3036908201327514,-8.128364569243185,-1.3908681869506854,-1.3908681869506854
2008-12-05,22.01000022888184,22.6299991607666,21.71999931335449,22.6299991607666,16.141246795654297,-0.2530495605897623,2.6769195621054287,0.4208230972290057,0.4208230972290057
2008-12-08,22.799999237060547,24.68000030517578,22.31999969482422,24.68000030517578,17.60344886779785,1.1902263363854262,9.058792611591947,1.462202072143555,1.4622020721435547
2008-12-09,24.479999542236328,24.479999542236328,22.270000457763672,23.13999938964844,16.505014419555664,-0.1770876712752787,-6.239882062267721,-1.0984344482421875,-1.0984344482421875
2008-12-10,23.459999084472656,24.780000686645508,23.459999084472656,24.780000686645508,17.674781799316406,-0.4809352285332132,7.087345397134359,1.1697673797607422,1.1697673797607422
2008-12-11,24.13999938964844,24.450000762939453,23.690000534057617,23.71999931335449,16.918716430664062,-0.2783701903612569,-4.277650367834163,-0.7560653686523438,-0.7560653686523438
2008-12-12,23.21999931335449,24.420000076293945,22.229999542236328,24.040000915527344,17.14696502685547,0.2280424050686338,1.3490893184882502,0.2282485961914062,0.22824859619140625
2008-12-15,24.0,24.0,22.530000686645508,22.530000686645508,16.06992530822754,-0.6328590071621804,-6.281226543245855,-1.0770397186279297,-1.0770397186279297
2008-12-16,23.100000381469727,25.600000381469727,22.1200008392334,25.600000381469727,18.25965690612793,2.139749952816471,13.626271161193792,2.18973159790039,2.1897315979003906
2008-12-17,25.200000762939453,25.799999237060547,24.030000686645508,25.559999465942383,18.23112297058105,0.4432677581263373,-0.156267643436947,-0.0285339355468785,-0.028533935546878553
2008-12-18,25.64999961853028,25.989999771118164,25.030000686645508,25.82999992370605,18.423702239990234,0.6078518516410518,1.0563214878202665,0.1925792694091832,0.19257926940918324
2008-12-19,25.799999237060547,26.040000915527344,23.82999992370605,25.239999771118164,18.002883911132812,2.4309371951886587,-2.284113819121536,-0.4208183288574219,-0.4208183288574219
2008-12-22,25.25,25.25,23.1200008392334,24.209999084472656,17.268217086791992,0.0381376817824247,-4.080828538179427,-0.7346668243408203,-0.7346668243408203
2008-12-23,24.440000534057617,24.950000762939453,23.68000030517578,24.93000030517578,17.781766891479492,-0.3036908201327514,2.973959628294809,0.5135498046875,0.5135498046875
2008-12-24,24.88999938964844,24.989999771118164,24.84000015258789,24.950000762939453,17.796031951904297,-0.6835002667051695,0.0802229638475315,0.0142650604248046,0.014265060424804688
2008-12-26,25.38999938964844,26.40999984741211,24.64999961853028,25.56999969482422,18.238258361816406,1.2408675959284154,2.484971993235763,0.4422264099121094,0.4422264099121094
2008-12-29,26.07999992370605,26.07999992370605,25.01000022888184,25.01000022888184,17.838825225830078,-0.5695574327334441,-2.190083768209916,-0.3994331359863281,-0.3994331359863281
2008-12-30,25.739999771118164,25.989999771118164,25.540000915527344,25.89999961853028,18.473636627197266,-0.3416717647899932,3.558594208591725,0.6348114013671875,0.6348114013671875
2008-12-31,24.229999542236328,26.600000381469727,24.229999542236328,26.540000915527344,18.930126190185547,0.2786836646116228,2.4710324891647373,0.4564895629882812,0.45648956298828125
2009-01-02,26.450000762939453,26.989999771118164,26.450000762939453,26.989999771118164,19.251100540161133,-0.4429542838759714,1.6955742753685277,0.3209743499755859,0.32097434997558594
2009-01-05,26.989999771118164,27.5,25.88999938964844,27.40999984741211,19.55066680908203,0.4685883878978319,1.5560994463456934,0.2995662689208984,0.29956626892089844
2009-01-06,27.540000915527344,27.540000915527344,26.5,26.809999465942383,19.122709274291992,-0.1644273563895315,-2.188966437662554,-0.427957534790039,-0.42795753479003906
2009-01-07,26.3799991607666,26.950000762939453,26.06999969482422,26.51000022888184,18.908727645874023,-0.4556145987617186,-1.118992216786141,-0.2139816284179687,-0.21398162841796875
2009-01-08,27.040000915527344,27.790000915527344,26.56999969482422,27.13999938964844,19.358089447021484,-0.6075383773906858,2.3764782568303167,0.4493618011474609,0.44936180114746094
2009-01-09,27.5,27.5,26.540000915527344,26.739999771118164,19.07277488708496,-0.1644273563895315,-1.4738776815623411,-0.2853145599365234,-0.28531455993652344
2009-01-12,26.700000762939453,27.489999771118164,26.5,26.5,18.901599884033203,-0.2024083010467733,-0.8974834761336647,-0.1711750030517578,-0.1711750030517578
2009-01-13,26.280000686645508,28.56999969482422,25.81999969482422,28.56999969482422,20.37805938720703,1.557375468072097,7.811293817625686,1.476459503173828,1.4764595031738281
2009-01-14,27.170000076293945,28.790000915527344,26.31999969482422,26.88999938964844,19.179765701293945,0.6078518516410518,-5.8803130521120845,-1.198293685913086,-1.198293685913086
2009-01-15,27.920000076293945,27.920000076293945,26.26000022888184,27.780000686645508,19.814573287963867,1.177566021499679,3.3097775883002223,0.6348075866699219,0.6348075866699219
2009-01-16,28.100000381469727,28.100000381469727,26.809999465942383,27.209999084472656,19.40802001953125,-0.0251638926463115,-2.051789168124929,-0.4065532684326172,-0.4065532684326172
2009-01-20,26.61000061035156,26.61000061035156,23.350000381469727,23.3799991607666,16.676198959350586,1.0636231875279536,-14.075732905425165,-2.731821060180664,-2.731821060180664
2009-01-21,23.68000030517578,26.489999771118164,23.26000022888184,26.11000061035156,18.623422622680664,0.0634583115539193,11.676663657447197,1.947223663330078,1.9472236633300781
2009-01-22,25.549999237060547,25.96999931335449,23.489999771118164,23.96999931335449,17.097030639648438,-0.2910305052470042,-8.196087335596946,-1.5263919830322266,-1.5263919830322266
2009-01-23,24.1200008392334,24.1200008392334,23.15999984741211,23.65999984741211,16.875913619995117,0.0128170520109302,-1.293306564828545,-0.2211170196533203,-0.2211170196533203
2009-01-26,23.57999992370605,25.88999938964844,23.13999938964844,25.170000076293945,17.952953338623047,0.4685883878978319,6.382112061487555,1.0770397186279297,1.0770397186279297
2009-01-27,25.190000534057617,26.450000762939453,24.39999961853028,25.170000076293945,17.952953338623047,-0.518916173190455,0.0,0.0,0.0
2009-01-28,25.25,25.25,23.61000061035156,24.959999084472656,17.80316162109375,-0.4556145987617186,-0.8343569701540043,-0.1497917175292968,-0.14979171752929688
2009-01-29,23.86000061035156,24.170000076293945,23.86000061035156,23.93000030517578,17.262147903442383,-0.6328590071621804,-3.038863147826265,-0.5410137176513672,-0.5410137176513672
2009-01-30,24.13999938964844,25.100000381469727,22.8700008392334,22.8799991607666,16.50471305847168,0.0887789413254138,-4.387836607631302,-0.7574348449707031,-0.7574348449707031
2009-02-02,23.56999969482422,25.239999771118164,23.14999961853028,25.21999931335449,18.19269561767578,1.7092992467010644,10.227276010337416,1.6879825592041016,1.6879825592041016
2009-02-03,25.21999931335449,25.21999931335449,23.239999771118164,24.739999771118164,17.846445083618164,0.2027217752971392,-1.9032393073251,-0.3462505340576172,-0.3462505340576172
2009-02-04,24.670000076293945,24.96999931335449,24.13999938964844,24.46999931335449,17.65167236328125,-0.0758051521893006,-1.091381053337637,-0.194772720336914,-0.19477272033691406
2009-02-05,24.09000015258789,25.559999465942383,24.09000015258789,25.15999984741211,18.14941596984864,1.088943817299448,2.819809909925497,0.4977436065673863,0.4977436065673899
2009-02-06,24.59000015258789,26.5,24.0,26.479999542236328,19.10160446166992,1.7219595615868115,5.246386403855308,0.952188491821282,0.9521884918212784
2009-02-09,25.950000762939453,26.479999542236328,24.40999984741211,26.299999237060547,18.97176742553711,0.1774011455256447,-0.6797179597836656,-0.1298370361328089,-0.12983703613280895
2009-02-10,26.26000022888184,26.26000022888184,23.520000457763672,23.64999961853028,17.060163497924805,0.0381376817824247,-10.076045550923071,-1.911603927612305,-1.9116039276123047
2009-02-11,24.46999931335449,24.82999992370605,23.809999465942383,23.8700008392334,17.2188663482666,-0.4049733392187296,0.9302539823906164,0.1587028503417968,0.15870285034179688
2009-02-12,23.51000022888184,24.309999465942383,23.190000534057617,23.700000762939453,17.096227645874023,-0.0631448373035533,-0.7122344753255128,-0.1226387023925781,-0.12263870239257812
2009-02-13,23.799999237060547,25.3700008392334,23.489999771118164,23.6200008392334,17.03852081298828,0.6458327962982936,-0.3375413224546597,-0.0577068328857421,-0.05770683288574219
2009-02-18,18.07999992370605,18.07999992370605,15.329999923706056,15.649999618530272,11.289280891418455,1.3041691703571516,-33.742599986656366,-5.749239921569826,-5.749239921569826
2009-02-19,15.90999984741211,16.290000915527344,15.300000190734863,16.030000686645508,11.563400268554688,0.6838137409555355,2.428138512742684,0.2741193771362322,0.27411937713623225
2009-02-20,15.789999961853027,17.040000915527344,15.789999961853027,16.5,11.90243911743164,0.1394202008684029,2.931999593570489,0.3390388488769531,0.3390388488769531
2009-02-23,16.709999084472656,16.989999771118164,15.119999885559082,15.119999885559082,10.90696144104004,-0.0378242075320588,-8.363644346927845,-0.9954776763915998,-0.9954776763915998
2009-02-24,15.31999969482422,17.34000015258789,15.210000038146973,17.34000015258789,12.508378982543944,0.3926264985833483,14.68252684453608,1.6014175415039027,1.6014175415039027
2009-02-25,17.239999771118164,18.86000061035156,16.030000686645508,17.700000762939453,12.768072128295898,2.013146803958999,2.076153481713084,0.2596931457519549,0.2596931457519549
2009-02-26,17.93000030517578,17.93000030517578,16.5,16.780000686645508,12.10442066192627,-0.0884654670750478,-5.197742146983031,-0.6636514663696289,-0.6636514663696289
2009-02-27,16.5,17.350000381469727,16.040000915527344,16.040000915527344,11.570616722106934,0.2660233497258756,-4.409991644609512,-0.5338039398193359,-0.5338039398193359
2009-03-02,15.850000381469728,17.5,15.850000381469728,16.1299991607666,11.63553237915039,0.1394202008684029,0.5610388676986267,0.064915657043457,0.06491565704345703
2009-03-03,16.489999771118164,17.030000686645508,15.90999984741211,15.90999984741211,11.47683811187744,0.0128170520109302,-1.3638762894709775,-0.158694267272951,-0.158694267272951
2009-03-04,16.190000534057617,17.15999984741211,15.850000381469728,16.989999771118164,12.255903244018556,0.1140995710969084,6.788151270817866,0.7790651321411168,0.7790651321411168
2009-03-05,16.479999542236328,16.670000076293945,15.210000038146973,15.239999771118164,10.993523597717283,0.0634583115539193,-10.300176340877789,-1.262379646301273,-1.262379646301273
2009-03-06,15.479999542236328,15.8100004196167,15.0,15.710000038146973,11.332565307617188,0.0761186264396665,3.0840131181444352,0.3390417098999041,0.3390417098999041
2009-03-09,16.239999771118164,16.239999771118164,14.920000076293944,14.920000076293944,10.762689590454102,-0.518916173190455,-5.028655928239334,-0.5698757171630859,-0.5698757171630859
2009-03-10,15.869999885559082,16.25,14.869999885559082,16.1299991607666,11.63553237915039,0.1774011455256447,8.109894663044548,0.8728427886962891,0.8728427886962891
2009-03-11,16.209999084472656,16.889999389648438,14.869999885559082,15.06999969482422,10.870894432067873,0.0761186264396665,-6.571576805996992,-0.7646379470825178,-0.7646379470825178
2009-03-12,15.020000457763672,17.170000076293945,14.890000343322754,17.079999923706055,12.320830345153809,0.4812487027835792,13.337779353360224,1.4499359130859355,1.4499359130859357
2009-03-13,17.1299991607666,18.170000076293945,16.239999771118164,17.030000686645508,12.28475856781006,-0.4302939689902241,-0.2927706683173103,-0.0360717773437482,-0.036071777343748224
2009-03-16,18.299999237060547,18.299999237060547,17.3799991607666,17.709999084472656,12.77528190612793,-0.2783701903612569,3.992942438471636,0.4905233383178693,0.4905233383178693
2009-03-17,18.059999465942383,18.350000381469727,17.1200008392334,18.21999931335449,13.143177032470703,0.2660233497258756,2.8797417469614173,0.3678951263427734,0.36789512634277344
2009-03-18,18.0,18.34000015258789,17.09000015258789,17.200000762939453,12.407392501831056,1.12692476195669,-5.598224301642318,-0.7357845306396467,-0.7357845306396467
2009-03-19,17.40999984741211,17.959999084472656,17.110000610351562,17.350000381469727,12.515596389770508,-0.4935955434189604,0.8720920848073632,0.1082038879394513,0.10820388793945135
2009-03-20,17.549999237060547,18.209999084472656,17.020000457763672,17.68000030517578,12.753640174865724,1.26618822569991,1.9019771625887527,0.2380437850952166,0.23804378509521662
2009-03-23,18.100000381469727,18.290000915527344,17.0,18.290000915527344,13.193673133850098,1.0003216130992172,3.45025383303168,0.4400329589843732,0.4400329589843732
2009-03-24,17.979999542236328,18.0,17.670000076293945,17.670000076293945,12.74643325805664,-0.6201986922764331,-3.389805638325272,-0.447239875793457,-0.44723987579345703
2009-03-25,17.889999389648438,17.940000534057617,17.020000457763672,17.56999969482422,12.67429542541504,0.2153820901828865,-0.5659452427290046,-0.0721378326415997,-0.07213783264159979
2009-03-26,17.90999984741211,18.290000915527344,17.510000228881836,18.25,13.164816856384276,0.9750009833277226,3.870206701870149,0.4905214309692347,0.49052143096923473
2009-03-27,17.34000015258789,17.59000015258789,17.110000610351562,17.110000610351562,12.342467308044434,-0.4176336541044768,-6.246570364866444,-0.822349548339842,-0.822349548339842
2009-03-30,17.0,17.540000915527344,17.0,17.139999389648438,12.36411190032959,-0.2024083010467733,0.175366818845446,0.0216445922851562,0.02164459228515625
2009-03-31,17.440000534057617,17.600000381469727,17.0,17.09000015258789,12.328041076660156,0.5572105920980628,-0.2917380881070186,-0.0360708236694335,-0.036070823669433594
2009-04-01,17.0,18.209999084472656,17.0,18.170000076293945,13.107111930847168,-0.3669923945614878,6.319502420072021,0.7790708541870117,0.7790708541870117
2009-04-02,18.350000381469727,19.89999961853028,18.229999542236328,19.8700008392334,14.33342456817627,1.4434326341003716,9.356085793721004,1.2263126373291016,1.2263126373291016
2009-04-03,19.76000022888184,20.43000030517578,18.57999992370605,20.43000030517578,14.737385749816896,-0.0758051521893006,2.8183158861945667,0.4039611816406268,0.4039611816406268
2009-04-06,19.51000022888184,19.89999961853028,18.100000381469727,19.100000381469727,13.777976036071776,-0.1264464117322896,-6.510040043954479,-0.9594097137451209,-0.9594097137451207
2009-04-07,18.739999771118164,19.68000030517578,17.889999389648438,17.889999389648438,12.905129432678224,1.5826960978435916,-6.335085800036033,-0.8728466033935511,-0.8728466033935511
2009-04-08,18.0,19.100000381469727,18.0,19.100000381469727,13.777976036071776,-0.4302939689902241,6.763563340816559,0.8728466033935511,0.8728466033935511
2009-04-09,19.76000022888184,20.489999771118164,19.59000015258789,20.489999771118164,14.780664443969728,0.4685883878978319,7.277472433344623,1.0026884078979528,1.0026884078979528
2009-04-13,20.13999938964844,20.200000762939453,19.450000762939453,20.100000381469727,14.49933624267578,-0.0125035777605642,-1.903352872669584,-0.2813282012939488,-0.28132820129394887
2009-04-14,19.68000030517578,20.06999969482422,18.729999542236328,18.729999542236328,13.511072158813477,0.0254773668966775,-6.815926379812842,-0.9882640838623028,-0.9882640838623029
2009-04-15,18.770000457763672,20.049999237060547,18.729999542236328,19.979999542236328,14.412774085998535,0.0001567371251829,6.673799951522463,0.9017019271850586,0.9017019271850586
2009-04-16,20.200000762939453,20.38999938964844,19.13999938964844,20.38999938964844,14.708526611328123,-0.0125035777605642,2.0520166594222955,0.295752525329588,0.29575252532958807
2009-04-17,20.459999084472656,20.459999084472656,19.21999931335449,20.39999961853028,14.715743064880373,0.1014392562111611,0.049063062147181,0.0072164535522496,0.0072164535522496465
2009-04-20,19.82999992370605,20.26000022888184,19.71999931335449,19.71999931335449,14.225217819213867,-0.2403892457040151,-3.3333365736532894,-0.4905252456665057,-0.4905252456665057
2009-04-21,20.39999961853028,21.0,19.71999931335449,21.0,15.148560523986816,-0.3290114499042459,6.490886231111337,0.9233427047729492,0.9233427047729492
2009-04-22,19.809999465942383,21.479999542236328,19.809999465942383,20.989999771118164,15.14134407043457,-0.0631448373035533,-0.0476378830900792,-0.007216453552246,-0.007216453552246094
2009-04-23,21.030000686645508,21.3799991607666,19.850000381469727,19.920000076293945,14.36949062347412,0.3293249241546119,-5.097654761492376,-0.771853446960451,-0.771853446960451
2009-04-24,20.200000762939453,21.61000061035156,19.549999237060547,21.299999237060547,15.364959716796877,0.9243597237847336,6.9276574891009135,0.9954690933227576,0.9954690933227575
2009-04-27,20.75,21.690000534057617,19.81999969482422,19.8799991607666,14.340636253356934,0.3293249241546119,-6.666619908675441,-1.0243234634399432,-1.0243234634399432
2009-04-28,19.809999465942383,20.75,19.809999465942383,20.1200008392334,14.513763427734377,-0.2657098754755096,1.207248906664904,0.1731271743774431,0.17312717437744318
2009-04-29,20.270000457763672,21.739999771118164,20.040000915527344,21.739999771118164,15.760703086853027,-0.1011257819607951,8.591428855288296,1.2469396591186506,1.2469396591186506
2009-04-30,21.850000381469727,22.68000030517578,21.43000030517578,21.68000030517578,15.717202186584473,0.949680353556228,-0.2760086274630868,-0.0435009002685546,-0.04350090026855469
2009-05-01,21.170000076293945,21.700000762939453,20.059999465942383,20.059999465942383,14.542760848999023,1.0129819279849643,-7.472330785360148,-1.1744413375854492,-1.1744413375854492
2009-05-04,20.3700008392334,20.940000534057617,19.540000915527344,20.049999237060547,14.535513877868652,0.3166646092688647,-0.0498321550193803,-0.007246971130371,-0.007246971130371094
2009-05-05,20.25,20.25,18.940000534057617,19.07999992370605,13.832295417785645,1.696638931815317,-4.837933257755045,-0.7032184600830078,-0.7032184600830078
2009-05-06,19.270000457763672,19.270000457763672,18.010000228881836,18.270000457763672,13.245075225830078,0.8230772046987554,-4.245283766861396,-0.5872201919555664,-0.5872201919555664
2009-05-07,18.5,18.799999237060547,16.68000030517578,16.739999771118164,12.135884284973145,1.26618822569991,-8.374364976756254,-1.1091909408569336,-1.1091909408569336
2009-05-08,17.110000610351562,19.1200008392334,16.899999618530273,18.989999771118164,13.767046928405762,0.4685883878978319,13.440822317763445,1.6311626434326172,1.6311626434326172
2009-05-11,18.479999542236328,18.479999542236328,17.15999984741211,17.540000915527344,12.71585178375244,0.5065693325550737,-7.635589172608792,-1.051195144653322,-1.051195144653322
2009-05-12,17.610000610351562,19.190000534057617,16.899999618530273,18.39999961853028,13.339319229125977,3.823571832620858,4.903072605565972,0.6234674453735369,0.6234674453735369
2009-05-13,18.020000457763672,18.530000686645508,16.68000030517578,16.690000534057617,12.099637031555176,2.1017690081592297,-9.293444262612704,-1.2396821975708008,-1.2396821975708008
2009-05-14,17.459999084472656,18.440000534057617,16.850000381469727,17.90999984741211,12.984088897705078,1.1016041321851957,7.309738828059897,0.8844518661499023,0.8844518661499023
2009-05-15,18.049999237060547,18.25,17.149999618530273,17.6299991607666,12.781100273132324,0.6458327962982936,-1.563364408330814,-0.2029886245727539,-0.2029886245727539
2009-05-18,17.979999542236328,18.200000762939453,17.299999237060547,18.020000457763672,13.063838005065918,0.8863787791274917,2.212154868450167,0.2827377319335937,0.28273773193359375
2009-05-19,17.600000381469727,18.1299991607666,17.3700008392334,17.56999969482422,12.737604141235352,0.5825312218695573,-2.4972283313989263,-0.3262338638305664,-0.3262338638305664
2009-05-20,17.799999237060547,19.299999237060547,17.5,19.1200008392334,13.86129379272461,1.557375468072097,8.821828964299062,1.1236896514892578,1.1236896514892578
2009-05-21,18.81999969482422,19.299999237060547,18.14999961853028,18.5,13.411819458007812,1.088943817299448,-3.2426578747844825,-0.4494743347167969,-0.4494743347167969
2009-05-22,18.309999465942383,19.75,18.18000030517578,18.979999542236328,13.759799003601074,0.6331724814125463,2.594573739102146,0.3479795455932617,0.3479795455932617
2009-05-26,18.1200008392334,20.15999984741211,18.07999992370605,20.15999984741211,14.615260124206545,1.1522453917281843,6.217104772980964,0.8554611206054705,0.8554611206054705
2009-05-27,19.989999771118164,20.200000762939453,19.84000015258789,19.88999938964844,14.419516563415527,0.190061460411392,-1.3393094555109395,-0.1957435607910174,-0.1957435607910174
2009-05-28,20.15999984741211,20.15999984741211,18.670000076293945,19.770000457763672,14.33252239227295,0.98766129821347,-0.6033085142625016,-0.0869941711425781,-0.08699417114257812
2009-06-01,20.5,22.020000457763672,20.020000457763672,22.020000457763672,15.96368408203125,3.58302584979166,11.38084173262972,1.6311616897583008,1.6311616897583008
2009-06-02,21.82999992370605,21.979999542236328,21.26000022888184,21.959999084472656,15.92019271850586,0.6711534260697882,-0.272439389942225,-0.0434913635253906,-0.043491363525390625
2009-06-03,21.729999542236328,22.0,20.86000061035156,21.920000076293945,15.891192436218262,0.6838137409555355,-0.1821603720530751,-0.0290002822875976,-0.029000282287597656
2009-06-04,21.989999771118164,22.459999084472656,20.479999542236328,22.350000381469727,16.202930450439453,2.253692786788197,1.961703097312561,0.3117380142211914,0.3117380142211914
2009-06-05,22.350000381469727,22.350000381469727,21.690000534057617,22.07999992370605,16.007184982299805,0.4179471283548428,-1.2080868256417077,-0.1957454681396484,-0.19574546813964844
2009-06-08,21.799999237060547,22.3799991607666,20.979999542236328,21.68000030517578,15.717202186584473,1.3927913745573826,-1.8115789630468115,-0.289982795715332,-0.28998279571533203
2009-06-09,21.76000022888184,21.96999931335449,20.82999992370605,21.920000076293945,15.891192436218262,1.1902263363854262,1.1070052263010275,0.173990249633789,0.17399024963378906
2009-06-10,21.64999961853028,21.8799991607666,20.979999542236328,21.40999984741211,15.52146053314209,0.8104168898130081,-2.326646691619572,-0.3697319030761719,-0.3697319030761719
2009-06-11,21.549999237060547,21.82999992370605,21.0,21.59000015258789,15.651951789855955,0.5572105920980628,0.8407150630910909,0.1304912567138654,0.1304912567138654
2009-06-12,21.299999237060547,21.920000076293945,20.809999465942383,21.920000076293945,15.891192436218262,2.013146803958999,1.5285035986205786,0.2392406463623064,0.23924064636230646
2009-06-15,21.520000457763672,21.709999084472656,20.86000061035156,21.229999542236328,15.390965461730955,0.8737184642417445,-3.147825290613304,-0.5002269744873065,-0.5002269744873065
2009-06-16,21.3700008392334,21.559999465942383,20.56999969482422,20.75,15.042987823486328,1.937184914644515,-2.260921441932018,-0.3479776382446271,-0.34797763824462713
2009-06-19,23.3799991607666,23.790000915527344,22.0,23.0,16.674158096313477,3.013311679933033,10.843392894863848,1.6311702728271484,1.6311702728271484
2009-06-22,22.850000381469727,22.850000381469727,21.6299991607666,21.90999984741211,15.883936882019045,0.240702719954381,-4.739197084074331,-0.7902212142944318,-0.7902212142944318
2009-06-23,22.049999237060547,22.56999969482422,21.32999992370605,22.290000915527344,16.159425735473633,3.684308368877638,1.7343864779924223,0.275488853454588,0.27548885345458807
2009-06-24,21.68000030517578,22.38999938964844,21.489999771118164,21.6200008392334,15.673704147338867,1.1142644470709426,-3.0058097118420224,-0.4857215881347656,-0.4857215881347656
2009-06-25,21.46999931335449,22.959999084472656,21.46999931335449,22.26000022888184,16.137678146362305,0.1140995710969084,2.960206436601731,0.4639739990234375,0.4639739990234375
2009-06-29,24.8700008392334,25.75,23.450000762939453,24.88999938964844,18.044330596923828,6.798745830771466,11.814911868169297,1.9066524505615237,1.9066524505615234
2009-06-30,24.989999771118164,24.989999771118164,23.920000076293945,24.40999984741211,17.696348190307617,0.8357375195845027,-1.928486095657844,-0.3479824066162109,-0.34798240661621094
2009-07-01,24.68000030517578,25.34000015258789,24.350000381469727,25.01000022888184,18.131322860717773,2.354975305874175,2.457991138806781,0.4349746704101562,0.43497467041015625
2009-07-02,24.540000915527344,24.540000915527344,23.040000915527344,23.959999084472656,17.3701171875,2.3802959356456697,-4.198290875217692,-0.7612056732177734,-0.7612056732177734
2009-07-06,23.950000762939453,24.26000022888184,23.780000686645508,24.200000762939453,17.544103622436523,1.0129819279849643,1.0016422633102762,0.1739864349365234,0.17398643493652344
2009-07-07,24.13999938964844,24.450000762939453,23.200000762939453,23.36000061035156,16.935136795043945,2.74744506733234,-3.471062645878309,-0.6089668273925781,-0.6089668273925781
2009-07-08,23.61000061035156,24.459999084472656,22.530000686645508,23.36000061035156,16.935136795043945,0.84839783447025,0.0,0.0,0.0
2009-07-09,23.489999771118164,24.479999542236328,22.459999084472656,22.489999771118164,16.304418563842773,1.6206770425008334,-3.724317310420256,-0.6307182312011719,-0.6307182312011719
2009-07-10,22.57999992370605,23.32999992370605,22.25,22.520000457763672,16.3261661529541,2.215711842130955,0.1333846345159317,0.0217475891113281,0.021747589111328125
2009-07-13,22.57999992370605,23.450000762939453,22.209999084472656,22.540000915527344,16.340665817260742,3.58302584979166,0.088812426449647,0.0144996643066406,0.014499664306640625
2009-07-14,22.950000762939453,23.1200008392334,22.26000022888184,22.57999992370605,16.36966323852539,3.6969686837633855,0.1774555675327471,0.0289974212646484,0.028997421264648438
2009-07-15,22.920000076293945,24.76000022888184,22.8799991607666,24.530000686645508,17.783349990844727,1.418112004328877,8.636016097095256,1.413686752319336,1.413686752319336
2009-07-16,24.43000030517578,25.959999084472656,24.11000061035156,25.940000534057617,18.8055477142334,2.013146803958999,5.748060539296152,1.022197723388672,1.0221977233886719
2009-07-17,25.82999992370605,25.82999992370605,24.84000015258789,25.43000030517578,18.4358139038086,1.7726008211298006,-1.9660890288505704,-0.3697338104248011,-0.3697338104247976
2009-07-21,24.920000076293945,24.920000076293945,22.89999961853028,23.700000762939453,17.18162727355957,1.418112004328877,-6.80299029266036,-1.254186630249027,-1.2541866302490305
2009-07-22,23.6200008392334,24.489999771118164,23.3799991607666,24.459999084472656,17.732589721679688,-0.3669923945614878,3.2066953807569964,0.5509624481201172,0.5509624481201172
2009-07-23,24.31999969482422,25.489999771118164,23.39999961853028,24.950000762939453,18.087833404541016,2.874048216189813,2.0033378566640447,0.3552436828613281,0.3552436828613281
2009-07-24,24.61000061035156,25.989999771118164,24.61000061035156,25.989999771118164,18.84179306030273,3.4817433307056818,4.168324856267369,0.7539596557617152,0.7539596557617152
2009-07-27,25.6299991607666,26.0,25.01000022888184,25.809999465942383,18.711299896240234,1.7219595615868115,-0.6925729607838105,-0.1304931640624964,-0.13049316406249645
2009-07-28,25.450000762939453,25.8799991607666,25.450000762939453,25.82999992370605,18.725799560546875,2.253692786788197,0.0774914858243214,0.0144996643066406,0.014499664306640625
2009-07-29,25.739999771118164,26.0,25.26000022888184,25.770000457763672,18.68230438232422,-0.0125035777605642,-0.232274077707717,-0.0434951782226562,-0.04349517822265625
2009-07-30,26.0,26.420000076293945,25.739999771118164,26.299999237060547,19.140804290771484,1.8232420806727896,2.45419354627936,0.4584999084472656,0.4584999084472656
2009-07-31,26.07999992370605,26.450000762939453,26.040000915527344,26.1200008392334,19.00980567932129,2.0511277486162407,-0.6843944980585492,-0.1309986114501953,-0.1309986114501953
2009-08-03,25.36000061035156,26.26000022888184,24.76000022888184,25.530000686645508,18.58041000366211,1.0129819279849643,-2.258811493934798,-0.4293956756591797,-0.4293956756591797
2009-08-04,25.170000076293945,26.280000686645508,24.600000381469727,26.15999984741211,19.038911819458008,0.949680353556228,2.467662531157977,0.4585018157958984,0.45850181579589844
2009-08-05,25.40999984741211,25.40999984741211,24.520000457763672,24.709999084472656,17.98362159729004,3.785590887963616,-5.542807447059284,-1.0552902221679688,-1.0552902221679688
2009-08-06,24.84000015258789,25.040000915527344,24.56999969482422,24.790000915527344,18.041847229003903,0.3926264985833483,0.3237703340168041,0.0582256317138636,0.058225631713863635
2009-08-07,25.479999542236328,27.0,25.040000915527344,26.82999992370605,19.526535034179688,1.886543655101526,8.229134114321823,1.4846878051757848,1.4846878051757848
2009-08-10,26.530000686645508,26.739999771118164,25.549999237060547,25.65999984741211,18.675024032592773,3.1399148287905057,-4.360789049856562,-0.8515110015869141,-0.8515110015869141
2009-08-11,25.13999938964844,25.13999938964844,24.75,24.88999938964844,18.114633560180664,0.519229647440821,-3.0007483333573397,-0.5603904724121094,-0.5603904724121094
2009-08-12,25.0,25.88999938964844,24.729999542236328,25.6299991607666,18.65319061279297,2.88670853107556,2.973049666299365,0.5385570526123047,0.5385570526123047
2009-08-13,25.739999771118164,26.049999237060547,25.1299991607666,25.940000534057617,18.878803253173828,0.9243597237847336,1.209512329896678,0.2256126403808593,0.22561264038085938
2009-08-14,25.8700008392334,25.8700008392334,23.21999931335449,23.6299991607666,17.19761085510254,3.798251202849364,-8.905185225597679,-1.681192398071289,-1.681192398071289
2009-08-17,24.14999961853028,24.75,23.049999237060547,24.280000686645508,17.670679092407227,0.759775630270019,2.7507788220729967,0.4730682373046875,0.4730682373046875
2009-08-18,24.43000030517578,26.5,24.43000030517578,26.299999237060547,19.140804290771484,0.4812487027835792,8.319573858346763,1.4701251983642578,1.4701251983642578
2009-08-19,25.790000915527344,26.530000686645508,24.270000457763672,25.07999992370605,18.252904891967773,3.874213092163847,-4.638777897289304,-0.8878993988037109,-0.8878993988037109
2009-08-20,25.07999992370605,26.36000061035156,24.190000534057617,26.18000030517578,19.05347442626953,3.152575143676253,4.3859842531368765,0.8005695343017578,0.8005695343017578
2009-08-24,25.1200008392334,25.270000457763672,24.56999969482422,24.84000015258789,18.07823371887207,3.203216403219242,-5.11844026752869,-0.9752407073974608,-0.9752407073974609
2009-08-25,25.18000030517578,25.18000030517578,24.690000534057617,24.989999771118164,18.18741035461425,0.658493111184041,0.6039120714996349,0.1091766357421839,0.1091766357421804
2009-08-26,25.11000061035156,26.100000381469727,24.86000061035156,26.07999992370605,18.980701446533203,1.4434326341003716,4.361759461361059,0.7932910919189489,0.7932910919189524
2009-08-27,26.100000381469727,26.64999961853028,25.38999938964844,26.26000022888184,19.111690521240234,1.088943817299448,0.6901171438580045,0.1309890747070312,0.13098907470703125
2009-08-28,26.600000381469727,26.600000381469727,24.489999771118164,24.790000915527344,18.041847229003903,0.6964740558412827,-5.597847511434617,-1.0698432922363317,-1.0698432922363317
2009-08-31,25.440000534057617,25.489999771118164,23.979999542236328,24.270000457763672,17.66339683532715,1.696638931815317,-2.097625530651659,-0.3784503936767542,-0.37845039367675426
2009-09-01,24.0,25.46999931335449,23.39999961853028,23.690000534057617,17.24128532409668,0.98766129821347,-2.3897527478193625,-0.4221115112304687,-0.42211151123046875
2009-09-02,23.6200008392334,23.68000030517578,23.100000381469727,23.68000030517578,17.233999252319336,-0.3036908201327514,-0.0422594466733872,-0.0072860717773437,-0.00728607177734375
2009-09-03,23.76000022888184,24.46999931335449,23.39999961853028,24.25,17.648847579956055,2.8613879013040657,2.4071506651649037,0.4148483276367187,0.41484832763671875
2009-09-04,23.520000457763672,23.88999938964844,23.020000457763672,23.690000534057617,17.24128532409668,0.2786836646116228,-2.3092853740900754,-0.407562255859375,-0.407562255859375
2009-09-08,23.90999984741211,24.1200008392334,23.229999542236328,23.959999084472656,17.43778419494629,1.5193945234148551,1.1396996636612755,0.1964988708496093,0.19649887084960938
2009-09-09,24.030000686645508,24.280000686645508,23.739999771118164,24.280000686645508,17.670679092407227,-0.1011257819607951,1.3355762111589398,0.2328948974609375,0.2328948974609375
2009-09-10,23.809999465942383,23.93000030517578,23.200000762939453,23.850000381469727,17.357730865478516,0.1774011455256447,-1.7710028306901826,-0.3129482269287109,-0.31294822692871094
2009-09-11,23.559999465942383,23.700000762939453,23.059999465942383,23.15999984741211,16.855552673339844,-0.5568971178476968,-2.893109681389383,-0.5021781921386719,-0.5021781921386719
2009-09-14,23.100000381469727,23.479999542236328,23.06999969482422,23.450000762939453,17.066614151000977,0.1774011455256447,1.252177734847959,0.2110614776611328,0.2110614776611328
2009-09-15,23.31999969482422,24.0,23.11000061035156,23.61000061035156,17.183053970336914,-0.3036908201327514,0.6822666658172993,0.1164398193359375,0.1164398193359375
2009-09-16,23.489999771118164,24.270000457763672,23.200000762939453,24.270000457763672,17.66339683532715,-0.1264464117322896,2.7954452440145383,0.4803428649902344,0.4803428649902344
2009-09-17,24.270000457763672,24.770000457763672,24.270000457763672,24.6200008392334,17.918121337890625,-0.4935955434189604,1.4421037184310093,0.2547245025634765,0.25472450256347656
2009-09-18,24.799999237060547,25.170000076293945,23.43000030517578,24.989999771118164,18.18741035461425,3.8488924623923526,1.5028864446529733,0.2692890167236292,0.2692890167236257
2009-09-21,24.34000015258789,25.46999931335449,24.34000015258789,25.059999465942383,18.23834609985352,-0.189747986161026,0.2800604607590129,0.0509357452392649,0.05093574523926847
2009-09-22,25.5,25.5,24.57999992370605,25.11000061035156,18.27474021911621,-0.4302939689902241,0.1995472564422007,0.0363941192626917,0.03639411926269176
2009-09-23,25.09000015258789,25.40999984741211,24.440000534057617,24.600000381469727,17.90357208251953,-0.0378242075320588,-2.031044666826076,-0.3711681365966797,-0.3711681365966797
2009-09-24,24.809999465942383,25.030000686645508,24.030000686645508,24.15999984741211,17.583341598510742,1.8738833402157788,-1.7886401804780183,-0.320230484008789,-0.32023048400878906
2009-09-25,24.15999984741211,25.06999969482422,24.07999992370605,25.06999969482422,18.245630264282227,-0.4176336541044768,3.76656884051878,0.6622886657714844,0.6622886657714844
2009-09-28,24.920000076293945,25.5,24.700000762939453,25.350000381469727,18.44941139221192,-0.2530495605897623,1.1168763423240913,0.203781127929691,0.2037811279296946
2009-09-29,25.459999084472656,25.51000022888184,23.93000030517578,24.270000457763672,17.66339683532715,1.0256422428707117,-4.260377418959671,-0.7860145568847692,-0.7860145568847727
2009-09-30,24.36000061035156,24.600000381469727,23.63999938964844,24.11000061035156,17.546951293945312,0.4179471283548428,-0.65924772266307,-0.1164455413818359,-0.11644554138183594
2009-10-01,24.100000381469727,24.239999771118164,23.350000381469727,23.709999084472656,17.255834579467773,0.2786836646116228,-1.6590729044651198,-0.291116714477539,-0.29111671447753906
2009-10-02,23.549999237060547,24.489999771118164,23.450000762939453,24.059999465942383,17.51056671142578,0.2153820901828865,1.4762087036990224,0.2547321319580078,0.2547321319580078
2009-10-05,24.1200008392334,24.81999969482422,23.11000061035156,23.1299991607666,16.83371353149414,0.658493111184041,-3.865398482448823,-0.6768531799316406,-0.6768531799316406
2009-10-06,24.350000381469727,24.350000381469727,23.290000915527344,23.739999771118164,17.277666091918945,-0.5062558583047078,2.637282377380457,0.4439525604248047,0.4439525604248047
2009-10-07,23.479999542236328,23.790000915527344,23.350000381469727,23.520000457763672,17.11756134033203,1.3927913745573826,-0.926657285394572,-0.160104751586914,-0.16010475158691406
2009-10-08,23.59000015258789,23.850000381469727,23.43000030517578,23.43000030517578,17.052059173583984,0.4812487027835792,-0.3826606223031992,-0.0655021667480468,-0.06550216674804688
2009-10-09,23.90999984741211,24.440000534057617,23.459999084472656,23.959999084472656,17.43778419494629,-0.518916173190455,2.262043647841927,0.3857250213623047,0.3857250213623047
2009-10-12,24.059999465942383,24.100000381469727,23.440000534057617,23.520000457763672,17.11756134033203,0.759775630270019,-1.8363735382564417,-0.3202228546142578,-0.3202228546142578
2009-10-13,23.40999984741211,24.75,23.40999984741211,24.559999465942383,17.87445640563965,1.40545168944313,4.4217458915963626,0.7568950653076172,0.7568950653076172
2009-10-14,24.799999237060547,25.0,24.420000076293945,24.600000381469727,17.90357208251953,0.8230772046987554,0.1628898592445971,0.0291156768798828,0.029115676879882812
2009-10-15,24.32999992370605,24.700000762939453,23.68000030517578,24.0,17.46689796447754,0.240702719954381,-2.4390334846549844,-0.4366741180419922,-0.4366741180419922
2009-10-16,23.850000381469727,23.850000381469727,23.049999237060547,23.059999465942383,16.782772064208984,-0.1517670415037842,-3.916699471536744,-0.6841259002685547,-0.6841259002685547
2009-10-19,23.270000457763672,23.350000381469727,22.700000762939453,23.100000381469727,16.811885833740234,0.379966183697601,0.1734741401471895,0.02911376953125,0.02911376953125
2009-10-20,23.06999969482422,23.06999969482422,22.63999938964844,22.68000030517578,16.50621795654297,-0.1137860968465424,-1.8181653160159628,-0.3056678771972656,-0.3056678771972656
2009-10-21,22.540000915527344,22.739999771118164,22.040000915527344,22.18000030517578,16.142322540283203,0.2913439794973701,-2.2045959723651865,-0.3638954162597656,-0.3638954162597656
2009-10-22,22.14999961853028,23.239999771118164,22.14999961853028,23.100000381469727,16.811885833740234,1.924524599758768,4.147874581158528,0.6695632934570312,0.6695632934570312
2009-10-23,22.479999542236328,22.479999542236328,22.030000686645508,22.14999961853028,16.120494842529297,0.519229647440821,-4.112513004480234,-0.6913909912109375,-0.6913909912109375
2009-10-26,22.14999961853028,22.25,22.0,22.0,16.011323928833008,0.4179471283548428,-0.6772181298571156,-0.109170913696289,-0.10917091369628906
2009-10-27,22.040000915527344,22.489999771118164,22.01000022888184,22.25,16.193269729614258,0.5318899623265683,1.1363570032681958,0.18194580078125,0.18194580078125
2009-10-28,22.280000686645508,23.25,22.280000686645508,22.309999465942383,16.2369327545166,2.165070582587966,0.2696368653854586,0.0436630249023437,0.04366302490234375
2009-10-29,22.51000022888184,22.799999237060547,21.90999984741211,22.06999969482422,16.13458251953125,1.1902263363854262,-0.6303544920260973,-0.1023502349853515,-0.10235023498535156
2009-10-30,21.89999961853028,22.11000061035156,20.40999984741211,21.0,15.35234546661377,0.8104168898130081,-4.8482013833984645,-0.7822370529174805,-0.7822370529174805
2009-11-02,21.100000381469727,22.299999237060547,20.100000381469727,21.989999771118164,16.076101303100586,2.506899084503142,4.7143013949285,0.7237558364868164,0.7237558364868164
2009-11-03,21.850000381469727,21.8799991607666,20.8700008392334,21.6200008392334,15.805606842041016,0.3419852390403592,-1.682587438083638,-0.2704944610595703,-0.2704944610595703
2009-11-04,21.690000534057617,21.690000534057617,19.06999969482422,19.959999084472656,14.592036247253418,2.582860973817626,-7.678101871796816,-1.2135705947875977,-1.2135705947875977
2009-11-05,20.1299991607666,20.729999542236328,19.950000762939453,20.729999542236328,15.154963493347168,0.8104168898130081,3.8577703382535633,0.56292724609375,0.56292724609375
2009-11-06,20.38999938964844,20.56999969482422,20.15999984741211,20.15999984741211,14.73824977874756,-0.4429542838759714,-2.749684714070999,-0.4167137145996076,-0.4167137145996076
2009-11-09,20.489999771118164,20.979999542236328,20.280000686645508,20.81999969482422,15.220754623413086,-0.1011257819607951,3.273827299095533,0.4825048446655255,0.48250484466552557
2009-11-10,20.6200008392334,21.0,20.11000061035156,20.18000030517578,14.752878189086914,0.190061460411392,-3.0739371726449694,-0.4678764343261719,-0.4678764343261719
2009-11-11,20.459999084472656,20.459999084472656,20.09000015258789,20.34000015258789,14.86984920501709,-0.3036908201327514,0.792869123102391,0.1169710159301757,0.11697101593017578
2009-11-12,19.8700008392334,19.8700008392334,18.520000457763672,19.09000015258789,13.956014633178713,-0.1011257819607951,-6.145553725790631,-0.9138345718383772,-0.9138345718383771
2009-11-13,19.25,19.799999237060547,18.989999771118164,19.100000381469727,13.963330268859863,0.2027217752971392,0.0524192319471872,0.0073156356811505,0.007315635681150567
2009-11-16,19.34000015258789,20.65999984741211,19.0,19.3799991607666,14.168021202087402,4.102098760107298,1.4659177236824972,0.204690933227539,0.20469093322753906
2009-11-17,19.3799991607666,19.850000381469727,19.25,19.26000022888184,14.08029842376709,0.2913439794973701,-0.6191604111051685,-0.0877227783203125,-0.0877227783203125
2009-11-18,19.26000022888184,19.34000015258789,19.25,19.25,14.072985649108888,-0.2403892457040151,-0.0519362192342276,-0.0073127746582013,-0.007312774658201349
2009-11-19,19.15999984741211,19.489999771118164,19.15999984741211,19.25,14.072985649108888,0.6078518516410518,0.0,0.0,0.0
2009-11-20,19.14999961853028,19.56999969482422,19.14999961853028,19.280000686645508,14.094919204711914,0.1394202008684029,0.1558557377226765,0.0219335556030255,0.021933555603025567
2009-11-23,19.64999961853028,20.959999084472656,19.64999961853028,20.36000061035156,14.884462356567385,-0.0251638926463115,5.601615308241903,0.7895431518554705,0.7895431518554705
2009-11-24,20.39999961853028,20.700000762939453,19.64999961853028,20.13999938964844,14.723634719848633,0.240702719954381,-1.080506859206709,-0.1608276367187517,-0.16082763671875178
2009-11-25,20.170000076293945,20.170000076293945,19.39999961853028,19.700000762939453,14.401959419250488,0.70913437072703,-2.1847546935166773,-0.3216753005981445,-0.32167530059814453
2009-11-27,19.1299991607666,19.26000022888184,18.89999961853028,18.89999961853028,13.817112922668455,0.1014392562111611,-4.0608814367321,-0.584846496582033,-0.584846496582033
2009-11-30,18.950000762939453,19.71999931335449,18.5,19.32999992370605,14.13147258758545,2.785426011989582,2.27514725164657,0.3143596649169939,0.31435966491699396
2009-12-01,19.46999931335449,21.3700008392334,19.46999931335449,21.3700008392334,15.622842788696287,2.139749952816471,10.553537091534348,1.491370201110838,1.491370201110838
2009-12-02,21.31999969482422,21.43000030517578,21.0,21.299999237060547,15.571664810180664,0.4939090176693264,-0.3275842892860203,-0.0511779785156232,-0.051177978515623224
2009-12-03,21.450000762939453,21.450000762939453,19.530000686645508,19.770000457763672,14.453140258789062,1.4814135787576137,-7.183076215847628,-1.1185245513916016,-1.1185245513916016
2009-12-04,20.290000915527344,20.530000686645508,19.39999961853028,19.8799991607666,14.533552169799805,1.5700357829578444,0.5563629050222785,0.0804119110107421,0.08041191101074219
2009-12-07,19.90999984741211,20.420000076293945,19.32999992370605,19.71999931335449,14.416581153869627,2.443597510074406,-0.8048343210494635,-0.1169710159301775,-0.11697101593017756
2009-12-08,19.6200008392334,19.940000534057617,19.229999542236328,19.31999969482422,14.124164581298828,0.6078518516410518,-2.028335077851029,-0.292416572570799,-0.292416572570799
2009-12-09,19.280000686645508,20.13999938964844,19.280000686645508,19.850000381469727,14.51162338256836,0.1014392562111611,2.743233407111023,0.3874588012695312,0.38745880126953125
2009-12-10,19.89999961853028,20.26000022888184,19.170000076293945,19.71999931335449,14.416581153869627,1.1522453917281843,-0.6549386391387357,-0.0950422286987322,-0.09504222869873225
2009-12-11,20.200000762939453,20.540000915527344,19.65999984741211,20.36000061035156,14.884462356567385,1.0509628726422062,3.245437997428202,0.4678812026977574,0.46788120269775746
2009-12-14,20.479999542236328,20.989999771118164,20.479999542236328,20.780000686645508,15.191513061523438,1.12692476195669,2.062894161713369,0.3070507049560529,0.3070507049560529
2009-12-15,20.030000686645508,20.790000915527344,19.57999992370605,19.989999771118164,14.613971710205078,1.4940738936433606,-3.801736857806071,-0.5775413513183594,-0.5775413513183594
2009-12-16,20.270000457763672,20.89999961853028,20.100000381469727,20.6299991607666,15.081853866577148,0.6458327962982936,3.201608472016848,0.4678821563720703,0.4678821563720703
2009-12-17,20.299999237060547,20.950000762939453,20.299999237060547,20.59000015258789,15.052613258361816,0.2786836646116228,-0.1938794028506829,-0.029240608215332,-0.02924060821533203
2009-12-18,20.739999771118164,21.979999542236328,20.299999237060547,21.979999542236328,16.068790435791016,5.583355601739728,6.750835618956108,1.0161771774291992,1.0161771774291992
2009-12-21,22.0,22.0,20.68000030517578,21.270000457763672,15.549727439880373,0.8863787791274917,-3.230255556476125,-0.5190629959106428,-0.5190629959106428
2009-12-22,21.299999237060547,21.850000381469727,20.6299991607666,20.770000457763672,15.184202194213867,0.7217946856127773,-2.350685869445168,-0.3655252456665057,-0.3655252456665057
2009-12-23,20.989999771118164,21.5,20.790000915527344,20.8799991607666,15.264617919921877,0.0381376817824247,0.5296012571450959,0.0804157257080095,0.08041572570800959
2009-12-24,21.68000030517578,21.68000030517578,21.13999938964844,21.13999938964844,15.454696655273438,-0.7594621560196531,1.2452243243080918,0.1900787353515607,0.19007873535156072
2009-12-28,21.670000076293945,21.959999084472656,21.059999465942383,21.770000457763672,15.91526985168457,0.4812487027835792,2.980150349660704,0.4605731964111328,0.4605731964111328
2009-12-29,21.770000457763672,21.809999465942383,21.170000076293945,21.489999771118164,15.71056842803955,0.0887789413254138,-1.286195116719013,-0.2047014236450195,-0.20470142364501953
2009-12-30,21.459999084472656,21.46999931335449,20.65999984741211,21.209999084472656,15.505873680114746,0.3040042943831174,-1.3029111509388458,-0.2046947479248047,-0.2046947479248047
2009-12-31,21.26000022888184,21.46999931335449,20.459999084472656,21.11000061035156,15.43276023864746,0.050797996668172,-0.4715209408744925,-0.0731134414672869,-0.07311344146728693
2010-01-04,21.170000076293945,21.40999984741211,20.549999237060547,21.1299991607666,15.447383880615234,0.1774011455256447,0.0947571383319578,0.0146236419677752,0.014623641967775214
2010-01-05,21.059999465942383,21.11000061035156,20.14999961853028,20.61000061035156,15.067228317260742,0.0381376817824247,-2.4609705196201204,-0.3801555633544922,-0.3801555633544922
2010-01-06,20.68000030517578,20.799999237060547,19.479999542236328,19.479999542236328,14.241129875183104,0.8230772046987554,-5.482749877303417,-0.8260984420776385,-0.8260984420776385
2010-01-07,19.549999237060547,20.14999961853028,19.270000457763672,19.270000457763672,14.087603569030762,-0.0631448373035533,-1.07804863446882,-0.1535263061523419,-0.15352630615234197
2010-01-08,19.239999771118164,19.84000015258789,19.239999771118164,19.6299991607666,14.350790023803713,-0.0251638926463115,1.8682130958846743,0.263186454772951,0.263186454772951
2010-01-11,19.75,20.0,19.530000686645508,19.68000030517578,14.38734531402588,0.0634583115539193,0.2547266747094268,0.0365552902221679,0.03655529022216797
2010-01-12,19.59000015258789,19.65999984741211,19.1200008392334,19.170000076293945,14.01449966430664,-0.1011257819607951,-2.5914832902200646,-0.37284564971924,-0.37284564971924006
2010-01-13,19.299999237060547,20.96999931335449,19.200000762939453,19.81999969482422,14.4896879196167,4.4565875769082215,3.3906901187511496,0.4751882553100586,0.4751882553100586
2010-01-14,19.790000915527344,19.88999938964844,19.25,19.32999992370605,14.13147258758545,0.0128170520109302,-2.472208746099247,-0.35821533203125,-0.35821533203125
2010-01-15,19.479999542236328,19.82999992370605,19.100000381469727,19.270000457763672,14.087603569030762,1.2028866512711736,-0.3104348699881853,-0.0438690185546875,-0.0438690185546875
2010-01-19,19.26000022888184,19.59000015258789,19.100000381469727,19.420000076293945,14.197264671325684,0.3546455539261064,0.7784226874185673,0.1096611022949218,0.10966110229492188
2010-01-20,19.280000686645508,19.34000015258789,19.040000915527344,19.100000381469727,13.963330268859863,0.4685883878978319,-1.647742772157368,-0.2339344024658203,-0.2339344024658203
2010-01-21,19.1200008392334,19.25,18.3700008392334,18.38999938964844,13.4442720413208,1.2408675959284154,-3.7172953553682886,-0.5190582275390625,-0.5190582275390625
2010-01-22,18.43000030517578,18.8700008392334,18.0,18.13999938964844,13.26150131225586,0.7471153153842718,-1.3594691367684208,-0.1827707290649414,-0.1827707290649414
2010-01-25,18.309999465942383,18.68000030517578,17.65999984741211,18.0,13.15915870666504,0.4306074432405901,-0.77172714597733,-0.1023426055908185,-0.10234260559081854
2010-01-26,18.0,18.3700008392334,18.0,18.0,13.15915870666504,0.2533630348401283,0.0,0.0,0.0
2010-01-27,17.829999923706055,18.59000015258789,17.829999923706055,18.40999984741211,13.458892822265623,-0.0758051521893006,2.277760473006296,0.2997341156005824,0.2997341156005824
2010-01-28,18.39999961853028,18.40999984741211,18.0,18.059999465942383,13.275129318237305,0.2027217752971392,-1.365368655914334,-0.1837635040283185,-0.18376350402831854
2010-01-29,18.010000228881836,18.5,18.0,18.5,13.598555564880373,1.8738833402157788,2.4363321734180543,0.3234262466430682,0.3234262466430682
2010-02-01,18.559999465942383,18.64999961853028,17.760000228881836,18.1299991607666,13.326579093933104,0.6711534260697882,-2.000039413374721,-0.2719764709472692,-0.2719764709472692
2010-02-02,18.6299991607666,18.68000030517578,17.860000610351562,17.860000610351562,13.128117561340332,0.2913439794973701,-1.489215883490469,-0.1984615325927716,-0.19846153259277166
2010-02-03,17.860000610351562,18.34000015258789,17.75,17.760000228881836,13.054610252380373,0.5951915367553046,-0.5599226897268439,-0.0735073089599591,-0.07350730895995916
2010-02-04,17.760000228881836,17.760000228881836,17.25,17.25,12.679728507995604,0.5318899623265683,-2.871642562568377,-0.3748817443847692,-0.3748817443847692
2010-02-05,17.520000457763672,17.860000610351562,17.25,17.479999542236328,12.84879207611084,-0.3036908201327514,1.333337444951033,0.1690635681152361,0.16906356811523615
2010-02-08,17.450000762939453,17.450000762939453,17.0,17.049999237060547,12.53271770477295,-0.2657098754755096,-2.459953974393847,-0.3160743713378906,-0.3160743713378906
2010-02-09,17.399999618530273,17.600000381469727,17.149999618530273,17.540000915527344,12.892897605895996,0.0001567371251829,2.873916971622803,0.3601799011230469,0.3601799011230469
2010-02-10,17.510000228881836,17.860000610351562,17.510000228881836,17.829999923706055,13.10606288909912,-0.2530495605897623,1.653354348409941,0.2131652832031232,0.21316528320312322
2010-02-11,17.389999389648438,17.860000610351562,17.09000015258789,17.709999084472656,13.017857551574709,-0.0884654670750478,-0.6730117066489516,-0.0882053375244105,-0.08820533752441051
2010-02-12,17.690000534057617,18.09000015258789,17.5,18.09000015258789,13.297178268432615,0.3040042943831174,2.14567347776915,0.2793207168579066,0.2793207168579066
2010-02-16,18.34000015258789,18.5,18.040000915527344,18.459999084472656,13.56914520263672,-0.1264464117322896,2.045298097941206,0.2719669342041051,0.2719669342041051
2010-02-17,18.600000381469727,18.86000061035156,18.32999992370605,18.57999992370605,13.657353401184082,-0.3290114499042459,0.650064519393756,0.0882081985473615,0.0882081985473615
2010-02-18,18.57999992370605,18.850000381469727,18.549999237060547,18.850000381469727,13.85582160949707,-0.4935955434189604,1.453196695457715,0.1984682083129882,0.19846820831298828
2010-02-19,18.809999465942383,19.0,18.799999237060547,18.86000061035156,13.863170623779297,0.379966183697601,0.0530391808536867,0.0073490142822265,0.0073490142822265625
2010-02-22,18.6299991607666,18.979999542236328,18.43000030517578,18.96999931335449,13.944029808044434,-0.189747986161026,0.5832661694752606,0.0808591842651367,0.08085918426513672
2010-02-23,18.989999771118164,19.0,18.57999992370605,18.64999961853028,13.708806991577148,0.6205121665267991,-1.6869070111395157,-0.2352228164672851,-0.23522281646728516
2010-02-24,18.780000686645508,18.850000381469727,18.559999465942383,18.790000915527344,13.811718940734863,-0.5315764880762023,0.7506995263770522,0.1029119491577148,0.10291194915771484
2010-02-25,18.51000022888184,18.850000381469727,18.46999931335449,18.82999992370605,13.841116905212402,-0.518916173190455,0.2128479778924275,0.029397964477539,0.029397964477539062
2010-02-26,18.850000381469727,18.850000381469727,18.200000762939453,18.51000022888184,13.60590362548828,0.4559280730120846,-1.699380774939807,-0.2352132797241228,-0.23521327972412287
2010-03-01,18.600000381469727,18.61000061035156,18.299999237060547,18.559999465942383,13.642653465270996,-0.2530495605897623,0.2701021614901933,0.0367498397827166,0.03674983978271662
2010-03-02,18.530000686645508,18.850000381469727,18.43000030517578,18.850000381469727,13.85582160949707,-0.4176336541044768,1.5625123424025888,0.2131681442260742,0.21316814422607422
2010-03-03,18.850000381469727,19.14999961853028,18.350000381469727,18.8799991607666,13.877873420715332,0.0254773668966775,0.1591519567713417,0.0220518112182617,0.02205181121826172
2010-03-04,18.51000022888184,18.89999961853028,18.170000076293945,18.89999961853028,13.892573356628418,-0.5568971178476968,0.1059235479921927,0.0146999359130859,0.014699935913085938
2010-03-05,18.93000030517578,19.89999961853028,18.540000915527344,19.75,14.517372131347656,0.2027217752971392,4.4973581112755845,0.6247987747192383,0.6247987747192383
2010-03-08,19.68000030517578,19.739999771118164,19.38999938964844,19.739999771118164,14.510022163391112,-0.6455193220479277,-0.0506287769580171,-0.0073499679565447,-0.007349967956544745
2010-03-09,19.709999084472656,20.0,19.46999931335449,20.0,14.70113754272461,-0.3163511350184987,1.3171267223538896,0.1911153793334978,0.19111537933349787
2010-03-10,19.940000534057617,20.25,19.450000762939453,20.059999465942383,14.745235443115234,-0.1517670415037842,0.2999625046869125,0.044097900390625,0.044097900390625
2010-03-11,19.959999084472656,20.26000022888184,19.84000015258789,20.26000022888184,14.892255783081056,0.0381376817824247,0.9970701419655504,0.1470203399658221,0.1470203399658221
2010-03-12,20.40999984741211,20.5,19.979999542236328,19.979999542236328,14.686434745788574,-0.3416717647899932,-1.38206756780469,-0.2058210372924822,-0.20582103729248225
2010-03-15,20.040000915527344,20.25,19.93000030517578,20.13999938964844,14.804046630859377,-0.4682749136474659,0.8008198525141008,0.1176118850708025,0.11761188507080256
2010-03-16,20.14999961853028,20.61000061035156,20.1299991607666,20.61000061035156,15.149524688720703,-0.5062558583047078,2.3336731265164223,0.3454780578613263,0.34547805786132635
2010-03-17,20.5,20.5,20.229999542236328,20.43000030517578,15.01720905303955,-0.6201986922764331,-0.8733979342577358,-0.1323156356811523,-0.13231563568115234
2010-03-18,20.5,20.5,20.07999992370605,20.31999969482422,14.936356544494627,-0.6075383773906858,-0.5383990344634548,-0.0808525085449236,-0.08085250854492365
2010-03-19,20.479999542236328,20.90999984741211,20.450000762939453,20.90999984741211,15.370038986206056,2.114429323044977,2.903535681004344,0.4336824417114293,0.43368244171142933
2010-03-22,20.76000022888184,21.25,20.76000022888184,21.25,15.619958877563477,0.2027217752971392,1.6260198922183111,0.2499198913574201,0.2499198913574201
2010-03-23,21.0,21.0,20.270000457763672,20.850000381469727,15.325933456420898,0.1647408306398974,-1.882370007804035,-0.2940254211425781,-0.2940254211425781
2010-03-24,20.799999237060547,20.799999237060547,20.239999771118164,20.3799991607666,14.980462074279783,-0.1011257819607951,-2.254162091486689,-0.345471382141115,-0.34547138214111506
2010-03-25,20.56999969482422,21.989999771118164,20.299999237060547,21.0,15.436192512512209,0.5572105920980628,3.042165428360688,0.4557304382324254,0.4557304382324254
2010-03-26,20.64999961853028,20.950000762939453,19.81999969482422,20.0,14.70113754272461,-0.0758051521893006,-4.761892993960659,-0.7350549697875994,-0.7350549697875994
2010-03-29,20.01000022888184,20.200000762939453,19.90999984741211,19.90999984741211,14.634982109069824,0.6458327962982936,-0.4500021407358723,-0.0661554336547851,-0.06615543365478516
2010-03-30,19.690000534057617,21.200000762939453,19.5,20.59000015258789,15.134819984436035,2.316994361216933,3.4153637608920877,0.4998378753662109,0.49983787536621094
2010-03-31,20.38999938964844,20.450000762939453,19.790000915527344,20.049999237060547,14.737895965576172,0.1394202008684029,-2.6225883047703347,-0.3969240188598633,-0.3969240188598633
2010-04-01,20.049999237060547,20.049999237060547,19.46999931335449,19.68000030517578,14.46591854095459,-0.2783701903612569,-1.8454291254114572,-0.271977424621582,-0.27197742462158203
2010-04-05,19.979999542236328,19.979999542236328,19.68000030517578,19.88999938964844,14.620282173156738,-0.6328590071621804,1.0670848986542358,0.1543636322021484,0.15436363220214844
2010-04-06,19.68000030517578,19.709999084472656,19.51000022888184,19.6200008392334,14.42182159423828,-0.4302939689902241,-1.3574333009990558,-0.1984605789184588,-0.1984605789184588
2010-04-07,19.530000686645508,19.940000534057617,19.09000015258789,19.09000015258789,14.03223705291748,-0.4176336541044768,-2.70135460194878,-0.389584541320799,-0.389584541320799
2010-04-08,18.600000381469727,19.309999465942383,18.600000381469727,18.959999084472656,13.936676025390623,-0.3543320796757405,-0.6810106411863193,-0.0955610275268572,-0.09556102752685725
2010-04-09,18.75,19.1200008392334,18.299999237060547,18.46999931335449,13.57650089263916,1.8105817657870424,-2.5843689850813423,-0.360175132751463,-0.36017513275146307
2010-04-12,18.450000762939453,19.940000534057617,18.450000762939453,19.530000686645508,14.355658531188965,2.3802959356456697,5.739016589850809,0.7791576385498047,0.7791576385498047
2010-04-13,19.40999984741211,19.600000381469727,18.31999969482422,18.51000022888184,13.60590362548828,0.2660233497258756,-5.22271342740408,-0.7497549057006854,-0.7497549057006854
2010-04-14,18.59000015258789,19.14999961853028,18.57999992370605,19.14999961853028,14.076339721679688,-0.1770876712752787,3.4575880378141743,0.470436096191408,0.470436096191408
2010-04-15,18.8700008392334,19.01000022888184,18.51000022888184,19.01000022888184,13.973430633544922,-0.3543320796757405,-0.7310784633612566,-0.1029090881347656,-0.10290908813476562
2010-04-16,18.989999771118164,19.40999984741211,18.809999465942383,19.049999237060547,14.002837181091309,0.1394202008684029,0.2104461554043313,0.0294065475463867,0.02940654754638672
2010-04-19,19.0,19.020000457763672,18.520000457763672,18.520000457763672,13.613252639770508,-0.5568971178476968,-2.782182898240615,-0.3895845413208008,-0.3895845413208008
2010-04-20,18.56999969482422,18.940000534057617,18.540000915527344,18.940000534057617,13.921981811523438,-0.518916173190455,2.2678575056411576,0.3087291717529297,0.3087291717529297
2010-04-21,18.959999084472656,19.049999237060547,18.64999961853028,18.979999542236328,13.951377868652344,-0.0884654670750478,0.2111485097946008,0.0293960571289062,0.02939605712890625
2010-04-22,18.780000686645508,20.450000762939453,18.549999237060547,20.059999465942383,14.745235443115234,1.4434326341003716,5.690173271319865,0.7938575744628906,0.7938575744628906
2010-04-23,20.32999992370605,20.84000015258789,20.190000534057617,20.290000915527344,14.914304733276367,2.405616565417164,1.1466028522459035,0.1690692901611328,0.1690692901611328
2010-04-26,19.940000534057617,19.989999771118164,19.5,19.68000030517578,14.46591854095459,-0.4302939689902241,-3.006416995901595,-0.4483861923217773,-0.44838619232177734
2010-04-27,19.6299991607666,19.6299991607666,18.600000381469727,18.68000030517578,13.730864524841309,0.2660233497258756,-5.081281316718767,-0.7350540161132812,-0.7350540161132812
2010-04-28,18.780000686645508,18.959999084472656,18.76000022888184,18.89999961853028,13.892573356628418,-0.6328590071621804,1.1777032064845816,0.1617088317871093,0.16170883178710938
2010-04-29,19.030000686645508,19.63999938964844,18.68000030517578,19.540000915527344,14.447094917297363,-0.2277289308182678,3.991496365965719,0.5545215606689453,0.5545215606689453
2010-04-30,19.540000915527344,19.61000061035156,18.89999961853028,19.1299991607666,14.14395523071289,0.0254773668966775,-2.098274347332807,-0.3031396865844726,-0.30313968658447266
2010-05-03,19.190000534057617,19.739999771118164,18.8799991607666,19.520000457763672,14.432311058044434,-0.0125035777605642,2.0387212956202827,0.2883558273315429,0.28835582733154297
2010-05-04,19.26000022888184,19.26000022888184,18.51000022888184,18.739999771118164,13.85560703277588,0.0001567371251829,-3.995922918714423,-0.5767040252685529,-0.5767040252685529
2010-05-05,18.520000457763672,19.36000061035156,18.5,18.59000015258789,13.744701385498049,0.2660233497258756,-0.800438746678378,-0.110905647277832,-0.11090564727783203
2010-05-06,18.59000015258789,19.489999771118164,18.100000381469727,18.100000381469727,13.38241481781006,-0.1011257819607951,-2.63582712731929,-0.3622865676879883,-0.3622865676879883
2010-05-07,18.06999969482422,18.5,17.899999618530273,17.989999771118164,13.301082611083984,0.3673058688118537,-0.6077543390587081,-0.081332206726076,-0.081332206726076
2010-05-10,18.540000915527344,18.920000076293945,18.1299991607666,18.920000076293945,13.988692283630373,0.2660233497258756,5.1695767378618696,0.6876096725463885,0.6876096725463885
2010-05-11,18.709999084472656,19.89999961853028,18.709999084472656,19.89999961853028,14.713266372680664,0.0128170520109302,5.179712830613847,0.7245740890502912,0.7245740890502912
2010-05-12,19.920000076293945,20.39999961853028,19.809999465942383,20.38999938964844,15.07554817199707,0.4306074432405901,2.462279891765462,0.3622817993164062,0.36228179931640625
2010-05-13,20.38999938964844,20.56999969482422,20.200000762939453,20.56999969482422,15.208633422851562,1.1649057066139317,0.8827888003548612,0.1330852508544922,0.1330852508544922
2010-05-14,20.350000381469727,20.350000381469727,19.049999237060547,19.1200008392334,14.13656520843506,0.2533630348401283,-7.049076564668056,-1.072068214416502,-1.0720682144165021
2010-05-17,19.459999084472656,19.90999984741211,19.1200008392334,19.40999984741211,14.350975036621094,0.0254773668966775,1.5167038458401283,0.2144098281860333,0.21440982818603338
2010-05-18,19.670000076293945,19.989999771118164,19.0,19.0,14.04783821105957,-0.189747986161026,-2.112308221483017,-0.3031368255615234,-0.30313682556152344
2010-05-19,19.020000457763672,19.920000076293945,19.020000457763672,19.34000015258789,14.299224853515623,0.0381376817824247,1.789504112156859,0.2513866424560529,0.2513866424560529
2010-05-20,19.01000022888184,19.84000015258789,19.0,19.0,14.04783821105957,0.5445502772123155,-1.7580438452525438,-0.2513866424560529,-0.2513866424560529
2010-05-21,18.71999931335449,19.239999771118164,18.63999938964844,18.809999465942383,13.90736484527588,0.949680353556228,-0.9999642911113438,-0.1404733657836896,-0.14047336578368963
2010-05-24,18.809999465942383,19.799999237060547,18.809999465942383,19.280000686645508,14.254860877990724,-0.3923130243329823,2.4986475625027094,0.3474960327148437,0.34749603271484375
2010-05-25,18.81999969482422,18.93000030517578,18.530000686645508,18.71999931335449,13.8408203125,-0.3036908201327514,-2.9045570422226774,-0.4140405654907244,-0.41404056549072443
2010-05-26,18.82999992370605,19.459999084472656,18.520000457763672,18.770000457763672,13.877787590026855,3.02597199481878,0.2670887757531881,0.0369672775268554,0.03696727752685547
2010-05-27,19.270000457763672,19.270000457763672,18.5,19.1200008392334,14.13656520843506,0.1267598859826556,1.864689286599064,0.2587776184082049,0.2587776184082049
2010-05-28,19.0,19.25,18.530000686645508,18.65999984741211,13.796459197998049,0.3166646092688647,-2.405860302148044,-0.3401060104370117,-0.3401060104370117
2010-06-01,18.520000457763672,19.25,18.190000534057617,18.190000534057617,13.448954582214355,1.835902395558537,-2.518795661963169,-0.3475046157836932,-0.3475046157836932
2010-06-02,18.89999961853028,19.209999084472656,18.38999938964844,19.09000015258789,14.114385604858398,0.0254773668966775,4.947827123485471,0.665431022644043,0.665431022644043
2010-06-03,18.90999984741211,19.540000915527344,18.850000381469727,19.100000381469727,14.12177848815918,-0.3923130243329823,0.0523783571439118,0.0073928833007812,0.00739288330078125
2010-06-04,18.81999969482422,18.93000030517578,18.0,18.030000686645508,13.330663681030272,0.4685883878978319,-5.602090471764876,-0.791114807128908,-0.791114807128908
2010-06-07,18.209999084472656,18.239999771118164,17.530000686645508,17.639999389648438,13.04231071472168,0.7344550004985245,-2.1630803477468485,-0.288352966308592,-0.288352966308592
2010-06-08,17.68000030517578,18.46999931335449,17.34000015258789,17.559999465942383,12.98316478729248,-0.1264464117322896,-0.4534927032710301,-0.0591459274291992,-0.05914592742919922
2010-06-09,17.729999542236328,18.809999465942383,17.260000228881836,17.739999771118164,13.11624813079834,0.2280424050686338,1.0250454776336015,0.1330833435058593,0.13308334350585938
2010-06-10,17.979999542236328,18.739999771118164,17.979999542236328,18.549999237060547,13.715127944946287,1.2155469661569207,4.565938431293581,0.5988798141479474,0.5988798141479474
2010-06-11,18.36000061035156,18.75,17.90999984741211,18.5,13.678163528442385,-0.0378242075320588,-0.2695156520032604,-0.0369644165039027,-0.0369644165039027
2010-06-14,18.68000030517578,18.75,18.3799991607666,18.479999542236328,13.663370132446287,0.4559280730120846,-0.1081533786705835,-0.0147933959960973,-0.014793395996097303
2010-06-15,18.530000686645508,19.06999969482422,18.299999237060547,19.06999969482422,14.099599838256836,1.1649057066139317,3.192694786000394,0.4362297058105486,0.43622970581054865
2010-06-16,18.88999938964844,19.14999961853028,18.540000915527344,18.549999237060547,13.715127944946287,0.84839783447025,-2.726828404500892,-0.3844718933105486,-0.38447189331054865
2010-06-17,18.709999084472656,19.06999969482422,18.61000061035156,18.81999969482422,13.914755821228027,0.6838137409555355,1.4555305432297994,0.19962787628174,0.19962787628174006
2010-06-18,18.96999931335449,19.299999237060547,18.8700008392334,19.290000915527344,14.262252807617188,3.494403645591429,2.497327231995161,0.3474969863891601,0.34749698638916016
2010-06-21,19.5,19.5,19.11000061035156,19.25,14.232680320739746,-0.0884654670750478,-0.2073479363768338,-0.0295724868774414,-0.029572486877441406
2010-06-22,19.38999938964844,19.959999084472656,19.34000015258789,19.56999969482422,14.469276428222656,0.4559280730120846,1.6623440009268189,0.2365961074829101,0.23659610748291016
2010-06-23,19.51000022888184,19.979999542236328,19.26000022888184,19.979999542236328,14.77241325378418,0.1394202008684029,2.095037903693986,0.3031368255615234,0.30313682556152344
2010-06-24,19.76000022888184,20.14999961853028,19.59000015258789,19.90999984741211,14.720660209655762,0.56987090698381,-0.3503357456857037,-0.0517530441284179,-0.05175304412841797
2010-06-28,20.200000762939453,20.56999969482422,19.850000381469727,20.25,14.972039222717283,0.1520805157541502,1.7076612698160964,0.2513790130615216,0.25137901306152166
2010-06-29,19.96999931335449,20.15999984741211,18.850000381469727,19.06999969482422,14.099599838256836,1.2915088554714045,-5.827124625326141,-0.8724393844604474,-0.8724393844604474
2010-06-30,19.06999969482422,19.88999938964844,19.059999465942383,19.540000915527344,14.447094917297363,1.456092948986119,2.4645740519362747,0.3474950790405273,0.34749507904052734
2010-07-01,19.479999542236328,19.520000457763672,18.709999084472656,18.89999961853028,13.973901748657228,0.0761186264396665,-3.27535169768689,-0.4731931686401349,-0.47319316864013494
2010-07-02,19.09000015258789,19.850000381469727,19.09000015258789,19.3700008392334,14.321404457092283,0.7217946856127773,2.486797994471712,0.347502708435055,0.34750270843505504
2010-07-06,19.549999237060547,19.57999992370605,18.670000076293945,18.75,13.863000869750977,0.6331724814125463,-3.20082844329066,-0.4584035873413068,-0.4584035873413068
2010-07-07,18.8799991607666,20.1200008392334,18.86000061035156,19.84000015258789,14.668903350830078,3.3678004967339565,5.813333553470224,0.8059024810791016,0.8059024810791016
2010-07-08,20.25,20.25,19.59000015258789,19.989999771118164,14.77980613708496,1.468753263871866,0.7560400638170872,0.110902786254881,0.11090278625488104
2010-07-09,19.89999961853028,19.920000076293945,19.549999237060547,19.71999931335449,14.580183029174805,-0.1264464117322896,-1.3506476746624418,-0.1996231079101544,-0.19962310791015447
2010-07-12,19.549999237060547,20.0,19.549999237060547,19.57999992370605,14.476675033569336,-0.1644273563895315,-0.7099224707834639,-0.1035079956054687,-0.10350799560546875
2010-07-13,19.920000076293945,20.239999771118164,19.600000381469727,20.229999542236328,14.957249641418455,0.899039094013239,3.3196476866043767,0.4805746078491193,0.4805746078491193
2010-07-14,20.059999465942383,20.229999542236328,19.64999961853028,20.229999542236328,14.957249641418455,1.088943817299448,0.0,0.0,0.0
2010-07-15,20.190000534057617,20.190000534057617,19.520000457763672,19.89999961853028,14.713266372680664,1.0636231875279536,-1.63120409558567,-0.2439832687377912,-0.2439832687377912
2010-07-16,19.690000534057617,19.690000534057617,18.200000762939453,18.200000762939453,13.456353187561035,2.544880029160384,-8.542720244999058,-1.256913185119629,-1.256913185119629
2010-07-19,18.26000022888184,18.84000015258789,17.90999984741211,18.51000022888184,13.685554504394531,2.266353101673944,1.7032944486428114,0.2292013168334961,0.2292013168334961
2010-07-20,18.309999465942383,19.950000762939453,18.309999465942383,19.600000381469727,14.49145793914795,1.6206770425008334,5.888715977819059,0.805903434753418,0.805903434753418
2010-07-21,19.68000030517578,19.780000686645508,18.5,18.5,13.678163528442385,0.2660233497258756,-5.612233179854808,-0.8132944107055646,-0.8132944107055646
2010-07-22,18.81999969482422,18.93000030517578,18.11000061035156,18.84000015258789,13.929543495178224,1.076283502413701,1.8378195743391943,0.2513799667358398,0.25137996673583984
2010-07-23,18.670000076293945,19.690000534057617,18.3700008392334,19.68000030517578,14.550606727600098,2.279013416559691,4.458604351512729,0.6210632324218732,0.6210632324218732
2010-07-26,19.729999542236328,20.0,19.190000534057617,20.0,14.787200927734377,1.6713183020438225,1.6260091731123527,0.2365942001342791,0.23659420013427912
2010-07-27,20.0,20.0,19.309999465942383,19.420000076293945,14.358372688293455,0.5065693325550737,-2.8999960272172,-0.4288282394409215,-0.4288282394409215
2010-07-28,19.3799991607666,19.3799991607666,18.600000381469727,18.950000762939453,14.010869026184082,0.658493111184041,-2.4202162017475493,-0.3475036621093732,-0.3475036621093732
2010-07-29,18.700000762939453,19.56999969482422,18.700000762939453,19.170000076293945,14.25628662109375,-0.2150686159325205,1.7516229325320376,0.2454175949096679,0.24541759490966797
2010-07-30,18.88999938964844,19.920000076293945,18.88999938964844,19.350000381469727,14.390149116516112,-0.3669923945614878,0.9389716900353172,0.1338624954223615,0.1338624954223615
2010-08-02,19.61000061035156,19.61000061035156,19.100000381469727,19.34000015258789,14.38271427154541,-0.1264464117322896,-0.0516662121462507,-0.0074348449707013,-0.007434844970701349
2010-08-03,19.309999465942383,19.920000076293945,19.14999961853028,19.549999237060547,14.538883209228516,-0.2657098754755096,1.0858099155321987,0.1561689376831054,0.15616893768310547
2010-08-04,19.71999931335449,19.75,19.43000030517578,19.75,14.687617301940918,-0.4682749136474659,1.0230090617826315,0.1487340927124023,0.14873409271240234
2010-08-05,19.809999465942383,19.920000076293945,19.530000686645508,19.530000686645508,14.524011611938477,-0.5442368029619495,-1.113902184671034,-0.1636056900024414,-0.1636056900024414
2010-08-06,19.299999237060547,19.5,19.0,19.25,14.315780639648438,-0.4429542838759714,-1.433701499652318,-0.208230972290039,-0.20823097229003906
2010-08-09,19.25,19.39999961853028,19.040000915527344,19.39999961853028,14.427329063415527,1.0256422428707117,0.7791990292038253,0.1115484237670898,0.11154842376708984
2010-08-10,19.21999931335449,19.739999771118164,19.21999931335449,19.32999992370605,14.375277519226074,-0.0125035777605642,-0.3607843417215983,-0.0520515441894531,-0.052051544189453125
2010-08-11,19.0,19.709999084472656,19.0,19.200000762939453,14.278594017028809,3.823571832620858,-0.6725679004663143,-0.0966835021972656,-0.09668350219726562
2010-08-12,19.0,19.31999969482422,18.07999992370605,18.09000015258789,13.453115463256836,0.3926264985833483,-5.781231350842376,-0.8254785537719727,-0.8254785537719727
2010-08-13,18.11000061035156,18.790000915527344,18.0,18.0,13.386180877685549,0.9370200386704808,-0.4975396647274643,-0.0669345855712872,-0.06693458557128729
2010-08-16,18.0,18.809999465942383,18.0,18.549999237060547,13.795205116271973,0.2280424050686338,3.055570833263266,0.409024238586424,0.409024238586424
2010-08-17,18.809999465942383,18.850000381469727,18.36000061035156,18.65999984741211,13.8770112991333,0.8230772046987554,0.5930044691023539,0.0818061828613281,0.08180618286132812
2010-08-18,18.56999969482422,18.56999969482422,18.25,18.450000762939453,13.720842361450195,0.0381376817824247,-1.125378759998985,-0.1561689376831054,-0.15616893768310547
2010-08-19,18.31999969482422,18.89999961853028,17.56999969482422,17.56999969482422,13.066402435302734,2.1903912123594607,-4.7696774651836416,-0.6544399261474609,-0.6544399261474609
2010-08-20,17.549999237060547,18.13999938964844,17.1299991607666,17.43000030517578,12.962288856506348,4.532549466222705,-0.7968037056251487,-0.1041135787963867,-0.10411357879638672
2010-08-23,17.489999771118164,17.8799991607666,16.739999771118164,16.739999771118164,12.449152946472168,1.3927913745573826,-3.958682881662634,-0.5131359100341797,-0.5131359100341797
2010-08-24,16.65999984741211,17.0,16.649999618530273,16.649999618530273,12.382219314575195,1.6206770425008334,-0.537656113510443,-0.0669336318969726,-0.06693363189697266
2010-08-25,16.610000610351562,17.18000030517578,16.610000610351562,17.18000030517578,12.77637004852295,1.3041691703571516,3.183199424385874,0.3941507339477539,0.3941507339477539
2010-08-26,17.0,17.079999923706055,16.90999984741211,16.90999984741211,12.575576782226562,-0.1264464117322896,-1.571598705530608,-0.2007932662963867,-0.20079326629638672
2010-08-27,17.15999984741211,17.729999542236328,17.079999923706055,17.530000686645508,13.03665542602539,0.6711534260697882,3.666461203198912,0.4610786437988281,0.4610786437988281
2010-08-30,17.5,17.5,17.059999465942383,17.09000015258789,12.70943832397461,0.3040042943831174,-2.509977378074668,-0.3272171020507812,-0.32721710205078125
2010-08-31,17.1200008392334,17.18000030517578,16.81999969482422,17.09000015258789,12.70943832397461,0.2660233497258756,0.0,0.0,0.0
2010-09-01,17.34000015258789,17.540000915527344,17.18000030517578,17.540000915527344,13.04409408569336,0.759775630270019,2.633127862837714,0.33465576171875,0.33465576171875
2010-09-02,17.540000915527344,17.6200008392334,17.290000915527344,17.579999923706055,13.07384204864502,-0.050484522417806,0.2280569486560857,0.0297479629516601,0.029747962951660156
2010-09-03,17.579999923706055,18.38999938964844,17.5,18.38999938964844,13.676218032836914,0.4812487027835792,4.607490146741711,0.6023759841918945,0.6023759841918945
2010-09-07,18.309999465942383,18.479999542236328,17.940000534057617,18.049999237060547,13.423365592956545,-0.1264464117322896,-1.8488476805010312,-0.2528524398803693,-0.2528524398803693
2010-09-08,18.020000457763672,18.020000457763672,17.3700008392334,17.790000915527344,13.230012893676758,-0.4682749136474659,-1.4404189317561489,-0.1933526992797869,-0.19335269927978693
2010-09-09,18.100000381469727,18.100000381469727,17.540000915527344,17.610000610351562,13.096152305603027,-0.3416717647899932,-1.0117948421479506,-0.1338605880737304,-0.13386058807373047
2010-09-10,17.15999984741211,17.440000534057617,17.15999984741211,17.389999389648438,12.932537078857422,-0.3036908201327514,-1.249338148546153,-0.1636152267456054,-0.16361522674560547
2010-09-13,17.739999771118164,18.5,17.719999313354492,18.34000015258789,13.639037132263184,0.190061460411392,5.462965612221393,0.7065000534057617,0.7065000534057617
2010-09-14,18.34000015258789,18.57999992370605,18.0,18.229999542236328,13.557229042053224,0.4685883878978319,-0.5998083986181291,-0.0818080902099591,-0.08180809020995916
2010-09-15,18.14999961853028,18.39999961853028,17.889999389648438,18.3799991607666,13.668773651123049,-0.3290114499042459,0.82276849291123,0.1115446090698242,0.11154460906982422
2010-09-16,18.290000915527344,18.520000457763672,18.020000457763672,18.1299991607666,13.482861518859863,-0.5695574327334441,-1.3601229854875108,-0.1859121322631853,-0.18591213226318537
2010-09-17,18.3799991607666,18.63999938964844,17.899999618530273,18.06999969482422,13.438240051269531,1.4307723192146244,-0.3309495356598857,-0.044621467590332,-0.04462146759033203
2010-09-20,18.170000076293945,19.6299991607666,18.11000061035156,19.6299991607666,14.598379135131836,0.8737184642417445,8.63311772550681,1.160139083862305,1.1601390838623047
2010-09-21,19.5,19.5,19.01000022888184,19.3700008392334,14.405023574829102,0.2027217752971392,-1.3245001963088754,-0.1933555603027343,-0.19335556030273438
2010-09-22,19.229999542236328,19.239999771118164,19.020000457763672,19.030000686645508,14.152170181274414,-0.4429542838759714,-1.7553139864103784,-0.2528533935546875,-0.2528533935546875
2010-09-23,18.950000762939453,18.950000762939453,18.11000061035156,18.200000762939453,13.534920692443848,-0.2277289308182678,-4.361518275460585,-0.6172494888305664,-0.6172494888305664
2010-09-24,18.5,19.39999961853028,18.059999465942383,19.39999961853028,14.427329063415527,0.7217946856127773,6.593377170432069,0.8924083709716797,0.8924083709716797
2010-09-27,19.36000061035156,19.36000061035156,18.920000076293945,19.040000915527344,14.159611701965332,-0.6075383773906858,-1.855626639369212,-0.2677173614501953,-0.2677173614501953
2010-09-28,19.15999984741211,19.350000381469727,18.57999992370605,19.190000534057617,14.27115249633789,0.3673058688118537,0.7877390759033043,0.1115407943725586,0.1115407943725586
2010-09-29,19.11000061035156,19.75,18.8799991607666,19.56999969482422,14.553756713867188,1.177566021499679,1.980248039545618,0.2826042175292969,0.2826042175292969
2010-09-30,19.75,19.950000762939453,19.5,19.940000534057617,14.828914642333984,0.8737184642417445,1.8906316346804173,0.2751579284667969,0.2751579284667969
2010-10-01,19.940000534057617,19.940000534057617,19.420000076293945,19.59000015258789,14.56863021850586,-0.0631448373035533,-1.755249322732344,-0.260284423828125,-0.260284423828125
2010-10-04,19.18000030517578,19.440000534057617,18.89999961853028,19.200000762939453,14.278594017028809,-0.2024083010467733,-1.9908268459489784,-0.2900362014770508,-0.2900362014770508
2010-10-05,19.479999542236328,19.950000762939453,19.299999237060547,19.90999984741211,14.80660915374756,1.2028866512711736,3.697949084405905,0.5280151367187518,0.5280151367187518
2010-10-06,19.170000076293945,19.89999961853028,19.170000076293945,19.68000030517578,14.6355619430542,0.1014392562111611,-1.1552085215274843,-0.1710472106933611,-0.17104721069336115
2010-10-07,19.8799991607666,19.989999771118164,19.5,19.989999771118164,14.866101264953612,0.4179471283548428,1.5751996595444906,0.2305393218994123,0.2305393218994123
2010-10-08,19.940000534057617,19.989999771118164,19.07999992370605,19.989999771118164,14.866101264953612,0.658493111184041,0.0,0.0,0.0
2010-10-11,19.40999984741211,19.89999961853028,19.40999984741211,19.40999984741211,14.43476676940918,0.6078518516410518,-2.901463456066256,-0.4313344955444318,-0.4313344955444318
2010-10-12,19.38999938964844,19.5,19.13999938964844,19.5,14.501702308654783,-0.4809352285332132,0.463710569868403,0.0669355392456036,0.06693553924560369
2010-10-13,19.549999237060547,19.63999938964844,19.25,19.600000381469727,14.576068878173828,0.519229647440821,0.5128126887190554,0.0743665695190447,0.07436656951904475
2010-10-14,19.5,19.670000076293945,19.5,19.549999237060547,14.538883209228516,-0.4429542838759714,-0.2551145254328091,-0.0371856689453125,-0.0371856689453125
2010-10-15,19.75,19.75,19.21999931335449,19.739999771118164,14.680181503295898,2.000486489073251,0.9718648401941588,0.1412982940673828,0.1412982940673828
2010-10-18,19.71999931335449,19.75,19.559999465942383,19.75,14.687617301940918,0.4685883878978319,0.0506519530657723,0.0074357986450195,0.007435798645019531
2010-10-19,19.3799991607666,19.82999992370605,19.3700008392334,19.709999084472656,14.65787124633789,0.3166646092688647,-0.2025247185538869,-0.0297460556030273,-0.029746055603027344
2010-10-20,19.8799991607666,19.96999931335449,19.600000381469727,19.940000534057617,14.828914642333984,0.9116994088989864,1.1669047511849715,0.1710433959960937,0.17104339599609375
2010-10-21,19.979999542236328,19.979999542236328,19.0,19.65999984741211,14.620688438415527,0.0254773668966775,-1.4041904545327055,-0.208226203918457,-0.20822620391845703
2010-10-22,19.65999984741211,19.75,19.600000381469727,19.75,14.687617301940918,-0.0631448373035533,0.4577682084349499,0.0669288635253906,0.06692886352539062
2010-10-25,19.809999465942383,19.81999969482422,19.40999984741211,19.75,14.687617301940918,-0.0378242075320588,0.0,0.0,0.0
2010-10-26,19.56999969482422,19.75,19.549999237060547,19.729999542236328,14.672748565673828,-0.2277289308182678,-0.1012331405525146,-0.0148687362670898,-0.014868736267089844
2010-10-27,19.729999542236328,19.75,19.450000762939453,19.61000061035156,14.583504676818848,-0.1137860968465424,-0.6082288431205174,-0.0892438888549804,-0.08924388885498047
2010-10-28,19.770000457763672,19.770000457763672,19.14999961853028,19.38999938964844,14.50124168395996,-0.4429542838759714,-0.564082466333693,-0.0822629928588885,-0.0822629928588885
2010-10-29,19.309999465942383,19.739999771118164,19.26000022888184,19.40999984741211,14.516193389892578,0.0634583115539193,0.1031063839806112,0.0149517059326189,0.014951705932618964
2010-11-01,19.40999984741211,19.780000686645508,19.0,19.0,14.209566116333008,0.0887789413254138,-2.112311852865434,-0.3066272735595703,-0.3066272735595703
2010-11-02,19.31999969482422,19.63999938964844,19.31999969482422,19.63999938964844,14.688206672668455,-0.1137860968465424,3.368438926402395,0.4786405563354474,0.47864055633544744
2010-11-03,19.59000015258789,19.790000915527344,19.51000022888184,19.790000915527344,14.80038356781006,-0.2403892457040151,0.7637208383671545,0.1121768951416051,0.11217689514160512
2010-11-04,19.770000457763672,20.14999961853028,19.64999961853028,20.14999961853028,15.069621086120604,1.7346198764725589,1.8191252752132625,0.2692375183105433,0.2692375183105433
2010-11-05,20.0,20.770000457763672,19.850000381469727,20.770000457763672,15.53330135345459,0.2913439794973701,3.076920545540762,0.4636802673339861,0.46368026733398615
2010-11-08,20.61000061035156,20.75,20.15999984741211,20.290000915527344,15.174323081970217,-0.189747986161026,-2.311023673048984,-0.3589782714843732,-0.3589782714843732
2010-11-09,20.3700008392334,20.420000076293945,19.989999771118164,20.09000015258789,15.024751663208008,-0.4556145987617186,-0.9856875852335412,-0.1495714187622088,-0.1495714187622088
2010-11-10,20.170000076293945,20.5,19.96999931335449,20.5,15.33137321472168,0.1394202008684029,2.0407761697953,0.3066215515136719,0.3066215515136719
2010-11-11,20.21999931335449,20.34000015258789,19.989999771118164,20.190000534057617,15.099538803100586,-0.3163511350184987,-1.5121568588420953,-0.2318344116210937,-0.23183441162109375
2010-11-12,19.93000030517578,20.31999969482422,19.93000030517578,20.11000061035156,15.039705276489258,-0.4935955434189604,-0.3962606235300536,-0.0598335266113281,-0.059833526611328125
2010-11-15,20.39999961853028,20.739999771118164,20.39999961853028,20.5,15.33137321472168,-0.0758051521893006,1.9393195070675384,0.2916679382324219,0.2916679382324219
2010-11-16,20.3799991607666,20.3799991607666,20.049999237060547,20.170000076293945,15.084572792053224,-0.0251638926463115,-1.6097737574574775,-0.2468004226684552,-0.24680042266845525
2010-11-17,20.21999931335449,20.32999992370605,19.39999961853028,19.690000534057617,14.725594520568848,-0.1011257819607951,-2.3797708853477872,-0.3589782714843768,-0.3589782714843768
2010-11-18,19.90999984741211,20.1200008392334,19.25,19.940000534057617,14.912564277648926,-0.0125035777605642,1.2696924176400337,0.1869697570800781,0.18696975708007812
2010-11-19,20.01000022888184,20.25,19.75,20.209999084472656,15.114492416381836,0.4052868134690955,1.3540805925347232,0.2019281387329101,0.20192813873291016
2010-11-22,20.020000457763672,20.020000457763672,19.5,19.90999984741211,14.890132904052734,-0.3543320796757405,-1.484399913330403,-0.2243595123291015,-0.22435951232910156
2010-11-23,19.64999961853028,19.64999961853028,19.239999771118164,19.36000061035156,14.478798866271973,-0.0378242075320588,-2.762460485955809,-0.4113340377807617,-0.4113340377807617
2010-11-24,19.5,19.75,19.459999084472656,19.75,14.77047061920166,0.1140995710969084,2.014474789128617,0.2916717529296875,0.2916717529296875
2010-11-26,19.39999961853028,19.68000030517578,19.39999961853028,19.459999084472656,14.553585052490234,-0.4682749136474659,-1.468372757395242,-0.2168855667114257,-0.21688556671142578
2010-11-29,19.309999465942383,19.6299991607666,19.309999465942383,19.6299991607666,14.680728912353516,0.0381376817824247,0.8736257039396955,0.1271438598632812,0.12714385986328125
2010-11-30,19.479999542236328,19.540000915527344,19.31999969482422,19.540000915527344,14.61341953277588,0.5318899623265683,-0.4584879945640496,-0.0673093795776349,-0.06730937957763494
2010-12-01,19.780000686645508,20.21999931335449,19.6299991607666,20.170000076293945,15.084572792053224,0.7217946856127773,3.22411368687947,0.4711532592773437,0.47115325927734375
2010-12-02,19.989999771118164,20.3799991607666,19.940000534057617,20.3700008392334,15.234152793884276,0.3926264985833483,0.9916091353270096,0.1495800018310511,0.14958000183105113
2010-12-03,20.290000915527344,20.299999237060547,19.940000534057617,20.270000457763672,15.159363746643066,0.4306074432405901,-0.4909301373899333,-0.0747890472412091,-0.07478904724120916
2010-12-06,20.15999984741211,20.38999938964844,20.100000381469727,20.3700008392334,15.234152793884276,0.2533630348401283,0.4933521517865191,0.0747890472412091,0.07478904724120916
2010-12-07,20.530000686645508,20.530000686645508,20.209999084472656,20.520000457763672,15.346333503723145,0.8230772046987554,0.7363764257629413,0.1121807098388689,0.11218070983886896
2010-12-08,20.5,20.64999961853028,20.38999938964844,20.39999961853028,15.256586074829102,0.2913439794973701,-0.5848134922407988,-0.0897474288940429,-0.08974742889404297
2010-12-09,20.64999961853028,20.71999931335449,20.5,20.68000030517578,15.465991973876951,0.4685883878978319,1.3725606634457763,0.2094058990478498,0.2094058990478498
2010-12-10,20.670000076293945,20.979999542236328,20.5,20.979999542236328,15.690352439880373,0.2660233497258756,1.4506697428938289,0.2243604660034215,0.22436046600342152
2010-12-13,20.989999771118164,20.989999771118164,20.6299991607666,20.959999084472656,15.67540168762207,0.1774011455256447,-0.0952862742604976,-0.0149507522583025,-0.014950752258302558
2010-12-14,20.950000762939453,21.0,20.59000015258789,20.89999961853028,15.630526542663574,0.6458327962982936,-0.2862774801741241,-0.044875144958496,-0.044875144958496094
2010-12-15,20.75,20.96999931335449,20.64999961853028,20.729999542236328,15.503388404846191,-0.0378242075320588,-0.813396384762588,-0.1271381378173828,-0.1271381378173828
2010-12-16,20.729999542236328,21.46999931335449,20.71999931335449,21.280000686645508,15.914714813232422,0.7217946856127773,2.653138769700525,0.4113264083862304,0.41132640838623047
2010-12-17,20.61000061035156,21.479999542236328,20.61000061035156,21.43000030517578,16.026899337768555,2.874048216189813,0.7049106807924366,0.1121845245361328,0.11218452453613281
2010-12-20,21.40999984741211,21.479999542236328,21.07999992370605,21.07999992370605,15.76513957977295,0.0001567371251829,-1.6332526490557608,-0.2617597579956054,-0.26175975799560547
2010-12-21,21.239999771118164,21.65999984741211,21.1299991607666,21.64999961853028,16.191425323486328,0.2153820901828865,2.703976971192268,0.4262857437133789,0.4262857437133789
2010-12-22,21.790000915527344,22.0,21.700000762939453,21.989999771118164,16.445703506469727,-0.1644273563895315,1.5704496540805302,0.2542781829833984,0.25427818298339844
2010-12-23,21.670000076293945,21.950000762939453,21.65999984741211,21.709999084472656,16.23630142211914,0.1774011455256447,-1.2732935642929877,-0.2094020843505859,-0.20940208435058594
2010-12-27,21.700000762939453,22.0,21.68000030517578,22.0,16.453184127807617,-0.1770876712752787,1.3357888600972423,0.2168827056884765,0.21688270568847656
2010-12-28,21.959999084472656,21.959999084472656,21.809999465942383,21.8799991607666,16.36343765258789,-0.189747986161026,-0.5454656954093529,-0.0897464752197265,-0.08974647521972656
2010-12-29,21.8799991607666,22.0,21.84000015258789,21.979999542236328,16.438228607177734,-0.1644273563895315,0.4570613839080195,0.0747909545898437,0.07479095458984375
2010-12-30,21.979999542236328,22.84000015258789,21.89999961853028,22.100000381469727,16.527973175048828,2.089108693273482,0.545950357643199,0.0897445678710937,0.08974456787109375
2010-12-31,22.1200008392334,22.1200008392334,21.600000381469727,21.670000076293945,16.20638656616211,-0.2783701903612569,-1.945711101299441,-0.3215866088867187,-0.32158660888671875
2011-01-03,21.81999969482422,21.920000076293945,21.6299991607666,21.76000022888184,16.273693084716797,0.1267598859826556,0.4153086086149393,0.0673065185546875,0.0673065185546875
2011-01-04,21.88999938964844,21.88999938964844,21.36000061035156,21.479999542236328,16.06429100036621,0.0634583115539193,-1.286752080554121,-0.2094020843505859,-0.20940208435058594
2011-01-05,21.440000534057617,21.479999542236328,21.229999542236328,21.299999237060547,15.92967414855957,-0.1644273563895315,-0.837988130341838,-0.1346168518066406,-0.13461685180664062
2011-01-06,20.959999084472656,21.0,20.809999465942383,21.0,15.70530891418457,-0.4682749136474659,-1.408473470848037,-0.224365234375,-0.224365234375
2011-01-07,20.96999931335449,20.96999931335449,20.5,20.600000381469727,15.406163215637209,-0.0378242075320588,-1.904742531216197,-0.2991456985473615,-0.2991456985473615
2011-01-10,20.549999237060547,20.56999969482422,20.1299991607666,20.440000534057617,15.2864990234375,-0.1011257819607951,-0.7767293551599552,-0.1196641921997088,-0.11966419219970881
2011-01-11,20.280000686645508,20.46999931335449,20.200000762939453,20.270000457763672,15.159363746643066,-0.5568971178476968,-0.8316834129221351,-0.1271352767944336,-0.1271352767944336
2011-01-12,20.489999771118164,21.68000030517578,20.489999771118164,20.770000457763672,15.53330135345459,0.0634583115539193,2.4667104309989973,0.3739376068115234,0.37393760681152344
2011-01-13,20.850000381469727,21.479999542236328,20.850000381469727,20.8700008392334,15.608087539672852,-0.1137860968465424,0.4814571256716693,0.0747861862182617,0.07478618621826172
2011-01-14,21.0,21.209999084472656,20.89999961853028,21.200000762939453,15.854887008666992,0.2280424050686338,1.5812281188635202,0.2467994689941406,0.24679946899414062
2011-01-18,21.01000022888184,21.549999237060547,21.01000022888184,21.1299991607666,15.802531242370604,-0.2657098754755096,-0.3302184762828508,-0.0523557662963884,-0.052355766296388495
2011-01-19,21.15999984741211,21.15999984741211,19.75,19.88999938964844,14.87517547607422,0.5572105920980628,-5.8684001447180005,-0.9273557662963832,-0.9273557662963832
2011-01-20,19.90999984741211,20.489999771118164,19.239999771118164,19.239999771118164,14.389058113098145,0.3673058688118537,-3.2679773341697027,-0.486117362976076,-0.486117362976076
2011-01-21,19.479999542236328,20.459999084472656,19.479999542236328,19.51000022888184,14.590985298156738,0.8230772046987554,1.4033384497542878,0.2019271850585937,0.20192718505859375
2011-01-24,19.68000030517578,20.18000030517578,19.36000061035156,19.549999237060547,14.62089729309082,4.494568521565463,0.2050032559340664,0.029911994934082,0.02991199493408203
2011-01-25,19.540000915527344,19.8799991607666,19.209999084472656,19.40999984741211,14.516193389892578,0.2660233497258756,-0.716125016812208,-0.1047039031982421,-0.10470390319824219
2011-01-26,19.3799991607666,19.56999969482422,19.350000381469727,19.549999237060547,14.62089729309082,-0.2277289308182678,0.7212903575061658,0.1047039031982421,0.10470390319824219
2011-01-27,19.739999771118164,19.739999771118164,19.36000061035156,19.36000061035156,14.478798866271973,-0.5695574327334441,-0.9718858150107978,-0.1420984268188476,-0.14209842681884766
2011-01-28,19.34000015258789,19.34000015258789,17.8700008392334,17.8700008392334,13.44084358215332,1.0636231875279536,-7.168794136207978,-1.0379552841186523,-1.0379552841186523
2011-01-31,18.09000015258789,18.51000022888184,18.010000228881836,18.049999237060547,13.576224327087402,1.0509628726422062,1.0072339887493342,0.135380744934082,0.13538074493408203
2011-02-01,18.18000030517578,18.950000762939453,18.18000030517578,18.8700008392334,14.192989349365234,-0.2277289308182678,4.542979015507709,0.616765022277832,0.616765022277832
2011-02-02,18.690000534057617,19.0,18.690000534057617,18.89999961853028,14.215548515319824,-0.4429542838759714,0.1589458386763276,0.0225591659545898,0.022559165954589844
2011-02-03,18.770000457763672,18.770000457763672,18.34000015258789,18.3799991607666,13.82442855834961,-0.5822177476191913,-2.7513532562511545,-0.3911199569702148,-0.39111995697021484
2011-02-04,18.350000381469727,18.40999984741211,17.75,18.010000228881836,13.546138763427734,0.5572105920980628,-2.013029281805612,-0.278289794921875,-0.278289794921875
2011-02-07,18.0,18.3700008392334,18.0,18.13999938964844,13.643918991088867,-0.0631448373035533,0.7218309908733733,0.0977802276611328,0.09778022766113281
2011-02-08,18.18000030517578,18.450000762939453,17.790000915527344,18.1299991607666,13.636397361755373,0.1520805157541502,-0.0551280708893653,-0.0075216293334943,-0.007521629333494317
2011-02-09,17.950000762939453,18.270000457763672,17.950000762939453,18.21999931335449,13.704092979431152,-0.3036908201327514,0.4964333018458333,0.0676956176757794,0.06769561767577947
2011-02-10,18.6200008392334,18.6200008392334,17.920000076293945,18.26000022888184,13.734175682067873,-0.0125035777605642,0.2195161889362085,0.0300827026367205,0.030082702636720526
2011-02-11,18.1200008392334,18.57999992370605,18.1200008392334,18.57999992370605,13.974862098693848,-0.0125035777605642,1.7524635056199944,0.2406864166259748,0.2406864166259748
2011-02-14,18.75,18.93000030517578,18.309999465942383,18.309999465942383,13.7717866897583,-0.2530495605897623,-1.4531478557811783,-0.2030754089355468,-0.20307540893554688
2011-02-15,18.350000381469727,18.6299991607666,18.25,18.280000686645508,13.74921989440918,0.2280424050686338,-0.1638625100540025,-0.022566795349121,-0.022566795349121094
2011-02-16,18.34000015258789,18.8799991607666,18.34000015258789,18.690000534057617,14.05760097503662,0.1774011455256447,2.2428987462251198,0.3083810806274396,0.30838108062743963
2011-02-17,18.739999771118164,18.739999771118164,18.61000061035156,18.709999084472656,14.072643280029297,-0.2657098754755096,0.1070047799719864,0.0150423049926775,0.015042304992677558
2011-02-18,18.809999465942383,19.059999465942383,18.799999237060547,18.989999771118164,14.283246994018556,0.8610581493559972,1.496546951404154,0.2106037139892596,0.2106037139892596
2011-02-22,18.690000534057617,18.96999931335449,18.68000030517578,18.809999465942383,14.147860527038574,0.0254773668966775,-0.9478689757075442,-0.1353864669799822,-0.13538646697998225
2011-02-23,18.86000061035156,18.86000061035156,18.299999237060547,18.299999237060547,13.764264106750488,-0.0758051521893006,-2.711338718352352,-0.3835964202880859,-0.38359642028808594
2011-02-24,18.39999961853028,18.5,18.020000457763672,18.38999938964844,13.831955909729004,1.2535279108141626,0.4917938398560473,0.0676918029785156,0.06769180297851562
2011-02-25,18.3799991607666,18.5,18.049999237060547,18.350000381469727,13.801873207092283,0.3673058688118537,-0.2174869760505848,-0.0300827026367205,-0.030082702636720526
2011-02-28,18.59000015258789,18.8700008392334,18.51000022888184,18.81999969482422,14.15537929534912,0.050797996668172,2.561290652019488,0.3535060882568359,0.35350608825683594
2011-03-01,18.81999969482422,18.81999969482422,18.14999961853028,18.18000030517578,13.674005508422852,-0.1644273563895315,-3.4006420943056392,-0.4813737869262677,-0.48137378692626775
2011-03-02,18.270000457763672,18.270000457763672,18.07999992370605,18.26000022888184,13.734175682067873,-0.0884654670750478,0.440033270485074,0.0601701736450213,0.06017017364502131
2011-03-03,18.479999542236328,18.489999771118164,18.15999984741211,18.489999771118164,13.9071683883667,0.0381376817824247,1.2595783707987307,0.1729927062988263,0.17299270629882635
2011-03-04,18.43000030517578,18.59000015258789,18.1299991607666,18.1299991607666,13.636397361755373,-0.0378242075320588,-1.946988912838832,-0.2707710266113263,-0.27077102661132635
2011-03-07,18.34000015258789,18.43000030517578,17.84000015258789,17.940000534057617,13.493491172790527,0.6331724814125463,-1.0479761272258026,-0.1429061889648455,-0.14290618896484553
2011-03-08,18.1299991607666,18.3799991607666,18.1299991607666,18.309999465942383,13.7717866897583,0.3673058688118537,2.062442650342056,0.2782955169677734,0.27829551696777344
2011-03-09,18.309999465942383,18.34000015258789,18.11000061035156,18.32999992370605,13.78683090209961,-0.658179636933675,0.1092393650890422,0.0150442123413085,0.015044212341308594
2011-03-10,18.100000381469727,18.239999771118164,17.510000228881836,17.56999969482422,13.215197563171388,1.2408675959284154,-4.14622724386332,-0.5716333389282209,-0.5716333389282209
2011-03-11,17.8700008392334,18.07999992370605,17.559999465942383,17.8799991607666,13.448359489440918,1.177566021499679,1.7643468828594244,0.2331619262695294,0.23316192626952947
2011-03-14,17.850000381469727,17.950000762939453,17.610000610351562,17.729999542236328,13.335542678833008,-0.1137860968465424,-0.8388890161397655,-0.1128168106079101,-0.11281681060791016
2011-03-15,17.5,17.739999771118164,17.389999389648438,17.389999389648438,13.079808235168455,0.7471153153842718,-1.9176905644077813,-0.2557344436645525,-0.25573444366455256
2011-03-16,17.389999389648438,17.75,17.1299991607666,17.25,12.974506378173828,1.177566021499679,-0.805071871860441,-0.1053018569946271,-0.10530185699462713
2011-03-17,17.600000381469727,17.600000381469727,17.15999984741211,17.360000610351562,13.057250022888184,0.6838137409555355,0.6377402137899502,0.0827436447143554,0.08274364471435547
2011-03-18,17.489999771118164,17.770000457763672,17.420000076293945,17.770000457763672,13.365625381469728,3.532384590248671,2.3617174982556888,0.3083753585815447,0.30837535858154475
2011-03-21,17.899999618530273,18.299999237060547,17.8700008392334,18.270000457763672,13.74169921875,0.5318899623265683,2.8137391745369777,0.3760738372802716,0.37607383728027166
2011-03-22,18.34000015258789,18.520000457763672,18.239999771118164,18.350000381469727,13.801873207092283,-0.0631448373035533,0.4378933593611078,0.0601739883422833,0.06017398834228338
2011-03-23,18.280000686645508,18.56999969482422,18.15999984741211,18.56999969482422,13.967341423034668,-0.4429542838759714,1.198882307202731,0.1654682159423846,0.1654682159423846
2011-03-24,18.57999992370605,18.65999984741211,18.40999984741211,18.59000015258789,13.982385635375977,-0.2024083010467733,0.1077099204899401,0.0150442123413085,0.015044212341308594
2011-03-25,18.6200008392334,18.89999961853028,18.6200008392334,18.81999969482422,14.15537929534912,-0.2530495605897623,1.2372256386310898,0.1729936599731427,0.17299365997314275
2011-03-28,18.809999465942383,18.850000381469727,18.64999961853028,18.65999984741211,14.03503704071045,0.2786836646116228,-0.8501521020931602,-0.1203422546386701,-0.1203422546386701
2011-03-29,18.670000076293945,19.040000915527344,18.65999984741211,18.989999771118164,14.283246994018556,-0.4176336541044768,1.7685023031157154,0.2482099533081072,0.24820995330810725
2011-03-30,18.46999931335449,19.31999969482422,18.46999931335449,19.31999969482422,14.531451225280762,-0.050484522417806,1.7377297428669225,0.2482042312622052,0.24820423126220525
2011-03-31,19.14999961853028,19.479999542236328,18.96999931335449,19.100000381469727,14.365982055664062,3.114594199019011,-1.1386967967027872,-0.1654691696166992,-0.16546916961669922
2011-04-01,19.25,19.25,18.8799991607666,18.93000030517578,14.238114356994627,-0.3290114499042459,-0.8900727995760027,-0.1278676986694353,-0.12786769866943537
2011-04-04,19.0,19.0,18.690000534057617,18.86000061035156,14.185461044311523,-0.5568971178476968,-0.369805378457555,-0.0526533126831036,-0.05265331268310369
2011-04-05,18.86000061035156,18.989999771118164,18.600000381469727,18.799999237060547,14.140335083007812,-0.2277289308182678,-0.3181141674757692,-0.0451259613037109,-0.04512596130371094
2011-04-06,18.96999931335449,19.030000686645508,18.89999961853028,18.89999961853028,14.215548515319824,-0.5695574327334441,0.5319070012873572,0.0752134323120117,0.07521343231201172
2011-04-07,18.920000076293945,19.0,18.8799991607666,18.920000076293945,14.230594635009766,-0.5062558583047078,0.1058426952271762,0.0150461196899414,0.015046119689941406
2011-04-08,19.100000381469727,19.100000381469727,18.65999984741211,18.65999984741211,14.03503704071045,-0.4809352285332132,-1.3742053604577475,-0.1955575942993164,-0.1955575942993164
2011-04-11,18.690000534057617,18.71999931335449,18.18000030517578,18.18000030517578,13.674005508422852,0.1140995710969084,-2.572358955949872,-0.3610315322875976,-0.36103153228759766
2011-04-12,18.07999992370605,18.229999542236328,17.969999313354492,17.969999313354492,13.5160551071167,-0.1391067266180369,-1.1551143606667311,-0.1579504013061523,-0.15795040130615234
2011-04-13,17.5,18.86000061035156,17.5,17.610000610351562,13.245284080505373,1.12692476195669,-2.003328814993921,-0.2707710266113263,-0.27077102661132635
2011-04-14,17.510000228881836,17.850000381469727,17.510000228881836,17.75,13.350584030151367,-0.3923130243329823,0.7949995561135292,0.1052999496459943,0.10529994964599432
2011-04-15,17.729999542236328,17.8700008392334,17.639999389648438,17.649999618530273,13.275367736816406,0.5572105920980628,-0.563393280511848,-0.0752162933349609,-0.07521629333496094
2011-04-18,17.5,17.8799991607666,17.5,17.579999923706055,13.222721099853516,0.0128170520109302,-0.3965738502059501,-0.0526466369628906,-0.052646636962890625
2011-04-19,17.739999771118164,17.760000228881836,17.510000228881836,17.6200008392334,13.25280475616455,-0.2530495605897623,0.2275148669010906,0.0300836563110351,0.030083656311035156
2011-04-20,17.8700008392334,18.229999542236328,17.81999969482422,18.1200008392334,13.62888240814209,0.0001567371251829,2.8377212137121965,0.376077651977539,0.37607765197753906
2011-04-21,18.34000015258789,18.34000015258789,18.010000228881836,18.170000076293945,13.66648292541504,-0.5948780625049386,0.2758884855480703,0.0376005172729509,0.037600517272950995
2011-04-25,18.1299991607666,18.239999771118164,17.850000381469727,17.850000381469727,13.42579746246338,-0.5315764880762023,-1.7611368211207237,-0.2406854629516601,-0.24068546295166016
2011-04-26,18.68000030517578,18.68000030517578,18.309999465942383,18.3799991607666,13.82442855834961,-0.4176336541044768,2.9691427790471625,0.3986310958862287,0.3986310958862287
2011-04-27,18.34000015258789,18.36000061035156,18.0,18.36000061035156,13.809391975402832,-0.3036908201327514,-0.1087682061020611,-0.0150365829467773,-0.015036582946777344
2011-04-28,18.229999542236328,18.270000457763672,17.920000076293945,18.14999961853028,13.748793601989746,-0.4302939689902241,-0.4388199967168993,-0.0605983734130859,-0.06059837341308594
2011-04-29,18.21999931335449,18.459999084472656,18.030000686645508,18.459999084472656,13.983614921569824,0.0254773668966775,1.7079412665420568,0.2348213195800781,0.23482131958007812
2011-05-02,18.5,18.5,17.389999389648438,17.389999389648438,13.173081398010254,0.0381376817824247,-5.796308952339047,-0.8105335235595703,-0.8105335235595703
2011-05-03,17.690000534057617,17.989999771118164,17.389999389648438,17.389999389648438,13.173081398010254,0.3546455539261064,0.0,0.0,0.0
2011-05-04,17.479999542236328,17.75,17.209999084472656,17.209999084472656,13.03672981262207,0.1520805157541502,-1.0350773768753818,-0.1363515853881836,-0.1363515853881836
2011-05-05,17.18000030517578,17.239999771118164,16.649999618530273,16.790000915527344,12.718582153320312,1.12692476195669,-2.4403946685596645,-0.3181476593017578,-0.3181476593017578
2011-05-06,17.079999923706055,17.59000015258789,17.010000228881836,17.09000015258789,12.945834159851074,0.5572105920980628,1.7867715425452069,0.2272520065307617,0.22725200653076172
2011-05-09,17.149999618530273,17.670000076293945,17.149999618530273,17.6299991607666,13.354886054992676,-0.1011257819607951,3.159718331710093,0.4090518951416015,0.40905189514160156
2011-05-10,17.739999771118164,18.020000457763672,17.43000030517578,18.0,13.635162353515623,-0.5442368029619495,2.098679819272342,0.2802762985229474,0.28027629852294744
2011-05-11,17.549999237060547,17.760000228881836,17.549999237060547,17.56999969482422,13.309435844421388,-0.4935955434189604,-2.388871512118451,-0.3257265090942347,-0.32572650909423473
2011-05-12,17.559999465942383,17.670000076293945,17.020000457763672,17.670000076293945,13.385189056396484,-0.3163511350184987,0.5691692184447206,0.0757532119750958,0.07575321197509588
2011-05-13,17.5,17.5,17.149999618530273,17.200000762939453,13.029159545898438,-0.379652709447235,-2.6598765919403133,-0.3560295104980469,-0.3560295104980469
2011-05-16,17.139999389648438,17.25,16.780000686645508,16.780000686645508,12.711007118225098,0.1647408306398974,-2.441849196431811,-0.3181524276733398,-0.31815242767333984
2011-05-17,16.760000228881836,17.549999237060547,16.760000228881836,17.34000015258789,13.135210037231444,-0.1770876712752787,3.3372880296646423,0.4242029190063459,0.4242029190063459
2011-05-18,17.40999984741211,18.0,17.290000915527344,17.950000762939453,13.597290992736816,0.6205121665267991,3.5178802180978908,0.4620809555053728,0.46208095550537287
2011-05-19,18.0,18.0,17.81999969482422,17.81999969482422,13.498814582824709,-0.1264464117322896,-0.7242355110640086,-0.0984764099121076,-0.0984764099121076
2011-05-20,17.729999542236328,17.860000610351562,17.649999618530273,17.649999618530273,13.370036125183104,0.6711534260697882,-0.953998270377443,-0.1287784576416051,-0.12877845764160512
2011-05-23,17.34000015258789,18.350000381469727,17.31999969482422,18.059999465942383,13.680618286132812,0.379966183697601,2.3229717410016004,0.3105821609497088,0.3105821609497088
2011-05-24,18.229999542236328,18.38999938964844,17.110000610351562,17.18000030517578,13.014008522033691,1.1649057066139317,-4.872658166150446,-0.6666097640991211,-0.6666097640991211
2011-05-25,17.079999923706055,17.290000915527344,17.079999923706055,17.270000457763672,13.082183837890623,-0.2150686159325205,0.5238610051738091,0.0681753158569318,0.06817531585693182
2011-05-26,17.200000762939453,17.68000030517578,17.200000762939453,17.649999618530273,13.370036125183104,-0.3416717647899932,2.2003381916921194,0.2878522872924804,0.28785228729248047
2011-05-27,17.59000015258789,17.610000610351562,17.25,17.469999313354492,13.233686447143556,-0.4935955434189604,-1.0198153300627677,-0.1363496780395472,-0.13634967803954723
2011-05-31,17.5,17.5,17.1299991607666,17.309999465942383,13.112483024597168,2.367635620759922,-0.9158704419247377,-0.1212034225463885,-0.1212034225463885
2011-06-01,17.360000610351562,17.360000610351562,16.719999313354492,16.729999542236328,12.673124313354492,1.4434326341003716,-3.350690410187762,-0.4393587112426758,-0.4393587112426758
2011-06-02,16.829999923706055,17.100000381469727,16.790000915527344,16.84000015258789,12.756454467773438,1.747280191358306,0.6575344197573774,0.0833301544189453,0.08333015441894531
2011-06-03,16.75,17.0,16.56999969482422,16.56999969482422,12.551925659179688,1.1902263363854262,-1.6033358572356438,-0.20452880859375,-0.20452880859375
2011-06-06,16.700000762939453,16.959999084472656,16.549999237060547,16.649999618530273,12.612526893615724,1.1649057066139317,0.4828042810444577,0.0606012344360369,0.06060123443603693
2011-06-07,16.790000915527344,17.049999237060547,16.600000381469727,16.90999984741211,12.809480667114258,-0.0251638926463115,1.5615726742135072,0.1969537734985333,0.19695377349853338
2011-06-08,16.84000015258789,17.030000686645508,16.84000015258789,16.959999084472656,12.8473539352417,-0.0884654670750478,0.2956659142682838,0.0378732681274414,0.037873268127441406
2011-06-09,17.030000686645508,17.149999618530273,16.719999313354492,16.770000457763672,12.703429222106934,0.3293249241546119,-1.1202673629155946,-0.1439247131347656,-0.14392471313476562
2011-06-10,16.729999542236328,16.979999542236328,16.6200008392334,16.6299991607666,12.597376823425291,0.4685883878978319,-0.8348328378693703,-0.1060523986816424,-0.1060523986816424
2011-06-13,16.829999923706055,16.829999923706055,16.639999389648438,16.700000762939453,12.650405883789062,-0.3163511350184987,0.420953196106355,0.0530290603637713,0.05302906036377131
2011-06-14,16.549999237060547,16.950000762939453,16.549999237060547,16.950000762939453,12.839780807495115,-0.0884654670750478,1.496986938171907,0.1893749237060529,0.1893749237060529
2011-06-15,16.75,17.15999984741211,16.75,16.75,12.688279151916504,0.8737184642417445,-1.1799395787985278,-0.1515016555786115,-0.1515016555786115
2011-06-16,16.84000015258789,17.100000381469727,16.739999771118164,16.90999984741211,12.809480667114258,1.54471515318635,0.9552242171425362,0.1212015151977539,0.1212015151977539
2011-06-17,17.030000686645508,17.049999237060547,16.780000686645508,16.780000686645508,12.711007118225098,3.063952939476022,-0.768755201309379,-0.0984735488891601,-0.09847354888916016
2011-06-20,16.75,17.079999923706055,16.75,17.0,12.87765407562256,-0.4302939689902241,1.3110444817431066,0.1666469573974627,0.1666469573974627
2011-06-21,16.950000762939453,17.809999465942383,16.790000915527344,17.549999237060547,13.29428768157959,0.6964740558412827,3.2353222373453727,0.4166336059570295,0.4166336059570295
2011-06-22,17.459999084472656,17.489999771118164,17.229999542236328,17.229999542236328,13.05188274383545,-0.3290114499042459,-1.8233766528161888,-0.2424049377441406,-0.24240493774414062
2011-06-23,17.15999984741211,17.899999618530273,17.040000915527344,17.43000030517578,13.20338535308838,1.3927913745573826,1.1607720681101608,0.1515026092529314,0.15150260925293146
2011-06-24,17.559999465942383,18.350000381469727,17.219999313354492,18.15999984741211,13.756365776062012,5.925184103654905,4.188171504395921,0.552980422973631,0.552980422973631
2011-06-27,17.969999313354492,18.5,17.56999969482422,18.5,14.013922691345217,0.759775630270019,1.8722744035447825,0.2575569152832049,0.2575569152832049
2011-06-28,18.5,18.5,18.290000915527344,18.5,14.013922691345217,0.6331724814125463,0.0,0.0,0.0
2011-06-29,18.5,18.5,18.31999969482422,18.32999992370605,13.88514518737793,-0.6075383773906858,-0.9189254629384912,-0.1287775039672869,-0.12877750396728693
2011-06-30,18.3799991607666,18.39999961853028,18.15999984741211,18.15999984741211,13.756365776062012,0.2533630348401283,-0.9274617555528496,-0.1287794113159179,-0.12877941131591797
2011-07-01,18.270000457763672,18.450000762939453,18.239999771118164,18.450000762939453,13.97604751586914,0.0254773668966775,1.5969460494384746,0.2196817398071289,0.2196817398071289
2011-07-05,18.06999969482422,18.5,18.049999237060547,18.440000534057617,13.968472480773926,-0.3163511350184987,-0.0542001240809608,-0.0075750350952148,-0.007575035095214844
2011-07-06,18.459999084472656,18.56999969482422,18.40999984741211,18.56999969482422,14.066944122314451,-0.1517670415037842,0.7049564057634905,0.0984716415405255,0.09847164154052557
2011-07-07,18.6299991607666,18.71999931335449,18.15999984741211,18.5,14.013922691345217,0.6078518516410518,-0.3769221695074987,-0.0530214309692347,-0.05302143096923473
2011-07-08,18.350000381469727,18.450000762939453,18.200000762939453,18.200000762939453,13.786666870117188,-0.5315764880762023,-1.6216431775264328,-0.2272558212280291,-0.22725582122802912
2011-07-11,18.030000686645508,18.5,17.739999771118164,18.25,13.824542045593262,0.9370200386704808,0.2747232223197393,0.0378751754760742,0.03787517547607422
2011-07-12,18.239999771118164,18.75,18.049999237060547,18.049999237060547,13.673038482666016,0.1014392562111611,-1.095902941504956,-0.1515035629272461,-0.1515035629272461
2011-07-13,18.36000061035156,18.700000762939453,18.010000228881836,18.170000076293945,13.76393985748291,0.9623406684419752,0.6648220505788505,0.0909013748168945,0.09090137481689453
2011-07-14,17.8799991607666,18.14999961853028,17.829999923706055,17.829999923706055,13.506386756896973,0.2153820901828865,-1.871216404988252,-0.2575531005859375,-0.2575531005859375
2011-07-15,17.8799991607666,17.989999771118164,17.559999465942383,17.93000030517578,13.582138061523438,0.9623406684419752,0.5608554381709929,0.0757513046264648,0.07575130462646484
2011-07-18,17.90999984741211,17.90999984741211,17.5,17.5,13.256412506103516,-0.3036908201327514,-2.398190579012472,-0.3257255554199219,-0.3257255554199219
2011-07-19,17.610000610351562,18.64999961853028,17.549999237060547,18.5,14.013922691345217,0.9116994088989864,5.714292497256923,0.757510185241701,0.757510185241701
2011-07-20,18.46999931335449,18.46999931335449,17.899999618530273,17.93000030517578,13.582138061523438,0.0254773668966775,-3.0811118295125395,-0.4317846298217791,-0.4317846298217791
2011-07-21,18.049999237060547,18.5,17.979999542236328,18.5,14.013922691345217,0.2153820901828865,3.1790622939180224,0.4317846298217791,0.4317846298217791
2011-07-22,18.5,18.5,18.07999992370605,18.34000015258789,13.89272117614746,0.3673058688118537,-0.8648650193611385,-0.1212015151977574,-0.12120151519775746
2011-07-25,18.049999237060547,18.350000381469727,17.579999923706055,17.90999984741211,13.566987991333008,1.2408675959284154,-2.344631988826684,-0.3257331848144513,-0.32573318481445135
2011-07-26,17.950000762939453,18.270000457763672,17.6299991607666,17.68000030517578,13.392762184143066,0.8610581493559972,-1.2841892931669263,-0.1742258071899414,-0.1742258071899414
2011-07-27,17.68000030517578,18.350000381469727,17.260000228881836,17.260000228881836,13.07460880279541,4.5578700959942,-2.3755620907264907,-0.3181533813476562,-0.31815338134765625
2011-07-28,17.1200008392334,17.770000457763672,17.1200008392334,17.760000228881836,13.555461883544922,0.6838137409555355,3.6777626619826975,0.4808530807495117,0.4808530807495117
2011-07-29,17.5,17.540000915527344,17.389999389648438,17.389999389648438,13.273052215576172,-0.5822177476191913,-2.083364406133359,-0.28240966796875,-0.28240966796875
2011-08-01,17.690000534057617,18.07999992370605,17.290000915527344,17.469999313354492,13.334117889404297,1.354810429900141,0.4600725804156935,0.061065673828125,0.061065673828125
2011-08-02,17.389999389648438,17.989999771118164,17.25,17.25,13.166194915771484,0.3673058688118537,-1.259348200050403,-0.1679229736328125,-0.1679229736328125
2011-08-03,17.18000030517578,18.13999938964844,17.18000030517578,17.889999389648438,13.65468406677246,-0.3923130243329823,3.710177117428404,0.4884891510009748,0.4884891510009748
2011-08-04,17.690000534057617,17.8799991607666,16.600000381469727,16.600000381469727,12.670082092285156,2.354975305874175,-7.210726880772366,-0.9846019744873028,-0.9846019744873029
2011-08-05,17.0,17.25,17.0,17.010000228881836,12.983015060424805,1.3421501150143935,2.469857463119318,0.3129329681396484,0.31293296813964844
2011-08-08,16.829999923706055,18.190000534057617,15.829999923706056,15.829999923706056,12.082371711730955,2.089108693273482,-6.937089300922217,-0.9006433486938494,-0.9006433486938494
2011-08-09,16.309999465942383,18.25,16.309999465942383,18.209999084472656,13.898927688598633,1.177566021499679,15.034763208815672,1.8165559768676776,1.8165559768676776
2011-08-10,17.610000610351562,18.14999961853028,16.0,16.670000076293945,12.723506927490234,2.924689475732802,-8.456916874764397,-1.1754207611083984,-1.1754207611083984
2011-08-11,16.75,17.75,16.75,17.440000534057617,13.311219215393066,1.1902263363854262,4.619106125788552,0.587712287902832,0.587712287902832
2011-08-12,17.579999923706055,17.579999923706055,16.889999389648438,16.889999389648438,12.89142608642578,-0.4429542838759714,-3.1536790295049637,-0.4197931289672869,-0.41979312896728693
2011-08-15,17.059999465942383,17.65999984741211,16.479999542236328,17.260000228881836,13.173832893371582,1.0003216130992172,2.19065606126514,0.2824068069458025,0.28240680694580256
2011-08-16,16.989999771118164,17.360000610351562,16.360000610351562,17.079999923706055,13.036446571350098,0.7977565749272608,-1.042872815629914,-0.1373863220214843,-0.13738632202148438
2011-08-17,17.06999969482422,17.639999389648438,16.81999969482422,17.030000686645508,12.998281478881836,-0.2783701903612569,-0.2927568663698254,-0.0381650924682617,-0.03816509246826172
2011-08-18,16.510000228881836,17.079999923706055,15.800000190734863,15.800000190734863,12.05947494506836,2.696803807789351,-7.222543498067379,-0.9388065338134766,-0.9388065338134766
2011-08-19,15.640000343322754,16.690000534057617,15.640000343322754,15.75,12.021310806274414,0.3293249241546119,-0.3164660067522473,-0.0381641387939453,-0.03816413879394531
2011-08-22,16.389999389648438,16.389999389648438,16.0,16.18000030517578,12.34951400756836,0.050797996668172,2.7301781526407387,0.3282032012939453,0.3282032012939453
2011-08-23,16.290000915527344,17.200000762939453,16.25,16.889999389648438,12.89142608642578,1.4814135787576137,4.388124735315979,0.5419120788574201,0.5419120788574201
2011-08-24,16.709999084472656,17.149999618530273,16.309999465942383,17.049999237060547,13.01354694366455,0.7344550004985245,0.9473029315768322,0.1221208572387713,0.12212085723877131
2011-08-25,17.100000381469727,17.100000381469727,16.549999237060547,16.549999237060547,12.631916046142578,0.2660233497258756,-2.932566341628817,-0.3816308975219726,-0.38163089752197266
2011-08-26,16.729999542236328,17.049999237060547,16.549999237060547,16.780000686645508,12.80747127532959,0.0381376817824247,1.389775142153682,0.1755552291870117,0.17555522918701172
2011-08-29,16.530000686645508,17.25,16.530000686645508,17.239999771118164,13.15856647491455,0.4812487027835792,2.741331149898873,0.3510951995849609,0.35109519958496094
2011-08-30,17.18000030517578,17.190000534057617,17.030000686645508,17.09000015258789,13.044079780578612,0.1140995710969084,-0.8700544588515546,-0.1144866943359392,-0.11448669433593928
2011-08-31,17.100000381469727,17.100000381469727,16.450000762939453,16.729999542236328,12.769301414489746,0.6838137409555355,-2.1065369938781275,-0.2747783660888654,-0.2747783660888654
2011-09-01,16.8799991607666,16.8799991607666,15.65999984741211,15.829999923706056,12.082371711730955,1.5700357829578444,-5.379540199272837,-0.6869297027587908,-0.6869297027587908
2011-09-02,15.989999771118164,16.170000076293945,15.75,15.75,12.021310806274414,1.2535279108141626,-0.5053718501083382,-0.0610609054565411,-0.06106090545654119
2011-09-06,15.470000267028809,16.190000534057617,15.260000228881836,15.380000114440918,11.73890781402588,0.7217946856127773,-2.349186347474985,-0.2824029922485334,-0.2824029922485334
2011-09-07,16.09000015258789,16.18000030517578,15.699999809265137,16.139999389648438,12.318981170654297,0.9243597237847336,4.941459340325793,0.5800733566284162,0.5800733566284162
2011-09-08,15.920000076293944,16.0,15.380000114440918,15.380000114440918,11.73890781402588,0.8357375195845027,-4.708777037586842,-0.5800733566284162,-0.5800733566284162
2011-09-09,15.350000381469728,15.56999969482422,14.949999809265137,14.949999809265137,11.410707473754885,1.076283502413701,-2.795833696545902,-0.3282003402709961,-0.3282003402709961
2011-09-12,14.829999923706056,15.9399995803833,14.829999923706056,15.40999984741211,11.761802673339844,0.050797996668172,3.076892474831139,0.3510951995849591,0.35109519958495916
2011-09-13,14.9399995803833,15.449999809265137,14.9399995803833,15.369999885559082,11.73127555847168,-0.050484522417806,-0.2595445248997352,-0.030527114868164,-0.030527114868164062
2011-09-14,15.579999923706056,15.609999656677246,15.539999961853027,15.609999656677246,11.914456367492676,0.379966183697601,1.5614739258998478,0.1831808090209961,0.1831808090209961
2011-09-15,15.600000381469728,15.789999961853027,15.5,15.760000228881836,12.02894687652588,0.379966183697601,0.9609377507611594,0.1144905090332049,0.1144905090332049
2011-09-16,15.800000190734863,16.0,15.5600004196167,15.579999923706056,11.891559600830078,2.418276880302911,-1.142138851439356,-0.1373872756958025,-0.13738727569580256
2011-09-19,15.31999969482422,15.93000030517578,15.079999923706056,15.40999984741211,11.761802673339844,-0.2530495605897623,-1.091168289491451,-0.1297569274902343,-0.12975692749023438
2011-09-20,15.119999885559082,15.979999542236328,15.09000015258789,15.09000015258789,11.517563819885254,0.2533630348401283,-2.0765426885472227,-0.2442388534545898,-0.24423885345458984
2011-09-21,15.18000030517578,15.520000457763672,14.420000076293944,14.420000076293944,11.006179809570312,0.4306074432405901,-4.440036263849734,-0.5113840103149414,-0.5113840103149414
2011-09-22,14.170000076293944,14.920000076293944,14.149999618530272,14.149999618530272,10.80010223388672,1.6206770425008334,-1.8723806011637143,-0.2060775756835919,-0.20607757568359197
2011-09-23,14.510000228881836,15.649999618530272,14.5,15.350000381469728,11.716008186340332,1.4307723192146244,8.480530393312735,0.9159059524536116,0.9159059524536115
2011-09-26,15.380000114440918,15.869999885559082,15.15999984741211,15.869999885559082,12.112902641296388,-0.2910305052470042,3.3876252785380867,0.3968944549560564,0.39689445495605646
2011-09-27,16.0,16.389999389648438,15.550000190734863,16.25,12.402941703796388,1.797921450901295,2.3944637473694685,0.2900390625,0.2900390625
2011-09-28,16.510000228881836,16.510000228881836,15.34000015258789,15.350000381469728,11.716008186340332,1.1395850768424372,-5.5384725161273245,-0.6869335174560565,-0.6869335174560565
2011-09-29,15.850000381469728,16.6200008392334,15.850000381469728,16.239999771118164,12.395308494567873,0.0634583115539193,5.7980525228681135,0.6793003082275408,0.6793003082275408
2011-09-30,15.949999809265137,16.049999237060547,15.529999732971191,15.630000114440918,11.92972469329834,0.3419852390403592,-3.756129195764435,-0.465583801269533,-0.465583801269533
2011-10-03,15.5,16.43000030517578,15.25,15.279999732971191,11.662583351135254,1.3801310596716354,-2.239291760967088,-0.2671413421630859,-0.26714134216308594
2011-10-04,15.25,16.549999237060547,15.25,16.540000915527344,12.624285697937012,2.836067271532571,8.246049077181027,0.9617023468017578,0.9617023468017578
2011-10-05,16.770000457763672,16.8799991607666,16.219999313354492,16.8700008392334,12.876160621643066,0.2660233497258756,1.995161783666033,0.2518749237060547,0.2518749237060547
2011-10-06,16.760000228881836,17.1299991607666,16.360000610351562,17.100000381469727,13.051711082458496,1.0003216130992172,1.363375822761581,0.1755504608154297,0.1755504608154297
2011-10-07,17.100000381469727,17.100000381469727,15.770000457763672,16.15999984741211,12.334248542785645,1.088943817299448,-5.497076476333596,-0.7174625396728516,-0.7174625396728516
2011-10-10,16.139999389648438,17.25,16.139999389648438,17.25,13.166194915771484,1.645997672272328,6.745010610901381,0.8319463729858398,0.8319463729858398
2011-10-11,17.200000762939453,17.25,17.020000457763672,17.25,13.166194915771484,0.658493111184041,0.0,0.0,0.0
2011-10-12,17.25,17.75,17.25,17.75,13.547829627990724,1.1016041321851957,2.898595339509136,0.38163471221924,0.38163471221924006
2011-10-13,17.700000762939453,17.75,17.260000228881836,17.75,13.547829627990724,-0.0884654670750478,0.0,0.0,0.0
2011-10-14,17.889999389648438,18.25,17.649999618530273,18.25,13.92945671081543,0.8863787791274917,2.816887230676701,0.3816270828247052,0.38162708282470525
2011-10-17,17.75,17.850000381469727,17.3799991607666,17.40999984741211,13.288321495056152,0.70913437072703,-4.602729518240811,-0.6411352157592773,-0.6411352157592773
2011-10-18,17.719999313354492,18.25,17.469999313354492,18.229999542236328,13.914191246032717,1.088943817299448,4.7099233052828815,0.6258697509765643,0.6258697509765643
2011-10-19,18.190000534057617,18.190000534057617,17.610000610351562,17.850000381469727,13.624153137207031,0.1140995710969084,-2.084476946573399,-0.2900381088256853,-0.29003810882568537
2011-10-20,17.530000686645508,17.850000381469727,17.5,17.549999237060547,13.39517879486084,-0.2657098754755096,-1.6806500928184032,-0.2289743423461914,-0.2289743423461914
2011-10-21,18.229999542236328,18.25,17.649999618530273,18.07999992370605,13.799705505371094,0.759775630270019,3.0199425980447003,0.4045267105102539,0.4045267105102539
2011-10-24,18.239999771118164,18.5,17.979999542236328,18.5,14.120275497436523,1.2155469661569207,2.323020530696529,0.3205699920654297,0.3205699920654297
2011-10-25,18.07999992370605,18.299999237060547,17.670000076293945,17.81999969482422,13.60125732421875,0.7217946856127773,-3.67569438225196,-0.5190181732177734,-0.5190181732177734
2011-10-26,18.09000015258789,18.209999084472656,17.5,18.010000228881836,13.746272087097168,3.101933884133264,1.0661864518966224,0.1450147628784179,0.14501476287841797
2011-10-27,18.5,18.940000534057617,17.700000762939453,18.940000534057617,14.45610809326172,6.368295124656059,5.16384370734837,0.7098360061645526,0.7098360061645526
2011-10-28,18.709999084472656,18.96999931335449,18.489999771118164,18.88999938964844,14.517587661743164,1.316829485242899,0.4252843717328147,0.0614795684814435,0.061479568481443536
2011-10-31,18.3799991607666,18.770000457763672,18.209999084472656,18.420000076293945,14.156376838684082,0.240702719954381,-2.488091213741705,-0.361210823059082,-0.36121082305908203
2011-11-01,17.739999771118164,18.13999938964844,17.1200008392334,17.229999542236328,13.241823196411133,1.1522453917281843,-6.460365195802198,-0.9145536422729492,-0.9145536422729492
2011-11-02,17.65999984741211,18.61000061035156,17.65999984741211,17.850000381469727,13.71831226348877,0.5445502772123155,3.5983645152940724,0.4764890670776367,0.4764890670776367
2011-11-03,17.8700008392334,18.56999969482422,17.510000228881836,18.350000381469727,14.102582931518556,0.949680353556228,2.8011511959275204,0.3842706680297869,0.38427066802978693
2011-11-04,18.18000030517578,18.18000030517578,17.559999465942383,18.010000228881836,13.841275215148926,-0.3036908201327514,-1.8529067876326464,-0.2613077163696307,-0.2613077163696307
2011-11-07,17.709999084472656,17.760000228881836,17.520000457763672,17.75,13.641461372375488,-0.4302939689902241,-1.443608624693382,-0.1998138427734375,-0.1998138427734375
2011-11-08,17.889999389648438,18.190000534057617,17.1200008392334,17.829999923706055,13.702942848205566,1.2028866512711736,0.450695670733503,0.0614814758300781,0.061481475830078125
2011-11-09,17.229999542236328,17.40999984741211,16.15999984741211,16.270000457763672,12.504033088684082,2.937349790618549,-8.749286724774485,-1.1989097595214844,-1.1989097595214844
2011-11-10,16.75,17.459999084472656,16.75,16.989999771118164,13.057374954223633,0.6078518516410518,4.42530711183351,0.5533418655395508,0.5533418655395508
2011-11-11,16.940000534057617,17.43000030517578,16.899999618530273,17.40999984741211,13.380159378051758,0.6964740558412827,2.4720468314629818,0.322784423828125,0.322784423828125
2011-11-14,17.100000381469727,17.450000762939453,16.75,17.040000915527344,13.095800399780272,0.7977565749272608,-2.1252286332099746,-0.2843589782714861,-0.28435897827148615
2011-11-15,16.950000762939453,17.549999237060547,16.950000762939453,17.299999237060547,13.295620918273926,0.1394202008684029,1.52583662238015,0.1998205184936541,0.19982051849365412
2011-11-16,17.020000457763672,17.020000457763672,16.329999923706055,16.3700008392334,12.580887794494627,1.1649057066139317,-5.375703234716522,-0.7147331237792987,-0.7147331237792987
2011-11-17,16.40999984741211,16.969999313354492,16.25,16.290000915527344,12.51940631866455,0.8357375195845027,-0.4886894854668422,-0.0614814758300763,-0.06148147583007635
2011-11-18,16.350000381469727,16.68000030517578,16.010000228881836,16.030000686645508,12.319585800170898,2.127089637930724,-1.5960862153323483,-0.1998205184936523,-0.19982051849365234
2011-11-21,16.0,16.170000076293945,15.59000015258789,15.59000015258789,11.981428146362305,2.316994361216933,-2.7448784341751358,-0.3381576538085937,-0.33815765380859375
2011-11-22,15.65999984741211,16.3799991607666,15.5600004196167,15.5600004196167,11.9583740234375,0.8610581493559972,-0.1924154837234848,-0.0230541229248046,-0.023054122924804688
2011-11-23,15.510000228881836,15.68000030517578,15.25,15.25,11.720129013061523,4.722454189508914,-1.9922859906291168,-0.2382450103759765,-0.23824501037597656
2011-11-25,15.279999732971191,15.949999809265137,15.25,15.510000228881836,11.919946670532228,0.8230772046987554,1.7049100504612058,0.1998176574707049,0.1998176574707049
2011-11-28,16.139999389648438,16.90999984741211,15.789999961853027,16.719999313354492,12.849868774414062,2.582860973817626,7.801394834934383,0.9299221038818342,0.9299221038818342
2011-11-29,16.729999542236328,17.399999618530273,16.5,16.610000610351562,12.76533317565918,1.7219595615868115,-0.6578713000027325,-0.0845355987548828,-0.08453559875488281
2011-12-01,16.3799991607666,16.860000610351562,16.219999313354492,16.219999313354492,12.465603828430176,1.8738833402157788,-2.347994706479928,-0.2997293472290039,-0.2997293472290039
2011-12-02,16.559999465942383,16.959999084472656,16.31999969482422,16.780000686645508,12.89598560333252,0.4179471283548428,3.452554571971689,0.4303817749023437,0.43038177490234375
2011-12-05,16.850000381469727,17.399999618530273,16.850000381469727,17.399999618530273,13.372475624084473,1.608016727615086,3.694870911059489,0.4764900207519531,0.4764900207519531
2011-12-06,17.489999771118164,17.6200008392334,17.239999771118164,17.31999969482422,13.310992240905762,1.3801310596716354,-0.4597756235051653,-0.0614833831787109,-0.06148338317871094
2011-12-07,17.469999313354492,17.5,17.18000030517578,17.360000610351562,13.341733932495115,0.240702719954381,0.230949662001012,0.0307416915893536,0.030741691589353692
2011-12-08,17.270000457763672,17.270000457763672,16.739999771118164,16.739999771118164,12.86524486541748,0.6331724814125463,-3.571417849347891,-0.4764890670776349,-0.47648906707763494
2011-12-09,16.799999237060547,17.690000534057617,16.799999237060547,17.649999618530273,13.564604759216309,0.7471153153842718,5.436040286172461,0.6993598937988281,0.6993598937988281
2011-12-12,17.3799991607666,17.3799991607666,17.049999237060547,17.299999237060547,13.295620918273926,0.9116994088989864,-1.9829832547065165,-0.2689838409423828,-0.2689838409423828
2011-12-13,17.450000762939453,17.829999923706055,17.450000762939453,17.5,13.449328422546388,1.1902263363854262,1.1560761638533368,0.1537075042724627,0.1537075042724627
2011-12-14,17.31999969482422,18.489999771118164,17.110000610351562,18.209999084472656,13.994987487792969,2.0511277486162407,4.05714730210498,0.5456590652465803,0.5456590652465803
2011-12-15,18.51000022888184,18.51000022888184,18.209999084472656,18.5,14.21786403656006,0.8737184642417445,1.592545537904155,0.2228765487670916,0.22287654876709162
2011-12-16,18.59000015258789,18.600000381469727,18.299999237060547,18.299999237060547,14.064153671264648,3.30449892230522,-1.0811072950209557,-0.1537103652954119,-0.15371036529541193
2011-12-19,18.38999938964844,18.690000534057617,18.270000457763672,18.309999465942383,14.0718412399292,0.6078518516410518,0.0546607271524557,0.0076875686645507,0.007687568664550781
2011-12-20,18.690000534057617,19.25,18.68000030517578,19.239999771118164,14.786576271057127,2.443597510074406,5.079186290844784,0.7147350311279279,0.7147350311279279
2011-12-21,19.14999961853028,19.3700008392334,18.700000762939453,19.31999969482422,14.848055839538574,0.050797996668172,0.4157796054640839,0.061479568481447,0.06147956848144709
2011-12-22,19.5,19.559999465942383,18.780000686645508,19.51000022888184,14.9940824508667,-0.1770876712752787,0.9834729402032228,0.146026611328125,0.146026611328125
2011-12-23,19.59000015258789,19.8799991607666,18.71999931335449,19.770000457763672,15.193899154663086,1.468753263871866,1.3326370883390617,0.1998167037963867,0.19981670379638672
2011-12-27,19.68000030517578,19.8799991607666,18.65999984741211,19.36000061035156,14.878795623779297,0.9243597237847336,-2.073881942194422,-0.315103530883789,-0.31510353088378906
2011-12-28,19.46999931335449,19.61000061035156,18.190000534057617,18.190000534057617,13.97961139678955,-0.1137860968465424,-6.043393899118222,-0.8991842269897461,-0.8991842269897461
2011-12-29,18.170000076293945,19.540000915527344,18.170000076293945,19.530000686645508,15.009450912475586,-0.0631448373035533,7.36672491427437,1.0298395156860352,1.0298395156860352
2011-12-30,19.5,19.8799991607666,18.88999938964844,19.5,14.986395835876465,1.228207281042668,-0.1536037309663229,-0.023055076599121,-0.023055076599121094
2012-01-03,19.88999938964844,19.88999938964844,19.280000686645508,19.65999984741211,15.10935878753662,0.2660233497258756,0.8204971562661534,0.1229629516601544,0.12296295166015447
2012-01-04,19.46999931335449,19.799999237060547,19.39999961853028,19.65999984741211,15.10935878753662,-0.3036908201327514,0.0,0.0,0.0
2012-01-05,19.6200008392334,19.729999542236328,19.32999992370605,19.459999084472656,14.955649375915527,-0.3416717647899932,-1.0173126059319193,-0.1537094116210919,-0.15370941162109197
2012-01-06,19.450000762939453,19.5,19.3799991607666,19.3799991607666,14.894168853759766,0.3419852390403592,-0.4110856079226455,-0.0614805221557617,-0.06148052215576172
2012-01-09,19.520000457763672,19.600000381469727,19.3799991607666,19.59000015258789,15.055560111999512,0.0381376817824247,1.0835868709720309,0.1613912582397461,0.1613912582397461
2012-01-10,19.770000457763672,19.850000381469727,18.96999931335449,19.850000381469727,15.255378723144531,0.7217946856127773,1.3272080856411297,0.1998186111450195,0.19981861114501953
2012-01-11,19.729999542236328,19.950000762939453,19.57999992370605,19.950000762939453,15.332233428955078,-0.2530495605897623,0.5037875965278271,0.0768547058105468,0.07685470581054688
2012-01-12,20.0,20.1299991607666,19.309999465942383,20.1299991607666,15.470569610595703,-0.3290114499042459,0.9022572104816496,0.138336181640625,0.138336181640625
2012-01-13,19.559999465942383,19.57999992370605,19.14999961853028,19.32999992370605,14.855746269226074,0.2786836646116228,-3.9741480555993247,-0.6148233413696289,-0.6148233413696289
2012-01-17,18.299999237060547,19.93000030517578,18.299999237060547,19.40999984741211,14.917223930358888,1.7092992467010644,0.4138308504916033,0.0614776611328142,0.061477661132814276
2012-01-18,19.34000015258789,19.989999771118164,19.34000015258789,19.989999771118164,15.362974166870115,-0.2277289308182678,2.988158108990069,0.4457502365112269,0.4457502365112269
2012-01-19,20.0,20.0,19.39999961853028,19.89999961853028,15.293807983398438,0.6078518516410518,-0.4502134985088557,-0.0691661834716779,-0.06916618347167791
2012-01-20,19.90999984741211,20.420000076293945,19.600000381469727,20.39999961853028,15.678070068359377,0.3546455539261064,2.512533735078004,0.3842620849609393,0.3842620849609393
2012-01-23,20.799999237060547,20.799999237060547,20.280000686645508,20.40999984741211,15.685762405395508,-0.1011257819607951,0.0490643108660204,0.007692337036131,0.007692337036131036
2012-01-24,20.299999237060547,20.959999084472656,20.190000534057617,20.90999984741211,16.07002067565918,0.4939090176693264,2.449726448307654,0.3842582702636719,0.3842582702636719
2012-01-25,20.989999771118164,21.25,20.86000061035156,20.96999931335449,16.116132736206055,1.316829485242899,0.2869446248860097,0.046112060546875,0.046112060546875
2012-01-26,21.0,21.0,20.57999992370605,20.700000762939453,15.90863800048828,0.7217946856127773,-1.2874970634339844,-0.2074947357177752,-0.2074947357177752
2012-01-27,20.670000076293945,21.15999984741211,20.440000534057617,21.15999984741211,16.262161254882812,0.6458327962982936,2.2222094335397014,0.353523254394533,0.353523254394533
2012-01-30,20.64999961853028,20.709999084472656,20.06999969482422,20.239999771118164,15.65126132965088,0.658493111184041,-3.7565727928599024,-0.6108999252319318,-0.6108999252319318
2012-01-31,20.51000022888184,20.51000022888184,19.600000381469727,19.799999237060547,15.31101417541504,1.2028866512711736,-2.1739280117395454,-0.3402471542358398,-0.34024715423583984
2012-02-01,19.989999771118164,20.850000381469727,19.8700008392334,20.84000015258789,16.115234375,1.6713183020438225,5.252559956977243,0.8042201995849592,0.8042201995849592
2012-02-02,20.8700008392334,21.25,20.31999969482422,21.229999542236328,16.416812896728516,0.3673058688118537,1.8713877484547223,0.3015785217285156,0.3015785217285156
2012-02-03,21.5,22.440000534057617,21.25,21.75,16.818923950195312,1.076283502413701,2.4493856145910486,0.4021110534667969,0.4021110534667969
2012-02-06,21.559999465942383,21.88999938964844,21.39999961853028,21.81999969482422,16.873050689697266,0.6331724814125463,0.3218204664117374,0.0541267395019531,0.054126739501953125
2012-02-07,21.86000061035156,21.88999938964844,21.600000381469727,21.600000381469727,16.70292854309082,-0.3416717647899932,-1.0082477065651352,-0.1701221466064453,-0.1701221466064453
2012-02-08,21.600000381469727,22.0,21.600000381469727,22.0,17.01224708557129,-0.0884654670750478,1.8518820917091228,0.3093185424804687,0.30931854248046875
2012-02-09,22.11000061035156,22.11000061035156,21.559999465942383,21.559999465942383,16.6720027923584,-0.379652709447235,-1.9999961880489248,-0.3402442932128906,-0.3402442932128906
2012-02-10,21.459999084472656,21.63999938964844,21.459999084472656,21.479999542236328,16.61013412475586,-0.3163511350184987,-0.3710931936197648,-0.061868667602539,-0.06186866760253906
2012-02-13,21.75,21.799999237060547,21.39999961853028,21.799999237060547,16.857589721679688,-0.1517670415037842,1.4897868678556805,0.2474555969238281,0.24745559692382812
2012-02-14,21.559999465942383,21.729999542236328,21.290000915527344,21.600000381469727,16.70292854309082,-0.5568971178476968,-0.9174572471055242,-0.1546611785888672,-0.1546611785888672
2012-02-15,21.75,21.75,21.420000076293945,21.59000015258789,16.695188522338867,-0.1137860968465424,-0.0463393035058823,-0.0077400207519531,-0.007740020751953125
2012-02-16,21.51000022888184,22.0,21.51000022888184,21.979999542236328,16.996780395507812,0.1014392562111611,1.8064598238312968,0.3015918731689453,0.3015918731689453
2012-02-17,22.0,22.25,21.780000686645508,22.020000457763672,17.027713775634766,0.4812487027835792,0.1819955274301676,0.0309333801269531,0.030933380126953125
2012-02-21,22.11000061035156,22.190000534057617,21.93000030517578,21.959999084472656,16.981311798095703,-0.5442368029619495,-0.2725085595780885,-0.0464019775390625,-0.0464019775390625
2012-02-22,21.950000762939453,21.989999771118164,21.61000061035156,21.799999237060547,16.857589721679688,-0.3923130243329823,-0.7285778500921825,-0.1237220764160156,-0.12372207641601562
2012-02-23,21.75,22.21999931335449,21.75,22.190000534057617,17.159168243408203,0.3546455539261064,1.788977705043271,0.3015785217285156,0.3015785217285156
2012-02-24,22.0,22.0,21.700000762939453,21.809999465942383,16.865320205688477,0.190061460411392,-1.7124841574568173,-0.2938480377197265,-0.29384803771972656
2012-02-27,21.690000534057617,22.0,21.530000686645508,21.86000061035156,16.903982162475586,-0.4176336541044768,0.2292393877826759,0.0386619567871093,0.038661956787109375
2012-02-28,21.940000534057617,21.940000534057617,21.700000762939453,21.790000915527344,16.8498592376709,-0.5822177476191913,-0.3201785489624575,-0.0541229248046875,-0.0541229248046875
2012-02-29,21.959999084472656,22.0,21.64999961853028,21.64999961853028,16.74159049987793,0.6964740558412827,-0.6425498057035073,-0.1082687377929687,-0.10826873779296875
2012-03-01,21.770000457763672,21.81999969482422,21.0,21.020000457763672,16.254430770874023,0.2027217752971392,-2.909877224672641,-0.4871597290039062,-0.48715972900390625
2012-03-02,21.13999938964844,21.13999938964844,19.059999465942383,19.11000061035156,14.77745532989502,0.9370200386704808,-9.086602058225049,-1.476975440979004,-1.476975440979004
2012-03-05,19.270000457763672,19.350000381469727,19.18000030517578,19.350000381469727,14.963042259216309,0.190061460411392,1.255878804423416,0.185586929321289,0.18558692932128906
2012-03-06,19.14999961853028,19.25,19.020000457763672,19.07999992370605,14.75425910949707,0.2786836646116228,-1.3953255367613493,-0.2087831497192382,-0.20878314971923828
2012-03-07,19.26000022888184,19.26000022888184,19.0,19.14999961853028,14.808384895324709,-0.0125035777605642,0.3668485514992659,0.0541257858276384,0.054125785827638495
2012-03-08,19.32999992370605,19.56999969482422,19.0,19.280000686645508,14.908910751342772,-0.1517670415037842,0.678844159769243,0.1005258560180628,0.10052585601806285
2012-03-09,19.309999465942383,19.959999084472656,19.309999465942383,19.850000381469727,15.349682807922363,0.1014392562111611,2.9564336652823098,0.4407720565795916,0.4407720565795916
2012-03-12,19.989999771118164,20.5,19.989999771118164,20.239999771118164,15.65126132965088,-0.0378242075320588,1.9647215222770908,0.3015785217285174,0.3015785217285174
2012-03-13,20.709999084472656,21.46999931335449,20.3799991607666,21.46999931335449,16.60240364074707,0.2153820901828865,6.077096861799092,0.9511423110961896,0.9511423110961896
2012-03-14,21.64999961853028,21.88999938964844,21.09000015258789,21.65999984741211,16.74932861328125,1.1142644470709426,0.8849620555759996,0.1469249725341797,0.1469249725341797
2012-03-15,21.729999542236328,22.0,21.600000381469727,22.0,17.01224708557129,0.3293249241546119,1.5697254401084493,0.262918472290039,0.26291847229003906
2012-03-16,22.1299991607666,22.39999961853028,21.780000686645508,22.39999961853028,17.321556091308594,3.063952939476022,1.8181549102918917,0.3093090057373047,0.3093090057373047
2012-03-19,22.5,23.0,22.450000762939453,22.8799991607666,17.692733764648438,0.7217946856127773,2.1428656373782,0.3711776733398437,0.37117767333984375
2012-03-20,22.809999465942383,22.850000381469727,22.57999992370605,22.76000022888184,17.599939346313477,-0.0758051521893006,-0.5244775599369089,-0.0927944183349609,-0.09279441833496094
2012-03-21,22.850000381469727,22.850000381469727,22.440000534057617,22.56999969482422,17.453012466430664,-0.379652709447235,-0.8348146944812562,-0.1469268798828125,-0.1469268798828125
2012-03-22,22.39999961853028,22.600000381469727,22.18000030517578,22.59000015258789,17.468482971191406,-0.5062558583047078,0.0886408852941444,0.0154705047607421,0.015470504760742188
2012-03-23,22.63999938964844,22.89999961853028,22.489999771118164,22.89999961853028,17.708200454711914,0.4939090176693264,1.372285641036175,0.2397174835205078,0.2397174835205078
2012-03-26,22.96999931335449,23.229999542236328,22.670000076293945,23.01000022888184,17.793258666992188,2.228372157016702,0.4803323324569675,0.0850582122802734,0.08505821228027344
2012-03-27,23.1200008392334,23.1200008392334,22.729999542236328,22.959999084472656,17.754592895507812,0.0887789413254138,-0.2173057347617968,-0.038665771484375,-0.038665771484375
2012-03-28,22.979999542236328,23.489999771118164,22.959999084472656,23.170000076293945,17.9169864654541,0.0001567371251829,0.9146566801167212,0.162393569946289,0.16239356994628906
2012-03-29,23.06999969482422,23.450000762939453,22.59000015258789,23.200000762939453,17.9401798248291,0.0381376817824247,0.1294489975740109,0.023193359375,0.023193359375
2012-03-30,23.479999542236328,24.0,22.989999771118164,23.799999237060547,18.40415382385254,5.127584265852827,2.586228251632683,0.4639739990234375,0.4639739990234375
2012-04-02,23.68000030517578,24.0,23.350000381469727,24.0,18.55881118774414,1.468753263871866,0.8403394438659673,0.1546573638916015,0.15465736389160156
2012-04-03,23.63999938964844,23.71999931335449,23.31999969482422,23.36000061035156,18.06390953063965,-0.1517670415037842,-2.666666803697615,-0.4949016571044922,-0.4949016571044922
2012-04-04,23.200000762939453,23.989999771118164,23.190000534057617,23.600000381469727,18.24950218200684,0.4685883878978319,1.0274223918825154,0.185592651367191,0.18559265136719105
2012-04-05,23.489999771118164,23.850000381469727,23.059999465942383,23.059999465942383,17.831924438476562,-0.1264464117322896,-2.288159640551668,-0.417577743530277,-0.417577743530277
2012-04-09,22.59000015258789,22.6200008392334,22.020000457763672,22.020000457763672,17.027713775634766,0.5065693325550737,-4.509948803431019,-0.8042106628417969,-0.8042106628417969
2012-04-10,22.07999992370605,23.979999542236328,21.14999961853028,21.190000534057617,16.385887145996094,2.316994361216933,-3.76930595672258,-0.6418266296386719,-0.6418266296386719
2012-04-11,21.600000381469727,21.600000381469727,21.09000015258789,21.530000686645508,16.648801803588867,0.5825312218695573,1.604518908559771,0.2629146575927734,0.26291465759277344
2012-04-12,21.43000030517578,21.96999931335449,21.32999992370605,21.850000381469727,16.896249771118164,0.379966183697601,1.4862809375024044,0.2474479675292968,0.24744796752929688
2012-04-13,21.600000381469727,21.780000686645508,21.100000381469727,21.290000915527344,16.463212966918945,1.316829485242899,-2.562916683082161,-0.4330368041992187,-0.43303680419921875
2012-04-16,21.38999938964844,22.049999237060547,21.350000381469727,21.940000534057617,16.965848922729492,-0.3669923945614878,3.0530854264021245,0.5026359558105469,0.5026359558105469
2012-04-17,22.049999237060547,22.950000762939453,21.71999931335449,22.420000076293945,17.337020874023438,-0.050484522417806,2.187759380532261,0.3711719512939453,0.3711719512939453
2012-04-18,22.309999465942383,22.450000762939453,21.89999961853028,21.959999084472656,16.981311798095703,-0.3290114499042459,-2.051731254824196,-0.3557090759277344,-0.3557090759277344
2012-04-19,22.1200008392334,22.979999542236328,21.5,21.520000457763672,16.64107322692871,0.0001567371251829,-2.00360593582144,-0.3402385711669922,-0.3402385711669922
2012-04-20,22.950000762939453,22.950000762939453,21.600000381469727,21.729999542236328,16.803457260131836,0.5572105920980628,0.9758026479947944,0.162384033203125,0.162384033203125
2012-04-23,21.299999237060547,21.540000915527344,20.520000457763672,20.520000457763672,15.86778450012207,1.9625055444160096,-5.568334810656839,-0.9356727600097656,-0.9356727600097656
2012-04-24,20.520000457763672,21.84000015258789,20.520000457763672,21.81999969482422,16.873050689697266,0.0887789413254138,6.335264948723385,1.005266189575195,1.0052661895751953
2012-04-25,22.0,22.780000686645508,22.0,22.780000686645508,17.615402221679688,-0.3036908201327514,4.399628411213774,0.7423515319824219,0.7423515319824219
2012-04-26,22.61000061035156,22.71999931335449,22.299999237060547,22.6200008392334,17.491680145263672,-0.4429542838759714,-0.7023516968789223,-0.1237220764160156,-0.12372207641601562
2012-04-27,22.600000381469727,23.14999961853028,22.600000381469727,22.96999931335449,17.880903244018555,1.5700357829578444,2.225189893266344,0.3892230987548828,0.3892230987548828
2012-04-30,22.299999237060547,22.51000022888184,21.71999931335449,22.07999992370605,17.188085556030273,0.190061460411392,-3.874623549680245,-0.6928176879882812,-0.6928176879882812
2012-05-01,22.07999992370605,22.86000061035156,21.01000022888184,21.059999465942383,16.39406967163086,0.5572105920980628,-4.619571399101174,-0.7940158843994141,-0.7940158843994141
2012-05-02,20.89999961853028,21.100000381469727,20.190000534057617,20.489999771118164,15.950359344482422,0.4559280730120846,-2.7065294709358034,-0.4437103271484375,-0.4437103271484375
2012-05-03,20.5,21.01000022888184,20.040000915527344,20.1200008392334,15.662330627441406,0.5572105920980628,-1.8057819941257325,-0.2880287170410156,-0.2880287170410156
2012-05-04,20.020000457763672,20.32999992370605,20.020000457763672,20.200000762939453,15.724608421325684,0.6711534260697882,0.3976278841615333,0.0622777938842773,0.062277793884277344
2012-05-07,20.13999938964844,20.59000015258789,20.059999465942383,20.25,15.763529777526855,-0.4049733392187296,0.2475187626827413,0.0389213562011718,0.038921356201171875
2012-05-08,20.020000457763672,21.530000686645508,20.020000457763672,21.040000915527344,16.378501892089844,1.747280191358306,3.90123356406964,0.6149721145629883,0.6149721145629883
2012-05-09,20.90999984741211,21.06999969482422,20.459999084472656,20.459999084472656,15.927002906799316,-0.2910305052470042,-2.7566561842178205,-0.4514989852905273,-0.45149898529052734
2012-05-10,20.88999938964844,21.0,20.88999938964844,20.989999771118164,16.339582443237305,-0.7341415262481585,2.5904405169779654,0.4125795364379883,0.4125795364379883
2012-05-11,20.75,21.700000762939453,20.15999984741211,21.700000762939453,16.89228057861328,-0.1264464117322896,3.38257196777223,0.5526981353759766,0.5526981353759766
2012-05-14,21.479999542236328,21.559999465942383,20.440000534057617,20.440000534057617,15.91143035888672,0.2280424050686338,-5.806499691749023,-0.9808502197265608,-0.9808502197265607
2012-05-15,20.549999237060547,20.799999237060547,20.200000762939453,20.200000762939453,15.724608421325684,-0.3923130243329823,-1.1741366636890405,-0.1868219375610369,-0.18682193756103693
2012-05-16,20.38999938964844,20.739999771118164,20.049999237060547,20.049999237060547,15.60784149169922,-0.4049733392187296,-0.7425744826058955,-0.116766929626463,-0.11676692962646307
2012-05-17,20.270000457763672,20.799999237060547,20.14999961853028,20.170000076293945,15.701252937316896,0.3419852390403592,0.5984904810018454,0.0934114456176757,0.09341144561767578
2012-05-18,20.11000061035156,20.71999931335449,20.11000061035156,20.280000686645508,15.786885261535645,0.4306074432405901,0.5453852922477687,0.0856323242187482,0.08563232421874822
2012-05-21,20.459999084472656,21.479999542236328,20.459999084472656,21.46999931335449,16.713233947753906,0.1647408306398974,5.867836947388772,0.9263486862182616,0.9263486862182617
2012-05-22,21.39999961853028,22.350000381469727,20.86000061035156,20.86000061035156,16.238386154174805,0.240702719954381,-2.841148487859924,-0.4748477935791015,-0.47484779357910156
2012-05-23,20.790000915527344,21.350000381469727,20.209999084472656,20.36000061035156,15.84915828704834,-0.0758051521893006,-2.3969615171788305,-0.3892278671264648,-0.38922786712646484
2012-05-24,20.479999542236328,21.239999771118164,20.3700008392334,20.89999961853028,16.269521713256836,0.759775630270019,2.6522760300274677,0.4203634262084961,0.4203634262084961
2012-05-25,21.0,21.75,20.51000022888184,21.299999237060547,16.58089828491211,0.5572105920980628,1.913864323384229,0.3113765716552734,0.31137657165527344
2012-05-29,21.40999984741211,21.450000762939453,21.15999984741211,21.450000762939453,16.697664260864258,0.1267598859826556,0.7042198434954461,0.1167659759521484,0.11676597595214844
2012-05-30,21.09000015258789,21.479999542236328,20.64999961853028,20.64999961853028,16.074909210205078,0.2153820901828865,-3.729593797851016,-0.6227550506591797,-0.6227550506591797
2012-05-31,21.01000022888184,21.239999771118164,20.309999465942383,20.309999465942383,15.81023406982422,1.5193945234148551,-1.6465109502007635,-0.2646751403808576,-0.2646751403808576
2012-06-01,20.01000022888184,20.049999237060547,19.51000022888184,19.61000061035156,15.265324592590332,1.2788485405856571,-3.4465617322764097,-0.5449094772338885,-0.5449094772338885
2012-06-04,19.68000030517578,20.32999992370605,19.68000030517578,20.1299991607666,15.67011547088623,-0.4935955434189604,2.6517017429972034,0.4047908782958984,0.40479087829589844
2012-06-05,20.040000915527344,20.940000534057617,20.040000915527344,20.850000381469727,16.23059844970703,0.4685883878978319,3.57676355264982,0.5604829788208008,0.5604829788208008
2012-06-06,21.030000686645508,21.82999992370605,20.89999961853028,21.770000457763672,16.946765899658203,0.1140995710969084,4.412452517818899,0.7161674499511719,0.7161674499511719
2012-06-07,21.989999771118164,22.0,21.11000061035156,21.799999237060547,16.970123291015625,0.6711534260697882,0.1378280168364831,0.0233573913574218,0.023357391357421875
2012-06-08,21.670000076293945,22.32999992370605,21.670000076293945,22.32999992370605,17.382699966430664,-0.2657098754755096,2.4311943310009188,0.412576675415039,0.41257667541503906
2012-06-11,22.350000381469727,22.350000381469727,21.290000915527344,21.5,16.736587524414062,0.6964740558412827,-3.716985527359784,-0.6461124420166016,-0.6461124420166016
2012-06-12,21.61000061035156,22.209999084472656,21.479999542236328,22.09000015258789,17.19586944580078,-0.2277289308182678,2.744179007320069,0.4592819213867187,0.45928192138671875
2012-06-13,22.06999969482422,22.06999969482422,21.11000061035156,21.270000457763672,16.55754852294922,0.3040042943831174,-3.712059601658813,-0.6383209228515625,-0.6383209228515625
2012-06-14,21.51000022888184,22.14999961853028,21.14999961853028,22.13999938964844,17.234792709350586,0.0381376817824247,4.090244310398283,0.6772441864013672,0.6772441864013672
2012-06-15,22.190000534057617,23.0,21.90999984741211,23.0,17.904253005981445,3.114594199019011,3.884353632333792,0.6694602966308594,0.6694602966308594
2012-06-18,22.690000534057617,22.690000534057617,21.850000381469727,22.530000686645508,17.538387298583984,0.4432677581263373,-2.043456977932745,-0.3658657073974609,-0.36586570739746094
2012-06-19,22.56999969482422,23.0,21.530000686645508,23.0,17.904253005981445,1.1522453917281843,2.086085232175261,0.3658657073974609,0.36586570739746094
2012-06-20,22.39999961853028,22.950000762939453,22.18000030517578,22.700000762939453,17.67072105407715,-0.3669923945614878,-1.3043378678031292,-0.2335319519042968,-0.23353195190429688
2012-06-21,22.729999542236328,22.729999542236328,22.020000457763672,22.06999969482422,17.18030548095703,0.1014392562111611,-2.7753002926100945,-0.4904155731201172,-0.4904155731201172
2012-06-22,22.34000015258789,22.989999771118164,22.040000915527344,22.920000076293945,17.841981887817383,2.658822863132109,3.851365783884142,0.6616764068603516,0.6616764068603516
2012-06-25,22.309999465942383,22.81999969482422,21.64999961853028,22.450000762939453,17.47611427307129,-0.1137860968465424,-2.0505996309519325,-0.3658676147460937,-0.36586761474609375
2012-06-26,22.59000015258789,22.75,22.209999084472656,22.75,17.709646224975586,-0.3923130243329823,1.3362922000581312,0.2335319519042968,0.23353195190429688
2012-06-27,22.68000030517578,23.020000457763672,22.26000022888184,22.989999771118164,17.896467208862305,0.0761186264396665,1.054910874635362,0.1868209838867187,0.18682098388671875
2012-06-28,22.799999237060547,22.84000015258789,22.15999984741211,22.39999961853028,17.43718147277832,0.0761186264396665,-2.5663486023462023,-0.4592857360839844,-0.4592857360839844
2012-06-29,23.01000022888184,23.01000022888184,22.809999465942383,22.989999771118164,17.896467208862305,1.0256422428707117,2.633944808115851,0.4592857360839844,0.4592857360839844
2012-07-02,23.0,23.13999938964844,22.950000762939453,23.13999938964844,18.01324462890625,0.8104168898130081,0.6525166038698238,0.1167774200439453,0.11677742004394531
2012-07-03,23.07999992370605,23.25,23.07999992370605,23.25,18.098865509033203,-0.1770876712752787,0.4753218084295296,0.0856208801269531,0.08562088012695312
2012-07-05,23.0,23.25,22.989999771118164,23.0,17.904253005981445,-0.2277289308182678,-1.075274596380782,-0.1946125030517578,-0.1946125030517578
2012-07-06,22.670000076293945,23.190000534057617,22.489999771118164,22.559999465942383,17.561738967895508,-0.1264464117322896,-1.9130317135906736,-0.3425140380859375,-0.3425140380859375
2012-07-09,22.5,22.739999771118164,22.5,22.690000534057617,17.66293716430664,-0.658179636933675,0.5762424586547743,0.1011981964111328,0.10119819641113281
2012-07-10,22.93000030517578,22.959999084472656,22.5,22.959999084472656,17.87312126159668,-0.0378242075320588,1.189972513262294,0.210184097290039,0.21018409729003906
2012-07-11,22.82999992370605,22.950000762939453,22.51000022888184,22.64999961853028,17.631803512573242,0.379966183697601,-1.350171273900258,-0.2413177490234375,-0.2413177490234375
2012-07-12,22.75,22.940000534057617,22.739999771118164,22.81999969482422,17.764137268066406,0.8230772046987554,0.7505400987414479,0.132333755493164,0.13233375549316406
2012-07-13,23.0,23.71999931335449,22.920000076293945,23.71999931335449,18.464738845825195,0.0381376817824247,3.9439099528814303,0.7006015777587891,0.7006015777587891
2012-07-16,23.559999465942383,23.559999465942383,22.989999771118164,23.14999961853028,18.02102470397949,-0.5948780625049386,-2.4030350255726973,-0.4437141418457067,-0.4437141418457067
2012-07-17,23.200000762939453,23.25,22.040000915527344,22.780000686645508,17.732995986938477,0.6458327962982936,-1.5982926707680978,-0.2880287170410121,-0.2880287170410121
2012-07-18,22.84000015258789,23.0,22.420000076293945,22.76000022888184,17.717432022094727,1.5193945234148551,-0.0877683886874702,-0.01556396484375,-0.01556396484375
2012-07-19,22.549999237060547,22.88999938964844,22.200000762939453,22.520000457763672,17.530603408813477,-0.2403892457040151,-1.0544903632098812,-0.18682861328125,-0.18682861328125
2012-07-20,22.479999542236328,23.59000015258789,22.229999542236328,22.25,17.32042121887207,0.3546455539261064,-1.1989444118947867,-0.2101821899414062,-0.21018218994140625
2012-07-23,22.01000022888184,22.8799991607666,22.01000022888184,22.239999771118164,17.312633514404297,0.0001567371251829,-0.0449625581812496,-0.0077877044677734,-0.0077877044677734375
2012-07-24,22.40999984741211,22.40999984741211,22.01000022888184,22.14999961853028,17.242576599121094,0.0634583115539193,-0.4046577617721425,-0.0700569152832031,-0.07005691528320312
2012-07-25,22.43000030517578,22.5,22.01000022888184,22.11000061035156,17.211444854736328,0.6078518516410518,-0.1805515794336187,-0.0311317443847656,-0.031131744384765625
2012-07-26,22.6200008392334,22.6200008392334,22.100000381469727,22.21999931335449,17.297067642211914,0.5318899623265683,0.4974758842051674,0.0856227874755859,0.08562278747558594
2012-07-27,22.25,22.790000915527344,22.059999465942383,22.57999992370605,17.577312469482422,0.6078518516410518,1.620186918773414,0.2802448272705078,0.2802448272705078
2012-07-30,22.51000022888184,22.51000022888184,22.100000381469727,22.100000381469727,17.318702697753906,-0.4302939689902241,-1.4712702648798648,-0.2586097717285156,-0.2586097717285156
2012-07-31,22.1200008392334,22.1200008392334,21.46999931335449,21.63999938964844,16.958221435546875,0.5825312218695573,-2.081456495316958,-0.3604812622070312,-0.36048126220703125
2012-08-01,21.8700008392334,21.8700008392334,20.14999961853028,20.15999984741211,15.798417091369627,1.2155469661569207,-6.839186223539517,-1.159804344177248,-1.1598043441772479
2012-08-02,20.190000534057617,20.549999237060547,20.059999465942383,20.34000015258789,15.939476013183594,0.2533630348401283,0.8928674372765233,0.1410589218139666,0.14105892181396662
2012-08-03,20.729999542236328,22.40999984741211,20.600000381469727,21.450000762939453,16.8093318939209,0.1647408306398974,5.457242634687898,0.8698558807373047,0.8698558807373047
2012-08-06,21.39999961853028,21.82999992370605,20.64999961853028,21.479999542236328,16.832839965820312,-0.3290114499042459,0.1398513162079728,0.023508071899414,0.023508071899414062
2012-08-07,21.59000015258789,21.76000022888184,21.01000022888184,21.440000534057617,16.801494598388672,0.4685883878978319,-0.1862155613389537,-0.0313453674316406,-0.031345367431640625
2012-08-08,21.25,21.51000022888184,20.790000915527344,21.51000022888184,16.856351852416992,-0.3036908201327514,0.3265022269720141,0.0548572540283203,0.05485725402832031
2012-08-09,21.309999465942383,21.559999465942383,21.309999465942383,21.559999465942383,16.895536422729492,-0.6455193220479277,0.2324617488741021,0.0391845703125,0.0391845703125
2012-08-10,21.600000381469727,21.600000381469727,21.13999938964844,21.13999938964844,16.566394805908203,-0.6708399518194222,-1.94809805729812,-0.329141616821289,-0.32914161682128906
2012-08-13,21.229999542236328,22.31999969482422,21.200000762939453,21.5,16.8485107421875,0.1774011455256447,1.7029410416965485,0.2821159362792969,0.2821159362792969
2012-08-14,21.59000015258789,21.600000381469727,20.76000022888184,20.84000015258789,16.331298828125,-0.2530495605897623,-3.069778225368236,-0.5172119140625,-0.5172119140625
2012-08-15,20.780000686645508,21.0,20.780000686645508,21.0,16.456687927246094,-0.2024083010467733,0.7677839983256884,0.1253890991210937,0.12538909912109375
2012-08-16,20.57999992370605,21.479999542236328,20.530000686645508,21.239999771118164,16.644765853881836,1.038302557756459,1.1428662162594527,0.1880779266357422,0.1880779266357422
2012-08-17,21.15999984741211,21.88999938964844,21.049999237060547,21.88999938964844,17.154138565063477,-0.1137860968465424,3.060257594809279,0.5093727111816406,0.5093727111816406
2012-08-20,21.780000686645508,21.780000686645508,21.040000915527344,21.75,17.044429779052734,-0.4429542838759714,-0.6395470433833261,-0.1097087860107421,-0.10970878601074219
2012-08-21,21.88999938964844,21.979999542236328,21.420000076293945,21.420000076293945,16.785818099975586,-0.2783701903612569,-1.51727973554725,-0.2586116790771484,-0.25861167907714844
2012-08-22,21.049999237060547,21.049999237060547,21.049999237060547,21.049999237060547,16.49587059020996,-0.8101034155626422,-1.7273361836683263,-0.289947509765625,-0.289947509765625
2012-08-23,20.64999961853028,21.0,20.540000915527344,20.549999237060547,16.104042053222656,-0.2530495605897623,-2.3753128690270464,-0.3918285369873047,-0.3918285369873047
2012-08-24,20.520000457763672,21.040000915527344,20.520000457763672,21.01000022888184,16.464521408081055,-0.5062558583047078,2.238440223063498,0.3604793548583984,0.36047935485839844
2012-08-27,21.25,21.25,20.3799991607666,20.989999771118164,16.448856353759766,-0.3669923945614878,-0.0951443041253607,-0.015665054321289,-0.015665054321289062
2012-08-28,20.3700008392334,21.209999084472656,20.3700008392334,21.209999084472656,16.621252059936523,-0.1011257819607951,1.0480710784330771,0.1723957061767578,0.1723957061767578
2012-08-29,21.14999961853028,21.76000022888184,21.1200008392334,21.76000022888184,17.052263259887695,-0.3543320796757405,2.593133167085959,0.4310111999511719,0.4310111999511719
2012-08-30,21.89999961853028,21.89999961853028,20.989999771118164,20.989999771118164,16.448856353759766,-0.3163511350184987,-3.5385737185241184,-0.6034069061279297,-0.6034069061279297
2012-08-31,21.15999984741211,21.36000061035156,20.690000534057617,21.049999237060547,16.49587059020996,-0.4049733392187296,0.2858207004734936,0.0470142364501953,0.04701423645019531
2012-09-04,20.850000381469727,21.049999237060547,20.850000381469727,21.01000022888184,16.464521408081055,-0.1517670415037842,-0.1900426046474446,-0.0313491821289062,-0.03134918212890625
2012-09-05,21.040000915527344,21.59000015258789,20.600000381469727,20.86000061035156,16.34697723388672,0.2786836646116228,-0.7139240265838676,-0.1175441741943359,-0.11754417419433594
2012-09-06,21.09000015258789,21.100000381469727,20.75,21.0,16.456687927246094,1.12692476195669,0.6711374940435277,0.109710693359375,0.109710693359375
2012-09-07,21.190000534057617,21.190000534057617,21.0,21.01000022888184,16.464521408081055,-0.1644273563895315,0.0476005917447786,0.0078334808349609,0.007833480834960938
2012-09-10,21.06999969482422,21.06999969482422,20.84000015258789,20.86000061035156,16.34697723388672,0.2786836646116228,-0.7139240265838676,-0.1175441741943359,-0.11754417419433594
2012-09-11,21.0,21.01000022888184,20.89999961853028,21.01000022888184,16.464521408081055,0.0887789413254138,0.7190575512069142,0.1175441741943359,0.11754417419433594
2012-09-12,21.1200008392334,21.1200008392334,20.71999931335449,21.100000381469727,16.535053253173828,0.1774011455256447,0.4283868528249801,0.0705318450927734,0.07053184509277344
2012-09-13,21.15999984741211,21.549999237060547,21.07999992370605,21.450000762939453,16.8093318939209,2.000486489073251,1.6587708339821816,0.2742786407470703,0.2742786407470703
2012-09-14,21.559999465942383,21.559999465942383,21.100000381469727,21.25,16.65259552001953,2.633502233360615,-0.9324366660762418,-0.1567363739013672,-0.1567363739013672
2012-09-17,21.239999771118164,21.239999771118164,20.3700008392334,21.209999084472656,16.621252059936523,0.6331724814125463,-0.1882196684914849,-0.0313434600830078,-0.03134346008300781
2012-09-18,21.209999084472656,21.270000457763672,21.09000015258789,21.25,16.65259552001953,1.418112004328877,0.1885746029840707,0.0313434600830078,0.03134346008300781
2012-09-19,21.420000076293945,21.450000762939453,21.020000457763672,21.31999969482422,16.70745277404785,-0.0378242075320588,0.3294216445861142,0.0548572540283203,0.05485725402832031
2012-09-20,21.21999931335449,21.489999771118164,20.75,21.3700008392334,16.746639251708984,1.038302557756459,0.2345448955690221,0.0391864776611328,0.03918647766113281
2012-09-21,21.68000030517578,21.68000030517578,21.059999465942383,21.059999465942383,16.503705978393555,3.380460811619704,-1.450638959041517,-0.2429332733154297,-0.2429332733154297
2012-09-24,21.040000915527344,21.3799991607666,20.6200008392334,21.3799991607666,16.75447654724121,0.050797996668172,1.519480346874591,0.2507705688476562,0.25077056884765625
2012-09-25,21.479999542236328,21.479999542236328,21.09000015258789,21.1200008392334,16.550724029541016,0.9623406684419752,-1.2161079286821752,-0.2037525177001953,-0.2037525177001953
2012-09-26,21.13999938964844,21.13999938964844,20.82999992370605,20.950000762939453,16.417499542236328,0.4685883878978319,-0.8049465815930357,-0.1332244873046875,-0.1332244873046875
2012-09-27,21.0,21.200000762939453,20.82999992370605,21.13999938964844,16.566394805908203,0.84839783447025,0.9069302136346602,0.148895263671875,0.148895263671875
2012-09-28,21.059999465942383,21.14999961853028,20.82999992370605,20.84000015258789,16.331298828125,-0.0251638926463115,-1.419113696960539,-0.2350959777832031,-0.23509597778320312
2012-10-01,20.989999771118164,21.1200008392334,20.700000762939453,20.940000534057617,16.40966796875,0.7471153153842718,0.4798708385032713,0.078369140625,0.078369140625
2012-10-02,20.989999771118164,21.049999237060547,20.780000686645508,20.959999084472656,16.425344467163086,-0.0758051521893006,0.0955320878090804,0.0156764984130859,0.015676498413085938
2012-10-03,21.100000381469727,21.100000381469727,20.5,20.64999961853028,16.18240737915039,-0.1011257819607951,-1.4790380104256928,-0.2429370880126953,-0.2429370880126953
2012-10-04,20.739999771118164,21.09000015258789,20.71999931335449,21.09000015258789,16.5272159576416,-0.4809352285332132,2.13076194667714,0.3448085784912109,0.34480857849121094
2012-10-05,21.11000061035156,21.18000030517578,20.8700008392334,21.170000076293945,16.589908599853516,-0.5695574327334441,0.3793297211859059,0.062692642211914,0.06269264221191406
2012-10-08,21.11000061035156,21.11000061035156,20.670000076293945,20.670000076293945,16.198078155517578,-0.4556145987617186,-2.361860175283892,-0.3918304443359375,-0.3918304443359375
2012-10-09,20.739999771118164,20.739999771118164,20.1299991607666,20.15999984741211,15.798417091369627,-0.4556145987617186,-2.4673363118192797,-0.399661064147951,-0.399661064147951
2012-10-10,20.46999931335449,20.64999961853028,20.11000061035156,20.540000915527344,16.096208572387695,-0.2024083010467733,1.8849450504806908,0.2977914810180682,0.2977914810180682
2012-10-11,20.5,20.6299991607666,20.3700008392334,20.5,16.064861297607422,-0.3416717647899932,-0.1947494320746368,-0.0313472747802734,-0.03134727478027344
2012-10-12,20.450000762939453,20.75,20.309999465942383,20.31999969482422,15.923805236816406,-0.1264464117322896,-0.8780409502323172,-0.1410560607910156,-0.14105606079101562
2012-10-15,20.489999771118164,20.5,20.18000030517578,20.309999465942383,15.915963172912598,0.3419852390403592,-0.0492474241375218,-0.0078420639038085,-0.007842063903808594
2012-10-16,20.479999542236328,20.479999542236328,20.18000030517578,20.420000076293945,16.00217056274414,-0.4556145987617186,0.5416410486439149,0.0862073898315429,0.08620738983154297
2012-10-17,20.170000076293945,21.209999084472656,20.14999961853028,21.209999084472656,16.621252059936523,-0.3036908201327514,3.8687345242633056,0.6190814971923828,0.6190814971923828
2012-10-18,21.25,21.25,19.709999084472656,19.75,15.477123260498049,2.595521288703373,-6.883529563914481,-1.1441287994384748,-1.1441287994384748
2012-10-19,19.75,20.049999237060547,19.5,19.549999237060547,15.320390701293944,1.329489800128646,-1.0126724234608253,-0.1567325592041051,-0.15673255920410512
2012-10-22,19.65999984741211,20.040000915527344,19.600000381469727,19.920000076293945,15.610346794128418,-0.2530495605897623,1.8926155245504672,0.2899560928344744,0.28995609283447443
2012-10-23,19.71999931335449,19.90999984741211,19.38999938964844,19.530000686645508,15.304719924926758,-0.3036908201327514,-1.957848042918664,-0.3056268692016601,-0.30562686920166016
2012-10-24,19.6299991607666,19.89999961853028,19.56999969482422,19.75,15.477123260498049,-0.1517670415037842,1.1264716794359586,0.1724033355712908,0.17240333557129084
2012-10-25,19.90999984741211,19.90999984741211,19.739999771118164,19.84000015258789,15.547649383544922,-0.4935955434189604,0.455679791779362,0.0705261230468732,0.07052612304687322
2012-10-26,19.6299991607666,19.88999938964844,19.6299991607666,19.739999771118164,15.46928882598877,-0.6075383773906858,-0.5040026027284039,-0.0783605575561523,-0.07836055755615234
2012-10-31,19.670000076293945,19.780000686645508,19.670000076293945,19.780000686645508,15.619324684143066,-0.3416717647899932,0.9698949954456416,0.1500358581542968,0.15003585815429688
2012-11-01,19.780000686645508,19.959999084472656,19.690000534057617,19.959999084472656,15.761455535888672,0.4179471283548428,0.9099679699334118,0.1421308517456054,0.14213085174560547
2012-11-02,20.0,20.0,19.489999771118164,19.75,15.59563159942627,0.4052868134690955,-1.052085171225603,-0.1658239364624023,-0.16582393646240234
2012-11-05,19.8700008392334,19.8700008392334,19.6299991607666,19.81999969482422,15.650908470153809,-0.3923130243329823,0.3544381667079932,0.055276870727539,0.05527687072753906
2012-11-06,19.89999961853028,20.0,19.850000381469727,19.96999931335449,15.769350051879885,-0.1770876712752787,0.7567712887206701,0.118441581726076,0.118441581726076
2012-11-07,20.0,20.0,19.5,19.520000457763672,15.41401195526123,0.6964740558412827,-2.2533464946216557,-0.3553380966186541,-0.3553380966186541
2012-11-08,19.540000915527344,19.64999961853028,19.25,19.25,15.2008056640625,0.2027217752971392,-1.3831979099118152,-0.2132062911987304,-0.21320629119873047
2012-11-09,19.239999771118164,19.38999938964844,19.100000381469727,19.239999771118164,15.192909240722656,-0.3163511350184987,-0.0519474001204556,-0.0078964233398437,-0.00789642333984375
2012-11-12,19.01000022888184,19.25,18.850000381469727,18.93000030517578,14.948111534118652,0.9370200386704808,-1.611262877473496,-0.2447977066040039,-0.2447977066040039
2012-11-13,18.920000076293945,19.15999984741211,18.920000076293945,19.14999961853028,15.121840476989746,-0.3290114499042459,1.1622133168766036,0.1737289428710937,0.17372894287109375
2012-11-14,19.11000061035156,19.11000061035156,18.51000022888184,18.530000686645508,14.632257461547852,0.3166646092688647,-3.237588811936432,-0.4895830154418945,-0.48958301544189453
2012-11-15,18.700000762939453,18.850000381469727,18.549999237060547,18.549999237060547,14.64805030822754,-0.050484522417806,0.1079317167647753,0.0157928466796892,0.015792846679689276
2012-11-16,18.68000030517578,18.68000030517578,18.38999938964844,18.540000915527344,14.64015293121338,0.6078518516410518,-0.0539141854921432,-0.0078973770141601,-0.007897377014160156
2012-11-19,18.75,19.299999237060547,18.600000381469727,18.739999771118164,14.798080444335938,0.3419852390403592,1.0787285752039466,0.1579275131225568,0.15792751312255682
2012-11-20,18.690000534057617,18.96999931335449,18.56999969482422,18.700000762939453,14.766493797302246,0.5445502772123155,-0.2134509752971469,-0.0315866470336914,-0.031586647033691406
2012-11-21,18.850000381469727,19.600000381469727,18.670000076293945,19.600000381469727,15.477181434631348,0.0128170520109302,4.812839439643679,0.7106876373291016,0.7106876373291016
2012-11-23,19.51000022888184,19.51000022888184,19.34000015258789,19.5,15.398218154907228,-0.2024083010467733,-0.5101916008261931,-0.0789632797241193,-0.07896327972411932
2012-11-26,19.489999771118164,19.86000061035156,19.489999771118164,19.76000022888184,15.603525161743164,-0.050484522417806,1.3333166524238882,0.2053070068359357,0.20530700683593572
2012-11-27,19.76000022888184,19.850000381469727,19.64999961853028,19.65999984741211,15.524560928344728,-0.0631448373035533,-0.5060666264828484,-0.0789642333984357,-0.07896423339843572
2012-11-28,19.709999084472656,19.739999771118164,19.51000022888184,19.68000030517578,15.540352821350098,-0.0251638926463115,0.1017219944464686,0.0157918930053693,0.015791893005369317
2012-11-29,19.850000381469727,20.0,19.809999465942383,19.989999771118164,15.78514575958252,-0.0631448373035533,1.5752083691183305,0.2447929382324218,0.24479293823242188
2012-11-30,20.0,20.0,19.770000457763672,19.770000457763672,15.611422538757324,0.0634583115539193,-1.1005487277159554,-0.1737232208251953,-0.1737232208251953
2012-12-03,19.64999961853028,19.989999771118164,19.64999961853028,19.989999771118164,15.78514575958252,-0.4302939689902241,1.11279558537285,0.1737232208251953,0.1737232208251953
2012-12-04,20.0,20.0,19.40999984741211,19.40999984741211,15.327144622802734,0.84839783447025,-2.9014691644627444,-0.4580011367797851,-0.45800113677978516
2012-12-05,19.489999771118164,19.5,19.200000762939453,19.40999984741211,15.327144622802734,-0.2024083010467733,0.0,0.0,0.0
2012-12-06,19.32999992370605,19.479999542236328,19.32999992370605,19.479999542236328,15.382424354553224,-0.3543320796757405,0.3606655584644791,0.05527973175049,0.05527973175049006
2012-12-07,19.600000381469727,19.729999542236328,19.40999984741211,19.729999542236328,15.579838752746582,-0.2910305052470042,1.2833763628093076,0.1974143981933576,0.1974143981933576
2012-12-10,19.71999931335449,19.81999969482422,19.670000076293945,19.81999969482422,15.650908470153809,-0.2783701903612569,0.4561646531463514,0.0710697174072265,0.07106971740722656
2012-12-11,19.89999961853028,20.13999938964844,19.76000022888184,20.020000457763672,15.808838844299316,0.4559280730120846,1.009081194530537,0.1579303741455078,0.1579303741455078
2012-12-12,20.0,20.0,19.549999237060547,19.549999237060547,15.437699317932127,0.0761186264396665,-2.347671008747254,-0.3711395263671893,-0.3711395263671893
2012-12-13,19.59000015258789,19.670000076293945,19.549999237060547,19.56999969482422,15.453490257263184,0.0381376817824247,0.1022881648738538,0.0157909393310564,0.015790939331056464
2012-12-14,19.5,19.850000381469727,19.5,19.65999984741211,15.524560928344728,0.2786836646116228,0.459900449014361,0.0710706710815447,0.07107067108154475
2012-12-17,19.729999542236328,19.89999961853028,19.600000381469727,19.71999931335449,15.571942329406738,0.4939090176693264,0.3052028413602414,0.0473814010620099,0.04738140106200994
2012-12-18,19.729999542236328,20.93000030517578,19.549999237060547,20.520000457763672,16.203664779663086,3.1905560883334947,4.056799318241611,0.6317224502563477,0.6317224502563477
2012-12-19,20.68000030517578,21.31999969482422,20.350000381469727,21.31999969482422,16.83538246154785,0.5825312218695573,3.898609916181561,0.6317176818847656,0.6317176818847656
2012-12-20,21.170000076293945,21.89999961853028,21.0,21.89999961853028,17.293380737304688,0.4559280730120846,2.720450674660402,0.4579982757568359,0.45799827575683594
2012-12-21,21.989999771118164,21.989999771118164,21.459999084472656,21.89999961853028,17.293380737304688,5.076943006309837,0.0,0.0,0.0
2012-12-24,21.559999465942383,21.89999961853028,21.3799991607666,21.459999084472656,16.945932388305664,0.1774011455256447,-2.009140689590672,-0.3474483489990234,-0.34744834899902344
2012-12-26,21.6200008392334,21.940000534057617,21.32999992370605,21.32999992370605,16.84327507019043,0.2280424050686338,-0.6057932709921499,-0.1026573181152343,-0.10265731811523438
2012-12-27,21.3700008392334,21.75,21.170000076293945,21.6299991607666,17.080175399780273,1.418112004328877,1.406498015395563,0.2369003295898437,0.23690032958984375
2012-12-28,21.670000076293945,21.670000076293945,21.25,21.3799991607666,16.882762908935547,0.5572105920980628,-1.155798967071886,-0.1974124908447265,-0.19741249084472656
2012-12-31,21.5,21.950000762939453,20.8700008392334,21.89999961853028,17.293380737304688,1.354810429900141,2.4321719767314454,0.4106178283691406,0.4106178283691406
2013-01-02,21.6299991607666,22.90999984741211,21.5,22.38999938964844,17.68031120300293,5.2162064700530575,2.237448371581663,0.3869304656982422,0.3869304656982422
2013-01-03,22.3700008392334,22.59000015258789,22.1200008392334,22.13999938964844,17.48289680480957,1.418112004328877,-1.116577620872583,-0.1974143981933593,-0.19741439819335938
2013-01-04,22.43000030517578,22.43000030517578,21.8700008392334,22.31999969482422,17.625032424926758,0.6078518516410518,0.8129981072592329,0.1421356201171875,0.1421356201171875
2013-01-07,22.11000061035156,22.38999938964844,22.100000381469727,22.100000381469727,17.451309204101562,0.2660233497258756,-0.9856618509223368,-0.1737232208251953,-0.1737232208251953
2013-01-08,22.040000915527344,22.559999465942383,20.63999938964844,20.93000030517578,16.527421951293945,2.32965467610268,-5.294085629922119,-0.9238872528076172,-0.9238872528076172
2013-01-09,21.1299991607666,21.88999938964844,21.1200008392334,21.739999771118164,17.167036056518555,0.4812487027835792,3.8700173996255582,0.6396141052246094,0.6396141052246094
2013-01-10,21.68000030517578,21.989999771118164,21.350000381469727,21.959999084472656,17.340761184692383,0.4939090176693264,1.011969262497492,0.1737251281738281,0.17372512817382812
2013-01-11,21.96999931335449,21.96999931335449,21.59000015258789,21.59000015258789,17.0485897064209,-0.2783701903612569,-1.684882659761211,-0.2921714782714844,-0.2921714782714844
2013-01-14,21.61000061035156,21.76000022888184,21.450000762939453,21.68000030517578,17.119657516479492,0.2786836646116228,0.4168544805311924,0.0710678100585937,0.07106781005859375
2013-01-15,21.290000915527344,21.700000762939453,21.26000022888184,21.46999931335449,16.953832626342773,0.3040042943831174,-0.9686227074174548,-0.1658248901367187,-0.16582489013671875
2013-01-16,21.299999237060547,21.5,21.14999961853028,21.43000030517578,16.922250747680664,-0.1011257819607951,-0.1862816470951656,-0.0315818786621093,-0.031581878662109375
2013-01-17,21.43000030517578,21.8700008392334,21.38999938964844,21.8700008392334,17.26968765258789,0.240702719954381,2.0531364892748982,0.3474369049072265,0.34743690490722656
2013-01-18,21.790000915527344,21.89999961853028,21.520000457763672,21.799999237060547,17.214414596557617,0.7724359451557663,-0.3200582265423302,-0.0552730560302734,-0.05527305603027344
2013-01-22,21.700000762939453,21.700000762939453,21.5,21.63999938964844,17.08806610107422,0.4559280730120846,-0.7339691673782789,-0.1263484954833984,-0.12634849548339844
2013-01-23,21.600000381469727,21.780000686645508,21.520000457763672,21.709999084472656,17.143348693847656,0.3926264985833483,0.3235157942768074,0.0552825927734375,0.0552825927734375
2013-01-24,21.799999237060547,21.799999237060547,21.26000022888184,21.440000534057617,16.93014144897461,-0.2024083010467733,-1.243673267577894,-0.2132072448730468,-0.21320724487304688
2013-01-25,21.39999961853028,21.559999465942383,21.170000076293945,21.39999961853028,16.898555755615234,0.2786836646116228,-0.1865648521282015,-0.031585693359375,-0.031585693359375
2013-01-28,21.700000762939453,21.850000381469727,21.59000015258789,21.850000381469727,17.253896713256836,-0.0378242075320588,2.1027889174702,0.3553409576416015,0.35534095764160156
2013-01-29,21.5,22.0,21.5,21.979999542236328,17.356557846069336,0.3040042943831174,0.5950025928555647,0.1026611328125,0.1026611328125
2013-01-30,21.799999237060547,21.89999961853028,21.76000022888184,21.76000022888184,17.3008975982666,-0.3036908201327514,-0.3206871333381267,-0.0556602478027343,-0.055660247802734375
2013-01-31,21.84000015258789,21.89999961853028,21.600000381469727,21.8799991607666,17.396299362182617,0.4179471283548428,0.5514266723685823,0.0954017639160156,0.09540176391601562
2013-02-01,21.89999961853028,21.959999084472656,21.6200008392334,21.940000534057617,17.444013595581055,0.0761186264396665,0.2742780657256416,0.0477142333984375,0.0477142333984375
2013-02-04,21.89999961853028,21.950000762939453,21.40999984741211,21.40999984741211,17.02262306213379,1.1649057066139317,-2.4156741860944964,-0.4213905334472656,-0.4213905334472656
2013-02-05,21.530000686645508,21.850000381469727,21.34000015258789,21.75,17.292949676513672,0.0001567371251829,1.5880432374797415,0.2703266143798828,0.2703266143798828
2013-02-06,21.549999237060547,21.989999771118164,21.549999237060547,21.989999771118164,17.483760833740234,-0.4556145987617186,1.1034043398953086,0.1908111572265625,0.1908111572265625
2013-02-07,21.89999961853028,21.989999771118164,21.75,21.75,17.292949676513672,-0.6328590071621804,-1.0913622019945168,-0.1908111572265625,-0.1908111572265625
2013-02-08,21.950000762939453,21.950000762939453,21.59000015258789,21.690000534057617,17.245243072509766,-0.0125035777605642,-0.2758731442369155,-0.0477066040039062,-0.04770660400390625
2013-02-11,21.75,21.75,20.59000015258789,21.68000030517578,17.23729133605957,-0.5568971178476968,-0.0461097383015252,-0.0079517364501953,-0.007951736450195312
2013-02-12,21.8799991607666,21.8799991607666,21.3799991607666,21.530000686645508,17.11803436279297,-0.189747986161026,-0.6918544853803166,-0.1192569732666015,-0.11925697326660156
2013-02-13,21.68000030517578,22.09000015258789,21.61000061035156,21.61000061035156,17.181631088256836,-0.0125035777605642,0.3715188561725258,0.0635967254638671,0.06359672546386719
2013-02-14,21.71999931335449,21.989999771118164,21.68000030517578,21.90999984741211,17.420162200927734,-0.4429542838759714,1.3882914342976838,0.2385311126708984,0.23853111267089844
2013-02-15,22.0,22.0,21.43000030517578,21.600000381469727,17.173683166503906,0.3926264985833483,-1.4149066557526124,-0.2464790344238281,-0.24647903442382812
2013-02-19,21.63999938964844,21.979999542236328,21.63999938964844,21.979999542236328,17.475812911987305,-0.5695574327334441,1.75926004080873,0.3021297454833984,0.30212974548339844
2013-02-20,21.93000030517578,21.93000030517578,20.100000381469727,20.59000015258789,16.37066078186035,3.3298195520767147,-6.323895407285396,-1.1051521301269531,-1.1051521301269531
2013-02-21,20.5,20.68000030517578,19.920000076293945,20.100000381469727,15.98106861114502,1.367470744785888,-2.37981945815543,-0.389592170715332,-0.38959217071533203
2013-02-22,20.229999542236328,20.61000061035156,20.0,20.290000915527344,16.13213348388672,2.481578454731648,0.9452739138880116,0.1510648727416992,0.15106487274169922
2013-02-25,20.51000022888184,20.63999938964844,20.100000381469727,20.100000381469727,15.98106861114502,1.228207281042668,-0.9364221594904798,-0.1510648727416992,-0.15106487274169922
2013-02-26,20.190000534057617,20.770000457763672,20.09000015258789,20.46999931335449,16.275251388549805,0.4052868134690955,1.8408204392516447,0.2941827774047851,0.29418277740478516
2013-02-27,20.420000076293945,20.8700008392334,20.39999961853028,20.84000015258789,16.569425582885742,1.2535279108141626,1.807494012306932,0.2941741943359375,0.2941741943359375
2013-02-28,20.549999237060547,20.700000762939453,20.209999084472656,20.700000762939453,16.458118438720703,0.1647408306398974,-0.6717622382758193,-0.111307144165039,-0.11130714416503906
2013-03-01,20.239999771118164,20.739999771118164,20.01000022888184,20.739999771118164,16.48992156982422,1.2155469661569207,0.1932367373702614,0.0318031311035156,0.031803131103515625
2013-03-04,20.100000381469727,20.88999938964844,20.0,20.850000381469727,16.577375411987305,0.0634583115539193,0.530347229322925,0.0874538421630859,0.08745384216308594
2013-03-05,20.89999961853028,20.979999542236328,20.6200008392334,20.6200008392334,16.39451026916504,0.2913439794973701,-1.1031006916211503,-0.1828651428222656,-0.18286514282226562
2013-03-06,20.75,20.989999771118164,20.57999992370605,20.989999771118164,16.688688278198242,-0.0631448373035533,1.7943689942754526,0.2941780090332031,0.2941780090332031
2013-03-07,21.0,21.0,20.850000381469727,21.0,16.696636199951172,-0.2150686159325205,0.0476246042854899,0.0079479217529296,0.007947921752929688
2013-03-08,21.0,21.0,20.89999961853028,20.920000076293945,16.633037567138672,0.0381376817824247,-0.3809068608243704,-0.0635986328125,-0.0635986328125
2013-03-11,20.950000762939453,21.0,20.709999084472656,20.8799991607666,16.601226806640625,-0.3669923945614878,-0.1912504578291507,-0.0318107604980468,-0.031810760498046875
2013-03-12,20.89999961853028,21.0,20.600000381469727,20.690000534057617,16.450166702270508,-0.4049733392187296,-0.9099333810058674,-0.1510601043701172,-0.1510601043701172
2013-03-13,20.63999938964844,20.940000534057617,20.63999938964844,20.940000534057617,16.648937225341797,-0.6201986922764331,1.2083192022841471,0.198770523071289,0.19877052307128906
2013-03-14,21.0,21.26000022888184,20.76000022888184,21.26000022888184,16.903358459472656,2.5702006589318787,1.5281530027249968,0.2544212341308594,0.2544212341308594
2013-03-15,21.18000030517578,21.299999237060547,20.75,20.8700008392334,16.59328269958496,3.1778957734477475,-1.8344032674401989,-0.3100757598876953,-0.3100757598876953
2013-03-18,20.700000762939453,20.96999931335449,20.700000762939453,20.709999084472656,16.466068267822266,-0.5822177476191913,-0.7666622335427142,-0.1272144317626953,-0.1272144317626953
2013-03-19,20.61000061035156,20.690000534057617,20.600000381469727,20.6200008392334,16.39451026916504,-0.3163511350184987,-0.4345785374706867,-0.0715579986572265,-0.07155799865722656
2013-03-20,20.790000915527344,21.07999992370605,20.780000686645508,21.040000915527344,16.72844123840332,-0.189747986161026,2.036846259850411,0.3339309692382812,0.33393096923828125
2013-03-21,20.82999992370605,20.89999961853028,20.799999237060547,20.799999237060547,16.537626266479492,-0.5062558583047078,-1.140661997160719,-0.1908149719238281,-0.19081497192382812
2013-03-22,21.01000022888184,21.170000076293945,20.959999084472656,21.170000076293945,16.831802368164062,-0.6455193220479277,1.7788290589251243,0.2941761016845703,0.2941761016845703
2013-03-25,21.26000022888184,21.26000022888184,20.89999961853028,20.950000762939453,16.656885147094727,-0.0758051521893006,-1.0392067185875264,-0.1749172210693359,-0.17491722106933594
2013-03-26,21.1299991607666,21.36000061035156,21.100000381469727,21.239999771118164,16.88746452331543,-0.6075383773906858,1.3842886841356483,0.2305793762207031,0.23057937622070312
2013-03-27,21.0,21.01000022888184,20.850000381469727,20.850000381469727,16.577375411987305,-0.5695574327334441,-1.8362088097950149,-0.310089111328125,-0.310089111328125
2013-03-28,21.07999992370605,21.46999931335449,20.850000381469727,20.86000061035156,16.5853271484375,1.12692476195669,0.0479674028763588,0.0079517364501953,0.007951736450195312
2013-04-01,20.709999084472656,20.81999969482422,20.100000381469727,20.15999984741211,16.028772354125977,1.2915088554714045,-3.355705855726554,-0.5565547943115234,-0.5565547943115234
2013-04-02,20.34000015258789,20.34000015258789,19.93000030517578,19.989999771118164,15.893611907958984,-0.4302939689902241,-0.8432364199882136,-0.1351604461669922,-0.1351604461669922
2013-04-03,20.049999237060547,20.420000076293945,19.56999969482422,19.56999969482422,15.559675216674805,0.3293249241546119,-2.1010749049242605,-0.3339366912841797,-0.3339366912841797
2013-04-04,19.709999084472656,19.950000762939453,19.670000076293945,19.75,15.702792167663574,-0.3543320796757405,0.919793948111436,0.1431169509887695,0.14311695098876953
2013-04-05,19.440000534057617,19.850000381469727,19.440000534057617,19.559999465942383,15.55172348022461,-0.3163511350184987,-0.9620498432760138,-0.1510686874389648,-0.15106868743896484
2013-04-08,19.68000030517578,19.96999931335449,19.5,19.799999237060547,15.742545127868652,-0.0251638926463115,1.227012863794097,0.1908216476440429,0.19082164764404297
2013-04-09,19.84000015258789,19.979999542236328,19.520000457763672,19.6299991607666,15.607386589050291,-0.4049733392187296,-0.8585558289370465,-0.1351585388183611,-0.13515853881836115
2013-04-10,19.790000915527344,20.030000686645508,19.520000457763672,19.989999771118164,15.893611907958984,-0.2783701903612569,1.833909330531358,0.2862253189086932,0.2862253189086932
2013-04-11,19.489999771118164,19.8799991607666,19.489999771118164,19.59000015258789,15.57557773590088,-0.0251638926463115,-2.001018861539228,-0.3180341720581037,-0.3180341720581037
2013-04-12,19.450000762939453,19.82999992370605,19.39999961853028,19.82999992370605,15.766401290893556,-0.3036908201327514,1.2251459190039338,0.1908235549926757,0.19082355499267578
2013-04-15,19.350000381469727,19.56999969482422,18.75,18.790000915527344,14.9395170211792,0.8863787791274917,-5.244597384388239,-0.8268842697143572,-0.8268842697143572
2013-04-16,19.0,19.559999465942383,19.0,19.440000534057617,15.456320762634276,0.050797996668172,3.4593068887195155,0.5168037414550763,0.5168037414550763
2013-04-17,19.39999961853028,19.39999961853028,18.75,18.770000457763672,14.923616409301758,0.1267598859826556,-3.4465146105167044,-0.5327043533325178,-0.5327043533325178
2013-04-18,18.89999961853028,19.39999961853028,18.89999961853028,19.07999992370605,15.170090675354004,-0.0884654670750478,1.6515719735239245,0.2464742660522461,0.2464742660522461
2013-04-19,19.07999992370605,19.530000686645508,19.07999992370605,19.40999984741211,15.432461738586426,-0.1011257819607951,1.7295286418998137,0.2623710632324219,0.2623710632324219
2013-04-22,19.01000022888184,19.46999931335449,19.01000022888184,19.46999931335449,15.48017120361328,-0.7594621560196531,0.3091500619603948,0.0477094650268536,0.04770946502685369
2013-04-23,19.520000457763672,19.530000686645508,19.290000915527344,19.51000022888184,15.511972427368164,0.050797996668172,0.2054319899734924,0.0318012237548845,0.03180122375488459
2013-04-24,19.520000457763672,19.520000457763672,19.40999984741211,19.51000022888184,15.511972427368164,-0.4049733392187296,0.0,0.0,0.0
2013-04-25,19.5,19.8799991607666,19.5,19.8799991607666,15.806148529052734,-0.4049733392187296,1.8964454911327036,0.2941761016845703,0.2941761016845703
2013-04-26,19.89999961853028,19.989999771118164,19.530000686645508,19.63999938964844,15.61532974243164,0.3673058688118537,-1.20724404348318,-0.1908187866210937,-0.19081878662109375
2013-04-29,19.6299991607666,19.84000015258789,19.559999465942383,19.84000015258789,15.903913497924805,-0.6328590071621804,1.8480798052505687,0.288583755493164,0.28858375549316406
2013-04-30,19.84000015258789,19.84000015258789,19.420000076293945,19.64999961853028,15.75160312652588,-0.2910305052470042,-0.957691145759798,-0.152310371398924,-0.152310371398924
2013-05-01,19.799999237060547,19.799999237060547,18.5,18.61000061035156,14.917932510375977,2.9500101055042967,-5.292608056801484,-0.8336706161499041,-0.8336706161499041
2013-05-02,18.770000457763672,19.690000534057617,18.770000457763672,19.65999984741211,15.759621620178224,0.1267598859826556,5.642129760386183,0.8416891098022479,0.8416891098022479
2013-05-03,19.86000061035156,20.0,19.799999237060547,19.920000076293945,15.968042373657228,-0.4176336541044768,1.3224984615883617,0.2084207534790039,0.2084207534790039
2013-05-06,20.030000686645508,20.43000030517578,19.959999084472656,20.43000030517578,16.376861572265625,-0.5695574327334441,2.560233678254975,0.4088191986083966,0.40881919860839666
2013-05-07,20.440000534057617,20.670000076293945,20.440000534057617,20.670000076293945,16.56924057006836,-0.4556145987617186,1.174700030001663,0.1923789978027343,0.19237899780273438
2013-05-08,20.700000762939453,20.86000061035156,20.309999465942383,20.75,16.633373260498047,-0.5442368029619495,0.3870587197915442,0.0641326904296875,0.0641326904296875
2013-05-09,20.690000534057617,20.690000534057617,20.270000457763672,20.31999969482422,16.28868293762207,-0.5315764880762023,-2.072281535908105,-0.3446903228759765,-0.34469032287597656
2013-05-10,20.39999961853028,20.489999771118164,20.100000381469727,20.420000076293945,16.36884307861328,-0.4049733392187296,0.4921216853332133,0.0801601409912109,0.08016014099121094
2013-05-13,20.5,20.5,20.1200008392334,20.18000030517578,16.17645835876465,-0.5442368029619495,-1.1753104292385408,-0.1923847198486328,-0.1923847198486328
2013-05-14,20.170000076293945,20.280000686645508,20.14999961853028,20.280000686645508,16.256624221801758,0.1014392562111611,0.4955711643375604,0.0801658630371093,0.08016586303710938
2013-05-15,20.280000686645508,20.5,20.190000534057617,20.5,16.432973861694336,-0.4429542838759714,1.0847863460857754,0.1763496398925781,0.17634963989257812
2013-05-16,20.3700008392334,20.5,20.209999084472656,20.440000534057617,16.384876251220703,-0.3923130243329823,-0.292689630485865,-0.0480976104736328,-0.04809761047363281
2013-05-17,20.46999931335449,20.489999771118164,20.190000534057617,20.290000915527344,16.264636993408203,0.3546455539261064,-0.7338429413132896,-0.1202392578125,-0.1202392578125
2013-05-20,20.280000686645508,20.5,20.280000686645508,20.5,16.432973861694336,0.1014392562111611,1.034986937331328,0.1683368682861328,0.1683368682861328
2013-05-21,20.5,20.6200008392334,20.350000381469727,20.450000762939453,16.39289093017578,-0.050484522417806,-0.2439176977697799,-0.0400829315185546,-0.04008293151855469
2013-05-22,20.40999984741211,20.68000030517578,20.049999237060547,20.15999984741211,16.16042709350586,0.0761186264396665,-1.418077126603745,-0.2324638366699218,-0.23246383666992188
2013-05-23,20.040000915527344,20.350000381469727,20.040000915527344,20.18000030517578,16.17645835876465,-0.3923130243329823,0.0992007523441751,0.016031265258789,0.016031265258789062
2013-05-24,20.200000762939453,20.51000022888184,20.200000762939453,20.36000061035156,16.320743560791016,-0.1770876712752787,0.891945559567997,0.1442852020263672,0.1442852020263672
2013-05-28,20.700000762939453,20.88999938964844,20.43000030517578,20.82999992370605,16.69750213623047,0.0381376817824247,2.308464525749776,0.3767585754394531,0.3767585754394531
2013-05-29,20.809999465942383,20.809999465942383,20.51000022888184,20.559999465942383,16.48107147216797,0.0128170520109302,-1.2961858743703147,-0.2164306640625,-0.2164306640625
2013-05-30,20.690000534057617,20.709999084472656,20.459999084472656,20.709999084472656,16.6013126373291,-0.518916173190455,0.7295712864554105,0.1202411651611328,0.12024116516113281
2013-05-31,20.520000457763672,20.700000762939453,20.5,20.530000686645508,16.457021713256836,-0.1391067266180369,-0.8691537062425869,-0.1442909240722656,-0.14429092407226562
2013-06-03,20.600000381469727,21.0,20.600000381469727,20.989999771118164,16.825761795043945,3.1905560883334947,2.24062462948611,0.3687400817871094,0.3687400817871094
2013-06-04,20.989999771118164,21.0,20.700000762939453,20.75,16.633373260498047,0.2786836646116228,-1.1434164877014208,-0.1923885345458984,-0.19238853454589844
2013-06-05,20.790000915527344,21.0,20.76000022888184,20.799999237060547,16.6734561920166,0.2153820901828865,0.2409789697544129,0.0400829315185546,0.04008293151855469
2013-06-06,20.82999992370605,20.950000762939453,20.479999542236328,20.950000762939453,16.7936954498291,0.1520805157541502,0.7211417742535753,0.1202392578125,0.1202392578125
2013-06-07,20.979999542236328,21.299999237060547,20.799999237060547,21.21999931335449,17.010129928588867,1.367470744785888,1.2887841119088916,0.2164344787597656,0.21643447875976562
2013-06-10,21.280000686645508,21.350000381469727,20.8700008392334,21.299999237060547,17.074260711669922,0.0381376817824247,0.3770152453290265,0.0641307830810546,0.06413078308105469
2013-06-11,21.270000457763672,21.299999237060547,21.15999984741211,21.15999984741211,16.962034225463867,-0.3669923945614878,-0.6572845999086252,-0.1122264862060546,-0.11222648620605469
2013-06-12,21.15999984741211,21.170000076293945,20.75,21.15999984741211,16.962034225463867,-0.3416717647899932,0.0,0.0,0.0
2013-06-13,21.14999961853028,21.350000381469727,21.0,21.350000381469727,17.114343643188477,0.4812487027835792,0.8979431104787938,0.1523094177246093,0.15230941772460938
2013-06-14,21.36000061035156,21.950000762939453,20.979999542236328,21.350000381469727,17.114343643188477,0.2153820901828865,0.0,0.0,0.0
2013-06-17,21.64999961853028,22.739999771118164,21.64999961853028,22.709999084472656,18.20452690124512,0.2660233497258756,6.369997475717026,1.0901832580566442,1.0901832580566442
2013-06-18,22.6299991607666,23.14999961853028,22.32999992370605,22.68000030517578,18.18048095703125,3.02597199481878,-0.1320877183148661,-0.0240459442138707,-0.02404594421387074
2013-06-19,22.75,22.75,22.290000915527344,22.5,18.03619384765625,0.1520805157541502,-0.7936374715059258,-0.144287109375,-0.144287109375
2013-06-20,22.13999938964844,22.700000762939453,22.13999938964844,22.36000061035156,17.923965454101562,0.8737184642417445,-0.6222398944180307,-0.1122283935546875,-0.1122283935546875
2013-06-21,22.479999542236328,22.84000015258789,22.31999969482422,22.799999237060547,18.27666664123535,3.228537032990737,1.9677631494936956,0.352701187133789,0.35270118713378906
2013-06-24,22.59000015258789,22.950000762939453,22.40999984741211,22.739999771118164,18.228574752807617,0.7977565749272608,-0.2631327110777959,-0.0480918884277343,-0.048091888427734375
2013-06-25,22.989999771118164,22.989999771118164,21.8799991607666,22.780000686645508,18.260637283325195,0.8357375195845027,0.1758915930201388,0.0320625305175781,0.032062530517578125
2013-06-26,22.59000015258789,22.739999771118164,22.01000022888184,22.420000076293945,17.972055435180664,1.4307723192146244,-1.5803492707675226,-0.2885818481445312,-0.28858184814453125
2013-06-27,22.049999237060547,22.700000762939453,21.920000076293945,22.540000915527344,18.068256378173828,0.98766129821347,0.5352806936308907,0.096200942993164,0.09620094299316406
2013-07-01,22.75,23.040000915527344,22.75,22.799999237060547,18.27666664123535,1.0129819279849643,1.1534608470205263,0.2084102630615234,0.20841026306152344
2013-07-02,22.88999938964844,22.88999938964844,22.56999969482422,22.84000015258789,18.308732986450195,0.7471153153842718,0.1754496366558333,0.0320663452148437,0.03206634521484375
2013-07-03,22.850000381469727,22.850000381469727,22.229999542236328,22.64999961853028,18.15642738342285,-0.1137860968465424,-0.8318740741921404,-0.1523056030273437,-0.15230560302734375
2013-07-05,23.190000534057617,23.46999931335449,22.420000076293945,23.14999961853028,18.557233810424805,1.608016727615086,2.207518134145148,0.4008064270019531,0.4008064270019531
2013-07-08,23.290000915527344,23.290000915527344,22.850000381469727,23.239999771118164,18.629379272460938,0.7724359451557663,0.3887727167375843,0.0721454620361328,0.07214546203613281
2013-07-09,23.25,23.25,22.989999771118164,23.190000534057617,18.589296340942383,0.7217946856127773,-0.2151597803250915,-0.0400829315185546,-0.04008293151855469
2013-07-10,22.780000686645508,23.13999938964844,22.780000686645508,23.059999465942383,18.485090255737305,0.7471153153842718,-0.5605703588444477,-0.1042060852050781,-0.10420608520507812
2013-07-11,23.25,23.25,22.920000076293945,23.020000457763672,18.453025817871094,1.7726008211298006,-0.1734610836225614,-0.0320644378662109,-0.03206443786621094
2013-07-12,22.959999084472656,23.18000030517578,22.739999771118164,23.040000915527344,18.46906089782715,0.190061460411392,0.0868967513204532,0.0160350799560546,0.016035079956054688
2013-07-15,22.989999771118164,23.489999771118164,22.989999771118164,23.489999771118164,18.829776763916016,0.2280424050686338,1.9530817949238832,0.3607158660888672,0.3607158660888672
2013-07-16,23.26000022888184,23.5,22.940000534057617,23.5,18.837799072265625,1.456092948986119,0.0426043731170722,0.0080223083496093,0.008022308349609375
2013-07-17,23.5,23.5,23.059999465942383,23.25,18.637393951416016,0.3926264985833483,-1.0638457289029124,-0.2004051208496093,-0.20040512084960938
2013-07-18,23.190000534057617,23.5,23.13999938964844,23.479999542236328,18.82176780700684,1.2155469661569207,0.9892684356592518,0.1843738555908238,0.18437385559082387
2013-07-19,23.450000762939453,23.5,23.25,23.5,18.837799072265625,2.620841918474868,0.0851740677239476,0.0160312652587855,0.01603126525878551
2013-07-22,23.309999465942383,23.5,23.170000076293945,23.440000534057617,18.78970527648925,2.1903912123594607,-0.2553047497314997,-0.0480937957763707,-0.04809379577637429
2013-07-23,23.5,23.68000030517578,23.25,23.68000030517578,18.982086181640625,1.5826960978435916,1.0238633460211144,0.1923809051513707,0.1923809051513743
2013-07-24,23.76000022888184,23.940000534057617,23.6200008392334,23.770000457763672,19.05423355102539,0.8737184642417445,0.3800813498283872,0.0721473693847656,0.07214736938476562
2013-07-25,23.65999984741211,23.790000915527344,23.530000686645508,23.700000762939453,18.99812126159668,2.74744506733234,-0.2944872554356381,-0.0561122894287109,-0.05611228942871094
2013-07-26,23.549999237060547,23.56999969482422,23.229999542236328,23.36000061035156,18.72557258605957,0.6711534260697882,-1.4346085688380472,-0.2725486755371094,-0.2725486755371094
2013-07-29,23.36000061035156,23.36000061035156,23.100000381469727,23.170000076293945,18.573266983032227,0.3166646092688647,-0.8133561861853544,-0.1523056030273437,-0.15230560302734375
2013-07-30,23.18000030517578,23.18000030517578,22.90999984741211,23.040000915527344,18.597488403320312,-0.3290114499042459,0.1304101228406073,0.0242214202880859,0.024221420288085938
2013-07-31,23.1200008392334,23.14999961853028,22.86000061035156,22.8799991607666,18.46833038330078,0.7217946856127773,-0.6944917357575631,-0.1291580200195312,-0.12915802001953125
2013-08-01,23.059999465942383,23.13999938964844,22.86000061035156,22.950000762939453,18.524843215942383,-0.2403892457040151,0.3059986012200699,0.0565128326416015,0.05651283264160156
2013-08-02,22.86000061035156,22.989999771118164,22.75,22.82999992370605,18.42797470092773,0.1394202008684029,-0.5229113892380344,-0.0968685150146519,-0.09686851501465199
2013-08-05,22.799999237060547,22.81999969482422,22.209999084472656,22.57999992370605,18.22618103027344,-0.050484522417806,-1.0950398724181576,-0.2017936706542897,-0.20179367065428977
2013-08-06,22.5,22.5,22.14999961853028,22.170000076293945,17.895238876342773,-0.1391067266180369,-1.81575149166453,-0.3309421539306676,-0.3309421539306676
2013-08-07,22.25,22.40999984741211,21.75,21.770000457763672,17.572362899780273,1.2915088554714045,-1.8042563097011024,-0.3228759765625,-0.3228759765625
2013-08-08,21.81999969482422,22.1200008392334,21.18000030517578,21.26000022888184,17.16069984436035,0.5318899623265683,-2.342673309035004,-0.4116630554199219,-0.4116630554199219
2013-08-09,21.309999465942383,21.690000534057617,20.950000762939453,21.56999969482422,17.410926818847656,1.4434326341003716,1.4581396840265717,0.2502269744873047,0.2502269744873047
2013-08-12,21.600000381469727,21.82999992370605,21.39999961853028,21.700000762939453,17.5158634185791,0.0634583115539193,0.6027054207007998,0.1049365997314453,0.10493659973144531
2013-08-13,21.790000915527344,22.34000015258789,21.43000030517578,22.040000915527344,17.790302276611328,0.4306074432405901,1.566801769766757,0.2744388580322265,0.27443885803222656
2013-08-14,22.100000381469727,22.13999938964844,21.600000381469727,21.600000381469727,17.43513298034668,0.6838137409555355,-1.99642080692235,-0.3551692962646484,-0.35516929626464844
2013-08-15,21.420000076293945,22.1200008392334,21.299999237060547,21.71999931335449,17.532001495361328,1.924524599758768,0.555593783677133,0.0968685150146484,0.09686851501464844
2013-08-16,21.56999969482422,22.34000015258789,21.020000457763672,21.290000915527344,17.184917449951172,1.076283502413701,-1.9797171789084576,-0.3470840454101562,-0.34708404541015625
2013-08-19,21.209999084472656,21.520000457763672,20.61000061035156,20.61000061035156,16.636032104492188,-0.0378242075320588,-3.1939946587322354,-0.5488853454589844,-0.5488853454589844
2013-08-20,20.700000762939453,21.26000022888184,20.56999969482422,20.81999969482422,16.805538177490234,0.3166646092688647,1.018909268348156,0.1695060729980468,0.16950607299804688
2013-08-21,20.75,21.190000534057617,20.5,20.5,16.547243118286133,0.0254773668966775,-1.5369639250831568,-0.2582950592041015,-0.25829505920410156
2013-08-22,20.84000015258789,21.049999237060547,20.5,21.030000686645508,16.97504425048828,-0.379652709447235,2.5853317627840378,0.4278011322021484,0.42780113220214844
2013-08-23,21.01000022888184,21.049999237060547,20.549999237060547,20.799999237060547,16.789392471313477,0.6331724814125463,-1.0936747877370867,-0.1856517791748047,-0.1856517791748047
2013-08-26,21.059999465942383,21.07999992370605,20.809999465942383,20.809999465942383,16.797466278076172,-0.6201986922764331,0.0480887368407678,0.0080738067626953,0.008073806762695312
2013-08-27,20.600000381469727,20.75,20.020000457763672,20.209999084472656,16.313159942626953,1.9498452295302624,-2.883210642793965,-0.4843063354492187,-0.48430633544921875
2013-08-28,20.5,20.61000061035156,20.200000762939453,20.420000076293945,16.482666015625,1.1016041321851957,1.039075651769461,0.1695060729980468,0.16950607299804688
2013-08-29,20.36000061035156,20.450000762939453,20.25,20.39999961853028,16.46651840209961,1.0003216130992172,-0.0979672433457312,-0.0161476135253906,-0.016147613525390625
2013-08-30,20.31999969482422,20.3700008392334,19.989999771118164,20.190000534057617,16.297014236450195,1.6839786169295696,-1.0293867927041678,-0.169504165649414,-0.16950416564941406
2013-09-03,20.309999465942383,20.57999992370605,20.14999961853028,20.520000457763672,16.563385009765625,1.1016041321851957,1.634475919642142,0.2663707733154297,0.2663707733154297
2013-09-04,20.479999542236328,20.5,20.13999938964844,20.170000076293945,16.280868530273438,0.7850962600415136,-1.7056687345347488,-0.2825164794921875,-0.2825164794921875
2013-09-05,20.25,20.790000915527344,19.8700008392334,20.059999465942383,16.192079544067383,2.5195593993888896,-0.5453577985778613,-0.0887889862060546,-0.08878898620605469
2013-09-06,20.21999931335449,20.739999771118164,20.100000381469727,20.56999969482422,16.603742599487305,0.379966183697601,2.5423729811823392,0.4116630554199219,0.4116630554199219
2013-09-09,20.950000762939453,21.1200008392334,20.559999465942383,21.1200008392334,17.04769515991211,-0.2530495605897623,2.673810183244552,0.4439525604248047,0.4439525604248047
2013-09-10,21.68000030517578,21.82999992370605,21.200000762939453,21.81999969482422,17.612716674804688,1.3801310596716354,3.3143572171634883,0.5650215148925781,0.5650215148925781
2013-09-11,21.75,21.84000015258789,21.40999984741211,21.56999969482422,17.410926818847656,1.5193945234148551,-1.1457054563632108,-0.2017898559570312,-0.20178985595703125
2013-09-12,21.690000534057617,21.71999931335449,21.170000076293945,21.170000076293945,17.088050842285156,0.1520805157541502,-1.8544445101738136,-0.3228759765625,-0.3228759765625
2013-09-13,21.280000686645508,21.84000015258789,21.280000686645508,21.739999771118164,17.548147201538086,0.6331724814125463,2.692503454603501,0.4600963592529297,0.4600963592529297
2013-09-16,21.950000762939453,22.0,21.600000381469727,21.989999771118164,17.74993896484375,0.7977565749272608,1.1499320183955275,0.201791763305664,0.20179176330566406
2013-09-17,21.979999542236328,21.979999542236328,21.5,21.93000030517578,17.70151138305664,0.2153820901828865,-0.2728323848494751,-0.0484275817871093,-0.048427581787109375
2013-09-18,21.790000915527344,22.46999931335449,21.64999961853028,22.40999984741211,18.08896255493164,1.0636231875279536,2.1888027722076764,0.387451171875,0.387451171875
2013-09-19,22.489999771118164,22.489999771118164,22.01000022888184,22.15999984741211,17.887163162231445,-0.1644273563895315,-1.1155940650956708,-0.2017993927001953,-0.2017993927001953
2013-09-20,22.18000030517578,22.299999237060547,22.100000381469727,22.290000915527344,17.992097854614258,1.924524599758768,0.586648041565252,0.1049346923828125,0.1049346923828125
2013-09-23,22.290000915527344,22.93000030517578,22.07999992370605,22.5,18.16160774230957,2.5195593993888896,0.9421352032711328,0.1695098876953125,0.1695098876953125
2013-09-24,22.950000762939453,23.0,22.799999237060547,22.809999465942383,18.41183090209961,-0.0378242075320588,1.3777588600105917,0.250223159790039,0.25022315979003906
2013-09-25,22.940000534057617,23.489999771118164,22.71999931335449,23.040000915527344,18.597488403320312,1.038302557756459,1.0083597997824878,0.1856575012207031,0.18565750122070312
2013-09-26,23.170000076293945,23.170000076293945,22.59000015258789,22.809999465942383,18.41183090209961,-0.3036908201327514,-0.9982934103486608,-0.1856575012207031,-0.18565750122070312
2013-09-27,22.600000381469727,23.170000076293945,22.3700008392334,23.170000076293945,18.7024154663086,2.089108693273482,1.5782491472689395,0.2905845642089879,0.2905845642089915
2013-09-30,22.39999961853028,22.989999771118164,22.36000061035156,22.40999984741211,18.08896255493164,1.12692476195669,-3.280073167458286,-0.6134529113769567,-0.6134529113769602
2013-10-01,22.64999961853028,22.950000762939453,22.479999542236328,22.90999984741211,18.4925537109375,0.4052868134690955,2.231145953120617,0.4035911560058594,0.4035911560058594
2013-10-02,22.26000022888184,22.59000015258789,22.040000915527344,22.200000762939453,17.919452667236328,1.3801310596716354,-3.0990908700846864,-0.5731010437011719,-0.5731010437011719
2013-10-03,22.170000076293945,22.170000076293945,21.11000061035156,21.170000076293945,17.088050842285156,0.3673058688118537,-4.63966082218178,-0.8314018249511719,-0.8314018249511719
2013-10-04,21.1200008392334,21.93000030517578,21.1200008392334,21.809999465942383,17.604646682739258,0.1520805157541502,3.0231408205771526,0.5165958404541016,0.5165958404541016
2013-10-07,21.6299991607666,21.93000030517578,21.43000030517578,21.43000030517578,17.297924041748047,1.557375468072097,-1.7422822878458644,-0.3067226409912109,-0.30672264099121094
2013-10-08,21.31999969482422,21.5,21.09000015258789,21.13999938964844,17.063838958740234,2.5322197142746368,-1.3532553527397573,-0.2340850830078125,-0.2340850830078125
2013-10-09,21.32999992370605,21.479999542236328,21.09000015258789,21.09000015258789,17.02347755432129,1.8105817657870424,-0.2365317940267619,-0.0403614044189453,-0.04036140441894531
2013-10-10,21.3700008392334,22.14999961853028,21.3700008392334,22.100000381469727,17.838733673095703,0.759775630270019,4.789010448499509,0.8152561187744141,0.8152561187744141
2013-10-11,21.8700008392334,22.850000381469727,21.8700008392334,22.82999992370605,18.42797470092773,1.1649057066139317,3.303155025632321,0.5892410278320277,0.5892410278320277
2013-10-14,22.239999771118164,23.049999237060547,22.1299991607666,23.0,18.565195083618164,1.4940738936433606,0.7446308393484147,0.1372203826904332,0.13722038269043324
2013-10-15,22.63999938964844,22.96999931335449,22.440000534057617,22.51000022888184,18.169675827026367,0.759775630270019,-2.130434152780869,-0.3955192565917969,-0.3955192565917969
2013-10-16,22.61000061035156,22.8799991607666,22.56999969482422,22.81999969482422,18.41990089416504,0.8357375195845027,1.3771575757365762,0.2502250671386719,0.2502250671386719
2013-10-17,22.6299991607666,22.8799991607666,22.56999969482422,22.64999961853028,18.28268241882324,0.6458327962982936,-0.7449468709425422,-0.1372184753418004,-0.13721847534180043
2013-10-18,22.950000762939453,22.959999084472656,22.549999237060547,22.88999938964844,18.476408004760746,2.114429323044977,1.0596124873779589,0.1937255859375071,0.1937255859375071
2013-10-21,22.920000076293945,22.920000076293945,22.63999938964844,22.780000686645508,18.387615203857425,0.3040042943831174,-0.4805739345030813,-0.0887928009033203,-0.08879280090332031
2013-10-22,22.75,22.8799991607666,22.6200008392334,22.850000381469727,18.44411849975586,0.1014392562111611,0.3072899626841208,0.0565032958984339,0.05650329589843395
2013-10-23,22.63999938964844,22.76000022888184,22.3799991607666,22.440000534057617,18.113176345825195,0.1140995710969084,-1.794296398253159,-0.330942153930664,-0.33094215393066406
2013-10-24,22.90999984741211,23.0,22.729999542236328,22.989999771118164,18.557126998901367,0.6205121665267991,2.450981785856099,0.4439506530761719,0.4439506530761719
2013-10-25,23.0,23.0,22.76000022888184,22.81999969482422,18.41990089416504,-0.1137860968465424,-0.7394792563765518,-0.1372261047363281,-0.13722610473632812
2013-10-28,22.86000061035156,22.950000762939453,22.86000061035156,22.950000762939453,18.524843215942383,0.2153820901828865,0.5697225103452386,0.1049423217773437,0.10494232177734375
2013-10-29,22.88999938964844,22.950000762939453,22.799999237060547,22.82999992370605,18.42797470092773,0.1267598859826556,-0.5229113892380344,-0.0968685150146519,-0.09686851501465199
2013-10-30,22.770000457763672,22.770000457763672,22.36000061035156,22.36000061035156,18.17598342895508,0.0887789413254138,-1.3674387775231889,-0.2519912719726491,-0.25199127197264914
2013-10-31,22.3700008392334,22.63999938964844,22.34000015258789,22.530000686645508,18.31417655944824,0.519229647440821,0.7603062086478873,0.1381931304931569,0.13819313049315696
2013-11-01,22.46999931335449,22.5,21.309999465942383,22.200000762939453,18.045923233032227,4.393286002479485,-1.4647304810306627,-0.2682533264160121,-0.2682533264160121
2013-11-04,22.21999931335449,22.549999237060547,21.43000030517578,21.5,17.476905822753906,2.456257824960153,-3.1531631988590103,-0.5690174102783203,-0.5690174102783203
2013-11-05,21.5,22.09000015258789,21.5,21.729999542236328,17.66387367248535,0.3673058688118537,1.069799492127621,0.1869678497314453,0.1869678497314453
2013-11-06,22.020000457763672,22.07999992370605,21.56999969482422,21.770000457763672,17.696382522583008,-0.1391067266180369,0.1840414548949898,0.0325088500976562,0.03250885009765625
2013-11-07,21.93000030517578,22.0,21.75,22.0,17.883344650268555,0.3926264985833483,1.0564991316556194,0.1869621276855468,0.18696212768554688
2013-11-08,21.920000076293945,22.459999084472656,21.86000061035156,22.209999084472656,18.054048538208008,3.2791782925337256,0.9545411738004494,0.1707038879394531,0.17070388793945312
2013-11-11,22.190000534057617,22.190000534057617,21.790000915527344,21.90999984741211,17.810190200805664,-0.1264464117322896,-1.350712760554862,-0.2438583374023437,-0.24385833740234375
2013-11-12,21.90999984741211,22.06999969482422,21.6200008392334,21.90999984741211,17.810190200805664,-0.1264464117322896,0.0,0.0,0.0
2013-11-13,21.90999984741211,22.43000030517578,21.89999961853028,22.43000030517578,18.23288345336914,0.0381376817824247,2.373322506934006,0.4226932525634765,0.42269325256347656
2013-11-14,22.39999961853028,22.39999961853028,21.940000534057617,21.940000534057617,17.83457374572754,-0.7341415262481585,-2.1845678367894195,-0.3983097076416015,-0.39830970764160156
2013-11-15,21.920000076293945,22.540000915527344,21.90999984741211,22.239999771118164,18.07843399047852,0.1014392562111611,1.367345517912355,0.2438602447509801,0.24386024475098012
2013-11-18,22.270000457763672,22.270000457763672,21.799999237060547,21.850000381469727,17.761417388916016,-0.0884654670750478,-1.7535622926713068,-0.3170166015625035,-0.31701660156250355
2013-11-19,22.21999931335449,22.43000030517578,21.84000015258789,22.049999237060547,17.923986434936523,-0.0378242075320588,0.9152932024555582,0.1625690460205078,0.1625690460205078
2013-11-20,21.8700008392334,22.46999931335449,21.8700008392334,22.049999237060547,17.923986434936523,0.1774011455256447,0.0,0.0,0.0
2013-11-21,21.90999984741211,22.440000534057617,21.84000015258789,22.14999961853028,18.005279541015625,1.6333373573865806,0.4535436710700002,0.0812931060791015,0.08129310607910156
2013-11-22,22.21999931335449,22.600000381469727,22.01000022888184,22.540000915527344,18.32229995727539,1.228207281042668,1.76070810529545,0.3170204162597656,0.3170204162597656
2013-11-25,22.690000534057617,22.850000381469727,22.479999542236328,22.780000686645508,18.51738929748535,0.5951915367553046,1.0647644709718571,0.1950893402099609,0.19508934020996094
2013-11-26,22.8799991607666,22.8799991607666,22.530000686645508,22.8700008392334,18.59054946899414,0.2153820901828865,0.3950890178602284,0.073160171508789,0.07316017150878906
2013-11-27,22.81999969482422,23.0,22.420000076293945,22.989999771118164,18.68809700012207,-0.0758051521893006,0.5247156964920396,0.0975475311279296,0.09754753112792969
2013-11-29,23.0,23.0,22.809999465942383,22.89999961853028,18.61493873596192,0.1394202008684029,-0.3914698439315356,-0.0731582641601527,-0.07315826416014914
2013-12-02,22.89999961853028,22.89999961853028,22.36000061035156,22.75,18.49300575256348,-0.3416717647899932,-0.6550275836410768,-0.1219329833984375,-0.12193298339844105
2013-12-03,22.459999084472656,22.790000915527344,22.309999465942383,22.739999771118164,18.48488044738769,0.759775630270019,-0.0439371797343546,-0.0081253051757883,-0.008125305175788355
2013-12-04,22.709999084472656,22.8700008392334,22.549999237060547,22.549999237060547,18.33042907714844,-0.2910305052470042,-0.8355551483216539,-0.1544513702392507,-0.1544513702392507
2013-12-05,22.040000915527344,22.809999465942383,22.040000915527344,22.32999992370605,18.151596069335938,-0.3416717647899932,-0.9756073197186964,-0.1788330078125035,-0.17883300781250355
2013-12-06,22.559999465942383,22.8700008392334,22.3799991607666,22.690000534057617,18.444231033325195,-0.3543320796757405,1.6121720804685324,0.2926349639892578,0.2926349639892578
2013-12-09,22.1200008392334,22.6200008392334,22.030000686645508,22.420000076293945,18.224754333496094,3.646327424220397,-1.1899476830047773,-0.2194766998291015,-0.21947669982910156
2013-12-10,22.43000030517578,22.530000686645508,22.059999465942383,22.479999542236328,18.27353286743164,0.3293249241546119,0.2676498845632924,0.0487785339355468,0.048778533935546875
2013-12-11,22.450000762939453,22.729999542236328,21.81999969482422,21.81999969482422,17.737028121948242,0.3926264985833483,-2.9359661833076367,-0.5365047454833984,-0.5365047454833984
2013-12-12,21.81999969482422,22.57999992370605,21.739999771118164,21.96999931335449,17.85895538330078,2.595521288703373,0.6874165193528903,0.121927261352539,0.12192726135253906
2013-12-13,21.959999084472656,22.440000534057617,21.959999084472656,22.18000030517578,18.02966690063477,0.4812487027835792,0.9558874730915878,0.1707115173339879,0.17071151733398793
2013-12-16,22.31999969482422,22.57999992370605,22.11000061035156,22.540000915527344,18.32229995727539,0.1014392562111611,1.6230641323180528,0.2926330566406214,0.29263305664062145
2013-12-17,22.479999542236328,22.56999969482422,22.100000381469727,22.25,18.086565017700195,-0.4176336541044768,-1.2866012461584586,-0.2357349395751953,-0.2357349395751953
2013-12-18,22.18000030517578,22.8799991607666,22.18000030517578,22.8799991607666,18.598678588867188,1.5700357829578444,2.831458437054346,0.5121135711669922,0.5121135711669922
2013-12-19,22.88999938964844,22.88999938964844,22.3700008392334,22.46999931335449,18.265399932861328,-0.0378242075320588,-1.7919480376705543,-0.3332786560058594,-0.3332786560058594
2013-12-20,22.57999992370605,22.979999542236328,22.530000686645508,22.84000015258789,18.566165924072266,4.367965372707991,1.6466433383143686,0.3007659912109375,0.3007659912109375
2013-12-23,23.0,23.0,22.31999969482422,22.790000915527344,18.52552032470703,0.3040042943831174,-0.2189229565838113,-0.0406455993652343,-0.040645599365234375
2013-12-24,22.8700008392334,22.89999961853028,22.8700008392334,22.89999961853028,18.61493873596192,-0.3543320796757405,0.4826769218224447,0.0894184112548863,0.08941841125488992
2013-12-26,22.46999931335449,22.989999771118164,22.46999931335449,22.89999961853028,18.61493873596192,0.0634583115539193,0.0,0.0,0.0
2013-12-27,22.989999771118164,23.0,22.71999931335449,22.8799991607666,18.598678588867188,-0.3036908201327514,-0.0873499898407792,-0.0162601470947301,-0.016260147094733668
2013-12-30,22.89999961853028,22.89999961853028,22.709999084472656,22.709999084472656,18.46048927307129,-0.3290114499042459,-0.7430060965654572,-0.1381893157958984,-0.13818931579589844
2013-12-31,22.770000457763672,23.0,22.280000686645508,22.38999938964844,18.200368881225582,0.5445502772123155,-1.4090655344934475,-0.2601203918457067,-0.2601203918457067
2014-01-02,22.299999237060547,22.559999465942383,22.07999992370605,22.239999771118164,18.07843399047852,0.1394202008684029,-0.6699583483324001,-0.1219348907470632,-0.12193489074706321
2014-01-03,22.32999992370605,22.56999969482422,22.18000030517578,22.450000762939453,18.249141693115234,-0.2150686159325205,0.9442615589747572,0.1707077026367152,0.1707077026367152
2014-01-06,22.479999542236328,22.559999465942383,22.3700008392334,22.5,18.2897891998291,0.379966183697601,0.2227365395995661,0.0406475067138671,0.04064750671386719
2014-01-07,22.6299991607666,22.690000534057617,22.51000022888184,22.670000076293945,18.42797470092773,-0.3036908201327514,0.755533590840507,0.1381855010986292,0.13818550109862926
2014-01-08,22.6299991607666,22.6299991607666,22.209999084472656,22.59000015258789,18.36294174194336,0.5951915367553046,-0.3529034527114727,-0.0650329589843714,-0.06503295898437145
2014-01-09,22.63999938964844,22.670000076293945,22.40999984741211,22.61000061035156,18.379199981689453,-0.3416717647899932,0.0885383179589194,0.0162582397460937,0.01625823974609375
2014-01-10,22.65999984741211,22.790000915527344,22.239999771118164,22.65999984741211,18.41984939575196,0.5572105920980628,0.2211707479270019,0.0406494140625035,0.040649414062507105
2014-01-13,22.65999984741211,22.89999961853028,22.65999984741211,22.81999969482422,18.54990768432617,3.2918386074194728,0.7060768292937558,0.1300582885742116,0.1300582885742081
2014-01-14,22.81999969482422,22.989999771118164,22.81999969482422,22.989999771118164,18.68809700012207,-0.2783701903612569,0.7449595876569459,0.138189315795902,0.138189315795902
2014-01-15,22.989999771118164,23.100000381469727,22.81999969482422,22.940000534057617,18.64745712280273,0.3293249241546119,-0.2174639682096746,-0.0406398773193394,-0.04063987731933949
2014-01-16,22.8799991607666,22.979999542236328,22.81999969482422,22.93000030517578,18.639328002929688,-0.189747986161026,-0.0435937180040646,-0.0081291198730433,-0.008129119873043322
2014-01-17,22.96999931335449,23.5,22.81999969482422,23.350000381469727,18.9807357788086,3.0892735692475166,1.8316528140137176,0.3414077758789098,0.34140777587891336
2014-01-21,23.43000030517578,23.43000030517578,22.959999084472656,23.229999542236328,18.88318634033203,0.240702719954381,-0.5139391834613538,-0.097549438476566,-0.0975494384765696
2014-01-22,23.26000022888184,23.350000381469727,23.059999465942383,23.34000015258789,18.97260475158692,-0.3290114499042459,0.4735345489013109,0.0894184112548863,0.08941841125488992
2014-01-23,23.280000686645508,23.40999984741211,22.81999969482422,22.86000061035156,18.582426071166992,-0.0125035777605642,-2.0565372310688668,-0.3901786804199254,-0.390178680419929
2014-01-24,22.799999237060547,22.86000061035156,22.350000381469727,22.63999938964844,18.40359115600586,0.2280424050686338,-0.9623873356268464,-0.1788349151611328,-0.1788349151611328
2014-01-27,22.780000686645508,22.780000686645508,22.25,22.290000915527344,18.119081497192383,0.4939090176693264,-1.5459464210094032,-0.2845096588134765,-0.28450965881347656
2014-01-28,22.26000022888184,22.489999771118164,22.200000762939453,22.34000015258789,18.159725189208984,2.392956250531417,0.2243143065662645,0.0406436920166015,0.04064369201660156
2014-01-29,22.21999931335449,22.25,21.56999969482422,21.770000457763672,17.696382522583008,2.1017690081592297,-2.551485013117416,-0.4633426666259765,-0.46334266662597656
2014-01-30,21.8799991607666,22.1200008392334,21.84000015258789,21.90999984741211,17.942054748535156,1.038302557756459,1.3882624069559757,0.2456722259521484,0.24567222595214844
2014-01-31,21.559999465942383,21.96999931335449,21.030000686645508,21.26000022888184,17.409772872924805,2.3802959356456697,-2.966671783530306,-0.5322818756103516,-0.5322818756103516
2014-02-03,21.100000381469727,21.57999992370605,20.489999771118164,20.89999961853028,17.114965438842773,2.6714831780178567,-1.69334451536991,-0.2948074340820312,-0.29480743408203125
2014-02-04,21.09000015258789,21.309999465942383,21.0,21.049999237060547,17.237794876098633,0.2280424050686338,0.717672715698825,0.1228294372558593,0.12282943725585938
2014-02-05,21.030000686645508,21.100000381469727,20.63999938964844,20.739999771118164,16.98394203186035,0.7217946856127773,-1.472652656925777,-0.2538528442382812,-0.25385284423828125
2014-02-06,20.8799991607666,21.549999237060547,20.68000030517578,20.71999931335449,16.96756362915039,1.3421501150143935,-0.0964346361948087,-0.0163784027099609,-0.016378402709960938
2014-02-07,20.84000015258789,21.049999237060547,20.239999771118164,20.549999237060547,16.828351974487305,1.658657987158075,-0.8204575371323131,-0.1392116546630859,-0.13921165466308594
2014-02-10,20.59000015258789,21.76000022888184,20.3799991607666,21.51000022888184,17.6144962310791,3.02597199481878,4.671546315311415,0.7861442565917969,0.7861442565917969
2014-02-11,21.600000381469727,22.18000030517578,21.309999465942383,22.07999992370605,18.081270217895508,2.8613879013040657,2.6499423014597845,0.4667739868164062,0.46677398681640625
2014-02-12,22.01000022888184,22.100000381469727,21.89999961853028,21.89999961853028,17.933862686157227,-0.4809352285332132,-0.8152498688526189,-0.1474075317382812,-0.14740753173828125
2014-02-13,21.81999969482422,22.13999938964844,21.479999542236328,21.670000076293945,17.745519638061523,4.00081624102132,-1.050209045266537,-0.1883430480957031,-0.18834304809570312
2014-02-14,21.76000022888184,21.790000915527344,21.290000915527344,21.290000915527344,17.43433952331543,1.937184914644515,-1.7535700339744276,-0.3111801147460937,-0.31118011474609375
2014-02-18,21.450000762939453,22.239999771118164,21.450000762939453,22.209999084472656,18.187721252441406,2.266353101673944,4.321251907010626,0.7533817291259766,0.7533817291259766
2014-02-19,22.040000915527344,22.239999771118164,21.61000061035156,21.64999961853028,17.72913932800293,0.6205121665267991,-2.521381970140535,-0.4585819244384765,-0.45858192443847656
2014-02-20,21.56999969482422,22.190000534057617,21.51000022888184,22.100000381469727,18.09764289855957,-0.2150686159325205,2.078519231751952,0.3685035705566406,0.3685035705566406
2014-02-21,22.25,22.299999237060547,21.71999931335449,21.8700008392334,17.909297943115234,0.8863787791274917,-1.0407153931594415,-0.1883449554443359,-0.18834495544433594
2014-02-24,21.799999237060547,22.290000915527344,21.799999237060547,22.290000915527344,18.253232955932617,0.4432677581263373,1.9204271094814152,0.3439350128173828,0.3439350128173828
2014-02-25,22.229999542236328,22.26000022888184,21.6299991607666,21.6299991607666,17.712757110595703,-0.2657098754755096,-2.960986947582067,-0.5404758453369141,-0.5404758453369141
2014-02-26,21.559999465942383,21.780000686645508,21.3799991607666,21.780000686645508,17.835596084594727,-0.3669923945614878,0.693505665052796,0.1228389739990234,0.12283897399902344
2014-02-27,21.790000915527344,22.209999084472656,21.780000686645508,22.209999084472656,18.187721252441406,-0.2277289308182678,1.9742831480178191,0.3521251678466797,0.3521251678466797
2014-02-28,22.290000915527344,22.39999961853028,22.0,22.280000686645508,18.24504470825196,0.2533630348401283,0.3151766788973331,0.0573234558105504,0.05732345581055398
2014-03-03,22.0,22.1200008392334,21.549999237060547,21.950000762939453,17.974815368652344,0.519229647440821,-1.4811108655567895,-0.2702293395996129,-0.2702293395996165
2014-03-04,22.13999938964844,23.3700008392334,22.13999938964844,22.979999542236328,18.818273544311523,4.393286002479485,4.692444169024124,0.8434581756591797,0.8434581756591797
2014-03-05,22.86000061035156,22.96999931335449,22.1299991607666,22.489999771118164,18.417016983032227,0.6458327962982936,-2.1322708501098964,-0.4012565612792969,-0.4012565612792969
2014-03-06,22.46999931335449,22.790000915527344,22.200000762939453,22.790000915527344,18.662681579589844,-0.379652709447235,1.3339000381220822,0.2456645965576172,0.2456645965576172
2014-03-07,22.82999992370605,22.979999542236328,22.799999237060547,22.979999542236328,18.818273544311523,-0.2277289308182678,0.8337063677485768,0.1555919647216797,0.1555919647216797
2014-03-10,22.84000015258789,23.0,22.63999938964844,23.0,18.83465576171875,0.0254773668966775,0.0870548372498225,0.0163822174072265,0.016382217407226562
2014-03-11,22.920000076293945,22.989999771118164,22.270000457763672,22.989999771118164,18.82646369934082,-0.1391067266180369,-0.043494622262119,-0.0081920623779296,-0.008192062377929688
2014-03-12,22.020000457763672,22.729999542236328,22.020000457763672,22.700000762939453,18.58898162841797,0.7850962600415136,-1.2614268654774885,-0.2374820709228515,-0.23748207092285156
2014-03-13,22.8799991607666,22.88999938964844,22.520000457763672,22.770000457763672,18.64630699157715,-0.0378242075320588,0.3083835591700445,0.0573253631591796,0.05732536315917969
2014-03-14,22.81999969482422,22.940000534057617,22.799999237060547,22.809999465942383,18.67905807495117,-0.2403892457040151,0.1756438065125376,0.0327510833740198,0.032751083374019885
2014-03-17,23.0,23.0,22.540000915527344,22.989999771118164,18.82646369934082,0.7850962600415136,0.7891491305298981,0.147405624389652,0.147405624389652
2014-03-18,22.93000030517578,23.0,22.8700008392334,22.989999771118164,18.82646369934082,0.0128170520109302,0.0,0.0,0.0
2014-03-19,23.0,23.0,22.729999542236328,22.75,18.629926681518555,-0.5568971178476968,-1.0439401735820808,-0.1965370178222656,-0.19653701782226562
2014-03-20,22.979999542236328,22.989999771118164,22.96999931335449,22.989999771118164,18.82646369934082,-0.5822177476191913,1.0549532544174456,0.1965370178222656,0.19653701782226562
2014-03-21,23.0,23.0,22.38999938964844,22.93000030517578,18.77733421325684,0.9623406684419752,-0.2609597153697018,-0.0491294860839808,-0.04912948608398082
2014-03-24,22.88999938964844,22.979999542236328,22.479999542236328,22.81999969482422,18.6872501373291,0.1394202008684029,-0.4797490149807237,-0.0900840759277379,-0.09008407592773793
2014-03-25,22.920000076293945,23.0,22.84000015258789,22.989999771118164,18.82646369934082,-0.2657098754755096,0.744965476400572,0.1392135620117187,0.13921356201171875
2014-03-26,22.96999931335449,22.96999931335449,22.57999992370605,22.57999992370605,18.49071311950684,0.190061460411392,-1.7833969522685011,-0.3357505798339808,-0.3357505798339808
2014-03-27,22.450000762939453,22.65999984741211,21.739999771118164,21.81999969482422,17.868350982666016,0.1394202008684029,-3.3658092731115974,-0.6223621368408239,-0.6223621368408239
2014-03-28,21.82999992370605,22.14999961853028,21.280000686645508,21.420000076293945,17.54079246520996,0.1140995710969084,-1.8331770949306825,-0.3275585174560547,-0.3275585174560547
2014-03-31,21.46999931335449,22.229999542236328,21.46999931335449,22.040000915527344,18.04851150512696,1.6839786169295696,2.8945045722648777,0.5077190399169957,0.5077190399169993
2014-04-01,22.309999465942383,22.459999084472656,22.229999542236328,22.39999961853028,18.34331321716309,-0.2277289308182678,1.633385179450331,0.2948017120361328,0.29480171203612926
2014-04-02,22.280000686645508,22.5,22.280000686645508,22.479999542236328,18.40882682800293,-0.5822177476191913,0.357152549619788,0.0655136108398402,0.0655136108398402
2014-04-03,22.38999938964844,22.670000076293945,22.170000076293945,22.34000015258789,18.29417991638184,0.1267598859826556,-0.6227822809799721,-0.1146469116210902,-0.1146469116210902
2014-04-04,22.57999992370605,22.57999992370605,21.6299991607666,21.670000076293945,17.745519638061523,1.1902263363854262,-2.999097422393937,-0.548660278320316,-0.548660278320316
2014-04-07,21.670000076293945,22.739999771118164,21.57999992370605,22.270000457763672,18.23685836791992,1.785261136015548,2.768804407420933,0.4913387298583949,0.4913387298583949
2014-04-08,22.25,22.780000686645508,22.0,22.25,18.22047615051269,1.848562710444284,-0.0898302606552214,-0.0163822174072265,-0.016382217407226562
2014-04-09,22.46999931335449,22.739999771118164,22.459999084472656,22.549999237060547,18.466148376464844,-0.0631448373035533,1.348330438363643,0.245672225952152,0.245672225952152
2014-04-10,22.09000015258789,22.39999961853028,21.82999992370605,22.15999984741211,18.146778106689453,0.9116994088989864,-1.7294904344125617,-0.3193702697753906,-0.3193702697753906
2014-04-11,21.90999984741211,22.21999931335449,21.59000015258789,22.030000686645508,18.040321350097656,0.5572105920980628,-0.5866427415704978,-0.1064567565917968,-0.10645675659179688
2014-04-14,22.229999542236328,22.270000457763672,21.61000061035156,21.75,17.8110294342041,0.1520805157541502,-1.2709968489131862,-0.2292919158935547,-0.2292919158935547
2014-04-15,21.920000076293945,21.920000076293945,21.14999961853028,21.700000762939453,17.770084381103516,1.987826174187504,-0.2298859437173006,-0.0409450531005859,-0.04094505310058594
2014-04-16,21.89999961853028,22.0,21.76000022888184,22.0,18.0157527923584,-0.3923130243329823,1.3824830877906535,0.2456684112548828,0.2456684112548828
2014-04-17,21.8799991607666,22.540000915527344,21.729999542236328,22.25,18.22047615051269,0.1774011455256447,1.1363575006487103,0.2047233581542933,0.20472335815429332
2014-04-21,22.670000076293945,22.850000381469727,22.540000915527344,22.709999084472656,18.59716796875,-0.4682749136474659,2.067409298887668,0.3766918182373082,0.37669181823730824
2014-04-22,22.770000457763672,22.770000457763672,22.350000381469727,22.690000534057617,18.580791473388672,0.0254773668966775,-0.0880590818389426,-0.0163764953613281,-0.016376495361328125
2014-04-23,22.709999084472656,22.739999771118164,22.39999961853028,22.450000762939453,18.384258270263672,0.3040042943831174,-1.0577224517398731,-0.196533203125,-0.196533203125
2014-04-24,22.739999771118164,22.780000686645508,22.459999084472656,22.459999084472656,18.3924503326416,0.0887789413254138,0.0445602006754919,0.0081920623779296,0.008192062377929688
2014-04-25,22.530000686645508,22.84000015258789,22.0,22.0,18.0157527923584,0.9750009833277226,-2.048109596439507,-0.3766975402832031,-0.3766975402832031
2014-04-28,22.5,22.68000030517578,22.200000762939453,22.5,18.425207138061523,1.3041691703571516,2.2727573497611564,0.409454345703125,0.409454345703125
2014-04-29,22.530000686645508,22.6200008392334,21.82999992370605,21.979999542236328,18.14453125,0.2280424050686338,-1.523325550472221,-0.2806758880615234,-0.28067588806152344
2014-04-30,21.920000076293945,22.239999771118164,21.81999969482422,21.82999992370605,18.02070999145508,1.645997672272328,-0.6824164087728568,-0.1238212585449183,-0.12382125854491832
2014-05-01,21.81999969482422,22.11000061035156,21.3700008392334,21.57999992370605,17.814327239990234,5.254187414710299,-1.1452531646239716,-0.2063827514648473,-0.2063827514648473
2014-05-02,21.549999237060547,22.0,21.229999542236328,21.440000534057617,17.698759078979492,0.9370200386704808,-0.6487371622505678,-0.1155681610107421,-0.11556816101074219
2014-05-05,21.3799991607666,22.100000381469727,21.3799991607666,21.5,17.748291015625,2.013146803958999,0.2798610706235216,0.0495319366455078,0.04953193664550781
2014-05-06,21.559999465942383,21.739999771118164,21.5,21.5,17.748291015625,1.7219595615868115,0.0,0.0,0.0
2014-05-07,21.5,21.56999969482422,21.299999237060547,21.32999992370605,17.607954025268555,0.4179471283548428,-0.7907070615018497,-0.1403369903564453,-0.1403369903564453
2014-05-08,21.489999771118164,21.690000534057617,21.299999237060547,21.43000030517578,17.690505981445312,2.392956250531417,0.4688333241800402,0.0825519561767578,0.08255195617675781
2014-05-09,21.36000061035156,22.25,21.36000061035156,21.96999931335449,18.13627243041992,0.0381376817824247,2.519806100753419,0.4457664489746058,0.4457664489746058
2014-05-12,22.1299991607666,22.989999771118164,22.1299991607666,22.940000534057617,18.9370174407959,2.8613879013040657,4.41515759893909,0.8007450103759801,0.8007450103759801
2014-05-13,22.989999771118164,22.989999771118164,22.700000762939453,22.780000686645508,18.804931640625,1.506734208529108,-0.6975005466613116,-0.1320858001708984,-0.13208580017089844
2014-05-14,22.59000015258789,22.71999931335449,21.71999931335449,21.71999931335449,17.929899215698242,1.7346198764725589,-4.65320715676728,-0.8750324249267578,-0.8750324249267578
2014-05-15,21.63999938964844,21.86000061035156,21.39999961853028,21.40999984741211,17.673999786376953,1.40545168944313,-1.4272217944049537,-0.255899429321289,-0.25589942932128906
2014-05-16,21.36000061035156,21.81999969482422,21.36000061035156,21.81999969482422,18.012451171875,1.456092948986119,1.9149676903296384,0.3384513854980469,0.3384513854980469
2014-05-19,21.84000015258789,22.64999961853028,21.84000015258789,22.5,18.57379722595215,1.6713183020438225,3.1164334532861604,0.5613460540771484,0.5613460540771484
2014-05-20,22.489999771118164,22.709999084472656,21.6200008392334,21.76000022888184,17.962923049926758,2.354975305874175,-3.2889030099448324,-0.6108741760253906,-0.6108741760253906
2014-05-21,21.81999969482422,22.200000762939453,21.709999084472656,21.979999542236328,18.14453125,0.56987090698381,1.0110169684993675,0.1816082000732422,0.1816082000732422
2014-05-22,22.14999961853028,22.3700008392334,21.979999542236328,22.239999771118164,18.35915946960449,0.1774011455256447,1.1828810380785535,0.2146282196044886,0.21462821960448863
2014-05-23,22.200000762939453,22.520000457763672,22.170000076293945,22.489999771118164,18.565540313720703,0.1267598859826556,1.12413013492203,0.2063808441162145,0.2063808441162145
2014-05-27,22.690000534057617,22.989999771118164,22.14999961853028,22.989999771118164,18.978290557861328,1.2155469661569207,2.2232062044301726,0.412750244140625,0.412750244140625
2014-05-28,22.809999465942383,22.89999961853028,22.56999969482422,22.709999084472656,18.747146606445312,-0.0251638926463115,-1.2179387322124755,-0.2311439514160156,-0.23114395141601562
2014-05-29,22.84000015258789,22.920000076293945,22.5,22.68000030517578,18.722383499145508,0.0761186264396665,-0.132090007186969,-0.0247631072998046,-0.024763107299804688
2014-05-30,22.729999542236328,22.729999542236328,22.51000022888184,22.700000762939453,18.738893508911133,-0.3290114499042459,0.088183268793629,0.016510009765625,0.016510009765625
2014-06-02,22.600000381469727,22.61000061035156,22.350000381469727,22.350000381469727,18.44996833801269,0.0761186264396665,-1.5418475523170327,-0.288925170898441,-0.28892517089844105
2014-06-03,22.200000762939453,22.5,21.81999969482422,21.81999969482422,18.012451171875,0.3293249241546119,-2.371370823635888,-0.4375171661376917,-0.43751716613769176
2014-06-04,21.809999465942383,22.0,21.65999984741211,21.81999969482422,18.012451171875,0.2280424050686338,0.0,0.0,0.0
2014-06-05,21.989999771118164,22.690000534057617,21.8799991607666,22.6299991607666,18.681108474731445,1.3801310596716354,3.712194950460157,0.6686573028564453,0.6686573028564453
2014-06-06,22.700000762939453,23.0,22.309999465942383,22.989999771118164,18.978290557861328,0.8357375195845027,1.590816109931903,0.2971820831298828,0.2971820831298828
2014-06-09,22.89999961853028,22.940000534057617,22.790000915527344,22.799999237060547,18.821441650390625,0.190061460411392,-0.8264648862472579,-0.1568489074707031,-0.15684890747070312
2014-06-10,22.76000022888184,22.790000915527344,22.530000686645508,22.790000915527344,18.81318664550781,-0.1770876712752787,-0.0438595780076433,-0.008255004882816,-0.008255004882816053
2014-06-11,22.700000762939453,22.799999237060547,22.549999237060547,22.6200008392334,18.67285919189453,0.2913439794973701,-0.7458994388214624,-0.1403274536132777,-0.1403274536132777
2014-06-12,22.71999931335449,22.799999237060547,22.36000061035156,22.670000076293945,18.71412849426269,1.26618822569991,0.2210122292684246,0.0412693023681605,0.04126930236816051
2014-06-13,22.780000686645508,22.799999237060547,22.540000915527344,22.63999938964844,18.68936538696289,0.3673058688118537,-0.132323059058792,-0.0247631072998011,-0.024763107299801135
2014-06-16,22.61000061035156,22.64999961853028,21.8700008392334,21.979999542236328,18.14453125,1.0256422428707117,-2.9152094021498987,-0.5448341369628906,-0.5448341369628906
2014-06-17,21.89999961853028,22.15999984741211,21.86000061035156,22.13999938964844,18.276609420776367,0.9750009833277226,0.7279227495963436,0.1320781707763672,0.1320781707763672
2014-06-18,22.0,22.190000534057617,21.86000061035156,22.07999992370605,18.227087020874023,0.2786836646116228,-0.270960541762455,-0.0495223999023437,-0.04952239990234375
2014-06-19,22.09000015258789,22.600000381469727,22.030000686645508,22.049999237060547,18.20231437683105,0.4812487027835792,-0.1359111525314094,-0.0247726440429723,-0.024772644042972303
2014-06-20,22.200000762939453,22.520000457763672,21.8799991607666,22.239999771118164,18.35915946960449,3.747609943306375,0.8616766501576167,0.1568450927734375,0.1568450927734375
2014-06-23,22.5,22.51000022888184,22.020000457763672,22.21999931335449,18.342653274536133,0.8104168898130081,-0.0899071392439498,-0.0165061950683558,-0.016506195068355822
2014-06-24,22.1200008392334,22.63999938964844,21.86000061035156,21.920000076293945,18.09500312805176,1.6206770425008334,-1.3501326268221423,-0.2476501464843714,-0.24765014648437145
2014-06-25,21.88999938964844,22.25,21.76000022888184,22.01000022888184,18.169300079345703,1.2155469661569207,0.4105937466170495,0.0742969512939417,0.07429695129394176
2014-06-26,22.059999465942383,22.739999771118164,21.88999938964844,22.3799991607666,18.474733352661133,0.3673058688118537,1.6810403922088213,0.3054332733154297,0.3054332733154297
2014-06-30,22.76000022888184,23.350000381469727,22.520000457763672,23.13999938964844,19.10211563110352,2.304334046331186,3.3958935507560017,0.6273822784423864,0.6273822784423864
2014-07-01,23.06999969482422,24.3700008392334,23.06999969482422,23.90999984741211,19.73775291442871,2.6714831780178567,3.3275753094604843,0.6356372833251918,0.6356372833251918
2014-07-02,23.950000762939453,23.959999084472656,23.46999931335449,23.540000915527344,19.432315826416016,0.1394202008684029,-1.547476500171474,-0.3054370880126953,-0.3054370880126953
2014-07-03,23.65999984741211,23.790000915527344,23.31999969482422,23.790000915527344,19.63869285583496,0.658493111184041,1.0620300290632434,0.2063770294189453,0.2063770294189453
2014-07-07,23.700000762939453,23.700000762939453,23.229999542236328,23.309999465942383,19.242450714111328,0.519229647440821,-2.017660465655191,-0.3962421417236328,-0.3962421417236328
2014-07-08,23.350000381469727,23.59000015258789,22.8799991607666,23.100000381469727,19.06909370422364,0.5951915367553046,-0.9009092057102764,-0.1733570098876917,-0.1733570098876882
2014-07-09,23.14999961853028,23.81999969482422,23.049999237060547,23.39999961853028,19.316749572753903,0.9243597237847336,1.29872909731108,0.2476558685302663,0.24765586853026278
2014-07-10,23.0,23.1299991607666,22.700000762939453,22.709999084472656,18.747146606445312,-0.0125035777605642,-2.9487516218153487,-0.5696029663085902,-0.5696029663085902
2014-07-11,22.799999237060547,23.11000061035156,22.799999237060547,22.799999237060547,18.821441650390625,0.1774011455256447,0.3963005437839229,0.0742950439453125,0.0742950439453125
2014-07-14,23.1200008392334,23.63999938964844,22.68000030517578,22.709999084472656,18.747146606445312,5.48207308265375,-0.3947362020686129,-0.0742950439453125,-0.0742950439453125
2014-07-15,22.780000686645508,23.170000076293945,22.479999542236328,22.729999542236328,18.763656616210938,0.7977565749272608,0.0880667875075458,0.016510009765625,0.016510009765625
2014-07-16,22.86000061035156,23.549999237060547,22.64999961853028,22.75,18.780168533325195,0.84839783447025,0.0879994632815517,0.0165119171142578,0.016511917114257812
2014-07-17,22.489999771118164,23.780000686645508,22.46999931335449,22.600000381469727,18.65633773803711,1.5193945234148551,-0.6593699895096727,-0.1238307952880859,-0.12383079528808594
2014-07-18,22.540000915527344,22.96999931335449,22.540000915527344,22.799999237060547,18.821441650390625,0.7850962600415136,0.8849749327645151,0.1651039123535156,0.16510391235351562
2014-07-21,22.690000534057617,23.170000076293945,22.690000534057617,22.96999931335449,18.961780548095703,0.2913439794973701,0.7456330939567879,0.1403388977050781,0.14033889770507812
2014-07-22,22.76000022888184,23.280000686645508,22.76000022888184,22.8700008392334,18.879228591918945,0.70913437072703,-0.4353597277817256,-0.0825519561767578,-0.08255195617675781
2014-07-23,22.89999961853028,23.309999465942383,22.6299991607666,22.63999938964844,18.68936538696289,0.4052868134690955,-1.0056724724299526,-0.1898632049560547,-0.1898632049560547
2014-07-24,22.770000457763672,23.040000915527344,22.61000061035156,22.71999931335449,18.75540542602539,0.8737184642417445,0.3533562413444269,0.0660400390625,0.0660400390625
2014-07-25,22.51000022888184,22.780000686645508,22.46999931335449,22.5,18.57379722595215,0.7471153153842718,-0.9682979170433704,-0.1816082000732422,-0.1816082000732422
2014-07-28,22.600000381469727,22.61000061035156,22.3700008392334,22.3700008392334,18.46648025512696,0.519229647440821,-0.5777869194956153,-0.1073169708251917,-0.10731697082518821
2014-07-29,22.350000381469727,22.540000915527344,22.350000381469727,22.3799991607666,18.474733352661133,0.0128170520109302,0.0446923150495104,0.0082530975341761,0.008253097534172582
2014-07-30,22.450000762939453,22.600000381469727,22.350000381469727,22.56999969482422,18.782644271850582,-0.0378242075320588,1.6666596118698471,0.3079109191894496,0.3079109191894496
2014-07-31,22.350000381469727,22.57999992370605,22.14999961853028,22.38999938964844,18.632850646972656,2.60818160358912,-0.7975108441063417,-0.1497936248779261,-0.14979362487792613
2014-08-01,22.479999542236328,22.479999542236328,22.14999961853028,22.25,18.51633644104004,0.7724359451557663,-0.6253160514198997,-0.1165142059326171,-0.11651420593261719
2014-08-04,22.420000076293945,22.739999771118164,22.1299991607666,22.51000022888184,18.73271369934082,0.9623406684419752,1.1685748905555515,0.2163772583007812,0.21637725830078125
2014-08-05,22.5,22.670000076293945,22.25,22.61000061035156,18.81593132019043,0.4685883878978319,0.4442368691757625,0.0832176208496093,0.08321762084960938
2014-08-06,22.39999961853028,22.75,22.25,22.6200008392334,18.824256896972656,0.4685883878978319,0.0442474870924636,0.0083255767822265,0.008325576782226562
2014-08-07,22.63999938964844,22.71999931335449,22.489999771118164,22.489999771118164,18.7160701751709,-0.4429542838759714,-0.5747197480032051,-0.1081867218017578,-0.10818672180175781
2014-08-08,22.540000915527344,22.690000534057617,22.5,22.670000076293945,18.86586570739746,-0.3163511350184987,0.8003578252516075,0.1497955322265625,0.1497955322265625
2014-08-11,22.739999771118164,22.780000686645508,22.61000061035156,22.76000022888184,18.940763473510746,-0.4302939689902241,0.3970014802125776,0.0748977661132848,0.0748977661132848
2014-08-12,22.56999969482422,22.739999771118164,22.34000015258789,22.40999984741211,18.64949607849121,0.2153820901828865,-1.537780646629594,-0.2912673950195348,-0.2912673950195348
2014-08-13,22.40999984741211,22.63999938964844,22.290000915527344,22.600000381469727,18.80760765075684,-0.2783701903612569,0.8478061369603607,0.1581115722656285,0.15811157226562855
2014-08-14,22.6200008392334,22.76000022888184,22.530000686645508,22.690000534057617,18.88250732421875,-0.1011257819607951,0.3982413651578698,0.0748996734619105,0.07489967346191051
2014-08-15,22.940000534057617,22.940000534057617,22.489999771118164,22.549999237060547,18.766002655029297,0.6078518516410518,-0.6169978763361783,-0.1165046691894531,-0.11650466918945312
2014-08-18,22.770000457763672,22.89999961853028,22.6200008392334,22.89999961853028,19.057268142700195,0.1520805157541502,1.5520912632549289,0.2912654876708984,0.29126548767089844
2014-08-19,22.920000076293945,22.920000076293945,22.76000022888184,22.82999992370605,18.99901962280273,-0.1517670415037842,-0.3056498941049757,-0.0582485198974644,-0.05824851989746449
2014-08-20,22.6299991607666,22.65999984741211,22.600000381469727,22.63999938964844,18.84090042114257,-0.4935955434189604,-0.8322492675905235,-0.1581192016601562,-0.1581192016601598
2014-08-21,22.68000030517578,22.790000915527344,22.61000061035156,22.770000457763672,18.949085235595703,-0.3923130243329823,0.5742019332140247,0.1081848144531285,0.1081848144531321
2014-08-22,22.799999237060547,22.82999992370605,22.61000061035156,22.76000022888184,18.940763473510746,0.0254773668966775,-0.0439164317511453,-0.0083217620849573,-0.008321762084957385
2014-08-25,22.84000015258789,22.84000015258789,22.25,22.46999931335449,18.699424743652344,-0.2530495605897623,-1.2741763561744612,-0.241338729858402,-0.241338729858402
2014-08-26,22.5,22.920000076293945,22.280000686645508,22.88999938964844,19.0489501953125,1.987826174187504,1.8691775626884288,0.3495254516601562,0.34952545166015625
2014-08-27,22.940000534057617,23.100000381469727,22.940000534057617,22.959999084472656,19.10720443725586,0.9750009833277226,0.3058133983556477,0.0582542419433593,0.058254241943359375
2014-08-28,22.6299991607666,23.1299991607666,22.6299991607666,23.0,19.14048767089844,1.5193945234148551,0.1741920632705618,0.0332832336425816,0.03328323364258168
2014-08-29,23.1299991607666,23.25,22.799999237060547,23.049999237060547,19.18209648132324,0.2533630348401283,0.2173863651763641,0.0416088104247975,0.04160881042479758
2014-09-02,23.239999771118164,23.34000015258789,23.049999237060547,23.32999992370605,19.415117263793945,0.1267598859826556,1.2147826630816372,0.2330207824707066,0.23302078247070668
2014-09-03,23.350000381469727,23.350000381469727,23.07999992370605,23.11000061035156,19.232032775878903,-0.1391067266180369,-0.942999650362486,-0.1830844879150426,-0.18308448791504262
2014-09-04,23.350000381469727,23.350000381469727,23.11000061035156,23.190000534057617,19.29860496520996,-0.0251638926463115,0.3461526407887216,0.0665721893310582,0.06657218933105824
2014-09-05,23.06999969482422,23.350000381469727,23.0,23.209999084472656,19.315248489379883,-0.3416717647899932,0.0862421102454158,0.0166435241699218,0.016643524169921875
2014-09-08,23.350000381469727,23.450000762939453,23.290000915527344,23.440000534057617,19.50665855407715,-0.4176336541044768,0.990979043332052,0.1914100646972656,0.19141006469726562
2014-09-09,23.440000534057617,23.440000534057617,23.059999465942383,23.1200008392334,19.240354537963867,-0.1391067266180369,-1.3651954555672474,-0.2663040161132812,-0.26630401611328125
2014-09-10,23.25,23.450000762939453,22.850000381469727,23.440000534057617,19.50665855407715,0.0128170520109302,1.3840910030416875,0.2663040161132812,0.26630401611328125
2014-09-11,23.1299991607666,23.299999237060547,23.11000061035156,23.21999931335449,19.32357215881348,-0.1011257819607951,-0.9385840981227412,-0.1830863952636683,-0.18308639526366832
2014-09-12,23.200000762939453,23.200000762939453,22.65999984741211,22.780000686645508,18.95740127563477,-0.1644273563895315,-1.894944061943016,-0.3661708831787109,-0.36617088317871094
2014-09-15,22.84000015258789,22.96999931335449,22.56999969482422,22.76000022888184,18.940763473510746,0.1394202008684029,-0.087764150170766,-0.0166378021240234,-0.016637802124023438
2014-09-16,22.549999237060547,22.88999938964844,22.549999237060547,22.75,18.93244361877441,0.379966183697601,-0.0439256566820644,-0.0083198547363352,-0.00831985473633523
2014-09-17,22.81999969482422,23.100000381469727,22.559999465942383,22.96999931335449,19.115522384643555,0.0128170520109302,0.9670107544257788,0.1830787658691441,0.18307876586914418
2014-09-18,22.799999237060547,23.07999992370605,22.600000381469727,22.88999938964844,19.0489501953125,0.050797996668172,-0.3482624643548093,-0.0665721893310546,-0.06657218933105469
2014-09-19,22.96999931335449,23.209999084472656,22.690000534057617,23.209999084472656,19.315248489379883,3.823571832620858,1.3979683464809156,0.2662982940673828,0.2662982940673828
2014-09-22,23.0,23.34000015258789,22.6299991607666,23.100000381469727,19.223709106445312,0.2280424050686338,-0.4739228852525534,-0.0915393829345703,-0.09153938293457031
2014-09-23,22.920000076293945,23.25,22.559999465942383,22.6200008392334,18.824256896972656,0.658493111184041,-2.077914346606136,-0.3994522094726562,-0.39945220947265625
2014-09-24,22.64999961853028,23.36000061035156,22.600000381469727,23.299999237060547,19.39015007019043,0.4559280730120846,3.006191300485184,0.5658931732177734,0.5658931732177734
2014-09-25,23.290000915527344,23.290000915527344,22.450000762939453,22.46999931335449,18.699424743652344,1.329489800128646,-3.562248482026842,-0.6907253265380859,-0.6907253265380859
2014-09-26,22.6200008392334,22.84000015258789,22.520000457763672,22.84000015258789,19.00733757019043,-0.2657098754755096,1.646643309937157,0.3079128265380859,0.30791282653808594
2014-09-29,22.450000762939453,22.56999969482422,22.450000762939453,22.530000686645508,18.74935913085937,0.1520805157541502,-1.3572571033601766,-0.2579784393310582,-0.25797843933105824
2014-09-30,22.57999992370605,22.8700008392334,22.350000381469727,22.350000381469727,18.59956169128418,1.7219595615868115,-0.7989469854926545,-0.1497974395751917,-0.14979743957519176
2014-10-01,22.39999961853028,22.64999961853028,21.6299991607666,21.6299991607666,18.000377655029297,0.9243597237847336,-3.2214954642488247,-0.5991840362548828,-0.5991840362548828
2014-10-02,21.700000762939453,22.6299991607666,21.700000762939453,22.59000015258789,18.799291610717773,0.3419852390403592,4.438317745323861,0.7989139556884766,0.7989139556884766
2014-10-03,22.86000061035156,23.059999465942383,22.26000022888184,22.770000457763672,18.949085235595703,0.70913437072703,0.7968046242366356,0.1497936248779297,0.1497936248779297
2014-10-06,22.8799991607666,23.07999992370605,22.81999969482422,22.84000015258789,19.00733757019043,-0.2024083010467733,0.3074150222581728,0.0582523345947265,0.05825233459472656
2014-10-07,22.540000915527344,23.040000915527344,22.36000061035156,22.38999938964844,18.632850646972656,0.5445502772123155,-1.970222930144028,-0.3744869232177734,-0.37448692321777344
2014-10-08,22.100000381469727,23.09000015258789,22.100000381469727,22.940000534057617,19.090559005737305,1.0509628726422062,2.4564591185568974,0.4577083587646484,0.45770835876464844
2014-10-09,22.86000061035156,22.979999542236328,22.200000762939453,22.299999237060547,18.557950973510746,1.747280191358306,-2.7899027580412628,-0.532608032226559,-0.532608032226559
2014-10-10,22.13999938964844,22.75,22.13999938964844,22.440000534057617,18.674457550048828,0.759775630270019,0.6277987085124836,0.1165065765380823,0.11650657653808238
2014-10-13,22.559999465942383,23.43000030517578,22.350000381469727,23.309999465942383,19.39846992492676,1.4940738936433606,3.8770195757361625,0.7240123748779332,0.7240123748779332
2014-10-14,23.479999542236328,23.850000381469727,23.020000457763672,23.25,19.348539352416992,1.8992039699872731,-0.2573943857582805,-0.0499305725097691,-0.04993057250976918
2014-10-15,22.809999465942383,23.5,22.450000762939453,23.34000015258789,19.423433303833008,1.329489800128646,0.3870780633715487,0.0748939514160156,0.07489395141601562
2014-10-16,22.90999984741211,23.5,22.90999984741211,23.39999961853028,19.473371505737305,1.595356412729339,0.2571028567562416,0.0499382019042968,0.049938201904296875
2014-10-17,23.700000762939453,23.700000762939453,22.93000030517578,23.290000915527344,19.38182640075684,1.0636231875279536,-0.4701040338777162,-0.0915451049804652,-0.0915451049804652
2014-10-20,23.11000061035156,23.549999237060547,22.65999984741211,23.059999465942383,19.19042205810547,0.6458327962982936,-0.9875454391847004,-0.1914043426513707,-0.19140434265137074
2014-10-21,23.14999961853028,23.81999969482422,22.88999938964844,23.690000534057617,19.71470260620117,0.8863787791274917,2.7319907113468656,0.5242805480956996,0.5242805480956996
2014-10-22,23.790000915527344,23.790000915527344,23.059999465942383,23.270000457763672,19.36518096923828,0.7977565749272608,-1.772898348732621,-0.3495216369628871,-0.3495216369628871
2014-10-23,23.489999771118164,23.600000381469727,23.049999237060547,23.290000915527344,19.38182640075684,0.9243597237847336,0.0859554658693806,0.0166454315185582,0.01664543151855824
2014-10-24,23.26000022888184,23.26000022888184,22.709999084472656,23.059999465942383,19.19042205810547,0.2533630348401283,-0.9875454391847004,-0.1914043426513707,-0.19140434265137074
2014-10-27,22.93000030517578,23.270000457763672,22.8799991607666,23.09000015258789,19.21538543701172,0.4559280730120846,0.1300824902686681,0.02496337890625,0.02496337890625
2014-10-28,23.34000015258789,23.850000381469727,22.82999992370605,23.850000381469727,19.847856521606445,1.12692476195669,3.2914826854135937,0.6324710845947266,0.6324710845947266
2014-10-29,23.559999465942383,24.100000381469727,23.14999961853028,24.059999465942383,20.174877166748047,0.2533630348401283,1.647637087589815,0.3270206451416015,0.32702064514160156
2014-10-30,23.979999542236328,24.729999542236328,23.950000762939453,24.5,20.54382705688477,0.7724359451557663,1.828759040698502,0.3689498901367223,0.3689498901367223
2014-10-31,24.68000030517578,24.959999084472656,23.81999969482422,24.799999237060547,20.795387268066406,1.3927913745573826,1.2245051055242984,0.2515602111816371,0.2515602111816371
2014-11-03,24.979999542236328,25.020000457763672,24.25,24.450000762939453,20.50190162658692,0.9243597237847336,-1.4113016396196998,-0.2934856414794886,-0.2934856414794851
2014-11-04,24.299999237060547,24.739999771118164,24.09000015258789,24.190000534057617,20.28388786315918,-0.2783701903612569,-1.0633831309824315,-0.2180137634277379,-0.21801376342774148
2014-11-05,24.46999931335449,25.86000061035156,23.520000457763672,24.440000534057617,20.49351501464844,0.2660233497258756,1.0334663300421765,0.2096271514892613,0.20962715148926137
2014-11-06,24.59000015258789,25.25,23.940000534057617,25.15999984741211,21.09725379943848,1.177566021499679,2.9459991824657417,0.6037387847900391,0.6037387847900391
2014-11-07,25.18000030517578,25.18000030517578,24.3799991607666,24.93000030517578,20.904396057128903,0.4559280730120846,-0.914136712498148,-0.1928577423095774,-0.19285774230957742
2014-11-10,24.950000762939453,25.34000015258789,24.350000381469727,25.34000015258789,21.248191833496094,1.975165859301757,1.6446099443755413,0.343795776367191,0.34379577636719105
2014-11-11,25.200000762939453,25.32999992370605,24.920000076293945,25.280000686645508,21.1978759765625,0.759775630270019,-0.2368006526290655,-0.0503158569335937,-0.05031585693359375
2014-11-12,24.89999961853028,25.5,24.89999961853028,25.21999931335449,21.14756202697754,0.2533630348401283,-0.2373537312917117,-0.0503139495849609,-0.05031394958496094
2014-11-13,25.15999984741211,25.3700008392334,24.63999938964844,24.63999938964844,20.66122436523437,0.0254773668966775,-2.299733941542559,-0.4863376617431676,-0.4863376617431676
2014-11-14,24.75,25.0,24.190000534057617,24.31999969482422,20.392894744873047,1.4814135787576137,-1.2987111296890452,-0.2683296203613246,-0.2683296203613246
2014-11-17,24.39999961853028,24.56999969482422,24.39999961853028,24.420000076293945,20.47674560546875,-0.2530495605897623,0.4111768419575945,0.0838508605957031,0.08385086059570312
2014-11-18,24.450000762939453,24.76000022888184,24.15999984741211,24.549999237060547,20.58575439453125,-0.2530495605897623,0.5323540720913567,0.1090087890625,0.1090087890625
2014-11-19,23.65999984741211,24.030000686645508,23.559999465942383,23.61000061035156,19.797542572021484,0.1394202008684029,-3.82891881154066,-0.7882118225097656,-0.7882118225097656
2014-11-20,23.549999237060547,24.059999465942383,23.549999237060547,23.88999938964844,20.03232765197754,-0.4809352285332132,1.185930420919323,0.2347850799560547,0.2347850799560547
2014-11-21,24.309999465942383,24.63999938964844,23.950000762939453,24.440000534057617,20.49351501464844,0.1140995710969084,2.3022155521970733,0.461187362670902,0.461187362670902
2014-11-24,24.38999938964844,24.5,23.8700008392334,24.5,20.54382705688477,0.3673058688118537,0.2455022586431265,0.0503120422363281,0.050312042236328125
2014-11-25,24.46999931335449,24.51000022888184,24.420000076293945,24.5,20.54382705688477,-0.4809352285332132,0.0,0.0,0.0
2014-11-26,24.25,24.700000762939453,23.96999931335449,24.3799991607666,20.443208694458008,-0.1011257819607951,-0.4897741893375329,-0.1006183624267613,-0.10061836242676137
2014-11-28,24.5,24.5,23.559999465942383,23.61000061035156,19.797542572021484,-0.0631448373035533,-3.1583404155706707,-0.6456661224365234,-0.6456661224365234
2014-12-01,23.6299991607666,23.8700008392334,23.559999465942383,23.56999969482422,19.76400184631348,0.1140995710969084,-0.1694186315598811,-0.0335407257080042,-0.03354072570800426
2014-12-02,23.549999237060547,24.07999992370605,23.549999237060547,24.040000915527344,20.158105850219727,-0.0758051521893006,1.994049620976712,0.3941040039062464,0.39410400390624645
2014-12-03,23.90999984741211,24.559999465942383,23.8700008392334,24.18000030517578,20.27549934387207,-0.2403892457040151,0.582363712764522,0.1173934936523437,0.11739349365234375
2014-12-04,24.57999992370605,24.709999084472656,24.030000686645508,24.030000686645508,20.14972305297852,-0.4935955434189604,-0.6203363417116803,-0.1257762908935511,-0.12577629089355113
2014-12-05,24.09000015258789,24.68000030517578,24.09000015258789,24.63999938964844,20.66122436523437,-0.2783701903612569,2.5385029407649418,0.5115013122558523,0.5115013122558523
2014-12-08,24.63999938964844,24.86000061035156,24.3700008392334,24.3700008392334,20.434823989868164,-0.5568971178476968,-1.0957742453402752,-0.2264003753662073,-0.22640037536620738
2014-12-09,24.68000030517578,25.0,24.020000457763672,24.989999771118164,20.95470428466797,1.0129819279849643,2.544089907784719,0.5198802947998047,0.5198802947998047
2014-12-10,24.790000915527344,24.979999542236328,24.26000022888184,24.700000762939453,20.71153259277344,-0.0631448373035533,-1.160463486342067,-0.2431716918945277,-0.2431716918945277
2014-12-11,24.90999984741211,25.0,24.3700008392334,24.780000686645508,20.778614044189453,-0.0631448373035533,0.3238845368662701,0.067081451416012,0.06708145141601207
2014-12-12,24.450000762939453,24.700000762939453,24.450000762939453,24.489999771118164,20.53544235229492,-0.3290114499042459,-1.1702979389163648,-0.2431716918945348,-0.2431716918945348
2014-12-15,24.700000762939453,24.790000915527344,24.01000022888184,24.01000022888184,20.13294982910156,-0.0378242075320588,-1.9599895453354053,-0.4024925231933594,-0.4024925231933594
2014-12-16,24.1200008392334,25.0,24.11000061035156,24.299999237060547,20.376127243041992,0.2027217752971392,1.2078578449985944,0.2431774139404332,0.24317741394043324
2014-12-17,24.559999465942383,26.8700008392334,24.14999961853028,26.71999931335449,22.405351638793945,3.8362321475066055,9.958832566894626,2.029224395751953,2.029224395751953
2014-12-18,26.56999969482422,26.68000030517578,26.059999465942383,26.450000762939453,22.17895126342773,2.076448378387735,-1.0104745465106313,-0.2264003753662145,-0.2264003753662145
2014-12-19,26.32999992370605,26.479999542236328,25.86000061035156,25.989999771118164,21.79322624206543,3.0892735692475166,-1.7391490552501776,-0.3857250213623011,-0.38572502136230113
2014-12-22,26.07999992370605,26.39999961853028,26.07999992370605,26.39999961853028,22.13702392578125,-0.4935955434189604,1.5775437739099951,0.3437976837158203,0.3437976837158203
2014-12-23,26.65999984741211,26.65999984741211,24.989999771118164,25.25,21.172719955444336,2.785426011989582,-4.356068699974913,-0.964303970336914,-0.9643039703369141
2014-12-24,25.489999771118164,26.520000457763672,25.299999237060547,26.38999938964844,22.128637313842773,-0.4176336541044768,4.514853832715216,0.9559173583984376,0.9559173583984375
2014-12-26,26.46999931335449,26.46999931335449,25.100000381469727,26.14999961853028,21.92739486694336,-0.5062558583047078,-0.90942087416076,-0.201242446899414,-0.20124244689941406
2014-12-29,25.1200008392334,26.07999992370605,25.1200008392334,26.07999992370605,21.868696212768555,-0.050484522417806,-0.2676955221128207,-0.0586986541748046,-0.05869865417480469
2014-12-30,25.86000061035156,26.229999542236328,25.600000381469727,26.049999237060547,21.843542098999023,0.2280424050686338,-0.115023381022794,-0.0251541137695312,-0.02515411376953125
2014-12-31,25.530000686645508,26.100000381469727,25.190000534057617,25.940000534057617,21.75130271911621,1.40545168944313,-0.4222729970476679,-0.0922393798828125,-0.0922393798828125
2015-01-02,26.059999465942383,26.059999465942383,25.290000915527344,25.46999931335449,21.35719490051269,0.3166646092688647,-1.8118814477128156,-0.3941078186035192,-0.3941078186035192
2015-01-05,25.3799991607666,25.3799991607666,25.1200008392334,25.1299991607666,21.072097778320312,-0.2657098754755096,-1.3348996603741003,-0.2850971221923792,-0.28509712219237926
2015-01-06,25.100000381469727,25.3799991607666,24.420000076293945,24.65999984741211,20.677993774414062,-0.1770876712752787,-1.8702646886524896,-0.39410400390625,-0.39410400390625
2015-01-07,25.030000686645508,25.030000686645508,24.68000030517578,25.0,20.96308708190918,-0.4429542838759714,1.378728084577907,0.2850933074951172,0.2850933074951172
2015-01-08,25.13999938964844,25.43000030517578,24.799999237060547,25.39999961853028,21.29850196838379,-0.2403892457040151,1.6000262039843616,0.3354148864746094,0.3354148864746094
2015-01-09,25.38999938964844,25.479999542236328,24.6200008392334,24.6299991607666,20.6528377532959,1.3801310596716354,-3.031500600588421,-0.6456642150878906,-0.6456642150878906
2015-01-12,24.690000534057617,24.690000534057617,24.01000022888184,24.479999542236328,20.52705764770508,0.0254773668966775,-0.6090209350080422,-0.1257801055908167,-0.12578010559081676
2015-01-13,24.549999237060547,24.979999542236328,24.270000457763672,24.270000457763672,20.35096740722656,-0.4429542838759714,-0.8578445264814105,-0.1760902404785227,-0.17609024047852273
2015-01-14,24.0,24.21999931335449,24.0,24.11000061035156,20.216806411743164,-0.658179636933675,-0.6592364520015659,-0.1341609954833948,-0.13416099548339488
2015-01-15,24.0,24.799999237060547,23.64999961853028,24.0,20.12456703186035,2.1903912123594607,-0.4562509923883628,-0.0922393798828125,-0.0922393798828125
2015-01-16,23.84000015258789,24.549999237060547,23.84000015258789,24.530000686645508,20.56898307800293,-0.0125035777605642,2.208325999953176,0.4444160461425781,0.4444160461425781
2015-01-20,24.030000686645508,24.270000457763672,23.84000015258789,23.88999938964844,20.03232765197754,1.1142644470709426,-2.609051813549823,-0.5366554260253906,-0.5366554260253906
2015-01-21,23.979999542236328,24.71999931335449,23.940000534057617,24.3799991607666,20.443208694458008,5.102263636081332,2.0510898664334976,0.4108810424804687,0.41088104248046875
2015-01-22,24.729999542236328,24.729999542236328,24.3700008392334,24.57999992370605,20.61091423034668,-0.1264464117322896,0.8203484022258012,0.1677055358886718,0.16770553588867188
2015-01-23,24.39999961853028,24.39999961853028,24.200000762939453,24.200000762939453,20.292272567749023,-0.5822177476191913,-1.5459850981695,-0.3186416625976562,-0.31864166259765625
2015-01-26,24.209999084472656,24.729999542236328,24.209999084472656,24.670000076293945,20.68637657165528,0.3546455539261064,1.942138331675136,0.3941040039062535,0.3941040039062571
2015-01-27,24.229999542236328,24.450000762939453,24.020000457763672,24.100000381469727,20.20842170715332,-0.0125035777605642,-2.3104813104720123,-0.4779548645019567,-0.47795486450196023
2015-01-28,23.670000076293945,24.39999961853028,23.670000076293945,24.020000457763672,20.292898178100582,0.1520805157541502,0.4180260693855242,0.084476470947262,0.08447647094726207
2015-01-29,24.020000457763672,24.559999465942383,24.020000457763672,24.549999237060547,20.740663528442383,-0.4176336541044768,2.206512576035169,0.4477653503418004,0.4477653503418004
2015-01-30,24.13999938964844,24.5,24.020000457763672,24.030000686645508,20.30134963989257,0.9623406684419752,-2.11812841931196,-0.4393138885498082,-0.4393138885498118
2015-02-02,24.049999237060547,24.32999992370605,24.020000457763672,24.170000076293945,20.41962623596192,0.0001567371251829,0.5826045960852122,0.118276596069343,0.11827659606935015
2015-02-03,24.479999542236328,24.479999542236328,23.8700008392334,24.43000030517578,20.63928604125977,0.1647408306398974,1.0757288246099117,0.2196598052978515,0.219659805297848
2015-02-04,24.239999771118164,24.440000534057617,24.0,24.049999237060547,20.318246841430664,0.1774011455256447,-1.5554762853100643,-0.3210391998291051,-0.3210391998291051
2015-02-05,24.5,24.5,24.25,24.31999969482422,20.546350479125977,0.5445502772123155,1.1226541319017125,0.2281036376953125,0.2281036376953125
2015-02-06,24.450000762939453,24.780000686645508,24.1299991607666,24.6200008392334,20.799802780151367,0.8737184642417445,1.2335636018809604,0.2534523010253906,0.2534523010253906
2015-02-09,24.459999084472656,25.5,24.25,24.75,20.909629821777344,1.1395850768424372,0.5280196297379414,0.1098270416259765,0.10982704162597656
2015-02-10,24.799999237060547,25.309999465942383,24.71999931335449,24.84000015258789,20.98566436767578,0.3419852390403592,0.3636341080474281,0.0760345458984375,0.0760345458984375
2015-02-11,24.799999237060547,24.979999542236328,24.40999984741211,24.420000076293945,20.630834579467773,-0.1517670415037842,-1.690819894911466,-0.3548297882080078,-0.3548297882080078
2015-02-12,24.520000457763672,25.479999542236328,24.520000457763672,24.989999771118164,21.11239051818848,-0.1517670415037842,2.33415636612182,0.4815559387207067,0.4815559387207067
2015-02-13,24.989999771118164,25.489999771118164,24.63999938964844,24.93000030517578,21.06170082092285,0.9623406684419752,-0.2400945417429634,-0.0506896972656285,-0.05068969726562855
2015-02-17,25.100000381469727,25.100000381469727,24.75,24.75,20.909629821777344,-0.4049733392187296,-0.7220262049987825,-0.1520709991455078,-0.1520709991455078
2015-02-18,24.93000030517578,24.979999542236328,24.770000457763672,24.81999969482422,20.96876716613769,-0.379652709447235,0.2828234878589519,0.059137344360348,0.05913734436034801
2015-02-19,24.88999938964844,25.0,24.790000915527344,24.84000015258789,20.98566436767578,-0.5948780625049386,0.0805827133479653,0.0168972015380894,0.01689720153808949
2015-02-20,24.90999984741211,24.979999542236328,24.729999542236328,24.739999771118164,20.90118408203125,0.7217946856127773,-0.4025618830283739,-0.0844802856445312,-0.08448028564453125
2015-02-23,24.729999542236328,24.809999465942383,24.3799991607666,24.43000030517578,20.63928604125977,0.3040042943831174,-1.2530296835988053,-0.2618980407714808,-0.2618980407714808
2015-02-24,24.43000030517578,24.940000534057617,24.25,24.559999465942383,20.74911499023437,0.5825312218695573,0.5321354079547369,0.1098289489746022,0.10982894897460227
2015-02-25,24.489999771118164,25.0,24.489999771118164,24.790000915527344,20.94342613220215,0.0001567371251829,0.9364791802408456,0.194311141967777,0.194311141967777
2015-02-26,24.770000457763672,25.0,24.59000015258789,25.0,21.120838165283203,0.0634583115539193,0.8471012906922093,0.1774120330810547,0.1774120330810547
2015-02-27,24.89999961853028,24.96999931335449,24.479999542236328,24.65999984741211,20.83359718322754,0.1647408306398974,-1.359988556362357,-0.287240982055664,-0.28724098205566406
2015-03-02,24.57999992370605,24.989999771118164,24.57999992370605,24.979999542236328,21.10394287109375,-0.050484522417806,1.2976428673770135,0.2703456878662109,0.27034568786621094
2015-03-03,24.709999084472656,24.850000381469727,24.459999084472656,24.459999084472656,20.66462516784668,0.1774011455256447,-2.081685426891522,-0.4393177032470703,-0.4393177032470703
2015-03-04,24.450000762939453,24.61000061035156,24.450000762939453,24.479999542236328,20.681528091430664,-0.3669923945614878,0.0817964199528953,0.0169029235839843,0.016902923583984375
2015-03-05,24.729999542236328,24.729999542236328,24.450000762939453,24.56999969482422,20.7575626373291,-0.5948780625049386,0.3676447192987764,0.0760345458984375,0.0760345458984375
2015-03-06,24.43000030517578,24.549999237060547,24.06999969482422,24.06999969482422,20.33514404296875,0.0634583115539193,-2.035010572969198,-0.4224185943603515,-0.42241859436035156
2015-03-09,24.190000534057617,24.309999465942383,24.0,24.040000915527344,20.309797286987305,-0.2910305052470042,-0.1246450771525742,-0.0253467559814453,-0.025346755981445312
2015-03-10,24.0,24.0,23.89999961853028,23.89999961853028,20.1915225982666,-0.5315764880762023,-0.5823528765424135,-0.1182746887207031,-0.11827468872070312
2015-03-11,24.11000061035156,24.11000061035156,23.600000381469727,23.76000022888184,20.07324409484864,0.4685883878978319,-0.5857829831422356,-0.1182785034179652,-0.11827850341796164
2015-03-12,24.0,24.71999931335449,24.0,24.71999931335449,20.88428497314453,0.2280424050686338,4.040407591636019,0.8110408782958949,0.8110408782958913
2015-03-13,24.65999984741211,24.739999771118164,24.0,24.729999542236328,20.89273452758789,-0.050484522417806,0.0404589118288001,0.0084495544433593,0.008449554443359375
2015-03-16,24.81999969482422,24.979999542236328,24.51000022888184,24.979999542236328,21.10394287109375,0.2660233497258756,1.0109176624389038,0.2112083435058593,0.21120834350585938
2015-03-17,24.989999771118164,24.989999771118164,24.57999992370605,24.82999992370605,20.97721290588379,-0.3036908201327514,-0.6005037351742626,-0.1267299652099609,-0.12672996520996094
2015-03-18,24.89999961853028,25.0,24.43000030517578,24.989999771118164,21.11239051818848,-0.1517670415037842,0.6444021563359215,0.135177612304691,0.13517761230469105
2015-03-19,24.84000015258789,25.0,24.709999084472656,24.93000030517578,21.06170082092285,-0.1011257819607951,-0.2400945417429634,-0.0506896972656285,-0.05068969726562855
2015-03-20,25.0,25.200000762939453,24.850000381469727,24.959999084472656,21.087047576904297,0.9623406684419752,0.1203452475037725,0.0253467559814453,0.025346755981445312
2015-03-23,25.049999237060547,25.200000762939453,25.0,25.0,21.120838165283203,0.5065693325550737,0.1602433354203514,0.0337905883789062,0.03379058837890625
2015-03-24,25.049999237060547,25.049999237060547,24.780000686645508,24.809999465942383,20.96031951904297,-0.5695574327334441,-0.760001307637892,-0.1605186462402343,-0.16051864624023438
2015-03-25,24.90999984741211,25.049999237060547,24.670000076293945,24.690000534057617,20.858943939208984,-0.3163511350184987,-0.4836547445847938,-0.1013755798339843,-0.10137557983398438
2015-03-26,24.739999771118164,24.940000534057617,24.71999931335449,24.76000022888184,20.91808319091797,-0.2910305052470042,0.2835198746462763,0.0591392517089843,0.059139251708984375
2015-03-27,24.700000762939453,24.979999542236328,24.65999984741211,24.809999465942383,20.96031951904297,0.3419852390403592,0.2019129943193753,0.042236328125,0.042236328125
2015-03-30,24.850000381469727,24.950000762939453,24.299999237060547,24.940000534057617,21.07015037536621,0.2660233497258756,0.5239941892272171,0.1098308563232421,0.10983085632324219
2015-03-31,24.799999237060547,24.850000381469727,24.65999984741211,24.850000381469727,20.994115829467773,-0.2024083010467733,-0.3608638027915112,-0.0760345458984375,-0.0760345458984375
2015-04-01,24.64999961853028,24.950000762939453,24.64999961853028,24.71999931335449,20.88428497314453,0.5445502772123155,-0.5231506638116223,-0.1098308563232421,-0.10983085632324219
2015-04-02,24.65999984741211,24.850000381469727,24.59000015258789,24.690000534057617,20.858943939208984,0.56987090698381,-0.1213402037375632,-0.0253410339355468,-0.025341033935546875
2015-04-06,24.51000022888184,25.190000534057617,24.51000022888184,25.09000015258789,21.196876525878903,-0.0378242075320588,1.620084831019164,0.3379325866699183,0.3379325866699183
2015-04-07,25.11000061035156,25.11000061035156,24.63999938964844,24.63999938964844,20.81670188903809,0.6458327962982936,-1.7935408378525253,-0.3801746368408132,-0.3801746368408132
2015-04-08,24.82999992370605,24.989999771118164,24.600000381469727,24.940000534057617,21.07015037536621,0.5572105920980628,1.2175246956944052,0.2534484863281214,0.25344848632812145
2015-04-09,24.850000381469727,24.850000381469727,24.530000686645508,24.71999931335449,20.88428497314453,-0.1644273563895315,-0.8821266052233767,-0.1858654022216797,-0.1858654022216797
2015-04-10,24.799999237060547,25.11000061035156,24.64999961853028,24.96999931335449,21.095495223999023,-0.1517670415037842,1.011335801661839,0.2112102508544922,0.2112102508544922
2015-04-13,25.09000015258789,25.11000061035156,24.61000061035156,24.61000061035156,20.79135704040528,0.0381376817824247,-1.4417209947635956,-0.3041381835937464,-0.3041381835937429
2015-04-14,24.739999771118164,24.86000061035156,24.600000381469727,24.86000061035156,21.002561569213867,-0.189747986161026,1.015828492570936,0.2112045288085902,0.21120452880858664
2015-04-15,24.729999542236328,24.770000457763672,24.6200008392334,24.690000534057617,20.858943939208984,1.2788485405856571,-0.6838100654131707,-0.1436176300048828,-0.1436176300048828
2015-04-16,24.75,24.89999961853028,24.6299991607666,24.770000457763672,20.926528930664062,0.8357375195845027,0.3240096509777634,0.0675849914550781,0.06758499145507812
2015-04-17,24.940000534057617,24.940000534057617,24.600000381469727,24.64999961853028,20.82514762878418,0.9370200386704808,-0.484463057470208,-0.1013813018798828,-0.10138130187988281
2015-04-20,24.670000076293945,25.90999984741211,24.670000076293945,25.38999938964844,21.450326919555664,1.595356412729339,3.002040138756912,0.6251792907714844,0.6251792907714844
2015-04-21,25.57999992370605,25.700000762939453,25.3700008392334,25.39999961853028,21.45877456665039,-0.2277289308182678,0.0393823699117001,0.0084476470947265,0.008447647094726562
2015-04-22,25.520000457763672,25.520000457763672,25.18000030517578,25.5,21.54325485229492,-0.5062558583047078,0.3936864399322282,0.0844802856445277,0.0844802856445277
2015-04-23,25.31999969482422,26.0,25.13999938964844,25.790000915527344,21.78826141357422,0.7724359451557663,1.137277365742162,0.2450065612793004,0.24500656127930043
2015-04-24,25.8799991607666,26.290000915527344,25.700000762939453,26.01000022888184,21.97412300109864,0.759775630270019,0.8530354212136659,0.1858615875244176,0.18586158752442117
2015-04-27,25.780000686645508,25.96999931335449,25.549999237060547,25.57999992370605,21.610843658447266,-0.1011257819607951,-1.653214294983274,-0.3632793426513707,-0.3632793426513743
2015-04-28,25.989999771118164,25.989999771118164,25.450000762939453,25.64999961853028,21.669979095458984,0.050797996668172,0.2736377993674654,0.0591354370117187,0.05913543701171875
2015-04-29,25.51000022888184,25.89999961853028,25.049999237060547,25.450000762939453,21.669981002807617,0.0254773668966775,8.801801909541496e-06,1.9073486328125e-06,1.9073486328125e-06
2015-04-30,25.229999542236328,25.65999984741211,24.709999084472656,24.940000534057617,21.23573112487793,0.9750009833277226,-2.003923666907803,-0.4342498779296875,-0.4342498779296875
2015-05-01,25.030000686645508,25.809999465942383,25.020000457763672,25.209999084472656,21.46562767028809,0.0128170520109302,1.0825930318021149,0.2298965454101598,0.2298965454101598
2015-05-04,25.01000022888184,25.600000381469727,24.96999931335449,25.100000381469727,21.371967315673828,-0.1264464117322896,-0.4363271181857975,-0.0936603546142613,-0.09366035461426137
2015-05-05,25.100000381469727,25.100000381469727,24.39999961853028,24.600000381469727,20.94622611999512,0.2913439794973701,-1.992054308292324,-0.4257411956787074,-0.4257411956787074
2015-05-06,24.39999961853028,25.38999938964844,24.030000686645508,24.030000686645508,20.46088981628418,0.0254773668966775,-2.3170584568818486,-0.485336303710941,-0.48533630371094105
2015-05-07,24.89999961853028,24.89999961853028,24.020000457763672,24.09000015258789,20.511981964111328,-0.1770876712752787,0.2497063826935042,0.0510921478271484,0.05109214782714844
2015-05-08,24.549999237060547,24.920000076293945,24.229999542236328,24.780000686645508,21.0994930267334,-0.3416717647899932,2.864233517999404,0.5875110626220703,0.5875110626220703
2015-05-11,24.13999938964844,25.290000915527344,24.13999938964844,24.780000686645508,21.0994930267334,-0.3923130243329823,0.0,0.0,0.0
2015-05-12,24.88999938964844,24.88999938964844,24.09000015258789,24.21999931335449,20.622669219970703,-0.0884654670750478,-2.259882766654875,-0.4768238067626953,-0.4768238067626953
2015-05-13,24.350000381469727,24.739999771118164,24.290000915527344,24.549999237060547,20.903654098510746,-0.5568971178476968,1.3625048995497655,0.2809848785400426,0.2809848785400426
2015-05-14,24.96999931335449,24.96999931335449,24.790000915527344,24.959999084472656,21.25275993347168,-0.2530495605897623,1.6700708561083744,0.3491058349609339,0.34910583496093395
2015-05-15,24.989999771118164,24.989999771118164,24.020000457763672,24.190000534057617,20.59712600708008,0.6838137409555355,-3.084935455178306,-0.655633926391598,-0.655633926391598
2015-05-18,24.190000534057617,24.559999465942383,24.1200008392334,24.1200008392334,20.53752326965332,-0.1391067266180369,-0.2893740486234475,-0.0596027374267613,-0.059602737426761365
2015-05-19,24.350000381469727,24.600000381469727,24.13999938964844,24.239999771118164,20.63969993591309,0.3166646092688647,0.4975121143782068,0.1021766662597691,0.10217666625976918
2015-05-20,24.5,24.82999992370605,24.190000534057617,24.3799991607666,20.75890350341797,0.2913439794973701,0.5775450606113841,0.1192035675048792,0.11920356750487926
2015-05-21,24.5,24.739999771118164,24.270000457763672,24.270000457763672,20.66524314880371,-0.4682749136474659,-0.4511816079246999,-0.0936603546142578,-0.09366035461425781
2015-05-22,24.15999984741211,24.690000534057617,23.82999992370605,23.82999992370605,20.29059410095215,0.6458327962982936,-1.812942848791255,-0.3746490478515625,-0.3746490478515625
2015-05-26,23.96999931335449,24.420000076293945,23.799999237060547,23.850000381469727,20.3076229095459,0.6964740558412827,0.0839246426646012,0.01702880859375,0.01702880859375
2015-05-27,23.770000457763672,24.280000686645508,23.770000457763672,24.06999969482422,20.49494361877441,0.4306074432405901,0.9224157355239182,0.187320709228512,0.18732070922851207
2015-05-28,24.07999992370605,24.290000915527344,23.989999771118164,24.030000686645508,20.46088981628418,-0.0631448373035533,-0.1661570928111033,-0.0340538024902308,-0.03405380249023082
2015-05-29,24.06999969482422,24.479999542236328,23.809999465942383,23.809999465942383,20.27356719970703,2.279013416559691,-0.9155154944828658,-0.1873226165771484,-0.18732261657714844
2015-06-01,24.14999961853028,24.3799991607666,23.68000030517578,23.81999969482422,20.28207778930664,0.0634583115539193,0.041978747576965,0.0085105895996093,0.008510589599609375
2015-06-02,23.809999465942383,24.18000030517578,23.51000022888184,23.670000076293945,20.154359817504883,0.1140995710969084,-0.629708519652239,-0.1277179718017578,-0.1277179718017578
2015-06-03,23.790000915527344,24.0,23.709999084472656,23.90999984741211,20.35871124267578,0.2913439794973701,1.0139316109331942,0.2043514251708984,0.20435142517089844
2015-06-04,23.690000534057617,24.51000022888184,23.690000534057617,24.13999938964844,20.55455207824707,-0.1770876712752787,0.9619510451170932,0.195840835571289,0.19584083557128906
2015-06-05,24.270000457763672,24.739999771118164,24.200000762939453,24.39999961853028,20.77593231201172,0.1267598859826556,1.0770374996346144,0.2213802337646484,0.22138023376464844
2015-06-08,24.420000076293945,24.64999961853028,24.06999969482422,24.530000686645508,20.88662910461425,-0.0884654670750478,0.5328126359871455,0.1106967926025355,0.11069679260253196
2015-06-09,24.43000030517578,24.940000534057617,24.43000030517578,24.6200008392334,20.9632568359375,-0.0884654670750478,0.3668745729118905,0.0766277313232457,0.07662773132324929
2015-06-10,24.709999084472656,24.8799991607666,24.450000762939453,24.729999542236328,21.05691909790039,-0.0378242075320588,0.4467925127088268,0.0936622619628906,0.09366226196289062
2015-06-11,24.809999465942383,24.88999938964844,24.64999961853028,24.700000762939453,21.0313777923584,-0.4429542838759714,-0.1212964984252606,-0.0255413055419921,-0.025541305541992188
2015-06-12,24.68000030517578,24.8799991607666,24.40999984741211,24.729999542236328,21.05691909790039,0.1140995710969084,0.1214438055088917,0.0255413055419921,0.025541305541992188
2015-06-15,24.89999961853028,25.34000015258789,24.89999961853028,25.32999992370605,21.567806243896484,0.2786836646116228,2.42621982646567,0.5108871459960938,0.5108871459960938
2015-06-16,25.100000381469727,25.989999771118164,25.0,25.979999542236328,22.121261596679688,1.658657987158075,2.566117974746862,0.5534553527832031,0.5534553527832031
2015-06-17,25.93000030517578,25.93000030517578,25.39999961853028,25.709999084472656,21.8913631439209,-0.3036908201327514,-1.0392646538445849,-0.229898452758789,-0.22989845275878906
2015-06-18,25.780000686645508,25.799999237060547,25.520000457763672,25.790000915527344,21.95948600769043,1.747280191358306,0.3111860294933155,0.0681228637695312,0.06812286376953125
2015-06-19,25.59000015258789,25.950000762939453,25.299999237060547,25.940000534057617,22.087202072143555,2.823406956646824,0.5815986057615241,0.127716064453125,0.127716064453125
2015-06-22,25.950000762939453,26.43000030517578,25.75,26.040000915527344,22.172351837158203,0.759775630270019,0.3855163036790454,0.0851497650146484,0.08514976501464844
2015-06-23,25.88999938964844,26.34000015258789,25.82999992370605,26.25,22.351163864135746,0.4432677581263373,0.8064639614723923,0.1788120269775426,0.17881202697754262
2015-06-24,26.0,26.38999938964844,25.36000061035156,25.920000076293945,22.07017135620117,1.848562710444284,-1.2571717054316478,-0.2809925079345774,-0.2809925079345774
2015-06-25,25.530000686645508,26.36000061035156,25.309999465942383,26.190000534057617,22.3000717163086,0.6964740558412827,1.041679089831038,0.2299003601074289,0.22990036010743253
2015-06-29,26.15999984741211,26.21999931335449,25.13999938964844,25.43000030517578,21.652950286865234,0.4939090176693264,-2.9018804857479763,-0.6471214294433629,-0.6471214294433665
2015-06-30,25.63999938964844,25.88999938964844,25.100000381469727,25.100000381469727,21.371967315673828,0.2786836646116228,-1.297665987631491,-0.2809829711914062,-0.28098297119140625
2015-07-01,25.049999237060547,26.309999465942383,25.049999237060547,25.93000030517578,22.078685760498047,1.4307723192146244,3.306754284178237,0.7067184448242188,0.7067184448242188
2015-07-02,25.790000915527344,26.15999984741211,25.39999961853028,25.63999938964844,21.831756591796875,1.038302557756459,-1.1184051957610852,-0.2469291687011718,-0.24692916870117188
2015-07-06,25.799999237060547,26.1299991607666,25.26000022888184,25.63999938964844,21.831756591796875,0.7850962600415136,0.0,0.0,0.0
2015-07-07,25.63999938964844,25.8799991607666,25.489999771118164,25.64999961853028,21.84027099609375,0.2027217752971392,0.0390000880647223,0.008514404296875,0.008514404296875
2015-07-08,25.420000076293945,26.25,25.25,25.34000015258789,21.57632064819336,-0.3290114499042459,-1.2085488680410594,-0.2639503479003906,-0.2639503479003906
2015-07-09,25.559999465942383,25.559999465942383,25.25,25.309999465942383,21.55077362060547,0.379966183697601,-0.1184030771716804,-0.0255470275878906,-0.025547027587890625
2015-07-10,25.299999237060547,25.88999938964844,25.25,25.43000030517578,21.652950286865234,0.3166646092688647,0.4741206420639576,0.1021766662597656,0.10217666625976562
2015-07-13,25.520000457763672,26.030000686645508,25.489999771118164,26.0,22.13829231262207,0.3166646092688647,2.241459105234478,0.4853420257568359,0.48534202575683594
2015-07-14,25.959999084472656,26.39999961853028,25.700000762939453,26.09000015258789,22.21492385864257,-0.2530495605897623,0.346149309704491,0.0766315460205042,0.07663154602050071
2015-07-15,25.90999984741211,26.39999961853028,25.729999542236328,25.959999084472656,22.104228973388672,-0.2530495605897623,-0.4982906354227157,-0.1106948852539027,-0.11069488525389914
2015-07-16,26.270000457763672,26.39999961853028,25.88999938964844,26.13999938964844,22.257497787475582,-0.3543320796757405,0.6933913608632603,0.1532688140869105,0.1532688140869105
2015-07-17,26.200000762939453,26.39999961853028,26.200000762939453,26.280000686645508,22.37670516967773,0.4939090176693264,0.5355830351659208,0.1192073822021484,0.11920738220214844
2015-07-20,26.39999961853028,26.39999961853028,25.6200008392334,25.700000762939453,21.88284683227539,-0.0631448373035533,-2.207019906002783,-0.4938583374023402,-0.4938583374023402
2015-07-21,25.690000534057617,26.270000457763672,25.549999237060547,25.56999969482422,21.772159576416016,0.2027217752971392,-0.5058174409744542,-0.110687255859375,-0.110687255859375
2015-07-22,25.5,25.82999992370605,25.25,25.350000381469727,21.584836959838867,0.2660233497258756,-0.8603768308774407,-0.1873226165771484,-0.18732261657714844
2015-07-23,25.299999237060547,25.459999084472656,24.51000022888184,24.520000457763672,20.87811088562012,0.5445502772123155,-3.274178422258611,-0.7067260742187464,-0.7067260742187464
2015-07-24,24.61000061035156,25.3700008392334,24.61000061035156,24.770000457763672,21.09098243713379,0.0887789413254138,1.0195920151965687,0.2128715515136683,0.21287155151366832
2015-07-27,24.6299991607666,25.1299991607666,24.6299991607666,24.700000762939453,21.0313777923584,0.5065693325550737,-0.2826072467371099,-0.0596046447753906,-0.059604644775390625
2015-07-28,24.65999984741211,26.059999465942383,24.200000762939453,24.200000762939453,20.60564041137696,-0.0758051521893006,-2.024296197732378,-0.4257373809814417,-0.4257373809814382
2015-07-29,24.239999771118164,24.299999237060547,24.09000015258789,24.25,20.6482162475586,-0.5062558583047078,0.206622241928156,0.0425758361816406,0.042575836181640625
2015-07-30,24.0,24.350000381469727,24.0,24.1200008392334,20.708309173583984,-0.4176336541044768,0.2910320451166903,0.060092926025387,0.06009292602538352
2015-07-31,24.31999969482422,24.43000030517578,24.020000457763672,24.239999771118164,20.811338424682617,0.1647408306398974,0.4975261390730123,0.1030292510986328,0.10302925109863281
2015-08-03,24.239999771118164,24.5,23.57999992370605,23.739999771118164,20.382061004638672,0.6458327962982936,-2.0627093331720303,-0.4292774200439453,-0.4292774200439453
2015-08-04,23.739999771118164,23.850000381469727,23.670000076293945,23.71999931335449,20.364896774291992,-0.3290114499042459,-0.0842124373132469,-0.0171642303466796,-0.017164230346679688
2015-08-05,23.729999542236328,24.170000076293945,23.709999084472656,23.75,20.3906478881836,-0.2150686159325205,0.1264485363074108,0.0257511138916051,0.025751113891608668
2015-08-06,23.75,24.200000762939453,23.75,23.770000457763672,20.40781784057617,-0.2783701903612569,0.0842050359886936,0.017169952392571,0.017169952392567467
2015-08-07,23.75,23.979999542236328,23.540000915527344,23.540000915527344,20.210355758666992,-0.4049733392187296,-0.9675805784417068,-0.1974620819091761,-0.19746208190917613
2015-08-10,23.729999542236328,23.88999938964844,23.520000457763672,23.700000762939453,20.347719192504883,0.4559280730120846,0.6796685594165464,0.1373634338378906,0.13736343383789062
2015-08-11,23.57999992370605,23.76000022888184,23.229999542236328,23.239999771118164,19.95278549194336,-0.189747986161026,-1.9409236820360556,-0.3949337005615234,-0.39493370056152344
2015-08-12,23.14999961853028,23.43000030517578,23.020000457763672,23.31999969482422,20.02147102355957,-0.3416717647899932,0.3442403149372053,0.0686855316162109,0.06868553161621094
2015-08-13,23.280000686645508,23.459999084472656,23.06999969482422,23.1299991607666,19.85834312438965,0.0128170520109302,-0.8147648041343603,-0.1631278991699218,-0.16312789916992188
2015-08-14,23.020000457763672,23.489999771118164,23.020000457763672,23.459999084472656,20.14166641235352,-0.3290114499042459,1.426721686644128,0.2833232879638707,0.28332328796387074
2015-08-17,23.5,24.32999992370605,23.5,24.299999237060547,20.86285400390625,-0.2783701903612569,3.5805755928437266,0.7211875915527308,0.7211875915527308
2015-08-18,23.5,24.25,23.5,24.25,20.81992530822754,-0.379652709447235,-0.2057661702021818,-0.0429286956787109,-0.04292869567871094
2015-08-19,24.14999961853028,24.88999938964844,24.01000022888184,24.1299991607666,20.71689414978028,-0.1517670415037842,-0.4948680503024993,-0.103031158447262,-0.10303115844725852
2015-08-20,23.96999931335449,24.229999542236328,23.549999237060547,23.6299991607666,20.2876205444336,0.3419852390403592,-2.0720944087617155,-0.4292736053466797,-0.4292736053466797
2015-08-21,23.239999771118164,24.170000076293945,23.13999938964844,23.309999465942383,20.012882232666016,0.6711534260697882,-1.3542165339984311,-0.2747383117675817,-0.27473831176758523
2015-08-24,23.25,23.920000076293945,22.01000022888184,22.3700008392334,19.20584297180176,1.0509628726422062,-4.0325988604827945,-0.8070392608642543,-0.8070392608642543
2015-08-25,23.06999969482422,23.229999542236328,22.21999931335449,23.030000686645508,19.77248954772949,0.7850962600415136,2.9503863837670785,0.5666465759277273,0.5666465759277273
2015-08-26,23.39999961853028,23.8700008392334,23.0,23.39999961853028,20.09015464782715,0.2533630348401283,1.6066014314021435,0.3176651000976598,0.3176651000976598
2015-08-27,23.43000030517578,24.68000030517578,23.420000076293945,24.290000915527344,20.85426902770996,0.4812487027835792,3.80342706802137,0.7641143798828125,0.7641143798828125
2015-08-28,24.1299991607666,24.1299991607666,23.290000915527344,23.59000015258789,20.253286361694336,0.190061460411392,-2.881820816721381,-0.600982666015625,-0.600982666015625
2015-08-31,23.5,24.15999984741211,22.350000381469727,23.670000076293945,20.321962356567383,-0.4682749136474659,0.339085685387519,0.0686759948730468,0.06867599487304688
2015-09-01,23.5,24.200000762939453,22.450000762939453,22.600000381469727,19.40330696105957,1.2915088554714045,-4.520505349774617,-0.9186553955078124,-0.9186553955078125
2015-09-02,22.90999984741211,23.96999931335449,22.100000381469727,23.76000022888184,20.399232864379883,-0.050484522417806,5.13276373619731,0.9959259033203124,0.9959259033203125
2015-09-03,23.8700008392334,23.88999938964844,22.64999961853028,22.739999771118164,19.52350616455078,1.418112004328877,-4.292939374981353,-0.8757266998291016,-0.8757266998291016
2015-09-04,22.43000030517578,22.799999237060547,22.280000686645508,22.299999237060547,19.1457462310791,0.3419852390403592,-1.934898016205644,-0.3777599334716797,-0.3777599334716797
2015-09-08,22.770000457763672,23.64999961853028,22.75,23.239999771118164,19.95278549194336,1.1649057066139317,4.215240561134137,0.8070392608642578,0.8070392608642578
2015-09-09,23.280000686645508,23.59000015258789,22.75,22.940000534057617,19.695220947265625,0.658493111184041,-1.2908701132567924,-0.2575645446777344,-0.2575645446777344
2015-09-10,23.0,23.979999542236328,22.799999237060547,23.1299991607666,19.85834312438965,0.4306074432405901,0.8282322780779561,0.1631221771240234,0.16312217712402344
2015-09-11,22.989999771118164,22.989999771118164,22.36000061035156,22.8799991607666,19.643707275390625,0.519229647440821,-1.0808346278165182,-0.2146358489990234,-0.21463584899902344
2015-09-14,22.81999969482422,23.26000022888184,22.559999465942383,23.21999931335449,19.93561744689941,0.8357375195845027,1.4860238315324903,0.2919101715087855,0.2919101715087855
2015-09-15,23.11000061035156,23.71999931335449,23.11000061035156,23.700000762939453,20.347719192504883,0.050797996668172,2.067163190220467,0.4121017456054723,0.4121017456054723
2015-09-16,23.709999084472656,23.709999084472656,22.8700008392334,23.06999969482422,19.806825637817383,0.4306074432405901,-2.658251519839816,-0.5408935546875,-0.5408935546875
2015-09-17,23.21999931335449,23.56999969482422,22.559999465942383,23.200000762939453,19.918441772460938,0.8230772046987554,0.5635235887089696,0.1116161346435546,0.11161613464355469
2015-09-18,22.780000686645508,23.14999961853028,22.530000686645508,23.049999237060547,19.789661407470703,2.203051527245208,-0.6465383510485534,-0.1287803649902343,-0.12878036499023438
2015-09-21,23.0,23.25,22.84000015258789,23.13999938964844,19.86693000793457,0.0381376817824247,0.390449330450382,0.0772686004638671,0.07726860046386719
2015-09-22,22.809999465942383,23.709999084472656,22.770000457763672,23.11000061035156,19.84117317199707,0.4812487027835792,-0.1296467845168458,-0.0257568359375,-0.0257568359375
2015-09-23,23.09000015258789,23.57999992370605,22.90999984741211,23.190000534057617,19.90985870361328,1.3421501150143935,0.3461767659643788,0.0686855316162109,0.06868553161621094
2015-09-24,23.0,23.61000061035156,22.88999938964844,23.51000022888184,20.18459892272949,0.949680353556228,1.3799204866599355,0.2747402191162074,0.2747402191162074
2015-09-25,23.809999465942383,23.809999465942383,22.81999969482422,22.81999969482422,19.592193603515625,1.7219595615868115,-2.93493728303299,-0.5924053192138636,-0.5924053192138636
2015-09-28,22.75,23.540000915527344,22.75,22.799999237060547,19.57501983642578,0.190061460411392,-0.0876561728481606,-0.0171737670898437,-0.01717376708984375
2015-09-29,22.82999992370605,23.040000915527344,22.799999237060547,22.8700008392334,19.635120391845703,0.2786836646116228,0.3070267919120351,0.0601005554199218,0.060100555419921875
2015-09-30,23.0,23.170000076293945,22.780000686645508,22.93000030517578,19.686634063720703,0.6458327962982936,0.2623547543736615,0.051513671875,0.051513671875
2015-10-01,22.959999084472656,23.459999084472656,22.799999237060547,23.01000022888184,19.75531768798828,1.645997672272328,0.348884547989603,0.0686836242675781,0.06868362426757812
2015-10-02,23.020000457763672,23.299999237060547,22.75,22.88999938964844,19.652286529541016,0.8737184642417445,-0.521536327962524,-0.1030311584472656,-0.10303115844726562
2015-10-05,23.13999938964844,23.75,22.76000022888184,23.6299991607666,20.2876205444336,0.6964740558412827,3.232875797620593,0.6353340148925817,0.6353340148925852
2015-10-06,23.40999984741211,23.690000534057617,23.040000915527344,23.209999084472656,19.92702865600586,0.8230772046987554,-1.7773986241411357,-0.3605918884277379,-0.3605918884277415
2015-10-07,23.32999992370605,23.68000030517578,22.76000022888184,23.549999237060547,20.21893119812012,4.114759074993045,1.464857341018,0.2919025421142613,0.29190254211426137
2015-10-08,23.36000061035156,23.729999542236328,23.11000061035156,23.729999542236328,20.37347221374512,0.3419852390403592,0.7643382041844449,0.154541015625,0.154541015625
2015-10-09,23.75,23.75,23.3700008392334,23.709999084472656,20.35630226135254,-0.5568971178476968,-0.0842760242949491,-0.0171699523925816,-0.017169952392581678
2015-10-12,23.739999771118164,24.059999465942383,23.34000015258789,24.040000915527344,20.63962745666504,0.4432677581263373,1.391830361304902,0.2833251953125,0.2833251953125
2015-10-13,24.049999237060547,24.049999237060547,23.38999938964844,23.6200008392334,20.279035568237305,0.0634583115539193,-1.7470852571580209,-0.3605918884277344,-0.3605918884277344
2015-10-14,23.709999084472656,23.850000381469727,23.520000457763672,23.56999969482422,20.2361068725586,1.2028866512711736,-0.2116900260579757,-0.0429286956787073,-0.04292869567870383
2015-10-15,23.670000076293945,23.88999938964844,23.299999237060547,23.82999992370605,20.45933151245117,0.3546455539261064,1.103100716448968,0.223224639892571,0.22322463989256747
2015-10-16,23.88999938964844,23.89999961853028,23.549999237060547,23.89999961853028,20.519433975219727,0.3419852390403592,0.2937655256819216,0.0601024627685582,0.06010246276855824
2015-10-19,23.89999961853028,23.89999961853028,23.88999938964844,23.89999961853028,20.519433975219727,-0.189747986161026,0.0,0.0,0.0
2015-10-20,23.89999961853028,24.15999984741211,23.81999969482422,24.15999984741211,20.74265480041504,-0.1770876712752787,1.087850792886802,0.2232208251953125,0.2232208251953125
2015-10-21,24.059999465942383,24.14999961853028,23.780000686645508,23.950000762939453,20.56235885620117,-0.1011257819607951,-0.8692038022551585,-0.1802959442138707,-0.18029594421387074
2015-10-22,24.040000915527344,25.39999961853028,24.040000915527344,25.39999961853028,21.80726432800293,0.0001567371251829,6.054293092090091,1.2449054718017614,1.2449054718017614
2015-10-23,25.39999961853028,25.450000762939453,25.01000022888184,25.290000915527344,21.71282196044922,-0.189747986161026,-0.4330775567865985,-0.0944423675537109,-0.09444236755371094
2015-10-26,25.479999542236328,25.5,24.809999465942383,25.25,21.678476333618164,0.5572105920980628,-0.1581813128372577,-0.0343456268310546,-0.03434562683105469
2015-10-27,25.030000686645508,25.270000457763672,24.059999465942383,24.14999961853028,20.73406982421875,0.3166646092688647,-4.356424754514987,-0.944406509399414,-0.9444065093994141
2015-10-28,24.049999237060547,25.979999542236328,24.049999237060547,25.8799991607666,22.40491485595703,1.088943817299448,8.058451842322945,1.6708450317382812,1.6708450317382812
2015-10-29,25.6200008392334,25.989999771118164,24.299999237060547,24.59000015258789,21.288135528564453,1.177566021499679,-4.984528325916172,-1.116779327392578,-1.1167793273925781
2015-10-30,24.82999992370605,25.13999938964844,24.59000015258789,25.0,21.6430778503418,-0.0758051521893006,1.66732460576966,0.3549423217773473,0.3549423217773473
2015-11-02,25.1200008392334,25.989999771118164,25.01000022888184,25.86000061035156,22.387603759765625,0.6331724814125463,3.440018626611674,0.7445259094238246,0.7445259094238246
2015-11-03,24.89999961853028,25.5,24.89999961853028,25.0,21.6430778503418,0.8863787791274917,-3.325616789599728,-0.7445259094238246,-0.7445259094238246
2015-11-04,24.84000015258789,25.450000762939453,24.790000915527344,25.34000015258789,21.937423706054688,0.7344550004985245,1.359999985899596,0.2943458557128871,0.2943458557128871
2015-11-05,25.32999992370605,25.40999984741211,24.31999969482422,25.239999771118164,21.85085105895996,0.3040042943831174,-0.3946345216044311,-0.0865726470947265,-0.08657264709472656
2015-11-06,25.15999984741211,25.489999771118164,24.0,25.489999771118164,22.067283630371094,0.8357375195845027,0.9904995042395948,0.2164325714111328,0.2164325714111328
2015-11-09,25.459999084472656,25.459999084472656,24.86000061035156,25.26000022888184,21.868167877197266,0.5318899623265683,-0.9023120222181992,-0.1991157531738281,-0.19911575317382812
2015-11-10,25.15999984741211,25.739999771118164,25.15999984741211,25.700000762939453,22.24908447265625,-0.189747986161026,1.7418770406284478,0.3809165954589844,0.3809165954589844
2015-11-11,25.64999961853028,25.64999961853028,24.700000762939453,25.020000457763672,21.6603946685791,0.1647408306398974,-2.6459057441246103,-0.5886898040771484,-0.5886898040771484
2015-11-12,24.850000381469727,25.38999938964844,24.600000381469727,24.76000022888184,21.435306549072266,0.2153820901828865,-1.039169059247813,-0.2250881195068359,-0.22508811950683594
2015-11-13,24.6200008392334,25.690000534057617,24.209999084472656,24.6299991607666,21.3227596282959,0.2533630348401283,-0.5250539362183226,-0.1125469207763671,-0.11254692077636719
2015-11-16,24.6299991607666,25.239999771118164,24.6299991607666,25.049999237060547,21.68636512756348,-0.2277289308182678,1.7052459700622746,0.3636054992675817,0.3636054992675817
2015-11-17,25.75,25.75,24.229999542236328,24.32999992370605,21.06304359436035,-0.2657098754755096,-2.8742554574573864,-0.6233215332031286,-0.6233215332031286
2015-11-18,24.61000061035156,25.489999771118164,24.61000061035156,25.34000015258789,21.937423706054688,-0.0631448373035533,4.15125244258836,0.8743801116943359,0.8743801116943359
2015-11-19,25.14999961853028,25.459999084472656,25.14999961853028,25.459999084472656,22.04130744934082,-0.3923130243329823,0.4735457758308303,0.1038837432861328,0.10388374328613281
2015-11-20,25.489999771118164,26.3700008392334,25.489999771118164,26.299999237060547,22.768516540527344,0.9116994088989864,3.2993010639587705,0.7272090911865234,0.7272090911865234
2015-11-23,26.15999984741211,26.39999961853028,25.489999771118164,25.989999771118164,22.50014305114746,3.3171592371909675,-1.1787043257833083,-0.2683734893798828,-0.2683734893798828
2015-11-24,25.600000381469727,26.0,25.520000457763672,25.790000915527344,22.327003479003903,0.2786836646116228,-0.769504317150238,-0.1731395721435582,-0.17313957214355824
2015-11-25,25.57999992370605,26.100000381469727,25.209999084472656,25.799999237060547,22.335657119750977,1.0636231875279536,0.0387586303518538,0.0086536407470738,0.008653640747073865
2015-11-27,25.450000762939453,25.90999984741211,25.0,25.790000915527344,22.327003479003903,-0.1137860968465424,-0.0387436138577834,-0.0086536407470738,-0.008653640747073865
2015-11-30,25.950000762939453,26.40999984741211,25.1200008392334,25.34000015258789,21.937423706054688,1.316829485242899,-1.7448815884118618,-0.3895797729492152,-0.3895797729492152
2015-12-01,26.07999992370605,26.07999992370605,25.34000015258789,25.6200008392334,22.17983055114746,0.3419852390403592,1.1049923105869164,0.2424068450927734,0.24240684509277344
2015-12-02,25.600000381469727,25.790000915527344,24.799999237060547,24.93000030517578,21.58247947692871,0.3673058688118537,-2.693217483520616,-0.59735107421875,-0.59735107421875
2015-12-03,24.93000030517578,25.3700008392334,24.5,24.549999237060547,21.25350379943848,0.70913437072703,-1.5242719347510536,-0.3289756774902308,-0.3289756774902308
2015-12-04,24.540000915527344,25.43000030517578,24.540000915527344,24.68000030517578,21.36604881286621,0.4812487027835792,0.5295362801812642,0.1125450134277308,0.11254501342773082
2015-12-07,24.5,25.309999465942383,24.5,24.51000022888184,21.21887588500977,1.4434326341003716,-0.6888167725602967,-0.1471729278564417,-0.14717292785644176
2015-12-08,24.5,24.700000762939453,24.5,24.540000915527344,21.244844436645508,-0.3543320796757405,0.122384200635639,0.0259685516357386,0.025968551635738635
2015-12-09,24.799999237060547,25.0,24.5,24.63999938964844,21.3314151763916,0.56987090698381,0.4074905796757289,0.0865707397460937,0.08657073974609375
2015-12-10,24.549999237060547,24.71999931335449,24.350000381469727,24.350000381469727,21.080358505249023,0.2027217752971392,-1.1769339683587066,-0.2510566711425781,-0.2510566711425781
2015-12-11,24.0,24.82999992370605,24.0,24.1299991607666,20.889896392822266,0.3419852390403592,-0.9035050916203936,-0.1904621124267578,-0.1904621124267578
2015-12-14,24.030000686645508,24.26000022888184,24.0,24.049999237060547,20.82064437866211,0.2913439794973701,-0.3315096104734683,-0.0692520141601562,-0.06925201416015625
2015-12-15,24.1299991607666,24.38999938964844,24.049999237060547,24.229999542236328,20.97647285461425,-0.3669923945614878,0.74843253224115,0.1558284759521448,0.15582847595214133
2015-12-16,24.31999969482422,24.5,24.209999084472656,24.489999771118164,21.201557159423828,-0.1517670415037842,1.0730321840550117,0.2250843048095738,0.22508430480957742
2015-12-17,24.5,24.5,24.239999771118164,24.239999771118164,20.98512840270996,-0.2277289308182678,-1.0208153820327692,-0.2164287567138672,-0.2164287567138672
2015-12-18,24.100000381469727,24.5,24.040000915527344,24.32999992370605,21.06304359436035,3.937514666592584,0.3712876574075707,0.0779151916503906,0.07791519165039062
2015-12-21,24.26000022888184,24.3799991607666,24.100000381469727,24.3799991607666,21.1063289642334,-0.2910305052470042,0.205503870697199,0.0432853698730468,0.043285369873046875
2015-12-22,24.3799991607666,24.709999084472656,24.309999465942383,24.709999084472656,21.392019271850582,0.0001567371251829,1.3535764940521444,0.2856903076171839,0.28569030761718395
2015-12-23,24.559999465942383,24.989999771118164,24.11000061035156,24.76000022888184,21.435306549072266,0.5951915367553046,0.2023524599131354,0.0432872772216832,0.04328727722168324
2015-12-24,24.770000457763672,24.959999084472656,24.670000076293945,24.8700008392334,21.530536651611328,-0.4049733392187296,0.4442675094058046,0.0952301025390625,0.0952301025390625
2015-12-28,24.71999931335449,24.71999931335449,24.0,24.200000762939453,20.950502395629883,-0.2277289308182678,-2.6940074247431056,-0.5800342559814453,-0.5800342559814453
2015-12-29,24.299999237060547,24.71999931335449,24.299999237060547,24.71999931335449,21.40067481994629,-0.4302939689902241,2.148742859790831,0.4501724243164062,0.45017242431640625
2015-12-30,24.489999771118164,24.51000022888184,24.209999084472656,24.209999084472656,20.959157943725582,-0.3669923945614878,-2.0630979160021434,-0.4415168762207067,-0.4415168762207067
2015-12-31,24.25,24.86000061035156,24.170000076293945,24.290000915527344,21.02841758728028,0.1394202008684029,0.3304505063641105,0.0692596435546946,0.06925964355469816
2016-01-04,24.0,24.06999969482422,23.229999542236328,23.309999465942383,20.180004119873047,1.2535279108141626,-4.03460442939092,-0.8484134674072301,-0.8484134674072337
2016-01-05,23.450000762939453,23.96999931335449,23.100000381469727,23.440000534057617,20.29254722595215,0.050797996668172,0.5576961501621902,0.1125431060791015,0.11254310607910156
2016-01-06,23.09000015258789,23.979999542236328,23.030000686645508,23.61000061035156,20.43972396850586,1.1142644470709426,0.7252748554182897,0.1471767425537109,0.14717674255371094
2016-01-07,23.14999961853028,23.450000762939453,23.14999961853028,23.18000030517578,20.067461013793945,1.177566021499679,-1.82127192757352,-0.372262954711914,-0.37226295471191406
2016-01-08,23.229999542236328,23.420000076293945,23.07999992370605,23.07999992370605,19.980886459350582,0.3546455539261064,-0.431417578854909,-0.0865745544433629,-0.08657455444336293
2016-01-11,23.01000022888184,23.39999961853028,23.01000022888184,23.100000381469727,19.99820327758789,-0.0125035777605642,0.0866669167683742,0.0173168182373082,0.01731681823730824
2016-01-12,23.100000381469727,23.15999984741211,22.850000381469727,23.15999984741211,20.05014610290528,1.0509628726422062,0.2597374603927393,0.0519428253173863,0.05194282531738992
2016-01-13,23.200000762939453,23.239999771118164,22.540000915527344,22.59000015258789,19.556684494018555,0.5445502772123155,-2.461137222412657,-0.4934616088867223,-0.49346160888672586
2016-01-14,22.75,23.959999084472656,22.75,23.670000076293945,20.49166679382324,1.3927913745573826,4.780883488152865,0.934982299804684,0.934982299804684
2016-01-15,23.39999961853028,23.600000381469727,23.01000022888184,23.39999961853028,20.257923126220703,0.70913437072703,-1.140676695333498,-0.2337436676025355,-0.2337436676025355
2016-01-19,23.600000381469727,23.600000381469727,23.01000022888184,23.11000061035156,20.00686264038086,0.1394202008684029,-1.2393199652085074,-0.2510604858398437,-0.25106048583984375
2016-01-20,23.0,24.0,23.0,23.920000076293945,20.70809555053711,0.98766129821347,3.504961886132585,0.70123291015625,0.70123291015625
2016-01-21,24.0,24.0,23.5,23.700000762939453,20.517637252807617,0.1520805157541502,-0.9197286986854404,-0.1904582977294922,-0.1904582977294922
2016-01-22,23.709999084472656,23.989999771118164,23.520000457763672,23.90999984741211,20.699438095092773,0.2280424050686338,0.8860710424163365,0.1818008422851562,0.18180084228515625
2016-01-25,23.71999931335449,23.989999771118164,23.700000762939453,23.729999542236328,20.543607711791992,0.0634583115539193,-0.752824219599102,-0.1558303833007812,-0.15583038330078125
2016-01-26,23.770000457763672,24.459999084472656,23.770000457763672,24.020000457763672,20.7946720123291,0.2913439794973701,1.222104238258992,0.2510643005371094,0.2510643005371094
2016-01-27,23.88999938964844,23.93000030517578,23.700000762939453,23.700000762939453,20.68990898132324,0.190061460411392,-0.5037974676578183,-0.1047630310058629,-0.10476303100586293
2016-01-28,24.0,24.0,23.709999084472656,23.979999542236328,20.934350967407227,-0.2150686159325205,1.1814551059873946,0.2444419860839879,0.24444198608398793
2016-01-29,23.89999961853028,24.979999542236328,23.89999961853028,24.979999542236328,21.807342529296875,1.835902395558537,4.170139132800488,0.8729915618896484,0.8729915618896484
2016-02-01,24.56999969482422,24.59000015258789,23.76000022888184,24.290000915527344,21.20497703552246,0.0887789413254138,-2.762214116484718,-0.6023654937744141,-0.6023654937744141
2016-02-02,24.229999542236328,24.290000915527344,23.780000686645508,23.780000686645508,20.75975227355957,0.0381376817824247,-2.099623881775736,-0.4452247619628906,-0.4452247619628906
2016-02-03,23.920000076293945,24.239999771118164,23.700000762939453,23.709999084472656,20.698638916015625,0.2913439794973701,-0.2943838478351335,-0.0611133575439453,-0.06111335754394531
2016-02-04,23.700000762939453,24.020000457763672,23.700000762939453,23.84000015258789,20.812131881713867,-0.2150686159325205,0.5483112496369458,0.1134929656982421,0.11349296569824219
2016-02-05,23.86000061035156,23.979999542236328,23.489999771118164,23.489999771118164,20.506580352783203,1.595356412729339,-1.468141421874858,-0.305551528930664,-0.30555152893066406
2016-02-08,23.46999931335449,23.799999237060547,23.26000022888184,23.68000030517578,20.67245483398437,0.0128170520109302,0.8088841647293732,0.1658744812011683,0.16587448120116832
2016-02-09,23.270000457763672,23.739999771118164,23.270000457763672,23.309999465942383,20.349443435668945,-0.3163511350184987,-1.5625207596749124,-0.3230113983154261,-0.32301139831542613
2016-02-10,23.51000022888184,23.799999237060547,23.5,23.56999969482422,20.5764217376709,-0.3416717647899932,1.115402997234316,0.2269783020019531,0.22697830200195312
2016-02-11,23.229999542236328,23.540000915527344,23.01000022888184,23.239999771118164,20.288333892822266,-0.379652709447235,-1.4000871897041578,-0.2880878448486328,-0.2880878448486328
2016-02-12,23.420000076293945,23.739999771118164,23.420000076293945,23.739999771118164,20.724830627441406,-0.4429542838759714,2.1514666355800127,0.4364967346191406,0.4364967346191406
2016-02-16,23.940000534057617,24.290000915527344,23.690000534057617,24.280000686645508,21.19624710083008,0.0761186264396665,2.274645722626456,0.4714164733886754,0.4714164733886754
2016-02-17,24.280000686645508,24.280000686645508,23.71999931335449,24.25,21.17005920410156,0.4432677581263373,-0.1235496859606666,-0.0261878967285227,-0.02618789672852273
2016-02-18,24.26000022888184,24.3700008392334,23.530000686645508,23.81999969482422,20.79467010498047,-0.2150686159325205,-1.773207601839677,-0.3753890991210902,-0.3753890991210902
2016-02-19,24.030000686645508,24.309999465942383,23.57999992370605,23.6299991607666,20.62879943847656,0.0381376817824247,-0.7976595236496853,-0.1658706665039098,-0.1658706665039098
2016-02-22,24.209999084472656,24.39999961853028,24.0,24.36000061035156,21.26608657836914,0.0634583115539193,3.0893079444261007,0.6372871398925817,0.6372871398925817
2016-02-23,24.21999931335449,24.350000381469727,23.709999084472656,23.739999771118164,20.724830627441406,-0.0758051521893006,-2.545160102368216,-0.5412559509277344,-0.5412559509277344
2016-02-24,23.5,24.040000915527344,23.5,23.88999938964844,20.85577964782715,-0.379652709447235,0.6318460340628995,0.1309490203857422,0.1309490203857422
2016-02-25,23.8700008392334,24.049999237060547,23.6299991607666,23.959999084472656,20.916887283325195,-0.5948780625049386,0.2930009643845377,0.0611076354980468,0.061107635498046875
2016-02-26,23.5,23.959999084472656,23.5,23.64999961853028,20.64626121520996,0.1394202008684029,-1.2938161613127552,-0.2706260681152344,-0.2706260681152344
2016-02-29,23.5,23.93000030517578,23.40999984741211,23.40999984741211,20.436744689941406,0.5445502772123155,-1.014791603596521,-0.2095165252685547,-0.2095165252685547
2016-03-01,23.549999237060547,23.809999465942383,23.420000076293945,23.799999237060547,20.777210235595703,-0.3163511350184987,1.6659480304701768,0.3404655456542969,0.3404655456542969
2016-03-02,23.709999084472656,23.959999084472656,23.549999237060547,23.93000030517578,20.890701293945312,-0.0631448373035533,0.546228569970264,0.1134910583496093,0.11349105834960938
2016-03-03,23.64999961853028,24.0,23.64999961853028,23.989999771118164,20.94308090209961,0.3293249241546119,0.250731688789596,0.0523796081542968,0.052379608154296875
2016-03-04,24.0,24.200000762939453,23.86000061035156,24.170000076293945,21.100217819213867,-0.2783701903612569,0.7503046846297767,0.1571369171142578,0.1571369171142578
2016-03-07,24.170000076293945,24.229999542236328,23.96999931335449,24.229999542236328,21.152597427368164,-0.4049733392187296,0.2482420257605033,0.0523796081542968,0.052379608154296875
2016-03-08,24.14999961853028,24.299999237060547,24.06999969482422,24.09000015258789,21.03038024902344,0.2913439794973701,-0.5777880412293657,-0.122217178344723,-0.12221717834472301
2016-03-09,24.170000076293945,24.25,24.11000061035156,24.229999542236328,21.152597427368164,-0.379652709447235,0.5811458323507823,0.122217178344723,0.12221717834472301
2016-03-10,24.21999931335449,24.270000457763672,24.020000457763672,24.049999237060547,20.99545860290528,-0.4176336541044768,-0.7428819321242064,-0.157138824462887,-0.15713882446288352
2016-03-11,24.049999237060547,24.290000915527344,23.82999992370605,24.280000686645508,21.19624710083008,0.2786836646116228,0.9563425201725372,0.2007884979248047,0.20078849792480113
2016-03-14,24.280000686645508,24.290000915527344,24.06999969482422,24.1299991607666,21.065296173095703,-0.6075383773906858,-0.6178024209259725,-0.1309509277343785,-0.13095092773437855
2016-03-15,23.8799991607666,24.020000457763672,23.8799991607666,24.020000457763672,20.96927070617676,-0.4809352285332132,-0.4558467449490844,-0.0960254669189417,-0.09602546691894176
2016-03-16,24.030000686645508,24.25,23.90999984741211,24.239999771118164,21.161327362060547,-0.379652709447235,0.915895734166905,0.1920566558837855,0.1920566558837855
2016-03-17,24.0,24.299999237060547,24.0,24.14999961853028,21.0827579498291,-0.4429542838759714,-0.3712877310915297,-0.0785694122314453,-0.07856941223144531
2016-03-18,24.350000381469727,24.989999771118164,24.25,24.989999771118164,21.81606674194336,5.494733397539497,3.478239392869376,0.7333087921142578,0.7333087921142578
2016-03-21,25.0,25.200000762939453,24.71999931335449,24.82999992370605,21.6763916015625,0.7344550004985245,-0.640239792227626,-0.1396751403808593,-0.13967514038085938
2016-03-22,24.850000381469727,25.0,24.670000076293945,24.96999931335449,21.79861068725586,-0.2783701903612569,0.5638350143321258,0.1222190856933593,0.12221908569335938
2016-03-23,24.709999084472656,24.709999084472656,24.5,24.51000022888184,21.39703750610352,0.0254773668966775,-1.842196215684111,-0.4015731811523402,-0.4015731811523402
2016-03-24,24.5,24.770000457763672,24.229999542236328,24.229999542236328,21.152597427368164,-0.3923130243329823,-1.1424015061226478,-0.2444400787353551,-0.24444007873535512
2016-03-28,24.14999961853028,24.57999992370605,24.01000022888184,24.51000022888184,21.39703750610352,-0.0758051521893006,1.1556031337271566,0.2444400787353551,0.24444007873535512
2016-03-29,24.39999961853028,24.979999542236328,24.3700008392334,24.799999237060547,21.65020179748535,0.0128170520109302,1.1831744993185067,0.2531642913818324,0.2531642913818324
2016-03-30,24.88999938964844,24.89999961853028,24.36000061035156,24.790000915527344,21.6414737701416,0.0128170520109302,-0.0403138382976342,-0.00872802734375,-0.00872802734375
2016-03-31,24.86000061035156,24.88999938964844,24.6299991607666,24.76000022888184,21.615283966064453,0.1774011455256447,-0.1210167309089738,-0.0261898040771484,-0.026189804077148438
2016-04-01,24.780000686645508,24.799999237060547,24.170000076293945,24.170000076293945,21.100217819213867,0.519229647440821,-2.38287939061651,-0.5150661468505859,-0.5150661468505859
2016-04-04,24.21999931335449,24.299999237060547,24.01000022888184,24.09000015258789,21.03038024902344,0.0001567371251829,-0.3309803282069978,-0.0698375701904261,-0.06983757019042613
2016-04-05,24.049999237060547,24.1299991607666,24.0,24.1299991607666,21.065296173095703,0.190061460411392,0.1660261186855249,0.034915924072262,0.03491592407226207
2016-04-06,24.14999961853028,24.14999961853028,24.0,24.13999938964844,21.07402801513672,-0.2150686159325205,0.0414513139016081,0.0087318420410156,0.008731842041015625
2016-04-07,24.1299991607666,24.14999961853028,24.0,24.01000022888184,20.96053695678711,-0.0631448373035533,-0.5385351972963748,-0.1134910583496093,-0.11349105834960938
2016-04-08,24.190000534057617,24.190000534057617,24.049999237060547,24.13999938964844,21.07402801513672,-0.2277289308182678,0.5414511020571,0.1134910583496093,0.11349105834960938
2016-04-11,24.200000762939453,24.26000022888184,24.11000061035156,24.229999542236328,21.152597427368164,0.4432677581263373,0.3728257937922974,0.0785694122314453,0.07856941223144531
2016-04-12,24.209999084472656,24.46999931335449,24.170000076293945,24.39999961853028,21.30100440979004,-0.2783701903612569,0.7016016965834204,0.148406982421875,0.148406982421875
2016-04-13,24.450000762939453,24.979999542236328,24.280000686645508,24.96999931335449,21.79861068725586,1.1395850768424372,2.33606954814356,0.4976062774658203,0.4976062774658203
2016-04-14,25.0,25.34000015258789,24.84000015258789,25.040000915527344,21.85972213745117,0.050797996668172,0.2803456195996867,0.0611114501953089,0.06111145019530895
2016-04-15,24.96999931335449,25.200000762939453,24.88999938964844,25.049999237060547,21.86844825744629,0.3546455539261064,0.039918714154985,0.0087261199951207,0.00872611999512074
2016-04-18,24.64999961853028,25.34000015258789,24.64999961853028,25.190000534057617,21.990673065185547,-0.3543320796757405,0.5589093761951824,0.1222248077392578,0.12222480773925781
2016-04-19,24.81999969482422,25.36000061035156,24.81999969482422,25.36000061035156,22.13907814025879,-0.3290114499042459,0.6748546287479895,0.1484050750732422,0.1484050750732422
2016-04-20,25.020000457763672,25.520000457763672,25.020000457763672,25.3799991607666,22.15653610229492,-0.4809352285332132,0.0788558671030781,0.0174579620361292,0.01745796203612926
2016-04-21,25.5,25.71999931335449,25.32999992370605,25.520000457763672,22.278759002685547,0.56987090698381,0.5516336119794962,0.1222229003906285,0.12222290039062855
2016-04-22,25.420000076293945,25.76000022888184,25.32999992370605,25.6299991607666,22.37478446960449,0.2913439794973701,0.4310180244212258,0.0960254669189417,0.09602546691894176
2016-04-25,25.11000061035156,25.76000022888184,25.11000061035156,25.64999961853028,22.39224433898925,0.4939090176693264,0.0780336874685261,0.0174598693847656,0.017459869384762072
2016-04-26,25.63999938964844,26.01000022888184,25.59000015258789,25.88999938964844,22.601762771606445,0.56987090698381,0.935674108612594,0.209518432617191,0.2095184326171946
2016-04-27,25.6299991607666,25.850000381469727,25.61000061035156,25.71999931335449,22.6369686126709,-0.3290114499042459,0.155765908262162,0.0352058410644531,0.035205841064453125
2016-04-28,25.049999237060547,26.0,25.049999237060547,25.81999969482422,22.724985122680664,-0.2150686159325205,0.3888175643822711,0.0880165100097656,0.08801651000976562
2016-04-29,25.200000762939453,25.790000915527344,25.200000762939453,25.790000915527344,22.698579788208008,-0.189747986161026,-0.1161951672580041,-0.0264053344726562,-0.02640533447265625
2016-05-02,25.549999237060547,25.850000381469727,25.549999237060547,25.780000686645508,22.68977737426757,-0.0884654670750478,-0.0387795801436219,-0.0088024139404332,-0.008802413940436793
2016-05-03,25.64999961853028,25.65999984741211,25.39999961853028,25.39999961853028,22.355329513549805,0.0381376817824247,-1.4740023897152343,-0.3344478607177699,-0.33444786071776633
2016-05-04,25.780000686645508,25.780000686645508,25.11000061035156,25.200000762939453,22.17930221557617,0.0001567371251829,-0.7874064118220447,-0.1760272979736363,-0.17602729797363637
2016-05-05,25.25,25.25,24.670000076293945,24.76000022888184,21.79204559326172,1.228207281042668,-1.7460270776349596,-0.3872566223144496,-0.3872566223144496
2016-05-06,24.770000457763672,25.200000762939453,24.729999542236328,25.190000534057617,22.17050170898437,0.8737184642417445,1.7366709063773025,0.3784561157226527,0.3784561157226527
2016-05-09,25.030000686645508,25.770000457763672,25.030000686645508,25.739999771118164,22.65457344055176,-0.3416717647899932,2.183404498109409,0.4840717315673899,0.4840717315673899
2016-05-10,25.63999938964844,25.690000534057617,25.229999542236328,25.479999542236328,22.425737380981445,-0.1137860968465424,-1.0101097695386252,-0.228836059570316,-0.22883605957031605
2016-05-11,25.299999237060547,25.5,25.209999084472656,25.26000022888184,22.23210906982422,-0.3669923945614878,-0.8634200421941851,-0.1936283111572265,-0.19362831115722656
2016-05-12,25.270000457763672,25.440000534057617,25.21999931335449,25.239999771118164,22.214508056640625,-0.4935955434189604,-0.0791693362438783,-0.0176010131835937,-0.01760101318359375
2016-05-13,25.200000762939453,25.21999931335449,24.76000022888184,24.799999237060547,21.82724952697754,-0.3669923945614878,-1.743268537280629,-0.3872585296630859,-0.38725852966308594
2016-05-16,24.8700008392334,25.43000030517578,24.799999237060547,25.190000534057617,22.17050170898437,-0.189747986161026,1.5725855957370527,0.3432521820068324,0.3432521820068324
2016-05-17,25.0,25.39999961853028,24.39999961853028,24.39999961853028,21.475196838378903,0.5572105920980628,-3.136171114809294,-0.6953048706054688,-0.6953048706054688
2016-05-18,24.420000076293945,24.790000915527344,24.420000076293945,24.690000534057617,21.73043632507324,-0.0251638926463115,1.1885315353114212,0.2552394866943359,0.25523948669433594
2016-05-19,24.5,24.520000457763672,24.209999084472656,24.209999084472656,21.307973861694336,-0.0378242075320588,-1.9441048355363757,-0.4224624633789027,-0.4224624633789027
2016-05-20,24.36000061035156,24.729999542236328,24.36000061035156,24.549999237060547,21.607213973999023,-0.050484522417806,1.4043574215314658,0.2992401123046875,0.2992401123046875
2016-05-23,24.420000076293945,24.71999931335449,24.38999938964844,24.38999938964844,21.466392517089844,-0.4935955434189604,-0.6517335232512522,-0.1408214569091797,-0.1408214569091797
2016-05-24,24.56999969482422,24.809999465942383,24.56999969482422,24.790000915527344,21.818452835083008,0.0887789413254138,1.6400534822648138,0.352060317993164,0.35206031799316406
2016-05-25,24.799999237060547,24.96999931335449,24.780000686645508,24.96999931335449,21.97687339782715,-0.2277289308182678,0.7260852267646056,0.1584205627441406,0.15842056274414062
2016-05-26,24.709999084472656,24.709999084472656,24.709999084472656,24.709999084472656,21.748035430908203,-0.7214812113624113,-1.0412671665186446,-0.2288379669189453,-0.2288379669189453
2016-05-27,24.700000762939453,25.18000030517578,24.700000762939453,25.18000030517578,22.161699295043945,-0.0125035777605642,1.9020746285333123,0.4136638641357422,0.4136638641357422
2016-05-31,25.030000686645508,25.290000915527344,25.030000686645508,25.15999984741211,22.14409446716309,-0.4682749136474659,-0.0794380775881786,-0.0176048278808558,-0.017604827880855822
2016-06-01,25.020000457763672,25.39999961853028,24.790000915527344,25.059999465942383,22.05608558654785,-0.3163511350184987,-0.3974372523823155,-0.0880088806152379,-0.08800888061523793
2016-06-02,24.790000915527344,25.26000022888184,24.780000686645508,25.030000686645508,22.02967834472656,-0.2403892457040151,-0.1197276901999222,-0.0264072418212926,-0.026407241821292615
2016-06-03,24.950000762939453,25.280000686645508,24.709999084472656,24.93000030517578,21.94166755676269,0.759775630270019,-0.3995100908267934,-0.0880107879638671,-0.08801078796386719
2016-06-06,24.780000686645508,25.56999969482422,24.780000686645508,25.440000534057617,22.39052963256836,0.4052868134690955,2.0457063012392807,0.4488620758056676,0.4488620758056676
2016-06-07,25.39999961853028,25.549999237060547,24.86000061035156,25.06999969482422,22.06488037109375,0.8230772046987554,-1.4544062459377116,-0.3256492614746094,-0.3256492614746094
2016-06-08,25.01000022888184,25.670000076293945,25.01000022888184,25.64999961853028,22.57535552978516,-0.2403892457040151,2.313518814088656,0.5104751586914098,0.5104751586914098
2016-06-09,25.5,25.6200008392334,24.89999961853028,25.049999237060547,22.04728126525879,0.4052868134690955,-2.3391625608272126,-0.5280742645263707,-0.5280742645263707
2016-06-10,24.8700008392334,25.07999992370605,24.809999465942383,25.040000915527344,22.038476943969727,-0.0251638926463115,-0.0399338185199993,-0.0088043212890625,-0.0088043212890625
2016-06-13,25.020000457763672,25.1299991607666,24.75,24.770000457763672,21.80084609985352,0.0634583115539193,-1.0782543853659066,-0.2376308441162073,-0.23763084411620738
2016-06-14,24.780000686645508,24.989999771118164,24.700000762939453,24.770000457763672,21.80084609985352,-0.1391067266180369,0.0,0.0,0.0
2016-06-15,24.75,25.239999771118164,24.75,24.959999084472656,21.96806907653809,-0.0125035777605642,0.7670481040902954,0.1672229766845703,0.1672229766845703
2016-06-16,24.71999931335449,25.1200008392334,24.71999931335449,24.8700008392334,21.88886070251465,-0.1137860968465424,-0.3605613845598987,-0.079208374023441,-0.07920837402344105
2016-06-20,25.75,25.799999237060547,25.39999961853028,25.790000915527344,22.698579788208008,0.4812487027835792,3.699229012866523,0.8097190856933594,0.8097190856933594
2016-06-21,25.670000076293945,26.309999465942383,25.61000061035156,25.770000457763672,22.68097496032715,2.165070582587966,-0.0775591602872216,-0.0176048278808593,-0.017604827880859375
2016-06-22,25.770000457763672,25.770000457763672,25.350000381469727,25.420000076293945,22.372926712036133,-0.4049733392187296,-1.358179041376506,-0.3080482482910156,-0.3080482482910156
2016-06-23,25.309999465942383,26.34000015258789,25.309999465942383,26.190000534057617,23.05063247680664,0.0381376817824247,3.029133262238415,0.6777057647705078,0.6777057647705078
2016-06-24,25.18000030517578,26.200000762939453,24.850000381469727,26.200000762939453,23.05943298339844,6.710123626571235,0.0381790243745072,0.0088005065918004,0.008800506591800428
2016-06-27,25.920000076293945,26.38999938964844,25.5,26.25,23.10343742370605,5.102263636081332,0.1908305392387177,0.04400444030761,0.04400444030761008
2016-06-28,26.21999931335449,26.89999961853028,26.200000762939453,26.479999542236328,23.305864334106445,1.1142644470709426,0.8761765909028219,0.2024269104003941,0.20242691040039418
2016-06-29,26.5,27.020000457763672,26.36000061035156,26.799999237060547,23.587507247924805,0.8610581493559972,1.208463714457464,0.2816429138183594,0.2816429138183594
2016-06-30,26.600000381469727,26.88999938964844,26.5,26.81999969482422,23.605113983154297,0.6711534260697882,0.0746443235583482,0.0176067352294921,0.017606735229492188
2016-07-01,26.709999084472656,26.709999084472656,26.3700008392334,26.59000015258789,23.40268516540528,-0.3416717647899932,-0.8575633987341957,-0.2024288177490198,-0.20242881774901633
2016-07-05,26.299999237060547,26.790000915527344,25.780000686645508,26.40999984741211,23.244258880615234,0.4306074432405901,-0.6769577237411784,-0.1584262847900426,-0.15842628479004617
2016-07-06,26.13999938964844,26.989999771118164,26.0,26.3799991607666,23.217857360839844,0.0634583115539193,-0.1135829707928803,-0.0264015197753906,-0.026401519775390625
2016-07-07,26.440000534057617,26.5,26.309999465942383,26.309999465942383,23.15625,-0.518916173190455,-0.2653447296293243,-0.0616073608398437,-0.06160736083984375
2016-07-08,26.309999465942383,26.82999992370605,26.299999237060547,26.790000915527344,23.578712463378903,0.3040042943831174,1.8243993020411464,0.4224624633789027,0.4224624633789027
2016-07-11,26.8700008392334,26.979999542236328,26.6299991607666,26.729999542236328,23.5259017944336,0.3419852390403592,-0.2239760505469812,-0.0528106689453053,-0.05281066894530184
2016-07-12,26.559999465942383,27.239999771118164,26.559999465942383,27.11000061035156,23.860355377197266,0.98766129821347,1.421639798066332,0.3344535827636683,0.33445358276366477
2016-07-13,27.100000381469727,27.959999084472656,26.84000015258789,27.38999938964844,24.10679054260254,1.2535279108141626,1.0328226948404406,0.2464351654052734,0.24643516540527344
2016-07-14,27.39999961853028,28.86000061035156,27.239999771118164,28.86000061035156,25.40057945251465,4.089438445221551,5.366906505557711,1.2937889099121094,1.2937889099121094
2016-07-15,28.75,28.75,27.239999771118164,27.76000022888184,24.432435989379883,0.7217946856127773,-3.811501485407731,-0.9681434631347656,-0.9681434631347656
2016-07-18,27.6200008392334,27.6200008392334,27.1200008392334,27.26000022888184,23.992372512817383,-0.0758051521893006,-1.8011444980507996,-0.4400634765625,-0.4400634765625
2016-07-19,27.6200008392334,28.190000534057617,27.25,27.96999931335449,24.617265701293945,0.6205121665267991,2.6045493756098104,0.6248931884765625,0.6248931884765625
2016-07-20,27.739999771118164,28.709999084472656,27.299999237060547,28.3700008392334,24.969316482543945,0.658493111184041,1.4300970120800116,0.35205078125,0.35205078125
2016-07-21,28.07999992370605,28.07999992370605,27.440000534057617,27.51000022888184,24.212406158447266,-0.0125035777605642,-3.031361810107358,-0.7569103240966797,-0.7569103240966797
2016-07-22,27.290000915527344,27.84000015258789,27.290000915527344,27.63999938964844,24.32681655883789,-0.6455193220479277,0.4725280075095206,0.114410400390625,0.114410400390625
2016-07-25,27.59000015258789,27.940000534057617,27.59000015258789,27.68000030517578,24.36202621459961,-0.4682749136474659,0.1447359775848866,0.0352096557617187,0.03520965576171875
2016-07-26,27.89999961853028,28.0,27.34000015258789,27.75,24.423633575439453,0.4432677581263373,0.2528827458650573,0.0616073608398437,0.06160736083984375
2016-07-27,27.549999237060547,27.770000457763672,27.350000381469727,27.61000061035156,24.300413131713867,-0.1011257819607951,-0.5045131525781565,-0.1232204437255859,-0.12322044372558594
2016-07-28,27.239999771118164,27.39999961853028,27.239999771118164,27.39999961853028,24.300411224365234,-0.7341415262481585,-7.849037886309418e-06,-1.9073486328125e-06,-1.9073486328125e-06
2016-07-29,27.13999938964844,27.290000915527344,27.13999938964844,27.14999961853028,24.07869911193848,0.6205121665267991,-0.9123800843520268,-0.2217121124267542,-0.22171211242675426
2016-08-01,26.96999931335449,26.979999542236328,26.690000534057617,26.979999542236328,23.92792320251465,-0.2910305052470042,-0.6261796317271751,-0.1507759094238316,-0.15077590942383168
2016-08-02,27.020000457763672,27.14999961853028,26.540000915527344,26.540000915527344,23.53770446777344,-0.3416717647899932,-1.630809040293968,-0.3902187347412074,-0.3902187347412074
2016-08-03,26.59000015258789,26.89999961853028,26.56999969482422,26.88999938964844,23.848108291625977,-0.379652709447235,1.3187514707626802,0.3104038238525355,0.3104038238525355
2016-08-04,27.030000686645508,27.049999237060547,26.790000915527344,27.020000457763672,23.9634017944336,-0.6708399518194222,0.4834492589422812,0.1152935028076207,0.11529350280762429
2016-08-05,27.049999237060547,27.049999237060547,26.670000076293945,26.96999931335449,23.919057846069336,-0.2657098754755096,-0.1850486368532244,-0.0443439483642613,-0.04434394836426492
2016-08-08,26.84000015258789,27.459999084472656,26.84000015258789,27.459999084472656,24.35363006591797,-0.5315764880762023,1.816845055709604,0.4345722198486328,0.4345722198486328
2016-08-09,27.31999969482422,27.989999771118164,27.31999969482422,27.68000030517578,24.548742294311523,0.3166646092688647,0.8011628158325568,0.1951122283935547,0.1951122283935547
2016-08-10,27.920000076293945,27.959999084472656,27.36000061035156,27.530000686645508,24.415712356567383,-0.5442368029619495,-0.5419012353026553,-0.1330299377441406,-0.13302993774414062
2016-08-11,27.489999771118164,27.89999961853028,27.489999771118164,27.89999961853028,24.74385070800781,-0.658179636933675,1.3439638649419328,0.3281383514404261,0.32813835144042613
2016-08-12,27.920000076293945,27.920000076293945,27.09000015258789,27.09000015258789,24.02548217773437,-0.5948780625049386,-2.9032204354553115,-0.7183685302734375,-0.7183685302734375
2016-08-15,27.459999084472656,27.61000061035156,27.14999961853028,27.600000381469727,24.477792739868164,-0.0125035777605642,1.8826284475279784,0.4523105621337926,0.4523105621337926
2016-08-16,27.920000076293945,27.989999771118164,27.34000015258789,27.520000457763672,24.40684127807617,-0.3543320796757405,-0.2898605382683605,-0.0709514617919957,-0.07095146179199574
2016-08-17,27.790000915527344,27.790000915527344,27.1299991607666,27.26000022888184,24.17625617980957,-0.6455193220479277,-0.9447560036116798,-0.230585098266598,-0.230585098266598
2016-08-18,27.26000022888184,27.75,27.239999771118164,27.75,24.610824584960938,-0.6075383773906858,1.7975008285786132,0.4345684051513672,0.4345684051513672
2016-08-19,27.75,28.0,27.75,27.799999237060547,24.65516471862793,0.0761186264396665,0.1801651688423611,0.0443401336669921,0.04434013366699219
2016-08-22,27.549999237060547,27.600000381469727,27.40999984741211,27.600000381469727,24.477792739868164,-0.5948780625049386,-0.7194110474782356,-0.1773719787597656,-0.17737197875976562
2016-08-23,27.440000534057617,28.420000076293945,27.440000534057617,27.520000457763672,24.40684127807617,-0.4682749136474659,-0.2898605382683605,-0.0709514617919957,-0.07095146179199574
2016-08-24,27.31999969482422,28.3799991607666,27.21999931335449,27.68000030517578,24.548742294311523,-0.1137860968465424,0.5813985292837609,0.1419010162353551,0.14190101623535512
2016-08-25,27.530000686645508,27.729999542236328,27.25,27.64999961853028,24.52213478088379,-0.6075383773906858,-0.108386462771659,-0.0266075134277343,-0.026607513427734375
2016-08-26,28.489999771118164,28.489999771118164,27.520000457763672,27.520000457763672,24.40684127807617,-0.708820896476664,-0.4701609539210949,-0.1152935028076207,-0.11529350280762074
2016-08-29,27.489999771118164,28.489999771118164,27.239999771118164,27.350000381469727,24.256072998046875,-0.3923130243329823,-0.6177295878296407,-0.1507682800292933,-0.15076828002929332
2016-08-30,27.190000534057617,28.46999931335449,27.190000534057617,27.31999969482422,24.229463577270508,-0.658179636933675,-0.1097020971964846,-0.0266094207763671,-0.026609420776367188
2016-08-31,27.31999969482422,27.809999465942383,27.09000015258789,27.21999931335449,24.140777587890625,-0.0631448373035533,-0.3660253934101853,-0.0886859893798828,-0.08868598937988281
2016-09-01,27.190000534057617,27.5,27.190000534057617,27.239999771118164,24.15851211547852,-0.4556145987617186,0.073462950906733,0.0177345275878941,0.017734527587894178
2016-09-02,27.309999465942383,27.5,27.030000686645508,27.489999771118164,24.380237579345703,0.0381376817824247,0.9177943691537348,0.2217254638671839,0.22172546386718395
2016-09-06,27.31999969482422,27.5,27.06999969482422,27.36000061035156,24.264942169189453,-0.3416717647899932,-0.4729051953698993,-0.11529541015625,-0.11529541015625
2016-09-07,27.299999237060547,27.5,27.11000061035156,27.309999465942383,24.22059631347656,-0.3543320796757405,-0.1827568984244409,-0.0443458557128941,-0.04434585571289418
2016-09-08,27.280000686645508,27.5,27.11000061035156,27.489999771118164,24.380237579345703,-0.4809352285332132,0.6591136890395921,0.1596412658691441,0.15964126586914418
2016-09-09,27.209999084472656,27.5,27.100000381469727,27.11000061035156,24.043222427368164,0.1774011455256447,-1.3823292364593232,-0.337015151977539,-0.33701515197753906
2016-09-12,27.0,27.049999237060547,26.780000686645508,26.96999931335449,23.919057846069336,0.2280424050686338,-0.5164223792127443,-0.1241645812988281,-0.12416458129882812
2016-09-13,26.799999237060547,27.39999961853028,26.799999237060547,26.81999969482422,23.78602600097656,-0.1264464117322896,-0.5561751050099928,-0.133031845092777,-0.133031845092777
2016-09-14,26.799999237060547,27.43000030517578,26.799999237060547,26.84000015258789,23.803770065307617,-0.6455193220479277,0.0745986922335406,0.0177440643310582,0.01774406433105824
2016-09-15,26.8799991607666,27.0,26.81999969482422,26.96999931335449,23.919057846069336,-0.4429542838759714,0.484325720024259,0.1152877807617187,0.11528778076171875
2016-09-16,27.049999237060547,27.36000061035156,26.81999969482422,26.979999542236328,23.92792320251465,1.785261136015548,0.0370639868107147,0.0088653564453125,0.0088653564453125
2016-09-19,27.01000022888184,27.40999984741211,27.01000022888184,27.290000915527344,24.202861785888672,-0.6961605815909168,1.1490281920711445,0.2749385833740234,0.27493858337402344
2016-09-20,26.959999084472656,27.14999961853028,26.959999084472656,27.14999961853028,24.07869911193848,-0.708820896476664,-0.5130082345162323,-0.1241626739501917,-0.12416267395019176
2016-09-21,27.1299991607666,27.25,26.950000762939453,27.25,24.167387008666992,-0.4935955434189604,0.3683251172175605,0.088687896728512,0.08868789672851207
2016-09-22,27.25,27.489999771118164,26.96999931335449,27.489999771118164,24.380237579345703,-0.4809352285332132,0.8807347298339652,0.2128505706787109,0.21285057067871094
2016-09-23,27.46999931335449,27.46999931335449,27.07999992370605,27.07999992370605,24.01661872863769,-0.4935955434189604,-1.4914491687154865,-0.3636188507080113,-0.36361885070801137
2016-09-26,27.01000022888184,27.280000686645508,26.96999931335449,27.040000915527344,23.981142044067383,-0.1770876712752787,-0.1477172326844078,-0.0354766845703089,-0.03547668457030895
2016-09-27,27.0,27.450000762939453,26.940000534057617,27.299999237060547,24.211729049682617,0.2027217752971392,0.9615347141996412,0.2305870056152343,0.23058700561523438
2016-09-28,27.25,27.770000457763672,27.25,27.450000762939453,24.344757080078125,0.3673058688118537,0.5494363088341725,0.1330280303955078,0.1330280303955078
2016-09-29,27.13999938964844,27.43000030517578,27.13999938964844,27.43000030517578,24.32701873779297,-0.5948780625049386,-0.0728630900970084,-0.0177383422851562,-0.01773834228515625
2016-09-30,27.5,27.71999931335449,27.26000022888184,27.65999984741211,24.531003952026367,0.2027217752971392,0.8385129983745188,0.2039852142333984,0.20398521423339844
2016-10-03,27.56999969482422,27.57999992370605,27.209999084472656,27.26000022888184,24.17625617980957,-0.4176336541044768,-1.4461200728292822,-0.3547477722167969,-0.3547477722167969
2016-10-04,27.06999969482422,27.56999969482422,27.01000022888184,27.100000381469727,24.03435134887696,-0.4935955434189604,-0.5869594939646783,-0.1419048309326136,-0.14190483093261008
2016-10-05,27.21999931335449,27.46999931335449,27.030000686645508,27.43000030517578,24.32701873779297,-0.4682749136474659,1.2177045457467228,0.2926673889160121,0.2926673889160085
2016-10-06,27.559999465942383,27.56999969482422,27.06999969482422,27.3700008392334,24.27381134033203,-0.5822177476191913,-0.2187172955076421,-0.0532073974609375,-0.0532073974609375
2016-10-07,27.26000022888184,27.520000457763672,27.170000076293945,27.170000076293945,24.09643745422364,-0.3290114499042459,-0.7307212024577292,-0.1773738861083948,-0.17737388610839133
2016-10-10,27.239999771118164,27.36000061035156,27.1200008392334,27.31999969482422,24.229463577270508,-0.4176336541044768,0.5520572213198793,0.1330261230468714,0.1330261230468679
2016-10-11,27.229999542236328,27.709999084472656,27.030000686645508,27.1299991607666,24.060958862304688,0.1520805157541502,-0.6954537578945597,-0.1685047149658203,-0.1685047149658203
2016-10-12,27.06999969482422,27.6200008392334,27.06999969482422,27.450000762939453,24.344757080078125,-0.4935955434189604,1.1794967083296637,0.2837982177734375,0.2837982177734375
2016-10-13,27.229999542236328,27.5,27.049999237060547,27.1200008392334,24.05208969116211,-0.1644273563895315,-1.2021783086737514,-0.2926673889160156,-0.2926673889160156
2016-10-14,27.11000061035156,27.43000030517578,27.040000915527344,27.049999237060547,23.9900131225586,-0.4176336541044768,-0.2580922048794898,-0.062076568603512,-0.06207656860350852
2016-10-17,27.030000686645508,27.5,27.030000686645508,27.190000534057617,24.11417007446289,0.1774011455256447,0.5175359899555199,0.1241569519042933,0.12415695190428977
2016-10-18,27.270000457763672,27.270000457763672,27.040000915527344,27.059999465942383,23.99888229370117,-0.3290114499042459,-0.4780914309126971,-0.1152877807617223,-0.1152877807617223
2016-10-19,27.100000381469727,27.25,27.030000686645508,27.200000762939453,24.1230411529541,-0.3669923945614878,0.5173526739014944,0.1241588592529332,0.12415885925293324
2016-10-20,27.06999969482422,27.11000061035156,27.030000686645508,27.11000061035156,24.043222427368164,-0.379652709447235,-0.330881687262563,-0.0798187255859375,-0.0798187255859375
2016-10-21,27.020000457763672,27.14999961853028,27.020000457763672,27.14999961853028,24.07869911193848,-0.2150686159325205,0.1475537843460328,0.035476684570316,0.03547668457031605
2016-10-24,27.18000030517578,27.25,27.100000381469727,27.18000030517578,24.10530471801757,-0.4682749136474659,0.1104943666408564,0.0266056060790944,0.026605606079090904
2016-10-25,27.06999969482422,27.190000534057617,27.06999969482422,27.09000015258789,24.02548217773437,-0.5315764880762023,-0.3311409717361435,-0.0798225402832031,-0.07982254028319957
2016-10-26,27.25,27.25,27.14999961853028,27.14999961853028,24.07869911193848,-0.4556145987617186,0.2215020444144455,0.0532169342041086,0.05321693420410867
2016-10-27,27.13999938964844,27.190000534057617,27.1299991607666,27.15999984741211,24.087566375732425,-0.4682749136474659,0.036826174672977,0.0088672637939453,0.008867263793945312
2016-10-28,27.459999084472656,27.459999084472656,26.90999984741211,27.13999938964844,24.257383346557617,-0.5822177476191913,0.7049984551211308,0.1698169708251917,0.16981697082519176
2016-10-31,27.049999237060547,27.14999961853028,27.049999237060547,27.100000381469727,24.22163391113281,0.0887789413254138,-0.1473754811640915,-0.0357494354248082,-0.03574943542480824
2016-11-01,27.14999961853028,27.14999961853028,26.799999237060547,26.89999961853028,24.042877197265625,-0.3290114499042459,-0.7380043580999862,-0.1787567138671839,-0.17875671386718395
2016-11-02,27.0,27.200000762939453,26.850000381469727,26.850000381469727,23.998188018798828,-0.4049733392187296,-0.1858728391786579,-0.0446891784667968,-0.044689178466796875
2016-11-03,27.0,27.200000762939453,26.950000762939453,27.100000381469727,24.22163391113281,-0.5822177476191913,0.9310948483233216,0.2234458923339808,0.22344589233398082
2016-11-04,27.049999237060547,27.049999237060547,26.700000762939453,26.799999237060547,23.95349502563477,-0.0631448373035533,-1.1070222862826662,-0.2681388854980397,-0.26813888549803977
2016-11-07,26.89999961853028,26.89999961853028,26.600000381469727,26.850000381469727,23.998188018798828,-0.2403892457040151,0.1865823468192307,0.0446929931640589,0.04469299316405895
2016-11-08,26.700000762939453,26.89999961853028,26.700000762939453,26.89999961853028,24.042877197265625,0.1140995710969084,0.1862189696646643,0.0446891784667968,0.044689178466796875
2016-11-09,26.950000762939453,28.100000381469727,26.89999961853028,28.049999237060547,25.07073211669922,0.7977565749272608,4.275091167335376,1.0278549194335938,1.0278549194335938
2016-11-10,28.049999237060547,28.549999237060547,28.0,28.049999237060547,25.07073211669922,2.646162548246362,0.0,0.0,0.0
2016-11-11,28.14999961853028,29.75,27.64999961853028,28.799999237060547,25.74106979370117,4.380625687593738,2.67378580681914,0.6703376770019496,0.6703376770019496
2016-11-14,29.0,29.75,29.0,29.450000762939453,26.32203483581543,0.519229647440821,2.256957643059665,0.5809650421142614,0.5809650421142614
2016-11-15,29.5,29.64999961853028,29.350000381469727,29.549999237060547,26.41141128540039,0.2027217752971392,0.3395499251575673,0.0893764495849609,0.08937644958496094
2016-11-16,29.5,29.5,28.950000762939453,29.39999961853028,26.27734565734864,-0.2277289308182678,-0.5076049386496195,-0.1340656280517542,-0.1340656280517507
2016-11-17,29.450000762939453,29.5,29.0,29.5,26.366724014282227,0.4685883878978319,0.3401346471560096,0.0893783569335902,0.08937835693358664
2016-11-18,29.5,30.0,28.8799991607666,30.0,26.81361389160156,2.1017690081592297,1.694901031608098,0.4468898773193324,0.4468898773193324
2016-11-21,30.100000381469727,31.049999237060547,29.89999961853028,30.850000381469727,27.573335647583008,0.3546455539261064,2.833343386880816,0.7597217559814489,0.7597217559814489
2016-11-22,30.950000762939453,32.75,30.14999961853028,31.0,27.7074031829834,4.659152615080178,0.486221678486487,0.1340675354003906,0.13406753540039062
2016-11-23,30.75,31.100000381469727,30.549999237060547,31.0,27.7074031829834,0.2280424050686338,0.0,0.0,0.0
2016-11-25,30.799999237060547,31.5,30.799999237060547,31.5,28.154296875,-0.3290114499042459,1.61290355889816,0.4468936920166015,0.44689369201660156
2016-11-28,31.25,31.450000762939453,31.049999237060547,31.100000381469727,27.79678535461425,-0.0378242075320588,-1.2698293335934865,-0.3575115203857457,-0.3575115203857493
2016-11-29,31.299999237060547,32.04999923706055,28.11000061035156,29.450000762939453,26.32203483581543,2.279013416559691,-5.305471478031965,-1.4747505187988246,-1.474750518798821
2016-11-30,29.89999961853028,30.14999961853028,29.0,30.049999237060547,26.858306884765625,0.8104168898130081,2.037350274381189,0.5362720489501953,0.5362720489501953
2016-12-01,29.89999961853028,31.64999961853028,29.89999961853028,31.450000762939453,28.109607696533203,0.2027217752971392,4.658896843856275,1.251300811767578,1.2513008117675781
2016-12-02,31.25,32.099998474121094,31.200000762939453,31.200000762939453,27.88616180419922,0.3419852390403592,-0.7949093233397986,-0.2234458923339843,-0.22344589233398438
2016-12-05,31.100000381469727,33.04999923706055,30.799999237060547,33.0,29.49497604370117,1.088943817299448,5.7692207726474765,1.6088142395019496,1.6088142395019496
2016-12-06,33.0,33.150001525878906,31.200000762939453,32.400001525878906,28.95870590209961,0.98766129821347,-1.8181745284586603,-0.536270141601559,-0.536270141601559
2016-12-07,31.89999961853028,32.75,31.89999961853028,32.099998474121094,28.69056701660156,0.0761186264396665,-0.9259353177056506,-0.2681388854980504,-0.2681388854980504
2016-12-08,32.04999923706055,34.25,31.6200008392334,34.0,30.388765335083008,1.316829485242899,5.91901274554385,1.6981983184814489,1.6981983184814489
2016-12-09,33.79999923706055,35.29999923706055,33.70000076293945,35.0,31.28255844116211,1.1395850768424372,2.941195853874468,0.8937931060791016,0.8937931060791016
2016-12-12,34.29999923706055,34.95000076293945,33.75,34.5,30.83565902709961,-0.050484522417806,-1.4285897200609463,-0.4468994140625,-0.4468994140625
2016-12-13,34.75,35.25,33.529998779296875,34.900001525878906,31.19317626953125,-0.1517670415037842,1.1594279276387232,0.3575172424316406,0.3575172424316406
2016-12-14,34.150001525878906,34.54999923706055,33.400001525878906,34.150001525878906,30.522838592529297,0.0254773668966775,-2.1489881992451165,-0.6703376770019531,-0.6703376770019531
2016-12-15,34.400001525878906,35.0,33.650001525878906,34.25,30.612213134765625,0.8737184642417445,0.292812026526934,0.0893745422363281,0.08937454223632812
2016-12-16,34.5,34.95000076293945,33.29999923706055,33.650001525878906,30.0759334564209,4.469247891793969,-1.7518487669736182,-0.5362796783447266,-0.5362796783447266
2016-12-19,33.95000076293945,34.400001525878906,33.400001525878906,33.400001525878906,29.852495193481445,1.1016041321851957,-0.7429138093526078,-0.2234382629394531,-0.22343826293945312
2016-12-20,33.150001525878906,33.79999923706055,33.04999923706055,33.75,30.165319442749023,0.1014392562111611,1.0478998396619366,0.3128242492675781,0.3128242492675781
2016-12-21,33.5,33.79999923706055,33.5,33.599998474121094,30.03125,-0.4049733392187296,-0.4444489407893548,-0.1340694427490234,-0.13406944274902344
2016-12-22,33.400001525878906,33.70000076293945,33.400001525878906,33.400001525878906,29.852495193481445,0.6078518516410518,-0.5952293245154783,-0.1787548065185547,-0.1787548065185547
2016-12-23,33.099998474121094,33.45000076293945,32.75,33.45000076293945,29.897186279296875,-0.1137860968465424,0.1497063663381315,0.0446910858154296,0.04469108581542969
2016-12-27,33.45000076293945,34.0,32.83000183105469,33.599998474121094,30.03125,-0.3416717647899932,0.4484158457277898,0.134063720703125,0.134063720703125
2016-12-28,33.5,34.0,32.849998474121094,33.70000076293945,30.120630264282227,-0.5695574327334441,0.297624189077128,0.0893802642822265,0.08938026428222656
2016-12-29,30.64999961853028,33.5,30.64999961853028,33.04999923706055,29.53966522216797,-0.4302939689902241,-1.928794440942294,-0.5809650421142578,-0.5809650421142578
2016-12-30,32.29999923706055,33.5,32.29999923706055,33.0,29.49497604370117,-0.1137860968465424,-0.1512853247682133,-0.0446891784668004,-0.04468917846680043
2017-01-03,33.29999923706055,33.5,32.560001373291016,33.04999923706055,29.53966522216797,-0.4049733392187296,0.1515145440382337,0.0446891784668004,0.04468917846680043
2017-01-04,33.150001525878906,34.25,32.95000076293945,34.150001525878906,30.522838592529297,0.3419852390403592,3.3283158863408824,0.983173370361328,0.9831733703613281
2017-01-05,34.0,34.0,32.5,32.54999923706055,29.092771530151367,0.0001567371251829,-4.685236132421677,-1.4300670623779297,-1.4300670623779297
2017-01-06,32.75,37.45000076293945,32.650001525878906,32.75,29.27153205871582,0.3673058688118537,0.614449979023779,0.1787605285644531,0.17876052856445312
2017-01-09,32.599998474121094,32.599998474121094,32.099998474121094,32.25,28.82463836669922,-0.3416717647899932,-1.5267178059562347,-0.4468936920166015,-0.44689369201660156
2017-01-10,32.5,33.599998474121094,32.5,33.400001525878906,29.852495193481445,-0.2277289308182678,3.565896694716897,1.0278568267822266,1.0278568267822266
2017-01-11,33.45000076293945,33.540000915527344,32.45000076293945,32.45000076293945,29.00339698791504,-0.379652709447235,-2.844312343283839,-0.8490982055664062,-0.8490982055664062
2017-01-12,32.5,32.79999923706055,32.04999923706055,32.04999923706055,28.64588165283203,-0.2910305052470042,-1.2326671087251495,-0.3575153350830078,-0.3575153350830078
2017-01-13,32.650001525878906,32.70000076293945,32.20000076293945,32.400001525878906,28.95870590209961,-0.3163511350184987,1.0920391735844914,0.3128242492675781,0.3128242492675781
2017-01-17,32.25,32.5,32.0,32.04999923706055,28.64588165283203,0.2660233497258756,-1.0802425022897744,-0.3128242492675781,-0.3128242492675781
2017-01-18,32.150001525878906,32.25,31.89999961853028,32.04999923706055,28.64588165283203,-0.0378242075320588,0.0,0.0,0.0
2017-01-19,32.04999923706055,32.04999923706055,31.89999961853028,31.89999961853028,28.511812210083008,-0.1137860968465424,-0.4680234470485156,-0.1340694427490234,-0.13406944274902344
2017-01-20,31.64999961853028,32.04999923706055,31.64999961853028,31.799999237060547,28.42243194580078,-0.1264464117322896,-0.3134850342856099,-0.0893802642822265,-0.08938026428222656
2017-01-23,31.89999961853028,32.0,31.799999237060547,31.799999237060547,28.42243194580078,-0.379652709447235,0.0,0.0,0.0
2017-01-24,31.799999237060547,32.0,31.799999237060547,32.0,28.601192474365234,-0.0125035777605642,0.6289417066960956,0.1787605285644531,0.17876052856445312
2017-01-25,32.0,32.150001525878906,32.0,32.099998474121094,28.69056701660156,-0.0758051521893006,0.3124853703789787,0.0893745422363245,0.08937454223632457
2017-01-26,32.099998474121094,32.5,32.099998474121094,32.099998474121094,28.69056701660156,-0.3036908201327514,0.0,0.0,0.0
2017-01-27,32.5,32.5,32.29999923706055,32.29999923706055,28.869325637817383,-0.5442368029619495,0.6230571222673564,0.1787586212158238,0.17875862121582387
2017-01-30,32.20000076293945,32.5,31.75,32.25,29.01326942443848,0.0634583115539193,0.4986046034706648,0.1439437866210973,0.1439437866210973
2017-01-31,32.29999923706055,32.95000076293945,31.89999961853028,32.29999923706055,29.05824851989746,-0.1644273563895315,0.1550293929338808,0.0449790954589808,0.04497909545898082
2017-02-01,32.779998779296875,32.779998779296875,31.600000381469727,31.600000381469727,28.428504943847656,-0.5062558583047078,-2.1671766473419507,-0.6297435760498047,-0.6297435760498047
2017-02-02,31.5,31.799999237060547,31.5,31.799999237060547,28.60843276977539,-0.3923130243329823,0.6329134306680251,0.1799278259277343,0.17992782592773438
2017-02-03,31.89999961853028,32.279998779296875,31.75,32.20000076293945,28.968286514282227,-0.2277289308182678,1.2578589935448026,0.3598537445068359,0.35985374450683594
2017-02-06,32.20000076293945,32.20000076293945,31.75,31.75,28.563447952270508,-0.1517670415037842,-1.3975233288724964,-0.4048385620117187,-0.40483856201171875
2017-02-07,31.799999237060547,32.08000183105469,31.75,31.950000762939453,28.74338150024414,-0.4809352285332132,0.6299433747434913,0.1799335479736328,0.1799335479736328
2017-02-08,31.75,31.850000381469727,31.64999961853028,31.850000381469727,28.65341567993164,0.1014392562111611,-0.3129966469384793,-0.0899658203125,-0.0899658203125
2017-02-09,32.599998474121094,32.65999984741211,31.89999961853028,32.349998474121094,29.103233337402344,-0.2150686159325205,1.569857019823817,0.4498176574707031,0.4498176574707031
2017-02-10,32.29999923706055,32.75,32.29999923706055,32.75,29.46308708190918,-0.6075383773906858,1.236473419756989,0.3598537445068359,0.35985374450683594
2017-02-13,32.849998474121094,32.849998474121094,31.790000915527344,32.849998474121094,29.55304908752441,-0.4176336541044768,0.3053380162273189,0.0899620056152308,0.08996200561523082
2017-02-14,32.5,32.650001525878906,32.25,32.25,29.01326942443848,-0.1011257819607951,-1.8264770632881788,-0.5397796630859304,-0.5397796630859304
2017-02-15,32.54999923706055,32.75,32.54999923706055,32.599998474121094,29.328140258789062,-0.6075383773906858,1.0852649170429496,0.3148708343505824,0.3148708343505824
2017-02-16,32.400001525878906,32.400001525878906,32.400001525878906,32.400001525878906,29.14821434020996,-0.6201986922764331,-0.6134924239704631,-0.1799259185791015,-0.17992591857910156
2017-02-17,32.70000076293945,32.900001525878906,31.799999237060547,32.25,29.01326942443848,0.5318899623265683,-0.4629611755850304,-0.1349449157714808,-0.13494491577148082
2017-02-21,31.950000762939453,32.47999954223633,31.75,32.47999954223633,29.220184326171875,-0.1264464117322896,0.7131733370218107,0.2069149017333948,0.20691490173339488
2017-02-22,32.5,32.70000076293945,32.400001525878906,32.400001525878906,29.14821434020996,-0.6835002667051695,-0.2463022996656905,-0.071969985961914,-0.07196998596191406
2017-02-23,32.349998474121094,32.70000076293945,32.349998474121094,32.650001525878906,29.373125076293945,-0.4176336541044768,0.7716106841362258,0.2249107360839843,0.22491073608398438
2017-02-24,32.20000076293945,32.29999923706055,32.099998474121094,32.29999923706055,29.05824851989746,-0.1644273563895315,-1.0719886140089674,-0.3148765563964844,-0.3148765563964844
2017-02-27,32.349998474121094,32.54999923706055,32.20000076293945,32.54999923706055,29.283159255981445,-0.0884654670750478,0.7739996301909802,0.2249107360839843,0.22491073608398438
2017-02-28,32.5,32.5,32.099998474121094,32.20000076293945,28.968286514282227,0.7217946856127773,-1.075269027316106,-0.3148727416992187,-0.31487274169921875
2017-03-01,32.400001525878906,33.0,32.400001525878906,33.0,29.68799591064453,-0.1011257819607951,2.484473481051319,0.7197093963623047,0.7197093963623047
2017-03-02,32.900001525878906,32.95000076293945,32.650001525878906,32.650001525878906,29.373125076293945,-0.2024083010467733,-1.060599830646336,-0.3148708343505859,-0.31487083435058594
2017-03-03,32.599998474121094,32.79999923706055,32.599998474121094,32.79999923706055,29.508071899414062,-0.5822177476191913,0.4594227640729587,0.1349468231201172,0.1349468231201172
2017-03-06,32.54999923706055,32.95000076293945,32.25,32.25,29.01326942443848,-0.5695574327334441,-1.6768377027894132,-0.4948024749755824,-0.4948024749755824
2017-03-07,32.2599983215332,32.2599983215332,32.099998474121094,32.150001525878906,28.923303604125977,-0.2024083010467733,-0.3100850820925482,-0.0899658203125035,-0.08996582031250355
2017-03-08,33.0,33.0,32.099998474121094,32.099998474121094,28.878320693969727,0.3166646092688647,-0.1555248002508058,-0.04498291015625,-0.04498291015625
2017-03-09,32.31999969482422,32.349998474121094,31.549999237060547,31.64999961853028,28.473487854003903,0.7977565749272608,-1.4018572764529225,-0.4048328399658238,-0.40483283996582387
2017-03-10,31.950000762939453,32.099998474121094,31.299999237060547,31.299999237060547,28.15861320495605,0.1140995710969084,-1.105852049676359,-0.3148746490478515,-0.31487464904785156
2017-03-13,31.600000381469727,31.600000381469727,31.25,31.350000381469727,28.20359992980957,0.0381376817824247,0.1597618622979579,0.0449867248535191,0.04498672485351918
2017-03-14,30.799999237060547,30.799999237060547,30.25,30.39999961853028,27.34894180297852,-0.379652709447235,-3.030315736140221,-0.8546581268310511,-0.8546581268310511
2017-03-15,31.549999237060547,31.549999237060547,30.530000686645508,31.049999237060547,27.933706283569336,-0.189747986161026,2.138161267091987,0.5847644805908168,0.5847644805908168
2017-03-16,30.5,30.799999237060547,30.5,30.700000762939453,27.61883354187012,-0.1517670415037842,-1.127214335622995,-0.3148727416992152,-0.3148727416992152
2017-03-17,30.5,32.04999923706055,30.25,32.04999923706055,28.83334350585937,6.330314179998817,4.397397747258425,1.2145099639892507,1.2145099639892507
2017-03-20,31.600000381469727,32.150001525878906,31.600000381469727,31.89999961853028,28.69839668273925,0.2786836646116228,-0.4680234988796661,-0.1349468231201172,-0.13494682312012074
2017-03-21,32.0,32.0,30.25,30.299999237060547,27.25897979736328,-0.0758051521893006,-5.015670043482656,-1.439416885375973,-1.4394168853759695
2017-03-22,30.299999237060547,30.299999237060547,28.5,28.89999961853028,25.999486923217773,0.3419852390403592,-4.620469597572163,-1.2594928741455078,-1.2594928741455078
2017-03-23,29.0,30.549999237060547,29.0,30.39999961853028,27.34894180297852,0.1267598859826556,5.190313500208621,1.3494548797607455,1.3494548797607457
2017-03-24,30.799999237060547,30.89999961853028,30.100000381469727,30.200000762939453,27.16901588439941,-0.2783701903612569,-0.657889873309514,-0.1799259185791086,-0.17992591857910867
2017-03-27,29.549999237060547,30.200000762939453,29.549999237060547,30.049999237060547,27.03407096862793,-0.5948780625049386,-0.4966868006763825,-0.1349449157714808,-0.13494491577148082
2017-03-28,30.049999237060547,30.049999237060547,29.39999961853028,29.799999237060547,26.809160232543945,-0.5568971178476968,-0.8319528950892607,-0.2249107360839843,-0.22491073608398438
2017-03-29,29.76000022888184,30.39999961853028,29.76000022888184,30.350000381469727,27.30396270751953,-0.658179636933675,1.845647050051724,0.4948024749755859,0.49480247497558594
2017-03-30,30.5,30.850000381469727,30.200000762939453,30.549999237060547,27.48388671875,-0.3036908201327514,0.6589666604727595,0.1799240112304687,0.17992401123046875
2017-03-31,31.100000381469727,31.100000381469727,30.5,30.600000381469727,27.52886962890625,0.3040042943831174,0.1636701192104794,0.04498291015625,0.04498291015625
2017-04-03,30.1299991607666,30.6299991607666,30.1299991607666,30.350000381469727,27.30396270751953,-0.0251638926463115,-0.816985675105808,-0.2249069213867187,-0.22490692138671875
2017-04-04,30.39999961853028,30.64999961853028,30.0,30.64999961853028,27.573854446411133,3.114594199019011,0.9884709475422416,0.2698917388916015,0.26989173889160156
2017-04-05,31.200000762939453,31.200000762939453,30.350000381469727,30.350000381469727,27.30396270751953,0.0128170520109302,-0.9787958350767624,-0.2698917388916015,-0.26989173889160156
2017-04-06,30.549999237060547,30.89999961853028,30.299999237060547,30.450000762939453,27.39392471313477,0.6331724814125463,0.3294833302363908,0.0899620056152379,0.08996200561523793
2017-04-07,30.39999961853028,30.450000762939453,30.39999961853028,30.39999961853028,27.34894180297852,-0.5948780625049386,-0.164207614014078,-0.04498291015625,-0.04498291015625
2017-04-10,30.450000762939453,30.450000762939453,30.39999961853028,30.450000762939453,27.39392471313477,-0.5062558583047078,0.1644776989190521,0.04498291015625,0.04498291015625
2017-04-11,30.5,31.299999237060547,30.5,30.950000762939453,27.8437442779541,-0.5315764880762023,1.6420413267897116,0.4498195648193324,0.4498195648193324
2017-04-12,31.299999237060547,31.299999237060547,30.549999237060547,30.64999961853028,27.573854446411133,-0.4049733392187296,-0.9693015021570162,-0.2698898315429687,-0.26988983154296875
2017-04-13,30.39999961853028,30.450000762939453,30.39999961853028,30.39999961853028,27.34894180297852,-0.3163511350184987,-0.8156735717515406,-0.2249126434326136,-0.22491264343261363
2017-04-17,30.5,30.75,30.5,30.75,27.663818359375,-0.2910305052470042,1.1513299441888725,0.3148765563964808,0.3148765563964808
2017-04-18,30.75,31.299999237060547,30.32999992370605,31.200000762939453,28.068649291992188,0.4052868134690955,1.4633949925426435,0.4048309326171875,0.4048309326171875
2017-04-19,31.200000762939453,31.200000762939453,30.799999237060547,30.89999961853028,27.79876136779785,-0.2150686159325205,-0.9615280072323706,-0.2698879241943359,-0.26988792419433594
2017-04-20,30.89999961853028,31.200000762939453,30.600000381469727,31.0,27.88872528076172,0.379966183697601,0.32362561688839,0.0899639129638671,0.08996391296386719
2017-04-21,31.0,31.14999961853028,30.89999961853028,31.100000381469727,27.97869110107422,0.1140995710969084,0.3225884991400418,0.0899658203125,0.0899658203125
2017-04-24,31.200000762939453,31.700000762939453,31.200000762939453,31.700000762939453,28.518468856811523,0.190061460411392,1.9292459171422085,0.5397777557373047,0.5397777557373047
2017-04-25,31.700000762939453,32.0,31.64999961853028,31.64999961853028,28.473487854003903,0.5445502772123155,-0.1577258689218763,-0.0449810028076207,-0.04498100280762074
2017-04-26,31.64999961853028,32.0,31.64999961853028,31.799999237060547,28.60843276977539,0.4939090176693264,0.4739318079450161,0.1349449157714879,0.13494491577148793
2017-04-27,31.700000762939453,31.700000762939453,31.15999984741211,31.39999961853028,28.445371627807617,-0.2150686159325205,-0.5699757944798933,-0.1630611419677734,-0.16306114196777344
2017-04-28,30.75,31.0,30.64999961853028,30.89999961853028,27.992420196533203,-0.4176336541044768,-1.5923554706932297,-0.452951431274414,-0.45295143127441406
2017-05-01,31.100000381469727,31.39999961853028,30.950000762939453,31.39999961853028,28.445371627807617,-0.1391067266180369,1.6181217204309872,0.452951431274414,0.45295143127441406
2017-05-02,31.25,31.350000381469727,31.25,31.25,28.30948638916016,-0.5062558583047078,-0.4777059706775555,-0.1358852386474573,-0.13588523864745738
2017-05-03,31.100000381469727,31.25,30.950000762939453,31.100000381469727,28.173599243164062,-0.2024083010467733,-0.4800056918310202,-0.1358871459960973,-0.1358871459960973
2017-05-04,31.25,31.25,30.89999961853028,30.89999961853028,27.992420196533203,-0.518916173190455,-0.6430809392407366,-0.1811790466308593,-0.18117904663085938
2017-05-05,31.049999237060547,31.049999237060547,30.850000381469727,30.850000381469727,27.94712257385254,-0.5062558583047078,-0.1618210299882294,-0.045297622680664,-0.04529762268066406
2017-05-08,30.89999961853028,31.030000686645508,30.850000381469727,30.89999961853028,27.992420196533203,-0.4556145987617186,0.1620833148778144,0.045297622680664,0.04529762268066406
2017-05-09,31.049999237060547,31.25,30.850000381469727,30.950000762939453,28.0377140045166,-0.050484522417806,0.1618074023803428,0.0452938079833984,0.04529380798339844
2017-05-10,30.89999961853028,31.030000686645508,30.89999961853028,30.950000762939453,28.0377140045166,-0.4302939689902241,0.0,0.0,0.0
2017-05-11,30.89999961853028,31.0,30.850000381469727,30.89999961853028,27.992420196533203,0.1140995710969084,-0.1615460089795517,-0.0452938079833984,-0.04529380798339844
2017-05-12,30.950000762939453,30.950000762939453,30.850000381469727,30.850000381469727,27.94712257385254,-0.3669923945614878,-0.1618210299882294,-0.045297622680664,-0.04529762268066406
2017-05-15,31.350000381469727,31.350000381469727,31.14999961853028,31.350000381469727,28.400075912475582,-0.5568971178476968,1.6207512506021926,0.4529533386230433,0.4529533386230433
2017-05-16,31.5,31.5,30.850000381469727,31.0,28.08300971984864,-0.2403892457040151,-1.1164272715470602,-0.317066192626946,-0.31706619262694247
2017-05-17,30.799999237060547,31.0,29.89999961853028,29.89999961853028,27.086515426635746,1.0509628726422062,-3.5483885208663524,-0.9964942932128906,-0.9964942932128942
2017-05-18,29.89999961853028,31.200000762939453,29.89999961853028,31.0,28.08300971984864,1.076283502413701,3.6789312966886154,0.9964942932128906,0.9964942932128942
2017-05-19,30.799999237060547,31.14999961853028,30.5,31.049999237060547,28.128305435180664,1.40545168944313,0.1612922396277749,0.0452957153320277,0.045295715332024145
2017-05-22,31.100000381469727,31.100000381469727,30.700000762939453,30.850000381469727,27.94712257385254,-0.1391067266180369,-0.6441300267648442,-0.181182861328125,-0.181182861328125
2017-05-23,30.950000762939453,30.950000762939453,30.75,30.89999961853028,27.992420196533203,-0.4176336541044768,0.1620833148778144,0.045297622680664,0.04529762268066406
2017-05-24,30.89999961853028,31.0,30.14999961853028,30.200000762939453,27.35828971862793,-0.1264464117322896,-2.265364957560223,-0.6341304779052734,-0.6341304779052734
2017-05-25,30.200000762939453,30.25,30.100000381469727,30.14999961853028,27.3129940032959,-0.5062558583047078,-0.1655648646091689,-0.0452957153320312,-0.04529571533203125
2017-05-26,30.14999961853028,30.200000762939453,29.850000381469727,30.0,27.177106857299805,-0.2783701903612569,-0.4975183093427815,-0.1358871459960937,-0.13588714599609375
2017-05-30,30.0,30.0,29.799999237060547,29.850000381469727,27.04122543334961,-0.5442368029619495,-0.4999848757399894,-0.1358814239501953,-0.1358814239501953
2017-05-31,29.959999084472656,29.959999084472656,29.450000762939453,29.64999961853028,26.860036849975582,0.1774011455256447,-0.6700457559536854,-0.181188583374027,-0.181188583374027
2017-06-01,29.600000381469727,30.450000762939453,29.600000381469727,30.299999237060547,27.44887924194336,-0.1264464117322896,2.1922620406543247,0.588842391967777,0.588842391967777
2017-06-02,30.350000381469727,31.100000381469727,30.25,30.89999961853028,27.992420196533203,0.56987090698381,1.9801936166460528,0.5435409545898438,0.5435409545898438
2017-06-05,30.75,31.0,30.25,30.299999237060547,27.44887924194336,-0.4935955434189604,-1.9417433389956047,-0.5435409545898438,-0.5435409545898438
2017-06-06,30.200000762939453,30.200000762939453,30.0,30.0,27.177106857299805,-0.6835002667051695,-0.9901037570534844,-0.2717723846435547,-0.2717723846435547
2017-06-07,30.549999237060547,30.850000381469727,30.0,30.100000381469727,27.267696380615234,0.0634583115539193,0.3333302687114292,0.0905895233154296,0.09058952331542969
2017-06-08,29.82999992370605,31.25,29.75,31.049999237060547,28.128305435180664,0.0128170520109302,3.1561487356784657,0.8606090545654297,0.8606090545654297
2017-06-09,31.0,31.25,30.799999237060547,31.14999961853028,28.21889305114746,1.0256422428707117,0.3220514516082406,0.0905876159667968,0.09058761596679688
2017-06-12,31.0,31.299999237060547,29.799999237060547,30.14999961853028,27.3129940032959,0.1394202008684029,-3.2102572067926216,-0.9058990478515624,-0.9058990478515625
2017-06-13,30.25,31.0,30.100000381469727,30.39999961853028,27.53946685791016,-0.0378242075320588,0.8291762323344498,0.2264728546142613,0.22647285461426137
2017-06-14,30.39999961853028,30.39999961853028,30.0,30.100000381469727,27.267696380615234,0.0128170520109302,-0.9868400092751471,-0.2717704772949254,-0.2717704772949254
2017-06-15,29.89999961853028,30.350000381469727,29.89999961853028,30.14999961853028,27.3129940032959,-0.050484522417806,0.1661219270171487,0.045297622680664,0.04529762268066406
2017-06-16,30.100000381469727,30.5,30.0,30.5,27.630056381225582,1.608016727615086,1.160848121928426,0.3170623779296839,0.31706237792968395
2017-06-19,30.64999961853028,31.0,30.100000381469727,30.25,27.403583526611328,0.2280424050686338,-0.8196612105653922,-0.2264728546142542,-0.22647285461425426
2017-06-20,30.14999961853028,30.39999961853028,30.100000381469727,30.299999237060547,27.44887924194336,-0.2024083010467733,0.1652912119615379,0.0452957153320312,0.04529571533203125
2017-06-21,30.14999961853028,30.450000762939453,30.100000381469727,30.100000381469727,27.267696380615234,-0.1264464117322896,-0.660073803855965,-0.181182861328125,-0.181182861328125
2017-06-22,30.200000762939453,30.200000762939453,30.100000381469727,30.100000381469727,27.267696380615234,-0.5442368029619495,0.0,0.0,0.0
2017-06-23,30.200000762939453,31.14999961853028,29.850000381469727,30.950000762939453,28.0377140045166,5.317488989139036,2.8239188714481056,0.7700176239013672,0.7700176239013672
2017-06-26,30.75,30.75,30.39999961853028,30.5,27.630056381225582,-0.3163511350184987,-1.4539617003916594,-0.4076576232910192,-0.4076576232910192
2017-06-27,30.15999984741211,30.530000686645508,30.15999984741211,30.5,27.630056381225582,-0.4049733392187296,0.0,0.0,0.0
2017-06-28,30.5,31.14999961853028,30.14999961853028,31.049999237060547,28.128305435180664,-0.2150686159325205,1.8032864178070929,0.4982490539550817,0.4982490539550817
2017-06-29,31.100000381469727,31.100000381469727,30.799999237060547,30.799999237060547,27.901830673217773,-0.4176336541044768,-0.8051489716818683,-0.2264747619628906,-0.22647476196289062
2017-06-30,31.14999961853028,31.14999961853028,30.39999961853028,30.600000381469727,27.72064971923828,-0.3416717647899932,-0.6493514927441768,-0.1811809539794922,-0.1811809539794922
2017-07-03,30.850000381469727,31.14999961853028,30.799999237060547,30.950000762939453,28.0377140045166,-0.518916173190455,1.1437837442110022,0.3170642852783203,0.3170642852783203
2017-07-05,30.799999237060547,31.14999961853028,30.600000381469727,30.600000381469727,27.72064971923828,-0.4556145987617186,-1.1308492740429663,-0.3170642852783203,-0.3170642852783203
2017-07-06,30.799999237060547,30.89999961853028,30.39999961853028,30.39999961853028,27.53946685791016,-0.2277289308182678,-0.6536025063019313,-0.1811828613281214,-0.18118286132812145
2017-07-07,30.549999237060547,30.600000381469727,30.549999237060547,30.600000381469727,27.72064971923828,-0.5948780625049386,0.6579025740147237,0.1811828613281214,0.18118286132812145
2017-07-10,30.5,30.600000381469727,30.350000381469727,30.350000381469727,27.49417495727539,-0.4682749136474659,-0.8169893716658327,-0.2264747619628906,-0.22647476196289062
2017-07-11,30.350000381469727,30.350000381469727,29.950000762939453,30.200000762939453,27.35828971862793,-0.3543320796757405,-0.4942328288032649,-0.1358852386474609,-0.13588523864746094
2017-07-12,30.25,30.600000381469727,30.200000762939453,30.600000381469727,27.72064971923828,-0.2024083010467733,1.3244980016555052,0.3623600006103515,0.36236000061035156
2017-07-13,30.549999237060547,30.600000381469727,30.299999237060547,30.5,27.630056381225582,-0.379652709447235,-0.3268081337567841,-0.0905933380126988,-0.09059333801269887
2017-07-14,30.39999961853028,30.450000762939453,30.25,30.450000762939453,27.58476448059082,-0.4049733392187296,-0.1639225776807973,-0.045291900634762,-0.04529190063476207
2017-07-17,30.25,30.350000381469727,30.25,30.350000381469727,27.49417495727539,-0.4682749136474659,-0.3284041934785042,-0.0905895233154296,-0.09058952331542969
2017-07-18,30.350000381469727,30.450000762939453,30.200000762939453,30.200000762939453,27.35828971862793,-0.3923130243329823,-0.4942328288032649,-0.1358852386474609,-0.13588523864746094
2017-07-19,30.200000762939453,30.40999984741211,30.200000762939453,30.299999237060547,27.44887924194336,-0.5948780625049386,0.3311227574790631,0.0905895233154296,0.09058952331542969
2017-07-20,30.200000762939453,30.350000381469727,30.14999961853028,30.350000381469727,27.49417495727539,-0.5822177476191913,0.165018450963994,0.0452957153320312,0.04529571533203125
2017-07-21,30.450000762939453,31.14999961853028,30.39999961853028,30.39999961853028,27.53946685791016,0.4306074432405901,0.1647327141300003,0.0452919006347691,0.04529190063476918
2017-07-24,30.299999237060547,30.5,29.950000762939453,30.200000762939453,27.35828971862793,0.3293249241546119,-0.6578817963942885,-0.1811771392822301,-0.18117713928223012
2017-07-25,30.25,30.450000762939453,30.049999237060547,30.100000381469727,27.267696380615234,0.2027217752971392,-0.3311367009576349,-0.0905933380126953,-0.09059333801269531
2017-07-26,30.100000381469727,30.450000762939453,30.100000381469727,30.200000762939453,27.35828971862793,-0.5568971178476968,0.3322368591323288,0.0905933380126953,0.09059333801269531
2017-07-27,30.25,30.25,30.0,30.0,27.177106857299805,-0.5442368029619495,-0.662259458436687,-0.181182861328125,-0.181182861328125
2017-07-28,29.850000381469727,30.0,29.600000381469727,29.850000381469727,27.240991592407227,-0.1770876712752787,0.2350681970780144,0.0638847351074218,0.06388473510742188
2017-07-31,29.89999961853028,29.89999961853028,29.600000381469727,29.600000381469727,27.01283836364746,-0.4556145987617186,-0.8375364310282962,-0.2281532287597656,-0.22815322875976562
2017-08-01,29.75,29.75,29.39999961853028,29.39999961853028,26.83031845092773,-0.3290114499042459,-0.6756783950751188,-0.1825199127197301,-0.18251991271973012
2017-08-02,29.700000762939453,29.700000762939453,29.100000381469727,29.100000381469727,26.55654525756836,-0.4302939689902241,-1.0203874167952875,-0.2737731933593714,-0.27377319335937145
2017-08-03,29.46999931335449,29.46999931335449,28.57999992370605,28.600000381469727,26.100244522094727,-0.0631448373035533,-1.7182232517371276,-0.4563007354736328,-0.4563007354736328
2017-08-04,29.049999237060547,29.049999237060547,28.5,28.799999237060547,26.282760620117188,-0.2657098754755096,0.6992888433208222,0.1825160980224609,0.18251609802246094
2017-08-07,28.799999237060547,28.799999237060547,28.5,28.799999237060547,26.282760620117188,-0.1011257819607951,0.0,0.0,0.0
2017-08-08,28.850000381469727,29.0,28.799999237060547,29.0,26.46528053283692,-0.5062558583047078,0.6944472666239987,0.1825199127197301,0.18251991271973367
2017-08-09,28.89999961853028,28.89999961853028,28.799999237060547,28.799999237060547,26.282760620117188,-0.2277289308182678,-0.6896579558008709,-0.1825199127197301,-0.18251991271973367
2017-08-10,28.75,28.89999961853028,28.14999961853028,28.14999961853028,25.6895751953125,0.4812487027835792,-2.2569372882034866,-0.5931854248046875,-0.5931854248046875
2017-08-11,28.450000762939453,28.450000762939453,26.850000381469727,26.89999961853028,24.548828125,0.4052868134690955,-4.440505775746139,-1.1407470703125,-1.1407470703125
2017-08-14,26.89999961853028,27.89999961853028,26.89999961853028,27.600000381469727,25.18764877319336,0.5445502772123155,2.602244982695523,0.6388206481933594,0.6388206481933594
2017-08-15,27.850000381469727,27.850000381469727,27.5,27.549999237060547,25.14201545715332,-0.4809352285332132,-0.181173385618294,-0.045633316040039,-0.04563331604003906
2017-08-16,27.5,27.5,27.299999237060547,27.350000381469727,24.9594955444336,-0.5568971178476968,-0.7259557732385069,-0.182519912719723,-0.18251991271971946
2017-08-17,27.309999465942383,27.309999465942383,26.950000762939453,27.0,24.64008903503418,-0.1264464117322896,-1.2796993786625244,-0.3194065093994176,-0.31940650939942117
2017-08-18,26.64999961853028,26.950000762939453,26.600000381469727,26.950000762939453,24.59446144104004,0.6458327962982936,-0.185176254555186,-0.0456275939941406,-0.045627593994140625
2017-08-21,26.64999961853028,26.850000381469727,26.64999961853028,26.850000381469727,24.50320053100586,-0.5062558583047078,-0.3710628519065451,-0.0912609100341796,-0.09126091003417969
2017-08-22,27.049999237060547,27.450000762939453,27.049999237060547,27.299999237060547,24.91386604309082,-0.0884654670750478,1.6759668254982207,0.4106655120849609,0.41066551208496094
2017-08-23,27.0,27.25,27.0,27.14999961853028,24.7769775390625,-0.1770876712752787,-0.5494470580822752,-0.1368885040283203,-0.1368885040283203
2017-08-24,27.14999961853028,27.14999961853028,27.049999237060547,27.14999961853028,24.7769775390625,-0.4935955434189604,0.0,0.0,0.0
2017-08-25,27.14999961853028,27.799999237060547,27.14999961853028,27.5,25.09638786315918,-0.050484522417806,1.2891415976509224,0.3194103240966797,0.3194103240966797
2017-08-28,27.32999992370605,27.39999961853028,27.14999961853028,27.14999961853028,24.7769775390625,-0.4556145987617186,-1.2727342509938122,-0.3194103240966797,-0.3194103240966797
2017-08-29,27.049999237060547,27.26000022888184,27.0,27.0,24.64008903503418,-0.3543320796757405,-0.5524826577919195,-0.1368885040283203,-0.1368885040283203
2017-08-30,27.14999961853028,27.200000762939453,27.049999237060547,27.100000381469727,24.731351852416992,-0.4935955434189604,0.3703834724503307,0.0912628173828125,0.0912628173828125
2017-08-31,27.200000762939453,27.200000762939453,27.100000381469727,27.100000381469727,24.731351852416992,-0.3163511350184987,0.0,0.0,0.0
2017-09-01,27.25,27.350000381469727,27.14999961853028,27.350000381469727,24.9594955444336,-0.2910305052470042,0.9224877531080368,0.2281436920166051,0.22814369201660867
2017-09-05,27.25,27.450000762939453,27.200000762939453,27.350000381469727,24.9594955444336,-0.1264464117322896,0.0,0.0,0.0
2017-09-06,27.350000381469727,27.600000381469727,27.350000381469727,27.5,25.09638786315918,-0.2277289308182678,0.5484578744064939,0.1368923187255823,0.13689231872557883
2017-09-07,27.5,27.700000762939453,27.43000030517578,27.450000762939453,25.050758361816406,-0.379652709447235,-0.1818170072584668,-0.0456295013427734,-0.04562950134277344
2017-09-08,27.5,28.0,27.25,27.700000762939453,25.278907775878903,-0.0378242075320588,0.9107485321093288,0.2281494140624964,0.22814941406249645
2017-09-11,27.850000381469727,28.0,27.700000762939453,28.0,25.552684783935547,3.798251202849364,1.0830254632990144,0.2737770080566442,0.2737770080566442
2017-09-12,28.0,28.5,27.950000762939453,28.299999237060547,25.826465606689453,-0.3036908201327514,1.0714366222919436,0.2737808227539062,0.27378082275390625
2017-09-13,27.950000762939453,29.0,27.950000762939453,28.89999961853028,26.37401962280273,-0.1517670415037842,2.120127563918195,0.5475540161132777,0.5475540161132777
2017-09-14,29.0,29.100000381469727,28.850000381469727,28.850000381469727,26.3283920288086,-0.1137860968465424,-0.1730020476464866,-0.0456275939941335,-0.04562759399412997
2017-09-15,28.950000762939453,28.950000762939453,28.350000381469727,28.549999237060547,26.054616928100582,2.9500101055042967,-1.039847402790306,-0.2737751007080149,-0.27377510070801847
2017-09-18,28.5,29.14999961853028,28.5,28.700000762939453,26.19150352478028,0.2913439794973701,0.5253832633864475,0.1368865966796946,0.13688659667969816
2017-09-19,28.5,28.5,28.100000381469727,28.14999961853028,25.6895751953125,-0.050484522417806,-1.916378450717393,-0.501928329467777,-0.5019283294677805
2017-09-20,28.14999961853028,28.700000762939453,28.14999961853028,28.549999237060547,26.054616928100582,0.0634583115539193,1.4209722426811178,0.3650417327880824,0.3650417327880824
2017-09-21,28.14999961853028,28.299999237060547,28.0,28.0,25.552684783935547,2.7094641226750986,-1.9264614235171784,-0.5019321441650355,-0.5019321441650355
2017-09-22,28.0,28.700000762939453,27.979999542236328,28.350000381469727,25.872095108032227,1.329489800128646,1.2500069045483952,0.3194103240966797,0.3194103240966797
2017-09-25,28.14999961853028,28.600000381469727,28.0,28.200000762939453,25.73520851135254,1.0003216130992172,-0.5290897243075965,-0.1368865966796875,-0.1368865966796875
2017-09-26,28.39999961853028,29.280000686645508,28.299999237060547,28.850000381469727,26.3283920288086,0.8357375195845027,2.304949335049633,0.5931835174560582,0.5931835174560618
2017-09-27,29.14999961853028,30.850000381469727,29.0,30.700000762939453,28.01669311523437,1.456092948986119,6.412473213625924,1.688301086425774,1.6883010864257706
2017-09-28,30.600000381469727,30.76000022888184,29.76000022888184,30.75,28.06232261657715,0.4812487027835792,0.1628654072595159,0.0456295013427769,0.04562950134277699
2017-09-29,30.64999961853028,30.75,29.700000762939453,29.850000381469727,27.240991592407227,0.4812487027835792,-2.9268105687187185,-0.8213310241699219,-0.8213310241699219
2017-10-02,30.0,30.5,29.790000915527344,30.5,27.83417320251465,0.2660233497258756,2.177533105192686,0.5931816101074219,0.5931816101074219
2017-10-03,30.200000762939453,30.25,29.8799991607666,30.049999237060547,27.423503875732425,0.379966183697601,-1.4754141385637465,-0.410669326782223,-0.410669326782223
2017-10-04,30.049999237060547,30.100000381469727,30.0,30.0,27.37787818908692,-0.3669923945614878,-0.1663743876503032,-0.0456256866455078,-0.04562568664550426
2017-10-05,30.14999961853028,30.299999237060547,29.90999984741211,30.25,27.60602760314941,0.1267598859826556,0.8333349008523117,0.2281494140624929,0.22814941406248934
2017-10-06,30.14999961853028,30.64999961853028,30.14999961853028,30.450000762939453,27.788545608520508,0.0887789413254138,0.6611527308270748,0.1825180053710973,0.1825180053710973
2017-10-09,30.5,31.200000762939453,30.5,30.950000762939453,28.24484634399414,0.0254773668966775,1.6420461218154658,0.4563007354736328,0.4563007354736328
2017-10-10,31.200000762939453,31.75,31.0,31.75,28.97492218017578,0.4179471283548428,2.584810790931713,0.7300758361816406,0.7300758361816406
2017-10-11,31.850000381469727,31.89999961853028,31.25,31.25,28.51862335205078,0.1267598859826556,-1.574806052239175,-0.456298828125,-0.456298828125
2017-10-12,30.0,31.07999992370605,30.0,30.64999961853028,27.9710636138916,-0.2277289308182678,-1.920007608360952,-0.5475597381591797,-0.5475597381591797
2017-10-13,30.600000381469727,31.14999961853028,30.600000381469727,31.14999961853028,28.427358627319336,-0.2783701903612569,1.6313109137584547,0.4562950134277344,0.4562950134277344
2017-10-16,31.100000381469727,31.100000381469727,29.950000762939453,30.200000762939453,27.56039810180664,1.088943817299448,-3.0497399947652104,-0.8669605255126953,-0.8669605255126953
2017-10-17,30.18000030517578,30.25,30.049999237060547,30.049999237060547,27.423503875732425,-0.0884654670750478,-0.4967062724149929,-0.1368942260742152,-0.1368942260742152
2017-10-18,30.100000381469727,30.39999961853028,30.100000381469727,30.100000381469727,27.469135284423828,0.6078518516410518,0.1663952531309576,0.0456314086914027,0.0456314086914027
2017-10-19,30.14999961853028,30.14999961853028,29.850000381469727,29.850000381469727,27.240991592407227,-0.4176336541044768,-0.8305455910946336,-0.2281436920166015,-0.22814369201660156
2017-10-20,30.100000381469727,30.200000762939453,29.950000762939453,30.200000762939453,27.56039810180664,-0.3416717647899932,1.1725215960510127,0.319406509399414,0.31940650939941406
2017-10-23,30.100000381469727,30.200000762939453,29.600000381469727,29.600000381469727,27.01283836364746,-0.5568971178476968,-1.9867628041384755,-0.5475597381591797,-0.5475597381591797
2017-10-24,29.75,30.25,29.75,30.100000381469727,27.469135284423828,-0.2403892457040151,1.6891853963426184,0.4562969207763672,0.4562969207763672
2017-10-25,30.0,30.25,29.64999961853028,30.14999961853028,27.514768600463867,0.1394202008684029,0.1661257828742712,0.045633316040039,0.04563331604003906
2017-10-26,30.100000381469727,30.25,30.100000381469727,30.25,27.60602760314941,-0.5442368029619495,0.3316727972918709,0.0912590026855433,0.09125900268554332
2017-10-27,30.25,30.299999237060547,30.100000381469727,30.299999237060547,27.651655197143555,0.240702719954381,0.1652812735322362,0.0456275939941441,0.04562759399414418
2017-10-30,30.200000762939453,30.200000762939453,29.799999237060547,29.799999237060547,27.19536018371582,-0.3923130243329823,-1.6501544308091587,-0.4562950134277344,-0.4562950134277344
2017-10-31,29.75,30.0,29.64999961853028,29.799999237060547,27.39762306213379,0.519229647440821,0.7437403919330343,0.2022628784179687,0.20226287841796875
2017-11-01,29.61000061035156,29.64999961853028,29.100000381469727,29.100000381469727,26.75405502319336,-0.5062558583047078,-2.3489922373226,-0.6435680389404297,-0.6435680389404297
2017-11-02,28.549999237060547,29.799999237060547,28.549999237060547,29.75,27.35165786743164,-0.2657098754755096,2.233690719856152,0.5976028442382812,0.5976028442382812
2017-11-03,29.450000762939453,29.64999961853028,29.450000762939453,29.5,27.121809005737305,0.190061460411392,-0.8403470927004553,-0.2298488616943359,-0.22984886169433594
2017-11-06,29.5,29.75,29.450000762939453,29.450000762939453,27.07583999633789,-0.5442368029619495,-0.1694909413663681,-0.045969009399414,-0.04596900939941406
2017-11-07,29.049999237060547,29.049999237060547,27.850000381469727,27.89999961853028,25.650793075561523,0.0381376817824247,-5.263167905295307,-1.4250469207763672,-1.4250469207763672
2017-11-08,28.049999237060547,28.049999237060547,27.559999465942383,27.75,25.51288795471192,0.2786836646116228,-0.5376251737845616,-0.1379051208496058,-0.13790512084960227
2017-11-09,27.549999237060547,28.100000381469727,27.549999237060547,27.850000381469727,25.604825973510746,-0.2024083010467733,0.3603591210921575,0.0919380187988281,0.09193801879882457
2017-11-10,28.200000762939453,28.89999961853028,28.200000762939453,28.64999961853028,26.34033203125,-0.1011257819607951,2.8725290244119077,0.7355060577392543,0.7355060577392543
2017-11-13,28.049999237060547,28.799999237060547,28.0,28.600000381469727,26.29436492919922,-0.3669923945614878,-0.1745122346834771,-0.0459671020507812,-0.04596710205078125
2017-11-14,28.799999237060547,29.0,28.799999237060547,28.799999237060547,26.47823905944824,-0.4935955434189604,0.6992910106181416,0.1838741302490198,0.18387413024901988
2017-11-15,28.700000762939453,29.600000381469727,28.700000762939453,29.100000381469727,26.75405502319336,0.4306074432405901,1.0416703434313224,0.2758159637451207,0.27581596374512074
2017-11-16,28.96999931335449,29.5,28.96999931335449,29.450000762939453,27.07583999633789,-0.2150686159325205,1.202752154264353,0.3217849731445312,0.32178497314453125
2017-11-17,29.14999961853028,29.75,29.14999961853028,29.700000762939453,27.3056869506836,0.0887789413254138,0.8489005488907964,0.2298469543457066,0.22984695434571023
2017-11-20,29.64999961853028,29.89999961853028,29.350000381469727,29.89999961853028,27.489561080932617,-0.2910305052470042,0.6733913363216715,0.1838741302490198,0.18387413024901633
2017-11-21,29.950000762939453,30.25,29.89999961853028,30.25,27.81134605407715,-0.0251638926463115,1.1705715205752254,0.3217849731445312,0.32178497314453125
2017-11-22,30.0,30.049999237060547,29.600000381469727,29.64999961853028,27.25971794128418,-0.2657098754755096,-1.983464272891966,-0.5516281127929688,-0.5516281127929688
2017-11-24,29.850000381469727,29.950000762939453,29.850000381469727,29.950000762939453,27.53553009033203,-0.6328590071621804,1.0117938477644417,0.2758121490478515,0.27581214904785156
2017-11-27,29.850000381469727,30.0,29.64999961853028,29.850000381469727,27.44359016418457,-0.3923130243329823,-0.3338956099477541,-0.0919399261474609,-0.09193992614746094
2017-11-28,29.850000381469727,30.25,29.5,30.14999961853028,27.71940994262696,0.1140995710969084,1.0050426230397091,0.2758197784423863,0.2758197784423899
2017-11-29,30.25,30.51000022888184,29.700000762939453,30.25,27.81134605407715,0.9243597237847336,0.3316669136914418,0.0919361114501917,0.09193611145018821
2017-11-30,30.25,30.39999961853028,29.549999237060547,30.049999237060547,27.62746810913086,0.3293249241546119,-0.6611616157979228,-0.183877944946289,-0.18387794494628906
2017-12-01,30.100000381469727,30.100000381469727,27.600000381469727,28.100000381469727,25.83467483520508,1.0636231875279536,-6.489169643935854,-1.7927932739257777,-1.7927932739257777
2017-12-04,28.299999237060547,29.049999237060547,28.299999237060547,28.600000381469727,26.29436492919922,0.6331724814125463,1.7793531249238548,0.4596900939941371,0.4596900939941371
2017-12-05,28.600000381469727,29.71999931335449,28.5,28.549999237060547,26.24839210510254,0.2786836646116228,-0.1748390737729033,-0.0459728240966796,-0.04597282409667969
2017-12-06,28.549999237060547,28.950000762939453,28.5,28.5,26.202423095703125,-0.0884654670750478,-0.1751307631162602,-0.045969009399414,-0.04596900939941406
2017-12-07,29.030000686645508,29.75,28.86000061035156,29.5,27.121809005737305,0.3040042943831174,3.5087820186559204,0.9193859100341796,0.9193859100341797
2017-12-08,29.43000030517578,29.450000762939453,28.89999961853028,29.0,26.662113189697266,0.1014392562111611,-1.6949305112457511,-0.459695816040039,-0.45969581604003906
2017-12-11,29.25,29.600000381469727,28.799999237060547,29.049999237060547,26.708084106445312,-0.0758051521893006,0.1724203795137047,0.0459709167480468,0.045970916748046875
2017-12-12,29.299999237060547,29.89999961853028,29.200000762939453,29.700000762939453,27.3056869506836,-0.1137860968465424,2.237535428810733,0.5976028442382848,0.5976028442382884
2017-12-13,29.450000762939453,29.450000762939453,29.299999237060547,29.450000762939453,27.07583999633789,-0.2657098754755096,-0.8417548870344516,-0.2298469543457066,-0.22984695434571023
2017-12-14,29.350000381469727,29.5,28.75,28.89999961853028,26.57017707824707,-0.2910305052470042,-1.867579798666308,-0.5056629180908203,-0.5056629180908203
2017-12-15,28.799999237060547,30.100000381469727,28.64999961853028,30.100000381469727,27.67343711853028,4.342644742936496,4.152249482697057,1.103260040283207,1.1032600402832102
2017-12-18,30.049999237060547,30.049999237060547,29.350000381469727,29.75,27.35165786743164,-0.2783701903612569,-1.162772985951832,-0.3217792510986363,-0.3217792510986399
2017-12-19,29.700000762939453,29.700000762939453,28.64999961853028,28.75,26.432268142700195,-0.0125035777605642,-3.361367450512709,-0.9193897247314452,-0.9193897247314453
2017-12-20,28.950000762939453,29.0,28.5,28.75,26.432268142700195,-0.2783701903612569,0.0,0.0,0.0
2017-12-21,28.5,28.549999237060547,28.39999961853028,28.39999961853028,26.11048698425293,-0.4809352285332132,-1.2173800474104657,-0.3217811584472656,-0.3217811584472656
2017-12-22,28.3700008392334,28.39999961853028,28.200000762939453,28.200000762939453,25.926612854003903,-0.3290114499042459,-0.7042156293749713,-0.183874130249027,-0.183874130249027
2017-12-26,28.520000457763672,28.600000381469727,28.14999961853028,28.25,25.972579956054688,-0.4176336541044768,0.1772969817138481,0.0459671020507848,0.0459671020507848
2017-12-27,28.5,28.5,28.049999237060547,28.049999237060547,25.7887020111084,-0.5568971178476968,-0.707969501903194,-0.183877944946289,-0.18387794494628906
2017-12-28,28.13999938964844,28.25,28.0,28.14999961853028,25.88064193725586,-0.189747986161026,0.3565124220205273,0.0919399261474609,0.09193992614746094
2017-12-29,28.14999961853028,28.600000381469727,27.850000381469727,27.850000381469727,25.604825973510746,0.2786836646116228,-1.065723038917632,-0.2758159637451136,-0.27581596374511363
2018-01-02,28.64999961853028,28.950000762939453,28.100000381469727,28.100000381469727,25.83467483520508,0.1647408306398974,0.8976778906137683,0.2298488616943359,0.22984886169433594
2018-01-03,28.39999961853028,28.549999237060547,28.100000381469727,28.200000762939453,25.926612854003903,-0.3036908201327514,0.3558706249847443,0.091938018798821,0.09193801879882102
2018-01-04,28.299999237060547,28.75,28.299999237060547,28.450000762939453,26.156457901000977,-0.5442368029619495,0.8865216921753793,0.2298450469970738,0.22984504699707387
2018-01-05,29.0,29.200000762939453,28.36000061035156,28.700000762939453,26.386302947998047,-0.3290114499042459,0.8787315464005241,0.2298450469970703,0.2298450469970703
2018-01-08,28.5,28.850000381469727,28.5,28.5,26.202423095703125,-0.4429542838759714,-0.6968761506957244,-0.1838798522949218,-0.18387985229492188
2018-01-09,28.549999237060547,28.75,28.200000762939453,28.39999961853028,26.11048698425293,0.0761186264396665,-0.3508687387971831,-0.0919361114501953,-0.09193611145019531
2018-01-10,28.299999237060547,28.82999992370605,28.299999237060547,28.64999961853028,26.34033203125,-0.1391067266180369,0.8802786678612673,0.2298450469970703,0.2298450469970703
2018-01-11,28.549999237060547,29.799999237060547,28.32999992370605,29.64999961853028,27.25971794128418,0.0001567371251829,3.490411240615443,0.9193859100341796,0.9193859100341797
2018-01-12,29.549999237060547,29.64999961853028,29.46999931335449,29.64999961853028,27.25971794128418,0.2913439794973701,0.0,0.0,0.0
2018-01-16,29.89999961853028,29.950000762939453,29.270000457763672,29.64999961853028,27.25971794128418,0.4432677581263373,0.0,0.0,0.0
2018-01-17,29.950000762939453,30.0,29.25,29.799999237060547,27.39762306213379,-0.1391067266180369,0.5058934254075886,0.1379051208496093,0.13790512084960938
2018-01-18,29.700000762939453,29.700000762939453,29.5,29.5,27.121809005737305,-0.2530495605897623,-1.0067079752538288,-0.2758140563964844,-0.2758140563964844
2018-01-19,29.299999237060547,30.0,29.299999237060547,29.75,27.35165786743164,-0.1770876712752787,0.8474687718865503,0.2298488616943359,0.22984886169433594
2018-01-22,29.75,29.75,29.450000762939453,29.600000381469727,27.213747024536133,-0.5315764880762023,-0.5042138343640312,-0.1379108428955078,-0.1379108428955078
2018-01-23,29.5,29.780000686645508,29.21999931335449,29.39999961853028,27.029869079589844,-0.5695574327334441,-0.6756803639737741,-0.183877944946289,-0.18387794494628906
2018-01-24,29.450000762939453,29.549999237060547,29.049999237060547,29.049999237060547,26.708084106445312,-0.4682749136474659,-1.1904792146681498,-0.3217849731445312,-0.32178497314453125
2018-01-25,29.38999938964844,29.38999938964844,29.0,29.25,26.891963958740234,-0.379652709447235,0.6884801304431587,0.1838798522949218,0.18387985229492188
2018-01-26,29.25,29.299999237060547,29.25,29.299999237060547,26.937931060791016,-0.7214812113624113,0.170932484222086,0.0459671020507812,0.04596710205078125
2018-01-29,29.049999237060547,29.100000381469727,28.700000762939453,28.700000762939453,26.386302947998047,-0.5568971178476968,-2.047774610262776,-0.5516281127929688,-0.5516281127929688
2018-01-30,28.700000762939453,29.290000915527344,28.5,28.5,26.202423095703125,-0.3163511350184987,-0.6968761506957244,-0.1838798522949218,-0.18387985229492188
2018-01-31,28.32999992370605,28.450000762939453,28.100000381469727,28.200000762939453,26.12830352783203,-0.3923130243329823,-0.2828729526287543,-0.0741195678710937,-0.07411956787109375
2018-02-01,27.799999237060547,28.14999961853028,27.75,28.14999961853028,26.08197593688965,-0.1644273563895315,-0.1773080708934449,-0.0463275909423828,-0.04632759094238281
2018-02-02,28.0,28.100000381469727,27.799999237060547,27.799999237060547,25.757686614990234,-0.0884654670750478,-1.2433464499932656,-0.324289321899414,-0.32428932189941406
2018-02-05,27.75,27.799999237060547,26.850000381469727,26.850000381469727,24.877479553222656,0.3040042943831174,-3.417259767635039,-0.8802070617675781,-0.8802070617675781
2018-02-06,26.75,26.850000381469727,26.25,26.850000381469727,24.877479553222656,0.5572105920980628,0.0,0.0,0.0
2018-02-07,26.799999237060547,26.850000381469727,26.700000762939453,26.75,24.784826278686523,0.3419852390403592,-0.3724383506693685,-0.0926532745361328,-0.09265327453613281
2018-02-08,26.799999237060547,27.0,26.700000762939453,26.700000762939453,24.73849868774414,0.1014392562111611,-0.1869191674836234,-0.0463275909423828,-0.04632759094238281
2018-02-09,26.950000762939453,28.0,26.799999237060547,27.0,25.016456604003903,-0.1391067266180369,1.1235844170182752,0.2779579162597621,0.2779579162597621
2018-02-12,26.950000762939453,27.21999931335449,26.700000762939453,26.850000381469727,24.877479553222656,-0.0758051521893006,-0.5555425094016075,-0.1389770507812464,-0.13897705078124645
2018-02-13,26.64999961853028,27.25,26.5,26.600000381469727,24.64584732055664,-0.4429542838759714,-0.9310920431889524,-0.2316322326660156,-0.23163223266601562
2018-02-14,26.450000762939453,27.39999961853028,26.450000762939453,27.100000381469727,25.109113693237305,-0.0631448373035533,1.8796934293034528,0.463266372680664,0.46326637268066406
2018-02-15,27.25,27.25,26.39999961853028,26.64999961853028,24.69217300415039,-0.2277289308182678,-1.6605153578129306,-0.416940689086914,-0.41694068908691406
2018-02-16,26.450000762939453,27.0,26.39999961853028,27.0,25.016456604003903,-0.5442368029619495,1.3133052315768443,0.3242835998535121,0.3242835998535121
2018-02-20,26.89999961853028,27.950000762939453,26.5,26.5,24.553192138671875,0.1267598859826556,-1.8518388621747597,-0.4632644653320277,-0.4632644653320277
2018-02-21,26.600000381469727,27.0,26.600000381469727,26.75,24.784826278686523,-0.2910305052470042,0.9433972524078404,0.2316341400146484,0.23163414001464844
2018-02-22,27.049999237060547,27.049999237060547,26.700000762939453,27.0,25.016456604003903,-0.2150686159325205,0.9345650548963746,0.2316303253173792,0.23163032531737926
2018-02-23,26.89999961853028,27.049999237060547,26.89999961853028,26.89999961853028,24.92380714416504,-0.2150686159325205,-0.3703540485587187,-0.0926494598388636,-0.09264945983886363
2018-02-26,27.14999961853028,27.14999961853028,26.700000762939453,27.100000381469727,25.109113693237305,-0.5442368029619495,0.7434921478906009,0.1853065490722656,0.18530654907226562
2018-02-27,27.0,27.799999237060547,27.0,27.39999961853028,25.38707160949707,-0.1011257819607951,1.1070001102214455,0.2779579162597656,0.2779579162597656
2018-02-28,27.280000686645508,27.280000686645508,26.549999237060547,26.549999237060547,24.599517822265625,-0.2530495605897623,-3.1021844478385185,-0.7875537872314453,-0.7875537872314453
2018-03-01,26.799999237060547,26.799999237060547,26.14999961853028,26.39999961853028,24.460538864135746,-0.1391067266180369,-0.564966188093674,-0.1389789581298792,-0.13897895812987926
2018-03-02,26.0,27.0,26.0,27.0,25.016456604003903,-0.3036908201327514,2.2727125635128465,0.555917739868157,0.555917739868157
2018-03-05,27.0,27.5,26.950000762939453,27.39999961853028,25.38707160949707,-0.3416717647899932,1.481484813616052,0.3706150054931676,0.3706150054931676
2018-03-06,27.39999961853028,27.39999961853028,26.850000381469727,27.299999237060547,25.294418334960938,-0.3543320796757405,-0.3649624342709656,-0.0926532745361328,-0.09265327453613281
2018-03-07,26.700000762939453,27.5,26.700000762939453,27.350000381469727,25.34074783325196,-0.4176336541044768,0.1831609554230562,0.0463294982910191,0.04632949829102273
2018-03-08,26.89999961853028,27.299999237060547,26.850000381469727,27.049999237060547,25.06278419494629,-0.4682749136474659,-1.0969038488316651,-0.2779636383056676,-0.27796363830567117
2018-03-09,26.75,27.5,26.75,27.39999961853028,25.38707160949707,-0.4556145987617186,1.2939001989099586,0.3242874145507812,0.32428741455078125
2018-03-12,27.25,27.5,27.25,27.5,25.47972679138184,-0.0884654670750478,0.3649699473416534,0.0926551818847691,0.09265518188476918
2018-03-13,27.39999961853028,27.75,27.299999237060547,27.600000381469727,25.5723819732666,-0.0631448373035533,0.3636427605499426,0.092655181884762,0.09265518188476207
2018-03-14,27.600000381469727,28.39999961853028,27.25,27.89999961853028,25.850341796875,-0.2277289308182678,1.0869531977857116,0.2779598236083984,0.27795982360839844
2018-03-15,27.850000381469727,28.89999961853028,27.15999984741211,28.850000381469727,26.73054885864257,0.0634583115539193,3.4050113096530943,0.8802070617675746,0.880207061767571
2018-03-16,28.75,29.100000381469727,28.350000381469727,29.100000381469727,26.962182998657227,2.874048216189813,0.8665521282020361,0.231634140014652,0.23163414001465554
2018-03-19,28.549999237060547,28.700000762939453,28.100000381469727,28.700000762939453,26.59156990051269,-0.2657098754755096,-1.3745663626828386,-0.3706130981445348,-0.3706130981445348
2018-03-20,28.5,28.729999542236328,28.0,28.14999961853028,26.08197593688965,-0.1517670415037842,-1.916374119804109,-0.5095939636230433,-0.5095939636230433
2018-03-21,28.39999961853028,28.39999961853028,28.100000381469727,28.299999237060547,26.22095489501953,-0.5315764880762023,0.5328544066836471,0.1389789581298828,0.1389789581298828
2018-03-22,28.049999237060547,28.350000381469727,27.350000381469727,27.350000381469727,25.34074783325196,0.0381376817824247,-3.356884084853684,-0.8802070617675746,-0.880207061767571
2018-03-23,27.950000762939453,28.14999961853028,27.200000762939453,27.200000762939453,25.201765060424805,0.4306074432405901,-0.5484556878182612,-0.138982772827152,-0.13898277282715554
2018-03-26,27.479999542236328,28.299999237060547,27.479999542236328,28.25,26.17462921142578,0.4939090176693264,3.860301644223707,0.9728641510009766,0.9728641510009766
2018-03-27,28.200000762939453,28.75,28.049999237060547,28.049999237060547,25.989320755004883,0.5572105920980628,-0.7079697478198033,-0.1853084564208984,-0.18530845642089844
2018-03-28,27.700000762939453,27.850000381469727,27.549999237060547,27.850000381469727,25.80401611328125,0.0761186264396665,-0.7130030194727133,-0.1853046417236328,-0.1853046417236328
2018-03-29,27.700000762939453,27.850000381469727,27.299999237060547,27.5,25.47972679138184,-0.0631448373035533,-1.2567397279390935,-0.3242893218994105,-0.3242893218994105
2018-04-02,27.299999237060547,27.3700008392334,26.799999237060547,27.350000381469727,25.34074783325196,0.0887789413254138,-0.5454491693250407,-0.1389789581298828,-0.13897895812987926
2018-04-03,27.39999961853028,27.450000762939453,27.299999237060547,27.350000381469727,25.34074783325196,-0.2783701903612569,0.0,0.0,0.0
2018-04-04,26.799999237060547,27.100000381469727,26.799999237060547,27.100000381469727,25.109113693237305,-0.6075383773906858,-0.9140777594207504,-0.231634140014652,-0.23163414001465554
2018-04-05,28.5,28.5,27.200000762939453,27.450000762939453,25.43340110778809,-0.3923130243329823,1.2915127889923328,0.3242874145507848,0.3242874145507848
2018-04-06,27.299999237060547,28.14999961853028,27.299999237060547,27.600000381469727,25.5723819732666,-0.4809352285332132,0.5464501774241848,0.138980865478512,0.13898086547851207
2018-04-09,27.100000381469727,27.799999237060547,27.100000381469727,27.299999237060547,25.294418334960938,-0.0758051521893006,-1.0869681150400767,-0.277963638305664,-0.27796363830566406
2018-04-10,27.14999961853028,27.600000381469727,27.14999961853028,27.350000381469727,25.34074783325196,-0.379652709447235,0.1831609554230562,0.0463294982910191,0.04632949829102273
2018-04-11,27.450000762939453,28.75,27.450000762939453,28.0,25.9429931640625,-0.0125035777605642,2.3765886262451907,0.6022453308105433,0.6022453308105398
2018-04-12,28.14999961853028,28.14999961853028,27.600000381469727,27.64999961853028,25.61870574951172,-0.4302939689902241,-1.2499999999999956,-0.3242874145507812,-0.32428741455078125
2018-04-13,27.89999961853028,28.049999237060547,27.450000762939453,28.0,25.9429931640625,-0.1264464117322896,1.265822784810133,0.3242874145507812,0.32428741455078125
2018-04-16,28.14999961853028,28.5,28.14999961853028,28.200000762939453,26.12830352783203,0.050797996668172,0.7142983178449525,0.1853103637695312,0.18531036376953125
2018-04-17,28.299999237060547,28.299999237060547,28.01000022888184,28.25,26.17462921142578,0.1267598859826556,0.1773007709605201,0.04632568359375,0.04632568359375
2018-04-18,28.100000381469727,28.25,27.799999237060547,27.850000381469727,25.80401611328125,-0.2024083010467733,-1.4159249216135985,-0.3706130981445312,-0.37061309814453125
2018-04-19,27.89999961853028,28.14999961853028,27.850000381469727,27.950000762939453,25.89666748046875,-0.3290114499042459,0.3590579341632427,0.0926513671875,0.0926513671875
2018-04-20,27.89999961853028,28.950000762939453,27.89999961853028,28.799999237060547,26.684223175048828,-0.2783701903612569,3.0411468779681927,0.7875556945800781,0.7875556945800781
2018-04-23,28.700000762939453,28.950000762939453,28.700000762939453,28.799999237060547,26.684223175048828,-0.6075383773906858,0.0,0.0,0.0
2018-04-24,28.799999237060547,29.0,28.68000030517578,28.850000381469727,26.73054885864257,-0.3923130243329823,0.1736070159878755,0.0463256835937464,0.046325683593742895
2018-04-25,29.0,29.100000381469727,28.600000381469727,28.799999237060547,26.684223175048828,0.190061460411392,-0.1733061443621175,-0.0463256835937464,-0.046325683593742895
2018-04-26,28.89999961853028,29.100000381469727,28.64999961853028,28.89999961853028,26.776874542236328,0.240702719954381,0.3472140319757733,0.0926513671875,0.0926513671875
2018-04-27,29.299999237060547,29.299999237060547,28.600000381469727,28.799999237060547,26.684223175048828,-0.3669923945614878,-0.3460126275804054,-0.0926513671875,-0.0926513671875
2018-04-30,27.950000762939453,28.13999938964844,27.64999961853028,27.64999961853028,26.052921295166016,0.2153820901828865,-2.3658244639218617,-0.6313018798828125,-0.6313018798828125
2018-05-01,27.549999237060547,27.950000762939453,27.549999237060547,27.950000762939453,26.335596084594727,-0.4682749136474659,1.0850022775801271,0.2826747894287109,0.28267478942871094
2018-05-02,28.25,28.25,27.75,28.200000762939453,26.57115364074707,-0.2150686159325205,0.8944455078810032,0.2355575561523437,0.23555755615234375
2018-05-03,27.75,27.75,27.200000762939453,27.299999237060547,25.72313690185547,-0.2403892457040151,-3.191493867210804,-0.8480167388916016,-0.8480167388916016
2018-05-04,27.299999237060547,27.39999961853028,27.299999237060547,27.39999961853028,25.81736183166504,0.1520805157541502,0.3663041959815372,0.0942249298095703,0.09422492980957031
2018-05-07,27.64999961853028,27.64999961853028,27.309999465942383,27.450000762939453,25.86447525024414,-0.5695574327334441,0.1824873466401921,0.0471134185791015,0.04711341857910156
2018-05-08,27.5,27.600000381469727,27.5,27.549999237060547,25.958696365356445,-0.5062558583047078,0.3642877506722763,0.0942211151123046,0.09422111511230469
2018-05-09,27.299999237060547,27.64999961853028,27.299999237060547,27.39999961853028,25.81736183166504,-0.5568971178476968,-0.5444592891036937,-0.1413345336914062,-0.14133453369140625
2018-05-10,27.479999542236328,27.850000381469727,27.450000762939453,27.450000762939453,25.86447525024414,-0.4682749136474659,0.1824873466401921,0.0471134185791015,0.04711341857910156
2018-05-11,28.0,28.39999961853028,27.89999961853028,28.39999961853028,26.75960159301757,-0.4935955434189604,3.4608331857225005,0.895126342773434,0.8951263427734304
2018-05-14,28.200000762939453,28.299999237060547,27.799999237060547,28.100000381469727,26.4769287109375,-0.2150686159325205,-1.0563418931985646,-0.2826728820800746,-0.282672882080071
2018-05-15,28.299999237060547,29.600000381469727,28.200000762939453,29.549999237060547,27.84317398071289,0.6838137409555355,5.16013501675896,1.3662452697753906,1.3662452697753906
2018-05-16,29.299999237060547,29.61000061035156,29.14999961853028,29.600000381469727,27.890289306640625,1.0003216130992172,0.1692167924546739,0.0471153259277343,0.047115325927734375
2018-05-17,29.75,29.950000762939453,28.549999237060547,29.89999961853028,28.17296028137207,0.0254773668966775,1.0135103713827087,0.2826709747314453,0.2826709747314453
2018-05-18,30.100000381469727,30.100000381469727,29.39999961853028,29.799999237060547,28.078733444213867,0.4306074432405901,-0.3344584176356746,-0.0942268371582031,-0.09422683715820312
2018-05-21,29.75,30.14999961853028,29.75,30.100000381469727,28.36140823364257,0.1774011455256447,1.0067220089906126,0.2826747894287074,0.28267478942870383
2018-05-22,30.25,30.25,29.89999961853028,29.89999961853028,28.17296028137207,0.190061460411392,-0.6644520283268784,-0.1884479522705042,-0.1884479522705007
2018-05-23,30.100000381469727,30.14999961853028,29.57999992370605,30.049999237060547,28.31429672241211,-0.2657098754755096,0.5016740861750746,0.141336441040039,0.14133644104003906
2018-05-24,29.950000762939453,30.100000381469727,29.950000762939453,30.030000686645508,28.29545211791992,-0.3163511350184987,-0.0665550858527042,-0.018844604492191,-0.018844604492191053
2018-05-25,30.100000381469727,30.100000381469727,29.809999465942383,30.100000381469727,28.36140823364257,-0.2783701903612569,0.2330979390178678,0.0659561157226562,0.0659561157226527
2018-05-29,30.049999237060547,30.100000381469727,29.5,29.799999237060547,28.078733444213867,0.4306074432405901,-0.996688130222656,-0.2826747894287074,-0.28267478942870383
2018-05-30,29.700000762939453,30.100000381469727,29.64999961853028,30.0,28.26718711853028,0.1647408306398974,0.6711615917107672,0.1884536743164098,0.18845367431641336
2018-05-31,30.100000381469727,30.64999961853028,30.049999237060547,30.25,28.502744674682617,0.6838137409555355,0.8333250675583548,0.2355575561523402,0.23555755615233664
2018-06-01,30.64999961853028,31.0,30.26000022888184,30.600000381469727,28.83252716064453,0.8230772046987554,1.157020103593176,0.329782485961914,0.32978248596191406
2018-06-04,30.450000762939453,31.0,30.450000762939453,30.75,28.97386360168457,0.190061460411392,0.4901978943870011,0.141336441040039,0.14133644104003906
2018-06-05,30.700000762939453,31.0,30.600000381469727,30.799999237060547,29.020977020263672,0.1140995710969084,0.1626066141084514,0.0471134185791015,0.04711341857910156
2018-06-06,30.850000381469727,31.0,30.68000030517578,30.799999237060547,29.020977020263672,0.3419852390403592,0.0,0.0,0.0
2018-06-07,30.89999961853028,31.39999961853028,30.450000762939453,30.850000381469727,29.06808853149414,-0.3036908201327514,0.1623360619374514,0.0471115112304687,0.04711151123046875
2018-06-08,30.850000381469727,31.350000381469727,30.549999237060547,31.0,29.20942497253418,0.7217946856127773,0.4862254388929177,0.141336441040039,0.14133644104003906
2018-06-11,31.0,31.0,30.64999961853028,30.850000381469727,29.06808853149414,0.3673058688118537,-0.4838727266043063,-0.141336441040039,-0.14133644104003906
2018-06-12,30.799999237060547,31.100000381469727,30.75,30.850000381469727,29.06808853149414,-0.2150686159325205,0.0,0.0,0.0
2018-06-13,30.700000762939453,30.799999237060547,30.600000381469727,30.64999961853028,28.879638671875,-0.3923130243329823,-0.6483049596293977,-0.1884498596191406,-0.18844985961914062
2018-06-14,30.75,31.07999992370605,30.39999961853028,30.700000762939453,28.92675399780273,-0.2657098754755096,0.1631437514265643,0.0471153259277308,0.04711532592773082
2018-06-15,30.5,30.850000381469727,30.39999961853028,30.850000381469727,29.06808853149414,1.468753263871866,0.4885945160046256,0.1413345336914098,0.1413345336914098
2018-06-18,30.450000762939453,31.549999237060547,30.229999542236328,30.75,28.97386360168457,-0.1011257819607951,-0.3241524798146988,-0.0942249298095703,-0.09422492980957031
2018-06-19,30.799999237060547,30.950000762939453,30.64999961853028,30.64999961853028,28.879638671875,-0.1644273563895315,-0.3252066452197,-0.0942249298095703,-0.09422492980957031
2018-06-20,30.700000762939453,30.950000762939453,30.600000381469727,30.850000381469727,29.06808853149414,0.0887789413254138,0.6525353788538357,0.1884498596191406,0.18844985961914062
2018-06-21,30.700000762939453,30.799999237060547,29.8799991607666,30.600000381469727,28.83252716064453,-0.4556145987617186,-0.8103779187076166,-0.2355613708496093,-0.23556137084960938
2018-06-22,30.700000762939453,31.450000762939453,29.25,31.450000762939453,29.633434295654297,6.31765386511307,2.777790273281977,0.8009071350097656,0.8009071350097656
2018-06-25,31.200000762939453,31.5,30.950000762939453,31.049999237060547,29.25653648376465,0.0381376817824247,-1.2718667979192633,-0.3768978118896484,-0.37689781188964844
2018-06-26,30.1299991607666,31.25,30.1299991607666,31.14999961853028,29.350759506225582,-0.0378242075320588,0.3220580211646728,0.0942230224609339,0.09422302246093395
2018-06-27,31.299999237060547,31.299999237060547,30.979999542236328,31.100000381469727,29.30364799499512,-0.2783701903612569,-0.1605120685904904,-0.0471115112304616,-0.047111511230461645
2018-06-28,30.75,31.25,30.75,31.25,29.44498443603516,-0.379652709447235,0.482316881038769,0.141336441040039,0.14133644104003906
2018-06-29,31.25,31.3799991607666,30.450000762939453,30.850000381469727,29.06808853149414,0.70913437072703,-1.2800003523852022,-0.3768959045410192,-0.3768959045410192
2018-07-02,30.799999237060547,31.39999961853028,30.799999237060547,31.200000762939453,29.39787483215332,-0.0378242075320588,1.1345303985223154,0.3297863006591797,0.3297863006591797
2018-07-03,31.299999237060547,31.299999237060547,29.809999465942383,31.299999237060547,29.492095947265625,-0.2150686159325205,0.3205031508238587,0.0942211151123046,0.09422111511230469
2018-07-05,30.799999237060547,31.450000762939453,30.799999237060547,31.350000381469727,29.53920555114746,0.050797996668172,0.1597363712842581,0.0471096038818359,0.04710960388183594
2018-07-06,31.299999237060547,31.600000381469727,31.25,31.600000381469727,29.774768829345703,0.3293249241546119,0.7974597617067314,0.2355632781982422,0.2355632781982422
2018-07-09,31.700000762939453,32.0,31.450000762939453,32.0,30.15166282653809,-0.0631448373035533,1.2658167032380874,0.3768939971923863,0.37689399719238637
2018-07-10,32.0,32.0,31.57999992370605,31.64999961853028,29.82187843322754,-0.0884654670750478,-1.093751927407105,-0.3297843933105504,-0.3297843933105504
2018-07-11,31.549999237060547,31.549999237060547,30.950000762939453,30.950000762939453,29.16231346130371,-0.4809352285332132,-2.211681512285091,-0.6595649719238281,-0.6595649719238281
2018-07-12,31.229999542236328,31.5,31.100000381469727,31.5,29.680543899536133,-0.2024083010467733,1.7770553043402249,0.5182304382324219,0.5182304382324219
2018-07-13,31.5,31.5,31.1299991607666,31.25,29.44498443603516,-0.4049733392187296,-0.7936494165952768,-0.235559463500973,-0.235559463500973
2018-07-16,31.25,31.25,31.200000762939453,31.25,29.44498443603516,-0.4556145987617186,0.0,0.0,0.0
2018-07-17,31.25,31.25,30.799999237060547,30.89999961853028,29.11520004272461,-0.4556145987617186,-1.1200019277543103,-0.3297843933105504,-0.3297843933105504
2018-07-18,30.89999961853028,31.0,30.39999961853028,30.75,28.97386360168457,0.8230772046987554,-0.4854386740693384,-0.141336441040039,-0.14133644104003906
2018-07-19,30.75,31.450000762939453,30.700000762939453,31.25,29.44498443603516,-0.3543320796757405,1.626020060104083,0.4711208343505895,0.4711208343505895
2018-07-20,31.350000381469727,31.75,31.350000381469727,31.350000381469727,29.53920555114746,-0.3290114499042459,0.3199903715927599,0.0942211151123011,0.09422111511230113
2018-07-23,31.200000762939453,31.700000762939453,30.850000381469727,31.700000762939453,29.86899375915528,-0.0758051521893006,1.1164423749880026,0.329788208007816,0.3297882080078196
2018-07-24,31.540000915527344,31.75,31.520000457763672,31.64999961853028,29.82187843322754,-0.4935955434189604,-0.1577399168771642,-0.0471153259277379,-0.04711532592774148
2018-07-25,31.75,31.75,31.5,31.5,29.680543899536133,-0.4429542838759714,-0.4739290115740369,-0.1413345336914062,-0.14133453369140625
2018-07-26,31.700000762939453,32.150001525878906,30.600000381469727,31.14999961853028,29.350759506225582,0.4179471283548428,-1.1111130389888313,-0.3297843933105504,-0.3297843933105504
2018-07-27,31.100000381469727,31.14999961853028,30.75,31.0,29.20942497253418,-0.1770876712752787,-0.4815362057715155,-0.1413345336914027,-0.1413345336914027
2018-07-30,31.14999961853028,31.75,31.14999961853028,31.299999237060547,29.492095947265625,-0.0251638926463115,0.9677389233004208,0.2826709747314453,0.2826709747314453
2018-07-31,31.049999237060547,31.64999961853028,30.76000022888184,31.450000762939453,29.85280036926269,-0.0125035777605642,1.2230545521146885,0.3607044219970667,0.36070442199706676
2018-08-01,31.450000762939453,31.450000762939453,30.64999961853028,30.64999961853028,29.09342384338379,-0.2530495605897623,-2.543736321168644,-0.7593765258789027,-0.7593765258789027
2018-08-02,30.75,31.64999961853028,30.75,31.64999961853028,30.042638778686523,-0.0631448373035533,3.262644302068285,0.9492149353027344,0.9492149353027344
2018-08-03,31.75,32.0,30.75,30.75,29.18834686279297,-0.1770876712752787,-2.8435981345940387,-0.8542919158935547,-0.8542919158935547
2018-08-06,30.64999961853028,30.700000762939453,30.64999961853028,30.700000762939453,29.140888214111328,-0.5695574327334441,-0.1625945069953172,-0.0474586486816406,-0.047458648681640625
2018-08-07,30.799999237060547,30.799999237060547,29.299999237060547,29.799999237060547,28.286590576171875,1.5320548383006023,-2.9316115269463983,-0.8542976379394531,-0.8542976379394531
2018-08-08,30.100000381469727,30.100000381469727,29.850000381469727,29.850000381469727,28.33405113220215,-0.5442368029619495,0.1677846465888866,0.0474605560302734,0.04746055603027344
2018-08-09,29.850000381469727,30.100000381469727,29.64999961853028,30.100000381469727,28.57135772705078,-0.6328590071621804,0.837531469613717,0.2373065948486328,0.2373065948486328
2018-08-10,30.0,30.350000381469727,30.0,30.200000762939453,28.66628074645996,-0.5822177476191913,0.3322313917175412,0.0949230194091796,0.09492301940917969
2018-08-13,30.299999237060547,30.600000381469727,30.14999961853028,30.25,28.7137393951416,-0.2150686159325205,0.1655556543989522,0.0474586486816406,0.047458648681640625
2018-08-14,30.549999237060547,30.549999237060547,29.89999961853028,30.100000381469727,28.57135772705078,-0.3290114499042459,-0.4958659899062523,-0.1423816680908203,-0.1423816680908203
2018-08-15,30.299999237060547,30.299999237060547,30.049999237060547,30.25,28.7137393951416,-0.0884654670750478,0.4983370739711779,0.1423816680908203,0.1423816680908203
2018-08-16,30.950000762939453,30.950000762939453,30.14999961853028,30.89999961853028,29.33072853088379,-0.4049733392187296,2.148759265561151,0.6169891357421875,0.6169891357421875
2018-08-17,30.75,31.14999961853028,30.75,31.100000381469727,29.52057266235352,-0.3923130243329823,0.6472533788918211,0.1898441314697301,0.18984413146973012
2018-08-20,31.299999237060547,31.299999237060547,30.40999984741211,30.700000762939453,29.140888214111328,-0.0125035777605642,-1.2861689797989184,-0.379684448242191,-0.37968444824219105
2018-08-21,30.850000381469727,31.0,30.799999237060547,30.799999237060547,29.235809326171875,-0.4809352285332132,0.3257317050980646,0.0949211120605468,0.09492111206054688
2018-08-22,31.0,31.0,30.549999237060547,30.75,29.18834686279297,-0.2657098754755096,-0.1623435932605388,-0.0474624633789062,-0.04746246337890625
2018-08-23,30.600000381469727,30.799999237060547,30.350000381469727,30.799999237060547,29.235809326171875,-0.4556145987617186,0.1626075762427126,0.0474624633789062,0.04746246337890625
2018-08-24,30.89999961853028,30.89999961853028,30.39999961853028,30.75,29.18834686279297,-0.2277289308182678,-0.1623435932605388,-0.0474624633789062,-0.04746246337890625
2018-08-27,30.549999237060547,30.64999961853028,30.0,30.0,28.476438522338867,-0.2783701903612569,-2.439015624285279,-0.7119083404541016,-0.7119083404541016
2018-08-28,30.0,30.350000381469727,29.64999961853028,29.950000762939453,28.4289779663086,-0.5315764880762023,-0.166666052684361,-0.0474605560302698,-0.04746055603026633
2018-08-29,30.0,30.14999961853028,29.76000022888184,30.14999961853028,28.61881828308105,-0.2277289308182678,0.6677704594144629,0.1898403167724538,0.18984031677245028
2018-08-30,30.1299991607666,30.200000762939453,29.950000762939453,29.950000762939453,28.4289779663086,-0.2530495605897623,-0.6633408650722816,-0.1898403167724538,-0.18984031677245028
2018-08-31,30.25,30.25,30.25,30.25,28.7137393951416,-0.5568971178476968,1.001659043707015,0.2847614288330042,0.2847614288330007
2018-09-04,30.049999237060547,30.100000381469727,29.950000762939453,29.950000762939453,28.4289779663086,-0.5948780625049386,-0.9917253371784284,-0.2847614288330042,-0.2847614288330007
2018-09-05,29.950000762939453,30.25,29.950000762939453,30.25,28.7137393951416,-0.6201986922764331,1.001659043707015,0.2847614288330042,0.2847614288330007
2018-09-06,30.100000381469727,30.549999237060547,30.100000381469727,30.549999237060547,28.99850082397461,-0.5062558583047078,0.9917253371784396,0.2847614288330078,0.2847614288330078
2018-09-07,30.39999961853028,30.799999237060547,30.39999961853028,30.5,28.9510440826416,-0.4935955434189604,-0.1636523957603053,-0.0474567413330078,-0.04745674133300781
2018-09-10,30.6299991607666,30.6299991607666,28.799999237060547,29.200000762939453,27.71706771850586,2.4309371951886587,-4.262286225717182,-1.2339763641357422,-1.2339763641357422
2018-09-11,29.25,29.450000762939453,26.799999237060547,27.200000762939453,25.81863594055176,3.30449892230522,-6.849324023863357,-1.898431777954098,-1.898431777954098
2018-09-12,27.600000381469727,28.299999237060547,27.200000762939453,27.39999961853028,26.00847816467285,2.3802959356456697,0.7352914559785706,0.1898422241210902,0.1898422241210902
2018-09-13,27.75,28.299999237060547,26.799999237060547,26.89999961853028,25.533870697021484,2.8613879013040657,-1.8248182944284097,-0.4746074676513672,-0.4746074676513672
2018-09-14,27.100000381469727,27.75,26.89999961853028,27.0,25.628795623779297,2.937349790618549,0.3717608187343346,0.0949249267578125,0.0949249267578125
2018-09-17,27.25,27.43000030517578,26.5,26.75,25.391489028930664,3.215876718104989,-0.9259373648773828,-0.2373065948486328,-0.2373065948486328
2018-09-18,26.799999237060547,27.34000015258789,26.549999237060547,26.600000381469727,25.249107360839844,2.1903912123594607,-0.5607456416935386,-0.1423816680908203,-0.1423816680908203
2018-09-24,27.25,28.15999984741211,26.75,26.950000762939453,25.58133125305176,6.558199847942268,1.3157847026591618,0.3322238922119176,0.3322238922119176
2018-09-25,26.600000381469727,27.32999992370605,26.600000381469727,26.950000762939453,25.58133125305176,6.330314179998817,0.0,0.0,0.0
2018-09-26,27.0,27.549999237060547,26.799999237060547,27.39999961853028,26.00847816467285,3.076613254361769,1.6697602927530752,0.4271469116210902,0.4271469116210902
2018-09-27,27.39999961853028,28.14999961853028,27.14999961853028,27.200000762939453,25.81863594055176,0.2280424050686338,-0.7299243843453818,-0.1898422241210902,-0.1898422241210902
2018-09-28,27.299999237060547,27.549999237060547,27.25,27.25,25.86609649658203,-0.1644273563895315,0.1838228639946315,0.0474605560302698,0.047460556030269885
2018-10-01,27.38999938964844,27.40999984741211,27.0,27.07999992370605,25.704730987548828,0.4306074432405901,-0.6238494820991924,-0.1613655090332031,-0.16136550903320312
2018-10-02,27.09000015258789,27.459999084472656,27.09000015258789,27.31999969482422,25.932540893554688,-0.050484522417806,0.8862567210534467,0.2278099060058593,0.22780990600585938
2018-10-03,27.5,27.96999931335449,27.450000762939453,27.96999931335449,26.549530029296875,0.2660233497258756,2.379208185864789,0.6169891357421875,0.6169891357421875
2018-10-04,27.84000015258789,28.489999771118164,27.51000022888184,28.31999969482422,26.881755828857425,0.7471153153842718,1.2513434294089132,0.3322257995605504,0.3322257995605504
2018-10-05,28.3799991607666,28.39999961853028,27.780000686645508,28.030000686645508,26.606483459472656,-0.3290114499042459,-1.0240118656582142,-0.2752723693847692,-0.2752723693847692
2018-10-08,28.18000030517578,28.540000915527344,27.0,28.21999931335449,26.786834716796875,0.2027217752971392,0.6778470277702509,0.1803512573242187,0.18035125732421875
2018-10-09,28.39999961853028,28.63999938964844,27.0,28.440000534057617,26.995664596557617,0.4812487027835792,0.7795989409297155,0.2088298797607422,0.2088298797607422
2018-10-10,28.5,28.690000534057617,27.32999992370605,27.89999961853028,26.48308753967285,0.4559280730120846,-1.8987384253919328,-0.5125770568847656,-0.5125770568847656
2018-10-11,28.0,29.670000076293945,27.950000762939453,27.950000762939453,26.530548095703125,0.7344550004985245,0.1792108112740775,0.0474605560302734,0.04746055603027344
2018-10-12,28.280000686645508,29.350000381469727,27.170000076293945,27.40999984741211,26.01797103881836,1.0003216130992172,-1.9320258859174544,-0.5125770568847656,-0.5125770568847656
2018-10-15,27.520000457763672,28.0,27.350000381469727,27.450000762939453,26.05594062805176,0.7724359451557663,0.1459360116004227,0.0379695892334019,0.03796958923340199
2018-10-16,27.59000015258789,28.14999961853028,27.479999542236328,27.71999931335449,26.312227249145508,0.0634583115539193,0.983601493234243,0.2562866210937464,0.25628662109374645
2018-10-17,27.600000381469727,27.8799991607666,27.31999969482422,27.520000457763672,26.12238502502441,-0.1517670415037842,-0.7214981169154422,-0.1898422241210973,-0.1898422241210973
2018-10-18,27.530000686645508,27.979999542236328,27.350000381469727,27.89999961853028,26.48308753967285,-0.3036908201327514,1.380817694490366,0.360702514648441,0.36070251464844105
2018-10-19,27.56999969482422,27.809999465942383,27.200000762939453,27.25,25.86609649658203,0.0761186264396665,-2.3297549508400017,-0.6169910430908203,-0.6169910430908203
2018-10-22,27.299999237060547,27.299999237060547,27.0,27.030000686645508,25.657270431518555,0.5318899623265683,-0.8073350576538352,-0.2088260650634765,-0.20882606506347656
2018-10-23,27.0,27.170000076293945,26.790000915527344,27.14999961853028,25.771175384521484,0.0128170520109302,0.4439480548289465,0.1139049530029296,0.11390495300292969
2018-10-24,27.0,27.14999961853028,26.51000022888184,26.700000762939453,25.34402847290039,0.0381376817824247,-1.6574599537964585,-0.4271469116210937,-0.42714691162109375
2018-10-25,27.1200008392334,27.32999992370605,26.76000022888184,27.299999237060547,25.913555145263672,0.3040042943831174,2.247182893486177,0.5695266723632812,0.5695266723632812
2018-10-26,27.489999771118164,27.489999771118164,26.89999961853028,26.959999084472656,25.59082221984864,-0.2910305052470042,-1.245421261598001,-0.3227329254150355,-0.32273292541503196
2018-10-29,27.06999969482422,27.51000022888184,26.75,27.09000015258789,25.714221954345703,-0.1644273563895315,0.4822030860788695,0.1233997344970667,0.12339973449706321
2018-10-30,26.93000030517578,28.200000762939453,26.51000022888184,28.200000762939453,26.76785087585449,0.3293249241546119,4.097455965727637,1.0536289215087855,1.0536289215087855
2018-10-31,27.88999938964844,27.950000762939453,26.959999084472656,27.489999771118164,26.30847930908203,0.7217946856127773,-1.7161316719185191,-0.4593715667724574,-0.4593715667724574
2018-11-01,27.31999969482422,27.64999961853028,27.1200008392334,27.31999969482422,26.14578628540039,0.0128170520109302,-0.6184052744754309,-0.1626930236816406,-0.16269302368164062
2018-11-02,27.5,28.06999969482422,27.0,27.51000022888184,26.327619552612305,0.1520805157541502,0.6954591658750342,0.181833267211914,0.18183326721191406
2018-11-05,27.520000457763672,27.520000457763672,27.100000381469727,27.1299991607666,25.963951110839844,-0.2783701903612569,-1.3813191163968177,-0.3636684417724609,-0.36366844177246094
2018-11-06,27.0,27.440000534057617,27.0,27.200000762939453,26.030946731567383,-0.4556145987617186,0.2580332263049545,0.066995620727539,0.06699562072753906
2018-11-07,27.25,27.290000915527344,27.0,27.239999771118164,26.069225311279297,0.190061460411392,0.1470502786803829,0.038278579711914,0.03827857971191406
2018-11-08,27.309999465942383,27.309999465942383,27.0,27.01000022888184,25.84911346435547,-0.4556145987617186,-0.8443359719960464,-0.2201118469238281,-0.22011184692382812
2018-11-09,27.450000762939453,27.450000762939453,27.01000022888184,27.01000022888184,25.84911346435547,-0.3290114499042459,0.0,0.0,0.0
2018-11-12,27.39999961853028,27.790000915527344,27.200000762939453,27.530000686645508,26.34675979614257,0.519229647440821,1.9251969026842453,0.4976463317871058,0.49764633178710227
2018-11-13,27.68000030517578,28.96999931335449,27.63999938964844,28.40999984741211,27.188940048217773,0.7850962600415136,3.1965230585906834,0.8421802520751989,0.8421802520752024
2018-11-14,28.39999961853028,28.39999961853028,27.63999938964844,27.63999938964844,26.4520320892334,-0.1264464117322896,-2.710322497594675,-0.736907958984375,-0.736907958984375
2018-11-15,27.76000022888184,28.39999961853028,27.1299991607666,28.39999961853028,27.17936897277832,0.56987090698381,2.7496446439022826,0.7273368835449219,0.7273368835449219
2018-11-16,28.270000457763672,28.39999961853028,27.690000534057617,28.18000030517578,26.96882438659668,0.1267598859826556,-0.7746485446093798,-0.2105445861816406,-0.21054458618164062
2018-11-19,27.6299991607666,28.14999961853028,27.5,27.51000022888184,26.327619552612305,-0.0378242075320588,-2.3775779944751663,-0.641204833984375,-0.641204833984375
2018-11-20,27.40999984741211,27.799999237060547,27.14999961853028,27.229999542236328,26.05965614318848,0.5572105920980628,-1.0178034094131982,-0.2679634094238246,-0.2679634094238246
2018-11-21,27.43000030517578,28.059999465942383,27.239999771118164,28.0,26.796560287475582,0.0254773668966775,2.827758510081946,0.7369041442871023,0.7369041442871023
2018-11-23,27.420000076293945,28.290000915527344,27.040000915527344,28.290000915527344,27.0740966796875,-0.518916173190455,1.035716484632676,0.2775363922119176,0.2775363922119176
2018-11-26,28.31999969482422,28.31999969482422,27.450000762939453,27.76000022888184,26.566875457763672,-0.0251638926463115,-1.8734557533894525,-0.5072212219238281,-0.5072212219238281
2018-11-27,27.6200008392334,28.3700008392334,27.5,27.780000686645508,26.58601760864257,0.0128170520109302,0.0720526992695758,0.0191421508789026,0.019142150878899145
2018-11-28,27.809999465942383,28.290000915527344,27.020000457763672,27.700000762939453,26.509456634521484,0.9750009833277226,-0.2879745859199367,-0.0765609741210902,-0.07656097412108664
2018-11-29,27.709999084472656,28.25,27.64999961853028,27.809999465942383,26.61472511291504,-0.1517670415037842,0.3970978351041321,0.1052684783935546,0.10526847839355469
2018-11-30,28.200000762939453,28.299999237060547,27.309999465942383,27.459999084472656,26.279769897460938,0.759775630270019,-1.2585334397895442,-0.3349552154541015,-0.33495521545410156
2018-12-03,27.790000915527344,27.850000381469727,27.25,27.799999237060547,26.60515785217285,-0.3290114499042459,1.2381689641177251,0.325387954711914,0.32538795471191406
2018-12-04,27.549999237060547,27.549999237060547,26.479999542236328,26.86000061035156,25.70555877685547,0.56987090698381,-3.381295763460057,-0.8995990753173828,-0.8995990753173828
2018-12-06,26.8700008392334,28.09000015258789,26.8700008392334,27.64999961853028,26.46160316467285,1.0636231875279536,2.9411707964819733,0.7560443878173828,0.7560443878173828
2018-12-07,27.670000076293945,27.670000076293945,26.350000381469727,26.88999938964844,25.73426818847656,1.4940738936433606,-2.748642898429188,-0.7273349761962926,-0.7273349761962926
2018-12-10,26.729999542236328,27.309999465942383,26.3799991607666,26.540000915527344,25.399311065673828,0.2913439794973701,-1.301599565021705,-0.3349571228027308,-0.3349571228027308
2018-12-11,26.940000534057617,26.940000534057617,26.309999465942383,26.5,25.36102867126465,0.0381376817824247,-0.1507221763227928,-0.0382823944091796,-0.03828239440917969
2018-12-12,26.39999961853028,26.84000015258789,26.36000061035156,26.68000030517578,25.53329467773437,0.2913439794973701,0.6792548074554539,0.172266006469723,0.172266006469723
2018-12-13,26.290000915527344,26.540000915527344,25.709999084472656,26.290000915527344,25.160057067871094,0.8737184642417445,-1.4617683090805689,-0.3732376098632777,-0.3732376098632777
2018-12-14,26.09000015258789,26.309999465942383,25.700000762939453,25.700000762939453,24.595415115356445,0.759775630270019,-2.244199808416514,-0.5646419525146484,-0.5646419525146484
2018-12-17,25.600000381469727,25.89999961853028,25.520000457763672,25.63999938964844,24.53799057006836,0.7850962600415136,-0.2334766256993692,-0.0574245452880859,-0.05742454528808594
2018-12-18,25.65999984741211,26.100000381469727,25.540000915527344,25.8700008392334,24.758106231689453,0.9243597237847336,0.8970402893935026,0.2201156616210937,0.22011566162109375
2018-12-19,25.950000762939453,26.25,25.61000061035156,25.65999984741211,24.557132720947266,1.557375468072097,-0.8117483173448403,-0.2009735107421875,-0.2009735107421875
2018-12-20,25.600000381469727,25.75,25.309999465942383,25.420000076293945,24.327449798583984,1.848562710444284,-0.9353002444269952,-0.2296829223632812,-0.22968292236328125
2018-12-21,25.61000061035156,25.8799991607666,25.39999961853028,25.39999961853028,24.30830955505371,4.532549466222705,-0.0786775584319054,-0.0191402435302734,-0.019140243530273438
2018-12-24,25.39999961853028,25.65999984741211,24.75,24.89999961853028,23.829797744750977,0.4052868134690955,-1.96851125833738,-0.4785118103027344,-0.4785118103027344
2018-12-26,24.89999961853028,25.700000762939453,24.88999938964844,25.479999542236328,24.384870529174805,0.4052868134690955,2.329322264374212,0.5550727844238281,0.5550727844238281
2018-12-27,25.31999969482422,25.88999938964844,24.51000022888184,25.1200008392334,24.040342330932617,1.26618822569991,-1.4128768813022163,-0.3445281982421875,-0.3445281982421875
2018-12-28,25.1200008392334,25.71999931335449,25.100000381469727,25.71999931335449,24.61455535888672,0.0128170520109302,2.388539314663851,0.5742130279541016,0.5742130279541016
2018-12-31,25.63999938964844,25.920000076293945,24.88999938964844,25.420000076293945,24.327449798583984,0.6205121665267991,-1.166405633238787,-0.2871055603027344,-0.2871055603027344
2019-01-02,25.440000534057617,26.200000762939453,25.020000457763672,25.979999542236328,24.863380432128903,0.5572105920980628,2.202987316722837,0.5359306335449183,0.5359306335449183
2019-01-03,25.96999931335449,25.96999931335449,25.40999984741211,25.40999984741211,24.3178768157959,0.0254773668966775,-2.194004221678947,-0.5455036163330043,-0.5455036163330043
2019-01-04,25.76000022888184,26.14999961853028,25.76000022888184,26.14999961853028,25.026073455810547,0.1647408306398974,2.912247008154245,0.7081966400146484,0.7081966400146484
2019-01-07,26.14999961853028,26.25,25.8700008392334,26.13999938964844,25.016504287719727,0.4179471283548428,-0.0382367937491912,-0.0095691680908203,-0.009569168090820312
2019-01-08,25.540000915527344,26.5,25.21999931335449,26.5,25.36102867126465,0.3166646092688647,1.3771883536663587,0.3445243835449219,0.3445243835449219
2019-01-09,26.34000015258789,26.690000534057617,26.059999465942383,26.63999938964844,25.495012283325195,1.6206770425008334,0.5283051164732822,0.1339836120605468,0.13398361206054688
2019-01-10,26.600000381469727,26.799999237060547,25.96999931335449,25.96999931335449,24.853809356689453,-0.4302939689902241,-2.515013209290018,-0.6412029266357422,-0.6412029266357422
2019-01-11,25.96999931335449,26.600000381469727,25.739999771118164,26.540000915527344,25.399311065673828,-0.0631448373035533,2.194841447263096,0.545501708984375,0.545501708984375
2019-01-14,26.459999084472656,26.459999084472656,25.020000457763672,25.280000686645508,24.19346809387207,3.6083464795631546,-4.747542044285636,-1.2058429718017578,-1.2058429718017578
2019-01-15,25.61000061035156,25.700000762939453,25.280000686645508,25.57999992370605,24.48057174682617,0.2027217752971392,1.1866990372778163,0.287103652954098,0.287103652954098
2019-01-16,25.43000030517578,25.700000762939453,25.34000015258789,25.5,24.404008865356445,0.4306074432405901,-0.3127495642729405,-0.076562881469723,-0.07656288146972301
2019-01-17,25.299999237060547,25.65999984741211,25.13999938964844,25.3700008392334,24.279598236083984,0.1520805157541502,-0.5097958698460858,-0.1244106292724609,-0.12441062927246094
2019-01-18,25.06999969482422,25.690000534057617,25.06999969482422,25.270000457763672,24.183895111083984,0.4685883878978319,-0.3941709581411712,-0.095703125,-0.095703125
2019-01-22,25.32999992370605,25.51000022888184,24.729999542236328,24.89999961853028,23.829797744750977,0.3673058688118537,-1.4641866610259902,-0.3540973663330078,-0.3540973663330078
2019-01-23,25.100000381469727,25.36000061035156,25.0,25.01000022888184,23.9350700378418,-0.3036908201327514,0.4417674636538304,0.1052722930908238,0.10527229309082387
2019-01-24,25.15999984741211,25.26000022888184,25.01000022888184,25.18000030517578,24.09776306152344,0.1267598859826556,0.6797265411148556,0.1626930236816406,0.16269302368164062
2019-01-25,25.100000381469727,25.479999542236328,25.100000381469727,25.25,24.164756774902344,0.6205121665267991,0.2780080176232991,0.0669937133789027,0.0669937133789027
2019-01-28,25.15999984741211,25.229999542236328,25.01000022888184,25.11000061035156,24.0307731628418,-0.1011257819607951,-0.5544587653358857,-0.1339836120605433,-0.13398361206054332
2019-01-29,25.13999938964844,25.3700008392334,25.040000915527344,25.1299991607666,24.04991149902344,-0.0884654670750478,0.0796409505926076,0.0191383361816406,0.019138336181640625
2019-01-30,25.15999984741211,25.209999084472656,25.040000915527344,25.200000762939453,24.116905212402344,-0.050484522417806,0.2785611638596696,0.0669937133789027,0.0669937133789027
2019-01-31,25.18000030517578,25.34000015258789,25.09000015258789,25.13999938964844,24.28109359741211,0.4812487027835792,0.680802049698026,0.1641883850097656,0.16418838500976562
2019-02-01,25.040000915527344,25.38999938964844,25.040000915527344,25.299999237060547,24.43562889099121,-0.4049733392187296,0.6364428890285767,0.1545352935791015,0.15453529357910156
2019-02-04,25.06999969482422,25.31999969482422,25.06999969482422,25.190000534057617,24.329389572143555,-0.2403892457040151,-0.4347721899100487,-0.1062393188476562,-0.10623931884765625
2019-02-05,25.3799991607666,25.600000381469727,25.229999542236328,25.25,24.387338638305664,-0.1517670415037842,0.2381854505238312,0.0579490661621093,0.057949066162109375
2019-02-06,25.39999961853028,25.39999961853028,24.46999931335449,25.01000022888184,24.155536651611328,1.987826174187504,-0.9505013652053028,-0.2318019866943359,-0.23180198669433594
2019-02-07,25.06999969482422,25.39999961853028,25.06999969482422,25.14999961853028,24.290752410888672,-0.0631448373035533,0.5597712906466379,0.1352157592773437,0.13521575927734375
2019-02-08,25.239999771118164,25.520000457763672,25.14999961853028,25.15999984741211,24.300411224365234,0.6458327962982936,0.039763335911469,0.0096588134765625,0.0096588134765625
2019-02-11,25.350000381469727,25.61000061035156,25.21999931335449,25.26000022888184,24.396997451782227,0.0887789413254138,0.3974674606335382,0.0965862274169921,0.09658622741699219
2019-02-12,25.5,25.75,25.5,25.6200008392334,24.74469757080078,0.0001567371251829,1.4251758631599776,0.3477001190185547,0.3477001190185547
2019-02-13,25.43000030517578,25.739999771118164,25.420000076293945,25.420000076293945,24.55153083801269,0.0254773668966775,-0.7806388913640605,-0.1931667327880895,-0.1931667327880895
2019-02-14,25.559999465942383,25.780000686645508,25.36000061035156,25.440000534057617,24.570844650268555,0.5825312218695573,0.0786664276997362,0.0193138122558629,0.019313812255862928
2019-02-15,25.600000381469727,25.84000015258789,25.440000534057617,25.600000381469727,24.725379943847656,1.54471515318635,0.6289376526476653,0.1545352935791015,0.15453529357910156
2019-02-19,25.6299991607666,26.049999237060547,25.540000915527344,26.020000457763672,25.131032943725582,0.5318899623265683,1.6406340399993002,0.4056529998779261,0.40565299987792613
2019-02-20,26.030000686645508,26.5,25.950000762939453,26.13999938964844,25.24693298339844,-0.0884654670750478,0.4611829522980004,0.1159000396728586,0.11590003967285867
2019-02-21,26.26000022888184,26.84000015258789,26.26000022888184,26.6200008392334,25.71053123474121,-0.0631448373035533,1.8362557212300512,0.4635982513427699,0.4635982513427699
2019-02-22,26.950000762939453,27.6299991607666,26.88999938964844,27.6299991607666,26.68602561950684,0.3293249241546119,3.794143247602366,0.9754943847656286,0.9754943847656286
2019-02-25,27.700000762939453,27.739999771118164,27.56999969482422,27.6299991607666,26.68602561950684,0.519229647440821,0.0,0.0,0.0
2019-02-26,27.68000030517578,27.82999992370605,27.68000030517578,27.780000686645508,26.83090209960937,-0.3923130243329823,0.542892681616225,0.1448764801025319,0.14487648010253196
2019-02-27,26.8799991607666,28.0,26.8799991607666,27.71999931335449,26.77295112609864,-0.0758051521893006,-0.2159859303112243,-0.057950973510735,-0.05795097351073153
2019-02-28,28.0,28.32999992370605,27.64999961853028,27.82999992370605,26.87919235229492,0.379966183697601,0.3968229938339451,0.1062412261962819,0.1062412261962784
2019-03-01,28.11000061035156,28.799999237060547,28.11000061035156,28.799999237060547,27.816051483154297,0.6458327962982936,3.4854437535932536,0.9368591308593786,0.9368591308593786
2019-03-04,28.799999237060547,29.459999084472656,28.520000457763672,29.1299991607666,28.1347770690918,2.684143492903604,1.1458333190479175,0.3187255859375035,0.31872558593750355
2019-03-05,29.0,29.0,28.64999961853028,28.979999542236328,27.98990249633789,0.6205121665267991,-0.5149305871453458,-0.1448745727539098,-0.1448745727539098
2019-03-06,28.84000015258789,29.26000022888184,28.729999542236328,28.76000022888184,27.77741813659668,0.7977565749272608,-0.7591464806603443,-0.2124843597412109,-0.21248435974121094
2019-03-07,28.51000022888184,28.8799991607666,27.61000061035156,27.61000061035156,26.666709899902344,0.050797996668172,-3.99860142232219,-1.110708236694336,-1.110708236694336
2019-03-08,27.600000381469727,28.06999969482422,27.5,27.61000061035156,26.666709899902344,0.1520805157541502,0.0,0.0,0.0
2019-03-11,27.63999938964844,27.93000030517578,27.63999938964844,27.82999992370605,26.87919235229492,-0.3163511350184987,0.7968079046502652,0.2124824523925745,0.21248245239257457
2019-03-12,27.82999992370605,27.82999992370605,27.76000022888184,27.76000022888184,26.81158447265625,-0.5948780625049386,-0.2515249667942365,-0.0676078796386683,-0.06760787963866832
2019-03-13,27.82999992370605,28.350000381469727,27.6299991607666,27.6299991607666,26.68602561950684,-0.1011257819607951,-0.4683007573739628,-0.1255588531494105,-0.1255588531494105
2019-03-14,27.559999465942383,28.049999237060547,27.559999465942383,27.81999969482422,26.86953353881836,-0.658179636933675,0.6876554865381745,0.1835079193115198,0.18350791931151988
2019-03-15,27.809999465942383,28.270000457763672,27.809999465942383,28.0,27.04338455200196,3.557705220020165,0.6470190966748168,0.1738510131835973,0.17385101318360086
2019-03-18,28.01000022888184,28.01000022888184,27.88999938964844,27.89999961853028,26.946802139282227,-0.5442368029619495,-0.3571387765241129,-0.0965824127197301,-0.09658241271973367
2019-03-19,27.850000381469727,27.93000030517578,27.6299991607666,27.6299991607666,26.68602561950684,-0.4049733392187296,-0.9677457029130588,-0.2607765197753871,-0.2607765197753871
2019-03-20,27.600000381469727,27.6200008392334,27.1200008392334,27.21999931335449,26.29002952575684,0.0761186264396665,-1.4839080925581394,-0.39599609375,-0.39599609375
2019-03-21,27.270000457763672,27.670000076293945,27.21999931335449,27.21999931335449,26.29002952575684,-0.2150686159325205,0.0,0.0,0.0
2019-03-22,27.450000762939453,27.56999969482422,26.5,26.5,25.594629287719727,0.7344550004985245,-2.64511014472546,-0.6954002380371129,-0.6954002380371129
2019-03-25,26.6200008392334,26.799999237060547,26.6200008392334,26.799999237060547,25.88438415527344,0.1140995710969084,1.132092456962197,0.2897548675537145,0.2897548675537145
2019-03-26,27.020000457763672,27.020000457763672,26.68000030517578,26.75,25.836088180541992,-0.1770876712752787,-0.1865834413588341,-0.0482959747314488,-0.048295974731448865
2019-03-27,27.25,27.25,26.32999992370605,26.82999992370605,25.91335868835449,-0.379652709447235,0.2990797495059372,0.0772705078124964,0.07727050781249645
2019-03-28,26.64999961853028,26.950000762939453,26.479999542236328,26.950000762939453,26.029258728027344,-0.1770876712752787,0.4472598132365668,0.1159000396728551,0.11590003967285512
2019-03-29,26.89999961853028,27.40999984741211,26.76000022888184,27.40999984741211,26.473539352416992,4.178060649421782,1.706850852080799,0.4442806243896484,0.44428062438964844
2019-04-01,27.420000076293945,27.979999542236328,26.8799991607666,27.6299991607666,26.68602561950684,0.2660233497258756,0.8026364146524578,0.2124862670898473,0.2124862670898473
2019-04-02,27.700000762939453,27.700000762939453,26.71999931335449,26.88999938964844,25.9713077545166,0.2533630348401283,-2.678247691060432,-0.7147178649902379,-0.7147178649902379
2019-04-03,27.030000686645508,27.030000686645508,26.14999961853028,26.239999771118164,25.34351348876953,0.4812487027835792,-2.417260892986384,-0.6277942657470703,-0.6277942657470703
2019-04-04,26.5,26.5,26.1299991607666,26.270000457763672,25.37248992919922,-0.3416717647899932,0.1143347406922457,0.0289764404296875,0.0289764404296875
2019-04-05,26.34000015258789,26.3700008392334,26.030000686645508,26.290000915527344,25.391807556152344,0.0381376817824247,0.0761361104370417,0.019317626953125,0.019317626953125
2019-04-08,25.8700008392334,27.13999938964844,25.8700008392334,26.68000030517578,25.76848220825196,-0.3290114499042459,1.4834495388586388,0.3766746520996129,0.3766746520996165
2019-04-09,26.559999465942383,26.559999465942383,26.040000915527344,26.040000915527344,25.15034866333008,-0.2277289308182678,-2.398796871023812,-0.618133544921875,-0.6181335449218786
2019-04-10,26.25,26.420000076293945,25.81999969482422,26.200000762939453,25.304882049560547,0.1014392562111611,0.6144383455636948,0.1545333862304652,0.1545333862304652
2019-04-11,26.89999961853028,26.89999961853028,26.25,26.309999465942383,25.41112327575684,-0.5315764880762023,0.4198447793126059,0.1062412261962926,0.10624122619629262
2019-04-12,26.56999969482422,27.0,26.56999969482422,26.770000457763672,25.85540771484375,-0.4682749136474659,1.7483856745159176,0.4442844390869105,0.4442844390869105
2019-04-15,26.770000457763672,26.940000534057617,26.450000762939453,26.75,25.836088180541992,0.050797996668172,-0.0747214451801703,-0.0193195343017578,-0.019319534301757812
2019-04-16,27.0,27.459999084472656,27.0,27.26000022888184,26.32866668701172,-0.2403892457040151,1.9065521956249665,0.4925785064697265,0.49257850646972656
2019-04-17,27.21999931335449,27.559999465942383,27.21999931335449,27.559999465942383,26.618417739868164,-0.4429542838759714,1.1005154810949325,0.2897510528564453,0.2897510528564453
2019-04-18,27.350000381469727,27.350000381469727,26.51000022888184,26.8799991607666,25.961647033691406,0.0381376817824247,-2.467354418264567,-0.6567707061767578,-0.6567707061767578
2019-04-22,26.799999237060547,27.790000915527344,26.799999237060547,26.799999237060547,25.88438415527344,-0.6328590071621804,-0.2976039167226108,-0.0772628784179652,-0.0772628784179652
2019-04-23,27.030000686645508,27.950000762939453,27.030000686645508,27.57999992370605,26.637733459472656,-0.3290114499042459,2.9104393586498967,0.7533493041992152,0.7533493041992152
2019-04-24,27.59000015258789,27.86000061035156,27.450000762939453,27.530000686645508,26.58944129943848,0.0381376817824247,-0.1812923014176459,-0.0482921600341761,-0.048292160034176135
2019-04-25,27.299999237060547,27.75,26.920000076293945,27.5,26.560466766357425,-0.2530495605897623,-0.1089700710697805,-0.0289745330810546,-0.028974533081054688
2019-04-26,27.5,27.5,27.489999771118164,27.489999771118164,26.55080795288086,-0.5822177476191913,-0.0363653755091397,-0.009658813476566,-0.009658813476566053
2019-04-29,27.3799991607666,28.0,27.3799991607666,27.989999771118164,27.03372573852539,-0.189747986161026,1.8188440310425105,0.4829177856445312,0.48291778564453125
2019-04-30,27.96999931335449,28.479999542236328,27.96999931335449,28.25,27.52082061767578,1.367470744785888,1.8018044714282144,0.4870948791503906,0.4870948791503906
2019-05-01,27.88999938964844,28.200000762939453,27.700000762939453,27.809999465942383,27.09217643737793,-0.4429542838759714,-1.5575268857446312,-0.4286441802978515,-0.42864418029785156
2019-05-02,26.84000015258789,27.8700008392334,26.84000015258789,27.3700008392334,26.66353416442871,-0.4809352285332132,-1.582162562465228,-0.4286422729492187,-0.42864227294921875
2019-05-03,27.68000030517578,27.75,27.68000030517578,27.700000762939453,26.985015869140625,-0.4809352285332132,1.205698024610702,0.321481704711914,0.32148170471191406
2019-05-06,27.6299991607666,28.100000381469727,27.559999465942383,28.049999237060547,27.32598304748535,0.5951915367553046,1.263542626760672,0.3409671783447265,0.34096717834472656
2019-05-07,27.979999542236328,28.5,27.68000030517578,28.100000381469727,27.37469291687012,0.0001567371251829,0.1782547742202878,0.0487098693847691,0.04870986938476918
2019-05-08,28.100000381469727,28.43000030517578,28.100000381469727,28.14999961853028,27.42340087890625,0.4179471283548428,0.1779306244056977,0.0487079620361292,0.04870796203612926
2019-05-09,28.13999938964844,28.3799991607666,28.040000915527344,28.299999237060547,27.56952857971192,-0.5442368029619495,0.5328576913232741,0.1461277008056676,0.14612770080567117
2019-05-10,28.36000061035156,28.700000762939453,28.36000061035156,28.700000762939453,27.959205627441406,0.4306074432405901,1.4134338445534578,0.3896770477294886,0.3896770477294851
2019-05-13,28.700000762939453,28.739999771118164,27.8799991607666,27.8799991607666,27.160369873046875,-0.2277289308182678,-2.8571475350161246,-0.7988357543945312,-0.7988357543945312
2019-05-14,28.86000061035156,28.86000061035156,28.39999961853028,28.670000076293945,27.92997932434082,-0.4809352285332132,2.8335750024438555,0.7696094512939453,0.7696094512939453
2019-05-15,28.540000915527344,28.809999465942383,27.920000076293945,28.57999992370605,27.84230232238769,-0.2024083010467733,-0.3139171745706215,-0.0876770019531285,-0.08767700195312855
2019-05-16,28.38999938964844,28.46999931335449,27.86000061035156,27.89999961853028,27.179851531982425,-0.1770876712752787,-2.379296017745613,-0.6624507904052663,-0.6624507904052663
2019-05-17,27.64999961853028,27.64999961853028,27.13999938964844,27.38999938964844,26.68301773071289,-0.1264464117322896,-1.827948915338673,-0.4968338012695348,-0.4968338012695348
2019-05-20,27.0,27.989999771118164,26.76000022888184,26.96999931335449,26.27385711669922,0.9370200386704808,-1.5334120680912222,-0.4091606140136719,-0.4091606140136719
2019-05-21,27.350000381469727,27.700000762939453,26.75,27.200000762939453,26.4979248046875,-0.1770876712752787,0.8528161167697945,0.2240676879882812,0.22406768798828125
2019-05-22,26.96999931335449,27.350000381469727,26.549999237060547,26.670000076293945,25.98160171508789,1.076283502413701,-1.9485416062025809,-0.5163230895996094,-0.5163230895996094
2019-05-23,26.06999969482422,26.81999969482422,26.06999969482422,26.43000030517578,25.7477970123291,0.5825312218695573,-0.8998856395486032,-0.233804702758789,-0.23380470275878906
2019-05-24,26.82999992370605,27.11000061035156,26.790000915527344,27.09000015258789,26.39076232910156,-0.4176336541044768,2.4971663263640758,0.6429653167724574,0.6429653167724574
2019-05-28,26.920000076293945,27.59000015258789,26.6200008392334,26.6200008392334,25.93289375305176,-0.4176336541044768,-1.7349577490033186,-0.4578685760497976,-0.4578685760497976
2019-05-29,26.6299991607666,27.09000015258789,26.280000686645508,26.34000015258789,25.660120010375977,-0.2910305052470042,-1.051844600426377,-0.2727737426757848,-0.2727737426757848
2019-05-30,26.64999961853028,26.64999961853028,26.170000076293945,26.59000015258789,25.903669357299805,0.5318899623265683,0.9491356502828064,0.2435493469238281,0.24354934692382812
2019-05-31,26.440000534057617,26.86000061035156,26.059999465942383,26.299999237060547,25.621152877807617,-0.2910305052470042,-1.0906427023728682,-0.2825164794921875,-0.2825164794921875
2019-06-03,26.5,27.100000381469727,26.26000022888184,27.100000381469727,26.40050506591797,0.0761186264396665,3.041831067584022,0.7793521881103516,0.7793521881103516
2019-06-04,27.170000076293945,27.170000076293945,26.26000022888184,26.459999084472656,25.77702140808105,0.0128170520109302,-2.361635340991297,-0.6234836578369176,-0.6234836578369176
2019-06-05,26.39999961853028,26.39999961853028,25.520000457763672,25.790000915527344,25.124317169189453,1.1016041321851957,-2.532116603227774,-0.652704238891598,-0.652704238891598
2019-06-06,25.940000534057617,25.940000534057617,25.39999961853028,25.39999961853028,24.744382858276367,0.9370200386704808,-1.5122174598998006,-0.3799343109130859,-0.37993431091308594
2019-06-07,25.68000030517578,26.07999992370605,25.459999084472656,25.600000381469727,24.9392204284668,1.2535279108141626,0.7874012106358297,0.1948375701904332,0.19483757019043324
2019-06-10,25.6299991607666,26.299999237060547,25.6299991607666,26.14999961853028,25.47502517700196,0.3673058688118537,2.1484422501176548,0.5358047485351562,0.5358047485351598
2019-06-11,26.09000015258789,26.549999237060547,25.8700008392334,26.25,25.57244300842285,0.1014392562111611,0.3824052409920231,0.0974178314208948,0.09741783142089133
2019-06-12,26.059999465942383,26.39999961853028,25.950000762939453,26.39999961853028,25.71857070922852,-0.4049733392187296,0.5714264403973379,0.1461277008056676,0.14612770080566762
2019-06-13,26.549999237060547,26.549999237060547,26.020000457763672,26.299999237060547,25.621152877807617,-0.3290114499042459,-0.378784002121646,-0.0974178314209019,-0.09741783142090199
2019-06-14,26.229999542236328,26.770000457763672,26.1299991607666,26.36000061035156,25.67960548400879,0.0254773668966775,0.22814198283716,0.0584526062011718,0.058452606201171875
2019-06-17,26.57999992370605,26.81999969482422,26.25,26.76000022888184,26.069278717041016,-0.3543320796757405,1.517442443868089,0.3896732330322265,0.38967323303222656
2019-06-18,26.56999969482422,27.100000381469727,26.479999542236328,26.950000762939453,26.254375457763672,-0.4682749136474659,0.7100186496593164,0.1850967407226562,0.18509674072265625
2019-06-19,26.799999237060547,26.989999771118164,26.51000022888184,26.989999771118164,26.293344497680664,-0.518916173190455,0.1484287446855692,0.0389690399169921,0.03896903991699219
2019-06-20,26.8799991607666,27.43000030517578,25.89999961853028,26.030000686645508,25.35812187194824,0.0887789413254138,-3.556879672781532,-0.9352226257324254,-0.9352226257324254
2019-06-21,25.8700008392334,27.0,25.75,27.0,26.30308532714844,1.12692476195669,3.726472567534844,0.9449634552002024,0.9449634552002024
2019-06-24,27.0,27.15999984741211,26.36000061035156,26.5,25.815990447998047,-0.3669923945614878,-1.851854537565012,-0.4870948791503942,-0.4870948791503942
2019-06-25,26.780000686645508,26.780000686645508,26.100000381469727,26.32999992370605,25.650379180908203,-0.518916173190455,-0.6415065400006248,-0.1656112670898437,-0.16561126708984375
2019-06-26,26.209999084472656,26.989999771118164,25.82999992370605,26.309999465942383,25.63089370727539,-0.2024083010467733,-0.0759656358114035,-0.0194854736328125,-0.0194854736328125
2019-06-27,26.450000762939453,27.25,26.11000061035156,27.25,26.546630859375,0.7471153153842718,3.5727866634618133,0.9157371520996094,0.9157371520996094
2019-06-28,26.88999938964844,27.850000381469727,26.670000076293945,27.100000381469727,26.40050506591797,6.532879218170773,-0.5504494872855981,-0.1461257934570312,-0.14612579345703125
2019-07-01,27.479999542236328,27.479999542236328,26.89999961853028,26.89999961853028,26.205665588378903,-0.2783701903612569,-0.7380142048517002,-0.194839477539066,-0.19483947753906605
2019-07-02,27.200000762939453,27.200000762939453,27.200000762939453,27.200000762939453,26.4979248046875,-0.6708399518194222,1.115252025646707,0.2922592163085973,0.2922592163085973
2019-07-03,27.200000762939453,27.350000381469727,26.780000686645508,26.780000686645508,26.08876609802246,-0.4429542838759714,-1.5441160380704977,-0.409158706665039,-0.40915870666503906
2019-07-05,27.07999992370605,27.40999984741211,27.07999992370605,27.100000381469727,26.40050506591797,-0.5822177476191913,1.1949164890521224,0.3117389678955078,0.3117389678955078
2019-07-08,27.040000915527344,27.3700008392334,27.040000915527344,27.11000061035156,26.410245895385746,-0.6708399518194222,0.0368963754422635,0.0097408294677769,0.00974082946777699
2019-07-09,27.11000061035156,27.11000061035156,27.11000061035156,27.11000061035156,26.410245895385746,-0.7468018411339058,0.0,0.0,0.0
2019-07-10,27.13999938964844,27.190000534057617,26.21999931335449,27.09000015258789,26.39076232910156,-0.379652709447235,-0.0737727560786938,-0.0194835662841867,-0.019483566284186793
2019-07-11,27.07999992370605,27.07999992370605,26.5,26.959999084472656,26.264116287231445,-0.3290114499042459,-0.4798877739520923,-0.1266460418701136,-0.12664604187011363
2019-07-12,27.280000686645508,27.31999969482422,26.809999465942383,26.809999465942383,26.11798858642578,0.0634583115539193,-0.55637775589924,-0.146127700805664,-0.14612770080566406
2019-07-15,26.520000457763672,26.76000022888184,26.520000457763672,26.76000022888184,26.069278717041016,-0.6075383773906858,-0.1864993133892434,-0.0487098693847656,-0.048709869384765625
2019-07-16,26.90999984741211,26.90999984741211,26.780000686645508,26.780000686645508,26.08876609802246,-0.5315764880762023,0.0747522829187774,0.0194873809814453,0.019487380981445312
2019-07-17,26.68000030517578,27.34000015258789,26.68000030517578,27.21999931335449,26.517406463623047,-0.2530495605897623,1.6430074308231737,0.4286403656005859,0.42864036560058594
2019-07-18,27.239999771118164,27.3700008392334,26.71999931335449,27.31999969482422,26.614824295043945,0.7344550004985245,0.3673731499893806,0.0974178314208984,0.09741783142089844
2019-07-19,27.07999992370605,27.299999237060547,27.0,27.200000762939453,26.4979248046875,-0.2024083010467733,-0.439226985158847,-0.1168994903564453,-0.11689949035644531
2019-07-22,27.280000686645508,27.280000686645508,27.01000022888184,27.190000534057617,26.48818016052246,-0.5315764880762023,-0.036775121964705,-0.009744644165039,-0.009744644165039062
2019-07-23,27.200000762939453,27.3799991607666,27.200000762939453,27.3799991607666,26.673274993896484,-0.3923130243329823,0.6987827485781306,0.1850948333740234,0.18509483337402344
2019-07-24,27.34000015258789,27.850000381469727,27.25,27.43000030517578,26.721986770629883,-0.1011257819607951,0.182623906305257,0.0487117767333984,0.04871177673339844
2019-07-25,27.63999938964844,27.63999938964844,27.280000686645508,27.59000015258789,26.87785530090332,-0.4176336541044768,0.5832969367560281,0.1558685302734375,0.1558685302734375
2019-07-26,27.5,27.850000381469727,27.350000381469727,27.670000076293945,26.955791473388672,0.1394202008684029,0.2899642535196367,0.0779361724853515,0.07793617248535156
2019-07-29,27.51000022888184,27.850000381469727,27.51000022888184,27.600000381469727,26.887598037719727,-0.2403892457040151,-0.2529825018726228,-0.0681934356689453,-0.06819343566894531
2019-07-30,27.530000686645508,27.89999961853028,27.40999984741211,27.729999542236328,27.01424217224121,0.7850962600415136,0.4710131947964324,0.1266441345214843,0.12664413452148438
2019-07-31,27.540000915527344,27.690000534057617,26.36000061035156,27.309999465942383,26.83735656738281,1.40545168944313,-0.654786477927416,-0.176885604858402,-0.176885604858402
2019-08-01,27.59000015258789,27.86000061035156,26.65999984741211,26.76000022888184,26.29687690734864,0.1394202008684029,-2.013907959515848,-0.5404796600341726,-0.540479660034169
2019-08-02,26.6299991607666,27.1299991607666,26.6299991607666,26.770000457763672,26.306703567504883,-0.3290114499042459,0.0373681642533707,0.0098266601562464,0.009826660156242895
2019-08-05,26.709999084472656,26.709999084472656,26.15999984741211,26.18000030517578,25.72691345214844,0.519229647440821,-2.203963388528174,-0.5797901153564418,-0.5797901153564418
2019-08-06,26.46999931335449,26.520000457763672,26.209999084472656,26.26000022888184,25.80552864074707,0.3673058688118537,0.3055756717371238,0.0786151885986292,0.07861518859862926
2019-08-07,26.34000015258789,26.34000015258789,26.0,26.06999969482422,25.618816375732425,-0.1517670415037842,-0.7235359043171297,-0.1867122650146448,-0.18671226501464488
2019-08-08,25.920000076293945,26.739999771118164,25.920000076293945,25.989999771118164,25.540203094482425,0.2280424050686338,-0.3068575850540322,-0.07861328125,-0.07861328125
2019-08-09,26.13999938964844,26.350000381469727,25.799999237060547,26.06999969482422,25.618816375732425,0.2533630348401283,0.307802099142207,0.07861328125,0.07861328125
2019-08-12,26.40999984741211,26.520000457763672,26.07999992370605,26.21999931335449,25.76622009277344,-0.1264464117322896,0.5753728621929799,0.1474037170410156,0.14740371704101562
2019-08-13,26.549999237060547,26.88999938964844,26.51000022888184,26.82999992370605,26.365665435791016,-0.189747986161026,2.3264776162713163,0.5994453430175746,0.5994453430175746
2019-08-14,26.57999992370605,26.57999992370605,25.959999084472656,26.0,25.550029754638672,0.6205121665267991,-3.093552420054335,-0.8156356811523438,-0.8156356811523438
2019-08-15,26.0,26.21999931335449,25.93000030517578,26.13999938964844,25.687604904174805,-0.3036908201327514,0.5384539699455848,0.1375751495361328,0.1375751495361328
2019-08-16,26.239999771118164,26.670000076293945,26.040000915527344,26.559999465942383,26.1003360748291,0.1267598859826556,1.6067327888059202,0.4127311706542969,0.4127311706542969
2019-08-19,26.520000457763672,26.520000457763672,26.31999969482422,26.420000076293945,25.962759017944336,-0.4302939689902241,-0.5271083732038329,-0.1375770568847656,-0.13757705688476562
2019-08-20,26.07999992370605,26.709999084472656,26.07999992370605,26.200000762939453,25.74656867980957,-0.2530495605897623,-0.8326940060004562,-0.2161903381347656,-0.21619033813476562
2019-08-21,26.200000762939453,26.3700008392334,26.0,26.0,25.550029754638672,-0.3036908201327514,-0.7633596834401679,-0.1965389251708984,-0.19653892517089844
2019-08-22,25.850000381469727,26.38999938964844,25.850000381469727,26.059999465942383,25.60898971557617,0.050797996668172,0.2307627877685458,0.0589599609374964,0.05895996093749645
2019-08-23,26.040000915527344,26.040000915527344,25.5,25.71999931335449,25.27487564086914,1.0003216130992172,-1.3046749536699154,-0.3341140747070277,-0.3341140747070277
2019-08-26,25.770000457763672,26.57999992370605,25.5,26.39999961853028,25.94310569763184,0.6331724814125463,2.643851017340637,0.6682300567626989,0.6682300567626989
2019-08-27,26.3799991607666,26.40999984741211,26.170000076293945,26.40999984741211,25.95293426513672,-0.1264464117322896,0.037885084459166,0.0098285675048792,0.00982856750487926
2019-08-28,26.40999984741211,27.0,26.40999984741211,27.0,26.53272247314453,0.3166646092688647,2.233998676545257,0.5797882080078125,0.5797882080078125
2019-08-29,27.0,27.39999961853028,26.75,27.39999961853028,26.92579841613769,0.0381376817824247,1.4814761032947876,0.3930759429931605,0.3930759429931605
2019-08-30,27.309999465942383,27.520000457763672,26.31999969482422,26.46999931335449,26.01189422607422,0.0381376817824247,-3.3941581821979816,-0.913904190063473,-0.913904190063473
2019-09-03,26.43000030517578,26.809999465942383,26.030000686645508,26.170000076293945,25.717086791992188,-0.2910305052470042,-1.1333562697118715,-0.2948074340820312,-0.29480743408203125
2019-09-04,26.38999938964844,26.71999931335449,26.299999237060547,26.71999931335449,26.257568359375,-0.6328590071621804,2.1016438283013805,0.5404815673828125,0.5404815673828125
2019-09-05,26.709999084472656,27.100000381469727,26.540000915527344,26.709999084472656,26.24773979187012,-0.0251638926463115,-0.0374313697687478,-0.0098285675048792,-0.00982856750487926
2019-09-06,27.0,27.0,26.5,26.5,26.0413761138916,-0.5062558583047078,-0.7862150402848656,-0.2063636779785191,-0.20636367797851918
2019-09-09,26.540000915527344,26.799999237060547,26.540000915527344,26.799999237060547,26.336181640625,-0.3923130243329823,1.1320658533714667,0.2948055267333984,0.29480552673339844
2019-09-10,26.809999465942383,27.950000762939453,26.809999465942383,27.68000030517578,27.20095443725586,0.3293249241546119,3.283592163933524,0.8647727966308594,0.8647727966308594
2019-09-11,27.8799991607666,27.8799991607666,27.14999961853028,27.790000915527344,27.309051513671875,1.088943817299448,0.3974017774463156,0.1080970764160156,0.10809707641601562
2019-09-12,27.549999237060547,28.0,27.31999969482422,28.0,27.51541519165039,0.7217946856127773,0.7556603636534209,0.2063636779785156,0.20636367797851562
2019-09-13,28.0,28.299999237060547,27.88999938964844,28.290000915527344,27.800397872924805,0.4939090176693264,1.0357200837765037,0.284982681274414,0.28498268127441406
2019-09-16,28.040000915527344,28.5,27.86000061035156,28.020000457763672,27.53506851196289,1.848562710444284,-0.9544085022622052,-0.265329360961914,-0.26532936096191406
2019-09-17,28.0,28.440000534057617,27.920000076293945,28.07999992370605,27.594032287597656,0.4559280730120846,0.2141406534330814,0.0589637756347656,0.058963775634765625
2019-09-18,28.200000762939453,28.989999771118164,28.0,28.82999992370605,28.33105087280273,1.5320548383006023,2.670934706184047,0.7370185852050746,0.7370185852050746
2019-09-19,28.809999465942383,29.0,27.63999938964844,27.63999938964844,27.161645889282227,1.7346198764725589,-4.127644218955218,-1.1694049835205045,-1.1694049835205043
2019-09-20,27.82999992370605,28.96999931335449,27.200000762939453,28.96999931335449,28.4686279296875,5.722619065482948,4.811866135553289,1.3069820404052734,1.3069820404052734
2019-09-23,28.89999961853028,29.040000915527344,28.63999938964844,28.850000381469727,28.350704193115234,0.9750009833277226,-0.4142234633278341,-0.1179237365722656,-0.11792373657226562
2019-09-24,28.770000457763672,29.100000381469727,27.88999938964844,27.93000030517578,27.44662857055664,2.823406956646824,-3.1889000583560145,-0.9040756225585938,-0.9040756225585938
2019-09-25,28.57999992370605,29.270000457763672,28.13999938964844,29.01000022888184,28.507936477661133,4.00081624102132,3.866806097427245,1.0613079071044922,1.0613079071044922
2019-09-26,28.89999961853028,29.100000381469727,28.5,28.739999771118164,28.24260902404785,0.6964740558412827,-0.9307143427276564,-0.2653274536132812,-0.26532745361328125
2019-09-27,28.64999961853028,29.190000534057617,28.64999961853028,28.8700008392334,28.370359420776367,0.0887789413254138,0.452332136240452,0.1277503967285156,0.12775039672851562
2019-09-30,29.09000015258789,29.239999771118164,28.40999984741211,28.61000061035156,28.114858627319336,0.0254773668966775,-0.9005906117281026,-0.2555007934570312,-0.25550079345703125
2019-10-01,28.8700008392334,29.299999237060547,28.56999969482422,28.64999961853028,28.154165267944336,0.4432677581263373,0.1398073564802038,0.039306640625,0.039306640625
2019-10-02,28.5,28.5,27.8700008392334,27.8700008392334,27.387666702270508,0.1520805157541502,-2.722505030353517,-0.7664985656738281,-0.7664985656738281
2019-10-03,27.82999992370605,27.88999938964844,27.350000381469727,27.790000915527344,27.309051513671875,0.1647408306398974,-0.287045951936149,-0.0786151885986328,-0.07861518859863281
2019-10-04,27.64999961853028,27.75,27.63999938964844,27.690000534057617,27.21078109741211,-0.3416717647899932,-0.3598455853018878,-0.0982704162597656,-0.09827041625976562
2019-10-07,27.3799991607666,27.540000915527344,27.350000381469727,27.350000381469727,26.87666702270508,-0.2783701903612569,-1.227873883924646,-0.3341140747070277,-0.3341140747070277
2019-10-08,27.3700008392334,27.3799991607666,27.170000076293945,27.190000534057617,26.71943473815918,-0.3163511350184987,-0.5850140734082632,-0.157232284545902,-0.157232284545902
2019-10-09,27.39999961853028,27.68000030517578,27.280000686645508,27.39999961853028,26.92579841613769,-0.0378242075320588,0.77233549287552,0.206363677978512,0.20636367797851207
2019-10-10,27.43000030517578,27.739999771118164,27.43000030517578,27.51000022888184,27.03389549255371,0.3040042943831174,0.4014628452065905,0.1080970764160191,0.10809707641601918
2019-10-11,27.75,28.26000022888184,27.39999961853028,27.920000076293945,27.43680000305176,0.5825312218695573,1.4903679368333256,0.4029045104980504,0.4029045104980504
2019-10-14,27.86000061035156,27.940000534057617,27.309999465942383,27.420000076293945,26.945453643798828,1.418112004328877,-1.790829685671369,-0.4913463592529332,-0.49134635925293324
2019-10-15,27.350000381469727,27.670000076293945,27.25,27.40999984741211,26.93562698364257,0.9116994088989864,-0.0364687130012919,-0.0098266601562535,-0.009826660156257105
2019-10-16,27.40999984741211,27.770000457763672,27.3700008392334,27.459999084472656,26.984760284423828,-0.4049733392187296,0.1824100876177459,0.0491333007812535,0.049133300781257105
2019-10-17,27.64999961853028,27.64999961853028,27.3700008392334,27.5,27.02406883239746,-0.3669923945614878,0.1456694354862397,0.0393085479736328,0.03930854797363281
2019-10-18,27.36000061035156,27.64999961853028,27.36000061035156,27.5,27.02406883239746,0.1140995710969084,0.0,0.0,0.0
2019-10-21,27.64999961853028,28.0,27.530000686645508,28.0,27.51541519165039,-0.0125035777605642,1.818180534915914,0.4913463592529297,0.4913463592529297
2019-10-22,27.920000076293945,27.920000076293945,27.43000030517578,27.6299991607666,27.151819229125977,0.1140995710969084,-1.3214264076769178,-0.363595962524414,-0.36359596252441406
2019-10-23,27.61000061035156,27.68000030517578,27.350000381469727,27.350000381469727,26.87666702270508,-0.2910305052470042,-1.013384053933808,-0.2751522064208949,-0.2751522064208949
2019-10-24,27.43000030517578,27.450000762939453,27.059999465942383,27.229999542236328,26.75874137878418,0.2153820901828865,-0.4387658775594438,-0.1179256439209019,-0.11792564392090199
2019-10-25,27.39999961853028,27.51000022888184,27.18000030517578,27.229999542236328,26.75874137878418,-0.1770876712752787,0.0,0.0,0.0
2019-10-28,27.200000762939453,27.96999931335449,27.200000762939453,27.850000381469727,27.36801147460937,-0.4682749136474659,2.276901171100132,0.6092700958251918,0.6092700958251918
2019-10-29,27.780000686645508,28.030000686645508,27.530000686645508,27.950000762939453,27.46628189086914,0.240702719954381,0.3590703561014541,0.0982704162597691,0.09827041625976918
2019-10-30,28.239999771118164,28.239999771118164,27.979999542236328,28.15999984741211,27.672645568847656,-0.3669923945614878,0.7513345956269291,0.2063636779785156,0.20636367797851562
2019-10-31,27.850000381469727,27.979999542236328,27.25,27.700000762939453,27.45459747314453,0.6964740558412827,-0.7879553661056193,-0.218048095703125,-0.218048095703125
2019-11-01,27.68000030517578,27.68000030517578,27.350000381469727,27.5,27.25636863708496,0.5445502772123155,-0.7220241937747396,-0.1982288360595703,-0.1982288360595703
2019-11-04,27.39999961853028,27.93000030517578,27.25,27.82999992370605,27.58344459533692,-0.3669923945614878,1.1999982925346098,0.3270759582519567,0.32707595825196023
2019-11-05,27.86000061035156,28.700000762939453,27.63999938964844,28.700000762939453,28.44573783874512,0.240702719954381,3.1261260370431643,0.8622932434082031,0.8622932434081996
2019-11-06,28.5,28.5,27.25,27.270000457763672,27.02840614318848,1.3927913745573826,-4.982580179819185,-1.4173316955566406,-1.4173316955566406
2019-11-07,27.440000534057617,27.770000457763672,27.01000022888184,27.299999237060547,27.05813980102539,0.5065693325550737,0.1100089205386067,0.0297336578369105,0.02973365783691051
2019-11-08,27.479999542236328,27.479999542236328,27.1200008392334,27.1200008392334,26.87973594665528,-0.2657098754755096,-0.6593352524675522,-0.1784038543701136,-0.17840385437011008
2019-11-11,27.020000457763672,27.229999542236328,26.96999931335449,27.170000076293945,26.929292678833008,-0.4302939689902241,0.1843646540132582,0.0495567321777308,0.04955673217772727
2019-11-12,27.21999931335449,27.350000381469727,26.989999771118164,27.190000534057617,26.949115753173828,-0.2277289308182678,0.0736115670665338,0.0198230743408203,0.019823074340820312
2019-11-13,27.14999961853028,27.36000061035156,27.030000686645508,27.299999237060547,27.05813980102539,-0.6075383773906858,0.4045551952431836,0.1090240478515625,0.1090240478515625
2019-11-14,27.280000686645508,27.65999984741211,27.229999542236328,27.479999542236328,27.23654556274414,-0.1011257819607951,0.659342301542809,0.17840576171875,0.17840576171875
2019-11-15,27.71999931335449,27.8799991607666,27.61000061035156,27.8799991607666,27.63300132751465,0.5572105920980628,1.455602230676445,0.3964557647705078,0.3964557647705078
2019-11-18,27.63999938964844,28.1200008392334,27.6200008392334,28.1200008392334,27.87087631225586,0.3926264985833483,0.8608365842053933,0.2378749847412109,0.23787498474121094
2019-11-19,27.8799991607666,28.5,27.690000534057617,28.34000015258789,28.088926315307617,0.1394202008684029,0.782357901519859,0.2180500030517578,0.2180500030517578
2019-11-20,28.14999961853028,28.5,27.93000030517578,28.020000457763672,27.77176094055176,1.1522453917281843,-1.1291473771391949,-0.3171653747558558,-0.3171653747558558
2019-11-21,28.049999237060547,28.459999084472656,27.71999931335449,27.950000762939453,27.70238304138184,0.0761186264396665,-0.2498145483767921,-0.0693778991699218,-0.06937789916992188
2019-11-22,28.14999961853028,28.14999961853028,27.700000762939453,27.75,27.504154205322266,-0.2277289308182678,-0.7155660065903291,-0.1982288360595738,-0.19822883605957387
2019-11-25,27.739999771118164,28.600000381469727,27.739999771118164,28.459999084472656,28.207862854003903,0.4939090176693264,2.5585540403400664,0.7037086486816371,0.7037086486816371
2019-11-26,28.600000381469727,28.690000534057617,27.8700008392334,27.8700008392334,27.623090744018555,0.5951915367553046,-2.0730819382239862,-0.584772109985348,-0.584772109985348
2019-11-27,27.81999969482422,28.239999771118164,27.799999237060547,28.100000381469727,27.85105323791504,-0.4429542838759714,0.8252606343330582,0.2279624938964843,0.22796249389648438
2019-11-29,28.190000534057617,28.190000534057617,28.190000534057617,28.190000534057617,27.94025611877441,-0.658179636933675,0.3202854847081049,0.0892028808593714,0.08920288085937145
2019-12-02,27.84000015258789,27.959999084472656,27.63999938964844,27.71999931335449,27.47441864013672,-0.0884654670750478,-1.6672627360945105,-0.4658374786376917,-0.46583747863769176
2019-12-03,27.5,27.989999771118164,27.5,27.75,27.504154205322266,-0.5568971178476968,0.1082300068839581,0.0297355651855468,0.029735565185546875
2019-12-04,27.89999961853028,28.0,27.63999938964844,27.63999938964844,27.39512825012207,-0.2150686159325205,-0.3963981382095971,-0.1090259552001953,-0.10902595520019531
2019-12-05,27.56999969482422,27.56999969482422,27.56999969482422,27.56999969482422,27.32574844360352,-0.7341415262481585,-0.2532560018887353,-0.0693798065185511,-0.06937980651855113
2019-12-06,27.600000381469727,28.299999237060547,27.59000015258789,27.739999771118164,27.49424171447754,1.1522453917281843,0.6166099026409633,0.1684932708740198,0.16849327087401988
2019-12-09,27.799999237060547,28.09000015258789,27.739999771118164,27.739999771118164,27.49424171447754,-0.2910305052470042,0.0,0.0,0.0
2019-12-10,27.39999961853028,28.01000022888184,27.39999961853028,28.01000022888184,27.761850357055664,-0.3036908201327514,0.9733261435510344,0.267608642578125,0.267608642578125
2019-12-11,28.059999465942383,28.36000061035156,27.39999961853028,28.36000061035156,28.10874938964844,0.2660233497258756,1.2495529949595463,0.346899032592777,0.346899032592777
2019-12-12,27.64999961853028,28.59000015258789,27.64999961853028,28.59000015258789,28.33671188354492,0.4179471283548428,0.8110019081120301,0.2279624938964772,0.22796249389647727
2019-12-13,28.5,28.61000061035156,28.049999237060547,28.059999465942383,27.8114070892334,2.139749952816471,-1.8537958690138745,-0.5253047943115199,-0.5253047943115199
2019-12-16,28.40999984741211,28.40999984741211,27.88999938964844,27.96999931335449,27.722204208374023,1.2155469661569207,-0.3207420630432889,-0.089202880859375,-0.089202880859375
2019-12-17,27.82999992370605,28.049999237060547,27.82999992370605,27.96999931335449,27.722204208374023,0.3673058688118537,0.0,0.0,0.0
2019-12-18,28.13999938964844,28.15999984741211,27.86000061035156,27.86000061035156,27.61318016052246,0.0001567371251829,-0.3932733740509286,-0.1090240478515625,-0.1090240478515625
2019-12-19,28.030000686645508,28.049999237060547,27.81999969482422,27.8799991607666,27.63300132751465,-0.2910305052470042,0.071781543730065,0.0198211669921875,0.0198211669921875
2019-12-23,27.8799991607666,27.8799991607666,27.809999465942383,27.82999992370605,27.58344459533692,-0.3416717647899932,-0.1793389418339619,-0.0495567321777308,-0.04955673217772727
2019-12-24,28.020000457763672,28.020000457763672,27.780000686645508,27.780000686645508,27.53388786315918,-0.050484522417806,-0.1796611442289375,-0.0495567321777379,-0.04955673217774148
2019-12-26,27.75,27.75,27.61000061035156,27.61000061035156,27.36539459228516,0.5951915367553046,-0.6119487073943719,-0.1684932708740198,-0.16849327087401988
2019-12-27,27.88999938964844,28.0,27.799999237060547,27.8700008392334,27.623090744018555,-0.0251638926463115,0.941686226611349,0.2576961517333949,0.2576961517333949
2019-12-30,27.93000030517578,28.059999465942383,27.850000381469727,27.950000762939453,27.70238304138184,-0.4809352285332132,0.2870507797193333,0.0792922973632848,0.0792922973632848
2019-12-31,27.989999771118164,28.059999465942383,27.790000915527344,28.059999465942383,27.8114070892334,-0.0631448373035533,0.3935547627389901,0.1090240478515589,0.10902404785155895
2020-01-02,28.049999237060547,28.049999237060547,27.61000061035156,27.790000915527344,27.543800354003903,-0.4809352285332132,-0.962219330977665,-0.2676067352294957,-0.26760673522949574
2020-01-06,26.799999237060547,27.270000457763672,26.799999237060547,27.190000534057617,26.949115753173828,0.519229647440821,-2.159050650915817,-0.5946846008300746,-0.5946846008300746
2020-01-07,27.14999961853028,27.290000915527344,27.1200008392334,27.200000762939453,26.95902633666992,0.84839783447025,0.0367751713520325,0.0099105834960901,0.009910583496090197
2020-01-08,27.280000686645508,27.350000381469727,27.21999931335449,27.21999931335449,26.97884750366211,0.379966183697601,0.0735233043829497,0.019821166992191,0.019821166992191053
2020-01-09,27.299999237060547,27.39999961853028,27.26000022888184,27.39999961853028,27.15725326538086,0.0254773668966775,0.6612801443595107,0.17840576171875,0.17840576171875
2020-01-10,27.459999084472656,27.459999084472656,27.0,27.15999984741211,26.91938018798828,0.3926264985833483,-0.8759099275176374,-0.2378730773925781,-0.23787307739257812
2020-01-13,27.420000076293945,27.420000076293945,26.950000762939453,27.200000762939453,26.95902633666992,0.0634583115539193,0.1472773459298526,0.039646148681637,0.03964614868163707
2020-01-14,27.06999969482422,27.239999771118164,27.06999969482422,27.200000762939453,26.95902633666992,0.1267598859826556,0.0,0.0,0.0
2020-01-15,27.14999961853028,27.32999992370605,26.940000534057617,27.229999542236328,26.98875999450684,0.3166646092688647,0.1102920315652289,0.0297336578369211,0.029733657836921168
2020-01-16,27.09000015258789,27.25,27.09000015258789,27.1299991607666,26.88964462280273,0.9243597237847336,-0.3672468528538641,-0.0991153717041086,-0.09911537170410867
2020-01-17,27.200000762939453,27.200000762939453,27.049999237060547,27.1299991607666,26.88964462280273,0.4939090176693264,0.0,0.0,0.0
2020-01-21,27.170000076293945,27.170000076293945,26.84000015258789,27.0,26.76079750061035,0.519229647440821,-0.4791700448250502,-0.1288471221923792,-0.12884712219237926
2020-01-22,26.89999961853028,27.040000915527344,26.8700008392334,27.030000686645508,26.7905330657959,-0.3036908201327514,0.1111161398865911,0.0297355651855468,0.029735565185546875
2020-01-23,27.01000022888184,27.170000076293945,26.8700008392334,27.170000076293945,26.929292678833008,-0.2150686159325205,0.5179427101966283,0.1387596130371093,0.13875961303710938
2020-01-24,27.09000015258789,27.270000457763672,26.959999084472656,27.100000381469727,26.859912872314453,0.1394202008684029,-0.2576369433315628,-0.0693798065185546,-0.06937980651855469
2020-01-27,26.920000076293945,27.049999237060547,26.920000076293945,26.950000762939453,26.711240768432617,-0.3416717647899932,-0.5535092559256882,-0.1486721038818359,-0.14867210388183594
2020-01-28,26.86000061035156,27.229999542236328,26.86000061035156,27.229999542236328,26.98875999450684,-0.0125035777605642,1.0389604454548396,0.2775192260742223,0.2775192260742223
2020-01-29,27.11000061035156,27.15999984741211,26.81999969482422,27.09000015258789,26.850000381469727,0.56987090698381,-0.514138526799135,-0.1387596130371129,-0.13875961303711293
2020-01-30,26.86000061035156,26.88999938964844,26.670000076293945,26.8799991607666,26.8799991607666,-0.0378242075320588,0.1117272956077108,0.029998779296875,0.029998779296875
2020-01-31,26.75,26.850000381469727,26.39999961853028,26.68000030517578,26.68000030517578,2.4309371951886587,-0.744043384803128,-0.1999988555908203,-0.1999988555908203
2020-02-03,26.84000015258789,26.850000381469727,26.530000686645508,26.780000686645508,26.780000686645508,0.4179471283548428,0.374814019212466,0.1000003814697265,0.10000038146972656
2020-02-04,26.739999771118164,26.770000457763672,26.56999969482422,26.71999931335449,26.71999931335449,-0.1264464117322896,-0.2240529191656848,-0.0600013732910191,-0.06000137329101918
2020-02-05,26.700000762939453,26.940000534057617,26.700000762939453,26.940000534057617,26.940000534057617,-0.189747986161026,0.8233578830713961,0.2200012207031285,0.22000122070312855
2020-02-06,26.979999542236328,27.059999465942383,26.75,26.959999084472656,26.959999084472656,0.658493111184041,0.0742336674780519,0.019998550415039,0.019998550415039062
2020-02-07,26.979999542236328,27.030000686645508,26.82999992370605,26.90999984741211,26.90999984741211,0.2660233497258756,-0.1854571170565977,-0.0499992370605468,-0.049999237060546875
2020-02-10,26.86000061035156,27.0,26.75,27.0,27.0,-0.1137860968465424,0.334448729461978,0.0900001525878906,0.09000015258789062
2020-02-11,27.0,27.0,26.809999465942383,26.90999984741211,26.90999984741211,-0.4302939689902241,-0.3333338984736644,-0.0900001525878906,-0.09000015258789062
2020-02-12,27.0,27.0,26.81999969482422,26.89999961853028,26.89999961853028,-0.2150686159325205,-0.0371617574824845,-0.0100002288818323,-0.010000228881828832
2020-02-13,26.920000076293945,26.989999771118164,26.89999961853028,26.989999771118164,26.989999771118164,-0.518916173190455,0.3345730626921339,0.090000152587887,0.09000015258788352
2020-02-14,27.0,27.31999969482422,26.989999771118164,27.11000061035156,27.11000061035156,0.3166646092688647,0.4446122276807296,0.1200008392333948,0.12000083923339488
2020-02-18,27.100000381469727,27.299999237060547,27.040000915527344,27.280000686645508,27.280000686645508,0.2280424050686338,0.6270751474237723,0.1700000762939488,0.17000007629394887
2020-02-19,27.170000076293945,27.25,26.89999961853028,26.950000762939453,26.950000762939453,0.379966183697601,-1.2096771092370284,-0.3299999237060547,-0.3299999237060547
2020-02-20,26.89999961853028,27.07999992370605,26.799999237060547,27.020000457763672,27.020000457763672,-0.2783701903612569,0.2597391200095167,0.0699996948242187,0.06999969482421875
2020-02-21,27.07999992370605,27.07999992370605,26.780000686645508,26.8799991607666,26.8799991607666,0.8357375195845027,-0.5181395063849625,-0.1400012969970703,-0.1400012969970703
2020-02-24,26.799999237060547,27.0,26.75,27.0,27.0,0.4179471283548428,0.4464317075148827,0.1200008392333984,0.12000083923339844
2020-02-25,26.920000076293945,26.989999771118164,26.700000762939453,26.8799991607666,26.8799991607666,3.7096289986491326,-0.4444475527162872,-0.1200008392333984,-0.12000083923339844
2020-02-26,26.88999938964844,26.940000534057617,26.71999931335449,26.799999237060547,26.799999237060547,-0.0125035777605642,-0.2976187730794999,-0.0799999237060546,-0.07999992370605469
2020-02-27,26.459999084472656,26.8799991607666,26.01000022888184,26.5,26.5,2.1017690081592297,-1.1194001701525846,-0.2999992370605469,-0.2999992370605469
2020-02-28,26.209999084472656,26.5,25.600000381469727,25.8700008392334,25.8700008392334,2.114429323044977,-2.3773553236475564,-0.6299991607666016,-0.6299991607666016
2020-03-02,25.850000381469727,26.450000762939453,25.700000762939453,26.450000762939453,26.450000762939453,2.9500101055042967,2.241978758757712,0.5799999237060547,0.5799999237060547
2020-03-03,26.280000686645508,26.75,26.25,26.63999938964844,26.63999938964844,0.9750009833277226,0.7183312711854573,0.1899986267089879,0.18999862670898793
2020-03-04,26.809999465942383,26.82999992370605,25.90999984741211,26.82999992370605,26.82999992370605,2.924689475732802,0.7132152342745224,0.19000053405761,0.19000053405761008
2020-03-05,26.350000381469727,26.59000015258789,25.940000534057617,26.56999969482422,26.56999969482422,1.7346198764725589,-0.9690653358970236,-0.2600002288818324,-0.2600002288818324
2020-03-06,26.11000061035156,26.809999465942383,25.56999969482422,25.8799991607666,25.8799991607666,2.354975305874175,-2.596915852400361,-0.6900005340576172,-0.6900005340576172
2020-03-09,25.38999938964844,25.38999938964844,22.36000061035156,22.690000534057617,22.690000534057617,1.9118642848730203,-12.326115649744452,-3.1899986267089844,-3.1899986267089844
2020-03-10,23.21999931335449,25.01000022888184,22.75,22.950000762939453,22.950000762939453,0.9370200386704808,1.1458802237204635,0.2600002288818359,0.26000022888183594
2020-03-11,22.96999931335449,23.0,20.950000762939453,21.13999938964844,21.13999938964844,2.0511277486162407,-7.886715961307821,-1.810001373291012,-1.810001373291012
2020-03-12,19.40999984741211,21.0,18.39999961853028,18.799999237060547,18.799999237060547,4.747774819280409,-11.069064428325923,-2.340000152587894,-2.340000152587894
2020-03-13,19.93000030517578,23.0,19.6200008392334,22.75,22.75,2.7221244375608458,21.010643208712445,3.950000762939453,3.950000762939453
2020-03-16,21.670000076293945,22.059999465942383,18.0,18.0,18.0,3.2791782925337256,-20.879120879120883,-4.75,-4.75
2020-03-17,18.200000762939453,22.600000381469727,18.200000762939453,22.0,22.0,3.519724275362924,22.222222222222232,4.0,4.0
2020-03-18,20.700000762939453,21.190000534057617,19.270000457763672,20.5,20.5,2.342314990988428,-6.818181818181824,-1.5,-1.5
2020-03-19,20.600000381469727,21.6200008392334,20.459999084472656,21.0,21.0,2.089108693273482,2.4390243902439046,0.5,0.5
2020-03-20,20.8700008392334,21.0,18.850000381469727,18.89999961853028,18.89999961853028,3.9754956112498254,-10.000001816522486,-2.100000381469723,-2.1000003814697195
2020-03-23,19.3799991607666,20.64999961853028,18.71999931335449,19.270000457763672,19.270000457763672,2.165070582587966,1.957676437573208,0.3700008392333949,0.37000083923339133
2020-03-24,21.200000762939453,21.530000686645508,19.75,20.700000762939453,20.700000762939453,2.000486489073251,7.420862850055876,1.4300003051757812,1.4300003051757812
2020-03-25,20.540000915527344,21.38999938964844,19.76000022888184,21.020000457763672,21.020000457763672,0.4685883878978319,1.5458921885507015,0.3199996948242187,0.31999969482421875
2020-03-26,21.170000076293945,22.1200008392334,21.1299991607666,21.5,21.5,1.3927913745573826,2.283537258720858,0.4799995422363281,0.4799995422363281
2020-03-27,21.0,21.959999084472656,19.959999084472656,19.959999084472656,19.959999084472656,1.076283502413701,-7.162794955941132,-1.5400009155273438,-1.5400009155273438
2020-03-30,19.959999084472656,20.739999771118164,19.780000686645508,20.14999961853028,20.14999961853028,2.5702006589318787,0.951906526916768,0.1900005340576207,0.1900005340576243
2020-03-31,19.770000457763672,20.86000061035156,19.040000915527344,20.450000762939453,20.450000762939453,5.874542844111915,1.488839454534241,0.3000011444091761,0.3000011444091726
2020-04-01,19.5,20.25,18.729999542236328,19.030000686645508,19.030000686645508,2.316994361216933,-6.943765395194223,-1.420000076293945,-1.4200000762939453
