Date,Open,High,Low,Close,Adj Close,Volume,Daily_Return,Adj Close Diff,Price_Diff
2019-06-28,27.89999961853028,28.0,25.549999237060547,26.96999931335449,26.96999931335449,1.0141604174242018,,,
2019-07-01,27.420000076293945,27.864999771118164,26.09000015258789,27.3700008392334,27.3700008392334,-0.2029038943150016,1.4831350984901404,0.4000015258789098,0.4000015258789098
2019-07-02,27.26000022888184,27.549999237060547,25.5,27.040000915527344,27.040000915527344,0.406640794259874,-1.2056993554527715,-0.3299999237060547,-0.3299999237060547
2019-07-03,27.059999465942383,29.100000381469727,27.059999465942383,28.61000061035156,28.61000061035156,3.786924978999762,5.806211692554575,1.5699996948242152,1.5699996948242152
2019-07-05,28.61000061035156,29.14999961853028,27.25,28.989999771118164,28.989999771118164,-0.0334734216325057,1.328203958965024,0.3799991607666051,0.3799991607666051
2019-07-08,28.709999084472656,28.979999542236328,27.905000686645508,28.200000762939453,28.200000762939453,-0.4594121796510512,-2.7250742132318373,-0.7899990081787109,-0.7899990081787109
2019-07-09,28.299999237060547,28.420000076293945,27.299999237060547,27.36000061035156,27.36000061035156,-0.7210956321473895,-2.978723864758992,-0.8400001525878942,-0.8400001525878942
2019-07-10,27.57999992370605,27.950000762939453,26.84000015258789,27.600000381469727,27.600000381469727,-0.395735122852716,0.8771921263311944,0.2399997711181676,0.23999977111816762
2019-07-11,27.489999771118164,31.636999130249023,26.979999542236328,29.770000457763672,29.770000457763672,-0.4141857188154845,7.862319008339047,2.1700000762939453,2.1700000762939453
2019-07-12,29.61000061035156,29.61000061035156,28.2810001373291,28.6200008392334,28.6200008392334,-0.4024853408878753,-3.862947937007388,-1.1499996185302734,-1.1499996185302734
2019-07-15,28.5,28.725000381469727,27.097000122070312,27.84000015258789,27.84000015258789,-0.58204114062311,-2.725369195574068,-0.7800006866455078,-0.7800006866455078
2019-07-16,27.93000030517578,27.93000030517578,25.40999984741211,25.940000534057617,25.940000534057617,-0.5415398324121548,-6.824711236050973,-1.8999996185302732,-1.8999996185302734
2019-07-17,26.0,26.559999465942383,25.61000061035156,26.1200008392334,26.1200008392334,-0.6871195347037549,0.693910182998847,0.1800003051757812,0.18000030517578125
2019-07-18,26.209999084472656,27.0009994506836,25.51000022888184,26.0,26.0,-0.4533369834194079,-0.4594212686745091,-0.1200008392333984,-0.12000083923339844
2019-07-19,26.0,28.14999961853028,24.05599975585937,27.51000022888184,27.51000022888184,-0.2611807766852094,5.807693188007068,1.5100002288818395,1.5100002288818395
2019-07-22,27.600000381469727,30.799999237060547,27.600000381469727,30.34000015258789,30.34000015258789,-0.2652309075063049,10.28716793951505,2.829999923706051,2.829999923706051
2019-07-23,30.63999938964844,30.663000106811523,28.25,28.82999992370605,28.82999992370605,-0.4992384660584905,-4.976928877019282,-1.5100002288818395,-1.5100002288818395
2019-07-24,28.82999992370605,30.832000732421875,28.0,28.1200008392334,28.1200008392334,-0.6967948472208163,-2.4627092832173125,-0.7099990844726527,-0.7099990844726527
2019-07-25,28.1200008392334,28.559999465942383,26.01000022888184,26.790000915527344,26.790000915527344,-0.6706940041515341,-4.729729317256714,-1.329999923706055,-1.3299999237060547
2019-07-26,27.030000686645508,28.940000534057617,27.0,28.3700008392334,28.3700008392334,-0.4456867363128941,5.897722544646489,1.579999923706055,1.5799999237060547
2019-07-29,28.51000022888184,29.46999931335449,28.030000686645508,28.690000534057617,28.690000534057617,-0.7048951088630073,1.1279509529717124,0.3199996948242187,0.31999969482421875
2019-07-30,28.8799991607666,29.0,27.020000457763672,27.780000686645508,27.780000686645508,-0.7129953705051985,-3.1718362860671867,-0.9099998474121094,-0.9099998474121094
2019-07-31,27.86000061035156,29.5,27.43000030517578,29.350000381469727,29.350000381469727,-0.758221831340765,5.651546637934235,1.5699996948242188,1.5699996948242188
2019-08-01,29.350000381469727,32.8120002746582,29.350000381469727,29.690000534057617,29.690000534057617,-0.2656809220419822,1.1584332135223807,0.3400001525878906,0.3400001525878906
2019-08-02,29.63999938964844,30.593000411987305,27.700000762939453,28.290000915527344,28.290000915527344,-0.5995917075145238,-4.715391018347481,-1.3999996185302734,-1.3999996185302734
2019-08-05,28.11000061035156,28.11000061035156,26.63999938964844,26.89999961853028,26.89999961853028,-0.7069201742735551,-4.913401385696481,-1.3900012969970668,-1.3900012969970632
2019-08-06,27.0,28.21999931335449,26.709999084472656,27.8799991607666,27.8799991607666,-0.7969230814090111,3.643121026519447,0.9799995422363246,0.979999542236321
2019-08-07,27.63999938964844,29.57999992370605,27.275999069213867,29.46999931335449,29.46999931335449,-0.7919729215165611,5.703013631454379,1.590000152587887,1.590000152587887
2019-08-08,29.64999961853028,30.489999771118164,28.780000686645508,29.81999969482422,29.81999969482422,-0.7406712644493512,1.1876497781631246,0.3500003814697301,0.3500003814697301
2019-08-09,29.670000076293945,29.989999771118164,25.690000534057617,26.8799991607666,26.8799991607666,0.0594545799848525,-9.859156821413062,-2.940000534057617,-2.940000534057617
2019-08-12,26.5,27.3799991607666,25.780000686645508,26.190000534057617,26.190000534057617,-0.4454617290450555,-2.566959256889001,-0.6899986267089844,-0.6899986267089844
2019-08-13,26.0,27.09000015258789,25.749000549316406,26.76000022888184,26.76000022888184,-0.7183955449333258,2.176401997712807,0.5699996948242223,0.5699996948242223
2019-08-14,26.440000534057617,26.440000534057617,25.315000534057617,25.88999938964844,25.88999938964844,-0.6436931320108973,-3.2511241845746053,-0.8700008392333984,-0.8700008392333984
2019-08-15,25.63999938964844,27.13999938964844,25.63999938964844,26.76000022888184,26.76000022888184,-0.5442399196262184,3.360374120291598,0.8700008392333984,0.8700008392333984
2019-08-16,26.739999771118164,28.31999969482422,26.57999992370605,27.459999084472656,27.459999084472656,-0.4425366345631532,2.615840245155576,0.6999988555908168,0.6999988555908168
2019-08-19,27.520000457763672,29.489999771118164,27.440000534057617,28.049999237060547,28.049999237060547,-0.4321863002425757,2.1485803796749137,0.5900001525878906,0.5900001525878906
2019-08-20,28.020000457763672,29.11000061035156,27.850000381469727,28.65999984741211,28.65999984741211,-0.573940878980919,2.174690292132375,0.6100006103515625,0.6100006103515625
2019-08-21,28.959999084472656,30.0,28.51000022888184,29.81999969482422,29.81999969482422,-0.6340178194938358,4.047452385164108,1.1599998474121094,1.1599998474121094
2019-08-22,30.01000022888184,30.5,29.655000686645508,29.799999237060547,29.799999237060547,-0.7078202033449097,-0.0670706169294321,-0.0200004577636718,-0.020000457763671875
2019-08-23,29.989999771118164,30.600000381469727,28.56999969482422,29.309999465942383,29.309999465942383,-0.7897228488381747,-1.6442945760507977,-0.489999771118164,-0.48999977111816406
2019-08-26,29.600000381469727,30.979999542236328,29.43000030517578,30.489999771118164,30.489999771118164,-0.6805943239364343,4.0259308313769,1.1800003051757812,1.1800003051757812
2019-08-27,30.63999938964844,31.780000686645508,30.045000076293945,31.26000022888184,31.26000022888184,-0.5464899923046048,2.525419690206298,0.7700004577636754,0.7700004577636754
2019-08-28,31.25,31.90999984741211,29.26000022888184,29.61000061035156,29.61000061035156,-0.6076919691567149,-5.278309681539306,-1.6499996185302803,-1.6499996185302805
2019-08-29,29.799999237060547,30.920000076293945,27.59000015258789,30.709999084472656,30.709999084472656,-0.6187173252808083,3.714955931937869,1.0999984741210973,1.0999984741210973
2019-08-30,30.51000022888184,31.5,29.100000381469727,30.479999542236328,30.479999542236328,-0.6250175287802902,-0.7489402445232218,-0.2299995422363281,-0.22999954223632812
2019-09-03,30.600000381469727,32.939998626708984,30.489999771118164,32.380001068115234,32.380001068115234,-0.1214512633574139,6.233600900308622,1.9000015258789065,1.9000015258789062
2019-09-04,32.290000915527344,32.29499816894531,31.14999961853028,31.479999542236328,31.479999542236328,-0.4816878991670765,-2.779498135239844,-0.9000015258789062,-0.9000015258789062
2019-09-05,31.549999237060547,32.20000076293945,30.64999961853028,31.31999969482422,31.31999969482422,-0.4801128482922061,-0.5082587348752665,-0.1599998474121093,-0.15999984741210938
2019-09-06,31.18000030517578,32.220001220703125,30.86000061035156,30.93000030517578,30.93000030517578,-0.4225109877255142,-1.2452087913426335,-0.3899993896484375,-0.3899993896484375
2019-09-09,30.940000534057617,31.113000869750977,28.09000015258789,28.350000381469727,28.350000381469727,-0.4339863583852849,-8.341415771904536,-2.5799999237060547,-2.5799999237060547
2019-09-10,28.020000457763672,29.020000457763672,26.2450008392334,26.549999237060547,26.549999237060547,-0.4339863583852849,-6.349210300489827,-1.8000011444091797,-1.8000011444091797
2019-09-11,26.559999465942383,27.5,26.07999992370605,26.950000762939453,26.950000762939453,-0.5165640256820657,1.5065971275831649,0.4000015258789062,0.40000152587890625
2019-09-12,27.0,27.285999298095703,26.003999710083008,26.100000381469727,26.100000381469727,-0.5363646652518661,-3.1539901944589666,-0.8500003814697266,-0.8500003814697266
2019-09-13,26.09000015258789,26.530000686645508,25.32999992370605,25.90999984741211,25.90999984741211,-0.4965383788444267,-0.7279713842169633,-0.1900005340576172,-0.1900005340576172
2019-09-16,25.90999984741211,26.38999938964844,24.51000022888184,25.3799991607666,25.3799991607666,-0.5428898760191866,-2.045544923839293,-0.5300006866455078,-0.5300006866455078
2019-09-17,25.26000022888184,25.70499992370605,24.670000076293945,24.86000061035156,24.86000061035156,-0.5597654211070846,-2.0488517242304605,-0.5199985504150426,-0.5199985504150426
2019-09-18,24.86000061035156,25.30500030517578,24.43000030517578,24.75,24.75,-0.5572903411608595,-0.4424803203977201,-0.1100006103515589,-0.11000061035155895
2019-09-19,24.82999992370605,25.68000030517578,24.32999992370605,24.530000686645508,24.530000686645508,-0.427011133082287,-0.8888861145636029,-0.2199993133544922,-0.2199993133544922
2019-09-20,24.59000015258789,26.43000030517578,24.479999542236328,26.270000457763672,26.270000457763672,6.740145369381912,7.093353943791136,1.739999771118164,1.739999771118164
2019-09-23,26.0,28.25,26.0,27.604999542236328,27.604999542236328,-0.0332484143646671,5.081838832165375,1.3349990844726562,1.3349990844726562
2019-09-24,28.07999992370605,28.363000869750977,25.11000061035156,25.459999084472656,25.459999084472656,-0.0516990103274355,-7.7703332488079475,-2.145000457763672,-2.145000457763672
2019-09-25,25.530000686645508,26.049999237060547,23.209999084472656,23.38999938964844,23.38999938964844,-0.2447552461329886,-8.13039972215337,-2.069999694824215,-2.069999694824215
2019-09-26,23.56999969482422,23.81399917602539,21.200000762939453,21.239999771118164,21.239999771118164,-0.1750029931030103,-9.191960986034864,-2.149999618530277,-2.149999618530277
2019-09-27,21.25,22.459999084472656,19.709999084472656,20.1299991607666,20.1299991607666,-0.0060225349561916,-5.22599163047508,-1.1100006103515625,-1.1100006103515625
2019-09-30,20.21999931335449,22.239999771118164,19.280000686645508,21.46999931335449,21.46999931335449,-0.2231545484204792,6.656732282431244,1.340000152587887,1.340000152587887
2019-10-01,21.479999542236328,22.68000030517578,20.75,20.89999961853028,20.89999961853028,-0.4994634733263291,-2.654865920138472,-0.5699996948242116,-0.5699996948242081
2019-10-02,20.709999084472656,21.11000061035156,19.32999992370605,19.56999969482422,19.56999969482422,-0.3113573974132261,-6.363636114743554,-1.3299999237060582,-1.3299999237060618
2019-10-03,19.489999771118164,20.229999542236328,19.01000022888184,20.170000076293945,20.170000076293945,-0.0183979346873168,3.0659192173028598,0.6000003814697266,0.6000003814697266
2019-10-04,20.440000534057617,20.989999771118164,19.170000076293945,19.43000030517578,19.43000030517578,-0.1957036617441651,-3.668813923247805,-0.7399997711181641,-0.7399997711181641
2019-10-07,19.290000915527344,19.950000762939453,18.51000022888184,19.6299991607666,19.6299991607666,-0.4450117145093782,1.0293301721541637,0.1999988555908203,0.1999988555908203
2019-10-08,19.39999961853028,19.850000381469727,18.68000030517578,19.11000061035156,19.11000061035156,-0.6643938006520522,-2.648999351229397,-0.5199985504150426,-0.5199985504150426
2019-10-09,19.290000915527344,19.29400062561035,17.610000610351562,18.350000381469727,18.350000381469727,-0.5489650722508299,-3.976976476233885,-0.7600002288818324,-0.7600002288818324
2019-10-10,18.21999931335449,19.450000762939453,18.15999984741211,18.75,18.75,-0.1333766485528618,2.1798343880919058,0.3999996185302734,0.39999961853027344
2019-10-11,18.979999542236328,19.739999771118164,18.31999969482422,18.530000686645508,18.530000686645508,-0.3417333785714425,-1.173329671223955,-0.2199993133544922,-0.2199993133544922
2019-10-14,18.690000534057617,18.809999465942383,18.049999237060547,18.1200008392334,18.1200008392334,-0.5298394544845455,-2.212627265079348,-0.4099998474121094,-0.4099998474121094
2019-10-15,18.1200008392334,18.979999542236328,18.059999465942383,18.6200008392334,18.6200008392334,-0.5269143600026431,2.7593817706531354,0.5,0.5
2019-10-16,18.520000457763672,18.989999771118164,17.690000534057617,17.959999084472656,17.959999084472656,-0.573940878980919,-3.5445849893308345,-0.6600017547607422,-0.6600017547607422
2019-10-17,18.0,19.0,17.746000289916992,18.51000022888184,18.51000022888184,-0.6088170054959081,3.06236732987748,0.5500011444091832,0.5500011444091832
2019-10-18,18.3700008392334,18.5,17.84000015258789,18.209999084472656,18.209999084472656,-0.4576121215083421,-1.620751705562273,-0.3000011444091832,-0.30000114440918324
2019-10-21,18.3799991607666,18.90999984741211,18.29199981689453,18.6299991607666,18.6299991607666,-0.5509901376613776,2.3064255761114927,0.4200000762939453,0.4200000762939453
2019-10-22,18.64999961853028,18.920000076293945,18.34000015258789,18.39999961853028,18.39999961853028,-0.500813516933361,-1.2345654997166444,-0.2299995422363245,-0.22999954223632102
2019-10-23,18.39999961853028,19.0,18.190000534057617,18.479999542236328,18.479999542236328,-0.3500586474814721,0.4347822030685622,0.0799999237060511,0.07999992370604758
2019-10-24,18.57999992370605,18.950000762939453,18.34000015258789,18.51000022888184,18.51000022888184,-0.5494150867865072,0.1623413819732189,0.0300006866455113,0.030000686645511365
2019-10-25,18.420000076293945,19.43000030517578,17.729999542236328,18.71999931335449,18.71999931335449,-0.2011038361722925,1.1345169199132643,0.2099990844726491,0.20999908447264914
2019-10-28,18.780000686645508,19.670000076293945,18.64999961853028,19.440000534057617,19.440000534057617,-0.3100073538061942,3.846160508080221,0.7200012207031286,0.7200012207031286
2019-10-29,19.559999465942383,20.80500030517578,19.520000457763672,20.0,20.0,-0.2690560310595618,2.880655609866367,0.5599994659423828,0.5599994659423828
2019-10-30,20.0,20.690000534057617,19.809999465942383,20.26000022888184,20.26000022888184,-0.2371049990264749,1.300001144409202,0.2600002288818395,0.2600002288818395
2019-10-31,20.280000686645508,22.90999984741211,20.200000762939453,22.61000061035156,22.61000061035156,-0.1628526006397237,11.599212018367378,2.3500003814697195,2.3500003814697195
2019-11-01,22.82999992370605,24.420000076293945,22.583999633789062,24.14999961853028,24.14999961853028,-0.2440802243294727,6.811140940322047,1.539999008178718,1.5399990081787216
2019-11-04,24.39999961853028,25.114999771118164,21.63999938964844,23.07999992370605,23.07999992370605,-0.5471650141081208,-4.4306406282640936,-1.069999694824226,-1.0699996948242294
2019-11-05,23.309999465942383,23.88999938964844,21.90999984741211,23.209999084472656,23.209999084472656,-0.6130921435848423,0.5632545979044057,0.1299991607666051,0.12999916076660512
2019-11-06,23.229999542236328,23.61000061035156,21.920000076293945,22.15999984741211,22.15999984741211,-0.6916196800605277,-4.5239089981825575,-1.0499992370605469,-1.0499992370605469
2019-11-07,22.31999969482422,25.424999237060547,22.31999969482422,24.420000076293945,24.420000076293945,-0.3982102027989411,10.198557059763536,2.260000228881836,2.260000228881836
2019-11-08,24.489999771118164,27.739999771118164,24.21999931335449,27.059999465942383,27.059999465942383,-0.2800813871836551,10.81080827764309,2.639999389648437,2.6399993896484375
2019-11-11,27.71999931335449,28.5,26.4950008392334,26.75,26.75,-0.4906881898806221,-1.145600414118808,-0.3099994659423828,-0.3099994659423828
2019-11-12,27.14999961853028,28.340999603271484,24.03899955749512,27.959999084472656,27.959999084472656,-0.4166607987617096,4.523361063449172,1.2099990844726562,1.2099990844726562
2019-11-13,28.040000915527344,28.261999130249023,26.200000762939453,26.280000686645508,26.280000686645508,-0.5298394544845455,-6.008578157501166,-1.6799983978271484,-1.6799983978271484
2019-11-14,26.3799991607666,27.93000030517578,25.905000686645508,27.56999969482422,27.56999969482422,-0.5165640256820657,4.90867189677906,1.289999008178711,1.289999008178711
2019-11-15,27.84000015258789,28.920000076293945,27.350000381469727,28.26000022888184,28.26000022888184,-0.4263361112787711,2.502722313004435,0.6900005340576207,0.6900005340576207
2019-11-18,30.309999465942383,30.309999465942383,27.3799991607666,29.06999969482422,29.06999969482422,0.0997308809279691,2.8662401252019576,0.8099994659423793,0.8099994659423793
2019-11-19,29.3799991607666,31.13999938964844,28.75,30.290000915527344,30.290000915527344,-0.2634308493635958,4.196770669111283,1.220001220703125,1.220001220703125
2019-11-20,30.049999237060547,33.29999923706055,30.0,33.290000915527344,33.290000915527344,0.0702549288411072,9.904258531937282,3.0,3.0
2019-11-21,33.869998931884766,35.66999816894531,32.59000015258789,33.540000915527344,33.540000915527344,-0.2337298900088953,0.7509762484968707,0.25,0.25
2019-11-22,33.470001220703125,34.9900016784668,33.470001220703125,34.0,34.0,-0.1171761252684798,1.3714939532386785,0.4599990844726562,0.45999908447265625
2019-11-25,34.54999923706055,34.880001068115234,30.59000015258789,31.040000915527344,31.040000915527344,-0.1129009871795456,-8.7058796602137,-2.959999084472656,-2.9599990844726562
2019-11-26,31.01000022888184,31.799999237060547,28.09000015258789,28.290000915527344,28.290000915527344,-0.345783509392538,-8.85953582116149,-2.75,-2.75
2019-11-27,28.290000915527344,30.290000915527344,28.040000915527344,29.84000015258789,29.84000015258789,-0.4870880735952039,5.478964958993027,1.5499992370605469,1.5499992370605469
2019-11-29,29.729999542236328,29.972999572753903,28.75,29.0,29.0,-0.7809475653924677,-2.81501390178458,-0.8400001525878906,-0.8400001525878906
2019-12-02,28.959999084472656,31.600000381469727,28.950000762939453,31.13999938964844,31.13999938964844,-0.4004602754773275,7.379308240167037,2.139999389648441,2.139999389648441
2019-12-03,31.030000686645508,32.04999923706055,30.299999237060547,30.559999465942383,30.559999465942383,0.4561423931843748,-1.862555989319836,-0.5799999237060582,-0.5799999237060582
2019-12-04,31.440000534057617,34.06999969482422,30.95199966430664,33.91999816894531,33.91999816894531,-0.2620808057565639,10.99476034594662,3.3599987030029297,3.3599987030029297
2019-12-05,34.0099983215332,34.97100067138672,31.90999984741211,32.20000076293945,32.20000076293945,-0.4195858932436119,-5.070747343319626,-1.7199974060058594,-1.7199974060058594
2019-12-06,32.349998474121094,33.29899978637695,32.349998474121094,33.02000045776367,33.02000045776367,-0.4749376811319173,2.54658284284266,0.8199996948242188,0.8199996948242188
2019-12-09,33.220001220703125,38.560001373291016,33.095001220703125,36.2599983215332,36.2599983215332,-0.0426987196138899,9.812228403551536,3.2399978637695312,3.2399978637695312
2019-12-10,36.459999084472656,39.63999938964844,36.459999084472656,36.93000030517578,36.93000030517578,-0.3552338146417609,1.8477716896216467,0.6700019836425781,0.6700019836425781
2019-12-11,37.0,37.59299850463867,36.119998931884766,36.72999954223633,36.72999954223633,-0.5698907481598234,-0.5415671846377479,-0.2000007629394531,-0.20000076293945312
2019-12-12,36.52000045776367,38.380001068115234,36.52000045776367,37.45000076293945,37.45000076293945,-0.5658406173387279,1.960253824330116,0.720001220703125,0.720001220703125
2019-12-13,37.459999084472656,37.91999816894531,35.290000915527344,36.5,36.5,-0.4794378264886901,-2.53671760637072,-0.9500007629394532,-0.9500007629394531
2019-12-16,36.38999938964844,38.150001525878906,34.91999816894531,35.15999984741211,35.15999984741211,-0.0208730146335419,-3.6712332947613446,-1.3400001525878906,-1.3400001525878906
2019-12-17,35.369998931884766,36.97999954223633,33.619998931884766,34.939998626708984,34.939998626708984,-0.0521490248631128,-0.6257145098347294,-0.220001220703125,-0.220001220703125
2019-12-18,35.04999923706055,38.9900016784668,35.04999923706055,38.459999084472656,38.459999084472656,-0.1043507110016773,10.074414986018043,3.520000457763672,3.520000457763672
2019-12-19,38.0,38.23400115966797,36.0,36.75,36.75,-0.117626139804157,-4.446175572487288,-1.7099990844726562,-1.7099990844726562
2019-12-20,36.84999847412109,42.40999984741211,36.75,41.540000915527344,41.540000915527344,5.345775330585861,13.034016096673051,4.790000915527344,4.790000915527344
2019-12-26,45.68000030517578,46.68000030517578,42.709999084472656,43.0,43.0,-0.2677059874525299,3.5146823598815047,1.4599990844726562,1.4599990844726562
2019-12-27,42.93000030517578,43.0099983215332,35.599998474121094,36.84000015258789,36.84000015258789,1.0249607662804563,-14.325581040493274,-6.159999847412109,-6.159999847412109
2019-12-30,36.93999862670898,37.30400085449219,35.02000045776367,35.439998626708984,35.439998626708984,0.0873554811968439,-3.8002212814338474,-1.4000015258789062,-1.4000015258789062
2019-12-31,35.47999954223633,36.220001220703125,34.59400177001953,35.04999923706055,35.04999923706055,-0.0609243083088198,-1.1004497876998198,-0.3899993896484375,-0.3899993896484375
2020-01-02,35.16999816894531,35.16999816894531,32.0099983215332,33.220001220703125,33.220001220703125,0.0527043619496933,-5.221107150331839,-1.8299980163574217,-1.8299980163574219
2020-01-03,32.86000061035156,33.470001220703125,31.690000534057617,32.220001220703125,32.220001220703125,0.9702840001956672,-3.0102346877000974,-1.0,-1.0
2020-01-06,32.54999923706055,35.810001373291016,31.600000381469727,34.849998474121094,34.849998474121094,-0.0546241048093379,8.162623071932252,2.6299972534179688,2.6299972534179688
2020-01-07,35.08000183105469,35.54999923706055,34.16999816894531,34.61000061035156,34.61000061035156,-0.1903034873160378,-0.6886596105527776,-0.2399978637695312,-0.23999786376953125
2020-01-08,34.349998474121094,35.25,33.5099983215332,34.18000030517578,34.18000030517578,-0.2467803115435364,-1.2424163466994376,-0.4300003051757812,-0.43000030517578125
2020-01-09,34.61000061035156,34.80899810791016,32.72999954223633,33.560001373291016,33.560001373291016,-0.1597024988899827,-1.813923131507056,-0.6199989318847656,-0.6199989318847656
2020-01-10,33.66999816894531,34.970001220703125,30.950000762939453,31.020000457763672,31.020000457763672,0.0529293692175319,-7.568536387334069,-2.540000915527344,-2.5400009155273438
2020-01-13,31.26000022888184,34.0,29.739999771118164,33.61000061035156,33.61000061035156,0.1298818548183468,8.349452335161601,2.59000015258789,2.5900001525878906
2020-01-14,33.61000061035156,35.209999084472656,33.06999969482422,34.58000183105469,34.58000183105469,0.3839150602081714,2.886049399250457,0.970001220703125,0.970001220703125
2020-01-15,34.66999816894531,35.09000015258789,34.0,34.5099983215332,34.5099983215332,-0.1336016558207005,-0.2024392880702996,-0.0700035095214843,-0.07000350952148438
2020-01-16,34.900001525878906,35.5,34.470001220703125,35.0,35.0,0.4043907215814876,1.419883228916441,0.4900016784667969,0.4900016784667969
2020-01-17,35.33000183105469,35.630001068115234,34.0,34.400001525878906,34.400001525878906,-0.4015853118165207,-1.714281354631697,-0.5999984741210938,-0.5999984741210938
2020-01-21,34.209999084472656,34.45000076293945,31.280000686645508,32.22999954223633,32.22999954223633,0.4050657433850035,-6.308145021476519,-2.170001983642578,-2.170001983642578
2020-01-22,32.380001068115234,34.900001525878906,32.2400016784668,34.15999984741211,34.15999984741211,-0.1855783346914263,5.988210774395397,1.9300003051757808,1.9300003051757812
2020-01-23,33.95000076293945,35.0,33.0099983215332,34.38999938964844,34.38999938964844,-0.3462335239282152,0.6733007706782868,0.2299995422363281,0.22999954223632812
2020-01-24,34.45000076293945,35.130001068115234,33.869998931884766,34.130001068115234,34.130001068115234,0.1922088680096501,-0.7560288634708812,-0.2599983215332031,-0.2599983215332031
2020-01-27,34.0,35.209999084472656,34.0,34.79999923706055,34.79999923706055,-0.1950286399406492,1.9630769058816,0.6699981689453125,0.6699981689453125
2020-01-28,35.0,35.05699920654297,33.66999816894531,34.2599983215332,34.2599983215332,-0.3311580369830264,-1.5517268027760878,-0.5400009155273438,-0.5400009155273438
2020-01-29,34.2599983215332,35.08000183105469,33.22999954223633,34.2400016784668,34.2400016784668,-0.3554588219095995,-0.0583673206248747,-0.0199966430664062,-0.01999664306640625
2020-01-30,34.029998779296875,35.46799850463867,33.0099983215332,34.93000030517578,34.93000030517578,-0.2625308202922412,2.0151828063224686,0.6899986267089844,0.6899986267089844
2020-01-31,34.77000045776367,34.939998626708984,33.25,34.4900016784668,34.4900016784668,-0.2575806603997911,-1.259658238948791,-0.4399986267089844,-0.4399986267089844
2020-02-03,34.630001068115234,35.349998474121094,34.20000076293945,34.810001373291016,34.810001373291016,-0.1628526006397237,0.9278042309403656,0.3199996948242187,0.31999969482421875
2020-02-04,35.0,35.20000076293945,34.18000030517578,34.5,34.5,0.1118812733912556,-0.8905526028760047,-0.3100013732910156,-0.3100013732910156
2020-02-05,34.93000030517578,35.4900016784668,34.47999954223633,35.0,35.0,-0.157002411675919,1.449275362318847,0.5,0.5
2020-02-06,35.459999084472656,35.970001220703125,34.790000915527344,35.400001525878906,35.400001525878906,0.1096312007128692,1.14286150251115,0.4000015258789062,0.40000152587890625
2020-02-07,35.38999938964844,35.900001525878906,34.849998474121094,34.994998931884766,34.994998931884766,-0.0260481817938306,-1.1440750749631134,-0.4050025939941406,-0.4050025939941406
2020-02-10,35.040000915527344,36.2599983215332,34.95100021362305,36.22999954223633,36.22999954223633,-0.235754955419443,3.529077434051086,1.2350006103515625,1.2350006103515625
2020-02-11,36.83000183105469,37.59999847412109,34.56999969482422,34.84000015258789,34.84000015258789,0.0846553939827802,-3.836597866991409,-1.3899993896484375,-1.3899993896484375
2020-02-12,35.04999923706055,35.06999969482422,33.77000045776367,34.650001525878906,34.650001525878906,-0.3509586765528267,-0.5453462281195476,-0.1899986267089843,-0.18999862670898438
2020-02-13,34.369998931884766,34.97999954223633,33.900001525878906,34.04999923706055,34.04999923706055,-0.4247610604039006,-1.7316082608834438,-0.6000022888183594,-0.6000022888183594
2020-02-14,34.11000061035156,35.2599983215332,34.11000061035156,34.650001525878906,34.650001525878906,-0.3511836838206653,1.7621212988613075,0.6000022888183594,0.6000022888183594
2020-02-18,34.59000015258789,36.31999969482422,32.900001525878906,34.06999969482422,34.06999969482422,-0.373234396068852,-1.673886884597986,-0.5800018310546875,-0.5800018310546875
2020-02-19,34.939998626708984,35.93000030517578,34.54999923706055,35.16999816894531,35.16999816894531,-0.1957036617441651,3.228642453695718,1.0999984741210938,1.0999984741210938
2020-02-20,35.0,35.150001525878906,33.84000015258789,34.9900016784668,34.9900016784668,-0.1324766194815073,-0.5117898773092655,-0.1799964904785156,-0.17999649047851562
2020-02-21,34.9900016784668,36.13999938964844,34.290000915527344,36.13999938964844,36.13999938964844,-0.2807564089871711,3.286646630512635,1.1499977111816406,1.1499977111816406
2020-02-24,34.9900016784668,35.9900016784668,32.13999938964844,33.25,33.25,0.2732114844315605,-7.996678025612303,-2.889999389648437,-2.8899993896484375
2020-02-25,33.439998626708984,33.6879997253418,31.61000061035156,31.940000534057617,31.940000534057617,-0.0739747298434609,-3.939848017871828,-1.3099994659423828,-1.3099994659423828
2020-02-26,32.0,34.375,31.90999984741211,32.70000076293945,32.70000076293945,-0.2517304714359865,2.379462167107516,0.7600002288818359,0.7600002288818359
2020-02-27,32.279998779296875,33.599998474121094,30.43000030517578,30.440000534057617,30.440000534057617,0.4266664410975129,-6.911315523402706,-2.260000228881836,-2.260000228881836
2020-02-28,29.40999984741211,32.19499969482422,29.059999465942383,31.8799991607666,31.8799991607666,0.6638241013994395,4.730613013944751,1.4399986267089844,1.4399986267089844
2020-03-02,32.220001220703125,33.650001525878906,31.26000022888184,32.209999084472656,32.209999084472656,0.950258353358028,1.0351315319737209,0.3299999237060547,0.3299999237060547
2020-03-03,32.189998626708984,33.41999816894531,31.065000534057617,32.59000015258789,32.59000015258789,0.1460823781027289,1.1797611888117787,0.3800010681152344,0.3800010681152344
2020-03-04,32.0099983215332,34.45000076293945,30.81999969482422,31.059999465942383,31.059999465942383,3.848351963119711,-4.694693708137388,-1.5300006866455078,-1.5300006866455078
2020-03-06,28.14999961853028,30.229999542236328,28.020000457763672,28.920000076293945,28.920000076293945,1.4142233396413038,-6.889888687844215,-2.139999389648437,-2.1399993896484375
2020-03-09,27.049999237060547,27.84000015258789,24.63999938964844,26.979999542236328,26.979999542236328,3.0284254791157066,-6.708162271575713,-1.9400005340576167,-1.9400005340576172
2020-03-10,27.3700008392334,28.549999237060547,25.89999961853028,28.479999542236328,28.479999542236328,1.0449864131180957,5.559673926798259,1.5,1.5
2020-03-11,27.540000915527344,27.950000762939453,23.80500030517578,23.8799991607666,23.8799991607666,1.6531810580859394,-16.151686992297343,-4.600000381469727,-4.600000381469727
2020-03-12,22.209999084472656,23.46999931335449,20.25,20.280000686645508,20.280000686645508,1.3122950473103998,-15.075371024449923,-3.5999984741210938,-3.5999984741210938
2020-03-13,21.89999961853028,23.200000762939453,18.8799991607666,23.059999465942383,23.059999465942383,2.261600710321622,13.70808030163193,2.779998779296875,2.779998779296875
2020-03-16,19.68000030517578,20.270000457763672,17.049999237060547,17.649999618530273,17.649999618530273,1.8379120249814629,-23.46053760930138,-5.409999847412109,-5.409999847412109
2020-03-17,18.18000030517578,19.3700008392334,16.524999618530273,16.81999969482422,16.81999969482422,1.0238357299412637,-4.702549244446774,-0.8299999237060547,-0.8299999237060547
2020-03-18,15.630000114440918,19.25,14.229999542236328,16.110000610351562,16.110000610351562,2.245850201572917,-4.221159912928741,-0.7099990844726562,-0.7099990844726562
2020-03-19,16.170000076293945,21.059999465942383,15.56999969482422,20.5,20.5,1.6781568648160283,27.25015036205287,4.3899993896484375,4.3899993896484375
2020-03-23,26.170000076293945,26.170000076293945,22.76499938964844,24.190000534057617,24.190000534057617,2.290401640604968,18.000002605159104,3.690000534057617,3.690000534057617
2020-03-24,24.989999771118164,25.489999771118164,22.780000686645508,25.479999542236328,25.479999542236328,1.1041633245596578,5.332777923516341,1.289999008178711,1.289999008178711
2020-03-25,24.959999084472656,26.200000762939453,23.270000457763672,24.700000762939453,24.700000762939453,1.232192459959844,-3.061219753963995,-0.779998779296875,-0.779998779296875
2020-03-26,24.920000076293945,27.75,24.71999931335449,27.38999938964844,27.38999938964844,1.2418677724769056,10.890682362832704,2.689998626708988,2.689998626708988
2020-03-27,26.100000381469727,27.86000061035156,25.708999633789062,26.670000076293945,26.670000076293945,1.3545964136640642,-2.628694156256928,-0.7199993133544957,-0.7199993133544957
2020-03-30,26.979999542236328,27.59499931335449,25.51000022888184,26.670000076293945,26.670000076293945,1.714608042205888,0.0,0.0,0.0
2020-03-31,26.64999961853028,29.0,26.3799991607666,29.0,29.0,0.8994067108264955,8.736407637947895,2.3299999237060547,2.3299999237060547
2020-04-01,27.770000457763672,28.780000686645508,24.780000686645508,25.07999992370605,25.07999992370605,0.7421266306072862,-13.51724164239293,-3.920000076293949,-3.920000076293949
