Date,Open,High,Low,Close,Adj Close,Volume,Daily_Return,Adj Close Diff,Price_Diff
2018-05-02,24.68000030517578,24.739999771118164,24.6299991607666,24.6299991607666,21.248350143432617,4.579798382721234,,,
2018-05-04,24.75,24.75,24.700000762939453,24.71999931335449,21.325990676879883,3.5838605530538943,0.3653955856486313,0.0776405334472656,0.07764053344726562
2018-05-07,24.71999931335449,24.71999931335449,24.63999938964844,24.63999938964844,21.256977081298828,0.7383238968614972,-0.3236126125473526,-0.0690135955810546,-0.06901359558105469
2018-05-08,24.64999961853028,24.687000274658203,24.61899948120117,24.6200008392334,21.23972511291504,2.648898508876393,-0.0811590863451949,-0.017251968383789,-0.017251968383789062
2018-05-09,24.6200008392334,24.6200008392334,24.549999237060547,24.549999237060547,21.179332733154297,3.644836338543732,-0.2843369179199917,-0.0603923797607421,-0.06039237976074219
2018-05-10,24.59000015258789,24.75,24.540000915527344,24.64999961853028,21.26560401916504,2.526946937896718,0.4073371295389982,0.0862712860107421,0.08627128601074219
2018-05-11,24.700000762939453,24.950000762939453,24.64999961853028,24.809999465942383,21.40363502502441,5.006628881150093,0.6490810500138,0.1380310058593714,0.13803100585937145
2018-05-14,24.690000534057617,24.809999465942383,24.63999938964844,24.670000076293945,21.28285789489746,2.100116439467859,-0.5642832630333161,-0.1207771301269495,-0.12077713012694957
2018-05-15,24.63999938964844,24.68000030517578,24.56999969482422,24.56999969482422,21.19658660888672,1.287105966270031,-0.4053557395194862,-0.0862712860107421,-0.08627128601074219
2018-05-16,24.600000381469727,24.66399955749512,24.59000015258789,24.607999801635746,21.229368209838867,3.502559505734112,0.1546550940348279,0.0327816009521484,0.03278160095214844
2018-05-17,24.75,24.75,24.729999542236328,24.75,21.35187339782715,1.165154395290357,0.577055269744231,0.1225051879882812,0.12250518798828125
2018-05-18,24.67200088500977,24.690000534057617,24.61899948120117,24.6200008392334,21.23972511291504,0.291168136602692,-0.5252386187505342,-0.1121482849121093,-0.11214828491210938
2018-05-21,24.57099914550781,24.75,24.56999969482422,24.652999877929688,21.2681884765625,-0.2372886709758961,0.1340100377765773,0.0284633636474609,0.028463363647460938
2018-05-22,24.670000076293945,24.698999404907227,24.59000015258789,24.59000015258789,21.21384048461914,2.1204417012978043,-0.2555365352495897,-0.0543479919433593,-0.054347991943359375
2018-05-23,24.59000015258789,24.690000534057617,24.59000015258789,24.670000076293945,21.28285789489746,0.0269397328133979,0.3253414219285711,0.0690174102783203,0.06901741027832031
2018-05-24,24.64999961853028,24.71999931335449,24.64999961853028,24.690000534057617,21.30010986328125,1.8358880356785647,0.0810603936228115,0.017251968383789,0.017251968383789062
2018-05-25,24.71999931335449,24.71999931335449,24.559999465942383,24.63999938964844,21.256977081298828,1.5513343700593252,-0.2025002793848429,-0.0431327819824218,-0.043132781982421875
2018-05-30,24.56999969482422,24.71999931335449,24.559999465942383,24.71999931335449,21.325990676879883,1.3074312280999767,0.3246632638173707,0.0690135955810546,0.06901359558105469
2018-05-31,24.71999931335449,24.71999931335449,24.65999984741211,24.71999931335449,21.325990676879883,2.059465915807967,0.0,0.0,0.0
2018-06-01,24.690000534057617,24.739999771118164,24.68000030517578,24.709999084472656,21.31736183166504,0.4740954930722032,-0.0404616383153477,-0.0086288452148437,-0.00862884521484375
2018-06-05,24.68000030517578,24.732999801635746,24.600000381469727,24.66900062561035,21.281997680664062,1.3480817517598682,-0.1658936564488344,-0.0353641510009765,-0.03536415100097656
2018-06-06,24.68000030517578,24.68000030517578,24.61000061035156,24.63999938964844,21.256977081298828,1.5513343700593252,-0.1175669678226021,-0.0250205993652343,-0.025020599365234375
2018-06-07,24.63999938964844,24.690000534057617,24.57999992370605,24.6200008392334,21.23972511291504,0.4740954930722032,-0.0811590863451949,-0.017251968383789,-0.017251968383789062
2018-06-08,24.670000076293945,24.700000762939453,24.6299991607666,24.6299991607666,21.248350143432617,-0.2576139328058418,0.0406080138595221,0.0086250305175781,0.008625030517578125
2018-06-11,24.621999740600582,24.64999961853028,24.621999740600582,24.64999961853028,21.26560401916504,-0.2372886709758961,0.0812010138008467,0.0172538757324218,0.017253875732421875
2018-06-12,24.64999961853028,24.665000915527344,24.61000061035156,24.665000915527344,21.278545379638672,0.9212512533310084,0.0608558330248643,0.0129413604736328,0.012941360473632812
2018-06-13,24.66900062561035,24.690000534057617,24.665000915527344,24.690000534057617,21.30010986328125,-0.7047696930646471,0.1013437867008137,0.0215644836425781,0.021564483642578125
2018-06-14,24.479999542236328,24.549999237060547,24.450000762939453,24.5,21.402320861816406,0.7383238968614972,0.4798613678108632,0.1022109985351562,0.10221099853515625
2018-06-15,24.459999084472656,24.5009994506836,24.458999633789062,24.489999771118164,21.39358139038086,-0.5015170747651901,-0.0408342230357794,-0.0087394714355468,-0.008739471435546875
2018-06-18,24.540000915527344,24.607999801635746,24.5,24.51700019836425,21.41716957092285,1.5919848937192165,0.1102582130199092,0.0235881805419921,0.023588180541992188
2018-06-19,24.51000022888184,24.57999992370605,24.51000022888184,24.56999969482422,21.46346664428711,-0.2982644564657332,0.2161680291643763,0.0462970733642578,0.04629707336425781
2018-06-20,24.51000022888184,24.64999961853028,24.5049991607666,24.64999961853028,21.533353805541992,0.9619017769909,0.3256098486470904,0.0698871612548828,0.06988716125488281
2018-06-21,24.600000381469727,24.65999984741211,24.520000457763672,24.6299991607666,21.5158805847168,0.7383238968614972,-0.0811449112060547,-0.0174732208251917,-0.01747322082519176
2018-06-22,24.540000915527344,24.65999984741211,24.520000457763672,24.65999984741211,21.54208946228028,-0.1153370999962219,0.1218117820475983,0.0262088775634765,0.026208877563480115
2018-06-26,24.597999572753903,24.597999572753903,24.5,24.57999992370605,21.472206115722656,1.2464554426101395,-0.3244037523843057,-0.0698833465576207,-0.06988334655762429
2018-06-27,24.665000915527344,24.665000915527344,24.57099914550781,24.600000381469727,21.489675521850582,1.876538559338456,0.081358226694439,0.0174694061279261,0.017469406127926135
2018-06-28,24.6200008392334,24.63999938964844,24.51000022888184,24.51000022888184,21.41105461120605,3.5228847675640576,-0.3658543404463699,-0.0786209106445312,-0.07862091064453125
2018-06-29,24.600000381469727,24.6299991607666,24.51000022888184,24.57900047302246,21.471330642700195,1.022877562480737,0.2815182745019795,0.0602760314941441,0.06027603149414418
2018-07-02,24.69300079345703,24.69300079345703,24.57999992370605,24.6200008392334,21.50714492797852,0.5147460167320946,0.1668004925931221,0.0358142852783238,0.035814285278323865
2018-07-03,24.600000381469727,24.600000381469727,24.57999992370605,24.59000015258789,21.480937957763672,-0.3998907656154616,-0.1218523904618962,-0.0262069702148473,-0.026206970214847303
2018-07-05,24.590999603271484,24.700000762939453,24.540000915527344,24.700000762939453,21.57703018188477,2.5066216760667728,0.4473371894189837,0.0960922241210973,0.0960922241210973
2018-07-06,24.72900009155273,24.72900009155273,24.690000534057617,24.690000534057617,21.568294525146484,-0.4202160274454073,-0.0404859086938658,-0.0087356567382848,-0.008735656738284803
2018-07-09,24.700000762939453,24.780000686645508,24.68899917602539,24.780000686645508,21.64691734313965,0.3114933984326377,0.364529601084107,0.078622817993164,0.07862281799316406
2018-07-10,24.770000457763672,24.82999992370605,24.770000457763672,24.82999992370605,21.69059562683105,0.758649158691443,0.2017759988594658,0.0436782836914027,0.0436782836914027
2018-07-11,24.8700008392334,24.8700008392334,24.816999435424805,24.816999435424805,21.67923927307129,0.2708428747727462,-0.0523561176241527,-0.011356353759762,-0.011356353759762072
2018-07-12,24.76000022888184,24.82999992370605,24.670000076293945,24.81999969482422,21.68185806274414,-0.0137107908464934,0.0120797120224835,0.0026187896728515,0.0026187896728515625
2018-07-13,24.7509994506836,24.809999465942383,24.75,24.76000022888184,21.629444122314453,-0.582818122084973,-0.2417409996782082,-0.0524139404296875,-0.0524139404296875
2018-07-16,24.799999237060547,24.799999237060547,24.700000762939453,24.799999237060547,21.66438674926757,-0.1966381473160047,0.1615512019427001,0.0349426269531214,0.034942626953117895
2018-07-17,24.799999237060547,24.799999237060547,24.780000686645508,24.799999237060547,21.66438674926757,-0.2169634091459504,0.0,0.0,0.0
2018-07-18,24.799999237060547,24.8700008392334,24.799999237060547,24.8700008392334,21.72554016113281,-0.2169634091459504,0.282276219368649,0.0611534118652343,0.06115341186523793
2018-07-19,24.98500061035156,25.0,24.83099937438965,24.89999961853028,21.751745223999023,-0.2779391946357875,0.1206186942734666,0.0262050628662144,0.02620506286621449
2018-07-20,24.81100082397461,25.0,24.81100082397461,24.89999961853028,21.751745223999023,-0.0543613145063848,0.0,0.0,0.0
2018-07-23,24.85099983215332,24.89999961853028,24.799999237060547,24.799999237060547,21.66438674926757,0.3114933984326377,-0.4016159339484404,-0.0873584747314488,-0.08735847473145242
2018-07-24,24.86899948120117,24.8700008392334,24.81999969482422,24.8439998626709,21.702823638916016,-0.6234686457448644,0.1774196984816178,0.038436889648441,0.038436889648444605
2018-07-25,24.8700008392334,24.8700008392334,24.809999465942383,24.82999992370605,21.69059562683105,0.3724691839224747,-0.0563429546699079,-0.0122280120849644,-0.01222801208496449
2018-07-26,24.82999992370605,24.82999992370605,24.82999992370605,24.82999992370605,21.69059562683105,-0.9283475731940498,0.0,0.0,0.0
2018-07-27,24.8799991607666,24.8799991607666,24.709999084472656,24.80500030517578,21.66875457763672,-0.0340360526764391,-0.1006936350208653,-0.0218410491943323,-0.021841049194332385
2018-07-30,24.850000381469727,24.8799991607666,24.850000381469727,24.8799991607666,21.734272003173828,-0.3185897182956789,0.302358981003592,0.0655174255371093,0.06551742553710938
2018-07-31,24.878999710083008,24.878999710083008,24.799999237060547,24.799999237060547,21.66438674926757,-0.5421675984250816,-0.3215440291538085,-0.0698852539062535,-0.0698852539062571
2018-08-01,24.6200008392334,24.75,24.6200008392334,24.75,21.62070846557617,-0.4608665511052988,-0.2016132937290859,-0.0436782836914062,-0.0436782836914027
2018-08-02,24.75,24.78400039672852,24.729999542236328,24.78400039672852,21.650409698486328,0.6976733732016059,0.1373740039899651,0.0297012329101598,0.029701232910159803
2018-08-03,24.799999237060547,24.799999237060547,24.799999237060547,24.799999237060547,21.66438674926757,-0.908022311364104,0.0645579043348165,0.0139770507812464,0.013977050781242895
2018-08-06,24.850000381469727,24.850000381469727,24.74300003051757,24.75,21.62070846557617,-0.1966381473160047,-0.2016132937290859,-0.0436782836914062,-0.0436782836914027
2018-08-07,24.75,24.81399917602539,24.75,24.75,21.62070846557617,0.2708428747727462,0.0,0.0,0.0
2018-08-08,24.75,24.850000381469727,24.75,24.82699966430664,21.687971115112305,-0.2372886709758961,0.3111028930584236,0.0672626495361363,0.06726264953613637
2018-08-09,24.827999114990234,24.850000381469727,24.7509994506836,24.850000381469727,21.708066940307617,-0.3389149801256246,0.092658852636096,0.0200958251953125,0.0200958251953125
2018-08-10,24.850000381469727,24.850000381469727,24.83099937438965,24.83099937438965,21.691469192504883,-0.8267212640443213,-0.0764588935918353,-0.0165977478027343,-0.016597747802734375
2018-08-13,24.81100082397461,24.81100082397461,24.81100082397461,24.81100082397461,21.67399978637696,-0.847046525874267,-0.0805358363368147,-0.0174694061279261,-0.017469406127922582
2018-08-14,24.850000381469727,24.850000381469727,24.61000061035156,24.71999931335449,21.594501495361328,1.673285941038999,-0.3667910482567982,-0.0794982910156285,-0.0794982910156321
2018-08-15,24.71999931335449,24.850000381469727,24.71999931335449,24.7450008392334,21.61634063720703,-0.0950118381662762,0.1011328826015844,0.0218391418457031,0.021839141845703125
2018-08-16,24.801000595092773,24.850000381469727,24.799999237060547,24.80500030517578,21.66875457763672,0.5147460167320946,0.2424736976038843,0.0524139404296875,0.0524139404296875
2018-08-17,24.75,24.850000381469727,24.6299991607666,24.68000030517578,21.559558868408203,0.9822270388208456,-0.5039316350059719,-0.1091957092285156,-0.10919570922851562
2018-08-20,24.77499961853028,24.850000381469727,24.731000900268555,24.850000381469727,21.708066940307617,-0.4608665511052988,0.6888270432890309,0.148508071899414,0.14850807189941406
2018-08-21,24.75,24.93000030517578,24.75,24.809999465942383,21.67312431335449,2.953777436325578,-0.1609660917723077,-0.0349426269531285,-0.03494262695312855
2018-08-22,24.89999961853028,24.89999961853028,24.809999465942383,24.809999465942383,21.67312431335449,1.8155627738486189,0.0,0.0,0.0
2018-08-23,24.799999237060547,24.917999267578125,24.780000686645508,24.917999267578125,21.767467498779297,1.287105966270031,0.4353003473831274,0.0943431854248082,0.09434318542480824
2018-08-24,24.93000030517578,24.93000030517578,24.920000076293945,24.92300033569336,21.77183532714844,-0.3998907656154616,0.0200658545574494,0.0043678283691441,0.004367828369144178
2018-08-27,24.920000076293945,24.950000762939453,24.88599967956543,24.950000762939453,21.795425415039062,1.612310155549162,0.1083513977400141,0.0235900878906214,0.023590087890621447
2018-08-28,24.902000427246094,25.0,24.850000381469727,24.950000762939453,21.795425415039062,2.242393272277478,0.0,0.0,0.0
2018-08-29,24.96999931335449,25.0,24.89999961853028,24.989999771118164,21.830366134643555,1.8155627738486189,0.1603121707382859,0.0349407196044921,0.03494071960449219
2018-08-30,25.01000022888184,25.020000457763672,24.989999771118164,25.01000022888184,21.84783744812012,0.1082407801331807,0.0800321596477582,0.017471313476566,0.017471313476566053
2018-08-31,25.01000022888184,25.18000030517578,25.01000022888184,25.062000274658203,21.893260955810547,-0.6234686457448644,0.20790848429868,0.0454235076904261,0.045423507690426135
2018-09-04,25.25,25.290000915527344,25.100000381469727,25.100000381469727,21.926454544067383,0.9212512533310084,0.1516155511224859,0.0331935882568359,0.03319358825683594
2018-09-05,25.01000022888184,25.11899948120117,24.979999542236328,25.049999237060547,21.88277816772461,-0.0543613145063848,-0.199194886957188,-0.0436763763427734,-0.04367637634277344
2018-09-06,25.040000915527344,25.202999114990234,24.90999984741211,25.1200008392334,21.94392776489257,4.864352048340473,0.2794416536112232,0.0611495971679652,0.061149597167961645
2018-09-07,25.1200008392334,25.18000030517578,25.11000061035156,25.11000061035156,21.93519401550293,1.4293827990796508,-0.0398003014010051,-0.0087337493896448,-0.008733749389641332
2018-09-10,25.108999252319336,25.108999252319336,25.049999237060547,25.049999237060547,21.88277816772461,0.2098670892829092,-0.2389577577534773,-0.0524158477783203,-0.05241584777832031
2018-09-11,25.06999969482422,25.100000381469727,25.051000595092773,25.09600067138672,21.922964096069336,1.2464554426101395,0.1836418028676067,0.0401859283447265,0.04018592834472656
2018-09-12,25.07900047302246,25.100000381469727,24.940000534057617,25.049999237060547,21.88277816772461,0.4334449694123118,-0.1833051779340899,-0.0401859283447265,-0.04018592834472656
2018-09-13,24.959999084472656,25.07999992370605,24.959999084472656,25.07999992370605,22.2807731628418,0.1488913037930721,1.8187589896798475,0.397994995117191,0.39799499511719105
2018-09-14,24.950000762939453,25.00900077819824,24.795000076293945,24.799999237060547,22.405452728271484,0.6570228495417145,0.5595836577054536,0.1246795654296839,0.12467956542968395
2018-09-17,24.950000762939453,24.950000762939453,24.933000564575195,24.933000564575195,22.52560806274414,-0.6641191694047557,0.5362771997061255,0.1201553344726562,0.12015533447265625
2018-09-18,25.06999969482422,25.06999969482422,24.854999542236328,24.854999542236328,22.455141067504883,-0.7047696930646471,-0.3128306016999649,-0.0704669952392578,-0.07046699523925781
2018-09-19,24.82999992370605,24.82999992370605,24.799999237060547,24.799999237060547,22.405452728271484,-0.7047696930646471,-0.2212782323835149,-0.0496883392333984,-0.04968833923339844
2018-09-20,25.02499961853028,25.02499961853028,24.75,24.924999237060547,22.51838111877441,0.5757218022219317,0.5040219087402376,0.1129283905029261,0.11292839050292613
2018-09-21,24.89999961853028,25.054000854492188,24.88999938964844,25.054000854492188,22.63492584228516,0.7789744205213887,0.5175537393031338,0.1165447235107492,0.11654472351074929
2018-09-24,25.0,25.097999572753903,24.89999961853028,25.097999572753903,22.6746768951416,-0.6234686457448644,0.1756182155550956,0.0397510528564417,0.03975105285644176
2018-09-25,24.86000061035156,24.98600006103516,24.86000061035156,24.87800025939941,22.475919723510746,0.4537702312422575,-0.8765601051340388,-0.1987571716308558,-0.19875717163085582
2018-09-26,24.80699920654297,24.80699920654297,24.80699920654297,24.80699920654297,22.411771774291992,-0.7250949548945929,-0.2854074494297642,-0.0641479492187535,-0.06414794921875355
2018-09-27,24.90999984741211,24.90999984741211,24.90999984741211,24.90999984741211,22.50482940673828,-0.7250949548945929,0.4152176516139416,0.093057632446289,0.09305763244628906
2018-09-28,24.90999984741211,24.90999984741211,24.90999984741211,24.90999984741211,22.50482940673828,-0.9283475731940498,0.0,0.0,0.0
2018-10-01,25.01700019836425,25.020000457763672,24.950000762939453,24.950000762939453,22.540971755981445,0.2098670892829092,0.1605981924588162,0.036142349243164,0.03614234924316406
2018-10-02,24.88599967956543,24.89999961853028,24.799999237060547,24.89999961853028,22.49579429626465,-0.3795655037855159,-0.2004237448405832,-0.0451774597167968,-0.045177459716796875
2018-10-03,24.90999984741211,24.90999984741211,24.90999984741211,24.90999984741211,22.50482940673828,-0.8876970495341584,0.0401635539276412,0.0090351104736328,0.009035110473632812
2018-10-04,25.01499938964844,25.01499938964844,24.799999237060547,24.799999237060547,22.405452728271484,-0.7250949548945929,-0.4415793457960726,-0.0993766784667968,-0.09937667846679688
2018-10-05,24.929000854492188,25.200000762939453,24.929000854492188,25.0,22.58614158630371,0.1285660419631264,0.806450377163026,0.1806888580322265,0.18068885803222656
2018-10-08,24.989999771118164,25.0,24.989999771118164,24.989999771118164,22.57710647583008,-0.3185897182956789,-0.0400028948685404,-0.0090351104736292,-0.00903511047362926
2018-10-09,25.0,25.0,24.809999465942383,24.850000381469727,22.45062255859375,0.3724691839224747,-0.5602308576244663,-0.1264839172363316,-0.12648391723633168
2018-10-10,24.82999992370605,24.950000762939453,24.799999237060547,24.799999237060547,22.405452728271484,-0.0340360526764391,-0.2011963374484504,-0.0451698303222656,-0.045169830322265625
2018-10-11,24.780000686645508,24.858999252319336,24.6200008392334,24.6200008392334,22.24283218383789,-0.3592402419555703,-0.7258078933098155,-0.1626205444335937,-0.16262054443359375
2018-10-12,24.804000854492188,24.989999771118164,24.804000854492188,24.989999771118164,22.57710647583008,-0.4405412892753531,1.5028405071323636,0.334274291992191,0.33427429199219105
2018-10-15,24.86400032043457,24.961000442504883,24.86400032043457,24.961000442504883,22.55090713500977,-0.7454202167245385,-0.116043837806945,-0.0261993408203125,-0.0261993408203125
2018-10-16,24.981000900268555,24.989999771118164,24.89999961853028,24.89999961853028,22.49579429626465,0.6976733732016059,-0.2443930012002049,-0.0551128387451207,-0.05511283874512074
2018-10-17,24.89999961853028,24.989999771118164,24.89999961853028,24.959999084472656,22.55000114440918,-0.4608665511052988,0.2409643661861471,0.0542068481445312,0.05420684814453125
2018-10-18,24.92799949645996,24.92799949645996,24.65999984741211,24.72599983215332,22.338598251342773,0.087915518303235,-0.9374850657992928,-0.2114028930664062,-0.21140289306640625
2018-10-19,24.7509994506836,24.770999908447266,24.715999603271484,24.71999931335449,22.333175659179688,0.3114933984326377,-0.0242745408734812,-0.0054225921630859,-0.0054225921630859375
2018-10-22,24.761999130249023,24.799999237060547,24.72100067138672,24.72100067138672,22.33408164978028,-0.3389149801256246,0.0040567029714777,0.0009059906005894,0.0009059906005930429
2018-10-23,24.72100067138672,24.72100067138672,24.72100067138672,24.72100067138672,22.33408164978028,-0.9283475731940498,0.0,0.0,0.0
2018-10-24,24.739999771118164,24.812000274658203,24.739999771118164,24.75,22.36027717590332,-0.8063960022143756,0.1172894705670613,0.0261955261230433,0.02619552612303977
2018-10-25,24.770000457763672,24.850000381469727,24.770000457763672,24.850000381469727,22.45062255859375,-0.582818122084973,0.4040441090229052,0.0903453826904296,0.09034538269042969
2018-10-26,24.950000762939453,24.950000762939453,24.89999961853028,24.950000762939453,22.540971755981445,-0.2576139328058418,0.4024351536439319,0.0903491973876953,0.09034919738769531
2018-10-29,24.950000762939453,25.01000022888184,24.950000762939453,24.96999931335449,22.55903625488281,-0.4405412892753531,0.0801407281678878,0.0180644989013636,0.018064498901363635
2018-10-30,24.89999961853028,24.905000686645508,24.670000076293945,24.69799995422364,22.31330108642578,0.8399502060112257,-1.0892981671760893,-0.2457351684570277,-0.2457351684570277
2018-10-31,24.799999237060547,24.92399978637696,24.75,24.75,22.36027717590332,-0.4811918129352444,0.2105295370487203,0.046976089477539,0.04697608947753906
2018-11-01,24.979999542236328,24.979999542236328,24.850000381469727,24.850000381469727,22.45062255859375,-0.4405412892753531,0.4040441090229052,0.0903453826904296,0.09034538269042969
2018-11-02,24.850000381469727,24.850000381469727,24.850000381469727,24.850000381469727,22.45062255859375,-0.9283475731940498,0.0,0.0,0.0
2018-11-05,25.0,25.016000747680664,24.75,24.87700080871582,22.47501564025879,-0.5015170747651901,0.1086521391617356,0.024393081665039,0.024393081665039062
2018-11-06,24.799999237060547,24.96199989318848,24.799999237060547,24.96199989318848,22.55180931091309,-0.5218423365951358,0.3416846149674857,0.0767936706543004,0.07679367065430043
2018-11-07,24.89999961853028,24.95800018310547,24.89999961853028,24.920000076293945,22.513866424560547,0.1895418274529635,-0.1682476373821684,-0.0379428863525426,-0.037942886352542615
2018-11-08,24.89999961853028,24.89999961853028,24.75,24.799999237060547,22.405452728271484,0.3318186602625834,-0.4815418828762019,-0.1084136962890625,-0.1084136962890625
2018-11-09,24.8799991607666,24.8799991607666,24.80299949645996,24.80299949645996,22.40816116333008,-0.8267212640443213,0.0120882853448467,0.0027084350585973,0.0027084350585973027
2018-11-12,24.92799949645996,24.92799949645996,24.850000381469727,24.924999237060547,22.51838111877441,-0.7250949548945929,0.4918741642428781,0.1102199554443288,0.11021995544432883
2018-11-13,24.854999542236328,24.989999771118164,24.850000381469727,24.989999771118164,22.57710647583008,-0.176312885486059,0.2607885386872288,0.0587253570556711,0.05872535705567117
2018-11-14,24.89999961853028,24.90999984741211,24.850000381469727,24.8799991607666,22.477725982666016,-0.176312885486059,-0.4401825950125948,-0.099380493164066,-0.09938049316406605
2018-11-15,25.0,25.0,24.89999961853028,25.0,22.58614158630371,0.1692165656230178,0.4823246075750687,0.1084156036376953,0.10841560363769531
2018-11-16,24.89999961853028,24.89999961853028,24.850000381469727,24.850000381469727,22.45062255859375,-0.8063960022143756,-0.6000096439320091,-0.1355190277099609,-0.13551902770996094
2018-11-19,24.850000381469727,24.989999771118164,24.799999237060547,24.809999465942383,22.414485931396484,-0.1559876236561133,-0.1609604682585197,-0.0361366271972656,-0.036136627197265625
2018-11-20,24.799999237060547,24.96299934387207,24.698999404907227,24.96299934387207,22.55271339416504,0.1082407801331807,0.6166880792699114,0.1382274627685547,0.1382274627685547
2018-11-21,24.5,24.89999961853028,24.5,24.89999961853028,22.49579429626465,-0.2169634091459504,-0.2523824823451925,-0.0569190979003906,-0.056919097900390625
2018-11-23,24.89999961853028,24.89999961853028,24.89999961853028,24.89999961853028,22.49579429626465,-0.9283475731940498,0.0,0.0,0.0
2018-11-26,25.0,25.0,24.799999237060547,24.799999237060547,22.405452728271484,-0.8267212640443213,-0.401593145827106,-0.090341567993164,-0.09034156799316406
2018-11-27,24.850000381469727,25.14999961853028,24.850000381469727,24.950000762939453,22.540971755981445,0.9415765151609542,0.604848423968507,0.1355190277099609,0.13551902770996094
2018-11-28,24.89999961853028,25.0,24.76799964904785,24.89900016784668,22.49489021301269,1.8968638211684017,-0.2044345890124477,-0.0460815429687535,-0.04608154296875355
2018-11-29,24.89999961853028,25.0,24.89999961853028,25.0,22.58614158630371,-0.847046525874267,0.4056537837123342,0.0912513732910191,0.09125137329101918
2018-11-30,24.95800018310547,24.97599983215332,24.65999984741211,24.89999961853028,22.49579429626465,0.087915518303235,-0.4000120591374001,-0.0903472900390625,-0.0903472900390625
2018-12-03,24.795000076293945,24.832000732421875,24.795000076293945,24.832000732421875,22.434364318847656,-0.8063960022143756,-0.273073164734583,-0.0614299774169921,-0.06142997741699219
2018-12-04,24.832000732421875,24.832000732421875,24.832000732421875,24.832000732421875,22.434364318847656,-0.9283475731940498,0.0,0.0,0.0
2018-12-06,24.834999084472656,24.834999084472656,24.5,24.63999938964844,22.26089859008789,3.7871131713533512,-0.7732143701260741,-0.1734657287597656,-0.17346572875976562
2018-12-07,24.63999938964844,24.63999938964844,24.530000686645508,24.586000442504883,22.212114334106445,1.7342617265288365,-0.2191477391805141,-0.0487842559814453,-0.04878425598144531
2018-12-10,24.600000381469727,24.88999938964844,24.25,24.700000762939453,22.31510734558105,2.303369057767316,0.4636794585397119,0.1029930114746058,0.10299301147460582
2018-12-11,24.700000762939453,24.700000762939453,24.38999938964844,24.520000457763672,22.152488708496094,0.5960470640518775,-0.7287378660858601,-0.1626186370849573,-0.16261863708495738
2018-12-12,24.489999771118164,24.5,24.39999961853028,24.459999084472656,22.098278045654297,0.9619017769909,-0.2447159032791024,-0.0542106628417968,-0.054210662841796875
2018-12-13,24.600000381469727,24.64999961853028,24.309999465942383,24.5,22.13442039489746,1.4497080609095967,0.1635527852826168,0.036142349243164,0.03614234924316406
2018-12-14,24.39999961853028,24.39999961853028,23.549999237060547,23.799999237060547,21.875221252441406,3.74646264769346,-1.1710229490165758,-0.2591991424560547,-0.2591991424560547
2018-12-17,23.5,24.239999771118164,23.402999877929688,24.01000022888184,22.06824111938477,1.1245038716304654,0.882367609981638,0.1930198669433629,0.19301986694336293
2018-12-18,23.558000564575195,24.170000076293945,23.100000381469727,23.75,21.82926750183105,0.8602754678411715,-1.082884749450208,-0.238973617553718,-0.23897361755371804
2018-12-19,23.729999542236328,23.920000076293945,23.450000762939453,23.89999961853028,21.96713829040528,0.3927944457524204,0.6315868755681464,0.1378707885742258,0.1378707885742294
2018-12-20,23.702999114990234,23.816999435424805,23.690000534057617,23.700000762939453,21.783313751220703,1.165154395290357,-0.836816051114242,-0.1838245391845738,-0.18382453918457742
2018-12-21,23.850000381469727,23.86000061035156,23.32699966430664,23.32699966430664,21.440475463867188,-0.1966381473160047,-1.5738573628831132,-0.3428382873535156,-0.3428382873535156
2018-12-24,23.5,23.86400032043457,23.5,23.549999237060547,21.645442962646484,2.4253206287469897,0.9559839245389944,0.2049674987792968,0.20496749877929688
2018-12-26,23.39999961853028,23.700000762939453,23.39999961853028,23.700000762939453,21.783313751220703,0.2098670892829092,0.6369506450486728,0.1378707885742187,0.13787078857421875
2018-12-27,23.57999992370605,23.96999931335449,23.39999961853028,23.96999931335449,22.031475067138672,0.2098670892829092,1.1392266518865268,0.2481613159179687,0.24816131591796875
2018-12-28,23.989999771118164,23.989999771118164,23.89999961853028,23.89999961853028,21.96713829040528,1.1854796571203026,-0.292022102638767,-0.0643367767333948,-0.06433677673339133
2018-12-31,23.850000381469727,23.989999771118164,23.420000076293945,23.989999771118164,22.04985809326172,-0.2779391946357875,0.376561579222967,0.0827198028564417,0.08271980285643821
2019-01-02,23.94300079345703,23.94300079345703,23.94300079345703,23.94300079345703,22.00665855407715,-0.8876970495341584,-0.1959175383435818,-0.0431995391845703,-0.04319953918457031
2019-01-03,23.989999771118164,23.989999771118164,23.959999084472656,23.959999084472656,22.02228164672852,-0.582818122084973,0.0709925707848002,0.0156230926513707,0.01562309265137074
2019-01-04,23.95800018310547,24.25,23.95800018310547,24.25,22.2888298034668,-0.0950118381662762,1.210356678813418,0.2665481567382812,0.26654815673828125
2019-01-07,24.229999542236328,24.239999771118164,23.961000442504883,24.100000381469727,22.15096092224121,0.2301923511128548,-0.6185559423319109,-0.1378688812255895,-0.1378688812255895
2019-01-08,24.100000381469727,24.100000381469727,24.100000381469727,24.100000381469727,22.15096092224121,-0.8876970495341584,0.0,0.0,0.0
2019-01-09,24.14999961853028,24.25,24.049999237060547,24.1299991607666,22.17853546142578,-0.2982644564657332,0.1244846184387471,0.0275745391845703,0.027574539184570312
2019-01-10,24.25,24.25,24.25,24.25,22.2888298034668,-0.7860707403844299,0.4973021876617967,0.1102943420410191,0.11029434204101918
2019-01-11,24.489999771118164,25.0,24.450000762939453,24.729999542236328,22.730010986328125,0.4334449694123118,1.979382438429789,0.4411811828613246,0.4411811828613246
2019-01-14,24.25,24.75,24.25,24.75,22.748395919799805,-0.6234686457448644,0.0808839621007528,0.0183849334716796,0.018384933471679688
2019-01-15,24.75,24.75,24.75,24.75,22.748395919799805,-0.9283475731940498,0.0,0.0,0.0
2019-01-16,24.700000762939453,24.700000762939453,24.39999961853028,24.400999069213867,22.4276180267334,0.7179986350315516,-1.410112142400366,-0.3207778930664062,-0.32077789306640625
2019-01-17,24.670000076293945,24.670000076293945,24.42300033569336,24.52199935913086,22.53883171081543,-0.6234686457448644,0.4958782691477426,0.1112136840820312,0.11121368408203125
2019-01-18,24.5009994506836,24.64999961853028,24.5,24.64999961853028,22.65648078918457,-0.1966381473160047,0.5219839248042479,0.1176490783691406,0.11764907836914062
2019-01-22,24.61199951171875,24.61199951171875,24.61199951171875,24.61199951171875,22.62155532836914,-0.847046525874267,-0.154152187801837,-0.0349254608154296,-0.03492546081542969
2019-01-23,24.59000015258789,24.59000015258789,24.59000015258789,24.59000015258789,22.60133552551269,-0.8267212640443213,-0.0893829030008896,-0.0202198028564488,-0.020219802856448865
2019-01-24,24.53700065612793,24.59000015258789,24.1200008392334,24.59000015258789,22.60133552551269,0.291168136602692,0.0,0.0,0.0
2019-01-25,24.545000076293945,24.545000076293945,24.32999992370605,24.34000015258789,22.371553421020508,-0.3389149801256246,-1.0166748961927596,-0.2297821044921839,-0.22978210449218395
2019-01-28,24.468000411987305,24.47100067138672,24.32999992370605,24.32999992370605,22.36236000061035,-0.7657454785544842,-0.0410942424834859,-0.0091934204101562,-0.00919342041015625
2019-01-29,24.39999961853028,24.44599914550781,24.39999961853028,24.39999961853028,22.42670249938965,-0.4202160274454073,0.2877267818671258,0.0643424987792968,0.06434249877929688
2019-01-30,24.39999961853028,24.59000015258789,24.299999237060547,24.549999237060547,22.5645694732666,0.7789744205213887,0.6147447395831174,0.1378669738769531,0.13786697387695312
2019-01-31,24.51099967956543,24.700000762939453,24.51099967956543,24.700000762939453,22.702438354492188,-0.5624928602550272,0.6109971714236551,0.1378688812255859,0.13786888122558594
2019-02-01,24.75,24.770000457763672,24.746000289916992,24.75,22.748395919799805,-0.5015170747651901,0.2024344900314334,0.0459575653076171,0.04595756530761719
2019-02-04,24.770000457763672,25.0,24.700000762939453,24.89999961853028,22.88626289367676,-0.1966381473160047,0.6060514084729851,0.1378669738769566,0.13786697387695668
2019-02-05,24.982999801635746,25.14999961853028,24.80500030517578,25.07999992370605,23.05170631408692,0.0675902564732893,0.7228939961878567,0.1654434204101562,0.1654434204101598
2019-02-06,25.0,25.0,25.0,25.0,22.97817611694336,-0.7657454785544842,-0.3189794115094346,-0.0735301971435582,-0.07353019714356179
2019-02-07,24.999000549316406,24.999000549316406,24.999000549316406,24.999000549316406,22.977256774902344,-0.8876970495341584,-0.0040009356544912,-0.0009193420410156,-0.000919342041015625
2019-02-08,24.89999961853028,24.979999542236328,24.731000900268555,24.902999877929688,22.889020919799805,0.758649158691443,-0.3840138793196446,-0.088235855102539,-0.08823585510253906
2019-02-11,24.959999084472656,24.979999542236328,24.959999084472656,24.979999542236328,22.959793090820312,-0.5015170747651901,0.3091970218756179,0.0707721710205078,0.07077217102050781
2019-02-12,25.0,25.0,24.700000762939453,24.709999084472656,22.71162796020508,1.226130180780194,-1.0808683233058058,-0.2481651306152308,-0.24816513061523082
2019-02-13,24.700000762939453,24.940000534057617,24.593000411987305,24.790000915527344,22.7851619720459,0.1285660419631264,0.3237725273135927,0.0735340118408167,0.07353401184081676
2019-02-14,24.799999237060547,24.96999931335449,24.799999237060547,24.82099914550781,22.813650131225582,0.7383238968614972,0.1250294345707781,0.0284881591796839,0.028488159179683947
2019-02-15,24.6200008392334,24.770000457763672,24.6200008392334,24.64999961853028,22.65648078918457,-0.5624928602550272,-0.6889267659360265,-0.157169342041012,-0.15716934204101207
2019-02-19,24.670000076293945,24.68000030517578,24.64999961853028,24.68000030517578,22.684057235717773,-0.7454202167245385,0.1217154896640648,0.0275764465332031,0.027576446533203125
2019-02-20,24.850000381469727,24.850000381469727,24.707000732421875,24.75,22.748395919799805,-0.6031433839149186,0.2836295262944599,0.0643386840820312,0.06433868408203125
2019-02-21,24.75,24.75,24.75,24.75,22.748395919799805,-0.908022311364104,0.0,0.0,0.0
2019-02-22,24.75,24.75,24.75,24.75,22.748395919799805,-0.9283475731940498,0.0,0.0,0.0
2019-02-25,25.299999237060547,25.989999771118164,24.559999465942383,24.64999961853028,22.65648078918457,2.181417486787641,-0.404051041397746,-0.0919151306152343,-0.09191513061523438
2019-02-26,24.790000915527344,24.790000915527344,24.600000381469727,24.64999961853028,22.65648078918457,0.3724691839224747,0.0,0.0,0.0
2019-02-27,24.65999984741211,24.65999984741211,24.65999984741211,24.65999984741211,22.665674209594727,-0.8673717877042126,0.0405774422590043,0.0091934204101562,0.00919342041015625
2019-02-28,24.691999435424805,24.709999084472656,24.540000915527344,24.6200008392334,22.62890815734864,-0.4202160274454073,-0.162210274029817,-0.0367660522460902,-0.036766052246086645
2019-03-01,24.948999404907227,25.174999237060547,24.948999404907227,25.040000915527344,23.014942169189453,-0.0137107908464934,1.7059330001984785,0.3860340118408167,0.3860340118408132
2019-03-04,25.14999961853028,25.14999961853028,24.972999572753903,24.972999572753903,22.95335960388184,-0.0340360526764391,-0.2675764503551781,-0.0615825653076136,-0.061582565307613635
2019-03-05,25.0,25.0,25.0,25.0,22.97817611694336,-0.847046525874267,0.1081171274697645,0.0248165130615198,0.024816513061519885
2019-03-06,24.93600082397461,24.950000762939453,24.850000381469727,24.950000762939453,22.93222045898437,-0.1356623618261676,-0.1999969785465349,-0.0459556579589879,-0.04595565795898793
2019-03-07,24.950000762939453,25.14999961853028,24.950000762939453,25.14999961853028,23.11604690551757,-0.3185897182956789,0.8016077067721783,0.1838264465332031,0.18382644653319957
2019-03-08,25.040000915527344,25.040000915527344,25.030000686645508,25.030000686645508,23.00575256347656,-0.8673717877042126,-0.4771332334279399,-0.1102943420410156,-0.11029434204101207
2019-03-11,25.030000686645508,25.030000686645508,25.030000686645508,25.030000686645508,23.00575256347656,-0.9283475731940498,0.0,0.0,0.0
2019-03-12,25.26000022888184,25.270000457763672,25.190000534057617,25.190000534057617,23.15281105041504,-0.582818122084973,0.639224848362252,0.1470584869384801,0.14705848693848012
2019-03-13,25.25,25.312000274658203,25.25,25.309999465942383,23.26310539245605,-0.7454202167245385,0.4763755977658546,0.110294342041012,0.11029434204101207
2019-03-14,25.11000061035156,25.11000061035156,24.89999961853028,24.900999069213867,23.27151679992676,-0.0340360526764391,0.0361577155276959,0.0084114074707102,0.00841140747071023
2019-03-15,24.900999069213867,24.900999069213867,24.89999961853028,24.89999961853028,23.270580291748047,-0.7860707403844299,-0.0040242678926549,-0.0009365081787144,-0.0009365081787144902
2019-03-18,24.850000381469727,25.0,24.850000381469727,24.900999069213867,23.27151679992676,-0.4202160274454073,0.0040244298465053,0.0009365081787144,0.0009365081787144902
2019-03-19,24.89999961853028,24.999000549316406,24.89999961853028,24.96999931335449,23.33600234985352,-0.4811918129352444,0.2771007600457009,0.0644855499267578,0.06448554992675781
2019-03-20,24.940000534057617,25.0,24.93000030517578,25.0,23.364038467407227,-0.6641191694047557,0.1201410470113462,0.0280361175537073,0.028036117553707385
2019-03-21,24.929000854492188,24.959999084472656,24.89999961853028,24.959999084472656,23.32665634155273,-0.3185897182956789,-0.1599985632049216,-0.0373821258544957,-0.03738212585449574
2019-03-22,24.96699905395508,25.0939998626709,24.96699905395508,25.0939998626709,23.451889038085938,-0.1966381473160047,0.5368651841889838,0.1252326965332066,0.12523269653320668
2019-03-25,25.100000381469727,25.11000061035156,24.89999961853028,24.89999961853028,23.270580291748047,-0.5015170747651901,-0.7731093475815354,-0.1813087463378906,-0.18130874633789062
2019-03-26,25.01499938964844,25.08799934387207,24.93199920654297,25.08799934387207,23.446277618408203,-0.7860707403844299,0.755019103337351,0.1756973266601562,0.17569732666015625
2019-03-27,25.07999992370605,25.13999938964844,24.98500061035156,25.13999938964844,23.494876861572266,0.5960470640518775,0.2072791423654685,0.0485992431640625,0.0485992431640625
2019-03-28,25.13999938964844,25.170000076293945,25.124000549316406,25.170000076293945,23.52291488647461,-0.5624928602550272,0.119336760382005,0.0280380249023437,0.02803802490234375
2019-03-29,25.170000076293945,25.200000762939453,25.170000076293945,25.200000762939453,23.55095100402832,-0.5218423365951358,0.1191864090356986,0.0280361175537109,0.028036117553710938
2019-04-01,25.21999931335449,25.21999931335449,25.21999931335449,25.21999931335449,23.569639205932617,-0.8876970495341584,0.0793522176709471,0.0186882019042968,0.018688201904296875
2019-04-02,25.32200050354004,25.32200050354004,25.200000762939453,25.200000762939453,23.55095100402832,-0.8063960022143756,-0.0792892998531469,-0.0186882019042968,-0.018688201904296875
2019-04-03,25.25,25.25,25.17799949645996,25.25,23.59767723083496,-0.3185897182956789,0.1984048406310501,0.0467262268066406,0.046726226806640625
2019-04-04,25.25,25.25,25.25,25.25,23.59767723083496,-0.9283475731940498,0.0,0.0,0.0
2019-04-05,25.25,25.25,25.25,25.25,23.59767723083496,-0.908022311364104,0.0,0.0,0.0
2019-04-08,25.43000030517578,25.542999267578125,25.43000030517578,25.520000457763672,23.85000991821289,-0.6031433839149186,1.0693115466814174,0.2523326873779297,0.2523326873779297
2019-04-09,25.5,25.670000076293945,25.5,25.65999984741211,23.98085021972656,-0.3592402419555703,0.5485964239107188,0.1308403015136683,0.13084030151366832
2019-04-10,25.65999984741211,25.65999984741211,25.65999984741211,25.65999984741211,23.98085021972656,-0.9283475731940498,0.0,0.0,0.0
2019-04-11,25.90999984741211,25.950000762939453,25.90999984741211,25.950000762939453,24.251873016357425,-0.6844444312347014,1.1301634185093334,0.2710227966308665,0.2710227966308665
2019-04-12,25.90999984741211,25.90999984741211,25.5,25.5,23.83131980895996,-0.4811918129352444,-1.7341060919864204,-0.4205532073974645,-0.4205532073974645
2019-04-15,25.520000457763672,25.56100082397461,25.520000457763672,25.56100082397461,23.888328552246094,-0.5624928602550272,0.2392177342385393,0.0570087432861328,0.05700874328613281
2019-04-16,25.600000381469727,25.600000381469727,25.049999237060547,25.19499969482422,23.54627799987793,-0.1559876236561133,-1.4318731074887348,-0.342050552368164,-0.34205055236816406
2019-04-17,25.198999404907227,25.375,25.1200008392334,25.375,23.714500427246094,0.8399502060112257,0.7144331998842235,0.168222427368164,0.16822242736816406
2019-04-18,25.1200008392334,25.32200050354004,25.1200008392334,25.299999237060547,23.644407272338867,-0.1153370999962219,-0.2955708686432801,-0.0700931549072265,-0.07009315490722656
2019-04-22,25.299999237060547,25.40999984741211,25.270000457763672,25.31999969482422,23.6630973815918,0.5147460167320946,0.0790466389690269,0.0186901092529332,0.01869010925293324
2019-04-23,25.38999938964844,25.39999961853028,25.31999969482422,25.39999961853028,23.73786163330078,-0.3389149801256246,0.3159529393102378,0.0747642517089808,0.07476425170898082
2019-04-24,25.39800071716309,25.39999961853028,25.315000534057617,25.315000534057617,23.658424377441406,-0.4202160274454073,-0.3346436889999249,-0.079437255859375,-0.079437255859375
2019-04-25,25.39999961853028,25.542999267578125,25.33099937438965,25.542999267578125,23.871505737304688,-0.4202160274454073,0.9006574422025126,0.2130813598632812,0.21308135986328125
2019-04-26,25.542999267578125,25.542999267578125,25.542999267578125,25.542999267578125,23.871505737304688,-0.9283475731940498,0.0,0.0,0.0
2019-04-29,25.375,25.604999542236328,25.209999084472656,25.604999542236328,23.929447174072266,-0.3795655037855159,0.2427221701269966,0.0579414367675781,0.057941436767578125
2019-04-30,25.420000076293945,25.5,25.25,25.5,23.83131980895996,-0.5015170747651901,-0.4100695030624268,-0.0981273651123046,-0.09812736511230469
2019-05-01,25.299999237060547,25.48900032043457,25.280000686645508,25.299999237060547,23.644407272338867,1.9984901303181304,-0.7843146670828527,-0.1869125366210937,-0.18691253662109375
2019-05-02,25.32999992370605,25.37800025939941,25.270000457763672,25.299999237060547,23.644407272338867,0.4131197075823661,0.0,0.0,0.0
2019-05-03,25.280000686645508,25.54899978637696,25.280000686645508,25.47800064086914,23.810760498046875,-0.3185897182956789,0.7035626809838602,0.1663532257080078,0.1663532257080078
2019-05-06,25.51700019836425,25.51700019836425,25.25,25.299999237060547,23.644407272338867,2.181417486787641,-0.6986472595936322,-0.1663532257080078,-0.1663532257080078
2019-05-07,25.42099952697754,25.42099952697754,25.37800025939941,25.37800025939941,23.71730232238769,-0.7860707403844299,0.3082972189119015,0.0728950500488245,0.07289505004882457
2019-05-08,25.450000762939453,25.450000762939453,25.450000762939453,25.450000762939453,23.78459358215332,-0.7250949548945929,0.2837222330387412,0.0672912597656285,0.06729125976562855
2019-05-09,25.479999542236328,25.479999542236328,25.479999542236328,25.479999542236328,23.8126277923584,-0.8063960022143756,0.1178670979104401,0.0280342102050781,0.028034210205078125
2019-05-10,25.479999542236328,25.479999542236328,25.402999877929688,25.402999877929688,23.74066734313965,-0.6234686457448644,-0.3021944904452844,-0.07196044921875,-0.07196044921875
2019-05-13,25.36000061035156,25.450000762939453,25.36000061035156,25.36000061035156,23.70048141479492,-0.6641191694047557,-0.1692704243056675,-0.0401859283447301,-0.040185928344730115
2019-05-14,25.28400039672852,25.46999931335449,25.28400039672852,25.46999931335449,23.803281784057617,-0.2779391946357875,0.4337480216689782,0.1028003692626988,0.10280036926269887
2019-05-15,25.459999084472656,25.46999931335449,25.40999984741211,25.46999931335449,23.803281784057617,-0.6031433839149186,0.0,0.0,0.0
2019-05-16,25.402999877929688,25.459999084472656,25.39999961853028,25.459999084472656,23.79393577575684,-0.7657454785544842,-0.039263528388922,-0.0093460083007776,-0.009346008300777697
2019-05-17,25.46999931335449,25.46999931335449,25.46999931335449,25.46999931335449,23.803281784057617,-0.5624928602550272,0.0392789506908686,0.0093460083007776,0.009346008300777697
2019-05-20,25.479999542236328,25.59000015258789,25.479999542236328,25.57999992370605,23.906084060668945,-0.2982644564657332,0.4318827863483143,0.1028022766113281,0.10280227661132812
2019-05-21,25.479999542236328,25.5,25.420000076293945,25.450000762939453,23.78459358215332,-0.1559876236561133,-0.508198993224096,-0.121490478515625,-0.121490478515625
2019-05-22,25.51000022888184,25.90999984741211,25.420000076293945,25.90999984741211,24.214488983154297,-0.4202160274454073,1.8074532134261243,0.4298954010009765,0.42989540100097656
2019-05-23,25.90999984741211,25.90999984741211,25.90999984741211,25.90999984741211,24.214488983154297,-0.908022311364104,0.0,0.0,0.0
2019-05-24,25.452999114990234,25.64699935913086,25.450000762939453,25.64699935913086,23.968700408935547,-0.7047696930646471,-1.0150475378181256,-0.24578857421875,-0.24578857421875
2019-05-28,25.520000457763672,25.52300071716309,25.520000457763672,25.520000457763672,23.85000991821289,-0.8673717877042126,-0.4951895125628436,-0.1186904907226562,-0.11869049072265625
2019-05-29,25.520000457763672,25.520000457763672,25.520000457763672,25.520000457763672,23.85000991821289,-0.9283475731940498,0.0,0.0,0.0
2019-05-30,25.530000686645508,25.70400047302246,25.530000686645508,25.70400047302246,24.02196884155273,-0.7657454785544842,0.7210014751755978,0.1719589233398402,0.1719589233398402
2019-05-31,25.70400047302246,25.70400047302246,25.70400047302246,25.70400047302246,24.02196884155273,-0.9283475731940498,0.0,0.0,0.0
2019-06-03,25.71500015258789,25.71500015258789,25.71500015258789,25.71500015258789,24.0322494506836,-0.7454202167245385,0.0427966966349613,0.0102806091308664,0.010280609130870033
2019-06-04,25.541000366210938,25.73200035095215,25.541000366210938,25.63999938964844,23.962156295776367,-0.6031433839149186,-0.2916628967715606,-0.0700931549072301,-0.07009315490723367
2019-06-05,25.739999771118164,25.799999237060547,25.57999992370605,25.600000381469727,23.924774169921875,-0.4608665511052988,-0.1560048494512189,-0.0373821258544921,-0.03738212585449219
2019-06-06,25.600000381469727,25.90999984741211,25.600000381469727,25.90999984741211,24.214488983154297,-0.7454202167245385,1.2109406390830246,0.2897148132324219,0.2897148132324219
2019-06-07,25.90999984741211,25.90999984741211,25.90999984741211,25.90999984741211,24.214488983154297,-0.9283475731940498,0.0,0.0,0.0
2019-06-10,25.75,25.80299949645996,25.75,25.75,24.064960479736328,0.2505176129428005,-0.6175166592282566,-0.1495285034179687,-0.14952850341796875
2019-06-11,25.77499961853028,25.77499961853028,25.75,25.75,24.064960479736328,-0.7657454785544842,0.0,0.0,0.0
2019-06-12,25.65999984741211,25.691999435424805,25.64699935913086,25.64999961853028,23.97150421142578,-0.582818122084973,-0.3883499762621256,-0.0934562683105468,-0.09345626831054688
2019-06-13,25.799999237060547,25.799999237060547,25.799999237060547,25.799999237060547,24.11168670654297,-0.8673717877042126,0.584788062863284,0.1401824951171875,0.1401824951171875
2019-06-14,25.549999237060547,25.549999237060547,25.496000289916992,25.520000457763672,24.24278259277344,-0.6641191694047557,0.5437026775687803,0.1310958862304723,0.1310958862304723
2019-06-17,25.729999542236328,25.89999961853028,25.709999084472656,25.709999084472656,24.42327117919922,-0.64379390757481,0.7445044137778911,0.1804885864257777,0.1804885864257777
2019-06-18,25.530000686645508,25.530000686645508,25.530000686645508,25.530000686645508,24.252281188964844,-0.8673717877042126,-0.7001109269097583,-0.170989990234375,-0.170989990234375
2019-06-19,25.600000381469727,25.600000381469727,25.530000686645508,25.530000686645508,24.252281188964844,-0.3389149801256246,0.0,0.0,0.0
2019-06-20,25.554000854492188,25.554000854492188,25.54800033569336,25.549999237060547,24.271278381347656,-0.6641191694047557,0.0783315690379593,0.0189971923828125,0.0189971923828125
2019-06-21,25.51799964904785,25.538000106811523,25.5,25.538000106811523,24.25988006591797,-0.7250949548945929,-0.0469621552297239,-0.0113983154296875,-0.0113983154296875
2019-06-24,25.51000022888184,25.600000381469727,25.51000022888184,25.600000381469727,24.318777084350582,-0.8267212640443213,0.2427753899548523,0.0588970184326136,0.058897018432613635
2019-06-25,25.600000381469727,25.600000381469727,25.450000762939453,25.450000762939453,24.17628669738769,-0.2576139328058418,-0.58592743569571,-0.1424903869628906,-0.14249038696289062
2019-06-26,25.452999114990234,25.54400062561035,25.450000762939453,25.5,24.223783493041992,-0.8063960022143756,0.1964602597942955,0.0474967956543004,0.04749679565430043
2019-06-27,25.5,25.59000015258789,25.450000762939453,25.450000762939453,24.17628669738769,0.3318186602625834,-0.1960750502411956,-0.0474967956543004,-0.04749679565430043
2019-06-28,25.450000762939453,25.451000213623047,25.350000381469727,25.350000381469727,24.08128929138184,-0.6031433839149186,-0.3929362982617035,-0.0949974060058522,-0.09499740600585227
2019-07-01,25.5,25.5,25.32999992370605,25.32999992370605,24.06229019165039,-0.7047696930646471,-0.0788956915950822,-0.0189990997314488,-0.018999099731448865
2019-07-02,25.36899948120117,25.511999130249023,25.35300064086914,25.459999084472656,24.18578338623047,-0.582818122084973,0.5132229459311022,0.1234931945800781,0.12349319458007812
2019-07-03,25.459999084472656,25.459999084472656,25.459999084472656,25.459999084472656,24.18578338623047,-0.9283475731940498,0.0,0.0,0.0
2019-07-05,25.5,25.5,25.5,25.5,24.223783493041992,-0.908022311364104,0.1571175355566945,0.0380001068115234,0.03800010681152344
2019-07-08,25.5,25.520000457763672,25.49300003051757,25.520000457763672,24.24278259277344,-0.1356623618261676,0.0784315948699987,0.0189990997314488,0.018999099731448865
2019-07-09,25.520000457763672,25.53499984741211,25.492000579833984,25.53499984741211,24.257030487060547,-0.2372886709758961,0.0587716951739425,0.0142478942871058,0.014247894287105822
2019-07-10,25.59000015258789,25.631000518798828,25.59000015258789,25.621999740600582,24.339677810668945,-0.6031433839149186,0.3407149265549414,0.0826473236083984,0.08264732360839844
2019-07-11,25.64999961853028,25.799999237060547,25.64999961853028,25.799999237060547,24.50876808166504,-0.8673717877042126,0.6947103914497044,0.1690902709960937,0.16909027099609375
2019-07-12,25.530000686645508,25.69700050354004,25.5,25.69700050354004,24.41092300415039,-0.5624928602550272,-0.399224788404795,-0.0978450775146484,-0.09784507751464844
2019-07-15,25.770000457763672,25.799999237060547,25.73200035095215,25.799999237060547,24.50876808166504,0.1285660419631264,0.400824981087422,0.0978450775146484,0.09784507751464844
2019-07-16,25.68000030517578,25.74799919128418,25.530000686645508,25.549999237060547,24.271278381347656,-0.6234686457448644,-0.9689989293874324,-0.2374897003173828,-0.2374897003173828
2019-07-17,25.625,25.700000762939453,25.58699989318848,25.65999984741211,24.37577438354492,-0.5218423365951358,0.4305335736974003,0.104496002197262,0.10449600219726207
2019-07-18,25.69499969482422,25.74799919128418,25.549999237060547,25.549999237060547,24.271278381347656,0.5350712785620403,-0.4286879282399458,-0.104496002197262,-0.10449600219726207
2019-07-19,25.79800033569336,25.799999237060547,25.71299934387207,25.78499984741211,24.494518280029297,-0.6234686457448644,0.9197698414320056,0.2232398986816406,0.22323989868164062
2019-07-22,25.489999771118164,25.700000762939453,25.450000762939453,25.559999465942383,24.280776977539062,0.4740954930722032,-0.8726087202315047,-0.2137413024902343,-0.21374130249023438
2019-07-23,25.51000022888184,25.799999237060547,25.450000762939453,25.799999237060547,24.50876808166504,-0.0340360526764391,0.9389777943962896,0.2279911041259765,0.22799110412597656
2019-07-24,25.799999237060547,25.905000686645508,25.59000015258789,25.68899917602539,24.40332221984864,-0.6641191694047557,-0.4302372990149905,-0.1054458618164027,-0.10544586181639914
2019-07-25,25.600000381469727,25.600000381469727,25.520000457763672,25.520000457763672,24.24278259277344,-0.0137107908464934,-0.6578597193812374,-0.1605396270751953,-0.16053962707519887
2019-07-26,25.540000915527344,25.667999267578125,25.530000686645508,25.64999961853028,24.36627578735352,-0.64379390757481,0.5094018976884662,0.1234931945800781,0.12349319458007812
2019-07-29,25.64999961853028,25.770000457763672,25.64999961853028,25.770000457763672,24.480270385742188,-0.3795655037855159,0.4678375939906054,0.1139945983886683,0.11399459838866832
2019-07-30,25.5,25.64999961853028,25.5,25.64999961853028,24.36627578735352,-0.7657454785544842,-0.465659065820867,-0.1139945983886683,-0.11399459838866832
2019-07-31,25.5,25.67200088500977,25.5,25.600000381469727,24.318777084350582,0.555396540391986,-0.194936244740318,-0.0474987030029367,-0.04749870300293679
2019-08-01,25.600000381469727,25.632999420166016,25.5,25.5,24.223783493041992,-0.6031433839149186,-0.3906182904637956,-0.0949935913085902,-0.0949935913085902
2019-08-02,25.57299995422364,25.738000869750977,25.57299995422364,25.738000869750977,24.449871063232425,-0.4811918129352444,0.9333288924720406,0.2260875701904332,0.22608757019043324
2019-08-05,25.57299995422364,25.738000869750977,25.57299995422364,25.738000869750977,24.449871063232425,-0.4811918129352444,0.0,0.0,0.0
2019-08-06,25.677000045776367,25.677000045776367,25.600000381469727,25.600000381469727,24.318777084350582,-0.4608665511052988,-0.5361745202778656,-0.131093978881843,-0.13109397888184304
2019-08-07,25.57999992370605,25.700000762939453,25.57999992370605,25.700000762939453,24.41377258300781,-0.3998907656154616,0.3906261335746119,0.0949954986572265,0.09499549865722656
2019-08-08,25.65999984741211,25.676000595092773,25.57999992370605,25.600000381469727,24.318777084350582,-0.582818122084973,-0.3891061831359232,-0.0949954986572265,-0.09499549865722656
2019-08-09,25.489999771118164,25.714000701904297,25.489999771118164,25.714000701904297,24.42707252502441,-0.0950118381662762,0.4453161452082854,0.1082954406738281,0.10829544067382812
2019-08-12,25.600000381469727,25.67399978637696,25.600000381469727,25.67399978637696,24.389074325561523,-0.582818122084973,-0.1555577297441601,-0.037998199462887,-0.03799819946288707
2019-08-13,25.68000030517578,25.833999633789062,25.68000030517578,25.71999931335449,24.43277168273925,-0.3795655037855159,0.1791677559977555,0.0436973571777308,0.04369735717772727
2019-08-14,25.70499992370605,25.71999931335449,25.66399955749512,25.71999931335449,24.43277168273925,-0.8267212640443213,0.0,0.0,0.0
2019-08-15,25.59000015258789,25.66399955749512,25.450000762939453,25.450000762939453,24.17628669738769,0.4334449694123118,-1.0497580408888263,-0.2564849853515625,-0.25648498535155895
2019-08-16,25.64999961853028,25.64999961853028,25.5009994506836,25.600000381469727,24.318777084350582,2.100116439467859,0.5893807793828199,0.1424903869628906,0.14249038696289062
2019-08-19,25.660999298095703,25.709999084472656,25.549999237060547,25.67200088500977,24.38717460632324,1.612310155549162,0.281253953418048,0.0683975219726562,0.06839752197265625
2019-08-20,25.68899917602539,25.709999084472656,25.68899917602539,25.68899917602539,24.40332221984864,-0.8267212640443213,0.0662135478425307,0.0161476135253977,0.016147613525401283
2019-08-21,25.698999404907227,25.799999237060547,25.64999961853028,25.64999961853028,24.36627578735352,-0.1966381473160047,-0.1518089715874193,-0.0370464324951171,-0.03704643249512074
2019-08-22,25.652000427246094,25.68099975585937,25.64999961853028,25.68099975585937,24.395723342895508,-0.6234686457448644,0.1208537398122766,0.0294475555419886,0.029447555541988635
2019-08-23,25.690000534057617,25.691999435424805,25.549999237060547,25.549999237060547,24.271278381347656,0.1082407801331807,-0.5101097425918022,-0.1244449615478515,-0.12444496154785156
2019-08-26,25.679000854492188,25.679000854492188,25.679000854492188,25.679000854492188,24.393823623657227,-0.847046525874267,0.5048981779375294,0.1225452423095703,0.12254524230957031
2019-08-27,25.64299964904785,25.65900039672852,25.49099922180176,25.64999961853028,24.36627578735352,-0.3185897182956789,-0.1129295543360053,-0.0275478363037073,-0.027547836303707385
2019-08-28,25.64999961853028,25.69799995422364,25.51000022888184,25.64800071716309,24.364377975463867,-0.4405412892753531,-0.0077886826292838,-0.0018978118896519,-0.0018978118896519902
2019-08-29,25.549999237060547,25.700000762939453,25.540000915527344,25.700000762939453,24.41377258300781,1.165154395290357,0.2027328897691749,0.0493946075439417,0.04939460754394176
2019-08-30,25.75,25.75,25.75,25.75,24.46126937866211,-0.8876970495341584,0.1945491852715974,0.0474967956543004,0.04749679565430043
2019-09-03,25.86000061035156,25.86000061035156,25.812000274658203,25.82200050354004,24.52966690063477,-0.5218423365951358,0.2796155870484984,0.0683975219726598,0.0683975219726598
2019-09-04,25.86000061035156,25.86000061035156,25.81999969482422,25.85099983215332,24.55721473693848,-0.64379390757481,0.112304159756027,0.0275478363037109,0.027547836303710938
2019-09-05,25.86000061035156,25.86000061035156,25.75,25.799999237060547,24.50876808166504,-0.5624928602550272,-0.1972807412909394,-0.048446655273441,-0.04844665527344105
2019-09-06,25.777999877929688,25.881000518798828,25.777999877929688,25.881000518798828,24.5857162475586,-0.3389149801256246,0.3139617855828724,0.0769481658935582,0.07694816589356179
2019-09-09,25.93199920654297,25.93199920654297,25.71999931335449,25.75,24.46126937866211,0.8196249441812801,-0.5061754867883739,-0.1244468688964879,-0.12444686889649148
2019-09-10,25.75,25.75,25.690000534057617,25.690000534057617,24.404272079467773,-0.6844444312347014,-0.2330103900660796,-0.0569972991943359,-0.05699729919433594
2019-09-11,25.739999771118164,25.75,25.63400077819824,25.742000579833984,24.453670501708984,0.8602754678411715,0.2024171099238358,0.0493984222412109,0.04939842224121094
2019-09-12,25.739999771118164,25.790000915527344,25.700000762939453,25.790000915527344,24.499267578125,0.1488913037930721,0.1864631177263431,0.0455970764160156,0.045597076416015625
2019-09-13,25.38999938964844,25.540000915527344,25.36000061035156,25.46999931335449,24.593896865844727,1.9781648684881843,0.3862535376535803,0.0946292877197265,0.09462928771972656
2019-09-16,25.5009994506836,25.540000915527344,25.5,25.540000915527344,24.661489486694336,-0.1966381473160047,0.2748349365629732,0.0675926208496093,0.06759262084960938
2019-09-17,25.540000915527344,25.61000061035156,25.450000762939453,25.61000061035156,24.729080200195312,0.4944207549021489,0.2740739302767636,0.0675907135009765,0.06759071350097656
2019-09-18,25.54599952697754,25.61000061035156,25.43000030517578,25.56999969482422,24.69045639038086,0.4944207549021489,-0.1561878141110528,-0.0386238098144531,-0.038623809814453125
2019-09-19,25.36000061035156,25.559999465942383,25.34000015258789,25.53300094604492,24.65473175048828,0.3114933984326377,-0.1446900750951552,-0.0357246398925781,-0.035724639892578125
2019-09-20,25.53300094604492,25.53300094604492,25.489999771118164,25.489999771118164,24.61320877075196,-0.2169634091459504,-0.1684178929892477,-0.0415229797363245,-0.04152297973632102
2019-09-23,25.452999114990234,25.513999938964844,25.450000762939453,25.51000022888184,24.63252067565918,1.1041786098005195,0.0784615491913109,0.019311904907223,0.019311904907219457
2019-09-24,25.459999084472656,25.549999237060547,25.459999084472656,25.549999237060547,24.67114448547364,-0.3592402419555703,0.1568000706181127,0.0386238098144566,0.03862380981446023
2019-09-25,25.451000213623047,25.61000061035156,25.451000213623047,25.61000061035156,24.729080200195312,-0.0950118381662762,0.2348318893587997,0.0579357147216761,0.05793571472167258
2019-09-26,25.61000061035156,25.61000061035156,25.5,25.55500030517578,24.67597389221192,-0.64379390757481,-0.214752459668821,-0.0531063079833948,-0.05310630798339133
2019-09-27,25.61000061035156,25.62700080871582,25.61000061035156,25.62700080871582,24.74549674987793,-0.6844444312347014,0.2817431156707295,0.069522857666012,0.06952285766600852
2019-09-30,25.64999961853028,25.64999961853028,25.50300025939941,25.6299991607666,24.74839401245117,-0.7047696930646471,0.0117082417157465,0.0028972625732386,0.002897262573238635
2019-10-01,25.452999114990234,25.4689998626709,25.41399955749512,25.450000762939453,24.574586868286133,3.502559505734112,-0.7022966584320223,-0.1738071441650355,-0.1738071441650355
2019-10-02,25.61199951171875,25.64999961853028,25.5,25.64999961853028,24.7677059173584,-0.582818122084973,0.7858486090013939,0.1931190490722656,0.19311904907226562
2019-10-03,25.75,25.75,25.75,25.75,24.86426544189453,-0.847046525874267,0.389860590473412,0.0965595245361328,0.09655952453613281
2019-10-04,25.6299991607666,25.96699905395508,25.56599998474121,25.70400047302246,24.819849014282227,-0.6234686457448644,-0.1786355913714898,-0.0444164276123046,-0.04441642761230469
2019-10-07,25.530000686645508,25.690000534057617,25.5,25.690000534057617,24.80632972717285,0.1488913037930721,-0.0544696589475424,-0.013519287109375,-0.013519287109375
2019-10-08,25.63999938964844,25.63999938964844,25.600000381469727,25.600000381469727,24.719425201416016,-0.847046525874267,-0.350332059247127,-0.0869045257568359,-0.08690452575683594
2019-10-09,25.57999992370605,25.670000076293945,25.57999992370605,25.670000076293945,24.787017822265625,-0.2372886709758961,0.2734392903510407,0.0675926208496093,0.06759262084960938
2019-10-10,25.65999984741211,25.729999542236328,25.65999984741211,25.729999542236328,24.844953536987305,-0.6844444312347014,0.2337341068502363,0.0579357147216796,0.05793571472167969
2019-10-11,25.57999992370605,25.65699958801269,25.520000457763672,25.65699958801269,24.774463653564453,-0.6641191694047557,-0.2837191195303012,-0.0704898834228515,-0.07048988342285156
2019-10-14,25.709999084472656,25.81999969482422,25.709999084472656,25.81999969482422,24.93185806274414,-0.6234686457448644,0.6353090479803036,0.1573944091796875,0.1573944091796875
2019-10-15,25.81999969482422,25.81999969482422,25.73600006103516,25.73600006103516,24.85074615478516,-0.847046525874267,-0.3253343884553339,-0.0811119079589808,-0.08111190795898082
2019-10-16,25.73600006103516,25.73600006103516,25.73600006103516,25.73600006103516,24.85074615478516,-0.9283475731940498,0.0,0.0,0.0
2019-10-17,25.799999237060547,25.929000854492188,25.540000915527344,25.916000366210938,25.024555206298828,-0.582818122084973,0.6994118020886786,0.1738090515136683,0.17380905151366832
2019-10-21,25.670000076293945,25.700000762939453,25.670000076293945,25.700000762939453,24.81598663330078,-0.6641191694047557,-0.8334556649604252,-0.2085685729980468,-0.20856857299804688
2019-10-22,25.600000381469727,25.700000762939453,25.57900047302246,25.700000762939453,24.81598663330078,-0.7657454785544842,0.0,0.0,0.0
2019-10-23,25.700000762939453,25.75,25.700000762939453,25.75,24.86426544189453,-0.5015170747651901,0.194547205828055,0.04827880859375,0.04827880859375
2019-10-24,25.75,25.75,25.75,25.75,24.86426544189453,-0.908022311364104,0.0,0.0,0.0
2019-10-25,25.75,25.75,25.749000549316406,25.749000549316406,24.863300323486328,-0.7860707403844299,-0.0038815480411402,-0.0009651184082031,-0.000965118408203125
2019-10-28,25.63999938964844,25.920000076293945,25.6200008392334,25.920000076293945,25.02841758728028,-0.5421675984250816,0.6641003472816376,0.1651172637939488,0.16511726379395242
2019-10-29,25.6299991607666,25.84499931335449,25.6299991607666,25.84499931335449,24.955995559692383,-0.5421675984250816,-0.2893591947446983,-0.0724220275878941,-0.07242202758789773
2019-10-30,25.78899955749512,25.88999938964844,25.700000762939453,25.8799991607666,24.98979377746582,-0.0340360526764391,0.1354312541553159,0.0337982177734375,0.0337982177734375
2019-10-31,25.76499938964844,25.8799991607666,25.600000381469727,25.8799991607666,24.98979377746582,0.0675902564732893,0.0,0.0,0.0
2019-11-01,25.63999938964844,25.8700008392334,25.600000381469727,25.8700008392334,24.980138778686523,-0.0950118381662762,-0.0386357681270821,-0.0096549987792968,-0.009654998779296875
2019-11-04,25.65999984741211,25.76000022888184,25.650999069213867,25.72599983215332,24.84109115600586,2.079791177637913,-0.5566327069379651,-0.139047622680664,-0.13904762268066406
2019-11-05,25.625,25.75,25.613000869750977,25.6879997253418,24.80439758300781,0.758649158691443,-0.147713209406175,-0.0366935729980504,-0.03669357299805043
2019-11-06,25.82999992370605,25.8700008392334,25.78499984741211,25.78499984741211,24.898061752319336,-0.4405412892753531,0.3776111433389184,0.0936641693115269,0.09366416931152699
2019-11-07,25.71999931335449,25.75,25.70400047302246,25.73699951171875,24.851713180541992,0.0472649946433436,-0.1861533328915698,-0.0463485717773437,-0.04634857177734375
2019-11-08,25.8700008392334,26.049999237060547,25.766000747680664,25.97900009155273,25.08538818359375,0.9415765151609542,0.9402772410664896,0.2336750030517578,0.2336750030517578
2019-11-11,25.709999084472656,25.826000213623047,25.709999084472656,25.826000213623047,24.937652587890625,-0.6641191694047557,-0.588930873311122,-0.147735595703125,-0.147735595703125
2019-11-12,25.799999237060547,25.89999961853028,25.799999237060547,25.799999237060547,24.91254615783692,-0.4202160274454073,-0.1006767977267397,-0.0251064300537073,-0.025106430053703832
2019-11-13,25.89999961853028,25.940000534057617,25.850000381469727,25.850000381469727,24.960826873779297,-0.4202160274454073,0.1938008087832177,0.0482807159423792,0.04828071594237571
2019-11-14,25.690000534057617,25.999000549316406,25.68000030517578,25.739999771118164,24.8546085357666,-0.1559876236561133,-0.4255401415578674,-0.1062183380126953,-0.10621833801269531
2019-11-15,25.690000534057617,25.75,25.6299991607666,25.72800064086914,24.8430233001709,0.6366975877117688,-0.046612021987924,-0.0115852355957031,-0.011585235595703125
2019-11-18,25.850000381469727,26.0,25.799999237060547,25.799999237060547,24.91254615783692,0.2098670892829092,0.279848619171652,0.0695228576660191,0.06952285766602273
2019-11-19,25.700000762939453,25.799999237060547,25.690000534057617,25.75,24.86426544189453,0.1692165656230178,-0.1938008087832399,-0.0482807159423863,-0.04828071594238992
2019-11-20,25.75,25.75,25.75,25.75,24.86426544189453,-0.9283475731940498,0.0,0.0,0.0
2019-11-21,25.61000061035156,25.725000381469727,25.57999992370605,25.690000534057617,24.80632972717285,0.0066144709834522,-0.2330079481216551,-0.0579357147216796,-0.05793571472167969
2019-11-22,25.57999992370605,25.799999237060547,25.530000686645508,25.75,24.86426544189453,1.6529606792090537,0.2335521431782616,0.0579357147216796,0.05793571472167969
2019-11-25,25.799999237060547,25.799999237060547,25.63999938964844,25.74300003051757,24.85750770568848,0.8806007296711171,-0.0271785073315045,-0.0067577362060511,-0.006757736206051135
2019-11-26,25.70400047302246,26.0,25.70400047302246,26.0,25.10566711425781,-0.64379390757481,0.9983277949966674,0.2481594085693288,0.24815940856932883
2019-11-27,25.979999542236328,25.989999771118164,25.6299991607666,25.920000076293945,25.02841758728028,0.2301923511128548,-0.3076975673498849,-0.0772495269775319,-0.0772495269775284
2019-11-29,25.88999938964844,25.989999771118164,25.790000915527344,25.93600082397461,25.04386711120605,-0.3998907656154616,0.0617279293503081,0.0154495239257741,0.015449523925770592
2019-12-02,25.93199920654297,25.93199920654297,25.792999267578125,25.799999237060547,24.91254615783692,-0.3592402419555703,-0.5243637206107543,-0.1313209533691335,-0.13132095336912997
2019-12-03,25.979999542236328,25.979999542236328,25.959999084472656,25.979999542236328,25.086355209350582,-0.8267212640443213,0.6976767866779809,0.1738090515136647,0.17380905151366122
2019-12-04,25.729999542236328,25.989999771118164,25.718000411987305,25.989999771118164,25.096010208129883,0.6366975877117688,0.03848705281706,0.0096549987793004,0.009654998779300428
2019-12-05,25.989999771118164,25.989999771118164,25.91900062561035,25.93899917602539,25.046764373779297,-0.582818122084973,-0.1962297350940334,-0.0492458343505859,-0.04924583435058594
2019-12-06,25.93899917602539,25.93899917602539,25.93899917602539,25.93899917602539,25.046764373779297,-0.9283475731940498,0.0,0.0,0.0
2019-12-09,26.049999237060547,26.100000381469727,25.80299949645996,25.96999931335449,25.076698303222656,1.8968638211684017,0.1195121613181138,0.0299339294433593,0.029933929443359375
2019-12-10,25.940000534057617,26.14999961853028,25.940000534057617,25.950000762939453,25.05738639831543,0.555396540391986,-0.0770113540216166,-0.0193119049072265,-0.019311904907226562
2019-12-11,25.94799995422364,25.94799995422364,25.82999992370605,25.82999992370605,24.94151496887207,-0.5624928602550272,-0.462424243300763,-0.1158714294433593,-0.11587142944335938
2019-12-12,25.95199966430664,25.95199966430664,25.799999237060547,25.799999237060547,24.91254615783692,-0.7860707403844299,-0.1161469584798902,-0.0289688110351526,-0.028968811035149145
2019-12-13,25.582000732421875,25.959999084472656,25.582000732421875,25.777000427246094,25.30023956298828,-0.0137107908464934,1.5562175086202723,0.3876934051513636,0.3876934051513601
2019-12-16,25.6299991607666,25.79899978637696,25.57999992370605,25.76000022888184,25.28355407714844,-0.0340360526764391,-0.0659499124437079,-0.0166854858398401,-0.016685485839840197
2019-12-17,25.76000022888184,25.76000022888184,25.73900032043457,25.73900032043457,25.262943267822266,-0.64379390757481,-0.0815186395998202,-0.0206108093261754,-0.020610809326175428
2019-12-18,25.670000076293945,25.670000076293945,25.5,25.61000061035156,25.136329650878903,-0.0746865763363305,-0.5011831582768633,-0.1266136169433629,-0.12661361694336293
2019-12-19,25.51000022888184,25.89999961853028,25.5,25.89999961853028,25.42096519470215,-0.4405412892753531,1.1323671664740909,0.2846355438232457,0.28463554382324574
2019-12-20,25.670000076293945,25.670000076293945,25.670000076293945,25.670000076293945,25.195219039916992,-0.908022311364104,-0.8880314065816908,-0.2257461547851562,-0.22574615478515625
2019-12-23,25.75,25.89299964904785,25.75,25.89299964904785,25.41409492492676,-0.582818122084973,0.868719913341498,0.2188758850097691,0.21887588500976918
2019-12-24,25.64699935913086,25.77199935913086,25.64699935913086,25.77199935913086,25.29533195495605,-0.7657454785544842,-0.4673114282508828,-0.1187629699707102,-0.11876296997071023
2019-12-26,25.780000686645508,25.780000686645508,25.700000762939453,25.701000213623047,25.225645065307617,-0.8063960022143756,-0.27549308217234,-0.0696868896484339,-0.06968688964843395
2019-12-27,25.77300071716309,25.77300071716309,25.64999961853028,25.74099922180176,25.26490592956543,-0.2169634091459504,0.1556386929101982,0.0392608642578125,0.0392608642578125
2019-12-30,25.729999542236328,25.729999542236328,25.729999542236328,25.729999542236328,25.25410842895508,-0.908022311364104,-0.0427371494691075,-0.010797500610348,-0.01079750061034801
2019-12-31,25.714000701904297,25.714000701904297,25.714000701904297,25.714000701904297,25.238405227661133,-0.7657454785544842,-0.0621807787755557,-0.0157032012939488,-0.015703201293948865
2020-01-02,25.825000762939453,25.8799991607666,25.64999961853028,25.86000061035156,25.38170623779297,0.6773481113716602,0.5677894813051809,0.1433010101318359,0.14330101013183594
2020-01-03,25.850000381469727,25.850000381469727,25.690000534057617,25.790000915527344,25.3129997253418,-0.64379390757481,-0.2706930409148933,-0.0687065124511683,-0.06870651245116832
2020-01-06,25.799999237060547,25.799999237060547,25.694000244140625,25.790000915527344,25.3129997253418,-0.5421675984250816,0.0,0.0,0.0
2020-01-07,25.75,25.959999084472656,25.733999252319336,25.75,25.273738861083984,1.226130180780194,-0.1551015868676786,-0.039260864257816,-0.03926086425781605
2020-01-08,25.64999961853028,25.76000022888184,25.64999961853028,25.65999984741211,25.18540382385254,0.8196249441812801,-0.3495131358164927,-0.0883350372314453,-0.08833503723144531
2020-01-09,25.790000915527344,25.790000915527344,25.700000762939453,25.700000762939453,25.22466468811035,-0.176312885486059,0.1558873724336607,0.0392608642578125,0.0392608642578125
2020-01-10,25.71999931335449,25.80900001525879,25.6200008392334,25.799999237060547,25.322813034057617,1.4293827990796508,0.3890967319519101,0.0981483459472656,0.09814834594726562
2020-01-13,25.770000457763672,25.881000518798828,25.770000457763672,25.881000518798828,25.40231704711914,-0.3795655037855159,0.3139620110711894,0.0795040130615234,0.07950401306152344
2020-01-14,25.82999992370605,25.863000869750977,25.690000534057617,25.75,25.273738861083984,0.087915518303235,-0.5061671571008897,-0.1285781860351562,-0.12857818603515625
2020-01-15,25.71999931335449,25.780000686645508,25.71999931335449,25.749000549316406,25.27275848388672,-0.2576139328058418,-0.0038790350832318,-0.0009803771972656,-0.000980377197265625
2020-01-16,25.81999969482422,25.81999969482422,25.799999237060547,25.81999969482422,25.342443466186523,-0.7047696930646471,0.2757316038304092,0.0696849822998046,0.06968498229980469
2020-01-17,25.86000061035156,25.8799991607666,25.731000900268555,25.82200050354004,25.34440803527832,-0.7250949548945929,0.0077520902608263,0.0019645690917968,0.001964569091796875
2020-01-21,25.84000015258789,25.84000015258789,25.79899978637696,25.82299995422364,25.345388412475582,-0.4405412892753531,0.0038682189613448,0.000980377197262,0.0009803771972620723
2020-01-22,26.09000015258789,26.100000381469727,26.049999237060547,26.049999237060547,25.56818962097168,-0.3389149801256246,0.8790601464463199,0.2228012084960973,0.2228012084960973
2020-01-23,26.049999237060547,26.06999969482422,25.950000762939453,25.950000762939453,25.47004127502441,-0.3998907656154616,-0.3838689692240327,-0.0981483459472691,-0.09814834594726918
2020-01-24,25.76000022888184,25.790000915527344,25.75,25.75,25.273738861083984,-0.7047696930646471,-0.7707188685748934,-0.1963024139404261,-0.19630241394042613
2020-01-27,25.989999771118164,26.049999237060547,25.86100006103516,25.86100006103516,25.382686614990234,-0.6844444312347014,0.431070980455539,0.10894775390625,0.10894775390625
2020-01-28,25.82299995422364,25.926000595092773,25.82299995422364,25.92099952697754,25.44157600402832,-0.64379390757481,0.2320061305224774,0.0588893890380859,0.05888938903808594
2020-01-29,25.84000015258789,26.01000022888184,25.770000457763672,26.0,25.519115447998047,-0.1356623618261676,0.3047745310960748,0.0775394439697265,0.07753944396972656
2020-01-30,25.81999969482422,25.81999969482422,25.81999969482422,25.81999969482422,25.342443466186523,-0.8267212640443213,-0.6923123263090303,-0.1766719818115234,-0.17667198181152344
2020-01-31,25.81999969482422,25.90999984741211,25.81999969482422,25.90999984741211,25.4307804107666,-0.5015170747651901,0.3485731148929805,0.0883369445800781,0.08833694458007812
2020-02-03,25.82999992370605,25.82999992370605,25.82999992370605,25.82999992370605,25.352258682250977,-0.908022311364104,-0.3087664918154931,-0.078521728515625,-0.078521728515625
2020-02-04,25.812000274658203,25.90900039672852,25.76000022888184,25.856000900268555,25.377779006958008,-0.3389149801256246,0.1006629232798816,0.0255203247070312,0.02552032470703125
2020-02-05,25.856000900268555,25.856000900268555,25.856000900268555,25.856000900268555,25.377779006958008,-0.9283475731940498,0.0,0.0,0.0
2020-02-06,25.86000061035156,25.8700008392334,25.86000061035156,25.8700008392334,25.391521453857425,-0.7860707403844299,0.0541514956673205,0.0137424468994176,0.013742446899417615
2020-02-07,25.75,25.850000381469727,25.75,25.82099914550781,25.343425750732425,-0.5624928602550272,-0.1894163892951494,-0.048095703125,-0.048095703125
2020-02-10,25.850000381469727,25.89999961853028,25.850000381469727,25.89999961853028,25.42096519470215,-0.7860707403844299,0.305954864714697,0.077539443969723,0.07753944396972301
2020-02-11,25.89999961853028,26.00300025939941,25.89999961853028,25.968000411987305,25.487707138061523,-0.8063960022143756,0.262546850004286,0.066741943359375,0.066741943359375
2020-02-12,25.989999771118164,25.989999771118164,25.96999931335449,25.96999931335449,25.489669799804688,-0.5015170747651901,0.0077004248853596,0.001962661743164,0.0019626617431640625
2020-02-13,25.89999961853028,25.93000030517578,25.799999237060547,25.85199928283692,25.373851776123047,-0.4405412892753531,-0.4543723970976243,-0.1158180236816406,-0.11581802368164062
2020-02-14,25.85199928283692,25.85199928283692,25.85199928283692,25.85199928283692,25.373851776123047,-0.9283475731940498,0.0,0.0,0.0
2020-02-18,26.100000381469727,26.14900016784668,26.100000381469727,26.14900016784668,25.665359497070312,-0.7454202167245385,1.1488508860195037,0.2915077209472656,0.2915077209472656
2020-02-19,26.13999938964844,26.13999938964844,26.1299991607666,26.13999938964844,25.656524658203125,-0.8267212640443213,-0.0344232032603919,-0.0088348388671875,-0.0088348388671875
2020-02-20,26.100000381469727,26.14999961853028,26.100000381469727,26.14999961853028,25.66633987426757,-0.4608665511052988,0.0382562182337897,0.0098152160644495,0.00981521606444602
2020-02-21,26.14999961853028,26.14999961853028,26.14999961853028,26.14999961853028,25.66633987426757,-0.9283475731940498,0.0,0.0,0.0
2020-02-24,25.89999961853028,25.98600006103516,25.75,25.75,25.273738861083984,-0.6844444312347014,-1.5296338126387976,-0.3926010131835902,-0.39260101318358664
2020-02-25,25.78199958801269,25.843000411987305,25.75,25.770000457763672,25.29336929321289,0.0675902564732893,0.0776712627949649,0.0196304321289062,0.01963043212890625
2020-02-26,25.75,25.76000022888184,25.739999771118164,25.739999771118164,25.26392364501953,-0.6031433839149186,-0.1164164720485083,-0.0294456481933593,-0.029445648193359375
2020-02-27,25.6299991607666,25.790000915527344,25.5,25.780000686645508,25.303184509277344,-0.0950118381662762,0.155402877278532,0.0392608642578125,0.0392608642578125
2020-02-28,25.5,25.540000915527344,25.1299991607666,25.326000213623047,24.85758209228516,0.1692165656230178,-1.7610527118782415,-0.4456024169921839,-0.44560241699218395
2020-03-02,25.13999938964844,25.5,25.1299991607666,25.39999961853028,24.930212020874023,0.758649158691443,0.2921842048805079,0.0726299285888636,0.07262992858886363
2020-03-03,25.391000747680664,25.5,25.170000076293945,25.299999237060547,24.832061767578125,0.6366975877117688,-0.3937000343748331,-0.0981502532958984,-0.09815025329589844
2020-03-04,25.41900062561035,25.624000549316406,25.304000854492188,25.530000686645508,25.05780982971192,0.9009259915010628,0.9090991487003208,0.2257480621337926,0.22574806213379617
2020-03-05,25.440000534057617,25.549999237060547,25.440000534057617,25.549999237060547,25.077438354492188,-0.7860707403844299,0.0783329625121398,0.0196285247802698,0.019628524780266332
2020-03-06,25.25,25.290000915527344,25.1299991607666,25.26000022888184,24.792802810668945,0.1285660419631264,-1.1350263922481283,-0.2846355438232422,-0.2846355438232422
2020-03-09,25.25,25.25,24.690000534057617,24.700000762939453,24.24316024780273,1.7342617265288365,-2.2169440343779545,-0.5496425628662145,-0.5496425628662145
2020-03-10,24.67300033569336,24.9379997253418,24.600000381469727,24.61000061035156,24.15482521057129,0.4334449694123118,-0.3643709661963257,-0.0883350372314417,-0.08833503723144176
2020-03-11,24.600000381469727,24.73900032043457,23.89999961853028,24.0,23.55610656738281,0.8399502060112257,-2.478670981756692,-0.5987186431884801,-0.5987186431884801
2020-03-13,22.79599952697754,23.65999984741211,22.79599952697754,23.65999984741211,23.65999984741211,-0.7047696930646471,0.4410460605283495,0.1038932800293004,0.10389328002930043
