Date,Open,High,Low,Close,Adj Close,Volume,Daily_Return,Adj Close Diff,Price_Diff
1990-08-22,1.96875,2.03125,1.875,1.96875,1.8044981956481927,2.6244378656350684,,,
1990-08-24,1.96875,1.96875,1.84375,1.90625,1.747212529182434,3.330913065632356,-3.1746036989070747,-0.057285666465759,-0.05728566646575861
1990-08-27,1.96875,2.0625,1.90625,2.046875,1.8761054277420044,1.9949503476887671,7.37705896716998,0.1288928985595703,0.1288928985595703
1990-08-28,2.0625,2.0625,1.96875,2.015625,1.847462773323059,2.3889461323026397,-1.5267081473890445,-0.0286426544189453,-0.028642654418945312
1990-08-29,2.03125,2.0625,1.96875,1.96875,1.8044981956481927,1.619069311792774,-2.3255991024698663,-0.0429645776748659,-0.04296457767486639
1990-08-30,1.96875,2.015625,1.9375,2.015625,1.847462773323059,0.5050122656432052,2.380970941311067,0.0429645776748659,0.04296457767486639
1990-08-31,1.9375,2.03125,1.9375,1.96875,1.8044981956481927,3.068249209223108,-2.3255991024698663,-0.0429645776748659,-0.04296457767486639
1990-09-04,2.03125,2.03125,1.9375,1.9375,1.7758554220199585,0.1019591066703935,-1.5872985463388556,-0.0286427736282346,-0.028642773628234197
1990-09-05,1.96875,2.0,1.96875,1.96875,1.8044981956481927,-0.9577536933255382,1.6129000859571585,0.0286427736282346,0.028642773628234197
1990-09-06,1.96875,2.09375,1.96875,2.03125,1.8617843389511108,4.173248881013738,3.174630123824529,0.0572861433029177,0.05728614330291815
1990-09-07,2.03125,2.03125,2.0,2.015625,1.847462773323059,-0.0837170676878679,-0.769238699049335,-0.0143215656280517,-0.014321565628051758
1990-09-10,2.0,2.03125,2.0,2.03125,1.8617843389511108,1.05751210153852,0.7752018516882675,0.0143215656280517,0.014321565628051758
1990-09-11,2.03125,2.03125,1.96875,2.0,1.833140850067139,-0.369024359994465,-1.5384966069759254,-0.0286434888839719,-0.028643488883971946
1990-09-12,2.03125,2.03125,1.96875,1.96875,1.8044981956481927,0.2649918451313061,-1.5624906519265402,-0.0286426544189457,-0.0286426544189462
1990-09-14,1.90625,1.96875,1.90625,1.90625,1.747212529182434,1.0937415989742785,-3.1746036989070747,-0.057285666465759,-0.05728566646575861
1990-09-17,1.9375,1.9375,1.90625,1.9375,1.7758554220199585,2.330073198969532,1.6393479533326705,0.0286428928375244,0.028642892837524414
1990-09-18,1.90625,1.90625,1.90625,1.90625,1.747212529182434,-0.9803971292228872,-1.6129067987384005,-0.0286428928375244,-0.028642892837524414
1990-09-19,1.9375,2.0,1.90625,1.9375,1.7758554220199585,-0.0746596933289283,1.6393479533326705,0.0286428928375244,0.028642892837524414
1990-09-20,1.9375,2.0,1.9375,1.96875,1.8044981956481927,2.0266511579450555,1.6129000859571585,0.0286427736282346,0.028642773628234197
1990-09-21,1.9375,2.03125,1.9375,2.03125,1.8617843389511108,2.2712002656364243,3.174630123824529,0.0572861433029177,0.05728614330291815
1990-09-24,2.0,2.0,1.9375,1.9375,1.7758554220199585,2.8010566656343903,-4.615406582459647,-0.0859289169311523,-0.08592891693115234
1990-09-25,1.96875,2.0,1.9375,1.953125,1.7901768684387207,5.305420675881186,0.8064533993692002,0.0143214464187622,0.014321446418762207
1990-09-26,1.9375,2.0,1.9375,1.9375,1.7758554220199585,1.8726757938430827,-0.8000017579968266,-0.0143214464187622,-0.014321446418762207
1990-10-01,1.875,1.90625,1.875,1.90625,1.747212529182434,-0.7947209548646256,-1.6129067987384005,-0.0286428928375244,-0.028642892837524414
1990-10-02,2.0,2.125,2.0,2.109375,1.933390974998474,5.939436881006958,10.65574122818118,0.1861784458160398,0.18617844581603982
1990-10-03,2.125,2.125,2.03125,2.078125,1.90474820137024,2.438761691276807,-1.481478604101627,-0.0286427736282341,-0.028642773628233975
1990-10-04,2.03125,2.09375,2.0,2.03125,1.8617843389511108,0.2695205323107759,-2.255619004560361,-0.0429638624191288,-0.042963862419129084
1990-10-05,1.96875,2.03125,1.96875,2.0,1.833140850067139,0.0430861733372862,-1.5384966069759254,-0.0286434888839719,-0.028643488883971946
1990-10-08,2.03125,2.03125,1.96875,2.03125,1.8617843389511108,-0.7358480215315183,1.5625361729799891,0.0286434888839719,0.028643488883971946
1990-10-09,2.0,2.0,2.0,2.0,1.833140850067139,-0.3871391087123441,-1.5384966069759254,-0.0286434888839719,-0.028643488883971946
1990-10-10,2.0625,2.0625,1.96875,1.96875,1.8044981956481927,-0.8671799497361422,-1.5624906519265402,-0.0286426544189457,-0.0286426544189462
1990-10-11,1.96875,2.0,1.96875,2.0,1.833140850067139,-0.785663580505686,1.5872919401095364,0.0286426544189457,0.0286426544189462
1990-10-12,1.96875,2.0,1.96875,1.96875,1.8044981956481927,-0.5909300317884848,-1.5624906519265402,-0.0286426544189457,-0.0286426544189462
1990-10-15,1.96875,2.0,1.9375,1.9375,1.7758554220199585,-0.5501718471732567,-1.5872985463388556,-0.0286427736282346,-0.028642773628234197
1990-10-16,1.9375,1.953125,1.9375,1.953125,1.7901768684387207,-0.1878768728156732,0.8064533993692002,0.0143214464187622,0.014321446418762207
1990-10-17,1.90625,1.9375,1.84375,1.875,1.7185699939727783,-0.7132045856341692,-3.999988812747501,-0.0716068744659423,-0.07160687446594238
1990-10-18,1.84375,1.96875,1.84375,1.96875,1.8044981956481927,0.0340287989783466,4.999982658650781,0.0859282016754148,0.08592820167541437
1990-10-19,1.96875,2.0,1.875,1.9375,1.7758554220199585,0.2514057835928967,-1.5872985463388556,-0.0286427736282346,-0.028642773628234197
1990-10-22,2.03125,2.25,2.0,2.21875,2.0336403846740723,0.3691516502591114,14.516100773614472,0.2577849626541137,0.25778496265411377
1990-10-23,2.1875,2.25,2.1875,2.1875,2.004998207092285,0.3963237733359301,-1.4084190006079966,-0.0286421775817871,-0.02864217758178711
1990-10-24,2.1875,2.21875,2.1875,2.1875,2.004998207092285,-0.9260528830692496,0.0,0.0,0.0
1990-10-25,2.21875,2.34375,2.21875,2.28125,2.0909268856048584,4.798207711780569,4.285723458934654,0.0859286785125732,0.08592867851257324
1990-10-26,2.28125,2.28125,2.21875,2.21875,2.0336403846740723,1.9179626656377808,-2.73976585815503,-0.0572865009307861,-0.05728650093078613
1990-10-29,2.21875,2.234375,2.140625,2.15625,1.9763553142547607,-0.2784506164050691,-2.8168731724164897,-0.0572850704193115,-0.05728507041931152
1990-10-30,2.125,2.125,2.0625,2.125,1.947711944580078,-0.6407455907626526,-1.449302636428185,-0.0286433696746828,-0.02864336967468284
1990-10-31,2.09375,2.21875,2.09375,2.21875,2.0336403846740723,-0.5320570984553775,4.411763265769797,0.0859284400939943,0.08592844009399436
1990-11-01,2.15625,2.25,2.15625,2.25,2.062283754348755,0.2831065938491853,1.4084776192755166,0.0286433696746826,0.028643369674682617
1990-11-02,2.1875,2.1875,2.1875,2.1875,2.004998207092285,-0.9668110676844776,-2.777772318463512,-0.0572855472564697,-0.05728554725646973
1990-11-05,2.25,2.25,2.15625,2.15625,1.9763553142547607,0.663516316924648,-1.4285744863115513,-0.0286428928375244,-0.028642892837524414
1990-11-06,2.09375,2.1875,2.09375,2.09375,1.9190698862075808,-0.8128357035825047,-2.898538923340366,-0.0572854280471799,-0.057285428047179954
1990-11-07,2.09375,2.09375,2.09375,2.09375,1.9190698862075808,-0.9486963189665986,0.0,0.0,0.0
1990-11-08,2.09375,2.09375,1.9375,1.9375,1.7758554220199585,-0.0927744420468075,-7.462701864945586,-0.1432144641876223,-0.1432144641876223
1990-11-09,1.96875,2.0625,1.96875,2.015625,1.847462773323059,0.0521435476962258,4.032273709627243,0.0716073513031005,0.07160735130310059
1990-11-12,2.0,2.21875,2.0,2.21875,2.0336403846740723,2.2259133938417266,10.07747566226369,0.1861776113510131,0.18617761135101318
1990-11-13,2.21875,2.25,2.15625,2.1875,2.004998207092285,1.5964258758954253,-1.4084190006079966,-0.0286421775817871,-0.02864217758178711
1990-11-14,2.15625,2.21875,2.15625,2.1875,2.004998207092285,-0.6045160933268943,0.0,0.0,0.0
1990-11-15,2.1875,2.25,2.15625,2.25,2.062283754348755,0.7631474348729834,2.8571370814115093,0.0572855472564697,0.05728554725646973
1990-11-16,2.1875,2.25,2.1875,2.1875,2.004998207092285,0.3419795271822926,-2.777772318463512,-0.0572855472564697,-0.05728554725646973
1990-11-19,2.125,2.125,1.875,2.0,1.833140850067139,2.484048563071505,-8.571446917869297,-0.1718573570251462,-0.17185735702514626
1990-11-20,2.09375,2.09375,2.03125,2.0625,1.890426993370056,0.8220203682060907,3.125026824906496,0.057286143302917,0.057286143302917036
1990-11-21,2.0625,2.09375,2.0625,2.09375,1.9190698862075808,-0.0701310061494586,1.51515466812413,0.0286428928375248,0.028642892837524858
1990-11-23,2.0625,2.09375,2.0625,2.09375,1.9190698862075808,-0.1516473753799148,0.0,0.0,0.0
1990-11-26,2.0625,2.0625,2.0625,2.0625,1.890426993370056,-0.9215241958897796,-1.492540372989137,-0.0286428928375248,-0.028642892837524858
1990-11-27,2.09375,2.15625,2.0625,2.09375,1.9190698862075808,-0.6452742779421223,1.51515466812413,0.0286428928375248,0.028642892837524858
1990-11-28,2.0625,2.09375,2.0625,2.09375,1.9190698862075808,-0.962282380505008,0.0,0.0,0.0
1990-11-29,2.09375,2.125,2.0625,2.0625,1.890426993370056,-0.5411144728143171,-1.492540372989137,-0.0286428928375248,-0.028642892837524858
1990-11-30,2.125,2.125,2.125,2.125,1.947711944580078,-1.007569252299706,3.0302651946320536,0.0572849512100219,0.05728495121002197
1990-12-03,2.15625,2.15625,2.09375,2.125,1.947711944580078,-0.4278972933275722,0.0,0.0,0.0
1990-12-04,2.125,2.15625,2.125,2.15625,1.9763553142547607,-0.8717086369156121,1.470616317489304,0.0286433696746828,0.02864336967468284
1990-12-05,2.15625,2.15625,2.0625,2.15625,1.9763553142547607,0.2876352810286551,0.0,0.0,0.0
1990-12-06,2.15625,2.28125,2.15625,2.28125,2.0909268856048584,-0.3826104215328743,5.7971140373258345,0.1145715713500976,0.11457157135009766
1990-12-07,2.21875,2.28125,2.21875,2.28125,2.0909268856048584,0.1472459784650915,0.0,0.0,0.0
1990-12-10,2.25,2.25,2.25,2.25,2.062283754348755,-0.9668110676844776,-1.3698772278121885,-0.0286431312561035,-0.028643131256103516
1990-12-11,2.25,2.25,2.15625,2.1875,2.004998207092285,0.4370819579511583,-2.777772318463512,-0.0572855472564697,-0.05728554725646973
1990-12-12,2.21875,2.21875,2.09375,2.09375,1.9190698862075808,-0.7041472112752297,-4.2857056221172645,-0.0859283208847043,-0.08592832088470437
1990-12-13,2.09375,2.15625,2.09375,2.15625,1.9763553142547607,-0.8083070164030349,2.9850621104990704,0.0572854280471799,0.057285428047179954
1990-12-14,2.15625,2.15625,2.15625,2.15625,1.9763553142547607,-1.0120979394791756,0.0,0.0,0.0
1990-12-17,2.1875,2.1875,2.125,2.125,1.947711944580078,0.6771023784630573,-1.449302636428185,-0.0286433696746828,-0.02864336967468284
1990-12-18,2.125,2.25,2.125,2.25,2.062283754348755,-0.7177332728136391,5.882379583259079,0.1145718097686769,0.11457180976867698
1990-12-19,2.28125,2.5,2.28125,2.4375,2.234140396118164,1.9179626656377808,8.333316955390524,0.1718566417694091,0.17185664176940918
1990-12-20,2.28125,2.375,2.21875,2.21875,2.0336403846740723,0.926180173333896,-8.974369372330504,-0.2005000114440918,-0.2005000114440918
1990-12-21,2.3125,2.3125,2.21875,2.21875,2.0336403846740723,0.8899506758981376,0.0,0.0,0.0
1990-12-24,2.28125,2.3125,2.25,2.3125,2.119569063186645,-0.8173643907619745,4.22536251542549,0.0859286785125728,0.0859286785125728
1990-12-26,2.3125,2.3125,2.3125,2.3125,2.119569063186645,-1.0120979394791756,0.0,0.0,0.0
1990-12-27,2.3125,2.3125,2.21875,2.21875,2.0336403846740723,-0.5773439702500754,-4.054063630433635,-0.0859286785125728,-0.0859286785125728
1990-12-28,2.25,2.25,2.1875,2.1875,2.004998207092285,0.8808933015391981,-1.4084190006079966,-0.0286421775817871,-0.02864217758178711
1990-12-31,2.28125,2.28125,2.0625,2.15625,1.9763553142547607,2.9505033425568934,-1.4285744863115513,-0.0286428928375244,-0.028642892837524414
1991-01-02,2.125,2.15625,2.09375,2.125,1.947711944580078,1.216016152819963,-1.449302636428185,-0.0286433696746828,-0.02864336967468284
1991-01-03,2.09375,2.15625,2.09375,2.15625,1.9763553142547607,3.774724409220396,1.470616317489304,0.0286433696746828,0.02864336967468284
1991-01-04,2.09375,2.125,2.09375,2.09375,1.9190698862075808,-0.169762124097794,-2.898538923340366,-0.0572854280471799,-0.057285428047179954
1991-01-07,2.09375,2.09375,2.0625,2.0625,1.890426993370056,0.8220203682060907,-1.492540372989137,-0.0286428928375248,-0.028642892837524858
1991-01-08,2.125,2.125,2.0625,2.078125,1.90474820137024,1.7730446758947471,0.7575647221717663,0.0143212080001837,0.014321208000183994
1991-01-09,2.15625,2.21875,2.09375,2.15625,1.9763553142547607,5.472982101521569,3.759400472619334,0.071607112884521,0.07160711288452082
1991-01-10,2.125,2.21875,2.125,2.21875,2.0336403846740723,0.4416106451306281,2.8985208280178254,0.0572850704193115,0.05728507041931152
1991-01-11,2.15625,2.28125,2.15625,2.21875,2.0336403846740723,2.3572453220463507,0.0,0.0,0.0
1991-01-14,2.25,2.25,2.1875,2.25,2.062283754348755,0.0385574861578164,1.4084776192755166,0.0286433696746826,0.028643369674682617
1991-01-15,2.1875,2.25,2.1875,2.1875,2.004998207092285,-0.2829793035845389,-2.777772318463512,-0.0572855472564697,-0.05728554725646973
1991-01-16,2.25,2.25,2.25,2.25,2.062283754348755,-0.763020144608337,2.8571370814115093,0.0572855472564697,0.05728554725646973
1991-01-17,2.34375,2.375,2.1875,2.28125,2.0909268856048584,4.241179188705785,1.3889035005829609,0.0286431312561035,0.028643131256103516
1991-01-18,2.28125,2.28125,2.1875,2.1875,2.004998207092285,-0.5501718471732567,-4.109597475844595,-0.0859286785125732,-0.08592867851257324
1991-01-21,2.21875,2.28125,2.21875,2.28125,2.0909268856048584,0.8808933015391981,4.285723458934654,0.0859286785125732,0.08592867851257324
1991-01-22,2.28125,2.28125,2.21875,2.28125,2.0909268856048584,-0.6543316523010619,0.0,0.0,0.0
1991-01-23,2.28125,2.28125,2.21875,2.28125,2.0909268856048584,2.416118255379458,0.0,0.0,0.0
1991-01-24,2.28125,2.375,2.28125,2.375,2.1768548488616943,4.236650501526315,4.109563268252625,0.0859279632568359,0.08592796325683594
1991-01-25,2.375,2.375,2.3125,2.375,2.1768548488616943,0.5457704502584333,0.0,0.0,0.0
1991-01-28,2.375,2.46875,2.3125,2.40625,2.205498218536377,0.6454015682067687,1.3158144048814655,0.0286433696746826,0.028643369674682617
1991-01-29,2.375,2.46875,2.375,2.46875,2.2627837657928467,2.103638839996042,2.597397122110845,0.0572855472564697,0.05728554725646973
1991-01-30,2.4375,2.5625,2.4375,2.46875,2.2627837657928467,3.054663147684699,0.0,0.0,0.0
1991-01-31,2.53125,2.53125,2.46875,2.53125,2.3200693130493164,0.6454015682067687,2.531640368048937,0.0572855472564697,0.05728554725646973
1991-02-01,2.46875,2.5,2.40625,2.5,2.291426420211792,1.5601963784596669,-1.2345705654749797,-0.0286428928375244,-0.028642892837524414
1991-02-04,2.5,2.5625,2.40625,2.5625,2.3487117290496826,0.3827377117975207,2.4999846529043523,0.0572853088378906,0.057285308837890625
1991-02-05,2.5625,2.5625,2.5,2.5,2.291426420211792,-0.3282661753792368,-2.439009782655144,-0.0572853088378906,-0.057285308837890625
1991-02-06,2.5625,2.5625,2.46875,2.53125,2.3200693130493164,0.0113853630809976,1.2500027312627893,0.0286428928375244,0.028642892837524414
1991-02-07,2.46875,2.625,2.46875,2.625,2.4059977531433105,1.6100119374338346,3.703701420069061,0.0859284400939941,0.08592844009399414
1991-02-08,2.65625,2.8125,2.5625,2.8125,2.577854633331299,0.3827377117975207,7.142852895995699,0.1718568801879882,0.17185688018798828
1991-02-11,2.8125,2.8125,2.6875,2.75,2.52056884765625,0.8220203682060907,-2.2222271548733463,-0.0572857856750488,-0.05728578567504883
1991-02-13,3.09375,3.25,2.9375,3.03125,2.7783544063568115,3.358085188709175,10.22727702678161,0.2577855587005615,0.2577855587005615
1991-02-14,3.0625,3.0625,2.9375,3.0,2.749711513519287,-0.3192088010202972,-1.0309301351904665,-0.0286428928375244,-0.028642892837524414
1991-02-15,3.0,3.0,2.9375,2.9375,2.6924262046813965,3.072777896402578,-2.083320688597345,-0.0572853088378906,-0.057285308837890625
1991-02-19,2.9375,3.0,2.9375,3.0,2.749711513519287,-0.2467498061487805,2.127646385935744,0.0572853088378906,0.057285308837890625
1991-02-20,3.0,3.0,2.9375,2.9375,2.6924262046813965,-0.7720775189672766,-2.083320688597345,-0.0572853088378906,-0.057285308837890625
1991-02-21,2.9375,3.0,2.9375,2.9375,2.6924262046813965,2.4885772502509744,0.0,0.0,0.0
1991-02-22,3.03125,3.125,3.0,3.125,2.8642821311950684,3.5437613630674365,6.3829391578072325,0.1718559265136718,0.17185592651367188
1991-02-25,3.09375,3.09375,3.0,3.078125,2.8213186264038086,-0.1018318164057471,-1.4999746122542068,-0.0429635047912597,-0.042963504791259766
1991-02-26,3.0,3.0625,2.9375,2.96875,2.721068859100342,0.8039056194882116,-3.553294773772153,-0.1002497673034668,-0.1002497673034668
1991-02-27,2.9375,3.0,2.9375,3.0,2.749711513519287,2.198741270764908,1.0526251227767736,0.0286426544189453,0.028642654418945312
1991-02-28,3.0,3.0,2.78125,2.90625,2.6637825965881348,0.9080654246160168,-3.125015715600432,-0.0859289169311523,-0.08592891693115234
1991-03-01,2.90625,3.03125,2.84375,3.03125,2.7783544063568115,0.6499302553862386,4.301094613179934,0.1145718097686767,0.11457180976867676
1991-03-04,3.03125,3.09375,2.96875,3.0625,2.806997060775757,1.3337620194861777,1.0309215539029637,0.0286426544189453,0.028642654418945312
1991-03-05,3.03125,3.09375,2.96875,3.0,2.749711513519287,0.1472459784650915,-2.040812513021939,-0.0572855472564697,-0.05728554725646973
1991-03-06,3.09375,3.09375,3.03125,3.09375,2.835639953613281,-0.2829793035845389,3.1249983742482224,0.0859284400939937,0.0859284400939937
1991-03-07,2.96875,2.96875,2.96875,2.96875,2.721068859100342,-0.9441676317871288,-4.04039639683268,-0.114571094512939,-0.11457109451293901
1991-03-08,3.09375,3.09375,2.96875,3.0625,2.806997060775757,-0.8626512625566725,3.157884130276112,0.085928201675415,0.08592820167541504
1991-03-11,3.0625,3.0625,2.96875,2.96875,2.721068859100342,0.7269179374372251,-3.0612145226709853,-0.085928201675415,-0.08592820167541504
1991-03-12,3.0,3.0,2.9375,2.9375,2.6924262046813965,0.2559344707723665,-1.0526251227767625,-0.0286426544189453,-0.028642654418945312
1991-03-14,3.375,3.5625,3.34375,3.390625,3.1077473163604736,5.8986786963917295,15.42553370476587,0.4153211116790771,0.41532111167907715
1991-03-15,3.5625,3.5625,3.34375,3.375,3.0934255123138428,1.6100119374338346,-0.4608419729375979,-0.0143218040466308,-0.01432180404663086
1991-03-18,3.4375,3.4375,3.34375,3.34375,3.06478238105774,3.951343209219718,-0.9259357027374572,-0.028643131256103,-0.028643131256102627
1991-03-19,3.3125,3.46875,3.3125,3.34375,3.06478238105774,0.2559344707723665,0.0,0.0,0.0
1991-03-20,3.40625,3.4375,3.34375,3.4375,3.1507110595703125,0.4008524605153999,2.803744861092428,0.0859286785125728,0.08592867851257235
1991-03-21,3.46875,3.46875,3.375,3.375,3.0934255123138428,0.5729425733352521,-1.81817837857472,-0.0572855472564697,-0.05728554725646973
1991-03-22,3.359375,3.40625,3.34375,3.34375,3.06478238105774,-0.015786759995821,-0.9259357027374572,-0.028643131256103,-0.028643131256102627
1991-03-25,3.40625,3.40625,3.34375,3.40625,3.1220691204071045,-0.9079381343513704,1.8691943579234984,0.0572867393493647,0.057286739349364346
1991-03-26,3.40625,3.46875,3.34375,3.40625,3.1220691204071045,3.158822952812504,0.0,0.0,0.0
1991-03-27,3.46875,3.46875,3.375,3.375,3.0934255123138428,0.0566722348756956,-0.9174559238946832,-0.0286436080932617,-0.02864360809326172
1991-03-28,3.4375,3.46875,3.375,3.375,3.0934255123138428,-0.7811348933262162,0.0,0.0,0.0
1991-04-01,3.46875,3.46875,3.375,3.375,3.0934255123138428,-0.9486963189665986,0.0,0.0,0.0
1991-04-02,3.46875,3.5,3.40625,3.46875,3.179354429244995,-0.6679177138394713,2.7777916936774227,0.0859289169311523,0.08592891693115234
1991-04-03,3.53125,3.71875,3.46875,3.65625,3.351210832595825,2.162511773329149,5.405386759337838,0.17185640335083,0.17185640335083008
1991-04-04,3.71875,3.75,3.65625,3.65625,3.351210832595825,-0.6181021548653036,0.0,0.0,0.0
1991-04-05,3.75,3.75,3.59375,3.625,3.32256817817688,-0.2739219292255992,-0.8546956861188892,-0.0286426544189453,-0.028642654418945312
1991-04-08,3.625,3.625,3.5,3.59375,3.2939260005950928,-0.6724464010189412,-0.8620493559744924,-0.0286421775817871,-0.02864217758178711
1991-04-09,3.59375,3.6875,3.53125,3.6875,3.3798532485961914,-0.1742908112772638,2.608657510386525,0.0859272480010986,0.08592724800109863
1991-04-10,3.71875,3.71875,3.53125,3.59375,3.2939260005950928,-0.3056227394818878,-2.542336654314448,-0.0859272480010986,-0.08592724800109863
1991-04-11,3.5625,3.59375,3.53125,3.59375,3.2939260005950928,2.4931059374304443,0.0,0.0,0.0
1991-04-12,3.625,3.625,3.53125,3.53125,3.2366397380828857,-0.962282380505008,-1.7391484356921616,-0.057286262512207,-0.05728626251220703
1991-04-15,3.625,3.625,3.5,3.578125,3.279604196548462,-0.8218930779414443,1.3274402448949951,0.0429644584655761,0.04296445846557617
1991-04-16,3.5,3.65625,3.5,3.65625,3.351210832595825,-0.3373235497381764,2.183392621668312,0.0716066360473632,0.07160663604736328
1991-04-17,3.625,3.625,3.5,3.5625,3.265282392501831,-0.0248441343547606,-2.564101287158782,-0.0859284400939941,-0.08592844009399414
1991-04-18,3.5,3.5625,3.34375,3.40625,3.1220691204071045,1.7956881117920962,-4.385938331814476,-0.1432132720947265,-0.14321327209472656
1991-04-19,3.40625,3.40625,3.34375,3.375,3.0934255123138428,0.5050122656432052,-0.9174559238946832,-0.0286436080932617,-0.02864360809326172
1991-04-22,3.34375,3.375,3.3125,3.3125,3.036139965057373,0.1246025425677425,-1.8518482836724528,-0.0572855472564697,-0.05728554725646973
1991-04-23,3.375,3.375,3.3125,3.3125,3.036139965057373,0.6906884400014667,0.0,0.0,0.0
1991-04-24,3.375,3.375,3.3125,3.3125,3.036139965057373,-0.9441676317871288,0.0,0.0,0.0
1991-04-25,3.3125,3.375,3.3125,3.34375,3.06478238105774,-0.9803971292228872,0.9433825953351738,0.0286424160003666,0.0286424160003671
1991-04-26,3.3125,3.375,3.3125,3.375,3.0934255123138428,-0.9849258164023568,0.9345893996629328,0.028643131256103,0.028643131256102627
1991-04-29,3.3125,3.375,3.3125,3.3125,3.036139965057373,-0.3146801138408274,-1.8518482836724528,-0.0572855472564697,-0.05728554725646973
1991-04-30,3.3125,3.40625,3.3125,3.40625,3.1220691204071045,-0.2558071805077201,2.830210607504302,0.0859291553497314,0.08592915534973145
1991-05-01,3.40625,3.5,3.40625,3.484375,3.1936752796173096,0.2514057835928967,2.2935481710561145,0.071606159210205,0.07160615921020508
1991-05-02,3.5,3.5625,3.46875,3.5625,3.265282392501831,0.6997458143604063,2.242153838918215,0.0716071128845214,0.07160711288452148
1991-05-03,3.5,3.5625,3.5,3.5,3.2079968452453613,-0.061073631790519,-1.7543826343478397,-0.0572855472564697,-0.05728554725646973
1991-05-06,3.5,3.5,3.5,3.5,3.2079968452453613,-1.0120979394791756,0.0,0.0,0.0
1991-05-07,3.46875,3.53125,3.46875,3.53125,3.2366397380828857,-0.5048849753785588,0.8928591335735536,0.0286428928375244,0.028642892837524414
1991-05-08,3.5625,3.5625,3.46875,3.5,3.2079968452453613,-0.5094136625580286,-0.884957707850742,-0.0286428928375244,-0.028642892837524414
1991-05-09,3.5,3.5,3.4375,3.46875,3.179354429244995,1.3790488912808754,-0.8928442695577354,-0.0286424160003662,-0.02864241600036621
1991-05-10,3.40625,3.46875,3.375,3.375,3.0934255123138428,-0.8173643907619745,-2.7027158765547843,-0.0859289169311523,-0.08592891693115234
1991-05-13,3.375,3.46875,3.375,3.46875,3.179354429244995,1.4650939476908014,2.7777916936774227,0.0859289169311523,0.08592891693115234
1991-05-14,3.390625,3.4375,3.34375,3.375,3.0934255123138428,0.7540900605140438,-2.7027158765547843,-0.0859289169311523,-0.08592891693115234
1991-05-15,3.375,3.40625,3.1875,3.1875,2.9215686321258545,0.8491924912829095,-5.55555255828486,-0.1718568801879882,-0.17185688018798828
1991-05-16,3.21875,3.21875,3.125,3.1875,2.9215686321258545,-0.5048849753785588,0.0,0.0,0.0
1991-05-17,3.125,3.1875,2.96875,3.09375,2.835639953613281,0.7767334964113928,-2.9411829510932463,-0.0859286785125736,-0.08592867851257369
1991-05-20,3.09375,3.125,3.0,3.0,2.749711513519287,-0.740376708710988,-3.0303015015887502,-0.0859284400939937,-0.0859284400939937
1991-05-21,3.03125,3.046875,3.0,3.0,2.749711513519287,-0.8762373240950818,0.0,0.0,0.0
1991-05-23,2.84375,2.875,2.75,2.875,2.635140180587769,2.429704316917867,-4.166667389222988,-0.1145713329315181,-0.11457133293151811
1991-05-24,2.875,2.875,2.78125,2.78125,2.549211502075196,0.0204427374399372,-3.2608769410288785,-0.0859286785125732,-0.0859286785125728
1991-05-28,2.875,2.9375,2.78125,2.84375,2.606497287750244,3.226753260504551,2.247196265528162,0.0572857856750483,0.05728578567504794
1991-05-29,2.921875,3.0,2.90625,2.984375,2.7353901863098145,-0.2693932420461295,4.945061679723528,0.1288928985595703,0.1288928985595703
1991-05-30,3.0,3.09375,3.0,3.03125,2.7783544063568115,0.8491924912829095,1.570679761228444,0.042964220046997,0.04296422004699707
1991-05-31,3.09375,3.09375,3.0,3.09375,2.835639953613281,-0.91246682153084,2.061851689093408,0.0572855472564692,0.05728554725646928
1991-06-03,3.0,3.3125,3.0,3.28125,3.0074970722198486,1.1752579682047346,6.060611411106009,0.1718571186065678,0.17185711860656783
1991-06-04,3.21875,3.25,3.125,3.21875,2.9502112865448,0.6499302553862386,-1.904766132748581,-0.0572857856750488,-0.05728578567504883
1991-06-05,3.3125,3.3125,3.1875,3.1875,2.9215686321258545,-0.1516473753799148,-0.9708679018881616,-0.0286426544189453,-0.028642654418945312
1991-06-06,3.25,3.25,3.1875,3.25,2.978853940963745,-0.8807660112745517,1.9607723127903265,0.0572853088378906,0.057285308837890625
1991-06-07,3.1875,3.1875,3.03125,3.15625,2.89292573928833,0.1246025425677425,-2.884606072616469,-0.085928201675415,-0.08592820167541504
1991-06-10,3.03125,3.15625,3.03125,3.15625,2.89292573928833,-0.6543316523010619,0.0,0.0,0.0
1991-06-11,3.09375,3.15625,3.09375,3.15625,2.89292573928833,-0.8807660112745517,0.0,0.0,0.0
1991-06-12,3.09375,3.09375,2.90625,3.0,2.749711513519287,0.4551967066690374,-4.950497823849231,-0.1432142257690429,-0.14321422576904297
1991-06-13,2.9375,3.0,2.9375,2.96875,2.721068859100342,-0.9668110676844776,-1.0416603442986785,-0.0286426544189453,-0.028642654418945312
1991-06-14,3.0,3.0,3.0,3.0,2.749711513519287,-0.9215241958897796,1.0526251227767736,0.0286426544189453,0.028642654418945312
1991-06-17,2.9375,2.96875,2.65625,2.8125,2.577854633331299,3.6886793528104698,-6.249996748496467,-0.1718568801879882,-0.17185688018798828
1991-06-18,2.71875,2.8125,2.71875,2.78125,2.549211502075196,0.0113853630809976,-1.1111228261575068,-0.028643131256103,-0.028643131256102627
1991-06-19,2.75,2.8125,2.71875,2.75,2.52056884765625,-0.7494340830699276,-1.1235887801239408,-0.0286426544189457,-0.0286426544189462
1991-06-20,2.75,2.84375,2.71875,2.78125,2.549211502075196,0.1110164810293331,1.1363567571494482,0.0286426544189457,0.0286426544189462
1991-06-21,2.84375,2.84375,2.84375,2.84375,2.606497287750244,-0.9532250061460684,2.247196265528162,0.0572857856750483,0.05728578567504794
1991-06-24,2.8125,2.8125,2.71875,2.71875,2.4919259548187256,-0.7720775189672766,-4.395605300261374,-0.1145713329315185,-0.11457133293151855
1991-06-28,2.0625,2.15625,2.0625,2.15625,1.9763553142547607,2.6470813015324173,-20.68964527485208,-0.5155706405639648,-0.5155706405639648
1991-07-02,2.0625,2.15625,2.03125,2.09375,1.9190698862075808,4.082675137424342,-2.898538923340366,-0.0572854280471799,-0.057285428047179954
1991-07-03,2.0625,2.0625,1.9375,1.9375,1.7758554220199585,1.211487465640493,-7.462701864945586,-0.1432144641876223,-0.1432144641876223
1991-07-05,1.9375,2.0,1.90625,2.0,1.833140850067139,0.5910573220531312,3.225793459133097,0.0572854280471804,0.0572854280471804
1991-07-08,1.9375,1.9375,1.8125,1.875,1.7185699939727783,3.0863639579409874,-6.249975613721359,-0.1145708560943605,-0.11457085609436057
1991-07-09,1.96875,1.96875,1.875,1.96875,1.8044981956481927,1.1979014041020837,4.999982658650781,0.0859282016754148,0.08592820167541437
1991-07-10,1.875,2.0625,1.875,2.0,1.833140850067139,1.5103808194854993,1.5872919401095364,0.0286426544189457,0.0286426544189462
1991-07-11,2.03125,2.0625,1.9375,2.03125,1.8617843389511108,-0.5184710369169682,1.5625361729799891,0.0286434888839719,0.028643488883971946
1991-07-17,1.90625,2.0,1.90625,2.0,1.833140850067139,0.5276557015405542,-1.5384966069759254,-0.0286434888839719,-0.028643488883971946
1991-07-18,1.9375,2.0,1.84375,1.84375,1.6899266242980957,0.9216514861544262,-7.812505283693715,-0.1432142257690432,-0.1432142257690432
1991-07-19,1.875,1.9375,1.875,1.875,1.7185699939727783,0.6454015682067687,1.6949475357594057,0.0286433696746826,0.028643369674682617
1991-07-22,1.875,1.9375,1.875,1.875,1.7185699939727783,-0.7177332728136391,0.0,0.0,0.0
1991-07-23,1.96875,2.09375,1.96875,2.0,1.833140850067139,5.472982101521569,6.666638920507961,0.1145708560943605,0.11457085609436057
1991-07-24,2.0,2.09375,2.0,2.0625,1.890426993370056,2.60179442973772,3.125026824906496,0.057286143302917,0.057286143302917036
1991-07-25,2.09375,2.09375,1.96875,2.0,1.833140850067139,1.3292333323067076,-3.0303282540836585,-0.057286143302917,-0.057286143302917036
1991-07-26,1.96875,2.0,1.90625,2.0,1.833140850067139,1.754929927176868,0.0,0.0,0.0
1991-07-29,2.0,2.0,1.9375,1.9375,1.7758554220199585,-0.6860324625573505,-3.12498780686068,-0.0572854280471804,-0.0572854280471804
1991-07-30,1.9375,2.03125,1.9375,2.03125,1.8617843389511108,0.5050122656432052,4.838733821777663,0.0859289169311523,0.08592891693115234
1991-07-31,1.96875,2.03125,1.96875,1.984375,1.818819761276245,-0.2965653651229483,-2.30770969418892,-0.0429645776748659,-0.042964577674865945
1991-08-01,2.0,2.0,1.90625,1.921875,1.7615342140197754,1.7504012399973985,-3.149600003041142,-0.0572855472564695,-0.057285547256469505
1991-08-02,1.96875,1.96875,1.84375,1.90625,1.747212529182434,-0.1290039394825659,-0.8130233703868672,-0.0143216848373413,-0.014321684837341309
1991-08-05,1.90625,1.921875,1.84375,1.84375,1.6899266242980957,-0.8309504523003839,-3.278702729492444,-0.0572859048843383,-0.05728590488433838
1991-08-06,1.8125,1.875,1.59375,1.75,1.6039984226226809,3.6298064194773625,-5.084729741511984,-0.0859282016754148,-0.08592820167541482
1991-08-07,1.6875,1.75,1.6875,1.75,1.6039984226226809,0.0838443579525144,0.0,0.0,0.0
1991-08-08,1.75,1.8125,1.71875,1.71875,1.5753555297851562,2.0764667169192235,-1.7857182671471072,-0.0286428928375246,-0.028642892837524636
1991-08-09,1.78125,1.78125,1.71875,1.78125,1.6326411962509155,-0.1878768728156732,3.6363643242850463,0.0572856664657592,0.05728566646575928
1991-08-12,1.78125,1.78125,1.71875,1.75,1.6039984226226809,1.4877373835881502,-1.7543826343478286,-0.0286427736282346,-0.02864277362823464
1991-08-14,1.375,1.40625,1.28125,1.375,1.260284423828125,2.2349707682006663,-21.42857461371769,-0.3437139987945559,-0.3437139987945559
1991-08-15,1.40625,1.40625,1.3125,1.34375,1.231641411781311,2.556507557943021,-2.272741891057461,-0.0286430120468139,-0.028643012046813965
1991-08-16,1.3125,1.375,1.21875,1.265625,1.1600346565246582,5.5046829117778575,-5.813928840951254,-0.0716067552566528,-0.07160675525665283
1991-08-19,1.15625,1.25,1.125,1.1875,1.0884274244308472,0.1925328502597894,-6.172852827374897,-0.071607232093811,-0.07160723209381104
1991-08-20,1.25,1.28125,1.21875,1.25,1.145713210105896,0.5774712605147219,5.263170000058048,0.0572857856750488,0.05728578567504883
1991-08-21,1.21875,1.28125,1.21875,1.28125,1.1743558645248413,-0.2422211189693107,2.4999846529043523,0.0286426544189453,0.028642654418945312
1991-08-22,1.28125,1.28125,1.25,1.28125,1.1743558645248413,0.0113853630809976,0.0,0.0,0.0
1991-08-23,1.28125,1.28125,1.1875,1.1875,1.0884274244308472,3.3218556912734165,-7.317069952110455,-0.0859284400939941,-0.08592844009399414
1991-08-26,1.28125,1.28125,1.1875,1.28125,1.1743558645248413,1.6100119374338346,7.89473309522013,0.0859284400939941,0.08592844009399414
1991-08-27,1.28125,1.28125,1.1875,1.21875,1.117070198059082,0.6001146964120708,-4.878050018419056,-0.0572856664657592,-0.05728566646575928
1991-08-28,1.1875,1.28125,1.1875,1.1875,1.0884274244308472,-0.7449053958904578,-2.56409791237846,-0.0286427736282348,-0.028642773628234863
1991-08-29,1.28125,1.4375,1.25,1.4375,1.3175700902938845,0.2197049733366082,21.05263619049833,0.2291426658630373,0.22914266586303733
1991-08-30,1.4375,1.5625,1.40625,1.5625,1.4321410655975342,0.7088031887193459,8.695626604433215,0.1145709753036496,0.11457097530364968
1991-09-03,1.5625,1.5625,1.40625,1.40625,1.2889273166656494,-0.2829793035845389,-9.999975028446762,-0.1432137489318847,-0.14321374893188477
1991-09-04,1.40625,1.46875,1.34375,1.375,1.260284423828125,-0.1833481856362034,-2.2222271548733463,-0.0286428928375244,-0.028642892837524414
1991-09-05,1.34375,1.40625,1.34375,1.34375,1.231641411781311,3.620749045118423,-2.272741891057461,-0.0286430120468139,-0.028643012046813965
1991-09-06,1.40625,1.5,1.390625,1.40625,1.2889273166656494,3.1905237630687924,4.6511837241235865,0.0572859048843383,0.05728590488433838
1991-09-09,1.421875,1.46875,1.375,1.4375,1.3175700902938845,-0.3101514266613576,2.2222179061525127,0.028642773628235,0.028642773628235085
1991-09-10,1.4375,1.4375,1.375,1.375,1.260284423828125,0.8763646143597282,-4.347826873709759,-0.0572856664657595,-0.0572856664657595
1991-09-11,1.40625,1.4375,1.375,1.40625,1.2889273166656494,0.2785779066697155,2.272732432137925,0.0286428928375244,0.028642892837524414
1991-09-12,1.46875,1.46875,1.46875,1.46875,1.3462131023406982,-0.8581225753772027,4.444454309746693,0.0572857856750488,0.05728578567504883
1991-09-13,1.40625,1.46875,1.40625,1.46875,1.3462131023406982,-0.8354791394798537,0.0,0.0,0.0
1991-09-16,1.46875,1.46875,1.4375,1.46875,1.3462131023406982,5.364293609214293,0.0,0.0,0.0
1991-09-17,1.46875,1.46875,1.375,1.46875,1.3462131023406982,-0.9215241958897796,0.0,0.0,0.0
1991-09-18,1.40625,1.40625,1.375,1.375,1.260284423828125,-0.6815037753778808,-6.38299228875181,-0.0859286785125732,-0.08592867851257324
1991-09-19,1.46875,1.5,1.40625,1.5,1.3748557567596436,-0.6362169035831827,9.09091081071265,0.1145713329315185,0.11457133293151855
1991-09-20,1.5,1.5,1.453125,1.46875,1.3462131023406982,2.0040077220477066,-2.083320688597345,-0.0286426544189453,-0.028642654418945312
1991-09-23,1.453125,1.46875,1.34375,1.40625,1.2889273166656494,1.3065898964093587,-4.255328192501207,-0.0572857856750488,-0.05728578567504883
1991-09-24,1.46875,1.6875,1.4375,1.6875,1.5467127561569214,1.3473480810245868,19.99999815025584,0.257785439491272,0.257785439491272
1991-09-25,1.6875,1.71875,1.625,1.6875,1.5467127561569214,2.823700101531739,0.0,0.0,0.0
1991-09-26,1.6875,1.78125,1.6875,1.78125,1.6326411962509155,0.7812621835908626,5.55555255828486,0.0859284400939941,0.08592844009399414
1991-09-27,1.78125,1.78125,1.6875,1.78125,1.6326411962509155,0.7042745015398761,0.0,0.0,0.0
1991-09-30,1.6875,1.78125,1.6875,1.6875,1.5467127561569214,-0.7086758984546995,-5.263155204665559,-0.0859284400939941,-0.08592844009399414
1991-10-01,1.78125,1.78125,1.6875,1.6875,1.5467127561569214,-0.6588603394805318,0.0,0.0,0.0
1991-10-02,1.65625,1.6875,1.59375,1.59375,1.4607843160629272,1.6960569938437606,-5.55555255828486,-0.0859284400939941,-0.08592844009399414
1991-10-03,1.625,1.65625,1.5625,1.5625,1.4321410655975342,0.948823609231245,-1.960813115969895,-0.028643250465393,-0.028643250465393066
1991-10-04,1.625,1.625,1.5625,1.59375,1.4607843160629272,-0.8717086369156121,2.000029965863881,0.028643250465393,0.028643250465393066
1991-10-07,1.625,1.625,1.5625,1.5625,1.4321410655975342,-0.7947209548646256,-1.960813115969895,-0.028643250465393,-0.028643250465393066
1991-10-08,1.59375,1.625,1.46875,1.5,1.3748557567596436,1.0892129117948086,-3.999976693216978,-0.0572853088378906,-0.057285308837890625
1991-10-09,1.5625,1.5625,1.46875,1.46875,1.3462131023406982,-0.5501718471732567,-2.083320688597345,-0.0286426544189453,-0.028642654418945312
1991-10-10,1.53125,1.53125,1.5,1.515625,1.3891772031784058,-0.6633890266600015,3.191478434061046,0.0429641008377075,0.04296410083770752
1991-10-11,1.5625,1.5625,1.46875,1.5625,1.4321410655975342,-0.3282661753792368,3.0927560804214327,0.0429638624191284,0.04296386241912842
1991-10-14,1.59375,1.625,1.53125,1.625,1.4894269704818726,-0.9260528830692496,4.000018312472364,0.0572859048843383,0.05728590488433838
1991-10-15,1.5625,1.65625,1.5625,1.625,1.4894269704818726,-0.8264217651209141,0.0,0.0,0.0
1991-10-16,1.59375,1.75,1.59375,1.75,1.6039984226226809,0.5185983271816146,7.692317543017313,0.1145714521408083,0.11457145214080833
1991-10-17,1.6875,1.84375,1.6875,1.8125,1.66128408908844,0.7812621835908626,3.571429102286272,0.057285666465759,0.057285666465759055
1991-10-18,1.8125,1.875,1.8125,1.875,1.7185699939727783,-0.763020144608337,3.448290708410484,0.0572859048843383,0.05728590488433838
1991-10-21,1.875,1.90625,1.8125,1.8125,1.66128408908844,0.3827377117975207,-3.333347206412696,-0.0572859048843383,-0.05728590488433838
1991-10-22,1.875,1.9375,1.8125,1.84375,1.6899266242980957,0.3057500297465342,1.7241202391441668,0.0286425352096557,0.02864253520965576
1991-10-23,1.9375,2.0625,1.90625,2.0625,1.890426993370056,1.6824709323053513,11.86444228933532,0.2005003690719602,0.20050036907196023
1991-10-24,2.15625,2.1875,2.015625,2.015625,1.847462773323059,1.7594586143563378,-2.2727256962409736,-0.0429642200469968,-0.04296422004699685
1991-10-25,2.0625,2.09375,2.0,2.03125,1.8617843389511108,-0.7811348933262162,0.7752018516882675,0.0143215656280517,0.014321565628051758
1991-10-28,2.015625,2.0625,2.0,2.0,1.833140850067139,0.8808933015391981,-1.5384966069759254,-0.0286434888839719,-0.028643488883971946
1991-10-29,2.0,2.0625,2.0,2.0,1.833140850067139,-0.9351102574281892,0.0,0.0,0.0
1991-10-30,2.0625,2.0625,1.90625,1.96875,1.8044981956481927,-0.4460120420454515,-1.5624906519265402,-0.0286426544189457,-0.0286426544189462
1991-10-31,1.9375,1.96875,1.90625,1.90625,1.747212529182434,-0.1788194984567336,-3.1746036989070747,-0.057285666465759,-0.05728566646575861
1991-11-01,1.90625,1.96875,1.875,1.96875,1.8044981956481927,-0.0882457548673377,3.278689083838282,0.057285666465759,0.05728566646575861
1991-11-04,1.875,1.9375,1.875,1.875,1.7185699939727783,-0.4867702266606796,-4.761889032787236,-0.0859282016754148,-0.08592820167541437
1991-11-05,1.9375,1.9375,1.875,1.875,1.7185699939727783,-0.8671799497361422,0.0,0.0,0.0
1991-11-06,1.90625,1.90625,1.84375,1.84375,1.6899266242980957,-0.1063605035852169,-1.6666978810952249,-0.0286433696746826,-0.028643369674682617
1991-11-07,1.84375,1.90625,1.84375,1.90625,1.747212529182434,-0.9441676317871288,3.3898456927460963,0.0572859048843383,0.05728590488433838
1991-11-08,1.875,1.875,1.84375,1.859375,1.704248309135437,0.9125941117954868,-2.459015107171947,-0.042964220046997,-0.04296422004699707
1991-11-11,1.84375,1.90625,1.84375,1.84375,1.6899266242980957,-0.4097825446096931,-0.8403520050788038,-0.0143216848373413,-0.014321684837341309
1991-11-12,1.8125,1.8125,1.8125,1.8125,1.66128408908844,-0.9577536933255382,-1.6948981569866906,-0.0286425352096557,-0.02864253520965576
1991-11-13,1.8125,1.84375,1.78125,1.828125,1.6756054162979126,0.4053811476948697,0.8620637074379545,0.0143213272094726,0.014321327209472656
1991-11-14,1.78125,1.796875,1.78125,1.78125,1.6326411962509155,-0.2648645548666597,-2.564101287158782,-0.042964220046997,-0.04296422004699707
1991-11-15,1.8125,1.8125,1.71875,1.75,1.6039984226226809,-0.5320570984553775,-1.7543826343478286,-0.0286427736282346,-0.02864277362823464
1991-11-18,1.78125,1.8125,1.71875,1.8125,1.66128408908844,-0.8218930779414443,3.571429102286272,0.057285666465759,0.057285666465759055
1991-11-19,1.71875,1.8125,1.71875,1.71875,1.5753555297851562,0.2514057835928967,-5.172418123286393,-0.0859285593032836,-0.08592855930328369
1991-11-20,1.75,1.75,1.75,1.75,1.6039984226226809,-0.939638944607659,1.8181859457103489,0.0286428928375246,0.028642892837524636
1991-11-21,1.734375,1.75,1.71875,1.75,1.6039984226226809,0.8220203682060907,0.0,0.0,0.0
1991-11-22,1.8125,1.8125,1.75,1.75,1.6039984226226809,-0.2241063702514315,0.0,0.0,0.0
1991-11-25,1.71875,1.75,1.53125,1.5625,1.4321410655975342,0.2831065938491853,-10.714309602882564,-0.1718573570251467,-0.1718573570251467
1991-11-26,1.5625,1.59375,1.5,1.5,1.3748557567596436,-0.3373235497381764,-3.999976693216978,-0.0572853088378906,-0.057285308837890625
1991-11-27,1.46875,1.53125,1.46875,1.46875,1.3462131023406982,-0.1063605035852169,-2.083320688597345,-0.0286426544189453,-0.028642654418945312
1991-11-29,1.5625,1.5625,1.53125,1.53125,1.4034985303878784,-0.894352072812961,4.255301627028918,0.0572854280471801,0.057285428047180176
1991-12-02,1.5,1.5625,1.5,1.5,1.3748557567596436,-0.939638944607659,-2.040812513021939,-0.0286427736282348,-0.028642773628234863
1991-12-03,1.53125,1.5625,1.5,1.5,1.3748557567596436,-0.7132045856341692,0.0,0.0,0.0
1991-12-04,1.5,1.53125,1.5,1.515625,1.3891772031784058,-0.5818726574295453,1.0416690149747776,0.0143214464187622,0.014321446418762207
1991-12-05,1.5,1.5625,1.4375,1.4375,1.3175700902938845,-0.1018318164057471,-5.154642094664796,-0.0716071128845212,-0.07160711288452126
1991-12-06,1.4375,1.4375,1.4375,1.4375,1.3175700902938845,-0.9939831907612964,0.0,0.0,0.0
1991-12-09,1.4375,1.53125,1.40625,1.4375,1.3175700902938845,-0.192405559995143,0.0,0.0,0.0
1991-12-10,1.40625,1.40625,1.375,1.40625,1.2889273166656494,-0.8852946984540214,-2.173908913023848,-0.028642773628235,-0.028642773628235085
1991-12-11,1.34375,1.40625,1.3125,1.40625,1.2889273166656494,-0.3146801138408274,0.0,0.0,0.0
1991-12-12,1.40625,1.40625,1.3125,1.40625,1.2889273166656494,-0.5547005343527265,0.0,0.0,0.0
1991-12-13,1.40625,1.5625,1.40625,1.5625,1.4321410655975342,4.707633968191174,11.111080282041597,0.1432137489318847,0.14321374893188477
1991-12-16,1.5625,1.65625,1.53125,1.65625,1.5180699825286863,0.2785779066697155,6.000031630634095,0.0859289169311521,0.08592891693115212
1991-12-17,1.625,1.6875,1.625,1.625,1.4894269704818726,-0.1742908112772638,-1.886804454107072,-0.0286430120468137,-0.028643012046813743
1991-12-18,1.78125,1.78125,1.71875,1.75,1.6039984226226809,3.0139049630694705,7.692317543017313,0.1145714521408083,0.11457145214080833
1991-12-19,1.6875,1.71875,1.5625,1.5625,1.4321410655975342,0.9125941117954868,-10.714309602882564,-0.1718573570251467,-0.1718573570251467
1991-12-20,1.5625,1.65625,1.5625,1.65625,1.5180699825286863,-0.1244752523030961,6.000031630634095,0.0859289169311521,0.08592891693115212
1991-12-23,1.640625,1.640625,1.59375,1.59375,1.4607843160629272,-0.7584914574288673,-3.7735853501520977,-0.057285666465759,-0.057285666465759055
1991-12-24,1.59375,1.65625,1.59375,1.625,1.4894269704818726,-0.91699550871031,1.9607723127903265,0.0286426544189453,0.028642654418945312
1991-12-26,1.59375,1.59375,1.59375,1.59375,1.4607843160629272,-0.9985118779407662,-1.923065379276612,-0.0286426544189453,-0.028642654418945312
1991-12-27,1.59375,1.59375,1.53125,1.59375,1.4607843160629272,-0.2105203087130222,0.0,0.0,0.0
1991-12-30,1.59375,1.625,1.53125,1.625,1.4894269704818726,1.0892129117948086,1.9607723127903265,0.0286426544189453,0.028642654418945312
1992-01-02,1.65625,1.75,1.59375,1.75,1.6039984226226809,0.4733114553869166,7.692317543017313,0.1145714521408083,0.11457145214080833
1992-01-03,1.65625,1.8125,1.65625,1.8125,1.66128408908844,-0.1516473753799148,3.571429102286272,0.057285666465759,0.057285666465759055
1992-01-06,1.71875,1.875,1.71875,1.8125,1.66128408908844,0.1880041630803196,0.0,0.0,0.0
1992-01-07,1.75,1.8125,1.625,1.71875,1.5753555297851562,1.3881062656398149,-5.172418123286393,-0.0859285593032836,-0.08592855930328369
1992-01-08,1.71875,1.75,1.6875,1.71875,1.5753555297851562,-0.7766062061467464,0.0,0.0,0.0
1992-01-09,1.75,1.75,1.75,1.75,1.6039984226226809,-0.894352072812961,1.8181859457103489,0.0286428928375246,0.028642892837524636
1992-01-10,1.71875,1.71875,1.65625,1.71875,1.5753555297851562,-0.7313193343520484,-1.7857182671471072,-0.0286428928375246,-0.028642892837524636
1992-01-13,1.65625,1.71875,1.65625,1.71875,1.5753555297851562,-0.3916677958918139,0.0,0.0,0.0
1992-01-14,1.71875,1.78125,1.65625,1.78125,1.6326411962509155,-0.1290039394825659,3.6363643242850463,0.0572856664657592,0.05728566646575928
1992-01-15,1.71875,1.78125,1.71875,1.71875,1.5753555297851562,2.126282275893391,-3.50877257031772,-0.0572856664657592,-0.05728566646575928
1992-01-16,1.78125,1.78125,1.71875,1.71875,1.5753555297851562,0.8356064297445002,0.0,0.0,0.0
1992-01-17,1.71875,1.78125,1.71875,1.71875,1.5753555297851562,-0.5094136625580286,0.0,0.0,0.0
1992-01-20,1.78125,1.78125,1.65625,1.65625,1.5180699825286863,0.1336599169266821,-3.6363567571494393,-0.0572855472564699,-0.05728554725646995
1992-01-21,1.71875,1.71875,1.625,1.65625,1.5180699825286863,4.4313840502435164,0.0,0.0,0.0
1992-01-22,1.65625,1.75,1.625,1.6875,1.5467127561569214,-0.2331637446103711,1.886788748732404,0.028642773628235,0.028642773628235085
1992-01-23,1.6875,1.6875,1.59375,1.59375,1.4607843160629272,-0.5728152830706057,-5.55555255828486,-0.0859284400939941,-0.08592844009399414
1992-01-24,1.5625,1.65625,1.53125,1.65625,1.5180699825286863,-0.5999874061474244,3.921569107488376,0.057285666465759,0.057285666465759055
1992-01-27,1.65625,1.65625,1.5625,1.59375,1.4607843160629272,0.4280245835922187,-3.7735853501520977,-0.057285666465759,-0.057285666465759055
1992-01-28,1.65625,1.65625,1.5625,1.65625,1.5180699825286863,-0.763020144608337,3.921569107488376,0.057285666465759,0.057285666465759055
1992-01-29,1.65625,1.78125,1.625,1.78125,1.6326411962509155,2.9731467784542427,7.547162847616895,0.1145712137222292,0.11457121372222923
1992-01-30,1.6875,1.78125,1.6875,1.78125,1.6326411962509155,-0.8535938881977329,0.0,0.0,0.0
1992-01-31,1.6875,1.78125,1.6875,1.78125,1.6326411962509155,1.4288644502550432,0.0,0.0,0.0
1992-02-03,1.78125,1.84375,1.75,1.8125,1.66128408908844,3.1769377015303832,1.75438993596988,0.0286428928375244,0.028642892837524414
1992-02-04,1.84375,1.90625,1.78125,1.90625,1.747212529182434,1.1843153425636743,5.172410947554651,0.0859284400939941,0.08592844009399414
1992-02-05,1.90625,2.0625,1.84375,2.0625,1.890426993370056,2.2213847066622567,8.196739766663397,0.1432144641876218,0.14321446418762185
1992-02-06,2.0625,2.21875,1.96875,2.09375,1.9190698862075808,0.7676761220524532,1.51515466812413,0.0286428928375248,0.028642892837524858
1992-02-07,2.0625,2.15625,2.0,2.09375,1.9190698862075808,-0.3327948625587066,0.0,0.0,0.0
1992-02-10,2.03125,2.09375,2.03125,2.03125,1.8617843389511108,-0.7494340830699276,-2.985068322325468,-0.0572855472564699,-0.05728554725646995
1992-02-11,2.0,2.09375,1.96875,2.03125,1.8617843389511108,-0.586401344609015,0.0,0.0,0.0
1992-02-13,1.9375,1.9375,1.875,1.875,1.7185699939727783,-0.7222619599931088,-7.692316557943357,-0.1432143449783325,-0.14321434497833252
1992-02-14,1.9375,1.9375,1.875,1.875,1.7185699939727783,-0.9441676317871288,0.0,0.0,0.0
1992-02-18,1.90625,1.90625,1.8125,1.8125,1.66128408908844,-0.5728152830706057,-3.333347206412696,-0.0572859048843383,-0.05728590488433838
1992-02-19,1.875,1.875,1.765625,1.78125,1.6326411962509155,-0.6588603394805318,-1.724141766339371,-0.0286428928375244,-0.028642892837524414
1992-02-20,1.8125,1.84375,1.75,1.84375,1.6899266242980957,0.047614860516756,3.508757967073617,0.0572854280471801,0.057285428047180176
1992-02-21,1.75,1.84375,1.75,1.8125,1.66128408908844,0.4053811476948697,-1.6948981569866906,-0.0286425352096557,-0.02864253520965576
1992-02-25,1.75,1.8125,1.75,1.8125,1.66128408908844,-0.5954587189679547,0.0,0.0,0.0
1992-02-26,1.8125,1.8125,1.75,1.75,1.6039984226226809,-0.7811348933262162,-3.448276356947,-0.057285666465759,-0.057285666465759055
1992-02-27,1.75,1.8125,1.75,1.8125,1.66128408908844,0.1744181015419102,3.571429102286272,0.057285666465759,0.057285666465759055
1992-02-28,1.75,1.8125,1.75,1.75,1.6039984226226809,-0.9985118779407662,-3.448276356947,-0.057285666465759,-0.057285666465759055
1992-03-02,1.75,1.75,1.75,1.75,1.6039984226226809,-0.9713397548639476,0.0,0.0,0.0
1992-03-03,1.75,1.78125,1.75,1.78125,1.6326411962509155,-0.6679177138394713,1.7857108351391648,0.0286427736282346,0.02864277362823464
1992-03-04,1.8125,1.8125,1.75,1.75,1.6039984226226809,-0.7086758984546995,-1.7543826343478286,-0.0286427736282346,-0.02864277362823464
1992-03-05,1.75,1.8125,1.6875,1.6875,1.5467127561569214,0.4416106451306281,-3.5714291022862943,-0.0572856664657595,-0.0572856664657595
1992-03-06,1.6875,1.71875,1.625,1.65625,1.5180699825286863,-0.6815037753778808,-1.851848283672464,-0.028642773628235,-0.028642773628235085
1992-03-09,1.625,1.625,1.15625,1.34375,1.231641411781311,4.155134132295859,-18.867942456135268,-0.2864285707473752,-0.28642857074737527
1992-03-11,1.28125,1.34375,1.25,1.28125,1.1743558645248413,0.5774712605147219,-4.651154687436032,-0.0572855472564697,-0.05728554725646973
1992-03-12,1.34375,1.34375,1.25,1.25,1.145713210105896,-0.0203154471752908,-2.439009782655144,-0.0286426544189453,-0.028642654418945312
1992-03-13,1.34375,1.34375,1.25,1.34375,1.231641411781311,-0.4097825446096931,7.499974768334283,0.085928201675415,0.08592820167541504
1992-03-16,1.34375,1.34375,1.25,1.34375,1.231641411781311,-0.3599669856355253,0.0,0.0,0.0
1992-03-17,1.328125,1.34375,1.25,1.25,1.145713210105896,-0.5365857856348473,-6.976722352258191,-0.085928201675415,-0.08592820167541504
1992-03-18,1.34375,1.34375,1.25,1.34375,1.231641411781311,-0.4641267907633306,7.499974768334283,0.085928201675415,0.08592820167541504
1992-03-19,1.25,1.34375,1.25,1.25,1.145713210105896,-0.7222619599931088,-6.976722352258191,-0.085928201675415,-0.08592820167541504
1992-03-20,1.296875,1.34375,1.28125,1.296875,1.1886773109436035,-0.5456431599937869,3.7499873841671416,0.0429641008377075,0.04296410083770752
1992-03-23,1.328125,1.328125,1.25,1.25,1.145713210105896,-0.7358480215315183,-3.614446110997227,-0.0429641008377075,-0.04296410083770752
1992-03-24,1.25,1.34375,1.25,1.25,1.145713210105896,-0.894352072812961,0.0,0.0,0.0
1992-03-25,1.28125,1.28125,1.125,1.25,1.145713210105896,4.150605445116389,0.0,0.0,0.0
1992-03-26,1.28125,1.28125,1.234375,1.234375,1.1313918828964231,0.5548278246173729,-1.2499923264521984,-0.0143213272094728,-0.014321327209472878
1992-03-27,1.28125,1.28125,1.15625,1.15625,1.0597845315933228,3.253925383581369,-6.329137797929196,-0.0716073513031003,-0.07160735130310036
1992-03-30,1.25,1.25,1.15625,1.15625,1.0597845315933228,-0.894352072812961,0.0,0.0,0.0
1992-03-31,1.15625,1.21875,1.125,1.21875,1.117070198059082,0.6318155066683594,5.40540692546565,0.0572856664657592,0.05728566646575928
1992-04-01,1.125,1.21875,1.125,1.21875,1.117070198059082,-0.9215241958897796,0.0,0.0,0.0
1992-04-02,1.21875,1.21875,1.125,1.125,1.0311418771743774,-0.7449053958904578,-7.692293737135381,-0.0859283208847045,-0.08592832088470459
1992-04-03,1.21875,1.21875,1.125,1.1875,1.0884274244308472,-0.1516473753799148,5.555544636927023,0.0572855472564697,0.05728554725646973
1992-04-06,1.21875,1.21875,1.125,1.21875,1.117070198059082,3.2810975066581887,2.631574047595553,0.0286427736282348,0.028642773628234863
1992-04-07,1.125,1.1875,1.0625,1.0625,0.9738559722900392,2.4432903784562767,-12.82052157669936,-0.1432142257690428,-0.14321422576904286
1992-04-08,1.09375,1.15625,1.09375,1.125,1.0311418771743774,-0.0837170676878679,5.882379583259056,0.0572859048843382,0.05728590488433827
1992-04-09,1.15625,1.15625,1.09375,1.09375,1.0024991035461426,-0.6950898369162901,-2.777772318463512,-0.0286427736282348,-0.028642773628234863
1992-04-10,1.09375,1.15625,1.09375,1.09375,1.0024991035461426,-0.8581225753772027,0.0,0.0,0.0
1992-04-13,1.09375,1.15625,1.09375,1.15625,1.0597845315933228,-0.9939831907612964,5.714262271611448,0.0572854280471801,0.057285428047180176
1992-04-14,1.15625,1.15625,1.09375,1.09375,1.0024991035461426,0.201590224618729,-5.405384428573889,-0.0572854280471801,-0.057285428047180176
1992-04-15,1.15625,1.15625,0.96875,1.0,0.9165704250335692,5.753760706648696,-8.571446917869318,-0.0859286785125733,-0.08592867851257335
1992-04-20,1.09375,1.09375,0.96875,0.96875,0.8879277110099792,0.0566722348756956,-3.1249878068606574,-0.0286427140235899,-0.028642714023589977
1992-04-21,0.96875,1.0625,0.96875,0.96875,0.8879277110099792,1.1616719066663252,0.0,0.0,0.0
1992-04-22,1.0625,1.0625,0.96875,0.96875,0.8879277110099792,-0.9486963189665986,0.0,0.0,0.0
1992-04-23,1.09375,1.09375,0.96875,0.96875,0.8879277110099792,-0.0973031292262773,0.0,0.0,0.0
1992-04-24,1.09375,1.09375,0.96875,1.09375,1.0024991035461426,-0.1335326266620357,12.9032342515635,0.1145713925361633,0.11457139253616333
1992-04-27,0.96875,0.96875,0.96875,0.96875,0.8879277110099792,-0.9849258164023568,-11.428578053675032,-0.1145713925361633,-0.11457139253616333
1992-04-28,0.96875,1.09375,0.96875,1.015625,0.9308921694755554,0.0657296092346352,4.838733821777663,0.0429644584655761,0.04296445846557617
1992-04-29,1.09375,1.09375,0.96875,1.09375,1.0024991035461426,-0.939638944607659,7.692290946106994,0.0716069340705871,0.07160693407058716
1992-04-30,1.09375,1.09375,1.0625,1.09375,1.0024991035461426,-0.6407455907626526,0.0,0.0,0.0
1992-05-01,1.0625,1.0625,0.921875,0.96875,0.8879277110099792,4.272879998962074,-11.428578053675032,-0.1145713925361633,-0.11457139253616333
1992-05-05,0.9375,0.9375,0.875,0.9375,0.8592849969863892,-0.7041472112752297,-3.225793459133086,-0.02864271402359,-0.028642714023590088
1992-05-07,0.875,0.9375,0.875,0.90625,0.83064204454422,-0.0474875702521096,-3.333347206412696,-0.0286429524421691,-0.02864295244216919
1992-05-08,0.875,0.9375,0.875,0.90625,0.83064204454422,0.1834754759008498,0.0,0.0,0.0
1992-05-11,0.90625,0.9375,0.875,0.90625,0.83064204454422,2.2259133938417266,0.0,0.0,0.0
1992-05-12,0.9375,0.9375,0.875,0.90625,0.83064204454422,1.1797866553842045,0.0,0.0,0.0
1992-05-13,0.9375,0.96875,0.875,0.96875,0.8879277110099792,1.537552942562318,6.896552713894022,0.0572856664657592,0.05728566646575928
1992-05-14,0.96875,0.96875,0.875,0.875,0.8019992113113403,-0.8173643907619745,-9.677420654086689,-0.0859284996986389,-0.08592849969863892
1992-05-18,0.96875,0.96875,0.875,0.90625,0.83064204454422,2.198741270764908,3.571429102286272,0.0286428332328796,0.02864283323287964
1992-05-19,1.0,1.0,0.9375,1.0,0.9165704250335692,4.300052122038892,10.34481471937756,0.0859283804893492,0.08592838048934925
1992-05-20,1.0,1.0,0.9375,0.984375,0.9022490978240968,-0.5048849753785588,-1.5624906519264958,-0.0143213272094724,-0.014321327209472434
1992-05-21,0.9375,1.0,0.9375,0.96875,0.8879277110099792,0.0883730451319841,-1.5872985463388778,-0.0143213868141175,-0.014321386814117543
1992-05-22,1.0,1.0,0.90625,1.0,0.9165704250335692,1.7685159887152777,3.225793459133075,0.0286427140235899,0.028642714023589977
1992-05-26,1.0,1.0,0.90625,0.9375,0.8592849969863892,-0.6633890266600015,-6.249975613721337,-0.05728542804718,-0.057285428047180065
1992-05-27,0.875,0.96875,0.875,0.9375,0.8592849969863892,2.746712419480753,0.0,0.0,0.0
1992-05-28,0.96875,0.96875,0.875,0.890625,0.8163205981254578,0.8718359271802585,-5.000017341349194,-0.0429643988609313,-0.042964398860931396
1992-05-29,0.96875,0.96875,0.875,0.96875,0.8879277110099792,-0.8037783292235652,8.771935076605342,0.0716071128845214,0.07160711288452148
1992-06-01,0.875,0.96875,0.875,0.96875,0.8879277110099792,-0.4460120420454515,0.0,0.0,0.0
1992-06-02,0.96875,1.03125,0.96875,1.03125,0.945213496685028,-0.2014629343540826,6.45162719495358,0.0572857856750487,0.05728578567504872
1992-06-03,0.9375,1.03125,0.9375,0.9375,0.8592849969863892,0.0430861733372862,-9.090909090909085,-0.0859284996986388,-0.0859284996986388
1992-06-04,1.0,1.0,0.90625,0.96875,0.8879277110099792,-0.7766062061467464,3.333319460253969,0.02864271402359,0.028642714023590088
1992-06-05,0.96875,0.96875,0.90625,0.90625,0.83064204454422,-0.8807660112745517,-6.451613769391129,-0.0572856664657592,-0.05728566646575928
1992-06-08,0.96875,0.96875,0.90625,0.9375,0.8592849969863892,-0.5139423497374983,3.448290708410484,0.0286429524421691,0.02864295244216919
1992-06-09,0.90625,0.96875,0.90625,0.90625,0.83064204454422,-0.5728152830706057,-3.333347206412696,-0.0286429524421691,-0.02864295244216919
1992-06-10,0.96875,0.96875,0.90625,0.921875,0.8449633121490479,-0.3826104215328743,1.7241202391441668,0.0143212676048278,0.01432126760482788
1992-06-11,0.90625,0.96875,0.90625,0.96875,0.8879277110099792,3.1950524502482622,5.084765012063941,0.0429643988609313,0.042964398860931396
1992-06-12,0.96875,0.96875,0.90625,0.96875,0.8879277110099792,-0.9441676317871288,0.0,0.0,0.0
1992-06-15,0.96875,0.96875,0.9375,0.96875,0.8879277110099792,-0.6226308420447734,0.0,0.0,0.0
1992-06-16,0.90625,1.0,0.90625,0.90625,0.83064204454422,-0.9486963189665986,-6.451613769391129,-0.0572856664657592,-0.05728566646575928
1992-06-17,0.90625,1.0,0.90625,1.0,0.9165704250335692,0.0068566759015279,10.34481471937756,0.0859283804893492,0.08592838048934925
1992-06-18,0.9375,0.96875,0.9375,0.96875,0.8879277110099792,-0.1788194984567336,-3.1249878068606574,-0.0286427140235899,-0.028642714023589977
1992-06-19,0.9375,1.0,0.90625,0.96875,0.8879277110099792,-0.8762373240950818,0.0,0.0,0.0
1992-06-22,0.96875,0.96875,0.90625,0.90625,0.83064204454422,-0.5139423497374983,-6.451613769391129,-0.0572856664657592,-0.05728566646575928
1992-06-23,0.90625,0.90625,0.90625,0.90625,0.83064204454422,-0.9939831907612964,0.0,0.0,0.0
1992-06-24,0.90625,0.9375,0.90625,0.9375,0.8592849969863892,-0.8852946984540214,3.448290708410484,0.0286429524421691,0.02864295244216919
1992-06-25,0.90625,0.9375,0.875,0.90625,0.83064204454422,-0.0022006984574116,-3.333347206412696,-0.0286429524421691,-0.02864295244216919
1992-06-26,0.875,0.90625,0.84375,0.84375,0.7733563780784607,0.6227581323094198,-6.8965527138940335,-0.0572856664657592,-0.05728566646575928
1992-06-29,0.9375,0.9375,0.875,0.875,0.8019992113113403,-0.6815037753778808,3.703704274612418,0.0286428332328796,0.02864283323287964
1992-06-30,0.90625,0.9375,0.875,0.9375,0.8592849969863892,-0.8445365138387932,7.142873068588362,0.0572857856750488,0.05728578567504883
1992-07-01,0.9375,0.9375,0.90625,0.9375,0.8592849969863892,-0.3871391087123441,0.0,0.0,0.0
1992-07-02,0.875,0.9375,0.875,0.9375,0.8592849969863892,-0.7267906471725787,0.0,0.0,0.0
1992-07-06,0.9375,0.9375,0.9375,0.9375,0.8592849969863892,-0.9758684420434172,0.0,0.0,0.0
1992-07-07,0.9375,0.9375,0.9375,0.9375,0.8592849969863892,-0.8762373240950818,0.0,0.0,0.0
1992-07-08,0.875,0.921875,0.875,0.875,0.8019992113113403,-0.1335326266620357,-6.666680539746029,-0.0572857856750488,-0.05728578567504883
1992-07-09,0.875,0.90625,0.875,0.90625,0.83064204454422,-0.962282380505008,3.571429102286272,0.0286428332328796,0.02864283323287964
1992-07-10,0.890625,0.9375,0.84375,0.875,0.8019992113113403,6.007367188699005,-3.448276356947011,-0.0286428332328796,-0.02864283323287964
1992-07-13,0.84375,0.9375,0.84375,0.859375,0.7876777648925781,-0.2648645548666597,-1.785718267147096,-0.0143214464187622,-0.014321446418762207
1992-07-14,0.84375,0.9375,0.84375,0.875,0.8019992113113403,4.757449527165341,1.8181859457103489,0.0143214464187622,0.014321446418762207
1992-07-15,0.84375,0.9375,0.84375,0.9375,0.8592849969863892,-0.0882457548673377,7.142873068588362,0.0572857856750488,0.05728578567504883
1992-07-16,0.890625,0.890625,0.875,0.875,0.8019992113113403,-0.7947209548646256,-6.666680539746029,-0.0572857856750488,-0.05728578567504883
1992-07-17,0.90625,0.90625,0.84375,0.84375,0.7733563780784607,-0.5592292215321963,-3.571429102286283,-0.0286428332328796,-0.02864283323287964
1992-07-20,0.84375,0.84375,0.84375,0.84375,0.7733563780784607,-0.9034094471719006,0.0,0.0,0.0
1992-07-21,0.84375,0.859375,0.84375,0.859375,0.7876777648925781,-0.3735530471739348,1.851848283672464,0.0143213868141174,0.014321386814117432
1992-07-22,0.84375,0.90625,0.84375,0.84375,0.7733563780784607,-0.0927744420468075,-1.81817837857472,-0.0143213868141174,-0.014321386814117432
1992-07-23,0.90625,0.90625,0.875,0.890625,0.8163205981254578,-0.7132045856341692,5.55555255828486,0.042964220046997,0.04296422004699707
1992-07-24,0.90625,0.90625,0.84375,0.84375,0.7733563780784607,-0.785663580505686,-5.263155204665559,-0.042964220046997,-0.04296422004699707
1992-07-27,0.90625,0.90625,0.875,0.875,0.8019992113113403,-0.8309504523003839,3.703704274612418,0.0286428332328796,0.02864283323287964
1992-07-28,0.84375,0.84375,0.84375,0.84375,0.7733563780784607,-0.8490652010182631,-3.571429102286283,-0.0286428332328796,-0.02864283323287964
1992-07-29,0.90625,0.90625,0.84375,0.875,0.8019992113113403,0.0838443579525144,3.703704274612418,0.0286428332328796,0.02864283323287964
1992-07-30,0.90625,0.90625,0.90625,0.90625,0.83064204454422,-1.007569252299706,3.571429102286272,0.0286428332328796,0.02864283323287964
1992-07-31,0.90625,0.90625,0.90625,0.90625,0.83064204454422,-1.0120979394791756,0.0,0.0,0.0
1992-08-03,0.84375,0.875,0.84375,0.875,0.8019992113113403,-0.9486963189665986,-3.448276356947011,-0.0286428332328796,-0.02864283323287964
1992-08-04,0.859375,0.90625,0.84375,0.84375,0.7733563780784607,-0.8852946984540214,-3.571429102286283,-0.0286428332328796,-0.02864283323287964
1992-08-05,0.84375,0.90625,0.84375,0.90625,0.83064204454422,0.7450326861551042,7.407408549224814,0.0572856664657592,0.05728566646575928
1992-08-06,0.90625,0.90625,0.90625,0.90625,0.83064204454422,-0.939638944607659,0.0,0.0,0.0
1992-08-07,0.890625,0.890625,0.890625,0.890625,0.8163205981254578,-0.785663580505686,-1.724141766339371,-0.0143214464187622,-0.014321446418762207
1992-08-10,0.84375,0.890625,0.84375,0.84375,0.7733563780784607,-0.894352072812961,-5.263155204665559,-0.042964220046997,-0.04296422004699707
1992-08-11,0.90625,0.90625,0.84375,0.859375,0.7876777648925781,3.575462173323725,1.851848283672464,0.0143213868141174,0.014321386814117432
1992-08-12,0.84375,0.84375,0.84375,0.84375,0.7733563780784607,-0.9532250061460684,-1.81817837857472,-0.0143213868141174,-0.014321386814117432
1992-08-13,0.875,0.875,0.859375,0.875,0.8019992113113403,3.0637205220436385,3.703704274612418,0.0286428332328796,0.02864283323287964
1992-08-14,0.875,0.90625,0.84375,0.859375,0.7876777648925781,-0.4731841651222702,-1.785718267147096,-0.0143214464187622,-0.014321446418762207
1992-08-17,0.90625,0.90625,0.84375,0.90625,0.83064204454422,-0.7449053958904578,5.454550269995395,0.0429642796516418,0.042964279651641846
1992-08-18,0.84375,0.875,0.84375,0.84375,0.7733563780784607,-0.8490652010182631,-6.8965527138940335,-0.0572856664657592,-0.05728566646575928
1992-08-19,0.84375,0.90625,0.84375,0.84375,0.7733563780784607,-0.8173643907619745,0.0,0.0,0.0
1992-08-20,0.84375,0.90625,0.84375,0.859375,0.7876777648925781,-0.1335326266620357,1.851848283672464,0.0143213868141174,0.014321386814117432
1992-08-21,0.875,0.875,0.84375,0.84375,0.7733563780784607,-0.0203154471752908,-1.81817837857472,-0.0143213868141174,-0.014321386814117432
1992-08-24,0.84375,0.84375,0.8125,0.84375,0.7733563780784607,-0.6996185240957599,0.0,0.0,0.0
1992-08-25,0.8125,0.828125,0.8125,0.8125,0.7447134852409363,-0.9577536933255382,-3.703711981879909,-0.0286428928375244,-0.028642892837524414
1992-08-26,0.84375,0.84375,0.8125,0.84375,0.7733563780784607,0.7857908707703324,3.8461627733594295,0.0286428928375244,0.028642892837524414
1992-08-27,0.84375,0.84375,0.8125,0.8125,0.7447134852409363,1.2431882758967816,-3.703711981879909,-0.0286428928375244,-0.028642892837524414
1992-08-28,0.828125,0.84375,0.8125,0.828125,0.7590349912643433,-0.3056227394818878,1.9230893903812607,0.0143215060234069,0.014321506023406982
1992-08-31,0.828125,0.90625,0.8125,0.875,0.8019992113113403,0.7314466246166949,5.660374098884491,0.042964220046997,0.04296422004699707
1992-09-01,0.8125,0.875,0.8125,0.828125,0.7590349912643433,0.4823688297458562,-5.357139937425471,-0.042964220046997,-0.04296422004699707
1992-09-02,0.8125,0.875,0.8125,0.8125,0.7447134852409363,-0.9758684420434172,-1.8868044541070936,-0.0143215060234069,-0.014321506023406982
1992-09-03,0.8125,0.90625,0.8125,0.890625,0.8163205981254578,2.511220686148324,9.61539092599546,0.0716071128845214,0.07160711288452148
1992-09-04,0.8125,0.90625,0.8125,0.84375,0.7733563780784607,-0.939638944607659,-5.263155204665559,-0.042964220046997,-0.04296422004699707
1992-09-08,0.828125,0.828125,0.828125,0.828125,0.7590349912643433,-1.003040565120236,-1.8518482836724528,-0.0143213868141174,-0.014321386814117432
1992-09-09,0.8125,0.8125,0.8125,0.8125,0.7447134852409363,-0.9215241958897796,-1.8868044541070936,-0.0143215060234069,-0.014321506023406982
1992-09-10,0.828125,0.828125,0.828125,0.828125,0.7590349912643433,-0.9215241958897796,1.9230893903812607,0.0143215060234069,0.014321506023406982
1992-09-11,0.90625,0.90625,0.90625,0.90625,0.83064204454422,-0.8400078266593235,9.4339594490366,0.0716070532798767,0.07160705327987671
1992-09-14,0.90625,0.90625,0.90625,0.90625,0.83064204454422,-0.9441676317871288,0.0,0.0,0.0
1992-09-15,0.84375,0.90625,0.84375,0.90625,0.83064204454422,0.9941104810259428,0.0,0.0,0.0
1992-09-16,0.84375,0.875,0.84375,0.84375,0.7733563780784607,-0.8898233856334912,-6.8965527138940335,-0.0572856664657592,-0.05728566646575928
1992-09-17,0.90625,0.90625,0.84375,0.84375,0.7733563780784607,-0.9668110676844776,0.0,0.0,0.0
1992-09-18,0.84375,0.84375,0.84375,0.84375,0.7733563780784607,-0.7267906471725787,0.0,0.0,0.0
1992-09-21,0.90625,0.90625,0.84375,0.90625,0.83064204454422,-0.9486963189665986,7.407408549224814,0.0572856664657592,0.05728566646575928
1992-09-22,0.84375,0.9375,0.84375,0.84375,0.7733563780784607,-0.3056227394818878,-6.8965527138940335,-0.0572856664657592,-0.05728566646575928
1992-09-23,0.90625,0.90625,0.84375,0.890625,0.8163205981254578,-0.5184710369169682,5.55555255828486,0.042964220046997,0.04296422004699707
1992-09-24,0.9375,0.9375,0.875,0.90625,0.83064204454422,1.252245650255721,1.75438993596988,0.0143214464187622,0.014321446418762207
1992-09-25,0.875,0.96875,0.875,0.96875,0.8879277110099792,0.1563033528240311,6.896552713894022,0.0572856664657592,0.05728566646575928
1992-09-28,0.90625,1.0625,0.90625,0.96875,0.8879277110099792,5.255605116907018,0.0,0.0,0.0
1992-09-29,1.0,1.03125,0.9375,0.9375,0.8592849969863892,1.9632495374324783,-3.225793459133086,-0.02864271402359,-0.028642714023590088
1992-09-30,0.9375,1.0625,0.9375,1.0625,0.9738559722900392,1.6824709323053513,13.333291714095274,0.11457097530365,0.11457097530365001
1992-10-01,1.0625,1.09375,1.03125,1.0625,0.9738559722900392,0.9941104810259428,0.0,0.0,0.0
1992-10-02,1.0,1.09375,1.0,1.0625,0.9738559722900392,-0.1018318164057471,0.0,0.0,0.0
1992-10-05,1.03125,1.046875,0.96875,0.96875,0.8879277110099792,0.9941104810259428,-8.823508170104265,-0.0859282612800599,-0.08592826128005993
1992-10-06,1.03125,1.03125,0.96875,1.0,0.9165704250335692,-0.4278972933275722,3.225793459133075,0.0286427140235899,0.028642714023589977
1992-10-07,1.0,1.03125,0.96875,0.96875,0.8879277110099792,-0.6588603394805318,-3.1249878068606574,-0.0286427140235899,-0.028642714023589977
1992-10-08,0.96875,0.96875,0.96875,0.96875,0.8879277110099792,-0.9668110676844776,0.0,0.0,0.0
1992-10-09,0.96875,1.0,0.96875,1.0,0.9165704250335692,3.02749102460788,3.225793459133075,0.0286427140235899,0.028642714023589977
1992-10-12,1.03125,1.03125,0.96875,1.0,0.9165704250335692,-0.8762373240950818,0.0,0.0,0.0
1992-10-13,0.96875,0.96875,0.96875,0.96875,0.8879277110099792,-0.9215241958897796,-3.1249878068606574,-0.0286427140235899,-0.028642714023589977
1992-10-14,1.03125,1.03125,0.9375,0.9375,0.8592849969863892,1.3564054553835263,-3.225793459133086,-0.02864271402359,-0.028642714023590088
1992-10-15,0.9375,0.953125,0.9375,0.9375,0.8592849969863892,1.4967947579470895,0.0,0.0,0.0
1992-10-16,0.9375,0.9375,0.9375,0.9375,0.8592849969863892,-1.003040565120236,0.0,0.0,0.0
1992-10-19,0.9375,0.9375,0.9375,0.9375,0.8592849969863892,-0.9668110676844776,0.0,0.0,0.0
1992-10-20,0.9375,0.96875,0.9375,0.96875,0.8879277110099792,-0.169762124097794,3.333319460253969,0.02864271402359,0.028642714023590088
1992-10-21,0.9375,0.96875,0.9375,0.96875,0.8879277110099792,0.0521435476962258,0.0,0.0,0.0
1992-10-22,0.9375,1.0,0.9375,1.0,0.9165704250335692,-0.9577536933255382,3.225793459133075,0.0286427140235899,0.028642714023589977
1992-10-23,0.9375,0.9375,0.9375,0.9375,0.8592849969863892,-0.9985118779407662,-6.249975613721337,-0.05728542804718,-0.057285428047180065
1992-10-26,1.0,1.0,0.9375,0.953125,0.873606264591217,-0.7584914574288673,1.6666493253174597,0.0143212676048278,0.01432126760482788
1992-10-27,0.9375,0.953125,0.9375,0.953125,0.873606264591217,-0.3146801138408274,0.0,0.0,0.0
1992-10-28,0.9375,1.0,0.9375,0.96875,0.8879277110099792,0.0385574861578164,1.6393479533326705,0.0143214464187622,0.014321446418762207
1992-10-29,0.9375,0.9375,0.9375,0.9375,0.8592849969863892,-0.91246682153084,-3.225793459133086,-0.02864271402359,-0.028642714023590088
1992-10-30,0.9375,0.9375,0.9375,0.9375,0.8592849969863892,-0.785663580505686,0.0,0.0,0.0
1992-11-02,1.0,1.0,0.9375,1.0,0.9165704250335692,-0.785663580505686,6.666638920507939,0.05728542804718,0.057285428047180065
1992-11-03,0.953125,0.953125,0.953125,0.953125,0.873606264591217,-0.9668110676844776,-4.687491464802463,-0.0429641604423521,-0.042964160442352184
1992-11-04,0.953125,0.953125,0.953125,0.953125,0.873606264591217,-1.0120979394791756,0.0,0.0,0.0
1992-11-05,0.953125,0.953125,0.953125,0.953125,0.873606264591217,-1.0120979394791756,0.0,0.0,0.0
1992-11-06,0.9375,0.9375,0.9375,0.9375,0.8592849969863892,-0.9939831907612964,-1.6393274848514494,-0.0143212676048278,-0.01432126760482788
1992-11-09,0.90625,0.9375,0.84375,0.859375,0.7876777648925781,2.882573034864847,-8.333350674682528,-0.071607232093811,-0.07160723209381104
1992-11-10,0.9375,0.9375,0.84375,0.84375,0.7733563780784607,-0.7675488317878068,-1.81817837857472,-0.0143213868141174,-0.014321386814117432
1992-11-11,0.875,0.90625,0.875,0.90625,0.83064204454422,-0.740376708710988,7.407408549224814,0.0572856664657592,0.05728566646575928
1992-11-12,0.84375,0.9375,0.84375,0.90625,0.83064204454422,0.4280245835922187,0.0,0.0,0.0
1992-11-13,0.9375,0.9375,0.875,0.875,0.8019992113113403,3.557347424605846,-3.448276356947011,-0.0286428332328796,-0.02864283323287964
1992-11-16,0.90625,0.90625,0.84375,0.859375,0.7876777648925781,-0.4686554779428004,-1.785718267147096,-0.0143214464187622,-0.014321446418762207
1992-11-17,0.90625,0.90625,0.84375,0.875,0.8019992113113403,-0.2376924317898409,1.8181859457103489,0.0143214464187622,0.014321446418762207
1992-11-18,0.84375,0.90625,0.84375,0.90625,0.83064204454422,5.857920511776501,3.571429102286272,0.0286428332328796,0.02864283323287964
1992-11-19,0.90625,0.90625,0.84375,0.875,0.8019992113113403,-0.7766062061467464,-3.448276356947011,-0.0286428332328796,-0.02864283323287964
1992-11-20,0.84375,0.90625,0.84375,0.859375,0.7876777648925781,4.879724081011026,-1.785718267147096,-0.0143214464187622,-0.014321446418762207
1992-11-23,0.90625,0.90625,0.8125,0.875,0.8019992113113403,2.8463435374290884,1.8181859457103489,0.0143214464187622,0.014321446418762207
1992-11-24,0.875,0.875,0.828125,0.875,0.8019992113113403,4.657818409217006,0.0,0.0,0.0
1992-11-25,0.875,0.875,0.8125,0.875,0.8019992113113403,-0.7177332728136391,0.0,0.0,0.0
1992-11-27,0.8125,0.875,0.8125,0.8125,0.7447134852409363,-0.8535938881977329,-7.142865636580464,-0.057285726070404,-0.05728572607040405
1992-11-30,0.875,0.875,0.8125,0.8125,0.7447134852409363,0.17894678872138,0.0,0.0,0.0
1992-12-01,0.8125,0.875,0.8125,0.84375,0.7733563780784607,2.162511773329149,3.8461627733594295,0.0286428928375244,0.028642892837524414
1992-12-02,0.8125,0.875,0.8125,0.828125,0.7590349912643433,-0.432425980507042,-1.8518482836724528,-0.0143213868141174,-0.014321386814117432
1992-12-03,0.875,0.875,0.8125,0.875,0.8019992113113403,0.3283934656438832,5.660374098884491,0.042964220046997,0.04296422004699707
1992-12-04,0.84375,0.90625,0.84375,0.90625,0.83064204454422,-0.6950898369162901,3.571429102286272,0.0286428332328796,0.02864283323287964
1992-12-07,0.84375,0.90625,0.84375,0.84375,0.7733563780784607,-0.5320570984553775,-6.8965527138940335,-0.0572856664657592,-0.05728566646575928
1992-12-08,0.90625,0.90625,0.84375,0.875,0.8019992113113403,-0.369024359994465,3.703704274612418,0.0286428332328796,0.02864283323287964
1992-12-10,0.9375,1.0,0.875,1.0,0.9165704250335692,0.2423484092339571,14.285701545129292,0.1145712137222288,0.11457121372222889
1992-12-11,1.0,1.0,0.90625,0.90625,0.83064204454422,-0.6588603394805318,-9.37498943261257,-0.0859283804893492,-0.08592838048934925
1992-12-14,1.0,1.0,0.90625,0.90625,0.83064204454422,-0.785663580505686,0.0,0.0,0.0
1992-12-15,1.0,1.03125,0.9375,1.03125,0.945213496685028,-0.2331637446103711,13.793119779251503,0.114571452140808,0.114571452140808
1992-12-16,1.0,1.09375,1.0,1.03125,0.945213496685028,-0.3826104215328743,0.0,0.0,0.0
1992-12-17,1.03125,1.09375,1.03125,1.0625,0.9738559722900392,-0.0837170676878679,3.030265194632076,0.0286424756050112,0.02864247560501121
1992-12-18,1.03125,1.0625,1.03125,1.03125,0.945213496685028,-0.9486963189665986,-2.94114082780208,-0.0286424756050112,-0.02864247560501121
1992-12-21,1.03125,1.0625,1.03125,1.03125,0.945213496685028,-0.763020144608337,0.0,0.0,0.0
1992-12-22,0.96875,1.0,0.90625,1.0,0.9165704250335692,0.1110164810293331,-3.0303282540836807,-0.0286430716514587,-0.02864307165145874
1992-12-23,1.0,1.0,0.90625,0.9375,0.8592849969863892,1.2069587784610232,-6.249975613721337,-0.05728542804718,-0.057285428047180065
1992-12-24,0.90625,0.90625,0.90625,0.90625,0.83064204454422,-0.9305815702487192,-3.333347206412696,-0.0286429524421691,-0.02864295244216919
1992-12-28,0.90625,1.0,0.90625,0.90625,0.83064204454422,-0.9079381343513704,0.0,0.0,0.0
1992-12-29,0.90625,1.0,0.90625,0.921875,0.8449633121490479,0.5412417630789635,1.7241202391441668,0.0143212676048278,0.01432126760482788
1992-12-30,0.90625,1.0,0.90625,0.921875,0.8449633121490479,-0.3916677958918139,0.0,0.0,0.0
1992-12-31,0.90625,1.0,0.90625,0.90625,0.83064204454422,-0.4143112317891629,-1.6948981569866906,-0.0143212676048278,-0.01432126760482788
1993-01-04,1.0,1.0,1.0,1.0,0.9165704250335692,-0.9849258164023568,10.34481471937756,0.0859283804893492,0.08592838048934925
1993-01-05,1.0,1.0,0.90625,0.90625,0.83064204454422,-0.9034094471719006,-9.37498943261257,-0.0859283804893492,-0.08592838048934925
1993-01-06,1.0,1.0,0.90625,0.90625,0.83064204454422,-0.8671799497361422,0.0,0.0,0.0
1993-01-07,1.0,1.0,0.90625,0.96875,0.8879277110099792,-0.8535938881977329,6.896552713894022,0.0572856664657592,0.05728566646575928
1993-01-08,0.90625,0.96875,0.84375,0.875,0.8019992113113403,0.8039056194882116,-9.677420654086689,-0.0859284996986389,-0.08592849969863892
1993-01-11,0.84375,0.875,0.84375,0.875,0.8019992113113403,-0.8173643907619745,0.0,0.0,0.0
1993-01-12,0.875,0.90625,0.84375,0.84375,0.7733563780784607,-0.5320570984553775,-3.571429102286283,-0.0286428332328796,-0.02864283323287964
1993-01-13,0.875,0.875,0.875,0.875,0.8019992113113403,-0.9577536933255382,3.703704274612418,0.0286428332328796,0.02864283323287964
1993-01-14,0.875,0.96875,0.84375,0.96875,0.8879277110099792,0.201590224618729,10.71428730685884,0.0859284996986389,0.08592849969863892
1993-01-15,0.9375,0.96875,0.9375,0.96875,0.8879277110099792,5.432223916906341,0.0,0.0,0.0
1993-01-18,0.96875,1.25,0.96875,1.125,1.0311418771743774,5.278248552804367,16.12903442347782,0.1432141661643982,0.1432141661643982
1993-01-19,1.0625,1.125,1.0625,1.125,1.0311418771743774,-0.1018318164057471,0.0,0.0,0.0
1993-01-20,1.0625,1.09375,1.03125,1.03125,0.945213496685028,-0.4233686061481025,-8.333322735840943,-0.0859283804893494,-0.08592838048934948
1993-01-21,1.03125,1.09375,1.03125,1.09375,1.0024991035461426,-0.631688216403713,6.060599754660911,0.0572856068611146,0.05728560686111461
1993-01-22,1.09375,1.09375,1.03125,1.0625,0.9738559722900392,-0.4867702266606796,-2.8571727550462667,-0.0286431312561034,-0.028643131256103405
1993-01-25,1.03125,1.03125,1.03125,1.03125,0.945213496685028,-0.9894545035818266,-2.94114082780208,-0.0286424756050112,-0.02864247560501121
1993-01-26,1.03125,1.09375,1.03125,1.09375,1.0024991035461426,-0.3146801138408274,6.060599754660911,0.0572856068611146,0.05728560686111461
1993-01-27,1.09375,1.09375,1.03125,1.09375,1.0024991035461426,-0.6860324625573505,0.0,0.0,0.0
1993-01-28,1.09375,1.09375,1.03125,1.0625,0.9738559722900392,-0.4143112317891629,-2.8571727550462667,-0.0286431312561034,-0.028643131256103405
1993-01-29,1.09375,1.09375,1.03125,1.03125,0.945213496685028,-0.215048995892492,-2.94114082780208,-0.0286424756050112,-0.02864247560501121
1993-02-01,1.09375,1.09375,1.09375,1.09375,1.0024991035461426,-1.003040565120236,6.060599754660911,0.0572856068611146,0.05728560686111461
1993-02-02,1.03125,1.03125,1.03125,1.03125,0.945213496685028,-0.9985118779407662,-5.714280108428838,-0.0572856068611146,-0.05728560686111461
1993-02-03,1.03125,1.0625,1.03125,1.046875,0.9595349431037904,-0.5682865958911358,1.51515466812413,0.0143214464187624,0.014321446418762429
1993-02-04,1.03125,1.0625,1.03125,1.03125,0.945213496685028,-0.0203154471752908,-1.492540372989137,-0.0143214464187624,-0.014321446418762429
1993-02-05,1.0625,1.09375,1.0,1.078125,0.9881776571273804,0.3465082143617624,4.545445086536804,0.0429641604423524,0.042964160442352406
1993-02-08,1.0,1.15625,1.0,1.125,1.0311418771743774,1.1073276605126878,4.347823464445999,0.042964220046997,0.04296422004699707
1993-02-09,1.09375,1.125,1.09375,1.125,1.0311418771743774,-0.9351102574281892,0.0,0.0,0.0
1993-02-10,1.109375,1.171875,1.09375,1.125,1.0311418771743774,2.986732839992652,0.0,0.0,0.0
1993-02-11,1.21875,1.21875,1.125,1.21875,1.117070198059082,0.3600942759001718,8.333316955390524,0.0859283208847045,0.08592832088470459
1993-02-12,1.125,1.1875,1.125,1.125,1.0311418771743774,0.17894678872138,-7.692293737135381,-0.0859283208847045,-0.08592832088470459
1993-02-16,1.125,1.1875,1.0625,1.078125,0.9881776571273804,-0.03843019589317,-4.166664258145669,-0.042964220046997,-0.04296422004699707
1993-02-17,1.0625,1.15625,1.0625,1.15625,1.0597845315933228,-0.6045160933268943,7.246356356012207,0.0716068744659423,0.07160687446594238
1993-02-18,1.15625,1.15625,1.125,1.125,1.0311418771743774,-0.962282380505008,-2.7026865900639963,-0.0286426544189453,-0.028642654418945312
1993-02-19,1.15625,1.15625,1.0625,1.0625,0.9738559722900392,-0.7947209548646256,-5.555579319629411,-0.0572859048843382,-0.05728590488433827
1993-02-22,1.15625,1.15625,1.0625,1.09375,1.0024991035461426,0.3012213425670644,2.941208153064822,0.0286431312561034,0.028643131256103405
1993-02-23,1.0625,1.15625,1.0625,1.15625,1.0597845315933228,-0.9215241958897796,5.714262271611448,0.0572854280471801,0.057285428047180176
1993-02-24,1.0625,1.0625,1.0625,1.0625,0.9738559722900392,-0.9894545035818266,-8.108116012421418,-0.0859285593032835,-0.08592855930328358
1993-02-25,1.0625,1.0625,1.0625,1.0625,0.9738559722900392,-0.8762373240950818,0.0,0.0,0.0
1993-02-26,1.15625,1.15625,1.140625,1.140625,1.0454634428024292,-0.962282380505008,7.35298365979149,0.07160747051239,0.07160747051239003
1993-03-01,1.15625,1.15625,1.09375,1.09375,1.0024991035461426,-0.8309504523003839,-4.109597475844595,-0.0429643392562866,-0.04296433925628662
1993-03-02,1.15625,1.15625,1.125,1.125,1.0311418771743774,-0.5365857856348473,2.8571370814115093,0.0286427736282348,0.028642773628234863
1993-03-03,1.09375,1.09375,1.09375,1.09375,1.0024991035461426,-0.785663580505686,-2.777772318463512,-0.0286427736282348,-0.028642773628234863
1993-03-04,1.09375,1.09375,1.09375,1.09375,1.0024991035461426,-0.9034094471719006,0.0,0.0,0.0
1993-03-05,1.09375,1.09375,1.09375,1.09375,1.0024991035461426,-1.0120979394791756,0.0,0.0,0.0
1993-03-08,1.09375,1.09375,1.09375,1.09375,1.0024991035461426,-0.9939831907612964,0.0,0.0,0.0
1993-03-09,1.09375,1.125,1.09375,1.125,1.0311418771743774,-0.7992496420440953,2.8571370814115093,0.0286427736282348,0.028642773628234863
1993-03-10,1.09375,1.125,1.09375,1.125,1.0311418771743774,-0.939638944607659,0.0,0.0,0.0
1993-03-11,1.09375,1.125,1.09375,1.125,1.0311418771743774,-0.9668110676844776,0.0,0.0,0.0
1993-03-12,1.125,1.125,1.09375,1.09375,1.0024991035461426,0.8401351169239699,-2.777772318463512,-0.0286427736282348,-0.028642773628234863
1993-03-15,1.09375,1.15625,1.09375,1.15625,1.0597845315933228,-0.9985118779407662,5.714262271611448,0.0572854280471801,0.057285428047180176
1993-03-16,1.09375,1.203125,1.09375,1.203125,1.1027491092681885,0.5457704502584333,4.054086127325429,0.0429645776748657,0.04296457767486572
1993-03-17,1.21875,1.21875,1.09375,1.09375,1.0024991035461426,-0.4595981035838608,-9.09091695286648,-0.1002500057220459,-0.1002500057220459
1993-03-18,1.09375,1.125,1.09375,1.125,1.0311418771743774,-0.8626512625566725,2.8571370814115093,0.0286427736282348,0.028642773628234863
1993-03-19,1.125,1.125,1.125,1.125,1.0311418771743774,-1.0120979394791756,0.0,0.0,0.0
1993-03-22,1.09375,1.09375,1.09375,1.09375,1.0024991035461426,-0.9758684420434172,-2.777772318463512,-0.0286427736282348,-0.028642773628234863
1993-03-23,1.09375,1.09375,1.0625,1.0625,0.9738559722900392,-0.4731841651222702,-2.8571727550462667,-0.0286431312561034,-0.028643131256103405
1993-03-24,1.03125,1.0625,1.0,1.0,0.9165704250335692,-0.6950898369162901,-5.882342860388478,-0.0572855472564699,-0.05728554725646995
1993-03-25,0.96875,1.0,0.9375,0.9375,0.8592849969863892,-0.8037783292235652,-6.249975613721337,-0.05728542804718,-0.057285428047180065
1993-03-26,0.96875,1.03125,0.96875,1.03125,0.945213496685028,-0.7675488317878068,9.999999999999986,0.0859284996986388,0.0859284996986388
1993-03-29,1.03125,1.03125,1.03125,1.03125,0.945213496685028,-1.0120979394791756,0.0,0.0,0.0
1993-03-30,1.03125,1.03125,0.9375,0.9375,0.8592849969863892,-0.8535938881977329,-9.090909090909085,-0.0859284996986388,-0.0859284996986388
1993-03-31,1.0625,1.0625,1.0,1.0,0.9165704250335692,-0.7313193343520484,6.666638920507939,0.05728542804718,0.057285428047180065
1993-04-01,0.96875,1.0,0.96875,1.0,0.9165704250335692,-0.8309504523003839,0.0,0.0,0.0
1993-04-02,1.0625,1.0625,0.96875,0.96875,0.8879277110099792,-0.9079381343513704,-3.1249878068606574,-0.0286427140235899,-0.028642714023589977
1993-04-05,0.96875,0.96875,0.96875,0.96875,0.8879277110099792,-1.007569252299706,0.0,0.0,0.0
1993-04-06,0.96875,0.96875,0.953125,0.953125,0.873606264591217,-0.4097825446096931,-1.6129067987384005,-0.0143214464187622,-0.014321446418762207
1993-04-07,0.9375,0.96875,0.90625,0.90625,0.83064204454422,0.4325532707716885,-4.918030214343894,-0.042964220046997,-0.04296422004699707
1993-04-08,0.921875,0.921875,0.921875,0.921875,0.8449633121490479,-0.9215241958897796,1.7241202391441668,0.0143212676048278,0.01432126760482788
1993-04-12,0.96875,0.96875,0.90625,0.90625,0.83064204454422,-0.7584914574288673,-1.6948981569866906,-0.0143212676048278,-0.01432126760482788
1993-04-13,0.90625,0.90625,0.90625,0.90625,0.83064204454422,-0.9668110676844776,0.0,0.0,0.0
1993-04-14,0.90625,0.96875,0.90625,0.96875,0.8879277110099792,-0.7041472112752297,6.896552713894022,0.0572856664657592,0.05728566646575928
1993-04-15,0.9375,0.9375,0.9375,0.9375,0.8592849969863892,-1.003040565120236,-3.225793459133086,-0.02864271402359,-0.028642714023590088
1993-04-16,0.9375,0.9375,0.9375,0.9375,0.8592849969863892,-1.0120979394791756,0.0,0.0,0.0
1993-04-19,0.9375,0.984375,0.9375,0.984375,0.9022490978240968,-0.9668110676844776,4.999982658650803,0.0429641008377076,0.04296410083770763
1993-04-20,0.9375,0.9375,0.9375,0.9375,0.8592849969863892,-0.9215241958897796,-4.761889032787259,-0.0429641008377076,-0.04296410083770763
1993-04-21,0.9375,1.03125,0.9375,0.9375,0.8592849969863892,-0.7947209548646256,0.0,0.0,0.0
1993-04-22,1.0,1.0625,1.0,1.0,0.9165704250335692,-0.6905611497368203,6.666638920507939,0.05728542804718,0.057285428047180065
1993-04-23,1.0,1.0,1.0,1.0,0.9165704250335692,-0.962282380505008,0.0,0.0,0.0
1993-04-26,1.0,1.0,0.96875,0.96875,0.8879277110099792,-0.8988807599924308,-3.1249878068606574,-0.0286427140235899,-0.028642714023589977
1993-04-27,0.96875,0.984375,0.9375,0.9375,0.8592849969863892,-0.6996185240957599,-3.225793459133086,-0.02864271402359,-0.028642714023590088
1993-04-28,0.9375,0.9375,0.9375,0.9375,0.8592849969863892,-1.0120979394791756,0.0,0.0,0.0
1993-04-29,0.9375,1.0,0.90625,0.953125,0.873606264591217,1.0484547271795803,1.6666493253174597,0.0143212676048278,0.01432126760482788
1993-04-30,0.953125,0.953125,0.953125,0.953125,0.873606264591217,-1.0120979394791756,0.0,0.0,0.0
1993-05-03,0.90625,0.90625,0.90625,0.90625,0.83064204454422,-0.8762373240950818,-4.918030214343894,-0.042964220046997,-0.04296422004699707
1993-05-04,0.90625,0.96875,0.90625,0.90625,0.83064204454422,-0.5547005343527265,0.0,0.0,0.0
1993-05-05,0.90625,0.921875,0.90625,0.90625,0.83064204454422,-0.9713397548639476,0.0,0.0,0.0
1993-05-06,1.0,1.0,0.90625,0.90625,0.83064204454422,-1.003040565120236,0.0,0.0,0.0
1993-05-07,1.0,1.0,1.0,1.0,0.9165704250335692,-1.007569252299706,10.34481471937756,0.0859283804893492,0.08592838048934925
1993-05-10,1.0,1.0,1.0,1.0,0.9165704250335692,-1.0120979394791756,0.0,0.0,0.0
1993-05-11,0.90625,0.921875,0.90625,0.921875,0.8449633121490479,-0.6950898369162901,-7.812505283693694,-0.0716071128845213,-0.07160711288452137
1993-05-12,0.90625,0.9375,0.90625,0.9375,0.8592849969863892,-0.8173643907619745,1.6949475357594057,0.0143216848373413,0.014321684837341309
1993-05-13,0.90625,0.90625,0.90625,0.90625,0.83064204454422,-0.9894545035818266,-3.333347206412696,-0.0286429524421691,-0.02864295244216919
1993-05-14,0.90625,0.90625,0.90625,0.90625,0.83064204454422,-1.0120979394791756,0.0,0.0,0.0
1993-05-17,0.90625,0.90625,0.90625,0.90625,0.83064204454422,-1.0120979394791756,0.0,0.0,0.0
1993-05-18,0.90625,0.90625,0.90625,0.90625,0.83064204454422,-0.9668110676844776,0.0,0.0,0.0
1993-05-19,0.90625,0.921875,0.90625,0.921875,0.8449633121490479,-0.763020144608337,1.7241202391441668,0.0143212676048278,0.01432126760482788
1993-05-20,0.90625,1.0,0.90625,1.0,0.9165704250335692,-0.6724464010189412,8.474582488368455,0.0716071128845213,0.07160711288452137
1993-05-21,0.90625,0.9375,0.90625,0.9375,0.8592849969863892,-0.7947209548646256,-6.249975613721337,-0.05728542804718,-0.057285428047180065
1993-05-24,0.90625,0.90625,0.90625,0.90625,0.83064204454422,-0.785663580505686,-3.333347206412696,-0.0286429524421691,-0.02864295244216919
1993-05-25,0.90625,0.96875,0.90625,0.90625,0.83064204454422,-0.4958276010196192,0.0,0.0,0.0
1993-05-26,0.90625,0.9375,0.90625,0.90625,0.83064204454422,-0.6588603394805318,0.0,0.0,0.0
1993-05-27,0.90625,0.9375,0.90625,0.90625,0.83064204454422,-0.4052538574302233,0.0,0.0,0.0
1993-05-28,0.96875,0.96875,0.90625,0.90625,0.83064204454422,-0.2195776830719617,0.0,0.0,0.0
1993-06-01,0.9375,0.96875,0.90625,0.96875,0.8879277110099792,0.6001146964120708,6.896552713894022,0.0572856664657592,0.05728566646575928
1993-06-02,0.90625,0.9375,0.90625,0.9375,0.8592849969863892,2.062880655380814,-3.225793459133086,-0.02864271402359,-0.028642714023590088
1993-06-03,0.90625,0.96875,0.90625,0.9375,0.8592849969863892,0.7178605630782855,0.0,0.0,0.0
1993-06-04,0.90625,0.90625,0.90625,0.90625,0.83064204454422,-0.9441676317871288,-3.333347206412696,-0.0286429524421691,-0.02864295244216919
1993-06-07,0.90625,0.90625,0.90625,0.90625,0.83064204454422,-0.9713397548639476,0.0,0.0,0.0
1993-06-08,0.90625,0.9375,0.90625,0.9375,0.8592849969863892,-0.8128357035825047,3.448290708410484,0.0286429524421691,0.02864295244216919
1993-06-09,0.96875,0.96875,0.96875,0.96875,0.8879277110099792,-0.9668110676844776,3.333319460253969,0.02864271402359,0.028642714023590088
1993-06-10,0.90625,0.96875,0.90625,0.96875,0.8879277110099792,-0.9939831907612964,0.0,0.0,0.0
1993-06-11,0.90625,0.921875,0.90625,0.921875,0.8449633121490479,-0.9668110676844776,-4.838727108996432,-0.0429643988609313,-0.042964398860931396
1993-06-14,0.90625,0.9375,0.90625,0.90625,0.83064204454422,-0.6996185240957599,-1.6948981569866906,-0.0143212676048278,-0.01432126760482788
1993-06-15,0.921875,0.921875,0.90625,0.90625,0.83064204454422,-0.8400078266593235,0.0,0.0,0.0
1993-06-16,0.90625,0.90625,0.90625,0.90625,0.83064204454422,-1.0120979394791756,0.0,0.0,0.0
1993-06-17,0.90625,0.96875,0.90625,0.96875,0.8879277110099792,-0.2512784933282503,6.896552713894022,0.0572856664657592,0.05728566646575928
1993-06-18,0.96875,0.96875,0.90625,0.90625,0.83064204454422,-0.3961964830712837,-6.451613769391129,-0.0572856664657592,-0.05728566646575928
1993-06-21,0.90625,0.9375,0.90625,0.90625,0.83064204454422,-0.6271595292242432,0.0,0.0,0.0
1993-06-22,0.90625,0.953125,0.90625,0.90625,0.83064204454422,3.330913065632356,0.0,0.0,0.0
1993-06-23,0.921875,0.9375,0.84375,0.875,0.8019992113113403,1.1571432194868554,-3.448276356947011,-0.0286428332328796,-0.02864283323287964
1993-06-24,0.90625,0.90625,0.8125,0.8125,0.7447134852409363,-0.6226308420447734,-7.142865636580464,-0.057285726070404,-0.05728572607040405
1993-06-25,0.859375,0.90625,0.8125,0.90625,0.83064204454422,1.3337620194861777,11.538472312675175,0.0859285593032836,0.08592855930328369
1993-06-28,0.8125,0.84375,0.8125,0.8125,0.7447134852409363,-0.7992496420440953,-10.344836246572786,-0.0859285593032836,-0.08592855930328369
1993-06-29,0.875,0.875,0.84375,0.84375,0.7733563780784607,-0.6543316523010619,3.8461627733594295,0.0286428928375244,0.028642892837524414
1993-06-30,0.8125,0.8125,0.8125,0.8125,0.7447134852409363,-0.4867702266606796,-3.703711981879909,-0.0286428928375244,-0.028642892837524414
1993-07-01,0.8125,0.859375,0.8125,0.859375,0.7876777648925781,1.3699915169219357,5.769236156337576,0.0429642796516418,0.042964279651641846
1993-07-02,0.8125,0.859375,0.8125,0.859375,0.7876777648925781,-0.5547005343527265,0.0,0.0,0.0
1993-07-06,0.8125,0.84375,0.8125,0.8125,0.7447134852409363,-0.432425980507042,-5.454550269995395,-0.0429642796516418,-0.042964279651641846
1993-07-07,0.8125,0.859375,0.8125,0.8125,0.7447134852409363,0.6906884400014667,0.0,0.0,0.0
1993-07-08,0.875,0.875,0.8125,0.875,0.8019992113113403,3.856240778450852,7.692317543017291,0.057285726070404,0.05728572607040405
1993-07-09,0.84375,0.875,0.84375,0.875,0.8019992113113403,0.355565588720702,0.0,0.0,0.0
1993-07-12,0.875,0.875,0.875,0.875,0.8019992113113403,-1.0120979394791756,0.0,0.0,0.0
1993-07-13,0.8125,0.90625,0.8125,0.859375,0.7876777648925781,-0.962282380505008,-1.785718267147096,-0.0143214464187622,-0.014321446418762207
1993-07-14,0.828125,0.875,0.828125,0.875,0.8019992113113403,-0.2512784933282503,1.8181859457103489,0.0143214464187622,0.014321446418762207
1993-07-15,0.875,0.890625,0.8125,0.890625,0.8163205981254578,-0.323737488199767,1.785710835139187,0.0143213868141174,0.014321386814117432
1993-07-16,0.8125,0.90625,0.8125,0.8125,0.7447134852409363,-0.9939831907612964,-8.771935076605331,-0.0716071128845214,-0.07160711288452148
1993-07-19,0.90625,0.9375,0.875,0.9375,0.8592849969863892,1.3020612092298889,15.38464308973615,0.1145715117454528,0.11457151174545288
1993-07-20,0.9375,0.9375,0.859375,0.890625,0.8163205981254578,-0.2286350574309013,-5.000017341349194,-0.0429643988609313,-0.042964398860931396
1993-07-21,0.90625,0.90625,0.84375,0.84375,0.7733563780784607,-0.9532250061460684,-5.263155204665559,-0.042964220046997,-0.04296422004699707
1993-07-22,0.9375,0.9375,0.84375,0.875,0.8019992113113403,-0.4958276010196192,3.703704274612418,0.0286428332328796,0.02864283323287964
1993-07-23,0.890625,0.890625,0.875,0.875,0.8019992113113403,-0.9532250061460684,0.0,0.0,0.0
1993-07-26,0.90625,0.90625,0.875,0.875,0.8019992113113403,-0.9577536933255382,0.0,0.0,0.0
1993-07-27,0.875,0.9375,0.875,0.875,0.8019992113113403,0.3374508400028228,0.0,0.0,0.0
1993-07-28,0.890625,0.890625,0.875,0.890625,0.8163205981254578,0.0113853630809976,1.785710835139187,0.0143213868141174,0.014321386814117432
1993-07-29,0.9375,0.9375,0.9375,0.9375,0.8592849969863892,-0.9894545035818266,5.263177109531703,0.0429643988609313,0.042964398860931396
1993-07-30,0.890625,0.9375,0.84375,0.84375,0.7733563780784607,0.1744181015419102,-10.00001387307936,-0.0859286189079284,-0.08592861890792847
1993-08-02,0.9375,0.9375,0.84375,0.9375,0.8592849969863892,-0.9532250061460684,11.111128238372212,0.0859286189079284,0.08592861890792847
1993-08-03,0.875,0.875,0.875,0.875,0.8019992113113403,-0.9849258164023568,-6.666680539746029,-0.0572857856750488,-0.05728578567504883
1993-08-04,0.875,0.875,0.875,0.875,0.8019992113113403,-1.0120979394791756,0.0,0.0,0.0
1993-08-05,0.9375,0.9375,0.84375,0.84375,0.7733563780784607,-0.8400078266593235,-3.571429102286283,-0.0286428332328796,-0.02864283323287964
1993-08-06,0.84375,0.875,0.78125,0.875,0.8019992113113403,-0.061073631790519,3.703704274612418,0.0286428332328796,0.02864283323287964
1993-08-09,0.875,0.875,0.78125,0.84375,0.7733563780784607,-0.8400078266593235,-3.571429102286283,-0.0286428332328796,-0.02864283323287964
1993-08-10,0.875,0.875,0.78125,0.875,0.8019992113113403,-0.2875079907640087,3.703704274612418,0.0286428332328796,0.02864283323287964
1993-08-11,0.875,0.875,0.78125,0.8125,0.7447134852409363,2.0900527784576326,-7.142865636580464,-0.057285726070404,-0.05728572607040405
1993-08-12,0.84375,0.84375,0.78125,0.828125,0.7590349912643433,-0.4097825446096931,1.9230893903812607,0.0143215060234069,0.014321506023406982
1993-08-13,0.78125,0.84375,0.78125,0.8125,0.7447134852409363,-0.4052538574302233,-1.8868044541070936,-0.0143215060234069,-0.014321506023406982
1993-08-16,0.875,0.875,0.875,0.875,0.8019992113113403,-0.9849258164023568,7.692317543017291,0.057285726070404,0.05728572607040405
1993-08-17,0.78125,0.84375,0.78125,0.84375,0.7733563780784607,-0.6135734676858338,-3.571429102286283,-0.0286428332328796,-0.02864283323287964
1993-08-18,0.875,0.875,0.796875,0.84375,0.7733563780784607,-0.8581225753772027,0.0,0.0,0.0
1993-08-19,0.796875,0.875,0.796875,0.8125,0.7447134852409363,-0.6407455907626526,-3.703711981879909,-0.0286428928375244,-0.028642892837524414
1993-08-20,0.8125,0.8125,0.703125,0.75,0.6874278783798218,0.3827377117975207,-7.692301535614188,-0.0572856068611145,-0.0572856068611145
1993-08-23,0.78125,0.8125,0.75,0.8125,0.7447134852409363,0.1155451682088029,8.333326107769912,0.0572856068611145,0.0572856068611145
1993-08-24,0.78125,0.8125,0.75,0.75,0.6874278783798218,-0.3282661753792368,-7.692301535614188,-0.0572856068611145,-0.0572856068611145
1993-08-25,0.75,0.78125,0.75,0.75,0.6874278783798218,1.0710981630769294,0.0,0.0,0.0
1993-08-26,0.75,0.8125,0.75,0.8125,0.7447134852409363,-0.4641267907633306,8.333326107769912,0.0572856068611145,0.0572856068611145
1993-08-27,0.8125,0.8125,0.8125,0.8125,0.7447134852409363,-0.9758684420434172,0.0,0.0,0.0
1993-08-30,0.75,0.796875,0.75,0.796875,0.7303921580314636,-0.9305815702487192,-1.923065379276612,-0.0143213272094726,-0.014321327209472656
1993-08-31,0.796875,0.8125,0.75,0.8125,0.7447134852409363,-0.7811348933262162,1.9607723127903265,0.0143213272094726,0.014321327209472656
1993-09-01,0.75,0.8125,0.75,0.75,0.6874278783798218,0.7042745015398761,-7.692301535614188,-0.0572856068611145,-0.0572856068611145
1993-09-02,0.75,0.8125,0.75,0.8125,0.7447134852409363,-0.4822415394812098,8.333326107769912,0.0572856068611145,0.0572856068611145
1993-09-03,0.75,0.84375,0.75,0.8125,0.7447134852409363,-0.1018318164057471,0.0,0.0,0.0
1993-09-07,0.8125,0.8125,0.8125,0.8125,0.7447134852409363,-0.9215241958897796,0.0,0.0,0.0
1993-09-08,0.75,0.8125,0.75,0.75,0.6874278783798218,-0.8717086369156121,-7.692301535614188,-0.0572856068611145,-0.0572856068611145
1993-09-09,0.8125,0.875,0.75,0.84375,0.7733563780784607,-0.1199465651236263,12.500002167669022,0.0859284996986389,0.08592849969863892
1993-09-10,0.78125,0.84375,0.78125,0.84375,0.7733563780784607,0.5638851989763125,0.0,0.0,0.0
1993-09-13,0.78125,0.84375,0.78125,0.84375,0.7733563780784607,-0.939638944607659,0.0,0.0,0.0
1993-09-14,0.796875,0.796875,0.796875,0.796875,0.7303921580314636,-0.9985118779407662,-5.55555255828486,-0.042964220046997,-0.04296422004699707
1993-09-15,0.78125,0.84375,0.78125,0.84375,0.7733563780784607,-0.0701310061494586,5.882349580914625,0.042964220046997,0.04296422004699707
1993-09-16,0.84375,0.84375,0.78125,0.84375,0.7733563780784607,-0.9486963189665986,0.0,0.0,0.0
1993-09-20,0.8125,0.8125,0.75,0.75,0.6874278783798218,-0.5094136625580286,-11.11111282383722,-0.0859284996986389,-0.08592849969863892
1993-09-21,0.75,0.84375,0.75,0.8125,0.7447134852409363,-0.6271595292242432,8.333326107769912,0.0572856068611145,0.0572856068611145
1993-09-22,0.75,0.75,0.75,0.75,0.6874278783798218,-0.939638944607659,-7.692301535614188,-0.0572856068611145,-0.0572856068611145
1993-09-23,0.75,0.8125,0.75,0.75,0.6874278783798218,-0.5592292215321963,0.0,0.0,0.0
1993-09-24,0.75,0.8125,0.75,0.8125,0.7447134852409363,-0.2875079907640087,8.333326107769912,0.0572856068611145,0.0572856068611145
1993-09-27,0.8125,0.8125,0.75,0.8125,0.7447134852409363,-0.9803971292228872,0.0,0.0,0.0
1993-09-28,0.75,0.75,0.75,0.75,0.6874278783798218,-0.3780817343534045,-7.692301535614188,-0.0572856068611145,-0.0572856068611145
1993-09-29,0.8125,0.8125,0.734375,0.78125,0.7160705327987671,-0.5818726574295453,4.166641377194691,0.0286426544189453,0.028642654418945312
1993-09-30,0.8125,0.8125,0.75,0.75,0.6874278783798218,0.3283934656438832,-3.999976693216978,-0.0286426544189453,-0.028642654418945312
1993-10-01,0.765625,0.8125,0.75,0.75,0.6874278783798218,-0.7086758984546995,0.0,0.0,0.0
1993-10-04,0.71875,0.78125,0.71875,0.71875,0.6587850451469421,-0.1516473753799148,-4.166667389223012,-0.0286428332328796,-0.02864283323287964
1993-10-05,0.71875,0.78125,0.71875,0.75,0.6874278783798218,-0.6679177138394713,4.347826873709737,0.0286428332328796,0.02864283323287964
1993-10-06,0.734375,0.75,0.71875,0.71875,0.6587850451469421,-0.586401344609015,-4.166667389223012,-0.0286428332328796,-0.02864283323287964
1993-10-07,0.71875,0.71875,0.71875,0.71875,0.6587850451469421,-0.9486963189665986,0.0,0.0,0.0
1993-10-08,0.71875,0.734375,0.71875,0.71875,0.6587850451469421,-0.3644956728149952,0.0,0.0,0.0
1993-10-11,0.71875,0.71875,0.71875,0.71875,0.6587850451469421,-0.9939831907612964,0.0,0.0,0.0
1993-10-13,0.78125,0.78125,0.6875,0.71875,0.6587850451469421,-0.0203154471752908,0.0,0.0,0.0
1993-10-14,0.75,0.75,0.65625,0.671875,0.6158207058906555,0.047614860516756,-6.521753882057757,-0.0429643392562866,-0.04296433925628662
1993-10-15,0.6875,0.75,0.65625,0.75,0.6874278783798218,2.982204152813182,11.62792543417348,0.0716071724891662,0.07160717248916626
1993-10-18,0.75,0.75,0.75,0.75,0.6874278783798218,-0.9985118779407662,0.0,0.0,0.0
1993-10-19,0.75,0.75,0.65625,0.65625,0.6014994382858276,-0.9668110676844776,-12.499993496992923,-0.0859284400939941,-0.08592844009399414
1993-10-20,0.75,0.75,0.75,0.75,0.6874278783798218,-0.7766062061467464,14.285705791991376,0.0859284400939941,0.08592844009399414
1993-10-21,0.75,0.75,0.65625,0.71875,0.6587850451469421,-0.4007251702507535,-4.166667389223012,-0.0286428332328796,-0.02864283323287964
1993-10-22,0.78125,0.78125,0.671875,0.6875,0.6301422119140625,0.8537211784623793,-4.347826873709748,-0.0286428332328796,-0.02864283323287964
1993-10-25,0.65625,0.6875,0.65625,0.6875,0.6301422119140625,-0.939638944607659,0.0,0.0,0.0
1993-10-26,0.6875,0.6875,0.6875,0.6875,0.6301422119140625,-1.0120979394791756,0.0,0.0,0.0
1993-10-27,0.65625,0.78125,0.65625,0.78125,0.7160705327987671,-0.962282380505008,13.636337839310354,0.0859283208847045,0.08592832088470459
1993-10-28,0.78125,0.78125,0.65625,0.65625,0.6014994382858276,-0.9441676317871288,-15.999973363676546,-0.1145710945129394,-0.11457109451293945
1993-10-29,0.78125,0.78125,0.65625,0.71875,0.6587850451469421,-0.8807660112745517,9.523800558213136,0.0572856068611145,0.0572856068611145
1993-11-01,0.71875,0.71875,0.6875,0.6875,0.6301422119140625,-0.7720775189672766,-4.347826873709748,-0.0286428332328796,-0.02864283323287964
1993-11-02,0.65625,0.78125,0.65625,0.78125,0.7160705327987671,-0.9351102574281892,13.636337839310354,0.0859283208847045,0.08592832088470459
1993-11-03,0.78125,0.78125,0.78125,0.78125,0.7160705327987671,-1.007569252299706,0.0,0.0,0.0
1993-11-04,0.78125,0.78125,0.78125,0.78125,0.7160705327987671,-1.0120979394791756,0.0,0.0,0.0
1993-11-05,0.65625,0.65625,0.65625,0.65625,0.6014994382858276,-1.007569252299706,-15.999973363676546,-0.1145710945129394,-0.11457109451293945
1993-11-08,0.78125,0.78125,0.65625,0.71875,0.6587850451469421,-0.8852946984540214,9.523800558213136,0.0572856068611145,0.0572856068611145
1993-11-09,0.75,0.75,0.65625,0.6875,0.6301422119140625,-0.8400078266593235,-4.347826873709748,-0.0286428332328796,-0.02864283323287964
1993-11-10,0.75,0.75,0.6875,0.6875,0.6301422119140625,-0.7584914574288673,0.0,0.0,0.0
1993-11-11,0.75,0.75,0.65625,0.65625,0.6014994382858276,-0.9894545035818266,-4.545445946436788,-0.0286427736282348,-0.028642773628234863
1993-11-12,0.71875,0.71875,0.59375,0.65625,0.6014994382858276,4.549129916909731,0.0,0.0,0.0
1993-11-15,0.609375,0.625,0.609375,0.625,0.572856605052948,-0.6950898369162901,-4.761905233778252,-0.0286428332328796,-0.02864283323287964
1993-11-16,0.59375,0.625,0.59375,0.59375,0.5442137122154236,-0.8128357035825047,-5.000010925051135,-0.0286428928375244,-0.028642892837524414
1993-11-17,0.59375,0.625,0.59375,0.625,0.572856605052948,2.0130650964066463,5.263170000058048,0.0286428928375244,0.028642892837524414
1993-11-18,0.609375,0.609375,0.609375,0.609375,0.558535099029541,-0.9985118779407662,-2.500015867336169,-0.0143215060234069,-0.014321506023406982
1993-11-19,0.609375,0.625,0.59375,0.59375,0.5442137122154236,-0.2195776830719617,-2.56409791237846,-0.0143213868141174,-0.014321386814117432
1993-11-22,0.59375,0.609375,0.59375,0.59375,0.5442137122154236,-0.8218930779414443,0.0,0.0,0.0
1993-11-23,0.625,0.625,0.59375,0.59375,0.5442137122154236,-0.8264217651209141,0.0,0.0,0.0
1993-11-24,0.59375,0.625,0.59375,0.609375,0.558535099029541,0.6680450041041177,2.631574047595553,0.0143213868141174,0.014321386814117432
1993-11-26,0.609375,0.625,0.609375,0.625,0.572856605052948,-0.8762373240950818,2.564119255583175,0.0143215060234069,0.014321506023406982
1993-11-29,0.59375,0.59375,0.59375,0.59375,0.5442137122154236,-0.7992496420440953,-5.000010925051135,-0.0286428928375244,-0.028642892837524414
1993-11-30,0.625,0.625,0.59375,0.625,0.572856605052948,0.817491681026621,5.263170000058048,0.0286428928375244,0.028642892837524414
1993-12-01,0.609375,0.609375,0.59375,0.59375,0.5442137122154236,-0.5139423497374983,-5.000010925051135,-0.0286428928375244,-0.028642892837524414
1993-12-02,0.625,0.625,0.59375,0.609375,0.558535099029541,-0.7947209548646256,2.631574047595553,0.0143213868141174,0.014321386814117432
1993-12-03,0.625,0.625,0.59375,0.59375,0.5442137122154236,-0.7267906471725787,-2.56409791237846,-0.0143213868141174,-0.014321386814117432
1993-12-06,0.59375,0.625,0.59375,0.59375,0.5442137122154236,-0.7584914574288673,0.0,0.0,0.0
1993-12-07,0.59375,0.625,0.59375,0.625,0.572856605052948,-0.4686554779428004,5.263170000058048,0.0286428928375244,0.028642892837524414
1993-12-08,0.59375,0.734375,0.59375,0.65625,0.6014994382858276,3.2403393220429604,5.000000520240522,0.0286428332328796,0.02864283323287964
1993-12-09,0.6875,0.6875,0.65625,0.65625,0.6014994382858276,-0.369024359994465,0.0,0.0,0.0
1993-12-10,0.6875,0.6875,0.65625,0.65625,0.6014994382858276,0.0430861733372862,0.0,0.0,0.0
1993-12-13,0.65625,0.6875,0.625,0.6875,0.6301422119140625,2.044765906662935,4.761895324434873,0.0286427736282348,0.028642773628234863
1993-12-14,0.625,0.6875,0.625,0.625,0.572856605052948,0.1291312297472123,-9.090901351793113,-0.0572856068611145,-0.0572856068611145
1993-12-15,0.65625,0.65625,0.625,0.625,0.572856605052948,-0.5682865958911358,0.0,0.0,0.0
1993-12-16,0.625,0.65625,0.625,0.65625,0.6014994382858276,-0.9079381343513704,5.000000520240522,0.0286428332328796,0.02864283323287964
1993-12-17,0.625,0.65625,0.59375,0.609375,0.558535099029541,-0.1878768728156732,-7.142872714682458,-0.0429643392562866,-0.04296433925628662
1993-12-21,0.625,0.640625,0.578125,0.640625,0.5871779322624207,2.257614204098015,5.128206496359278,0.0286428332328796,0.02864283323287964
1993-12-22,0.59375,0.65625,0.59375,0.59375,0.5442137122154236,-0.5909300317884848,-7.317069952110455,-0.042964220046997,-0.04296422004699707
1993-12-23,0.59375,0.65625,0.59375,0.59375,0.5442137122154236,-0.6815037753778808,0.0,0.0,0.0
1993-12-27,0.59375,0.65625,0.59375,0.625,0.572856605052948,-0.2241063702514315,5.263170000058048,0.0286428928375244,0.028642892837524414
1993-12-28,0.59375,0.65625,0.59375,0.59375,0.5442137122154236,-0.6045160933268943,-5.000010925051135,-0.0286428928375244,-0.028642892837524414
1993-12-29,0.59375,0.625,0.59375,0.59375,0.5442137122154236,-0.4188399189686327,0.0,0.0,0.0
1993-12-30,0.59375,0.65625,0.59375,0.59375,0.5442137122154236,-0.4278972933275722,0.0,0.0,0.0
1993-12-31,0.59375,0.65625,0.59375,0.65625,0.6014994382858276,-0.5139423497374983,10.526329047682626,0.057285726070404,0.05728572607040405
1994-01-03,0.625,0.625,0.625,0.625,0.572856605052948,-0.9985118779407662,-4.761905233778252,-0.0286428332328796,-0.02864283323287964
1994-01-04,0.65625,0.65625,0.59375,0.625,0.572856605052948,-0.6543316523010619,0.0,0.0,0.0
1994-01-05,0.65625,0.65625,0.5625,0.625,0.572856605052948,-0.7947209548646256,0.0,0.0,0.0
1994-01-06,0.65625,0.65625,0.65625,0.65625,0.6014994382858276,-1.007569252299706,5.000000520240522,0.0286428332328796,0.02864283323287964
1994-01-07,0.6875,0.6875,0.578125,0.609375,0.558535099029541,-0.0927744420468075,-7.142872714682458,-0.0429643392562866,-0.04296433925628662
1994-01-10,0.578125,0.578125,0.5625,0.5625,0.5155709385871887,-0.9305815702487192,-7.692293737135381,-0.0429641604423522,-0.042964160442352295
1994-01-11,0.5625,0.609375,0.5625,0.609375,0.558535099029541,0.3510369015412322,8.333316955390524,0.0429641604423522,0.042964160442352295
1994-01-12,0.6875,0.6875,0.5625,0.59375,0.5442137122154236,0.2468770964134269,-2.56409791237846,-0.0143213868141174,-0.014321386814117432
1994-01-14,0.5625,0.625,0.5625,0.625,0.572856605052948,-0.939638944607659,5.263170000058048,0.0286428928375244,0.028642892837524414
1994-01-17,0.59375,0.625,0.59375,0.625,0.572856605052948,-0.609044780506364,0.0,0.0,0.0
1994-01-18,0.625,0.78125,0.609375,0.75,0.6874278783798218,3.376199937427054,19.99999167615152,0.1145712733268737,0.11457127332687378
1994-01-19,0.703125,0.78125,0.6875,0.71875,0.6587850451469421,3.783781783579336,-4.166667389223012,-0.0286428332328796,-0.02864283323287964
1994-01-20,0.703125,0.71875,0.6875,0.6875,0.6301422119140625,0.1291312297472123,-4.347826873709748,-0.0286428332328796,-0.02864283323287964
1994-01-21,0.65625,0.65625,0.65625,0.65625,0.6014994382858276,-0.8671799497361422,-4.545445946436788,-0.0286427736282348,-0.028642773628234863
1994-01-24,0.65625,0.703125,0.65625,0.6875,0.6301422119140625,-0.4143112317891629,4.761895324434873,0.0286427736282348,0.028642773628234863
1994-01-25,0.71875,0.71875,0.65625,0.6875,0.6301422119140625,-0.6633890266600015,0.0,0.0,0.0
1994-01-26,0.6875,0.6875,0.59375,0.640625,0.5871779322624207,2.126282275893391,-6.81818783749425,-0.0429642796516418,-0.042964279651641846
1994-01-27,0.625,0.65625,0.59375,0.59375,0.5442137122154236,-0.631688216403713,-7.317069952110455,-0.042964220046997,-0.04296422004699707
1994-01-28,0.65625,0.65625,0.59375,0.59375,0.5442137122154236,-0.9803971292228872,0.0,0.0,0.0
1994-01-31,0.65625,0.65625,0.625,0.625,0.572856605052948,-0.6724464010189412,5.263170000058048,0.0286428928375244,0.028642892837524414
1994-02-01,0.625,0.625,0.625,0.625,0.572856605052948,-1.0120979394791756,0.0,0.0,0.0
1994-02-02,0.59375,0.65625,0.59375,0.65625,0.6014994382858276,-0.5139423497374983,5.000000520240522,0.0286428332328796,0.02864283323287964
1994-02-03,0.65625,0.65625,0.65625,0.65625,0.6014994382858276,-1.0120979394791756,0.0,0.0,0.0
1994-02-04,0.6875,0.6875,0.59375,0.59375,0.5442137122154236,-0.9939831907612964,-9.523820376899897,-0.057285726070404,-0.05728572607040405
1994-02-07,0.59375,0.59375,0.59375,0.59375,0.5442137122154236,-0.9849258164023568,0.0,0.0,0.0
1994-02-08,0.65625,0.65625,0.625,0.625,0.572856605052948,0.0929017323114539,5.263170000058048,0.0286428928375244,0.028642892837524414
1994-02-09,0.59375,0.65625,0.59375,0.609375,0.558535099029541,-0.9305815702487192,-2.500015867336169,-0.0143215060234069,-0.014321506023406982
1994-02-10,0.59375,0.59375,0.59375,0.59375,0.5442137122154236,-0.9758684420434172,-2.56409791237846,-0.0143213868141174,-0.014321386814117432
1994-02-11,0.625,0.65625,0.625,0.625,0.572856605052948,0.8990080502570772,5.263170000058048,0.0286428928375244,0.028642892837524414
1994-02-14,0.59375,0.65625,0.59375,0.609375,0.558535099029541,-0.8581225753772027,-2.500015867336169,-0.0143215060234069,-0.014321506023406982
1994-02-15,0.59375,0.65625,0.59375,0.65625,0.6014994382858276,0.4461393323100979,7.692325751942453,0.0429643392562866,0.04296433925628662
1994-02-16,0.65625,0.65625,0.625,0.640625,0.5871779322624207,-0.2422211189693107,-2.3809674809041947,-0.0143215060234069,-0.014321506023406982
1994-02-17,0.625,0.65625,0.625,0.625,0.572856605052948,1.0937415989742785,-2.439009782655144,-0.0143213272094726,-0.014321327209472656
1994-02-18,0.625,0.625,0.625,0.625,0.572856605052948,-0.91699550871031,0.0,0.0,0.0
1994-02-22,0.640625,0.65625,0.625,0.625,0.572856605052948,0.464254081027977,0.0,0.0,0.0
1994-02-23,0.625,0.625,0.625,0.625,0.572856605052948,-0.9939831907612964,0.0,0.0,0.0
1994-02-25,0.6875,0.71875,0.65625,0.65625,0.6014994382858276,-0.5229997240964379,5.000000520240522,0.0286428332328796,0.02864283323287964
1994-02-28,0.65625,0.671875,0.65625,0.65625,0.6014994382858276,0.1925328502597894,0.0,0.0,0.0
1994-03-01,0.625,0.65625,0.609375,0.65625,0.6014994382858276,-0.5456431599937869,0.0,0.0,0.0
1994-03-02,0.640625,0.640625,0.625,0.625,0.572856605052948,-0.91699550871031,-4.761905233778252,-0.0286428332328796,-0.02864283323287964
1994-03-03,0.625,0.6875,0.625,0.65625,0.6014994382858276,0.6544589425657084,5.000000520240522,0.0286428332328796,0.02864283323287964
1994-03-07,0.65625,0.65625,0.640625,0.640625,0.5871779322624207,-0.8309504523003839,-2.3809674809041947,-0.0143215060234069,-0.014321506023406982
1994-03-08,0.625,0.625,0.625,0.625,0.572856605052948,-0.5320570984553775,-2.439009782655144,-0.0143213272094726,-0.014321327209472656
1994-03-09,0.625,0.625,0.625,0.625,0.572856605052948,-1.0120979394791756,0.0,0.0,0.0
1994-03-10,0.625,0.625,0.59375,0.59375,0.5442137122154236,-0.4460120420454515,-5.000010925051135,-0.0286428928375244,-0.028642892837524414
1994-03-11,0.65625,0.65625,0.59375,0.59375,0.5442137122154236,-0.8037783292235652,0.0,0.0,0.0
1994-03-14,0.625,0.640625,0.625,0.625,0.572856605052948,-0.4958276010196192,5.263170000058048,0.0286428928375244,0.028642892837524414
1994-03-15,0.609375,0.609375,0.609375,0.609375,0.558535099029541,-0.9849258164023568,-2.500015867336169,-0.0143215060234069,-0.014321506023406982
1994-03-16,0.65625,0.65625,0.609375,0.609375,0.558535099029541,-0.962282380505008,0.0,0.0,0.0
1994-03-17,0.59375,0.65625,0.59375,0.59375,0.5442137122154236,-0.8354791394798537,-2.56409791237846,-0.0143213868141174,-0.014321386814117432
1994-03-18,0.625,0.65625,0.59375,0.59375,0.5442137122154236,0.6363441938478293,0.0,0.0,0.0
1994-03-21,0.59375,0.59375,0.59375,0.59375,0.5442137122154236,-0.9215241958897796,0.0,0.0,0.0
1994-03-22,0.625,0.625,0.625,0.625,0.572856605052948,-0.9441676317871288,5.263170000058048,0.0286428928375244,0.028642892837524414
1994-03-23,0.625,0.65625,0.625,0.65625,0.6014994382858276,-0.8626512625566725,5.000000520240522,0.0286428332328796,0.02864283323287964
1994-03-24,0.625,0.625,0.625,0.625,0.572856605052948,0.0295001117988768,-4.761905233778252,-0.0286428332328796,-0.02864283323287964
1994-03-25,0.59375,0.640625,0.59375,0.625,0.572856605052948,0.6861597528219969,0.0,0.0,0.0
1994-03-28,0.59375,0.640625,0.59375,0.640625,0.5871779322624207,-0.0520162574315794,2.4999846529043523,0.0143213272094726,0.014321327209472656
1994-03-29,0.625,0.65625,0.625,0.65625,0.6014994382858276,0.1834754759008498,2.439040235763912,0.0143215060234069,0.014321506023406982
1994-03-30,0.625,0.625,0.59375,0.625,0.572856605052948,0.9805244194875335,-4.761905233778252,-0.0286428332328796,-0.02864283323287964
1994-03-31,0.625,0.6875,0.59375,0.6875,0.6301422119140625,-0.6860324625573505,9.999990635670454,0.0572856068611145,0.0572856068611145
1994-04-04,0.59375,0.65625,0.59375,0.65625,0.6014994382858276,-0.8490652010182631,-4.545445946436788,-0.0286427736282348,-0.028642773628234863
1994-04-05,0.59375,0.65625,0.59375,0.65625,0.6014994382858276,-0.9668110676844776,0.0,0.0,0.0
1994-04-06,0.59375,0.6875,0.59375,0.6875,0.6301422119140625,-0.8807660112745517,4.761895324434873,0.0286427736282348,0.028642773628234863
1994-04-07,0.6875,0.6875,0.59375,0.6875,0.6301422119140625,-0.2286350574309013,0.0,0.0,0.0
1994-04-08,0.625,0.6875,0.625,0.625,0.572856605052948,-0.5909300317884848,-9.090901351793113,-0.0572856068611145,-0.0572856068611145
1994-04-11,0.625,0.65625,0.625,0.65625,0.6014994382858276,-0.9351102574281892,5.000000520240522,0.0286428332328796,0.02864283323287964
1994-04-12,0.609375,0.625,0.609375,0.625,0.572856605052948,0.3238647784644134,-4.761905233778252,-0.0286428332328796,-0.02864283323287964
1994-04-13,0.625,0.640625,0.625,0.640625,0.5871779322624207,-0.1742908112772638,2.4999846529043523,0.0143213272094726,0.014321327209472656
1994-04-14,0.59375,0.640625,0.59375,0.640625,0.5871779322624207,-0.8762373240950818,0.0,0.0,0.0
1994-04-15,0.59375,0.640625,0.59375,0.59375,0.5442137122154236,-0.7132045856341692,-7.317069952110455,-0.042964220046997,-0.04296422004699707
1994-04-18,0.625,0.640625,0.59375,0.59375,0.5442137122154236,-0.7267906471725787,0.0,0.0,0.0
1994-04-19,0.625,0.6875,0.59375,0.65625,0.6014994382858276,2.873515660505907,10.526329047682626,0.057285726070404,0.05728572607040405
1994-04-20,0.59375,0.59375,0.59375,0.59375,0.5442137122154236,-1.007569252299706,-9.523820376899897,-0.057285726070404,-0.05728572607040405
1994-04-21,0.59375,0.59375,0.59375,0.59375,0.5442137122154236,-0.9758684420434172,0.0,0.0,0.0
1994-04-22,0.609375,0.609375,0.59375,0.609375,0.558535099029541,-0.8083070164030349,2.631574047595553,0.0143213868141174,0.014321386814117432
1994-04-25,0.59375,0.609375,0.59375,0.609375,0.558535099029541,-0.6815037753778808,0.0,0.0,0.0
1994-04-26,0.625,0.625,0.609375,0.609375,0.558535099029541,-0.8762373240950818,0.0,0.0,0.0
1994-04-28,0.59375,0.609375,0.59375,0.59375,0.5442137122154236,-0.8898233856334912,-2.56409791237846,-0.0143213868141174,-0.014321386814117432
1994-04-29,0.625,0.65625,0.59375,0.625,0.572856605052948,3.684150665631,5.263170000058048,0.0286428928375244,0.028642892837524414
1994-05-02,0.625,0.625,0.625,0.625,0.572856605052948,-1.0120979394791756,0.0,0.0,0.0
1994-05-03,0.59375,0.59375,0.59375,0.59375,0.5442137122154236,-0.785663580505686,-5.000010925051135,-0.0286428928375244,-0.028642892837524414
1994-05-04,0.625,0.65625,0.625,0.65625,0.6014994382858276,-0.8988807599924308,10.526329047682626,0.057285726070404,0.05728572607040405
1994-05-05,0.65625,0.65625,0.65625,0.65625,0.6014994382858276,-0.9985118779407662,0.0,0.0,0.0
1994-05-06,0.59375,0.59375,0.59375,0.59375,0.5442137122154236,4.254765250244194,-9.523820376899897,-0.057285726070404,-0.05728572607040405
1994-05-09,0.59375,0.59375,0.59375,0.59375,0.5442137122154236,-1.0120979394791756,0.0,0.0,0.0
1994-05-10,0.59375,0.625,0.59375,0.609375,0.558535099029541,-0.2014629343540826,2.631574047595553,0.0143213868141174,0.014321386814117432
1994-05-11,0.59375,0.59375,0.59375,0.59375,0.5442137122154236,-0.9079381343513704,-2.56409791237846,-0.0143213868141174,-0.014321386814117432
1994-05-12,0.59375,0.609375,0.59375,0.609375,0.558535099029541,-0.8535938881977329,2.631574047595553,0.0143213868141174,0.014321386814117432
1994-05-13,0.625,0.625,0.59375,0.609375,0.558535099029541,-0.7901922676851557,0.0,0.0,0.0
1994-05-16,0.59375,0.65625,0.59375,0.59375,0.5442137122154236,-0.9532250061460684,-2.56409791237846,-0.0143213868141174,-0.014321386814117432
1994-05-17,0.59375,0.59375,0.59375,0.59375,0.5442137122154236,-1.0120979394791756,0.0,0.0,0.0
1994-05-18,0.59375,0.609375,0.59375,0.609375,0.558535099029541,-0.9351102574281892,2.631574047595553,0.0143213868141174,0.014321386814117432
1994-05-19,0.609375,0.609375,0.609375,0.609375,0.558535099029541,-1.0120979394791756,0.0,0.0,0.0
1994-05-20,0.59375,0.65625,0.59375,0.65625,0.6014994382858276,-0.9441676317871288,7.692325751942453,0.0429643392562866,0.04296433925628662
1994-05-23,0.59375,0.609375,0.59375,0.59375,0.5442137122154236,-0.9215241958897796,-9.523820376899897,-0.057285726070404,-0.05728572607040405
1994-05-24,0.59375,0.59375,0.59375,0.59375,0.5442137122154236,-1.0120979394791756,0.0,0.0,0.0
1994-05-25,0.59375,0.59375,0.59375,0.59375,0.5442137122154236,-1.0120979394791756,0.0,0.0,0.0
1994-05-26,0.59375,0.59375,0.59375,0.59375,0.5442137122154236,-0.8762373240950818,0.0,0.0,0.0
1994-05-27,0.65625,0.65625,0.609375,0.625,0.572856605052948,0.6589876297451782,5.263170000058048,0.0286428928375244,0.028642892837524414
1994-05-31,0.625,0.625,0.625,0.625,0.572856605052948,-1.0120979394791756,0.0,0.0,0.0
1994-06-02,0.625,0.625,0.625,0.625,0.572856605052948,-1.0120979394791756,0.0,0.0,0.0
1994-06-03,0.625,0.625,0.59375,0.59375,0.5442137122154236,-0.7222619599931088,-5.000010925051135,-0.0286428928375244,-0.028642892837524414
1994-06-06,0.59375,0.59375,0.59375,0.59375,0.5442137122154236,-0.9985118779407662,0.0,0.0,0.0
1994-06-07,0.59375,0.65625,0.59375,0.625,0.572856605052948,-0.47771285230174,5.263170000058048,0.0286428928375244,0.028642892837524414
1994-06-08,0.625,0.625,0.625,0.625,0.572856605052948,-1.0120979394791756,0.0,0.0,0.0
1994-06-09,0.59375,0.59375,0.59375,0.59375,0.5442137122154236,-1.007569252299706,-5.000010925051135,-0.0286428928375244,-0.028642892837524414
1994-06-10,0.59375,0.59375,0.59375,0.59375,0.5442137122154236,-0.9939831907612964,0.0,0.0,0.0
1994-06-13,0.59375,0.59375,0.59375,0.59375,0.5442137122154236,-1.0120979394791756,0.0,0.0,0.0
1994-06-14,0.59375,0.59375,0.59375,0.59375,0.5442137122154236,-1.0120979394791756,0.0,0.0,0.0
1994-06-15,0.65625,0.65625,0.625,0.640625,0.5871779322624207,-0.8354791394798537,7.89473309522013,0.042964220046997,0.04296422004699707
1994-06-16,0.625,0.625,0.625,0.625,0.572856605052948,-0.8762373240950818,-2.439009782655144,-0.0143213272094726,-0.014321327209472656
1994-06-17,0.640625,0.640625,0.625,0.625,0.572856605052948,0.663516316924648,0.0,0.0,0.0
1994-06-20,0.625,0.65625,0.625,0.65625,0.6014994382858276,-0.47771285230174,5.000000520240522,0.0286428332328796,0.02864283323287964
1994-06-21,0.609375,0.65625,0.59375,0.65625,0.6014994382858276,-0.4460120420454515,0.0,0.0,0.0
1994-06-22,0.65625,0.65625,0.65625,0.65625,0.6014994382858276,-1.007569252299706,0.0,0.0,0.0
1994-06-23,0.59375,0.65625,0.59375,0.59375,0.5442137122154236,-0.6815037753778808,-9.523820376899897,-0.057285726070404,-0.05728572607040405
1994-06-24,0.65625,0.65625,0.59375,0.59375,0.5442137122154236,-0.6815037753778808,0.0,0.0,0.0
1994-06-27,0.59375,0.59375,0.59375,0.59375,0.5442137122154236,-1.0120979394791756,0.0,0.0,0.0
1994-06-28,0.65625,0.65625,0.59375,0.59375,0.5442137122154236,-0.7947209548646256,0.0,0.0,0.0
1994-06-29,0.578125,0.625,0.5625,0.625,0.572856605052948,-0.7720775189672766,5.263170000058048,0.0286428928375244,0.028642892837524414
1994-06-30,0.53125,0.625,0.53125,0.625,0.572856605052948,-0.939638944607659,0.0,0.0,0.0
1994-07-05,0.5625,0.5625,0.5625,0.5625,0.5155709385871887,-1.0120979394791756,-10.000001040481054,-0.0572856664657592,-0.05728566646575928
1994-07-06,0.5625,0.5625,0.5625,0.5625,0.5155709385871887,-1.0120979394791756,0.0,0.0,0.0
1994-07-07,0.5625,0.5625,0.5625,0.5625,0.5155709385871887,-1.003040565120236,0.0,0.0,0.0
1994-07-08,0.5625,0.5625,0.5625,0.5625,0.5155709385871887,-1.0120979394791756,0.0,0.0,0.0
1994-07-11,0.5625,0.5625,0.5625,0.5625,0.5155709385871887,-1.0120979394791756,0.0,0.0,0.0
1994-07-12,0.5625,0.625,0.5625,0.5625,0.5155709385871887,-0.8852946984540214,0.0,0.0,0.0
1994-07-13,0.5625,0.59375,0.5625,0.59375,0.5442137122154236,1.5918971887159554,5.555544636927023,0.0286427736282348,0.028642773628234863
1994-07-14,0.5625,0.59375,0.5625,0.59375,0.5442137122154236,-0.9758684420434172,0.0,0.0,0.0
1994-07-15,0.5625,0.5625,0.5625,0.5625,0.5155709385871887,-1.007569252299706,-5.263148095191106,-0.0286427736282348,-0.028642773628234863
1994-07-18,0.5625,0.5625,0.5625,0.5625,0.5155709385871887,-0.91246682153084,0.0,0.0,0.0
1994-07-19,0.5625,0.5625,0.5625,0.5625,0.5155709385871887,-0.9441676317871288,0.0,0.0,0.0
1994-07-20,0.5625,0.5625,0.5625,0.5625,0.5155709385871887,-0.9894545035818266,0.0,0.0,0.0
1994-07-21,0.5625,0.5625,0.5625,0.5625,0.5155709385871887,-0.9713397548639476,0.0,0.0,0.0
1994-07-22,0.59375,0.609375,0.5625,0.59375,0.5442137122154236,1.06204078871799,5.555544636927023,0.0286427736282348,0.028642773628234863
1994-07-25,0.59375,0.59375,0.5625,0.59375,0.5442137122154236,-0.0973031292262773,0.0,0.0,0.0
1994-07-26,0.59375,0.59375,0.5625,0.5625,0.5155709385871887,0.7676761220524532,-5.263148095191106,-0.0286427736282348,-0.028642773628234863
1994-07-27,0.578125,0.578125,0.5625,0.5625,0.5155709385871887,-0.6045160933268943,0.0,0.0,0.0
1994-07-28,0.5625,0.5625,0.5625,0.5625,0.5155709385871887,-1.007569252299706,0.0,0.0,0.0
1994-07-29,0.5625,0.5625,0.5625,0.5625,0.5155709385871887,-1.003040565120236,0.0,0.0,0.0
1994-08-01,0.5625,0.5625,0.5625,0.5625,0.5155709385871887,-0.9668110676844776,0.0,0.0,0.0
1994-08-02,0.625,0.625,0.5625,0.609375,0.558535099029541,-0.5275284112759078,8.333316955390524,0.0429641604423522,0.042964160442352295
1994-08-03,0.5625,0.5625,0.5625,0.5625,0.5155709385871887,-1.007569252299706,-7.692293737135381,-0.0429641604423522,-0.042964160442352295
1994-08-04,0.5625,0.5625,0.5625,0.5625,0.5155709385871887,-0.9441676317871288,0.0,0.0,0.0
1994-08-05,0.5625,0.625,0.5625,0.578125,0.5298922657966614,-0.5184710369169682,2.7777607575627083,0.0143213272094726,0.014321327209472656
1994-08-08,0.578125,0.578125,0.578125,0.578125,0.5298922657966614,-1.0120979394791756,0.0,0.0,0.0
1994-08-09,0.5625,0.578125,0.5625,0.5625,0.5155709385871887,-0.7132045856341692,-2.7026865900639963,-0.0143213272094726,-0.014321327209472656
1994-08-10,0.5625,0.5625,0.5625,0.5625,0.5155709385871887,-0.7494340830699276,0.0,0.0,0.0
1994-08-11,0.5625,0.625,0.5625,0.625,0.572856605052948,-0.4686554779428004,11.111112395655653,0.0572856664657592,0.05728566646575928
1994-08-12,0.5625,0.625,0.5625,0.625,0.572856605052948,-0.7222619599931088,0.0,0.0,0.0
1994-08-15,0.5625,0.59375,0.5625,0.59375,0.5442137122154236,-0.1516473753799148,-5.000010925051135,-0.0286428928375244,-0.028642892837524414
1994-08-16,0.5625,0.578125,0.5625,0.578125,0.5298922657966614,-0.7811348933262162,-2.631585000029024,-0.0143214464187622,-0.014321446418762207
1994-08-17,0.5625,0.625,0.5625,0.578125,0.5298922657966614,-0.4278972933275722,0.0,0.0,0.0
1994-08-18,0.578125,0.609375,0.578125,0.59375,0.5442137122154236,-0.301094052302418,2.702709086955779,0.0143214464187622,0.014321446418762207
1994-08-19,0.59375,0.59375,0.59375,0.59375,0.5442137122154236,-1.0120979394791756,0.0,0.0,0.0
1994-08-22,0.5625,0.578125,0.5625,0.5625,0.5155709385871887,0.1698894143624404,-5.263148095191106,-0.0286427736282348,-0.028642773628234863
1994-08-23,0.5625,0.5625,0.5625,0.5625,0.5155709385871887,-0.9894545035818266,0.0,0.0,0.0
1994-08-24,0.5625,0.59375,0.5625,0.59375,0.5442137122154236,-0.5501718471732567,5.555544636927023,0.0286427736282348,0.028642773628234863
1994-08-25,0.59375,0.59375,0.59375,0.59375,0.5442137122154236,-1.0120979394791756,0.0,0.0,0.0
1994-08-26,0.5625,0.609375,0.5625,0.609375,0.558535099029541,-0.8264217651209141,2.631574047595553,0.0143213868141174,0.014321386814117432
1994-08-29,0.609375,0.609375,0.609375,0.609375,0.558535099029541,-1.0120979394791756,0.0,0.0,0.0
1994-08-30,0.625,0.625,0.59375,0.59375,0.5442137122154236,-0.9939831907612964,-2.56409791237846,-0.0143213868141174,-0.014321386814117432
1994-08-31,0.59375,0.59375,0.59375,0.59375,0.5442137122154236,-1.0120979394791756,0.0,0.0,0.0
1994-09-01,0.59375,0.59375,0.59375,0.59375,0.5442137122154236,-1.0120979394791756,0.0,0.0,0.0
1994-09-02,0.59375,0.59375,0.59375,0.59375,0.5442137122154236,-1.0120979394791756,0.0,0.0,0.0
1994-09-06,0.59375,0.59375,0.59375,0.59375,0.5442137122154236,-1.0120979394791756,0.0,0.0,0.0
1994-09-07,0.5625,0.609375,0.5625,0.59375,0.5442137122154236,-0.6950898369162901,0.0,0.0,0.0
1994-09-08,0.5625,0.625,0.5625,0.625,0.572856605052948,-0.8898233856334912,5.263170000058048,0.0286428928375244,0.028642892837524414
1994-09-09,0.5625,0.59375,0.53125,0.578125,0.5298922657966614,-0.432425980507042,-7.500016387576702,-0.0429643392562866,-0.04296433925628662
1994-09-12,0.578125,0.578125,0.578125,0.578125,0.5298922657966614,-1.0120979394791756,0.0,0.0,0.0
1994-09-13,0.59375,0.59375,0.59375,0.59375,0.5442137122154236,-0.8988807599924308,2.702709086955779,0.0143214464187622,0.014321446418762207
1994-09-14,0.546875,0.59375,0.546875,0.5625,0.5155709385871887,2.411589568199988,-5.263148095191106,-0.0286427736282348,-0.028642773628234863
1994-09-15,0.6015625,0.609375,0.6015625,0.6015625,0.5513745546340942,-0.7449053958904578,6.9444596984107765,0.0358036160469055,0.03580361604690552
1994-09-16,0.6015625,0.6015625,0.6015625,0.6015625,0.5513745546340942,-1.0120979394791756,0.0,0.0,0.0
1994-09-19,0.53125,0.578125,0.53125,0.5625,0.5155709385871887,-0.8671799497361422,-6.493519830755645,-0.0358036160469055,-0.03580361604690552
1994-09-20,0.5625,0.5625,0.5625,0.5625,0.5155709385871887,-1.0120979394791756,0.0,0.0,0.0
1994-09-21,0.5625,0.5625,0.5625,0.5625,0.5155709385871887,-0.9034094471719006,0.0,0.0,0.0
1994-09-22,0.5625,0.5625,0.5625,0.5625,0.5155709385871887,-0.9668110676844776,0.0,0.0,0.0
1994-09-23,0.5625,0.5625,0.5625,0.5625,0.5155709385871887,-0.9985118779407662,0.0,0.0,0.0
1994-09-26,0.625,0.625,0.53125,0.5546875,0.5084100961685181,-0.9532250061460684,-1.3889150614837642,-0.0071608424186706,-0.007160842418670654
1994-09-27,0.53125,0.53125,0.53125,0.53125,0.4869279861450195,-0.7494340830699276,-4.225350791692007,-0.0214821100234985,-0.02148211002349859
1994-09-28,0.5625,0.5625,0.5625,0.5625,0.5155709385871887,-0.0701310061494586,5.882379583259079,0.0286429524421692,0.028642952442169245
1994-09-29,0.53125,0.53125,0.53125,0.53125,0.4869279861450195,-0.9849258164023568,-5.555579319629434,-0.0286429524421692,-0.028642952442169245
1994-09-30,0.5625,0.5625,0.5625,0.5625,0.5155709385871887,-0.2241063702514315,5.882379583259079,0.0286429524421692,0.028642952442169245
1994-10-03,0.5625,0.5625,0.5625,0.5625,0.5155709385871887,-0.9668110676844776,0.0,0.0,0.0
1994-10-04,0.5625,0.5625,0.5625,0.5625,0.5155709385871887,-0.5275284112759078,0.0,0.0,0.0
1994-10-05,0.5625,0.5625,0.5625,0.5625,0.5155709385871887,-1.0120979394791756,0.0,0.0,0.0
1994-10-06,0.5625,0.5625,0.5625,0.5625,0.5155709385871887,-0.9939831907612964,0.0,0.0,0.0
1994-10-07,0.5625,0.578125,0.5625,0.578125,0.5298922657966614,-0.6950898369162901,2.7777607575627083,0.0143213272094726,0.014321327209472656
1994-10-10,0.5625,0.5625,0.5625,0.5625,0.5155709385871887,-0.9713397548639476,-2.7026865900639963,-0.0143213272094726,-0.014321327209472656
1994-10-11,0.5625,0.5625,0.5625,0.5625,0.5155709385871887,-0.9486963189665986,0.0,0.0,0.0
1994-10-12,0.5625,0.5625,0.5625,0.5625,0.5155709385871887,-0.9939831907612964,0.0,0.0,0.0
1994-10-13,0.5625,0.5625,0.5625,0.5625,0.5155709385871887,-1.0120979394791756,0.0,0.0,0.0
1994-10-14,0.5625,0.5625,0.5625,0.5625,0.5155709385871887,-1.003040565120236,0.0,0.0,0.0
1994-10-17,0.5625,0.625,0.5625,0.625,0.572856605052948,-0.91246682153084,11.111112395655653,0.0572856664657592,0.05728566646575928
1994-10-18,0.5625,0.5625,0.5625,0.5625,0.5155709385871887,-0.9215241958897796,-10.000001040481054,-0.0572856664657592,-0.05728566646575928
1994-10-19,0.5625,0.625,0.5625,0.625,0.572856605052948,0.3691516502591114,11.111112395655653,0.0572856664657592,0.05728566646575928
1994-10-20,0.5625,0.59375,0.5625,0.59375,0.5442137122154236,-0.6543316523010619,-5.000010925051135,-0.0286428928375244,-0.028642892837524414
1994-10-21,0.5625,0.578125,0.5625,0.5625,0.5155709385871887,-0.6996185240957599,-5.263148095191106,-0.0286427736282348,-0.028642773628234863
1994-10-24,0.5625,0.5625,0.5625,0.5625,0.5155709385871887,-0.9668110676844776,0.0,0.0,0.0
1994-10-25,0.5625,0.5625,0.5625,0.5625,0.5155709385871887,-1.0120979394791756,0.0,0.0,0.0
1994-10-26,0.5625,0.5625,0.5625,0.5625,0.5155709385871887,-0.91246682153084,0.0,0.0,0.0
1994-10-27,0.5625,0.578125,0.5625,0.5625,0.5155709385871887,-0.3780817343534045,0.0,0.0,0.0
1994-10-28,0.5625,0.59375,0.5625,0.5859375,0.5370529890060425,-0.3644956728149952,4.166652697244855,0.0214820504188537,0.02148205041885376
1994-10-31,0.578125,0.578125,0.578125,0.578125,0.5298922657966614,-0.9803971292228872,-1.3333364409038873,-0.0071607232093811,-0.0071607232093811035
1994-11-01,0.609375,0.609375,0.578125,0.578125,0.5298922657966614,0.8899506758981376,0.0,0.0,0.0
1994-11-02,0.578125,0.578125,0.578125,0.578125,0.5298922657966614,-0.962282380505008,0.0,0.0,0.0
1994-11-03,0.59375,0.609375,0.578125,0.578125,0.5298922657966614,0.6454015682067687,0.0,0.0,0.0
1994-11-04,0.59375,0.609375,0.578125,0.578125,0.5298922657966614,-0.9577536933255382,0.0,0.0,0.0
1994-11-07,0.578125,0.578125,0.578125,0.578125,0.5298922657966614,-0.9939831907612964,0.0,0.0,0.0
1994-11-08,0.578125,0.578125,0.578125,0.578125,0.5298922657966614,-0.8490652010182631,0.0,0.0,0.0
1994-11-09,0.609375,0.609375,0.578125,0.578125,0.5298922657966614,-0.939638944607659,0.0,0.0,0.0
1994-11-10,0.59375,0.59375,0.578125,0.578125,0.5298922657966614,-0.9079381343513704,0.0,0.0,0.0
1994-11-11,0.59375,0.59375,0.5625,0.5625,0.5155709385871887,-0.7539627702493974,-2.7026865900639963,-0.0143213272094726,-0.014321327209472656
1994-11-14,0.53125,0.53125,0.53125,0.53125,0.4869279861450195,-0.9668110676844776,-5.555579319629434,-0.0286429524421692,-0.028642952442169245
1994-11-15,0.53125,0.5625,0.53125,0.5625,0.5155709385871887,-0.9668110676844776,5.882379583259079,0.0286429524421692,0.028642952442169245
1994-11-16,0.5625,0.5625,0.5625,0.5625,0.5155709385871887,-0.9894545035818266,0.0,0.0,0.0
1994-11-17,0.5625,0.578125,0.53125,0.53125,0.4869279861450195,1.451507886152392,-5.555579319629434,-0.0286429524421692,-0.028642952442169245
1994-11-18,0.53125,0.578125,0.53125,0.578125,0.5298922657966614,-0.6498029651215922,8.823538772496441,0.0429642796516419,0.0429642796516419
1994-11-21,0.53125,0.53125,0.53125,0.53125,0.4869279861450195,-0.9985118779407662,-8.10811601242144,-0.0429642796516419,-0.0429642796516419
1994-11-22,0.53125,0.53125,0.53125,0.53125,0.4869279861450195,-1.0120979394791756,0.0,0.0,0.0
1994-11-23,0.53125,0.53125,0.53125,0.53125,0.4869279861450195,-0.9668110676844776,0.0,0.0,0.0
1994-11-25,0.53125,0.53125,0.53125,0.53125,0.4869279861450195,-1.0120979394791756,0.0,0.0,0.0
1994-11-28,0.5625,0.5625,0.53125,0.53125,0.4869279861450195,-0.8671799497361422,0.0,0.0,0.0
1994-11-29,0.59375,0.59375,0.59375,0.59375,0.5442137122154236,-1.007569252299706,11.764722443647546,0.0572857260704041,0.05728572607040411
1994-11-30,0.53125,0.5625,0.53125,0.5625,0.5155709385871887,-0.9215241958897796,-5.263148095191106,-0.0286427736282348,-0.028642773628234863
1994-12-01,0.53125,0.625,0.53125,0.625,0.572856605052948,0.6544589425657084,11.111112395655653,0.0572856664657592,0.05728566646575928
1994-12-02,0.5625,0.59375,0.5625,0.59375,0.5442137122154236,-0.9803971292228872,-5.000010925051135,-0.0286428928375244,-0.028642892837524414
1994-12-05,0.59375,0.59375,0.59375,0.59375,0.5442137122154236,-1.0120979394791756,0.0,0.0,0.0
1994-12-06,0.5625,0.59375,0.5625,0.59375,0.5442137122154236,-0.9713397548639476,0.0,0.0,0.0
1994-12-07,0.59375,0.59375,0.59375,0.59375,0.5442137122154236,-1.0120979394791756,0.0,0.0,0.0
1994-12-08,0.5625,0.59375,0.5625,0.5625,0.5155709385871887,0.7812621835908626,-5.263148095191106,-0.0286427736282348,-0.028642773628234863
1994-12-09,0.5625,0.59375,0.5625,0.578125,0.5298922657966614,2.3980035066615786,2.7777607575627083,0.0143213272094726,0.014321327209472656
1994-12-12,0.578125,0.59375,0.5625,0.578125,0.5298922657966614,5.776404142546045,0.0,0.0,0.0
1994-12-14,0.53125,0.53125,0.53125,0.53125,0.4869279861450195,-0.9758684420434172,-8.10811601242144,-0.0429642796516419,-0.0429642796516419
1994-12-15,0.578125,0.625,0.5625,0.59375,0.5442137122154236,2.941445968197954,11.764722443647546,0.0572857260704041,0.05728572607040411
1994-12-16,0.59375,0.59375,0.59375,0.59375,0.5442137122154236,-1.0120979394791756,0.0,0.0,0.0
1994-12-19,0.625,0.625,0.53125,0.53125,0.4869279861450195,-0.8988807599924308,-10.526329047682635,-0.0572857260704041,-0.05728572607040411
1994-12-20,0.53125,0.53125,0.53125,0.53125,0.4869279861450195,-0.962282380505008,0.0,0.0,0.0
1994-12-21,0.53125,0.578125,0.53125,0.578125,0.5298922657966614,-0.7358480215315183,8.823538772496441,0.0429642796516419,0.0429642796516419
1994-12-22,0.53125,0.53125,0.53125,0.53125,0.4869279861450195,-0.962282380505008,-8.10811601242144,-0.0429642796516419,-0.0429642796516419
1994-12-23,0.53125,0.53125,0.53125,0.53125,0.4869279861450195,-0.9939831907612964,0.0,0.0,0.0
1994-12-27,0.53125,0.53125,0.53125,0.53125,0.4869279861450195,-0.8988807599924308,0.0,0.0,0.0
1994-12-28,0.53125,0.625,0.53125,0.53125,0.4869279861450195,-0.8400078266593235,0.0,0.0,0.0
1994-12-29,0.53125,0.5625,0.53125,0.5625,0.5155709385871887,-0.8083070164030349,5.882379583259079,0.0286429524421692,0.028642952442169245
1994-12-30,0.53125,0.53125,0.53125,0.53125,0.4869279861450195,-0.894352072812961,-5.555579319629434,-0.0286429524421692,-0.028642952442169245
1995-01-03,0.53125,0.5625,0.53125,0.546875,0.5012495517730713,-0.8898233856334912,2.941208153064845,0.0143215656280518,0.014321565628051813
1995-01-04,0.5625,0.5625,0.5625,0.5625,0.5155709385871887,2.2440281425596056,2.8571370814115093,0.0143213868141174,0.014321386814117432
1995-01-05,0.578125,0.578125,0.53125,0.53125,0.4869279861450195,-0.5229997240964379,-5.555579319629434,-0.0286429524421692,-0.028642952442169245
1995-01-06,0.53125,0.53125,0.53125,0.53125,0.4869279861450195,-1.007569252299706,0.0,0.0,0.0
1995-01-09,0.53125,0.53125,0.53125,0.53125,0.4869279861450195,-1.0120979394791756,0.0,0.0,0.0
1995-01-10,0.53125,0.53125,0.53125,0.53125,0.4869279861450195,-1.0120979394791756,0.0,0.0,0.0
1995-01-11,0.53125,0.625,0.53125,0.625,0.572856605052948,2.262142891277485,17.647089785949753,0.0859286189079285,0.08592861890792852
1995-01-12,0.546875,0.578125,0.53125,0.53125,0.4869279861450195,-0.4233686061481025,-15.000022370342805,-0.0859286189079285,-0.08592861890792852
1995-01-13,0.625,0.625,0.625,0.625,0.572856605052948,-0.9939831907612964,17.647089785949753,0.0859286189079285,0.08592861890792852
1995-01-16,0.53125,0.53125,0.53125,0.53125,0.4869279861450195,-0.9668110676844776,-15.000022370342805,-0.0859286189079285,-0.08592861890792852
1995-01-17,0.546875,0.546875,0.546875,0.546875,0.5012495517730713,-0.785663580505686,2.941208153064845,0.0143215656280518,0.014321565628051813
1995-01-18,0.5,0.5625,0.5,0.5625,0.5155709385871887,-0.500356288199089,2.8571370814115093,0.0143213868141174,0.014321386814117432
1995-01-19,0.5625,0.5625,0.5625,0.5625,0.5155709385871887,-1.0120979394791756,0.0,0.0,0.0
1995-01-20,0.5,0.53125,0.5,0.515625,0.472606748342514,-0.1063605035852169,-8.333322735840943,-0.0429641902446747,-0.04296419024467474
1995-01-23,0.53125,0.546875,0.5,0.546875,0.5012495517730713,0.9216514861544262,6.060599754660911,0.0286428034305573,0.028642803430557306
1995-01-24,0.515625,0.5625,0.515625,0.515625,0.472606748342514,2.0040077220477066,-5.714280108428838,-0.0286428034305573,-0.028642803430557306
1995-01-25,0.515625,0.515625,0.515625,0.515625,0.472606748342514,-0.9758684420434172,0.0,0.0,0.0
1995-01-26,0.5625,0.5625,0.5625,0.5625,0.5155709385871887,-0.9668110676844776,9.090896479018774,0.0429641902446747,0.04296419024467474
1995-01-27,0.59375,0.6875,0.53125,0.6875,0.6301422119140625,5.400523106650052,22.22221323041049,0.1145712733268737,0.11457127332687378
1995-01-30,0.625,0.6875,0.625,0.640625,0.5871779322624207,0.4551967066690374,-6.81818783749425,-0.0429642796516418,-0.042964279651641846
1995-01-31,0.640625,0.6875,0.640625,0.65625,0.6014994382858276,-0.2286350574309013,2.439040235763912,0.0143215060234069,0.014321506023406982
1995-02-01,0.671875,0.6875,0.65625,0.6875,0.6301422119140625,1.623597998972244,4.761895324434873,0.0286427736282348,0.028642773628234863
1995-02-02,0.6875,0.6875,0.640625,0.6875,0.6301422119140625,-0.192405559995143,0.0,0.0,0.0
1995-02-03,0.640625,0.65625,0.640625,0.65625,0.6014994382858276,-0.5592292215321963,-4.545445946436788,-0.0286427736282348,-0.028642773628234863
1995-02-06,0.6875,0.6875,0.640625,0.671875,0.6158207058906555,-0.9532250061460684,2.380927843530678,0.0143212676048278,0.01432126760482788
1995-02-07,0.6875,0.6875,0.640625,0.65625,0.6014994382858276,-0.5048849753785588,-2.325557985926308,-0.0143212676048278,-0.01432126760482788
1995-02-08,0.6875,0.6875,0.640625,0.640625,0.5871779322624207,-0.7177332728136391,-2.3809674809041947,-0.0143215060234069,-0.014321506023406982
1995-02-09,0.640625,0.640625,0.640625,0.640625,0.5871779322624207,-1.0120979394791756,0.0,0.0,0.0
1995-02-10,0.640625,0.671875,0.640625,0.65625,0.6014994382858276,-0.2422211189693107,2.439040235763912,0.0143215060234069,0.014321506023406982
1995-02-13,0.640625,0.65625,0.640625,0.640625,0.5871779322624207,-0.1516473753799148,-2.3809674809041947,-0.0143215060234069,-0.014321506023406982
1995-02-14,0.640625,0.65625,0.640625,0.65625,0.6014994382858276,-0.6905611497368203,2.439040235763912,0.0143215060234069,0.014321506023406982
1995-02-15,0.640625,0.640625,0.640625,0.640625,0.5871779322624207,-0.9758684420434172,-2.3809674809041947,-0.0143215060234069,-0.014321506023406982
1995-02-16,0.671875,0.671875,0.640625,0.65625,0.6014994382858276,-0.0882457548673377,2.439040235763912,0.0143215060234069,0.014321506023406982
1995-02-17,0.640625,0.671875,0.640625,0.65625,0.6014994382858276,-0.4505407292249212,0.0,0.0,0.0
1995-02-21,0.640625,0.640625,0.640625,0.640625,0.5871779322624207,-1.003040565120236,-2.3809674809041947,-0.0143215060234069,-0.014321506023406982
1995-02-22,0.640625,0.640625,0.640625,0.640625,0.5871779322624207,-0.9985118779407662,0.0,0.0,0.0
1995-02-23,0.671875,0.671875,0.640625,0.640625,0.5871779322624207,-0.962282380505008,0.0,0.0,0.0
1995-02-24,0.640625,0.671875,0.640625,0.65625,0.6014994382858276,-0.8173643907619745,2.439040235763912,0.0143215060234069,0.014321506023406982
1995-02-27,0.640625,0.671875,0.640625,0.671875,0.6158207058906555,-0.962282380505008,2.380927843530678,0.0143212676048278,0.01432126760482788
1995-02-28,0.640625,0.65625,0.625,0.625,0.572856605052948,-0.2965653651229483,-6.976722352258191,-0.0429641008377075,-0.04296410083770752
1995-03-01,0.625,0.65625,0.59375,0.609375,0.558535099029541,-0.6498029651215922,-2.500015867336169,-0.0143215060234069,-0.014321506023406982
1995-03-02,0.5625,0.578125,0.5625,0.578125,0.5298922657966614,-0.9486963189665986,-5.128206496359278,-0.0286428332328796,-0.02864283323287964
1995-03-03,0.578125,0.578125,0.578125,0.578125,0.5298922657966614,-1.003040565120236,0.0,0.0,0.0
1995-03-06,0.578125,0.578125,0.578125,0.578125,0.5298922657966614,-1.0120979394791756,0.0,0.0,0.0
1995-03-07,0.578125,0.59375,0.578125,0.59375,0.5442137122154236,-0.8852946984540214,2.702709086955779,0.0143214464187622,0.014321446418762207
1995-03-08,0.65625,0.65625,0.59375,0.59375,0.5442137122154236,-0.9939831907612964,0.0,0.0,0.0
1995-03-09,0.59375,0.59375,0.578125,0.578125,0.5298922657966614,-0.7584914574288673,-2.631585000029024,-0.0143214464187622,-0.014321446418762207
1995-03-10,0.5625,0.5625,0.5625,0.5625,0.5155709385871887,-0.9803971292228872,-2.7026865900639963,-0.0143213272094726,-0.014321327209472656
1995-03-13,0.5625,0.5625,0.5625,0.5625,0.5155709385871887,-1.0120979394791756,0.0,0.0,0.0
1995-03-14,0.5625,0.578125,0.5625,0.5625,0.5155709385871887,-0.9894545035818266,0.0,0.0,0.0
1995-03-15,0.5625,0.65625,0.5625,0.625,0.572856605052948,-0.91246682153084,11.111112395655653,0.0572856664657592,0.05728566646575928
1995-03-16,0.5625,0.578125,0.5625,0.578125,0.5298922657966614,-0.9577536933255382,-7.500016387576702,-0.0429643392562866,-0.04296433925628662
1995-03-17,0.578125,0.578125,0.578125,0.578125,0.5298922657966614,-1.0120979394791756,0.0,0.0,0.0
1995-03-20,0.578125,0.578125,0.578125,0.578125,0.5298922657966614,-1.0120979394791756,0.0,0.0,0.0
1995-03-21,0.578125,0.578125,0.578125,0.578125,0.5298922657966614,-1.0120979394791756,0.0,0.0,0.0
1995-03-22,0.5625,0.625,0.5625,0.609375,0.558535099029541,0.4551967066690374,5.40540692546565,0.0286428332328796,0.02864283323287964
1995-03-23,0.5625,0.6875,0.5625,0.65625,0.6014994382858276,1.0258112912822317,7.692325751942453,0.0429643392562866,0.04296433925628662
1995-03-24,0.65625,0.703125,0.625,0.625,0.572856605052948,2.656138675891357,-4.761905233778252,-0.0286428332328796,-0.02864283323287964
1995-03-27,0.625,0.625,0.625,0.625,0.572856605052948,-1.0120979394791756,0.0,0.0,0.0
1995-03-28,0.71875,0.71875,0.65625,0.65625,0.6014994382858276,-0.962282380505008,5.000000520240522,0.0286428332328796,0.02864283323287964
1995-03-29,0.65625,0.703125,0.65625,0.6875,0.6301422119140625,3.602634296400544,4.761895324434873,0.0286427736282348,0.028642773628234863
1995-03-30,0.6875,0.6875,0.6875,0.6875,0.6301422119140625,-1.0120979394791756,0.0,0.0,0.0
1995-03-31,0.65625,0.71875,0.65625,0.65625,0.6014994382858276,-0.9758684420434172,-4.545445946436788,-0.0286427736282348,-0.028642773628234863
1995-04-03,0.6875,0.71875,0.65625,0.71875,0.6587850451469421,0.2876352810286551,9.523800558213136,0.0572856068611145,0.0572856068611145
1995-04-04,0.71875,0.71875,0.65625,0.65625,0.6014994382858276,-0.8083070164030349,-8.695644699757409,-0.0572856068611145,-0.0572856068611145
1995-04-05,0.71875,0.71875,0.671875,0.703125,0.6444636583328247,0.4144385220538093,7.142852895995699,0.042964220046997,0.04296422004699707
1995-04-06,0.6875,0.75,0.6875,0.6875,0.6301422119140625,-0.0701310061494586,-2.2222271548733463,-0.0143214464187622,-0.014321446418762207
1995-04-07,0.6875,0.71875,0.6875,0.71875,0.6587850451469421,-0.8671799497361422,4.545455405356313,0.0286428332328796,0.02864283323287964
1995-04-10,0.6875,0.75,0.6875,0.71875,0.6587850451469421,-0.939638944607659,0.0,0.0,0.0
1995-04-11,0.75,0.75,0.6875,0.75,0.6874278783798218,-0.7132045856341692,4.347826873709737,0.0286428332328796,0.02864283323287964
1995-04-12,0.6875,0.6875,0.6875,0.6875,0.6301422119140625,-0.9758684420434172,-8.333334778446023,-0.0572856664657592,-0.05728566646575928
1995-04-13,0.75,0.75,0.75,0.75,0.6874278783798218,-0.9441676317871288,9.09091081071265,0.0572856664657592,0.05728566646575928
1995-04-17,0.75,0.75,0.75,0.75,0.6874278783798218,-0.9668110676844776,0.0,0.0,0.0
1995-04-18,0.6875,0.75,0.6875,0.703125,0.6444636583328247,-0.8445365138387932,-6.249996748496467,-0.042964220046997,-0.04296422004699707
1995-04-19,0.6875,0.6875,0.6875,0.6875,0.6301422119140625,-0.8988807599924308,-2.2222271548733463,-0.0143214464187622,-0.014321446418762207
1995-04-20,0.6875,0.703125,0.65625,0.6875,0.6301422119140625,0.1291312297472123,0.0,0.0,0.0
1995-04-21,0.6875,0.6875,0.6640625,0.6875,0.6301422119140625,1.7187004297411097,0.0,0.0,0.0
1995-04-24,0.6875,0.6875,0.6875,0.6875,0.6301422119140625,-0.6679177138394713,0.0,0.0,0.0
1995-04-25,0.6875,0.6875,0.6875,0.6875,0.6301422119140625,-1.0120979394791756,0.0,0.0,0.0
1995-04-26,0.671875,0.71875,0.65625,0.65625,0.6014994382858276,1.4469791989729222,-4.545445946436788,-0.0286427736282348,-0.028642773628234863
1995-04-27,0.65625,0.65625,0.65625,0.65625,0.6014994382858276,-1.0120979394791756,0.0,0.0,0.0
1995-04-28,0.71875,0.75,0.6875,0.75,0.6874278783798218,-0.6815037753778808,14.285705791991376,0.0859284400939941,0.08592844009399414
1995-05-01,0.75,0.75,0.75,0.75,0.6874278783798218,-1.0120979394791756,0.0,0.0,0.0
1995-05-02,0.71875,0.71875,0.71875,0.71875,0.6587850451469421,-0.785663580505686,-4.166667389223012,-0.0286428332328796,-0.02864283323287964
1995-05-03,0.71875,0.71875,0.71875,0.71875,0.6587850451469421,-1.0120979394791756,0.0,0.0,0.0
1995-05-04,0.6875,0.71875,0.65625,0.65625,0.6014994382858276,-0.6905611497368203,-8.695644699757409,-0.0572856068611145,-0.0572856068611145
1995-05-05,0.65625,0.65625,0.65625,0.65625,0.6014994382858276,-0.8309504523003839,0.0,0.0,0.0
1995-05-08,0.65625,0.71875,0.65625,0.65625,0.6014994382858276,-0.8037783292235652,0.0,0.0,0.0
1995-05-09,0.65625,0.65625,0.65625,0.65625,0.6014994382858276,-1.0120979394791756,0.0,0.0,0.0
1995-05-10,0.65625,0.71875,0.65625,0.6875,0.6301422119140625,-0.0565449446110492,4.761895324434873,0.0286427736282348,0.028642773628234863
1995-05-11,0.65625,0.734375,0.65625,0.734375,0.6731065511703491,-0.8083070164030349,6.818197296413775,0.0429643392562866,0.04296433925628662
1995-05-12,0.6875,0.71875,0.6875,0.6875,0.6301422119140625,-0.4822415394812098,-6.38299228875181,-0.0429643392562866,-0.04296433925628662
1995-05-15,0.71875,0.71875,0.6875,0.6875,0.6301422119140625,-0.740376708710988,0.0,0.0,0.0
1995-05-16,0.65625,0.75,0.65625,0.75,0.6874278783798218,-0.5139423497374983,9.09091081071265,0.0572856664657592,0.05728566646575928
1995-05-17,0.6875,0.71875,0.6875,0.6875,0.6301422119140625,-0.5184710369169682,-8.333334778446023,-0.0572856664657592,-0.05728566646575928
1995-05-18,0.65625,0.65625,0.625,0.625,0.572856605052948,-0.7766062061467464,-9.090901351793113,-0.0572856068611145,-0.0572856068611145
1995-05-19,0.625,0.625,0.625,0.625,0.572856605052948,-1.007569252299706,0.0,0.0,0.0
1995-05-22,0.625,0.640625,0.625,0.640625,0.5871779322624207,0.509540952822675,2.4999846529043523,0.0143213272094726,0.014321327209472656
1995-05-23,0.640625,0.640625,0.640625,0.640625,0.5871779322624207,-1.0120979394791756,0.0,0.0,0.0
1995-05-24,0.625,0.625,0.625,0.625,0.572856605052948,-0.9985118779407662,-2.439009782655144,-0.0143213272094726,-0.014321327209472656
1995-05-25,0.625,0.625,0.625,0.625,0.572856605052948,-1.0120979394791756,0.0,0.0,0.0
1995-05-26,0.625,0.625,0.625,0.625,0.572856605052948,-1.007569252299706,0.0,0.0,0.0
1995-05-30,0.625,0.640625,0.625,0.640625,0.5871779322624207,-0.8626512625566725,2.4999846529043523,0.0143213272094726,0.014321327209472656
1995-05-31,0.640625,0.640625,0.640625,0.640625,0.5871779322624207,-1.0120979394791756,0.0,0.0,0.0
1995-06-01,0.640625,0.640625,0.640625,0.640625,0.5871779322624207,-1.0120979394791756,0.0,0.0,0.0
1995-06-02,0.640625,0.640625,0.640625,0.640625,0.5871779322624207,-1.003040565120236,0.0,0.0,0.0
1995-06-05,0.640625,0.640625,0.640625,0.640625,0.5871779322624207,-1.0120979394791756,0.0,0.0,0.0
1995-06-06,0.640625,0.671875,0.640625,0.671875,0.6158207058906555,-0.9803971292228872,4.8780398673828,0.0286427736282348,0.028642773628234863
1995-06-07,0.671875,0.671875,0.671875,0.671875,0.6158207058906555,-1.0120979394791756,0.0,0.0,0.0
1995-06-08,0.671875,0.671875,0.671875,0.671875,0.6158207058906555,-1.0120979394791756,0.0,0.0,0.0
1995-06-09,0.640625,0.640625,0.640625,0.640625,0.5871779322624207,-0.9079381343513704,-4.651154687436032,-0.0286427736282348,-0.028642773628234863
1995-06-12,0.640625,0.640625,0.640625,0.640625,0.5871779322624207,-0.9215241958897796,0.0,0.0,0.0
1995-06-13,0.6484375,0.6484375,0.640625,0.640625,0.5871779322624207,-0.962282380505008,0.0,0.0,0.0
1995-06-14,0.640625,0.640625,0.640625,0.640625,0.5871779322624207,-1.0120979394791756,0.0,0.0,0.0
1995-06-15,0.671875,0.671875,0.640625,0.671875,0.6158207058906555,-0.0837170676878679,4.8780398673828,0.0286427736282348,0.028642773628234863
1995-06-16,0.71875,0.71875,0.640625,0.65625,0.6014994382858276,4.195892316911086,-2.325557985926308,-0.0143212676048278,-0.01432126760482788
1995-06-19,0.640625,0.640625,0.640625,0.640625,0.5871779322624207,-0.9713397548639476,-2.3809674809041947,-0.0143215060234069,-0.014321506023406982
1995-06-20,0.6484375,0.6484375,0.640625,0.640625,0.5871779322624207,-0.9034094471719006,0.0,0.0,0.0
1995-06-21,0.71875,0.71875,0.640625,0.6484375,0.5943386554718018,-0.9668110676844776,1.2195150423638168,0.0071607232093811,0.0071607232093811035
1995-06-22,0.640625,0.65625,0.640625,0.65625,0.6014994382858276,-0.8264217651209141,1.2048320848896177,0.0071607828140258,0.007160782814025879
1995-06-23,0.640625,0.65625,0.640625,0.65625,0.6014994382858276,-0.3599669856355253,0.0,0.0,0.0
1995-06-26,0.640625,0.71875,0.640625,0.65625,0.6014994382858276,-0.9079381343513704,0.0,0.0,0.0
1995-06-27,0.71875,0.71875,0.71875,0.71875,0.6587850451469421,-0.9441676317871288,9.523800558213136,0.0572856068611145,0.0572856068611145
1995-06-28,0.65625,0.671875,0.65625,0.671875,0.6158207058906555,-0.03843019589317,-6.521753882057757,-0.0429643392562866,-0.04296433925628662
1995-06-29,0.65625,0.6875,0.65625,0.6875,0.6301422119140625,-0.9758684420434172,2.325596701509713,0.0143215060234069,0.014321506023406982
1995-06-30,0.671875,0.671875,0.671875,0.671875,0.6158207058906555,-0.9215241958897796,-2.272741891057461,-0.0143215060234069,-0.014321506023406982
1995-07-03,0.671875,0.671875,0.671875,0.671875,0.6158207058906555,-1.0120979394791756,0.0,0.0,0.0
1995-07-05,0.65625,0.65625,0.65625,0.65625,0.6014994382858276,-0.9577536933255382,-2.325557985926308,-0.0143212676048278,-0.01432126760482788
1995-07-06,0.65625,0.65625,0.65625,0.65625,0.6014994382858276,-0.9668110676844776,0.0,0.0,0.0
1995-07-07,0.671875,0.734375,0.671875,0.734375,0.6731065511703491,-0.1788194984567336,11.90476803911733,0.0716071128845214,0.07160711288452148
1995-07-10,0.703125,0.71875,0.703125,0.703125,0.6444636583328247,-0.9577536933255382,-4.255328192501207,-0.0286428928375244,-0.028642892837524414
1995-07-11,0.703125,0.703125,0.703125,0.703125,0.6444636583328247,-0.9849258164023568,0.0,0.0,0.0
1995-07-12,0.703125,0.734375,0.703125,0.703125,0.6444636583328247,-0.8717086369156121,0.0,0.0,0.0
1995-07-13,0.703125,0.765625,0.703125,0.75,0.6874278783798218,0.9941104810259428,6.666662967178327,0.042964220046997,0.04296422004699707
1995-07-14,0.734375,0.859375,0.734375,0.859375,0.7876777648925781,1.93607741435566,14.583331526942487,0.1002498865127563,0.10024988651275635
1995-07-17,0.8125,0.921875,0.8125,0.875,0.8019992113113403,3.620749045118423,1.8181859457103489,0.0143214464187622,0.014321446418762207
1995-07-18,0.90625,0.90625,0.859375,0.90625,0.83064204454422,-0.1561760625593846,3.571429102286272,0.0286428332328796,0.02864283323287964
1995-07-19,0.875,0.90625,0.84375,0.90625,0.83064204454422,0.355565588720702,0.0,0.0,0.0
1995-07-20,0.90625,0.90625,0.84375,0.859375,0.7876777648925781,5.3552362348553535,-5.172418123286393,-0.0429642796516418,-0.042964279651641846
1995-07-21,0.84375,0.890625,0.84375,0.890625,0.8163205981254578,5.586199281008313,3.6363643242850463,0.0286428332328796,0.02864283323287964
1995-07-24,0.84375,0.890625,0.84375,0.859375,0.7876777648925781,0.4687827682074468,-3.50877257031772,-0.0286428332328796,-0.02864283323287964
1995-07-25,0.84375,0.8671875,0.84375,0.8671875,0.7948386073112488,-0.8762373240950818,0.9091081071264328,0.0071608424186706,0.007160842418670654
1995-07-27,0.984375,1.03125,0.953125,1.03125,0.945213496685028,3.7792530963998656,18.91892114834002,0.1503748893737791,0.15037488937377919
1995-07-28,1.03125,1.03125,0.984375,0.984375,0.9022490978240968,4.318166870756771,-4.545470310317434,-0.0429643988609311,-0.042964398860931174
1995-07-31,1.0,1.0,0.90625,0.9375,0.8592849969863892,0.4189672092332791,-4.761889032787259,-0.0429641008377076,-0.04296410083770763
1995-08-01,0.9375,0.9375,0.921875,0.921875,0.8449633121490479,0.7993769323087417,-1.6666978810952249,-0.0143216848373413,-0.014321684837341309
1995-08-02,0.9375,0.984375,0.921875,0.96875,0.8879277110099792,-0.3282661753792368,5.084765012063941,0.0429643988609313,0.042964398860931396
1995-08-03,0.921875,0.921875,0.921875,0.921875,0.8449633121490479,-0.8988807599924308,-4.838727108996432,-0.0429643988609313,-0.042964398860931396
1995-08-04,0.921875,0.96875,0.921875,0.921875,0.8449633121490479,-0.6860324625573505,0.0,0.0,0.0
1995-08-07,0.96875,0.96875,0.78125,0.859375,0.7876777648925781,1.0937415989742785,-6.7796490608298505,-0.0572855472564697,-0.05728554725646973
1995-08-08,0.875,0.875,0.828125,0.828125,0.7590349912643433,-0.6633890266600015,-3.636356757149428,-0.0286427736282348,-0.028642773628234863
1995-08-09,0.90625,0.90625,0.828125,0.828125,0.7590349912643433,-0.2920366779434785,0.0,0.0,0.0
1995-08-10,0.828125,0.875,0.78125,0.875,0.8019992113113403,-0.6226308420447734,5.660374098884491,0.042964220046997,0.04296422004699707
1995-08-11,0.875,0.875,0.8125,0.8125,0.7447134852409363,-0.9215241958897796,-7.142865636580464,-0.057285726070404,-0.05728572607040405
1995-08-14,0.78125,0.875,0.78125,0.78125,0.7160705327987671,-0.8717086369156121,-3.846170777060976,-0.0286429524421691,-0.02864295244216919
1995-08-15,0.78125,0.875,0.78125,0.875,0.8019992113113403,-0.9849258164023568,12.00002996586389,0.0859286785125732,0.08592867851257324
1995-08-16,0.875,0.875,0.84375,0.84375,0.7733563780784607,-0.8626512625566725,-3.571429102286283,-0.0286428332328796,-0.02864283323287964
1995-08-17,0.78125,0.875,0.78125,0.875,0.8019992113113403,0.7042745015398761,3.703704274612418,0.0286428332328796,0.02864283323287964
1995-08-18,0.78125,0.78125,0.78125,0.78125,0.7160705327987671,-0.9985118779407662,-10.714309602882544,-0.0859286785125732,-0.08592867851257324
1995-08-21,0.78125,0.875,0.78125,0.8125,0.7447134852409363,-0.4369546676865118,4.000018312472364,0.0286429524421691,0.02864295244216919
1995-08-22,0.8125,0.84375,0.8125,0.84375,0.7733563780784607,-0.962282380505008,3.8461627733594295,0.0286428928375244,0.028642892837524414
1995-08-23,0.84375,0.84375,0.84375,0.84375,0.7733563780784607,-1.0120979394791756,0.0,0.0,0.0
1995-08-24,0.84375,0.84375,0.8125,0.8125,0.7447134852409363,-0.9532250061460684,-3.703711981879909,-0.0286428928375244,-0.028642892837524414
1995-08-25,0.8125,0.84375,0.796875,0.796875,0.7303921580314636,0.355565588720702,-1.923065379276612,-0.0143213272094726,-0.014321327209472656
1995-08-28,0.84375,0.84375,0.796875,0.84375,0.7733563780784607,-0.0927744420468075,5.882349580914625,0.042964220046997,0.04296422004699707
1995-08-29,0.796875,0.796875,0.796875,0.796875,0.7303921580314636,-0.9441676317871288,-5.55555255828486,-0.042964220046997,-0.04296422004699707
1995-08-30,0.84375,0.90625,0.8125,0.90625,0.83064204454422,-0.2875079907640087,13.7254877958914,0.1002498865127563,0.10024988651275635
1995-08-31,0.90625,0.90625,0.859375,0.859375,0.7876777648925781,-0.5818726574295453,-5.172418123286393,-0.0429642796516418,-0.042964279651641846
1995-09-01,0.859375,0.859375,0.859375,0.859375,0.7876777648925781,-0.9894545035818266,0.0,0.0,0.0
1995-09-05,0.90625,0.90625,0.8125,0.875,0.8019992113113403,-0.631688216403713,1.8181859457103489,0.0143214464187622,0.014321446418762207
1995-09-06,0.875,0.875,0.8125,0.828125,0.7590349912643433,-0.6135734676858338,-5.357139937425471,-0.042964220046997,-0.04296422004699707
1995-09-07,0.828125,0.828125,0.828125,0.828125,0.7590349912643433,-0.939638944607659,0.0,0.0,0.0
1995-09-08,0.8125,0.8125,0.8125,0.8125,0.7447134852409363,-0.91246682153084,-1.8868044541070936,-0.0143215060234069,-0.014321506023406982
1995-09-11,0.84375,0.84375,0.78125,0.84375,0.7733563780784607,-0.586401344609015,3.8461627733594295,0.0286428928375244,0.028642892837524414
1995-09-12,0.84375,0.84375,0.84375,0.84375,0.7733563780784607,-1.0120979394791756,0.0,0.0,0.0
1995-09-13,0.78125,0.84375,0.78125,0.84375,0.7733563780784607,-0.5954587189679547,0.0,0.0,0.0
1995-09-14,0.78125,0.78125,0.78125,0.78125,0.7160705327987671,-0.9894545035818266,-7.407431671027309,-0.0572858452796936,-0.057285845279693604
1995-09-15,0.78125,0.84375,0.78125,0.84375,0.7733563780784607,-0.8717086369156121,8.000028301093675,0.0572858452796936,0.057285845279693604
1995-09-18,0.78125,0.78125,0.78125,0.78125,0.7160705327987671,-1.007569252299706,-7.407431671027309,-0.0572858452796936,-0.057285845279693604
1995-09-19,0.84375,0.875,0.84375,0.8515625,0.7805172801017761,0.8401351169239699,9.000055769802229,0.064446747303009,0.06444674730300903
1995-09-20,0.84375,0.84375,0.84375,0.84375,0.7733563780784607,-0.8626512625566725,-0.9174559238946832,-0.0071609020233154,-0.00716090202331543
1995-09-21,0.84375,0.84375,0.765625,0.765625,0.7017492651939392,-0.2558071805077201,-9.259264540164768,-0.0716071128845214,-0.07160711288452148
1995-09-22,0.8125,0.8125,0.765625,0.765625,0.7017492651939392,-0.9577536933255382,0.0,0.0,0.0
1995-09-25,0.765625,0.859375,0.765625,0.8125,0.7447134852409363,-0.8988807599924308,6.122446032789686,0.042964220046997,0.04296422004699707
1995-09-26,0.875,0.875,0.875,0.875,0.8019992113113403,-1.003040565120236,7.692317543017291,0.057285726070404,0.05728572607040405
1995-09-27,0.765625,0.765625,0.765625,0.765625,0.7017492651939392,-0.9668110676844776,-12.500005574005923,-0.1002499461174011,-0.10024994611740112
1995-09-28,0.859375,0.859375,0.859375,0.859375,0.7876777648925781,-0.962282380505008,12.244900559303227,0.0859284996986389,0.08592849969863892
1995-09-29,0.859375,0.859375,0.859375,0.859375,0.7876777648925781,-0.9939831907612964,0.0,0.0,0.0
1995-10-02,0.859375,0.859375,0.859375,0.859375,0.7876777648925781,-1.007569252299706,0.0,0.0,0.0
1995-10-03,0.765625,0.765625,0.765625,0.765625,0.7017492651939392,-0.9894545035818266,-10.909092972855172,-0.0859284996986389,-0.08592849969863892
1995-10-04,0.765625,0.765625,0.765625,0.765625,0.7017492651939392,-0.8762373240950818,0.0,0.0,0.0
1995-10-05,0.78125,0.828125,0.78125,0.796875,0.7303921580314636,-0.91699550871031,4.081642013491593,0.0286428928375244,0.028642892837524414
1995-10-06,0.765625,0.78125,0.734375,0.734375,0.6731065511703491,-0.5682865958911358,-7.843130054340863,-0.0572856068611145,-0.0572856068611145
1995-10-09,0.734375,0.734375,0.734375,0.734375,0.6731065511703491,-1.0120979394791756,0.0,0.0,0.0
1995-10-10,0.734375,0.7421875,0.734375,0.734375,0.6731065511703491,-0.894352072812961,0.0,0.0,0.0
1995-10-11,0.734375,0.734375,0.734375,0.734375,0.6731065511703491,-1.0120979394791756,0.0,0.0,0.0
1995-10-12,0.75,0.75,0.671875,0.671875,0.6158207058906555,-0.2965653651229483,-8.510665240159842,-0.0572858452796936,-0.057285845279693604
1995-10-13,0.703125,0.703125,0.625,0.625,0.572856605052948,-0.609044780506364,-6.976722352258191,-0.0429641008377075,-0.04296410083770752
1995-10-16,0.640625,0.6875,0.5625,0.5625,0.5155709385871887,-0.0293728215342304,-10.000001040481054,-0.0572856664657592,-0.05728566646575928
1995-10-17,0.609375,0.78125,0.609375,0.71875,0.6587850451469421,1.2205448399994323,27.777769428238308,0.1432141065597534,0.14321410655975342
1995-10-18,0.78125,0.78125,0.71875,0.734375,0.6731065511703491,0.7133318758988157,2.173927008347998,0.0143215060234069,0.014321506023406982
1995-10-19,0.71875,0.71875,0.6875,0.6875,0.6301422119140625,0.9080654246160168,-6.38299228875181,-0.0429643392562866,-0.04296433925628662
1995-10-20,0.6875,0.75,0.6875,0.75,0.6874278783798218,-0.8671799497361422,9.09091081071265,0.0572856664657592,0.05728566646575928
1995-10-23,0.75,0.75,0.6875,0.6875,0.6301422119140625,-0.301094052302418,-8.333334778446023,-0.0572856664657592,-0.05728566646575928
1995-10-24,0.6875,0.6875,0.6875,0.6875,0.6301422119140625,-0.894352072812961,0.0,0.0,0.0
1995-10-25,0.6875,0.75,0.6875,0.75,0.6874278783798218,-0.8535938881977329,9.09091081071265,0.0572856664657592,0.05728566646575928
1995-10-26,0.6875,0.6875,0.6875,0.6875,0.6301422119140625,-0.9985118779407662,-8.333334778446023,-0.0572856664657592,-0.05728566646575928
1995-10-27,0.75,0.75,0.75,0.75,0.6874278783798218,-1.007569252299706,9.09091081071265,0.0572856664657592,0.05728566646575928
1995-10-30,0.6875,0.75,0.6875,0.703125,0.6444636583328247,-0.323737488199767,-6.249996748496467,-0.042964220046997,-0.04296422004699707
1995-10-31,0.75,0.75,0.6875,0.6875,0.6301422119140625,-0.8309504523003839,-2.2222271548733463,-0.0143214464187622,-0.014321446418762207
1995-11-01,0.703125,0.75,0.6875,0.6875,0.6301422119140625,-0.3327948625587066,0.0,0.0,0.0
1995-11-02,0.6875,0.6875,0.6875,0.6875,0.6301422119140625,-1.007569252299706,0.0,0.0,0.0
1995-11-03,0.75,0.75,0.6953125,0.7109375,0.651624321937561,0.8899506758981376,3.409089189287351,0.0214821100234985,0.021482110023498535
1995-11-06,0.75,0.75,0.75,0.75,0.6874278783798218,-0.9894545035818266,5.494508912098506,0.0358035564422607,0.03580355644226074
1995-11-07,0.6875,0.75,0.6875,0.75,0.6874278783798218,-0.6905611497368203,0.0,0.0,0.0
1995-11-08,0.6875,0.6875,0.6875,0.6875,0.6301422119140625,-0.9668110676844776,-8.333334778446023,-0.0572856664657592,-0.05728566646575928
1995-11-09,0.6953125,0.75,0.6953125,0.75,0.6874278783798218,-0.7494340830699276,9.09091081071265,0.0572856664657592,0.05728566646575928
1995-11-10,0.6875,0.6875,0.6875,0.6875,0.6301422119140625,-0.9532250061460684,-8.333334778446023,-0.0572856664657592,-0.05728566646575928
1995-11-13,0.6875,0.703125,0.6875,0.703125,0.6444636583328247,-0.7177332728136391,2.272732432137925,0.0143214464187622,0.014321446418762207
1995-11-14,0.6875,0.6875,0.6875,0.6875,0.6301422119140625,-0.9985118779407662,-2.2222271548733463,-0.0143214464187622,-0.014321446418762207
1995-11-15,0.6875,0.6875,0.6875,0.6875,0.6301422119140625,-1.0120979394791756,0.0,0.0,0.0
1995-11-16,0.6875,0.6875,0.6875,0.6875,0.6301422119140625,-0.9939831907612964,0.0,0.0,0.0
1995-11-17,0.71875,0.71875,0.71875,0.71875,0.6587850451469421,-0.9849258164023568,4.545455405356313,0.0286428332328796,0.02864283323287964
1995-11-20,0.671875,0.71875,0.671875,0.6875,0.6301422119140625,0.5774712605147219,-4.347826873709748,-0.0286428332328796,-0.02864283323287964
1995-11-21,0.6875,0.6875,0.6875,0.6875,0.6301422119140625,-0.9668110676844776,0.0,0.0,0.0
1995-11-22,0.71875,0.71875,0.6875,0.6875,0.6301422119140625,-0.3735530471739348,0.0,0.0,0.0
1995-11-24,0.71875,0.75,0.71875,0.75,0.6874278783798218,-0.3101514266613576,9.09091081071265,0.0572856664657592,0.05728566646575928
1995-11-27,0.75,0.78125,0.6875,0.78125,0.7160705327987671,0.4823688297458562,4.166641377194691,0.0286426544189453,0.028642654418945312
1995-11-28,0.8125,0.875,0.78125,0.84375,0.7733563780784607,0.9216514861544262,8.000028301093675,0.0572858452796936,0.057285845279693604
1995-11-29,0.84375,0.875,0.78125,0.84375,0.7733563780784607,-0.0701310061494586,0.0,0.0,0.0
1995-11-30,0.78125,0.84375,0.78125,0.84375,0.7733563780784607,-0.9215241958897796,0.0,0.0,0.0
1995-12-01,0.78125,0.84375,0.78125,0.78125,0.7160705327987671,-0.7901922676851557,-7.407431671027309,-0.0572858452796936,-0.057285845279693604
1995-12-04,0.78125,0.78125,0.78125,0.78125,0.7160705327987671,-0.9441676317871288,0.0,0.0,0.0
1995-12-05,0.78125,0.78125,0.78125,0.78125,0.7160705327987671,-0.962282380505008,0.0,0.0,0.0
1995-12-06,0.78125,0.796875,0.78125,0.796875,0.7303921580314636,-0.785663580505686,2.000029965863881,0.0143216252326965,0.014321625232696533
1995-12-07,0.78125,0.78125,0.78125,0.78125,0.7160705327987671,-0.91699550871031,-1.960813115969895,-0.0143216252326965,-0.014321625232696533
1995-12-08,0.7890625,0.796875,0.78125,0.796875,0.7303921580314636,-0.7358480215315183,2.000029965863881,0.0143216252326965,0.014321625232696533
1995-12-11,0.78125,0.796875,0.75,0.75,0.6874278783798218,0.5276557015405542,-5.882357741550537,-0.0429642796516418,-0.042964279651641846
1995-12-12,0.75,0.8125,0.75,0.8125,0.7447134852409363,-0.9668110676844776,8.333326107769912,0.0572856068611145,0.0572856068611145
1995-12-13,0.75,0.765625,0.75,0.765625,0.7017492651939392,-0.5818726574295453,-5.76922815263603,-0.042964220046997,-0.04296422004699707
1995-12-14,0.75,0.765625,0.75,0.75,0.6874278783798218,-0.2875079907640087,-2.040812513021939,-0.0143213868141174,-0.014321386814117432
1995-12-15,0.75,0.75,0.75,0.75,0.6874278783798218,-0.8581225753772027,0.0,0.0,0.0
1995-12-18,0.75,0.765625,0.75,0.765625,0.7017492651939392,-0.4912989138401494,2.0833293592734448,0.0143213868141174,0.014321386814117432
1995-12-19,0.75,0.765625,0.75,0.765625,0.7017492651939392,-0.5320570984553775,0.0,0.0,0.0
1995-12-20,0.75,0.765625,0.75,0.75,0.6874278783798218,-0.6407455907626526,-2.040812513021939,-0.0143213868141174,-0.014321386814117432
1995-12-21,0.75,0.765625,0.75,0.75,0.6874278783798218,-0.1878768728156732,0.0,0.0,0.0
1995-12-22,0.75,0.8125,0.75,0.8125,0.7447134852409363,-0.5501718471732567,8.333326107769912,0.0572856068611145,0.0572856068611145
1995-12-26,0.75,0.8125,0.75,0.8125,0.7447134852409363,0.7993769323087417,0.0,0.0,0.0
1995-12-27,0.796875,0.84375,0.796875,0.8125,0.7447134852409363,0.5502991374379032,0.0,0.0,0.0
1995-12-28,0.8125,0.84375,0.796875,0.84375,0.7733563780784607,0.1834754759008498,3.8461627733594295,0.0286428928375244,0.028642892837524414
1995-12-29,0.8125,0.84375,0.8125,0.828125,0.7590349912643433,-0.1742908112772638,-1.8518482836724528,-0.0143213868141174,-0.014321386814117432
1996-01-02,0.8359375,0.84375,0.828125,0.84375,0.7733563780784607,-0.5954587189679547,1.886788748732382,0.0143213868141174,0.014321386814117432
1996-01-03,0.875,0.875,0.859375,0.859375,0.7876777648925781,1.2748890861530702,1.851848283672464,0.0143213868141174,0.014321386814117432
1996-01-04,0.875,0.875,0.84375,0.84375,0.7733563780784607,-0.9803971292228872,-1.81817837857472,-0.0143213868141174,-0.014321386814117432
1996-01-05,0.84375,0.875,0.84375,0.875,0.8019992113113403,-0.5275284112759078,3.703704274612418,0.0286428332328796,0.02864283323287964
1996-01-08,0.875,0.875,0.84375,0.84375,0.7733563780784607,-0.631688216403713,-3.571429102286283,-0.0286428332328796,-0.02864283323287964
1996-01-09,0.875,0.875,0.8125,0.8125,0.7447134852409363,-0.8264217651209141,-3.703711981879909,-0.0286428928375244,-0.028642892837524414
1996-01-10,0.796875,0.8125,0.796875,0.796875,0.7303921580314636,-0.0293728215342304,-1.923065379276612,-0.0143213272094726,-0.014321327209472656
1996-01-11,0.796875,0.796875,0.796875,0.796875,0.7303921580314636,-0.9758684420434172,0.0,0.0,0.0
1996-01-12,0.796875,0.828125,0.796875,0.796875,0.7303921580314636,-0.9577536933255382,0.0,0.0,0.0
1996-01-15,0.71875,0.765625,0.59375,0.640625,0.5871779322624207,5.21937561947126,-19.607853698077847,-0.1432142257690429,-0.14321422576904297
1996-01-16,0.640625,0.6875,0.640625,0.640625,0.5871779322624207,-0.2965653651229483,0.0,0.0,0.0
1996-01-17,0.703125,0.703125,0.703125,0.703125,0.6444636583328247,-0.6498029651215922,9.756110187874366,0.057285726070404,0.05728572607040405
1996-01-18,0.671875,0.671875,0.671875,0.671875,0.6158207058906555,-0.9668110676844776,-4.4444635584675485,-0.0286429524421691,-0.02864295244216919
1996-01-19,0.671875,0.671875,0.671875,0.671875,0.6158207058906555,-1.0120979394791756,0.0,0.0,0.0
1996-01-22,0.640625,0.703125,0.640625,0.6953125,0.6373028755187988,-0.3871391087123441,3.4883805339207985,0.0214821696281433,0.02148216962814331
1996-01-23,0.671875,0.6875,0.65625,0.65625,0.6014994382858276,-0.1244752523030961,-5.61796260589994,-0.0358034372329711,-0.03580343723297119
1996-01-24,0.671875,0.6875,0.65625,0.65625,0.6014994382858276,-0.2829793035845389,0.0,0.0,0.0
1996-01-25,0.671875,0.671875,0.65625,0.65625,0.6014994382858276,-0.9577536933255382,0.0,0.0,0.0
1996-01-26,0.65625,0.6875,0.65625,0.671875,0.6158207058906555,-0.4912989138401494,2.380927843530678,0.0143212676048278,0.01432126760482788
1996-01-29,0.65625,0.671875,0.65625,0.671875,0.6158207058906555,-0.6815037753778808,0.0,0.0,0.0
1996-01-30,0.6875,0.6875,0.65625,0.65625,0.6014994382858276,-0.7675488317878068,-2.325557985926308,-0.0143212676048278,-0.01432126760482788
1996-01-31,0.65625,0.703125,0.65625,0.65625,0.6014994382858276,-0.8218930779414443,0.0,0.0,0.0
1996-02-01,0.71875,0.71875,0.65625,0.65625,0.6014994382858276,-0.7766062061467464,0.0,0.0,0.0
1996-02-02,0.65625,0.65625,0.65625,0.65625,0.6014994382858276,-0.9668110676844776,0.0,0.0,0.0
1996-02-05,0.65625,0.71875,0.65625,0.71875,0.6587850451469421,-0.6860324625573505,9.523800558213136,0.0572856068611145,0.0572856068611145
1996-02-06,0.6875,0.71875,0.6875,0.6875,0.6301422119140625,-0.9079381343513704,-4.347826873709748,-0.0286428332328796,-0.02864283323287964
1996-02-07,0.6875,0.6875,0.6875,0.6875,0.6301422119140625,-1.003040565120236,0.0,0.0,0.0
1996-02-08,0.6875,0.6875,0.6875,0.6875,0.6301422119140625,-0.9668110676844776,0.0,0.0,0.0
1996-02-09,0.6875,0.71875,0.6875,0.6875,0.6301422119140625,0.3148074041054738,0.0,0.0,0.0
1996-02-12,0.6875,0.6875,0.6875,0.6875,0.6301422119140625,-0.9577536933255382,0.0,0.0,0.0
1996-02-13,0.6875,0.75,0.6875,0.734375,0.6731065511703491,-0.1788194984567336,6.818197296413775,0.0429643392562866,0.04296433925628662
1996-02-14,0.6875,0.7265625,0.6875,0.7265625,0.6659456491470337,-0.5592292215321963,-1.0638586135975905,-0.0071609020233154,-0.00716090202331543
1996-02-15,0.6875,0.71875,0.6875,0.6875,0.6301422119140625,-0.5773439702500754,-5.376330227373583,-0.0358034372329711,-0.03580343723297119
1996-02-16,0.71875,0.75,0.71875,0.734375,0.6731065511703491,-0.631688216403713,6.818197296413775,0.0429643392562866,0.04296433925628662
1996-02-20,0.75,0.75,0.75,0.75,0.6874278783798218,-0.9668110676844776,2.127646385935744,0.0143213272094726,0.014321327209472656
1996-02-21,0.6875,0.6875,0.6875,0.6875,0.6301422119140625,-0.9894545035818266,-8.333334778446023,-0.0572856664657592,-0.05728566646575928
1996-02-22,0.6875,0.6875,0.6875,0.6875,0.6301422119140625,-0.9985118779407662,0.0,0.0,0.0
1996-02-23,0.6875,0.6875,0.6875,0.6875,0.6301422119140625,-1.0120979394791756,0.0,0.0,0.0
1996-02-26,0.6875,0.734375,0.6875,0.734375,0.6731065511703491,-0.6045160933268943,6.818197296413775,0.0429643392562866,0.04296433925628662
1996-02-27,0.6875,0.6875,0.6875,0.6875,0.6301422119140625,-0.9668110676844776,-6.38299228875181,-0.0429643392562866,-0.04296433925628662
1996-02-28,0.6875,0.703125,0.6875,0.703125,0.6444636583328247,-0.9577536933255382,2.272732432137925,0.0143214464187622,0.014321446418762207
1996-02-29,0.6875,0.6875,0.6875,0.6875,0.6301422119140625,-1.003040565120236,-2.2222271548733463,-0.0143214464187622,-0.014321446418762207
1996-03-01,0.6875,0.71875,0.6875,0.71875,0.6587850451469421,-0.939638944607659,4.545455405356313,0.0286428332328796,0.02864283323287964
1996-03-04,0.6875,0.765625,0.6875,0.765625,0.7017492651939392,-0.432425980507042,6.521735786733585,0.042964220046997,0.04296422004699707
1996-03-05,0.6875,0.6875,0.6875,0.6875,0.6301422119140625,-0.9985118779407662,-10.20407955255742,-0.0716070532798767,-0.07160705327987671
1996-03-06,0.765625,0.8125,0.71875,0.75,0.6874278783798218,0.663516316924648,9.09091081071265,0.0572856664657592,0.05728566646575928
1996-03-07,0.734375,0.734375,0.734375,0.734375,0.6731065511703491,-0.7992496420440953,-2.083320688597345,-0.0143213272094726,-0.014321327209472656
1996-03-08,0.71875,0.71875,0.71875,0.71875,0.6587850451469421,-0.8988807599924308,-2.127672951408033,-0.0143215060234069,-0.014321506023406982
1996-03-11,0.734375,0.765625,0.71875,0.75,0.6874278783798218,1.6598274964080024,4.347826873709737,0.0286428332328796,0.02864283323287964
1996-03-12,0.71875,0.75,0.6875,0.6875,0.6301422119140625,0.5185983271816146,-8.333334778446023,-0.0572856664657592,-0.05728566646575928
1996-03-13,0.6875,0.75,0.6875,0.703125,0.6444636583328247,0.3465082143617624,2.272732432137925,0.0143214464187622,0.014321446418762207
1996-03-14,0.71875,0.734375,0.6875,0.6875,0.6301422119140625,-0.6724464010189412,-2.2222271548733463,-0.0143214464187622,-0.014321446418762207
1996-03-15,0.71875,0.71875,0.71875,0.71875,0.6587850451469421,-0.8309504523003839,4.545455405356313,0.0286428332328796,0.02864283323287964
1996-03-18,0.6875,0.75,0.6875,0.6875,0.6301422119140625,1.2613030246146608,-4.347826873709748,-0.0286428332328796,-0.02864283323287964
1996-03-19,0.6875,0.6875,0.6875,0.6875,0.6301422119140625,-0.9668110676844776,0.0,0.0,0.0
1996-03-20,0.6875,0.6875,0.6875,0.6875,0.6301422119140625,-0.9351102574281892,0.0,0.0,0.0
1996-03-21,0.6875,0.71875,0.65625,0.65625,0.6014994382858276,0.1834754759008498,-4.545445946436788,-0.0286427736282348,-0.028642773628234863
1996-03-22,0.6875,0.6875,0.6875,0.6875,0.6301422119140625,-0.6724464010189412,4.761895324434873,0.0286427736282348,0.028642773628234863
1996-03-25,0.65625,0.6953125,0.65625,0.6953125,0.6373028755187988,0.355565588720702,1.136356757149426,0.0071606636047363,0.007160663604736328
1996-03-27,0.65625,0.6875,0.625,0.6796875,0.6229814887046814,-0.1516473753799148,-2.24718691288801,-0.0143213868141174,-0.014321386814117432
1996-03-28,0.625,0.6796875,0.625,0.625,0.572856605052948,-0.9260528830692496,-8.045966784013803,-0.0501248836517334,-0.0501248836517334
1996-03-29,0.6875,0.6875,0.6875,0.6875,0.6301422119140625,-1.007569252299706,9.999990635670454,0.0572856068611145,0.0572856068611145
1996-04-01,0.6875,0.6875,0.6875,0.6875,0.6301422119140625,-1.0120979394791756,0.0,0.0,0.0
1996-04-02,0.625,0.625,0.625,0.625,0.572856605052948,-1.007569252299706,-9.090901351793113,-0.0572856068611145,-0.0572856068611145
1996-04-03,0.6875,0.6875,0.625,0.6796875,0.6229814887046814,-0.6407455907626526,8.749987904407686,0.0501248836517334,0.0501248836517334
1996-04-04,0.625,0.6875,0.625,0.6875,0.6301422119140625,-0.7267906471725787,1.1494279267061147,0.0071607232093811,0.0071607232093811035
1996-04-08,0.626953125,0.626953125,0.625,0.625,0.572856605052948,-0.8717086369156121,-9.090901351793113,-0.0572856068611145,-0.0572856068611145
1996-04-09,0.625,0.625,0.625,0.625,0.572856605052948,-1.0120979394791756,0.0,0.0,0.0
1996-04-10,0.6875,0.6875,0.625,0.625,0.572856605052948,-0.369024359994465,0.0,0.0,0.0
1996-04-11,0.625,0.71875,0.625,0.71875,0.6587850451469421,-0.9758684420434172,14.999991155910998,0.0859284400939941,0.08592844009399414
1996-04-12,0.71875,0.71875,0.625,0.71875,0.6587850451469421,-0.8128357035825047,0.0,0.0,0.0
1996-04-15,0.71875,0.71875,0.625,0.703125,0.6444636583328247,-0.6860324625573505,-2.1739089130238254,-0.0143213868141174,-0.014321386814117432
1996-04-16,0.625,0.640625,0.625,0.640625,0.5871779322624207,-1.003040565120236,-8.88889937077253,-0.057285726070404,-0.05728572607040405
1996-04-18,0.6875,0.6875,0.625,0.6875,0.6301422119140625,-0.7992496420440953,7.317080103146711,0.0429642796516418,0.042964279651641846
1996-04-19,0.640625,0.6875,0.640625,0.640625,0.5871779322624207,-0.7086758984546995,-6.81818783749425,-0.0429642796516418,-0.042964279651641846
1996-04-22,0.65625,0.734375,0.65625,0.734375,0.6731065511703491,-0.03843019589317,14.63417035732968,0.0859286189079284,0.08592861890792847
1996-04-23,0.65625,0.78125,0.65625,0.734375,0.6731065511703491,0.3238647784644134,0.0,0.0,0.0
1996-04-24,0.71875,0.71875,0.71875,0.71875,0.6587850451469421,-0.939638944607659,-2.127672951408033,-0.0143215060234069,-0.014321506023406982
1996-04-25,0.71875,0.765625,0.71875,0.765625,0.7017492651939392,0.3012213425670644,6.521735786733585,0.042964220046997,0.04296422004699707
1996-04-26,0.71875,0.78125,0.71875,0.734375,0.6731065511703491,-0.9441676317871288,-4.08161653232002,-0.02864271402359,-0.028642714023590088
1996-04-29,0.734375,0.734375,0.734375,0.734375,0.6731065511703491,-1.0120979394791756,0.0,0.0,0.0
1996-04-30,0.8125,0.8125,0.734375,0.75,0.6874278783798218,-0.763020144608337,2.127646385935744,0.0143213272094726,0.014321327209472656
1996-05-01,0.75,0.75,0.75,0.75,0.6874278783798218,-1.0120979394791756,0.0,0.0,0.0
1996-05-02,0.734375,0.78125,0.734375,0.75,0.6874278783798218,0.7993769323087417,0.0,0.0,0.0
1996-05-03,0.75,0.75,0.75,0.75,0.6874278783798218,-1.0120979394791756,0.0,0.0,0.0
1996-05-06,0.75,0.75,0.75,0.75,0.6874278783798218,-1.007569252299706,0.0,0.0,0.0
1996-05-07,0.75,0.78125,0.75,0.765625,0.7017492651939392,-0.0339015087137002,2.0833293592734448,0.0143213868141174,0.014321386814117432
1996-05-08,0.75,0.765625,0.75,0.75,0.6874278783798218,-0.4007251702507535,-2.040812513021939,-0.0143213868141174,-0.014321386814117432
1996-05-09,0.75,0.765625,0.75,0.765625,0.7017492651939392,-0.3509096112765857,2.0833293592734448,0.0143213868141174,0.014321386814117432
1996-05-10,0.765625,0.765625,0.765625,0.765625,0.7017492651939392,-1.0120979394791756,0.0,0.0,0.0
1996-05-13,0.765625,0.765625,0.765625,0.765625,0.7017492651939392,-1.0120979394791756,0.0,0.0,0.0
1996-05-14,0.75,0.75,0.75,0.75,0.6874278783798218,-0.6633890266600015,-2.040812513021939,-0.0143213868141174,-0.014321386814117432
1996-05-15,0.75,0.75,0.75,0.75,0.6874278783798218,-1.0120979394791756,0.0,0.0,0.0
1996-05-16,0.75,0.765625,0.75,0.75,0.6874278783798218,-0.9577536933255382,0.0,0.0,0.0
1996-05-17,0.75,0.75,0.75,0.75,0.6874278783798218,-0.91246682153084,0.0,0.0,0.0
1996-05-20,0.8125,0.8125,0.765625,0.765625,0.7017492651939392,-0.0656023189699887,2.0833293592734448,0.0143213868141174,0.014321386814117432
1996-05-21,0.765625,0.765625,0.765625,0.765625,0.7017492651939392,-1.0120979394791756,0.0,0.0,0.0
1996-05-22,0.765625,0.78125,0.765625,0.78125,0.7160705327987671,-0.7720775189672766,2.0407955255742127,0.0143212676048278,0.01432126760482788
1996-05-23,0.8125,0.8125,0.75,0.75,0.6874278783798218,-0.2195776830719617,-3.999976693216978,-0.0286426544189453,-0.028642654418945312
1996-05-24,0.75,0.8125,0.75,0.78125,0.7160705327987671,-0.5275284112759078,4.166641377194691,0.0286426544189453,0.028642654418945312
1996-05-28,0.75,0.75,0.71875,0.734375,0.6731065511703491,-0.6950898369162901,-5.999965039825462,-0.0429639816284179,-0.04296398162841797
1996-05-29,0.71875,0.71875,0.71875,0.71875,0.6587850451469421,-0.8490652010182631,-2.127672951408033,-0.0143215060234069,-0.014321506023406982
1996-05-30,0.71875,0.71875,0.71875,0.71875,0.6587850451469421,-1.0120979394791756,0.0,0.0,0.0
1996-05-31,0.75,0.75,0.71875,0.71875,0.6587850451469421,-0.8581225753772027,0.0,0.0,0.0
1996-06-03,0.75,0.796875,0.75,0.796875,0.7303921580314636,3.0048475887105317,10.869571708105408,0.0716071128845214,0.07160711288452148
1996-06-04,0.875,0.875,0.78125,0.8125,0.7447134852409363,-0.0112580728163512,1.9607723127903265,0.0143213272094726,0.014321327209472656
1996-06-05,0.859375,0.859375,0.796875,0.796875,0.7303921580314636,-0.4867702266606796,-1.923065379276612,-0.0143213272094726,-0.014321327209472656
1996-06-06,0.875,0.890625,0.8125,0.84375,0.7733563780784607,-0.3101514266613576,5.882349580914625,0.042964220046997,0.04296422004699707
1996-06-07,0.890625,0.890625,0.8125,0.859375,0.7876777648925781,0.17894678872138,1.851848283672464,0.0143213868141174,0.014321386814117432
1996-06-10,0.859375,0.859375,0.796875,0.828125,0.7590349912643433,-0.0791883805083981,-3.636356757149428,-0.0286427736282348,-0.028642773628234863
1996-06-11,0.859375,0.859375,0.796875,0.859375,0.7876777648925781,-0.6498029651215922,3.773577497464764,0.0286427736282348,0.028642773628234863
1996-06-12,0.796875,0.890625,0.796875,0.796875,0.7303921580314636,-0.7494340830699276,-7.272721081434486,-0.0572856068611145,-0.0572856068611145
1996-06-13,0.796875,0.890625,0.796875,0.796875,0.7303921580314636,1.116385034871627,0.0,0.0,0.0
1996-06-14,0.84375,0.84375,0.84375,0.84375,0.7733563780784607,-0.8128357035825047,5.882349580914625,0.042964220046997,0.04296422004699707
1996-06-17,0.78125,0.84375,0.78125,0.8125,0.7447134852409363,-0.7041472112752297,-3.703711981879909,-0.0286428928375244,-0.028642892837524414
1996-06-18,0.84375,0.84375,0.78125,0.78125,0.7160705327987671,-0.7766062061467464,-3.846170777060976,-0.0286429524421691,-0.02864295244216919
1996-06-19,0.78125,0.84375,0.78125,0.84375,0.7733563780784607,-0.7177332728136391,8.000028301093675,0.0572858452796936,0.057285845279693604
1996-06-20,0.875,0.875,0.875,0.875,0.8019992113113403,-0.9985118779407662,3.703704274612418,0.0286428332328796,0.02864283323287964
1996-06-21,0.78125,0.875,0.78125,0.859375,0.7876777648925781,-0.7539627702493974,-1.785718267147096,-0.0143214464187622,-0.014321446418762207
1996-06-24,0.859375,0.859375,0.859375,0.859375,0.7876777648925781,-0.9758684420434172,0.0,0.0,0.0
1996-06-25,0.859375,0.859375,0.78125,0.78125,0.7160705327987671,-0.7947209548646256,-9.09092972855171,-0.071607232093811,-0.07160723209381104
1996-06-26,0.875,0.875,0.78125,0.8125,0.7447134852409363,-0.7313193343520484,4.000018312472364,0.0286429524421691,0.02864295244216919
1996-06-27,0.875,0.875,0.8125,0.84375,0.7733563780784607,-0.9985118779407662,3.8461627733594295,0.0286428928375244,0.028642892837524414
1996-06-28,0.8125,0.8125,0.8125,0.8125,0.7447134852409363,-0.91246682153084,-3.703711981879909,-0.0286428928375244,-0.028642892837524414
1996-07-01,0.875,0.875,0.8125,0.875,0.8019992113113403,-0.894352072812961,7.692317543017291,0.057285726070404,0.05728572607040405
1996-07-02,0.875,0.875,0.78125,0.78125,0.7160705327987671,-0.9441676317871288,-10.714309602882544,-0.0859286785125732,-0.08592867851257324
1996-07-03,0.859375,0.859375,0.84375,0.859375,0.7876777648925781,-0.8852946984540214,10.000024971553234,0.071607232093811,0.07160723209381104
1996-07-05,0.859375,0.859375,0.7890625,0.8125,0.7447134852409363,-0.7901922676851557,-5.454550269995395,-0.0429642796516418,-0.042964279651641846
1996-07-08,0.8125,0.84375,0.78125,0.78125,0.7160705327987671,-0.8309504523003839,-3.846170777060976,-0.0286429524421691,-0.02864295244216919
1996-07-09,0.84375,0.84375,0.78125,0.78125,0.7160705327987671,-0.9441676317871288,0.0,0.0,0.0
1996-07-10,0.84375,0.84375,0.84375,0.84375,0.7733563780784607,-1.007569252299706,8.000028301093675,0.0572858452796936,0.057285845279693604
1996-07-11,0.84375,0.84375,0.78125,0.8125,0.7447134852409363,-0.7811348933262162,-3.703711981879909,-0.0286428928375244,-0.028642892837524414
1996-07-12,0.78125,0.841796875,0.78125,0.8125,0.7447134852409363,-0.894352072812961,0.0,0.0,0.0
1996-07-15,0.78125,0.828125,0.78125,0.78125,0.7160705327987671,-0.894352072812961,-3.846170777060976,-0.0286429524421691,-0.02864295244216919
1996-07-16,0.78125,0.8125,0.78125,0.7890625,0.7232314348220825,-0.5139423497374983,1.000027468708553,0.0071609020233154,0.00716090202331543
1996-07-17,0.828125,0.84375,0.783203125,0.796875,0.7303921580314636,-0.1742908112772638,0.9901012130567376,0.0071607232093811,0.0071607232093811035
1996-07-18,0.78125,0.84375,0.78125,0.78125,0.7160705327987671,-0.2829793035845389,-1.960813115969895,-0.0143216252326965,-0.014321625232696533
1996-07-19,0.78125,0.8125,0.78125,0.783203125,0.7178608775138855,-0.6679177138394713,0.2500235148793051,0.0017903447151184,0.0017903447151184082
1996-07-22,0.78125,0.8125,0.78125,0.78125,0.7160705327987671,0.2514057835928967,-0.2493999563423443,-0.0017903447151184,-0.0017903447151184082
1996-07-23,0.796875,0.796875,0.78125,0.78125,0.7160705327987671,-0.8037783292235652,0.0,0.0,0.0
1996-07-24,0.78125,0.796875,0.78125,0.78125,0.7160705327987671,-0.6815037753778808,0.0,0.0,0.0
1996-07-25,0.796875,0.796875,0.78125,0.796875,0.7303921580314636,-0.9713397548639476,2.000029965863881,0.0143216252326965,0.014321625232696533
1996-07-26,0.78125,0.796875,0.75,0.75,0.6874278783798218,-0.323737488199767,-5.882357741550537,-0.0429642796516418,-0.042964279651641846
1996-07-29,0.75,0.8125,0.75,0.8125,0.7447134852409363,-0.3916677958918139,8.333326107769912,0.0572856068611145,0.0572856068611145
1996-07-30,0.796875,0.8125,0.796875,0.796875,0.7303921580314636,-0.2693932420461295,-1.923065379276612,-0.0143213272094726,-0.014321327209472656
1996-07-31,0.78125,0.796875,0.78125,0.78125,0.7160705327987671,-0.1607047497388544,-1.960813115969895,-0.0143216252326965,-0.014321625232696533
1996-08-01,0.796875,0.796875,0.75,0.765625,0.7017492651939392,-0.2059916215335523,-1.9999800227574085,-0.0143212676048278,-0.01432126760482788
1996-08-02,0.75,0.78125,0.75,0.78125,0.7160705327987671,-0.5411144728143171,2.0407955255742127,0.0143212676048278,0.01432126760482788
1996-08-05,0.78125,0.78125,0.78125,0.78125,0.7160705327987671,-0.6860324625573505,0.0,0.0,0.0
1996-08-06,0.75,0.828125,0.75,0.828125,0.7590349912643433,-0.0656023189699887,6.000031630634095,0.0429644584655761,0.04296445846557617
1996-08-07,0.828125,0.828125,0.828125,0.828125,0.7590349912643433,-0.7041472112752297,0.0,0.0,0.0
1996-08-08,0.828125,0.828125,0.796875,0.8125,0.7447134852409363,-0.7992496420440953,-1.8868044541070936,-0.0143215060234069,-0.014321506023406982
1996-08-09,0.8125,0.8125,0.8125,0.8125,0.7447134852409363,-0.8988807599924308,0.0,0.0,0.0
1996-08-12,0.8125,0.890625,0.78125,0.828125,0.7590349912643433,1.754929927176868,1.9230893903812607,0.0143215060234069,0.014321506023406982
1996-08-13,0.859375,0.875,0.859375,0.875,0.8019992113113403,-0.6724464010189412,5.660374098884491,0.042964220046997,0.04296422004699707
1996-08-14,0.859375,0.859375,0.828125,0.84375,0.7733563780784607,-0.5139423497374983,-3.571429102286283,-0.0286428332328796,-0.02864283323287964
1996-08-15,0.84375,0.84375,0.84375,0.84375,0.7733563780784607,-0.9668110676844776,0.0,0.0,0.0
1996-08-16,0.84375,0.84375,0.84375,0.84375,0.7733563780784607,-1.0120979394791756,0.0,0.0,0.0
1996-08-19,0.8125,0.828125,0.8125,0.828125,0.7590349912643433,0.3193360912849436,-1.8518482836724528,-0.0143213868141174,-0.014321386814117432
1996-08-20,0.8125,0.8125,0.765625,0.765625,0.7017492651939392,0.4687827682074468,-7.547178552991585,-0.057285726070404,-0.05728572607040405
1996-08-21,0.796875,0.796875,0.765625,0.796875,0.7303921580314636,-0.6271595292242432,4.081642013491593,0.0286428928375244,0.028642892837524414
1996-08-22,0.765625,0.765625,0.765625,0.765625,0.7017492651939392,-0.9849258164023568,-3.921577268124299,-0.0286428928375244,-0.028642892837524414
1996-08-23,0.796875,0.796875,0.796875,0.796875,0.7303921580314636,-0.9894545035818266,4.081642013491593,0.0286428928375244,0.028642892837524414
1996-08-26,0.8125,0.8125,0.796875,0.796875,0.7303921580314636,-0.8898233856334912,0.0,0.0,0.0
1996-08-27,0.765625,0.8125,0.765625,0.78125,0.7160705327987671,-0.7947209548646256,-1.960813115969895,-0.0143216252326965,-0.014321625232696533
1996-08-28,0.765625,0.8125,0.765625,0.8125,0.7447134852409363,0.5367130758994938,4.000018312472364,0.0286429524421691,0.02864295244216919
1996-08-29,0.8125,0.8125,0.765625,0.765625,0.7017492651939392,-0.061073631790519,-5.76922815263603,-0.042964220046997,-0.04296422004699707
1996-08-30,0.765625,0.8125,0.765625,0.78125,0.7160705327987671,-0.8037783292235652,2.0407955255742127,0.0143212676048278,0.01432126760482788
1996-09-03,0.765625,0.8125,0.765625,0.765625,0.7017492651939392,-0.9668110676844776,-1.9999800227574085,-0.0143212676048278,-0.01432126760482788
1996-09-04,0.765625,0.8125,0.765625,0.8125,0.7447134852409363,-0.6362169035831827,6.122446032789686,0.042964220046997,0.04296422004699707
1996-09-05,0.8125,0.8125,0.78125,0.78125,0.7160705327987671,-0.8128357035825047,-3.846170777060976,-0.0286429524421691,-0.02864295244216919
1996-09-06,0.8125,0.84375,0.8125,0.84375,0.7733563780784607,-0.7449053958904578,8.000028301093675,0.0572858452796936,0.057285845279693604
1996-09-09,0.8125,0.84375,0.8125,0.84375,0.7733563780784607,-0.740376708710988,0.0,0.0,0.0
1996-09-10,0.8125,0.84375,0.8125,0.84375,0.7733563780784607,-0.9577536933255382,0.0,0.0,0.0
1996-09-11,0.8125,0.8125,0.8125,0.8125,0.7447134852409363,-0.9668110676844776,-3.703711981879909,-0.0286428928375244,-0.028642892837524414
1996-09-12,0.796875,0.84375,0.796875,0.828125,0.7590349912643433,-0.91246682153084,1.9230893903812607,0.0143215060234069,0.014321506023406982
1996-09-13,0.796875,0.859375,0.796875,0.859375,0.7876777648925781,-0.939638944607659,3.773577497464764,0.0286427736282348,0.028642773628234863
1996-09-16,0.796875,0.796875,0.796875,0.796875,0.7303921580314636,-1.007569252299706,-7.272721081434486,-0.0572856068611145,-0.0572856068611145
1996-09-17,0.796875,0.8125,0.78125,0.78125,0.7160705327987671,-0.5048849753785588,-1.960813115969895,-0.0143216252326965,-0.014321625232696533
1996-09-18,0.75,0.796875,0.734375,0.75,0.6874278783798218,-0.3780817343534045,-3.999976693216978,-0.0286426544189453,-0.028642654418945312
1996-09-19,0.734375,0.765625,0.734375,0.75,0.6874278783798218,-0.8762373240950818,0.0,0.0,0.0
1996-09-20,0.75,0.75,0.75,0.75,0.6874278783798218,-0.7720775189672766,0.0,0.0,0.0
1996-09-23,0.75,0.78125,0.75,0.78125,0.7160705327987671,-0.8762373240950818,4.166641377194691,0.0286426544189453,0.028642654418945312
1996-09-24,0.75,0.75,0.734375,0.75,0.6874278783798218,-0.2875079907640087,-3.999976693216978,-0.0286426544189453,-0.028642654418945312
1996-09-25,0.78125,0.78125,0.734375,0.78125,0.7160705327987671,-0.4731841651222702,4.166641377194691,0.0286426544189453,0.028642654418945312
1996-09-26,0.78125,0.78125,0.78125,0.78125,0.7160705327987671,-1.0120979394791756,0.0,0.0,0.0
1996-09-27,0.734375,0.75,0.734375,0.736328125,0.6748967170715332,-0.8445365138387932,-5.749966496499404,-0.0411738157272338,-0.04117381572723389
1996-09-30,0.78125,0.78125,0.78125,0.78125,0.7160705327987671,-0.9215241958897796,6.100758039821641,0.0411738157272338,0.04117381572723389
1996-10-01,0.765625,0.78125,0.734375,0.75,0.6874278783798218,-0.7584914574288673,-3.999976693216978,-0.0286426544189453,-0.028642654418945312
1996-10-02,0.78125,0.78125,0.734375,0.75,0.6874278783798218,-0.9079381343513704,0.0,0.0,0.0
1996-10-03,0.765625,0.78125,0.765625,0.78125,0.7160705327987671,-0.7358480215315183,4.166641377194691,0.0286426544189453,0.028642654418945312
1996-10-04,0.734375,0.78125,0.734375,0.78125,0.7160705327987671,-0.2965653651229483,0.0,0.0,0.0
1996-10-07,0.734375,0.78125,0.734375,0.75,0.6874278783798218,-0.894352072812961,-3.999976693216978,-0.0286426544189453,-0.028642654418945312
1996-10-08,0.734375,0.765625,0.734375,0.765625,0.7017492651939392,-0.91699550871031,2.0833293592734448,0.0143213868141174,0.014321386814117432
1996-10-09,0.734375,0.78125,0.734375,0.78125,0.7160705327987671,-0.9034094471719006,2.0407955255742127,0.0143212676048278,0.01432126760482788
1996-10-10,0.734375,0.796875,0.734375,0.796875,0.7303921580314636,-0.6543316523010619,2.000029965863881,0.0143216252326965,0.014321625232696533
1996-10-11,0.796875,0.84375,0.78125,0.84375,0.7733563780784607,-0.3826104215328743,5.882349580914625,0.042964220046997,0.04296422004699707
1996-10-14,0.796875,0.8125,0.796875,0.796875,0.7303921580314636,-0.91246682153084,-5.55555255828486,-0.042964220046997,-0.04296422004699707
1996-10-15,0.796875,0.8125,0.796875,0.8125,0.7447134852409363,-0.9305815702487192,1.9607723127903265,0.0143213272094726,0.014321327209472656
1996-10-16,0.796875,0.828125,0.78125,0.78125,0.7160705327987671,-0.5048849753785588,-3.846170777060976,-0.0286429524421691,-0.02864295244216919
1996-10-17,0.78125,0.78125,0.734375,0.75,0.6874278783798218,-0.0474875702521096,-3.999976693216978,-0.0286426544189453,-0.028642654418945312
1996-10-18,0.75,0.78125,0.75,0.75,0.6874278783798218,-0.6543316523010619,0.0,0.0,0.0
1996-10-21,0.75,0.78125,0.75,0.78125,0.7160705327987671,-0.763020144608337,4.166641377194691,0.0286426544189453,0.028642654418945312
1996-10-22,0.78125,0.78125,0.71875,0.734375,0.6731065511703491,0.3465082143617624,-5.999965039825462,-0.0429639816284179,-0.04296398162841797
1996-10-23,0.734375,0.765625,0.734375,0.75,0.6874278783798218,-0.7494340830699276,2.127646385935744,0.0143213272094726,0.014321327209472656
1996-10-24,0.71875,0.765625,0.71875,0.765625,0.7017492651939392,-0.9441676317871288,2.0833293592734448,0.0143213868141174,0.014321386814117432
1996-10-25,0.71875,0.734375,0.71875,0.720703125,0.6605751514434814,-0.9034094471719006,-5.867354024101279,-0.0411741137504577,-0.041174113750457764
1996-10-28,0.71875,0.765625,0.71875,0.71875,0.6587850451469421,-0.7947209548646256,-0.2709920729878523,-0.0017901062965393,-0.0017901062965393066
1996-10-29,0.71875,0.734375,0.71875,0.734375,0.6731065511703491,-0.9849258164023568,2.173927008347998,0.0143215060234069,0.014321506023406982
1996-10-30,0.71875,0.765625,0.71875,0.71875,0.6587850451469421,-0.6724464010189412,-2.127672951408033,-0.0143215060234069,-0.014321506023406982
1996-10-31,0.75,0.75,0.734375,0.734375,0.6731065511703491,-0.9985118779407662,2.173927008347998,0.0143215060234069,0.014321506023406982
1996-11-01,0.71875,0.75,0.71875,0.71875,0.6587850451469421,-0.9034094471719006,-2.127672951408033,-0.0143215060234069,-0.014321506023406982
1996-11-04,0.71875,0.765625,0.71875,0.734375,0.6731065511703491,-0.5773439702500754,2.173927008347998,0.0143215060234069,0.014321506023406982
1996-11-05,0.734375,0.75,0.734375,0.734375,0.6731065511703491,-0.2467498061487805,0.0,0.0,0.0
1996-11-06,0.71875,0.734375,0.71875,0.71875,0.6587850451469421,-0.8173643907619745,-2.127672951408033,-0.0143215060234069,-0.014321506023406982
1996-11-07,0.75,0.75,0.71875,0.71875,0.6587850451469421,-0.9849258164023568,0.0,0.0,0.0
1996-11-08,0.75,0.75,0.71875,0.75,0.6874278783798218,-0.91246682153084,4.347826873709737,0.0286428332328796,0.02864283323287964
1996-11-11,0.75,0.765625,0.734375,0.734375,0.6731065511703491,-0.369024359994465,-2.083320688597345,-0.0143213272094726,-0.014321327209472656
1996-11-12,0.734375,0.734375,0.734375,0.734375,0.6731065511703491,-0.785663580505686,0.0,0.0,0.0
1996-11-13,0.765625,0.765625,0.734375,0.734375,0.6731065511703491,-0.9305815702487192,0.0,0.0,0.0
1996-11-14,0.765625,0.765625,0.71875,0.71875,0.6587850451469421,-0.9260528830692496,-2.127672951408033,-0.0143215060234069,-0.014321506023406982
1996-11-15,0.765625,0.765625,0.71875,0.71875,0.6587850451469421,-0.9939831907612964,0.0,0.0,0.0
1996-11-18,0.71875,0.75,0.71875,0.75,0.6874278783798218,-0.47771285230174,4.347826873709737,0.0286428332328796,0.02864283323287964
1996-11-19,0.71875,0.765625,0.71875,0.75,0.6874278783798218,-0.2965653651229483,0.0,0.0,0.0
1996-11-20,0.703125,0.75,0.703125,0.75,0.6874278783798218,-0.9668110676844776,0.0,0.0,0.0
1996-11-21,0.75,0.75,0.703125,0.703125,0.6444636583328247,-0.962282380505008,-6.249996748496467,-0.042964220046997,-0.04296422004699707
1996-11-22,0.703125,0.75,0.703125,0.75,0.6874278783798218,-0.9713397548639476,6.666662967178327,0.042964220046997,0.04296422004699707
1996-11-25,0.703125,0.75,0.703125,0.71875,0.6587850451469421,-0.5818726574295453,-4.166667389223012,-0.0286428332328796,-0.02864283323287964
1996-11-26,0.734375,0.734375,0.734375,0.734375,0.6731065511703491,-0.4641267907633306,2.173927008347998,0.0143215060234069,0.014321506023406982
1996-11-27,0.734375,0.75,0.71875,0.71875,0.6587850451469421,-0.4233686061481025,-2.127672951408033,-0.0143215060234069,-0.014321506023406982
1996-11-29,0.71875,0.75,0.71875,0.71875,0.6587850451469421,-0.9351102574281892,0.0,0.0,0.0
1996-12-02,0.71875,0.75,0.703125,0.71875,0.6587850451469421,-0.6950898369162901,0.0,0.0,0.0
1996-12-03,0.75,0.75,0.703125,0.703125,0.6444636583328247,-0.5682865958911358,-2.1739089130238254,-0.0143213868141174,-0.014321386814117432
1996-12-04,0.703125,0.734375,0.703125,0.734375,0.6731065511703491,-0.8671799497361422,4.444454309746693,0.0286428928375244,0.028642892837524414
1996-12-05,0.734375,0.734375,0.71875,0.7265625,0.6659456491470337,-0.8717086369156121,-1.0638586135975905,-0.0071609020233154,-0.00716090202331543
1996-12-06,0.71875,0.75,0.71875,0.75,0.6874278783798218,0.0295001117988768,3.2258231974791496,0.021482229232788,0.021482229232788086
1996-12-09,0.75,0.75,0.71875,0.71875,0.6587850451469421,-0.301094052302418,-4.166667389223012,-0.0286428332328796,-0.02864283323287964
1996-12-10,0.765625,0.765625,0.765625,0.765625,0.7017492651939392,-0.962282380505008,6.521735786733585,0.042964220046997,0.04296422004699707
1996-12-11,0.71875,0.75,0.71875,0.734375,0.6731065511703491,-0.6135734676858338,-4.08161653232002,-0.02864271402359,-0.028642714023590088
1996-12-12,0.71875,0.75,0.71875,0.75,0.6874278783798218,-0.8988807599924308,2.127646385935744,0.0143213272094726,0.014321327209472656
1996-12-13,0.765625,0.765625,0.71875,0.71875,0.6587850451469421,-0.9713397548639476,-4.166667389223012,-0.0286428332328796,-0.02864283323287964
1996-12-16,0.71875,0.71875,0.71875,0.71875,0.6587850451469421,-0.9215241958897796,0.0,0.0,0.0
1996-12-17,0.71875,0.71875,0.71875,0.71875,0.6587850451469421,-1.003040565120236,0.0,0.0,0.0
1996-12-18,0.765625,0.765625,0.71875,0.734375,0.6731065511703491,-0.8581225753772027,2.173927008347998,0.0143215060234069,0.014321506023406982
1996-12-19,0.71875,0.78125,0.71875,0.71875,0.6587850451469421,-0.8535938881977329,-2.127672951408033,-0.0143215060234069,-0.014321506023406982
1996-12-20,0.71875,0.78125,0.71875,0.75,0.6874278783798218,-0.5637579087116661,4.347826873709737,0.0286428332328796,0.02864283323287964
1996-12-23,0.734375,0.75,0.71875,0.75,0.6874278783798218,-0.586401344609015,0.0,0.0,0.0
1996-12-24,0.71875,0.78125,0.71875,0.78125,0.7160705327987671,-0.9849258164023568,4.166641377194691,0.0286426544189453,0.028642654418945312
1996-12-26,0.71875,0.71875,0.71875,0.71875,0.6587850451469421,-0.9215241958897796,-7.999978357987192,-0.0572854876518249,-0.05728548765182495
1996-12-27,0.78125,0.78125,0.71875,0.75,0.6874278783798218,-0.3509096112765857,4.347826873709737,0.0286428332328796,0.02864283323287964
1996-12-30,0.71875,0.78125,0.71875,0.734375,0.6731065511703491,-0.4007251702507535,-2.083320688597345,-0.0143213272094726,-0.014321327209472656
1996-12-31,0.734375,0.78125,0.734375,0.765625,0.7017492651939392,-0.6362169035831827,4.255301627028918,0.02864271402359,0.028642714023590088
1997-01-02,0.734375,0.7734375,0.734375,0.7734375,0.7089099884033203,-0.8898233856334912,1.0204105033728927,0.0071607232093811,0.0071607232093811035
1997-01-03,0.78125,0.78125,0.75,0.75,0.6874278783798218,-0.9758684420434172,-3.0303015015887613,-0.0214821100234985,-0.021482110023498535
1997-01-06,0.78125,0.78125,0.734375,0.75,0.6874278783798218,-0.91246682153084,0.0,0.0,0.0
1997-01-07,0.78125,0.796875,0.734375,0.78125,0.7160705327987671,0.1381886041061519,4.166641377194691,0.0286426544189453,0.028642654418945312
1997-01-08,0.796875,0.796875,0.796875,0.796875,0.7303921580314636,-0.9894545035818266,2.000029965863881,0.0143216252326965,0.014321625232696533
1997-01-09,0.765625,0.765625,0.765625,0.765625,0.7017492651939392,-1.007569252299706,-3.921577268124299,-0.0286428928375244,-0.028642892837524414
1997-01-10,0.765625,0.78125,0.765625,0.78125,0.7160705327987671,-0.7177332728136391,2.0407955255742127,0.0143212676048278,0.01432126760482788
1997-01-13,0.765625,0.765625,0.75,0.765625,0.7017492651939392,-0.8264217651209141,-1.9999800227574085,-0.0143212676048278,-0.01432126760482788
1997-01-14,0.734375,0.765625,0.734375,0.734375,0.6731065511703491,-0.2331637446103711,-4.08161653232002,-0.02864271402359,-0.028642714023590088
1997-01-15,0.734375,0.734375,0.734375,0.734375,0.6731065511703491,-0.8309504523003839,0.0,0.0,0.0
1997-01-16,0.734375,0.734375,0.734375,0.734375,0.6731065511703491,-0.9758684420434172,0.0,0.0,0.0
1997-01-17,0.75,0.765625,0.75,0.765625,0.7017492651939392,-0.9577536933255382,4.255301627028918,0.02864271402359,0.028642714023590088
1997-01-20,0.75,0.75,0.671875,0.703125,0.6444636583328247,0.3419795271822926,-8.163258545811624,-0.0572856068611145,-0.0572856068611145
1997-01-21,0.71875,0.734375,0.71875,0.71875,0.6587850451469421,-0.8762373240950818,2.2222179061524905,0.0143213868141174,0.014321386814117432
1997-01-22,0.71875,0.71875,0.65625,0.6875,0.6301422119140625,-0.3373235497381764,-4.347826873709748,-0.0286428332328796,-0.02864283323287964
1997-01-23,0.6875,0.703125,0.6875,0.6875,0.6301422119140625,-0.0474875702521096,0.0,0.0,0.0
1997-01-24,0.71875,0.71875,0.6875,0.71875,0.6587850451469421,-0.3735530471739348,4.545455405356313,0.0286428332328796,0.02864283323287964
1997-01-27,0.71875,0.71875,0.703125,0.703125,0.6444636583328247,-0.7766062061467464,-2.1739089130238254,-0.0143213868141174,-0.014321386814117432
1997-01-28,0.765625,0.765625,0.703125,0.703125,0.6444636583328247,-0.8535938881977329,0.0,0.0,0.0
1997-01-29,0.75,0.75,0.703125,0.75,0.6874278783798218,-0.6045160933268943,6.666662967178327,0.042964220046997,0.04296422004699707
1997-01-30,0.75,0.75,0.75,0.75,0.6874278783798218,-0.8717086369156121,0.0,0.0,0.0
1997-01-31,0.75,0.75,0.703125,0.75,0.6874278783798218,-0.2512784933282503,0.0,0.0,0.0
1997-02-03,0.75,0.75,0.71875,0.71875,0.6587850451469421,-0.4007251702507535,-4.166667389223012,-0.0286428332328796,-0.02864283323287964
1997-02-04,0.75,0.75,0.7421875,0.7421875,0.6802672147750854,-0.8852946984540214,3.2608769410288785,0.0214821696281433,0.02148216962814331
1997-02-05,0.75,0.796875,0.736328125,0.765625,0.7017492651939392,-0.0882457548673377,3.157884130276112,0.0214820504188537,0.02148205041885376
1997-02-06,0.75,0.8125,0.75,0.75,0.6874278783798218,-0.8218930779414443,-2.040812513021939,-0.0143213868141174,-0.014321386814117432
1997-02-07,0.75,0.78125,0.75,0.78125,0.7160705327987671,-0.7177332728136391,4.166641377194691,0.0286426544189453,0.028642654418945312
1997-02-10,0.78125,0.828125,0.765625,0.796875,0.7303921580314636,-0.03843019589317,2.000029965863881,0.0143216252326965,0.014321625232696533
1997-02-11,0.796875,0.84375,0.796875,0.796875,0.7303921580314636,-0.8037783292235652,0.0,0.0,0.0
1997-02-12,0.796875,0.796875,0.75,0.75,0.6874278783798218,-0.3192088010202972,-5.882357741550537,-0.0429642796516418,-0.042964279651641846
1997-02-13,0.75,0.78125,0.734375,0.75,0.6874278783798218,-0.6633890266600015,0.0,0.0,0.0
1997-02-14,0.71875,0.765625,0.71875,0.71875,0.6587850451469421,-0.8037783292235652,-4.166667389223012,-0.0286428332328796,-0.02864283323287964
1997-02-18,0.75,0.75,0.703125,0.71875,0.6587850451469421,-0.0520162574315794,0.0,0.0,0.0
1997-02-19,0.71875,0.71875,0.6875,0.71875,0.6587850451469421,-0.5773439702500754,0.0,0.0,0.0
1997-02-20,0.734375,0.734375,0.6875,0.6875,0.6301422119140625,0.2695205323107759,-4.347826873709748,-0.0286428332328796,-0.02864283323287964
1997-02-21,0.6875,0.71875,0.6875,0.6875,0.6301422119140625,-0.8807660112745517,0.0,0.0,0.0
1997-02-24,0.71875,0.71875,0.6875,0.703125,0.6444636583328247,0.4189672092332791,2.272732432137925,0.0143214464187622,0.014321446418762207
1997-02-25,0.71875,0.71875,0.6875,0.71875,0.6587850451469421,-0.9486963189665986,2.2222179061524905,0.0143213868141174,0.014321386814117432
1997-02-26,0.71875,0.71875,0.6875,0.6875,0.6301422119140625,-0.7720775189672766,-4.347826873709748,-0.0286428332328796,-0.02864283323287964
1997-02-27,0.71875,0.71875,0.71875,0.71875,0.6587850451469421,-0.7449053958904578,4.545455405356313,0.0286428332328796,0.02864283323287964
1997-02-28,0.71875,0.734375,0.6875,0.6875,0.6301422119140625,0.3193360912849436,-4.347826873709748,-0.0286428332328796,-0.02864283323287964
1997-03-03,0.71875,0.71875,0.671875,0.671875,0.6158207058906555,-0.8354791394798537,-2.272741891057461,-0.0143215060234069,-0.014321506023406982
1997-03-04,0.65625,0.65625,0.65625,0.65625,0.6014994382858276,-1.003040565120236,-2.325557985926308,-0.0143212676048278,-0.01432126760482788
1997-03-05,0.65625,0.6875,0.515625,0.640625,0.5871779322624207,2.764827168198632,-2.3809674809041947,-0.0143215060234069,-0.014321506023406982
1997-03-06,0.640625,0.640625,0.6015625,0.625,0.572856605052948,0.7903195579498021,-2.439009782655144,-0.0143213272094726,-0.014321327209472656
1997-03-07,0.6171875,0.625,0.59375,0.59375,0.5442137122154236,0.2423484092339571,-5.000010925051135,-0.0286428928375244,-0.028642892837524414
1997-03-10,0.640625,0.640625,0.59375,0.640625,0.5871779322624207,-0.4052538574302233,7.89473309522013,0.042964220046997,0.04296422004699707
1997-03-11,0.640625,0.640625,0.640625,0.640625,0.5871779322624207,-0.9894545035818266,0.0,0.0,0.0
1997-03-12,0.59375,0.625,0.59375,0.625,0.572856605052948,-0.8400078266593235,-2.439009782655144,-0.0143213272094726,-0.014321327209472656
1997-03-13,0.609375,0.640625,0.59375,0.625,0.572856605052948,-0.8128357035825047,0.0,0.0,0.0
1997-03-14,0.640625,0.671875,0.640625,0.671875,0.6158207058906555,-0.3101514266613576,7.499974768334283,0.0429641008377075,0.04296410083770752
1997-03-17,0.71875,0.71875,0.65625,0.65625,0.6014994382858276,-0.455069416404391,-2.325557985926308,-0.0143212676048278,-0.01432126760482788
1997-03-18,0.71875,0.71875,0.65625,0.65625,0.6014994382858276,-0.91699550871031,0.0,0.0,0.0
1997-03-19,0.6875,0.6875,0.625,0.625,0.572856605052948,-0.609044780506364,-4.761905233778252,-0.0286428332328796,-0.02864283323287964
1997-03-20,0.625,0.625,0.625,0.625,0.572856605052948,-0.8264217651209141,0.0,0.0,0.0
1997-03-21,0.640625,0.640625,0.609375,0.625,0.572856605052948,-0.9713397548639476,0.0,0.0,0.0
1997-03-24,0.609375,0.625,0.53125,0.53125,0.4869279861450195,0.5593565117968428,-15.000022370342805,-0.0859286189079285,-0.08592861890792852
1997-03-25,0.59375,0.6015625,0.5625,0.59375,0.5442137122154236,0.4144385220538093,11.764722443647546,0.0572857260704041,0.05728572607040411
1997-03-26,0.59375,0.59375,0.59375,0.59375,0.5442137122154236,-0.962282380505008,0.0,0.0,0.0
1997-03-27,0.59375,0.59375,0.5625,0.5625,0.5155709385871887,-0.91246682153084,-5.263148095191106,-0.0286427736282348,-0.028642773628234863
1997-03-31,0.5625,0.59375,0.5625,0.578125,0.5298922657966614,-0.2920366779434785,2.7777607575627083,0.0143213272094726,0.014321327209472656
1997-04-01,0.5625,0.59375,0.5625,0.59375,0.5442137122154236,-0.9351102574281892,2.702709086955779,0.0143214464187622,0.014321446418762207
1997-04-02,0.5625,0.609375,0.5625,0.609375,0.558535099029541,-0.8264217651209141,2.631574047595553,0.0143213868141174,0.014321386814117432
1997-04-03,0.609375,0.609375,0.578125,0.578125,0.5298922657966614,-0.7811348933262162,-5.128206496359278,-0.0286428332328796,-0.02864283323287964
1997-04-04,0.59375,0.59375,0.5625,0.578125,0.5298922657966614,-0.5275284112759078,0.0,0.0,0.0
1997-04-07,0.5625,0.5625,0.484375,0.5,0.4582852125167846,1.9043766040993717,-13.513511689441216,-0.0716070532798767,-0.07160705327987676
1997-04-08,0.5,0.5234375,0.5,0.515625,0.472606748342514,-0.7267906471725787,3.1250268249065183,0.0143215358257293,0.01432153582572937
1997-04-09,0.515625,0.5234375,0.5,0.515625,0.472606748342514,-0.6452742779421223,0.0,0.0,0.0
1997-04-10,0.5234375,0.5234375,0.515625,0.515625,0.472606748342514,-0.962282380505008,0.0,0.0,0.0
1997-04-11,0.5234375,0.5234375,0.5,0.515625,0.472606748342514,-0.5456431599937869,0.0,0.0,0.0
1997-04-14,0.5,0.609375,0.5,0.609375,0.558535099029541,0.3736803374385812,18.18178665209238,0.085928350687027,0.08592835068702703
1997-04-15,0.609375,0.609375,0.609375,0.609375,0.558535099029541,-0.9894545035818266,0.0,0.0,0.0
1997-04-16,0.625,0.71875,0.609375,0.703125,0.6444636583328247,0.1834754759008498,15.38463016068019,0.0859285593032836,0.08592855930328369
1997-04-17,0.6875,0.71875,0.6875,0.6875,0.6301422119140625,-0.4233686061481025,-2.2222271548733463,-0.0143214464187622,-0.014321446418762207
1997-04-18,0.71875,0.78125,0.6875,0.75,0.6874278783798218,1.8726757938430827,9.09091081071265,0.0572856664657592,0.05728566646575928
1997-04-21,0.6875,0.71875,0.6875,0.71875,0.6587850451469421,-0.8807660112745517,-4.166667389223012,-0.0286428332328796,-0.02864283323287964
1997-04-22,0.71875,0.71875,0.71875,0.71875,0.6587850451469421,-0.9668110676844776,0.0,0.0,0.0
1997-04-23,0.6875,0.75,0.6875,0.6875,0.6301422119140625,-0.6815037753778808,-4.347826873709748,-0.0286428332328796,-0.02864283323287964
1997-04-24,0.6875,0.75,0.6875,0.71875,0.6587850451469421,-0.9351102574281892,4.545455405356313,0.0286428332328796,0.02864283323287964
1997-04-25,0.734375,0.734375,0.6875,0.6875,0.6301422119140625,-0.8898233856334912,-4.347826873709748,-0.0286428332328796,-0.02864283323287964
1997-04-28,0.6875,0.75,0.6875,0.75,0.6874278783798218,-0.7584914574288673,9.09091081071265,0.0572856664657592,0.05728566646575928
1997-04-29,0.765625,0.765625,0.71875,0.71875,0.6587850451469421,-0.7675488317878068,-4.166667389223012,-0.0286428332328796,-0.02864283323287964
1997-04-30,0.75,0.765625,0.75,0.765625,0.7017492651939392,-0.7177332728136391,6.521735786733585,0.042964220046997,0.04296422004699707
1997-05-01,0.765625,0.765625,0.71875,0.75,0.6874278783798218,-0.8807660112745517,-2.040812513021939,-0.0143213868141174,-0.014321386814117432
1997-05-02,0.71875,0.765625,0.71875,0.71875,0.6587850451469421,-0.9668110676844776,-4.166667389223012,-0.0286428332328796,-0.02864283323287964
1997-05-05,0.71875,0.78125,0.71875,0.75,0.6874278783798218,-0.061073631790519,4.347826873709737,0.0286428332328796,0.02864283323287964
1997-05-06,0.748046875,0.765625,0.71875,0.765625,0.7017492651939392,-0.6362169035831827,2.0833293592734448,0.0143213868141174,0.014321386814117432
1997-05-07,0.765625,0.765625,0.765625,0.765625,0.7017492651939392,-1.0120979394791756,0.0,0.0,0.0
1997-05-08,0.765625,0.765625,0.71875,0.71875,0.6587850451469421,-0.8581225753772027,-6.122446032789686,-0.042964220046997,-0.04296422004699707
1997-05-09,0.71875,0.71875,0.71875,0.71875,0.6587850451469421,-0.9849258164023568,0.0,0.0,0.0
1997-05-12,0.71875,0.75,0.65625,0.65625,0.6014994382858276,-0.4686554779428004,-8.695644699757409,-0.0572856068611145,-0.0572856068611145
1997-05-13,0.71875,0.71875,0.6875,0.6875,0.6301422119140625,-0.9758684420434172,4.761895324434873,0.0286427736282348,0.028642773628234863
1997-05-14,0.6875,0.6875,0.6875,0.6875,0.6301422119140625,-1.0120979394791756,0.0,0.0,0.0
1997-05-15,0.6875,0.6875,0.6875,0.6875,0.6301422119140625,-1.0120979394791756,0.0,0.0,0.0
1997-05-16,0.71875,0.734375,0.71875,0.734375,0.6731065511703491,-0.7675488317878068,6.818197296413775,0.0429643392562866,0.04296433925628662
1997-05-19,0.734375,0.734375,0.6875,0.6875,0.6301422119140625,-0.9441676317871288,-6.38299228875181,-0.0429643392562866,-0.04296433925628662
1997-05-20,0.75,0.75,0.6875,0.75,0.6874278783798218,-0.3826104215328743,9.09091081071265,0.0572856664657592,0.05728566646575928
1997-05-21,0.6875,0.765625,0.6875,0.75,0.6874278783798218,-0.7358480215315183,0.0,0.0,0.0
1997-05-22,0.765625,0.765625,0.734375,0.734375,0.6731065511703491,-0.1516473753799148,-2.083320688597345,-0.0143213272094726,-0.014321327209472656
1997-05-23,0.78125,0.78125,0.78125,0.78125,0.7160705327987671,-1.007569252299706,6.3829391578072325,0.0429639816284179,0.04296398162841797
1997-05-27,0.734375,0.78125,0.71875,0.75,0.6874278783798218,-0.8354791394798537,-3.999976693216978,-0.0286426544189453,-0.028642654418945312
1997-05-28,0.779296875,0.78125,0.75,0.78125,0.7160705327987671,-0.455069416404391,4.166641377194691,0.0286426544189453,0.028642654418945312
1997-05-29,0.71875,0.78125,0.71875,0.78125,0.7160705327987671,-0.6588603394805318,0.0,0.0,0.0
1997-05-30,0.78125,0.78125,0.71875,0.78125,0.7160705327987671,-0.5909300317884848,0.0,0.0,0.0
1997-06-02,0.78125,0.78125,0.71875,0.71875,0.6587850451469421,-0.9849258164023568,-7.999978357987192,-0.0572854876518249,-0.05728548765182495
1997-06-03,0.703125,0.78125,0.6875,0.703125,0.6444636583328247,-0.5139423497374983,-2.1739089130238254,-0.0143213868141174,-0.014321386814117432
1997-06-04,0.6875,0.6875,0.6875,0.6875,0.6301422119140625,-1.003040565120236,-2.2222271548733463,-0.0143214464187622,-0.014321446418762207
1997-06-05,0.734375,0.734375,0.6875,0.71875,0.6587850451469421,-0.6135734676858338,4.545455405356313,0.0286428332328796,0.02864283323287964
1997-06-06,0.71875,0.71875,0.71875,0.71875,0.6587850451469421,-0.939638944607659,0.0,0.0,0.0
1997-06-09,0.71875,0.734375,0.671875,0.671875,0.6158207058906555,-0.192405559995143,-6.521753882057757,-0.0429643392562866,-0.04296433925628662
1997-06-10,0.734375,0.734375,0.671875,0.671875,0.6158207058906555,-0.4007251702507535,0.0,0.0,0.0
1997-06-11,0.6875,0.734375,0.6875,0.734375,0.6731065511703491,-0.8309504523003839,9.302357769351332,0.0572858452796936,0.057285845279693604
1997-06-12,0.734375,0.734375,0.734375,0.734375,0.6731065511703491,-0.9939831907612964,0.0,0.0,0.0
1997-06-13,0.671875,0.734375,0.671875,0.734375,0.6731065511703491,-0.894352072812961,0.0,0.0,0.0
1997-06-16,0.734375,0.734375,0.671875,0.671875,0.6158207058906555,-0.8717086369156121,-8.510665240159842,-0.0572858452796936,-0.057285845279693604
1997-06-17,0.71875,0.71875,0.6875,0.71875,0.6587850451469421,-0.8354791394798537,6.976761067841597,0.0429643392562866,0.04296433925628662
1997-06-18,0.71875,0.71875,0.671875,0.671875,0.6158207058906555,-0.9939831907612964,-6.521753882057757,-0.0429643392562866,-0.04296433925628662
1997-06-19,0.734375,0.75,0.671875,0.734375,0.6731065511703491,-0.3916677958918139,9.302357769351332,0.0572858452796936,0.057285845279693604
1997-06-20,0.671875,0.6875,0.671875,0.671875,0.6158207058906555,-0.9260528830692496,-8.510665240159842,-0.0572858452796936,-0.057285845279693604
1997-06-23,0.71875,0.71875,0.671875,0.671875,0.6158207058906555,-0.8218930779414443,0.0,0.0,0.0
1997-06-24,0.71875,0.7421875,0.71875,0.734375,0.6731065511703491,-0.4052538574302233,9.302357769351332,0.0572858452796936,0.057285845279693604
1997-06-25,0.78125,0.84375,0.75,0.84375,0.7733563780784607,0.024971424619407,14.893604397967074,0.1002498269081115,0.10024982690811157
1997-06-26,0.8125,0.84375,0.78125,0.84375,0.7733563780784607,-0.6769750881984109,0.0,0.0,0.0
1997-06-27,0.796875,0.84375,0.75,0.75,0.6874278783798218,0.070258296414105,-11.11111282383722,-0.0859284996986389,-0.08592849969863892
1997-06-30,0.8125,0.8125,0.75,0.78125,0.7160705327987671,-0.5320570984553775,4.166641377194691,0.0286426544189453,0.028642654418945312
1997-07-01,0.78125,0.8125,0.78125,0.8125,0.7447134852409363,-0.7494340830699276,4.000018312472364,0.0286429524421691,0.02864295244216919
1997-07-02,0.796875,0.796875,0.796875,0.796875,0.7303921580314636,-0.91246682153084,-1.923065379276612,-0.0143213272094726,-0.014321327209472656
1997-07-03,0.796875,0.8125,0.751953125,0.751953125,0.6892182230949402,-0.8852946984540214,-5.637236720544003,-0.0411739349365234,-0.04117393493652344
1997-07-07,0.8125,0.8125,0.796875,0.8125,0.7447134852409363,-0.9441676317871288,8.051914515085535,0.055495262145996,0.055495262145996094
1997-07-08,0.8125,0.8125,0.765625,0.8125,0.7447134852409363,-0.9034094471719006,0.0,0.0,0.0
1997-07-09,0.765625,0.765625,0.765625,0.765625,0.7017492651939392,-0.8762373240950818,-5.76922815263603,-0.042964220046997,-0.04296422004699707
1997-07-10,0.765625,0.8125,0.765625,0.8125,0.7447134852409363,-0.7086758984546995,6.122446032789686,0.042964220046997,0.04296422004699707
1997-07-11,0.765625,0.8125,0.765625,0.796875,0.7303921580314636,-0.8128357035825047,-1.923065379276612,-0.0143213272094726,-0.014321327209472656
1997-07-14,0.796875,0.859375,0.796875,0.796875,0.7303921580314636,-0.8173643907619745,0.0,0.0,0.0
1997-07-15,0.796875,0.8125,0.796875,0.8125,0.7447134852409363,-0.4460120420454515,1.9607723127903265,0.0143213272094726,0.014321327209472656
1997-07-16,0.828125,0.828125,0.78125,0.828125,0.7590349912643433,-0.5275284112759078,1.9230893903812607,0.0143215060234069,0.014321506023406982
1997-07-17,0.78125,0.828125,0.78125,0.78125,0.7160705327987671,-0.8535938881977329,-5.6604055096339145,-0.0429644584655761,-0.04296445846557617
1997-07-18,0.828125,0.828125,0.78125,0.78125,0.7160705327987671,0.7812621835908626,0.0,0.0,0.0
1997-07-21,0.8125,0.84375,0.78125,0.8125,0.7447134852409363,0.4551967066690374,4.000018312472364,0.0286429524421691,0.02864295244216919
1997-07-22,0.814453125,0.890625,0.814453125,0.890625,0.8163205981254578,0.8039056194882116,9.61539092599546,0.0716071128845214,0.07160711288452148
1997-07-23,0.9375,0.9375,0.875,0.8984375,0.8234815001487732,0.0159140502604674,0.8772168728510943,0.0071609020233154,0.00716090202331543
1997-07-24,0.9375,0.9375,0.890625,0.90625,0.83064204454422,-0.3735530471739348,0.869545265334204,0.0071605443954467,0.007160544395446777
1997-07-25,0.890625,0.9375,0.890625,0.890625,0.8163205981254578,-0.785663580505686,-1.724141766339371,-0.0143214464187622,-0.014321446418762207
1997-07-28,0.890625,0.9375,0.875,0.875,0.8019992113113403,0.5638851989763125,-1.7543826343478397,-0.0143213868141174,-0.014321386814117432
1997-07-29,0.875,0.9296875,0.84375,0.84375,0.7733563780784607,-0.8173643907619745,-3.571429102286283,-0.0286428332328796,-0.02864283323287964
1997-07-30,0.84375,0.8984375,0.84375,0.875,0.8019992113113403,-0.6633890266600015,3.703704274612418,0.0286428332328796,0.02864283323287964
1997-07-31,0.9375,0.9375,0.875,0.90625,0.83064204454422,-0.6407455907626526,3.571429102286272,0.0286428332328796,0.02864283323287964
1997-08-01,0.9375,0.96875,0.90625,0.921875,0.8449633121490479,1.5194381938444388,1.7241202391441668,0.0143212676048278,0.01432126760482788
1997-08-04,0.90625,0.9453125,0.90625,0.9453125,0.8664455413818359,-0.4731841651222702,2.542386033087163,0.021482229232788,0.021482229232788086
1997-08-05,0.921875,0.96875,0.89453125,0.9453125,0.8664455413818359,-0.4731841651222702,0.0,0.0,0.0
1997-08-06,0.921875,0.96875,0.921875,0.9296875,0.8521241545677185,-0.8717086369156121,-1.652889435067928,-0.0143213868141174,-0.014321386814117432
1997-08-07,0.9375,0.9375,0.90625,0.9375,0.8592849969863892,-0.9034094471719006,0.8403520050788149,0.0071608424186706,0.007160842418670654
1997-08-08,0.90625,0.90625,0.90625,0.90625,0.83064204454422,-0.9668110676844776,-3.333347206412696,-0.0286429524421691,-0.02864295244216919
1997-08-11,0.90625,0.9375,0.90625,0.9375,0.8592849969863892,-0.1561760625593846,3.448290708410484,0.0286429524421691,0.02864295244216919
1997-08-12,0.9375,0.9375,0.90625,0.90625,0.83064204454422,-0.9577536933255382,-3.333347206412696,-0.0286429524421691,-0.02864295244216919
1997-08-13,0.90625,0.90625,0.90625,0.90625,0.83064204454422,-0.8671799497361422,0.0,0.0,0.0
1997-08-14,0.90625,0.921875,0.90625,0.921875,0.8449633121490479,-0.9486963189665986,1.7241202391441668,0.0143212676048278,0.01432126760482788
1997-08-15,0.921875,0.921875,0.921875,0.921875,0.8449633121490479,-0.9894545035818266,0.0,0.0,0.0
1997-08-18,0.90625,0.9375,0.90625,0.90625,0.83064204454422,-0.323737488199767,-1.6948981569866906,-0.0143212676048278,-0.01432126760482788
1997-08-19,0.90625,0.953125,0.90625,0.90625,0.83064204454422,-0.4641267907633306,0.0,0.0,0.0
1997-08-20,0.90625,0.90625,0.90625,0.90625,0.83064204454422,-0.7086758984546995,0.0,0.0,0.0
1997-08-21,0.90625,0.921875,0.90625,0.90625,0.83064204454422,-0.8173643907619745,0.0,0.0,0.0
1997-08-22,0.90625,0.921875,0.90625,0.90625,0.83064204454422,1.8273889220483848,0.0,0.0,0.0
1997-08-25,0.953125,0.953125,0.90625,0.921875,0.8449633121490479,-0.346380924097116,1.7241202391441668,0.0143212676048278,0.01432126760482788
1997-08-26,0.90625,0.953125,0.90625,0.9375,0.8592849969863892,3.661507229733651,1.6949475357594057,0.0143216848373413,0.014321684837341309
1997-08-27,0.953125,0.96875,0.9375,0.9375,0.8592849969863892,-0.8173643907619745,0.0,0.0,0.0
1997-08-28,0.96875,0.96875,0.90625,0.9375,0.8592849969863892,-0.91699550871031,0.0,0.0,0.0
1997-08-29,0.90625,0.90625,0.90625,0.90625,0.83064204454422,-0.8264217651209141,-3.333347206412696,-0.0286429524421691,-0.02864295244216919
1997-09-02,0.90625,0.90625,0.90625,0.90625,0.83064204454422,-0.9577536933255382,0.0,0.0,0.0
1997-09-03,0.90625,0.9375,0.90625,0.9140625,0.8378027081489563,-0.3916677958918139,0.8620637074379545,0.0071606636047363,0.007160663604736328
1997-09-04,0.9140625,0.9375,0.9140625,0.9375,0.8592849969863892,-0.9486963189665986,2.5641226303619646,0.0214822888374328,0.02148228883743286
1997-09-05,0.96875,0.96875,0.9140625,0.9140625,0.8378027081489563,-0.5365857856348473,-2.5000190754841167,-0.0214822888374328,-0.02148228883743286
1997-09-08,0.9140625,0.9140625,0.9140625,0.9140625,0.8378027081489563,-0.8354791394798537,0.0,0.0,0.0
1997-09-09,0.9140625,0.9140625,0.90625,0.90625,0.83064204454422,-0.6815037753778808,-0.8546956861188892,-0.0071606636047363,-0.007160663604736328
1997-09-10,0.90625,0.90625,0.90625,0.90625,0.83064204454422,-1.0120979394791756,0.0,0.0,0.0
1997-09-11,0.90625,0.9375,0.90625,0.9140625,0.8378027081489563,-0.6362169035831827,0.8620637074379545,0.0071606636047363,0.007160663604736328
1997-09-12,0.90625,0.921875,0.90625,0.90625,0.83064204454422,-0.5682865958911358,-0.8546956861188892,-0.0071606636047363,-0.007160663604736328
1997-09-15,0.921875,0.923828125,0.90625,0.90625,0.83064204454422,-0.9079381343513704,0.0,0.0,0.0
1997-09-16,0.9296875,0.9296875,0.9296875,0.9296875,0.8521241545677185,-0.9532250061460684,2.586205473777325,0.0214821100234985,0.021482110023498535
1997-09-17,0.9296875,0.953125,0.90625,0.953125,0.873606264591217,0.0838443579525144,2.5210070514192218,0.0214821100234985,0.021482110023498535
1997-09-18,0.9375,1.0,0.9375,1.0,0.9165704250335692,-0.5139423497374983,4.91802339151679,0.0429641604423521,0.042964160442352184
1997-09-19,1.0,1.0,0.953125,0.953125,0.873606264591217,-0.8490652010182631,-4.687491464802463,-0.0429641604423521,-0.042964160442352184
1997-09-22,0.96875,1.0,0.953125,0.953125,0.873606264591217,-0.7947209548646256,0.0,0.0,0.0
1997-09-23,0.9375,0.9375,0.9375,0.9375,0.8592849969863892,-0.7041472112752297,-1.6393274848514494,-0.0143212676048278,-0.01432126760482788
1997-09-24,0.9375,0.9375,0.875,0.9375,0.8592849969863892,-0.3554382984560555,0.0,0.0,0.0
1997-09-25,0.96875,0.96875,0.9375,0.9375,0.8592849969863892,-0.8354791394798537,0.0,0.0,0.0
1997-09-26,0.9375,0.9375,0.9375,0.9375,0.8592849969863892,-0.015786759995821,0.0,0.0,0.0
1997-09-29,0.9375,1.0,0.9375,1.0,0.9165704250335692,0.0521435476962258,6.666638920507939,0.05728542804718,0.057285428047180065
1997-09-30,1.0,1.0,0.9375,0.9375,0.8592849969863892,-0.7992496420440953,-6.249975613721337,-0.05728542804718,-0.057285428047180065
1997-10-01,0.9375,0.984375,0.9375,0.9375,0.8592849969863892,-0.4097825446096931,0.0,0.0,0.0
1997-10-02,0.9375,1.0,0.9375,1.0,0.9165704250335692,-0.215048995892492,6.666638920507939,0.05728542804718,0.057285428047180065
1997-10-03,1.015625,1.09375,0.966796875,1.078125,0.9881776571273804,1.1797866553842045,7.812518289709014,0.0716072320938111,0.07160723209381115
1997-10-06,1.09375,1.15625,1.0625,1.125,1.0311418771743774,1.0393973528206408,4.347823464445999,0.042964220046997,0.04296422004699707
1997-10-07,1.15625,1.28125,1.125,1.21875,1.117070198059082,0.509540952822675,8.333316955390524,0.0859283208847045,0.08592832088470459
1997-10-08,1.25,1.25,1.109375,1.21875,1.117070198059082,0.6544589425657084,0.0,0.0,0.0
1997-10-09,1.21875,1.25,1.1875,1.21875,1.117070198059082,-0.0474875702521096,0.0,0.0,0.0
1997-10-10,1.25,1.25,1.140625,1.203125,1.1027491092681885,0.4053811476948697,-1.2820222771833478,-0.0143210887908935,-0.014321088790893555
1997-10-13,1.171875,1.203125,1.15625,1.171875,1.074105978012085,-0.6498029651215922,-2.597429552685093,-0.0286431312561035,-0.028643131256103516
1997-10-14,1.203125,1.203125,1.171875,1.203125,1.1027491092681885,0.1155451682088029,2.6666950787402888,0.0286431312561035,0.028643131256103516
1997-10-15,1.28125,1.28125,1.1875,1.25,1.145713210105896,1.1254424092305668,3.896090278070563,0.0429641008377075,0.04296410083770752
1997-10-16,1.28125,1.375,1.234375,1.328125,1.217320203781128,4.0736177630654025,6.24999284669272,0.0716069936752319,0.07160699367523193
1997-10-17,1.34375,1.375,1.1875,1.21875,1.117070198059082,0.1155451682088029,-8.235302873529793,-0.1002500057220459,-0.1002500057220459
1997-10-20,1.234375,1.25,1.1875,1.21875,1.117070198059082,-0.2105203087130222,0.0,0.0,0.0
1997-10-21,1.25,1.25,1.125,1.171875,1.074105978012085,0.2831065938491853,-3.846152204368869,-0.042964220046997,-0.04296422004699707
1997-10-22,1.171875,1.21875,1.15625,1.15625,1.0597845315933228,-0.6452742779421223,-1.3333364409038873,-0.0143214464187622,-0.014321446418762207
1997-10-23,1.125,1.21875,1.125,1.21875,1.117070198059082,0.486897516925326,5.40540692546565,0.0572856664657592,0.05728566646575928
1997-10-24,1.21875,1.21875,1.1875,1.1875,1.0884274244308472,-0.6588603394805318,-2.56409791237846,-0.0286427736282348,-0.028642773628234863
1997-10-27,1.1875,1.1875,1.109375,1.109375,1.016820192337036,-0.5592292215321963,-6.578962500072583,-0.0716072320938112,-0.07160723209381126
1997-10-29,1.1875,1.203125,1.15625,1.1875,1.0884274244308472,1.582839814357016,7.042270859042521,0.0716072320938112,0.07160723209381126
1997-10-30,1.203125,1.21875,1.1796875,1.2109375,1.1099094152450562,1.1843153425636743,1.973672321371556,0.0214819908142089,0.021481990814208984
1997-10-31,1.234375,1.25,1.203125,1.234375,1.1313918828964231,-0.5999874061474244,1.9355153993917409,0.0214824676513669,0.021482467651366965
1997-11-03,1.234375,1.25,1.203125,1.25,1.145713210105896,-0.6633890266600015,1.2658149157663612,0.0143213272094728,0.014321327209472878
1997-11-04,1.25,1.25,1.203125,1.25,1.145713210105896,-0.3101514266613576,0.0,0.0,0.0
1997-11-05,1.25,1.25,1.21875,1.25,1.145713210105896,-0.5637579087116661,0.0,0.0,0.0
1997-11-06,1.21875,1.25,1.21875,1.25,1.145713210105896,-0.609044780506364,0.0,0.0,0.0
1997-11-07,1.203125,1.25,1.203125,1.2265625,1.1242308616638184,-0.5773439702500754,-1.8750197041100811,-0.0214823484420776,-0.021482348442077637
1997-11-10,1.25,1.25,1.203125,1.234375,1.1313918828964231,-0.0701310061494586,0.6369707038647476,0.0071610212326047,0.007161021232604758
1997-11-11,1.25,1.25,1.21875,1.25,1.145713210105896,-0.7358480215315183,1.2658149157663612,0.0143213272094728,0.014321327209472878
1997-11-12,1.25,1.25,1.21875,1.2265625,1.1242308616638184,0.926180173333896,-1.8750197041100811,-0.0214823484420776,-0.021482348442077637
1997-11-13,1.25,1.25,1.1875,1.1875,1.0884274244308472,-0.6543316523010619,-3.184705068493088,-0.0358034372329711,-0.03580343723297119
1997-11-14,1.2421875,1.2421875,1.1796875,1.1796875,1.0812668800354004,-0.4686554779428004,-0.6578798213570436,-0.0071605443954467,-0.007160544395446777
1997-11-17,1.203125,1.203125,1.1875,1.1875,1.0884274244308472,-0.6181021548653036,0.6622365419360898,0.0071605443954467,0.007160544395446777
1997-11-18,1.203125,1.203125,1.1875,1.203125,1.1027491092681885,-0.962282380505008,1.3158144048814655,0.0143216848373413,0.014321684837341309
1997-11-19,1.171875,1.203125,1.171875,1.171875,1.074105978012085,-0.0429588830726398,-2.597429552685093,-0.0286431312561035,-0.028643131256103516
1997-11-20,1.171875,1.1875,1.171875,1.1875,1.0884274244308472,-0.6498029651215922,1.3333364409038762,0.0143214464187622,0.014321446418762207
1997-11-21,1.1875,1.1875,1.171875,1.1875,1.0884274244308472,-0.8354791394798537,0.0,0.0,0.0
1997-11-24,1.1875,1.1875,1.15625,1.1875,1.0884274244308472,-0.6362169035831827,0.0,0.0,0.0
1997-11-25,1.1875,1.1875,1.15625,1.15625,1.0597845315933228,-0.4460120420454515,-2.631585000029024,-0.0286428928375244,-0.028642892837524414
1997-11-26,1.1875,1.1875,1.171875,1.171875,1.074105978012085,-0.6226308420447734,1.3513545434778784,0.0143214464187622,0.014321446418762207
1997-11-28,1.15625,1.171875,1.15625,1.171875,1.074105978012085,-0.5682865958911358,0.0,0.0,0.0
1997-12-01,1.1875,1.21875,1.171875,1.1875,1.0884274244308472,-0.0656023189699887,1.3333364409038762,0.0143214464187622,0.014321446418762207
1997-12-02,1.21875,1.21875,1.171875,1.171875,1.074105978012085,-0.7539627702493974,-1.315792500014512,-0.0143214464187622,-0.014321446418762207
1997-12-03,1.171875,1.1875,1.171875,1.1875,1.0884274244308472,-0.7992496420440953,1.3333364409038762,0.0143214464187622,0.014321446418762207
1997-12-04,1.171875,1.171875,1.140625,1.140625,1.0454634428024292,-0.4867702266606796,-3.9473446427431225,-0.0429639816284179,-0.04296398162841797
1997-12-05,1.140625,1.15625,1.140625,1.15625,1.0597845315933228,-0.9305815702487192,1.3698316176895764,0.0143210887908935,0.014321088790893555
1997-12-08,1.140625,1.1875,1.140625,1.15625,1.0597845315933228,-0.8354791394798537,0.0,0.0,0.0
1997-12-09,1.1875,1.1875,1.140625,1.140625,1.0454634428024292,-0.9985118779407662,-1.351320798140232,-0.0143210887908935,-0.014321088790893555
1997-12-10,1.1875,1.1875,1.140625,1.1875,1.0884274244308472,-0.8173643907619745,4.109563268252625,0.0429639816284179,0.04296398162841797
1997-12-11,1.140625,1.1875,1.140625,1.1875,1.0884274244308472,-0.8490652010182631,0.0,0.0,0.0
1997-12-12,1.1875,1.1875,1.140625,1.140625,1.0454634428024292,-0.8535938881977329,-3.9473446427431225,-0.0429639816284179,-0.04296398162841797
1997-12-15,1.125,1.1875,1.0625,1.0625,0.9738559722900392,-0.6996185240957599,-6.849351931468961,-0.07160747051239,-0.07160747051239003
1997-12-16,1.0625,1.09375,1.0625,1.0625,0.9738559722900392,-0.894352072812961,0.0,0.0,0.0
1997-12-17,1.09375,1.09375,1.078125,1.078125,0.9881776571273804,-0.9305815702487192,1.4706163174892817,0.0143216848373411,0.014321684837341198
1997-12-18,1.0625,1.125,1.0625,1.125,1.0311418771743774,-0.8128357035825047,4.347823464445999,0.042964220046997,0.04296422004699707
1997-12-19,1.09375,1.09375,1.0625,1.0625,0.9738559722900392,-0.6543316523010619,-5.555579319629411,-0.0572859048843382,-0.05728590488433827
1997-12-22,1.0625,1.0625,1.0,1.0,0.9165704250335692,-0.3373235497381764,-5.882342860388478,-0.0572855472564699,-0.05728554725646995
1997-12-23,1.0546875,1.0546875,0.9375,1.0,0.9165704250335692,0.0340287989783466,0.0,0.0,0.0
1997-12-24,1.046875,1.046875,1.0,1.0,0.9165704250335692,-0.7177332728136391,0.0,0.0,0.0
1997-12-26,1.03125,1.03125,1.015625,1.015625,0.9308921694755554,-0.91699550871031,1.5625361729800114,0.0143217444419861,0.014321744441986195
1997-12-29,1.09375,1.09375,1.015625,1.0625,0.9738559722900392,-0.5365857856348473,4.615336149909677,0.0429638028144837,0.042963802814483754
1997-12-30,1.09375,1.09375,1.046875,1.0625,0.9738559722900392,-0.740376708710988,0.0,0.0,0.0
1997-12-31,1.09375,1.375,1.0859375,1.3125,1.2029988765716553,4.096261198962751,23.52944488729505,0.2291429042816161,0.2291429042816161
1998-01-02,1.3671875,1.3671875,1.21875,1.34375,1.231641411781311,0.7133318758988157,2.380927843530678,0.0286425352096557,0.02864253520965576
1998-01-05,1.34375,1.375,1.3125,1.359375,1.2459629774093628,-0.0701310061494586,1.162803190202788,0.0143215656280517,0.014321565628051758
1998-01-06,1.34375,1.375,1.328125,1.375,1.260284423828125,-0.6407455907626526,1.1494279267061147,0.0143214464187622,0.014321446418762207
1998-01-07,1.375,1.375,1.296875,1.296875,1.1886773109436035,-0.2195776830719617,-5.681821621425288,-0.0716071128845214,-0.07160711288452148
1998-01-08,1.3125,1.3125,1.3125,1.3125,1.2029988765716553,-0.91699550871031,1.2048320848896177,0.0143215656280517,0.014321565628051758
1998-01-09,1.2890625,1.328125,1.25,1.25,1.145713210105896,-0.4097825446096931,-4.761905233778252,-0.0572856664657592,-0.05728566646575928
1998-01-12,1.25,1.28125,1.2265625,1.2265625,1.1242308616638184,-0.3554382984560555,-1.8750197041100811,-0.0214823484420776,-0.021482348442077637
1998-01-13,1.234375,1.234375,1.21875,1.2265625,1.1242308616638184,-0.5728152830706057,0.0,0.0,0.0
1998-01-14,1.2265625,1.25,1.15625,1.15625,1.0597845315933228,-0.2920366779434785,-5.732481847644488,-0.0644463300704956,-0.0644463300704956
1998-01-15,1.203125,1.203125,1.140625,1.15625,1.0597845315933228,-0.6633890266600015,0.0,0.0,0.0
1998-01-16,1.171875,1.171875,1.140625,1.140625,1.0454634428024292,-0.7313193343520484,-1.351320798140232,-0.0143210887908935,-0.014321088790893555
1998-01-20,1.203125,1.203125,1.140625,1.1875,1.0884274244308472,-0.5365857856348473,4.109563268252625,0.0429639816284179,0.04296398162841797
1998-01-21,1.1875,1.1875,1.140625,1.140625,1.0454634428024292,-0.9486963189665986,-3.9473446427431225,-0.0429639816284179,-0.04296398162841797
1998-01-22,1.140625,1.1875,1.140625,1.1875,1.0884274244308472,-0.8445365138387932,4.109563268252625,0.0429639816284179,0.04296398162841797
1998-01-23,1.1875,1.1875,1.15625,1.15625,1.0597845315933228,-0.8400078266593235,-2.631585000029024,-0.0286428928375244,-0.028642892837524414
1998-01-26,1.171875,1.1875,1.125,1.125,1.0311418771743774,-0.5048849753785588,-2.7026865900639963,-0.0286426544189453,-0.028642654418945312
1998-01-27,1.125,1.125,1.03125,1.0625,0.9738559722900392,-0.6724464010189412,-5.555579319629411,-0.0572859048843382,-0.05728590488433827
1998-01-28,1.09375,1.15625,1.09375,1.109375,1.016820192337036,-0.5818726574295453,4.4117632657697525,0.0429642200469967,0.04296422004699674
1998-01-30,1.25,1.25,1.15625,1.15625,1.0597845315933228,-0.2784506164050691,4.225362515425535,0.0429643392562868,0.04296433925628684
1998-02-02,1.21875,1.28125,1.1875,1.21875,1.117070198059082,0.5321843887200239,5.40540692546565,0.0572856664657592,0.05728566646575928
1998-02-03,1.21875,1.21875,1.171875,1.1875,1.0884274244308472,0.0793156707730445,-2.56409791237846,-0.0286427736282348,-0.028642773628234863
1998-02-04,1.1875,1.1875,1.125,1.15625,1.0597845315933228,0.2423484092339571,-2.631585000029024,-0.0286428928375244,-0.028642892837524414
1998-02-05,1.15625,1.15625,1.125,1.125,1.0311418771743774,-0.5818726574295453,-2.7026865900639963,-0.0286426544189453,-0.028642654418945312
1998-02-06,1.125,1.15625,1.0625,1.125,1.0311418771743774,0.2423484092339571,0.0,0.0,0.0
1998-02-09,1.21875,1.21875,1.140625,1.21875,1.117070198059082,1.1390284707689762,8.333316955390524,0.0859283208847045,0.08592832088470459
1998-02-10,1.1875,1.21875,1.1875,1.203125,1.1027491092681885,0.1608320400035008,-1.2820222771833478,-0.0143210887908935,-0.014321088790893555
1998-02-11,1.21875,1.21875,1.1875,1.1875,1.0884274244308472,-0.5229997240964379,-1.298725586533955,-0.0143216848373413,-0.014321684837341309
1998-02-12,1.1875,1.25,1.1875,1.21875,1.117070198059082,-0.7494340830699276,2.631574047595553,0.0286427736282348,0.028642773628234863
1998-02-13,1.25,1.25,1.21875,1.21875,1.117070198059082,1.4379218246139829,0.0,0.0,0.0
1998-02-17,1.25,1.28125,1.21875,1.25,1.145713210105896,0.6680450041041177,2.564119255583175,0.0286430120468139,0.028643012046813965
1998-02-19,1.1875,1.25,1.171875,1.25,1.145713210105896,0.8401351169239699,0.0,0.0,0.0
1998-02-20,1.25,1.25,1.21875,1.234375,1.1313918828964231,-0.7675488317878068,-1.2499923264521984,-0.0143213272094728,-0.014321327209472878
1998-02-23,1.1875,1.234375,1.1875,1.234375,1.1313918828964231,-0.740376708710988,0.0,0.0,0.0
1998-02-24,1.25,1.25,1.1875,1.234375,1.1313918828964231,-0.4143112317891629,0.0,0.0,0.0
1998-02-25,1.1875,1.234375,1.1875,1.21875,1.117070198059082,-0.4097825446096931,-1.265846525315062,-0.014321684837341,-0.014321684837341087
1998-02-26,1.1953125,1.234375,1.1953125,1.234375,1.1313918828964231,-0.7584914574288673,1.2820756351950902,0.014321684837341,0.014321684837341087
1998-02-27,1.1875,1.25,1.1875,1.25,1.145713210105896,0.0747869835935748,1.2658149157663612,0.0143213272094728,0.014321327209472878
1998-03-02,1.265625,1.2734375,1.234375,1.234375,1.1313918828964231,0.5548278246173729,-1.2499923264521984,-0.0143213272094728,-0.014321327209472878
1998-03-03,1.234375,1.265625,1.234375,1.25,1.145713210105896,-0.7267906471725787,1.2658149157663612,0.0143213272094728,0.014321327209472878
1998-03-04,1.234375,1.25,1.234375,1.2421875,1.13855242729187,-0.5637579087116661,-0.6250065680367123,-0.0071607828140261,-0.007160782814026101
1998-03-05,1.25,1.25,1.234375,1.25,1.145713210105896,-0.4731841651222702,0.628937468523838,0.0071607828140261,0.007160782814026101
1998-03-06,1.25,1.25,1.234375,1.25,1.145713210105896,-0.8037783292235652,0.0,0.0,0.0
1998-03-09,1.21875,1.265625,1.21875,1.25,1.145713210105896,-0.0112580728163512,0.0,0.0,0.0
1998-03-10,1.25,1.265625,1.234375,1.2421875,1.13855242729187,-0.4686554779428004,-0.6250065680367123,-0.0071607828140261,-0.007160782814026101
1998-03-11,1.25,1.25,1.25,1.25,1.145713210105896,-0.7766062061467464,0.628937468523838,0.0071607828140261,0.007160782814026101
1998-03-12,1.2421875,1.25,1.2421875,1.25,1.145713210105896,-0.5999874061474244,0.0,0.0,0.0
1998-03-13,1.25,1.25,1.24609375,1.24609375,1.1421328783035278,-0.4505407292249212,-0.312498081613044,-0.0035803318023681,-0.003580331802368164
1998-03-16,1.265625,1.265625,1.234375,1.265625,1.1600346565246582,-0.3192088010202972,1.5673989043832437,0.0179017782211303,0.01790177822113037
1998-03-17,1.265625,1.265625,1.24609375,1.25,1.145713210105896,-0.8173643907619745,-1.2345705654749797,-0.0143214464187622,-0.014321446418762207
1998-03-18,1.25,1.25,1.2421875,1.2421875,1.13855242729187,-0.6815037753778808,-0.6250065680367123,-0.0071607828140261,-0.007160782814026101
1998-03-19,1.2421875,1.265625,1.2421875,1.2421875,1.13855242729187,-0.8762373240950818,0.0,0.0,0.0
1998-03-20,1.25,1.265625,1.25,1.2578125,1.152873992919922,2.6651960502502967,1.257874937047654,0.0143215656280522,0.014321565628052202
1998-03-23,1.265625,1.265625,1.234375,1.25,1.145713210105896,-0.03843019589317,-0.621124499121517,-0.0071607828140261,-0.007160782814026101
1998-03-24,1.25,1.25,1.234375,1.25,1.145713210105896,-0.5682865958911358,0.0,0.0,0.0
1998-03-25,1.234375,1.265625,1.234375,1.234375,1.1313918828964231,-0.5229997240964379,-1.2499923264521984,-0.0143213272094728,-0.014321327209472878
1998-03-26,1.265625,1.265625,1.234375,1.25,1.145713210105896,0.7133318758988157,1.2658149157663612,0.0143213272094728,0.014321327209472878
1998-03-27,1.2421875,1.265625,1.2421875,1.2578125,1.152873992919922,-0.8581225753772027,0.6250065680367012,0.0071607828140261,0.007160782814026101
1998-03-30,1.25,1.265625,1.25,1.25,1.145713210105896,-0.0248441343547606,-0.621124499121517,-0.0071607828140261,-0.007160782814026101
1998-03-31,1.265625,1.265625,1.25,1.25,1.145713210105896,-0.6769750881984109,0.0,0.0,0.0
1998-04-01,1.2578125,1.265625,1.25,1.25,1.145713210105896,-0.3780817343534045,0.0,0.0,0.0
1998-04-02,1.25,1.265625,1.25,1.2578125,1.152873992919922,-0.7041472112752297,0.6250065680367012,0.0071607828140261,0.007160782814026101
1998-04-03,1.25,1.265625,1.25,1.265625,1.1600346565246582,-0.6135734676858338,0.6211141589377078,0.0071606636047361,0.007160663604736106
1998-04-06,1.265625,1.390625,1.25,1.375,1.260284423828125,4.082675137424342,8.641963129257245,0.1002497673034668,0.1002497673034668
1998-04-07,1.375,1.4375,1.328125,1.40625,1.2889273166656494,2.1534543989702097,2.272732432137925,0.0286428928375244,0.028642892837524414
1998-04-08,1.4375,1.4375,1.375,1.375,1.260284423828125,0.5502991374379032,-2.2222271548733463,-0.0286428928375244,-0.028642892837524414
1998-04-09,1.375,1.4375,1.375,1.4375,1.3175700902938845,0.3510369015412322,4.545455405356336,0.0572856664657595,0.0572856664657595
1998-04-13,1.453125,1.453125,1.4375,1.453125,1.3318912982940674,2.551978870763552,1.0869408850187725,0.0143212080001828,0.014321208000182883
1998-04-14,1.453125,1.5,1.4375,1.484375,1.360534429550171,1.972306911791418,2.150560732155138,0.0286431312561035,0.028643131256103516
1998-04-15,1.5625,1.65625,1.40625,1.484375,1.360534429550171,4.952183075882543,0.0,0.0,0.0
1998-04-16,1.4375,1.5,1.4375,1.46875,1.3462131023406982,-0.6362169035831827,-1.0526251227767625,-0.0143213272094726,-0.014321327209472656
1998-04-17,1.484375,1.484375,1.375,1.375,1.260284423828125,4.598945475883898,-6.38299228875181,-0.0859286785125732,-0.08592867851257324
1998-04-20,1.421875,1.46875,1.40625,1.40625,1.2889273166656494,-0.455069416404391,2.272732432137925,0.0286428928375244,0.028642892837524414
1998-04-21,1.4375,1.4375,1.296875,1.34375,1.231641411781311,3.090892645120457,-4.4444635584675485,-0.0572859048843383,-0.05728590488433838
1998-04-22,1.34375,1.375,1.328125,1.34375,1.231641411781311,-0.7449053958904578,0.0,0.0,0.0
1998-04-23,1.34375,1.359375,1.328125,1.34375,1.231641411781311,0.7450326861551042,0.0,0.0,0.0
1998-04-24,1.328125,1.34375,1.234375,1.3125,1.2029988765716553,0.2287623476955478,-2.325557985926308,-0.0286425352096557,-0.02864253520965576
1998-04-27,1.3125,1.3125,1.234375,1.28125,1.1743558645248413,-0.301094052302418,-2.3809674809041947,-0.0286430120468139,-0.028643012046813965
1998-04-28,1.28125,1.296875,1.234375,1.265625,1.1600346565246582,-0.5456431599937869,-1.219494740291316,-0.0143212080001831,-0.014321208000183105
1998-04-29,1.296875,1.296875,1.234375,1.28125,1.1743558645248413,-0.3961964830712837,1.2345500127632247,0.0143212080001831,0.014321208000183105
1998-04-30,1.3125,1.328125,1.28125,1.28125,1.1743558645248413,-0.8581225753772027,0.0,0.0,0.0
1998-05-01,1.3125,1.3359375,1.28125,1.328125,1.217320203781128,-0.3146801138408274,3.6585451270914726,0.0429643392562866,0.04296433925628662
1998-05-04,1.328125,1.328125,1.265625,1.265625,1.1600346565246582,0.201590224618729,-4.705873366640478,-0.0572855472564697,-0.05728554725646973
1998-05-05,1.28125,1.3125,1.28125,1.3125,1.2029988765716553,-0.455069416404391,3.703701420069061,0.042964220046997,0.04296422004699707
1998-05-06,1.28125,1.3125,1.28125,1.28125,1.1743558645248413,-0.7358480215315183,-2.3809674809041947,-0.0286430120468139,-0.028643012046813965
1998-05-07,1.28125,1.3125,1.265625,1.265625,1.1600346565246582,0.2785779066697155,-1.219494740291316,-0.0143212080001831,-0.014321208000183105
1998-05-08,1.3125,1.3125,1.234375,1.28125,1.1743558645248413,-0.0429588830726398,1.2345500127632247,0.0143212080001831,0.014321208000183105
1998-05-11,1.296875,1.3125,1.25,1.3125,1.2029988765716553,-0.6135734676858338,2.439040235763912,0.0286430120468139,0.028643012046813965
1998-05-12,1.28125,1.3125,1.28125,1.28125,1.1743558645248413,-0.7766062061467464,-2.3809674809041947,-0.0286430120468139,-0.028643012046813965
1998-05-13,1.3125,1.328125,1.28125,1.3125,1.2029988765716553,-0.215048995892492,2.439040235763912,0.0286430120468139,0.028643012046813965
1998-05-14,1.3125,1.34375,1.3125,1.3359375,1.2244809865951538,-0.1607047497388544,1.7857132239989193,0.0214821100234985,0.021482110023498535
1998-05-15,1.34375,1.34375,1.3125,1.3125,1.2029988765716553,-0.609044780506364,-1.7543849401232992,-0.0214821100234985,-0.021482110023498535
1998-05-18,1.3203125,1.3203125,1.296875,1.3125,1.2029988765716553,-0.4505407292249212,0.0,0.0,0.0
1998-05-19,1.296875,1.328125,1.296875,1.3203125,1.2101595401763916,-0.5954587189679547,0.5952344382185171,0.0071606636047363,0.007160663604736328
1998-05-20,1.3125,1.3125,1.25,1.265625,1.1600346565246582,0.9125941117954868,-4.142006238650753,-0.0501248836517334,-0.0501248836517334
1998-05-21,1.28125,1.28125,1.234375,1.25,1.145713210105896,0.1064877938498633,-1.2345705654749797,-0.0143214464187622,-0.014321446418762207
1998-05-22,1.234375,1.25,1.1875,1.1875,1.0884274244308472,-0.47771285230174,-5.000010925051135,-0.0572857856750488,-0.05728578567504883
1998-05-26,1.1875,1.203125,1.078125,1.09375,1.0024991035461426,0.4008524605153999,-7.894722142786659,-0.0859283208847045,-0.08592832088470459
1998-05-28,1.03125,1.140625,1.03125,1.140625,1.0454634428024292,0.1381886041061519,4.285723458934654,0.0429643392562866,0.04296433925628662
1998-05-29,1.140625,1.1875,1.078125,1.1875,1.0884274244308472,0.6363441938478293,4.109563268252625,0.0429639816284179,0.04296398162841797
1998-06-01,1.125,1.171875,1.09375,1.09375,1.0024991035461426,-0.3916677958918139,-7.894722142786659,-0.0859283208847045,-0.08592832088470459
1998-06-02,1.140625,1.15625,1.09375,1.109375,1.016820192337036,-0.5094136625580286,1.4285388126767715,0.0143210887908933,0.014321088790893333
1998-06-03,1.15625,1.15625,1.109375,1.109375,1.016820192337036,-0.8852946984540214,0.0,0.0,0.0
1998-06-04,1.109375,1.125,1.03125,1.0625,0.9738559722900392,-0.5094136625580286,-4.225350791691973,-0.0429642200469967,-0.04296422004699674
1998-06-05,1.03125,1.15625,1.015625,1.125,1.0311418771743774,0.0204427374399372,5.882379583259056,0.0572859048843382,0.05728590488433827
1998-06-08,1.15625,1.3125,1.0625,1.25,1.145713210105896,0.7314466246166949,11.111112395655653,0.1145713329315185,0.11457133293151855
1998-06-09,1.234375,1.25,1.234375,1.25,1.145713210105896,-0.5501718471732567,0.0,0.0,0.0
1998-06-10,1.3125,1.3125,1.25,1.296875,1.1886773109436035,-0.8037783292235652,3.7499873841671416,0.0429641008377075,0.04296410083770752
1998-06-11,1.234375,1.234375,1.234375,1.234375,1.1313918828964231,-0.2512784933282503,-4.819258138418214,-0.0572854280471804,-0.0572854280471804
1998-06-12,1.234375,1.265625,1.234375,1.234375,1.1313918828964231,0.0747869835935748,0.0,0.0,0.0
1998-06-15,1.234375,1.28125,1.234375,1.234375,1.1313918828964231,-0.2422211189693107,0.0,0.0,0.0
1998-06-16,1.234375,1.34375,1.234375,1.28125,1.1743558645248413,0.3691516502591114,3.797444747299061,0.0429639816284181,0.04296398162841819
1998-06-17,1.25,1.3125,1.25,1.3125,1.2029988765716553,-0.7992496420440953,2.439040235763912,0.0286430120468139,0.028643012046813965
1998-06-18,1.25,1.3125,1.25,1.28125,1.1743558645248413,0.1925328502597894,-2.3809674809041947,-0.0286430120468139,-0.028643012046813965
1998-06-22,1.140625,1.140625,1.109375,1.109375,1.016820192337036,0.047614860516756,-13.414645163929606,-0.1575356721878054,-0.1575356721878054
1998-06-23,1.140625,1.140625,1.0,1.0,0.9165704250335692,0.5412417630789635,-9.859144031458989,-0.1002497673034666,-0.10024976730346669
1998-06-24,1.015625,1.078125,1.015625,1.0625,0.9738559722900392,1.3745202041014055,6.249988619736646,0.0572855472564699,0.05728554725646995
1998-06-25,1.09375,1.09375,1.0546875,1.078125,0.9881776571273804,1.166200593845795,1.4706163174892817,0.0143216848373411,0.014321684837341198
1998-06-26,1.09375,1.09375,1.0703125,1.0703125,0.9810165762901306,-0.2603358676871899,-0.7246754453108073,-0.0071610808372497,-0.007161080837249756
1998-06-29,1.0703125,1.078125,1.0625,1.0625,0.9738559722900392,-0.2739219292255992,-0.729916718346435,-0.0071606040000914,-0.007160604000091442
1998-06-30,1.078125,1.078125,1.0625,1.0625,0.9738559722900392,-0.0293728215342304,0.0,0.0,0.0
1998-07-01,1.078125,1.078125,1.0625,1.0625,0.9738559722900392,0.8310777425650303,0.0,0.0,0.0
1998-07-02,1.0625,1.078125,1.0625,1.078125,0.9881776571273804,-0.8037783292235652,1.4706163174892817,0.0143216848373411,0.014321684837341198
1998-07-06,1.078125,1.078125,1.0625,1.078125,0.9881776571273804,0.2831065938491853,0.0,0.0,0.0
1998-07-07,1.078125,1.078125,1.0625,1.078125,0.9881776571273804,-0.3599669856355253,0.0,0.0,0.0
1998-07-08,1.078125,1.078125,1.0625,1.0703125,0.9810165762901306,-0.4958276010196192,-0.7246754453108073,-0.0071610808372497,-0.007161080837249756
1998-07-09,1.0625,1.078125,1.0625,1.078125,0.9881776571273804,0.3419795271822926,0.7299653247787585,0.0071610808372497,0.007161080837249756
1998-07-10,1.0625,1.078125,1.0625,1.0625,0.9738559722900392,-0.8083070164030349,-1.4493026364281625,-0.0143216848373411,-0.014321684837341198
1998-07-13,1.0625,1.078125,1.0546875,1.0546875,0.9666954874992372,-0.7313193343520484,-0.7352714358740298,-0.007160484790802,-0.007160484790802002
1998-07-14,1.0546875,1.078125,1.046875,1.046875,0.9595349431037904,-0.4867702266606796,-0.7407238875160704,-0.0071605443954467,-0.007160544395446777
1998-07-15,1.078125,1.078125,1.046875,1.046875,0.9595349431037904,0.7359753117961647,0.0,0.0,0.0
1998-07-16,1.046875,1.0546875,1.046875,1.046875,0.9595349431037904,-0.8128357035825047,0.0,0.0,0.0
1998-07-17,1.0625,1.0625,1.046875,1.046875,0.9595349431037904,-0.7267906471725787,0.0,0.0,0.0
1998-07-20,1.03125,1.0625,1.015625,1.015625,0.9308921694755554,-0.8173643907619745,-2.985068322325468,-0.0286427736282349,-0.028642773628234974
1998-07-21,1.0,1.046875,0.96875,1.046875,0.9595349431037904,2.855400911788028,3.076916378442806,0.0286427736282349,0.028642773628234974
1998-07-22,1.03125,1.03125,0.96875,1.0,0.9165704250335692,-0.2784506164050691,-4.477639754446527,-0.0429645180702211,-0.04296451807022117
1998-07-23,0.96875,1.0078125,0.96875,0.984375,0.9022490978240968,-0.8400078266593235,-1.5624906519264958,-0.0143213272094724,-0.014321327209472434
1998-07-24,0.96875,1.0,0.953125,0.984375,0.9022490978240968,-0.3282661753792368,0.0,0.0,0.0
1998-07-27,1.03125,1.03125,0.96875,0.96875,0.8879277110099792,-0.6588603394805318,-1.5872985463388778,-0.0143213868141175,-0.014321386814117543
1998-07-28,0.96875,1.0,0.96875,1.0,0.9165704250335692,-0.8535938881977329,3.225793459133075,0.0286427140235899,0.028642714023589977
1998-07-29,0.96875,1.0,0.96875,0.9921875,0.9094098806381226,-0.8128357035825047,-0.7812323199479665,-0.0071605443954466,-0.007160544395446666
1998-07-30,0.96875,0.9921875,0.96875,0.9921875,0.9094098806381226,-0.6181021548653036,0.0,0.0,0.0
1998-07-31,0.96875,0.984375,0.96875,0.96875,0.8879277110099792,-0.5411144728143171,-2.3622098335977504,-0.0214821696281433,-0.02148216962814331
1998-08-03,1.0,1.0,0.96875,0.96875,0.8879277110099792,-0.8807660112745517,0.0,0.0,0.0
1998-08-04,1.0,1.0,0.96875,0.984375,0.9022490978240968,-0.4641267907633306,1.6129000859571807,0.0143213868141175,0.014321386814117543
1998-08-05,0.984375,0.984375,0.96875,0.96875,0.8879277110099792,-0.8128357035825047,-1.5872985463388778,-0.0143213868141175,-0.014321386814117543
1998-08-06,0.96875,0.96875,0.96875,0.96875,0.8879277110099792,-0.8445365138387932,0.0,0.0,0.0
1998-08-07,1.0,1.0,0.96875,0.96875,0.8879277110099792,-0.8490652010182631,0.0,0.0,0.0
1998-08-10,0.96875,1.046875,0.9375,0.96875,0.8879277110099792,-0.432425980507042,0.0,0.0,0.0
1998-08-11,0.96875,0.96875,0.90625,0.90625,0.83064204454422,-0.6769750881984109,-6.451613769391129,-0.0572856664657592,-0.05728566646575928
1998-08-12,0.90625,0.90625,0.90625,0.90625,0.83064204454422,-0.7766062061467464,0.0,0.0,0.0
1998-08-13,0.90625,0.9375,0.90625,0.9375,0.8592849969863892,-0.9758684420434172,3.448290708410484,0.0286429524421691,0.02864295244216919
1998-08-14,0.9375,0.9375,0.90625,0.90625,0.83064204454422,-0.9713397548639476,-3.333347206412696,-0.0286429524421691,-0.02864295244216919
1998-08-17,0.90625,0.96875,0.90625,0.90625,0.83064204454422,-0.8309504523003839,0.0,0.0,0.0
1998-08-19,0.90625,0.90625,0.90625,0.90625,0.83064204454422,-0.962282380505008,0.0,0.0,0.0
1998-08-20,0.9375,0.9375,0.796875,0.8125,0.7447134852409363,2.610851804096659,-10.344836246572786,-0.0859285593032836,-0.08592855930328369
1998-08-21,0.859375,0.890625,0.84375,0.875,0.8019992113113403,0.9125941117954868,7.692317543017291,0.057285726070404,0.05728572607040405
1998-08-24,0.84375,0.859375,0.84375,0.84375,0.7733563780784607,0.6272868194888896,-3.571429102286283,-0.0286428332328796,-0.02864283323287964
1998-08-25,0.84375,0.859375,0.84375,0.84375,0.7733563780784607,-0.9758684420434172,0.0,0.0,0.0
1998-08-26,0.84375,0.859375,0.84375,0.84375,0.7733563780784607,2.502163311789384,0.0,0.0,0.0
1998-08-27,0.84375,0.859375,0.84375,0.84375,0.7733563780784607,-0.215048995892492,0.0,0.0,0.0
1998-08-28,0.84375,0.8671875,0.84375,0.8671875,0.7948386073112488,-0.7177332728136391,2.7777916936774227,0.021482229232788,0.021482229232788086
1998-08-31,0.890625,0.890625,0.78125,0.78125,0.7160705327987671,0.0385574861578164,-9.909945715764293,-0.0787680745124816,-0.07876807451248169
1998-09-01,0.78125,0.828125,0.640625,0.6875,0.6301422119140625,-0.2467498061487805,-11.999980022757406,-0.0859283208847045,-0.08592832088470459
1998-09-02,0.6875,0.6875,0.640625,0.6875,0.6301422119140625,1.3337620194861777,0.0,0.0,0.0
1998-09-03,0.65625,0.671875,0.640625,0.671875,0.6158207058906555,-0.7947209548646256,-2.272741891057461,-0.0143215060234069,-0.014321506023406982
1998-09-04,0.671875,0.671875,0.640625,0.6484375,0.5943386554718018,-0.6724464010189412,-3.488361176129096,-0.0214820504188537,-0.02148205041885376
1998-09-08,0.640625,0.671875,0.640625,0.65625,0.6014994382858276,-0.8626512625566725,1.2048320848896177,0.0071607828140258,0.007160782814025879
1998-09-09,0.671875,0.671875,0.65625,0.65625,0.6014994382858276,-0.6905611497368203,0.0,0.0,0.0
1998-09-10,0.671875,0.671875,0.5,0.53125,0.4869279861450195,-0.3644956728149952,-19.0476407537998,-0.1145714521408081,-0.11457145214080816
1998-09-11,0.5546875,0.5546875,0.4921875,0.5234375,0.4797674715518951,0.4144385220538093,-1.4705489922265058,-0.0071605145931243,-0.00716051459312439
1998-09-14,0.53125,0.625,0.53125,0.578125,0.5298922657966614,0.8084343066676813,10.44772670448635,0.0501247942447662,0.05012479424476629
1998-09-15,0.578125,0.578125,0.53125,0.53125,0.4869279861450195,-0.1108891907646867,-8.10811601242144,-0.0429642796516419,-0.0429642796516419
1998-09-16,0.5390625,0.5625,0.5390625,0.546875,0.5012495517730713,-0.3418522369176462,2.941208153064845,0.0143215656280518,0.014321565628051813
1998-09-17,0.578125,0.578125,0.53125,0.5625,0.5155709385871887,-0.631688216403713,2.8571370814115093,0.0143213868141174,0.014321386814117432
1998-09-18,0.59375,0.609375,0.5625,0.609375,0.558535099029541,-0.631688216403713,8.333316955390524,0.0429641604423522,0.042964160442352295
1998-09-21,0.5625,0.578125,0.5625,0.578125,0.5298922657966614,-0.6271595292242432,-5.128206496359278,-0.0286428332328796,-0.02864283323287964
1998-09-22,0.53125,0.609375,0.53125,0.53125,0.4869279861450195,-0.8988807599924308,-8.10811601242144,-0.0429642796516419,-0.0429642796516419
1998-09-23,0.609375,0.609375,0.5546875,0.5546875,0.5084100961685181,-0.5184710369169682,4.411763265769797,0.0214821100234985,0.02148211002349859
1998-09-24,0.546875,0.5859375,0.5390625,0.5625,0.5155709385871887,-0.7222619599931088,1.4084776192755166,0.0071608424186706,0.007160842418670654
1998-09-25,0.5703125,0.578125,0.5703125,0.5703125,0.5227317214012146,-0.5229997240964379,1.3889035005829609,0.0071607828140258,0.007160782814025879
1998-09-28,0.59375,0.65625,0.59375,0.65625,0.6014994382858276,-0.8264217651209141,15.068478467974234,0.078767716884613,0.07876771688461304
1998-09-29,0.671875,0.6875,0.609375,0.65625,0.6014994382858276,-0.6588603394805318,0.0,0.0,0.0
1998-09-30,0.625,0.625,0.625,0.625,0.572856605052948,-0.9079381343513704,-4.761905233778252,-0.0286428332328796,-0.02864283323287964
1998-10-01,0.65625,0.65625,0.609375,0.609375,0.558535099029541,-0.8807660112745517,-2.500015867336169,-0.0143215060234069,-0.014321506023406982
1998-10-02,0.609375,0.65625,0.609375,0.625,0.572856605052948,-0.7177332728136391,2.564119255583175,0.0143215060234069,0.014321506023406982
1998-10-05,0.625,0.640625,0.6171875,0.640625,0.5871779322624207,-0.8445365138387932,2.4999846529043523,0.0143213272094726,0.014321327209472656
1998-10-06,0.625,0.65625,0.6171875,0.65625,0.6014994382858276,-0.5547005343527265,2.439040235763912,0.0143215060234069,0.014321506023406982
1998-10-07,0.609375,0.625,0.5625,0.5625,0.5155709385871887,3.253925383581369,-14.285715701334766,-0.0859284996986389,-0.08592849969863892
1998-10-08,0.5625,0.578125,0.5625,0.578125,0.5298922657966614,-0.8581225753772027,2.7777607575627083,0.0143213272094726,0.014321327209472656
1998-10-09,0.578125,0.59375,0.578125,0.578125,0.5298922657966614,0.201590224618729,0.0,0.0,0.0
1998-10-12,0.59375,0.59375,0.578125,0.59375,0.5442137122154236,1.216016152819963,2.702709086955779,0.0143214464187622,0.014321446418762207
1998-10-13,0.578125,0.578125,0.546875,0.546875,0.5012495517730713,3.883412901527671,-7.894722142786659,-0.0429641604423522,-0.042964160442352295
1998-10-14,0.53125,0.5625,0.53125,0.5625,0.5155709385871887,1.7005856810232305,2.8571370814115093,0.0143213868141174,0.014321386814117432
1998-10-15,0.53125,0.5625,0.53125,0.53125,0.4869279861450195,4.915953578446784,-5.555579319629434,-0.0286429524421692,-0.028642952442169245
1998-10-19,0.5625,0.578125,0.5390625,0.578125,0.5298922657966614,-0.0429588830726398,8.823538772496441,0.0429642796516419,0.0429642796516419
1998-10-20,0.625,0.625,0.578125,0.59375,0.5442137122154236,0.310278716926004,2.702709086955779,0.0143214464187622,0.014321446418762207
1998-10-21,0.578125,0.6875,0.578125,0.6875,0.6301422119140625,0.8084343066676813,15.789477142873732,0.0859284996986389,0.08592849969863892
1998-10-22,0.703125,0.75,0.6875,0.71875,0.6587850451469421,-0.4822415394812098,4.545455405356313,0.0286428332328796,0.02864283323287964
1998-10-23,0.6953125,0.71875,0.6953125,0.71875,0.6587850451469421,-0.5365857856348473,0.0,0.0,0.0
1998-10-26,0.75,0.890625,0.734375,0.828125,0.7590349912643433,0.9759957323080636,15.217398581815168,0.1002499461174011,0.10024994611740112
1998-10-27,0.75,0.828125,0.75,0.796875,0.7303921580314636,-0.6498029651215922,-3.77358535015212,-0.0286428332328796,-0.02864283323287964
1998-10-28,0.828125,0.828125,0.78125,0.78125,0.7160705327987671,-0.7901922676851557,-1.960813115969895,-0.0143216252326965,-0.014321625232696533
1998-10-29,0.828125,0.84375,0.796875,0.8125,0.7447134852409363,0.2423484092339571,4.000018312472364,0.0286429524421691,0.02864295244216919
1998-10-30,0.8125,0.8125,0.671875,0.671875,0.6158207058906555,0.7812621835908626,-17.307700465311193,-0.1288927793502807,-0.12889277935028076
1998-11-02,0.7421875,0.7734375,0.671875,0.734375,0.6731065511703491,-0.1561760625593846,9.302357769351332,0.0572858452796936,0.057285845279693604
1998-11-03,0.7734375,0.7734375,0.71875,0.71875,0.6587850451469421,-0.8218930779414443,-2.127672951408033,-0.0143215060234069,-0.014321506023406982
1998-11-04,0.71875,0.7734375,0.71875,0.71875,0.6587850451469421,-0.6045160933268943,0.0,0.0,0.0
1998-11-05,0.703125,0.75,0.703125,0.75,0.6874278783798218,-0.9351102574281892,4.347826873709737,0.0286428332328796,0.02864283323287964
1998-11-06,0.7421875,0.75,0.71875,0.71875,0.6587850451469421,-0.5411144728143171,-4.166667389223012,-0.0286428332328796,-0.02864283323287964
1998-11-09,0.703125,0.75,0.6875,0.6875,0.6301422119140625,-0.6633890266600015,-4.347826873709748,-0.0286428332328796,-0.02864283323287964
1998-11-10,0.703125,0.703125,0.609375,0.671875,0.6158207058906555,-0.2422211189693107,-2.272741891057461,-0.0143215060234069,-0.014321506023406982
1998-11-11,0.625,0.734375,0.625,0.734375,0.6731065511703491,-0.3780817343534045,9.302357769351332,0.0572858452796936,0.057285845279693604
1998-11-12,0.703125,0.734375,0.6875,0.6875,0.6301422119140625,-0.7132045856341692,-6.38299228875181,-0.0429643392562866,-0.04296433925628662
1998-11-13,0.7109375,0.7109375,0.6875,0.703125,0.6444636583328247,-0.9034094471719006,2.272732432137925,0.0143214464187622,0.014321446418762207
1998-11-16,0.6875,0.703125,0.65625,0.703125,0.6444636583328247,-0.5773439702500754,0.0,0.0,0.0
1998-11-17,0.65625,0.671875,0.640625,0.640625,0.5871779322624207,-0.6996185240957599,-8.88889937077253,-0.057285726070404,-0.05728572607040405
1998-11-18,0.640625,0.671875,0.640625,0.671875,0.6158207058906555,0.1563033528240311,4.8780398673828,0.0286427736282348,0.028642773628234863
1998-11-19,0.640625,0.671875,0.640625,0.671875,0.6158207058906555,-0.8128357035825047,0.0,0.0,0.0
1998-11-20,0.671875,0.78125,0.640625,0.765625,0.7017492651939392,-0.1244752523030961,13.953502777891511,0.0859285593032836,0.08592855930328369
1998-11-23,0.765625,0.765625,0.6875,0.6875,0.6301422119140625,-0.8988807599924308,-10.20407955255742,-0.0716070532798767,-0.07160705327987671
1998-11-24,0.671875,0.734375,0.671875,0.734375,0.6731065511703491,-0.4097825446096931,6.818197296413775,0.0429643392562866,0.04296433925628662
1998-11-25,0.71875,0.75,0.71875,0.734375,0.6731065511703491,-0.500356288199089,0.0,0.0,0.0
1998-11-27,0.78125,0.78125,0.734375,0.734375,0.6731065511703491,-0.8898233856334912,0.0,0.0,0.0
1998-11-30,0.734375,0.78125,0.734375,0.78125,0.7160705327987671,-0.5501718471732567,6.3829391578072325,0.0429639816284179,0.04296398162841797
1998-12-01,0.75,0.75,0.734375,0.734375,0.6731065511703491,-0.4460120420454515,-5.999965039825462,-0.0429639816284179,-0.04296398162841797
1998-12-02,0.734375,0.78125,0.734375,0.75,0.6874278783798218,-0.8128357035825047,2.127646385935744,0.0143213272094726,0.014321327209472656
1998-12-03,0.734375,0.75,0.734375,0.734375,0.6731065511703491,-0.7766062061467464,-2.083320688597345,-0.0143213272094726,-0.014321327209472656
1998-12-04,0.734375,0.734375,0.734375,0.734375,0.6731065511703491,-1.0120979394791756,0.0,0.0,0.0
1998-12-07,0.734375,0.75,0.734375,0.734375,0.6731065511703491,1.365462829742466,0.0,0.0,0.0
1998-12-08,0.734375,0.75,0.734375,0.734375,0.6731065511703491,1.9179626656377808,0.0,0.0,0.0
1998-12-09,0.71875,0.75,0.71875,0.734375,0.6731065511703491,-0.500356288199089,0.0,0.0,0.0
1998-12-10,0.734375,0.734375,0.734375,0.734375,0.6731065511703491,-0.8445365138387932,0.0,0.0,0.0
1998-12-11,0.75,0.75,0.734375,0.734375,0.6731065511703491,-0.5456431599937869,0.0,0.0,0.0
1998-12-14,0.734375,0.75,0.734375,0.75,0.6874278783798218,-0.2059916215335523,2.127646385935744,0.0143213272094726,0.014321327209472656
1998-12-15,0.734375,0.734375,0.734375,0.734375,0.6731065511703491,1.3247046451272375,-2.083320688597345,-0.0143213272094726,-0.014321327209472656
1998-12-16,0.703125,0.7265625,0.703125,0.703125,0.6444636583328247,-0.9034094471719006,-4.255328192501207,-0.0286428928375244,-0.028642892837524414
1998-12-17,0.703125,0.734375,0.703125,0.703125,0.6444636583328247,-0.4414833548659816,0.0,0.0,0.0
1998-12-18,0.703125,0.703125,0.6875,0.6875,0.6301422119140625,-0.4278972933275722,-2.2222271548733463,-0.0143214464187622,-0.014321446418762207
1998-12-21,0.6875,0.69921875,0.6875,0.6875,0.6301422119140625,-0.7811348933262162,0.0,0.0,0.0
1998-12-22,0.6875,0.7109375,0.6875,0.7109375,0.651624321937561,-0.7177332728136391,3.409089189287351,0.0214821100234985,0.021482110023498535
1998-12-23,0.71875,0.71875,0.6875,0.6875,0.6301422119140625,-0.455069416404391,-3.2967016884242306,-0.0214821100234985,-0.021482110023498535
1998-12-24,0.6875,0.71875,0.6875,0.71875,0.6587850451469421,-0.7901922676851557,4.545455405356313,0.0286428332328796,0.02864283323287964
1998-12-28,0.75,0.765625,0.703125,0.703125,0.6444636583328247,-0.2512784933282503,-2.1739089130238254,-0.0143213868141174,-0.014321386814117432
1998-12-29,0.703125,0.75,0.703125,0.75,0.6874278783798218,-0.7041472112752297,6.666662967178327,0.042964220046997,0.04296422004699707
1998-12-30,0.703125,0.734375,0.6953125,0.703125,0.6444636583328247,-0.3056227394818878,-6.249996748496467,-0.042964220046997,-0.04296422004699707
1998-12-31,0.703125,0.75,0.703125,0.75,0.6874278783798218,-0.061073631790519,6.666662967178327,0.042964220046997,0.04296422004699707
1999-01-04,0.75,0.765625,0.7109375,0.75,0.6874278783798218,-0.061073631790519,0.0,0.0,0.0
1999-01-05,0.765625,0.78125,0.765625,0.78125,0.7160705327987671,-0.4369546676865118,4.166641377194691,0.0286426544189453,0.028642654418945312
1999-01-06,0.71875,0.8125,0.71875,0.8125,0.7447134852409363,-0.6135734676858338,4.000018312472364,0.0286429524421691,0.02864295244216919
1999-01-07,0.8046875,0.828125,0.8046875,0.8125,0.7447134852409363,-0.609044780506364,0.0,0.0,0.0
1999-01-08,0.78125,0.84375,0.75,0.75,0.6874278783798218,0.5684138861557823,-7.692301535614188,-0.0572856068611145,-0.0572856068611145
1999-01-11,0.75,0.8125,0.75,0.796875,0.7303921580314636,0.9986391682054128,6.250005419172555,0.0429642796516418,0.042964279651641846
1999-01-12,0.765625,0.796875,0.75,0.78125,0.7160705327987671,-0.7222619599931088,-1.960813115969895,-0.0143216252326965,-0.014321625232696533
1999-01-13,0.765625,0.78125,0.75,0.75,0.6874278783798218,-0.5682865958911358,-3.999976693216978,-0.0286426544189453,-0.028642654418945312
1999-01-14,0.75,0.78125,0.75,0.78125,0.7160705327987671,-0.9532250061460684,4.166641377194691,0.0286426544189453,0.028642654418945312
1999-01-15,0.75,0.78125,0.75,0.75,0.6874278783798218,-0.1833481856362034,-3.999976693216978,-0.0286426544189453,-0.028642654418945312
1999-01-19,0.78125,0.78125,0.7578125,0.7578125,0.6945886015892029,2.7512411066602227,1.0416690149747776,0.0071607232093811,0.0071607232093811035
1999-01-20,0.7578125,0.78125,0.7578125,0.7578125,0.6945886015892029,-0.9668110676844776,0.0,0.0,0.0
1999-01-21,0.7578125,0.7734375,0.7578125,0.7734375,0.7089099884033203,0.4189672092332791,2.06185168909343,0.0143213868141174,0.014321386814117432
1999-01-22,0.7734375,0.78125,0.7578125,0.7578125,0.6945886015892029,-0.8400078266593235,-2.0201981984163453,-0.0143213868141174,-0.014321386814117432
1999-01-25,0.7578125,0.78125,0.7578125,0.78125,0.7160705327987671,-0.8535938881977329,3.0927560804214327,0.0214819312095642,0.02148193120956421
1999-01-26,0.78125,0.796875,0.765625,0.796875,0.7303921580314636,-0.8988807599924308,2.000029965863881,0.0143216252326965,0.014321625232696533
1999-01-27,0.765625,0.765625,0.75,0.75,0.6874278783798218,-0.1607047497388544,-5.882357741550537,-0.0429642796516418,-0.042964279651641846
1999-01-28,0.765625,0.765625,0.734375,0.7578125,0.6945886015892029,0.0023279887220581,1.0416690149747776,0.0071607232093811,0.0071607232093811035
1999-01-29,0.7578125,0.765625,0.7578125,0.765625,0.7017492651939392,-0.5954587189679547,1.0309215539029637,0.0071606636047363,0.007160663604736328
1999-02-01,0.7578125,0.765625,0.71875,0.71875,0.6587850451469421,-0.7449053958904578,-6.122446032789686,-0.042964220046997,-0.04296422004699707
1999-02-02,0.71875,0.7578125,0.71875,0.75,0.6874278783798218,-0.7766062061467464,4.347826873709737,0.0286428332328796,0.02864283323287964
1999-02-03,0.765625,0.765625,0.7421875,0.75,0.6874278783798218,-0.4958276010196192,0.0,0.0,0.0
1999-02-04,0.75390625,0.765625,0.75390625,0.765625,0.7017492651939392,-0.8490652010182631,2.0833293592734448,0.0143213868141174,0.014321386814117432
1999-02-05,0.7578125,0.765625,0.75,0.75,0.6874278783798218,-0.6588603394805318,-2.040812513021939,-0.0143213868141174,-0.014321386814117432
1999-02-08,0.734375,0.734375,0.734375,0.734375,0.6731065511703491,-0.8037783292235652,-2.083320688597345,-0.0143213272094726,-0.014321327209472656
1999-02-09,0.734375,0.78125,0.734375,0.78125,0.7160705327987671,0.0793156707730445,6.3829391578072325,0.0429639816284179,0.04296398162841797
1999-02-10,0.734375,0.734375,0.734375,0.734375,0.6731065511703491,-1.003040565120236,-5.999965039825462,-0.0429639816284179,-0.04296398162841797
1999-02-11,0.75,0.75,0.734375,0.734375,0.6731065511703491,-0.2376924317898409,0.0,0.0,0.0
1999-02-12,0.734375,0.7578125,0.734375,0.75,0.6874278783798218,-0.6860324625573505,2.127646385935744,0.0143213272094726,0.014321327209472656
1999-02-16,0.75,0.765625,0.75,0.765625,0.7017492651939392,-0.8400078266593235,2.0833293592734448,0.0143213868141174,0.014321386814117432
1999-02-17,0.765625,0.765625,0.765625,0.765625,0.7017492651939392,-1.0120979394791756,0.0,0.0,0.0
1999-02-18,0.765625,0.765625,0.75,0.765625,0.7017492651939392,0.6725736912835876,0.0,0.0,0.0
1999-02-19,0.75,0.75,0.75,0.75,0.6874278783798218,0.5910573220531312,-2.040812513021939,-0.0143213868141174,-0.014321386814117432
1999-02-22,0.71875,0.765625,0.71875,0.75,0.6874278783798218,0.5955860092326011,0.0,0.0,0.0
1999-02-23,0.765625,0.765625,0.734375,0.734375,0.6731065511703491,0.4597253938485072,-2.083320688597345,-0.0143213272094726,-0.014321327209472656
1999-02-24,0.7421875,0.7421875,0.734375,0.734375,0.6731065511703491,-0.3554382984560555,0.0,0.0,0.0
1999-02-25,0.75,0.765625,0.734375,0.765625,0.7017492651939392,-0.8083070164030349,4.255301627028918,0.02864271402359,0.028642714023590088
1999-02-26,0.71875,0.71875,0.71875,0.71875,0.6587850451469421,-0.9939831907612964,-6.122446032789686,-0.042964220046997,-0.04296422004699707
1999-03-01,0.703125,0.71875,0.703125,0.71875,0.6587850451469421,-0.962282380505008,0.0,0.0,0.0
1999-03-02,0.75,0.75,0.71875,0.71875,0.6587850451469421,-0.894352072812961,0.0,0.0,0.0
1999-03-03,0.71875,0.734375,0.71875,0.71875,0.6587850451469421,-0.7086758984546995,0.0,0.0,0.0
1999-03-04,0.734375,0.734375,0.703125,0.703125,0.6444636583328247,-0.6950898369162901,-2.1739089130238254,-0.0143213868141174,-0.014321386814117432
1999-03-05,0.703125,0.734375,0.703125,0.703125,0.6444636583328247,-0.9532250061460684,0.0,0.0,0.0
1999-03-08,0.71875,0.7265625,0.703125,0.71875,0.6587850451469421,-0.6860324625573505,2.2222179061524905,0.0143213868141174,0.014321386814117432
1999-03-09,0.71875,0.734375,0.71875,0.71875,0.6587850451469421,-0.0565449446110492,0.0,0.0,0.0
1999-03-10,0.71875,0.734375,0.71875,0.734375,0.6731065511703491,0.5276557015405542,2.173927008347998,0.0143215060234069,0.014321506023406982
1999-03-11,0.71875,0.734375,0.71875,0.71875,0.6587850451469421,-0.4912989138401494,-2.127672951408033,-0.0143215060234069,-0.014321506023406982
1999-03-12,0.734375,0.734375,0.71875,0.71875,0.6587850451469421,0.070258296414105,0.0,0.0,0.0
1999-03-15,0.734375,0.734375,0.71875,0.734375,0.6731065511703491,-0.7449053958904578,2.173927008347998,0.0143215060234069,0.014321506023406982
1999-03-16,0.71875,0.71875,0.71875,0.71875,0.6587850451469421,0.2106475989776686,-2.127672951408033,-0.0143215060234069,-0.014321506023406982
1999-03-17,0.71875,0.734375,0.71875,0.71875,0.6587850451469421,0.966938357949124,0.0,0.0,0.0
1999-03-18,0.71875,0.734375,0.71875,0.734375,0.6731065511703491,-0.9668110676844776,2.173927008347998,0.0143215060234069,0.014321506023406982
1999-03-19,0.71875,0.734375,0.71875,0.71875,0.6587850451469421,-0.8037783292235652,-2.127672951408033,-0.0143215060234069,-0.014321506023406982
1999-03-22,0.71875,0.734375,0.71875,0.734375,0.6731065511703491,-0.4143112317891629,2.173927008347998,0.0143215060234069,0.014321506023406982
1999-03-23,0.71875,0.71875,0.71875,0.71875,0.6587850451469421,-0.7811348933262162,-2.127672951408033,-0.0143215060234069,-0.014321506023406982
1999-03-24,0.71875,0.71875,0.71875,0.71875,0.6587850451469421,1.8590897323046731,0.0,0.0,0.0
1999-03-25,0.734375,0.734375,0.734375,0.734375,0.6731065511703491,-0.5320570984553775,2.173927008347998,0.0143215060234069,0.014321506023406982
1999-03-26,0.71875,0.71875,0.703125,0.703125,0.6444636583328247,-0.5411144728143171,-4.255328192501207,-0.0286428928375244,-0.028642892837524414
1999-03-29,0.703125,0.703125,0.703125,0.703125,0.6444636583328247,-0.8988807599924308,0.0,0.0,0.0
1999-03-30,0.6953125,0.6953125,0.6875,0.6875,0.6301422119140625,-0.8445365138387932,-2.2222271548733463,-0.0143214464187622,-0.014321446418762207
1999-03-31,0.6875,0.71875,0.6875,0.703125,0.6444636583328247,0.1246025425677425,2.272732432137925,0.0143214464187622,0.014321446418762207
1999-04-01,0.671875,0.71875,0.671875,0.703125,0.6444636583328247,0.4823688297458562,0.0,0.0,0.0
1999-04-05,0.703125,0.71875,0.703125,0.703125,0.6444636583328247,0.7269179374372251,0.0,0.0,0.0
1999-04-06,0.703125,0.71875,0.703125,0.703125,0.6444636583328247,-0.785663580505686,0.0,0.0,0.0
1999-04-08,0.734375,0.734375,0.671875,0.6796875,0.6229814887046814,-0.5592292215321963,-3.3333407323100195,-0.0214821696281433,-0.02148216962814331
1999-04-09,0.671875,0.703125,0.671875,0.671875,0.6158207058906555,-0.9034094471719006,-1.1494374943491148,-0.0071607828140258,-0.007160782814025879
1999-04-12,0.671875,0.6875,0.671875,0.671875,0.6158207058906555,-0.7086758984546995,0.0,0.0,0.0
1999-04-13,0.6875,0.6875,0.671875,0.671875,0.6158207058906555,-0.6905611497368203,0.0,0.0,0.0
1999-04-14,0.6875,0.703125,0.671875,0.671875,0.6158207058906555,-0.2286350574309013,0.0,0.0,0.0
1999-04-15,0.671875,0.671875,0.671875,0.671875,0.6158207058906555,-0.0520162574315794,0.0,0.0,0.0
1999-04-16,0.671875,0.6875,0.65625,0.6875,0.6301422119140625,0.6499302553862386,2.325596701509713,0.0143215060234069,0.014321506023406982
1999-04-19,0.671875,0.6875,0.640625,0.65625,0.6014994382858276,0.9986391682054128,-4.545445946436788,-0.0286427736282348,-0.028642773628234863
1999-04-20,0.65625,0.65625,0.65625,0.65625,0.6014994382858276,-0.9486963189665986,0.0,0.0,0.0
1999-04-21,0.6875,0.6875,0.65625,0.65625,0.6014994382858276,-0.9939831907612964,0.0,0.0,0.0
1999-04-22,0.6875,0.6875,0.65625,0.65625,0.6014994382858276,-0.9849258164023568,0.0,0.0,0.0
1999-04-23,0.6640625,0.6875,0.65625,0.65625,0.6014994382858276,-0.7811348933262162,0.0,0.0,0.0
1999-04-26,0.671875,0.703125,0.671875,0.6953125,0.6373028755187988,-0.5818726574295453,5.952364200871907,0.0358034372329711,0.03580343723297119
1999-04-27,0.6953125,0.6953125,0.6953125,0.6953125,0.6373028755187988,-0.9577536933255382,0.0,0.0,0.0
1999-04-28,0.734375,0.734375,0.6953125,0.6953125,0.6373028755187988,-0.5048849753785588,0.0,0.0,0.0
1999-04-29,0.703125,0.703125,0.703125,0.703125,0.6444636583328247,-1.003040565120236,1.1236074854042766,0.0071607828140258,0.007160782814025879
1999-04-30,0.703125,0.734375,0.703125,0.734375,0.6731065511703491,-0.5229997240964379,4.444454309746693,0.0286428928375244,0.028642892837524414
1999-05-03,0.703125,0.734375,0.703125,0.734375,0.6731065511703491,-0.5954587189679547,0.0,0.0,0.0
1999-05-04,0.734375,0.734375,0.703125,0.734375,0.6731065511703491,-0.6905611497368203,0.0,0.0,0.0
1999-05-05,0.703125,0.71875,0.703125,0.71875,0.6587850451469421,-0.8762373240950818,-2.127672951408033,-0.0143215060234069,-0.014321506023406982
1999-05-06,0.734375,0.734375,0.71875,0.71875,0.6587850451469421,-0.8445365138387932,0.0,0.0,0.0
1999-05-07,0.703125,0.734375,0.6875,0.71875,0.6587850451469421,-0.6815037753778808,0.0,0.0,0.0
1999-05-10,0.734375,0.734375,0.703125,0.703125,0.6444636583328247,-0.6452742779421223,-2.1739089130238254,-0.0143213868141174,-0.014321386814117432
1999-05-11,0.703125,0.71875,0.703125,0.71875,0.6587850451469421,0.047614860516756,2.2222179061524905,0.0143213868141174,0.014321386814117432
1999-05-12,0.71875,0.75,0.71875,0.734375,0.6731065511703491,-0.4278972933275722,2.173927008347998,0.0143215060234069,0.014321506023406982
1999-05-13,0.703125,0.703125,0.703125,0.703125,0.6444636583328247,-0.9985118779407662,-4.255328192501207,-0.0286428928375244,-0.028642892837524414
1999-05-14,0.703125,0.734375,0.703125,0.734375,0.6731065511703491,-0.9486963189665986,4.444454309746693,0.0286428928375244,0.028642892837524414
1999-05-17,0.703125,0.7109375,0.703125,0.7109375,0.651624321937561,-0.9486963189665986,-3.1915049995333344,-0.021482229232788,-0.021482229232788086
1999-05-18,0.703125,0.71875,0.703125,0.703125,0.6444636583328247,-0.91246682153084,-1.0988944647499663,-0.0071606636047363,-0.007160663604736328
1999-05-19,0.703125,0.703125,0.703125,0.703125,0.6444636583328247,-1.0120979394791756,0.0,0.0,0.0
1999-05-20,0.703125,0.75,0.703125,0.75,0.6874278783798218,-0.5048849753785588,6.666662967178327,0.042964220046997,0.04296422004699707
1999-05-21,0.75,0.796875,0.734375,0.796875,0.7303921580314636,0.6771023784630573,6.250005419172555,0.0429642796516418,0.042964279651641846
1999-05-24,0.8125,0.890625,0.765625,0.8671875,0.7948386073112488,0.3193360912849436,8.823540692643771,0.0644464492797851,0.06444644927978516
1999-05-25,0.8984375,0.9140625,0.859375,0.90625,0.83064204454422,-0.0067293856368814,4.504491465768856,0.0358034372329711,0.03580343723297119
1999-05-26,0.90625,0.90625,0.828125,0.859375,0.7876777648925781,-0.323737488199767,-5.172418123286393,-0.0429642796516418,-0.042964279651641846
1999-05-27,0.890625,0.921875,0.875,0.890625,0.8163205981254578,-0.586401344609015,3.6363643242850463,0.0286428332328796,0.02864283323287964
1999-05-28,0.890625,0.8984375,0.8828125,0.8828125,0.8091599345207214,-0.7041472112752297,-0.8771876663628997,-0.0071606636047363,-0.007160663604736328
1999-06-01,0.8828125,0.890625,0.859375,0.859375,0.7876777648925781,-0.7449053958904578,-2.654873123552215,-0.0214821696281433,-0.02148216962814331
1999-06-02,0.8671875,0.875,0.8125,0.875,0.8019992113113403,-0.5547005343527265,1.8181859457103489,0.0143214464187622,0.014321446418762207
1999-06-03,0.875,0.875,0.84375,0.84375,0.7733563780784607,0.6272868194888896,-3.571429102286283,-0.0286428332328796,-0.02864283323287964
1999-06-04,0.8515625,0.8515625,0.8359375,0.8359375,0.7661955952644348,-0.061073631790519,-0.9259357027374792,-0.0071607828140258,-0.007160782814025879
1999-06-07,0.84375,0.875,0.828125,0.828125,0.7590349912643433,-0.5954587189679547,-0.9345660617665396,-0.0071606040000915,-0.007160604000091553
1999-06-08,0.828125,0.828125,0.828125,0.828125,0.7590349912643433,-0.9758684420434172,0.0,0.0,0.0
1999-06-09,0.8359375,0.8359375,0.8125,0.8125,0.7447134852409363,-0.3373235497381764,-1.8868044541070936,-0.0143215060234069,-0.014321506023406982
1999-06-10,0.8125,0.8125,0.8125,0.8125,0.7447134852409363,-0.3327948625587066,0.0,0.0,0.0
1999-06-11,0.8125,0.8203125,0.8125,0.8203125,0.7518742680549622,-0.5320570984553775,0.9615486970414144,0.0071607828140258,0.007160782814025879
1999-06-14,0.8125,0.8125,0.8125,0.8125,0.7447134852409363,-0.785663580505686,-0.9523909938493058,-0.0071607828140258,-0.007160782814025879
1999-06-15,0.8046875,0.828125,0.7890625,0.8125,0.7447134852409363,0.2785779066697155,0.0,0.0,0.0
1999-06-16,0.8125,0.828125,0.8125,0.8125,0.7447134852409363,-0.1154178779441565,0.0,0.0,0.0
1999-06-17,0.8125,0.8359375,0.8125,0.8359375,0.7661955952644348,-0.763020144608337,2.884614076318015,0.0214821100234985,0.021482110023498535
1999-06-18,0.8125,0.8125,0.8125,0.8125,0.7447134852409363,0.5638851989763125,-2.8037370817936447,-0.0214821100234985,-0.021482110023498535
1999-06-21,0.8125,0.828125,0.8125,0.828125,0.7590349912643433,-0.3916677958918139,1.9230893903812607,0.0143215060234069,0.014321506023406982
1999-06-22,0.8359375,0.8359375,0.828125,0.8359375,0.7661955952644348,-0.8807660112745517,0.9433825953351516,0.0071606040000915,0.007160604000091553
1999-06-23,0.8359375,0.84375,0.8203125,0.84375,0.7733563780784607,-0.5501718471732567,0.9345893996629552,0.0071607828140258,0.007160782814025879
1999-06-24,0.84375,0.84375,0.828125,0.84375,0.7733563780784607,-0.7267906471725787,0.0,0.0,0.0
1999-06-25,0.828125,0.84375,0.828125,0.84375,0.7733563780784607,-0.7267906471725787,0.0,0.0,0.0
1999-06-28,0.8359375,0.84375,0.8359375,0.8359375,0.7661955952644348,-0.7720775189672766,-0.9259357027374792,-0.0071607828140258,-0.007160782814025879
1999-06-29,0.828125,0.875,0.828125,0.8671875,0.7948386073112488,3.8471834040919126,3.73834204005421,0.0286430120468139,0.028643012046813965
1999-06-30,0.8671875,0.875,0.828125,0.875,0.8019992113113403,-0.5094136625580286,0.9008877946070416,0.0071606040000915,0.007160604000091553
1999-07-01,0.84375,0.875,0.84375,0.875,0.8019992113113403,-0.8128357035825047,0.0,0.0,0.0
1999-07-02,0.84375,0.8828125,0.84375,0.8828125,0.8091599345207214,1.582839814357016,0.8928591335735536,0.0071607232093811,0.0071607232093811035
1999-07-06,0.8671875,0.8828125,0.859375,0.859375,0.7876777648925781,-0.2241063702514315,-2.654873123552215,-0.0214821696281433,-0.02148216962814331
1999-07-07,0.859375,0.875,0.859375,0.875,0.8019992113113403,-0.2965653651229483,1.8181859457103489,0.0143214464187622,0.014321446418762207
1999-07-08,0.875,0.875,0.84375,0.84375,0.7733563780784607,-0.0248441343547606,-3.571429102286283,-0.0286428332328796,-0.02864283323287964
1999-07-09,0.828125,0.875,0.828125,0.875,0.8019992113113403,-0.740376708710988,3.703704274612418,0.0286428332328796,0.02864283323287964
1999-07-12,0.875,0.875,0.859375,0.859375,0.7876777648925781,-0.3056227394818878,-1.785718267147096,-0.0143214464187622,-0.014321446418762207
1999-07-13,0.875,0.8828125,0.859375,0.8828125,0.8091599345207214,-0.1607047497388544,2.7272789185655237,0.0214821696281433,0.02148216962814331
1999-07-14,0.890625,0.90625,0.84375,0.90625,0.83064204454422,-0.1199465651236263,2.65486575731444,0.0214821100234985,0.021482110023498535
1999-07-15,0.90625,0.94921875,0.89453125,0.9375,0.8592849969863892,0.0385574861578164,3.448290708410484,0.0286429524421691,0.02864295244216919
1999-07-16,0.90625,0.9375,0.890625,0.890625,0.8163205981254578,-0.4007251702507535,-5.000017341349194,-0.0429643988609313,-0.042964398860931396
1999-07-19,0.92578125,0.9375,0.875,0.90625,0.83064204454422,-0.4686554779428004,1.75438993596988,0.0143214464187622,0.014321446418762207
1999-07-20,0.90625,0.90625,0.89453125,0.90625,0.83064204454422,-0.7901922676851557,0.0,0.0,0.0
1999-07-21,0.859375,0.90625,0.859375,0.875,0.8019992113113403,-0.3327948625587066,-3.448276356947011,-0.0286428332328796,-0.02864283323287964
1999-07-22,0.875,0.90625,0.875,0.875,0.8019992113113403,-0.3554382984560555,0.0,0.0,0.0
1999-07-23,0.875,0.90625,0.84375,0.90625,0.83064204454422,0.332922152823353,3.571429102286272,0.0286428332328796,0.02864283323287964
1999-07-26,0.90625,0.90625,0.890625,0.8984375,0.8234815001487732,-0.8264217651209141,-0.8620493559744924,-0.0071605443954467,-0.007160544395446777
1999-07-27,0.8984375,0.8984375,0.890625,0.890625,0.8163205981254578,-0.9713397548639476,-0.8695886941020192,-0.0071609020233154,-0.00716090202331543
1999-07-28,0.8984375,0.8984375,0.890625,0.890625,0.8163205981254578,-0.9577536933255382,0.0,0.0,0.0
1999-07-29,0.890625,0.8984375,0.890625,0.8984375,0.8234815001487732,-0.8807660112745517,0.8772168728510943,0.0071609020233154,0.00716090202331543
1999-07-30,0.8828125,0.890625,0.859375,0.890625,0.8163205981254578,-0.6452742779421223,-0.8695886941020192,-0.0071609020233154,-0.00716090202331543
1999-08-02,0.875,0.890625,0.875,0.875,0.8019992113113403,-0.4731841651222702,-1.7543826343478397,-0.0143213868141174,-0.014321386814117432
1999-08-03,0.875,0.8828125,0.875,0.875,0.8019992113113403,-0.6452742779421223,0.0,0.0,0.0
1999-08-04,0.875,0.875,0.8671875,0.875,0.8019992113113403,-0.8309504523003839,0.0,0.0,0.0
1999-08-05,0.875,0.87890625,0.84375,0.84375,0.7733563780784607,-0.3826104215328743,-3.571429102286283,-0.0286428332328796,-0.02864283323287964
1999-08-06,0.875,0.875,0.859375,0.8671875,0.7948386073112488,-0.785663580505686,2.7777916936774227,0.021482229232788,0.021482229232788086
1999-08-09,0.86328125,0.875,0.859375,0.8671875,0.7948386073112488,-0.8717086369156121,0.0,0.0,0.0
1999-08-10,0.8671875,0.875,0.8515625,0.859375,0.7876777648925781,0.3148074041054738,-0.9009177904548582,-0.0071608424186706,-0.007160842418670654
1999-08-11,0.84375,0.859375,0.84375,0.859375,0.7876777648925781,-0.6407455907626526,0.0,0.0,0.0
1999-08-12,0.859375,0.859375,0.84375,0.84375,0.7733563780784607,-0.9758684420434172,-1.81817837857472,-0.0143213868141174,-0.014321386814117432
1999-08-13,0.84375,0.84375,0.84375,0.84375,0.7733563780784607,-1.007569252299706,0.0,0.0,0.0
1999-08-16,0.859375,0.859375,0.84375,0.859375,0.7876777648925781,-0.586401344609015,1.851848283672464,0.0143213868141174,0.014321386814117432
1999-08-17,0.828125,0.859375,0.828125,0.859375,0.7876777648925781,-0.5320570984553775,0.0,0.0,0.0
1999-08-18,0.828125,0.828125,0.828125,0.828125,0.7590349912643433,-0.7494340830699276,-3.636356757149428,-0.0286427736282348,-0.028642773628234863
1999-08-19,0.828125,0.84375,0.828125,0.84375,0.7733563780784607,-0.939638944607659,1.886788748732382,0.0143213868141174,0.014321386814117432
1999-08-20,0.84375,0.84375,0.8359375,0.84375,0.7733563780784607,0.2785779066697155,0.0,0.0,0.0
1999-08-23,0.83984375,0.83984375,0.8359375,0.8359375,0.7661955952644348,-0.8898233856334912,-0.9259357027374792,-0.0071607828140258,-0.007160782814025879
1999-08-24,0.828125,0.84375,0.828125,0.828125,0.7590349912643433,-0.3916677958918139,-0.9345660617665396,-0.0071606040000915,-0.007160604000091553
1999-08-25,0.828125,0.84375,0.828125,0.84375,0.7733563780784607,-0.9939831907612964,1.886788748732382,0.0143213868141174,0.014321386814117432
1999-08-26,0.8125,0.84375,0.8125,0.84375,0.7733563780784607,-0.7675488317878068,0.0,0.0,0.0
1999-08-27,0.8125,0.828125,0.8125,0.8125,0.7447134852409363,-0.4007251702507535,-3.703711981879909,-0.0286428928375244,-0.028642892837524414
1999-08-30,0.8125,0.8125,0.8125,0.8125,0.7447134852409363,-0.9985118779407662,0.0,0.0,0.0
1999-08-31,0.828125,0.828125,0.8125,0.8203125,0.7518742680549622,-0.4007251702507535,0.9615486970414144,0.0071607828140258,0.007160782814025879
1999-09-01,0.828125,0.828125,0.828125,0.828125,0.7590349912643433,-0.8354791394798537,0.9523830663742848,0.0071607232093811,0.0071607232093811035
1999-09-02,0.84375,0.84375,0.828125,0.84375,0.7733563780784607,-0.7313193343520484,1.886788748732382,0.0143213868141174,0.014321386814117432
1999-09-03,0.84375,0.84375,0.84375,0.84375,0.7733563780784607,-1.003040565120236,0.0,0.0,0.0
1999-09-07,0.8359375,0.8359375,0.828125,0.828125,0.7590349912643433,-0.763020144608337,-1.8518482836724528,-0.0143213868141174,-0.014321386814117432
1999-09-08,0.8359375,0.8359375,0.828125,0.828125,0.7590349912643433,-0.2422211189693107,0.0,0.0,0.0
1999-09-09,0.8359375,0.8359375,0.78125,0.78125,0.7160705327987671,-0.8445365138387932,-5.6604055096339145,-0.0429644584655761,-0.04296445846557617
1999-09-10,0.8125,0.8125,0.7890625,0.7890625,0.7232314348220825,-0.8400078266593235,1.000027468708553,0.0071609020233154,0.00716090202331543
1999-09-13,0.7890625,0.796875,0.7890625,0.7890625,0.7232314348220825,-0.785663580505686,0.0,0.0,0.0
1999-09-14,0.7890625,0.7890625,0.75,0.765625,0.7017492651939392,-0.7449053958904578,-2.970303639170224,-0.0214821696281433,-0.02148216962814331
1999-09-15,0.765625,0.76953125,0.765625,0.76953125,0.7053296566009521,-0.6769750881984109,0.5102094985483863,0.0035803914070129,0.0035803914070129395
1999-09-16,0.76953125,0.76953125,0.76953125,0.76953125,0.7053296566009521,-1.0120979394791756,0.0,0.0,0.0
1999-09-17,0.78125,0.78125,0.77734375,0.77734375,0.7124902009963989,-0.8037783292235652,1.0152053480856127,0.0071605443954467,0.007160544395446777
1999-09-20,0.7890625,0.8046875,0.7890625,0.7890625,0.7232314348220825,-0.9532250061460684,1.5075623230554225,0.0107412338256835,0.010741233825683594
1999-09-21,0.8046875,0.8046875,0.7890625,0.8046875,0.7375528216362,-0.4460120420454515,1.9801941846790072,0.0143213868141174,0.014321386814117432
1999-09-22,0.796875,0.796875,0.796875,0.796875,0.7303921580314636,-0.8626512625566725,-0.9708679018881616,-0.0071606636047363,-0.007160663604736328
1999-09-23,0.80859375,0.8125,0.796875,0.8125,0.7447134852409363,-0.8264217651209141,1.9607723127903265,0.0143213272094726,0.014321327209472656
1999-09-24,0.80859375,0.8125,0.8046875,0.8125,0.7447134852409363,-0.0973031292262773,0.0,0.0,0.0
1999-09-27,0.8046875,0.8125,0.8046875,0.8046875,0.7375528216362,-0.7539627702493974,-0.9615326896383004,-0.0071606636047363,-0.007160663604736328
1999-09-28,0.8046875,0.8125,0.8046875,0.8125,0.7447134852409363,-0.7494340830699276,0.9708679018881616,0.0071606636047363,0.007160663604736328
1999-09-29,0.8125,0.8203125,0.75,0.75,0.6874278783798218,0.1336599169266821,-7.692301535614188,-0.0572856068611145,-0.0572856068611145
1999-09-30,0.7734375,0.7734375,0.546875,0.625,0.572856605052948,5.246547742548079,-16.666660886215933,-0.1145712733268737,-0.11457127332687378
1999-10-01,0.6328125,0.671875,0.625,0.671875,0.6158207058906555,1.4198070758961034,7.499974768334283,0.0429641008377075,0.04296410083770752
1999-10-04,0.7109375,0.71875,0.65625,0.65625,0.6014994382858276,-0.8445365138387932,-2.325557985926308,-0.0143212676048278,-0.01432126760482788
1999-10-05,0.671875,0.6875,0.640625,0.6640625,0.608660101890564,-0.4414833548659816,1.190468876437034,0.0071606636047363,0.007160663604736328
1999-10-06,0.671875,0.6875,0.65625,0.67578125,0.619401216506958,0.3283934656438832,1.7647147534446628,0.010741114616394,0.010741114616394043
1999-10-07,0.67578125,0.75,0.671875,0.671875,0.6158207058906555,-0.3735530471739348,-0.5780599909852246,-0.0035805106163024,-0.0035805106163024902
1999-10-08,0.703125,0.703125,0.671875,0.671875,0.6158207058906555,-0.8626512625566725,0.0,0.0,0.0
1999-10-11,0.65625,0.703125,0.65625,0.703125,0.6444636583328247,-0.8354791394798537,4.6511837241235865,0.0286429524421691,0.02864295244216919
1999-10-12,0.65625,0.6875,0.65625,0.65625,0.6014994382858276,-0.91699550871031,-6.666662967178327,-0.042964220046997,-0.04296422004699707
1999-10-13,0.6875,0.765625,0.6875,0.75,0.6874278783798218,-0.5547005343527265,14.285705791991376,0.0859284400939941,0.08592844009399414
1999-10-14,0.90234375,0.90625,0.796875,0.84375,0.7733563780784607,1.0393973528206408,12.500002167669022,0.0859284996986389,0.08592849969863892
1999-10-15,0.8125,0.828125,0.78125,0.78125,0.7160705327987671,-0.740376708710988,-7.407431671027309,-0.0572858452796936,-0.057285845279693604
1999-10-18,0.796875,0.828125,0.78125,0.8125,0.7447134852409363,-0.1063605035852169,4.000018312472364,0.0286429524421691,0.02864295244216919
1999-10-19,0.7890625,0.8125,0.78125,0.78125,0.7160705327987671,-0.8852946984540214,-3.846170777060976,-0.0286429524421691,-0.02864295244216919
1999-10-20,0.8046875,0.8046875,0.78125,0.78125,0.7160705327987671,-0.3282661753792368,0.0,0.0,0.0
1999-10-21,0.8125,0.8125,0.796875,0.796875,0.7303921580314636,-0.5048849753785588,2.000029965863881,0.0143216252326965,0.014321625232696533
1999-10-22,0.796875,0.8046875,0.796875,0.8046875,0.7375528216362,0.3510369015412322,0.980386156395152,0.0071606636047363,0.007160663604736328
1999-10-25,0.80859375,0.8125,0.8046875,0.8046875,0.7375528216362,-0.7720775189672766,0.0,0.0,0.0
1999-10-26,0.796875,0.8125,0.796875,0.8125,0.7447134852409363,-0.500356288199089,0.9708679018881616,0.0071606636047363,0.007160663604736328
1999-10-27,0.8125,0.8359375,0.796875,0.8125,0.7447134852409363,-0.586401344609015,0.0,0.0,0.0
1999-10-28,0.8125,0.828125,0.796875,0.796875,0.7303921580314636,-0.8354791394798537,-1.923065379276612,-0.0143213272094726,-0.014321327209472656
1999-10-29,0.8125,0.8359375,0.8125,0.828125,0.7590349912643433,0.6046433835915407,3.921569107488376,0.0286428332328796,0.02864283323287964
1999-11-01,0.8203125,0.8203125,0.8125,0.8125,0.7447134852409363,0.7359753117961647,-1.8868044541070936,-0.0143215060234069,-0.014321506023406982
1999-11-02,0.8125,0.8203125,0.8125,0.8125,0.7447134852409363,-0.4278972933275722,0.0,0.0,0.0
1999-11-03,0.8203125,0.8203125,0.8203125,0.8203125,0.7518742680549622,-0.5320570984553775,0.9615486970414144,0.0071607828140258,0.007160782814025879
1999-11-04,0.8203125,0.82421875,0.8203125,0.82421875,0.7554547786712646,-0.3327948625587066,0.4762113518747002,0.0035805106163024,0.0035805106163024902
1999-11-05,0.82421875,0.8359375,0.82421875,0.8359375,0.7661955952644348,-0.1969342471746128,1.421768303863491,0.0107408165931701,0.010740816593170166
1999-11-08,0.8203125,0.8203125,0.8125,0.8125,0.7447134852409363,-0.2105203087130222,-2.8037370817936447,-0.0214821100234985,-0.021482110023498535
1999-11-09,0.8203125,0.828125,0.8203125,0.8203125,0.7518742680549622,-0.4052538574302233,0.9615486970414144,0.0071607828140258,0.007160782814025879
1999-11-10,0.8203125,0.8203125,0.8203125,0.8203125,0.7518742680549622,-0.6905611497368203,0.0,0.0,0.0
1999-11-11,0.82421875,0.82421875,0.8203125,0.82421875,0.7554547786712646,-0.1516473753799148,0.4762113518747002,0.0035805106163024,0.0035805106163024902
1999-11-12,0.82421875,0.828125,0.8203125,0.8203125,0.7518742680549622,-0.6135734676858338,-0.47395432756413,-0.0035805106163024,-0.0035805106163024902
1999-11-15,0.828125,0.84375,0.8203125,0.82421875,0.7554547786712646,-0.6181021548653036,0.4762113518747002,0.0035805106163024,0.0035805106163024902
1999-11-16,0.8203125,0.84375,0.8203125,0.8359375,0.7661955952644348,-0.301094052302418,1.421768303863491,0.0107408165931701,0.010740816593170166
1999-11-17,0.8203125,0.8359375,0.8203125,0.82421875,0.7554547786712646,-0.8173643907619745,-1.401837423701613,-0.0107408165931701,-0.010740816593170166
1999-11-18,0.83203125,0.85546875,0.83203125,0.84375,0.7733563780784607,0.3419795271822926,2.3696453993821365,0.017901599407196,0.017901599407196045
1999-11-19,0.8203125,0.84375,0.8203125,0.82421875,0.7554547786712646,-0.3282661753792368,-2.314793013238692,-0.017901599407196,-0.017901599407196045
1999-11-22,0.8203125,0.82421875,0.8203125,0.8203125,0.7518742680549622,-0.4233686061481025,-0.47395432756413,-0.0035805106163024,-0.0035805106163024902
1999-11-23,0.82421875,0.82421875,0.8203125,0.8203125,0.7518742680549622,-0.3146801138408274,0.0,0.0,0.0
1999-11-24,0.8203125,0.82421875,0.8203125,0.82421875,0.7554547786712646,-0.3735530471739348,0.4762113518747002,0.0035805106163024,0.0035805106163024902
1999-11-26,0.8203125,0.8203125,0.8203125,0.8203125,0.7518742680549622,-0.91246682153084,-0.47395432756413,-0.0035805106163024,-0.0035805106163024902
1999-11-29,0.82421875,0.82421875,0.8203125,0.8203125,0.7518742680549622,-0.4460120420454515,0.0,0.0,0.0
1999-11-30,0.8203125,0.859375,0.8203125,0.84375,0.7733563780784607,-0.0429588830726398,2.857141271647845,0.0214821100234985,0.021482110023498535
1999-12-01,0.84375,0.875,0.84375,0.84375,0.7733563780784607,0.0113853630809976,0.0,0.0,0.0
1999-12-02,0.84765625,0.859375,0.822265625,0.828125,0.7590349912643433,-0.432425980507042,-1.8518482836724528,-0.0143213868141174,-0.014321386814117432
1999-12-03,0.828125,0.84375,0.828125,0.84375,0.7733563780784607,-0.8988807599924308,1.886788748732382,0.0143213868141174,0.014321386814117432
1999-12-06,0.828125,0.859375,0.828125,0.859375,0.7876777648925781,-0.3644956728149952,1.851848283672464,0.0143213868141174,0.014321386814117432
1999-12-07,0.84375,0.85546875,0.84375,0.85546875,0.7840972542762756,-0.5773439702500754,-0.4545654042666491,-0.0035805106163024,-0.0035805106163024902
1999-12-08,0.84375,0.9375,0.84375,0.861328125,0.7894678711891174,1.3745202041014055,0.684942701119251,0.0053706169128417,0.005370616912841797
1999-12-09,0.9140625,0.9140625,0.859375,0.859375,0.7876777648925781,-0.6045160933268943,-0.2267484671469866,-0.0017901062965393,-0.0017901062965393066
1999-12-10,0.859375,0.859375,0.859375,0.859375,0.7876777648925781,-0.8807660112745517,0.0,0.0,0.0
1999-12-13,0.8671875,0.8671875,0.84765625,0.859375,0.7876777648925781,-0.8898233856334912,0.0,0.0,0.0
1999-12-14,0.859375,0.859375,0.84375,0.859375,0.7876777648925781,-0.5048849753785588,0.0,0.0,0.0
1999-12-15,0.859375,0.859375,0.859375,0.859375,0.7876777648925781,-0.8581225753772027,0.0,0.0,0.0
1999-12-16,0.8671875,0.875,0.859375,0.859375,0.7876777648925781,-0.0339015087137002,0.0,0.0,0.0
1999-12-17,0.859375,0.875,0.859375,0.86328125,0.7912580966949463,-0.5411144728143171,0.4545427028597615,0.0035803318023681,0.003580331802368164
1999-12-20,0.875,0.890625,0.859375,0.859375,0.7876777648925781,-0.6996185240957599,-0.4524859609428389,-0.0035803318023681,-0.003580331802368164
1999-12-21,0.875,0.875,0.75,0.7890625,0.7232314348220825,-0.169762124097794,-8.18181405428966,-0.0644463300704956,-0.0644463300704956
1999-12-22,0.78125,0.7890625,0.765625,0.765625,0.7017492651939392,-0.1108891907646867,-2.970303639170224,-0.0214821696281433,-0.02148216962814331
1999-12-23,0.83203125,0.84375,0.8046875,0.8046875,0.7375528216362,-0.6362169035831827,5.1020440231406505,0.0358035564422607,0.03580355644226074
1999-12-27,0.8046875,0.859375,0.796875,0.859375,0.7876777648925781,-0.4143112317891629,6.796115720251761,0.0501249432563781,0.050124943256378174
1999-12-28,0.83984375,0.859375,0.83984375,0.8515625,0.7805172801017761,-0.3871391087123441,-0.9090627043126576,-0.007160484790802,-0.007160484790802002
1999-12-29,0.859375,0.87890625,0.84375,0.84375,0.7733563780784607,-0.1063605035852169,-0.9174559238946832,-0.0071609020233154,-0.00716090202331543
1999-12-30,0.84375,0.84765625,0.796875,0.828125,0.7590349912643433,-0.1561760625593846,-1.8518482836724528,-0.0143213868141174,-0.014321386814117432
1999-12-31,0.828125,0.828125,0.828125,0.828125,0.7590349912643433,-0.7992496420440953,0.0,0.0,0.0
2000-01-03,0.84375,0.875,0.84375,0.875,0.8019992113113403,-0.6407455907626526,5.660374098884491,0.042964220046997,0.04296422004699707
2000-01-04,0.837890625,0.8515625,0.828125,0.84375,0.7733563780784607,-0.7766062061467464,-3.571429102286283,-0.0286428332328796,-0.02864283323287964
2000-01-05,0.84375,0.84375,0.84375,0.84375,0.7733563780784607,-0.9079381343513704,0.0,0.0,0.0
2000-01-06,0.84375,0.84375,0.828125,0.828125,0.7590349912643433,-0.9486963189665986,-1.8518482836724528,-0.0143213868141174,-0.014321386814117432
2000-01-07,0.84375,0.84375,0.78125,0.78125,0.7160705327987671,-0.1742908112772638,-5.6604055096339145,-0.0429644584655761,-0.04296445846557617
2000-01-10,0.8125,0.84375,0.8125,0.83203125,0.7626153230667114,0.1064877938498633,6.5000287172862325,0.0465447902679443,0.046544790267944336
2000-01-11,0.83203125,0.859375,0.8203125,0.859375,0.7876777648925781,0.5004835784637354,3.286380573246661,0.0250624418258667,0.0250624418258667
2000-01-12,0.85546875,0.859375,0.85546875,0.85546875,0.7840972542762756,-0.8445365138387932,-0.4545654042666491,-0.0035805106163024,-0.0035805106163024902
2000-01-13,0.84375,0.84375,0.8125,0.8359375,0.7661955952644348,-0.9034094471719006,-2.283091659128955,-0.0179016590118408,-0.01790165901184082
2000-01-14,0.875,0.890625,0.84375,0.875,0.8019992113113403,2.2485568297390754,4.67290810182075,0.0358036160469055,0.03580361604690552
2000-01-18,0.890625,0.90625,0.8671875,0.875,0.8019992113113403,-0.0112580728163512,0.0,0.0,0.0
2000-01-19,0.8828125,0.90625,0.875,0.875,0.8019992113113403,-0.0701310061494586,0.0,0.0,0.0
2000-01-20,0.875,0.890625,0.84375,0.859375,0.7876777648925781,-0.500356288199089,-1.785718267147096,-0.0143214464187622,-0.014321446418762207
2000-01-21,0.859375,0.875,0.84375,0.84375,0.7733563780784607,-0.8535938881977329,-1.81817837857472,-0.0143213868141174,-0.014321386814117432
2000-01-24,0.859375,0.875,0.8203125,0.875,0.8019992113113403,-0.4007251702507535,3.703704274612418,0.0286428332328796,0.02864283323287964
2000-01-25,0.875,0.875,0.8671875,0.8671875,0.7948386073112488,-0.785663580505686,-0.8928442695577354,-0.0071606040000915,-0.007160604000091553
2000-01-26,0.87109375,0.875,0.8671875,0.875,0.8019992113113403,-0.4867702266606796,0.9008877946070416,0.0071606040000915,0.007160604000091553
2000-01-27,0.90234375,0.90625,0.875,0.875,0.8019992113113403,-0.5501718471732567,0.0,0.0,0.0
2000-01-28,0.875,0.8984375,0.8671875,0.875,0.8019992113113403,0.5276557015405542,0.0,0.0,0.0
2000-01-31,0.88671875,0.90625,0.84375,0.90625,0.83064204454422,-0.369024359994465,3.571429102286272,0.0286428332328796,0.02864283323287964
2000-02-01,0.8984375,0.8984375,0.8828125,0.8984375,0.8234815001487732,-0.2875079907640087,-0.8620493559744924,-0.0071605443954467,-0.007160544395446777
2000-02-02,0.8828125,0.90625,0.875,0.875,0.8019992113113403,-0.8218930779414443,-2.6087154154102787,-0.0214822888374328,-0.02148228883743286
2000-02-03,0.875,0.875,0.8671875,0.875,0.8019992113113403,-0.3780817343534045,0.0,0.0,0.0
2000-02-04,0.8671875,0.8984375,0.8671875,0.890625,0.8163205981254578,0.61822944512995,1.785710835139187,0.0143213868141174,0.014321386814117432
2000-02-07,0.875,0.890625,0.875,0.8828125,0.8091599345207214,-0.7449053958904578,-0.8771876663628997,-0.0071606636047363,-0.007160663604736328
2000-02-08,0.8828125,0.890625,0.8828125,0.890625,0.8163205981254578,-0.8354791394798537,0.8849503416129556,0.0071606636047363,0.007160663604736328
2000-02-09,0.8828125,0.90625,0.8828125,0.8984375,0.8234815001487732,2.189683896405968,0.8772168728510943,0.0071609020233154,0.00716090202331543
2000-02-11,1.1015625,1.125,0.921875,1.05859375,0.9702761173248292,0.7133318758988157,17.826097750773464,0.146794617176056,0.14679461717605602
2000-02-15,1.203125,1.203125,1.109375,1.125,1.0311418771743774,2.574622306660901,6.273034939514188,0.0608657598495482,0.06086575984954823
2000-02-16,1.125,1.1875,1.125,1.140625,1.0454634428024292,1.2613030246146608,1.3889035005829609,0.0143215656280517,0.014321565628051758
2000-02-17,1.1328125,1.1875,1.109375,1.1171875,1.0239812135696411,-0.4233686061481025,-2.0548044391876297,-0.021482229232788,-0.021482229232788086
2000-02-18,1.1171875,1.125,0.953125,1.078125,0.9881776571273804,-0.147118688200445,-3.496505206130496,-0.0358035564422607,-0.03580355644226074
2000-02-22,1.1015625,1.1015625,1.015625,1.03125,0.945213496685028,-0.7132045856341692,-4.347817432671841,-0.0429641604423524,-0.042964160442352406
2000-02-23,1.0625,1.0625,1.0,1.0390625,0.9523741006851196,-0.5999874061474244,0.7575647221717441,0.0071606040000916,0.007160604000091664
2000-02-24,1.0,1.109375,0.9765625,1.1015625,1.0096596479415894,-0.1018318164057471,6.01502573571242,0.0572855472564697,0.05728554725646973
2000-02-25,1.0625,1.0625,1.0,1.0625,0.9738559722900392,-0.7539627702493974,-3.546113358550451,-0.0358036756515501,-0.03580367565155018
2000-02-28,1.046875,1.1171875,1.0078125,1.03125,0.945213496685028,0.1155451682088029,-2.94114082780208,-0.0286424756050112,-0.02864247560501121
2000-02-29,1.03125,1.09375,1.0078125,1.0078125,0.9237313866615297,-0.0565449446110492,-2.2727256962409625,-0.0214821100234983,-0.021482110023498313
2000-03-01,1.021484375,1.0625,1.0078125,1.0078125,0.9237313866615297,-0.301094052302418,0.0,0.0,0.0
2000-03-02,1.015625,1.0625,1.015625,1.03125,0.945213496685028,-0.6135734676858338,2.3255797446849917,0.0214821100234983,0.021482110023498313
2000-03-03,1.0625,1.0625,1.0390625,1.0390625,0.9523741006851196,-0.939638944607659,0.7575647221717441,0.0071606040000916,0.007160604000091664
2000-03-06,1.0625,1.109375,1.03125,1.0703125,0.9810165762901306,-0.1108891907646867,3.007481575192572,0.0286424756050109,0.028642475605010986
2000-03-07,1.0703125,1.109375,1.0625,1.0625,0.9738559722900392,0.3283934656438832,-0.729916718346435,-0.0071606040000914,-0.007160604000091442
2000-03-08,1.0625,1.0625,0.984375,1.0,0.9165704250335692,-0.4414833548659816,-5.882342860388478,-0.0572855472564699,-0.05728554725646995
2000-03-09,1.0390625,1.109375,1.015625,1.0625,0.9738559722900392,0.2740492194902457,6.249988619736646,0.0572855472564699,0.05728554725646995
2000-03-10,1.078125,1.1171875,1.03125,1.1171875,1.0239812135696411,-0.5229997240964379,5.14708978594971,0.0501252412796019,0.05012524127960194
2000-03-13,1.0859375,1.125,1.046875,1.125,1.0311418771743774,-0.8128357035825047,0.6992963845277922,0.0071606636047363,0.007160663604736328
2000-03-14,1.0703125,1.125,1.046875,1.046875,0.9595349431037904,-0.8988807599924308,-6.944430796158763,-0.071606934070587,-0.07160693407058705
2000-03-15,1.03125,1.03125,1.0234375,1.03125,0.945213496685028,-0.7584914574288673,-1.492540372989137,-0.0143214464187624,-0.014321446418762429
2000-03-16,1.109375,1.125,1.0546875,1.0546875,0.9666954874992372,0.0385574861578164,2.272713084350686,0.0214819908142092,0.021481990814209206
2000-03-17,1.046875,1.09375,1.046875,1.0859375,0.9953382015228271,-0.4958276010196192,2.9629510423893946,0.0286427140235899,0.028642714023589977
2000-03-20,1.0625,1.09375,1.03125,1.0625,0.9738559722900392,-0.5139423497374983,-2.1582844102558285,-0.0214822292327879,-0.021482229232787975
2000-03-21,1.0625,1.0625,1.0234375,1.0234375,0.9380527138710022,-0.91699550871031,-3.676442866068274,-0.0358032584190369,-0.035803258419036976
2000-03-22,0.9765625,1.0625,0.9765625,1.046875,0.9595349431037904,0.0113853630809976,2.2900876374142065,0.0214822292327881,0.021482229232788197
2000-03-23,1.0625,1.21875,1.0625,1.125,1.0311418771743774,1.9677782246119484,7.462670805813643,0.071606934070587,0.07160693407058705
2000-03-24,1.2421875,1.2421875,1.15625,1.203125,1.1027491092681885,2.198741270764908,6.9444596984107765,0.071607232093811,0.07160723209381104
2000-03-27,1.21875,1.21875,1.1953125,1.203125,1.1027491092681885,-0.0429588830726398,0.0,0.0,0.0
2000-03-28,1.220703125,1.3125,1.2109375,1.25,1.145713210105896,4.417797988705106,3.896090278070563,0.0429641008377075,0.04296410083770752
2000-03-29,1.265625,1.3125,1.234375,1.3125,1.2029988765716553,2.610851804096659,5.000000520240522,0.0572856664657592,0.05728566646575928
2000-03-30,1.328125,1.328125,1.2109375,1.3125,1.2029988765716553,2.7014255476860547,0.0,0.0,0.0
2000-03-31,1.328125,1.4140625,1.328125,1.375,1.260284423828125,3.4622449938369804,4.761895324434873,0.0572855472564697,0.05728554725646973
2000-04-03,1.3984375,1.40625,1.265625,1.28125,1.1743558645248413,0.7812621835908626,-6.81818783749425,-0.0859285593032836,-0.08592855930328369
2000-04-04,1.265625,1.328125,1.1875,1.1875,1.0884274244308472,2.266671578456955,-7.317069952110455,-0.0859284400939941,-0.08592844009399414
2000-04-05,1.1640625,1.19921875,1.140625,1.15625,1.0597845315933228,-0.192405559995143,-2.631585000029024,-0.0286428928375244,-0.028642892837524414
2000-04-06,1.1640625,1.1640625,1.0625,1.125,1.0311418771743774,1.2477169630762512,-2.7026865900639963,-0.0286426544189453,-0.028642654418945312
2000-04-07,1.09375,1.203125,1.09375,1.203125,1.1027491092681885,-0.4052538574302233,6.9444596984107765,0.071607232093811,0.07160723209381104
2000-04-10,1.19140625,1.2421875,1.1875,1.2265625,1.1242308616638184,0.3600942759001718,1.9480181135567376,0.0214817523956298,0.021481752395629883
2000-04-11,1.21875,1.25,1.203125,1.25,1.145713210105896,1.9904216605092973,1.9108484898096911,0.0214823484420776,0.021482348442077637
2000-04-12,1.1875,1.1875,1.140625,1.15625,1.0597845315933228,-0.6407455907626526,-7.500016387576702,-0.0859286785125732,-0.08592867851257324
2000-04-13,1.15625,1.1875,1.09375,1.09375,1.0024991035461426,-0.7132045856341692,-5.405384428573889,-0.0572854280471801,-0.057285428047180176
2000-04-14,1.09375,1.1015625,1.0625,1.0703125,0.9810165762901306,-0.4143112317891629,-2.142897403102084,-0.0214825272560119,-0.021482527256011963
2000-04-17,1.03125,1.0546875,0.859375,0.90625,0.83064204454422,0.224233660516078,-15.328439435200549,-0.1503745317459106,-0.15037453174591064
2000-04-18,0.8828125,1.0625,0.8828125,1.0,0.9165704250335692,0.0521435476962258,10.34481471937756,0.0859283804893492,0.08592838048934925
2000-04-19,0.96875,1.015625,0.96875,0.96875,0.8879277110099792,0.9442949220517752,-3.1249878068606574,-0.0286427140235899,-0.028642714023589977
2000-04-20,1.0,1.0078125,1.0,1.0078125,0.9237313866615297,-0.962282380505008,4.032273709627243,0.0358036756515504,0.035803675651550404
2000-04-24,0.9375,0.9375,0.9375,0.9375,0.8592849969863892,-0.9079381343513704,-6.976745686649998,-0.0644463896751404,-0.06444638967514049
2000-04-25,0.9453125,0.953125,0.9375,0.953125,0.873606264591217,-0.6226308420447734,1.6666493253174597,0.0143212676048278,0.01432126760482788
2000-04-26,0.953125,0.96875,0.953125,0.96875,0.8879277110099792,-0.2648645548666597,1.6393479533326705,0.0143214464187622,0.014321446418762207
2000-04-27,0.875,0.953125,0.875,0.90625,0.83064204454422,-0.6679177138394713,-6.451613769391129,-0.0572856664657592,-0.05728566646575928
2000-04-28,0.9375,0.96875,0.890625,0.96875,0.8879277110099792,-0.5275284112759078,6.896552713894022,0.0572856664657592,0.05728566646575928
2000-05-01,0.96875,0.96875,0.953125,0.9609375,0.8807671070098877,-0.3056227394818878,-0.8064399738067274,-0.0071606040000915,-0.007160604000091553
2000-05-02,0.9375,0.9375,0.9296875,0.9296875,0.8521241545677185,-0.9577536933255382,-3.2520461100561504,-0.0286429524421691,-0.02864295244216919
2000-05-03,0.953125,0.96875,0.953125,0.96875,0.8879277110099792,1.6371840605106531,4.201683082252705,0.0358035564422607,0.03580355644226074
2000-05-04,0.984375,0.984375,0.953125,0.984375,0.9022490978240968,-0.9351102574281892,1.6129000859571807,0.0143213868141175,0.014321386814117543
2000-05-05,0.953125,0.953125,0.953125,0.953125,0.873606264591217,-0.4731841651222702,-3.174603698907108,-0.0286428332328797,-0.02864283323287975
2000-05-08,0.9375,0.953125,0.9375,0.9375,0.8592849969863892,-0.8309504523003839,-1.6393274848514494,-0.0143212676048278,-0.01432126760482788
2000-05-09,0.9609375,0.9921875,0.9609375,0.984375,0.9022490978240968,-0.7086758984546995,4.999982658650803,0.0429641008377076,0.04296410083770763
2000-05-10,0.98828125,0.9921875,0.984375,0.9921875,0.9094098806381226,-0.4414833548659816,0.793659182513462,0.0071607828140257,0.007160782814025768
2000-05-11,1.0,1.0,0.9921875,1.0,0.9165704250335692,-0.0927744420468075,0.7873836152321401,0.0071605443954466,0.007160544395446666
2000-05-12,1.0,1.0,1.0,1.0,0.9165704250335692,-0.894352072812961,0.0,0.0,0.0
2000-05-15,1.0,1.03125,1.0,1.0,0.9165704250335692,-0.9079381343513704,0.0,0.0,0.0
2000-05-16,1.0,1.0,0.96875,0.96875,0.8879277110099792,-0.7086758984546995,-3.1249878068606574,-0.0286427140235899,-0.028642714023589977
2000-05-17,1.0,1.0,0.96875,0.96875,0.8879277110099792,-0.8400078266593235,0.0,0.0,0.0
2000-05-18,0.953125,1.03125,0.953125,1.0,0.9165704250335692,-0.5818726574295453,3.225793459133075,0.0286427140235899,0.028642714023589977
2000-05-19,1.0,1.0625,1.0,1.0625,0.9738559722900392,-0.0656023189699887,6.249988619736646,0.0572855472564699,0.05728554725646995
2000-05-22,1.03125,1.09375,1.0,1.09375,1.0024991035461426,-0.8037783292235652,2.941208153064822,0.0286431312561034,0.028643131256103405
2000-05-23,1.03125,1.0859375,1.0,1.0,0.9165704250335692,-0.7539627702493974,-8.571446917869318,-0.0859286785125733,-0.08592867851257335
2000-05-24,1.0,1.0,1.0,1.0,0.9165704250335692,-0.8083070164030349,0.0,0.0,0.0
2000-05-25,1.0,1.03125,1.0,1.03125,0.945213496685028,0.1472459784650915,3.1250268249065183,0.0286430716514587,0.02864307165145874
2000-05-26,1.03125,1.03125,1.0,1.015625,0.9308921694755554,-0.9668110676844776,-1.5151420562337536,-0.0143213272094725,-0.014321327209472545
2000-05-30,1.03125,1.03125,0.953125,1.0,0.9165704250335692,1.7730446758947471,-1.5384966069759476,-0.0143217444419861,-0.014321744441986195
2000-05-31,1.00390625,1.0078125,0.953125,0.953125,0.873606264591217,1.2205448399994323,-4.687491464802463,-0.0429641604423521,-0.042964160442352184
2000-06-01,0.98828125,1.0078125,0.96875,0.96875,0.8879277110099792,-0.8762373240950818,1.6393479533326705,0.0143214464187622,0.014321446418762207
2000-06-02,0.96875,1.015625,0.953125,0.953125,0.873606264591217,0.2106475989776686,-1.6129067987384005,-0.0143214464187622,-0.014321446418762207
2000-06-05,0.943359375,0.943359375,0.94140625,0.94140625,0.8628653287887573,-0.8354791394798537,-1.2294939079318112,-0.0107409358024597,-0.010740935802459717
2000-06-06,0.9375,1.0,0.9375,1.0,0.9165704250335692,-0.8490652010182631,6.224041510649192,0.0537050962448119,0.0537050962448119
2000-06-07,0.9375,0.953125,0.9375,0.953125,0.873606264591217,-0.8807660112745517,-4.687491464802463,-0.0429641604423521,-0.042964160442352184
2000-06-08,0.9609375,0.96875,0.953125,0.96875,0.8879277110099792,-0.5954587189679547,1.6393479533326705,0.0143214464187622,0.014321446418762207
2000-06-09,0.953125,0.953125,0.90625,0.90625,0.83064204454422,-0.6181021548653036,-6.451613769391129,-0.0572856664657592,-0.05728566646575928
2000-06-12,0.90625,0.96875,0.90625,0.953125,0.873606264591217,-0.740376708710988,5.172410947554651,0.042964220046997,0.04296422004699707
2000-06-13,0.9765625,1.0,0.96875,1.0,0.9165704250335692,0.8582498656418491,4.91802339151679,0.0429641604423521,0.042964160442352184
2000-06-14,0.9921875,1.0625,0.9921875,1.015625,0.9308921694755554,2.3934748194821087,1.5625361729800114,0.0143217444419861,0.014321744441986195
2000-06-15,1.015625,1.015625,1.0,1.0,0.9165704250335692,-0.8807660112745517,-1.5384966069759476,-0.0143217444419861,-0.014321744441986195
2000-06-16,1.0,1.0,1.0,1.0,0.9165704250335692,-0.7358480215315183,0.0,0.0,0.0
2000-06-19,1.01171875,1.015625,1.0,1.015625,0.9308921694755554,-0.5275284112759078,1.5625361729800114,0.0143217444419861,0.014321744441986195
2000-06-20,0.984375,1.015625,0.984375,0.984375,0.9022490978240968,0.7857908707703324,-3.0769483932382324,-0.0286430716514586,-0.02864307165145863
2000-06-21,1.0,1.03125,1.0,1.015625,0.9308921694755554,0.2332910348750175,3.1746301238245067,0.0286430716514586,0.02864307165145863
2000-06-22,1.0,1.015625,0.984375,1.015625,0.9308921694755554,-0.0791883805083981,0.0,0.0,0.0
2000-06-23,1.0078125,1.0078125,1.0,1.0,0.9165704250335692,-0.7267906471725787,-1.5384966069759476,-0.0143217444419861,-0.014321744441986195
2000-06-26,1.0,1.0,1.0,1.0,0.9165704250335692,-0.7313193343520484,0.0,0.0,0.0
2000-06-27,1.0,1.03125,1.0,1.03125,0.945213496685028,-0.4595981035838608,3.1250268249065183,0.0286430716514587,0.02864307165145874
2000-06-28,1.046875,1.0625,1.046875,1.0625,0.9738559722900392,-0.609044780506364,3.030265194632076,0.0286424756050112,0.02864247560501121
2000-06-29,1.0625,1.0625,1.046875,1.046875,0.9595349431037904,-0.5275284112759078,-1.4705489922265058,-0.0143210291862487,-0.01432102918624878
2000-06-30,1.046875,1.0625,1.046875,1.046875,0.9595349431037904,0.6816310656425272,0.0,0.0,0.0
2000-07-03,1.03125,1.0625,1.015625,1.015625,0.9308921694755554,-0.6633890266600015,-2.985068322325468,-0.0286427736282349,-0.028642773628234974
2000-07-05,1.046875,1.046875,1.015625,1.015625,0.9308921694755554,-0.0927744420468075,0.0,0.0,0.0
2000-07-06,1.03125,1.03125,1.015625,1.015625,0.9308921694755554,-0.9668110676844776,0.0,0.0,0.0
2000-07-07,1.015625,1.046875,1.015625,1.03125,0.945213496685028,-0.7494340830699276,1.538451786262307,0.0143213272094725,0.014321327209472545
2000-07-10,1.046875,1.046875,1.015625,1.03125,0.945213496685028,-0.8581225753772027,0.0,0.0,0.0
2000-07-11,1.046875,1.0625,1.015625,1.015625,0.9308921694755554,-0.6135734676858338,-1.5151420562337536,-0.0143213272094725,-0.014321327209472545
2000-07-12,1.046875,1.046875,1.015625,1.03125,0.945213496685028,-0.740376708710988,1.538451786262307,0.0143213272094725,0.014321327209472545
2000-07-13,1.0625,1.0625,1.03125,1.03125,0.945213496685028,-0.8535938881977329,0.0,0.0,0.0
2000-07-14,1.1171875,1.21875,1.1015625,1.21875,1.117070198059082,2.1534543989702097,18.18178665209238,0.171856701374054,0.17185670137405407
2000-07-17,1.23828125,1.23828125,1.1875,1.2109375,1.1099094152450562,-0.0791883805083981,-0.6410324817963775,-0.0071607828140258,-0.007160782814025879
2000-07-18,1.1875,1.1875,1.109375,1.109375,1.016820192337036,0.0295001117988768,-8.38710093178795,-0.0930892229080202,-0.09308922290802024
2000-07-19,1.15625,1.15625,1.109375,1.15625,1.0597845315933228,0.1608320400035008,4.225362515425535,0.0429643392562868,0.04296433925628684
2000-07-20,1.125,1.125,1.109375,1.125,1.0311418771743774,-0.2558071805077201,-2.7026865900639963,-0.0286426544189453,-0.028642654418945312
2000-07-21,1.109375,1.15625,1.109375,1.15625,1.0597845315933228,-0.9441676317871288,2.7777607575627083,0.0286426544189453,0.028642654418945312
2000-07-24,1.15625,1.171875,1.1171875,1.125,1.0311418771743774,-0.3644956728149952,-2.7026865900639963,-0.0286426544189453,-0.028642654418945312
2000-07-25,1.15625,1.15625,1.15625,1.15625,1.0597845315933228,0.4461393323100979,2.7777607575627083,0.0286426544189453,0.028642654418945312
2000-07-26,1.15625,1.15625,1.15625,1.15625,1.0597845315933228,-0.9215241958897796,0.0,0.0,0.0
2000-07-27,1.140625,1.140625,1.125,1.125,1.0311418771743774,-0.8218930779414443,-2.7026865900639963,-0.0286426544189453,-0.028642654418945312
2000-07-28,1.125,1.125,1.109375,1.109375,1.016820192337036,-0.0293728215342304,-1.3889150614837864,-0.0143216848373415,-0.01432168483734153
2000-07-31,1.1171875,1.125,1.109375,1.109375,1.016820192337036,-0.3418522369176462,0.0,0.0,0.0
2000-08-01,1.109375,1.125,1.109375,1.125,1.0311418771743774,-0.4958276010196192,1.4084776192755388,0.0143216848373415,0.01432168483734153
2000-08-02,1.109375,1.125,1.109375,1.125,1.0311418771743774,-0.1969342471746128,0.0,0.0,0.0
2000-08-04,1.078125,1.09375,1.078125,1.078125,0.9881776571273804,-0.91246682153084,-4.166664258145669,-0.042964220046997,-0.04296422004699707
2000-08-07,1.078125,1.109375,1.078125,1.109375,1.016820192337036,-0.8626512625566725,2.898520828017803,0.0286425352096555,0.02864253520965554
2000-08-08,1.109375,1.109375,1.109375,1.109375,1.016820192337036,-1.0120979394791756,0.0,0.0,0.0
2000-08-09,1.109375,1.140625,1.09375,1.109375,1.016820192337036,0.1925328502597894,0.0,0.0,0.0
2000-08-10,1.12890625,1.12890625,1.078125,1.08203125,0.9917579889297484,0.6725736912835876,-2.464762560397737,-0.0250622034072874,-0.025062203407287487
2000-08-11,1.078125,1.1484375,1.078125,1.078125,0.9881776571273804,-0.894352072812961,-0.3610086172566862,-0.003580331802368,-0.003580331802368053
2000-08-14,1.078125,1.078125,1.078125,1.078125,0.9881776571273804,-0.9260528830692496,0.0,0.0,0.0
2000-08-15,1.0703125,1.1328125,1.0703125,1.1328125,1.0383027791976929,-0.169762124097794,5.072480814434277,0.0501251220703125,0.0501251220703125
2000-08-16,1.125,1.125,1.125,1.125,1.0311418771743774,-0.4097825446096931,-0.6896737798244845,-0.0071609020233154,-0.00716090202331543
2000-08-17,1.125,1.125,1.078125,1.078125,0.9881776571273804,-0.4686554779428004,-4.166664258145669,-0.042964220046997,-0.04296422004699707
2000-08-18,1.125,1.125,1.125,1.125,1.0311418771743774,-0.6498029651215922,4.347823464445999,0.042964220046997,0.04296422004699707
2000-08-21,1.125,1.125,1.0625,1.0625,0.9738559722900392,-0.8898233856334912,-5.555579319629411,-0.0572859048843382,-0.05728590488433827
2000-08-22,1.0625,1.1015625,1.05859375,1.09765625,1.0060794353485107,2.15798308614968,3.308853051719507,0.0322234630584715,0.03222346305847157
2000-08-23,1.09765625,1.09765625,1.078125,1.078125,0.9881776571273804,0.794848245129272,-1.779360316109546,-0.0179017782211303,-0.01790177822113037
2000-08-24,1.0625,1.09375,1.0625,1.078125,0.9881776571273804,-0.785663580505686,0.0,0.0,0.0
2000-08-25,1.078125,1.08203125,1.078125,1.078125,0.9881776571273804,0.3012213425670644,0.0,0.0,0.0
2000-08-28,1.0625,1.078125,1.0625,1.0625,0.9738559722900392,-0.6860324625573505,-1.4493026364281625,-0.0143216848373411,-0.014321684837341198
2000-08-29,1.078125,1.078125,1.0625,1.0625,0.9738559722900392,-0.9939831907612964,0.0,0.0,0.0
2000-08-30,1.0859375,1.0859375,1.0625,1.078125,0.9881776571273804,-0.6407455907626526,1.4706163174892817,0.0143216848373411,0.014321684837341198
2000-08-31,1.08203125,1.09375,1.078125,1.0859375,0.9953382015228271,-0.0701310061494586,0.7246211593431973,0.0071605443954467,0.007160544395446777
2000-09-01,1.078125,1.1171875,1.078125,1.09375,1.0024991035461426,-0.7177332728136391,0.7194441057682299,0.0071609020233154,0.00716090202331543
2000-09-05,1.0625,1.0625,1.046875,1.046875,0.9595349431037904,-0.7811348933262162,-4.2857056221172645,-0.0429641604423521,-0.042964160442352184
2000-09-06,1.078125,1.078125,1.046875,1.046875,0.9595349431037904,-0.4369546676865118,0.0,0.0,0.0
2000-09-07,1.046875,1.11328125,1.046875,1.109375,1.016820192337036,-0.4912989138401494,5.970105585518959,0.0572852492332455,0.05728524923324552
2000-09-08,1.078125,1.109375,1.078125,1.09375,1.0024991035461426,-0.6045160933268943,-1.4084190006079744,-0.0143210887908933,-0.014321088790893333
2000-09-11,1.0625,1.125,1.0625,1.078125,0.9881776571273804,-0.609044780506364,-1.4285744863115513,-0.0143214464187622,-0.014321446418762207
2000-09-12,1.1015625,1.1015625,1.1015625,1.1015625,1.0096596479415894,-0.939638944607659,2.1738996686746503,0.0214819908142089,0.021481990814208984
2000-09-13,1.109375,1.109375,1.1015625,1.1015625,1.0096596479415894,-0.5139423497374983,0.0,0.0,0.0
2000-09-14,1.125,1.125,1.1171875,1.1171875,1.0239812135696411,-0.6633890266600015,1.418454788923107,0.0143215656280517,0.014321565628051758
2000-09-15,1.125,1.125,1.125,1.125,1.0311418771743774,-0.9894545035818266,0.6992963845277922,0.0071606636047363,0.007160663604736328
2000-09-18,1.1171875,1.1328125,1.1171875,1.1171875,1.0239812135696411,-0.369024359994465,-0.6944401893906771,-0.0071606636047363,-0.007160663604736328
2000-09-19,1.1328125,1.1328125,1.125,1.125,1.0311418771743774,-0.2376924317898409,0.6992963845277922,0.0071606636047363,0.007160663604736328
2000-09-20,1.125,1.125,1.125,1.125,1.0311418771743774,-0.8988807599924308,0.0,0.0,0.0
2000-09-21,1.12890625,1.12890625,1.125,1.125,1.0311418771743774,-0.6905611497368203,0.0,0.0,0.0
2000-09-22,1.125,1.125,1.109375,1.109375,1.016820192337036,-0.369024359994465,-1.3889150614837864,-0.0143216848373415,-0.01432168483734153
2000-09-25,1.078125,1.078125,1.078125,1.078125,0.9881776571273804,-0.6950898369162901,-2.8168731724164675,-0.0286425352096555,-0.02864253520965554
2000-09-26,1.078125,1.078125,1.078125,1.078125,0.9881776571273804,-0.9939831907612964,0.0,0.0,0.0
2000-09-27,1.07421875,1.09375,1.07421875,1.087890625,0.9971284866333008,-0.586401344609015,0.9057915286144302,0.0089508295059204,0.00895082950592041
2000-09-28,1.07421875,1.0859375,1.0625,1.0703125,0.9810165762901306,-0.3826104215328743,-1.6158309143860072,-0.0161119103431701,-0.016111910343170166
2000-09-29,1.0625,1.0703125,1.0625,1.0703125,0.9810165762901306,-0.4278972933275722,0.0,0.0,0.0
2000-10-02,1.0546875,1.0625,1.03125,1.03125,0.945213496685028,-0.4505407292249212,-3.649589667536268,-0.0358030796051026,-0.03580307960510265
2000-10-03,1.03125,1.03515625,0.875,0.89453125,0.8199010491371155,-0.0746596933289283,-13.257581275277763,-0.1253124475479125,-0.1253124475479125
2000-10-04,0.890625,0.91015625,0.875,0.890625,0.8163205981254578,-0.4505407292249212,-0.4366930638064037,-0.0035804510116577,-0.003580451011657715
2000-10-05,0.876953125,0.90625,0.876953125,0.90625,0.83064204454422,-0.9577536933255382,1.75438993596988,0.0143214464187622,0.014321446418762207
2000-10-06,0.875,0.90625,0.875,0.90625,0.83064204454422,-0.5275284112759078,0.0,0.0,0.0
2000-10-09,0.90625,0.921875,0.90625,0.90625,0.83064204454422,-0.5094136625580286,0.0,0.0,0.0
2000-10-10,0.890625,0.9375,0.890625,0.9375,0.8592849969863892,-0.9351102574281892,3.448290708410484,0.0286429524421691,0.02864295244216919
2000-10-11,0.875,0.890625,0.65625,0.890625,0.8163205981254578,0.2604631579518363,-5.000017341349194,-0.0429643988609313,-0.042964398860931396
2000-10-12,0.890625,0.90625,0.875,0.90625,0.83064204454422,0.1064877938498633,1.75438993596988,0.0143214464187622,0.014321446418762207
2000-10-13,0.986328125,1.0703125,0.984375,1.046875,0.9595349431037904,0.0793156707730445,15.51726154559092,0.1288928985595704,0.12889289855957042
2000-10-16,1.0703125,1.078125,0.96875,0.984375,0.9022490978240968,-0.3509096112765857,-5.970167703782847,-0.0572858452796936,-0.057285845279693604
2000-10-17,0.9375,1.03125,0.9375,1.03125,0.945213496685028,-0.6498029651215922,4.761922063933999,0.0429643988609311,0.042964398860931174
2000-10-18,0.9375,0.9921875,0.9375,0.9921875,0.9094098806381226,-0.8218930779414443,-3.7878866703102254,-0.0358036160469054,-0.03580361604690541
2000-10-19,0.9921875,1.0625,0.9921875,1.0625,0.9738559722900392,0.5865286348736615,7.086583621314468,0.0644460916519166,0.06444609165191661
2000-10-20,1.046875,1.0546875,1.046875,1.0546875,0.9666954874992372,-0.7177332728136391,-0.7352714358740298,-0.007160484790802,-0.007160484790802002
2000-10-23,1.03125,1.0703125,1.03125,1.0625,0.9738559722900392,2.570093619481431,0.7407177217021665,0.007160484790802,0.007160484790802002
2000-10-24,1.09375,1.140625,1.05859375,1.125,1.0311418771743774,1.0937415989742785,5.882379583259056,0.0572859048843382,0.05728590488433827
2000-10-25,1.1484375,1.1484375,1.09765625,1.1171875,1.0239812135696411,0.9080654246160168,-0.6944401893906771,-0.0071606636047363,-0.007160663604736328
2000-10-26,1.125,1.125,1.09375,1.09375,1.0024991035461426,-0.8218930779414443,-2.097900795329144,-0.0214821100234985,-0.021482110023498535
2000-10-27,1.140625,1.15625,1.140625,1.15625,1.0597845315933228,-0.2331637446103711,5.714262271611448,0.0572854280471801,0.057285428047180176
2000-10-30,1.12109375,1.140625,1.12109375,1.125,1.0311418771743774,0.4551967066690374,-2.7026865900639963,-0.0286426544189453,-0.028642654418945312
2000-10-31,1.15234375,1.15234375,1.15234375,1.15234375,1.0562044382095337,-0.8852946984540214,2.430563784668971,0.0250625610351562,0.02506256103515625
2000-11-01,1.15234375,1.15234375,1.125,1.125,1.0311418771743774,-0.3509096112765857,-2.372889199144257,-0.0250625610351562,-0.02506256103515625
2000-11-02,1.125,1.1796875,1.125,1.1484375,1.052623629570007,0.0747869835935748,2.083297446370413,0.0214817523956296,0.02148175239562966
2000-11-03,1.1484375,1.1875,1.1484375,1.1875,1.0884274244308472,0.0159140502604674,3.401386198737133,0.03580379486084,0.035803794860840066
2000-11-06,1.203125,1.203125,1.125,1.140625,1.0454634428024292,-0.6633890266600015,-3.9473446427431225,-0.0429639816284179,-0.04296398162841797
2000-11-07,1.140625,1.1484375,1.140625,1.14453125,1.0490437746047974,-0.9079381343513704,0.3424636056877261,0.0035803318023681,0.003580331802368164
2000-11-08,1.125,1.125,1.125,1.125,1.0311418771743774,-0.894352072812961,-1.7064967033586398,-0.0179018974304199,-0.017901897430419922
2000-11-09,1.125,1.15625,1.109375,1.140625,1.0454634428024292,0.7993769323087417,1.3889035005829609,0.0143215656280517,0.014321565628051758
2000-11-10,1.125,1.125,1.125,1.125,1.0311418771743774,-0.8400078266593235,-1.3698772278121885,-0.0143215656280517,-0.014321565628051758
2000-11-13,1.125,1.125,1.125,1.125,1.0311418771743774,-0.6724464010189412,0.0,0.0,0.0
2000-11-14,1.1484375,1.1484375,1.125,1.140625,1.0454634428024292,1.1752579682047346,1.3889035005829609,0.0143215656280517,0.014321565628051758
2000-11-15,1.125,1.171875,1.125,1.171875,1.074105978012085,2.3391305733284717,2.7396974429710896,0.0286425352096557,0.02864253520965576
2000-11-16,1.111328125,1.171875,1.09375,1.14453125,1.0490437746047974,-0.1561760625593846,-2.333308250799593,-0.0250622034072875,-0.025062203407287598
2000-11-17,1.146484375,1.203125,1.146484375,1.15625,1.0597845315933228,0.1653607271829706,1.0238616584490767,0.0107407569885253,0.01074075698852539
2000-11-20,1.15625,1.171875,1.15625,1.171875,1.074105978012085,-0.3916677958918139,1.3513545434778784,0.0143214464187622,0.014321446418762207
2000-11-21,1.171875,1.1875,1.171875,1.1875,1.0884274244308472,-0.2829793035845389,1.3333364409038762,0.0143214464187622,0.014321446418762207
2000-11-22,1.1875,1.1875,1.1875,1.1875,1.0884274244308472,-0.47771285230174,0.0,0.0,0.0
2000-11-24,1.1875,1.1875,1.1875,1.1875,1.0884274244308472,-0.9939831907612964,0.0,0.0,0.0
2000-11-27,1.1875,1.21875,1.1875,1.1875,1.0884274244308472,-0.7539627702493974,0.0,0.0,0.0
2000-11-28,1.1875,1.1875,1.1875,1.1875,1.0884274244308472,-0.5139423497374983,0.0,0.0,0.0
2000-11-29,1.1875,1.1875,1.1875,1.1875,1.0884274244308472,-0.7041472112752297,0.0,0.0,0.0
2000-11-30,1.1875,1.203125,1.1875,1.1875,1.0884274244308472,-0.586401344609015,0.0,0.0,0.0
2000-12-01,1.15625,1.203125,1.15625,1.1875,1.0884274244308472,0.4687827682074468,0.0,0.0,0.0
2000-12-04,1.1875,1.1875,1.15625,1.1875,1.0884274244308472,-0.5637579087116661,0.0,0.0,0.0
2000-12-05,1.1875,1.203125,1.1875,1.203125,1.1027491092681885,-0.8264217651209141,1.3158144048814655,0.0143216848373413,0.014321684837341309
2000-12-06,1.203125,1.203125,1.1875,1.203125,1.1027491092681885,-0.9351102574281892,0.0,0.0,0.0
2000-12-07,1.125,1.203125,1.125,1.19140625,1.0920078754425049,0.4144385220538093,-0.9740414873526172,-0.0107412338256835,-0.010741233825683594
2000-12-08,1.1875,1.203125,1.1875,1.1875,1.0884274244308472,-0.8083070164030349,-0.3278777646367081,-0.0035804510116577,-0.003580451011657715
2000-12-11,1.2109375,1.2109375,1.1875,1.1953125,1.095588207244873,-0.7449053958904578,0.6579017262239972,0.0071607828140258,0.007160782814025879
2000-12-12,1.19140625,1.25,1.19140625,1.234375,1.1313918828964231,3.534703988708497,3.2679865860903323,0.03580367565155,0.03580367565155007
2000-12-13,1.248046875,1.25,1.248046875,1.25,1.145713210105896,0.5684138861557823,1.2658149157663612,0.0143213272094728,0.014321327209472878
2000-12-14,1.25390625,1.25390625,1.21875,1.25,1.145713210105896,-0.8581225753772027,0.0,0.0,0.0
2000-12-15,1.232421875,1.234375,1.203125,1.203125,1.1027491092681885,-0.8898233856334912,-3.7499873841671416,-0.0429641008377075,-0.04296410083770752
2000-12-18,1.1875,1.21875,1.17578125,1.17578125,1.077686429023743,-0.5411144728143171,-2.2727454535037217,-0.0250626802444455,-0.02506268024444558
2000-12-19,1.17578125,1.17578125,1.125,1.140625,1.0454634428024292,-0.6996185240957599,-2.9900150315991247,-0.0322229862213137,-0.0322229862213137
2000-12-20,1.1328125,1.140625,1.1328125,1.140625,1.0454634428024292,-0.9441676317871288,0.0,0.0,0.0
2000-12-21,1.140625,1.140625,1.140625,1.140625,1.0454634428024292,-0.8717086369156121,0.0,0.0,0.0
2000-12-22,1.125,1.140625,1.125,1.140625,1.0454634428024292,1.043926040000111,0.0,0.0,0.0
2000-12-26,1.1328125,1.15625,1.1328125,1.140625,1.0454634428024292,-0.5999874061474244,0.0,0.0,0.0
2000-12-27,1.140625,1.171875,1.140625,1.171875,1.074105978012085,-0.8264217651209141,2.7396974429710896,0.0286425352096557,0.02864253520965576
2000-12-28,1.15625,1.203125,1.15625,1.203125,1.1027491092681885,3.661507229733651,2.6666950787402888,0.0286431312561035,0.028643131256103516
2000-12-29,1.171875,1.1953125,1.15625,1.1953125,1.095588207244873,1.2839464605120097,-0.6493681983626876,-0.0071609020233154,-0.00716090202331543
2001-01-02,1.15625,1.1875,1.15625,1.1875,1.0884274244308472,-0.7992496420440953,-0.6536016695573466,-0.0071607828140258,-0.007160782814025879
2001-01-03,1.134765625,1.1640625,1.1328125,1.1640625,1.0669454336166382,-0.6905611497368203,-1.973672321371556,-0.0214819908142089,-0.021481990814208984
2001-01-04,1.15625,1.21875,1.15625,1.21875,1.117070198059082,-0.7132045856341692,4.697968880426751,0.0501247644424438,0.05012476444244385
2001-01-05,1.21875,1.21875,1.1875,1.1875,1.0884274244308472,-0.9668110676844776,-2.56409791237846,-0.0286427736282348,-0.028642773628234863
2001-01-08,1.18359375,1.1875,1.140625,1.1484375,1.052623629570007,-0.2512784933282503,-3.289497678686504,-0.03580379486084,-0.035803794860840066
2001-01-09,1.169921875,1.169921875,1.140625,1.140625,1.0454634428024292,-0.1335326266620357,-0.6802228799008492,-0.0071601867675779,-0.007160186767577903
2001-01-10,1.171875,1.171875,1.171875,1.171875,1.074105978012085,-0.9803971292228872,2.7396974429710896,0.0286425352096557,0.02864253520965576
2001-01-11,1.169921875,1.171875,1.1640625,1.171875,1.074105978012085,-0.8535938881977329,0.0,0.0,0.0
2001-01-12,1.1484375,1.17578125,1.1484375,1.17578125,1.077686429023743,-0.91699550871031,0.3333424340756785,0.0035804510116579,0.003580451011657937
2001-01-16,1.17578125,1.17578125,1.1484375,1.171875,1.074105978012085,-0.4143112317891629,-0.3322349539931934,-0.0035804510116579,-0.003580451011657937
2001-01-17,1.150390625,1.15625,1.1484375,1.1484375,1.052623629570007,-0.7041472112752297,-2.000021309055233,-0.0214823484420778,-0.02148234844207786
2001-01-18,1.140625,1.1484375,1.140625,1.140625,1.0454634428024292,-0.6407455907626526,-0.6802228799008492,-0.0071601867675779,-0.007160186767577903
2001-01-19,1.140625,1.15234375,1.140625,1.140625,1.0454634428024292,-0.9260528830692496,0.0,0.0,0.0
2001-01-22,1.142578125,1.15625,1.140625,1.1484375,1.052623629570007,-0.7811348933262162,0.6848816012527958,0.0071601867675779,0.007160186767577903
2001-01-23,1.140625,1.140625,1.140625,1.140625,1.0454634428024292,-1.007569252299706,-0.6802228799008492,-0.0071601867675779,-0.007160186767577903
2001-01-24,1.1484375,1.15625,1.140625,1.15625,1.0597845315933228,-0.5501718471732567,1.3698316176895764,0.0143210887908935,0.014321088790893555
2001-01-25,1.1796875,1.265625,1.1796875,1.2421875,1.13855242729187,0.486897516925326,7.432444364905422,0.0787678956985471,0.07876789569854714
2001-01-26,1.263671875,1.2734375,1.171875,1.234375,1.1313918828964231,-0.1154178779441565,-0.6289165280231046,-0.0071605443954467,-0.007160544395446777
2001-01-29,1.216796875,1.216796875,1.140625,1.15625,1.0597845315933228,0.5910573220531312,-6.329137797929196,-0.0716073513031003,-0.07160735130310036
2001-01-30,1.1875,1.21875,1.171875,1.1875,1.0884274244308472,-0.3554382984560555,2.702709086955779,0.0286428928375244,0.028642892837524414
2001-01-31,1.1875,1.234375,1.1875,1.203125,1.1027491092681885,-0.7720775189672766,1.3158144048814655,0.0143216848373413,0.014321684837341309
2001-02-01,1.15234375,1.203125,1.1484375,1.203125,1.1027491092681885,-0.4097825446096931,0.0,0.0,0.0
2001-02-02,1.1875,1.203125,1.1875,1.1875,1.0884274244308472,-0.2965653651229483,-1.298725586533955,-0.0143216848373413,-0.014321684837341309
2001-02-05,1.1875,1.203125,1.1875,1.203125,1.1027491092681885,-0.8671799497361422,1.3158144048814655,0.0143216848373413,0.014321684837341309
2001-02-06,1.2109375,1.25390625,1.19140625,1.25,1.145713210105896,1.1797866553842045,3.896090278070563,0.0429641008377075,0.04296410083770752
2001-02-07,1.25,1.3046875,1.2421875,1.25,1.145713210105896,1.3020612092298889,0.0,0.0,0.0
2001-02-08,1.234375,1.28125,1.234375,1.240234375,1.136762261390686,-0.6045160933268943,-0.7812556088432121,-0.0089509487152099,-0.008950948715209961
2001-02-09,1.234375,1.240234375,1.1875,1.1875,1.0884274244308472,-0.4460120420454515,-4.251974102369238,-0.0483348369598388,-0.04833483695983887
2001-02-12,1.21875,1.24609375,1.21875,1.24609375,1.1421328783035278,-0.1199465651236263,4.9342246131627965,0.0537054538726806,0.053705453872680664
2001-02-13,1.24609375,1.25,1.234375,1.24609375,1.1421328783035278,-0.8083070164030349,0.0,0.0,0.0
2001-02-14,1.25,1.25,1.2265625,1.234375,1.1313918828964231,-0.6679177138394713,-0.9404330801735528,-0.0107409954071047,-0.010740995407104714
2001-02-15,1.234375,1.2421875,1.2265625,1.234375,1.1313918828964231,-0.6135734676858338,0.0,0.0,0.0
2001-02-16,1.2265625,1.25,1.2265625,1.234375,1.1313918828964231,-0.8309504523003839,0.0,0.0,0.0
2001-02-20,1.21875,1.25,1.1796875,1.21875,1.117070198059082,0.4280245835922187,-1.265846525315062,-0.014321684837341,-0.014321684837341087
2001-02-21,1.234375,1.2421875,1.234375,1.2421875,1.13855242729187,-0.8400078266593235,1.923086773786764,0.0214822292327878,0.021482229232787864
2001-02-22,1.234375,1.234375,1.1875,1.21875,1.117070198059082,2.1534543989702097,-1.8868019353210583,-0.0214822292327878,-0.021482229232787864
2001-02-23,1.1875,1.21875,1.1875,1.203125,1.1027491092681885,-0.7992496420440953,-1.2820222771833478,-0.0143210887908935,-0.014321088790893555
2001-02-26,1.21875,1.375,1.21875,1.375,1.260284423828125,2.900687783582726,14.28568957670533,0.1575353145599365,0.15753531455993652
2001-02-27,1.359375,1.515625,1.359375,1.5,1.3748557567596436,2.9369172810184843,9.09091081071265,0.1145713329315185,0.11457133293151855
2001-02-28,1.46875,1.6875,1.4375,1.4375,1.3175700902938845,1.451507886152392,-4.166667389222988,-0.057285666465759,-0.057285666465759055
2001-03-01,1.5,1.5,1.375,1.3828125,1.2674452066421509,0.0929017323114539,-3.804342859707244,-0.0501248836517336,-0.05012488365173362
2001-03-02,1.40625,1.40625,1.3515625,1.3671875,1.2531238794326782,-0.5320570984553775,-1.1299365948461149,-0.0143213272094726,-0.014321327209472656
2001-03-05,1.40625,1.46875,1.3671875,1.46875,1.3462131023406982,-0.740376708710988,7.42857305936615,0.09308922290802,0.09308922290802002
2001-03-06,1.4921875,1.4921875,1.328125,1.359375,1.2459629774093628,-0.5275284112759078,-7.446824336877111,-0.1002501249313354,-0.10025012493133545
2001-03-07,1.375,1.4296875,1.375,1.4296875,1.3104097843170166,-0.8626512625566725,5.172449589285,0.0644468069076538,0.06444680690765381
2001-03-08,1.498046875,1.5,1.4140625,1.4140625,1.2960882186889648,-0.6045160933268943,-1.092907409533428,-0.0143215656280517,-0.014321565628051758
2001-03-09,1.453125,1.4765625,1.421875,1.4765625,1.353373885154724,-0.7222619599931088,4.419889451946824,0.057285666465759,0.057285666465759055
2001-03-12,1.46875,1.5,1.4375,1.4375,1.3175700902938845,-0.3599669856355253,-2.6455213340211725,-0.0358037948608394,-0.0358037948608394
2001-03-13,1.421875,1.453125,1.421875,1.453125,1.3318912982940674,-0.7222619599931088,1.0869408850187725,0.0143212080001828,0.014321208000182883
2001-03-14,1.5,1.5234375,1.453125,1.5,1.3748557567596436,4.055503014347523,3.2258231974791496,0.0429644584655761,0.04296445846557617
2001-03-15,1.5,1.5,1.46875,1.46875,1.3462131023406982,-0.500356288199089,-2.083320688597345,-0.0286426544189453,-0.028642654418945312
2001-03-16,1.466796875,1.515625,1.4453125,1.46875,1.3462131023406982,0.6997458143604063,0.0,0.0,0.0
2001-03-19,1.46875,1.46875,1.359375,1.4609375,1.3390523195266724,0.2559344707723665,-0.5319204516413656,-0.0071607828140258,-0.007160782814025879
2001-03-20,1.46875,1.484375,1.40625,1.46875,1.3462131023406982,-0.8037783292235652,0.5347649759164907,0.0071607828140258,0.007160782814025879
2001-03-21,1.453125,1.453125,1.34375,1.359375,1.2459629774093628,-0.8128357035825047,-7.446824336877111,-0.1002501249313354,-0.10025012493133545
2001-03-22,1.25,1.328125,1.21875,1.328125,1.217320203781128,1.474151322049741,-2.2988462857692293,-0.0286427736282348,-0.028642773628234863
2001-03-23,1.28125,1.4140625,1.2578125,1.3828125,1.2674452066421509,-0.4007251702507535,4.117651436764902,0.0501250028610229,0.05012500286102295
2001-03-26,1.375,1.4375,1.375,1.390625,1.2746057510375977,0.1155451682088029,0.5649588919443005,0.0071605443954467,0.007160544395446777
2001-03-27,1.3984375,1.5,1.390625,1.5,1.3748557567596436,1.691528306664291,7.865177576708482,0.1002500057220459,0.1002500057220459
2001-03-28,1.4453125,1.5,1.421875,1.5,1.3748557567596436,-0.2286350574309013,0.0,0.0,0.0
2001-03-29,1.4375,1.515625,1.4375,1.5,1.3748557567596436,0.0159140502604674,0.0,0.0,0.0
2001-03-30,1.515625,1.6875,1.4921875,1.6875,1.5467127561569214,3.6750932912720606,12.500002167669022,0.1718569993972778,0.17185699939727783
2001-04-02,1.6953125,1.71875,1.625,1.625,1.4894269704818726,1.297532522050419,-3.703711981879909,-0.0572857856750488,-0.05728578567504883
2001-04-03,1.59375,1.625,1.53125,1.5625,1.4321410655975342,-0.3871391087123441,-3.846170777060976,-0.0572859048843383,-0.05728590488433838
2001-04-04,1.546875,1.5625,1.453125,1.546875,1.4178199768066406,-0.2512784933282503,-0.9999775256020804,-0.0143210887908935,-0.014321088790893555
2001-04-05,1.5625,1.5625,1.5078125,1.5078125,1.38201642036438,-0.8988807599924308,-2.5252540539667745,-0.0358035564422605,-0.03580355644226052
2001-04-06,1.453125,1.453125,1.4375,1.4375,1.3175700902938845,-0.6815037753778808,-4.663210155889741,-0.0644463300704956,-0.0644463300704956
2001-04-09,1.3912500143051147,1.4375,1.375,1.378749966621399,1.2637213468551636,-0.6769750881984109,-4.086973728032184,-0.0538487434387209,-0.053848743438720925
2001-04-10,1.375,1.5399999618530271,1.375,1.53125,1.4034985303878784,-0.2059916215335523,11.06075986455064,0.1397771835327148,0.13977718353271484
2001-04-11,1.5299999713897705,1.65625,1.4850000143051147,1.524999976158142,1.3977700471878052,0.1019591066703935,-0.4081574063700688,-0.0057284832000732,-0.005728483200073242
2001-04-12,1.568750023841858,1.568750023841858,1.4637500047683716,1.4637500047683716,1.3416301012039185,-0.763020144608337,-4.016393547481966,-0.0561399459838867,-0.05613994598388672
2001-04-16,1.462499976158142,1.466249942779541,1.3312499523162842,1.3387500047683716,1.2270582914352417,0.8990080502570772,-8.539746511789293,-0.1145718097686767,-0.11457180976867676
2001-04-17,1.3350000381469729,1.4187500476837158,1.3350000381469729,1.4187500476837158,1.3003844022750854,-0.0837170676878679,5.975764260887484,0.0733261108398437,0.07332611083984375
2001-04-18,1.412500023841858,1.4375,1.3562500476837158,1.3825000524520874,1.26715886592865,1.533024255382848,-2.5550549736144124,-0.0332255363464355,-0.03322553634643555
2001-04-19,1.3799999952316284,1.3825000524520874,1.375,1.3762500286102295,1.2614301443099976,-0.4052538574302233,-0.4520918231080695,-0.0057287216186523,-0.005728721618652344
2001-04-20,1.372499942779541,1.3825000524520874,1.372499942779541,1.3737499713897705,1.2591384649276731,-0.5999874061474244,-0.1816731106880298,-0.0022916793823244,-0.002291679382324441
2001-04-23,1.3700000047683716,1.403749942779541,1.3700000047683716,1.3849999904632568,1.2694501876831057,-0.5818726574295453,0.8189506589352691,0.0103117227554325,0.010311722755432573
2001-04-24,1.3674999475479126,1.4375,1.34375,1.34375,1.231641411781311,-0.0474875702521096,-2.9783583687360005,-0.0378087759017946,-0.037808775901794656
2001-04-25,1.337499976158142,1.34375,1.3125,1.34375,1.231641411781311,-0.6452742779421223,0.0,0.0,0.0
2001-04-26,1.34375,1.381250023841858,1.3274999856948853,1.3387500047683716,1.2270582914352417,-0.2512784933282503,-0.3721148300332655,-0.0045831203460693,-0.004583120346069336
2001-04-27,1.3324999809265137,1.431249976158142,1.3324999809265137,1.431249976158142,1.3118412494659424,-0.5048849753785588,6.909448281510189,0.0847829580307006,0.08478295803070068
2001-04-30,1.4249999523162842,1.4249999523162842,1.3875000476837158,1.3875000476837158,1.2717418670654297,-0.7584914574288673,-3.0567252262297284,-0.0400993824005126,-0.040099382400512695
2001-05-01,1.4249999523162842,1.4249999523162842,1.381250023841858,1.40625,1.2889273166656494,-0.586401344609015,1.3513315905747003,0.0171854496002197,0.017185449600219727
2001-05-02,1.375,1.4375,1.375,1.4375,1.3175700902938845,-0.7720775189672766,2.2222179061525127,0.028642773628235,0.028642773628235085
2001-05-03,1.3762500286102295,1.471250057220459,1.375,1.471250057220459,1.3485044240951538,-0.2331637446103711,2.3478321213537434,0.0309343338012693,0.03093433380126931
2001-05-04,1.471250057220459,1.5612499713897705,1.4375,1.5125000476837158,1.3863130807876587,-0.0293728215342304,2.803747323103845,0.0378086566925048,0.03780865669250488
2001-05-07,1.537500023841858,1.5437500476837158,1.5012500286102295,1.5437500476837158,1.4149558544158936,-0.6679177138394713,2.0661114740373687,0.0286427736282348,0.028642773628234863
2001-05-08,1.5437500476837158,1.5575000047683716,1.5012500286102295,1.5575000047683716,1.427558422088623,-0.5954587189679547,0.8906686122678975,0.0126025676727294,0.012602567672729492
2001-05-10,1.53125,1.5499999523162842,1.4774999618530271,1.506250023841858,1.3805845975875854,-0.323737488199767,-3.290501024281123,-0.0469738245010376,-0.0469738245010376
2001-05-11,1.4774999618530271,1.5,1.46875,1.5,1.3748557567596436,-0.8581225753772027,-0.4149576083893991,-0.0057288408279418,-0.0057288408279418945
2001-05-14,1.4249999523162842,1.4574999809265137,1.3875000476837158,1.3875000476837158,1.2717418670654297,0.047614860516756,-7.49997875684355,-0.1031138896942138,-0.10311388969421387
2001-05-15,1.375,1.3762500286102295,1.34375,1.375,1.260284423828125,-0.455069416404391,-0.9009252218567744,-0.0114574432373046,-0.011457443237304688
2001-05-16,1.3737499713897705,1.399999976158142,1.3562500476837158,1.399999976158142,1.2831987142562866,0.4234958964127489,1.8181840539264416,0.0229142904281616,0.02291429042816162
2001-05-17,1.375,1.3862500190734863,1.34375,1.34375,1.231641411781311,-0.2195776830719617,-4.017873607741029,-0.0515573024749755,-0.051557302474975586
2001-05-18,1.3450000286102295,1.375,1.315000057220459,1.347499966621399,1.2350786924362185,2.1851552092264983,0.2790812830770317,0.0034372806549074,0.0034372806549074486
2001-05-21,1.3125,1.3624999523162842,1.3125,1.3324999809265137,1.2213302850723269,-0.5456431599937869,-1.113160436504057,-0.0137484073638916,-0.013748407363891602
2001-05-22,1.3250000476837158,1.3362499475479126,1.315000057220459,1.3250000476837158,1.2144558429718018,-0.2648645548666597,-0.5628651139292784,-0.0068744421005251,-0.006874442100525124
2001-05-24,1.475000023841858,1.475000023841858,1.4375,1.4574999809265137,1.3359014987945557,0.926180173333896,10.000005889516215,0.1214456558227539,0.1214456558227539
2001-05-25,1.462499976158142,1.462499976158142,1.4375,1.4424999952316284,1.322152853012085,0.3193360912849436,-1.0291661319997591,-0.0137486457824707,-0.013748645782470703
2001-05-29,1.462499976158142,1.475000023841858,1.431249976158142,1.475000023841858,1.35194194316864,-0.609044780506364,2.2530746039454157,0.0297890901565549,0.029789090156554954
2001-05-30,1.46875,1.5,1.462499976158142,1.4912500381469729,1.3668358325958252,0.5955860092326011,1.1016663476153044,0.0148938894271852,0.01489388942718528
2001-05-31,1.5,1.5,1.46875,1.4874999523162842,1.3633986711502075,-0.6815037753778808,-0.2514684912152121,-0.0034371614456176,-0.0034371614456176758
2001-06-01,1.4762500524520874,1.5,1.475000023841858,1.4987499713897705,1.373709797859192,-0.3735530471739348,0.7562811177075357,0.0103111267089843,0.010311126708984375
2001-06-06,1.2937500476837158,1.40625,1.278749942779541,1.40625,1.2889273166656494,0.5321843887200239,-6.171789800558214,-0.0847824811935424,-0.08478248119354248
2001-06-07,1.3450000286102295,1.3875000476837158,1.3450000286102295,1.3875000476837158,1.2717418670654297,-0.9758684420434172,-1.3333140959939538,-0.0171854496002197,-0.017185449600219727
2001-06-08,1.3624999523162842,1.40625,1.3624999523162842,1.3737499713897705,1.2591384649276731,-0.91246682153084,-0.9910346167055994,-0.0126034021377565,-0.01260340213775657
2001-06-11,1.375,1.375,1.3562500476837158,1.3624999523162842,1.248827338218689,-0.5094136625580286,-0.8189033212940955,-0.0103111267089841,-0.010311126708984153
2001-06-12,1.3862500190734863,1.4375,1.3125,1.431249976158142,1.3118412494659424,0.0929017323114539,5.045846556909583,0.0630139112472534,0.06301391124725342
2001-06-13,1.4249999523162842,1.4249999523162842,1.381250023841858,1.381250023841858,1.2660131454467771,-0.785663580505686,-3.4934184328951456,-0.0458281040191652,-0.04582810401916526
2001-06-14,1.3537499904632568,1.4375,1.337499976158142,1.3887499570846558,1.2728874683380127,-0.8354791394798537,0.5429898509315745,0.0068743228912355,0.006874322891235574
2001-06-15,1.3562500476837158,1.3624999523162842,1.306249976158142,1.306249976158142,1.197270393371582,0.2559344707723665,-5.940593873955136,-0.0756170749664306,-0.07561707496643066
2001-06-18,1.3624999523162842,1.3624999523162842,1.306249976158142,1.306249976158142,1.197270393371582,-0.9441676317871288,0.0,0.0,0.0
2001-06-19,1.306249976158142,1.375,1.306249976158142,1.3562500476837158,1.2430986166000366,-0.8173643907619745,3.8277254229430735,0.0458282232284545,0.04582822322845459
2001-06-20,1.375,1.375,1.2687499523162842,1.2825000286102295,1.175501823425293,1.754929927176868,-5.437765940052741,-0.0675967931747436,-0.06759679317474365
2001-06-21,1.28125,1.3312499523162842,1.28125,1.28125,1.1743558645248413,3.3716712502475845,-0.0974867820376923,-0.0011459589004516,-0.0011459589004516602
2001-06-22,1.316249966621399,1.3174999952316284,1.2937500476837158,1.2937500476837158,1.185813069343567,-0.4912989138401494,0.9756160943055648,0.0114572048187255,0.011457204818725586
2001-06-25,1.3012499809265137,1.3312499523162842,1.3012499809265137,1.3125,1.2029988765716553,-0.4460120420454515,1.4492846868016107,0.0171858072280883,0.01718580722808838
2001-06-26,1.315000057220459,1.375,1.3137500286102295,1.375,1.260284423828125,-0.3418522369176462,4.761895324434873,0.0572855472564697,0.05728554725646973
2001-06-27,1.306249976158142,1.34375,1.306249976158142,1.3137500286102295,1.2041447162628174,-0.8717086369156121,-4.45452681187496,-0.0561397075653076,-0.05613970756530762
2001-06-28,1.3674999475479126,1.3674999475479126,1.3125,1.337499976158142,1.225913166999817,-0.7132045856341692,1.8077935685803623,0.0217684507369995,0.02176845073699951
2001-06-29,1.3200000524520874,1.3562500476837158,1.3125,1.347499966621399,1.2350786924362185,-0.763020144608337,0.7476488288997274,0.0091655254364015,0.00916552543640159
2001-07-02,1.3137500286102295,1.381250023841858,1.3125,1.381250023841858,1.2660131454467771,-0.7449053958904578,2.5046544159497808,0.0309344530105586,0.030934453010558638
2001-07-03,1.381250023841858,1.3875000476837158,1.3550000190734863,1.3875000476837158,1.2717418670654297,-0.8852946984540214,0.4525009585608197,0.0057287216186525,0.005728721618652566
2001-07-05,1.3562500476837158,1.3875000476837158,1.3562500476837158,1.381250023841858,1.2660131454467771,-0.7811348933262162,-0.4504626109284038,-0.0057287216186525,-0.005728721618652566
2001-07-06,1.3562500476837158,1.3975000381469729,1.3562500476837158,1.3975000381469729,1.2809072732925415,-0.7358480215315183,1.1764591781160627,0.0148941278457643,0.014894127845764382
2001-07-09,1.375,1.375,1.3624999523162842,1.375,1.260284423828125,-0.6271595292242432,-1.6100189213076987,-0.0206228494644165,-0.020622849464416504
2001-07-10,1.3574999570846558,1.3737499713897705,1.3574999570846558,1.3624999523162842,1.248827338218689,-0.6860324625573505,-0.9090872975034524,-0.011457085609436,-0.011457085609436035
2001-07-11,1.368749976158142,1.375,1.3624999523162842,1.375,1.260284423828125,0.0295001117988768,0.9174275145015898,0.011457085609436,0.011457085609436035
2001-07-12,1.377500057220459,1.377500057220459,1.375,1.375,1.260284423828125,-0.4505407292249212,0.0,0.0,0.0
2001-07-13,1.368749976158142,1.3875000476837158,1.3662500381469729,1.381250023841858,1.2660131454467771,-0.4414833548659816,0.4545578371310199,0.0057287216186521,0.005728721618652122
2001-07-16,1.368749976158142,1.3875000476837158,1.368749976158142,1.375,1.260284423828125,-0.2195776830719617,-0.4525009585607753,-0.0057287216186521,-0.005728721618652122
2001-07-17,1.368749976158142,1.381250023841858,1.368749976158142,1.375,1.260284423828125,-0.1878768728156732,0.0,0.0,0.0
2001-07-18,1.381250023841858,1.381250023841858,1.350000023841858,1.368749976158142,1.2545561790466309,2.257614204098015,-0.4545200014528849,-0.0057282447814941,-0.005728244781494141
2001-07-19,1.3700000047683716,1.3700000047683716,1.368749976158142,1.368749976158142,1.2545561790466309,-0.91246682153084,0.0,0.0,0.0
2001-07-20,1.337499976158142,1.3662500381469729,1.274999976158142,1.274999976158142,1.1686272621154783,-0.3554382984560555,-6.849347870292433,-0.0859289169311525,-0.08592891693115257
2001-07-23,1.3125,1.3237500190734863,1.274999976158142,1.3237500190734863,1.2133102416992188,-0.5547005343527265,3.823544172917393,0.0446829795837404,0.044682979583740456
2001-07-24,1.3125,1.3125,1.306249976158142,1.306249976158142,1.197270393371582,-0.740376708710988,-1.3219906810621795,-0.0160398483276367,-0.01603984832763672
2001-07-25,1.306249976158142,1.3200000524520874,1.287500023841858,1.2887500524520874,1.1812306642532349,-0.4233686061481025,-1.339691452085301,-0.0160397291183471,-0.016039729118347168
2001-07-26,1.2999999523162842,1.315000057220459,1.274999976158142,1.274999976158142,1.1686272621154783,-0.6226308420447734,-1.066972143474143,-0.0126034021377565,-0.01260340213775657
2001-07-27,1.274999976158142,1.2987500429153442,1.274999976158142,1.2987500429153442,1.190396070480347,-0.962282380505008,1.8627674597854416,0.0217688083648686,0.021768808364868608
2001-07-30,1.274999976158142,1.2999999523162842,1.2575000524520874,1.2575000524520874,1.1525874137878418,-0.4007251702507535,-3.176140918984105,-0.0378086566925051,-0.037808656692505105
2001-07-31,1.2587499618530271,1.2587499618530271,1.2575000524520874,1.2587499618530271,1.1537331342697144,-0.8626512625566725,0.0994042159550678,0.0011457204818725,0.0011457204818725586
2001-08-01,1.2587499618530271,1.2825000286102295,1.2587499618530271,1.28125,1.1743558645248413,-0.0701310061494586,1.787478372819784,0.0206227302551269,0.020622730255126953
2001-08-02,1.2799999713897705,1.3037500381469729,1.2799999713897705,1.3037500381469729,1.1949785947799685,-0.3327948625587066,1.7560886676775356,0.0206227302551271,0.020622730255127175
2001-08-03,1.2949999570846558,1.2987500429153442,1.2925000190734863,1.2987500429153442,1.190396070480347,-0.7313193343520484,-0.3834817058346873,-0.0045825242996215,-0.004582524299621582
2001-08-06,1.2987500429153442,1.3250000476837158,1.2925000190734863,1.2999999523162842,1.19154155254364,0.6001146964120708,0.0962269694682937,0.001145482063293,0.001145482063293013
2001-08-07,1.2925000190734863,1.306249976158142,1.2687499523162842,1.2687499523162842,1.162899136543274,-0.3599669856355253,-2.4038117629403444,-0.0286424160003659,-0.02864241600036599
2001-08-08,1.2687499523162842,1.2699999809265137,1.2687499523162842,1.2687499523162842,1.162899136543274,-0.9486963189665986,0.0,0.0,0.0
2001-08-10,1.2687499523162842,1.3125,1.2687499523162842,1.3125,1.2029988765716553,-0.9713397548639476,3.448256066951605,0.0400997400283813,0.04009974002838135
2001-08-13,1.287500023841858,1.318750023841858,1.2687499523162842,1.2687499523162842,1.162899136543274,-0.91699550871031,-3.3333148358923537,-0.0400997400283813,-0.04009974002838135
2001-08-14,1.2687499523162842,1.3125,1.2687499523162842,1.2687499523162842,1.162899136543274,-0.7449053958904578,0.0,0.0,0.0
2001-08-15,1.2687499523162842,1.2687499523162842,1.2625000476837158,1.2625000476837158,1.1571701765060425,-0.7358480215315183,-0.49264462043207,-0.0057289600372314,-0.005728960037231445
2001-08-16,1.306249976158142,1.3624999523162842,1.274999976158142,1.274999976158142,1.1686272621154783,1.6326553733311835,0.9900951339784304,0.0114570856094358,0.011457085609435813
2001-08-17,1.274999976158142,1.2937500476837158,1.25,1.2862499952316284,1.1789389848709106,-0.0746596933289283,0.8823791032194217,0.0103117227554323,0.010311722755432351
2001-08-20,1.256250023841858,1.256250023841858,1.256250023841858,1.256250023841858,1.1514415740966797,-0.9939831907612964,-2.3323862495938985,-0.0274974107742309,-0.027497410774230957
2001-08-21,1.256250023841858,1.256250023841858,1.256250023841858,1.256250023841858,1.1514415740966797,-1.007569252299706,0.0,0.0,0.0
2001-08-22,1.256250023841858,1.287500023841858,1.25,1.25,1.145713210105896,-0.8671799497361422,-0.4974949767015069,-0.0057283639907836,-0.005728363990783691
2001-08-23,1.2687499523162842,1.2687499523162842,1.1262500286102295,1.1687500476837158,1.071242094039917,0.772204809231923,-6.4999788262104286,-0.074471116065979,-0.074471116065979
2001-08-24,1.1687500476837158,1.1875,1.1687500476837158,1.1687500476837158,1.071242094039917,-0.8988807599924308,0.0,0.0,0.0
2001-08-27,1.1687500476837158,1.1687500476837158,1.162500023841858,1.162500023841858,1.065513253211975,-0.9260528830692496,-0.5347848875446148,-0.0057288408279418,-0.0057288408279418945
2001-08-28,1.162500023841858,1.181249976158142,1.131250023841858,1.131250023841858,1.0368705987930298,0.0747869835935748,-2.688155621959876,-0.0286426544189453,-0.028642654418945312
2001-08-29,1.1375000476837158,1.1575000286102295,1.1375000476837158,1.15625,1.0597845315933228,-0.6362169035831827,2.2099124834830786,0.0229139328002929,0.02291393280029297
2001-08-30,1.1449999809265137,1.153749942779541,1.125,1.1337499618530271,1.0391619205474854,-0.5229997240964379,-1.9459248961515407,-0.0206226110458374,-0.020622611045837402
2001-08-31,1.1749999523162842,1.1749999523162842,1.1325000524520874,1.1325000524520874,1.0380160808563232,-0.7132045856341692,-0.1102657505539062,-0.0011458396911621,-0.0011458396911621094
2001-09-04,1.1375000476837158,1.2612500190734863,1.1375000476837158,1.25,1.145713210105896,-0.1063605035852169,10.375285242279377,0.1076971292495727,0.10769712924957275
2001-09-05,1.2062499523162842,1.412500023841858,1.2062499523162842,1.375,1.260284423828125,0.3827377117975207,9.999990635670454,0.114571213722229,0.114571213722229
2001-09-06,1.3250000476837158,1.375,1.243749976158142,1.2687499523162842,1.162899136543274,-0.7675488317878068,-7.727246758239092,-0.097385287284851,-0.09738528728485107
2001-09-07,1.350000023841858,1.350000023841858,1.28125,1.2975000143051147,1.189250349998474,-0.5094136625580286,2.2659930364665293,0.0263512134551999,0.026351213455199973
2001-09-10,1.2987500429153442,1.34375,1.2987500429153442,1.34375,1.231641411781311,-0.939638944607659,3.56451959697901,0.0423910617828371,0.042391061782837136
2001-09-17,1.3312499523162842,1.5325000286102295,1.3300000429153442,1.5,1.3748557567596436,4.517429106653442,11.62792543417348,0.1432143449783325,0.14321434497833252
2001-09-18,1.493749976158142,1.5,1.4187500476837158,1.462499976158142,1.3404842615127563,-0.2784506164050691,-2.500007370074686,-0.0343714952468872,-0.03437149524688721
2001-09-19,1.46875,1.556249976158142,1.4075000286102295,1.4299999475479126,1.310695767402649,-0.3735530471739348,-2.2222188626437656,-0.0297884941101074,-0.029788494110107422
2001-09-20,1.412500023841858,1.4387500286102295,1.4049999713897705,1.4075000286102295,1.2900731563568115,-0.6860324625573505,-1.5734094485331585,-0.0206226110458374,-0.020622611045837402
2001-09-21,1.4049999713897705,1.4049999713897705,1.2312500476837158,1.2312500476837158,1.1285275220870972,-0.0248441343547606,-12.522207246441896,-0.1615456342697143,-0.16154563426971436
2001-09-24,1.2337499856948853,1.3312499523162842,1.2174999713897705,1.25,1.145713210105896,-0.4369546676865118,1.5228417280436002,0.0171856880187988,0.017185688018798828
2001-09-25,1.256250023841858,1.372499942779541,1.256250023841858,1.372499942779541,1.25799298286438,-0.8445365138387932,9.79998936628359,0.1122797727584841,0.11227977275848411
2001-09-26,1.3862500190734863,1.4187500476837158,1.315000057220459,1.315000057220459,1.2052905559539795,-0.9215241958897796,-4.189405475887487,-0.0527024269104006,-0.05270242691040061
2001-09-27,1.287500023841858,1.375,1.287500023841858,1.306249976158142,1.197270393371582,-0.4641267907633306,-0.6654132103482313,-0.0080201625823974,-0.008020162582397461
2001-09-28,1.3737499713897705,1.381250023841858,1.306249976158142,1.3624999523162842,1.248827338218689,-0.5999874061474244,4.306207280539165,0.0515569448471069,0.051556944847106934
2001-10-01,1.3624999523162842,1.3624999523162842,1.1825000047683716,1.2999999523162842,1.19154155254364,-0.8083070164030349,-4.587166209602744,-0.057285785675049,-0.05728578567504905
2001-10-02,1.2999999523162842,1.3312499523162842,1.21875,1.21875,1.117070198059082,-0.8083070164030349,-6.250000625289176,-0.0744713544845578,-0.07447135448455788
2001-10-03,1.212499976158142,1.212499976158142,1.184999942779541,1.184999942779541,1.0861358642578125,-0.8988807599924308,-2.7692381244274644,-0.0309343338012695,-0.03093433380126953
2001-10-04,1.225000023841858,1.225000023841858,1.181249976158142,1.181249976158142,1.0826985836029053,-0.8626512625566725,-0.3164687557072776,-0.0034372806549072,-0.0034372806549072266
2001-10-05,1.1825000047683716,1.1875,1.181249976158142,1.1862499713897705,1.0872820615768433,-0.7358480215315183,0.423338318101929,0.0045834779739379,0.004583477973937988
2001-10-08,1.2237499952316284,1.2237499952316284,1.2237499952316284,1.2237499952316284,1.1216533184051514,-1.003040565120236,3.1612088567396057,0.0343712568283081,0.034371256828308105
2001-10-09,1.181249976158142,1.21875,1.181249976158142,1.215000033378601,1.113633632659912,-0.8490652010182631,-0.714987921280541,-0.0080196857452392,-0.008019685745239258
2001-10-10,1.1875,1.2237499952316284,1.1749999523162842,1.1749999523162842,1.076970458030701,-0.2965653651229483,-3.292211509600451,-0.0366631746292112,-0.036663174629211204
2001-10-11,1.184999942779541,1.193750023841858,1.15625,1.15625,1.0597845315933228,-0.8354791394798537,-1.5957658178297307,-0.0171859264373781,-0.01718592643737815
2001-10-12,1.1437499523162842,1.212499976158142,1.1437499523162842,1.1875,1.0884274244308472,-0.8264217651209141,2.702709086955779,0.0286428928375244,0.028642892837524414
2001-10-15,1.1749999523162842,1.2062499523162842,1.1325000524520874,1.2062499523162842,1.105613350868225,-0.6271595292242432,1.578968523910973,0.0171859264373779,0.01718592643737793
2001-10-16,1.2062499523162842,1.2387499809265137,1.2062499523162842,1.2324999570846558,1.1296732425689695,-0.9260528830692496,2.176157847754867,0.0240598917007444,0.024059891700744407
2001-10-17,1.2387499809265137,1.2387499809265137,1.2387499809265137,1.2387499809265137,1.135401725769043,-0.8988807599924308,0.5070920496484721,0.0057284832000734,0.005728483200073464
2001-10-18,1.2262500524520874,1.25,1.193750023841858,1.2312500476837158,1.1285275220870972,-0.5954587189679547,-0.6054424197118102,-0.0068742036819458,-0.006874203681945801
2001-10-19,1.2000000476837158,1.2000000476837158,1.2000000476837158,1.2000000476837158,1.0998847484588623,-0.9985118779407662,-2.538066025652874,-0.0286427736282348,-0.028642773628234863
2001-10-22,1.2625000476837158,1.287500023841858,1.243749976158142,1.25,1.145713210105896,-0.8309504523003839,4.166660344299489,0.0458284616470336,0.04582846164703369
2001-10-23,1.25,1.25,1.2362500429153442,1.2362500429153442,1.1331104040145874,-0.8671799497361422,-1.099996576817308,-0.0126028060913085,-0.012602806091308594
2001-10-24,1.2362500429153442,1.243749976158142,1.2050000429153442,1.243749976158142,1.1399847269058228,-0.6950898369162901,0.6066772370000084,0.0068743228912353,0.0068743228912353516
2001-10-25,1.2374999523162842,1.25,1.21875,1.25,1.145713210105896,-0.8037783292235652,0.5025052586118184,0.0057284832000732,0.005728483200073242
2001-10-26,1.243749976158142,1.2725000381469729,1.2312500476837158,1.2725000381469729,1.166336178779602,-0.9441676317871288,1.8000114244820509,0.020622968673706,0.020622968673706055
2001-10-29,1.2362500429153442,1.2675000429153442,1.2362500429153442,1.2675000429153442,1.1617531776428225,-0.8264217651209141,-0.3929399790697507,-0.0045830011367795,-0.004583001136779563
2001-10-30,1.2374999523162842,1.2675000429153442,1.2374999523162842,1.2625000476837158,1.1571701765060425,-0.8490652010182631,-0.394490088340349,-0.00458300113678,-0.004583001136780007
2001-10-31,1.2625000476837158,1.2687499523162842,1.149999976158142,1.2487499713897705,1.1445671319961548,-0.4369546676865118,-1.0891262811439928,-0.0126030445098876,-0.012603044509887695
2001-11-01,1.25,1.2625000476837158,1.2312500476837158,1.25,1.145713210105896,-0.5592292215321963,0.1001320130294525,0.0011460781097412,0.001146078109741211
2001-11-02,1.25,1.2575000524520874,1.2387499809265137,1.2400000095367432,1.1365470886230469,-0.9305815702487192,-0.800036291979378,-0.0091661214828491,-0.009166121482849121
2001-11-05,1.2450000047683716,1.2549999952316284,1.2374999523162842,1.2387499809265137,1.135401725769043,-0.631688216403713,-0.1007756621321798,-0.0011453628540039,-0.0011453628540039062
2001-11-06,1.243749976158142,1.2487499713897705,1.2374999523162842,1.2374999523162842,1.1342560052871704,0.0113853630809976,-0.1009088198361318,-0.0011457204818725,-0.0011457204818725586
2001-11-07,1.2387499809265137,1.243749976158142,1.2100000381469729,1.2100000381469729,1.1090505123138428,-0.3373235497381764,-2.2222049392584986,-0.0252054929733276,-0.025205492973327637
2001-11-08,1.212499976158142,1.2300000190734863,1.193750023841858,1.193750023841858,1.0941561460494995,-0.1380613138415055,-1.3429835791039624,-0.0148943662643432,-0.014894366264343262
2001-11-09,1.183750033378601,1.2412500381469729,1.181249976158142,1.2412500381469729,1.137693166732788,0.3193360912849436,3.9790500506240223,0.0435370206832885,0.043537020683288574
2001-11-12,1.2374999523162842,1.25,1.2000000476837158,1.2312500476837158,1.1285275220870972,1.5466103169212575,-0.8056341475630613,-0.0091656446456909,-0.009165644645690918
2001-11-13,1.243749976158142,1.2549999952316284,1.212499976158142,1.25,1.145713210105896,0.9352375476928356,1.5228417280436002,0.0171856880187988,0.017185688018798828
2001-11-14,1.25,1.25,1.2312500476837158,1.2487499713897705,1.1445671319961548,-0.4686554779428004,-0.1000318491252483,-0.0011460781097412,-0.001146078109741211
2001-11-15,1.2487499713897705,1.2487499713897705,1.2487499713897705,1.2487499713897705,1.1445671319961548,-1.0120979394791756,0.0,0.0,0.0
2001-11-16,1.25,1.25,1.225000023841858,1.225000023841858,1.122799038887024,-0.6271595292242432,-1.9018625033524028,-0.0217680931091308,-0.02176809310913086
2001-11-19,1.2112499475479126,1.21875,1.2062499523162842,1.212499976158142,1.1113417148590088,-0.7086758984546995,-1.0204251723774371,-0.0114573240280151,-0.011457324028015137
2001-11-20,1.2062499523162842,1.2074999809265137,1.2062499523162842,1.2074999809265137,1.1067588329315186,-0.9260528830692496,-0.412373788027176,-0.0045828819274902,-0.004582881927490234
2001-11-21,1.2062499523162842,1.225000023841858,1.2062499523162842,1.2074999809265137,1.1067588329315186,-0.9758684420434172,0.0,0.0,0.0
2001-11-23,1.2074999809265137,1.2074999809265137,1.2074999809265137,1.2074999809265137,1.1067588329315186,-1.0120979394791756,0.0,0.0,0.0
2001-11-26,1.2062499523162842,1.277500033378601,1.2062499523162842,1.225000023841858,1.122799038887024,-0.7041472112752297,1.4492954994557383,0.0160402059555053,0.01604020595550537
2001-11-27,1.225000023841858,1.253749966621399,1.225000023841858,1.2312500476837158,1.1285275220870972,-0.8445365138387932,0.5101966604595276,0.0057284832000732,0.005728483200073242
2001-11-28,1.2312500476837158,1.2362500429153442,1.2312500476837158,1.2312500476837158,1.1285275220870972,-0.9532250061460684,0.0,0.0,0.0
2001-11-29,1.2374999523162842,1.256250023841858,1.2362500429153442,1.256250023841858,1.1514415740966797,-0.7766062061467464,2.0304380319591475,0.0229140520095825,0.02291405200958252
2001-11-30,1.2450000047683716,1.2450000047683716,1.2450000047683716,1.2450000047683716,1.1411303281784058,-1.007569252299706,-0.8955075229382103,-0.0103112459182739,-0.010311245918273926
2001-12-03,1.247499942779541,1.277500033378601,1.247499942779541,1.277500033378601,1.1709190607070925,-0.8898233856334912,2.61045840191092,0.0297887325286867,0.029788732528686745
2001-12-04,1.28125,1.309999942779541,1.28125,1.28125,1.1743558645248413,-0.3871391087123441,0.2935133548576329,0.0034368038177488,0.0034368038177488014
2001-12-05,1.28125,1.3362499475479126,1.28125,1.287500023841858,1.180084466934204,-0.5184710369169682,0.4878080471527823,0.0057286024093627,0.005728602409362793
2001-12-06,1.3237500190734863,1.337499976158142,1.309999942779541,1.3312499523162842,1.2201844453811646,-0.5773439702500754,3.3980600177831333,0.0400999784469604,0.04009997844696045
2001-12-07,1.3312499523162842,1.3799999952316284,1.3312499523162842,1.350000023841858,1.237370252609253,-0.061073631790519,1.4084597859891357,0.0171858072280883,0.01718580722808838
2001-12-10,1.3700000047683716,1.40625,1.350000023841858,1.3799999952316284,1.264867067337036,-0.6996185240957599,2.2221978158760702,0.0274968147277829,0.02749681472778298
2001-12-11,1.3912500143051147,1.399999976158142,1.375,1.3925000429153442,1.2763246297836304,0.3057500297465342,0.9058313511724592,0.0114575624465944,0.01145756244659446
2001-12-12,1.3925000429153442,1.4175000190734863,1.3875000476837158,1.3937499523162842,1.277470350265503,0.0113853630809976,0.0897671685664125,0.0011457204818725,0.0011457204818725586
2001-12-13,1.375,1.46875,1.375,1.4387500286102295,1.3187156915664673,1.0031678553848824,3.228673079762068,0.0412453413009643,0.041245341300964355
2001-12-14,1.4199999570846558,1.5,1.4199999570846558,1.5,1.3748557567596436,-0.6181021548653036,4.257177309120275,0.0561400651931762,0.05614006519317627
2001-12-17,1.5,1.5625,1.475000023841858,1.5012500286102295,1.3760013580322266,1.1390284707689762,0.0833251973489268,0.001145601272583,0.0011456012725830078
2001-12-18,1.559999942779541,1.6124999523162842,1.475000023841858,1.6124999523162842,1.4779698848724363,1.320175957947768,7.410496090355001,0.1019685268402097,0.10196852684020974
2001-12-19,1.6062500476837158,1.6062500476837158,1.5549999475479126,1.568750023841858,1.437869906425476,0.7540900605140438,-2.7131796701271305,-0.0400999784469602,-0.04009997844696023
2001-12-20,1.568750023841858,1.568750023841858,1.5499999523162842,1.5625,1.4321410655975342,-0.8490652010182631,-0.3984255322641572,-0.0057288408279418,-0.0057288408279418945
2001-12-21,1.5625,1.5625,1.534999966621399,1.5625,1.4321410655975342,0.1064877938498633,0.0,0.0,0.0
2001-12-24,1.5499999523162842,1.5625,1.5387500524520874,1.5387500524520874,1.4103728532791138,-0.7720775189672766,-1.5199768263985949,-0.0217682123184204,-0.02176821231842041
2001-12-26,1.5325000286102295,1.59375,1.5325000286102295,1.587499976158142,1.4550559520721436,-0.6633890266600015,3.1681763222499493,0.0446830987930297,0.044683098793029785
2001-12-27,1.587499976158142,1.587499976158142,1.5549999475479126,1.5637500286102295,1.4332877397537231,-0.9215241958897796,-1.4960395363092571,-0.0217682123184204,-0.02176821231842041
2001-12-28,1.587499976158142,1.625,1.587499976158142,1.625,1.4894269704818726,-0.192405559995143,3.916815107746308,0.0561392307281494,0.056139230728149414
2001-12-31,1.591249942779541,1.59375,1.537500023841858,1.5399999618530271,1.4115185737609863,-0.1969342471746128,-5.2307631233292735,-0.0779083967208862,-0.07790839672088623
2002-01-02,1.600000023841858,1.6087499856948853,1.5512499809265137,1.6087499856948853,1.4745324850082395,0.0566722348756956,4.464263695755188,0.0630139112472532,0.0630139112472532
2002-01-03,1.5787500143051147,1.6037499904632568,1.5625,1.5750000476837158,1.4435986280441284,-0.6452742779421223,-2.097875582845388,-0.0309338569641111,-0.030933856964111106
2002-01-04,1.556249976158142,1.5750000476837158,1.556249976158142,1.5750000476837158,1.4435986280441284,-0.9351102574281892,0.0,0.0,0.0
2002-01-07,1.5750000476837158,1.625,1.5575000047683716,1.6012500524520874,1.4676584005355835,-0.2376924317898409,1.6666524908002025,0.024059772491455,0.024059772491455078
2002-01-08,1.6112500429153442,1.6237499713897705,1.5750000476837158,1.6237499713897705,1.4882817268371582,-0.1199465651236263,1.4051857226483166,0.0206233263015747,0.020623326301574707
2002-01-09,1.59375,1.625,1.5750000476837158,1.625,1.4894269704818726,0.3057500297465342,0.0769507294259508,0.0011452436447143,0.0011452436447143555
2002-01-10,1.587499976158142,1.625,1.5850000381469729,1.621250033378601,1.485990047454834,-0.5048849753785588,-0.2307547194426495,-0.0034369230270385,-0.0034369230270385742
2002-01-11,1.621250033378601,1.631250023841858,1.6012500524520874,1.618749976158142,1.483698487281799,0.0159140502604674,-0.154211004101934,-0.0022915601730348,-0.00229156017303489
2002-01-14,1.5812499523162842,1.625,1.4774999618530271,1.618749976158142,1.483698487281799,-0.0701310061494586,0.0,0.0,0.0
2002-01-15,1.5812499523162842,1.5812499523162842,1.5750000476837158,1.5750000476837158,1.4435986280441284,-0.9803971292228872,-2.702695971007918,-0.0400998592376706,-0.040099859237670676
2002-01-16,1.6124999523162842,1.627500057220459,1.5987499952316284,1.5987499952316284,1.465367317199707,-0.4460120420454515,1.5079460961439084,0.0217686891555786,0.021768689155578613
2002-01-17,1.625,1.631250023841858,1.6112500429153442,1.631250023841858,1.4951558113098145,1.320175957947768,2.0328346183558166,0.0297884941101074,0.029788494110107422
2002-01-18,1.631250023841858,1.631250023841858,1.59375,1.5950000286102295,1.4619299173355105,0.6589876297451782,-2.222236219327322,-0.0332258939743039,-0.03322589397430398
2002-01-22,1.6137499809265137,1.6137499809265137,1.59375,1.6062500476837158,1.4722412824630735,-0.1969342471746128,0.7053255429888328,0.010311365127563,0.010311365127563032
2002-01-23,1.6237499713897705,1.625,1.600000023841858,1.625,1.4894269704818726,-0.8581225753772027,1.1673146394894696,0.017185688018799,0.01718568801879905
2002-01-24,1.6124999523162842,1.625,1.600000023841858,1.6237499713897705,1.4882817268371582,-0.6905611497368203,-0.0768915608090448,-0.0011452436447143,-0.0011452436447143555
2002-01-25,1.625,1.631250023841858,1.600000023841858,1.625,1.4894269704818726,-0.1561760625593846,0.0769507294259508,0.0011452436447143,0.0011452436447143555
2002-01-28,1.6112500429153442,1.6112500429153442,1.600000023841858,1.6062500476837158,1.4722412824630735,-0.8852946984540214,-1.1538456305272171,-0.017185688018799,-0.01718568801879905
2002-01-29,1.6062500476837158,1.6237499713897705,1.600000023841858,1.600000023841858,1.46651291847229,-0.8581225753772027,-0.3890913846132493,-0.0057283639907834,-0.005728363990783469
2002-01-30,1.600000023841858,1.600000023841858,1.600000023841858,1.600000023841858,1.46651291847229,-0.9713397548639476,0.0,0.0,0.0
2002-01-31,1.625,1.6262500286102295,1.600000023841858,1.6237499713897705,1.4882817268371582,-0.0248441343547606,1.4843925403361211,0.0217688083648681,0.021768808364868164
2002-02-01,1.59375,1.618749976158142,1.59375,1.6124999523162842,1.4779698848724363,-0.2603358676871899,-0.6928689493914786,-0.0103118419647219,-0.010311841964721902
2002-02-04,1.622499942779541,1.625,1.59375,1.6124999523162842,1.4779698848724363,-0.5048849753785588,0.0,0.0,0.0
2002-02-05,1.6124999523162842,1.6237499713897705,1.59375,1.59375,1.4607843160629272,1.2794177733325398,-1.1627820692024726,-0.017185568809509,-0.017185568809509055
2002-02-06,1.6124999523162842,1.6124999523162842,1.600000023841858,1.6062500476837158,1.4722412824630735,-0.9441676317871288,0.7843023966073837,0.0114569664001462,0.011456966400146262
2002-02-07,1.600000023841858,1.625,1.600000023841858,1.618749976158142,1.483698487281799,-0.6362169035831827,0.7782151577462537,0.0114572048187255,0.011457204818725586
2002-02-08,1.6062500476837158,1.625,1.5887500047683716,1.625,1.4894269704818726,-0.301094052302418,0.3860948332277569,0.0057284832000734,0.005728483200073464
2002-02-11,1.625,1.625,1.587499976158142,1.587499976158142,1.4550559520721436,-0.7901922676851557,-2.307667249949752,-0.034371018409729,-0.034371018409729004
2002-02-12,1.6012500524520874,1.631250023841858,1.6012500524520874,1.622499942779541,1.487135410308838,0.4189672092332791,2.204688980585945,0.0320794582366943,0.032079458236694336
2002-02-13,1.625,1.625,1.625,1.625,1.4894269704818726,-0.9486963189665986,0.15409223377707,0.0022915601730346,0.002291560173034668
2002-02-14,1.600000023841858,1.6124999523162842,1.600000023841858,1.600000023841858,1.46651291847229,-0.8762373240950818,-1.5384475012003571,-0.0229140520095825,-0.02291405200958252
2002-02-15,1.6124999523162842,1.631250023841858,1.59375,1.59375,1.4607843160629272,-0.432425980507042,-0.3906274767310203,-0.0057286024093627,-0.005728602409362793
2002-02-19,1.6062500476837158,1.631250023841858,1.6062500476837158,1.625,1.4894269704818726,-0.6950898369162901,1.9607723127903265,0.0286426544189453,0.028642654418945312
2002-02-20,1.625,1.631250023841858,1.6124999523162842,1.6124999523162842,1.4779698848724363,-0.962282380505008,-0.7692277524509739,-0.0114570856094362,-0.011457085609436257
2002-02-21,1.59375,1.618749976158142,1.5774999856948853,1.5774999856948853,1.4458897113800049,-0.8852946984540214,-2.170556641294508,-0.0320801734924314,-0.03208017349243142
2002-02-22,1.6174999475479126,1.622499942779541,1.59375,1.5987499952316284,1.465367317199707,-0.7132045856341692,1.347101764844294,0.0194776058197021,0.01947760581970215
2002-02-25,1.596250057220459,1.6124999523162842,1.596250057220459,1.6124999523162842,1.4779698848724363,-0.91699550871031,0.8600278936760075,0.0126025676727292,0.01260256767272927
2002-02-26,1.596250057220459,1.625,1.59375,1.625,1.4894269704818726,0.486897516925326,0.7751907347168352,0.0114570856094362,0.011457085609436257
2002-02-27,1.6174999475479126,1.618749976158142,1.6124999523162842,1.618749976158142,1.483698487281799,-0.369024359994465,-0.3846098743747195,-0.0057284832000734,-0.005728483200073464
2002-02-28,1.6124999523162842,1.618749976158142,1.6124999523162842,1.618749976158142,1.483698487281799,-0.9758684420434172,0.0,0.0,0.0
2002-03-01,1.6124999523162842,1.631250023841858,1.6124999523162842,1.631250023841858,1.4951558113098145,-0.3826104215328743,0.772213770265795,0.0114573240280153,0.011457324028015359
2002-03-04,1.6375000476837158,1.6425000429153442,1.6150000095367432,1.6425000429153442,1.5054670572280884,-0.8988807599924308,0.6896435702738568,0.0103112459182739,0.010311245918273926
2002-03-05,1.618749976158142,1.618749976158142,1.6124999523162842,1.6124999523162842,1.4779698848724363,-0.7358480215315183,-1.8264878147703056,-0.027497172355652,-0.027497172355652078
2002-03-06,1.6124999523162842,1.625,1.6124999523162842,1.625,1.4894269704818726,-0.9079381343513704,0.7751907347168352,0.0114570856094362,0.011457085609436257
2002-03-07,1.625,1.75,1.625,1.75,1.6039984226226809,1.3111185835888284,7.692317543017313,0.1145714521408083,0.11457145214080833
2002-03-08,1.75,1.756250023841858,1.6375000476837158,1.712499976158142,1.5696269273757937,-0.4052538574302233,-2.1428634069780905,-0.0343714952468872,-0.03437149524688721
2002-03-11,1.71875,1.71875,1.6887500286102295,1.7074999809265137,1.5650440454483032,-0.9668110676844776,-0.2919726877489537,-0.0045828819274904,-0.004582881927490456
2002-03-12,1.6875,1.6875,1.625,1.631250023841858,1.4951558113098145,-0.7041472112752297,-4.465576182456221,-0.0698882341384887,-0.06988823413848877
2002-03-13,1.631250023841858,1.712499976158142,1.631250023841858,1.712499976158142,1.5696269273757937,-0.3327948625587066,4.980826446491871,0.0744711160659792,0.07447111606597923
2002-03-14,1.6875,1.712499976158142,1.683750033378601,1.7074999809265137,1.5650440454483032,-0.8264217651209141,-0.2919726877489537,-0.0045828819274904,-0.004582881927490456
2002-03-15,1.6875,1.715000033378601,1.6875,1.715000033378601,1.5719187259674072,-0.740376708710988,0.4392643478052793,0.006874680519104,0.006874680519104004
2002-03-18,1.681249976158142,1.681249976158142,1.625,1.625,1.4894269704818726,-0.91699550871031,-5.247838461544296,-0.0824917554855346,-0.08249175548553467
2002-03-19,1.6799999475479126,1.681249976158142,1.6787500381469729,1.6787500381469729,1.538692831993103,-0.8852946984540214,3.3077057477542304,0.0492658615112304,0.04926586151123047
2002-03-20,1.6512500047683716,1.690000057220459,1.6512500047683716,1.690000057220459,1.5490041971206665,-0.7449053958904578,0.670137984213981,0.0103113651275634,0.010311365127563477
2002-03-21,1.690000057220459,1.690000057220459,1.690000057220459,1.690000057220459,1.5490041971206665,-1.0120979394791756,0.0,0.0,0.0
2002-03-22,1.659999966621399,1.659999966621399,1.6575000286102295,1.6575000286102295,1.5192159414291382,-0.9939831907612964,-1.9230584233986936,-0.0297882556915283,-0.02978825569152832
2002-03-25,1.6787500381469729,1.7000000476837158,1.65625,1.6712499856948853,1.5318185091018677,-0.6271595292242432,0.8295441963881878,0.0126025676727294,0.012602567672729492
2002-03-26,1.6875,1.6875,1.6649999618530271,1.6662499904632568,1.527235746383667,-0.763020144608337,-0.2991713894936354,-0.0045827627182006,-0.004582762718200684
2002-03-27,1.662500023841858,1.662500023841858,1.6124999523162842,1.618749976158142,1.483698487281799,-0.5818726574295453,-2.8507228962496134,-0.0435372591018679,-0.0435372591018679
2002-03-28,1.6349999904632568,1.6862499713897705,1.6349999904632568,1.6637500524520874,1.524944305419922,-0.455069416404391,2.7799326137810665,0.041245818138123,0.041245818138123
2002-04-01,1.6387499570846558,1.7374999523162842,1.625,1.71875,1.5753555297851562,-0.0973031292262773,3.3057747870570475,0.0504112243652341,0.05041122436523415
2002-04-02,1.6875,1.6875,1.625,1.625,1.4894269704818726,-0.6769750881984109,-5.454550269995395,-0.0859285593032836,-0.08592855930328369
2002-04-03,1.649999976158142,1.649999976158142,1.6299999952316284,1.6299999952316284,1.4940097332000732,-0.7720775189672766,0.3076862987594575,0.0045827627182006,0.004582762718200684
2002-04-04,1.6749999523162842,1.6749999523162842,1.6299999952316284,1.649999976158142,1.5123414993286133,-0.2059916215335523,1.2270178514349084,0.01833176612854,0.01833176612854004
2002-04-05,1.625,1.6675000190734863,1.625,1.6675000190734863,1.5283814668655396,-0.4731841651222702,1.0606048662981982,0.0160399675369262,0.01603996753692627
2002-04-08,1.6687500476837158,1.6687500476837158,1.6687500476837158,1.6687500476837158,1.529526948928833,-0.9894545035818266,0.0749473929203548,0.0011454820632934,0.001145482063293457
2002-04-09,1.6437499523162842,1.6437499523162842,1.6437499523162842,1.6437499523162842,1.5066128969192505,-1.003040565120236,-1.4981136504740755,-0.0229140520095825,-0.02291405200958252
2002-04-10,1.6449999809265137,1.6687500476837158,1.6437499523162842,1.649999976158142,1.5123414993286133,-0.8218930779414443,0.3802305436968467,0.0057286024093627,0.005728602409362793
2002-04-11,1.681249976158142,1.681249976158142,1.681249976158142,1.681249976158142,1.540984272956848,-0.9803971292228872,1.8939355721541815,0.0286427736282346,0.02864277362823464
2002-04-12,1.71875,1.7625000476837158,1.71875,1.7350000143051147,1.59024977684021,0.8718359271802585,3.1970153588155137,0.049265503883362,0.04926550388336204
2002-04-15,1.7362500429153442,1.75,1.7000000476837158,1.7374999523162842,1.5925410985946655,-0.0022006984574116,0.1440856516897959,0.0022913217544555,0.0022913217544555664
2002-04-16,1.7374999523162842,1.7687499523162842,1.6762499809265137,1.6875,1.5467127561569214,4.367982429730939,-2.87768664043806,-0.0458283424377441,-0.04582834243774414
2002-04-17,1.6775000095367432,1.693750023841858,1.6762499809265137,1.691249966621399,1.550149917602539,0.7903195579498021,0.2222236437849023,0.0034371614456176,0.0034371614456176758
2002-04-18,1.6875,1.693750023841858,1.6687500476837158,1.6875,1.5467127561569214,-0.4867702266606796,-0.2217309052877647,-0.0034371614456176,-0.0034371614456176758
2002-04-19,1.65625,1.693750023841858,1.65625,1.6875,1.5467127561569214,-0.8671799497361422,0.0,0.0,0.0
2002-04-22,1.6875,1.6875,1.65625,1.6875,1.5467127561569214,-0.6362169035831827,0.0,0.0,0.0
2002-04-23,1.6449999809265137,1.6687500476837158,1.631250023841858,1.65625,1.5180699825286863,-0.1425900010209752,-1.851848283672464,-0.028642773628235,-0.028642773628235085
2002-04-24,1.65625,1.65625,1.631250023841858,1.6437499523162842,1.5066128969192505,0.1427172912856217,-0.7547139289554639,-0.0114570856094358,-0.011457085609435813
2002-04-25,1.625,1.653749942779541,1.625,1.6387499570846558,1.5020300149917605,1.985892973329828,-0.3041844349574552,-0.00458288192749,-0.004582881927490012
2002-04-26,1.6349999904632568,1.653749942779541,1.6349999904632568,1.649999976158142,1.5123414993286133,0.903536737436547,0.6865032145785266,0.0103114843368528,0.010311484336852805
2002-04-29,1.6387499570846558,1.649999976158142,1.618749976158142,1.625,1.4894269704818726,1.1752579682047346,-1.5151689520464418,-0.0229145288467407,-0.022914528846740723
2002-04-30,1.6150000095367432,1.6437499523162842,1.6150000095367432,1.6425000429153442,1.5054670572280884,-0.5139423497374983,1.0769300586135122,0.0160400867462158,0.01604008674621582
2002-05-01,1.6375000476837158,1.6437499523162842,1.625,1.6437499523162842,1.5066128969192505,0.8718359271802585,0.0761119073088067,0.0011458396911621,0.0011458396911621094
2002-05-02,1.631250023841858,1.6425000429153442,1.631250023841858,1.6375000476837158,1.5008844137191772,-0.8400078266593235,-0.3802226312934809,-0.0057284832000732,-0.005728483200073242
2002-05-03,1.6375000476837158,1.6437499523162842,1.631250023841858,1.6399999856948853,1.5031756162643433,-0.5229997240964379,0.1526568284821117,0.002291202545166,0.0022912025451660156
2002-05-06,1.6262500286102295,1.65625,1.625,1.6437499523162842,1.5066128969192505,5.5046829117778575,0.2286679359162047,0.0034372806549072,0.0034372806549072266
2002-05-07,1.625,1.6412500143051147,1.625,1.631250023841858,1.4951558113098145,-0.8173643907619745,-0.7604531749903165,-0.011457085609436,-0.011457085609436035
2002-05-08,1.631250023841858,1.6349999904632568,1.628749966621399,1.6349999904632568,1.498592972755432,-0.894352072812961,0.2298865054476406,0.0034371614456174,0.0034371614456174537
2002-05-09,1.625,1.6437499523162842,1.6200000047683716,1.6437499523162842,1.5066128969192505,0.6091720707710104,0.5351636041020846,0.0080199241638185,0.008019924163818581
2002-05-10,1.65625,1.65625,1.625,1.65625,1.5180699825286863,0.0113853630809976,0.7604531749902943,0.0114570856094358,0.011457085609435813
2002-05-13,1.65625,1.684999942779541,1.6262500286102295,1.65625,1.5180699825286863,-0.7358480215315183,0.0,0.0,0.0
2002-05-14,1.65625,1.65625,1.6150000095367432,1.6150000095367432,1.4802613258361816,-0.9079381343513704,-2.4905740267339938,-0.0378086566925046,-0.03780865669250466
2002-05-15,1.6549999713897705,1.6549999713897705,1.6087499856948853,1.6087499856948853,1.4745324850082395,-0.9441676317871288,-0.3870155038135592,-0.0057288408279421,-0.005728840827942117
2002-05-16,1.59375,1.625,1.5187499523162842,1.6162500381469729,1.4814072847366333,1.129971096410037,0.4662358949898193,0.0068747997283937,0.006874799728393777
2002-05-17,1.625,1.625,1.625,1.625,1.4894269704818726,-1.003040565120236,0.5413559004244339,0.0080196857452392,0.008019685745239258
2002-05-20,1.6237499713897705,1.625,1.6062500476837158,1.625,1.4894269704818726,-0.8400078266593235,0.0,0.0,0.0
2002-05-21,1.6062500476837158,1.6074999570846558,1.6062500476837158,1.6074999570846558,1.4733870029449463,-0.5320570984553775,-1.0769220549119551,-0.0160399675369262,-0.01603996753692627
2002-05-22,1.6062500476837158,1.6062500476837158,1.5987499952316284,1.5987499952316284,1.465367317199707,-0.4460120420454515,-0.5443027343942752,-0.0080196857452392,-0.008019685745239258
2002-05-23,1.6174999475479126,1.6237499713897705,1.6174999475479126,1.6237499713897705,1.4882817268371582,-0.9894545035818266,1.5637314527555013,0.0229144096374511,0.022914409637451172
2002-05-24,1.6074999570846558,1.6074999570846558,1.5750000476837158,1.587499976158142,1.4550559520721436,-0.2784506164050691,-2.2324922873053654,-0.0332257747650146,-0.03322577476501465
2002-05-28,1.5762499570846558,1.6237499713897705,1.5750000476837158,1.5750000476837158,1.4435986280441284,-0.6588603394805318,-0.7874146703223839,-0.0114573240280151,-0.011457324028015137
2002-05-29,1.568750023841858,1.5762499570846558,1.568750023841858,1.5762499570846558,1.444744348526001,-0.8264217651209141,0.0793655840075846,0.0011457204818725,0.0011457204818725586
2002-05-30,1.568750023841858,1.6162500381469729,1.568750023841858,1.6162500381469729,1.4814072847366333,-0.8490652010182631,2.5376763887699383,0.0366629362106323,0.036662936210632324
2002-05-31,1.5762499570846558,1.6174999475479126,1.5762499570846558,1.600000023841858,1.46651291847229,-0.6769750881984109,-1.0054200770985957,-0.0148943662643432,-0.014894366264343262
2002-06-03,1.600000023841858,1.625,1.5812499523162842,1.625,1.4894269704818726,0.1834754759008498,1.5624855206493926,0.0229140520095825,0.02291405200958252
2002-06-04,1.6162500381469729,1.6174999475479126,1.59375,1.6174999475479126,1.482553005218506,-0.8535938881977329,-0.461517442586834,-0.0068739652633664,-0.006873965263366477
2002-06-05,1.5812499523162842,1.625,1.5812499523162842,1.625,1.4894269704818726,-0.2875079907640087,0.4636573019089596,0.0068739652633664,0.006873965263366477
2002-06-06,1.5924999713897705,1.618749976158142,1.5924999713897705,1.618749976158142,1.483698487281799,-0.7313193343520484,-0.3846098743747195,-0.0057284832000734,-0.005728483200073464
2002-06-07,1.625,1.625,1.5887500047683716,1.6124999523162842,1.4779698848724363,-0.8309504523003839,-0.3861028678311728,-0.0057286024093627,-0.005728602409362793
2002-06-10,1.5824999809265137,1.5950000286102295,1.5824999809265137,1.5950000286102295,1.4619299173355105,-0.9849258164023568,-1.0852702549017268,-0.0160399675369258,-0.016039967536925825
2002-06-11,1.600000023841858,1.600000023841858,1.600000023841858,1.600000023841858,1.46651291847229,-0.9985118779407662,0.313489797454336,0.0045830011367795,0.004583001136779563
2002-06-12,1.6237499713897705,1.6237499713897705,1.6062500476837158,1.6062500476837158,1.4722412824630735,-0.9260528830692496,0.3906112192145539,0.0057283639907834,0.005728363990783469
2002-06-13,1.5812499523162842,1.6100000143051147,1.5787500143051147,1.6100000143051147,1.4756784439086914,-0.785663580505686,0.2334645473238916,0.0034371614456178,0.003437161445617898
2002-06-14,1.6100000143051147,1.6100000143051147,1.6100000143051147,1.6100000143051147,1.4756784439086914,-0.9668110676844776,0.0,0.0,0.0
2002-06-17,1.6100000143051147,1.6100000143051147,1.6100000143051147,1.6100000143051147,1.4756784439086914,-1.0120979394791756,0.0,0.0,0.0
2002-06-18,1.587499976158142,1.6375000476837158,1.587499976158142,1.6375000476837158,1.5008844137191772,-0.8535938881977329,1.708093651061393,0.0252059698104858,0.02520596981048584
2002-06-19,1.59375,1.6337499618530271,1.59375,1.59375,1.4607843160629272,-0.5501718471732567,-2.67176454693685,-0.04010009765625,-0.04010009765625
2002-06-20,1.5724999904632568,1.625,1.5724999904632568,1.5812499523162842,1.449326992034912,-0.7766062061467464,-0.7843268785151403,-0.0114573240280151,-0.011457324028015137
2002-06-21,1.6050000190734863,1.625,1.6050000190734863,1.625,1.4894269704818726,-0.8626512625566725,2.766799946964249,0.0400999784469604,0.04009997844696045
2002-06-24,1.625,1.625,1.5837500095367432,1.59375,1.4607843160629272,-0.3916677958918139,-1.923065379276612,-0.0286426544189453,-0.028642654418945312
2002-06-25,1.625,1.6337499618530271,1.597499966621399,1.600000023841858,1.46651291847229,-0.7494340830699276,0.3921593589396144,0.0057286024093627,0.005728602409362793
2002-06-26,1.597499966621399,1.649999976158142,1.587499976158142,1.625,1.4894269704818726,0.0566722348756956,1.5624855206493926,0.0229140520095825,0.02291405200958252
2002-06-27,1.631250023841858,1.631250023841858,1.621250033378601,1.631250023841858,1.4951558113098145,-0.7222619599931088,0.3846338854793574,0.0057288408279418,0.0057288408279418945
2002-06-28,1.6237499713897705,1.625,1.6124999523162842,1.6137499809265137,1.47911536693573,-0.3509096112765857,-1.0728276111927393,-0.0160404443740844,-0.016040444374084473
2002-07-01,1.625,1.681249976158142,1.6200000047683716,1.662500023841858,1.5237984657287598,-0.6226308420447734,3.0209339847235395,0.0446830987930297,0.044683098793029785
2002-07-02,1.600000023841858,1.6687500476837158,1.600000023841858,1.662500023841858,1.5237984657287598,0.5684138861557823,0.0,0.0,0.0
2002-07-03,1.65625,1.65625,1.6200000047683716,1.6200000047683716,1.484844207763672,-0.9849258164023568,-2.5563917303498385,-0.0389542579650876,-0.03895425796508767
2002-07-05,1.6437499523162842,1.65625,1.618749976158142,1.631250023841858,1.4951558113098145,-0.894352072812961,0.6944569330726402,0.0103116035461423,0.010311603546142356
2002-07-08,1.6699999570846558,1.6699999570846558,1.6162500381469729,1.625,1.4894269704818726,-0.5818726574295453,-0.383160121815207,-0.0057288408279418,-0.0057288408279418945
2002-07-09,1.6299999952316284,1.631250023841858,1.6200000047683716,1.627500057220459,1.4917185306549072,-0.9441676317871288,0.1538551549320477,0.0022915601730346,0.002291560173034668
2002-07-10,1.649999976158142,1.6687500476837158,1.6437499523162842,1.6437499523162842,1.5066128969192505,-0.3554382984560555,0.998470284994335,0.0148943662643432,0.014894366264343262
2002-07-11,1.6799999475479126,1.6799999475479126,1.625,1.6549999713897705,1.5169243812561035,-0.8128357035825047,0.6844149786543241,0.010311484336853,0.010311484336853027
2002-07-12,1.6875,1.6875,1.625,1.631250023841858,1.4951558113098145,0.1019591066703935,-1.4350464805808816,-0.021768569946289,-0.021768569946289062
2002-07-15,1.6437499523162842,1.681249976158142,1.6124999523162842,1.625,1.4894269704818726,0.6680450041041177,-0.383160121815207,-0.0057288408279418,-0.0057288408279418945
2002-07-16,1.6337499618530271,1.6337499618530271,1.6174999475479126,1.6237499713897705,1.4882817268371582,-0.6860324625573505,-0.0768915608090448,-0.0011452436447143,-0.0011452436447143555
2002-07-17,1.6137499809265137,1.625,1.6124999523162842,1.6124999523162842,1.4779698848724363,-0.6950898369162901,-0.6928689493914786,-0.0103118419647219,-0.010311841964721902
2002-07-18,1.6299999952316284,1.6299999952316284,1.556249976158142,1.5750000476837158,1.4435986280441284,-0.2920366779434785,-2.325572204150461,-0.0343712568283078,-0.03437125682830788
2002-07-19,1.568750023841858,1.631250023841858,1.5475000143051147,1.625,1.4894269704818726,-0.785663580505686,3.1745903291578337,0.0458283424377441,0.04582834243774414
2002-07-22,1.5499999523162842,1.5512499809265137,1.5499999523162842,1.5499999523162842,1.4206840991973877,-0.7901922676851557,-4.615390525810382,-0.0687428712844848,-0.06874287128448486
2002-07-23,1.5499999523162842,1.556249976158142,1.4249999523162842,1.4249999523162842,1.3061128854751587,0.0793156707730445,-8.06451017414468,-0.114571213722229,-0.114571213722229
2002-07-24,1.3887499570846558,1.403749942779541,1.375,1.403749942779541,1.2866356372833252,-0.2603358676871899,-1.491237733616546,-0.0194772481918334,-0.019477248191833496
2002-07-25,1.40625,1.40625,1.3887499570846558,1.3887499570846558,1.2728874683380127,-0.8128357035825047,-1.0685363087207134,-0.0137481689453125,-0.0137481689453125
2002-07-26,1.3875000476837158,1.5,1.3875000476837158,1.5,1.3748557567596436,-0.91246682153084,8.010785788846597,0.1019682884216308,0.10196828842163086
2002-07-29,1.524999976158142,1.524999976158142,1.4674999713897705,1.4674999713897705,1.345067024230957,0.8039056194882116,-2.1666805686506807,-0.0297887325286865,-0.029788732528686523
2002-07-30,1.4500000476837158,1.4874999523162842,1.4500000476837158,1.4762500524520874,1.353087067604065,-0.9668110676844776,0.5962560399317862,0.0080200433731079,0.00802004337310791
2002-07-31,1.4424999952316284,1.5175000429153442,1.4387500286102295,1.5175000429153442,1.3908957242965698,-0.8898233856334912,2.7942515746198997,0.0378086566925048,0.03780865669250488
2002-08-01,1.5187499523162842,1.6074999570846558,1.4637500047683716,1.4987499713897705,1.373709797859192,-0.4686554779428004,-1.235601356533722,-0.0171859264373779,-0.01718592643737793
2002-08-02,1.443750023841858,1.465000033378601,1.440000057220459,1.440000057220459,1.319861888885498,-0.1108891907646867,-3.9198897072446615,-0.0538479089736938,-0.05384790897369385
2002-08-05,1.4387500286102295,1.4874999523162842,1.434999942779541,1.4375,1.3175700902938845,-0.785663580505686,-0.1736392732385683,-0.0022917985916135,-0.0022917985916135475
2002-08-06,1.5,1.5299999713897705,1.4375,1.5,1.3748557567596436,-0.8717086369156121,4.347826873709737,0.057285666465759,0.057285666465759055
2002-08-07,1.4500000476837158,1.5700000524520874,1.4500000476837158,1.5700000524520874,1.4390157461166382,-0.1561760625593846,4.666670597373157,0.0641599893569946,0.06415998935699463
2002-08-08,1.4874999523162842,1.6074999570846558,1.4874999523162842,1.59375,1.4607843160629272,-0.8671799497361422,1.512740218794284,0.021768569946289,0.021768569946289062
2002-08-09,1.5,1.625,1.4874999523162842,1.618749976158142,1.483698487281799,0.224233660516078,1.5686211144866125,0.0229141712188718,0.02291417121887185
2002-08-12,1.503749966621399,1.556249976158142,1.503749966621399,1.556249976158142,1.4264131784439087,-0.962282380505008,-3.860980470691156,-0.0572853088378904,-0.0572853088378904
2002-08-13,1.5575000047683716,1.5712499618530271,1.5049999952316284,1.53125,1.4034985303878784,-0.6679177138394713,-1.6064523521177931,-0.0229146480560302,-0.022914648056030273
2002-08-14,1.53125,1.5674999952316284,1.5125000476837158,1.5325000286102295,1.404644250869751,-0.8988807599924308,0.0816331800187919,0.0011457204818725,0.0011457204818725586
2002-08-15,1.5537500381469729,1.6124999523162842,1.4737499952316284,1.503749966621399,1.3782930374145508,-0.8717086369156121,-1.8760062157292532,-0.0263512134552001,-0.026351213455200195
2002-08-16,1.5737500190734863,1.5737500190734863,1.5724999904632568,1.5737500190734863,1.442453145980835,-0.9305815702487192,4.655041186788389,0.0641601085662841,0.06416010856628418
2002-08-19,1.5862499475479126,1.5862499475479126,1.5175000429153442,1.5225000381469729,1.3954784870147705,-0.6724464010189412,-3.256581268996628,-0.0469746589660644,-0.04697465896606445
2002-08-20,1.5225000381469729,1.524999976158142,1.4737499952316284,1.4874999523162842,1.3633986711502075,-0.147118688200445,-2.2988398719917646,-0.0320798158645629,-0.03207981586456299
2002-08-21,1.4762500524520874,1.5,1.441249966621399,1.5,1.3748557567596436,-0.1290039394825659,0.8403327545985162,0.011457085609436,0.011457085609436035
2002-08-22,1.5,1.5499999523162842,1.4424999952316284,1.5,1.3748557567596436,-0.9260528830692496,0.0,0.0,0.0
2002-08-23,1.5525000095367432,1.5625,1.4912500381469729,1.502500057220459,1.3771473169326782,-0.740376708710988,0.1666764067261628,0.0022915601730346,0.002291560173034668
2002-08-26,1.497499942779541,1.497499942779541,1.497499942779541,1.497499942779541,1.3725641965866089,-0.9894545035818266,-0.3327981175083927,-0.0045831203460693,-0.004583120346069336
2002-08-27,1.5625,1.5625,1.4500000476837158,1.4500000476837158,1.3290270566940308,-0.8988807599924308,-3.171956546793908,-0.0435371398925781,-0.043537139892578125
2002-08-28,1.4500000476837158,1.5,1.4500000476837158,1.4924999475479126,1.3679816722869873,-0.9215241958897796,2.931062644417226,0.0389546155929565,0.03895461559295654
2002-08-29,1.4637500047683716,1.506250023841858,1.4637500047683716,1.471250057220459,1.3485044240951538,-0.6045160933268943,-1.4237945278368749,-0.0194772481918334,-0.019477248191833496
2002-08-30,1.5187499523162842,1.5712499618530271,1.4762500524520874,1.5525000095367432,1.4229758977890017,-0.6543316523010619,5.522523498120391,0.0744714736938478,0.07447147369384788
2002-09-03,1.5612499713897705,1.596250057220459,1.4837499856948853,1.5449999570846558,1.416101336479187,-0.4958276010196192,-0.4831115776800065,-0.0068745613098146,-0.006874561309814675
2002-09-04,1.4862500429153442,1.587499976158142,1.4850000143051147,1.587499976158142,1.4550559520721436,-0.7992496420440953,2.7508353102616345,0.0389546155929565,0.03895461559295654
2002-09-05,1.5750000476837158,1.6375000476837158,1.5412499904632568,1.6375000476837158,1.5008844137191772,-0.1290039394825659,3.149601331946683,0.0458284616470336,0.04582846164703369
2002-09-06,1.625,1.683750033378601,1.6074999570846558,1.649999976158142,1.5123414993286133,0.3238647784644134,0.7633556258370033,0.011457085609436,0.011457085609436035
2002-09-09,1.649999976158142,1.6875,1.6449999809265137,1.6749999523162842,1.5352556705474854,0.3238647784644134,1.515145304750587,0.022914171218872,0.02291417121887207
2002-09-10,1.6437499523162842,1.7374999523162842,1.6437499523162842,1.7374999523162842,1.5925410985946655,-0.2376924317898409,3.73132821758293,0.0572854280471801,0.057285428047180176
2002-09-11,1.6875,1.75,1.6775000095367432,1.7062499523162842,1.5638984441757202,-0.9351102574281892,-1.7985504075355374,-0.0286426544189453,-0.028642654418945312
2002-09-12,1.6762499809265137,1.75,1.6762499809265137,1.712499976158142,1.5696269273757937,-0.5411144728143171,0.3662950891349492,0.0057284832000734,0.005728483200073464
2002-09-13,1.747499942779541,1.8125,1.747499942779541,1.8125,1.66128408908844,0.0566722348756956,5.839423375966457,0.0916571617126462,0.09165716171264626
2002-09-16,1.7999999523162842,1.875,1.7999999523162842,1.8737499713897705,1.7174241542816162,-0.0520162574315794,3.3793175749958992,0.0561400651931762,0.05614006519317627
2002-09-17,1.875,1.875,1.7074999809265137,1.7074999809265137,1.5650440454483032,0.3057500297465342,-8.872596117471765,-0.152380108833313,-0.152380108833313
2002-09-18,1.7062499523162842,1.712499976158142,1.7012499570846558,1.712499976158142,1.5696269273757937,-0.8535938881977329,0.2928276645516092,0.0045828819274904,0.004582881927490456
2002-09-19,1.75,1.75,1.6437499523162842,1.649999976158142,1.5123414993286133,-0.91246682153084,-3.649620623096339,-0.0572854280471804,-0.0572854280471804
2002-09-20,1.649999976158142,1.649999976158142,1.587499976158142,1.622499942779541,1.487135410308838,-0.91246682153084,-1.66669294143984,-0.0252060890197753,-0.02520608901977539
2002-09-23,1.59375,1.59375,1.59375,1.59375,1.4607843160629272,-1.003040565120236,-1.7719364398994577,-0.0263510942459106,-0.026351094245910645
2002-09-24,1.59375,1.59375,1.5,1.502500057220459,1.3771473169326782,-0.2014629343540826,-5.725485837338773,-0.083636999130249,-0.08363699913024902
2002-09-25,1.5049999952316284,1.621250033378601,1.5049999952316284,1.6124999523162842,1.4779698848724363,-0.7766062061467464,7.321117116527542,0.100822567939758,0.10082256793975808
2002-09-26,1.6174999475479126,1.618749976158142,1.6174999475479126,1.618749976158142,1.483698487281799,-0.8535938881977329,0.3875994002311644,0.0057286024093627,0.005728602409362793
2002-09-27,1.6062500476837158,1.625,1.6062500476837158,1.625,1.4894269704818726,-0.6498029651215922,0.3860948332277569,0.0057284832000734,0.005728483200073464
2002-09-30,1.5824999809265137,1.625,1.5762499570846558,1.5762499570846558,1.444744348526001,-0.9758684420434172,-2.999987434188567,-0.0446826219558715,-0.04468262195587158
2002-10-01,1.6237499713897705,1.662500023841858,1.6237499713897705,1.662500023841858,1.5237984657287598,-0.5411144728143171,5.471841248828113,0.0790541172027587,0.07905411720275879
2002-10-02,1.6612499952316284,1.662500023841858,1.649999976158142,1.662500023841858,1.5237984657287598,-0.9034094471719006,0.0,0.0,0.0
2002-10-03,1.6675000190734863,1.75,1.6675000190734863,1.75,1.6039984226226809,-0.8671799497361422,5.263160365210462,0.0801999568939211,0.08019995689392112
2002-10-04,1.78125,1.825000047683716,1.75,1.8125,1.66128408908844,-0.5184710369169682,3.571429102286272,0.057285666465759,0.057285666465759055
2002-10-07,1.818750023841858,1.84375,1.818750023841858,1.826249957084656,1.673886775970459,-0.8898233856334912,0.7586111830478304,0.012602686882019,0.012602686882019043
2002-10-08,1.8125,1.8125,1.7612500190734863,1.7699999809265137,1.6223297119140625,-0.2467498061487805,-3.0800807316555545,-0.0515570640563964,-0.051557064056396484
2002-10-09,1.7699999809265137,1.7699999809265137,1.7312500476837158,1.7575000524520874,1.610873103141785,-0.7313193343520484,-0.7061825156836288,-0.0114566087722776,-0.01145660877227761
2002-10-10,1.7512500286102295,1.7737499475479126,1.7512500286102295,1.7737499475479126,1.6257668733596802,-0.9849258164023568,0.9245774970633612,0.0148937702178952,0.014893770217895286
2002-10-11,1.774999976158142,1.7999999523162842,1.693750023841858,1.7374999523162842,1.5925410985946655,-0.4595981035838608,-2.04369859599568,-0.0332257747650146,-0.03322577476501465
2002-10-14,1.75,1.78125,1.75,1.7637499570846558,1.6166012287139893,-0.4912989138401494,1.5108012057306164,0.0240601301193237,0.02406013011932373
2002-10-15,1.787500023841858,1.787500023841858,1.756250023841858,1.7649999856948853,1.6177469491958618,-0.740376708710988,0.0708721768561293,0.0011457204818725,0.0011457204818725586
2002-10-16,1.71875,1.7237499952316284,1.6387499570846558,1.7062499523162842,1.5638984441757202,-0.5547005343527265,-3.3286111308637123,-0.0538485050201416,-0.0538485050201416
2002-10-17,1.6737500429153442,1.693750023841858,1.6549999713897705,1.6549999713897705,1.5169243812561035,-0.6724464010189412,-3.003651745710078,-0.0469740629196167,-0.0469740629196167
2002-10-18,1.6612499952316284,1.6687500476837158,1.6074999570846558,1.6237499713897705,1.4882817268371582,-0.6588603394805318,-1.8882058178290693,-0.0286426544189453,-0.028642654418945312
2002-10-21,1.628749966621399,1.6299999952316284,1.5987499952316284,1.6037499904632568,1.4699501991271973,-0.8354791394798537,-1.2317243018845958,-0.0183315277099609,-0.018331527709960938
2002-10-22,1.5924999713897705,1.5924999713897705,1.5549999475479126,1.5612499713897705,1.4309959411621094,-0.8490652010182631,-2.6500392998495825,-0.0389542579650878,-0.03895425796508789
2002-10-23,1.5625,1.5812499523162842,1.5325000286102295,1.568750023841858,1.437869906425476,-0.5456431599937869,0.480362317295202,0.0068739652633666,0.006873965263366699
2002-10-24,1.5812499523162842,1.65625,1.5812499523162842,1.65625,1.5180699825286863,0.047614860516756,5.57770044040955,0.0802000761032102,0.08020007610321023
2002-10-25,1.65625,1.65625,1.6325000524520874,1.65625,1.5180699825286863,-0.9305815702487192,0.0,0.0,0.0
2002-10-28,1.625,1.625,1.59375,1.59375,1.4607843160629272,-0.5592292215321963,-3.7735853501520977,-0.057285666465759,-0.057285666465759055
2002-10-29,1.5950000286102295,1.5950000286102295,1.5750000476837158,1.5750000476837158,1.4435986280441284,-0.500356288199089,-1.1764699161829206,-0.0171856880187988,-0.017185688018798828
2002-10-30,1.5750000476837158,1.5762499570846558,1.5750000476837158,1.5750000476837158,1.4435986280441284,-0.894352072812961,0.0,0.0,0.0
2002-10-31,1.625,1.625,1.5750000476837158,1.5812499523162842,1.449326992034912,-0.9668110676844776,0.3968114044653026,0.0057283639907836,0.005728363990783691
2002-11-01,1.5812499523162842,1.625,1.5812499523162842,1.625,1.4894269704818726,-0.6996185240957599,2.766799946964249,0.0400999784469604,0.04009997844696045
2002-11-04,1.625,1.625,1.5774999856948853,1.6237499713897705,1.4882817268371582,-0.9351102574281892,-0.0768915608090448,-0.0011452436447143,-0.0011452436447143555
2002-11-05,1.621250033378601,1.625,1.600000023841858,1.618749976158142,1.483698487281799,-0.7992496420440953,-0.3079551050525375,-0.0045832395553591,-0.004583239555359109
2002-11-06,1.618749976158142,1.625,1.5750000476837158,1.6237499713897705,1.4882817268371582,-0.8581225753772027,0.3089063980752371,0.0045832395553591,0.004583239555359109
2002-11-07,1.618749976158142,1.625,1.6174999475479126,1.625,1.4894269704818726,-0.4233686061481025,0.0769507294259508,0.0011452436447143,0.0011452436447143555
2002-11-08,1.5787500143051147,1.5787500143051147,1.5750000476837158,1.5750000476837158,1.4435986280441284,-0.8309504523003839,-3.0769110098038177,-0.0458283424377441,-0.04582834243774414
2002-11-11,1.5774999856948853,1.6124999523162842,1.5774999856948853,1.600000023841858,1.46651291847229,-0.9215241958897796,1.587303422365216,0.0229142904281616,0.02291429042816162
2002-11-12,1.5737500190734863,1.618749976158142,1.5737500190734863,1.59375,1.4607843160629272,-0.8535938881977329,-0.3906274767310203,-0.0057286024093627,-0.005728602409362793
2002-11-13,1.5887500047683716,1.6112500429153442,1.5750000476837158,1.6112500429153442,1.4768245220184326,-0.6860324625573505,1.098054365666834,0.0160402059555053,0.01604020595550537
2002-11-14,1.618749976158142,1.618749976158142,1.5750000476837158,1.5750000476837158,1.4435986280441284,-0.740376708710988,-2.2498200347386588,-0.0332258939743042,-0.0332258939743042
2002-11-15,1.591249942779541,1.5950000286102295,1.591249942779541,1.59375,1.4607843160629272,-0.8717086369156121,1.1904755023273372,0.0171856880187988,0.017185688018798828
2002-11-18,1.59375,1.618749976158142,1.59375,1.618749976158142,1.483698487281799,-0.9849258164023568,1.5686211144866125,0.0229141712188718,0.02291417121887185
2002-11-19,1.6024999618530271,1.618749976158142,1.59375,1.59375,1.4607843160629272,-0.939638944607659,-1.5443954021178263,-0.0229141712188718,-0.02291417121887185
2002-11-20,1.5950000286102295,1.5950000286102295,1.5187499523162842,1.5499999523162842,1.4206840991973877,-0.5229997240964379,-2.7451155125772897,-0.0401002168655395,-0.04010021686553955
2002-11-21,1.568750023841858,1.5774999856948853,1.568750023841858,1.5750000476837158,1.4435986280441284,-0.5773439702500754,1.6129221731760346,0.0229145288467407,0.022914528846740723
2002-11-22,1.5575000047683716,1.6062500476837158,1.5575000047683716,1.600000023841858,1.46651291847229,-0.6950898369162901,1.587303422365216,0.0229142904281616,0.02291429042816162
2002-11-25,1.6237499713897705,1.625,1.6037499904632568,1.6037499904632568,1.4699501991271973,-0.5682865958911358,0.2343846147968342,0.0034372806549072,0.0034372806549072266
2002-11-26,1.6137499809265137,1.6174999475479126,1.6062500476837158,1.6174999475479126,1.482553005218506,-0.8988807599924308,0.8573627935689165,0.0126028060913088,0.012602806091308816
2002-11-27,1.625,1.6637500524520874,1.59375,1.59375,1.4607843160629272,-0.3735530471739348,-1.468324510419139,-0.0217686891555788,-0.021768689155578835
2002-11-29,1.59375,1.6137499809265137,1.59375,1.6137499809265137,1.47911536693573,-0.8264217651209141,1.2548773060631069,0.0183310508728027,0.018331050872802734
2002-12-02,1.618749976158142,1.7337499856948853,1.618749976158142,1.7337499856948853,1.5891042947769165,-0.3192088010202972,7.436129074167463,0.1099889278411865,0.10998892784118652
2002-12-03,1.6962499618530271,1.7237499952316284,1.6799999475479126,1.7237499952316284,1.579938292503357,-0.4460120420454515,-0.5768030647004374,-0.0091660022735595,-0.00916600227355957
2002-12-04,1.7000000476837158,1.7000000476837158,1.6875,1.6887500286102295,1.5478582382202148,-0.8671799497361422,-2.030462482956364,-0.032080054283142,-0.03208005428314209
2002-12-05,1.6875,1.7512500286102295,1.6875,1.7512500286102295,1.6051437854766846,-0.2693932420461295,3.7009556716472094,0.0572855472564697,0.05728554725646973
2002-12-06,1.75,1.7625000476837158,1.7387499809265137,1.75,1.6039984226226809,0.2921639682081249,-0.0713557791125585,-0.0011453628540036,-0.0011453628540036842
2002-12-09,1.774999976158142,1.774999976158142,1.75,1.75,1.6039984226226809,-0.4414833548659816,0.0,0.0,0.0
2002-12-10,1.75,1.7999999523162842,1.75,1.778749942779541,1.6303497552871704,-0.586401344609015,1.6428527792067715,0.0263513326644895,0.026351332664489524
2002-12-11,1.787500023841858,1.787500023841858,1.75,1.78125,1.6326411962509155,-0.4686554779428004,0.1405490420883115,0.0022914409637451,0.002291440963745117
2002-12-12,1.7912499904632568,1.8125,1.78125,1.8125,1.66128408908844,-0.0791883805083981,1.75438993596988,0.0286428928375244,0.028642892837524414
2002-12-13,1.7999999523162842,1.8174999952316284,1.7999999523162842,1.8174999952316284,1.6658672094345093,-0.9985118779407662,0.275878182194833,0.0045831203460693,0.004583120346069336
2002-12-16,1.8125,1.875,1.8125,1.8537499904632568,1.6990927457809448,-0.346380924097116,1.994488885924728,0.0332255363464355,0.03322553634643555
2002-12-17,1.8737499713897705,1.875,1.7862499952316284,1.8125,1.66128408908844,0.070258296414105,-2.225226185350293,-0.0378086566925048,-0.03780865669250488
2002-12-18,1.8362499475479128,1.8975000381469729,1.8324999809265137,1.862499952316284,1.7071123123168943,-0.346380924097116,2.758602428655088,0.0458282232284543,0.04582822322845437
2002-12-19,1.8737499713897705,1.8762500286102293,1.847499966621399,1.861250042915344,1.7059667110443115,-0.2965653651229483,-0.0671075514081409,-0.0011456012725827,-0.0011456012725827858
2002-12-20,1.8487499952316284,1.875,1.84375,1.8674999475479128,1.711695671081543,-0.6407455907626526,0.3358189817036061,0.0057289600372314,0.005728960037231445
2002-12-23,1.862499952316284,1.882500052452088,1.8112499713897705,1.8112499713897705,1.6601381301879885,-0.9079381343513704,-3.012074036559176,-0.0515575408935544,-0.051557540893554465
2002-12-24,1.875,1.90625,1.8137500286102293,1.841249942779541,1.6876351833343506,-0.6860324625573505,1.6563111614843915,0.027497053146362,0.027497053146362083
2002-12-26,1.84375,1.893749952316284,1.7949999570846558,1.7949999570846558,1.6452441215515137,-0.7947209548646256,-2.5118616986333886,-0.0423910617828369,-0.042391061782836914
2002-12-27,1.7937500476837158,1.8237500190734863,1.7937500476837158,1.8012499809265137,1.6509727239608765,-0.962282380505008,0.348191635169659,0.0057286024093627,0.005728602409362793
2002-12-30,1.7999999523162842,1.808750033378601,1.7825000286102295,1.7825000286102295,1.6337870359420776,-0.9486963189665986,-1.040943182729781,-0.0171856880187988,-0.017185688018798828
2002-12-31,1.783750057220459,1.8350000381469729,1.7825000286102295,1.8350000381469729,1.6819069385528564,-0.9305815702487192,2.9452983499181684,0.0481199026107788,0.04811990261077881
2003-01-02,1.862499952316284,1.902500033378601,1.8324999809265137,1.856250047683716,1.7013843059539795,-0.8309504523003839,1.1580526219769238,0.019477367401123,0.019477367401123047
2003-01-03,1.887500047683716,1.9375,1.826249957084656,1.8762500286102293,1.7197154760360718,-0.6679177138394713,1.0774267764162682,0.0183311700820922,0.018331170082092285
2003-01-06,1.8762500286102293,2.0,1.8762500286102293,1.90625,1.747212529182434,1.216016152819963,1.5989303771192898,0.0274970531463623,0.027497053146362305
2003-01-07,1.901250004768372,1.932500004768372,1.8862500190734863,1.8862500190734863,1.7288814783096311,-0.7539627702493974,-1.049159765433949,-0.0183310508728029,-0.018331050872802956
2003-01-08,1.902500033378601,1.912500023841858,1.8650000095367432,1.892500042915344,1.7346097230911257,-0.6181021548653036,0.3313266324707964,0.0057282447814945,0.005728244781494585
2003-01-09,1.90625,1.90625,1.877500057220459,1.887500047683716,1.7300270795822144,-0.8264217651209141,-0.2641887364003059,-0.0045826435089113,-0.004582643508911355
2003-01-10,1.8849999904632568,1.899999976158142,1.881250023841858,1.881250023841858,1.7242984771728516,-0.8717086369156121,-0.3311279041219528,-0.0057286024093627,-0.005728602409362793
2003-01-13,1.8762500286102293,1.8762500286102293,1.8324999809265137,1.8324999809265137,1.679615497589111,-0.9079381343513704,-2.5913715157367845,-0.0446829795837404,-0.044682979583740456
2003-01-14,1.8337500095367432,1.84375,1.831249952316284,1.84375,1.6899266242980957,-0.8128357035825047,0.6138980453434195,0.0103111267089845,0.010311126708984597
2003-01-15,1.837499976158142,1.837499976158142,1.8125,1.8125,1.66128408908844,-0.9486963189665986,-1.6948981569866906,-0.0286425352096557,-0.02864253520965576
2003-01-16,1.8125,1.8125,1.8049999475479128,1.8049999475479128,1.654409885406494,-0.939638944607659,-0.4137885703653476,-0.006874203681946,-0.006874203681946023
2003-01-17,1.7999999523162842,1.8362499475479128,1.7999999523162842,1.8362499475479128,1.6830527782440186,-0.9668110676844776,1.7313057114916264,0.0286428928375246,0.028642892837524636
2003-01-21,1.84375,1.8550000190734863,1.84375,1.8550000190734863,1.700238585472107,-0.9894545035818266,1.021109227841266,0.0171858072280883,0.01718580722808838
2003-01-22,1.8550000190734863,1.8550000190734863,1.815000057220459,1.815000057220459,1.663575530052185,-0.8852946984540214,-2.1563476875065546,-0.0366630554199218,-0.036663055419921875
2003-01-23,1.816249966621399,1.8337500095367432,1.816249966621399,1.8224999904632568,1.6704497337341309,-0.9713397548639476,0.4132186100218815,0.0068742036819458,0.006874203681945801
2003-01-24,1.826249957084656,1.826249957084656,1.816249966621399,1.820000052452088,1.6681582927703855,-0.8309504523003839,-0.1371750922802728,-0.0022914409637453,-0.0022914409637453392
2003-01-27,1.816249966621399,1.837499976158142,1.815000057220459,1.8274999856948853,1.675032615661621,-0.6045160933268943,0.412090562450107,0.0068743228912355,0.006874322891235574
2003-01-28,1.8424999713897705,1.8650000095367432,1.820000052452088,1.84375,1.6899266242980957,-0.6769750881984109,0.8891772313694091,0.0148940086364746,0.01489400863647461
2003-01-29,1.875,1.875,1.830000042915344,1.868749976158142,1.7128410339355469,-0.9079381343513704,1.3559410987425968,0.0229144096374511,0.022914409637451172
2003-01-30,1.84375,1.84375,1.815000057220459,1.831249952316284,1.6784695386886597,1.410749701537164,-2.006694991882163,-0.0343714952468872,-0.03437149524688721
2003-02-03,1.8174999952316284,1.818750023841858,1.7987500429153442,1.8174999952316284,1.6658672094345093,1.2703603989736003,-0.7508226371505167,-0.0126023292541503,-0.01260232925415039
2003-02-04,1.7987500429153442,1.7987500429153442,1.743749976158142,1.743749976158142,1.5982697010040283,-0.5365857856348473,-4.0577969268887575,-0.0675975084304809,-0.06759750843048096
2003-02-05,1.747499942779541,1.75,1.743749976158142,1.747499942779541,1.601706862449646,0.0385574861578164,0.215055158929589,0.0034371614456176,0.0034371614456176758
2003-02-06,1.747499942779541,1.747499942779541,1.712499976158142,1.712499976158142,1.5696269273757937,-0.740376708710988,-2.0028593137691453,-0.0320799350738523,-0.03207993507385232
2003-02-07,1.7074999809265137,1.7400000095367432,1.7074999809265137,1.722499966621399,1.5787928104400637,-0.8852946984540214,0.5839529702509783,0.00916588306427,0.00916588306427002
2003-02-10,1.7074999809265137,1.7400000095367432,1.6799999475479126,1.71875,1.5753555297851562,-0.1154178779441565,-0.2177157529587026,-0.0034372806549074,-0.0034372806549074486
2003-02-11,1.7237499952316284,1.7237499952316284,1.7237499952316284,1.7237499952316284,1.579938292503357,-1.003040565120236,0.2909033949197281,0.0045827627182006,0.004582762718200684
2003-02-12,1.691249966621399,1.7012499570846558,1.691249966621399,1.7012499570846558,1.559315800666809,-0.9939831907612964,-1.3052719802032375,-0.0206224918365478,-0.02062249183654785
2003-02-13,1.6987500190734863,1.6987500190734863,1.6887500286102295,1.691249966621399,1.550149917602539,-0.7901922676851557,-0.5878144158066312,-0.00916588306427,-0.00916588306427002
2003-02-14,1.6875,1.7587499618530271,1.6875,1.7324999570846558,1.5879582166671753,-0.8535938881977329,2.4390091974530126,0.0378082990646362,0.03780829906463623
2003-02-18,1.716249942779541,1.716249942779541,1.715000033378601,1.715000033378601,1.5719187259674072,-0.9985118779407662,-1.0100700718329914,-0.016039490699768,-0.016039490699768066
2003-02-19,1.7174999713897705,1.7174999713897705,1.6862499713897705,1.6862499713897705,1.5455670356750488,-0.6045160933268943,-1.6764028481269455,-0.0263516902923584,-0.0263516902923584
2003-02-20,1.7112499475479126,1.71875,1.6887500286102295,1.712499976158142,1.5696269273757937,-0.6905611497368203,1.556703212826771,0.0240598917007448,0.02405989170074485
2003-02-21,1.6887500286102295,1.6887500286102295,1.6875,1.6887500286102295,1.5478582382202148,-0.9486963189665986,-1.3868702668074828,-0.0217686891555788,-0.021768689155578835
2003-02-24,1.6887500286102295,1.7050000429153442,1.6887500286102295,1.7050000429153442,1.5627528429031372,-0.9894545035818266,0.9622718873821824,0.0148946046829223,0.014894604682922363
2003-02-25,1.712499976158142,1.712499976158142,1.6887500286102295,1.712499976158142,1.5696269273757937,-0.894352072812961,0.4398702266883436,0.0068740844726564,0.006874084472656472
2003-02-26,1.7112499475479126,1.712499976158142,1.6962499618530271,1.6962499618530271,1.5547324419021606,-0.8445365138387932,-0.948918829937162,-0.014894485473633,-0.014894485473633035
2003-02-27,1.6887500286102295,1.7400000095367432,1.6875,1.71875,1.5753555297851562,-0.4867702266606796,1.3264718305976864,0.0206230878829956,0.020623087882995605
2003-02-28,1.6950000524520874,1.7575000524520874,1.6950000524520874,1.75,1.6039984226226809,3.5437613630674365,1.8181859457103489,0.0286428928375246,0.028642892837524636
2003-03-03,1.7374999523162842,1.7625000476837158,1.722499966621399,1.7625000476837158,1.6154558658599854,-0.8173643907619745,0.7143051436777847,0.0114574432373044,0.011457443237304465
2003-03-04,1.7625000476837158,1.888749957084656,1.7612500190734863,1.850000023841858,1.6956557035446167,0.7993769323087417,4.964532883845574,0.0801998376846313,0.08019983768463135
2003-03-05,1.870000004768372,1.8737499713897705,1.831249952316284,1.856250047683716,1.7013843059539795,-0.609044780506364,0.3378399516710706,0.0057286024093627,0.005728602409362793
2003-03-06,1.8362499475479128,1.837499976158142,1.826249957084656,1.8362499475479128,1.6830527782440186,-0.369024359994465,-1.0774477962333329,-0.0183315277099609,-0.018331527709960938
2003-03-07,1.825000047683716,1.825000047683716,1.7324999570846558,1.7637499570846558,1.6166012287139893,0.2876352810286551,-3.948274848478628,-0.0664515495300293,-0.0664515495300293
2003-03-10,1.7712500095367432,1.7712500095367432,1.649999976158142,1.6675000190734863,1.5283814668655396,0.3646229630796416,-5.457113373508249,-0.0882197618484497,-0.08821976184844971
2003-03-11,1.6637500524520874,1.7100000381469729,1.6487499475479126,1.6649999618530271,1.5260896682739258,4.096261198962751,-0.1499493837957777,-0.0022917985916137,-0.0022917985916137695
2003-03-12,1.6687500476837158,1.6787500381469729,1.6612499952316284,1.6649999618530271,1.5260896682739258,-0.6679177138394713,0.0,0.0,0.0
2003-03-13,1.6512500047683716,1.6799999475479126,1.6512500047683716,1.662500023841858,1.5237984657287598,0.7495613733345741,-0.1501355125323344,-0.002291202545166,-0.0022912025451660156
2003-03-14,1.6737500429153442,1.6737500429153442,1.6387499570846558,1.6449999809265137,1.5077584981918335,-0.8173643907619745,-1.052630508408814,-0.0160399675369262,-0.01603996753692627
2003-03-17,1.6399999856948853,1.6875,1.625,1.6875,1.5467127561569214,-0.4912989138401494,2.5835873591031566,0.0389542579650878,0.03895425796508789
2003-03-18,1.6749999523162842,1.6749999523162842,1.6699999570846558,1.6749999523162842,1.5352556705474854,-0.9260528830692496,-0.7407377720154873,-0.011457085609436,-0.011457085609436035
2003-03-19,1.6649999618530271,1.6649999618530271,1.6112500429153442,1.662500023841858,1.5237984657287598,1.6100119374338346,-0.7462734083007683,-0.0114572048187255,-0.011457204818725586
2003-03-20,1.6575000286102295,1.6575000286102295,1.600000023841858,1.6462500095367432,1.508904218673706,-0.8898233856334912,-0.9774420561534324,-0.0148942470550537,-0.014894247055053711
2003-03-21,1.65625,1.65625,1.5800000429153442,1.6387499570846558,1.5020300149917605,-0.5184710369169682,-0.4555758806206955,-0.0068742036819455,-0.006874203681945579
2003-03-24,1.506250023841858,1.6775000095367432,1.506250023841858,1.622499942779541,1.487135410308838,-0.4369546676865118,-0.9916316274814484,-0.0148946046829225,-0.014894604682922585
2003-03-25,1.6399999856948853,1.649999976158142,1.6200000047683716,1.622499942779541,1.487135410308838,-0.6498029651215922,0.0,0.0,0.0
2003-03-26,1.621250033378601,1.6262500286102295,1.618749976158142,1.6200000047683716,1.484844207763672,-0.6588603394805318,-0.1540681856731507,-0.0022912025451657,-0.0022912025451657936
2003-03-27,1.6200000047683716,1.625,1.618749976158142,1.622499942779541,1.487135410308838,-0.9079381343513704,0.1543059220075804,0.0022912025451657,0.0022912025451657936
2003-03-28,1.618749976158142,1.6449999809265137,1.618749976158142,1.6449999809265137,1.5077584981918335,-0.6452742779421223,1.3867659757165418,0.0206230878829956,0.020623087882995605
2003-03-31,1.6425000429153442,1.6437499523162842,1.627500057220459,1.6437499523162842,1.5066128969192505,-0.8898233856334912,-0.0759804221934001,-0.001145601272583,-0.0011456012725830078
2003-04-01,1.631250023841858,1.662500023841858,1.6262500286102295,1.6449999809265137,1.5077584981918335,2.610851804096659,0.0760381963359924,0.001145601272583,0.0011456012725830078
2003-04-02,1.6725000143051147,1.7512500286102295,1.6725000143051147,1.75,1.6039984226226809,-0.4822415394812098,6.382980069173039,0.0962399244308473,0.09623992443084739
2003-04-03,1.75,1.75,1.747499942779541,1.747499942779541,1.601706862449646,-0.7539627702493974,-0.1428654879403135,-0.0022915601730348,-0.00229156017303489
2003-04-04,1.7274999618530271,1.7274999618530271,1.683750033378601,1.683750033378601,1.5432754755020142,-0.8309504523003839,-3.648069963205813,-0.0584313869476318,-0.058431386947631836
2003-04-07,1.6924999952316284,1.7487499713897705,1.6924999952316284,1.7062499523162842,1.5638984441757202,-0.7947209548646256,1.3363115659566605,0.020622968673706,0.020622968673706055
2003-04-08,1.722499966621399,1.75,1.6462500095367432,1.6662499904632568,1.527235746383667,-0.1108891907646867,-2.3443144872093646,-0.0366626977920532,-0.03666269779205322
2003-04-09,1.6437499523162842,1.6712499856948853,1.625,1.631250023841858,1.4951558113098145,-0.7449053958904578,-2.1005228007407784,-0.0320799350738525,-0.03207993507385254
2003-04-10,1.6475000381469729,1.6875,1.6137499809265137,1.6637500524520874,1.524944305419922,0.0521435476962258,1.9923337678105837,0.0297884941101076,0.029788494110107644
2003-04-11,1.6375000476837158,1.6375000476837158,1.6200000047683716,1.625,1.4894269704818726,1.5466103169212575,-2.329090630511199,-0.0355173349380495,-0.03551733493804954
2003-04-14,1.6299999952316284,1.6299999952316284,1.6124999523162842,1.625,1.4894269704818726,-0.7041472112752297,0.0,0.0,0.0
2003-04-15,1.625,1.625,1.6237499713897705,1.6237499713897705,1.4882817268371582,-0.8671799497361422,-0.0768915608090448,-0.0011452436447143,-0.0011452436447143555
2003-04-16,1.6362500190734863,1.6362500190734863,1.6124999523162842,1.6124999523162842,1.4779698848724363,-0.9577536933255382,-0.6928689493914786,-0.0103118419647219,-0.010311841964721902
2003-04-17,1.625,1.625,1.6124999523162842,1.6124999523162842,1.4779698848724363,-0.91699550871031,0.0,0.0,0.0
2003-04-21,1.6237499713897705,1.6262500286102295,1.6174999475479126,1.618749976158142,1.483698487281799,-0.8762373240950818,0.3875994002311644,0.0057286024093627,0.005728602409362793
2003-04-22,1.622499942779541,1.8125,1.618749976158142,1.778749942779541,1.6303497552871704,2.0266511579450555,9.884169139650666,0.1466512680053713,0.14665126800537132
2003-04-23,1.774999976158142,1.8125,1.75,1.7625000476837158,1.6154558658599854,2.7602984810191624,-0.9135395260363444,-0.014893889427185,-0.014893889427185059
2003-04-24,1.7737499475479126,1.774999976158142,1.7400000095367432,1.752500057220459,1.606289982795715,2.678782111788706,-0.5673867827636903,-0.0091658830642702,-0.009165883064270242
2003-04-25,1.75,1.75,1.7374999523162842,1.747499942779541,1.601706862449646,-0.631688216403713,-0.2853233472882799,-0.0045831203460691,-0.004583120346069114
2003-04-28,1.746250033378601,1.7599999904632568,1.7387499809265137,1.746250033378601,1.600561261177063,1.8998479169199012,-0.0715237787538014,-0.001145601272583,-0.0011456012725830078
2003-04-29,1.7575000524520874,1.7575000524520874,1.7337499856948853,1.7374999523162842,1.5925410985946655,-0.1290039394825659,-0.501084386891848,-0.0080201625823974,-0.008020162582397461
2003-04-30,1.75,1.7712500095367432,1.7300000190734863,1.7387499809265137,1.593686819076538,3.2176958861456115,0.0719429145586092,0.0011457204818725,0.0011457204818725586
2003-05-01,1.7387499809265137,1.756250023841858,1.7237499952316284,1.756250023841858,1.609727144241333,0.2287623476955478,1.0064916753273812,0.0160403251647949,0.016040325164794922
2003-05-02,1.75,1.7987500429153442,1.743749976158142,1.7987500429153442,1.6486812829971311,0.6997458143604063,2.4199218417328305,0.0389541387557981,0.03895413875579812
2003-05-05,1.8049999475479128,1.8049999475479128,1.75,1.78125,1.6326411962509155,-0.1607047497388544,-0.9729040361916684,-0.0160400867462156,-0.0160400867462156
2003-05-06,1.7762500047683716,1.7949999570846558,1.774999976158142,1.7937500476837158,1.6440985202789309,-0.2739219292255992,0.7017661966588262,0.0114573240280153,0.011457324028015359
2003-05-07,1.787500023841858,1.8362499475479128,1.787500023841858,1.8350000381469729,1.6819069385528564,0.5276557015405542,2.2996443222581986,0.0378084182739255,0.03780841827392556
2003-05-08,1.8350000381469729,1.8674999475479128,1.8350000381469729,1.8674999475479128,1.711695671081543,0.1246025425677425,1.7711284641180658,0.0297887325286865,0.029788732528686523
2003-05-09,1.887500047683716,1.962499976158142,1.8537499904632568,1.941249966621399,1.7792922258377075,1.8998479169199012,3.949098890543623,0.0675965547561645,0.06759655475616455
2003-05-12,1.893749952316284,1.962499976158142,1.875,1.9375,1.7758554220199585,1.5918971887159554,-0.1931556698692937,-0.003436803817749,-0.0034368038177490234
2003-05-13,1.924999952316284,1.9375,1.84375,1.892500042915344,1.7346097230911257,0.4008524605153999,-2.3225820310257883,-0.0412456989288327,-0.041245698928832786
2003-05-14,1.90625,1.9375,1.8450000286102293,1.9299999475479128,1.7689807415008545,-0.3735530471739348,1.9814842469854543,0.0343710184097287,0.03437101840972878
2003-05-15,1.9299999475479128,1.9375,1.8799999952316284,1.9362499713897705,1.7747095823287964,-0.3916677958918139,0.3238498132592138,0.0057288408279418,0.0057288408279418945
2003-05-16,1.9387500286102293,1.950000047683716,1.8987499475479128,1.9375,1.7758554220199585,-0.5501718471732567,0.0645649126240988,0.0011458396911621,0.0011458396911621094
2003-05-19,1.9175000190734863,1.943750023841858,1.888749957084656,1.914999961853028,1.7552326917648315,-0.7494340830699276,-1.1612843027316688,-0.0206227302551269,-0.020622730255126953
2003-05-20,1.899999976158142,1.912500023841858,1.84375,1.875,1.7185699939727783,-0.323737488199767,-2.088765664180403,-0.0366626977920532,-0.03666269779205322
2003-05-21,1.8849999904632568,1.912500023841858,1.847499966621399,1.8587499856948853,1.7036752700805664,-0.7539627702493974,-0.8666928867866575,-0.0148947238922119,-0.014894723892211914
2003-05-22,1.8424999713897705,1.8424999713897705,1.8125,1.816249966621399,1.6647210121154783,-0.7313193343520484,-2.286483736025935,-0.0389542579650881,-0.03895425796508811
2003-05-23,1.8125,1.923750042915344,1.7975000143051147,1.901250004768372,1.7426297664642334,0.0340287989783466,4.679988645650068,0.0779087543487551,0.0779087543487551
2003-05-27,1.912500023841858,1.9362499713897705,1.893749952316284,1.9049999713897705,1.7460665702819824,0.2649918451313061,0.1972193912836761,0.003436803817749,0.0034368038177490234
2003-05-28,1.892500042915344,1.909999966621399,1.856250047683716,1.909999966621399,1.7506496906280518,-0.301094052302418,0.2624825664767849,0.0045831203460693,0.004583120346069336
2003-05-29,1.90625,1.90625,1.850000023841858,1.875,1.7185699939727783,-0.6860324625573505,-1.8324452245934373,-0.0320796966552734,-0.03207969665527344
2003-05-30,1.871250033378601,2.0,1.8350000381469729,1.9912500381469729,1.825121283531189,1.3971636399987546,6.1999970866533305,0.1065512895584106,0.10655128955841064
2003-06-02,1.9375,2.0,1.846250057220459,1.9049999713897705,1.7460665702819824,0.3917950861564603,-4.331477253733729,-0.0790547132492065,-0.07905471324920654
2003-06-03,1.941249966621399,1.941249966621399,1.8487499952316284,1.8975000381469729,1.7391927242279053,-0.2105203087130222,-0.393676058580461,-0.0068738460540771,-0.0068738460540771484
2003-06-04,1.899999976158142,1.9212499856948853,1.878749966621399,1.9212499856948853,1.7609609365463257,-0.3282661753792368,1.2516273794834332,0.0217682123184204,0.02176821231842041
2003-06-05,1.881250023841858,1.919999957084656,1.881250023841858,1.9075000286102293,1.7483582496643066,-0.4867702266606796,-0.7156710078269013,-0.012602686882019,-0.012602686882019043
2003-06-06,1.899999976158142,1.912500023841858,1.899999976158142,1.899999976158142,1.7414839267730713,-0.8037783292235652,-0.3931873168760091,-0.0068743228912353,-0.0068743228912353516
2003-06-09,1.90625,1.955000042915344,1.899999976158142,1.9262499809265137,1.765543818473816,-0.5637579087116661,1.381574146671971,0.0240598917007446,0.02405989170074463
2003-06-10,1.9262499809265137,2.0487499237060547,1.902500033378601,2.0487499237060547,1.877823829650879,1.0529834143590502,6.359514275557365,0.1122800111770629,0.11228001117706299
2003-06-11,2.0537500381469727,2.0612499713897705,2.0,2.049999952316284,1.8789691925048828,0.0385574861578164,0.0609941590855589,0.0011453628540039,0.0011453628540039062
2003-06-12,2.059999942779541,2.181250095367432,2.0587499141693115,2.164999961853028,1.984374403953552,1.822860234868915,5.609736012124378,0.1054052114486692,0.10540521144866921
2003-06-13,2.1524999141693115,2.181250095367432,2.069999933242798,2.174999952316284,1.9935407638549805,0.817491681026621,0.4619269369311451,0.0091663599014284,0.009166359901428445
2003-06-16,2.174999952316284,2.174999952316284,2.109999895095825,2.1362500190734863,1.9580237865448,2.0945814656371025,-1.7816027619871666,-0.0355169773101804,-0.03551697731018044
2003-06-18,1.943750023841858,2.025000095367432,1.883749961853028,1.962499976158142,1.798769474029541,-0.6498029651215922,-8.133420728064033,-0.159254312515259,-0.159254312515259
2003-06-19,1.962499976158142,1.9912500381469729,1.899999976158142,1.9912500381469729,1.825121283531189,-0.4414833548659816,1.4649909219670798,0.0263518095016479,0.02635180950164795
2003-06-20,1.8762500286102293,2.012500047683716,1.8762500286102293,1.9787499904632568,1.8136636018753047,-0.6181021548653036,-0.6277764529552976,-0.0114576816558842,-0.011457681655884233
2003-06-23,1.96875,1.9912500381469729,1.96875,1.9837499856948853,1.8182470798492432,-0.455069416404391,0.25271930082289,0.0045834779739384,0.004583477973938432
2003-06-24,1.9737499952316284,2.015000104904175,1.9737499952316284,2.0037500858306885,1.836578130722046,3.647921168195242,1.0081716107759542,0.0183310508728027,0.018331050872802734
2003-06-25,2.001250028610229,2.03125,2.001250028610229,2.016249895095825,1.848035216331482,0.5412417630789635,0.6238278360056304,0.011457085609436,0.011457085609436035
2003-06-26,2.018749952316284,2.0487499237060547,1.9287500381469729,1.9674999713897705,1.8033523559570312,-0.2059916215335523,-2.417857624117692,-0.0446828603744506,-0.044682860374450684
2003-06-27,1.902500033378601,2.039999961853028,1.902500033378601,2.005000114440918,1.8377243280410769,-0.2739219292255992,1.906004224327229,0.0343719720840456,0.03437197208404563
2003-06-30,1.9787499904632568,2.046250104904175,1.902500033378601,1.9375,1.7758554220199585,1.338290706665647,-3.366604287546626,-0.0618689060211183,-0.061868906021118386
2003-07-01,1.899999976158142,2.0199999809265137,1.899999976158142,2.0199999809265137,1.8514724969863887,0.9442949220517752,4.2580648192868775,0.0756170749664302,0.07561707496643022
2003-07-02,2.055000066757202,2.055000066757202,1.971250057220459,2.0037500858306885,1.836578130722046,-0.6543316523010619,-0.8044605733320997,-0.0148943662643428,-0.014894366264342818
2003-07-03,1.933750033378601,2.021250009536743,1.933750033378601,1.9912500381469729,1.825121283531189,-0.8581225753772027,-0.6238148543319944,-0.0114568471908569,-0.011456847190856934
2003-07-07,2.008749961853028,2.0487499237060547,2.008749961853028,2.0487499237060547,1.877823829650879,0.7540900605140438,2.887618844580153,0.0527025461196899,0.05270254611968994
2003-07-08,2.0299999713897705,2.069999933242798,2.0299999713897705,2.0687499046325684,1.8961546421051023,-0.763020144608337,0.9761731726256384,0.0183308124542234,0.01833081245422341
2003-07-09,2.071249961853028,2.081249952316284,2.005000114440918,2.0225000381469727,1.853764057159424,-0.2558071805077201,-2.2356080039240056,-0.0423905849456782,-0.04239058494567827
2003-07-10,2.0299999713897705,2.0299999713897705,1.931249976158142,1.945000052452088,1.7827298641204834,1.1390284707689762,-3.831889649850495,-0.0710341930389406,-0.07103419303894065
2003-07-11,1.9524999856948853,1.9524999856948853,1.90625,1.9162499904632568,1.756378412246704,-0.192405559995143,-1.4781517045365675,-0.0263514518737792,-0.026351451873779297
2003-07-14,1.912500023841858,1.987499952316284,1.9075000286102293,1.932500004768372,1.7712725400924685,-0.3192088010202972,0.8480022153490419,0.0148941278457643,0.014894127845764382
2003-07-15,1.888749957084656,2.0425000190734863,1.888749957084656,2.0062499046325684,1.838869333267212,-0.4143112317891629,3.816284148526039,0.0675967931747434,0.06759679317474343
2003-07-16,2.023750066757202,2.0374999046325684,1.8962500095367432,1.945000052452088,1.7827298641204834,-0.4686554779428004,-3.052934111799166,-0.0561394691467285,-0.056139469146728516
2003-07-17,1.8975000381469729,1.932500004768372,1.8975000381469729,1.913750052452088,1.7540866136550903,-0.6724464010189412,-1.6067072775226232,-0.028643250465393,-0.028643250465393066
2003-07-18,1.8949999809265137,1.986250042915344,1.8949999809265137,1.982499957084656,1.8171008825302124,-0.8037783292235652,3.592426302360052,0.063014268875122,0.06301426887512207
2003-07-21,1.96875,2.056250095367432,1.96875,2.0299999713897705,1.86063814163208,-0.4958276010196192,2.395973691963893,0.0435372591018676,0.043537259101867676
2003-07-22,2.0374999046325684,2.0625,2.021250009536743,2.059999942779541,1.888135552406311,-0.7449053958904578,1.4778483875489856,0.0274974107742309,0.027497410774230957
2003-07-23,2.059999942779541,2.1137499809265137,2.049999952316284,2.09375,1.9190698862075808,0.7042745015398761,1.6383534414065704,0.0309343338012697,0.030934333801269753
2003-07-24,2.0625,2.0625,2.0450000762939453,2.0625,1.890426993370056,0.8084343066676813,-1.492540372989137,-0.0286428928375248,-0.028642892837524858
2003-07-25,2.043750047683716,2.0587499141693115,2.012500047683716,2.049999952316284,1.8789691925048828,-0.7177332728136391,-0.6060959193535109,-0.0114578008651731,-0.011457800865173118
2003-07-28,2.0512499809265137,2.0625,2.025000095367432,2.0274999141693115,1.858346700668335,2.59273705537878,-1.0975428399151,-0.0206224918365478,-0.02062249183654785
2003-07-29,2.0625,2.1137499809265137,1.9900000095367432,1.995000004768372,1.8285579681396484,1.1979014041020837,-1.6029695921634723,-0.0297887325286865,-0.029788732528686523
2003-07-30,1.975000023841858,1.975000023841858,1.912500023841858,1.96875,1.8044981956481927,-0.0791883805083981,-1.3157784938004125,-0.0240597724914553,-0.024059772491455744
2003-07-31,1.956249952316284,1.9850000143051147,1.955000042915344,1.981250047683716,1.8159550428390503,-0.3780817343534045,0.634904884830978,0.0114568471908571,0.0114568471908576
2003-08-01,1.963750004768372,2.125,1.956249952316284,2.009999990463257,1.8423067331314087,0.4189672092332791,1.4511201913435243,0.0263516902923584,0.0263516902923584
2003-08-04,2.0975000858306885,2.1050000190734863,2.052500009536743,2.1050000190734863,1.929381012916565,-0.1154178779441565,4.726372553453917,0.0870742797851562,0.08707427978515625
2003-08-05,2.0924999713897705,2.1162500381469727,2.063750028610229,2.077500104904175,1.904175043106079,4.204949691270026,-1.3064277942894775,-0.0252059698104858,-0.02520596981048584
2003-08-06,2.0374999046325684,2.0762500762939453,2.0374999046325684,2.0762500762939453,1.903029441833496,-0.91699550871031,-0.0601626030511504,-0.001145601272583,-0.0011456012725830078
2003-08-07,2.067500114440918,2.067500114440918,2.025000095367432,2.025000095367432,1.8560551404953003,-0.2376924317898409,-2.468395932589351,-0.0469743013381958,-0.0469743013381958
2003-08-08,2.025000095367432,2.043750047683716,2.025000095367432,2.026249885559082,1.8572006225585933,-0.9577536933255382,0.0617159500437836,0.0011454820632932,0.001145482063293013
2003-08-11,2.055000066757202,2.055000066757202,2.03125,2.043750047683716,1.8732410669326784,-0.9441676317871288,0.86368937094079,0.0160404443740849,0.01604044437408514
2003-08-12,2.025000095367432,2.055000066757202,2.025000095367432,2.055000066757202,1.8835525512695312,-0.8128357035825047,0.5504622186047525,0.0103114843368528,0.010311484336852805
2003-08-13,2.056250095367432,2.0737500190734863,2.043750047683716,2.0737500190734863,1.9007384777069087,0.8537211784623793,0.9124208626828167,0.0171859264373774,0.017185926437377486
2003-08-14,2.075000047683716,2.09375,2.063750028610229,2.09375,1.9190698862075808,-0.6181021548653036,0.9644361239420808,0.018331408500672,0.018331408500672053
2003-08-15,2.106250047683716,2.106250047683716,2.0487499237060547,2.059999942779541,1.888135552406311,-0.7539627702493974,-1.611944099774365,-0.0309343338012697,-0.030934333801269753
2003-08-18,2.046250104904175,2.056250095367432,2.0,2.0374999046325684,1.8675122261047363,0.17894678872138,-1.092258777463917,-0.0206233263015747,-0.020623326301574707
2003-08-19,2.047499895095825,2.15625,2.032500028610229,2.140000104904175,1.9614609479904173,0.8990080502570772,5.030688451322196,0.0939487218856809,0.09394872188568093
2003-08-20,2.1112499237060547,2.1237499713897705,2.091249942779541,2.0999999046325684,1.9247980117797847,0.1246025425677425,-1.869164728882056,-0.0366629362106325,-0.036662936210632546
2003-08-21,2.106250047683716,2.2249999046325684,2.106250047683716,2.181250095367432,1.999269723892212,0.4144385220538093,3.869066346528816,0.0744717121124272,0.0744717121124272
2003-08-22,2.101249933242798,2.174999952316284,2.101249933242798,2.1075000762939453,1.9316725730896,-0.8354791394798537,-3.3810921055220438,-0.0675971508026118,-0.06759715080261186
2003-08-25,2.125,2.137500047683716,2.109999895095825,2.137500047683716,1.959169626235962,-0.8671799497361422,1.4234841623485872,0.0274970531463618,0.02749705314636186
2003-08-26,2.168750047683716,2.168750047683716,2.125,2.125,1.947711944580078,-0.7267906471725787,-0.5848233610020293,-0.011457681655884,-0.011457681655884011
2003-08-27,2.166249990463257,2.1862499713897705,2.1362500190734863,2.1362500190734863,1.9580237865448,-0.8717086369156121,0.5294336256147725,0.0103118419647221,0.010311841964722124
2003-08-28,2.143749952316284,2.1937499046325684,2.1312499046325684,2.1362500190734863,1.9580237865448,1.0076965425643525,0.0,0.0,0.0
2003-08-29,2.141249895095825,2.15625,2.141249895095825,2.1549999713897705,1.9752098321914675,-0.7539627702493974,0.8777240483372584,0.0171860456466674,0.01718604564666748
2003-09-02,2.150000095367432,2.150000095367432,2.0450000762939453,2.0450000762939453,1.8743870258331297,-0.5909300317884848,-5.104409906995877,-0.1008228063583378,-0.10082280635833785
2003-09-03,2.081249952316284,2.1549999713897705,2.0625,2.09375,1.9190698862075808,-0.5048849753785588,2.383865218795478,0.0446828603744511,0.04468286037445113
2003-09-04,2.09375,2.0975000858306885,2.09375,2.095000028610229,1.920215487480164,-0.9713397548639476,0.0596956515662494,0.0011456012725832,0.0011456012725832299
2003-09-05,2.086250066757202,2.15625,2.086250066757202,2.1475000381469727,1.9683347940444944,-0.5229997240964379,2.5059326350646005,0.0481193065643303,0.04811930656433039
2003-09-08,2.158750057220459,2.1624999046325684,2.1212499141693115,2.132499933242798,1.9545869827270508,-0.8898233856334912,-0.6984488288801161,-0.0137478113174436,-0.013747811317443626
2003-09-09,2.125,2.137500047683716,2.095000028610229,2.117500066757202,1.9408388137817385,-0.7901922676851557,-0.7033797455322621,-0.0137481689453122,-0.013748168945312278
2003-09-10,2.063750028610229,2.086250066757202,2.0625,2.0762500762939453,1.903029441833496,-0.9215241958897796,-1.948094384745458,-0.0378093719482424,-0.03780937194824241
2003-09-11,2.0762500762939453,2.081249952316284,2.052500009536743,2.0612499713897705,1.889281272888184,-0.2241063702514315,-0.7224359562228444,-0.013748168945312,-0.013748168945312056
2003-09-12,2.0537500381469727,2.0537500381469727,2.018749952316284,2.047499895095825,1.8766783475875848,0.8310777425650303,-0.6670751190653856,-0.0126029253005988,-0.012602925300599255
2003-09-15,2.125,2.125,2.03125,2.09375,1.9190698862075808,-0.763020144608337,2.25886011177614,0.0423915386199955,0.042391538619996005
2003-09-16,2.09375,2.117500066757202,2.09375,2.095000028610229,1.920215487480164,-0.8354791394798537,0.0596956515662494,0.0011456012725832,0.0011456012725832299
2003-09-17,2.09375,2.125,2.09375,2.1137499809265137,1.9374010562896729,-0.8083070164030349,0.8949812623405551,0.0171855688095088,0.017185568809508833
2003-09-18,2.118750095367432,2.125,2.118750095367432,2.118750095367432,1.941984295845032,-0.9939831907612964,0.2365663805374618,0.0045832395553591,0.004583239555359109
2003-09-19,2.1212499141693115,2.168750047683716,2.112499952316284,2.150000095367432,1.9706268310546875,-0.432425980507042,1.474910753446235,0.0286425352096555,0.02864253520965554
2003-09-22,2.171250104904175,2.171250104904175,2.125,2.126250028610229,1.94885802268982,-0.609044780506364,-1.104664161769131,-0.0217688083648679,-0.021768808364867498
2003-09-23,2.126250028610229,2.126250028610229,2.012500047683716,2.0274999141693115,1.858346700668335,0.1472459784650915,-4.644326111378838,-0.0905113220214846,-0.09051132202148504
2003-09-24,2.03125,2.059999942779541,2.018749952316284,2.0199999809265137,1.8514724969863887,-0.1969342471746128,-0.369909644926536,-0.0068742036819462,-0.006874203681946245
2003-09-25,2.0450000762939453,2.056250095367432,2.043750047683716,2.043750047683716,1.8732410669326784,-0.4912989138401494,1.175743630095627,0.0217685699462897,0.02176856994628973
2003-09-26,2.0625,2.083750009536743,2.0625,2.0625,1.890426993370056,-0.8852946984540214,0.9174433948065496,0.0171859264373774,0.017185926437377486
2003-09-29,2.0824999809265137,2.1137499809265137,2.046250104904175,2.088749885559082,1.91448712348938,-0.4188399189686327,1.2727352182182017,0.0240601301193241,0.024060130119324175
2003-09-30,2.0924999713897705,2.174999952316284,2.091249942779541,2.1737499237060547,1.9923949241638184,-0.1199465651236263,4.069382327964788,0.0779078006744382,0.07790780067443825
2003-10-01,2.166249990463257,2.1875,2.127500057220459,2.168750047683716,1.987812876701355,-0.4414833548659816,-0.2299768688873937,-0.0045820474624633,-0.004582047462463379
2003-10-02,2.161250114440918,2.2100000381469727,2.161250114440918,2.2012500762939453,2.0176010131835938,0.3782090246180509,1.498538259379334,0.0297881364822387,0.02978813648223877
2003-10-03,2.206249952316284,2.206249952316284,2.106250047683716,2.1875,2.004998207092285,-0.7132045856341692,-0.6246431285947152,-0.0126028060913085,-0.012602806091308594
2003-10-06,2.1875,2.192500114440918,2.126250028610229,2.192500114440918,2.0095813274383545,-0.6543316523010619,0.228584760318351,0.0045831203460693,0.004583120346069336
2003-10-07,2.188750028610229,2.1937499046325684,2.182499885559082,2.182499885559082,2.000415086746216,-0.91246682153084,-0.4561268840919674,-0.0091662406921386,-0.009166240692138672
2003-10-08,2.180000066757202,2.180000066757202,2.137500047683716,2.1624999046325684,1.9820828437805176,-0.962282380505008,-0.916421950982016,-0.0183322429656982,-0.018332242965698242
2003-10-09,2.157500028610229,2.161250114440918,2.130000114440918,2.148750066757202,1.9694807529449463,-0.9351102574281892,-0.6358004094084602,-0.0126020908355712,-0.012602090835571289
2003-10-10,2.132499933242798,2.163749933242798,2.09375,2.127500057220459,1.9500036239624023,0.024971424619407,-0.9889474143588316,-0.0194771289825439,-0.019477128982543945
2003-10-13,2.143749952316284,2.166249990463257,2.1424999237060547,2.1600000858306885,1.9797927141189573,-0.7539627702493974,1.5276428100181372,0.0297890901565549,0.029789090156554954
2003-10-14,2.158750057220459,2.1600000858306885,2.1362500190734863,2.1600000858306885,1.9797927141189573,-0.939638944607659,0.0,0.0,0.0
2003-10-15,2.1600000858306885,2.182499885559082,2.0687499046325684,2.1700000762939453,1.9889583587646484,-0.1425900010209752,0.4629598129302081,0.0091656446456911,0.00916564464569114
2003-10-16,2.15625,2.15625,2.1312499046325684,2.137500047683716,1.959169626235962,-0.8717086369156121,-1.497705188116072,-0.0297887325286865,-0.029788732528686523
2003-10-17,2.153749942779541,2.1700000762939453,2.043750047683716,2.1387500762939453,1.960315108299256,-0.8445365138387932,0.0584677328575367,0.0011454820632936,0.0011454820632941232
2003-10-20,2.103749990463257,2.190000057220459,2.087500095367432,2.087500095367432,1.9133414030075075,-0.3961964830712837,-2.396232375748097,-0.046973705291748,-0.04697370529174849
2003-10-22,2.4487500190734863,2.5425000190734863,2.390000104904175,2.523750066757202,2.313194990158081,2.896159096403256,20.898182965259583,0.3998535871505735,0.3998535871505735
2003-10-23,2.4375,2.598750114440918,2.4375,2.556250095367432,2.3429834842681885,-0.1380613138415055,1.2877640768222287,0.0297884941101074,0.029788494110107422
2003-10-24,2.536250114440918,2.5924999713897705,2.4987499713897705,2.5625,2.3487117290496826,-0.6950898369162901,0.2444850687149946,0.0057282447814941,0.005728244781494141
2003-10-27,2.5799999237060547,2.5799999237060547,2.4862499237060547,2.5299999713897705,2.3189234733581543,0.1064877938498633,-1.26828062052472,-0.0297882556915283,-0.02978825569152832
2003-10-28,2.523750066757202,2.588749885559082,2.5,2.5799999237060547,2.36475157737732,1.2884751476914795,1.9762663384833123,0.0458281040191654,0.04582810401916548
2003-10-29,2.606250047683716,2.650000095367432,2.577500104904175,2.650000095367432,2.4289116859436035,-0.2920366779434785,2.7131859929846014,0.0641601085662837,0.06416010856628374
2003-10-30,2.6237499713897705,2.65625,2.6237499713897705,2.643749952316284,2.4231836795806885,-0.5320570984553775,-0.2358260448934279,-0.005728006362915,-0.005728006362915039
2003-10-31,2.6449999809265137,2.648750066757202,2.641249895095825,2.641249895095825,2.420892238616944,-0.7539627702493974,-0.0945632385631278,-0.0022914409637446,-0.002291440963744673
2003-11-03,2.643749952316284,2.643749952316284,2.6362500190734863,2.643749952316284,2.4231836795806885,-0.8354791394798537,0.0946527452644341,0.0022914409637446,0.002291440963744673
2003-11-04,2.643749952316284,2.734999895095825,2.643749952316284,2.731250047683716,2.5033833980560303,-0.4867702266606796,3.3096838325198608,0.0801997184753418,0.0801997184753418
2003-11-05,2.690000057220459,2.734999895095825,2.641249895095825,2.723750114440918,2.496509313583374,-0.6226308420447734,-0.2745917576186807,-0.0068740844726562,-0.00687408447265625
2003-11-06,2.723750114440918,2.734999895095825,2.595000028610229,2.601249933242798,2.384229183197021,-0.6407455907626526,-4.497484939288743,-0.1122801303863529,-0.11228013038635298
2003-11-07,2.595000028610229,2.7049999237060547,2.595000028610229,2.6875,2.463282823562622,-0.5999874061474244,3.315689654448306,0.079053640365601,0.07905364036560103
2003-11-10,2.661250114440918,2.8499999046325684,2.661250114440918,2.8125,2.577854633331299,0.3465082143617624,4.6511837241235865,0.1145718097686767,0.11457180976867676
2003-11-11,2.8125,2.8499999046325684,2.768749952316284,2.771250009536743,2.540045738220215,0.4234958964127489,-1.4666806507325991,-0.0378088951110839,-0.037808895111083984
2003-11-12,2.7612500190734863,2.796250104904175,2.6875,2.7049999237060547,2.4793221950531006,0.1155451682088029,-2.3906476270644905,-0.0607235431671142,-0.06072354316711426
2003-11-13,2.8499999046325684,2.8499999046325684,2.6700000762939453,2.7225000858306885,2.4953627586364746,-0.6633890266600015,0.6469737420726984,0.016040563583374,0.016040563583374023
2003-11-14,2.71875,2.78125,2.688750028610229,2.75,2.52056884765625,-0.0293728215342304,1.0101172237397815,0.0252060890197753,0.02520608901977539
2003-11-17,2.806250095367432,2.8424999713897705,2.75,2.8424999713897705,2.6053507328033447,-0.5048849753785588,3.363601245247838,0.0847818851470947,0.08478188514709473
2003-11-18,2.8012499809265137,2.845000028610229,2.7412500381469727,2.743750095367432,2.5148398876190186,-0.5365857856348473,-3.474036875140296,-0.0905108451843261,-0.09051084518432617
2003-11-19,2.694999933242798,2.696249961853028,2.6762499809265137,2.677500009536743,2.4541165828704834,-0.9215241958897796,-2.4145992374101533,-0.0607233047485351,-0.060723304748535156
2003-11-20,2.703749895095825,2.75,2.696249961853028,2.75,2.52056884765625,-0.6769750881984109,2.7077876108086096,0.0664522647857666,0.0664522647857666
2003-11-21,2.71875,2.7950000762939453,2.6875,2.733750104904175,2.5056750774383545,-0.2739219292255992,-0.5908892443761027,-0.0148937702178955,-0.014893770217895508
2003-11-24,2.677500009536743,2.833750009536743,2.677500009536743,2.8324999809265137,2.596186637878418,-0.6271595292242432,3.612262469904781,0.0905115604400634,0.09051156044006348
2003-11-25,2.7325000762939453,2.827500104904175,2.7249999046325684,2.8125,2.577854633331299,-0.6905611497368203,-0.7061127377999243,-0.0183320045471191,-0.01833200454711914
2003-11-26,2.743750095367432,2.853749990463257,2.743750095367432,2.853749990463257,2.6156625747680664,-0.9034094471719006,1.4666436558491869,0.0378079414367675,0.03780794143676758
2003-11-28,2.84375,2.84375,2.809999942779541,2.8399999141693115,2.603060007095337,-0.7675488317878068,-0.4818116753399271,-0.0126025676727294,-0.012602567672729492
2003-12-01,2.813750028610229,2.9437499046325684,2.799999952316284,2.918750047683716,2.6752402782440186,0.1200738553882727,2.772900776468279,0.0721802711486816,0.07218027114868164
2003-12-02,2.9024999141693115,2.90625,2.868750095367432,2.875,2.635140180587769,-0.3101514266613576,-1.4989344315109676,-0.0401000976562495,-0.040100097656249556
2003-12-03,2.856250047683716,2.8949999809265137,2.856250047683716,2.859999895095825,2.621391534805298,-0.1335326266620357,-0.5217424820035399,-0.0137486457824711,-0.013748645782471147
2003-12-04,2.856250047683716,2.869999885559082,2.836250066757202,2.836250066757202,2.599622964859009,-0.5048849753785588,-0.8304203953228173,-0.021768569946289,-0.021768569946289062
2003-12-05,2.862499952316284,2.862499952316284,2.807499885559082,2.8237500190734863,2.5881662368774414,2.067409342560284,-0.4407072924203392,-0.0114567279815673,-0.011456727981567383
2003-12-08,2.8187499046325684,2.8187499046325684,2.743750095367432,2.743750095367432,2.5148398876190186,-0.5094136625580286,-2.833139085644254,-0.0733263492584228,-0.07332634925842285
2003-12-10,2.650000095367432,2.75,2.650000095367432,2.716249942779541,2.4896349906921387,-0.6679177138394713,-1.002246586391753,-0.0252048969268798,-0.025204896926879883
2003-12-11,2.680000066757202,2.716249942779541,2.680000066757202,2.716249942779541,2.4896349906921387,-0.9577536933255382,0.0,0.0,0.0
2003-12-12,2.668750047683716,2.731250047683716,2.625,2.668750047683716,2.4460978507995605,-0.2286350574309013,-1.7487358610940196,-0.0435371398925781,-0.043537139892578125
2003-12-15,2.711250066757202,2.711250066757202,2.5225000381469727,2.59375,2.377354621887207,0.0521435476962258,-2.8103221173218063,-0.0687432289123535,-0.06874322891235352
2003-12-16,2.578749895095825,2.578749895095825,2.4749999046325684,2.5,2.291426420211792,0.3283934656438832,-3.614446110997227,-0.085928201675415,-0.08592820167541504
2003-12-17,2.4749999046325684,2.5137500762939453,2.462500095367432,2.46875,2.2627837657928467,0.3600942759001718,-1.2499923264521762,-0.0286426544189453,-0.028642654418945312
2003-12-18,2.492500066757202,2.5,2.462500095367432,2.471250057220459,2.2650749683380127,-0.2920366779434785,0.1012559211270192,0.002291202545166,0.0022912025451660156
2003-12-19,2.462500095367432,2.4987499713897705,2.4437499046325684,2.471250057220459,2.2650749683380127,0.6227581323094198,0.0,0.0,0.0
2003-12-22,2.446249961853028,2.5,2.446249961853028,2.494999885559082,2.286843061447144,-0.1425900010209752,0.9610319046130078,0.0217680931091313,0.021768093109131303
2003-12-23,2.512500047683716,2.571249961853028,2.4887499809265137,2.5425000190734863,2.3303802013397217,-0.3509096112765857,1.90380969409536,0.0435371398925776,0.04353713989257768
2003-12-24,2.5225000381469727,2.5225000381469727,2.5225000381469727,2.5225000381469727,2.31204891204834,-1.003040565120236,-0.7866222550656499,-0.0183312892913818,-0.018331289291381836
2003-12-26,2.5199999809265137,2.5662500858306885,2.515000104904175,2.525000095367432,2.314340353012085,-0.8309504523003839,0.0991086716117584,0.0022914409637451,0.002291440963745117
2003-12-29,2.5662500858306885,2.596250057220459,2.5137500762939453,2.5374999046325684,2.325798273086548,-0.6362169035831827,0.495083623268755,0.0114579200744628,0.01145792007446289
2003-12-30,2.606250047683716,2.653749942779541,2.546250104904175,2.653749942779541,2.432348728179932,-0.4641267907633306,4.581242334141988,0.1065504550933842,0.10655045509338423
2003-12-31,2.618750095367432,2.684999942779541,2.577500104904175,2.674999952316284,2.451826333999634,-0.7539627702493974,0.8007735730507726,0.0194776058197017,0.019477605819701704
2004-01-02,2.5687499046325684,2.681250095367432,2.5687499046325684,2.661250114440918,2.439223527908325,-0.4731841651222702,-0.5140170784751263,-0.0126028060913085,-0.012602806091308594
2004-01-05,2.650000095367432,2.677500009536743,2.627500057220459,2.666249990463257,2.443805456161499,-0.7494340830699276,0.1878437216085382,0.0045819282531738,0.004581928253173828
2004-01-06,2.6875,2.773750066757202,2.6875,2.75,2.52056884765625,0.2604631579518363,3.1411416690804828,0.0767633914947509,0.07676339149475098
2004-01-07,2.7562499046325684,2.8499999046325684,2.742500066757202,2.8499999046325684,2.6122257709503174,2.1443970246112705,3.6363586489333466,0.0916569232940673,0.09165692329406738
2004-01-08,2.7225000858306885,2.8499999046325684,2.7225000858306885,2.768749952316284,2.537755489349365,-0.4641267907633306,-2.850836341525742,-0.0744702816009525,-0.07447028160095259
2004-01-09,2.8012499809265137,2.8499999046325684,2.7987499237060547,2.848750114440918,2.6110801696777344,-0.8852946984540214,2.8893516588222923,0.0733246803283695,0.07332468032836958
2004-01-12,2.674999952316284,2.848750114440918,2.674999952316284,2.7874999046325684,2.554940700531006,-0.7494340830699276,-2.150047700513824,-0.0561394691467285,-0.056139469146728516
2004-01-13,2.809999942779541,2.8350000381469727,2.802500009536743,2.8350000381469727,2.598477840423584,-0.740376708710988,1.704037196774455,0.0435371398925781,0.043537139892578125
2004-01-14,2.797499895095825,2.8475000858306885,2.797499895095825,2.8262500762939453,2.5904576778411865,-0.5139423497374983,-0.3086484886509533,-0.0080201625823974,-0.008020162582397461
2004-01-15,2.848750114440918,2.9049999713897705,2.831249952316284,2.9049999713897705,2.66263747215271,-0.7086758984546995,2.7863722665284474,0.0721797943115234,0.07217979431152344
2004-01-16,2.9375,2.987499952316284,2.84375,2.987499952316284,2.7382545471191406,-0.6679177138394713,2.839931299595788,0.0756170749664306,0.07561707496643066
2004-01-20,3.0,3.049999952316284,2.903749942779541,3.012500047683716,2.761169195175171,-0.4641267907633306,0.8368341095293053,0.0229146480560302,0.022914648056030273
2004-01-21,3.033750057220459,3.033750057220459,2.983750104904175,3.0,2.749711513519287,-0.3871391087123441,-0.4149576083893991,-0.0114576816558837,-0.011457681655883789
2004-01-22,2.981250047683716,3.0625,2.981250047683716,3.0512499809265137,2.796686172485352,-0.4188399189686327,1.7083486298510977,0.0469746589660649,0.0469746589660649
2004-01-23,3.0625,3.0999999046325684,3.057499885559082,3.065000057220459,2.809288501739502,-0.6452742779421223,0.4506164967001069,0.0126023292541499,0.012602329254149947
2004-01-26,3.081249952316284,3.0999999046325684,3.075000047683716,3.091249942779541,2.8333487510681152,-0.5320570984553775,0.85645348684249,0.0240602493286132,0.02406024932861328
2004-01-27,3.067500114440918,3.1237499713897705,3.067500114440918,3.1050000190734863,2.845951795578003,-0.8988807599924308,0.4448109151807156,0.0126030445098876,0.012603044509887695
2004-01-28,3.0687499046325684,3.118750095367432,3.043750047683716,3.043750047683716,2.789811849594116,-0.3373235497381764,-1.972624626710684,-0.0561399459838867,-0.05613994598388672
2004-01-29,3.0625,3.0625,3.0225000381469727,3.036250114440918,2.7829370498657227,-0.8173643907619745,-0.2464252106963327,-0.0068747997283935,-0.006874799728393555
2004-01-30,3.007499933242798,3.0199999809265137,2.9600000381469727,2.9987499713897705,2.748565673828125,-0.6543316523010619,-1.2350755845970784,-0.0343713760375976,-0.034371376037597656
2004-02-02,2.9512500762939453,2.9512500762939453,2.84375,2.9237499237060547,2.6798224449157715,-0.5818726574295453,-2.5010582634763745,-0.0687432289123535,-0.06874322891235352
2004-02-03,2.8350000381469727,2.900000095367432,2.8037500381469727,2.8550000190734863,2.6168088912963867,-0.5184710369169682,-2.351407785949988,-0.0630135536193847,-0.06301355361938477
2004-02-04,2.807499885559082,2.851249933242798,2.793750047683716,2.796250104904175,2.562960863113404,-0.8671799497361422,-2.057774580409122,-0.0538480281829829,-0.05384802818298251
2004-02-05,2.805000066757202,2.821249961853028,2.788749933242798,2.813750028610229,2.579000234603882,-0.631688216403713,0.6258141402516015,0.016039371490478,0.016039371490477627
2004-02-06,2.7987499237060547,2.799999952316284,2.7874999046325684,2.7874999046325684,2.554940700531006,-0.2875079907640087,-0.932901585275403,-0.0240595340728759,-0.024059534072875977
2004-02-09,2.7874999046325684,2.788749933242798,2.688750028610229,2.71875,2.4919259548187256,-0.5094136625580286,-2.4663877991056182,-0.0630147457122802,-0.06301474571228027
2004-02-10,2.71875,2.7487499713897705,2.71875,2.7412500381469727,2.5125486850738525,-0.8581225753772027,0.827581983936887,0.0206227302551269,0.020622730255126953
2004-02-11,2.71875,3.012500047683716,2.71875,3.0112500190734863,2.7600231170654297,0.2785779066697155,9.84953778057054,0.2474744319915771,0.24747443199157715
2004-02-12,2.994999885559082,3.025000095367432,2.9512500762939453,2.9912500381469727,2.741691827774048,-0.785663580505686,-0.6641715853044183,-0.0183312892913818,-0.018331289291381836
2004-02-13,2.994999885559082,2.994999885559082,2.9487500190734863,2.9487500190734863,2.702737331390381,-0.894352072812961,-1.4208196555516528,-0.0389544963836669,-0.03895449638366699
2004-02-17,2.9749999046325684,2.9749999046325684,2.913749933242798,2.924999952316284,2.6809685230255127,-0.4867702266606796,-0.8054355897644583,-0.0217688083648681,-0.021768808364868164
2004-02-18,2.924999952316284,2.924999952316284,2.78125,2.8187499046325684,2.5835824012756348,-0.4414833548659816,-3.632497767634224,-0.0973861217498779,-0.09738612174987793
2004-02-19,2.805000066757202,2.8575000762939453,2.8012499809265137,2.851249933242798,2.6133720874786377,-0.5682865958911358,1.153037975033988,0.0297896862030029,0.02978968620300293
2004-02-20,2.831249952316284,2.8499999046325684,2.831249952316284,2.8324999809265137,2.596186637878418,-0.7720775189672766,-0.6575967380442971,-0.0171854496002197,-0.017185449600219727
2004-02-23,2.8324999809265137,2.848750114440918,2.825000047683716,2.831249952316284,2.5950403213500977,-0.6271595292242432,-0.0441538567218402,-0.0011463165283203,-0.0011463165283203125
2004-02-24,2.825000047683716,2.84375,2.819999933242798,2.819999933242798,2.584728956222534,-0.7675488317878068,-0.3973489368442218,-0.0103113651275634,-0.010311365127563477
2004-02-25,2.8125,2.8125,2.799999952316284,2.8125,2.577854633331299,-0.0973031292262773,-0.2659591395332117,-0.0068743228912353,-0.0068743228912353516
2004-02-26,2.799999952316284,2.8112499713897705,2.762500047683716,2.7850000858306885,2.5526492595672607,-0.6226308420447734,-0.9777655201397396,-0.025205373764038,-0.025205373764038086
2004-02-27,2.786250114440918,2.786250114440918,2.7562499046325684,2.762500047683716,2.5320262908935547,-0.9668110676844776,-0.8079045170977461,-0.020622968673706,-0.020622968673706055
2004-03-01,2.8125,2.8125,2.740000009536743,2.765000104904175,2.5343177318573,-0.6633890266600015,0.0904983084885957,0.0022914409637451,0.002291440963745117
2004-03-02,2.786250114440918,2.7874999046325684,2.75,2.7774999141693115,2.5457749366760254,-0.939638944607659,0.4520824155039626,0.0114572048187255,0.011457204818725586
2004-03-03,2.786250114440918,2.786250114440918,2.71875,2.75,2.52056884765625,-0.8535938881977329,-0.990114587768176,-0.0252060890197753,-0.02520608901977539
2004-03-04,2.721250057220459,2.8125,2.721250057220459,2.809999942779541,2.5755631923675537,0.2106475989776686,2.1818227564956327,0.0549943447113037,0.05499434471130371
2004-03-05,2.773750066757202,2.8125,2.773750066757202,2.8125,2.577854633331299,-0.9486963189665986,0.0889685397949202,0.0022914409637451,0.002291440963745117
2004-03-08,2.7725000381469727,2.8187499046325684,2.7725000381469727,2.8187499046325684,2.5835824012756348,-0.91699550871031,0.2221912698364248,0.0057277679443359,0.0057277679443359375
2004-03-09,2.786250114440918,2.8125,2.78125,2.7850000858306885,2.5526492595672607,-0.740376708710988,-1.1972965016753825,-0.030933141708374,-0.030933141708374023
2004-03-10,2.78125,2.8125,2.7699999809265137,2.8112499713897705,2.5767087936401367,0.1336599169266821,0.9425319198358872,0.0240595340728759,0.024059534072875977
2004-03-11,2.7774999141693115,2.845000028610229,2.7774999141693115,2.84375,2.606497287750244,-0.8354791394798537,1.1560675456858682,0.0297884941101074,0.029788494110107422
2004-03-12,2.84375,2.846250057220459,2.8350000381469727,2.8350000381469727,2.598477840423584,-0.9215241958897796,-0.3076714241886713,-0.0080194473266601,-0.008019447326660156
2004-03-15,2.833750009536743,2.8499999046325684,2.7925000190734863,2.8499999046325684,2.6122257709503174,-0.8988807599924308,0.5290763043217739,0.0137479305267333,0.013747930526733398
2004-03-16,2.815000057220459,2.815000057220459,2.796250104904175,2.796250104904175,2.562960863113404,-0.7720775189672766,-1.88593606206523,-0.0492649078369136,-0.049264907836913174
2004-03-17,2.802500009536743,2.8499999046325684,2.7874999046325684,2.8499999046325684,2.6122257709503174,-0.346380924097116,1.922187285258348,0.0492649078369136,0.049264907836913174
2004-03-18,2.822499990463257,2.8475000858306885,2.822499990463257,2.8475000858306885,2.6099352836608887,-0.9939831907612964,-0.087683358571089,-0.0022904872894287,-0.002290487289428711
2004-03-19,2.846250057220459,2.8499999046325684,2.799999952316284,2.8324999809265137,2.596186637878418,-0.8400078266593235,-0.5267810994602828,-0.0137486457824707,-0.013748645782470703
2004-03-22,2.848750114440918,2.848750114440918,2.815000057220459,2.815000057220459,2.580146312713623,-0.8807660112745517,-0.6178417580140927,-0.0160403251647949,-0.016040325164794922
2004-03-23,2.815000057220459,2.8499999046325684,2.771250009536743,2.8112499713897705,2.5767087936401367,-0.6452742779421223,-0.1332296178921388,-0.0034375190734863,-0.003437519073486328
2004-03-24,2.8125,2.841249942779541,2.793750047683716,2.819999933242798,2.584728956222534,-0.7947209548646256,0.3112560721721058,0.0080201625823974,0.008020162582397461
2004-03-25,2.8125,2.8299999237060547,2.7799999713897705,2.813750028610229,2.579000234603882,-0.3327948625587066,-0.2216372283391998,-0.0057287216186523,-0.005728721618652344
2004-03-26,2.813750028610229,2.846250057220459,2.8125,2.8125,2.577854633331299,-0.432425980507042,-0.0444203632559592,-0.001145601272583,-0.0011456012725830078
2004-03-29,2.8187499046325684,2.836250066757202,2.817500114440918,2.831249952316284,2.5950403213500977,-0.8717086369156121,0.6666662967178327,0.0171856880187988,0.017185688018798828
2004-03-30,2.8125,2.875,2.8125,2.875,2.635140180587769,-0.5229997240964379,1.545249948825811,0.0400998592376713,0.04009985923767134
2004-03-31,2.838749885559082,2.838749885559082,2.8012499809265137,2.815000057220459,2.580146312713623,-0.8354791394798537,-2.0869427850278344,-0.0549938678741459,-0.05499386787414595
2004-04-01,2.858750104904175,2.858750104904175,2.8112499713897705,2.837500095367432,2.600768804550171,-0.5501718471732567,0.7992760617849815,0.0206224918365478,0.02062249183654785
2004-04-02,2.825000047683716,2.875,2.726249933242798,2.875,2.635140180587769,-0.6724464010189412,1.3215852165507247,0.0343713760375981,0.0343713760375981
2004-04-05,2.650000095367432,2.875,2.650000095367432,2.84375,2.606497287750244,-0.586401344609015,-1.086958980342978,-0.0286428928375248,-0.028642892837524858
2004-04-06,2.848750114440918,2.848750114440918,2.776249885559082,2.8399999141693115,2.603060007095337,-0.6498029651215922,-0.1318735557892747,-0.0034372806549072,-0.0034372806549072266
2004-04-07,2.806250095367432,2.836250066757202,2.797499895095825,2.819999933242798,2.584728956222534,0.8990080502570772,-0.7042116133641363,-0.0183310508728027,-0.018331050872802734
2004-04-08,2.8125,2.900000095367432,2.802500009536743,2.8299999237060547,2.5938942432403564,0.4008524605153999,0.3545937377982255,0.0091652870178222,0.009165287017822266
2004-04-12,2.8012499809265137,2.8299999237060547,2.8012499809265137,2.8237500190734863,2.5881662368774414,-0.47771285230174,-0.2208265189624469,-0.005728006362915,-0.005728006362915039
2004-04-13,2.8112499713897705,2.825000047683716,2.8012499809265137,2.815000057220459,2.580146312713623,-0.7313193343520484,-0.3098689740074101,-0.0080199241638183,-0.00801992416381836
2004-04-14,2.8125,2.853749990463257,2.8125,2.853749990463257,2.6156625747680664,-0.8083070164030349,1.3765212414287298,0.0355162620544433,0.03551626205444336
2004-04-15,2.856250047683716,2.856250047683716,2.8187499046325684,2.8499999046325684,2.6122257709503174,-0.6543316523010619,-0.1313932405082374,-0.003436803817749,-0.0034368038177490234
2004-04-16,2.8262500762939453,2.8499999046325684,2.806250095367432,2.8499999046325684,2.6122257709503174,-0.9260528830692496,0.0,0.0,0.0
2004-04-19,2.856250047683716,3.0,2.837500095367432,3.0,2.749711513519287,-0.015786759995821,5.263164619915406,0.1374857425689697,0.13748574256896973
2004-04-20,3.0,3.221250057220459,2.987499952316284,3.1475000381469727,2.88490629196167,0.926180173333896,4.916689542800445,0.1351947784423828,0.1351947784423828
2004-04-21,3.140000104904175,3.140000104904175,3.0,3.046250104904175,2.792102813720703,-0.8445365138387932,-3.216862831889855,-0.0928034782409668,-0.0928034782409668
2004-04-22,2.776249885559082,3.0924999713897705,2.776249885559082,3.046250104904175,2.792102813720703,0.5185983271816146,0.0,0.0,0.0
2004-04-23,3.0062499046325684,3.049999952316284,2.993750095367432,3.049999952316284,2.7955400943756104,3.095421332299927,0.1231072379575648,0.0034372806549072,0.0034372806549072266
2004-04-26,3.112499952316284,3.112499952316284,3.0374999046325684,3.0999999046325684,2.8413681983947754,-0.7494340830699276,1.639329162596059,0.045828104019165,0.04582810401916504
2004-04-27,3.09375,3.1875,3.09375,3.1875,2.9215686321258545,-0.0339015087137002,2.8225991188466137,0.0802004337310791,0.0802004337310791
2004-04-28,3.143749952316284,3.1875,3.1075000762939453,3.125,2.8642821311950684,-0.8400078266593235,-1.960813115969895,-0.0572865009307861,-0.05728650093078613
2004-04-29,3.134999990463257,3.1362500190734863,3.056250095367432,3.067500114440918,2.8115804195404053,-0.9079381343513704,-1.8399623096023163,-0.052701711654663,-0.052701711654663086
2004-04-30,3.087500095367432,3.141249895095825,3.0824999809265137,3.1287500858306885,2.867720127105713,-0.4641267907633306,1.9967313463679748,0.0561397075653076,0.05613970756530762
2004-05-03,3.0850000381469727,3.177500009536743,3.0850000381469727,3.15625,2.89292573928833,-0.7041472112752297,0.8789425419996055,0.0252056121826171,0.025205612182617188
2004-05-04,3.15625,3.15625,3.0799999237060547,3.134999990463257,2.873448610305786,-0.3826104215328743,-0.6732675062490645,-0.0194771289825439,-0.019477128982543945
2004-05-05,3.1549999713897705,3.1549999713897705,3.063750028610229,3.1362500190734863,2.874594449996948,-0.5094136625580286,0.0398768116837811,0.0011458396911616,0.0011458396911616653
2004-05-06,3.137500047683716,3.137500047683716,3.09375,3.126250028610229,2.865429162979126,0.4189672092332791,-0.3188375674290866,-0.0091652870178218,-0.009165287017821822
2004-05-07,3.125,3.137500047683716,3.125,3.1312499046325684,2.8700110912323,-0.9577536933255382,0.1599037349229171,0.0045819282531738,0.004581928253173828
2004-05-10,3.137500047683716,3.146250009536743,3.0975000858306885,3.125,2.8642821311950684,0.6997458143604063,-0.1996145608890831,-0.0057289600372314,-0.005728960037231445
2004-05-11,3.112499952316284,3.112499952316284,2.977499961853028,3.056250095367432,2.801269054412842,-0.2286350574309013,-2.199960544945878,-0.0630130767822265,-0.06301307678222656
2004-05-12,3.03125,3.0625,3.021250009536743,3.0625,2.806997060775757,-0.6588603394805318,0.2044789790502932,0.005728006362915,0.005728006362915039
2004-05-13,3.0625,3.072499990463257,2.9887499809265137,3.0374999046325684,2.7840824127197266,1.1571432194868554,-0.8163402939117215,-0.0229146480560302,-0.022914648056030273
2004-05-14,3.0612499713897705,3.125,2.96875,3.088749885559082,2.831057071685791,0.9352375476928356,1.687258205843678,0.0469746589660644,0.04697465896606445
2004-05-17,3.0,3.0625,3.0,3.033750057220459,2.780646085739136,-0.9486963189665986,-1.7806418122343626,-0.0504109859466548,-0.05041098594665483
2004-05-18,3.015000104904175,3.086250066757202,2.9024999141693115,3.008749961853028,2.757731914520264,1.474151322049741,-0.8240592478269693,-0.022914171218872,-0.02291417121887207
2004-05-19,2.993750095367432,3.098750114440918,2.993750095367432,3.098750114440918,2.8402233123779297,-0.5320570984553775,2.9912769048842103,0.0824913978576655,0.08249139785766557
2004-05-20,3.043750047683716,3.106250047683716,3.043750047683716,3.0762500762939453,2.8196001052856445,0.070258296414105,-0.7261121688005079,-0.0206232070922851,-0.020623207092285156
2004-05-21,3.078749895095825,3.117500066757202,3.063750028610229,3.087500095367432,2.829911708831787,0.6046433835915407,0.3657115605440797,0.0103116035461425,0.010311603546142578
2004-05-24,3.112499952316284,3.117500066757202,3.087500095367432,3.103749990463257,2.844805955886841,0.2604631579518363,0.5263149026371039,0.0148942470550537,0.014894247055053711
2004-05-25,3.087500095367432,3.1075000762939453,3.078749895095825,3.0824999809265137,2.82532811164856,1.1118563476921577,-0.6846809427537459,-0.0194778442382808,-0.019477844238280806
2004-05-26,3.098750114440918,3.1137499809265137,3.09375,3.106250047683716,2.847097158432007,-0.4052538574302233,0.7704962370103097,0.0217690467834468,0.02176904678344682
2004-05-27,3.112499952316284,3.1162500381469727,3.0999999046325684,3.1075000762939453,2.84824275970459,3.7792530963998656,0.0402375194394011,0.001145601272583,0.0011456012725830078
2004-05-28,3.1237499713897705,3.1237499713897705,3.0899999141693115,3.1162500381469727,2.856262683868408,-0.0248441343547606,0.2815744597784997,0.0080199241638183,0.00801992416381836
2004-06-01,3.091249942779541,3.1212499141693115,3.0662500858306885,3.1162500381469727,2.856262683868408,-0.3146801138408274,0.0,0.0,0.0
2004-06-02,3.096250057220459,3.1237499713897705,3.0762500762939453,3.1237499713897705,2.8631367683410645,-0.4143112317891629,0.2406670966042412,0.0068740844726562,0.00687408447265625
2004-06-03,3.0799999237060547,3.1937499046325684,3.0799999237060547,3.172499895095825,2.9078192710876465,0.8899506758981376,1.560613633293939,0.044682502746582,0.04468250274658203
2004-06-04,3.15625,3.21875,3.118750095367432,3.153749942779541,2.890634298324585,0.0521435476962258,-0.5909917763435746,-0.0171849727630615,-0.017184972763061523
2004-06-07,3.118750095367432,3.153749942779541,3.118750095367432,3.148750066757202,2.886051654815674,-0.5320570984553775,-0.1585341844026144,-0.0045826435089111,-0.004582643508911133
2004-06-08,3.148750066757202,3.174999952316284,3.1237499713897705,3.174999952316284,2.910111904144287,-0.2467498061487805,0.8336735514926197,0.0240602493286132,0.02406024932861328
2004-06-09,3.1524999141693115,3.192500114440918,3.132499933242798,3.137500047683716,2.875739812850952,-0.4867702266606796,-1.1811261018652153,-0.0343720912933349,-0.03437209129333496
2004-06-10,3.1312499046325684,3.1549999713897705,3.130000114440918,3.151249885559082,2.888343095779419,-0.4595981035838608,0.4382622820098714,0.0126032829284667,0.012603282928466797
2004-06-14,3.15625,3.174999952316284,3.072499990463257,3.0824999809265137,2.82532811164856,0.6001146964120708,-2.181700097295902,-0.0630149841308589,-0.06301498413085893
2004-06-15,3.072499990463257,3.34375,3.071249961853028,3.341249942779541,3.062490940093994,0.9805244194875335,8.394169422929476,0.2371628284454341,0.23716282844543413
2004-06-16,3.237499952316284,3.4124999046325684,3.237499952316284,3.376250028610229,3.0945708751678467,3.3943146861449334,1.0475111829348904,0.0320799350738525,0.03207993507385254
2004-06-17,3.380000114440918,3.3949999809265137,3.345000028610229,3.375,3.0934255123138428,-0.1652334369183242,-0.0370120091026104,-0.0011453628540039,-0.0011453628540039062
2004-06-18,3.375,3.382499933242798,3.375,3.380000114440918,3.098008394241333,-0.5999874061474244,0.1481490958565867,0.0045828819274902,0.004582881927490234
2004-06-21,3.3862500190734863,3.3862500190734863,3.243750095367432,3.25,2.978853940963745,-0.1244752523030961,-3.846163021994242,-0.1191544532775878,-0.11915445327758789
2004-06-22,3.336250066757202,3.336250066757202,3.106250047683716,3.3037500381469727,3.028120756149292,0.0657296092346352,1.6538848886833213,0.0492668151855468,0.049266815185546875
2004-06-23,3.299999952316284,3.325000047683716,3.2799999713897705,3.325000047683716,3.0475969314575195,-0.47771285230174,0.643176969368775,0.0194761753082275,0.01947617530822754
2004-06-24,3.309999942779541,3.3125,3.1737499237060547,3.212500095367432,2.9444825649261475,-0.0339015087137002,-3.383464705158945,-0.103114366531372,-0.10311436653137207
2004-06-28,3.2799999713897705,3.375,3.1937499046325684,3.325000047683716,3.0475969314575195,0.4914262041047958,3.5019520155983086,0.103114366531372,0.10311436653137207
2004-06-29,3.375,3.390000104904175,3.3637499809265137,3.3737499713897705,3.09227991104126,1.972306911791418,1.466170907396558,0.0446829795837406,0.04468297958374068
2004-06-30,3.34375,3.375,3.3125,3.358750104904175,3.078531265258789,0.3465082143617624,-0.4446119425793426,-0.0137486457824711,-0.013748645782471147
2004-07-01,3.3812499046325684,3.396250009536743,3.3350000381469727,3.396250009536743,3.112902402877808,-0.061073631790519,1.1164784326505697,0.034371137619019,0.034371137619019
2004-07-02,3.3737499713897705,3.4124999046325684,3.296250104904175,3.2987499237060547,3.0235366821289062,-0.4097825446096931,-2.870816658636177,-0.0893657207489018,-0.08936572074890181
2004-07-06,3.325000047683716,3.3812499046325684,3.2774999141693115,3.369999885559082,3.0888426303863525,-0.2376924317898409,2.15991916497813,0.0653059482574462,0.06530594825744629
2004-07-07,3.380000114440918,3.380000114440918,3.276249885559082,3.276249885559082,3.0029137134552,2.556507557943021,-2.7819130727422148,-0.0859289169311523,-0.08592891693115234
2004-07-08,3.251250028610229,3.2925000190734863,3.1912500858306885,3.247499942779541,2.9765634536743164,-0.5909300317884848,-0.8774897414739469,-0.0263502597808837,-0.02635025978088379
2004-07-09,3.242500066757202,3.2637500762939453,3.098750114440918,3.244999885559082,2.974270820617676,-0.5501718471732567,-0.0770228181700805,-0.0022926330566406,-0.002292633056640625
2004-07-12,3.25,3.393749952316284,3.148750066757202,3.375,3.0934255123138428,0.332922152823353,4.006181645268669,0.1191546916961669,0.11915469169616699
2004-07-13,3.3737499713897705,3.3737499713897705,3.2174999713897705,3.247499942779541,2.9765634536743164,0.0974304194909237,-3.7777557007382057,-0.1168620586395263,-0.11686205863952637
2004-07-14,3.231250047683716,3.283750057220459,3.212500095367432,3.234999895095825,2.965106010437012,-0.6498029651215922,-0.3849218541993826,-0.0114574432373042,-0.011457443237304243
2004-07-15,3.242500066757202,3.411250114440918,3.242500066757202,3.296250104904175,3.02124547958374,-0.6815037753778808,1.8933376732271912,0.0561394691467276,0.05613946914672763
2004-07-16,3.2462499141693115,3.375,3.196249961853028,3.365000009536743,3.084259271621704,-0.0656023189699887,2.085689245173361,0.0630137920379643,0.06301379203796431
2004-07-19,3.398750066757202,3.4124999046325684,3.353749990463257,3.3812499046325684,3.099153757095337,0.1291312297472123,0.482919370971091,0.0148944854736328,0.014894485473632812
2004-07-20,3.442500114440918,3.5,3.400000095367432,3.430000066757202,3.1438374519348145,1.0167539169232918,1.4418030966413475,0.0446836948394775,0.04468369483947754
2004-07-21,3.422499895095825,3.4362499713897705,3.331249952316284,3.369999885559082,3.0888426303863525,-0.0882457548673377,-1.749289598755066,-0.0549948215484619,-0.054994821548461914
2004-07-22,3.3737499713897705,3.3737499713897705,3.273750066757202,3.372499942779541,3.0911340713500977,0.7631474348729834,0.0741844515224965,0.0022914409637451,0.002291440963745117
2004-07-23,3.396250009536743,3.396250009536743,3.3262500762939453,3.3424999713897705,3.063637018203736,-0.6452742779421223,-0.8895457948982499,-0.0274970531463618,-0.02749705314636186
2004-07-26,3.3862500190734863,3.3862500190734863,3.2850000858306885,3.288749933242798,3.014371633529663,-0.2875079907640087,-1.6080685923738458,-0.0492653846740727,-0.04926538467407271
2004-07-27,3.288749933242798,3.3087499141693115,3.0762500762939453,3.161250114440918,2.8975086212158203,0.4959548912842656,-3.876861466381387,-0.1168630123138427,-0.11686301231384277
2004-07-28,3.181250095367432,3.2950000762939453,3.1762499809265137,3.2950000762939453,3.0201001167297363,-0.2920366779434785,4.230927722398814,0.122591495513916,0.12259149551391602
2004-07-29,3.213749885559082,3.3125,3.143749952316284,3.1787500381469727,2.9135489463806152,-0.740376708710988,-3.528067488851938,-0.1065511703491211,-0.1065511703491211
2004-07-30,3.151249885559082,3.174999952316284,3.1387500762939453,3.140000104904175,2.8780314922332764,-0.6769750881984109,-1.219044361395083,-0.0355174541473388,-0.03551745414733887
2004-08-02,3.09375,3.09375,2.938750028610229,3.0625,2.806997060775757,0.1970615374392592,-2.468160325876023,-0.0710344314575195,-0.07103443145751953
2004-08-03,3.038749933242798,3.25,3.018749952316284,3.237499952316284,2.967396974563598,3.068249209223108,5.714288626419584,0.1603999137878413,0.16039991378784135
2004-08-04,3.25,3.25,3.0687499046325684,3.2362499237060547,2.9662508964538574,-0.0837170676878679,-0.0386223386882433,-0.0011460781097407,-0.0011460781097407668
2004-08-05,3.200000047683716,3.200000047683716,3.115000009536743,3.1312499046325684,2.8700110912323,-0.7901922676851557,-3.244493085079614,-0.0962398052215576,-0.09623980522155762
2004-08-06,3.161250114440918,3.172499895095825,3.008749961853028,3.077500104904175,2.8207457065582275,1.2839464605120097,-1.7165572922200445,-0.0492653846740722,-0.049265384674072266
2004-08-09,3.056250095367432,3.1449999809265137,2.9674999713897705,3.132499933242798,2.871156930923462,-0.3599669856355253,1.7871594822613135,0.0504112243652343,0.050411224365234375
2004-08-10,3.091249942779541,3.15625,3.087500095367432,3.122499942779541,2.8619918823242188,-0.0656023189699887,-0.3192109947224408,-0.0091650485992431,-0.009165048599243164
2004-08-11,3.0975000858306885,3.115000009536743,3.033750057220459,3.112499952316284,2.8528263568878174,-0.0565449446110492,-0.3202498753755445,-0.0091655254364013,-0.009165525436401367
2004-08-12,3.101249933242798,3.1362500190734863,3.071249961853028,3.112499952316284,2.8528263568878174,-0.586401344609015,0.0,0.0,0.0
2004-08-13,3.1237499713897705,3.133749961853028,3.1137499809265137,3.126250028610229,2.865429162979126,0.5502991374379032,0.441765621692336,0.0126028060913085,0.012602806091308594
2004-08-16,3.1424999237060547,3.216249942779541,3.126250028610229,3.174999952316284,2.910111904144287,-0.2059916215335523,1.5593734349623745,0.0446827411651611,0.04468274116516113
2004-08-17,3.146250009536743,3.1912500858306885,3.1312499046325684,3.1312499046325684,2.8700110912323,-0.8626512625566725,-1.377981817636631,-0.0401008129119873,-0.040100812911987305
2004-08-18,3.1162500381469727,3.2387499809265137,3.1162500381469727,3.15625,2.89292573928833,-0.2422211189693107,0.7984167073790349,0.0229146480560302,0.022914648056030273
2004-08-19,3.119999885559082,3.146250009536743,3.119999885559082,3.146250009536743,2.8837602138519287,2.2938437015337736,-0.316825465373205,-0.0091655254364013,-0.009165525436401367
2004-08-20,3.161250114440918,3.161250114440918,3.125,3.1424999237060547,2.880322456359864,-0.1108891907646867,-0.1192109342362135,-0.0034377574920649,-0.0034377574920645415
2004-08-23,3.1162500381469727,3.15625,3.1162500381469727,3.132499933242798,2.871156930923462,-0.5682865958911358,-0.3182117827177255,-0.0091655254364018,-0.009165525436402255
2004-08-24,3.115000009536743,3.174999952316284,3.115000009536743,3.1675000190734863,2.9032368659973145,-0.8671799497361422,1.1173173687700322,0.0320799350738525,0.03207993507385254
2004-08-25,3.171250104904175,3.174999952316284,3.1312499046325684,3.15625,2.89292573928833,-0.2105203087130222,-0.3551596781422916,-0.0103111267089843,-0.010311126708984375
2004-08-26,3.1675000190734863,3.182499885559082,3.143749952316284,3.1600000858306885,2.896362781524658,0.5367130758994938,0.1188085193356336,0.0034370422363281,0.003437042236328125
2004-08-27,3.15625,3.1875,3.15625,3.168750047683716,2.904382705688477,-0.7086758984546995,0.27689639623103,0.0080199241638188,0.008019924163818803
2004-08-30,3.148750066757202,3.148750066757202,3.043750047683716,3.1312499046325684,2.8700110912323,-0.2558071805077201,-1.1834395787048813,-0.0343716144561772,-0.0343716144561772
2004-08-31,3.112499952316284,3.25,3.112499952316284,3.25,2.978853940963745,-0.2241063702514315,3.792419132593361,0.1088428497314453,0.10884284973144531
2004-09-01,3.226249933242798,3.4237499237060547,3.181250095367432,3.331249952316284,3.05332612991333,-0.0067293856368814,2.500028213047978,0.0744721889495849,0.07447218894958496
2004-09-02,3.317500114440918,3.356250047683716,3.262500047683716,3.336250066757202,3.057908535003662,-0.3192088010202972,0.1500791234004816,0.004582405090332,0.004582405090332031
2004-09-03,3.3499999046325684,3.3499999046325684,3.259999990463257,3.3037500381469727,3.028120756149292,-0.609044780506364,-0.9741226237930722,-0.0297877788543701,-0.029787778854370117
2004-09-07,3.309999942779541,3.341249942779541,3.278749942779541,3.286250114440918,3.012080192565918,-0.1878768728156732,-0.5297200764137311,-0.016040563583374,-0.016040563583374023
2004-09-08,3.286250114440918,3.299999952316284,3.2537500858306885,3.259999990463257,2.9880194664001465,-0.1516473753799148,-0.79880762222585,-0.0240607261657714,-0.024060726165771484
2004-09-09,3.283750057220459,3.283750057220459,3.231250047683716,3.273750066757202,3.000622510910034,-0.7720775189672766,0.4217858903399873,0.0126030445098876,0.012603044509887695
2004-09-10,3.233750104904175,3.28125,3.194999933242798,3.194999933242798,2.9284427165985107,-0.8400078266593235,-2.4054939949654908,-0.0721797943115234,-0.07217979431152344
2004-09-13,3.1449999809265137,3.203749895095825,3.143749952316284,3.143749952316284,2.8814690113067627,0.0521435476962258,-1.6040506794105849,-0.046973705291748,-0.04697370529174805
2004-09-14,3.1475000381469727,3.2562499046325684,3.143749952316284,3.2100000381469727,2.94219183921814,-0.2376924317898409,2.107356618207712,0.0607228279113774,0.0607228279113774
2004-09-15,3.181250095367432,3.28125,3.181250095367432,3.2612500190734863,2.989166259765625,-0.4595981035838608,1.5965791190545753,0.0469744205474849,0.04697442054748491
2004-09-16,3.275000095367432,3.275000095367432,3.2249999046325684,3.25,2.978853940963745,-0.8083070164030349,-0.3449898033670573,-0.0103123188018798,-0.010312318801879883
2004-09-17,3.265000104904175,3.3324999809265137,3.25,3.262500047683716,2.990311622619629,-0.3509096112765857,0.3846338854793574,0.0114576816558837,0.011457681655883789
2004-09-20,3.275000095367432,3.275000095367432,3.2562499046325684,3.2637500762939453,2.9914567470550537,-0.8581225753772027,0.0382944849882216,0.0011451244354248,0.0011451244354248047
2004-09-21,3.266249895095825,3.309999942779541,3.257499933242798,3.282500028610229,3.0086424350738525,-0.215048995892492,0.5744922782425999,0.0171856880187988,0.017185688018798828
2004-09-22,3.262500047683716,3.282500028610229,3.221250057220459,3.282500028610229,3.0086424350738525,-0.5501718471732567,0.0,0.0,0.0
2004-09-23,3.2174999713897705,3.317500114440918,3.2174999713897705,3.299999952316284,3.0246829986572266,-0.7766062061467464,0.5331495493242411,0.016040563583374,0.016040563583374023
2004-09-24,3.2774999141693115,3.345000028610229,3.2774999141693115,3.337500095367432,3.059053897857666,-0.894352072812961,1.1363471549150184,0.0343708992004394,0.03437089920043945
2004-09-27,3.3087499141693115,3.346250057220459,3.286250114440918,3.3125,3.036139965057373,-0.7086758984546995,-0.7490529283037506,-0.0229139328002929,-0.02291393280029297
2004-09-28,3.3125,3.40625,3.3125,3.359999895095825,3.0796773433685303,0.7495613733345741,1.4339713851213798,0.0435373783111572,0.04353737831115723
2004-09-29,3.3550000190734863,3.375,3.317500114440918,3.375,3.0934255123138428,-0.2829793035845389,0.4464158875252533,0.0137481689453125,0.0137481689453125
2004-09-30,3.325000047683716,3.4437499046325684,3.2987499237060547,3.4437499046325684,3.1564395427703857,-0.5229997240964379,2.037030799859441,0.0630140304565429,0.06301403045654297
2004-10-01,3.369999885559082,3.46875,3.369999885559082,3.4375,3.1507110595703125,-0.7947209548646256,-0.1814855986452812,-0.0057284832000732,-0.005728483200073242
2004-10-04,3.462500095367432,3.471250057220459,3.4437499046325684,3.470000028610229,3.18049955368042,-0.8128357035825047,0.9454530595442768,0.0297884941101074,0.029788494110107422
2004-10-05,3.473750114440918,3.525000095367432,3.473750114440918,3.484999895095825,3.1942477226257324,-0.7267906471725787,0.4322644513313545,0.0137481689453125,0.0137481689453125
2004-10-06,3.473750114440918,3.5062499046325684,3.466249942779541,3.5,3.2079968452453613,-0.432425980507042,0.4304338239717653,0.0137491226196289,0.013749122619628906
2004-10-07,3.483750104904175,3.483750104904175,3.450000047683716,3.450000047683716,3.162168025970459,-0.7313193343520484,-1.4285805593239995,-0.0458288192749023,-0.045828819274902344
2004-10-08,3.4437499046325684,3.463749885559082,3.408750057220459,3.4100000858306885,3.1255056858062744,-0.9441676317871288,-1.1594051885630896,-0.0366623401641845,-0.03666234016418457
2004-10-11,3.4049999713897705,3.407500028610229,3.375,3.376250028610229,3.0945708751678467,-0.9849258164023568,-0.9897537790096056,-0.0309348106384277,-0.030934810638427734
2004-10-12,3.391249895095825,3.4375,3.391249895095825,3.434999942779541,3.1484196186065674,-0.8581225753772027,1.74010373686464,0.0538487434387207,0.0538487434387207
2004-10-13,3.4362499713897705,3.4375,3.313750028610229,3.400000095367432,3.116339683532715,-0.2331637446103711,-1.018921838889142,-0.0320799350738525,-0.03207993507385254
2004-10-14,3.398750066757202,3.4024999141693115,3.3737499713897705,3.3887500762939453,3.1060290336608887,-0.0248441343547606,-0.330857702268772,-0.0103106498718261,-0.010310649871826172
2004-10-15,3.3887500762939453,3.40625,3.372499942779541,3.383749961853028,3.101445436477661,-0.1244752523030961,-0.1475709703146366,-0.0045835971832275,-0.004583597183227539
2004-10-18,3.375,3.398750066757202,3.375,3.376250028610229,3.0945708751678467,-0.5682865958911358,-0.2216566904243877,-0.0068745613098144,-0.006874561309814453
2004-10-20,3.345000028610229,3.398750066757202,3.333750009536743,3.393749952316284,3.1106109619140625,-0.0973031292262773,0.5183299201491298,0.0160400867462158,0.01604008674621582
2004-10-21,3.3787500858306885,3.393749952316284,3.338749885559082,3.3637499809265137,3.0831143856048584,1.3473480810245868,-0.8839606317173287,-0.0274965763092041,-0.0274965763092041
2004-10-22,3.351249933242798,3.382499933242798,3.337500095367432,3.3612499237060547,3.080822467803955,1.4379218246139829,-0.0743377479474727,-0.0022919178009033,-0.0022919178009033203
2004-10-25,3.3350000381469727,3.352499961853028,3.317500114440918,3.3499999046325684,3.0705113410949707,0.0023279887220581,-0.3346874679323597,-0.0103111267089843,-0.010311126708984375
2004-10-26,3.353749990463257,3.376250028610229,3.319999933242798,3.375,3.0934255123138428,-0.0882457548673377,0.746265643516586,0.022914171218872,0.02291417121887207
2004-10-27,3.352499961853028,3.375,3.346250057220459,3.375,3.0934255123138428,-0.432425980507042,0.0,0.0,0.0
2004-10-28,3.372499942779541,3.424999952316284,3.3612499237060547,3.424999952316284,3.139253854751587,-0.0339015087137002,1.4814755440309746,0.0458283424377441,0.04582834243774414
2004-10-29,3.390000104904175,3.4175000190734863,3.375,3.375,3.0934255123138428,-0.0339015087137002,-1.4598482492385267,-0.0458283424377441,-0.04582834243774414
2004-11-01,3.375,3.4362499713897705,3.3612499237060547,3.4362499713897705,3.1495652198791504,-0.1833481856362034,1.8148071560745604,0.0561397075653076,0.05613970756530762
2004-11-02,3.4362499713897705,3.4375,3.369999885559082,3.3887500762939453,3.1060290336608887,-0.1335326266620357,-1.3822919412328385,-0.0435361862182617,-0.04353618621826172
2004-11-03,3.401249885559082,3.4412500858306885,3.383749961853028,3.424999952316284,3.139253854751587,-0.8852946984540214,1.06968803995815,0.0332248210906982,0.03322482109069824
2004-11-04,3.424999952316284,3.4487500190734863,3.375,3.440000057220459,3.153002977371216,-0.0203154471752908,0.4379742211295889,0.0137491226196289,0.013749122619628906
2004-11-05,3.4100000858306885,3.4100000858306885,3.28125,3.322499990463257,3.045305252075196,-0.369024359994465,-3.415719111873849,-0.10769772529602,-0.10769772529601962
2004-11-08,3.40625,3.40625,3.333750009536743,3.3499999046325684,3.0705113410949707,0.8537211784623793,0.8277031999533779,0.0252060890197749,0.025206089019774502
2004-11-09,3.3712499141693115,3.3712499141693115,3.328749895095825,3.3499999046325684,3.0705113410949707,-0.5456431599937869,0.0,0.0,0.0
2004-11-10,3.375,3.40625,3.328749895095825,3.384999990463257,3.1025912761688232,0.663516316924648,1.0447750068368844,0.0320799350738525,0.03207993507385254
2004-11-11,3.3662500381469727,3.413749933242798,3.362499952316284,3.4049999713897705,3.120922327041626,-0.4822415394812098,0.5908303492504707,0.0183310508728027,0.018331050872802734
2004-11-12,3.380000114440918,3.4375,3.380000114440918,3.4287500381469727,3.142691135406494,-0.6452742779421223,0.6975120199643969,0.0217688083648681,0.021768808364868164
2004-11-15,3.3550000190734863,3.4862499237060547,3.325000047683716,3.4437499046325684,3.1564395427703857,0.6771023784630573,0.4374724327503188,0.0137484073638916,0.013748407363891602
2004-11-16,3.4437499046325684,3.46875,3.4437499046325684,3.453749895095825,3.1656062602996826,-0.7675488317878068,0.2904132141638094,0.0091667175292968,0.009166717529296875
2004-11-17,3.390000104904175,3.493750095367432,3.390000104904175,3.450000047683716,3.162168025970459,-0.3101514266613576,-0.1086121913626114,-0.0034382343292236,-0.003438234329223633
2004-11-18,3.4237499237060547,3.4237499237060547,3.28125,3.375,3.0934255123138428,0.7088031887193459,-2.173904520317804,-0.0687425136566162,-0.06874251365661621
2004-11-19,3.307499885559082,3.3812499046325684,3.307499885559082,3.3712499141693115,3.089989185333252,3.0229623374284103,-0.1110848464561997,-0.0034363269805908,-0.0034363269805908203
2004-11-22,3.273750066757202,3.372499942779541,3.273750066757202,3.369999885559082,3.0888426303863525,0.3283934656438832,-0.0371054679524918,-0.0011465549468994,-0.001146554946899414
2004-11-23,3.299999952316284,3.5,3.299999952316284,3.5,3.2079968452453613,1.6779422451258816,3.8575683230616775,0.1191542148590087,0.11915421485900879
2004-11-24,3.5,3.5,3.444999933242798,3.481250047683716,3.1908111572265625,-0.6633890266600015,-0.5357139937425481,-0.0171856880187988,-0.017185688018798828
2004-11-26,3.4600000381469727,3.4600000381469727,3.418750047683716,3.431250095367432,3.14498233795166,-0.962282380505008,-1.4362748848708584,-0.0458288192749023,-0.045828819274902344
2004-11-29,3.414999961853028,3.487499952316284,3.3787500858306885,3.487499952316284,3.1965394020080566,-0.7041472112752297,1.6393435166308643,0.0515570640563964,0.051557064056396484
2004-11-30,3.487499952316284,3.487499952316284,3.4600000381469727,3.473750114440918,3.183936834335327,-0.6815037753778808,-0.3942566034009331,-0.0126025676727294,-0.012602567672729492
2004-12-01,3.462500095367432,3.5037500858306885,3.377500057220459,3.477499961853028,3.187373638153076,-0.4595981035838608,0.1079419597991737,0.003436803817749,0.0034368038177490234
2004-12-02,3.5,3.5037500858306885,3.4674999713897705,3.5037500858306885,3.2114336490631104,-0.7132045856341692,0.7548537963053326,0.0240600109100341,0.02406001091003418
2004-12-03,3.5,3.5137500762939453,3.4825000762939453,3.493750095367432,3.202268600463867,-0.6769750881984109,-0.2853880727667235,-0.0091650485992431,-0.009165048599243164
2004-12-06,3.4100000858306885,3.4749999046325684,3.4100000858306885,3.473750114440918,3.183936834335327,-0.6181021548653036,-0.5724618517598645,-0.01833176612854,-0.01833176612854004
2004-12-07,3.456249952316284,3.456249952316284,3.376250028610229,3.376250028610229,3.0945708751678467,-0.3192088010202972,-2.8067755052099352,-0.0893659591674804,-0.08936595916748047
2004-12-08,3.4049999713897705,3.4749999046325684,3.4049999713897705,3.4749999046325684,3.185082197189331,0.4099098348743395,2.924842431232899,0.0905113220214843,0.09051132202148438
2004-12-09,3.4487500190734863,3.476249933242798,3.431250095367432,3.476249933242798,3.1862287521362305,0.5684138861557823,0.0359976564470176,0.0011465549468994,0.001146554946899414
2004-12-10,3.487499952316284,3.5,3.3924999237060547,3.4749999046325684,3.185082197189331,0.1291312297472123,-0.0359847027973314,-0.0011465549468994,-0.001146554946899414
2004-12-13,3.494999885559082,3.5,3.4600000381469727,3.476249933242798,3.1862287521362305,0.3510369015412322,0.0359976564470176,0.0011465549468994,0.001146554946899414
2004-12-14,3.470000028610229,3.470000028610229,3.40625,3.446249961853028,3.158730745315552,-0.2331637446103711,-0.8630267617239396,-0.0274980068206782,-0.027498006820678267
2004-12-15,3.3975000381469727,3.5137500762939453,3.3812499046325684,3.5137500762939453,3.22059965133667,-0.8037783292235652,1.958663495230484,0.0618689060211177,0.06186890602111772
2004-12-16,3.411250114440918,3.481250047683716,3.391249895095825,3.4725000858306885,3.1827917098999023,-0.4595981035838608,-1.173941052284344,-0.0378079414367675,-0.03780794143676758
2004-12-17,3.4200000762939453,3.5,3.4200000762939453,3.483750104904175,3.1931028366088867,-0.4867702266606796,0.3239648600601885,0.0103111267089843,0.010311126708984375
2004-12-20,3.470000028610229,3.470000028610229,3.387500047683716,3.3887500762939453,3.1060290336608887,-0.4867702266606796,-2.7269338760311124,-0.087073802947998,-0.08707380294799805
2004-12-21,3.4124999046325684,3.5,3.4124999046325684,3.5,3.2079968452453613,-0.6633890266600015,3.2828994989879234,0.1019678115844726,0.10196781158447266
2004-12-22,3.424999952316284,3.505000114440918,3.424999952316284,3.4549999237060547,3.1667511463165283,-0.3509096112765857,-1.2857150713836971,-0.041245698928833,-0.04124569892883301
2004-12-23,3.4887499809265137,3.492500066757202,3.4549999237060547,3.4649999141693115,3.1759164333343506,-0.8037783292235652,0.2894223952040864,0.0091652870178222,0.009165287017822266
2004-12-27,3.497499942779541,3.497499942779541,3.453749895095825,3.4600000381469727,3.1713340282440186,-0.8717086369156121,-0.1442860725879069,-0.004582405090332,-0.004582405090332031
2004-12-28,3.3975000381469727,3.660000085830689,3.3975000381469727,3.477499961853028,3.187373638153076,2.3391305733284717,0.5057685430234882,0.0160396099090576,0.016039609909057617
2004-12-29,3.4512500762939453,3.4549999237060547,3.422499895095825,3.4262499809265137,3.140399932861328,-0.7358480215315183,-1.473743295403762,-0.046973705291748,-0.04697370529174805
2004-12-30,3.393749952316284,3.442500114440918,3.393749952316284,3.408750057220459,3.124359607696533,-0.6271595292242432,-0.5107733253000069,-0.0160403251647949,-0.016040325164794922
2004-12-31,3.484999895095825,3.484999895095825,3.4124999046325684,3.4362499713897705,3.1495652198791504,-0.5411144728143171,0.8067449124782522,0.0252056121826171,0.025205612182617188
2005-01-03,3.431250095367432,3.4337499141693115,3.408750057220459,3.424999952316284,3.139253854751587,-0.3644956728149952,-0.3273901128473588,-0.0103113651275634,-0.010311365127563477
2005-01-04,3.403749942779541,3.473750114440918,3.375,3.4287500381469727,3.142691135406494,0.0747869835935748,0.1094935552824027,0.0034372806549072,0.0034372806549072266
2005-01-05,3.424999952316284,3.53125,3.424999952316284,3.515000104904175,3.2217462062835693,-0.455069416404391,2.515521490050898,0.0790550708770752,0.0790550708770752
2005-01-06,3.471250057220459,3.525000095367432,3.4512500762939453,3.509999990463257,3.2171630859375,0.2966926553875947,-0.1422557846775918,-0.0045831203460693,-0.004583120346069336
2005-01-07,3.477499961853028,3.497499942779541,3.431250095367432,3.493750095367432,3.202268600463867,-0.5773439702500754,-0.4629695503699516,-0.0148944854736328,-0.014894485473632812
2005-01-10,3.4649999141693115,3.724999904632568,3.4649999141693115,3.608750104904175,3.3076741695404053,3.0863639579409874,3.291590501223718,0.105405569076538,0.10540556907653809
2005-01-11,3.549999952316284,3.6875,3.53125,3.6875,3.3798532485961914,-0.1878768728156732,2.18217017022011,0.0721790790557861,0.07217907905578613
2005-01-12,3.6875,3.6875,3.637500047683716,3.683749914169312,3.37641716003418,-0.8626512625566725,-0.1016638389089386,-0.0034360885620112,-0.0034360885620112747
2005-01-13,3.632499933242798,3.65625,3.615000009536743,3.6362500190734863,3.3328797817230225,0.1834754759008498,-1.2894549532119104,-0.0435373783111576,-0.04353737831115767
2005-01-14,3.275000095367432,3.3125,3.125,3.237499952316284,2.967396974563598,4.947654388703072,-10.965976305646342,-0.3654828071594242,-0.36548280715942427
2005-01-18,3.1987500190734863,3.268749952316284,3.1762499809265137,3.2487499713897705,2.9777088165283203,0.3872663989769905,0.3475046329532105,0.0103118419647221,0.010311841964722124
2005-01-19,3.25,3.2562499046325684,3.1875,3.188750028610229,2.922714233398437,-0.4912989138401494,-1.8468757866661023,-0.0549945831298832,-0.05499458312988326
2005-01-20,3.137500047683716,3.223750114440918,3.137500047683716,3.188750028610229,2.922714233398437,-0.346380924097116,0.0,0.0,0.0
2005-01-21,3.206249952316284,3.21875,3.15625,3.1675000190734863,2.9032368659973145,-0.7222619599931088,-0.666413677346589,-0.0194773674011226,-0.019477367401122603
2005-01-24,3.2249999046325684,3.2249999046325684,3.102499961853028,3.118750095367432,2.8585543632507324,0.4234958964127489,-1.5390581206067957,-0.044682502746582,-0.04468250274658203
2005-01-25,3.0625,3.1862499713897705,3.0137500762939453,3.119999885559082,2.8596999645233154,-0.3101514266613576,0.0400762457874126,0.001145601272583,0.0011456012725830078
2005-01-26,3.1237499713897705,3.1362500190734863,3.101249933242798,3.125,2.8642821311950684,-0.1833481856362034,0.1602324274783351,0.0045821666717529,0.00458216667175293
2005-01-27,3.118750095367432,3.125,3.118750095367432,3.118750095367432,2.8585543632507324,-0.1199465651236263,-0.1999721983373947,-0.0057277679443359,-0.0057277679443359375
2005-01-28,3.0975000858306885,3.1475000381469727,3.067500114440918,3.088749885559082,2.831057071685791,-0.0791883805083981,-0.9619299852556162,-0.0274972915649414,-0.027497291564941406
2005-01-31,3.106250047683716,3.122499942779541,3.0824999809265137,3.118750095367432,2.8585543632507324,-0.2467498061487805,0.9712729510100492,0.0274972915649414,0.027497291564941406
2005-02-01,3.118750095367432,3.118750095367432,3.046250104904175,3.047499895095825,2.793248653411865,-0.0293728215342304,-2.284571204187358,-0.0653057098388676,-0.06530570983886763
2005-02-02,3.012500047683716,3.1075000762939453,3.012500047683716,3.09375,2.835639953613281,0.5231270143610843,1.517634319795924,0.042391300201416,0.042391300201416016
2005-02-03,3.1162500381469727,3.1162500381469727,3.0537500381469727,3.101249933242798,2.8425137996673584,-0.6452742779421223,0.2424089858558575,0.0068738460540775,0.0068738460540775925
2005-02-07,2.898750066757202,2.930000066757202,2.807499885559082,2.865000009536743,2.625974178314209,5.00199863485671,-7.617891648529184,-0.2165396213531494,-0.21653962135314941
2005-02-08,2.813750028610229,2.8949999809265137,2.813750028610229,2.859999895095825,2.621391534805298,0.3193360912849436,-0.1745121314122411,-0.0045826435089111,-0.004582643508911133
2005-02-09,2.875,2.9437499046325684,2.875,2.921250104904175,2.677531480789185,3.516589239990618,2.14160857843988,0.0561399459838871,0.05613994598388716
2005-02-10,2.877500057220459,2.958750009536743,2.877500057220459,2.9487500190734863,2.702737331390381,0.7133318758988157,0.9413839120863132,0.0252058506011958,0.025205850601195845
2005-02-11,2.9337499141693115,3.0,2.9337499141693115,2.952500104904175,2.70617413520813,-0.0837170676878679,0.1271601120032217,0.003436803817749,0.0034368038177490234
2005-02-14,2.9987499713897705,2.9987499713897705,2.913749933242798,2.9200000762939453,2.6763856410980225,-0.061073631790519,-1.1007604323221565,-0.0297884941101074,-0.029788494110107422
2005-02-15,2.9175000190734863,2.9175000190734863,2.8187499046325684,2.877500057220459,2.6374313831329346,5.377879670752703,-1.4554800088191433,-0.0389542579650878,-0.03895425796508789
2005-02-16,2.890000104904175,2.9912500381469727,2.867500066757202,2.984999895095825,2.7359633445739746,3.711322788707819,3.735906157452207,0.09853196144104,0.09853196144104004
2005-02-17,2.9749999046325684,2.987499952316284,2.901249885559082,2.924999952316284,2.6809685230255127,0.989581793846473,-2.0100715770746347,-0.0549948215484619,-0.054994821548461914
2005-02-18,2.931250095367432,2.9549999237060547,2.931250095367432,2.9375,2.6924262046813965,1.9043766040993717,0.4273709876665643,0.0114576816558837,0.011457681655883789
2005-02-22,2.9437499046325684,2.970000028610229,2.922499895095825,2.942500114440918,2.697008848190308,1.474151322049741,0.1702049809552352,0.0045826435089115,0.004582643508911577
2005-02-23,2.9200000762939453,2.9649999141693115,2.9200000762939453,2.962500095367432,2.7153396606445312,-0.3509096112765857,0.6796719434763121,0.0183308124542231,0.01833081245422319
2005-02-24,2.9375,2.9887499809265137,2.9375,2.9725000858306885,2.72450590133667,-0.5320570984553775,0.3375725263764284,0.0091662406921386,0.009166240692138672
2005-02-25,2.9862499237060547,2.9862499237060547,2.9362499713897705,2.9375,2.6924262046813965,0.2378197220544873,-1.1774500704709312,-0.0320796966552734,-0.03207969665527344
2005-02-28,2.9512500762939453,3.0225000381469727,2.934999942779541,3.0225000381469727,2.770334482192993,-0.0973031292262773,2.893608648442636,0.0779082775115966,0.07790827751159668
2005-03-01,3.039999961853028,3.0612499713897705,3.0199999809265137,3.052500009536743,2.7978320121765137,-0.0565449446110492,0.9925707585227485,0.0274975299835205,0.027497529983520508
2005-03-02,3.023750066757202,3.141249895095825,3.009999990463257,3.0662500858306885,2.810434341430664,-0.2875079907640087,0.4504319487125485,0.0126023292541503,0.01260232925415039
2005-03-03,3.087500095367432,3.171250104904175,3.052500009536743,3.15625,2.89292573928833,1.043926040000111,2.9351832434439062,0.082491397857666,0.08249139785766602
2005-03-04,3.172499895095825,3.299999952316284,3.166249990463257,3.265000104904175,2.9926023483276367,-0.1516473753799148,3.445529475078324,0.0996766090393066,0.09967660903930664
2005-03-07,3.259999990463257,3.259999990463257,3.0612499713897705,3.0662500858306885,2.810434341430664,-0.785663580505686,-6.087277415884341,-0.1821680068969726,-0.18216800689697266
2005-03-08,3.0350000858306885,3.041249990463257,3.002500057220459,3.028749942779541,2.776063203811645,-0.2875079907640087,-1.222983120876686,-0.034371137619019,-0.034371137619019
2005-03-09,2.993750095367432,3.016249895095825,2.993750095367432,3.0,2.749711513519287,-0.4188399189686327,-0.9492467698925644,-0.0263516902923579,-0.026351690292357954
2005-03-10,2.9749999046325684,2.9962499141693115,2.918750047683716,2.96875,2.721068859100342,-0.8490652010182631,-1.0416603442986785,-0.0286426544189453,-0.028642654418945312
2005-03-11,2.950000047683716,2.950000047683716,2.8887500762939453,2.9124999046325684,2.669511318206787,-0.432425980507042,-1.8947532592247909,-0.0515575408935546,-0.05155754089355469
2005-03-14,2.890000104904175,2.9124999046325684,2.890000104904175,2.9124999046325684,2.669511318206787,-0.6135734676858338,0.0,0.0,0.0
2005-03-15,2.9124999046325684,2.9337499141693115,2.887500047683716,2.922499895095825,2.6786787509918213,1.2477169630762512,0.3434123962131163,0.0091674327850341,0.00916743278503418
2005-03-16,2.9100000858306885,2.931250095367432,2.898750066757202,2.924999952316284,2.6809685230255127,1.1707292810252647,0.0854813976048252,0.0022897720336914,0.0022897720336914062
2005-03-17,2.9574999809265137,3.0,2.9100000858306885,2.993750095367432,2.743983268737793,2.58367968101984,2.350447055647153,0.0630147457122802,0.06301474571228027
2005-03-18,3.023750066757202,3.023750066757202,2.947499990463257,2.970000028610229,2.722214937210083,1.8590897323046731,-0.7933113796908531,-0.0217683315277099,-0.02176833152770996
2005-03-21,3.008749961853028,3.0112500190734863,2.927500009536743,2.9800000190734863,2.731379747390747,0.070258296414105,0.3366673973972389,0.009164810180664,0.009164810180664062
2005-03-22,2.958750009536743,2.992500066757202,2.9437499046325684,2.944999933242798,2.6992995738983154,1.6598274964080024,-1.1745043333164285,-0.0320801734924316,-0.03208017349243164
2005-03-23,2.950000047683716,2.981250047683716,2.950000047683716,2.970000028610229,2.722214937210083,0.4778401425663864,0.8489373885490314,0.0229153633117675,0.022915363311767578
2005-03-24,2.9749999046325684,2.987499952316284,2.970000028610229,2.9862499237060547,2.7371087074279785,2.6244378656350684,0.5471195537983364,0.0148937702178955,0.014893770217895508
2005-03-28,2.970000028610229,3.0,2.970000028610229,2.978749990463257,2.7302346229553223,0.7540900605140438,-0.2511440065935733,-0.0068740844726562,-0.00687408447265625
2005-03-29,2.978749990463257,2.9887499809265137,2.934999942779541,2.9887499809265137,2.739400148391724,0.9397662348723054,0.3357046811779396,0.0091655254364018,0.009165525436401811
2005-03-30,2.953749895095825,2.993750095367432,2.953749895095825,2.9887499809265137,2.739400148391724,-0.5501718471732567,0.0,0.0,0.0
2005-03-31,2.970000028610229,2.9912500381469727,2.9437499046325684,2.9862499237060547,2.7371087074279785,0.3374508400028228,-0.0836475447039353,-0.0022914409637455,-0.0022914409637455613
2005-04-01,2.961250066757202,2.993750095367432,2.958750009536743,2.981250047683716,2.7325260639190674,0.971467045128594,-0.1674264341958609,-0.0045826435089111,-0.004582643508911133
2005-04-04,2.971250057220459,3.0612499713897705,2.971250057220459,3.0512499809265137,2.796686172485352,-0.2693932420461295,2.348014513510788,0.0641601085662846,0.06416010856628462
2005-04-05,3.0350000858306885,3.101249933242798,3.025000095367432,3.101249933242798,2.8425137996673584,-0.5954587189679547,1.6386403177043096,0.0458276271820063,0.04582762718200639
2005-04-06,3.122499942779541,3.163749933242798,3.122499942779541,3.15625,2.89292573928833,-0.7947209548646256,1.7734985007591186,0.0504119396209716,0.05041193962097168
2005-04-07,3.148750066757202,3.1624999046325684,3.1449999809265137,3.1624999046325684,2.898653984069824,-0.8535938881977329,0.198008704603092,0.0057282447814941,0.005728244781494141
2005-04-08,3.141249895095825,3.1424999237060547,2.981250047683716,3.023750066757202,2.7714805603027344,-0.6769750881984109,-4.387326823622228,-0.1271734237670898,-0.12717342376708984
2005-04-11,2.983750104904175,3.015000104904175,2.938750028610229,3.0,2.749711513519287,-0.6498029651215922,-0.7854663350432944,-0.0217690467834472,-0.021769046783447266
2005-04-12,2.978749990463257,3.0737500190734863,2.953749895095825,3.063750028610229,2.808143138885498,-0.5501718471732567,2.125009299300129,0.0584316253662109,0.05843162536621094
2005-04-13,3.0737500190734863,3.0975000858306885,2.9725000858306885,2.9749999046325684,2.726797342300415,-0.8173643907619745,-2.896782413213017,-0.081345796585083,-0.08134579658508301
2005-04-14,2.9800000190734863,2.9800000190734863,2.896250009536743,2.9375,2.6924262046813965,-0.6045160933268943,-1.26049476012845,-0.0343711376190185,-0.034371137619018555
2005-04-15,2.9725000858306885,2.9825000762939453,2.9337499141693115,2.9337499141693115,2.68898868560791,-0.6226308420447734,-0.1276736598206262,-0.0034375190734863,-0.003437519073486328
2005-04-18,2.882499933242798,2.958750009536743,2.882499933242798,2.940000057220459,2.6947176456451416,-0.7358480215315183,0.2130525899158408,0.0057289600372314,0.005728960037231445
2005-04-19,3.012500047683716,3.078749895095825,2.9825000762939453,3.0625,2.806997060775757,-0.432425980507042,4.166648602760548,0.1122794151306152,0.11227941513061523
2005-04-20,3.0625,3.096250057220459,3.057499885559082,3.0625,2.806997060775757,-0.3282661753792368,0.0,0.0,0.0
2005-04-21,3.0999999046325684,3.0999999046325684,3.0625,3.0762500762939453,2.8196001052856445,0.3917950861564603,0.4489867369652511,0.0126030445098876,0.012603044509887695
2005-04-22,3.115000009536743,3.177500009536743,3.0625,3.0687499046325684,2.81272554397583,0.509540952822675,-0.2438133442018042,-0.0068745613098144,-0.006874561309814453
2005-04-25,3.0299999713897705,3.101249933242798,3.0299999713897705,3.0737500190734863,2.817308187484741,0.9442949220517752,0.1629253703307798,0.0045826435089111,0.004582643508911133
2005-04-26,3.063750028610229,3.0824999809265137,3.0487499237060547,3.0687499046325684,2.81272554397583,0.1291312297472123,-0.1626603553444572,-0.0045826435089111,-0.004582643508911133
2005-04-27,3.018749952316284,3.063750028610229,2.9987499713897705,3.0112500190734863,2.7600231170654297,-0.2422211189693107,-1.8737138084188865,-0.0527024269104003,-0.05270242691040039
2005-04-28,2.994999885559082,3.0174999237060547,2.940000057220459,2.966249942779541,2.7187771797180176,1.1571432194868554,-1.4944055030693515,-0.0412459373474121,-0.04124593734741211
2005-04-29,2.9437499046325684,2.981250047683716,2.918750047683716,2.978749990463257,2.7302346229553223,0.5955860092326011,0.4214189865494155,0.0114574432373046,0.011457443237304688
2005-05-02,2.942500114440918,3.0,2.9375,3.0,2.749711513519287,0.4506680194895677,0.7133779053348333,0.0194768905639648,0.019476890563964844
2005-05-03,2.9749999046325684,3.055000066757202,2.9600000381469727,2.9987499713897705,2.748565673828125,0.2378197220544873,-0.0416712693505627,-0.0011458396911621,-0.0011458396911621094
2005-05-04,3.0199999809265137,3.125,3.0199999809265137,3.083750009536743,2.826474666595459,1.7232291169205796,2.834532698606562,0.0779089927673339,0.07790899276733398
2005-05-05,3.075000047683716,3.086250066757202,3.03125,3.0687499046325684,2.81272554397583,2.0492945938424048,-0.486440681111433,-0.0137491226196289,-0.013749122619628906
2005-05-06,3.0975000858306885,3.1237499713897705,3.095000028610229,3.096250057220459,2.837931632995605,0.2197049733366082,0.8961446335836065,0.0252060890197749,0.025206089019774947
2005-05-09,3.088749885559082,3.118750095367432,3.088749885559082,3.0975000858306885,2.839076519012451,0.0566722348756956,0.0403422691207522,0.0011448860168461,0.0011448860168461472
2005-05-10,3.0824999809265137,3.0824999809265137,3.009999990463257,3.03125,2.7783544063568115,-0.4007251702507535,-2.138798029887601,-0.0607221126556396,-0.06072211265563965
2005-05-11,3.09375,3.09375,3.025000095367432,3.032500028610229,2.7795002460479736,-0.0112580728163512,0.0412416676771165,0.0011458396911621,0.0011458396911621094
2005-05-12,3.0512499809265137,3.067500114440918,3.0274999141693115,3.046250104904175,2.792102813720703,-0.7086758984546995,0.4534112810620661,0.0126025676727294,0.012602567672729492
2005-05-13,3.033750057220459,3.039999961853028,2.9649999141693115,2.993750095367432,2.743983268737793,-0.1878768728156732,-1.723415941076578,-0.0481195449829101,-0.048119544982910156
2005-05-16,2.9749999046325684,3.0225000381469727,2.9749999046325684,2.9912500381469727,2.741691827774048,-0.432425980507042,-0.0835078329322058,-0.0022914409637451,-0.002291440963745117
2005-05-17,2.993750095367432,3.001250028610229,2.993750095367432,2.993750095367432,2.743983268737793,-0.9532250061460684,0.0835776267971599,0.0022914409637451,0.002291440963745117
2005-05-18,3.015000104904175,3.036250114440918,2.9987499713897705,3.009999990463257,2.758877277374268,-0.301094052302418,0.5427878808942577,0.014894008636475,0.014894008636475053
2005-05-19,3.0062499046325684,3.0062499046325684,2.970000028610229,2.9912500381469727,2.741691827774048,-0.4595981035838608,-0.6229146088214677,-0.0171854496002201,-0.01718544960022017
2005-05-20,2.993750095367432,3.005000114440918,2.9862499237060547,2.994999885559082,2.7451283931732178,-0.3599669856355253,0.1253447000992835,0.0034365653991699,0.003436565399169922
2005-05-23,3.0,3.0799999237060547,2.990000009536743,3.0799999237060547,2.8230371475219727,0.0068566759015279,2.8380732406726006,0.0779087543487548,0.07790875434875488
2005-05-24,3.117500066757202,3.150000095367432,3.109999895095825,3.125,2.8642821311950684,0.8310777425650303,1.4610145569391442,0.0412449836730957,0.0412449836730957
2005-05-25,3.0999999046325684,3.1524999141693115,3.0537500381469727,3.127500057220459,2.8665754795074463,0.2332910348750175,0.0800671235350991,0.0022933483123779,0.0022933483123779297
2005-05-26,3.127500057220459,3.127500057220459,3.118750095367432,3.127500057220459,2.8665754795074463,-0.7358480215315183,0.0,0.0,0.0
2005-05-27,3.122499942779541,3.1387500762939453,3.117500066757202,3.117500066757202,2.8574090003967285,-0.6860324625573505,-0.3197710709606949,-0.0091664791107177,-0.009166479110717773
2005-05-31,3.0625,3.106250047683716,3.0587499141693115,3.096250057220459,2.837931632995605,-0.7675488317878068,-0.6816443637721825,-0.0194773674011234,-0.01947736740112349
2005-06-01,3.127500057220459,3.134999990463257,3.0999999046325684,3.130000114440918,2.868865966796875,-0.6543316523010619,1.0900309733190117,0.0309343338012699,0.030934333801269975
2005-06-02,3.0975000858306885,3.1937499046325684,3.0975000858306885,3.1937499046325684,2.927296638488769,-0.6996185240957599,2.03671668067269,0.058430671691894,0.05843067169189409
2005-06-03,3.1624999046325684,3.177500009536743,3.1112499237060547,3.150000095367432,2.887197256088257,-0.7947209548646256,-1.3698434888106736,-0.0400993824005122,-0.04009938240051225
2005-06-06,3.1112499237060547,3.132499933242798,3.1112499237060547,3.130000114440918,2.868865966796875,-0.91699550871031,-0.6349164142743113,-0.0183312892913818,-0.018331289291381836
2005-06-07,3.21875,3.337500095367432,3.1624999046325684,3.306250095367432,3.0304114818573,-0.0429588830726398,5.630988583296981,0.1615455150604248,0.1615455150604248
2005-06-08,3.338749885559082,3.372499942779541,3.2674999237060547,3.273750066757202,3.000622510910034,-0.4007251702507535,-0.9830008606292796,-0.0297889709472656,-0.029788970947265625
2005-06-09,3.25,3.5,3.25,3.5,3.2079968452453613,-0.3056227394818878,6.91104374446736,0.2073743343353271,0.20737433433532715
2005-06-10,3.447499990463257,3.470000028610229,3.383749961853028,3.3949999809265137,3.111757040023804,-0.5139423497374983,-2.999996878556665,-0.0962398052215571,-0.09623980522155717
2005-06-13,3.3949999809265137,3.490000009536743,3.3949999809265137,3.490000009536743,3.1988308429718018,-0.2920366779434785,2.798219842617655,0.0870738029479976,0.0870738029479976
2005-06-14,3.5,3.5,3.408750057220459,3.434999942779541,3.1484196186065674,-0.2965653651229483,-1.5759265444121096,-0.0504112243652343,-0.050411224365234375
2005-06-15,3.462500095367432,3.5,3.4362499713897705,3.5,3.2079968452453613,-0.3599669856355253,1.892289905916722,0.0595772266387939,0.059577226638793945
2005-06-16,3.5,3.575000047683716,3.5,3.5687499046325684,3.2710111141204834,0.5638851989763125,1.9642871210586497,0.063014268875122,0.06301426887512207
2005-06-17,3.588749885559082,3.588749885559082,3.539999961853028,3.557499885559082,3.260699510574341,0.2332910348750175,-0.315242082230438,-0.0103116035461425,-0.010311603546142578
2005-06-20,3.622499942779541,3.622499942779541,3.481250047683716,3.501250028610229,3.2091431617736816,0.0521435476962258,-1.5811438200135752,-0.0515563488006591,-0.05155634880065918
2005-06-21,3.539999961853028,3.5625,3.5225000381469727,3.543750047683716,3.248096704483032,-0.5456431599937869,1.213830008375849,0.0389535427093501,0.03895354270935014
2005-06-22,3.5625,3.608750104904175,3.5487499237060547,3.608750104904175,3.3076741695404053,-0.147118688200445,1.8342269482046087,0.0595774650573734,0.05957746505737349
2005-06-23,3.6237499713897705,3.6237499713897705,3.565000057220459,3.5687499046325684,3.2710111141204834,-0.4595981035838608,-1.1084240327400852,-0.0366630554199218,-0.036663055419921875
2005-06-24,3.601249933242798,3.65625,3.578749895095825,3.638750076293945,3.3351709842681885,5.278248552804367,1.9614690353920272,0.064159870147705,0.06415987014770508
2005-06-27,3.625,3.631249904632568,3.5737500190734863,3.6050000190734863,3.3042359352111816,2.0991101528165723,-0.9275401232178404,-0.0309350490570068,-0.030935049057006836
2005-06-28,3.5924999713897705,3.625,3.438750028610229,3.59375,3.2939260005950928,0.0068566759015279,-0.3120217447616924,-0.0103099346160888,-0.010309934616088867
2005-06-29,3.5762500762939453,3.5975000858306885,3.565000057220459,3.5975000858306885,3.2973625659942627,-0.4595981035838608,0.1043303765339231,0.0034365653991699,0.003436565399169922
2005-06-30,3.606250047683716,3.615000009536743,3.5374999046325684,3.572499990463257,3.2744481563568115,-0.7720775189672766,-0.6949314544226315,-0.0229144096374511,-0.022914409637451172
2005-07-01,3.532500028610229,3.586250066757202,3.532500028610229,3.586250066757202,3.287051200866699,0.2423484092339571,0.3848906413564945,0.0126030445098876,0.012603044509887695
2005-07-05,3.606250047683716,3.674999952316284,3.586250066757202,3.674999952316284,3.368396282196045,-0.0973031292262773,2.474712937477141,0.0813450813293457,0.0813450813293457
2005-07-06,3.674999952316284,3.683749914169312,3.5924999713897705,3.596250057220459,3.29621696472168,-0.6362169035831827,-2.142839245366557,-0.0721793174743647,-0.07217931747436479
2005-07-07,3.6050000190734863,3.6050000190734863,3.4375,3.452500104904175,3.1644604206085205,-0.3418522369176462,-3.997204841893187,-0.1317565441131596,-0.13175654411315962
2005-07-08,3.5112500190734863,3.5824999809265137,3.4887499809265137,3.555000066757202,3.258409023284912,-0.4233686061481025,2.9688664160421263,0.0939486026763916,0.0939486026763916
2005-07-11,3.5425000190734863,3.567500114440918,3.497499942779541,3.521250009536743,3.227473258972168,0.0838443579525144,-0.9494131673363992,-0.0309357643127441,-0.03093576431274414
2005-07-12,3.515000104904175,3.515000104904175,3.476249933242798,3.5,3.2079968452453613,-0.8717086369156121,-0.6034570130879824,-0.0194764137268066,-0.01947641372680664
2005-07-13,3.5,3.5,3.463749885559082,3.463749885559082,3.1747701168060303,-0.500356288199089,-1.035746917537561,-0.033226728439331,-0.033226728439331055
2005-07-14,3.5,3.5,3.4237499237060547,3.461250066757202,3.1724793910980225,-0.7358480215315183,-0.0721540654512797,-0.0022907257080078,-0.0022907257080078125
2005-07-15,3.40625,3.494999885559082,3.40625,3.494999885559082,3.203413724899292,-0.5229997240964379,0.975083837835844,0.0309343338012695,0.03093433380126953
2005-07-18,3.447499990463257,3.5,3.421250104904175,3.4825000762939453,3.1919565200805664,-0.7811348933262162,-0.3576561069733697,-0.0114572048187255,-0.011457204818725586
2005-07-19,3.473750114440918,3.683749914169312,3.473750114440918,3.673749923706055,3.367250204086304,0.9805244194875335,5.491731572875969,0.1752936840057377,0.17529368400573775
2005-07-20,3.627500057220459,3.682499885559082,3.46875,3.637500047683716,3.334025859832764,0.2921639682081249,-0.9866906894302364,-0.03322434425354,-0.03322434425354004
2005-07-21,3.618750095367432,3.6362500190734863,3.5625,3.5625,3.265282392501831,-0.2920366779434785,-2.061875648870381,-0.068743467330933,-0.06874346733093306
2005-07-22,3.5450000762939453,3.763750076293945,3.5450000762939453,3.759999990463257,3.4463050365448,0.2921639682081249,5.543858762680265,0.1810226440429687,0.18102264404296875
2005-07-25,3.712500095367432,3.84375,3.712500095367432,3.75,3.4371399879455566,0.1880041630803196,-0.2659384036542422,-0.0091650485992431,-0.009165048599243164
2005-07-26,3.75,3.806250095367432,3.71875,3.747499942779541,3.4348483085632324,-0.2422211189693107,-0.0666740193987269,-0.0022916793823242,-0.0022916793823242188
2005-07-27,3.728749990463257,3.759999990463257,3.660000085830689,3.674999952316284,3.368396282196045,-0.3327948625587066,-1.9346422431965824,-0.0664520263671875,-0.0664520263671875
2005-07-28,3.6875,3.7587499618530273,3.6875,3.7587499618530273,3.445159912109375,-0.5275284112759078,2.278937021723681,0.07676362991333,0.07676362991333008
2005-07-29,3.726249933242798,3.785000085830689,3.6875,3.716249942779541,3.40620493888855,-0.6181021548653036,-1.1307159671718692,-0.0389549732208251,-0.038954973220825195
2005-08-01,3.6875,3.778749942779541,3.6875,3.768749952316284,3.454324960708618,-0.3780817343534045,1.4127165770527528,0.0481200218200683,0.04812002182006836
2005-08-02,3.802500009536743,3.8125,3.78125,3.809999942779541,3.492133140563965,-0.3735530471739348,1.0945171715283752,0.0378081798553466,0.03780817985534668
2005-08-03,3.826250076293945,3.846250057220459,3.78125,3.815000057220459,3.4967164993286133,-0.6679177138394713,0.1312481105433471,0.0045833587646484,0.0045833587646484375
2005-08-04,3.8125,3.815000057220459,3.75,3.75,3.4371399879455566,-0.5411144728143171,-1.703784433038702,-0.0595765113830566,-0.05957651138305664
2005-08-05,3.6675000190734863,3.668750047683716,3.634999990463257,3.6575000286102295,3.352356672286988,-0.7992496420440953,-2.466682065784742,-0.0847833156585688,-0.08478331565856845
2005-08-08,3.742500066757202,3.742500066757202,3.563750028610229,3.625,3.32256817817688,-0.7449053958904578,-0.8885836747730691,-0.0297884941101078,-0.02978849411010831
2005-08-09,3.631249904632568,3.653749942779541,3.603749990463257,3.603749990463257,3.303090810775757,-0.9577536933255382,-0.5862142281700455,-0.019477367401123,-0.019477367401123047
2005-08-10,3.622499942779541,3.631249904632568,3.492500066757202,3.492500066757202,3.201122522354126,-0.8309504523003839,-3.0870567678302097,-0.1019682884216308,-0.10196828842163086
2005-08-11,3.5112500190734863,3.5274999141693115,3.438750028610229,3.447499990463257,3.159876585006714,-0.3871391087123441,-1.2884835572329,-0.0412459373474121,-0.04124593734741211
2005-08-12,3.4412500858306885,3.453749895095825,3.3125,3.442500114440918,3.155294418334961,-0.2241063702514315,-0.1450109378794972,-0.0045821666717529,-0.00458216667175293
2005-08-15,3.483750104904175,3.7174999713897705,3.483750104904175,3.712500095367432,3.402768611907959,-0.6588603394805318,7.843141107053619,0.247474193572998,0.24747419357299805
2005-08-16,3.71875,3.71875,3.5299999713897705,3.5537500381469727,3.257262706756592,0.0113853630809976,-4.276103424786825,-0.1455059051513672,-0.1455059051513672
2005-08-17,3.53125,3.5587499141693115,3.497499942779541,3.5537500381469727,3.257262706756592,-0.8535938881977329,0.0,0.0,0.0
2005-08-18,3.493750095367432,3.509999990463257,3.4024999141693115,3.4962499141693115,3.2045600414276123,-0.7177332728136391,-1.6180047504199655,-0.0527026653289794,-0.05270266532897949
2005-08-19,3.5137500762939453,3.596250057220459,3.5137500762939453,3.5137500762939453,3.22059965133667,-0.8218930779414443,0.5005245556863436,0.0160396099090576,0.016039609909057617
2005-08-22,3.4862499237060547,3.5537500381469727,3.4674999713897705,3.4962499141693115,3.2045600414276123,-0.7992496420440953,-0.4980317843107484,-0.0160396099090576,-0.016039609909057617
2005-08-23,3.523750066757202,3.5487499237060547,3.512500047683716,3.5487499237060547,3.2526791095733643,-0.7539627702493974,1.5015811070375529,0.0481190681457519,0.04811906814575195
2005-08-24,3.596250057220459,3.596250057220459,3.483750104904175,3.490000009536743,3.1988308429718018,-0.8173643907619745,-1.6555050402320637,-0.0538482666015625,-0.0538482666015625
2005-08-25,3.5112500190734863,3.5687499046325684,3.5112500190734863,3.523750066757202,3.229766130447388,-0.8400078266593235,0.9670810678706232,0.0309352874755863,0.03093528747558638
2005-08-26,3.4912500381469727,3.5274999141693115,3.453749895095825,3.462500095367432,3.1736257076263428,-0.6135734676858338,-1.738219442324418,-0.0561404228210453,-0.056140422821045366
2005-08-29,3.447499990463257,3.490000009536743,3.447499990463257,3.487499952316284,3.1965394020080566,-0.7132045856341692,0.7220036794714391,0.0229136943817138,0.022913694381713867
2005-08-30,3.447499990463257,3.5,3.4100000858306885,3.5,3.2079968452453613,-0.7449053958904578,0.3584327235292894,0.0114574432373046,0.011457443237304688
2005-08-31,3.5,3.75,3.5,3.75,3.4371399879455566,-0.3916677958918139,7.142873068588362,0.2291431427001953,0.2291431427001953
2005-09-01,3.75,3.773750066757202,3.714999914169312,3.716249942779541,3.40620493888855,-0.6452742779421223,-0.9000229599463339,-0.0309350490570068,-0.030935049057006836
2005-09-02,3.680000066757202,3.680000066757202,3.572499990463257,3.578749895095825,3.280177116394043,-0.8898233856334912,-3.6999483224174345,-0.1260278224945068,-0.12602782249450684
2005-09-06,3.5999999046325684,3.716249942779541,3.5999999046325684,3.711250066757202,3.4016225337982178,-0.8173643907619745,3.7024042633917897,0.1214454174041748,0.1214454174041748
2005-09-07,3.683749914169312,3.736249923706055,3.683749914169312,3.736249923706055,3.4245364665985107,-0.91246682153084,0.6736177389649267,0.0229139328002929,0.02291393280029297
2005-09-08,3.706249952316284,3.706249952316284,3.615000009536743,3.615000009536743,3.313401937484741,-0.7539627702493974,-3.2452429751509198,-0.1111345291137695,-0.11113452911376953
2005-09-09,3.6649999618530273,3.736249923706055,3.663749933242798,3.714999914169312,3.405059576034546,-0.7177332728136391,2.76626984226922,0.0916576385498046,0.09165763854980469
2005-09-12,3.713749885559082,3.713749885559082,3.6575000286102295,3.691250085830689,3.383291721343994,-0.5818726574295453,-0.6392797014113327,-0.0217678546905517,-0.021767854690551758
2005-09-13,3.6787500381469727,3.6787500381469727,3.5625,3.601249933242798,3.30079984664917,-0.9034094471719006,-2.4382134763730856,-0.0824918746948242,-0.08249187469482422
2005-09-14,3.658750057220459,3.6987500190734863,3.569999933242798,3.591249942779541,3.2916336059570312,-0.8128357035825047,-0.2776975617423072,-0.0091662406921386,-0.009166240692138672
2005-09-15,3.5762500762939453,3.606250047683716,3.563750028610229,3.606250047683716,3.30538296699524,-0.6815037753778808,0.4177063028316885,0.0137493610382084,0.013749361038208896
2005-09-16,3.634999990463257,3.7174999713897705,3.5975000858306885,3.6875,3.3798532485961914,1.2431882758967816,2.2530001014874568,0.0744702816009517,0.07447028160095126
2005-09-19,3.653749942779541,3.71875,3.6262500286102295,3.697499990463257,3.389019012451172,-0.631688216403713,0.2711882197485193,0.0091657638549804,0.009165763854980469
2005-09-20,3.660000085830689,3.7300000190734863,3.658750057220459,3.703749895095825,3.394747734069824,-0.6498029651215922,0.1690377539224519,0.0057287216186523,0.005728721618652344
2005-09-21,3.690000057220459,3.716249942779541,3.668750047683716,3.681250095367432,3.3741254806518555,-0.6588603394805318,-0.6074752833915453,-0.0206222534179687,-0.02062225341796875
2005-09-22,3.6675000190734863,3.6675000190734863,3.5,3.533750057220459,3.2389302253723145,-0.6679177138394713,-4.006823577095375,-0.135195255279541,-0.13519525527954102
2005-09-23,3.509999990463257,3.5737500190734863,3.5037500858306885,3.572499990463257,3.2744481563568115,-0.8852946984540214,1.0965945084665751,0.035517930984497,0.03551793098449707
2005-09-26,3.6362500190734863,3.736249923706055,3.5687499046325684,3.646250009536743,3.342045545578003,-0.2920366779434785,2.0643902726009467,0.0675973892211914,0.0675973892211914
2005-09-27,3.683749914169312,3.7274999618530273,3.618750095367432,3.674999952316284,3.368396282196045,-0.7539627702493974,0.7884613258160922,0.0263507366180419,0.026350736618041992
2005-09-28,3.673749923706055,3.736249923706055,3.673749923706055,3.702500104904175,3.3936028480529785,0.3646229630796416,0.7483254268556561,0.0252065658569335,0.025206565856933594
2005-09-29,3.736249923706055,3.806250095367432,3.7100000381469727,3.806250095367432,3.488696813583374,0.0883730451319841,2.8021536340044677,0.0950939655303955,0.09509396553039551
2005-09-30,3.765000104904175,3.950000047683716,3.765000104904175,3.923749923706055,3.596393346786499,1.1073276605126878,3.087013259042881,0.107696533203125,0.107696533203125
2005-10-03,3.867500066757202,3.9075000286102295,3.822499990463257,3.827500104904175,3.5081732273101807,-0.369024359994465,-2.453016424222509,-0.0882201194763183,-0.08822011947631836
2005-10-04,3.865000009536743,3.875,3.806250095367432,3.831249952316284,3.511610984802246,-0.4052538574302233,0.0979928090580894,0.0034377574920654,0.0034377574920654297
2005-10-05,3.805000066757202,3.816250085830689,3.737499952316284,3.757499933242798,3.4440128803253174,-0.5320570984553775,-1.9249884104328152,-0.0675981044769287,-0.06759810447692871
2005-10-06,3.757499933242798,3.859999895095825,3.637500047683716,3.6649999618530273,3.3592309951782227,-0.2739219292255992,-2.461718004349811,-0.0847818851470947,-0.08478188514709473
2005-10-07,3.683749914169312,3.7487499713897705,3.683749914169312,3.743750095367432,3.431410551071167,-0.6679177138394713,2.148692840609945,0.0721795558929443,0.07217955589294434
2005-10-10,3.732500076293945,3.743750095367432,3.6887500286102295,3.690000057220459,3.382145643234253,-0.5592292215321963,-1.435704270989524,-0.049264907836914,-0.04926490783691406
2005-10-11,3.726249933242798,3.734999895095825,3.588749885559082,3.5924999713897705,3.2927796840667725,-0.4143112317891629,-2.6422859508209218,-0.0893659591674804,-0.08936595916748047
2005-10-12,3.607500076293945,3.611249923706055,3.5625,3.601249933242798,3.30079984664917,-0.6498029651215922,0.2435681506784526,0.0080201625823974,0.008020162582397461
2005-10-13,3.618750095367432,3.6875,3.603749990463257,3.684999942779541,3.377561569213867,-0.7222619599931088,2.3255491435696163,0.0767617225646972,0.07676172256469727
2005-10-14,3.7387499809265137,3.7487499713897705,3.7274999618530273,3.7487499713897705,3.4359941482543945,-0.8807660112745517,1.7300226167047406,0.0584325790405273,0.058432579040527344
2005-10-17,3.694999933242798,3.7174999713897705,3.663749933242798,3.6875,3.3798532485961914,-0.3916677958918139,-1.6339055666530933,-0.0561408996582031,-0.056140899658203125
2005-10-18,3.609999895095825,3.703749895095825,3.5374999046325684,3.6475000381469727,3.343191385269165,0.2921639682081249,-1.0847176084421315,-0.0366618633270263,-0.03666186332702637
2005-10-19,3.6449999809265137,3.704999923706055,3.6449999809265137,3.704999923706055,3.3958935737609863,2.1353396502523307,1.5764035742625635,0.0527021884918212,0.05270218849182129
2005-10-20,3.693749904632568,3.693749904632568,3.607500076293945,3.641249895095825,3.3374619483947754,-0.4143112317891629,-1.7206553767672217,-0.0584316253662109,-0.05843162536621094
2005-10-21,3.650000095367432,3.700000047683716,3.650000095367432,3.6987500190734863,3.390165328979492,-0.5229997240964379,1.5791455123575382,0.0527033805847168,0.0527033805847168
2005-10-24,3.7074999809265137,3.7174999713897705,3.674999952316284,3.714999914169312,3.405059576034546,-0.500356288199089,0.4393368939188846,0.0148942470550537,0.014894247055053711
2005-10-25,3.6787500381469727,3.714999914169312,3.5924999713897705,3.619999885559082,3.3179855346679688,-0.6271595292242432,-2.5571958264525185,-0.0870740413665771,-0.08707404136657715
2005-10-26,3.575000047683716,3.603749990463257,3.5537500381469727,3.578749895095825,3.280177116394043,-0.609044780506364,-1.1394991894595252,-0.0378084182739257,-0.03780841827392578
2005-10-27,3.547499895095825,3.5662500858306885,3.516249895095825,3.516249895095825,3.222890615463257,-0.609044780506364,-1.746445356394721,-0.0572865009307861,-0.05728650093078613
2005-10-28,3.5199999809265137,3.536250114440918,3.501250028610229,3.5274999141693115,3.2332024574279785,-0.0203154471752908,0.319956312362768,0.0103118419647216,0.01031184196472168
2005-10-31,3.509999990463257,3.682499885559082,3.509999990463257,3.602499961853028,3.301945447921753,-0.0746596933289283,2.126157931614947,0.0687429904937744,0.06874299049377441
2005-11-01,3.603749990463257,3.615000009536743,3.557499885559082,3.608750104904175,3.3076741695404053,-0.4686554779428004,0.1734953441540954,0.0057287216186523,0.005728721618652344
2005-11-02,3.621249914169312,3.625,3.583750009536743,3.625,3.32256817817688,0.464254081027977,0.4502864512360371,0.0148940086364746,0.01489400863647461
2005-11-03,3.625,3.65625,3.5850000381469727,3.59375,3.2939260005950928,-0.0339015087137002,-0.8620493559744924,-0.0286421775817871,-0.02864217758178711
2005-11-04,3.521250009536743,3.541249990463257,3.4912500381469727,3.505000114440918,3.2125799655914307,-0.0882457548673377,-2.469576881477176,-0.0813460350036621,-0.08134603500366211
2005-11-07,3.487499952316284,3.505000114440918,3.4512500762939453,3.490000009536743,3.1988308429718018,-0.6724464010189412,-0.4279775995271628,-0.0137491226196289,-0.013749122619628906
2005-11-08,3.4725000858306885,3.4725000858306885,3.413749933242798,3.4262499809265137,3.140399932861328,-0.8762373240950818,-1.8266333225732456,-0.0584309101104736,-0.05843091011047363
2005-11-09,3.4175000190734863,3.6449999809265137,3.4175000190734863,3.627500057220459,3.324859857559204,-0.609044780506364,5.873771769247504,0.1844599246978759,0.18445992469787598
2005-11-10,3.601249933242798,3.6575000286102295,3.492500066757202,3.625,3.32256817817688,-0.3826104215328743,-0.0689255932731724,-0.0022916793823242,-0.0022916793823242188
2005-11-11,3.595000028610229,3.653749942779541,3.588749885559082,3.632499933242798,3.329442024230957,0.5819999476941917,0.2068835215850661,0.0068738460540771,0.0068738460540771484
2005-11-14,3.609999895095825,3.660000085830689,3.609999895095825,3.617500066757202,3.315693616867065,-0.6724464010189412,-0.4129342773904532,-0.013748407363892,-0.013748407363892046
2005-11-15,3.65625,3.65625,3.543750047683716,3.5537500381469727,3.257262706756592,-0.8581225753772027,-1.7622529962730171,-0.0584309101104731,-0.05843091011047319
2005-11-16,3.5512499809265137,3.5512499809265137,3.434999942779541,3.523750066757202,3.229766130447388,-0.5229997240964379,-0.844162070568244,-0.0274965763092036,-0.027496576309203657
2005-11-17,3.533750057220459,3.612499952316284,3.477499961853028,3.609999895095825,3.3088197708129883,-0.8354791394798537,2.447658349635673,0.0790536403656001,0.07905364036560014
2005-11-18,3.641249895095825,3.642499923706055,3.6050000190734863,3.6137499809265137,3.3122572898864746,-0.7766062061467464,0.1038895833435304,0.0034375190734863,0.003437519073486328
2005-11-21,3.575000047683716,3.575000047683716,3.5,3.5625,3.265282392501831,-0.7766062061467464,-1.4182140236531415,-0.0469748973846435,-0.046974897384643555
2005-11-22,3.606250047683716,3.625,3.606250047683716,3.625,3.32256817817688,-0.5547005343527265,1.75438993596988,0.0572857856750488,0.05728578567504883
2005-11-23,3.606250047683716,3.632499933242798,3.606250047683716,3.6237499713897705,3.3214216232299805,-0.7086758984546995,-0.0345080939024855,-0.0011465549468994,-0.001146554946899414
2005-11-25,3.621249914169312,3.6237499713897705,3.59375,3.608750104904175,3.3076741695404053,-0.6588603394805318,-0.4139026973698723,-0.0137474536895751,-0.013747453689575195
2005-11-28,3.587500095367432,3.587500095367432,3.477499961853028,3.478749990463257,3.188518762588501,-0.7992496420440953,-3.6023925224914377,-0.1191554069519043,-0.1191554069519043
2005-11-29,3.508749961853028,3.508749961853028,3.438750028610229,3.4649999141693115,3.1759164333343506,-0.7358480215315183,-0.3952408686445863,-0.0126023292541503,-0.01260232925415039
2005-11-30,3.462500095367432,3.526249885559082,3.3975000381469727,3.418750047683716,3.133525848388672,-0.5818726574295453,-1.3347512705544795,-0.0423905849456787,-0.04239058494567871
2005-12-01,3.46875,3.5612499713897705,3.393749952316284,3.509999990463257,3.2171630859375,-0.2648645548666597,2.669109546099202,0.0836372375488281,0.08363723754882812
2005-12-02,3.5,3.532500028610229,3.400000095367432,3.458750009536743,3.170188665390014,0.1155451682088029,-1.4601193440523796,-0.0469744205474857,-0.046974420547485796
2005-12-05,3.483750104904175,3.505000114440918,3.3949999809265137,3.505000114440918,3.2125799655914307,-0.785663580505686,1.337185406793484,0.0423913002014164,0.04239130020141646
2005-12-06,3.518749952316284,3.5662500858306885,3.481250047683716,3.5274999141693115,3.2332024574279785,-0.1380613138415055,0.6419292922643649,0.0206224918365478,0.02062249183654785
2005-12-07,3.528749942779541,3.5687499046325684,3.526249885559082,3.533750057220459,3.2389302253723145,1.5556676912801972,0.1771546328989348,0.0057277679443359,0.0057277679443359375
2005-12-08,3.5037500858306885,3.546250104904175,3.5,3.501250028610229,3.2091431617736816,-0.3192088010202972,-0.9196574648411504,-0.0297870635986328,-0.029787063598632812
2005-12-09,3.518749952316284,3.569999933242798,3.509999990463257,3.532500028610229,3.2377853393554688,0.4280245835922187,0.8925179132848848,0.0286421775817871,0.02864217758178711
2005-12-12,3.5199999809265137,3.557499885559082,3.5199999809265137,3.5374999046325684,3.242368459701538,-0.1878768728156732,0.1415510871076275,0.0045831203460693,0.004583120346069336
2005-12-13,3.536250114440918,3.541249990463257,3.492500066757202,3.507499933242798,3.214871883392334,-0.6181021548653036,-0.848039840349768,-0.0274965763092041,-0.0274965763092041
2005-12-14,3.533750057220459,3.5899999141693115,3.487499952316284,3.487499952316284,3.1965394020080566,-0.5184710369169682,-0.5702398742227,-0.0183324813842773,-0.018332481384277344
2005-12-15,3.477499961853028,3.477499961853028,3.4124999046325684,3.450000047683716,3.162168025970459,-0.4414833548659816,-1.0752683360012891,-0.0343713760375976,-0.034371376037597656
2005-12-16,3.4337499141693115,3.5037500858306885,3.4337499141693115,3.5037500858306885,3.2114336490631104,1.0756268502563993,1.557969807045012,0.0492656230926513,0.04926562309265137
2005-12-19,3.458750009536743,3.493750095367432,3.458750009536743,3.493750095367432,3.202268600463867,-0.6181021548653036,-0.2853880727667235,-0.0091650485992431,-0.009165048599243164
2005-12-20,3.4600000381469727,3.5512499809265137,3.4375,3.4749999046325684,3.185082197189331,0.1970615374392592,-0.5366946193097744,-0.0171864032745361,-0.017186403274536133
2005-12-21,3.4549999237060547,3.512500047683716,3.4549999237060547,3.484999895095825,3.1942477226257324,-0.5909300317884848,0.2877641727579094,0.0091655254364013,0.009165525436401367
2005-12-22,3.4987499713897705,3.557499885559082,3.4574999809265137,3.5487499237060547,3.2526791095733643,-0.609044780506364,1.8292691119021989,0.0584313869476318,0.058431386947631836
2005-12-23,3.5487499237060547,3.581249952316284,3.4749999046325684,3.53125,3.2366397380828857,-0.631688216403713,-0.4931126296249477,-0.0160393714904785,-0.016039371490478516
2005-12-27,3.505000114440918,3.650000095367432,3.463749885559082,3.6137499809265137,3.3122572898864746,0.0974304194909237,2.336298072159804,0.0756175518035888,0.07561755180358887
2005-12-28,3.6362500190734863,3.6362500190734863,3.618750095367432,3.6262500286102295,3.323713779449463,-0.7720775189672766,0.3458816317793101,0.0114564895629882,0.011456489562988281
2005-12-29,3.6362500190734863,3.6362500190734863,3.59375,3.5975000858306885,3.2973625659942627,-0.3101514266613576,-0.79282438873437,-0.0263512134552001,-0.026351213455200195
2005-12-30,3.569999933242798,3.5824999809265137,3.508749961853028,3.547499895095825,3.2515337467193604,-0.3871391087123441,-1.389862908845252,-0.0458288192749023,-0.045828819274902344
2006-01-03,3.518749952316284,3.6962499618530273,3.518749952316284,3.6787500381469727,3.371834278106689,0.0430861733372862,3.699808790504045,0.1203005313873286,0.12030053138732866
2006-01-04,3.6787500381469727,3.6787500381469727,3.571249961853028,3.59375,3.2939260005950928,-0.4822415394812098,-2.3105606944402446,-0.0779082775115962,-0.07790827751159624
2006-01-05,3.586250066757202,3.615000009536743,3.5799999237060547,3.588749885559082,3.289342403411865,-0.5818726574295453,-0.1391530101890525,-0.0045835971832279,-0.004583597183227983
2006-01-06,3.595000028610229,3.677500009536743,3.591249942779541,3.677500009536743,3.370687961578369,-0.8309504523003839,2.473003664262152,0.0813455581665043,0.08134555816650435
2006-01-09,3.619999885559082,3.6875,3.581249952316284,3.680000066757202,3.3729796409606934,-0.4007251702507535,0.067988476193781,0.0022916793823242,0.0022916793823242188
2006-01-10,3.630000114440918,3.740000009536743,3.630000114440918,3.740000009536743,3.42797327041626,-0.7494340830699276,1.630416880900687,0.0549936294555668,0.05499362945556685
2006-01-11,3.71875,3.8012499809265137,3.716249942779541,3.721250057220459,3.41078782081604,-0.5682865958911358,-0.5013297433947961,-0.0171854496002201,-0.01718544960022017
2006-01-12,3.742500066757202,3.742500066757202,3.706249952316284,3.706249952316284,3.397039890289306,-0.7539627702493974,-0.40307199535633,-0.0137479305267338,-0.013747930526733843
2006-01-13,3.693749904632568,3.7412500381469727,3.660000085830689,3.724999904632568,3.414224624633789,-0.6679177138394713,0.505873787164135,0.0171847343444828,0.017184734344482866
2006-01-17,3.627500057220459,3.671250104904175,3.627500057220459,3.6337499618530273,3.3305881023406982,-0.2875079907640087,-2.4496490854658326,-0.0836365222930908,-0.08363652229309082
2006-01-18,3.627500057220459,3.660000085830689,3.609999895095825,3.637500047683716,3.334025859832764,-0.3373235497381764,0.1032177317167981,0.0034377574920658,0.0034377574920658738
2006-01-19,3.661250114440918,3.683749914169312,3.612499952316284,3.683749914169312,3.37641716003418,-0.4188399189686327,1.2714748470350037,0.042391300201416,0.042391300201416016
2006-01-20,3.712500095367432,3.712500095367432,3.549999952316284,3.571249961853028,3.2733025550842285,-0.2558071805077201,-3.053965196317976,-0.1031146049499516,-0.10311460494995162
2006-01-23,3.523750066757202,3.612499952316284,3.502500057220459,3.567500114440918,3.2698652744293213,-0.5320570984553775,-0.1050095613547297,-0.0034372806549072,-0.0034372806549072266
2006-01-24,3.567500114440918,3.703749895095825,3.5537500381469727,3.6787500381469727,3.371834278106689,-0.7313193343520484,3.1184466367705,0.1019690036773677,0.10196900367736772
2006-01-25,3.6875,3.694999933242798,3.640000104904175,3.694999933242798,3.386728048324585,-0.3599669856355253,0.4417112167878878,0.0148937702178959,0.014893770217895952
2006-01-26,3.71875,3.734999895095825,3.693749904632568,3.734999895095825,3.423391342163086,-0.4958276010196192,1.0825579531441365,0.0366632938385009,0.03666329383850098
2006-01-27,3.747499942779541,3.8212499618530273,3.747499942779541,3.798749923706055,3.48182225227356,2.022122470765586,1.7068136321672922,0.058430910110474,0.05843091011047408
2006-01-30,3.765000104904175,3.806250095367432,3.75,3.7512500286102295,3.4382853507995605,-0.346380924097116,-1.25040563014297,-0.0435369014739994,-0.04353690147399947
2006-01-31,3.75,3.826250076293945,3.75,3.826250076293945,3.507028341293335,-0.3599669856355253,1.999339306663095,0.0687429904937744,0.06874299049377441
2006-02-01,3.8125,3.847500085830689,3.805000066757202,3.838749885559082,3.518484354019165,-0.455069416404391,0.3266586868130527,0.01145601272583,0.011456012725830078
2006-02-02,3.816250085830689,3.847500085830689,3.7725000381469727,3.815000057220459,3.4967164993286133,-0.5411144728143171,-0.6186713510800801,-0.0217678546905517,-0.021767854690551758
2006-02-03,3.796250104904175,3.8862500190734863,3.796250104904175,3.869999885559082,3.547127723693848,-0.0927744420468075,1.4416731918333705,0.0504112243652348,0.05041122436523482
2006-02-06,3.833750009536743,3.900000095367432,3.833750009536743,3.888750076293945,3.564314603805542,-0.2195776830719617,0.4845294968345959,0.0171868801116938,0.017186880111693892
2006-02-07,3.871249914169312,3.911250114440918,3.871249914169312,3.875,3.551710844039917,-0.7675488317878068,-0.3536096323306648,-0.012603759765625,-0.012603759765625
2006-02-08,3.903749942779541,3.9287500381469727,3.884999990463257,3.9287500381469727,3.6009767055511475,-0.7313193343520484,1.38710226351626,0.0492658615112304,0.04926586151123047
2006-02-09,3.927500009536743,3.9887499809265137,3.900000095367432,3.974999904632568,3.643367767333984,-0.6588603394805318,1.1772101085099518,0.0423910617828364,0.04239106178283647
2006-02-10,3.96875,3.96875,3.856250047683716,3.924999952316284,3.597538948059082,-0.2784506164050691,-1.2578697019224316,-0.0458288192749019,-0.0458288192749019
2006-02-13,3.9375,3.96875,3.9375,3.956249952316284,3.6261820793151855,-0.3871391087123441,0.7961868285416784,0.0286431312561035,0.028643131256103516
2006-02-14,3.9574999809265137,4.083749771118164,3.9574999809265137,4.082499980926514,3.74189829826355,-0.1380613138415055,3.1911309586036385,0.1157162189483642,0.11571621894836426
2006-02-15,4.088749885559082,4.125,4.072500228881836,4.112500190734863,3.769397020339966,-0.5637579087116661,0.7348869446605955,0.027498722076416,0.027498722076416016
2006-02-16,4.12624979019165,4.163750171661377,4.09375,4.15625,3.80949640274048,1.1933727169226138,1.063814243608041,0.0400993824005135,0.04009938240051403
2006-02-17,4.125,4.125,4.021249771118164,4.021249771118164,3.685758113861084,0.5140696400021447,-3.248153451211566,-0.1237382888793954,-0.12373828887939586
2006-02-21,4.0,4.003749847412109,3.875,3.8949999809265137,3.570042133331299,-0.369024359994465,-3.139543533652156,-0.1157159805297851,-0.11571598052978516
2006-02-22,3.875,4.0,3.8550000190734863,3.9987499713897705,3.665136575698853,-0.3826104215328743,2.663678433364014,0.0950944423675541,0.09509444236755416
2006-02-23,4.012499809265137,4.012499809265137,3.943749904632568,3.9487500190734863,3.61930775642395,-0.4233686061481025,-1.2503986776035592,-0.0458288192749027,-0.04582881927490279
2006-02-24,3.903749942779541,3.9912500381469727,3.8862500190734863,3.9912500381469727,3.658262014389038,0.5729425733352521,1.076290290482973,0.0389542579650878,0.03895425796508789
2006-02-27,3.944999933242798,4.088749885559082,3.8975000381469727,4.016250133514404,3.681176662445069,-0.3735530471739348,0.6263807230291407,0.0229146480560307,0.022914648056030718
2006-02-28,3.9774999618530273,3.9800000190734863,3.841249942779541,3.974999904632568,3.643367767333984,-0.2693932420461295,-1.0270872217790217,-0.0378088951110848,-0.03780889511108487
2006-03-01,3.976249933242798,4.105000019073486,3.952500104904175,4.076250076293945,3.736171245574951,-0.5275284112759078,2.5471894183461963,0.0928034782409672,0.09280347824096724
2006-03-02,4.043749809265137,4.045000076293945,3.953749895095825,4.0,3.666281700134277,-0.215048995892492,-1.8706194348947487,-0.0698895454406742,-0.06988954544067427
2006-03-03,3.9800000190734863,4.034999847412109,3.950000047683716,3.984999895095825,3.652533769607544,0.6816310656425272,-0.3749829296049278,-0.0137479305267329,-0.013747930526732954
2006-03-06,3.96875,3.9774999618530273,3.9075000286102295,3.962500095367432,3.6319100856781006,-0.4143112317891629,-0.5646404723496756,-0.0206236839294433,-0.02062368392944336
2006-03-07,3.918750047683716,3.971250057220459,3.918750047683716,3.9362499713897705,3.607851028442383,-0.0882457548673377,-0.662435376101167,-0.0240590572357177,-0.024059057235717773
2006-03-08,3.916249990463257,3.96875,3.916249990463257,3.956249952316284,3.6261820793151855,-0.5365857856348473,0.5080877987558408,0.0183310508728027,0.018331050872802734
2006-03-09,3.927500009536743,3.956249952316284,3.8662500381469727,3.878750085830689,3.555147886276245,1.211487465640493,-1.9589251583405187,-0.0710341930389404,-0.07103419303894043
2006-03-10,3.8137500286102295,3.9375,3.802500009536743,3.9375,3.6089963912963854,0.0023279887220581,1.5146628703691878,0.0538485050201411,0.05384850502014027
2006-03-13,3.953749895095825,3.987499952316284,3.953749895095825,3.9674999713897705,3.6364941596984863,-0.8083070164030349,0.7619228566815739,0.0274977684021,0.02749776840210094
2006-03-14,3.990000009536743,3.993750095367432,3.941250085830689,3.9774999618530273,3.6456594467163086,-0.4505407292249212,0.2520363464183939,0.0091652870178222,0.009165287017822266
2006-03-15,3.997499942779541,3.997499942779541,3.953749895095825,3.9674999713897705,3.6364941596984863,-0.6135734676858338,-0.2514027201876323,-0.0091652870178222,-0.009165287017822266
2006-03-16,3.963749885559082,3.994999885559082,3.9149999618530273,3.940000057220459,3.611288070678711,-0.7086758984546995,-0.6931425684419401,-0.0252060890197753,-0.02520608901977539
2006-03-17,3.9600000381469727,3.9600000381469727,3.890000104904175,3.943749904632568,3.614724636077881,1.5284955682033785,0.0951617631136159,0.0034365653991699,0.003436565399169922
2006-03-20,3.943749904632568,3.954999923706055,3.882499933242798,3.934999942779541,3.606704711914064,-0.1607047497388544,-0.221868191113983,-0.0080199241638174,-0.008019924163817027
2006-03-21,3.8949999809265137,3.912499904632568,3.878750085830689,3.8949999809265137,3.570042133331299,0.3646229630796416,-1.0165117887709685,-0.0366625785827645,-0.036662578582765004
2006-03-22,3.882499933242798,3.900000095367432,3.828749895095825,3.8524999618530273,3.531087636947632,-0.4278972933275722,-1.091149485883447,-0.0389544963836669,-0.03895449638366699
2006-03-23,3.8524999618530273,3.872499942779541,3.828749895095825,3.8550000190734863,3.5333797931671143,-0.6452742779421223,0.0649136032620179,0.0022921562194824,0.002292156219482422
2006-03-24,3.867500066757202,3.916249990463257,3.867500066757202,3.916249990463257,3.5895192623138428,-0.3282661753792368,1.5888320088118355,0.0561394691467285,0.056139469146728516
2006-03-27,3.90625,3.90625,3.882499933242798,3.90625,3.5803537368774414,0.4280245835922187,-0.2553413080305655,-0.0091655254364013,-0.009165525436401367
2006-03-28,3.90625,3.912499904632568,3.8762500286102295,3.908750057220459,3.582644462585449,-0.4595981035838608,0.0639804297662971,0.0022907257080078,0.0022907257080078125
2006-03-29,3.920000076293945,3.9774999618530273,3.9149999618530273,3.9774999618530273,3.6456594467163086,-0.3056227394818878,1.7588958320855497,0.0630149841308593,0.06301498413085938
2006-03-30,3.941250085830689,3.9674999713897705,3.881249904632568,3.913749933242798,3.5872280597686768,-0.7041472112752297,-1.6027659138667438,-0.0584313869476318,-0.058431386947631836
2006-03-31,3.954999923706055,3.96875,3.875,3.956249952316284,3.6261820793151855,-0.147118688200445,1.0859086430379028,0.0389540195465087,0.03895401954650879
2006-04-03,3.931250095367432,3.976249933242798,3.884999990463257,3.9362499713897705,3.607851028442383,-0.4143112317891629,-0.5055193167868843,-0.0183310508728027,-0.018331050872802734
2006-04-04,3.902499914169312,3.902499914169312,3.875,3.875,3.551710844039917,-0.3554382984560555,-1.5560560555268554,-0.0561401844024658,-0.05614018440246582
2006-04-05,3.900000095367432,3.900000095367432,3.875,3.8837499618530273,3.5597310066223145,-0.7584914574288673,0.2258112480033602,0.0080201625823974,0.008020162582397461
2006-04-06,3.882499933242798,3.9287500381469727,3.875,3.916249990463257,3.5895192623138428,-0.7449053958904578,0.8368119848413347,0.0297882556915283,0.02978825569152832
2006-04-07,3.9375,3.9375,3.862499952316284,3.875,3.551710844039917,-0.4052538574302233,-1.0533003310742473,-0.0378084182739257,-0.03780841827392578
2006-04-10,3.8350000381469727,3.900000095367432,3.826250076293945,3.900000095367432,3.574625253677368,-0.4641267907633306,0.6451654046078614,0.0229144096374511,0.022914409637451172
2006-04-11,3.884999990463257,3.9049999713897705,3.8737499713897705,3.875,3.551710844039917,0.4189672092332791,-0.6410297027325651,-0.0229144096374511,-0.022914409637451172
2006-04-12,3.901249885559082,3.901249885559082,3.849999904632568,3.875,3.551710844039917,-0.5773439702500754,0.0,0.0,0.0
2006-04-13,3.836250066757202,3.877500057220459,3.822499990463257,3.875,3.551710844039917,-0.4595981035838608,0.0,0.0,0.0
2006-04-17,3.875,3.918750047683716,3.8737499713897705,3.898750066757202,3.573479413986206,-0.2648645548666597,0.6129037779868396,0.021768569946289,0.021768569946289062
2006-04-18,3.96875,4.125,3.96875,4.09375,3.752210855484009,4.78462165024216,5.0016082588377975,0.1787314414978027,0.17873144149780273
2006-04-19,4.125,4.125,4.03000020980835,4.067500114440918,3.728150844573975,0.2831065938491853,-0.6412222510062016,-0.0240600109100337,-0.024060010910033736
2006-04-20,4.081250190734863,4.121250152587891,4.052499771118164,4.101250171661377,3.759085178375244,-0.3961964830712837,0.8297500581633255,0.030934333801269,0.030934333801269087
2006-04-21,4.125,4.125,4.002500057220459,4.121250152587891,3.777416229248047,0.6046433835915407,0.4876465949283481,0.0183310508728027,0.018331050872802734
2006-04-24,4.125,4.125,4.051249980926514,4.119999885559082,3.776271104812622,0.0747869835935748,-0.0303150186775402,-0.0011451244354248,-0.0011451244354248047
2006-04-25,4.096250057220459,4.12375020980835,4.076250076293945,4.09375,3.752210855484009,0.9352375476928356,-0.6371430615230489,-0.0240602493286132,-0.02406024932861328
2006-04-26,4.125,4.125,4.058750152587891,4.09499979019165,3.753356695175171,0.0883730451319841,0.0305377212340696,0.0011458396911621,0.0011458396911621094
2006-04-28,4.0625,4.090000152587891,4.03125,4.068749904632568,3.7292964458465576,-0.4460120420454515,-0.6410328482646444,-0.0240602493286132,-0.02406024932861328
2006-05-01,4.0625,4.09375,4.042500019073486,4.068749904632568,3.7292964458465576,-0.346380924097116,0.0,0.0,0.0
2006-05-02,4.09375,4.106249809265137,4.0625,4.076250076293945,3.736171245574951,-0.4958276010196192,0.1843457560487094,0.0068747997283935,0.006874799728393555
2006-05-03,4.096250057220459,4.112500190734863,4.039999961853027,4.06374979019165,3.724713325500488,0.4823688297458562,-0.3066754525246629,-0.0114579200744633,-0.011457920074463335
2006-05-04,4.070000171661377,4.110000133514404,4.058750152587891,4.090000152587891,3.74877405166626,-0.192405559995143,0.6459752486465353,0.0240607261657723,0.024060726165772373
2006-05-05,4.083749771118164,4.125,4.0625,4.077499866485596,3.737316131591797,0.4144385220538093,-0.3056444564689231,-0.0114579200744633,-0.011457920074463335
2006-05-08,4.077499866485596,4.121250152587891,4.076250076293945,4.086249828338623,3.745335817337036,-0.609044780506364,0.2145840882297411,0.0080196857452392,0.008019685745239258
2006-05-09,4.099999904632568,4.099999904632568,4.0625,4.072500228881836,3.732733964920044,-0.6452742779421223,-0.3364678905068752,-0.0126018524169921,-0.012601852416992188
2006-05-10,4.09250020980835,4.09250020980835,3.997499942779541,4.027500152587891,3.691488265991211,-0.3327948625587066,-1.1049729050196744,-0.041245698928833,-0.04124569892883301
2006-05-11,4.00124979019165,4.008749961853027,3.944999933242798,3.944999933242798,3.615870237350464,-0.3146801138408274,-2.0484428824384397,-0.075618028640747,-0.07561802864074707
2006-05-12,3.902499914169312,3.9574999809265137,3.825000047683716,3.8424999713897705,3.521921873092652,0.1200738553882727,-2.598222781541326,-0.093948364257812,-0.09394836425781206
2006-05-15,3.8137500286102295,3.900000095367432,3.8137500286102295,3.865000009536743,3.5425450801849365,-0.4460120420454515,0.5855668534229919,0.0206232070922847,0.020623207092284712
2006-05-16,3.891249895095825,3.933749914169312,3.8350000381469727,3.8762500286102295,3.5528564453125,-0.3735530471739348,0.29107223462701,0.0103113651275634,0.010311365127563477
2006-05-17,3.831249952316284,3.871249914169312,3.831249952316284,3.831249952316284,3.511610984802246,-0.6452742779421223,-1.1609098522590622,-0.0412454605102539,-0.041245460510253906
2006-05-18,3.8762500286102295,3.8762500286102295,3.806250095367432,3.815000057220459,3.4967164993286133,-0.2241063702514315,-0.4241496435138714,-0.0148944854736328,-0.014894485473632812
2006-05-19,3.806250095367432,3.867500066757202,3.806250095367432,3.8424999713897705,3.521921873092652,-0.631688216403713,0.7208297775606942,0.0252053737640385,0.02520537376403853
2006-05-22,3.806250095367432,3.932499885559082,3.787499904632568,3.884999990463257,3.560876607894897,-0.6045160933268943,1.1060647057465456,0.0389547348022452,0.038954734802245206
2006-05-23,3.911250114440918,3.950000047683716,3.809999942779541,3.8125,3.494425058364868,-0.5365857856348473,-1.8661570407325407,-0.0664515495300288,-0.06645154953002885
2006-05-24,3.765000104904175,3.7925000190734863,3.7300000190734863,3.744999885559082,3.432556390762329,1.5194381938444388,-1.7704963354254644,-0.061868667602539,-0.06186866760253906
2006-05-25,3.75,3.757499933242798,3.734999895095825,3.753750085830689,3.4405770301818848,-0.3509096112765857,0.2336637335701441,0.0080206394195556,0.008020639419555664
2006-05-26,3.7300000190734863,3.786250114440918,3.7300000190734863,3.768749952316284,3.454324960708618,0.966938357949124,0.3995821167825042,0.0137479305267333,0.013747930526733398
2006-05-30,3.7512500286102295,3.762500047683716,3.731250047683716,3.734999895095825,3.423391342163086,0.17894678872138,-0.8955040101145118,-0.0309336185455322,-0.030933618545532227
2006-05-31,3.7412500381469727,3.756249904632568,3.728749990463257,3.75,3.4371399879455566,1.6507701220490627,0.4016089429548897,0.0137486457824707,0.013748645782470703
2006-06-01,3.7825000286102295,3.849999904632568,3.756249904632568,3.841249942779541,3.5207762718200684,1.93154872717619,2.433310373386988,0.0836362838745117,0.08363628387451172
2006-06-02,3.862499952316284,3.880000114440918,3.799999952316284,3.84375,3.523068428039551,2.0945814656371025,0.0651037169793644,0.0022921562194824,0.002292156219482422
2006-06-05,3.802500009536743,3.962500095367432,3.802500009536743,3.836250066757202,3.5161938667297363,0.1698894143624404,-0.1951299400006267,-0.0068745613098144,-0.006874561309814453
2006-06-06,3.862499952316284,3.9175000190734863,3.831249952316284,3.869999885559082,3.547127723693848,-0.2376924317898409,0.8797540220068178,0.0309338569641117,0.030933856964111772
2006-06-07,3.8737499713897705,3.96875,3.8737499713897705,3.9487500190734863,3.61930775642395,-0.215048995892492,2.0348867690317185,0.0721800327301021,0.0721800327301021
2006-06-08,3.943749904632568,4.013750076293945,3.9375,3.982500076293945,3.650242567062378,0.9941104810259428,0.8547162253201845,0.0309348106384277,0.030934810638427734
2006-06-09,4.011250019073486,4.037499904632568,3.833750009536743,3.865000009536743,3.5425450801849365,0.926180173333896,-2.9504200035701644,-0.1076974868774414,-0.1076974868774414
2006-06-12,3.862499952316284,3.9774999618530273,3.8424999713897705,3.902499914169312,3.5769169330596924,-0.1607047497388544,0.9702587291553044,0.0343718528747558,0.03437185287475586
2006-06-13,3.882499933242798,4.067500114440918,3.849999904632568,4.002500057220459,3.66857385635376,0.0068566759015279,2.5624560203489244,0.0916569232940678,0.09165692329406783
2006-06-14,4.050000190734863,4.072500228881836,3.954999923706055,4.054999828338623,3.71669340133667,0.0657296092346352,1.3116689718422725,0.0481195449829097,0.04811954498290971
2006-06-15,4.072500228881836,4.252500057220459,4.03249979019165,4.25,3.895423889160156,6.364513232321146e-05,4.808857458062255,0.1787304878234858,0.17873048782348588
2006-06-16,4.25,4.252500057220459,4.09499979019165,4.119999885559082,3.776271104812622,3.788310470758805,-3.0587886642863604,-0.1191527843475337,-0.11915278434753374
2006-06-19,4.110000133514404,4.172500133514404,3.997499942779541,4.112500190734863,3.769397020339966,0.2129119425674035,-0.1820336591802362,-0.0068740844726562,-0.00687408447265625
2006-06-20,4.077499866485596,4.125,3.974999904632568,3.9800000190734863,3.647950410842896,0.7971125887190069,-3.221910794796468,-0.1214466094970698,-0.12144660949706987
2006-06-21,3.974999904632568,4.125,3.974999904632568,4.052499771118164,3.714401245117188,-0.2376924317898409,1.8215936838609004,0.0664508342742919,0.06645083427429199
2006-06-22,4.012499809265137,4.110000133514404,4.0,4.099999904632568,3.7579383850097656,0.2966926553875947,1.172117308269005,0.0435371398925776,0.04353713989257768
2006-06-23,4.070000171661377,4.147500038146973,4.037499904632568,4.107500076293945,3.764813899993897,-0.4663911343530655,0.1829597582429176,0.0068755149841313,0.0068755149841313035
2006-06-26,4.112500190734863,4.247499942779541,4.107500076293945,4.212500095367432,3.861053705215454,-0.36676001640473,2.556296480463826,0.0962398052215571,0.09623980522155717
2006-06-27,4.244999885559082,4.247499942779541,4.164999961853027,4.204999923706055,3.85417914390564,0.3782090246180509,-0.1780488393758439,-0.006874561309814,-0.006874561309814009
2006-06-28,4.242499828338623,4.242499828338623,4.167500019073486,4.212500095367432,3.861053705215454,-0.2082559651232872,0.1783664187142042,0.006874561309814,0.006874561309814009
2006-06-29,4.170000076293945,4.224999904632568,3.997499942779541,4.087500095367432,3.746482133865357,2.0538232810218746,-2.967365390316523,-0.1145715713500972,-0.11457157135009721
2006-06-30,4.099999904632568,4.244999885559082,4.099999904632568,4.224999904632568,3.87251091003418,4.071353419475668,3.3639230527651165,0.1260287761688232,0.12602877616882324
2006-07-03,4.182499885559082,4.25,4.159999847412109,4.190000057220459,3.840430974960327,-0.3101514266613576,-0.8284014123944639,-0.0320799350738529,-0.03207993507385298
2006-07-05,4.112500190734863,4.239999771118164,4.099999904632568,4.212500095367432,3.861053705215454,-0.0044650420471465,0.5369899990284255,0.0206227302551269,0.020622730255126953
2006-07-06,4.207499980926514,4.284999847412109,4.172500133514404,4.275000095367432,3.918339252471924,-0.2195776830719617,1.483676520196786,0.0572855472564697,0.05728554725646973
2006-07-07,4.292500019073486,4.292500019073486,4.119999885559082,4.130000114440918,3.785436153411865,-0.3033583958921529,-3.3918221597636244,-0.132903099060059,-0.13290309906005904
2006-07-10,4.162499904632568,4.267499923706055,4.162499904632568,4.264999866485596,3.9091739654541016,-0.1448543446107101,3.2687861326285983,0.1237378120422367,0.12373781204223677
2006-07-11,4.21999979019165,4.277500152587891,4.137499809265137,4.275000095367432,3.918339252471924,-0.2920366779434785,0.2344558492105353,0.0091652870178222,0.009165287017822266
2006-07-12,4.257500171661377,4.277500152587891,4.190000057220459,4.192500114440918,3.8427212238311768,-0.6452742779421223,-1.9298489428408396,-0.075618028640747,-0.07561802864074707
2006-07-13,4.175000190734863,4.25,4.105000019073486,4.125,3.780853986740112,-0.0429588830726398,-1.6099850467264365,-0.0618672370910649,-0.0618672370910649
2006-07-14,4.150000095367432,4.175000190734863,4.107500076293945,4.119999885559082,3.776271104812622,0.2808422502594504,-0.121212877925525,-0.0045828819274897,-0.00458288192748979
2006-07-17,4.122499942779541,4.177499771118164,4.122499942779541,4.137499809265137,3.792309284210205,-0.3192088010202972,0.4247094276982111,0.016038179397583,0.016038179397583008
2006-07-18,4.184999942779541,4.230000019073486,4.135000228881836,4.1875,3.838139772415161,-0.4256329497378374,1.2085113520613255,0.045830488204956,0.045830488204956055
2006-07-19,4.1875,4.40749979019165,4.159999847412109,4.387499809265137,4.0214524269104,0.4551967066690374,4.776080741319366,0.1833126544952392,0.18331265449523926
2006-07-20,4.25,4.324999809265137,3.7799999713897705,3.877500057220459,3.554002046585083,1.0529834143590502,-11.62391918892971,-0.4674503803253174,-0.4674503803253174
2006-07-21,3.839999914169312,3.902499914169312,3.712500095367432,3.887500047683716,3.5631678104400635,0.5412417630789635,0.2578997911322878,0.0091657638549804,0.009165763854980469
2006-07-24,3.902499914169312,4.067500114440918,3.902499914169312,4.067500114440918,3.728150844573975,-0.1290039394825659,4.630234749273154,0.1649830341339115,0.16498303413391158
2006-07-25,4.054999828338623,4.107500076293945,3.882499933242798,4.105000019073486,3.762522459030152,-0.1199465651236263,0.9219480618978038,0.0343716144561767,0.03437161445617676
2006-07-27,3.827500104904175,3.8949999809265137,3.650000095367432,3.677500009536743,3.370687961578369,0.0996947630806586,-10.41414374846773,-0.3918344974517826,-0.39183449745178267
2006-07-28,3.714999914169312,3.890000104904175,3.712500095367432,3.8550000190734863,3.5333797931671143,-0.0225797907650257,4.826665459491619,0.1626918315887451,0.16269183158874512
2006-07-31,3.7699999809265137,3.9574999809265137,3.75,3.940000057220459,3.611288070678711,0.3600942759001718,2.2049222577843697,0.0779082775115966,0.07790827751159668
2006-08-01,3.8949999809265137,3.8949999809265137,3.817500114440918,3.8350000381469727,3.515048027038574,-0.8309504523003839,-2.664978305706012,-0.0962400436401367,-0.09624004364013672
2006-08-02,3.859999895095825,3.9375,3.8324999809265137,3.912499904632568,3.586082220077514,-0.7652844881980719,2.020859814504039,0.0710341930389399,0.07103419303893999
2006-08-03,3.867500066757202,4.034999847412109,3.8550000190734863,4.034999847412109,3.6983606815338135,-0.6837681189676156,3.130950562920232,0.1122784614562992,0.11227846145629927
2006-08-04,3.940000057220459,4.007500171661377,3.822499990463257,3.964999914169312,3.634201765060425,-0.0339015087137002,-1.7347933854515274,-0.0641589164733886,-0.06415891647338867
2006-08-07,3.924999952316284,3.932499885559082,3.8424999713897705,3.927500009536743,3.5998311042785645,-0.3033583958921529,-0.945755436924367,-0.0343706607818603,-0.03437066078186035
2006-08-08,3.932499885559082,4.0,3.775000095367432,3.802500009536743,3.485259532928467,0.0136497066707325,-3.182692966176226,-0.1145715713500976,-0.11457157135009766
2006-08-09,3.8524999618530273,3.9149999618530273,3.8125,3.8125,3.494425058364868,-0.2399567753795758,0.2629797106874276,0.0091655254364013,0.009165525436401367
2006-08-10,3.75,3.992500066757202,3.75,3.942500114440918,3.613579511642456,0.5185983271816146,3.409844288758146,0.1191544532775878,0.11915445327758789
2006-08-11,3.9175000190734863,3.987499952316284,3.5850000381469727,3.682499885559082,3.375270366668701,1.3881062656398149,-6.594822231141051,-0.2383091449737548,-0.23830914497375488
2006-08-14,3.7300000190734863,3.9049999713897705,3.662499904632568,3.837500095367432,3.51733946800232,0.224233660516078,4.209117667626638,0.1420691013336186,0.1420691013336186
2006-08-15,3.9149999618530273,3.934999942779541,3.802500009536743,3.8350000381469727,3.515048027038574,-0.3033583958921529,-0.0651469948974581,-0.0022914409637455,-0.0022914409637455613
2006-08-16,3.849999904632568,3.869999885559082,3.8324999809265137,3.8350000381469727,3.515048027038574,-0.3826104215328743,0.0,0.0,0.0
2006-08-17,3.809999942779541,3.849999904632568,3.802500009536743,3.8350000381469727,3.515048027038574,-0.0723953497391934,0.0,0.0,0.0
2006-08-18,3.8550000190734863,3.8550000190734863,3.752500057220459,3.822499990463257,3.503590583801269,-0.3712887035841998,-0.3259541021679357,-0.0114574432373051,-0.011457443237305132
2006-08-21,3.7925000190734863,3.817500114440918,3.722500085830689,3.722500085830689,3.411933422088623,-0.7018828676854948,-2.61609224937468,-0.091657161712646,-0.09165716171264604
2006-08-22,3.724999904632568,3.827500104904175,3.674999952316284,3.809999942779541,3.492133140563965,-0.4912989138401494,2.350565165080143,0.0801997184753418,0.0801997184753418
2006-08-23,3.827500104904175,3.8324999809265137,3.694999933242798,3.734999895095825,3.423391342163086,-0.6860324625573505,-1.968475875171738,-0.0687417984008789,-0.0687417984008789
2006-08-24,3.732500076293945,3.775000095367432,3.650000095367432,3.674999952316284,3.368396282196045,-0.5094136625580286,-1.606449700614487,-0.054995059967041,-0.054995059967041016
2006-08-25,3.650000095367432,3.724999904632568,3.650000095367432,3.674999952316284,3.368396282196045,-0.3916677958918139,0.0,0.0,0.0
2006-08-28,3.694999933242798,3.7200000286102295,3.674999952316284,3.684999942779541,3.377561569213867,-0.4143112317891629,0.2720964592636044,0.0091652870178222,0.009165287017822266
2006-08-29,3.7100000381469727,3.799999952316284,3.652499914169312,3.744999885559082,3.432556390762329,0.3397151835925577,1.6282403864886996,0.0549948215484619,0.054994821548461914
2006-08-30,3.825000047683716,3.829999923706055,3.740000009536743,3.799999952316284,3.4829678535461426,-0.2716575856358644,1.4686273740317946,0.0504114627838134,0.05041146278381348
2006-08-31,3.827500104904175,3.8975000381469727,3.827500104904175,3.839999914169312,3.5196309089660645,0.0793156707730445,1.052638352162627,0.0366630554199218,0.036663055419921875
2006-09-01,3.875,3.944999933242798,3.847500085830689,3.890000104904175,3.565459728240967,-0.4822415394812098,1.3020916243847047,0.0458288192749023,0.045828819274902344
2006-09-05,3.910000085830689,3.952500104904175,3.875,3.942500114440918,3.613579511642456,-0.323737488199767,1.3496095053422197,0.0481197834014892,0.04811978340148926
2006-09-06,3.9075000286102295,3.9175000190734863,3.880000114440918,3.880000114440918,3.556293249130249,-0.566022252301401,-1.5853051614787672,-0.057286262512207,-0.05728626251220703
2006-09-07,3.8550000190734863,3.930000066757202,3.839999914169312,3.887500047683716,3.5631678104400635,-0.4075182010199582,0.1933069302284318,0.0068745613098144,0.006874561309814453
2006-09-08,3.887500047683716,3.934999942779541,3.887500047683716,3.922499895095825,3.595247745513916,-0.7358480215315183,0.900320635471008,0.0320799350738525,0.03207993507385254
2006-09-11,3.887500047683716,3.9774999618530273,3.887500047683716,3.9774999618530273,3.6456594467163086,-0.4482763856351863,1.4021760048468224,0.0504117012023925,0.05041170120239258
2006-09-12,3.964999914169312,4.122499942779541,3.964999914169312,4.067500114440918,3.728150844573975,-0.3644956728149952,2.2627291183757503,0.0824913978576664,0.08249139785766646
2006-09-13,4.072500228881836,4.190000057220459,4.072500228881836,4.190000057220459,3.840430974960327,-0.2535428369179852,3.0116842120207377,0.1122801303863521,0.1122801303863521
2006-09-14,4.159999847412109,4.184999942779541,4.130000114440918,4.152500152587891,3.806058883666992,-0.323737488199767,-0.8950060948222149,-0.0343720912933349,-0.03437209129333496
2006-09-15,4.182499885559082,4.184999942779541,4.099999904632568,4.144999980926514,3.799184799194336,4.764242557934546,-0.1806089890557194,-0.0068740844726562,-0.00687408447265625
2006-09-18,4.112500190734863,4.239999771118164,4.107500076293945,4.239999771118164,3.886258840560913,-0.1357969702517706,2.2919138175390152,0.0870740413665771,0.08707404136657715
2006-09-19,4.199999809265137,4.232500076293945,4.085000038146973,4.135000228881836,3.790018558502197,-0.500356288199089,-2.4764249116465358,-0.0962402820587162,-0.09624028205871626
2006-09-20,4.182499885559082,4.287499904632568,4.127500057220459,4.264999866485596,3.9091739654541016,0.201590224618729,3.1439267410604543,0.1191554069519047,0.11915540695190474
2006-09-21,4.289999961853027,4.289999961853027,4.162499904632568,4.195000171661377,3.8450136184692383,-0.5977230625576896,-1.6412763297785404,-0.0641603469848632,-0.06416034698486328
2006-09-22,4.164999961853027,4.202499866485596,4.137499809265137,4.190000057220459,3.840430974960327,-0.0429588830726398,-0.1191840644438446,-0.0045826435089111,-0.004582643508911133
2006-09-25,4.182499885559082,4.21750020980835,4.164999961853027,4.1875,3.838139772415161,-0.3056227394818878,-0.0596600371183475,-0.002291202545166,-0.0022912025451660156
2006-09-26,4.164999961853027,4.204999923706055,4.162499904632568,4.179999828338623,3.831264734268189,-0.4663911343530655,-0.1791242256570013,-0.0068750381469722,-0.006875038146972212
2006-09-27,4.164999961853027,4.1875,4.150000095367432,4.152500152587891,3.806058883666992,-0.0633379753802539,-0.6578989537252999,-0.0252058506011967,-0.025205850601196733
2006-09-28,4.150000095367432,4.167500019073486,4.150000095367432,4.164999961853027,3.817516326904297,0.1336599169266821,0.3010316862535278,0.0114574432373046,0.011457443237304688
2006-09-29,4.147500038146973,4.182499885559082,4.147500038146973,4.167500019073486,3.819807529449463,0.7405039989756345,0.0600181465896687,0.002291202545166,0.0022912025451660156
2006-10-02,4.152500152587891,4.192500114440918,4.150000095367432,4.164999961853027,3.817516326904297,-0.0339015087137002,-0.0599821464171035,-0.002291202545166,-0.0022912025451660156
2006-10-03,4.150000095367432,4.167500019073486,4.132500171661377,4.150000095367432,3.803767681121826,1.019018260513027,-0.3601463518459913,-0.0137486457824707,-0.013748645782470703
2006-10-04,4.139999866485596,4.252500057220459,4.139999866485596,4.242499828338623,3.888549327850342,1.166200593845795,2.2288860371070696,0.0847816467285156,0.08478164672851562
2006-10-05,4.267499923706055,4.349999904632568,4.207499980926514,4.324999809265137,3.964165687561035,0.7654117784627184,1.9445904715446936,0.0756163597106933,0.07561635971069336
2006-10-06,4.3125,4.360000133514404,4.267499923706055,4.304999828338623,3.945836782455444,-0.323737488199767,-0.4623647584434898,-0.0183289051055912,-0.018328905105591264
2006-10-09,4.28000020980835,4.320000171661377,4.244999885559082,4.320000171661377,3.959585428237915,-0.6475386215318573,0.3484342242335625,0.0137486457824711,0.013748645782471147
2006-10-10,4.34250020980835,4.347499847412109,4.267499923706055,4.297500133514404,3.9389615058898926,-0.5977230625576896,-0.5208606487169698,-0.0206239223480224,-0.02062392234802246
2006-10-11,4.295000076293945,4.300000190734863,4.252500057220459,4.277500152587891,3.920630216598511,-0.4482763856351863,-0.4653838140832533,-0.0183312892913813,-0.018331289291381392
2006-10-12,4.3125,4.355000019073486,4.297500133514404,4.317500114440918,3.957293510437012,-0.3554382984560555,0.9351377664560624,0.0366632938385009,0.03666329383850098
2006-10-13,4.307499885559082,4.364999771118164,4.287499904632568,4.340000152587891,3.977916717529297,6.364513232321146e-05,0.5211442375424813,0.0206232070922847,0.020623207092284712
2006-10-16,4.327499866485596,4.375,4.247499942779541,4.349999904632568,3.987081527709961,0.0091210194912627,0.230392208571839,0.009164810180664,0.009164810180664062
2006-10-17,4.28249979019165,4.369999885559082,4.255000114440918,4.355000019073486,3.991664409637451,-0.3327948625587066,0.1149432710527698,0.0045828819274902,0.004582881927490234
2006-10-18,4.367499828338623,4.512499809265137,4.367499828338623,4.497499942779541,4.122276306152344,-0.215048995892492,3.27211616787082,0.1306118965148925,0.13061189651489258
2006-10-19,4.534999847412109,4.534999847412109,4.460000038146973,4.480000019073486,4.106235980987549,-0.0203154471752908,-0.3891132950223475,-0.0160403251647949,-0.016040325164794922
2006-10-20,4.5,4.539999961853027,4.392499923706055,4.512499809265137,4.136024951934815,1.689263963074556,0.7254568681681617,0.0297889709472665,0.029788970947266513
2006-10-23,4.480000019073486,4.539999961853027,4.457499980926514,4.527500152587891,4.149772644042969,-0.6407455907626526,0.3323890031592391,0.0137476921081534,0.013747692108153409
2006-10-24,4.489999771118164,4.519999980926514,4.440000057220459,4.494999885559082,4.11998462677002,-0.6271595292242432,-0.7178228743617843,-0.0297880172729483,-0.02978801727294833
2006-10-25,4.5,4.542500019073486,4.422500133514404,4.537499904632568,4.158938884735107,0.0521435476962258,0.9454952261709336,0.038954257965087,0.038954257965087
2006-10-26,4.547500133514404,4.547500133514404,4.489999771118164,4.507500171661377,4.131442546844482,0.1064877938498633,-0.66113830120339,-0.027496337890625,-0.027496337890625
2006-10-27,4.510000228881836,4.53000020980835,4.434999942779541,4.434999942779541,4.0649895668029785,-0.0701310061494586,-1.6084691796636408,-0.0664529800415039,-0.0664529800415039
2006-10-30,4.432499885559082,4.53000020980835,4.322500228881836,4.525000095367432,4.147482395172119,-0.47771285230174,2.0293490798309666,0.0824928283691406,0.08249282836914062
2006-10-31,4.550000190734863,4.550000190734863,4.474999904632568,4.525000095367432,4.147482395172119,-0.1561760625593846,0.0,0.0,0.0
2006-11-01,4.550000190734863,4.550000190734863,4.335000038146973,4.349999904632568,3.987081527709961,0.201590224618729,-3.867427325282269,-0.1604008674621582,-0.1604008674621582
2006-11-02,4.300000190734863,4.427499771118164,4.300000190734863,4.387499809265137,4.0214524269104,-0.4052538574302233,0.8620565935650859,0.0343708992004394,0.03437089920043945
2006-11-03,4.412499904632568,4.487500190734863,4.412499904632568,4.449999809265137,4.078739643096924,-0.2558071805077201,1.4245404422336128,0.0572872161865234,0.05728721618652344
2006-11-06,4.46750020980835,4.590000152587891,4.460000038146973,4.577499866485596,4.1956000328063965,0.0747869835935748,2.865110302082008,0.1168603897094726,0.11686038970947266
2006-11-07,4.605000019073486,4.637499809265137,4.542500019073486,4.597499847412109,4.213932514190674,1.5624607220494018,0.4369454009183648,0.0183324813842773,0.018332481384277344
2006-11-08,4.565000057220459,4.727499961853027,4.519999980926514,4.682499885559082,4.29184103012085,-0.4482763856351863,1.8488316001220808,0.0779085159301757,0.07790851593017578
2006-11-09,4.699999809265137,4.71750020980835,4.514999866485596,4.545000076293945,4.165813446044922,-0.6181021548653036,-2.936445762819395,-0.1260275840759277,-0.12602758407592773
2006-11-10,4.545000076293945,4.590000152587891,4.477499961853027,4.489999771118164,4.115400791168213,-0.3305305189689717,-1.210151523337455,-0.0504126548767089,-0.050412654876708984
2006-11-13,4.46750020980835,4.5625,4.452499866485596,4.5,4.12456750869751,1.6847352758950862,0.222741793435266,0.0091667175292968,0.009166717529296875
2006-11-14,4.5,4.519999980926514,4.465000152587891,4.5,4.12456750869751,0.3261291220541483,0.0,0.0,0.0
2006-11-15,4.494999885559082,4.525000095367432,4.474999904632568,4.497499942779541,4.122276306152344,0.0113853630809976,-0.0555501283548975,-0.002291202545166,-0.0022912025451660156
2006-11-16,4.5,4.519999980926514,4.460000038146973,4.477499961853027,4.103946208953857,-0.7267906471725787,-0.4446595967167344,-0.0183300971984863,-0.018330097198486328
2006-11-17,4.480000019073486,4.480000019073486,4.397500038146973,4.432499885559082,4.062699794769287,-0.346380924097116,-1.0050427584693988,-0.0412464141845703,-0.04124641418457031
2006-11-20,4.40500020980835,4.425000190734863,4.394999980926514,4.414999961853027,4.046659469604492,-0.5637579087116661,-0.3948193559722757,-0.0160403251647949,-0.016040325164794922
2006-11-21,4.412499904632568,4.434999942779541,4.387499809265137,4.412499904632568,4.04436731338501,-0.6113091240960989,-0.0566431704149938,-0.0022921562194824,-0.002292156219482422
2006-11-22,4.402500152587891,4.422500133514404,4.382500171661377,4.409999847412109,4.0420756340026855,-0.6452742779421223,-0.056663482931929,-0.0022916793823242,-0.0022916793823242188
2006-11-24,4.372499942779541,4.434999942779541,4.352499961853027,4.432499885559082,4.062699794769287,-0.8875590420437564,0.5102368840678606,0.0206241607666015,0.020624160766601562
2006-11-27,4.397500038146973,4.449999809265137,4.380000114440918,4.412499904632568,4.04436731338501,0.1812111323111149,-0.4512388881866225,-0.0183324813842773,-0.018332481384277344
2006-11-28,4.412499904632568,4.434999942779541,4.387499809265137,4.420000076293945,4.05124044418335,-0.1154178779441565,0.1699432881774321,0.0068731307983398,0.006873130798339844
2006-11-29,4.442500114440918,4.449999809265137,4.427499771118164,4.449999809265137,4.078739643096924,-0.0022006984574116,0.6787846658930619,0.0274991989135742,0.02749919891357422
2006-11-30,4.4375,4.454999923706055,4.402500152587891,4.454999923706055,4.083321571350098,0.552563481027638,0.112336865161966,0.0045819282531738,0.004581928253173828
2006-12-01,4.432499885559082,4.457499980926514,4.380000114440918,4.402500152587891,4.035202026367188,0.1381886041061519,-1.1784412307992431,-0.0481195449829092,-0.04811954498290927
2006-12-04,4.427499771118164,4.462500095367432,4.380000114440918,4.409999847412109,4.0420756340026855,0.6023790400018058,0.1703411028886048,0.0068736076354971,0.006873607635497159
2006-12-05,4.442500114440918,4.512499809265137,4.397500038146973,4.4375,4.0672807693481445,0.2264980041058129,0.6235691171493363,0.0252051353454589,0.025205135345458984
2006-12-06,4.420000076293945,4.519999980926514,4.400000095367432,4.427499771118164,4.058115482330322,-0.0361658523034351,-0.2253418816545394,-0.0091652870178222,-0.009165287017822266
2006-12-07,4.442500114440918,4.525000095367432,4.422500133514404,4.480000019073486,4.106235980987549,-0.0995674728160122,1.1857843589407668,0.0481204986572265,0.04812049865722656
2006-12-08,4.482500076293945,4.5625,4.457499980926514,4.542500019073486,4.163522720336914,-0.8309504523003839,1.3951156147530508,0.0572867393493652,0.057286739349365234
2006-12-11,4.537499904632568,4.599999904632568,4.537499904632568,4.599999904632568,4.216224670410156,-0.7992496420440953,1.2658019089416106,0.0527019500732421,0.05270195007324219
2006-12-12,4.579999923706055,4.617499828338623,4.512499809265137,4.597499847412109,4.213932514190674,-0.7652844881980719,-0.0543651346563422,-0.0022921562194824,-0.002292156219482422
2006-12-13,4.619999885559082,4.619999885559082,4.577499866485596,4.599999904632568,4.216224670410156,-0.0633379753802539,0.0543947064117311,0.0022921562194824,0.002292156219482422
2006-12-14,4.599999904632568,4.630000114440918,4.597499847412109,4.610000133514404,4.225390434265137,-0.4980919446093541,0.2173926811658511,0.0091657638549804,0.009165763854980469
2006-12-15,4.610000133514404,4.6875,4.605000019073486,4.612500190734863,4.227679252624512,1.2658317117941305,0.054168209896388,0.002288818359375,0.002288818359375
2006-12-18,4.637499809265137,4.702499866485596,4.550000190734863,4.599999904632568,4.216224670410156,-0.147118688200445,-0.2709425557117284,-0.0114545822143554,-0.011454582214355469
2006-12-19,4.587500095367432,4.667500019073486,4.579999923706055,4.637499809265137,4.250596523284912,-0.3984608266610186,0.8152282091602236,0.0343718528747558,0.03437185287475586
2006-12-20,4.652500152587891,4.755000114440918,4.650000095367432,4.735000133514404,4.339961528778076,-0.5229997240964379,2.102410920528897,0.089365005493164,0.08936500549316406
2006-12-21,4.75,4.757500171661377,4.605000019073486,4.647500038146973,4.259761333465576,-0.6860324625573505,-1.847947148395124,-0.0802001953125,-0.0802001953125
2006-12-22,4.644999980926514,4.722499847412109,4.644999980926514,4.692500114440918,4.301007270812988,-0.7675488317878068,0.9682687389872102,0.0412459373474121,0.04124593734741211
2006-12-26,4.652500152587891,4.775000095367432,4.652500152587891,4.762499809265137,4.365166187286377,-0.629423872813978,1.4917183913818688,0.0641589164733886,0.06415891647338867
2006-12-27,4.762499809265137,4.784999847412109,4.730000019073486,4.762499809265137,4.365166187286377,-0.5501718471732567,0.0,0.0,0.0
2006-12-28,4.747499942779541,4.760000228881836,4.697500228881836,4.735000133514404,4.339961528778076,-0.7788705497364813,-0.5774043284241914,-0.0252046585083007,-0.02520465850830078
2006-12-29,4.715000152587891,4.732500076293945,4.637499809265137,4.664999961853027,4.275801658630371,-0.2784506164050691,-1.4783511264388929,-0.064159870147705,-0.06415987014770508
2007-01-03,4.659999847412109,4.817500114440918,4.614999771118164,4.677499771118164,4.287256717681885,0.312543060515739,0.2679043596045316,0.0114550590515136,0.011455059051513672
2007-01-04,4.664999961853027,4.800000190734863,4.664999961853027,4.777500152587891,4.3789167404174805,-0.5048849753785588,2.137964408745652,0.0916600227355957,0.0916600227355957
2007-01-05,4.744999885559082,4.775000095367432,4.692500114440918,4.755000114440918,4.3582940101623535,-0.0271084779444955,-0.4709550666898709,-0.0206227302551269,-0.020622730255126953
2007-01-08,4.739999771118164,4.78000020980835,4.639999866485596,4.667500019073486,4.2780938148498535,-0.4505407292249212,-1.8401740480448288,-0.0802001953125,-0.0802001953125
2007-01-09,4.692500114440918,4.760000228881836,4.619999885559082,4.652500152587891,4.264344215393066,-0.015786759995821,-0.3213954637708127,-0.0137495994567871,-0.01374959945678711
2007-01-10,4.612500190734863,4.692500114440918,4.599999904632568,4.670000076293945,4.280384540557861,0.0770513271833097,0.3761498686455367,0.0160403251647949,0.016040325164794922
2007-01-11,4.699999809265137,4.797500133514404,4.6875,4.797500133514404,4.397247791290283,-0.3735530471739348,2.730204485721077,0.1168632507324218,0.11686325073242188
2007-01-12,4.784999847412109,4.875,4.732500076293945,4.872499942779541,4.465991497039795,-0.1607047497388544,1.5633348178757167,0.0687437057495117,0.06874370574951172
2007-01-16,4.912499904632568,4.929999828338623,4.762499809265137,4.800000190734863,4.399538993835449,-0.586401344609015,-1.4879675263240522,-0.0664525032043457,-0.0664525032043457
2007-01-17,4.769999980926514,4.807499885559082,4.625,4.635000228881836,4.24830436706543,-0.4392190112762467,-3.4375107706040686,-0.1512346267700195,-0.15123462677001953
2007-01-18,4.619999885559082,4.712500095367432,4.619999885559082,4.625,4.239138126373291,-0.36676001640473,-0.2157623348081894,-0.0091662406921386,-0.009166240692138672
2007-01-19,4.612500190734863,4.65749979019165,4.602499961853027,4.65749979019165,4.268927574157715,-0.783399236915951,0.7027241598732692,0.0297894477844238,0.029789447784423828
2007-01-22,4.695000171661377,4.695000171661377,4.614999771118164,4.627500057220459,4.241430759429932,-0.5841370010192801,-0.6441152783719595,-0.0274968147277832,-0.027496814727783203
2007-01-23,4.607500076293945,4.792500019073486,4.607500076293945,4.75,4.353709697723389,-0.2127846523027571,2.647194889220539,0.112278938293457,0.11227893829345703
2007-01-24,4.75,4.769999980926514,4.684999942779541,4.707499980926514,4.314755916595459,-0.566022252301401,-0.8947261951870455,-0.0389537811279296,-0.03895378112792969
2007-01-25,4.71750020980835,4.787499904632568,4.570000171661377,4.639999866485596,4.252886295318604,-0.3622313292252602,-1.4339077916062593,-0.0618696212768545,-0.06186962127685458
2007-01-26,4.607500076293945,4.71999979019165,4.607500076293945,4.679999828338623,4.28955078125,-0.3848747651226092,0.8621083044650035,0.0366644859313955,0.036664485931395596
2007-01-29,4.699999809265137,4.809999942779541,4.699999809265137,4.744999885559082,4.349128246307373,0.024971424619407,1.388897534860556,0.059577465057373,0.05957746505737305
2007-01-30,4.78000020980835,4.804999828338623,4.739999771118164,4.784999847412109,4.385790824890137,-0.1108891907646867,0.8429868356697012,0.0366625785827636,0.03666257858276367
2007-01-31,4.737500190734863,4.737500190734863,4.612500190734863,4.652500152587891,4.264344215393066,-0.1108891907646867,-2.769092607149415,-0.1214466094970703,-0.12144660949707031
2007-02-01,4.667500019073486,4.762499809265137,4.650000095367432,4.730000019073486,4.335378646850586,-0.719997616403374,1.6657762101170317,0.0710344314575195,0.07103443145751953
2007-02-02,4.635000228881836,4.682499885559082,4.559999942779541,4.59250020980835,4.2093505859375,-0.6067804369166291,-2.9069677917207604,-0.1260280609130859,-0.12602806091308594
2007-02-05,4.574999809265137,4.585000038146973,4.412499904632568,4.434999942779541,4.0649895668029785,0.8220203682060907,-3.429531852652034,-0.1443610191345214,-0.14436101913452148
2007-02-06,4.465000152587891,4.472499847412109,4.425000190734863,4.452499866485596,4.081028938293457,-0.432425980507042,0.3945734970998593,0.0160393714904785,0.016039371490478516
2007-02-07,4.429999828338623,4.472499847412109,4.417500019073486,4.447500228881836,4.076447010040283,-0.4845058830709447,-0.1122738486409757,-0.0045819282531738,-0.004581928253173828
2007-02-08,4.457499980926514,4.465000152587891,4.392499923706055,4.445000171661377,4.074156284332275,0.4167028656435442,-0.0561941735625626,-0.0022907257080078,-0.0022907257080078125
2007-02-09,4.445000171661377,4.462500095367432,4.349999904632568,4.369999885559082,4.0054121017456055,0.3872663989769905,-1.6873231606513217,-0.0687441825866699,-0.06874418258666992
2007-02-12,4.369999885559082,4.429999828338623,4.34250020980835,4.429999828338623,4.060407638549805,-0.2263707138411664,1.373030674677178,0.0549955368041992,0.05499553680419922
2007-02-13,4.432499885559082,4.432499885559082,4.324999809265137,4.364999771118164,4.000830173492432,0.1064877938498633,-1.4672779277563277,-0.059577465057373,-0.05957746505737305
2007-02-14,4.34499979019165,4.349999904632568,4.309999942779541,4.317500114440918,3.957293510437012,-0.2218420266616966,-1.0881907296108828,-0.0435366630554194,-0.04353666305541948
2007-02-15,4.329999923706055,4.4375,4.309999942779541,4.34499979019165,3.982498645782471,0.2174406297468733,0.636928630110023,0.0252051353454589,0.025205135345458984
2007-02-16,4.355000019073486,4.585000038146973,4.34499979019165,4.572500228881836,4.191019535064697,0.8265490553855606,5.235931203719368,0.2085208892822261,0.20852088928222612
2007-02-20,4.572500228881836,4.630000114440918,4.537499904632568,4.625,4.239138126373291,0.6861597528219969,1.1481356960043598,0.0481185913085937,0.04811859130859375
2007-02-21,4.602499961853027,4.625,4.572500228881836,4.625,4.239138126373291,-0.3418522369176462,0.0,0.0,0.0
2007-02-22,4.619999885559082,4.625,4.59250020980835,4.619999885559082,4.234555721282959,0.3193360912849436,-0.1080975649701776,-0.004582405090332,-0.004582405090332031
2007-02-23,4.612500190734863,4.635000228881836,4.59499979019165,4.605000019073486,4.220806121826172,0.8242847117958256,-0.3246999298576081,-0.0137495994567871,-0.01374959945678711
2007-02-26,4.637499809265137,4.672500133514404,4.612500190734863,4.667500019073486,4.2780938148498535,-0.389403452302079,1.3572689995743126,0.0572876930236816,0.05728769302368164
2007-02-27,4.605000019073486,4.677499771118164,4.545000076293945,4.602499961853027,4.2185163497924805,0.9805244194875335,-1.3926170775070743,-0.059577465057373,-0.05957746505737305
2007-02-28,4.599999904632568,4.650000095367432,4.599999904632568,4.602499961853027,4.2185163497924805,0.2989569989773296,0.0,0.0,0.0
2007-03-01,4.574999809265137,4.664999961853027,4.574999809265137,4.617499828338623,4.232265472412109,-0.1131535343544216,0.3259231796104211,0.0137491226196289,0.013749122619628906
2007-03-02,4.582499980926514,4.659999847412109,4.579999923706055,4.612500190734863,4.227679252624512,-0.0044650420471465,-0.108363235186748,-0.0045862197875976,-0.004586219787597656
2007-03-05,4.59499979019165,4.667500019073486,4.565000057220459,4.585000038146973,4.202475547790527,0.0996947630806586,-0.5961593424652079,-0.0252037048339843,-0.025203704833984375
2007-03-06,4.619999885559082,4.744999885559082,4.612500190734863,4.707499980926514,4.314755916595459,-0.1742908112772638,2.671767331613939,0.1122803688049316,0.11228036880493164
2007-03-07,4.684999942779541,4.724999904632568,4.619999885559082,4.639999866485596,4.252886295318604,-0.015786759995821,-1.4339077916062593,-0.0618696212768545,-0.06186962127685458
2007-03-08,4.667500019073486,4.744999885559082,4.650000095367432,4.659999847412109,4.271218299865723,-0.3169444574305623,0.431048546190782,0.0183320045471182,0.018332004547118252
2007-03-09,4.702499866485596,4.727499961853027,4.627500057220459,4.662499904632568,4.273510932922363,-0.4845058830709447,0.0536763259492589,0.0022926330566406,0.002292633056640625
2007-03-12,4.670000076293945,4.724999904632568,4.667500019073486,4.724999904632568,4.330794334411621,-0.631688216403713,1.340429506052199,0.0572834014892578,0.05728340148925781
2007-03-13,4.672500133514404,4.727499961853027,4.590000152587891,4.625,4.239138126373291,0.070258296414105,-2.1163832997112886,-0.09165620803833,-0.09165620803833008
2007-03-14,4.625,4.699999809265137,4.552499771118164,4.699999809265137,4.307881832122803,-0.2693932420461295,1.6216434496868937,0.0687437057495117,0.06874370574951172
2007-03-15,4.707499980926514,4.775000095367432,4.664999961853027,4.755000114440918,4.3582940101623535,-0.3418522369176462,1.1702312181276486,0.0504121780395507,0.05041217803955078
2007-03-16,4.752500057220459,4.787499904632568,4.71999979019165,4.764999866485596,4.367457866668701,1.7730446758947471,0.2102624670336617,0.0091638565063476,0.009163856506347656
2007-03-19,4.789999961853027,4.872499942779541,4.742499828338623,4.835000038146973,4.431618690490723,0.0996947630806586,1.46906566201086,0.0641608238220214,0.06416082382202148
2007-03-20,4.822500228881836,4.832499980926514,4.789999961853027,4.8125,4.410996437072754,0.1540390092342962,-0.4653435879359291,-0.0206222534179687,-0.02062225341796875
2007-03-21,4.8125,4.829999923706055,4.795000076293945,4.827499866485596,4.424743175506592,0.267256188721041,0.3116470083335709,0.0137467384338378,0.01374673843383789
2007-03-22,4.8125,4.880000114440918,4.789999961853027,4.880000114440918,4.472863674163818,0.0385574861578164,1.0875320159506652,0.0481204986572265,0.04812049865722656
2007-03-23,4.920000076293945,4.980000019073486,4.877500057220459,4.962500095367432,4.5484819412231445,-0.2535428369179852,1.6906007553083358,0.0756182670593261,0.07561826705932617
2007-03-26,4.962500095367432,5.007500171661377,4.9375,4.980000019073486,4.564521312713623,-0.7607558010186021,0.3526313107921286,0.0160393714904785,0.016039371490478516
2007-03-27,5.0,5.0,4.929999828338623,4.954999923706055,4.541606903076172,-0.6633890266600015,-0.502011231136712,-0.0229144096374511,-0.022914409637451172
2007-03-28,4.922500133514404,4.977499961853027,4.869999885559082,4.880000114440918,4.472863674163818,-0.4709198215325353,-1.5136322975419003,-0.0687432289123535,-0.06874322891235352
2007-03-29,4.917500019073486,4.974999904632568,4.760000228881836,4.835000038146973,4.431618690490723,-0.6226308420447734,-0.9221158228303494,-0.0412449836730957,-0.0412449836730957
2007-03-30,4.987500190734863,5.0,4.900000095367432,4.987500190734863,4.571394920349121,0.7020101579501412,3.1540671619227467,0.1397762298583984,0.13977622985839844
2007-04-02,4.987500190734863,4.987500190734863,4.932499885559082,4.96999979019165,4.555356025695801,-0.3056227394818878,-0.350853403234197,-0.0160388946533203,-0.016038894653320312
2007-04-03,4.954999923706055,4.985000133514404,4.942500114440918,4.965000152587891,4.550772666931152,-0.5207353805067031,-0.1006147211940144,-0.0045833587646484,-0.0045833587646484375
2007-04-04,4.934999942779541,4.962500095367432,4.902500152587891,4.962500095367432,4.5484819412231445,-0.1493830317901799,-0.0503370718703211,-0.0022907257080078,-0.0022907257080078125
2007-04-05,4.922500133514404,5.014999866485596,4.922500133514404,4.997499942779541,4.580561637878418,0.0566722348756956,0.7052835884547193,0.0320796966552734,0.03207969665527344
2007-04-09,5.212500095367432,5.227499961853027,5.039999961853027,5.114999771118164,4.688258171081543,0.3646229630796416,2.351164370599035,0.107696533203125,0.107696533203125
2007-04-10,5.125,5.139999866485596,5.102499961853027,5.139999866485596,4.711172580718994,-0.5026206317888239,0.488761685070882,0.0229144096374511,0.022914409637451172
2007-04-11,5.152500152587891,5.152500152587891,5.065000057220459,5.119999885559082,4.692840576171875,-0.280714959994804,-0.3891176609013391,-0.0183320045471191,-0.01833200454711914
2007-04-12,5.097499847412109,5.137499809265137,5.079999923706055,5.137499809265137,4.708881378173828,-0.5297927548656426,0.3418143391318518,0.0160408020019531,0.016040802001953125
2007-04-13,5.130000114440918,5.130000114440918,5.050000190734863,5.110000133514404,4.683676242828369,-0.2875079907640087,-0.5352680036130764,-0.0252051353454589,-0.025205135345458984
2007-04-16,5.150000095367432,5.175000190734863,5.107500076293945,5.175000190734863,4.743252277374268,0.421231552823014,1.2719930126921408,0.0595760345458984,0.05957603454589844
2007-04-17,5.167500019073486,5.230000019073486,5.150000095367432,5.177499771118164,4.74554443359375,0.355565588720702,0.0483245689970157,0.0022921562194824,0.002292156219482422
2007-04-18,5.150000095367432,5.212500095367432,5.139999866485596,5.170000076293945,4.738667964935303,-0.6633890266600015,-0.1449036829108352,-0.0068764686584472,-0.006876468658447266
2007-04-19,5.357500076293945,5.659999847412109,5.3125,5.625,5.155709266662598,3.088628301530722,8.800812903821775,0.4170413017272949,0.4170413017272949
2007-04-20,5.677499771118164,5.824999809265137,5.644999980926514,5.8125,5.3275651931762695,3.0342840553770847,3.333312986147452,0.1718559265136718,0.17185592651367188
2007-04-23,5.827499866485596,5.827499866485596,5.474999904632568,5.670000076293945,5.196955680847168,4.845758927165003,-2.451579804155013,-0.1306095123291015,-0.13060951232910156
2007-04-24,5.587500095367432,5.6875,5.587500095367432,5.684999942779541,5.2107014656066895,1.664356183587472,0.2644968632343758,0.0137457847595214,0.013745784759521484
2007-04-25,5.6875,5.724999904632568,5.567500114440918,5.579999923706055,5.114463806152344,3.641128137426037,-1.8469232998582608,-0.0962376594543457,-0.0962376594543457
2007-04-26,5.5625,5.5625,5.5,5.542500019073486,5.08009147644043,0.312543060515739,-0.6720612563640871,-0.034372329711914,-0.03437232971191406
2007-04-27,5.397500038146973,5.494999885559082,5.340000152587891,5.387499809265137,4.938023567199707,2.873515660505907,-2.796562028451277,-0.1420679092407226,-0.14206790924072266
2007-05-01,5.302499771118164,5.362500190734863,5.275000095367432,5.335000038146973,4.889904022216797,2.9482389989671587,-0.974469731220784,-0.0481195449829101,-0.048119544982910156
2007-05-02,5.347499847412109,5.46750020980835,5.322500228881836,5.46750020980835,5.011350154876709,2.0085364092271765,2.4836097417890723,0.1214461326599121,0.12144613265991211
2007-05-03,5.46999979019165,5.559999942779541,5.465000152587891,5.482500076293945,5.025097370147705,0.7495613733345741,0.2743215869204007,0.013747215270996,0.013747215270996094
2007-05-04,5.505000114440918,5.582499980926514,5.4375,5.534999847412109,5.073217391967773,0.3080143733362692,0.9575938190955702,0.0481200218200683,0.04812002182006836
2007-05-07,5.487500190734863,5.599999904632568,5.452499866485596,5.542500019073486,5.08009147644043,0.0612009220551654,0.1354975342381381,0.0068740844726562,0.00687408447265625
2007-05-08,5.525000095367432,5.547500133514404,5.380000114440918,5.547500133514404,5.084675312042236,0.5004835784637354,0.0902313594758119,0.0045838356018066,0.004583835601806641
2007-05-09,5.5,5.582499980926514,5.477499961853027,5.534999847412109,5.073217391967773,-0.5456431599937869,-0.2253422169814167,-0.0114579200744628,-0.01145792007446289
2007-05-10,5.487500190734863,5.522500038146973,5.289999961853027,5.300000190734863,4.857823371887207,-0.0339015087137002,-4.24570846149016,-0.2153940200805664,-0.2153940200805664
2007-05-11,5.34499979019165,5.427499771118164,5.277500152587891,5.427499771118164,4.974686145782471,0.0747869835935748,2.4056612385613407,0.1168627738952636,0.11686277389526367
2007-05-14,5.440000057220459,5.440000057220459,5.21750020980835,5.227499961853027,4.791372299194336,-0.2173133394822269,-3.684932902622362,-0.1833138465881347,-0.18331384658813477
2007-05-15,5.212500095367432,5.377500057220459,5.127500057220459,5.139999866485596,4.711172580718994,0.4031168041051348,-1.6738360842639466,-0.0801997184753418,-0.0801997184753418
2007-05-16,5.175000190734863,5.302499771118164,5.09499979019165,5.295000076293945,4.853240966796875,0.3374508400028228,3.015563188224335,0.1420683860778808,0.14206838607788086
2007-05-17,5.292500019073486,5.34499979019165,5.21750020980835,5.21999979019165,4.784499168395996,0.6137007579504802,-1.4164101653136862,-0.0687417984008789,-0.0687417984008789
2007-05-18,5.222499847412109,5.300000190734863,5.119999885559082,5.284999847412109,4.844073295593262,2.1104318707652467,1.2451486582082172,0.0595741271972656,0.059574127197265625
2007-05-21,5.267499923706055,5.427499771118164,5.21999979019165,5.387499809265137,4.938023567199707,1.148085845127916,1.9394890595878067,0.0939502716064453,0.09395027160644531
2007-05-22,5.417500019073486,5.512499809265137,5.364999771118164,5.505000114440918,5.04572057723999,0.4597253938485072,2.180973998497082,0.1076970100402832,0.1076970100402832
2007-05-23,5.525000095367432,5.537499904632568,5.422500133514404,5.462500095367432,5.0067667961120605,0.1472459784650915,-0.7720162171413247,-0.0389537811279296,-0.03895378112792969
2007-05-24,5.447500228881836,5.599999904632568,5.425000190734863,5.525000095367432,5.064052581787109,1.1956370605123487,1.144167244209049,0.0572857856750488,0.05728578567504883
2007-05-25,5.559999942779541,5.690000057220459,5.505000114440918,5.565000057220459,5.100714683532715,1.256774337435191,0.723967635673084,0.0366621017456054,0.03666210174560547
2007-05-29,5.597499847412109,5.690000057220459,5.59250020980835,5.622499942779541,5.153417587280273,0.0747869835935748,1.0332454767114418,0.0527029037475585,0.052702903747558594
2007-05-30,5.542500019073486,5.807499885559082,5.542500019073486,5.75,5.270280361175537,0.6318155066683594,2.267675225537813,0.1168627738952636,0.11686277389526367
2007-05-31,5.775000095367432,5.807499885559082,5.712500095367432,5.75,5.270280361175537,-0.0112580728163512,0.0,0.0,0.0
2007-06-01,5.777500152587891,5.857500076293945,5.732500076293945,5.829999923706055,5.343605995178223,0.5367130758994938,1.391304237680635,0.0733256340026855,0.07332563400268555
2007-06-04,5.817500114440918,5.867499828338623,5.722499847412109,5.764999866485596,5.28402853012085,0.6001146964120708,-1.1149299763330678,-0.059577465057373,-0.05957746505737305
2007-06-05,5.755000114440918,5.78249979019165,5.650000095367432,5.775000095367432,5.293195724487305,0.663516316924648,0.1734887371292348,0.009167194366455,0.009167194366455078
2007-06-06,5.722499847412109,5.775000095367432,5.614999771118164,5.724999904632568,5.2473649978637695,-0.1652334369183242,-0.8658422814692757,-0.0458307266235351,-0.045830726623535156
2007-06-07,5.684999942779541,5.78000020980835,5.639999866485596,5.730000019073486,5.251948356628418,0.1019591066703935,0.0873459110718233,0.0045833587646484,0.0045833587646484375
2007-06-08,5.6875,5.707499980926514,5.590000152587891,5.610000133514404,5.141960144042969,0.2287623476955478,-2.0942363693777444,-0.1099882125854492,-0.10998821258544922
2007-06-11,5.582499980926514,5.727499961853027,5.577499866485596,5.682499885559082,5.20841121673584,0.7971125887190069,1.2923295947724345,0.0664510726928711,0.0664510726928711
2007-06-12,5.637499809265137,5.712500095367432,5.510000228881836,5.579999923706055,5.114463806152344,0.0974304194909237,-1.8037633104241333,-0.0939474105834961,-0.0939474105834961
2007-06-13,5.599999904632568,5.762499809265137,5.557499885559082,5.707499980926514,5.231325149536133,-0.0678666625597236,2.2849187678914307,0.116861343383789,0.11686134338378906
2007-06-14,5.712500095367432,5.764999866485596,5.652500152587891,5.732500076293945,5.2542405128479,0.2332910348750175,0.4380412736111339,0.0229153633117675,0.022915363311767578
2007-06-15,5.84499979019165,5.849999904632568,5.739999771118164,5.775000095367432,5.293195724487305,1.800216798971566,0.7414051858522619,0.0389552116394043,0.0389552116394043
2007-06-18,5.742499828338623,5.800000190734863,5.647500038146973,5.737500190734863,5.258823871612549,0.6793667220527922,-0.649359189869847,-0.0343718528747558,-0.03437185287475586
2007-06-19,5.699999809265137,5.762499809265137,5.677499771118164,5.730000019073486,5.251948356628418,-0.2376924317898409,-0.1307424464478734,-0.0068755149841308,-0.006875514984130859
2007-06-20,5.760000228881836,5.792500019073486,5.53000020980835,5.537499904632568,5.0755109786987305,0.1155451682088029,-3.3594652107918788,-0.1764373779296875,-0.1764373779296875
2007-06-21,5.487500190734863,5.760000228881836,5.487500190734863,5.684999942779541,5.2107014656066895,0.2921639682081249,2.6635837746255664,0.1351904869079589,0.13519048690795898
2007-06-22,5.684999942779541,5.762499809265137,5.542500019073486,5.565000057220459,5.100714683532715,5.314478050240126,-2.1107864804756904,-0.1099867820739746,-0.10998678207397461
2007-06-25,5.574999809265137,5.677499771118164,5.5,5.507500171661377,5.048013210296631,0.3804733682077859,-1.0332174313969489,-0.0527014732360839,-0.052701473236083984
2007-06-26,5.547500133514404,5.742499828338623,5.494999885559082,5.682499885559082,5.20841121673584,0.7472970297448391,3.177448230762137,0.1603980064392089,0.16039800643920898
2007-06-27,5.627500057220459,5.699999809265137,5.502500057220459,5.699999809265137,5.224451541900635,-0.0927744420468075,0.3079696379052032,0.0160403251647949,0.016040325164794922
2007-06-28,5.712500095367432,5.737500190734863,5.662499904632568,5.684999942779541,5.2107014656066895,-0.1335326266620357,-0.2631869811341558,-0.0137500762939453,-0.013750076293945312
2007-06-29,5.702499866485596,5.75,5.59250020980835,5.59250020980835,5.125921726226807,0.3442438707720275,-1.6270312152686706,-0.0847797393798828,-0.08477973937988281
2007-07-02,5.619999885559082,5.737500190734863,5.579999923706055,5.699999809265137,5.224451541900635,-0.4867702266606796,1.92218728525837,0.0985298156738281,0.09852981567382812
2007-07-03,5.65500020980835,5.769999980926514,5.650000095367432,5.650000095367432,5.178623199462891,-0.3939321394815488,-0.877189539805201,-0.0458283424377441,-0.04582834243774414
2007-07-05,5.677499771118164,5.829999923706055,5.675000190734863,5.8125,5.3275651931762695,0.4099098348743395,2.8760925052208286,0.1489419937133789,0.1489419937133789
2007-07-06,5.800000190734863,5.84250020980835,5.797500133514404,5.824999809265137,5.339022636413574,-0.0452232266623747,0.2150596533662341,0.0114574432373046,0.011457443237304688
2007-07-09,5.84499979019165,5.862500190734863,5.762499809265137,5.767499923706055,5.286320209503174,0.2989569989773296,-0.9871175025735202,-0.0527024269104003,-0.05270242691040039
2007-07-10,5.690000057220459,5.690000057220459,5.522500038146973,5.582499980926514,5.116754055023193,-0.0452232266623747,-3.2076406225856835,-0.1695661544799804,-0.16956615447998047
2007-07-11,5.622499942779541,5.6875,5.277500152587891,5.494999885559082,5.036553859710693,1.1933727169226138,-1.5674037573442878,-0.0802001953125,-0.0802001953125
2007-07-12,5.539999961853027,5.744999885559082,5.539999961853027,5.727499961853027,5.24965763092041,1.2363952451275768,4.231142506276253,0.2131037712097168,0.2131037712097168
2007-07-13,5.690000057220459,5.71750020980835,5.614999771118164,5.697500228881836,5.222160339355469,1.0235469476924963,-0.5237920927068207,-0.0274972915649414,-0.027497291564941406
2007-07-16,5.692500114440918,5.735000133514404,5.557499885559082,5.574999809265137,5.109881401062012,0.5163339835918797,-2.150047700513824,-0.112278938293457,-0.11227893829345703
2007-07-17,5.597499847412109,5.737500190734863,5.597499847412109,5.635000228881836,5.164875507354736,-0.1991985907643477,1.0762305810325667,0.0549941062927246,0.05499410629272461
2007-07-18,5.557499885559082,5.722499847412109,5.380000114440918,5.670000076293945,5.196955680847168,0.1313955733369472,0.6211219117818079,0.0320801734924316,0.03208017349243164
2007-07-19,5.9375,6.150000095367432,5.869999885559082,6.077499866485596,5.570457458496094,4.531015168191852,7.186934054978122,0.3735017776489258,0.3735017776489258
2007-07-20,6.065000057220459,6.142499923706055,5.920000076293945,6.052499771118164,5.547543048858643,2.103638839996042,-0.4113559758454288,-0.0229144096374511,-0.022914409637451172
2007-07-23,6.065000057220459,6.150000095367432,5.952499866485596,5.982500076293945,5.483383655548096,1.1526145323073858,-1.1565370966115762,-0.0641593933105468,-0.06415939331054688
2007-07-24,5.914999961853027,6.037499904632568,5.824999809265137,5.897500038146973,5.405474662780762,1.6734135579464118,-1.4208196555516528,-0.0779089927673339,-0.07790899276733398
2007-07-25,5.929999828338623,6.045000076293945,5.914999961853027,5.985000133514404,5.485675811767578,1.1707292810252647,1.483702246151286,0.0802011489868164,0.0802011489868164
2007-07-26,5.902500152587891,5.902500152587891,5.730000019073486,5.832499980926514,5.3458991050720215,1.578311127177546,-2.54803075303347,-0.1397767066955566,-0.13977670669555664
2007-07-27,5.824999809265137,5.849999904632568,5.715000152587891,5.747499942779541,5.267989158630371,1.8930548861506968,-1.457377793900594,-0.0779099464416503,-0.07790994644165039
2007-07-30,5.762499809265137,5.787499904632568,5.590000152587891,5.662499904632568,5.190080642700195,1.0235469476924963,-1.4789042570928723,-0.0779085159301757,-0.07790851593017578
2007-07-31,5.710000038146973,5.744999885559082,5.614999771118164,5.692500114440918,5.2175774574279785,1.6122762810235696,0.52979551996859,0.0274968147277832,0.027496814727783203
2007-08-01,5.704999923706055,5.762499809265137,5.53249979019165,5.71999979019165,5.242783069610596,1.1254424092305668,0.4830903304891665,0.0252056121826171,0.025205612182617188
2007-08-02,5.764999866485596,6.047500133514404,5.630000114440918,6.047500133514404,5.542961120605469,2.9029521271724605,5.725547805607922,0.300178050994873,0.30017805099487305
2007-08-03,6.027500152587891,6.125,5.96999979019165,6.002500057220459,5.50171422958374,4.0238022040912345,-0.744130982055724,-0.0412468910217285,-0.041246891021728516
2007-08-06,6.087500095367432,6.087500095367432,5.767499923706055,5.925000190734863,5.430679321289063,1.4288644502550432,-1.2911413666800264,-0.0710349082946768,-0.07103490829467685
2007-08-07,5.902500152587891,6.137499809265137,5.835000038146973,6.107500076293945,5.597954750061035,1.8545610451252037,3.0801934504994133,0.1672754287719717,0.16727542877197177
2007-08-08,6.172500133514404,6.197500228881836,5.860000133514404,6.059999942779541,5.554416656494141,2.4523477528152164,-0.7777500089013678,-0.0435380935668945,-0.04353809356689453
2007-08-09,5.957499980926514,6.0625,5.065000057220459,5.175000190734863,4.743252277374268,2.8644582861469674,-14.603952661193896,-0.811164379119873,-0.811164379119873
2007-08-10,5.175000190734863,6.010000228881836,5.054999828338623,5.889999866485596,5.398599147796631,4.0668247322961975,13.816403431637523,0.6553468704223633,0.6553468704223633
2007-08-13,5.889999866485596,6.027500152587891,5.582499980926514,5.802499771118164,5.318398952484131,1.5307599117931132,-1.485574185392757,-0.0802001953125,-0.0802001953125
2007-08-14,5.9375,5.977499961853027,5.662499904632568,5.804999828338623,5.320692539215088,0.8039056194882116,0.0431255111067896,0.002293586730957,0.0022935867309570312
2007-08-15,5.784999847412109,6.117499828338623,5.777500152587891,6.117499828338623,5.607119083404541,2.91653818871087,5.383256823776317,0.2864265441894531,0.2864265441894531
2007-08-16,6.070000171661377,6.277500152587891,5.994999885559082,6.277500152587891,5.75377082824707,4.651025378447801,2.615456220228607,0.1466517448425293,0.1466517448425293
2007-08-17,6.327499866485596,6.40500020980835,6.15749979019165,6.327499866485596,5.799599647521973,3.208638511786672,0.7965006018299192,0.0458288192749023,0.045828819274902344
2007-08-20,6.34250020980835,6.355000019073486,6.047500133514404,6.135000228881836,5.6231608390808105,0.3872663989769905,-3.042258417209021,-0.1764388084411621,-0.1764388084411621
2007-08-21,6.119999885559082,6.382500171661377,6.119999885559082,6.237500190734863,5.717108726501465,-0.3078870830716227,1.670730930684372,0.0939478874206543,0.0939478874206543
2007-08-22,6.309999942779541,6.412499904632568,6.269999980926514,6.289999961853027,5.765228271484375,0.2083832553879337,0.8416762263039335,0.0481195449829101,0.048119544982910156
2007-08-23,6.332499980926514,6.364999771118164,5.972499847412109,5.980000019073486,5.481091022491455,0.5910573220531312,-4.928464851917525,-0.2841372489929199,-0.2841372489929199
2007-08-24,5.847499847412109,6.074999809265137,5.764999866485596,6.0625,5.556708812713623,0.4348176143614234,1.379612013591336,0.0756177902221679,0.07561779022216797
2007-08-27,6.067500114440918,6.210000038146973,6.067500114440918,6.15749979019165,5.643782615661621,-0.3305305189689717,1.5670031646930038,0.087073802947998,0.08707380294799805
2007-08-28,6.065000057220459,6.1875,5.997499942779541,6.139999866485596,5.627744197845459,-0.0995674728160122,-0.2841785183514189,-0.0160384178161621,-0.01603841781616211
2007-08-29,6.150000095367432,6.362500190734863,6.114999771118164,6.304999828338623,5.778977394104004,0.9624096707696544,2.687279146703992,0.1512331962585449,0.15123319625854492
2007-08-30,6.224999904632568,6.492499828338623,6.182499885559082,6.182499885559082,5.666697502136231,0.2129119425674035,-1.9429024256493177,-0.1122798919677725,-0.11227989196777255
2007-08-31,6.284999847412109,6.367499828338623,6.082499980926514,6.090000152587891,5.581913948059082,0.575206916924987,-1.4961722245662057,-0.0847835540771493,-0.08478355407714933
2007-09-04,6.057499885559082,6.230000019073486,6.057499885559082,6.215000152587891,5.69648551940918,0.1812111323111149,2.0525499392540114,0.1145715713500976,0.11457157135009766
2007-09-05,6.162499904632568,6.277500152587891,6.0625,6.114999771118164,5.60482931137085,-0.4890345702504144,-1.6089957172020777,-0.09165620803833,-0.09165620803833008
2007-09-06,6.122499942779541,6.317500114440918,6.122499942779541,6.260000228881836,5.73773193359375,-0.4482763856351863,2.371216228713213,0.1329026222229004,0.1329026222229004
2007-09-07,6.147500038146973,6.360000133514404,6.019999980926514,6.260000228881836,5.73773193359375,0.2310266912852827,0.0,0.0,0.0
2007-09-10,6.307499885559082,6.337500095367432,6.237500190734863,6.277500152587891,5.75377082824707,0.4801044861561213,0.279533704936874,0.0160388946533203,0.016038894653320312
2007-09-11,6.302499771118164,6.394999980926514,6.302499771118164,6.357500076293945,5.827097892761231,-0.4799771958914749,1.2744175376985023,0.073327064514161,0.07332706451416104
2007-09-12,6.347499847412109,6.420000076293945,6.277500152587891,6.315000057220459,5.788142204284668,-0.3871391087123441,-0.6685264121777723,-0.0389556884765633,-0.03895568847656339
2007-09-13,6.320000171661377,6.449999809265137,6.300000190734863,6.307499885559082,5.78126859664917,-0.1856125292259383,-0.1187532612866637,-0.006873607635498,-0.006873607635498047
2007-09-14,6.244999885559082,6.34250020980835,6.132500171661377,6.304999828338623,5.778977394104004,0.1947971938495243,-0.0396314841087597,-0.002291202545166,-0.0022912025451660156
2007-09-17,6.3125,6.485000133514404,6.25,6.454999923706055,5.91646146774292,0.0227070810296721,2.379038093818875,0.137484073638916,0.13748407363891602
2007-09-18,6.480000019073486,6.599999904632568,6.352499961853027,6.599999904632568,6.049365997314453,1.3813132348706103,2.246351646100297,0.1329045295715332,0.1329045295715332
2007-09-19,6.625,6.692500114440918,6.507500171661377,6.607500076293945,6.056241512298584,0.2310266912852827,0.113656786300953,0.0068755149841308,0.006875514984130859
2007-09-20,6.587500095367432,6.605000019073486,6.480000019073486,6.507500171661377,5.964582920074463,-0.6248951856345083,-1.5134566882444744,-0.0916585922241211,-0.0916585922241211
2007-09-21,6.570000171661377,6.574999809265137,6.445000171661377,6.572500228881836,6.024160385131836,0.6137007579504802,0.9988538319562812,0.059577465057373,0.05957746505737305
2007-09-24,6.557499885559082,6.697500228881836,6.447500228881836,6.577499866485596,6.028743267059326,0.2106475989776686,0.076075031780376,0.0045828819274902,0.004582881927490234
2007-09-25,6.510000228881836,6.605000019073486,6.457499980926514,6.567500114440918,6.019576072692871,0.7110675323090808,-0.1520581315270774,-0.009167194366455,-0.009167194366455078
2007-09-26,6.567500114440918,6.612500190734863,6.507500171661377,6.5625,6.014994144439697,0.047614860516756,-0.0761171251570269,-0.0045819282531738,-0.004581928253173828
2007-09-27,6.605000019073486,6.605000019073486,6.434999942779541,6.482500076293945,5.941667079925537,0.3963237733359301,-1.2190712534931425,-0.0733270645141601,-0.07332706451416016
2007-09-28,6.454999923706055,6.550000190734863,6.112500190734863,6.272500038146973,5.7491888999938965,0.9646740143593892,-3.2394642335641044,-0.1924781799316406,-0.19247817993164062
2007-10-01,6.28249979019165,6.512499809265137,6.107500076293945,6.387499809265137,5.854593276977539,0.9397662348723054,1.833378217643089,0.1054043769836425,0.10540437698364258
2007-10-02,6.369999885559082,6.472499847412109,6.332499980926514,6.349999904632568,5.820223808288574,0.1427172912856217,-0.5870513469162453,-0.0343694686889648,-0.034369468688964844
2007-10-03,6.297500133514404,6.429999828338623,6.199999809265137,6.382500171661377,5.850012302398682,0.4302889271819536,0.5118101140317854,0.0297884941101074,0.029788494110107422
2007-10-04,6.460000038146973,6.46999979019165,6.34499979019165,6.460000038146973,5.921045303344727,-0.2422211189693107,1.2142367789024888,0.0710330009460449,0.07103300094604492
2007-10-05,6.522500038146973,6.642499923706055,6.409999847412109,6.574999809265137,6.026451587677002,0.3351864964130879,1.7801972275525824,0.1054062843322753,0.10540628433227539
2007-10-08,6.547500133514404,6.579999923706055,6.474999904632568,6.545000076293945,5.9989542961120605,0.620493788719685,-0.4562766524362049,-0.0274972915649414,-0.027497291564941406
2007-10-09,6.550000190734863,6.587500095367432,6.525000095367432,6.552499771118164,6.0058274269104,6.364513232321146e-05,0.1145721480624528,0.0068731307983398,0.006873130798339844
2007-10-10,6.550000190734863,6.647500038146973,6.525000095367432,6.647500038146973,6.092902183532715,-0.2852436471742738,1.449837806397114,0.0870747566223144,0.08707475662231445
2007-10-11,6.662499904632568,6.710000038146973,6.537499904632568,6.547500133514404,6.001245021820068,0.0023279887220581,-1.504326820810753,-0.0916571617126464,-0.09165716171264648
2007-10-12,6.542500019073486,6.712500095367432,6.537499904632568,6.65500020980835,6.099777221679688,-0.2127846523027571,1.6418626385252375,0.09853219985962,0.09853219985962003
2007-10-15,6.662499904632568,6.690000057220459,6.514999866485596,6.684999942779541,6.127274036407471,0.3487725579514973,0.4507839176495443,0.0274968147277823,0.027496814727782315
2007-10-16,6.679999828338623,6.777500152587891,6.650000095367432,6.71999979019165,6.1593546867370605,1.2862108041017446,0.5235713326835256,0.0320806503295898,0.032080650329589844
2007-10-17,6.849999904632568,6.849999904632568,6.650000095367432,6.724999904632568,6.163937091827393,2.4478190656357466,0.0743974868048891,0.004582405090332,0.004582405090332031
2007-10-18,6.96750020980835,6.980000019073486,6.772500038146973,6.902500152587891,6.326626777648926,2.266671578456955,2.639379399852082,0.1626896858215332,0.1626896858215332
2007-10-19,6.894999980926514,6.962500095367432,6.815000057220459,6.837500095367432,6.267051696777344,2.302901075892713,-0.9416563196370632,-0.059575080871582,-0.05957508087158203
2007-10-22,6.757500171661377,7.050000190734863,6.6875,7.025000095367432,6.438908576965332,1.9247556964069852,2.742228539080993,0.1718568801879882,0.17185688018798828
2007-10-23,7.052499771118164,7.087500095367432,6.882500171661377,7.067500114440918,6.477860450744629,1.999479034868237,0.6049452840291014,0.0389518737792968,0.038951873779296875
2007-10-24,6.985000133514404,7.182499885559082,6.985000133514404,7.159999847412109,6.562644481658936,2.5134850297380584,1.3088276840629076,0.0847840309143075,0.08478403091430753
2007-10-25,7.1875,7.297500133514404,7.0625,7.257500171661377,6.652010440826416,3.1112717374280714,1.3617370164914044,0.0893659591674795,0.08936595916747958
2007-10-26,7.329999923706055,7.440000057220459,7.130000114440918,7.4375,6.816993236541748,3.856240778450852,2.480194479292419,0.164982795715332,0.16498279571533203
2007-10-29,7.445000171661377,7.510000228881836,7.34499979019165,7.5,6.874279975891113,3.7452879425538415,0.8403520050788149,0.0572867393493652,0.057286739349365234
2007-10-30,7.497499942779541,7.5,7.317500114440918,7.392499923706055,6.775747776031494,1.7028500246129654,-1.4333457497393565,-0.0985321998596191,-0.09853219985961914
2007-10-31,7.40749979019165,7.610000133514404,7.397500038146973,7.552499771118164,6.922398090362549,2.15798308614968,2.1643414008091444,0.1466503143310547,0.1466503143310547
2007-11-01,7.472499847412109,7.702499866485596,7.304999828338623,7.380000114440918,6.764291286468506,3.541497019477702,-2.283988898502687,-0.1581068038940429,-0.15810680389404297
2007-11-02,7.449999809265137,7.497499942779541,7.347499847412109,7.449999809265137,6.828449249267578,2.748976763070488,0.9484801893055116,0.0641579627990722,0.06415796279907227
2007-11-05,7.34250020980835,7.387499809265137,7.125,7.367499828338623,6.752834320068359,0.8265490553855606,-1.107351412289248,-0.0756149291992187,-0.07561492919921875
2007-11-06,7.372499942779541,7.400000095367432,7.037499904632568,7.264999866485596,6.658884048461914,4.13701938357798,-1.3912716816883774,-0.0939502716064453,-0.09395027160644531
2007-11-07,7.147500038146973,7.25,7.127500057220459,7.164999961853027,6.567227840423584,1.0009035117951477,-1.376449978273775,-0.09165620803833,-0.09165620803833008
2007-11-08,7.1875,7.25,7.117499828338623,7.25,6.64513635635376,1.4673582912805363,1.1863227197725923,0.0779085159301757,0.07790851593017578
2007-11-09,7.137499809265137,7.1875,6.952499866485596,6.982500076293945,6.399954319000244,0.1563033528240311,-3.6896464452393696,-0.2451820373535156,-0.24518203735351562
2007-11-12,6.989999771118164,7.237500190734863,6.960000038146973,6.992499828338623,6.409120082855225,0.1449816348753566,0.1432160824612394,0.0091657638549804,0.009165763854980469
2007-11-13,7.045000076293945,7.182499885559082,7.037499904632568,7.072500228881836,6.48244571685791,-0.0701310061494586,1.144082698634974,0.0733256340026855,0.07332563400268555
2007-11-14,7.09499979019165,7.099999904632568,6.920000076293945,7.022500038146973,6.436617374420166,0.2717848759005108,-0.7069606818081886,-0.0458283424377441,-0.04582834243774414
2007-11-15,6.997499942779541,7.077499866485596,6.867499828338623,7.010000228881836,6.425159931182861,-0.0429588830726398,-0.1780041063624171,-0.0114574432373046,-0.011457443237304688
2007-11-16,7.025000095367432,7.025000095367432,6.8125,6.940000057220459,6.36099910736084,0.3691516502591114,-0.998587187077371,-0.0641608238220214,-0.06416082382202148
2007-11-19,6.855000019073486,6.925000190734863,6.724999904632568,6.914999961853027,6.338085174560547,0.6114364143607454,-0.360225373617451,-0.0229139328002929,-0.02291393280029297
2007-11-20,6.900000095367432,7.039999961853027,6.815000057220459,6.960000038146973,6.379331111907959,0.2966926553875947,0.6507633806021262,0.0412459373474121,0.04124593734741211
2007-11-21,6.892499923706055,7.152500152587891,6.882500171661377,6.927499771118164,6.3495402336120605,-0.2490141497385154,-0.4669906260280076,-0.0297908782958984,-0.029790878295898438
2007-11-23,6.96750020980835,7.177499771118164,6.815000057220459,7.027500152587891,6.44119930267334,-0.4097825446096931,1.4435544258160735,0.0916590690612793,0.0916590690612793
2007-11-26,7.007500171661377,7.090000152587891,6.817500114440918,6.827499866485596,6.257885456085205,-0.2739219292255992,-2.8459583064298744,-0.1833138465881347,-0.18331384658813477
2007-11-27,6.862500190734863,7.119999885559082,6.817500114440918,6.925000190734863,6.3472514152526855,0.7857908707703324,1.4280536100350183,0.0893659591674804,0.08936595916748047
2007-11-28,6.997499942779541,7.175000190734863,6.997499942779541,7.117499828338623,6.523691177368164,0.7563544041037787,2.779782154075172,0.1764397621154785,0.17643976211547852
2007-11-29,7.114999771118164,7.172500133514404,7.09499979019165,7.105000019073486,6.512233257293701,-0.0995674728160122,-0.1756355376571594,-0.0114579200744628,-0.01145792007446289
2007-11-30,7.167500019073486,7.172500133514404,6.894999980926514,6.962500095367432,6.381622314453125,0.772204809231923,-2.005624456008115,-0.1306109428405761,-0.13061094284057617
2007-12-03,6.972499847412109,7.170000076293945,6.827499866485596,6.827499866485596,6.257885456085205,0.221969316926343,-1.9389561505023576,-0.1237368583679199,-0.12373685836791992
2007-12-04,6.777500152587891,6.855000019073486,6.715000152587891,6.767499923706055,6.202890872955322,-0.323737488199767,-0.8788045661079602,-0.0549945831298828,-0.05499458312988281
2007-12-05,6.857500076293945,7.082499980926514,6.800000190734863,6.965000152587891,6.383913040161133,-0.2105203087130222,2.9183516349621685,0.1810221672058105,0.18102216720581055
2007-12-06,6.954999923706055,7.164999961853027,6.909999847412109,7.005000114440918,6.420575141906738,0.2491414400031618,0.5742888650732692,0.0366621017456054,0.03666210174560547
2007-12-07,7.039999961853027,7.039999961853027,6.789999961853027,6.940000057220459,6.36099910736084,0.9352375476928356,-0.9278924898339592,-0.0595760345458984,-0.05957603454589844
2007-12-10,6.957499980926514,7.077499866485596,6.914999961853027,7.052499771118164,6.464112758636475,-0.3373235497381764,1.621029173802491,0.1031136512756347,0.10311365127563477
2007-12-11,7.085000038146973,7.150000095367432,6.872499942779541,6.887499809265137,6.312879085540772,0.3080143733362692,-2.339589031667866,-0.1512336730957022,-0.15123367309570224
2007-12-12,7.082499980926514,7.137499809265137,6.887499809265137,6.929999828338623,6.351832866668701,0.1291312297472123,0.6170525460744258,0.0389537811279288,0.0389537811279288
2007-12-13,6.864999771118164,7.025000095367432,6.864999771118164,6.925000190734863,6.3472514152526855,0.7767334964113928,-0.0721280221344766,-0.0045814514160156,-0.004581451416015625
2007-12-14,6.860000133514404,7.162499904632568,6.815000057220459,6.860000133514404,6.287674903869629,-0.1063605035852169,-0.938619057059753,-0.0595765113830566,-0.05957651138305664
2007-12-17,6.817500114440918,7.017499923706055,6.789999961853027,6.789999961853027,6.223514080047607,0.3872663989769905,-1.0204220924738827,-0.0641608238220214,-0.06416082382202148
2007-12-18,6.837500095367432,6.974999904632568,6.71999979019165,6.954999923706055,6.374747276306152,0.575206916924987,2.430028988660826,0.1512331962585449,0.15123319625854492
2007-12-19,6.954999923706055,7.105000019073486,6.875,6.989999771118164,6.406827449798584,0.0612009220551654,0.5032383575686028,0.0320801734924316,0.03208017349243164
2007-12-20,7.047500133514404,7.090000152587891,6.949999809265137,7.017499923706055,6.432033538818359,0.4031168041051348,0.3934254389911462,0.0252060890197753,0.02520608901977539
2007-12-21,7.114999771118164,7.117499828338623,6.974999904632568,7.112500190734863,6.519108295440674,3.881148557937936,1.3537671421767872,0.0870747566223144,0.08707475662231445
2007-12-24,7.119999885559082,7.137499809265137,6.96999979019165,6.985000133514404,6.402245044708252,-0.2241063702514315,-1.792626313849599,-0.1168632507324218,-0.11686325073242188
2007-12-26,6.96750020980835,7.137499809265137,6.962500095367432,7.112500190734863,6.519108295440674,0.5661495425660474,1.8253479820959704,0.1168632507324218,0.11686325073242188
2007-12-27,7.117499828338623,7.167500019073486,6.902500152587891,6.927499771118164,6.3495402336120605,-0.2490141497385154,-2.6010928817857715,-0.1695680618286132,-0.16956806182861328
2007-12-28,6.982500076293945,7.03249979019165,6.822500228881836,6.835000038146973,6.264759540557861,-0.2965653651229483,-1.3352257003649282,-0.0847806930541992,-0.08478069305419922
2007-12-31,6.815000057220459,6.982500076293945,6.5625,6.760000228881836,6.196016788482666,0.5118052964124099,-1.0972927473138716,-0.0687427520751953,-0.06874275207519531
2008-01-02,6.747499942779541,6.809999942779541,6.607500076293945,6.612500190734863,6.0608229637146,1.8138028605099756,-2.181947360429504,-0.1351938247680664,-0.1351938247680664
2008-01-03,6.612500190734863,6.809999942779541,6.612500190734863,6.662499904632568,6.10665225982666,1.6824709323053513,0.7561563237605595,0.0458292961120605,0.04582929611206055
2008-01-04,6.59250020980835,6.735000133514404,6.5625,6.614999771118164,6.063113212585449,0.0430861733372862,-0.7129773464855327,-0.0435390472412109,-0.04353904724121094
2008-01-07,6.632500171661377,7.022500038146973,6.585000038146973,6.922500133514404,6.344958782196045,0.94655926564151,4.648528894785553,0.2818455696105957,0.2818455696105957
2008-01-08,6.942500114440918,6.942500114440918,6.707499980926514,6.712500095367432,6.152478694915772,0.3193360912849436,-3.033590822061316,-0.1924800872802725,-0.19248008728027255
2008-01-09,6.699999809265137,6.925000190734863,6.644999980926514,6.860000133514404,6.287674903869629,0.3782090246180509,2.1974266902472728,0.1351962089538565,0.13519620895385653
2008-01-10,6.789999961853027,6.997499942779541,6.789999961853027,6.894999980926514,6.319753170013428,0.1993258810289941,0.510176919675942,0.0320782661437988,0.03207826614379883
2008-01-11,6.90500020980835,6.954999923706055,6.775000095367432,6.787499904632568,6.221221923828125,0.1630963835932357,-1.5590995966871524,-0.0985312461853027,-0.09853124618530273
2008-01-14,6.84499979019165,6.929999828338623,6.757500171661377,6.877500057220459,6.303712844848633,0.1834754759008498,1.32596010929229,0.0824909210205078,0.08249092102050781
2008-01-15,6.789999961853027,6.987500190734863,6.767499923706055,6.942500114440918,6.363290786743164,0.7133318758988157,0.9451246172042628,0.0595779418945312,0.05957794189453125
2008-01-16,6.9375,6.987500190734863,6.855000019073486,6.855000019073486,6.283090591430664,0.5367130758994938,-1.2603572271061902,-0.0802001953125,-0.0802001953125
2008-01-17,6.864999771118164,6.972499847412109,6.807499885559082,6.875,6.301422119140625,0.8220203682060907,0.2917597230726265,0.0183315277099609,0.018331527709960938
2008-01-18,6.837500095367432,6.980000019073486,6.78000020980835,6.925000190734863,6.3472514152526855,3.382992968196259,0.7272849722740116,0.0458292961120605,0.04582929611206055
2008-01-22,6.632500171661377,7.119999885559082,6.632500171661377,6.925000190734863,6.3472514152526855,0.7676761220524532,0.0,0.0,0.0
2008-01-23,6.775000095367432,7.347499847412109,6.775000095367432,7.257500171661377,6.652010440826416,1.043926040000111,4.8014330240863545,0.3047590255737304,0.30475902557373047
2008-01-24,7.309999942779541,7.619999885559082,6.952499866485596,6.952499866485596,6.372457504272461,4.537808198961057,-4.2025330393081095,-0.2795529365539551,-0.2795529365539551
2008-01-25,7.067500114440918,7.139999866485596,6.887499809265137,6.977499961853027,6.395371437072754,0.8650428964110538,0.3595776477901991,0.0229139328002929,0.02291393280029297
2008-01-28,6.977499961853027,7.082499980926514,6.885000228881836,6.992499828338623,6.409120082855225,0.8356064297445002,0.2149780652734634,0.0137486457824707,0.013748645782470703
2008-01-29,6.992499828338623,7.057499885559082,6.822500228881836,7.025000095367432,6.438908576965332,1.06204078871799,0.4647828988224578,0.0297884941101074,0.029788494110107422
2008-01-30,6.952499866485596,7.177499771118164,6.875,6.917500019073486,6.340377330780029,0.9125941117954868,-1.530247634479398,-0.0985312461853027,-0.09853124618530273
2008-02-01,7.744999885559082,7.974999904632568,7.619999885559082,7.755000114440918,7.108004093170166,3.514324896400882,12.106957083825476,0.7676267623901367,0.7676267623901367
2008-02-04,7.767499923706055,7.787499904632568,7.534999847412109,7.78249979019165,7.133210182189941,2.830493132300944,0.3546155670337114,0.0252060890197753,0.02520608901977539
2008-02-05,7.639999866485596,7.857500076293945,7.527500152587891,7.752500057220459,7.105712890625,2.6448169579426826,-0.3854827050182252,-0.0274972915649414,-0.027497291564941406
2008-02-06,7.815000057220459,7.84499979019165,7.542500019073486,7.627500057220459,6.991141319274902,1.129971096410037,-1.6123867247895496,-0.1145715713500976,-0.11457157135009766
2008-02-07,7.599999904632568,7.692500114440918,7.525000095367432,7.547500133514404,6.917817115783691,2.1353396502523307,-1.04881592493421,-0.0733242034912109,-0.07332420349121094
2008-02-08,7.664999961853027,7.6875,7.445000171661377,7.474999904632568,6.851364135742188,2.565564932301961,-0.9606061988814972,-0.066452980041503,-0.06645298004150302
2008-02-11,7.462500095367432,7.672500133514404,7.4375,7.5,6.874279975891113,0.8854219887186678,0.3344712044916376,0.0229158401489248,0.022915840148924893
2008-02-12,7.554999828338623,7.6875,7.545000076293945,7.684999942779541,7.043843746185303,1.338290706665647,2.466640446546675,0.1695637702941894,0.16956377029418945
2008-02-13,7.6875,7.6875,7.599999904632568,7.6875,7.046136856079102,1.7209647733308446,0.0325548092267258,0.0022931098937988,0.002293109893798828
2008-02-14,7.6875,7.6875,7.485000133514404,7.559999942779541,6.929272174835205,1.034868665641171,-1.6585638858699014,-0.1168646812438964,-0.11686468124389648
2008-02-15,7.519999980926514,7.652500152587891,7.212500095367432,7.489999771118164,6.865112781524658,1.3337620194861777,-0.9259182161086454,-0.0641593933105468,-0.06415939331054688
2008-02-19,7.59250020980835,7.627500057220459,7.362500190734863,7.447500228881836,6.8261590003967285,0.7088031887193459,-0.5674164775961388,-0.0389537811279296,-0.03895378112792969
2008-02-20,7.409999847412109,7.559999942779541,7.28000020980835,7.53249979019165,6.904067516326904,-0.0044650420471465,1.1413229009996415,0.0779085159301757,0.07790851593017578
2008-02-21,7.579999923706055,7.6875,7.272500038146973,7.284999847412109,6.677215576171875,0.3283934656438832,-3.2857723308551745,-0.2268519401550293,-0.2268519401550293
2008-02-22,7.287499904632568,7.527500152587891,7.132500171661377,7.46999979019165,6.846782684326172,1.4379218246139829,2.5394882974784982,0.1695671081542968,0.16956710815429688
2008-02-25,7.442500114440918,7.607500076293945,7.28249979019165,7.462500095367432,6.839908599853516,2.266671578456955,-0.1003987535399986,-0.0068740844726562,-0.00687408447265625
2008-02-26,7.427499771118164,7.622499942779541,7.28249979019165,7.474999904632568,6.851364135742188,1.0280756348719664,0.167480832842104,0.0114555358886727,0.011455535888672763
2008-02-27,7.417500019073486,7.607500076293945,7.349999904632568,7.364999771118164,6.750540733337402,2.3572453220463507,-1.4715814311898945,-0.100823402404786,-0.10082340240478604
2008-02-28,7.289999961853027,7.567500114440918,7.179999828338623,7.454999923706055,6.833033084869385,0.4393463015408931,1.2220110179410604,0.0824923515319824,0.08249235153198242
2008-02-29,7.380000114440918,7.525000095367432,7.260000228881836,7.275000095367432,6.668051719665527,1.077891193846134,-2.4144675308126478,-0.1649813652038574,-0.16498136520385742
2008-03-04,7.6875,7.742499828338623,7.602499961853027,7.670000076293945,7.030096054077148,2.717275952814199,5.429536986701433,0.3620443344116211,0.3620443344116211
2008-03-05,7.715000152587891,7.715000152587891,7.605000019073486,7.697500228881836,7.055301189422607,1.711907398971905,0.3585318771119894,0.0252051353454589,0.025205135345458984
2008-03-06,7.672500133514404,7.835000038146973,7.647500038146973,7.712500095367432,7.069051265716553,2.0809954040986933,0.1948899972485929,0.0137500762939453,0.013750076293945312
2008-03-07,7.635000228881836,7.849999904632568,7.590000152587891,7.632500171661377,6.995724201202393,0.6295511630786245,-1.037297110430946,-0.0733270645141601,-0.07332706451416016
2008-03-10,7.699999809265137,7.932499885559082,7.699999809265137,7.730000019073486,7.085090160369873,1.4401861682037176,1.2774368542447734,0.0893659591674804,0.08936595916748047
2008-03-11,7.84250020980835,7.9375,7.574999809265137,7.902500152587891,7.243198871612549,2.823700101531739,2.2315695024891724,0.1581087112426757,0.15810871124267578
2008-03-12,7.9375,8.295000076293945,7.9375,8.142499923706055,7.463175296783447,2.2055343015341125,3.0370065639510058,0.2199764251708984,0.21997642517089844
2008-03-13,8.0649995803833,8.137499809265137,7.832499980926514,8.0625,7.389851093292236,0.6861597528219969,-0.9824799843950238,-0.0733242034912109,-0.07332420349121094
2008-03-14,8.125,8.125,7.849999904632568,7.887499809265137,7.229449272155762,0.2514057835928967,-2.1705690562841107,-0.1604018211364746,-0.1604018211364746
2008-03-17,7.764999866485596,8.079999923706055,7.712500095367432,7.807499885559082,7.156124591827393,0.8967437066673424,-1.0142498766922523,-0.0733246803283691,-0.07332468032836914
2008-03-18,7.977499961853027,8.260000228881836,7.775000095367432,8.260000228881836,7.57087230682373,1.166200593845795,5.795702823145321,0.414747714996337,0.414747714996337
2008-03-19,8.369999885559082,8.369999885559082,7.949999809265137,8.069999694824219,7.396721363067627,0.9782600758977986,-2.300275803082008,-0.1741509437561026,-0.17415094375610263
2008-03-20,8.162500381469727,8.162500381469727,7.627500057220459,7.71750020980835,7.073631763458252,5.160502686138153,-4.368010957159818,-0.323089599609375,-0.323089599609375
2008-03-24,7.777500152587891,8.25,7.762499809265137,8.130000114440918,7.451718330383301,1.5035877887162945,5.345013418400013,0.3780865669250488,0.37808656692504883
2008-03-25,8.147500038146973,8.25,8.0024995803833,8.234999656677246,7.547957420349121,0.6793667220527922,1.291501982481269,0.0962390899658203,0.09623908996582031
2008-03-26,8.180000305175781,8.787500381469727,8.119999885559082,8.755000114440918,8.024577140808105,2.988997183582387,6.314552320791167,0.4766197204589844,0.4766197204589844
2008-03-27,8.734999656677246,8.8149995803833,8.217499732971191,8.295000076293945,7.602953910827637,2.651609988711887,-5.25414888014909,-0.4216232299804687,-0.42162322998046875
2008-03-28,8.395000457763672,8.487500190734863,8.09749984741211,8.100000381469727,7.424220561981201,1.4243357630755733,-2.350840882934924,-0.1787333488464355,-0.17873334884643555
2008-03-31,8.482500076293945,8.532500267028809,8.175000190734863,8.210000038146973,7.525044918060303,3.3897859989654635,1.3580463462442791,0.1008243560791015,0.10082435607910156
2008-04-02,8.279999732971191,8.704999923706055,8.25,8.5625,7.848132610321045,3.926435429732634,4.293498520989858,0.3230876922607422,0.3230876922607422
2008-04-03,8.467499732971191,8.702500343322754,8.274999618530273,8.3100004196167,7.616700172424316,2.7104829220449944,-2.94888541501418,-0.2314324378967285,-0.23143243789672852
2008-04-04,8.345000267028809,8.609999656677246,8.260000228881836,8.505000114440918,7.795432090759277,2.0470302502526696,2.346579414823835,0.1787319183349609,0.17873191833496094
2008-04-07,8.697500228881836,8.807499885559082,8.5649995803833,8.59749984741211,7.880214691162109,1.2613030246146608,1.0875933420462225,0.084782600402832,0.08478260040283203
2008-04-08,8.6274995803833,8.642499923706055,8.53499984741211,8.5649995803833,7.850426197052002,0.7246535938474902,-0.378016275920956,-0.0297884941101074,-0.029788494110107422
2008-04-09,8.375,8.630000114440918,8.375,8.572500228881836,7.857298851013184,1.7979524553818311,0.0875449789434767,0.0068726539611816,0.006872653961181641
2008-04-10,8.587499618530273,8.647500038146973,8.454999923706055,8.475000381469727,7.767937183380127,0.5389774194892286,-1.137307735488946,-0.0893616676330566,-0.08936166763305664
2008-04-11,8.449999809265137,8.512499809265137,7.897500038146973,7.909999847412109,7.250072956085205,2.010800752816911,-6.666689174610186,-0.5178642272949219,-0.5178642272949219
2008-04-14,7.954999923706055,7.962500095367432,7.75,7.789999961853027,7.140084266662598,2.610851804096659,-1.5170701052089508,-0.1099886894226074,-0.10998868942260742
2008-04-16,9.350000381469728,9.699999809265137,9.175000190734863,9.25,8.478276252746582,5.751496363058961,18.741963485390052,1.3381919860839844,1.3381919860839844
2008-04-17,9.154999732971191,9.3774995803833,8.817500114440918,8.9350004196167,8.189558029174805,4.161927163065063,-3.4053882530454938,-0.2887182235717773,-0.28871822357177734
2008-04-18,9.107500076293944,9.107500076293944,8.84749984741211,9.042499542236328,8.28808879852295,2.0900527784576326,1.2031268231708525,0.0985307693481445,0.09853076934814453
2008-04-21,9.005000114440918,9.225000381469728,8.920000076293945,9.125,8.363707542419434,3.285626193837658,0.9123785438925448,0.0756187438964843,0.07561874389648438
2008-04-22,9.03499984741211,9.162500381469728,8.817500114440918,8.9350004196167,8.189558029174805,2.660667363070827,-2.0822047203512217,-0.1741495132446289,-0.1741495132446289
2008-04-23,8.979999542236328,9.05500030517578,8.817500114440918,8.949999809265137,8.203306198120117,1.2431882758967816,0.1678743699762064,0.0137481689453125,0.0137481689453125
2008-04-24,8.989999771118164,9.052499771118164,8.850000381469727,8.930000305175781,8.184975624084473,1.3496124246143215,-0.2234534904944185,-0.0183305740356445,-0.01833057403564453
2008-04-25,8.925000190734863,9.0625,8.792499542236328,8.802499771118164,8.068109512329102,1.453772229742127,-1.427812581524246,-0.1168661117553711,-0.1168661117553711
2008-04-28,8.767499923706055,8.927499771118164,8.75,8.75,8.01999282836914,1.1390284707689762,-0.596381145873548,-0.0481166839599609,-0.04811668395996094
2008-04-29,8.77750015258789,8.885000228881836,8.572500228881836,8.642499923706055,7.921459197998047,1.6168049682030394,-1.2285999810691894,-0.0985336303710937,-0.09853363037109375
2008-04-30,8.682499885559082,8.797499656677246,8.417499542236328,8.4350004196167,7.731273651123047,1.3020612092298889,-2.400890317317605,-0.190185546875,-0.190185546875
2008-05-01,8.444999694824219,8.619999885559082,8.352499961853027,8.517499923706055,7.806889057159424,1.1367641271792417,0.9780459138888808,0.0756154060363769,0.07561540603637695
2008-05-02,8.542499542236328,8.59749984741211,8.3149995803833,8.387499809265137,7.687734603881836,2.022122470765586,-1.5262731723888812,-0.1191544532775878,-0.11915445327758789
2008-05-05,8.425000190734863,8.8125,8.425000190734863,8.5649995803833,7.850426197052002,1.9179626656377808,2.116248824302769,0.162691593170166,0.16269159317016602
2008-05-06,8.529999732971191,8.667499542236328,8.297499656677246,8.3125,7.618992805480957,3.774724409220396,-2.948036014375288,-0.2314333915710449,-0.23143339157104492
2008-05-07,8.3125,8.522500038146973,8.029999732971191,8.0600004196167,7.387557983398437,2.266671578456955,-3.0376038932079186,-0.2314348220825204,-0.23143482208252042
2008-05-08,8.100000381469727,8.100000381469727,7.777500152587891,7.892499923706055,7.234034538269043,2.0085364092271765,-2.07813523053757,-0.1535234451293936,-0.15352344512939364
2008-05-09,7.872499942779541,8.092499732971191,7.75,7.947500228881836,7.284444808959961,0.9080654246160168,0.6968486316210054,0.0504102706909179,0.05041027069091797
2008-05-12,7.974999904632568,8.149999618530273,7.875,8.09749984741211,7.42193078994751,0.8718359271802585,1.887391346811218,0.1374859809875488,0.13748598098754883
2008-05-13,8.052499771118164,8.0649995803833,7.897500038146973,7.902500152587891,7.243198871612549,3.4418659015293662,-2.4081593239462795,-0.1787319183349609,-0.17873191833496094
2008-05-14,7.8125,7.909999847412109,7.65749979019165,7.712500095367432,7.069051265716553,3.557347424605846,-2.404291377094625,-0.1741476058959961,-0.1741476058959961
2008-05-15,7.695000171661377,7.835000038146973,7.6875,7.8125,7.160707473754883,2.2281777374314613,1.2965842882317835,0.09165620803833,0.09165620803833008
2008-05-16,7.860000133514404,7.880000114440918,7.737500190734863,7.855000019073486,7.199662208557129,3.0093762758900007,0.5440067890640776,0.038954734802246,0.038954734802246094
2008-05-19,7.829999923706055,7.912499904632568,7.724999904632568,7.837500095367432,7.183621406555176,2.0809954040986933,-0.2227993694327468,-0.0160408020019531,-0.016040802001953125
2008-05-20,7.795000076293945,7.885000228881836,7.78249979019165,7.815000057220459,7.162999153137207,0.815227337436886,-0.2870732218592464,-0.0206222534179687,-0.02062225341796875
2008-05-21,7.840000152587891,7.949999809265137,7.757500171661377,7.769999980926514,7.121753215789795,2.0560876246116093,-0.5758193804804135,-0.0412459373474121,-0.04124593734741211
2008-05-22,7.8125,7.992499828338623,7.755000114440918,7.9375,7.27527904510498,1.5081164758957644,2.1557308244660733,0.1535258293151846,0.15352582931518466
2008-05-23,7.885000228881836,7.920000076293945,7.772500038146973,7.809999942779541,7.158415794372559,0.5140696400021447,-1.606306095036314,-0.1168632507324209,-0.11686325073242099
2008-05-27,7.784999847412109,7.987500190734863,7.784999847412109,7.880000114440918,7.222576141357422,1.2839464605120097,0.8962925433208424,0.0641603469848632,0.06416034698486328
2008-05-28,7.897500038146973,8.367500305175781,7.897500038146973,8.242500305175781,7.554832458496094,2.302901075892713,4.600246652106965,0.3322563171386719,0.3322563171386719
2008-05-29,8.232500076293945,8.462499618530273,8.085000038146973,8.332500457763672,7.637325286865234,1.5443459733315226,1.0919213473274292,0.0824928283691406,0.08249282836914062
2008-05-30,8.329999923706055,8.329999923706055,8.012499809265137,8.154999732971191,7.474632263183594,4.709898311780909,-2.130235620072929,-0.1626930236816406,-0.16269302368164062
2008-06-02,8.154999732971191,8.317500114440918,8.007499694824219,8.047499656677246,7.376101493835449,1.512645163075234,-1.31820223228184,-0.0985307693481445,-0.09853076934814453
2008-06-03,8.087499618530273,8.167499542236328,7.982500076293945,8.082500457763672,7.408182621002197,2.540657152814877,0.4349333749482653,0.032081127166748,0.03208112716674805
2008-06-04,8.369999885559082,8.647500038146973,8.199999809265137,8.449999809265137,7.745021820068359,1.9473991323043345,4.546853341752444,0.3368391990661621,0.3368391990661621
2008-06-05,8.454999923706055,8.630000114440918,8.364999771118164,8.5,7.790847778320312,1.539817286152053,0.5916827520512813,0.0458259582519522,0.04582595825195224
2008-06-06,8.442500114440918,8.442500114440918,8.072500228881836,8.074999809265137,7.401307106018066,0.1970615374392592,-4.9999779662776245,-0.3895406723022452,-0.3895406723022452
2008-06-09,8.072500228881836,8.239999771118164,7.985000133514404,8.154999732971191,7.474632263183594,1.100534629743483,0.9907055080298656,0.0733251571655273,0.07332515716552734
2008-06-10,8.100000381469727,8.300000190734863,8.100000381469727,8.177499771118164,7.495254039764404,1.1141206912818924,0.2758901823489479,0.0206217765808105,0.020621776580810547
2008-06-11,8.142499923706055,8.2524995803833,8.100000381469727,8.157500267028809,7.47692346572876,0.4755757989766515,-0.2445624116060085,-0.0183305740356445,-0.01833057403564453
2008-06-12,8.087499618530273,8.227499961853027,8.087499618530273,8.135000228881836,7.456301689147949,1.0688338194871945,-0.2758056395164798,-0.0206217765808105,-0.020621776580810547
2008-06-13,8.242500305175781,8.319999694824219,8.1875,8.244999885559082,7.557125091552734,-0.0746596933289283,1.352190490783456,0.1008234024047851,0.10082340240478516
2008-06-16,8.225000381469727,8.279999732971191,8.052499771118164,8.207500457763672,7.522753238677978,0.2106475989776686,-0.4548270997019377,-0.0343718528747567,-0.03437185287475675
2008-06-17,8.21500015258789,8.21500015258789,8.022500038146973,8.022500038146973,7.353188037872314,0.7088031887193459,-2.2540311429311566,-0.169565200805664,-0.16956520080566406
2008-06-18,7.96750020980835,8.154999732971191,7.927499771118164,8.142499923706055,7.463175296783447,0.7495613733345741,1.4957765032615589,0.1099872589111337,0.1099872589111337
2008-06-19,8.137499809265137,8.270000457763672,8.135000228881836,8.232500076293945,7.545666694641113,0.0295001117988768,1.1053123446426172,0.082491397857666,0.08249139785766602
2008-06-20,8.177499771118164,8.177499771118164,7.820000171661377,8.024999618530273,7.355477333068848,1.6100119374338346,-2.520511033270756,-0.1901893615722656,-0.19018936157226562
2008-06-23,8.092499732971191,8.15250015258789,8.0,8.007499694824219,7.339437484741211,-0.1357969702517706,-0.2180667222713705,-0.0160398483276367,-0.01603984832763672
2008-06-24,7.934999942779541,8.162500381469727,7.880000114440918,8.067500114440918,7.39443302154541,1.3835775784603452,0.7493154198606522,0.0549955368041992,0.05499553680419922
2008-06-25,8.072500228881836,8.210000038146973,7.849999904632568,8.137499809265137,7.458592891693115,1.2771534297428049,0.8676780215705504,0.064159870147705,0.06415987014770508
2008-06-26,8.022500038146973,8.057499885559082,7.965000152587891,7.974999904632568,7.309650421142578,0.7654117784627184,-1.996924523342991,-0.1489424705505371,-0.1489424705505371
2008-06-27,7.972499847412109,8.045000076293945,7.912499904632568,7.922500133514404,7.26153039932251,3.69320803998994,-0.6583081138994751,-0.0481200218200683,-0.04812002182006836
2008-06-30,7.90500020980835,7.992499828338623,7.852499961853027,7.852499961853027,7.197371006011963,1.5964258758954253,-0.8835519481751763,-0.0641593933105468,-0.06415939331054688
2008-07-01,7.755000114440918,7.824999809265137,7.375,7.597499847412109,6.963644504547119,1.0031678553848824,-3.247387153859538,-0.2337265014648437,-0.23372650146484375
2008-07-02,7.577499866485596,7.662499904632568,7.317500114440918,7.5,6.874279975891113,1.100534629743483,-1.2833011305739772,-0.0893645286560058,-0.08936452865600586
2008-07-03,7.502500057220459,7.590000152587891,7.322500228881836,7.547500133514404,6.917817115783691,-0.1493830317901799,0.633333818891102,0.0435371398925781,0.043537139892578125
2008-07-07,7.505000114440918,7.684999942779541,7.502500057220459,7.585000038146973,6.952188014984131,1.3971636399987546,0.4968460227434912,0.0343708992004394,0.03437089920043945
2008-07-08,7.617499828338623,7.920000076293945,7.614999771118164,7.875,7.217992782592773,1.0416616964103758,3.823325362256469,0.2658047676086426,0.2658047676086426
2008-07-09,7.862500190734863,7.875,7.722499847412109,7.722499847412109,7.078215599060059,0.7269179374372251,-1.936510436389016,-0.1397771835327148,-0.13977718353271484
2008-07-10,7.697500228881836,7.929999828338623,7.65749979019165,7.852499961853027,7.197371006011963,0.0521435476962258,1.6834102505683513,0.1191554069519043,0.1191554069519043
2008-07-11,7.767499923706055,7.992499828338623,7.767499923706055,7.992499828338623,7.325690746307373,0.5208626707713495,1.7828696087533125,0.1283197402954101,0.12831974029541016
2008-07-14,8.02750015258789,8.02750015258789,7.722499847412109,7.857500076293945,7.201953411102295,-0.0565449446110492,-1.6890876163104471,-0.1237373352050781,-0.12373733520507812
2008-07-15,7.684999942779541,8.077500343322754,7.622499942779541,7.994999885559082,7.327981472015381,1.4356574810242475,1.7499149705523689,0.1260280609130859,0.12602806091308594
2008-07-16,7.929999828338623,8.154999732971191,7.607500076293945,8.067500114440918,7.39443302154541,1.8998479169199012,0.9068192896474868,0.0664515495300293,0.0664515495300293
2008-07-17,8.28499984741211,8.28499984741211,7.847499847412109,7.875,7.217992782592773,3.844919060502178,-2.386122620064812,-0.1764402389526367,-0.17644023895263672
2008-07-18,7.927499771118164,8.02750015258789,7.829999923706055,7.947500228881836,7.284444808959961,1.3133829271785633,0.9206441232172846,0.0664520263671875,0.0664520263671875
2008-07-21,7.960000038146973,7.960000038146973,7.787499904632568,7.820000171661377,7.167581558227539,-0.0769240369186632,-1.6042849358770428,-0.1168632507324218,-0.11686325073242188
2008-07-22,7.75,8.037500381469727,7.675000190734863,7.982500076293945,7.316524028778076,0.6884240964117319,2.078001754714154,0.1489424705505371,0.1489424705505371
2008-07-23,7.917500019073486,7.96750020980835,7.767499923706055,7.815000057220459,7.162999153137207,-0.0361658523034351,-2.098330778891866,-0.1535248756408691,-0.15352487564086914
2008-07-24,7.862500190734863,8.0,7.829999923706055,7.889999866485596,7.231740474700928,-0.1199465651236263,0.9596723396737116,0.0687413215637207,0.0687413215637207
2008-07-25,7.947500228881836,8.0,7.804999828338623,7.875,7.217992782592773,0.0362931425680815,-0.1901021221136001,-0.0137476921081542,-0.013747692108154297
2008-07-28,7.882500171661377,7.882500171661377,6.902500152587891,7.03249979019165,6.445781230926514,4.662347096396475,-10.698425101346166,-0.7722115516662598,-0.7722115516662598
2008-07-29,7.037499904632568,7.487500190734863,6.877500057220459,7.445000171661377,6.823866844177246,1.646241434869593,5.86562900144203,0.3780856132507324,0.3780856132507324
2008-07-30,7.5,7.574999809265137,7.287499904632568,7.554999828338623,6.9246907234191895,1.582839814357016,1.4775182685162758,0.1008238792419433,0.10082387924194336
2008-07-31,7.465000152587891,7.702499866485596,7.465000152587891,7.635000228881836,6.998016357421875,0.6657806605143829,1.058901212074348,0.0733256340026855,0.07332563400268555
2008-08-01,7.617499828338623,7.742499828338623,7.542500019073486,7.662499904632568,7.023221969604492,0.3397151835925577,0.3601822415845834,0.0252056121826171,0.025205612182617188
2008-08-04,7.675000190734863,7.809999942779541,7.637499809265137,7.737500190734863,7.091964244842529,0.817491681026621,0.9787854568108934,0.0687422752380371,0.06874227523803711
2008-08-05,7.707499980926514,7.835000038146973,7.639999866485596,7.789999961853027,7.140084266662598,0.4348176143614234,0.6785147267918346,0.0481200218200683,0.04812002182006836
2008-08-06,7.760000228881836,7.934999942779541,7.599999904632568,7.775000095367432,7.126335620880127,0.1313955733369472,-0.1925557916264919,-0.0137486457824707,-0.013748645782470703
2008-08-07,7.760000228881836,7.875,7.715000152587891,7.75,7.103421688079834,0.0996947630806586,-0.3215387826129734,-0.0229139328002929,-0.02291393280029297
2008-08-08,7.71750020980835,7.987500190734863,7.672500133514404,7.914999961853027,7.254654407501221,0.5004835784637354,2.129012271299735,0.1512327194213867,0.15123271942138672
2008-08-11,7.929999828338623,8.244999885559082,7.739999771118164,8.15250015258789,7.472342491149902,0.3850020553872557,3.000667866736628,0.2176880836486816,0.21768808364868164
2008-08-12,7.992499828338623,8.147500038146973,7.849999904632568,7.880000114440918,7.222576141357422,0.5570921682071078,-3.342544189968521,-0.2497663497924804,-0.24976634979248047
2008-08-13,7.880000114440918,8.012499809265137,7.837500095367432,8.012499809265137,7.344021320343018,-0.2399567753795758,1.6814662332209185,0.1214451789855957,0.1214451789855957
2008-08-14,7.942500114440918,8.02750015258789,7.875,7.994999885559082,7.327981472015381,-0.0406945394829049,-0.2184068867448152,-0.0160398483276367,-0.01603984832763672
2008-08-15,8.104999542236328,8.104999542236328,7.692500114440918,7.914999961853027,7.254654407501221,0.552563481027638,-1.0006447859371217,-0.0733270645141601,-0.07332706451416016
2008-08-18,7.929999828338623,7.952499866485596,7.710000038146973,7.755000114440918,7.108004093170166,0.0430861733372862,-2.021465201421868,-0.1466503143310547,-0.1466503143310547
2008-08-19,7.707499980926514,7.707499980926514,7.392499923706055,7.442500114440918,6.82157564163208,0.5661495425660474,-4.029660756854447,-0.2864284515380859,-0.28642845153808594
2008-08-20,7.457499980926514,7.539999961853027,7.264999866485596,7.425000190734863,6.805537223815918,1.8953192297404315,-0.2351130978931026,-0.0160384178161621,-0.01603841781616211
2008-08-21,7.377500057220459,7.397500038146973,7.182499885559082,7.222499847412109,6.619931697845459,0.9827887630772684,-2.727272217701404,-0.1856055259704589,-0.18560552597045898
2008-08-22,7.28000020980835,7.40500020980835,7.167500019073486,7.352499961853027,6.739084243774414,0.3759446810283161,1.799905971352156,0.119152545928955,0.11915254592895508
2008-08-25,7.244999885559082,7.487500190734863,7.175000190734863,7.360000133514404,6.745959281921387,1.974571255381153,0.1020173943266034,0.0068750381469726,0.006875038146972656
2008-08-26,7.34499979019165,7.377500057220459,6.902500152587891,7.014999866485596,6.429743766784668,1.6734135579464118,-4.687480340774519,-0.3162155151367187,-0.31621551513671875
2008-08-27,7.070000171661377,7.662499904632568,7.027500152587891,7.427499771118164,6.807826519012451,2.0719380297397536,5.880214918997484,0.3780827522277832,0.3780827522277832
2008-08-28,7.457499980926514,7.787499904632568,7.375,7.767499923706055,7.119462013244629,1.8772044810225528,4.57760627950583,0.3116354942321777,0.31163549423217773
2008-08-29,7.760000228881836,7.852499961853027,7.267499923706055,7.690000057220459,7.048428058624268,1.1118563476921577,-0.9977432913921612,-0.0710339546203613,-0.07103395462036133
2008-09-02,7.272500038146973,7.572500228881836,7.244999885559082,7.5,6.874279975891113,3.496210147683004,-2.470736471801982,-0.1741480827331543,-0.1741480827331543
2008-09-03,7.417500019073486,7.637499809265137,7.385000228881836,7.512499809265137,6.885735988616943,2.0040077220477066,0.1666503657984153,0.01145601272583,0.011456012725830078
2008-09-04,7.460000038146973,7.679999828338623,7.3125,7.4375,6.816993236541748,1.0846842246153388,-0.9983355764559776,-0.0687427520751953,-0.06874275207519531
2008-09-05,7.397500038146973,7.612500190734863,7.247499942779541,7.492499828338623,6.867404937744141,0.8265490553855606,0.7395005312923919,0.0504117012023925,0.05041170120239258
2008-09-08,7.672500133514404,7.962500095367432,7.485000133514404,7.757500171661377,7.11029577255249,1.9406061015351292,3.536864900355452,0.2428908348083496,0.2428908348083496
2008-09-09,7.78249979019165,7.932499885559082,7.730000019073486,7.797500133514404,7.146958827972412,1.9428704451248644,0.5156333378064204,0.0366630554199218,0.036663055419921875
2008-09-10,7.840000152587891,7.922500133514404,7.6875,7.869999885559082,7.213409423828125,0.6906884400014667,0.9297744321071556,0.0664505958557128,0.06645059585571289
2008-09-11,7.849999904632568,8.050000190734863,7.767499923706055,8.042499542236328,7.371516227722168,1.3020612092298889,2.191845694655381,0.1581068038940429,0.15810680389404297
2008-09-12,8.042499542236328,8.1875,7.974999904632568,8.1850004196167,7.50213098526001,0.8288133989752954,1.7718845554003826,0.1306147575378418,0.1306147575378418
2008-09-15,8.0024995803833,8.229999542236328,7.852499961853027,8.180000305175781,7.497548103332519,0.5412417630789635,-0.0610877354247141,-0.0045828819274911,-0.0045828819274911226
2008-09-16,8.0,8.414999961853027,7.9375,8.399999618530273,7.699192047119141,1.2069587784610232,2.68946515590871,0.2016439437866219,0.20164394378662198
2008-09-17,8.385000228881836,8.385000228881836,7.957499980926514,8.1274995803833,7.449426651000977,1.865882763073878,-3.244046837507064,-0.249765396118164,-0.24976539611816406
2008-09-18,8.199999809265137,8.270000457763672,7.90500020980835,8.199999809265137,7.515876770019531,2.608587460506924,0.8920165555241111,0.0664501190185546,0.06645011901855469
2008-09-19,8.302499771118164,8.7475004196167,8.1875,8.5,7.790847778320312,4.734806091267992,3.658535347434455,0.2749710083007803,0.27497100830078036
2008-09-22,8.414999961853027,8.5,8.265000343322754,8.345000267028809,7.648780822753906,0.5118052964124099,-1.8235108631147523,-0.1420669555664053,-0.14206695556640536
2008-09-23,8.332500457763672,8.5,8.102499961853027,8.175000190734863,7.492964267730713,0.6725736912835876,-2.0371423712346903,-0.1558165550231933,-0.15581655502319336
2008-09-24,8.199999809265137,8.399999618530273,7.947500228881836,7.972499847412109,7.307358264923096,0.5570921682071078,-2.477070438023443,-0.1856060028076172,-0.1856060028076172
2008-09-25,8.020000457763672,8.020000457763672,7.789999961853027,7.90749979019165,7.247781753540039,0.1517746656445613,-0.8152947922238418,-0.0595765113830566,-0.05957651138305664
2008-09-26,7.815000057220459,8.15250015258789,7.664999961853027,8.037500381469727,7.366935729980469,0.6250224758991547,1.644006131699971,0.1191539764404296,0.11915397644042969
2008-09-29,7.960000038146973,8.494999885559082,7.912499904632568,8.117500305175781,7.440261840820312,-0.3531739548663207,0.9953407159700722,0.0733261108398428,0.07332611083984286
2008-09-30,8.350000381469727,8.350000381469727,7.894999980926514,8.272500038146973,7.582329273223877,1.8998479169199012,1.909441299822623,0.1420674324035653,0.14206743240356534
2008-10-01,8.204999923706055,8.204999923706055,7.784999847412109,8.007499694824219,7.339437484741211,0.3419795271822926,-3.2033927798468254,-0.242891788482666,-0.24289178848266602
2008-10-02,7.724999904632568,7.857500076293945,7.527500152587891,7.565000057220459,6.933856010437012,1.7390795220487238,-5.526056665070156,-0.4055814743041992,-0.4055814743041992
2008-10-03,7.650000095367432,7.925000190734863,7.465000152587891,7.465000152587891,6.842199325561523,0.6069077271812755,-1.3218717656888757,-0.0916566848754882,-0.09165668487548828
2008-10-06,7.340000152587891,7.605000019073486,7.204999923706055,7.409999847412109,6.791787147521973,1.619069311792774,-0.7367832423591847,-0.0504121780395507,-0.05041217803955078
2008-10-07,7.474999904632568,7.650000095367432,7.164999961853027,7.172500133514404,6.574102401733398,2.0243868143553208,-3.205117313901662,-0.2176847457885742,-0.21768474578857422
2008-10-08,6.992499828338623,7.474999904632568,6.885000228881836,7.15749979019165,6.560354232788086,2.3753600707642297,-0.2091261757907414,-0.0137481689453125,-0.0137481689453125
2008-10-09,7.232500076293945,7.309999942779541,6.355000019073486,6.394999980926514,5.861469268798828,2.70821857845526,-10.653158948281948,-0.6988849639892578,-0.6988849639892578
2008-10-10,6.324999809265137,6.900000095367432,6.027500152587891,6.789999961853027,6.223514080047607,1.7571942707666028,6.176690427705212,0.3620448112487793,0.3620448112487793
2008-10-13,7.170000076293945,7.224999904632568,6.78249979019165,7.067500114440918,6.477860450744629,1.299796865640154,4.086861014944088,0.2543463706970215,0.2543463706970215
2008-10-14,7.329999923706055,7.329999923706055,6.635000228881836,6.920000076293945,6.342668056488037,0.5163339835918797,-2.086991457820786,-0.1351923942565918,-0.1351923942565918
2008-10-15,6.900000095367432,7.057499885559082,6.329999923706055,6.472499847412109,5.932501792907715,1.1548788758971205,-6.466778017190345,-0.4101662635803222,-0.41016626358032227
2008-10-16,6.597499847412109,7.462500095367432,6.065000057220459,7.382500171661377,6.766583442687988,3.392050342555198,14.059526299299474,0.8340816497802734,0.8340816497802734
2008-10-17,7.139999866485596,7.247499942779541,6.417500019073486,6.889999866485596,6.315171241760254,1.535288598972583,-6.671198319670957,-0.4514122009277344,-0.4514122009277344
2008-10-20,7.017499923706055,7.315000057220459,6.5625,6.929999828338623,6.351832866668701,1.6983213374334956,0.5805325541454076,0.0366616249084472,0.036661624908447266
2008-10-21,6.869999885559082,6.957499980926514,6.4375,6.630000114440918,6.076863765716553,5.6201644348543365,-4.328972545783616,-0.2749691009521484,-0.27496910095214844
2008-10-22,6.512499809265137,6.78000020980835,6.447500228881836,6.612500190734863,6.0608229637146,0.9850531066670032,-0.2639651409078736,-0.0160408020019531,-0.016040802001953125
2008-10-23,6.625,6.71999979019165,6.045000076293945,6.360000133514404,5.8293890953063965,2.7942636348651857,-3.8185221675962056,-0.2314338684082031,-0.23143386840820312
2008-10-24,6.0,6.53000020980835,5.877500057220459,6.349999904632568,5.820223808288574,2.015329439996381,-0.1572255148520107,-0.0091652870178222,-0.009165287017822266
2008-10-27,6.307499885559082,6.360000133514404,5.877500057220459,5.897500038146973,5.405474662780762,1.0892129117948086,-7.125999947238604,-0.4147491455078125,-0.4147491455078125
2008-10-28,5.947500228881836,6.534999847412109,5.875,6.472499847412109,5.932501792907715,2.0968458092268376,9.74987698593397,0.5270271301269531,0.5270271301269531
2008-10-29,6.497499942779541,6.599999904632568,5.987500190734863,6.264999866485596,5.742313861846924,0.9171227989749564,-3.205863861485214,-0.190187931060791,-0.19018793106079102
2008-10-30,6.460000038146973,7.400000095367432,6.117499828338623,7.355000019073486,6.741375923156738,2.610851804096659,17.398248952356667,0.9990620613098145,0.9990620613098145
2008-10-31,7.25,7.497499942779541,6.974999904632568,7.357500076293945,6.743668556213379,1.1073276605126878,0.0340083846795291,0.0022926330566406,0.002292633056640625
2008-11-03,7.3125,7.425000190734863,6.914999961853027,7.130000114440918,6.535148143768311,0.901272393846812,-3.092091651701123,-0.2085204124450674,-0.20852041244506747
2008-11-04,7.315000057220459,7.315000057220459,6.877500057220459,7.052499771118164,6.464112758636475,1.8024811425613008,-1.0869743664429945,-0.0710353851318368,-0.07103538513183683
2008-11-05,7.010000228881836,7.132500171661377,6.809999942779541,6.857500076293945,6.285382270812988,2.5542432143532867,-2.7649655025694053,-0.1787304878234863,-0.17873048782348633
2008-11-06,6.832499980926514,6.922500133514404,6.722499847412109,6.737500190734863,6.1753926277160645,0.6793667220527922,-1.749927663233397,-0.1099896430969238,-0.10998964309692383
2008-11-07,6.789999961853027,6.949999809265137,6.75,6.875,6.301422119140625,2.2100629887135823,2.040833660663477,0.1260294914245605,0.12602949142456055
2008-11-10,7.0,7.127500057220459,6.737500190734863,6.929999828338623,6.351832866668701,0.398588116925665,0.7999900113809799,0.0504107475280761,0.05041074752807617
2008-11-11,6.882500171661377,7.119999885559082,6.739999771118164,6.9375,6.35870885848999,0.6771023784630573,0.1082520898396222,0.006875991821289,0.0068759918212890625
2008-11-12,6.880000114440918,7.067500114440918,6.777500152587891,6.877500057220459,6.303712844848633,1.5307599117931132,-0.8648927772173187,-0.0549960136413574,-0.05499601364135742
2008-11-13,6.892499923706055,7.369999885559082,6.652500152587891,7.340000152587891,6.727627754211426,2.189683896405968,6.724844862011992,0.4239149093627929,0.42391490936279297
2008-11-14,7.242499828338623,7.277500152587891,6.952499866485596,7.022500038146973,6.436617374420166,1.8387106399970592,-4.3256016893784,-0.2910103797912597,-0.29101037979125977
2008-11-17,6.96750020980835,7.244999885559082,6.820000171661377,6.877500057220459,6.303712844848633,0.6069077271812755,-2.064819482663527,-0.1329045295715332,-0.1329045295715332
2008-11-18,6.877500057220459,7.097499847412109,6.522500038146973,6.827499866485596,6.257885456085205,0.8356064297445002,-0.726990424395324,-0.0458273887634277,-0.045827388763427734
2008-11-19,6.835000038146973,7.09250020980835,6.482500076293945,6.514999866485596,5.971457481384277,0.640872881027299,-4.577072826131767,-0.2864279747009277,-0.28642797470092773
2008-11-20,6.487500190734863,6.824999809265137,6.195000171661377,6.244999885559082,5.7239837646484375,1.4288644502550432,-4.144276627729948,-0.2474737167358398,-0.24747371673583984
2008-11-21,6.3125,6.642499923706055,5.752500057220459,6.599999904632568,6.049365997314453,1.166200593845795,5.684541501944684,0.3253822326660156,0.3253822326660156
2008-11-24,6.59250020980835,6.952499866485596,6.337500095367432,6.872499942779541,6.299130439758301,1.451507886152392,4.128770561323747,0.2497644424438476,0.24976444244384766
2008-11-25,6.912499904632568,7.135000228881836,6.730000019073486,7.135000228881836,6.539730548858643,2.2055343015341125,3.8195765495145695,0.2406001091003418,0.2406001091003418
2008-11-26,6.962500095367432,7.692500114440918,6.962500095367432,7.679999828338623,7.039261817932129,0.7042745015398761,7.638407505346967,0.4995312690734863,0.49953126907348633
2008-11-28,7.599999904632568,7.762499809265137,7.505000114440918,7.630000114440918,6.993432998657227,-0.3780817343534045,-0.6510458121923524,-0.0458288192749023,-0.045828819274902344
2008-12-01,7.465000152587891,7.46750020980835,6.724999904632568,6.777500152587891,6.212058067321777,0.5435061066686985,-11.17298087342049,-0.7813749313354492,-0.7813749313354492
2008-12-02,6.892499923706055,7.28000020980835,6.837500095367432,7.215000152587891,6.613058090209961,1.8024811425613008,6.4551879351808505,0.4010000228881836,0.4010000228881836
2008-12-03,7.114999771118164,7.497499942779541,7.067500114440918,7.385000228881836,6.768873691558838,0.2944283117978598,2.356180744571823,0.1558156013488769,0.15581560134887695
2008-12-04,7.335000038146973,7.502500057220459,6.869999885559082,7.105000019073486,6.512233257293701,0.5638851989763125,-3.791479143497412,-0.2566404342651367,-0.2566404342651367
2008-12-05,7.010000228881836,7.90500020980835,6.852499961853027,7.747499942779541,7.101130485534668,0.8582498656418491,9.04293818992743,0.5888972282409668,0.5888972282409668
2008-12-08,7.764999866485596,8.039999961853027,7.527500152587891,7.987500190734863,7.321107864379883,1.6869996194848211,3.0977797027292864,0.2199773788452148,0.21997737884521484
2008-12-09,7.889999866485596,8.274999618530273,7.730000019073486,7.75,7.103421688079834,1.2001657476918186,-2.973404849820327,-0.2176861763000488,-0.21768617630004883
2008-12-10,7.832499980926514,8.092499732971191,7.617499828338623,7.78249979019165,7.133210182189941,0.1087521374395982,0.4193541566044789,0.0297884941101074,0.029788494110107422
2008-12-11,7.670000076293945,7.922500133514404,7.107500076293945,7.21750020980835,6.6153483390808105,0.8061699630779464,-7.259870799855561,-0.5178618431091309,-0.5178618431091309
2008-12-12,7.045000076293945,7.387499809265137,7.002500057220459,7.127500057220459,6.532855033874512,0.6861597528219969,-1.24699866096184,-0.0824933052062988,-0.08249330520629883
2008-12-15,7.197500228881836,7.197500228881836,6.587500095367432,6.597499847412109,6.0470733642578125,2.373095727174495,-7.435978099893504,-0.4857816696166992,-0.4857816696166992
2008-12-16,6.71750020980835,7.277500152587891,6.565000057220459,7.264999866485596,6.658884048461914,1.2635673682043955,10.117467530992853,0.6118106842041016,0.6118106842041016
2008-12-17,7.190000057220459,7.337500095367432,6.96750020980835,7.099999904632568,6.507650852203369,0.5910573220531312,-2.271149267022865,-0.1512331962585449,-0.15123319625854492
2008-12-18,7.125,7.267499923706055,6.947500228881836,7.005000114440918,6.420575141906738,0.5344487323097589,-1.338051353310521,-0.0870757102966308,-0.08707571029663086
2008-12-19,7.25,7.25,6.877500057220459,7.182499885559082,6.583267211914063,4.089468168193546,2.5339173891984146,0.1626920700073251,0.1626920700073251
2008-12-22,7.207499980926514,7.207499980926514,6.775000095367432,6.952499866485596,6.372457504272461,1.019018260513027,-3.202204936480324,-0.2108097076416024,-0.21080970764160245
2008-12-23,7.019999980926514,7.090000152587891,6.889999866485596,6.922500133514404,6.344958782196045,-0.0248441343547606,-0.4315246050362709,-0.027498722076416,-0.027498722076416016
2008-12-24,6.912499904632568,6.925000190734863,6.767499923706055,6.832499980926514,6.2624688148498535,-0.6407455907626526,-1.3000867330715926,-0.0824899673461914,-0.0824899673461914
2008-12-26,6.90749979019165,7.204999923706055,6.90749979019165,7.170000076293945,6.571810722351074,-0.434690324096777,4.939615934975916,0.3093419075012207,0.3093419075012207
2008-12-29,7.177499771118164,7.252500057220459,6.914999961853027,7.230000019073486,6.626803874969482,0.774469152821658,0.8368036594750716,0.0549931526184082,0.0549931526184082
2008-12-30,7.262499809265137,7.577499866485596,7.107500076293945,7.574999809265137,6.94302225112915,2.0243868143553208,4.771808282331636,0.3162183761596679,0.31621837615966797
2008-12-31,7.617499828338623,7.872499942779541,7.457499980926514,7.519999980926514,6.8926100730896,2.1398683374318006,-0.7260840627631882,-0.0504121780395507,-0.05041217803955078
2009-01-02,7.607500076293945,7.659999847412109,7.462500095367432,7.572500228881836,6.940731048583984,0.3782090246180509,0.6981531667120011,0.0481209754943847,0.048120975494384766
2009-01-05,7.590000152587891,7.695000171661377,7.385000228881836,7.545000076293945,6.915525913238525,0.6137007579504802,-0.3631481348150056,-0.0252051353454589,-0.025205135345458984
2009-01-06,7.559999942779541,7.559999942779541,7.352499961853027,7.409999847412109,6.791787147521973,0.3623586194899067,-1.789289307407227,-0.1237387657165527,-0.12373876571655273
2009-01-07,7.355000019073486,7.382500171661377,7.047500133514404,7.137499809265137,6.542022228240967,0.0159140502604674,-3.6774550476325496,-0.2497649192810058,-0.24976491928100586
2009-01-08,7.135000228881836,7.177499771118164,7.005000114440918,7.09250020980835,6.500776767730713,0.3714159938488462,-0.6304695867923371,-0.0412454605102539,-0.041245460510253906
2009-01-09,7.114999771118164,7.114999771118164,6.769999980926514,6.777500152587891,6.212058067321777,0.312543060515739,-4.4412954132206135,-0.2887187004089355,-0.28871870040893555
2009-01-12,6.787499904632568,6.887499809265137,6.632500171661377,6.682499885559082,6.124981880187988,1.4967947579470895,-1.401728480161013,-0.087076187133789,-0.08707618713378906
2009-01-13,6.644999980926514,6.820000171661377,6.612500190734863,6.679999828338623,6.1226911544799805,-0.3509096112765857,-0.0373997140369897,-0.0022907257080078,-0.0022907257080078125
2009-01-14,6.574999809265137,6.607500076293945,6.289999961853027,6.352499961853027,5.822514533996582,1.216016152819963,-4.902690874155214,-0.3001766204833984,-0.30017662048339844
2009-01-15,6.332499980926514,6.697500228881836,6.297500133514404,6.697500228881836,6.138731479644775,0.0747869835935748,5.430934415051447,0.3162169456481933,0.31621694564819336
2009-01-16,6.577499866485596,6.59499979019165,6.34499979019165,6.53000020980835,5.985204696655273,-0.2195776830719617,-2.5009529004253794,-0.1535267829895019,-0.15352678298950195
2009-01-20,6.46999979019165,6.494999885559082,6.287499904632568,6.292500019073486,5.767520427703857,0.1110164810293331,-3.63703966671457,-0.217684268951416,-0.21768426895141602
2009-01-21,6.352499961853027,6.639999866485596,6.1875,6.632500171661377,6.079154014587402,0.2129119425674035,5.403250682678751,0.3116335868835449,0.3116335868835449
2009-01-22,6.487500190734863,6.619999885559082,6.317500114440918,6.460000038146973,5.921045303344727,0.024971424619407,-2.600834110523953,-0.1581087112426757,-0.15810871124267578
2009-01-23,6.307499885559082,6.355000019073486,6.047500133514404,6.159999847412109,5.646074295043945,-0.2693932420461295,-4.643960554489479,-0.2749710083007812,-0.27497100830078125
2009-01-26,6.150000095367432,6.387499809265137,6.119999885559082,6.260000228881836,5.73773193359375,-0.2897723343537435,1.6233870431046291,0.0916576385498046,0.09165763854980469
2009-01-27,6.25,6.497499942779541,6.25,6.355000019073486,5.824806213378906,-0.3758173907636696,1.517573159445562,0.0870742797851562,0.08707427978515625
2009-01-28,6.427499771118164,6.585000038146973,6.087500095367432,6.522500038146973,5.97833251953125,0.024971424619407,2.6357324265949167,0.1535263061523437,0.15352630615234375
2009-01-29,6.474999904632568,6.539999961853027,6.292500019073486,6.292500019073486,5.767520427703857,0.4280245835922187,-3.526269091568057,-0.2108120918273925,-0.21081209182739258
2009-01-30,6.369999885559082,6.539999961853027,6.059999942779541,6.130000114440918,5.618577003479004,0.0295001117988768,-2.582451611431058,-0.1489434242248535,-0.14894342422485352
2009-02-02,6.070000171661377,6.46750020980835,6.067500114440918,6.440000057220459,5.902713775634766,0.0544078912859607,5.057094918870475,0.2841367721557617,0.2841367721557617
2009-02-03,6.46999979019165,6.877500057220459,6.432499885559082,6.849999904632568,6.278507709503174,1.0869485682050737,6.366460379963046,0.3757939338684082,0.3757939338684082
2009-02-04,6.795000076293945,6.985000133514404,6.497499942779541,6.537499904632568,5.992080211639404,0.1585676964137659,-4.562031474935225,-0.2864274978637695,-0.28642749786376953
2009-02-05,6.514999866485596,6.602499961853027,6.144999980926514,6.152500152587891,5.639200210571289,0.7903195579498021,-5.889106764336338,-0.3528800010681152,-0.35288000106811523
2009-02-06,6.127500057220459,6.28000020980835,6.097499847412109,6.260000228881836,5.73773193359375,3.118064768197276,1.747264139296778,0.0985317230224609,0.09853172302246094
2009-02-09,6.21999979019165,6.352499961853027,6.072500228881836,6.130000114440918,5.618577003479004,0.4099098348743395,-2.0766904326273594,-0.1191549301147461,-0.1191549301147461
2009-02-10,6.085000038146973,6.1875,5.767499923706055,5.864999771118164,5.375685691833496,1.951927819483804,-4.323004054142365,-0.2428913116455078,-0.2428913116455078
2009-02-11,5.875,5.894999980926514,5.807499885559082,5.847499847412109,5.359644889831543,1.2250735271789024,-0.2983954591378235,-0.0160408020019531,-0.016040802001953125
2009-02-12,5.78249979019165,5.802499771118164,5.449999809265137,5.767499923706055,5.286320209503174,1.5058521323060294,-1.368088405772605,-0.0733246803283691,-0.07332468032836914
2009-02-13,5.760000228881836,5.84499979019165,5.650000095367432,5.775000095367432,5.293195724487305,0.2989569989773296,0.1300624009073603,0.0068755149841308,0.006875514984130859
2009-02-17,5.597499847412109,5.614999771118164,5.525000095367432,5.545000076293945,5.082381725311279,6.364513232321146e-05,-3.982735763968837,-0.2108139991760254,-0.2108139991760254
2009-02-18,5.514999866485596,5.554999828338623,5.275000095367432,5.304999828338623,4.862405776977539,1.4469791989729222,-4.328205951910613,-0.2199759483337402,-0.21997594833374023
2009-02-19,5.335000038146973,5.360000133514404,5.112500190734863,5.147500038146973,4.718047142028809,1.9655138810222132,-2.9688726439129787,-0.1443586349487304,-0.14435863494873047
2009-02-20,5.090000152587891,5.172500133514404,5.025000095367432,5.077499866485596,4.653886795043945,2.7127472656347296,-1.3598920284902838,-0.0641603469848632,-0.06416034698486328
2009-02-23,5.132500171661377,5.132500171661377,4.852499961853027,4.980000019073486,4.564521312713623,5.11748015793319,-1.9202332644938869,-0.0893654823303222,-0.08936548233032227
2009-02-24,5.027500152587891,5.34250020980835,4.90749979019165,5.292500019073486,4.850948810577393,1.5035877887162945,6.275082932923959,0.2864274978637695,0.28642749786376953
2009-02-25,5.269999980926514,5.382500171661377,5.135000228881836,5.275000095367432,4.834909915924072,1.557932034869932,-0.3306341765212606,-0.0160388946533203,-0.016038894653320312
2009-02-26,5.300000190734863,5.392499923706055,5.235000133514404,5.375,4.926565647125244,1.49226607076762,1.895707113369327,0.0916557312011718,0.09165573120117188
2009-02-27,5.34499979019165,5.650000095367432,5.162499904632568,5.617499828338623,5.148834705352783,1.9813642861503575,4.511643082585093,0.222269058227539,0.22226905822753906
2009-03-02,5.46750020980835,5.677499771118164,5.40749979019165,5.622499942779541,5.153417587280273,3.469038024606185,0.0890081385352292,0.0045828819274902,0.004582881927490234
2009-03-03,5.695000171661377,5.972499847412109,5.639999866485596,5.954999923706055,5.458177089691162,4.569509009217345,5.913735831598421,0.3047595024108886,0.30475950241088867
2009-03-04,6.002500057220459,6.21750020980835,5.952499866485596,6.002500057220459,5.50171422958374,2.162511773329149,0.7976498229565809,0.0435371398925781,0.043537139892578125
2009-03-05,5.857500076293945,5.880000114440918,5.675000190734863,5.809999942779541,5.32527494430542,2.681046455378441,-3.2069874572832835,-0.1764392852783203,-0.1764392852783203
2009-03-06,5.852499961853027,6.099999904632568,5.837500095367432,6.082499980926514,5.575039863586426,2.8667226297367026,4.690178852607252,0.2497649192810058,0.24976491928100586
2009-03-09,6.039999961853027,6.065000057220459,5.864999771118164,5.945000171661377,5.44901180267334,2.674253424609236,-2.2605768567906197,-0.1260280609130859,-0.12602806091308594
2009-03-10,6.045000076293945,6.224999904632568,5.882500171661377,5.957499980926514,5.4604692459106445,3.03201971178735,0.2102664419204147,0.0114574432373046,0.011457443237304688
2009-03-11,5.974999904632568,6.0,5.835000038146973,5.837500095367432,5.350480556488037,1.3065898964093587,-2.0142717497214746,-0.1099886894226074,-0.10998868942260742
2009-03-12,5.795000076293945,6.132500171661377,5.742499828338623,6.057499885559082,5.552126407623291,1.116385034871627,3.7687428074238314,0.2016458511352539,0.2016458511352539
2009-03-13,6.072500228881836,6.142499923706055,5.894999980926514,5.992499828338623,5.492547988891602,0.5412417630789635,-1.0730738884094149,-0.0595784187316894,-0.05957841873168945
2009-03-16,6.105000019073486,6.162499904632568,5.835000038146973,5.864999771118164,5.375685691833496,0.2831065938491853,-2.1276518165058045,-0.1168622970581054,-0.11686229705810547
2009-03-17,5.692500114440918,6.132500171661377,5.692500114440918,6.132500171661377,5.620868682861328,0.4710471117971817,4.560962174561345,0.245182991027832,0.24518299102783203
2009-03-18,5.889999866485596,6.425000190734863,5.889999866485596,6.382500171661377,5.850012302398682,1.9677782246119484,4.076658475157746,0.2291436195373535,0.22914361953735352
2009-03-19,6.440000057220459,6.559999942779541,6.385000228881836,6.447500228881836,5.909588813781738,1.0869485682050737,1.018399762315525,0.0595765113830566,0.05957651138305664
2009-03-20,6.510000228881836,6.632500171661377,6.429999828338623,6.432499885559082,5.895840167999268,1.3337620194861777,-0.2326497869091559,-0.0137486457824707,-0.013748645782470703
2009-03-23,6.610000133514404,6.662499904632568,6.420000076293945,6.605000019073486,6.053947925567627,2.0492945938424048,2.6816832387437817,0.1581077575683593,0.15810775756835938
2009-03-24,6.537499904632568,6.732500076293945,6.387499809265137,6.389999866485596,5.8568854331970215,0.1064877938498633,-3.255107159715598,-0.1970624923706054,-0.19706249237060547
2009-03-25,6.429999828338623,6.6875,6.34499979019165,6.672500133514404,6.115817070007324,1.734550834869254,4.420978347001103,0.2589316368103027,0.25893163681030273
2009-03-26,6.737500190734863,6.737500190734863,6.492499828338623,6.642499923706055,6.088319301605225,2.1421326810215358,-0.4496172479872218,-0.0274977684020996,-0.02749776840209961
2009-03-27,6.550000190734863,6.599999904632568,6.227499961853027,6.304999828338623,5.778977394104004,1.4718869784600062,-5.080908082788316,-0.3093419075012207,-0.3093419075012207
2009-03-30,6.28000020980835,6.389999866485596,6.142499923706055,6.347499847412109,5.81793212890625,2.506691998968854,0.6740766081208438,0.038954734802246,0.038954734802246094
2009-03-31,6.425000190734863,6.505000114440918,6.224999904632568,6.332499980926514,5.8041839599609375,1.954192163073539,-0.2363067949350039,-0.0137481689453125,-0.0137481689453125
2009-04-01,6.260000228881836,6.452499866485596,6.087500095367432,6.427499771118164,5.891256332397461,0.9103297682057516,1.5001656225436033,0.0870723724365234,0.08707237243652344
2009-04-02,6.539999961853027,7.097499847412109,6.539999961853027,6.902500152587891,6.326626777648926,2.984468496402917,7.39011206925857,0.4353704452514648,0.43537044525146484
2009-04-03,6.882500171661377,6.96999979019165,6.522500038146973,6.849999904632568,6.278507709503174,0.486897516925326,-0.7605801612282526,-0.0481190681457519,-0.04811906814575195
2009-04-06,6.747499942779541,6.932499885559082,6.710000038146973,6.817500114440918,6.248719215393066,0.3261291220541483,-0.4744518202154824,-0.0297884941101074,-0.029788494110107422
2009-04-07,6.777500152587891,6.934999942779541,6.65749979019165,6.672500133514404,6.115817070007324,0.5933216656428661,-2.126870176185092,-0.1329021453857422,-0.1329021453857422
2009-04-08,6.735000133514404,7.010000228881836,6.704999923706055,6.974999904632568,6.393078804016113,0.4551967066690374,4.533519083958759,0.277261734008789,0.27726173400878906
2009-04-09,7.039999961853027,7.322500228881836,6.887499809265137,7.099999904632568,6.507650852203369,1.06204078871799,1.7921263244132346,0.1145720481872558,0.11457204818725586
2009-04-13,7.0,7.152500152587891,6.704999923706055,6.925000190734863,6.3472514152526855,1.1073276605126878,-2.464782462881754,-0.1603994369506836,-0.1603994369506836
2009-04-14,6.802499771118164,7.002500057220459,6.579999923706055,6.65500020980835,6.099777221679688,-0.1765551548669987,-3.898919034124082,-0.2474741935729971,-0.24747419357299716
2009-04-15,6.650000095367432,6.769999980926514,6.614999771118164,6.71750020980835,6.157062530517578,0.0770513271833097,0.9391377218546104,0.0572853088378897,0.05728530883788974
2009-04-16,6.755000114440918,6.78000020980835,6.547500133514404,6.730000019073486,6.168518543243408,0.4438749887203629,0.1860629589036655,0.01145601272583,0.011456012725830078
2009-04-17,6.752500057220459,6.885000228881836,6.599999904632568,6.809999942779541,6.241844654083252,-0.1154178779441565,1.1887150914081437,0.0733261108398437,0.07332611083984375
2009-04-20,6.65500020980835,6.75,6.454999923706055,6.514999866485596,5.971457481384277,0.1223381989780076,-4.33184719715981,-0.2703871726989746,-0.2703871726989746
2009-04-21,6.482500076293945,6.697500228881836,6.482500076293945,6.650000095367432,6.095193862915039,0.0227070810296721,2.07213032859237,0.1237363815307617,0.12373638153076172
2009-04-22,6.534999847412109,6.824999809265137,6.534999847412109,6.695000171661377,6.136439800262451,0.1744181015419102,0.6766960702983438,0.0412459373474121,0.04124593734741211
2009-04-23,6.885000228881836,6.957499980926514,6.5,6.902500152587891,6.326626777648926,1.0960059425640132,3.099304866941588,0.1901869773864746,0.1901869773864746
2009-04-24,6.985000133514404,6.985000133514404,6.707499980926514,6.772500038146973,6.2074737548828125,0.5118052964124099,-1.8833578612075572,-0.1191530227661132,-0.11915302276611328
2009-04-27,6.625,6.727499961853027,6.522500038146973,6.565000057220459,6.017284870147705,0.926180173333896,-3.063869333084246,-0.1901888847351074,-0.19018888473510742
2009-04-28,6.525000095367432,6.699999809265137,6.514999866485596,6.644999980926514,6.090610504150391,0.2106475989776686,1.2185833907658372,0.0733256340026855,0.07332563400268555
2009-04-29,6.675000190734863,6.875,6.587500095367432,6.860000133514404,6.287674903869629,0.0929017323114539,3.2355442789347766,0.1970643997192382,0.19706439971923828
2009-04-30,6.875,7.050000190734863,6.757500171661377,6.974999904632568,6.393078804016113,0.7812621835908626,1.6763573460456094,0.1054039001464843,0.10540390014648438
2009-05-01,6.980000019073486,7.014999866485596,6.757500171661377,6.985000133514404,6.402245044708252,0.706538845129611,0.1433775645997226,0.0091662406921386,0.009166240692138672
2009-05-04,7.010000228881836,7.117499828338623,6.989999771118164,7.039999961853027,6.45265531539917,0.113280824619068,0.7873842744051895,0.0504102706909179,0.05041027069091797
2009-05-05,7.0,7.054999828338623,6.882500171661377,7.002500057220459,6.418286323547363,1.0552477579487851,-0.532633314068176,-0.0343689918518066,-0.03436899185180664
2009-05-06,6.982500076293945,7.057499885559082,6.949999809265137,7.002500057220459,6.418286323547363,0.0498792041064909,0.0,0.0,0.0
2009-05-07,7.0625,7.065000057220459,6.974999904632568,7.022500038146973,6.436617374420166,0.070258296414105,0.2856066237735488,0.0183310508728027,0.018331050872802734
2009-05-08,7.242499828338623,7.242499828338623,6.927499771118164,7.210000038146973,6.608471870422363,0.004592332311793,2.669950472513194,0.1718544960021972,0.17185449600219727
2009-05-11,7.097499847412109,7.244999885559082,6.885000228881836,7.09250020980835,6.500776767730713,0.0861087015422492,-1.629652131435455,-0.1076951026916503,-0.10769510269165039
2009-05-12,7.110000133514404,7.320000171661377,6.932499885559082,6.989999771118164,6.406827449798584,0.5050122656432052,-1.445201416521258,-0.0939493179321289,-0.0939493179321289
2009-05-13,6.912499904632568,7.027500152587891,6.809999942779541,6.815000057220459,6.2464280128479,-0.2467498061487805,-2.503570420891021,-0.1603994369506836,-0.1603994369506836
2009-05-14,6.864999771118164,6.864999771118164,6.617499828338623,6.767499923706055,6.202890872955322,-0.1312682830723008,-0.6969925820489609,-0.0435371398925781,-0.043537139892578125
2009-05-15,6.764999866485596,6.8125,6.667500019073486,6.757500171661377,6.193724155426025,0.0362931425680815,-0.1477813767329694,-0.0091667175292968,-0.009166717529296875
2009-05-18,6.817500114440918,6.945000171661377,6.809999942779541,6.90500020980835,6.328920841217041,-0.3124157702510925,2.182801209714458,0.1351966857910156,0.13519668579101562
2009-05-19,6.860000133514404,6.922500133514404,6.739999771118164,6.840000152587891,6.269342422485352,-0.0497519138418445,-0.9413677343487304,-0.0595784187316894,-0.05957841873168945
2009-05-20,6.869999885559082,6.900000095367432,6.707499980926514,6.744999885559082,6.182268142700195,0.0362931425680815,-1.3888901565315637,-0.0870742797851562,-0.08707427978515625
2009-05-21,6.677499771118164,6.747499942779541,6.460000038146973,6.542500019073486,5.996663570404053,0.1472459784650915,-3.002208380678184,-0.1856045722961425,-0.18560457229614258
2009-05-22,6.559999942779541,6.619999885559082,6.375,6.375,5.843137264251709,-0.1652334369183242,-2.560195421168165,-0.1535263061523437,-0.15352630615234375
2009-05-26,6.289999961853027,6.635000228881836,6.167500019073486,6.567500114440918,6.019576072692871,0.7178605630782855,3.0195903409734104,0.1764388084411621,0.1764388084411621
2009-05-27,6.507500171661377,6.59250020980835,6.4375,6.53249979019165,5.987496376037598,0.1042234502601284,-0.5329228548302534,-0.0320796966552734,-0.03207969665527344
2009-05-28,6.5625,6.6875,6.357500076293945,6.462500095367432,5.923336029052734,-0.3373235497381764,-1.0715722057325627,-0.0641603469848632,-0.06416034698486328
2009-05-29,6.494999885559082,6.567500114440918,6.367499828338623,6.559999942779541,6.012702465057373,0.2514057835928967,1.5087179853770616,0.0893664360046386,0.08936643600463867
2009-06-01,6.659999847412109,7.027500152587891,6.659999847412109,7.019999980926514,6.434326171875,0.4959548912842656,7.012216374714697,0.4216237068176269,0.42162370681762695
2009-06-02,6.96750020980835,7.082499980926514,6.827499866485596,6.875,6.301422119140625,0.7472970297448391,-2.06554733447164,-0.132904052734375,-0.132904052734375
2009-06-03,6.815000057220459,6.962500095367432,6.692500114440918,6.952499866485596,6.372457504272461,-0.0225797907650257,1.1272913286679342,0.0710353851318359,0.07103538513183594
2009-06-04,6.96999979019165,6.96999979019165,6.797500133514404,6.869999885559082,6.296839237213135,-0.2195776830719617,-1.1866421550654094,-0.0756182670593261,-0.07561826705932617
2009-06-05,6.90749979019165,6.952499866485596,6.837500095367432,6.84499979019165,6.273923873901367,-0.2784506164050691,-0.3639185065475669,-0.0229153633117675,-0.022915363311767578
2009-06-08,6.84250020980835,6.960000038146973,6.739999771118164,6.764999866485596,6.200599670410156,-0.1493830317901799,-1.168713630655116,-0.0733242034912109,-0.07332420349121094
2009-06-09,6.767499923706055,6.894999980926514,6.482500076293945,6.835000038146973,6.264759540557861,-0.192405559995143,1.0347365344981485,0.064159870147705,0.06415987014770508
2009-06-10,6.867499828338623,6.867499828338623,6.682499885559082,6.804999828338623,6.237263202667236,-0.0791883805083981,-0.4389049206536155,-0.027496337890625,-0.027496337890625
2009-06-11,6.802499771118164,6.965000152587891,6.75,6.855000019073486,6.283090591430664,-0.0633379753802539,0.7347355286182244,0.0458273887634277,0.045827388763427734
2009-06-12,6.777500152587891,6.912499904632568,6.625,6.764999866485596,6.200599670410156,-0.3101514266613576,-1.312903575399893,-0.0824909210205078,-0.08249092102050781
2009-06-15,6.677499771118164,6.817500114440918,6.442500114440918,6.474999904632568,5.934793949127197,-0.1765551548669987,-4.286774431695839,-0.265805721282959,-0.265805721282959
2009-06-16,6.5625,6.597499847412109,6.3125,6.352499961853027,5.822514533996582,-0.1946699035848779,-1.8918839658641828,-0.1122794151306152,-0.11227941513061523
2009-06-17,6.364999771118164,6.512499809265137,6.34250020980835,6.449999809265137,5.911879539489746,-0.5071493189682936,1.53481807510103,0.089365005493164,0.08936500549316406
2009-06-18,6.422500133514404,6.422500133514404,6.255000114440918,6.300000190734863,5.774394512176514,0.004592332311793,-2.3255722041504723,-0.1374850273132324,-0.13748502731323242
2009-06-19,6.402500152587891,6.402500152587891,6.147500038146973,6.159999847412109,5.646074295043945,0.9578809835901846,-2.2222280944258044,-0.1283202171325683,-0.12832021713256836
2009-06-22,6.114999771118164,6.207499980926514,5.897500038146973,5.920000076293945,5.426097869873047,1.4809443528189457,-3.8960951215960993,-0.2199764251708984,-0.21997642517089844
2009-06-23,5.965000152587891,5.965000152587891,5.875,5.922500133514404,5.428389549255371,3.1769377015303832,0.0422343908510702,0.0022916793823242,0.0022916793823242188
2009-06-24,5.980000019073486,6.130000114440918,5.980000019073486,6.034999847412109,5.531502723693848,0.0204427374399372,1.899516854913652,0.1031131744384765,0.10311317443847656
2009-06-25,6.010000228881836,6.15500020980835,6.010000228881836,6.107500076293945,5.597954750061035,-0.0542806010213143,1.2013376777804785,0.0664520263671875,0.0664520263671875
2009-06-26,6.090000152587891,6.119999885559082,5.977499961853027,6.070000171661377,5.563582897186279,5.855656168186767,-0.6140073367756571,-0.0343718528747558,-0.03437185287475586
2009-06-29,6.03000020980835,6.255000114440918,5.985000133514404,6.170000076293945,5.655240535736084,0.7020101579501412,1.6474570477984507,0.0916576385498046,0.09165763854980469
2009-06-30,6.192500114440918,6.329999923706055,6.047500133514404,6.127500057220459,5.616286277770996,0.2921639682081249,-0.6888169958277013,-0.0389542579650878,-0.03895425796508789
2009-07-01,6.199999809265137,6.372499942779541,6.177499771118164,6.307499885559082,5.78126859664917,0.0951660759011888,2.9375696094974035,0.1649823188781738,0.16498231887817383
2009-07-02,6.502500057220459,6.502500057220459,6.027500152587891,6.150000095367432,5.636910915374756,0.3782090246180509,-2.496989698041085,-0.144357681274414,-0.14435768127441406
2009-07-06,6.110000133514404,6.172500133514404,6.010000228881836,6.102499961853027,5.593372344970703,-0.1403256574312404,-0.7723835103602639,-0.0435385704040527,-0.043538570404052734
2009-07-07,6.107500076293945,6.107500076293945,6.014999866485596,6.019999980926514,5.517754554748535,0.0113853630809976,-1.3519176904101535,-0.0756177902221679,-0.07561779022216797
2009-07-08,6.0625,6.142499923706055,6.010000228881836,6.09250020980835,5.584205627441406,0.2061189117981988,1.2043136756723527,0.0664510726928711,0.0664510726928711
2009-07-09,6.122499942779541,6.122499942779541,5.912499904632568,5.987500190734863,5.487966537475586,-0.1312682830723008,-1.723415941076578,-0.0962390899658203,-0.09623908996582031
2009-07-10,5.985000133514404,6.195000171661377,5.900000095367432,6.144999980926514,5.632325649261475,0.267256188721041,2.630466326645875,0.1443591117858886,0.14435911178588867
2009-07-13,6.150000095367432,6.602499961853027,6.117499828338623,6.570000171661377,6.0218682289123535,0.8016412758984767,6.916194195943848,0.3895425796508789,0.3895425796508789
2009-07-14,6.574999809265137,6.809999942779541,6.527500152587891,6.65500020980835,6.099777221679688,0.8786289579494632,1.2937678110138018,0.0779089927673348,0.07790899276733487
2009-07-15,6.684999942779541,7.197500228881836,6.684999942779541,7.102499961853027,6.509942531585693,0.4936905476945307,6.724267051068766,0.4101653099060049,0.41016530990600497
2009-07-16,7.042500019073486,7.190000057220459,6.877500057220459,7.164999961853027,6.567227840423584,0.0566722348756956,0.8799664291957665,0.0572853088378906,0.057285308837890625
2009-07-17,7.162499904632568,7.162499904632568,6.974999904632568,7.012499809265137,6.427450656890869,0.221969316926343,-2.1284046621976027,-0.1397771835327148,-0.13977718353271484
2009-07-20,7.067500114440918,7.172500133514404,7.050000190734863,7.117499828338623,6.523691177368164,0.509540952822675,1.4973358118916869,0.0962405204772949,0.09624052047729492
2009-07-21,7.1875,7.197500228881836,7.082499980926514,7.142499923706055,6.546605110168457,-0.301094052302418,0.3512418380530624,0.0229139328002929,0.02291393280029297
2009-07-22,6.9375,7.027500152587891,6.542500019073486,6.650000095367432,6.095193862915039,2.0742023733294883,-6.895348652575173,-0.4514112472534179,-0.45141124725341797
2009-07-23,6.614999771118164,6.614999771118164,6.272500038146973,6.434999942779541,5.898129940032959,3.1044787066588664,-3.2331034469809894,-0.19706392288208,-0.19706392288208008
2009-07-24,6.394999980926514,6.559999942779541,6.394999980926514,6.527500152587891,5.982913494110107,0.0272357682091419,1.437465009064809,0.0847835540771484,0.08478355407714844
2009-07-27,6.537499904632568,6.619999885559082,6.422500133514404,6.507500171661377,5.964582920074463,0.2129119425674035,-0.3063820670930695,-0.0183305740356445,-0.01833057403564453
2009-07-28,6.447500228881836,6.650000095367432,6.445000171661377,6.502500057220459,5.959999084472656,0.6589876297451782,-0.0768508991027538,-0.0045838356018066,-0.004583835601806641
2009-07-29,6.474999904632568,6.59250020980835,6.4375,6.440000057220459,5.902713775634766,0.1812111323111149,-0.961163047610758,-0.0572853088378906,-0.057285308837890625
2009-07-30,6.380000114440918,6.554999828338623,6.292500019073486,6.480000019073486,5.939376831054688,0.9533522964107148,0.6211220264696005,0.0366630554199227,0.03666305541992276
2009-07-31,6.4375,6.574999809265137,6.432499885559082,6.452499866485596,5.914173126220703,0.2966926553875947,-0.4243493139247323,-0.0252037048339852,-0.025203704833985263
2009-08-03,6.465000152587891,6.572500228881836,6.335000038146973,6.53249979019165,5.987496376037598,-0.2195776830719617,1.2397886949202297,0.0733232498168945,0.07332324981689453
2009-08-04,6.472499847412109,6.582499980926514,6.4375,6.542500019073486,5.996663570404053,-0.3509096112765857,0.1531056353226922,0.009167194366455,0.009167194366455078
2009-08-05,6.527500152587891,6.542500019073486,6.447500228881836,6.512499809265137,5.969164848327637,-0.2648645548666597,-0.4585670307091005,-0.027498722076416,-0.027498722076416016
2009-08-06,6.517499923706055,6.587500095367432,6.457499980926514,6.474999904632568,5.934793949127197,-0.081452724098133,-0.5758075053006628,-0.0343708992004394,-0.03437089920043945
2009-08-07,6.5625,6.590000152587891,6.377500057220459,6.519999980926514,5.976038932800293,-0.3056227394818878,0.6949690928892638,0.0412449836730957,0.0412449836730957
2009-08-10,6.462500095367432,6.635000228881836,6.460000038146973,6.619999885559082,6.067697525024414,-0.0746596933289283,1.5337683247182543,0.0916585922241211,0.0916585922241211
2009-08-11,6.547500133514404,6.5625,6.485000133514404,6.505000114440918,5.962292194366455,-0.2399567753795758,-1.7371553249522775,-0.1054053306579589,-0.10540533065795898
2009-08-12,6.492499828338623,6.6875,6.492499828338623,6.572500228881836,6.024160385131836,0.0747869835935748,1.0376578126083391,0.0618681907653808,0.06186819076538086
2009-08-13,6.585000038146973,6.585000038146973,6.429999828338623,6.542500019073486,5.996663570404053,0.1653607271829706,-0.456442275269564,-0.0274968147277832,-0.027496814727783203
2009-08-14,6.53249979019165,6.552499771118164,6.322500228881836,6.377500057220459,5.845428466796875,0.6521945989759734,-2.5219874657231744,-0.1512351036071777,-0.15123510360717773
2009-08-17,6.297500133514404,6.355000019073486,6.255000114440918,6.307499885559082,5.78126859664917,0.1676250707727055,-1.097607652067678,-0.064159870147705,-0.06415987014770508
2009-08-18,6.320000171661377,6.369999885559082,6.244999885559082,6.267499923706055,5.744606018066406,0.2423484092339571,-0.6341614815131291,-0.0366625785827636,-0.03666257858276367
2009-08-19,6.1875,6.329999923706055,6.159999847412109,6.307499885559082,5.78126859664917,-0.2331637446103711,0.6382087556128679,0.0366625785827636,0.03666257858276367
2009-08-20,6.304999828338623,6.400000095367432,6.272500038146973,6.394999980926514,5.861469268798828,-0.6067804369166291,1.3872504072227845,0.0802006721496582,0.0802006721496582
2009-08-21,6.480000019073486,6.482500076293945,6.309999942779541,6.375,5.843137264251709,1.4696226348702712,-0.3127544256642633,-0.0183320045471191,-0.01833200454711914
2009-08-24,6.40749979019165,6.497499942779541,6.252500057220459,6.434999942779541,5.898129940032959,0.090637388721719,0.941149818911402,0.05499267578125,0.05499267578125
2009-08-25,6.434999942779541,6.474999904632568,6.380000114440918,6.414999961853027,5.879800796508789,-0.1290039394825659,-0.3107619484569612,-0.0183291435241699,-0.018329143524169922
2009-08-26,6.427499771118164,6.480000019073486,6.340000152587891,6.355000019073486,5.824806213378906,0.4053811476948697,-0.9353137127117715,-0.0549945831298828,-0.05499458312988281
2009-08-27,6.387499809265137,6.414999961853027,6.267499923706055,6.357500076293945,5.827097892761231,-0.2059916215335523,0.0393434442001128,0.0022916793823251,0.002291679382325107
2009-08-28,6.387499809265137,6.442500114440918,6.275000095367432,6.349999904632568,5.820223808288574,0.421231552823014,-0.1179675474681229,-0.0068740844726571,-0.006874084472657138
2009-09-01,7.079999923706055,7.079999923706055,6.784999847412109,6.897500038146973,6.322045803070068,1.209223122050758,8.622039483547873,0.5018219947814941,0.5018219947814941
2009-09-02,6.860000133514404,7.010000228881836,6.78249979019165,6.952499866485596,6.372457504272461,1.8953192297404315,0.7973953807470346,0.0504117012023925,0.05041170120239258
2009-09-03,7.002500057220459,7.09250020980835,6.862500190734863,7.087500095367432,6.4961934089660645,0.5661495425660474,1.9417297739630968,0.1237359046936035,0.12373590469360352
2009-09-04,7.014999866485596,7.247499942779541,7.0,7.210000038146973,6.608471870422363,0.8763646143597282,1.7283731315839823,0.1122784614562988,0.11227846145629883
2009-09-09,7.252500057220459,7.362500190734863,7.237500190734863,7.287499904632568,6.679507732391357,4.698576593832234,1.0749211521491109,0.0710358619689941,0.07103586196899414
2009-09-10,7.260000228881836,7.402500152587891,7.175000190734863,7.402500152587891,6.784913063049316,0.7608830912832485,1.5780404017920358,0.1054053306579589,0.10540533065795898
2009-09-11,7.422500133514404,7.485000133514404,7.34250020980835,7.454999923706055,6.833033084869385,0.0838443579525144,0.7092209048650933,0.0481200218200683,0.04812002182006836
2009-09-14,7.352499961853027,7.5,7.347499847412109,7.454999923706055,6.833033084869385,0.7110675323090808,0.0,0.0,0.0
2009-09-15,7.432499885559082,7.485000133514404,7.239999771118164,7.449999809265137,6.828449249267578,0.1495103220548264,-0.067083468569129,-0.0045838356018066,-0.004583835601806641
2009-09-16,7.447500228881836,7.447500228881836,7.34499979019165,7.440000057220459,6.819284915924072,-0.2965653651229483,-0.1342081197204359,-0.0091643333435058,-0.00916433334350586
2009-09-17,7.425000190734863,7.4375,7.269999980926514,7.420000076293945,6.800954341888428,0.421231552823014,-0.268804929866473,-0.0183305740356445,-0.01833057403564453
2009-09-18,7.300000190734863,7.382500171661377,7.172500133514404,7.175000190734863,6.576394081115723,3.339970439991296,-3.3018933738401035,-0.224560260772705,-0.22456026077270508
2009-09-21,7.087500095367432,7.252500057220459,7.002500057220459,7.182499885559082,6.583267211914063,0.1608320400035008,0.1045121492654566,0.0068731307983407,0.006873130798340732
2009-09-22,7.172500133514404,7.275000095367432,7.132500171661377,7.175000190734863,6.576394081115723,-0.1154178779441565,-0.1044030354092617,-0.0068731307983407,-0.006873130798340732
2009-09-23,7.184999942779541,7.199999809265137,7.130000114440918,7.15500020980835,6.558062553405762,0.1110164810293331,-0.2787474029666281,-0.0183315277099609,-0.018331527709960938
2009-09-24,7.159999847412109,7.28249979019165,7.112500190734863,7.117499828338623,6.523691177368164,0.2853709374389202,-0.5241086945678486,-0.0343713760375976,-0.034371376037597656
2009-09-25,7.119999885559082,7.119999885559082,7.034999847412109,7.097499847412109,6.5053582191467285,-0.3124157702510925,-0.2810212458406291,-0.0183329582214355,-0.018332958221435547
2009-09-28,7.09499979019165,7.172500133514404,7.037499904632568,7.164999961853027,6.567227840423584,0.1585676964137659,0.951056332221012,0.0618696212768554,0.06186962127685547
2009-09-29,7.150000095367432,7.244999885559082,7.052499771118164,7.067500114440918,6.477860450744629,0.1381886041061519,-1.3608084240486873,-0.089367389678955,-0.08936738967895508
2009-09-30,7.050000190734863,7.195000171661377,6.912499904632568,7.042500019073486,6.454946517944336,0.5208626707713495,-0.353726866679549,-0.0229139328002929,-0.02291393280029297
2009-10-01,6.989999771118164,7.005000114440918,6.885000228881836,6.885000228881836,6.310588836669922,0.4076454912846046,-2.2363884948250035,-0.144357681274414,-0.14435768127441406
2009-10-02,6.827499866485596,6.932499885559082,6.775000095367432,6.864999771118164,6.292255878448486,0.860514209231584,-0.2905110552426593,-0.0183329582214355,-0.018332958221435547
2009-10-05,6.827499866485596,6.900000095367432,6.804999828338623,6.84250020980835,6.271634101867676,0.1812111323111149,-0.3277326443675288,-0.0206217765808105,-0.020621776580810547
2009-10-06,6.860000133514404,6.9375,6.824999809265137,6.912499904632568,6.335793495178223,-0.1199465651236263,1.0230091913595585,0.0641593933105468,0.06415939331054688
2009-10-07,6.900000095367432,6.934999942779541,6.795000076293945,6.875,6.301422119140625,-0.3554382984560555,-0.5424952070132272,-0.0343713760375976,-0.034371376037597656
2009-10-08,6.875,7.087500095367432,6.875,6.982500076293945,6.399954319000244,0.8650428964110538,1.5636502046153522,0.0985321998596191,0.09853219985961914
2009-10-09,7.0,7.022500038146973,6.974999904632568,6.994999885559082,6.411410331726074,-0.1516473753799148,0.1790014764921021,0.01145601272583,0.011456012725830078
2009-10-12,7.0,7.034999847412109,6.954999923706055,6.962500095367432,6.381622314453125,-0.4822415394812098,-0.464609434301011,-0.0297880172729492,-0.02978801727294922
2009-10-13,6.934999942779541,7.017499923706055,6.855000019073486,6.894999980926514,6.319753170013428,-0.1108891907646867,-0.9694892833061576,-0.0618691444396972,-0.061869144439697266
2009-10-14,6.954999923706055,7.047500133514404,6.954999923706055,7.03000020980835,6.443492412567139,-0.4211042625583676,1.957975876982676,0.1237392425537109,0.12373924255371094
2009-10-15,7.019999980926514,7.150000095367432,7.0,7.112500190734863,6.519108295440674,-0.2784506164050691,1.1735232701765463,0.0756158828735351,0.07561588287353516
2009-10-16,7.087500095367432,7.184999942779541,6.927499771118164,7.09499979019165,6.503067493438721,-0.2829793035845389,-0.2460582226126217,-0.0160408020019531,-0.016040802001953125
2009-10-19,7.137499809265137,7.287499904632568,7.037499904632568,7.159999847412109,6.562644481658936,-0.3124157702510925,0.9161367044141278,0.0595769882202157,0.05957698822021573
2009-10-20,7.190000057220459,7.277500152587891,7.017499923706055,7.052499771118164,6.464112758636475,-0.3101514266613576,-1.501402724127976,-0.0985317230224618,-0.09853172302246183
2009-10-21,7.014999866485596,7.212500095367432,6.829999923706055,6.90500020980835,6.328920841217041,-0.1810838420464685,-2.0914226355165044,-0.1351919174194336,-0.1351919174194336
2009-10-22,6.952499866485596,7.429999828338623,6.952499866485596,7.392499923706055,6.775747776031494,-0.081452724098133,7.060080952577197,0.4468269348144531,0.4468269348144531
2009-10-23,7.409999847412109,7.452499866485596,7.057499885559082,7.190000057220459,6.590142250061035,-0.4188399189686327,-2.7392626187624503,-0.1856055259704589,-0.18560552597045898
2009-10-26,7.175000190734863,7.287499904632568,7.005000114440918,7.142499923706055,6.546605110168457,-0.3260018317895019,-0.6606403661798765,-0.0435371398925781,-0.043537139892578125
2009-10-27,7.142499923706055,7.215000152587891,7.005000114440918,7.027500152587891,6.44119930267334,-0.3124157702510925,-1.610083481763647,-0.1054058074951171,-0.10540580749511719
2009-10-28,6.980000019073486,7.057499885559082,6.852499961853027,6.852499961853027,6.280799865722656,0.1653607271829706,-2.4902107420292308,-0.1603994369506836,-0.1603994369506836
2009-10-29,6.932499885559082,6.96750020980835,6.670000076293945,6.747499942779541,6.18455982208252,-0.1788194984567336,-1.5322896079743575,-0.0962400436401358,-0.09624004364013583
2009-10-30,6.682499885559082,6.762499809265137,6.480000019073486,6.502500057220459,5.959999084472656,0.1449816348753566,-3.630989820941666,-0.2245607376098641,-0.22456073760986417
2009-11-02,6.557499885559082,6.607500076293945,6.417500019073486,6.527500152587891,5.982913494110107,-0.1856125292259383,0.3844700194191253,0.0229144096374511,0.022914409637451172
2009-11-03,6.465000152587891,6.599999904632568,6.465000152587891,6.567500114440918,6.019576072692871,-0.4641267907633306,0.6127880441336275,0.0366625785827636,0.03666257858276367
2009-11-04,6.577499866485596,6.619999885559082,6.252500057220459,6.262499809265137,5.7400221824646,-0.2014629343540826,-4.644079364599052,-0.2795538902282715,-0.2795538902282715
2009-11-05,6.292500019073486,6.574999809265137,6.272500038146973,6.5,5.95770788192749,-0.3644956728149952,3.792419132593361,0.2176856994628906,0.21768569946289062
2009-11-06,6.454999923706055,6.502500057220459,6.362500190734863,6.425000190734863,5.888965129852295,-0.455069416404391,-1.153845630527206,-0.0687427520751953,-0.06874275207519531
2009-11-09,6.462500095367432,6.559999942779541,6.452499866485596,6.557499885559082,6.010410785675049,-0.5479075035835218,2.062258022332686,0.1214456558227539,0.1214456558227539
2009-11-10,6.557499885559082,6.625,6.434999942779541,6.445000171661377,5.9072980880737305,-0.2195776830719617,-1.7155682245059256,-0.1031126976013183,-0.10311269760131836
2009-11-11,6.514999866485596,6.570000171661377,6.462500095367432,6.53249979019165,5.987496376037598,-0.169762124097794,1.3576136969586816,0.0801982879638671,0.08019828796386719
2009-11-12,6.474999904632568,6.570000171661377,6.252500057220459,6.292500019073486,5.767520427703857,-0.3735530471739348,-3.673922028814913,-0.2199759483337402,-0.21997594833374023
2009-11-13,6.292500019073486,6.53249979019165,6.292500019073486,6.389999866485596,5.8568854331970215,-0.4912989138401494,1.5494527780760992,0.089365005493164,0.08936500549316406
2009-11-16,6.440000057220459,6.932499885559082,6.440000057220459,6.762499809265137,6.198307514190674,0.113280824619068,5.829413685616269,0.3414220809936523,0.34142208099365234
2009-11-17,6.71750020980835,6.777500152587891,6.585000038146973,6.732500076293945,6.170812129974365,-0.1131535343544216,-0.4435950322464577,-0.0274953842163085,-0.027495384216308594
2009-11-18,6.735000133514404,6.860000133514404,6.635000228881836,6.840000152587891,6.269342422485352,-0.3418522369176462,1.5967151557309878,0.0985302925109863,0.09853029251098633
2009-11-19,6.78249979019165,6.837500095367432,6.567500114440918,6.650000095367432,6.095193862915039,-0.03843019589317,-2.777780313063116,-0.1741485595703125,-0.1741485595703125
2009-11-20,6.590000152587891,6.702499866485596,6.590000152587891,6.65749979019165,6.102067947387695,-0.0225797907650257,0.1127787667998481,0.0068740844726562,0.00687408447265625
2009-11-23,6.730000019073486,7.037499904632568,6.730000019073486,6.947500228881836,6.367873668670654,-0.0339015087137002,4.355994124856499,0.265805721282959,0.265805721282959
2009-11-24,6.962500095367432,6.962500095367432,6.744999885559082,6.889999866485596,6.315171241760254,-0.3305305189689717,-0.8276299068194715,-0.0527024269104003,-0.05270242691040039
2009-11-25,6.897500038146973,6.997499942779541,6.880000114440918,6.917500019073486,6.340377330780029,0.6114364143607454,0.3991354795432222,0.0252060890197753,0.02520608901977539
2009-11-27,6.702499866485596,6.784999847412109,6.622499942779541,6.622499942779541,6.0699872970581055,-0.5229997240964379,-4.2645732204184,-0.2703900337219238,-0.27039003372192383
2009-11-30,6.582499980926514,6.75,6.5625,6.747499942779541,6.18455982208252,0.4959548912842656,1.8875249554466844,0.1145725250244149,0.11457252502441495
2009-12-01,6.817500114440918,6.927499771118164,6.730000019073486,6.875,6.301422119140625,1.3609341425629962,1.889581480655056,0.1168622970581045,0.11686229705810458
2009-12-02,6.860000133514404,6.954999923706055,6.822500228881836,6.917500019073486,6.340377330780029,-0.2535428369179852,0.6181971450710755,0.0389552116394043,0.0389552116394043
2009-12-03,6.934999942779541,6.934999942779541,6.835000038146973,6.855000019073486,6.283090591430664,0.1155451682088029,-0.9035225564772098,-0.0572867393493652,-0.057286739349365234
2009-12-04,6.9375,6.9375,6.849999904632568,6.912499904632568,6.335793495178223,0.1563033528240311,0.8388054092270947,0.0527029037475585,0.052702903747558594
2009-12-07,6.892499923706055,6.962500095367432,6.860000133514404,6.952499866485596,6.372457504272461,0.1268668861574774,0.5786806202276118,0.0366640090942382,0.03666400909423828
2009-12-08,6.889999866485596,7.010000228881836,6.84250020980835,7.0,6.415993690490723,-0.2943010215332133,0.6831930411316689,0.0435361862182617,0.04353618621826172
2009-12-09,6.982500076293945,7.072500228881836,6.877500057220459,7.042500019073486,6.454946517944336,-0.301094052302418,0.6071207256850286,0.0389528274536132,0.03895282745361328
2009-12-10,7.047500133514404,7.167500019073486,6.934999942779541,6.980000019073486,6.397661685943604,-0.4822415394812098,-0.8874563381971234,-0.0572848320007315,-0.057284832000731534
2009-12-11,6.989999771118164,7.119999885559082,6.952499866485596,6.977499961853027,6.395371437072754,-0.7245263035828438,-0.0357982179001847,-0.0022902488708504,-0.0022902488708504976
2009-12-14,7.034999847412109,7.152500152587891,6.977499961853027,7.152500152587891,6.5557708740234375,-0.4663911343530655,2.508055060271852,0.1603994369506836,0.1603994369506836
2009-12-15,7.114999771118164,7.137499809265137,6.882500171661377,6.892499923706055,6.317461490631104,0.1812111323111149,-3.6351084864269634,-0.2383093833923331,-0.2383093833923331
2009-12-16,6.962500095367432,6.980000019073486,6.744999885559082,6.892499923706055,6.317461490631104,0.8469281476931746,0.0,0.0,0.0
2009-12-17,6.909999847412109,6.972499847412109,6.817500114440918,6.929999828338623,6.351832866668701,-0.4256329497378374,0.5440694191578332,0.0343713760375967,0.03437137603759677
2009-12-18,6.977499961853027,7.019999980926514,6.864999771118164,7.012499809265137,6.427450656890869,3.0342840553770847,1.1904877192057794,0.0756177902221679,0.07561779022216797
2009-12-21,7.007500171661377,7.137499809265137,6.957499980926514,7.012499809265137,6.427450656890869,-0.2308994010206362,0.0,0.0,0.0
2009-12-22,7.03000020980835,7.130000114440918,6.889999866485596,7.019999980926514,6.434326171875,-0.2422211189693107,0.1069711048930388,0.0068755149841308,0.006875514984130859
2009-12-23,7.0625,7.122499942779541,6.977499961853027,7.067500114440918,6.477860450744629,-0.3101514266613576,0.6765942183646345,0.0435342788696289,0.043534278869628906
2009-12-24,7.099999904632568,7.099999904632568,7.03000020980835,7.067500114440918,6.477860450744629,-0.8988807599924308,0.0,0.0,0.0
2009-12-28,7.065000057220459,7.070000171661377,6.949999809265137,6.982500076293945,6.399954319000244,-0.4799771958914749,-1.2026522080362143,-0.0779061317443847,-0.07790613174438477
2009-12-29,6.962500095367432,7.082499980926514,6.940000057220459,7.034999847412109,6.448073387145996,-0.4369546676865118,0.7518658063370154,0.0481190681457519,0.04811906814575195
2009-12-30,6.989999771118164,7.025000095367432,6.902500152587891,6.994999885559082,6.411410331726074,-0.4007251702507535,-0.5685893013098853,-0.0366630554199218,-0.036663055419921875
2009-12-31,7.012499809265137,7.102499961853027,6.949999809265137,6.960000038146973,6.379331111907959,-0.0905100984570726,-0.5003457610469164,-0.0320792198181152,-0.032079219818115234
2010-01-04,7.047500133514404,7.172500133514404,6.977499961853027,7.15749979019165,6.560354232788086,-0.3577026420457905,2.837650495084354,0.1810231208801269,0.18102312088012695
2010-01-05,7.127500057220459,7.199999809265137,6.815000057220459,6.90500020980835,6.328920841217041,0.509540952822675,-3.527757547212329,-0.2314333915710449,-0.23143339157104492
2010-01-06,6.877500057220459,6.96750020980835,6.727499961853027,6.767499923706055,6.202890872955322,2.6221735220453337,-1.9913342483437235,-0.1260299682617187,-0.12602996826171875
2010-01-07,6.777500152587891,6.84499979019165,6.65749979019165,6.815000057220459,6.2464280128479,-0.2784506164050691,0.7018846661062561,0.0435371398925781,0.043537139892578125
2010-01-08,6.792500019073486,6.960000038146973,6.787499904632568,6.829999923706055,6.260176181793213,-0.1403256574312404,0.2200964922197901,0.0137481689453125,0.0137481689453125
2010-01-11,6.875,6.934999942779541,6.8125,6.877500057220459,6.303712844848633,0.0951660759011888,0.695454277821117,0.0435366630554199,0.04353666305541992
2010-01-12,6.817500114440918,6.885000228881836,6.767499923706055,6.862500190734863,6.28996467590332,0.2491414400031618,-0.2180963708800165,-0.0137481689453125,-0.0137481689453125
2010-01-13,6.902500152587891,7.082499980926514,6.797500133514404,6.957499980926514,6.377037525177002,0.4529323630793025,1.3843138039750125,0.0870728492736816,0.08707284927368164
2010-01-14,6.945000171661377,7.0,6.932499885559082,6.940000057220459,6.36099910736084,-0.6430099343523875,-0.2515026413572374,-0.0160384178161621,-0.01603841781616211
2010-01-15,6.972499847412109,6.972499847412109,6.829999923706055,6.869999885559082,6.296839237213135,1.254509993845456,-1.0086445394004273,-0.064159870147705,-0.06415987014770508
2010-01-19,6.900000095367432,6.985000133514404,6.900000095367432,6.972499847412109,6.390788555145264,0.0295001117988768,1.4920075674936362,0.0939493179321289,0.0939493179321289
2010-01-20,6.917500019073486,6.9375,6.762499809265137,6.889999866485596,6.315171241760254,0.1087521374395982,-1.18322352136232,-0.0756173133850097,-0.07561731338500977
2010-01-21,6.914999961853027,6.920000076293945,6.762499809265137,6.78249979019165,6.216638088226318,0.2627275015415712,-1.5602609931202882,-0.0985331535339355,-0.09853315353393555
2010-01-22,6.797500133514404,6.885000228881836,6.732500076293945,6.742499828338623,6.179978370666504,-0.3033583958921529,-0.5897032614661013,-0.0366597175598144,-0.03665971755981445
2010-01-25,6.807499885559082,6.807499885559082,6.635000228881836,6.679999828338623,6.1226911544799805,-0.0044650420471465,-0.92698085252918,-0.0572872161865234,-0.05728721618652344
2010-01-26,6.652500152587891,6.777500152587891,6.652500152587891,6.704999923706055,6.145605087280273,-0.2875079907640087,0.3742460990136198,0.0229139328002929,0.02291393280029297
2010-01-27,6.65749979019165,6.760000228881836,6.65749979019165,6.75,6.1868510246276855,-0.4505407292249212,0.6711452617217395,0.0412459373474121,0.04124593734741211
2010-01-28,6.747499942779541,6.747499942779541,6.574999809265137,6.6875,6.129564762115479,-0.1312682830723008,-0.9259357027374572,-0.0572862625122061,-0.05728626251220614
2010-01-29,6.699999809265137,6.775000095367432,6.697500228881836,6.727499961853027,6.166228771209717,0.1993258810289941,0.5981502850062714,0.0366640090942373,0.03666400909423739
2010-02-01,6.732500076293945,6.762499809265137,6.672500133514404,6.707499980926514,6.147897720336914,-0.0542806010213143,-0.2972813943976748,-0.0183310508728027,-0.018331050872802734
2010-02-02,6.695000171661377,6.78000020980835,6.695000171661377,6.699999809265137,6.141022682189941,0.2038545682084639,-0.1118274646019323,-0.0068750381469726,-0.006875038146972656
2010-02-03,6.662499904632568,6.75,6.622499942779541,6.71999979019165,6.1593546867370605,-0.0429588830726398,0.2985171281044918,0.0183320045471191,0.01833200454711914
2010-02-04,6.650000095367432,6.650000095367432,6.440000057220459,6.465000152587891,5.925629138946533,0.969202701538859,-3.79464342740009,-0.2337255477905273,-0.23372554779052734
2010-02-05,6.4375,6.59499979019165,6.304999828338623,6.557499885559082,6.010410785675049,0.4302889271819536,1.4307619451120024,0.0847816467285156,0.08478164672851562
2010-02-08,6.534999847412109,6.534999847412109,6.289999961853027,6.307499885559082,5.78126859664917,3.052398804094964,-3.8124214333570383,-0.2291421890258789,-0.2291421890258789
2010-02-09,6.349999904632568,6.420000076293945,6.295000076293945,6.377500057220459,5.845428466796875,0.3170717476952087,1.1097887786236438,0.064159870147705,0.06415987014770508
2010-02-10,6.337500095367432,6.377500057220459,6.28249979019165,6.377500057220459,5.845428466796875,-0.1810838420464685,0.0,0.0,0.0
2010-02-11,6.34250020980835,6.5,6.3125,6.489999771118164,5.948541641235352,0.1563033528240311,1.7639968571025788,0.1031131744384765,0.10311317443847656
2010-02-12,6.427499771118164,6.579999923706055,6.377500057220459,6.5625,6.014994144439697,0.3080143733362692,1.1171226026845948,0.0664525032043457,0.0664525032043457
2010-02-16,6.485000133514404,6.545000076293945,6.442500114440918,6.545000076293945,5.9989542961120605,-0.3373235497381764,-0.2666644046937949,-0.0160398483276367,-0.01603984832763672
2010-02-17,6.579999923706055,6.619999885559082,6.492499828338623,6.579999923706055,6.031033992767334,-0.434690324096777,0.534754810118554,0.0320796966552734,0.03207969665527344
2010-02-18,6.554999828338623,6.659999847412109,6.53249979019165,6.614999771118164,6.063113212585449,0.6861597528219969,0.531902487311231,0.0320792198181152,0.032079219818115234
2010-02-19,6.619999885559082,6.6875,6.382500171661377,6.625,6.072279930114746,0.3419795271822926,0.151188295647664,0.0091667175292968,0.009166717529296875
2010-02-22,6.512499809265137,6.692500114440918,6.512499809265137,6.652500152587891,6.097485065460205,0.3600942759001718,0.4150852008725225,0.0252051353454589,0.025205135345458984
2010-02-23,6.637499809265137,6.75,6.617499828338623,6.690000057220459,6.131857395172119,-0.0497519138418445,0.5637132250904564,0.034372329711914,0.03437232971191406
2010-02-24,6.724999904632568,6.724999904632568,6.59250020980835,6.650000095367432,6.095193862915039,0.1246025425677425,-0.597918866899072,-0.03666353225708,-0.03666353225708008
2010-02-25,6.5625,6.747499942779541,6.5625,6.732500076293945,6.170812129974365,-0.5229997240964379,1.240621196963243,0.0756182670593261,0.07561826705932617
2010-02-26,6.699999809265137,6.699999809265137,6.537499904632568,6.65749979019165,6.102067947387695,0.486897516925326,-1.114021641539675,-0.0687441825866699,-0.06874418258666992
2010-03-01,6.679999828338623,6.987500190734863,6.679999828338623,6.800000190734863,6.23267936706543,0.2332910348750175,2.1404451868427543,0.1306114196777343,0.13061141967773438
2010-03-02,6.922500133514404,6.992499828338623,6.809999942779541,6.972499847412109,6.390788555145264,-0.5252640676861728,2.53677718310541,0.1581091880798339,0.15810918807983398
2010-03-03,7.0,7.0,6.775000095367432,6.982500076293945,6.399954319000244,0.1676250707727055,0.1434214850935866,0.0091657638549804,0.009165763854980469
2010-03-04,6.980000019073486,7.057499885559082,6.917500019073486,7.042500019073486,6.454946517944336,-0.2603358676871899,0.8592592415984868,0.0549921989440918,0.0549921989440918
2010-03-05,7.050000190734863,7.347499847412109,7.050000190734863,7.315000057220459,6.704713344573975,-0.0406945394829049,3.8693864609923967,0.2497668266296386,0.24976682662963867
2010-03-08,7.332499980926514,7.397500038146973,7.072500228881836,7.210000038146973,6.608471870422363,-0.4595981035838608,-1.435430110214897,-0.0962414741516113,-0.09624147415161133
2010-03-09,7.210000038146973,7.275000095367432,7.09499979019165,7.167500019073486,6.569518089294434,-0.6384812471729177,-0.5894521742957792,-0.0389537811279296,-0.03895378112792969
2010-03-10,7.172500133514404,7.172500133514404,7.014999866485596,7.074999809265137,6.484736919403076,-0.3350592061484415,-1.290523425599743,-0.0847811698913574,-0.08478116989135742
2010-03-11,7.192500114440918,7.192500114440918,6.90749979019165,7.045000076293945,6.457239627838135,-0.0701310061494586,-0.424030950009191,-0.0274972915649414,-0.027497291564941406
2010-03-12,6.965000152587891,7.177499771118164,6.965000152587891,7.15500020980835,6.558062553405762,-0.6203664984550386,1.561393588879123,0.1008229255676269,0.10082292556762695
2010-03-15,7.122499942779541,7.232500076293945,7.027500152587891,7.215000152587891,6.613058090209961,-0.5479075035835218,0.8385942701269133,0.0549955368041992,0.05499553680419922
2010-03-16,7.03249979019165,7.132500171661377,7.0,7.122499942779541,6.528273582458496,-0.7267906471725787,-1.2820771660388195,-0.0847845077514648,-0.08478450775146484
2010-03-17,7.112500190734863,7.21999979019165,7.047500133514404,7.199999809265137,6.599308013916016,-0.434690324096777,1.0881043902386311,0.0710344314575195,0.07103443145751953
2010-03-18,7.164999961853027,7.309999942779541,7.090000152587891,7.269999980926514,6.663468837738037,-0.6271595292242432,0.972235629655782,0.0641608238220214,0.06416082382202148
2010-03-19,7.320000171661377,7.327499866485596,7.102499961853027,7.277500152587891,6.670341968536377,0.4959548912842656,0.1031464386749281,0.0068731307983398,0.006873130798339844
2010-03-22,7.212500095367432,7.4375,7.167500019073486,7.414999961853027,6.796370983123779,-0.4958276010196192,1.8893936050336624,0.1260290145874023,0.12602901458740234
2010-03-23,7.264999866485596,7.480000019073486,7.135000228881836,7.447500228881836,6.8261590003967285,-0.0678666625597236,0.438292985284594,0.0297880172729492,0.02978801727294922
2010-03-24,7.414999961853027,7.485000133514404,7.322500228881836,7.362500190734863,6.748250961303711,-0.47771285230174,-1.1413159155608588,-0.0779080390930175,-0.07790803909301758
2010-03-25,7.402500152587891,7.485000133514404,7.302499771118164,7.317500114440918,6.707004547119141,-0.6158378112755687,-0.6112163643748336,-0.0412464141845703,-0.04124641418457031
2010-03-26,7.317500114440918,7.385000228881836,7.235000133514404,7.277500152587891,6.670341968536377,-0.5818726574295453,-0.5466311872192042,-0.0366625785827636,-0.03666257858276367
2010-03-29,7.362500190734863,7.425000190734863,7.257500171661377,7.297500133514404,6.688675880432129,-0.0995674728160122,0.2748571509861408,0.0183339118957519,0.018333911895751953
2010-03-30,7.277500152587891,7.3125,7.127500057220459,7.232500076293945,6.629095554351807,-0.5094136625580286,-0.8907641384541587,-0.0595803260803222,-0.059580326080322266
2010-03-31,7.190000057220459,7.315000057220459,7.110000133514404,7.130000114440918,6.535148143768311,-0.1969342471746128,-1.4171980146193808,-0.0939474105834952,-0.0939474105834952
2010-04-01,7.179999828338623,7.295000076293945,7.105000019073486,7.182499885559082,6.583267211914063,-0.4482763856351863,0.7363118186025641,0.0481190681457519,0.04811906814575195
2010-04-05,7.130000114440918,7.275000095367432,7.125,7.252500057220459,6.647427558898926,-0.2331637446103711,0.974597337758798,0.0641603469848624,0.0641603469848624
2010-04-06,7.235000133514404,7.315000057220459,7.222499847412109,7.297500133514404,6.688675880432129,-0.3056227394818878,0.6205155478224533,0.0412483215332031,0.041248321533203125
2010-04-07,7.269999980926514,7.340000152587891,7.244999885559082,7.295000076293945,6.68638277053833,-0.346380924097116,-0.0342834655885693,-0.0022931098937988,-0.002293109893798828
2010-04-08,7.267499923706055,7.382500171661377,7.212500095367432,7.302499771118164,6.69325590133667,-0.4007251702507535,0.1027929604721977,0.0068731307983398,0.006873130798339844
2010-04-09,7.28000020980835,7.317500114440918,7.204999923706055,7.260000228881836,6.65430212020874,-0.47771285230174,-0.5819855344265323,-0.0389537811279296,-0.03895378112792969
2010-04-12,7.239999771118164,7.255000114440918,7.005000114440918,7.202499866485596,6.60159969329834,-0.323737488199767,-0.7920053216451617,-0.0527024269104003,-0.05270242691040039
2010-04-13,7.184999942779541,7.269999980926514,7.139999866485596,7.227499961853027,6.624514579772949,-0.1290039394825659,0.3471111175957997,0.0229148864746093,0.022914886474609375
2010-04-14,7.277500152587891,7.372499942779541,7.1875,7.3125,6.70242166519165,-0.1878768728156732,1.1760421760800277,0.0779070854187011,0.07790708541870117
2010-04-15,7.28000020980835,7.40749979019165,7.25,7.292500019073486,6.684091091156006,-0.6362169035831827,-0.2734918056684243,-0.0183305740356445,-0.01833057403564453
2010-04-16,7.302499771118164,7.434999942779541,7.237500190734863,7.397500038146973,6.780330657958984,-0.2173133394822269,1.4398302699721863,0.0962395668029785,0.09623956680297852
2010-04-19,7.389999866485596,7.46750020980835,7.002500057220459,7.397500038146973,6.780330657958984,0.355565588720702,0.0,0.0,0.0
2010-04-20,7.397500038146973,7.489999771118164,7.202499866485596,7.452499866485596,6.830742835998535,-0.2467498061487805,0.7435061884537353,0.0504121780395507,0.05041217803955078
2010-04-21,7.400000095367432,7.452499866485596,7.352499961853027,7.434999942779541,6.814701080322266,-0.3622313292252602,-0.2348464297576624,-0.0160417556762695,-0.01604175567626953
2010-04-22,7.360000133514404,7.497499942779541,7.295000076293945,7.494999885559082,6.869696617126465,-0.3192088010202972,0.8070131933299418,0.0549955368041992,0.05499553680419922
2010-04-23,7.494999885559082,7.75,7.447500228881836,7.727499961853027,7.082798957824707,-0.0633379753802539,3.1020633453734847,0.2131023406982422,0.2131023406982422
2010-04-26,7.697500228881836,7.742499828338623,7.517499923706055,7.617499828338623,6.981977939605713,-0.126739595892831,-1.4234629391479792,-0.1008210182189941,-0.10082101821899414
2010-04-27,7.605000019073486,7.679999828338623,7.46750020980835,7.485000133514404,6.860530376434326,-0.1674977805080591,-1.7394435247706452,-0.1214475631713867,-0.12144756317138672
2010-04-28,7.489999771118164,7.617499828338623,7.449999809265137,7.534999847412109,6.906358242034912,-0.5433788164040521,0.6679930426079395,0.0458278656005859,0.04582786560058594
2010-04-29,7.5625,7.737500190734863,7.389999866485596,7.730000019073486,7.085090160369873,0.3600942759001718,2.5879329173387644,0.1787319183349609,0.17873191833496094
2010-04-30,7.692500114440918,7.715000152587891,7.432499885559082,7.452499866485596,6.830742835998535,-0.2286350574309013,-3.5898953804994305,-0.2543473243713379,-0.2543473243713379
2010-05-03,7.46999979019165,7.630000114440918,7.364999771118164,7.630000114440918,6.993432998657227,-0.1765551548669987,2.381734557496462,0.1626901626586914,0.1626901626586914
2010-05-04,7.517499923706055,7.572500228881836,7.402500152587891,7.447500228881836,6.8261590003967285,-0.3848747651226092,-2.3918724651057044,-0.167273998260498,-0.16727399826049805
2010-05-05,7.394999980926514,7.465000152587891,7.329999923706055,7.380000114440918,6.764291286468506,-0.5116780061477635,-0.9063327403394328,-0.0618677139282226,-0.061867713928222656
2010-05-06,7.297500133514404,7.387499809265137,6.934999942779541,7.112500190734863,6.519108295440674,-0.1901412164054081,-3.624666364062468,-0.245182991027832,-0.24518299102783203
2010-05-07,7.082499980926514,7.082499980926514,6.795000076293945,6.894999980926514,6.319753170013428,0.2514057835928967,-3.058012175785929,-0.1993551254272461,-0.1993551254272461
2010-05-10,7.099999904632568,7.422500133514404,7.019999980926514,7.28249979019165,6.674923896789551,0.1110164810293331,5.620009472227028,0.355170726776123,0.35517072677612305
2010-05-11,7.197500228881836,7.480000019073486,7.137499809265137,7.4375,6.816993236541748,-0.2558071805077201,2.1284038881780987,0.1420693397521972,0.14206933975219727
2010-05-12,7.477499961853027,7.677499771118164,7.320000171661377,7.652500152587891,7.01405668258667,-0.1108891907646867,2.890767809311945,0.1970634460449218,0.19706344604492188
2010-05-13,7.610000133514404,7.610000133514404,7.292500019073486,7.542500019073486,6.913232803344727,-0.0769240369186632,-1.4374545830553642,-0.1008238792419433,-0.10082387924194336
2010-05-14,7.505000114440918,7.507500171661377,7.304999828338623,7.429999828338623,6.810119152069092,-0.1607047497388544,-1.4915402707941006,-0.1031136512756347,-0.10311365127563477
2010-05-17,7.449999809265137,7.65749979019165,7.307499885559082,7.59250020980835,6.959061145782471,-0.2716575856358644,2.187068836646211,0.1489419937133789,0.1489419937133789
2010-05-18,7.650000095367432,7.692500114440918,7.362500190734863,7.452499866485596,6.830742835998535,-0.1674977805080591,-1.8439026054786531,-0.1283183097839355,-0.12831830978393555
2010-05-19,7.409999847412109,7.4375,7.235000133514404,7.269999980926514,6.663468837738037,0.1427172912856217,-2.4488405181783635,-0.167273998260498,-0.16727399826049805
2010-05-20,7.09499979019165,7.215000152587891,7.09250020980835,7.09250020980835,6.500776767730713,0.6046433835915407,-2.441552200048269,-0.1626920700073242,-0.16269207000732422
2010-05-21,6.982500076293945,7.150000095367432,6.949999809265137,7.057499885559082,6.468696117401123,0.113280824619068,-0.4934894932684841,-0.0320806503295898,-0.032080650329589844
2010-05-24,7.03249979019165,7.042500019073486,6.837500095367432,6.892499923706055,6.317461490631104,-0.1969342471746128,-2.337946071746821,-0.1512346267700186,-0.15123462677001864
2010-05-25,6.75,6.872499942779541,6.677499771118164,6.804999828338623,6.237263202667236,0.1246025425677425,-1.269470151623453,-0.080198287963868,-0.08019828796386808
2010-05-26,6.832499980926514,7.0,6.767499923706055,6.827499866485596,6.257885456085205,0.201590224618729,0.3306298411320796,0.0206222534179687,0.02062225341796875
2010-05-27,6.952499866485596,7.087500095367432,6.90500020980835,7.047500133514404,6.459532260894775,-0.3124157702510925,3.2222834090625208,0.2016468048095703,0.2016468048095703
2010-05-28,7.007500171661377,7.007500171661377,6.827499866485596,6.872499942779541,6.299130439758301,-0.1969342471746128,-2.4831801229251216,-0.1604018211364746,-0.1604018211364746
2010-06-01,6.954999923706055,7.34499979019165,6.952499866485596,7.010000228881836,6.425159931182861,0.9759957323080636,2.00074427144894,0.1260294914245605,0.12602949142456055
2010-06-02,6.889999866485596,7.349999904632568,6.807499885559082,7.34250020980835,6.72991943359375,1.3043255528196238,4.743220490618705,0.3047595024108886,0.30475950241088867
2010-06-03,7.329999923706055,7.59499979019165,7.329999923706055,7.537499904632568,6.908649921417236,-0.0746596933289283,2.655759695001958,0.1787304878234863,0.17873048782348633
2010-06-04,7.329999923706055,7.400000095367432,6.802499771118164,7.072500228881836,6.48244571685791,0.3170717476952087,-6.16913882462139,-0.4262042045593261,-0.42620420455932617
2010-06-07,7.085000038146973,7.322500228881836,6.962500095367432,7.047500133514404,6.459532260894775,0.1381886041061519,-0.3534693071713279,-0.0229134559631347,-0.022913455963134766
2010-06-08,7.057499885559082,7.170000076293945,7.057499885559082,7.142499923706055,6.546605110168457,-0.369024359994465,1.347974524421991,0.0870728492736816,0.08707284927368164
2010-06-09,7.227499961853027,7.309999942779541,7.177499771118164,7.269999980926514,6.663468837738037,-0.4029895138404884,1.7851042731760636,0.11686372756958,0.11686372756958008
2010-06-10,7.402500152587891,7.402500152587891,7.190000057220459,7.387499809265137,6.771164894104004,2.302901075892713,1.6162161028808075,0.1076960563659668,0.1076960563659668
2010-06-11,7.269999980926514,7.457499980926514,7.212500095367432,7.447500228881836,6.8261590003967285,1.06204078871799,0.8121808751195836,0.0549941062927246,0.05499410629272461
2010-06-14,7.534999847412109,7.650000095367432,7.497499942779541,7.53000020980835,6.901776313781738,-0.2014629343540826,1.1077578676473188,0.0756173133850097,0.07561731338500977
2010-06-15,7.619999885559082,7.735000133514404,7.534999847412109,7.727499961853027,7.082798957824707,-0.2218420266616966,2.622841364497664,0.1810226440429687,0.18102264404296875
2010-06-16,7.659999847412109,7.747499942779541,7.650000095367432,7.737500190734863,7.091964244842529,-0.6181021548653036,0.1294020495625769,0.0091652870178222,0.009165287017822266
2010-06-17,7.6875,7.837500095367432,7.670000076293945,7.8125,7.160707473754883,0.3034856861567994,0.969311555149832,0.0687432289123535,0.06874322891235352
2010-06-18,7.862500190734863,7.892499923706055,7.769999980926514,7.885000228881836,7.227159023284912,0.8016412758984767,0.9280025720026286,0.0664515495300293,0.0664515495300293
2010-06-21,7.900000095367432,8.0,7.724999904632568,7.800000190734863,7.149250507354736,-0.2444854625590456,-1.077996425416483,-0.0779085159301757,-0.07790851593017578
2010-06-22,7.84499979019165,7.980000019073486,7.605000019073486,7.610000133514404,6.975102424621582,-0.2195776830719617,-2.435892861132793,-0.1741480827331543,-0.1741480827331543
2010-06-23,7.577499866485596,7.71999979019165,7.53249979019165,7.692500114440918,7.050718784332275,-0.3599669856355253,1.0840895962154429,0.0756163597106933,0.07561635971069336
2010-06-24,7.619999885559082,7.775000095367432,7.619999885559082,7.650000095367432,7.011764049530029,-0.301094052302418,-0.5524931002610534,-0.038954734802246,-0.038954734802246094
2010-06-25,7.659999847412109,8.0,7.659999847412109,8.0,7.332563400268555,2.1919482399957038,4.575158953901592,0.3207993507385254,0.3207993507385254
2010-06-28,7.920000076293945,8.47249984741211,7.920000076293945,8.395000457763672,7.694611549377441,0.6114364143607454,4.937538611607861,0.3620481491088867,0.3620481491088867
2010-06-29,8.234999656677246,8.479999542236328,8.032500267028809,8.130000114440918,7.451718330383301,0.4484036758998327,-3.156666420851262,-0.2428932189941406,-0.24289321899414062
2010-06-30,8.125,8.287500381469727,8.125,8.180000305175781,7.497548103332519,0.5163339835918797,0.6150228835455795,0.0458297729492178,0.04582977294921786
2010-07-01,8.172499656677246,8.2524995803833,8.029999732971191,8.217499732971191,7.531917572021484,-0.0769240369186632,0.4584094455317933,0.0343694686889657,0.03436946868896573
2010-07-02,8.295000076293945,8.295000076293945,8.022500038146973,8.037500381469727,7.366935729980469,-0.6045160933268943,-2.1904361069200684,-0.1649818420410156,-0.16498184204101562
2010-07-06,8.130000114440918,8.164999961853027,7.835000038146973,7.852499961853027,7.197371006011963,0.332922152823353,-2.3016995150160646,-0.1695647239685058,-0.16956472396850586
2010-07-07,7.902500152587891,8.067500114440918,7.502500057220459,8.0600004196167,7.387557983398437,-0.1244752523030961,2.642450656324513,0.1901869773864737,0.19018697738647372
2010-07-08,8.154999732971191,8.237500190734863,8.074999809265137,8.212499618530273,7.527333259582519,-0.2761862728153342,1.8920362655452605,0.139775276184082,0.13977527618408203
2010-07-09,8.22249984741211,8.239999771118164,8.167499542236328,8.21500015258789,7.529627799987793,-0.4618624471735957,0.0304827795734041,0.0022945404052743,0.0022945404052743257
2010-07-12,8.162500381469727,8.1850004196167,8.005000114440918,8.055000305175781,7.382976531982422,-0.280714959994804,-1.9476562706805869,-0.1466512680053711,-0.1466512680053711
2010-07-13,8.182499885559082,8.352499961853027,8.1274995803833,8.319999694824219,7.6258673667907715,-0.0406945394829049,3.289876837020511,0.2428908348083496,0.2428908348083496
2010-07-14,8.3149995803833,8.317500114440918,8.212499618530273,8.292499542236328,7.600661754608154,-0.6565959958907969,-0.3305278071368378,-0.0252056121826171,-0.025205612182617188
2010-07-15,8.289999961853027,8.289999961853027,8.074999809265137,8.092499732971191,7.417346954345703,-0.3939321394815488,-2.4118268406209564,-0.1833148002624511,-0.18331480026245117
2010-07-16,8.015000343322754,8.015000343322754,7.742499828338623,7.747499942779541,7.101130485534668,0.3148074041054738,-4.263201799206239,-0.3162164688110351,-0.31621646881103516
2010-07-19,7.572500228881836,7.769999980926514,7.505000114440918,7.742499828338623,7.096548080444336,-0.0950387856365424,-0.0645306419825186,-0.004582405090332,-0.004582405090332031
2010-07-20,7.637499809265137,7.9375,7.619999885559082,7.934999942779541,7.272988319396973,0.7789978400011277,2.4862825834837343,0.1764402389526367,0.17644023895263672
2010-07-21,8.0,8.032500267028809,7.820000171661377,7.827499866485596,7.1744561195373535,-0.2829793035845389,-1.3547691200992973,-0.0985321998596191,-0.09853219985961914
2010-07-22,7.96999979019165,8.057499885559082,7.090000152587891,8.050000190734863,7.378393173217773,0.9646740143593892,2.842543745233339,0.2039370536804199,0.20393705368041992
2010-07-23,7.992499828338623,8.550000190734863,7.849999904632568,8.524999618530273,7.813762187957764,0.1653607271829706,5.900593862635306,0.4353690147399902,0.43536901473999023
2010-07-26,8.5,8.75,8.425000190734863,8.744999885559082,8.015405654907227,-0.0089937292266163,2.580619451923272,0.2016434669494629,0.2016434669494629
2010-07-27,8.710000038146973,8.729999542236328,8.227499961853027,8.487500190734863,7.779393196105957,0.0974304194909237,-2.944485519042661,-0.2360124588012695,-0.23601245880126953
2010-07-28,8.467499732971191,8.467499732971191,8.28499984741211,8.289999961853027,7.598369598388672,-0.3826104215328743,-2.326962953973044,-0.1810235977172851,-0.18102359771728516
2010-07-29,8.260000228881836,8.390000343322754,8.149999618530273,8.239999771118164,7.552542209625244,0.0113853630809976,-0.6031213429410709,-0.0458273887634277,-0.045827388763427734
2010-07-30,8.107500076293945,8.425000190734863,8.107500076293945,8.2524995803833,7.563997268676758,-0.4075182010199582,0.1516715661239898,0.0114550590515136,0.011455059051513672
2010-08-02,8.380000114440918,8.442500114440918,8.164999961853027,8.2475004196167,7.559414863586426,-0.1335326266620357,-0.060581791975367,-0.004582405090332,-0.004582405090332031
2010-08-03,8.1899995803833,8.327500343322754,8.137499809265137,8.164999961853027,7.4837965965271,-0.5569648779424614,-1.0003190514596303,-0.0756182670593261,-0.07561826705932617
2010-08-04,8.227499961853027,8.335000038146973,8.137499809265137,8.307499885559082,7.614409923553467,-0.3712887035841998,1.7452816273357596,0.1306133270263672,0.1306133270263672
2010-08-05,8.227499961853027,8.232500076293945,8.092499732971191,8.102499961853027,7.426513195037842,-0.412046888199428,-2.4676466121742235,-0.187896728515625,-0.187896728515625
2010-08-06,7.985000133514404,8.15999984741211,7.897500038146973,8.03499984741211,7.364643096923828,-0.3486452676868509,-0.8330975316296896,-0.0618700981140136,-0.06187009811401367
2010-08-09,8.095000267028809,8.362500190734863,8.005000114440918,8.289999961853027,7.598369598388672,-0.1516473753799148,3.173629711431225,0.2337265014648437,0.23372650146484375
2010-08-10,8.1875,8.272500038146973,8.03499984741211,8.104999542236328,7.428802490234375,-0.2218420266616966,-2.231624902666696,-0.1695671081542968,-0.16956710815429688
2010-08-11,7.940000057220459,7.980000019073486,7.625,7.652500152587891,7.01405668258667,0.2627275015415712,-5.582942987014583,-0.4147458076477051,-0.4147458076477051
2010-08-12,7.507500171661377,8.042499542236328,7.507500171661377,8.0,7.332563400268555,0.8718359271802585,4.540977241781063,0.3185067176818847,0.31850671768188477
2010-08-13,7.949999809265137,7.985000133514404,7.795000076293945,7.847499847412109,7.192786693572998,-0.0474875702521096,-1.9062461388392185,-0.1397767066955566,-0.13977670669555664
2010-08-16,7.775000095367432,8.005000114440918,7.724999904632568,7.960000038146973,7.295900821685791,-0.1493830317901799,1.433576894542532,0.1031141281127929,0.10311412811279297
2010-08-17,8.0649995803833,8.0649995803833,7.917500019073486,7.965000152587891,7.300485134124756,0.0091210194912627,0.0628340838370267,0.0045843124389648,0.004584312438964844
2010-08-18,7.949999809265137,8.029999732971191,7.840000152587891,7.875,7.217992782592773,-0.3826104215328743,-1.129957119512337,-0.0824923515319824,-0.08249235153198242
2010-08-19,7.827499866485596,7.832499980926514,7.5,7.505000114440918,6.878861904144287,-0.0678666625597236,-4.698409774894053,-0.3391308784484863,-0.33913087844848633
2010-08-20,7.452499866485596,7.585000038146973,7.375,7.565000057220459,6.933856010437012,0.3465082143617624,0.7994651885596449,0.0549941062927246,0.05499410629272461
2010-08-23,7.59250020980835,7.617499828338623,7.502500057220459,7.512499809265137,6.885735988616943,-0.1946699035848779,-0.6939864593039857,-0.0481200218200683,-0.04812002182006836
2010-08-24,7.392499923706055,7.539999961853027,7.380000114440918,7.4375,6.816993236541748,-0.2852436471742738,-0.9983355764559776,-0.0687427520751953,-0.06874275207519531
2010-08-25,7.375,7.514999866485596,7.317500114440918,7.482500076293945,6.858239650726318,-0.5343214420451124,0.6050528840702674,0.0412464141845703,0.04124641418457031
2010-08-26,7.487500190734863,7.599999904632568,7.425000190734863,7.425000190734863,6.805537223815918,-0.5954587189679547,-0.768454145588493,-0.0527024269104003,-0.05270242691040039
2010-08-27,7.527500152587891,7.684999942779541,7.465000152587891,7.617499828338623,6.981977939605713,0.6137007579504802,2.5926052563836066,0.1764407157897949,0.17644071578979492
2010-08-30,7.577499866485596,7.667500019073486,7.412499904632568,7.429999828338623,6.810119152069092,-0.2829793035845389,-2.461462769192402,-0.1718587875366211,-0.1718587875366211
2010-08-31,7.402500152587891,7.757500171661377,7.385000228881836,7.710000038146973,7.0667595863342285,0.3306578092336181,3.7685160646148574,0.2566404342651367,0.2566404342651367
2010-09-01,7.835000038146973,8.114999771118164,7.835000038146973,8.09000015258789,7.415056228637695,0.1947971938495243,4.928661263318013,0.3482966423034668,0.3482966423034668
2010-09-02,8.03499984741211,8.237500190734863,7.997499942779541,8.107500076293945,7.431095600128174,-0.3803460779431394,0.2163081572939873,0.0160393714904785,0.016039371490478516
2010-09-03,8.1899995803833,8.204999923706055,8.092499732971191,8.192500114440918,7.509003162384033,-0.4007251702507535,1.0483994076797345,0.0779075622558593,0.07790756225585938
2010-09-07,8.177499771118164,8.180000305175781,7.957499980926514,7.980000019073486,7.314231872558594,-0.1607047497388544,-2.593836833111696,-0.1947712898254394,-0.19477128982543945
2010-09-08,7.977499961853027,8.125,7.960000038146973,8.069999694824219,7.396721363067627,-0.4935632574298843,1.1277943049428751,0.0824894905090332,0.0824894905090332
2010-09-09,8.199999809265137,8.225000381469727,7.974999904632568,8.112500190734863,7.435678958892822,-0.5297927548656426,0.5266873512325798,0.0389575958251953,0.03895759582519531
2010-09-10,8.162500381469727,8.369999885559082,8.0625,8.345000267028809,7.648780822753906,-0.1357969702517706,2.8659368571342325,0.2131018638610839,0.21310186386108398
2010-09-13,8.1875,8.517499923706055,8.1850004196167,8.457500457763672,7.751894950866699,0.224233660516078,1.3481119475412973,0.1031141281127929,0.10311412811279297
2010-09-14,8.40999984741211,8.40999984741211,8.132499694824219,8.180000305175781,7.497548103332519,-0.4256329497378374,-3.2810925476453145,-0.2543468475341806,-0.2543468475341806
2010-09-15,8.1225004196167,8.287500381469727,8.005000114440918,8.119999885559082,7.44255256652832,-0.3124157702510925,-0.7335136240040119,-0.0549955368041983,-0.05499553680419833
2010-09-16,8.092499732971191,8.092499732971191,7.869999885559082,7.980000019073486,7.314231872558594,-0.7018828676854948,-1.7241489774197705,-0.1283206939697265,-0.12832069396972656
2010-09-17,8.085000038146973,8.085000038146973,7.892499923706055,8.020000457763672,7.350897312164307,0.2876352810286551,0.5012889971847123,0.0366654396057128,0.03666543960571289
2010-09-20,8.020000457763672,8.3725004196167,8.0,8.27750015258789,7.5869140625,-0.0225797907650257,3.210720274178392,0.2360167503356933,0.23601675033569336
2010-09-21,8.239999771118164,8.352499961853027,8.067500114440918,8.194999694824219,7.511295318603516,-0.4958276010196192,-0.9966996235036718,-0.0756187438964843,-0.07561874389648438
2010-09-22,8.140000343322754,8.2475004196167,8.024999618530273,8.052499771118164,7.380683898925781,-0.7562271138391323,-1.7388667884518427,-0.1306114196777343,-0.13061141967773438
2010-09-23,8.007499694824219,8.237500190734863,7.989999771118164,7.992499828338623,7.325690746307373,-0.4482763856351863,-0.745095622187697,-0.0549931526184082,-0.0549931526184082
2010-09-24,8.114999771118164,8.335000038146973,8.069999694824219,8.322500228881836,7.628158092498779,-0.192405559995143,4.128857696373123,0.3024673461914062,0.30246734619140625
2010-09-27,8.34000015258789,8.34000015258789,8.137499809265137,8.182499885559082,7.499838829040527,-0.8309504523003839,-1.6821788681128158,-0.1283192634582519,-0.12831926345825195
2010-09-28,8.177499771118164,8.300000190734863,8.057499885559082,8.297499656677246,7.605243682861328,-0.500356288199089,1.405428252840002,0.1054048538208007,0.10540485382080078
2010-09-29,8.2524995803833,8.395000457763672,8.175000190734863,8.3149995803833,7.621282577514648,-0.4845058830709447,0.2108925804634509,0.0160388946533203,0.016038894653320312
2010-09-30,8.362500190734863,8.475000381469727,8.282500267028809,8.397500038146973,7.696900367736816,-0.3712887035841998,0.9921924486209877,0.0756177902221679,0.07561779022216797
2010-10-01,8.484999656677246,8.484999656677246,8.192500114440918,8.217499732971191,7.531917572021484,-0.4686554779428004,-2.143496574372872,-0.164982795715332,-0.16498279571533203
2010-10-04,8.162500381469727,8.22249984741211,8.020000457763672,8.109999656677246,7.43338680267334,-0.4052538574302233,-1.3081764159787568,-0.0985307693481445,-0.09853076934814453
2010-10-05,8.22249984741211,8.507499694824219,8.147500038146973,8.442500114440918,7.738148212432861,-0.0927744420468075,4.099899787939432,0.3047614097595215,0.3047614097595215
2010-10-06,8.399999618530273,8.5,8.244999885559082,8.420000076293945,7.71752405166626,-0.4460120420454515,-0.2665257914479468,-0.0206241607666015,-0.020624160766601562
2010-10-07,8.5,8.557499885559082,8.327500343322754,8.40250015258789,7.701484680175781,-0.5411144728143171,-0.2078305345483921,-0.0160393714904785,-0.016039371490478516
2010-10-08,8.417499542236328,8.595000267028809,8.300000190734863,8.539999961853027,7.827512741088867,-0.4958276010196192,1.6364125379290997,0.1260280609130859,0.12602806091308594
2010-10-11,8.489999771118164,8.670000076293945,8.420000076293945,8.5024995803833,7.793139934539795,-0.6996185240957599,-0.4391280817550025,-0.0343728065490722,-0.034372806549072266
2010-10-12,8.487500190734863,8.492500305175781,8.3100004196167,8.470000267028809,7.763355255126953,-0.785663580505686,-0.3821909995589068,-0.0297846794128417,-0.029784679412841797
2010-10-13,8.489999771118164,8.654999732971191,8.397500038146973,8.604999542236328,7.887087345123291,-0.4573337599941259,1.5937965728751724,0.1237320899963378,0.12373208999633789
2010-10-14,8.569999694824219,8.75,8.569999694824219,8.75,8.01999282836914,-0.5501718471732567,1.68510221112268,0.1329054832458496,0.1329054832458496
2010-10-15,8.8149995803833,8.8149995803833,8.654999732971191,8.657500267028809,7.935209274291992,-0.0248441343547606,-1.0571524924217313,-0.0847835540771484,-0.08478355407714844
2010-10-18,8.6899995803833,8.802499771118164,8.585000038146973,8.767499923706055,8.036029815673828,-0.3826104215328743,1.270546722799959,0.1008205413818359,0.10082054138183594
2010-10-19,8.672499656677246,8.797499656677246,8.385000228881836,8.557499885559082,7.843554496765137,-0.4029895138404884,-2.395154365073149,-0.1924753189086914,-0.1924753189086914
2010-10-20,8.595000267028809,8.807499885559082,8.442500114440918,8.75,8.01999282836914,-0.6384812471729177,2.249469059936682,0.1764383316040039,0.1764383316040039
2010-10-21,8.8125,8.8125,8.2524995803833,8.5600004196167,7.84584379196167,-0.4912989138401494,-2.17143631090857,-0.1741490364074707,-0.1741490364074707
2010-10-22,8.567500114440918,8.8125,8.567500114440918,8.7475004196167,8.017699241638184,-0.4301616369173072,2.190401112147877,0.1718554496765136,0.17185544967651367
2010-10-25,8.699999809265137,8.699999809265137,8.1875,8.335000038146973,7.639615058898926,0.1698894143624404,-4.715619423284922,-0.3780841827392578,-0.3780841827392578
2010-10-26,8.262499809265137,8.262499809265137,7.980000019073486,8.09000015258789,7.415056228637695,-0.1312682830723008,-2.939399806534171,-0.2245588302612304,-0.22455883026123047
2010-10-27,8.024999618530273,8.067500114440918,7.71750020980835,7.817500114440918,7.165288925170898,0.3057500297465342,-3.3683804379280424,-0.2497673034667968,-0.24976730346679688
2010-10-28,7.902500152587891,8.022500038146973,7.727499961853027,7.962500095367432,7.298192501068115,-0.03843019589317,1.8548250780277664,0.1329035758972168,0.1329035758972168
2010-10-29,7.96750020980835,8.130000114440918,7.829999923706055,7.980000019073486,7.314231872558594,0.1064877938498633,0.2197718337537901,0.0160393714904785,0.016039371490478516
2010-11-01,8.037500381469727,8.117500305175781,7.925000190734863,8.024999618530273,7.355477333068848,-0.3803460779431394,0.563906931430469,0.0412454605102539,0.041245460510253906
2010-11-02,8.147500038146973,8.4375,7.777500152587891,8.432499885559082,7.728981018066406,0.6386085374375641,5.077898660884395,0.3735036849975586,0.3735036849975586
2010-11-03,8.414999961853027,8.4375,8.279999732971191,8.425000190734863,7.722107410430908,-0.2965653651229483,-0.0889329087421897,-0.006873607635498,-0.006873607635498047
2010-11-04,8.5,8.5625,8.457500457763672,8.555000305175781,7.841260433197021,0.3216004348746785,1.5430117250786024,0.1191530227661124,0.1191530227661124
2010-11-05,8.539999961853027,8.574999809265137,8.460000038146973,8.5625,7.848132610321045,-0.432425980507042,0.0876412304191553,0.0068721771240243,0.006872177124024326
2010-11-08,8.5,8.625,8.477499961853027,8.619999885559082,7.900839328765869,-0.3327948625587066,0.6715829237583293,0.0527067184448242,0.05270671844482422
2010-11-09,8.515000343322754,8.6274995803833,8.420000076293945,8.462499618530273,7.756475448608398,-0.3327948625587066,-1.8271967591071192,-0.1443638801574707,-0.1443638801574707
2010-11-10,8.512499809265137,8.720000267028809,8.385000228881836,8.720000267028809,7.992495536804199,-0.3486452676868509,3.042878041187458,0.2360200881958007,0.23602008819580078
2010-11-11,8.604999542236328,8.72249984741211,8.522500038146973,8.680000305175781,7.955833435058594,-0.6181021548653036,-0.4587065651370348,-0.0366621017456054,-0.03666210174560547
2010-11-12,8.579999923706055,8.694999694824219,8.520000457763672,8.637499809265137,7.916879177093506,-0.6475386215318573,-0.4896313916456618,-0.0389542579650878,-0.03895425796508789
2010-11-15,8.65999984741211,8.6875,8.524999618530273,8.632499694824219,7.912294864654541,-0.6203664984550386,-0.0579055501090497,-0.0045843124389648,-0.004584312438964844
2010-11-16,8.567500114440918,8.567500114440918,8.382499694824219,8.449999809265137,7.745021820068359,0.1042234502601284,-2.1140901274220303,-0.1672730445861816,-0.16727304458618164
2010-11-17,8.492500305175781,8.492500305175781,8.270000457763672,8.395000457763672,7.694611549377441,-0.629423872813978,-0.6508731913485222,-0.0504102706909179,-0.05041027069091797
2010-11-18,8.507499694824219,8.59749984741211,8.272500038146973,8.477499961853027,7.77022647857666,-0.6158378112755687,0.9826997596173116,0.0756149291992187,0.07561492919921875
2010-11-19,8.487500190734863,8.487500190734863,8.292499542236328,8.417499542236328,7.715233325958252,-0.3599669856355253,-0.7077419528250584,-0.0549931526184082,-0.0549931526184082
2010-11-22,8.345000267028809,8.444999694824219,8.227499961853027,8.364999771118164,7.667113304138184,-0.1290039394825659,-0.623701446049163,-0.0481200218200683,-0.04812002182006836
2010-11-23,8.2524995803833,8.292499542236328,8.162500381469727,8.265000343322754,7.575456142425537,-0.4709198215325353,-1.1954585523495045,-0.0916571617126464,-0.09165716171264648
2010-11-24,8.369999885559082,8.375,8.102499961853027,8.319999694824219,7.6258673667907715,0.9239158297441612,0.6654546395287175,0.0504112243652343,0.050411224365234375
2010-11-26,8.257499694824219,8.3125,8.192500114440918,8.237500190734863,7.5502495765686035,-0.6565959958907969,-0.9915959271920904,-0.0756177902221679,-0.07561779022216797
2010-11-29,8.180000305175781,8.842499732971191,8.135000228881836,8.807499885559082,8.0726957321167,0.3193360912849436,6.919587892424794,0.5224461555480957,0.5224461555480957
2010-11-30,8.707500457763672,8.744999885559082,8.520000457763672,8.699999809265137,7.974163055419922,0.969202701538859,-1.2205672053855698,-0.0985326766967773,-0.09853267669677734
2010-12-01,8.859999656677246,8.917499542236328,8.710000038146973,8.892499923706055,8.150605201721191,0.0136497066707325,2.2126729172078363,0.1764421463012695,0.17644214630126953
2010-12-02,8.920000076293945,9.037500381469728,8.869999885559082,9.017499923706056,8.26517391204834,-0.4233686061481025,1.405646666617533,0.1145687103271484,0.11456871032714844
2010-12-03,8.942500114440918,9.3125,8.942500114440918,9.274999618530272,8.501193046569824,-0.0248441343547606,2.8555858235170817,0.2360191345214843,0.23601913452148438
2010-12-06,9.28499984741211,9.427499771118164,9.15250015258789,9.422499656677246,8.636383056640625,-0.3780817343534045,1.5902475020885376,0.1351900100708007,0.13519001007080078
2010-12-07,9.482500076293944,9.677499771118164,9.43000030517578,9.649999618530272,8.8449068069458,-0.3599669856355253,2.414480100495764,0.2085237503051757,0.20852375030517578
2010-12-08,9.704999923706056,9.84000015258789,9.625,9.675000190734863,8.867819786071777,-0.1878768728156732,0.2590528043549644,0.0229129791259765,0.022912979125976562
2010-12-09,9.792499542236328,9.8125,9.547499656677246,9.592499732971191,8.79219913482666,-0.1991985907643477,-0.8527535862184576,-0.0756206512451171,-0.07562065124511719
2010-12-10,9.59000015258789,9.845000267028809,9.537500381469728,9.817500114440918,8.998431205749512,-0.1878768728156732,2.3456255683057536,0.2062320709228515,0.20623207092285156
2010-12-13,9.802499771118164,10.0,9.762499809265137,9.850000381469728,9.028220176696776,0.0861087015422492,0.3310462709125383,0.0297889709472638,0.02978897094726385
2010-12-14,9.912500381469728,9.912500381469728,9.717499732971191,9.817500114440918,8.998431205749512,-0.4007251702507535,-0.3299539705971521,-0.0297889709472638,-0.02978897094726385
2010-12-15,9.824999809265137,10.0,9.807499885559082,9.917499542236328,9.090087890625,-0.2875079907640087,1.0185851597878992,0.0916566848754882,0.09165668487548828
2010-12-16,9.914999961853027,10.3149995803833,9.914999961853027,10.295000076293944,9.436094284057615,-0.2648645548666597,3.8064141688824327,0.3460063934326154,0.3460063934326154
2010-12-17,10.25,10.25,9.545000076293944,9.829999923706056,9.00989055633545,2.300636732302978,-4.516738757498873,-0.4262037277221662,-0.4262037277221662
2010-12-20,9.81999969482422,9.949999809265137,9.425000190734863,9.657500267028809,8.851780891418457,0.201590224618729,-1.7548455658633388,-0.1581096649169922,-0.1581096649169922
2010-12-21,9.725000381469728,9.8125,9.592499732971191,9.789999961853027,8.973226547241211,-0.4029895138404884,1.3719912107234,0.1214456558227539,0.1214456558227539
2010-12-22,9.8100004196167,9.854999542236328,9.43000030517578,9.5,8.707419395446777,0.6069077271812755,-2.9622249075629936,-0.2658071517944336,-0.2658071517944336
2010-12-23,9.487500190734863,9.645000457763672,9.369999885559082,9.61750030517578,8.815116882324219,0.2581988143621014,1.2368473595490093,0.1076974868774414,0.1076974868774414
2010-12-27,9.417499542236328,9.630000114440918,9.414999961853027,9.6225004196167,8.819700241088867,-0.6113091240960989,0.0519943050765414,0.0045833587646484,0.0045833587646484375
2010-12-28,9.512499809265137,9.800000190734863,9.49250030517578,9.654999732971191,8.849486351013184,0.8220203682060907,0.3377224748019269,0.0297861099243164,0.029786109924316406
2010-12-29,9.654999732971191,9.864999771118164,9.56999969482422,9.6850004196167,8.87698745727539,-0.280714959994804,0.3107650000393258,0.027501106262207,0.02750110626220703
2010-12-30,9.647500038146973,9.789999961853027,9.572500228881836,9.577500343322754,8.778454780578613,-0.5569648779424614,-1.1099787756940205,-0.0985326766967773,-0.09853267669677734
2010-12-31,9.529999732971191,9.619999885559082,9.3774995803833,9.385000228881836,8.602014541625977,-0.3260018317895019,-2.009923652429036,-0.1764402389526367,-0.17644023895263672
2011-01-03,9.432499885559082,9.81999969482422,9.432499885559082,9.729999542236328,8.918228149414062,1.2205448399994323,3.676041307043798,0.3162136077880859,0.31621360778808594
2011-01-04,9.789999961853027,9.789999961853027,9.322500228881836,9.387499809265137,8.604307174682617,-0.3554382984560555,-3.519992642844305,-0.3139209747314453,-0.3139209747314453
2011-01-05,9.350000381469728,9.712499618530272,9.25,9.6875,8.87927532196045,1.1956370605123487,3.195703520289239,0.274968147277832,0.27496814727783203
2011-01-06,9.717499732971191,9.717499732971191,9.552499771118164,9.59749984741211,8.796785354614258,-0.4301616369173072,-0.9290168888239636,-0.0824899673461914,-0.0824899673461914
2011-01-07,9.642499923706056,9.642499923706056,9.287500381469728,9.40250015258789,8.618054389953613,-0.1539117189696497,-2.031775898304633,-0.1787309646606445,-0.17873096466064453
2011-01-10,9.317500114440918,9.44499969482422,9.25749969482422,9.327500343322754,8.549309730529785,-0.0293728215342304,-0.7976818933049024,-0.0687446594238281,-0.06874465942382812
2011-01-11,9.34000015258789,9.412500381469728,9.244999885559082,9.34749984741211,8.567643165588379,-0.1425900010209752,0.21444345375774,0.0183334350585937,0.01833343505859375
2011-01-12,9.452500343322754,9.452500343322754,9.25,9.352499961853027,8.572223663330078,-0.3373235497381764,0.0534627511110219,0.0045804977416992,0.004580497741699219
2011-01-13,9.27750015258789,9.327500343322754,9.130000114440918,9.204999923706056,8.437032699584961,-0.0633379753802539,-1.577081619130305,-0.1351909637451172,-0.1351909637451172
2011-01-14,9.217499732971191,9.407500267028809,9.170000076293944,9.34749984741211,8.567643165588379,0.6793667220527922,1.5480616308366724,0.1306104660034179,0.13061046600341797
2011-01-18,9.279999732971191,9.38249969482422,9.2524995803833,9.38249969482422,8.599721908569336,-0.1878768728156732,0.3744173556363694,0.032078742980957,0.03207874298095703
2011-01-19,9.342499732971191,9.342499732971191,9.130000114440918,9.147500038146973,8.384328842163086,-0.1878768728156732,-2.504651530552615,-0.21539306640625,-0.21539306640625
2011-01-20,9.092499732971191,9.202500343322754,9.029999732971191,9.03499984741211,8.281214714050293,-0.0950387856365424,-1.2298435575934574,-0.1031141281127929,-0.10311412811279297
2011-01-21,9.13249969482422,9.202500343322754,8.944999694824219,8.982500076293945,8.233094215393066,6.364513232321146e-05,-0.5810801955851153,-0.0481204986572265,-0.04812049865722656
2011-01-24,8.8725004196167,9.149999618530272,8.869999885559082,8.9975004196167,8.246842384338379,-0.2014629343540826,0.166986658789936,0.0137481689453125,0.0137481689453125
2011-01-25,8.9399995803833,9.182499885559082,8.765000343322754,9.15250015258789,8.388915061950684,-0.2693932420461295,1.722752430458896,0.1420726776123047,0.1420726776123047
2011-01-26,9.157500267028809,9.607500076293944,9.157500267028809,9.392499923706056,8.60888671875,0.2695205323107759,2.622170509235855,0.2199716567993164,0.2199716567993164
2011-01-27,9.40250015258789,9.542499542236328,9.332500457763672,9.36750030517578,8.585972785949707,-0.1991985907643477,-0.2661660392206944,-0.0229139328002929,-0.02291393280029297
2011-01-28,9.375,9.449999809265137,9.27750015258789,9.287500381469728,8.512649536132812,0.2514057835928967,-0.8539888448852562,-0.0733232498168945,-0.07332324981689453
2011-01-31,9.18000030517578,9.36750030517578,9.1225004196167,9.18000030517578,8.414121627807617,-0.0180511035855559,-1.1574293985319506,-0.0985279083251953,-0.09852790832519531
2011-02-01,9.21500015258789,9.454999923706056,9.177499771118164,9.357500076293944,8.576807975769043,-0.369024359994465,1.9334917553814224,0.1626863479614257,0.16268634796142578
2011-02-02,9.3149995803833,9.36750030517578,9.170000076293944,9.25749969482422,8.485153198242188,-0.7064115548649645,-1.068635065467194,-0.0916547775268554,-0.09165477752685547
2011-02-03,9.255000114440918,9.595000267028809,9.18000030517578,9.452500343322754,8.663883209228516,-0.2603358676871899,2.106385197893124,0.1787300109863281,0.17873001098632812
2011-02-04,9.43000030517578,9.517499923706056,9.297499656677246,9.337499618530272,8.558475494384766,-0.5184710369169682,-1.2166336075660975,-0.10540771484375,-0.10540771484375
2011-02-07,9.3125,9.517499923706056,9.262499809265137,9.375,8.59284782409668,-0.2195776830719617,0.4016174344889656,0.034372329711914,0.03437232971191406
2011-02-08,9.327500343322754,9.395000457763672,9.137499809265137,9.3725004196167,8.590559005737305,-0.5207353805067031,-0.0266363190205343,-0.002288818359375,-0.002288818359375
2011-02-09,9.3149995803833,9.470000267028809,9.175000190734863,9.300000190734863,8.5241060256958,0.2831065938491853,-0.7735582748121805,-0.0664529800415039,-0.0664529800415039
2011-02-10,9.217499732971191,9.300000190734863,9.1274995803833,9.229999542236328,8.45994758605957,-0.4460120420454515,-0.7526705961050428,-0.0641584396362304,-0.06415843963623047
2011-02-11,9.1875,9.43000030517578,9.147500038146973,9.43000030517578,8.643259048461914,-0.5841370010192801,2.1668155805646627,0.1833114624023437,0.18331146240234375
2011-02-14,9.392499923706056,9.74250030517578,9.192500114440918,9.6875,8.87927532196045,0.3238647784644134,2.7306398220302563,0.2360162734985351,0.23601627349853516
2011-02-15,9.612500190734863,9.717499732971191,9.335000038146973,9.362500190734863,8.581392288208008,0.7880552143600673,-3.3548124475396013,-0.2978830337524414,-0.2978830337524414
2011-02-16,9.422499656677246,9.6225004196167,9.345000267028809,9.547499656677246,8.750955581665039,-0.0905100984570726,1.9759415227996733,0.1695632934570312,0.16956329345703125
2011-02-17,9.505000114440918,9.68000030517578,9.460000038146973,9.572500228881836,8.773870468139648,-0.3305305189689717,0.2618558197532206,0.0229148864746093,0.022914886474609375
2011-02-18,9.645000457763672,9.800000190734863,9.595000267028809,9.699999809265137,8.89073371887207,0.4167028656435442,1.3319463873644466,0.1168632507324218,0.11686325073242188
2011-02-22,9.600000381469728,9.80500030517578,9.520000457763672,9.567500114440918,8.769288063049316,4.585359414345489,-1.3659801278826378,-0.1214456558227539,-0.1214456558227539
2011-02-23,9.574999809265137,9.579999923706056,9.350000381469728,9.5,8.707419395446777,0.2400840656442222,-0.7055152842250889,-0.061868667602539,-0.06186866760253906
2011-02-24,9.5649995803833,9.5649995803833,9.40999984741211,9.524999618530272,8.730332374572754,-0.0905100984570726,0.263143166596036,0.0229129791259765,0.022912979125976562
2011-02-25,9.520000457763672,9.774999618530272,9.50749969482422,9.760000228881836,8.945727348327637,-0.1176822215338914,2.4672024444593266,0.2153949737548828,0.2153949737548828
2011-02-28,9.550000190734863,9.875,9.550000190734863,9.837499618530272,9.016761779785156,0.5276557015405542,0.7940598756432937,0.0710344314575195,0.07103443145751953
2011-03-01,9.850000381469728,9.90250015258789,9.6850004196167,9.727499961853027,8.915940284729004,1.5466103169212575,-1.1181563572211228,-0.1008214950561523,-0.10082149505615234
2011-03-02,9.74250030517578,9.890000343322754,9.642499923706056,9.774999618530272,8.959477424621582,1.4469791989729222,0.4883067685765851,0.0435371398925781,0.043537139892578125
2011-03-03,9.875,9.925000190734863,9.792499542236328,9.890000343322754,9.0648832321167,0.2627275015415712,1.176472717096777,0.1054058074951171,0.10540580749511719
2011-03-04,9.912500381469728,9.912500381469728,9.725000381469728,9.80500030517578,8.986971855163574,0.1563033528240311,-0.8594857204236916,-0.077911376953125,-0.077911376953125
2011-03-07,9.802499771118164,9.875,9.4975004196167,9.539999961853027,8.7440824508667,0.244612752823692,-2.7026834868445704,-0.242889404296875,-0.242889404296875
2011-03-08,9.532500267028809,9.897500038146973,9.532500267028809,9.802499771118164,8.984682083129883,-0.1448543446107101,2.7515709465815386,0.2405996322631836,0.2405996322631836
2011-03-09,9.817500114440918,9.93000030517578,9.7524995803833,9.892499923706056,9.06717300415039,0.1268668861574774,0.9181284352330898,0.0824909210205078,0.08249092102050781
2011-03-10,9.729999542236328,9.779999732971191,9.487500190734863,9.522500038146973,8.728043556213379,0.3080143733362692,-3.74018944804273,-0.3391294479370117,-0.3391294479370117
2011-03-11,9.50749969482422,9.704999923706056,9.46500015258789,9.604999542236328,8.803657531738281,0.1698894143624404,0.8663336180428916,0.0756139755249023,0.07561397552490234
2011-03-14,9.772500038146973,9.772500038146973,9.50749969482422,9.670000076293944,8.863237380981445,0.4733114553869166,0.6767624595615196,0.059579849243164,0.05957984924316406
2011-03-15,9.3725004196167,9.842499732971191,9.3725004196167,9.7524995803833,8.938851356506348,0.4755757989766515,0.853119151328996,0.0756139755249023,0.07561397552490234
2011-03-16,9.710000038146973,9.9350004196167,9.572500228881836,9.8125,8.993846893310547,1.4605652605113315,0.615241652543741,0.0549955368041992,0.05499553680419922
2011-03-17,9.795000076293944,10.09000015258789,9.795000076293944,9.984999656677246,9.151957511901855,0.971467045128594,1.7579865486581523,0.1581106185913086,0.1581106185913086
2011-03-18,10.067500114440918,10.329999923706056,9.962499618530272,10.25,9.39484691619873,1.5601963784596669,2.653961231583568,0.242889404296875,0.242889404296875
2011-03-21,10.364999771118164,10.642499923706056,10.22249984741211,10.640000343322754,9.752312660217283,0.1563033528240311,3.8049129188279407,0.3574657440185529,0.3574657440185529
2011-03-22,10.63249969482422,10.787500381469728,10.567500114440918,10.640000343322754,9.752312660217283,0.4416106451306281,0.0,0.0,0.0
2011-03-23,10.607500076293944,10.897500038146973,10.487500190734863,10.859999656677246,9.95395565032959,-0.0950387856365424,2.0676427954865684,0.2016429901123064,0.20164299011230646
2011-03-24,10.8149995803833,11.00749969482422,10.802499771118164,10.917499542236328,10.0066556930542,-0.5139423497374983,0.52943819096547,0.0527000427246093,0.052700042724609375
2011-03-25,10.925000190734863,11.154999732971191,10.859999656677246,10.86750030517578,9.960830688476562,0.6906884400014667,-0.4579452514734239,-0.0458250045776367,-0.04582500457763672
2011-03-28,10.869999885559082,11.0625,10.869999885559082,10.957500457763672,10.043323516845703,0.2695205323107759,0.8281721770913686,0.0824928283691406,0.08249282836914062
2011-03-29,10.869999885559082,11.11750030517578,10.869999885559082,11.11750030517578,10.18997287750244,-0.0089937292266163,1.46016764680299,0.1466493606567365,0.1466493606567365
2011-03-30,11.135000228881836,11.38249969482422,11.037500381469728,11.217499732971191,10.281631469726562,0.1019591066703935,0.8994979017705518,0.0916585922241228,0.09165859222412287
2011-03-31,11.1850004196167,11.199999809265137,11.057499885559082,11.15250015258789,10.222052574157717,0.1178095117985378,-0.5794692772666643,-0.0595788955688458,-0.05957889556884588
2011-04-01,11.199999809265137,11.212499618530272,11.079999923706056,11.1875,10.25413417816162,-0.5026206317888239,0.3138469869056193,0.0320816040039027,0.0320816040039027
2011-04-04,11.225000381469728,11.38249969482422,11.170000076293944,11.292499542236328,10.350371360778809,-0.1765551548669987,0.93852080482959,0.0962371826171892,0.09623718261718928
2011-04-05,11.229999542236328,11.300000190734863,11.147500038146973,11.1875,10.25413417816162,-0.1878768728156732,-0.9297944900978684,-0.0962371826171892,-0.09623718261718928
2011-04-06,11.229999542236328,11.3149995803833,11.085000038146973,11.292499542236328,10.350371360778809,-0.1856125292259383,0.93852080482959,0.0962371826171892,0.09623718261718928
2011-04-07,11.272500038146973,11.362500190734863,11.142499923706056,11.18000030517578,10.247258186340332,-0.5275284112759078,-0.9962268100757066,-0.1031131744384765,-0.10311317443847656
2011-04-08,11.262499809265137,11.262499809265137,10.887499809265137,10.90250015258789,9.992911338806152,-0.2535428369179852,-2.4820966048579307,-0.2543468475341797,-0.2543468475341797
2011-04-11,10.880000114440918,11.0024995803833,10.817500114440918,10.81999969482422,9.917288780212402,-0.6181021548653036,-0.7567620289002264,-0.07562255859375,-0.07562255859375
2011-04-12,10.772500038146973,10.982500076293944,10.55500030517578,10.574999809265137,9.692734718322754,-0.3984608266610186,-2.264268661185831,-0.2245540618896484,-0.22455406188964844
2011-04-13,10.664999961853027,10.664999961853027,10.332500457763672,10.442500114440918,9.5712890625,0.221969316926343,-1.252955531664124,-0.1214456558227539,-0.1214456558227539
2011-04-14,10.3725004196167,10.654999732971191,10.362500190734863,10.649999618530272,9.761475563049316,-0.1199465651236263,1.9870521024640373,0.1901865005493164,0.1901865005493164
2011-04-15,10.604999542236328,10.770000457763672,10.452500343322754,10.720000267028809,9.825636863708496,-0.0701310061494586,0.6572910032377921,0.0641613006591796,0.06416130065917969
2011-04-18,10.510000228881836,10.647500038146973,10.407500267028809,10.512499809265137,9.63544750213623,0.7246535938474902,-1.9356441135611304,-0.1901893615722656,-0.19018936157226562
2011-04-19,10.582500457763672,10.592499732971191,10.36750030517578,10.5,9.623991012573242,0.4801044861561213,-0.1188994030681844,-0.0114564895629882,-0.011456489562988281
2011-04-20,10.654999732971191,10.71500015258789,10.529999732971191,10.675000190734863,9.784391403198242,-0.0565449446110492,1.6666722819612456,0.160400390625,0.160400390625
2011-04-21,11.15250015258789,11.15250015258789,10.75749969482422,10.947500228881836,10.034154891967772,0.7518257169243089,2.552672705712577,0.2497634887695294,0.24976348876952947
2011-04-25,10.845000267028809,11.039999961853027,10.787500381469728,10.842499732971191,9.937915802001951,-0.03843019589317,-0.959115052557724,-0.0962390899658203,-0.09623908996582031
2011-04-26,10.734999656677246,10.75,10.5024995803833,10.592499732971191,9.708772659301758,0.9216514861544262,-2.3057464690336094,-0.2291431427001935,-0.22914314270019354
2011-04-27,10.582500457763672,10.595000267028809,10.40999984741211,10.557499885559082,9.676695823669434,0.7767334964113928,-0.3303902229247479,-0.0320768356323242,-0.03207683563232422
2011-04-28,10.512499809265137,10.625,10.375,10.6225004196167,9.736270904541016,0.8899506758981376,0.6156551983979908,0.059575080871582,0.05957508087158203
2011-04-29,10.625,10.795000076293944,10.5600004196167,10.727499961853027,9.832509994506836,0.61822944512995,0.9884594513586809,0.0962390899658203,0.09623908996582031
2011-05-02,10.774999618530272,10.842499732971191,10.470000267028809,10.484999656677246,9.61024284362793,0.1653607271829706,-2.260533180267099,-0.2222671508789062,-0.22226715087890625
2011-05-03,10.477499961853027,10.529999732971191,10.3774995803833,10.4975004196167,9.621698379516602,-0.0837170676878679,0.1192013154617255,0.0114555358886718,0.011455535888671875
2011-05-04,10.329999923706056,10.78499984741211,10.322500228881836,10.489999771118164,9.614823341369627,-0.0089937292266163,-0.071453478126171,-0.0068750381469744,-0.006875038146974433
2011-05-05,10.4399995803833,10.649999618530272,10.380000114440918,10.462499618530272,9.589619636535645,0.047614860516756,-0.2621338316798671,-0.0252037048339826,-0.0252037048339826
2011-05-06,10.524999618530272,10.61750030517578,10.327500343322754,10.375,9.509418487548828,-0.1063605035852169,-0.8363329519479268,-0.0802011489868164,-0.0802011489868164
2011-05-09,10.335000038146973,10.427499771118164,10.227499961853027,10.399999618530272,9.53233242034912,-0.4686554779428004,0.2409603997373111,0.0229139328002911,0.022913932800291192
2011-05-10,10.470000267028809,10.63249969482422,10.3774995803833,10.6225004196167,9.736270904541016,-0.5139423497374983,2.1394394907644942,0.2039384841918963,0.2039384841918963
2011-05-11,10.5625,10.5625,10.052499771118164,10.137499809265137,9.291735649108888,0.7223892502577552,-4.565765063344685,-0.4445352554321271,-0.44453525543212713
2011-05-12,10.09000015258789,10.407500267028809,9.977499961853027,10.362500190734863,9.497961044311523,-0.0203154471752908,2.2194496592508277,0.2062253952026349,0.20622539520263494
2011-05-13,10.375,10.412500381469728,10.192500114440918,10.345000267028809,9.481922149658203,1.4877373835881502,-0.1688667133766141,-0.0160388946533203,-0.016038894653320312
2011-05-16,10.297499656677246,10.335000038146973,10.082500457763672,10.09000015258789,9.24819564819336,0.4099098348743395,-2.4649696314293035,-0.2337265014648437,-0.23372650146484375
2011-05-17,10.039999961853027,10.282500267028809,10.039999961853027,10.1850004196167,9.335269927978516,0.2197049733366082,0.9415272243096018,0.0870742797851562,0.08707427978515625
2011-05-18,10.202500343322754,10.362500190734863,10.199999809265137,10.27750015258789,9.420055389404297,0.3714159938488462,0.9082272079961262,0.0847854614257812,0.08478546142578125
2011-05-19,10.387499809265137,10.387499809265137,10.167499542236328,10.300000190734863,9.440675735473633,0.509540952822675,0.2188983526840937,0.0206203460693359,0.020620346069335938
2011-05-20,10.232500076293944,10.404999732971191,10.19499969482422,10.287500381469728,9.429216384887695,0.3487725579514973,-0.1213827368614972,-0.0114593505859375,-0.0114593505859375
2011-05-23,10.114999771118164,10.282500267028809,10.050000190734863,10.050000190734863,9.211532592773438,0.2808422502594504,-2.308609572934839,-0.2176837921142578,-0.2176837921142578
2011-05-24,10.067500114440918,10.182499885559082,10.0,10.0,9.165705680847168,0.5955860092326011,-0.4974949767015069,-0.0458269119262695,-0.04582691192626953
2011-05-25,9.99250030517578,10.162500381469728,9.96500015258789,10.1225004196167,9.277984619140623,0.2491414400031618,1.2249895665761512,0.1122789382934552,0.11227893829345525
2011-05-26,10.06999969482422,10.239999771118164,10.045000076293944,10.22249984741211,9.36964225769043,0.0498792041064909,0.9879046184309904,0.0916576385498064,0.09165763854980646
2011-05-27,10.220000267028809,10.414999961853027,10.210000038146973,10.350000381469728,9.486504554748535,-0.1629690933285893,1.2472439592043916,0.1168622970581054,0.11686229705810547
2011-05-31,10.5,10.739999771118164,10.28499984741211,10.720000267028809,9.825636863708496,1.4039566707679592,3.5748921744859663,0.3391323089599609,0.33913230895996094
2011-06-01,10.6899995803833,10.774999618530272,10.447500228881836,10.460000038146973,9.587327003479004,1.7504012399973985,-2.425388435732878,-0.2383098602294922,-0.2383098602294922
2011-06-02,10.545000076293944,10.670000076293944,10.484999656677246,10.529999732971191,9.65148639678955,0.1993258810289941,0.6692104409004251,0.0641593933105468,0.06415939331054688
2011-06-03,10.3725004196167,10.692500114440918,10.270000457763672,10.282500267028809,9.424636840820312,0.1427172912856217,-2.350410565202654,-0.2268495559692382,-0.22684955596923828
2011-06-06,10.307499885559082,10.4975004196167,10.21500015258789,10.22249984741211,9.36964225769043,0.0996947630806586,-0.5835193870992295,-0.0549945831298828,-0.05499458312988281
2011-06-07,10.335000038146973,10.452500343322754,10.167499542236328,10.24250030517578,9.38797378540039,0.3578299323104369,0.1956481070012561,0.0183315277099609,0.018331527709960938
2011-06-08,10.232500076293944,10.422499656677246,10.232500076293944,10.265000343322754,9.408595085144045,0.661251973334913,0.2196565543858053,0.0206212997436541,0.02062129974365412
2011-06-09,10.342499732971191,10.529999732971191,10.332500457763672,10.417499542236328,9.54837417602539,6.364513232321146e-05,1.485653167305001,0.1397790908813458,0.13977909088134588
2011-06-10,10.332500457763672,10.47249984741211,10.324999809265137,10.357500076293944,9.493377685546877,-0.104096159995482,-0.5759775377948917,-0.0549964904785138,-0.05499649047851385
2011-06-13,10.3725004196167,10.44499969482422,10.202500343322754,10.202500343322754,9.351311683654783,-0.0248441343547606,-1.4964747700745185,-0.1420660018920934,-0.1420660018920934
2011-06-14,10.300000190734863,10.572500228881836,10.295000076293944,10.515000343322754,9.637740135192873,-0.0406945394829049,3.062976202993428,0.2864284515380895,0.2864284515380895
2011-06-15,10.412500381469728,10.4975004196167,10.244999885559082,10.255000114440918,9.39943027496338,0.17894678872138,-2.472673644304724,-0.2383098602294922,-0.2383098602294922
2011-06-16,10.265000343322754,10.609999656677246,10.265000343322754,10.547499656677246,9.66752815246582,0.0430861733372862,2.852277953660165,0.2680978775024396,0.26809787750243963
2011-06-17,10.602499961853027,10.672499656677246,10.454999923706056,10.50749969482422,9.630865097045898,0.6974814707706715,-0.3792391896016434,-0.0366630554199218,-0.036663055419921875
2011-06-20,10.447500228881836,10.585000038146973,10.425000190734863,10.5600004196167,9.678987503051758,-0.3282661753792368,0.4996685710053183,0.0481224060058593,0.048122406005859375
2011-06-21,10.670000076293944,10.734999656677246,10.50749969482422,10.717499732971191,9.823345184326172,-0.1539117189696497,1.4914543616147746,0.144357681274414,0.14435768127441406
2011-06-22,10.654999732971191,10.710000038146973,10.494999885559082,10.4975004196167,9.621698379516602,-0.6067804369166291,-2.05273052128222,-0.2016468048095703,-0.2016468048095703
2011-06-23,10.38249969482422,10.449999809265137,10.227499961853027,10.420000076293944,9.550662994384766,-0.4097825446096931,-0.7382832253717386,-0.0710353851318359,-0.07103538513183594
2011-06-24,10.452500343322754,10.452500343322754,10.202500343322754,10.279999732971191,9.422345161437988,0.7631474348729834,-1.343548955943907,-0.1283178329467773,-0.12831783294677734
2011-06-27,10.297499656677246,10.824999809265137,10.265000343322754,10.8125,9.910419464111328,0.2264980041058129,5.179966285578663,0.4880743026733398,0.48807430267333984
2011-06-28,10.802499771118164,10.99250030517578,10.727499961853027,10.967499732971191,10.052488327026367,-0.3441165805073811,1.433530270131489,0.142068862915039,0.14206886291503906
2011-06-29,10.970000267028809,10.970000267028809,10.729999542236328,10.77750015258789,9.878336906433104,-0.2127846523027571,-1.7324210178394694,-0.1741514205932635,-0.1741514205932635
2011-06-30,10.832500457763672,10.954999923706056,10.77750015258789,10.8774995803833,9.969995498657228,-0.2648645548666597,0.9278747332907232,0.0916585922241246,0.09165859222412465
2011-07-01,10.890000343322754,11.109999656677246,10.890000343322754,11.079999923706056,10.155601501464844,0.3533012451309671,1.8616458034771632,0.1856060028076154,0.1856060028076154
2011-07-05,11.047499656677246,11.112500190734863,11.029999732971191,11.087499618530272,10.1624755859375,-0.215048995892492,0.0676876152698957,0.0068740844726562,0.00687408447265625
2011-07-06,11.045000076293944,11.167499542236328,10.99250030517578,11.137499809265137,10.20830535888672,-0.1742908112772638,0.4509705589122337,0.0458297729492205,0.045829772949220526
2011-07-07,11.210000038146973,11.4399995803833,11.19499969482422,11.380000114440918,10.430572509765623,-0.4437476984557165,2.177316832371301,0.2222671508789027,0.2222671508789027
2011-07-08,11.182499885559082,11.352499961853027,10.987500190734863,11.307499885559082,10.364121437072754,-0.4573337599941259,-0.6370798211762008,-0.0664510726928693,-0.06645107269286932
2011-07-11,11.1899995803833,11.265000343322754,11.154999732971191,11.21500015258789,10.279337882995604,-0.5048849753785588,-0.8180486362681649,-0.0847835540771502,-0.08478355407715021
2011-07-12,11.24250030517578,11.3725004196167,11.170000076293944,11.212499618530272,10.277048110961914,-0.2626002112769248,-0.0222754817455483,-0.0022897720336896,-0.00228977203368963
2011-07-13,11.3100004196167,11.5,11.265000343322754,11.40999984741211,10.458070755004885,-0.5977230625576896,1.7614264532817003,0.1810226440429705,0.18102264404297053
2011-07-14,11.404999732971191,11.432499885559082,11.0625,11.100000381469728,10.173934936523438,-0.3622313292252602,-2.716904724951008,-0.2841358184814471,-0.2841358184814471
2011-07-15,11.13249969482422,11.2524995803833,11.09000015258789,11.25,10.311418533325195,-0.3961964830712837,1.3513315905747003,0.1374835968017578,0.1374835968017578
2011-07-18,11.232500076293944,11.232500076293944,10.9975004196167,11.022500038146973,10.102899551391602,-0.7267906471725787,-2.022214317648796,-0.2085189819335937,-0.20851898193359375
2011-07-19,11.147500038146973,11.34000015258789,11.079999923706056,11.324999809265137,10.38016128540039,-0.4935632574298843,2.744377815481669,0.277261734008789,0.27726173400878906
2011-07-20,11.350000381469728,11.350000381469728,11.102499961853027,11.145000457763672,10.215179443359377,-0.5365857856348473,-1.589395747376865,-0.1649818420410138,-0.16498184204101385
2011-07-21,11.25749969482422,11.887499809265137,11.2524995803833,11.720000267028809,10.742209434509276,0.0453505169270211,5.159282752419081,0.5270299911498988,0.5270299911498988
2011-07-22,11.7475004196167,11.982500076293944,11.510000228881836,11.520000457763672,10.558895111083984,0.221969316926343,-1.706486217224501,-0.1833143234252912,-0.1833143234252912
2011-07-25,11.34749984741211,11.4399995803833,11.255000114440918,11.265000343322754,10.32516860961914,0.1517746656445613,-2.213550745659876,-0.2337265014648437,-0.23372650146484375
2011-07-26,11.2475004196167,11.2475004196167,11.017499923706056,11.020000457763672,10.10060977935791,0.6974814707706715,-2.174868408948083,-0.2245588302612304,-0.22455883026123047
2011-07-27,10.979999542236328,11.042499542236328,10.547499656677246,10.574999809265137,9.692734718322754,0.2581988143621014,-4.03812314251274,-0.4078750610351562,-0.40787506103515625
2011-07-28,10.577500343322754,10.837499618530272,10.229999542236328,10.702500343322754,9.80959701538086,0.1155451682088029,1.205668992850839,0.1168622970581054,0.11686229705810547
2011-07-29,10.5625,10.664999961853027,10.3725004196167,10.452500343322754,9.58045482635498,0.3510369015412322,-2.3358980870121115,-0.2291421890258789,-0.2291421890258789
2011-08-01,10.595000267028809,10.595000267028809,10.244999885559082,10.46500015258789,9.591909408569336,0.4506680194895677,0.1195619876297016,0.0114545822143554,0.011454582214355469
2011-08-02,10.380000114440918,10.5600004196167,10.157500267028809,10.164999961853027,9.316941261291504,-0.104096159995482,-2.8666674753222487,-0.274968147277832,-0.27496814727783203
2011-08-03,9.887499809265137,10.432499885559082,9.887499809265137,10.3774995803833,9.511711120605469,-0.0859814112776028,2.09049143760478,0.1947698593139648,0.19476985931396484
2011-08-04,10.199999809265137,10.295000076293944,9.9350004196167,9.9399995803833,9.110712051391602,0.3578299323104369,-4.21584575192967,-0.4009990692138672,-0.4009990692138672
2011-08-05,10.045000076293944,10.18000030517578,9.682499885559082,9.99250030517578,9.158835411071776,0.4755757989766515,0.5282063510373414,0.048123359680174,0.048123359680174005
2011-08-08,9.704999923706056,10.232500076293944,9.515000343322754,9.74250030517578,8.9296875,1.775309019484482,-2.50193284175374,-0.2291479110717755,-0.22914791107177557
2011-08-09,9.967499732971191,10.302499771118164,9.522500038146973,10.25749969482422,9.401721000671388,3.500738834862473,5.2861144432141405,0.4720335006713885,0.4720335006713885
2011-08-10,10.0024995803833,10.56999969482422,9.567500114440918,9.654999732971191,8.849486351013184,1.0688338194871945,-5.873761299859559,-0.5522346496582049,-0.5522346496582049
2011-08-11,9.729999542236328,10.077500343322754,9.729999542236328,9.957500457763672,9.126749992370604,3.328648722042621,3.133104344815174,0.2772636413574201,0.2772636413574201
2011-08-12,10.052499771118164,10.1225004196167,9.707500457763672,9.8725004196167,9.048840522766112,0.4461393323100979,-0.8536386958075903,-0.0779094696044921,-0.07790946960449219
2011-08-15,9.9399995803833,10.045000076293944,9.765000343322754,9.892499923706056,9.06717300415039,0.3351864964130879,0.2025948113258957,0.0183324813842791,0.01833248138427912
2011-08-16,9.792499542236328,9.88249969482422,9.612500190734863,9.697500228881836,8.888442039489746,1.059776445128255,-1.971187321327528,-0.1787309646606445,-0.17873096466064453
2011-08-17,9.744999885559082,9.755000114440918,9.532500267028809,9.6274995803833,8.824281692504883,0.3465082143617624,-0.7218401908884675,-0.0641603469848632,-0.06416034698486328
2011-08-18,9.3774995803833,9.489999771118164,9.140000343322754,9.270000457763672,8.49660873413086,0.8356064297445002,-3.713310270368408,-0.3276729583740234,-0.32767295837402344
2011-08-19,9.1225004196167,9.667499542236328,9.1225004196167,9.279999732971191,8.505772590637207,1.0869485682050737,0.1078531069641508,0.0091638565063476,0.009163856506347656
2011-08-22,9.539999961853027,9.539999961853027,8.890000343322754,9.399999618530272,8.615763664245605,0.0521435476962258,1.29313442648904,0.1099910736083984,0.10999107360839844
2011-08-23,9.40250015258789,9.8774995803833,9.199999809265137,9.850000381469728,9.028220176696776,1.5941615323056904,4.787231039806894,0.4124565124511701,0.4124565124511701
2011-08-24,9.802499771118164,9.960000038146973,9.72249984741211,9.88249969482422,9.058009147644045,0.3850020553872557,0.3299539705972076,0.0297889709472691,0.029788970947269178
2011-08-25,9.94499969482422,9.94499969482422,9.557499885559082,9.61750030517578,8.815116882324219,0.3691516502591114,-2.681519320202952,-0.242892265319826,-0.242892265319826
2011-08-26,9.517499923706056,9.895000457763672,9.517499923706056,9.787500381469728,8.970932960510254,0.9759957323080636,1.767600818753445,0.1558160781860351,0.15581607818603516
2011-08-29,9.859999656677246,10.210000038146973,9.800000190734863,10.170000076293944,9.321520805358888,0.683895409232262,3.908042189055583,0.3505878448486346,0.3505878448486346
2011-08-30,10.104999542236328,10.517499923706056,9.99250030517578,10.354999542236328,9.4910888671875,1.9473991323043345,1.819102970098263,0.1695680618286115,0.1695680618286115
2011-08-31,10.4399995803833,10.59749984741211,10.300000190734863,10.5649995803833,9.683568954467772,1.0914772553845435,2.0280084822059896,0.1924800872802716,0.19248008728027166
2011-09-01,10.595000267028809,10.789999961853027,10.274999618530272,10.44499969482422,9.573577880859377,1.3586697989732612,-1.1358526399261826,-0.1099910736083948,-0.10999107360839488
2011-09-02,10.237500190734863,10.460000038146973,10.135000228881836,10.145000457763672,9.29860782623291,0.421231552823014,-2.872176505465307,-0.2749700546264666,-0.2749700546264666
2011-09-06,9.817500114440918,10.332500457763672,9.704999923706056,10.3100004196167,9.44984531402588,1.0009035117951477,1.6264530198413674,0.1512374877929705,0.15123748779297053
2011-09-07,10.452500343322754,10.484999656677246,10.345000267028809,10.46500015258789,9.591909408569336,0.3465082143617624,1.503348359920742,0.1420640945434552,0.14206409454345525
2011-09-08,10.407500267028809,10.524999618530272,10.36750030517578,10.369999885559082,9.504837989807127,0.1744181015419102,-0.9077589774192374,-0.0870714187622088,-0.08707141876220881
2011-09-09,10.289999961853027,10.31999969482422,9.880000114440918,10.022500038146973,9.186328887939451,0.4710471117971817,-3.351020840220964,-0.3185091018676758,-0.3185091018676758
2011-09-12,9.88249969482422,10.140000343322754,9.774999618530272,10.085000038146973,9.243611335754396,-0.1063605035852169,0.6235619093732936,0.0572824478149449,0.05728244781494496
2011-09-13,10.102499961853027,10.232500076293944,9.975000381469728,10.1899995803833,9.339855194091797,0.1653607271829706,1.0411932613948016,0.0962438583374005,0.09624385833740057
2011-09-14,10.289999961853027,10.649999618530272,10.15999984741211,10.479999542236328,9.605658531188965,0.221969316926343,2.8459042626839626,0.2658033370971679,0.26580333709716797
2011-09-15,10.609999656677246,10.609999656677246,10.427499771118164,10.557499885559082,9.676695823669434,-0.2263707138411664,0.7395358917851924,0.0710372924804687,0.07103729248046875
2011-09-16,10.640000343322754,10.640000343322754,10.487500190734863,10.585000038146973,9.701897621154783,1.557932034869932,0.2604380456364685,0.0252017974853497,0.025201797485349786
2011-09-19,10.414999961853027,10.600000381469728,10.317500114440918,10.44499969482422,9.573577880859377,-0.4980919446093541,-1.3226251740237729,-0.1283197402954066,-0.1283197402954066
2011-09-20,10.475000381469728,10.602499961853027,10.327500343322754,10.342499732971191,9.47963047027588,0.0295001117988768,-0.9813197505952996,-0.0939474105834961,-0.0939474105834961
2011-09-21,10.359999656677246,10.43000030517578,9.90999984741211,9.932499885559082,9.103837966918944,6.364513232321146e-05,-3.964210467225104,-0.3757925033569371,-0.37579250335693715
2011-09-22,9.657500267028809,10.1225004196167,9.6274995803833,10.012499809265137,9.177162170410156,0.9193871425646912,0.8054207879979236,0.0733242034912127,0.07332420349121271
2011-09-23,10.010000228881836,10.19499969482422,9.875,10.119999885559082,9.275693893432615,0.7359753117961647,1.0736622192441423,0.0985317230224591,0.09853172302245916
2011-09-26,10.172499656677246,10.395000457763672,10.017499923706056,10.345000267028809,9.481922149658203,0.3623586194899067,2.223318908481886,0.2062282562255877,0.2062282562255877
2011-09-27,10.550000190734863,10.885000228881836,10.324999809265137,10.61750030517578,9.731688499450684,0.4778401425663864,2.634132044645443,0.2497663497924804,0.24976634979248047
2011-09-28,10.640000343322754,10.75,10.244999885559082,10.2475004196167,9.392556190490724,0.0159140502604674,-3.484824950768839,-0.3391323089599591,-0.33913230895995916
2011-09-29,10.462499618530272,10.53499984741211,10.175000190734863,10.529999732971191,9.65148639678955,-0.2535428369179852,2.756759725972935,0.2589302062988263,0.25893020629882635
2011-09-30,10.34000015258789,10.710000038146973,10.192500114440918,10.332500457763672,9.470464706420898,0.4189672092332791,-1.8755835415036888,-0.1810216903686523,-0.18102169036865234
2011-10-03,10.270000457763672,10.547499656677246,9.744999885559082,9.7524995803833,8.938851356506348,0.7767334964113928,-5.613381881399349,-0.5316133499145508,-0.5316133499145508
2011-10-04,9.729999542236328,10.520000457763672,9.532500267028809,10.49250030517578,9.61711597442627,1.5058521323060294,7.587827460921259,0.6782646179199219,0.6782646179199219
2011-10-05,10.479999542236328,10.737500190734863,10.170000076293944,10.645000457763672,9.7568941116333,-0.1493830317901799,1.453430920233556,0.1397781372070312,0.13977813720703125
2011-10-06,10.63249969482422,10.774999618530272,10.4399995803833,10.712499618530272,9.818761825561523,-0.0565449446110492,0.6340922963841145,0.0618677139282226,0.061867713928222656
2011-10-07,10.737500190734863,10.760000228881836,10.350000381469728,10.425000190734863,9.555246353149414,-0.0248441343547606,-2.6837953409368787,-0.2635154724121094,-0.2635154724121094
2011-10-10,10.65999984741211,10.917499542236328,10.427499771118164,10.912500381469728,10.002077102661133,-0.1244752523030961,4.6762870678309865,0.4468307495117187,0.44683074951171875
2011-10-11,10.792499542236328,11.157500267028809,10.789999961853027,11.125,10.19684600830078,-0.2241063702514315,1.9472845853970355,0.1947689056396466,0.19476890563964666
2011-10-12,11.182499885559082,11.30500030517578,11.130000114440918,11.265000343322754,10.32516860961914,-0.1154178779441565,1.258453851454644,0.1283226013183611,0.12832260131836115
2011-10-13,11.164999961853027,11.3125,11.104999542236328,11.25749969482422,10.318293571472168,-0.5479075035835218,-0.0665852385264509,-0.0068750381469726,-0.006875038146972656
2011-10-14,11.337499618530272,11.337499618530272,11.1850004196167,11.25,10.311418533325195,-0.0542806010213143,-0.0666296040072067,-0.0068750381469726,-0.006875038146972656
2011-10-17,11.175000190734863,11.3125,10.88249969482422,10.917499542236328,10.0066556930542,-0.2014629343540826,-2.955585977681352,-0.3047628402709961,-0.3047628402709961
2011-10-18,10.917499542236328,11.335000038146973,10.77750015258789,11.21500015258789,10.279337882995604,0.3963237733359301,2.72500821758741,0.2726821899414045,0.2726821899414045
2011-10-19,11.112500190734863,11.2475004196167,10.797499656677246,10.817500114440918,9.915002822875977,-0.1652334369183242,-3.5443436558527885,-0.3643350601196271,-0.36433506011962713
2011-10-20,10.864999771118164,11.4975004196167,10.864999771118164,11.40999984741211,10.458070755004885,1.345083737434852,5.477234266398168,0.543067932128908,0.543067932128908
2011-10-21,11.619999885559082,11.734999656677246,11.447500228881836,11.574999809265137,10.609305381774902,0.5367130758994938,1.4461044518908173,0.1512346267700177,0.15123462677001775
2011-10-24,11.537500381469728,11.75,11.442500114440918,11.592499732971191,10.62534523010254,2.626702209224803,0.1511866022368746,0.0160398483276384,0.016039848327638495
2011-10-25,11.470000267028809,11.5,11.210000038146973,11.272500038146973,10.33204174041748,0.683895409232262,-2.7604137402905797,-0.2933034896850603,-0.29330348968506037
2011-10-26,11.447500228881836,11.6850004196167,11.140000343322754,11.649999618530272,10.678045272827148,0.8990080502570772,3.348839862465436,0.3460035324096679,0.34600353240966797
2011-10-27,11.702500343322754,12.774999618530272,11.697500228881836,12.667499542236328,11.610657691955566,1.9904216605092973,8.733924564842166,0.932612419128418,0.932612419128418
2011-10-28,12.600000381469728,12.792499542236328,12.19499969482422,12.234999656677246,11.214238166809082,0.3351864964130879,-3.4142727799230776,-0.3964195251464844,-0.3964195251464844
2011-10-31,12.0600004196167,12.337499618530272,11.890000343322754,12.045000076293944,11.04009246826172,0.1698894143624404,-1.5528981635398398,-0.1741456985473615,-0.1741456985473615
2011-11-01,11.5625,11.979999542236328,11.342499732971191,11.607500076293944,10.639093399047852,6.364513232321146e-05,-3.632207523321651,-0.4009990692138689,-0.40099906921386896
2011-11-02,11.81999969482422,12.092499732971191,11.664999961853027,12.087499618530272,11.079046249389648,0.090637388721719,4.135247561424449,0.4399528503417969,0.4399528503417969
2011-11-03,12.255000114440918,12.422499656677246,11.967499732971191,12.369999885559082,11.337976455688477,0.1608320400035008,2.3371163949522438,0.2589302062988281,0.2589302062988281
2011-11-04,12.204999923706056,12.204999923706056,11.922499656677246,12.045000076293944,11.04009246826172,-0.5026206317888239,-2.627311748185035,-0.297883987426756,-0.29788398742675604
2011-11-07,12.015000343322754,12.079999923706056,11.800000190734863,12.074999809265137,11.067587852478027,-0.4890345702504144,0.2490503072809513,0.0274953842163068,0.027495384216306817
2011-11-08,12.19499969482422,12.332500457763672,11.827500343322754,12.267499923706056,11.24402904510498,-0.1108891907646867,1.594215424162626,0.1764411926269531,0.17644119262695312
2011-11-09,11.892499923706056,12.037500381469728,11.145000457763672,11.5625,10.597846031188965,-0.0882457548673377,-5.746899188216947,-0.6461830139160156,-0.6461830139160156
2011-11-10,11.707500457763672,11.792499542236328,11.5,11.567500114440918,10.602429389953612,-0.5999874061474244,0.0432480218259367,0.0045833587646466,0.004583358764646661
2011-11-11,11.72249984741211,12.050000190734863,11.720000267028809,12.017499923706056,11.014886856079102,-0.2784506164050691,3.89021658108204,0.41245746612549,0.41245746612549006
2011-11-14,11.920000076293944,12.037500381469728,11.862500190734863,11.952500343322754,10.95530891418457,-0.1991985907643477,-0.5408856456991185,-0.0595779418945312,-0.05957794189453125
2011-11-15,11.837499618530272,12.282500267028809,11.697500228881836,12.267499923706056,11.24402904510498,-0.280714959994804,2.635435779876416,0.2887201309204101,0.28872013092041016
2011-11-16,12.102499961853027,12.109999656677246,11.75,11.7524995803833,10.771995544433594,-0.4528050728146561,-4.198081477536597,-0.4720335006713867,-0.4720335006713867
2011-11-17,11.782500267028809,12.0649995803833,11.712499618530272,11.760000228881836,10.778870582580566,-0.4528050728146561,0.063823254647799,0.0068750381469726,0.006875038146972656
2011-11-18,11.78499984741211,11.90999984741211,11.630000114440918,11.880000114440918,10.888859748840332,-0.2082559651232872,1.0204145732811476,0.1099891662597656,0.10998916625976562
2011-11-21,11.69499969482422,11.755000114440918,11.494999885559082,11.510000228881836,10.549725532531738,-0.3146801138408274,-3.114506239688797,-0.3391342163085937,-0.33913421630859375
2011-11-22,11.425000190734863,11.524999618530272,11.182499885559082,11.207500457763672,10.272464752197266,-0.0135224164060861,-2.628132641740255,-0.2772607803344726,-0.27726078033447266
2011-11-23,11.147500038146973,11.1899995803833,10.86750030517578,11.039999961853027,10.118936538696287,-0.1154178779441565,-1.4945606259504474,-0.1535282135009783,-0.15352821350097834
2011-11-25,10.97249984741211,11.06999969482422,10.789999961853027,10.84749984741211,9.942499160766602,-0.6498029651215922,-1.7436355812190718,-0.1764373779296857,-0.17643737792968572
2011-11-28,11.18000030517578,11.289999961853027,10.93000030517578,11.18000030517578,10.247258186340332,0.0272357682091419,3.065215502117602,0.3047590255737304,0.30475902557373047
2011-11-29,11.15999984741211,11.239999771118164,10.9375,11.045000076293944,10.123519897460938,-0.0225797907650257,-1.2075258242672082,-0.1237382888793945,-0.12373828887939453
2011-11-30,11.47249984741211,11.869999885559082,11.255000114440918,11.845000267028809,10.856779098510742,1.8500323579457336,7.2431250047101825,0.7332592010498047,0.7332592010498047
2011-12-01,11.782500267028809,12.0,11.699999809265137,11.712499618530272,10.735331535339355,0.0408218297475513,-1.118633455368412,-0.1214475631713867,-0.12144756317138672
2011-12-02,11.892499923706056,11.957500457763672,11.697500228881836,11.875,10.884275436401367,-0.5207353805067031,1.3874178042076135,0.1489439010620117,0.14894390106201172
2011-12-05,12.032500267028809,12.032500267028809,11.77750015258789,11.952500343322754,10.95530891418457,-0.3984608266610186,0.6526247722989265,0.0710334777832031,0.07103347778320312
2011-12-06,11.9399995803833,12.085000038146973,11.797499656677246,11.960000038146973,10.96218204498291,-0.3848747651226092,0.0627379004296324,0.0068731307983398,0.006873130798339844
2011-12-07,11.862500190734863,12.09000015258789,11.667499542236328,12.039999961853027,11.03550910949707,-0.4958276010196192,0.6689093851321326,0.0733270645141601,0.07332706451416016
2011-12-08,11.912500381469728,11.912500381469728,11.40250015258789,11.457500457763672,10.501605033874512,-0.215048995892492,-4.838055683023135,-0.5339040756225586,-0.5339040756225586
2011-12-09,11.524999618530272,11.852499961853027,11.392499923706056,11.77750015258789,10.79491138458252,-0.0203154471752908,2.7929668823184928,0.2933063507080078,0.2933063507080078
2011-12-12,11.579999923706056,11.6875,11.289999961853027,11.452500343322754,10.497026443481444,-0.1969342471746128,-2.7594940846528915,-0.297884941101076,-0.297884941101076
2011-12-13,11.515000343322754,11.800000190734863,11.037500381469728,11.11750030517578,10.18997287750244,0.2423484092339571,-2.9251480658094464,-0.3070535659790039,-0.3070535659790039
2011-12-14,10.9975004196167,11.27750015258789,10.9399995803833,11.015000343322754,10.096026420593262,0.070258296414105,-0.9219500192841013,-0.0939464569091779,-0.09394645690917791
2011-12-15,11.182499885559082,11.354999542236328,11.0625,11.317500114440918,10.373286247253418,-0.1629690933285893,2.746227229503062,0.2772598266601562,0.27725982666015625
2011-12-16,11.4375,11.6225004196167,11.30500030517578,11.537500381469728,10.574932098388672,1.711907398971905,1.9438955633625188,0.2016458511352539,0.2016458511352539
2011-12-19,11.592499732971191,11.789999961853027,11.237500190734863,11.274999618530272,10.33432960510254,-0.4301616369173072,-2.275215491197269,-0.240602493286131,-0.24060249328613104
2011-12-20,11.532500267028809,11.967499732971191,11.524999618530272,11.960000038146973,10.96218204498291,-0.1403256574312404,6.075405603188511,0.6278524398803693,0.6278524398803693
2011-12-21,11.84749984741211,11.9375,11.5649995803833,11.9375,10.941560745239258,-0.3554382984560555,-0.1881130933516162,-0.0206212997436523,-0.020621299743652344
2011-12-22,11.917499542236328,11.962499618530272,11.84749984741211,11.917499542236328,10.923232078552246,-0.5728152830706057,-0.1675141884578623,-0.0183286666870117,-0.01832866668701172
2011-12-23,11.890000343322754,11.890000343322754,11.707500457763672,11.84749984741211,10.859068870544434,-0.7584914574288673,-0.5874013071076045,-0.0641632080078125,-0.0641632080078125
2011-12-27,11.7475004196167,11.9350004196167,11.61750030517578,11.8725004196167,10.881980895996094,-0.7109402420444344,0.2109943838169092,0.0229120254516601,0.022912025451660156
2011-12-28,11.869999885559082,11.875,11.59000015258789,11.6225004196167,10.652838706970217,-0.6362169035831827,-2.1057029158191964,-0.2291421890258771,-0.22914218902587713
2011-12-29,11.635000228881836,11.779999732971191,11.587499618530272,11.755000114440918,10.774286270141602,-0.6407455907626526,1.1400488312276913,0.1214475631713849,0.12144756317138494
2011-12-30,11.707500457763672,11.822500228881836,11.49250030517578,11.49250030517578,10.53368854522705,-0.1810838420464685,-2.233073438760491,-0.2405977249145507,-0.24059772491455078
2012-01-03,11.720000267028809,11.892499923706056,11.625,11.654999732971191,10.682629585266112,-0.0588092882007841,1.413949533438097,0.1489410400390607,0.14894104003906072
2012-01-04,11.557499885559082,11.734999656677246,11.390000343322754,11.635000228881836,10.664299964904783,-0.301094052302418,-0.1715834122584247,-0.0183296203613281,-0.018329620361328125
2012-01-05,11.552499771118164,11.645000457763672,11.404999732971191,11.642499923706056,10.671175003051758,-0.6905611497368203,0.0644677866301624,0.0068750381469744,0.006875038146974433
2012-01-06,11.664999961853027,11.869999885559082,11.49250030517578,11.822500228881836,10.836156845092772,0.1427172912856217,1.5460513204387685,0.1649818420410138,0.16498184204101385
2012-01-09,11.835000038146973,11.835000038146973,11.545000076293944,11.657500267028809,10.684921264648438,-0.4211042625583676,-1.395656989893257,-0.1512355804443341,-0.15123558044433416
2012-01-10,11.8725004196167,12.182499885559082,11.800000190734863,12.11750030517578,11.106542587280272,0.1449816348753566,3.94594693015462,0.4216213226318341,0.42162132263183416
2012-01-11,12.032500267028809,12.172499656677246,12.00749969482422,12.045000076293944,11.04009246826172,-0.3395878933279113,-0.5982970712654745,-0.0664501190185511,-0.06645011901855113
2012-01-12,12.037500381469728,12.154999732971191,11.9399995803833,12.010000228881836,11.008010864257812,-0.6565959958907969,-0.290591805242002,-0.032081604003908,-0.032081604003908026
2012-01-13,11.837499618530272,12.012499809265137,11.802499771118164,11.822500228881836,10.836156845092772,-0.6226308420447734,-1.5611723251749088,-0.1718540191650408,-0.17185401916504084
2012-01-17,11.952500343322754,11.960000038146973,11.727499961853027,11.84000015258789,10.852195739746094,-0.3712887035841998,0.1480127584216894,0.016038894653322,0.01603889465332209
2012-01-18,11.852499961853027,11.9399995803833,11.720000267028809,11.75,10.769704818725586,-0.1584404061491195,-0.7601311568532165,-0.0824909210205078,-0.08249092102050781
2012-01-19,11.827500343322754,11.859999656677246,11.699999809265137,11.737500190734863,10.758246421813965,-0.5048849753785588,-0.1063947165171885,-0.011458396911621,-0.011458396911621094
2012-01-20,11.71500015258789,11.827500343322754,11.654999732971191,11.77750015258789,10.79491138458252,-0.4822415394812098,0.3408079842288414,0.0366649627685546,0.03666496276855469
2012-01-23,11.789999961853027,11.789999961853027,11.547499656677246,11.717499732971191,10.739914894104004,-0.783399236915951,-0.509466808195036,-0.0549964904785156,-0.054996490478515625
2012-01-24,11.619999885559082,11.982500076293944,11.595000267028809,11.967499732971191,10.969056129455566,-0.5275284112759078,2.133547962073301,0.2291412353515625,0.2291412353515625
2012-01-25,11.962499618530272,12.114999771118164,11.760000228881836,12.005000114440918,11.00342845916748,-0.5433788164040521,0.313357223322197,0.034372329711914,0.03437232971191406
2012-01-26,11.947500228881836,12.220000267028809,11.9399995803833,12.192500114440918,11.175286293029783,-0.2331637446103711,1.5618571475249698,0.1718578338623029,0.1718578338623029
2012-01-27,12.13249969482422,12.420000076293944,12.13249969482422,12.350000381469728,11.319646835327148,-0.2829793035845389,1.2917838390181124,0.144360542297365,0.14436054229736506
2012-01-30,12.232500076293944,12.412500381469728,12.197500228881836,12.24250030517578,11.221115112304688,-0.5569648779424614,-0.8704487379849746,-0.0985317230224609,-0.09853172302246094
2012-01-31,12.335000038146973,12.335000038146973,12.112500190734863,12.212499618530272,11.19361686706543,-0.5456431599937869,-0.2450580442678429,-0.0274982452392578,-0.027498245239257812
2012-02-01,12.342499732971191,12.717499732971191,12.31999969482422,12.630000114440918,11.576284408569336,0.5185983271816146,3.4186228280674413,0.3826675415039062,0.38266754150390625
2012-02-02,11.489999771118164,12.7524995803833,11.272500038146973,12.592499732971191,11.541913986206056,0.0770513271833097,-0.2969037486487136,-0.0343704223632794,-0.034370422363279474
2012-02-03,12.857500076293944,13.327500343322754,12.574999809265137,13.244999885559082,12.139974594116213,0.1313955733369472,5.1816415251829895,0.5980606079101562,0.5980606079101562
2012-02-06,13.050000190734863,13.324999809265137,12.732500076293944,12.942500114440918,11.862713813781738,0.1381886041061519,-2.283866232050047,-0.2772607803344744,-0.27726078033447443
2012-02-07,12.869999885559082,12.899999618530272,12.524999618530272,12.595000267028809,11.544206619262695,-0.0225797907650257,-2.684943761763947,-0.3185071945190429,-0.31850719451904297
2012-02-08,12.572500228881836,12.595000267028809,12.170000076293944,12.2524995803833,11.230280876159668,-0.1629690933285893,-2.7193357972232546,-0.3139257431030273,-0.31392574310302734
2012-02-09,12.137499809265137,12.177499771118164,11.960000038146973,12.067500114440918,11.060715675354004,0.1495103220548264,-1.5098927860800693,-0.169565200805664,-0.16956520080566406
2012-02-10,11.949999809265137,12.02750015258789,11.8100004196167,11.8725004196167,10.881980895996094,0.1653607271829706,-1.6159422645333432,-0.1787347793579101,-0.17873477935791016
2012-02-13,12.045000076293944,12.114999771118164,11.947500228881836,12.042499542236328,11.037799835205078,-0.3780817343534045,1.431898665309328,0.1558189392089843,0.15581893920898438
2012-02-14,12.032500267028809,12.1875,12.032500267028809,12.167499542236328,11.152373313903809,-0.0293728215342304,1.038010114418797,0.1145734786987304,0.11457347869873047
2012-02-15,12.182499885559082,12.380000114440918,11.8149995803833,11.9375,10.941560745239258,-0.0406945394829049,-1.890293327983628,-0.2108125686645507,-0.21081256866455078
2012-02-16,11.912500381469728,12.1875,11.845000267028809,12.162500381469728,11.14778995513916,0.0589365784654305,1.8848244295461611,0.2062292098999023,0.20622920989990234
2012-02-17,12.239999771118164,12.239999771118164,11.97249984741211,12.09749984741211,11.088210105895996,-0.1991985907643477,-0.5344543580649175,-0.059579849243164,-0.05957984924316406
2012-02-21,12.087499618530272,12.1850004196167,11.797499656677246,11.86750030517578,10.877403259277344,-0.1063605035852169,-1.9011801238015715,-0.2108068466186523,-0.21080684661865234
2012-02-22,11.81999969482422,11.857500076293944,11.720000267028809,11.75,10.769704818725586,-0.3780817343534045,-0.9901116836861013,-0.1076984405517578,-0.10769844055175781
2012-02-23,11.755000114440918,11.927499771118164,11.625,11.8725004196167,10.881980895996094,0.0498792041064909,1.0425176841921455,0.1122760772705078,0.11227607727050781
2012-02-24,11.842499732971191,11.862500190734863,11.6899995803833,11.74250030517578,10.762829780578612,-0.1810838420464685,-1.0949395753977351,-0.1191511154174822,-0.11915111541748225
2012-02-27,11.637499809265137,11.94499969482422,11.515000343322754,11.824999809265137,10.83844757080078,0.1246025425677425,0.7025827943374141,0.0756177902221679,0.07561779022216797
2012-02-28,11.800000190734863,12.3125,11.800000190734863,12.18000030517578,11.163827896118164,0.1653607271829706,3.002093456575583,0.3253803253173846,0.3253803253173846
2012-02-29,12.272500038146973,12.322500228881836,11.86750030517578,12.05500030517578,11.0492582321167,0.3714159938488462,-1.0262578845496415,-0.1145696640014648,-0.11456966400146484
2012-03-01,12.100000381469728,12.239999771118164,11.822500228881836,11.897500038146973,10.904897689819336,-0.2263707138411664,-1.3065179513838563,-0.1443605422973632,-0.14436054229736328
2012-03-02,11.949999809265137,11.952500343322754,11.302499771118164,11.462499618530272,10.506189346313477,0.1766824451316451,-3.656231858810455,-0.3987083435058594,-0.3987083435058594
2012-03-05,11.484999656677246,11.8149995803833,11.395000457763672,11.727499961853027,10.749082565307615,-0.4822415394812098,2.3119059726385727,0.2428932189941388,0.24289321899413885
2012-03-06,11.607500076293944,11.607500076293944,11.447500228881836,11.489999771118164,10.53139591217041,-0.5773439702500754,-2.025164955377523,-0.2176866531372052,-0.21768665313720525
2012-03-07,11.5649995803833,11.5649995803833,11.477499961853027,11.5,10.540560722351074,-0.5320570984553775,0.0870236980652583,0.009164810180664,0.009164810180664062
2012-03-08,11.55500030517578,11.6850004196167,11.357500076293944,11.662500381469728,10.689504623413086,-0.3124157702510925,1.41305481734173,0.1489439010620117,0.14894390106201172
2012-03-09,11.63249969482422,12.067500114440918,11.63249969482422,12.0024995803833,11.001138687133787,-0.2399567753795758,2.915327460901529,0.3116340637207013,0.31163406372070135
2012-03-12,11.954999923706056,12.135000228881836,11.954999923706056,12.029999732971191,11.026344299316406,-0.1357969702517706,0.2291182113002277,0.0252056121826189,0.025205612182618964
2012-03-13,12.15250015258789,12.244999885559082,11.94499969482422,12.22249984741211,11.202783584594728,0.201590224618729,1.600161218340168,0.1764392852783221,0.1764392852783221
2012-03-14,12.170000076293944,12.25749969482422,11.920000076293944,11.96500015258789,10.966767311096191,-0.5184710369169682,-2.106764552901741,-0.2360162734985369,-0.23601627349853693
2012-03-15,11.94499969482422,12.145000457763672,11.885000228881836,12.085000038146973,11.076756477355955,-0.6248951856345083,1.002931521565853,0.1099891662597638,0.10998916625976385
2012-03-16,12.114999771118164,12.114999771118164,11.892499923706056,12.010000228881836,11.008010864257812,0.794848245129272,-0.6206294526622358,-0.0687456130981427,-0.06874561309814275
2012-03-19,12.017499923706056,12.414999961853027,12.010000228881836,12.265000343322754,11.241737365722656,-0.4165755753788978,2.12324010529219,0.2337265014648437,0.23372650146484375
2012-03-20,12.145000457763672,12.21500015258789,11.949999809265137,12.02750015258789,11.024052619934082,-0.2875079907640087,-1.936397717779104,-0.2176847457885742,-0.21768474578857422
2012-03-21,12.024999618530272,12.135000228881836,11.949999809265137,12.052499771118164,11.046964645385742,-0.4935632574298843,0.2078366843988988,0.0229120254516601,0.022912025451660156
2012-03-22,11.99250030517578,12.00749969482422,11.890000343322754,11.96500015258789,10.966767311096191,-0.5411144728143171,-0.7259671490217778,-0.0801973342895507,-0.08019733428955078
2012-03-23,11.9399995803833,12.229999542236328,11.904999732971191,12.21500015258789,11.19590950012207,-0.5388501292245822,2.089423277851732,0.2291421890258789,0.2291421890258789
2012-03-26,12.342499732971191,12.5,12.229999542236328,12.5,11.457128524780272,-0.3124157702510925,2.333164846101643,0.2612190246582013,0.26121902465820135
2012-03-27,12.5,12.5,12.28499984741211,12.302499771118164,11.276107788085938,-0.5705509394808708,-1.579983468831736,-0.1810207366943341,-0.18102073669433416
2012-03-28,12.352499961853027,12.359999656677246,12.157500267028809,12.295000076293944,11.269232749938965,-0.3282661753792368,-0.0609699576855415,-0.0068750381469726,-0.006875038146972656
2012-03-29,12.202500343322754,12.34000015258789,12.154999732971191,12.262499809265137,11.2394437789917,-0.6905611497368203,-0.2643389448800493,-0.0297889709472656,-0.029788970947265625
2012-03-30,12.354999542236328,12.354999542236328,12.1225004196167,12.130000114440918,11.118000984191896,-0.0112580728163512,-1.0805053807626863,-0.1214427947998029,-0.12144279479980291
2012-04-02,12.0,12.417499542236328,11.9350004196167,12.392499923706056,11.358601570129396,0.1721537579521753,2.164063362465951,0.2406005859375,0.2406005859375
2012-04-03,12.329999923706056,12.335000038146973,12.092499732971191,12.170000076293944,11.1546630859375,-0.0406945394829049,-1.7954541580911587,-0.2039384841918963,-0.2039384841918963
2012-04-04,12.067500114440918,12.067500114440918,11.925000190734863,12.057499885559082,11.051548957824709,-0.3939321394815488,-0.92440378806945,-0.1031141281127911,-0.10311412811279119
2012-04-05,11.975000381469728,12.072500228881836,11.789999961853027,11.987500190734863,10.98738956451416,0.070258296414105,-0.5805466143741111,-0.0641593933105486,-0.06415939331054865
2012-04-09,11.737500190734863,11.94499969482422,11.6850004196167,11.74250030517578,10.762829780578612,-0.126739595892831,-2.043795595095732,-0.2245597839355486,-0.22455978393554865
2012-04-10,11.75,11.75,11.407500267028809,11.662500381469728,10.689504623413086,-0.104096159995482,-0.6812813977402077,-0.0733251571655255,-0.07332515716552557
2012-04-11,11.782500267028809,11.982500076293944,11.699999809265137,11.954999923706056,10.957600593566896,0.1517746656445613,2.5080298816336555,0.2680959701538103,0.26809597015381037
2012-04-12,11.927499771118164,12.125,11.920000076293944,11.982500076293944,10.982805252075195,-0.4437476984557165,0.2300198687940513,0.025204658508299,0.025204658508299005
2012-04-13,11.952500343322754,11.952500343322754,11.604999542236328,11.8149995803833,10.8292818069458,-0.0474875702521096,-1.39785274896308,-0.1535234451293945,-0.15352344512939453
2012-04-16,11.822500228881836,12.204999923706056,11.675000190734863,11.987500190734863,10.98738956451416,-0.4211042625583676,1.4600022456424666,0.1581077575683593,0.15810775756835938
2012-04-17,12.119999885559082,12.34749984741211,12.107500076293944,12.170000076293944,11.1546630859375,-0.47771285230174,1.52241367652588,0.1672735214233398,0.16727352142333984
2012-04-18,12.074999809265137,12.074999809265137,11.817500114440918,12.015000343322754,11.012593269348145,-0.1403256574312404,-1.2736361062169688,-0.1420698165893554,-0.14206981658935547
2012-04-19,12.0600004196167,12.167499542236328,11.755000114440918,11.822500228881836,10.836156845092772,-0.2127846523027571,-1.6021333026659312,-0.1764364242553728,-0.17643642425537287
2012-04-20,12.107500076293944,12.272500038146973,11.75749969482422,11.817500114440918,10.83156967163086,0.6046433835915407,-0.042332106552978,-0.0045871734619122,-0.004587173461912286
2012-04-23,11.6274995803833,11.702500343322754,11.44499969482422,11.574999809265137,10.609305381774902,0.4461393323100979,-2.052004433282584,-0.222264289855957,-0.22226428985595703
2012-04-24,11.5625,11.829999923706056,11.557499885559082,11.702500343322754,10.726166725158691,-0.1969342471746128,1.1014985352814757,0.116861343383789,0.11686134338378906
2012-04-25,11.890000343322754,12.0,11.677499771118164,11.835000038146973,10.847610473632812,0.0227070810296721,1.1322194739828984,0.1214437484741211,0.1214437484741211
2012-04-26,11.767499923706056,11.887499809265137,11.765000343322754,11.800000190734863,10.81553554534912,-0.4075182010199582,-0.2956865787323126,-0.0320749282836931,-0.03207492828369318
2012-04-27,11.86750030517578,12.172499656677246,11.739999771118164,12.167499542236328,11.152373313903809,-0.0791883805083981,3.11438825328938,0.3368377685546893,0.3368377685546893
2012-04-30,12.057499885559082,12.072500228881836,11.9399995803833,11.949999809265137,10.953018188476562,-0.2422211189693107,-1.7875578571128647,-0.1993551254272461,-0.1993551254272461
2012-05-01,11.932499885559082,12.25,11.932499885559082,12.039999961853027,11.03550910949707,0.3691516502591114,0.7531341553627113,0.0824909210205078,0.08249092102050781
2012-05-02,11.927499771118164,12.125,11.832500457763672,12.092499732971191,11.083626747131348,-0.3803460779431394,0.4360255349965536,0.0481176376342773,0.048117637634277344
2012-05-03,12.0,12.09000015258789,11.895000457763672,11.925000190734863,10.93010425567627,0.0974304194909237,-1.3851286673363772,-0.1535224914550781,-0.15352249145507812
2012-05-04,11.897500038146973,11.897500038146973,11.585000038146973,11.670000076293944,10.696377754211426,-0.126739595892831,-2.138373944086247,-0.2337265014648437,-0.23372650146484375
2012-05-07,11.600000381469728,11.807499885559082,11.600000381469728,11.725000381469728,10.746789932250977,-0.5592292215321963,0.471301399389179,0.0504121780395507,0.05041217803955078
2012-05-08,11.625,11.822500228881836,11.577500343322754,11.802499771118164,10.81782341003418,-0.3146801138408274,0.6609739115680746,0.0710334777832031,0.07103347778320312
2012-05-09,11.71500015258789,11.782500267028809,11.5625,11.640000343322754,10.668880462646484,-0.2648645548666597,-1.376829161858395,-0.1489429473876953,-0.1489429473876953
2012-05-10,11.72249984741211,11.829999923706056,11.59749984741211,11.717499732971191,10.739914894104004,-0.4460120420454515,0.6658096105418343,0.0710344314575195,0.07103443145751953
2012-05-11,11.592499732971191,11.802499771118164,11.592499732971191,11.789999961853027,10.806364059448242,-0.3033583958921529,0.618712215128614,0.0664491653442382,0.06644916534423828
2012-05-14,11.640000343322754,11.75749969482422,11.619999885559082,11.645000457763672,10.673463821411133,-0.3644956728149952,-1.2298330623139786,-0.1329002380371093,-0.13290023803710938
2012-05-15,11.61750030517578,11.862500190734863,11.61750030517578,11.854999542236328,10.86594295501709,-0.4686554779428004,1.803342727595525,0.192479133605957,0.19247913360595703
2012-05-16,11.864999771118164,11.922499656677246,11.672499656677246,11.697500228881836,10.721583366394045,-0.0769240369186632,-1.3285509524637251,-0.1443595886230451,-0.1443595886230451
2012-05-17,11.69499969482422,11.850000381469728,11.6274995803833,11.729999542236328,10.751371383666992,-0.2875079907640087,0.2778322590515358,0.0297880172729474,0.029788017272947442
2012-05-18,11.702500343322754,11.88249969482422,11.702500343322754,11.782500267028809,10.799492835998535,0.0181783938502023,0.4475843184493344,0.0481214523315429,0.04812145233154297
2012-05-21,11.807499885559082,11.807499885559082,11.452500343322754,11.717499732971191,10.739914894104004,0.3397151835925577,-0.5516735165186359,-0.0595779418945312,-0.05957794189453125
2012-05-22,11.744999885559082,11.75749969482422,11.477499961853027,11.582500457763672,10.61617660522461,-0.2648645548666597,-1.1521347245249114,-0.1237382888793945,-0.12373828887939453
2012-05-23,11.4375,11.657500267028809,11.390000343322754,11.609999656677246,10.641385078430176,-0.2875079907640087,0.2374534085384461,0.0252084732055664,0.025208473205566406
2012-05-24,11.664999961853027,11.755000114440918,11.47249984741211,11.7524995803833,10.771995544433594,-0.2648645548666597,1.227382197343485,0.1306104660034179,0.13061046600341797
2012-05-25,11.78499984741211,11.78499984741211,11.494999885559082,11.630000114440918,10.659716606140137,-0.1425900010209752,-1.042322546739971,-0.112278938293457,-0.11227893829345703
2012-05-29,11.682499885559082,11.899999618530272,11.65999984741211,11.86750030517578,10.877403259277344,-0.4097825446096931,2.0421429685271164,0.217686653137207,0.21768665313720703
2012-05-30,11.792499542236328,11.842499732971191,11.734999656677246,11.75749969482422,10.77657699584961,-0.4301616369173072,-0.9269332121316642,-0.1008262634277343,-0.10082626342773438
2012-05-31,11.755000114440918,11.90999984741211,11.6274995803833,11.80500030517578,10.820117950439451,0.201590224618729,0.4040332529207546,0.0435409545898419,0.043540954589841974
2012-06-01,11.55500030517578,11.789999961853027,11.520000457763672,11.5649995803833,10.600138664245604,-0.1380613138415055,-2.033058116385078,-0.2199792861938476,-0.21997928619384766
2012-06-04,11.602499961853027,11.762499809265137,11.545000076293944,11.68000030517578,10.70554256439209,-0.2331637446103711,0.9943634086789332,0.1054039001464861,0.10540390014648615
2012-06-05,11.587499618530272,11.782500267028809,11.539999961853027,11.647500038146973,10.675755500793455,0.2740492194902457,-0.2782396447398194,-0.0297870635986345,-0.02978706359863459
2012-06-06,11.75,12.015000343322754,11.720000267028809,12.0,10.998846054077148,0.2355553784647524,3.0263952116520443,0.3230905532836932,0.3230905532836932
2012-06-07,12.145000457763672,12.1850004196167,12.037500381469728,12.107500076293944,11.097375869750977,0.2514057835928967,0.8958195722478024,0.0985298156738281,0.09852981567382812
2012-06-08,12.074999809265137,12.417499542236328,12.0600004196167,12.337499618530272,11.308189392089844,-0.323737488199767,1.899670019409716,0.2108135223388672,0.2108135223388672
2012-06-11,12.427499771118164,12.43000030517578,12.15999984741211,12.175000190734863,11.159247398376465,0.2514057835928967,-1.317116193840584,-0.1489419937133789,-0.1489419937133789
2012-06-12,12.27750015258789,12.4975004196167,12.162500381469728,12.482500076293944,11.441092491149902,-0.1652334369183242,2.525663987111204,0.2818450927734375,0.2818450927734375
2012-06-13,12.4375,12.484999656677246,12.22249984741211,12.279999732971191,11.255488395690918,-0.2988297087126831,-1.6222585002486078,-0.1856040954589843,-0.18560409545898438
2012-06-14,12.25,12.47249984741211,12.1850004196167,12.47249984741211,11.431923866271973,-0.301094052302418,1.5675505529249234,0.1764354705810547,0.1764354705810547
2012-06-15,12.414999961853027,12.53499984741211,12.292499542236328,12.484999656677246,11.443382263183594,1.0688338194871945,0.1002315712181012,0.011458396911621,0.011458396911621094
2012-06-18,12.407500267028809,12.59000015258789,12.392499923706056,12.452500343322754,11.413594245910645,-0.126739595892831,-0.2603078057506258,-0.0297880172729492,-0.02978801727294922
2012-06-19,12.467499732971191,12.744999885559082,12.46500015258789,12.717499732971191,11.656484603881836,-0.192405559995143,2.128079487828449,0.2428903579711914,0.2428903579711914
2012-06-20,12.734999656677246,12.744999885559082,12.5,12.602499961853027,11.551081657409668,-0.7335836779417834,-0.9042430033928684,-0.1054029464721679,-0.10540294647216797
2012-06-21,12.5649995803833,12.5649995803833,12.22249984741211,12.244999885559082,11.223406791687012,-0.2693932420461295,-2.8367461631825908,-0.3276748657226562,-0.32767486572265625
2012-06-22,12.345000267028809,12.697500228881836,12.300000190734863,12.5600004196167,11.512125968933104,1.7096430553821702,2.5724736045381613,0.288719177246092,0.288719177246092
2012-06-25,12.332500457763672,12.61750030517578,12.292499542236328,12.5649995803833,11.51670742034912,-0.3124157702510925,0.0397967450006975,0.0045814514160156,0.004581451416015625
2012-06-26,12.574999809265137,12.710000038146973,12.404999732971191,12.59749984741211,11.546497344970703,1.1118563476921577,0.2586670263841739,0.0297899246215838,0.029789924621583808
2012-06-27,12.647500038146973,12.960000038146973,12.637499809265137,12.9375,11.85813045501709,-0.1493830317901799,2.6989406461183085,0.3116331100463867,0.3116331100463867
2012-06-28,12.824999809265137,12.824999809265137,12.572500228881836,12.822500228881836,11.752725601196287,-0.6045160933268943,-0.8888825622272223,-0.1054048538208025,-0.10540485382080256
2012-06-29,13.0,13.210000038146973,12.975000381469728,13.207500457763672,12.105602264404297,-0.3056227394818878,3.002509164104805,0.3528766632080096,0.3528766632080096
2012-07-02,13.225000381469728,13.390000343322754,12.869999885559082,13.38249969482422,12.26600456237793,-0.0656023189699887,1.325025343392339,0.1604022979736328,0.1604022979736328
2012-07-03,13.3125,13.5024995803833,13.302499771118164,13.5024995803833,12.375993728637695,-0.58866568819875,0.8966992120410744,0.1099891662597656,0.10998916625976562
2012-07-05,13.40250015258789,13.6850004196167,13.359999656677246,13.482500076293944,12.357661247253418,-0.6362169035831827,-0.1481293687298546,-0.0183324813842773,-0.018332481384277344
2012-07-06,13.3125,13.417499542236328,13.25,13.28499984741211,12.17663860321045,-0.6407455907626526,-1.4648616790916005,-0.1810226440429687,-0.18102264404296875
2012-07-09,13.282500267028809,13.449999809265137,13.19499969482422,13.399999618530272,12.282045364379885,-0.0905100984570726,0.8656474467563235,0.1054067611694353,0.10540676116943537
2012-07-10,13.449999809265137,13.542499542236328,13.212499618530272,13.255000114440918,12.149142265319824,-0.6588603394805318,-1.0820925596440434,-0.1329030990600603,-0.13290309906006037
2012-07-11,13.2475004196167,13.524999618530272,13.210000038146973,13.322500228881836,12.211012840270996,-0.4188399189686327,0.5092587904562018,0.0618705749511718,0.061870574951171875
2012-07-12,13.25749969482422,13.547499656677246,13.045000076293944,13.487500190734863,12.362244606018066,-0.3418522369176462,1.2384866654821636,0.1512317657470703,0.1512317657470703
2012-07-13,13.5,13.682499885559082,13.392499923706056,13.5,12.373702049255373,-0.4392190112762467,0.0926809297377095,0.0114574432373064,0.011457443237306464
2012-07-16,13.422499656677246,13.422499656677246,13.212499618530272,13.244999885559082,12.139974594116213,-0.455069416404391,-1.888904825805349,-0.2337274551391601,-0.23372745513916016
2012-07-17,13.237500190734863,13.359999656677246,13.067500114440918,13.282500267028809,12.17434787750244,-0.5728152830706057,0.2831413123622672,0.0343732833862269,0.034373283386226916
2012-07-18,13.417499542236328,13.524999618530272,13.207500457763672,13.329999923706056,12.217885971069336,-0.4211042625583676,0.3576215663046111,0.0435380935668963,0.04353809356689631
2012-07-19,13.552499771118164,13.8149995803833,13.387499809265137,13.729999542236328,12.584511756896973,-0.0520162574315794,3.0007301320029267,0.3666257858276367,0.3666257858276367
2012-07-20,13.609999656677246,13.94499969482422,13.609999656677246,13.712499618530272,12.568472862243652,0.0498792041064909,-0.127449478876529,-0.0160388946533203,-0.016038894653320312
2012-07-23,13.25749969482422,13.449999809265137,13.217499732971191,13.217499732971191,12.114768981933594,0.1676250707727055,-3.6098568639393647,-0.4537038803100586,-0.4537038803100586
2012-07-24,13.25,13.25,12.960000038146973,13.0625,11.97270393371582,1.211487465640493,-1.1726599857548314,-0.1420650482177734,-0.14206504821777344
2012-07-25,13.164999961853027,13.220000267028809,13.032500267028809,13.077500343322754,11.986448287963867,-0.2286350574309013,0.1147974118807182,0.0137443542480468,0.013744354248046875
2012-07-26,13.21500015258789,13.537500381469728,13.042499542236328,13.1850004196167,12.08498191833496,-0.369024359994465,0.8220419260477119,0.0985336303710919,0.09853363037109197
2012-07-27,13.199999809265137,13.3125,13.00749969482422,13.289999961853027,12.18122100830078,-0.2512784933282503,0.796352784109744,0.0962390899658203,0.09623908996582031
2012-07-30,13.255000114440918,13.337499618530272,13.125,13.229999542236328,12.126226425170898,-0.674710744608676,-0.45147020230899,-0.054994583129881,-0.054994583129881036
2012-07-31,13.135000228881836,13.177499771118164,12.88249969482422,12.922499656677246,11.844380378723145,-0.169762124097794,-2.3242683796726338,-0.2818460464477539,-0.2818460464477539
2012-08-01,13.029999732971191,13.137499809265137,12.6225004196167,12.675000190734863,11.617530822753906,-0.147118688200445,-1.9152505130343835,-0.2268495559692382,-0.22684955596923828
2012-08-02,12.672499656677246,13.125,12.63249969482422,12.97249984741211,11.890209197998049,-0.1720264676875289,2.3471284854271968,0.2726783752441424,0.2726783752441424
2012-08-03,13.119999885559082,13.40999984741211,12.8725004196167,13.1850004196167,12.08498191833496,-0.5320570984553775,1.6380933009126908,0.1947727203369105,0.1947727203369105
2012-08-06,13.234999656677246,13.279999732971191,12.987500190734863,13.032500267028809,11.945205688476562,-0.4641267907633306,-1.156610997045282,-0.1397762298583966,-0.13977622985839666
2012-08-07,13.130000114440918,13.130000114440918,12.952500343322754,13.0,11.91541576385498,-0.2897723343537435,-0.2493881260690278,-0.029789924621582,-0.02978992462158203
2012-08-08,12.9399995803833,13.212499618530272,12.9399995803833,13.11750030517578,12.023113250732422,-0.369024359994465,0.9038500125537974,0.1076974868774414,0.1076974868774414
2012-08-09,12.962499618530272,13.037500381469728,12.7475004196167,12.917499542236328,11.839799880981444,-0.4233686061481025,-1.524674732144038,-0.1833133697509783,-0.18331336975097834
2012-08-10,12.927499771118164,12.927499771118164,12.779999732971191,12.869999885559082,11.796259880065918,-0.5750796266603405,-0.3677427097857011,-0.0435400009155255,-0.04354000091552557
2012-08-13,12.802499771118164,12.8149995803833,12.260000228881836,12.789999961853027,11.722938537597656,-0.4822415394812098,-0.6215643196549547,-0.0733213424682617,-0.07332134246826172
2012-08-14,12.8100004196167,12.832500457763672,12.574999809265137,12.6225004196167,11.569412231445312,-0.1969342471746128,-1.30962305790443,-0.1535263061523437,-0.15352630615234375
2012-08-15,12.547499656677246,12.6850004196167,12.515000343322754,12.592499732971191,11.541913986206056,-0.2037272779438175,-0.2376805726095332,-0.027498245239256,-0.027498245239256036
2012-08-16,12.579999923706056,13.012499809265137,12.44499969482422,13.005000114440918,11.919998168945312,-0.0995674728160122,3.2757494397472664,0.378084182739256,0.37808418273925604
2012-08-17,12.9399995803833,13.270000457763672,12.837499618530272,13.1850004196167,12.08498191833496,-0.5954587189679547,1.3840920699087933,0.1649837493896466,0.16498374938964666
2012-08-20,13.024999618530272,13.024999618530272,12.885000228881836,12.970000267028809,11.887920379638672,-0.5207353805067031,-1.630631638739244,-0.1970615386962873,-0.1970615386962873
2012-08-21,13.05500030517578,13.092499732971191,12.802499771118164,12.8125,11.743558883666992,-0.5162066933272332,-1.214354499033643,-0.1443614959716797,-0.1443614959716797
2012-08-22,12.767499923706056,12.862500190734863,12.649999618530272,12.734999656677246,11.672526359558104,-0.6430099343523875,-0.6048636943242203,-0.0710325241088885,-0.0710325241088885
2012-08-23,12.727499961853027,12.734999656677246,12.5625,12.6850004196167,11.62669563293457,-0.5614935651219312,-0.3926375937117088,-0.0458307266235333,-0.04583072662353338
2012-08-24,12.5024995803833,12.84000015258789,12.5024995803833,12.7475004196167,11.68398094177246,-0.5479075035835218,0.4927049838272079,0.0572853088378888,0.05728530883788885
2012-08-27,12.77750015258789,13.050000190734863,12.69499969482422,13.032500267028809,11.945205688476562,-0.5614935651219312,2.2357512221726994,0.2612247467041033,0.26122474670410334
2012-08-28,12.994999885559082,13.05500030517578,12.967499732971191,13.012499809265137,11.926873207092283,-0.235428088200106,-0.1534714584443208,-0.0183324813842791,-0.01833248138427912
2012-08-29,12.904999732971191,13.022500038146973,12.885000228881836,13.015000343322754,11.929165840148926,-0.3101514266613576,0.0192224149350384,0.0022926330566424,0.0022926330566424014
2012-08-30,12.982500076293944,13.015000343322754,12.859999656677246,12.97249984741211,11.890209197998049,-0.7154689292239041,-0.3265663557108444,-0.0389566421508771,-0.03895664215087713
2012-08-31,13.074999809265137,13.074999809265137,12.869999885559082,13.015000343322754,11.929165840148926,-0.3577026420457905,0.3276363056541997,0.0389566421508771,0.03895664215087713
2012-09-04,13.092499732971191,13.164999961853027,12.8725004196167,13.135000228881836,12.039152145385742,-0.4233686061481025,0.9219949383773683,0.1099863052368164,0.1099863052368164
2012-09-05,13.085000038146973,13.27750015258789,13.085000038146973,13.25749969482422,12.151432037353516,0.0136497066707325,0.9326229173937994,0.1122798919677734,0.11227989196777344
2012-09-06,13.322500228881836,13.505000114440918,13.265000343322754,13.470000267028809,12.346203804016112,-0.0474875702521096,1.602870888499952,0.1947717666625958,0.19477176666259588
2012-09-07,13.477499961853027,13.5625,13.327500343322754,13.5,12.373702049255373,-0.3531739548663207,0.2227263187597472,0.0274982452392613,0.027498245239261365
2012-09-10,13.52750015258789,13.702500343322754,13.512499809265137,13.640000343322754,12.502022743225098,-0.5977230625576896,1.0370436709961517,0.1283206939697248,0.1283206939697248
2012-09-11,13.612500190734863,13.75,13.547499656677246,13.717499732971191,12.573057174682615,-0.5705509394808708,0.568183508512754,0.0710344314575177,0.07103443145751775
2012-09-12,13.755000114440918,13.755000114440918,13.412500381469728,13.46500015258789,12.34162425994873,-0.5614935651219312,-1.8407051802794892,-0.2314329147338849,-0.23143291473388494
2012-09-13,13.457500457763672,13.654999732971191,13.142499923706056,13.515000343322754,12.38744831085205,0.4891618605150609,0.3712967591472438,0.0458240509033203,0.04582405090332031
2012-09-14,13.592499732971191,13.842499732971191,13.4375,13.807499885559082,12.65554904937744,-0.3577026420457905,2.1642934993360896,0.2681007385253888,0.26810073852538885
2012-09-17,13.720000267028809,13.942500114440918,13.677499771118164,13.90250015258789,12.742621421813965,-0.6815037753778808,0.6880173439872017,0.0870723724365252,0.08707237243652521
2012-09-18,13.852499961853027,14.167499542236328,13.720000267028809,14.157500267028809,12.976347923278809,0.355565588720702,1.834210510756673,0.2337265014648437,0.23372650146484375
2012-09-19,14.147500038146973,14.147500038146973,13.864999771118164,14.100000381469728,12.923646926879885,-0.258071524097455,-0.4061311912297083,-0.052700996398924,-0.052700996398924005
2012-09-20,13.982500076293944,14.092499732971191,13.80500030517578,13.9350004196167,12.772411346435549,-0.6022517497371593,-1.1702237092981904,-0.1512355804443359,-0.15123558044433594
2012-09-21,14.13249969482422,14.170000076293944,13.8725004196167,13.907500267028809,12.747204780578612,0.4008524605153999,-0.1973516603344549,-0.0252065658569371,-0.025206565856937146
2012-09-24,13.885000228881836,14.164999961853027,13.782500267028809,14.087499618530272,12.912187576293944,-0.5229997240964379,1.2942664572761498,0.164982795715332,0.16498279571533203
2012-09-25,14.135000228881836,14.207500457763672,13.94499969482422,13.967499732971191,12.802199363708496,-0.104096159995482,-0.8518170289547156,-0.1099882125854474,-0.10998821258544744
2012-09-26,14.024999618530272,14.119999885559082,13.917499542236328,14.045000076293944,12.873234748840332,-0.5139423497374983,0.5548686058834962,0.0710353851318359,0.07103538513183594
2012-09-27,14.130000114440918,14.289999961853027,13.880000114440918,14.234999656677246,13.047382354736328,-0.1199465651236263,1.352788240824121,0.1741476058959961,0.1741476058959961
2012-09-28,14.145000457763672,14.287500381469728,14.00749969482422,14.272500038146973,13.081753730773926,-0.5456431599937869,0.2634350331974566,0.0343713760375976,0.034371376037597656
2012-10-01,14.3125,14.5,14.202500343322754,14.274999618530272,13.084044456481934,-0.389403452302079,0.0175108456798023,0.0022907257080078,0.0022907257080078125
2012-10-02,14.342499732971191,14.55500030517578,13.682499885559082,14.024999618530272,12.854901313781738,0.5344487323097589,-1.7513173656840908,-0.2291431427001953,-0.2291431427001953
2012-10-03,14.015000343322754,14.1899995803833,13.885000228881836,13.899999618530272,12.740328788757324,-0.6882968061470854,-0.8912750259823521,-0.114572525024414,-0.11457252502441406
2012-10-04,13.90999984741211,14.104999542236328,13.760000228881836,14.050000190734863,12.877817153930664,-0.4980919446093541,1.0791586893319938,0.1374883651733398,0.13748836517333984
2012-10-05,14.0600004196167,14.364999771118164,14.052499771118164,14.1225004196167,12.944269180297852,-0.6588603394805318,0.5160193344328157,0.0664520263671875,0.0664520263671875
2012-10-08,14.03499984741211,14.267499923706056,14.03499984741211,14.149999618530272,12.969473838806152,-0.7494340830699276,0.1947167364741098,0.0252046585083007,0.02520465850830078
2012-10-09,14.182499885559082,14.182499885559082,13.71500015258789,13.727499961853027,12.582222938537598,-0.4505407292249212,-2.9858643849518085,-0.3872509002685547,-0.3872509002685547
2012-10-10,13.787500381469728,13.8774995803833,13.640000343322754,13.807499885559082,12.65554904937744,-0.586401344609015,0.5827754856834844,0.0733261108398419,0.07332611083984197
2012-10-11,13.875,13.982500076293944,13.7475004196167,13.952500343322754,12.7884521484375,-0.7245263035828438,1.0501567220949417,0.1329030990600603,0.13290309906006037
2012-10-12,13.920000076293944,13.994999885559082,13.822500228881836,13.917499542236328,12.75637149810791,-0.6656533702497365,-0.2508563972967503,-0.0320806503295898,-0.032080650329589844
2012-10-15,13.917499542236328,14.112500190734863,13.892499923706056,14.067500114440918,12.8938570022583,-0.6860324625573505,1.077779086088726,0.1374855041503906,0.13748550415039062
2012-10-16,14.112500190734863,14.274999618530272,13.895000457763672,14.024999618530272,12.854901313781738,-0.4686554779428004,-0.3021259540084808,-0.0389556884765625,-0.0389556884765625
2012-10-17,14.077500343322754,14.412500381469728,14.042499542236328,14.399999618530272,13.198616027832031,-0.3871391087123441,2.673802821666138,0.3437147140502929,0.34371471405029297
2012-10-18,14.5625,14.729999542236328,14.15250015258789,14.262499809265137,13.072586059570312,-0.0271084779444955,-0.9548726017633792,-0.1260299682617187,-0.12602996826171875
2012-10-19,14.149999618530272,14.392499923706056,13.954999923706056,14.112500190734863,12.935101509094238,-0.1176822215338914,-1.051701246024106,-0.1374845504760742,-0.13748455047607422
2012-10-22,13.875,13.994999885559082,13.664999961853027,13.737500190734863,12.591386795043944,0.310278716926004,-2.657224713765416,-0.3437147140502947,-0.34371471405029475
2012-10-23,13.670000076293944,13.869999885559082,13.332500457763672,13.637499809265137,12.499731063842772,0.0068566759015279,-0.7279240380197671,-0.0916557312011718,-0.09165573120117188
2012-10-24,13.677499771118164,13.677499771118164,13.414999961853027,13.537500381469728,12.408072471618652,-0.6950898369162901,-0.7332845143305122,-0.0916585922241193,-0.09165859222411932
2012-10-25,13.6850004196167,13.6850004196167,13.447500228881836,13.59000015258789,12.456196784973145,-0.7516984266596625,0.3878468107320287,0.0481243133544921,0.04812431335449219
2012-10-26,13.550000190734863,13.550000190734863,13.125,13.387499809265137,12.270589828491213,-0.3101514266613576,-1.490077265846057,-0.1856069564819318,-0.18560695648193182
2012-10-31,13.357500076293944,13.80500030517578,13.15250015258789,13.744999885559082,12.598260879516602,-0.2422211189693107,2.6703773462019464,0.3276710510253888,0.32767105102538885
2012-11-01,13.712499618530272,13.7475004196167,13.359999656677246,13.609999656677246,12.474526405334473,0.6001146964120708,-0.9821551987648336,-0.1237344741821289,-0.1237344741821289
2012-11-02,13.614999771118164,13.692500114440918,13.390000343322754,13.505000114440918,12.378283500671388,-0.2852436471742738,-0.7715154991529638,-0.0962429046630841,-0.09624290466308416
2012-11-05,13.489999771118164,13.5024995803833,13.3149995803833,13.414999961853027,12.295795440673828,-0.1425900010209752,-0.6663933653893617,-0.0824880599975603,-0.08248805999756037
2012-11-06,13.414999961853027,13.657500267028809,13.317500114440918,13.520000457763672,12.392033576965332,-0.5365857856348473,0.7826914229001725,0.0962381362915039,0.0962381362915039
2012-11-07,13.345000267028809,13.350000381469728,13.0024995803833,13.130000114440918,12.03456974029541,-0.2852436471742738,-2.8846261144287566,-0.3574638366699219,-0.3574638366699219
2012-11-08,13.149999618530272,13.1850004196167,12.982500076293944,13.145000457763672,12.048320770263672,-0.2875079907640087,0.1142627469449042,0.0137510299682617,0.013751029968261719
2012-11-09,12.979999542236328,13.112500190734863,12.789999961853027,12.84000015258789,11.76876735687256,-0.58866568819875,-2.3202686807698103,-0.2795534133911115,-0.2795534133911115
2012-11-12,12.917499542236328,13.017499923706056,12.712499618530272,12.920000076293944,11.842090606689451,-0.8151000471722396,0.62303253682785,0.0733232498168909,0.07332324981689098
2012-11-13,12.81999969482422,12.920000076293944,12.420000076293944,12.4399995803833,11.402137756347656,-0.3192088010202972,-3.715162000983774,-0.4399528503417951,-0.4399528503417951
2012-11-14,12.5024995803833,12.5024995803833,12.107500076293944,12.300000190734863,11.273821830749512,-0.1516473753799148,-1.1253672630530231,-0.1283159255981445,-0.12831592559814453
2012-11-15,12.345000267028809,12.387499809265137,12.112500190734863,12.289999961853027,11.26465129852295,-0.1878768728156732,-0.0813435972666365,-0.0091705322265625,-0.0091705322265625
2012-11-16,12.202500343322754,12.802499771118164,11.875,12.602499961853027,11.551081657409668,0.5865286348736615,2.5427361335568,0.2864303588867187,0.28643035888671875
2012-11-19,12.677499771118164,13.077500343322754,12.667499542236328,12.837499618530272,11.766473770141602,-0.2920366779434785,1.86469214849474,0.2153921127319336,0.2153921127319336
2012-11-20,12.8149995803833,12.96500015258789,12.630000114440918,12.914999961853027,11.837510108947754,-0.2875079907640087,0.6037181588456342,0.0710363388061523,0.07103633880615234
2012-11-21,12.914999961853027,12.967499732971191,12.672499656677246,12.725000381469728,11.663357734680176,-0.719997616403374,-1.4711909233001583,-0.1741523742675781,-0.17415237426757812
2012-11-23,12.787500381469728,12.857500076293944,12.65250015258789,12.857500076293944,11.784805297851562,-0.7924566112748906,1.0412744420096989,0.1214475631713867,0.12144756317138672
2012-11-26,12.8125,13.130000114440918,12.8125,13.119999885559082,12.025404930114746,-0.4845058830709447,2.0416088868862925,0.2405996322631836,0.2405996322631836
2012-11-27,13.039999961853027,13.19499969482422,13.020000457763672,13.11750030517578,12.023113250732422,-0.412046888199428,-0.0190569830757603,-0.0022916793823242,-0.0022916793823242188
2012-11-28,13.125,13.220000267028809,12.862500190734863,13.182499885559082,12.082693099975586,-0.2105203087130222,0.495544273772297,0.059579849243164,0.05957984924316406
2012-11-29,13.292499542236328,13.40250015258789,13.172499656677246,13.322500228881836,12.211012840270996,-0.3192088010202972,1.0620127419744607,0.1283197402954101,0.12831974029541016
2012-11-30,13.3774995803833,13.47249984741211,13.25,13.359999656677246,12.24538230895996,0.4370819579511583,0.2814628822239484,0.034369468688963,0.03436946868896307
2012-12-03,13.40999984741211,13.6225004196167,13.039999961853027,13.227499961853027,12.123939514160156,-0.4845058830709447,-0.9917435955506536,-0.1214427947998029,-0.12144279479980291
2012-12-04,13.265000343322754,13.404999732971191,13.107500076293944,13.387499809265137,12.270589828491213,-0.3735530471739348,1.2095929228265856,0.1466503143310564,0.14665031433105646
2012-12-05,13.397500038146973,13.404999732971191,13.079999923706056,13.112500190734863,12.018529891967772,-0.0905100984570726,-2.0541794652623846,-0.252059936523441,-0.25205993652344105
2012-12-06,13.06999969482422,13.125,12.949999809265137,13.09000015258789,11.99790859222412,-0.126739595892831,-0.1715792191641862,-0.0206212997436523,-0.020621299743652344
2012-12-07,13.1225004196167,13.13249969482422,12.984999656677246,13.057499885559082,11.968121528625488,-0.3305305189689717,-0.2482687992633625,-0.029787063598631,-0.029787063598631036
2012-12-10,13.039999961853027,13.25,13.039999961853027,13.25,12.144559860229492,-0.3418522369176462,1.474235795333434,0.1764383316040039,0.1764383316040039
2012-12-11,13.25,13.34749984741211,13.102499961853027,13.255000114440918,12.149142265319824,0.1404529476958868,0.0377321627384574,0.004582405090332,0.004582405090332031
2012-12-12,13.2475004196167,13.30500030517578,13.047499656677246,13.119999885559082,12.025404930114746,-0.1991985907643477,-1.0184861820104807,-0.1237373352050781,-0.12373733520507812
2012-12-13,13.162500381469728,13.3100004196167,12.702500343322754,13.24250030517578,12.137687683105469,0.1427172912856217,0.9337128657475492,0.1122827529907226,0.11228275299072266
2012-12-14,13.167499542236328,13.300000190734863,13.109999656677246,13.199999809265137,12.098731994628906,-0.2173133394822269,-0.3209481862907481,-0.0389556884765625,-0.0389556884765625
2012-12-17,13.202500343322754,13.31999969482422,13.202500343322754,13.307499885559082,12.197261810302734,-0.3871391087123441,0.814381339445891,0.0985298156738281,0.09852981567382812
2012-12-18,13.287500381469728,13.5,13.287500381469728,13.454999923706056,12.332457542419434,-0.3531739548663207,1.108410512288116,0.1351957321166992,0.13519573211669922
2012-12-19,13.420000076293944,13.5,13.337499618530272,13.3725004196167,12.256840705871582,-0.4278972933275722,-0.6131530255649054,-0.0756168365478515,-0.07561683654785156
2012-12-20,13.357500076293944,13.454999923706056,13.25,13.4350004196167,12.314125061035156,-0.3124157702510925,0.4673664000229172,0.0572843551635742,0.05728435516357422
2012-12-21,13.494999885559082,13.494999885559082,13.2475004196167,13.3725004196167,12.256840705871582,4.050974327168054,-0.465192247761359,-0.0572843551635742,-0.05728435516357422
2012-12-24,13.345000267028809,13.399999618530272,13.1875,13.34000015258789,12.227051734924316,-0.6226308420447734,-0.2430395536836438,-0.0297889709472656,-0.029788970947265625
2012-12-26,13.327500343322754,13.397500038146973,13.145000457763672,13.164999961853027,12.066652297973633,-0.6679177138394713,-1.3118406663196858,-0.1603994369506836,-0.1603994369506836
2012-12-27,13.137499809265137,13.362500190734863,13.057499885559082,13.335000038146973,12.222468376159668,-0.4392190112762467,1.2912950032727857,0.1558160781860351,0.15581607818603516
2012-12-28,13.274999618530272,13.550000190734863,13.22249984741211,13.425000190734863,12.304957389831545,-0.1108891907646867,0.6748965195342516,0.0824890136718767,0.08248901367187678
2012-12-31,13.332500457763672,13.96500015258789,13.31999969482422,13.957500457763672,12.793036460876465,0.3827377117975207,3.966523861742544,0.4880790710449201,0.4880790710449201
2013-01-02,14.079999923706056,14.307499885559082,14.050000190734863,14.227499961853027,13.04050636291504,0.3034856861567994,1.934410980500112,0.247469902038576,0.247469902038576
2013-01-03,14.212499618530272,14.265000343322754,13.952500343322754,14.039999961853027,12.86865234375,-0.4573337599941259,-1.3178477459568905,-0.1718540191650408,-0.17185401916504084
2013-01-04,14.087499618530272,14.302499771118164,14.087499618530272,14.1899995803833,13.00613498687744,-0.0995674728160122,1.06835307579205,0.1374826431274396,0.13748264312743963
2013-01-07,14.167499542236328,14.2475004196167,13.9975004196167,14.045000076293944,12.873234748840332,-0.7766062061467464,-1.0218273005100809,-0.1329002380371076,-0.1329002380371076
2013-01-08,14.25,14.25,13.854999542236328,14.020000457763672,12.850319862365724,-0.6996185240957599,-0.178004106362406,-0.0229148864746076,-0.0229148864746076
2013-01-09,13.949999809265137,13.96500015258789,13.762499809265137,13.795000076293944,12.644091606140137,-0.3712887035841998,-1.604849205579395,-0.2062282562255877,-0.2062282562255877
2013-01-10,13.845000267028809,13.897500038146973,13.59000015258789,13.69499969482422,12.552433967590332,-0.2241063702514315,-0.7249048915882184,-0.0916576385498046,-0.09165763854980469
2013-01-11,13.712499618530272,13.797499656677246,13.630000114440918,13.770000457763672,12.621177673339844,-0.5297927548656426,0.5476523989451199,0.0687437057495117,0.06874370574951172
2013-01-14,13.707500457763672,13.737500190734863,13.59749984741211,13.692500114440918,12.550141334533691,-0.8807660112745517,-0.5628344726990475,-0.0710363388061523,-0.07103633880615234
2013-01-15,13.585000038146973,13.732500076293944,13.585000038146973,13.720000267028809,12.575349807739258,-0.8037783292235652,0.2008620662796945,0.0252084732055664,0.025208473205566406
2013-01-16,13.72249984741211,13.734999656677246,13.63249969482422,13.649999618530272,12.511187553405762,-0.6430099343523875,-0.5102224217572782,-0.0641622543334961,-0.0641622543334961
2013-01-17,13.664999961853027,13.704999923706056,13.520000457763672,13.69499969482422,12.552433967590332,-0.6430099343523875,0.3296762518226526,0.0412464141845703,0.04124641418457031
2013-01-18,13.649999618530272,13.6899995803833,13.572500228881836,13.609999656677246,12.474526405334473,-0.4188399189686327,-0.6206570172526904,-0.0779075622558593,-0.07790756225585938
2013-01-22,13.612500190734863,13.947500228881836,13.604999542236328,13.920000076293944,12.758662223815918,-0.126739595892831,2.27772830205355,0.2841358184814453,0.2841358184814453
2013-01-23,13.869999885559082,14.0,13.732500076293944,13.765000343322754,12.616594314575195,-0.4256329497378374,-1.1135016097183923,-0.1420679092407226,-0.14206790924072266
2013-01-24,13.739999771118164,13.8725004196167,13.579999923706056,13.842499732971191,12.687629699707031,-0.389403452302079,0.5630313804239062,0.0710353851318359,0.07103538513183594
2013-01-25,13.8725004196167,13.8725004196167,13.537500381469728,13.65250015258789,12.513480186462402,-0.0995674728160122,-1.372592969423203,-0.1741495132446289,-0.1741495132446289
2013-01-28,13.619999885559082,13.827500343322754,13.5024995803833,13.744999885559082,12.598260879516602,-0.2988297087126831,0.6775149022565152,0.0847806930541992,0.08478069305419922
2013-01-29,13.642499923706056,13.90250015258789,13.630000114440918,13.80500030517578,12.653253555297852,-0.3373235497381764,0.4365100572783165,0.05499267578125,0.05499267578125
2013-01-30,13.7475004196167,13.960000038146973,13.5600004196167,13.710000038146973,12.566181182861328,-0.3395878933279113,-0.6881421608758265,-0.0870723724365234,-0.08707237243652344
2013-02-01,12.2475004196167,12.332500457763672,11.954999923706056,12.03499984741211,11.030927658081056,2.764827168198632,-12.217343538498094,-1.5352535247802717,-1.5352535247802717
2013-02-04,11.977499961853027,12.072500228881836,11.792499542236328,11.947500228881836,10.950725555419922,0.6227581323094198,-0.7270658021438448,-0.0802021026611345,-0.08020210266113459
2013-02-05,12.085000038146973,12.1225004196167,12.0,12.045000076293944,11.04009246826172,0.5774712605147219,0.8160821161075305,0.0893669128417986,0.08936691284179865
2013-02-06,11.97249984741211,12.392499923706056,11.93000030517578,12.3125,11.285274505615234,0.4121741784640744,2.220833186482518,0.2451820373535138,0.24518203735351385
2013-02-07,12.295000076293944,12.302499771118164,12.140000343322754,12.199999809265137,11.18216037750244,0.8242847117958256,-0.9137050947364056,-0.1031141281127947,-0.10311412811279475
2013-02-08,12.24250030517578,12.375,12.162500381469728,12.342499732971191,11.31277084350586,0.0159140502604674,1.1680253331565194,0.1306104660034197,0.13061046600341975
2013-02-11,12.3725004196167,12.515000343322754,12.25749969482422,12.420000076293944,11.383807182312012,0.4438749887203629,0.6279305025163717,0.0710363388061523,0.07103633880615234
2013-02-12,12.390000343322754,12.55500030517578,12.357500076293944,12.4375,11.399843215942385,0.312543060515739,0.1408670524153832,0.0160360336303728,0.01603603363037287
2013-02-13,12.475000381469728,12.550000190734863,12.412500381469728,12.49250030517578,11.450258255004885,-0.2399567753795758,0.4422432669249021,0.0504150390625,0.0504150390625
2013-02-14,12.505000114440918,12.542499542236328,12.46500015258789,12.489999771118164,11.447967529296877,0.2038545682084639,-0.0200058868279784,-0.0022907257080078,-0.0022907257080078125
2013-02-15,12.604999542236328,12.604999542236328,12.289999961853027,12.50749969482422,11.464007377624512,2.9074808143519304,0.1401108824477859,0.0160398483276349,0.016039848327634942
2013-02-19,12.567500114440918,13.0024995803833,12.567500114440918,12.942500114440918,11.862713813781738,0.0566722348756956,3.477897588721235,0.3987064361572265,0.39870643615722656
2013-02-20,12.907500267028809,13.0024995803833,12.767499923706056,12.792499542236328,11.725229263305664,6.364513232321146e-05,-1.1589637298368372,-0.1374845504760742,-0.13748455047607422
2013-02-21,12.81999969482422,13.042499542236328,12.770000457763672,12.970000267028809,11.887920379638672,0.969202701538859,1.3875303644778514,0.1626911163330078,0.1626911163330078
2013-02-22,12.970000267028809,12.99250030517578,12.795000076293944,12.857500076293944,11.784805297851562,-0.081452724098133,-0.8673937786774055,-0.1031150817871093,-0.10311508178710938
2013-02-25,12.875,12.917499542236328,12.56999969482422,12.574999809265137,11.52587604522705,0.224233660516078,-2.197144934347928,-0.2589292526245117,-0.2589292526245117
2013-02-26,12.647500038146973,12.727499961853027,12.602499961853027,12.65999984741211,11.60378646850586,-0.3599669856355253,0.6759609679393597,0.0779104232788086,0.0779104232788086
2013-02-27,12.63249969482422,12.7475004196167,12.63249969482422,12.647500038146973,11.592327117919922,-0.015786759995821,-0.0987552693858972,-0.0114593505859375,-0.0114593505859375
2013-02-28,12.65999984741211,12.677499771118164,12.55500030517578,12.567500114440918,11.518998146057127,0.224233660516078,-0.6325647224830311,-0.0733289718627947,-0.07332897186279475
2013-03-01,12.532500267028809,12.75,12.517499923706056,12.6875,11.62899112701416,-0.2308994010206362,0.9548832247592952,0.109992980957033,0.10999298095703303
2013-03-04,12.625,12.8149995803833,12.625,12.8125,11.743558883666992,-0.0588092882007841,0.9851908510506212,0.114567756652832,0.11456775665283203
2013-03-05,12.842499732971191,12.922499656677246,12.779999732971191,12.84749984741211,11.775639533996582,0.3963237733359301,0.2731765612740133,0.0320806503295898,0.032080650329589844
2013-03-06,12.8774995803833,13.00749969482422,12.6225004196167,12.9399995803833,11.895143508911133,-0.4731841651222702,1.0148406340865002,0.1195039749145507,0.11950397491455078
2013-03-07,12.977499961853027,13.039999961853027,12.96500015258789,12.987500190734863,11.938809394836426,-0.0723953497391934,0.3670900304193925,0.0436658859252929,0.04366588592529297
2013-03-08,13.104999542236328,13.104999542236328,12.9399995803833,12.9975004196167,11.94800090789795,-0.1222109087133612,0.0769885233740108,0.0091915130615234,0.009191513061523438
2013-03-11,12.942500114440918,13.09000015258789,12.942500114440918,13.00749969482422,11.957193374633787,-0.3961964830712837,0.0769372785179633,0.009192466735838,0.009192466735838067
2013-03-12,12.975000381469728,13.102499961853027,12.975000381469728,13.00749969482422,11.957193374633787,-0.0633379753802539,0.0,0.0,0.0
2013-03-13,13.052499771118164,13.1875,12.97249984741211,13.095000267028809,12.037625312805176,-0.4437476984557165,0.6726656971360656,0.0804319381713885,0.0804319381713885
2013-03-14,13.095000267028809,13.2475004196167,13.039999961853027,13.234999656677246,12.16632080078125,-0.432425980507042,1.069110265786155,0.1286954879760742,0.12869548797607422
2013-03-15,13.265000343322754,13.522500038146973,13.25,13.4350004196167,12.350174903869627,0.6929527835912016,1.5111725730310388,0.1838541030883771,0.18385410308837713
2013-03-18,13.292499542236328,13.47249984741211,13.13249969482422,13.274999618530272,12.203091621398926,-0.3712887035841998,-1.190940886388714,-0.1470832824707013,-0.14708328247070135
2013-03-19,13.262499809265137,13.414999961853027,13.125,13.149999618530272,12.088186264038086,-0.1833481856362034,-0.9416085769555772,-0.1149053573608398,-0.11490535736083984
2013-03-20,13.229999542236328,13.3725004196167,13.202500343322754,13.369999885559082,12.29042148590088,-0.1018318164057471,1.6729988887120184,0.2022352218627947,0.20223522186279475
2013-03-21,13.25,13.6850004196167,13.25,13.484999656677246,12.396136283874512,-0.2173133394822269,0.8601397282827383,0.105714797973631,0.10571479797363104
2013-03-22,13.352499961853027,13.550000190734863,13.3149995803833,13.350000381469728,12.2720365524292,6.364513232321146e-05,-1.0011162236635562,-0.1240997314453125,-0.1240997314453125
2013-03-25,13.279999732971191,13.572500228881836,13.262499809265137,13.467499732971191,12.38005256652832,-0.2965653651229483,0.8801800225875178,0.1080160140991211,0.1080160140991211
2013-03-26,13.557499885559082,13.587499618530272,13.380000114440918,13.505000114440918,12.414523124694824,-0.5116780061477635,0.2784362827319642,0.0344705581665039,0.034470558166503906
2013-03-27,13.395000457763672,13.567500114440918,13.332500457763672,13.5625,12.467378616333008,-0.6226308420447734,0.425755311801268,0.0528554916381835,0.052855491638183594
2013-03-28,13.602499961853027,13.602499961853027,13.467499732971191,13.484999656677246,12.396136283874512,0.090637388721719,-0.5714299264575451,-0.0712423324584961,-0.0712423324584961
2013-04-01,13.505000114440918,13.579999923706056,13.140000343322754,13.210000038146973,12.143341064453123,-0.0429588830726398,-2.039306551915188,-0.2527952194213885,-0.2527952194213885
2013-04-02,13.25,13.412500381469728,13.109999656677246,13.207500457763672,12.141042709350586,-0.1131535343544216,-0.0189268759753891,-0.0022983551025372,-0.002298355102537286
2013-04-03,13.244999885559082,13.25,13.072500228881836,13.09749984741211,12.039925575256348,0.0227070810296721,-0.8328537878905751,-0.1011171340942382,-0.10111713409423828
2013-04-04,13.0024995803833,13.204999923706056,13.0024995803833,13.145000457763672,12.083590507507324,-0.500356288199089,0.3626677920726795,0.0436649322509765,0.04366493225097656
2013-04-05,12.942500114440918,13.22249984741211,12.7524995803833,13.09749984741211,12.039925575256348,-0.4663911343530655,-0.3613572656558372,-0.0436649322509765,-0.04366493225097656
2013-04-08,13.15250015258789,13.28499984741211,12.987500190734863,13.204999923706056,12.138744354248049,-0.6067804369166291,0.820759051823261,0.098818778991701,0.098818778991701
2013-04-09,13.1850004196167,13.1850004196167,12.957500457763672,13.0,11.950295448303224,-0.3644956728149952,-1.5524579844938824,-0.1884489059448242,-0.18844890594482422
2013-04-10,13.072500228881836,13.292499542236328,13.022500038146973,13.25749969482422,12.187002182006836,-0.3169444574305623,1.9807605153161267,0.2367067337036115,0.2367067337036115
2013-04-11,13.204999923706056,13.300000190734863,13.039999961853027,13.05500030517578,12.00085735321045,-0.1584404061491195,-1.5274045742866504,-0.1861448287963867,-0.18614482879638672
2013-04-12,12.922499656677246,13.289999961853027,12.697500228881836,13.265000343322754,12.19390106201172,-0.3712887035841998,1.6085826463859254,0.1930437088012713,0.1930437088012713
2013-04-15,13.082500457763672,13.114999771118164,12.607500076293944,12.734999656677246,11.706697463989258,0.3963237733359301,-3.995469501882976,-0.4872035980224627,-0.4872035980224627
2013-04-16,12.86750030517578,12.949999809265137,12.71500015258789,12.892499923706056,11.851478576660156,-0.0859814112776028,1.2367374583332147,0.1447811126708984,0.14478111267089844
2013-04-17,12.8125,12.90250015258789,12.604999542236328,12.657500267028809,11.635452270507812,-0.2037272779438175,-1.822779366768445,-0.2160263061523437,-0.21602630615234375
2013-04-18,12.729999542236328,13.297499656677246,12.729999542236328,12.987500190734863,11.938809394836426,1.736815178458989,2.6071794828081307,0.3033571243286133,0.3033571243286133
2013-04-19,12.96500015258789,13.19499969482422,12.96500015258789,13.022500038146973,11.97097873687744,0.6476659117965037,0.2694518437904358,0.0321693420410138,0.03216934204101385
2013-04-22,12.835000038146973,13.234999656677246,12.835000038146973,13.09000015258789,12.033032417297363,1.2296022143583722,0.5183676438148099,0.0620536804199236,0.06205368041992365
2013-04-23,13.135000228881836,13.182499885559082,13.107500076293944,13.167499542236328,12.10427188873291,0.9759957323080636,0.5920325730456755,0.0712394714355468,0.07123947143554688
2013-04-24,13.162500381469728,13.182499885559082,13.037500381469728,13.145000457763672,12.083590507507324,0.4710471117971817,-0.1708601840383017,-0.0206813812255859,-0.020681381225585938
2013-04-25,13.197500228881836,13.24250030517578,13.114999771118164,13.140000343322754,12.078993797302246,0.3012213425670644,-0.0380409299886697,-0.0045967102050781,-0.004596710205078125
2013-04-26,13.135000228881836,13.170000076293944,13.09000015258789,13.1274995803833,12.067503929138184,0.529920045130289,-0.0951227259229914,-0.0114898681640625,-0.0114898681640625
2013-04-29,13.207500457763672,13.265000343322754,13.204999923706056,13.2475004196167,12.177815437316896,-0.1222109087133612,0.914120341923863,0.1103115081787127,0.11031150817871271
2013-04-30,13.272500038146973,13.27750015258789,13.140000343322754,13.175000190734863,12.11116886138916,0.9624096707696544,-0.5472785843305572,-0.0666465759277361,-0.06664657592773615
2013-05-01,13.104999542236328,13.272500038146973,12.962499618530272,13.012499809265137,11.961788177490234,1.129971096410037,-1.2334126095389195,-0.1493806838989257,-0.14938068389892578
2013-05-02,13.082500457763672,13.232500076293944,13.067500114440918,13.15250015258789,12.09048557281494,-0.1154178779441565,1.075904316437315,0.1286973953247052,0.12869739532470525
2013-05-03,13.272500038146973,13.550000190734863,13.239999771118164,13.44499969482422,12.359365463256836,-0.0791883805083981,2.223896540983139,0.2688798904418963,0.2688798904418963
2013-05-06,13.425000190734863,13.47249984741211,13.267499923706056,13.287500381469728,12.21458339691162,-0.6203664984550386,-1.1714360804010449,-0.1447820663452166,-0.14478206634521662
2013-05-07,13.207500457763672,13.350000381469728,13.09000015258789,13.332500457763672,12.255950927734377,-0.5048849753785588,0.3386732848638774,0.0413675308227574,0.04136753082275746
2013-05-08,13.322500228881836,13.43000030517578,13.162500381469728,13.295000076293944,12.221479415893556,-0.0701310061494586,-0.2812634616773279,-0.0344715118408203,-0.03447151184082031
2013-05-09,13.255000114440918,13.4350004196167,13.210000038146973,13.342499732971191,12.265142440795898,-0.4301616369173072,0.3572646438004812,0.0436630249023419,0.043663024902341974
2013-05-10,13.357500076293944,13.427499771118164,13.295000076293944,13.412500381469728,12.329490661621094,-0.6633890266600015,0.52464307802218,0.0643482208251953,0.06434822082519531
2013-05-13,13.31999969482422,13.414999961853027,13.262499809265137,13.397500038146973,12.315702438354492,-0.5954587189679547,-0.1118312478999739,-0.0137882232666015,-0.013788223266601562
2013-05-14,13.387499809265137,13.612500190734863,13.387499809265137,13.592499732971191,12.494953155517578,-0.3260018317895019,1.455464826795838,0.1792507171630859,0.17925071716308594
2013-05-15,13.517499923706056,13.654999732971191,13.470000267028809,13.635000228881836,12.53402042388916,-0.5773439702500754,0.3126643844545418,0.039067268371582,0.03906726837158203
2013-05-16,13.557499885559082,13.734999656677246,13.524999618530272,13.63249969482422,12.531723976135254,-0.5297927548656426,-0.0183217170248828,-0.0022964477539062,-0.00229644775390625
2013-05-17,13.664999961853027,13.829999923706056,13.5649995803833,13.78499984741211,12.671911239624023,-0.1720264676875289,1.1186590428877483,0.1401872634887695,0.14018726348876953
2013-05-20,13.69499969482422,13.789999961853027,13.670000076293944,13.744999885559082,12.635141372680664,-0.4663911343530655,-0.2901682804436256,-0.0367698669433593,-0.036769866943359375
2013-05-21,13.704999923706056,13.81999969482422,13.699999809265137,13.8125,12.697192192077637,-0.4980919446093541,0.491097151719555,0.0620508193969726,0.062050819396972656
2013-05-22,13.78499984741211,14.1850004196167,13.78499984741211,13.90999984741211,12.786818504333496,-0.1946699035848779,0.7058750541067083,0.0896263122558593,0.08962631225585938
2013-05-23,13.8725004196167,14.045000076293944,13.710000038146973,14.022500038146973,12.890236854553224,0.1925328502597894,0.8087887552691742,0.1034183502197283,0.10341835021972834
2013-05-24,13.99250030517578,14.114999771118164,13.8774995803833,13.984999656677246,12.855765342712402,-0.5229997240964379,-0.2674234168834943,-0.034471511840822,-0.03447151184082209
2013-05-28,14.125,14.454999923706056,13.892499923706056,14.442500114440918,13.27631664276123,-0.1810838420464685,3.271305043594519,0.4205513000488281,0.4205513000488281
2013-05-29,14.322500228881836,14.322500228881836,14.012499809265137,14.039999961853027,12.906325340270996,-0.3644956728149952,-2.7868520497510763,-0.3699913024902344,-0.3699913024902344
2013-05-30,14.050000190734863,14.074999809265137,13.917499542236328,13.984999656677246,12.855765342712402,-0.4641267907633306,-0.3917458782852323,-0.0505599975585937,-0.05055999755859375
2013-05-31,13.88249969482422,14.09749984741211,13.88249969482422,14.0,12.869552612304688,0.1902685066700545,0.1072458093683392,0.0137872695922851,0.013787269592285156
2013-06-03,14.047499656677246,14.387499809265137,13.932499885559082,14.369999885559082,13.209675788879396,0.4393463015408931,2.642851595707496,0.3401231765747088,0.3401231765747088
2013-06-04,14.34000015258789,14.364999771118164,14.170000076293944,14.289999961853027,13.13613510131836,-0.104096159995482,-0.5567183384087904,-0.0735406875610369,-0.07354068756103693
2013-06-05,14.282500267028809,14.282500267028809,14.0649995803833,14.1875,13.076223373413086,-0.346380924097116,-0.4560833718835644,-0.0599117279052734,-0.05991172790527344
2013-06-06,14.157500267028809,14.25,14.012499809265137,14.202500343322754,13.090049743652344,-0.0882457548673377,0.1057367241628082,0.0138263702392578,0.013826370239257812
2013-06-07,14.3125,14.592499732971191,14.25,14.36750030517578,13.24212646484375,-0.1969342471746128,1.161773439899649,0.1520767211914062,0.15207672119140625
2013-06-10,14.545000076293944,14.602499961853027,14.239999771118164,14.512499809265137,13.375765800476074,-0.4528050728146561,1.0091984545467223,0.1336393356323242,0.13363933563232422
2013-06-11,14.417499542236328,14.6225004196167,14.265000343322754,14.520000457763672,13.382682800292969,-0.6950898369162901,0.0517129256004889,0.0069169998168945,0.006916999816894531
2013-06-12,14.5,14.5,14.282500267028809,14.3125,13.191436767578123,-0.301094052302418,-1.4290560089391002,-0.1912460327148455,-0.19124603271484553
2013-06-13,14.25,14.65999984741211,14.005000114440918,14.65999984741211,13.51171875,-0.1086248471749518,2.427953740483102,0.3202819824218768,0.3202819824218768
2013-06-14,14.5625,14.71500015258789,14.364999771118164,14.47249984741211,13.338903427124023,-0.5569648779424614,-1.279003256902289,-0.1728153228759765,-0.17281532287597656
2013-06-17,14.47249984741211,14.47249984741211,14.167499542236328,14.342499732971191,13.219086647033691,0.1834754759008498,-0.8982506001707025,-0.119816780090332,-0.11981678009033203
2013-06-18,14.31999969482422,14.645000457763672,14.270000457763672,14.6225004196167,13.477155685424805,-0.5048849753785588,1.9522456072940784,0.2580690383911133,0.2580690383911133
2013-06-19,14.577500343322754,14.654999732971191,14.352499961853027,14.44499969482422,13.313557624816896,-0.389403452302079,-1.213891598691219,-0.1635980606079083,-0.16359806060790838
2013-06-20,14.30500030517578,14.412500381469728,14.164999961853027,14.292499542236328,13.17300033569336,-0.1720264676875289,-1.055745527112406,-0.1405572891235369,-0.14055728912353693
2013-06-21,14.3149995803833,14.822500228881836,14.274999618530272,14.770000457763672,13.6131010055542,0.8831576451289329,3.340929618504229,0.4401006698608398,0.44010066986083984
2013-06-24,14.667499542236328,14.94499969482422,14.557499885559082,14.762499809265137,13.606186866760254,-0.1244752523030961,-0.0507903290449696,-0.0069141387939453,-0.0069141387939453125
2013-06-25,14.93000030517578,14.93000030517578,14.614999771118164,14.727499961853027,13.573931694030762,-0.1969342471746128,-0.2370625440129115,-0.0322551727294921,-0.03225517272949219
2013-06-26,14.792499542236328,14.792499542236328,14.494999885559082,14.524999618530272,13.387290954589844,-0.3577026420457905,-1.3749939490486307,-0.1866407394409179,-0.18664073944091797
2013-06-27,14.577500343322754,14.782500267028809,14.577500343322754,14.7475004196167,13.592364311218262,-0.3599669856355253,1.5318510468177229,0.2050733566284179,0.20507335662841797
2013-06-28,14.712499618530272,14.885000228881836,14.664999961853027,14.77750015258789,13.620012283325195,1.890790542560962,0.203408115570558,0.0276479721069335,0.027647972106933594
2013-07-01,14.8125,15.172499656677246,14.782500267028809,14.96500015258789,13.792827606201172,-0.1629690933285893,1.2688338254110976,0.1728153228759765,0.17281532287597656
2013-07-02,14.912500381469728,15.012499809265137,14.802499771118164,15.005000114440918,13.829694747924805,-0.3871391087123441,0.2672921229513347,0.0368671417236328,0.03686714172363281
2013-07-03,15.010000228881836,15.19499969482422,15.010000228881836,15.175000190734863,13.98637866973877,-0.7516984266596625,1.1329528573830403,0.1566839218139648,0.15668392181396484
2013-07-05,15.359999656677246,15.585000038146973,15.18000030517578,15.542499542236328,14.325090408325195,-0.5184710369169682,2.421725784668416,0.3387117385864258,0.3387117385864258
2013-07-08,15.602499961853027,16.022499084472656,15.602499961853027,16.012500762939453,14.75827980041504,-0.1720264676875289,3.023990632813689,0.4331893920898455,0.4331893920898455
2013-07-09,15.967499732971191,16.582500457763672,15.824999809265137,16.522499084472656,15.228330612182615,0.7993769323087417,3.184997290499636,0.4700508117675746,0.4700508117675746
2013-07-10,16.5,16.657499313354492,16.25749969482422,16.5,15.207595825195312,-0.2286350574309013,-0.1361592909646658,-0.0207347869873029,-0.02073478698730291
2013-07-11,16.5625,16.797500610351562,16.5625,16.65999984741211,15.355059623718262,-0.3531739548663207,0.969671999558508,0.1474637985229492,0.14746379852294922
2013-07-12,16.625,16.797500610351562,16.55500030517578,16.642499923706055,15.3389310836792,-0.081452724098133,-0.1050372999799376,-0.0161285400390625,-0.0161285400390625
2013-07-15,16.700000762939453,16.8075008392334,16.530000686645508,16.674999237060547,15.368884086608888,-0.1674977805080591,0.1952743823300684,0.0299530029296892,0.029953002929689276
2013-07-16,16.667499542236328,16.667499542236328,16.427499771118164,16.462499618530273,15.173028945922852,-0.4414833548659816,-1.2743614928860558,-0.1958551406860369,-0.19585514068603693
2013-07-17,16.559999465942383,16.635000228881836,16.22249984741211,16.270000457763672,14.995611190795898,-0.4165755753788978,-1.1692968869912224,-0.1774177551269531,-0.17741775512695312
2013-07-18,16.28499984741211,16.385000228881836,16.232500076293945,16.325000762939453,15.04630184173584,0.004592332311793,0.3380365781359806,0.0506906509399414,0.050690650939941406
2013-07-19,16.302499771118164,16.350000381469727,16.232500076293945,16.282499313354492,15.00712776184082,-0.323737488199767,-0.2603568658070987,-0.0391740798950195,-0.03917407989501953
2013-07-22,16.21500015258789,16.3125,16.145000457763672,16.225000381469727,14.954136848449709,-0.6181021548653036,-0.3531049660672192,-0.0529909133911115,-0.052990913391111505
2013-07-23,16.235000610351562,16.295000076293945,15.942500114440918,16.049999237060547,14.792839050292969,0.0136497066707325,-1.07861657139684,-0.16129779815674,-0.16129779815674006
2013-07-24,16.4375,16.4375,15.817500114440918,15.96500015258789,14.714499473571776,0.4461393323100979,-0.5295776994182932,-0.0783395767211931,-0.07833957672119318
2013-07-25,15.99250030517578,17.05500030517578,15.897500038146973,17.024999618530273,15.691469192504885,-0.0406945394829049,6.639503577323924,0.976969718933109,0.976969718933109
2013-07-26,16.825000762939453,16.832500457763672,16.395000457763672,16.72249984741211,15.41266632080078,-0.2444854625590456,-1.7767799068635126,-0.2788028717041051,-0.2788028717041051
2013-07-29,16.735000610351562,16.889999389648438,16.594999313354492,16.647499084472656,15.343539237976074,-0.3373235497381764,-0.4485082683676311,-0.0691270828247052,-0.06912708282470525
2013-07-30,16.662500381469727,16.735000610351562,16.549999237060547,16.677499771118164,15.371191024780272,-0.2716575856358644,0.1802177866222498,0.0276517868041974,0.027651786804197442
2013-07-31,16.75,16.75,16.510000228881836,16.530000686645508,15.235243797302246,-0.2626002112769248,-0.8844287164141096,-0.1359472274780255,-0.13594722747802557
2013-08-01,16.684999465942383,16.7450008392334,16.582500457763672,16.725000381469727,15.414971351623535,-0.5479075035835218,1.179682824328121,0.179727554321289,0.17972755432128906
2013-08-02,16.627500534057617,16.627500534057617,16.5049991607666,16.625,15.322803497314451,-0.6045160933268943,-0.5979112916053242,-0.0921678543090838,-0.09216785430908381
2013-08-05,16.5575008392334,16.9375,16.2450008392334,16.582500457763672,15.283634185791016,0.1313955733369472,-0.2556275784016959,-0.0391693115234357,-0.039169311523435724
2013-08-06,16.5,16.834999084472656,16.4325008392334,16.582500457763672,15.283634185791016,-0.5728152830706057,0.0,0.0,0.0
2013-08-07,16.860000610351562,16.872499465942383,16.502500534057617,16.600000381469727,15.299761772155762,-0.5705509394808708,0.1055219339111124,0.016127586364746,0.016127586364746094
2013-08-08,16.655000686645508,16.737499237060547,16.537500381469727,16.697500228881836,15.389620780944824,-0.5728152830706057,0.5873229278157588,0.0898590087890625,0.0898590087890625
2013-08-09,16.61750030517578,16.862499237060547,16.522499084472656,16.802499771118164,15.486397743225098,-0.6430099343523875,0.6288456594076841,0.0967769622802734,0.09677696228027344
2013-08-12,16.792499542236328,16.862499237060547,16.587499618530273,16.850000381469727,15.53018283843994,-0.58866568819875,0.2827326014792408,0.0437850952148419,0.043785095214841974
2013-08-13,16.86750030517578,16.872499465942383,16.704999923706055,16.857500076293945,15.53709316253662,-0.7607558010186021,0.0444960897663992,0.0069103240966796,0.0069103240966796875
2013-08-14,16.77750015258789,16.93000030517578,16.74250030517578,16.895000457763672,15.571656227111816,-0.5569648779424614,0.2224551543433817,0.034563064575197,0.03456306457519709
2013-08-15,16.684999465942383,16.787500381469727,16.614999771118164,16.702499389648438,15.394229888916016,-0.0633379753802539,-1.139418541021242,-0.1774263381958007,-0.17742633819580078
2013-08-16,16.612499237060547,16.764999389648438,16.612499237060547,16.739999771118164,15.428791999816896,-0.5524361907629916,0.2245134128194825,0.0345621109008806,0.03456211090088068
2013-08-19,16.627500534057617,16.81999969482422,16.5575008392334,16.582500457763672,15.283634185791016,-0.7245263035828438,-0.9408242332102468,-0.1451578140258806,-0.14515781402588068
2013-08-20,16.575000762939453,16.895000457763672,16.514999389648438,16.827499389648438,15.509445190429688,-0.7698131753775417,1.4774693105950254,0.2258110046386718,0.22581100463867188
2013-08-21,16.729999542236328,16.875,16.467500686645508,16.4950008392334,15.202983856201172,-0.6633890266600015,-1.975965809644964,-0.3064613342285156,-0.3064613342285156
2013-08-22,16.552499771118164,16.647499084472656,15.71500015258789,16.542499542236328,15.246768951416016,-0.2286350574309013,0.2880033000691728,0.0437850952148437,0.04378509521484375
2013-08-23,16.530000686645508,16.670000076293945,16.447500228881836,16.65999984741211,15.355059623718262,-0.6565959958907969,0.710253251999271,0.1082906723022461,0.1082906723022461
2013-08-26,16.63249969482422,16.832500457763672,16.46500015258789,16.607500076293945,15.306671142578123,-0.5931943753782197,-0.3151305323842224,-0.0483884811401384,-0.048388481140138495
2013-08-27,16.417499542236328,16.774999618530273,16.079999923706055,16.212499618530273,14.942615509033203,-0.3305305189689717,-2.3784115445731224,-0.3640556335449201,-0.3640556335449201
2013-08-28,16.2549991607666,16.545000076293945,16.2549991607666,16.3700008392334,15.087778091430664,-0.5705509394808708,0.9714670253658576,0.1451625823974609,0.14516258239746094
2013-08-29,16.389999389648438,16.727500915527344,16.325000762939453,16.6299991607666,15.327410697937012,-0.4029895138404884,1.5882564354684492,0.2396326065063476,0.23963260650634766
2013-08-30,16.637500762939453,16.637500762939453,16.264999389648438,16.282499313354492,15.00712776184082,0.135924260516417,-2.089608887033345,-0.3202829360961914,-0.3202829360961914
2013-09-03,16.49250030517578,16.645000457763672,16.170000076293945,16.424999237060547,15.13846492767334,-0.3916677958918139,0.8751652409228816,0.1313371658325195,0.13133716583251953
2013-09-04,16.362499237060547,16.475000381469727,16.190000534057617,16.399999618530273,15.150012969970703,-0.389403452302079,0.076282782650261,0.0115480422973632,0.011548042297363281
2013-09-05,16.364999771118164,16.417499542236328,16.225000381469727,16.297500610351562,15.05532932281494,-0.2195776830719617,-0.6249740336423448,-0.0946836471557635,-0.0946836471557635
2013-09-06,16.315000534057617,16.700000762939453,16.2549991607666,16.487499237060547,15.230847358703612,-0.36676001640473,1.1658199706245709,0.1755180358886718,0.17551803588867188
2013-09-09,16.6200008392334,16.88249969482422,16.502500534057617,16.864999771118164,15.579574584960938,-0.5411144728143171,2.289611457881535,0.348727226257326,0.348727226257326
2013-09-10,16.912500381469727,17.09000015258789,16.760000228881836,17.05500030517578,15.755090713500977,-0.4867702266606796,1.126578441425896,0.175516128540039,0.17551612854003906
2013-09-11,17.1200008392334,17.3075008392334,16.854999542236328,17.217500686645508,15.905207633972168,-0.5841370010192801,0.952815335696866,0.1501169204711914,0.1501169204711914
2013-09-12,17.235000610351562,17.262500762939453,17.104999542236328,17.145000457763672,15.838232040405272,-0.6543316523010619,-0.4210922303449993,-0.0669755935668963,-0.06697559356689631
2013-09-13,17.232500076293945,17.452499389648438,17.112499237060547,17.4424991607666,16.113059997558594,-0.5501718471732567,1.735218656048243,0.2748279571533221,0.2748279571533221
2013-09-16,17.65999984741211,17.917499542236328,17.012500762939453,17.045000076293945,15.745859146118164,-0.1561760625593846,-2.2789020303782603,-0.3672008514404297,-0.3672008514404297
2013-09-17,17.047500610351562,17.225000381469727,16.947500228881836,17.00749969482422,15.71120834350586,0.2197049733366082,-0.2200629530008657,-0.0346508026123046,-0.03465080261230469
2013-09-18,17.0,17.190000534057617,16.760000228881836,17.174999237060547,15.865941047668455,-0.0565449446110492,0.9848555297565786,0.1547327041625958,0.15473270416259588
2013-09-19,17.170000076293945,17.290000915527344,17.045000076293945,17.264999389648438,15.949088096618652,-0.3282661753792368,0.5240599892586628,0.083147048950197,0.08314704895019709
2013-09-20,17.237499237060547,17.454999923706055,17.167499542236328,17.40250015258789,16.076108932495117,1.186579686153409,0.7964144100714776,0.1270208358764648,0.12702083587646484
2013-09-23,17.514999389648438,17.950000762939453,17.454999923706055,17.862499237060547,16.501047134399414,-0.3395878933279113,2.64329013748692,0.4249382019042969,0.4249382019042969
2013-09-24,17.829999923706055,18.155000686645508,17.677499771118164,17.795000076293945,16.438692092895508,-0.3780817343534045,-0.3778853608260801,-0.0623550415039062,-0.06235504150390625
2013-09-25,17.86750030517578,17.997499465942383,17.6924991607666,17.735000610351562,16.383264541625977,-0.1833481856362034,-0.3371773797836708,-0.0554275512695312,-0.05542755126953125
2013-09-26,18.0,18.0,17.677499771118164,17.8700008392334,16.50797462463379,-0.5682865958911358,0.7612041097850408,0.1247100830078125,0.1247100830078125
2013-09-27,17.735000610351562,18.0,17.657499313354492,17.860000610351562,16.498735427856445,-0.629423872813978,-0.055968082017499,-0.0092391967773437,-0.00923919677734375
2013-09-30,17.719999313354492,18.03499984741211,17.552499771118164,17.959999084472656,16.591110229492188,-0.2127846523027571,0.5598901930373268,0.0923748016357421,0.09237480163574219
2013-10-01,17.9424991607666,18.11750030517578,17.725000381469727,17.885000228881836,16.521827697753906,-0.1539117189696497,-0.4175882793854613,-0.0692825317382812,-0.06928253173828125
2013-10-02,17.8125,17.872499465942383,17.575000762939453,17.610000610351562,16.267791748046875,-0.6362169035831827,-1.5375777689629722,-0.2540359497070312,-0.25403594970703125
2013-10-03,17.530000686645508,17.530000686645508,17.174999237060547,17.262500762939453,15.946771621704102,-0.6701820574292062,-1.973347896965272,-0.3210201263427734,-0.32102012634277344
2013-10-04,17.22249984741211,17.602500915527344,17.15250015258789,17.462499618530273,16.13153076171875,-0.7675488317878068,1.158599021780593,0.1847591400146484,0.18475914001464844
2013-10-07,17.375,17.450000762939453,17.167499542236328,17.19499969482422,15.884422302246094,-0.6203664984550386,-1.5318351563948451,-0.2471084594726562,-0.24710845947265625
2013-10-08,17.247499465942383,17.395000457763672,17.02750015258789,17.082500457763672,15.78049373626709,-0.5818726574295453,-0.654279796907109,-0.1039285659790039,-0.1039285659790039
2013-10-09,17.325000762939453,17.4950008392334,17.092500686645508,17.219999313354492,15.907515525817873,-0.4709198215325353,0.8049291211900345,0.127021789550783,0.12702178955078303
2013-10-10,17.424999237060547,17.889999389648438,16.952499389648438,17.8125,16.454856872558594,-0.652067308711327,3.44077204169555,0.5473413467407209,0.5473413467407209
2013-10-11,17.799999237060547,18.28499984741211,17.78499984741211,18.28249931335449,16.88903045654297,-0.6135734676858338,2.638574053527232,0.434173583984375,0.434173583984375
2013-10-14,18.15250015258789,18.45499992370605,18.11000061035156,18.302499771118164,16.907506942749023,-0.4686554779428004,0.1093993302551998,0.0184764862060546,0.018476486206054688
2013-10-15,18.3125,18.357500076293945,17.99250030517578,18.042499542236328,16.667325973510742,-0.4233686061481025,-1.4205581582876992,-0.2401809692382812,-0.24018096923828125
2013-10-16,18.092500686645508,18.217500686645508,17.917499542236328,18.112499237060547,16.731992721557617,-0.0520162574315794,0.3879851402057488,0.064666748046875,0.064666748046875
2013-10-17,18.14999961853028,18.7549991607666,18.114999771118164,18.75,17.32090187072754,0.1110164810293331,3.519659367357764,0.5889091491699219,0.5889091491699219
2013-10-18,18.9424991607666,19.25,18.852500915527344,19.084999084472656,17.6303653717041,0.6431372246170339,1.7866477351249133,0.3094635009765625,0.3094635009765625
2013-10-21,19.01749992370605,19.770000457763672,19.01749992370605,19.4375,17.956003189086914,0.2423484092339571,1.8470281841432843,0.3256378173828125,0.3256378173828125
2013-10-22,19.489999771118164,19.8075008392334,19.4424991607666,19.729999542236328,18.226205825805664,-0.3373235497381764,1.5048039024796456,0.27020263671875,0.27020263671875
2013-10-23,19.802499771118164,19.887500762939453,19.625,19.80500030517578,18.29549026489257,-0.4143112317891629,0.3801363802707236,0.0692844390869105,0.06928443908690696
2013-10-24,19.802499771118164,20.125,19.802499771118164,20.05500030517578,18.52644157409668,-0.7358480215315183,1.2623400950740216,0.2309513092041051,0.23095130920410867
2013-10-25,20.1200008392334,20.1200008392334,19.8125,19.89999961853028,18.383251190185547,-0.6271595292242432,-0.7728973928341376,-0.1431903839111328,-0.1431903839111328
2013-10-28,19.875,19.875,19.612499237060547,19.78499984741211,18.277013778686523,-0.3826104215328743,-0.57790327945767,-0.1062374114990234,-0.10623741149902344
2013-10-29,19.75,19.75,19.5674991607666,19.614999771118164,18.119977951049805,-0.5501718471732567,-0.8591984967470156,-0.1570358276367187,-0.15703582763671875
2013-10-30,19.64249992370605,19.75,19.09749984741211,19.1200008392334,17.662704467773438,-0.3577026420457905,-2.523587415567874,-0.4572734832763672,-0.4572734832763672
2013-10-31,19.08749961853028,19.190000534057617,18.89999961853028,18.90250015258789,17.46177864074707,0.3012213425670644,-1.1375711312668346,-0.2009258270263672,-0.2009258270263672
2013-11-01,18.842500686645508,18.920000076293945,18.627500534057617,18.677499771118164,17.25392723083496,0.1902685066700545,-1.1903220982717566,-0.2078514099121093,-0.20785140991210938
2013-11-04,18.707500457763672,18.787500381469727,18.59749984741211,18.709999084472656,17.283946990966797,0.2853709374389202,0.17398798389614,0.0300197601318359,0.030019760131835938
2013-11-05,18.487499237060547,18.787500381469727,18.4325008392334,18.67250061035156,17.249309539794922,-0.5320570984553775,-0.2004024381119573,-0.034637451171875,-0.034637451171875
2013-11-06,18.584999084472656,18.83749961853028,18.582500457763672,18.667499542236328,17.24468994140625,-0.4845058830709447,-0.0267813524826299,-0.0046195983886718,-0.004619598388671875
2013-11-07,18.6825008392334,18.6825008392334,18.24250030517578,18.325000762939453,16.928293228149414,-0.4663911343530655,-1.834748634692096,-0.3163967132568359,-0.31639671325683594
2013-11-08,18.34499931335449,18.89999961853028,18.34499931335449,18.68000030517578,17.256235122680664,-0.4663911343530655,1.9372413397585,0.32794189453125,0.32794189453125
2013-11-11,18.592500686645508,18.79750061035156,18.415000915527344,18.59749984741211,17.180021286010742,1.4039566707679592,-0.4416597022936397,-0.0762138366699218,-0.07621383666992188
2013-11-12,18.59499931335449,18.729999542236328,18.19499969482422,18.5674991607666,17.15230941772461,0.1902685066700545,-0.1613028751524137,-0.0277118682861328,-0.027711868286132812
2013-11-13,18.467500686645508,18.625,18.1924991607666,18.59749984741211,17.180021286010742,2.563300588712226,0.1615634816935829,0.0277118682861328,0.027711868286132812
2013-11-14,18.545000076293945,18.71500015258789,18.395000457763672,18.522499084472656,17.11073875427246,-0.631688216403713,-0.4032738410789771,-0.0692825317382812,-0.06928253173828125
2013-11-15,18.489999771118164,18.877500534057617,18.3799991607666,18.825000762939453,17.390180587768555,-0.0067293856368814,1.6331371632117175,0.2794418334960937,0.27944183349609375
2013-11-18,18.80500030517578,19.07749938964844,18.684999465942383,18.747499465942383,17.31859588623047,-0.4528050728146561,-0.4116386323695487,-0.0715847015380859,-0.07158470153808594
2013-11-19,18.700000762939453,18.82749938964844,18.5,18.614999771118164,17.196186065673828,-0.3622313292252602,-0.7068114607025722,-0.1224098205566406,-0.12240982055664062
2013-11-20,18.73500061035156,18.73500061035156,18.51000022888184,18.65250015258789,17.23082733154297,-0.4165755753788978,0.2014473775571179,0.0346412658691406,0.034641265869140625
2013-11-21,18.69750022888184,19.02750015258789,18.43000030517578,19.022499084472656,17.572628021240234,0.4801044861561213,1.9836580282570624,0.3418006896972656,0.3418006896972656
2013-11-22,19.084999084472656,19.27499961853028,18.790000915527344,19.19499969482422,17.731985092163086,0.0023279887220581,0.9068482570178782,0.1593570709228515,0.15935707092285156
2013-11-25,19.21999931335449,19.292499542236328,19.167499542236328,19.23500061035156,17.768938064575195,0.0725226400038399,0.2083972675368528,0.0369529724121093,0.036952972412109375
2013-11-26,19.21999931335449,19.38500022888184,19.21999931335449,19.3174991607666,17.8800048828125,-0.0837170676878679,0.6250616544087872,0.1110668182373046,0.11106681823730469
2013-11-27,19.25,19.690000534057617,19.25,19.65999984741211,18.19701766967773,-0.215048995892492,1.7730016794903936,0.3170127868652308,0.3170127868652308
2013-11-29,19.84749984741211,19.84749984741211,19.342500686645508,19.342500686645508,17.90314483642578,-0.47771285230174,-1.6149505297323508,-0.2938728332519496,-0.2938728332519496
2013-12-02,19.4325008392334,19.584999084472656,19.040000915527344,19.162500381469727,17.736539840698242,-0.1108891907646867,-0.930590671358278,-0.166604995727539,-0.16660499572753906
2013-12-03,19.08749961853028,19.29750061035156,19.0,19.22249984741211,17.792076110839844,4.392890209218023,0.3131178383179778,0.0555362701416015,0.05553627014160156
2013-12-04,19.21500015258789,19.49250030517578,19.01000022888184,19.26749992370605,17.833721160888672,0.4076454912846046,0.2340651523149439,0.0416450500488281,0.041645050048828125
2013-12-05,19.2450008392334,19.440000534057617,19.18000030517578,19.38500022888184,17.94248390197754,-0.0927744420468075,0.6098712663927808,0.1087627410888671,0.10876274108886719
2013-12-06,19.59000015258789,19.82749938964844,19.5625,19.69750022888184,18.231727600097656,-0.192405559995143,1.61206051347349,0.2892436981201172,0.2892436981201172
2013-12-09,19.737499237060547,19.76749992370605,19.165000915527344,19.295000076293945,17.85917854309082,0.1110164810293331,-2.043410614608132,-0.3725490570068359,-0.37254905700683594
2013-12-10,19.299999237060547,19.46999931335449,18.94750022888184,19.354999542236328,17.91472053527832,0.2740492194902457,0.3109997027774147,0.0555419921875,0.0555419921875
2013-12-11,19.427499771118164,19.427499771118164,18.700000762939453,18.877500534057617,17.472742080688477,0.3397151835925577,-2.46712447296894,-0.4419784545898437,-0.44197845458984375
2013-12-12,18.834999084472656,19.100000381469727,18.76499938964844,18.90749931335449,17.50051498413086,-0.0746596933289283,0.1589498849930315,0.0277729034423828,0.027772903442382812
2013-12-13,18.9950008392334,19.037500381469727,18.75,18.877500534057617,17.472742080688477,0.0068566759015279,-0.158697635284255,-0.0277729034423828,-0.027772903442382812
2013-12-16,18.89999961853028,18.975000381469727,18.76499938964844,18.8700008392334,17.465803146362305,0.224233660516078,-0.0397129099378279,-0.0069389343261718,-0.006938934326171875
2013-12-17,18.86750030517578,18.86750030517578,18.684999465942383,18.747499465942383,17.3524227142334,-0.1108891907646867,-0.649156704554521,-0.1133804321289062,-0.11338043212890625
2013-12-18,18.78249931335449,19.167499542236328,18.6299991607666,19.155000686645508,17.729598999023438,-0.1199465651236263,2.1736231937264705,0.377176284790039,0.37717628479003906
2013-12-19,19.07749938964844,19.287500381469727,18.967500686645508,18.96999931335449,17.558364868164062,-0.4233686061481025,-0.9658093838941672,-0.171234130859375,-0.171234130859375
2013-12-20,19.059999465942383,19.875,19.05500030517578,19.78249931335449,18.310401916503903,1.5760467835878111,4.283069944077744,0.7520370483398402,0.7520370483398402
2013-12-23,19.8075008392334,19.96249961853028,19.70499992370605,19.897499084472656,18.416841506958008,-0.2286350574309013,0.581306685344618,0.1064395904541051,0.10643959045410512
2013-12-24,19.86000061035156,19.96500015258789,19.772499084472656,19.854999542236328,18.37750625610352,-0.740376708710988,-0.2135830448431019,-0.0393352508544886,-0.039335250854488635
2013-12-26,19.89249992370605,19.89249992370605,19.627500534057617,19.729999542236328,18.26181030273437,-0.6860324625573505,-0.6295519737925415,-0.1156959533691477,-0.11569595336914773
2013-12-27,19.79750061035156,19.79750061035156,19.565000534057617,19.600000381469727,18.14148712158203,-0.6701820574292062,-0.6588787155144438,-0.1203231811523402,-0.1203231811523402
2013-12-30,19.52750015258789,19.684999465942383,19.45249938964844,19.497499465942383,18.04660987854004,-0.6271595292242432,-0.5229849262419095,-0.0948772430419921,-0.09487724304199219
2013-12-31,19.53249931335449,19.61750030517578,19.315000534057617,19.3174991607666,17.8800048828125,-0.4007251702507535,-0.923192759464786,-0.166604995727539,-0.16660499572753906
2014-01-02,19.34000015258789,19.34000015258789,18.8700008392334,19.107500076293945,17.685632705688477,-0.1856125292259383,-1.0870924163497664,-0.1943721771240234,-0.19437217712402344
2014-01-03,19.162500381469727,19.44750022888184,19.040000915527344,19.34499931335449,17.905460357666016,-0.1199465651236263,1.242973071055764,0.219827651977539,0.21982765197753906
2014-01-06,19.3799991607666,19.4325008392334,19.052499771118164,19.200000762939453,17.77124786376953,0.2604631579518363,-0.7495618164267026,-0.1342124938964843,-0.13421249389648438
2014-01-07,19.25,19.47249984741211,19.065000534057617,19.107500076293945,17.685632705688477,-0.3305305189689717,-0.4817622191607529,-0.0856151580810546,-0.08561515808105469
2014-01-08,19.162500381469727,19.162500381469727,18.537500381469727,18.857500076293945,17.45423698425293,0.2785779066697155,-1.308382489257054,-0.2313957214355468,-0.23139572143554688
2014-01-09,18.917499542236328,18.917499542236328,18.522499084472656,18.88500022888184,17.479692459106445,-0.2603358676871899,0.1458412354345961,0.0254554748535156,0.025455474853515625
2014-01-10,18.905000686645508,18.959999084472656,18.670000076293945,18.924999237060547,17.516714096069336,-0.4890345702504144,0.2117979881482545,0.0370216369628906,0.037021636962890625
2014-01-13,18.795000076293945,18.83749961853028,18.59499931335449,18.72249984741211,17.32928466796875,-0.0656023189699887,-1.070003352641602,-0.1874294281005859,-0.18742942810058594
2014-01-14,18.799999237060547,19.299999237060547,18.56999969482422,18.977500915527344,17.5653076171875,-0.3531739548663207,1.36198898997264,0.23602294921875,0.23602294921875
2014-01-15,19.06999969482422,19.170000076293945,18.9424991607666,19.0575008392334,17.639354705810547,-0.4278972933275722,0.4215530421487923,0.0740470886230468,0.07404708862304688
2014-01-16,19.065000534057617,19.19750022888184,18.89249992370605,19.122499465942383,17.699514389038086,-0.5501718471732567,0.3410537643291578,0.060159683227539,0.06015968322753906
2014-01-17,19.049999237060547,19.125,18.762500762939453,18.772499084472656,17.37555694580078,-0.5728152830706057,-1.8303182568553569,-0.3239574432373047,-0.3239574432373047
2014-01-21,18.917499542236328,19.092500686645508,18.747499465942383,19.03499984741211,17.61852264404297,-0.5931943753782197,1.398318908568319,0.2429656982421875,0.2429656982421875
2014-01-22,18.9950008392334,19.209999084472656,18.950000762939453,19.01749992370605,17.602327346801758,-0.609044780506364,-0.0919219935088366,-0.0161952972412109,-0.016195297241210938
2014-01-23,18.98500061035156,19.33749961853028,18.875,19.309999465942383,17.87306022644043,-0.1856125292259383,1.538051612748026,0.2707328796386719,0.2707328796386719
2014-01-24,19.13999938964844,19.26749992370605,18.424999237060547,18.737499237060547,17.343168258666992,0.0679939528243701,-2.964752320307995,-0.5298919677734375,-0.5298919677734375
2014-01-27,18.69750022888184,18.81999969482422,18.30500030517578,18.30500030517578,16.942852020263672,-0.4709198215325353,-2.3082070843847613,-0.4003162384033203,-0.4003162384033203
2014-01-28,18.32749938964844,18.43000030517578,18.052499771118164,18.375,17.00763702392578,-0.1991985907643477,0.3823736616753059,0.0647850036621093,0.06478500366210938
2014-01-29,18.450000762939453,18.450000762939453,17.8075008392334,18.100000381469727,16.75310516357422,-0.0225797907650257,-1.4965739214300888,-0.2545318603515625,-0.2545318603515625
2014-01-30,18.207500457763672,18.912500381469727,18.040000915527344,18.684999465942383,17.294572830200195,0.0861087015422492,3.2320436202076364,0.5414676666259766,0.5414676666259766
2014-01-31,18.3075008392334,18.520000457763672,17.8700008392334,18.05500030517578,16.71145248413086,-0.0203154471752908,-3.3716955705958678,-0.5831203460693359,-0.5831203460693359
2014-02-03,18.0625,18.17250061035156,17.3799991607666,17.59749984741211,16.288000106811523,0.267256188721041,-2.533905282748128,-0.4234523773193359,-0.42345237731933594
2014-02-04,17.635000228881836,17.684999465942383,17.389999389648438,17.469999313354492,16.169984817504883,-0.1154178779441565,-0.7245535887324017,-0.1180152893066406,-0.11801528930664062
2014-02-05,17.40999984741211,17.559999465942383,17.014999389648438,17.079999923706055,15.809009552001951,-0.0791883805083981,-2.232378506083421,-0.3609752655029314,-0.36097526550293146
2014-02-06,17.357500076293945,17.809999465942383,16.427499771118164,17.475000381469727,16.17461585998535,1.453772229742127,2.312645246881395,0.3656063079834002,0.3656063079834002
2014-02-07,17.56999969482422,17.802499771118164,17.372499465942383,17.700000762939453,16.38287353515625,0.4551967066690374,1.2875587091135232,0.2082576751708984,0.20825767517089844
2014-02-10,17.6299991607666,17.832500457763672,17.475000381469727,17.75749969482422,16.436094284057617,0.0634652656449003,0.3248560076299256,0.0532207489013671,0.05322074890136719
2014-02-11,18.162500381469727,18.162500381469727,17.5625,17.690000534057617,16.373613357543945,-0.4663911343530655,-0.3801446099897076,-0.0624809265136718,-0.062480926513671875
2014-02-12,17.657499313354492,17.9375,17.594999313354492,17.657499313354492,16.34353256225586,-0.2784506164050691,-0.1837150702854839,-0.0300807952880859,-0.030080795288085938
2014-02-13,17.587499618530273,17.979999542236328,17.537500381469727,17.9325008392334,16.598072052001953,-0.4528050728146561,1.5574325120747412,0.2545394897460937,0.25453948974609375
2014-02-14,17.90250015258789,17.912500381469727,17.5674991607666,17.815000534057617,16.489307403564453,-0.0248441343547606,-0.6552848312547321,-0.1087646484375,-0.1087646484375
2014-02-18,17.8125,18.280000686645508,17.8125,18.184999465942383,16.831777572631836,-0.3260018317895019,2.076922703214046,0.3424701690673828,0.3424701690673828
2014-02-19,18.0625,18.239999771118164,17.7450008392334,17.84000015258789,16.512454986572266,0.2763135630799806,-1.897141194277563,-0.3193225860595703,-0.3193225860595703
2014-02-20,17.774999618530273,18.24250030517578,17.642499923706055,18.09499931335449,16.748476028442383,-0.4188399189686327,1.4293516140516216,0.2360210418701172,0.2360210418701172
2014-02-21,18.100000381469727,18.100000381469727,17.907499313354492,18.037500381469727,16.695255279541016,0.310278716926004,-0.3177647256442206,-0.0532207489013671,-0.05322074890136719
2014-02-24,18.03249931335449,18.225000381469727,17.917499542236328,17.954999923706055,16.618894577026367,0.0385574861578164,-0.4573796640787164,-0.0763607025146484,-0.07636070251464844
2014-02-25,17.987499237060547,18.08749961853028,17.690000534057617,17.729999542236328,16.4106388092041,-0.4573337599941259,-1.253126475151689,-0.2082557678222656,-0.20825576782226562
2014-02-26,17.792499542236328,18.037500381469727,17.655000686645508,17.7549991607666,16.433780670166016,-0.3486452676868509,0.1410174291870625,0.023141860961914,0.023141860961914062
2014-02-27,17.649999618530273,17.827499389648438,17.602500915527344,17.704999923706055,16.387500762939453,0.0679939528243701,-0.2816144875937065,-0.0462799072265625,-0.0462799072265625
2014-02-28,17.717500686645508,17.860000610351562,17.3799991607666,17.809999465942383,16.484682083129883,0.2174406297468733,0.5930209956737764,0.0971813201904296,0.09718132019042969
2014-03-03,17.667499542236328,18.012500762939453,17.479999542236328,17.962499618530273,16.625837326049805,0.113280824619068,0.8562812567940226,0.1411552429199218,0.14115524291992188
2014-03-04,18.162500381469727,19.107500076293945,18.059999465942383,18.90749931335449,17.50051498413086,1.06204078871799,5.260954025518982,0.8746776580810547,0.8746776580810547
2014-03-05,18.875,18.875,18.40250015258789,18.552499771118164,17.228885650634766,0.4846331733355911,-1.5521219446536394,-0.2716293334960937,-0.27162933349609375
2014-03-06,18.7450008392334,19.092500686645508,18.497499465942383,18.957500457763672,17.604991912841797,0.1947971938495243,2.182998191720964,0.3761062622070312,0.37610626220703125
2014-03-07,19.127500534057617,19.209999084472656,18.6875,18.989999771118164,17.63516616821289,0.1540390092342962,0.1713960194953845,0.0301742553710937,0.03017425537109375
2014-03-10,18.9375,19.100000381469727,18.450000762939453,18.8799991607666,17.53301429748535,-0.1018318164057471,-0.5792509679419244,-0.102151870727539,-0.10215187072753906
2014-03-11,18.64999961853028,18.924999237060547,18.45249938964844,18.80500030517578,17.463367462158203,-0.1154178779441565,-0.3972325245701569,-0.0696468353271484,-0.06964683532714844
2014-03-12,18.70499992370605,18.799999237060547,18.497499465942383,18.5625,17.238170623779297,-0.2988297087126831,-1.2895384516582564,-0.2251968383789062,-0.22519683837890625
2014-03-13,18.6875,18.6875,18.167499542236328,18.487499237060547,17.16852378845215,-0.03843019589317,-0.4040268358353138,-0.0696468353271484,-0.06964683532714844
2014-03-14,18.46999931335449,18.787500381469727,18.21999931335449,18.690000534057617,17.3565731048584,-0.1833481856362034,1.0953144179625784,0.18804931640625,0.18804931640625
2014-03-17,18.707500457763672,19.042499542236328,18.65999984741211,18.8799991607666,17.53301429748535,-0.4890345702504144,1.0165669891227802,0.1764411926269531,0.17644119262695312
2014-03-18,18.82749938964844,19.09749984741211,18.787500381469727,18.875,17.528385162353516,0.2083832553879337,-0.0264023918151945,-0.0046291351318359,-0.0046291351318359375
2014-03-19,18.9375,18.9375,18.52750015258789,18.690000534057617,17.3565731048584,-0.6430099343523875,-0.9801933030552434,-0.1718120574951172,-0.1718120574951172
2014-03-20,18.6200008392334,18.787500381469727,18.46999931335449,18.612499237060547,17.284605026245117,-0.5750796266603405,-0.4146445163944023,-0.0719680786132812,-0.07196807861328125
2014-03-21,18.7450008392334,19.174999237060547,18.59000015258789,18.81999969482422,17.47730255126953,0.8242847117958256,1.1148506126221536,0.192697525024414,0.19269752502441406
2014-03-24,18.790000915527344,18.950000762939453,18.45499992370605,18.69750022888184,17.363536834716797,-0.1878768728156732,-0.6509340684525133,-0.1137657165527343,-0.11376571655273438
2014-03-25,18.8700008392334,18.977500915527344,18.55500030517578,18.75749969482422,17.41925811767578,-0.3871391087123441,0.3209097517941961,0.0557212829589843,0.055721282958984375
2014-03-26,18.9325008392334,19.102500915527344,18.247499465942383,18.3125,17.006004333496094,-0.1584404061491195,-2.372396007843458,-0.4132537841796875,-0.4132537841796875
2014-03-27,18.395000457763672,18.61000061035156,18.114999771118164,18.582500457763672,17.256742477416992,-0.081452724098133,1.4744095026897552,0.2507381439208984,0.25073814392089844
2014-03-28,18.512500762939453,18.747499465942383,18.3799991607666,18.44499969482422,17.129053115844727,-0.2512784933282503,-0.7399389643750309,-0.1276893615722656,-0.12768936157226562
2014-03-31,18.477500915527344,18.834999084472656,18.477500915527344,18.76499938964844,17.426219940185547,-0.0429588830726398,1.734870119971399,0.2971668243408203,0.2971668243408203
2014-04-01,18.709999084472656,19.107500076293945,18.709999084472656,18.982500076293945,17.62820053100586,0.1630963835932357,1.1590614115602804,0.2019805908203125,0.2019805908203125
2014-04-02,19.052499771118164,19.07250022888184,18.77750015258789,19.02499961853028,17.667673110961914,-0.4414833548659816,0.2239172392362265,0.0394725799560546,0.03947257995605469
2014-04-03,19.012500762939453,19.104999542236328,18.69499969482422,18.895000457763672,17.546951293945312,-0.4890345702504144,-0.6832921135590864,-0.1207218170166015,-0.12072181701660156
2014-04-04,18.887500762939453,18.92250061035156,18.084999084472656,18.165000915527344,16.869029998779297,0.6023790400018058,-3.8634705471595865,-0.6779212951660156,-0.6779212951660156
2014-04-07,18.022499084472656,18.225000381469727,17.81999969482422,17.985000610351562,16.701873779296875,0.4710471117971817,-0.9909059352820936,-0.1671562194824218,-0.16715621948242188
2014-04-08,18.059999465942383,18.350000381469727,17.88249969482422,18.18000030517578,16.88296127319336,1.1209137220510972,1.0842345972040368,0.1810874938964843,0.18108749389648438
2014-04-09,18.3125,18.3125,17.9325008392334,18.25,16.947965621948242,0.774469152821658,0.3850293067845678,0.0650043487548828,0.06500434875488281
2014-04-10,18.18000030517578,18.280000686645508,17.65999984741211,17.752500534057617,16.4859561920166,0.135924260516417,-2.72604653701517,-0.4620094299316406,-0.4620094299316406
2014-04-11,17.5625,17.829999923706055,17.354999542236328,17.540000915527344,16.288619995117188,0.1563033528240311,-1.1969957617318894,-0.197336196899414,-0.19733619689941406
2014-04-14,17.642499923706055,17.822500228881836,17.4950008392334,17.572500228881836,16.31879997253418,-0.1946699035848779,0.1852825925464429,0.0301799774169921,0.030179977416992188
2014-04-15,17.530000686645508,17.78499984741211,17.342500686645508,17.690000534057617,16.42791748046875,-0.215048995892492,0.668661348372579,0.1091175079345703,0.10911750793457031
2014-04-16,17.834999084472656,18.237499237060547,17.704999923706055,18.082500457763672,16.79241943359375,-0.1652334369183242,2.2187958611209257,0.364501953125,0.364501953125
2014-04-17,18.082500457763672,18.36750030517578,18.0674991607666,18.25749969482422,16.954923629760742,-0.4754485087120051,0.9677235422186792,0.1625041961669922,0.1625041961669922
2014-04-21,18.26749992370605,18.3174991607666,18.09000015258789,18.26749992370605,16.964214324951172,-0.4890345702504144,0.0547964437546788,0.0092906951904296,0.009290695190429688
2014-04-22,17.122499465942383,18.497499465942383,17.122499465942383,18.21500015258789,16.91546630859375,-0.3441165805073811,-0.2873579372651647,-0.0487480163574218,-0.048748016357421875
2014-04-23,18.08749961853028,18.45249938964844,18.020000457763672,18.102500915527344,16.810991287231445,-0.1742908112772638,-0.617630158438065,-0.1044750213623046,-0.10447502136230469
2014-04-24,18.32250022888184,18.32250022888184,17.264999389648438,17.672500610351562,16.411670684814453,0.5389774194892286,-2.375354288121545,-0.3993206024169922,-0.3993206024169922
2014-04-25,17.49250030517578,17.637500762939453,17.322500228881836,17.487499237060547,16.239858627319336,0.0272357682091419,-1.0468895019572488,-0.1718120574951172,-0.1718120574951172
2014-04-28,17.5049991607666,17.709999084472656,17.212499618530273,17.47249984741211,16.225936889648438,-0.0452232266623747,-0.0857257319191062,-0.0139217376708984,-0.013921737670898438
2014-04-29,17.502500534057617,17.61750030517578,17.267499923706055,17.287500381469727,16.05413818359375,-0.2059916215335523,-1.0587906709059625,-0.1717987060546875,-0.1717987060546875
2014-04-30,17.262500762939453,17.6299991607666,17.002500534057617,17.604999542236328,16.34897804260254,0.004592332311793,1.8365349521539232,0.294839859008789,0.29483985900878906
2014-05-01,17.522499084472656,17.55500030517578,16.975000381469727,17.282499313354492,16.04949188232422,0.4280245835922187,-1.8318341335948447,-0.2994861602783203,-0.2994861602783203
2014-05-02,17.262500762939453,17.875,17.25749969482422,17.667499542236328,16.407024383544922,0.17894678872138,2.2276873551022813,0.3575325012207031,0.3575325012207031
2014-05-05,17.582500457763672,17.75,17.407499313354492,17.61750030517578,16.3605899810791,-0.0520162574315794,-0.2830153803659252,-0.0464344024658203,-0.04643440246582031
2014-05-06,17.482500076293945,17.700000762939453,17.322500228881836,17.334999084472656,16.098247528076172,0.5616208553865776,-1.6035024000132458,-0.2623424530029297,-0.2623424530029297
2014-05-07,17.422500610351562,17.50749969482422,17.09000015258789,17.387500762939453,16.147003173828125,-0.2286350574309013,0.3028630642367691,0.0487556457519531,0.048755645751953125
2014-05-08,17.397499084472656,17.719999313354492,17.167499542236328,17.264999389648438,16.033241271972656,-0.2037272779438175,-0.7045387966471695,-0.1137619018554687,-0.11376190185546875
2014-05-09,17.165000915527344,17.622499465942383,17.09000015258789,17.61750030517578,16.3605899810791,0.2559344707723665,2.041687663483716,0.3273487091064453,0.3273487091064453
2014-05-12,17.575000762939453,18.07999992370605,17.52750015258789,17.8799991607666,16.60436248779297,0.5140696400021447,1.489998264095549,0.2437725067138672,0.2437725067138672
2014-05-13,17.912500381469727,17.912500381469727,17.422500610351562,17.457500457763672,16.212007522583008,0.310278716926004,-2.36296313994836,-0.3923549652099609,-0.39235496520996094
2014-05-14,17.427499771118164,17.427499771118164,16.732500076293945,16.81999969482422,15.619986534118652,0.3216004348746785,-3.6517438549154457,-0.5920209884643555,-0.5920209884643555
2014-05-15,16.684999465942383,16.75749969482422,16.202499389648438,16.68000030517578,15.489975929260254,-0.03843019589317,-0.8323349355930376,-0.1300106048583984,-0.13001060485839844
2014-05-16,16.635000228881836,17.125,16.530000686645508,16.997499465942383,15.784826278686523,0.0883730451319841,1.9034913338328965,0.2948503494262695,0.29485034942626953
2014-05-19,16.899999618530273,17.157499313354492,16.899999618530273,17.024999618530273,15.810361862182615,-0.2988297087126831,0.161772977701835,0.0255355834960919,0.025535583496091974
2014-05-20,17.032499313354492,17.059999465942383,16.729999542236328,16.97249984741211,15.761605262756348,0.6227581323094198,-0.3083838298659769,-0.0487565994262677,-0.048756599426267755
2014-05-21,17.084999084472656,17.239999771118164,16.797500610351562,17.147499084472656,15.924121856689451,0.3306578092336181,1.031091638344228,0.1625165939331037,0.1625165939331037
2014-05-22,17.142499923706055,17.325000762939453,16.905000686645508,17.190000534057617,15.96358871459961,-0.0406945394829049,0.2478432296948218,0.039466857910158,0.039466857910158026
2014-05-23,17.247499465942383,17.385000228881836,17.125,17.309999465942383,16.075027465820312,-0.3577026420457905,0.6980808213806311,0.1114387512207031,0.11143875122070312
2014-05-27,17.30500030517578,17.684999465942383,17.30500030517578,17.6299991607666,16.372196197509766,-0.3712887035841998,1.848635918795849,0.2971687316894531,0.2971687316894531
2014-05-28,17.672500610351562,17.672500610351562,17.297500610351562,17.545000076293945,16.29326057434082,-0.1856125292259383,-0.4821321600149919,-0.0789356231689453,-0.07893562316894531
2014-05-29,17.59000015258789,17.635000228881836,17.5049991607666,17.59749984741211,16.34202003479004,-0.2739219292255992,0.2992615273458954,0.0487594604492187,0.04875946044921875
2014-05-30,17.68000030517578,17.815000534057617,17.575000762939453,17.6825008392334,16.42095375061035,0.4053811476948697,0.483010763983116,0.0789337158203125,0.0789337158203125
2014-06-02,17.75,17.850000381469727,17.670000076293945,17.75,16.48363494873047,0.2332910348750175,0.3817147229818296,0.0626811981201171,0.06268119812011719
2014-06-03,17.75,17.97249984741211,17.582500457763672,17.792499542236328,16.523103713989258,0.1698894143624404,0.2394421217258857,0.039468765258789,0.03946876525878906
2014-06-04,17.719999313354492,17.88249969482422,17.622499465942383,17.684999465942383,16.481170654296875,-0.0180511035855559,-0.2537844004264156,-0.0419330596923828,-0.04193305969238281
2014-06-05,17.774999618530273,18.295000076293945,17.5674991607666,18.262500762939453,17.01936149597168,-0.0429588830726398,3.2654891631408,0.5381908416748047,0.5381908416748047
2014-06-06,18.39999961853028,18.4950008392334,18.102500915527344,18.239999771118164,16.998388290405273,0.1630963835932357,-0.1232314477330409,-0.0209732055664062,-0.02097320556640625
2014-06-09,18.165000915527344,18.427499771118164,18.045000076293945,18.405000686645508,17.15216064453125,-0.0339015087137002,0.9046290242279876,0.1537723541259765,0.15377235412597656
2014-06-10,18.28499984741211,18.40999984741211,18.1825008392334,18.287500381469727,17.042661666870117,-0.3644956728149952,-0.6383975752701776,-0.1094989776611328,-0.10949897766113281
2014-06-11,18.13999938964844,18.290000915527344,18.09499931335449,18.252500534057617,17.010042190551758,0.6159651015402151,-0.1913989549048533,-0.0326194763183593,-0.032619476318359375
2014-06-12,18.25,18.350000381469727,18.200000762939453,18.25,17.00771141052246,0.1608320400035008,-0.013702376532565,-0.0023307800292968,-0.002330780029296875
2014-06-13,18.350000381469727,18.350000381469727,18.13500022888184,18.237499237060547,16.996057510375977,0.5910573220531312,-0.0685212717054573,-0.0116539001464843,-0.011653900146484375
2014-06-16,18.25,18.27750015258789,18.14999961853028,18.25,17.00771141052246,0.4370819579511583,0.068568255546153,0.0116539001464843,0.011653900146484375
2014-06-17,18.19750022888184,18.52499961853028,18.19750022888184,18.27499961853028,17.031007766723633,0.4099098348743395,0.1369752557463854,0.0232963562011718,0.023296356201171875
2014-06-18,18.342500686645508,18.40999984741211,18.20499992370605,18.3799991607666,17.128860473632812,-0.2331637446103711,0.5745561757089401,0.0978527069091796,0.09785270690917969
2014-06-19,18.39999961853028,18.415000915527344,18.225000381469727,18.27499961853028,17.031007766723633,-0.2286350574309013,-0.5712738863149047,-0.0978527069091796,-0.09785270690917969
2014-06-20,18.397499084472656,18.39999961853028,18.25,18.270000457763672,17.02634620666504,0.8899506758981376,-0.027371017161426,-0.0046615600585937,-0.00466156005859375
2014-06-23,18.25,18.424999237060547,18.125,18.3799991607666,17.128860473632812,0.5570921682071078,0.6020919915727063,0.1025142669677734,0.10251426696777344
2014-06-24,18.26749992370605,18.540000915527344,18.239999771118164,18.27499961853028,17.031007766723633,0.1223381989780076,-0.5712738863149047,-0.0978527069091796,-0.09785270690917969
2014-06-25,18.15749931335449,18.32999992370605,18.15749931335449,18.27750015258789,17.033336639404297,-0.2558071805077201,0.0136743093101854,0.002328872680664,0.0023288726806640625
2014-06-26,18.34000015258789,18.34000015258789,18.15250015258789,18.287500381469727,17.042661666870117,0.0136497066707325,0.0547457474905366,0.0093250274658203,0.009325027465820312
2014-06-27,18.25,18.420000076293945,18.25,18.350000381469727,17.100902557373047,1.5103808194854993,0.3417358839913342,0.0582408905029296,0.05824089050292969
2014-06-30,18.34000015258789,18.584999084472656,18.207500457763672,18.52750015258789,17.266319274902344,0.7450326861551042,0.9672981702242288,0.1654167175292968,0.16541671752929688
2014-07-01,18.56999969482422,19.07749938964844,18.56999969482422,18.862499237060547,17.578516006469727,0.0544078912859607,1.8081255570269628,0.3121967315673828,0.3121967315673828
2014-07-02,18.8125,18.86750030517578,18.57749938964844,18.604999542236328,17.33854103088379,-0.5184710369169682,-1.3651606056939936,-0.2399749755859375,-0.2399749755859375
2014-07-03,18.64249992370605,18.75749969482422,18.604999542236328,18.700000762939453,17.427080154418945,-0.4912989138401494,0.5106492142415542,0.0885391235351562,0.08853912353515625
2014-07-07,18.625,18.674999237060547,18.43000030517578,18.565000534057617,17.301265716552734,0.0340287989783466,-0.7219478923112033,-0.1258144378662109,-0.12581443786621094
2014-07-08,18.552499771118164,18.63500022888184,18.479999542236328,18.56999969482422,17.30592155456543,0.3691516502591114,0.0269103896152644,0.0046558380126953,0.0046558380126953125
2014-07-09,18.607500076293945,18.607500076293945,18.46999931335449,18.51000022888184,17.250009536743164,-0.1425900010209752,-0.3230802684848433,-0.0559120178222656,-0.055912017822265625
2014-07-10,18.45499992370605,18.584999084472656,18.364999771118164,18.5,17.240694046020508,0.5684138861557823,-0.054002814913312,-0.0093154907226562,-0.00931549072265625
2014-07-11,18.5,18.53249931335449,18.39999961853028,18.5,17.240694046020508,0.1993258810289941,0.0,0.0,0.0
2014-07-14,18.68000030517578,18.707500457763672,18.489999771118164,18.502500534057617,17.243017196655273,-0.3848747651226092,0.0134748092423864,0.0023231506347656,0.002323150634765625
2014-07-15,18.497499465942383,18.600000381469727,18.45249938964844,18.5049991607666,17.245346069335938,0.8423994605137048,0.0135061784959367,0.002328872680664,0.0023288726806640625
2014-07-16,18.614999771118164,18.614999771118164,18.39999961853028,18.5,17.240694046020508,0.1404529476958868,-0.0269755289150186,-0.0046520233154296,-0.0046520233154296875
2014-07-17,18.362499237060547,18.52499961853028,18.065000534057617,18.07999992370605,16.849279403686523,0.1744181015419102,-2.2702951591692444,-0.3914146423339844,-0.3914146423339844
2014-07-18,18.02750015258789,18.3799991607666,17.84749984741211,18.33749961853028,17.089250564575195,-0.0248441343547606,1.4242220995882349,0.2399711608886718,0.23997116088867188
2014-07-21,18.27750015258789,18.27750015258789,17.96500015258789,18.0625,16.832969665527344,-0.58866568819875,-1.49966142798037,-0.2562808990478515,-0.25628089904785156
2014-07-22,18.02499961853028,18.362499237060547,17.8174991607666,18.302499771118164,17.056636810302734,0.090637388721719,1.3287444177686902,0.2236671447753906,0.22366714477539062
2014-07-23,18.32749938964844,19.26749992370605,17.822500228881836,19.209999084472656,17.902360916137695,0.1313955733369472,4.95832862738872,0.8457241058349609,0.8457241058349609
2014-07-24,19.06999969482422,19.40999984741211,18.82749938964844,18.887500762939453,17.6018123626709,0.4687827682074468,-1.6788207704821478,-0.3005485534667969,-0.3005485534667969
2014-07-25,18.82999992370605,18.99250030517578,18.5625,18.70499992370605,17.431737899780273,0.1042234502601284,-0.9662326775583095,-0.170074462890625,-0.170074462890625
2014-07-28,18.65250015258789,18.65250015258789,18.375,18.5625,17.298934936523438,-0.4641267907633306,-0.7618458011493523,-0.1328029632568359,-0.13280296325683594
2014-07-29,18.51499938964844,18.600000381469727,18.162500381469727,18.40749931335449,17.154489517211914,-0.3056227394818878,-0.8349960262961309,-0.1444454193115234,-0.14444541931152344
2014-07-30,18.497499465942383,18.54750061035156,18.25,18.387500762939453,17.135854721069336,-0.1969342471746128,-0.108629266547866,-0.0186347961425781,-0.018634796142578125
2014-07-31,18.145000457763672,18.229999542236328,17.729999542236328,17.770000457763672,16.560382843017578,-0.0791883805083981,-3.3582910652492197,-0.5754718780517578,-0.5754718780517578
2014-08-01,17.815000534057617,17.997499465942383,17.5049991607666,17.657499313354492,16.45553970336914,-0.2082559651232872,-0.633096110411735,-0.1048431396484375,-0.1048431396484375
2014-08-04,17.78499984741211,17.962499618530273,17.46500015258789,17.885000228881836,16.667556762695312,-0.1131535343544216,1.2884236138591243,0.2120170593261718,0.21201705932617188
2014-08-05,17.774999618530273,17.997499465942383,17.662500381469727,17.9424991607666,16.721141815185547,-0.5297927548656426,0.3214931453551006,0.0535850524902343,0.053585052490234375
2014-08-06,17.97249984741211,18.200000762939453,17.895000457763672,17.96500015258789,16.742109298706055,-0.4505407292249212,0.1253950462968056,0.0209674835205078,0.020967483520507812
2014-08-07,17.952499389648438,18.082500457763672,17.809999465942383,17.982500076293945,16.7584171295166,-0.3078870830716227,0.097406070642525,0.0163078308105468,0.016307830810546875
2014-08-08,17.969999313354492,18.25749969482422,17.84749984741211,18.174999237060547,16.937808990478516,-0.2988297087126831,1.070458263304297,0.179391860961914,0.17939186096191406
2014-08-11,18.252500534057617,18.39249992370605,18.125,18.162500381469727,16.926170349121094,-0.3803460779431394,-0.0687139721788354,-0.0116386413574218,-0.011638641357421875
2014-08-12,18.059999465942383,18.290000915527344,17.850000381469727,18.010000228881836,16.784048080444336,-0.1199465651236263,-0.8396599215612754,-0.1421222686767578,-0.1421222686767578
2014-08-13,18.01499938964844,18.28499984741211,17.94499969482422,18.232500076293945,16.99139976501465,-0.5343214420451124,1.235409262273901,0.2073516845703125,0.2073516845703125
2014-08-14,17.719999313354492,18.27750015258789,17.719999313354492,18.217500686645508,16.97742462158203,-0.7290549907623135,-0.0822483351924474,-0.0139751434326171,-0.013975143432617188
2014-08-15,18.36750030517578,18.38999938964844,17.940000534057617,18.147499084472656,16.912181854248047,0.2627275015415712,-0.3842913091249844,-0.0652427673339843,-0.06524276733398438
2014-08-18,18.34749984741211,18.665000915527344,18.30500030517578,18.51000022888184,17.250009536743164,-0.1901412164054081,1.9975405030916216,0.3378276824951172,0.3378276824951172
2014-08-19,18.582500457763672,18.6299991607666,18.415000915527344,18.482500076293945,17.224382400512695,-0.6384812471729177,-0.148563026448667,-0.0256271362304687,-0.02562713623046875
2014-08-20,18.350000381469727,18.502500534057617,18.137500762939453,18.315000534057617,17.068286895751953,-0.3622313292252602,-0.9062473250483372,-0.1560955047607422,-0.1560955047607422
2014-08-21,18.33749961853028,18.4424991607666,18.05500030517578,18.372499465942383,17.121864318847656,-0.4618624471735957,0.3139004132221235,0.0535774230957031,0.053577423095703125
2014-08-22,18.28499984741211,18.59499931335449,18.26499938964844,18.5,17.240694046020508,-0.2716575856358644,0.6940232965287896,0.1188297271728515,0.11882972717285156
2014-08-25,18.647499084472656,18.647499084472656,18.27750015258789,18.34499931335449,17.096235275268555,-0.5456431599937869,-0.8378941727424039,-0.1444587707519531,-0.14445877075195312
2014-08-26,18.302499771118164,18.575000762939453,18.227500915527344,18.270000457763672,17.02634620666504,0.070258296414105,-0.4087980042285499,-0.0698890686035156,-0.06988906860351562
2014-08-27,18.309999465942383,18.36000061035156,18.100000381469727,18.26749992370605,17.02401351928711,-0.4912989138401494,-0.0137004578058985,-0.0023326873779296,-0.0023326873779296875
2014-08-28,18.11750030517578,18.28499984741211,18.100000381469727,18.125,16.891220092773438,-0.6113091240960989,-0.7800359554650527,-0.1327934265136718,-0.13279342651367188
2014-08-29,18.09749984741211,18.309999465942383,17.889999389648438,18.26499938964844,17.021686553955078,-0.3531739548663207,0.7723921686240809,0.1304664611816406,0.13046646118164062
2014-09-02,18.25749969482422,18.48500061035156,18.13500022888184,18.417499542236328,17.16380500793457,0.1381886041061519,0.8349258079039856,0.1421184539794922,0.1421184539794922
2014-09-03,18.487499237060547,18.90999984741211,18.357500076293945,18.90250015258789,17.675779342651367,1.0846842246153388,2.982872005829229,0.5119743347167969,0.5119743347167969
2014-09-04,18.979999542236328,18.979999542236328,18.61750030517578,18.67250061035156,17.46070098876953,-0.3803460779431394,-1.2167970063014732,-0.2150783538818359,-0.21507835388183594
2014-09-05,18.59000015258789,18.86000061035156,18.540000915527344,18.732500076293945,17.51680564880371,-0.5999874061474244,0.3213196312694677,0.0561046600341796,0.05610466003417969
2014-09-08,18.662500381469727,18.842500686645508,18.5,18.8075008392334,17.586944580078125,-0.2603358676871899,0.4004093707530742,0.070138931274414,0.07013893127441406
2014-09-09,18.832500457763672,18.832500457763672,18.51000022888184,18.530000686645508,17.32745361328125,-0.015786759995821,-1.47547497869992,-0.259490966796875,-0.259490966796875
2014-09-10,18.677499771118164,18.815000534057617,18.434999465942383,18.727500915527344,17.512134552001953,-0.346380924097116,1.0658284987653754,0.1846809387207031,0.18468093872070312
2014-09-11,18.5674991607666,18.93000030517578,18.5674991607666,18.92250061035156,17.694477081298828,-0.4165755753788978,1.0412353146066256,0.182342529296875,0.182342529296875
2014-09-12,18.94750022888184,19.08749961853028,18.582500457763672,18.747499465942383,17.530834197998047,-0.1312682830723008,-0.9248246362348556,-0.1636428833007812,-0.16364288330078125
2014-09-15,18.69499969482422,18.8174991607666,18.582500457763672,18.69499969482422,17.48173713684082,-0.3599669856355253,-0.2800611802194375,-0.0490970611572265,-0.04909706115722656
2014-09-16,18.709999084472656,18.79750061035156,18.584999084472656,18.707500457763672,17.49342918395996,-0.4573337599941259,0.0668814948286966,0.0116920471191406,0.011692047119140625
2014-09-17,18.68000030517578,18.79750061035156,18.627500534057617,18.729999542236328,17.51447296142578,-0.586401344609015,0.1202953248589766,0.0210437774658203,0.021043777465820312
2014-09-18,18.747499465942383,18.982500076293945,18.674999237060547,18.84000015258789,17.617334365844727,-0.4165755753788978,0.5872937464089789,0.1028614044189453,0.10286140441894531
2014-09-19,18.809999465942383,18.834999084472656,18.137500762939453,18.1924991607666,17.011852264404297,1.3360263630759124,-3.436854230423736,-0.6054821014404297,-0.6054821014404297
2014-09-22,18.1299991607666,18.247499465942383,18.01499938964844,18.122499465942383,16.946393966674805,-0.0497519138418445,-0.3847805442471319,-0.0654582977294921,-0.06545829772949219
2014-09-23,18.02750015258789,18.145000457763672,17.752500534057617,17.832500457763672,16.67521858215332,0.3261291220541483,-1.6001952099942485,-0.2711753845214844,-0.2711753845214844
2014-09-24,17.797500610351562,18.06999969482422,17.732500076293945,17.979999542236328,16.813146591186523,-0.1108891907646867,0.8271436344517991,0.1379280090332031,0.13792800903320312
2014-09-25,17.962499618530273,17.962499618530273,17.607500076293945,17.8075008392334,16.651836395263672,-0.1629690933285893,-0.959428950720087,-0.1613101959228515,-0.16131019592285156
2014-09-26,17.832500457763672,18.065000534057617,17.799999237060547,17.9950008392334,16.82716941833496,-0.4278972933275722,1.0529350571877982,0.175333023071289,0.17533302307128906
2014-09-29,17.844999313354492,18.24250030517578,17.667499542236328,18.0674991607666,16.89496421813965,-0.0746596933289283,0.4028889120877288,0.0677947998046875,0.0677947998046875
2014-09-30,18.002500534057617,18.15749931335449,17.6875,17.719999313354492,16.570018768310547,0.3804733682077859,-1.9233272449326488,-0.3249454498291015,-0.32494544982910156
2014-10-01,17.6875,17.897499084472656,17.459999084472656,17.55500030517578,16.415727615356445,-0.0769240369186632,-0.931146518971826,-0.1542911529541015,-0.15429115295410156
2014-10-02,17.4950008392334,18.049999237060547,17.4950008392334,17.857500076293945,16.698593139648438,-0.1652334369183242,1.7231372919917387,0.2828655242919922,0.2828655242919922
2014-10-03,18.01749992370605,18.28499984741211,17.954999923706055,17.985000610351562,16.817819595336914,-0.3735530471739348,0.7139910212279554,0.1192264556884765,0.11922645568847656
2014-10-06,18.052499771118164,18.167499542236328,17.81999969482422,17.822500228881836,16.665864944458008,-0.2603358676871899,-0.903533600283346,-0.1519546508789062,-0.15195465087890625
2014-10-07,17.75,17.892499923706055,17.68000030517578,17.732500076293945,16.581701278686523,-0.434690324096777,-0.5050062871142624,-0.0841636657714843,-0.08416366577148438
2014-10-08,17.65250015258789,18.434999465942383,17.65250015258789,18.28499984741211,17.098346710205078,-0.1539117189696497,3.115756476584397,0.5166454315185547,0.5166454315185547
2014-10-09,17.837499618530273,18.299999237060547,17.837499618530273,18.0049991607666,16.836517333984375,-0.2195776830719617,-1.5313139957820132,-0.2618293762207031,-0.2618293762207031
2014-10-10,17.905000686645508,18.262500762939453,17.8125,17.875,16.714954376220703,-0.1312682830723008,-0.7220196157687431,-0.1215629577636718,-0.12156295776367188
2014-10-13,17.954999923706055,18.39249992370605,17.69499969482422,18.19750022888184,17.016529083251953,-0.1788194984567336,1.8042209403830607,0.30157470703125,0.30157470703125
2014-10-14,18.417499542236328,18.787500381469727,18.092500686645508,18.395000457763672,17.201208114624023,-0.0723953497391934,1.0852920150081324,0.1846790313720703,0.1846790313720703
2014-10-15,18.177499771118164,18.799999237060547,17.895000457763672,18.75749969482422,17.540185928344727,-0.1199465651236263,1.9706628247379452,0.3389778137207031,0.3389778137207031
2014-10-16,18.52750015258789,18.89999961853028,18.502500534057617,18.5575008392334,17.353168487548828,-0.1493830317901799,-1.0662226817885645,-0.1870174407958984,-0.18701744079589844
2014-10-17,18.834999084472656,18.88999938964844,17.97249984741211,18.040000915527344,16.86924934387207,0.597850352822336,-2.788650061364739,-0.4839191436767578,-0.4839191436767578
2014-10-20,18.0,18.40250015258789,17.674999237060547,18.387500762939453,17.19420051574707,-0.3554382984560555,1.926293015480507,0.324951171875,0.324951171875
2014-10-21,18.537500381469727,18.667499542236328,18.21500015258789,18.637500762939453,17.427974700927734,-0.5479075035835218,1.359610672020284,0.233774185180664,0.23377418518066406
2014-10-22,18.7450008392334,18.76499938964844,18.32999992370605,18.54750061035156,17.343812942504883,-0.3531739548663207,-0.4829118693772893,-0.0841617584228515,-0.08416175842285156
2014-10-23,19.09499931335449,19.09499931335449,18.65999984741211,18.729999542236328,17.51447296142578,-0.301094052302418,0.9839821236924172,0.1706600189208984,0.17066001892089844
2014-10-24,18.76749992370605,18.975000381469727,18.75,18.877500534057617,17.65239906311035,0.1064877938498633,0.7874978709798475,0.1379261016845703,0.1379261016845703
2014-10-27,18.84499931335449,19.065000534057617,18.71500015258789,18.96500015258789,17.734222412109375,-0.3644956728149952,0.4635253752563129,0.0818233489990234,0.08182334899902344
2014-10-28,19.0625,19.795000076293945,19.0625,19.7450008392334,18.463600158691406,-0.2422211189693107,4.112826204795961,0.7293777465820312,0.7293777465820312
2014-10-29,19.7450008392334,19.9950008392334,19.184999465942383,19.43000030517578,18.16904067993164,0.0951660759011888,-1.5953523485565002,-0.2945594787597656,-0.2945594787597656
2014-10-30,19.21999931335449,19.90749931335449,19.21999931335449,19.842500686645508,18.55476951599121,-0.1312682830723008,2.1230005637315807,0.3857288360595703,0.3857288360595703
2014-10-31,20.0,20.0,19.662500381469727,19.95499992370605,18.65997314453125,-0.0112580728163512,0.566989681275043,0.105203628540039,0.10520362854003906
2014-11-03,20.0,20.0,19.59000015258789,19.727500915527344,18.44723320007324,-0.2558071805077201,-1.1400870880693637,-0.2127399444580113,-0.21273994445801137
2014-11-04,19.604999542236328,19.852500915527344,19.565000534057617,19.707500457763672,18.42853355407715,-0.2897723343537435,-0.1013682962278328,-0.0186996459960901,-0.018699645996090197
2014-11-05,19.78249931335449,19.83749961853028,19.592500686645508,19.795000076293945,18.510358810424805,-0.3169444574305623,0.4440139314804803,0.0818252563476562,0.08182525634765625
2014-11-06,19.795000076293945,20.0,19.667499542236328,19.98500061035156,18.68802833557129,-0.4912989138401494,0.9598383638377728,0.1776695251464843,0.17766952514648438
2014-11-07,19.96500015258789,20.0,19.63500022888184,19.89249992370605,18.60152816772461,-0.2308994010206362,-0.4628640662002525,-0.0865001678466796,-0.08650016784667969
2014-11-10,19.7450008392334,20.0625,19.7450008392334,20.040000915527344,18.73945999145508,-0.1878768728156732,0.7415080228182269,0.1379318237304723,0.1379318237304723
2014-11-11,20.040000915527344,20.1924991607666,19.71500015258789,19.967500686645508,18.671661376953125,0.0068566759015279,-0.3617959884269495,-0.0677986145019566,-0.06779861450195668
2014-11-12,19.95249938964844,20.232500076293945,19.920000076293945,20.19750022888184,18.886728286743164,-0.4482763856351863,1.1518359585050095,0.215066909790039,0.21506690979003906
2014-11-13,20.229999542236328,20.237499237060547,19.834999084472656,19.96249961853028,18.66698455810547,-0.6181021548653036,-1.1634822363168928,-0.2197437286376953,-0.2197437286376953
2014-11-14,20.049999237060547,20.0674991607666,19.795000076293945,19.857500076293945,18.56880187988281,-0.5275284112759078,-0.5259696761254706,-0.0981826782226598,-0.0981826782226598
2014-11-17,19.83749961853028,19.905000686645508,19.667499542236328,19.75,18.46827888488769,-0.5411144728143171,-0.54135423300532,-0.1005229949951171,-0.10052299499511719
2014-11-18,19.727500915527344,20.06999969482422,19.63999938964844,19.76749992370605,18.484638214111328,-0.2535428369179852,0.0885806919291409,0.0163593292236363,0.016359329223636365
2014-11-19,19.842500686645508,19.842500686645508,19.34499931335449,19.47249984741211,18.20878791809082,-0.4980919446093541,-1.492321855722989,-0.2758502960205078,-0.2758502960205078
2014-11-20,19.36750030517578,19.549999237060547,19.302499771118164,19.40999984741211,18.15034294128418,-0.5456431599937869,-0.3209712643672091,-0.0584449768066406,-0.058444976806640625
2014-11-21,19.647499084472656,19.670000076293945,19.334999084472656,19.375,18.117610931396484,-0.2784506164050691,-0.1803382448121393,-0.0327320098876953,-0.03273200988769531
2014-11-24,19.40250015258789,19.549999237060547,19.29750061035156,19.497499465942383,18.232160568237305,-0.4754485087120051,0.6322557498037229,0.1145496368408203,0.11454963684082031
2014-11-25,19.46999931335449,19.57250022888184,19.354999542236328,19.479999542236328,18.27437973022461,-0.6407455907626526,0.2315642286567776,0.0422191619873046,0.04221916198730469
2014-11-26,19.457500457763672,19.584999084472656,19.350000381469727,19.487499237060547,18.28141021728516,-0.4912989138401494,0.0384718231991376,0.0070304870605504,0.007030487060550428
2014-11-28,19.38500022888184,19.8799991607666,18.98500061035156,19.01499938964844,17.838159561157227,-0.5977230625576896,-2.4245977244624077,-0.4432506561279332,-0.44325065612793324
2014-12-01,19.07999992370605,19.375,18.84000015258789,19.25,18.058612823486328,0.3736803374385812,1.2358520595876945,0.2204532623291015,0.22045326232910156
2014-12-02,19.030000686645508,19.45249938964844,19.030000686645508,19.3700008392334,18.17118453979492,0.6589876297451782,0.6233685688315171,0.1125717163085902,0.1125717163085902
2014-12-03,19.46249961853028,19.795000076293945,19.38500022888184,19.637500762939453,18.422128677368164,-0.1810838420464685,1.3810004351872518,0.2509441375732457,0.25094413757324574
2014-12-04,19.63249969482422,19.63500022888184,19.34749984741211,19.434999465942383,18.232162475585938,-0.0701310061494586,-1.0311848598452245,-0.1899662017822265,-0.18996620178222656
2014-12-05,19.3799991607666,19.667499542236328,19.3799991607666,19.6299991607666,18.41509437561035,-0.3169444574305623,1.0033472456674852,0.182931900024414,0.18293190002441406
2014-12-08,19.6200008392334,19.707500457763672,19.252500534057617,19.387500762939453,18.187604904174805,-0.4867702266606796,-1.2353424141927971,-0.2274894714355468,-0.22748947143554688
2014-12-09,19.22249984741211,19.9375,19.22249984741211,19.9325008392334,18.69887351989746,-0.1991985907643477,2.8110827039425024,0.5112686157226562,0.5112686157226562
2014-12-10,19.787500381469727,19.975000381469727,19.3075008392334,19.59000015258789,18.37757110595703,-0.0950387856365424,-1.7182982365142596,-0.3213024139404297,-0.3213024139404297
2014-12-11,19.700000762939453,20.137500762939453,19.700000762939453,19.825000762939453,18.5980281829834,-0.0474875702521096,1.1995985527973652,0.2204570770263672,0.2204570770263672
2014-12-12,19.647499084472656,20.075000762939453,19.387500762939453,19.459999084472656,18.2556095123291,-0.2852436471742738,-1.8411557789099309,-0.3424186706542969,-0.3424186706542969
2014-12-15,19.61000061035156,19.832500457763672,19.125,19.424999237060547,18.222780227661133,0.310278716926004,-0.1798312165134596,-0.0328292846679687,-0.03282928466796875
2014-12-16,19.46999931335449,19.872499465942383,19.25,19.70249938964844,18.48310661315918,-0.0361658523034351,1.4285766619897444,0.2603263854980469,0.2603263854980469
2014-12-17,19.552499771118164,20.415000915527344,19.372499465942383,20.412500381469727,19.1491641998291,0.2378197220544873,3.603601930184808,0.6660575866699219,0.6660575866699219
2014-12-18,20.57749938964844,20.887500762939453,20.39999961853028,20.7450008392334,19.461088180541992,-0.1674977805080591,1.628916946232439,0.3119239807128906,0.3119239807128906
2014-12-19,20.65999984741211,20.65999984741211,20.19750022888184,20.47249984741211,19.20544815063477,2.6402882707632127,-1.3135957636881912,-0.255640029907223,-0.255640029907223
2014-12-22,20.497499465942383,20.5625,20.229999542236328,20.53249931335449,19.26173973083496,0.464254081027977,0.2931021435099046,0.0562915802001917,0.05629158020019176
2014-12-23,20.625,20.71249961853028,20.575000762939453,20.662500381469727,19.383691787719727,1.0461903835898456,0.6331310597533335,0.1219520568847656,0.12195205688476562
2014-12-24,20.75,20.75,20.45499992370605,20.467500686645508,19.200761795043945,-0.2829793035845389,-0.9437314350596248,-0.1829299926757812,-0.18292999267578125
2014-12-26,20.50749969482422,20.802499771118164,20.26000022888184,20.73500061035156,19.45170783996582,0.6023790400018058,1.3069587946591188,0.250946044921875,0.250946044921875
2014-12-29,20.802499771118164,21.002500534057617,20.674999237060547,20.79750061035156,19.51033401489257,0.529920045130289,0.3013934581430399,0.0586261749267542,0.05862617492675071
2014-12-30,20.815000534057617,20.9325008392334,20.559999465942383,20.63999938964844,19.36258125305176,-0.4641267907633306,-0.7573051375134421,-0.1477527618408132,-0.14775276184080965
2014-12-31,20.795000076293945,20.8700008392334,20.549999237060547,20.625,19.348512649536133,-0.2014629343540826,-0.0726587190610805,-0.0140686035156285,-0.014068603515628553
2015-01-02,20.770000457763672,20.770000457763672,19.9375,20.272499084472656,19.0178279876709,-0.3282661753792368,-1.7090960315916726,-0.3306846618652344,-0.3306846618652344
2015-01-05,20.11000061035156,20.25,19.88249969482422,20.147499084472656,18.90056610107422,-0.2897723343537435,-0.6165892691462949,-0.1172618865966796,-0.11726188659667969
2015-01-06,20.065000534057617,20.29750061035156,19.59749984741211,19.8700008392334,18.64023971557617,0.5661495425660474,-1.3773470281572942,-0.2603263854980504,-0.2603263854980504
2015-01-07,19.979999542236328,20.209999084472656,19.64999961853028,20.190000534057617,18.9404354095459,-0.1244752523030961,1.61047120933151,0.3001956939697301,0.3001956939697301
2015-01-08,20.36000061035156,20.739999771118164,20.09749984741211,20.4950008392334,19.22655868530273,0.9193871425646912,1.5106478260400902,0.2861232757568324,0.2861232757568324
2015-01-09,20.4325008392334,20.537500381469727,20.1299991607666,20.22249984741211,18.970922470092773,-0.215048995892492,-1.3295994327126914,-0.2556362152099574,-0.2556362152099574
2015-01-12,20.27750015258789,20.655000686645508,20.002500534057617,20.165000915527344,18.91698265075684,0.4189672092332791,-0.2843289219117806,-0.0539398193359339,-0.05393981933593395
2015-01-13,20.34000015258789,20.732500076293945,20.01499938964844,20.68000030517578,19.400108337402344,0.2581988143621014,2.5539257267658044,0.4831256866455042,0.48312568664550426
2015-01-14,20.655000686645508,20.667499542236328,20.239999771118164,20.4950008392334,19.22655868530273,-0.3509096112765857,-0.8945808398658217,-0.1735496520996129,-0.17354965209961293
2015-01-15,20.30500030517578,20.69750022888184,20.30500030517578,20.48500061035156,19.21717643737793,0.3057500297465342,-0.0487983735330321,-0.0093822479248011,-0.009382247924801135
2015-01-16,20.40749931335449,20.747499465942383,20.40749931335449,20.602500915527344,19.32740974426269,0.2400840656442222,0.5736186439458058,0.110233306884762,0.11023330688476207
2015-01-20,20.540000915527344,20.604999542236328,20.112499237060547,20.11750030517578,18.87242317199707,-0.0225797907650257,-2.354100100768464,-0.4549865722656214,-0.45498657226562145
2015-01-21,20.15999984741211,20.342500686645508,20.05500030517578,20.237499237060547,18.98499298095703,-0.4233686061481025,0.5964777704168478,0.1125698089599609,0.11256980895996094
2015-01-22,20.33749961853028,20.912500381469727,20.049999237060547,20.6875,19.40714263916016,0.2695205323107759,2.223596598779709,0.4221496582031285,0.42214965820312855
2015-01-23,20.604999542236328,20.8125,20.45499992370605,20.63500022888184,19.35788917541504,-0.0271084779444955,-0.2537903938817698,-0.0492534637451207,-0.04925346374512074
2015-01-26,20.690000534057617,20.690000534057617,20.36750030517578,20.64999961853028,19.371967315673828,-0.3282661753792368,0.0727255959119155,0.014078140258789,0.014078140258789062
2015-01-27,20.5,20.70249938964844,20.352500915527344,20.6200008392334,19.34382057189941,-0.0678666625597236,-0.145296258845351,-0.0281467437744176,-0.028146743774417615
2015-01-28,20.732500076293945,20.94750022888184,20.209999084472656,20.28499984741211,19.02955436706543,-0.3599669856355253,-1.6246335808682622,-0.3142662048339808,-0.3142662048339808
2015-01-29,20.167499542236328,20.7450008392334,20.1299991607666,20.6875,19.40714263916016,-0.4595981035838608,1.9842202545122367,0.3775882720947301,0.3775882720947301
2015-01-30,20.530000686645508,20.637500762939453,19.987499237060547,20.03499984741211,18.795026779174805,0.004592332311793,-3.154075132885425,-0.6121158599853551,-0.6121158599853551
2015-02-02,19.88500022888184,20.34000015258789,19.732500076293945,20.239999771118164,18.98733901977539,-0.3826104215328743,1.023208122340491,0.1923122406005859,0.19231224060058594
2015-02-03,20.24250030517578,20.84499931335449,20.24250030517578,20.762500762939453,19.47750473022461,-0.0520162574315794,2.5815397825820208,0.4901657104492187,0.49016571044921875
2015-02-04,20.5,20.940000534057617,20.287500381469727,20.76000022888184,19.475156784057617,-0.3078870830716227,-0.0120546558684653,-0.0023479461669921,-0.0023479461669921875
2015-02-05,20.65749931335449,22.604999542236328,20.51000022888184,22.52499961853028,21.13092041015625,2.2259133938417266,8.501927067688841,1.6557636260986328,1.6557636260986328
2015-02-06,22.497499465942383,22.975000381469727,22.174999237060547,22.64249992370605,21.241151809692383,0.7608830912832485,0.5216592434049927,0.1102313995361328,0.11023139953613281
2015-02-09,22.4950008392334,22.82749938964844,22.122499465942383,22.20249938964844,20.82838249206543,1.129971096410037,-1.9432529898807396,-0.4127693176269531,-0.4127693176269531
2015-02-10,22.25,22.424999237060547,21.88249969482422,21.975000381469727,20.614961624145508,0.8039056194882116,-1.0246636674798193,-0.2134208679199218,-0.21342086791992188
2015-02-11,21.86750030517578,21.957500457763672,21.809999465942383,21.90250015258789,20.54694366455078,-0.192405559995143,-0.329944633586221,-0.0680179595947265,-0.06801795959472656
2015-02-12,21.752500534057617,22.25749969482422,21.71500015258789,22.112499237060547,20.74394989013672,0.1223381989780076,0.9588103651923195,0.1970062255859375,0.1970062255859375
2015-02-13,22.184999465942383,22.19750022888184,21.95499992370605,22.09749984741211,20.729875564575195,-0.2331637446103711,-0.0678478575009244,-0.0140743255615234,-0.014074325561523438
2015-02-17,22.1924991607666,22.372499465942383,21.9950008392334,22.162500381469727,20.790855407714844,-0.3531739548663207,0.2941640578096649,0.0609798431396484,0.06097984313964844
2015-02-18,22.165000915527344,22.602500915527344,22.165000915527344,22.584999084472656,21.18720436096192,0.2310266912852827,1.9063619340068167,0.3963489532470738,0.3963489532470774
2015-02-19,22.600000381469727,22.86750030517578,22.31999969482422,22.34749984741211,20.96440887451172,0.0679939528243701,-1.0515567917998014,-0.2227954864501988,-0.22279548645020242
2015-02-20,22.302499771118164,22.39249992370605,21.897499084472656,22.01499938964844,20.65248107910156,0.4846331733355911,-1.4878921570233183,-0.3119277954101598,-0.3119277954101598
2015-02-23,21.88249969482422,21.88249969482422,21.625,21.84749984741211,20.49535179138184,0.0068566759015279,-0.760825235078999,-0.1571292877197194,-0.15712928771971946
2015-02-24,21.75,21.989999771118164,21.6299991607666,21.80500030517578,20.455480575561523,0.3759446810283161,-0.1945378455864399,-0.039871215820316,-0.03987121582031605
2015-02-25,21.780000686645508,21.92250061035156,21.52750015258789,21.737499237060547,20.39215660095215,-0.258071524097455,-0.3095697232605165,-0.063323974609375,-0.063323974609375
2015-02-26,21.77750015258789,21.887500762939453,21.607500076293945,21.7450008392334,20.399194717407227,-0.3984608266610186,0.0345138407516376,0.0070381164550781,0.007038116455078125
2015-02-27,21.655000686645508,21.854999542236328,21.5625,21.63249969482422,20.29366111755371,-0.3826104215328743,-0.5173419897965936,-0.1055335998535156,-0.10553359985351562
2015-03-02,21.854999542236328,22.02750015258789,21.729999542236328,21.94499969482422,20.586809158325195,-0.0882457548673377,1.4445300878603629,0.2931480407714844,0.2931480407714844
2015-03-03,21.94750022888184,21.94750022888184,21.59749984741211,21.8075008392334,20.45782470703125,0.1766824451316451,-0.6265393063197733,-0.1289844512939453,-0.1289844512939453
2015-03-04,21.65749931335449,21.770000457763672,21.48500061035156,21.59499931335449,20.3283920288086,-0.0746596933289283,-0.632680551701903,-0.1294326782226527,-0.12943267822264914
2015-03-05,21.5674991607666,21.787500381469727,21.53249931335449,21.63999938964844,20.370752334594727,0.2468770964134269,0.208380012182463,0.0423603057861292,0.04236030578612571
2015-03-06,21.475000381469727,21.5625,21.13500022888184,21.22249984741211,19.97773551940918,0.2106475989776686,-1.9293190979407515,-0.3930168151855469,-0.3930168151855469
2015-03-09,21.22249984741211,21.792499542236328,21.21999931335449,21.7549991607666,20.47900581359864,-0.1652334369183242,2.5091447111333043,0.5012702941894567,0.5012702941894602
2015-03-10,21.4424991607666,21.815000534057617,21.36000061035156,21.427499771118164,20.17071533203125,0.2559344707723665,-1.50539769544219,-0.3082904815673863,-0.3082904815673899
2015-03-11,21.38999938964844,21.6825008392334,21.32999992370605,21.602500915527344,20.335453033447266,0.2785779066697155,0.8167171996841027,0.1647377014160156,0.16473770141601562
2015-03-12,21.75,22.302499771118164,21.717500686645508,22.2549991607666,20.94968032836914,0.3691516502591114,3.020475097907127,0.614227294921875,0.614227294921875
2015-03-13,22.29750061035156,22.364999771118164,21.81999969482422,21.89249992370605,20.608444213867188,-0.192405559995143,-1.6288368564739697,-0.3412361145019531,-0.3412361145019531
2015-03-16,22.0674991607666,22.225000381469727,21.957500457763672,22.052499771118164,20.759057998657227,-0.4369546676865118,0.7308352985165856,0.150613784790039,0.15061378479003906
2015-03-17,22.052499771118164,22.28499984741211,21.875,22.270000457763672,20.96380615234375,0.2468770964134269,0.986307537171327,0.2047481536865234,0.20474815368652344
2015-03-18,22.13999938964844,22.299999237060547,21.9325008392334,22.1299991607666,20.832012176513672,0.310278716926004,-0.628673890954401,-0.1317939758300781,-0.13179397583007812
2015-03-19,22.31999969482422,22.31999969482422,21.90250015258789,21.940000534057617,20.65315628051757,-0.2127846523027571,-0.858562746990621,-0.1788558959960973,-0.17885589599610086
2015-03-20,22.0575008392334,22.15250015258789,22.0049991607666,22.127500534057617,20.829662322998047,0.8537211784623793,0.8546201853271818,0.1765060424804723,0.17650604248047586
2015-03-23,22.125,22.325000762939453,22.01749992370605,22.09749984741211,20.80141830444336,-0.0429588830726398,-0.1355951820856127,-0.0282440185546875,-0.0282440185546875
2015-03-24,22.02750015258789,22.47249984741211,21.90250015258789,22.377500534057617,21.065000534057617,0.1902685066700545,1.26713585466407,0.2635822296142578,0.2635822296142578
2015-03-25,22.395000457763672,22.405000686645508,21.89249992370605,21.92250061035156,20.63668441772461,0.0453505169270211,-2.0333069331781477,-0.4283161163330078,-0.4283161163330078
2015-03-26,21.780000686645508,22.0575008392334,21.780000686645508,21.86000061035156,20.57784843444824,-0.3554382984560555,-0.2851038572157294,-0.0588359832763707,-0.05883598327637074
2015-03-27,21.934999465942383,22.342500686645508,21.934999465942383,22.237499237060547,20.933204650878903,-0.1063605035852169,1.7268871309003453,0.355356216430664,0.35535621643066406
2015-03-30,22.20249938964844,22.5,22.11750030517578,22.2549991607666,20.94968032836914,0.2038545682084639,0.0787059495429343,0.0164756774902379,0.016475677490237928
2015-03-31,22.084999084472656,22.2450008392334,21.9375,22.225000381469727,20.92144012451172,-0.2512784933282503,-0.1348001659919329,-0.0282402038574218,-0.028240203857421875
2015-04-01,22.177499771118164,22.177499771118164,21.815000534057617,22.037500381469727,20.74493980407715,-0.1969342471746128,-0.8436337048699727,-0.1765003204345703,-0.1765003204345703
2015-04-02,21.887500762939453,22.334999084472656,21.887500762939453,22.270000457763672,20.96380615234375,-0.5094136625580286,1.0550348679420507,0.2188663482666015,0.21886634826660156
2015-04-06,22.13249969482422,22.4375,22.075000762939453,22.38500022888184,21.07205581665039,-0.1244752523030961,0.5163645547950235,0.1082496643066406,0.10824966430664062
2015-04-07,22.38999938964844,22.4950008392334,22.184999465942383,22.25749969482422,20.9520320892334,0.0362931425680815,-0.5695871748885306,-0.1200237274169921,-0.12002372741699219
2015-04-08,22.28249931335449,22.4424991607666,22.01749992370605,22.39249992370605,21.07911872863769,-0.5479075035835218,0.6065599692814505,0.1270866394042933,0.12708663940429332
2015-04-09,22.46999931335449,22.46999931335449,22.08749961853028,22.292499542236328,20.98497772216797,-0.5773439702500754,-0.4466078856599664,-0.094141006469723,-0.09414100646972301
2015-04-10,22.47249984741211,22.477500915527344,22.1924991607666,22.4375,21.121479034423828,-0.4595981035838608,0.6504715614334966,0.1365013122558593,0.13650131225585938
2015-04-13,22.39999961853028,22.67250061035156,22.36750030517578,22.39999961853028,21.08617782592773,-0.2648645548666597,-0.167134169148686,-0.0353012084960973,-0.0353012084960973
2015-04-14,22.4950008392334,22.592500686645508,22.27499961853028,22.40749931335449,21.09324073791504,-0.4075182010199582,0.0334954587105196,0.0070629119873082,0.00706291198730824
2015-04-15,22.36000061035156,22.65250015258789,22.36000061035156,22.4950008392334,21.17560386657715,-0.1539117189696497,0.3904716666607966,0.0823631286621093,0.08236312866210938
2015-04-16,22.3700008392334,22.47249984741211,22.165000915527344,22.3174991607666,21.00851821899414,-0.2105203087130222,-0.7890478525938494,-0.1670856475830078,-0.1670856475830078
2015-04-17,22.114999771118164,22.1200008392334,21.6924991607666,21.864999771118164,20.582557678222656,-0.2693932420461295,-2.0275610889413764,-0.4259605407714844,-0.4259605407714844
2015-04-20,21.9325008392334,22.47249984741211,21.9325008392334,22.38500022888184,21.07205581665039,-0.2444854625590456,2.378218227687268,0.4894981384277344,0.4894981384277344
2015-04-21,22.530000686645508,22.530000686645508,22.21249961853028,22.27750015258789,20.97085952758789,-0.3622313292252602,-0.4802392796555588,-0.1011962890625,-0.1011962890625
2015-04-22,22.092500686645508,22.34499931335449,21.95249938964844,22.280000686645508,20.97321319580078,-0.3916677958918139,0.0112235180908637,0.0023536682128906,0.002353668212890625
2015-04-23,24.0625,24.25,22.83749961853028,23.82250022888184,22.42524147033692,2.0968458092268376,6.923251392051166,1.4520282745361364,1.45202827453614
2015-04-24,23.76000022888184,24.114999771118164,23.76000022888184,23.84000015258789,22.44171714782715,1.82059589127918,0.0734693426245769,0.0164756774902308,0.01647567749022727
2015-04-27,23.799999237060547,23.799999237060547,23.022499084472656,23.427499771118164,22.05341339111328,2.5542432143532867,-1.7302764942452864,-0.3883037567138672,-0.3883037567138672
2015-04-28,23.375,23.717500686645508,23.375,23.549999237060547,22.16872215270996,0.2400840656442222,0.5228612893237949,0.1153087615966796,0.11530876159667969
2015-04-29,23.4950008392334,23.4950008392334,23.0,23.022499084472656,21.672163009643555,6.364513232321146e-05,-2.239908731075446,-0.4965591430664062,-0.49655914306640625
2015-04-30,23.0,23.0049991607666,22.112499237060547,22.15250015258789,20.85319328308105,0.9533522964107148,-3.778901654616029,-0.8189697265625036,-0.8189697265625036
2015-05-01,22.232500076293945,22.40749931335449,21.834999084472656,22.082500457763672,20.78729820251465,0.0340287989783466,-0.3159951556189977,-0.0658950805664027,-0.0658950805664027
2015-05-04,21.99250030517578,22.272499084472656,21.967500686645508,22.145000457763672,20.846132278442383,0.3012213425670644,0.2830289696840848,0.0588340759277343,0.058834075927734375
2015-05-05,22.0049991607666,22.28499984741211,21.52499961853028,21.76499938964844,20.48841857910156,0.4234958964127489,-1.7159715508029638,-0.3577136993408238,-0.35771369934082387
2015-05-06,21.8799991607666,21.975000381469727,21.53499984741211,21.854999542236328,20.57314109802246,0.0181783938502023,0.4135141938544695,0.0847225189209019,0.08472251892090199
2015-05-07,21.729999542236328,22.09000015258789,21.54750061035156,21.89999961853028,20.615503311157227,-0.1788194984567336,0.2059102833783521,0.0423622131347656,0.042362213134765625
2015-05-08,22.075000762939453,22.27499961853028,21.46500015258789,21.6200008392334,20.3519287109375,0.1902685066700545,-1.27852614724705,-0.2635746002197265,-0.26357460021972656
2015-05-11,21.582500457763672,22.1200008392334,21.424999237060547,21.709999084472656,20.436647415161133,-0.1742908112772638,0.4162686761874479,0.0847187042236328,0.08471870422363281
2015-05-12,21.67250061035156,21.747499465942383,21.272499084472656,21.5575008392334,20.29309463500977,-0.0701310061494586,-0.7024282272681703,-0.1435527801513636,-0.14355278015136363
2015-05-13,21.677499771118164,21.717500686645508,21.38999938964844,21.614999771118164,20.34722137451172,-0.3599669856355253,0.2667249154230555,0.0541267395019495,0.05412673950194957
2015-05-14,21.637500762939453,21.729999542236328,21.395000457763672,21.45249938964844,20.19424629211425,0.0815800143627795,-0.7518229618767025,-0.1529750823974645,-0.15297508239746804
2015-05-15,21.45499992370605,21.63999938964844,21.237499237060547,21.33749961853028,20.08599090576172,0.4099098348743395,-0.5360704469312583,-0.1082553863525355,-0.10825538635253196
2015-05-18,21.33749961853028,21.36750030517578,21.0575008392334,21.3125,20.06245994567871,1.4854730399984153,-0.1171511039381068,-0.0235309600830078,-0.023530960083007812
2015-05-19,21.342500686645508,21.71249961853028,21.020000457763672,21.670000076293945,20.39899063110352,1.6122762810235696,1.6774148650564369,0.3365306854248082,0.33653068542480824
2015-05-20,21.65999984741211,22.0,21.575000762939453,21.707500457763672,20.43429374694824,0.0362931425680815,0.1730630523987253,0.0353031158447194,0.03530311584471946
2015-05-21,21.684999465942383,21.709999084472656,21.3700008392334,21.537500381469727,20.27426528930664,0.6793667220527922,-0.7831367192002836,-0.160028457641598,-0.160028457641598
2015-05-22,21.559999465942383,21.700000762939453,21.25749969482422,21.559999465942383,20.29544448852539,0.2740492194902457,0.1044634610257499,0.02117919921875,0.02117919921875
2015-05-26,21.5575008392334,21.604999542236328,21.405000686645508,21.477500915527344,20.21778678894043,0.926180173333896,-0.3826361114134147,-0.0776576995849609,-0.07765769958496094
2015-05-27,21.450000762939453,21.477500915527344,21.17250061035156,21.27499961853028,20.027158737182617,1.1775223117944695,-0.9428729946944104,-0.1906280517578125,-0.1906280517578125
2015-05-28,21.2450008392334,21.377500534057617,21.05500030517578,21.25,20.003625869750977,0.0204427374399372,-0.117504773095689,-0.0235328674316406,-0.023532867431640625
2015-05-29,21.315000534057617,21.387500762939453,21.04750061035156,21.280000686645508,20.03186798095703,0.2876352810286551,0.1411849601164583,0.0282421112060546,0.028242111206054688
2015-06-01,21.299999237060547,21.3799991607666,21.03249931335449,21.232500076293945,19.98715591430664,0.4506680194895677,-0.2232046791287523,-0.0447120666503906,-0.044712066650390625
2015-06-02,21.11000061035156,21.34000015258789,21.0625,21.24250030517578,19.99656867980957,0.9850531066670032,0.0470940715291634,0.0094127655029296,0.009412765502929688
2015-06-03,21.25,21.4325008392334,21.184999465942383,21.36750030517578,20.114234924316406,1.7481368964076631,0.5884321774947354,0.1176662445068359,0.11766624450683594
2015-06-04,21.30500030517578,21.34749984741211,20.86750030517578,21.174999237060547,19.93302345275879,1.3292333323067076,-0.900911579483188,-0.1812114715576172,-0.1812114715576172
2015-06-05,21.9950008392334,21.9950008392334,21.13999938964844,21.709999084472656,20.436647415161133,0.6431372246170339,2.5265808952461777,0.5036239624023438,0.5036239624023438
2015-06-08,21.61000061035156,21.989999771118164,21.5049991607666,21.575000762939453,20.3095645904541,0.1415851194907542,-0.6218379273537522,-0.1270828247070312,-0.12708282470703125
2015-06-09,21.5049991607666,21.73500061035156,21.3700008392334,21.479999542236328,20.220138549804688,0.2378197220544873,-0.4403149080381863,-0.089426040649414,-0.08942604064941406
2015-06-10,21.45499992370605,21.80500030517578,21.45499992370605,21.56999969482422,20.37600517272949,0.5242591861559518,0.7708484417200401,0.1558666229248011,0.15586662292480113
2015-06-11,21.5049991607666,21.6299991607666,21.424999237060547,21.479999542236328,20.290987014770508,-0.4097825446096931,-0.4172464486452254,-0.0850181579589808,-0.08501815795898082
2015-06-12,21.325000762939453,21.5049991607666,21.2549991607666,21.299999237060547,20.12094688415528,-0.3577026420457905,-0.838008178170202,-0.1700401306152308,-0.17004013061522727
2015-06-15,21.114999771118164,21.3700008392334,20.75,20.88500022888184,19.728923797607425,0.0011958169271906,-1.948333191300056,-0.3920230865478515,-0.3920230865478551
2015-06-16,20.7549991607666,21.459999084472656,20.75,21.3799991607666,20.19652366638184,0.388398570771858,2.370123548407244,0.467599868774414,0.46759986877441406
2015-06-17,21.52499961853028,21.559999465942383,21.15999984741211,21.350000381469727,20.16818618774414,-0.2920366779434785,-0.1403086942376563,-0.0283374786376988,-0.028337478637698865
2015-06-18,21.479999542236328,21.82999992370605,21.459999084472656,21.69499969482422,20.49408912658692,0.2412162374390897,1.615925873596025,0.325902938842777,0.32590293884278054
2015-06-19,21.7450008392334,21.96500015258789,21.670000076293945,21.8799991607666,20.66884422302246,0.5774712605147219,0.8527097513635562,0.1747550964355433,0.17475509643553977
2015-06-22,21.940000534057617,22.11000061035156,21.834999084472656,22.104999542236328,20.88138961791992,0.1370564323112844,1.0283371077939083,0.2125453948974573,0.21254539489745738
2015-06-23,22.184999465942383,22.34000015258789,21.875,22.315000534057617,21.07976722717285,0.4393463015408931,0.9500211091444388,0.1983776092529332,0.19837760925293324
2015-06-24,22.174999237060547,22.280000686645508,22.1299991607666,22.25,21.018360137939453,0.2627275015415712,-0.291308194116302,-0.0614070892333984,-0.06140708923339844
2015-06-25,22.290000915527344,22.34000015258789,22.11000061035156,22.30500030517578,21.07032012939453,-0.0837170676878679,0.2472123948494387,0.0519599914550781,0.051959991455078125
2015-06-26,22.30500030517578,22.56999969482422,22.05500030517578,22.5,21.254528045654297,2.681046455378441,0.8742530494483702,0.1842079162597656,0.18420791625976562
2015-06-29,22.27499961853028,22.5049991607666,22.09000015258789,22.145000457763672,20.91917610168457,0.5004835784637354,-1.577790592429984,-0.3353519439697265,-0.33535194396972656
2015-06-30,22.32999992370605,22.420000076293945,22.1200008392334,22.38999938964844,21.15061378479004,0.3691516502591114,1.1063422478040597,0.2314376831054687,0.23143768310546875
2015-07-01,22.56999969482422,22.71999931335449,22.184999465942383,22.45499992370605,21.212018966674805,0.5559599964122404,0.290323403895365,0.0614051818847656,0.061405181884765625
2015-07-02,22.405000686645508,22.51499938964844,22.334999084472656,22.479999542236328,21.235631942749023,-0.0101259010214838,0.1113188523511832,0.0236129760742187,0.02361297607421875
2015-07-06,22.299999237060547,22.700000762939453,22.125,22.6200008392334,21.367881774902344,0.3091465451311366,0.6227732356157922,0.1322498321533203,0.1322498321533203
2015-07-07,22.64999961853028,22.75,22.38500022888184,22.6299991607666,21.377330780029297,0.2932961400029923,0.044220598122413,0.0094490051269531,0.009449005126953125
2015-07-08,22.475000381469727,22.64999961853028,22.25,22.575000762939453,21.325374603271484,0.9091975964108844,-0.2430433307714419,-0.0519561767578125,-0.0519561767578125
2015-07-09,22.82999992370605,22.82999992370605,22.39999961853028,22.71500015258789,21.457624435424805,0.474443627181784,0.6201524456833418,0.1322498321533203,0.1322498321533203
2015-07-10,22.739999771118164,23.290000915527344,22.63500022888184,23.270000457763672,21.981904983520508,0.6193616169248175,2.443329874066391,0.5242805480957031,0.5242805480957031
2015-07-13,23.334999084472656,23.3700008392334,22.565000534057617,23.239999771118164,21.953563690185547,0.4302889271819536,-0.1289301057219916,-0.0283412933349609,-0.028341293334960938
2015-07-14,23.280000686645508,23.280000686645508,23.040000915527344,23.18000030517578,21.896881103515625,0.3782090246180509,-0.2581931000808835,-0.0566825866699218,-0.056682586669921875
2015-07-15,23.13500022888184,23.225000381469727,22.8700008392334,22.96999931335449,21.69850730895996,0.5344487323097589,-0.9059454340454632,-0.198373794555664,-0.19837379455566406
2015-07-16,23.15999984741211,23.30500030517578,23.05500030517578,23.184999465942383,21.901609420776367,-0.247881977943648,0.9360188188269448,0.2031021118164062,0.20310211181640625
2015-07-17,23.28499984741211,23.315000534057617,22.975000381469727,23.01000022888184,21.736291885375977,0.0600687502602979,-0.7548191195646425,-0.1653175354003906,-0.16531753540039062
2015-07-20,23.065000534057617,23.065000534057617,22.729999542236328,22.799999237060547,21.537919998168945,0.5729425733352521,-0.912629846218138,-0.1983718872070312,-0.19837188720703125
2015-07-21,22.709999084472656,22.989999771118164,22.520000457763672,22.61000061035156,21.358436584472656,0.0215749092348047,-0.8333368018432097,-0.179483413696289,-0.17948341369628906
2015-07-22,21.5,22.670000076293945,20.68000030517578,22.65999984741211,21.405670166015625,4.617060224601778,0.2211471862940905,0.0472335815429687,0.04723358154296875
2015-07-23,22.584999084472656,22.59000015258789,22.0049991607666,22.174999237060547,20.94751167297364,1.5794432989724136,-2.1403604254791158,-0.4581584930419886,-0.4581584930419851
2015-07-24,22.09000015258789,22.184999465942383,21.82999992370605,21.940000534057617,20.72552299499512,0.5989825246172034,-1.0597376979382456,-0.2219886779785156,-0.22198867797851918
2015-07-27,21.81999969482422,22.170000076293945,21.75,22.114999771118164,20.890838623046875,0.5536956528225054,0.7976427330286251,0.1653156280517542,0.16531562805175426
2015-07-28,22.13500022888184,22.325000762939453,21.924999237060547,22.125,20.90028190612793,0.4982192348740005,0.0452029870674275,0.0094432830810546,0.009443283081054688
2015-07-29,22.13500022888184,22.299999237060547,22.01000022888184,22.19499969482422,20.96640586853028,0.1800789605162475,0.3163783278107734,0.0661239624023473,0.06612396240235086
2015-07-30,22.15999984741211,22.28499984741211,22.02499961853028,22.165000915527344,20.93806838989257,0.1698894143624404,-0.135156587234797,-0.0283374786377024,-0.028337478637709523
2015-07-31,22.299999237060547,22.3799991607666,22.155000686645508,22.2450008392334,21.01363945007324,0.103091278465261,0.3609266087656104,0.075571060180664,0.07557106018066762
2015-08-03,22.190000534057617,22.295000076293945,21.989999771118164,22.09000015258789,20.86721611022949,0.1506424938496938,-0.6968014283848412,-0.14642333984375,-0.14642333984375
2015-08-04,22.045000076293945,22.364999771118164,21.95499992370605,22.059999465942383,20.838876724243164,-0.4709198215325353,-0.1358081779410547,-0.0283393859863245,-0.028339385986324572
2015-08-05,22.11000061035156,22.21999931335449,21.975000381469727,22.14999961853028,20.92389678955078,-0.2999618805075506,0.4079877549671762,0.0850200653076171,0.08502006530761719
2015-08-06,22.25,22.25,21.8799991607666,21.905000686645508,20.692459106445312,-0.20259510614895,-1.106092643417389,-0.2314376831054687,-0.23143768310546875
2015-08-07,21.76499938964844,21.90999984741211,21.625,21.795000076293945,20.58854484558105,0.1087521374395982,-0.502184203094036,-0.1039142608642613,-0.10391426086426137
2015-08-10,21.834999084472656,22.020000457763672,21.645000457763672,21.76499938964844,20.56020736694336,0.4472715041049653,-0.1376371125314079,-0.0283374786376917,-0.02833747863769176
2015-08-11,21.57999992370605,21.64999961853028,21.424999237060547,21.530000686645508,20.33821678161621,0.4359497861562908,-1.0797098558648963,-0.2219905853271484,-0.22199058532714844
2015-08-12,21.43000030517578,21.934999465942383,21.43000030517578,21.88999938964844,20.678285598754883,-0.1301361112774333,1.6720680126001142,0.3400688171386719,0.3400688171386719
2015-08-13,21.854999542236328,22.01499938964844,21.690000534057617,21.709999084472656,20.50825500488281,0.1642285553881032,-0.8222663966025889,-0.1700305938720738,-0.17003059387207387
2015-08-14,21.6200008392334,21.975000381469727,21.5,21.88999938964844,20.678285598754883,-0.2705254138409969,0.8290836730457718,0.1700305938720738,0.17003059387207387
2015-08-17,21.93000030517578,22.1299991607666,21.6200008392334,22.084999084472656,20.86249542236328,-0.1731586394823964,0.890837021902291,0.1842098236083984,0.18420982360839844
2015-08-18,21.989999771118164,22.21999931335449,21.8700008392334,21.924999237060547,20.711349487304688,-0.4573337599941259,-0.7244863665569645,-0.1511459350585937,-0.15114593505859375
2015-08-19,21.850000381469727,21.96500015258789,21.59000015258789,21.69499969482422,20.49408912658692,-0.2648645548666597,-1.0489918141304289,-0.2172603607177698,-0.21726036071776633
2015-08-20,21.549999237060547,21.77499961853028,21.32999992370605,21.434999465942383,20.24847984313965,-0.2184455112770943,-1.1984396180293788,-0.2456092834472691,-0.24560928344727273
2015-08-21,21.0,21.7450008392334,21.0,21.415000915527344,20.22957992553711,1.0258112912822317,-0.093339933412051,-0.018899917602539,-0.018899917602539062
2015-08-24,20.34000015258789,21.415000915527344,20.290000915527344,20.645000457763672,19.502206802368164,0.2298945194904152,-3.5955918306080803,-0.7273731231689453,-0.7273731231689453
2015-08-25,21.26000022888184,21.420000076293945,20.354999542236328,20.540000915527344,19.403018951416016,0.2321588630801501,-0.5085980881922803,-0.0991878509521484,-0.09918785095214844
2015-08-26,20.959999084472656,21.125,20.540000915527344,21.045000076293945,19.880062103271484,0.3408473553874251,2.4586027207928574,0.4770431518554687,0.47704315185546875
2015-08-27,21.13999938964844,21.420000076293945,20.854999542236328,21.21999931335449,20.045373916625977,0.5084087810278075,0.8315457592423137,0.1653118133544922,0.1653118133544922
2015-08-28,21.125,21.415000915527344,20.98500061035156,21.354999542236328,20.17290496826172,0.1325277451318146,0.6362118869230216,0.1275310516357422,0.1275310516357422
2015-08-31,21.26499938964844,21.459999084472656,21.14999961853028,21.375,20.19179916381836,0.2378197220544873,0.0936612529844671,0.0188941955566406,0.018894195556640625
2015-09-01,20.9950008392334,21.420000076293945,20.94499969482422,21.01499938964844,19.85172462463379,0.4925583758996633,-1.6842210861226723,-0.3400745391845703,-0.3400745391845703
2015-09-02,21.1299991607666,21.27499961853028,20.924999237060547,21.170000076293945,20.06977081298828,0.3578299323104369,1.098374032873295,0.2180461883544922,0.2180461883544922
2015-09-03,21.155000686645508,21.45499992370605,21.155000686645508,21.26000022888184,20.15509605407715,-0.0112580728163512,0.4251430765400021,0.0853252410888671,0.08532524108886719
2015-09-04,21.03499984741211,21.26499938964844,21.03499984741211,21.145000457763672,20.04607391357422,-0.2286350574309013,-0.540916005611769,-0.1090221405029296,-0.10902214050292969
2015-09-08,21.38500022888184,21.82999992370605,21.334999084472656,21.674999237060547,20.54853248596192,0.1087521374395982,2.506518605857577,0.5024585723876989,0.5024585723877024
2015-09-09,21.84499931335449,21.8700008392334,21.450000762939453,21.475000381469727,20.35891914367676,-0.1505152035850474,-0.9227585591072952,-0.1896133422851562,-0.1896133422851598
2015-09-10,21.415000915527344,21.81999969482422,21.415000915527344,21.76499938964844,20.633848190307617,-0.1222109087133612,1.3504108184262176,0.2749290466308558,0.2749290466308558
2015-09-11,21.59499931335449,21.905000686645508,21.559999465942383,21.834999084472656,20.700204849243164,-0.3916677958918139,0.3215912917626129,0.0663566589355468,0.06635665893554688
2015-09-14,21.82999992370605,21.93000030517578,21.614999771118164,21.725000381469727,20.595928192138672,-0.1493830317901799,-0.5037469815585172,-0.1042766571044921,-0.10427665710449219
2015-09-15,21.80500030517578,22.100000381469727,21.729999542236328,21.96500015258789,20.82345390319824,-0.3044905676870204,1.104712101037575,0.2275257110595667,0.22752571105956676
2015-09-16,22.01000022888184,22.19499969482422,21.89999961853028,21.98500061035156,20.842416763305664,-0.4992241164042215,0.0910649126488749,0.0189628601074254,0.018962860107425428
2015-09-17,21.875,22.27499961853028,21.84499931335449,21.88999938964844,20.752347946166992,-0.2093881369181547,-0.4321419063898712,-0.0900688171386718,-0.09006881713867188
2015-09-18,21.55500030517578,21.915000915527344,21.46500015258789,21.59499931335449,20.47268486022949,0.6103042425658779,-1.3476214193351432,-0.2796630859375035,-0.27966308593750355
2015-09-21,21.700000762939453,21.98500061035156,21.53499984741211,21.834999084472656,20.700204849243164,-0.0044650420471465,1.1113343978427448,0.2275199890136754,0.22751998901367543
2015-09-22,21.670000076293945,21.729999542236328,21.5049991607666,21.600000381469727,20.4774227142334,-0.2071237933284198,-1.076231547621187,-0.2227821350097656,-0.22278213500976562
2015-09-23,21.6200008392334,21.770000457763672,21.52499961853028,21.725000381469727,20.595928192138672,-0.0452232266623747,0.5787128563933042,0.1185054779052734,0.11850547790527344
2015-09-24,21.645000457763672,22.19499969482422,21.63500022888184,22.155000686645508,21.003582000732425,0.0861087015422492,1.9792932117007167,0.4076538085937535,0.40765380859375355
2015-09-25,22.280000686645508,22.479999542236328,21.790000915527344,22.19499969482422,21.04150009155273,-0.048619742046977,0.1805315437099386,0.0379180908203053,0.037918090820305395
2015-09-28,22.100000381469727,22.584999084472656,21.96500015258789,22.459999084472656,21.29272651672364,1.6654883553823396,1.1939568190376448,0.2512264251709055,0.2512264251709091
2015-09-29,22.434999465942383,22.475000381469727,22.18000030517578,22.270000457763672,21.112606048583984,1.3564054553835263,-0.8459248654613671,-0.180120468139652,-0.18012046813965554
2015-09-30,22.434999465942383,22.559999465942383,22.100000381469727,22.280000686645508,21.12208366394043,1.4820765246138132,0.0448907886342109,0.0094776153564453,0.009477615356445312
2015-10-01,22.31999969482422,22.700000762939453,22.23500061035156,22.584999084472656,21.41123008728028,1.0280756348719664,1.3689294481560976,0.2891464233398473,0.28914642333985086
2015-10-02,22.1200008392334,22.96500015258789,22.05500030517578,22.950000762939453,21.75726890563965,1.2941360066658167,1.6161557133746562,0.3460388183593714,0.3460388183593679
2015-10-05,23.184999465942383,23.75,22.82999992370605,23.69499969482422,22.463542938232425,0.5333165605148914,3.2461520591387627,0.706274032592777,0.706274032592777
2015-10-06,23.709999084472656,23.895000457763672,23.56999969482422,23.780000686645508,22.54412651062012,1.0609086169231223,0.3587304665576329,0.0805835723876953,0.08058357238769531
2015-10-07,23.809999465942383,24.565000534057617,23.809999465942383,24.565000534057617,23.288330078125,0.6046433835915407,3.301097370768824,0.7442035675048793,0.7442035675048793
2015-10-08,24.55500030517578,24.834999084472656,24.38500022888184,24.790000915527344,23.50164031982422,0.5276557015405542,0.915953359402022,0.2133102416992187,0.21331024169921875
2015-10-09,24.76000022888184,25.02499961853028,24.684999465942383,24.81999969482422,23.530073165893555,0.1812111323111149,0.1209823896647366,0.0284328460693359,0.028432846069335938
2015-10-12,24.76000022888184,25.05500030517578,24.73500061035156,24.94499969482422,23.64858055114746,0.0306322835937443,0.5036422301724075,0.1185073852539062,0.11850738525390625
2015-10-13,24.979999542236328,25.3799991607666,24.530000686645508,24.530000686645508,23.2551498413086,0.5684138861557823,-1.663654649326396,-0.3934307098388636,-0.3934307098388601
2015-10-14,24.56999969482422,24.81999969482422,24.299999237060547,24.34000015258789,23.07502174377441,0.3317899810284856,-0.7745729387398814,-0.1801280975341868,-0.18012809753419035
2015-10-15,24.375,24.65999984741211,23.229999542236328,24.209999084472656,22.9517822265625,0.4450071605152304,-0.5340819115161155,-0.1232395172119105,-0.12323951721191051
2015-10-16,24.315000534057617,24.315000534057617,24.0049991607666,24.200000762939453,22.942302703857425,0.388398570771858,-0.0413019024470551,-0.0094795227050745,-0.009479522705074572
2015-10-19,24.13999938964844,24.68000030517578,24.13999938964844,24.39999961853028,23.13190650939941,0.2468770964134269,0.8264375550676828,0.189603805541985,0.18960380554198508
2015-10-20,24.39999961853028,24.799999237060547,24.299999237060547,24.7450008392334,23.45897674560547,0.113280824619068,1.413935492403784,0.3270702362060582,0.32707023620605824
2015-10-21,25.0049991607666,25.100000381469727,24.290000915527344,24.34000015258789,23.07502174377441,0.2049867400033313,-1.636708224722483,-0.3839550018310582,-0.38395500183105824
2015-10-22,24.75,27.02499961853028,24.75,26.43000030517578,25.0564079284668,2.959560716915833,8.586714269194417,1.98138618469239,1.98138618469239
2015-10-23,26.48500061035156,27.364999771118164,26.11000061035156,26.5049991607666,25.12750625610352,0.5944538374377336,0.2837530736237159,0.0710983276367187,0.07109832763671875
2015-10-26,26.375,26.6299991607666,25.979999542236328,26.1200008392334,24.76251602172852,0.8741002707699934,-1.4525525559717756,-0.364990234375,-0.364990234375
2015-10-27,26.1200008392334,26.2549991607666,25.68000030517578,25.924999237060547,24.5776481628418,0.3714159938488462,-0.7465633085285139,-0.1848678588867187,-0.18486785888671875
2015-10-28,25.950000762939453,26.3700008392334,25.670000076293945,26.0,24.64875030517578,1.322440301537503,0.2892959564840591,0.0711021423339808,0.07110214233398082
2015-10-29,26.01499938964844,26.01499938964844,25.655000686645508,25.795000076293945,24.454402923583984,0.6125685861556128,-0.7884674849052642,-0.1943473815917968,-0.19434738159179688
2015-10-30,25.80500030517578,25.940000534057617,25.5,25.70499992370605,24.369083404541016,0.6533267707708409,-0.3488922600546784,-0.0853195190429687,-0.08531951904296875
2015-11-02,25.690000534057617,26.01000022888184,25.295000076293945,25.674999237060547,24.34064102172852,0.1721537579521753,-0.1167150292045726,-0.0284423828124964,-0.028442382812496447
2015-11-03,25.48500061035156,25.780000686645508,25.26000022888184,25.549999237060547,24.22213363647461,-0.0361658523034351,-0.4868704367650744,-0.1185073852539098,-0.1185073852539098
2015-11-04,25.51499938964844,25.625,25.325000762939453,25.51000022888184,24.18421745300293,-0.356570470250923,-0.1565352748883475,-0.0379161834716796,-0.03791618347167969
2015-11-05,25.549999237060547,25.670000076293945,25.19499969482422,25.52499961853028,24.19844055175781,-0.1618369215337219,0.0588114905206937,0.0142230987548792,0.01422309875487926
2015-11-06,25.40999984741211,25.86000061035156,25.26000022888184,25.815000534057617,24.473365783691406,-0.3101514266613576,1.1361278895041238,0.2749252319335973,0.2749252319335973
2015-11-09,25.700000762939453,25.7450008392334,25.434999465942383,25.6299991607666,24.297975540161133,-0.2308994010206362,-0.7166576313224149,-0.1753902435302734,-0.17539024353027344
2015-11-10,25.559999465942383,25.934999465942383,25.559999465942383,25.770000457763672,24.430707931518555,0.0385574861578164,0.5462693430489107,0.1327323913574218,0.13273239135742188
2015-11-11,25.84000015258789,26.100000381469727,25.70499992370605,25.78499984741211,24.44492721557617,-0.4041216856353559,0.0582025052138224,0.0142192840576136,0.014219284057613635
2015-11-12,25.584999084472656,25.68000030517578,25.38500022888184,25.46999931335449,24.14629554748535,-0.0542806010213143,-1.2216508785533595,-0.2986316680908167,-0.29863166809081676
2015-11-13,25.26000022888184,25.489999771118164,25.03499984741211,25.225000381469727,23.914033889770508,0.4291567553870861,-0.9618935428752806,-0.2322616577148437,-0.23226165771484375
2015-11-16,25.28499984741211,25.59499931335449,25.13500022888184,25.559999465942383,24.231618881225582,-0.1335326266620357,1.3280276883396391,0.3175849914550746,0.3175849914550746
2015-11-17,25.55500030517578,25.6200008392334,25.100000381469727,25.2450008392334,23.93299102783203,-0.3282661753792368,-1.23238919717793,-0.2986278533935511,-0.29862785339355113
2015-11-18,25.2549991607666,25.520000457763672,25.125,25.40999984741211,24.089418411254883,-0.2603358676871899,0.6536056577338689,0.1564273834228515,0.15642738342285156
2015-11-19,25.44499969482422,25.450000762939453,25.209999084472656,25.295000076293945,23.980392456054688,-0.2569393523025876,-0.4525885737002966,-0.1090259552001953,-0.10902595520019531
2015-11-20,25.459999084472656,25.815000534057617,25.2450008392334,25.76000022888184,24.42122459411621,0.0453505169270211,1.83830243341252,0.4408321380615234,0.44083213806152344
2015-11-23,25.78499984741211,25.924999237060547,25.01000022888184,25.670000076293945,24.33590507507324,-0.3056227394818878,-0.3493662601323,-0.0853195190429723,-0.0853195190429723
2015-11-24,25.479999542236328,25.76499938964844,25.290000915527344,25.71500015258789,24.44999885559082,-0.5037528035836913,0.4688290004650097,0.1140937805175816,0.11409378051758168
2015-11-25,25.690000534057617,25.850000381469727,25.59499931335449,25.84000015258789,24.56884956359864,-0.4935632574298843,0.4860969880194465,0.118850708007816,0.1188507080078196
2015-11-27,25.739999771118164,26.104999542236328,25.59499931335449,26.03499984741211,24.75425910949707,-0.6011195779422919,0.7546529413942737,0.1854095458984339,0.1854095458984304
2015-11-30,26.13999938964844,26.13999938964844,25.71999931335449,25.815000534057617,24.545080184936523,0.1268668861574774,-0.8450219561622618,-0.2091789245605468,-0.20917892456054688
2015-12-01,25.8700008392334,26.084999084472656,25.780000686645508,25.95499992370605,24.678192138671875,-0.1459865164055776,0.5423162309204477,0.1331119537353515,0.13311195373535156
2015-12-02,25.979999542236328,26.334999084472656,25.975000381469727,26.2450008392334,24.95392417907715,-0.2931688497383459,1.1173105341585776,0.2757320404052734,0.27573204040527344
2015-12-03,26.40999984741211,26.440000534057617,26.049999237060547,26.28499984741211,24.991962432861328,0.7891873861549348,0.1524339559229481,0.0380382537841796,0.03803825378417969
2015-12-04,26.280000686645508,27.145000457763672,26.280000686645508,27.09000015258789,25.75735855102539,0.2695205323107759,3.0625690968455688,0.7653961181640625,0.7653961181640625
2015-12-07,26.88999938964844,27.114999771118164,26.71999931335449,27.03499984741211,25.70506858825684,0.529920045130289,-0.2030098026743143,-0.0522899627685511,-0.052289962768551135
2015-12-08,26.905000686645508,26.979999542236328,26.55500030517578,26.59000015258789,25.28195571899414,0.1540390092342962,-1.6460289448750776,-0.4231128692626988,-0.42311286926269887
2015-12-09,26.420000076293945,26.68000030517578,25.9950008392334,26.02499961853028,24.744747161865234,0.4733114553869166,-2.124869464609125,-0.5372085571289062,-0.5372085571289062
2015-12-10,25.96999931335449,26.28499984741211,25.71500015258789,25.78499984741211,24.51655578613281,-0.1063605035852169,-0.9221810764108218,-0.2281913757324254,-0.22819137573242543
2015-12-11,25.575000762939453,25.799999237060547,25.0049991607666,25.52499961853028,24.269346237182617,0.8786289579494632,-1.008337186947028,-0.2472095489501917,-0.24720954895019176
2015-12-14,25.530000686645508,25.93000030517578,25.25,25.71999931335449,24.45475006103516,0.7835265271805975,0.76394239070392,0.1854038238525426,0.18540382385254262
2015-12-15,25.8799991607666,26.09000015258789,25.545000076293945,25.684999465942383,24.42147254943848,0.2876352810286551,-0.1360779051661764,-0.0332775115966796,-0.03327751159667969
2015-12-16,25.850000381469727,25.915000915527344,25.440000534057617,25.7450008392334,24.478525161743164,0.2921639682081249,0.2336165937135259,0.0570526123046839,0.05705261230468395
2015-12-17,25.729999542236328,25.88999938964844,25.395000457763672,25.434999465942383,24.18377685546875,-0.2784506164050691,-1.2041097424246303,-0.294748306274414,-0.29474830627441406
2015-12-18,25.290000915527344,25.290000915527344,24.854999542236328,24.989999771118164,23.760662078857425,3.7815174399896008,-1.7495810482374807,-0.4231147766113246,-0.4231147766113246
2015-12-21,25.1200008392334,25.415000915527344,24.3700008392334,25.0,23.770172119140625,-0.3395878933279113,0.0400243067791628,0.0095100402831995,0.009510040283199572
2015-12-22,25.06999969482422,25.184999465942383,24.799999237060547,25.13999938964844,23.90328598022461,-0.3644956728149952,0.5600037745490116,0.1331138610839843,0.13311386108398438
2015-12-23,25.225000381469727,25.325000762939453,25.040000915527344,25.25,24.00787353515625,-0.4743163369171376,0.4375446748960288,0.1045875549316406,0.10458755493164062
2015-12-24,25.225000381469727,25.5049991607666,25.13999938964844,25.315000534057617,24.06967544555664,-0.6543316523010619,0.2574235086247434,0.0618019104003906,0.061801910400390625
2015-12-28,25.174999237060547,25.48500061035156,25.06999969482422,25.364999771118164,24.11721611022949,-0.3112835984562251,0.1975126950938044,0.047540664672848,0.04754066467284801
2015-12-29,25.479999542236328,25.69499969482422,25.31999969482422,25.665000915527344,24.4024600982666,-0.5275284112759078,1.1827401086982103,0.2852439880371129,0.2852439880371129
2015-12-30,25.65999984741211,25.88999938964844,25.434999465942383,25.44499969482422,24.193283081054688,-0.301094052302418,-0.8571964317104719,-0.209177017211914,-0.20917701721191406
2015-12-31,25.450000762939453,25.625,24.975000381469727,24.975000381469727,23.74640274047852,0.0589365784654305,-1.8471256632635824,-0.4468803405761683,-0.4468803405761683
2016-01-04,24.655000686645508,24.655000686645508,24.1200008392334,24.325000762939453,23.128379821777344,0.3668873066693764,-2.602595961398746,-0.6180229187011754,-0.6180229187011754
2016-01-05,24.38999938964844,24.600000381469727,24.309999465942383,24.405000686645508,23.20444679260254,-0.0440910548675072,0.3288901834514579,0.0760669708251953,0.07606697082519531
2016-01-06,24.21999931335449,24.36000061035156,24.114999771118164,24.145000457763672,22.95723342895508,0.0872408733371167,-1.0653706414852635,-0.2472133636474573,-0.24721336364745738
2016-01-07,23.864999771118164,24.18000030517578,23.64999961853028,23.88999938964844,22.71477699279785,0.322732606669546,-1.056122188710373,-0.2424564361572301,-0.24245643615723012
2016-01-08,23.915000915527344,24.184999465942383,23.600000381469727,23.700000762939453,22.53412628173828,0.3340543246182205,-0.7953003946146953,-0.1806507110595703,-0.1806507110595703
2016-01-11,23.790000915527344,23.950000762939453,23.52499961853028,23.84499931335449,22.67198944091797,0.1200738553882727,0.6117972246006742,0.1378631591796875,0.1378631591796875
2016-01-12,23.934999465942383,24.07999992370605,23.559999465942383,23.864999771118164,22.691001892089844,0.0091210194912627,0.0838587686423419,0.019012451171875,0.019012451171875
2016-01-13,23.915000915527344,23.915000915527344,22.51000022888184,22.68000030517578,21.564302444458008,0.4155706938486768,-4.965401937693226,-1.126699447631836,-1.126699447631836
2016-01-14,22.674999237060547,23.18000030517578,22.6200008392334,23.06999969482422,21.935117721557617,1.6122762810235696,1.7195792818000877,0.3708152770996094,0.3708152770996094
2016-01-15,22.575000762939453,23.065000534057617,22.40999984741211,23.05500030517578,21.92085266113281,0.7631474348729834,-0.0650329786504366,-0.0142650604248082,-0.01426506042480824
2016-01-19,23.315000534057617,23.665000915527344,23.049999237060547,23.600000381469727,22.43904495239257,0.7008779861552737,2.3639239735348205,0.5181922912597656,0.5181922912597621
2016-01-20,23.32999992370605,24.395000457763672,23.209999084472656,24.020000457763672,22.83838081359864,0.9759957323080636,1.779647315887578,0.3993358612060618,0.3993358612060689
2016-01-21,24.299999237060547,24.5049991607666,23.84000015258789,24.020000457763672,22.83838081359864,1.043926040000111,0.0,0.0,0.0
2016-01-22,24.239999771118164,24.434999465942383,24.084999084472656,24.405000686645508,23.20444679260254,0.0261035964142745,1.60285434414833,0.3660659790039027,0.36606597900389914
2016-01-25,24.26499938964844,24.32999992370605,23.80500030517578,23.920000076293945,22.74329948425293,0.3578299323104369,-1.987323000937136,-0.4611473083496094,-0.4611473083496094
2016-01-26,23.979999542236328,24.655000686645508,23.979999542236328,24.559999465942383,23.3518180847168,-0.1505152035850474,2.6755950731124134,0.6085186004638707,0.6085186004638707
2016-01-27,24.46500015258789,24.69499969482422,23.95499992370605,24.100000381469727,22.91444969177246,0.2853709374389202,-1.8729522102203575,-0.4373683929443395,-0.4373683929443395
2016-01-28,24.26000022888184,24.71500015258789,24.26000022888184,24.53499984741211,23.32804679870605,-0.0520162574315794,1.8049619890373905,0.4135971069335902,0.4135971069335902
2016-01-29,24.69499969482422,25.670000076293945,24.69499969482422,25.655000686645508,24.39295196533203,0.8673072400007886,4.564913538689597,1.06490516662598,1.0649051666259801
2016-02-01,25.549999237060547,25.600000381469727,24.915000915527344,25.114999771118164,23.8795166015625,0.2966926553875947,-2.104851288598608,-0.5134353637695312,-0.5134353637695312
2016-02-02,25.03499984741211,25.09000015258789,24.424999237060547,24.46500015258789,23.26148796081543,0.267256188721041,-2.588112025293809,-0.6180286407470703,-0.6180286407470703
2016-02-03,24.70499992370605,24.70499992370605,23.905000686645508,24.309999465942383,23.114112854003903,0.1506424938496938,-0.6335583822487334,-0.147375106811527,-0.147375106811527
2016-02-04,24.5,25.75,24.315000534057617,25.05500030517578,23.82246780395508,0.5944538374377336,3.064599339915719,0.708354949951179,0.708354949951179
2016-02-05,25.05500030517578,25.9950008392334,24.38999938964844,24.440000534057617,23.237722396850582,0.5016157502586028,-2.4545962740577965,-0.5847454071044993,-0.5847454071044993
2016-02-08,24.145000457763672,24.15999984741211,23.5,24.075000762939453,22.890674591064453,0.3283934656438832,-1.4934673883235885,-0.3470478057861292,-0.34704780578612926
2016-02-09,23.780000686645508,24.1299991607666,23.690000534057617,23.71999931335449,22.55313873291016,0.476707970771519,-1.4745561858017675,-0.3375358581542933,-0.3375358581542933
2016-02-10,23.875,24.049999237060547,23.280000686645508,23.34000015258789,22.19183158874512,0.4416106451306281,-1.6020259904569678,-0.361307144165039,-0.36130714416503906
2016-02-11,22.975000381469727,23.565000534057617,22.59000015258789,23.40999984741211,22.258394241333008,0.0861087015422492,0.2999421310571071,0.066562652587887,0.06656265258788707
2016-02-12,23.549999237060547,23.84499931335449,23.38500022888184,23.6299991607666,22.467567443847656,-0.1006996446108797,0.9397497422622748,0.2091732025146484,0.20917320251464844
2016-02-16,23.895000457763672,24.059999465942383,23.63500022888184,23.790000915527344,22.619701385498047,-0.1131535343544216,0.6771268942693309,0.1521339416503906,0.15213394165039062
2016-02-17,23.95499992370605,24.05500030517578,23.670000076293945,23.739999771118164,22.57215690612793,0.2004580528238616,-0.210190570422819,-0.0475444793701171,-0.04754447937011719
2016-02-18,23.850000381469727,23.905000686645508,23.19499969482422,23.420000076293945,22.267900466918945,0.4518001912844351,-1.3479280711821806,-0.3042564392089844,-0.3042564392089844
2016-02-19,23.3799991607666,23.809999465942383,22.8700008392334,23.65999984741211,22.49608993530273,-0.0554127728161817,1.0247462203398117,0.2281894683837855,0.2281894683837855
2016-02-22,23.75,24.3700008392334,23.575000762939453,23.809999465942383,22.638710021972656,0.4234958964127489,0.6339772248425968,0.1426200866699254,0.14262008666992543
2016-02-23,23.780000686645508,24.39999961853028,23.315000534057617,23.53499984741211,22.377243041992188,0.3148074041054738,-1.154955294390425,-0.2614669799804687,-0.26146697998046875
2016-02-24,23.354999542236328,23.600000381469727,23.2549991607666,23.51000022888184,22.353471755981445,-0.1278717676876984,-0.1062297351203334,-0.0237712860107421,-0.023771286010742188
2016-02-25,23.53499984741211,23.709999084472656,22.834999084472656,23.48500061035156,22.329702377319336,0.0849765297473818,-0.1063341700187958,-0.0237693786621093,-0.023769378662109375
2016-02-26,23.55500030517578,23.70499992370605,23.354999542236328,23.55500030517578,22.39626121520996,-0.0678666625597236,0.2980731080331367,0.066558837890625,0.066558837890625
2016-02-29,23.5049991607666,23.780000686645508,23.309999465942383,23.34499931335449,22.19658851623535,0.332922152823353,-0.8915447853367842,-0.1996726989746093,-0.19967269897460938
2016-03-01,23.424999237060547,23.959999084472656,23.424999237060547,23.920000076293945,22.74329948425293,-0.0667344907648562,2.4630405146164547,0.5467109680175781,0.5467109680175781
2016-03-02,23.7549991607666,24.020000457763672,23.56999969482422,23.709999084472656,22.62876892089844,0.1698894143624404,-0.5035793660184917,-0.1145305633544886,-0.11453056335448863
2016-03-03,23.670000076293945,23.89999961853028,23.354999542236328,23.84499931335449,22.75761604309082,-0.0225797907650257,0.5693951917701723,0.1288471221923792,0.12884712219237926
2016-03-04,23.799999237060547,24.125,23.674999237060547,24.09499931335449,22.996213912963867,0.2434805810288246,1.0484308612170423,0.2385978698730468,0.23859786987304688
2016-03-07,23.959999084472656,24.239999771118164,23.84000015258789,24.075000762939453,22.977127075195312,0.1947971938495243,-0.0829999139893011,-0.0190868377685546,-0.019086837768554688
2016-03-08,23.920000076293945,24.059999465942383,23.729999542236328,23.7450008392334,22.66217613220215,0.0634652656449003,-1.370715067912753,-0.314950942993164,-0.31495094299316406
2016-03-09,23.850000381469727,24.049999237060547,23.709999084472656,23.940000534057617,22.848283767700195,-0.2592036958923224,0.821225792317426,0.1861076354980468,0.18610763549804688
2016-03-10,23.940000534057617,24.20499992370605,23.440000534057617,23.584999084472656,22.50947380065918,0.1347920887215495,-1.4828683435732626,-0.3388099670410156,-0.3388099670410156
2016-03-11,23.69499969482422,23.95499992370605,23.38999938964844,23.875,22.786252975463867,-0.114285706149289,1.2296119280966078,0.2767791748046875,0.2767791748046875
2016-03-14,24.02499961853028,24.104999542236328,23.825000762939453,23.854999542236328,22.76715660095215,-0.444879870250584,-0.0838065588593339,-0.0190963745117187,-0.01909637451171875
2016-03-15,23.7549991607666,24.5,23.600000381469727,24.489999771118164,23.37320709228516,0.7212570784628878,2.6619507299724177,0.6060504913330114,0.6060504913330114
2016-03-16,24.479999542236328,24.924999237060547,24.38999938964844,24.7450008392334,23.616573333740234,0.0102531912861302,1.0412188643782685,0.2433662414550745,0.24336624145507457
2016-03-17,24.684999465942383,25.170000076293945,24.604999542236328,25.125,23.979248046875,-0.0656023189699887,1.535678813389163,0.3626747131347656,0.3626747131347656
2016-03-18,25.290000915527344,25.600000381469727,25.190000534057617,25.39999961853028,24.24170684814453,0.7801300117959952,1.09452473553997,0.2624588012695312,0.26245880126953125
2016-03-21,25.27499961853028,25.434999465942383,25.09499931335449,25.145000457763672,23.998336791992188,-0.2603358676871899,-1.0039311904762704,-0.2433700561523437,-0.24337005615234375
2016-03-22,25.09000015258789,25.43000030517578,25.040000915527344,25.20499992370605,24.055599212646484,0.0204427374399372,0.2386099551423992,0.0572624206542968,0.057262420654296875
2016-03-23,25.23500061035156,25.28499984741211,24.88999938964844,24.96500015258789,23.82654190063477,0.3906629143615929,-0.9521995689523056,-0.2290573120117152,-0.2290573120117152
2016-03-24,24.780000686645508,25.2450008392334,24.729999542236328,24.850000381469727,23.71678924560547,0.6216259605145523,-0.4606319099389577,-0.1097526550293004,-0.10975265502930043
2016-03-28,24.78499984741211,24.975000381469727,24.655000686645508,24.674999237060547,23.549766540527344,-0.2659967266615272,-0.7042382649205869,-0.167022705078125,-0.167022705078125
2016-03-29,24.63999938964844,25.39999961853028,23.38500022888184,25.32999992370605,24.174898147583008,0.408777663079472,2.6545129692893576,0.6251316070556641,0.6251316070556641
2016-03-30,25.39999961853028,25.924999237060547,25.334999084472656,25.559999465942383,24.394411087036133,0.2729170476953783,0.90802012117297,0.219512939453125,0.219512939453125
2016-03-31,25.51499938964844,25.8700008392334,25.100000381469727,25.5049991607666,24.341917037963867,-0.1980664189694802,-0.215188835200708,-0.0524940490722656,-0.052494049072265625
2016-04-01,25.290000915527344,25.424999237060547,25.030000686645508,25.295000076293945,24.14149284362793,0.0181783938502023,-0.8233706245212913,-0.2004241943359375,-0.2004241943359375
2016-04-04,25.190000534057617,25.27499961853028,24.95499992370605,25.09000015258789,23.94584274291992,-0.0429588830726398,-0.8104308295071028,-0.1956501007080113,-0.19565010070801137
2016-04-05,24.98500061035156,25.1299991607666,24.795000076293945,24.834999084472656,23.702468872070312,-0.3497774394817183,-1.0163512450258816,-0.2433738708496058,-0.24337387084960582
2016-04-06,24.540000915527344,24.9950008392334,24.44499969482422,24.7450008392334,23.616573333740234,0.0895052169268516,-0.3623906808766786,-0.0858955383300781,-0.08589553833007812
2016-04-07,24.614999771118164,24.70499992370605,24.25,24.38500022888184,23.27299118041992,-0.1052283317903494,-1.4548349096414004,-0.343582153320316,-0.34358215332031605
2016-04-08,24.57999992370605,24.57999992370605,24.200000762939453,24.51499938964844,23.397062301635746,-0.2173133394822269,0.5331120535988942,0.1240711212158274,0.12407112121582742
2016-04-11,24.575000762939453,24.96999931335449,24.424999237060547,24.450000762939453,23.33502960205078,-0.1946699035848779,-0.2651302919368103,-0.0620326995849644,-0.06203269958496449
2016-04-12,24.520000457763672,24.77499961853028,24.34499931335449,24.450000762939453,23.33502960205078,-0.3995929984558861,0.0,0.0,0.0
2016-04-13,24.545000076293945,25.01499938964844,24.51000022888184,24.98500061035156,23.845632553100582,0.0091210194912627,2.188139289975144,0.5106029510498011,0.5106029510498011
2016-04-14,25.05500030517578,25.06999969482422,24.71500015258789,24.795000076293945,23.66429710388184,-0.3905356240969465,-0.7604556046686417,-0.1813354492187429,-0.1813354492187429
2016-04-15,24.690000534057617,25.34499931335449,24.584999084472656,25.049999237060547,23.907665252685547,0.966938357949124,1.028419089463628,0.2433681488037073,0.24336814880370738
2016-04-18,24.975000381469727,25.174999237060547,24.770000457763672,25.100000381469727,23.95538330078125,-0.2456176343539131,0.1995930911335763,0.0477180480957031,0.047718048095703125
2016-04-19,25.229999542236328,25.229999542236328,24.780000686645508,25.13999938964844,23.99356460571289,0.979392247692666,0.1593850720409628,0.0381813049316406,0.038181304931640625
2016-04-20,25.174999237060547,25.40999984741211,24.90999984741211,25.309999465942383,24.155811309814453,-0.2093881369181547,0.6762092534717823,0.1622467041015625,0.1622467041015625
2016-04-21,25.309999465942383,25.799999237060547,24.89999961853028,25.075000762939453,23.93152618408203,0.7121997041039483,-0.9284934496954556,-0.2242851257324218,-0.22428512573242188
2016-04-22,25.030000686645508,25.440000534057617,24.975000381469727,25.309999465942383,24.155811309814453,0.2717848759005108,0.9371952461669776,0.2242851257324218,0.22428512573242188
2016-04-25,25.165000915527344,25.299999237060547,24.674999237060547,24.795000076293945,23.66429710388184,-0.0520162574315794,-2.0347658773643085,-0.4915142059326136,-0.49151420593261363
2016-04-26,24.905000686645508,24.975000381469727,24.729999542236328,24.864999771118164,23.731101989746094,-0.0995674728160122,0.28230243041234,0.0668048858642542,0.06680488586425426
2016-04-27,24.80500030517578,24.825000762939453,24.364999771118164,24.739999771118164,23.611801147460938,-0.1188143933287588,-0.502719352589287,-0.1193008422851562,-0.11930084228515625
2016-04-28,24.670000076293945,24.98500061035156,24.45499992370605,24.5049991607666,23.38751792907715,-0.3067549112767553,-0.949877635268448,-0.224283218383789,-0.22428321838378906
2016-04-29,24.520000457763672,24.920000076293945,24.19499969482422,24.920000076293945,23.783594131469727,0.4302889271819536,1.6935367130179513,0.3960762023925781,0.3960762023925781
2016-05-02,24.950000762939453,24.9950008392334,24.63500022888184,24.809999465942383,23.678606033325195,-0.169762124097794,-0.4414307508116,-0.1049880981445312,-0.10498809814453125
2016-05-03,24.665000915527344,24.825000762939453,24.350000381469727,24.5049991607666,23.38751792907715,-0.0950387856365424,-1.2293295637351709,-0.2910881042480469,-0.2910881042480469
2016-05-04,24.46999931335449,24.93000030517578,24.239999771118164,24.73500061035156,23.60703659057617,-0.1222109087133612,0.9386146155599516,0.2195186614990198,0.21951866149901988
2016-05-05,24.76499938964844,24.88999938964844,24.45499992370605,24.4950008392334,23.377975463867188,-0.2275028856360339,-0.970308686692256,-0.2290611267089808,-0.22906112670898082
2016-05-06,24.4950008392334,24.84000015258789,24.290000915527344,24.825000762939453,23.692928314208984,0.891082847693005,1.3472203819727024,0.3149528503417969,0.3149528503417969
2016-05-09,24.88999938964844,25.225000381469727,24.825000762939453,24.979999542236328,23.84086036682129,0.5027479220534703,0.6243721782739131,0.1479320526123047,0.1479320526123047
2016-05-10,25.09000015258789,25.20499992370605,24.82999992370605,25.15999984741211,24.01264953613281,-0.3531739548663207,0.7205661484876336,0.1717891693115198,0.17178916931151988
2016-05-11,25.209999084472656,25.209999084472656,24.84499931335449,24.8700008392334,23.735877990722656,-0.0180511035855559,-1.1526072747352734,-0.2767715454101527,-0.2767715454101527
2016-05-12,24.979999542236328,25.09499931335449,24.8700008392334,25.03499984741211,23.893348693847656,-0.1890090446105406,0.6634290216125605,0.157470703125,0.157470703125
2016-05-13,24.915000915527344,25.19499969482422,24.809999465942383,25.084999084472656,23.94106674194336,0.2831065938491853,0.199712684509512,0.0477180480957031,0.047718048095703125
2016-05-16,25.13500022888184,25.6299991607666,24.98500061035156,25.39999961853028,24.24170684814453,0.3249969502592809,1.2557506707688404,0.3006401062011719,0.3006401062011719
2016-05-17,25.11000061035156,25.5,24.65999984741211,24.80500030517578,23.67384147644043,0.4450071605152304,-2.3425139791572347,-0.5678653717041016,-0.5678653717041016
2016-05-18,24.795000076293945,25.45499992370605,24.26000022888184,25.125,23.979248046875,0.1630963835932357,1.290059202003624,0.3054065704345703,0.3054065704345703
2016-05-19,24.95499992370605,25.104999542236328,24.600000381469727,24.834999084472656,23.702468872070312,-0.1674977805080591,-1.1542445962593797,-0.2767791748046875,-0.2767791748046875
2016-05-20,24.95499992370605,25.27499961853028,24.80500030517578,25.190000534057617,24.041284561157227,0.0102531912861302,1.4294531549249534,0.338815689086914,0.33881568908691406
2016-05-23,25.239999771118164,25.26499938964844,24.799999237060547,25.05500030517578,23.912443161010746,-0.03843019589317,-0.5359172876920448,-0.1288414001464808,-0.12884140014648082
2016-05-24,25.07999992370605,25.864999771118164,25.07999992370605,25.77499961853028,24.5996036529541,0.5208626707713495,2.873652379710712,0.6871604919433558,0.6871604919433558
2016-05-25,25.799999237060547,26.2450008392334,25.489999771118164,26.20499992370605,25.01000022888184,0.5582243400019753,1.6683056431214371,0.4103965759277379,0.4103965759277379
2016-05-26,26.20499992370605,26.3799991607666,26.07999992370605,26.21500015258789,25.01953887939453,-0.1958020753797453,0.0381393459631951,0.0095386505126917,0.00953865051269176
2016-05-27,26.25,26.4950008392334,26.225000381469727,26.45499992370605,25.24859619140625,-0.0339015087137002,0.9155137235577372,0.2290573120117187,0.22905731201171875
2016-05-31,26.44499969482422,27.190000534057617,26.200000762939453,26.95499992370605,25.72579574584961,0.8661750682059213,1.8900043029155933,0.4771995544433594,0.4771995544433594
2016-06-01,26.82999992370605,27.1200008392334,26.799999237060547,27.06999969482422,25.83555221557617,-0.0282406497393629,0.4266397463886573,0.1097564697265589,0.10975646972655895
2016-06-02,26.96999931335449,27.26499938964844,26.96500015258789,27.21999931335449,25.978710174560547,-0.1822160138413359,0.5541122473011084,0.1431579589843785,0.14315795898437855
2016-06-03,27.23500061035156,27.434999465942383,27.11000061035156,27.364999771118164,26.117095947265625,-0.0169189317906885,0.532689158835109,0.1383857727050781,0.13838577270507812
2016-06-06,27.350000381469727,27.674999237060547,27.229999542236328,27.549999237060547,26.293664932250977,-0.2467498061487805,0.6760666857520192,0.1765689849853515,0.17656898498535156
2016-06-07,27.549999237060547,27.71500015258789,27.475000381469727,27.645000457763672,26.384326934814453,-0.2852436471742738,0.3448054989560356,0.0906620025634765,0.09066200256347656
2016-06-08,27.63500022888184,27.915000915527344,27.6299991607666,27.799999237060547,26.618921279907227,-0.4086503728148256,0.8891428069109697,0.2345943450927734,0.23459434509277344
2016-06-09,27.56999969482422,27.88500022888184,27.56999969482422,27.815000534057617,26.63327980041504,0.0612009220551654,0.0539410307308418,0.0143585205078125,0.0143585205078125
2016-06-10,27.6200008392334,27.864999771118164,27.565000534057617,27.809999465942383,26.628496170043945,-0.3973286548661511,-0.0179611013248925,-0.0047836303710937,-0.00478363037109375
2016-06-13,27.700000762939453,27.8700008392334,27.145000457763672,27.645000457763672,26.470504760742188,0.2955604835927272,-0.5933170551309375,-0.1579914093017578,-0.1579914093017578
2016-06-14,27.57999992370605,27.864999771118164,27.459999084472656,27.71500015258789,26.53753089904785,-0.0984353010211448,0.2532106543169155,0.067026138305664,0.06702613830566406
2016-06-15,27.780000686645508,27.80500030517578,25.600000381469727,27.55500030517578,26.384326934814453,-0.0531484292264468,-0.5773105448890647,-0.1532039642333984,-0.15320396423339844
2016-06-16,27.3700008392334,27.93000030517578,27.3700008392334,27.90999984741211,26.724245071411133,-0.2897723343537435,1.2883335528569129,0.3399181365966797,0.3399181365966797
2016-06-17,27.95499992370605,27.95499992370605,27.540000915527344,27.665000915527344,26.48966217041016,0.7552222323089113,-0.8777905619939186,-0.234582901000973,-0.234582901000973
2016-06-20,27.920000076293945,28.405000686645508,27.850000381469727,28.315000534057617,27.112037658691406,0.1302634015420797,2.3495033053930747,0.6223754882812464,0.6223754882812464
2016-06-21,28.36000061035156,28.364999771118164,28.045000076293945,28.104999542236328,26.91096305847168,-0.2490141497385154,-0.741643261015712,-0.2010746002197265,-0.20107460021972656
2016-06-22,28.11000061035156,28.295000076293945,27.88999938964844,27.89999961853028,26.71467018127441,-0.5150745215323658,-0.7294160256203663,-0.1962928771972691,-0.19629287719726918
2016-06-23,28.02499961853028,28.354999542236328,28.0,28.30500030517578,27.10246467590332,-0.1029639882006145,1.4516162542808964,0.3877944946289098,0.3877944946289098
2016-06-24,26.920000076293945,28.165000915527344,26.920000076293945,27.850000381469727,26.66679573059082,0.9329732041031008,-1.6074882875868113,-0.4356689453125,-0.4356689453125
2016-06-27,27.549999237060547,27.854999542236328,27.27499961853028,27.61000061035156,26.43699073791504,0.6103042425658779,-0.8617645516823758,-0.2298049926757812,-0.22980499267578125
2016-06-28,27.7450008392334,28.040000915527344,27.315000534057617,27.440000534057617,26.274215698242188,0.310278716926004,-0.6157094099193516,-0.1627750396728515,-0.16277503967285156
2016-06-29,27.725000381469727,28.040000915527344,27.68000030517578,27.95499992370605,26.767333984375,-0.2275028856360339,1.8768144853351652,0.4931182861328125,0.4931182861328125
2016-06-30,28.1299991607666,29.21999931335449,28.07999992370605,29.20499992370605,27.9642276763916,0.6827632374373945,4.471471431242535,1.1968936920166016,1.1968936920166016
2016-07-01,29.165000915527344,29.325000762939453,28.71999931335449,28.98500061035156,27.75357246398925,0.0498792041064909,-0.7533024506884201,-0.2106552124023473,-0.21065521240235086
2016-07-05,28.959999084472656,29.09000015258789,28.73500061035156,28.95499992370605,27.724851608276367,-0.1686299523029266,-0.1034852567184052,-0.028720855712887,-0.02872085571288352
2016-07-06,28.875,29.36000061035156,28.86000061035156,29.125,27.88762855529785,-0.2931688497383459,0.5871156654735366,0.1627769470214843,0.16277694702148438
2016-07-07,29.270000457763672,29.34499931335449,28.7549991607666,28.84499931335449,27.61952209472656,0.0204427374399372,-0.9613813524504966,-0.2681064605712926,-0.2681064605712926
2016-07-08,28.95499992370605,29.295000076293945,28.89999961853028,29.11000061035156,27.873268127441406,0.872968098975126,0.9187198527352392,0.2537460327148473,0.2537460327148473
2016-07-11,29.325000762939453,29.540000915527344,29.26499938964844,29.479999542236328,28.22754096984864,0.0679939528243701,1.2710129317718757,0.3542728424072301,0.35427284240723367
2016-07-12,29.52499961853028,29.76000022888184,29.48500061035156,29.6299991607666,28.37117385864257,0.4189672092332791,0.5088395370583587,0.1436328887939382,0.1436328887939311
2016-07-13,29.674999237060547,29.739999771118164,29.40999984741211,29.6200008392334,28.36159896850586,0.3385830117976903,-0.033748656944621,-0.0095748901367151,-0.009574890136711645
2016-07-14,29.729999542236328,29.854999542236328,29.46999931335449,29.5,28.246692657470703,0.0838443579525144,-0.4051475065378174,-0.1149063110351562,-0.11490631103515625
2016-07-15,29.5,29.684999465942383,29.31999969482422,29.450000762939453,28.198820114135746,-0.1527795471747823,-0.1694801721230709,-0.0478725433349573,-0.047872543334957385
2016-07-18,29.565000534057617,29.565000534057617,29.020000457763672,29.21500015258789,27.97380447387696,-0.3192088010202972,-0.7979611889718408,-0.225015640258789,-0.2250156402587855
2016-07-19,29.15999984741211,29.26000022888184,29.01499938964844,29.200000762939453,27.959444046020508,-0.0689988343545911,-0.0513352692868784,-0.0143604278564488,-0.014360427856452418
2016-07-21,25.825000762939453,26.1200008392334,25.575000762939453,25.88999938964844,24.79006576538086,3.7033975861437463,-11.335626972492497,-3.1693782806396484,-3.1693782806396484
2016-07-22,26.0,26.125,25.76000022888184,25.940000534057617,24.83793830871582,0.7054066733347436,0.1931118044947499,0.0478725433349609,0.04787254333496094
2016-07-25,25.799999237060547,26.065000534057617,25.6200008392334,25.739999771118164,24.646440505981445,1.529627739998246,-0.7709891229868204,-0.191497802734375,-0.191497802734375
2016-07-26,25.84000015258789,26.1200008392334,25.795000076293945,25.934999465942383,24.833154678344727,0.9827887630772684,0.7575705397214083,0.1867141723632812,0.18671417236328125
2016-07-27,25.850000381469727,25.989999771118164,25.76499938964844,25.88999938964844,24.79006576538086,0.683895409232262,-0.173513649481849,-0.0430889129638671,-0.04308891296386719
2016-07-28,25.924999237060547,25.989999771118164,25.739999771118164,25.854999542236328,24.75655174255371,0.2298945194904152,-0.1351913429529894,-0.0335140228271484,-0.03351402282714844
2016-07-29,25.81999969482422,25.924999237060547,25.28499984741211,25.405000686645508,24.32567405700684,0.8741002707699934,-1.7404592126868843,-0.4308776855468714,-0.43087768554687145
2016-08-01,25.450000762939453,25.63500022888184,25.299999237060547,25.46500015258789,24.38312721252441,0.4053811476948697,0.2361832004446507,0.057453155517571,0.05745315551757102
2016-08-02,25.52499961853028,25.52499961853028,25.05500030517578,25.239999771118164,24.16768264770508,0.1868719912854522,-0.8835805306739553,-0.2154445648193288,-0.21544456481932883
2016-08-03,25.36000061035156,25.36000061035156,25.020000457763672,25.34499931335449,24.268217086791992,0.365755134874509,0.4159870871875082,0.1005344390869105,0.10053443908691051
2016-08-04,25.28499984741211,25.700000762939453,24.809999465942383,25.299999237060547,24.225133895874023,0.5287878733354217,-0.1775292794022998,-0.0430831909179687,-0.04308319091796875
2016-08-05,25.2549991607666,25.979999542236328,25.19499969482422,25.850000381469727,24.75176429748535,0.6929527835912016,2.173900891012304,0.5266304016113281,0.5266304016113281
2016-08-08,25.84499931335449,25.84499931335449,25.5,25.70499992370605,24.61292266845703,0.0396896579526839,-0.5609362927006645,-0.1388416290283203,-0.1388416290283203
2016-08-09,25.795000076293945,25.905000686645508,25.520000457763672,25.86000061035156,24.76133918762207,0.56501737077118,0.6030024193560912,0.148416519165039,0.14841651916503906
2016-08-10,25.979999542236328,25.979999542236328,25.665000915527344,25.81999969482422,24.723039627075195,-0.081452724098133,-0.1546748350590876,-0.038299560546875,-0.038299560546875
2016-08-11,25.80500030517578,25.979999542236328,25.725000381469727,25.850000381469727,24.75176429748535,0.0532757194910932,0.1161858365453571,0.0287246704101562,0.02872467041015625
2016-08-12,25.739999771118164,25.989999771118164,25.709999084472656,25.924999237060547,24.82357788085937,-0.3509096112765857,0.2901352102052668,0.0718135833740198,0.07181358337401988
2016-08-15,25.89999961853028,26.100000381469727,25.834999084472656,26.01000022888184,24.90496635437012,-0.3271340035843694,0.3278676180418882,0.0813884735107492,0.08138847351074929
2016-08-16,26.045000076293945,26.184999465942383,25.854999542236328,25.9950008392334,24.890602111816406,0.211779770772536,-0.0576762174633205,-0.0143642425537144,-0.01436424255371449
2016-08-17,26.084999084472656,26.084999084472656,25.165000915527344,25.23500061035156,24.16289329528809,0.8322099143598978,-2.923628818857893,-0.7277088165283168,-0.7277088165283168
2016-08-18,25.31999969482422,25.475000381469727,25.114999771118164,25.200000762939453,24.129379272460938,-0.0950387856365424,-0.1387003717542745,-0.0335140228271519,-0.03351402282715199
2016-08-19,25.225000381469727,25.225000381469727,24.540000915527344,24.559999465942383,23.516571044921875,1.7130395707667725,-2.539676717827821,-0.6128082275390625,-0.6128082275390625
2016-08-22,24.46500015258789,24.94499969482422,24.354999542236328,24.604999542236328,23.55965614318848,0.2457449246185595,0.1832116518360793,0.0430850982666051,0.043085098266605115
2016-08-23,24.614999771118164,25.075000762939453,24.549999237060547,25.05500030517578,23.99053955078125,1.0235469476924963,1.8289036349851129,0.4308834075927699,0.4308834075927699
2016-08-24,24.96500015258789,25.420000076293945,24.96500015258789,25.26499938964844,24.19161605834961,1.037133009230906,0.8381491676864306,0.2010765075683593,0.20107650756835938
2016-08-25,25.13500022888184,25.5049991607666,24.9950008392334,25.450000762939453,24.36875915527344,0.7280501092320926,0.7322499517872894,0.1771430969238316,0.17714309692383168
2016-08-26,25.6200008392334,25.790000915527344,24.979999542236328,25.38999938964844,24.31130599975586,2.4478190656357466,-0.235765617574124,-0.0574531555175816,-0.05745315551758168
2016-08-29,25.489999771118164,25.53499984741211,25.19499969482422,25.225000381469727,24.15331649780273,0.6397407092324315,-0.6498602006602017,-0.1579895019531285,-0.15798950195312855
2016-08-30,25.295000076293945,25.51000022888184,25.075000762939453,25.44499969482422,24.36397171020508,0.2910317964132574,0.8721585394764197,0.2106552124023508,0.21065521240235086
2016-08-31,25.15999984741211,25.405000686645508,25.03499984741211,25.21500015258789,24.22944450378418,0.5457704502584333,-0.5521563069479152,-0.134527206420902,-0.134527206420902
2016-09-01,25.364999771118164,25.3799991607666,25.02499961853028,25.290000915527344,24.3015193939209,0.3261291220541483,0.2974681905128395,0.0720748901367187,0.07207489013671875
2016-09-02,25.405000686645508,25.795000076293945,25.290000915527344,25.350000381469727,24.35917091369629,1.043926040000111,0.2372342191484966,0.0576515197753906,0.057651519775390625
2016-09-06,25.440000534057617,25.440000534057617,24.76499938964844,24.9950008392334,24.018047332763672,1.1514823605125182,-1.4003907692146322,-0.3411235809326172,-0.3411235809326172
2016-09-07,24.924999237060547,25.145000457763672,24.7549991607666,25.1299991607666,24.147762298583984,1.2658317117941305,0.5400729044420016,0.1297149658203125,0.1297149658203125
2016-09-08,25.174999237060547,25.31999969482422,24.920000076293945,25.13999938964844,24.157377243041992,1.0280756348719664,0.0398171240014733,0.0096149444580078,0.009614944458007812
2016-09-09,24.989999771118164,25.065000534057617,24.625,24.63999938964844,23.676916122436523,0.7654117784627184,-1.9888794870885904,-0.4804611206054687,-0.48046112060546875
2016-09-12,24.475000381469727,24.905000686645508,24.475000381469727,24.84000015258789,23.869104385375977,1.2126196374353604,0.8117115503793793,0.1921882629394531,0.19218826293945312
2016-09-13,24.75,24.81999969482422,24.354999542236328,24.520000457763672,23.56160926818848,0.5242591861559518,-1.288255781293124,-0.3074951171874964,-0.30749511718749645
2016-09-14,24.5049991607666,24.71999931335449,24.350000381469727,24.420000076293945,23.46552085876465,0.2197049733366082,-0.4078176848198778,-0.0960884094238316,-0.09608840942383168
2016-09-15,24.420000076293945,24.65999984741211,24.350000381469727,24.61000061035156,23.648094177246094,1.375652375896273,0.7780492901918734,0.1825733184814453,0.1825733184814453
2016-09-16,24.614999771118164,24.795000076293945,24.565000534057617,24.70499992370605,23.739377975463867,1.2228091835891677,0.3860091114894493,0.0912837982177734,0.09128379821777344
2016-09-19,24.84000015258789,25.0,24.700000762939453,24.825000762939453,23.854686737060547,-0.3916677958918139,0.4857278135756537,0.1153087615966796,0.11530876159667969
2016-09-20,24.98500061035156,25.100000381469727,24.854999542236328,24.89999961853028,23.926755905151367,-0.4312938087121746,0.3021174366496959,0.0720691680908203,0.07206916809082031
2016-09-21,24.905000686645508,25.299999237060547,24.905000686645508,25.2549991607666,24.267879486083984,-0.2286350574309013,1.425699256033175,0.3411235809326172,0.3411235809326172
2016-09-22,25.26000022888184,25.690000534057617,25.2450008392334,25.540000915527344,24.54174041748047,0.0170462220553349,1.1284913935456276,0.2738609313964844,0.2738609313964844
2016-09-23,25.59000015258789,25.709999084472656,25.200000762939453,25.20499992370605,24.219839096069336,-0.093906613841675,-1.3116483017718283,-0.3219013214111328,-0.3219013214111328
2016-09-26,25.02499961853028,25.20499992370605,24.950000762939453,25.03499984741211,24.05647850036621,-0.4358224958916444,-0.6744908380899917,-0.163360595703125,-0.163360595703125
2016-09-27,24.84499931335449,25.23500061035156,24.82999992370605,25.21500015258789,24.22944450378418,-0.1788194984567336,0.7189996799213061,0.1729660034179687,0.17296600341796875
2016-09-28,25.26000022888184,25.405000686645508,25.01000022888184,25.395000457763672,24.40241050720215,-0.5116780061477635,0.7138669786298735,0.1729660034179687,0.17296600341796875
2016-09-29,25.26000022888184,25.34499931335449,24.95499992370605,25.21999931335449,24.2342472076416,-0.3180766292254298,-0.6891257710418208,-0.1681632995605468,-0.16816329956054688
2016-09-30,25.395000457763672,25.645000457763672,25.27499961853028,25.530000686645508,24.53213691711425,0.3374508400028228,1.2292096672956276,0.2978897094726527,0.29788970947264914
2016-10-03,25.57999992370605,25.59499931335449,25.295000076293945,25.46500015258789,24.469676971435547,-0.2920366779434785,-0.2546045861790968,-0.0624599456787073,-0.06245994567870383
2016-10-04,25.34499931335449,25.489999771118164,25.02499961853028,25.1200008392334,24.13815689086914,-0.1108891907646867,-1.3548200123499887,-0.3315200805664062,-0.33152008056640625
2016-10-05,25.20499992370605,25.395000457763672,25.045000076293945,25.325000762939453,24.33514404296875,-0.0599414599956515,0.8160819941232633,0.1969871520996093,0.19698715209960938
2016-10-06,25.3799991607666,25.420000076293945,25.03499984741211,25.39999961853028,24.407215118408203,-0.1176822215338914,0.2961604636989134,0.0720710754394531,0.07207107543945312
2016-10-07,25.325000762939453,25.325000762939453,24.799999237060547,24.915000915527344,23.94116973876953,0.0883730451319841,-1.9094574181352408,-0.4660453796386719,-0.4660453796386719
2016-10-10,24.915000915527344,25.30500030517578,24.71500015258789,25.045000076293945,24.06608772277832,-0.1403256574312404,0.5217705958890706,0.124917984008789,0.12491798400878906
2016-10-11,24.950000762939453,24.950000762939453,24.450000762939453,24.709999084472656,23.744186401367188,-0.1618369215337219,-1.3375722930921483,-0.3219013214111328,-0.3219013214111328
2016-10-12,24.709999084472656,24.88999938964844,24.559999465942383,24.645000457763672,23.681724548339844,-0.0293728215342304,-0.263061668955511,-0.0624618530273437,-0.06246185302734375
2016-10-13,24.549999237060547,24.549999237060547,24.26000022888184,24.38999938964844,23.43668937683105,0.1087521374395982,-1.0347015522818803,-0.2450351715087926,-0.24503517150879262
2016-10-14,24.40999984741211,24.53499984741211,24.209999084472656,24.350000381469727,23.39825439453125,-0.1935377317900104,-0.1639949298376408,-0.0384349822998011,-0.038434982299801135
2016-10-17,24.36000061035156,24.665000915527344,24.36000061035156,24.625,23.662506103515625,0.0170462220553349,1.1293650565921576,0.264251708984375,0.264251708984375
2016-10-18,24.76499938964844,24.815000534057617,24.55500030517578,24.71999931335449,23.7537899017334,1.9224913528172505,0.3857740081225413,0.0912837982177734,0.09128379821777344
2016-10-19,24.809999465942383,25.09499931335449,24.63500022888184,25.059999465942383,24.08050346374512,0.9476914374363776,1.375416568738275,0.3267135620117223,0.3267135620117223
2016-10-20,26.0,28.084999084472656,25.700000762939453,27.270000457763672,26.20412254333496,5.817162327161273,8.818831727447463,2.12361907958984,2.12361907958984
2016-10-21,27.065000534057617,28.40999984741211,26.725000381469727,28.20499992370605,27.10257911682129,1.954192163073539,3.4286840629771387,0.8984565734863281,0.8984565734863281
2016-10-24,28.26000022888184,28.6200008392334,28.0049991607666,28.559999465942383,27.44370079040528,0.6454015682067687,1.2586317785980403,0.3411216735839879,0.3411216735839915
2016-10-25,28.59499931335449,28.59499931335449,28.05500030517578,28.5,27.38604736328125,0.9375018912825704,-0.2100789086877941,-0.0576534271240269,-0.05765342712403054
2016-10-26,28.309999465942383,28.40999984741211,28.07999992370605,28.2549991607666,27.150623321533203,1.0484547271795803,-0.859649582231059,-0.2354240417480468,-0.23542404174804688
2016-10-27,28.229999542236328,28.28499984741211,27.84499931335449,28.165000915527344,27.06414031982422,1.2228091835891677,-0.3185304465566196,-0.0864830017089843,-0.08648300170898438
2016-10-28,28.09499931335449,28.614999771118164,27.979999542236328,28.38500022888184,27.27553939819336,0.5016157502586028,0.781103984353404,0.2113990783691406,0.21139907836914062
2016-10-31,28.5,28.924999237060547,28.315000534057617,28.625,27.506160736083984,1.5771789553826787,0.8455243891745123,0.230621337890625,0.230621337890625
2016-11-01,28.575000762939453,28.674999237060547,28.350000381469727,28.52499961853028,27.410070419311523,0.7144640476936831,-0.349341071967213,-0.0960903167724609,-0.09609031677246094
2016-11-02,28.52499961853028,28.850000381469727,28.39999961853028,28.625,27.506160736083984,0.5661495425660474,0.3505657420885821,0.0960903167724609,0.09609031677246094
2016-11-03,28.725000381469727,28.950000762939453,28.450000762939453,28.549999237060547,27.4340934753418,0.8571176938469817,-0.2620040704104598,-0.0720672607421839,-0.07206726074218395
2016-11-04,28.5,28.700000762939453,28.02499961853028,28.049999237060547,26.953632354736328,0.4336854425665559,-1.751328583309375,-0.4804611206054723,-0.4804611206054723
2016-11-07,28.5,28.875,28.325000762939453,28.77499961853028,27.650297164916992,0.6861597528219969,2.584678758736003,0.6966648101806641,0.6966648101806641
2016-11-08,28.75,28.950000762939453,28.52499961853028,28.825000762939453,27.698347091674805,0.0011958169271906,0.1737772526321235,0.0480499267578125,0.0480499267578125
2016-11-09,28.625,29.924999237060547,28.52499961853028,29.825000762939453,28.65925979614257,1.1797866553842045,3.4692059467930747,0.96091270446777,0.9609127044677663
2016-11-10,29.799999237060547,30.700000762939453,29.700000762939453,30.575000762939453,29.379945755004883,0.7925839015395371,2.514670525298457,0.7206859588623082,0.7206859588623118
2016-11-11,30.625,31.5,30.174999237060547,31.075000762939453,29.86040306091309,1.8873940271763596,1.6353240060913432,0.4804573059082067,0.4804573059082067
2016-11-14,31.39999961853028,31.475000381469727,30.77499961853028,31.0,29.78833198547364,0.8956115348724749,-0.2413600221418121,-0.0720710754394531,-0.07207107543944957
2016-11-15,30.950000762939453,31.14999961853028,30.600000381469727,30.76499938964844,29.562515258789062,0.6420050528221665,-0.7580710688825931,-0.2258167266845738,-0.22581672668457742
2016-11-16,30.77499961853028,30.89999961853028,30.075000762939453,30.350000381469727,29.163738250732425,1.4424505117934523,-1.348927872225214,-0.3987770080566371,-0.3987770080566371
2016-11-17,30.325000762939453,30.725000381469727,30.299999237060547,30.39999961853028,29.211780548095703,0.1981937092341266,0.1647329877611625,0.0480422973632777,0.0480422973632777
2016-11-18,30.375,30.674999237060547,29.875,30.475000381469727,29.28385162353516,0.5921894938479987,0.2467192142594498,0.0720710754394566,0.07207107543945668
2016-11-21,30.625,30.975000381469727,30.52499961853028,30.64999961853028,29.45201110839844,0.2955604835927272,0.5742396424660567,0.1681594848632812,0.16815948486328125
2016-11-22,30.77499961853028,31.25,30.39999961853028,31.25,30.028562545776367,0.1766824451316451,1.9575961561875133,0.5765514373779261,0.5765514373779261
2016-11-23,31.075000762939453,31.64999961853028,30.89999961853028,31.225000381469727,30.004539489746094,-0.0916422702519401,-0.0800006859923874,-0.0240230560302734,-0.024023056030273438
2016-11-25,31.299999237060547,31.475000381469727,31.049999237060547,31.450000762939453,30.22074508666992,-0.5603613933270637,0.7205762881236977,0.2162055969238245,0.21620559692382457
2016-11-28,31.350000381469727,31.600000381469727,31.200000762939453,31.475000381469727,30.244762420654297,0.0793156707730445,0.0794730041085989,0.0240173339843785,0.024017333984378553
2016-11-29,31.5,31.77499961853028,30.875,30.89999961853028,29.692237854003903,0.070258296414105,-1.826843798492106,-0.5525245666503942,-0.5525245666503942
2016-11-30,30.89999961853028,31.0,30.299999237060547,30.325000762939453,29.224836349487305,-0.1414578292261078,-1.5741538472606953,-0.467401504516598,-0.467401504516598
2016-12-01,30.39999961853028,30.600000381469727,29.975000381469727,30.100000381469727,29.007999420166016,0.2910317964132574,-0.7419611412985527,-0.216836929321289,-0.21683692932128906
2016-12-02,30.0,30.14999961853028,29.75,29.89999961853028,28.815258026123047,-0.3316626907638391,-0.6644422155806295,-0.1927413940429687,-0.19274139404296875
2016-12-05,30.049999237060547,30.299999237060547,29.875,30.25,29.15255546569824,0.7993769323087417,1.170551515691476,0.3372974395751917,0.33729743957519176
2016-12-06,30.25,30.424999237060547,29.950000762939453,30.350000381469727,29.24892807006836,0.3351864964130879,0.3305802967548343,0.0963726043701207,0.09637260437012074
2016-12-07,30.075000762939453,30.725000381469727,30.075000762939453,30.475000381469727,29.36939239501953,0.1212060271831401,0.4118589394544347,0.1204643249511718,0.12046432495117188
2016-12-08,30.5,31.850000381469727,30.39999961853028,31.575000762939453,30.429487228393555,0.6555911143605758,3.609522523025688,1.0600948333740234,1.0600948333740234
2016-12-09,31.475000381469727,32.29999923706055,31.325000762939453,32.25,31.07999992370605,0.5118052964124099,2.1377708090509984,0.6505126953124964,0.6505126953124964
2016-12-12,32.25,32.400001525878906,31.64999961853028,31.725000381469727,30.57404327392578,0.3465082143617624,-1.6279171525813152,-0.5059566497802699,-0.5059566497802699
2016-12-13,31.725000381469727,31.799999237060547,31.27499961853028,31.375,30.236740112304688,-0.0271084779444955,-1.103233741769294,-0.3373031616210937,-0.33730316162109375
2016-12-14,31.225000381469727,31.375,30.725000381469727,30.850000381469727,29.730791091918945,-0.0067293856368814,-1.6732922216699198,-0.5059490203857422,-0.5059490203857422
2016-12-15,30.89999961853028,31.26499938964844,30.84000015258789,31.049999237060547,29.92353248596192,0.3940594297461952,0.6482888176337909,0.1927413940429723,0.19274139404297586
2016-12-16,31.174999237060547,31.299999237060547,30.725000381469727,30.799999237060547,29.682601928710938,3.904924165630153,-0.8051541286578034,-0.2409305572509801,-0.24093055725098367
2016-12-19,30.924999237060547,31.299999237060547,30.299999237060547,30.450000762939453,29.345304489135746,0.5004835784637354,-1.1363472797475185,-0.3372974395751917,-0.33729743957519176
2016-12-20,30.725000381469727,30.725000381469727,30.325000762939453,30.5,29.393489837646484,0.6816310656425272,0.1642012217953903,0.0481853485107386,0.048185348510738635
2016-12-21,30.450000762939453,30.674999237060547,30.075000762939453,30.325000762939453,29.224836349487305,0.1959293656443917,-0.5737783743636093,-0.1686534881591797,-0.1686534881591797
2016-12-22,30.39999961853028,30.89999961853028,29.975000381469727,30.39999961853028,29.29711151123047,0.1506424938496938,0.247307327503421,0.072275161743164,0.07227516174316406
2016-12-23,30.475000381469727,30.625,30.125,30.5,29.393489837646484,-0.1867447010208057,0.3289686984297768,0.0963783264160156,0.09637832641601562
2016-12-27,30.52499961853028,30.850000381469727,30.25,30.450000762939453,29.345304489135746,-0.0882457548673377,-0.1639320433772462,-0.0481853485107386,-0.048185348510738635
2016-12-28,30.625,30.625,29.89999961853028,30.174999237060547,29.08027648925781,0.3034856861567994,-0.9031359684001816,-0.2650279998779368,-0.2650279998779368
2016-12-29,30.200000762939453,30.375,30.049999237060547,30.25,29.15255546569824,-0.1074926753800843,0.2485498254018558,0.0722789764404296,0.07227897644042969
2016-12-30,30.25,30.299999237060547,29.950000762939453,30.14999961853028,29.056182861328125,0.28989962461839,-0.330580296754801,-0.0963726043701136,-0.09637260437011363
2017-01-03,30.350000381469727,30.424999237060547,29.64999961853028,29.89999961853028,28.815258026123047,0.0736548117987073,-0.8291689116732948,-0.2409248352050781,-0.24092483520507812
2017-01-04,29.950000762939453,30.075000762939453,29.77499961853028,30.0,28.9116268157959,0.2819744220543179,0.3344366709660873,0.0963687896728515,0.09636878967285156
2017-01-05,29.924999237060547,30.075000762939453,29.475000381469727,29.575000762939453,28.502042770385746,0.1947971938495243,-1.4166758862091289,-0.4095840454101527,-0.4095840454101527
2017-01-06,29.625,29.625,29.225000381469727,29.375,28.309303283691406,-0.2082559651232872,-0.6762304310854561,-0.1927394866943395,-0.1927394866943395
2017-01-09,29.200000762939453,29.5,29.125,29.25,28.1888370513916,1.1243102374356997,-0.4255358427319722,-0.1204662322998046,-0.12046623229980469
2017-01-10,29.25,29.600000381469727,29.100000381469727,29.424999237060547,28.35749053955078,1.3020612092298889,0.5982988508951514,0.1686534881591797,0.1686534881591797
2017-01-11,29.424999237060547,29.52499961853028,29.100000381469727,29.375,28.309303283691406,0.3793411964129184,-0.1699277860717885,-0.048187255859375,-0.048187255859375
2017-01-12,29.325000762939453,29.46999931335449,28.875,29.299999237060547,28.237022399902344,-0.1856125292259383,-0.2553255481589467,-0.0722808837890625,-0.0722808837890625
2017-01-13,29.424999237060547,29.549999237060547,29.325000762939453,29.39999961853028,28.333391189575195,-0.3203409728151646,0.3412852400229926,0.0963687896728515,0.09636878967285156
2017-01-17,29.325000762939453,29.39999961853028,28.625,28.89999961853028,27.851533889770508,0.1574355246188985,-1.7006693500987602,-0.4818572998046875,-0.4818572998046875
2017-01-18,28.924999237060547,29.325000762939453,28.64999961853028,28.924999237060547,27.87562561035156,-0.2399567753795758,0.0865005161884369,0.0240917205810511,0.024091720581051135
2017-01-19,28.89999961853028,28.950000762939453,28.174999237060547,28.25,27.225116729736328,-0.0372980240983025,-2.3336117714741644,-0.6505088806152308,-0.6505088806152308
2017-01-20,28.225000381469727,28.5,27.950000762939453,28.5,27.466045379638672,0.2264980041058129,0.8849499243439141,0.2409286499023437,0.24092864990234375
2017-01-23,28.475000381469727,28.625,27.875,28.549999237060547,27.514232635498047,0.1902685066700545,0.1754430067864687,0.048187255859375,0.048187255859375
2017-01-24,28.25,29.125,28.25,29.0,27.947904586791992,-0.3180766292254298,1.5761731647730317,0.4336719512939453,0.4336719512939453
2017-01-25,29.14999961853028,29.27499961853028,28.924999237060547,29.200000762939453,28.14065361022949,-0.0757918651237958,0.6896725399892389,0.1927490234374964,0.19274902343749645
2017-01-26,29.125,29.200000762939453,28.799999237060547,29.02499961853028,27.972000122070312,-0.5026206317888239,-0.5993232797473769,-0.1686534881591761,-0.16865348815917613
2017-01-27,29.125,29.125,28.799999237060547,28.850000381469727,27.8033504486084,-0.5196032087118356,-0.6029231829183579,-0.168649673461914,-0.16864967346191406
2017-01-30,28.75,28.799999237060547,28.350000381469727,28.549999237060547,27.514232635498047,-0.0259763061496281,-1.03986680901913,-0.2891178131103515,-0.28911781311035156
2017-01-31,28.575000762939453,29.125,28.549999237060547,29.02499961853028,27.972000122070312,1.4877373835881502,1.663747968684648,0.4577674865722656,0.4577674865722656
2017-02-01,29.125,29.350000381469727,28.225000381469727,28.299999237060547,27.273298263549805,0.4200993810281465,-2.4978616311717494,-0.6987018585205078,-0.6987018585205078
2017-02-02,27.875,29.64999961853028,27.875,28.125,27.10465240478516,2.015329439996381,-0.6183552027150152,-0.1686458587646448,-0.16864585876464488
2017-02-03,28.350000381469727,29.575000762939453,28.225000381469727,29.225000381469727,28.16474342346192,1.408485357947429,3.911103536194416,1.0600910186767578,1.0600910186767614
2017-02-06,29.02499961853028,29.14999961853028,28.77499961853028,29.02499961853028,27.972000122070312,-0.1244752523030961,-0.6843424720533564,-0.1927433013916051,-0.19274330139160867
2017-02-07,29.075000762939453,29.075000762939453,28.825000762939453,28.875,27.82744026184082,0.4755757989766515,-0.5168020148671237,-0.1445598602294922,-0.1445598602294922
2017-02-08,28.825000762939453,28.825000762939453,28.375,28.5,27.466045379638672,-0.3384557215330439,-1.298699696420591,-0.3613948822021484,-0.36139488220214844
2017-02-09,28.5,28.975000381469727,28.174999237060547,28.825000762939453,27.77925682067871,0.1846076476957173,1.1403587109494628,0.313211441040039,0.31321144104003906
2017-02-10,28.975000381469727,29.075000762939453,28.625,28.975000381469727,27.923812866210938,-0.4278972933275722,0.5203740563160864,0.1445560455322265,0.14455604553222656
2017-02-13,29.14999961853028,29.21500015258789,28.875,28.875,27.82744026184082,-0.0339015087137002,-0.345126952511321,-0.0963726043701171,-0.09637260437011719
2017-02-14,28.75,29.0,28.674999237060547,28.875,27.82744026184082,-0.0644701471751213,0.0,0.0,0.0
2017-02-15,28.75,29.100000381469727,28.75,28.975000381469727,27.923812866210938,0.1178095117985378,0.3463222037790814,0.0963726043701171,0.09637260437011719
2017-02-16,29.02499961853028,29.125,28.799999237060547,29.049999237060547,27.99608993530273,0.2536701271826316,0.258836676202101,0.0722770690917933,0.07227706909179332
2017-02-17,29.125,29.200000762939453,28.21500015258789,29.14999961853028,28.09246635437012,0.8310777425650303,0.3442495694581327,0.0963764190673899,0.09637641906738992
2017-02-21,29.14999961853028,29.200000762939453,28.950000762939453,29.100000381469727,28.044279098510746,0.6125685861556128,-0.1715308839441931,-0.048187255859375,-0.048187255859375
2017-02-22,29.049999237060547,29.424999237060547,28.875,29.25,28.1888370513916,0.0849765297473818,0.5154632514284607,0.1445579528808558,0.14455795288085582
2017-02-23,29.299999237060547,29.325000762939453,28.875,29.174999237060547,28.116554260253903,1.0609086169231223,-0.2564234594208958,-0.0722827911376988,-0.07228279113769887
2017-02-24,28.950000762939453,29.420000076293945,28.950000762939453,29.049999237060547,27.99608993530273,-0.1810838420464685,-0.4284462592255234,-0.1204643249511718,-0.12046432495117188
2017-02-27,29.02499961853028,29.26499938964844,28.89999961853028,29.0,27.947904586791992,2.2349707682006663,-0.1721145653628464,-0.0481853485107386,-0.048185348510738635
2017-02-28,29.0,29.0,28.700000762939453,28.725000381469727,27.68288230895996,0.0068566759015279,-0.9482724438571344,-0.2650222778320312,-0.26502227783203125
2017-03-01,28.950000762939453,29.575000762939453,28.924999237060547,29.549999237060547,28.58243179321289,1.3801810630757427,3.249479133759769,0.8995494842529297,0.8995494842529297
2017-03-02,29.450000762939453,29.450000762939453,29.0,29.27499961853028,28.31643295288086,-0.2727897574307318,-0.9306375407679424,-0.2659988403320312,-0.26599884033203125
2017-03-03,29.225000381469727,29.39999961853028,29.125,29.25,28.292255401611328,-0.0429588830726398,-0.0853834637638217,-0.0241775512695312,-0.02417755126953125
2017-03-06,29.14999961853028,29.14999961853028,28.875,28.89999961853028,27.95371627807617,-0.3226053164048996,-1.1965787765222835,-0.3385391235351598,-0.3385391235351598
2017-03-07,28.825000762939453,28.950000762939453,28.77499961853028,28.850000381469727,27.905351638793945,-0.2456176343539131,-0.1730168497136586,-0.048364639282223,-0.04836463928222301
2017-03-08,28.924999237060547,29.049999237060547,28.77499961853028,28.89999961853028,27.95371627807617,-0.3599669856355253,0.1733167168371574,0.048364639282223,0.04836463928222301
2017-03-09,28.850000381469727,28.950000762939453,28.700000762939453,28.850000381469727,27.905351638793945,-0.03843019589317,-0.1730168497136586,-0.048364639282223,-0.04836463928222301
2017-03-10,28.825000762939453,29.39999961853028,28.825000762939453,29.350000381469727,28.38898086547852,-0.2410889471744433,1.7331056527961186,0.4836292266845738,0.48362922668457387
2017-03-13,29.325000762939453,29.475000381469727,29.200000762939453,29.225000381469727,28.26807403564453,-0.555832706147594,-0.4258935197670732,-0.1209068298339879,-0.12090682983398793
2017-03-14,29.27499961853028,29.27499961853028,28.975000381469727,29.174999237060547,28.219709396362305,-0.5218675523015704,-0.1710927996765532,-0.0483646392822265,-0.04836463928222656
2017-03-15,29.25,29.975000381469727,29.25,29.825000762939453,28.848426818847656,-0.0463553984572421,2.227937267725366,0.6287174224853516,0.6287174224853516
2017-03-16,29.549999237060547,29.924999237060547,29.39999961853028,29.575000762939453,28.60661506652832,-0.2852436471742738,-0.8382146930845935,-0.2418117523193359,-0.24181175231933594
2017-03-17,29.475000381469727,30.39999961853028,29.475000381469727,30.100000381469727,29.114421844482425,2.131943134867728,1.7751375923825252,0.5078067779541051,0.5078067779541051
2017-03-20,30.125,30.125,29.725000381469727,29.75,28.77588081359864,-0.4358224958916444,-1.1627949635824475,-0.338541030883789,-0.3385410308837855
2017-03-21,29.850000381469727,29.89999961853028,29.299999237060547,29.299999237060547,28.34061622619629,-0.159572577943987,-1.512602134481511,-0.4352645874023473,-0.43526458740235086
2017-03-22,29.25,29.375,28.875,29.100000381469727,28.14716529846192,-0.4097825446096931,-0.6825925244192788,-0.1934509277343714,-0.1934509277343679
2017-03-23,29.075000762939453,29.424999237060547,29.075000762939453,29.125,28.171348571777344,-0.3758173907636696,0.0859172604381175,0.0241832733154261,0.024183273315422582
2017-03-24,29.174999237060547,29.325000762939453,28.924999237060547,29.049999237060547,28.098800659179688,-0.4754485087120051,-0.2575237476218572,-0.0725479125976562,-0.07254791259765625
2017-03-27,28.64999961853028,29.27499961853028,28.625,29.225000381469727,28.26807403564453,-0.5275284112759078,0.6024220696036808,0.1692733764648437,0.16927337646484375
2017-03-28,29.075000762939453,29.450000762939453,28.924999237060547,29.424999237060547,28.461524963378903,-0.4290294651224397,0.6843442092674623,0.1934509277343714,0.19345092773437145
2017-03-29,29.424999237060547,29.549999237060547,29.200000762939453,29.52499961853028,28.55824851989746,-0.5784761420449429,0.3398396840752937,0.0967235565185582,0.09672355651855824
2017-03-30,29.575000762939453,29.975000381469727,29.52499961853028,29.77499961853028,28.800064086914062,-0.1878768728156732,0.8467450895951245,0.2418155670166015,0.24181556701660156
2017-03-31,29.725000381469727,29.875,29.549999237060547,29.77499961853028,28.800064086914062,0.2559344707723665,0.0,0.0,0.0
2017-04-03,29.75,29.75,29.09000015258789,29.14999961853028,28.195528030395508,-0.0622058035853864,-2.099078858623926,-0.6045360565185547,-0.6045360565185547
2017-04-04,29.075000762939453,29.25,28.825000762939453,29.125,28.171348571777344,-0.03843019589317,-0.085756360342315,-0.024179458618164,-0.024179458618164062
2017-04-05,29.200000762939453,29.450000762939453,28.700000762939453,28.725000381469727,27.78444480895996,-0.2920366779434785,-1.373394538893291,-0.3869037628173828,-0.3869037628173828
2017-04-06,28.75,29.174999237060547,28.600000381469727,29.125,28.171348571777344,-0.2003307625592151,1.3925193232315891,0.3869037628173828,0.3869037628173828
2017-04-07,29.0,29.225000381469727,28.89999961853028,29.125,28.171348571777344,-0.3837425933277418,0.0,0.0,0.0
2017-04-10,29.0,29.375,28.975000381469727,29.200000762939453,28.243896484375,-0.2716575856358644,0.2575237476218461,0.0725479125976562,0.07254791259765625
2017-04-11,29.049999237060547,29.89999961853028,29.049999237060547,29.75,28.77588081359864,0.1008269348755261,1.883537314045669,0.5319843292236364,0.5319843292236399
2017-04-12,29.725000381469727,29.725000381469727,29.049999237060547,29.049999237060547,28.098800659179688,-0.1856125292259383,-2.352943281927211,-0.6770801544189489,-0.6770801544189524
2017-04-13,29.0,29.200000762939453,28.875,29.0,28.050439834594727,-0.0678666625597236,-0.1721099244467616,-0.0483608245849609,-0.04836082458496094
2017-04-17,29.174999237060547,29.575000762939453,29.125,29.549999237060547,28.58243179321289,-0.5909300317884848,1.8965547840075423,0.5319919586181641,0.5319919586181641
2017-04-18,29.475000381469727,30.100000381469727,29.475000381469727,30.0,29.017696380615234,-0.1312682830723008,1.5228395909465675,0.4352645874023437,0.43526458740234375
2017-04-19,30.14999961853028,30.475000381469727,30.040000915527344,30.174999237060547,29.18696594238281,-0.0010685266625442,0.5833321830490013,0.1692695617675745,0.16926956176757457
2017-04-20,31.0,31.89999961853028,30.125,30.5,29.501325607299805,1.4718869784600062,1.077054961922275,0.3143596649169957,0.31435966491699574
2017-04-21,30.52499961853028,30.700000762939453,30.225000381469727,30.549999237060547,29.5496883392334,-0.0701310061494586,0.1639340976651748,0.0483627319335937,0.04836273193359375
2017-04-24,30.75,30.924999237060547,30.39999961853028,30.475000381469727,29.477140426635746,0.1212060271831401,-0.2455115998679757,-0.0725479125976527,-0.0725479125976527
2017-04-25,30.600000381469727,31.0,30.575000762939453,30.575000762939453,29.57386779785156,-0.1448543446107101,0.328143672743808,0.0967273712158132,0.09672737121581321
2017-04-26,30.549999237060547,31.299999237060547,30.549999237060547,31.14999961853028,30.13004302978516,0.608039898976143,1.880630682923412,0.5561752319336009,0.5561752319336009
2017-04-27,31.125,31.424999237060547,30.89999961853028,30.89999961853028,29.888227462768555,-0.2795827881999365,-0.8025729229047429,-0.2418155670166051,-0.24181556701660512
2017-04-28,30.950000762939453,31.100000381469727,30.52499961853028,30.575000762939453,29.57386779785156,0.0838443579525144,-1.051784236146458,-0.3143596649169957,-0.31435966491699574
2017-05-01,30.64999961853028,31.100000381469727,30.364999771118164,31.075000762939453,30.0575008392334,-0.369024359994465,1.635339160530691,0.4836330413818395,0.4836330413818395
2017-05-02,31.075000762939453,31.174999237060547,30.600000381469727,31.0,29.984952926635746,-0.2512784933282503,-0.2413637547102998,-0.0725479125976527,-0.0725479125976527
2017-05-03,30.850000381469727,30.850000381469727,30.375,30.52499961853028,29.5255069732666,-0.2195776830719617,-1.5322550430319937,-0.4594459533691442,-0.4594459533691442
2017-05-04,30.64999961853028,30.674999237060547,30.299999237060547,30.549999237060547,29.5496883392334,-0.652067308711327,0.0818999178868962,0.0241813659667968,0.024181365966796875
2017-05-05,30.64999961853028,30.64999961853028,30.26499938964844,30.575000762939453,29.57386779785156,-0.4143112317891629,0.0818264420950232,0.0241794586181605,0.02417945861816051
2017-05-08,30.52499961853028,30.674999237060547,30.350000381469727,30.625,29.622234344482425,-0.432425980507042,0.1635448800997974,0.0483665466308664,0.04836654663086648
2017-05-09,30.625,30.674999237060547,30.200000762939453,30.375,29.38041877746582,-0.1878768728156732,-0.8163312875203332,-0.2418155670166051,-0.24181556701660512
2017-05-10,30.325000762939453,30.450000762939453,29.975000381469727,30.440000534057617,29.44329261779785,-0.2558071805077201,0.2139991291759679,0.0628738403320312,0.06287384033203125
2017-05-11,30.27499961853028,30.299999237060547,29.850000381469727,30.200000762939453,29.21114921569824,-0.268261070251262,-0.7884423970955123,-0.2321434020996129,-0.23214340209961293
2017-05-12,30.075000762939453,30.299999237060547,29.950000762939453,30.125,29.138607025146484,-0.4029895138404884,-0.2483373386513943,-0.0725421905517542,-0.07254219055175426
2017-05-15,30.290000915527344,30.549999237060547,30.125,30.225000381469727,29.23533058166504,-0.4380868394813793,0.3319429663713347,0.0967235565185546,0.09672355651855469
2017-05-16,30.225000381469727,30.27499961853028,29.975000381469727,30.174999237060547,29.18696594238281,-0.4143112317891629,-0.1654321614292353,-0.0483646392822301,-0.048364639282230115
2017-05-17,29.850000381469727,29.89999961853028,29.52499961853028,29.575000762939453,28.60661506652832,0.3159395759003413,-1.988390561047504,-0.5803508758544886,-0.5803508758544886
2017-05-18,29.575000762939453,29.89999961853028,29.5,29.75,28.77588081359864,-0.0859814112776028,0.591701418279178,0.169265747070316,0.1692657470703196
2017-05-19,29.77499961853028,30.25,29.77499961853028,30.075000762939453,29.090240478515625,0.2083832553879337,1.0924415031926094,0.3143596649169886,0.3143596649169851
2017-05-22,30.100000381469727,30.52499961853028,30.100000381469727,30.475000381469727,29.477140426635746,-0.4041216856353559,1.3299991397660138,0.3868999481201207,0.38689994812012074
2017-05-23,30.625,30.815000534057617,30.174999237060547,30.5,29.501325607299805,-0.1097570189698192,0.0820472417406126,0.0241851806640589,0.024185180664058947
2017-05-24,30.600000381469727,30.700000762939453,29.975000381469727,30.02499961853028,29.041879653930664,-0.3169444574305623,-1.557373927819217,-0.4594459533691406,-0.4594459533691406
2017-05-25,30.100000381469727,30.100000381469727,29.89999961853028,29.924999237060547,28.945152282714844,0.3340543246182205,-0.3330616763392857,-0.0967273712158203,-0.09672737121582031
2017-05-26,29.850000381469727,29.950000762939453,29.64999961853028,29.75,28.77588081359864,-0.2626002112769248,-0.5848007551070733,-0.1692714691162073,-0.16927146911620383
2017-05-30,29.674999237060547,29.825000762939453,29.549999237060547,29.725000381469727,28.75170135498047,0.2729170476953783,-0.0840268236263375,-0.0241794586181676,-0.024179458618171168
2017-05-31,29.75,29.799999237060547,29.450000762939453,29.64999961853028,28.679155349731445,0.1574355246188985,-0.2523189996770592,-0.0725460052490234,-0.07254600524902344
2017-06-01,29.75,29.825000762939453,29.52499961853028,29.700000762939453,28.727521896362305,0.7280501092320926,0.1686470401274009,0.0483665466308593,0.048366546630859375
2017-06-02,29.799999237060547,30.725000381469727,29.674999237060547,30.200000762939453,29.21114921569824,1.3598019707681288,1.6834982184703362,0.4836273193359339,0.48362731933593395
2017-06-05,30.325000762939453,30.5,30.125,30.325000762939453,29.332056045532227,1.3779167194860078,0.4139064469569353,0.1209068298339879,0.12090682983398793
2017-06-06,30.225000381469727,30.600000381469727,30.165000915527344,30.27499961853028,29.28369140625,0.905801081026282,-0.1648866319058917,-0.0483646392822265,-0.04836463928222656
2017-06-07,30.200000762939453,30.200000762939453,29.875,29.924999237060547,29.04588890075684,0.0510113759013583,-0.812064647841515,-0.2378025054931605,-0.2378025054931605
2017-06-08,30.0,30.14999961853028,29.825000762939453,30.0,29.11868667602539,0.0759191553884422,0.2506302200538046,0.0727977752685511,0.07279777526855113
2017-06-09,30.0,30.239999771118164,29.799999237060547,30.0,29.11868667602539,0.4382141297460257,0.0,0.0,0.0
2017-06-12,30.02499961853028,30.325000762939453,30.02499961853028,30.25,29.361343383789062,0.3091465451311366,0.8333367176324602,0.2426567077636718,0.24265670776367188
2017-06-13,30.25,30.575000762939453,30.225000381469727,30.25,29.361343383789062,0.45406453487417,0.0,0.0,0.0
2017-06-14,30.350000381469727,30.375,29.96500015258789,30.0,29.11868667602539,0.1868719912854522,-0.8264496095830798,-0.2426567077636718,-0.24265670776367188
2017-06-15,29.850000381469727,30.049999237060547,29.700000762939453,29.875,28.997360229492188,0.7212570784628878,-0.4166618085598483,-0.1213264465332031,-0.12132644653320312
2017-06-16,29.725000381469727,29.825000762939453,29.549999237060547,29.600000381469727,28.730440139770508,1.633787545126051,-0.9204978922536688,-0.2669200897216797,-0.2669200897216797
2017-06-19,29.674999237060547,29.924999237060547,29.625,29.75,28.87602996826172,0.7925839015395371,0.5067441632739866,0.1455898284912109,0.14558982849121094
2017-06-20,29.64999961853028,29.64999961853028,29.225000381469727,29.25,28.39072036743164,-0.2920366779434785,-1.6806659411404246,-0.4853096008300781,-0.4853096008300781
2017-06-21,29.25,29.27499961853028,28.875,29.0,28.14806365966797,-0.2082559651232872,-0.8547042999375032,-0.2426567077636718,-0.24265670776367188
2017-06-22,29.02499961853028,29.125,28.75,28.850000381469727,28.00247001647949,-0.2954331933280808,-0.517242127020956,-0.1455936431884801,-0.14559364318848012
2017-06-23,28.875,28.975000381469727,28.77499961853028,28.850000381469727,28.00247001647949,0.9782600758977986,0.0,0.0,0.0
2017-06-26,28.825000762939453,28.975000381469727,28.725000381469727,28.799999237060547,27.953941345214844,-0.1844803574310708,-0.1733013953272189,-0.0485286712646448,-0.048528671264644885
2017-06-27,28.725000381469727,28.975000381469727,28.600000381469727,28.77499961853028,27.929672241210938,0.1936650220546568,-0.0868181831828129,-0.0242691040039062,-0.02426910400390625
2017-06-28,28.89999961853028,28.96500015258789,28.770000457763672,28.875,28.0267391204834,0.3702838220539788,0.3475403450285963,0.0970668792724609,0.09706687927246094
2017-06-29,28.924999237060547,29.02499961853028,28.475000381469727,28.725000381469727,27.881141662597656,0.3782090246180509,-0.5194948197856264,-0.1455974578857422,-0.1455974578857422
2017-06-30,28.825000762939453,29.375,28.77499961853028,29.14999961853028,28.293657302856445,-0.0848492394827354,1.479550748856795,0.412515640258789,0.41251564025878906
2017-07-03,29.225000381469727,29.375,29.075000762939453,29.325000762939453,28.463518142700195,-0.5637579087116661,0.6003495342632892,0.16986083984375,0.16986083984375
2017-07-05,29.25,29.52499961853028,29.100000381469727,29.225000381469727,28.366455078125,-0.2127846523027571,-0.3410086697244407,-0.0970630645751953,-0.09706306457519531
2017-07-06,29.02499961853028,29.125,28.565000534057617,28.600000381469727,27.75981330871582,-0.3441165805073811,-2.1385885819655948,-0.6066417694091797,-0.6066417694091797
2017-07-07,28.77499961853028,29.225000381469727,28.64999961853028,29.100000381469727,28.24512481689453,-0.1006996446108797,1.7482520605653251,0.4853115081787109,0.48531150817871094
2017-07-10,28.975000381469727,29.02499961853028,28.700000762939453,28.799999237060547,27.953941345214844,-0.1641012651234568,-1.0309158609400737,-0.2911834716796875,-0.2911834716796875
2017-07-11,28.77499961853028,29.125,28.52499961853028,28.725000381469727,27.881141662597656,-0.0542806010213143,-0.2604272568156096,-0.0727996826171875,-0.0727996826171875
2017-07-12,28.950000762939453,29.27499961853028,28.850000381469727,29.174999237060547,28.31792259216309,-0.225238542046299,1.5665819386132762,0.4367809295654332,0.43678092956543324
2017-07-13,29.200000762939453,29.200000762939453,28.700000762939453,29.100000381469727,28.24512481689453,-0.1856125292259383,-0.2570731487510524,-0.0727977752685582,-0.07279777526855824
2017-07-14,29.075000762939453,29.27499961853028,29.02499961853028,29.200000762939453,28.342193603515625,-0.048619742046977,0.3436656316810893,0.0970687866210937,0.09706878662109375
2017-07-17,29.225000381469727,29.325000762939453,29.0,29.25,28.39072036743164,-0.1120213625595541,0.1712173891508461,0.0485267639160156,0.048526763916015625
2017-07-18,29.174999237060547,29.825000762939453,29.0,29.375,28.512046813964844,0.5389774194892286,0.4273454317572867,0.1213264465332031,0.12132644653320312
2017-07-20,33.25,33.67499923706055,32.82500076293945,33.0,32.030555725097656,0.9250480015390286,12.340429061758872,3.5185089111328125,3.5185089111328125
2017-07-21,33.275001525878906,33.275001525878906,32.57500076293945,32.625,31.66657447814941,0.4551967066690374,-1.136356328226451,-0.3639812469482457,-0.36398124694824574
2017-07-24,32.599998474121094,32.95000076293945,32.400001525878906,32.724998474121094,31.763633728027344,0.3034856861567994,0.3065037866502029,0.0970592498779332,0.09705924987793324
2017-07-25,32.849998474121094,33.099998474121094,32.724998474121094,32.900001525878906,31.93349838256836,0.1551711810291636,0.5347771479657037,0.1698646545410156,0.16986465454101562
2017-07-26,32.92499923706055,33.025001525878906,32.724998474121094,32.82500076293945,31.86069869995117,-0.1437221728158427,-0.2279727756258953,-0.072799682617191,-0.07279968261719105
2017-07-27,32.95000076293945,32.95000076293945,31.799999237060547,32.599998474121094,31.642303466796875,0.1212060271831401,-0.6854690639745087,-0.2183952331542933,-0.21839523315429332
2017-07-28,32.525001525878906,32.525001525878906,32.150001525878906,32.275001525878906,31.32685852050781,-0.1391934856363729,-0.9969089216910864,-0.315444946289066,-0.31544494628906605
2017-07-31,32.29999923706055,32.79999923706055,32.04999923706055,32.599998474121094,31.642303466796875,-0.0089937292266163,1.0069472688509773,0.315444946289066,0.31544494628906605
2017-08-01,32.67499923706055,33.125,32.57500076293945,33.0,32.030555725097656,0.3476403861566298,1.2270037758413732,0.3882522583007812,0.38825225830078125
2017-08-02,32.900001525878906,33.17499923706055,32.5,32.57500076293945,31.6180362701416,0.3306578092336181,-1.287893530466666,-0.4125194549560547,-0.4125194549560547
2017-08-03,32.599998474121094,32.849998474121094,32.32500076293945,32.82500076293945,31.86069869995117,0.6170972733350826,0.7674810280318578,0.2426624298095667,0.24266242980956676
2017-08-04,32.875,33.349998474121094,32.625,33.32500076293945,32.34600830078125,0.4155706938486768,1.5232233461057954,0.4853096008300817,0.4853096008300817
2017-08-07,33.25,33.45000076293945,33.20000076293945,33.45000076293945,32.46733093261719,0.3159395759003413,0.3750776006355316,0.1213226318359375,0.1213226318359375
2017-08-08,33.42499923706055,34.04999923706055,33.275001525878906,33.57500076293945,32.58866500854492,0.1495103220548264,0.373711273586208,0.1213340759277343,0.12133407592773438
2017-08-09,33.32500076293945,33.46500015258789,32.47999954223633,32.75,31.787899017333984,0.5152018117970122,-2.4571917597759008,-0.8007659912109375,-0.8007659912109375
2017-08-10,32.625,32.775001525878906,32.20000076293945,32.625,31.66657447814941,-0.1120213625595541,-0.3816689461559441,-0.1213245391845738,-0.12132453918457387
2017-08-11,32.599998474121094,32.82500076293945,32.26499938964844,32.5,31.54524612426757,-0.1516473753799148,-0.3831432855661565,-0.1213283538818359,-0.12132835388183949
2017-08-14,32.67499923706055,32.70000076293945,32.45000076293945,32.474998474121094,31.520977020263672,-0.0678666625597236,-0.0769342673957895,-0.0242691040039026,-0.024269104003899145
2017-08-15,32.54999923706055,32.650001525878906,32.45000076293945,32.54999923706055,31.593774795532227,-0.2965653651229483,0.2309502501199656,0.0727977752685546,0.07279777526855469
2017-08-16,32.67499923706055,32.75,32.42499923706055,32.474998474121094,31.520977020263672,-0.4935632574298843,-0.2304180989441295,-0.0727977752685546,-0.07279777526855469
2017-08-17,32.375,32.59000015258789,31.950000762939453,32.25,31.30259132385254,-0.0859814112776028,-0.692826546178249,-0.2183856964111328,-0.2183856964111328
2017-08-18,32.025001525878906,32.224998474121094,31.850000381469727,31.924999237060547,30.98713493347168,0.0147818784656,-1.0077644598723068,-0.3154563903808594,-0.3154563903808594
2017-08-21,31.924999237060547,32.25,31.725000381469727,32.20000076293945,31.25405502319336,-0.4007251702507535,0.8613900261987606,0.2669200897216797,0.2669200897216797
2017-08-22,32.275001525878906,32.5,32.125,32.400001525878906,31.44818115234375,-0.5716831112757382,0.6211230158977177,0.1941261291503906,0.19412612915039062
2017-08-23,32.25,32.474998474121094,32.064998626708984,32.275001525878906,31.32685852050781,-0.4482763856351863,-0.3857858463998886,-0.121322631835941,-0.12132263183594105
2017-08-24,32.349998474121094,32.599998474121094,32.275001525878906,32.57500076293945,31.6180362701416,-0.0203154471752908,0.929482761392042,0.2911777496337926,0.2911777496337926
2017-08-25,32.625,32.92499923706055,32.125,32.900001525878906,31.93349838256836,0.3351864964130879,0.9977283526765524,0.3154621124267578,0.3154621124267578
2017-08-28,32.900001525878906,33.125,32.650001525878906,33.025001525878906,32.05482864379883,0.0136497066707325,0.3799466622069092,0.1213302612304687,0.12133026123046875
2017-08-29,33.0,33.29999923706055,32.75,33.04999923706055,32.07908630371094,-0.159572577943987,0.0756755251499541,0.0242576599121093,0.024257659912109375
2017-08-30,32.92499923706055,33.17499923706055,32.75,33.150001525878906,32.2786979675293,0.1347920887215495,0.6222485950145851,0.1996116638183593,0.19961166381835938
2017-08-31,33.349998474121094,34.125,33.25,34.04999923706055,33.1550407409668,0.0747869835935748,2.7149260305327605,0.8763427734375,0.8763427734375
2017-09-01,34.0,34.17499923706055,33.92499923706055,34.04999923706055,33.1550407409668,-0.1856125292259383,0.0,0.0,0.0
2017-09-05,33.95000076293945,34.150001525878906,33.724998474121094,33.92499923706055,33.033329010009766,-0.081452724098133,-0.3670987223569955,-0.1217117309570312,-0.12171173095703125
2017-09-06,33.875,34.67499923706055,33.82500076293945,34.45000076293945,33.544532775878906,0.9080654246160168,1.5475393524952752,0.5112037658691406,0.5112037658691406
2017-09-07,34.5,34.974998474121094,34.29999923706055,34.875,33.95835494995117,-0.0554127728161817,1.2336501355888263,0.4138221740722656,0.4138221740722656
2017-09-08,34.82500076293945,34.82500076293945,34.375,34.57500076293945,33.66624450683594,-0.2195776830719617,-0.8602019843003461,-0.2921104431152344,-0.2921104431152344
2017-09-11,34.75,34.92499923706055,34.724998474121094,34.82500076293945,33.90967559814453,-0.3882712805072116,0.7230717143373866,0.2434310913085937,0.24343109130859375
2017-09-12,34.82500076293945,35.099998474121094,34.68000030517578,35.025001525878906,34.10441970825195,0.2049867400033313,0.5743024864504287,0.1947441101074218,0.19474411010742188
2017-09-13,34.875,34.92499923706055,34.525001525878906,34.775001525878906,33.86098861694336,0.0023279887220581,-0.7137816546683329,-0.2434310913085937,-0.24343109130859375
2017-09-14,34.75,35.0,34.439998626708984,34.95000076293945,34.031394958496094,0.9091975964108844,0.5032527061760605,0.1704063415527343,0.17040634155273438
2017-09-15,34.974998474121094,35.474998474121094,34.79999923706055,35.349998474121094,34.420875549316406,1.7685159887152777,1.144474363437986,0.3894805908203125,0.3894805908203125
2017-09-18,35.474998474121094,36.07500076293945,35.334999084472656,35.95000076293945,35.00510787963867,0.1121486528242006,1.6973197834122766,0.5842323303222656,0.5842323303222656
2017-09-19,35.875,36.29999923706055,35.5,36.150001525878906,35.19984436035156,0.2604631579518363,0.5563087575175318,0.1947364807128906,0.19473648071289062
2017-09-20,36.275001525878906,36.57500076293945,35.82500076293945,36.275001525878906,35.32155990600586,0.332922152823353,0.3457843290676443,0.1217155456542968,0.12171554565429688
2017-09-21,36.20000076293945,36.29999923706055,35.974998474121094,36.09999847412109,35.151153564453125,-0.0916422702519401,-0.4824428536174596,-0.1704063415527343,-0.17040634155273438
2017-09-22,36.09999847412109,36.625,36.09999847412109,36.54999923706055,35.58932876586914,1.8681471066636128,1.2465457232081478,0.4381752014160156,0.4381752014160156
2017-09-25,36.70000076293945,36.79999923706055,36.29999923706055,36.400001525878906,35.44328689575195,0.2740492194902457,-0.4103529770902669,-0.1460418701171875,-0.1460418701171875
2017-09-26,36.5,36.92499923706055,36.42499923706055,36.82500076293945,35.85710144042969,-0.3633635010201277,1.1675399798412478,0.4138145446777344,0.4138145446777344
2017-09-27,36.79999923706055,37.71500015258789,36.75,37.150001525878906,36.17356491088867,0.4812366579509888,0.8825684669039324,0.3164634704589844,0.3164634704589844
2017-09-28,37.150001525878906,37.375,36.875,37.0,36.02750396728516,0.3295256374387507,-0.403778129037935,-0.1460609436035085,-0.14606094360350852
2017-09-29,37.150001525878906,37.150001525878906,36.875,36.95000076293945,35.97882461547852,0.0057245041066604,-0.1351171922730043,-0.0486793518066406,-0.048679351806640625
2017-10-02,37.025001525878906,37.97499847412109,37.0,37.97499847412109,36.97687149047852,0.0623330938500328,2.773984102222804,0.998046875,0.998046875
2017-10-03,38.0,38.09999847412109,37.525001525878906,37.625,36.63607406616211,0.3351864964130879,-0.9216502385935188,-0.3407974243164133,-0.34079742431641336
2017-10-04,37.59999847412109,37.775001525878906,37.47499847412109,37.72499847412109,36.73344421386719,-0.2003307625592151,0.2657766973863884,0.0973701477050781,0.09737014770507812
2017-10-05,37.70000076293945,37.97499847412109,37.57500076293945,37.650001525878906,36.660430908203125,-0.03843019589317,-0.1987652049150856,-0.0730133056640625,-0.0730133056640625
2017-10-06,37.57500076293945,37.75,37.29999923706055,37.400001525878906,36.41699981689453,-0.1720264676875289,-0.664015902917614,-0.2434310913085937,-0.24343109130859375
2017-10-09,37.400001525878906,37.875,37.400001525878906,37.79999923706055,36.80647659301758,-0.0859814112776028,1.0694916607115967,0.3894767761230469,0.3894767761230469
2017-10-10,38.025001525878906,38.025001525878906,37.525001525878906,37.650001525878906,36.660430908203125,-0.1391934856363729,-0.3967934405385565,-0.1460456848144531,-0.14604568481445312
2017-10-11,38.0,38.0,37.47499847412109,37.650001525878906,36.660430908203125,-0.3101514266613576,0.0,0.0,0.0
2017-10-12,37.625,37.95000076293945,37.150001525878906,37.20000076293945,36.22224807739258,0.2412162374390897,-1.1952473551327003,-0.4381828308105469,-0.4381828308105469
2017-10-13,37.20000076293945,37.625,37.13999938964844,37.57500076293945,36.5873908996582,0.5831321194890591,1.0080622867069344,0.365142822265625,0.365142822265625
2017-10-16,37.70000076293945,37.875,37.400001525878906,37.54999923706055,36.56304931640625,0.0181783938502023,-0.0665299783707218,-0.0243415832519531,-0.024341583251953125
2017-10-17,37.54999923706055,37.625,37.150001525878906,37.29999923706055,36.31962203979492,-0.1154178779441565,-0.6657740017928404,-0.2434272766113281,-0.24342727661132812
2017-10-18,37.29999923706055,37.525001525878906,36.97499847412109,37.125,36.14922332763672,0.6454015682067687,-0.4691643320833605,-0.1703987121582031,-0.17039871215820312
2017-10-19,38.04999923706055,38.57500076293945,35.5,36.025001525878906,35.07814025878906,1.9915538323041648,-2.962949049112196,-1.0710830688476562,-1.0710830688476562
2017-10-20,36.34999847412109,36.67499923706055,35.42499923706055,36.17499923706055,35.22418594360352,0.3442438707720275,0.4163438646889617,0.1460456848144602,0.14604568481446023
2017-10-23,36.150001525878906,36.5,34.79999923706055,36.400001525878906,35.44328689575195,0.4246280682076163,0.6220184974586207,0.2191009521484304,0.2191009521484304
2017-10-24,36.625,36.875,36.29999923706055,36.57500076293945,35.61368179321289,-0.0848492394827354,0.4807536557264402,0.1703948974609375,0.1703948974609375
2017-10-25,36.59999847412109,36.72499847412109,36.375,36.625,35.66236114501953,-0.061073631790519,0.1366872206285618,0.0486793518066406,0.048679351806640625
2017-10-26,36.82500076293945,37.47499847412109,36.29999923706055,36.70000076293945,35.735389709472656,-0.0067293856368814,0.2047777043033161,0.073028564453125,0.073028564453125
2017-10-27,36.67499923706055,37.67499923706055,36.29499816894531,37.34999847412109,36.36831283569336,0.1008269348755261,1.7711381668602089,0.6329231262207031,0.6329231262207031
2017-10-30,37.275001525878906,37.45000076293945,36.20000076293945,36.47499847412109,35.51629638671875,0.2559344707723665,-2.3427439508230563,-0.8520164489746094,-0.8520164489746094
2017-10-31,36.67499923706055,37.22499847412109,36.59999847412109,36.92499923706055,35.9544792175293,0.2355553784647524,1.2337514757715606,0.4381828308105469,0.4381828308105469
2017-11-01,37.17499923706055,37.29999923706055,36.20000076293945,36.29999923706055,35.34590148925781,-0.126739595892831,-1.6926339680502944,-0.6085777282714844,-0.6085777282714844
2017-11-02,36.375,37.04999923706055,36.275001525878906,37.0,36.02750396728516,-0.0927744420468075,1.9283776882434325,0.6816024780273509,0.6816024780273509
2017-11-03,37.125,37.125,36.67499923706055,36.775001525878906,35.80842590332031,-0.1357969702517706,-0.6080856008336966,-0.2190780639648508,-0.21907806396485086
2017-11-06,36.75,36.75,36.275001525878906,36.375,35.4189338684082,-0.258071524097455,-1.0877105739406256,-0.3894920349121094,-0.3894920349121094
2017-11-07,36.32500076293945,36.42499923706055,35.75,35.79999923706055,34.85904312133789,0.0079888476963953,-1.580766798770605,-0.5598907470703125,-0.5598907470703125
2017-11-08,35.724998474121094,36.5,35.42499923706055,35.57500076293945,34.63996124267578,0.6465337400016362,-0.6284793242876008,-0.2190818786621093,-0.21908187866210938
2017-11-09,35.375,35.849998474121094,35.29999923706055,35.45000076293945,34.51824188232422,-0.3407200651227787,-0.3513842278830448,-0.1217193603515625,-0.1217193603515625
2017-11-10,35.400001525878906,35.61000061035156,35.25,35.525001525878906,34.59128189086914,-0.0463553984572421,0.2115982870562138,0.0730400085449218,0.07304000854492188
2017-11-13,35.25,35.88999938964844,35.224998474121094,35.775001525878906,34.83470153808594,-0.0588092882007841,0.7037023027500311,0.2434196472167968,0.24341964721679688
2017-11-14,35.70000076293945,36.42499923706055,35.70000076293945,36.32500076293945,35.37024688720703,-0.2444854625590456,1.5373903764772212,0.5355453491210938,0.5355453491210938
2017-11-15,36.150001525878906,36.25,35.900001525878906,36.20000076293945,35.248531341552734,-0.2592036958923224,-0.3441184508619299,-0.1217155456542968,-0.12171554565429688
2017-11-16,36.22499847412109,36.875,36.22499847412109,36.79999923706055,35.832759857177734,-0.1188143933287588,1.657454916245782,0.584228515625,0.584228515625
2017-11-17,36.57500076293945,36.95000076293945,36.0,36.75,35.78408432006836,-0.0135224164060861,-0.1358408822077494,-0.048675537109375,-0.048675537109375
2017-11-20,36.775001525878906,37.20000076293945,36.70000076293945,37.125,36.14922332763672,-0.0237119625598932,1.0203950010356566,0.3651390075683594,0.3651390075683594
2017-11-21,37.29999923706055,38.07500076293945,37.29999923706055,38.025001525878906,37.02556610107422,0.5899251502582639,2.4242367961679667,0.8763427734375,0.8763427734375
2017-11-22,38.0,38.04999923706055,36.650001525878906,36.95000076293945,35.97882461547852,0.5536956528225054,-2.8270776002134568,-1.046741485595696,-1.046741485595696
2017-11-24,37.04999923706055,37.47499847412109,36.92499923706055,37.400001525878906,36.41699981689453,-0.652067308711327,1.2178696944632916,0.4381752014160085,0.4381752014160085
2017-11-27,37.400001525878906,37.70000076293945,37.150001525878906,37.20000076293945,36.22224807739258,0.3374508400028228,-0.5347824930147183,-0.1947517395019531,-0.19475173950195312
2017-11-28,37.20000076293945,38.025001525878906,37.07500076293945,37.84999847412109,36.855167388916016,-0.1301361112774333,1.7473220054457617,0.6329193115234375,0.6329193115234375
2017-11-29,37.875,38.42499923706055,37.82500076293945,38.20000076293945,37.19596862792969,-0.3180766292254298,0.924704086722361,0.3408012390136719,0.3408012390136719
2017-11-30,38.25,38.42499923706055,37.59999847412109,37.75,36.859107971191406,-0.0678666625597236,-0.905637543971205,-0.3368606567382812,-0.33686065673828125
2017-12-01,37.625,37.67499923706055,36.34999847412109,37.42499923706055,36.54177474975586,0.070258296414105,-0.8609357059958467,-0.3173332214355469,-0.3173332214355469
2017-12-04,37.79999923706055,38.040000915527344,37.45000076293945,37.5,36.61500930786133,-0.2184455112770943,0.2004132492386956,0.0732345581054687,0.07323455810546875
2017-12-05,37.5,37.59999847412109,37.025001525878906,37.125,36.24885940551758,0.1744181015419102,-0.999999479080116,-0.36614990234375,-0.36614990234375
2017-12-06,37.09999847412109,37.25,36.900001525878906,37.0,36.12680435180664,-0.4482763856351863,-0.3367141910466831,-0.1220550537109375,-0.1220550537109375
2017-12-07,36.875,37.25,36.75,36.82500076293945,35.9559326171875,-0.301094052302418,-0.4729777174730776,-0.1708717346191406,-0.17087173461914062
2017-12-08,36.97499847412109,36.97499847412109,36.54999923706055,36.54999923706055,35.68741989135742,-0.4652589625581981,-0.7467828152000866,-0.2685127258300781,-0.2685127258300781
2017-12-11,36.54999923706055,36.54999923706055,35.724998474121094,36.04999923706055,35.19922637939453,-0.31354794204596,-1.367970880072278,-0.4881935119628906,-0.4881935119628906
2017-12-12,36.04999923706055,36.45000076293945,35.875,35.95000076293945,35.10158920288086,-0.455069416404391,-0.277384438684225,-0.0976371765136718,-0.09763717651367188
2017-12-13,35.974998474121094,36.25,35.57500076293945,35.95000076293945,35.10158920288086,-0.2444854625590456,0.0,0.0,0.0
2017-12-14,35.900001525878906,35.92499923706055,35.224998474121094,35.349998474121094,34.5157470703125,0.3872663989769905,-1.6689903388199867,-0.5858421325683594,-0.5858421325683594
2017-12-15,35.349998474121094,36.400001525878906,35.17499923706055,35.92499923706055,35.077178955078125,3.3218556912734165,1.6265963579519926,0.561431884765625,0.561431884765625
2017-12-18,36.17499923706055,36.790000915527344,36.0,36.20000076293945,35.34568405151367,-0.1312682830723008,0.765469471702418,0.2685050964355469,0.2685050964355469
2017-12-19,36.25,36.275001525878906,35.79999923706055,35.875,35.028358459472656,-0.3384557215330439,-0.8977774813426653,-0.3173255920410156,-0.3173255920410156
2017-12-20,36.04999923706055,36.17499923706055,35.79999923706055,35.875,35.028358459472656,-0.2524106651231178,0.0,0.0,0.0
2017-12-21,36.0,36.34999847412109,35.07500076293945,36.22499847412109,35.37009811401367,-0.1006996446108797,0.9756085342577548,0.3417396545410156,0.3417396545410156
2017-12-22,36.25,36.27000045776367,35.650001525878906,35.974998474121094,35.12599182128906,-0.4007251702507535,-0.6901487576815413,-0.2441062927246093,-0.24410629272460938
2017-12-26,35.92499923706055,36.0,35.474998474121094,35.525001525878906,34.686622619628906,-0.3758173907636696,-1.2508378521965735,-0.4393692016601562,-0.43936920166015625
2017-12-27,35.599998474121094,35.75,35.349998474121094,35.5,34.662208557128906,-0.0259763061496281,-0.0703846631818883,-0.0244140625,-0.0244140625
2017-12-28,35.525001525878906,36.060001373291016,35.32500076293945,35.724998474121094,34.88189697265625,-0.5705509394808708,0.6337980892511919,0.2196884155273437,0.21968841552734375
2017-12-29,35.82500076293945,35.92499923706055,35.54999923706055,35.54999923706055,34.71102523803711,-0.4052538574302233,-0.4898579190033336,-0.1708717346191406,-0.17087173461914062
2018-01-02,35.57500076293945,35.92499923706055,35.45000076293945,35.57500076293945,34.73543930053711,-0.2920366779434785,0.0703351812070485,0.0244140625,0.0244140625
2018-01-03,35.57500076293945,35.70000076293945,34.900001525878906,35.20000076293945,34.36928176879883,-0.290904506148611,-1.0541324339393587,-0.3661575317382812,-0.36615753173828125
2018-01-04,35.32500076293945,35.79999923706055,35.17499923706055,35.45000076293945,34.61338424682617,-0.179951670251601,0.7102344461819454,0.2441024780273437,0.24410247802734375
2018-01-05,35.54999923706055,36.0,35.275001525878906,35.95000076293945,35.10158920288086,0.0091210194912627,1.410451380810751,0.4882049560546875,0.4882049560546875
2018-01-08,35.79999923706055,36.275001525878906,35.70000076293945,36.09999847412109,35.24803924560547,-0.3112835984562251,0.4172176988288312,0.1464500427246093,0.14645004272460938
2018-01-09,36.17499923706055,36.375,35.57500076293945,35.57500076293945,34.73543930053711,-0.47771285230174,-1.4542651337188015,-0.5125999450683594,-0.5125999450683594
2018-01-10,35.45000076293945,35.79999923706055,35.17499923706055,35.75,34.90631103515625,0.3238647784644134,0.4919233441694093,0.1708717346191406,0.17087173461914062
2018-01-11,35.67499923706055,36.45000076293945,35.650001525878906,36.09999847412109,35.24803924560547,0.8514568348726443,0.97898689467657,0.3417282104492187,0.34172821044921875
2018-01-12,36.125,36.45000076293945,35.79999923706055,35.900001525878906,35.052764892578125,-0.1652334369183242,-0.5540006116842022,-0.1952743530273437,-0.19527435302734375
2018-01-16,36.0,36.46500015258789,34.900001525878906,36.0,35.15040588378906,-0.2286350574309013,0.2785543209220975,0.0976409912109375,0.0976409912109375
2018-01-17,36.09999847412109,36.67499923706055,35.974998474121094,36.57500076293945,35.71184158325195,-0.2592036958923224,1.5972381693658333,0.5614356994628906,0.5614356994628906
2018-01-18,36.525001525878906,36.525001525878906,36.07500076293945,36.22499847412109,35.37009811401367,-0.3248696599946344,-0.9569472031891846,-0.3417434692382812,-0.34174346923828125
2018-01-19,36.22499847412109,36.775001525878906,36.22499847412109,36.775001525878906,35.90712356567383,-0.2071237933284198,1.5183035396992173,0.5370254516601562,0.5370254516601562
2018-01-22,36.75,36.82500076293945,36.34999847412109,36.775001525878906,35.90712356567383,-0.280714959994804,0.0,0.0,0.0
2018-01-23,36.625,36.92499923706055,36.45000076293945,36.875,36.00475311279297,-0.5241318958913054,0.2718946477029194,0.0976295471191406,0.09762954711914062
2018-01-24,37.025001525878906,37.025001525878906,36.04999923706055,36.375,35.51655578613281,0.0011958169271906,-1.3559246611989484,-0.4881973266601562,-0.48819732666015625
2018-01-25,36.5,36.82500076293945,36.20000076293945,36.79999923706055,35.931522369384766,-0.2218420266616966,1.1683750692232708,0.4149665832519531,0.4149665832519531
2018-01-26,37.79999923706055,39.09999847412109,37.67499923706055,38.70000076293945,37.78668212890625,0.7767334964113928,5.1630424685322085,1.8551597595214844,1.8551597595214844
2018-01-29,38.70000076293945,39.19499969482422,37.82500076293945,37.82500076293945,36.93233489990234,-0.192405559995143,-2.2609744514995422,-0.8543472290039134,-0.8543472290039134
2018-01-30,37.67499923706055,38.345001220703125,37.67499923706055,38.0,37.10321044921875,0.3736803374385812,0.4626719371508381,0.1708755493164133,0.17087554931641336
2018-01-31,38.07500076293945,38.42499923706055,37.07500076293945,37.07500076293945,36.20003890991211,0.552563481027638,-2.43421398949496,-0.9031715393066406,-0.9031715393066406
2018-02-01,37.22499847412109,38.70000076293945,35.849998474121094,37.59999847412109,36.71264266967773,0.1415851194907542,1.4160309635061097,0.5126037597656179,0.5126037597656179
2018-02-02,36.70000076293945,38.34999847412109,35.775001525878906,38.275001525878906,37.37171936035156,1.2839464605120097,1.7952308598536026,0.6590766906738352,0.6590766906738352
2018-02-05,38.20000076293945,38.54999923706055,37.5,37.67499923706055,36.78588104248047,0.6238903041042873,-1.5675979802326712,-0.5858383178710938,-0.5858383178710938
2018-02-06,37.25,38.0,36.775001525878906,37.57500076293945,36.688236236572266,0.6918206117963341,-0.2654409875230135,-0.0976448059082031,-0.09764480590820312
2018-02-07,37.57500076293945,37.75,36.59999847412109,37.125,36.24885940551758,0.1347920887215495,-1.1975959493432886,-0.4393768310546875,-0.4393768310546875
2018-02-08,37.25,37.25,35.82500076293945,35.82500076293945,34.97953414916992,0.2525379553877642,-3.5016970938248293,-1.2693252563476562,-1.2693252563476562
2018-02-09,36.17499923706055,36.32500076293945,35.42499923706055,36.04999923706055,35.19922637939453,0.3216004348746785,0.6280593368903409,0.2196922302246093,0.21969223022460938
2018-02-12,36.09999847412109,36.22499847412109,35.625,36.04999923706055,35.19922637939453,-0.0780562087135307,0.0,0.0,0.0
2018-02-13,35.82500076293945,36.375,35.625,36.29999923706055,35.44332504272461,-0.1222109087133612,0.6934773528800342,0.2440986633300781,0.24409866333007812
2018-02-14,36.0,37.17499923706055,36.0,37.07500076293945,36.20003890991211,0.1483781502599589,2.1349968330435454,0.7567138671875,0.7567138671875
2018-02-15,37.29999923706055,37.59999847412109,36.68999862670898,37.45000076293945,36.566184997558594,-0.4641267907633306,1.011452193622442,0.3661460876464844,0.3661460876464844
2018-02-16,37.32500076293945,38.48500061035156,37.32500076293945,37.75,36.859107971191406,0.5310522169251565,0.8010761134976674,0.2929229736328125,0.2929229736328125
2018-02-20,37.59999847412109,38.0,37.57500076293945,37.75,36.859107971191406,0.0917695605165865,0.0,0.0,0.0
2018-02-21,37.84999847412109,38.775001525878906,37.84999847412109,38.125,37.22525787353516,-0.1233430805082286,0.9933770036701262,0.3661499023437571,0.3661499023437571
2018-02-22,38.275001525878906,38.84999847412109,38.17499923706055,38.70000076293945,37.78668212890625,-0.2490141497385154,1.5081809702390814,0.5614242553710866,0.5614242553710866
2018-02-23,38.84999847412109,39.20000076293945,38.650001525878906,38.900001525878906,37.981971740722656,-0.3826104215328743,0.5168212735645605,0.1952896118164062,0.19528961181640625
2018-02-26,38.900001525878906,39.47499847412109,38.67499923706055,39.400001525878906,38.47016906738281,-0.0791883805083981,1.2853396079401946,0.4881973266601562,0.48819732666015625
2018-02-27,39.375,39.650001525878906,38.625,39.22499847412109,38.299293518066406,-0.1108891907646867,-0.4441767568453048,-0.1708755493164062,-0.17087554931640625
2018-02-28,39.400001525878906,40.47499847412109,38.84999847412109,38.875,37.957550048828125,0.0827121861576469,-0.8922970578480127,-0.3417434692382812,-0.34174346923828125
2018-03-01,38.75,38.875,37.79999923706055,37.82500076293945,37.05625915527344,0.4200993810281465,-2.3744706715667308,-0.9012908935546876,-0.9012908935546875
2018-03-02,37.59999847412109,38.400001525878906,37.59999847412109,38.275001525878906,37.49711608886719,-0.3203409728151646,1.189696271678331,0.44085693359375,0.44085693359375
2018-03-05,38.07500076293945,38.525001525878906,37.900001525878906,38.32500076293945,37.54609298706055,-0.2399567753795758,0.1306151067119065,0.0489768981933593,0.048976898193359375
2018-03-06,38.375,38.72499847412109,37.97499847412109,38.625,37.839988708496094,-0.3112835984562251,0.7827597975023082,0.2938957214355469,0.2938957214355469
2018-03-07,38.42499923706055,39.42499923706055,38.150001525878906,39.34999847412109,38.55025863647461,-0.1482508599953125,1.877035253499004,0.7102699279785156,0.7102699279785156
2018-03-08,39.47499847412109,39.59999847412109,39.17499923706055,39.400001525878906,38.5992431640625,-0.510545834352896,0.1270666639355377,0.0489845275878906,0.048984527587890625
2018-03-09,39.650001525878906,40.275001525878906,39.56499862670898,40.125,39.309513092041016,-0.5343214420451124,1.840113613004224,0.7102699279785156,0.7102699279785156
2018-03-12,40.20000076293945,40.375,39.5,39.650001525878906,38.84416580200195,-0.1312682830723008,-1.1838032410869004,-0.4653472900390625,-0.4653472900390625
2018-03-13,39.79999923706055,39.95000076293945,39.275001525878906,39.375,38.57475662231445,-0.3146801138408274,-0.6935640761620232,-0.2694091796875,-0.2694091796875
2018-03-14,39.650001525878906,39.92499923706055,39.13999938964844,39.72499847412109,38.91763687133789,-0.1120213625595541,0.8888720993902366,0.3428802490234375,0.3428802490234375
2018-03-15,39.82500076293945,40.07500076293945,39.375,39.900001525878906,39.08908462524414,-0.1969342471746128,0.4405399908351537,0.17144775390625,0.17144775390625
2018-03-16,39.900001525878906,40.57500076293945,39.75,40.32500076293945,39.50545120239258,1.8341819528175891,1.065173516188045,0.4163665771484375,0.4163665771484375
2018-03-19,40.275001525878906,40.275001525878906,39.54999923706055,39.97499847412109,39.162559509277344,-0.2592036958923224,-0.8679604527449869,-0.3428916931152344,-0.3428916931152344
2018-03-20,40.0,40.34000015258789,39.92499923706055,40.17499923706055,39.358489990234375,-0.3622313292252602,0.500300499793993,0.1959304809570312,0.19593048095703125
2018-03-21,40.22499847412109,40.42499923706055,39.79999923706055,39.82500076293945,39.01560974121094,-0.455069416404391,-0.8711722657767429,-0.3428802490234375,-0.3428802490234375
2018-03-22,39.5,40.165000915527344,38.875,38.875,38.08491516113281,0.3216004348746785,-2.385441586717185,-0.930694580078125,-0.930694580078125
2018-03-23,38.775001525878906,39.29999923706055,38.34999847412109,38.400001525878906,37.619571685791016,0.135924260516417,-1.221857718135866,-0.4653434753417969,-0.4653434753417969
2018-03-26,38.84999847412109,39.75,38.400001525878906,39.125,38.32983016967773,0.2106475989776686,1.888002579665149,0.7102584838867116,0.7102584838867116
2018-03-27,39.125,39.54999923706055,38.70000076293945,38.900001525878906,38.10940933227539,0.0147818784656,-0.5750634334318216,-0.2204208374023366,-0.22042083740233664
2018-03-28,38.875,39.400001525878906,38.70000076293945,39.125,38.32983016967773,-0.5014884599939564,0.5783895401801908,0.2204208374023366,0.22042083740233664
2018-03-29,39.150001525878906,39.875,39.150001525878906,39.32500076293945,38.52577209472656,-0.1222109087133612,0.5111995648857448,0.1959419250488352,0.19594192504883523
2018-04-02,39.275001525878906,39.5,38.17499923706055,38.59999847412109,37.81550216674805,-0.1550438907645172,-1.8436228253443263,-0.7102699279785156,-0.7102699279785156
2018-04-03,38.67499923706055,39.625,38.5,39.57500076293945,38.77068710327149,-0.0146545882009536,2.5259083756485445,0.9551849365234446,0.9551849365234446
2018-04-04,38.82500076293945,40.04999923706055,38.82500076293945,39.92499923706055,39.11357498168945,0.2910317964132574,0.8843997979830265,0.3428878784179616,0.34288787841796164
2018-04-05,40.09999847412109,40.275001525878906,39.71500015258789,40.20000076293945,39.38298416137695,-0.0474875702521096,0.6887868976784173,0.2694091796875,0.2694091796875
2018-04-06,39.95000076293945,40.43999862670898,39.47499847412109,39.70000076293945,38.89315032958984,-0.247881977943648,-1.243770227720575,-0.4898338317871165,-0.4898338317871165
2018-04-09,40.0,40.07500076293945,39.275001525878906,39.29999923706055,38.501277923583984,0.0113853630809976,-1.007561492666531,-0.3918724060058522,-0.39187240600585227
2018-04-10,39.650001525878906,40.125,39.400001525878906,40.04999923706055,39.23603057861328,-0.215048995892492,1.908385109937405,0.7347526550292969,0.7347526550292969
2018-04-11,39.900001525878906,40.34999847412109,39.625,40.32500076293945,39.50545120239258,-0.1335326266620357,0.6866663620303859,0.2694206237792969,0.2694206237792969
2018-04-12,40.47499847412109,40.75,40.17499923706055,40.45000076293945,39.627906799316406,-0.1788194984567336,0.3099713917871005,0.1224555969238281,0.12245559692382812
2018-04-13,40.67499923706055,40.67499923706055,40.25,40.45000076293945,39.627906799316406,-0.2931688497383459,0.0,0.0,0.0
2018-04-16,40.625,41.25,40.48500061035156,41.22499847412109,40.387149810791016,-0.147118688200445,1.9159301431679543,0.7592430114746094,0.7592430114746094
2018-04-17,41.525001525878906,41.79499816894531,41.150001525878906,41.70000076293945,40.85250473022461,0.1019591066703935,1.152235108478128,0.4653549194335937,0.46535491943359375
2018-04-18,41.650001525878906,42.57500076293945,41.650001525878906,42.375,41.51378631591797,-0.0995674728160122,1.6187051199436198,0.6612815856933594,0.6612815856933594
2018-04-19,42.375,42.67499923706055,42.130001068115234,42.29999923706055,41.44030380249024,-0.2467498061487805,-0.1770074954583256,-0.0734825134277272,-0.07348251342772727
2018-04-20,42.45000076293945,43.20000076293945,41.900001525878906,42.92499923706055,42.05260848999024,0.2831065938491853,1.477558394403489,0.6123046875,0.6123046875
2018-04-23,43.275001525878906,43.400001525878906,42.625,42.900001525878906,42.02811050415039,-0.1946699035848779,-0.0582555677745455,-0.0244979858398508,-0.024497985839850855
2018-04-24,43.20000076293945,43.34999847412109,42.625,42.84999847412109,41.979129791259766,0.7552222323089113,-0.1165427431856325,-0.048980712890625,-0.048980712890625
2018-04-25,42.95000076293945,43.76499938964844,42.875,43.125,42.24853897094727,0.0328966271834792,0.6417693292527504,0.2694091796875071,0.2694091796875071
2018-04-26,43.29999923706055,43.47499847412109,43.1150016784668,43.400001525878906,42.5179557800293,-0.4505407292249212,0.6376949727593839,0.2694168090820241,0.26941680908202414
2018-04-27,43.525001525878906,43.525001525878906,43.09999847412109,43.45000076293945,42.566932678222656,-0.4041216856353559,0.1151910934917621,0.0489768981933593,0.048976898193359375
2018-04-30,43.45000076293945,43.75,43.20000076293945,43.20000076293945,42.32201385498047,-0.3860069369174767,-0.5753734362154095,-0.2449188232421875,-0.2449188232421875
2018-05-01,43.22499847412109,43.54999923706055,42.57500076293945,43.45000076293945,42.566932678222656,-0.2626002112769248,0.578703140359571,0.2449188232421875,0.2449188232421875
2018-05-02,43.42499923706055,43.84000015258789,43.09999847412109,43.400001525878906,42.5179557800293,-0.3214731446100321,-0.1150585562826211,-0.0489768981933593,-0.048976898193359375
2018-05-03,43.375,43.875,43.20000076293945,43.47499847412109,42.59142303466797,-0.2195776830719617,0.1727911262215054,0.0734672546386718,0.07346725463867188
2018-05-04,43.32500076293945,44.125,43.29999923706055,43.900001525878906,43.00779342651367,-0.4143112317891629,0.9775921116953246,0.4163703918457031,0.4163703918457031
2018-05-07,44.025001525878906,44.54999923706055,43.84999847412109,44.20000076293945,43.30169677734375,-0.333927034353574,0.6833723086311361,0.2939033508300781,0.2939033508300781
2018-05-08,43.97499847412109,44.25,43.97499847412109,44.125,43.228214263916016,0.5265235297456867,-0.1696989238218038,-0.0734825134277343,-0.07348251342773438
2018-05-09,44.29999923706055,44.59999847412109,44.150001525878906,44.150001525878906,43.25271224975586,0.2683883605159085,0.0566712880857744,0.0244979858398437,0.02449798583984375
2018-05-10,44.25,44.75,44.25,44.45000076293945,43.54661178588867,-0.215048995892492,0.6794938880034573,0.2938995361328125,0.2938995361328125
2018-05-11,44.45000076293945,44.875,44.45000076293945,44.82500076293945,43.91399002075195,-0.3746852189688022,0.8436436723702423,0.3673782348632812,0.36737823486328125
2018-05-14,44.70000076293945,46.125,42.65999984741211,45.525001525878906,44.59976196289063,0.7303144528218274,1.5616252174184275,0.685771942138679,0.685771942138679
2018-05-15,45.29999923706055,46.09999847412109,45.125,46.0,45.06511306762695,0.3917950861564603,1.043393695965289,0.465351104736321,0.465351104736321
2018-05-16,46.17499923706055,47.20000076293945,46.17499923706055,46.875,45.922325134277344,0.6012468682069383,1.9021633549748616,0.8572120666503906,0.8572120666503906
2018-05-17,46.900001525878906,47.275001525878906,46.45000076293945,46.5,45.5549430847168,0.322732606669546,-0.8000075093896442,-0.3673820495605469,-0.3673820495605469
2018-05-18,46.82500076293945,47.34999847412109,46.625,47.07500076293945,46.118263244628906,0.6499302553862386,1.2365730736717762,0.5633201599121094,0.5633201599121094
2018-05-21,47.25,47.3650016784668,46.97499847412109,47.09999847412109,46.14275360107422,0.1563033528240311,0.0531033797075197,0.0244903564453125,0.0244903564453125
2018-05-22,47.07500076293945,47.32500076293945,46.75,46.95000076293945,45.99580383300781,0.4619897374382422,-0.3184677042398776,-0.1469497680664062,-0.14694976806640625
2018-05-23,46.92499923706055,47.400001525878906,46.79499816894531,47.375,46.41216278076172,0.5129374682072774,0.9052107215378636,0.4163589477539062,0.41635894775390625
2018-05-24,47.45000076293945,47.95000076293945,47.25,47.92499923706055,46.95098114013672,-0.1380613138415055,1.1609421476870718,0.538818359375,0.538818359375
2018-05-25,47.900001525878906,48.275001525878906,47.79999923706055,48.25,47.26937484741211,-0.0372980240983025,0.6781406895951081,0.3183937072753906,0.3183937072753906
2018-05-29,48.09999847412109,48.875,48.09999847412109,48.59999847412109,47.612266540527344,0.0283679400040094,0.7253992552727961,0.3428916931152344,0.3428916931152344
2018-05-30,48.775001525878906,49.70000076293945,48.775001525878906,49.70000076293945,48.68991470336914,0.2027223964135964,2.263383453767132,1.0776481628417969,1.0776481628417969
2018-05-31,49.59999847412109,50.22499847412109,49.04999923706055,49.150001525878906,48.15109252929688,0.1642285553881032,-1.1066402094866978,-0.5388221740722585,-0.5388221740722585
2018-06-01,49.32500076293945,50.900001525878906,49.32500076293945,50.70000076293945,49.66959381103516,0.6476659117965037,3.1536175026856794,1.5185012817382812,1.5185012817382812
2018-06-04,50.900001525878906,50.92499923706055,49.650001525878906,50.025001525878906,49.00830841064453,1.0099608861540872,-1.3313686496137844,-0.6612854003906321,-0.6612854003906321
2018-06-05,50.125,51.54999923706055,49.92499923706055,51.400001525878906,50.3553581237793,1.3620663143578635,2.7486149937021365,1.3470497131347656,1.3470497131347656
2018-06-06,51.54999923706055,52.625,51.47499847412109,52.29999923706055,51.23707580566406,0.4687827682074468,1.7509907877477635,0.8817176818847656,0.8817176818847656
2018-06-07,52.150001525878906,52.51499938964844,51.72499847412109,51.82500076293945,50.89823532104492,1.112988519487025,-0.6613189361241445,-0.3388404846191406,-0.3388404846191406
2018-06-08,51.900001525878906,52.04999923706055,49.459999084472656,50.20000076293945,49.30229568481445,1.05751210153852,-3.135550036585644,-1.5959396362304688,-1.5959396362304688
2018-06-11,50.34999847412109,51.70000076293945,50.29999923706055,51.59999847412109,50.67726135253906,1.653600551536231,2.7888471492578226,1.3749656677246094,1.3749656677246094
2018-06-12,51.25,51.84999847412109,49.0,49.45000076293945,48.565711975097656,1.2482830489736851,-4.166660393805222,-2.1115493774414062,-2.1115493774414062
2018-06-13,49.5,50.25,49.04999923706055,49.25,48.36928939819336,0.7789978400011277,-0.4044470242812736,-0.1964225769042968,-0.19642257690429688
2018-06-14,49.20000076293945,50.04999923706055,48.59999847412109,49.900001525878906,49.00766754150391,1.0105269720515209,1.31980054132117,0.638378143310554,0.638378143310554
2018-06-15,49.54999923706055,50.400001525878906,49.09999847412109,49.95000076293945,49.0567626953125,1.9349452425607925,0.1001785154680412,0.0490951538085866,0.049095153808586645
2018-06-18,50.09999847412109,50.900001525878906,49.400001525878906,50.84999847412109,49.94067001342773,0.6652145746169491,1.8018052344894957,0.8839073181152273,0.8839073181152273
2018-06-19,50.25,50.59999847412109,49.650001525878906,50.5,49.5969352722168,0.0855426156448155,-0.688286202645072,-0.3437347412109304,-0.3437347412109304
2018-06-20,50.5,50.95000076293945,50.0,50.54999923706055,49.64603805541992,0.4597253938485072,0.0990036641046909,0.049102783203125,0.049102783203125
2018-06-21,50.70000076293945,50.70000076293945,49.400001525878906,49.59999847412109,48.7130241394043,0.620493788719685,-1.879332072730755,-0.933013916015625,-0.933013916015625
2018-06-22,50.09999847412109,51.09999847412109,49.34999847412109,50.25,49.35140228271485,1.326402902819539,1.3104876048829928,0.638378143310554,0.638378143310554
2018-06-25,50.150001525878906,50.150001525878906,48.650001525878906,49.25,48.36928939819336,-0.0395623676880374,-1.9900404833389616,-0.9821128845214916,-0.9821128845214915
2018-06-26,49.29999923706055,49.79999923706055,48.900001525878906,49.75,48.8603401184082,-0.1284378535851321,1.015211772437552,0.4910507202148437,0.49105072021484375
2018-06-27,49.54999923706055,49.75,48.75,48.95000076293945,48.07465744018555,-0.005597213842014,-1.6080172105200852,-0.7856826782226562,-0.7856826782226562
2018-06-28,48.75,49.150001525878906,48.34999847412109,48.95000076293945,48.07465744018555,0.0430861733372862,0.0,0.0,0.0
2018-06-29,49.0,49.150001525878906,47.900001525878906,48.29999923706055,47.43627548217773,0.1206399412857064,-1.3278970501289455,-0.6383819580078196,-0.6383819580078196
2018-07-02,48.29999923706055,49.400001525878906,48.04999923706055,49.400001525878906,48.51660537719727,-0.1080587612775181,2.277434060828476,1.0803298950195457,1.0803298950195455
2018-07-03,49.34999847412109,49.75,48.150001525878906,48.45000076293945,47.58359146118164,-0.1969342471746128,-1.92308161043383,-0.933013916015632,-0.9330139160156321
2018-07-05,48.900001525878906,50.0,48.45000076293945,50.0,49.10587310791016,0.3940594297461952,3.199173496541108,1.5222816467285227,1.5222816467285227
2018-07-06,50.0,50.84999847412109,49.900001525878906,50.5,49.5969352722168,0.0861087015422492,1.0000069914804843,0.4910621643066335,0.4910621643066335
2018-07-09,50.70000076293945,50.79999923706055,49.95000076293945,50.29999923706055,49.400508880615234,-0.2031611920463837,-0.3960454220073517,-0.1964263916015625,-0.1964263916015625
2018-07-10,50.25,50.5,49.34999847412109,49.54999923706055,48.66391754150391,-0.065036233072555,-1.4910602254956884,-0.736591339111321,-0.736591339111321
2018-07-11,49.20000076293945,50.04999923706055,49.09999847412109,49.75,48.8603401184082,-0.1771212407644324,0.4036308353859263,0.1964225769042897,0.19642257690428977
2018-07-12,50.20000076293945,50.20000076293945,49.400001525878906,49.95000076293945,49.0567626953125,-0.1108891907646867,0.402008206304516,0.1964225769042968,0.19642257690429688
2018-07-13,50.04999923706055,50.25,49.650001525878906,49.95000076293945,49.0567626953125,-0.3441165805073811,0.0,0.0,0.0
2018-07-16,49.95000076293945,50.29999923706055,49.45000076293945,50.04999923706055,49.15497970581055,-0.2348620023026723,0.2002109497279081,0.0982170104980468,0.09821701049804688
2018-07-17,50.0,50.650001525878906,49.75,50.09999847412109,49.20408248901367,0.1574355246188985,0.099893812380758,0.049102783203125,0.049102783203125
2018-07-18,50.04999923706055,50.43000030517578,49.29999923706055,50.34999847412109,49.449615478515625,-0.1601386638414207,0.4990093851598098,0.2455329895019531,0.24553298950195312
2018-07-19,50.20000076293945,50.70000076293945,50.04999923706055,50.45000076293945,49.54782485961914,0.359528190002738,0.198604943947811,0.0982093811035156,0.09820938110351562
2018-07-20,50.59999847412109,50.59999847412109,47.75,48.84999847412109,47.9764404296875,0.9024045656416796,-3.171449875718557,-1.5713844299316406,-1.5713844299316406
2018-07-23,48.400001525878906,49.97999954223633,48.400001525878906,49.5,48.61481475830078,0.7891873861549348,1.3305996086742988,0.6383743286132812,0.6383743286132812
2018-07-24,49.79999923706055,50.20000076293945,49.54999923706055,50.04999923706055,49.15497970581055,0.6040772976941069,1.1111118086026162,0.5401649475097656,0.5401649475097656
2018-07-25,50.0,50.54999923706055,49.75,50.5,49.5969352722168,0.0034601605169255,0.8991063958348144,0.44195556640625,0.44195556640625
2018-07-26,50.54999923706055,51.20000076293945,50.09999847412109,50.29999923706055,49.400508880615234,-0.2824132176871051,-0.3960454220073517,-0.1964263916015625,-0.1964263916015625
2018-07-27,50.150001525878906,50.400001525878906,48.95000076293945,49.25,48.36928939819336,0.0917695605165865,-2.0874673273386546,-1.031219482421875,-1.031219482421875
2018-07-30,49.34999847412109,49.5,48.29999923706055,48.400001525878906,47.53448486328125,-0.3056227394818878,-1.725897868872328,-0.8348045349121094,-0.8348045349121094
2018-07-31,48.70000076293945,49.58000183105469,48.25,48.900001525878906,48.02554321289063,0.5469026220533008,1.0330570553604757,0.4910583496093821,0.4910583496093821
2018-08-01,49.150001525878906,50.25,49.09999847412109,50.20000076293945,49.30229568481445,0.2581988143621014,2.6584862689926325,1.276752471923821,1.276752471923821
2018-08-02,49.900001525878906,51.0,49.900001525878906,50.34999847412109,49.449615478515625,-0.1380613138415055,0.2988091967217388,0.1473197937011718,0.14731979370117188
2018-08-03,50.400001525878906,50.43000030517578,48.84999847412109,49.400001525878906,48.51660537719727,-0.1086248471749518,-1.8867893962162707,-0.9330101013183524,-0.9330101013183523
2018-08-06,49.59999847412109,51.04999923706055,49.400001525878906,50.45000076293945,49.54782485961914,0.5701121438480835,2.1254980112572763,1.031219482421868,1.031219482421868
2018-08-07,50.25,51.150001525878906,49.86000061035156,50.630001068115234,49.724605560302734,-0.4584659317889933,0.3567880147805846,0.1767807006835937,0.17678070068359375
2018-08-08,50.70000076293945,50.900001525878906,49.5,50.34999847412109,49.449615478515625,0.1478120643625252,-0.553026170219928,-0.2749900817871094,-0.2749900817871094
2018-08-09,50.54999923706055,50.54999923706055,49.95000076293945,50.04999923706055,49.15497970581055,-0.516772779224667,-0.5958302604660015,-0.2946357727050781,-0.2946357727050781
2018-08-10,50.150001525878906,50.95000076293945,49.70000076293945,50.34999847412109,49.449615478515625,-0.2897723343537435,0.5994016770395572,0.2946357727050781,0.2946357727050781
2018-08-13,50.34999847412109,50.95000076293945,50.20000076293945,50.400001525878906,49.49871826171875,-0.3254357458920682,0.0992986148182772,0.049102783203125,0.049102783203125
2018-08-14,50.5,52.150001525878906,50.34999847412109,51.54999923706055,50.62815856933594,0.4648201669254108,2.281756674274682,1.1294403076171875,1.1294403076171875
2018-08-15,51.34999847412109,51.59999847412109,50.25,50.34999847412109,49.449615478515625,-0.3090192548664902,-2.327841114754914,-1.1785430908203125,-1.1785430908203125
2018-08-16,50.75,51.02000045776367,50.29999923706055,50.75,49.84246063232422,-0.2614680394820574,0.7944352044138236,0.3928451538085937,0.39284515380859375
2018-08-17,50.54999923706055,50.900001525878906,49.810001373291016,50.79999923706055,49.891563415527344,-0.0525823433290131,0.0985159692763693,0.049102783203125,0.049102783203125
2018-08-20,50.900001525878906,51.34999847412109,50.29999923706055,51.04999923706055,50.13709259033203,-0.136929142046638,0.4921256380758576,0.2455291748046875,0.2455291748046875
2018-08-21,51.20000076293945,52.25,50.900001525878906,51.900001525878906,50.971900939941406,0.0040262464143592,1.6650513750977811,0.834808349609375,0.834808349609375
2018-08-22,51.79999923706055,52.5,50.900001525878906,52.45000076293945,51.51205825805664,-0.2739219292255992,1.0597158594333855,0.5401573181152344,0.5401573181152344
2018-08-23,52.5,52.95000076293945,52.0,52.0,51.070106506347656,-0.4709198215325353,-0.8579578581289993,-0.4419517517089844,-0.4419517517089844
2018-08-24,51.95000076293945,52.84999847412109,51.83000183105469,52.79999923706055,51.85580062866211,-0.0339015087137002,1.5384618832090968,0.7856941223144531,0.7856941223144531
2018-08-27,52.95000076293945,53.34999847412109,51.84999847412109,51.95000076293945,51.02099990844727,-0.4001590843533198,-1.6098502194437647,-0.8348007202148366,-0.8348007202148366
2018-08-28,52.150001525878906,52.20000076293945,51.04999923706055,51.20000076293945,50.28441619873047,-0.0237119625598932,-1.4436873268625416,-0.736583709716804,-0.736583709716804
2018-08-29,51.5,51.58000183105469,50.75,51.34999847412109,50.431732177734375,-0.2388246035847084,0.2929654754699529,0.1473159790039062,0.14731597900390625
2018-08-30,51.20000076293945,51.95000076293945,50.459999084472656,51.70000076293945,50.77547836303711,-0.097869215123711,0.681606937654422,0.3437461853027344,0.3437461853027344
2018-08-31,51.650001525878906,52.45000076293945,51.20000076293945,52.34999847412109,51.41384506225586,0.0759191553884422,1.2572342394384206,0.63836669921875,0.63836669921875
2018-09-04,51.95000076293945,52.95000076293945,51.400001525878906,52.650001525878906,51.7084846496582,-0.0542806010213143,0.5730744064085691,0.2946395874023437,0.29463958740234375
2018-09-05,52.70000076293945,53.29999923706055,52.04999923706055,53.25,52.29775238037109,0.0096871053886965,1.1395958220500324,0.5892677307128835,0.5892677307128835
2018-09-06,53.20000076293945,53.75,52.75,53.150001525878906,52.32728958129883,-0.2076898792258535,0.0564789108199459,0.0295372009277414,0.02953720092774148
2018-09-07,52.900001525878906,53.650001525878906,52.75,52.900001525878906,52.08116149902344,-0.1612708356362882,-0.4703627576448266,-0.2461280822753906,-0.24612808227539062
2018-09-10,53.400001525878906,54.04999923706055,53.34999847412109,53.5,52.671871185302734,-0.1573082343542521,1.1342098933226907,0.5907096862792969,0.5907096862792969
2018-09-11,53.29999923706055,53.54999923706055,52.54999923706055,52.54999923706055,51.73657989501953,-0.1822160138413359,-1.7756940644709451,-0.9352912902832032,-0.9352912902832031
2018-09-12,53.20000076293945,53.52999877929688,51.84999847412109,53.09999847412109,52.27806091308594,0.2010241387212953,1.0466115448008797,0.5414810180664062,0.5414810180664062
2018-09-13,53.45000076293945,53.84999847412109,53.09999847412109,53.75,52.917999267578125,-0.2897723343537435,1.224104994169739,0.6399383544921875,0.6399383544921875
2018-09-14,53.79999923706055,54.58000183105469,53.220001220703125,54.5,53.656394958496094,0.0691261246192375,1.3953582923350805,0.7383956909179688,0.7383956909179688
2018-09-17,54.54999923706055,54.54999923706055,53.0,53.650001525878906,52.81954956054688,-0.2597697817897562,-1.5596377628361413,-0.8368453979492116,-0.8368453979492116
2018-09-18,53.59999847412109,54.54999923706055,52.84999847412109,53.79999923706055,52.967227935791016,-0.2093881369181547,0.2795903722633053,0.1476783752441335,0.14767837524413352
2018-09-19,53.75,53.77999877929688,52.0,52.20000076293945,51.39199447631836,0.1042234502601284,-2.973977534527983,-1.5752334594726562,-1.5752334594726562
2018-09-20,52.59999847412109,52.95000076293945,52.150001525878906,52.25,51.441219329833984,-0.2495802356359491,0.0957831156724431,0.049224853515625,0.049224853515625
2018-09-21,52.29999923706055,53.34999847412109,52.29999923706055,52.650001525878906,51.83502960205078,1.1073276605126878,0.7655539222189534,0.3938102722167969,0.3938102722167969
2018-09-24,52.54999923706055,52.93000030517578,52.0,52.5,51.68735122680664,0.1942311079520906,-0.2849007252005098,-0.1476783752441406,-0.14767837524414062
2018-09-25,52.70000076293945,53.70000076293945,52.34999847412109,53.45000076293945,52.62264633178711,-0.1550438907645172,1.809524153939224,0.9352951049804688,0.9352951049804688
2018-09-26,53.45000076293945,53.45000076293945,52.25,52.400001525878906,51.58890151977539,0.4025507182077011,-1.9644485484328067,-1.0337448120117188,-1.0337448120117188
2018-09-27,52.34999847412109,53.150001525878906,52.0,52.150001525878906,51.34276580810547,-0.1069265894826506,-0.4771098131941653,-0.2461357116699218,-0.24613571166992188
2018-09-28,52.150001525878906,53.650001525878906,52.150001525878906,53.59999847412109,52.77032470703125,0.0827121861576469,2.78044798805992,1.4275588989257812,1.4275588989257812
2018-10-01,53.77000045776367,54.27000045776367,52.369998931884766,52.43000030517578,51.618438720703125,0.4874636028227597,-2.182829066758885,-1.151885986328125,-1.151885986328125
2018-10-02,52.41999816894531,52.540000915527344,52.0,52.09000015258789,51.28369522094727,-0.3803460779431394,-0.6484959794446299,-0.3347434997558522,-0.33474349975585227
2018-10-03,52.38999938964844,52.93000030517578,51.810001373291016,52.65999984741211,51.84487533569336,0.3289595515413169,1.0942661450746405,0.5611801147460866,0.5611801147460866
2018-10-04,52.58000183105469,52.77999877929688,51.08000183105469,51.5,50.70282745361328,-0.0514501715341456,-2.2028172981135907,-1.142047882080078,-1.1420478820800781
2018-10-05,51.61000061035156,51.61000061035156,50.54999923706055,50.970001220703125,50.18103790283203,0.0464826887218885,-1.02911331968345,-0.52178955078125,-0.52178955078125
2018-10-08,50.619998931884766,51.290000915527344,49.68000030517578,50.7599983215332,49.97427749633789,0.1166773400036704,-0.4120289558269041,-0.2067604064941406,-0.20676040649414062
2018-10-09,50.630001068115234,51.58000183105469,50.5099983215332,51.09999847412109,50.30901718139648,0.1795128746188137,0.6698239611030221,0.3347396850585866,0.33473968505858664
2018-10-10,51.15999984741211,51.459999084472656,49.09999847412109,49.13999938964844,48.37936019897461,0.794848245129272,-3.835608585761496,-1.929656982421868,-1.929656982421868
2018-10-11,49.150001525878906,49.41999816894531,47.79999923706055,47.81999969482422,47.07979583740234,-0.0282406497393629,-2.6861958410103526,-1.2995643615722727,-1.2995643615722727
2018-10-12,48.54999923706055,48.59000015258789,47.70000076293945,48.060001373291016,47.31608200073242,0.4331193566691222,0.5018844264876199,0.2362861633300852,0.23628616333008523
2018-10-15,47.9900016784668,48.33000183105469,47.45000076293945,47.84999847412109,47.10932922363281,-0.1754229830721312,-0.4369608986145801,-0.2067527770996093,-0.20675277709960938
2018-10-16,47.84999847412109,48.900001525878906,47.70000076293945,48.68000030517578,47.92647552490234,0.2559344707723665,1.734574265301991,0.8171463012695241,0.8171463012695241
2018-10-17,48.84000015258789,48.84000015258789,47.970001220703125,48.470001220703125,47.71973037719727,-0.1618369215337219,-0.4313798280402237,-0.2067451477050639,-0.20674514770506391
2018-10-18,48.29999923706055,48.43999862670898,46.869998931884766,47.31999969482422,46.58753204345703,-0.2076898792258535,-2.3726000226549027,-1.1321983337402417,-1.1321983337402415
2018-10-19,45.0099983215332,49.900001525878906,44.43999862670898,48.81999969482422,48.06431198120117,1.4809443528189457,3.1699037767585425,1.4767799377441406,1.4767799377441406
2018-10-22,49.09000015258789,50.65999984741211,48.84000015258789,49.720001220703125,48.950382232666016,0.759750919488381,1.843509695533352,0.8860702514648438,0.8860702514648438
2018-10-23,49.15999984741211,49.77000045776367,48.720001220703125,49.290000915527344,48.527042388916016,-0.0695649202520248,-0.8648346027980369,-0.42333984375,-0.42333984375
2018-10-24,49.34000015258789,49.970001220703125,47.290000915527344,47.34999847412109,46.617069244384766,0.8407012028214036,-3.93589440136064,-1.90997314453125,-1.90997314453125
2018-10-25,47.83000183105469,49.52999877929688,47.34000015258789,49.06999969482422,48.31044387817383,0.3782090246180509,3.6325205793434456,1.6933746337890625,1.6933746337890625
2018-10-26,48.43000030517578,49.560001373291016,47.59999847412109,49.04999923706055,48.29075241088867,-0.0537145151238805,-0.0407602698389908,-0.0196914672851562,-0.01969146728515625
2018-10-29,49.72999954223633,50.2400016784668,48.43000030517578,49.04999923706055,48.29075241088867,0.1376225182087181,0.0,0.0,0.0
2018-10-30,49.09000015258789,50.20000076293945,48.470001220703125,49.810001373291016,49.03899002075195,-0.2286350574309013,1.549442848802185,0.7482376098632812,0.7482376098632812
2018-10-31,50.43999862670898,51.38999938964844,50.41999816894531,50.459999084472656,49.678932189941406,1.527363396408511,1.30496604623922,0.6399421691894531,0.6399421691894531
2018-11-01,50.810001373291016,51.15999984741211,49.650001525878906,49.72999954223633,48.96022415161133,-0.081452724098133,-1.4467058905013983,-0.7187080383300781,-0.7187080383300781
2018-11-02,50.150001525878906,50.93999862670898,50.0,50.68999862670898,49.905364990234375,0.3374508400028228,1.930425881418163,0.9451408386230468,0.9451408386230469
2018-11-05,50.63999938964844,51.59999847412109,50.20000076293945,51.540000915527344,50.7422103881836,1.5154755925624026,1.676864597850325,0.8368453979492259,0.8368453979492259
2018-11-06,51.400001525878906,52.93999862670898,51.400001525878906,52.7599983215332,51.94332504272461,0.0487470323116234,2.367091707973201,1.2011146545410083,1.2011146545410085
2018-11-07,52.93000030517578,53.7400016784668,52.43000030517578,53.29999923706055,52.47496795654297,0.5118052964124099,1.0235057408840786,0.5316429138183594,0.5316429138183594
2018-11-08,53.09000015258789,53.34000015258789,52.59999847412109,53.29999923706055,52.47496795654297,-0.1063605035852169,0.0,0.0,0.0
2018-11-09,52.900001525878906,53.70000076293945,52.150001525878906,52.83000183105469,52.01224136352539,0.0136497066707325,-0.8818044317831397,-0.4627265930175781,-0.4627265930175781
2018-11-12,52.83000183105469,53.15999984741211,52.16999816894531,52.63999938964844,51.8251838684082,0.3402812694899914,-0.3596412886916367,-0.1870574951171875,-0.1870574951171875
2018-11-13,52.630001068115234,53.5,52.2400016784668,52.650001525878906,51.83502960205078,2.0334441887142605,0.0189979714641852,0.0098457336425781,0.009845733642578125
2018-11-14,53.02000045776367,53.59999847412109,52.5,52.95000076293945,52.13038635253906,0.0900713028242853,0.5698014504010196,0.2953567504882812,0.29535675048828125
2018-11-15,52.93000030517578,54.04999923706055,52.22999954223633,53.81999969482422,52.98691940307617,0.1602659541060671,1.6430590879275009,0.8565330505371094,0.8565330505371094
2018-11-16,53.27000045776367,54.18000030517578,52.58000183105469,52.97999954223633,52.15991973876953,1.0671355617948932,-1.5607619269495163,-0.8269996643066406,-0.8269996643066406
2018-11-19,53.0099983215332,53.0099983215332,51.52000045776367,52.09999847412109,51.29354095458984,0.8690054976930899,-1.661004826155299,-0.8663787841796946,-0.8663787841796946
2018-11-20,51.58000183105469,51.59999847412109,49.27999877929688,50.15999984741211,49.38357162475586,1.919094837432648,-3.723605924427942,-1.9099693298339773,-1.9099693298339773
2018-11-21,50.650001525878906,51.2599983215332,49.77000045776367,50.4900016784668,49.70846557617188,-0.0016346125599779,0.6578988532558006,0.3248939514160227,0.32489395141602273
2018-11-23,50.09000015258789,51.20000076293945,49.459999084472656,50.68999862670898,49.905364990234375,-0.5473414176860881,0.3961084128834446,0.1968994140624929,0.1968994140624929
2018-11-26,51.040000915527344,51.77999877929688,50.06999969482422,51.630001068115234,50.83081817626953,0.2683883605159085,1.854416226023492,0.9254531860351562,0.9254531860351562
2018-11-27,51.290000915527344,51.290000915527344,50.27999877929688,50.75,49.96443939208984,0.1857398194905847,-1.704436039520929,-0.8663787841796946,-0.8663787841796946
2018-11-28,50.75,51.290000915527344,50.18999862670898,51.09999847412109,50.30901718139648,1.0382651810257737,0.6896460632783485,0.3445777893066406,0.3445777893066406
2018-11-29,50.88999938964844,51.84999847412109,50.18999862670898,50.34000015258789,49.56078720092773,-0.2484480638410817,-1.4872681328098714,-0.74822998046875,-0.74822998046875
2018-11-30,50.34999847412109,50.83000183105469,49.93999862670898,50.31999969482422,49.54109573364258,0.1121486528242006,-0.0397319501914239,-0.0196914672851491,-0.019691467285149145
2018-12-03,50.75,50.75,49.560001373291016,50.27000045776367,49.49186706542969,-0.0780562087135307,-0.0993693568619669,-0.0492286682128906,-0.049228668212890625
2018-12-04,50.16999816894531,50.18000030517578,47.900001525878906,48.04999923706055,47.30622863769531,0.1268668861574774,-4.41615674923902,-2.185638427734375,-2.185638427734375
2018-12-06,47.369998931884766,48.959999084472656,46.86000061035156,48.68999862670898,48.066368103027344,0.404815061797436,1.6068485846836733,0.7601394653320312,0.7601394653320312
2018-12-07,48.79999923706055,49.43000030517578,47.86000061035156,48.209999084472656,47.5925178527832,0.2106475989776686,-0.9858249519257845,-0.4738502502441406,-0.4738502502441406
2018-12-10,48.18999862670898,48.63999938964844,47.7599983215332,48.31999969482422,47.70111083984375,0.0244053387219733,0.2281723933927004,0.1085929870605468,0.10859298706054688
2018-12-11,48.79999923706055,49.34000015258789,48.150001525878906,49.02999877929688,48.40201568603516,-0.0044650420471465,1.4693679745628965,0.7009048461914134,0.7009048461914134
2018-12-12,49.58000183105469,50.83000183105469,47.27999877929688,50.4900016784668,49.84331512451172,0.1868719912854522,2.9777673885023725,1.4412994384765554,1.4412994384765554
2018-12-13,50.5,51.220001220703125,49.84000015258789,50.5,49.85318756103516,0.0759191553884422,0.0198069420117574,0.0098724365234446,0.009872436523444605
2018-12-14,50.130001068115234,50.52999877929688,49.43999862670898,49.810001373291016,49.17202758789063,0.037425314362949,-1.3663318364760313,-0.6811599731445312,-0.6811599731445312
2018-12-17,49.72999954223633,50.150001525878906,48.540000915527344,48.81999969482422,48.1947021484375,0.7184266489757192,-1.987563839433404,-0.977325439453132,-0.9773254394531321
2018-12-18,49.33000183105469,49.97999954223633,48.900001525878906,49.72999954223633,49.09304428100586,0.2949943976952935,1.863985235973664,0.8983421325683594,0.8983421325683594
2018-12-19,49.68999862670898,50.59000015258789,48.880001068115234,49.369998931884766,48.7376594543457,0.3380169259002565,-0.7239005685325872,-0.3553848266601562,-0.35538482666015625
2018-12-20,49.380001068115234,49.52000045776367,48.18999862670898,48.400001525878906,47.780086517333984,0.3736803374385812,-1.96474953399991,-0.9575729370117188,-0.9575729370117188
2018-12-21,48.209999084472656,48.43000030517578,46.72999954223633,46.83000183105469,46.23019409179688,2.4659338143536256,-3.2438041420766783,-1.5498924255371025,-1.5498924255371023
2018-12-24,46.81999969482422,47.4900016784668,46.0,46.70000076293945,46.10185623168945,0.0555400630808281,-0.2776061460018852,-0.1283378601074289,-0.12833786010742898
2018-12-26,46.970001220703125,48.880001068115234,46.4900016784668,48.81999969482422,48.1947021484375,0.1987597951315604,4.539613125836506,2.092845916748047,2.092845916748047
2018-12-27,48.130001068115234,49.380001068115234,47.77000045776367,49.369998931884766,48.7376594543457,0.0357270566706478,1.1265912677205003,0.5429573059082031,0.5429573059082031
2018-12-28,49.61000061035156,50.47999954223633,48.72999954223633,49.91999816894531,49.28061676025391,-0.1086248471749518,1.1140405837847478,0.5429573059082102,0.5429573059082102
2018-12-31,50.13999938964844,50.869998931884766,50.13999938964844,50.709999084472656,50.06049346923828,0.257066642567234,1.5825222171597542,0.7798767089843679,0.7798767089843679
2019-01-02,50.20000076293945,50.619998931884766,48.470001220703125,50.0099983215332,49.36946105957031,-0.0293728215342304,-1.3803947220228707,-0.6910324096679688,-0.6910324096679688
2019-01-03,49.75,49.90999984741211,48.70000076293945,49.33000183105469,48.69817352294922,0.3136752323106064,-1.3597222295197886,-0.6712875366210938,-0.6712875366210938
2019-01-04,49.79999923706055,50.97999954223633,48.81999969482422,50.650001525878906,50.00126647949219,0.2231014887212105,2.675855914655356,1.3030929565429688,1.3030929565429688
2019-01-07,50.63999938964844,50.650001525878906,49.43000030517578,49.84000015258789,49.20164108276367,0.3170717476952087,-1.5992102861164148,-0.7996253967285156,-0.7996253967285156
2019-01-08,50.31999969482422,51.84999847412109,49.970001220703125,51.77999877929688,51.116790771484375,0.0113853630809976,3.8924508341076742,1.9151496887207031,1.9151496887207031
2019-01-09,51.79999923706055,52.68000030517578,51.290000915527344,52.369998931884766,51.69923400878906,1.3337620194861777,1.1394362371230926,0.5824432373046875,0.5824432373046875
2019-01-10,52.16999816894531,52.5,51.22999954223633,51.5,50.84037399291992,-0.3395878933279113,-1.6612625551147064,-0.8588600158691406,-0.8588600158691406
2019-01-11,51.27999877929688,52.02000045776367,51.27000045776367,51.68999862670898,51.02794647216797,-0.1023979023031808,0.3689439406448169,0.1875724792480468,0.18757247924804688
2019-01-14,51.470001220703125,52.09999847412109,51.02999877929688,51.09999847412109,50.44550323486328,-0.1188143933287588,-1.1414200993221768,-0.5824432373046875,-0.5824432373046875
2019-01-15,51.400001525878906,52.5,50.72999954223633,52.34000015258789,51.669620513916016,-0.0786222946109644,2.426613276813816,1.2241172790527344,1.2241172790527344
2019-01-16,52.40999984741211,52.59000015258789,51.470001220703125,51.869998931884766,51.20564270019531,-0.2631662971743585,-0.8979702368739906,-0.4639778137207031,-0.4639778137207031
2019-01-17,51.70000076293945,53.130001068115234,51.70000076293945,53.0099983215332,52.33103561401367,0.0974304194909237,2.1977908184991346,1.1253929138183594,1.1253929138183594
2019-01-18,53.08000183105469,53.33000183105469,52.560001373291016,52.959999084472656,52.281681060791016,0.1432833771830554,-0.0943122043039368,-0.0493545532226562,-0.04935455322265625
2019-01-22,52.66999816894531,53.31999969482422,51.33000183105469,51.540000915527344,50.8798713684082,0.4127402643615081,-2.6812636165100434,-1.4018096923828125,-1.4018096923828125
2019-01-23,51.540000915527344,52.5,50.68000030517578,50.81999969482422,50.169090270996094,0.464254081027977,-1.396978959057349,-0.7107810974121094,-0.7107810974121094
2019-01-24,50.900001525878906,51.130001068115234,50.06999969482422,50.47999954223633,49.83344650268555,-0.1612708356362882,-0.6690250241683016,-0.3356437683105469,-0.3356437683105469
2019-01-25,50.93000030517578,51.040000915527344,50.09999847412109,50.40999984741211,49.76433944702149,-0.1873107869182395,-0.1386760509537121,-0.0691070556640554,-0.0691070556640554
2019-01-28,50.09999847412109,50.27000045776367,49.31999969482422,49.380001068115234,48.74753189086914,-0.3446826664048148,-2.0432453589278143,-1.0168075561523509,-1.0168075561523509
2019-01-29,49.68999862670898,49.68999862670898,48.560001373291016,48.84000015258789,48.21445083618164,0.103091278465261,-1.0935549637280273,-0.5330810546875,-0.5330810546875
2019-01-30,48.91999816894531,49.75,48.720001220703125,49.66999816894531,49.033817291259766,-0.225238542046299,1.6994209015510409,0.819366455078125,0.819366455078125
2019-01-31,49.56999969482422,50.0,47.09999847412109,49.959999084472656,49.320106506347656,0.7308805387192612,0.5838607534619289,0.2862892150878906,0.2862892150878906
2019-02-01,50.58000183105469,50.58000183105469,47.91999816894531,50.27999877929688,49.63600540161133,0.7133318758988157,0.6405073257962579,0.3158988952636719,0.3158988952636719
2019-02-04,50.36000061035156,50.84999847412109,50.13999938964844,50.720001220703125,50.07036972045898,0.4036828900025686,0.8750992658114853,0.4343643188476491,0.43436431884764914
2019-02-05,50.59999847412109,51.56999969482422,50.59999847412109,51.290000915527344,50.6330680847168,0.0583704925679968,1.1238150774586677,0.5626983642578196,0.5626983642578196
2019-02-06,51.27999877929688,52.16999816894531,50.33000183105469,51.2400016784668,50.58371353149414,0.0011958169271906,-0.0974749409616615,-0.0493545532226562,-0.04935455322265625
2019-02-07,50.7400016784668,52.02000045776367,50.06999969482422,51.58000183105469,50.91935729980469,-0.0299389074316641,0.6635411773427302,0.3356437683105469,0.3356437683105469
2019-02-08,51.52999877929688,52.02999877929688,51.31999969482422,51.77000045776367,51.10692596435547,-0.1176822215338914,0.368364163448498,0.1875686645507812,0.18756866455078125
2019-02-11,51.81999969482422,52.560001373291016,51.790000915527344,52.52000045776367,51.84732055664063,-0.1929716458925767,1.448716741056888,0.7403945922851634,0.7403945922851634
2019-02-12,52.86000061035156,53.369998931884766,52.41999816894531,52.9900016784668,52.31129837036133,-0.1708942958926615,0.894892559035565,0.463977813720696,0.463977813720696
2019-02-13,53.040000915527344,54.209999084472656,53.02999877929688,54.18000030517578,53.48605346679688,0.0878069592345504,2.2457005140999358,1.174755096435554,1.174755096435554
2019-02-14,53.900001525878906,55.22999954223633,53.900001525878906,54.95000076293945,54.246192932128906,0.3753785951308823,1.421191910904218,0.7601394653320241,0.7601394653320241
2019-02-15,55.290000915527344,55.970001220703125,54.970001220703125,55.77000045776367,55.0556869506836,0.0510113759013583,1.492259594267753,0.8094940185546946,0.8094940185546946
2019-02-19,55.459999084472656,55.9900016784668,55.22999954223633,55.81999969482422,55.10504913330078,-0.1284378535851321,0.0896586444582903,0.0493621826171803,0.049362182617180395
2019-02-20,56.09999847412109,56.83000183105469,55.630001068115234,56.72999954223633,56.00339126586914,0.0119514489784314,1.630235607621433,0.8983421325683594,0.8983421325683594
2019-02-21,56.59000015258789,56.869998931884766,56.16999816894531,56.540000915527344,55.815826416015625,-0.0491858279444107,-0.3349169498737536,-0.1875648498535156,-0.18756484985351562
2019-02-26,57.34999847412109,57.45000076293945,56.060001373291016,56.09999847412109,55.3814582824707,-0.1335326266620357,-0.7782167916092764,-0.4343681335449219,-0.4343681335449219
2019-02-27,56.09999847412109,56.369998931884766,55.27000045776367,56.15999984741211,55.44069290161133,-0.1437221728158427,0.1069574925934624,0.059234619140625,0.059234619140625
2019-02-28,56.040000915527344,56.720001220703125,55.959999084472656,56.630001068115234,55.9046745300293,-0.3078870830716227,0.8368972394363405,0.4639816284179687,0.46398162841796875
2019-03-01,56.83000183105469,57.27000045776367,56.2400016784668,56.9900016784668,56.260066986083984,-0.1544778048670834,0.6357115197295204,0.3553924560546875,0.3553924560546875
2019-03-04,57.18999862670898,57.18999862670898,55.72999954223633,55.77000045776367,55.0556869506836,-0.2710914997384306,-2.140736938152399,-1.2043800354003835,-1.2043800354003835
2019-03-05,55.83000183105469,56.93000030517578,55.59999847412109,56.54999923706055,55.82569885253906,-0.2258046279437327,1.398605565570743,0.7700119018554616,0.7700119018554616
2019-03-06,56.72999954223633,56.84000015258789,55.66999816894531,55.75,55.03594207763672,-0.1737247253798301,-1.4146831855852748,-0.7897567749023438,-0.7897567749023438
2019-03-07,55.7400016784668,56.560001373291016,55.15999984741211,56.27999877929688,55.71906661987305,0.7121997041039483,1.241233485696802,0.6831245422363281,0.6831245422363281
2019-03-08,56.25,56.470001220703125,55.34000015258789,55.93000030517578,55.37256240844727,-0.2325976587129374,-0.6218772719035259,-0.3465042114257741,-0.34650421142577414
2019-03-11,56.11000061035156,56.68000030517578,55.77000045776367,56.560001373291016,55.99627685546875,-0.0078615574317489,1.126396214827019,0.6237144470214773,0.6237144470214773
2019-03-12,56.400001525878906,56.79999923706055,56.13999938964844,56.38999938964844,55.82796859741211,0.1104503951318994,-0.3005704441583878,-0.1683082580566406,-0.16830825805664062
2019-03-13,56.52999877929688,57.5,56.38999938964844,56.91999816894531,56.35268783569336,0.0510113759013583,0.9398859594285324,0.52471923828125,0.52471923828125
2019-03-14,56.77000045776367,57.27999877929688,56.56999969482422,57.119998931884766,56.55069732666016,0.2010241387212953,0.3513754153912529,0.1980094909668039,0.19800949096680398
2019-03-15,57.16999816894531,57.7599983215332,56.630001068115234,57.0,56.43189239501953,1.6756779015361467,-0.2100857058479177,-0.1188049316406321,-0.1188049316406321
2019-03-20,57.25,57.95000076293945,56.869998931884766,56.93999862670898,56.37248229980469,0.0221409951322384,-0.1052775171865194,-0.0594100952148437,-0.05941009521484375
2019-03-22,57.52000045776367,57.810001373291016,56.84999847412109,56.84999847412109,56.28338241577149,0.1274329720549111,-0.1580556335258331,-0.089099884033196,-0.08909988403319602
2019-04-03,57.040000915527344,57.150001525878906,56.27000045776367,56.68999862670898,56.124977111816406,-0.1182483074313251,-0.2814424029901508,-0.1584053039550852,-0.15840530395508523
2019-04-04,56.790000915527344,56.90999984741211,56.15999984741211,56.36000061035156,55.79827117919922,-0.2263707138411664,-0.5821043489537603,-0.3267059326171875,-0.3267059326171875
2019-04-05,56.52999877929688,56.720001220703125,56.06999969482422,56.4900016784668,55.92697525024414,0.5389774194892286,0.2306596034697516,0.1287040710449218,0.12870407104492188
2019-04-08,56.220001220703125,56.619998931884766,55.68999862670898,56.369998931884766,55.80817031860352,0.3521690733360996,-0.2124286734782821,-0.1188049316406179,-0.1188049316406179
2019-04-09,56.209999084472656,56.56999969482422,55.91999816894531,56.06999969482422,55.51116180419922,1.0914772553845435,-0.5321953984671279,-0.297008514404304,-0.297008514404304
2019-04-10,56.34000015258789,57.45000076293945,56.18000030517578,57.04999923706055,56.481388092041016,0.9839209348721358,1.7478039664599487,0.9702262878417968,0.9702262878417969
2019-04-11,57.09999847412109,57.34999847412109,56.650001525878906,56.68999862670898,56.124977111816406,0.1642285553881032,-0.6310237624539417,-0.3564109802246094,-0.3564109802246094
2019-04-12,56.91999816894531,56.91999816894531,56.27999877929688,56.36000061035156,55.79827117919922,0.0532757194910932,-0.5821043489537603,-0.3267059326171875,-0.3267059326171875
2019-04-15,56.369998931884766,56.810001373291016,55.900001525878906,56.31999969482422,55.758670806884766,1.3094203258965271,-0.0709706080091132,-0.0396003723144531,-0.039600372314453125
2019-04-16,56.5099983215332,57.209999084472656,54.90999984741211,56.34999847412109,55.788368225097656,0.0261035964142745,0.053260627958207,0.0296974182128906,0.029697418212890625
2019-04-17,56.54999923706055,56.81999969482422,55.81999969482422,56.13999938964844,55.58045959472656,0.0713904682089724,-0.3726737973984373,-0.2079086303710937,-0.20790863037109375
2019-04-18,55.970001220703125,56.560001373291016,55.43999862670898,56.45000076293945,55.88737487792969,0.0583704925679968,0.5521999735897287,0.306915283203125,0.306915283203125
2019-04-23,55.77999877929688,56.81999969482422,55.209999084472656,56.02999877929688,55.471561431884766,0.6986136425655388,-0.7440203569288206,-0.4158134460449219,-0.4158134460449219
2019-04-26,56.97999954223633,57.22999954223633,56.58000183105469,56.63999938964844,56.075477600097656,0.2598970720544026,1.088695094610692,0.6039161682128906,0.6039161682128906
2019-04-29,56.720001220703125,56.95000076293945,56.2599983215332,56.58000183105469,56.01608276367188,0.0589365784654305,-0.1059194481576208,-0.0593948364257741,-0.059394836425774145
2019-04-30,56.65999984741211,57.33000183105469,56.13999938964844,56.619998931884766,56.05567932128906,0.542373934873831,0.0706878376059094,0.0395965576171803,0.039596557617180395
2019-05-01,56.75,57.06999969482422,55.91999816894531,55.91999816894531,55.36265563964844,1.0105269720515209,-1.2363130552186965,-0.693023681640625,-0.693023681640625
2019-05-02,55.93000030517578,57.52000045776367,55.720001220703125,56.2400016784668,55.679466247558594,-0.2014629343540826,0.5722460460933387,0.3168106079101562,0.31681060791015625
2019-05-07,56.959999084472656,57.08000183105469,55.79999923706055,56.09999847412109,55.54085922241211,0.1053556220549959,-0.2489374171264824,-0.1386070251464843,-0.13860702514648438
2019-05-08,56.310001373291016,56.709999084472656,55.0099983215332,55.11000061035156,54.56072998046875,0.1455477207727903,-1.7646994584985642,-0.9801292419433594,-0.9801292419433594
2019-05-09,54.86000061035156,55.72999954223633,54.380001068115234,55.59000015258789,55.03594207763672,-0.1510812894824811,0.870978260991162,0.4752120971679687,0.47521209716796875
2019-05-10,55.25,55.619998931884766,54.459999084472656,55.56999969482422,55.016143798828125,-0.2127846523027571,-0.0359733622451008,-0.0197982788085937,-0.01979827880859375
2019-05-13,54.79999923706055,55.20000076293945,54.41999816894531,54.97999954223633,54.43202209472656,0.3850020553872557,-1.0617278198149616,-0.5841217041015625,-0.5841217041015625
2019-05-14,54.95000076293945,55.720001220703125,54.79999923706055,55.25,54.69933319091797,0.2536701271826316,0.4910916146495747,0.2673110961914062,0.26731109619140625
2019-05-15,54.93000030517578,55.5099983215332,54.54999923706055,55.45000076293945,54.8973388671875,-0.2020290202515163,0.3619891956971877,0.1980056762695312,0.19800567626953125
2019-05-16,55.38999938964844,56.59000015258789,55.27000045776367,56.06999969482422,55.51116180419922,-0.0429588830726398,1.1181287648509342,0.6138229370117188,0.6138229370117188
2019-05-17,55.77000045776367,56.209999084472656,55.5,56.08000183105469,55.52106475830078,0.1738520156444765,0.0178395727628455,0.0099029541015625,0.0099029541015625
2019-05-23,56.84000015258789,56.84000015258789,55.65999984741211,56.15999984741211,55.60026168823242,-0.1918394740977093,0.1426430315708327,0.0791969299316406,0.07919692993164062
2019-05-24,56.34999847412109,56.65999984741211,55.79999923706055,56.380001068115234,55.81807327270508,-0.4646928766607643,0.3917456102886518,0.2178115844726562,0.21781158447265625
2019-05-29,57.2599983215332,57.7400016784668,55.77999877929688,56.13999938964844,55.58045959472656,1.1135546053844587,-0.4256930847785223,-0.2376136779785156,-0.23761367797851562
2019-05-30,56.400001525878906,56.900001525878906,55.79999923706055,56.09000015258789,55.53096008300781,-0.2529767510205515,-0.0890591982860233,-0.04949951171875,-0.04949951171875
2019-05-31,55.58000183105469,56.06999969482422,55.18000030517578,56.04999923706055,55.49135971069336,-0.2286350574309013,-0.0713122414149891,-0.0396003723144531,-0.039600372314453125
2019-06-03,56.15999984741211,56.59999847412109,55.08000183105469,55.34000015258789,54.78843307495117,0.4931244617970969,-1.2667316847288057,-0.7029266357421875,-0.7029266357421875
2019-06-04,55.77000045776367,56.93999862670898,55.31999969482422,56.88999938964844,56.3229866027832,-0.1556099766619509,2.8008713549678266,1.5345535278320312,1.5345535278320312
2019-06-26,57.2599983215332,57.9900016784668,56.720001220703125,57.0099983215332,56.59798049926758,0.0815800143627795,0.4882445215907305,0.274993896484375,0.274993896484375
