Date,Open,High,Low,Close,Adj Close,Volume,Daily_Return,Adj Close Diff,Price_Diff
2014-08-01,18.209999084472656,18.209999084472656,16.770000457763672,16.950000762939453,16.950000762939453,0.9104054279527084,,,
2014-08-04,16.84000015258789,17.270000457763672,16.110000610351562,16.850000381469727,16.850000381469727,0.0421727313630063,-0.589972725478416,-0.1000003814697265,-0.10000038146972656
2014-08-05,16.549999237060547,17.200000762939453,16.479999542236328,16.75,16.75,-0.8797042467583425,-0.5934740605685662,-0.1000003814697265,-0.10000038146972656
2014-08-06,16.75,17.479999542236328,16.260000228881836,17.059999465942383,17.059999465942383,-1.0288353494163205,1.850743080253037,0.3099994659423828,0.3099994659423828
2014-08-07,17.079999923706055,17.59000015258789,17.0,17.489999771118164,17.489999771118164,-1.088380501916448,2.5205176942368013,0.4300003051757812,0.43000030517578125
2014-08-08,17.549999237060547,17.93000030517578,17.350000381469727,17.510000228881836,17.510000228881836,-1.217931441815375,0.1143536765317643,0.0200004577636718,0.020000457763671875
2014-08-11,17.549999237060547,17.950000762939453,17.5,17.850000381469727,17.850000381469727,-1.1084971074908156,1.9417484188668288,0.3400001525878906,0.3400001525878906
2014-08-12,17.8700008392334,18.39999961853028,17.6299991607666,18.34000015258789,18.34000015258789,-0.887214446172773,2.745096698299454,0.489999771118164,0.48999977111816406
2014-08-13,18.61000061035156,20.0,18.26000022888184,19.799999237060547,19.799999237060547,-0.6635177921858062,7.960736490324627,1.4599990844726562,1.4599990844726562
2014-08-14,19.40999984741211,20.90999984741211,19.40999984741211,20.770000457763672,20.770000457763672,-1.0958907013308787,4.898996252926779,0.970001220703125,0.970001220703125
2014-08-15,21.479999542236328,21.479999542236328,19.950000762939453,19.959999084472656,19.959999084472656,-1.1656282673220195,-3.8998620868505696,-0.8100013732910156,-0.8100013732910156
2014-08-18,20.200000762939453,20.600000381469727,20.0,20.46999931335449,20.46999931335449,-1.3268293333246175,2.5551114843415768,0.5100002288818324,0.5100002288818324
2014-08-19,20.46999931335449,20.75,20.100000381469727,20.38999938964844,20.38999938964844,-1.2573599887411353,-0.3908154684394982,-0.0799999237060475,-0.07999992370604758
2014-08-20,20.15999984741211,20.89999961853028,20.15999984741211,20.489999771118164,20.489999771118164,-1.167774038583285,0.490438374022184,0.100000381469723,0.10000038146972301
2014-08-21,20.31999969482422,20.600000381469727,19.31999969482422,20.15999984741211,20.15999984741211,-1.1119839857903726,-1.610541373315233,-0.3299999237060547,-0.3299999237060547
2014-08-22,19.979999542236328,21.0,19.96999931335449,20.459999084472656,20.459999084472656,-1.133441698403031,1.4880914649364696,0.2999992370605469,0.2999992370605469
2014-08-25,20.489999771118164,20.600000381469727,19.690000534057617,19.8700008392334,19.8700008392334,-1.2562871031105023,-2.883667016813385,-0.5899982452392578,-0.5899982452392578
2014-08-26,19.799999237060547,20.600000381469727,19.65999984741211,19.729999542236328,19.729999542236328,-1.1194941852048033,-0.7045862661497093,-0.1400012969970703,-0.1400012969970703
2014-08-27,19.520000457763672,20.14999961853028,19.350000381469727,19.51000022888184,19.51000022888184,-1.1900364154189187,-1.1150497641093882,-0.2199993133544886,-0.21999931335448863
2014-08-28,19.5,19.96999931335449,19.290000915527344,19.39999961853028,19.39999961853028,-1.1436341118940443,-0.5638165508000448,-0.1100006103515625,-0.11000061035155895
2014-08-29,19.39999961853028,19.655000686645508,19.0,19.3799991607666,19.3799991607666,-1.0765787599794858,-0.1030951451389317,-0.0200004577636754,-0.02000045776367898
2014-09-02,19.780000686645508,20.1200008392334,19.3799991607666,19.770000457763672,19.770000457763672,-1.1125204286056891,2.0123906805249003,0.3900012969970703,0.3900012969970703
2014-09-03,19.799999237060547,19.979999542236328,18.809999465942383,18.88999938964844,18.88999938964844,-1.0599490327046754,-4.4511939693438585,-0.8800010681152308,-0.8800010681152308
2014-09-04,18.950000762939453,19.64999961853028,18.600000381469727,18.93000030517578,18.93000030517578,-0.9593660048328378,0.2117571033340537,0.0400009155273402,0.0400009155273402
2014-09-05,18.950000762939453,19.43000030517578,18.950000762939453,19.040000915527344,19.040000915527344,-1.17769823066664,0.5810914346445539,0.1100006103515625,0.1100006103515625
2014-09-08,19.25,19.459999084472656,18.3799991607666,18.64999961853028,18.64999961853028,-1.0038907585041046,-2.048326041197912,-0.3900012969970667,-0.3900012969970632
2014-09-09,19.0,19.43000030517578,18.770999908447266,19.40999984741211,19.40999984741211,-1.1717973596981588,4.075068334729148,0.7600002288818324,0.7600002288818288
2014-09-10,19.299999237060547,22.11400032043457,18.6200008392334,21.6200008392334,21.6200008392334,-0.5060718258904231,11.38588876452744,2.210000991821289,2.210000991821289
2014-09-11,21.450000762939453,22.84000015258789,20.549999237060547,20.93000030517578,20.93000030517578,1.0077697989326473,-3.191491708018279,-0.6900005340576172,-0.6900005340576172
2014-09-12,21.0,21.229999542236328,19.290000915527344,20.739999771118164,20.739999771118164,-0.6375003156429575,-0.9077904027102734,-0.1900005340576172,-0.1900005340576172
2014-09-15,20.93000030517578,20.950000762939453,20.020000457763672,20.8700008392334,20.8700008392334,-1.2069343641013874,0.6268132572319063,0.1300010681152343,0.13000106811523438
2014-09-16,21.13999938964844,21.13999938964844,19.729999542236328,20.100000381469727,20.100000381469727,-0.8491270062853038,-3.68950851365637,-0.7700004577636719,-0.7700004577636719
2014-09-17,19.89999961853028,20.489999771118164,19.65999984741211,20.030000686645508,20.030000686645508,-1.0886487233241064,-0.3482571815707658,-0.0699996948242187,-0.06999969482421875
2014-09-18,20.0,20.450000762939453,19.799999237060547,20.15999984741211,20.15999984741211,-1.1978148362410077,0.6490222481783325,0.1299991607666015,0.12999916076660156
2014-09-19,20.21999931335449,20.43000030517578,19.56999969482422,19.56999969482422,19.56999969482422,-0.6833661763525154,-2.926588080622572,-0.5900001525878906,-0.5900001525878906
2014-09-22,19.770000457763672,20.0,19.07999992370605,19.76000022888184,19.76000022888184,-1.0932084872542964,0.9708765305084244,0.1900005340576207,0.19000053405762074
2014-09-23,19.520000457763672,20.21999931335449,18.700000762939453,18.81999969482422,18.81999969482422,-0.7182349593480858,-4.757087667861892,-0.9400005340576209,-0.9400005340576207
2014-09-24,18.739999771118164,18.979999542236328,17.579999923706055,18.239999771118164,18.239999771118164,-0.845908349393405,-3.081827487306299,-0.5799999237060547,-0.5799999237060547
2014-09-25,18.299999237060547,18.88999938964844,17.860000610351562,18.15999984741211,18.15999984741211,-0.8850686749115071,-0.4385960784535125,-0.0799999237060546,-0.07999992370605469
2014-09-26,18.170000076293945,18.93000030517578,18.040000915527344,18.450000762939453,18.450000762939453,-0.8566372056997343,1.596921354427594,0.2900009155273437,0.29000091552734375
2014-09-29,18.43000030517578,18.549999237060547,17.8799991607666,18.239999771118164,18.239999771118164,-1.015960721848725,-1.1382167107717334,-0.210000991821289,-0.21000099182128906
2014-09-30,18.200000762939453,18.729999542236328,17.780000686645508,18.309999465942383,18.309999465942383,2.0355942330789984,0.3837702615274052,0.0699996948242187,0.06999969482421875
2014-10-01,18.299999237060547,18.670000076293945,17.559999465942383,17.770000457763672,17.770000457763672,-0.7700016910261249,-2.949202752207281,-0.5399990081787109,-0.5399990081787109
2014-10-02,17.809999465942383,18.209999084472656,17.229999542236328,17.3799991607666,17.3799991607666,-0.7748296763639732,-2.194717427971027,-0.3900012969970703,-0.3900012969970703
2014-10-03,17.5,18.989999771118164,17.360000610351562,18.89999961853028,18.89999961853028,-1.0328586705311935,8.745687751210628,1.5200004577636754,1.520000457763679
2014-10-06,18.8700008392334,19.56999969482422,18.559999465942383,18.68000030517578,18.68000030517578,-1.160263839168855,-1.1640175544702092,-0.2199993133544957,-0.2199993133544993
2014-10-07,18.56999969482422,19.65999984741211,17.579999923706055,19.290000915527344,19.290000915527344,-1.1460481045629685,3.2655278393252773,0.6100006103515625,0.6100006103515625
2014-10-08,19.280000686645508,19.645000457763672,19.15999984741211,19.3700008392334,19.3700008392334,-1.15489941101569,0.4147222390314065,0.0799999237060546,0.07999992370605469
2014-10-09,19.299999237060547,19.39999961853028,18.459999084472656,18.520000457763672,18.520000457763672,-1.127272606026892,-4.388230999701737,-0.8500003814697266,-0.8500003814697266
2014-10-10,18.40999984741211,19.06999969482422,17.940000534057617,17.979999542236328,17.979999542236328,-1.06075369692765,-2.915771610043194,-0.5400009155273438,-0.5400009155273438
2014-10-13,18.40999984741211,18.655000686645508,17.649999618530273,18.21999931335449,18.21999931335449,-1.0508295048442955,1.334815223740038,0.2399997711181605,0.2399997711181605
2014-10-14,18.350000381469727,18.5,17.979999542236328,18.440000534057617,18.440000534057617,-0.998794551758598,1.2074710702205005,0.2200012207031285,0.22000122070312855
2014-10-15,18.13999938964844,19.540000915527344,17.889999389648438,19.440000534057617,19.440000534057617,-1.0556574901821436,5.42299333534757,1.0,1.0
2014-10-16,19.489999771118164,20.549999237060547,19.25,20.31999969482422,20.31999969482422,-1.139879012186829,4.5267445297900055,0.8799991607666016,0.8799991607666016
2014-10-17,20.61000061035156,20.690000534057617,19.38999938964844,19.40999984741211,19.40999984741211,-1.2900830004754398,-4.47834577302626,-0.9099998474121094,-0.9099998474121094
2014-10-20,19.3700008392334,20.26000022888184,19.350000381469727,20.1200008392334,20.1200008392334,-1.2152492277387927,3.657913433296356,0.7100009918212891,0.7100009918212891
2014-10-21,20.270000457763672,20.75,19.0,20.3700008392334,20.3700008392334,-1.1642871602837284,1.242544679782065,0.25,0.25
2014-10-22,20.299999237060547,21.03199958801269,20.01000022888184,20.170000076293945,20.170000076293945,-1.1189577423894868,-0.9818397383383748,-0.2000007629394531,-0.20000076293945312
2014-10-23,20.3700008392334,21.11000061035156,20.36199951171875,20.670000076293945,20.670000076293945,-1.2434124755429072,2.4789290932510037,0.5,0.5
2014-10-24,20.690000534057617,20.968000411987305,19.989999771118164,20.030000686645508,20.030000686645508,-1.3193191339101873,-3.096271830121766,-0.6399993896484375,-0.6399993896484375
2014-10-27,20.030000686645508,20.489999771118164,19.770000457763672,19.950000762939453,19.950000762939453,-1.3101996060498071,-0.3994005040618531,-0.0799999237060546,-0.07999992370605469
2014-10-28,19.959999084472656,20.479999542236328,19.549999237060547,20.46999931335449,20.46999931335449,-1.259505760002401,2.606508924957152,0.5199985504150355,0.5199985504150355
2014-10-29,19.84000015258789,20.670000076293945,19.84000015258789,19.950000762939453,19.950000762939453,-1.2608468670406925,-2.540295885969046,-0.5199985504150355,-0.5199985504150355
2014-10-30,19.3700008392334,20.51000022888184,19.3700008392334,20.229999542236328,20.229999542236328,-1.202106378763539,1.403502599443618,0.279998779296875,0.279998779296875
2014-10-31,20.770000457763672,20.770000457763672,20.06999969482422,20.39999961853028,20.39999961853028,-1.299470749743478,0.8403365306016042,0.1700000762939488,0.17000007629395242
2014-11-03,20.39999961853028,20.51000022888184,19.670000076293945,19.88999938964844,19.88999938964844,-1.232951840644236,-2.5000011687185464,-0.5100002288818359,-0.5100002288818395
2014-11-04,19.76000022888184,19.989999771118164,19.5,19.59000015258789,19.59000015258789,-1.2230276485608813,-1.5082918364325404,-0.2999992370605504,-0.2999992370605504
2014-11-05,19.81999969482422,19.81999969482422,19.290000915527344,19.690000534057617,19.690000534057617,-1.1189577423894868,0.5104664660072311,0.1000003814697265,0.10000038146972656
2014-11-06,19.61000061035156,19.940000534057617,19.57999992370605,19.799999237060547,19.799999237060547,-1.3053716207119592,0.5586526156394322,0.1099987030029296,0.10999870300292969
2014-11-07,19.729999542236328,21.290000915527344,19.6299991607666,20.51000022888184,20.51000022888184,-1.1693833670292346,3.5858637332286003,0.7100009918212926,0.7100009918212926
2014-11-10,19.96999931335449,21.0,19.96999931335449,20.790000915527344,20.790000915527344,-1.2726486089776543,1.3651910459328676,0.2800006866455042,0.28000068664550426
2014-11-11,20.700000762939453,21.989999771118164,20.700000762939453,21.059999465942383,21.059999465942383,-1.1538265253850573,1.298694269000178,0.269998550415039,0.26999855041503906
2014-11-12,21.040000915527344,21.520000457763672,20.857999801635746,21.440000534057617,21.440000534057617,-1.3152958127953138,1.8043735885642451,0.3800010681152344,0.3800010681152344
2014-11-13,21.71999931335449,21.71999931335449,20.520000457763672,21.39999961853028,21.39999961853028,-1.2131034564775267,-0.1865714297152099,-0.0400009155273402,-0.040000915527336645
2014-11-14,21.350000381469727,21.80500030517578,21.190000534057617,21.36000061035156,21.36000061035156,-1.2916923289213893,-0.186911256503397,-0.039999008178718,-0.039999008178721596
2014-11-17,21.440000534057617,21.8700008392334,21.299999237060547,21.51000022888184,21.51000022888184,-1.315564034202972,0.7022453850379806,0.1499996185302805,0.14999961853028054
2014-11-18,21.63999938964844,22.790000915527344,21.63999938964844,22.270000457763672,22.270000457763672,-1.2155174491464509,3.5332413797995565,0.7600002288818324,0.7600002288818324
2014-11-19,22.15999984741211,22.84000015258789,21.709999084472656,21.71999931335449,21.71999931335449,-1.3080538347885415,-2.4696952541707007,-0.5500011444091832,-0.5500011444091832
2014-11-20,21.6299991607666,22.489999771118164,21.6299991607666,22.07999992370605,22.07999992370605,-1.2578964315564518,1.657461426024165,0.3600006103515625,0.3600006103515625
2014-11-21,22.3799991607666,23.75,22.1299991607666,22.959999084472656,22.959999084472656,-1.1648236030990446,3.9855034592722,0.8799991607666051,0.8799991607666051
2014-11-24,23.030000686645508,23.200000762939453,22.530000686645508,23.07999992370605,23.07999992370605,-1.184671987265754,0.522651759662085,0.1200008392333948,0.12000083923339488
2014-11-25,23.030000686645508,24.190000534057617,22.46999931335449,23.780000686645508,23.780000686645508,-0.80567513824467,3.0329322584636165,0.7000007629394567,0.7000007629394567
2014-11-26,23.76000022888184,23.89999961853028,22.8799991607666,23.530000686645508,23.530000686645508,-1.1924504080878429,-1.0513035861281383,-0.25,-0.25
2014-11-28,23.57999992370605,25.280000686645508,22.93000030517578,24.82999992370605,24.82999992370605,-1.1819897731891718,5.52485847481663,1.299999237060543,1.2999992370605433
2014-12-01,24.82999992370605,27.739999771118164,23.979999542236328,24.01000022888184,24.01000022888184,-1.273185051792971,-3.3024554866845968,-0.8199996948242116,-0.8199996948242116
2014-12-02,24.1200008392334,25.170000076293945,22.559999465942383,22.59000015258789,22.59000015258789,-1.0151560576257503,-5.914202677040459,-1.4200000762939489,-1.4200000762939489
2014-12-03,22.700000762939453,23.09000015258789,22.32999992370605,22.700000762939453,22.700000762939453,-1.1814533303738552,0.486943822968322,0.1100006103515625,0.1100006103515625
2014-12-04,22.770000457763672,22.770000457763672,22.209999084472656,22.450000762939453,22.450000762939453,-1.1978148362410077,-1.1013215488880346,-0.25,-0.25
2014-12-05,22.40999984741211,22.71999931335449,22.229999542236328,22.290000915527344,22.290000915527344,-1.2149810063311344,-0.7126941736066095,-0.1599998474121093,-0.15999984741210938
2014-12-08,22.170000076293945,24.489999771118164,22.170000076293945,24.09000015258789,24.09000015258789,-0.9977216661279652,8.07536636665931,1.7999992370605469,1.7999992370605469
2014-12-09,24.020000457763672,24.100000381469727,23.15999984741211,23.96999931335449,23.96999931335449,-0.9995992159815728,-0.4981354855678965,-0.1200008392334019,-0.12000083923340199
2014-12-10,24.64999961853028,26.0,23.3700008392334,24.26000022888184,24.26000022888184,-0.7611503845734032,1.209849494512838,0.2900009155273508,0.29000091552735086
2014-12-11,24.32999992370605,24.739999771118164,23.5,23.82999992370605,23.82999992370605,-0.9330803068823308,-1.7724662041176176,-0.4300003051757883,-0.43000030517578836
2014-12-12,23.559999465942383,23.850000381469727,22.14999961853028,22.31999969482422,22.31999969482422,-0.9408587277044196,-6.336551547277535,-1.5100002288818324,-1.5100002288818324
2014-12-15,22.5,23.729999542236328,22.3799991607666,22.89999961853028,22.89999961853028,-1.0811385239096758,2.5985660019545387,0.5799999237060582,0.5799999237060618
2014-12-16,22.700000762939453,23.239999771118164,22.6200008392334,22.739999771118164,22.739999771118164,-1.0350044417924598,-0.6986893016480367,-0.1599998474121129,-0.15999984741211648
2014-12-17,22.700000762939453,24.6299991607666,22.700000762939453,24.31999969482422,24.31999969482422,-1.044392191060498,6.94810879335539,1.579999923706055,1.5799999237060547
2014-12-18,24.799999237060547,25.190000534057617,24.239999771118164,24.6200008392334,24.6200008392334,-0.9816283816684712,1.2335573526879084,0.3000011444091797,0.3000011444091797
2014-12-19,24.56999969482422,25.290000915527344,24.39999961853028,24.57999992370605,24.57999992370605,-0.0758446880066164,-0.1624732500561276,-0.0400009155273473,-0.0400009155273473
2014-12-22,24.520000457763672,25.78499984741211,23.73200035095215,25.709999084472656,25.709999084472656,-1.1723338025134753,4.597230123165219,1.1299991607666051,1.1299991607666051
2014-12-23,25.75,25.76000022888184,24.89999961853028,25.350000381469727,25.350000381469727,-1.1146661998669551,-1.4002283773722368,-0.3599987030029297,-0.3599987030029297
2014-12-24,25.440000534057617,25.645000457763672,25.084999084472656,25.59000015258789,25.59000015258789,-1.3072491705655669,0.9467446449965332,0.239999771118164,0.23999977111816406
2014-12-26,25.6200008392334,26.14999961853028,25.13999938964844,25.82999992370605,25.82999992370605,-1.2635290811172746,0.937865454033182,0.2399997711181605,0.2399997711181605
2014-12-29,25.82999992370605,26.090999603271484,25.39999961853028,25.76000022888184,25.76000022888184,-1.2608468670406925,-0.2710015293494794,-0.0699996948242116,-0.06999969482421164
2014-12-30,25.75,26.209999084472656,25.280000686645508,25.6200008392334,25.6200008392334,-1.2372433831667675,-0.5434758866635248,-0.139999389648441,-0.13999938964844105
2014-12-31,25.71999931335449,26.030000686645508,25.19499969482422,25.450000762939453,25.450000762939453,-1.2173949990000583,-0.6635443822219367,-0.1700000762939453,-0.1700000762939453
2015-01-02,25.530000686645508,25.729999542236328,24.270000457763672,24.700000762939453,24.700000762939453,-1.0197158215559403,-2.946954725015793,-0.75,-0.75
2015-01-05,24.46999931335449,24.88999938964844,21.61000061035156,22.39999961853028,22.39999961853028,-0.7332553581769469,-9.311745236300396,-2.300001144409176,-2.3000011444091726
2015-01-06,22.440000534057617,22.540000915527344,21.520000457763672,21.65999984741211,21.65999984741211,-1.1430976690787278,-3.3035704630369978,-0.7399997711181676,-0.7399997711181712
2015-01-07,21.88999938964844,21.88999938964844,20.89999961853028,21.3799991607666,21.3799991607666,-1.049220176398346,-1.292708627045358,-0.2800006866455078,-0.2800006866455078
2015-01-08,21.5,21.82999992370605,21.040000915527344,21.190000534057617,21.190000534057617,-1.0489519549906878,-0.8886746219225361,-0.1899986267089843,-0.18999862670898438
2015-01-09,21.200000762939453,21.229999542236328,19.71999931335449,20.299999237060547,20.299999237060547,-1.005500086950054,-4.2001003990850165,-0.8900012969970703,-0.8900012969970703
2015-01-12,20.36000061035156,20.979999542236328,20.01000022888184,20.549999237060547,20.549999237060547,-1.0057683083577122,1.231527139880817,0.25,0.25
2015-01-13,20.61000061035156,21.676000595092773,20.28499984741211,21.51000022888184,21.51000022888184,-0.9725088538080912,4.67153784653187,0.9600009918212926,0.9600009918212926
2015-01-14,22.690000534057617,22.690000534057617,21.559999465942383,22.049999237060547,22.049999237060547,-1.0797974168713846,2.5104556133553224,0.5399990081787074,0.5399990081787074
2015-01-15,21.989999771118164,22.100000381469727,21.049999237060547,21.100000381469727,21.100000381469727,-1.0924038230313216,-4.3083849816834,-0.9499988555908204,-0.9499988555908203
2015-01-16,21.06999969482422,21.11000061035156,19.299999237060547,19.56999969482422,19.56999969482422,-0.9513193626030908,-7.251187957272132,-1.5300006866455078,-1.5300006866455078
2015-01-20,19.530000686645508,20.049999237060547,19.26000022888184,19.959999084472656,19.959999084472656,-1.0253484711167633,1.9928431054170304,0.3899993896484375,0.3899993896484375
2015-01-21,20.0,20.1200008392334,19.63500022888184,20.040000915527344,20.040000915527344,-1.2997389711511362,0.4008107952115258,0.0800018310546875,0.0800018310546875
2015-01-22,20.1299991607666,21.36000061035156,20.07999992370605,20.979999542236328,20.979999542236328,-1.107692443267841,4.690611695434899,0.9399986267089844,0.9399986267089844
2015-01-23,20.989999771118164,21.549999237060547,20.700000762939453,21.200000762939453,21.200000762939453,-1.1878906441576529,1.04862357246589,0.220001220703125,0.220001220703125
2015-01-26,21.700000762939453,21.739999771118164,21.14999961853028,21.18000030517578,21.18000030517578,-1.2281238553063878,-0.0943417785089661,-0.0200004577636718,-0.020000457763671875
2015-01-27,20.71999931335449,21.0,19.96999931335449,20.290000915527344,20.290000915527344,-0.045535668941236,-4.202074489257434,-0.8899993896484375,-0.8899993896484375
2015-01-28,20.290000915527344,21.5,20.290000915527344,21.170000076293945,21.170000076293945,0.0048899556985119,4.337107545880703,0.8799991607666016,0.8799991607666016
2015-01-29,21.280000686645508,21.31999969482422,20.8799991607666,21.1299991607666,21.1299991607666,0.4292162226138374,-0.1889509465431538,-0.0400009155273437,-0.04000091552734375
2015-01-30,20.940000534057617,21.36000061035156,20.729999542236328,20.770000457763672,20.770000457763672,-0.71608918808682,-1.703732689546722,-0.3599987030029297,-0.3599987030029297
2015-02-02,20.280000686645508,20.81999969482422,19.549999237060547,19.700000762939453,19.700000762939453,-0.760882163165745,-5.1516594667395,-1.0699996948242188,-1.0699996948242188
2015-02-03,19.690000534057617,20.13999938964844,19.520000457763672,19.65999984741211,19.65999984741211,-1.0371502130537256,-0.2030503247623993,-0.0400009155273437,-0.04000091552734375
2015-02-04,19.670000076293945,19.989999771118164,19.350000381469727,19.729999542236328,19.729999542236328,-1.021593371409548,0.3560513497838702,0.0699996948242187,0.06999969482421875
2015-02-05,19.709999084472656,20.09000015258789,19.440000534057617,19.700000762939453,19.700000762939453,-0.9062581661165076,-0.1520465280937077,-0.029998779296875,-0.029998779296875
2015-02-06,19.71999931335449,20.799999237060547,19.11000061035156,19.299999237060547,19.299999237060547,-0.8330337218258098,-2.030464519734476,-0.4000015258789062,-0.40000152587890625
2015-02-09,19.21999931335449,19.31100082397461,18.8799991607666,18.950000762939453,18.950000762939453,-1.0543163831438525,-1.813463668169557,-0.3499984741210937,-0.34999847412109375
2015-02-10,19.0,19.200000762939453,18.940000534057617,19.15999984741211,19.15999984741211,-0.8094302379518853,1.1081745436303692,0.2099990844726562,0.20999908447265625
2015-02-11,19.100000381469727,19.549999237060547,18.940000534057617,19.530000686645508,19.530000686645508,-0.4194363112168136,1.9311108673279789,0.3700008392333984,0.37000083923339844
2015-02-12,19.56999969482422,20.100000381469727,19.43000030517578,19.979999542236328,19.979999542236328,0.3932745539876341,2.3041415246775943,0.4499988555908203,0.4499988555908203
2015-02-13,19.93000030517578,20.299999237060547,19.799999237060547,20.020000457763672,20.020000457763672,-0.5243108816111829,0.2002047870060419,0.0400009155273437,0.04000091552734375
2015-02-17,20.0,20.3700008392334,19.82999992370605,20.1299991607666,20.1299991607666,-0.70696966022644,0.5494440583804883,0.1099987030029296,0.10999870300292969
2015-02-18,19.850000381469727,20.190000534057617,19.82999992370605,20.1299991607666,20.1299991607666,-0.956147347940939,0.0,0.0,0.0
2015-02-19,20.100000381469727,20.38999938964844,19.75,19.8700008392334,19.8700008392334,-0.8748762614204942,-1.291596286004526,-0.2599983215332031,-0.2599983215332031
2015-02-20,19.81999969482422,19.989999771118164,19.239999771118164,19.420000076293945,19.420000076293945,-0.9668762042472684,-2.2647244284505708,-0.4500007629394531,-0.4500007629394531
2015-02-23,19.450000762939453,20.0,19.420000076293945,19.75,19.75,-0.9794826104072052,1.6992786941792293,0.3299999237060547,0.3299999237060547
2015-02-24,19.01000022888184,19.94599914550781,19.01000022888184,19.459999084472656,19.459999084472656,-1.0527070546979032,-1.4683590659612331,-0.2900009155273437,-0.29000091552734375
2015-02-25,19.39999961853028,20.049999237060547,19.39999961853028,19.96999931335449,19.96999931335449,-0.9977216661279652,2.620761833893237,0.5100002288818324,0.5100002288818324
2015-02-26,20.0,20.270000457763672,19.63500022888184,19.76000022888184,19.76000022888184,-1.1951326221644252,-1.0515728176926695,-0.2099990844726491,-0.20999908447264914
2015-02-27,19.826000213623047,20.420000076293945,19.739999771118164,20.270000457763672,20.270000457763672,-0.9674126470625848,2.5809727883322697,0.5100002288818324,0.5100002288818324
2015-03-02,20.0,20.959999084472656,19.979999542236328,20.88999938964844,20.88999938964844,-0.785022089854986,3.058702110918321,0.6199989318847692,0.6199989318847692
2015-03-03,20.89999961853028,21.14999961853028,20.540000915527344,21.06999969482422,21.06999969482422,-0.9920890165671424,0.8616577809235082,0.1800003051757777,0.1800003051757777
2015-03-04,21.030000686645508,21.350000381469727,20.920000076293945,21.26000022888184,21.26000022888184,-0.8764855898664436,0.9017585990012787,0.1900005340576207,0.19000053405762074
2015-03-05,21.21999931335449,21.559999465942383,21.114999771118164,21.5,21.5,-0.6699551059696037,1.1288794380731826,0.2399997711181605,0.2399997711181605
2015-03-06,21.81999969482422,22.46999931335449,21.559999465942383,22.190000534057617,22.190000534057617,-0.3145617408224442,3.2093048095703125,0.6900005340576172,0.6900005340576172
2015-03-09,22.25,23.43000030517578,22.239999771118164,23.07999992370605,23.07999992370605,-0.237313975416873,4.010812835639399,0.889999389648434,0.889999389648434
2015-03-10,22.950000762939453,23.71999931335449,22.64999961853028,23.6299991607666,23.6299991607666,-0.5149231323431448,2.383012300167442,0.5499992370605504,0.5499992370605504
2015-03-11,23.559999465942383,24.0,23.559999465942383,23.959999084472656,23.959999084472656,-0.8705847188979625,1.3965295616851447,0.3299999237060547,0.3299999237060547
2015-03-12,23.5,24.09000015258789,23.350000381469727,24.0,24.0,-0.7855585326703024,0.1669487356252386,0.0400009155273437,0.04000091552734375
2015-03-13,24.020000457763672,24.450000762939453,23.38999938964844,23.6299991607666,23.6299991607666,-0.8976750810714441,-1.5416701634724972,-0.3700008392333984,-0.37000083923339844
2015-03-16,24.01000022888184,24.690000534057617,23.90999984741211,24.39999961853028,24.39999961853028,-0.5994128757554883,3.2585716678404486,0.7700004577636754,0.770000457763679
2015-03-17,24.39999961853028,24.600000381469727,23.96999931335449,24.31999969482422,24.31999969482422,-0.8679025048213802,-0.3278685449048302,-0.0799999237060582,-0.07999992370606179
2015-03-18,24.3799991607666,25.299999237060547,24.229999542236328,24.96999931335449,24.96999931335449,-0.5602525502373863,2.6726958334156725,0.6499996185302699,0.6499996185302699
2015-03-19,25.030000686645508,25.530000686645508,24.36000061035156,25.06999969482422,25.06999969482422,0.4308255510597868,0.4004821154169891,0.1000003814697301,0.10000038146973012
2015-03-20,25.1200008392334,25.520000457763672,24.65999984741211,25.030000686645508,25.030000686645508,1.8937051084277927,-0.1595492966319001,-0.0399990081787109,-0.03999900817871094
2015-03-23,25.049999237060547,25.39999961853028,24.88999938964844,25.0,25.0,0.1312222387055399,-0.1198589125948945,-0.0300006866455078,-0.030000686645507812
2015-03-24,25.0,26.479999542236328,24.8799991607666,25.96999931335449,25.96999931335449,0.5335543501928903,3.879997253417944,0.9699993133544886,0.9699993133544886
2015-03-25,26.5,26.5,24.209999084472656,24.739999771118164,24.739999771118164,0.9278398194504937,-4.736232478850411,-1.2299995422363246,-1.2299995422363246
2015-03-26,24.51000022888184,25.450000762939453,24.26000022888184,25.38999938964844,25.38999938964844,-0.6678093347083379,2.627322653774211,0.649999618530277,0.649999618530277
2015-03-27,25.34000015258789,25.850000381469727,25.06999969482422,25.209999084472656,25.209999084472656,-0.9658033186166354,-0.7089417467618042,-0.1800003051757848,-0.1800003051757848
2015-03-30,25.200000762939453,25.39999961853028,24.76000022888184,24.959999084472656,24.959999084472656,-1.07443298871822,-0.99167000824677,-0.25,-0.25
2015-03-31,25.0,25.299999237060547,24.51000022888184,24.989999771118164,24.989999771118164,-0.8582465341456837,0.1201950630846493,0.0300006866455078,0.030000686645507812
2015-04-01,24.88999938964844,25.0,24.516000747680664,24.940000534057617,24.940000534057617,-1.1286137130651832,-0.2000769808662927,-0.0499992370605468,-0.049999237060546875
2015-04-02,24.5,24.88999938964844,24.31999969482422,24.43000030517578,24.43000030517578,-1.1763571236283488,-2.044908652609645,-0.5100002288818359,-0.5100002288818359
2015-04-06,24.270000457763672,24.36000061035156,23.57999992370605,23.88999938964844,23.88999938964844,-0.9287887643597992,-2.2104007727455244,-0.5400009155273402,-0.5400009155273402
2015-04-07,23.75,24.100000381469727,23.530000686645508,23.96999931335449,23.96999931335449,-0.988333916859927,0.3348678348678024,0.0799999237060475,0.07999992370604758
2015-04-08,24.06999969482422,24.100000381469727,23.809999465942383,24.0,24.0,-1.1347828054413225,0.1251593137459927,0.0300006866455113,0.030000686645511365
2015-04-09,24.0,24.06999969482422,23.71999931335449,24.040000915527344,24.040000915527344,-0.9236925576142928,0.1666704813639397,0.0400009155273437,0.04000091552734375
2015-04-10,24.13999938964844,24.13999938964844,23.86000061035156,24.030000686645508,24.030000686645508,-0.9094768230084064,-0.0415982882736809,-0.0100002288818359,-0.010000228881835938
2015-04-13,23.940000534057617,24.290000915527344,23.940000534057617,24.059999465942383,24.059999465942383,-1.0167653860717,0.1248388615883167,0.029998779296875,0.029998779296875
2015-04-14,24.0,24.209999084472656,23.8799991607666,24.0,24.0,-1.060485475519992,-0.2493743444479834,-0.0599994659423828,-0.05999946594238281
2015-04-15,24.0,24.200000762939453,23.90999984741211,24.100000381469727,24.100000381469727,-0.6259667951136535,0.4166682561238533,0.1000003814697265,0.10000038146972656
2015-04-16,24.1299991607666,24.75,24.0,24.290000915527344,24.290000915527344,-0.9945030092360664,0.7883839462662801,0.1900005340576172,0.1900005340576172
2015-04-17,24.200000762939453,24.3700008392334,24.14999961853028,24.350000381469727,24.350000381469727,-1.0637041324118908,0.2470130246229329,0.0599994659423828,0.05999946594238281
2015-04-20,24.540000915527344,24.57999992370605,24.31999969482422,24.5,24.5,-1.1809168875585387,0.6160148508433716,0.1499996185302734,0.14999961853027344
2015-04-21,24.59000015258789,24.709999084472656,24.5,24.61000061035156,24.61000061035156,-0.9853834813756864,0.4489820830675839,0.1100006103515589,0.11000061035155895
2015-04-22,24.559999465942383,24.96999931335449,24.51000022888184,24.729999542236328,24.729999542236328,-0.8665613977830889,0.4876023116971995,0.1199989318847691,0.11999893188476918
2015-04-23,24.64999961853028,25.15999984741211,24.549999237060547,25.1299991607666,25.1299991607666,-1.053779940328536,1.6174671489464163,0.3999996185302734,0.39999961853027344
2015-04-24,25.200000762939453,25.59000015258789,25.06999969482422,25.520000457763672,25.520000457763672,-0.925301886060242,1.551935177164454,0.3900012969970703,0.3900012969970703
2015-04-27,25.5,26.07200050354004,25.5,26.01000022888184,26.01000022888184,0.0086450554057271,1.9200617646113691,0.4899997711181676,0.4899997711181676
2015-04-28,26.11000061035156,27.8799991607666,25.940000534057617,27.76000022888184,27.76000022888184,0.088843256295539,6.728181409459499,1.75,1.75
2015-04-29,27.75,27.88999938964844,26.952999114990234,27.18000030517578,27.18000030517578,-0.256894138175924,-2.089336883731796,-0.5799999237060582,-0.5799999237060582
2015-04-30,27.209999084472656,27.440000534057617,26.059999465942383,26.209999084472656,26.209999084472656,-0.6814886264989078,-3.5688050397792326,-0.970001220703125,-0.970001220703125
2015-05-01,26.200000762939453,26.46999931335449,25.86000061035156,26.3700008392334,26.3700008392334,-1.0049636441347376,0.610460741509633,0.1600017547607422,0.1600017547607422
2015-05-04,25.979999542236328,26.11000061035156,24.520000457763672,26.0,26.0,-0.4154129901019401,-1.4031127321122772,-0.3700008392333984,-0.37000083923339844
2015-05-05,26.0,26.64999961853028,25.77199935913086,25.89999961853028,25.89999961853028,-0.7008005678503006,-0.3846168518066295,-0.100000381469723,-0.10000038146971946
2015-05-06,26.239999771118164,27.190000534057617,25.90999984741211,26.850000381469727,26.850000381469727,3.00870150006307,3.6679566676895536,0.9500007629394496,0.950000762939446
2015-05-07,26.6200008392334,26.90800094604492,26.479999542236328,26.600000381469727,26.600000381469727,-0.6543982643254262,-0.9310986832333,-0.25,-0.25
2015-05-08,26.86000061035156,26.989999771118164,26.040000915527344,26.3700008392334,26.3700008392334,-0.88614156054214,-0.8646599208192218,-0.2299995422363281,-0.22999954223632812
2015-05-11,26.190000534057617,27.11000061035156,26.190000534057617,27.01000022888184,27.01000022888184,-0.3387016675116853,2.426997987410928,0.639999389648441,0.639999389648441
2015-05-12,27.01000022888184,27.03400039672852,25.77499961853028,26.100000381469727,26.100000381469727,0.0459278310702216,-3.3691219537238197,-0.9099998474121128,-0.9099998474121129
2015-05-13,26.459999084472656,26.71999931335449,25.1200008392334,25.40999984741211,25.40999984741211,-0.1815239226239604,-2.64368016847808,-0.6900005340576172,-0.6900005340576172
2015-05-14,25.39999961853028,26.475000381469727,25.38999938964844,26.25,26.25,-0.4231914109240289,3.30578574432161,0.8400001525878906,0.8400001525878906
2015-05-15,26.26000022888184,26.739999771118164,25.51000022888184,25.59000015258789,25.59000015258789,1.0965510848675226,-2.514285132998517,-0.6599998474121094,-0.6599998474121094
2015-05-18,25.65999984741211,26.020000457763672,25.440000534057617,25.93000030517578,25.93000030517578,-1.0977682511844864,1.328644589920036,0.3400001525878906,0.3400001525878906
2015-05-19,26.020000457763672,26.16900062561035,25.950000762939453,26.020000457763672,26.020000457763672,-1.1886953083806275,0.34708889906927,0.0900001525878906,0.09000015258789062
2015-05-20,26.07999992370605,26.1200008392334,25.670000076293945,25.799999237060547,25.799999237060547,-1.0350044417924598,-0.8455081354062144,-0.220001220703125,-0.220001220703125
2015-05-21,25.82999992370605,25.989999771118164,25.21999931335449,25.350000381469727,25.350000381469727,-1.0229344784478391,-1.7441816623948505,-0.4499988555908203,-0.4499988555908203
2015-05-22,25.299999237060547,26.0049991607666,25.299999237060547,26.0,26.0,-0.593243783379349,2.564101020706122,0.6499996185302734,0.6499996185302734
2015-05-26,26.0,26.05599975585937,25.56999969482422,26.0,26.0,-0.9467595986729008,0.0,0.0,0.0
2015-05-27,26.11000061035156,26.780000686645508,25.89999961853028,26.65999984741211,26.65999984741211,-0.5253837672418159,2.538460951585031,0.6599998474121094,0.6599998474121094
2015-05-28,26.530000686645508,26.56999969482422,26.030000686645508,26.51000022888184,26.51000022888184,-0.7901182966004924,-0.5626392325160934,-0.1499996185302698,-0.14999961853026988
2015-05-29,26.39999961853028,26.6299991607666,25.920000076293945,26.51000022888184,26.51000022888184,-0.327972811205356,0.0,0.0,0.0
2015-06-01,26.57999992370605,26.924999237060547,25.979999542236328,26.270000457763672,26.270000457763672,-0.4856869989083973,-0.9053178764468428,-0.2399997711181676,-0.23999977111816762
2015-06-02,26.299999237060547,26.84600067138672,26.06999969482422,26.6200008392334,26.6200008392334,-0.2813022862728233,1.3323196626221945,0.3500003814697265,0.35000038146972656
2015-06-03,26.739999771118164,27.15999984741211,26.30599975585937,26.959999084472656,26.959999084472656,-0.5280659813183982,1.2772285293776386,0.3399982452392578,0.3399982452392578
2015-06-04,26.96999931335449,27.09000015258789,26.11000061035156,26.3799991607666,26.3799991607666,-0.1509466821509218,-2.151335101639895,-0.5799999237060547,-0.5799999237060547
2015-06-05,26.280000686645508,26.5,25.89999961853028,26.459999084472656,26.459999084472656,-0.9354942995512552,0.3032597659253566,0.0799999237060546,0.07999992370605469
2015-06-08,26.1299991607666,26.43000030517578,25.82999992370605,26.34000015258789,26.34000015258789,-0.6602991352939074,-0.4535107182040088,-0.1199989318847656,-0.11999893188476562
2015-06-09,27.14999961853028,27.6299991607666,26.1200008392334,27.299999237060547,27.299999237060547,0.9962362784033432,3.644643427909533,0.9599990844726562,0.9599990844726562
2015-06-10,27.38999938964844,27.979999542236328,27.020000457763672,27.920000076293945,27.920000076293945,0.0909890275568049,2.271065408645612,0.6200008392333984,0.6200008392333984
2015-06-11,27.920000076293945,28.479999542236328,27.71999931335449,27.940000534057617,27.940000534057617,-0.4950747481764355,0.0716348771812924,0.0200004577636718,0.020000457763671875
2015-06-12,27.81999969482422,28.26000022888184,27.71999931335449,27.88999938964844,27.88999938964844,-0.8483223420623291,-0.1789589958963167,-0.0500011444091761,-0.050001144409176135
2015-06-15,28.0,29.920000076293945,28.0,29.280000686645508,29.280000686645508,1.0152799983470775,4.983869944124031,1.3900012969970668,1.3900012969970668
2015-06-16,29.38999938964844,29.559999465942383,28.64999961853028,29.049999237060547,29.049999237060547,0.4418226287737744,-0.7855240580300404,-0.2300014495849609,-0.23000144958496094
2015-06-17,29.1299991607666,29.39999961853028,28.59000015258789,28.82999992370605,28.82999992370605,-0.127074976869339,-0.7573126304038946,-0.2199993133544957,-0.21999931335449574
2015-06-18,28.799999237060547,29.729999542236328,28.799999237060547,29.3799991607666,29.3799991607666,0.2063242328498453,1.9077323569755,0.5499992370605504,0.5499992370605504
2015-06-19,29.600000381469727,30.89999961853028,29.479999542236328,30.59000015258789,30.59000015258789,3.0631504458176915,4.118451417238633,1.210000991821289,1.210000991821289
2015-06-22,31.959999084472656,32.83000183105469,31.89999961853028,32.310001373291016,32.310001373291016,1.970416431018048,5.622756495990444,1.720001220703125,1.720001220703125
2015-06-23,32.2599983215332,32.880001068115234,32.250999450683594,32.709999084472656,32.709999084472656,1.0978921919058138,1.237999672486234,0.3999977111816406,0.3999977111816406
2015-06-24,33.06999969482422,33.25,32.61399841308594,33.220001220703125,33.220001220703125,0.6867087739657417,1.559162795796487,0.5100021362304688,0.5100021362304688
2015-06-29,32.5,32.540000915527344,31.84000015258789,32.02000045776367,32.02000045776367,0.4037351888863052,-3.612283921866921,-1.2000007629394531,-1.2000007629394531
2015-06-30,32.119998931884766,32.16999816894531,31.71999931335449,32.04999923706055,32.04999923706055,-0.5098269255976383,0.0936876291942834,0.029998779296875,0.029998779296875
2015-07-01,32.36000061035156,32.5099983215332,31.290000915527344,32.0099983215332,32.0099983215332,-0.2968591279170008,-0.1248078517302686,-0.0400009155273437,-0.04000091552734375
2015-07-02,31.96999931335449,31.96999931335449,30.75,31.299999237060547,31.299999237060547,-0.5701767423207409,-2.2180541134081744,-0.7099990844726562,-0.7099990844726562
2015-07-06,31.049999237060547,31.299999237060547,30.549999237060547,31.21999931335449,31.21999931335449,-0.1096405853715538,-0.255590816792528,-0.0799999237060582,-0.07999992370605824
2015-07-07,31.270000457763672,31.270000457763672,30.18000030517578,30.64999961853028,30.64999961853028,-0.0272966132204761,-1.8257517852679483,-0.5699996948242116,-0.5699996948242081
2015-07-08,30.56999969482422,31.40999984741211,30.09499931335449,30.780000686645508,30.780000686645508,-0.5377219519940947,0.4241470464379171,0.1300010681152308,0.13000106811522727
2015-07-09,30.850000381469727,32.0,30.850000381469727,31.780000686645508,31.780000686645508,-0.5629347643139686,3.248862825509513,1.0,1.0
2015-07-10,32.02000045776367,32.369998931884766,31.5,32.06999969482422,32.06999969482422,-0.642596522388464,0.9125204591344582,0.2899990081787109,0.28999900817871094
2015-07-13,32.34000015258789,33.0,32.0099983215332,32.9900016784668,32.9900016784668,0.1575079366560468,2.86873087744699,0.920001983642578,0.9200019836425781
2015-07-14,33.0,33.130001068115234,32.369998931884766,32.70000076293945,32.70000076293945,-0.6273079021519447,-0.8790569893078581,-0.2900009155273437,-0.29000091552734375
2015-07-15,32.63999938964844,32.95000076293945,32.119998931884766,32.20000076293945,32.20000076293945,-0.5919026763410578,-1.5290519520925416,-0.5,-0.5
2015-07-16,32.279998779296875,33.130001068115234,32.150001525878906,33.11000061035156,33.11000061035156,-0.6981183537737183,2.826086415685647,0.9099998474121094,0.9099998474121094
2015-07-17,33.20000076293945,33.619998931884766,32.970001220703125,33.279998779296875,33.279998779296875,-0.8223048655194805,0.5134345086425851,0.1699981689453125,0.1699981689453125
2015-07-20,33.290000915527344,33.58000183105469,32.150001525878906,32.810001373291016,32.810001373291016,-0.7828763185937201,-1.412251872732162,-0.4699974060058594,-0.4699974060058594
2015-07-21,32.689998626708984,33.43000030517578,32.0099983215332,33.2599983215332,33.2599983215332,-0.7335235795846051,1.371523710475997,0.4499969482421875,0.4499969482421875
2015-07-22,33.08000183105469,33.38999938964844,32.68000030517578,33.150001525878906,33.150001525878906,-0.9741181822540408,-0.3307179831788631,-0.1099967956542968,-0.10999679565429688
2015-07-23,33.29999923706055,33.45000076293945,32.95000076293945,33.099998474121094,33.099998474121094,-0.9322756426593564,-0.1508387615571482,-0.0500030517578125,-0.0500030517578125
2015-07-24,33.11000061035156,33.540000915527344,32.7400016784668,33.060001373291016,33.060001373291016,-0.9432727203733438,-0.1208371681991171,-0.0399971008300781,-0.039997100830078125
2015-07-27,32.93000030517578,33.43000030517578,32.220001220703125,32.369998931884766,32.369998931884766,-0.6407189725348563,-2.087121635644273,-0.69000244140625,-0.69000244140625
2015-07-28,32.58000183105469,33.970001220703125,31.959999084472656,33.959999084472656,33.959999084472656,-0.4905149842462455,4.911956147832064,1.5900001525878906,1.5900001525878906
2015-07-29,33.84000015258789,34.560001373291016,33.57500076293945,33.84000015258789,33.84000015258789,-0.8483223420623291,-0.3533537547697807,-0.1199989318847656,-0.11999893188476562
2015-07-30,33.720001220703125,33.90999984741211,32.93000030517578,33.689998626708984,33.689998626708984,-1.00764585821132,-0.4432669184472049,-0.1500015258789062,-0.15000152587890625
2015-07-31,33.779998779296875,34.29999923706055,33.43000030517578,33.65999984741211,33.65999984741211,-0.8496634491006203,-0.0890435753033602,-0.029998779296875,-0.029998779296875
2015-08-03,33.59000015258789,33.900001525878906,33.11000061035156,33.52000045776367,33.52000045776367,-0.8660249549677725,-0.4159221339366747,-0.1399993896484375,-0.1399993896484375
2015-08-04,33.459999084472656,33.84000015258789,32.86199951171875,33.63999938964844,33.63999938964844,-0.9899432453058764,0.3579920353401267,0.1199989318847656,0.11999893188476562
2015-08-05,33.630001068115234,34.20000076293945,33.56999969482422,34.099998474121094,34.099998474121094,-0.6560075927713757,1.367417041672736,0.4599990844726562,0.45999908447265625
2015-08-06,34.0,34.380001068115234,32.959999084472656,33.06999969482422,33.06999969482422,-0.7614186059810614,-3.020524414622927,-1.029998779296875,-1.029998779296875
2015-08-07,32.88999938964844,33.08000183105469,31.84199905395508,32.11000061035156,32.11000061035156,-0.5910980121180831,-2.902930430395212,-0.9599990844726562,-0.9599990844726562
2015-08-10,32.290000915527344,33.630001068115234,32.2400016784668,33.20000076293945,33.20000076293945,-0.6503749432105527,3.394581538053587,1.0900001525878906,1.0900001525878906
2015-08-11,32.91999816894531,33.790000915527344,32.91999816894531,33.310001373291016,33.310001373291016,-0.9746546250693572,0.331327131999215,0.1100006103515625,0.1100006103515625
2015-08-12,33.060001373291016,33.34000015258789,32.560001373291016,32.970001220703125,32.970001220703125,-0.9658033186166354,-1.0207149161528206,-0.3400001525878906,-0.3400001525878906
2015-08-13,32.900001525878906,33.290000915527344,32.720001220703125,32.81999969482422,32.81999969482422,-0.9424680561503692,-0.4549636649231137,-0.1500015258789062,-0.15000152587890625
2015-08-14,32.63999938964844,33.130001068115234,32.34000015258789,32.709999084472656,32.709999084472656,-1.093744930069613,-0.3351633497087114,-0.1100006103515625,-0.1100006103515625
2015-08-17,32.75,34.2239990234375,32.75,33.70000076293945,33.70000076293945,-0.5532787936382721,3.026602586903615,0.9900016784667968,0.9900016784667969
2015-08-18,33.66999816894531,33.959999084472656,33.349998474121094,33.470001220703125,33.470001220703125,-0.9674126470625848,-0.6824912078021717,-0.2299995422363281,-0.22999954223632812
2015-08-19,33.130001068115234,33.15999984741211,32.349998474121094,32.45000076293945,32.45000076293945,-0.8239141939654299,-3.047506485099094,-1.020000457763672,-1.0200004577636719
2015-08-20,32.2400016784668,32.439998626708984,30.559999465942383,30.670000076293945,30.670000076293945,-0.5505965795616898,-5.485364082574728,-1.7800006866455078,-1.7800006866455078
2015-08-21,30.09000015258789,30.38999938964844,28.799999237060547,29.270000457763672,29.270000457763672,0.1027907694937671,-4.564719970810782,-1.3999996185302734,-1.3999996185302734
2015-08-24,27.479999542236328,29.309999465942383,24.729999542236328,28.26499938964844,28.26499938964844,-0.1952032144145303,-3.4335533050825817,-1.0050010681152308,-1.0050010681152308
2015-08-25,29.200000762939453,29.200000762939453,28.209999084472656,28.239999771118164,28.239999771118164,-0.9381765136278374,-0.0884472636480282,-0.0249996185302769,-0.02499961853027699
2015-08-26,28.90999984741211,28.91900062561035,27.729999542236328,28.690000534057617,28.690000534057617,-0.8705847188979625,1.593487133805449,0.4500007629394531,0.4500007629394531
2015-08-27,29.01000022888184,29.520000457763672,28.78499984741211,29.36000061035156,29.36000061035156,-0.6750513127151102,2.3353086923040944,0.6700000762939418,0.6700000762939418
2015-08-28,29.280000686645508,29.75,29.07999992370605,29.51000022888184,29.51000022888184,-0.9362989637742296,0.5108978726567015,0.1499996185302805,0.14999961853028054
2015-08-31,29.479999542236328,29.799999237060547,29.190000534057617,29.31999969482422,29.31999969482422,-0.7506897496747321,-0.64385134728554,-0.1900005340576207,-0.19000053405762074
2015-09-01,28.86000061035156,29.32999992370605,28.600000381469727,29.200000762939453,29.200000762939453,-0.7080425458570729,-0.4092733053675634,-0.1199989318847656,-0.11999893188476562
2015-09-02,29.479999542236328,29.96999931335449,29.13999938964844,29.940000534057617,29.940000534057617,-0.8397392570172656,2.534245725285622,0.7399997711181641,0.7399997711181641
2015-09-03,29.940000534057617,30.0,29.09000015258789,29.309999465942383,29.309999465942383,-0.3703517936153568,-2.104211946818735,-0.6300010681152344,-0.6300010681152344
2015-09-04,28.90999984741211,29.780000686645508,28.90999984741211,29.36000061035156,29.36000061035156,-1.0191793787406238,0.1705941498473029,0.0500011444091761,0.050001144409176135
2015-09-08,29.850000381469727,30.82999992370605,29.63500022888184,30.530000686645508,30.530000686645508,-0.629990116228527,3.985013800992343,1.1700000762939489,1.1700000762939489
2015-09-09,31.31999969482422,31.93000030517578,29.479999542236328,31.270000457763672,31.270000457763672,0.6791985745513112,2.423844593760061,0.7399997711181641,0.7399997711181641
2015-09-10,30.8700008392334,31.270000457763672,30.5,30.81999969482422,30.81999969482422,-0.5444274871855505,-1.439081408224696,-0.4500007629394531,-0.4500007629394531
2015-09-11,30.350000381469727,30.59000015258789,29.76000022888184,30.239999771118164,30.239999771118164,-0.4982934050683343,-1.8818946445462117,-0.5799999237060547,-0.5799999237060547
2015-09-14,30.299999237060547,30.82999992370605,29.700000762939453,29.89999961853028,29.89999961853028,-0.4443809021290293,-1.1243391374381462,-0.3400001525878871,-0.3400001525878835
2015-09-15,30.0,30.299999237060547,29.729999542236328,29.82999992370605,29.82999992370605,-0.6262350165213117,-0.2341126947066674,-0.0699996948242258,-0.06999969482422941
2015-09-16,29.950000762939453,30.07999992370605,29.489999771118164,29.739999771118164,29.739999771118164,-0.5919026763410578,-0.3017102005299144,-0.090000152587887,-0.09000015258788707
2015-09-17,29.700000762939453,31.90999984741211,29.59000015258789,31.299999237060547,31.299999237060547,0.1985458120277565,5.245458903659328,1.5599994659423828,1.5599994659423828
2015-09-18,30.75,31.100000381469727,29.450000762939453,30.8799991607666,30.8799991607666,-0.1042761572183891,-1.341853311602148,-0.4200000762939453,-0.4200000762939453
2015-09-21,30.979999542236328,31.3799991607666,30.18000030517578,30.46999931335449,30.46999931335449,-0.7700016910261249,-1.3277197492058912,-0.4099998474121129,-0.4099998474121129
2015-09-22,29.479999542236328,29.63999938964844,29.32999992370605,29.59000015258789,29.59000015258789,2.0825329794191894,-2.888083953388565,-0.879999160766598,-0.879999160766598
2015-09-23,29.729999542236328,30.739999771118164,29.71999931335449,30.61000061035156,30.61000061035156,0.354114228469532,3.447112039553213,1.0200004577636683,1.0200004577636683
2015-09-24,30.46999931335449,30.770999908447266,30.0,30.36000061035156,30.36000061035156,-0.601290425609096,-0.816726543662516,-0.25,-0.25
2015-09-25,30.450000762939453,30.739999771118164,29.76000022888184,29.84000015258789,29.84000015258789,-0.7624914916116944,-1.7127814470015768,-0.5200004577636683,-0.5200004577636683
2015-09-28,29.690000534057617,30.21999931335449,28.3799991607666,28.479999542236328,28.479999542236328,0.6193852006435251,-4.557642772778658,-1.3600006103515625,-1.3600006103515625
2015-09-29,28.59000015258789,29.636999130249023,28.420000076293945,28.68000030517578,28.68000030517578,-0.3424567672189005,0.7022498811590561,0.2000007629394531,0.20000076293945312
2015-09-30,29.21999931335449,29.700000762939453,28.84499931335449,29.549999237060547,29.549999237060547,-0.2413372965317465,3.033469046817827,0.8699989318847656,0.8699989318847656
2015-10-01,29.420000076293945,29.59000015258789,28.59000015258789,28.959999084472656,28.959999084472656,0.1124467401694635,-1.9966164731670568,-0.5900001525878906,-0.5900001525878906
2015-10-02,28.780000686645508,29.43000030517578,28.39999961853028,29.420000076293945,29.420000076293945,-0.4449173449443458,1.5884012650674515,0.460000991821289,0.46000099182128906
2015-10-05,29.770000457763672,29.790000915527344,28.959999084472656,29.34000015258789,29.34000015258789,0.2419976800683904,-0.2719236012868609,-0.0799999237060546,-0.07999992370605469
2015-10-06,29.200000762939453,29.40999984741211,28.350000381469727,28.989999771118164,28.989999771118164,-0.4298969461154847,-1.1929119960786938,-0.3500003814697265,-0.35000038146972656
2015-10-07,29.190000534057617,29.84499931335449,28.709999084472656,29.739999771118164,29.739999771118164,-0.3196579475679507,2.5870990200807187,0.75,0.75
2015-10-08,29.700000762939453,29.950000762939453,29.10300064086914,29.809999465942383,29.809999465942383,-0.7911911822311254,0.2353722103663136,0.0699996948242187,0.06999969482421875
2015-10-09,29.8799991607666,30.59000015258789,29.6299991607666,30.239999771118164,30.239999771118164,-0.5245791030188411,1.44247001972293,0.4300003051757812,0.43000030517578125
2015-10-12,30.07999992370605,30.5,30.01000022888184,30.43000030517578,30.43000030517578,-0.9376400708125208,0.628308649125997,0.1900005340576172,0.1900005340576172
2015-10-13,30.40999984741211,30.850000381469727,29.850000381469727,29.8799991607666,29.8799991607666,-0.8684389476366966,-1.807430624033324,-0.5500011444091797,-0.5500011444091797
2015-10-14,29.84000015258789,30.450000762939453,29.600000381469727,29.76000022888184,29.76000022888184,-0.9467595986729008,-0.4016028622996881,-0.119998931884762,-0.11999893188476207
2015-10-15,29.809999465942383,30.38999938964844,29.14999961853028,30.209999084472656,30.209999084472656,-0.5919026763410578,1.5120929171031916,0.4499988555908167,0.44999885559081676
2015-10-16,30.200000762939453,30.39999961853028,29.86000061035156,29.96999931335449,29.96999931335449,-0.8201590942582145,-0.7944381939472556,-0.2399997711181676,-0.23999977111816762
2015-10-19,29.8799991607666,30.770000457763672,29.739999771118164,30.739999771118164,30.739999771118164,-0.8738033757898613,2.569237488839593,0.7700004577636754,0.7700004577636754
2015-10-20,30.690000534057617,30.81999969482422,29.86000061035156,29.93000030517578,29.93000030517578,-0.867634283413722,-2.635001535372228,-0.8099994659423828,-0.8099994659423828
2015-10-21,30.01000022888184,30.01000022888184,28.489999771118164,28.84000015258789,28.84000015258789,-0.6887306045056801,-3.641831411539942,-1.0900001525878906,-1.0900001525878906
2015-10-22,28.86000061035156,29.06999969482422,27.21999931335449,27.5,27.5,-0.551937686599981,-4.646325053738421,-1.3400001525878906,-1.3400001525878906
2015-10-23,27.86000061035156,30.13999938964844,27.709999084472656,30.049999237060547,30.049999237060547,-0.6444740722420715,9.272724498401995,2.549999237060547,2.549999237060547
2015-10-26,30.309999465942383,31.450000762939453,30.309999465942383,30.729999542236328,30.729999542236328,0.5574260554744731,2.262896247721491,0.6800003051757812,0.6800003051757812
2015-10-27,30.65999984741211,31.15999984741211,30.39999961853028,31.01000022888184,31.01000022888184,-0.3175121763066849,0.9111639792271032,0.2800006866455113,0.28000068664551137
2015-10-28,32.0,32.810001373291016,31.0,32.68000030517578,32.68000030517578,0.5724464543033342,5.385359767713105,1.6700000762939418,1.6700000762939418
2015-10-29,32.68000030517578,33.400001525878906,32.47999954223633,33.27000045776367,33.27000045776367,-0.5750047276585891,1.80538600697151,0.5900001525878906,0.5900001525878906
2015-10-30,33.18000030517578,33.459999084472656,32.470001220703125,32.709999084472656,32.709999084472656,-0.8129171162514423,-1.6832021809014996,-0.5600013732910156,-0.5600013732910156
2015-11-02,32.68000030517578,33.25,32.290000915527344,32.9900016784668,32.9900016784668,-0.0951566293580092,0.8560152914435681,0.2800025939941406,0.2800025939941406
2015-11-03,32.810001373291016,33.380001068115234,32.0,32.439998626708984,32.439998626708984,-0.3201943903832672,-1.6671810359949468,-0.5500030517578125,-0.5500030517578125
2015-11-04,32.459999084472656,32.775001525878906,31.51000022888184,32.52000045776367,32.52000045776367,-0.7844856470396695,0.2466147794125239,0.0800018310546875,0.0800018310546875
2015-11-05,32.599998474121094,33.43000030517578,32.5,32.93000030517578,32.93000030517578,-0.8949928669948617,1.2607621206666586,0.4099998474121094,0.4099998474121094
2015-11-06,32.93000030517578,33.86000061035156,32.529998779296875,33.689998626708984,33.689998626708984,-0.6506431646182109,2.307920784968087,0.7599983215332031,0.7599983215332031
2015-11-09,33.619998931884766,34.0,32.6609992980957,33.04999923706055,33.04999923706055,-0.7627597130193526,-1.8996717593839696,-0.6399993896484375,-0.6399993896484375
2015-11-10,32.9900016784668,34.630001068115234,32.9900016784668,34.459999084472656,34.459999084472656,-0.6683457775236544,4.266262874315019,1.4099998474121094,1.4099998474121094
2015-11-11,34.779998779296875,35.77899932861328,34.520999908447266,34.959999084472656,34.959999084472656,0.5713735686727012,1.4509576705859395,0.5,0.5
2015-11-12,34.810001373291016,35.72999954223633,32.779998779296875,32.97999954223633,32.97999954223633,-0.5165324607890942,-5.663614399565975,-1.979999542236328,-1.9799995422363281
2015-11-13,32.900001525878906,34.22999954223633,32.48500061035156,32.56999969482422,32.56999969482422,-0.772415683695049,-1.2431772380319115,-0.4099998474121094,-0.4099998474121094
2015-11-16,32.33000183105469,33.06999969482422,32.0,32.86000061035156,32.86000061035156,-1.061826582558283,0.8903927486785701,0.2900009155273437,0.29000091552734375
2015-11-17,33.20000076293945,33.20000076293945,32.012001037597656,33.0099983215332,33.0099983215332,-0.8821182394272665,0.4564750711976151,0.1499977111816406,0.14999771118164062
2015-11-18,33.22999954223633,33.5,32.650001525878906,33.43000030517578,33.43000030517578,-0.994234787828408,1.2723477885444143,0.4200019836425781,0.4200019836425781
2015-11-19,33.34000015258789,33.779998779296875,32.470001220703125,33.22999954223633,33.22999954223633,-0.8021882599451129,-0.5982673081474266,-0.2000007629394531,-0.20000076293945312
2015-11-20,33.36000061035156,34.06999969482422,33.150001525878906,33.83000183105469,33.83000183105469,-0.929861649990432,1.805604264471139,0.6000022888183594,0.6000022888183594
2015-11-23,33.939998626708984,34.470001220703125,33.709999084472656,34.400001525878906,34.400001525878906,-0.7984331602378977,1.6848940702716142,0.5699996948242188,0.5699996948242188
2015-11-24,34.130001068115234,34.459999084472656,33.849998474121094,34.400001525878906,34.400001525878906,-0.99852633035094,0.0,0.0,0.0
2015-11-25,34.41999816894531,34.47999954223633,33.45000076293945,33.95000076293945,33.95000076293945,-1.0384913200920167,-1.3081416947058,-0.4500007629394531,-0.4500007629394531
2015-11-27,33.959999084472656,34.54999923706055,33.689998626708984,34.540000915527344,34.540000915527344,-1.0486837335830297,1.7378501894820264,0.5900001525878906,0.5900001525878906
2015-11-30,34.7599983215332,34.98899841308594,32.58000183105469,33.0,33.0,-0.2678912158899116,-4.458601258562911,-1.5400009155273438,-1.5400009155273438
2015-12-01,33.029998779296875,33.29999923706055,31.5,33.0,33.0,-0.6326723303051093,0.0,0.0,0.0
2015-12-02,33.0,33.9900016784668,33.0,33.470001220703125,33.470001220703125,-1.0210569285942317,1.4242461233427983,0.470001220703125,0.470001220703125
2015-12-03,33.619998931884766,33.95000076293945,32.400001525878906,32.849998474121094,32.849998474121094,-0.9462231558575844,-1.852413277471065,-0.6200027465820312,-0.6200027465820312
2015-12-04,32.779998779296875,33.619998931884766,32.779998779296875,33.279998779296875,33.279998779296875,-0.951587584010749,1.3089812028896477,0.4300003051757812,0.43000030517578125
2015-12-07,33.220001220703125,33.67499923706055,32.95000076293945,33.52000045776367,33.52000045776367,-0.5833195912959943,0.721158916075737,0.2400016784667968,0.24000167846679688
2015-12-08,33.5,33.5,30.690000534057617,31.739999771118164,31.739999771118164,0.1781609850457308,-5.310264505778772,-1.7800006866455078,-1.7800006866455078
2015-12-09,31.51000022888184,32.130001068115234,28.049999237060547,29.549999237060547,29.549999237060547,0.7199682285153626,-6.899812696439933,-2.190000534057617,-2.190000534057617
2015-12-10,29.600000381469727,30.8700008392334,28.69300079345703,30.15999984741211,30.15999984741211,-0.1689175164640234,2.064299919123247,0.6100006103515625,0.6100006103515625
2015-12-11,29.51000022888184,30.190000534057617,29.26000022888184,29.479999542236328,29.479999542236328,-0.8169404373663157,-2.2546429330772333,-0.6800003051757812,-0.6800003051757812
2015-12-14,29.549999237060547,29.729999542236328,28.40999984741211,28.709999084472656,28.709999084472656,-0.6868530546520725,-2.611941891859537,-0.7700004577636719,-0.7700004577636719
2015-12-15,28.8799991607666,28.96999931335449,26.46999931335449,27.15999984741211,27.15999984741211,0.6003414806997904,-5.398813258405289,-1.5499992370605469,-1.5499992370605469
2015-12-16,27.0,27.61000061035156,25.71500015258789,27.450000762939453,27.450000762939453,0.8358398766237195,1.0677500631686376,0.2900009155273437,0.29000091552734375
2015-12-17,27.5,27.940000534057617,26.920000076293945,27.01000022888184,27.01000022888184,-0.4285558390771936,-1.602916290813594,-0.4400005340576136,-0.44000053405761363
2015-12-18,26.920000076293945,27.040000915527344,25.31999969482422,25.8700008392334,25.8700008392334,0.4278751155755462,-4.220656719689464,-1.139999389648441,-1.139999389648441
2015-12-21,26.09000015258789,26.145999908447266,25.309999465942383,25.93000030517578,25.93000030517578,-0.613896831769033,0.2319268032314525,0.0599994659423828,0.05999946594238281
2015-12-22,25.940000534057617,26.36000061035156,25.700000762939453,26.270000457763672,26.270000457763672,-0.6227481382217547,1.3112230952038395,0.3400001525878906,0.3400001525878906
2015-12-23,26.46999931335449,26.530000686645508,26.100000381469727,26.31999969482422,26.31999969482422,-0.6973136895507436,0.190328268706863,0.0499992370605468,0.049999237060546875
2015-12-24,26.40999984741211,26.68000030517578,26.290000915527344,26.56999969482422,26.56999969482422,-0.9424680561503692,0.949848035329426,0.25,0.25
2015-12-28,26.38999938964844,26.61000061035156,26.239999771118164,26.61000061035156,26.61000061035156,-0.6884623830980219,0.1505491757123778,0.0400009155273402,0.0400009155273402
2015-12-29,26.75,27.13999938964844,26.270000457763672,26.770000457763672,26.770000457763672,-0.8212319798888476,0.6012771279301443,0.1599998474121129,0.15999984741211293
2015-12-30,26.770000457763672,26.93000030517578,25.93000030517578,26.11000061035156,26.11000061035156,-0.9966487804973324,-2.4654457830638687,-0.6599998474121129,-0.6599998474121129
2015-12-31,25.93000030517578,25.93000030517578,24.709999084472656,25.06999969482422,25.06999969482422,0.1736012211155408,-3.983151632386484,-1.0400009155273402,-1.0400009155273402
2016-01-04,24.76000022888184,25.1200008392334,24.059999465942383,24.96999931335449,24.96999931335449,-0.3735704505072557,-0.3988846537177126,-0.1000003814697301,-0.10000038146973012
2016-01-05,24.979999542236328,24.979999542236328,23.959999084472656,23.96999931335449,23.96999931335449,-0.7509579710823903,-4.004805877047735,-1.0,-1.0
2016-01-06,23.64999961853028,23.840999603271484,22.93000030517578,23.31999969482422,23.31999969482422,-0.4666432789646627,-2.711721473300721,-0.6499996185302699,-0.6499996185302699
2016-01-07,22.88999938964844,22.95499992370605,22.3799991607666,22.450000762939453,22.450000762939453,-0.1249292056080731,-3.730698727572701,-0.8699989318847656,-0.8699989318847656
2016-01-08,22.5,22.799999237060547,22.100000381469727,22.540000915527344,22.540000915527344,0.6268954000579556,0.4008915346518149,0.0900001525878906,0.09000015258789062
2016-01-11,22.600000381469727,22.886999130249023,22.32999992370605,22.71999931335449,22.71999931335449,0.0014030773989548,0.7985731611179547,0.1799983978271448,0.17999839782714488
2016-01-12,22.88999938964844,23.059999465942383,22.46999931335449,22.799999237060547,22.799999237060547,0.1044000979397165,0.3521123508970936,0.0799999237060582,0.07999992370605824
2016-01-13,22.88999938964844,23.26000022888184,21.93000030517578,22.26000022888184,22.26000022888184,-0.293640471025102,-2.368416781790761,-0.5399990081787074,-0.5399990081787074
2016-01-14,22.280000686645508,23.209999084472656,22.100000381469727,22.76000022888184,22.76000022888184,0.4179509234921916,2.246181468368813,0.5,0.5
2016-01-15,22.21999931335449,22.76000022888184,21.950000762939453,22.6299991607666,22.6299991607666,-0.3609640443473187,-0.5711821915988846,-0.1300010681152379,-0.13000106811523793
2016-01-19,22.809999465942383,23.01300048828125,22.1299991607666,22.309999465942383,22.309999465942383,-0.2627950091444052,-1.4140508470676385,-0.3199996948242187,-0.31999969482421875
2016-01-20,22.030000686645508,22.479999542236328,19.770000457763672,21.950000762939453,21.950000762939453,-0.1257338698310478,-1.6136204017059286,-0.3599987030029297,-0.3599987030029297
2016-01-21,22.040000915527344,22.40999984741211,21.670000076293945,22.06999969482422,22.06999969482422,-0.5862700267802349,0.5466921535937752,0.1199989318847656,0.11999893188476562
2016-01-22,22.3799991607666,22.82999992370605,22.09000015258789,22.670000076293945,22.670000076293945,-0.8255235224113793,2.7186243306130957,0.6000003814697266,0.6000003814697266
2016-01-25,22.5,22.700000762939453,22.39200019836425,22.489999771118164,22.489999771118164,-0.5798327129964372,-0.7940022257168278,-0.1800003051757812,-0.18000030517578125
2016-01-26,22.670000076293945,22.89999961853028,22.420000076293945,22.549999237060547,22.549999237060547,-0.6096052892465013,0.266782865953763,0.0599994659423828,0.05999946594238281
2016-01-27,22.520000457763672,22.86000061035156,22.01000022888184,22.059999465942383,22.059999465942383,-0.4081710120951678,-2.1729480607381,-0.489999771118164,-0.48999977111816406
2016-01-28,22.239999771118164,22.32999992370605,20.790000915527344,21.0,21.0,-0.3354830106197865,-4.805074757952177,-1.0599994659423828,-1.0599994659423828
2016-01-29,21.030000686645508,21.64999961853028,21.030000686645508,21.549999237060547,21.549999237060547,-0.3668649153157998,2.619043986002612,0.5499992370605469,0.5499992370605469
2016-02-01,21.440000534057617,21.71999931335449,21.09000015258789,21.270000457763672,21.270000457763672,-0.636963872827641,-1.2992983257992363,-0.279998779296875,-0.279998779296875
2016-02-02,21.059999465942383,21.08699989318848,20.270000457763672,20.86000061035156,20.86000061035156,0.0378811888404746,-1.9275967963717664,-0.4099998474121129,-0.4099998474121129
2016-02-03,20.96999931335449,21.25,18.76000022888184,19.06999969482422,19.06999969482422,1.2454139661178425,-8.581020436974828,-1.7900009155273402,-1.7900009155273402
2016-02-04,18.989999771118164,19.049999237060547,18.06999969482422,18.200000762939453,18.200000762939453,-0.4585966367349157,-4.562133958087533,-0.8699989318847656,-0.8699989318847656
2016-02-05,18.170000076293945,18.190000534057617,15.800000190734863,15.869999885559082,15.869999885559082,0.6531810980084625,-12.80220208630396,-2.330000877380371,-2.330000877380371
2016-02-08,16.010000228881836,18.1200008392334,15.90999984741211,17.59000015258789,17.59000015258789,1.2277113532123989,10.83806099200999,1.7200002670288086,1.7200002670288086
2016-02-09,17.639999389648438,18.030000686645508,16.739999771118164,16.799999237060547,16.799999237060547,0.034930753356234,-4.491193340956945,-0.7900009155273438,-0.7900009155273438
2016-02-10,16.950000762939453,17.940000534057617,16.799999237060547,17.670000076293945,17.670000076293945,-0.1222469915314908,5.178576659183354,0.8700008392333984,0.8700008392333984
2016-02-11,17.31999969482422,17.459999084472656,16.150999069213867,17.290000915527344,17.290000915527344,-0.6114828391001088,-2.15053287564162,-0.3799991607666015,-0.37999916076660156
2016-02-12,17.540000915527344,17.6200008392334,16.899999618530273,17.610000610351562,17.610000610351562,-0.6645906778164391,1.8507789351060344,0.3199996948242187,0.31999969482421875
2016-02-16,17.760000228881836,18.170000076293945,17.440000534057617,18.049999237060547,18.049999237060547,-0.601290425609096,2.498572467114757,0.4399986267089844,0.4399986267089844
2016-02-17,18.1200008392334,19.309999465942383,18.07999992370605,19.01000022888184,19.01000022888184,0.3635019777375702,5.318565276447229,0.9600009918212926,0.9600009918212926
2016-02-18,19.020000457763672,19.56999969482422,19.020000457763672,19.270000457763672,19.270000457763672,-0.0876464299435786,1.3677023974298264,0.2600002288818324,0.2600002288818324
2016-02-19,19.190000534057617,19.51000022888184,19.040000915527344,19.3700008392334,19.3700008392334,-0.5087540399670054,0.5189433269029209,0.1000003814697265,0.10000038146972656
2016-02-22,19.520000457763672,19.96999931335449,19.25,19.549999237060547,19.549999237060547,-0.7780483332558719,0.9292637585361696,0.1799983978271484,0.17999839782714844
2016-02-23,19.440000534057617,19.93000030517578,19.1299991607666,19.71999931335449,19.71999931335449,-0.6474245077263121,0.8695656415764752,0.1700000762939417,0.17000007629394176
2016-02-24,19.56999969482422,19.989999771118164,19.290000915527344,19.88999938964844,19.88999938964844,-0.6004857613861213,0.8620693824204606,0.1700000762939524,0.17000007629395242
2016-02-25,19.989999771118164,20.059999465942383,19.549999237060547,19.8799991607666,19.8799991607666,-0.9470278200805592,-0.0502776731458487,-0.0100002288818394,-0.01000022888183949
2016-02-26,19.979999542236328,20.5,19.8799991607666,20.479999542236328,20.479999542236328,-0.8426896925015062,3.0181106981826966,0.6000003814697266,0.6000003814697266
2016-02-29,20.479999542236328,20.86000061035156,20.26000022888184,20.81999969482422,20.81999969482422,-0.3832264211829521,1.6601570321654655,0.3400001525878906,0.3400001525878906
2016-03-01,20.8700008392334,21.31999969482422,20.65999984741211,21.25,21.25,-0.5170689036044106,2.065323302010791,0.4300003051757812,0.43000030517578125
2016-03-02,21.170000076293945,21.540000915527344,20.81999969482422,21.38999938964844,21.38999938964844,-0.9019666235939758,0.6588206571691346,0.139999389648441,0.13999938964844105
2016-03-03,21.280000686645508,22.229999542236328,19.989999771118164,21.780000686645508,21.780000686645508,-0.1131274636711108,1.8232880230272697,0.3900012969970667,0.39000129699706676
2016-03-04,21.709999084472656,22.780000686645508,21.6299991607666,22.71999931335449,22.71999931335449,-0.5530105722306139,4.315879692718938,0.9399986267089808,0.9399986267089808
2016-03-07,22.540000915527344,23.440000534057617,22.450000762939453,23.3700008392334,23.3700008392334,-0.5862700267802349,2.860922295437085,0.6500015258789098,0.6500015258789098
2016-03-08,23.15999984741211,23.26000022888184,21.479999542236328,22.01000022888184,22.01000022888184,-0.0694073742228188,-5.819429018027245,-1.360000610351559,-1.360000610351559
2016-03-09,22.07999992370605,22.450000762939453,21.82999992370605,22.200000762939453,22.200000762939453,-0.6273079021519447,0.8632463974638682,0.1900005340576136,0.19000053405761363
2016-03-10,22.309999465942383,22.31999969482422,21.825000762939453,22.13999938964844,22.13999938964844,-0.7048238889651741,-0.2702764469773244,-0.060001373291012,-0.06000137329101207
2016-03-11,22.309999465942383,22.68000030517578,22.13999938964844,22.63999938964844,22.63999938964844,-0.964193990170686,2.2583559791504504,0.5,0.5
2016-03-14,22.6299991607666,22.979999542236328,22.34000015258789,22.8700008392334,22.8700008392334,-0.7222582804629594,1.015907490218915,0.2300014495849573,0.23000144958495738
2016-03-15,22.709999084472656,22.709999084472656,21.600000381469727,21.6299991607666,21.6299991607666,-0.7659783699112513,-5.42195729323971,-1.2400016784667969,-1.2400016784667969
2016-03-16,21.420000076293945,22.56999969482422,21.420000076293945,22.489999771118164,22.489999771118164,-0.8979433024791024,3.975962291813073,0.8600006103515625,0.8600006103515625
2016-03-17,22.489999771118164,22.6299991607666,21.6299991607666,22.51000022888184,22.51000022888184,-0.9341531925129638,0.0889304489427367,0.0200004577636754,0.020000457763675428
2016-03-18,22.690000534057617,23.100000381469727,22.040000915527344,23.030000686645508,23.030000686645508,-0.2059320707208596,2.310086417042645,0.5200004577636683,0.5200004577636683
2016-03-21,22.959999084472656,23.309999465942383,22.86000061035156,23.14999961853028,23.14999961853028,-0.9840423743373952,0.521054834159651,0.1199989318847691,0.11999893188477273
2016-03-22,23.020000457763672,23.325000762939453,22.38999938964844,22.450000762939453,22.450000762939453,-0.5648123141675762,-3.023753205725821,-0.6999988555908239,-0.6999988555908274
2016-03-23,23.700000762939453,25.0,23.049999237060547,24.36000061035156,24.36000061035156,1.2354897740344877,8.507794131415537,1.9099998474121056,1.9099998474121058
2016-03-24,24.100000381469727,24.100000381469727,21.89999961853028,22.57999992370605,22.57999992370605,0.0574613515995256,-7.307063390996438,-1.7800006866455078,-1.7800006866455078
2016-03-28,22.700000762939453,23.59000015258789,22.55500030517578,22.59000015258789,22.59000015258789,-0.5087540399670054,0.044287993426173,0.0100002288818394,0.01000022888183949
2016-03-29,22.59000015258789,24.049999237060547,22.450000762939453,24.0,24.0,-0.5728589563973232,6.241699149570756,1.4099998474121094,1.4099998474121094
2016-03-30,24.1200008392334,24.59000015258789,23.90999984741211,24.39999961853028,24.39999961853028,-0.6246256880753623,1.6666650772094949,0.399999618530277,0.39999961853028054
2016-03-31,24.32999992370605,24.89999961853028,24.31999969482422,24.670000076293945,24.670000076293945,-0.656544035586692,1.1065592704297522,0.2700004577636683,0.27000045776366477
2016-04-01,24.43000030517578,25.049999237060547,24.34000015258789,24.989999771118164,24.989999771118164,-0.511704475451246,1.29712076949573,0.3199996948242187,0.31999969482421875
2016-04-04,25.049999237060547,25.465999603271484,24.89999961853028,25.36000061035156,25.36000061035156,-0.3684742437617492,1.4805956087323269,0.3700008392333949,0.3700008392333949
2016-04-05,24.55500030517578,25.350000381469727,23.790000915527344,25.14999961853028,25.14999961853028,-0.776975447625239,-0.828079600816578,-0.2100009918212819,-0.2100009918212784
2016-04-06,25.21999931335449,25.690000534057617,24.920000076293945,25.6200008392334,25.6200008392334,-0.5661534212058674,1.868792158377719,0.4700012207031214,0.4700012207031179
2016-04-07,25.46999931335449,25.89999961853028,24.920000076293945,25.600000381469727,25.600000381469727,-0.2692323229282028,-0.0780657966764963,-0.0200004577636718,-0.020000457763671875
2016-04-08,25.790000915527344,26.0,25.15999984741211,25.32999992370605,25.32999992370605,-0.2182702554731384,-1.0546892724232593,-0.2700004577636754,-0.2700004577636754
2016-04-11,25.40999984741211,25.55500030517578,24.21500015258789,24.270000457763672,24.270000457763672,-0.7496168640440991,-4.184759056988141,-1.0599994659423793,-1.0599994659423793
2016-04-12,24.350000381469727,25.32999992370605,24.31999969482422,25.299999237060547,25.299999237060547,1.275991206590881,4.243917428387989,1.029998779296875,1.029998779296875
2016-04-13,25.559999465942383,26.450000762939453,25.459999084472656,25.86000061035156,25.86000061035156,-0.4183634255861806,2.213444229953554,0.5600013732910121,0.5600013732910121
2016-04-14,25.729999542236328,25.729999542236328,25.14999961853028,25.299999237060547,25.299999237060547,-0.7761707834022643,-2.1655118332319256,-0.5600013732910121,-0.5600013732910121
2016-04-15,25.229999542236328,25.40999984741211,24.86000061035156,25.1299991607666,25.1299991607666,-0.7801941045171378,-0.6719370807131142,-0.1700000762939453,-0.1700000762939453
2016-04-18,24.6200008392334,25.46999931335449,24.6200008392334,25.3799991607666,25.3799991607666,-0.8099666807672017,0.9948269333422964,0.25,0.25
2016-04-19,25.43000030517578,25.64999961853028,25.145000457763672,25.25,25.25,-1.0384913200920167,-0.5122110522665424,-0.1299991607666015,-0.12999916076660156
2016-04-20,25.170000076293945,25.979999542236328,25.049999237060547,25.979999542236328,25.979999542236328,-0.8990161881097353,2.8910872959854617,0.7299995422363281,0.7299995422363281
2016-04-21,25.8700008392334,26.299999237060547,25.75,25.96999931335449,25.96999931335449,-0.7168938523097946,-0.0384920287068601,-0.0100002288818394,-0.01000022888183949
2016-04-22,26.06999969482422,26.75,26.06999969482422,26.350000381469727,26.350000381469727,-0.7641008200576438,1.463230951722938,0.3800010681152379,0.3800010681152379
2016-04-25,26.3799991607666,26.40999984741211,25.6299991607666,25.68000030517578,25.68000030517578,-0.6635177921858062,-2.5426947498836228,-0.6700000762939453,-0.6700000762939453
2016-04-26,25.71999931335449,26.09000015258789,25.39999961853028,25.65999984741211,25.65999984741211,-0.6967772467354272,-0.0778834015809581,-0.0200004577636718,-0.020000457763671875
2016-04-27,25.68000030517578,26.3700008392334,25.440000534057617,25.700000762939453,25.700000762939453,-0.920473900722394,0.1558882142058015,0.0400009155273437,0.04000091552734375
2016-04-28,25.6200008392334,26.049999237060547,25.440000534057617,25.82999992370605,25.82999992370605,-0.902234845001634,0.5058332953595146,0.129999160766598,0.129999160766598
2016-04-29,25.64999961853028,25.64999961853028,24.89999961853028,25.14999961853028,25.14999961853028,-0.8534185488078355,-2.6325989438029,-0.6800003051757741,-0.6800003051757706
2016-05-02,25.18000030517578,25.40999984741211,24.68000030517578,25.36000061035156,25.36000061035156,-0.8915059886953047,0.8349940159305458,0.2100009918212819,0.2100009918212784
2016-05-03,24.979999542236328,25.729999542236328,24.799999237060547,25.209999084472656,25.209999084472656,-0.4390164739758647,-0.5914886524792662,-0.1500015258789027,-0.1500015258789027
2016-05-04,25.11000061035156,25.420000076293945,25.0,25.21999931335449,25.21999931335449,-0.9218150077606851,0.0396677082308727,0.0100002288818323,0.010000228881832385
2016-05-05,25.25,25.38500022888184,25.1299991607666,25.350000381469727,25.350000381469727,-0.9223514505760017,0.5154681667512984,0.1300010681152379,0.13000106811523793
2016-05-06,25.309999465942383,25.65999984741211,25.049999237060547,25.34000015258789,25.34000015258789,-0.8995526309250517,-0.0394486340487221,-0.0100002288818359,-0.010000228881835938
2016-05-09,25.25,25.88999938964844,25.14999961853028,25.59000015258789,25.59000015258789,-0.563471207129285,0.9865824723543692,0.25,0.25
2016-05-10,25.61000061035156,25.61000061035156,25.09000015258789,25.51000022888184,25.51000022888184,-1.049220176398346,-0.3126218180110496,-0.0799999237060511,-0.07999992370605113
2016-05-11,25.540000915527344,25.76000022888184,24.559999465942383,24.700000762939453,24.700000762939453,-0.1088359211485791,-3.175223279791761,-0.8099994659423864,-0.8099994659423864
2016-05-12,24.770000457763672,25.059999465942383,24.209999084472656,24.780000686645508,24.780000686645508,-0.6042408610933365,0.3238863207894571,0.0799999237060546,0.07999992370605469
2016-05-13,24.6200008392334,25.0,24.049999237060547,24.239999771118164,24.239999771118164,-0.955074462310306,-2.179180389685631,-0.5400009155273438,-0.5400009155273438
2016-05-16,24.31999969482422,24.31999969482422,22.65999984741211,23.309999465942383,23.309999465942383,0.060143565676108,-3.836634958569063,-0.9300003051757812,-0.9300003051757812
2016-05-17,23.280000686645508,23.40999984741211,22.709999084472656,22.84000015258789,22.84000015258789,-0.4425033522754217,-2.0162991167854583,-0.4699993133544922,-0.4699993133544922
2016-05-18,22.76000022888184,23.742000579833984,22.39999961853028,22.979999542236328,22.979999542236328,-0.8732669329745448,0.61295704340254,0.1399993896484375,0.1399993896484375
2016-05-19,22.89999961853028,23.39999961853028,22.5,22.8700008392334,22.8700008392334,-1.1286137130651832,-0.4786714760405264,-0.1099987030029296,-0.10999870300292969
2016-05-20,22.989999771118164,23.520000457763672,22.989999771118164,23.46999931335449,23.46999931335449,-0.9172552438304952,2.623517499360095,0.5999984741210902,0.5999984741210902
2016-05-23,23.46999931335449,23.895000457763672,23.350000381469727,23.76000022888184,23.76000022888184,-1.069605003380372,1.235623877340042,0.2900009155273508,0.29000091552735086
2016-05-24,23.920000076293945,24.61000061035156,23.809999465942383,24.530000686645508,24.530000686645508,-0.780462325924796,3.240742636137184,0.7700004577636683,0.7700004577636683
2016-05-25,24.59000015258789,25.07999992370605,22.26000022888184,25.059999465942383,25.059999465942383,-0.7386197863301116,2.160614612560585,0.529998779296875,0.529998779296875
2016-05-26,25.200000762939453,25.200000762939453,24.739999771118164,25.14999961853028,25.14999961853028,-0.9424680561503692,0.3591386851791833,0.0900001525878941,0.09000015258789773
2016-05-27,25.229999542236328,25.559999465942383,24.655000686645508,25.559999465942383,25.559999465942383,-0.9014301807786592,1.630218105888237,0.4099998474121058,0.40999984741210227
2016-05-31,25.729999542236328,25.88999938964844,25.32999992370605,25.809999465942383,25.809999465942383,-0.5535470150459304,0.9780907872596556,0.25,0.25
2016-06-01,25.709999084472656,26.43000030517578,25.520000457763672,26.3700008392334,26.3700008392334,-0.6332087731204258,2.169707031687329,0.5600013732910156,0.5600013732910156
2016-06-02,26.39999961853028,27.15999984741211,26.309999465942383,27.06999969482422,27.06999969482422,-0.7281591514314405,2.654527240474569,0.6999988555908203,0.6999988555908203
2016-06-03,26.989999771118164,27.479999542236328,26.32999992370605,26.65999984741211,26.65999984741211,-0.2233664622186448,-1.5145912524354488,-0.4099998474121094,-0.4099998474121094
2016-06-06,26.809999465942383,27.07999992370605,26.71199989318848,27.0,27.0,-0.4449173449443458,1.2753194093543696,0.3400001525878906,0.3400001525878906
2016-06-07,26.93000030517578,27.790000915527344,26.915000915527344,27.61000061035156,27.61000061035156,-0.2115647202816825,2.259261519820588,0.610000610351559,0.610000610351559
2016-06-08,29.5,30.39999961853028,29.0,29.1200008392334,29.1200008392334,1.921600134824249,5.469033667155032,1.5100002288818395,1.5100002288818395
2016-06-09,28.81999969482422,29.209999084472656,28.040000915527344,28.200000762939453,28.200000762939453,-0.2011040853830114,-3.159340830287438,-0.9200000762939452,-0.9200000762939453
2016-06-10,28.0,29.39299964904785,27.18000030517578,29.0,29.0,-0.2751331938966839,2.836876650414521,0.7999992370605469,0.7999992370605469
2016-06-13,28.68000030517578,29.15999984741211,28.520000457763672,28.96999931335449,28.96999931335449,-0.5286024241337147,-0.1034506436052073,-0.0300006866455113,-0.030000686645511365
2016-06-14,28.959999084472656,29.190000534057617,28.799999237060547,29.11000061035156,29.11000061035156,-0.6147014959920076,0.483263031810055,0.1400012969970703,0.1400012969970703
2016-06-15,29.100000381469727,29.440000534057617,28.850000381469727,29.100000381469727,29.100000381469727,0.0035488486602207,-0.0343532417456438,-0.0100002288818323,-0.010000228881832385
2016-06-16,28.729999542236328,29.229999542236328,27.520000457763672,29.13999938964844,29.13999938964844,-0.6270396807442864,0.1374536345511101,0.0399990081787144,0.03999900817871449
2016-06-17,29.18000030517578,29.440000534057617,28.8799991607666,29.07999992370605,29.07999992370605,0.5861257460939041,-0.2059007110470467,-0.0599994659423899,-0.05999946594238992
2016-06-20,29.440000534057617,29.739999771118164,29.030000686645508,29.6299991607666,29.6299991607666,-0.587611133818526,1.891331631717752,0.5499992370605504,0.5499992370605504
2016-06-21,29.690000534057617,29.690000534057617,28.850000381469727,29.21999931335449,29.21999931335449,-0.4910514270615619,-1.3837322275560449,-0.4099998474121129,-0.4099998474121129
2016-06-22,29.190000534057617,29.75,28.530000686645508,28.65999984741211,28.65999984741211,-0.5433546015549175,-1.9164937683158745,-0.5599994659423793,-0.5599994659423793
2016-06-23,28.989999771118164,29.32999992370605,28.6200008392334,29.18000030517578,29.18000030517578,-0.5728589563973232,1.8143770430292692,0.5200004577636719,0.5200004577636719
2016-06-24,27.8700008392334,28.68000030517578,27.13400077819824,28.51000022888184,28.51000022888184,2.2142296905793817,-2.296093451976766,-0.6700000762939418,-0.6700000762939418
2016-06-27,28.059999465942383,28.270000457763672,27.36000061035156,27.71999931335449,27.71999931335449,-0.081209116159781,-2.770960747755613,-0.7900009155273509,-0.7900009155273509
2016-06-28,28.040000915527344,29.530000686645508,27.86000061035156,29.270000457763672,29.270000457763672,-0.4076345692798513,5.591634858599903,1.5500011444091832,1.5500011444091832
2016-06-29,29.729999542236328,30.0,29.57999992370605,29.989999771118164,29.989999771118164,-0.8244506367807463,2.459854123997851,0.7199993133544922,0.7199993133544922
2016-06-30,30.0,30.39999961853028,29.71500015258789,30.38500022888184,30.38500022888184,0.1760152137844649,1.3171072383404203,0.3950004577636754,0.3950004577636754
2016-07-01,30.299999237060547,30.700000762939453,30.290000915527344,30.299999237060547,30.299999237060547,-0.5355761807328288,-0.2797465564620793,-0.0850009918212926,-0.08500099182129262
2016-07-05,30.049999237060547,30.51000022888184,29.93000030517578,30.350000381469727,30.350000381469727,-0.8166722159586576,0.1650202827332858,0.0500011444091796,0.05000114440917969
2016-07-06,30.15999984741211,30.63999938964844,30.1200008392334,30.309999465942383,30.309999465942383,-0.941126949112078,-0.1317987315471835,-0.0400009155273437,-0.04000091552734375
2016-07-07,30.43000030517578,30.770000457763672,29.975000381469727,30.15999984741211,30.15999984741211,-0.7989696030532141,-0.4948849263386456,-0.1499996185302734,-0.14999961853027344
2016-07-08,30.479999542236328,31.0,30.3700008392334,30.93000030517578,30.93000030517578,-0.4929289769151696,2.5530519285786424,0.7700004577636719,0.7700004577636719
2016-07-11,31.0,31.690000534057617,30.95499992370605,31.229999542236328,31.229999542236328,-0.4907832056539037,0.9699296285178072,0.2999992370605469,0.2999992370605469
2016-07-12,31.440000534057617,31.59000015258789,31.1200008392334,31.18000030517578,31.18000030517578,-0.6836343977601737,-0.1601000249549344,-0.0499992370605468,-0.049999237060546875
2016-07-13,31.270000457763672,31.540000915527344,30.06999969482422,30.299999237060547,30.299999237060547,-0.3531856235252299,-2.822325399301417,-0.8800010681152344,-0.8800010681152344
2016-07-14,30.57999992370605,30.959999084472656,30.100000381469727,30.190000534057617,30.190000534057617,-0.6849755047984648,-0.3630320322529523,-0.1099987030029296,-0.10999870300292969
2016-07-15,30.43000030517578,30.43000030517578,29.8799991607666,29.989999771118164,29.989999771118164,-0.6627131279628314,-0.6624735323003117,-0.2000007629394531,-0.20000076293945312
2016-07-18,29.979999542236328,30.540000915527344,29.81999969482422,30.459999084472656,30.459999084472656,-0.7109929813413135,1.567186785400132,0.4699993133544922,0.4699993133544922
2016-07-19,30.520000457763672,30.64999961853028,29.70199966430664,30.18000030517578,30.18000030517578,-1.0245438068937889,-0.9192343654389924,-0.279998779296875,-0.279998779296875
2016-07-20,30.3700008392334,30.65999984741211,30.059999465942383,30.200000762939453,30.200000762939453,-0.9167188010151788,0.066270568460669,0.0200004577636718,0.020000457763671875
2016-07-21,30.1299991607666,30.229999542236328,29.48500061035156,29.780000686645508,29.780000686645508,-1.0036225370964464,-1.3907286943163122,-0.4200000762939453,-0.4200000762939453
2016-07-22,29.75,30.0,27.451000213623047,30.0,30.0,-0.7168938523097946,0.7387485167290375,0.2199993133544922,0.2199993133544922
2016-07-25,29.82999992370605,29.920000076293945,29.440000534057617,29.489999771118164,29.489999771118164,-0.8858733391344819,-1.7000007629394576,-0.5100002288818359,-0.5100002288818359
2016-07-26,29.540000915527344,29.549999237060547,29.13999938964844,29.479999542236328,29.479999542236328,-0.9164505796075204,-0.0339105763290992,-0.0100002288818359,-0.010000228881835938
2016-07-27,29.46999931335449,29.75,29.239999771118164,29.700000762939453,29.700000762939453,-0.9421998347427109,0.7462728090884996,0.220001220703125,0.220001220703125
2016-07-28,29.700000762939453,29.780000686645508,29.43000030517578,29.549999237060547,29.549999237060547,-0.5210922247192842,-0.5050556297159559,-0.1500015258789062,-0.15000152587890625
2016-07-29,29.39999961853028,29.6299991607666,29.0,29.520000457763672,29.520000457763672,-0.8201590942582145,-0.1015187142856199,-0.029998779296875,-0.029998779296875
2016-08-01,29.450000762939453,29.809999465942383,29.18000030517578,29.229999542236328,29.229999542236328,-0.9564155693485972,-0.9823879099943422,-0.2900009155273437,-0.29000091552734375
2016-08-02,29.290000915527344,29.5,28.520000457763672,28.59000015258789,28.59000015258789,-0.7734885693256819,-2.18952924964525,-0.6399993896484375,-0.6399993896484375
2016-08-03,28.479999542236328,28.799999237060547,28.26000022888184,28.68000030517578,28.68000030517578,-0.8295468435262527,0.3147959150316515,0.0900001525878906,0.09000015258789062
2016-08-04,28.739999771118164,28.864999771118164,28.479999542236328,28.75,28.75,-0.5956577760482731,0.2440714577383929,0.0699996948242187,0.06999969482421875
2016-08-05,28.950000762939453,29.1299991607666,28.739999771118164,28.82999992370605,28.82999992370605,-0.7745614549563149,0.2782606041949576,0.0799999237060511,0.07999992370605113
2016-08-08,28.93000030517578,29.06999969482422,28.5,28.56999969482422,28.56999969482422,-0.9303980928057486,-0.9018391591046891,-0.2600002288818324,-0.2600002288818324
2016-08-09,28.57999992370605,28.700000762939453,28.46999931335449,28.57999992370605,28.57999992370605,-1.1578498464999307,0.0350025515878593,0.0100002288818323,0.010000228881832385
2016-08-10,28.5,28.690000534057617,28.1200008392334,28.31999969482422,28.31999969482422,-0.9049170590782164,-0.9097278851501024,-0.2600002288818324,-0.2600002288818324
2016-08-11,28.350000381469727,28.71999931335449,28.32999992370605,28.670000076293945,28.670000076293945,-0.4604741865885233,1.2358770665301,0.3500003814697265,0.35000038146972656
2016-08-12,28.63999938964844,29.0,28.520000457763672,29.0,29.0,-1.0202522643712568,1.1510286809483403,0.3299999237060547,0.3299999237060547
2016-08-15,28.89999961853028,29.459999084472656,28.709999084472656,29.170000076293945,29.170000076293945,-0.3982468200118131,0.5862071596342888,0.1700000762939453,0.1700000762939453
2016-08-16,29.14999961853028,29.459999084472656,28.979999542236328,29.39999961853028,29.39999961853028,-0.874608040012836,0.7884797450626202,0.2299995422363316,0.22999954223633523
2016-08-17,29.40999984741211,29.60199928283692,28.788000106811523,29.3799991607666,29.3799991607666,-0.9660715400242936,-0.0680287687863434,-0.0200004577636754,-0.02000045776367898
2016-08-18,29.350000381469727,30.0,29.309999465942383,29.90999984741211,29.90999984741211,-0.8713893831209372,1.8039506527735227,0.5300006866455078,0.5300006866455078
2016-08-19,29.729999542236328,29.96999931335449,29.64999961853028,29.71999931335449,29.71999931335449,-0.7297684798773899,-0.6352408392742315,-0.1900005340576207,-0.19000053405762074
2016-08-22,29.46999931335449,29.57999992370605,28.38999938964844,28.540000915527344,28.540000915527344,-0.5991446543478302,-3.970385010395749,-1.1799983978271449,-1.1799983978271449
2016-08-23,28.6299991607666,30.40999984741211,28.59000015258789,30.31999969482422,30.31999969482422,-0.2357046469709236,6.236856069364927,1.779998779296875,1.779998779296875
2016-08-24,30.31999969482422,30.89999961853028,30.290000915527344,30.56999969482422,30.56999969482422,-0.5033896118138407,0.8245382668743195,0.25,0.25
2016-08-25,30.5,30.61000061035156,30.270000457763672,30.520000457763672,30.520000457763672,-0.8209637584811893,-0.1635565507349778,-0.0499992370605468,-0.049999237060546875
2016-08-26,30.59000015258789,31.309999465942383,30.51000022888184,31.26000022888184,31.26000022888184,-0.691949261397579,2.424638794295708,0.7399997711181676,0.7399997711181676
2016-08-29,31.299999237060547,32.0,31.299999237060547,31.989999771118164,31.989999771118164,0.3562599997307979,2.3352512376562995,0.7299995422363246,0.7299995422363246
2016-08-30,31.920000076293945,33.0,31.875,33.0,33.0,0.8264521273556814,3.157237374517585,1.010000228881836,1.010000228881836
2016-08-31,33.0,33.0,31.84000015258789,32.560001373291016,32.560001373291016,0.0199103545273729,-1.33332917184541,-0.4399986267089844,-0.4399986267089844
2016-09-01,32.439998626708984,32.7400016784668,31.979999542236328,32.5,32.5,-0.6200659241451724,-0.1842793942270382,-0.0600013732910156,-0.060001373291015625
2016-09-02,32.779998779296875,33.619998931884766,32.349998474121094,33.54999923706055,33.54999923706055,-0.5218968889422588,3.2307668832632253,1.0499992370605469,1.0499992370605469
2016-09-06,33.7400016784668,34.0,33.150001525878906,33.86000061035156,33.86000061035156,0.5558167270285237,0.9239981530270168,0.3100013732910156,0.3100013732910156
2016-09-07,34.36000061035156,35.31999969482422,33.89500045776367,34.560001373291016,34.560001373291016,1.947885832774756,2.067338305733668,0.7000007629394531,0.7000007629394531
2016-09-08,34.709999084472656,35.05799865722656,34.63999938964844,35.0,35.0,-0.4180952041785224,1.273144123914971,0.4399986267089844,0.4399986267089844
2016-09-09,34.54999923706055,34.7400016784668,33.2599983215332,33.310001373291016,33.310001373291016,-0.2697687657435192,-4.828567504882808,-1.6899986267089844,-1.6899986267089844
2016-09-12,33.290000915527344,33.689998626708984,32.70000076293945,33.64500045776367,33.64500045776367,0.6861723311504252,1.0057012028263257,0.3349990844726562,0.33499908447265625
2016-09-13,33.439998626708984,33.75,32.60100173950195,33.630001068115234,33.630001068115234,-0.5382583948094111,-0.0445813328707411,-0.0149993896484375,-0.0149993896484375
2016-09-14,33.779998779296875,34.310001373291016,33.56100082397461,33.65999984741211,33.65999984741211,-0.6377685370506158,0.0892024333752239,0.029998779296875,0.029998779296875
2016-09-15,33.5,33.970001220703125,32.83000183105469,33.91999816894531,33.91999816894531,-0.2118329416893408,0.7724252011640731,0.2599983215332031,0.2599983215332031
2016-09-16,33.91999816894531,34.7400016784668,33.84000015258789,34.68000030517578,34.68000030517578,2.6125384809518586,2.2405724565347063,0.7600021362304688,0.7600021362304688
2016-09-19,34.75,35.25,34.75,34.93000030517578,34.93000030517578,-0.1184918918242755,0.7208765795849503,0.25,0.25
2016-09-20,35.0,35.61000061035156,34.810001373291016,35.45000076293945,35.45000076293945,-0.2426784035700376,1.4886929665632431,0.5200004577636719,0.5200004577636719
2016-09-21,35.66999816894531,36.79999923706055,35.599998474121094,36.20000076293945,36.20000076293945,0.8707086596192899,2.115655807782302,0.75,0.75
2016-09-22,36.20000076293945,37.5,36.060001373291016,37.5,37.5,0.3938109968029506,3.591158037740838,1.2999992370605469,1.2999992370605469
2016-09-23,37.310001373291016,37.47999954223633,36.83000183105469,37.0,37.0,-0.6096052892465013,-1.3333333333333308,-0.5,-0.5
2016-09-26,37.06999969482422,37.119998931884766,36.709999084472656,36.810001373291016,36.810001373291016,-0.6350863229740334,-0.5135098019161788,-0.1899986267089843,-0.18999862670898438
2016-09-27,36.90999984741211,37.59000015258789,36.84000015258789,37.47999954223633,37.47999954223633,-0.5347715165098541,1.820152523633034,0.6699981689453125,0.6699981689453125
2016-09-28,37.54999923706055,37.959999084472656,37.02999877929688,37.790000915527344,37.790000915527344,-0.2126376059123155,0.8271114649872846,0.3100013732910156,0.3100013732910156
2016-09-29,37.66999816894531,38.0,37.150001525878906,37.34000015258789,37.34000015258789,-0.4942700839534608,-1.1907932046504754,-0.4500007629394531,-0.4500007629394531
2016-09-30,37.65999984741211,38.0,36.720001220703125,37.84999847412109,37.84999847412109,-0.2456288390542782,1.365823030126179,0.509998321533196,0.509998321533196
2016-10-03,37.68999862670898,38.09999847412109,37.415000915527344,37.869998931884766,37.869998931884766,0.5118284161725734,0.0528413700659813,0.0200004577636789,0.02000045776367898
2016-10-04,38.060001373291016,38.22999954223633,37.10300064086914,37.56999969482422,37.56999969482422,-0.4076345692798513,-0.7921817943542631,-0.2999992370605469,-0.2999992370605469
2016-10-05,37.68999862670898,38.30500030517578,37.58000183105469,38.09999847412109,38.09999847412109,-0.4602059651808651,1.4106967889325972,0.5299987792968679,0.5299987792968679
2016-10-06,37.880001068115234,38.26499938964844,37.58000183105469,37.93999862670898,37.93999862670898,-0.2968591279170008,-0.419947122887121,-0.1599998474121093,-0.15999984741210938
2016-10-07,38.060001373291016,38.15499877929688,37.13999938964844,37.91999816894531,37.91999816894531,-0.3397745531423182,-0.0527160213168453,-0.0200004577636647,-0.02000045776366477
2016-10-10,38.25,38.79999923706055,38.130001068115234,38.43999862670898,38.43999862670898,-0.6653953420394138,1.371309290277134,0.5200004577636648,0.5200004577636648
2016-10-11,38.5099983215332,38.7400016784668,37.71799850463867,37.84999847412109,37.84999847412109,-0.5905615693027666,-1.5348599731165091,-0.5900001525878906,-0.5900001525878906
2016-10-12,37.869998931884766,38.130001068115234,37.18999862670898,37.22999954223633,37.22999954223633,-0.7249404945395417,-1.6380421582015805,-0.6199989318847585,-0.6199989318847585
2016-10-13,37.02999877929688,37.053001403808594,35.66999816894531,36.13999938964844,36.13999938964844,-0.0079846718690833,-2.927746886892435,-1.0900001525878906,-1.0900001525878906
2016-10-14,36.290000915527344,36.75,36.18999862670898,36.61000061035156,36.61000061035156,-0.7372786792918204,1.3005014627580411,0.470001220703125,0.470001220703125
2016-10-17,36.47999954223633,37.52999877929688,36.2400016784668,36.75,36.75,0.7677116390785282,0.3824075042731634,0.1399993896484375,0.1399993896484375
2016-10-18,37.09999847412109,37.13999938964844,36.08000183105469,36.400001525878906,36.400001525878906,0.4200966947534575,-0.952376800329502,-0.3499984741210937,-0.34999847412109375
2016-10-19,36.52000045776367,36.994998931884766,36.15999984741211,36.7400016784668,36.7400016784668,-0.4470631162056117,0.9340663141076178,0.3400001525878906,0.3400001525878906
2016-10-20,35.79999923706055,36.20000076293945,34.92100143432617,35.900001525878906,35.900001525878906,3.150590624714276,-2.2863367289398195,-0.8400001525878906,-0.8400001525878906
2016-10-21,35.88999938964844,36.08000183105469,35.4900016784668,35.630001068115234,35.630001068115234,-0.1614073170495929,-0.7520903796314315,-0.2700004577636719,-0.2700004577636719
2016-10-24,35.709999084472656,36.13999938964844,35.400001525878906,35.43000030517578,35.43000030517578,-0.2217571337726954,-0.5613268508106506,-0.2000007629394531,-0.20000076293945312
2016-10-25,35.52000045776367,35.59000015258789,34.09000015258789,34.40999984741211,34.40999984741211,-0.0643111674773123,-2.878917439960238,-1.020000457763672,-1.0200004577636719
2016-10-26,34.45000076293945,34.63999938964844,34.0099983215332,34.16999816894531,34.16999816894531,-0.015763092691172,-0.6974765461524646,-0.2400016784667968,-0.24000167846679688
2016-10-27,34.189998626708984,34.652000427246094,33.33000183105469,33.4900016784668,33.4900016784668,0.0915254703721213,-1.9900395871151,-0.6799964904785156,-0.6799964904785156
2016-10-28,33.880001068115234,33.880001068115234,33.04499816894531,33.060001373291016,33.060001373291016,0.1172747255073117,-1.2839662096889692,-0.4300003051757812,-0.43000030517578125
2016-10-31,33.29999923706055,33.31999969482422,33.02000045776367,33.22999954223633,33.22999954223633,-0.0766493522295911,0.5142110159821467,0.1699981689453125,0.1699981689453125
2016-11-01,33.36000061035156,33.36000061035156,32.060001373291016,32.38999938964844,32.38999938964844,-0.2920311425791526,-2.527836786516424,-0.8400001525878906,-0.8400001525878906
2016-11-02,32.41999816894531,32.41999816894531,30.8700008392334,31.290000915527344,31.290000915527344,0.5488429704294097,-3.3961052635050226,-1.0999984741210938,-1.0999984741210938
2016-11-03,31.239999771118164,31.56999969482422,30.82999992370605,30.82999992370605,30.82999992370605,-0.5108998112282712,-1.4701213753976703,-0.4600009918212926,-0.4600009918212926
2016-11-04,30.739999771118164,31.2549991607666,30.34000015258789,30.700000762939453,30.700000762939453,-0.1887659006307327,-0.4216644861767871,-0.129999160766598,-0.129999160766598
2016-11-07,31.32999992370605,31.959999084472656,31.280000686645508,31.6200008392334,31.6200008392334,0.1776245422304143,2.996742845050848,0.9200000762939452,0.9200000762939453
2016-11-08,31.51000022888184,31.61000061035156,30.950000762939453,31.190000534057617,31.190000534057617,-0.52323799598055,-1.3598997272708635,-0.4300003051757812,-0.43000030517578125
2016-11-09,31.25,35.209999084472656,30.36000061035156,34.95000076293945,34.95000076293945,4.298310028083857,12.055146407503711,3.760000228881836,3.760000228881836
2016-11-10,35.060001373291016,38.9900016784668,35.060001373291016,38.34000015258789,38.34000015258789,2.0036758855676684,9.699568857357942,3.389999389648437,3.3899993896484375
2016-11-11,38.36000061035156,40.7400016784668,38.06800079345703,40.119998931884766,40.119998931884766,2.3869642771112844,4.642667637487552,1.779998779296875,1.779998779296875
2016-11-14,40.970001220703125,41.88999938964844,40.0,41.7599983215332,41.7599983215332,0.611338558413778,4.087735377143975,1.6399993896484375,1.6399993896484375
2016-11-15,41.7400016784668,41.84999847412109,39.91999816894531,40.0099983215332,40.0099983215332,0.8672217813197328,-4.190613195253956,-1.75,-1.75
2016-11-16,40.0099983215332,40.55799865722656,39.400001525878906,40.0,40.0,0.4874202680756741,-0.0249895574922387,-0.0099983215332031,-0.009998321533203125
2016-11-17,40.09000015258789,41.650001525878906,39.90999984741211,41.540000915527344,41.540000915527344,-0.3488940810026982,3.850002288818355,1.5400009155273438,1.5400009155273438
2016-11-18,41.58000183105469,41.619998931884766,41.02000045776367,41.15999984741211,41.15999984741211,-0.4475995590209281,-0.9147834851712556,-0.3800010681152344,-0.3800010681152344
2016-11-21,41.41999816894531,41.45000076293945,40.77999877929688,41.310001373291016,41.310001373291016,0.178429206453389,0.3644351954202873,0.1500015258789062,0.15000152587890625
2016-11-22,41.36000061035156,42.45000076293945,41.36000061035156,42.150001525878906,42.150001525878906,0.0488782665544622,2.0334062567497035,0.8400001525878906,0.8400001525878906
2016-11-23,42.310001373291016,43.22999954223633,41.86299896240234,43.18999862670898,43.18999862670898,-0.4430397950907381,2.4673714428967264,1.039997100830071,1.039997100830071
2016-11-25,43.25,43.52999877929688,42.83000183105469,43.52000045776367,43.52000045776367,-1.1245903919503095,0.7640700197906858,0.3300018310546946,0.3300018310546946
2016-11-28,43.16999816894531,43.79999923706055,43.08000183105469,43.400001525878906,43.400001525878906,-0.167308188018074,-0.2757328369084599,-0.1199989318847656,-0.11999893188476562
2016-11-29,43.790000915527344,44.90999984741211,43.540000915527344,44.650001525878906,44.650001525878906,0.3318518516338986,2.8801842305342884,1.25,1.25
2016-11-30,45.0,45.0,43.959999084472656,44.52999877929688,44.52999877929688,0.2546040862283273,-0.2687631410549285,-0.1200027465820241,-0.12000274658202414
2016-12-01,44.560001373291016,44.97999954223633,42.66999816894531,42.93000030517578,42.93000030517578,0.4686447695395977,-3.5930799864853813,-1.5999984741211009,-1.5999984741211009
2016-12-02,43.02999877929688,43.16999816894531,41.560001373291016,42.09999847412109,42.09999847412109,0.6829536742585264,-1.9333841722675824,-0.8300018310546946,-0.8300018310546946
2016-12-05,42.25,42.84000015258789,41.43000030517578,41.959999084472656,41.959999084472656,0.4257293443142804,-0.3325401299823949,-0.1399993896484304,-0.1399993896484304
2016-12-06,42.25,42.45000076293945,40.34000015258789,40.79999923706055,40.79999923706055,1.668935568810193,-2.764537351578178,-1.1599998474121094,-1.1599998474121094
2016-12-07,39.47999954223633,42.34999847412109,39.150001525878906,41.4900016784668,41.4900016784668,1.7233845145648143,1.6911824860513347,0.69000244140625,0.69000244140625
2016-12-08,41.40999984741211,41.70000076293945,40.77999877929688,41.2599983215332,41.2599983215332,-0.117955449008959,-0.5543585144103913,-0.2300033569335937,-0.23000335693359375
2016-12-09,41.2400016784668,41.45000076293945,40.560001373291016,40.93999862670898,40.93999862670898,-0.0745035809683252,-0.7755688508043868,-0.3199996948242258,-0.31999969482422586
2016-12-12,40.880001068115234,41.15999984741211,40.130001068115234,40.9900016784668,40.9900016784668,-0.1423635971058583,0.1221374045801804,0.0500030517578196,0.050003051757819605
2016-12-13,41.58000183105469,42.400001525878906,41.13999938964844,41.86000061035156,41.86000061035156,-0.0632382818466794,2.122466202146556,0.8699989318847656,0.8699989318847656
2016-12-14,41.47999954223633,41.97499847412109,41.04999923706055,41.310001373291016,41.310001373291016,-0.4540368728047257,-1.3139016460609887,-0.5499992370605469,-0.5499992370605469
2016-12-15,41.52999877929688,42.869998931884766,41.2599983215332,42.47999954223633,42.47999954223633,-0.0726260311147175,2.832239482087684,1.1699981689453125,1.1699981689453125
2016-12-16,42.61000061035156,42.77000045776367,40.90999984741211,40.97999954223633,40.97999954223633,1.2033032051154997,-3.5310734843784664,-1.5,-1.5
2016-12-19,41.0099983215332,41.0099983215332,39.970001220703125,40.18999862670898,40.18999862670898,-0.0109351073533238,-1.927771899345998,-0.7900009155273509,-0.7900009155273509
2016-12-20,40.2400016784668,40.34000015258789,39.93999862670898,40.290000915527344,40.290000915527344,-0.33950633173466,0.2488238174556789,0.1000022888183664,0.10000228881836648
2016-12-21,40.43000030517578,40.63999938964844,40.04999923706055,40.150001525878906,40.150001525878906,-0.5650805355752344,-0.347479241665849,-0.1399993896484375,-0.1399993896484375
2016-12-22,40.08000183105469,40.65999984741211,39.93000030517578,40.52999877929688,40.52999877929688,-0.7619550487963779,0.9464439326933638,0.3799972534179758,0.37999725341797586
2016-12-23,40.25,41.310001373291016,40.2400016784668,40.900001525878906,40.900001525878906,-0.8241824153730881,0.912910825872082,0.3700027465820241,0.37000274658202414
2016-12-27,40.84999847412109,41.880001068115234,40.83000183105469,41.400001525878906,41.400001525878906,-0.8029929241680877,1.2224938419223008,0.5,0.5
2016-12-28,41.54999923706055,41.77000045776367,40.75,41.04999923706055,41.04999923706055,-0.7576635062738462,-0.8454161254066062,-0.3500022888183594,-0.3500022888183594
2016-12-29,41.04999923706055,42.0,40.56999969482422,41.18000030517578,41.18000030517578,-0.4655703933340298,0.3166895749850962,0.1300010681152343,0.13000106811523438
2016-12-30,41.20000076293945,41.29999923706055,40.310001373291016,40.52000045776367,40.52000045776367,-0.7016052320732753,-1.6027193844608931,-0.6599998474121094,-0.6599998474121094
2017-01-03,40.959999084472656,41.130001068115234,39.93999862670898,40.18999862670898,40.18999862670898,-0.2931040282097856,-0.8144171454259386,-0.3300018310546946,-0.3300018310546946
2017-01-04,40.470001220703125,41.16999816894531,40.09999847412109,40.81999969482422,40.81999969482422,-0.4714712643025109,1.5675568291673605,0.6300010681152415,0.6300010681152415
2017-01-05,40.86000061035156,41.369998931884766,40.5099983215332,40.77999877929688,40.77999877929688,-0.4674479431876374,-0.0979934243664604,-0.0400009155273366,-0.040000915527336645
2017-01-06,40.630001068115234,41.09999847412109,40.09999847412109,40.459999084472656,40.459999084472656,-0.5768822775121967,-0.7846976567019492,-0.3199996948242258,-0.31999969482422586
2017-01-09,40.52999877929688,43.09000015258789,40.08000183105469,42.959999084472656,42.959999084472656,1.1000379631670796,6.1789423049182,2.5,2.5
2017-01-10,44.25,47.380001068115234,43.060001373291016,47.040000915527344,47.040000915527344,3.4137158256270026,9.497211168538763,4.080001831054688,4.0800018310546875
2017-01-11,46.88999938964844,47.5,46.18000030517578,47.02999877929688,47.02999877929688,0.4866156038526994,-0.0212630442937733,-0.0100021362304616,-0.010002136230461645
2017-01-12,47.04999923706055,48.209999084472656,46.79999923706055,47.93999862670898,47.93999862670898,-0.0036931293465515,1.9349348735528515,0.9099998474120952,0.9099998474120952
2017-01-13,48.09000015258789,48.75,47.33000183105469,47.83000183105469,47.83000183105469,0.2382425803611751,-0.2294468060184851,-0.1099967956542897,-0.10999679565428977
2017-01-17,47.91999816894531,47.91999816894531,47.02000045776367,47.470001220703125,47.470001220703125,-0.1568475531194029,-0.752666938260127,-0.3600006103515625,-0.3600006103515625
2017-01-18,47.79999923706055,48.68999862670898,47.06999969482422,48.61000061035156,48.61000061035156,-0.1992265355294038,2.401515399901122,1.1399993896484375,1.1399993896484375
2017-01-19,48.38999938964844,48.77000045776367,47.90999984741211,48.02000045776367,48.02000045776367,2.305424969183181,-1.2137423270516257,-0.5900001525878906,-0.5900001525878906
2017-01-20,47.900001525878906,48.16999816894531,46.90999984741211,47.68999862670898,47.68999862670898,-0.0433898976799701,-0.6872174675319975,-0.3300018310546946,-0.3300018310546946
2017-01-23,47.52000045776367,49.2400016784668,47.15999984741211,48.060001373291016,48.060001373291016,-0.2585034666218734,0.7758497740337988,0.3700027465820383,0.37000274658203836
2017-01-24,48.709999084472656,49.25,45.56999969482422,47.25,47.25,0.4166098164539004,-1.6853960677187363,-0.8100013732910156,-0.8100013732910156
2017-01-25,47.369998931884766,48.13999938964844,47.27000045776367,47.900001525878906,47.900001525878906,-0.5422817159242845,1.375664605034732,0.6500015258789062,0.6500015258789062
2017-01-26,47.95000076293945,48.06999969482422,47.1619987487793,47.52999877929688,47.52999877929688,-0.5516694651923227,-0.7724482981114833,-0.3700027465820241,-0.37000274658202414
2017-01-27,47.75,47.95199966430664,46.09999847412109,47.380001068115234,47.380001068115234,0.0416362885476899,-0.3155853461687563,-0.1499977111816477,-0.14999771118164773
2017-01-30,47.4900016784668,47.4900016784668,45.93999862670898,46.08000183105469,46.08000183105469,-0.0956930721733256,-2.74377207208506,-1.2999992370605469,-1.2999992370605469
2017-01-31,45.66999816894531,46.709999084472656,45.08000183105469,46.25,46.25,0.1328315671514893,0.3689196228085833,0.1699981689453125,0.1699981689453125
2017-02-01,46.68000030517578,47.13999938964844,46.02999877929688,46.400001525878906,46.400001525878906,-0.5768822775121967,0.3243276235219694,0.1500015258789062,0.15000152587890625
2017-02-02,46.27000045776367,47.29999923706055,46.060001373291016,46.34000015258789,46.34000015258789,-0.5811738200347285,-0.1293133002539859,-0.0600013732910156,-0.060001373291015625
2017-02-03,46.40999984741211,47.90999984741211,46.34999847412109,47.33000183105469,47.33000183105469,0.2607731786044667,2.136386869242401,0.9900016784667968,0.9900016784667969
2017-02-06,47.38999938964844,47.79499816894531,46.630001068115234,47.0,47.0,-0.4113896689870666,-0.6972360411745537,-0.3300018310546875,-0.3300018310546875
2017-02-07,47.0,47.75,43.02999877929688,43.540000915527344,43.540000915527344,2.637751293271733,-7.361700179729058,-3.459999084472656,-3.4599990844726562
2017-02-08,43.20000076293945,43.63999938964844,41.29999923706055,43.0,43.0,0.8143821640110609,-1.2402409374657752,-0.5400009155273438,-0.5400009155273438
2017-02-09,43.060001373291016,44.64400100708008,42.88999938964844,43.9900016784668,43.9900016784668,0.7717349601934017,2.302329484806509,0.9900016784667968,0.9900016784667969
2017-02-10,44.0,44.02999877929688,42.959999084472656,43.61000061035156,43.61000061035156,-0.3185850619373178,-0.8638350843738318,-0.3800010681152344,-0.3800010681152344
2017-02-13,43.720001220703125,44.720001220703125,43.25,43.4900016784668,43.4900016784668,0.1186158325456029,-0.2751637931788564,-0.1199989318847656,-0.11999893188476562
2017-02-14,43.4900016784668,44.2400016784668,43.40499877929688,44.18000030517578,44.18000030517578,-0.3387016675116853,1.5865684067117858,0.6899986267089844,0.6899986267089844
2017-02-15,44.16999816894531,44.290000915527344,43.45000076293945,43.93999862670898,43.93999862670898,-0.453232208581751,-0.543236027181937,-0.2400016784668039,-0.24000167846680398
2017-02-16,43.95000076293945,44.369998931884766,43.0099983215332,43.47999954223633,43.47999954223633,-0.5468414798544745,-1.0468800611045936,-0.4599990844726491,-0.45999908447264914
2017-02-17,43.34999847412109,43.34999847412109,42.59999847412109,42.83000183105469,42.83000183105469,-0.1069583712949714,-1.494934954059135,-0.6499977111816406,-0.6499977111816406
2017-02-21,42.95000076293945,43.58000183105469,42.39699935913086,43.290000915527344,43.290000915527344,-0.1791099299550363,1.07401135840981,0.4599990844726562,0.45999908447265625
2017-02-22,43.02000045776367,43.310001373291016,42.19499969482422,42.34999847412109,42.34999847412109,-0.4824683420164985,-2.171407765133804,-0.9400024414062572,-0.9400024414062571
2017-02-23,42.5,42.5,40.2400016784668,41.43999862670898,41.43999862670898,0.173869442523199,-2.148760047696774,-0.9099998474121094,-0.9099998474121094
2017-02-24,41.130001068115234,42.68000030517578,41.130001068115234,42.18999862670898,42.18999862670898,1.2824285203746784,1.8098456198225144,0.75,0.75
2017-02-27,42.16999816894531,44.0099983215332,42.16999816894531,43.959999084472656,43.959999084472656,-0.2681594372975698,4.195308166336731,1.770000457763679,1.770000457763679
2017-02-28,44.22999954223633,44.23799896240234,43.52000045776367,43.70000076293945,43.70000076293945,0.7816591522767563,-0.5914429639400032,-0.2599983215332031,-0.2599983215332031
2017-03-01,44.15999984741211,44.66999816894531,43.540000915527344,44.52000045776367,44.52000045776367,0.4785689616229524,1.876429474847141,0.8199996948242188,0.8199996948242188
2017-03-02,44.400001525878906,44.400001525878906,42.88999938964844,43.01499938964844,43.01499938964844,-0.3266317041670648,-3.3805055090757152,-1.5050010681152344,-1.5050010681152344
2017-03-03,43.130001068115234,43.619998931884766,42.7599983215332,43.540000915527344,43.540000915527344,-0.8912377672876465,1.2205080398193455,0.5250015258789062,0.5250015258789062
2017-03-06,43.709999084472656,44.02799987792969,43.0,43.86000061035156,43.86000061035156,-0.6315994446744764,0.7349556456028861,0.3199996948242187,0.31999969482421875
2017-03-07,44.119998931884766,44.119998931884766,43.2599983215332,43.61000061035156,43.61000061035156,-0.4934654197304861,-0.5699954321044753,-0.25,-0.25
2017-03-08,43.77999877929688,43.869998931884766,41.83000183105469,41.93000030517578,41.93000030517578,-0.1520195677815547,-3.852328093701074,-1.6800003051757812,-1.6800003051757812
2017-03-09,41.84999847412109,42.290000915527344,41.12300109863281,41.630001068115234,41.630001068115234,-0.1080312569256044,-0.7154763531530772,-0.2999992370605469,-0.2999992370605469
2017-03-10,41.7400016784668,42.34000015258789,41.58000183105469,41.68999862670898,41.68999862670898,-0.6120192819154253,0.144120963378258,0.0599975585937428,0.059997558593742895
2017-03-13,41.59000015258789,43.7400016784668,41.59000015258789,43.63999938964844,43.63999938964844,-0.2150515985812396,4.6773826509319605,1.95000076293946,1.9500007629394602
2017-03-14,44.27000045776367,44.84999847412109,43.7599983215332,44.630001068115234,44.630001068115234,-0.2920311425791526,2.268564831148079,0.9900016784667968,0.9900016784667969
2017-03-15,44.75,46.130001068115234,44.73699951171875,45.880001068115234,45.880001068115234,0.6944871947878304,2.8008065652793235,1.25,1.25
2017-03-16,46.33000183105469,46.67900085449219,45.15999984741211,45.56999969482422,45.56999969482422,-0.2547483669146582,-0.6756786531691095,-0.3100013732910156,-0.3100013732910156
2017-03-17,45.33000183105469,46.52999877929688,45.06999969482422,46.18999862670898,46.18999862670898,1.3846208766924657,1.3605418828984028,0.6199989318847585,0.6199989318847585
2017-03-20,45.91999816894531,46.619998931884766,45.11000061035156,45.93999862670898,45.93999862670898,0.0864292636266149,-0.5412427093155148,-0.25,-0.25
2017-03-21,46.59999847412109,46.59999847412109,43.380001068115234,43.630001068115234,43.630001068115234,0.5853210818709293,-5.028292615687491,-2.309997558593743,-2.309997558593743
2017-03-22,46.02999877929688,47.34000015258789,43.470001220703125,43.83000183105469,43.83000183105469,1.1391982886851817,0.458401920795759,0.2000007629394531,0.20000076293945312
2017-03-23,43.310001373291016,43.310001373291016,41.09999847412109,42.54999923706055,42.54999923706055,1.1791632784262585,-2.92037996924569,-1.2800025939941406,-1.2800025939941406
2017-03-24,41.95000076293945,43.31999969482422,40.0099983215332,40.400001525878906,40.400001525878906,1.8059967081235504,-5.052873677396019,-2.1499977111816406,-2.1499977111816406
2017-03-27,39.0,41.34999847412109,37.619998931884766,41.27999877929688,41.27999877929688,1.8231628782136773,2.178210941042358,0.8799972534179759,0.8799972534179759
2017-03-28,41.15999984741211,41.45000076293945,38.790000915527344,39.52999877929688,39.52999877929688,1.1885510276942968,-4.239341210634128,-1.75,-1.75
2017-03-29,39.41999816894531,40.45000076293945,39.150001525878906,40.02999877929688,40.02999877929688,0.1258578105523752,1.2648621690872996,0.5,0.5
2017-03-30,39.97999954223633,41.02000045776367,39.93000030517578,40.84000015258789,40.84000015258789,-0.3754480003608633,2.023485880568976,0.8100013732910085,0.8100013732910085
2017-03-31,41.060001373291016,42.900001525878906,41.060001373291016,42.45000076293945,42.45000076293945,0.9313266977500508,3.942214995926108,1.6100006103515625,1.6100006103515625
2017-04-03,42.369998931884766,42.72999954223633,41.5,41.72999954223633,41.72999954223633,0.0083768339980689,-1.6961159193469633,-0.720001220703125,-0.720001220703125
2017-04-04,41.88999938964844,43.290000915527344,41.88999938964844,42.290000915527344,42.290000915527344,-0.4953429695840937,1.3419635260820462,0.5600013732910156,0.5600013732910156
2017-04-05,42.41999816894531,43.13899993896485,42.02999877929688,42.4900016784668,42.4900016784668,0.5990003736614993,0.4729268352085203,0.2000007629394531,0.20000076293945312
2017-04-06,42.560001373291016,42.97999954223633,42.220001220703125,42.66999816894531,42.66999816894531,-0.4223867467010542,0.4236208128222563,0.1799964904785156,0.17999649047851562
2017-04-07,42.4900016784668,43.459999084472656,42.4900016784668,43.150001525878906,43.150001525878906,-0.170795066317631,1.1249200317119623,0.4800033569335937,0.48000335693359375
2017-04-10,43.02999877929688,43.90999984741211,43.0099983215332,43.5,43.5,0.4866156038526994,0.8111204211920686,0.3499984741210937,0.34999847412109375
2017-04-11,43.290000915527344,44.09999847412109,43.11000061035156,44.06999969482422,44.06999969482422,-0.5798327129964372,1.310344126032681,0.5699996948242188,0.5699996948242188
2017-04-12,44.08000183105469,44.34299850463867,43.27000045776367,43.40999984741211,43.40999984741211,-0.3078562056309884,-1.4976170909518305,-0.6599998474121094,-0.6599998474121094
2017-04-13,43.150001525878906,43.68999862670898,42.60900115966797,43.09000015258789,43.09000015258789,-0.7560541778278967,-0.737156636602232,-0.3199996948242187,-0.31999969482421875
2017-04-17,43.18000030517578,43.79999923706055,42.90700149536133,43.709999084472656,43.709999084472656,-0.6796110766453002,1.4388464369674114,0.6199989318847656,0.6199989318847656
2017-04-18,43.47999954223633,43.93999862670898,42.31999969482422,43.0099983215332,43.0099983215332,0.2985923970842776,-1.6014659748371352,-0.7000007629394531,-0.7000007629394531
2017-04-19,43.09999847412109,43.959999084472656,42.970001220703125,43.27000045776367,43.27000045776367,-0.0554598610245906,0.6045155693491289,0.2600021362304687,0.26000213623046875
2017-04-20,43.81999969482422,45.6349983215332,43.0099983215332,45.540000915527344,45.540000915527344,0.0097179410363601,5.246129960131252,2.270000457763672,2.270000457763672
2017-04-21,45.34000015258789,45.34000015258789,44.40999984741211,44.77999877929688,44.77999877929688,-0.2842527217570639,-1.6688671957653225,-0.7600021362304616,-0.7600021362304616
2017-04-24,45.56999969482422,45.56999969482422,44.09000015258789,44.369998931884766,44.369998931884766,-0.0686027099998441,-0.9155869999748044,-0.4099998474121165,-0.4099998474121165
2017-04-25,44.65999984741211,44.84000015258789,44.2599983215332,44.380001068115234,44.380001068115234,-0.2931040282097856,0.022542565858119,0.0100021362304687,0.01000213623046875
2017-04-26,44.36000061035156,45.13999938964844,44.25,44.29999923706055,44.29999923706055,-0.1329758478378201,-0.1802655005165521,-0.0800018310546875,-0.0800018310546875
2017-04-27,44.47999954223633,45.09999847412109,44.16999816894531,44.400001525878906,44.400001525878906,-0.2241711264416195,0.2257388048320763,0.1000022888183593,0.10000228881835938
2017-04-28,44.34999847412109,45.68000030517578,44.27999877929688,45.52000045776367,45.52000045776367,0.3487498003163674,2.5225200301670414,1.1199989318847656,1.1199989318847656
2017-05-01,45.58000183105469,46.34999847412109,44.970001220703125,46.09999847412109,46.09999847412109,-0.187961236407758,1.2741608315570474,0.5799980163574148,0.5799980163574148
2017-05-02,46.130001068115234,46.775001525878906,45.79999923706055,46.34999847412109,46.34999847412109,-0.5669580854288421,0.5422993671905241,0.25,0.25
2017-05-03,46.25,46.25,44.83000183105469,44.91999816894531,44.91999816894531,-0.5672263068365003,-3.085221903457447,-1.430000305175774,-1.4300003051757741
2017-05-04,45.02000045776367,46.43999862670898,44.150001525878906,46.11000061035156,46.11000061035156,0.0840152709576908,2.64915959464338,1.19000244140625,1.19000244140625
2017-05-05,46.43999862670898,46.43999862670898,45.47499847412109,46.18000030517578,46.18000030517578,-0.5326257452485882,0.1518102231568896,0.0699996948242187,0.06999969482421875
2017-05-08,46.18999862670898,46.34000015258789,44.59000015258789,44.650001525878906,44.650001525878906,-0.3987832628271296,-3.3131198986271926,-1.529998779296875,-1.529998779296875
2017-05-09,44.54999923706055,44.9900016784668,43.88999938964844,44.90999984741211,44.90999984741211,-0.2196113625114296,0.5823030518431471,0.2599983215332031,0.2599983215332031
2017-05-10,44.880001068115234,46.84999847412109,44.59400177001953,46.220001220703125,46.220001220703125,-0.4309698317461176,2.916948068897618,1.3100013732910156,1.3100013732910156
2017-05-11,46.09000015258789,46.470001220703125,45.55500030517578,46.08000183105469,46.08000183105469,-0.7179667379404275,-0.3028978493097245,-0.1399993896484375,-0.1399993896484375
2017-05-12,46.0099983215332,46.209999084472656,45.54999923706055,45.68000030517578,45.68000030517578,-0.9059899447088492,-0.8680588324311511,-0.4000015258789062,-0.40000152587890625
2017-05-15,45.83000183105469,46.15999984741211,45.34999847412109,45.630001068115234,45.630001068115234,-0.4953429695840937,-0.1094554219056798,-0.0499992370605468,-0.049999237060546875
2017-05-16,45.63999938964844,45.90499877929688,44.93999862670898,45.630001068115234,45.630001068115234,-0.3126841909688366,0.0,0.0,0.0
2017-05-17,44.900001525878906,45.25,44.290000915527344,44.29999923706055,44.29999923706055,-0.4033430267573196,-2.914753013196947,-1.3300018310546875,-1.3300018310546875
2017-05-18,44.11000061035156,45.09999847412109,43.5099983215332,44.58000183105469,44.58000183105469,-0.7799258831094795,0.6320600424748912,0.2800025939941406,0.2800025939941406
2017-05-19,44.63999938964844,45.39799880981445,44.43000030517578,44.72999954223633,44.72999954223633,-0.568030971059475,0.3364686070451261,0.1499977111816406,0.14999771118164062
2017-05-22,44.84000015258789,44.87300109863281,44.290000915527344,44.68000030517578,44.68000030517578,-0.7560541778278967,-0.1117800974116622,-0.0499992370605468,-0.049999237060546875
2017-05-23,44.81999969482422,45.380001068115234,44.20000076293945,45.13999938964844,45.13999938964844,-0.849395227692962,1.0295413637662063,0.4599990844726562,0.45999908447265625
2017-05-24,45.119998931884766,45.70000076293945,44.97999954223633,44.9900016784668,44.9900016784668,-0.8223048655194805,-0.3322944466322641,-0.1499977111816406,-0.14999771118164062
2017-05-25,45.22999954223633,46.209999084472656,45.150001525878906,46.09999847412109,46.09999847412109,-0.6763924197534014,2.467207722256126,1.1099967956542898,1.1099967956542898
2017-05-26,46.11000061035156,46.5,44.04999923706055,45.27999877929688,45.27999877929688,-0.6546664857330845,-1.7787412623983534,-0.8199996948242045,-0.8199996948242045
2017-05-30,44.86000061035156,45.70000076293945,44.86000061035156,45.22999954223633,45.22999954223633,-0.961779997501762,-0.1104223463084919,-0.0499992370605539,-0.04999923706055398
2017-05-31,45.43000030517578,46.400001525878906,44.77000045776367,45.79999923706055,45.79999923706055,-0.392345949043332,1.260224852073999,0.5699996948242188,0.5699996948242188
2017-06-01,45.33000183105469,47.97999954223633,45.33000183105469,47.45000076293945,47.45000076293945,0.2055195686268706,3.602623478962319,1.6500015258789062,1.6500015258789062
2017-06-02,47.56999969482422,49.0,47.290000915527344,48.060001373291016,48.060001373291016,0.2229539601246558,1.2855650169514954,0.6100006103515625,0.6100006103515625
2017-06-05,48.20000076293945,48.97100067138672,46.86000061035156,48.40999984741211,48.40999984741211,0.2291230525007951,0.728253150478686,0.3499984741210937,0.34999847412109375
2017-06-06,48.90999984741211,49.68999862670898,47.61000061035156,48.4900016784668,48.4900016784668,1.1332974177167006,0.1652588954903056,0.0800018310546875,0.0800018310546875
2017-06-07,48.79999923706055,52.83000183105469,48.5,52.68000030517578,52.68000030517578,4.549633487059622,8.640953767113713,4.189998626708984,4.189998626708984
2017-06-08,53.0,54.95000076293945,52.43199920654297,54.470001220703125,54.470001220703125,1.992678807853681,3.3978756741796623,1.7900009155273438,1.7900009155273438
2017-06-09,54.5,54.720001220703125,50.09999847412109,52.0,52.0,1.6281659148461416,-4.534608344683344,-2.470001220703125,-2.470001220703125
2017-06-12,51.15999984741211,51.7599983215332,50.2599983215332,50.709999084472656,50.709999084472656,-0.0597514035471223,-2.48077099139874,-1.2900009155273438,-1.2900009155273438
2017-06-13,51.060001373291016,52.630001068115234,50.68000030517578,51.97999954223633,51.97999954223633,0.5273852578167509,2.5044379426000463,1.270000457763672,1.2700004577636719
2017-06-14,51.70000076293945,52.11000061035156,50.95000076293945,51.56999969482422,51.56999969482422,0.6287729499115632,-0.788764622975735,-0.4099998474121094,-0.4099998474121094
2017-06-15,50.7400016784668,50.9900016784668,49.59000015258789,50.9900016784668,50.9900016784668,-0.2332906543019995,-1.1246810544690231,-0.5799980163574219,-0.5799980163574219
2017-06-16,50.70000076293945,51.79999923706055,50.31999969482422,51.18999862670898,51.18999862670898,-0.2029816352366191,0.3922277734041302,0.1999969482421804,0.1999969482421804
2017-06-19,51.630001068115234,52.25,51.20000076293945,51.400001525878906,51.400001525878906,-0.4543050942123839,0.4102420488449887,0.2100028991699289,0.21000289916992898
2017-06-20,51.630001068115234,51.970001220703125,51.26300048828125,51.68000030517578,51.68000030517578,-0.4068299050568766,0.544744690631771,0.279998779296875,0.279998779296875
2017-06-21,51.880001068115234,52.24700164794922,51.29999923706055,51.43999862670898,51.43999862670898,-0.1133956850787691,-0.4643995298946768,-0.2400016784668039,-0.24000167846680398
2017-06-22,51.59999847412109,52.060001373291016,50.84999847412109,51.04999923706055,51.04999923706055,-0.5653487569828927,-0.7581636859646634,-0.3899993896484304,-0.3899993896484304
2017-06-23,50.90999984741211,52.025001525878906,50.75199890136719,51.75,51.75,1.603221323933926,1.37120621626039,0.7000007629394531,0.7000007629394531
2017-06-26,52.06999969482422,52.61000061035156,50.59999847412109,51.119998931884766,51.119998931884766,-0.604777303908653,-1.2173933683386151,-0.6300010681152344,-0.6300010681152344
2017-06-27,51.0099983215332,51.869998931884766,50.38999938964844,50.43000030517578,50.43000030517578,-0.6476927291339704,-1.3497626000117502,-0.6899986267089844,-0.6899986267089844
2017-06-28,50.63999938964844,51.380001068115234,49.25,51.16999816894531,51.16999816894531,-0.2421419607547212,1.4673762825529568,0.7399978637695312,0.7399978637695312
2017-06-29,51.31999969482422,51.560001373291016,48.31999969482422,49.560001373291016,49.560001373291016,0.3605515422533296,-3.14636867943332,-1.6099967956542969,-1.6099967956542969
2017-06-30,49.61000061035156,49.959999084472656,48.375,49.83000183105469,49.83000183105469,-0.5044624974444737,0.5447950974214022,0.2700004577636719,0.2700004577636719
2017-07-03,50.209999084472656,50.608001708984375,49.150001525878906,49.27999877929688,49.27999877929688,-0.5699085209130826,-1.1037588431615064,-0.5500030517578054,-0.5500030517578054
2017-07-05,49.75,50.560001373291016,49.32899856567383,50.2400016784668,50.2400016784668,-0.5656169783905509,1.9480578793626524,0.9600028991699148,0.9600028991699148
2017-07-06,49.84999847412109,50.15999984741211,48.2400016784668,48.29999923706055,48.29999923706055,-0.2727192012277598,-3.861469698632092,-1.94000244140625,-1.94000244140625
2017-07-07,48.41999816894531,50.33000183105469,48.41999816894531,50.18999862670898,50.18999862670898,-0.0066435648307921,3.913042276402834,1.8899993896484304,1.8899993896484304
2017-07-10,50.0,50.584999084472656,48.34999847412109,48.45500183105469,48.45500183105469,-0.126002091238706,-3.456857627270382,-1.7349967956542898,-1.7349967956542898
2017-07-11,48.459999084472656,49.790000915527344,48.41999816894531,49.7599983215332,49.7599983215332,-0.387786185113142,2.693213169258724,1.3049964904785156,1.3049964904785156
2017-07-12,49.97999954223633,51.43999862670898,49.97999954223633,51.34999847412109,51.34999847412109,1.1206910115567636,3.1953380350091765,1.5900001525878835,1.5900001525878835
2017-07-13,51.34999847412109,51.78900146484375,50.80099868774414,51.38999938964844,51.38999938964844,0.354114228469532,0.0778985719882996,0.0400009155273508,0.040000915527350855
2017-07-14,51.400001525878906,51.84999847412109,50.900001525878906,50.959999084472656,50.959999084472656,-0.6777335267916925,-0.8367392688905073,-0.4300003051757812,-0.43000030517578125
2017-07-17,51.04999923706055,51.33000183105469,49.900001525878906,51.08000183105469,51.08000183105469,-0.3030282202931402,0.2354842008201574,0.1200027465820312,0.12000274658203125
2017-07-18,50.810001373291016,50.90999984741211,48.77999877929688,49.09000015258789,49.09000015258789,0.3527731214312408,-3.895852793914645,-1.9900016784667969,-1.9900016784667969
2017-07-19,49.08000183105469,49.2509994506836,47.63100051879883,48.29999923706055,48.29999923706055,0.6065105730759298,-1.609290920903972,-0.7900009155273438,-0.7900009155273438
2017-07-20,48.29999923706055,48.66400146484375,46.7400016784668,47.63999938964844,47.63999938964844,0.8395949763309348,-1.3664593329966168,-0.6599998474121094,-0.6599998474121094
2017-07-21,48.130001068115234,48.137001037597656,47.060001373291016,47.380001068115234,47.380001068115234,-0.469325493041245,-0.5457563494211448,-0.2599983215332031,-0.2599983215332031
2017-07-24,47.38999938964844,48.7400016784668,47.02999877929688,48.709999084472656,48.709999084472656,-0.4183634255861806,2.807087349882842,1.329998016357422,1.3299980163574219
2017-07-25,48.869998931884766,49.97999954223633,48.18000030517578,49.34999847412109,49.34999847412109,-0.5548881220842216,1.3138973551170663,0.6399993896484304,0.6399993896484304
2017-07-26,49.290000915527344,49.290000915527344,47.77999877929688,48.81999969482422,48.81999969482422,-0.739156229145428,-1.0739590591371528,-0.5299987792968679,-0.5299987792968679
2017-07-27,48.900001525878906,49.34000015258789,46.95000076293945,47.88999938964844,47.88999938964844,-0.4859552203160555,-1.904957621854264,-0.9300003051757812,-0.9300003051757812
2017-07-28,47.34000015258789,47.84999847412109,46.619998931884766,47.2599983215332,47.2599983215332,-0.326899925574723,-1.3155169683535473,-0.6300010681152344,-0.6300010681152344
2017-07-31,47.25,47.35900115966797,45.70000076293945,45.869998931884766,45.869998931884766,-0.1630166454955423,-2.941175283569797,-1.3899993896484375,-1.3899993896484375
2017-08-01,46.130001068115234,47.369998931884766,45.7400016784668,47.209999084472656,47.209999084472656,-0.42453251796232,2.9212997248544648,1.3400001525878906,1.3400001525878906
2017-08-02,47.27000045776367,47.470001220703125,46.02000045776367,46.08000183105469,46.08000183105469,-0.6077277393928936,-2.393554914915519,-1.1299972534179688,-1.1299972534179688
2017-08-03,46.16999816894531,47.290000915527344,45.95000076293945,46.5099983215332,46.5099983215332,-0.7587363919044791,0.9331520689930262,0.4299964904785156,0.4299964904785156
2017-08-04,46.72999954223633,47.26100158691406,46.619998931884766,46.77000045776367,46.77000045776367,-0.9105497086390392,0.5590241789152905,0.2600021362304687,0.26000213623046875
2017-08-07,46.84000015258789,48.27999877929688,46.459999084472656,48.16999816894531,48.16999816894531,-0.627844344967261,2.993366896470162,1.3999977111816406,1.3999977111816406
2017-08-08,48.22999954223633,48.36000061035156,47.290000915527344,47.52000045776367,47.52000045776367,-0.8743398186051777,-1.3493828853842205,-0.6499977111816406,-0.6499977111816406
2017-08-09,47.29999923706055,48.0099983215332,46.869998931884766,47.47999954223633,47.47999954223633,-0.7732203479180237,-0.0841770099789807,-0.0400009155273437,-0.04000091552734375
2017-08-10,47.2599983215332,47.2599983215332,45.75,46.13999938964844,46.13999938964844,-0.5286024241337147,-2.822241292137928,-1.3400001525878906,-1.3400001525878906
2017-08-11,46.36000061035156,46.95000076293945,44.90999984741211,44.93000030517578,44.93000030517578,0.1470473017573757,-2.6224514531400733,-1.2099990844726562,-1.2099990844726562
2017-08-14,45.43000030517578,46.86000061035156,44.84999847412109,46.790000915527344,46.790000915527344,-0.290153592725545,4.13977431052297,1.8600006103515625,1.8600006103515625
2017-08-15,46.84000015258789,47.060001373291016,46.15999984741211,46.650001525878906,46.650001525878906,-0.9684855326932178,-0.2992079224387822,-0.1399993896484375,-0.1399993896484375
2017-08-16,46.900001525878906,47.29999923706055,45.290000915527344,45.459999084472656,45.459999084472656,-0.0106668859456656,-2.550916189672792,-1.19000244140625,-1.19000244140625
2017-08-17,45.25,45.7400016784668,44.02000045776367,44.08000183105469,44.08000183105469,-0.2448241748313035,-3.0356297430928048,-1.3799972534179688,-1.3799972534179688
2017-08-18,43.72999954223633,43.72999954223633,41.310001373291016,42.08000183105469,42.08000183105469,2.0954076069867846,-4.537204893197133,-2.0,-2.0
2017-08-21,42.220001220703125,43.58000183105469,41.62099838256836,43.06999969482422,43.06999969482422,0.3750354982668742,2.3526564179921605,0.9899978637695312,0.9899978637695312
2017-08-22,43.0099983215332,43.84999847412109,42.36000061035156,43.150001525878906,43.150001525878906,-0.372765786284281,0.1857483901127166,0.0800018310546875,0.0800018310546875
2017-08-23,42.77000045776367,42.970001220703125,42.22999954223633,42.4900016784668,42.4900016784668,-0.5020485047755495,-1.529547680354726,-0.6599998474121094,-0.6599998474121094
2017-08-24,42.5099983215332,42.68000030517578,41.29999923706055,41.54999923706055,41.54999923706055,-0.2155880413965561,-2.2122909020326653,-0.94000244140625,-0.94000244140625
2017-08-25,41.68000030517578,41.959999084472656,40.75,40.880001068115234,40.880001068115234,-0.2976637921399755,-1.6125106648563037,-0.6699981689453125,-0.6699981689453125
2017-08-28,41.040000915527344,41.775001525878906,40.380001068115234,40.59999847412109,40.59999847412109,1.3575305145189838,-0.6849378343400714,-0.2800025939941477,-0.28000259399414773
2017-08-29,40.25,42.150001525878906,40.209999084472656,41.52999877929688,41.52999877929688,2.9129464575290807,2.2906412318428826,0.9300003051757956,0.9300003051757955
2017-08-30,41.43000030517578,41.970001220703125,41.24800109863281,41.61000061035156,41.61000061035156,0.7526912402496672,0.1926362470652476,0.0800018310546804,0.0800018310546804
2017-08-31,41.619998931884766,43.21500015258789,41.619998931884766,42.77000045776367,42.77000045776367,0.2548723076359856,2.7877909886969032,1.1599998474121094,1.1599998474121094
2017-09-01,42.97999954223633,42.97999954223633,41.900001525878906,42.130001068115234,42.130001068115234,-0.0677980457768693,-1.4963745213901758,-0.6399993896484375,-0.6399993896484375
2017-09-05,41.75,42.40999984741211,41.27999877929688,41.95000076293945,41.95000076293945,0.2677469352035808,-0.4272497047525747,-0.1800003051757812,-0.18000030517578125
2017-09-06,45.5,47.959999084472656,44.560001373291016,45.220001220703125,45.220001220703125,4.452269116079683,7.794994989970383,3.270000457763672,3.270000457763672
2017-09-07,45.18999862670898,45.5099983215332,43.43000030517578,43.95000076293945,43.95000076293945,0.6934143091571975,-2.80849275426871,-1.270000457763672,-1.2700004577636719
2017-09-08,43.91999816894531,44.84999847412109,43.09999847412109,44.63999938964844,44.63999938964844,0.4659625554630154,1.5699627183870746,0.6899986267089844,0.6899986267089844
2017-09-11,45.43000030517578,45.58000183105469,44.52000045776367,45.15999984741211,45.15999984741211,0.0899161419261719,1.1648755933546306,0.5200004577636719,0.5200004577636719
2017-09-12,45.220001220703125,46.08000183105469,45.20000076293945,45.43000030517578,45.43000030517578,-0.2898853713178868,0.5978752406464949,0.2700004577636719,0.2700004577636719
2017-09-13,45.40999984741211,45.81999969482422,45.060001373291016,45.77000045776367,45.77000045776367,-0.1383402759909848,0.7484044690819758,0.3400001525878906,0.3400001525878906
2017-09-14,45.34999847412109,46.59999847412109,45.0,45.81999969482422,45.81999969482422,0.0464642738855381,0.1092401934902342,0.0499992370605468,0.049999237060546875
2017-09-15,45.91999816894531,46.02999877929688,44.77999877929688,45.119998931884766,45.119998931884766,2.617098244882049,-1.5277188293358337,-0.7000007629394531,-0.7000007629394531
2017-09-18,45.119998931884766,45.880001068115234,44.650001525878906,45.77000045776367,45.77000045776367,-0.3604276015320022,1.4406062528063757,0.6500015258789062,0.6500015258789062
2017-09-19,45.77999877929688,47.58000183105469,45.46099853515625,47.380001068115234,47.380001068115234,1.271431442660691,3.5175892380365337,1.6100006103515625,1.6100006103515625
2017-09-20,47.34000015258789,48.95000076293945,46.5099983215332,48.65999984741211,48.65999984741211,1.0072333561173308,2.701559203126025,1.279998779296875,1.279998779296875
2017-09-21,48.619998931884766,49.479000091552734,47.95000076293945,47.95000076293945,47.95000076293945,-0.0310517129276913,-1.4591021099446544,-0.7099990844726562,-0.7099990844726562
2017-09-22,48.02000045776367,48.790000915527344,47.2599983215332,47.34999847412109,47.34999847412109,0.4501374924111797,-1.2513081945185411,-0.6000022888183665,-0.6000022888183665
2017-09-25,47.34000015258789,47.560001373291016,45.209999084472656,47.13999938964844,47.13999938964844,0.2395836873994662,-0.4435038885744036,-0.2099990844726491,-0.20999908447264914
2017-09-26,47.36000061035156,48.18999862670898,46.81999969482422,47.86000061035156,47.86000061035156,-0.3711564578383315,1.5273679041693633,0.720001220703125,0.720001220703125
2017-09-27,48.36000061035156,50.27000045776367,48.09999847412109,50.16999816894531,50.16999816894531,0.3983707607331406,4.826572355066205,2.30999755859375,2.30999755859375
2017-09-28,50.150001525878906,50.380001068115234,48.90999984741211,49.77999877929688,49.77999877929688,-0.1624802026802258,-0.7773557980511048,-0.3899993896484304,-0.3899993896484304
2017-09-29,49.97999954223633,50.63999938964844,49.13999938964844,50.58000183105469,50.58000183105469,-0.1691857378716816,1.6070772827951885,0.8000030517578054,0.8000030517578054
2017-10-02,50.79999923706055,51.68999862670898,50.61000061035156,51.45000076293945,51.45000076293945,-0.2850573859800386,1.7200452755828266,0.8699989318847656,0.8699989318847656
2017-10-03,51.58000183105469,52.0,51.060001373291016,51.93999862670898,51.93999862670898,0.1363184454510463,0.952376786206921,0.4899978637695241,0.48999786376952414
2017-10-04,52.0,52.869998931884766,51.68999862670898,52.130001068115234,52.130001068115234,0.0338578677256011,0.3658114101461551,0.1900024414062571,0.1900024414062571
2017-10-05,52.0,52.34099960327149,51.52999877929688,51.869998931884766,51.869998931884766,0.1250531463294005,-0.4987572048785083,-0.2600021362304687,-0.26000213623046875
2017-10-06,51.84000015258789,52.060001373291016,51.555999755859375,51.90999984741211,51.90999984741211,-0.5058036044827648,0.0771176332196921,0.0400009155273437,0.04000091552734375
2017-10-09,51.84999847412109,52.130001068115234,51.15999984741211,51.34999847412109,51.34999847412109,-0.845908349393405,-1.0787928625257792,-0.5600013732910227,-0.5600013732910227
2017-10-10,51.619998931884766,51.880001068115234,51.290000915527344,51.34000015258789,51.34000015258789,-0.539331280440044,-0.0194709285887051,-0.009998321533196,-0.00999832153319602
2017-10-11,51.43000030517578,51.68000030517578,51.1349983215332,51.31999969482422,51.31999969482422,-0.6197977027375141,-0.0389568712587218,-0.0200004577636718,-0.020000457763671875
2017-10-12,51.33000183105469,51.93000030517578,51.119998931884766,51.38999938964844,51.38999938964844,-0.7960191675689735,0.1363984708504961,0.0699996948242187,0.06999969482421875
2017-10-13,51.15999984741211,51.400001525878906,50.470001220703125,50.66999816894531,50.66999816894531,-0.6399143083118816,-1.4010531801021076,-0.720001220703125,-0.720001220703125
2017-10-16,50.5,50.63999938964844,49.7400016784668,50.15999984741211,50.15999984741211,-0.7952145033459989,-1.0065094532523022,-0.5099983215332031,-0.5099983215332031
2017-10-17,50.0,50.77999877929688,49.43000030517578,49.83000183105469,49.83000183105469,-0.6761241983457431,-0.6578907842130888,-0.3299980163574219,-0.3299980163574219
2017-10-18,50.02999877929688,50.46500015258789,49.59999847412109,50.130001068115234,50.130001068115234,-0.6576169212173251,0.6020454064554759,0.2999992370605469,0.2999992370605469
2017-10-19,49.75,50.15999984741211,49.380001068115234,49.93999862670898,49.93999862670898,-0.3089290912616214,-0.3790194242128342,-0.1900024414062571,-0.1900024414062571
2017-10-20,50.400001525878906,50.494998931884766,49.4900016784668,49.79999923706055,49.79999923706055,-0.1571157745270611,-0.2803351892235683,-0.1399993896484304,-0.1399993896484304
2017-10-23,49.83000183105469,51.310001373291016,49.77999877929688,51.09000015258789,51.09000015258789,-0.4604741865885233,2.590363323875988,1.2900009155273438,1.2900009155273438
2017-10-24,51.209999084472656,51.540000915527344,49.130001068115234,49.20000076293945,49.20000076293945,-0.4803225707552326,-3.699352875325257,-1.8899993896484373,-1.8899993896484375
2017-10-25,49.09999847412109,49.2400016784668,46.720001220703125,48.59999847412109,48.59999847412109,-0.5511330223770063,-1.2195168282808757,-0.6000022888183665,-0.6000022888183665
2017-10-26,48.72999954223633,49.34000015258789,48.25,49.18000030517578,49.18000030517578,-0.5345032951021959,1.1934194429317424,0.5800018310546946,0.5800018310546946
2017-10-27,49.33000183105469,50.130001068115234,49.060001373291016,49.77999877929688,49.77999877929688,-0.5803691558117537,1.220005023175963,0.5999984741211009,0.5999984741211009
2017-10-30,49.369998931884766,49.51499938964844,48.369998931884766,49.02999877929688,49.02999877929688,-0.7439842144832762,-1.506629205286203,-0.75,-0.75
2017-10-31,49.0099983215332,50.83000183105469,48.81999969482422,50.220001220703125,50.220001220703125,-0.6664682276700468,2.4270904977234498,1.190002441406243,1.190002441406243
2017-11-01,50.58000183105469,50.959999084472656,49.2599983215332,50.45000076293945,50.45000076293945,-0.5492554725233987,0.4579839439380784,0.2299995422363281,0.22999954223632812
2017-11-02,50.45000076293945,51.18000030517578,50.09000015258789,50.52000045776367,50.52000045776367,-0.5495236939310569,0.1387506318446751,0.0699996948242187,0.06999969482421875
2017-11-03,50.52999877929688,51.16999816894531,50.09000015258789,50.810001373291016,50.810001373291016,-0.5420134945166264,0.5740318941006128,0.2900009155273437,0.29000091552734375
2017-11-06,51.0,55.310001373291016,50.999000549316406,53.959999084472656,53.959999084472656,3.4923046980708654,6.199562342144471,3.1499977111816406,3.1499977111816406
2017-11-07,54.52000045776367,54.93999862670898,48.880001068115234,49.310001373291016,49.310001373291016,2.2689468577416614,-8.617490344842704,-4.649997711181641,-4.649997711181641
2017-11-08,48.310001373291016,50.22999954223633,45.959999084472656,50.04999923706055,50.04999923706055,-0.101862164549465,1.5007054211325863,0.7399978637695312,0.7399978637695312
2017-11-09,49.7599983215332,50.77999877929688,49.19100189208984,50.77000045776367,50.77000045776367,-0.4427715736830799,1.4385638994575345,0.720001220703125,0.720001220703125
2017-11-10,50.220001220703125,50.630001068115234,48.85100173950195,49.7400016784668,49.7400016784668,-0.5801009344040955,-2.028754717372405,-1.029998779296875,-1.029998779296875
2017-11-13,49.34999847412109,50.5099983215332,48.040000915527344,50.04999923706055,50.04999923706055,-0.8070162452829611,0.6232359230658346,0.30999755859375,0.30999755859375
2017-11-14,49.59999847412109,50.130001068115234,48.56100082397461,49.77000045776367,49.77000045776367,-0.3770573288068127,-0.5594381290010997,-0.279998779296875,-0.279998779296875
2017-11-15,49.650001525878906,51.08000183105469,48.97999954223633,49.86000061035156,49.86000061035156,-0.2029816352366191,0.1808321313243155,0.0900001525878906,0.09000015258789062
2017-11-16,50.09999847412109,51.33000183105469,50.0,50.7400016784668,50.7400016784668,-0.8550278772537849,1.7649439577674952,0.8800010681152344,0.8800010681152344
2017-11-17,50.52000045776367,51.82899856567383,49.88999938964844,50.16999816894531,50.16999816894531,-0.7665148127265679,-1.1233809433699449,-0.5700035095214844,-0.5700035095214844
2017-11-20,50.18000030517578,50.38999938964844,49.060001373291016,50.0099983215332,50.0099983215332,-0.6552029285484009,-0.3189153941630995,-0.1599998474121093,-0.15999984741210938
2017-11-21,50.220001220703125,51.43000030517578,50.13100051879883,51.310001373291016,51.310001373291016,-0.5463050370391581,2.599486293519959,1.3000030517578125,1.3000030517578125
2017-11-22,51.40999984741211,51.95000076293945,49.02000045776367,50.900001525878906,50.900001525878906,-0.7134069740102376,-0.7990641910711971,-0.4099998474121094,-0.4099998474121094
2017-11-24,50.95000076293945,51.6150016784668,50.79999923706055,51.5,51.5,-1.1634824960607535,1.1787788922089426,0.5999984741210938,0.5999984741210938
2017-11-27,51.66999816894531,52.34999847412109,50.7400016784668,50.79999923706055,50.79999923706055,-0.7641008200576438,-1.3592247824067094,-0.7000007629394531,-0.7000007629394531
2017-11-28,50.90999984741211,51.2599983215332,49.619998931884766,51.220001220703125,51.220001220703125,-0.5792962701811208,0.8267755707684454,0.4200019836425781,0.4200019836425781
2017-11-29,51.22999954223633,52.119998931884766,50.9900016784668,51.290000915527344,51.290000915527344,-0.8263281866343539,0.1366647660209885,0.0699996948242187,0.06999969482421875
2017-11-30,51.59000015258789,52.7599983215332,51.290000915527344,51.869998931884766,51.869998931884766,-0.331459689504913,1.1308208344793291,0.5799980163574219,0.5799980163574219
2017-12-01,51.9900016784668,51.9900016784668,48.834999084472656,51.459999084472656,51.459999084472656,-0.3859086352595344,-0.790437354646023,-0.4099998474121094,-0.4099998474121094
2017-12-04,51.72999954223633,52.48500061035156,48.5,48.86000061035156,48.86000061035156,-0.0382936909344637,-5.052465060975109,-2.5999984741210938,-2.5999984741210938
2017-12-05,48.29999923706055,49.5099983215332,45.970001220703125,48.4900016784668,48.4900016784668,-0.0216639636596532,-0.7572634614465779,-0.3699989318847656,-0.3699989318847656
2017-12-06,47.0,48.52000045776367,43.369998931884766,46.005001068115234,46.005001068115234,2.950497454601233,-5.124769074724722,-2.4850006103515625,-2.4850006103515625
2017-12-07,46.310001373291016,48.25,45.63999938964844,47.880001068115234,47.880001068115234,1.5026382960620883,4.075643857118627,1.875,1.875
2017-12-08,47.97999954223633,48.17499923706055,45.29999923706055,45.720001220703125,45.720001220703125,0.6947554161954886,-4.511277776162204,-2.1599998474121094,-2.1599998474121094
2017-12-11,45.720001220703125,46.060001373291016,43.52999877929688,43.68999862670898,43.68999862670898,0.8355716552160612,-4.440075546356093,-2.030002593994148,-2.0300025939941477
2017-12-12,44.060001373291016,44.52999877929688,42.91999816894531,43.7599983215332,43.7599983215332,0.67329770358283,0.1602190364488498,0.0699996948242258,0.06999969482422586
2017-12-13,43.77000045776367,44.88999938964844,43.095001220703125,44.540000915527344,44.540000915527344,-0.0098622217226909,1.7824557219197068,0.7800025939941406,0.7800025939941406
2017-12-14,44.72999954223633,45.84999847412109,44.08000183105469,44.79999923706055,44.79999923706055,0.2111522181876935,0.5837411679139981,0.2599983215332031,0.2599983215332031
2017-12-15,44.90999984741211,45.959999084472656,44.66999816894531,45.88999938964844,45.88999938964844,2.1579031949711527,2.433036096318042,1.0900001525878906,1.0900001525878906
2017-12-18,46.13999938964844,47.18000030517578,45.25,46.13999938964844,46.13999938964844,-0.1158096777476932,0.5447810052845448,0.25,0.25
2017-12-19,46.09000015258789,47.720001220703125,46.09000015258789,47.61000061035156,47.61000061035156,0.3924698897646594,3.1859584745311587,1.470001220703125,1.470001220703125
2017-12-20,47.33000183105469,48.54999923706055,47.11000061035156,48.5099983215332,48.5099983215332,0.5563531698438402,1.8903543365760056,0.8999977111816406,0.8999977111816406
2017-12-21,48.650001525878906,49.060001373291016,48.130001068115234,48.7599983215332,48.7599983215332,0.29671484723067,0.5153576760464018,0.25,0.25
2017-12-22,48.7599983215332,49.18999862670898,48.400001525878906,48.79999923706055,48.79999923706055,0.1599219293249709,0.0820363349144814,0.0400009155273437,0.04000091552734375
2017-12-26,48.56999969482422,49.470001220703125,47.91999816894531,48.810001373291016,48.810001373291016,-0.1061537070719968,0.0204961811205883,0.0100021362304687,0.01000213623046875
2017-12-27,48.97999954223633,49.880001068115234,48.18000030517578,48.209999084472656,48.209999084472656,-0.4253371821852947,-1.2292609545933808,-0.6000022888183594,-0.6000022888183594
2017-12-28,48.25,48.2599983215332,46.58000183105469,47.38999938964844,47.38999938964844,-0.2064685135361761,-1.7008913304217832,-0.8199996948242188,-0.8199996948242188
2017-12-29,47.540000915527344,48.400001525878906,46.63999938964844,46.65999984741211,46.65999984741211,-0.539331280440044,-1.5404084229547088,-0.7299995422363281,-0.7299995422363281
2018-01-02,46.9900016784668,47.525001525878906,46.08000183105469,46.470001220703125,46.470001220703125,-0.0610925105854135,-0.407198086863092,-0.1899986267089843,-0.18999862670898438
2018-01-03,46.40999984741211,47.68000030517578,46.40999984741211,47.27999877929688,47.27999877929688,-0.0428534548646536,1.7430547392214946,0.8099975585937571,0.8099975585937571
2018-01-04,48.060001373291016,48.79600143432617,47.86000061035156,48.02000045776367,48.02000045776367,-0.3424567672189005,1.5651474144936506,0.7400016784667898,0.7400016784667898
2018-01-05,48.16999816894531,48.880001068115234,47.40900039672852,48.43999862670898,48.43999862670898,-0.2590399094371899,0.8746317470669673,0.4199981689453054,0.4199981689453054
2018-01-08,48.459999084472656,49.41999816894531,47.310001373291016,49.38999938964844,49.38999938964844,0.0695313149441462,1.9611907305373988,0.9500007629394602,0.9500007629394602
2018-01-09,49.27000045776367,49.4900016784668,48.34999847412109,49.40999984741211,49.40999984741211,0.7400848340897301,0.0404949544661636,0.0200004577636718,0.020000457763671875
2018-01-10,49.41999816894531,49.790000915527344,48.43999862670898,48.810001373291016,48.810001373291016,-0.5084858185593472,-1.214325998733068,-0.5999984741210938,-0.5999984741210938
2018-01-11,48.81999969482422,49.41999816894531,48.5099983215332,48.95000076293945,48.95000076293945,-0.7721474622873907,0.2868252114515357,0.1399993896484375,0.1399993896484375
2018-01-12,48.86000061035156,49.38999938964844,48.63999938964844,48.91999816894531,48.91999816894531,-0.7852903112626443,-0.0612923258968667,-0.0300025939941406,-0.030002593994140625
2018-01-16,49.13999938964844,49.72999954223633,48.540000915527344,49.08000183105469,49.08000183105469,-0.4242642965546618,0.3270720934142268,0.160003662109375,0.160003662109375
2018-01-17,49.34000015258789,49.38999938964844,47.65999984741211,48.09999847412109,48.09999847412109,-0.1155414563400349,-1.9967467815241944,-0.9800033569336009,-0.9800033569336009
2018-01-18,48.209999084472656,49.27000045776367,48.02999877929688,48.400001525878906,48.400001525878906,-0.6289172305978941,0.6237069880973722,0.3000030517578196,0.3000030517578196
2018-01-19,48.38999938964844,48.66999816894531,48.0,48.209999084472656,48.209999084472656,-0.2048591850902267,-0.3925670153226313,-0.19000244140625,-0.19000244140625
2018-01-22,48.220001220703125,48.77999877929688,47.720001220703125,48.7599983215332,48.7599983215332,-0.6525207144718186,1.1408405880631634,0.5499992370605469,0.5499992370605469
2018-01-23,48.93999862670898,49.209999084472656,48.02999877929688,49.08000183105469,49.08000183105469,-0.0342703698195901,0.6562828559002698,0.3200035095214844,0.3200035095214844
2018-01-24,49.08000183105469,49.459999084472656,48.38999938964844,48.900001525878906,48.900001525878906,-0.3998561484577626,-0.3667487743692188,-0.1800003051757812,-0.18000030517578125
2018-01-25,49.08000183105469,50.34999847412109,48.0099983215332,50.33000183105469,50.33000183105469,0.1231755964757929,2.9243359111532863,1.4300003051757812,1.4300003051757812
2018-01-26,50.43999862670898,50.59400177001953,49.869998931884766,50.20000076293945,50.20000076293945,-0.6090688464311848,-0.2582973641678254,-0.1300010681152343,-0.13000106811523438
2018-01-29,49.91999816894531,52.43000030517578,49.91999816894531,51.83000183105469,51.83000183105469,-0.1286843053152884,3.2470140305627115,1.6300010681152344,1.6300010681152344
2018-01-30,51.220001220703125,51.775001525878906,49.869998931884766,51.09999847412109,51.09999847412109,-0.6780017481993508,-1.408457131283003,-0.7300033569336009,-0.7300033569336009
2018-01-31,51.20000076293945,51.75,50.52999877929688,50.619998931884766,50.619998931884766,-0.5618618786833356,-0.9393337701945504,-0.479999542236321,-0.479999542236321
2018-02-01,50.68999862670898,50.96500015258789,49.709999084472656,50.40999984741211,50.40999984741211,-0.43821180975289,-0.4148539883519819,-0.2099990844726562,-0.20999908447265625
2018-02-02,49.880001068115234,51.20000076293945,49.77000045776367,49.84999847412109,49.84999847412109,-0.7343282438075799,-1.110893423896275,-0.5600013732910227,-0.5600013732910227
2018-02-05,49.65999984741211,51.13999938964844,49.22999954223633,50.20000076293945,50.20000076293945,-0.0018155794929439,0.7021109318590346,0.3500022888183665,0.3500022888183665
2018-02-06,49.040000915527344,51.77999877929688,47.5009994506836,51.45000076293945,51.45000076293945,0.2902775334468724,2.490039802793831,1.25,1.25
2018-02-07,51.63999938964844,51.84999847412109,47.22999954223633,49.93000030517578,49.93000030517578,3.1530046173832,-2.9543254328939894,-1.520000457763672,-1.5200004577636719
2018-02-08,50.0,51.505001068115234,49.7599983215332,50.9900016784668,50.9900016784668,0.949029310655494,2.1229748984823,1.0600013732910156,1.0600013732910156
2018-02-09,51.52999877929688,51.86000061035156,50.2400016784668,51.290000915527344,51.290000915527344,-0.1581886601576941,0.588349141371447,0.2999992370605469,0.2999992370605469
2018-02-12,51.540000915527344,53.58000183105469,51.29999923706055,52.650001525878906,52.650001525878906,1.2215422608362594,2.651590146374594,1.3600006103515625,1.3600006103515625
2018-02-13,52.70000076293945,54.0,52.20000076293945,53.36000061035156,53.36000061035156,0.7030702798328939,1.34852623721895,0.7099990844726562,0.7099990844726562
2018-02-14,53.34999847412109,55.0,53.34999847412109,54.68999862670898,54.68999862670898,0.8205512563872002,2.492500002144671,1.3299980163574148,1.3299980163574148
2018-02-15,54.790000915527344,55.290000915527344,54.56999969482422,54.709999084472656,54.709999084472656,-0.0069117862384503,0.0365705947447336,0.0200004577636789,0.02000045776367898
2018-02-16,54.65999984741211,55.34000015258789,54.310001373291016,54.86000061035156,54.86000061035156,0.0880385920725643,0.274175705335522,0.1500015258789062,0.15000152587890625
2018-02-20,54.95000076293945,56.810001373291016,54.880001068115234,55.91999816894531,55.91999816894531,1.5434079500261395,1.93218655997196,1.05999755859375,1.05999755859375
2018-02-21,56.29999923706055,57.720001220703125,56.27000045776367,56.709999084472656,56.709999084472656,1.2448775233025258,1.412734158432194,0.7900009155273438,0.7900009155273438
2018-02-22,56.77000045776367,57.310001373291016,50.68000030517578,50.7400016784668,50.7400016784668,1.99589746474558,-10.527239468146032,-5.969997406005859,-5.969997406005859
2018-02-23,49.5,52.619998931884766,47.32799911499024,52.505001068115234,52.505001068115234,3.2254243974509227,3.478516616599703,1.7649993896484375,1.7649993896484375
2018-02-26,52.54999923706055,55.040000915527344,52.54999923706055,54.9900016784668,54.9900016784668,0.927035155227519,4.7328836487932735,2.4850006103515625,2.4850006103515625
2018-02-27,54.97999954223633,56.400001525878906,54.75,56.25,56.25,0.9645861522996716,2.2913225733299125,1.2599983215332031,1.2599983215332031
2018-02-28,56.630001068115234,58.27999877929688,56.369998931884766,57.58000183105469,57.58000183105469,1.8419383767497537,2.364447699652783,1.3300018310546875,1.3300018310546875
2018-03-01,57.54999923706055,57.54999923706055,53.959999084472656,54.0,54.0,0.8253792417250484,-6.217439592236829,-3.5800018310546875,-3.5800018310546875
2018-03-02,53.54999923706055,55.43000030517578,53.0,55.34999847412109,55.34999847412109,-0.1158096777476932,2.4999971742983185,1.3499984741210866,1.3499984741210866
2018-03-05,55.34000015258789,58.18999862670898,53.85499954223633,57.709999084472656,57.709999084472656,0.3103941390212399,4.263777191348961,2.3600006103515696,2.3600006103515696
2018-03-06,57.709999084472656,58.09999847412109,57.14099884033203,58.0099983215332,58.0099983215332,-0.5347715165098541,0.5198392684453657,0.2999992370605469,0.2999992370605469
2018-03-07,57.75,58.56999969482422,57.42599868774414,58.54999923706055,58.54999923706055,-0.2931040282097856,0.930875592400926,0.5400009155273438,0.5400009155273438
2018-03-08,58.7599983215332,59.18999862670898,58.38999938964844,59.02000045776367,59.02000045776367,-0.4076345692798513,0.8027348024380876,0.470001220703125,0.470001220703125
2018-03-09,59.29999923706055,59.9900016784668,58.84999847412109,59.560001373291016,59.560001373291016,0.1065458692009824,0.9149456308692904,0.5400009155273438,0.5400009155273438
2018-03-12,59.81999969482422,59.81999969482422,58.61000061035156,59.18000030517578,59.18000030517578,0.0451231668472469,-0.6380138672824831,-0.3800010681152344,-0.3800010681152344
2018-03-13,59.34999847412109,59.869998931884766,58.75,58.869998931884766,58.869998931884766,-0.5350397379175122,-0.5238279345934793,-0.3100013732910156,-0.3100013732910156
2018-03-14,58.90999984741211,60.0,58.0,59.97999954223633,59.97999954223633,-0.1777688229167451,1.885511517735683,1.1100006103515625,1.1100006103515625
2018-03-15,60.0,60.0,58.7599983215332,59.22999954223633,59.22999954223633,-0.237313975416873,-1.2504168151449724,-0.75,-0.75
2018-03-16,59.18000030517578,59.68999862670898,58.58000183105469,59.38999938964844,59.38999938964844,0.6046330232223222,0.2701331228240455,0.1599998474121093,0.15999984741210938
2018-03-19,59.38999938964844,59.400001525878906,57.27000045776367,57.900001525878906,57.900001525878906,0.8991401288310626,-2.508836300862527,-1.4899978637695312,-1.4899978637695312
2018-03-21,64.86000061035156,66.25,63.75,65.45999908447266,65.45999908447266,2.08548341490343,13.05699025796181,7.55999755859375,7.55999755859375
2018-03-22,65.4000015258789,68.75,65.30599975585938,66.81999969482422,66.81999969482422,4.4235694254602524,2.0776056055187957,1.3600006103515625,1.3600006103515625
2018-03-23,65.81999969482422,65.9800033569336,62.56999969482422,63.36000061035156,63.36000061035156,2.8348940279005346,-5.178089045607493,-3.459999084472656,-3.4599990844726562
2018-03-26,63.68999862670898,64.37999725341797,61.54499816894531,63.5,63.5,1.0740204866242309,0.2209586305236932,0.1399993896484375,0.1399993896484375
2018-03-27,63.5,63.85200119018555,61.29999923706055,61.720001220703125,61.720001220703125,0.3010063897532017,-2.8031476839320835,-1.779998779296875,-1.779998779296875
2018-03-28,61.45000076293945,61.68999862670898,59.630001068115234,60.47999954223633,60.47999954223633,0.4656943340553572,-2.009075913710212,-1.2400016784667969,-1.2400016784667969
2018-03-29,60.7599983215332,61.20000076293945,59.58000183105469,60.540000915527344,60.540000915527344,0.4699858765778889,0.0992086206103692,0.0600013732910156,0.060001373291015625
2018-04-02,60.72999954223633,62.31499862670898,59.869998931884766,60.38999938964844,60.38999938964844,0.3892512328727606,-0.2477725860761115,-0.1500015258789062,-0.15000152587890625
2018-04-03,60.18000030517578,62.720001220703125,59.5,62.40999984741211,62.40999984741211,0.2194670818250987,3.344925448219027,2.020000457763672,2.020000457763672
2018-04-04,61.68999862670898,63.540000915527344,61.15999984741211,63.11000061035156,63.11000061035156,0.2556769718589603,1.1216163509868649,0.7000007629394531,0.7000007629394531
2018-04-05,64.05999755859375,64.19999694824219,62.90999984741211,63.619998931884766,63.619998931884766,-0.1348533976914278,0.8081101514829436,0.5099983215332031,0.5099983215332031
2018-04-06,63.400001525878906,64.04000091552734,62.18000030517578,62.81999969482422,62.81999969482422,-0.2839845003494056,-1.2574650274940646,-0.7999992370605469,-0.7999992370605469
2018-04-09,63.34000015258789,63.79999923706055,62.83000183105469,63.06999969482422,63.06999969482422,-0.4537686513970675,0.397962434279675,0.25,0.25
2018-04-10,63.59000015258789,64.00499725341797,62.59000015258789,63.83000183105469,63.83000183105469,-0.6098735106541594,1.205013698918478,0.7600021362304688,0.7600021362304688
2018-04-11,63.400001525878906,64.18499755859375,63.02999877929688,63.43000030517578,63.43000030517578,-0.564544092759918,-0.6266669503435573,-0.4000015258789062,-0.40000152587890625
2018-04-12,63.790000915527344,64.625,63.27999877929688,64.23999786376953,64.23999786376953,-0.2780836293809245,1.276994410683696,0.80999755859375,0.80999755859375
2018-04-13,64.47000122070312,64.63999938964844,63.20000076293945,63.47999954223633,63.47999954223633,-0.7539084065666308,-1.1830609383656765,-0.7599983215332031,-0.7599983215332031
2018-04-16,63.720001220703125,64.86900329589844,63.43999862670898,64.19999694824219,64.19999694824219,-0.1310982979842125,1.1342114228069633,0.7199974060058594,0.7199974060058594
2018-04-17,64.83000183105469,66.33000183105469,64.77999877929688,65.91000366210938,65.91000366210938,0.2041784615885794,2.663561986219088,1.7100067138671875,1.7100067138671875
2018-04-18,65.97000122070312,66.63999938964844,65.22000122070312,66.08999633789062,66.08999633789062,-0.3046375487390896,0.273088553755807,0.17999267578125,0.17999267578125
2018-04-19,65.93000030517578,66.98999786376953,65.5199966430664,66.19000244140625,66.19000244140625,-0.3016871132548491,0.1513180648465173,0.100006103515625,0.100006103515625
2018-04-20,65.87000274658203,66.19999694824219,65.02999877929688,65.31999969482422,65.31999969482422,-0.4824683420164985,-1.3144020463697448,-0.8700027465820312,-0.8700027465820312
2018-04-23,65.30999755859375,66.55999755859375,65.20500183105469,66.31999969482422,66.31999969482422,-0.1082994783332626,1.5309246856583192,1.0,1.0
2018-04-24,66.44999694824219,66.56999969482422,64.30999755859375,65.11000061035156,65.11000061035156,-0.7053603317804906,-1.824485962063549,-1.2099990844726562,-1.2099990844726562
2018-04-25,65.26000213623047,65.80999755859375,64.0009994506836,65.55999755859375,65.55999755859375,-0.8606605268146078,0.6911333804697328,0.4499969482421875,0.4499969482421875
2018-04-26,65.75,66.70999908447266,65.1500015258789,66.5,66.5,-0.6501067218028945,1.4338048755510258,0.94000244140625,0.94000244140625
2018-04-27,66.31999969482422,66.87999725341797,65.7300033569336,66.73999786376953,66.73999786376953,-0.2509932672074429,0.3608990432624637,0.2399978637695312,0.23999786376953125
2018-04-30,66.97000122070312,67.4229965209961,65.2699966430664,65.66999816894531,65.66999816894531,-0.3094655340769378,-1.6032360339721885,-1.0699996948242188,-1.0699996948242188
2018-05-01,65.37000274658203,66.16999816894531,65.0199966430664,66.02999877929688,66.02999877929688,-0.43821180975289,0.5481964677772844,0.3600006103515625,0.3600006103515625
2018-05-02,66.2300033569336,67.55000305175781,65.63999938964844,67.27999877929688,67.27999877929688,0.2800851199558595,1.893078938526238,1.25,1.25
2018-05-03,67.05000305175781,68.08999633789062,66.63999938964844,67.91999816894531,67.91999816894531,-0.0736989167453505,0.9512476237520052,0.6399993896484375,0.6399993896484375
2018-05-04,67.9000015258789,70.0,67.55999755859375,69.33999633789062,69.33999633789062,0.2819626698094672,2.0906922956817287,1.4199981689453125,1.4199981689453125
2018-05-07,69.98999786376953,70.1449966430664,69.18000030517578,69.30000305175781,69.30000305175781,-0.2319495472637083,-0.0576770814032401,-0.0399932861328125,-0.0399932861328125
2018-05-08,69.37999725341797,70.27999877929688,69.13999938964844,69.91999816894531,69.91999816894531,-0.0436581190876283,0.8946538093576262,0.6199951171875,0.6199951171875
2018-05-09,69.95999908447266,70.88999938964844,69.58000183105469,70.45999908447266,70.45999908447266,-0.4572555296966245,0.7723125424325072,0.5400009155273438,0.5400009155273438
2018-05-10,70.45999908447266,70.62999725341797,69.63999938964844,70.23999786376953,70.23999786376953,0.1132514043924382,-0.3122356281034966,-0.220001220703125,-0.220001220703125
2018-05-11,70.23999786376953,71.62000274658203,70.23999786376953,71.4800033569336,71.4800033569336,-0.6037044182780201,1.7653837284691498,1.2400054931640625,1.2400054931640625
2018-05-14,71.62000274658203,72.2699966430664,70.3499984741211,70.8499984741211,70.8499984741211,-0.3663284725004833,-0.881372206526887,-0.6300048828125,-0.6300048828125
2018-05-15,70.8499984741211,71.63999938964844,70.2300033569336,71.27999877929688,71.27999877929688,-0.6165790458456153,0.6069164635661206,0.4300003051757812,0.43000030517578125
2018-05-16,71.5,72.0,71.0,71.69000244140625,71.69000244140625,-0.4620835150344727,0.5752015560197554,0.410003662109375,0.410003662109375
2018-05-17,71.70999908447266,72.44000244140625,71.44999694824219,72.23999786376953,72.23999786376953,-0.3652555868698504,0.7671856655505183,0.5499954223632812,0.5499954223632812
2018-05-18,72.62000274658203,73.83300018310547,72.43000030517578,73.72000122070312,73.72000122070312,-0.1474598038513647,2.0487311748327963,1.4800033569335938,1.4800033569335938
2018-05-21,74.0,76.75800323486328,73.44999694824219,74.3499984741211,74.3499984741211,-0.3311914680972547,0.8545811760527267,0.6299972534179688,0.6299972534179688
2018-05-22,74.23999786376953,75.0199966430664,73.7509994506836,74.86000061035156,74.86000061035156,-0.363646258423901,0.6859477426996552,0.5100021362304688,0.5100021362304688
2018-05-23,75.01000213623047,76.44000244140625,74.6500015258789,75.83999633789062,75.83999633789062,0.0802601712504755,1.3091046213584256,0.9799957275390624,0.9799957275390625
2018-05-24,75.83000183105469,76.12999725341797,74.77999877929688,75.70999908447266,75.70999908447266,-0.4272147320389023,-0.1714098888385917,-0.1299972534179687,-0.12999725341796875
2018-05-25,75.80000305175781,77.19000244140625,74.62000274658203,76.94000244140625,76.94000244140625,-0.6010222042014377,1.6246247151069593,1.2300033569335938,1.2300033569335938
2018-05-29,76.5199966430664,76.83999633789062,75.18000030517578,76.76000213623047,76.76000213623047,0.0008666345836384,-0.2339489205408607,-0.1800003051757812,-0.18000030517578125
2018-05-30,76.98999786376953,78.0999984741211,76.88999938964844,78.0,78.0,-0.2045909636825685,1.6154218724080185,1.2399978637695312,1.2399978637695312
2018-05-31,76.44999694824219,77.19999694824219,73.69000244140625,74.30999755859375,74.30999755859375,1.1115714836963837,-4.730772360777246,-3.69000244140625,-3.69000244140625
2018-06-01,74.27999877929688,76.23999786376953,74.08999633789062,76.08999633789062,76.08999633789062,0.9082596566914426,2.3953691801609,1.779998779296875,1.779998779296875
2018-06-04,76.5999984741211,77.44999694824219,75.19000244140625,76.36000061035156,76.36000061035156,1.4996878605778476,0.3548485812273405,0.2700042724609375,0.2700042724609375
2018-06-05,78.73999786376953,79.93000030517578,73.79000091552734,79.73999786376953,79.73999786376953,2.380526963327487,4.426397624936329,3.3799972534179688,3.3799972534179688
2018-06-06,80.0,80.7300033569336,79.22000122070312,80.41000366210938,80.41000366210938,0.4901024821522564,0.8402380440045931,0.6700057983398438,0.6700057983398438
2018-06-07,80.48999786376953,80.5,75.7300033569336,76.81999969482422,76.81999969482422,0.8535424895291629,-4.464623558992365,-3.590003967285156,-3.5900039672851562
2018-06-08,76.81999969482422,80.08000183105469,76.77999877929688,79.56999969482422,79.56999969482422,0.6054376874452969,3.579796942104485,2.75,2.75
2018-06-11,79.61000061035156,80.06999969482422,78.51000213623047,78.55999755859375,78.55999755859375,-0.2536754812840253,-1.2693252986102022,-1.0100021362304688,-1.0100021362304688
2018-06-12,78.45999908447266,80.06999969482422,78.12999725341797,79.9800033569336,79.9800033569336,0.5075368736500416,1.8075430784996405,1.4200057983398438,1.4200057983398438
2018-06-13,80.30999755859375,81.4000015258789,79.79000091552734,79.88999938964844,79.88999938964844,0.0389540744711075,-0.1125330876562857,-0.0900039672851562,-0.09000396728515625
2018-06-14,79.93000030517578,80.69999694824219,78.37999725341797,80.18000030517578,80.18000030517578,0.2481667724445297,0.3630002725534043,0.2900009155273437,0.29000091552734375
2018-06-15,79.73999786376953,81.1500015258789,79.2300033569336,81.01000213623047,81.01000213623047,0.5426738780532703,1.0351731452925783,0.8300018310546875,0.8300018310546875
2018-06-18,80.81999969482422,82.0,80.27999877929688,81.76000213623047,81.76000213623047,-0.2306084402254171,0.9258116037804244,0.75,0.75
2018-06-19,81.47000122070312,81.77999877929688,79.9000015258789,81.45999908447266,81.45999908447266,-0.3845675282212432,-0.3669313159482823,-0.3000030517578125,-0.3000030517578125
2018-06-20,81.63999938964844,82.04000091552734,81.11000061035156,81.36000061035156,81.36000061035156,-0.2062002921285179,-0.1227577648477473,-0.0999984741210937,-0.09999847412109375
2018-06-21,81.02999877929688,81.04000091552734,79.83000183105469,80.45999908447266,80.45999908447266,-0.6037044182780201,-1.1061965574326704,-0.9000015258789062,-0.9000015258789062
2018-06-22,80.94999694824219,81.19999694824219,80.06999969482422,80.62999725341797,80.62999725341797,1.4835945761183535,0.2112828372851982,0.1699981689453125,0.1699981689453125
2018-06-25,79.70999908447266,79.73100280761719,76.18599700927734,76.81999969482422,76.81999969482422,0.4152687094156093,-4.725285487259823,-3.80999755859375,-3.80999755859375
2018-06-26,77.05999755859375,77.55899810791016,76.5199966430664,77.08999633789062,77.08999633789062,-0.0669933815538946,0.3514666026282143,0.2699966430664062,0.26999664306640625
2018-06-27,77.54000091552734,77.54000091552734,74.08999633789062,74.20999908447266,74.20999908447266,0.5190703941793456,-3.7358897265927338,-2.8799972534179688,-2.8799972534179688
2018-06-28,73.9800033569336,77.4000015258789,70.16100311279297,77.05000305175781,77.05000305175781,0.5877350745398535,3.826982889532715,2.840003967285156,2.8400039672851562
2018-06-29,78.63999938964844,78.80000305175781,74.83000183105469,75.0999984741211,75.0999984741211,0.0445867240319304,-2.5308299810537505,-1.9500045776367188,-1.9500045776367188
2018-07-02,74.43000030517578,77.12899780273438,74.05000305175781,77.06999969482422,77.06999969482422,0.2972512900459865,2.6231707865906007,1.970001220703125,1.970001220703125
2018-07-03,77.80000305175781,77.87999725341797,76.72000122070312,76.94000244140625,76.94000244140625,-0.4835412276471314,-0.1686742622715953,-0.1299972534179687,-0.12999725341796875
2018-07-05,77.41000366210938,77.83999633789062,76.62999725341797,77.80000305175781,77.80000305175781,-0.4282876176695353,1.117754851913988,0.8600006103515625,0.8600006103515625
2018-07-06,77.47000122070312,79.33999633789062,76.53399658203125,78.55000305175781,78.55000305175781,-0.4580601939195992,0.9640102449623988,0.75,0.75
2018-07-09,79.98999786376953,80.62999725341797,78.70999908447266,79.98999786376953,79.98999786376953,-0.1675764094257323,1.833220567875582,1.4399948120117188,1.4399948120117188
2018-07-10,80.29000091552734,81.18000030517578,79.05999755859375,79.6500015258789,79.6500015258789,-0.3378970032887106,-0.425048564783903,-0.339996337890625,-0.339996337890625
2018-07-11,79.4000015258789,80.16000366210938,78.66000366210938,79.75,79.75,-0.8507363347312532,0.125547359956557,0.0999984741210937,0.09999847412109375
2018-07-12,80.11000061035156,80.20999908447266,79.27999877929688,79.95999908447266,79.95999908447266,-0.3910048420050409,0.2633217360158646,0.2099990844726562,0.20999908447265625
2018-07-13,79.62999725341797,80.70999908447266,79.01799774169922,80.2300033569336,80.2300033569336,-0.5562292291225127,0.3376741815313222,0.2700042724609375,0.2700042724609375
2018-07-16,80.44000244140625,81.0199966430664,79.98500061035156,80.18000030517578,80.18000030517578,-0.8670978405984054,-0.0623246287742906,-0.0500030517578125,-0.0500030517578125
2018-07-17,80.0,81.44999694824219,79.7300033569336,81.4000015258789,81.4000015258789,-0.6050455253163113,1.521577969642851,1.220001220703125,1.220001220703125
2018-07-18,81.68000030517578,81.80000305175781,80.70999908447266,81.51000213623047,81.51000213623047,-0.8587829769610003,0.1351358824196014,0.1100006103515625,0.1100006103515625
2018-07-19,81.48999786376953,82.20999908447266,80.93000030517578,81.9800033569336,81.9800033569336,-0.4408940238294723,0.5766178485894224,0.470001220703125,0.470001220703125
2018-07-20,81.63999938964844,82.7300033569336,80.59600067138672,82.33999633789062,82.33999633789062,-0.7182349593480858,0.4391229156086362,0.3599929809570312,0.35999298095703125
2018-07-23,82.08000183105469,83.33999633789062,81.38999938964844,82.47000122070312,82.47000122070312,-0.5795644915887791,0.157887889961783,0.1300048828125,0.1300048828125
2018-07-24,82.94999694824219,83.01000213623047,79.20099639892578,79.8499984741211,79.8499984741211,-0.4352613742686494,-3.1769161001592328,-2.6200027465820312,-2.6200027465820312
2018-07-25,79.4800033569336,82.61000061035156,79.4800033569336,82.27999877929688,82.27999877929688,-0.6479609505416286,3.043206451611047,2.430000305175781,2.4300003051757812
2018-07-26,82.04000091552734,82.69000244140625,80.61000061035156,82.55999755859375,82.55999755859375,-0.8249870795960628,0.3402999312724031,0.279998779296875,0.279998779296875
2018-07-27,82.54000091552734,82.70999908447266,75.81099700927734,76.4000015258789,76.4000015258789,-0.004229572161868,-7.461235725380233,-6.159996032714844,-6.159996032714844
2018-07-30,76.52999877929688,77.04000091552734,73.66000366210938,74.12000274658203,74.12000274658203,0.1341726741897805,-2.9842915363353373,-2.279998779296875,-2.279998779296875
2018-07-31,73.5199966430664,76.14800262451172,72.63099670410156,75.5,75.5,-0.0632382818466794,1.8618418811130024,1.3799972534179688,1.3799972534179688
2018-08-01,75.37999725341797,77.88999938964844,75.37999725341797,77.12000274658203,77.12000274658203,-0.687389497467389,2.1456990020954025,1.6200027465820312,1.6200027465820312
2018-08-02,77.0,78.69999694824219,76.19000244140625,78.66000366210938,78.66000366210938,-0.6522524930641603,1.9968890828334416,1.5400009155273438,1.5400009155273438
2018-08-03,79.04000091552734,81.16200256347656,77.3499984741211,78.30999755859375,78.30999755859375,-0.9649986543936608,-0.4449607007636413,-0.350006103515625,-0.350006103515625
2018-08-06,78.04000091552734,80.63999938964844,77.6500015258789,79.91000366210938,79.91000366210938,-0.7836809828166948,2.0431696506163943,1.600006103515625,1.600006103515625
2018-08-07,80.0,81.2699966430664,79.37000274658203,80.8499984741211,80.8499984741211,-0.89070132447233,1.17631681758692,0.9399948120117188,0.9399948120117188
2018-08-08,81.30999755859375,82.0,80.0250015258789,81.7699966430664,81.7699966430664,-0.882654682242583,1.1379074660586408,0.9199981689453124,0.9199981689453125
2018-08-09,81.9800033569336,83.23999786376953,81.91000366210938,82.11000061035156,82.11000061035156,-0.8373252643483415,0.4158052846318538,0.3400039672851562,0.34000396728515625
2018-08-10,81.88999938964844,83.29000091552734,81.29000091552734,82.4800033569336,82.4800033569336,-0.7622232702040361,0.4506183702736255,0.3700027465820312,0.37000274658203125
2018-08-13,82.88999938964844,83.19999694824219,82.16000366210938,82.38999938964844,82.38999938964844,-0.9317391998440396,-0.1091221673399589,-0.0900039672851562,-0.09000396728515625
2018-08-14,82.86000061035156,84.97000122070312,82.30999755859375,84.83000183105469,84.83000183105469,-0.4103167833564337,2.961527442022072,2.44000244140625,2.44000244140625
2018-08-15,84.87000274658203,86.41000366210938,83.81999969482422,85.4000015258789,85.4000015258789,-0.4116578903947248,0.6719317252396273,0.5699996948242188,0.5699996948242188
2018-08-16,85.58000183105469,87.79000091552734,84.75,86.86000061035156,86.86000061035156,-0.0090575574997162,1.709600770944042,1.4599990844726562,1.4599990844726562
2018-08-17,87.05000305175781,88.30000305175781,86.06999969482422,87.05000305175781,87.05000305175781,-0.6793428552376419,0.2187456137130228,0.19000244140625,0.19000244140625
2018-08-20,87.54000091552734,87.8489990234375,85.58999633789062,86.33000183105469,86.33000183105469,-0.4923925340998531,-0.8271122291345967,-0.720001220703125,-0.720001220703125
2018-08-21,86.9000015258789,87.68000030517578,86.25,87.29000091552734,87.29000091552734,-0.3011506704395326,1.1120109627141606,0.9599990844726562,0.9599990844726562
2018-08-22,87.37000274658203,87.76000213623047,86.52999877929688,87.19000244140625,87.19000244140625,-0.5819784842577032,-0.114558910610929,-0.0999984741210937,-0.09999847412109375
2018-08-23,86.8499984741211,87.58999633789062,86.83999633789062,87.37000274658203,87.37000274658203,-0.4307016103384594,0.206446037545116,0.1800003051757812,0.18000030517578125
2018-08-24,87.19999694824219,89.08999633789062,87.04000091552734,88.23999786376953,88.23999786376953,0.0931347988180707,0.9957595168114342,0.8699951171875,0.8699951171875
2018-08-27,89.0,91.66000366210938,88.33000183105469,90.98999786376952,90.98999786376952,0.088843256295539,3.116500528757493,2.749999999999986,2.749999999999986
2018-08-28,90.9800033569336,92.60399627685548,90.947998046875,92.26000213623048,92.26000213623048,-0.15577466748877,1.395762503876985,1.270004272460966,1.270004272460966
2018-08-29,92.72000122070312,93.4000015258789,91.84100341796876,92.62000274658205,92.62000274658205,-0.298200234955292,0.3902022566832253,0.3600006103515625,0.3600006103515625
2018-08-30,92.5,93.51499938964844,92.26599884033205,92.5500030517578,92.5500030517578,-0.3008824490318744,-0.0755772972883317,-0.0699996948242471,-0.06999969482424717
2018-08-31,92.5199966430664,94.56999969482422,92.2300033569336,94.20999908447266,94.20999908447266,-0.208614284797442,1.7936207217481348,1.659996032714858,1.659996032714858
2018-09-04,94.98999786376952,96.28500366210938,93.34300231933594,94.47000122070312,94.47000122070312,1.1298105394171436,0.2759814656163373,0.2600021362304687,0.26000213623046875
2018-09-05,92.88999938964844,97.93499755859376,90.01399993896484,96.91999816894533,96.91999816894533,1.6751046611863325,2.5934126353173825,2.4499969482422017,2.4499969482422017
2018-09-06,96.0,96.4800033569336,93.66000366210938,95.41999816894533,95.41999816894533,0.4742774191004206,-1.5476682091814409,-1.5,-1.5
2018-09-07,94.62000274658205,97.7699966430664,94.62000274658205,97.06999969482422,97.06999969482422,0.2079335612957947,1.7291988655852686,1.650001525878892,1.650001525878892
2018-09-10,97.55999755859376,97.94000244140624,96.38300323486328,96.58999633789062,96.58999633789062,-0.2094189490204167,-0.494491973259159,-0.4800033569335937,-0.48000335693359375
2018-09-11,96.27999877929688,97.94000244140624,95.58000183105467,97.31999969482422,97.31999969482422,-0.4465266733902952,0.755775323129626,0.7300033569335938,0.7300033569335938
2018-09-12,97.25,97.25,90.35099792480467,94.51000213623048,94.51000213623048,1.5407257359495574,-2.8873793335443043,-2.809997558593736,-2.809997558593736
2018-09-13,94.9800033569336,95.7699966430664,93.11000061035156,94.30999755859376,94.30999755859376,0.5855893032785876,-0.2116226569844115,-0.2000045776367187,-0.20000457763671875
2018-09-17,94.08000183105467,94.25,91.5,91.5999984741211,91.5999984741211,0.4879567108909906,-2.8735013833384726,-2.7099990844726705,-2.7099990844726705
2018-09-18,92.22000122070312,94.18000030517578,92.22000122070312,92.45999908447266,92.45999908447266,0.8725862094728976,0.93886531078331,0.8600006103515625,0.8600006103515625
2018-09-19,92.87999725341795,93.93000030517578,90.81999969482422,92.36000061035156,92.36000061035156,0.3079801463523158,-0.1081532285434394,-0.0999984741210937,-0.09999847412109375
2018-09-20,92.86000061035156,94.12999725341795,91.8000030517578,93.0500030517578,93.0500030517578,-0.0576056322858565,0.747079294983144,0.6900024414062358,0.6900024414062358
2018-09-21,93.0500030517578,94.0500030517578,91.38999938964844,92.45999908447266,92.45999908447266,1.8293319705898168,-0.634071948344761,-0.590003967285142,-0.590003967285142
2018-09-24,92.01000213623048,93.20999908447266,91.19499969482422,92.29000091552734,92.29000091552734,-0.0618971748083882,-0.1838613136800893,-0.1699981689453125,-0.1699981689453125
2018-09-25,92.5,93.72000122070312,92.19000244140624,93.31999969482422,93.31999969482422,1.408492581974048,1.1160459086349217,1.029998779296875,1.029998779296875
2018-09-26,93.7699966430664,94.37999725341795,93.20999908447266,93.27999877929688,93.27999877929688,0.4120500525237104,-0.0428642473833673,-0.0400009155273437,-0.04000091552734375
2018-09-27,93.77999877929688,94.7699966430664,93.25,93.4000015258789,93.4000015258789,-0.568030971059475,0.128647886098232,0.1200027465820312,0.12000274658203125
2018-09-28,93.18000030517578,95.58000183105467,93.18000030517578,94.41000366210938,94.41000366210938,-0.1214423273085161,1.081372719197038,1.0100021362304688,1.0100021362304688
2018-10-01,95.3000030517578,95.91000366210938,91.91999816894533,92.31999969482422,92.31999969482422,-0.2295355545947842,-2.213752659903734,-2.090003967285156,-2.0900039672851562
2018-10-02,92.41000366210938,92.87000274658205,91.33999633789062,92.04000091552734,92.04000091552734,-0.2810340648651651,-0.3032915730312502,-0.279998779296875,-0.279998779296875
2018-10-03,92.47000122070312,94.0189971923828,91.77999877929688,93.44000244140624,93.44000244140624,-0.2893489285025703,1.5210794349771684,1.400001525878892,1.400001525878892
2018-10-04,93.23999786376952,93.58000183105467,90.19000244140624,90.56999969482422,90.56999969482422,-0.1616755384572511,-3.071492585182367,-2.870002746582017,-2.870002746582017
2018-10-05,90.7699966430664,92.3499984741211,88.2699966430664,89.48999786376953,89.48999786376953,0.2470938868138968,-1.1924498561264874,-1.0800018310546875,-1.0800018310546875
2018-10-08,89.33000183105469,89.48999786376953,86.1500015258789,88.0199966430664,88.0199966430664,0.1494612944262998,-1.6426430392152969,-1.470001220703125,-1.470001220703125
2018-10-09,87.8499984741211,90.31999969482422,87.30999755859375,88.70999908447266,88.70999908447266,0.2508489865211121,0.7839155506950357,0.69000244140625,0.69000244140625
2018-10-10,88.51000213623047,88.78500366210938,84.62999725341797,84.76000213623047,84.76000213623047,0.8186737065335926,-4.45270768685373,-3.949996948242188,-3.9499969482421875
2018-10-11,83.91000366210938,85.87000274658203,82.12000274658203,82.83000183105469,82.83000183105469,0.4254611229066221,-2.277017763725142,-1.9300003051757808,-1.9300003051757812
2018-10-12,84.9000015258789,85.62000274658203,82.12999725341797,83.4800033569336,83.4800033569336,0.6336009352494114,0.7847416533983465,0.6500015258789062,0.6500015258789062
2018-10-15,83.58999633789062,84.19999694824219,81.5479965209961,82.62999725341797,82.62999725341797,-0.2582352452142152,-1.0182152244068263,-0.850006103515625,-0.850006103515625
2018-10-16,83.44000244140625,87.18000030517578,82.87999725341797,86.44999694824219,86.44999694824219,0.5405281067920044,4.623018058573392,3.8199996948242183,3.8199996948242188
2018-10-17,86.76000213623047,87.94999694824219,84.30000305175781,86.44000244140625,86.44000244140625,-0.2877396000566209,-0.0115610262449439,-0.0099945068359375,-0.0099945068359375
2018-10-18,86.38999938964844,87.72000122070312,85.3499984741211,87.5199966430664,87.5199966430664,0.3098576962059234,1.2494148208663347,1.0799942016601562,1.0799942016601562
2018-10-19,87.80000305175781,88.94000244140625,86.19000244140625,86.91999816894531,86.91999816894531,0.0276887753494617,-0.6855558696695074,-0.5999984741210938,-0.5999984741210938
2018-10-22,87.30999755859375,88.02999877929688,85.87999725341797,87.5,87.5,-0.5986082115325136,0.6672823783628434,0.5800018310546875,0.5800018310546875
2018-10-23,86.29000091552734,86.36000061035156,83.98999786376953,85.83999633789062,85.83999633789062,-0.1369991689526936,-1.8971470424107184,-1.660003662109375,-1.660003662109375
2018-10-24,85.94000244140625,86.25,80.55999755859375,80.66999816894531,80.66999816894531,-0.2287308903718095,-6.022831301849929,-5.1699981689453125,-5.1699981689453125
2018-10-25,81.0199966430664,85.63999938964844,81.0,85.33000183105469,85.33000183105469,0.3999800891790899,5.776625471529129,4.660003662109375,4.660003662109375
2018-10-26,84.0999984741211,86.33000183105469,82.47000122070312,85.30999755859375,85.30999755859375,0.7416941625356795,-0.023443422045799,-0.0200042724609375,-0.0200042724609375
2018-10-29,86.55999755859375,87.5999984741211,83.81999969482422,84.93000030517578,84.93000030517578,0.6907320950806152,-0.4454310916571891,-0.3799972534179687,-0.37999725341796875
2018-10-30,85.08000183105469,87.69000244140625,84.23999786376953,87.5199966430664,87.5199966430664,0.334534065710481,3.049565911437768,2.589996337890625,2.589996337890625
2018-10-31,88.93000030517578,92.1999969482422,88.7300033569336,91.8000030517578,91.8000030517578,2.798147695051356,4.890318296225016,4.280006408691392,4.280006408691392
2018-11-01,93.3499984741211,95.72000122070312,91.8499984741211,94.73999786376952,94.73999786376952,1.4329007300709475,3.2026086212155302,2.9399948120117188,2.9399948120117188
2018-11-02,95.66000366210938,96.75,93.375,94.01000213623048,94.01000213623048,1.450871564384049,-0.7705253789309974,-0.7299957275390341,-0.7299957275390341
2018-11-05,94.29000091552734,95.72000122070312,92.76000213623048,95.44000244140624,95.44000244140624,0.5070004308347251,1.5211150650794814,1.4300003051757528,1.4300003051757528
2018-11-06,95.4499969482422,96.54000091552734,94.58000183105467,95.37999725341795,95.37999725341795,-0.028369498851109,-0.0628721568035617,-0.0600051879882812,-0.06000518798828125
2018-11-07,96.02999877929688,100.87000274658205,96.02999877929688,100.44000244140624,100.44000244140624,1.4709881699584166,5.305100999892254,5.060005187988281,5.060005187988281
2018-11-08,101.27999877929688,101.58000183105467,98.23999786376952,98.8000030517578,98.8000030517578,0.4082949528164952,-1.6328149639434408,-1.6399993896484375,-1.6399993896484375
2018-11-09,98.16999816894533,100.97000122070312,94.1500015258789,97.02999877929688,97.02999877929688,0.2344874806539598,-1.7915022447253182,-1.7700042724609233,-1.7700042724609233
2018-11-12,96.80999755859376,96.80999755859376,91.0500030517578,91.33999633789062,91.33999633789062,0.5190703941793456,-5.864168311852347,-5.69000244140625,-5.69000244140625
2018-11-13,91.83000183105467,92.88999938964844,88.66000366210938,88.98999786376953,88.98999786376953,0.4335077651363692,-2.572803337354901,-2.3499984741210938,-2.3499984741210938
2018-11-14,89.44000244140625,90.1999969482422,82.77999877929688,84.38999938964844,84.38999938964844,2.265191758034446,-5.169118535279671,-4.599998474121094,-4.599998474121094
2018-11-15,83.98999786376953,84.87999725341797,81.04000091552734,84.55000305175781,84.55000305175781,0.464353227017066,0.1896002645652261,0.160003662109375,0.160003662109375
2018-11-16,83.4800033569336,86.01499938964844,82.72000122070312,85.30000305175781,85.30000305175781,0.3750354982668742,0.8870490513653628,0.75,0.75
2018-11-19,84.7300033569336,85.1500015258789,76.3499984741211,76.38999938964844,76.38999938964844,1.5578919060396843,-10.445490437676796,-8.910003662109375,-8.910003662109375
2018-11-20,74.29000091552734,78.6500015258789,73.41000366210938,76.25,76.25,0.5684231331884606,-0.1832692639966326,-0.1399993896484375,-0.1399993896484375
2018-11-21,76.91999816894531,77.8499984741211,75.52999877929688,76.68000030517578,76.68000030517578,-0.4588648581425739,0.5639348264600441,0.4300003051757812,0.43000030517578125
2018-11-23,75.97000122070312,79.33000183105469,75.01399993896484,77.37999725341797,77.37999725341797,0.007303948367436,0.9128807322069664,0.6999969482421875,0.6999969482421875
2018-11-26,78.37999725341797,80.97000122070312,77.04000091552734,80.62999725341797,80.62999725341797,-0.1740137232095298,4.200051842023611,3.25,3.25
2018-11-27,80.04000091552734,80.70999908447266,77.91999816894531,80.51000213623047,80.51000213623047,-0.0149584284681973,-0.1488219289036529,-0.1199951171875,-0.1199951171875
2018-11-28,81.31999969482422,85.36000061035156,80.83000183105469,85.0999984741211,85.0999984741211,0.4509421566341543,5.701150436096025,4.589996337890625,4.589996337890625
2018-11-29,84.6500015258789,87.63999938964844,84.0,87.29000091552734,87.29000091552734,0.170382564223642,2.573445923236095,2.19000244140625,2.19000244140625
2018-11-30,87.2699966430664,89.37000274658203,87.0199966430664,88.69000244140625,88.69000244140625,1.303618011579679,1.603850969406828,1.4000015258789062,1.4000015258789062
2018-12-03,91.51000213623048,91.79000091552734,86.63500213623047,89.70999908447266,89.70999908447266,1.3682593708253132,1.150069472306381,1.0199966430664062,1.0199966430664062
2018-12-04,89.37999725341797,91.19000244140624,83.0199966430664,83.5999984741211,83.5999984741211,1.2580203722777792,-6.810835662363868,-6.1100006103515625,-6.1100006103515625
2018-12-07,74.51000213623047,76.33999633789062,66.86000061035156,68.37999725341797,68.37999725341797,4.858356327274249,-18.205743419259235,-15.220001220703123,-15.220001220703125
2018-12-10,68.33000183105469,70.3740005493164,67.15499877929688,67.66999816894531,67.66999816894531,1.6166323943168377,-1.038313999694063,-0.7099990844726562,-0.7099990844726562
2018-12-11,68.97000122070312,69.79000091552734,67.12999725341797,67.79000091552734,67.79000091552734,0.7695891889321358,0.1773352295391328,0.1200027465820312,0.12000274658203125
2018-12-12,69.0199966430664,72.3499984741211,68.5,69.69000244140625,69.69000244140625,0.3476769146857344,2.8027754834322627,1.9000015258789065,1.9000015258789062
2018-12-13,69.94000244140625,71.62999725341797,65.0199966430664,65.72000122070312,65.72000122070312,1.0249359690227742,-5.696658174235269,-3.970001220703125,-3.970001220703125
2018-12-14,65.08999633789062,66.19999694824219,61.93999862670898,62.09000015258789,62.09000015258789,2.29496433428451,-5.523434267636185,-3.6300010681152335,-3.6300010681152344
2018-12-17,60.61000061035156,62.09000015258789,58.7400016784668,59.630001068115234,59.630001068115234,3.0365965264595265,-3.961989174467939,-2.459999084472656,-2.4599990844726562
2018-12-18,62.02000045776367,63.7400016784668,61.15999984741211,61.95000076293945,61.95000076293945,1.7016585805444977,3.89065848275616,2.3199996948242188,2.3199996948242188
2018-12-19,61.7599983215332,64.23999786376953,60.59999847412109,61.130001068115234,61.130001068115234,1.041833917705243,-1.323647594391586,-0.8199996948242188,-0.8199996948242188
2018-12-20,60.619998931884766,61.0,58.060001373291016,58.77000045776367,58.77000045776367,1.7188247506346244,-3.8606258287512296,-2.3600006103515625,-2.3600006103515625
2018-12-21,58.90999984741211,59.369998931884766,55.29999923706055,55.33000183105469,55.33000183105469,2.514369445748945,-5.853324144826599,-3.4399986267089844,-3.4399986267089844
2018-12-24,54.40999984741211,56.4900016784668,53.18999862670898,54.38999938964844,54.38999938964844,-0.1568475531194029,-1.6989018801706668,-0.94000244140625,-0.94000244140625
2018-12-26,54.75,58.47999954223633,54.20000076293945,58.400001525878906,58.400001525878906,-0.0010109152699692,7.37268281160095,4.010002136230469,4.010002136230469
2018-12-27,57.650001525878906,58.650001525878906,55.11000061035156,58.45000076293945,58.45000076293945,0.2835719982554166,0.0856151297160323,0.0499992370605468,0.049999237060546875
2018-12-28,57.72999954223633,59.5,57.25,58.09000015258789,58.09000015258789,0.0706042005747791,-0.6159120712618038,-0.3600006103515625,-0.3600006103515625
2018-12-31,58.540000915527344,59.97999954223633,57.560001373291016,59.650001525878906,59.650001525878906,0.0169599190431324,2.685490392827128,1.5600013732910156,1.5600013732910156
2019-01-02,58.29999923706055,60.40999984741211,57.09000015258789,59.11000061035156,59.11000061035156,0.3927381111723176,-0.9052823163685386,-0.5400009155273438,-0.5400009155273438
2019-01-03,58.29999923706055,58.65999984741211,54.79999923706055,54.900001525878906,54.900001525878906,0.7172860144387803,-7.122312706820355,-4.209999084472656,-4.209999084472656
2019-01-04,55.75,59.66999816894531,55.18999862670898,58.0,58.0,0.3704757343366843,5.646627300474316,3.0999984741210938,3.0999984741210938
2019-01-07,58.13999938964844,58.630001068115234,53.380001068115234,53.4900016784668,53.4900016784668,4.114578363837967,-7.775859175057242,-4.509998321533203,-4.509998321533203
2019-01-09,53.34000015258789,54.09000015258789,51.33000183105469,53.86000061035156,53.86000061035156,2.0404222184168463,0.6917160595897309,0.3699989318847656,0.3699989318847656
2019-01-10,52.880001068115234,56.46500015258789,52.81999969482422,56.02999877929688,56.02999877929688,2.2402471671222304,4.028960535377824,2.16999816894532,2.1699981689453196
2019-01-11,55.880001068115234,56.61000061035156,53.52000045776367,55.5099983215332,55.5099983215332,0.8597115819053023,-0.928075083156743,-0.520000457763679,-0.520000457763679
2019-01-14,54.5099983215332,56.76499938964844,54.2400016784668,55.91999816894531,55.91999816894531,0.6132161082673857,0.7386054040881884,0.4099998474121094,0.4099998474121094
2019-01-15,55.95000076293945,56.76599884033203,55.53799819946289,56.41999816894531,56.41999816894531,-0.081209116159781,0.8941345071031614,0.5,0.5
2019-01-16,56.5,58.38999938964844,56.5,57.959999084472656,57.959999084472656,0.625017850204348,2.7295302472643224,1.5400009155273438,1.5400009155273438
2019-01-17,57.7599983215332,58.68999862670898,57.584999084472656,58.18000030517578,58.18000030517578,0.1529481727258568,0.379574230811297,0.220001220703125,0.220001220703125
2019-01-18,58.77000045776367,62.22999954223633,58.5,61.220001220703125,61.220001220703125,3.3109870264938994,5.22516483255655,3.040000915527344,3.0400009155273438
2019-01-22,62.13999938964844,62.84000015258789,59.54999923706055,60.459999084472656,60.459999084472656,1.9014835292498813,-1.2414278357992805,-0.7600021362304688,-0.7600021362304688
2019-01-23,61.02000045776367,62.720001220703125,60.41999816894531,61.18999862670898,61.18999862670898,1.1343703033473336,1.2074091189058669,0.729999542236321,0.729999542236321
2019-01-24,61.130001068115234,62.88999938964844,61.0,62.619998931884766,62.619998931884766,0.4072220671858623,2.336983718367991,1.4300003051757884,1.4300003051757884
2019-01-25,63.4900016784668,65.30000305175781,63.13999938964844,64.23999786376953,64.23999786376953,0.8833150657792269,2.587031235255899,1.6199989318847656,1.6199989318847656
2019-01-28,63.5,64.63999938964844,62.369998931884766,63.220001220703125,63.220001220703125,0.5995368164768158,-1.5877905930654967,-1.0199966430664062,-1.0199966430664062
2019-01-29,63.4900016784668,63.9900016784668,61.470001220703125,61.84000015258789,61.84000015258789,0.0185692474890818,-2.182855174737508,-1.3800010681152344,-1.3800010681152344
2019-01-30,62.630001068115234,63.584999084472656,62.02000045776367,63.25,63.25,0.4766914117693447,2.2800773672913666,1.4099998474121094,1.4099998474121094
2019-01-31,63.25,63.77000045776367,62.09999847412109,62.34000015258789,62.34000015258789,0.7395483912744136,-1.4387349366199342,-0.9099998474121094,-0.9099998474121094
2019-02-01,62.470001220703125,63.9900016784668,61.02999877929688,63.63999938964844,63.63999938964844,-0.0868417657206039,2.085337237533813,1.2999992370605469,1.2999992370605469
2019-02-04,63.68999862670898,64.5199966430664,63.58000183105469,64.08000183105469,64.08000183105469,-0.0908650868354774,0.691392906389332,0.44000244140625,0.44000244140625
2019-02-05,64.36000061035156,65.23999786376953,63.755001068115234,65.01000213623047,65.01000213623047,0.0566566873765509,1.4513112961945571,0.9300003051757812,0.9300003051757812
2019-02-06,65.0,66.80000305175781,64.05500030517578,66.44999694824219,66.44999694824219,1.7751512462428536,2.215035786330488,1.4399948120117188,1.4399948120117188
2019-02-08,71.9000015258789,72.4000015258789,69.63999938964844,71.66000366210938,71.66000366210938,1.7743465820198787,7.840492028803636,5.210006713867188,5.2100067138671875
2019-02-11,71.8499984741211,73.5,71.0199966430664,72.51000213623047,72.51000213623047,0.0802601712504755,1.1861546618515462,0.8499984741210938,0.8499984741210938
2019-02-12,72.77999877929688,73.5,72.27999877929688,72.9000015258789,72.9000015258789,0.1282718032212993,0.5378559897374124,0.3899993896484375,0.3899993896484375
2019-02-13,73.2699966430664,75.30000305175781,73.25,74.91000366210938,74.91000366210938,0.7494725833577683,2.7572045187364447,2.0100021362304688,2.0100021362304688
2019-02-14,74.5199966430664,76.36000061035156,74.5199966430664,75.77999877929688,75.77999877929688,1.3907899690686047,1.1613870973918416,0.8699951171875,0.8699951171875
2019-02-15,75.94999694824219,77.22000122070312,75.63999938964844,77.0999984741211,77.0999984741211,-0.1689175164640234,1.7418840275632783,1.3199996948242188,1.3199996948242188
2019-02-19,77.0,77.9000015258789,76.29000091552734,77.73999786376953,77.73999786376953,-0.5017802833678913,0.8300900159722513,0.6399993896484375,0.6399993896484375
2019-02-20,77.5999984741211,80.02999877929688,77.3499984741211,80.01000213623047,80.01000213623047,0.4190238091228245,2.9199952853598665,2.270004272460937,2.2700042724609375
2019-02-21,80.01000213623047,80.55999755859375,79.1500015258789,79.37000274658203,79.37000274658203,2.011454306389757,-0.799899228297396,-0.6399993896484375,-0.6399993896484375
2019-02-22,79.94999694824219,81.11000061035156,79.55000305175781,80.38999938964844,80.38999938964844,0.700924508571628,1.2851160485947366,1.0199966430664062,1.0199966430664062
2019-02-25,81.0,82.9800033569336,80.7699966430664,81.61000061035156,81.61000061035156,-0.0187135281754126,1.5176032217512736,1.220001220703125,1.220001220703125
2019-02-26,81.4000015258789,82.02999877929688,79.41999816894531,79.41999816894531,79.41999816894531,0.5920266170623852,-2.6834976412541067,-2.19000244140625,-2.19000244140625
2019-02-27,79.06999969482422,81.18000030517578,78.0999984741211,81.06999969482422,81.06999969482422,0.1811114205299713,2.077564296046641,1.6500015258789062,1.6500015258789062
2019-02-28,80.8499984741211,81.62999725341797,80.08999633789062,80.4800033569336,80.4800033569336,-0.0369525838961725,-0.7277616135581311,-0.589996337890625,-0.589996337890625
2019-03-01,81.4000015258789,83.76499938964844,80.69000244140625,83.27999877929688,83.27999877929688,0.3659159704064943,3.47911941547161,2.799995422363281,2.7999954223632812
2019-03-04,83.45999908447266,84.0,77.44000244140625,78.8499984741211,78.8499984741211,1.5149764808143669,-5.319404863244381,-4.430000305175781,-4.430000305175781
2019-03-05,79.16999816894531,80.30000305175781,77.79000091552734,79.37000274658203,79.37000274658203,0.3514320143929497,0.6594854565933783,0.5200042724609375,0.5200042724609375
2019-03-06,79.58000183105469,79.58000183105469,75.30999755859375,75.63999938964844,75.63999938964844,0.778976938200174,-4.699512697313368,-3.7300033569335938,-3.7300033569335938
2019-03-07,75.83000183105469,76.5999984741211,74.24500274658203,75.05999755859375,75.05999755859375,0.21168866100301,-0.7667924851068486,-0.5800018310546875,-0.5800018310546875
2019-03-08,73.94999694824219,75.28500366210938,73.26000213623047,74.83999633789062,74.83999633789062,0.4367264220282679,-0.293100490086462,-0.220001220703125,-0.220001220703125
2019-03-11,75.3499984741211,78.25,74.58000183105469,78.05000305175781,78.05000305175781,0.1886216199444019,4.289159367906059,3.2100067138671875,3.2100067138671875
2019-03-12,78.44000244140625,80.0250015258789,78.06999969482422,79.68000030517578,79.68000030517578,-0.1571157745270611,2.0884012680141284,1.6299972534179688,1.6299972534179688
2019-03-13,80.05000305175781,82.41999816894531,80.0,80.7300033569336,80.7300033569336,0.0655079938292726,1.3177749093075786,1.0500030517578125,1.0500030517578125
2019-03-14,80.98999786376953,82.26000213623047,80.4800033569336,81.69999694824219,81.69999694824219,0.5225572724789027,1.2015279957563465,0.9699935913085938,0.9699935913085938
2019-03-15,81.9000015258789,83.75499725341797,81.49500274658203,82.16000366210938,82.16000366210938,1.497005646501265,0.5630437344552153,0.4600067138671875,0.4600067138671875
2019-03-18,82.19999694824219,83.83000183105469,80.83000183105469,82.87000274658203,82.87000274658203,1.527582886974304,0.8641663252506593,0.7099990844726562,0.7099990844726562
2019-03-19,81.23999786376953,85.06999969482422,79.5,84.51000213623047,84.51000213623047,2.638019514679391,1.979002456007617,1.6399993896484375,1.6399993896484375
2019-03-20,84.63999938964844,84.9800033569336,79.37000274658203,79.62999725341797,79.62999725341797,1.2124227329758794,-5.774470192233472,-4.8800048828125,-4.8800048828125
2019-03-21,79.23999786376953,83.51000213623047,79.05000305175781,82.7300033569336,82.7300033569336,1.1019155130206872,3.8930129479347153,3.100006103515625,3.100006103515625
2019-03-22,82.08000183105469,82.19000244140625,73.68000030517578,73.77999877929688,73.77999877929688,2.687640475096164,-10.818329764864709,-8.950004577636719,-8.950004577636719
2019-03-25,73.62000274658203,75.04000091552734,72.05999755859375,73.56999969482422,73.56999969482422,0.5158517372874468,-0.2846287448456608,-0.2099990844726562,-0.20999908447265625
2019-03-26,73.95999908447266,74.7699966430664,72.55000305175781,73.61000061035156,73.61000061035156,0.0692630935364879,0.0543712324225564,0.0400009155273437,0.04000091552734375
2019-03-27,73.36000061035156,73.44999694824219,71.41000366210938,72.63999938964844,72.63999938964844,0.4284115583908627,-1.3177573871215542,-0.970001220703125,-0.970001220703125
2019-03-28,72.76000213623047,74.29000091552734,72.16999816894531,72.8499984741211,72.8499984741211,0.2808897841788342,0.289095658366123,0.2099990844726562,0.20999908447265625
2019-03-29,72.9000015258789,74.55999755859375,72.38999938964844,73.9800033569336,73.9800033569336,0.840936083369226,1.5511391990130408,1.1300048828125,1.1300048828125
2019-04-01,74.73999786376953,75.0,73.44000244140625,74.30000305175781,74.30000305175781,0.2111522181876935,0.4325489055202025,0.3199996948242187,0.31999969482421875
2019-04-02,74.54000091552734,74.71499633789062,72.79000091552734,74.44999694824219,74.44999694824219,-0.0106668859456656,0.2018760300452227,0.149993896484375,0.149993896484375
2019-04-03,75.0,75.48999786376953,74.4800033569336,75.0,75.0,0.8637349030201759,0.7387549688419481,0.5500030517578125,0.5500030517578125
2019-04-04,75.01000213623047,76.25,74.2699966430664,76.13999938964844,76.13999938964844,0.4367264220282679,1.519999186197918,1.1399993896484375,1.1399993896484375
2019-04-05,76.18000030517578,78.5199966430664,76.05000305175781,77.7300033569336,77.7300033569336,0.2328781522080104,2.088263698490822,1.5900039672851562,1.5900039672851562
2019-04-08,77.38999938964844,77.75,76.4530029296875,77.1500015258789,77.1500015258789,-0.2603810164754811,-0.7461749723479905,-0.5800018310546875,-0.5800018310546875
2019-04-09,77.13999938964844,78.1500015258789,76.51000213623047,77.0199966430664,77.0199966430664,0.2111522181876935,-0.1685092420495859,-0.1300048828125,-0.1300048828125
2019-04-10,77.31999969482422,78.9000015258789,76.76000213623047,78.30000305175781,78.30000305175781,-0.3542585091558629,1.661914391691477,1.2800064086914062,1.2800064086914062
2019-04-11,78.47000122070312,78.62000274658203,75.38999938964844,75.9000015258789,75.9000015258789,-0.3513080736716222,-3.065135928912366,-2.4000015258789062,-2.4000015258789062
2019-04-12,76.05000305175781,76.72000122070312,73.45999908447266,73.73999786376953,73.73999786376953,0.0657762152369309,-2.84585457007257,-2.160003662109375,-2.160003662109375
2019-04-15,73.81999969482422,75.13999938964844,73.29000091552734,75.08999633789062,75.08999633789062,-0.2236346836263031,1.830754696542214,1.3499984741210938,1.3499984741210938
2019-04-16,75.66999816894531,76.1500015258789,70.16000366210938,70.87000274658203,70.87000274658203,1.2338804455885382,-5.619914498756174,-4.219993591308594,-4.219993591308594
2019-04-18,62.88999938964844,65.23999786376953,62.290000915527344,64.69000244140625,64.69000244140625,1.6187781655781033,-8.720191993323766,-6.180000305175781,-6.180000305175781
2019-04-22,64.66999816894531,67.04000091552734,64.0,66.08000183105469,66.08000183105469,1.3628949426721486,2.148708204034233,1.3899993896484375,1.3899993896484375
2019-04-23,66.45999908447266,69.2300033569336,66.0,69.0199966430664,69.0199966430664,1.0608776376489777,4.449144568016727,2.9399948120117188,2.9399948120117188
2019-04-24,69.31999969482422,71.3499984741211,68.38700103759766,70.58000183105469,70.58000183105469,0.4093678384471281,2.260222057175354,1.5600051879882812,1.5600051879882812
2019-04-25,70.13999938964844,70.69999694824219,69.18000030517578,69.55999755859375,69.55999755859375,-0.2850573859800386,-1.4451746188707817,-1.0200042724609375,-1.0200042724609375
2019-04-26,69.95999908447266,74.20999908447266,69.73999786376953,72.58999633789062,72.58999633789062,0.4061491815552293,4.355950094369332,3.029998779296875,3.029998779296875
2019-04-29,72.97000122070312,74.54000091552734,72.12000274658203,72.93000030517578,72.93000030517578,0.5762015540105494,0.4683895639042479,0.3400039672851562,0.34000396728515625
2019-04-30,67.5,69.98999786376953,64.79000091552734,67.75,67.75,4.667114463613928,-7.102701609077277,-5.180000305175781,-5.180000305175781
2019-05-01,68.37999725341797,69.63500213623047,66.86000061035156,69.31999969482422,69.31999969482422,2.20081862019647,2.3173427229877808,1.5699996948242188,1.5699996948242188
2019-05-02,69.47000122070312,70.90499877929688,67.61499786376953,69.5,69.5,0.9155016346982148,0.259665761639094,0.1800003051757812,0.18000030517578125
2019-05-03,70.27999877929688,71.625,69.54499816894531,71.26000213623047,71.26000213623047,0.6837583384815011,2.532377174432332,1.7600021362304688,1.7600021362304688
2019-05-06,69.55000305175781,71.38999938964844,68.0,70.30000305175781,70.30000305175781,0.8170643780876432,-1.347178018094064,-0.9599990844726562,-0.9599990844726562
2019-05-07,69.69999694824219,71.23500061035156,68.69000244140625,70.01000213623047,70.01000213623047,0.4871520466680158,-0.4125190653460286,-0.2900009155273437,-0.29000091552734375
2019-05-08,70.0199966430664,72.04000091552734,69.0199966430664,70.95999908447266,70.95999908447266,0.6099974513754869,1.3569446068486313,0.9499969482421876,0.9499969482421875
2019-05-09,70.30999755859375,71.1050033569336,68.75,69.76000213623047,69.76000213623047,0.1797703134916802,-1.691089294989534,-1.1999969482421875,-1.1999969482421875
2019-05-10,69.62000274658203,70.00299835205078,67.0199966430664,69.4800033569336,69.4800033569336,0.513705966026181,-0.4013743846367434,-0.279998779296875,-0.279998779296875
2019-05-13,67.75,68.66000366210938,66.29100036621094,67.69999694824219,67.69999694824219,0.2959101830076953,-2.561897413198344,-1.7800064086914062,-1.7800064086914062
2019-05-14,68.11000061035156,70.13999938964844,67.88999938964844,69.33999633789062,69.33999633789062,-0.1399496044369342,2.4224512017367417,1.6399993896484375,1.6399993896484375
2019-05-15,68.66999816894531,70.3499984741211,68.29000091552734,69.36000061035156,69.36000061035156,0.0003301917683219,0.0288495435786462,0.0200042724609375,0.0200042724609375
2019-05-16,69.11000061035156,71.06999969482422,69.05999755859375,69.63999938964844,69.63999938964844,-0.0243461777362355,0.403689124614992,0.279998779296875,0.279998779296875
2019-05-17,68.9000015258789,70.17500305175781,68.02999877929688,68.44999694824219,68.44999694824219,-0.2617221235137723,-1.708791573572499,-1.19000244140625,-1.19000244140625
2019-05-20,67.58000183105469,70.11000061035156,67.18000030517578,68.93000030517578,68.93000030517578,0.3669888560371272,0.7012467177997639,0.4800033569335937,0.48000335693359375
2019-05-21,69.69000244140625,70.9000015258789,69.38999938964844,70.2300033569336,70.2300033569336,0.5649362548889036,1.885975694185804,1.3000030517578125,1.3000030517578125
2019-05-22,70.0999984741211,70.36000061035156,69.55000305175781,69.9000015258789,69.9000015258789,0.741157719720363,-0.4698872494388273,-0.3300018310546875,-0.3300018310546875
2019-05-23,69.54000091552734,70.0,67.29000091552734,67.8499984741211,67.8499984741211,-0.2155880413965561,-2.932765389137859,-2.0500030517578125,-2.0500030517578125
2019-05-24,68.12999725341797,69.25,67.69999694824219,69.11000061035156,69.11000061035156,0.6955600804184634,1.8570407731269836,1.2600021362304688,1.2600021362304688
2019-05-28,69.62000274658203,69.92500305175781,68.31999969482422,68.44999694824219,68.44999694824219,-0.2931040282097856,-0.955004567038764,-0.660003662109375,-0.660003662109375
2019-05-29,67.47000122070312,68.52999877929688,66.31199645996094,67.13999938964844,67.13999938964844,0.0118637122976259,-1.9138022162138224,-1.30999755859375,-1.30999755859375
2019-05-30,67.51000213623047,68.41000366210938,66.41500091552734,67.3499984741211,67.3499984741211,0.060143565676108,0.3127779064368452,0.2099990844726562,0.20999908447265625
2019-05-31,66.37999725341797,66.55999755859375,65.30000305175781,65.36000061035156,65.36000061035156,0.2318052665773775,-2.9547110747659144,-1.9899978637695312,-1.9899978637695312
2019-06-03,65.26000213623047,66.12999725341797,62.59999847412109,62.93000030517578,62.93000030517578,1.6107315233483563,-3.717870689234548,-2.430000305175781,-2.4300003051757812
2019-06-04,64.36000061035156,66.30999755859375,63.650001525878906,65.54000091552734,65.54000091552734,1.1255189968946118,4.147466387564758,2.6100006103515625,2.6100006103515625
2019-06-05,67.66000366210938,68.75,63.66999816894531,63.97999954223633,63.97999954223633,3.486672048510042,-2.3802278783939257,-1.5600013732910156,-1.5600013732910156
2019-06-07,66.44999694824219,67.19999694824219,65.05999755859375,66.68000030517578,66.68000030517578,3.648141335920299,4.220069994150366,2.700000762939453,2.700000762939453
2019-06-10,67.75,70.41999816894531,67.62000274658203,68.69000244140625,68.69000244140625,2.3515590513003977,3.014400310484766,2.0100021362304688,2.0100021362304688
2019-06-11,70.5,71.77999877929688,69.58999633789062,69.9000015258789,69.9000015258789,1.365845378156389,1.761535946231496,1.2099990844726562,1.2099990844726562
2019-06-12,69.66000366210938,69.94000244140625,66.91999816894531,69.01000213623047,69.01000213623047,1.1737988502730938,-1.273246595450983,-0.8899993896484375,-0.8899993896484375
2019-06-13,69.5,71.56999969482422,69.01300048828125,71.54000091552734,71.54000091552734,0.5061957666117505,3.666133460338816,2.529998779296875,2.529998779296875
2019-06-14,71.94000244140625,73.0,69.5999984741211,69.94999694824219,69.94999694824219,0.3527731214312408,-2.2225383658613485,-1.5900039672851562,-1.5900039672851562
2019-06-17,70.3499984741211,71.98999786376953,69.80000305175781,70.70999908447266,70.70999908447266,-0.110981692409845,1.0864934515905975,0.7600021362304688,0.7600021362304688
2019-06-18,71.37000274658203,72.36000061035156,69.5,69.63999938964844,69.63999938964844,0.1360502240433881,-1.513222611622378,-1.0699996948242188,-1.0699996948242188
2019-06-19,69.9000015258789,71.12899780273438,68.87000274658203,71.02999877929688,71.02999877929688,0.0386858530634493,1.9959784632839208,1.3899993896484375,1.3899993896484375
2019-06-20,71.69000244140625,71.83999633789062,66.08000183105469,67.6500015258789,67.6500015258789,2.3732849853207143,-4.758548939188689,-3.3799972534179688,-3.3799972534179688
2019-06-21,67.25,67.90499877929688,66.69000244140625,67.23999786376953,67.23999786376953,2.0326437975947576,-0.6060660057081169,-0.410003662109375,-0.410003662109375
2019-06-24,67.44999694824219,68.12999725341797,66.19000244140625,66.55999755859375,66.55999755859375,0.2261726170165546,-1.0113032819445975,-0.6800003051757812,-0.6800003051757812
2019-06-25,66.48999786376953,66.53500366210938,64.29000091552734,64.69000244140625,64.69000244140625,0.6167029865669427,-2.809487959402812,-1.8699951171875,-1.8699951171875
2019-06-26,65.37999725341797,66.48999786376953,61.68000030517578,62.18000030517578,62.18000030517578,2.051419296130834,-3.8800464391757217,-2.5100021362304688,-2.5100021362304688
2019-06-27,63.20000076293945,66.5999984741211,63.20000076293945,65.2699966430664,65.2699966430664,3.2439316745793407,4.969437637061924,3.089996337890625,3.089996337890625
2019-07-01,66.61000061035156,66.61000061035156,63.52999877929688,64.25,64.25,1.4090290247893646,-1.5627343274496108,-1.0199966430664062,-1.0199966430664062
2019-07-02,64.1500015258789,64.25,61.77000045776367,62.5099983215332,62.5099983215332,1.3258803884153123,-2.70817381862537,-1.7400016784667969,-1.7400016784667969
2019-07-03,62.56999969482422,63.79999923706055,62.33000183105469,62.68999862670898,62.68999862670898,-0.105349042849022,0.2879544233066688,0.1800003051757741,0.18000030517577414
2019-07-05,62.68000030517578,64.66000366210938,62.59999847412109,64.6500015258789,64.6500015258789,0.2653329425346567,3.1265001469227505,1.960002899169929,1.960002899169929
2019-07-08,64.20999908447266,65.56999969482422,62.584999084472656,63.290000915527344,63.290000915527344,0.6899274308576405,-2.1036358518988774,-1.3600006103515625,-1.3600006103515625
2019-07-09,61.97999954223633,63.709999084472656,60.810001373291016,63.2400016784668,63.2400016784668,3.0229172346689563,-0.0790002154167801,-0.0499992370605468,-0.049999237060546875
2019-07-11,67.5999984741211,69.51000213623047,67.41000366210938,68.6500015258789,68.6500015258789,3.3088412552326334,8.554711739127319,5.409999847412109,5.409999847412109
2019-07-15,71.66999816894531,72.1449966430664,70.20999908447266,70.36000061035156,70.36000061035156,1.647209634789876,2.4908944595260385,1.7099990844726562,1.7099990844726562
2019-07-16,70.97000122070312,73.05999755859375,69.75,72.6500015258789,72.6500015258789,1.9376934192837432,3.254691437837232,2.290000915527344,2.2900009155273438
2019-07-17,72.44999694824219,75.4800033569336,72.06999969482422,75.36000061035156,75.36000061035156,2.260363772696598,3.730212013150913,2.709999084472656,2.7099990844726562
2019-07-18,74.9000015258789,76.88999938964844,74.45999908447266,76.43000030517578,76.43000030517578,1.5825682755442418,1.4198509635856338,1.0699996948242188,1.0699996948242188
2019-07-19,78.02999877929688,79.7300033569336,77.79000091552734,79.18000030517578,79.18000030517578,3.591546618904412,3.5980635732298483,2.75,2.75
2019-07-22,79.55999755859375,80.27999877929688,78.83399963378906,79.97000122070312,79.97000122070312,0.6617641830535259,0.9977278510766796,0.7900009155273438,0.7900009155273438
2019-07-23,79.95999908447266,80.44000244140625,78.37000274658203,79.66999816894531,79.66999816894531,0.2395836873994662,-0.3751444881560761,-0.3000030517578125,-0.3000030517578125
2019-07-24,79.52999877929688,81.98999786376953,78.56500244140625,81.69999694824219,81.69999694824219,0.2508489865211121,2.5480090698535296,2.029998779296875,2.029998779296875
2019-07-25,81.37999725341797,81.94000244140625,79.87999725341797,80.0999984741211,80.0999984741211,0.8326212197318207,-1.958382538416381,-1.5999984741210938,-1.5999984741210938
2019-07-26,80.38999938964844,81.73999786376953,80.0999984741211,81.54000091552734,81.54000091552734,-0.2359728683785818,1.7977558911832947,1.44000244140625,1.44000244140625
2019-07-29,81.30999755859375,81.7249984741211,79.70999908447266,81.16000366210938,81.16000366210938,0.424120015868331,-0.4660255692315096,-0.3799972534179687,-0.37999725341796875
2019-07-30,80.16999816894531,81.94999694824219,80.06999969482422,81.91000366210938,81.91000366210938,-0.1034714929954144,0.924100500441627,0.75,0.75
2019-07-31,82.0,83.66000366210938,81.4219970703125,81.9800033569336,81.9800033569336,0.8809010731103027,0.085459274440991,0.0699996948242187,0.06999969482421875
2019-08-01,82.27999877929688,83.1500015258789,79.80000305175781,81.33000183105469,81.33000183105469,0.5686913545961189,-0.792878140110409,-0.6500015258789062,-0.6500015258789062
2019-08-02,80.63999938964844,81.39399719238281,77.36000061035156,78.91000366210938,78.91000366210938,0.1357820026357299,-2.9755294657097475,-2.4199981689453125,-2.4199981689453125
2019-08-05,77.55000305175781,77.69000244140625,74.83999633789062,75.94999694824219,75.94999694824219,0.5729828971186506,-3.75111719236747,-2.9600067138671875,-2.9600067138671875
2019-08-06,76.16000366210938,78.0,76.13999938964844,77.9000015258789,77.9000015258789,-0.2416055179394047,2.567484734680892,1.9500045776367188,1.9500045776367188
2019-08-07,76.48999786376953,78.375,75.42500305175781,77.80000305175781,77.80000305175781,0.130149353074907,-0.1283677434690044,-0.0999984741210937,-0.09999847412109375
2019-08-08,78.7699966430664,80.0999984741211,78.2300033569336,79.8499984741211,79.8499984741211,0.1280035818136411,2.634955452378951,2.049995422363281,2.0499954223632812
2019-08-09,78.4800033569336,79.0,72.61000061035156,72.72000122070312,72.72000122070312,3.0481300469888306,-8.929239060322281,-7.129997253417969,-7.129997253417969
2019-08-12,72.31999969482422,72.6500015258789,67.45999908447266,67.55000305175781,67.55000305175781,2.0913842858719107,-7.109458308800787,-5.1699981689453125,-5.1699981689453125
2019-08-13,67.0,69.69999694824219,67.0,68.5,68.5,1.7620083972676002,1.406361073757889,0.9499969482421876,0.9499969482421875
2019-08-14,66.66000366210938,67.13400268554688,62.68999862670898,63.18999862670898,63.18999862670898,1.7118509940355104,-7.751826822322661,-5.310001373291023,-5.310001373291023
2019-08-15,63.45000076293945,63.71900177001953,60.93000030517578,61.220001220703125,61.220001220703125,0.927035155227519,-3.117577858552412,-1.9699974060058525,-1.9699974060058523
2019-08-16,62.130001068115234,63.81999969482422,62.0,62.7400016784668,62.7400016784668,0.7921197871754274,2.482849440469548,1.520000457763672,1.5200004577636719
2019-08-19,63.90999984741211,64.31999969482422,60.959999084472656,61.0,61.0,1.272772549698982,-2.773352935793738,-1.7400016784667969,-1.7400016784667969
2019-08-20,61.0,61.36000061035156,59.79999923706055,60.68999862670898,60.68999862670898,1.0056240276713817,-0.5081989726082314,-0.3100013732910227,-0.31000137329102273
2019-08-21,61.45000076293945,61.650001525878906,60.09099960327149,61.310001373291016,61.310001373291016,0.3141492387284552,1.0215896533390056,0.6200027465820384,0.6200027465820384
2019-08-22,61.84999847412109,62.4900016784668,60.63999938964844,60.65999984741211,60.65999984741211,0.8428136332228336,-1.0601884053489383,-0.6500015258789062,-0.6500015258789062
2019-08-23,60.43000030517578,60.97800064086914,58.29999923706055,58.52999877929688,58.52999877929688,0.7408894983127049,-3.5113766460157625,-2.1300010681152277,-2.1300010681152273
2019-08-26,59.220001220703125,59.47999954223633,57.334999084472656,58.619998931884766,58.619998931884766,0.3897876756880771,0.1537675627284018,0.0900001525878835,0.09000015258788352
2019-08-27,59.22999954223633,59.47999954223633,56.81499862670898,57.2599983215332,57.2599983215332,0.1996186976583895,-2.320028377912209,-1.3600006103515625,-1.3600006103515625
2019-08-28,56.810001373291016,58.68000030517578,56.380001068115234,58.04999923706055,58.04999923706055,0.2985923970842776,1.379673312407803,0.7900009155273438,0.7900009155273438
2019-08-29,58.7599983215332,59.70500183105469,58.2400016784668,59.040000915527344,59.040000915527344,0.2012280261043388,1.7054292704189231,0.9900016784667968,0.9900016784667969
2019-08-30,59.11000061035156,60.25,58.31999969482422,59.36000061035156,59.36000061035156,0.2814262269941507,0.5420048947527345,0.3199996948242187,0.31999969482421875
2019-09-03,59.33000183105469,60.38999938964844,57.40999984741211,58.11000061035156,58.11000061035156,2.613343145174833,-2.1057951265957664,-1.25,-1.25
2019-09-05,56.59999847412109,59.040000915527344,54.18999862670898,57.88999938964844,57.88999938964844,2.8311389281933192,-0.3785944216010417,-0.220001220703125,-0.220001220703125
2019-09-06,57.880001068115234,58.40999984741211,55.459999084472656,55.619998931884766,55.619998931884766,0.8618573531665682,-3.9212307509016497,-2.270000457763672,-2.270000457763672
2019-09-09,57.43999862670898,58.5,56.7400016784668,58.119998931884766,58.119998931884766,2.186334664182925,4.494786134501072,2.5,2.5
2019-09-10,57.84999847412109,60.220001220703125,57.59999847412109,59.93999862670898,59.93999862670898,1.6614253693957626,3.131451700398702,1.819999694824212,1.8199996948242116
2019-09-11,60.18000030517578,60.22499847412109,56.68000030517578,58.61000061035156,58.61000061035156,1.4567724353525302,-2.2188822936755503,-1.3299980163574148,-1.3299980163574148
2019-09-12,59.34000015258789,59.5,56.9900016784668,57.77999877929688,57.77999877929688,0.9254258267815696,-1.4161436997291,-0.8300018310546804,-0.8300018310546804
2019-09-13,58.36000061035156,60.81999969482422,58.36000061035156,60.45000076293945,60.45000076293945,1.371478027717212,4.620979647024948,2.670001983642571,2.670001983642571
2019-09-16,59.95000076293945,62.43999862670898,59.400001525878906,62.04999923706055,62.04999923706055,1.464550856174619,2.6468129924359207,1.5999984741210938,1.5999984741210938
2019-09-17,61.540000915527344,62.165000915527344,60.81999969482422,61.77000045776367,61.77000045776367,1.9242823489008316,-0.4512470310066296,-0.279998779296875,-0.279998779296875
2019-09-18,61.84000015258789,62.90999984741211,60.56999969482422,61.29999923706055,61.29999923706055,1.1397347315004982,-0.7608891326211009,-0.470001220703125,-0.470001220703125
2019-09-19,61.560001373291016,62.20000076293945,60.79999923706055,61.790000915527344,61.790000915527344,0.3264874234807339,0.7993502195193347,0.4900016784667969,0.4900016784667969
2019-09-20,61.61000061035156,62.30699920654297,60.810001373291016,60.88999938964844,60.88999938964844,1.2730407711066405,-1.4565488146039862,-0.9000015258789062,-0.9000015258789062
2019-09-23,60.68999862670898,61.77999877929688,60.2400016784668,61.470001220703125,61.470001220703125,-0.0648476102926288,0.95254037915673,0.5800018310546875,0.5800018310546875
2019-09-24,61.7400016784668,61.7599983215332,56.52000045776367,56.91999816894531,56.91999816894531,1.7094370013665865,-7.401989525624685,-4.5500030517578125,-4.5500030517578125
2019-09-25,56.720001220703125,58.130001068115234,55.810001373291016,57.619998931884766,57.619998931884766,1.240585980779994,1.229797585133019,0.7000007629394531,0.7000007629394531
2019-09-26,57.619998931884766,57.9900016784668,55.18000030517578,56.400001525878906,56.400001525878906,0.1824525275682625,-2.117315912220119,-1.2199974060058594,-1.2199974060058594
2019-09-27,56.7599983215332,57.63999938964844,55.20000076293945,55.400001525878906,55.400001525878906,-0.053582311170983,-1.7730495974209393,-1.0,-1.0
2019-09-30,56.43999862670898,58.27999877929688,56.0,57.14500045776367,57.14500045776367,0.8350352124007449,3.149817479823769,1.7449989318847656,1.7449989318847656
2019-10-01,57.709999084472656,58.2599983215332,54.5,55.58000183105469,55.58000183105469,0.6467437842246648,-2.7386448756189785,-1.5649986267089844,-1.5649986267089844
2019-10-02,55.20000076293945,55.20000076293945,52.5099983215332,52.79999923706055,52.79999923706055,1.9908012580000731,-5.001803710702369,-2.7800025939941406,-2.7800025939941406
2019-10-03,52.65999984741211,54.84000015258789,51.7400016784668,54.52999877929688,54.52999877929688,0.6960965232337798,3.2765143318828738,1.7299995422363352,1.7299995422363352
2019-10-04,54.91999816894531,55.540000915527344,54.13999938964844,54.540000915527344,54.540000915527344,-0.0830866660133887,0.0183424471930537,0.0100021362304616,0.010002136230461645
2019-10-07,54.11000061035156,55.119998931884766,53.72999954223633,53.86000061035156,53.86000061035156,-0.2496521601691517,-1.2467918844170534,-0.6800003051757812,-0.6800003051757812
2019-10-08,53.34000015258789,53.56800079345703,52.29999923706055,52.4900016784668,52.4900016784668,-0.3137570765994696,-2.543629625621391,-1.3699989318847656,-1.3699989318847656
2019-10-09,52.84999847412109,53.415000915527344,51.99399948120117,52.560001373291016,52.560001373291016,-0.3306550252819383,0.1333581493348168,0.0699996948242187,0.06999969482421875
2019-10-10,52.68000030517578,53.47999954223633,51.75,51.9900016784668,51.9900016784668,0.2063242328498453,-1.084474276885905,-0.5699996948242188,-0.5699996948242188
2019-10-11,53.09999847412109,54.66999816894531,52.68000030517578,54.2400016784668,54.2400016784668,0.6974376302720711,4.327755197845873,2.25,2.25
2019-10-14,54.02000045776367,54.65999984741211,52.790000915527344,53.5099983215332,53.5099983215332,-0.2957862422863679,-1.3458763538781504,-0.7300033569335938,-0.7300033569335938
2019-10-15,54.09999847412109,56.13999938964844,54.09000015258789,56.0,56.0,0.2613096214197832,4.653339107777144,2.490001678466797,2.490001678466797
2019-10-16,55.65999984741211,56.34999847412109,55.540000915527344,55.75,55.75,-0.0986435076575662,-0.4464285714285698,-0.25,-0.25
2019-10-17,56.22999954223633,57.400001525878906,55.650001525878906,57.25,57.25,-0.1184918918242755,2.690582959641264,1.5,1.5
2019-10-18,56.7599983215332,57.72999954223633,55.2599983215332,55.97999954223633,55.97999954223633,-0.0656522745156035,-2.218341410940916,-1.270000457763672,-1.2700004577636719
2019-10-21,56.720001220703125,57.06999969482422,55.82500076293945,55.90999984741211,55.90999984741211,-0.3832264211829521,-0.1250441146777858,-0.0699996948242187,-0.06999969482421875
2019-10-22,55.869998931884766,57.09999847412109,55.75,56.92499923706055,56.92499923706055,0.3388256082330127,1.81541654877222,1.0149993896484375,1.0149993896484375
2019-10-23,56.91999816894531,57.38999938964844,56.06999969482422,56.31999969482422,56.31999969482422,-0.2649407804056711,-1.0628011424591244,-0.6049995422363281,-0.6049995422363281
2019-10-24,57.0,57.0,55.290000915527344,55.630001068115234,55.630001068115234,-0.6340134373434004,-1.22513961372126,-0.6899986267089844,-0.6899986267089844
2019-10-25,55.400001525878906,57.75,54.90999984741211,57.70000076293945,57.70000076293945,0.1526799513181986,3.721013221426417,2.0699996948242188,2.0699996948242188
2019-10-28,57.959999084472656,59.630001068115234,57.540000915527344,59.369998931884766,59.369998931884766,0.7529594616573254,2.894277550890334,1.6699981689453125,1.6699981689453125
2019-10-29,59.18000030517578,60.25,59.09000015258789,59.95000076293945,59.95000076293945,0.2470938868138968,0.9769274742957634,0.5800018310546875,0.5800018310546875
2019-10-30,59.90999984741211,60.34999847412109,58.44900131225586,59.040000915527344,59.040000915527344,1.025472411838091,-1.5179313358318791,-0.9099998474121094,-0.9099998474121094
2019-10-31,58.7599983215332,58.875,55.9900016784668,56.790000915527344,56.790000915527344,-0.090328644020161,-3.810975550659679,-2.25,-2.25
2019-11-01,57.54999923706055,59.58399963378906,57.25,58.619998931884766,58.619998931884766,-0.1724043947635805,3.22239476466899,1.8299980163574217,1.8299980163574219
2019-11-04,59.38999938964844,59.70000076293945,58.290000915527344,59.380001068115234,59.380001068115234,-0.3853721924442179,1.2964895088339643,0.7600021362304688,0.7600021362304688
2019-11-05,59.81999969482422,62.209999084472656,59.470001220703125,61.11000061035156,61.11000061035156,0.2430705656990233,2.913438044994021,1.729999542236328,1.7299995422363281
2019-11-06,61.18999862670898,61.5,58.09000015258789,58.290000915527344,58.290000915527344,0.071677086205412,-4.614628811419996,-2.8199996948242188,-2.8199996948242188
2019-11-07,59.33000183105469,61.9900016784668,58.68000030517578,61.27000045776367,61.27000045776367,0.3723532841902919,5.112368322921945,2.979999542236328,2.979999542236328
2019-11-08,60.93999862670898,62.04999923706055,60.130001068115234,61.7400016784668,61.7400016784668,0.0494147093697786,0.7670984449022811,0.470001220703125,0.470001220703125
2019-11-11,61.29999923706055,61.84999847412109,60.20000076293945,60.72999954223633,60.72999954223633,-0.6391096440889069,-1.6358958677883062,-1.0100021362304688,-1.0100021362304688
2019-11-12,60.880001068115234,61.65999984741211,60.150001525878906,61.040000915527344,61.040000915527344,-0.42909228189251,0.5104583823937192,0.3100013732910156,0.3100013732910156
2019-11-13,60.41999816894531,60.69599914550781,59.4900016784668,60.13999938964844,60.13999938964844,-0.6291854520055523,-1.47444546589115,-0.9000015258789062,-0.9000015258789062
2019-11-14,60.13999938964844,61.84999847412109,59.95299911499024,61.70000076293945,61.70000076293945,-0.216660927027189,2.593949765751957,1.5600013732910156,1.5600013732910156
2019-11-15,62.380001068115234,64.12000274658203,61.59000015258789,63.79999923706055,63.79999923706055,-0.3051739915544061,3.403563125046949,2.0999984741210938,2.0999984741210938
2019-11-18,63.619998931884766,65.19999694824219,61.70000076293945,61.959999084472656,61.959999084472656,0.3063708179063664,-2.88401281283881,-1.8400001525878904,-1.8400001525878906
2019-11-19,62.40999984741211,62.61000061035156,60.83000183105469,61.0,61.0,0.166895685924085,-1.549385246381052,-0.9599990844726562,-0.9599990844726562
2019-11-20,60.52000045776367,61.75,59.83000183105469,61.5099983215332,61.5099983215332,0.1835254131988954,0.8360628221855793,0.5099983215332031,0.5099983215332031
2019-11-21,61.540000915527344,62.20000076293945,60.45000076293945,61.36000061035156,61.36000061035156,0.2100793325570606,-0.243859072142305,-0.1499977111816406,-0.14999771118164062
2019-11-22,61.43000030517578,62.31999969482422,60.77000045776367,60.95000076293945,60.95000076293945,-0.4923925340998531,-0.6681874891359407,-0.4099998474121094,-0.4099998474121094
2019-11-25,61.2599983215332,63.810001373291016,60.88999938964844,63.68000030517578,63.68000030517578,0.2838402196630748,4.479080406995339,2.729999542236328,2.729999542236328
2019-11-26,63.290000915527344,63.56999969482422,62.02999877929688,62.59000015258789,62.59000015258789,0.1556303868024391,-1.7116836484991294,-1.0900001525878906,-1.0900001525878906
2019-11-27,62.97999954223633,63.54999923706055,62.459999084472656,63.06999969482422,63.06999969482422,-0.3411156601806094,0.7668949369965539,0.4799995422363281,0.4799995422363281
2019-11-29,62.66999816894531,63.150001525878906,61.81999969482422,62.88999938964844,62.88999938964844,-0.8316926147875187,-0.2853976629883403,-0.1800003051757812,-0.18000030517578125
2019-12-02,62.900001525878906,62.900001525878906,60.83000183105469,61.540000915527344,61.540000915527344,0.1518752870952239,-2.1466027782205743,-1.3499984741210938,-1.3499984741210938
2019-12-03,61.52999877929688,61.7400016784668,59.65999984741211,61.2400016784668,61.2400016784668,0.6802714601819441,-0.4874865658067495,-0.2999992370605469,-0.2999992370605469
2019-12-05,63.25,66.01000213623047,61.20000076293945,65.54000091552734,65.54000091552734,2.011186084982099,7.021553101250988,4.299999237060547,4.299999237060547
2019-12-06,65.91999816894531,68.0,65.8499984741211,67.43000030517578,67.43000030517578,2.0288886978875427,2.883734152040063,1.8899993896484373,1.8899993896484375
2019-12-09,67.01000213623047,68.20999908447266,66.71499633789062,67.04000091552734,67.04000091552734,1.5308015438662028,-0.578376668965408,-0.3899993896484375,-0.3899993896484375
2019-12-10,67.0,69.02999877929688,66.55000305175781,68.7300033569336,68.7300033569336,0.7752218384929588,2.5208866621820425,1.69000244140625,1.69000244140625
2019-12-11,69.04000091552734,69.57499694824219,68.27999877929688,68.9800033569336,68.9800033569336,1.4307549588096815,0.3637421617771252,0.25,0.25
2019-12-12,69.05999755859375,71.73999786376953,68.5999984741211,71.5999984741211,71.5999984741211,0.4458459498886479,3.798195114068736,2.6199951171875,2.6199951171875
2019-12-13,72.22000122070312,74.9010009765625,70.63999938964844,71.45999908447266,71.45999908447266,2.2823579281245734,-0.1955298779776404,-0.1399993896484375,-0.1399993896484375
2019-12-16,72.5199966430664,74.41999816894531,71.51000213623047,72.93000030517578,72.93000030517578,0.6979740730873875,2.057096612841325,1.470001220703125,1.470001220703125
2019-12-17,72.6500015258789,74.55999755859375,72.52999877929688,74.37000274658203,74.37000274658203,0.9943587285497356,1.974499431483001,1.44000244140625,1.44000244140625
2019-12-18,74.72000122070312,76.30000305175781,74.45899963378906,76.13999938964844,76.13999938964844,0.944201325317646,2.3799873305070607,1.7699966430664062,1.7699966430664062
2019-12-19,76.47000122070312,76.93499755859375,75.27999877929688,76.5,76.5,0.5351636786388397,0.4728140441783379,0.3600006103515625,0.3600006103515625
2019-12-20,76.52999877929688,76.54000091552734,72.91999816894531,73.54000091552734,73.54000091552734,2.6626958841839485,-3.869279848983864,-2.959999084472656,-2.9599990844726562
2019-12-23,74.20999908447266,75.05000305175781,73.33999633789062,74.72000122070312,74.72000122070312,0.2296594953161116,1.6045693370757563,1.1800003051757812,1.1800003051757812
2019-12-24,75.16999816894531,75.18000030517578,74.33000183105469,74.93000030517578,74.93000030517578,-0.589756905079792,0.2810480206663523,0.2099990844726562,0.20999908447265625
2019-12-26,75.2699966430664,75.94999694824219,74.77999877929688,75.4000015258789,75.4000015258789,-0.2987366777706085,0.6272537285318291,0.470001220703125,0.470001220703125
2019-12-27,75.5,75.5,73.5199966430664,74.02999877929688,74.02999877929688,0.3382891654176962,-1.81697973323226,-1.3700027465820312,-1.3700027465820312
2019-12-30,73.88999938964844,74.23799896240234,72.91000366210938,73.54000091552734,73.54000091552734,0.3629655349222537,-0.6618909521129979,-0.4899978637695312,-0.48999786376953125
2019-12-31,73.45999908447266,74.61000061035156,73.38999938964844,74.06999969482422,74.06999969482422,0.1706507856313002,0.7206945508549278,0.529998779296875,0.529998779296875
2020-01-02,74.98999786376953,74.98999786376953,71.30999755859375,72.25,72.25,0.8125046141574532,-2.457134740546507,-1.8199996948242188,-1.8199996948242188
2020-01-03,70.94999694824219,72.36000061035156,69.37000274658203,71.81999969482422,71.81999969482422,1.202766762300183,-0.5951561317311893,-0.4300003051757812,-0.43000030517578125
2020-01-06,70.97000122070312,72.16999816894531,69.30999755859375,72.16000366210938,72.16000366210938,0.9348135760496076,0.4734112625033315,0.3400039672851562,0.34000396728515625
2020-01-07,72.01000213623047,72.69000244140625,71.16999816894531,72.30999755859375,72.30999755859375,-0.0643111674773123,0.2078629280379829,0.149993896484375,0.149993896484375
2020-01-08,72.36000061035156,73.93499755859375,72.0999984741211,73.33000183105469,73.33000183105469,0.0746275216896526,1.4105992350980534,1.0200042724609375,1.0200042724609375
2020-01-09,73.62000274658203,73.88899993896484,72.51499938964844,73.25,73.25,0.0196421331197147,-0.109098362276061,-0.0800018310546875,-0.0800018310546875
2020-01-10,73.44000244140625,73.95999908447266,72.43000030517578,73.94000244140625,73.94000244140625,0.0529015876693357,0.9419828551621156,0.69000244140625,0.69000244140625
2020-01-13,73.80999755859375,73.80999755859375,69.94200134277344,72.69000244140625,72.69000244140625,1.432364287255631,-1.690559857623164,-1.25,-1.25
2020-01-14,72.16999816894531,73.66000366210938,71.43000030517578,72.18000030517578,72.18000030517578,0.0612164513067409,-0.7016124901654375,-0.5100021362304688,-0.5100021362304688
2020-01-15,71.83999633789062,72.83999633789062,70.61000061035156,70.97000122070312,70.97000122070312,0.0805283926581337,-1.676363368463285,-1.2099990844726562,-1.2099990844726562
2020-01-16,71.5999984741211,73.9800033569336,70.58000183105469,72.94000244140625,72.94000244140625,-0.0098622217226909,2.7758224416212007,1.970001220703125,1.970001220703125
2020-01-17,73.30000305175781,73.39399719238281,71.81999969482422,73.0199966430664,73.0199966430664,0.9369593473108736,0.1096712352380624,0.0799942016601562,0.07999420166015625
2020-01-21,72.43000030517578,73.86000061035156,71.61000061035156,71.83999633789062,71.83999633789062,0.2755253560256696,-1.6159961098653808,-1.1800003051757812,-1.1800003051757812
2020-01-22,72.47000122070312,73.5,71.94000244140625,72.86000061035156,72.86000061035156,0.0156188120048412,1.4198278458471325,1.0200042724609375,1.0200042724609375
2020-01-23,72.52999877929688,72.81999969482422,71.05000305175781,71.76000213623047,71.76000213623047,0.1261260319600335,-1.5097426089848431,-1.0999984741210938,-1.0999984741210938
2020-01-24,71.76000213623047,71.94999694824219,69.5,70.58000183105469,70.58000183105469,0.860516246128277,-1.6443704989523966,-1.1800003051757812,-1.1800003051757812
2020-01-27,68.6500015258789,71.08000183105469,68.01000213623047,70.20999908447266,70.20999908447266,0.8226970276484661,-0.524231704424849,-0.3700027465820312,-0.37000274658203125
2020-01-28,70.87999725341797,72.5,70.47000122070312,71.98999786376953,71.98999786376953,-0.5192146748656765,2.5352496831046567,1.779998779296875,1.779998779296875
2020-01-29,71.95999908447266,72.61399841308594,70.52999877929688,70.58999633789062,70.58999633789062,-0.2536754812840253,-1.944716720964768,-1.4000015258789062,-1.4000015258789062
2020-01-30,69.72000122070312,70.41999816894531,67.83999633789062,68.91999816894531,68.91999816894531,0.5839799748326382,-2.3657717177822057,-1.6699981689453125,-1.6699981689453125
2020-01-31,68.25,68.37999725341797,65.1500015258789,66.05999755859375,66.05999755859375,4.561971671811901,-4.149739823470067,-2.8600006103515625,-2.8600006103515625
2020-02-03,66.43000030517578,67.80000305175781,66.43000030517578,67.18000030517578,67.18000030517578,0.5362365642694726,1.6954326187926585,1.1200027465820312,1.1200027465820312
2020-02-04,67.29000091552734,70.6500015258789,67.29000091552734,70.0199966430664,70.0199966430664,0.3755719410821907,4.227443175036449,2.839996337890625,2.839996337890625
2020-02-05,71.62999725341797,73.79000091552734,71.05000305175781,73.31999969482422,73.31999969482422,0.0134730407435753,4.712943744598985,3.3000030517578125,3.3000030517578125
2020-02-06,73.54000091552734,74.66999816894531,72.30999755859375,72.91000366210938,72.91000366210938,-0.2185384768807966,-0.5591871718785391,-0.4099960327148437,-0.40999603271484375
2020-02-07,72.37000274658203,72.37000274658203,71.04000091552734,71.37999725341797,71.37999725341797,-0.6246256880753623,-2.0984862595563647,-1.5300064086914062,-1.5300064086914062
2020-02-10,71.04000091552734,71.94999694824219,70.01000213623047,70.55999755859375,70.55999755859375,-0.4478677804285864,-1.1487807878627465,-0.8199996948242188,-0.8199996948242188
2020-02-11,71.22000122070312,71.69499969482422,70.48999786376953,71.30000305175781,71.30000305175781,-0.2169291484348472,1.0487606558511553,0.7400054931640625,0.7400054931640625
2020-02-12,72.20999908447266,74.52200317382812,71.5770034790039,74.04000091552734,74.04000091552734,-0.1458504754054153,3.842914090453165,2.7399978637695312,2.7399978637695312
2020-02-13,73.5999984741211,75.12000274658203,72.5260009765625,74.80999755859375,74.80999755859375,0.3975660965101659,1.039973843253872,0.7699966430664062,0.7699966430664062
2020-02-14,74.5,75.95999908447266,73.76000213623047,75.83999633789062,75.83999633789062,0.0805283926581337,1.376819693771747,1.029998779296875,1.029998779296875
2020-02-18,75.44999694824219,78.63999938964844,75.44999694824219,78.2699966430664,78.2699966430664,1.5511863708482283,3.204114481162912,2.430000305175781,2.4300003051757812
2020-02-19,82.25,86.77999877929688,81.95999908447266,86.62999725341797,86.62999725341797,3.249832545547822,10.680977346243626,8.360000610351562,8.360000610351562
2020-02-20,86.55000305175781,88.77999877929688,85.44000244140625,86.87999725341797,86.87999725341797,1.2207375966132847,0.288583640685891,0.25,0.25
2020-02-21,87.12999725341797,88.12000274658203,86.19999694824219,87.7300033569336,87.7300033569336,0.4031987460709887,0.978368013797537,0.850006103515625,0.850006103515625
2020-02-24,83.01000213623047,84.45999908447266,81.51000213623047,82.8499984741211,82.8499984741211,1.362358499856832,-5.562526725273187,-4.8800048828125,-4.8800048828125
2020-02-25,83.62000274658203,84.0,75.12000274658203,76.83000183105469,76.83000183105469,1.435851165555188,-7.266139715074105,-6.019996643066406,-6.019996643066406
2020-02-26,77.41999816894531,78.87000274658203,74.93499755859375,75.69999694824219,75.69999694824219,0.2905457548545306,-1.4707859636621134,-1.1300048828125,-1.1300048828125
2020-02-27,73.51000213623047,78.20999908447266,71.05000305175781,73.94000244140625,73.94000244140625,1.307104889879236,-2.324959812137495,-1.7599945068359375,-1.7599945068359375
2020-02-28,70.73999786376953,73.87999725341797,68.66000366210938,70.98999786376953,70.98999786376953,2.2431976026064717,-3.989727455005765,-2.9500045776367188,-2.9500045776367188
2020-03-02,71.0999984741211,71.52999877929688,65.77999877929688,71.52999877929688,71.52999877929688,1.650428291681775,0.7606718295211312,0.5400009155273438,0.5400009155273438
2020-03-03,71.52999877929688,74.56999969482422,66.0,66.37000274658203,66.37000274658203,2.06724435918267,-7.213751042602167,-5.159996032714844,-5.159996032714844
2020-03-04,70.0,70.25,66.63999938964844,69.29000091552734,69.29000091552734,1.933938319576528,4.399575181719717,2.9199981689453125,2.9199981689453125
2020-03-05,67.47000122070312,68.43000030517578,65.26000213623047,66.48999786376953,66.48999786376953,1.338218573167591,-4.04099150636662,-2.8000030517578125,-2.8000030517578125
2020-03-06,63.310001373291016,64.4000015258789,60.68999862670898,62.84000015258789,62.84000015258789,1.8569587755786148,-5.4895440343675,-3.6499977111816406,-3.6499977111816406
2020-03-09,57.15999984741211,57.5,54.63999938964844,55.02000045776367,55.02000045776367,2.141809910511659,-12.44430247586843,-7.819999694824219,-7.819999694824219
2020-03-10,57.81999969482422,58.47999954223633,54.0,56.619998931884766,56.619998931884766,2.878614117348827,2.9080306448731053,1.5999984741210938,1.5999984741210938
2020-03-11,54.43999862670898,55.79999923706055,49.95000076293945,50.31999969482422,50.31999969482422,1.7740783606122206,-11.12680917680624,-6.299999237060547,-6.299999237060547
2020-03-12,45.06999969482422,49.84799957275391,42.02999877929688,46.900001525878906,46.900001525878906,3.894636809558216,-6.796498787135496,-3.4199981689453125,-3.4199981689453125
2020-03-13,49.47999954223633,54.0,46.5099983215332,53.9900016784668,53.9900016784668,1.6456003063439266,15.11727062242356,7.090000152587891,7.090000152587891
2020-03-16,48.630001068115234,49.43999862670898,41.060001373291016,44.150001525878906,44.150001525878906,3.382870363746306,-18.22559704885589,-9.84000015258789,-9.84000015258789
2020-03-18,39.08000183105469,42.185001373291016,34.400001525878906,40.540000915527344,40.540000915527344,2.671278969229012,-8.176671541529911,-3.6100006103515625,-3.6100006103515625
2020-03-19,40.22999954223633,45.63999938964844,40.22999954223633,42.970001220703125,42.970001220703125,3.129937576324592,5.9940805384764095,2.430000305175781,2.4300003051757812
2020-03-20,43.5,47.459999084472656,41.88999938964844,44.310001373291016,44.310001373291016,4.166345095516006,3.118455002375642,1.3400001525878906,1.3400001525878906
2020-03-24,44.93000030517578,51.45000076293945,44.632999420166016,49.900001525878906,49.900001525878906,1.869565181738552,12.615662332065302,5.590000152587891,5.590000152587891
2020-03-25,50.09999847412109,55.7599983215332,49.66999816894531,52.880001068115234,52.880001068115234,1.6807373107471553,5.971942787799023,2.979999542236328,2.979999542236328
2020-03-26,54.47999954223633,57.18999862670898,53.38999938964844,56.41999816894531,56.41999816894531,1.3299037095301858,6.6943968028105205,3.539997100830078,3.539997100830078
2020-03-27,52.18999862670898,53.68000030517578,50.040000915527344,51.90999984741211,51.90999984741211,0.9686094734145452,-7.993616568416684,-4.509998321533203,-4.509998321533203
2020-03-30,51.68000030517578,54.630001068115234,50.08000183105469,52.790000915527344,52.790000915527344,0.4042716317016217,1.6952438272047177,0.8800010681152344,0.8800010681152344
2020-03-31,52.47999954223633,53.9900016784668,49.83000183105469,50.59000015258789,50.59000015258789,1.6869064031232948,-4.1674573305270695,-2.200000762939453,-2.200000762939453
2020-04-01,48.16999816894531,49.17499923706055,43.75,43.91999816894531,43.91999816894531,1.6123408517943056,-13.18442768042052,-6.670001983642578,-6.670001983642578
