Date,Open,High,Low,Close,Adj Close,Volume,Daily_Return,Adj Close Diff,Price_Diff
1980-01-02,3.0,3.0,3.0,3.0,2.829411745071411,-0.5937971950856011,,,
1980-01-03,2.875,2.875,2.875,2.875,2.711519956588745,-0.5834335792023125,-4.166653675910659,-0.117891788482666,-0.11789178848266602
1980-01-04,2.875,2.875,2.625,2.75,2.593627691268921,-0.5531399327742381,-4.347829527618153,-0.1178922653198242,-0.11789226531982422
1980-01-07,2.75,2.875,2.75,2.75,2.593627691268921,-0.5682867559882754,0.0,0.0,0.0
1980-01-08,2.75,2.75,2.75,2.75,2.593627691268921,-0.5945943963073925,0.0,0.0,0.0
1980-01-09,2.875,2.875,2.875,2.875,2.711519956588745,-0.5945943963073925,4.54545830601254,0.1178922653198242,0.11789226531982422
1980-01-10,2.875,2.875,2.75,2.75,2.593627691268921,-0.5794475730933554,-4.347829527618153,-0.1178922653198242,-0.11789226531982422
1980-01-11,2.875,2.875,2.875,2.875,2.711519956588745,-0.5906083901984354,4.54545830601254,0.1178922653198242,0.11789226531982422
1980-01-14,2.875,2.875,2.875,2.875,2.711519956588745,-0.595391597529184,0.0,0.0,0.0
1980-01-15,2.875,2.875,2.875,2.875,2.711519956588745,-0.5682867559882754,0.0,0.0,0.0
1980-01-16,2.875,3.0,2.875,3.0,2.829411745071411,-0.5746643657626068,4.347811942014279,0.117891788482666,0.11789178848266602
1980-01-17,3.0,3.125,3.0,3.125,2.9473042488098145,-0.5754615669843982,4.166678955219649,0.1178925037384033,0.11789250373840332
1980-01-18,3.125,3.125,3.125,3.125,2.9473042488098145,-0.5914055914202269,0.0,0.0,0.0
1980-01-21,3.125,3.25,3.125,3.125,2.9473042488098145,-0.5929999938638097,0.0,0.0,0.0
1980-01-22,3.125,3.125,3.125,3.125,2.9473042488098145,-0.5834335792023125,0.0,0.0,0.0
1980-01-23,3.125,3.125,3.125,3.125,2.9473042488098145,-0.5937971950856011,0.0,0.0,0.0
1980-01-24,3.125,3.125,3.0,3.125,2.9473042488098145,-0.5762587682061896,0.0,0.0,0.0
1980-01-25,3.125,3.125,3.125,3.125,2.9473042488098145,-0.595391597529184,0.0,0.0,0.0
1980-01-28,3.125,3.125,3.0,3.0,2.829411745071411,-0.5826363779805211,-4.0000113251290825,-0.1178925037384033,-0.11789250373840332
1980-01-29,3.0,3.125,3.0,3.125,2.9473042488098145,-0.5722727620972325,4.166678955219649,0.1178925037384033,0.11789250373840332
1980-01-30,3.125,3.125,3.0,3.125,2.9473042488098145,-0.5794475730933554,0.0,0.0,0.0
1980-01-31,3.125,3.125,3.0,3.0,2.829411745071411,-0.5834335792023125,-4.0000113251290825,-0.1178925037384033,-0.11789250373840332
1980-02-01,3.0,3.0,3.0,3.0,2.829411745071411,-0.5914055914202269,0.0,0.0,0.0
1980-02-04,3.0,3.125,2.875,2.875,2.711519956588745,-0.589811188976644,-4.166653675910659,-0.117891788482666,-0.11789178848266602
1980-02-05,2.875,3.0,2.875,3.0,2.829411745071411,-0.5906083901984354,4.347811942014279,0.117891788482666,0.11789178848266602
1980-02-06,3.0,3.0,2.875,3.0,2.829411745071411,-0.5778531706497725,0.0,0.0,0.0
1980-02-07,2.875,2.875,2.875,2.875,2.711519956588745,-0.578650371871564,-4.166653675910659,-0.117891788482666,-0.11789178848266602
1980-02-08,2.875,2.875,2.875,2.875,2.711519956588745,-0.595391597529184,0.0,0.0,0.0
1980-02-11,2.875,2.875,2.875,2.875,2.711519956588745,-0.5906083901984354,0.0,0.0,0.0
1980-02-12,2.875,2.875,2.875,2.875,2.711519956588745,-0.5706783596536497,0.0,0.0,0.0
1980-02-13,2.875,3.0,2.875,2.875,2.711519956588745,-0.5794475730933554,0.0,0.0,0.0
1980-02-14,2.875,2.875,2.875,2.875,2.711519956588745,-0.595391597529184,0.0,0.0,0.0
1980-02-15,2.875,2.875,2.875,2.875,2.711519956588745,-0.5937971950856011,0.0,0.0,0.0
1980-02-19,2.75,2.75,2.75,2.75,2.593627691268921,-0.5834335792023125,-4.347829527618153,-0.1178922653198242,-0.11789226531982422
1980-02-20,2.875,2.875,2.875,2.875,2.711519956588745,-0.5826363779805211,4.54545830601254,0.1178922653198242,0.11789226531982422
1980-02-21,2.875,2.875,2.875,2.875,2.711519956588745,-0.5746643657626068,0.0,0.0,0.0
1980-02-22,2.875,2.875,2.75,2.75,2.593627691268921,-0.5818391767587296,-4.347829527618153,-0.1178922653198242,-0.11789226531982422
1980-02-25,2.75,2.75,2.75,2.75,2.593627691268921,-0.5937971950856011,0.0,0.0,0.0
1980-02-26,2.75,2.875,2.75,2.75,2.593627691268921,-0.5778531706497725,0.0,0.0,0.0
1980-02-27,2.75,2.75,2.75,2.75,2.593627691268921,-0.595391597529184,0.0,0.0,0.0
1980-02-28,2.75,2.75,2.75,2.75,2.593627691268921,-0.5929999938638097,0.0,0.0,0.0
1980-02-29,2.625,2.625,2.625,2.625,2.475735902786255,-0.5595175425485696,-4.5454399210623775,-0.117891788482666,-0.11789178848266602
1980-03-03,2.5,2.5,2.5,2.5,2.3578431606292725,-0.5802447743151468,-4.761927232395946,-0.1178927421569824,-0.11789274215698242
1980-03-04,2.5,2.625,2.5,2.5,2.3578431606292725,-0.578650371871564,0.0,0.0,0.0
1980-03-05,2.5,2.625,2.5,2.5,2.3578431606292725,-0.5730699633190239,0.0,0.0,0.0
1980-03-06,2.5,2.5,2.5,2.5,2.3578431606292725,-0.5945943963073925,0.0,0.0,0.0
1980-03-07,2.5,2.625,2.5,2.625,2.475735902786255,-0.5802447743151468,5.000024773722389,0.1178927421569824,0.11789274215698242
1980-03-10,2.5,2.5,2.5,2.5,2.3578431606292725,-0.5890139877548526,-4.761927232395946,-0.1178927421569824,-0.11789274215698242
1980-03-11,2.5,2.5,2.375,2.375,2.239951133728028,-0.5906083901984354,-4.999994438552102,-0.1178920269012446,-0.11789202690124467
1980-03-12,2.375,2.375,2.375,2.375,2.239951133728028,-0.5914055914202269,0.0,0.0,0.0
1980-03-13,2.375,2.375,2.375,2.375,2.239951133728028,-0.5746643657626068,0.0,0.0,0.0
1980-03-14,2.375,2.375,2.375,2.375,2.239951133728028,-0.595391597529184,0.0,0.0,0.0
1980-03-17,2.25,2.25,2.25,2.25,2.122058868408203,-0.5826363779805211,-5.263162376386865,-0.1178922653198246,-0.11789226531982466
1980-03-18,2.25,2.375,2.25,2.375,2.239951133728028,-0.5754615669843982,5.555560548999194,0.1178922653198246,0.11789226531982466
1980-03-19,2.375,2.375,2.375,2.375,2.239951133728028,-0.5794475730933554,0.0,0.0,0.0
1980-03-20,2.375,2.375,2.375,2.375,2.239951133728028,-0.5754615669843982,0.0,0.0,0.0
1980-03-21,2.375,2.375,2.375,2.375,2.239951133728028,-0.5945943963073925,0.0,0.0,0.0
1980-03-24,2.375,2.5,2.375,2.375,2.239951133728028,-0.5937971950856011,0.0,0.0,0.0
1980-03-25,2.375,2.375,2.375,2.375,2.239951133728028,-0.595391597529184,0.0,0.0,0.0
1980-03-26,2.375,2.375,2.375,2.375,2.239951133728028,-0.5929999938638097,0.0,0.0,0.0
1980-03-27,2.25,2.25,2.25,2.25,2.122058868408203,-0.5945943963073925,-5.263162376386865,-0.1178922653198246,-0.11789226531982466
1980-03-28,2.25,2.375,2.0,2.25,2.122058868408203,-0.5722727620972325,0.0,0.0,0.0
1980-03-31,2.25,2.25,2.25,2.25,2.122058868408203,-0.595391597529184,0.0,0.0,0.0
1980-04-01,2.25,2.25,2.25,2.25,2.122058868408203,-0.5945943963073925,0.0,0.0,0.0
1980-04-02,2.25,2.25,2.25,2.25,2.122058868408203,-0.5945943963073925,0.0,0.0,0.0
1980-04-03,2.25,2.25,2.25,2.25,2.122058868408203,-0.5929999938638097,0.0,0.0,0.0
1980-04-07,2.25,2.25,2.25,2.25,2.122058868408203,-0.5834335792023125,0.0,0.0,0.0
1980-04-08,2.125,2.125,2.125,2.125,2.004166841506958,-0.5826363779805211,-5.55554931375104,-0.1178920269012451,-0.11789202690124512
1980-04-09,2.125,2.125,2.125,2.125,2.004166841506958,-0.5945943963073925,0.0,0.0,0.0
1980-04-10,2.125,2.25,2.125,2.25,2.122058868408203,-0.5754615669843982,5.882345943444545,0.1178920269012451,0.11789202690124512
1980-04-11,2.25,2.25,2.25,2.25,2.122058868408203,-0.5818391767587296,0.0,0.0,0.0
1980-04-14,2.125,2.125,2.125,2.125,2.004166841506958,-0.5706783596536497,-5.55554931375104,-0.1178920269012451,-0.11789202690124512
1980-04-15,2.0,2.0,2.0,2.0,1.886274695396424,-0.5914055914202269,-5.882351891516668,-0.1178921461105344,-0.117892146110534
1980-04-16,2.0,2.125,2.0,2.125,2.004166841506958,-0.5906083901984354,6.249998815032498,0.1178921461105344,0.117892146110534
1980-04-17,2.125,2.125,2.125,2.125,2.004166841506958,-0.5746643657626068,0.0,0.0,0.0
1980-04-18,2.125,2.25,2.0,2.25,2.122058868408203,-0.5818391767587296,5.882345943444545,0.1178920269012451,0.11789202690124512
1980-04-21,2.125,2.125,2.125,2.125,2.004166841506958,-0.5937971950856011,-5.55554931375104,-0.1178920269012451,-0.11789202690124512
1980-04-22,2.25,2.25,2.25,2.25,2.122058868408203,-0.5937971950856011,5.882345943444545,0.1178920269012451,0.11789202690124512
1980-04-23,2.25,2.25,2.25,2.25,2.122058868408203,-0.595391597529184,0.0,0.0,0.0
1980-04-24,2.25,2.375,2.25,2.375,2.239951133728028,-0.5826363779805211,5.555560548999194,0.1178922653198246,0.11789226531982466
1980-04-25,2.25,2.25,2.25,2.25,2.122058868408203,-0.5937971950856011,-5.263162376386865,-0.1178922653198246,-0.11789226531982466
1980-04-28,2.375,2.375,2.375,2.375,2.239951133728028,-0.5937971950856011,5.555560548999194,0.1178922653198246,0.11789226531982466
1980-04-29,2.375,2.5,2.375,2.5,2.3578431606292725,-0.5818391767587296,5.263151732468052,0.1178920269012446,0.11789202690124467
1980-04-30,2.375,2.375,2.375,2.375,2.239951133728028,-0.5914055914202269,-4.999994438552102,-0.1178920269012446,-0.11789202690124467
1980-05-01,2.375,2.375,2.375,2.375,2.239951133728028,-0.595391597529184,0.0,0.0,0.0
1980-05-02,2.375,2.375,2.375,2.375,2.239951133728028,-0.5818391767587296,0.0,0.0,0.0
1980-05-05,2.375,2.375,2.375,2.375,2.239951133728028,-0.5937971950856011,0.0,0.0,0.0
1980-05-06,2.375,2.375,2.375,2.375,2.239951133728028,-0.5937971950856011,0.0,0.0,0.0
1980-05-07,2.375,2.5,2.375,2.375,2.239951133728028,-0.5890139877548526,0.0,0.0,0.0
1980-05-08,2.375,2.375,2.375,2.375,2.239951133728028,-0.595391597529184,0.0,0.0,0.0
1980-05-09,2.375,2.375,2.375,2.375,2.239951133728028,-0.5834335792023125,0.0,0.0,0.0
1980-05-12,2.375,2.5,2.375,2.5,2.3578431606292725,-0.5834335792023125,5.263151732468052,0.1178920269012446,0.11789202690124467
1980-05-13,2.375,2.375,2.375,2.375,2.239951133728028,-0.5945943963073925,-4.999994438552102,-0.1178920269012446,-0.11789202690124467
1980-05-14,2.375,2.5,2.375,2.375,2.239951133728028,-0.589811188976644,0.0,0.0,0.0
1980-05-15,2.375,2.375,2.375,2.375,2.239951133728028,-0.595391597529184,0.0,0.0,0.0
1980-05-16,2.375,2.375,2.375,2.375,2.239951133728028,-0.5929999938638097,0.0,0.0,0.0
1980-05-19,2.375,2.375,2.375,2.375,2.239951133728028,-0.5937971950856011,0.0,0.0,0.0
1980-05-20,2.375,2.375,2.375,2.375,2.239951133728028,-0.5929999938638097,0.0,0.0,0.0
1980-05-21,2.375,2.375,2.375,2.375,2.239951133728028,-0.5929999938638097,0.0,0.0,0.0
1980-05-22,2.375,2.375,2.375,2.375,2.239951133728028,-0.595391597529184,0.0,0.0,0.0
1980-05-23,2.375,2.375,2.375,2.375,2.239951133728028,-0.5794475730933554,0.0,0.0,0.0
1980-05-27,2.375,2.375,2.375,2.375,2.239951133728028,-0.5778531706497725,0.0,0.0,0.0
1980-05-28,2.375,2.5,2.375,2.5,2.3578431606292725,-0.5499511278870725,5.263151732468052,0.1178920269012446,0.11789202690124467
1980-05-29,2.5,2.75,2.375,2.75,2.593627691268921,-0.5595175425485696,10.000009100551075,0.2357845306396484,0.23578453063964844
1980-05-30,2.75,2.875,2.75,2.875,2.711519956588745,-0.589811188976644,4.54545830601254,0.1178922653198242,0.11789226531982422
1980-06-02,2.875,3.0,2.875,3.0,2.829411745071411,-0.5818391767587296,4.347811942014279,0.117891788482666,0.11789178848266602
1980-06-03,3.0,3.25,3.0,3.0,2.829411745071411,-0.5682867559882754,0.0,0.0,0.0
1980-06-04,3.0,3.0,2.875,3.0,2.829411745071411,-0.578650371871564,0.0,0.0,0.0
1980-06-05,3.0,3.0,2.875,3.0,2.829411745071411,-0.5826363779805211,0.0,0.0,0.0
1980-06-06,2.875,2.875,2.875,2.875,2.711519956588745,-0.5937971950856011,-4.166653675910659,-0.117891788482666,-0.11789178848266602
1980-06-09,2.875,2.875,2.875,2.875,2.711519956588745,-0.5826363779805211,0.0,0.0,0.0
1980-06-10,2.875,2.875,2.75,2.75,2.593627691268921,-0.5754615669843982,-4.347829527618153,-0.1178922653198242,-0.11789226531982422
1980-06-11,2.75,2.75,2.75,2.75,2.593627691268921,-0.595391597529184,0.0,0.0,0.0
1980-06-12,2.875,2.875,2.875,2.875,2.711519956588745,-0.5945943963073925,4.54545830601254,0.1178922653198242,0.11789226531982422
1980-06-13,2.875,2.875,2.875,2.875,2.711519956588745,-0.5802447743151468,0.0,0.0,0.0
1980-06-16,3.0,3.0,3.0,3.0,2.829411745071411,-0.5770559694279811,4.347811942014279,0.117891788482666,0.11789178848266602
1980-06-17,3.0,3.0,3.0,3.0,2.829411745071411,-0.5906083901984354,0.0,0.0,0.0
1980-06-18,3.0,3.125,3.0,3.125,2.9473042488098145,-0.5650979511011096,4.166678955219649,0.1178925037384033,0.11789250373840332
1980-06-19,3.125,3.125,3.125,3.125,2.9473042488098145,-0.5834335792023125,0.0,0.0,0.0
1980-06-20,3.125,3.125,3.125,3.125,2.9473042488098145,-0.5794475730933554,0.0,0.0,0.0
1980-06-23,3.125,3.25,3.125,3.25,3.0651965141296387,-0.5890139877548526,4.00000323575116,0.1178922653198242,0.11789226531982422
1980-06-24,3.25,3.375,3.125,3.375,3.1830883026123047,-0.5842307804241039,3.8461412812920814,0.117891788482666,0.11789178848266602
1980-06-25,3.375,3.5,3.25,3.5,3.300980567932129,-0.5666923535446925,3.703707032666115,0.1178922653198242,0.11789226531982422
1980-06-26,3.5,3.5,3.375,3.375,3.1830883026123047,-0.5802447743151468,-3.5714316668539747,-0.1178922653198242,-0.11789226531982422
1980-06-27,3.375,3.375,3.25,3.375,3.1830883026123047,-0.5563287376614039,0.0,0.0,0.0
1980-06-30,3.375,3.375,3.25,3.25,3.0651965141296387,-0.5906083901984354,-3.703692052335283,-0.117891788482666,-0.11789178848266602
1980-07-01,3.375,3.5,3.375,3.5,3.300980567932129,-0.5754615669843982,7.692298119079677,0.2357840538024902,0.23578405380249023
1980-07-02,3.375,3.375,3.375,3.375,3.1830883026123047,-0.5945943963073925,-3.5714316668539747,-0.1178922653198242,-0.11789226531982422
1980-07-03,3.5,3.5,3.5,3.5,3.300980567932129,-0.5810419755369383,3.703707032666115,0.1178922653198242,0.11789226531982422
1980-07-07,3.5,3.625,3.5,3.5,3.300980567932129,-0.5738671645408153,0.0,0.0,0.0
1980-07-08,3.5,3.625,3.375,3.5,3.300980567932129,-0.5650979511011096,0.0,0.0,0.0
1980-07-09,3.5,3.625,3.25,3.25,3.0651965141296387,-0.5340071034512438,-7.142848888389397,-0.2357840538024902,-0.23578405380249023
1980-07-10,3.375,3.625,3.375,3.375,3.1830883026123047,-0.5571259388831953,3.8461412812920814,0.117891788482666,0.11789178848266602
1980-07-11,3.375,3.375,3.375,3.375,3.1830883026123047,-0.5937971950856011,0.0,0.0,0.0
1980-07-14,3.5,3.5,3.5,3.5,3.300980567932129,-0.5922027926420182,3.703707032666115,0.1178922653198242,0.11789226531982422
1980-07-15,3.375,3.375,3.375,3.375,3.1830883026123047,-0.5937971950856011,-3.5714316668539747,-0.1178922653198242,-0.11789226531982422
1980-07-16,3.375,3.5,3.375,3.5,3.300980567932129,-0.5850279816458954,3.703707032666115,0.1178922653198242,0.11789226531982422
1980-07-17,3.5,3.5,3.375,3.375,3.1830883026123047,-0.589811188976644,-3.5714316668539747,-0.1178922653198242,-0.11789226531982422
1980-07-18,3.375,3.375,3.375,3.375,3.1830883026123047,-0.595391597529184,0.0,0.0,0.0
1980-07-21,3.25,3.25,3.25,3.25,3.0651965141296387,-0.5937971950856011,-3.703692052335283,-0.117891788482666,-0.11789178848266602
1980-07-22,3.25,3.25,3.25,3.25,3.0651965141296387,-0.5890139877548526,0.0,0.0,0.0
1980-07-23,3.25,3.25,3.125,3.125,2.9473042488098145,-0.578650371871564,-3.846156837787595,-0.1178922653198242,-0.11789226531982422
1980-07-24,3.125,3.125,3.125,3.125,2.9473042488098145,-0.5922027926420182,0.0,0.0,0.0
1980-07-25,3.125,3.125,3.125,3.125,2.9473042488098145,-0.5890139877548526,0.0,0.0,0.0
1980-07-28,3.125,3.125,3.125,3.125,2.9473042488098145,-0.595391597529184,0.0,0.0,0.0
1980-07-29,3.125,3.125,3.125,3.125,2.9473042488098145,-0.5922027926420182,0.0,0.0,0.0
1980-07-30,3.125,3.25,3.125,3.25,3.0651965141296387,-0.5890139877548526,4.00000323575116,0.1178922653198242,0.11789226531982422
1980-07-31,3.375,3.375,3.375,3.375,3.1830883026123047,-0.5802447743151468,3.8461412812920814,0.117891788482666,0.11789178848266602
1980-08-01,3.25,3.25,3.125,3.25,3.0651965141296387,-0.5738671645408153,-3.703692052335283,-0.117891788482666,-0.11789178848266602
1980-08-04,3.125,3.125,3.125,3.125,2.9473042488098145,-0.5937971950856011,-3.846156837787595,-0.1178922653198242,-0.11789226531982422
1980-08-05,3.125,3.125,3.125,3.125,2.9473042488098145,-0.5818391767587296,0.0,0.0,0.0
1980-08-06,3.125,3.125,3.125,3.125,2.9473042488098145,-0.595391597529184,0.0,0.0,0.0
1980-08-07,3.125,3.375,3.125,3.375,3.1830883026123047,-0.5802447743151468,7.999990292746495,0.2357840538024902,0.23578405380249023
1980-08-08,3.375,3.625,3.375,3.625,3.418872356414795,-0.5387903107819924,7.407399085001387,0.2357840538024902,0.23578405380249023
1980-08-11,3.5,3.5,3.375,3.5,3.300980567932129,-0.5922027926420182,-3.4482652814302077,-0.117891788482666,-0.11789178848266602
1980-08-12,3.5,3.625,3.375,3.375,3.1830883026123047,-0.5818391767587296,-3.5714316668539747,-0.1178922653198242,-0.11789226531982422
1980-08-13,3.5,3.5,3.5,3.5,3.300980567932129,-0.5937971950856011,3.703707032666115,0.1178922653198242,0.11789226531982422
1980-08-14,3.25,3.25,3.25,3.25,3.0651965141296387,-0.5794475730933554,-7.142848888389397,-0.2357840538024902,-0.23578405380249023
1980-08-15,3.25,3.25,3.25,3.25,3.0651965141296387,-0.5945943963073925,0.0,0.0,0.0
1980-08-18,3.25,3.25,3.25,3.25,3.0651965141296387,-0.595391597529184,0.0,0.0,0.0
1980-08-19,3.25,3.25,3.25,3.25,3.0651965141296387,-0.5937971950856011,0.0,0.0,0.0
1980-08-20,3.125,3.125,3.125,3.125,2.9473042488098145,-0.5890139877548526,-3.846156837787595,-0.1178922653198242,-0.11789226531982422
1980-08-21,3.25,3.25,3.25,3.25,3.0651965141296387,-0.5937971950856011,4.00000323575116,0.1178922653198242,0.11789226531982422
1980-08-22,3.25,3.25,3.125,3.125,2.9473042488098145,-0.5890139877548526,-3.846156837787595,-0.1178922653198242,-0.11789226531982422
1980-08-25,3.125,3.125,3.125,3.125,2.9473042488098145,-0.5802447743151468,0.0,0.0,0.0
1980-08-26,3.125,3.125,3.125,3.125,2.9473042488098145,-0.5945943963073925,0.0,0.0,0.0
1980-08-27,3.125,3.125,3.125,3.125,2.9473042488098145,-0.5945943963073925,0.0,0.0,0.0
1980-08-28,3.125,3.125,3.125,3.125,2.9473042488098145,-0.5794475730933554,0.0,0.0,0.0
1980-08-29,3.125,3.125,3.125,3.125,2.9473042488098145,-0.5937971950856011,0.0,0.0,0.0
1980-09-02,3.125,3.125,3.0,3.0,2.829411745071411,-0.5842307804241039,-4.0000113251290825,-0.1178925037384033,-0.11789250373840332
1980-09-03,3.0,3.0,3.0,3.0,2.829411745071411,-0.589811188976644,0.0,0.0,0.0
1980-09-04,3.125,3.125,3.125,3.125,2.9473042488098145,-0.589811188976644,4.166678955219649,0.1178925037384033,0.11789250373840332
1980-09-05,3.125,3.125,3.125,3.125,2.9473042488098145,-0.5945943963073925,0.0,0.0,0.0
1980-09-08,3.125,3.125,3.125,3.125,2.9473042488098145,-0.5722727620972325,0.0,0.0,0.0
1980-09-09,3.125,3.125,3.125,3.125,2.9473042488098145,-0.5842307804241039,0.0,0.0,0.0
1980-09-10,3.125,3.125,3.125,3.125,2.9473042488098145,-0.5563287376614039,0.0,0.0,0.0
1980-09-11,3.125,3.25,3.125,3.25,3.0651965141296387,-0.5467623229999067,4.00000323575116,0.1178922653198242,0.11789226531982422
1980-09-12,3.25,3.25,3.25,3.25,3.0651965141296387,-0.5937971950856011,0.0,0.0,0.0
1980-09-15,3.25,3.375,3.125,3.125,2.9473042488098145,-0.5818391767587296,-3.846156837787595,-0.1178922653198242,-0.11789226531982422
1980-09-16,3.25,3.25,3.25,3.25,3.0651965141296387,-0.5762587682061896,4.00000323575116,0.1178922653198242,0.11789226531982422
1980-09-17,3.25,3.625,3.25,3.625,3.418872356414795,-0.549153926665281,11.538439400371756,0.3536758422851562,0.35367584228515625
1980-09-18,3.625,3.625,3.25,3.625,3.418872356414795,-0.4630561947118065,0.0,0.0,0.0
1980-09-19,3.625,3.75,3.625,3.75,3.5367648601531982,-0.5340071034512438,3.4482862022386707,0.1178925037384033,0.11789250373840332
1980-09-22,3.75,3.75,3.625,3.625,3.418872356414795,-0.5483567254434896,-3.3333429956464933,-0.1178925037384033,-0.11789250373840332
1980-09-23,3.625,3.75,3.625,3.625,3.418872356414795,-0.5738671645408153,0.0,0.0,0.0
1980-09-24,3.625,3.75,3.625,3.625,3.418872356414795,-0.5802447743151468,0.0,0.0,0.0
1980-09-25,3.625,3.625,3.625,3.625,3.418872356414795,-0.5802447743151468,0.0,0.0,0.0
1980-09-26,3.625,3.625,3.375,3.375,3.1830883026123047,-0.5754615669843982,-6.896544510066049,-0.2357840538024902,-0.23578405380249023
1980-09-29,3.375,3.375,3.125,3.25,3.0651965141296387,-0.5802447743151468,-3.703692052335283,-0.117891788482666,-0.11789178848266602
1980-09-30,3.375,3.625,3.375,3.625,3.418872356414795,-0.5762587682061896,11.538439400371756,0.3536758422851562,0.35367584228515625
1980-10-01,3.625,3.625,3.625,3.625,3.418872356414795,-0.5619091462139439,0.0,0.0,0.0
1980-10-02,3.625,3.625,3.625,3.625,3.418872356414795,-0.5770559694279811,0.0,0.0,0.0
1980-10-03,3.625,3.625,3.625,3.625,3.418872356414795,-0.5929999938638097,0.0,0.0,0.0
1980-10-06,3.625,3.625,3.625,3.625,3.418872356414795,-0.589811188976644,0.0,0.0,0.0
1980-10-07,3.625,3.625,3.625,3.625,3.418872356414795,-0.5937971950856011,0.0,0.0,0.0
1980-10-08,3.625,3.625,3.5,3.5,3.300980567932129,-0.5746643657626068,-3.4482652814302077,-0.117891788482666,-0.11789178848266602
1980-10-09,3.5,3.5,3.5,3.5,3.300980567932129,-0.5890139877548526,0.0,0.0,0.0
1980-10-10,3.625,3.625,3.625,3.625,3.418872356414795,-0.5937971950856011,3.5714172215354223,0.117891788482666,0.11789178848266602
1980-10-13,3.625,3.625,3.5,3.5,3.300980567932129,-0.578650371871564,-3.4482652814302077,-0.117891788482666,-0.11789178848266602
1980-10-14,3.5,3.5,3.25,3.5,3.300980567932129,-0.5754615669843982,0.0,0.0,0.0
1980-10-15,3.5,3.5,3.375,3.5,3.300980567932129,-0.5850279816458954,0.0,0.0,0.0
1980-10-16,3.5,3.625,3.25,3.375,3.1830883026123047,-0.5395875120037839,-3.5714316668539747,-0.1178922653198242,-0.11789226531982422
1980-10-17,3.5,3.5,3.5,3.5,3.300980567932129,-0.5929999938638097,3.703707032666115,0.1178922653198242,0.11789226531982422
1980-10-20,3.5,3.5,3.375,3.5,3.300980567932129,-0.5890139877548526,0.0,0.0,0.0
1980-10-21,3.5,3.625,3.375,3.375,3.1830883026123047,-0.5802447743151468,-3.5714316668539747,-0.1178922653198242,-0.11789226531982422
1980-10-22,3.25,3.25,3.25,3.25,3.0651965141296387,-0.5794475730933554,-3.703692052335283,-0.117891788482666,-0.11789178848266602
1980-10-23,3.25,3.25,3.25,3.25,3.0651965141296387,-0.5937971950856011,0.0,0.0,0.0
1980-10-24,3.375,3.5,3.375,3.5,3.300980567932129,-0.5802447743151468,7.692298119079677,0.2357840538024902,0.23578405380249023
1980-10-27,3.5,3.5,3.375,3.375,3.1830883026123047,-0.5890139877548526,-3.5714316668539747,-0.1178922653198242,-0.11789226531982422
1980-10-28,3.375,3.375,3.375,3.375,3.1830883026123047,-0.595391597529184,0.0,0.0,0.0
1980-10-29,3.25,3.25,3.25,3.25,3.0651965141296387,-0.5929999938638097,-3.703692052335283,-0.117891788482666,-0.11789178848266602
1980-10-30,3.25,3.25,3.125,3.125,2.9473042488098145,-0.5834335792023125,-3.846156837787595,-0.1178922653198242,-0.11789226531982422
1980-10-31,3.125,3.375,3.125,3.375,3.1830883026123047,-0.5794475730933554,7.999990292746495,0.2357840538024902,0.23578405380249023
1980-11-03,3.25,3.25,3.25,3.25,3.0651965141296387,-0.5937971950856011,-3.703692052335283,-0.117891788482666,-0.11789178848266602
1980-11-05,3.25,3.375,3.25,3.375,3.1830883026123047,-0.5922027926420182,3.8461412812920814,0.117891788482666,0.11789178848266602
1980-11-06,3.375,3.375,3.25,3.25,3.0651965141296387,-0.589811188976644,-3.703692052335283,-0.117891788482666,-0.11789178848266602
1980-11-07,3.25,3.25,3.125,3.25,3.0651965141296387,-0.5754615669843982,0.0,0.0,0.0
1980-11-10,3.25,3.375,3.25,3.25,3.0651965141296387,-0.5754615669843982,0.0,0.0,0.0
1980-11-11,3.25,3.25,3.25,3.25,3.0651965141296387,-0.5818391767587296,0.0,0.0,0.0
1980-11-12,3.25,3.375,3.25,3.375,3.1830883026123047,-0.578650371871564,3.8461412812920814,0.117891788482666,0.11789178848266602
1980-11-13,3.375,3.375,3.375,3.375,3.1830883026123047,-0.5850279816458954,0.0,0.0,0.0
1980-11-14,3.375,3.625,3.375,3.5,3.300980567932129,-0.5587203413267782,3.703707032666115,0.1178922653198242,0.11789226531982422
1980-11-17,3.5,3.625,3.5,3.5,3.300980567932129,-0.5834335792023125,0.0,0.0,0.0
1980-11-18,3.5,3.75,3.375,3.75,3.5367648601531982,-0.5579231401049868,7.142856111048679,0.2357842922210693,0.23578429222106934
1980-11-19,3.75,3.875,3.625,3.75,3.5367648601531982,-0.5810419755369383,0.0,0.0,0.0
1980-11-20,3.75,3.75,3.625,3.625,3.418872356414795,-0.571475560875441,-3.3333429956464933,-0.1178925037384033,-0.11789250373840332
1980-11-21,3.625,3.625,3.625,3.625,3.418872356414795,-0.5929999938638097,0.0,0.0,0.0
1980-11-24,3.625,3.75,3.625,3.625,3.418872356414795,-0.571475560875441,0.0,0.0,0.0
1980-11-25,3.625,3.625,3.5,3.625,3.418872356414795,-0.5834335792023125,0.0,0.0,0.0
1980-11-26,3.625,3.625,3.625,3.625,3.418872356414795,-0.5730699633190239,0.0,0.0,0.0
1980-11-28,3.625,4.125,3.625,4.125,3.8904411792755127,-0.526832292455121,13.793109940940562,0.4715688228607178,0.4715688228607178
1980-12-01,4.375,5.625,4.375,5.375,5.069363117218018,-0.2860775234741088,30.3030397740661,1.1789219379425049,1.1789219379425049
1980-12-02,5.375,5.375,4.75,5.25,4.95147180557251,-0.4112381152953634,-2.3255645515921297,-0.1178913116455078,-0.11789131164550781
1980-12-03,5.25,5.25,5.0,5.125,4.833579063415527,-0.5395875120037839,-2.380963616197973,-0.1178927421569824,-0.11789274215698242
1980-12-04,5.125,5.25,5.125,5.25,4.95147180557251,-0.5595175425485696,2.439036180235288,0.1178927421569824,0.11789274215698242
1980-12-05,5.25,5.25,5.125,5.25,4.95147180557251,-0.5627063474357353,0.0,0.0,0.0
1980-12-08,5.0,5.0,4.125,4.125,3.8904411792755127,-0.5419791156691581,-21.428590688992443,-1.061030626296997,-1.061030626296997
1980-12-09,4.25,4.75,4.25,4.625,4.362010478973389,-0.5555315364396124,12.12122939192446,0.471569299697876,0.471569299697876
1980-12-10,4.625,4.875,4.625,4.625,4.362010478973389,-0.5619091462139439,0.0,0.0,0.0
1980-12-11,4.5,4.5,4.25,4.375,4.126225471496582,-0.526832292455121,-5.405420473274503,-0.2357850074768066,-0.23578500747680664
1980-12-12,4.375,4.375,4.375,4.375,4.126225471496582,-0.5802447743151468,0.0,0.0,0.0
1980-12-15,4.375,4.375,4.375,4.375,4.126225471496582,-0.5834335792023125,0.0,0.0,0.0
1980-12-16,4.375,4.375,4.25,4.375,4.126225471496582,-0.5802447743151468,0.0,0.0,0.0
1980-12-17,4.5,4.625,4.5,4.5,4.244117736816406,-0.5826363779805211,2.8571454985726774,0.1178922653198242,0.11789226531982422
1980-12-18,4.5,4.75,4.375,4.375,4.126225471496582,-0.578650371871564,-2.777780274499586,-0.1178922653198242,-0.11789226531982422
1980-12-19,4.375,4.375,4.375,4.375,4.126225471496582,-0.5929999938638097,0.0,0.0,0.0
1980-12-22,4.375,4.625,4.375,4.625,4.362010478973389,-0.5906083901984354,5.714302553400885,0.2357850074768066,0.23578500747680664
1980-12-23,4.625,4.625,4.5,4.625,4.362010478973389,-0.565895152322901,0.0,0.0,0.0
1980-12-24,4.5,4.5,4.5,4.5,4.244117736816406,-0.5945943963073925,-2.7027157024329007,-0.1178927421569824,-0.11789274215698242
1980-12-26,4.5,4.625,4.375,4.375,4.126225471496582,-0.5810419755369383,-2.777780274499586,-0.1178922653198242,-0.11789226531982422
1980-12-29,4.375,4.375,4.25,4.25,4.008333683013916,-0.5611119449921524,-2.8571339423171804,-0.117891788482666,-0.11789178848266602
1980-12-30,4.25,4.375,4.25,4.375,4.126225471496582,-0.5627063474357353,2.9411670236501264,0.117891788482666,0.11789178848266602
1980-12-31,4.375,4.5,4.375,4.375,4.126225471496582,-0.5810419755369383,0.0,0.0,0.0
1981-01-02,4.375,4.375,4.375,4.375,4.126225471496582,-0.5914055914202269,0.0,0.0,0.0
1981-01-05,4.375,4.5,4.375,4.5,4.244117736816406,-0.5802447743151468,2.8571454985726774,0.1178922653198242,0.11789226531982422
1981-01-06,4.5,4.625,4.375,4.625,4.362010478973389,-0.5834335792023125,2.777791509747707,0.1178927421569824,0.11789274215698242
1981-01-07,4.25,4.25,3.875,4.0,3.772549390792847,-0.4821890240348008,-13.513518388412326,-0.5894610881805415,-0.5894610881805415
1981-01-08,4.0,4.125,3.875,4.0,3.772549390792847,-0.5754615669843982,0.0,0.0,0.0
1981-01-09,4.0,4.375,3.875,4.25,4.008333683013916,-0.5515455303306553,6.249998815032498,0.2357842922210689,0.2357842922210689
1981-01-12,4.375,4.375,4.375,4.375,4.126225471496582,-0.5802447743151468,2.9411670236501264,0.117891788482666,0.11789178848266602
1981-01-13,4.25,4.25,4.0,4.125,3.8904411792755127,-0.5690839572100668,-5.714285219017623,-0.2357842922210693,-0.23578429222106934
1981-01-14,4.125,4.125,4.125,4.125,3.8904411792755127,-0.5882167865330611,0.0,0.0,0.0
1981-01-15,4.125,4.25,4.0,4.125,3.8904411792755127,-0.5914055914202269,0.0,0.0,0.0
1981-01-16,4.125,4.125,4.0,4.125,3.8904411792755127,-0.571475560875441,0.0,0.0,0.0
1981-01-19,4.125,4.25,3.875,4.25,4.008333683013916,-0.5762587682061896,3.0303119442190773,0.1178925037384033,0.11789250373840332
1981-01-20,4.25,4.25,3.875,4.0,3.772549390792847,-0.5619091462139439,-5.882351891516668,-0.2357842922210689,-0.2357842922210689
1981-01-21,4.0,4.125,4.0,4.125,3.8904411792755127,-0.5929999938638097,3.124989927776367,0.1178917884826655,0.11789178848266557
1981-01-22,4.125,4.125,4.0,4.0,3.772549390792847,-0.5858251828676868,-3.0302935592672164,-0.1178917884826655,-0.11789178848266557
1981-01-23,4.0,4.0,3.875,3.875,3.6546568870544434,-0.5674895547664839,-3.125008887256142,-0.1178925037384037,-0.11789250373840376
1981-01-26,3.75,3.75,3.75,3.75,3.5367648601531982,-0.5945943963073925,-3.225802874104089,-0.1178920269012451,-0.11789202690124512
1981-01-27,3.75,3.875,3.75,3.75,3.5367648601531982,-0.5914055914202269,0.0,0.0,0.0
1981-01-28,3.75,4.0,3.75,4.0,3.772549390792847,-0.5810419755369383,6.666672508995575,0.2357845306396488,0.23578453063964888
1981-01-29,4.0,4.25,3.875,4.25,4.008333683013916,-0.5611119449921524,6.249998815032498,0.2357842922210689,0.2357842922210689
1981-01-30,4.25,4.375,4.25,4.25,4.008333683013916,-0.5754615669843982,0.0,0.0,0.0
1981-02-02,4.25,4.375,4.125,4.25,4.008333683013916,-0.5627063474357353,0.0,0.0,0.0
1981-02-03,4.25,4.25,4.125,4.125,3.8904411792755127,-0.5818391767587296,-2.941184867866553,-0.1178925037384033,-0.11789250373840332
1981-02-04,4.125,4.25,4.125,4.125,3.8904411792755127,-0.5929999938638097,0.0,0.0,0.0
1981-02-05,4.25,4.25,4.25,4.25,4.008333683013916,-0.5945943963073925,3.0303119442190773,0.1178925037384033,0.11789250373840332
1981-02-06,4.25,4.25,4.25,4.25,4.008333683013916,-0.5937971950856011,0.0,0.0,0.0
1981-02-09,4.25,4.25,4.25,4.25,4.008333683013916,-0.5945943963073925,0.0,0.0,0.0
1981-02-10,4.125,4.125,3.875,3.875,3.6546568870544434,-0.5834335792023125,-8.823536759383233,-0.3536767959594726,-0.35367679595947266
1981-02-11,3.875,3.875,3.875,3.875,3.6546568870544434,-0.5858251828676868,0.0,0.0,0.0
1981-02-12,3.875,3.875,3.625,3.625,3.418872356414795,-0.5730699633190239,-6.451618795593273,-0.2357845306396484,-0.23578453063964844
1981-02-13,3.625,3.625,3.625,3.625,3.418872356414795,-0.5914055914202269,0.0,0.0,0.0
1981-02-17,3.875,4.25,3.875,4.25,4.008333683013916,-0.5451679205563238,17.241396143179234,0.5894613265991211,0.5894613265991211
1981-02-18,4.125,4.125,3.875,4.0,3.772549390792847,-0.5818391767587296,-5.882351891516668,-0.2357842922210689,-0.2357842922210689
1981-02-19,4.0,4.0,3.75,3.75,3.5367648601531982,-0.5890139877548526,-6.250005134859105,-0.2357845306396488,-0.23578453063964888
1981-02-20,3.75,3.875,3.75,3.875,3.6546568870544434,-0.5858251828676868,3.3333295133490592,0.1178920269012451,0.11789202690124512
1981-02-23,3.875,4.0,3.75,3.875,3.6546568870544434,-0.5650979511011096,0.0,0.0,0.0
1981-02-24,3.875,4.125,3.875,4.125,3.8904411792755127,-0.5730699633190239,6.45161227190072,0.2357842922210693,0.23578429222106934
1981-02-25,4.0,4.0,4.0,4.0,3.772549390792847,-0.5929999938638097,-3.0302935592672164,-0.1178917884826655,-0.11789178848266557
1981-02-26,4.0,4.25,4.0,4.125,3.8904411792755127,-0.5890139877548526,3.124989927776367,0.1178917884826655,0.11789178848266557
1981-02-27,4.125,4.25,3.875,4.25,4.008333683013916,-0.565895152322901,3.0303119442190773,0.1178925037384033,0.11789250373840332
1981-03-02,4.25,4.5,4.25,4.5,4.244117736816406,-0.5587203413267782,5.882345943444545,0.2357840538024902,0.23578405380249023
1981-03-03,4.5,4.625,4.375,4.375,4.126225471496582,-0.5587203413267782,-2.777780274499586,-0.1178922653198242,-0.11789226531982422
1981-03-04,4.375,4.375,4.375,4.375,4.126225471496582,-0.5730699633190239,0.0,0.0,0.0
1981-03-05,4.375,4.375,4.25,4.25,4.008333683013916,-0.5922027926420182,-2.8571339423171804,-0.117891788482666,-0.11789178848266602
1981-03-06,4.125,4.125,4.125,4.125,3.8904411792755127,-0.5937971950856011,-2.941184867866553,-0.1178925037384033,-0.11789250373840332
1981-03-09,4.125,4.125,4.0,4.125,3.8904411792755127,-0.5914055914202269,0.0,0.0,0.0
1981-03-10,4.25,4.375,4.25,4.25,4.008333683013916,-0.5858251828676868,3.0303119442190773,0.1178925037384033,0.11789250373840332
1981-03-11,4.25,4.375,4.125,4.25,4.008333683013916,-0.5746643657626068,0.0,0.0,0.0
1981-03-12,4.25,4.25,4.125,4.125,3.8904411792755127,-0.5834335792023125,-2.941184867866553,-0.1178925037384033,-0.11789250373840332
1981-03-13,4.125,4.125,4.125,4.125,3.8904411792755127,-0.595391597529184,0.0,0.0,0.0
1981-03-16,4.25,4.25,4.25,4.25,4.008333683013916,-0.5906083901984354,3.0303119442190773,0.1178925037384033,0.11789250373840332
1981-03-17,4.25,4.375,4.125,4.25,4.008333683013916,-0.5762587682061896,0.0,0.0,0.0
1981-03-18,4.375,4.375,4.375,4.375,4.126225471496582,-0.5643007498793182,2.9411670236501264,0.117891788482666,0.11789178848266602
1981-03-19,4.375,5.125,4.25,5.0,4.715686321258545,-0.497335847248838,14.285715936607923,0.5894608497619629,0.5894608497619629
1981-03-20,5.0,5.25,5.0,5.125,4.833579063415527,-0.4503009751631436,2.5000123868611945,0.1178927421569824,0.11789274215698242
1981-03-23,5.125,5.5,5.0,5.25,4.95147180557251,-0.4797974203694265,2.439036180235288,0.1178927421569824,0.11789274215698242
1981-03-24,5.25,5.375,5.0,5.25,4.95147180557251,-0.5164686765718324,0.0,0.0,0.0
1981-03-25,5.25,5.25,5.125,5.25,4.95147180557251,-0.5738671645408153,0.0,0.0,0.0
1981-03-26,5.25,5.25,5.0,5.0,4.715686321258545,-0.5451679205563238,-4.761927232395946,-0.2357854843139648,-0.23578548431396484
1981-03-27,5.0,5.125,5.0,5.125,4.833579063415527,-0.5754615669843982,2.5000123868611945,0.1178927421569824,0.11789274215698242
1981-03-30,5.125,5.25,5.0,5.25,4.95147180557251,-0.5475595242216982,2.439036180235288,0.1178927421569824,0.11789274215698242
1981-03-31,5.25,5.25,5.125,5.25,4.95147180557251,-0.5770559694279811,0.0,0.0,0.0
1981-04-01,5.25,5.375,5.125,5.25,4.95147180557251,-0.5356015058948267,0.0,0.0,0.0
1981-04-02,5.25,5.375,5.25,5.25,4.95147180557251,-0.5754615669843982,0.0,0.0,0.0
1981-04-03,5.25,5.25,5.125,5.125,4.833579063415527,-0.5794475730933554,-2.380963616197973,-0.1178927421569824,-0.11789274215698242
1981-04-06,5.125,5.125,5.0,5.0,4.715686321258545,-0.5587203413267782,-2.439036180235288,-0.1178927421569824,-0.11789274215698242
1981-04-07,5.125,5.25,5.125,5.25,4.95147180557251,-0.578650371871564,5.000024773722389,0.2357854843139648,0.23578548431396484
1981-04-08,5.25,5.25,5.125,5.125,4.833579063415527,-0.578650371871564,-2.380963616197973,-0.1178927421569824,-0.11789274215698242
1981-04-09,5.125,5.25,5.125,5.25,4.95147180557251,-0.5619091462139439,2.439036180235288,0.1178927421569824,0.11789274215698242
1981-04-10,5.25,5.25,5.125,5.125,4.833579063415527,-0.5228462863461638,-2.380963616197973,-0.1178927421569824,-0.11789274215698242
1981-04-13,5.125,5.25,5.0,5.25,4.95147180557251,-0.5690839572100668,2.439036180235288,0.1178927421569824,0.11789274215698242
1981-04-14,5.25,5.25,5.125,5.25,4.95147180557251,-0.5826363779805211,0.0,0.0,0.0
1981-04-15,5.125,5.125,5.0,5.0,4.715686321258545,-0.5810419755369383,-4.761927232395946,-0.2357854843139648,-0.23578548431396484
1981-04-16,5.0,5.125,4.75,5.0,4.715686321258545,-0.5698811584318582,0.0,0.0,0.0
1981-04-20,5.0,5.0,4.75,4.875,4.597794532775879,-0.5834335792023125,-2.499992163414344,-0.117891788482666,-0.11789178848266602
1981-04-21,4.625,4.625,4.375,4.375,4.126225471496582,-0.5515455303306553,-10.256418765946709,-0.4715690612792969,-0.4715690612792969
1981-04-22,4.375,4.5,4.375,4.5,4.244117736816406,-0.565895152322901,2.8571454985726774,0.1178922653198242,0.11789226531982422
1981-04-23,4.5,4.625,4.5,4.5,4.244117736816406,-0.5635035486575267,0.0,0.0,0.0
1981-04-24,4.5,4.625,4.5,4.5,4.244117736816406,-0.5802447743151468,0.0,0.0,0.0
1981-04-27,4.375,4.375,4.375,4.375,4.126225471496582,-0.5945943963073925,-2.777780274499586,-0.1178922653198242,-0.11789226531982422
1981-04-28,4.375,4.625,4.375,4.5,4.244117736816406,-0.5810419755369383,2.8571454985726774,0.1178922653198242,0.11789226531982422
1981-04-29,4.375,4.375,4.375,4.375,4.126225471496582,-0.5914055914202269,-2.777780274499586,-0.1178922653198242,-0.11789226531982422
1981-04-30,4.375,4.5,4.375,4.5,4.244117736816406,-0.5882167865330611,2.8571454985726774,0.1178922653198242,0.11789226531982422
1981-05-01,4.5,4.5,4.375,4.5,4.244117736816406,-0.5810419755369383,0.0,0.0,0.0
1981-05-04,4.375,4.375,4.375,4.375,4.126225471496582,-0.5810419755369383,-2.777780274499586,-0.1178922653198242,-0.11789226531982422
1981-05-05,4.375,4.375,4.375,4.375,4.126225471496582,-0.5858251828676868,0.0,0.0,0.0
1981-05-06,4.375,4.375,4.375,4.375,4.126225471496582,-0.5794475730933554,0.0,0.0,0.0
1981-05-07,4.375,4.5,4.375,4.5,4.244117736816406,-0.5826363779805211,2.8571454985726774,0.1178922653198242,0.11789226531982422
1981-05-08,4.5,4.5,4.5,4.5,4.244117736816406,-0.5890139877548526,0.0,0.0,0.0
1981-05-11,4.5,4.5,4.375,4.375,4.126225471496582,-0.5387903107819924,-2.777780274499586,-0.1178922653198242,-0.11789226531982422
1981-05-12,4.375,5.0,4.375,5.0,4.715686321258545,-0.5228462863461638,14.285715936607923,0.5894608497619629,0.5894608497619629
1981-05-13,5.0,5.25,4.5,4.5,4.244117736816406,-0.5188602802372067,-9.999998988827665,-0.4715685844421386,-0.47156858444213867
1981-05-14,4.5,4.625,4.375,4.5,4.244117736816406,-0.3538396273263804,0.0,0.0,0.0
1981-05-15,4.625,5.0,4.625,4.625,4.362010478973389,-0.3339095967815947,2.777791509747707,0.1178927421569824,0.11789274215698242
1981-05-18,4.625,4.875,4.5,4.75,4.479902267456055,-0.5061050606885438,2.702693839250303,0.117891788482666,0.11789178848266602
1981-05-19,4.75,5.0,4.5,5.0,4.715686321258545,-0.4423289629452293,5.263151732468074,0.2357840538024902,0.23578405380249023
1981-05-20,5.0,5.0,4.5,4.5,4.244117736816406,-0.5332099022294524,-9.999998988827665,-0.4715685844421386,-0.47156858444213867
1981-05-21,4.5,4.75,4.5,4.625,4.362010478973389,-0.5188602802372067,2.777791509747707,0.1178927421569824,0.11789274215698242
1981-05-22,4.625,4.75,4.625,4.75,4.479902267456055,-0.526832292455121,2.702693839250303,0.117891788482666,0.11789178848266602
1981-05-26,4.75,4.75,4.5,4.75,4.479902267456055,-0.5300210973422866,0.0,0.0,0.0
1981-05-27,4.75,5.125,4.75,5.125,4.833579063415527,-0.4255877372876092,7.894743564580264,0.3536767959594726,0.35367679595947266
1981-05-28,5.125,5.25,4.875,5.0,4.715686321258545,-0.4192101275132778,-2.439036180235288,-0.1178927421569824,-0.11789274215698242
1981-05-29,5.0,5.0,4.875,5.0,4.715686321258545,-0.5132798716846666,0.0,0.0,0.0
1981-06-01,5.0,5.25,4.75,5.0,4.715686321258545,-0.3634060419878776,0.0,0.0,0.0
1981-06-02,5.0,5.125,4.875,5.0,4.715686321258545,-0.4662449995989722,0.0,0.0,0.0
1981-06-03,5.0,5.0,4.875,5.0,4.715686321258545,-0.5395875120037839,0.0,0.0,0.0
1981-06-04,5.0,5.0,4.75,4.875,4.597794532775879,-0.5228462863461638,-2.499992163414344,-0.117891788482666,-0.11789178848266602
1981-06-05,4.875,5.0,4.75,5.0,4.715686321258545,-0.5395875120037839,2.5640943204891187,0.117891788482666,0.11789178848266602
1981-06-08,5.0,5.375,5.0,5.25,4.95147180557251,-0.3370984016687604,5.000024773722389,0.2357854843139648,0.23578548431396484
1981-06-09,5.25,5.5,5.25,5.25,4.95147180557251,-0.3769584627583319,0.0,0.0,0.0
1981-06-10,5.25,6.0,5.25,5.875,5.540931224822998,-0.053294766711011,11.904731409095293,0.5894594192504883,0.5894594192504883
1981-06-11,5.875,5.875,5.625,5.875,5.540931224822998,-0.3785528652019148,0.0,0.0,0.0
1981-06-12,5.875,6.0,5.625,5.875,5.540931224822998,-0.2653502917075316,0.0,0.0,0.0
1981-06-15,5.875,6.0,5.75,5.75,5.42303991317749,-0.4710282069297208,-2.127644377128568,-0.1178913116455078,-0.11789131164550781
1981-06-16,5.75,5.875,5.5,5.625,5.305147171020508,-0.5348043046730352,-2.1739235566110016,-0.1178927421569824,-0.11789274215698242
1981-06-17,5.625,5.875,5.5,5.875,5.540931224822998,-0.4782030179258436,4.444439451000837,0.2357840538024902,0.23578405380249023
1981-06-18,5.875,5.875,5.5,5.625,5.305147171020508,-0.4869722313655494,-4.2553145714242735,-0.2357840538024902,-0.23578405380249023
1981-06-19,5.625,5.875,5.625,5.875,5.540931224822998,-0.4853778289219665,4.444439451000837,0.2357840538024902,0.23578405380249023
1981-06-22,5.875,5.875,5.5,5.5,5.187255382537842,-0.5252378900115381,-6.38296755427522,-0.3536758422851562,-0.35367584228515625
1981-06-23,5.5,5.875,5.5,5.75,5.42303991317749,-0.5499511278870725,4.54545830601254,0.2357845306396484,0.23578453063964844
1981-06-24,5.625,5.625,5.5,5.5,5.187255382537842,-0.5611119449921524,-4.347829527618153,-0.2357845306396484,-0.23578453063964844
1981-06-25,5.625,5.75,5.625,5.625,5.305147171020508,-0.5842307804241039,2.2727199605312,0.117891788482666,0.11789178848266602
1981-06-26,5.625,5.625,5.5,5.625,5.305147171020508,-0.5571259388831953,0.0,0.0,0.0
1981-06-29,5.625,5.625,5.375,5.375,5.069363117218018,-0.5316154997858695,-4.444439451000837,-0.2357840538024902,-0.23578405380249023
1981-06-30,5.25,5.25,5.0,5.0,4.715686321258545,-0.4152241214043206,-6.976750092298866,-0.3536767959594726,-0.35367679595947266
1981-07-01,5.0,5.125,5.0,5.0,4.715686321258545,-0.5571259388831953,0.0,0.0,0.0
1981-07-02,5.0,5.125,4.75,4.75,4.479902267456055,-0.5451679205563238,-4.999994438552113,-0.2357840538024902,-0.23578405380249023
1981-07-06,4.75,4.75,4.5,4.625,4.362010478973389,-0.5108882680192923,-2.631570544274653,-0.117891788482666,-0.11789178848266602
1981-07-07,4.625,4.875,4.625,4.875,4.597794532775879,-0.5722727620972325,5.405398610091883,0.2357840538024902,0.23578405380249023
1981-07-08,4.875,4.875,4.625,4.625,4.362010478973389,-0.5635035486575267,-5.128199011975809,-0.2357840538024902,-0.23578405380249023
1981-07-09,4.75,4.75,4.75,4.75,4.479902267456055,-0.5850279816458954,2.702693839250303,0.117891788482666,0.11789178848266602
1981-07-10,4.75,4.875,4.75,4.875,4.597794532775879,-0.5850279816458954,2.631581188193421,0.1178922653198242,0.11789226531982422
1981-07-13,4.875,4.875,4.625,4.875,4.597794532775879,-0.5794475730933554,0.0,0.0,0.0
1981-07-14,4.875,4.875,4.75,4.875,4.597794532775879,-0.5826363779805211,0.0,0.0,0.0
1981-07-15,4.875,4.875,4.75,4.875,4.597794532775879,-0.5810419755369383,0.0,0.0,0.0
1981-07-16,4.875,4.875,4.875,4.875,4.597794532775879,-0.5778531706497725,0.0,0.0,0.0
1981-07-17,4.875,4.875,4.875,4.875,4.597794532775879,-0.5674895547664839,0.0,0.0,0.0
1981-07-20,4.875,4.875,4.75,4.75,4.479902267456055,-0.5842307804241039,-2.5641046914866794,-0.1178922653198242,-0.11789226531982422
1981-07-21,4.75,4.75,4.75,4.75,4.479902267456055,-0.5914055914202269,0.0,0.0,0.0
1981-07-22,4.75,4.875,4.625,4.625,4.362010478973389,-0.5459651217781153,-2.631570544274653,-0.117891788482666,-0.11789178848266602
1981-07-23,4.625,4.875,4.625,4.75,4.479902267456055,-0.5706783596536497,2.702693839250303,0.117891788482666,0.11789178848266602
1981-07-24,4.75,4.875,4.625,4.875,4.597794532775879,-0.5643007498793182,2.631581188193421,0.1178922653198242,0.11789226531982422
1981-07-27,4.875,4.875,4.75,4.875,4.597794532775879,-0.5762587682061896,0.0,0.0,0.0
1981-07-28,4.875,4.875,4.625,4.75,4.479902267456055,-0.5826363779805211,-2.5641046914866794,-0.1178922653198242,-0.11789226531982422
1981-07-29,4.75,4.75,4.5,4.5,4.244117736816406,-0.5507483291088638,-5.263162376386854,-0.2357845306396484,-0.23578453063964844
1981-07-30,4.625,4.75,4.625,4.75,4.479902267456055,-0.5611119449921524,5.555560548999172,0.2357845306396484,0.23578453063964844
1981-07-31,4.75,5.0,4.75,5.0,4.715686321258545,-0.5579231401049868,5.263151732468074,0.2357840538024902,0.23578405380249023
1981-08-03,4.75,4.75,4.625,4.625,4.362010478973389,-0.5643007498793182,-7.499986601966468,-0.3536758422851562,-0.35367584228515625
1981-08-04,4.625,4.625,4.5,4.625,4.362010478973389,-0.5650979511011096,0.0,0.0,0.0
1981-08-05,4.625,4.875,4.625,4.75,4.479902267456055,-0.5571259388831953,2.702693839250303,0.117891788482666,0.11789178848266602
1981-08-06,4.75,5.0,4.75,4.875,4.597794532775879,-0.5316154997858695,2.631581188193421,0.1178922653198242,0.11789226531982422
1981-08-07,4.875,5.125,4.875,5.125,4.833579063415527,-0.5132798716846666,5.128209382973359,0.2357845306396484,0.23578453063964844
1981-08-10,5.125,5.125,4.875,5.125,4.833579063415527,-0.5666923535446925,0.0,0.0,0.0
1981-08-11,5.125,5.25,4.625,4.625,4.362010478973389,-0.5324127010076609,-9.756095395466993,-0.4715685844421386,-0.47156858444213867
1981-08-12,4.75,4.875,4.75,4.875,4.597794532775879,-0.5922027926420182,5.405398610091883,0.2357840538024902,0.23578405380249023
1981-08-13,4.875,4.875,4.75,4.875,4.597794532775879,-0.5738671645408153,0.0,0.0,0.0
1981-08-14,4.875,4.875,4.75,4.875,4.597794532775879,-0.5579231401049868,0.0,0.0,0.0
1981-08-17,4.875,5.0,4.625,4.625,4.362010478973389,-0.5818391767587296,-5.128199011975809,-0.2357840538024902,-0.23578405380249023
1981-08-18,4.625,4.75,4.625,4.625,4.362010478973389,-0.5603147437703611,0.0,0.0,0.0
1981-08-19,4.625,4.875,4.625,4.875,4.597794532775879,-0.5778531706497725,5.405398610091883,0.2357840538024902,0.23578405380249023
1981-08-20,4.75,4.75,4.625,4.625,4.362010478973389,-0.5555315364396124,-5.128199011975809,-0.2357840538024902,-0.23578405380249023
1981-08-21,4.625,4.625,4.5,4.5,4.244117736816406,-0.5666923535446925,-2.7027157024329007,-0.1178927421569824,-0.11789274215698242
1981-08-24,4.5,4.625,4.5,4.625,4.362010478973389,-0.5220490851243723,2.777791509747707,0.1178927421569824,0.11789274215698242
1981-08-25,4.625,4.625,4.375,4.625,4.362010478973389,-0.5220490851243723,0.0,0.0,0.0
1981-08-26,4.625,4.75,4.625,4.75,4.479902267456055,-0.5507483291088638,2.702693839250303,0.117891788482666,0.11789178848266602
1981-08-27,4.625,4.625,4.625,4.625,4.362010478973389,-0.5842307804241039,-2.631570544274653,-0.117891788482666,-0.11789178848266602
1981-08-28,4.625,4.625,4.625,4.625,4.362010478973389,-0.5794475730933554,0.0,0.0,0.0
1981-08-31,4.625,4.625,4.625,4.625,4.362010478973389,-0.5834335792023125,0.0,0.0,0.0
1981-09-01,4.625,4.625,4.5,4.5,4.244117736816406,-0.5555315364396124,-2.7027157024329007,-0.1178927421569824,-0.11789274215698242
1981-09-02,4.5,4.625,4.5,4.5,4.244117736816406,-0.5834335792023125,0.0,0.0,0.0
1981-09-03,4.5,4.5,4.25,4.25,4.008333683013916,-0.5746643657626068,-5.55554931375104,-0.2357840538024902,-0.23578405380249023
1981-09-04,4.25,4.25,4.0,4.0,3.772549390792847,-0.5523427315524467,-5.882351891516668,-0.2357842922210689,-0.2357842922210689
1981-09-08,4.0,4.25,4.0,4.0,3.772549390792847,-0.5635035486575267,0.0,0.0,0.0
1981-09-09,4.125,4.25,4.125,4.25,4.008333683013916,-0.5914055914202269,6.249998815032498,0.2357842922210689,0.2357842922210689
1981-09-10,4.25,4.375,4.25,4.375,4.126225471496582,-0.5611119449921524,2.9411670236501264,0.117891788482666,0.11789178848266602
1981-09-11,4.375,5.0,4.375,5.0,4.715686321258545,-0.5236434875679552,14.285715936607923,0.5894608497619629,0.5894608497619629
1981-09-14,4.75,4.75,4.625,4.625,4.362010478973389,-0.5603147437703611,-7.499986601966468,-0.3536758422851562,-0.35367584228515625
1981-09-15,4.625,4.625,4.625,4.625,4.362010478973389,-0.5802447743151468,0.0,0.0,0.0
1981-09-16,4.5,4.5,4.375,4.5,4.244117736816406,-0.5770559694279811,-2.7027157024329007,-0.1178927421569824,-0.11789274215698242
1981-09-17,4.375,4.375,4.375,4.375,4.126225471496582,-0.5929999938638097,-2.777780274499586,-0.1178922653198242,-0.11789226531982422
1981-09-18,4.375,4.375,4.375,4.375,4.126225471496582,-0.5826363779805211,0.0,0.0,0.0
1981-09-21,4.375,4.5,4.375,4.375,4.126225471496582,-0.5890139877548526,0.0,0.0,0.0
1981-09-22,4.375,4.375,4.25,4.25,4.008333683013916,-0.5802447743151468,-2.8571339423171804,-0.117891788482666,-0.11789178848266602
1981-09-23,4.125,4.125,4.0,4.0,3.772549390792847,-0.5571259388831953,-5.882351891516668,-0.2357842922210689,-0.2357842922210689
1981-09-24,4.0,4.0,3.625,3.875,3.6546568870544434,-0.5555315364396124,-3.125008887256142,-0.1178925037384037,-0.11789250373840376
1981-09-25,3.875,3.875,3.625,3.875,3.6546568870544434,-0.5738671645408153,0.0,0.0,0.0
1981-09-28,3.75,3.75,3.5,3.75,3.5367648601531982,-0.4981330484706294,-3.225802874104089,-0.1178920269012451,-0.11789202690124512
1981-09-29,3.875,4.375,3.875,4.25,4.008333683013916,-0.5371959083384096,13.3333382768424,0.4715688228607178,0.4715688228607178
1981-09-30,4.25,4.25,4.125,4.125,3.8904411792755127,-0.5746643657626068,-2.941184867866553,-0.1178925037384033,-0.11789250373840332
1981-10-01,4.125,4.375,4.125,4.375,4.126225471496582,-0.5722727620972325,6.060605503486305,0.2357842922210693,0.23578429222106934
1981-10-02,4.375,4.5,4.25,4.375,4.126225471496582,-0.5348043046730352,0.0,0.0,0.0
1981-10-05,4.375,4.625,4.25,4.25,4.008333683013916,-0.5746643657626068,-2.8571339423171804,-0.117891788482666,-0.11789178848266602
1981-10-06,4.375,4.375,4.375,4.375,4.126225471496582,-0.5770559694279811,2.9411670236501264,0.117891788482666,0.11789178848266602
1981-10-07,4.375,4.375,4.125,4.125,3.8904411792755127,-0.5674895547664839,-5.714285219017623,-0.2357842922210693,-0.23578429222106934
1981-10-08,4.125,4.25,4.0,4.25,4.008333683013916,-0.5834335792023125,3.0303119442190773,0.1178925037384033,0.11789250373840332
1981-10-09,4.25,4.375,4.0,4.0,3.772549390792847,-0.549153926665281,-5.882351891516668,-0.2357842922210689,-0.2357842922210689
1981-10-12,4.125,4.375,4.125,4.25,4.008333683013916,-0.5826363779805211,6.249998815032498,0.2357842922210689,0.2357842922210689
1981-10-13,4.125,4.125,4.125,4.125,3.8904411792755127,-0.5595175425485696,-2.941184867866553,-0.1178925037384033,-0.11789250373840332
1981-10-14,4.125,4.125,3.875,4.125,3.8904411792755127,-0.543573518112741,0.0,0.0,0.0
1981-10-15,4.125,4.125,3.75,3.75,3.5367648601531982,-0.5722727620972325,-9.09090519107082,-0.3536763191223144,-0.35367631912231445
1981-10-16,3.75,4.0,3.75,4.0,3.772549390792847,-0.5834335792023125,6.666672508995575,0.2357845306396488,0.23578453063964888
1981-10-19,4.0,4.125,3.75,4.125,3.8904411792755127,-0.5794475730933554,3.124989927776367,0.1178917884826655,0.11789178848266557
1981-10-20,4.125,4.125,4.0,4.125,3.8904411792755127,-0.5906083901984354,0.0,0.0,0.0
1981-10-21,4.125,4.25,4.125,4.25,4.008333683013916,-0.589811188976644,3.0303119442190773,0.1178925037384033,0.11789250373840332
1981-10-22,4.25,4.25,4.125,4.125,3.8904411792755127,-0.5842307804241039,-2.941184867866553,-0.1178925037384033,-0.11789250373840332
1981-10-23,4.125,4.125,4.125,4.125,3.8904411792755127,-0.5922027926420182,0.0,0.0,0.0
1981-10-26,4.125,4.125,4.125,4.125,3.8904411792755127,-0.589811188976644,0.0,0.0,0.0
1981-10-27,4.125,4.125,4.125,4.125,3.8904411792755127,-0.5914055914202269,0.0,0.0,0.0
1981-10-28,4.125,4.25,4.125,4.125,3.8904411792755127,-0.5818391767587296,0.0,0.0,0.0
1981-10-29,4.125,4.125,4.125,4.125,3.8904411792755127,-0.5914055914202269,0.0,0.0,0.0
1981-10-30,4.125,4.125,3.875,4.0,3.772549390792847,-0.5571259388831953,-3.0302935592672164,-0.1178917884826655,-0.11789178848266557
1981-11-02,4.0,4.0,3.875,4.0,3.772549390792847,-0.5826363779805211,0.0,0.0,0.0
1981-11-03,4.0,4.0,4.0,4.0,3.772549390792847,-0.5834335792023125,0.0,0.0,0.0
1981-11-04,4.0,4.0,3.875,4.0,3.772549390792847,-0.5834335792023125,0.0,0.0,0.0
1981-11-05,4.0,4.0,3.75,3.75,3.5367648601531982,-0.5730699633190239,-6.250005134859105,-0.2357845306396488,-0.23578453063964888
1981-11-06,3.75,4.0,3.75,3.875,3.6546568870544434,-0.5451679205563238,3.3333295133490592,0.1178920269012451,0.11789202690124512
1981-11-09,3.875,4.0,3.875,3.875,3.6546568870544434,-0.5937971950856011,0.0,0.0,0.0
1981-11-10,3.875,3.875,3.875,3.875,3.6546568870544434,-0.5770559694279811,0.0,0.0,0.0
1981-11-11,3.875,4.0,3.875,4.0,3.772549390792847,-0.5794475730933554,3.2258159214892057,0.1178925037384037,0.11789250373840376
1981-11-12,4.0,4.0,3.75,4.0,3.772549390792847,-0.5730699633190239,0.0,0.0,0.0
1981-11-13,4.125,4.375,4.125,4.125,3.8904411792755127,-0.5682867559882754,3.124989927776367,0.1178917884826655,0.11789178848266557
1981-11-16,4.125,4.25,3.875,3.875,3.6546568870544434,-0.5802447743151468,-6.060605503486305,-0.2357842922210693,-0.23578429222106934
1981-11-17,3.875,3.875,3.75,3.75,3.5367648601531982,-0.5826363779805211,-3.225802874104089,-0.1178920269012451,-0.11789202690124512
1981-11-18,3.75,3.875,3.75,3.875,3.6546568870544434,-0.5770559694279811,3.3333295133490592,0.1178920269012451,0.11789202690124512
1981-11-19,3.875,3.875,3.5,3.5,3.300980567932129,-0.5108882680192923,-9.677415146004808,-0.3536763191223144,-0.35367631912231445
1981-11-20,3.5,3.875,3.5,3.75,3.5367648601531982,-0.5571259388831953,7.142856111048679,0.2357842922210693,0.23578429222106934
1981-11-23,3.75,3.75,3.625,3.625,3.418872356414795,-0.5706783596536497,-3.3333429956464933,-0.1178925037384033,-0.11789250373840332
1981-11-24,3.625,3.75,3.5,3.625,3.418872356414795,-0.5770559694279811,0.0,0.0,0.0
1981-11-25,3.625,3.875,3.5,3.75,3.5367648601531982,-0.549153926665281,3.4482862022386707,0.1178925037384033,0.11789250373840332
1981-11-27,3.75,3.875,3.75,3.875,3.6546568870544434,-0.5890139877548526,3.3333295133490592,0.1178920269012451,0.11789202690124512
1981-11-30,3.875,3.875,3.625,3.875,3.6546568870544434,-0.5635035486575267,0.0,0.0,0.0
1981-12-01,3.75,3.75,3.625,3.75,3.5367648601531982,-0.5746643657626068,-3.225802874104089,-0.1178920269012451,-0.11789202690124512
1981-12-02,3.75,3.875,3.625,3.875,3.6546568870544434,-0.5826363779805211,3.3333295133490592,0.1178920269012451,0.11789202690124512
1981-12-03,3.875,3.875,3.75,3.875,3.6546568870544434,-0.5746643657626068,0.0,0.0,0.0
1981-12-04,3.875,3.875,3.625,3.75,3.5367648601531982,-0.5643007498793182,-3.225802874104089,-0.1178920269012451,-0.11789202690124512
1981-12-07,3.75,3.875,3.625,3.75,3.5367648601531982,-0.5587203413267782,0.0,0.0,0.0
1981-12-08,3.875,4.0,3.875,4.0,3.772549390792847,-0.5674895547664839,6.666672508995575,0.2357845306396488,0.23578453063964888
1981-12-09,4.0,4.125,4.0,4.125,3.8904411792755127,-0.5890139877548526,3.124989927776367,0.1178917884826655,0.11789178848266557
1981-12-10,4.0,4.0,4.0,4.0,3.772549390792847,-0.589811188976644,-3.0302935592672164,-0.1178917884826655,-0.11789178848266557
1981-12-11,3.875,3.875,3.75,3.875,3.6546568870544434,-0.549153926665281,-3.125008887256142,-0.1178925037384037,-0.11789250373840376
1981-12-14,3.875,4.0,3.875,3.875,3.6546568870544434,-0.5842307804241039,0.0,0.0,0.0
1981-12-15,3.875,3.875,3.75,3.75,3.5367648601531982,-0.5810419755369383,-3.225802874104089,-0.1178920269012451,-0.11789202690124512
1981-12-16,3.625,3.625,3.375,3.5,3.300980567932129,-0.5172658777936238,-6.666665767846835,-0.2357842922210693,-0.23578429222106934
1981-12-17,3.5,3.625,3.375,3.625,3.418872356414795,-0.5778531706497725,3.5714172215354223,0.117891788482666,0.11789178848266602
1981-12-18,3.625,3.75,3.625,3.75,3.5367648601531982,-0.5698811584318582,3.4482862022386707,0.1178925037384033,0.11789250373840332
1981-12-21,3.75,3.875,3.75,3.75,3.5367648601531982,-0.5866223840894782,0.0,0.0,0.0
1981-12-22,3.75,3.75,3.5,3.625,3.418872356414795,-0.5531399327742381,-3.3333429956464933,-0.1178925037384033,-0.11789250373840332
1981-12-23,3.625,3.875,3.5,3.875,3.6546568870544434,-0.5308182985640781,6.896558457271684,0.2357845306396484,0.23578453063964844
1981-12-24,3.75,3.75,3.625,3.625,3.418872356414795,-0.554734335217821,-6.451618795593273,-0.2357845306396484,-0.23578453063964844
1981-12-28,3.625,3.875,3.625,3.625,3.418872356414795,-0.5722727620972325,0.0,0.0,0.0
1981-12-29,3.625,3.625,3.5,3.625,3.418872356414795,-0.5666923535446925,0.0,0.0,0.0
1981-12-30,3.625,3.625,3.375,3.5,3.300980567932129,-0.5228462863461638,-3.4482652814302077,-0.117891788482666,-0.11789178848266602
1981-12-31,3.5,3.625,3.375,3.625,3.418872356414795,-0.4797974203694265,3.5714172215354223,0.117891788482666,0.11789178848266602
1982-01-04,3.625,3.75,3.5,3.75,3.5367648601531982,-0.5738671645408153,3.4482862022386707,0.1178925037384033,0.11789250373840332
1982-01-05,3.75,3.75,3.625,3.625,3.418872356414795,-0.5730699633190239,-3.3333429956464933,-0.1178925037384033,-0.11789250373840332
1982-01-06,3.625,3.625,3.5,3.5,3.300980567932129,-0.589811188976644,-3.4482652814302077,-0.117891788482666,-0.11789178848266602
1982-01-07,3.5,3.5,3.375,3.5,3.300980567932129,-0.5834335792023125,0.0,0.0,0.0
1982-01-08,3.5,3.5,3.25,3.25,3.0651965141296387,-0.491755438696298,-7.142848888389397,-0.2357840538024902,-0.23578405380249023
1982-01-11,3.25,3.375,3.125,3.25,3.0651965141296387,-0.5579231401049868,0.0,0.0,0.0
1982-01-12,3.25,3.25,3.125,3.25,3.0651965141296387,-0.5762587682061896,0.0,0.0,0.0
1982-01-13,3.25,3.25,3.125,3.25,3.0651965141296387,-0.5866223840894782,0.0,0.0,0.0
1982-01-14,3.25,3.25,3.125,3.25,3.0651965141296387,-0.5730699633190239,0.0,0.0,0.0
1982-01-15,3.25,3.375,3.125,3.375,3.1830883026123047,-0.5666923535446925,3.8461412812920814,0.117891788482666,0.11789178848266602
1982-01-18,3.375,3.5,3.25,3.5,3.300980567932129,-0.5539371339960296,3.703707032666115,0.1178922653198242,0.11789226531982422
1982-01-19,3.5,3.5,3.5,3.5,3.300980567932129,-0.5850279816458954,0.0,0.0,0.0
1982-01-20,3.5,3.625,3.375,3.375,3.1830883026123047,-0.5746643657626068,-3.5714316668539747,-0.1178922653198242,-0.11789226531982422
1982-01-21,3.375,3.5,3.375,3.5,3.300980567932129,-0.5922027926420182,3.703707032666115,0.1178922653198242,0.11789226531982422
1982-01-22,3.5,3.5,3.5,3.5,3.300980567932129,-0.595391597529184,0.0,0.0,0.0
1982-01-25,3.375,3.375,3.25,3.25,3.0651965141296387,-0.5890139877548526,-7.142848888389397,-0.2357840538024902,-0.23578405380249023
1982-01-26,3.375,3.375,3.375,3.375,3.1830883026123047,-0.5866223840894782,3.8461412812920814,0.117891788482666,0.11789178848266602
1982-01-27,3.375,3.5,3.125,3.25,3.0651965141296387,-0.5395875120037839,-3.703692052335283,-0.117891788482666,-0.11789178848266602
1982-01-28,3.25,3.5,3.125,3.25,3.0651965141296387,-0.5698811584318582,0.0,0.0,0.0
1982-01-29,3.25,3.375,3.25,3.25,3.0651965141296387,-0.5842307804241039,0.0,0.0,0.0
1982-02-01,3.25,3.375,3.125,3.125,2.9473042488098145,-0.5340071034512438,-3.846156837787595,-0.1178922653198242,-0.11789226531982422
1982-02-02,3.125,3.25,3.125,3.25,3.0651965141296387,-0.5603147437703611,4.00000323575116,0.1178922653198242,0.11789226531982422
1982-02-03,3.25,3.25,3.125,3.25,3.0651965141296387,-0.5746643657626068,0.0,0.0,0.0
1982-02-04,3.25,3.25,3.125,3.25,3.0651965141296387,-0.5706783596536497,0.0,0.0,0.0
1982-02-05,3.25,3.375,3.125,3.375,3.1830883026123047,-0.5643007498793182,3.8461412812920814,0.117891788482666,0.11789178848266602
1982-02-08,3.25,3.25,3.125,3.25,3.0651965141296387,-0.5762587682061896,-3.703692052335283,-0.117891788482666,-0.11789178848266602
1982-02-09,3.25,3.25,3.25,3.25,3.0651965141296387,-0.5945943963073925,0.0,0.0,0.0
1982-02-10,3.25,3.375,3.125,3.375,3.1830883026123047,-0.5802447743151468,3.8461412812920814,0.117891788482666,0.11789178848266602
1982-02-11,3.375,3.375,3.125,3.375,3.1830883026123047,-0.5403847132255752,0.0,0.0,0.0
1982-02-12,3.375,3.375,3.25,3.25,3.0651965141296387,-0.5100910667975009,-3.703692052335283,-0.117891788482666,-0.11789178848266602
1982-02-16,3.25,3.375,3.25,3.25,3.0651965141296387,-0.5858251828676868,0.0,0.0,0.0
1982-02-17,3.25,3.375,3.25,3.25,3.0651965141296387,-0.5914055914202269,0.0,0.0,0.0
1982-02-18,3.375,3.5,3.375,3.375,3.1830883026123047,-0.5874195853112697,3.8461412812920814,0.117891788482666,0.11789178848266602
1982-02-19,3.375,3.625,3.375,3.375,3.1830883026123047,-0.5507483291088638,0.0,0.0,0.0
1982-02-22,3.5,3.5,3.5,3.5,3.300980567932129,-0.5778531706497725,3.703707032666115,0.1178922653198242,0.11789226531982422
1982-02-23,3.5,3.5,3.375,3.375,3.1830883026123047,-0.5650979511011096,-3.5714316668539747,-0.1178922653198242,-0.11789226531982422
1982-02-24,3.375,3.5,3.375,3.5,3.300980567932129,-0.5842307804241039,3.703707032666115,0.1178922653198242,0.11789226531982422
1982-02-25,3.5,3.5,3.5,3.5,3.300980567932129,-0.5906083901984354,0.0,0.0,0.0
1982-02-26,3.5,3.625,3.5,3.625,3.418872356414795,-0.589811188976644,3.5714172215354223,0.117891788482666,0.11789178848266602
1982-03-01,3.625,3.625,3.5,3.625,3.418872356414795,-0.5722727620972325,0.0,0.0,0.0
1982-03-02,3.75,3.75,3.75,3.75,3.5367648601531982,-0.5922027926420182,3.4482862022386707,0.1178925037384033,0.11789250373840332
1982-03-03,3.75,3.75,3.625,3.625,3.418872356414795,-0.5810419755369383,-3.3333429956464933,-0.1178925037384033,-0.11789250373840332
1982-03-04,3.625,3.625,3.5,3.5,3.300980567932129,-0.5834335792023125,-3.4482652814302077,-0.117891788482666,-0.11789178848266602
1982-03-05,3.5,3.5,3.375,3.5,3.300980567932129,-0.5730699633190239,0.0,0.0,0.0
1982-03-08,3.5,3.625,3.375,3.375,3.1830883026123047,-0.5842307804241039,-3.5714316668539747,-0.1178922653198242,-0.11789226531982422
1982-03-09,3.25,3.25,3.25,3.25,3.0651965141296387,-0.5778531706497725,-3.703692052335283,-0.117891788482666,-0.11789178848266602
1982-03-10,3.25,3.375,3.125,3.25,3.0651965141296387,-0.5674895547664839,0.0,0.0,0.0
1982-03-11,3.25,3.25,3.25,3.25,3.0651965141296387,-0.5738671645408153,0.0,0.0,0.0
1982-03-12,3.25,3.25,3.125,3.25,3.0651965141296387,-0.5914055914202269,0.0,0.0,0.0
1982-03-15,3.25,3.25,3.125,3.25,3.0651965141296387,-0.571475560875441,0.0,0.0,0.0
1982-03-16,3.25,3.25,3.25,3.25,3.0651965141296387,-0.5874195853112697,0.0,0.0,0.0
1982-03-17,3.25,3.25,3.125,3.25,3.0651965141296387,-0.5866223840894782,0.0,0.0,0.0
1982-03-18,3.25,3.25,3.125,3.25,3.0651965141296387,-0.5611119449921524,0.0,0.0,0.0
1982-03-19,3.25,3.25,3.125,3.25,3.0651965141296387,-0.5882167865330611,0.0,0.0,0.0
1982-03-22,3.25,3.25,3.125,3.25,3.0651965141296387,-0.5802447743151468,0.0,0.0,0.0
1982-03-23,3.25,3.375,3.25,3.375,3.1830883026123047,-0.5858251828676868,3.8461412812920814,0.117891788482666,0.11789178848266602
1982-03-24,3.375,3.375,3.375,3.375,3.1830883026123047,-0.5858251828676868,0.0,0.0,0.0
1982-03-25,3.375,3.375,3.375,3.375,3.1830883026123047,-0.595391597529184,0.0,0.0,0.0
1982-03-26,3.375,3.375,3.0,3.125,2.9473042488098145,-0.565895152322901,-7.407399085001398,-0.2357840538024902,-0.23578405380249023
1982-03-29,3.125,3.125,3.0,3.125,2.9473042488098145,-0.5587203413267782,0.0,0.0,0.0
1982-03-30,3.125,3.125,3.0,3.125,2.9473042488098145,-0.5874195853112697,0.0,0.0,0.0
1982-03-31,3.125,3.125,3.0,3.125,2.9473042488098145,-0.5842307804241039,0.0,0.0,0.0
1982-04-01,3.125,3.125,3.0,3.125,2.9473042488098145,-0.5730699633190239,0.0,0.0,0.0
1982-04-02,3.125,3.125,3.125,3.125,2.9473042488098145,-0.5866223840894782,0.0,0.0,0.0
1982-04-05,3.125,3.25,3.125,3.25,3.0651965141296387,-0.5682867559882754,4.00000323575116,0.1178922653198242,0.11789226531982422
1982-04-06,3.25,3.375,3.25,3.25,3.0651965141296387,-0.5762587682061896,0.0,0.0,0.0
1982-04-07,3.25,3.25,2.875,3.0,2.829411745071411,-0.5276294936769124,-7.692321453822959,-0.2357847690582275,-0.23578476905822754
1982-04-08,3.0,3.125,3.0,3.0,2.829411745071411,-0.5722727620972325,0.0,0.0,0.0
1982-04-12,3.0,3.0,2.875,3.0,2.829411745071411,-0.5906083901984354,0.0,0.0,0.0
1982-04-13,3.0,3.0,3.0,3.0,2.829411745071411,-0.5945943963073925,0.0,0.0,0.0
1982-04-14,3.0,3.125,3.0,3.125,2.9473042488098145,-0.5754615669843982,4.166678955219649,0.1178925037384033,0.11789250373840332
1982-04-15,3.125,3.125,3.0,3.125,2.9473042488098145,-0.5818391767587296,0.0,0.0,0.0
1982-04-16,3.125,3.25,3.125,3.25,3.0651965141296387,-0.5523427315524467,4.00000323575116,0.1178922653198242,0.11789226531982422
1982-04-19,3.25,3.25,3.125,3.25,3.0651965141296387,-0.5922027926420182,0.0,0.0,0.0
1982-04-20,3.25,3.375,3.25,3.375,3.1830883026123047,-0.5842307804241039,3.8461412812920814,0.117891788482666,0.11789178848266602
1982-04-21,3.25,3.25,3.125,3.125,2.9473042488098145,-0.5850279816458954,-7.407399085001398,-0.2357840538024902,-0.23578405380249023
1982-04-22,3.125,3.25,3.125,3.125,2.9473042488098145,-0.5850279816458954,0.0,0.0,0.0
1982-04-23,3.125,3.25,3.125,3.25,3.0651965141296387,-0.5906083901984354,4.00000323575116,0.1178922653198242,0.11789226531982422
1982-04-26,3.25,3.25,3.25,3.25,3.0651965141296387,-0.5937971950856011,0.0,0.0,0.0
1982-04-27,3.125,3.125,2.875,2.875,2.711519956588745,-0.5698811584318582,-11.53846273511504,-0.3536765575408935,-0.35367655754089355
1982-04-28,2.875,3.125,2.875,3.0,2.829411745071411,-0.571475560875441,4.347811942014279,0.117891788482666,0.11789178848266602
1982-04-29,3.0,3.0,3.0,3.0,2.829411745071411,-0.595391597529184,0.0,0.0,0.0
1982-04-30,3.0,3.0,3.0,3.0,2.829411745071411,-0.5937971950856011,0.0,0.0,0.0
1982-05-03,3.0,3.0,2.875,3.0,2.829411745071411,-0.5722727620972325,0.0,0.0,0.0
1982-05-04,3.0,3.25,3.0,3.125,2.9473042488098145,-0.5826363779805211,4.166678955219649,0.1178925037384033,0.11789250373840332
1982-05-05,3.125,3.125,2.875,3.0,2.829411745071411,-0.5698811584318582,-4.0000113251290825,-0.1178925037384033,-0.11789250373840332
1982-05-06,3.0,3.0,2.875,3.0,2.829411745071411,-0.5834335792023125,0.0,0.0,0.0
1982-05-07,3.0,3.0,2.875,3.0,2.829411745071411,-0.5842307804241039,0.0,0.0,0.0
1982-05-10,2.875,2.875,2.875,2.875,2.711519956588745,-0.5706783596536497,-4.166653675910659,-0.117891788482666,-0.11789178848266602
1982-05-11,2.875,2.875,2.75,2.875,2.711519956588745,-0.5587203413267782,0.0,0.0,0.0
1982-05-12,2.875,2.875,2.75,2.75,2.593627691268921,-0.5674895547664839,-4.347829527618153,-0.1178922653198242,-0.11789226531982422
1982-05-13,2.75,2.875,2.75,2.75,2.593627691268921,-0.5284266948987038,0.0,0.0,0.0
1982-05-14,2.75,2.875,2.75,2.875,2.711519956588745,-0.5858251828676868,4.54545830601254,0.1178922653198242,0.11789226531982422
1982-05-17,2.75,2.75,2.75,2.75,2.593627691268921,-0.5539371339960296,-4.347829527618153,-0.1178922653198242,-0.11789226531982422
1982-05-18,2.75,2.875,2.375,2.625,2.475735902786255,-0.5045106582449609,-4.5454399210623775,-0.117891788482666,-0.11789178848266602
1982-05-19,2.625,2.75,2.625,2.75,2.593627691268921,-0.5770559694279811,4.761888711553919,0.117891788482666,0.11789178848266602
1982-05-20,2.75,2.75,2.625,2.75,2.593627691268921,-0.5499511278870725,0.0,0.0,0.0
1982-05-21,2.75,2.875,2.625,2.625,2.475735902786255,-0.5834335792023125,-4.5454399210623775,-0.117891788482666,-0.11789178848266602
1982-05-24,2.625,2.75,2.5,2.5,2.3578431606292725,-0.5834335792023125,-4.761927232395946,-0.1178927421569824,-0.11789274215698242
1982-05-25,2.5,2.625,2.5,2.625,2.475735902786255,-0.5762587682061896,5.000024773722389,0.1178927421569824,0.11789274215698242
1982-05-26,2.625,2.625,2.5,2.625,2.475735902786255,-0.5858251828676868,0.0,0.0,0.0
1982-05-27,2.5,2.5,2.5,2.5,2.3578431606292725,-0.5906083901984354,-4.761927232395946,-0.1178927421569824,-0.11789274215698242
1982-05-28,2.5,2.625,2.5,2.5,2.3578431606292725,-0.5770559694279811,0.0,0.0,0.0
1982-06-01,2.5,2.625,2.5,2.5,2.3578431606292725,-0.5866223840894782,0.0,0.0,0.0
1982-06-02,2.625,2.75,2.625,2.75,2.593627691268921,-0.5914055914202269,10.000009100551075,0.2357845306396484,0.23578453063964844
1982-06-03,2.75,2.75,2.625,2.625,2.475735902786255,-0.5890139877548526,-4.5454399210623775,-0.117891788482666,-0.11789178848266602
1982-06-04,2.75,2.75,2.75,2.75,2.593627691268921,-0.5882167865330611,4.761888711553919,0.117891788482666,0.11789178848266602
1982-06-07,2.625,2.625,2.5,2.625,2.475735902786255,-0.5674895547664839,-4.5454399210623775,-0.117891788482666,-0.11789178848266602
1982-06-08,2.625,2.625,2.5,2.625,2.475735902786255,-0.5874195853112697,0.0,0.0,0.0
1982-06-09,2.5,2.5,2.5,2.5,2.3578431606292725,-0.5914055914202269,-4.761927232395946,-0.1178927421569824,-0.11789274215698242
1982-06-10,2.5,2.625,2.5,2.625,2.475735902786255,-0.5906083901984354,5.000024773722389,0.1178927421569824,0.11789274215698242
1982-06-11,2.625,2.625,2.5,2.625,2.475735902786255,-0.5914055914202269,0.0,0.0,0.0
1982-06-14,2.625,2.75,2.625,2.625,2.475735902786255,-0.5682867559882754,0.0,0.0,0.0
1982-06-15,2.625,2.75,2.625,2.625,2.475735902786255,-0.5802447743151468,0.0,0.0,0.0
1982-06-16,2.625,2.75,2.625,2.75,2.593627691268921,-0.589811188976644,4.761888711553919,0.117891788482666,0.11789178848266602
1982-06-17,2.75,2.75,2.625,2.75,2.593627691268921,-0.5770559694279811,0.0,0.0,0.0
1982-06-18,2.75,2.75,2.5,2.75,2.593627691268921,-0.5619091462139439,0.0,0.0,0.0
1982-06-21,2.75,2.75,2.625,2.75,2.593627691268921,-0.5850279816458954,0.0,0.0,0.0
1982-06-22,2.75,2.75,2.625,2.75,2.593627691268921,-0.5874195853112697,0.0,0.0,0.0
1982-06-23,2.75,2.75,2.75,2.75,2.593627691268921,-0.5826363779805211,0.0,0.0,0.0
1982-06-24,2.75,2.75,2.75,2.75,2.593627691268921,-0.5906083901984354,0.0,0.0,0.0
1982-06-25,2.625,2.625,2.625,2.625,2.475735902786255,-0.5738671645408153,-4.5454399210623775,-0.117891788482666,-0.11789178848266602
1982-06-28,2.625,2.625,2.5,2.625,2.475735902786255,-0.5627063474357353,0.0,0.0,0.0
1982-06-29,2.625,2.625,2.5,2.625,2.475735902786255,-0.5674895547664839,0.0,0.0,0.0
1982-06-30,2.625,2.75,2.625,2.75,2.593627691268921,-0.5882167865330611,4.761888711553919,0.117891788482666,0.11789178848266602
1982-07-01,2.625,2.625,2.5,2.625,2.475735902786255,-0.5906083901984354,-4.5454399210623775,-0.117891788482666,-0.11789178848266602
1982-07-02,2.625,2.625,2.5,2.625,2.475735902786255,-0.5914055914202269,0.0,0.0,0.0
1982-07-06,2.625,2.625,2.625,2.625,2.475735902786255,-0.5906083901984354,0.0,0.0,0.0
1982-07-07,2.625,2.625,2.5,2.625,2.475735902786255,-0.5810419755369383,0.0,0.0,0.0
1982-07-08,2.625,2.625,2.5,2.625,2.475735902786255,-0.5802447743151468,0.0,0.0,0.0
1982-07-09,2.625,2.625,2.625,2.625,2.475735902786255,-0.5906083901984354,0.0,0.0,0.0
1982-07-12,2.625,2.625,2.5,2.625,2.475735902786255,-0.5778531706497725,0.0,0.0,0.0
1982-07-13,2.625,2.625,2.5,2.625,2.475735902786255,-0.5922027926420182,0.0,0.0,0.0
1982-07-14,2.625,2.625,2.5,2.625,2.475735902786255,-0.5922027926420182,0.0,0.0,0.0
1982-07-15,2.625,2.625,2.5,2.625,2.475735902786255,-0.5834335792023125,0.0,0.0,0.0
1982-07-16,2.625,2.625,2.625,2.625,2.475735902786255,-0.5842307804241039,0.0,0.0,0.0
1982-07-19,2.625,2.625,2.5,2.625,2.475735902786255,-0.5595175425485696,0.0,0.0,0.0
1982-07-20,2.625,2.625,2.5,2.625,2.475735902786255,-0.5922027926420182,0.0,0.0,0.0
1982-07-21,2.625,2.625,2.5,2.625,2.475735902786255,-0.5914055914202269,0.0,0.0,0.0
1982-07-22,2.625,2.625,2.5,2.625,2.475735902786255,-0.5746643657626068,0.0,0.0,0.0
1982-07-23,2.625,2.625,2.5,2.625,2.475735902786255,-0.5842307804241039,0.0,0.0,0.0
1982-07-26,2.5,2.5,2.5,2.5,2.3578431606292725,-0.5698811584318582,-4.761927232395946,-0.1178927421569824,-0.11789274215698242
1982-07-27,2.5,2.5,2.375,2.5,2.3578431606292725,-0.5698811584318582,0.0,0.0,0.0
1982-07-28,2.375,2.375,2.25,2.375,2.239951133728028,-0.554734335217821,-4.999994438552102,-0.1178920269012446,-0.11789202690124467
1982-07-29,2.375,2.375,2.25,2.375,2.239951133728028,-0.5706783596536497,0.0,0.0,0.0
1982-07-30,2.375,2.5,2.375,2.5,2.3578431606292725,-0.5906083901984354,5.263151732468052,0.1178920269012446,0.11789202690124467
1982-08-02,2.5,2.5,2.375,2.5,2.3578431606292725,-0.5802447743151468,0.0,0.0,0.0
1982-08-03,2.5,2.5,2.375,2.5,2.3578431606292725,-0.5929999938638097,0.0,0.0,0.0
1982-08-04,2.5,2.5,2.375,2.5,2.3578431606292725,-0.5810419755369383,0.0,0.0,0.0
1982-08-05,2.5,2.5,2.25,2.5,2.3578431606292725,-0.5778531706497725,0.0,0.0,0.0
1982-08-06,2.375,2.375,2.25,2.375,2.239951133728028,-0.5922027926420182,-4.999994438552102,-0.1178920269012446,-0.11789202690124467
1982-08-09,2.375,2.375,2.125,2.375,2.239951133728028,-0.5850279816458954,0.0,0.0,0.0
1982-08-10,2.375,2.375,2.25,2.375,2.239951133728028,-0.5874195853112697,0.0,0.0,0.0
1982-08-11,2.375,2.375,2.375,2.375,2.239951133728028,-0.595391597529184,0.0,0.0,0.0
1982-08-12,2.25,2.25,2.125,2.25,2.122058868408203,-0.5858251828676868,-5.263162376386865,-0.1178922653198246,-0.11789226531982466
1982-08-13,2.25,2.25,2.125,2.25,2.122058868408203,-0.5690839572100668,0.0,0.0,0.0
1982-08-16,2.25,2.25,2.125,2.25,2.122058868408203,-0.5666923535446925,0.0,0.0,0.0
1982-08-17,2.0,2.0,1.875,2.0,1.886274695396424,-0.5348043046730352,-11.111104245126135,-0.2357841730117795,-0.23578417301177912
1982-08-18,1.875,1.875,1.75,1.875,1.7683824300765991,-0.5555315364396124,-6.250005134859105,-0.1178922653198244,-0.11789226531982488
1982-08-19,1.875,2.0,1.75,2.0,1.886274695396424,-0.5674895547664839,6.666672508995575,0.1178922653198244,0.11789226531982488
1982-08-20,2.0,2.125,2.0,2.0,1.886274695396424,-0.5722727620972325,0.0,0.0,0.0
1982-08-23,2.0,2.0,1.875,2.0,1.886274695396424,-0.5730699633190239,0.0,0.0,0.0
1982-08-24,2.0,2.0,1.875,2.0,1.886274695396424,-0.5834335792023125,0.0,0.0,0.0
1982-08-25,2.0,2.0,1.875,2.0,1.886274695396424,-0.5571259388831953,0.0,0.0,0.0
1982-08-26,2.0,2.0,1.875,2.0,1.886274695396424,-0.5643007498793182,0.0,0.0,0.0
1982-08-27,2.0,2.0,1.875,2.0,1.886274695396424,-0.589811188976644,0.0,0.0,0.0
1982-08-30,2.0,2.0,1.875,2.0,1.886274695396424,-0.5754615669843982,0.0,0.0,0.0
1982-08-31,2.0,2.0,1.875,2.0,1.886274695396424,-0.5810419755369383,0.0,0.0,0.0
1982-09-01,2.0,2.0,1.875,2.0,1.886274695396424,-0.5100910667975009,0.0,0.0,0.0
1982-09-02,2.0,2.125,2.0,2.0,1.886274695396424,-0.5842307804241039,0.0,0.0,0.0
1982-09-03,2.0,2.125,2.0,2.125,2.004166841506958,-0.5690839572100668,6.249998815032498,0.1178921461105344,0.117892146110534
1982-09-07,2.125,2.125,2.0,2.0,1.886274695396424,-0.5706783596536497,-5.882351891516668,-0.1178921461105344,-0.117892146110534
1982-09-08,2.0,2.0,1.875,2.0,1.886274695396424,-0.5834335792023125,0.0,0.0,0.0
1982-09-09,2.0,2.0,2.0,2.0,1.886274695396424,-0.5778531706497725,0.0,0.0,0.0
1982-09-10,2.0,2.0,1.875,2.0,1.886274695396424,-0.5882167865330611,0.0,0.0,0.0
1982-09-13,2.0,2.0,1.875,2.0,1.886274695396424,-0.5866223840894782,0.0,0.0,0.0
1982-09-14,2.0,2.0,1.875,2.0,1.886274695396424,-0.5906083901984354,0.0,0.0,0.0
1982-09-15,2.0,2.0,1.875,2.0,1.886274695396424,-0.5467623229999067,0.0,0.0,0.0
1982-09-16,2.0,2.0,1.875,2.0,1.886274695396424,-0.5882167865330611,0.0,0.0,0.0
1982-09-17,2.0,2.0,1.875,2.0,1.886274695396424,-0.5858251828676868,0.0,0.0,0.0
1982-09-20,2.0,2.0,1.875,1.875,1.7683824300765991,-0.5858251828676868,-6.250005134859105,-0.1178922653198244,-0.11789226531982488
1982-09-21,1.875,2.0,1.875,1.875,1.7683824300765991,-0.5834335792023125,0.0,0.0,0.0
1982-09-22,2.0,2.0,2.0,2.0,1.886274695396424,-0.5802447743151468,6.666672508995575,0.1178922653198244,0.11789226531982488
1982-09-23,2.0,2.0,1.875,2.0,1.886274695396424,-0.5922027926420182,0.0,0.0,0.0
1982-09-24,2.0,2.0,1.875,2.0,1.886274695396424,-0.5818391767587296,0.0,0.0,0.0
1982-09-27,2.0,2.0,1.875,2.0,1.886274695396424,-0.5890139877548526,0.0,0.0,0.0
1982-09-28,2.0,2.0,1.875,2.0,1.886274695396424,-0.5826363779805211,0.0,0.0,0.0
1982-09-29,2.0,2.0,1.875,2.0,1.886274695396424,-0.5459651217781153,0.0,0.0,0.0
1982-09-30,2.0,2.0,1.875,2.0,1.886274695396424,-0.5738671645408153,0.0,0.0,0.0
1982-10-01,2.0,2.0,1.875,2.0,1.886274695396424,-0.5603147437703611,0.0,0.0,0.0
1982-10-04,2.0,2.0,1.875,2.0,1.886274695396424,-0.571475560875441,0.0,0.0,0.0
1982-10-05,2.0,2.0,1.875,2.0,1.886274695396424,-0.5754615669843982,0.0,0.0,0.0
1982-10-06,2.0,2.0,1.875,2.0,1.886274695396424,-0.565895152322901,0.0,0.0,0.0
1982-10-07,2.0,2.0,2.0,2.0,1.886274695396424,-0.5730699633190239,0.0,0.0,0.0
1982-10-08,2.0,2.0,1.875,1.875,1.7683824300765991,-0.5706783596536497,-6.250005134859105,-0.1178922653198244,-0.11789226531982488
1982-10-11,1.875,2.0,1.875,2.0,1.886274695396424,-0.5874195853112697,6.666672508995575,0.1178922653198244,0.11789226531982488
1982-10-12,2.0,2.0,1.875,1.875,1.7683824300765991,-0.5459651217781153,-6.250005134859105,-0.1178922653198244,-0.11789226531982488
1982-10-13,2.0,2.25,2.0,2.25,2.122058868408203,-0.5316154997858695,19.99999730354052,0.353676438331604,0.353676438331604
1982-10-14,2.25,2.375,2.25,2.375,2.239951133728028,-0.5371959083384096,5.555560548999194,0.1178922653198246,0.11789226531982466
1982-10-15,2.375,2.625,2.25,2.5,2.3578431606292725,-0.5738671645408153,5.263151732468052,0.1178920269012446,0.11789202690124467
1982-10-18,2.625,3.0,2.625,3.0,2.829411745071411,-0.5459651217781153,19.99999797765533,0.4715685844421386,0.47156858444213867
1982-10-19,3.0,3.375,3.0,3.125,2.9473042488098145,-0.4941470423616723,4.166678955219649,0.1178925037384033,0.11789250373840332
1982-10-20,3.125,3.125,2.625,2.75,2.593627691268921,-0.5427763168909495,-12.000001617875588,-0.3536765575408935,-0.35367655754089355
1982-10-21,2.75,2.875,2.5,2.625,2.475735902786255,-0.5371959083384096,-4.5454399210623775,-0.117891788482666,-0.11789178848266602
1982-10-22,2.625,2.625,2.5,2.625,2.475735902786255,-0.5874195853112697,0.0,0.0,0.0
1982-10-25,2.625,2.625,2.5,2.5,2.3578431606292725,-0.5587203413267782,-4.761927232395946,-0.1178927421569824,-0.11789274215698242
1982-10-26,2.5,2.5,2.5,2.5,2.3578431606292725,-0.5595175425485696,0.0,0.0,0.0
1982-10-27,2.5,2.625,2.5,2.625,2.475735902786255,-0.571475560875441,5.000024773722389,0.1178927421569824,0.11789274215698242
1982-10-28,2.625,2.625,2.5,2.5,2.3578431606292725,-0.5706783596536497,-4.761927232395946,-0.1178927421569824,-0.11789274215698242
1982-10-29,2.5,2.5,2.375,2.375,2.239951133728028,-0.5650979511011096,-4.999994438552102,-0.1178920269012446,-0.11789202690124467
1982-11-01,2.375,2.375,2.375,2.375,2.239951133728028,-0.5922027926420182,0.0,0.0,0.0
1982-11-02,2.375,2.5,2.375,2.375,2.239951133728028,-0.5770559694279811,0.0,0.0,0.0
1982-11-03,2.375,2.5,2.25,2.375,2.239951133728028,-0.5722727620972325,0.0,0.0,0.0
1982-11-04,2.375,2.5,2.0,2.25,2.122058868408203,-0.4869722313655494,-5.263162376386865,-0.1178922653198246,-0.11789226531982466
1982-11-05,2.25,2.375,2.125,2.375,2.239951133728028,-0.5300210973422866,5.555560548999194,0.1178922653198246,0.11789226531982466
1982-11-08,2.375,2.375,2.25,2.375,2.239951133728028,-0.5571259388831953,0.0,0.0,0.0
1982-11-09,2.375,2.375,2.25,2.375,2.239951133728028,-0.5507483291088638,0.0,0.0,0.0
1982-11-10,2.375,2.5,2.25,2.375,2.239951133728028,-0.5523427315524467,0.0,0.0,0.0
1982-11-11,2.375,2.375,2.375,2.375,2.239951133728028,-0.5858251828676868,0.0,0.0,0.0
1982-11-12,2.375,2.75,2.375,2.625,2.475735902786255,-0.5244406887897467,10.526335396692454,0.2357847690582271,0.2357847690582271
1982-11-15,2.375,2.375,2.25,2.25,2.122058868408203,-0.5284266948987038,-14.285733546135305,-0.3536770343780517,-0.35367703437805176
1982-11-16,2.25,2.25,2.25,2.25,2.122058868408203,-0.595391597529184,0.0,0.0,0.0
1982-11-17,2.25,2.25,2.25,2.25,2.122058868408203,-0.595391597529184,0.0,0.0,0.0
1982-11-18,2.25,2.25,2.25,2.25,2.122058868408203,-0.595391597529184,0.0,0.0,0.0
1982-11-19,2.25,2.25,2.25,2.25,2.122058868408203,-0.595391597529184,0.0,0.0,0.0
1982-11-22,2.25,2.25,2.25,2.25,2.122058868408203,-0.595391597529184,0.0,0.0,0.0
1982-11-23,2.25,2.25,2.25,2.25,2.122058868408203,-0.595391597529184,0.0,0.0,0.0
1982-11-24,2.25,2.25,2.25,2.25,2.122058868408203,-0.595391597529184,0.0,0.0,0.0
1982-11-26,2.25,2.25,2.25,2.25,2.122058868408203,-0.595391597529184,0.0,0.0,0.0
1982-11-29,2.25,2.25,2.25,2.25,2.122058868408203,-0.595391597529184,0.0,0.0,0.0
1982-11-30,2.25,2.25,2.25,2.25,2.122058868408203,-0.595391597529184,0.0,0.0,0.0
1982-12-01,1.25,1.25,0.75,0.75,0.7073529362678528,-0.5698811584318582,-66.66666760293734,-1.4147059321403503,-1.4147059321403503
1982-12-02,0.75,1.5,0.75,1.25,1.1789215803146362,-0.5698811584318582,66.66666947547877,0.4715686440467834,0.47156864404678345
1982-12-03,1.25,1.5,1.0,1.375,1.2968138456344604,-0.5563287376614039,10.000009100551075,0.1178922653198242,0.11789226531982422
1982-12-06,1.375,1.5,1.0,1.5,1.4147058725357056,-0.5778531706497725,9.090898227074916,0.1178920269012451,0.11789202690124512
1982-12-07,1.5,1.5,1.0,1.5,1.4147058725357056,-0.5778531706497725,0.0,0.0,0.0
1982-12-08,0.75,0.75,0.75,0.75,0.7073529362678528,-0.5929999938638097,-50.0,-0.7073529362678528,-0.7073529362678528
1982-12-09,1.0,1.5,1.0,1.0,0.9431373476982116,-0.5754615669843982,33.333347377393864,0.2357844114303587,0.23578441143035878
1982-12-10,1.0,1.5,0.75,1.25,1.1789215803146362,-0.5499511278870725,24.99998894030351,0.2357842326164246,0.23578423261642467
1982-12-13,1.25,1.25,0.75,1.0,0.9431373476982116,-0.5395875120037839,-19.99999292179362,-0.2357842326164246,-0.23578423261642467
1982-12-14,1.0,1.0,0.75,0.875,0.8252451419830322,-0.5794475730933554,-12.500003949891603,-0.1178922057151793,-0.11789220571517933
1982-12-15,0.875,1.25,0.75,0.75,0.7073529362678528,-0.5116854692410837,-14.285719444756628,-0.1178922057151794,-0.11789220571517944
1982-12-16,0.75,1.25,0.75,1.25,1.1789215803146362,-0.5882167865330611,66.66666947547877,0.4715686440467834,0.47156864404678345
1982-12-17,0.75,0.75,0.75,0.75,0.7073529362678528,-0.5945943963073925,-40.00000101117234,-0.4715686440467834,-0.47156864404678345
1982-12-20,0.75,1.5,0.75,0.75,0.7073529362678528,-0.5738671645408153,0.0,0.0,0.0
1982-12-21,0.75,1.0,0.75,0.75,0.7073529362678528,-0.5507483291088638,0.0,0.0,0.0
1982-12-22,0.75,0.875,0.75,0.75,0.7073529362678528,-0.5858251828676868,0.0,0.0,0.0
1982-12-23,0.75,1.0,0.75,0.75,0.7073529362678528,-0.5499511278870725,0.0,0.0,0.0
1982-12-27,0.75,1.25,0.75,1.0,0.9431373476982116,-0.5371959083384096,33.333347377393864,0.2357844114303587,0.23578441143035878
1982-12-28,1.0,1.5,0.75,1.0,0.9431373476982116,-0.543573518112741,0.0,0.0,0.0
1982-12-29,1.0,1.0,0.75,0.75,0.7073529362678528,-0.5762587682061896,-25.000007899783217,-0.2357844114303587,-0.23578441143035878
1982-12-30,0.75,1.25,0.75,0.75,0.7073529362678528,-0.5555315364396124,0.0,0.0,0.0
1982-12-31,0.75,1.25,0.625,1.25,1.1789215803146362,-0.5603147437703611,66.66666947547877,0.4715686440467834,0.47156864404678345
1983-01-03,1.25,1.25,0.75,1.25,1.1789215803146362,-0.5922027926420182,0.0,0.0,0.0
1983-01-04,1.25,1.25,0.75,1.0,0.9431373476982116,-0.5682867559882754,-19.99999292179362,-0.2357842326164246,-0.23578423261642467
1983-01-05,1.0,1.0,1.0,1.0,0.9431373476982116,-0.595391597529184,0.0,0.0,0.0
1983-01-06,0.75,0.75,0.75,0.75,0.7073529362678528,-0.5914055914202269,-25.000007899783217,-0.2357844114303587,-0.23578441143035878
1983-01-07,0.875,0.875,0.875,0.875,0.8252451419830322,-0.5682867559882754,16.666673688696942,0.1178922057151794,0.11789220571517944
1983-01-10,0.875,1.5,0.75,0.75,0.7073529362678528,-0.5858251828676868,-14.285719444756628,-0.1178922057151794,-0.11789220571517944
1983-01-11,1.25,1.25,1.25,1.25,1.1789215803146362,-0.5794475730933554,66.66666947547877,0.4715686440467834,0.47156864404678345
1983-01-12,1.25,1.375,1.0,1.125,1.0610294342041016,-0.5595175425485696,-9.999998988827665,-0.1178921461105346,-0.11789214611053467
1983-01-13,1.125,1.375,1.0,1.125,1.0610294342041016,-0.5858251828676868,0.0,0.0,0.0
1983-01-14,1.125,1.125,1.125,1.125,1.0610294342041016,-0.595391597529184,0.0,0.0,0.0
1983-01-17,1.5,1.5,1.5,1.5,1.4147058725357056,-0.5945943963073925,33.333329588250635,0.353676438331604,0.353676438331604
1983-01-18,1.5,1.5,1.25,1.5,1.4147058725357056,-0.5682867559882754,0.0,0.0,0.0
1983-01-19,1.5,1.5,1.25,1.25,1.1789215803146362,-0.5866223840894782,-16.666665262260615,-0.2357842922210693,-0.23578429222106934
1983-01-20,1.25,1.25,1.25,1.25,1.1789215803146362,-0.595391597529184,0.0,0.0,0.0
1983-01-21,1.25,1.25,1.25,1.25,1.1789215803146362,-0.595391597529184,0.0,0.0,0.0
1983-01-24,1.25,1.25,1.25,1.25,1.1789215803146362,-0.595391597529184,0.0,0.0,0.0
1983-01-25,1.25,1.25,1.25,1.25,1.1789215803146362,-0.589811188976644,0.0,0.0,0.0
1983-01-26,1.25,1.25,1.25,1.25,1.1789215803146362,-0.5906083901984354,0.0,0.0,0.0
1983-01-27,1.25,1.25,1.25,1.25,1.1789215803146362,-0.5802447743151468,0.0,0.0,0.0
1983-01-28,1.25,1.25,1.25,1.25,1.1789215803146362,-0.595391597529184,0.0,0.0,0.0
1983-01-31,1.25,1.25,1.25,1.25,1.1789215803146362,-0.595391597529184,0.0,0.0,0.0
1983-02-01,1.25,1.25,1.25,1.25,1.1789215803146362,-0.595391597529184,0.0,0.0,0.0
1983-02-02,1.25,1.25,1.25,1.25,1.1789215803146362,-0.589811188976644,0.0,0.0,0.0
1983-02-03,1.25,1.25,1.25,1.25,1.1789215803146362,-0.595391597529184,0.0,0.0,0.0
1983-02-04,1.25,1.25,1.25,1.25,1.1789215803146362,-0.595391597529184,0.0,0.0,0.0
1983-02-07,1.0,1.0,1.0,1.0,0.9431373476982116,-0.589811188976644,-19.99999292179362,-0.2357842326164246,-0.23578423261642467
1983-02-08,1.0,1.0,1.0,1.0,0.9431373476982116,-0.595391597529184,0.0,0.0,0.0
1983-02-09,1.0,1.0,1.0,1.0,0.9431373476982116,-0.595391597529184,0.0,0.0,0.0
1983-02-10,1.0,1.0,1.0,1.0,0.9431373476982116,-0.595391597529184,0.0,0.0,0.0
1983-02-11,1.0,1.0,1.0,1.0,0.9431373476982116,-0.595391597529184,0.0,0.0,0.0
1983-02-14,1.0,1.0,1.0,1.0,0.9431373476982116,-0.595391597529184,0.0,0.0,0.0
1983-02-15,1.0,1.0,1.0,1.0,0.9431373476982116,-0.595391597529184,0.0,0.0,0.0
1983-02-16,1.25,1.25,1.25,1.25,1.1789215803146362,-0.5794475730933554,24.99998894030351,0.2357842326164246,0.23578423261642467
1983-02-17,1.0,1.0,1.0,1.0,0.9431373476982116,-0.5874195853112697,-19.99999292179362,-0.2357842326164246,-0.23578423261642467
1983-02-18,1.0,1.0,1.0,1.0,0.9431373476982116,-0.595391597529184,0.0,0.0,0.0
1983-02-22,1.25,1.5,1.25,1.25,1.1789215803146362,-0.5922027926420182,24.99998894030351,0.2357842326164246,0.23578423261642467
1983-02-23,1.25,1.25,1.25,1.25,1.1789215803146362,-0.595391597529184,0.0,0.0,0.0
1983-02-24,1.25,1.25,1.25,1.25,1.1789215803146362,-0.595391597529184,0.0,0.0,0.0
1983-02-25,1.0,1.0,1.0,1.0,0.9431373476982116,-0.5945943963073925,-19.99999292179362,-0.2357842326164246,-0.23578423261642467
1983-02-28,1.125,1.5,1.125,1.125,1.0610294342041016,-0.5770559694279811,12.499991310238467,0.11789208650589,0.11789208650589
1983-03-01,1.5,1.5,1.5,1.5,1.4147058725357056,-0.5874195853112697,33.333329588250635,0.353676438331604,0.353676438331604
1983-03-02,1.5,1.5,1.125,1.5,1.4147058725357056,-0.5834335792023125,0.0,0.0,0.0
1983-03-03,1.5,1.75,1.25,1.25,1.1789215803146362,-0.5563287376614039,-16.666665262260615,-0.2357842922210693,-0.23578429222106934
1983-03-04,1.25,1.75,1.25,1.75,1.6504902839660645,-0.5890139877548526,40.00000606703404,0.4715687036514282,0.4715687036514282
1983-03-07,1.75,1.75,1.25,1.25,1.1789215803146362,-0.5858251828676868,-28.57143166685397,-0.4715687036514282,-0.4715687036514282
1983-03-08,1.375,1.375,1.375,1.375,1.2968138456344604,-0.5834335792023125,10.000009100551075,0.1178922653198242,0.11789226531982422
1983-03-09,1.375,1.75,1.25,1.75,1.6504902839660645,-0.5937971950856011,27.272722258649964,0.353676438331604,0.353676438331604
1983-03-10,1.75,1.75,1.25,1.5,1.4147058725357056,-0.5180630790154152,-14.285719444756628,-0.2357844114303589,-0.2357844114303589
1983-03-11,1.75,1.75,1.75,1.75,1.6504902839660645,-0.5906083901984354,16.666673688696942,0.2357844114303589,0.2357844114303589
1983-03-14,1.75,1.75,1.75,1.75,1.6504902839660645,-0.595391597529184,0.0,0.0,0.0
1983-03-15,1.75,1.75,1.75,1.75,1.6504902839660645,-0.5794475730933554,0.0,0.0,0.0
1983-03-16,1.75,1.75,1.75,1.75,1.6504902839660645,-0.595391597529184,0.0,0.0,0.0
1983-03-17,1.75,1.75,1.75,1.75,1.6504902839660645,-0.5914055914202269,0.0,0.0,0.0
1983-03-18,1.75,1.75,1.75,1.75,1.6504902839660645,-0.595391597529184,0.0,0.0,0.0
1983-03-21,1.75,1.75,1.5,1.5,1.4147058725357056,-0.5762587682061896,-14.285719444756628,-0.2357844114303589,-0.2357844114303589
1983-03-22,1.5,1.5,1.5,1.5,1.4147058725357056,-0.595391597529184,0.0,0.0,0.0
1983-03-23,1.375,1.375,1.375,1.375,1.2968138456344604,-0.5874195853112697,-8.333324204693982,-0.1178920269012451,-0.11789202690124512
1983-03-24,1.375,1.375,1.25,1.375,1.2968138456344604,-0.5922027926420182,0.0,0.0,0.0
1983-03-25,1.375,1.75,1.375,1.375,1.2968138456344604,-0.5874195853112697,0.0,0.0,0.0
1983-03-28,1.25,1.25,1.25,1.25,1.1789215803146362,-0.589811188976644,-9.090916612025058,-0.1178922653198242,-0.11789226531982422
1983-03-29,1.25,1.25,1.25,1.25,1.1789215803146362,-0.5906083901984354,0.0,0.0,0.0
1983-03-30,1.25,1.5,1.25,1.5,1.4147058725357056,-0.5348043046730352,19.99999797765533,0.2357842922210693,0.23578429222106934
1983-03-31,1.5,1.75,1.5,1.75,1.6504902839660645,-0.5906083901984354,16.666673688696942,0.2357844114303589,0.2357844114303589
1983-04-04,1.5,1.5,1.25,1.25,1.1789215803146362,-0.5451679205563238,-28.57143166685397,-0.4715687036514282,-0.4715687036514282
1983-04-05,1.125,1.125,1.125,1.125,1.0610294342041016,-0.5914055914202269,-9.999998988827665,-0.1178921461105346,-0.11789214611053467
1983-04-06,1.125,1.125,1.125,1.125,1.0610294342041016,-0.5945943963073925,0.0,0.0,0.0
1983-04-07,1.5,1.625,1.5,1.625,1.5325982570648191,-0.5890139877548526,44.44446192149704,0.4715688228607175,0.47156882286071755
1983-04-08,1.625,1.625,1.375,1.625,1.5325982570648191,-0.5579231401049868,0.0,0.0,0.0
1983-04-11,1.5,1.5,1.5,1.5,1.4147058725357056,-0.5674895547664839,-7.692321453822936,-0.1178923845291135,-0.11789238452911355
1983-04-12,1.375,1.375,1.375,1.375,1.2968138456344604,-0.5945943963073925,-8.333324204693982,-0.1178920269012451,-0.11789202690124512
1983-04-13,1.375,1.375,1.375,1.375,1.2968138456344604,-0.595391597529184,0.0,0.0,0.0
1983-04-14,1.375,1.625,1.25,1.625,1.5325982570648191,-0.5515455303306553,18.181824031575022,0.2357844114303586,0.23578441143035866
1983-04-15,1.75,1.75,1.75,1.75,1.6504902839660645,-0.5945943963073925,7.692298119079699,0.1178920269012453,0.11789202690124534
1983-04-18,1.25,1.25,1.25,1.25,1.1789215803146362,-0.5929999938638097,-28.57143166685397,-0.4715687036514282,-0.4715687036514282
1983-04-19,1.25,1.75,1.25,1.75,1.6504902839660645,-0.5746643657626068,40.00000606703404,0.4715687036514282,0.4715687036514282
1983-04-20,1.75,1.75,1.375,1.375,1.2968138456344604,-0.5834335792023125,-21.428568333146025,-0.353676438331604,-0.353676438331604
1983-04-21,1.375,1.375,1.25,1.375,1.2968138456344604,-0.5929999938638097,0.0,0.0,0.0
1983-04-22,1.75,1.75,1.75,1.75,1.6504902839660645,-0.5922027926420182,27.272722258649964,0.353676438331604,0.353676438331604
1983-04-25,1.75,1.75,1.75,1.75,1.6504902839660645,-0.5929999938638097,0.0,0.0,0.0
1983-04-26,1.75,1.75,1.25,1.75,1.6504902839660645,-0.5922027926420182,0.0,0.0,0.0
1983-04-27,1.75,1.75,1.75,1.75,1.6504902839660645,-0.595391597529184,0.0,0.0,0.0
1983-04-28,1.75,1.75,1.75,1.75,1.6504902839660645,-0.5945943963073925,0.0,0.0,0.0
1983-04-29,1.75,1.75,1.75,1.75,1.6504902839660645,-0.5945943963073925,0.0,0.0,0.0
1983-05-02,1.75,1.75,1.25,1.5,1.4147058725357056,-0.5666923535446925,-14.285719444756628,-0.2357844114303589,-0.2357844114303589
1983-05-03,1.5,1.875,1.25,1.75,1.6504902839660645,-0.5571259388831953,16.666673688696942,0.2357844114303589,0.2357844114303589
1983-05-04,1.75,2.625,1.5,1.875,1.7683824300765991,-0.1609169316528542,7.142856111048679,0.1178921461105346,0.11789214611053467
1983-05-05,2.0,2.375,2.0,2.125,2.004166841506958,-0.4678394020425551,13.3333382768424,0.2357844114303589,0.2357844114303589
1983-05-06,2.125,2.375,2.125,2.375,2.239951133728028,-0.5021190545795866,11.76470378303338,0.2357842922210697,0.23578429222106978
1983-05-09,2.375,2.75,2.375,2.75,2.593627691268921,-0.4200073287350692,15.78947648524176,0.3536765575408931,0.3536765575408931
1983-05-10,2.75,2.875,2.625,2.75,2.593627691268921,-0.5356015058948267,0.0,0.0,0.0
1983-05-11,2.75,2.75,2.625,2.75,2.593627691268921,-0.5451679205563238,0.0,0.0,0.0
1983-05-12,2.625,2.625,2.375,2.5,2.3578431606292725,-0.4941470423616723,-9.090916612025058,-0.2357845306396484,-0.23578453063964844
1983-05-13,2.5,2.625,2.25,2.375,2.239951133728028,-0.5148742741282495,-4.999994438552102,-0.1178920269012446,-0.11789202690124467
1983-05-16,2.375,2.5,2.25,2.375,2.239951133728028,-0.565895152322901,0.0,0.0,0.0
1983-05-17,2.5,2.625,2.5,2.625,2.475735902786255,-0.5635035486575267,10.526335396692454,0.2357847690582271,0.2357847690582271
1983-05-18,2.625,2.625,2.5,2.5,2.3578431606292725,-0.519657481458998,-4.761927232395946,-0.1178927421569824,-0.11789274215698242
1983-05-19,2.5,2.625,2.5,2.625,2.475735902786255,-0.5754615669843982,5.000024773722389,0.1178927421569824,0.11789274215698242
1983-05-20,2.625,2.625,2.375,2.5,2.3578431606292725,-0.5204546826807895,-4.761927232395946,-0.1178927421569824,-0.11789274215698242
1983-05-23,2.625,2.625,2.625,2.625,2.475735902786255,-0.5419791156691581,5.000024773722389,0.1178927421569824,0.11789274215698242
1983-05-24,2.625,2.75,2.625,2.625,2.475735902786255,-0.5395875120037839,0.0,0.0,0.0
1983-05-25,2.625,2.75,2.625,2.625,2.475735902786255,-0.5563287376614039,0.0,0.0,0.0
1983-05-26,2.625,2.75,2.625,2.75,2.593627691268921,-0.5531399327742381,4.761888711553919,0.117891788482666,0.11789178848266602
1983-05-27,2.75,2.75,2.625,2.75,2.593627691268921,-0.5387903107819924,0.0,0.0,0.0
1983-05-31,2.75,2.75,2.5,2.625,2.475735902786255,-0.5531399327742381,-4.5454399210623775,-0.117891788482666,-0.11789178848266602
1983-06-01,2.625,2.625,2.5,2.5,2.3578431606292725,-0.5842307804241039,-4.761927232395946,-0.1178927421569824,-0.11789274215698242
1983-06-02,2.5,2.625,2.5,2.5,2.3578431606292725,-0.565895152322901,0.0,0.0,0.0
1983-06-03,2.5,2.625,2.5,2.5,2.3578431606292725,-0.5874195853112697,0.0,0.0,0.0
1983-06-06,2.5,2.625,2.375,2.375,2.239951133728028,-0.5523427315524467,-4.999994438552102,-0.1178920269012446,-0.11789202690124467
1983-06-07,2.375,2.5,2.25,2.25,2.122058868408203,-0.5587203413267782,-5.263162376386865,-0.1178922653198246,-0.11789226531982466
1983-06-08,2.25,2.25,1.875,2.125,2.004166841506958,-0.4534897800503093,-5.55554931375104,-0.1178920269012451,-0.11789202690124512
1983-06-09,2.125,2.125,2.0,2.125,2.004166841506958,-0.5666923535446925,0.0,0.0,0.0
1983-06-10,2.125,2.125,2.0,2.0,1.886274695396424,-0.554734335217821,-5.882351891516668,-0.1178921461105344,-0.117892146110534
1983-06-13,2.0,2.125,2.0,2.125,2.004166841506958,-0.3729724566493748,6.249998815032498,0.1178921461105344,0.117892146110534
1983-06-14,2.25,2.375,2.25,2.375,2.239951133728028,-0.5236434875679552,11.76470378303338,0.2357842922210697,0.23578429222106978
1983-06-15,2.375,2.5,2.375,2.5,2.3578431606292725,-0.4654477983771807,5.263151732468052,0.1178920269012446,0.11789202690124467
1983-06-16,2.5,2.5,2.25,2.25,2.122058868408203,-0.5371959083384096,-9.999998988827665,-0.2357842922210693,-0.23578429222106934
1983-06-17,2.375,2.5,2.375,2.5,2.3578431606292725,-0.5499511278870725,11.111109862750212,0.2357842922210693,0.23578429222106934
1983-06-20,2.5,2.5,2.375,2.5,2.3578431606292725,-0.5443707193345324,0.0,0.0,0.0
1983-06-21,2.5,2.5,2.375,2.375,2.239951133728028,-0.565895152322901,-4.999994438552102,-0.1178920269012446,-0.11789202690124467
1983-06-22,2.375,2.375,2.25,2.375,2.239951133728028,-0.5666923535446925,0.0,0.0,0.0
1983-06-23,2.375,2.375,2.25,2.375,2.239951133728028,-0.554734335217821,0.0,0.0,0.0
1983-06-24,2.25,2.25,2.25,2.25,2.122058868408203,-0.5874195853112697,-5.263162376386865,-0.1178922653198246,-0.11789226531982466
1983-06-27,2.25,2.25,2.25,2.25,2.122058868408203,-0.5738671645408153,0.0,0.0,0.0
1983-06-28,2.25,2.375,2.25,2.25,2.122058868408203,-0.5730699633190239,0.0,0.0,0.0
1983-06-29,2.25,2.25,2.125,2.25,2.122058868408203,-0.5563287376614039,0.0,0.0,0.0
1983-06-30,2.25,2.25,2.125,2.25,2.122058868408203,-0.578650371871564,0.0,0.0,0.0
1983-07-01,2.25,2.25,2.125,2.125,2.004166841506958,-0.5858251828676868,-5.55554931375104,-0.1178920269012451,-0.11789202690124512
1983-07-05,2.125,2.25,2.125,2.25,2.122058868408203,-0.5858251828676868,5.882345943444545,0.1178920269012451,0.11789202690124512
1983-07-06,2.25,2.5,2.25,2.5,2.3578431606292725,-0.4877694325873408,11.111109862750212,0.2357842922210693,0.23578429222106934
1983-07-07,2.5,2.625,2.375,2.375,2.239951133728028,-0.4981330484706294,-4.999994438552102,-0.1178920269012446,-0.11789202690124467
1983-07-08,2.5,2.75,2.5,2.75,2.593627691268921,-0.5690839572100668,15.78947648524176,0.3536765575408931,0.3536765575408931
1983-07-11,2.75,2.75,2.75,2.75,2.593627691268921,-0.4782030179258436,0.0,0.0,0.0
1983-07-12,2.75,2.75,2.625,2.625,2.475735902786255,-0.4965386460270465,-4.5454399210623775,-0.117891788482666,-0.11789178848266602
1983-07-13,2.625,2.875,2.625,2.875,2.711519956588745,-0.5451679205563238,9.52379668352885,0.2357840538024902,0.23578405380249023
1983-07-14,2.875,3.125,2.875,3.0,2.829411745071411,-0.3777556639801234,4.347811942014279,0.117891788482666,0.11789178848266602
1983-07-15,3.0,3.25,3.0,3.0,2.829411745071411,-0.3402872065559261,0.0,0.0,0.0
1983-07-18,3.0,3.0,2.875,2.875,2.711519956588745,-0.5579231401049868,-4.166653675910659,-0.117891788482666,-0.11789178848266602
1983-07-19,2.875,3.0,2.625,2.75,2.593627691268921,-0.5220490851243723,-4.347829527618153,-0.1178922653198242,-0.11789226531982422
1983-07-20,2.75,3.0,2.75,2.875,2.711519956588745,-0.4845806277001751,4.54545830601254,0.1178922653198242,0.11789226531982422
1983-07-21,3.0,3.25,3.0,3.0,2.829411745071411,-0.3944968896377434,4.347811942014279,0.117891788482666,0.11789178848266602
1983-07-22,3.0,3.0,2.875,2.875,2.711519956588745,-0.5579231401049868,-4.166653675910659,-0.117891788482666,-0.11789178848266602
1983-07-25,2.875,3.125,2.875,3.125,2.9473042488098145,-0.5013218533577951,8.695650262434373,0.2357842922210693,0.23578429222106934
1983-07-26,3.125,3.125,3.0,3.125,2.9473042488098145,-0.5595175425485696,0.0,0.0,0.0
1983-07-27,3.125,3.125,2.875,2.875,2.711519956588745,-0.5403847132255752,-7.999998382124418,-0.2357842922210693,-0.23578429222106934
1983-07-28,3.0,3.125,3.0,3.0,2.829411745071411,-0.543573518112741,4.347811942014279,0.117891788482666,0.11789178848266602
1983-07-29,3.0,3.125,2.875,2.875,2.711519956588745,-0.5156714753500409,-4.166653675910659,-0.117891788482666,-0.11789178848266602
1983-08-01,2.875,3.125,2.875,2.875,2.711519956588745,-0.5643007498793182,0.0,0.0,0.0
1983-08-02,2.875,3.125,2.625,2.75,2.593627691268921,-0.543573518112741,-4.347829527618153,-0.1178922653198242,-0.11789226531982422
1983-08-03,2.875,3.25,2.875,3.25,3.0651965141296387,-0.5563287376614039,18.181824031575044,0.4715688228607178,0.4715688228607178
1983-08-04,3.125,3.125,2.75,2.875,2.711519956588745,-0.5228462863461638,-11.53846273511504,-0.3536765575408935,-0.35367655754089355
1983-08-05,2.875,2.875,2.75,2.75,2.593627691268921,-0.5778531706497725,-4.347829527618153,-0.1178922653198242,-0.11789226531982422
1983-08-08,2.75,2.875,2.75,2.75,2.593627691268921,-0.5818391767587296,0.0,0.0,0.0
1983-08-09,2.75,2.875,2.625,2.625,2.475735902786255,-0.5371959083384096,-4.5454399210623775,-0.117891788482666,-0.11789178848266602
1983-08-10,2.75,2.75,2.75,2.75,2.593627691268921,-0.589811188976644,4.761888711553919,0.117891788482666,0.11789178848266602
1983-08-11,2.75,2.875,2.625,2.625,2.475735902786255,-0.5611119449921524,-4.5454399210623775,-0.117891788482666,-0.11789178848266602
1983-08-12,2.625,2.75,2.625,2.625,2.475735902786255,-0.5722727620972325,0.0,0.0,0.0
1983-08-15,2.75,2.75,2.75,2.75,2.593627691268921,-0.5914055914202269,4.761888711553919,0.117891788482666,0.11789178848266602
1983-08-16,2.75,2.75,2.75,2.75,2.593627691268921,-0.5834335792023125,0.0,0.0,0.0
1983-08-17,2.75,2.75,2.75,2.75,2.593627691268921,-0.5778531706497725,0.0,0.0,0.0
1983-08-18,2.75,2.875,2.625,2.875,2.711519956588745,-0.4965386460270465,4.54545830601254,0.1178922653198242,0.11789226531982422
1983-08-19,2.875,3.0,2.75,2.75,2.593627691268921,-0.5539371339960296,-4.347829527618153,-0.1178922653198242,-0.11789226531982422
1983-08-22,2.75,2.75,2.75,2.75,2.593627691268921,-0.5826363779805211,0.0,0.0,0.0
1983-08-23,2.625,2.625,2.625,2.625,2.475735902786255,-0.5834335792023125,-4.5454399210623775,-0.117891788482666,-0.11789178848266602
1983-08-24,2.625,2.625,2.5,2.5,2.3578431606292725,-0.5842307804241039,-4.761927232395946,-0.1178927421569824,-0.11789274215698242
1983-08-25,2.5,2.75,2.5,2.75,2.593627691268921,-0.571475560875441,10.000009100551075,0.2357845306396484,0.23578453063964844
1983-08-26,2.75,2.75,2.75,2.75,2.593627691268921,-0.5937971950856011,0.0,0.0,0.0
1983-08-29,2.625,2.625,2.5,2.5,2.3578431606292725,-0.5922027926420182,-9.090916612025058,-0.2357845306396484,-0.23578453063964844
1983-08-30,2.5,2.625,2.5,2.5,2.3578431606292725,-0.5650979511011096,0.0,0.0,0.0
1983-08-31,2.5,2.625,2.5,2.5,2.3578431606292725,-0.497335847248838,0.0,0.0,0.0
1983-09-01,2.5,2.5,2.25,2.25,2.122058868408203,-0.5682867559882754,-9.999998988827665,-0.2357842922210693,-0.23578429222106934
1983-09-02,2.25,2.375,2.25,2.375,2.239951133728028,-0.5826363779805211,5.555560548999194,0.1178922653198246,0.11789226531982466
1983-09-06,2.375,2.375,2.25,2.375,2.239951133728028,-0.5682867559882754,0.0,0.0,0.0
1983-09-07,2.375,2.625,2.25,2.625,2.475735902786255,-0.5507483291088638,10.526335396692454,0.2357847690582271,0.2357847690582271
1983-09-08,2.5,2.5,2.375,2.375,2.239951133728028,-0.5850279816458954,-9.52382557416036,-0.2357847690582271,-0.2357847690582271
1983-09-09,2.375,2.5,2.375,2.5,2.3578431606292725,-0.5882167865330611,5.263151732468052,0.1178920269012446,0.11789202690124467
1983-09-12,2.375,2.375,2.375,2.375,2.239951133728028,-0.5922027926420182,-4.999994438552102,-0.1178920269012446,-0.11789202690124467
1983-09-13,2.375,2.375,2.375,2.375,2.239951133728028,-0.595391597529184,0.0,0.0,0.0
1983-09-14,2.375,2.375,2.375,2.375,2.239951133728028,-0.5929999938638097,0.0,0.0,0.0
1983-09-15,2.375,2.375,2.375,2.375,2.239951133728028,-0.5890139877548526,0.0,0.0,0.0
1983-09-16,2.375,2.375,2.25,2.375,2.239951133728028,-0.5802447743151468,0.0,0.0,0.0
1983-09-19,2.375,2.5,2.375,2.375,2.239951133728028,-0.5523427315524467,0.0,0.0,0.0
1983-09-20,2.25,2.25,2.25,2.25,2.122058868408203,-0.5810419755369383,-5.263162376386865,-0.1178922653198246,-0.11789226531982466
1983-09-21,2.25,2.25,2.125,2.125,2.004166841506958,-0.5874195853112697,-5.55554931375104,-0.1178920269012451,-0.11789202690124512
1983-09-22,2.125,2.25,2.125,2.25,2.122058868408203,-0.549153926665281,5.882345943444545,0.1178920269012451,0.11789202690124512
1983-09-23,2.125,2.125,2.125,2.125,2.004166841506958,-0.5937971950856011,-5.55554931375104,-0.1178920269012451,-0.11789202690124512
1983-09-26,2.0,2.0,2.0,2.0,1.886274695396424,-0.5850279816458954,-5.882351891516668,-0.1178921461105344,-0.117892146110534
1983-09-27,2.0,2.25,2.0,2.25,2.122058868408203,-0.5619091462139439,12.499991310238446,0.2357841730117795,0.23578417301177912
1983-09-28,2.125,2.125,2.125,2.125,2.004166841506958,-0.5866223840894782,-5.55554931375104,-0.1178920269012451,-0.11789202690124512
1983-09-29,2.25,2.375,2.25,2.375,2.239951133728028,-0.5730699633190239,11.76470378303338,0.2357842922210697,0.23578429222106978
1983-09-30,2.375,2.375,2.375,2.375,2.239951133728028,-0.5929999938638097,0.0,0.0,0.0
1983-10-03,2.375,2.375,2.125,2.125,2.004166841506958,-0.5810419755369383,-10.526314108854953,-0.2357842922210697,-0.23578429222106978
1983-10-04,2.125,2.25,2.125,2.25,2.122058868408203,-0.578650371871564,5.882345943444545,0.1178920269012451,0.11789202690124512
1983-10-05,2.125,2.125,2.125,2.125,2.004166841506958,-0.5914055914202269,-5.55554931375104,-0.1178920269012451,-0.11789202690124512
1983-10-06,2.125,2.25,2.0,2.125,2.004166841506958,-0.5611119449921524,0.0,0.0,0.0
1983-10-07,2.0,2.0,2.0,2.0,1.886274695396424,-0.5922027926420182,-5.882351891516668,-0.1178921461105344,-0.117892146110534
1983-10-10,2.0,2.125,2.0,2.0,1.886274695396424,-0.5778531706497725,0.0,0.0,0.0
1983-10-11,2.0,2.125,2.0,2.125,2.004166841506958,-0.5563287376614039,6.249998815032498,0.1178921461105344,0.117892146110534
1983-10-12,2.125,2.125,2.0,2.0,1.886274695396424,-0.5818391767587296,-5.882351891516668,-0.1178921461105344,-0.117892146110534
1983-10-13,2.0,2.0,1.875,1.875,1.7683824300765991,-0.565895152322901,-6.250005134859105,-0.1178922653198244,-0.11789226531982488
1983-10-14,1.875,2.0,1.875,2.0,1.886274695396424,-0.589811188976644,6.666672508995575,0.1178922653198244,0.11789226531982488
1983-10-17,2.0,2.0,1.875,1.875,1.7683824300765991,-0.5802447743151468,-6.250005134859105,-0.1178922653198244,-0.11789226531982488
1983-10-18,1.875,1.875,1.75,1.875,1.7683824300765991,-0.5770559694279811,0.0,0.0,0.0
1983-10-19,2.0,2.0,2.0,2.0,1.886274695396424,-0.5858251828676868,6.666672508995575,0.1178922653198244,0.11789226531982488
1983-10-20,2.0,2.0,1.875,2.0,1.886274695396424,-0.5850279816458954,0.0,0.0,0.0
1983-10-21,2.0,2.0,2.0,2.0,1.886274695396424,-0.595391597529184,0.0,0.0,0.0
1983-10-24,2.0,2.0,1.875,1.875,1.7683824300765991,-0.5858251828676868,-6.250005134859105,-0.1178922653198244,-0.11789226531982488
1983-10-25,1.875,1.875,1.75,1.75,1.6504902839660645,-0.5906083901984354,-6.666665767846835,-0.1178921461105346,-0.11789214611053467
1983-10-26,1.875,1.875,1.875,1.875,1.7683824300765991,-0.5937971950856011,7.142856111048679,0.1178921461105346,0.11789214611053467
1983-10-27,1.875,1.875,1.75,1.875,1.7683824300765991,-0.5770559694279811,0.0,0.0,0.0
1983-10-28,1.75,1.75,1.75,1.75,1.6504902839660645,-0.5850279816458954,-6.666665767846835,-0.1178921461105346,-0.11789214611053467
1983-10-31,1.75,1.75,1.75,1.75,1.6504902839660645,-0.5922027926420182,0.0,0.0,0.0
1983-11-01,1.75,1.75,1.75,1.75,1.6504902839660645,-0.5937971950856011,0.0,0.0,0.0
1983-11-02,1.75,1.875,1.75,1.875,1.7683824300765991,-0.5922027926420182,7.142856111048679,0.1178921461105346,0.11789214611053467
1983-11-03,1.875,1.875,1.75,1.75,1.6504902839660645,-0.5698811584318582,-6.666665767846835,-0.1178921461105346,-0.11789214611053467
1983-11-04,1.75,1.75,1.75,1.75,1.6504902839660645,-0.5937971950856011,0.0,0.0,0.0
1983-11-07,1.75,1.75,1.625,1.625,1.5325982570648191,-0.5874195853112697,-7.14284888838942,-0.1178920269012453,-0.11789202690124534
1983-11-08,1.625,1.625,1.5,1.5,1.4147058725357056,-0.5802447743151468,-7.692321453822936,-0.1178923845291135,-0.11789238452911355
1983-11-09,1.5,1.625,1.5,1.625,1.5325982570648191,-0.5674895547664839,8.33334948400295,0.1178923845291135,0.11789238452911355
1983-11-10,1.625,1.75,1.5,1.5,1.4147058725357056,-0.5555315364396124,-7.692321453822936,-0.1178923845291135,-0.11789238452911355
1983-11-11,1.625,1.625,1.625,1.625,1.5325982570648191,-0.5914055914202269,8.33334948400295,0.1178923845291135,0.11789238452911355
1983-11-14,1.625,1.625,1.5,1.5,1.4147058725357056,-0.578650371871564,-7.692321453822936,-0.1178923845291135,-0.11789238452911355
1983-11-15,1.5,1.625,1.5,1.625,1.5325982570648191,-0.5643007498793182,8.33334948400295,0.1178923845291135,0.11789238452911355
1983-11-16,1.625,2.0,1.625,2.0,1.886274695396424,-0.5475595242216982,23.076917691982345,0.3536764383316044,0.3536764383316049
1983-11-17,2.0,2.0,1.875,1.875,1.7683824300765991,-0.5802447743151468,-6.250005134859105,-0.1178922653198244,-0.11789226531982488
1983-11-18,1.875,1.875,1.75,1.75,1.6504902839660645,-0.5858251828676868,-6.666665767846835,-0.1178921461105346,-0.11789214611053467
1983-11-21,1.75,1.75,1.75,1.75,1.6504902839660645,-0.5937971950856011,0.0,0.0,0.0
1983-11-22,1.75,1.75,1.625,1.75,1.6504902839660645,-0.5826363779805211,0.0,0.0,0.0
1983-11-23,1.625,1.625,1.625,1.625,1.5325982570648191,-0.5523427315524467,-7.14284888838942,-0.1178920269012453,-0.11789202690124534
1983-11-25,1.75,1.75,1.75,1.75,1.6504902839660645,-0.5937971950856011,7.692298119079699,0.1178920269012453,0.11789202690124534
1983-11-28,1.625,1.625,1.625,1.625,1.5325982570648191,-0.5874195853112697,-7.14284888838942,-0.1178920269012453,-0.11789202690124534
1983-11-29,1.625,1.75,1.5,1.75,1.6504902839660645,-0.5005246521360037,7.692298119079699,0.1178920269012453,0.11789202690124534
1983-11-30,1.75,1.875,1.625,1.75,1.6504902839660645,-0.5754615669843982,0.0,0.0,0.0
1983-12-01,1.625,1.625,1.625,1.625,1.5325982570648191,-0.5866223840894782,-7.14284888838942,-0.1178920269012453,-0.11789202690124534
1983-12-02,1.625,1.75,1.625,1.625,1.5325982570648191,-0.5874195853112697,0.0,0.0,0.0
1983-12-05,1.625,1.625,1.5,1.625,1.5325982570648191,-0.5914055914202269,0.0,0.0,0.0
1983-12-06,1.625,1.625,1.5,1.5,1.4147058725357056,-0.5340071034512438,-7.692321453822936,-0.1178923845291135,-0.11789238452911355
1983-12-07,1.5,1.625,1.5,1.625,1.5325982570648191,-0.5555315364396124,8.33334948400295,0.1178923845291135,0.11789238452911355
1983-12-08,1.5,1.5,1.375,1.375,1.2968138456344604,-0.5459651217781153,-15.384619572902626,-0.2357844114303586,-0.23578441143035866
1983-12-09,1.375,1.375,1.375,1.375,1.2968138456344604,-0.5603147437703611,0.0,0.0,0.0
1983-12-12,1.375,1.375,1.375,1.375,1.2968138456344604,-0.5443707193345324,0.0,0.0,0.0
1983-12-13,1.375,1.5,1.375,1.375,1.2968138456344604,-0.5643007498793182,0.0,0.0,0.0
1983-12-14,1.375,1.375,1.25,1.375,1.2968138456344604,-0.5013218533577951,0.0,0.0,0.0
1983-12-15,1.375,1.5,1.375,1.5,1.4147058725357056,-0.5419791156691581,9.090898227074916,0.1178920269012451,0.11789202690124512
1983-12-16,1.5,1.625,1.5,1.625,1.5325982570648191,-0.5650979511011096,8.33334948400295,0.1178923845291135,0.11789238452911355
1983-12-19,1.625,1.625,1.5,1.5,1.4147058725357056,-0.5316154997858695,-7.692321453822936,-0.1178923845291135,-0.11789238452911355
1983-12-20,1.5,1.625,1.5,1.5,1.4147058725357056,-0.502916255801378,0.0,0.0,0.0
1983-12-21,1.5,1.625,1.5,1.625,1.5325982570648191,-0.5555315364396124,8.33334948400295,0.1178923845291135,0.11789238452911355
1983-12-22,1.625,1.625,1.5,1.5,1.4147058725357056,-0.5810419755369383,-7.692321453822936,-0.1178923845291135,-0.11789238452911355
1983-12-23,1.5,1.625,1.5,1.5,1.4147058725357056,-0.5738671645408153,0.0,0.0,0.0
1983-12-27,1.5,1.5,1.5,1.5,1.4147058725357056,-0.5746643657626068,0.0,0.0,0.0
1983-12-28,1.5,1.625,1.375,1.5,1.4147058725357056,-0.5411819144473667,0.0,0.0,0.0
1983-12-29,1.5,1.5,1.375,1.375,1.2968138456344604,-0.5523427315524467,-8.333324204693982,-0.1178920269012451,-0.11789202690124512
1983-12-30,1.375,1.5,1.375,1.5,1.4147058725357056,-0.4463149690541864,9.090898227074916,0.1178920269012451,0.11789202690124512
1984-01-03,1.5,1.5,1.5,1.5,1.4147058725357056,-0.595391597529184,0.0,0.0,0.0
1984-01-04,1.5,1.75,1.5,1.75,1.6504902839660645,-0.5690839572100668,16.666673688696942,0.2357844114303589,0.2357844114303589
1984-01-05,1.75,1.75,1.75,1.75,1.6504902839660645,-0.5890139877548526,0.0,0.0,0.0
1984-01-06,1.75,1.75,1.625,1.625,1.5325982570648191,-0.5818391767587296,-7.14284888838942,-0.1178920269012453,-0.11789202690124534
1984-01-09,1.625,1.75,1.625,1.75,1.6504902839660645,-0.5754615669843982,7.692298119079699,0.1178920269012453,0.11789202690124534
1984-01-10,1.625,1.625,1.625,1.625,1.5325982570648191,-0.5850279816458954,-7.14284888838942,-0.1178920269012453,-0.11789202690124534
1984-01-11,1.625,1.75,1.625,1.75,1.6504902839660645,-0.5826363779805211,7.692298119079699,0.1178920269012453,0.11789202690124534
1984-01-12,1.75,1.75,1.75,1.75,1.6504902839660645,-0.5802447743151468,0.0,0.0,0.0
1984-01-13,1.625,1.625,1.625,1.625,1.5325982570648191,-0.5858251828676868,-7.14284888838942,-0.1178920269012453,-0.11789202690124534
1984-01-16,1.625,1.75,1.625,1.75,1.6504902839660645,-0.5770559694279811,7.692298119079699,0.1178920269012453,0.11789202690124534
1984-01-17,1.75,1.75,1.625,1.625,1.5325982570648191,-0.5587203413267782,-7.14284888838942,-0.1178920269012453,-0.11789202690124534
1984-01-18,1.625,1.625,1.625,1.625,1.5325982570648191,-0.5906083901984354,0.0,0.0,0.0
1984-01-19,1.625,1.75,1.5,1.5,1.4147058725357056,-0.554734335217821,-7.692321453822936,-0.1178923845291135,-0.11789238452911355
1984-01-20,1.5,1.5,1.5,1.5,1.4147058725357056,-0.5746643657626068,0.0,0.0,0.0
1984-01-23,1.5,1.5,1.5,1.5,1.4147058725357056,-0.595391597529184,0.0,0.0,0.0
1984-01-24,1.625,1.625,1.625,1.625,1.5325982570648191,-0.5906083901984354,8.33334948400295,0.1178923845291135,0.11789238452911355
1984-01-25,1.625,1.625,1.5,1.625,1.5325982570648191,-0.5834335792023125,0.0,0.0,0.0
1984-01-26,1.625,1.625,1.625,1.625,1.5325982570648191,-0.5794475730933554,0.0,0.0,0.0
1984-01-27,1.625,1.75,1.5,1.625,1.5325982570648191,-0.5627063474357353,0.0,0.0,0.0
1984-01-30,1.625,1.625,1.625,1.625,1.5325982570648191,-0.595391597529184,0.0,0.0,0.0
1984-01-31,1.75,1.875,1.75,1.875,1.7683824300765991,-0.5794475730933554,15.384604016407131,0.23578417301178,0.23578417301178
1984-02-01,1.875,1.875,1.75,1.875,1.7683824300765991,-0.571475560875441,0.0,0.0,0.0
1984-02-02,1.875,1.875,1.75,1.75,1.6504902839660645,-0.5834335792023125,-6.666665767846835,-0.1178921461105346,-0.11789214611053467
1984-02-03,1.75,1.875,1.75,1.875,1.7683824300765991,-0.5754615669843982,7.142856111048679,0.1178921461105346,0.11789214611053467
1984-02-06,1.875,1.875,1.875,1.875,1.7683824300765991,-0.5850279816458954,0.0,0.0,0.0
1984-02-07,1.875,1.875,1.75,1.75,1.6504902839660645,-0.5587203413267782,-6.666665767846835,-0.1178921461105346,-0.11789214611053467
1984-02-08,1.75,1.75,1.625,1.75,1.6504902839660645,-0.5706783596536497,0.0,0.0,0.0
1984-02-09,1.75,1.875,1.75,1.875,1.7683824300765991,-0.543573518112741,7.142856111048679,0.1178921461105346,0.11789214611053467
1984-02-10,1.875,1.875,1.875,1.875,1.7683824300765991,-0.5762587682061896,0.0,0.0,0.0
1984-02-13,1.875,2.0,1.875,2.0,1.886274695396424,-0.5643007498793182,6.666672508995575,0.1178922653198244,0.11789226531982488
1984-02-14,2.0,2.0,1.875,1.875,1.7683824300765991,-0.5650979511011096,-6.250005134859105,-0.1178922653198244,-0.11789226531982488
1984-02-15,1.875,2.0,1.875,1.875,1.7683824300765991,-0.5738671645408153,0.0,0.0,0.0
1984-02-16,2.0,2.125,2.0,2.0,1.886274695396424,-0.4574757861592665,6.666672508995575,0.1178922653198244,0.11789226531982488
1984-02-17,2.0,2.125,2.0,2.125,2.004166841506958,-0.5635035486575267,6.249998815032498,0.1178921461105344,0.117892146110534
1984-02-21,2.25,2.375,2.25,2.375,2.239951133728028,-0.5348043046730352,11.76470378303338,0.2357842922210697,0.23578429222106978
1984-02-22,2.375,2.5,2.25,2.5,2.3578431606292725,-0.5276294936769124,5.263151732468052,0.1178920269012446,0.11789202690124467
1984-02-23,2.5,2.625,2.375,2.625,2.475735902786255,-0.4782030179258436,5.000024773722389,0.1178927421569824,0.11789274215698242
1984-02-24,2.625,2.75,2.5,2.625,2.475735902786255,-0.519657481458998,0.0,0.0,0.0
1984-02-27,2.625,2.625,2.25,2.25,2.122058868408203,-0.5100910667975009,-14.285733546135305,-0.3536770343780517,-0.35367703437805176
1984-02-28,2.25,2.375,2.25,2.25,2.122058868408203,-0.5411819144473667,0.0,0.0,0.0
1984-02-29,2.375,2.5,2.375,2.375,2.239951133728028,-0.4949442435834637,5.555560548999194,0.1178922653198246,0.11789226531982466
1984-03-01,2.375,2.75,2.375,2.625,2.475735902786255,-0.3745668590929576,10.526335396692454,0.2357847690582271,0.2357847690582271
1984-03-02,2.625,2.75,2.5,2.75,2.593627691268921,-0.502916255801378,4.761888711553919,0.117891788482666,0.11789178848266602
1984-03-05,2.75,3.0,2.75,2.875,2.711519956588745,-0.456678584937475,4.54545830601254,0.1178922653198242,0.11789226531982422
1984-03-06,2.875,3.0,2.875,2.875,2.711519956588745,-0.3905108835287862,0.0,0.0,0.0
1984-03-07,2.875,3.0,2.75,2.875,2.711519956588745,-0.5443707193345324,0.0,0.0,0.0
1984-03-08,2.875,2.875,2.625,2.75,2.593627691268921,-0.5587203413267782,-4.347829527618153,-0.1178922653198242,-0.11789226531982422
1984-03-09,2.75,2.875,2.75,2.75,2.593627691268921,-0.5922027926420182,0.0,0.0,0.0
1984-03-12,2.75,2.75,2.625,2.75,2.593627691268921,-0.5539371339960296,0.0,0.0,0.0
1984-03-13,2.75,2.75,2.5,2.625,2.475735902786255,-0.565895152322901,-4.5454399210623775,-0.117891788482666,-0.11789178848266602
1984-03-14,2.625,2.625,2.5,2.5,2.3578431606292725,-0.5842307804241039,-4.761927232395946,-0.1178927421569824,-0.11789274215698242
1984-03-15,2.5,2.625,2.5,2.625,2.475735902786255,-0.5244406887897467,5.000024773722389,0.1178927421569824,0.11789274215698242
1984-03-16,2.625,2.625,2.5,2.5,2.3578431606292725,-0.5738671645408153,-4.761927232395946,-0.1178927421569824,-0.11789274215698242
1984-03-19,2.5,2.5,2.25,2.25,2.122058868408203,-0.5507483291088638,-9.999998988827665,-0.2357842922210693,-0.23578429222106934
1984-03-20,2.25,2.375,2.25,2.375,2.239951133728028,-0.537993109560201,5.555560548999194,0.1178922653198246,0.11789226531982466
1984-03-21,2.5,2.625,2.5,2.625,2.475735902786255,-0.5276294936769124,10.526335396692454,0.2357847690582271,0.2357847690582271
1984-03-22,2.625,2.625,2.625,2.625,2.475735902786255,-0.578650371871564,0.0,0.0,0.0
1984-03-23,2.625,2.75,2.625,2.75,2.593627691268921,-0.565895152322901,4.761888711553919,0.117891788482666,0.11789178848266602
1984-03-26,2.75,2.75,2.625,2.625,2.475735902786255,-0.5579231401049868,-4.5454399210623775,-0.117891788482666,-0.11789178848266602
1984-03-27,2.625,2.75,2.625,2.625,2.475735902786255,-0.5579231401049868,0.0,0.0,0.0
1984-03-28,2.625,2.625,2.625,2.625,2.475735902786255,-0.5794475730933554,0.0,0.0,0.0
1984-03-29,2.625,2.75,2.625,2.625,2.475735902786255,-0.5220490851243723,0.0,0.0,0.0
1984-03-30,2.625,2.875,2.5,2.625,2.475735902786255,-0.3602172371007119,0.0,0.0,0.0
1984-04-02,2.625,2.75,2.375,2.5,2.3578431606292725,-0.5332099022294524,-4.761927232395946,-0.1178927421569824,-0.11789274215698242
1984-04-03,2.5,2.5,2.375,2.375,2.239951133728028,-0.5682867559882754,-4.999994438552102,-0.1178920269012446,-0.11789202690124467
1984-04-04,2.375,2.5,2.375,2.5,2.3578431606292725,-0.5802447743151468,5.263151732468052,0.1178920269012446,0.11789202690124467
1984-04-05,2.5,2.625,2.5,2.625,2.475735902786255,-0.537993109560201,5.000024773722389,0.1178927421569824,0.11789274215698242
1984-04-06,2.5,2.5,2.375,2.5,2.3578431606292725,-0.5730699633190239,-4.761927232395946,-0.1178927421569824,-0.11789274215698242
1984-04-09,2.5,2.5,2.375,2.5,2.3578431606292725,-0.5778531706497725,0.0,0.0,0.0
1984-04-10,2.5,2.5,2.375,2.5,2.3578431606292725,-0.5922027926420182,0.0,0.0,0.0
1984-04-11,2.375,2.375,2.375,2.375,2.239951133728028,-0.5882167865330611,-4.999994438552102,-0.1178920269012446,-0.11789202690124467
1984-04-12,2.375,2.375,2.25,2.25,2.122058868408203,-0.5722727620972325,-5.263162376386865,-0.1178922653198246,-0.11789226531982466
1984-04-13,2.25,2.25,2.25,2.25,2.122058868408203,-0.571475560875441,0.0,0.0,0.0
1984-04-16,2.25,2.375,2.0,2.0,1.886274695396424,-0.5108882680192923,-11.111104245126135,-0.2357841730117795,-0.23578417301177912
1984-04-17,2.0,2.125,2.0,2.125,2.004166841506958,-0.5762587682061896,6.249998815032498,0.1178921461105344,0.117892146110534
1984-04-18,2.125,2.125,2.0,2.125,2.004166841506958,-0.5866223840894782,0.0,0.0,0.0
1984-04-19,2.125,2.125,2.0,2.125,2.004166841506958,-0.5834335792023125,0.0,0.0,0.0
1984-04-23,2.125,2.5,2.0,2.5,2.3578431606292725,-0.5619091462139439,17.647049726477903,0.3536763191223144,0.35367631912231445
1984-04-24,2.5,2.5,2.375,2.5,2.3578431606292725,-0.5762587682061896,0.0,0.0,0.0
1984-04-25,2.375,2.375,2.375,2.375,2.239951133728028,-0.5937971950856011,-4.999994438552102,-0.1178920269012446,-0.11789202690124467
1984-04-26,2.25,2.25,2.25,2.25,2.122058868408203,-0.5842307804241039,-5.263162376386865,-0.1178922653198246,-0.11789226531982466
1984-04-27,2.25,2.25,2.25,2.25,2.122058868408203,-0.595391597529184,0.0,0.0,0.0
1984-04-30,2.25,2.375,2.125,2.375,2.239951133728028,-0.5650979511011096,5.555560548999194,0.1178922653198246,0.11789226531982466
1984-05-01,2.375,2.375,2.375,2.375,2.239951133728028,-0.595391597529184,0.0,0.0,0.0
1984-05-02,2.25,2.25,2.125,2.125,2.004166841506958,-0.5818391767587296,-10.526314108854953,-0.2357842922210697,-0.23578429222106978
1984-05-03,2.0,2.0,2.0,2.0,1.886274695396424,-0.5571259388831953,-5.882351891516668,-0.1178921461105344,-0.117892146110534
1984-05-04,2.0,2.125,2.0,2.125,2.004166841506958,-0.5906083901984354,6.249998815032498,0.1178921461105344,0.117892146110534
1984-05-07,2.125,2.125,2.0,2.125,2.004166841506958,-0.5858251828676868,0.0,0.0,0.0
1984-05-08,2.125,2.125,2.125,2.125,2.004166841506958,-0.595391597529184,0.0,0.0,0.0
1984-05-09,2.0,2.0,2.0,2.0,1.886274695396424,-0.5945943963073925,-5.882351891516668,-0.1178921461105344,-0.117892146110534
1984-05-10,2.0,2.0,2.0,2.0,1.886274695396424,-0.5834335792023125,0.0,0.0,0.0
1984-05-11,2.0,2.0,2.0,2.0,1.886274695396424,-0.5906083901984354,0.0,0.0,0.0
1984-05-14,2.0,2.0,2.0,2.0,1.886274695396424,-0.5826363779805211,0.0,0.0,0.0
1984-05-15,2.0,2.0,2.0,2.0,1.886274695396424,-0.5914055914202269,0.0,0.0,0.0
1984-05-16,2.0,2.0,2.0,2.0,1.886274695396424,-0.5929999938638097,0.0,0.0,0.0
1984-05-17,2.125,2.125,2.125,2.125,2.004166841506958,-0.5834335792023125,6.249998815032498,0.1178921461105344,0.117892146110534
1984-05-18,2.0,2.0,2.0,2.0,1.886274695396424,-0.589811188976644,-5.882351891516668,-0.1178921461105344,-0.117892146110534
1984-05-21,2.0,2.0,2.0,2.0,1.886274695396424,-0.589811188976644,0.0,0.0,0.0
1984-05-22,1.875,1.875,1.875,1.875,1.7683824300765991,-0.5698811584318582,-6.250005134859105,-0.1178922653198244,-0.11789226531982488
1984-05-23,1.875,1.875,1.75,1.75,1.6504902839660645,-0.5802447743151468,-6.666665767846835,-0.1178921461105346,-0.11789214611053467
1984-05-24,1.875,1.875,1.875,1.875,1.7683824300765991,-0.5826363779805211,7.142856111048679,0.1178921461105346,0.11789214611053467
1984-05-25,1.75,1.75,1.75,1.75,1.6504902839660645,-0.5914055914202269,-6.666665767846835,-0.1178921461105346,-0.11789214611053467
1984-05-29,1.75,1.875,1.75,1.75,1.6504902839660645,-0.5834335792023125,0.0,0.0,0.0
1984-05-30,1.875,2.0,1.875,2.0,1.886274695396424,-0.5794475730933554,14.285719444756628,0.2357844114303591,0.23578441143035955
1984-05-31,2.0,2.125,2.0,2.0,1.886274695396424,-0.5922027926420182,0.0,0.0,0.0
1984-06-01,1.875,1.875,1.875,1.875,1.7683824300765991,-0.5914055914202269,-6.250005134859105,-0.1178922653198244,-0.11789226531982488
1984-06-04,1.875,2.0,1.875,1.875,1.7683824300765991,-0.5834335792023125,0.0,0.0,0.0
1984-06-05,1.875,2.0,1.875,1.875,1.7683824300765991,-0.565895152322901,0.0,0.0,0.0
1984-06-06,1.875,2.0,1.875,1.875,1.7683824300765991,-0.5666923535446925,0.0,0.0,0.0
1984-06-07,1.875,1.875,1.875,1.875,1.7683824300765991,-0.578650371871564,0.0,0.0,0.0
1984-06-08,1.875,1.875,1.875,1.875,1.7683824300765991,-0.5922027926420182,0.0,0.0,0.0
1984-06-11,1.875,1.875,1.875,1.875,1.7683824300765991,-0.595391597529184,0.0,0.0,0.0
1984-06-12,1.875,1.875,1.875,1.875,1.7683824300765991,-0.5635035486575267,0.0,0.0,0.0
1984-06-13,1.875,1.875,1.875,1.875,1.7683824300765991,-0.5571259388831953,0.0,0.0,0.0
1984-06-14,1.875,1.875,1.875,1.875,1.7683824300765991,-0.595391597529184,0.0,0.0,0.0
1984-06-15,1.875,1.875,1.875,1.875,1.7683824300765991,-0.5914055914202269,0.0,0.0,0.0
1984-06-18,1.875,1.875,1.875,1.875,1.7683824300765991,-0.5906083901984354,0.0,0.0,0.0
1984-06-19,1.875,1.875,1.75,1.75,1.6504902839660645,-0.5850279816458954,-6.666665767846835,-0.1178921461105346,-0.11789214611053467
1984-06-20,1.75,1.75,1.75,1.75,1.6504902839660645,-0.5914055914202269,0.0,0.0,0.0
1984-06-21,1.75,1.75,1.75,1.75,1.6504902839660645,-0.5754615669843982,0.0,0.0,0.0
1984-06-22,1.75,1.75,1.75,1.75,1.6504902839660645,-0.595391597529184,0.0,0.0,0.0
1984-06-25,1.75,1.75,1.75,1.75,1.6504902839660645,-0.5937971950856011,0.0,0.0,0.0
1984-06-26,1.75,1.75,1.75,1.75,1.6504902839660645,-0.5874195853112697,0.0,0.0,0.0
1984-06-27,1.75,1.75,1.625,1.75,1.6504902839660645,-0.5778531706497725,0.0,0.0,0.0
1984-06-28,1.75,1.75,1.75,1.75,1.6504902839660645,-0.5945943963073925,0.0,0.0,0.0
1984-06-29,1.75,1.75,1.625,1.75,1.6504902839660645,-0.5212518839025809,0.0,0.0,0.0
1984-07-02,1.75,1.875,1.75,1.75,1.6504902839660645,-0.5698811584318582,0.0,0.0,0.0
1984-07-03,1.75,1.75,1.75,1.75,1.6504902839660645,-0.5802447743151468,0.0,0.0,0.0
1984-07-05,1.75,1.875,1.75,1.875,1.7683824300765991,-0.5682867559882754,7.142856111048679,0.1178921461105346,0.11789214611053467
1984-07-06,1.75,1.75,1.75,1.75,1.6504902839660645,-0.5874195853112697,-6.666665767846835,-0.1178921461105346,-0.11789214611053467
1984-07-09,1.75,1.875,1.75,1.75,1.6504902839660645,-0.5794475730933554,0.0,0.0,0.0
1984-07-10,1.75,1.75,1.75,1.75,1.6504902839660645,-0.5850279816458954,0.0,0.0,0.0
1984-07-11,1.75,1.75,1.75,1.75,1.6504902839660645,-0.5858251828676868,0.0,0.0,0.0
1984-07-12,1.875,1.875,1.875,1.875,1.7683824300765991,-0.5906083901984354,7.142856111048679,0.1178921461105346,0.11789214611053467
1984-07-13,1.75,1.75,1.75,1.75,1.6504902839660645,-0.5762587682061896,-6.666665767846835,-0.1178921461105346,-0.11789214611053467
1984-07-16,1.75,1.75,1.75,1.75,1.6504902839660645,-0.5874195853112697,0.0,0.0,0.0
1984-07-17,1.625,1.625,1.625,1.625,1.5325982570648191,-0.5914055914202269,-7.14284888838942,-0.1178920269012453,-0.11789202690124534
1984-07-18,1.625,1.625,1.625,1.625,1.5325982570648191,-0.595391597529184,0.0,0.0,0.0
1984-07-19,1.625,1.625,1.625,1.625,1.5325982570648191,-0.5722727620972325,0.0,0.0,0.0
1984-07-20,1.5,1.5,1.5,1.5,1.4147058725357056,-0.5866223840894782,-7.692321453822936,-0.1178923845291135,-0.11789238452911355
1984-07-23,1.5,1.5,1.5,1.5,1.4147058725357056,-0.578650371871564,0.0,0.0,0.0
1984-07-24,1.5,1.5,1.5,1.5,1.4147058725357056,-0.5874195853112697,0.0,0.0,0.0
1984-07-25,1.5,1.5,1.5,1.5,1.4147058725357056,-0.5810419755369383,0.0,0.0,0.0
1984-07-26,1.5,1.5,1.5,1.5,1.4147058725357056,-0.5937971950856011,0.0,0.0,0.0
1984-07-27,1.625,1.625,1.625,1.625,1.5325982570648191,-0.5914055914202269,8.33334948400295,0.1178923845291135,0.11789238452911355
1984-07-30,1.5,1.5,1.5,1.5,1.4147058725357056,-0.5937971950856011,-7.692321453822936,-0.1178923845291135,-0.11789238452911355
1984-07-31,1.5,1.5,1.5,1.5,1.4147058725357056,-0.5387903107819924,0.0,0.0,0.0
1984-08-01,1.375,1.375,1.375,1.375,1.2968138456344604,-0.5746643657626068,-8.333324204693982,-0.1178920269012451,-0.11789202690124512
1984-08-02,1.5,1.5,1.5,1.5,1.4147058725357056,-0.5754615669843982,9.090898227074916,0.1178920269012451,0.11789202690124512
1984-08-03,1.5,1.5,1.5,1.5,1.4147058725357056,-0.5929999938638097,0.0,0.0,0.0
1984-08-06,1.5,1.625,1.5,1.625,1.5325982570648191,-0.5802447743151468,8.33334948400295,0.1178923845291135,0.11789238452911355
1984-08-07,1.5,1.5,1.5,1.5,1.4147058725357056,-0.5882167865330611,-7.692321453822936,-0.1178923845291135,-0.11789238452911355
1984-08-08,1.5,1.5,1.375,1.5,1.4147058725357056,-0.5794475730933554,0.0,0.0,0.0
1984-08-09,1.5,1.5,1.375,1.375,1.2968138456344604,-0.5842307804241039,-8.333324204693982,-0.1178920269012451,-0.11789202690124512
1984-08-10,1.375,1.5,1.375,1.5,1.4147058725357056,-0.5754615669843982,9.090898227074916,0.1178920269012451,0.11789202690124512
1984-08-13,1.5,1.5,1.5,1.5,1.4147058725357056,-0.5842307804241039,0.0,0.0,0.0
1984-08-14,1.5,1.5,1.375,1.375,1.2968138456344604,-0.5842307804241039,-8.333324204693982,-0.1178920269012451,-0.11789202690124512
1984-08-15,1.375,1.375,1.375,1.375,1.2968138456344604,-0.5730699633190239,0.0,0.0,0.0
1984-08-16,1.375,1.375,1.375,1.375,1.2968138456344604,-0.5914055914202269,0.0,0.0,0.0
1984-08-17,1.5,1.625,1.5,1.625,1.5325982570648191,-0.5635035486575267,18.181824031575022,0.2357844114303586,0.23578441143035866
1984-08-20,1.625,1.75,1.625,1.75,1.6504902839660645,-0.5834335792023125,7.692298119079699,0.1178920269012453,0.11789202690124534
1984-08-21,1.625,1.625,1.625,1.625,1.5325982570648191,-0.5866223840894782,-7.14284888838942,-0.1178920269012453,-0.11789202690124534
1984-08-22,1.75,1.875,1.75,1.875,1.7683824300765991,-0.5603147437703611,15.384604016407131,0.23578417301178,0.23578417301178
1984-08-23,1.875,1.875,1.625,1.625,1.5325982570648191,-0.5674895547664839,-13.333324794544964,-0.23578417301178,-0.23578417301178
1984-08-24,1.625,1.75,1.625,1.75,1.6504902839660645,-0.5826363779805211,7.692298119079699,0.1178920269012453,0.11789202690124534
1984-08-27,1.625,1.625,1.5,1.5,1.4147058725357056,-0.5826363779805211,-14.285719444756628,-0.2357844114303589,-0.2357844114303589
1984-08-28,1.5,1.75,1.5,1.625,1.5325982570648191,-0.5850279816458954,8.33334948400295,0.1178923845291135,0.11789238452911355
1984-08-29,1.625,1.625,1.625,1.625,1.5325982570648191,-0.595391597529184,0.0,0.0,0.0
1984-08-30,1.75,1.75,1.75,1.75,1.6504902839660645,-0.5914055914202269,7.692298119079699,0.1178920269012453,0.11789202690124534
1984-08-31,1.75,1.75,1.75,1.75,1.6504902839660645,-0.5929999938638097,0.0,0.0,0.0
1984-09-04,1.625,1.625,1.625,1.625,1.5325982570648191,-0.5802447743151468,-7.14284888838942,-0.1178920269012453,-0.11789202690124534
1984-09-05,1.5,1.5,1.5,1.5,1.4147058725357056,-0.5866223840894782,-7.692321453822936,-0.1178923845291135,-0.11789238452911355
1984-09-06,1.5,1.5,1.5,1.5,1.4147058725357056,-0.5929999938638097,0.0,0.0,0.0
1984-09-07,1.5,1.5,1.5,1.5,1.4147058725357056,-0.5874195853112697,0.0,0.0,0.0
1984-09-10,1.5,1.625,1.5,1.625,1.5325982570648191,-0.5906083901984354,8.33334948400295,0.1178923845291135,0.11789238452911355
1984-09-11,1.5,1.5,1.5,1.5,1.4147058725357056,-0.5914055914202269,-7.692321453822936,-0.1178923845291135,-0.11789238452911355
1984-09-12,1.625,1.625,1.625,1.625,1.5325982570648191,-0.5858251828676868,8.33334948400295,0.1178923845291135,0.11789238452911355
1984-09-13,1.5,1.5,1.5,1.5,1.4147058725357056,-0.5611119449921524,-7.692321453822936,-0.1178923845291135,-0.11789238452911355
1984-09-14,1.5,1.5,1.5,1.5,1.4147058725357056,-0.5906083901984354,0.0,0.0,0.0
1984-09-17,1.5,1.5,1.5,1.5,1.4147058725357056,-0.5794475730933554,0.0,0.0,0.0
1984-09-18,1.5,1.5,1.5,1.5,1.4147058725357056,-0.595391597529184,0.0,0.0,0.0
1984-09-19,1.5,1.5,1.375,1.375,1.2968138456344604,-0.5746643657626068,-8.333324204693982,-0.1178920269012451,-0.11789202690124512
1984-09-20,1.375,1.375,1.375,1.375,1.2968138456344604,-0.571475560875441,0.0,0.0,0.0
1984-09-21,1.375,1.375,1.375,1.375,1.2968138456344604,-0.5706783596536497,0.0,0.0,0.0
1984-09-24,1.375,1.375,1.375,1.375,1.2968138456344604,-0.5666923535446925,0.0,0.0,0.0
1984-09-25,1.5,1.5,1.5,1.5,1.4147058725357056,-0.5906083901984354,9.090898227074916,0.1178920269012451,0.11789202690124512
1984-09-26,1.625,1.625,1.625,1.625,1.5325982570648191,-0.5874195853112697,8.33334948400295,0.1178923845291135,0.11789238452911355
1984-09-27,1.5,1.5,1.5,1.5,1.4147058725357056,-0.589811188976644,-7.692321453822936,-0.1178923845291135,-0.11789238452911355
1984-09-28,1.5,1.625,1.5,1.625,1.5325982570648191,-0.5929999938638097,8.33334948400295,0.1178923845291135,0.11789238452911355
1984-10-01,1.5,1.5,1.5,1.5,1.4147058725357056,-0.5834335792023125,-7.692321453822936,-0.1178923845291135,-0.11789238452911355
1984-10-02,1.5,1.5,1.5,1.5,1.4147058725357056,-0.5914055914202269,0.0,0.0,0.0
1984-10-03,1.5,1.5,1.5,1.5,1.4147058725357056,-0.5945943963073925,0.0,0.0,0.0
1984-10-04,1.5,1.5,1.5,1.5,1.4147058725357056,-0.5945943963073925,0.0,0.0,0.0
1984-10-05,1.5,1.5,1.5,1.5,1.4147058725357056,-0.5778531706497725,0.0,0.0,0.0
1984-10-08,1.5,1.625,1.5,1.5,1.4147058725357056,-0.578650371871564,0.0,0.0,0.0
1984-10-09,1.375,1.375,1.375,1.375,1.2968138456344604,-0.5180630790154152,-8.333324204693982,-0.1178920269012451,-0.11789202690124512
1984-10-10,1.375,1.5,1.375,1.5,1.4147058725357056,-0.5666923535446925,9.090898227074916,0.1178920269012451,0.11789202690124512
1984-10-11,1.5,1.5,1.5,1.5,1.4147058725357056,-0.595391597529184,0.0,0.0,0.0
1984-10-12,1.5,1.625,1.5,1.625,1.5325982570648191,-0.578650371871564,8.33334948400295,0.1178923845291135,0.11789238452911355
1984-10-15,1.625,1.625,1.625,1.625,1.5325982570648191,-0.595391597529184,0.0,0.0,0.0
1984-10-16,1.5,1.5,1.375,1.375,1.2968138456344604,-0.5826363779805211,-15.384619572902626,-0.2357844114303586,-0.23578441143035866
1984-10-17,1.5,1.5,1.5,1.5,1.4147058725357056,-0.5842307804241039,9.090898227074916,0.1178920269012451,0.11789202690124512
1984-10-18,1.375,1.375,1.375,1.375,1.2968138456344604,-0.5850279816458954,-8.333324204693982,-0.1178920269012451,-0.11789202690124512
1984-10-19,1.375,1.375,1.375,1.375,1.2968138456344604,-0.5945943963073925,0.0,0.0,0.0
1984-10-22,1.375,1.375,1.375,1.375,1.2968138456344604,-0.5874195853112697,0.0,0.0,0.0
1984-10-23,1.375,1.375,1.375,1.375,1.2968138456344604,-0.5818391767587296,0.0,0.0,0.0
1984-10-24,1.375,1.5,1.375,1.5,1.4147058725357056,-0.5746643657626068,9.090898227074916,0.1178920269012451,0.11789202690124512
1984-10-25,1.5,1.5,1.375,1.375,1.2968138456344604,-0.5818391767587296,-8.333324204693982,-0.1178920269012451,-0.11789202690124512
1984-10-26,1.375,1.5,1.375,1.5,1.4147058725357056,-0.5890139877548526,9.090898227074916,0.1178920269012451,0.11789202690124512
1984-10-29,1.5,1.5,1.5,1.5,1.4147058725357056,-0.595391597529184,0.0,0.0,0.0
1984-10-30,1.375,1.375,1.375,1.375,1.2968138456344604,-0.5387903107819924,-8.333324204693982,-0.1178920269012451,-0.11789202690124512
1984-10-31,1.375,1.375,1.375,1.375,1.2968138456344604,-0.5929999938638097,0.0,0.0,0.0
1984-11-01,1.375,1.375,1.375,1.375,1.2968138456344604,-0.5890139877548526,0.0,0.0,0.0
1984-11-02,1.375,1.5,1.375,1.5,1.4147058725357056,-0.5794475730933554,9.090898227074916,0.1178920269012451,0.11789202690124512
1984-11-05,1.5,1.5,1.375,1.5,1.4147058725357056,-0.5666923535446925,0.0,0.0,0.0
1984-11-06,1.5,1.5,1.5,1.5,1.4147058725357056,-0.5929999938638097,0.0,0.0,0.0
1984-11-07,1.5,1.5,1.375,1.375,1.2968138456344604,-0.5874195853112697,-8.333324204693982,-0.1178920269012451,-0.11789202690124512
1984-11-08,1.5,1.5,1.5,1.5,1.4147058725357056,-0.5874195853112697,9.090898227074916,0.1178920269012451,0.11789202690124512
1984-11-09,1.375,1.375,1.375,1.375,1.2968138456344604,-0.5906083901984354,-8.333324204693982,-0.1178920269012451,-0.11789202690124512
1984-11-12,1.375,1.375,1.375,1.375,1.2968138456344604,-0.5945943963073925,0.0,0.0,0.0
1984-11-13,1.375,1.375,1.375,1.375,1.2968138456344604,-0.5794475730933554,0.0,0.0,0.0
1984-11-14,1.375,1.5,1.375,1.375,1.2968138456344604,-0.5650979511011096,0.0,0.0,0.0
1984-11-15,1.375,1.5,1.375,1.5,1.4147058725357056,-0.5706783596536497,9.090898227074916,0.1178920269012451,0.11789202690124512
1984-11-16,1.375,1.375,1.375,1.375,1.2968138456344604,-0.5858251828676868,-8.333324204693982,-0.1178920269012451,-0.11789202690124512
1984-11-19,1.375,1.375,1.25,1.25,1.1789215803146362,-0.5611119449921524,-9.090916612025058,-0.1178922653198242,-0.11789226531982422
1984-11-20,1.25,1.375,1.25,1.25,1.1789215803146362,-0.5475595242216982,0.0,0.0,0.0
1984-11-21,1.25,1.375,1.25,1.375,1.2968138456344604,-0.5818391767587296,10.000009100551075,0.1178922653198242,0.11789226531982422
1984-11-23,1.375,1.5,1.375,1.5,1.4147058725357056,-0.5706783596536497,9.090898227074916,0.1178920269012451,0.11789202690124512
1984-11-26,1.375,1.375,1.375,1.375,1.2968138456344604,-0.5627063474357353,-8.333324204693982,-0.1178920269012451,-0.11789202690124512
1984-11-27,1.375,1.375,1.25,1.375,1.2968138456344604,-0.5722727620972325,0.0,0.0,0.0
1984-11-28,1.375,1.375,1.25,1.25,1.1789215803146362,-0.565895152322901,-9.090916612025058,-0.1178922653198242,-0.11789226531982422
1984-11-29,1.375,1.375,1.375,1.375,1.2968138456344604,-0.5284266948987038,10.000009100551075,0.1178922653198242,0.11789226531982422
1984-11-30,1.375,1.375,1.125,1.375,1.2968138456344604,-0.1298260840029884,0.0,0.0,0.0
1984-12-03,1.5,1.625,1.5,1.5,1.4147058725357056,-0.4343569507273149,9.090898227074916,0.1178920269012451,0.11789202690124512
1984-12-04,1.5,1.75,1.5,1.75,1.6504902839660645,-0.5619091462139439,16.666673688696942,0.2357844114303589,0.2357844114303589
1984-12-05,1.625,1.625,1.5,1.5,1.4147058725357056,-0.5722727620972325,-14.285719444756628,-0.2357844114303589,-0.2357844114303589
1984-12-06,1.5,1.5,1.5,1.5,1.4147058725357056,-0.5730699633190239,0.0,0.0,0.0
1984-12-07,1.5,1.625,1.5,1.5,1.4147058725357056,-0.5770559694279811,0.0,0.0,0.0
1984-12-10,1.5,1.5,1.5,1.5,1.4147058725357056,-0.5746643657626068,0.0,0.0,0.0
1984-12-11,1.5,1.5,1.5,1.5,1.4147058725357056,-0.5555315364396124,0.0,0.0,0.0
1984-12-12,1.5,1.625,1.5,1.625,1.5325982570648191,-0.5467623229999067,8.33334948400295,0.1178923845291135,0.11789238452911355
1984-12-13,1.625,1.75,1.5,1.5,1.4147058725357056,-0.5499511278870725,-7.692321453822936,-0.1178923845291135,-0.11789238452911355
1984-12-14,1.5,1.625,1.5,1.625,1.5325982570648191,-0.5515455303306553,8.33334948400295,0.1178923845291135,0.11789238452911355
1984-12-17,1.5,1.5,1.5,1.5,1.4147058725357056,-0.565895152322901,-7.692321453822936,-0.1178923845291135,-0.11789238452911355
1984-12-18,1.5,1.5,1.5,1.5,1.4147058725357056,-0.5690839572100668,0.0,0.0,0.0
1984-12-19,1.5,1.5,1.375,1.375,1.2968138456344604,-0.5308182985640781,-8.333324204693982,-0.1178920269012451,-0.11789202690124512
1984-12-20,1.375,1.5,1.375,1.375,1.2968138456344604,-0.5356015058948267,0.0,0.0,0.0
1984-12-21,1.375,1.375,1.375,1.375,1.2968138456344604,-0.5650979511011096,0.0,0.0,0.0
1984-12-24,1.375,1.375,1.375,1.375,1.2968138456344604,-0.5794475730933554,0.0,0.0,0.0
1984-12-26,1.375,1.5,1.375,1.375,1.2968138456344604,-0.5531399327742381,0.0,0.0,0.0
1984-12-27,1.375,1.375,1.375,1.375,1.2968138456344604,-0.5515455303306553,0.0,0.0,0.0
1984-12-28,1.375,1.375,1.25,1.25,1.1789215803146362,-0.5443707193345324,-9.090916612025058,-0.1178922653198242,-0.11789226531982422
1984-12-31,1.25,1.375,1.25,1.25,1.1789215803146362,-0.502916255801378,0.0,0.0,0.0
1985-01-02,1.25,1.25,1.25,1.25,1.1789215803146362,-0.595391597529184,0.0,0.0,0.0
1985-01-03,1.25,1.375,1.25,1.375,1.2968138456344604,-0.5810419755369383,10.000009100551075,0.1178922653198242,0.11789226531982422
1985-01-04,1.375,1.375,1.375,1.375,1.2968138456344604,-0.595391597529184,0.0,0.0,0.0
1985-01-07,1.375,1.375,1.375,1.375,1.2968138456344604,-0.554734335217821,0.0,0.0,0.0
1985-01-08,1.25,1.25,1.25,1.25,1.1789215803146362,-0.5914055914202269,-9.090916612025058,-0.1178922653198242,-0.11789226531982422
1985-01-09,1.375,1.375,1.375,1.375,1.2968138456344604,-0.589811188976644,10.000009100551075,0.1178922653198242,0.11789226531982422
1985-01-10,1.375,1.375,1.25,1.375,1.2968138456344604,-0.5770559694279811,0.0,0.0,0.0
1985-01-11,1.375,1.375,1.375,1.375,1.2968138456344604,-0.595391597529184,0.0,0.0,0.0
1985-01-14,1.375,1.5,1.375,1.375,1.2968138456344604,-0.5794475730933554,0.0,0.0,0.0
1985-01-15,1.375,1.375,1.375,1.375,1.2968138456344604,-0.5826363779805211,0.0,0.0,0.0
1985-01-16,1.375,1.5,1.375,1.5,1.4147058725357056,-0.5858251828676868,9.090898227074916,0.1178920269012451,0.11789202690124512
1985-01-17,1.5,1.5,1.375,1.375,1.2968138456344604,-0.5834335792023125,-8.333324204693982,-0.1178920269012451,-0.11789202690124512
1985-01-18,1.375,1.5,1.375,1.375,1.2968138456344604,-0.5770559694279811,0.0,0.0,0.0
1985-01-21,1.375,1.5,1.375,1.375,1.2968138456344604,-0.5395875120037839,0.0,0.0,0.0
1985-01-22,1.375,1.375,1.375,1.375,1.2968138456344604,-0.5770559694279811,0.0,0.0,0.0
1985-01-23,1.5,1.5,1.5,1.5,1.4147058725357056,-0.5156714753500409,9.090898227074916,0.1178920269012451,0.11789202690124512
1985-01-24,1.5,1.625,1.375,1.375,1.2968138456344604,-0.5579231401049868,-8.333324204693982,-0.1178920269012451,-0.11789202690124512
1985-01-25,1.375,1.5,1.375,1.375,1.2968138456344604,-0.5539371339960296,0.0,0.0,0.0
1985-01-28,1.375,1.375,1.375,1.375,1.2968138456344604,-0.5866223840894782,0.0,0.0,0.0
1985-01-29,1.375,1.375,1.375,1.375,1.2968138456344604,-0.595391597529184,0.0,0.0,0.0
1985-01-30,1.375,1.375,1.375,1.375,1.2968138456344604,-0.5866223840894782,0.0,0.0,0.0
1985-01-31,1.375,1.375,1.375,1.375,1.2968138456344604,-0.5945943963073925,0.0,0.0,0.0
1985-02-01,1.375,1.375,1.375,1.375,1.2968138456344604,-0.5850279816458954,0.0,0.0,0.0
1985-02-04,1.375,1.5,1.375,1.5,1.4147058725357056,-0.5810419755369383,9.090898227074916,0.1178920269012451,0.11789202690124512
1985-02-05,1.5,1.5,1.5,1.5,1.4147058725357056,-0.5172658777936238,0.0,0.0,0.0
1985-02-06,1.5,1.5,1.5,1.5,1.4147058725357056,-0.5882167865330611,0.0,0.0,0.0
1985-02-07,1.5,1.75,1.5,1.75,1.6504902839660645,-0.578650371871564,16.666673688696942,0.2357844114303589,0.2357844114303589
1985-02-08,1.75,1.875,1.625,1.875,1.7683824300765991,-0.5579231401049868,7.142856111048679,0.1178921461105346,0.11789214611053467
1985-02-11,1.875,1.875,1.625,1.625,1.5325982570648191,-0.5650979511011096,-13.333324794544964,-0.23578417301178,-0.23578417301178
1985-02-12,1.625,1.75,1.625,1.75,1.6504902839660645,-0.5858251828676868,7.692298119079699,0.1178920269012453,0.11789202690124534
1985-02-13,1.75,1.75,1.625,1.75,1.6504902839660645,-0.571475560875441,0.0,0.0,0.0
1985-02-14,1.75,1.75,1.625,1.75,1.6504902839660645,-0.5619091462139439,0.0,0.0,0.0
1985-02-15,1.625,1.625,1.625,1.625,1.5325982570648191,-0.5866223840894782,-7.14284888838942,-0.1178920269012453,-0.11789202690124534
1985-02-19,1.625,1.625,1.625,1.625,1.5325982570648191,-0.5874195853112697,0.0,0.0,0.0
1985-02-20,1.625,1.625,1.625,1.625,1.5325982570648191,-0.5945943963073925,0.0,0.0,0.0
1985-02-21,1.5,1.5,1.5,1.5,1.4147058725357056,-0.5802447743151468,-7.692321453822936,-0.1178923845291135,-0.11789238452911355
1985-02-22,1.5,1.625,1.5,1.5,1.4147058725357056,-0.5866223840894782,0.0,0.0,0.0
1985-02-25,1.5,1.5,1.5,1.5,1.4147058725357056,-0.595391597529184,0.0,0.0,0.0
1985-02-26,1.5,1.625,1.5,1.5,1.4147058725357056,-0.5682867559882754,0.0,0.0,0.0
1985-02-27,1.5,1.625,1.5,1.5,1.4147058725357056,-0.5627063474357353,0.0,0.0,0.0
1985-02-28,1.5,1.5,1.5,1.5,1.4147058725357056,-0.5922027926420182,0.0,0.0,0.0
1985-03-01,1.5,1.5,1.5,1.5,1.4147058725357056,-0.595391597529184,0.0,0.0,0.0
1985-03-04,1.5,1.625,1.5,1.625,1.5325982570648191,-0.5906083901984354,8.33334948400295,0.1178923845291135,0.11789238452911355
1985-03-05,1.625,1.625,1.5,1.5,1.4147058725357056,-0.5858251828676868,-7.692321453822936,-0.1178923845291135,-0.11789238452911355
1985-03-06,1.5,1.625,1.5,1.625,1.5325982570648191,-0.5706783596536497,8.33334948400295,0.1178923845291135,0.11789238452911355
1985-03-07,1.625,1.625,1.5,1.5,1.4147058725357056,-0.5906083901984354,-7.692321453822936,-0.1178923845291135,-0.11789238452911355
1985-03-08,1.5,1.625,1.5,1.5,1.4147058725357056,-0.5850279816458954,0.0,0.0,0.0
1985-03-11,1.625,1.625,1.625,1.625,1.5325982570648191,-0.5674895547664839,8.33334948400295,0.1178923845291135,0.11789238452911355
1985-03-12,1.625,1.75,1.625,1.75,1.6504902839660645,-0.5563287376614039,7.692298119079699,0.1178920269012453,0.11789202690124534
1985-03-13,1.75,1.75,1.625,1.625,1.5325982570648191,-0.5467623229999067,-7.14284888838942,-0.1178920269012453,-0.11789202690124534
1985-03-14,1.625,1.625,1.5,1.625,1.5325982570648191,-0.5682867559882754,0.0,0.0,0.0
1985-03-15,1.625,1.625,1.625,1.625,1.5325982570648191,-0.595391597529184,0.0,0.0,0.0
1985-03-18,1.5,1.5,1.5,1.5,1.4147058725357056,-0.5698811584318582,-7.692321453822936,-0.1178923845291135,-0.11789238452911355
1985-03-19,1.5,1.625,1.5,1.5,1.4147058725357056,-0.5929999938638097,0.0,0.0,0.0
1985-03-20,1.5,1.5,1.5,1.5,1.4147058725357056,-0.5762587682061896,0.0,0.0,0.0
1985-03-21,1.5,1.625,1.5,1.625,1.5325982570648191,-0.5882167865330611,8.33334948400295,0.1178923845291135,0.11789238452911355
1985-03-22,1.75,1.75,1.75,1.75,1.6504902839660645,-0.5906083901984354,7.692298119079699,0.1178920269012453,0.11789202690124534
1985-03-25,1.625,1.625,1.625,1.625,1.5325982570648191,-0.5914055914202269,-7.14284888838942,-0.1178920269012453,-0.11789202690124534
1985-03-26,1.625,1.625,1.5,1.5,1.4147058725357056,-0.5523427315524467,-7.692321453822936,-0.1178923845291135,-0.11789238452911355
1985-03-27,1.5,1.5,1.5,1.5,1.4147058725357056,-0.5922027926420182,0.0,0.0,0.0
1985-03-28,1.5,1.5,1.5,1.5,1.4147058725357056,-0.5906083901984354,0.0,0.0,0.0
1985-03-29,1.5,1.5,1.5,1.5,1.4147058725357056,-0.5914055914202269,0.0,0.0,0.0
1985-04-01,1.5,1.5,1.5,1.5,1.4147058725357056,-0.595391597529184,0.0,0.0,0.0
1985-04-02,1.5,1.5,1.5,1.5,1.4147058725357056,-0.5914055914202269,0.0,0.0,0.0
1985-04-03,1.5,1.625,1.5,1.5,1.4147058725357056,-0.589811188976644,0.0,0.0,0.0
1985-04-04,1.625,1.75,1.625,1.625,1.5325982570648191,-0.5635035486575267,8.33334948400295,0.1178923845291135,0.11789238452911355
1985-04-08,1.625,1.625,1.5,1.5,1.4147058725357056,-0.589811188976644,-7.692321453822936,-0.1178923845291135,-0.11789238452911355
1985-04-09,1.5,1.625,1.5,1.5,1.4147058725357056,-0.5890139877548526,0.0,0.0,0.0
1985-04-10,1.5,1.5,1.5,1.5,1.4147058725357056,-0.5906083901984354,0.0,0.0,0.0
1985-04-11,1.5,1.5,1.5,1.5,1.4147058725357056,-0.5922027926420182,0.0,0.0,0.0
1985-04-12,1.5,1.5,1.5,1.5,1.4147058725357056,-0.589811188976644,0.0,0.0,0.0
1985-04-15,1.5,1.625,1.375,1.625,1.5325982570648191,-0.5595175425485696,8.33334948400295,0.1178923845291135,0.11789238452911355
1985-04-16,1.625,1.75,1.625,1.75,1.6504902839660645,-0.578650371871564,7.692298119079699,0.1178920269012453,0.11789202690124534
1985-04-17,1.75,1.75,1.5,1.625,1.5325982570648191,-0.5571259388831953,-7.14284888838942,-0.1178920269012453,-0.11789202690124534
1985-04-18,1.625,1.625,1.5,1.625,1.5325982570648191,-0.5810419755369383,0.0,0.0,0.0
1985-04-19,1.625,1.625,1.5,1.5,1.4147058725357056,-0.5937971950856011,-7.692321453822936,-0.1178923845291135,-0.11789238452911355
1985-04-22,1.5,1.625,1.5,1.625,1.5325982570648191,-0.5738671645408153,8.33334948400295,0.1178923845291135,0.11789238452911355
1985-04-23,1.5,1.5,1.5,1.5,1.4147058725357056,-0.589811188976644,-7.692321453822936,-0.1178923845291135,-0.11789238452911355
1985-04-24,1.5,1.5,1.5,1.5,1.4147058725357056,-0.595391597529184,0.0,0.0,0.0
1985-04-25,1.5,1.5,1.5,1.5,1.4147058725357056,-0.5794475730933554,0.0,0.0,0.0
1985-04-26,1.5,1.5,1.5,1.5,1.4147058725357056,-0.595391597529184,0.0,0.0,0.0
1985-04-29,1.5,1.5,1.5,1.5,1.4147058725357056,-0.595391597529184,0.0,0.0,0.0
1985-04-30,1.5,1.5,1.5,1.5,1.4147058725357056,-0.5858251828676868,0.0,0.0,0.0
1985-05-01,1.5,1.5,1.5,1.5,1.4147058725357056,-0.5810419755369383,0.0,0.0,0.0
1985-05-02,1.5,1.625,1.5,1.5,1.4147058725357056,-0.5627063474357353,0.0,0.0,0.0
1985-05-03,1.5,1.625,1.5,1.5,1.4147058725357056,-0.578650371871564,0.0,0.0,0.0
1985-05-06,1.5,1.625,1.5,1.5,1.4147058725357056,-0.5922027926420182,0.0,0.0,0.0
1985-05-07,1.625,1.75,1.625,1.625,1.5325982570648191,-0.5587203413267782,8.33334948400295,0.1178923845291135,0.11789238452911355
1985-05-08,1.625,1.625,1.625,1.625,1.5325982570648191,-0.5874195853112697,0.0,0.0,0.0
1985-05-09,1.625,1.625,1.625,1.625,1.5325982570648191,-0.5842307804241039,0.0,0.0,0.0
1985-05-10,1.625,1.625,1.625,1.625,1.5325982570648191,-0.589811188976644,0.0,0.0,0.0
1985-05-13,1.625,1.625,1.625,1.625,1.5325982570648191,-0.5929999938638097,0.0,0.0,0.0
1985-05-14,1.5,1.5,1.5,1.5,1.4147058725357056,-0.5922027926420182,-7.692321453822936,-0.1178923845291135,-0.11789238452911355
1985-05-15,1.5,1.625,1.5,1.625,1.5325982570648191,-0.5587203413267782,8.33334948400295,0.1178923845291135,0.11789238452911355
1985-05-16,1.625,1.625,1.625,1.625,1.5325982570648191,-0.5810419755369383,0.0,0.0,0.0
1985-05-17,1.625,1.625,1.625,1.625,1.5325982570648191,-0.595391597529184,0.0,0.0,0.0
1985-05-20,1.625,1.625,1.625,1.625,1.5325982570648191,-0.5945943963073925,0.0,0.0,0.0
1985-05-21,1.625,1.625,1.625,1.625,1.5325982570648191,-0.5922027926420182,0.0,0.0,0.0
1985-05-22,1.625,1.625,1.625,1.625,1.5325982570648191,-0.589811188976644,0.0,0.0,0.0
1985-05-23,1.625,1.625,1.625,1.625,1.5325982570648191,-0.5874195853112697,0.0,0.0,0.0
1985-05-24,1.625,1.625,1.625,1.625,1.5325982570648191,-0.595391597529184,0.0,0.0,0.0
1985-05-28,1.5,1.5,1.5,1.5,1.4147058725357056,-0.5937971950856011,-7.692321453822936,-0.1178923845291135,-0.11789238452911355
1985-05-29,1.5,1.5,1.5,1.5,1.4147058725357056,-0.5850279816458954,0.0,0.0,0.0
1985-05-30,1.5,1.5,1.375,1.375,1.2968138456344604,-0.5236434875679552,-8.333324204693982,-0.1178920269012451,-0.11789202690124512
1985-05-31,1.5,1.5,1.5,1.5,1.4147058725357056,-0.5754615669843982,9.090898227074916,0.1178920269012451,0.11789202690124512
1985-06-03,1.5,1.625,1.5,1.5,1.4147058725357056,-0.5850279816458954,0.0,0.0,0.0
1985-06-04,1.5,1.5,1.5,1.5,1.4147058725357056,-0.595391597529184,0.0,0.0,0.0
1985-06-05,1.5,1.5,1.375,1.375,1.2968138456344604,-0.5794475730933554,-8.333324204693982,-0.1178920269012451,-0.11789202690124512
1985-06-06,1.375,1.375,1.375,1.375,1.2968138456344604,-0.5754615669843982,0.0,0.0,0.0
1985-06-07,1.375,1.375,1.375,1.375,1.2968138456344604,-0.5937971950856011,0.0,0.0,0.0
1985-06-10,1.375,1.375,1.375,1.375,1.2968138456344604,-0.5922027926420182,0.0,0.0,0.0
1985-06-11,1.375,1.375,1.375,1.375,1.2968138456344604,-0.5929999938638097,0.0,0.0,0.0
1985-06-12,1.375,1.375,1.375,1.375,1.2968138456344604,-0.5826363779805211,0.0,0.0,0.0
1985-06-13,1.375,1.375,1.375,1.375,1.2968138456344604,-0.5850279816458954,0.0,0.0,0.0
1985-06-14,1.375,1.375,1.375,1.375,1.2968138456344604,-0.5914055914202269,0.0,0.0,0.0
1985-06-17,1.375,1.375,1.375,1.375,1.2968138456344604,-0.5937971950856011,0.0,0.0,0.0
1985-06-18,1.375,1.375,1.375,1.375,1.2968138456344604,-0.5937971950856011,0.0,0.0,0.0
1985-06-19,1.375,1.375,1.375,1.375,1.2968138456344604,-0.5922027926420182,0.0,0.0,0.0
1985-06-20,1.375,1.375,1.375,1.375,1.2968138456344604,-0.5858251828676868,0.0,0.0,0.0
1985-06-21,1.375,1.375,1.375,1.375,1.2968138456344604,-0.5682867559882754,0.0,0.0,0.0
1985-06-24,1.375,1.375,1.375,1.375,1.2968138456344604,-0.5627063474357353,0.0,0.0,0.0
1985-06-25,1.375,1.375,1.375,1.375,1.2968138456344604,-0.5770559694279811,0.0,0.0,0.0
1985-06-26,1.375,1.375,1.375,1.375,1.2968138456344604,-0.5842307804241039,0.0,0.0,0.0
1985-06-27,1.375,1.375,1.375,1.375,1.2968138456344604,-0.5890139877548526,0.0,0.0,0.0
1985-06-28,1.375,1.375,1.375,1.375,1.2968138456344604,-0.5826363779805211,0.0,0.0,0.0
1985-07-01,1.375,1.375,1.375,1.375,1.2968138456344604,-0.5945943963073925,0.0,0.0,0.0
1985-07-02,1.375,1.375,1.375,1.375,1.2968138456344604,-0.5882167865330611,0.0,0.0,0.0
1985-07-03,1.5,1.5,1.5,1.5,1.4147058725357056,-0.5794475730933554,9.090898227074916,0.1178920269012451,0.11789202690124512
1985-07-05,1.375,1.375,1.375,1.375,1.2968138456344604,-0.5922027926420182,-8.333324204693982,-0.1178920269012451,-0.11789202690124512
1985-07-08,1.375,1.5,1.375,1.5,1.4147058725357056,-0.5922027926420182,9.090898227074916,0.1178920269012451,0.11789202690124512
1985-07-09,1.375,1.375,1.375,1.375,1.2968138456344604,-0.5906083901984354,-8.333324204693982,-0.1178920269012451,-0.11789202690124512
1985-07-10,1.375,1.375,1.375,1.375,1.2968138456344604,-0.5866223840894782,0.0,0.0,0.0
1985-07-11,1.375,1.375,1.375,1.375,1.2968138456344604,-0.595391597529184,0.0,0.0,0.0
1985-07-12,1.375,1.375,1.375,1.375,1.2968138456344604,-0.5922027926420182,0.0,0.0,0.0
1985-07-15,1.375,1.375,1.375,1.375,1.2968138456344604,-0.5890139877548526,0.0,0.0,0.0
1985-07-16,1.375,1.5,1.375,1.5,1.4147058725357056,-0.5674895547664839,9.090898227074916,0.1178920269012451,0.11789202690124512
1985-07-17,1.5,1.625,1.5,1.625,1.5325982570648191,-0.5587203413267782,8.33334948400295,0.1178923845291135,0.11789238452911355
1985-07-18,1.5,1.5,1.5,1.5,1.4147058725357056,-0.5810419755369383,-7.692321453822936,-0.1178923845291135,-0.11789238452911355
1985-07-19,1.5,1.5,1.5,1.5,1.4147058725357056,-0.5866223840894782,0.0,0.0,0.0
1985-07-22,1.5,1.625,1.5,1.625,1.5325982570648191,-0.5611119449921524,8.33334948400295,0.1178923845291135,0.11789238452911355
1985-07-23,1.625,1.625,1.625,1.625,1.5325982570648191,-0.5674895547664839,0.0,0.0,0.0
1985-07-24,1.625,1.625,1.625,1.625,1.5325982570648191,-0.5929999938638097,0.0,0.0,0.0
1985-07-25,1.625,1.625,1.625,1.625,1.5325982570648191,-0.5810419755369383,0.0,0.0,0.0
1985-07-26,1.625,1.625,1.625,1.625,1.5325982570648191,-0.5882167865330611,0.0,0.0,0.0
1985-07-29,1.625,1.625,1.5,1.5,1.4147058725357056,-0.571475560875441,-7.692321453822936,-0.1178923845291135,-0.11789238452911355
1985-07-30,1.5,1.625,1.5,1.5,1.4147058725357056,-0.5866223840894782,0.0,0.0,0.0
1985-07-31,1.625,1.625,1.625,1.625,1.5325982570648191,-0.5906083901984354,8.33334948400295,0.1178923845291135,0.11789238452911355
1985-08-01,1.625,1.625,1.5,1.625,1.5325982570648191,-0.5762587682061896,0.0,0.0,0.0
1985-08-02,1.5,1.5,1.5,1.5,1.4147058725357056,-0.5730699633190239,-7.692321453822936,-0.1178923845291135,-0.11789238452911355
1985-08-05,1.5,1.5,1.5,1.5,1.4147058725357056,-0.5874195853112697,0.0,0.0,0.0
1985-08-06,1.5,1.5,1.5,1.5,1.4147058725357056,-0.5937971950856011,0.0,0.0,0.0
1985-08-07,1.5,1.5,1.5,1.5,1.4147058725357056,-0.5937971950856011,0.0,0.0,0.0
1985-08-08,1.5,1.5,1.5,1.5,1.4147058725357056,-0.595391597529184,0.0,0.0,0.0
1985-08-09,1.5,1.5,1.375,1.375,1.2968138456344604,-0.5858251828676868,-8.333324204693982,-0.1178920269012451,-0.11789202690124512
1985-08-12,1.375,1.375,1.375,1.375,1.2968138456344604,-0.5922027926420182,0.0,0.0,0.0
1985-08-13,1.5,1.5,1.5,1.5,1.4147058725357056,-0.5499511278870725,9.090898227074916,0.1178920269012451,0.11789202690124512
1985-08-14,1.625,1.625,1.625,1.625,1.5325982570648191,-0.5451679205563238,8.33334948400295,0.1178923845291135,0.11789238452911355
1985-08-15,1.625,2.0,1.625,2.0,1.886274695396424,-0.3960912920813262,23.076917691982345,0.3536764383316044,0.3536764383316049
1985-08-16,2.0,2.0,1.875,1.875,1.7683824300765991,-0.5571259388831953,-6.250005134859105,-0.1178922653198244,-0.11789226531982488
1985-08-19,1.875,2.0,1.875,2.0,1.886274695396424,-0.5451679205563238,6.666672508995575,0.1178922653198244,0.11789226531982488
1985-08-20,2.0,2.0,2.0,2.0,1.886274695396424,-0.5818391767587296,0.0,0.0,0.0
1985-08-21,1.875,1.875,1.875,1.875,1.7683824300765991,-0.5746643657626068,-6.250005134859105,-0.1178922653198244,-0.11789226531982488
1985-08-22,1.875,1.875,1.875,1.875,1.7683824300765991,-0.5730699633190239,0.0,0.0,0.0
1985-08-23,2.0,2.0,2.0,2.0,1.886274695396424,-0.5722727620972325,6.666672508995575,0.1178922653198244,0.11789226531982488
1985-08-26,2.0,2.0,1.875,1.875,1.7683824300765991,-0.5571259388831953,-6.250005134859105,-0.1178922653198244,-0.11789226531982488
1985-08-27,1.875,2.125,1.875,2.125,2.004166841506958,-0.5395875120037839,13.3333382768424,0.2357844114303589,0.2357844114303589
1985-08-28,2.125,2.25,2.0,2.125,2.004166841506958,-0.4901610362527151,0.0,0.0,0.0
1985-08-29,2.125,2.25,2.125,2.25,2.122058868408203,-0.4479093714977692,5.882345943444545,0.1178920269012451,0.11789202690124512
1985-08-30,2.25,2.375,2.25,2.375,2.239951133728028,-0.5045106582449609,5.555560548999194,0.1178922653198246,0.11789226531982466
1985-09-03,2.375,2.375,2.25,2.25,2.122058868408203,-0.565895152322901,-5.263162376386865,-0.1178922653198246,-0.11789226531982466
1985-09-04,2.25,2.25,2.125,2.25,2.122058868408203,-0.5603147437703611,0.0,0.0,0.0
1985-09-05,2.25,2.25,2.25,2.25,2.122058868408203,-0.5595175425485696,0.0,0.0,0.0
1985-09-06,2.25,2.375,2.25,2.375,2.239951133728028,-0.5363987071166181,5.555560548999194,0.1178922653198246,0.11789226531982466
1985-09-09,2.375,2.5,2.25,2.375,2.239951133728028,-0.445517767832395,0.0,0.0,0.0
1985-09-10,2.375,2.375,2.25,2.25,2.122058868408203,-0.5332099022294524,-5.263162376386865,-0.1178922653198246,-0.11789226531982466
1985-09-11,2.25,2.375,2.25,2.375,2.239951133728028,-0.5499511278870725,5.555560548999194,0.1178922653198246,0.11789226531982466
1985-09-12,2.375,2.375,2.25,2.375,2.239951133728028,-0.5635035486575267,0.0,0.0,0.0
1985-09-13,2.375,2.375,2.25,2.375,2.239951133728028,-0.5810419755369383,0.0,0.0,0.0
1985-09-16,2.375,2.375,2.25,2.375,2.239951133728028,-0.5316154997858695,0.0,0.0,0.0
1985-09-17,2.375,2.375,2.25,2.25,2.122058868408203,-0.5802447743151468,-5.263162376386865,-0.1178922653198246,-0.11789226531982466
1985-09-18,2.375,2.375,2.375,2.375,2.239951133728028,-0.5850279816458954,5.555560548999194,0.1178922653198246,0.11789226531982466
1985-09-19,2.375,2.375,2.375,2.375,2.239951133728028,-0.5563287376614039,0.0,0.0,0.0
1985-09-20,2.375,2.5,2.25,2.5,2.3578431606292725,-0.5260350912333295,5.263151732468052,0.1178920269012446,0.11789202690124467
1985-09-23,2.375,2.375,2.25,2.375,2.239951133728028,-0.5499511278870725,-4.999994438552102,-0.1178920269012446,-0.11789202690124467
1985-09-24,2.375,2.375,2.25,2.375,2.239951133728028,-0.5874195853112697,0.0,0.0,0.0
1985-09-25,2.375,2.5,2.375,2.5,2.3578431606292725,-0.5706783596536497,5.263151732468052,0.1178920269012446,0.11789202690124467
1985-09-26,2.375,2.375,2.25,2.375,2.239951133728028,-0.5866223840894782,-4.999994438552102,-0.1178920269012446,-0.11789202690124467
1985-09-30,2.375,2.375,2.25,2.375,2.239951133728028,-0.578650371871564,0.0,0.0,0.0
1985-10-01,2.375,2.5,2.375,2.5,2.3578431606292725,-0.3968884933031177,5.263151732468052,0.1178920269012446,0.11789202690124467
1985-10-02,2.625,2.625,2.625,2.625,2.475735902786255,-0.5419791156691581,5.000024773722389,0.1178927421569824,0.11789274215698242
1985-10-03,2.625,2.625,2.625,2.625,2.475735902786255,-0.5746643657626068,0.0,0.0,0.0
1985-10-04,2.625,2.625,2.5,2.5,2.3578431606292725,-0.4495037739413521,-4.761927232395946,-0.1178927421569824,-0.11789274215698242
1985-10-07,2.5,2.625,2.5,2.625,2.475735902786255,-0.5842307804241039,5.000024773722389,0.1178927421569824,0.11789274215698242
1985-10-08,2.625,2.625,2.5,2.625,2.475735902786255,-0.5690839572100668,0.0,0.0,0.0
1985-10-09,2.625,2.625,2.5,2.625,2.475735902786255,-0.578650371871564,0.0,0.0,0.0
1985-10-10,2.625,2.625,2.5,2.625,2.475735902786255,-0.571475560875441,0.0,0.0,0.0
1985-10-11,2.625,2.625,2.5,2.625,2.475735902786255,-0.5666923535446925,0.0,0.0,0.0
1985-10-14,2.625,2.625,2.5,2.5,2.3578431606292725,-0.5690839572100668,-4.761927232395946,-0.1178927421569824,-0.11789274215698242
1985-10-15,2.5,2.625,2.5,2.5,2.3578431606292725,-0.5858251828676868,0.0,0.0,0.0
1985-10-16,2.5,2.5,2.5,2.5,2.3578431606292725,-0.5515455303306553,0.0,0.0,0.0
1985-10-17,2.375,2.375,2.375,2.375,2.239951133728028,-0.5929999938638097,-4.999994438552102,-0.1178920269012446,-0.11789202690124467
1985-10-18,2.375,2.5,2.125,2.125,2.004166841506958,-0.5579231401049868,-10.526314108854953,-0.2357842922210697,-0.23578429222106978
1985-10-21,2.125,2.125,1.875,1.875,1.7683824300765991,-0.5411819144473667,-11.764709731105505,-0.2357844114303589,-0.2357844114303589
1985-10-22,2.0,2.0,2.0,2.0,1.886274695396424,-0.5762587682061896,6.666672508995575,0.1178922653198244,0.11789226531982488
1985-10-23,2.0,2.0,2.0,2.0,1.886274695396424,-0.5906083901984354,0.0,0.0,0.0
1985-10-24,2.0,2.125,1.875,1.875,1.7683824300765991,-0.5411819144473667,-6.250005134859105,-0.1178922653198244,-0.11789226531982488
1985-10-25,1.875,2.0,1.875,2.0,1.886274695396424,-0.5874195853112697,6.666672508995575,0.1178922653198244,0.11789226531982488
1985-10-28,2.0,2.0,2.0,2.0,1.886274695396424,-0.5937971950856011,0.0,0.0,0.0
1985-10-29,2.125,2.25,2.125,2.125,2.004166841506958,-0.5802447743151468,6.249998815032498,0.1178921461105344,0.117892146110534
1985-10-30,2.125,2.25,2.0,2.0,1.886274695396424,-0.5419791156691581,-5.882351891516668,-0.1178921461105344,-0.117892146110534
1985-10-31,2.0,2.0,2.0,2.0,1.886274695396424,-0.5906083901984354,0.0,0.0,0.0
1985-11-01,2.0,2.0,2.0,2.0,1.886274695396424,-0.5108882680192923,0.0,0.0,0.0
1985-11-04,2.0,2.0,2.0,2.0,1.886274695396424,-0.5937971950856011,0.0,0.0,0.0
1985-11-05,2.0,2.0,2.0,2.0,1.886274695396424,-0.595391597529184,0.0,0.0,0.0
1985-11-06,2.0,2.0,1.75,1.875,1.7683824300765991,-0.4997274509142123,-6.250005134859105,-0.1178922653198244,-0.11789226531982488
1985-11-07,1.875,2.0,1.875,2.0,1.886274695396424,-0.5858251828676868,6.666672508995575,0.1178922653198244,0.11789226531982488
1985-11-08,2.0,2.125,2.0,2.125,2.004166841506958,-0.5890139877548526,6.249998815032498,0.1178921461105344,0.117892146110534
1985-11-11,2.0,2.0,2.0,2.0,1.886274695396424,-0.5866223840894782,-5.882351891516668,-0.1178921461105344,-0.117892146110534
1985-11-12,2.0,2.0,1.875,1.875,1.7683824300765991,-0.5778531706497725,-6.250005134859105,-0.1178922653198244,-0.11789226531982488
1985-11-13,1.875,2.0,1.75,2.0,1.886274695396424,-0.5619091462139439,6.666672508995575,0.1178922653198244,0.11789226531982488
1985-11-14,1.875,1.875,1.875,1.875,1.7683824300765991,-0.5922027926420182,-6.250005134859105,-0.1178922653198244,-0.11789226531982488
1985-11-15,1.875,2.0,1.875,2.0,1.886274695396424,-0.5866223840894782,6.666672508995575,0.1178922653198244,0.11789226531982488
1985-11-18,2.0,2.0,1.875,1.875,1.7683824300765991,-0.5906083901984354,-6.250005134859105,-0.1178922653198244,-0.11789226531982488
1985-11-19,1.875,2.0,1.875,1.875,1.7683824300765991,-0.5746643657626068,0.0,0.0,0.0
1985-11-20,1.875,2.0,1.875,1.875,1.7683824300765991,-0.5890139877548526,0.0,0.0,0.0
1985-11-21,1.875,1.875,1.625,1.625,1.5325982570648191,-0.5563287376614039,-13.333324794544964,-0.23578417301178,-0.23578417301178
1985-11-22,1.625,1.75,1.625,1.75,1.6504902839660645,-0.5451679205563238,7.692298119079699,0.1178920269012453,0.11789202690124534
1985-11-25,1.75,1.75,1.75,1.75,1.6504902839660645,-0.5778531706497725,0.0,0.0,0.0
1985-11-26,1.75,1.75,1.75,1.75,1.6504902839660645,-0.5922027926420182,0.0,0.0,0.0
1985-11-27,1.75,1.75,1.625,1.625,1.5325982570648191,-0.5587203413267782,-7.14284888838942,-0.1178920269012453,-0.11789202690124534
1985-11-29,1.75,1.75,1.75,1.75,1.6504902839660645,-0.5850279816458954,7.692298119079699,0.1178920269012453,0.11789202690124534
1985-12-02,1.625,1.625,1.625,1.625,1.5325982570648191,-0.5866223840894782,-7.14284888838942,-0.1178920269012453,-0.11789202690124534
1985-12-03,1.75,1.75,1.75,1.75,1.6504902839660645,-0.5866223840894782,7.692298119079699,0.1178920269012453,0.11789202690124534
1985-12-04,1.75,1.75,1.75,1.75,1.6504902839660645,-0.5914055914202269,0.0,0.0,0.0
1985-12-05,1.875,2.0,1.875,2.0,1.886274695396424,-0.5284266948987038,14.285719444756628,0.2357844114303591,0.23578441143035955
1985-12-06,2.0,2.0,1.875,1.875,1.7683824300765991,-0.5069022619103352,-6.250005134859105,-0.1178922653198244,-0.11789226531982488
1985-12-09,1.875,2.0,1.875,2.0,1.886274695396424,-0.5698811584318582,6.666672508995575,0.1178922653198244,0.11789226531982488
1985-12-10,2.0,2.0,1.875,2.0,1.886274695396424,-0.5690839572100668,0.0,0.0,0.0
1985-12-11,2.0,2.0,1.875,2.0,1.886274695396424,-0.5635035486575267,0.0,0.0,0.0
1985-12-12,2.0,2.0,1.875,2.0,1.886274695396424,-0.4176157250696949,0.0,0.0,0.0
1985-12-13,2.0,2.125,2.0,2.125,2.004166841506958,-0.502916255801378,6.249998815032498,0.1178921461105344,0.117892146110534
1985-12-16,2.125,2.25,2.125,2.125,2.004166841506958,-0.5340071034512438,0.0,0.0,0.0
1985-12-17,2.25,2.625,2.25,2.5,2.3578431606292725,-0.4989302496924208,17.647049726477903,0.3536763191223144,0.35367631912231445
1985-12-18,2.5,2.5,2.375,2.5,2.3578431606292725,-0.5523427315524467,0.0,0.0,0.0
1985-12-19,2.5,2.5,2.25,2.375,2.239951133728028,-0.5387903107819924,-4.999994438552102,-0.1178920269012446,-0.11789202690124467
1985-12-20,2.25,2.25,2.25,2.25,2.122058868408203,-0.5690839572100668,-5.263162376386865,-0.1178922653198246,-0.11789226531982466
1985-12-23,2.25,2.25,2.125,2.125,2.004166841506958,-0.5523427315524467,-5.55554931375104,-0.1178920269012451,-0.11789202690124512
1985-12-24,2.125,2.125,2.125,2.125,2.004166841506958,-0.5945943963073925,0.0,0.0,0.0
1985-12-26,2.0,2.0,2.0,2.0,1.886274695396424,-0.5515455303306553,-5.882351891516668,-0.1178921461105344,-0.117892146110534
1985-12-27,2.0,2.125,2.0,2.125,2.004166841506958,-0.5826363779805211,6.249998815032498,0.1178921461105344,0.117892146110534
1985-12-30,2.0,2.0,2.0,2.0,1.886274695396424,-0.5778531706497725,-5.882351891516668,-0.1178921461105344,-0.117892146110534
1985-12-31,2.0,2.0,2.0,2.0,1.886274695396424,-0.5356015058948267,0.0,0.0,0.0
1986-01-02,2.0,2.125,2.0,2.125,2.004166841506958,-0.5834335792023125,6.249998815032498,0.1178921461105344,0.117892146110534
1986-01-03,2.125,2.125,2.0,2.0,1.886274695396424,-0.5850279816458954,-5.882351891516668,-0.1178921461105344,-0.117892146110534
1986-01-06,2.125,2.25,2.125,2.125,2.004166841506958,-0.5738671645408153,6.249998815032498,0.1178921461105344,0.117892146110534
1986-01-07,2.25,2.25,2.25,2.25,2.122058868408203,-0.5794475730933554,5.882345943444545,0.1178920269012451,0.11789202690124512
1986-01-08,2.25,2.375,2.25,2.375,2.239951133728028,-0.5650979511011096,5.555560548999194,0.1178922653198246,0.11789226531982466
1986-01-09,2.375,2.5,2.25,2.5,2.3578431606292725,-0.4590701886028493,5.263151732468052,0.1178920269012446,0.11789202690124467
1986-01-10,2.5,2.5,2.375,2.5,2.3578431606292725,-0.5850279816458954,0.0,0.0,0.0
1986-01-13,2.375,2.375,2.375,2.375,2.239951133728028,-0.5722727620972325,-4.999994438552102,-0.1178920269012446,-0.11789202690124467
1986-01-14,2.375,2.375,2.375,2.375,2.239951133728028,-0.5698811584318582,0.0,0.0,0.0
1986-01-15,2.5,2.5,2.5,2.5,2.3578431606292725,-0.4837834264783837,5.263151732468052,0.1178920269012446,0.11789202690124467
1986-01-16,2.5,2.5,2.25,2.25,2.122058868408203,-0.5762587682061896,-9.999998988827665,-0.2357842922210693,-0.23578429222106934
1986-01-17,2.25,2.25,2.25,2.25,2.122058868408203,-0.5738671645408153,0.0,0.0,0.0
1986-01-20,2.375,2.375,2.375,2.375,2.239951133728028,-0.5945943963073925,5.555560548999194,0.1178922653198246,0.11789226531982466
1986-01-21,2.25,2.25,2.25,2.25,2.122058868408203,-0.5858251828676868,-5.263162376386865,-0.1178922653198246,-0.11789226531982466
1986-01-22,2.25,2.25,2.25,2.25,2.122058868408203,-0.565895152322901,0.0,0.0,0.0
1986-01-23,2.375,2.375,2.375,2.375,2.239951133728028,-0.5858251828676868,5.555560548999194,0.1178922653198246,0.11789226531982466
1986-01-24,2.25,2.25,2.25,2.25,2.122058868408203,-0.5746643657626068,-5.263162376386865,-0.1178922653198246,-0.11789226531982466
1986-01-27,2.25,2.25,2.25,2.25,2.122058868408203,-0.5794475730933554,0.0,0.0,0.0
1986-01-28,2.25,2.375,2.25,2.375,2.239951133728028,-0.5929999938638097,5.555560548999194,0.1178922653198246,0.11789226531982466
1986-01-29,2.375,2.375,2.25,2.375,2.239951133728028,-0.5882167865330611,0.0,0.0,0.0
1986-01-30,2.25,2.25,2.25,2.25,2.122058868408203,-0.5914055914202269,-5.263162376386865,-0.1178922653198246,-0.11789226531982466
1986-01-31,2.25,2.375,2.25,2.375,2.239951133728028,-0.5603147437703611,5.555560548999194,0.1178922653198246,0.11789226531982466
1986-02-03,2.25,2.25,2.25,2.25,2.122058868408203,-0.5810419755369383,-5.263162376386865,-0.1178922653198246,-0.11789226531982466
1986-02-04,2.25,2.25,2.25,2.25,2.122058868408203,-0.5762587682061896,0.0,0.0,0.0
1986-02-05,2.25,2.25,2.125,2.25,2.122058868408203,-0.5164686765718324,0.0,0.0,0.0
1986-02-06,2.25,2.25,2.25,2.25,2.122058868408203,-0.595391597529184,0.0,0.0,0.0
1986-02-07,2.125,2.125,2.125,2.125,2.004166841506958,-0.5754615669843982,-5.55554931375104,-0.1178920269012451,-0.11789202690124512
1986-02-10,2.125,2.125,2.125,2.125,2.004166841506958,-0.5945943963073925,0.0,0.0,0.0
1986-02-11,2.125,2.125,2.0,2.0,1.886274695396424,-0.5730699633190239,-5.882351891516668,-0.1178921461105344,-0.117892146110534
1986-02-12,2.0,2.0,1.875,2.0,1.886274695396424,-0.5587203413267782,0.0,0.0,0.0
1986-02-13,2.0,2.0,2.0,2.0,1.886274695396424,-0.5794475730933554,0.0,0.0,0.0
1986-02-14,2.0,2.0,2.0,2.0,1.886274695396424,-0.578650371871564,0.0,0.0,0.0
1986-02-18,2.0,2.0,1.875,2.0,1.886274695396424,-0.5475595242216982,0.0,0.0,0.0
1986-02-19,2.0,2.125,2.0,2.125,2.004166841506958,-0.5914055914202269,6.249998815032498,0.1178921461105344,0.117892146110534
1986-02-20,2.125,2.125,2.0,2.0,1.886274695396424,-0.5395875120037839,-5.882351891516668,-0.1178921461105344,-0.117892146110534
1986-02-21,2.0,2.0,2.0,2.0,1.886274695396424,-0.595391597529184,0.0,0.0,0.0
1986-02-24,2.0,2.0,1.75,2.0,1.886274695396424,-0.5061050606885438,0.0,0.0,0.0
1986-02-25,2.0,2.0,2.0,2.0,1.886274695396424,-0.5778531706497725,0.0,0.0,0.0
1986-02-26,2.0,2.0,2.0,2.0,1.886274695396424,-0.578650371871564,0.0,0.0,0.0
1986-02-27,2.0,2.125,2.0,2.125,2.004166841506958,-0.5348043046730352,6.249998815032498,0.1178921461105344,0.117892146110534
1986-02-28,2.25,2.375,2.25,2.375,2.239951133728028,-0.5116854692410837,11.76470378303338,0.2357842922210697,0.23578429222106978
1986-03-03,2.375,2.375,2.375,2.375,2.239951133728028,-0.5794475730933554,0.0,0.0,0.0
1986-03-04,2.5,3.0,2.5,2.875,2.711519956588745,-0.2191126208436286,21.0526388616286,0.4715688228607173,0.47156882286071733
1986-03-05,2.875,2.875,2.75,2.875,2.711519956588745,-0.4742170118168865,0.0,0.0,0.0
1986-03-06,2.875,2.875,2.75,2.875,2.711519956588745,-0.4965386460270465,0.0,0.0,0.0
1986-03-07,2.75,2.75,2.625,2.625,2.475735902786255,-0.5475595242216982,-8.695641469632431,-0.2357840538024902,-0.23578405380249023
1986-03-10,2.625,2.75,2.5,2.625,2.475735902786255,-0.5427763168909495,0.0,0.0,0.0
1986-03-11,2.625,2.75,2.625,2.75,2.593627691268921,-0.4821890240348008,4.761888711553919,0.117891788482666,0.11789178848266602
1986-03-12,2.75,3.25,2.75,3.25,3.0651965141296387,-0.2525950721588687,18.181824031575044,0.4715688228607178,0.4715688228607178
1986-03-13,3.25,3.25,3.0,3.125,2.9473042488098145,-0.4598673898246407,-3.846156837787595,-0.1178922653198242,-0.11789226531982422
1986-03-14,3.0,3.0,2.875,3.0,2.829411745071411,-0.4367485543926893,-4.0000113251290825,-0.1178925037384033,-0.11789250373840332
1986-03-17,3.0,3.125,2.875,3.0,2.829411745071411,-0.4997274509142123,0.0,0.0,0.0
1986-03-18,3.0,3.125,3.0,3.125,2.9473042488098145,-0.4670422008207636,4.166678955219649,0.1178925037384033,0.11789250373840332
1986-03-19,3.25,3.5,3.25,3.375,3.1830883026123047,-0.4008744994120748,7.999990292746495,0.2357840538024902,0.23578405380249023
1986-03-20,3.375,3.5,3.25,3.25,3.0651965141296387,-0.5156714753500409,-3.703692052335283,-0.117891788482666,-0.11789178848266602
1986-03-21,3.125,3.125,3.125,3.125,2.9473042488098145,-0.5156714753500409,-3.846156837787595,-0.1178922653198242,-0.11789226531982422
1986-03-24,3.125,3.125,3.0,3.125,2.9473042488098145,-0.5682867559882754,0.0,0.0,0.0
1986-03-25,3.125,3.25,3.125,3.25,3.0651965141296387,-0.5045106582449609,4.00000323575116,0.1178922653198242,0.11789226531982422
1986-03-26,3.25,3.25,3.125,3.125,2.9473042488098145,-0.578650371871564,-3.846156837787595,-0.1178922653198242,-0.11789226531982422
1986-03-27,3.125,3.125,3.125,3.125,2.9473042488098145,-0.5794475730933554,0.0,0.0,0.0
1986-03-31,3.125,3.25,3.125,3.125,2.9473042488098145,-0.5164686765718324,0.0,0.0,0.0
1986-04-01,3.125,3.125,3.0,3.0,2.829411745071411,-0.519657481458998,-4.0000113251290825,-0.1178925037384033,-0.11789250373840332
1986-04-02,3.125,3.125,3.125,3.125,2.9473042488098145,-0.5746643657626068,4.166678955219649,0.1178925037384033,0.11789250373840332
1986-04-03,3.125,3.125,2.875,3.125,2.9473042488098145,0.0455581847911263,0.0,0.0,0.0
1986-04-04,3.125,3.125,3.0,3.0,2.829411745071411,-0.5762587682061896,-4.0000113251290825,-0.1178925037384033,-0.11789250373840332
1986-04-07,3.0,3.125,3.0,3.125,2.9473042488098145,-0.5371959083384096,4.166678955219649,0.1178925037384033,0.11789250373840332
1986-04-08,3.125,3.375,3.125,3.375,3.1830883026123047,-0.4263849385094007,7.999990292746495,0.2357840538024902,0.23578405380249023
1986-04-09,3.375,3.375,3.25,3.25,3.0651965141296387,-0.5467623229999067,-3.703692052335283,-0.117891788482666,-0.11789178848266602
1986-04-10,3.25,3.375,3.25,3.25,3.0651965141296387,-0.5627063474357353,0.0,0.0,0.0
1986-04-11,3.25,3.25,3.25,3.25,3.0651965141296387,-0.5906083901984354,0.0,0.0,0.0
1986-04-14,3.25,3.25,3.125,3.125,2.9473042488098145,-0.5069022619103352,-3.846156837787595,-0.1178922653198242,-0.11789226531982422
1986-04-15,3.125,3.125,3.0,3.0,2.829411745071411,-0.5882167865330611,-4.0000113251290825,-0.1178925037384033,-0.11789250373840332
1986-04-16,3.0,3.125,3.0,3.0,2.829411745071411,-0.5635035486575267,0.0,0.0,0.0
1986-04-17,3.0,3.125,3.0,3.125,2.9473042488098145,-0.5228462863461638,4.166678955219649,0.1178925037384033,0.11789250373840332
1986-04-18,3.25,3.375,3.25,3.375,3.1830883026123047,-0.4534897800503093,7.999990292746495,0.2357840538024902,0.23578405380249023
1986-04-21,3.375,3.5,3.375,3.5,3.300980567932129,-0.4072521091864063,3.703707032666115,0.1178922653198242,0.11789226531982422
1986-04-22,3.5,3.625,3.5,3.5,3.300980567932129,-0.4654477983771807,0.0,0.0,0.0
1986-04-23,3.5,3.625,3.375,3.375,3.1830883026123047,-0.5571259388831953,-3.5714316668539747,-0.1178922653198242,-0.11789226531982422
1986-04-24,3.375,3.375,3.375,3.375,3.1830883026123047,-0.5914055914202269,0.0,0.0,0.0
1986-04-25,3.375,3.375,3.125,3.375,3.1830883026123047,-0.5611119449921524,0.0,0.0,0.0
1986-04-28,3.375,3.375,3.125,3.125,2.9473042488098145,-0.5260350912333295,-7.407399085001398,-0.2357840538024902,-0.23578405380249023
1986-04-29,3.125,3.25,3.125,3.125,2.9473042488098145,-0.5627063474357353,0.0,0.0,0.0
1986-04-30,3.25,3.25,3.25,3.25,3.0651965141296387,-0.5794475730933554,4.00000323575116,0.1178922653198242,0.11789226531982422
1986-05-01,3.25,3.25,3.0,3.0,2.829411745071411,-0.526832292455121,-7.692321453822959,-0.2357847690582275,-0.23578476905822754
1986-05-02,3.0,3.125,2.875,2.875,2.711519956588745,-0.5021190545795866,-4.166653675910659,-0.117891788482666,-0.11789178848266602
1986-05-05,2.875,3.0,2.875,3.0,2.829411745071411,-0.5411819144473667,4.347811942014279,0.117891788482666,0.11789178848266602
1986-05-06,3.125,3.125,3.125,3.125,2.9473042488098145,-0.5794475730933554,4.166678955219649,0.1178925037384033,0.11789250373840332
1986-05-07,3.0,3.0,3.0,3.0,2.829411745071411,-0.5866223840894782,-4.0000113251290825,-0.1178925037384033,-0.11789250373840332
1986-05-08,3.125,3.5,3.125,3.5,3.300980567932129,-0.4869722313655494,16.666673688696942,0.4715688228607178,0.4715688228607178
1986-05-09,3.375,3.375,3.25,3.25,3.0651965141296387,-0.5627063474357353,-7.142848888389397,-0.2357840538024902,-0.23578405380249023
1986-05-12,3.25,3.375,3.25,3.375,3.1830883026123047,-0.5340071034512438,3.8461412812920814,0.117891788482666,0.11789178848266602
1986-05-13,3.375,3.375,3.0,3.0,2.829411745071411,-0.3785528652019148,-11.111113607832912,-0.3536765575408935,-0.35367655754089355
1986-05-14,3.125,3.25,3.125,3.25,3.0651965141296387,-0.5483567254434896,8.33334948400295,0.2357847690582275,0.23578476905822754
1986-05-15,3.25,3.25,3.25,3.25,3.0651965141296387,-0.5866223840894782,0.0,0.0,0.0
1986-05-16,3.0,3.0,2.875,2.875,2.711519956588745,-0.5300210973422866,-11.53846273511504,-0.3536765575408935,-0.35367655754089355
1986-05-19,3.0,3.25,3.0,3.25,3.0651965141296387,-0.5316154997858695,13.043479790052515,0.3536765575408935,0.35367655754089355
1986-05-20,3.125,3.125,3.125,3.125,2.9473042488098145,-0.5499511278870725,-3.846156837787595,-0.1178922653198242,-0.11789226531982422
1986-05-21,3.125,3.25,3.125,3.125,2.9473042488098145,-0.5579231401049868,0.0,0.0,0.0
1986-05-22,3.25,3.25,3.25,3.25,3.0651965141296387,-0.5419791156691581,4.00000323575116,0.1178922653198242,0.11789226531982422
1986-05-23,3.25,3.25,3.0,3.0,2.829411745071411,-0.549153926665281,-7.692321453822959,-0.2357847690582275,-0.23578476905822754
1986-05-27,3.125,3.125,3.125,3.125,2.9473042488098145,-0.549153926665281,4.166678955219649,0.1178925037384033,0.11789250373840332
1986-05-28,3.125,3.25,3.125,3.25,3.0651965141296387,-0.5722727620972325,4.00000323575116,0.1178922653198242,0.11789226531982422
1986-05-29,3.25,3.25,3.125,3.25,3.0651965141296387,-0.5443707193345324,0.0,0.0,0.0
1986-05-30,3.25,3.25,3.125,3.25,3.0651965141296387,-0.5890139877548526,0.0,0.0,0.0
1986-06-02,3.25,3.25,3.125,3.25,3.0651965141296387,-0.5603147437703611,0.0,0.0,0.0
1986-06-03,3.25,3.25,3.125,3.125,2.9473042488098145,-0.5403847132255752,-3.846156837787595,-0.1178922653198242,-0.11789226531982422
1986-06-04,3.125,3.375,3.125,3.375,3.1830883026123047,-0.4040633042992406,7.999990292746495,0.2357840538024902,0.23578405380249023
1986-06-05,3.5,3.625,3.5,3.625,3.418872356414795,0.0527329957872492,7.407399085001387,0.2357840538024902,0.23578405380249023
1986-06-06,3.625,4.0,3.625,3.875,3.6546568870544434,-0.1808469621976399,6.896558457271684,0.2357845306396484,0.23578453063964844
1986-06-09,3.75,3.75,3.375,3.375,3.1830883026123047,-0.4726226093733036,-12.90322454380144,-0.4715685844421386,-0.47156858444213867
1986-06-10,3.5,3.75,3.5,3.75,3.5367648601531982,-0.4790002191476351,11.111113607832923,0.3536765575408935,0.35367655754089355
1986-06-11,3.75,3.75,3.625,3.75,3.5367648601531982,-0.5411819144473667,0.0,0.0,0.0
1986-06-12,3.75,3.75,3.625,3.75,3.5367648601531982,-0.519657481458998,0.0,0.0,0.0
1986-06-13,3.75,3.75,3.625,3.625,3.418872356414795,-0.578650371871564,-3.3333429956464933,-0.1178925037384033,-0.11789250373840332
1986-06-16,3.625,3.625,3.5,3.5,3.300980567932129,-0.5539371339960296,-3.4482652814302077,-0.117891788482666,-0.11789178848266602
1986-06-17,3.5,3.5,3.375,3.375,3.1830883026123047,-0.5866223840894782,-3.5714316668539747,-0.1178922653198242,-0.11789226531982422
1986-06-18,3.375,3.375,3.375,3.375,3.1830883026123047,-0.5818391767587296,0.0,0.0,0.0
1986-06-19,3.375,3.375,3.375,3.375,3.1830883026123047,-0.5826363779805211,0.0,0.0,0.0
1986-06-20,3.375,3.375,3.25,3.25,3.0651965141296387,-0.5722727620972325,-3.703692052335283,-0.117891788482666,-0.11789178848266602
1986-06-23,3.25,3.375,3.125,3.375,3.1830883026123047,-0.5236434875679552,3.8461412812920814,0.117891788482666,0.11789178848266602
1986-06-24,3.375,3.375,3.25,3.375,3.1830883026123047,-0.5690839572100668,0.0,0.0,0.0
1986-06-25,3.375,3.625,3.375,3.625,3.418872356414795,-0.5674895547664839,7.407399085001387,0.2357840538024902,0.23578405380249023
1986-06-26,3.625,3.625,3.5,3.5,3.300980567932129,-0.5762587682061896,-3.4482652814302077,-0.117891788482666,-0.11789178848266602
1986-06-27,3.5,3.625,3.5,3.5,3.300980567932129,-0.5650979511011096,0.0,0.0,0.0
1986-06-30,3.5,3.75,3.5,3.75,3.5367648601531982,-0.5531399327742381,7.142856111048679,0.2357842922210693,0.23578429222106934
1986-07-01,3.75,3.875,3.625,3.875,3.6546568870544434,-0.5459651217781153,3.3333295133490592,0.1178920269012451,0.11789202690124512
1986-07-02,3.875,3.875,3.75,3.75,3.5367648601531982,-0.5762587682061896,-3.225802874104089,-0.1178920269012451,-0.11789202690124512
1986-07-03,3.625,3.625,3.625,3.625,3.418872356414795,-0.578650371871564,-3.3333429956464933,-0.1178925037384033,-0.11789250373840332
1986-07-07,3.625,3.625,3.25,3.25,3.0651965141296387,-0.4471121702759779,-10.344809791496246,-0.3536758422851562,-0.35367584228515625
1986-07-08,3.25,3.25,3.125,3.25,3.0651965141296387,-0.5674895547664839,0.0,0.0,0.0
1986-07-09,3.25,3.375,3.25,3.25,3.0651965141296387,-0.5252378900115381,0.0,0.0,0.0
1986-07-10,3.25,3.375,3.25,3.25,3.0651965141296387,-0.5826363779805211,0.0,0.0,0.0
1986-07-11,3.25,3.375,3.25,3.375,3.1830883026123047,-0.5826363779805211,3.8461412812920814,0.117891788482666,0.11789178848266602
1986-07-14,3.25,3.25,3.125,3.125,2.9473042488098145,-0.5922027926420182,-7.407399085001398,-0.2357840538024902,-0.23578405380249023
1986-07-15,3.125,3.125,3.0,3.0,2.829411745071411,-0.537993109560201,-4.0000113251290825,-0.1178925037384033,-0.11789250373840332
1986-07-16,3.0,3.125,3.0,3.125,2.9473042488098145,-0.4821890240348008,4.166678955219649,0.1178925037384033,0.11789250373840332
1986-07-17,3.125,3.125,3.0,3.0,2.829411745071411,-0.5794475730933554,-4.0000113251290825,-0.1178925037384033,-0.11789250373840332
1986-07-18,3.0,3.125,2.875,3.125,2.9473042488098145,-0.5539371339960296,4.166678955219649,0.1178925037384033,0.11789250373840332
1986-07-21,3.0,3.0,2.875,2.875,2.711519956588745,-0.5706783596536497,-7.999998382124418,-0.2357842922210693,-0.23578429222106934
1986-07-22,2.875,2.875,2.875,2.875,2.711519956588745,-0.5818391767587296,0.0,0.0,0.0
1986-07-23,2.875,2.875,2.875,2.875,2.711519956588745,-0.5587203413267782,0.0,0.0,0.0
1986-07-24,3.0,3.0,3.0,3.0,2.829411745071411,-0.5874195853112697,4.347811942014279,0.117891788482666,0.11789178848266602
1986-07-25,3.0,3.0,3.0,3.0,2.829411745071411,-0.589811188976644,0.0,0.0,0.0
1986-07-28,3.0,3.0,3.0,3.0,2.829411745071411,-0.5706783596536497,0.0,0.0,0.0
1986-07-29,3.0,3.625,3.0,3.625,3.418872356414795,-0.0349591386098081,20.83332736460761,0.5894606113433838,0.5894606113433838
1986-07-30,3.625,3.625,3.25,3.375,3.1830883026123047,-0.5092938655757094,-6.896544510066049,-0.2357840538024902,-0.23578405380249023
1986-07-31,3.375,3.5,3.375,3.5,3.300980567932129,-0.5475595242216982,3.703707032666115,0.1178922653198242,0.11789226531982422
1986-08-01,3.375,3.375,3.375,3.375,3.1830883026123047,-0.5603147437703611,-3.5714316668539747,-0.1178922653198242,-0.11789226531982422
1986-08-04,3.375,3.375,3.375,3.375,3.1830883026123047,-0.5698811584318582,0.0,0.0,0.0
1986-08-05,3.375,3.375,3.25,3.375,3.1830883026123047,-0.578650371871564,0.0,0.0,0.0
1986-08-06,3.25,3.25,3.25,3.25,3.0651965141296387,-0.5826363779805211,-3.703692052335283,-0.117891788482666,-0.11789178848266602
1986-08-07,3.25,3.25,3.125,3.125,2.9473042488098145,-0.5730699633190239,-3.846156837787595,-0.1178922653198242,-0.11789226531982422
1986-08-08,3.125,3.125,3.125,3.125,2.9473042488098145,-0.589811188976644,0.0,0.0,0.0
1986-08-11,3.125,3.375,3.125,3.25,3.0651965141296387,-0.5172658777936238,4.00000323575116,0.1178922653198242,0.11789226531982422
1986-08-12,3.25,3.25,3.25,3.25,3.0651965141296387,-0.5937971950856011,0.0,0.0,0.0
1986-08-13,3.25,3.25,3.125,3.125,2.9473042488098145,-0.5507483291088638,-3.846156837787595,-0.1178922653198242,-0.11789226531982422
1986-08-14,3.125,3.25,3.125,3.25,3.0651965141296387,-0.5682867559882754,4.00000323575116,0.1178922653198242,0.11789226531982422
1986-08-15,3.25,3.25,3.125,3.125,2.9473042488098145,-0.5587203413267782,-3.846156837787595,-0.1178922653198242,-0.11789226531982422
1986-08-18,3.125,3.125,3.125,3.125,2.9473042488098145,-0.5690839572100668,0.0,0.0,0.0
1986-08-19,3.125,3.125,3.0,3.0,2.829411745071411,-0.5722727620972325,-4.0000113251290825,-0.1178925037384033,-0.11789250373840332
1986-08-20,3.0,3.0,3.0,3.0,2.829411745071411,-0.5906083901984354,0.0,0.0,0.0
1986-08-21,3.0,3.0,3.0,3.0,2.829411745071411,-0.5802447743151468,0.0,0.0,0.0
1986-08-22,3.0,3.0,3.0,3.0,2.829411745071411,-0.5682867559882754,0.0,0.0,0.0
1986-08-25,3.0,3.0,3.0,3.0,2.829411745071411,-0.5906083901984354,0.0,0.0,0.0
1986-08-26,3.0,3.0,3.0,3.0,2.829411745071411,-0.5292238961204953,0.0,0.0,0.0
1986-08-27,3.0,3.0,3.0,3.0,2.829411745071411,-0.5842307804241039,0.0,0.0,0.0
1986-08-28,3.0,3.125,3.0,3.0,2.829411745071411,-0.5340071034512438,0.0,0.0,0.0
1986-08-29,3.0,3.0,3.0,3.0,2.829411745071411,-0.5874195853112697,0.0,0.0,0.0
1986-09-02,3.0,3.0,3.0,3.0,2.829411745071411,-0.595391597529184,0.0,0.0,0.0
1986-09-03,3.0,3.0,3.0,3.0,2.829411745071411,-0.5866223840894782,0.0,0.0,0.0
1986-09-04,3.0,3.0,3.0,3.0,2.829411745071411,-0.5475595242216982,0.0,0.0,0.0
1986-09-05,3.0,3.0,2.875,2.875,2.711519956588745,-0.5180630790154152,-4.166653675910659,-0.117891788482666,-0.11789178848266602
1986-09-08,2.875,2.875,2.875,2.875,2.711519956588745,-0.595391597529184,0.0,0.0,0.0
1986-09-09,2.875,2.875,2.75,2.75,2.593627691268921,-0.5778531706497725,-4.347829527618153,-0.1178922653198242,-0.11789226531982422
1986-09-10,2.75,2.75,2.625,2.625,2.475735902786255,-0.5794475730933554,-4.5454399210623775,-0.117891788482666,-0.11789178848266602
1986-09-11,2.625,2.75,2.625,2.625,2.475735902786255,-0.5674895547664839,0.0,0.0,0.0
1986-09-12,2.625,2.625,2.5,2.625,2.475735902786255,-0.5563287376614039,0.0,0.0,0.0
1986-09-15,2.625,2.625,2.25,2.375,2.239951133728028,-0.5539371339960296,-9.52382557416036,-0.2357847690582271,-0.2357847690582271
1986-09-16,2.375,2.375,2.25,2.375,2.239951133728028,-0.5914055914202269,0.0,0.0,0.0
1986-09-17,2.375,2.375,2.25,2.375,2.239951133728028,-0.5842307804241039,0.0,0.0,0.0
1986-09-18,2.375,2.5,2.25,2.25,2.122058868408203,-0.5371959083384096,-5.263162376386865,-0.1178922653198246,-0.11789226531982466
1986-09-19,2.375,2.375,2.375,2.375,2.239951133728028,-0.5914055914202269,5.555560548999194,0.1178922653198246,0.11789226531982466
1986-09-22,2.375,2.375,2.375,2.375,2.239951133728028,-0.5914055914202269,0.0,0.0,0.0
1986-09-23,2.25,2.25,2.0,2.25,2.122058868408203,-0.4877694325873408,-5.263162376386865,-0.1178922653198246,-0.11789226531982466
1986-09-24,2.375,2.375,2.375,2.375,2.239951133728028,-0.5874195853112697,5.555560548999194,0.1178922653198246,0.11789226531982466
1986-09-25,2.375,2.375,2.25,2.375,2.239951133728028,-0.5643007498793182,0.0,0.0,0.0
1986-09-26,2.375,2.375,2.375,2.375,2.239951133728028,-0.595391597529184,0.0,0.0,0.0
1986-09-29,2.375,2.375,2.375,2.375,2.239951133728028,-0.595391597529184,0.0,0.0,0.0
1986-09-30,2.375,2.375,2.375,2.375,2.239951133728028,-0.5922027926420182,0.0,0.0,0.0
1986-10-01,2.375,2.5,2.375,2.5,2.3578431606292725,-0.5866223840894782,5.263151732468052,0.1178920269012446,0.11789202690124467
1986-10-02,2.375,2.375,2.25,2.25,2.122058868408203,-0.5682867559882754,-9.999998988827665,-0.2357842922210693,-0.23578429222106934
1986-10-03,2.25,2.375,2.25,2.375,2.239951133728028,-0.554734335217821,5.555560548999194,0.1178922653198246,0.11789226531982466
1986-10-06,2.375,2.375,2.375,2.375,2.239951133728028,-0.595391597529184,0.0,0.0,0.0
1986-10-07,2.375,2.375,2.375,2.375,2.239951133728028,-0.595391597529184,0.0,0.0,0.0
1986-10-08,2.25,2.25,2.25,2.25,2.122058868408203,-0.5906083901984354,-5.263162376386865,-0.1178922653198246,-0.11789226531982466
1986-10-09,2.25,2.375,2.25,2.25,2.122058868408203,-0.5802447743151468,0.0,0.0,0.0
1986-10-10,2.25,2.25,2.0,2.0,1.886274695396424,-0.5005246521360037,-11.111104245126135,-0.2357841730117795,-0.23578417301177912
1986-10-13,2.0,2.0,1.75,2.0,1.886274695396424,-0.2804971149215688,0.0,0.0,0.0
1986-10-14,2.0,2.125,2.0,2.125,2.004166841506958,-0.5770559694279811,6.249998815032498,0.1178921461105344,0.117892146110534
1986-10-15,2.125,2.25,2.125,2.25,2.122058868408203,-0.5555315364396124,5.882345943444545,0.1178920269012451,0.11789202690124512
1986-10-16,2.25,2.25,2.125,2.125,2.004166841506958,-0.5698811584318582,-5.55554931375104,-0.1178920269012451,-0.11789202690124512
1986-10-17,2.125,2.125,2.125,2.125,2.004166841506958,-0.5937971950856011,0.0,0.0,0.0
1986-10-20,2.125,2.25,2.125,2.125,2.004166841506958,-0.589811188976644,0.0,0.0,0.0
1986-10-21,2.125,2.25,2.125,2.125,2.004166841506958,-0.5124826704628752,0.0,0.0,0.0
1986-10-22,2.25,2.25,2.25,2.25,2.122058868408203,-0.5778531706497725,5.882345943444545,0.1178920269012451,0.11789202690124512
1986-10-23,2.25,2.625,2.25,2.625,2.475735902786255,-0.4311681458401492,16.666692882245606,0.3536770343780517,0.35367703437805176
1986-10-24,2.625,2.625,2.5,2.625,2.475735902786255,-0.5092938655757094,0.0,0.0,0.0
1986-10-27,2.625,2.75,2.625,2.75,2.593627691268921,-0.5650979511011096,4.761888711553919,0.117891788482666,0.11789178848266602
1986-10-28,2.75,2.75,2.625,2.75,2.593627691268921,-0.578650371871564,0.0,0.0,0.0
1986-10-29,2.75,2.875,2.75,2.875,2.711519956588745,-0.5371959083384096,4.54545830601254,0.1178922653198242,0.11789226531982422
1986-10-30,2.875,2.875,2.75,2.875,2.711519956588745,-0.5292238961204953,0.0,0.0,0.0
1986-10-31,2.875,2.875,2.875,2.875,2.711519956588745,-0.543573518112741,0.0,0.0,0.0
1986-11-03,2.75,2.75,2.75,2.75,2.593627691268921,-0.5395875120037839,-4.347829527618153,-0.1178922653198242,-0.11789226531982422
1986-11-04,2.75,2.875,2.75,2.75,2.593627691268921,-0.589811188976644,0.0,0.0,0.0
1986-11-05,2.75,2.75,2.75,2.75,2.593627691268921,-0.5778531706497725,0.0,0.0,0.0
1986-11-06,2.625,2.625,2.5,2.5,2.3578431606292725,-0.5475595242216982,-9.090916612025058,-0.2357845306396484,-0.23578453063964844
1986-11-07,2.5,2.5,2.5,2.5,2.3578431606292725,-0.5945943963073925,0.0,0.0,0.0
1986-11-10,2.5,2.5,2.375,2.375,2.239951133728028,-0.5834335792023125,-4.999994438552102,-0.1178920269012446,-0.11789202690124467
1986-11-11,2.375,2.5,2.375,2.5,2.3578431606292725,-0.5427763168909495,5.263151732468052,0.1178920269012446,0.11789202690124467
1986-11-12,2.5,2.5,2.5,2.5,2.3578431606292725,-0.5850279816458954,0.0,0.0,0.0
1986-11-13,2.625,2.75,2.625,2.75,2.593627691268921,-0.5459651217781153,10.000009100551075,0.2357845306396484,0.23578453063964844
1986-11-14,2.75,2.75,2.625,2.75,2.593627691268921,-0.5906083901984354,0.0,0.0,0.0
1986-11-17,2.75,2.75,2.75,2.75,2.593627691268921,-0.5914055914202269,0.0,0.0,0.0
1986-11-18,2.75,2.75,2.625,2.75,2.593627691268921,-0.5499511278870725,0.0,0.0,0.0
1986-11-19,2.75,2.875,2.625,2.625,2.475735902786255,-0.5395875120037839,-4.5454399210623775,-0.117891788482666,-0.11789178848266602
1986-11-20,2.625,2.75,2.625,2.75,2.593627691268921,-0.519657481458998,4.761888711553919,0.117891788482666,0.11789178848266602
1986-11-21,2.875,2.875,2.875,2.875,2.711519956588745,-0.5874195853112697,4.54545830601254,0.1178922653198242,0.11789226531982422
1986-11-24,2.875,2.875,2.75,2.75,2.593627691268921,-0.5842307804241039,-4.347829527618153,-0.1178922653198242,-0.11789226531982422
1986-11-25,2.75,2.75,2.5,2.625,2.475735902786255,-0.5045106582449609,-4.5454399210623775,-0.117891788482666,-0.11789178848266602
1986-11-26,2.625,2.625,2.5,2.625,2.475735902786255,-0.5874195853112697,0.0,0.0,0.0
1986-11-28,2.5,2.5,2.5,2.5,2.3578431606292725,-0.5922027926420182,-4.761927232395946,-0.1178927421569824,-0.11789274215698242
1986-12-01,2.5,2.625,2.375,2.5,2.3578431606292725,-0.5834335792023125,0.0,0.0,0.0
1986-12-02,2.375,2.375,2.375,2.375,2.239951133728028,-0.5858251828676868,-4.999994438552102,-0.1178920269012446,-0.11789202690124467
1986-12-03,2.375,2.375,2.375,2.375,2.239951133728028,-0.3283291882290546,0.0,0.0,0.0
1986-12-04,2.375,2.375,2.375,2.375,2.239951133728028,-0.5778531706497725,0.0,0.0,0.0
1986-12-05,2.375,2.375,2.25,2.375,2.239951133728028,-0.5459651217781153,0.0,0.0,0.0
1986-12-08,2.375,2.5,2.25,2.5,2.3578431606292725,-0.5650979511011096,5.263151732468052,0.1178920269012446,0.11789202690124467
1986-12-09,2.5,2.5,2.375,2.5,2.3578431606292725,-0.5563287376614039,0.0,0.0,0.0
1986-12-10,2.5,2.5,2.375,2.375,2.239951133728028,-0.5826363779805211,-4.999994438552102,-0.1178920269012446,-0.11789202690124467
1986-12-11,2.375,2.375,2.375,2.375,2.239951133728028,-0.5802447743151468,0.0,0.0,0.0
1986-12-12,2.375,2.5,2.375,2.375,2.239951133728028,-0.5730699633190239,0.0,0.0,0.0
1986-12-15,2.75,2.875,2.75,2.875,2.711519956588745,-0.3370984016687604,21.0526388616286,0.4715688228607173,0.47156882286071733
1986-12-16,2.875,2.875,2.625,2.625,2.475735902786255,0.0806350385499493,-8.695641469632431,-0.2357840538024902,-0.23578405380249023
1986-12-17,2.625,2.75,2.375,2.5,2.3578431606292725,0.0575162031179978,-4.761927232395946,-0.1178927421569824,-0.11789274215698242
1986-12-18,2.5,2.625,2.5,2.625,2.475735902786255,-0.5244406887897467,5.000024773722389,0.1178927421569824,0.11789274215698242
1986-12-19,2.625,2.625,2.5,2.5,2.3578431606292725,-0.3705808529840005,-4.761927232395946,-0.1178927421569824,-0.11789274215698242
1986-12-22,2.5,2.5,2.375,2.5,2.3578431606292725,-0.4853778289219665,0.0,0.0,0.0
1986-12-23,2.5,2.5,2.5,2.5,2.3578431606292725,-0.519657481458998,0.0,0.0,0.0
1986-12-24,2.5,2.5,2.375,2.5,2.3578431606292725,-0.5627063474357353,0.0,0.0,0.0
1986-12-26,2.5,2.5,2.5,2.5,2.3578431606292725,-0.5698811584318582,0.0,0.0,0.0
1986-12-29,2.5,2.5,2.375,2.5,2.3578431606292725,-0.4590701886028493,0.0,0.0,0.0
1986-12-30,2.5,2.5,2.375,2.5,2.3578431606292725,-0.4941470423616723,0.0,0.0,0.0
1986-12-31,2.5,2.5,2.375,2.5,2.3578431606292725,-0.4989302496924208,0.0,0.0,0.0
1987-01-02,2.5,2.75,2.5,2.75,2.593627691268921,-0.5300210973422866,10.000009100551075,0.2357845306396484,0.23578453063964844
1987-01-05,2.75,2.75,2.75,2.75,2.593627691268921,-0.4160213226261121,0.0,0.0,0.0
1987-01-06,2.75,3.0,2.75,2.875,2.711519956588745,-0.3522452248827976,4.54545830601254,0.1178922653198242,0.11789226531982422
1987-01-07,2.875,3.0,2.75,2.75,2.593627691268921,-0.4200073287350692,-4.347829527618153,-0.1178922653198242,-0.11789226531982422
1987-01-08,2.875,2.875,2.875,2.875,2.711519956588745,-0.5595175425485696,4.54545830601254,0.1178922653198242,0.11789226531982422
1987-01-09,2.875,2.875,2.75,2.875,2.711519956588745,-0.5292238961204953,0.0,0.0,0.0
1987-01-12,2.875,3.0,2.75,2.75,2.593627691268921,-0.5443707193345324,-4.347829527618153,-0.1178922653198242,-0.11789226531982422
1987-01-13,2.75,2.875,2.75,2.75,2.593627691268921,-0.5730699633190239,0.0,0.0,0.0
1987-01-14,2.75,2.875,2.75,2.75,2.593627691268921,-0.5069022619103352,0.0,0.0,0.0
1987-01-15,2.625,2.625,2.5,2.5,2.3578431606292725,-0.4678394020425551,-9.090916612025058,-0.2357845306396484,-0.23578453063964844
1987-01-16,2.5,2.75,2.5,2.75,2.593627691268921,-0.5228462863461638,10.000009100551075,0.2357845306396484,0.23578453063964844
1987-01-19,2.75,2.75,2.75,2.75,2.593627691268921,-0.5539371339960296,0.0,0.0,0.0
1987-01-20,2.75,2.875,2.75,2.875,2.711519956588745,-0.5762587682061896,4.54545830601254,0.1178922653198242,0.11789226531982422
1987-01-21,2.875,2.875,2.875,2.875,2.711519956588745,-0.595391597529184,0.0,0.0,0.0
1987-01-22,2.75,2.75,2.75,2.75,2.593627691268921,-0.5866223840894782,-4.347829527618153,-0.1178922653198242,-0.11789226531982422
1987-01-23,2.75,2.75,2.75,2.75,2.593627691268921,-0.5866223840894782,0.0,0.0,0.0
1987-01-26,2.75,2.75,2.75,2.75,2.593627691268921,-0.5706783596536497,0.0,0.0,0.0
1987-01-27,2.75,2.75,2.75,2.75,2.593627691268921,-0.5874195853112697,0.0,0.0,0.0
1987-01-28,2.75,2.875,2.75,2.75,2.593627691268921,-0.5754615669843982,0.0,0.0,0.0
1987-01-29,2.75,2.75,2.75,2.75,2.593627691268921,-0.5874195853112697,0.0,0.0,0.0
1987-01-30,2.75,2.75,2.625,2.625,2.475735902786255,-0.5252378900115381,-4.5454399210623775,-0.117891788482666,-0.11789178848266602
1987-02-02,2.75,2.75,2.75,2.75,2.593627691268921,-0.5866223840894782,4.761888711553919,0.117891788482666,0.11789178848266602
1987-02-03,2.75,2.75,2.5,2.625,2.475735902786255,-0.4495037739413521,-4.5454399210623775,-0.117891788482666,-0.11789178848266602
1987-02-04,2.625,2.625,2.625,2.625,2.475735902786255,-0.5332099022294524,0.0,0.0,0.0
1987-02-05,2.625,2.75,2.625,2.625,2.475735902786255,-0.5563287376614039,0.0,0.0,0.0
1987-02-06,2.75,2.75,2.75,2.75,2.593627691268921,-0.5507483291088638,4.761888711553919,0.117891788482666,0.11789178848266602
1987-02-09,2.75,2.875,2.75,2.75,2.593627691268921,-0.5595175425485696,0.0,0.0,0.0
1987-02-10,2.75,2.75,2.625,2.625,2.475735902786255,-0.5810419755369383,-4.5454399210623775,-0.117891788482666,-0.11789178848266602
1987-02-11,2.625,2.75,2.625,2.75,2.593627691268921,-0.5395875120037839,4.761888711553919,0.117891788482666,0.11789178848266602
1987-02-12,2.75,2.875,2.625,2.875,2.711519956588745,-0.4965386460270465,4.54545830601254,0.1178922653198242,0.11789226531982422
1987-02-13,2.875,2.875,2.75,2.875,2.711519956588745,-0.508496664353918,0.0,0.0,0.0
1987-02-17,2.875,3.0,2.875,2.875,2.711519956588745,-0.5037134570231695,0.0,0.0,0.0
1987-02-18,2.875,3.0,2.75,2.875,2.711519956588745,-0.508496664353918,0.0,0.0,0.0
1987-02-19,2.875,2.875,2.75,2.875,2.711519956588745,-0.5539371339960296,0.0,0.0,0.0
1987-02-20,2.875,2.875,2.75,2.875,2.711519956588745,-0.5451679205563238,0.0,0.0,0.0
1987-02-23,2.875,2.875,2.75,2.875,2.711519956588745,-0.5794475730933554,0.0,0.0,0.0
1987-02-24,2.875,2.875,2.75,2.875,2.711519956588745,-0.5475595242216982,0.0,0.0,0.0
1987-02-25,2.75,2.75,2.75,2.75,2.593627691268921,-0.5906083901984354,-4.347829527618153,-0.1178922653198242,-0.11789226531982422
1987-02-26,2.75,2.875,2.75,2.75,2.593627691268921,-0.5603147437703611,0.0,0.0,0.0
1987-02-27,2.75,2.875,2.75,2.875,2.711519956588745,-0.5531399327742381,4.54545830601254,0.1178922653198242,0.11789226531982422
1987-03-02,2.875,2.875,2.75,2.75,2.593627691268921,-0.4949442435834637,-4.347829527618153,-0.1178922653198242,-0.11789226531982422
1987-03-03,2.75,3.125,2.75,2.875,2.711519956588745,-0.2725251027036545,4.54545830601254,0.1178922653198242,0.11789226531982422
1987-03-04,2.875,3.125,2.875,3.0,2.829411745071411,-0.4096437128517806,4.347811942014279,0.117891788482666,0.11789178848266602
1987-03-05,3.0,3.0,2.75,2.875,2.711519956588745,-0.4981330484706294,-4.166653675910659,-0.117891788482666,-0.11789178848266602
1987-03-06,2.875,2.875,2.75,2.875,2.711519956588745,-0.543573518112741,0.0,0.0,0.0
1987-03-09,2.875,3.0,2.875,2.875,2.711519956588745,-0.5539371339960296,0.0,0.0,0.0
1987-03-10,2.875,3.0,2.875,3.0,2.829411745071411,-0.549153926665281,4.347811942014279,0.117891788482666,0.11789178848266602
1987-03-11,2.875,2.875,2.875,2.875,2.711519956588745,-0.5850279816458954,-4.166653675910659,-0.117891788482666,-0.11789178848266602
1987-03-12,2.875,2.875,2.875,2.875,2.711519956588745,-0.5834335792023125,0.0,0.0,0.0
1987-03-13,2.875,2.875,2.75,2.75,2.593627691268921,-0.5308182985640781,-4.347829527618153,-0.1178922653198242,-0.11789226531982422
1987-03-16,2.875,3.125,2.875,3.0,2.829411745071411,-0.1561337243221056,9.090898227074916,0.2357840538024902,0.23578405380249023
1987-03-17,3.125,3.375,3.125,3.25,3.0651965141296387,-0.388119279863412,8.33334948400295,0.2357847690582275,0.23578476905822754
1987-03-18,3.25,3.375,3.125,3.25,3.0651965141296387,-0.3929024871941605,0.0,0.0,0.0
1987-03-19,3.25,3.25,3.125,3.25,3.0651965141296387,-0.3187627735675575,0.0,0.0,0.0
1987-03-20,3.25,3.25,3.125,3.125,2.9473042488098145,-0.4853778289219665,-3.846156837787595,-0.1178922653198242,-0.11789226531982422
1987-03-23,3.125,3.375,3.125,3.375,3.1830883026123047,-0.410440914073572,7.999990292746495,0.2357840538024902,0.23578405380249023
1987-03-24,3.375,3.625,3.375,3.625,3.418872356414795,-0.4415317617234378,7.407399085001387,0.2357840538024902,0.23578405380249023
1987-03-25,3.625,3.625,3.5,3.5,3.300980567932129,-0.3976856945249091,-3.4482652814302077,-0.117891788482666,-0.11789178848266602
1987-03-26,3.5,3.5,3.375,3.5,3.300980567932129,-0.5475595242216982,0.0,0.0,0.0
1987-03-27,3.375,3.375,3.25,3.25,3.0651965141296387,-0.4638533959335979,-7.142848888389397,-0.2357840538024902,-0.23578405380249023
1987-03-30,3.25,3.25,3.0,3.125,2.9473042488098145,-0.4813918228130094,-3.846156837787595,-0.1178922653198242,-0.11789226531982422
1987-03-31,3.125,3.125,3.0,3.125,2.9473042488098145,-0.5722727620972325,0.0,0.0,0.0
1987-04-01,3.0,3.0,2.875,2.875,2.711519956588745,-0.5140770729064581,-7.999998382124418,-0.2357842922210693,-0.23578429222106934
1987-04-02,3.0,3.0,3.0,3.0,2.829411745071411,-0.5555315364396124,4.347811942014279,0.117891788482666,0.11789178848266602
1987-04-03,3.0,3.0,2.875,3.0,2.829411745071411,-0.5324127010076609,0.0,0.0,0.0
1987-04-06,3.0,3.125,3.0,3.125,2.9473042488098145,-0.4949442435834637,4.166678955219649,0.1178925037384033,0.11789250373840332
1987-04-07,3.125,3.125,3.0,3.0,2.829411745071411,-0.4790002191476351,-4.0000113251290825,-0.1178925037384033,-0.11789250373840332
1987-04-08,3.0,3.0,3.0,3.0,2.829411745071411,-0.5922027926420182,0.0,0.0,0.0
1987-04-09,3.0,3.0,2.875,2.875,2.711519956588745,-0.5005246521360037,-4.166653675910659,-0.117891788482666,-0.11789178848266602
1987-04-10,2.875,2.875,2.875,2.875,2.711519956588745,-0.5363987071166181,0.0,0.0,0.0
1987-04-13,2.875,3.0,2.75,3.0,2.829411745071411,-0.5236434875679552,4.347811942014279,0.117891788482666,0.11789178848266602
1987-04-14,3.0,3.0,2.875,2.875,2.711519956588745,-0.5507483291088638,-4.166653675910659,-0.117891788482666,-0.11789178848266602
1987-04-15,2.875,2.875,2.875,2.875,2.711519956588745,-0.5770559694279811,0.0,0.0,0.0
1987-04-16,2.875,2.875,2.875,2.875,2.711519956588745,-0.5818391767587296,0.0,0.0,0.0
1987-04-20,2.875,3.0,2.875,2.875,2.711519956588745,-0.439937359279855,0.0,0.0,0.0
1987-04-21,2.875,3.0,2.875,2.875,2.711519956588745,-0.5850279816458954,0.0,0.0,0.0
1987-04-22,2.875,2.875,2.875,2.875,2.711519956588745,-0.5539371339960296,0.0,0.0,0.0
1987-04-23,2.875,2.875,2.75,2.875,2.711519956588745,-0.5236434875679552,0.0,0.0,0.0
1987-04-24,2.75,2.75,2.625,2.625,2.475735902786255,-0.5866223840894782,-8.695641469632431,-0.2357840538024902,-0.23578405380249023
1987-04-27,2.625,2.75,2.625,2.75,2.593627691268921,-0.5555315364396124,4.761888711553919,0.117891788482666,0.11789178848266602
1987-04-28,2.75,2.875,2.75,2.875,2.711519956588745,-0.5666923535446925,4.54545830601254,0.1178922653198242,0.11789226531982422
1987-04-29,2.875,2.875,2.875,2.875,2.711519956588745,-0.5666923535446925,0.0,0.0,0.0
1987-04-30,2.875,3.25,2.875,2.875,2.711519956588745,-0.3506508224392147,0.0,0.0,0.0
1987-05-01,2.875,3.0,2.875,2.875,2.711519956588745,-0.4630561947118065,0.0,0.0,0.0
1987-05-04,2.875,3.0,2.875,3.0,2.829411745071411,-0.549153926665281,4.347811942014279,0.117891788482666,0.11789178848266602
1987-05-05,3.0,3.0,2.875,2.875,2.711519956588745,-0.5730699633190239,-4.166653675910659,-0.117891788482666,-0.11789178848266602
1987-05-06,2.875,2.875,2.875,2.875,2.711519956588745,-0.5914055914202269,0.0,0.0,0.0
1987-05-07,2.875,3.0,2.875,3.0,2.829411745071411,-0.4311681458401492,4.347811942014279,0.117891788482666,0.11789178848266602
1987-05-08,3.0,3.0,3.0,3.0,2.829411745071411,-0.5340071034512438,0.0,0.0,0.0
1987-05-11,3.0,3.0,3.0,3.0,2.829411745071411,-0.5595175425485696,0.0,0.0,0.0
1987-05-12,3.0,3.0,3.0,3.0,2.829411745071411,-0.5914055914202269,0.0,0.0,0.0
1987-05-13,3.0,3.0,3.0,3.0,2.829411745071411,-0.5021190545795866,0.0,0.0,0.0
1987-05-14,2.875,2.875,2.875,2.875,2.711519956588745,-0.5531399327742381,-4.166653675910659,-0.117891788482666,-0.11789178848266602
1987-05-15,2.875,3.0,2.875,3.0,2.829411745071411,-0.5650979511011096,4.347811942014279,0.117891788482666,0.11789178848266602
1987-05-18,3.0,3.0,2.875,2.875,2.711519956588745,-0.5515455303306553,-4.166653675910659,-0.117891788482666,-0.11789178848266602
1987-05-19,2.875,2.875,2.75,2.75,2.593627691268921,-0.5595175425485696,-4.347829527618153,-0.1178922653198242,-0.11789226531982422
1987-05-20,2.75,2.75,2.75,2.75,2.593627691268921,-0.5523427315524467,0.0,0.0,0.0
1987-05-21,2.75,2.75,2.625,2.75,2.593627691268921,-0.578650371871564,0.0,0.0,0.0
1987-05-22,2.75,2.75,2.625,2.625,2.475735902786255,-0.5842307804241039,-4.5454399210623775,-0.117891788482666,-0.11789178848266602
1987-05-26,2.625,2.75,2.625,2.75,2.593627691268921,-0.5587203413267782,4.761888711553919,0.117891788482666,0.11789178848266602
1987-05-27,2.75,2.75,2.625,2.625,2.475735902786255,-0.5579231401049868,-4.5454399210623775,-0.117891788482666,-0.11789178848266602
1987-05-28,2.625,2.625,2.625,2.625,2.475735902786255,-0.554734335217821,0.0,0.0,0.0
1987-05-29,2.625,2.625,2.5,2.5,2.3578431606292725,-0.5603147437703611,-4.761927232395946,-0.1178927421569824,-0.11789274215698242
1987-06-01,2.5,2.625,2.5,2.625,2.475735902786255,-0.5403847132255752,5.000024773722389,0.1178927421569824,0.11789274215698242
1987-06-02,2.625,2.75,2.5,2.75,2.593627691268921,-0.5555315364396124,4.761888711553919,0.117891788482666,0.11789178848266602
1987-06-03,2.75,2.75,2.625,2.625,2.475735902786255,-0.5770559694279811,-4.5454399210623775,-0.117891788482666,-0.11789178848266602
1987-06-04,2.625,2.75,2.625,2.75,2.593627691268921,-0.5778531706497725,4.761888711553919,0.117891788482666,0.11789178848266602
1987-06-05,2.75,2.75,2.75,2.75,2.593627691268921,-0.595391597529184,0.0,0.0,0.0
1987-06-08,2.75,2.75,2.625,2.625,2.475735902786255,-0.5858251828676868,-4.5454399210623775,-0.117891788482666,-0.11789178848266602
1987-06-09,2.625,2.75,2.625,2.625,2.475735902786255,-0.5866223840894782,0.0,0.0,0.0
1987-06-10,2.625,2.625,2.625,2.625,2.475735902786255,-0.5754615669843982,0.0,0.0,0.0
1987-06-11,2.625,2.625,2.625,2.625,2.475735902786255,-0.5929999938638097,0.0,0.0,0.0
1987-06-12,2.625,2.625,2.625,2.625,2.475735902786255,-0.5061050606885438,0.0,0.0,0.0
1987-06-15,2.625,2.625,2.625,2.625,2.475735902786255,-0.5706783596536497,0.0,0.0,0.0
1987-06-16,2.625,2.625,2.5,2.5,2.3578431606292725,-0.5523427315524467,-4.761927232395946,-0.1178927421569824,-0.11789274215698242
1987-06-17,2.5,2.625,2.5,2.625,2.475735902786255,-0.4686366032643465,5.000024773722389,0.1178927421569824,0.11789274215698242
1987-06-18,2.625,2.625,2.5,2.625,2.475735902786255,-0.5340071034512438,0.0,0.0,0.0
1987-06-19,2.5,2.5,2.5,2.5,2.3578431606292725,-0.5403847132255752,-4.761927232395946,-0.1178927421569824,-0.11789274215698242
1987-06-22,2.5,2.625,2.5,2.625,2.475735902786255,-0.5690839572100668,5.000024773722389,0.1178927421569824,0.11789274215698242
1987-06-23,2.5,2.5,2.5,2.5,2.3578431606292725,-0.589811188976644,-4.761927232395946,-0.1178927421569824,-0.11789274215698242
1987-06-24,2.5,2.5,2.5,2.5,2.3578431606292725,-0.5738671645408153,0.0,0.0,0.0
1987-06-25,2.5,2.5,2.5,2.5,2.3578431606292725,-0.537993109560201,0.0,0.0,0.0
1987-06-26,2.5,2.5,2.375,2.5,2.3578431606292725,-0.5778531706497725,0.0,0.0,0.0
1987-06-29,2.5,2.5,2.375,2.5,2.3578431606292725,-0.4909582374745065,0.0,0.0,0.0
1987-06-30,2.5,2.75,2.5,2.75,2.593627691268921,-0.4080493104081977,10.000009100551075,0.2357845306396484,0.23578453063964844
1987-07-01,2.75,2.75,2.75,2.75,2.593627691268921,-0.5906083901984354,0.0,0.0,0.0
1987-07-02,2.75,2.75,2.625,2.75,2.593627691268921,-0.5499511278870725,0.0,0.0,0.0
1987-07-06,2.625,2.625,2.5,2.5,2.3578431606292725,-0.5499511278870725,-9.090916612025058,-0.2357845306396484,-0.23578453063964844
1987-07-07,2.5,2.625,2.5,2.625,2.475735902786255,-0.4989302496924208,5.000024773722389,0.1178927421569824,0.11789274215698242
1987-07-08,2.625,2.625,2.5,2.5,2.3578431606292725,-0.5443707193345324,-4.761927232395946,-0.1178927421569824,-0.11789274215698242
1987-07-09,2.5,2.625,2.5,2.625,2.475735902786255,-0.4303709446183578,5.000024773722389,0.1178927421569824,0.11789274215698242
1987-07-10,2.5,2.5,2.5,2.5,2.3578431606292725,-0.5842307804241039,-4.761927232395946,-0.1178927421569824,-0.11789274215698242
1987-07-13,2.5,2.5,2.5,2.5,2.3578431606292725,-0.5922027926420182,0.0,0.0,0.0
1987-07-14,2.5,2.75,2.5,2.75,2.593627691268921,-0.4606645910464322,10.000009100551075,0.2357845306396484,0.23578453063964844
1987-07-15,2.75,2.75,2.625,2.625,2.475735902786255,-0.4471121702759779,-4.5454399210623775,-0.117891788482666,-0.11789178848266602
1987-07-16,2.625,2.75,2.625,2.625,2.475735902786255,-0.5419791156691581,0.0,0.0,0.0
1987-07-17,2.625,2.75,2.625,2.75,2.593627691268921,-0.5164686765718324,4.761888711553919,0.117891788482666,0.11789178848266602
1987-07-20,2.75,2.75,2.75,2.75,2.593627691268921,-0.5061050606885438,0.0,0.0,0.0
1987-07-21,2.75,2.75,2.5,2.5,2.3578431606292725,-0.4774058167040522,-9.090916612025058,-0.2357845306396484,-0.23578453063964844
1987-07-22,2.5,2.5,2.5,2.5,2.3578431606292725,-0.5874195853112697,0.0,0.0,0.0
1987-07-23,2.5,2.625,2.5,2.625,2.475735902786255,-0.5076994631321265,5.000024773722389,0.1178927421569824,0.11789274215698242
1987-07-24,2.625,2.75,2.625,2.625,2.475735902786255,-0.565895152322901,0.0,0.0,0.0
1987-07-27,2.625,2.625,2.625,2.625,2.475735902786255,-0.5914055914202269,0.0,0.0,0.0
1987-07-28,2.75,2.75,2.75,2.75,2.593627691268921,-0.5794475730933554,4.761888711553919,0.117891788482666,0.11789178848266602
1987-07-29,2.625,2.625,2.625,2.625,2.475735902786255,-0.5858251828676868,-4.5454399210623775,-0.117891788482666,-0.11789178848266602
1987-07-30,2.5,2.5,2.5,2.5,2.3578431606292725,-0.5451679205563238,-4.761927232395946,-0.1178927421569824,-0.11789274215698242
1987-07-31,2.5,2.5,2.5,2.5,2.3578431606292725,-0.5324127010076609,0.0,0.0,0.0
1987-08-03,2.5,2.5,2.5,2.5,2.3578431606292725,-0.5874195853112697,0.0,0.0,0.0
1987-08-04,2.5,2.625,2.5,2.5,2.3578431606292725,-0.5682867559882754,0.0,0.0,0.0
1987-08-05,2.5,2.625,2.5,2.5,2.3578431606292725,-0.5148742741282495,0.0,0.0,0.0
1987-08-06,2.5,2.625,2.375,2.5,2.3578431606292725,-0.5539371339960296,0.0,0.0,0.0
1987-08-07,2.5,2.5,2.125,2.375,2.239951133728028,-0.3410844077777175,-4.999994438552102,-0.1178920269012446,-0.11789202690124467
1987-08-10,2.375,2.375,2.125,2.25,2.122058868408203,-0.4287765421747749,-5.263162376386865,-0.1178922653198246,-0.11789226531982466
1987-08-11,2.25,2.375,2.25,2.375,2.239951133728028,-0.5866223840894782,5.555560548999194,0.1178922653198246,0.11789226531982466
1987-08-12,2.375,2.5,2.25,2.25,2.122058868408203,-0.4662449995989722,-5.263162376386865,-0.1178922653198246,-0.11789226531982466
1987-08-13,2.25,2.375,2.25,2.375,2.239951133728028,-0.5069022619103352,5.555560548999194,0.1178922653198246,0.11789226531982466
1987-08-14,2.25,2.25,2.25,2.25,2.122058868408203,-0.5794475730933554,-5.263162376386865,-0.1178922653198246,-0.11789226531982466
1987-08-17,2.25,2.375,2.25,2.375,2.239951133728028,-0.5571259388831953,5.555560548999194,0.1178922653198246,0.11789226531982466
1987-08-18,2.25,2.25,2.25,2.25,2.122058868408203,-0.571475560875441,-5.263162376386865,-0.1178922653198246,-0.11789226531982466
1987-08-19,2.25,2.25,2.25,2.25,2.122058868408203,-0.5643007498793182,0.0,0.0,0.0
1987-08-20,2.25,2.25,2.125,2.125,2.004166841506958,-0.5746643657626068,-5.55554931375104,-0.1178920269012451,-0.11789202690124512
1987-08-21,2.125,2.125,2.125,2.125,2.004166841506958,-0.549153926665281,0.0,0.0,0.0
1987-08-24,2.125,2.125,2.0,2.0,1.886274695396424,-0.4056577067428235,-5.882351891516668,-0.1178921461105344,-0.117892146110534
1987-08-25,2.0,2.25,2.0,2.25,2.122058868408203,-0.5515455303306553,12.499991310238446,0.2357841730117795,0.23578417301177912
1987-08-26,2.25,2.25,2.0,2.0,1.886274695396424,-0.5579231401049868,-11.111104245126135,-0.2357841730117795,-0.23578417301177912
1987-08-27,2.125,2.125,2.125,2.125,2.004166841506958,-0.5834335792023125,6.249998815032498,0.1178921461105344,0.117892146110534
1987-08-28,2.125,2.125,2.0,2.125,2.004166841506958,-0.571475560875441,0.0,0.0,0.0
1987-08-31,2.125,2.25,2.125,2.25,2.122058868408203,-0.4742170118168865,5.882345943444545,0.1178920269012451,0.11789202690124512
1987-09-01,2.25,2.25,2.125,2.125,2.004166841506958,-0.4263849385094007,-5.55554931375104,-0.1178920269012451,-0.11789202690124512
1987-09-02,2.125,2.25,2.125,2.25,2.122058868408203,-0.5937971950856011,5.882345943444545,0.1178920269012451,0.11789202690124512
1987-09-03,2.25,2.25,2.25,2.25,2.122058868408203,-0.5730699633190239,0.0,0.0,0.0
1987-09-04,2.25,2.25,2.125,2.125,2.004166841506958,-0.5674895547664839,-5.55554931375104,-0.1178920269012451,-0.11789202690124512
1987-09-08,2.125,2.25,2.0,2.125,2.004166841506958,-0.4311681458401492,0.0,0.0,0.0
1987-09-09,2.125,2.125,2.0,2.0,1.886274695396424,-0.5515455303306553,-5.882351891516668,-0.1178921461105344,-0.117892146110534
1987-09-10,2.0,2.125,2.0,2.0,1.886274695396424,-0.5842307804241039,0.0,0.0,0.0
1987-09-11,2.0,2.125,2.0,2.0,1.886274695396424,-0.5260350912333295,0.0,0.0,0.0
1987-09-14,2.0,2.125,2.0,2.125,2.004166841506958,-0.5316154997858695,6.249998815032498,0.1178921461105344,0.117892146110534
1987-09-15,2.125,2.125,2.0,2.0,1.886274695396424,-0.5611119449921524,-5.882351891516668,-0.1178921461105344,-0.117892146110534
1987-09-16,2.0,2.0,2.0,2.0,1.886274695396424,-0.5682867559882754,0.0,0.0,0.0
1987-09-17,2.0,2.0,2.0,2.0,1.886274695396424,-0.5810419755369383,0.0,0.0,0.0
1987-09-18,2.0,2.125,1.875,2.125,2.004166841506958,-0.2063574012949657,6.249998815032498,0.1178921461105344,0.117892146110534
1987-09-21,2.125,2.125,2.0,2.0,1.886274695396424,-0.5563287376614039,-5.882351891516668,-0.1178921461105344,-0.117892146110534
1987-09-22,2.0,2.125,2.0,2.0,1.886274695396424,-0.5507483291088638,0.0,0.0,0.0
1987-09-23,2.0,2.125,2.0,2.125,2.004166841506958,-0.5794475730933554,6.249998815032498,0.1178921461105344,0.117892146110534
1987-09-24,2.0,2.0,2.0,2.0,1.886274695396424,-0.5914055914202269,-5.882351891516668,-0.1178921461105344,-0.117892146110534
1987-09-25,2.0,2.0,2.0,2.0,1.886274695396424,-0.5850279816458954,0.0,0.0,0.0
1987-09-28,2.0,2.0,1.875,1.875,1.7683824300765991,-0.5690839572100668,-6.250005134859105,-0.1178922653198244,-0.11789226531982488
1987-09-29,1.875,2.0,1.875,2.0,1.886274695396424,-0.571475560875441,6.666672508995575,0.1178922653198244,0.11789226531982488
1987-09-30,2.0,2.0,1.875,2.0,1.886274695396424,-0.5451679205563238,0.0,0.0,0.0
1987-10-01,2.0,2.0,2.0,2.0,1.886274695396424,-0.5762587682061896,0.0,0.0,0.0
1987-10-02,2.0,2.0,2.0,2.0,1.886274695396424,-0.5778531706497725,0.0,0.0,0.0
1987-10-05,2.0,2.0,1.875,1.875,1.7683824300765991,-0.4901610362527151,-6.250005134859105,-0.1178922653198244,-0.11789226531982488
1987-10-06,1.875,2.0,1.875,1.875,1.7683824300765991,-0.5770559694279811,0.0,0.0,0.0
1987-10-07,1.875,2.0,1.875,2.0,1.886274695396424,-0.5746643657626068,6.666672508995575,0.1178922653198244,0.11789226531982488
1987-10-08,2.0,2.0,1.875,1.875,1.7683824300765991,-0.5706783596536497,-6.250005134859105,-0.1178922653198244,-0.11789226531982488
1987-10-09,1.875,1.875,1.875,1.875,1.7683824300765991,-0.5882167865330611,0.0,0.0,0.0
1987-10-12,1.875,2.0,1.875,1.875,1.7683824300765991,-0.5746643657626068,0.0,0.0,0.0
1987-10-13,1.875,2.0,1.875,2.0,1.886274695396424,-0.5507483291088638,6.666672508995575,0.1178922653198244,0.11789226531982488
1987-10-14,2.0,2.0,1.875,1.875,1.7683824300765991,-0.5810419755369383,-6.250005134859105,-0.1178922653198244,-0.11789226531982488
1987-10-15,2.0,2.0,2.0,2.0,1.886274695396424,-0.5778531706497725,6.666672508995575,0.1178922653198244,0.11789226531982488
1987-10-16,2.0,2.0,1.875,1.875,1.7683824300765991,-0.4686366032643465,-6.250005134859105,-0.1178922653198244,-0.11789226531982488
1987-10-19,1.875,1.875,1.625,1.625,1.5325982570648191,-0.4901610362527151,-13.333324794544964,-0.23578417301178,-0.23578417301178
1987-10-20,1.5,1.5,1.25,1.25,1.1789215803146362,-0.451098176384935,-23.076933248477825,-0.3536766767501829,-0.3536766767501829
1987-10-21,1.25,1.625,0.5,1.625,1.5325982570648191,-0.462258993490015,30.0000171899298,0.3536766767501829,0.3536766767501829
1987-10-22,1.625,1.75,1.5,1.5,1.4147058725357056,-0.3897136823069948,-7.692321453822936,-0.1178923845291135,-0.11789238452911355
1987-10-23,1.5,1.625,1.375,1.375,1.2968138456344604,-0.4813918228130094,-8.333324204693982,-0.1178920269012451,-0.11789202690124512
1987-10-26,1.375,1.5,1.25,1.375,1.2968138456344604,-0.4909582374745065,0.0,0.0,0.0
1987-10-27,1.25,1.25,1.25,1.25,1.1789215803146362,-0.5276294936769124,-9.090916612025058,-0.1178922653198242,-0.11789226531982422
1987-10-28,1.25,1.375,1.125,1.375,1.2968138456344604,-0.491755438696298,10.000009100551075,0.1178922653198242,0.11789226531982422
1987-10-29,1.375,1.5,1.25,1.5,1.4147058725357056,-0.5722727620972325,9.090898227074916,0.1178920269012451,0.11789202690124512
1987-10-30,1.5,1.625,1.375,1.375,1.2968138456344604,-0.5499511278870725,-8.333324204693982,-0.1178920269012451,-0.11789202690124512
1987-11-02,1.375,1.5,1.375,1.5,1.4147058725357056,-0.571475560875441,9.090898227074916,0.1178920269012451,0.11789202690124512
1987-11-03,1.5,1.5,1.375,1.375,1.2968138456344604,-0.5666923535446925,-8.333324204693982,-0.1178920269012451,-0.11789202690124512
1987-11-04,1.375,1.375,1.25,1.375,1.2968138456344604,-0.5276294936769124,0.0,0.0,0.0
1987-11-05,1.25,1.25,1.25,1.25,1.1789215803146362,-0.5945943963073925,-9.090916612025058,-0.1178922653198242,-0.11789226531982422
1987-11-06,1.25,1.375,1.25,1.25,1.1789215803146362,-0.5818391767587296,0.0,0.0,0.0
1987-11-09,1.25,1.25,1.125,1.25,1.1789215803146362,-0.5053078594667523,0.0,0.0,0.0
1987-11-10,1.25,1.25,1.125,1.125,1.0610294342041016,-0.5069022619103352,-9.999998988827665,-0.1178921461105346,-0.11789214611053467
1987-11-11,1.25,1.375,1.25,1.25,1.1789215803146362,-0.5666923535446925,11.111109862750212,0.1178921461105346,0.11789214611053467
1987-11-12,1.25,1.25,1.25,1.25,1.1789215803146362,-0.5914055914202269,0.0,0.0,0.0
1987-11-13,1.25,1.25,1.125,1.125,1.0610294342041016,-0.589811188976644,-9.999998988827665,-0.1178921461105346,-0.11789214611053467
1987-11-16,1.125,1.125,1.125,1.125,1.0610294342041016,-0.5778531706497725,0.0,0.0,0.0
1987-11-17,1.125,1.25,1.125,1.125,1.0610294342041016,-0.4997274509142123,0.0,0.0,0.0
1987-11-18,1.125,1.125,1.125,1.125,1.0610294342041016,-0.4263849385094007,0.0,0.0,0.0
1987-11-19,1.25,1.25,1.25,1.25,1.1789215803146362,-0.5794475730933554,11.111109862750212,0.1178921461105346,0.11789214611053467
1987-11-20,1.25,1.375,1.125,1.25,1.1789215803146362,-0.4885666338091322,0.0,0.0,0.0
1987-11-23,1.25,1.25,1.25,1.25,1.1789215803146362,-0.5794475730933554,0.0,0.0,0.0
1987-11-24,1.25,1.25,1.125,1.125,1.0610294342041016,-0.5571259388831953,-9.999998988827665,-0.1178921461105346,-0.11789214611053467
1987-11-25,1.125,1.125,1.125,1.125,1.0610294342041016,-0.5802447743151468,0.0,0.0,0.0
1987-11-27,1.125,1.25,1.125,1.125,1.0610294342041016,-0.5762587682061896,0.0,0.0,0.0
1987-11-30,1.125,1.125,1.0,1.0,0.9431373476982116,-0.5427763168909495,-11.111104245126157,-0.11789208650589,-0.11789208650589
1987-12-01,1.0,1.125,1.0,1.125,1.0610294342041016,-0.543573518112741,12.499991310238467,0.11789208650589,0.11789208650589
1987-12-02,1.125,1.125,1.0,1.0,0.9431373476982116,-0.5794475730933554,-11.111104245126157,-0.11789208650589,-0.11789208650589
1987-12-03,1.0,1.0,1.0,1.0,0.9431373476982116,-0.5937971950856011,0.0,0.0,0.0
1987-12-04,1.0,1.125,1.0,1.0,0.9431373476982116,-0.5451679205563238,0.0,0.0,0.0
1987-12-07,1.0,1.125,1.0,1.125,1.0610294342041016,-0.5794475730933554,12.499991310238467,0.11789208650589,0.11789208650589
1987-12-08,1.125,1.125,1.0,1.125,1.0610294342041016,-0.5403847132255752,0.0,0.0,0.0
1987-12-09,1.125,1.125,1.125,1.125,1.0610294342041016,-0.5922027926420182,0.0,0.0,0.0
1987-12-10,1.0,1.0,1.0,1.0,0.9431373476982116,-0.5746643657626068,-11.111104245126157,-0.11789208650589,-0.11789208650589
1987-12-11,1.125,1.125,1.125,1.125,1.0610294342041016,-0.589811188976644,12.499991310238467,0.11789208650589,0.11789208650589
1987-12-14,1.125,1.125,1.0,1.0,0.9431373476982116,-0.5483567254434896,-11.111104245126157,-0.11789208650589,-0.11789208650589
1987-12-15,1.0,1.125,1.0,1.125,1.0610294342041016,-0.5738671645408153,12.499991310238467,0.11789208650589,0.11789208650589
1987-12-16,1.125,1.125,1.0,1.0,0.9431373476982116,-0.5595175425485696,-11.111104245126157,-0.11789208650589,-0.11789208650589
1987-12-17,1.0,1.125,1.0,1.125,1.0610294342041016,-0.4343569507273149,12.499991310238467,0.11789208650589,0.11789208650589
1987-12-18,1.125,1.25,1.125,1.125,1.0610294342041016,-0.5603147437703611,0.0,0.0,0.0
1987-12-21,1.125,1.25,1.125,1.125,1.0610294342041016,-0.5284266948987038,0.0,0.0,0.0
1987-12-22,1.125,1.125,1.125,1.125,1.0610294342041016,-0.4415317617234378,0.0,0.0,0.0
1987-12-23,1.125,1.125,1.125,1.125,1.0610294342041016,-0.5459651217781153,0.0,0.0,0.0
1987-12-24,1.125,1.125,1.125,1.125,1.0610294342041016,-0.5419791156691581,0.0,0.0,0.0
1987-12-28,1.125,1.125,1.0,1.0,0.9431373476982116,-0.5292238961204953,-11.111104245126157,-0.11789208650589,-0.11789208650589
1987-12-29,1.0,1.0,1.0,1.0,0.9431373476982116,-0.5762587682061896,0.0,0.0,0.0
1987-12-30,1.0,1.125,1.0,1.0,0.9431373476982116,-0.3323151943380118,0.0,0.0,0.0
1987-12-31,1.0,1.125,1.0,1.125,1.0610294342041016,-0.4343569507273149,12.499991310238467,0.11789208650589,0.11789208650589
1988-01-04,1.25,1.375,1.25,1.375,1.2968138456344604,-0.5746643657626068,22.222230960748533,0.2357844114303589,0.2357844114303589
1988-01-05,1.375,1.375,1.25,1.25,1.1789215803146362,-0.5579231401049868,-9.090916612025058,-0.1178922653198242,-0.11789226531982422
1988-01-06,1.375,1.375,1.375,1.375,1.2968138456344604,-0.5395875120037839,10.000009100551075,0.1178922653198242,0.11789226531982422
1988-01-07,1.25,1.25,1.25,1.25,1.1789215803146362,-0.5874195853112697,-9.090916612025058,-0.1178922653198242,-0.11789226531982422
1988-01-08,1.25,1.25,1.125,1.125,1.0610294342041016,-0.4805946215912179,-9.999998988827665,-0.1178921461105346,-0.11789214611053467
1988-01-11,1.125,1.25,1.125,1.125,1.0610294342041016,-0.5802447743151468,0.0,0.0,0.0
1988-01-12,1.125,1.125,1.125,1.125,1.0610294342041016,-0.5929999938638097,0.0,0.0,0.0
1988-01-13,1.125,1.125,1.125,1.125,1.0610294342041016,-0.5922027926420182,0.0,0.0,0.0
1988-01-14,1.125,1.125,1.125,1.125,1.0610294342041016,-0.5937971950856011,0.0,0.0,0.0
1988-01-15,1.25,1.25,1.25,1.25,1.1789215803146362,-0.5874195853112697,11.111109862750212,0.1178921461105346,0.11789214611053467
1988-01-18,1.25,1.25,1.25,1.25,1.1789215803146362,-0.595391597529184,0.0,0.0,0.0
1988-01-19,1.25,1.375,1.25,1.375,1.2968138456344604,-0.5794475730933554,10.000009100551075,0.1178922653198242,0.11789226531982422
1988-01-20,1.375,1.375,1.375,1.375,1.2968138456344604,-0.595391597529184,0.0,0.0,0.0
1988-01-21,1.25,1.25,1.25,1.25,1.1789215803146362,-0.5858251828676868,-9.090916612025058,-0.1178922653198242,-0.11789226531982422
1988-01-22,1.25,1.25,1.25,1.25,1.1789215803146362,-0.595391597529184,0.0,0.0,0.0
1988-01-25,1.25,1.25,1.25,1.25,1.1789215803146362,-0.595391597529184,0.0,0.0,0.0
1988-01-26,1.25,1.375,1.25,1.25,1.1789215803146362,-0.5914055914202269,0.0,0.0,0.0
1988-01-27,1.25,1.25,1.25,1.25,1.1789215803146362,-0.5945943963073925,0.0,0.0,0.0
1988-01-28,1.25,1.25,1.25,1.25,1.1789215803146362,-0.595391597529184,0.0,0.0,0.0
1988-01-29,1.375,1.375,1.375,1.375,1.2968138456344604,-0.571475560875441,10.000009100551075,0.1178922653198242,0.11789226531982422
1988-02-01,1.375,1.375,1.375,1.375,1.2968138456344604,-0.595391597529184,0.0,0.0,0.0
1988-02-02,1.375,1.375,1.375,1.375,1.2968138456344604,-0.5874195853112697,0.0,0.0,0.0
1988-02-03,1.25,1.25,1.125,1.25,1.1789215803146362,-0.5116854692410837,-9.090916612025058,-0.1178922653198242,-0.11789226531982422
1988-02-04,1.25,1.25,1.25,1.25,1.1789215803146362,-0.589811188976644,0.0,0.0,0.0
1988-02-05,1.25,1.25,1.25,1.25,1.1789215803146362,-0.5858251828676868,0.0,0.0,0.0
1988-02-08,1.125,1.125,1.125,1.125,1.0610294342041016,-0.5395875120037839,-9.999998988827665,-0.1178921461105346,-0.11789214611053467
1988-02-09,1.125,1.25,1.125,1.125,1.0610294342041016,-0.5754615669843982,0.0,0.0,0.0
1988-02-10,1.375,1.375,1.375,1.375,1.2968138456344604,-0.5316154997858695,22.222230960748533,0.2357844114303589,0.2357844114303589
1988-02-11,1.25,1.25,1.25,1.25,1.1789215803146362,-0.5882167865330611,-9.090916612025058,-0.1178922653198242,-0.11789226531982422
1988-02-12,1.25,1.375,1.25,1.375,1.2968138456344604,-0.5611119449921524,10.000009100551075,0.1178922653198242,0.11789226531982422
1988-02-16,1.375,1.375,1.375,1.375,1.2968138456344604,-0.595391597529184,0.0,0.0,0.0
1988-02-17,1.375,1.375,1.375,1.375,1.2968138456344604,-0.5834335792023125,0.0,0.0,0.0
1988-02-18,1.25,1.25,1.25,1.25,1.1789215803146362,-0.5818391767587296,-9.090916612025058,-0.1178922653198242,-0.11789226531982422
1988-02-19,1.25,1.375,1.25,1.375,1.2968138456344604,-0.578650371871564,10.000009100551075,0.1178922653198242,0.11789226531982422
1988-02-22,1.25,1.25,1.25,1.25,1.1789215803146362,-0.5858251828676868,-9.090916612025058,-0.1178922653198242,-0.11789226531982422
1988-02-23,1.25,1.25,1.25,1.25,1.1789215803146362,-0.5826363779805211,0.0,0.0,0.0
1988-02-24,1.375,1.375,1.375,1.375,1.2968138456344604,-0.549153926665281,10.000009100551075,0.1178922653198242,0.11789226531982422
1988-02-25,1.375,1.375,1.375,1.375,1.2968138456344604,-0.5874195853112697,0.0,0.0,0.0
1988-02-26,1.5,1.625,1.5,1.5,1.4147058725357056,-0.5563287376614039,9.090898227074916,0.1178920269012451,0.11789202690124512
1988-02-29,1.5,1.625,1.5,1.625,1.5325982570648191,-0.5260350912333295,8.33334948400295,0.1178923845291135,0.11789238452911355
1988-03-01,1.625,1.625,1.625,1.625,1.5325982570648191,-0.5929999938638097,0.0,0.0,0.0
1988-03-02,1.625,1.625,1.5,1.625,1.5325982570648191,-0.537993109560201,0.0,0.0,0.0
1988-03-03,1.625,1.75,1.625,1.75,1.6504902839660645,-0.5483567254434896,7.692298119079699,0.1178920269012453,0.11789202690124534
1988-03-04,1.75,1.75,1.625,1.75,1.6504902839660645,-0.5021190545795866,0.0,0.0,0.0
1988-03-07,1.75,1.75,1.75,1.75,1.6504902839660645,-0.5754615669843982,0.0,0.0,0.0
1988-03-08,1.75,1.75,1.625,1.75,1.6504902839660645,-0.5571259388831953,0.0,0.0,0.0
1988-03-09,1.75,1.75,1.75,1.75,1.6504902839660645,-0.5914055914202269,0.0,0.0,0.0
1988-03-10,1.625,1.625,1.625,1.625,1.5325982570648191,-0.5929999938638097,-7.14284888838942,-0.1178920269012453,-0.11789202690124534
1988-03-11,1.625,1.625,1.5,1.5,1.4147058725357056,-0.5611119449921524,-7.692321453822936,-0.1178923845291135,-0.11789238452911355
1988-03-14,1.5,1.625,1.5,1.625,1.5325982570648191,-0.5794475730933554,8.33334948400295,0.1178923845291135,0.11789238452911355
1988-03-15,1.5,1.5,1.5,1.5,1.4147058725357056,-0.5834335792023125,-7.692321453822936,-0.1178923845291135,-0.11789238452911355
1988-03-16,1.5,1.5,1.5,1.5,1.4147058725357056,-0.5810419755369383,0.0,0.0,0.0
1988-03-17,1.5,1.5,1.5,1.5,1.4147058725357056,-0.5945943963073925,0.0,0.0,0.0
1988-03-18,1.5,1.5,1.5,1.5,1.4147058725357056,-0.5929999938638097,0.0,0.0,0.0
1988-03-21,1.5,1.75,1.5,1.75,1.6504902839660645,-0.4965386460270465,16.666673688696942,0.2357844114303589,0.2357844114303589
1988-03-22,1.75,1.75,1.625,1.625,1.5325982570648191,-0.5890139877548526,-7.14284888838942,-0.1178920269012453,-0.11789202690124534
1988-03-23,1.625,1.625,1.625,1.625,1.5325982570648191,-0.5858251828676868,0.0,0.0,0.0
1988-03-24,1.625,1.625,1.375,1.5,1.4147058725357056,-0.3466648163302576,-7.692321453822936,-0.1178923845291135,-0.11789238452911355
1988-03-25,1.5,1.5,1.5,1.5,1.4147058725357056,-0.5945943963073925,0.0,0.0,0.0
1988-03-28,1.5,1.5,1.5,1.5,1.4147058725357056,-0.595391597529184,0.0,0.0,0.0
1988-03-29,1.5,1.5,1.5,1.5,1.4147058725357056,-0.595391597529184,0.0,0.0,0.0
1988-03-30,1.625,1.625,1.625,1.625,1.5325982570648191,-0.5834335792023125,8.33334948400295,0.1178923845291135,0.11789238452911355
1988-03-31,1.625,1.625,1.5,1.625,1.5325982570648191,-0.565895152322901,0.0,0.0,0.0
1988-04-04,1.5,1.5,1.5,1.5,1.4147058725357056,-0.5730699633190239,-7.692321453822936,-0.1178923845291135,-0.11789238452911355
1988-04-05,1.5,1.5,1.5,1.5,1.4147058725357056,-0.5890139877548526,0.0,0.0,0.0
1988-04-06,1.375,1.375,1.375,1.375,1.2968138456344604,-0.5874195853112697,-8.333324204693982,-0.1178920269012451,-0.11789202690124512
1988-04-07,1.25,1.25,1.25,1.25,1.1789215803146362,-0.5563287376614039,-9.090916612025058,-0.1178922653198242,-0.11789226531982422
1988-04-08,1.25,1.375,1.25,1.375,1.2968138456344604,-0.5746643657626068,10.000009100551075,0.1178922653198242,0.11789226531982422
1988-04-11,1.5,1.5,1.5,1.5,1.4147058725357056,-0.5156714753500409,9.090898227074916,0.1178920269012451,0.11789202690124512
1988-04-12,1.5,1.5,1.5,1.5,1.4147058725357056,-0.595391597529184,0.0,0.0,0.0
1988-04-13,1.5,1.5,1.5,1.5,1.4147058725357056,-0.595391597529184,0.0,0.0,0.0
1988-04-14,1.375,1.375,1.375,1.375,1.2968138456344604,-0.5914055914202269,-8.333324204693982,-0.1178920269012451,-0.11789202690124512
1988-04-15,1.5,1.5,1.5,1.5,1.4147058725357056,-0.5698811584318582,9.090898227074916,0.1178920269012451,0.11789202690124512
1988-04-18,1.5,1.5,1.5,1.5,1.4147058725357056,-0.5156714753500409,0.0,0.0,0.0
1988-04-19,1.5,1.5,1.375,1.5,1.4147058725357056,-0.5674895547664839,0.0,0.0,0.0
1988-04-20,1.5,1.5,1.5,1.5,1.4147058725357056,-0.595391597529184,0.0,0.0,0.0
1988-04-21,1.5,1.5,1.375,1.5,1.4147058725357056,-0.5929999938638097,0.0,0.0,0.0
1988-04-22,1.5,1.5,1.5,1.5,1.4147058725357056,-0.5794475730933554,0.0,0.0,0.0
1988-04-25,1.5,1.5,1.5,1.5,1.4147058725357056,-0.5698811584318582,0.0,0.0,0.0
1988-04-26,1.5,1.5,1.5,1.5,1.4147058725357056,-0.5619091462139439,0.0,0.0,0.0
1988-04-27,1.5,1.5,1.5,1.5,1.4147058725357056,-0.5794475730933554,0.0,0.0,0.0
1988-04-28,1.5,1.5,1.375,1.5,1.4147058725357056,-0.5643007498793182,0.0,0.0,0.0
1988-04-29,1.5,1.625,1.5,1.5,1.4147058725357056,-0.543573518112741,0.0,0.0,0.0
1988-05-02,1.5,1.5,1.5,1.5,1.4147058725357056,-0.5914055914202269,0.0,0.0,0.0
1988-05-03,1.5,1.5,1.5,1.5,1.4147058725357056,-0.595391597529184,0.0,0.0,0.0
1988-05-04,1.5,1.875,1.5,1.875,1.7683824300765991,-0.5666923535446925,25.00000631982724,0.3536765575408935,0.35367655754089355
1988-05-05,1.75,1.75,1.625,1.75,1.6504902839660645,-0.4925526399180894,-6.666665767846835,-0.1178921461105346,-0.11789214611053467
1988-05-06,1.625,1.625,1.625,1.625,1.5325982570648191,-0.5937971950856011,-7.14284888838942,-0.1178920269012453,-0.11789202690124534
1988-05-09,1.75,1.75,1.75,1.75,1.6504902839660645,-0.5635035486575267,7.692298119079699,0.1178920269012453,0.11789202690124534
1988-05-10,1.75,1.75,1.75,1.75,1.6504902839660645,-0.595391597529184,0.0,0.0,0.0
1988-05-11,1.625,1.625,1.5,1.5,1.4147058725357056,-0.5818391767587296,-14.285719444756628,-0.2357844114303589,-0.2357844114303589
1988-05-12,1.5,1.5,1.5,1.5,1.4147058725357056,-0.595391597529184,0.0,0.0,0.0
1988-05-13,1.625,1.625,1.625,1.625,1.5325982570648191,-0.5698811584318582,8.33334948400295,0.1178923845291135,0.11789238452911355
1988-05-16,1.625,1.625,1.625,1.625,1.5325982570648191,-0.595391597529184,0.0,0.0,0.0
1988-05-17,1.5,1.5,1.5,1.5,1.4147058725357056,-0.5834335792023125,-7.692321453822936,-0.1178923845291135,-0.11789238452911355
1988-05-18,1.5,1.625,1.5,1.625,1.5325982570648191,-0.5475595242216982,8.33334948400295,0.1178923845291135,0.11789238452911355
1988-05-19,1.5,1.5,1.5,1.5,1.4147058725357056,-0.5794475730933554,-7.692321453822936,-0.1178923845291135,-0.11789238452911355
1988-05-20,1.5,1.625,1.5,1.625,1.5325982570648191,-0.543573518112741,8.33334948400295,0.1178923845291135,0.11789238452911355
1988-05-23,1.625,1.625,1.5,1.625,1.5325982570648191,-0.5427763168909495,0.0,0.0,0.0
1988-05-24,1.5,1.5,1.5,1.5,1.4147058725357056,-0.5922027926420182,-7.692321453822936,-0.1178923845291135,-0.11789238452911355
1988-05-25,1.5,1.625,1.5,1.5,1.4147058725357056,-0.5499511278870725,0.0,0.0,0.0
1988-05-26,1.5,1.5,1.5,1.5,1.4147058725357056,-0.5882167865330611,0.0,0.0,0.0
1988-05-27,1.5,1.625,1.5,1.625,1.5325982570648191,-0.5778531706497725,8.33334948400295,0.1178923845291135,0.11789238452911355
1988-05-31,1.625,1.625,1.625,1.625,1.5325982570648191,-0.595391597529184,0.0,0.0,0.0
1988-06-01,1.625,1.625,1.5,1.5,1.4147058725357056,-0.5690839572100668,-7.692321453822936,-0.1178923845291135,-0.11789238452911355
1988-06-02,1.5,1.5,1.5,1.5,1.4147058725357056,-0.5802447743151468,0.0,0.0,0.0
1988-06-03,1.5,1.5,1.5,1.5,1.4147058725357056,-0.5419791156691581,0.0,0.0,0.0
1988-06-06,1.5,1.5,1.5,1.5,1.4147058725357056,-0.5579231401049868,0.0,0.0,0.0
1988-06-07,1.5,1.5,1.5,1.5,1.4147058725357056,-0.595391597529184,0.0,0.0,0.0
1988-06-08,1.5,1.5,1.5,1.5,1.4147058725357056,-0.595391597529184,0.0,0.0,0.0
1988-06-09,1.5,1.5,1.5,1.5,1.4147058725357056,-0.5300210973422866,0.0,0.0,0.0
1988-06-10,1.5,1.5,1.5,1.5,1.4147058725357056,-0.5890139877548526,0.0,0.0,0.0
1988-06-13,1.5,1.625,1.5,1.625,1.5325982570648191,-0.5690839572100668,8.33334948400295,0.1178923845291135,0.11789238452911355
1988-06-14,1.625,1.625,1.625,1.625,1.5325982570648191,-0.5937971950856011,0.0,0.0,0.0
1988-06-15,1.625,1.75,1.625,1.625,1.5325982570648191,-0.565895152322901,0.0,0.0,0.0
1988-06-16,1.625,1.625,1.625,1.625,1.5325982570648191,-0.5818391767587296,0.0,0.0,0.0
1988-06-17,1.625,1.625,1.625,1.625,1.5325982570648191,-0.595391597529184,0.0,0.0,0.0
1988-06-20,1.75,2.0,1.75,2.0,1.886274695396424,-0.4088465116299892,23.076917691982345,0.3536764383316044,0.3536764383316049
1988-06-21,2.0,2.125,1.875,2.0,1.886274695396424,-0.4654477983771807,0.0,0.0,0.0
1988-06-22,2.0,2.125,1.875,1.875,1.7683824300765991,-0.4495037739413521,-6.250005134859105,-0.1178922653198244,-0.11789226531982488
1988-06-23,1.875,1.875,1.875,1.875,1.7683824300765991,-0.5858251828676868,0.0,0.0,0.0
1988-06-24,1.875,2.0,1.875,1.875,1.7683824300765991,-0.5914055914202269,0.0,0.0,0.0
1988-06-27,1.875,2.0,1.875,1.875,1.7683824300765991,-0.549153926665281,0.0,0.0,0.0
1988-06-28,1.875,1.875,1.875,1.875,1.7683824300765991,-0.5666923535446925,0.0,0.0,0.0
1988-06-29,1.875,1.875,1.875,1.875,1.7683824300765991,-0.5922027926420182,0.0,0.0,0.0
1988-06-30,1.875,1.875,1.875,1.875,1.7683824300765991,-0.5937971950856011,0.0,0.0,0.0
1988-07-01,1.75,1.75,1.75,1.75,1.6504902839660645,-0.5818391767587296,-6.666665767846835,-0.1178921461105346,-0.11789214611053467
1988-07-05,1.75,1.875,1.75,1.875,1.7683824300765991,-0.5666923535446925,7.142856111048679,0.1178921461105346,0.11789214611053467
1988-07-06,1.75,1.75,1.625,1.75,1.6504902839660645,-0.5579231401049868,-6.666665767846835,-0.1178921461105346,-0.11789214611053467
1988-07-07,1.75,1.75,1.75,1.75,1.6504902839660645,-0.595391597529184,0.0,0.0,0.0
1988-07-08,1.75,1.75,1.75,1.75,1.6504902839660645,-0.595391597529184,0.0,0.0,0.0
1988-07-11,1.75,1.75,1.75,1.75,1.6504902839660645,-0.595391597529184,0.0,0.0,0.0
1988-07-12,1.625,1.625,1.625,1.625,1.5325982570648191,-0.5778531706497725,-7.14284888838942,-0.1178920269012453,-0.11789202690124534
1988-07-13,1.625,1.75,1.625,1.625,1.5325982570648191,-0.5076994631321265,0.0,0.0,0.0
1988-07-14,1.625,1.625,1.625,1.625,1.5325982570648191,-0.595391597529184,0.0,0.0,0.0
1988-07-15,1.625,1.625,1.625,1.625,1.5325982570648191,-0.5754615669843982,0.0,0.0,0.0
1988-07-18,1.625,1.625,1.625,1.625,1.5325982570648191,-0.595391597529184,0.0,0.0,0.0
1988-07-19,1.625,1.625,1.625,1.625,1.5325982570648191,-0.595391597529184,0.0,0.0,0.0
1988-07-20,1.625,1.625,1.625,1.625,1.5325982570648191,-0.595391597529184,0.0,0.0,0.0
1988-07-21,1.75,1.75,1.75,1.75,1.6504902839660645,-0.5945943963073925,7.692298119079699,0.1178920269012453,0.11789202690124534
1988-07-22,1.625,1.625,1.625,1.625,1.5325982570648191,-0.5906083901984354,-7.14284888838942,-0.1178920269012453,-0.11789202690124534
1988-07-25,1.625,1.625,1.625,1.625,1.5325982570648191,-0.595391597529184,0.0,0.0,0.0
1988-07-26,1.625,1.625,1.625,1.625,1.5325982570648191,-0.5937971950856011,0.0,0.0,0.0
1988-07-27,1.625,1.625,1.625,1.625,1.5325982570648191,-0.5858251828676868,0.0,0.0,0.0
1988-07-28,1.5,1.5,1.5,1.5,1.4147058725357056,-0.5922027926420182,-7.692321453822936,-0.1178923845291135,-0.11789238452911355
1988-07-29,1.5,1.5,1.5,1.5,1.4147058725357056,-0.5937971950856011,0.0,0.0,0.0
1988-08-01,1.375,1.375,1.25,1.375,1.2968138456344604,-0.554734335217821,-8.333324204693982,-0.1178920269012451,-0.11789202690124512
1988-08-02,1.375,1.5,1.375,1.5,1.4147058725357056,-0.5627063474357353,9.090898227074916,0.1178920269012451,0.11789202690124512
1988-08-03,1.375,1.375,1.375,1.375,1.2968138456344604,-0.5794475730933554,-8.333324204693982,-0.1178920269012451,-0.11789202690124512
1988-08-04,1.375,1.375,1.375,1.375,1.2968138456344604,-0.5794475730933554,0.0,0.0,0.0
1988-08-05,1.375,1.375,1.375,1.375,1.2968138456344604,-0.5929999938638097,0.0,0.0,0.0
1988-08-08,1.375,1.375,1.375,1.375,1.2968138456344604,-0.5818391767587296,0.0,0.0,0.0
1988-08-09,1.375,1.375,1.375,1.375,1.2968138456344604,-0.5467623229999067,0.0,0.0,0.0
1988-08-10,1.375,1.375,1.375,1.375,1.2968138456344604,-0.5674895547664839,0.0,0.0,0.0
1988-08-11,1.375,1.5,1.375,1.5,1.4147058725357056,-0.4877694325873408,9.090898227074916,0.1178920269012451,0.11789202690124512
1988-08-12,1.5,1.625,1.5,1.5,1.4147058725357056,-0.5228462863461638,0.0,0.0,0.0
1988-08-15,1.5,1.5,1.5,1.5,1.4147058725357056,-0.5818391767587296,0.0,0.0,0.0
1988-08-16,1.625,1.625,1.625,1.625,1.5325982570648191,-0.5874195853112697,8.33334948400295,0.1178923845291135,0.11789238452911355
1988-08-17,1.5,1.5,1.5,1.5,1.4147058725357056,-0.5427763168909495,-7.692321453822936,-0.1178923845291135,-0.11789238452911355
1988-08-18,1.5,1.5,1.5,1.5,1.4147058725357056,-0.595391597529184,0.0,0.0,0.0
1988-08-19,1.5,1.5,1.5,1.5,1.4147058725357056,-0.5499511278870725,0.0,0.0,0.0
1988-08-22,1.5,1.5,1.5,1.5,1.4147058725357056,-0.595391597529184,0.0,0.0,0.0
1988-08-23,1.5,1.5,1.5,1.5,1.4147058725357056,-0.5929999938638097,0.0,0.0,0.0
1988-08-24,1.5,1.5,1.5,1.5,1.4147058725357056,-0.5874195853112697,0.0,0.0,0.0
1988-08-25,1.5,1.5,1.375,1.375,1.2968138456344604,-0.571475560875441,-8.333324204693982,-0.1178920269012451,-0.11789202690124512
1988-08-26,1.375,1.375,1.375,1.375,1.2968138456344604,-0.5571259388831953,0.0,0.0,0.0
1988-08-29,1.375,1.375,1.375,1.375,1.2968138456344604,-0.5260350912333295,0.0,0.0,0.0
1988-08-30,1.375,1.375,1.375,1.375,1.2968138456344604,-0.5858251828676868,0.0,0.0,0.0
1988-08-31,1.375,1.375,1.375,1.375,1.2968138456344604,-0.5603147437703611,0.0,0.0,0.0
1988-09-01,1.375,1.375,1.375,1.375,1.2968138456344604,-0.5802447743151468,0.0,0.0,0.0
1988-09-02,1.375,1.375,1.25,1.25,1.1789215803146362,-0.3929024871941605,-9.090916612025058,-0.1178922653198242,-0.11789226531982422
1988-09-06,1.25,1.25,1.25,1.25,1.1789215803146362,-0.5842307804241039,0.0,0.0,0.0
1988-09-07,1.25,1.25,1.25,1.25,1.1789215803146362,-0.5531399327742381,0.0,0.0,0.0
1988-09-08,1.25,1.25,1.25,1.25,1.1789215803146362,-0.5874195853112697,0.0,0.0,0.0
1988-09-09,1.25,1.375,1.25,1.25,1.1789215803146362,-0.5738671645408153,0.0,0.0,0.0
1988-09-12,1.25,1.25,1.25,1.25,1.1789215803146362,-0.595391597529184,0.0,0.0,0.0
1988-09-13,1.25,1.375,1.25,1.375,1.2968138456344604,-0.5284266948987038,10.000009100551075,0.1178922653198242,0.11789226531982422
1988-09-14,1.375,1.375,1.375,1.375,1.2968138456344604,-0.5850279816458954,0.0,0.0,0.0
1988-09-15,1.375,1.375,1.375,1.375,1.2968138456344604,-0.595391597529184,0.0,0.0,0.0
1988-09-16,1.375,1.375,1.25,1.25,1.1789215803146362,-0.5738671645408153,-9.090916612025058,-0.1178922653198242,-0.11789226531982422
1988-09-19,1.25,1.25,1.25,1.25,1.1789215803146362,-0.5794475730933554,0.0,0.0,0.0
1988-09-20,1.25,1.25,1.25,1.25,1.1789215803146362,-0.5260350912333295,0.0,0.0,0.0
1988-09-21,1.25,1.25,1.25,1.25,1.1789215803146362,-0.5810419755369383,0.0,0.0,0.0
1988-09-22,1.375,1.375,1.375,1.375,1.2968138456344604,-0.5403847132255752,10.000009100551075,0.1178922653198242,0.11789226531982422
1988-09-23,1.375,1.375,1.375,1.375,1.2968138456344604,-0.5937971950856011,0.0,0.0,0.0
1988-09-26,1.375,1.375,1.375,1.375,1.2968138456344604,-0.5754615669843982,0.0,0.0,0.0
1988-09-27,1.375,1.375,1.375,1.375,1.2968138456344604,-0.5945943963073925,0.0,0.0,0.0
1988-09-28,1.375,1.375,1.375,1.375,1.2968138456344604,-0.595391597529184,0.0,0.0,0.0
1988-09-29,1.5,1.5,1.5,1.5,1.4147058725357056,-0.5945943963073925,9.090898227074916,0.1178920269012451,0.11789202690124512
1988-09-30,1.5,1.5,1.5,1.5,1.4147058725357056,-0.5515455303306553,0.0,0.0,0.0
1988-10-03,1.5,1.5,1.5,1.5,1.4147058725357056,-0.5300210973422866,0.0,0.0,0.0
1988-10-04,1.5,1.5,1.5,1.5,1.4147058725357056,-0.595391597529184,0.0,0.0,0.0
1988-10-05,1.5,1.5,1.5,1.5,1.4147058725357056,-0.595391597529184,0.0,0.0,0.0
1988-10-06,1.5,1.625,1.5,1.5,1.4147058725357056,-0.5770559694279811,0.0,0.0,0.0
1988-10-07,1.5,1.625,1.5,1.625,1.5325982570648191,-0.578650371871564,8.33334948400295,0.1178923845291135,0.11789238452911355
1988-10-10,1.625,1.625,1.625,1.625,1.5325982570648191,-0.595391597529184,0.0,0.0,0.0
1988-10-11,1.625,1.625,1.5,1.625,1.5325982570648191,-0.5356015058948267,0.0,0.0,0.0
1988-10-12,1.5,1.5,1.375,1.375,1.2968138456344604,-0.5866223840894782,-15.384619572902626,-0.2357844114303586,-0.23578441143035866
1988-10-13,1.375,1.375,1.375,1.375,1.2968138456344604,-0.5858251828676868,0.0,0.0,0.0
1988-10-14,1.375,1.375,1.375,1.375,1.2968138456344604,-0.5826363779805211,0.0,0.0,0.0
1988-10-17,1.375,1.375,1.375,1.375,1.2968138456344604,-0.595391597529184,0.0,0.0,0.0
1988-10-18,1.375,1.375,1.375,1.375,1.2968138456344604,-0.5906083901984354,0.0,0.0,0.0
1988-10-19,1.375,1.375,1.375,1.375,1.2968138456344604,-0.5826363779805211,0.0,0.0,0.0
1988-10-20,1.375,1.375,1.25,1.375,1.2968138456344604,-0.5212518839025809,0.0,0.0,0.0
1988-10-21,1.375,1.375,1.375,1.375,1.2968138456344604,-0.5539371339960296,0.0,0.0,0.0
1988-10-24,1.375,1.375,1.25,1.25,1.1789215803146362,-0.5611119449921524,-9.090916612025058,-0.1178922653198242,-0.11789226531982422
1988-10-25,1.25,1.375,1.25,1.25,1.1789215803146362,-0.5475595242216982,0.0,0.0,0.0
1988-10-26,1.25,1.375,1.25,1.25,1.1789215803146362,-0.549153926665281,0.0,0.0,0.0
1988-10-27,1.25,1.25,1.25,1.25,1.1789215803146362,-0.595391597529184,0.0,0.0,0.0
1988-10-28,1.375,1.375,1.375,1.375,1.2968138456344604,-0.5475595242216982,10.000009100551075,0.1178922653198242,0.11789226531982422
1988-10-31,1.375,1.5,1.375,1.5,1.4147058725357056,-0.5818391767587296,9.090898227074916,0.1178920269012451,0.11789202690124512
1988-11-01,1.5,1.5,1.375,1.375,1.2968138456344604,-0.537993109560201,-8.333324204693982,-0.1178920269012451,-0.11789202690124512
1988-11-02,1.375,1.375,1.375,1.375,1.2968138456344604,-0.5850279816458954,0.0,0.0,0.0
1988-11-03,1.375,1.375,1.375,1.375,1.2968138456344604,-0.571475560875441,0.0,0.0,0.0
1988-11-04,1.375,1.375,1.375,1.375,1.2968138456344604,-0.595391597529184,0.0,0.0,0.0
1988-11-07,1.375,1.375,1.375,1.375,1.2968138456344604,-0.5929999938638097,0.0,0.0,0.0
1988-11-08,1.5,1.5,1.5,1.5,1.4147058725357056,-0.571475560875441,9.090898227074916,0.1178920269012451,0.11789202690124512
1988-11-09,1.5,1.5,1.5,1.5,1.4147058725357056,-0.543573518112741,0.0,0.0,0.0
1988-11-10,1.5,1.5,1.5,1.5,1.4147058725357056,-0.5770559694279811,0.0,0.0,0.0
1988-11-11,1.5,1.625,1.375,1.375,1.2968138456344604,-0.5627063474357353,-8.333324204693982,-0.1178920269012451,-0.11789202690124512
1988-11-14,1.375,1.375,1.25,1.25,1.1789215803146362,0.6881023695550196,-9.090916612025058,-0.1178922653198242,-0.11789226531982422
1988-11-15,1.25,1.25,1.125,1.25,1.1789215803146362,-0.5308182985640781,0.0,0.0,0.0
1988-11-16,1.125,1.125,1.125,1.125,1.0610294342041016,-0.5770559694279811,-9.999998988827665,-0.1178921461105346,-0.11789214611053467
1988-11-17,1.25,1.25,1.25,1.25,1.1789215803146362,-0.5635035486575267,11.111109862750212,0.1178921461105346,0.11789214611053467
1988-11-18,1.25,1.25,1.125,1.25,1.1789215803146362,-0.5690839572100668,0.0,0.0,0.0
1988-11-21,1.25,1.25,1.25,1.25,1.1789215803146362,-0.5850279816458954,0.0,0.0,0.0
1988-11-22,1.25,1.25,1.125,1.25,1.1789215803146362,-0.5507483291088638,0.0,0.0,0.0
1988-11-23,1.375,1.375,1.375,1.375,1.2968138456344604,-0.5419791156691581,10.000009100551075,0.1178922653198242,0.11789226531982422
1988-11-25,1.25,1.25,1.25,1.25,1.1789215803146362,-0.5866223840894782,-9.090916612025058,-0.1178922653198242,-0.11789226531982422
1988-11-28,1.25,1.375,1.25,1.25,1.1789215803146362,-0.5698811584318582,0.0,0.0,0.0
1988-11-29,1.25,1.375,1.25,1.375,1.2968138456344604,-0.5706783596536497,10.000009100551075,0.1178922653198242,0.11789226531982422
1988-11-30,1.375,1.375,1.375,1.375,1.2968138456344604,-0.589811188976644,0.0,0.0,0.0
1988-12-01,1.375,1.375,1.375,1.375,1.2968138456344604,-0.5826363779805211,0.0,0.0,0.0
1988-12-02,1.25,1.25,1.25,1.25,1.1789215803146362,-0.5937971950856011,-9.090916612025058,-0.1178922653198242,-0.11789226531982422
1988-12-05,1.375,1.375,1.375,1.375,1.2968138456344604,-0.5778531706497725,10.000009100551075,0.1178922653198242,0.11789226531982422
1988-12-06,1.375,1.375,1.25,1.25,1.1789215803146362,-0.5850279816458954,-9.090916612025058,-0.1178922653198242,-0.11789226531982422
1988-12-07,1.375,1.375,1.375,1.375,1.2968138456344604,-0.5746643657626068,10.000009100551075,0.1178922653198242,0.11789226531982422
1988-12-08,1.375,1.5,1.375,1.375,1.2968138456344604,-0.5682867559882754,0.0,0.0,0.0
1988-12-09,1.375,1.375,1.375,1.375,1.2968138456344604,-0.5682867559882754,0.0,0.0,0.0
1988-12-12,1.375,1.375,1.375,1.375,1.2968138456344604,-0.5810419755369383,0.0,0.0,0.0
1988-12-13,1.375,1.375,1.375,1.375,1.2968138456344604,-0.549153926665281,0.0,0.0,0.0
1988-12-14,1.375,1.375,1.375,1.375,1.2968138456344604,-0.5802447743151468,0.0,0.0,0.0
1988-12-15,1.375,1.375,1.375,1.375,1.2968138456344604,-0.5387903107819924,0.0,0.0,0.0
1988-12-16,1.375,1.5,1.375,1.5,1.4147058725357056,-0.5794475730933554,9.090898227074916,0.1178920269012451,0.11789202690124512
1988-12-19,1.375,1.375,1.375,1.375,1.2968138456344604,-0.5666923535446925,-8.333324204693982,-0.1178920269012451,-0.11789202690124512
1988-12-20,1.375,1.375,1.375,1.375,1.2968138456344604,-0.5922027926420182,0.0,0.0,0.0
1988-12-21,1.375,1.375,1.375,1.375,1.2968138456344604,-0.5515455303306553,0.0,0.0,0.0
1988-12-22,1.375,1.375,1.375,1.375,1.2968138456344604,-0.5650979511011096,0.0,0.0,0.0
1988-12-23,1.375,1.625,1.375,1.5,1.4147058725357056,-0.3498536212174233,9.090898227074916,0.1178920269012451,0.11789202690124512
1988-12-27,1.5,1.5,1.5,1.5,1.4147058725357056,-0.5611119449921524,0.0,0.0,0.0
1988-12-28,1.5,1.5,1.375,1.375,1.2968138456344604,-0.554734335217821,-8.333324204693982,-0.1178920269012451,-0.11789202690124512
1988-12-29,1.375,1.375,1.375,1.375,1.2968138456344604,-0.5467623229999067,0.0,0.0,0.0
1988-12-30,1.375,1.375,1.25,1.375,1.2968138456344604,-0.526832292455121,0.0,0.0,0.0
1989-01-03,1.5,1.5,1.5,1.5,1.4147058725357056,-0.5842307804241039,9.090898227074916,0.1178920269012451,0.11789202690124512
1989-01-04,1.5,1.5,1.5,1.5,1.4147058725357056,-0.5945943963073925,0.0,0.0,0.0
1989-01-05,1.625,1.625,1.625,1.625,1.5325982570648191,-0.5363987071166181,8.33334948400295,0.1178923845291135,0.11789238452911355
1989-01-06,1.75,1.875,1.75,1.875,1.7683824300765991,-0.4909582374745065,15.384604016407131,0.23578417301178,0.23578417301178
1989-01-09,1.875,1.875,1.875,1.875,1.7683824300765991,-0.5619091462139439,0.0,0.0,0.0
1989-01-10,1.875,1.875,1.75,1.875,1.7683824300765991,-0.5316154997858695,0.0,0.0,0.0
1989-01-11,1.875,1.875,1.75,1.875,1.7683824300765991,-0.4216017311786521,0.0,0.0,0.0
1989-01-12,1.875,2.25,1.875,2.125,2.004166841506958,-0.3594200358789204,13.3333382768424,0.2357844114303589,0.2357844114303589
1989-01-13,2.25,2.625,2.25,2.5,2.3578431606292725,-0.0987352363531225,17.647049726477903,0.3536763191223144,0.35367631912231445
1989-01-16,2.5,2.5,2.125,2.25,2.122058868408203,-0.1083016510146197,-9.999998988827665,-0.2357842922210693,-0.23578429222106934
1989-01-17,2.25,2.25,2.125,2.25,2.122058868408203,-0.543573518112741,0.0,0.0,0.0
1989-01-18,2.125,2.125,2.0,2.125,2.004166841506958,-0.5571259388831953,-5.55554931375104,-0.1178920269012451,-0.11789202690124512
1989-01-19,2.25,2.375,2.25,2.375,2.239951133728028,-0.5228462863461638,11.76470378303338,0.2357842922210697,0.23578429222106978
1989-01-20,2.375,2.375,2.25,2.25,2.122058868408203,-0.5100910667975009,-5.263162376386865,-0.1178922653198246,-0.11789226531982466
1989-01-23,2.25,2.5,2.25,2.5,2.3578431606292725,-0.4678394020425551,11.111109862750212,0.2357842922210693,0.23578429222106934
1989-01-24,2.5,2.5,2.375,2.5,2.3578431606292725,-0.3004271454663546,0.0,0.0,0.0
1989-01-25,2.625,2.75,2.625,2.75,2.593627691268921,-0.3442732126648833,10.000009100551075,0.2357845306396484,0.23578453063964844
1989-01-26,2.75,2.875,2.625,2.75,2.593627691268921,-0.2047629988513828,0.0,0.0,0.0
1989-01-27,2.75,2.75,2.625,2.625,2.475735902786255,-0.4263849385094007,-4.5454399210623775,-0.117891788482666,-0.11789178848266602
1989-01-30,2.625,2.75,2.625,2.75,2.593627691268921,-0.508496664353918,4.761888711553919,0.117891788482666,0.11789178848266602
1989-01-31,2.75,2.75,2.625,2.625,2.475735902786255,-0.4654477983771807,-4.5454399210623775,-0.117891788482666,-0.11789178848266602
1989-02-01,2.625,2.75,2.625,2.75,2.593627691268921,-0.2510006697152859,4.761888711553919,0.117891788482666,0.11789178848266602
1989-02-02,2.75,2.875,2.75,2.75,2.593627691268921,-0.5252378900115381,0.0,0.0,0.0
1989-02-03,2.75,2.875,2.75,2.75,2.593627691268921,-0.5666923535446925,0.0,0.0,0.0
1989-02-06,2.75,2.75,2.625,2.625,2.475735902786255,-0.5451679205563238,-4.5454399210623775,-0.117891788482666,-0.11789178848266602
1989-02-07,2.625,2.625,2.5,2.5,2.3578431606292725,-0.5523427315524467,-4.761927232395946,-0.1178927421569824,-0.11789274215698242
1989-02-08,2.625,2.75,2.625,2.75,2.593627691268921,-0.5395875120037839,10.000009100551075,0.2357845306396484,0.23578453063964844
1989-02-09,2.625,2.625,2.5,2.625,2.475735902786255,-0.5722727620972325,-4.5454399210623775,-0.117891788482666,-0.11789178848266602
1989-02-10,2.625,2.625,2.625,2.625,2.475735902786255,-0.5778531706497725,0.0,0.0,0.0
1989-02-13,2.625,2.625,2.625,2.625,2.475735902786255,-0.589811188976644,0.0,0.0,0.0
1989-02-14,2.625,2.75,2.5,2.75,2.593627691268921,-0.4231961336222349,4.761888711553919,0.117891788482666,0.11789178848266602
1989-02-15,2.75,2.75,2.75,2.75,2.593627691268921,-0.543573518112741,0.0,0.0,0.0
1989-02-16,2.75,2.875,2.75,2.875,2.711519956588745,-0.4957414448052551,4.54545830601254,0.1178922653198242,0.11789226531982422
1989-02-17,3.0,3.25,3.0,3.0,2.829411745071411,-0.3044131515753117,4.347811942014279,0.117891788482666,0.11789178848266602
1989-02-21,3.0,3.125,3.0,3.0,2.829411745071411,-0.2246930293961686,0.0,0.0,0.0
1989-02-22,3.125,3.125,3.125,3.125,2.9473042488098145,-0.5483567254434896,4.166678955219649,0.1178925037384033,0.11789250373840332
1989-02-23,3.125,3.125,3.0,3.125,2.9473042488098145,-0.5587203413267782,0.0,0.0,0.0
1989-02-24,3.0,3.0,2.875,2.875,2.711519956588745,-0.5443707193345324,-7.999998382124418,-0.2357842922210693,-0.23578429222106934
1989-02-27,2.875,2.875,2.75,2.75,2.593627691268921,-0.5411819144473667,-4.347829527618153,-0.1178922653198242,-0.11789226531982422
1989-02-28,2.75,2.875,2.75,2.875,2.711519956588745,-0.5427763168909495,4.54545830601254,0.1178922653198242,0.11789226531982422
1989-03-01,2.75,2.75,2.75,2.75,2.593627691268921,-0.5698811584318582,-4.347829527618153,-0.1178922653198242,-0.11789226531982422
1989-03-02,2.75,2.75,2.75,2.75,2.593627691268921,-0.5858251828676868,0.0,0.0,0.0
1989-03-03,2.75,2.75,2.75,2.75,2.593627691268921,-0.5945943963073925,0.0,0.0,0.0
1989-03-06,2.75,2.875,2.75,2.75,2.593627691268921,-0.5850279816458954,0.0,0.0,0.0
1989-03-07,2.75,2.875,2.75,2.875,2.711519956588745,-0.5826363779805211,4.54545830601254,0.1178922653198242,0.11789226531982422
1989-03-08,2.875,3.125,2.75,3.125,2.9473042488098145,-0.3378956028905518,8.695650262434373,0.2357842922210693,0.23578429222106934
1989-03-09,3.125,3.125,3.0,3.0,2.829411745071411,-0.5220490851243723,-4.0000113251290825,-0.1178925037384033,-0.11789250373840332
1989-03-10,3.0,3.125,2.875,2.875,2.711519956588745,-0.5674895547664839,-4.166653675910659,-0.117891788482666,-0.11789178848266602
1989-03-13,2.875,2.875,2.75,2.75,2.593627691268921,-0.543573518112741,-4.347829527618153,-0.1178922653198242,-0.11789226531982422
1989-03-14,2.75,2.875,2.75,2.875,2.711519956588745,-0.5850279816458954,4.54545830601254,0.1178922653198242,0.11789226531982422
1989-03-15,2.875,2.875,2.75,2.875,2.711519956588745,-0.5627063474357353,0.0,0.0,0.0
1989-03-16,2.75,2.75,2.75,2.75,2.593627691268921,-0.5802447743151468,-4.347829527618153,-0.1178922653198242,-0.11789226531982422
1989-03-17,2.75,2.75,2.625,2.625,2.475735902786255,-0.5555315364396124,-4.5454399210623775,-0.117891788482666,-0.11789178848266602
1989-03-20,2.625,2.75,2.625,2.75,2.593627691268921,-0.5778531706497725,4.761888711553919,0.117891788482666,0.11789178848266602
1989-03-21,2.625,2.625,2.625,2.625,2.475735902786255,-0.5945943963073925,-4.5454399210623775,-0.117891788482666,-0.11789178848266602
1989-03-22,2.625,2.75,2.625,2.75,2.593627691268921,-0.5419791156691581,4.761888711553919,0.117891788482666,0.11789178848266602
1989-03-23,2.75,2.75,2.625,2.75,2.593627691268921,-0.5475595242216982,0.0,0.0,0.0
1989-03-27,2.75,2.875,2.625,2.875,2.711519956588745,-0.4981330484706294,4.54545830601254,0.1178922653198242,0.11789226531982422
1989-03-28,2.875,2.875,2.75,2.875,2.711519956588745,-0.5316154997858695,0.0,0.0,0.0
1989-03-29,2.75,2.75,2.625,2.75,2.593627691268921,-0.4805946215912179,-4.347829527618153,-0.1178922653198242,-0.11789226531982422
1989-03-30,2.75,2.75,2.75,2.75,2.593627691268921,-0.5627063474357353,0.0,0.0,0.0
1989-03-31,2.75,2.75,2.75,2.75,2.593627691268921,-0.571475560875441,0.0,0.0,0.0
1989-04-03,2.75,2.75,2.75,2.75,2.593627691268921,-0.5826363779805211,0.0,0.0,0.0
1989-04-04,2.625,2.625,2.625,2.625,2.475735902786255,-0.5914055914202269,-4.5454399210623775,-0.117891788482666,-0.11789178848266602
1989-04-05,2.625,2.75,2.625,2.625,2.475735902786255,-0.5284266948987038,0.0,0.0,0.0
1989-04-06,2.75,2.875,2.75,2.75,2.593627691268921,-0.3944968896377434,4.761888711553919,0.117891788482666,0.11789178848266602
1989-04-07,2.625,2.625,2.625,2.625,2.475735902786255,-0.5555315364396124,-4.5454399210623775,-0.117891788482666,-0.11789178848266602
1989-04-10,2.625,2.75,2.625,2.625,2.475735902786255,-0.5555315364396124,0.0,0.0,0.0
1989-04-11,2.625,2.75,2.625,2.75,2.593627691268921,-0.578650371871564,4.761888711553919,0.117891788482666,0.11789178848266602
1989-04-12,2.75,2.875,2.75,2.75,2.593627691268921,-0.5348043046730352,0.0,0.0,0.0
1989-04-13,2.75,2.875,2.75,2.75,2.593627691268921,-0.4726226093733036,0.0,0.0,0.0
1989-04-14,2.75,2.875,2.75,2.75,2.593627691268921,-0.5746643657626068,0.0,0.0,0.0
1989-04-17,2.75,2.875,2.625,2.625,2.475735902786255,-0.4893638350309237,-4.5454399210623775,-0.117891788482666,-0.11789178848266602
1989-04-18,2.625,2.75,2.5,2.625,2.475735902786255,-0.0269871263918938,0.0,0.0,0.0
1989-04-19,2.625,2.625,2.625,2.625,2.475735902786255,-0.5794475730933554,0.0,0.0,0.0
1989-04-20,2.625,2.625,2.625,2.625,2.475735902786255,-0.5945943963073925,0.0,0.0,0.0
1989-04-21,2.625,2.625,2.625,2.625,2.475735902786255,-0.554734335217821,0.0,0.0,0.0
1989-04-24,2.625,2.75,2.625,2.625,2.475735902786255,-0.5874195853112697,0.0,0.0,0.0
1989-04-25,2.625,2.625,2.625,2.625,2.475735902786255,-0.5627063474357353,0.0,0.0,0.0
1989-04-26,2.625,2.625,2.625,2.625,2.475735902786255,-0.595391597529184,0.0,0.0,0.0
1989-04-27,2.625,2.75,2.625,2.625,2.475735902786255,-0.5188602802372067,0.0,0.0,0.0
1989-04-28,2.625,2.625,2.5,2.625,2.475735902786255,-0.5794475730933554,0.0,0.0,0.0
1989-05-01,2.625,2.625,2.625,2.625,2.475735902786255,-0.3139795662368089,0.0,0.0,0.0
1989-05-02,2.625,2.75,2.625,2.75,2.593627691268921,-0.5228462863461638,4.761888711553919,0.117891788482666,0.11789178848266602
1989-05-03,2.75,2.75,2.625,2.625,2.475735902786255,-0.5937971950856011,-4.5454399210623775,-0.117891788482666,-0.11789178848266602
1989-05-04,2.625,2.75,2.625,2.625,2.475735902786255,-0.5531399327742381,0.0,0.0,0.0
1989-05-05,2.75,2.75,2.75,2.75,2.593627691268921,-0.5316154997858695,4.761888711553919,0.117891788482666,0.11789178848266602
1989-05-08,2.75,2.75,2.75,2.75,2.593627691268921,-0.5563287376614039,0.0,0.0,0.0
1989-05-09,2.75,2.75,2.75,2.75,2.593627691268921,-0.595391597529184,0.0,0.0,0.0
1989-05-10,2.75,2.75,2.75,2.75,2.593627691268921,-0.595391597529184,0.0,0.0,0.0
1989-05-11,2.75,3.0,2.625,2.875,2.711519956588745,0.1539775509547609,4.54545830601254,0.1178922653198242,0.11789226531982422
1989-05-12,2.875,2.875,2.75,2.875,2.711519956588745,-0.5387903107819924,0.0,0.0,0.0
1989-05-15,2.875,2.875,2.75,2.75,2.593627691268921,-0.589811188976644,-4.347829527618153,-0.1178922653198242,-0.11789226531982422
1989-05-16,2.75,2.75,2.75,2.75,2.593627691268921,-0.5794475730933554,0.0,0.0,0.0
1989-05-17,2.75,2.875,2.75,2.875,2.711519956588745,-0.5635035486575267,4.54545830601254,0.1178922653198242,0.11789226531982422
1989-05-18,2.875,2.875,2.75,2.75,2.593627691268921,-0.4925526399180894,-4.347829527618153,-0.1178922653198242,-0.11789226531982422
1989-05-19,2.75,2.875,2.75,2.75,2.593627691268921,-0.5778531706497725,0.0,0.0,0.0
1989-05-22,2.75,2.75,2.625,2.625,2.475735902786255,-0.5810419755369383,-4.5454399210623775,-0.117891788482666,-0.11789178848266602
1989-05-23,2.625,2.625,2.625,2.625,2.475735902786255,-0.5874195853112697,0.0,0.0,0.0
1989-05-24,2.625,2.625,2.625,2.625,2.475735902786255,-0.595391597529184,0.0,0.0,0.0
1989-05-25,2.625,2.75,2.625,2.625,2.475735902786255,-0.5818391767587296,0.0,0.0,0.0
1989-05-26,2.625,2.625,2.625,2.625,2.475735902786255,-0.5937971950856011,0.0,0.0,0.0
1989-05-30,2.625,2.75,2.625,2.625,2.475735902786255,-0.5762587682061896,0.0,0.0,0.0
1989-05-31,2.625,2.75,2.625,2.75,2.593627691268921,-0.5834335792023125,4.761888711553919,0.117891788482666,0.11789178848266602
1989-06-01,2.75,2.75,2.625,2.625,2.475735902786255,-0.5770559694279811,-4.5454399210623775,-0.117891788482666,-0.11789178848266602
1989-06-02,2.625,2.625,2.625,2.625,2.475735902786255,-0.5850279816458954,0.0,0.0,0.0
1989-06-05,2.625,2.625,2.625,2.625,2.475735902786255,-0.5945943963073925,0.0,0.0,0.0
1989-06-06,2.625,2.625,2.5,2.625,2.475735902786255,-0.5340071034512438,0.0,0.0,0.0
1989-06-07,2.625,2.625,2.5,2.5,2.3578431606292725,-0.5531399327742381,-4.761927232395946,-0.1178927421569824,-0.11789274215698242
1989-06-08,2.5,2.625,2.5,2.625,2.475735902786255,-0.5826363779805211,5.000024773722389,0.1178927421569824,0.11789274215698242
1989-06-09,2.5,2.5,2.5,2.5,2.3578431606292725,-0.5794475730933554,-4.761927232395946,-0.1178927421569824,-0.11789274215698242
1989-06-12,2.5,2.5,2.5,2.5,2.3578431606292725,-0.5475595242216982,0.0,0.0,0.0
1989-06-13,2.5,2.5,2.5,2.5,2.3578431606292725,-0.5236434875679552,0.0,0.0,0.0
1989-06-14,2.5,2.625,2.5,2.625,2.475735902786255,-0.5802447743151468,5.000024773722389,0.1178927421569824,0.11789274215698242
1989-06-15,2.5,2.5,2.5,2.5,2.3578431606292725,-0.5666923535446925,-4.761927232395946,-0.1178927421569824,-0.11789274215698242
1989-06-16,2.5,2.5,2.5,2.5,2.3578431606292725,-0.595391597529184,0.0,0.0,0.0
1989-06-19,2.5,2.5,2.375,2.5,2.3578431606292725,-0.5395875120037839,0.0,0.0,0.0
1989-06-20,2.5,2.5,2.375,2.5,2.3578431606292725,-0.5427763168909495,0.0,0.0,0.0
1989-06-21,2.375,2.375,2.375,2.375,2.239951133728028,-0.578650371871564,-4.999994438552102,-0.1178920269012446,-0.11789202690124467
1989-06-22,2.5,2.5,2.5,2.5,2.3578431606292725,-0.5826363779805211,5.263151732468052,0.1178920269012446,0.11789202690124467
1989-06-23,2.375,2.375,2.25,2.25,2.122058868408203,-0.5818391767587296,-9.999998988827665,-0.2357842922210693,-0.23578429222106934
1989-06-26,2.375,2.5,2.375,2.5,2.3578431606292725,-0.5802447743151468,11.111109862750212,0.2357842922210693,0.23578429222106934
1989-06-27,2.5,2.5,2.5,2.5,2.3578431606292725,-0.589811188976644,0.0,0.0,0.0
1989-06-28,2.5,2.5,2.5,2.5,2.3578431606292725,-0.5937971950856011,0.0,0.0,0.0
1989-06-29,2.5,2.5,2.5,2.5,2.3578431606292725,-0.595391597529184,0.0,0.0,0.0
1989-06-30,2.375,2.375,2.375,2.375,2.239951133728028,-0.5890139877548526,-4.999994438552102,-0.1178920269012446,-0.11789202690124467
1989-07-03,2.375,2.375,2.375,2.375,2.239951133728028,-0.595391597529184,0.0,0.0,0.0
1989-07-05,2.375,2.375,2.375,2.375,2.239951133728028,-0.578650371871564,0.0,0.0,0.0
1989-07-06,2.5,2.5,2.5,2.5,2.3578431606292725,-0.5937971950856011,5.263151732468052,0.1178920269012446,0.11789202690124467
1989-07-07,2.5,2.5,2.5,2.5,2.3578431606292725,-0.595391597529184,0.0,0.0,0.0
1989-07-10,2.5,2.5,2.5,2.5,2.3578431606292725,-0.5914055914202269,0.0,0.0,0.0
1989-07-11,2.5,2.5,2.5,2.5,2.3578431606292725,-0.595391597529184,0.0,0.0,0.0
1989-07-12,2.375,2.375,2.375,2.375,2.239951133728028,-0.5682867559882754,-4.999994438552102,-0.1178920269012446,-0.11789202690124467
1989-07-13,2.375,2.375,2.375,2.375,2.239951133728028,-0.595391597529184,0.0,0.0,0.0
1989-07-14,2.375,2.375,2.375,2.375,2.239951133728028,-0.5666923535446925,0.0,0.0,0.0
1989-07-17,2.375,2.375,2.375,2.375,2.239951133728028,-0.5842307804241039,0.0,0.0,0.0
1989-07-18,2.25,2.25,2.25,2.25,2.122058868408203,-0.5890139877548526,-5.263162376386865,-0.1178922653198246,-0.11789226531982466
1989-07-19,2.25,2.375,2.25,2.375,2.239951133728028,-0.5252378900115381,5.555560548999194,0.1178922653198246,0.11789226531982466
1989-07-20,2.375,2.375,2.375,2.375,2.239951133728028,-0.595391597529184,0.0,0.0,0.0
1989-07-21,2.25,2.25,2.25,2.25,2.122058868408203,-0.5810419755369383,-5.263162376386865,-0.1178922653198246,-0.11789226531982466
1989-07-24,2.25,2.25,2.25,2.25,2.122058868408203,-0.5937971950856011,0.0,0.0,0.0
1989-07-25,2.25,2.375,2.25,2.375,2.239951133728028,-0.5882167865330611,5.555560548999194,0.1178922653198246,0.11789226531982466
1989-07-26,2.375,2.375,2.375,2.375,2.239951133728028,-0.5475595242216982,0.0,0.0,0.0
1989-07-27,2.375,2.375,2.375,2.375,2.239951133728028,-0.537993109560201,0.0,0.0,0.0
1989-07-28,2.375,2.375,2.375,2.375,2.239951133728028,-0.595391597529184,0.0,0.0,0.0
1989-07-31,2.375,2.375,2.375,2.375,2.239951133728028,-0.5778531706497725,0.0,0.0,0.0
1989-08-01,2.375,2.375,2.375,2.375,2.239951133728028,-0.5682867559882754,0.0,0.0,0.0
1989-08-02,2.375,2.375,2.375,2.375,2.239951133728028,-0.5834335792023125,0.0,0.0,0.0
1989-08-03,2.25,2.25,2.25,2.25,2.122058868408203,-0.5929999938638097,-5.263162376386865,-0.1178922653198246,-0.11789226531982466
1989-08-04,2.25,2.25,2.25,2.25,2.122058868408203,-0.5874195853112697,0.0,0.0,0.0
1989-08-07,2.25,2.25,2.25,2.25,2.122058868408203,-0.5890139877548526,0.0,0.0,0.0
1989-08-08,2.25,2.25,2.25,2.25,2.122058868408203,-0.5762587682061896,0.0,0.0,0.0
1989-08-09,2.375,2.375,2.375,2.375,2.239951133728028,-0.5674895547664839,5.555560548999194,0.1178922653198246,0.11789226531982466
1989-08-10,2.25,2.25,2.25,2.25,2.122058868408203,-0.5937971950856011,-5.263162376386865,-0.1178922653198246,-0.11789226531982466
1989-08-11,2.25,2.25,2.25,2.25,2.122058868408203,-0.5674895547664839,0.0,0.0,0.0
1989-08-14,2.25,2.25,2.25,2.25,2.122058868408203,-0.5858251828676868,0.0,0.0,0.0
1989-08-15,2.25,2.375,2.25,2.375,2.239951133728028,-0.5914055914202269,5.555560548999194,0.1178922653198246,0.11789226531982466
1989-08-16,2.375,2.375,2.375,2.375,2.239951133728028,-0.5874195853112697,0.0,0.0,0.0
1989-08-17,2.25,2.25,2.25,2.25,2.122058868408203,-0.5738671645408153,-5.263162376386865,-0.1178922653198246,-0.11789226531982466
1989-08-18,2.25,2.25,2.25,2.25,2.122058868408203,-0.5882167865330611,0.0,0.0,0.0
1989-08-21,2.25,2.25,2.25,2.25,2.122058868408203,-0.595391597529184,0.0,0.0,0.0
1989-08-22,2.25,2.25,2.25,2.25,2.122058868408203,-0.5914055914202269,0.0,0.0,0.0
1989-08-23,2.25,2.25,2.25,2.25,2.122058868408203,-0.5874195853112697,0.0,0.0,0.0
1989-08-24,2.25,2.375,2.25,2.375,2.239951133728028,-0.5802447743151468,5.555560548999194,0.1178922653198246,0.11789226531982466
1989-08-25,2.375,2.375,2.25,2.25,2.122058868408203,-0.5587203413267782,-5.263162376386865,-0.1178922653198246,-0.11789226531982466
1989-08-28,2.25,2.25,2.25,2.25,2.122058868408203,-0.5627063474357353,0.0,0.0,0.0
1989-08-29,2.25,2.25,2.125,2.125,2.004166841506958,-0.5037134570231695,-5.55554931375104,-0.1178920269012451,-0.11789202690124512
1989-08-30,2.125,2.125,2.125,2.125,2.004166841506958,-0.595391597529184,0.0,0.0,0.0
1989-08-31,2.125,2.125,2.125,2.125,2.004166841506958,-0.5945943963073925,0.0,0.0,0.0
1989-09-01,2.25,2.25,2.25,2.25,2.122058868408203,-0.5922027926420182,5.882345943444545,0.1178920269012451,0.11789202690124512
1989-09-05,2.25,2.25,2.25,2.25,2.122058868408203,-0.595391597529184,0.0,0.0,0.0
1989-09-06,2.25,2.25,2.25,2.25,2.122058868408203,-0.5874195853112697,0.0,0.0,0.0
1989-09-07,2.125,2.125,2.0,2.125,2.004166841506958,-0.5076994631321265,-5.55554931375104,-0.1178920269012451,-0.11789202690124512
1989-09-08,2.125,2.125,2.0,2.125,2.004166841506958,-0.5770559694279811,0.0,0.0,0.0
1989-09-11,2.125,2.125,2.125,2.125,2.004166841506958,-0.5778531706497725,0.0,0.0,0.0
1989-09-12,2.125,2.25,2.125,2.25,2.122058868408203,-0.5850279816458954,5.882345943444545,0.1178920269012451,0.11789202690124512
1989-09-13,2.25,2.25,2.125,2.25,2.122058868408203,-0.5858251828676868,0.0,0.0,0.0
1989-09-14,2.25,2.25,2.125,2.125,2.004166841506958,-0.5874195853112697,-5.55554931375104,-0.1178920269012451,-0.11789202690124512
1989-09-15,2.0,2.0,2.0,2.0,1.886274695396424,-0.5945943963073925,-5.882351891516668,-0.1178921461105344,-0.117892146110534
1989-09-18,2.0,2.0,2.0,2.0,1.886274695396424,-0.5866223840894782,0.0,0.0,0.0
1989-09-19,2.0,2.0,2.0,2.0,1.886274695396424,-0.5929999938638097,0.0,0.0,0.0
1989-09-20,2.0,2.0,2.0,2.0,1.886274695396424,-0.5929999938638097,0.0,0.0,0.0
1989-09-21,2.0,2.0,2.0,2.0,1.886274695396424,-0.595391597529184,0.0,0.0,0.0
1989-09-22,2.0,2.0,2.0,2.0,1.886274695396424,-0.595391597529184,0.0,0.0,0.0
1989-09-25,2.0,2.0,2.0,2.0,1.886274695396424,-0.578650371871564,0.0,0.0,0.0
1989-09-26,2.0,2.0,2.0,2.0,1.886274695396424,-0.5140770729064581,0.0,0.0,0.0
1989-09-27,2.0,2.0,2.0,2.0,1.886274695396424,-0.595391597529184,0.0,0.0,0.0
1989-09-28,2.0,2.0,2.0,2.0,1.886274695396424,-0.595391597529184,0.0,0.0,0.0
1989-09-29,2.0,2.0,2.0,2.0,1.886274695396424,-0.554734335217821,0.0,0.0,0.0
1989-10-02,2.0,2.125,2.0,2.0,1.886274695396424,-0.5850279816458954,0.0,0.0,0.0
1989-10-03,2.0,2.125,2.0,2.0,1.886274695396424,-0.5818391767587296,0.0,0.0,0.0
1989-10-04,2.0,2.125,2.0,2.125,2.004166841506958,-0.5858251828676868,6.249998815032498,0.1178921461105344,0.117892146110534
1989-10-05,2.0,2.0,2.0,2.0,1.886274695396424,-0.5802447743151468,-5.882351891516668,-0.1178921461105344,-0.117892146110534
1989-10-06,2.0,2.0,2.0,2.0,1.886274695396424,-0.5443707193345324,0.0,0.0,0.0
1989-10-09,2.0,2.0,2.0,2.0,1.886274695396424,-0.5890139877548526,0.0,0.0,0.0
1989-10-10,2.0,2.0,2.0,2.0,1.886274695396424,-0.5690839572100668,0.0,0.0,0.0
1989-10-11,2.0,2.0,2.0,2.0,1.886274695396424,-0.589811188976644,0.0,0.0,0.0
1989-10-12,2.0,2.0,2.0,2.0,1.886274695396424,-0.5922027926420182,0.0,0.0,0.0
1989-10-13,2.0,2.0,2.0,2.0,1.886274695396424,-0.595391597529184,0.0,0.0,0.0
1989-10-16,1.875,1.875,1.75,1.75,1.6504902839660645,-0.537993109560201,-12.500003949891624,-0.2357844114303591,-0.23578441143035955
1989-10-17,1.75,1.75,1.75,1.75,1.6504902839660645,-0.5834335792023125,0.0,0.0,0.0
1989-10-18,1.75,1.875,1.75,1.75,1.6504902839660645,-0.5706783596536497,0.0,0.0,0.0
1989-10-19,1.75,1.875,1.75,1.75,1.6504902839660645,-0.5890139877548526,0.0,0.0,0.0
1989-10-20,1.75,1.75,1.75,1.75,1.6504902839660645,-0.5914055914202269,0.0,0.0,0.0
1989-10-23,1.75,1.75,1.75,1.75,1.6504902839660645,-0.5674895547664839,0.0,0.0,0.0
1989-10-24,1.75,1.75,1.75,1.75,1.6504902839660645,-0.5794475730933554,0.0,0.0,0.0
1989-10-25,1.75,1.75,1.75,1.75,1.6504902839660645,-0.5850279816458954,0.0,0.0,0.0
1989-10-26,1.75,1.75,1.75,1.75,1.6504902839660645,-0.595391597529184,0.0,0.0,0.0
1989-10-27,1.75,1.75,1.75,1.75,1.6504902839660645,-0.595391597529184,0.0,0.0,0.0
1989-10-30,1.75,1.75,1.75,1.75,1.6504902839660645,-0.595391597529184,0.0,0.0,0.0
1989-10-31,1.625,1.625,1.625,1.625,1.5325982570648191,-0.5746643657626068,-7.14284888838942,-0.1178920269012453,-0.11789202690124534
1989-11-01,1.625,1.75,1.625,1.625,1.5325982570648191,-0.5906083901984354,0.0,0.0,0.0
1989-11-02,1.625,1.625,1.625,1.625,1.5325982570648191,-0.5929999938638097,0.0,0.0,0.0
1989-11-03,1.625,1.75,1.625,1.75,1.6504902839660645,-0.5635035486575267,7.692298119079699,0.1178920269012453,0.11789202690124534
1989-11-06,1.75,1.75,1.75,1.75,1.6504902839660645,-0.5348043046730352,0.0,0.0,0.0
1989-11-07,1.75,1.75,1.625,1.625,1.5325982570648191,-0.5395875120037839,-7.14284888838942,-0.1178920269012453,-0.11789202690124534
1989-11-08,1.625,1.75,1.625,1.625,1.5325982570648191,-0.578650371871564,0.0,0.0,0.0
1989-11-09,1.625,1.625,1.625,1.625,1.5325982570648191,-0.5945943963073925,0.0,0.0,0.0
1989-11-10,1.625,1.625,1.625,1.625,1.5325982570648191,-0.5945943963073925,0.0,0.0,0.0
1989-11-13,1.625,1.625,1.625,1.625,1.5325982570648191,-0.5945943963073925,0.0,0.0,0.0
1989-11-14,1.625,1.75,1.625,1.625,1.5325982570648191,-0.4989302496924208,0.0,0.0,0.0
1989-11-15,1.625,1.875,1.625,1.875,1.7683824300765991,-0.543573518112741,15.384604016407131,0.23578417301178,0.23578417301178
1989-11-16,1.875,2.0,1.875,1.875,1.7683824300765991,-0.5563287376614039,0.0,0.0,0.0
1989-11-17,1.75,1.75,1.75,1.75,1.6504902839660645,-0.5531399327742381,-6.666665767846835,-0.1178921461105346,-0.11789214611053467
1989-11-20,1.75,1.75,1.75,1.75,1.6504902839660645,-0.5945943963073925,0.0,0.0,0.0
1989-11-21,1.875,1.875,1.875,1.875,1.7683824300765991,-0.5754615669843982,7.142856111048679,0.1178921461105346,0.11789214611053467
1989-11-22,1.75,1.75,1.75,1.75,1.6504902839660645,-0.5834335792023125,-6.666665767846835,-0.1178921461105346,-0.11789214611053467
1989-11-24,1.75,1.75,1.75,1.75,1.6504902839660645,-0.5874195853112697,0.0,0.0,0.0
1989-11-27,1.75,1.75,1.75,1.75,1.6504902839660645,-0.5483567254434896,0.0,0.0,0.0
1989-11-28,1.75,1.75,1.625,1.75,1.6504902839660645,-0.5300210973422866,0.0,0.0,0.0
1989-11-29,1.75,1.75,1.75,1.75,1.6504902839660645,-0.5762587682061896,0.0,0.0,0.0
1989-11-30,1.625,1.625,1.625,1.625,1.5325982570648191,-0.5945943963073925,-7.14284888838942,-0.1178920269012453,-0.11789202690124534
1989-12-01,1.625,1.75,1.625,1.75,1.6504902839660645,-0.5666923535446925,7.692298119079699,0.1178920269012453,0.11789202690124534
1989-12-04,1.75,1.75,1.625,1.75,1.6504902839660645,-0.578650371871564,0.0,0.0,0.0
1989-12-05,1.75,1.875,1.75,1.875,1.7683824300765991,-0.543573518112741,7.142856111048679,0.1178921461105346,0.11789214611053467
1989-12-06,1.875,1.875,1.875,1.875,1.7683824300765991,-0.5922027926420182,0.0,0.0,0.0
1989-12-07,1.875,1.875,1.875,1.875,1.7683824300765991,-0.5882167865330611,0.0,0.0,0.0
1989-12-08,1.875,1.875,1.75,1.875,1.7683824300765991,-0.5738671645408153,0.0,0.0,0.0
1989-12-11,1.875,1.875,1.875,1.875,1.7683824300765991,-0.5874195853112697,0.0,0.0,0.0
1989-12-12,1.875,1.875,1.875,1.875,1.7683824300765991,-0.5929999938638097,0.0,0.0,0.0
1989-12-13,1.875,1.875,1.75,1.75,1.6504902839660645,-0.5850279816458954,-6.666665767846835,-0.1178921461105346,-0.11789214611053467
1989-12-14,1.75,1.875,1.75,1.75,1.6504902839660645,-0.5826363779805211,0.0,0.0,0.0
1989-12-15,1.625,1.625,1.625,1.625,1.5325982570648191,-0.5706783596536497,-7.14284888838942,-0.1178920269012453,-0.11789202690124534
1989-12-18,1.625,1.625,1.625,1.625,1.5325982570648191,-0.5890139877548526,0.0,0.0,0.0
1989-12-19,1.625,1.625,1.625,1.625,1.5325982570648191,-0.5666923535446925,0.0,0.0,0.0
1989-12-20,1.625,1.625,1.625,1.625,1.5325982570648191,-0.5922027926420182,0.0,0.0,0.0
1989-12-21,1.5,1.5,1.5,1.5,1.4147058725357056,-0.5188602802372067,-7.692321453822936,-0.1178923845291135,-0.11789238452911355
1989-12-22,1.625,1.75,1.625,1.75,1.6504902839660645,-0.5459651217781153,16.666673688696942,0.2357844114303589,0.2357844114303589
1989-12-26,1.75,1.75,1.625,1.75,1.6504902839660645,-0.5738671645408153,0.0,0.0,0.0
1989-12-27,1.75,1.875,1.75,1.75,1.6504902839660645,-0.571475560875441,0.0,0.0,0.0
1989-12-28,1.75,1.75,1.75,1.75,1.6504902839660645,-0.5778531706497725,0.0,0.0,0.0
1989-12-29,1.75,1.875,1.75,1.75,1.6504902839660645,-0.5666923535446925,0.0,0.0,0.0
1990-01-02,1.75,1.75,1.75,1.75,1.6504902839660645,-0.5874195853112697,0.0,0.0,0.0
1990-01-03,1.875,1.875,1.875,1.875,1.7683824300765991,-0.5395875120037839,7.142856111048679,0.1178921461105346,0.11789214611053467
1990-01-04,1.75,1.75,1.75,1.75,1.6504902839660645,-0.5666923535446925,-6.666665767846835,-0.1178921461105346,-0.11789214611053467
1990-01-05,1.75,1.875,1.625,1.625,1.5325982570648191,-0.5890139877548526,-7.14284888838942,-0.1178920269012453,-0.11789202690124534
1990-01-08,1.625,1.625,1.625,1.625,1.5325982570648191,-0.595391597529184,0.0,0.0,0.0
1990-01-09,1.75,1.75,1.75,1.75,1.6504902839660645,-0.5945943963073925,7.692298119079699,0.1178920269012453,0.11789202690124534
1990-01-10,1.75,1.75,1.75,1.75,1.6504902839660645,-0.595391597529184,0.0,0.0,0.0
1990-01-11,1.75,1.75,1.625,1.625,1.5325982570648191,-0.5778531706497725,-7.14284888838942,-0.1178920269012453,-0.11789202690124534
1990-01-12,1.625,1.625,1.625,1.625,1.5325982570648191,-0.595391597529184,0.0,0.0,0.0
1990-01-15,1.625,1.625,1.625,1.625,1.5325982570648191,-0.595391597529184,0.0,0.0,0.0
1990-01-16,1.625,1.625,1.5,1.625,1.5325982570648191,-0.543573518112741,0.0,0.0,0.0
1990-01-17,1.625,1.625,1.625,1.625,1.5325982570648191,-0.5874195853112697,0.0,0.0,0.0
1990-01-18,1.625,1.625,1.5,1.625,1.5325982570648191,-0.571475560875441,0.0,0.0,0.0
1990-01-19,1.5,1.5,1.5,1.5,1.4147058725357056,-0.5937971950856011,-7.692321453822936,-0.1178923845291135,-0.11789238452911355
1990-01-22,1.5,1.5,1.5,1.5,1.4147058725357056,-0.595391597529184,0.0,0.0,0.0
1990-01-23,1.5,1.5,1.5,1.5,1.4147058725357056,-0.595391597529184,0.0,0.0,0.0
1990-01-24,1.625,1.625,1.625,1.625,1.5325982570648191,-0.5874195853112697,8.33334948400295,0.1178923845291135,0.11789238452911355
1990-01-25,1.625,1.625,1.625,1.625,1.5325982570648191,-0.595391597529184,0.0,0.0,0.0
1990-01-26,1.625,1.625,1.625,1.625,1.5325982570648191,-0.595391597529184,0.0,0.0,0.0
1990-01-29,1.625,1.625,1.625,1.625,1.5325982570648191,-0.5635035486575267,0.0,0.0,0.0
1990-01-30,1.5,1.5,1.5,1.5,1.4147058725357056,-0.5945943963073925,-7.692321453822936,-0.1178923845291135,-0.11789238452911355
1990-01-31,1.625,1.625,1.625,1.625,1.5325982570648191,-0.5794475730933554,8.33334948400295,0.1178923845291135,0.11789238452911355
1990-02-01,1.5,1.5,1.5,1.5,1.4147058725357056,-0.5706783596536497,-7.692321453822936,-0.1178923845291135,-0.11789238452911355
1990-02-02,1.625,1.625,1.625,1.625,1.5325982570648191,-0.5475595242216982,8.33334948400295,0.1178923845291135,0.11789238452911355
1990-02-05,1.75,1.75,1.75,1.75,1.6504902839660645,-0.5890139877548526,7.692298119079699,0.1178920269012453,0.11789202690124534
1990-02-06,1.75,1.75,1.75,1.75,1.6504902839660645,-0.5770559694279811,0.0,0.0,0.0
1990-02-07,1.875,1.875,1.875,1.875,1.7683824300765991,-0.5929999938638097,7.142856111048679,0.1178921461105346,0.11789214611053467
1990-02-08,1.875,1.875,1.875,1.875,1.7683824300765991,-0.5874195853112697,0.0,0.0,0.0
1990-02-09,1.875,1.875,1.75,1.75,1.6504902839660645,-0.5706783596536497,-6.666665767846835,-0.1178921461105346,-0.11789214611053467
1990-02-12,1.75,1.75,1.75,1.75,1.6504902839660645,-0.595391597529184,0.0,0.0,0.0
1990-02-13,1.75,1.75,1.75,1.75,1.6504902839660645,-0.5874195853112697,0.0,0.0,0.0
1990-02-14,1.75,1.75,1.75,1.75,1.6504902839660645,-0.5762587682061896,0.0,0.0,0.0
1990-02-15,1.75,1.875,1.75,1.875,1.7683824300765991,-0.5778531706497725,7.142856111048679,0.1178921461105346,0.11789214611053467
1990-02-16,1.875,1.875,1.875,1.875,1.7683824300765991,-0.595391597529184,0.0,0.0,0.0
1990-02-20,1.875,1.875,1.75,1.875,1.7683824300765991,-0.5906083901984354,0.0,0.0,0.0
1990-02-21,1.875,1.875,1.875,1.875,1.7683824300765991,-0.595391597529184,0.0,0.0,0.0
1990-02-22,1.875,1.875,1.875,1.875,1.7683824300765991,-0.5929999938638097,0.0,0.0,0.0
1990-02-23,1.75,1.75,1.75,1.75,1.6504902839660645,-0.5937971950856011,-6.666665767846835,-0.1178921461105346,-0.11789214611053467
1990-02-26,1.75,1.75,1.625,1.625,1.5325982570648191,-0.508496664353918,-7.14284888838942,-0.1178920269012453,-0.11789202690124534
1990-02-27,1.625,1.625,1.625,1.625,1.5325982570648191,-0.595391597529184,0.0,0.0,0.0
1990-02-28,1.625,1.625,1.625,1.625,1.5325982570648191,-0.595391597529184,0.0,0.0,0.0
1990-03-01,1.625,1.625,1.625,1.625,1.5325982570648191,-0.5754615669843982,0.0,0.0,0.0
1990-03-02,1.625,1.625,1.625,1.625,1.5325982570648191,-0.595391597529184,0.0,0.0,0.0
1990-03-05,1.625,1.625,1.625,1.625,1.5325982570648191,-0.5890139877548526,0.0,0.0,0.0
1990-03-06,1.625,1.625,1.625,1.625,1.5325982570648191,-0.5922027926420182,0.0,0.0,0.0
1990-03-07,1.625,1.625,1.625,1.625,1.5325982570648191,-0.595391597529184,0.0,0.0,0.0
1990-03-08,1.75,1.75,1.75,1.75,1.6504902839660645,-0.5937971950856011,7.692298119079699,0.1178920269012453,0.11789202690124534
1990-03-09,1.75,1.75,1.75,1.75,1.6504902839660645,-0.565895152322901,0.0,0.0,0.0
1990-03-12,1.75,1.75,1.75,1.75,1.6504902839660645,-0.5922027926420182,0.0,0.0,0.0
1990-03-13,1.75,1.75,1.75,1.75,1.6504902839660645,-0.595391597529184,0.0,0.0,0.0
1990-03-14,1.75,1.75,1.75,1.75,1.6504902839660645,-0.595391597529184,0.0,0.0,0.0
1990-03-15,1.75,1.75,1.75,1.75,1.6504902839660645,-0.5906083901984354,0.0,0.0,0.0
1990-03-16,1.75,1.75,1.75,1.75,1.6504902839660645,-0.5945943963073925,0.0,0.0,0.0
1990-03-19,1.75,1.75,1.75,1.75,1.6504902839660645,-0.5882167865330611,0.0,0.0,0.0
1990-03-20,1.625,1.625,1.625,1.625,1.5325982570648191,-0.4184129262914863,-7.14284888838942,-0.1178920269012453,-0.11789202690124534
1990-03-21,1.625,1.625,1.625,1.625,1.5325982570648191,-0.595391597529184,0.0,0.0,0.0
1990-03-22,1.625,1.625,1.625,1.625,1.5325982570648191,-0.595391597529184,0.0,0.0,0.0
1990-03-23,1.625,1.625,1.625,1.625,1.5325982570648191,-0.595391597529184,0.0,0.0,0.0
1990-03-26,1.625,1.625,1.625,1.625,1.5325982570648191,-0.5945943963073925,0.0,0.0,0.0
1990-03-27,1.625,1.625,1.625,1.625,1.5325982570648191,-0.595391597529184,0.0,0.0,0.0
1990-03-28,1.625,1.625,1.625,1.625,1.5325982570648191,-0.5937971950856011,0.0,0.0,0.0
1990-03-29,1.625,1.625,1.5,1.5,1.4147058725357056,-0.3378956028905518,-7.692321453822936,-0.1178923845291135,-0.11789238452911355
1990-03-30,1.5,1.5,1.5,1.5,1.4147058725357056,-0.595391597529184,0.0,0.0,0.0
1990-04-02,1.5,1.5,1.5,1.5,1.4147058725357056,-0.5937971950856011,0.0,0.0,0.0
1990-04-03,1.5,1.5,1.5,1.5,1.4147058725357056,-0.5850279816458954,0.0,0.0,0.0
1990-04-04,1.5,1.5,1.5,1.5,1.4147058725357056,-0.5778531706497725,0.0,0.0,0.0
1990-04-05,1.5,1.5,1.5,1.5,1.4147058725357056,-0.595391597529184,0.0,0.0,0.0
1990-04-06,1.5,1.5,1.5,1.5,1.4147058725357056,-0.5882167865330611,0.0,0.0,0.0
1990-04-09,1.5,1.5,1.5,1.5,1.4147058725357056,-0.5922027926420182,0.0,0.0,0.0
1990-04-10,1.5,1.5,1.5,1.5,1.4147058725357056,-0.4774058167040522,0.0,0.0,0.0
1990-04-11,1.5,1.5,1.5,1.5,1.4147058725357056,-0.595391597529184,0.0,0.0,0.0
1990-04-12,1.5,1.625,1.5,1.625,1.5325982570648191,-0.5762587682061896,8.33334948400295,0.1178923845291135,0.11789238452911355
1990-04-16,1.625,1.625,1.5,1.625,1.5325982570648191,-0.5650979511011096,0.0,0.0,0.0
1990-04-17,1.625,1.625,1.625,1.625,1.5325982570648191,-0.5945943963073925,0.0,0.0,0.0
1990-04-18,1.5,1.5,1.5,1.5,1.4147058725357056,-0.5922027926420182,-7.692321453822936,-0.1178923845291135,-0.11789238452911355
1990-04-19,1.5,1.5,1.5,1.5,1.4147058725357056,-0.5874195853112697,0.0,0.0,0.0
1990-04-20,1.5,1.5,1.5,1.5,1.4147058725357056,-0.595391597529184,0.0,0.0,0.0
1990-04-23,1.5,1.5,1.5,1.5,1.4147058725357056,-0.595391597529184,0.0,0.0,0.0
1990-04-24,1.5,1.5,1.5,1.5,1.4147058725357056,-0.595391597529184,0.0,0.0,0.0
1990-04-25,1.375,1.375,1.375,1.375,1.2968138456344604,-0.5874195853112697,-8.333324204693982,-0.1178920269012451,-0.11789202690124512
1990-04-26,1.375,1.375,1.375,1.375,1.2968138456344604,-0.595391597529184,0.0,0.0,0.0
1990-04-27,1.375,1.375,1.375,1.375,1.2968138456344604,-0.5929999938638097,0.0,0.0,0.0
1990-04-30,1.375,1.375,1.375,1.375,1.2968138456344604,-0.5834335792023125,0.0,0.0,0.0
1990-05-01,1.375,1.375,1.375,1.375,1.2968138456344604,-0.5770559694279811,0.0,0.0,0.0
1990-05-02,1.5,1.5,1.5,1.5,1.4147058725357056,-0.5914055914202269,9.090898227074916,0.1178920269012451,0.11789202690124512
1990-05-03,1.5,1.5,1.375,1.5,1.4147058725357056,-0.5794475730933554,0.0,0.0,0.0
1990-05-04,1.375,1.375,1.375,1.375,1.2968138456344604,-0.5866223840894782,-8.333324204693982,-0.1178920269012451,-0.11789202690124512
1990-05-07,1.375,1.375,1.375,1.375,1.2968138456344604,-0.595391597529184,0.0,0.0,0.0
1990-05-08,1.5,1.5,1.5,1.5,1.4147058725357056,-0.5866223840894782,9.090898227074916,0.1178920269012451,0.11789202690124512
1990-05-09,1.375,1.375,1.375,1.375,1.2968138456344604,-0.5945943963073925,-8.333324204693982,-0.1178920269012451,-0.11789202690124512
1990-05-10,1.375,1.375,1.375,1.375,1.2968138456344604,-0.5866223840894782,0.0,0.0,0.0
1990-05-11,1.375,1.375,1.375,1.375,1.2968138456344604,-0.595391597529184,0.0,0.0,0.0
1990-05-14,1.375,1.5,1.375,1.5,1.4147058725357056,-0.589811188976644,9.090898227074916,0.1178920269012451,0.11789202690124512
1990-05-15,1.5,1.5,1.375,1.375,1.2968138456344604,-0.5555315364396124,-8.333324204693982,-0.1178920269012451,-0.11789202690124512
1990-05-16,1.375,1.375,1.375,1.375,1.2968138456344604,-0.595391597529184,0.0,0.0,0.0
1990-05-17,1.375,1.375,1.375,1.375,1.2968138456344604,-0.595391597529184,0.0,0.0,0.0
1990-05-18,1.375,1.375,1.375,1.375,1.2968138456344604,-0.595391597529184,0.0,0.0,0.0
1990-05-21,1.375,1.375,1.375,1.375,1.2968138456344604,-0.5794475730933554,0.0,0.0,0.0
1990-05-22,1.375,1.375,1.375,1.375,1.2968138456344604,-0.5890139877548526,0.0,0.0,0.0
1990-05-23,1.375,1.375,1.375,1.375,1.2968138456344604,-0.5523427315524467,0.0,0.0,0.0
1990-05-24,1.375,1.375,1.375,1.375,1.2968138456344604,-0.5515455303306553,0.0,0.0,0.0
1990-05-25,1.375,1.375,1.375,1.375,1.2968138456344604,-0.5834335792023125,0.0,0.0,0.0
1990-05-29,1.375,1.375,1.375,1.375,1.2968138456344604,-0.5922027926420182,0.0,0.0,0.0
1990-05-30,1.375,1.375,1.375,1.375,1.2968138456344604,-0.5937971950856011,0.0,0.0,0.0
1990-05-31,1.375,1.375,1.375,1.375,1.2968138456344604,-0.5914055914202269,0.0,0.0,0.0
1990-06-01,1.375,1.5,1.375,1.5,1.4147058725357056,-0.5403847132255752,9.090898227074916,0.1178920269012451,0.11789202690124512
1990-06-04,1.5,1.5,1.5,1.5,1.4147058725357056,-0.5945943963073925,0.0,0.0,0.0
1990-06-05,1.375,1.375,1.375,1.375,1.2968138456344604,-0.5754615669843982,-8.333324204693982,-0.1178920269012451,-0.11789202690124512
1990-06-06,1.375,1.5,1.375,1.5,1.4147058725357056,-0.554734335217821,9.090898227074916,0.1178920269012451,0.11789202690124512
1990-06-07,1.5,1.5,1.5,1.5,1.4147058725357056,-0.595391597529184,0.0,0.0,0.0
1990-06-08,1.5,1.625,1.5,1.625,1.5325982570648191,-0.543573518112741,8.33334948400295,0.1178923845291135,0.11789238452911355
1990-06-11,1.625,1.625,1.625,1.625,1.5325982570648191,-0.5874195853112697,0.0,0.0,0.0
1990-06-12,1.75,1.875,1.75,1.75,1.6504902839660645,-0.4367485543926893,7.692298119079699,0.1178920269012453,0.11789202690124534
1990-06-13,1.75,1.75,1.625,1.75,1.6504902839660645,-0.5722727620972325,0.0,0.0,0.0
1990-06-14,1.75,1.75,1.75,1.75,1.6504902839660645,-0.5922027926420182,0.0,0.0,0.0
1990-06-15,1.625,1.625,1.625,1.625,1.5325982570648191,-0.5531399327742381,-7.14284888838942,-0.1178920269012453,-0.11789202690124534
1990-06-18,1.625,1.625,1.625,1.625,1.5325982570648191,-0.5866223840894782,0.0,0.0,0.0
1990-06-19,1.625,1.625,1.625,1.625,1.5325982570648191,-0.5794475730933554,0.0,0.0,0.0
1990-06-20,1.625,1.625,1.625,1.625,1.5325982570648191,-0.595391597529184,0.0,0.0,0.0
1990-06-21,1.625,1.625,1.625,1.625,1.5325982570648191,-0.5929999938638097,0.0,0.0,0.0
1990-06-22,1.625,1.625,1.625,1.625,1.5325982570648191,-0.5555315364396124,0.0,0.0,0.0
1990-06-25,1.625,1.625,1.625,1.625,1.5325982570648191,-0.5874195853112697,0.0,0.0,0.0
1990-06-26,1.625,1.75,1.625,1.75,1.6504902839660645,-0.502916255801378,7.692298119079699,0.1178920269012453,0.11789202690124534
1990-06-27,1.75,1.75,1.75,1.75,1.6504902839660645,-0.595391597529184,0.0,0.0,0.0
1990-06-28,1.75,1.75,1.75,1.75,1.6504902839660645,-0.5937971950856011,0.0,0.0,0.0
1990-06-29,1.75,1.75,1.75,1.75,1.6504902839660645,-0.595391597529184,0.0,0.0,0.0
1990-07-02,1.75,1.875,1.75,1.875,1.7683824300765991,-0.5794475730933554,7.142856111048679,0.1178921461105346,0.11789214611053467
1990-07-03,1.875,1.875,1.875,1.875,1.7683824300765991,-0.595391597529184,0.0,0.0,0.0
1990-07-05,1.75,1.75,1.75,1.75,1.6504902839660645,-0.5937971950856011,-6.666665767846835,-0.1178921461105346,-0.11789214611053467
1990-07-06,1.75,1.875,1.75,1.875,1.7683824300765991,-0.5076994631321265,7.142856111048679,0.1178921461105346,0.11789214611053467
1990-07-09,1.875,1.875,1.875,1.875,1.7683824300765991,-0.5810419755369383,0.0,0.0,0.0
1990-07-10,1.75,1.75,1.75,1.75,1.6504902839660645,-0.5906083901984354,-6.666665767846835,-0.1178921461105346,-0.11789214611053467
1990-07-11,1.75,1.75,1.75,1.75,1.6504902839660645,-0.5937971950856011,0.0,0.0,0.0
1990-07-12,1.75,1.75,1.75,1.75,1.6504902839660645,-0.5874195853112697,0.0,0.0,0.0
1990-07-13,1.75,1.875,1.75,1.75,1.6504902839660645,-0.5643007498793182,0.0,0.0,0.0
1990-07-16,1.75,1.75,1.75,1.75,1.6504902839660645,-0.595391597529184,0.0,0.0,0.0
1990-07-17,1.75,1.75,1.75,1.75,1.6504902839660645,-0.578650371871564,0.0,0.0,0.0
1990-07-18,1.75,1.75,1.75,1.75,1.6504902839660645,-0.5937971950856011,0.0,0.0,0.0
1990-07-19,1.75,1.75,1.75,1.75,1.6504902839660645,-0.5475595242216982,0.0,0.0,0.0
1990-07-20,1.75,1.75,1.75,1.75,1.6504902839660645,-0.5682867559882754,0.0,0.0,0.0
1990-07-23,1.75,1.75,1.625,1.625,1.5325982570648191,-0.5507483291088638,-7.14284888838942,-0.1178920269012453,-0.11789202690124534
1990-07-24,1.625,1.625,1.625,1.625,1.5325982570648191,-0.595391597529184,0.0,0.0,0.0
1990-07-25,1.5,1.5,1.5,1.5,1.4147058725357056,-0.5778531706497725,-7.692321453822936,-0.1178923845291135,-0.11789238452911355
1990-07-26,1.5,1.5,1.5,1.5,1.4147058725357056,-0.589811188976644,0.0,0.0,0.0
1990-07-27,1.5,1.625,1.5,1.5,1.4147058725357056,-0.5818391767587296,0.0,0.0,0.0
1990-07-30,1.5,1.5,1.5,1.5,1.4147058725357056,-0.5937971950856011,0.0,0.0,0.0
1990-07-31,1.5,1.5,1.5,1.5,1.4147058725357056,-0.595391597529184,0.0,0.0,0.0
1990-08-01,1.625,1.625,1.625,1.625,1.5325982570648191,-0.5674895547664839,8.33334948400295,0.1178923845291135,0.11789238452911355
1990-08-02,1.625,1.625,1.625,1.625,1.5325982570648191,-0.595391597529184,0.0,0.0,0.0
1990-08-03,1.5,1.5,1.5,1.5,1.4147058725357056,-0.5937971950856011,-7.692321453822936,-0.1178923845291135,-0.11789238452911355
1990-08-06,1.5,1.5,1.5,1.5,1.4147058725357056,-0.5937971950856011,0.0,0.0,0.0
1990-08-07,1.5,1.625,1.5,1.625,1.5325982570648191,-0.5754615669843982,8.33334948400295,0.1178923845291135,0.11789238452911355
1990-08-08,1.625,1.625,1.625,1.625,1.5325982570648191,-0.595391597529184,0.0,0.0,0.0
1990-08-09,1.625,1.625,1.625,1.625,1.5325982570648191,-0.595391597529184,0.0,0.0,0.0
1990-08-10,1.625,1.625,1.625,1.625,1.5325982570648191,-0.595391597529184,0.0,0.0,0.0
1990-08-13,1.5,1.5,1.5,1.5,1.4147058725357056,-0.5794475730933554,-7.692321453822936,-0.1178923845291135,-0.11789238452911355
1990-08-14,1.5,1.5,1.5,1.5,1.4147058725357056,-0.595391597529184,0.0,0.0,0.0
1990-08-15,1.5,1.5,1.5,1.5,1.4147058725357056,-0.5914055914202269,0.0,0.0,0.0
1990-08-16,1.5,1.5,1.5,1.5,1.4147058725357056,-0.595391597529184,0.0,0.0,0.0
1990-08-17,1.5,1.5,1.5,1.5,1.4147058725357056,-0.5890139877548526,0.0,0.0,0.0
1990-08-20,1.5,1.5,1.5,1.5,1.4147058725357056,-0.5156714753500409,0.0,0.0,0.0
1990-08-21,1.375,1.375,1.375,1.375,1.2968138456344604,-0.5794475730933554,-8.333324204693982,-0.1178920269012451,-0.11789202690124512
1990-08-22,1.375,1.375,1.375,1.375,1.2968138456344604,-0.5228462863461638,0.0,0.0,0.0
1990-08-23,1.375,1.375,1.375,1.375,1.2968138456344604,-0.5874195853112697,0.0,0.0,0.0
1990-08-24,1.5,1.625,1.5,1.625,1.5325982570648191,-0.5236434875679552,18.181824031575022,0.2357844114303586,0.23578441143035866
1990-08-27,1.625,1.625,1.5,1.625,1.5325982570648191,-0.5515455303306553,0.0,0.0,0.0
1990-08-28,1.5,1.5,1.5,1.5,1.4147058725357056,-0.5794475730933554,-7.692321453822936,-0.1178923845291135,-0.11789238452911355
1990-08-29,1.375,1.375,1.375,1.375,1.2968138456344604,-0.5794475730933554,-8.333324204693982,-0.1178920269012451,-0.11789202690124512
1990-08-30,1.375,1.375,1.375,1.375,1.2968138456344604,-0.595391597529184,0.0,0.0,0.0
1990-08-31,1.375,1.375,1.375,1.375,1.2968138456344604,-0.5929999938638097,0.0,0.0,0.0
1990-09-04,1.375,1.375,1.375,1.375,1.2968138456344604,-0.595391597529184,0.0,0.0,0.0
1990-09-05,1.375,1.375,1.375,1.375,1.2968138456344604,-0.5555315364396124,0.0,0.0,0.0
1990-09-06,1.375,1.375,1.375,1.375,1.2968138456344604,-0.595391597529184,0.0,0.0,0.0
1990-09-07,1.375,1.375,1.375,1.375,1.2968138456344604,-0.595391597529184,0.0,0.0,0.0
1990-09-10,1.375,1.375,1.375,1.375,1.2968138456344604,-0.5945943963073925,0.0,0.0,0.0
1990-09-11,1.375,1.375,1.375,1.375,1.2968138456344604,-0.5834335792023125,0.0,0.0,0.0
1990-09-12,1.375,1.375,1.375,1.375,1.2968138456344604,-0.595391597529184,0.0,0.0,0.0
1990-09-13,1.375,1.375,1.375,1.375,1.2968138456344604,-0.5834335792023125,0.0,0.0,0.0
1990-09-14,1.375,1.375,1.375,1.375,1.2968138456344604,-0.595391597529184,0.0,0.0,0.0
1990-09-17,1.375,1.375,1.375,1.375,1.2968138456344604,-0.5738671645408153,0.0,0.0,0.0
1990-09-18,1.375,1.375,1.375,1.375,1.2968138456344604,-0.595391597529184,0.0,0.0,0.0
1990-09-19,1.375,1.375,1.375,1.375,1.2968138456344604,-0.5778531706497725,0.0,0.0,0.0
1990-09-20,1.375,1.375,1.375,1.375,1.2968138456344604,-0.595391597529184,0.0,0.0,0.0
1990-09-21,1.375,1.375,1.375,1.375,1.2968138456344604,-0.5937971950856011,0.0,0.0,0.0
1990-09-24,1.375,1.375,1.375,1.375,1.2968138456344604,-0.5156714753500409,0.0,0.0,0.0
1990-09-25,1.375,1.375,1.375,1.375,1.2968138456344604,-0.5236434875679552,0.0,0.0,0.0
1990-09-26,1.375,1.375,1.375,1.375,1.2968138456344604,-0.595391597529184,0.0,0.0,0.0
1990-09-27,1.375,1.375,1.375,1.375,1.2968138456344604,-0.595391597529184,0.0,0.0,0.0
1990-09-28,1.25,1.25,1.25,1.25,1.1789215803146362,-0.5858251828676868,-9.090916612025058,-0.1178922653198242,-0.11789226531982422
1990-10-01,1.25,1.25,1.25,1.25,1.1789215803146362,-0.595391597529184,0.0,0.0,0.0
1990-10-02,1.25,1.25,1.25,1.25,1.1789215803146362,-0.595391597529184,0.0,0.0,0.0
1990-10-03,1.25,1.25,1.25,1.25,1.1789215803146362,-0.595391597529184,0.0,0.0,0.0
1990-10-04,1.25,1.25,1.25,1.25,1.1789215803146362,-0.595391597529184,0.0,0.0,0.0
1990-10-05,1.25,1.375,1.25,1.25,1.1789215803146362,-0.5483567254434896,0.0,0.0,0.0
1990-10-08,1.125,1.125,1.125,1.125,1.0610294342041016,-0.5794475730933554,-9.999998988827665,-0.1178921461105346,-0.11789214611053467
1990-10-09,1.25,1.25,1.25,1.25,1.1789215803146362,-0.5595175425485696,11.111109862750212,0.1178921461105346,0.11789214611053467
1990-10-10,1.25,1.25,1.25,1.25,1.1789215803146362,-0.595391597529184,0.0,0.0,0.0
1990-10-11,1.125,1.125,1.125,1.125,1.0610294342041016,-0.5754615669843982,-9.999998988827665,-0.1178921461105346,-0.11789214611053467
1990-10-12,1.125,1.125,1.125,1.125,1.0610294342041016,-0.595391597529184,0.0,0.0,0.0
1990-10-15,1.125,1.25,1.125,1.125,1.0610294342041016,-0.5571259388831953,0.0,0.0,0.0
1990-10-16,1.125,1.125,1.125,1.125,1.0610294342041016,-0.595391597529184,0.0,0.0,0.0
1990-10-17,1.125,1.125,1.125,1.125,1.0610294342041016,-0.5730699633190239,0.0,0.0,0.0
1990-10-18,1.125,1.125,1.125,1.125,1.0610294342041016,-0.595391597529184,0.0,0.0,0.0
1990-10-19,1.25,1.25,1.25,1.25,1.1789215803146362,-0.5650979511011096,11.111109862750212,0.1178921461105346,0.11789214611053467
1990-10-22,1.25,1.25,1.25,1.25,1.1789215803146362,-0.595391597529184,0.0,0.0,0.0
1990-10-23,1.25,1.375,1.25,1.375,1.2968138456344604,-0.5260350912333295,10.000009100551075,0.1178922653198242,0.11789226531982422
1990-10-24,1.375,1.375,1.375,1.375,1.2968138456344604,-0.595391597529184,0.0,0.0,0.0
1990-10-25,1.375,1.375,1.375,1.375,1.2968138456344604,-0.595391597529184,0.0,0.0,0.0
1990-10-26,1.375,1.375,1.375,1.375,1.2968138456344604,-0.595391597529184,0.0,0.0,0.0
1990-10-29,1.25,1.25,1.25,1.25,1.1789215803146362,-0.5674895547664839,-9.090916612025058,-0.1178922653198242,-0.11789226531982422
1990-10-30,1.25,1.25,1.25,1.25,1.1789215803146362,-0.595391597529184,0.0,0.0,0.0
1990-10-31,1.25,1.25,1.25,1.25,1.1789215803146362,-0.5826363779805211,0.0,0.0,0.0
1990-11-01,1.125,1.125,1.125,1.125,1.0610294342041016,-0.5874195853112697,-9.999998988827665,-0.1178921461105346,-0.11789214611053467
1990-11-02,1.125,1.125,1.125,1.125,1.0610294342041016,-0.5810419755369383,0.0,0.0,0.0
1990-11-05,1.125,1.125,1.125,1.125,1.0610294342041016,-0.595391597529184,0.0,0.0,0.0
1990-11-06,1.125,1.125,1.125,1.125,1.0610294342041016,-0.595391597529184,0.0,0.0,0.0
1990-11-07,1.125,1.125,1.125,1.125,1.0610294342041016,-0.595391597529184,0.0,0.0,0.0
1990-11-08,1.125,1.125,1.125,1.125,1.0610294342041016,-0.5922027926420182,0.0,0.0,0.0
1990-11-09,1.125,1.125,1.125,1.125,1.0610294342041016,-0.5914055914202269,0.0,0.0,0.0
1990-11-12,1.125,1.125,1.125,1.125,1.0610294342041016,-0.595391597529184,0.0,0.0,0.0
1990-11-13,1.125,1.125,1.125,1.125,1.0610294342041016,-0.595391597529184,0.0,0.0,0.0
1990-11-14,1.125,1.125,1.125,1.125,1.0610294342041016,-0.5834335792023125,0.0,0.0,0.0
1990-11-15,1.125,1.125,1.125,1.125,1.0610294342041016,-0.5945943963073925,0.0,0.0,0.0
1990-11-16,1.125,1.125,1.125,1.125,1.0610294342041016,-0.595391597529184,0.0,0.0,0.0
1990-11-19,1.125,1.125,1.125,1.125,1.0610294342041016,-0.595391597529184,0.0,0.0,0.0
1990-11-20,1.125,1.125,1.125,1.125,1.0610294342041016,-0.595391597529184,0.0,0.0,0.0
1990-11-21,1.125,1.125,1.125,1.125,1.0610294342041016,-0.5922027926420182,0.0,0.0,0.0
1990-11-23,1.25,1.375,1.25,1.375,1.2968138456344604,-0.4901610362527151,22.222230960748533,0.2357844114303589,0.2357844114303589
1990-11-26,1.375,1.625,1.375,1.5,1.4147058725357056,-0.4734198105950951,9.090898227074916,0.1178920269012451,0.11789202690124512
1990-11-27,1.5,1.5,1.5,1.5,1.4147058725357056,-0.595391597529184,0.0,0.0,0.0
1990-11-28,1.375,1.375,1.375,1.375,1.2968138456344604,-0.5882167865330611,-8.333324204693982,-0.1178920269012451,-0.11789202690124512
1990-11-29,1.5,1.5,1.5,1.5,1.4147058725357056,-0.5810419755369383,9.090898227074916,0.1178920269012451,0.11789202690124512
1990-11-30,1.5,1.5,1.5,1.5,1.4147058725357056,-0.5945943963073925,0.0,0.0,0.0
1990-12-03,1.5,1.5,1.5,1.5,1.4147058725357056,-0.5794475730933554,0.0,0.0,0.0
1990-12-04,1.375,1.375,1.375,1.375,1.2968138456344604,-0.589811188976644,-8.333324204693982,-0.1178920269012451,-0.11789202690124512
1990-12-05,1.375,1.375,1.375,1.375,1.2968138456344604,-0.5945943963073925,0.0,0.0,0.0
1990-12-06,1.375,1.375,1.375,1.375,1.2968138456344604,-0.5937971950856011,0.0,0.0,0.0
1990-12-07,1.375,1.375,1.375,1.375,1.2968138456344604,-0.5945943963073925,0.0,0.0,0.0
1990-12-10,1.375,1.375,1.375,1.375,1.2968138456344604,-0.595391597529184,0.0,0.0,0.0
1990-12-11,1.375,1.375,1.375,1.375,1.2968138456344604,-0.5929999938638097,0.0,0.0,0.0
1990-12-12,1.375,1.375,1.25,1.25,1.1789215803146362,-0.5555315364396124,-9.090916612025058,-0.1178922653198242,-0.11789226531982422
1990-12-13,1.25,1.25,1.25,1.25,1.1789215803146362,-0.5866223840894782,0.0,0.0,0.0
1990-12-14,1.25,1.25,1.25,1.25,1.1789215803146362,-0.5874195853112697,0.0,0.0,0.0
1990-12-17,1.25,1.25,1.25,1.25,1.1789215803146362,-0.595391597529184,0.0,0.0,0.0
1990-12-18,1.25,1.25,1.25,1.25,1.1789215803146362,-0.5810419755369383,0.0,0.0,0.0
1990-12-19,1.25,1.25,1.25,1.25,1.1789215803146362,-0.5945943963073925,0.0,0.0,0.0
1990-12-20,1.25,1.375,1.25,1.25,1.1789215803146362,-0.5834335792023125,0.0,0.0,0.0
1990-12-21,1.25,1.25,1.25,1.25,1.1789215803146362,-0.5906083901984354,0.0,0.0,0.0
1990-12-24,1.25,1.25,1.25,1.25,1.1789215803146362,-0.5866223840894782,0.0,0.0,0.0
1990-12-26,1.25,1.25,1.125,1.125,1.0610294342041016,-0.5387903107819924,-9.999998988827665,-0.1178921461105346,-0.11789214611053467
1990-12-27,1.125,1.125,1.0,1.0,0.9431373476982116,-0.4845806277001751,-11.111104245126157,-0.11789208650589,-0.11789208650589
1990-12-28,1.0,1.0,1.0,1.0,0.9431373476982116,-0.5427763168909495,0.0,0.0,0.0
1990-12-31,1.0,1.25,1.0,1.25,1.1789215803146362,-0.5762587682061896,24.99998894030351,0.2357842326164246,0.23578423261642467
1991-01-02,1.25,1.25,1.25,1.25,1.1789215803146362,-0.595391597529184,0.0,0.0,0.0
1991-01-03,1.25,1.25,1.25,1.25,1.1789215803146362,-0.595391597529184,0.0,0.0,0.0
1991-01-04,1.25,1.25,1.25,1.25,1.1789215803146362,-0.5914055914202269,0.0,0.0,0.0
1991-01-07,1.25,1.25,1.25,1.25,1.1789215803146362,-0.595391597529184,0.0,0.0,0.0
1991-01-08,1.125,1.125,1.125,1.125,1.0610294342041016,-0.5874195853112697,-9.999998988827665,-0.1178921461105346,-0.11789214611053467
1991-01-09,1.125,1.125,1.125,1.125,1.0610294342041016,-0.5929999938638097,0.0,0.0,0.0
1991-01-10,1.125,1.125,1.125,1.125,1.0610294342041016,-0.595391597529184,0.0,0.0,0.0
1991-01-11,1.125,1.125,1.125,1.125,1.0610294342041016,-0.595391597529184,0.0,0.0,0.0
1991-01-14,1.125,1.125,1.125,1.125,1.0610294342041016,-0.595391597529184,0.0,0.0,0.0
1991-01-15,1.125,1.125,1.125,1.125,1.0610294342041016,-0.595391597529184,0.0,0.0,0.0
1991-01-16,1.125,1.125,1.125,1.125,1.0610294342041016,-0.5874195853112697,0.0,0.0,0.0
1991-01-17,1.125,1.125,1.125,1.125,1.0610294342041016,-0.595391597529184,0.0,0.0,0.0
1991-01-18,1.125,1.125,1.125,1.125,1.0610294342041016,-0.595391597529184,0.0,0.0,0.0
1991-01-21,1.125,1.125,1.125,1.125,1.0610294342041016,-0.595391597529184,0.0,0.0,0.0
1991-01-22,1.125,1.125,1.125,1.125,1.0610294342041016,-0.595391597529184,0.0,0.0,0.0
1991-01-23,1.25,1.25,1.25,1.25,1.1789215803146362,-0.5922027926420182,11.111109862750212,0.1178921461105346,0.11789214611053467
1991-01-24,1.125,1.125,1.125,1.125,1.0610294342041016,-0.5882167865330611,-9.999998988827665,-0.1178921461105346,-0.11789214611053467
1991-01-25,1.125,1.125,1.125,1.125,1.0610294342041016,-0.595391597529184,0.0,0.0,0.0
1991-01-28,1.125,1.125,1.125,1.125,1.0610294342041016,-0.595391597529184,0.0,0.0,0.0
1991-01-29,1.125,1.125,1.125,1.125,1.0610294342041016,-0.595391597529184,0.0,0.0,0.0
1991-01-30,1.125,1.125,1.125,1.125,1.0610294342041016,-0.595391597529184,0.0,0.0,0.0
1991-01-31,1.125,1.25,1.125,1.125,1.0610294342041016,-0.578650371871564,0.0,0.0,0.0
1991-02-01,1.25,1.375,1.25,1.25,1.1789215803146362,-0.5579231401049868,11.111109862750212,0.1178921461105346,0.11789214611053467
1991-02-04,1.125,1.125,1.125,1.125,1.0610294342041016,-0.5595175425485696,-9.999998988827665,-0.1178921461105346,-0.11789214611053467
1991-02-05,1.125,1.25,1.125,1.25,1.1789215803146362,-0.5914055914202269,11.111109862750212,0.1178921461105346,0.11789214611053467
1991-02-06,1.25,1.25,1.125,1.25,1.1789215803146362,-0.5906083901984354,0.0,0.0,0.0
1991-02-07,1.125,1.125,1.125,1.125,1.0610294342041016,-0.5850279816458954,-9.999998988827665,-0.1178921461105346,-0.11789214611053467
1991-02-08,1.125,1.125,1.125,1.125,1.0610294342041016,-0.595391597529184,0.0,0.0,0.0
1991-02-11,1.125,1.125,1.125,1.125,1.0610294342041016,-0.5945943963073925,0.0,0.0,0.0
1991-02-12,1.25,1.25,1.25,1.25,1.1789215803146362,-0.5794475730933554,11.111109862750212,0.1178921461105346,0.11789214611053467
1991-02-13,1.25,1.25,1.25,1.25,1.1789215803146362,-0.595391597529184,0.0,0.0,0.0
1991-02-14,1.125,1.125,1.125,1.125,1.0610294342041016,-0.5945943963073925,-9.999998988827665,-0.1178921461105346,-0.11789214611053467
1991-02-15,1.25,1.25,1.25,1.25,1.1789215803146362,-0.5539371339960296,11.111109862750212,0.1178921461105346,0.11789214611053467
1991-02-19,1.25,1.25,1.25,1.25,1.1789215803146362,-0.5555315364396124,0.0,0.0,0.0
1991-02-20,1.375,1.375,1.375,1.375,1.2968138456344604,-0.5890139877548526,10.000009100551075,0.1178922653198242,0.11789226531982422
1991-02-21,1.375,1.375,1.375,1.375,1.2968138456344604,-0.595391597529184,0.0,0.0,0.0
1991-02-22,1.375,1.375,1.375,1.375,1.2968138456344604,-0.595391597529184,0.0,0.0,0.0
1991-02-25,1.375,1.375,1.375,1.375,1.2968138456344604,-0.595391597529184,0.0,0.0,0.0
1991-02-26,1.25,1.25,1.25,1.25,1.1789215803146362,-0.5945943963073925,-9.090916612025058,-0.1178922653198242,-0.11789226531982422
1991-02-27,1.25,1.25,1.25,1.25,1.1789215803146362,-0.5929999938638097,0.0,0.0,0.0
1991-02-28,1.25,1.25,1.25,1.25,1.1789215803146362,-0.595391597529184,0.0,0.0,0.0
1991-03-01,1.25,1.25,1.25,1.25,1.1789215803146362,-0.5937971950856011,0.0,0.0,0.0
1991-03-04,1.25,1.25,1.25,1.25,1.1789215803146362,-0.5945943963073925,0.0,0.0,0.0
1991-03-05,1.25,1.25,1.25,1.25,1.1789215803146362,-0.5906083901984354,0.0,0.0,0.0
1991-03-06,1.125,1.125,1.125,1.125,1.0610294342041016,-0.5929999938638097,-9.999998988827665,-0.1178921461105346,-0.11789214611053467
1991-03-07,1.125,1.125,1.125,1.125,1.0610294342041016,-0.578650371871564,0.0,0.0,0.0
1991-03-08,1.125,1.125,1.125,1.125,1.0610294342041016,-0.595391597529184,0.0,0.0,0.0
1991-03-11,1.125,1.125,1.125,1.125,1.0610294342041016,-0.5834335792023125,0.0,0.0,0.0
1991-03-12,1.0,1.0,1.0,1.0,0.9431373476982116,-0.5156714753500409,-11.111104245126157,-0.11789208650589,-0.11789208650589
1991-03-13,1.125,1.125,1.125,1.125,1.0610294342041016,-0.571475560875441,12.499991310238467,0.11789208650589,0.11789208650589
1991-03-14,1.125,1.125,1.125,1.125,1.0610294342041016,-0.5874195853112697,0.0,0.0,0.0
1991-03-15,1.125,1.125,1.125,1.125,1.0610294342041016,-0.5834335792023125,0.0,0.0,0.0
1991-03-18,1.125,1.125,1.125,1.125,1.0610294342041016,-0.595391597529184,0.0,0.0,0.0
1991-03-19,1.125,1.125,1.125,1.125,1.0610294342041016,-0.5929999938638097,0.0,0.0,0.0
1991-03-20,1.125,1.25,1.125,1.125,1.0610294342041016,-0.5866223840894782,0.0,0.0,0.0
1991-03-21,1.125,1.125,1.125,1.125,1.0610294342041016,-0.595391597529184,0.0,0.0,0.0
1991-03-22,1.125,1.125,1.125,1.125,1.0610294342041016,-0.5874195853112697,0.0,0.0,0.0
1991-03-25,1.125,1.125,1.125,1.125,1.0610294342041016,-0.5945943963073925,0.0,0.0,0.0
1991-03-26,1.125,1.125,1.125,1.125,1.0610294342041016,-0.5834335792023125,0.0,0.0,0.0
1991-03-27,1.125,1.125,1.125,1.125,1.0610294342041016,-0.5555315364396124,0.0,0.0,0.0
1991-03-28,1.125,1.125,1.125,1.125,1.0610294342041016,-0.595391597529184,0.0,0.0,0.0
1991-04-01,1.125,1.125,1.125,1.125,1.0610294342041016,-0.5906083901984354,0.0,0.0,0.0
1991-04-02,1.125,1.125,1.125,1.125,1.0610294342041016,-0.5555315364396124,0.0,0.0,0.0
1991-04-03,1.125,1.25,1.125,1.125,1.0610294342041016,-0.5850279816458954,0.0,0.0,0.0
1991-04-04,1.125,1.125,1.125,1.125,1.0610294342041016,-0.5874195853112697,0.0,0.0,0.0
1991-04-05,1.125,1.125,1.125,1.125,1.0610294342041016,-0.595391597529184,0.0,0.0,0.0
1991-04-08,1.125,1.125,1.125,1.125,1.0610294342041016,-0.595391597529184,0.0,0.0,0.0
1991-04-09,1.125,1.125,1.125,1.125,1.0610294342041016,-0.595391597529184,0.0,0.0,0.0
1991-04-10,1.0,1.0,1.0,1.0,0.9431373476982116,-0.5499511278870725,-11.111104245126157,-0.11789208650589,-0.11789208650589
1991-04-11,1.0,1.0,1.0,1.0,0.9431373476982116,-0.595391597529184,0.0,0.0,0.0
1991-04-12,1.0,1.0,1.0,1.0,0.9431373476982116,-0.5922027926420182,0.0,0.0,0.0
1991-04-15,1.0,1.0,1.0,1.0,0.9431373476982116,-0.5762587682061896,0.0,0.0,0.0
1991-04-16,1.125,1.125,1.125,1.125,1.0610294342041016,-0.571475560875441,12.499991310238467,0.11789208650589,0.11789208650589
1991-04-17,1.125,1.125,1.125,1.125,1.0610294342041016,-0.595391597529184,0.0,0.0,0.0
1991-04-18,1.125,1.125,1.125,1.125,1.0610294342041016,-0.595391597529184,0.0,0.0,0.0
1991-04-19,1.0,1.0,1.0,1.0,0.9431373476982116,-0.5794475730933554,-11.111104245126157,-0.11789208650589,-0.11789208650589
1991-04-22,1.0,1.125,1.0,1.125,1.0610294342041016,-0.5627063474357353,12.499991310238467,0.11789208650589,0.11789208650589
1991-04-23,1.0,1.0,1.0,1.0,0.9431373476982116,-0.5874195853112697,-11.111104245126157,-0.11789208650589,-0.11789208650589
1991-04-24,1.0,1.0,1.0,1.0,0.9431373476982116,-0.595391597529184,0.0,0.0,0.0
1991-04-25,1.0,1.0,1.0,1.0,0.9431373476982116,-0.595391597529184,0.0,0.0,0.0
1991-04-26,1.0,1.0,1.0,1.0,0.9431373476982116,-0.5945943963073925,0.0,0.0,0.0
1991-04-29,1.0,1.0,1.0,1.0,0.9431373476982116,-0.5858251828676868,0.0,0.0,0.0
1991-04-30,1.0,1.0,1.0,1.0,0.9431373476982116,-0.595391597529184,0.0,0.0,0.0
1991-05-01,1.0,1.0,1.0,1.0,0.9431373476982116,-0.595391597529184,0.0,0.0,0.0
1991-05-02,1.0,1.0,1.0,1.0,0.9431373476982116,-0.5148742741282495,0.0,0.0,0.0
1991-05-03,1.0,1.0,1.0,1.0,0.9431373476982116,-0.595391597529184,0.0,0.0,0.0
1991-05-06,1.0,1.0,1.0,1.0,0.9431373476982116,-0.5882167865330611,0.0,0.0,0.0
1991-05-07,1.0,1.0,1.0,1.0,0.9431373476982116,-0.5874195853112697,0.0,0.0,0.0
1991-05-08,1.0,1.0,1.0,1.0,0.9431373476982116,-0.595391597529184,0.0,0.0,0.0
1991-05-09,1.0,1.0,1.0,1.0,0.9431373476982116,-0.5906083901984354,0.0,0.0,0.0
1991-05-10,1.0,1.0,1.0,1.0,0.9431373476982116,-0.5945943963073925,0.0,0.0,0.0
1991-05-13,1.0,1.0,1.0,1.0,0.9431373476982116,-0.595391597529184,0.0,0.0,0.0
1991-05-14,1.0,1.0,1.0,1.0,0.9431373476982116,-0.595391597529184,0.0,0.0,0.0
1991-05-15,1.0,1.0,1.0,1.0,0.9431373476982116,-0.595391597529184,0.0,0.0,0.0
1991-05-16,1.0,1.0,1.0,1.0,0.9431373476982116,-0.5922027926420182,0.0,0.0,0.0
1991-05-17,1.0,1.0,1.0,1.0,0.9431373476982116,-0.5929999938638097,0.0,0.0,0.0
1991-05-20,1.125,1.125,1.125,1.125,1.0610294342041016,-0.5555315364396124,12.499991310238467,0.11789208650589,0.11789208650589
1991-05-21,1.125,1.125,1.125,1.125,1.0610294342041016,-0.5794475730933554,0.0,0.0,0.0
1991-05-22,1.125,1.125,1.125,1.125,1.0610294342041016,-0.595391597529184,0.0,0.0,0.0
1991-05-23,1.125,1.125,1.125,1.125,1.0610294342041016,-0.595391597529184,0.0,0.0,0.0
1991-05-24,1.125,1.125,1.125,1.125,1.0610294342041016,-0.595391597529184,0.0,0.0,0.0
1991-05-28,1.125,1.125,1.125,1.125,1.0610294342041016,-0.5906083901984354,0.0,0.0,0.0
1991-05-29,1.125,1.125,1.125,1.125,1.0610294342041016,-0.595391597529184,0.0,0.0,0.0
1991-05-30,1.125,1.125,1.125,1.125,1.0610294342041016,-0.595391597529184,0.0,0.0,0.0
1991-05-31,1.125,1.125,1.125,1.125,1.0610294342041016,-0.595391597529184,0.0,0.0,0.0
1991-06-03,1.0,1.0,1.0,1.0,0.9431373476982116,-0.5874195853112697,-11.111104245126157,-0.11789208650589,-0.11789208650589
1991-06-04,1.0,1.0,1.0,1.0,0.9431373476982116,-0.595391597529184,0.0,0.0,0.0
1991-06-05,1.0,1.0,1.0,1.0,0.9431373476982116,-0.595391597529184,0.0,0.0,0.0
1991-06-06,1.0,1.0,1.0,1.0,0.9431373476982116,-0.595391597529184,0.0,0.0,0.0
1991-06-07,1.125,1.125,1.125,1.125,1.0610294342041016,-0.5770559694279811,12.499991310238467,0.11789208650589,0.11789208650589
1991-06-10,1.125,1.125,1.125,1.125,1.0610294342041016,-0.595391597529184,0.0,0.0,0.0
1991-06-11,1.125,1.125,1.125,1.125,1.0610294342041016,-0.5945943963073925,0.0,0.0,0.0
1991-06-12,1.125,1.125,1.125,1.125,1.0610294342041016,-0.595391597529184,0.0,0.0,0.0
1991-06-13,1.125,1.125,1.0,1.0,0.9431373476982116,-0.5937971950856011,-11.111104245126157,-0.11789208650589,-0.11789208650589
1991-06-14,1.0,1.0,1.0,1.0,0.9431373476982116,-0.5937971950856011,0.0,0.0,0.0
1991-06-17,1.0,1.0,1.0,1.0,0.9431373476982116,-0.595391597529184,0.0,0.0,0.0
1991-06-18,1.0,1.0,1.0,1.0,0.9431373476982116,-0.5945943963073925,0.0,0.0,0.0
1991-06-19,1.0,1.0,1.0,1.0,0.9431373476982116,-0.5722727620972325,0.0,0.0,0.0
1991-06-20,1.0,1.0,1.0,1.0,0.9431373476982116,-0.589811188976644,0.0,0.0,0.0
1991-06-21,1.0,1.0,1.0,1.0,0.9431373476982116,-0.5794475730933554,0.0,0.0,0.0
1991-06-24,1.0,1.0,1.0,1.0,0.9431373476982116,-0.5555315364396124,0.0,0.0,0.0
1991-06-25,1.125,1.125,1.125,1.125,1.0610294342041016,-0.571475560875441,12.499991310238467,0.11789208650589,0.11789208650589
1991-06-26,1.125,1.125,1.125,1.125,1.0610294342041016,-0.5874195853112697,0.0,0.0,0.0
1991-06-27,1.125,1.125,1.125,1.125,1.0610294342041016,-0.5874195853112697,0.0,0.0,0.0
1991-06-28,1.125,1.125,1.125,1.125,1.0610294342041016,-0.595391597529184,0.0,0.0,0.0
1991-07-01,1.125,1.125,1.125,1.125,1.0610294342041016,-0.5890139877548526,0.0,0.0,0.0
1991-07-02,1.125,1.125,1.0,1.0,0.9431373476982116,-0.5794475730933554,-11.111104245126157,-0.11789208650589,-0.11789208650589
1991-07-03,1.0,1.0,1.0,1.0,0.9431373476982116,-0.595391597529184,0.0,0.0,0.0
1991-07-05,1.0,1.0,1.0,1.0,0.9431373476982116,-0.595391597529184,0.0,0.0,0.0
1991-07-08,1.0,1.0,1.0,1.0,0.9431373476982116,-0.589811188976644,0.0,0.0,0.0
1991-07-09,1.0,1.0,1.0,1.0,0.9431373476982116,-0.5922027926420182,0.0,0.0,0.0
1991-07-10,1.0,1.0,1.0,1.0,0.9431373476982116,-0.5922027926420182,0.0,0.0,0.0
1991-07-11,1.125,1.125,1.125,1.125,1.0610294342041016,-0.5850279816458954,12.499991310238467,0.11789208650589,0.11789208650589
1991-07-12,1.125,1.125,1.125,1.125,1.0610294342041016,-0.5945943963073925,0.0,0.0,0.0
1991-07-15,1.125,1.125,1.125,1.125,1.0610294342041016,-0.5874195853112697,0.0,0.0,0.0
1991-07-16,1.125,1.125,1.125,1.125,1.0610294342041016,-0.595391597529184,0.0,0.0,0.0
1991-07-17,1.0,1.0,1.0,1.0,0.9431373476982116,-0.5770559694279811,-11.111104245126157,-0.11789208650589,-0.11789208650589
1991-07-18,1.0,1.0,1.0,1.0,0.9431373476982116,-0.595391597529184,0.0,0.0,0.0
1991-07-19,1.0,1.0,1.0,1.0,0.9431373476982116,-0.5858251828676868,0.0,0.0,0.0
1991-07-22,1.0,1.0,1.0,1.0,0.9431373476982116,-0.5834335792023125,0.0,0.0,0.0
1991-07-23,1.0,1.0,1.0,1.0,0.9431373476982116,-0.595391597529184,0.0,0.0,0.0
1991-07-24,1.0,1.0,1.0,1.0,0.9431373476982116,-0.595391597529184,0.0,0.0,0.0
1991-07-25,1.0,1.0,1.0,1.0,0.9431373476982116,-0.5945943963073925,0.0,0.0,0.0
1991-07-26,1.0,1.0,1.0,1.0,0.9431373476982116,-0.595391597529184,0.0,0.0,0.0
1991-07-29,1.0,1.0,1.0,1.0,0.9431373476982116,-0.595391597529184,0.0,0.0,0.0
1991-07-30,1.0,1.125,1.0,1.125,1.0610294342041016,-0.5738671645408153,12.499991310238467,0.11789208650589,0.11789208650589
1991-07-31,1.125,1.125,1.125,1.125,1.0610294342041016,-0.5619091462139439,0.0,0.0,0.0
1991-08-01,1.125,1.25,1.125,1.125,1.0610294342041016,-0.5754615669843982,0.0,0.0,0.0
1991-08-02,1.125,1.125,1.125,1.125,1.0610294342041016,-0.595391597529184,0.0,0.0,0.0
1991-08-05,1.125,1.125,1.125,1.125,1.0610294342041016,-0.5874195853112697,0.0,0.0,0.0
1991-08-06,1.125,1.25,1.125,1.125,1.0610294342041016,-0.5635035486575267,0.0,0.0,0.0
1991-08-07,1.125,1.25,1.125,1.125,1.0610294342041016,-0.5635035486575267,0.0,0.0,0.0
1991-08-08,1.125,1.25,1.125,1.125,1.0610294342041016,-0.5698811584318582,0.0,0.0,0.0
1991-08-09,1.25,1.25,1.25,1.25,1.1789215803146362,-0.5794475730933554,11.111109862750212,0.1178921461105346,0.11789214611053467
1991-08-12,1.25,1.25,1.25,1.25,1.1789215803146362,-0.5882167865330611,0.0,0.0,0.0
1991-08-13,1.375,1.625,1.375,1.5,1.4147058725357056,-0.5427763168909495,19.99999797765533,0.2357842922210693,0.23578429222106934
1991-08-14,1.5,1.625,1.5,1.625,1.5325982570648191,-0.0437283520495138,8.33334948400295,0.1178923845291135,0.11789238452911355
1991-08-15,1.75,1.75,1.75,1.75,1.6504902839660645,-0.5419791156691581,7.692298119079699,0.1178920269012453,0.11789202690124534
1991-08-16,1.75,1.75,1.75,1.75,1.6504902839660645,-0.5316154997858695,0.0,0.0,0.0
1991-08-19,1.625,1.625,1.625,1.625,1.5325982570648191,-0.5826363779805211,-7.14284888838942,-0.1178920269012453,-0.11789202690124534
1991-08-20,1.625,1.625,1.5,1.5,1.4147058725357056,-0.5746643657626068,-7.692321453822936,-0.1178923845291135,-0.11789238452911355
1991-08-21,1.5,1.5,1.5,1.5,1.4147058725357056,-0.5874195853112697,0.0,0.0,0.0
1991-08-22,1.375,1.375,1.25,1.25,1.1789215803146362,-0.5794475730933554,-16.666665262260615,-0.2357842922210693,-0.23578429222106934
1991-08-23,1.25,1.375,1.25,1.375,1.2968138456344604,-0.5794475730933554,10.000009100551075,0.1178922653198242,0.11789226531982422
1991-08-26,1.5,1.625,1.5,1.625,1.5325982570648191,-0.5603147437703611,18.181824031575022,0.2357844114303586,0.23578441143035866
1991-08-27,1.75,1.75,1.75,1.75,1.6504902839660645,-0.5475595242216982,7.692298119079699,0.1178920269012453,0.11789202690124534
1991-08-28,1.75,1.75,1.625,1.75,1.6504902839660645,-0.5356015058948267,0.0,0.0,0.0
1991-08-29,1.625,1.625,1.625,1.625,1.5325982570648191,-0.5858251828676868,-7.14284888838942,-0.1178920269012453,-0.11789202690124534
1991-08-30,1.625,1.625,1.5,1.625,1.5325982570648191,-0.5858251828676868,0.0,0.0,0.0
1991-09-03,1.625,1.625,1.625,1.625,1.5325982570648191,-0.595391597529184,0.0,0.0,0.0
1991-09-04,1.625,1.625,1.625,1.625,1.5325982570648191,-0.595391597529184,0.0,0.0,0.0
1991-09-05,1.625,1.625,1.625,1.625,1.5325982570648191,-0.5937971950856011,0.0,0.0,0.0
1991-09-06,1.625,1.625,1.625,1.625,1.5325982570648191,-0.5914055914202269,0.0,0.0,0.0
1991-09-09,1.625,1.625,1.625,1.625,1.5325982570648191,-0.5858251828676868,0.0,0.0,0.0
1991-09-10,1.625,1.625,1.625,1.625,1.5325982570648191,-0.595391597529184,0.0,0.0,0.0
1991-09-11,1.625,1.625,1.625,1.625,1.5325982570648191,-0.595391597529184,0.0,0.0,0.0
1991-09-12,1.625,1.625,1.5,1.5,1.4147058725357056,-0.5682867559882754,-7.692321453822936,-0.1178923845291135,-0.11789238452911355
1991-09-13,1.5,1.5,1.5,1.5,1.4147058725357056,-0.595391597529184,0.0,0.0,0.0
1991-09-16,1.625,1.75,1.625,1.625,1.5325982570648191,-0.5316154997858695,8.33334948400295,0.1178923845291135,0.11789238452911355
1991-09-17,1.625,1.625,1.625,1.625,1.5325982570648191,-0.5922027926420182,0.0,0.0,0.0
1991-09-18,1.75,1.75,1.75,1.75,1.6504902839660645,-0.5778531706497725,7.692298119079699,0.1178920269012453,0.11789202690124534
1991-09-19,1.75,2.125,1.75,2.125,2.004166841506958,-0.5443707193345324,21.428575555805303,0.3536765575408935,0.35367655754089355
1991-09-20,2.125,2.375,2.125,2.25,2.122058868408203,-0.4774058167040522,5.882345943444545,0.1178920269012451,0.11789202690124512
1991-09-23,2.25,2.375,2.25,2.25,2.122058868408203,-0.5443707193345324,0.0,0.0,0.0
1991-09-24,2.375,2.375,2.375,2.375,2.239951133728028,-0.5515455303306553,5.555560548999194,0.1178922653198246,0.11789226531982466
1991-09-25,2.375,2.375,2.25,2.25,2.122058868408203,-0.5818391767587296,-5.263162376386865,-0.1178922653198246,-0.11789226531982466
1991-09-26,2.25,2.375,2.25,2.375,2.239951133728028,-0.5666923535446925,5.555560548999194,0.1178922653198246,0.11789226531982466
1991-09-27,2.375,2.375,2.25,2.25,2.122058868408203,-0.5722727620972325,-5.263162376386865,-0.1178922653198246,-0.11789226531982466
1991-09-30,2.25,2.375,2.25,2.25,2.122058868408203,-0.5890139877548526,0.0,0.0,0.0
1991-10-01,2.125,2.125,2.125,2.125,2.004166841506958,-0.5874195853112697,-5.55554931375104,-0.1178920269012451,-0.11789202690124512
1991-10-02,2.125,2.125,2.125,2.125,2.004166841506958,-0.5754615669843982,0.0,0.0,0.0
1991-10-03,2.125,2.125,2.0,2.0,1.886274695396424,-0.5475595242216982,-5.882351891516668,-0.1178921461105344,-0.117892146110534
1991-10-04,2.0,2.0,2.0,2.0,1.886274695396424,-0.5826363779805211,0.0,0.0,0.0
1991-10-07,1.875,1.875,1.875,1.875,1.7683824300765991,-0.5794475730933554,-6.250005134859105,-0.1178922653198244,-0.11789226531982488
1991-10-08,1.875,1.875,1.875,1.875,1.7683824300765991,-0.5937971950856011,0.0,0.0,0.0
1991-10-09,1.875,1.875,1.875,1.875,1.7683824300765991,-0.595391597529184,0.0,0.0,0.0
1991-10-10,1.875,1.875,1.875,1.875,1.7683824300765991,-0.595391597529184,0.0,0.0,0.0
1991-10-11,1.75,1.75,1.75,1.75,1.6504902839660645,-0.5794475730933554,-6.666665767846835,-0.1178921461105346,-0.11789214611053467
1991-10-14,1.75,1.875,1.75,1.875,1.7683824300765991,-0.5842307804241039,7.142856111048679,0.1178921461105346,0.11789214611053467
1991-10-15,1.875,1.875,1.75,1.875,1.7683824300765991,-0.5810419755369383,0.0,0.0,0.0
1991-10-16,1.75,1.75,1.75,1.75,1.6504902839660645,-0.5890139877548526,-6.666665767846835,-0.1178921461105346,-0.11789214611053467
1991-10-17,1.875,2.0,1.875,2.0,1.886274695396424,-0.5475595242216982,14.285719444756628,0.2357844114303591,0.23578441143035955
1991-10-18,1.875,1.875,1.875,1.875,1.7683824300765991,-0.5914055914202269,-6.250005134859105,-0.1178922653198244,-0.11789226531982488
1991-10-21,1.875,1.875,1.875,1.875,1.7683824300765991,-0.595391597529184,0.0,0.0,0.0
1991-10-22,1.875,1.875,1.875,1.875,1.7683824300765991,-0.595391597529184,0.0,0.0,0.0
1991-10-23,1.875,1.875,1.875,1.875,1.7683824300765991,-0.595391597529184,0.0,0.0,0.0
1991-10-24,1.875,1.875,1.875,1.875,1.7683824300765991,-0.595391597529184,0.0,0.0,0.0
1991-10-25,1.75,1.75,1.75,1.75,1.6504902839660645,-0.5914055914202269,-6.666665767846835,-0.1178921461105346,-0.11789214611053467
1991-10-28,1.75,1.75,1.75,1.75,1.6504902839660645,-0.595391597529184,0.0,0.0,0.0
1991-10-29,1.75,1.875,1.75,1.75,1.6504902839660645,-0.578650371871564,0.0,0.0,0.0
1991-10-30,1.75,1.75,1.75,1.75,1.6504902839660645,-0.5874195853112697,0.0,0.0,0.0
1991-10-31,1.75,1.75,1.75,1.75,1.6504902839660645,-0.595391597529184,0.0,0.0,0.0
1991-11-01,1.75,1.75,1.75,1.75,1.6504902839660645,-0.595391597529184,0.0,0.0,0.0
1991-11-04,1.625,1.625,1.5,1.5,1.4147058725357056,-0.4981330484706294,-14.285719444756628,-0.2357844114303589,-0.2357844114303589
1991-11-05,1.5,1.5,1.5,1.5,1.4147058725357056,-0.595391597529184,0.0,0.0,0.0
1991-11-06,1.5,1.5,1.5,1.5,1.4147058725357056,-0.5922027926420182,0.0,0.0,0.0
1991-11-07,1.5,1.5,1.5,1.5,1.4147058725357056,-0.595391597529184,0.0,0.0,0.0
1991-11-08,1.375,1.375,1.375,1.375,1.2968138456344604,-0.5515455303306553,-8.333324204693982,-0.1178920269012451,-0.11789202690124512
1991-11-11,1.5,1.5,1.5,1.5,1.4147058725357056,-0.589811188976644,9.090898227074916,0.1178920269012451,0.11789202690124512
1991-11-12,1.5,1.625,1.5,1.5,1.4147058725357056,-0.5595175425485696,0.0,0.0,0.0
1991-11-13,1.5,1.5,1.5,1.5,1.4147058725357056,-0.595391597529184,0.0,0.0,0.0
1991-11-14,1.5,1.5,1.375,1.375,1.2968138456344604,-0.5108882680192923,-8.333324204693982,-0.1178920269012451,-0.11789202690124512
1991-11-15,1.375,1.375,1.25,1.375,1.2968138456344604,-0.4997274509142123,0.0,0.0,0.0
1991-11-18,1.375,1.375,1.375,1.375,1.2968138456344604,-0.595391597529184,0.0,0.0,0.0
1991-11-19,1.25,1.25,1.25,1.25,1.1789215803146362,-0.5874195853112697,-9.090916612025058,-0.1178922653198242,-0.11789226531982422
1991-11-20,1.25,1.25,1.25,1.25,1.1789215803146362,-0.595391597529184,0.0,0.0,0.0
1991-11-21,1.375,1.375,1.375,1.375,1.2968138456344604,-0.5507483291088638,10.000009100551075,0.1178922653198242,0.11789226531982422
1991-11-22,1.375,1.5,1.375,1.5,1.4147058725357056,-0.5595175425485696,9.090898227074916,0.1178920269012451,0.11789202690124512
1991-11-25,1.375,1.375,1.375,1.375,1.2968138456344604,-0.5882167865330611,-8.333324204693982,-0.1178920269012451,-0.11789202690124512
1991-11-26,1.375,1.375,1.375,1.375,1.2968138456344604,-0.595391597529184,0.0,0.0,0.0
1991-11-27,1.375,1.375,1.375,1.375,1.2968138456344604,-0.5945943963073925,0.0,0.0,0.0
1991-11-29,1.375,1.375,1.375,1.375,1.2968138456344604,-0.595391597529184,0.0,0.0,0.0
1991-12-02,1.375,1.375,1.375,1.375,1.2968138456344604,-0.5834335792023125,0.0,0.0,0.0
1991-12-03,1.375,1.375,1.25,1.375,1.2968138456344604,-0.5834335792023125,0.0,0.0,0.0
1991-12-04,1.375,1.375,1.25,1.25,1.1789215803146362,-0.5674895547664839,-9.090916612025058,-0.1178922653198242,-0.11789226531982422
1991-12-05,1.25,1.25,1.25,1.25,1.1789215803146362,-0.595391597529184,0.0,0.0,0.0
1991-12-06,1.25,1.25,1.25,1.25,1.1789215803146362,-0.5937971950856011,0.0,0.0,0.0
1991-12-09,1.375,1.375,1.375,1.375,1.2968138456344604,-0.5650979511011096,10.000009100551075,0.1178922653198242,0.11789226531982422
1991-12-10,1.375,1.5,1.375,1.5,1.4147058725357056,-0.5762587682061896,9.090898227074916,0.1178920269012451,0.11789202690124512
1991-12-11,1.5,1.5,1.5,1.5,1.4147058725357056,-0.595391597529184,0.0,0.0,0.0
1991-12-12,1.5,1.5,1.5,1.5,1.4147058725357056,-0.595391597529184,0.0,0.0,0.0
1991-12-13,1.5,1.5,1.375,1.375,1.2968138456344604,-0.5690839572100668,-8.333324204693982,-0.1178920269012451,-0.11789202690124512
1991-12-16,1.375,1.375,1.25,1.25,1.1789215803146362,-0.565895152322901,-9.090916612025058,-0.1178922653198242,-0.11789226531982422
1991-12-17,1.25,1.25,1.25,1.25,1.1789215803146362,-0.5945943963073925,0.0,0.0,0.0
1991-12-18,1.25,1.25,1.25,1.25,1.1789215803146362,-0.5874195853112697,0.0,0.0,0.0
1991-12-19,1.25,1.25,1.25,1.25,1.1789215803146362,-0.5890139877548526,0.0,0.0,0.0
1991-12-20,1.375,1.375,1.375,1.375,1.2968138456344604,-0.5395875120037839,10.000009100551075,0.1178922653198242,0.11789226531982422
1991-12-23,1.375,1.375,1.25,1.25,1.1789215803146362,-0.3355039992251775,-9.090916612025058,-0.1178922653198242,-0.11789226531982422
1991-12-24,1.25,1.25,1.25,1.25,1.1789215803146362,-0.595391597529184,0.0,0.0,0.0
1991-12-26,1.25,1.25,1.25,1.25,1.1789215803146362,-0.595391597529184,0.0,0.0,0.0
1991-12-27,1.25,1.25,1.25,1.25,1.1789215803146362,-0.589811188976644,0.0,0.0,0.0
1991-12-30,1.25,1.25,1.25,1.25,1.1789215803146362,-0.5722727620972325,0.0,0.0,0.0
1991-12-31,1.25,1.375,1.25,1.25,1.1789215803146362,-0.4877694325873408,0.0,0.0,0.0
1992-01-02,1.25,1.25,1.25,1.25,1.1789215803146362,-0.595391597529184,0.0,0.0,0.0
1992-01-03,1.375,1.375,1.375,1.375,1.2968138456344604,-0.5874195853112697,10.000009100551075,0.1178922653198242,0.11789226531982422
1992-01-06,1.25,1.25,1.25,1.25,1.1789215803146362,-0.5866223840894782,-9.090916612025058,-0.1178922653198242,-0.11789226531982422
1992-01-07,1.25,1.25,1.25,1.25,1.1789215803146362,-0.595391597529184,0.0,0.0,0.0
1992-01-08,1.25,1.25,1.25,1.25,1.1789215803146362,-0.595391597529184,0.0,0.0,0.0
1992-01-09,1.375,1.375,1.375,1.375,1.2968138456344604,-0.5914055914202269,10.000009100551075,0.1178922653198242,0.11789226531982422
1992-01-10,1.375,1.5,1.25,1.5,1.4147058725357056,-0.5475595242216982,9.090898227074916,0.1178920269012451,0.11789202690124512
1992-01-13,1.375,1.375,1.375,1.375,1.2968138456344604,-0.5945943963073925,-8.333324204693982,-0.1178920269012451,-0.11789202690124512
1992-01-14,1.375,1.375,1.375,1.375,1.2968138456344604,-0.5929999938638097,0.0,0.0,0.0
1992-01-15,1.5,1.5,1.5,1.5,1.4147058725357056,-0.5914055914202269,9.090898227074916,0.1178920269012451,0.11789202690124512
1992-01-16,1.5,1.5,1.5,1.5,1.4147058725357056,-0.595391597529184,0.0,0.0,0.0
1992-01-17,1.5,1.5,1.5,1.5,1.4147058725357056,-0.5914055914202269,0.0,0.0,0.0
1992-01-20,1.5,1.5,1.375,1.5,1.4147058725357056,-0.5882167865330611,0.0,0.0,0.0
1992-01-21,1.5,1.625,1.375,1.375,1.2968138456344604,-0.5579231401049868,-8.333324204693982,-0.1178920269012451,-0.11789202690124512
1992-01-22,1.375,1.375,1.375,1.375,1.2968138456344604,-0.5937971950856011,0.0,0.0,0.0
1992-01-23,1.375,1.375,1.375,1.375,1.2968138456344604,-0.595391597529184,0.0,0.0,0.0
1992-01-24,1.375,1.5,1.375,1.375,1.2968138456344604,-0.5690839572100668,0.0,0.0,0.0
1992-01-27,1.375,1.625,1.375,1.625,1.5325982570648191,-0.5587203413267782,18.181824031575022,0.2357844114303586,0.23578441143035866
1992-01-28,1.625,1.75,1.5,1.625,1.5325982570648191,-0.5300210973422866,0.0,0.0,0.0
1992-01-29,1.625,1.625,1.625,1.625,1.5325982570648191,-0.595391597529184,0.0,0.0,0.0
1992-01-30,1.625,1.625,1.625,1.625,1.5325982570648191,-0.595391597529184,0.0,0.0,0.0
1992-01-31,1.625,1.625,1.625,1.625,1.5325982570648191,-0.5643007498793182,0.0,0.0,0.0
1992-02-03,1.625,1.625,1.5,1.5,1.4147058725357056,-0.5722727620972325,-7.692321453822936,-0.1178923845291135,-0.11789238452911355
1992-02-04,1.5,1.5,1.5,1.5,1.4147058725357056,-0.595391597529184,0.0,0.0,0.0
1992-02-05,1.625,1.625,1.625,1.625,1.5325982570648191,-0.5874195853112697,8.33334948400295,0.1178923845291135,0.11789238452911355
1992-02-06,1.625,1.625,1.5,1.625,1.5325982570648191,-0.5188602802372067,0.0,0.0,0.0
1992-02-07,1.625,1.625,1.625,1.625,1.5325982570648191,-0.595391597529184,0.0,0.0,0.0
1992-02-10,1.625,1.625,1.625,1.625,1.5325982570648191,-0.595391597529184,0.0,0.0,0.0
1992-02-11,1.75,1.75,1.75,1.75,1.6504902839660645,-0.5635035486575267,7.692298119079699,0.1178920269012453,0.11789202690124534
1992-02-12,1.75,1.75,1.5,1.625,1.5325982570648191,-0.5395875120037839,-7.14284888838942,-0.1178920269012453,-0.11789202690124534
1992-02-13,1.625,1.625,1.625,1.625,1.5325982570648191,-0.595391597529184,0.0,0.0,0.0
1992-02-14,1.625,1.625,1.625,1.625,1.5325982570648191,-0.5922027926420182,0.0,0.0,0.0
1992-02-18,1.75,1.75,1.75,1.75,1.6504902839660645,-0.5914055914202269,7.692298119079699,0.1178920269012453,0.11789202690124534
1992-02-19,1.75,1.75,1.625,1.75,1.6504902839660645,-0.578650371871564,0.0,0.0,0.0
1992-02-20,1.75,1.75,1.75,1.75,1.6504902839660645,-0.5906083901984354,0.0,0.0,0.0
1992-02-21,1.875,2.0,1.875,2.0,1.886274695396424,-0.5348043046730352,14.285719444756628,0.2357844114303591,0.23578441143035955
1992-02-24,2.125,2.625,2.125,2.5,2.3578431606292725,-0.0580779740417596,24.999988940303464,0.4715684652328489,0.47156846523284845
1992-02-25,2.5,2.5,2.125,2.125,2.004166841506958,-0.3857276761980376,-14.999993427379776,-0.3536763191223144,-0.35367631912231445
1992-02-26,2.0,2.0,1.875,2.0,1.886274695396424,-0.4957414448052551,-5.882351891516668,-0.1178921461105344,-0.117892146110534
1992-02-27,2.0,2.125,2.0,2.125,2.004166841506958,-0.5643007498793182,6.249998815032498,0.1178921461105344,0.117892146110534
1992-02-28,2.125,2.125,2.125,2.125,2.004166841506958,-0.5826363779805211,0.0,0.0,0.0
1992-03-02,2.25,2.25,2.25,2.25,2.122058868408203,-0.5698811584318582,5.882345943444545,0.1178920269012451,0.11789202690124512
1992-03-03,2.25,2.375,2.25,2.375,2.239951133728028,-0.4837834264783837,5.555560548999194,0.1178922653198246,0.11789226531982466
1992-03-04,2.375,2.5,2.375,2.375,2.239951133728028,-0.3897136823069948,0.0,0.0,0.0
1992-03-05,2.375,2.5,2.375,2.375,2.239951133728028,-0.5643007498793182,0.0,0.0,0.0
1992-03-06,2.375,2.375,2.25,2.25,2.122058868408203,-0.5507483291088638,-5.263162376386865,-0.1178922653198246,-0.11789226531982466
1992-03-09,2.25,2.375,2.125,2.375,2.239951133728028,-0.5260350912333295,5.555560548999194,0.1178922653198246,0.11789226531982466
1992-03-10,2.375,2.375,2.375,2.375,2.239951133728028,-0.5706783596536497,0.0,0.0,0.0
1992-03-11,2.375,2.375,2.25,2.375,2.239951133728028,-0.5100910667975009,0.0,0.0,0.0
1992-03-12,2.375,2.375,2.375,2.375,2.239951133728028,-0.5674895547664839,0.0,0.0,0.0
1992-03-13,2.375,2.375,2.375,2.375,2.239951133728028,-0.5395875120037839,0.0,0.0,0.0
1992-03-16,2.375,2.375,2.25,2.25,2.122058868408203,-0.578650371871564,-5.263162376386865,-0.1178922653198246,-0.11789226531982466
1992-03-17,2.25,2.25,2.25,2.25,2.122058868408203,-0.5858251828676868,0.0,0.0,0.0
1992-03-18,2.375,3.25,2.375,2.875,2.711519956588745,0.1420195326278895,27.777791509747708,0.589461088180542,0.589461088180542
1992-03-19,2.875,2.875,2.625,2.75,2.593627691268921,-0.2820915173651517,-4.347829527618153,-0.1178922653198242,-0.11789226531982422
1992-03-20,2.75,2.875,2.5,2.5,2.3578431606292725,-0.2621614868203659,-9.090916612025058,-0.2357845306396484,-0.23578453063964844
1992-03-23,2.5,2.5,2.375,2.5,2.3578431606292725,-0.554734335217821,0.0,0.0,0.0
1992-03-24,2.375,2.375,2.375,2.375,2.239951133728028,-0.5834335792023125,-4.999994438552102,-0.1178920269012446,-0.11789202690124467
1992-03-25,2.375,2.5,2.375,2.5,2.3578431606292725,-0.4319653470619407,5.263151732468052,0.1178920269012446,0.11789202690124467
1992-03-26,2.5,2.625,2.5,2.625,2.475735902786255,-0.4726226093733036,5.000024773722389,0.1178927421569824,0.11789274215698242
1992-03-27,2.625,2.625,2.5,2.5,2.3578431606292725,-0.4518953776067264,-4.761927232395946,-0.1178927421569824,-0.11789274215698242
1992-03-30,2.5,2.625,2.5,2.625,2.475735902786255,-0.5810419755369383,5.000024773722389,0.1178927421569824,0.11789274215698242
1992-03-31,2.625,2.625,2.5,2.5,2.3578431606292725,-0.5635035486575267,-4.761927232395946,-0.1178927421569824,-0.11789274215698242
1992-04-01,2.5,2.5,2.5,2.5,2.3578431606292725,-0.5292238961204953,0.0,0.0,0.0
1992-04-02,2.5,2.5,2.375,2.375,2.239951133728028,-0.4845806277001751,-4.999994438552102,-0.1178920269012446,-0.11789202690124467
1992-04-03,2.375,2.5,2.125,2.5,2.3578431606292725,-0.4319653470619407,5.263151732468052,0.1178920269012446,0.11789202690124467
1992-04-06,2.5,2.625,2.5,2.5,2.3578431606292725,-0.3115879625714346,0.0,0.0,0.0
1992-04-07,2.5,2.625,2.5,2.5,2.3578431606292725,-0.4558813837156836,0.0,0.0,0.0
1992-04-08,2.5,2.625,2.5,2.5,2.3578431606292725,-0.4160213226261121,0.0,0.0,0.0
1992-04-09,2.5,2.5,2.5,2.5,2.3578431606292725,-0.543573518112741,0.0,0.0,0.0
1992-04-10,2.5,2.5,2.375,2.375,2.239951133728028,-0.3203571760111403,-4.999994438552102,-0.1178920269012446,-0.11789202690124467
1992-04-13,2.375,2.5,2.375,2.5,2.3578431606292725,-0.3076019564624774,5.263151732468052,0.1178920269012446,0.11789202690124467
1992-04-14,2.5,2.625,2.5,2.625,2.475735902786255,-0.4192101275132778,5.000024773722389,0.1178927421569824,0.11789274215698242
1992-04-15,2.625,2.625,2.5,2.625,2.475735902786255,-0.3139795662368089,0.0,0.0,0.0
1992-04-16,2.625,2.625,2.5,2.625,2.475735902786255,-0.4534897800503093,0.0,0.0,0.0
1992-04-20,2.625,2.625,2.5,2.5,2.3578431606292725,-0.5738671645408153,-4.761927232395946,-0.1178927421569824,-0.11789274215698242
1992-04-21,2.5,2.625,2.5,2.5,2.3578431606292725,-0.4997274509142123,0.0,0.0,0.0
1992-04-22,2.5,2.625,2.5,2.5,2.3578431606292725,-0.5356015058948267,0.0,0.0,0.0
1992-04-23,2.5,2.625,2.5,2.5,2.3578431606292725,-0.5563287376614039,0.0,0.0,0.0
1992-04-24,2.625,2.75,2.625,2.75,2.593627691268921,-0.4805946215912179,10.000009100551075,0.2357845306396484,0.23578453063964844
1992-04-27,2.75,2.75,2.75,2.75,2.593627691268921,-0.5914055914202269,0.0,0.0,0.0
1992-04-28,2.75,2.875,2.75,2.875,2.711519956588745,-0.4877694325873408,4.54545830601254,0.1178922653198242,0.11789226531982422
1992-04-29,2.875,2.875,2.75,2.875,2.711519956588745,-0.3921052859723691,0.0,0.0,0.0
1992-04-30,2.875,2.875,2.875,2.875,2.711519956588745,-0.5037134570231695,0.0,0.0,0.0
1992-05-01,2.875,3.125,2.875,3.125,2.9473042488098145,-0.0947492302441654,8.695650262434373,0.2357842922210693,0.23578429222106934
1992-05-04,3.125,3.25,3.125,3.25,3.0651965141296387,-0.1019240412402883,4.00000323575116,0.1178922653198242,0.11789226531982422
1992-05-05,3.25,3.25,2.75,3.0,2.829411745071411,-0.001476687294568,-7.692321453822959,-0.2357847690582275,-0.23578476905822754
1992-05-06,3.0,3.0,3.0,3.0,2.829411745071411,-0.4678394020425551,0.0,0.0,0.0
1992-05-07,3.0,3.25,3.0,3.25,3.0651965141296387,-0.5021190545795866,8.33334948400295,0.2357847690582275,0.23578476905822754
1992-05-08,3.25,3.25,3.125,3.125,2.9473042488098145,-0.5188602802372067,-3.846156837787595,-0.1178922653198242,-0.11789226531982422
1992-05-11,3.125,3.25,3.125,3.25,3.0651965141296387,-0.4327625482837321,4.00000323575116,0.1178922653198242,0.11789226531982422
1992-05-12,3.125,3.125,3.0,3.125,2.9473042488098145,-0.5395875120037839,-3.846156837787595,-0.1178922653198242,-0.11789226531982422
1992-05-13,3.125,3.125,3.125,3.125,2.9473042488098145,-0.5794475730933554,0.0,0.0,0.0
1992-05-14,3.125,3.125,3.0,3.125,2.9473042488098145,-0.5132798716846666,0.0,0.0,0.0
1992-05-15,3.125,3.125,3.0,3.0,2.829411745071411,-0.537993109560201,-4.0000113251290825,-0.1178925037384033,-0.11789250373840332
1992-05-18,3.0,3.125,3.0,3.125,2.9473042488098145,-0.5611119449921524,4.166678955219649,0.1178925037384033,0.11789250373840332
1992-05-19,3.125,3.125,3.0,3.0,2.829411745071411,-0.5826363779805211,-4.0000113251290825,-0.1178925037384033,-0.11789250373840332
1992-05-20,3.0,3.0,3.0,3.0,2.829411745071411,-0.578650371871564,0.0,0.0,0.0
1992-05-21,3.0,3.125,2.875,3.0,2.829411745071411,-0.5292238961204953,0.0,0.0,0.0
1992-05-22,3.0,3.125,3.0,3.0,2.829411745071411,-0.5467623229999067,0.0,0.0,0.0
1992-05-26,3.0,3.0,3.0,3.0,2.829411745071411,-0.5858251828676868,0.0,0.0,0.0
1992-05-27,3.0,3.0,3.0,3.0,2.829411745071411,-0.5754615669843982,0.0,0.0,0.0
1992-05-28,3.0,3.0,2.875,2.875,2.711519956588745,-0.5443707193345324,-4.166653675910659,-0.117891788482666,-0.11789178848266602
1992-05-29,2.875,3.0,2.875,3.0,2.829411745071411,-0.5348043046730352,4.347811942014279,0.117891788482666,0.11789178848266602
1992-06-01,3.125,3.125,3.125,3.125,2.9473042488098145,-0.5140770729064581,4.166678955219649,0.1178925037384033,0.11789250373840332
1992-06-02,3.125,3.125,3.0,3.125,2.9473042488098145,-0.4925526399180894,0.0,0.0,0.0
1992-06-03,3.125,3.25,3.125,3.125,2.9473042488098145,-0.4503009751631436,0.0,0.0,0.0
1992-06-04,3.25,3.625,3.25,3.5,3.300980567932129,-0.1178680656761169,11.999993528497654,0.3536763191223144,0.35367631912231445
1992-06-05,3.625,4.25,3.625,4.125,3.8904411792755127,-0.0883716204698339,17.85713666629205,0.5894606113433838,0.5894606113433838
1992-06-08,4.125,4.125,3.75,4.125,3.8904411792755127,-0.2573782794896173,0.0,0.0,0.0
1992-06-09,4.125,4.625,4.125,4.625,4.362010478973389,0.4832216555546219,12.12122939192446,0.471569299697876,0.471569299697876
1992-06-10,4.625,4.875,4.5,4.5,4.244117736816406,0.1643411668380495,-2.7027157024329007,-0.1178927421569824,-0.11789274215698242
1992-06-11,4.5,4.625,4.5,4.625,4.362010478973389,-0.2238958281743772,2.777791509747707,0.1178927421569824,0.11789274215698242
1992-06-12,4.625,4.625,4.25,4.375,4.126225471496582,-0.4471121702759779,-5.405420473274503,-0.2357850074768066,-0.23578500747680664
1992-06-15,4.25,4.25,3.875,4.0,3.772549390792847,-0.3546368285481718,-8.571419161334791,-0.3536760807037349,-0.3536760807037349
1992-06-16,4.0,4.0,3.875,4.0,3.772549390792847,-0.4686366032643465,0.0,0.0,0.0
1992-06-17,4.0,4.0,3.875,4.0,3.772549390792847,-0.4981330484706294,0.0,0.0,0.0
1992-06-18,4.0,4.0,3.875,4.0,3.772549390792847,-0.519657481458998,0.0,0.0,0.0
1992-06-19,4.0,4.0,3.875,3.875,3.6546568870544434,-0.4893638350309237,-3.125008887256142,-0.1178925037384037,-0.11789250373840376
1992-06-22,3.875,4.0,3.875,3.875,3.6546568870544434,-0.519657481458998,0.0,0.0,0.0
1992-06-23,3.875,4.0,3.875,4.0,3.772549390792847,-0.4407345605016464,3.2258159214892057,0.1178925037384037,0.11789250373840376
1992-06-24,4.0,4.0,4.0,4.0,3.772549390792847,-0.2502034684934944,0.0,0.0,0.0
1992-06-25,4.0,4.0,4.0,4.0,3.772549390792847,-0.5228462863461638,0.0,0.0,0.0
1992-06-26,4.0,4.0,3.875,4.0,3.772549390792847,-0.5292238961204953,0.0,0.0,0.0
1992-06-29,4.0,4.0,3.875,3.875,3.6546568870544434,-0.399280096968492,-3.125008887256142,-0.1178925037384037,-0.11789250373840376
1992-06-30,3.875,4.0,3.875,3.875,3.6546568870544434,-0.3873220786416205,0.0,0.0,0.0
1992-07-01,3.875,4.0,3.875,3.875,3.6546568870544434,-0.410440914073572,0.0,0.0,0.0
1992-07-02,3.875,3.875,3.75,3.875,3.6546568870544434,-0.5411819144473667,0.0,0.0,0.0
1992-07-06,3.875,3.875,3.75,3.875,3.6546568870544434,-0.5076994631321265,0.0,0.0,0.0
1992-07-07,3.875,4.5,3.75,4.375,4.126225471496582,0.1778935876085039,12.90322454380144,0.4715685844421386,0.47156858444213867
1992-07-08,4.5,5.0,4.5,5.0,4.715686321258545,0.1755019839431296,14.285715936607923,0.5894608497619629,0.5894608497619629
1992-07-09,5.0,5.375,5.0,5.0,4.715686321258545,0.2384808804646526,0.0,0.0,0.0
1992-07-10,5.0,5.0,4.875,4.875,4.597794532775879,-0.2852803222523174,-2.499992163414344,-0.117891788482666,-0.11789178848266602
1992-07-13,4.875,5.0,4.875,5.0,4.715686321258545,-0.5148742741282495,2.5640943204891187,0.117891788482666,0.11789178848266602
1992-07-14,5.0,5.0,4.875,5.0,4.715686321258545,-0.4200073287350692,0.0,0.0,0.0
1992-07-15,5.0,5.0,4.875,5.0,4.715686321258545,-0.3929024871941605,0.0,0.0,0.0
1992-07-16,5.0,5.5,5.0,5.5,5.187255382537842,0.0925930568768208,10.000009100551075,0.4715690612792969,0.4715690612792969
1992-07-17,5.5,5.5,5.25,5.5,5.187255382537842,-0.2015741939642171,0.0,0.0,0.0
1992-07-20,5.5,5.625,5.375,5.625,5.305147171020508,-0.2557838770460344,2.2727199605312,0.117891788482666,0.11789178848266602
1992-07-21,5.625,6.0,5.625,6.0,5.658823490142822,0.6043962412669194,6.666663670600492,0.3536763191223144,0.35367631912231445
1992-07-22,6.0,6.25,5.75,5.75,5.42303991317749,0.1085370813126494,-4.166653675910659,-0.235783576965332,-0.23578357696533203
1992-07-23,5.75,5.75,5.5,5.625,5.305147171020508,0.3827743016089016,-2.1739235566110016,-0.1178927421569824,-0.11789274215698242
1992-07-24,5.625,5.75,5.0,5.0,4.715686321258545,-0.2135322122910886,-11.111112109799835,-0.5894608497619629,-0.5894608497619629
1992-07-27,5.125,5.625,5.125,5.625,5.305147171020508,-0.121854071785074,12.50000126396542,0.5894608497619629,0.5894608497619629
1992-07-28,5.625,6.0,5.5,5.75,5.42303991317749,-0.0740219984775882,2.222233207798152,0.1178927421569824,0.11789274215698242
1992-07-29,5.75,6.125,5.625,5.625,5.305147171020508,0.067082617779495,-2.1739235566110016,-0.1178927421569824,-0.11789274215698242
1992-07-30,5.625,5.875,5.375,5.875,5.540931224822998,-0.2916579320266488,4.444439451000837,0.2357840538024902,0.23578405380249023
1992-07-31,5.875,6.0,5.75,5.75,5.42303991317749,-0.3665948468750433,-2.127644377128568,-0.1178913116455078,-0.11789131164550781
1992-08-03,5.75,5.75,5.625,5.625,5.305147171020508,-0.4216017311786521,-2.1739235566110016,-0.1178927421569824,-0.11789274215698242
1992-08-04,5.75,5.875,5.75,5.875,5.540931224822998,-0.2868747246959002,4.444439451000837,0.2357840538024902,0.23578405380249023
1992-08-05,5.875,6.5,5.75,5.75,5.42303991317749,0.5756969972824278,-2.127644377128568,-0.1178913116455078,-0.11789131164550781
1992-08-06,5.75,5.875,5.625,5.875,5.540931224822998,-0.1354064925555284,2.17389717820522,0.1178913116455078,0.11789131164550781
1992-08-07,5.875,5.875,5.625,5.625,5.305147171020508,-0.393699688415952,-4.2553145714242735,-0.2357840538024902,-0.23578405380249023
1992-08-10,5.625,5.75,5.625,5.625,5.305147171020508,-0.4869722313655494,0.0,0.0,0.0
1992-08-11,5.625,5.75,5.5,5.625,5.305147171020508,-0.2573782794896173,0.0,0.0,0.0
1992-08-12,5.625,5.625,5.375,5.375,5.069363117218018,-0.4335597495055235,-4.444439451000837,-0.2357840538024902,-0.23578405380249023
1992-08-13,5.375,5.5,5.25,5.5,5.187255382537842,-0.3171683711239746,2.325583364099626,0.1178922653198242,0.11789226531982422
1992-08-14,5.5,5.75,5.5,5.625,5.305147171020508,-0.462258993490015,2.2727199605312,0.117891788482666,0.11789178848266602
1992-08-17,5.625,5.75,5.5,5.625,5.305147171020508,-0.4200073287350692,0.0,0.0,0.0
1992-08-18,5.625,5.625,5.5,5.625,5.305147171020508,-0.4415317617234378,0.0,0.0,0.0
1992-08-19,5.625,5.625,5.375,5.375,5.069363117218018,-0.4263849385094007,-4.444439451000837,-0.2357840538024902,-0.23578405380249023
1992-08-20,5.375,5.625,5.375,5.625,5.305147171020508,-0.5132798716846666,4.651157321945498,0.2357840538024902,0.23578405380249023
1992-08-21,5.5,5.5,5.25,5.375,5.069363117218018,-0.3602172371007119,-4.444439451000837,-0.2357840538024902,-0.23578405380249023
1992-08-24,5.375,5.375,5.25,5.375,5.069363117218018,-0.5021190545795866,0.0,0.0,0.0
1992-08-25,5.375,5.375,5.125,5.25,4.95147180557251,0.4090819419280188,-2.3255645515921297,-0.1178913116455078,-0.11789131164550781
1992-08-26,5.25,5.5,5.25,5.5,5.187255382537842,-0.2876719259176917,4.761888711553919,0.235783576965332,0.23578357696533203
1992-08-27,5.625,5.875,5.625,5.875,5.540931224822998,-0.3323151943380118,6.818169074068647,0.3536758422851562,0.35367584228515625
1992-08-28,5.875,5.875,5.5,5.625,5.305147171020508,-0.5005246521360037,-4.2553145714242735,-0.2357840538024902,-0.23578405380249023
1992-08-31,5.625,5.625,5.5,5.5,5.187255382537842,-0.5387903107819924,-2.22221523140117,-0.117891788482666,-0.11789178848266602
1992-09-01,5.5,5.625,5.5,5.625,5.305147171020508,-0.526832292455121,2.2727199605312,0.117891788482666,0.11789178848266602
1992-09-02,5.625,5.625,5.5,5.5,5.187255382537842,-0.5371959083384096,-2.22221523140117,-0.117891788482666,-0.11789178848266602
1992-09-03,5.625,5.625,5.625,5.625,5.305147171020508,-0.5140770729064581,2.2727199605312,0.117891788482666,0.11789178848266602
1992-09-04,5.625,5.625,5.625,5.625,5.305147171020508,-0.595391597529184,0.0,0.0,0.0
1992-09-08,5.625,5.625,5.375,5.375,5.069363117218018,-0.4630561947118065,-4.444439451000837,-0.2357840538024902,-0.23578405380249023
1992-09-09,5.375,5.375,5.25,5.25,4.95147180557251,-0.5475595242216982,-2.3255645515921297,-0.1178913116455078,-0.11789131164550781
1992-09-10,5.25,5.5,5.25,5.5,5.187255382537842,-0.4845806277001751,4.761888711553919,0.235783576965332,0.23578357696533203
1992-09-11,5.5,5.5,5.375,5.5,5.187255382537842,-0.565895152322901,0.0,0.0,0.0
1992-09-14,5.5,5.625,5.375,5.625,5.305147171020508,-0.3498536212174233,2.2727199605312,0.117891788482666,0.11789178848266602
1992-09-15,5.625,5.625,5.375,5.5,5.187255382537842,-0.3506508224392147,-2.22221523140117,-0.117891788482666,-0.11789178848266602
1992-09-16,5.5,5.625,5.375,5.375,5.069363117218018,-0.4056577067428235,-2.27272915300627,-0.1178922653198242,-0.11789226531982422
1992-09-17,5.375,5.375,5.25,5.375,5.069363117218018,-0.5172658777936238,0.0,0.0,0.0
1992-09-18,5.375,5.5,5.25,5.25,4.95147180557251,-0.3777556639801234,-2.3255645515921297,-0.1178913116455078,-0.11789131164550781
1992-09-21,5.375,5.5,5.375,5.5,5.187255382537842,-0.5531399327742381,4.761888711553919,0.235783576965332,0.23578357696533203
1992-09-22,5.375,5.375,5.25,5.25,4.95147180557251,-0.4797974203694265,-4.5454399210623775,-0.235783576965332,-0.23578357696533203
1992-09-23,5.25,5.25,5.25,5.25,4.95147180557251,-0.5754615669843982,0.0,0.0,0.0
1992-09-24,5.25,5.25,5.0,5.125,4.833579063415527,-0.4758114142604693,-2.380963616197973,-0.1178927421569824,-0.11789274215698242
1992-09-25,5.125,5.125,4.625,5.0,4.715686321258545,-0.1059100473492454,-2.439036180235288,-0.1178927421569824,-0.11789274215698242
1992-09-28,5.0,5.125,4.875,5.125,4.833579063415527,-0.4263849385094007,2.5000123868611945,0.1178927421569824,0.11789274215698242
1992-09-29,5.125,5.375,5.125,5.375,5.069363117218018,-0.4152241214043206,4.878042765186086,0.2357840538024902,0.23578405380249023
1992-09-30,5.375,5.375,5.25,5.25,4.95147180557251,-0.5507483291088638,-2.3255645515921297,-0.1178913116455078,-0.11789131164550781
1992-10-01,5.25,5.375,5.125,5.25,4.95147180557251,-0.5212518839025809,0.0,0.0,0.0
1992-10-02,5.25,5.25,5.125,5.125,4.833579063415527,-0.5092938655757094,-2.380963616197973,-0.1178927421569824,-0.11789274215698242
1992-10-05,5.125,5.125,4.875,5.0,4.715686321258545,-0.4869722313655494,-2.439036180235288,-0.1178927421569824,-0.11789274215698242
1992-10-06,5.0,5.125,5.0,5.0,4.715686321258545,-0.5690839572100668,0.0,0.0,0.0
1992-10-07,5.0,5.125,5.0,5.0,4.715686321258545,-0.5475595242216982,0.0,0.0,0.0
1992-10-08,5.0,5.0,5.0,5.0,4.715686321258545,-0.4598673898246407,0.0,0.0,0.0
1992-10-09,5.0,5.0,5.0,5.0,4.715686321258545,-0.5499511278870725,0.0,0.0,0.0
1992-10-12,4.875,4.875,4.875,4.875,4.597794532775879,-0.5579231401049868,-2.499992163414344,-0.117891788482666,-0.11789178848266602
1992-10-13,4.875,5.0,4.75,5.0,4.715686321258545,-0.5356015058948267,2.5640943204891187,0.117891788482666,0.11789178848266602
1992-10-14,5.0,5.125,4.875,5.125,4.833579063415527,-0.3689864505404176,2.5000123868611945,0.1178927421569824,0.11789274215698242
1992-10-15,5.125,5.125,5.0,5.125,4.833579063415527,-0.5076994631321265,0.0,0.0,0.0
1992-10-16,5.125,5.125,5.0,5.125,4.833579063415527,-0.5045106582449609,0.0,0.0,0.0
1992-10-19,5.125,5.375,5.0,5.25,4.95147180557251,-0.4120353165171549,2.439036180235288,0.1178927421569824,0.11789274215698242
1992-10-20,5.25,5.625,5.25,5.5,5.187255382537842,-0.3689864505404176,4.761888711553919,0.235783576965332,0.23578357696533203
1992-10-21,5.5,5.75,5.5,5.625,5.305147171020508,0.0981734654293608,2.2727199605312,0.117891788482666,0.11789178848266602
1992-10-22,5.625,5.625,5.375,5.375,5.069363117218018,-0.399280096968492,-4.444439451000837,-0.2357840538024902,-0.23578405380249023
1992-10-23,5.375,5.75,5.375,5.75,5.42303991317749,-0.0612667789289253,6.976750092298856,0.3536767959594726,0.35367679595947266
1992-10-26,5.75,5.75,5.5,5.625,5.305147171020508,-0.4678394020425551,-2.1739235566110016,-0.1178927421569824,-0.11789274215698242
1992-10-27,5.625,5.75,5.5,5.75,5.42303991317749,-0.4662449995989722,2.222233207798152,0.1178927421569824,0.11789274215698242
1992-10-28,5.625,5.625,5.5,5.625,5.305147171020508,-0.3291263894508461,-2.1739235566110016,-0.1178927421569824,-0.11789274215698242
1992-10-29,5.625,5.625,5.5,5.625,5.305147171020508,-0.5308182985640781,0.0,0.0,0.0
1992-10-30,5.625,5.75,5.625,5.625,5.305147171020508,-0.4327625482837321,0.0,0.0,0.0
1992-11-02,5.625,5.625,5.5,5.625,5.305147171020508,-0.5069022619103352,0.0,0.0,0.0
1992-11-03,5.625,5.75,5.625,5.75,5.42303991317749,-0.4790002191476351,2.222233207798152,0.1178927421569824,0.11789274215698242
1992-11-04,5.875,6.25,5.875,6.25,5.894608497619629,0.0144673371412605,8.695650262434373,0.4715685844421386,0.47156858444213867
1992-11-05,6.25,7.25,6.25,7.125,6.719853401184082,0.3971239236011473,13.999995146373244,0.8252449035644531,0.8252449035644531
1992-11-06,7.0,7.0,6.25,6.625,6.248284816741943,0.452130807904756,-7.017542739236626,-0.4715685844421386,-0.47156858444213867
1992-11-09,6.625,6.875,6.5,6.625,6.248284816741943,-0.3187627735675575,0.0,0.0,0.0
1992-11-10,6.625,6.625,6.5,6.625,6.248284816741943,0.0925930568768208,0.0,0.0,0.0
1992-11-11,6.75,6.875,6.75,6.875,6.484069347381592,-0.3267347857854718,3.7735880734481855,0.2357845306396484,0.23578453063964844
1992-11-12,6.875,6.875,6.625,6.625,6.248284816741943,-0.4016717006338663,-3.636366577955608,-0.2357845306396484,-0.23578453063964844
1992-11-13,6.625,6.75,6.5,6.5,6.130393028259277,-0.4582729873810579,-1.8867864052352636,-0.117891788482666,-0.11789178848266602
1992-11-16,6.5,6.5,6.25,6.25,5.894608497619629,-0.4590701886028493,-3.846156837787595,-0.2357845306396484,-0.23578453063964844
1992-11-17,6.25,6.5,6.0,6.0,5.658823490142822,-0.2908607308048574,-4.0000113251290825,-0.2357850074768066,-0.23578500747680664
1992-11-18,6.125,6.625,6.125,6.625,6.248284816741943,-0.2908607308048574,10.416676321958285,0.5894613265991211,0.5894613265991211
1992-11-19,6.625,6.875,6.625,6.75,6.366176605224609,-0.1011268400184968,1.8867864052352523,0.117891788482666,0.11789178848266602
1992-11-20,6.75,6.75,6.5,6.625,6.248284816741943,-0.4614617922682236,-1.8518460261676477,-0.117891788482666,-0.11789178848266602
1992-11-23,6.625,6.625,6.5,6.5,6.130393028259277,-0.519657481458998,-1.8867864052352636,-0.117891788482666,-0.11789178848266602
1992-11-24,6.5,6.625,6.5,6.5,6.130393028259277,-0.5053078594667523,0.0,0.0,0.0
1992-11-25,6.5,6.625,6.5,6.625,6.248284816741943,-0.5069022619103352,1.923070640646052,0.117891788482666,0.11789178848266602
1992-11-27,6.625,6.625,6.5,6.5,6.130393028259277,-0.5738671645408153,-1.8867864052352636,-0.117891788482666,-0.11789178848266602
1992-11-30,6.5,6.625,6.5,6.625,6.248284816741943,-0.5053078594667523,1.923070640646052,0.117891788482666,0.11789178848266602
1992-12-01,6.625,6.625,6.5,6.625,6.248284816741943,-0.462258993490015,0.0,0.0,0.0
1992-12-02,6.625,6.625,6.375,6.375,6.012500286102295,-0.4726226093733036,-3.7735880734481975,-0.2357845306396484,-0.23578453063964844
1992-12-03,6.375,6.5,6.25,6.375,6.012500286102295,-0.5180630790154152,0.0,0.0,0.0
1992-12-04,6.375,6.75,6.25,6.625,6.248284816741943,-0.4064549079646148,3.9215720485645145,0.2357845306396484,0.23578453063964844
1992-12-07,6.625,6.875,6.5,6.5,6.130393028259277,-0.4933498411398808,-1.8867864052352636,-0.117891788482666,-0.11789178848266602
1992-12-08,6.625,7.0,6.625,7.0,6.601961135864258,-0.2350566452794572,7.692298119079677,0.4715681076049804,0.47156810760498047
1992-12-09,7.0,7.25,7.0,7.25,6.83774471282959,0.113320288643398,3.5714172215354223,0.235783576965332,0.23578357696533203
1992-12-10,7.25,7.375,7.0,7.0,6.601961135864258,-0.0620639801507167,-3.4482652814302077,-0.235783576965332,-0.23578357696533203
1992-12-11,7.125,7.75,7.125,7.625,7.191422462463379,0.3301590209706672,8.928579167134941,0.5894613265991211,0.5894613265991211
1992-12-14,7.625,7.75,7.375,7.375,6.955637454986572,-0.317965572345766,-3.2786977640031467,-0.2357850074768066,-0.23578500747680664
1992-12-15,7.375,7.5,7.0,7.0,6.601961135864258,-0.2581754807114088,-5.084743438845562,-0.3536763191223144,-0.35367631912231445
1992-12-16,7.0,7.25,7.0,7.125,6.719853401184082,-0.4200073287350692,1.785715833426993,0.1178922653198242,0.11789226531982422
1992-12-17,7.125,7.25,6.875,7.0,6.601961135864258,-0.3020215479099374,-1.7543874587956143,-0.1178922653198242,-0.11789226531982422
1992-12-18,7.0,7.25,7.0,7.25,6.83774471282959,-0.2773083100344031,3.5714172215354223,0.235783576965332,0.23578357696533203
1992-12-21,7.25,7.25,7.125,7.25,6.83774471282959,-0.5005246521360037,0.0,0.0,0.0
1992-12-22,7.25,7.75,7.25,7.625,7.191422462463379,-0.4335597495055235,5.17243279015942,0.353677749633789,0.35367774963378906
1992-12-23,7.625,7.625,7.375,7.375,6.955637454986572,-0.3546368285481718,-3.2786977640031467,-0.2357850074768066,-0.23578500747680664
1992-12-24,7.375,7.375,7.25,7.375,6.955637454986572,-0.5866223840894782,0.0,0.0,0.0
1992-12-28,7.25,7.25,7.125,7.25,6.83774471282959,-0.526832292455121,-1.6949236201559637,-0.1178927421569824,-0.11789274215698242
1992-12-29,7.25,7.25,7.125,7.125,6.719853401184082,-0.5260350912333295,-1.724125667112275,-0.1178913116455078,-0.11789131164550781
1992-12-30,7.125,7.125,7.0,7.0,6.601961135864258,-0.4518953776067264,-1.7543874587956143,-0.1178922653198242,-0.11789226531982422
1992-12-31,7.0,7.0,6.5,6.875,6.484069347381592,-0.1728749499797256,-1.7857086107677111,-0.117891788482666,-0.11789178848266602
1993-01-04,6.875,7.0,6.75,7.0,6.601961135864258,-0.3211543772329318,1.818175934997868,0.117891788482666,0.11789178848266602
1993-01-05,7.125,7.625,7.125,7.5,7.0735297203063965,0.1093342825344408,7.142856111048679,0.4715685844421386,0.47156858444213867
1993-01-06,7.5,7.5,7.375,7.5,7.0735297203063965,-0.2342594440576658,0.0,0.0,0.0
1993-01-07,7.5,7.75,7.375,7.5,7.0735297203063965,-0.0756164009211711,0.0,0.0,0.0
1993-01-08,7.5,7.75,7.25,7.75,7.309313774108887,0.0798378373281579,3.3333295133490592,0.2357840538024902,0.23578405380249023
1993-01-11,7.75,7.75,7.5,7.5,7.0735297203063965,-0.2629586880421573,-3.225802874104089,-0.2357840538024902,-0.23578405380249023
1993-01-12,7.5,7.875,7.5,7.75,7.309313774108887,-0.2629586880421573,3.3333295133490592,0.2357840538024902,0.23578405380249023
1993-01-13,7.75,8.625,7.75,8.375,7.89877462387085,0.7104240037651797,8.06451697079904,0.5894608497619629,0.5894608497619629
1993-01-14,8.5,9.5,8.5,9.25,8.724020957946777,1.6367718234868225,10.44777669161434,0.8252463340759277,0.8252463340759277
1993-01-15,9.25,9.375,8.875,9.125,8.606128692626953,0.1077398800908579,-1.351352385420801,-0.1178922653198242,-0.11789226531982422
1993-01-18,9.125,9.125,8.75,8.75,8.252450942993164,0.078243434884575,-4.109603310217658,-0.353677749633789,-0.35367774963378906
1993-01-19,8.75,8.875,8.5,8.625,8.134559631347656,-0.1585253279874799,-1.4285611930308415,-0.1178913116455078,-0.11789131164550781
1993-01-20,8.625,8.75,8.5,8.75,8.252450942993164,-0.2868747246959002,1.4492648279471387,0.1178913116455078,0.11789131164550781
1993-01-21,8.75,8.75,8.5,8.75,8.252450942993164,-0.3291263894508461,0.0,0.0,0.0
1993-01-22,8.75,9.0,8.75,9.0,8.488235473632812,0.135641922853558,2.8571454985726774,0.2357845306396484,0.23578453063964844
1993-01-25,9.0,9.5,9.0,9.375,8.841910362243652,0.3349422283014158,4.166647941253143,0.3536748886108398,0.35367488861083984
1993-01-26,9.375,9.375,9.125,9.125,8.606128692626953,-0.2597698831549916,-2.666637185370302,-0.2357816696166992,-0.23578166961669922
1993-01-27,9.125,9.25,8.5,8.625,8.134559631347656,-0.1808469621976399,-5.479456305171215,-0.4715690612792969,-0.4715690612792969
1993-01-28,8.75,9.25,8.75,9.125,8.606128692626953,-0.0827912119172939,5.797106206733549,0.4715690612792969,0.4715690612792969
1993-01-29,9.125,9.25,9.0,9.125,8.606128692626953,-0.4463149690541864,0.0,0.0,0.0
1993-02-01,9.125,9.25,9.125,9.25,8.724020957946777,-0.3163711699021832,1.3698640762928038,0.1178922653198242,0.11789226531982422
1993-02-02,9.25,9.25,9.0,9.125,8.606128692626953,-0.4216017311786521,-1.351352385420801,-0.1178922653198242,-0.11789226531982422
1993-02-03,9.125,9.25,9.125,9.25,8.724020957946777,-0.4702310057079293,1.3698640762928038,0.1178922653198242,0.11789226531982422
1993-02-04,9.25,9.25,9.0,9.125,8.606128692626953,-0.3259375845636804,-1.351352385420801,-0.1178922653198242,-0.11789226531982422
1993-02-05,9.125,9.125,9.0,9.125,8.606128692626953,-0.4598673898246407,0.0,0.0,0.0
1993-02-08,9.25,9.75,9.25,9.625,9.077695846557615,0.3923407162703988,5.479434142492701,0.4715671539306623,0.4715671539306623
1993-02-09,9.625,9.875,9.5,9.75,9.195589065551758,-0.1649029377618113,1.2987130323258045,0.1178932189941424,0.1178932189941424
1993-02-10,9.75,9.875,9.625,9.875,9.313480377197266,-0.2916579320266488,1.2820419747457956,0.1178913116455078,0.11789131164550781
1993-02-11,10.0,10.625,10.0,10.375,9.785049438476562,0.4114735455933931,5.063295805442047,0.4715690612792969,0.4715690612792969
1993-02-12,10.375,10.5,10.25,10.375,9.785049438476562,-0.2517978709370773,0.0,0.0,0.0
1993-02-16,10.375,10.5,9.625,9.75,9.195589065551758,0.1834739961610439,-6.024091923408593,-0.5894603729248047,-0.5894603729248047
1993-02-17,9.75,9.875,9.5,9.625,9.077695846557615,-0.1943993829680942,-1.282062716740906,-0.1178932189941424,-0.1178932189941424
1993-02-18,9.75,10.75,9.75,10.625,10.020831108093262,-0.0899660229134168,10.389588696048849,0.9431352615356464,0.9431352615356463
1993-02-19,10.625,10.875,10.5,10.75,10.138726234436035,-0.0971408339095397,1.1765004825553538,0.1178951263427734,0.11789512634277344
1993-02-22,10.75,11.125,10.25,10.375,9.785049438476562,0.1141174898651894,-3.488375046149428,-0.3536767959594726,-0.35367679595947266
1993-02-23,10.375,10.375,9.625,10.125,9.549264907836914,0.4218371614766817,-2.409640667859092,-0.2357845306396484,-0.23578453063964844
1993-02-24,10.125,10.375,9.75,10.0,9.43137264251709,-0.2135322122910886,-1.2345690108887086,-0.1178922653198242,-0.11789226531982422
1993-02-25,10.0,10.25,10.0,10.0,9.43137264251709,-0.2151266147346714,0.0,0.0,0.0
1993-02-26,10.0,10.125,9.875,10.125,9.549264907836914,-0.3650004444314604,1.250001137568879,0.1178922653198242,0.11789226531982422
1993-03-01,10.125,10.125,10.0,10.125,9.549264907836914,-0.2804971149215688,0.0,0.0,0.0
1993-03-02,10.125,10.25,10.0,10.25,9.667158126831056,-0.3562312309917547,1.234578997775948,0.1178932189941424,0.1178932189941424
1993-03-03,10.25,10.375,10.125,10.25,9.667158126831056,-0.3195599747893489,0.0,0.0,0.0
1993-03-04,10.25,10.25,9.5,9.75,9.195589065551758,0.2831241488849728,-4.878052630280926,-0.4715690612792986,-0.47156906127929865
1993-03-05,9.75,10.25,9.75,10.25,9.667158126831056,-0.3610144383225033,5.128209382973381,0.4715690612792986,0.47156906127929865
1993-03-08,10.125,10.125,9.875,10.0,9.43137264251709,-0.341881608999509,-2.439036180235299,-0.2357854843139666,-0.23578548431396662
1993-03-09,10.0,10.125,9.75,9.875,9.313480377197266,-0.1090988522364111,-1.2500011375688902,-0.1178922653198242,-0.11789226531982422
1993-03-10,9.875,9.875,9.75,9.875,9.313480377197266,-0.3554340297699633,0.0,0.0,0.0
1993-03-11,9.875,9.875,9.625,9.625,9.077695846557615,-0.1186652668979083,-2.531647902721046,-0.2357845306396502,-0.2357845306396502
1993-03-12,9.625,9.75,9.375,9.5,8.95980453491211,-0.4231961336222349,-1.298692020951686,-0.117891311645506,-0.11789131164550604
1993-03-15,9.5,9.5,8.875,9.25,8.724020957946777,-0.116273663232534,-2.631570544274653,-0.235783576965332,-0.23578357696533203
1993-03-16,9.25,9.375,9.125,9.375,8.841910362243652,-0.3155739686803918,1.351319590646893,0.117889404296875,0.117889404296875
1993-03-17,9.375,9.375,9.125,9.25,8.724020957946777,-0.3490564199956318,-1.3333024139249527,-0.117889404296875,-0.117889404296875
1993-03-18,9.25,9.375,9.125,9.125,8.606128692626953,-0.336301200446969,-1.351352385420801,-0.1178922653198242,-0.11789226531982422
1993-03-19,9.125,9.125,8.875,9.0,8.488235473632812,-0.2207070232872115,-1.36987515763205,-0.1178932189941406,-0.11789321899414062
1993-03-22,9.0,9.875,9.0,9.875,9.313480377197266,-0.4120353165171549,9.722219725500423,0.8252449035644531,0.8252449035644531
1993-03-23,9.875,10.125,9.375,9.375,8.841910362243652,-0.2135322122910886,-5.063306045162086,-0.4715700149536133,-0.4715700149536133
1993-03-24,9.375,9.375,9.125,9.25,8.724020957946777,-0.3849304749762463,-1.3333024139249527,-0.117889404296875,-0.117889404296875
1993-03-25,9.25,9.5,9.25,9.5,8.95980453491211,-0.519657481458998,2.702693839250303,0.235783576965332,0.23578357696533203
1993-03-26,9.5,9.5,9.375,9.375,8.841910362243652,-0.4797974203694265,-1.315811881934248,-0.117894172668457,-0.11789417266845703
1993-03-29,9.375,9.5,9.25,9.375,8.841910362243652,-0.519657481458998,0.0,0.0,0.0
1993-03-30,9.375,9.625,9.25,9.625,9.077695846557615,-0.3036159503535203,2.6666803287308083,0.235785484313963,0.23578548431396307
1993-03-31,9.625,9.75,9.625,9.75,9.195589065551758,-0.5252378900115381,1.2987130323258045,0.1178932189941424,0.1178932189941424
1993-04-01,9.625,9.625,9.375,9.5,8.95980453491211,-0.5069022619103352,-2.5641046914866794,-0.2357845306396484,-0.23578453063964844
1993-04-02,9.375,9.375,9.125,9.125,8.606128692626953,-0.2804971149215688,-3.947361138371375,-0.3536758422851562,-0.35367584228515625
1993-04-05,9.125,9.25,9.0,9.125,8.606128692626953,-0.4933498411398808,0.0,0.0,0.0
1993-04-06,9.125,9.125,9.0,9.125,8.606128692626953,-0.3705808529840005,0.0,0.0,0.0
1993-04-07,9.125,9.25,9.0,9.125,8.606128692626953,-0.4415317617234378,0.0,0.0,0.0
1993-04-08,9.125,9.375,9.125,9.25,8.724020957946777,-0.5092938655757094,1.3698640762928038,0.1178922653198242,0.11789226531982422
1993-04-12,9.25,9.75,9.25,9.75,9.195589065551758,-0.3036159503535203,5.405398610091883,0.4715681076049804,0.47156810760498047
1993-04-13,9.75,10.125,9.75,9.75,9.195589065551758,-0.0461199557148881,0.0,0.0,0.0
1993-04-14,9.75,9.875,9.75,9.875,9.313480377197266,-0.5332099022294524,1.2820419747457956,0.1178913116455078,0.11789131164550781
1993-04-15,9.875,9.875,9.75,9.875,9.313480377197266,-0.4016717006338663,0.0,0.0,0.0
1993-04-16,9.75,9.75,9.625,9.625,9.077695846557615,-0.5332099022294524,-2.531647902721046,-0.2357845306396502,-0.2357845306396502
1993-04-19,9.625,9.625,9.375,9.375,8.841910362243652,-0.4957414448052551,-2.597415558964511,-0.235785484313963,-0.23578548431396307
1993-04-20,9.375,9.375,9.125,9.375,8.841910362243652,-0.4678394020425551,0.0,0.0,0.0
1993-04-21,9.375,9.75,9.375,9.625,9.077695846557615,-0.4128325177389463,2.6666803287308083,0.235785484313963,0.23578548431396307
1993-04-22,9.75,10.0,9.75,9.75,9.195589065551758,-0.4064549079646148,1.2987130323258045,0.1178932189941424,0.1178932189941424
1993-04-23,9.75,9.75,9.5,9.625,9.077695846557615,-0.4718254081515122,-1.282062716740906,-0.1178932189941424,-0.1178932189941424
1993-04-26,9.625,9.625,9.25,9.5,8.95980453491211,-0.3083991576842689,-1.298692020951686,-0.117891311645506,-0.11789131164550604
1993-04-27,9.5,9.5,9.25,9.375,8.841910362243652,-0.4287765421747749,-1.315811881934248,-0.117894172668457,-0.11789417266845703
1993-04-28,9.375,9.5,9.25,9.5,8.95980453491211,-0.4805946215912179,1.3333563431256137,0.117894172668457,0.11789417266845703
1993-04-29,9.625,9.875,9.625,9.75,9.195589065551758,-0.4136297189607377,2.631581188193421,0.2357845306396484,0.23578453063964844
1993-04-30,9.75,9.875,9.625,9.625,9.077695846557615,-0.5499511278870725,-1.282062716740906,-0.1178932189941424,-0.1178932189941424
1993-05-03,9.625,9.875,9.375,9.375,8.841910362243652,-0.4255877372876092,-2.597415558964511,-0.235785484313963,-0.23578548431396307
1993-05-04,9.375,9.5,9.375,9.5,8.95980453491211,-0.456678584937475,1.3333563431256137,0.117894172668457,0.11789417266845703
1993-05-05,9.5,9.875,9.375,9.5,8.95980453491211,-0.2828887185869431,0.0,0.0,0.0
1993-05-06,9.5,9.625,9.125,9.625,9.077695846557615,-0.2517978709370773,1.315779950177931,0.117891311645506,0.11789131164550604
1993-05-07,9.625,10.0,9.5,10.0,9.43137264251709,0.1220895020831037,3.896107579916253,0.3536767959594744,0.35367679595947443
1993-05-10,10.0,10.25,10.0,10.25,9.667158126831056,-0.2079518037385486,2.5000123868612167,0.2357854843139666,0.23578548431396662
1993-05-11,10.25,10.375,10.0,10.375,9.785049438476562,-0.1282316815594055,1.2195032924753768,0.117891311645506,0.11789131164550604
1993-05-12,10.375,10.375,10.0,10.0,9.43137264251709,-0.3793500664237062,-3.614461001788627,-0.3536767959594726,-0.35367679595947266
1993-05-13,10.0,10.125,9.75,9.875,9.313480377197266,-0.3721752554275833,-1.2500011375688902,-0.1178922653198242,-0.11789226531982422
1993-05-14,9.875,10.125,9.875,10.125,9.549264907836914,-0.3402872065559261,2.531647902721024,0.2357845306396484,0.23578453063964844
1993-05-17,10.125,10.25,10.0,10.0,9.43137264251709,-0.4925526399180894,-1.2345690108887086,-0.1178922653198242,-0.11789226531982422
1993-05-18,10.0,10.0,9.75,9.875,9.313480377197266,-0.22549023061796,-1.2500011375688902,-0.1178922653198242,-0.11789226531982422
1993-05-19,9.75,9.75,9.625,9.625,9.077695846557615,-0.3857276761980376,-2.531647902721046,-0.2357845306396502,-0.2357845306396502
1993-05-20,9.625,9.625,9.375,9.5,8.95980453491211,0.2488444963479412,-1.298692020951686,-0.117891311645506,-0.11789131164550604
1993-05-21,9.5,9.625,9.5,9.625,9.077695846557615,-0.3044131515753117,1.315779950177931,0.117891311645506,0.11789131164550604
1993-05-24,9.625,9.75,9.5,9.75,9.195589065551758,-0.1888189744155542,1.2987130323258045,0.1178932189941424,0.1178932189941424
1993-05-25,9.625,9.625,9.25,9.5,8.95980453491211,-0.3889164810852034,-2.5641046914866794,-0.2357845306396484,-0.23578453063964844
1993-05-26,9.5,9.75,9.375,9.75,9.195589065551758,0.4154595517023502,2.631581188193421,0.2357845306396484,0.23578453063964844
1993-05-27,9.75,10.25,9.75,10.25,9.667158126831056,-0.0054626934035251,5.128209382973381,0.4715690612792986,0.47156906127929865
1993-05-28,10.25,10.375,9.875,10.125,9.549264907836914,1.2557096394705185,-1.21952302266507,-0.1178932189941424,-0.1178932189941424
1993-06-01,10.25,10.25,10.25,10.25,9.667158126831056,0.4943824726597019,1.234578997775948,0.1178932189941424,0.1178932189941424
1993-06-02,10.25,10.25,10.125,10.125,9.549264907836914,-0.4303709446183578,-1.21952302266507,-0.1178932189941424,-0.1178932189941424
1993-06-03,10.125,11.0,10.0,11.0,10.374510765075684,1.5706041220781335,8.641983076220928,0.8252458572387695,0.8252458572387695
1993-06-04,11.0,11.125,10.875,10.875,10.256620407104492,0.1970264169314982,-1.1363461915529838,-0.1178903579711914,-0.1178903579711914
1993-06-07,10.875,10.875,10.375,10.625,10.020831108093262,-0.3155739686803918,-2.298898561634444,-0.2357892990112304,-0.23578929901123047
1993-06-08,10.625,10.625,10.25,10.375,9.785049438476562,0.0328029652424634,-2.352915312845372,-0.2357816696166992,-0.23578166961669922
1993-06-09,10.375,10.75,10.375,10.5,9.931660652160645,-0.3929024871941605,1.4983185788268072,0.146611213684082,0.14661121368408203
1993-06-10,10.5,10.5,10.375,10.375,9.813424110412598,-0.508496664353918,-1.1905012252137803,-0.1182365417480468,-0.11823654174804688
1993-06-11,10.5,10.75,10.5,10.75,10.16812801361084,-0.4821890240348008,3.6144764478474034,0.3547039031982422,0.3547039031982422
1993-06-14,10.75,10.75,10.625,10.75,10.16812801361084,-0.4000772981902834,0.0,0.0,0.0
1993-06-15,10.75,10.75,10.25,10.375,9.813424110412598,0.0351945689078377,-3.488389433369088,-0.3547039031982422,-0.3547039031982422
1993-06-16,10.375,10.75,10.25,10.625,10.049891471862791,-0.0875744192480425,2.409631529114176,0.2364673614501935,0.23646736145019354
1993-06-17,10.625,11.625,10.5,11.375,10.759296417236328,-0.1912105780809285,7.0588319024110335,0.7094049453735369,0.7094049453735369
1993-06-18,11.375,12.0,11.375,11.875,11.232233047485352,0.30943178920409,4.395609265782308,0.4729366302490234,0.47293663024902344
1993-06-21,11.875,12.0,11.25,11.625,10.99576473236084,-0.2733223039254459,-2.1052653922405185,-0.2364683151245117,-0.23646831512451172
1993-06-22,11.625,11.75,11.5,11.625,10.99576473236084,-0.3466648163302576,0.0,0.0,0.0
1993-06-23,11.625,11.625,11.125,11.125,10.522830963134766,0.0766490324409921,-4.30105391245974,-0.4729337692260742,-0.4729337692260742
1993-06-24,11.125,11.625,11.125,11.625,10.99576473236084,-0.4231961336222349,4.494358703308365,0.4729337692260742,0.4729337692260742
1993-06-25,11.625,11.75,11.25,11.25,10.641063690185549,-0.4845806277001751,-3.225796939174197,-0.3547010421752912,-0.3547010421752912
1993-06-28,11.25,11.375,11.25,11.25,10.641063690185549,-0.4981330484706294,0.0,0.0,0.0
1993-06-29,11.125,11.125,10.375,10.875,10.286362648010254,-0.3546368285481718,-3.333323176163694,-0.3547010421752947,-0.35470104217529475
1993-06-30,10.875,11.25,10.75,11.0,10.404597282409668,-0.3211543772329318,1.1494309353587084,0.118234634399414,0.11823463439941406
1993-07-01,11.0,11.125,11.0,11.0,10.404597282409668,-0.4925526399180894,0.0,0.0,0.0
1993-07-02,11.0,11.375,11.0,11.375,10.759296417236328,-0.502916255801378,3.4090616407261187,0.3546991348266601,0.35469913482666016
1993-07-06,11.375,11.375,11.0,11.25,10.641063690185549,-0.4694338044861379,-1.0988890208598725,-0.1182327270507794,-0.11823272705077947
1993-07-07,11.25,11.375,11.0,11.0,10.404597282409668,-0.4845806277001751,-2.22220648856728,-0.2364664077758806,-0.23646640777588068
1993-07-08,11.0,11.25,11.0,11.125,10.522830963134766,-0.1760637548668913,1.1363599908377653,0.1182336807250976,0.11823368072509766
1993-07-09,11.125,11.125,11.0,11.0,10.404597282409668,-0.3833360725326634,-1.123591941553681,-0.1182336807250976,-0.11823368072509766
1993-07-12,11.0,11.0,11.0,11.0,10.404597282409668,-0.5682867559882754,0.0,0.0,0.0
1993-07-13,11.0,11.25,11.0,11.0,10.404597282409668,-0.4423289629452293,0.0,0.0,0.0
1993-07-14,11.0,11.125,10.875,11.125,10.522830963134766,-0.4957414448052551,1.1363599908377653,0.1182336807250976,0.11823368072509766
1993-07-15,11.125,11.875,11.0,11.5,10.87753200531006,-0.3960912920813262,3.370775824661054,0.3547010421752947,0.35470104217529475
1993-07-16,11.5,12.375,11.5,12.25,11.586936950683594,-0.0796024070301282,6.521745420075287,0.7094049453735334,0.7094049453735334
1993-07-19,12.25,12.25,11.875,11.875,11.232233047485352,-0.4702310057079293,-3.0612396072226438,-0.3547039031982422,-0.3547039031982422
1993-07-20,11.875,11.875,11.5,11.5,10.87753200531006,-0.4239933348440263,-3.1578853525898065,-0.3547010421752912,-0.3547010421752912
1993-07-21,11.5,11.5,11.0,11.5,10.87753200531006,-0.4000772981902834,0.0,0.0,0.0
1993-07-22,11.5,11.875,11.25,11.25,10.641063690185549,-0.3219515784547232,-2.1739151400251067,-0.2364683151245117,-0.23646831512451172
1993-07-23,11.375,11.625,11.375,11.5,10.87753200531006,-0.5172658777936238,2.222224412984297,0.2364683151245117,0.23646831512451172
1993-07-26,11.5,11.625,11.375,11.5,10.87753200531006,-0.5132798716846666,0.0,0.0,0.0
1993-07-27,11.5,11.5,11.0,11.125,10.522830963134766,-0.3689864505404176,-3.260859558971108,-0.3547010421752947,-0.35470104217529475
1993-07-28,11.125,11.25,10.875,11.25,10.641063690185549,-0.4088465116299892,1.1235828786473334,0.118232727050783,0.11823272705078303
1993-07-29,11.25,11.25,11.125,11.25,10.641063690185549,-0.4965386460270465,0.0,0.0,0.0
1993-07-30,11.25,11.375,11.0,11.375,10.759296417236328,-0.5061050606885438,1.1110987631793634,0.1182327270507794,0.11823272705077947
1993-08-02,11.375,11.875,11.125,11.875,11.232233047485352,-0.4463149690541864,4.395609265782308,0.4729366302490234,0.47293663024902344
1993-08-03,11.875,12.0,11.0,11.125,10.522830963134766,0.4593056189008789,-6.315770705179635,-0.7094020843505859,-0.7094020843505859
1993-08-04,11.125,11.25,11.125,11.125,10.522830963134766,-0.3163711699021832,0.0,0.0,0.0
1993-08-05,11.125,11.125,10.875,10.875,10.286362648010254,-0.3331123955598032,-2.2471929460137208,-0.2364683151245117,-0.23646831512451172
1993-08-06,10.875,10.875,10.75,10.875,10.286362648010254,-0.4383429568362721,0.0,0.0,0.0
1993-08-09,10.875,11.0,10.0,10.5,9.931660652160645,0.1117258861998151,-3.448274263577722,-0.3547019958496094,-0.3547019958496094
1993-08-10,10.5,10.75,10.125,10.75,10.16812801361084,-0.2430286574973715,2.3809448362369423,0.2364673614501953,0.2364673614501953
1993-08-11,10.75,11.125,10.625,11.0,10.404597282409668,-0.1019240412402883,2.325592955579392,0.2364692687988281,0.23646926879882812
1993-08-12,11.0,11.0,10.625,10.75,10.16812801361084,-0.3171683711239746,-2.272738313462741,-0.2364692687988281,-0.23646926879882812
1993-08-13,10.75,10.875,10.75,10.875,10.286362648010254,-0.519657481458998,1.162796477789696,0.118234634399414,0.11823463439941406
1993-08-16,10.75,10.75,10.5,10.625,10.049891471862791,-0.4742170118168865,-2.298880413215887,-0.2364711761474627,-0.2364711761474627
1993-08-17,10.625,10.625,10.25,10.375,9.813424110412598,-0.4359513531708978,-2.352934478071167,-0.2364673614501935,-0.23646736145019354
1993-08-18,10.375,10.5,10.25,10.25,9.695191383361816,-0.369783651762209,-1.2048060464983856,-0.1182327270507812,-0.11823272705078125
1993-08-19,10.25,10.375,10.25,10.375,9.813424110412598,-0.4287765421747749,1.2194986398482488,0.1182327270507812,0.11823272705078125
1993-08-20,10.375,10.75,10.25,10.5,9.931660652160645,-0.4231961336222349,1.2048449187332275,0.1182365417480468,0.11823654174804688
1993-08-23,10.5,11.0,10.5,11.0,10.404597282409668,-0.3825388713108719,4.761908877204091,0.4729366302490234,0.47293663024902344
1993-08-24,11.0,11.125,10.875,11.125,10.522830963134766,-0.3004271454663546,1.1363599908377653,0.1182336807250976,0.11823368072509766
1993-08-25,11.125,11.25,11.0,11.125,10.522830963134766,-0.3833360725326634,0.0,0.0,0.0
1993-08-26,11.0,11.0,10.75,10.875,10.286362648010254,-0.5092938655757094,-2.2471929460137208,-0.2364683151245117,-0.23646831512451172
1993-08-27,10.75,10.75,10.375,10.625,10.049891471862791,-0.3163711699021832,-2.298880413215887,-0.2364711761474627,-0.2364711761474627
1993-08-30,10.375,10.375,10.125,10.375,9.813424110412598,-0.2470146636063287,-2.352934478071167,-0.2364673614501935,-0.23646736145019354
1993-08-31,10.375,10.375,10.125,10.25,9.695191383361816,-0.456678584937475,-1.2048060464983856,-0.1182327270507812,-0.11823272705078125
1993-09-01,10.25,10.375,10.125,10.125,9.57695770263672,-0.4654477983771807,-1.219508476418529,-0.1182336807250958,-0.11823368072509588
1993-09-02,10.25,10.625,10.25,10.5,9.931660652160645,-0.3905108835287862,3.703712186452157,0.354702949523924,0.354702949523924
1993-09-03,10.5,10.5,10.375,10.375,9.813424110412598,-0.5858251828676868,-1.1905012252137803,-0.1182365417480468,-0.11823654174804688
1993-09-07,10.375,10.5,10.375,10.375,9.813424110412598,-0.5403847132255752,0.0,0.0,0.0
1993-09-08,10.375,10.375,10.0,10.375,9.813424110412598,-0.3211543772329318,0.0,0.0,0.0
1993-09-09,10.375,10.375,10.25,10.375,9.813424110412598,-0.4861750301437579,0.0,0.0,0.0
1993-09-10,10.375,10.5,10.25,10.5,9.931660652160645,-0.2135322122910886,1.2048449187332275,0.1182365417480468,0.11823654174804688
1993-09-13,10.5,10.75,10.5,10.625,10.049891471862791,-0.3410844077777175,1.190443611023162,0.1182308197021466,0.11823081970214666
1993-09-14,10.625,10.625,10.375,10.625,10.049891471862791,-0.3490564199956318,0.0,0.0,0.0
1993-09-15,10.625,11.0,10.5,11.0,10.404597282409668,-0.3729724566493748,3.5294491641025605,0.3547058105468768,0.3547058105468768
1993-09-16,11.0,11.125,10.75,10.875,10.286362648010254,-0.543573518112741,-1.136369156731376,-0.118234634399414,-0.11823463439941406
1993-09-17,10.875,11.125,10.75,11.125,10.522830963134766,-0.5156714753500409,2.2988525994682263,0.2364683151245117,0.23646831512451172
1993-09-20,11.125,11.25,11.0,11.25,10.641063690185549,-0.4686366032643465,1.1235828786473334,0.118232727050783,0.11823272705078303
1993-09-21,11.25,11.25,11.0,11.0,10.404597282409668,-0.393699688415952,-2.22220648856728,-0.2364664077758806,-0.23646640777588068
1993-09-22,11.0,11.0,10.875,11.0,10.404597282409668,-0.5603147437703611,0.0,0.0,0.0
1993-09-23,11.0,11.125,11.0,11.0,10.404597282409668,-0.5371959083384096,0.0,0.0,0.0
1993-09-24,11.0,11.125,10.875,11.125,10.522830963134766,-0.5108882680192923,1.1363599908377653,0.1182336807250976,0.11823368072509766
1993-09-27,11.0,11.0,10.875,11.0,10.404597282409668,-0.5324127010076609,-1.123591941553681,-0.1182336807250976,-0.11823368072509766
1993-09-28,11.0,11.0,10.75,10.875,10.286362648010254,-0.5316154997858695,-1.136369156731376,-0.118234634399414,-0.11823463439941406
1993-09-29,10.875,11.0,10.875,11.0,10.404597282409668,-0.5244406887897467,1.1494309353587084,0.118234634399414,0.11823463439941406
1993-09-30,11.0,11.125,10.875,11.125,10.522830963134766,-0.4941470423616723,1.1363599908377653,0.1182336807250976,0.11823368072509766
1993-10-01,11.125,11.25,11.0,11.0,10.404597282409668,-0.491755438696298,-1.123591941553681,-0.1182336807250976,-0.11823368072509766
1993-10-04,11.0,11.125,10.875,11.125,10.522830963134766,-0.4598673898246407,1.1363599908377653,0.1182336807250976,0.11823368072509766
1993-10-05,11.125,11.125,11.0,11.0,10.404597282409668,-0.4837834264783837,-1.123591941553681,-0.1182336807250976,-0.11823368072509766
1993-10-06,11.0,11.0,10.875,11.0,10.404597282409668,-0.5810419755369383,0.0,0.0,0.0
1993-10-07,11.0,11.125,10.875,11.125,10.522830963134766,-0.5037134570231695,1.1363599908377653,0.1182336807250976,0.11823368072509766
1993-10-08,11.125,11.125,10.875,10.875,10.286362648010254,-0.4239933348440263,-2.2471929460137208,-0.2364683151245117,-0.23646831512451172
1993-10-11,10.875,11.25,10.75,11.125,10.522830963134766,-0.4000772981902834,2.2988525994682263,0.2364683151245117,0.23646831512451172
1993-10-12,11.0,11.0,10.875,11.0,10.404597282409668,-0.3618116395442947,-1.123591941553681,-0.1182336807250976,-0.11823368072509766
1993-10-13,11.0,11.125,11.0,11.125,10.522830963134766,-0.5276294936769124,1.1363599908377653,0.1182336807250976,0.11823368072509766
1993-10-14,11.125,11.25,11.125,11.125,10.522830963134766,-0.4925526399180894,0.0,0.0,0.0
1993-10-15,11.125,11.5,11.125,11.25,10.641063690185549,-0.3394900053341347,1.1235828786473334,0.118232727050783,0.11823272705078303
1993-10-18,11.25,11.375,11.25,11.375,10.759296417236328,-0.3737696578711662,1.1110987631793634,0.1182327270507794,0.11823272705077947
1993-10-19,11.375,11.375,11.125,11.125,10.522830963134766,-0.5308182985640781,-2.197778041719778,-0.2364654541015625,-0.2364654541015625
1993-10-20,11.125,11.125,10.625,10.75,10.16812801361084,1.2604928468012668,-3.3707939504737494,-0.3547029495239258,-0.3547029495239258
1993-10-21,10.75,11.25,10.75,11.125,10.522830963134766,-0.4303709446183578,3.488380054314111,0.3547029495239258,0.3547029495239258
1993-10-22,11.125,11.25,11.125,11.25,10.641063690185549,-0.526832292455121,1.1235828786473334,0.118232727050783,0.11823272705078303
1993-10-25,11.25,11.25,10.875,11.0,10.404597282409668,-0.3554340297699633,-2.22220648856728,-0.2364664077758806,-0.23646640777588068
1993-10-26,11.0,11.0,10.875,10.875,10.286362648010254,-0.565895152322901,-1.136369156731376,-0.118234634399414,-0.11823463439941406
1993-10-27,10.875,10.875,10.75,10.75,10.16812801361084,-0.5204546826807895,-1.1494309353587195,-0.118234634399414,-0.11823463439941406
1993-10-28,10.75,10.875,10.625,10.625,10.049891471862791,-0.4550841824938921,-1.1628152358996613,-0.1182365417480486,-0.11823654174804865
1993-10-29,10.625,10.75,10.625,10.75,10.16812801361084,-0.5403847132255752,1.1764957072330828,0.1182365417480486,0.11823654174804865
1993-11-01,10.75,10.75,10.5,10.5,9.931660652160645,-0.4558813837156836,-2.3255741974694377,-0.2364673614501953,-0.2364673614501953
1993-11-02,10.5,10.625,10.375,10.625,10.049891471862791,-0.4869722313655494,1.190443611023162,0.1182308197021466,0.11823081970214666
1993-11-03,10.625,10.875,10.5,10.75,10.16812801361084,0.7279624306445912,1.1764957072330828,0.1182365417480486,0.11823654174804865
1993-11-04,10.75,10.75,10.5,10.5,9.931660652160645,-0.2079518037385486,-2.3255741974694377,-0.2364673614501953,-0.2364673614501953
1993-11-05,10.5,10.625,10.5,10.5,9.931660652160645,-0.4758114142604693,0.0,0.0,0.0
1993-11-08,10.5,10.625,10.5,10.625,10.049891471862791,-0.5387903107819924,1.190443611023162,0.1182308197021466,0.11823081970214666
1993-11-09,10.625,11.0,10.625,10.875,10.286362648010254,-0.3235459808983061,2.3529724356678328,0.2364711761474627,0.2364711761474627
1993-11-10,11.0,11.0,11.0,11.0,10.404597282409668,-0.5539371339960296,1.1494309353587084,0.118234634399414,0.11823463439941406
1993-11-11,10.875,10.875,9.5,10.0,9.458723068237305,0.746298058745794,-9.090925756170176,-0.9458742141723632,-0.9458742141723633
1993-11-12,9.875,9.875,9.625,9.875,9.340490341186523,-0.4144269201825292,-1.249986136583392,-0.1182327270507812,-0.11823272705078125
1993-11-15,9.875,9.875,9.625,9.625,9.104022026062012,-0.3897136823069948,-2.531647766732481,-0.2364683151245117,-0.23646831512451172
1993-11-16,9.625,9.75,9.25,9.25,8.749319076538086,-0.2430286574973715,-3.896112602853119,-0.3547029495239258,-0.3547029495239258
1993-11-17,9.125,9.125,8.125,8.75,8.276383399963379,0.2129704413673268,-5.405399808116695,-0.472935676574707,-0.47293567657470703
1993-11-18,8.75,8.875,8.5,8.75,8.276383399963379,-0.3833360725326634,0.0,0.0,0.0
1993-11-19,8.875,9.25,8.875,9.25,8.749319076538086,-0.3657976456532519,5.71427945903038,0.472935676574707,0.47293567657470703
1993-11-22,9.25,9.25,9.0,9.125,8.631084442138672,-0.4702310057079293,-1.351358127016633,-0.118234634399414,-0.11823463439941406
1993-11-23,9.125,9.375,9.125,9.25,8.749319076538086,-0.5427763168909495,1.3698699762705324,0.118234634399414,0.11823463439941406
1993-11-24,9.25,9.375,9.125,9.375,8.867551803588867,-0.5587203413267782,1.3513363270500678,0.1182327270507812,0.11823272705078125
1993-11-26,9.375,9.625,9.25,9.5,8.98578929901123,-0.4734198105950951,1.3333724802657487,0.1182374954223632,0.11823749542236328
1993-11-29,9.625,10.125,9.625,10.0,9.458723068237305,-0.4216017311786521,5.263129965423463,0.4729337692260742,0.4729337692260742
1993-11-30,10.0,10.25,9.75,9.875,9.340490341186523,-0.3889164810852034,-1.249986136583392,-0.1182327270507812,-0.11823272705078125
1993-12-01,10.125,10.5,10.125,10.125,9.57695770263672,0.263194118340187,2.5316375566227345,0.2364673614501971,0.2364673614501971
1993-12-02,10.125,10.25,10.0,10.0,9.458723068237305,-0.4742170118168865,-1.2345740481537582,-0.1182346343994158,-0.11823463439941584
1993-12-03,10.0,10.0,9.625,10.0,9.458723068237305,-0.3897136823069948,0.0,0.0,0.0
1993-12-06,10.0,10.25,9.875,10.25,9.695191383361816,-0.4598673898246407,2.500002520621192,0.2364683151245117,0.23646831512451172
1993-12-07,10.125,10.125,9.875,10.0,9.458723068237305,-0.3211543772329318,-2.4390267894073947,-0.2364683151245117,-0.23646831512451172
1993-12-08,10.0,10.0,9.75,9.875,9.340490341186523,-0.2988327430227717,-1.249986136583392,-0.1182327270507812,-0.11823272705078125
1993-12-09,9.75,9.75,9.625,9.75,9.250357627868652,-0.5316154997858695,-0.964967683981588,-0.0901327133178711,-0.0901327133178711
1993-12-10,9.75,9.875,9.625,9.75,9.250357627868652,-0.4375457556144806,0.0,0.0,0.0
1993-12-13,9.625,9.625,9.5,9.625,9.13176441192627,-0.4375457556144806,-1.2820392541916026,-0.1185932159423828,-0.11859321594238281
1993-12-14,9.625,9.75,9.5,9.75,9.250357627868652,-0.497335847248838,1.2986889564025272,0.1185932159423828,0.11859321594238281
1993-12-15,9.625,9.625,9.375,9.625,9.13176441192627,0.4425643932432589,-1.2820392541916026,-0.1185932159423828,-0.11859321594238281
1993-12-16,9.625,9.625,9.5,9.5,9.01317024230957,-0.5124826704628752,-1.2986993998861052,-0.1185941696166992,-0.11859416961669922
1993-12-17,9.5,9.5,9.375,9.5,9.01317024230957,-0.5539371339960296,0.0,0.0,0.0
1993-12-20,9.375,9.375,9.25,9.25,8.775979995727539,-0.5308182985640781,-2.6315962109382363,-0.2371902465820312,-0.23719024658203125
1993-12-21,9.25,9.375,9.125,9.125,8.65738582611084,-0.4558813837156836,-1.3513495891562588,-0.1185941696166992,-0.11859416961669922
1993-12-22,9.125,9.125,8.875,8.875,8.420197486877441,-0.4423289629452293,-2.739722405787137,-0.2371883392333984,-0.23718833923339844
1993-12-23,8.875,9.0,8.875,9.0,8.53879165649414,-0.5770559694279811,1.40844878996631,0.1185941696166992,0.11859416961669922
1993-12-27,9.0,9.0,8.875,9.0,8.53879165649414,-0.5332099022294524,0.0,0.0,0.0
1993-12-28,9.0,9.0,8.75,8.875,8.420197486877441,-0.3466648163302576,-1.3888870274344156,-0.1185941696166992,-0.11859416961669922
1993-12-29,8.875,10.25,8.75,9.875,9.368952751159668,0.0917958556550293,11.267612971795792,0.9487552642822266,0.9487552642822266
1993-12-30,9.875,10.25,9.625,9.625,9.13176441192627,0.061502209226955,-2.531641961840825,-0.2371883392333984,-0.23718833923339844
1993-12-31,9.625,9.75,9.5,9.75,9.250357627868652,-0.5172658777936238,1.2986889564025272,0.1185932159423828,0.11859321594238281
1994-01-03,9.75,10.0,9.625,10.0,9.48754596710205,-0.1672945414271856,2.564099127571229,0.2371883392333984,0.23718833923339844
1994-01-04,10.0,10.0,9.875,9.875,9.368952751159668,-0.3952940908595349,-1.2499883147191415,-0.1185932159423828,-0.11859321594238281
1994-01-05,9.875,9.875,9.625,9.75,9.250357627868652,-0.4590701886028493,-1.2658311600123762,-0.1185951232910156,-0.11859512329101562
1994-01-06,9.75,9.75,9.625,9.625,9.13176441192627,-0.3968884933031177,-1.2820392541916026,-0.1185932159423828,-0.11859321594238281
1994-01-07,9.625,9.75,9.5,9.625,9.13176441192627,-0.4845806277001751,0.0,0.0,0.0
1994-01-10,9.625,9.625,9.5,9.5,9.01317024230957,-0.5212518839025809,-1.2986993998861052,-0.1185941696166992,-0.11859416961669922
1994-01-11,9.375,9.375,9.0,9.0,8.53879165649414,-0.4192101275132778,-5.263171260081212,-0.4743785858154297,-0.4743785858154297
1994-01-12,9.125,9.375,9.125,9.375,8.894574165344238,-0.2565810782678259,4.166661082303236,0.3557825088500976,0.35578250885009766
1994-01-13,9.375,9.375,9.25,9.25,8.775979995727539,-0.4941470423616723,-1.333331617816802,-0.1185941696166992,-0.11859416961669922
1994-01-14,9.25,9.5,9.25,9.5,9.01317024230957,-0.5204546826807895,2.702720912052037,0.2371902465820312,0.23719024658203125
1994-01-17,9.5,9.5,9.25,9.375,8.894574165344238,-0.3921052859723691,-1.3158086863667484,-0.118596076965332,-0.11859607696533203
1994-01-18,9.375,9.625,9.375,9.375,8.894574165344238,-0.4168185238479034,0.0,0.0,0.0
1994-01-19,9.375,9.375,9.125,9.375,8.894574165344238,-0.4734198105950951,0.0,0.0,0.0
1994-01-20,9.375,9.375,9.125,9.125,8.65738582611084,-0.5403847132255752,-2.666663235633593,-0.2371883392333984,-0.23718833923339844
1994-01-21,9.25,9.375,9.25,9.375,8.894574165344238,-0.3825388713108719,2.739722405787126,0.2371883392333984,0.23718833923339844
1994-01-24,9.375,9.375,9.125,9.375,8.894574165344238,-0.4925526399180894,0.0,0.0,0.0
1994-01-25,9.25,9.25,9.125,9.125,8.65738582611084,-0.4558813837156836,-2.666663235633593,-0.2371883392333984,-0.23718833923339844
1994-01-26,9.125,9.25,9.125,9.125,8.65738582611084,-0.5395875120037839,0.0,0.0,0.0
1994-01-27,9.125,9.125,9.0,9.0,8.53879165649414,-0.4662449995989722,-1.369861202893563,-0.1185941696166992,-0.11859416961669922
1994-01-28,9.0,9.125,8.875,8.875,8.420197486877441,-0.5427763168909495,-1.3888870274344156,-0.1185941696166992,-0.11859416961669922
1994-01-31,8.875,9.25,8.75,9.25,8.775979995727539,-0.388119279863412,4.22534636989893,0.3557825088500976,0.35578250885009766
1994-02-01,9.125,9.125,9.0,9.0,8.53879165649414,-0.5300210973422866,-2.7026991783125065,-0.2371883392333984,-0.23718833923339844
1994-02-02,9.0,9.0,9.0,9.0,8.53879165649414,-0.5706783596536497,0.0,0.0,0.0
1994-02-03,9.0,9.0,8.625,8.875,8.420197486877441,-0.4088465116299892,-1.3888870274344156,-0.1185941696166992,-0.11859416961669922
1994-02-04,8.875,8.875,8.75,8.75,8.301602363586426,-0.5411819144473667,-1.4084601159989665,-0.1185951232910156,-0.11859512329101562
1994-02-07,8.75,8.75,8.5,8.625,8.183008193969727,-0.4208045299568606,-1.4285696233403369,-0.1185941696166992,-0.11859416961669922
1994-02-08,8.625,8.75,8.5,8.75,8.301602363586426,-0.5563287376614039,1.449273504383064,0.1185941696166992,0.11859416961669922
1994-02-09,8.75,8.75,8.375,8.625,8.183008193969727,0.0471525872347092,-1.4285696233403369,-0.1185941696166992,-0.11859416961669922
1994-02-10,8.625,9.25,8.625,9.125,8.65738582611084,-0.301224346688146,5.7971056718566505,0.4743776321411133,0.4743776321411133
1994-02-11,9.125,9.125,9.0,9.0,8.53879165649414,-0.4829862252565922,-1.369861202893563,-0.1185941696166992,-0.11859416961669922
1994-02-14,9.0,9.0,8.875,8.875,8.420197486877441,-0.2828887185869431,-1.3888870274344156,-0.1185941696166992,-0.11859416961669922
1994-02-15,8.875,9.0,8.75,8.75,8.301602363586426,-0.4351541519491064,-1.4084601159989665,-0.1185951232910156,-0.11859512329101562
1994-02-16,8.875,9.0,8.875,9.0,8.53879165649414,-0.4056577067428235,2.8571507345148905,0.2371892929077148,0.23718929290771484
1994-02-17,9.0,9.25,9.0,9.125,8.65738582611084,-0.2892663283612746,1.3888870274344045,0.1185941696166992,0.11859416961669922
1994-02-18,9.125,9.25,9.0,9.125,8.65738582611084,-0.4518953776067264,0.0,0.0,0.0
1994-02-22,9.125,9.25,9.0,9.125,8.65738582611084,-0.549153926665281,0.0,0.0,0.0
1994-02-23,9.125,9.25,8.875,8.875,8.420197486877441,-0.0373507422751824,-2.739722405787137,-0.2371883392333984,-0.23718833923339844
1994-02-24,8.875,9.0,8.875,9.0,8.53879165649414,-0.5116854692410837,1.40844878996631,0.1185941696166992,0.11859416961669922
1994-02-25,9.0,9.0,8.875,9.0,8.53879165649414,-0.4813918228130094,0.0,0.0,0.0
1994-02-28,9.0,9.0,8.75,9.0,8.53879165649414,-0.4016717006338663,0.0,0.0,0.0
1994-03-01,8.875,8.875,8.875,8.875,8.420197486877441,-0.4965386460270465,-1.3888870274344156,-0.1185941696166992,-0.11859416961669922
1994-03-02,8.875,9.25,8.875,9.125,8.65738582611084,-0.4423289629452293,2.81689757993262,0.2371883392333984,0.23718833923339844
1994-03-03,9.125,9.25,9.0,9.25,8.775979995727539,-0.4845806277001751,1.3698612028935742,0.1185941696166992,0.11859416961669922
1994-03-04,9.25,9.25,9.0,9.25,8.775979995727539,-0.456678584937475,0.0,0.0,0.0
1994-03-07,9.25,9.25,9.125,9.125,8.65738582611084,-0.5794475730933554,-1.3513495891562588,-0.1185941696166992,-0.11859416961669922
1994-03-08,9.125,9.25,9.125,9.125,8.65738582611084,-0.5092938655757094,0.0,0.0,0.0
1994-03-09,9.125,9.25,9.0,9.25,8.775979995727539,-0.5228462863461638,1.3698612028935742,0.1185941696166992,0.11859416961669922
1994-03-10,9.25,9.25,9.0,9.0,8.53879165649414,-0.4750142130386779,-2.7026991783125065,-0.2371883392333984,-0.23718833923339844
1994-03-11,9.0,9.0,9.0,9.0,8.53879165649414,-0.3594200358789204,0.0,0.0,0.0
1994-03-14,9.0,9.0,8.875,8.875,8.420197486877441,-0.3968884933031177,-1.3888870274344156,-0.1185941696166992,-0.11859416961669922
1994-03-15,8.875,9.25,8.875,9.25,8.775979995727539,-0.5156714753500409,4.22534636989893,0.3557825088500976,0.35578250885009766
1994-03-16,9.25,9.25,8.25,9.125,8.65738582611084,-0.1936021817463028,-1.3513495891562588,-0.1185941696166992,-0.11859416961669922
1994-03-17,9.125,9.25,9.0,9.125,8.65738582611084,-0.3769584627583319,0.0,0.0,0.0
1994-03-18,9.125,9.25,9.0,9.0,8.53879165649414,-0.3817416700890805,-1.369861202893563,-0.1185941696166992,-0.11859416961669922
1994-03-21,9.0,9.25,9.0,9.25,8.775979995727539,-0.5236434875679552,2.777774054868831,0.2371883392333984,0.23718833923339844
1994-03-22,9.25,9.375,9.125,9.375,8.894574165344238,-0.1537421206567313,1.3513495891562588,0.1185941696166992,0.11859416961669922
1994-03-23,9.375,9.5,9.25,9.375,8.894574165344238,-0.4766086154822608,0.0,0.0,0.0
1994-03-24,9.25,9.25,9.125,9.25,8.775979995727539,-0.1473645108823998,-1.333331617816802,-0.1185941696166992,-0.11859416961669922
1994-03-25,9.125,9.125,9.125,9.125,8.65738582611084,-0.5348043046730352,-1.3513495891562588,-0.1185941696166992,-0.11859416961669922
1994-03-28,9.125,9.125,9.0,9.125,8.65738582611084,-0.4080493104081977,0.0,0.0,0.0
1994-03-29,9.125,9.125,8.75,8.875,8.420197486877441,-0.3665948468750433,-2.739722405787137,-0.2371883392333984,-0.23718833923339844
1994-03-30,8.875,8.875,8.75,8.875,8.420197486877441,-0.589811188976644,0.0,0.0,0.0
1994-03-31,8.875,8.875,8.75,8.875,8.420197486877441,-0.4734198105950951,0.0,0.0,0.0
1994-04-04,8.75,8.75,8.625,8.625,8.183008193969727,-0.5061050606885438,-2.8169089059652763,-0.2371892929077148,-0.23718929290771484
1994-04-05,8.625,8.75,8.5,8.625,8.183008193969727,-0.451098176384935,0.0,0.0,0.0
1994-04-06,8.625,8.625,8.5,8.625,8.183008193969727,-0.4646505971553893,0.0,0.0,0.0
1994-04-07,8.625,8.625,8.5,8.5,8.064414978027344,-0.4247905360658178,-1.449261850058725,-0.1185932159423828,-0.11859321594238281
1994-04-08,8.375,8.375,8.25,8.375,7.945819854736328,-0.2932523344702317,-1.4705979741139965,-0.1185951232910156,-0.11859512329101562
1994-04-11,8.375,8.375,8.0,8.125,7.70863151550293,-0.1170708644543255,-2.985070685840119,-0.2371883392333984,-0.23718833923339844
1994-04-12,8.125,8.25,8.125,8.25,7.827225685119629,-0.4391401580580635,1.538459444820961,0.1185941696166992,0.11859416961669922
1994-04-13,8.25,8.25,8.0,8.25,7.827225685119629,-0.0859800168044597,0.0,0.0,0.0
1994-04-14,8.25,8.25,8.125,8.125,7.70863151550293,-0.5738671645408153,-1.51514948447391,-0.1185941696166992,-0.11859416961669922
1994-04-15,8.125,8.25,8.125,8.125,7.70863151550293,-0.5635035486575267,0.0,0.0,0.0
1994-04-18,8.125,8.125,8.0,8.0,7.5900373458862305,-0.1951965841898857,-1.53845944482095,-0.1185941696166992,-0.11859416961669922
1994-04-19,8.0,8.125,8.0,8.125,7.70863151550293,-0.2366510477230401,1.562497840422039,0.1185941696166992,0.11859416961669922
1994-04-20,8.125,8.375,7.875,8.0,7.5900373458862305,-0.3857276761980376,-1.53845944482095,-0.1185941696166992,-0.11859416961669922
1994-04-21,8.0,8.625,7.75,8.625,8.183008193969727,-0.2781055112561945,7.81248920211024,0.5929708480834961,0.5929708480834961
1994-04-22,8.625,8.75,8.5,8.5,8.064414978027344,-0.5284266948987038,-1.449261850058725,-0.1185932159423828,-0.11859321594238281
1994-04-25,8.5,8.75,8.5,8.75,8.301602363586426,-0.451098176384935,2.941160471098448,0.237187385559082,0.23718738555908203
1994-04-26,8.625,8.625,8.375,8.625,8.183008193969727,-0.4487065727195607,-1.4285696233403369,-0.1185941696166992,-0.11859416961669922
1994-04-28,8.625,8.75,8.5,8.75,8.301602363586426,-0.4941470423616723,1.449273504383064,0.1185941696166992,0.11859416961669922
1994-04-29,8.75,9.0,8.625,9.0,8.53879165649414,-0.1561337243221056,2.8571507345148905,0.2371892929077148,0.23718929290771484
1994-05-02,9.0,9.0,8.875,9.0,8.53879165649414,-0.1800497609758485,0.0,0.0,0.0
1994-05-03,8.875,8.875,8.875,8.875,8.420197486877441,-0.5730699633190239,-1.3888870274344156,-0.1185941696166992,-0.11859416961669922
1994-05-04,8.875,8.875,8.75,8.875,8.420197486877441,-0.5252378900115381,0.0,0.0,0.0
1994-05-05,8.875,9.0,8.875,8.875,8.420197486877441,-0.5587203413267782,0.0,0.0,0.0
1994-05-06,8.875,8.875,8.75,8.875,8.420197486877441,-0.5619091462139439,0.0,0.0,0.0
1994-05-09,8.875,8.875,8.625,8.625,8.183008193969727,-0.2223014257307943,-2.8169089059652763,-0.2371892929077148,-0.23718929290771484
1994-05-10,8.625,8.75,8.625,8.75,8.301602363586426,-0.5603147437703611,1.449273504383064,0.1185941696166992,0.11859416961669922
1994-05-11,8.75,8.75,8.625,8.625,8.183008193969727,-0.4662449995989722,-1.4285696233403369,-0.1185941696166992,-0.11859416961669922
1994-05-12,8.625,8.625,8.5,8.5,8.064414978027344,-0.5387903107819924,-1.449261850058725,-0.1185932159423828,-0.11859321594238281
1994-05-13,8.5,8.625,8.5,8.625,8.183008193969727,-0.1354064925555284,1.470574322694285,0.1185932159423828,0.11859321594238281
1994-05-16,8.5,8.5,8.5,8.5,8.064414978027344,-0.5427763168909495,-1.449261850058725,-0.1185932159423828,-0.11859321594238281
1994-05-17,8.5,8.625,8.25,8.5,8.064414978027344,0.6123682534848337,0.0,0.0,0.0
1994-05-18,8.5,8.875,8.5,8.75,8.301602363586426,-0.4168185238479034,2.941160471098448,0.237187385559082,0.23718738555908203
1994-05-19,8.75,9.0,8.625,9.0,8.53879165649414,-0.2629586880421573,2.8571507345148905,0.2371892929077148,0.23718929290771484
1994-05-20,9.0,9.25,9.0,9.25,8.775979995727539,-0.3578256334353376,2.777774054868831,0.2371883392333984,0.23718833923339844
1994-05-23,9.25,9.25,8.875,9.0,8.53879165649414,-0.3410844077777175,-2.7026991783125065,-0.2371883392333984,-0.23718833923339844
1994-05-24,9.0,9.0,8.875,9.0,8.53879165649414,-0.5260350912333295,0.0,0.0,0.0
1994-05-25,9.0,9.0,8.75,8.75,8.301602363586426,-0.4997274509142123,-2.7777852235956746,-0.2371892929077148,-0.23718929290771484
1994-05-26,8.75,9.0,8.625,8.875,8.420197486877441,-0.4223989324004435,1.4285811111745428,0.1185951232910156,0.11859512329101562
1994-05-27,8.75,8.75,8.5,8.5,8.064414978027344,-0.5236434875679552,-4.225346369898942,-0.3557825088500976,-0.35578250885009766
1994-05-31,8.5,8.625,8.375,8.5,8.064414978027344,0.7255708269792168,0.0,0.0,0.0
1994-06-01,8.5,8.5,8.375,8.5,8.064414978027344,-0.519657481458998,0.0,0.0,0.0
1994-06-02,8.375,8.375,8.125,8.25,7.827225685119629,0.4473476005740075,-2.9411841225181368,-0.2371892929077148,-0.23718929290771484
1994-06-03,8.25,8.25,8.0,8.125,7.70863151550293,-0.0955464314659568,-1.51514948447391,-0.1185941696166992,-0.11859416961669922
1994-06-06,8.125,8.125,8.0,8.125,7.70863151550293,-0.451098176384935,0.0,0.0,0.0
1994-06-07,8.125,8.125,8.0,8.125,7.70863151550293,-0.4423289629452293,0.0,0.0,0.0
1994-06-08,8.125,8.25,8.125,8.125,7.70863151550293,-0.4239933348440263,0.0,0.0,0.0
1994-06-09,8.125,8.125,7.875,8.0,7.618165969848633,-0.2804971149215688,-1.173561681763624,-0.0904655456542968,-0.09046554565429688
1994-06-10,8.0,8.125,7.875,8.0,7.618165969848633,-0.5635035486575267,0.0,0.0,0.0
1994-06-13,8.0,8.0,7.875,8.0,7.618165969848633,-0.5690839572100668,0.0,0.0,0.0
1994-06-14,8.0,8.0,7.75,8.0,7.618165969848633,-0.5172658777936238,0.0,0.0,0.0
1994-06-15,8.0,8.0,8.0,8.0,7.618165969848633,-0.5340071034512438,0.0,0.0,0.0
1994-06-16,8.0,8.0,7.875,8.0,7.618165969848633,-0.543573518112741,0.0,0.0,0.0
1994-06-17,8.0,8.0,7.875,8.0,7.618165969848633,-0.5475595242216982,0.0,0.0,0.0
1994-06-20,7.875,7.875,7.75,7.875,7.499131679534912,-0.5475595242216982,-1.5625058680112436,-0.1190342903137207,-0.1190342903137207
1994-06-21,7.875,7.875,7.5,7.875,7.499131679534912,-0.4590701886028493,0.0,0.0,0.0
1994-06-22,7.75,7.75,7.5,7.75,7.380098819732666,-0.4518953776067264,-1.587288567382894,-0.1190328598022461,-0.1190328598022461
1994-06-23,7.75,7.75,7.5,7.625,7.261064529418945,-0.4558813837156836,-1.612909165869847,-0.1190342903137207,-0.1190342903137207
1994-06-24,7.625,7.625,7.5,7.625,7.261064529418945,-0.4742170118168865,0.0,0.0,0.0
1994-06-27,7.625,7.625,7.375,7.625,7.261064529418945,-0.4439233653888121,0.0,0.0,0.0
1994-06-28,7.375,7.375,7.25,7.375,7.02299690246582,-0.4758114142604693,-3.278687663338753,-0.238067626953125,-0.238067626953125
1994-06-29,7.25,7.25,7.125,7.25,6.903963088989258,-0.3857276761980376,-1.694914793921798,-0.1190338134765625,-0.1190338134765625
1994-06-30,7.25,7.375,7.0,7.375,7.02299690246582,-0.347462017552049,1.724137454709207,0.1190338134765625,0.1190338134765625
1994-07-01,7.375,7.375,7.125,7.375,7.02299690246582,-0.549153926665281,0.0,0.0,0.0
1994-07-05,7.25,7.25,6.875,7.125,6.784929275512695,-0.5140770729064581,-3.3898295878435847,-0.238067626953125,-0.238067626953125
1994-07-06,7.0,7.0,7.0,7.0,6.665895938873291,-0.5858251828676868,-1.7543784438402987,-0.1190333366394043,-0.1190333366394043
1994-07-07,7.0,7.0,6.875,7.0,6.665895938873291,-0.4933498411398808,0.0,0.0,0.0
1994-07-08,7.0,7.0,6.75,7.0,6.665895938873291,-0.4829862252565922,0.0,0.0,0.0
1994-07-11,7.0,7.0,6.875,7.0,6.665895938873291,-0.4319653470619407,0.0,0.0,0.0
1994-07-12,7.125,7.25,7.125,7.25,6.903963088989258,-0.5332099022294524,3.5714201406541246,0.2380671501159668,0.2380671501159668
1994-07-13,7.25,7.375,7.0,7.0,6.665895938873291,0.3174038014220043,-3.448268002701904,-0.2380671501159668,-0.2380671501159668
1994-07-14,7.25,7.75,7.25,7.75,7.380098819732666,-0.3331123955598032,10.714281882115518,0.714202880859375,0.714202880859375
1994-07-15,7.625,7.625,7.375,7.5,7.142030239105225,-0.5387903107819924,-3.225818331739694,-0.2380685806274414,-0.2380685806274414
1994-07-18,7.375,7.375,7.375,7.375,7.02299690246582,-0.5842307804241039,-1.666659656348879,-0.1190333366394043,-0.1190333366394043
1994-07-19,7.375,7.375,7.25,7.375,7.02299690246582,-0.5674895547664839,0.0,0.0,0.0
1994-07-20,7.25,7.25,7.125,7.25,6.903963088989258,-0.5674895547664839,-1.694914793921798,-0.1190338134765625,-0.1190338134765625
1994-07-21,7.0,7.0,7.0,7.0,6.665895938873291,-0.5539371339960296,-3.448268002701904,-0.2380671501159668,-0.2380671501159668
1994-07-22,7.0,7.0,6.875,7.0,6.665895938873291,-0.5284266948987038,0.0,0.0,0.0
1994-07-25,7.0,7.125,7.0,7.125,6.784929275512695,-0.5603147437703611,1.7857064936348754,0.1190333366394043,0.1190333366394043
1994-07-26,7.0,7.0,6.875,7.0,6.665895938873291,-0.5698811584318582,-1.7543784438402987,-0.1190333366394043,-0.1190333366394043
1994-07-27,7.0,7.0,6.75,7.0,6.665895938873291,-0.3347067980033861,0.0,0.0,0.0
1994-07-28,7.0,7.0,6.875,7.0,6.665895938873291,-0.5523427315524467,0.0,0.0,0.0
1994-07-29,7.0,7.0,7.0,7.0,6.665895938873291,-0.578650371871564,0.0,0.0,0.0
1994-08-01,7.0,7.0,6.875,7.0,6.665895938873291,-0.5228462863461638,0.0,0.0,0.0
1994-08-02,7.0,7.0,6.75,7.0,6.665895938873291,-0.5132798716846666,0.0,0.0,0.0
1994-08-03,6.875,6.875,6.625,6.875,6.5468621253967285,-0.2621614868203659,-1.7857136470192492,-0.1190338134765625,-0.1190338134765625
1994-08-04,6.875,6.875,6.75,6.875,6.5468621253967285,-0.5611119449921524,0.0,0.0,0.0
1994-08-05,6.75,6.75,6.625,6.75,6.42782735824585,-0.3099935601278517,-1.818195722942084,-0.1190347671508789,-0.1190347671508789
1994-08-08,6.75,6.75,6.5,6.75,6.42782735824585,-0.3498536212174233,0.0,0.0,0.0
1994-08-09,6.75,7.0,6.75,6.875,6.5468621253967285,-0.369783651762209,1.851866276373726,0.1190347671508789,0.1190347671508789
1994-08-10,6.875,6.875,6.625,6.875,6.5468621253967285,-0.3139795662368089,0.0,0.0,0.0
1994-08-11,6.875,7.0,6.625,6.75,6.42782735824585,-0.22549023061796,-1.818195722942084,-0.1190347671508789,-0.1190347671508789
1994-08-12,6.625,6.625,6.375,6.5,6.189759731292725,-0.312385163793226,-3.703702879445314,-0.238067626953125,-0.238067626953125
1994-08-15,6.5,6.5,6.25,6.5,6.189759731292725,-0.1178680656761169,0.0,0.0,0.0
1994-08-16,6.5,6.5,6.25,6.5,6.189759731292725,-0.5531399327742381,0.0,0.0,0.0
1994-08-17,6.5,6.5,6.25,6.25,5.9516921043396,-0.5172658777936238,-3.8461529572716535,-0.238067626953125,-0.238067626953125
1994-08-18,6.25,6.25,6.0,6.25,5.9516921043396,0.470466436005959,0.0,0.0,0.0
1994-08-19,6.25,6.375,6.125,6.25,5.9516921043396,-0.2701334990382802,0.0,0.0,0.0
1994-08-22,6.25,6.375,6.25,6.375,6.070725440979004,-0.3737696578711662,1.9999915075010757,0.1190333366394043,0.1190333366394043
1994-08-23,6.375,6.375,6.125,6.25,5.9516921043396,-0.4415317617234378,-1.9607761509999768,-0.1190333366394043,-0.1190333366394043
1994-08-24,6.25,6.375,6.125,6.25,5.9516921043396,-0.4877694325873408,0.0,0.0,0.0
1994-08-25,6.25,6.25,6.125,6.25,5.9516921043396,-0.4503009751631436,0.0,0.0,0.0
1994-08-26,6.25,6.375,6.125,6.25,5.9516921043396,-0.565895152322901,0.0,0.0,0.0
1994-08-29,6.25,6.25,6.125,6.25,5.9516921043396,-0.3155739686803918,0.0,0.0,0.0
1994-08-30,6.25,6.25,6.125,6.125,5.832657814025879,-0.4479093714977692,-2.000007531083947,-0.1190342903137207,-0.1190342903137207
1994-08-31,6.125,6.25,6.125,6.25,5.9516921043396,-0.4351541519491064,2.040824168142996,0.1190342903137207,0.1190342903137207
1994-09-01,6.25,6.25,6.125,6.25,5.9516921043396,1.4151498838288046,0.0,0.0,0.0
1994-09-02,6.25,6.375,6.125,6.25,5.9516921043396,-0.4614617922682236,0.0,0.0,0.0
1994-09-06,6.25,6.25,6.0,6.25,5.9516921043396,-0.5443707193345324,0.0,0.0,0.0
1994-09-07,6.125,6.125,6.125,6.125,5.832657814025879,-0.5419791156691581,-2.000007531083947,-0.1190342903137207,-0.1190342903137207
1994-09-08,6.125,6.25,6.0,6.125,5.832657814025879,-0.1266372791158226,0.0,0.0,0.0
1994-09-09,6.125,6.125,6.0,6.125,5.832657814025879,-0.3976856945249091,0.0,0.0,0.0
1994-09-12,6.125,6.125,6.0,6.125,5.832657814025879,-0.5172658777936238,0.0,0.0,0.0
1994-09-13,6.125,6.25,6.125,6.25,5.9516921043396,-0.4487065727195607,2.040824168142996,0.1190342903137207,0.1190342903137207
1994-09-14,6.25,6.25,6.125,6.25,5.9516921043396,-0.5906083901984354,0.0,0.0,0.0
1994-09-15,6.125,6.125,6.0,6.125,5.832657814025879,-0.5611119449921524,-2.000007531083947,-0.1190342903137207,-0.1190342903137207
1994-09-16,6.125,6.125,6.0,6.125,5.832657814025879,-0.4925526399180894,0.0,0.0,0.0
1994-09-19,6.125,6.125,6.0,6.0,5.713624000549316,-0.497335847248838,-2.04081599284498,-0.1190338134765625,-0.1190338134765625
1994-09-20,6.0,6.0,5.75,5.875,5.594590663909912,-0.3195599747893489,-2.083324639982609,-0.1190333366394043,-0.1190333366394043
1994-09-21,5.875,5.875,5.625,5.75,5.475556373596191,-0.4869722313655494,-2.1276675536174183,-0.1190342903137207,-0.1190342903137207
1994-09-22,5.75,5.75,5.25,5.75,5.475556373596191,0.2376836792428612,0.0,0.0,0.0
1994-09-23,5.75,5.875,5.625,5.875,5.594590663909912,-0.4805946215912179,2.173921373318688,0.1190342903137207,0.1190342903137207
1994-09-26,5.75,5.75,5.5,5.75,5.475556373596191,-0.4415317617234378,-2.1276675536174183,-0.1190342903137207,-0.1190342903137207
1994-09-27,5.75,5.75,5.5,5.75,5.475556373596191,-0.4726226093733036,0.0,0.0,0.0
1994-09-28,5.625,5.625,5.5,5.625,5.356522560119629,-0.4415317617234378,-2.1739126648491536,-0.1190338134765625,-0.1190338134765625
1994-09-29,5.625,5.625,5.375,5.625,5.356522560119629,-0.5053078594667523,0.0,0.0,0.0
1994-09-30,5.625,5.75,5.5,5.75,5.475556373596191,-0.5220490851243723,2.2222218265781857,0.1190338134765625,0.1190338134765625
1994-10-03,5.75,5.75,5.625,5.75,5.475556373596191,-0.5850279816458954,0.0,0.0,0.0
1994-10-04,5.75,5.75,5.625,5.75,5.475556373596191,-0.5874195853112697,0.0,0.0,0.0
1994-10-05,5.75,5.75,5.5,5.75,5.475556373596191,-0.5100910667975009,0.0,0.0,0.0
1994-10-06,5.625,5.625,5.5,5.625,5.356522560119629,-0.5356015058948267,-2.1739126648491536,-0.1190338134765625,-0.1190338134765625
1994-10-07,5.625,5.75,5.5,5.75,5.475556373596191,-0.5603147437703611,2.2222218265781857,0.1190338134765625,0.1190338134765625
1994-10-10,5.75,5.75,5.625,5.75,5.475556373596191,-0.5427763168909495,0.0,0.0,0.0
1994-10-11,5.75,5.75,5.5,5.75,5.475556373596191,-0.3347067980033861,0.0,0.0,0.0
1994-10-12,5.75,5.875,5.625,5.875,5.594590663909912,-0.4829862252565922,2.173921373318688,0.1190342903137207,0.1190342903137207
1994-10-13,5.875,5.875,5.75,5.875,5.594590663909912,-0.4766086154822608,0.0,0.0,0.0
1994-10-14,5.875,5.875,5.625,5.875,5.594590663909912,-0.5053078594667523,0.0,0.0,0.0
1994-10-17,5.875,5.875,5.625,5.75,5.475556373596191,-0.3952940908595349,-2.1276675536174183,-0.1190342903137207,-0.1190342903137207
1994-10-18,5.75,5.875,5.75,5.75,5.475556373596191,-0.5387903107819924,0.0,0.0,0.0
1994-10-19,5.75,6.125,5.75,6.125,5.832657814025879,-0.2781055112561945,6.52173799454745,0.3571014404296875,0.3571014404296875
1994-10-20,6.25,6.375,6.25,6.375,6.070725440979004,-0.4168185238479034,4.08163198568996,0.238067626953125,0.238067626953125
1994-10-21,6.375,6.375,6.25,6.25,5.9516921043396,-0.5037134570231695,-1.9607761509999768,-0.1190333366394043,-0.1190333366394043
1994-10-24,6.125,6.125,6.0,6.0,5.713624000549316,-0.4758114142604693,-4.000007050376464,-0.2380681037902832,-0.2380681037902832
1994-10-25,6.0,6.0,5.875,6.0,5.713624000549316,-0.5674895547664839,0.0,0.0,0.0
1994-10-26,6.0,6.125,5.875,6.0,5.713624000549316,-0.5539371339960296,0.0,0.0,0.0
1994-10-27,6.0,6.0,5.875,6.0,5.713624000549316,-0.5363987071166181,0.0,0.0,0.0
1994-10-28,6.0,6.125,6.0,6.125,5.832657814025879,-0.4821890240348008,2.0833329855993066,0.1190338134765625,0.1190338134765625
1994-10-31,6.125,6.25,5.875,6.0,5.713624000549316,-0.3562312309917547,-2.04081599284498,-0.1190338134765625,-0.1190338134765625
1994-11-01,6.0,6.0,5.875,6.0,5.713624000549316,-0.4774058167040522,0.0,0.0,0.0
1994-11-02,6.0,6.0,5.875,6.0,5.713624000549316,-0.4877694325873408,0.0,0.0,0.0
1994-11-03,6.0,6.5,6.0,6.5,6.189759731292725,-0.4056577067428235,8.333340288013913,0.4761357307434082,0.4761357307434082
1994-11-04,6.5,6.625,6.25,6.375,6.070725440979004,-0.4574757861592665,-1.9230841822815088,-0.1190342903137207,-0.1190342903137207
1994-11-07,6.375,6.375,6.375,6.375,6.070725440979004,-0.5395875120037839,0.0,0.0,0.0
1994-11-08,6.5,6.875,6.5,6.75,6.42782735824585,-0.007057095847108,5.882359871792464,0.3571019172668457,0.3571019172668457
1994-11-09,6.875,7.25,6.875,7.25,6.903963088989258,-0.1641057365400199,7.40741317721616,0.4761357307434082,0.4761357307434082
1994-11-10,7.25,7.75,7.0,7.0,6.665895938873291,0.5948298266054222,-3.448268002701904,-0.2380671501159668,-0.2380671501159668
1994-11-11,7.0,7.125,7.0,7.0,6.665895938873291,-0.5332099022294524,0.0,0.0,0.0
1994-11-14,7.0,7.0,6.875,6.875,6.5468621253967285,-0.5627063474357353,-1.7857136470192492,-0.1190338134765625,-0.1190338134765625
1994-11-15,6.875,6.875,6.75,6.75,6.42782735824585,-0.5459651217781153,-1.818195722942084,-0.1190347671508789,-0.1190347671508789
1994-11-16,6.75,6.875,6.5,6.5,6.189759731292725,-0.4518953776067264,-3.703702879445314,-0.238067626953125,-0.238067626953125
1994-11-17,6.375,6.375,6.25,6.375,6.070725440979004,-0.4797974203694265,-1.9230841822815088,-0.1190342903137207,-0.1190342903137207
1994-11-18,6.375,6.375,6.25,6.375,6.070725440979004,-0.5252378900115381,0.0,0.0,0.0
1994-11-21,6.25,6.25,6.125,6.25,5.9516921043396,-0.5515455303306553,-1.9607761509999768,-0.1190333366394043,-0.1190333366394043
1994-11-22,6.125,6.125,6.0,6.0,5.713624000549316,-0.549153926665281,-4.000007050376464,-0.2380681037902832,-0.2380681037902832
1994-11-23,6.0,6.125,5.75,5.75,5.475556373596191,-0.5395875120037839,-4.166665971198613,-0.238067626953125,-0.238067626953125
1994-11-25,5.75,5.875,5.75,5.875,5.594590663909912,-0.5371959083384096,2.173921373318688,0.1190342903137207,0.1190342903137207
1994-11-28,5.875,5.875,5.625,5.625,5.356522560119629,-0.5340071034512438,-4.2553265840525984,-0.2380681037902832,-0.2380681037902832
1994-11-29,5.625,5.875,5.625,5.875,5.594590663909912,-0.4056577067428235,4.444452555147382,0.2380681037902832,0.2380681037902832
1994-11-30,5.875,5.875,5.625,5.875,5.594590663909912,-0.410440914073572,0.0,0.0,0.0
1994-12-01,5.875,6.125,5.875,6.0,5.713624000549316,-0.5204546826807895,2.1276505072529206,0.1190333366394043,0.1190333366394043
1994-12-02,6.125,6.25,6.125,6.25,5.9516921043396,-0.3976856945249091,4.1666743168153,0.2380681037902832,0.2380681037902832
1994-12-05,6.125,6.125,6.0,6.125,5.832657814025879,-0.5108882680192923,-2.000007531083947,-0.1190342903137207,-0.1190342903137207
1994-12-06,6.125,6.125,5.75,5.875,5.594590663909912,-0.5611119449921524,-4.081623810391943,-0.2380671501159668,-0.2380671501159668
1994-12-07,5.875,6.0,5.875,5.875,5.594590663909912,-0.5674895547664839,0.0,0.0,0.0
1994-12-08,5.75,5.75,5.625,5.75,5.475556373596191,-0.4686366032643465,-2.1276675536174183,-0.1190342903137207,-0.1190342903137207
1994-12-09,5.75,5.75,5.5,5.75,5.504274368286133,-0.4479093714977692,0.5244762857053775,0.0287179946899414,0.028717994689941406
1994-12-12,5.625,5.625,5.375,5.625,5.384616374969482,-0.549153926665281,-2.173910406902701,-0.1196579933166503,-0.11965799331665039
1994-12-13,5.625,6.0,5.625,6.0,5.74359130859375,-0.4247905360658178,6.66667611258196,0.3589749336242676,0.3589749336242676
1994-12-14,6.0,6.25,6.0,6.125,5.863248348236084,-0.1848329683065971,2.0833139618290586,0.1196570396423339,0.11965703964233398
1994-12-15,6.125,6.25,6.125,6.25,5.982906818389893,-0.4782030179258436,2.040822135562559,0.1196584701538086,0.1196584701538086
1994-12-16,6.25,6.5,6.125,6.375,6.102565288543701,-0.4128325177389463,2.00000557899398,0.1196584701538086,0.1196584701538086
1994-12-19,6.375,6.5,6.125,6.125,5.863248348236084,-0.537993109560201,-3.921579352160065,-0.2393169403076172,-0.2393169403076172
1994-12-20,6.125,6.125,5.875,6.125,5.863248348236084,-0.5635035486575267,0.0,0.0,0.0
1994-12-21,6.0,6.0,5.75,5.75,5.504274368286133,-0.5172658777936238,-6.1224420087534925,-0.3589739799499511,-0.35897397994995117
1994-12-22,5.75,5.75,5.5,5.75,5.504274368286133,-0.3466648163302576,0.0,0.0,0.0
1994-12-23,5.75,5.75,5.75,5.75,5.504274368286133,-0.5746643657626068,0.0,0.0,0.0
1994-12-27,5.75,5.75,5.5,5.625,5.384616374969482,-0.549153926665281,-2.173910406902701,-0.1196579933166503,-0.11965799331665039
1994-12-28,5.625,5.75,5.625,5.75,5.504274368286133,-0.5698811584318582,2.2222194671635886,0.1196579933166503,0.11965799331665039
1994-12-29,5.625,5.625,5.5,5.625,5.384616374969482,-0.4614617922682236,-2.173910406902701,-0.1196579933166503,-0.11965799331665039
1994-12-30,5.625,6.25,5.5,6.25,5.982906818389893,-0.3410844077777175,11.11110619136355,0.5982904434204102,0.5982904434204102
1995-01-03,6.25,6.25,6.25,6.25,5.982906818389893,-0.5937971950856011,0.0,0.0,0.0
1995-01-04,6.125,6.125,6.0,6.0,5.74359130859375,-0.5387903107819924,-3.999987248013781,-0.2393155097961425,-0.23931550979614258
1995-01-05,6.125,6.125,6.125,6.125,5.863248348236084,-0.5914055914202269,2.0833139618290586,0.1196570396423339,0.11965703964233398
1995-01-06,6.125,6.125,6.0,6.125,5.863248348236084,-0.578650371871564,0.0,0.0,0.0
1995-01-09,6.125,6.125,6.0,6.125,5.863248348236084,-0.5818391767587296,0.0,0.0,0.0
1995-01-10,6.0,6.0,5.875,6.0,5.74359130859375,-0.5906083901984354,-2.0407977376283526,-0.1196570396423339,-0.11965703964233398
1995-01-11,5.875,5.875,5.875,5.875,5.623933792114258,-0.5754615669843982,-2.083322263902321,-0.1196575164794921,-0.11965751647949219
1995-01-12,6.0,6.0,6.0,6.0,5.74359130859375,-0.5124826704628752,2.1276480289877053,0.1196575164794921,0.11965751647949219
1995-01-13,6.0,6.25,6.0,6.0,5.74359130859375,-0.3203571760111403,0.0,0.0,0.0
1995-01-16,5.875,5.875,5.75,5.875,5.623933792114258,-0.5730699633190239,-2.083322263902321,-0.1196575164794921,-0.11965751647949219
1995-01-17,5.75,5.75,5.75,5.75,5.504274368286133,-0.5643007498793182,-2.127681943836335,-0.119659423828125,-0.119659423828125
1995-01-18,5.75,5.75,5.625,5.75,5.504274368286133,-0.4965386460270465,0.0,0.0,0.0
1995-01-19,5.625,5.625,5.625,5.625,5.384616374969482,-0.5555315364396124,-2.173910406902701,-0.1196579933166503,-0.11965799331665039
1995-01-20,5.75,5.75,5.75,5.75,5.504274368286133,-0.5156714753500409,2.2222194671635886,0.1196579933166503,0.11965799331665039
1995-01-23,5.75,5.75,5.625,5.625,5.384616374969482,-0.5690839572100668,-2.173910406902701,-0.1196579933166503,-0.11965799331665039
1995-01-24,5.75,5.875,5.75,5.75,5.504274368286133,-0.5531399327742381,2.2222194671635886,0.1196579933166503,0.11965799331665039
1995-01-25,5.75,5.875,5.75,5.875,5.623933792114258,-0.4909582374745065,2.1739363960046054,0.119659423828125,0.119659423828125
1995-01-26,5.875,5.875,5.75,5.875,5.623933792114258,-0.5842307804241039,0.0,0.0,0.0
1995-01-27,5.875,6.25,5.875,6.125,5.863248348236084,-0.4192101275132778,4.255287579263234,0.2393145561218261,0.23931455612182617
1995-01-30,6.0,6.0,5.875,6.0,5.74359130859375,-0.5523427315524467,-2.0407977376283526,-0.1196570396423339,-0.11965703964233398
1995-01-31,6.0,6.0,5.875,6.0,5.74359130859375,-0.5858251828676868,0.0,0.0,0.0
1995-02-01,6.0,6.125,5.875,6.125,5.863248348236084,-0.4582729873810579,2.0833139618290586,0.1196570396423339,0.11965703964233398
1995-02-02,6.0,6.0,5.875,6.0,5.74359130859375,-0.5236434875679552,-2.0407977376283526,-0.1196570396423339,-0.11965703964233398
1995-02-03,6.0,6.125,6.0,6.125,5.863248348236084,-0.5467623229999067,2.0833139618290586,0.1196570396423339,0.11965703964233398
1995-02-06,6.125,6.125,6.0,6.0,5.74359130859375,-0.5770559694279811,-2.0407977376283526,-0.1196570396423339,-0.11965703964233398
1995-02-07,6.0,6.0,6.0,6.0,5.74359130859375,-0.5754615669843982,0.0,0.0,0.0
1995-02-08,6.0,6.0,6.0,6.0,5.74359130859375,-0.5571259388831953,0.0,0.0,0.0
1995-02-09,6.0,6.125,6.0,6.0,5.74359130859375,-0.5762587682061896,0.0,0.0,0.0
1995-02-10,6.0,6.0,5.875,5.875,5.623933792114258,-0.5738671645408153,-2.083322263902321,-0.1196575164794921,-0.11965751647949219
1995-02-13,5.875,5.875,5.75,5.875,5.623933792114258,-0.5922027926420182,0.0,0.0,0.0
1995-02-14,5.875,5.875,5.75,5.875,5.623933792114258,-0.5794475730933554,0.0,0.0,0.0
1995-02-15,5.875,5.875,5.75,5.875,5.623933792114258,-0.5324127010076609,0.0,0.0,0.0
1995-02-16,5.875,6.0,5.625,6.0,5.74359130859375,-0.5188602802372067,2.1276480289877053,0.1196575164794921,0.11965751647949219
1995-02-17,5.875,5.875,5.75,5.875,5.623933792114258,-0.5515455303306553,-2.083322263902321,-0.1196575164794921,-0.11965751647949219
1995-02-21,5.875,6.0,5.875,5.875,5.623933792114258,-0.4176157250696949,0.0,0.0,0.0
1995-02-22,5.875,6.0,5.875,6.0,5.74359130859375,-0.5316154997858695,2.1276480289877053,0.1196575164794921,0.11965751647949219
1995-02-23,6.0,6.0,5.75,6.0,5.74359130859375,-0.5236434875679552,0.0,0.0,0.0
1995-02-24,6.0,6.0,5.875,6.0,5.74359130859375,-0.5571259388831953,0.0,0.0,0.0
1995-02-27,6.0,6.0,5.75,6.0,5.74359130859375,-0.4407345605016464,0.0,0.0,0.0
1995-02-28,6.0,6.125,5.875,6.125,5.863248348236084,-0.5140770729064581,2.0833139618290586,0.1196570396423339,0.11965703964233398
1995-03-01,6.125,6.125,6.0,6.125,5.863248348236084,-0.5666923535446925,0.0,0.0,0.0
1995-03-02,6.0,6.0,6.0,6.0,5.74359130859375,-0.5427763168909495,-2.0407977376283526,-0.1196570396423339,-0.11965703964233398
1995-03-03,6.0,6.0,5.875,6.0,5.74359130859375,-0.4208045299568606,0.0,0.0,0.0
1995-03-06,6.0,6.0,6.0,6.0,5.74359130859375,-0.595391597529184,0.0,0.0,0.0
1995-03-07,6.0,6.0,5.875,6.0,5.74359130859375,-0.5108882680192923,0.0,0.0,0.0
1995-03-08,6.0,6.0,5.875,6.0,5.74359130859375,-0.5443707193345324,0.0,0.0,0.0
1995-03-09,6.0,6.0,6.0,6.0,5.74359130859375,-0.5906083901984354,0.0,0.0,0.0
1995-03-10,5.875,5.875,5.875,5.875,5.623933792114258,-0.5810419755369383,-2.083322263902321,-0.1196575164794921,-0.11965751647949219
1995-03-13,5.875,6.0,5.875,6.0,5.74359130859375,-0.565895152322901,2.1276480289877053,0.1196575164794921,0.11965751647949219
1995-03-14,6.0,6.0,5.875,6.0,5.74359130859375,-0.5523427315524467,0.0,0.0,0.0
1995-03-15,5.875,5.875,5.75,5.75,5.504274368286133,-0.5929999938638097,-4.166677736097679,-0.2393169403076172,-0.2393169403076172
1995-03-16,5.75,5.75,5.75,5.75,5.504274368286133,-0.5515455303306553,0.0,0.0,0.0
1995-03-17,5.75,5.875,5.75,5.875,5.623933792114258,-0.5539371339960296,2.1739363960046054,0.119659423828125,0.119659423828125
1995-03-20,5.875,6.125,5.875,6.125,5.863248348236084,-0.388119279863412,4.255287579263234,0.2393145561218261,0.23931455612182617
1995-03-21,6.0,6.0,5.875,5.875,5.623933792114258,-0.5635035486575267,-4.081603607901451,-0.2393145561218261,-0.23931455612182617
1995-03-22,5.875,6.0,5.875,5.875,5.623933792114258,-0.5348043046730352,0.0,0.0,0.0
1995-03-23,5.875,6.125,5.875,6.0,5.74359130859375,-0.4941470423616723,2.1276480289877053,0.1196575164794921,0.11965751647949219
1995-03-24,6.0,6.125,5.75,6.125,5.863248348236084,-0.5005246521360037,2.0833139618290586,0.1196570396423339,0.11965703964233398
1995-03-27,6.125,6.125,6.0,6.0,5.74359130859375,-0.1728749499797256,-2.0407977376283526,-0.1196570396423339,-0.11965703964233398
1995-03-28,6.0,6.0,5.875,5.875,5.623933792114258,-0.4311681458401492,-2.083322263902321,-0.1196575164794921,-0.11965751647949219
1995-03-29,5.875,6.0,5.875,5.875,5.623933792114258,-0.4750142130386779,0.0,0.0,0.0
1995-03-30,6.125,6.125,6.125,6.125,5.863248348236084,-0.5682867559882754,4.255287579263234,0.2393145561218261,0.23931455612182617
1995-03-31,6.125,6.25,6.0,6.25,5.982906818389893,-0.526832292455121,2.040822135562559,0.1196584701538086,0.1196584701538086
1995-04-03,6.125,6.125,6.0,6.0,5.74359130859375,-0.5348043046730352,-3.999987248013781,-0.2393155097961425,-0.23931550979614258
1995-04-04,6.0,6.125,6.0,6.0,5.74359130859375,-0.5834335792023125,0.0,0.0,0.0
1995-04-05,6.0,6.125,6.0,6.125,5.863248348236084,-0.2884691271394831,2.0833139618290586,0.1196570396423339,0.11965703964233398
1995-04-06,6.125,6.125,6.0,6.0,5.74359130859375,-0.4614617922682236,-2.0407977376283526,-0.1196570396423339,-0.11965703964233398
1995-04-07,6.0,6.125,5.875,6.0,5.74359130859375,-0.2446230599409544,0.0,0.0,0.0
1995-04-10,6.0,6.0,6.0,6.0,5.74359130859375,0.0527329957872492,0.0,0.0,0.0
1995-04-11,6.0,6.0,5.875,6.0,5.74359130859375,-0.4821890240348008,0.0,0.0,0.0
1995-04-12,6.0,6.0,5.875,6.0,5.74359130859375,-0.5666923535446925,0.0,0.0,0.0
1995-04-13,6.0,6.0,5.875,5.875,5.623933792114258,-0.2972383405791888,-2.083322263902321,-0.1196575164794921,-0.11965751647949219
1995-04-17,5.875,5.875,5.75,5.75,5.504274368286133,-0.5738671645408153,-2.127681943836335,-0.119659423828125,-0.119659423828125
1995-04-18,5.75,5.75,5.75,5.75,5.504274368286133,-0.5220490851243723,0.0,0.0,0.0
1995-04-19,5.75,5.75,5.625,5.625,5.384616374969482,-0.5555315364396124,-2.173910406902701,-0.1196579933166503,-0.11965799331665039
1995-04-20,5.625,5.75,5.625,5.625,5.384616374969482,-0.5539371339960296,0.0,0.0,0.0
1995-04-21,5.625,5.75,5.5,5.625,5.384616374969482,-0.4885666338091322,0.0,0.0,0.0
1995-04-24,5.625,5.625,5.5,5.5,5.264957904815674,-0.4518953776067264,-2.222228322709185,-0.1196584701538086,-0.1196584701538086
1995-04-25,5.5,5.625,5.375,5.5,5.264957904815674,-0.3115879625714346,0.0,0.0,0.0
1995-04-26,5.5,5.5,5.5,5.5,5.264957904815674,-0.5810419755369383,0.0,0.0,0.0
1995-04-27,5.375,5.375,5.25,5.375,5.145300388336182,-0.5013218533577951,-2.2727155400434573,-0.1196575164794921,-0.11965751647949219
1995-04-28,5.375,5.375,5.25,5.375,5.145300388336182,-0.3657976456532519,0.0,0.0,0.0
1995-05-01,5.375,5.75,5.25,5.75,5.504274368286133,-0.5395875120037839,6.976735134137257,0.3589739799499511,0.35897397994995117
1995-05-02,5.625,5.625,5.5,5.625,5.384616374969482,-0.5738671645408153,-2.173910406902701,-0.1196579933166503,-0.11965799331665039
1995-05-03,5.625,5.875,5.625,5.875,5.623933792114258,0.1659355692816324,4.444465500963979,0.2393174171447754,0.2393174171447754
1995-05-04,5.875,5.875,5.625,5.75,5.504274368286133,-0.3976856945249091,-2.127681943836335,-0.119659423828125,-0.119659423828125
1995-05-05,5.75,5.75,5.25,5.625,5.384616374969482,1.5761845306306734,-2.173910406902701,-0.1196579933166503,-0.11965799331665039
1995-05-08,5.625,5.875,5.625,5.875,5.623933792114258,-0.295643938135606,4.444465500963979,0.2393174171447754,0.2393174171447754
1995-05-09,5.875,5.875,5.625,5.625,5.384616374969482,-0.5156714753500409,-4.255338451536195,-0.2393174171447754,-0.2393174171447754
1995-05-10,5.625,5.75,5.625,5.625,5.384616374969482,-0.5076994631321265,0.0,0.0,0.0
1995-05-11,5.75,5.75,5.75,5.75,5.504274368286133,-0.2302734379487086,2.2222194671635886,0.1196579933166503,0.11965799331665039
1995-05-12,5.875,5.875,5.875,5.875,5.623933792114258,-0.5356015058948267,2.1739363960046054,0.119659423828125,0.119659423828125
1995-05-15,5.875,5.875,5.75,5.875,5.623933792114258,-0.5499511278870725,0.0,0.0,0.0
1995-05-16,5.875,6.0,5.875,6.0,5.74359130859375,-0.5627063474357353,2.1276480289877053,0.1196575164794921,0.11965751647949219
1995-05-17,6.0,6.0,5.875,6.0,5.74359130859375,-0.4495037739413521,0.0,0.0,0.0
1995-05-18,6.0,6.0,5.875,5.875,5.623933792114258,-0.5834335792023125,-2.083322263902321,-0.1196575164794921,-0.11965751647949219
1995-05-19,5.875,6.0,5.75,6.0,5.74359130859375,-0.4335597495055235,2.1276480289877053,0.1196575164794921,0.11965751647949219
1995-05-22,6.0,6.0,5.75,5.75,5.504274368286133,-0.4598673898246407,-4.166677736097679,-0.2393169403076172,-0.2393169403076172
1995-05-23,5.75,5.875,5.75,5.875,5.623933792114258,-0.5627063474357353,2.1739363960046054,0.119659423828125,0.119659423828125
1995-05-24,5.875,5.875,5.75,5.75,5.504274368286133,-0.5635035486575267,-2.127681943836335,-0.119659423828125,-0.119659423828125
1995-05-25,5.75,5.875,5.75,5.875,5.623933792114258,-0.5674895547664839,2.1739363960046054,0.119659423828125,0.119659423828125
1995-05-26,5.75,5.75,5.75,5.75,5.504274368286133,-0.5890139877548526,-2.127681943836335,-0.119659423828125,-0.119659423828125
1995-05-30,5.75,5.75,5.625,5.625,5.384616374969482,-0.4829862252565922,-2.173910406902701,-0.1196579933166503,-0.11965799331665039
1995-05-31,5.625,5.75,5.625,5.75,5.504274368286133,-0.5794475730933554,2.2222194671635886,0.1196579933166503,0.11965799331665039
1995-06-01,5.75,5.75,5.5,5.625,5.384616374969482,-0.4359513531708978,-2.173910406902701,-0.1196579933166503,-0.11965799331665039
1995-06-02,5.5,5.5,5.5,5.5,5.264957904815674,-0.5132798716846666,-2.222228322709185,-0.1196584701538086,-0.1196584701538086
1995-06-05,5.625,5.875,5.625,5.875,5.623933792114258,-0.497335847248838,6.818210017790283,0.358975887298584,0.358975887298584
1995-06-06,5.875,5.875,5.75,5.75,5.504274368286133,-0.5555315364396124,-2.127681943836335,-0.119659423828125,-0.119659423828125
1995-06-07,5.75,5.875,5.75,5.875,5.623933792114258,-0.4774058167040522,2.1739363960046054,0.119659423828125,0.119659423828125
1995-06-08,5.875,6.0,5.875,6.0,5.74359130859375,-0.4335597495055235,2.1276480289877053,0.1196575164794921,0.11965751647949219
1995-06-09,6.0,6.125,5.875,5.875,5.623933792114258,0.5015572836558249,-2.083322263902321,-0.1196575164794921,-0.11965751647949219
1995-06-12,5.875,6.125,5.875,6.125,5.863248348236084,-0.5164686765718324,4.255287579263234,0.2393145561218261,0.23931455612182617
1995-06-13,6.125,6.625,5.875,6.625,6.373096466064453,0.7399204489714626,8.695659599371286,0.5098481178283691,0.5098481178283691
1995-06-14,6.625,6.75,6.375,6.75,6.493343830108643,0.0718658251102436,1.8867965467725731,0.1202473640441894,0.12024736404418945
1995-06-15,6.75,6.75,6.625,6.75,6.493343830108643,-0.5180630790154152,0.0,0.0,0.0
1995-06-16,6.75,6.875,6.625,6.75,6.493343830108643,-0.4782030179258436,0.0,0.0,0.0
1995-06-19,6.75,6.75,6.625,6.75,6.493343830108643,-0.2709307002600716,0.0,0.0,0.0
1995-06-20,6.75,6.75,6.625,6.625,6.373096466064453,-0.0947492302441654,-1.851855795570545,-0.1202473640441894,-0.12024736404418945
1995-06-21,6.625,6.75,6.5,6.75,6.493343830108643,-0.4200073287350692,1.8867965467725731,0.1202473640441894,0.12024736404418945
1995-06-22,6.75,6.875,6.625,6.875,6.613591194152832,-0.4893638350309237,1.851855795570545,0.1202473640441894,0.12024736404418945
1995-06-23,6.875,6.875,6.75,6.75,6.493343830108643,-0.5794475730933554,-1.81818561979612,-0.1202473640441894,-0.12024736404418945
1995-06-26,6.625,6.625,6.625,6.625,6.373096466064453,-0.5874195853112697,-1.851855795570545,-0.1202473640441894,-0.12024736404418945
1995-06-27,6.625,6.625,6.625,6.625,6.373096466064453,-0.5754615669843982,0.0,0.0,0.0
1995-06-28,6.5,6.5,6.375,6.375,6.132602691650391,-0.5395875120037839,-3.773578129479871,-0.2404937744140625,-0.2404937744140625
1995-06-29,6.375,6.375,5.875,5.875,5.651614665985107,-0.3147767674586003,-7.84313039421507,-0.4809880256652832,-0.4809880256652832
1995-06-30,5.875,6.25,5.875,6.125,5.892107963562012,-0.4558813837156836,4.2553024540816775,0.2404932975769043,0.2404932975769043
1995-07-03,6.125,6.25,6.0,6.25,6.012354850769043,-0.5754615669843982,2.0408126930236525,0.1202468872070312,0.12024688720703125
1995-07-05,6.25,6.25,6.125,6.25,6.012354850769043,-0.3913080847505777,0.0,0.0,0.0
1995-07-06,6.25,6.25,6.125,6.25,6.012354850769043,-0.5587203413267782,0.0,0.0,0.0
1995-07-07,6.25,6.5,6.25,6.5,6.252849578857422,-0.554734335217821,4.000008882669603,0.2404947280883789,0.2404947280883789
1995-07-10,6.5,6.625,6.5,6.5,6.252849578857422,-0.5427763168909495,0.0,0.0,0.0
1995-07-11,6.5,6.625,6.5,6.5,6.252849578857422,-0.5475595242216982,0.0,0.0,0.0
1995-07-12,6.5,6.75,6.5,6.625,6.373096466064453,-0.5555315364396124,1.923073403422637,0.1202468872070312,0.12024688720703125
1995-07-13,6.625,6.75,6.625,6.625,6.373096466064453,-0.5348043046730352,0.0,0.0,0.0
1995-07-14,6.625,6.625,6.5,6.5,6.252849578857422,-0.5722727620972325,-1.8867890647399357,-0.1202468872070312,-0.12024688720703125
1995-07-17,6.5,6.625,6.5,6.5,6.252849578857422,-0.5571259388831953,0.0,0.0,0.0
1995-07-18,6.5,6.5,6.375,6.375,6.132602691650391,-0.5276294936769124,-1.923073403422637,-0.1202468872070312,-0.12024688720703125
1995-07-19,6.375,6.375,6.125,6.125,5.892107963562012,-0.4463149690541864,-3.921576860275256,-0.2404947280883789,-0.2404947280883789
1995-07-20,6.125,6.125,6.125,6.125,5.892107963562012,-0.5555315364396124,0.0,0.0,0.0
1995-07-21,6.125,6.25,6.125,6.125,5.892107963562012,-0.5563287376614039,0.0,0.0,0.0
1995-07-24,6.125,6.125,6.0,6.125,5.892107963562012,-0.4710282069297208,0.0,0.0,0.0
1995-07-25,6.125,6.25,6.0,6.25,6.012354850769043,-0.4813918228130094,2.0408126930236525,0.1202468872070312,0.12024688720703125
1995-07-26,6.25,6.375,6.125,6.375,6.132602691650391,-0.5204546826807895,2.0000123722898167,0.1202478408813476,0.12024784088134766
1995-07-27,6.25,6.25,6.25,6.25,6.012354850769043,-0.5746643657626068,-1.960796205582771,-0.1202478408813476,-0.12024784088134766
1995-07-28,6.25,6.25,6.0,6.0,5.771861553192139,-0.5363987071166181,-3.999985089804581,-0.2404932975769043,-0.2404932975769043
1995-07-31,6.0,6.125,6.0,6.125,5.892107963562012,-0.4128325177389463,2.0833211133307605,0.120246410369873,0.12024641036987305
1995-08-01,6.125,6.25,6.125,6.25,6.012354850769043,-0.5746643657626068,2.0408126930236525,0.1202468872070312,0.12024688720703125
1995-08-02,6.25,6.75,6.25,6.75,6.493343830108643,-0.4702310057079293,8.000009834384203,0.4809889793395996,0.4809889793395996
1995-08-03,6.75,6.75,6.625,6.75,6.493343830108643,-0.5619091462139439,0.0,0.0,0.0
1995-08-04,6.75,6.875,6.625,6.875,6.613591194152832,-0.5021190545795866,1.851855795570545,0.1202473640441894,0.12024736404418945
1995-08-07,6.75,6.75,6.25,6.25,6.012354850769043,-0.4742170118168865,-9.090920889022447,-0.6012363433837891,-0.6012363433837891
1995-08-08,6.25,6.375,6.25,6.25,6.012354850769043,-0.578650371871564,0.0,0.0,0.0
1995-08-09,6.25,6.25,6.125,6.125,5.892107963562012,-0.5276294936769124,-1.9999965103797976,-0.1202468872070312,-0.12024688720703125
1995-08-10,6.125,6.25,6.125,6.25,6.012354850769043,-0.5906083901984354,2.0408126930236525,0.1202468872070312,0.12024688720703125
1995-08-11,6.25,6.25,6.25,6.25,6.012354850769043,-0.595391597529184,0.0,0.0,0.0
1995-08-14,6.25,6.25,6.0,6.0,5.771861553192139,-0.4925526399180894,-3.999985089804581,-0.2404932975769043,-0.2404932975769043
1995-08-15,6.0,6.125,6.0,6.0,5.771861553192139,-0.5619091462139439,0.0,0.0,0.0
1995-08-16,6.0,6.125,6.0,6.0,5.771861553192139,-0.3769584627583319,0.0,0.0,0.0
1995-08-17,6.0,6.125,6.0,6.125,5.892107963562012,-0.4829862252565922,2.0833211133307605,0.120246410369873,0.12024641036987305
1995-08-18,6.125,6.125,6.0,6.125,5.892107963562012,-0.5730699633190239,0.0,0.0,0.0
1995-08-21,6.0,6.0,6.0,6.0,5.771861553192139,-0.5021190545795866,-2.040804600212709,-0.120246410369873,-0.12024641036987305
1995-08-22,6.0,6.0,5.875,6.0,5.771861553192139,-0.0325675349444338,0.0,0.0,0.0
1995-08-23,5.875,5.875,5.625,5.75,5.53136682510376,-0.4160213226261121,-4.166675272302278,-0.2404947280883789,-0.2404947280883789
1995-08-24,5.75,5.875,5.75,5.75,5.53136682510376,-0.4853778289219665,0.0,0.0,0.0
1995-08-25,5.875,5.875,5.875,5.875,5.651614665985107,-0.5874195853112697,2.173926349191136,0.1202478408813476,0.12024784088134766
1995-08-28,5.875,5.875,5.75,5.75,5.53136682510376,-0.5866223840894782,-2.1276723200021608,-0.1202478408813476,-0.12024784088134766
1995-08-29,5.75,6.0,5.75,6.0,5.771861553192139,-0.5371959083384096,4.347835457176852,0.2404947280883789,0.2404947280883789
1995-08-30,6.0,6.0,6.0,6.0,5.771861553192139,-0.5627063474357353,0.0,0.0,0.0
1995-08-31,6.0,6.0,5.875,5.875,5.651614665985107,-0.5690839572100668,-2.08332937474095,-0.1202468872070312,-0.12024688720703125
1995-09-01,5.875,6.0,5.875,6.0,5.771861553192139,-0.5834335792023125,2.127655445633092,0.1202468872070312,0.12024688720703125
1995-09-05,5.875,5.875,5.875,5.875,5.651614665985107,-0.5866223840894782,-2.08332937474095,-0.1202468872070312,-0.12024688720703125
1995-09-06,5.875,5.875,5.75,5.75,5.53136682510376,-0.5730699633190239,-2.1276723200021608,-0.1202478408813476,-0.12024784088134766
1995-09-07,5.75,5.875,5.75,5.875,5.651614665985107,-0.5411819144473667,2.173926349191136,0.1202478408813476,0.12024784088134766
1995-09-08,5.875,5.875,5.875,5.875,5.651614665985107,-0.595391597529184,0.0,0.0,0.0
1995-09-11,5.75,5.75,5.5,5.625,5.4111199378967285,-0.456678584937475,-4.255327765635264,-0.2404947280883789,-0.2404947280883789
1995-09-12,5.625,5.75,5.625,5.75,5.53136682510376,-0.5515455303306553,2.2222181098756177,0.1202468872070312,0.12024688720703125
1995-09-13,5.75,5.75,5.625,5.75,5.53136682510376,-0.5754615669843982,0.0,0.0,0.0
1995-09-14,5.75,5.75,5.625,5.625,5.4111199378967285,-0.4526925788285179,-2.1739091079857165,-0.1202468872070312,-0.12024688720703125
1995-09-15,5.625,5.75,5.625,5.625,5.4111199378967285,-0.5475595242216982,0.0,0.0,0.0
1995-09-18,5.625,5.625,5.5,5.625,5.4111199378967285,-0.4997274509142123,0.0,0.0,0.0
1995-09-19,5.625,5.625,5.5,5.625,5.4111199378967285,-0.5762587682061896,0.0,0.0,0.0
1995-09-20,5.5,5.5,5.25,5.25,5.050378799438477,-0.4327625482837321,-6.666663141798146,-0.3607411384582519,-0.36074113845825195
1995-09-21,5.25,5.25,5.125,5.25,5.050378799438477,-0.451098176384935,0.0,0.0,0.0
1995-09-22,5.0,5.0,4.875,5.0,4.809884548187256,-0.3745668590929576,-4.761905211505324,-0.2404942512512207,-0.2404942512512207
1995-09-25,5.0,5.125,4.875,5.125,4.930131912231445,-0.502916255801378,2.500005204688493,0.1202473640441894,0.12024736404418945
1995-09-26,5.125,5.375,5.125,5.375,5.170625686645508,-0.047714358158471,4.878039344493157,0.2404937744140625,0.2404937744140625
1995-09-27,5.375,5.375,5.0,5.25,5.050378799438477,-0.4614617922682236,-2.325577106028009,-0.1202468872070312,-0.12024688720703125
1995-09-28,5.125,5.125,5.0,5.0,4.809884548187256,-0.4359513531708978,-4.761905211505324,-0.2404942512512207,-0.2404942512512207
1995-09-29,5.125,5.25,5.125,5.125,4.930131912231445,-0.5005246521360037,2.500005204688493,0.1202473640441894,0.12024736404418945
1995-10-02,5.0,5.0,5.0,5.0,4.809884548187256,-0.4893638350309237,-2.439029344141097,-0.1202473640441894,-0.12024736404418945
1995-10-03,5.0,5.0,4.875,5.0,4.809884548187256,-0.5332099022294524,0.0,0.0,0.0
1995-10-04,5.125,5.25,5.125,5.25,5.050378799438477,-0.4925526399180894,5.000000495684609,0.2404942512512207,0.2404942512512207
1995-10-05,5.125,5.125,5.0,5.0,4.809884548187256,-0.5666923535446925,-4.761905211505324,-0.2404942512512207,-0.2404942512512207
1995-10-06,5.0,5.0,4.875,5.0,4.809884548187256,-0.439937359279855,0.0,0.0,0.0
1995-10-09,5.0,5.0,4.875,5.0,4.809884548187256,-0.5754615669843982,0.0,0.0,0.0
1995-10-10,5.0,5.0,4.75,5.0,4.809884548187256,-0.4343569507273149,0.0,0.0,0.0
1995-10-11,5.0,5.0,4.875,5.0,4.809884548187256,-0.565895152322901,0.0,0.0,0.0
1995-10-12,4.875,4.875,4.75,4.875,4.689636707305908,-0.537993109560201,-2.5000151183808828,-0.1202478408813476,-0.12024784088134766
1995-10-13,4.875,4.875,4.625,4.875,4.689636707305908,-0.4654477983771807,0.0,0.0,0.0
1995-10-16,4.75,4.75,4.5,4.75,4.569390296936035,-0.5292238961204953,-2.564087964053663,-0.120246410369873,-0.12024641036987305
1995-10-17,4.75,4.75,4.625,4.75,4.569390296936035,0.1539775509547609,0.0,0.0,0.0
1995-10-18,4.75,4.875,4.5,4.875,4.689636707305908,-0.3195599747893489,2.631563568787354,0.120246410369873,0.12024641036987305
1995-10-19,4.75,4.75,4.625,4.75,4.569390296936035,-0.4423289629452293,-2.564087964053663,-0.120246410369873,-0.12024641036987305
1995-10-20,4.75,4.75,4.625,4.75,4.569390296936035,-0.5300210973422866,0.0,0.0,0.0
1995-10-23,4.625,4.625,4.375,4.625,4.449142932891846,-0.5148742741282495,-2.631584439718804,-0.1202473640441894,-0.12024736404418945
1995-10-24,4.625,4.625,4.25,4.375,4.208648681640625,-0.3801472676454976,-5.4054062743923765,-0.2404942512512207,-0.2404942512512207
1995-10-25,4.25,4.25,4.125,4.25,4.088401317596436,-0.4670422008207636,-2.8571490076789607,-0.1202473640441885,-0.12024736404418856
1995-10-26,4.25,4.375,4.125,4.375,4.208648681640625,-0.4216017311786521,2.941182988241531,0.1202473640441885,0.12024736404418856
1995-10-27,4.375,4.375,4.125,4.25,4.088401317596436,-0.4869722313655494,-2.8571490076789607,-0.1202473640441885,-0.12024736404418856
1995-10-30,4.25,4.25,4.125,4.25,4.088401317596436,-0.5666923535446925,0.0,0.0,0.0
1995-10-31,4.25,4.375,4.125,4.375,4.208648681640625,-0.5523427315524467,2.941182988241531,0.1202473640441885,0.12024736404418856
1995-11-01,4.375,4.375,4.125,4.375,4.208648681640625,-0.5587203413267782,0.0,0.0,0.0
1995-11-02,4.375,4.375,4.125,4.25,4.088401317596436,-0.451098176384935,-2.8571490076789607,-0.1202473640441885,-0.12024736404418856
1995-11-03,4.25,4.25,4.0,4.25,4.088401317596436,-0.4766086154822608,0.0,0.0,0.0
1995-11-06,4.25,4.375,4.125,4.375,4.208648681640625,-0.5132798716846666,2.941182988241531,0.1202473640441885,0.12024736404418856
1995-11-07,4.375,4.375,4.25,4.375,4.208648681640625,-0.5794475730933554,0.0,0.0,0.0
1995-11-08,4.25,4.25,4.0,4.25,4.088401317596436,-0.4901610362527151,-2.8571490076789607,-0.1202473640441885,-0.12024736404418856
1995-11-09,4.25,4.25,3.75,4.25,4.088401317596436,-0.4319653470619407,0.0,0.0,0.0
1995-11-10,4.125,4.125,4.0,4.0,3.847907304763794,-0.5770559694279811,-5.882348481729494,-0.2404940128326425,-0.2404940128326425
1995-11-13,4.0,4.0,3.875,3.875,3.727660655975342,-0.4933498411398808,-3.124988188763911,-0.1202466487884521,-0.12024664878845215
1995-11-14,3.875,4.0,3.75,4.0,3.847907304763794,-0.2876719259176917,3.225793866072535,0.1202466487884521,0.12024664878845215
1995-11-15,4.0,4.0,3.875,4.0,3.847907304763794,-0.5220490851243723,0.0,0.0,0.0
1995-11-16,4.0,4.0,3.875,4.0,3.847907304763794,-0.5005246521360037,0.0,0.0,0.0
1995-11-17,4.0,4.0,3.875,4.0,3.847907304763794,-0.4750142130386779,0.0,0.0,0.0
1995-11-20,4.0,4.125,4.0,4.125,3.9681551456451416,-0.5180630790154152,3.125019169055298,0.1202478408813476,0.12024784088134766
1995-11-21,4.125,4.25,4.125,4.125,3.9681551456451416,-0.5523427315524467,0.0,0.0,0.0
1995-11-22,4.125,4.25,4.125,4.125,3.9681551456451416,-0.4933498411398808,0.0,0.0,0.0
1995-11-24,4.125,4.125,4.125,4.125,3.9681551456451416,-0.5427763168909495,0.0,0.0,0.0
1995-11-27,4.125,4.25,4.0,4.125,3.9681551456451416,-0.4367485543926893,0.0,0.0,0.0
1995-11-28,4.0,4.0,3.625,3.875,3.727660655975342,-0.3498536212174233,-6.060612068903881,-0.2404944896697998,-0.2404944896697998
1995-11-29,3.875,3.875,3.75,3.875,3.727660655975342,-0.5212518839025809,0.0,0.0,0.0
1995-11-30,3.875,3.875,3.625,3.875,3.727660655975342,-0.4885666338091322,0.0,0.0,0.0
1995-12-01,3.875,4.125,3.75,4.0,3.847907304763794,-0.145770108438817,3.225793866072535,0.1202466487884521,0.12024664878845215
1995-12-04,4.0,4.125,3.875,4.125,3.9681551456451416,-0.4287765421747749,3.125019169055298,0.1202478408813476,0.12024784088134766
1995-12-05,4.125,4.25,4.125,4.25,4.088401317596436,-0.4239933348440263,3.0302789971117683,0.1202461719512948,0.12024617195129483
1995-12-06,4.125,4.125,4.0,4.125,3.9681551456451416,-0.4040633042992406,-2.9411538303188767,-0.1202461719512948,-0.12024617195129483
1995-12-07,4.125,4.125,4.0,4.125,3.9681551456451416,-0.4008744994120748,0.0,0.0,0.0
1995-12-08,4.0,4.0,3.875,4.0,3.847907304763794,-0.266147492929323,-3.0303210551964943,-0.1202478408813476,-0.12024784088134766
1995-12-11,4.0,4.125,3.875,4.0,3.847907304763794,-0.4415317617234378,0.0,0.0,0.0
1995-12-12,4.0,4.0,3.875,3.875,3.727660655975342,-0.110693254679994,-3.124988188763911,-0.1202466487884521,-0.12024664878845215
1995-12-13,3.875,4.125,3.75,4.0,3.877930164337158,-0.2725251027036545,4.031201394926831,0.1502695083618164,0.1502695083618164
1995-12-14,4.0,4.25,3.875,4.25,4.120300769805908,-0.4208045299568606,6.249999231488945,0.24237060546875,0.24237060546875
1995-12-15,4.25,4.375,4.25,4.25,4.120300769805908,-0.5045106582449609,0.0,0.0,0.0
1995-12-18,4.25,4.25,4.125,4.25,4.120300769805908,-0.5403847132255752,0.0,0.0,0.0
1995-12-19,4.25,4.625,4.0,4.625,4.483856678009033,-0.526832292455121,8.823528390628898,0.363555908203125,0.363555908203125
1995-12-20,4.75,4.875,4.75,4.75,4.60504150390625,0.2073900328147868,2.702691780751265,0.1211848258972168,0.1211848258972168
1995-12-21,4.625,4.625,4.5,4.5,4.362671375274658,-0.4646505971553893,-5.263147540060176,-0.2423701286315918,-0.2423701286315918
1995-12-22,4.5,4.625,4.5,4.625,4.483856678009033,-0.5236434875679552,2.777777474168474,0.121185302734375,0.121185302734375
1995-12-26,4.5,4.5,4.25,4.25,4.120300769805908,-0.3187627735675575,-8.108107245848784,-0.363555908203125,-0.363555908203125
1995-12-27,4.25,4.375,4.125,4.25,4.120300769805908,-0.3466648163302576,0.0,0.0,0.0
1995-12-28,4.25,4.25,4.125,4.25,4.120300769805908,-0.4231961336222349,0.0,0.0,0.0
1995-12-29,4.25,4.5,4.125,4.375,4.241486549377441,-0.3713780542057919,2.941187703082204,0.1211857795715332,0.1211857795715332
1996-01-02,4.375,4.375,4.375,4.375,4.241486549377441,-0.5906083901984354,0.0,0.0,0.0
1996-01-03,4.375,4.375,4.25,4.375,4.241486549377441,-0.5531399327742381,0.0,0.0,0.0
1996-01-04,4.25,4.25,4.125,4.25,4.120300769805908,-0.5124826704628752,-2.8571534569482693,-0.1211857795715332,-0.1211857795715332
1996-01-05,4.25,4.25,4.0,4.25,4.120300769805908,-0.4742170118168865,0.0,0.0,0.0
1996-01-08,4.25,4.25,4.25,4.25,4.120300769805908,-0.595391597529184,0.0,0.0,0.0
1996-01-09,4.25,4.25,4.25,4.25,4.120300769805908,-0.5802447743151468,0.0,0.0,0.0
1996-01-10,4.125,4.125,4.0,4.125,3.999115228652954,-0.4782030179258436,-2.9411819166459185,-0.1211855411529541,-0.1211855411529541
1996-01-11,4.125,4.125,3.875,4.0,3.877930164337158,-0.4168185238479034,-3.030296887859752,-0.1211850643157959,-0.1211850643157959
1996-01-12,4.0,4.125,4.0,4.0,3.877930164337158,-0.5148742741282495,0.0,0.0,0.0
1996-01-15,4.0,4.125,3.625,4.125,3.999115228652954,2.44353945993975,3.1249934676559565,0.1211850643157959,0.1211850643157959
1996-01-16,4.125,4.125,4.0,4.0,3.877930164337158,-0.5443707193345324,-3.030296887859752,-0.1211850643157959,-0.1211850643157959
1996-01-17,4.0,4.0,3.875,4.0,3.877930164337158,-0.5316154997858695,0.0,0.0,0.0
1996-01-18,4.0,4.0,3.75,3.875,3.756744861602783,-0.5100910667975009,-3.1249996157444726,-0.121185302734375,-0.121185302734375
1996-01-19,3.875,3.875,3.75,3.875,3.756744861602783,-0.5340071034512438,0.0,0.0,0.0
1996-01-22,3.875,3.875,3.75,3.75,3.635559558868408,-0.571475560875441,-3.225806042166845,-0.121185302734375,-0.121185302734375
1996-01-23,3.75,3.875,3.75,3.875,3.756744861602783,-0.3650004444314604,3.333332896135932,0.121185302734375,0.121185302734375
1996-01-24,3.875,4.0,3.875,3.875,3.756744861602783,-0.5188602802372067,0.0,0.0,0.0
1996-01-25,3.875,4.0,3.875,3.875,3.756744861602783,-0.4877694325873408,0.0,0.0,0.0
1996-01-26,3.875,4.0,3.875,4.0,3.877930164337158,-0.3394900053341347,3.225806042166845,0.121185302734375,0.121185302734375
1996-01-29,4.0,4.0,3.75,3.875,3.756744861602783,-0.4646505971553893,-3.1249996157444726,-0.121185302734375,-0.121185302734375
1996-01-30,3.875,3.875,3.875,3.875,3.756744861602783,-0.497335847248838,0.0,0.0,0.0
1996-01-31,3.875,3.875,3.875,3.875,3.756744861602783,-0.5387903107819924,0.0,0.0,0.0
1996-02-01,3.875,3.875,3.75,3.875,3.756744861602783,-0.5148742741282495,0.0,0.0,0.0
1996-02-02,3.875,4.0,3.75,3.875,3.756744861602783,-0.4813918228130094,0.0,0.0,0.0
1996-02-05,3.875,3.875,3.75,3.875,3.756744861602783,-0.4861750301437579,0.0,0.0,0.0
1996-02-06,3.875,3.875,3.875,3.875,3.756744861602783,-0.5523427315524467,0.0,0.0,0.0
1996-02-07,3.875,3.875,3.75,3.875,3.756744861602783,-0.5292238961204953,0.0,0.0,0.0
1996-02-08,3.875,4.0,3.75,3.75,3.635559558868408,-0.0429311508277224,-3.225806042166845,-0.121185302734375,-0.121185302734375
1996-02-09,3.75,4.0,3.75,3.875,3.756744861602783,-0.4223989324004435,3.333332896135932,0.121185302734375,0.121185302734375
1996-02-12,3.875,3.875,3.875,3.875,3.756744861602783,-0.5906083901984354,0.0,0.0,0.0
1996-02-13,3.875,4.0,3.875,4.0,3.877930164337158,-0.5706783596536497,3.225806042166845,0.121185302734375,0.121185302734375
1996-02-14,4.0,4.0,3.625,3.875,3.756744861602783,-0.4303709446183578,-3.1249996157444726,-0.121185302734375,-0.121185302734375
1996-02-15,3.875,4.0,3.875,3.875,3.756744861602783,-0.5348043046730352,0.0,0.0,0.0
1996-02-16,3.875,3.875,3.875,3.875,3.756744861602783,-0.595391597529184,0.0,0.0,0.0
1996-02-20,3.875,3.875,3.75,3.875,3.756744861602783,-0.5363987071166181,0.0,0.0,0.0
1996-02-21,3.875,3.875,3.75,3.875,3.756744861602783,-0.508496664353918,0.0,0.0,0.0
1996-02-22,3.875,3.875,3.875,3.875,3.756744861602783,-0.595391597529184,0.0,0.0,0.0
1996-02-23,3.875,3.875,3.75,3.75,3.635559558868408,-0.5571259388831953,-3.225806042166845,-0.121185302734375,-0.121185302734375
1996-02-26,3.75,3.75,3.75,3.75,3.635559558868408,-0.595391597529184,0.0,0.0,0.0
1996-02-27,3.75,3.875,3.625,3.75,3.635559558868408,-0.4670422008207636,0.0,0.0,0.0
1996-02-28,3.75,3.875,3.625,3.75,3.635559558868408,-0.5244406887897467,0.0,0.0,0.0
1996-02-29,3.75,3.875,3.75,3.875,3.756744861602783,-0.4782030179258436,3.333332896135932,0.121185302734375,0.121185302734375
1996-03-01,3.875,3.875,3.625,3.75,3.635559558868408,-0.3873220786416205,-3.225806042166845,-0.121185302734375,-0.121185302734375
1996-03-04,3.625,3.625,3.625,3.625,3.514374017715454,-0.595391597529184,-3.333339454096962,-0.1211855411529541,-0.1211855411529541
1996-03-05,3.625,3.75,3.625,3.75,3.635559558868408,-0.5316154997858695,3.448282412232606,0.1211855411529541,0.1211855411529541
1996-03-06,3.75,3.875,3.625,3.75,3.635559558868408,-0.4774058167040522,0.0,0.0,0.0
1996-03-07,3.75,3.875,3.625,3.875,3.756744861602783,-0.5260350912333295,3.333332896135932,0.121185302734375,0.121185302734375
1996-03-08,3.75,3.75,3.625,3.625,3.514374017715454,-0.4766086154822608,-6.451618430747619,-0.2423708438873291,-0.2423708438873291
1996-03-11,3.625,3.75,3.5,3.75,3.635559558868408,-0.4797974203694265,3.448282412232606,0.1211855411529541,0.1211855411529541
1996-03-12,3.75,3.75,3.625,3.75,3.635559558868408,-0.3968884933031177,0.0,0.0,0.0
1996-03-13,3.75,3.75,3.625,3.75,3.635559558868408,-0.5252378900115381,0.0,0.0,0.0
1996-03-14,3.75,3.75,3.5,3.625,3.514374017715454,-0.4614617922682236,-3.333339454096962,-0.1211855411529541,-0.1211855411529541
1996-03-15,3.625,3.75,3.625,3.625,3.514374017715454,-0.1983853890770514,0.0,0.0,0.0
1996-03-18,3.625,3.75,3.625,3.75,3.635559558868408,-0.4255877372876092,3.448282412232606,0.1211855411529541,0.1211855411529541
1996-03-19,3.875,4.0,3.875,3.875,3.756744861602783,-0.0277843276136852,3.333332896135932,0.121185302734375,0.121185302734375
1996-03-20,3.875,3.875,3.75,3.875,3.756744861602783,-0.5148742741282495,0.0,0.0,0.0
1996-03-21,3.875,5.5,3.875,4.875,4.726226806640625,2.701035454578382,25.806435644506887,0.9694819450378418,0.9694819450378418
1996-03-22,5.0,6.0,5.0,6.0,5.816895484924316,4.920443656045726,23.076943255267345,1.0906686782836914,1.0906686782836914
1996-03-25,6.0,6.375,5.625,5.625,5.453339099884033,1.8089672873937717,-6.250007172769645,-0.3635563850402832,-0.3635563850402832
1996-03-26,5.625,5.75,4.75,4.875,4.726226806640625,0.5501865581851021,-13.333340911421963,-0.7271122932434082,-0.7271122932434082
1996-03-27,4.875,5.125,4.75,5.125,4.968598365783691,-0.3171683711239746,5.1282253065494166,0.2423715591430664,0.2423715591430664
1996-03-28,5.125,5.25,5.125,5.125,4.968598365783691,-0.4797974203694265,0.0,0.0,0.0
1996-03-29,5.25,5.375,5.25,5.375,5.210968017578125,-0.4024689018556577,4.878028650162491,0.2423696517944336,0.2423696517944336
1996-04-01,5.375,5.375,5.125,5.25,5.089783191680908,-0.5563287376614039,-2.325572244704344,-0.1211848258972168,-0.1211848258972168
1996-04-02,5.125,5.125,5.125,5.125,4.968598365783691,-0.5499511278870725,-2.3809427893763613,-0.1211848258972168,-0.1211848258972168
1996-04-03,5.125,5.125,5.0,5.0,4.847412586212158,-0.2470146636063287,-2.4390335191123658,-0.1211857795715332,-0.1211857795715332
1996-04-04,5.0,5.125,5.0,5.125,4.968598365783691,-0.5188602802372067,2.500009591018326,0.1211857795715332,0.1211857795715332
1996-04-08,5.0,5.0,4.875,4.875,4.726226806640625,-0.3976856945249091,-4.878067038224721,-0.2423715591430664,-0.2423715591430664
1996-04-09,4.875,5.0,4.875,5.0,4.847412586212158,-0.5021190545795866,2.564112653274697,0.1211857795715332,0.1211857795715332
1996-04-10,5.0,5.625,4.875,5.375,5.210968017578125,-0.1816441634194314,7.49998942528749,0.3635554313659668,0.3635554313659668
1996-04-11,5.25,5.25,5.0,5.125,4.968598365783691,-0.4861750301437579,-4.651144489408676,-0.2423696517944336,-0.2423696517944336
1996-04-12,5.125,5.25,5.125,5.25,5.089783191680908,-0.5722727620972325,2.4390143250812457,0.1211848258972168,0.1211848258972168
1996-04-15,5.25,5.375,5.125,5.125,4.968598365783691,-0.5579231401049868,-2.3809427893763613,-0.1211848258972168,-0.1211848258972168
1996-04-16,5.125,5.125,5.0,5.0,4.847412586212158,-0.5061050606885438,-2.4390335191123658,-0.1211857795715332,-0.1211857795715332
1996-04-17,5.0,5.0,4.875,4.875,4.726226806640625,-0.5459651217781153,-2.500009591018326,-0.1211857795715332,-0.1211857795715332
1996-04-18,4.875,5.125,4.875,5.125,4.968598365783691,-0.4351541519491064,5.1282253065494166,0.2423715591430664,0.2423715591430664
1996-04-19,5.125,5.25,5.125,5.125,4.968598365783691,-0.4965386460270465,0.0,0.0,0.0
1996-04-22,5.125,5.5,5.125,5.5,5.332153797149658,-0.2517978709370773,7.317062169274857,0.3635554313659668,0.3635554313659668
1996-04-23,5.5,5.5,5.375,5.5,5.332153797149658,-0.2175182184000458,0.0,0.0,0.0
1996-04-24,5.5,5.5,5.125,5.375,5.210968017578125,-0.2007769927424257,-2.272736012159171,-0.1211857795715332,-0.1211857795715332
1996-04-25,5.25,5.25,5.0,5.125,4.968598365783691,-0.3634060419878776,-4.651144489408676,-0.2423696517944336,-0.2423696517944336
1996-04-26,5.125,5.25,5.0,5.125,4.968598365783691,-0.502916255801378,0.0,0.0,0.0
1996-04-29,5.25,5.375,5.25,5.25,5.089783191680908,-0.4343569507273149,2.4390143250812457,0.1211848258972168,0.1211848258972168
1996-04-30,5.25,5.25,5.0,5.125,4.968598365783691,-0.4861750301437579,-2.3809427893763613,-0.1211848258972168,-0.1211848258972168
1996-05-01,5.125,5.375,5.125,5.375,5.210968017578125,0.0072925261451377,4.878028650162491,0.2423696517944336,0.2423696517944336
1996-05-02,5.375,5.375,5.125,5.125,4.968598365783691,-0.2119378098475057,-4.651144489408676,-0.2423696517944336,-0.2423696517944336
1996-05-03,5.125,5.375,5.125,5.25,5.089783191680908,-0.508496664353918,2.4390143250812457,0.1211848258972168,0.1211848258972168
1996-05-06,5.25,5.25,5.125,5.25,5.089783191680908,-0.4965386460270465,0.0,0.0,0.0
1996-05-07,5.25,5.25,5.125,5.125,4.968598365783691,-0.3004271454663546,-2.3809427893763613,-0.1211848258972168,-0.1211848258972168
1996-05-08,5.125,5.125,5.0,5.125,4.968598365783691,-0.5076994631321265,0.0,0.0,0.0
1996-05-09,5.125,5.125,4.875,5.0,4.847412586212158,-0.3809444688672891,-2.4390335191123658,-0.1211857795715332,-0.1211857795715332
1996-05-10,5.0,5.0,4.875,5.0,4.847412586212158,-0.5356015058948267,0.0,0.0,0.0
1996-05-13,5.0,5.0,5.0,5.0,4.847412586212158,-0.4742170118168865,0.0,0.0,0.0
1996-05-14,5.0,5.0,4.875,4.875,4.726226806640625,-0.4590701886028493,-2.500009591018326,-0.1211857795715332,-0.1211857795715332
1996-05-15,4.875,5.0,4.875,5.0,4.847412586212158,-0.5356015058948267,2.564112653274697,0.1211857795715332,0.1211857795715332
1996-05-16,5.0,5.0,4.875,5.0,4.847412586212158,0.1388307277407237,0.0,0.0,0.0
1996-05-17,5.0,5.0,4.875,5.0,4.847412586212158,-0.4120353165171549,0.0,0.0,0.0
1996-05-20,5.0,5.0,4.875,4.875,4.726226806640625,-0.3291263894508461,-2.500009591018326,-0.1211857795715332,-0.1211857795715332
1996-05-21,4.875,5.0,4.875,5.0,4.847412586212158,-0.5794475730933554,2.564112653274697,0.1211857795715332,0.1211857795715332
1996-05-22,5.0,5.0,4.875,5.0,4.847412586212158,-0.2916579320266488,0.0,0.0,0.0
1996-05-23,5.0,5.125,4.875,5.125,4.968598365783691,-0.0086514982906909,2.500009591018326,0.1211857795715332,0.1211857795715332
1996-05-24,5.125,5.375,5.0,5.375,5.210968017578125,1.3537653897508644,4.878028650162491,0.2423696517944336,0.2423696517944336
1996-05-28,5.375,5.5,5.375,5.375,5.210968017578125,0.0519357945654578,0.0,0.0,0.0
1996-05-29,5.375,6.0,5.375,5.875,5.695709705352783,0.3811798991653187,9.302334732039853,0.4847416877746582,0.4847416877746582
1996-05-30,5.875,6.0,5.75,5.875,5.695709705352783,-0.3339095967815947,0.0,0.0,0.0
1996-05-31,5.875,6.0,5.625,5.625,5.453339099884033,-0.1936021817463028,-4.255318792686569,-0.24237060546875,-0.24237060546875
1996-06-03,5.625,5.875,5.625,5.875,5.695709705352783,-0.4758114142604693,4.444444055824515,0.24237060546875,0.24237060546875
1996-06-04,5.875,6.0,5.75,5.875,5.695709705352783,-0.3203571760111403,0.0,0.0,0.0
1996-06-05,5.875,6.125,5.875,6.0,5.816895484924316,-0.2685390965946974,2.1276677682088296,0.1211857795715332,0.1211857795715332
1996-06-06,6.0,6.125,6.0,6.0,5.816895484924316,-0.1904133768591371,0.0,0.0,0.0
1996-06-07,5.875,5.875,5.875,5.875,5.695709705352783,-0.5515455303306553,-2.0833411892238973,-0.1211857795715332,-0.1211857795715332
1996-06-10,5.875,6.0,5.875,6.0,5.816895484924316,-0.3339095967815947,2.1276677682088296,0.1211857795715332,0.1211857795715332
1996-06-11,6.0,6.25,5.875,6.125,5.938080310821533,-0.3538396273263804,2.0833247943218502,0.1211848258972168,0.1211848258972168
1996-06-12,6.125,6.125,6.0,6.125,5.967308044433594,-0.358622834657129,0.4922084593365294,0.0292277336120605,0.029227733612060547
1996-06-13,6.125,6.125,6.0,6.0,5.845526218414307,-0.4383429568362721,-2.040816815764812,-0.1217818260192871,-0.12178182601928711
1996-06-14,6.0,6.0,5.5,5.625,5.480180740356445,-0.0341619373880167,-6.250001529493909,-0.3653454780578613,-0.36534547805786133
1996-06-17,5.625,5.75,5.625,5.625,5.480180740356445,-0.4989302496924208,0.0,0.0,0.0
1996-06-18,5.625,5.625,5.25,5.25,5.114835262298584,-0.3976856945249091,-6.666668406890874,-0.3653454780578613,-0.36534547805786133
1996-06-19,5.375,5.375,5.375,5.375,5.236617565155029,-0.5595175425485696,2.380962369484352,0.1217823028564453,0.12178230285644531
1996-06-20,5.375,5.5,5.375,5.375,5.236617565155029,-0.5204546826807895,0.0,0.0,0.0
1996-06-21,5.375,5.5,5.375,5.5,5.358399391174316,-0.5021190545795866,2.3255818188755217,0.1217818260192871,0.12178182601928711
1996-06-24,5.5,5.5,5.375,5.5,5.358399391174316,-0.4893638350309237,0.0,0.0,0.0
1996-06-25,5.375,5.375,5.125,5.25,5.114835262298584,-0.456678584937475,-4.545464253316034,-0.2435641288757324,-0.24356412887573242
1996-06-26,5.25,5.25,5.0,5.0,4.871272087097168,-0.3514480236610061,-4.761896771079188,-0.243563175201416,-0.24356317520141602
1996-06-27,5.0,5.0,4.875,4.875,4.7494893074035645,-0.3913080847505777,-2.500020066959041,-0.1217827796936035,-0.12178277969360352
1996-06-28,4.875,5.0,4.625,4.75,4.627707958221436,-0.3777556639801234,-2.564093554064717,-0.121781349182128,-0.12178134918212802
1996-07-01,4.75,4.875,4.75,4.875,4.7494893074035645,-0.5053078594667523,2.6315694568793013,0.121781349182128,0.12178134918212802
1996-07-02,4.875,5.125,4.875,5.0,4.871272087097168,-0.5419791156691581,2.564123673334029,0.1217827796936035,0.12178277969360352
1996-07-03,5.0,5.125,5.0,5.0,4.871272087097168,-0.4989302496924208,0.0,0.0,0.0
1996-07-05,5.0,5.0,4.875,5.0,4.871272087097168,-0.5762587682061896,0.0,0.0,0.0
1996-07-08,5.0,5.0,4.875,4.875,4.7494893074035645,-0.5539371339960296,-2.500020066959041,-0.1217827796936035,-0.12178277969360352
1996-07-09,4.875,5.0,4.75,4.75,4.627707958221436,-0.5069022619103352,-2.564093554064717,-0.121781349182128,-0.12178134918212802
1996-07-10,4.75,4.875,4.75,4.875,4.7494893074035645,-0.4614617922682236,2.6315694568793013,0.121781349182128,0.12178134918212802
1996-07-11,4.875,4.875,4.375,4.375,4.262363433837891,-0.1951965841898857,-10.256384256015394,-0.4871258735656738,-0.48712587356567383
1996-07-12,4.375,4.375,4.0,4.375,4.262363433837891,0.6012074363797537,0.0,0.0,0.0
1996-07-15,4.375,4.625,4.25,4.25,4.140581130981445,-0.3602172371007119,-2.857154363929748,-0.1217823028564453,-0.12178230285644531
1996-07-16,4.25,4.375,3.875,4.25,4.140581130981445,-0.2167210171782543,0.0,0.0,0.0
1996-07-17,4.25,4.25,4.25,4.25,4.140581130981445,-0.4829862252565922,0.0,0.0,0.0
1996-07-18,4.25,4.25,4.0,4.0,3.897017478942871,-0.3610144383225033,-5.882354296022263,-0.2435636520385742,-0.24356365203857422
1996-07-19,4.0,4.125,3.875,4.125,4.018799781799316,-0.5140770729064581,3.1250130006981847,0.1217823028564453,0.12178230285644531
1996-07-22,4.125,4.25,3.875,4.25,4.140581130981445,-0.4534897800503093,3.0302915246900985,0.1217813491821289,0.1217813491821289
1996-07-23,4.125,4.125,4.125,4.125,4.018799781799316,-0.595391597529184,-2.941165631821907,-0.1217813491821289,-0.1217813491821289
1996-07-24,4.125,4.25,4.125,4.125,4.018799781799316,-0.4774058167040522,0.0,0.0,0.0
1996-07-25,4.125,4.25,4.0,4.25,4.140581130981445,-0.3984828957467006,3.0302915246900985,0.1217813491821289,0.1217813491821289
1996-07-26,4.25,4.25,4.25,4.25,4.140581130981445,-0.5778531706497725,0.0,0.0,0.0
1996-07-29,4.25,4.25,4.125,4.125,4.018799781799316,-0.5371959083384096,-2.941165631821907,-0.1217813491821289,-0.1217813491821289
1996-07-30,4.0,4.0,4.0,4.0,3.897017478942871,-0.4415317617234378,-3.030315255016769,-0.1217823028564453,-0.12178230285644531
1996-07-31,4.0,4.125,3.875,4.125,4.018799781799316,-0.301224346688146,3.1250130006981847,0.1217823028564453,0.12178230285644531
1996-08-01,4.125,4.125,4.125,4.125,4.018799781799316,-0.5914055914202269,0.0,0.0,0.0
1996-08-02,4.0,4.0,4.0,4.0,3.897017478942871,-0.4718254081515122,-3.030315255016769,-0.1217823028564453,-0.12178230285644531
1996-08-05,4.0,4.125,4.0,4.0,3.897017478942871,-0.5619091462139439,0.0,0.0,0.0
1996-08-06,4.0,4.375,4.0,4.25,4.140581130981445,-0.3665948468750433,6.250001529493909,0.2435636520385742,0.24356365203857422
1996-08-07,4.25,4.25,4.0,4.25,4.140581130981445,-0.3721752554275833,0.0,0.0,0.0
1996-08-08,4.25,4.25,4.125,4.125,4.018799781799316,-0.5475595242216982,-2.941165631821907,-0.1217813491821289,-0.1217813491821289
1996-08-09,4.125,4.25,4.125,4.25,4.140581130981445,-0.5674895547664839,3.0302915246900985,0.1217813491821289,0.1217813491821289
1996-08-12,4.125,4.125,4.0,4.125,4.018799781799316,-0.445517767832395,-2.941165631821907,-0.1217813491821289,-0.1217813491821289
1996-08-13,4.125,4.125,4.0,4.125,4.018799781799316,-0.4710282069297208,0.0,0.0,0.0
1996-08-14,4.125,4.125,3.875,4.0,3.897017478942871,-0.5475595242216982,-3.030315255016769,-0.1217823028564453,-0.12178230285644531
1996-08-15,4.0,4.125,3.875,4.0,3.897017478942871,-0.5236434875679552,0.0,0.0,0.0
1996-08-16,4.0,4.0,3.875,4.0,3.897017478942871,-0.5619091462139439,0.0,0.0,0.0
1996-08-19,4.0,4.0,3.875,4.0,3.897017478942871,-0.5834335792023125,0.0,0.0,0.0
1996-08-20,3.875,3.875,3.75,3.875,3.775235891342163,-0.4168185238479034,-3.12499464677134,-0.121781587600708,-0.12178158760070801
1996-08-21,3.875,3.875,3.625,3.75,3.653453826904297,-0.3865248774198291,-3.225813378103126,-0.1217820644378662,-0.12178206443786621
1996-08-22,3.75,4.25,3.5,4.25,4.140581130981445,1.2836116822332184,13.333336813781749,0.4871273040771484,0.48712730407714844
1996-08-23,4.25,4.25,4.0,4.25,4.140581130981445,-0.3905108835287862,0.0,0.0,0.0
1996-08-26,4.125,4.125,4.125,4.125,4.018799781799316,-0.5635035486575267,-2.941165631821907,-0.1217813491821289,-0.1217813491821289
1996-08-27,4.125,4.125,3.875,4.125,4.018799781799316,-0.4112381152953634,0.0,0.0,0.0
1996-08-28,4.125,4.125,3.75,3.75,3.653453826904297,-0.3466648163302576,-9.090922034723636,-0.3653459548950195,-0.36534595489501953
1996-08-29,3.75,3.875,3.75,3.75,3.653453826904297,-0.2286790355051258,0.0,0.0,0.0
1996-08-30,3.75,3.875,3.75,3.875,3.775235891342163,-0.4750142130386779,3.333340729286194,0.1217820644378662,0.12178206443786621
1996-09-03,3.875,3.875,3.875,3.875,3.775235891342163,-0.4080493104081977,0.0,0.0,0.0
1996-09-04,3.875,4.0,3.875,4.0,3.897017478942871,-0.519657481458998,3.225800747444496,0.121781587600708,0.12178158760070801
1996-09-05,4.0,4.0,4.0,4.0,3.897017478942871,-0.5467623229999067,0.0,0.0,0.0
1996-09-06,4.0,4.25,4.0,4.25,4.140581130981445,-0.4327625482837321,6.250001529493909,0.2435636520385742,0.24356365203857422
1996-09-09,4.25,4.25,4.125,4.25,4.140581130981445,-0.543573518112741,0.0,0.0,0.0
1996-09-10,4.25,4.5,4.25,4.5,4.38414478302002,-0.2900635295830659,5.882354296022285,0.2435636520385751,0.2435636520385751
1996-09-11,4.5,4.5,4.375,4.5,4.38414478302002,-0.4981330484706294,0.0,0.0,0.0
1996-09-12,4.5,4.5,4.375,4.375,4.262363433837891,-0.4774058167040522,-2.7777675056214868,-0.1217813491821298,-0.1217813491821298
1996-09-13,4.375,4.375,4.25,4.25,4.140581130981445,-0.5738671645408153,-2.857154363929748,-0.1217823028564453,-0.12178230285644531
1996-09-16,4.25,4.25,4.25,4.25,4.140581130981445,-0.5826363779805211,0.0,0.0,0.0
1996-09-17,4.25,4.25,3.875,4.0,3.897017478942871,-0.399280096968492,-5.882354296022263,-0.2435636520385742,-0.24356365203857422
1996-09-18,4.0,4.25,3.875,4.25,4.140581130981445,-0.353042426104589,6.250001529493909,0.2435636520385742,0.24356365203857422
1996-09-19,4.125,4.125,4.125,4.125,4.018799781799316,-0.5515455303306553,-2.941165631821907,-0.1217813491821289,-0.1217813491821289
1996-09-20,4.125,4.125,4.0,4.0,3.897017478942871,-0.5427763168909495,-3.030315255016769,-0.1217823028564453,-0.12178230285644531
1996-09-23,4.0,4.0,3.875,3.875,3.775235891342163,-0.5395875120037839,-3.12499464677134,-0.121781587600708,-0.12178158760070801
1996-09-24,3.875,3.875,3.75,3.875,3.775235891342163,0.0072925261451377,0.0,0.0,0.0
1996-09-25,3.875,3.875,3.75,3.75,3.653453826904297,-0.1585253279874799,-3.225813378103126,-0.1217820644378662,-0.12178206443786621
1996-09-26,3.75,3.75,3.75,3.75,3.653453826904297,0.1388307277407237,0.0,0.0,0.0
1996-09-27,3.875,4.0,3.875,4.0,3.897017478942871,-0.5555315364396124,6.666668406890874,0.2435636520385742,0.24356365203857422
1996-09-30,3.875,3.875,3.75,3.875,3.775235891342163,-0.5483567254434896,-3.12499464677134,-0.121781587600708,-0.12178158760070801
1996-10-01,3.875,3.875,3.75,3.875,3.775235891342163,-0.3211543772329318,0.0,0.0,0.0
1996-10-02,3.875,3.875,3.75,3.875,3.775235891342163,-0.5252378900115381,0.0,0.0,0.0
1996-10-03,3.875,3.875,3.875,3.875,3.775235891342163,-0.5858251828676868,0.0,0.0,0.0
1996-10-04,3.875,4.0,3.875,4.0,3.897017478942871,-0.4941470423616723,3.225800747444496,0.121781587600708,0.12178158760070801
1996-10-07,4.0,4.0,3.875,3.875,3.775235891342163,-0.5555315364396124,-3.12499464677134,-0.121781587600708,-0.12178158760070801
1996-10-08,3.875,3.875,3.5,3.625,3.5316720008850098,-0.4192101275132778,-6.451620440876926,-0.2435638904571533,-0.24356389045715332
1996-10-09,3.625,3.625,3.5,3.5,3.4098904132843018,-0.3857276761980376,-3.4482700423536072,-0.121781587600708,-0.12178158760070801
1996-10-10,3.5,3.75,3.5,3.75,3.653453826904297,-0.3578256334353376,7.14285164916495,0.2435634136199951,0.24356341361999512
1996-10-11,3.75,3.875,3.75,3.75,3.653453826904297,-0.5308182985640781,0.0,0.0,0.0
1996-10-14,3.75,4.0,3.75,4.0,3.897017478942871,-0.5451679205563238,6.666668406890874,0.2435636520385742,0.24356365203857422
1996-10-15,4.0,4.0,3.875,4.0,3.897017478942871,-0.2541894746024516,0.0,0.0,0.0
1996-10-16,4.0,4.25,4.0,4.125,4.018799781799316,-0.3163711699021832,3.1250130006981847,0.1217823028564453,0.12178230285644531
1996-10-17,4.0,4.0,4.0,4.0,3.897017478942871,-0.4495037739413521,-3.030315255016769,-0.1217823028564453,-0.12178230285644531
1996-10-18,4.0,4.0,3.875,3.875,3.775235891342163,-0.2828887185869431,-3.12499464677134,-0.121781587600708,-0.12178158760070801
1996-10-21,4.0,4.125,4.0,4.0,3.897017478942871,-0.4845806277001751,3.225800747444496,0.121781587600708,0.12178158760070801
1996-10-22,4.0,4.25,4.0,4.25,4.140581130981445,-0.4638533959335979,6.250001529493909,0.2435636520385742,0.24356365203857422
1996-10-23,4.25,4.75,4.25,4.625,4.505926132202148,-0.2621614868203659,8.82351992784416,0.3653450012207031,0.3653450012207031
1996-10-24,4.625,5.0,4.625,4.75,4.627707958221436,-0.1840357670848056,2.702703560738806,0.121781826019288,0.121781826019288
1996-10-25,4.75,4.875,4.75,4.75,4.627707958221436,-0.5802447743151468,0.0,0.0,0.0
1996-10-28,4.75,5.0,4.75,5.0,4.871272087097168,-0.4487065727195607,5.263169825637415,0.2435641288757315,0.24356412887573153
1996-10-29,5.0,5.0,4.75,4.875,4.7494893074035645,-0.3243431821200975,-2.500020066959041,-0.1217827796936035,-0.12178277969360352
1996-10-30,4.875,4.875,4.625,4.75,4.627707958221436,-0.5116854692410837,-2.564093554064717,-0.121781349182128,-0.12178134918212802
1996-10-31,4.625,4.625,4.5,4.5,4.38414478302002,-0.5611119449921524,-5.263149217718233,-0.243563175201416,-0.24356317520141602
1996-11-01,4.5,4.625,4.375,4.625,4.505926132202148,-0.3681892493186262,2.7777675056214424,0.121781349182128,0.12178134918212802
1996-11-04,4.625,4.625,4.625,4.625,4.505926132202148,-0.554734335217821,0.0,0.0,0.0
1996-11-05,4.625,4.625,4.625,4.625,4.505926132202148,-0.5794475730933554,0.0,0.0,0.0
1996-11-06,4.625,4.875,4.625,4.875,4.7494893074035645,-0.502916255801378,5.405396539032492,0.243563175201416,0.24356317520141602
1996-11-07,4.875,4.875,4.75,4.875,4.7494893074035645,-0.5300210973422866,0.0,0.0,0.0
1996-11-08,4.875,5.0,4.875,4.875,4.7494893074035645,-0.4758114142604693,0.0,0.0,0.0
1996-11-11,4.875,4.875,4.875,4.875,4.7494893074035645,-0.543573518112741,0.0,0.0,0.0
1996-11-12,4.875,4.875,4.625,4.625,4.505926132202148,-0.4574757861592665,-5.128197147885915,-0.243563175201416,-0.24356317520141602
1996-11-13,4.625,4.625,4.5,4.5,4.38414478302002,-0.5212518839025809,-2.702692978293697,-0.121781349182128,-0.12178134918212802
1996-11-14,4.5,4.5,4.375,4.375,4.262363433837891,-0.5021190545795866,-2.7777675056214868,-0.1217813491821298,-0.1217813491821298
1996-11-15,4.375,4.375,4.25,4.375,4.262363433837891,-0.5690839572100668,0.0,0.0,0.0
1996-11-18,4.25,4.25,4.125,4.25,4.140581130981445,-0.4239933348440263,-2.857154363929748,-0.1217823028564453,-0.12178230285644531
1996-11-19,4.25,4.25,4.125,4.125,4.018799781799316,-0.4869722313655494,-2.941165631821907,-0.1217813491821289,-0.1217813491821289
1996-11-20,4.125,4.375,4.125,4.125,4.018799781799316,-0.5292238961204953,0.0,0.0,0.0
1996-11-21,4.125,4.375,4.125,4.375,4.262363433837891,-0.5108882680192923,6.060606779706879,0.2435636520385742,0.24356365203857422
1996-11-22,4.375,4.5,4.375,4.5,4.38414478302002,-0.4534897800503093,2.8571319896219194,0.1217813491821298,0.1217813491821298
1996-11-25,4.5,4.75,4.5,4.75,4.627707958221436,-0.3745668590929576,5.555545887643731,0.243563175201416,0.24356317520141602
1996-11-26,4.75,4.75,4.625,4.625,4.505926132202148,-0.4821890240348008,-2.6315797608389317,-0.121781826019288,-0.121781826019288
1996-11-27,4.625,4.625,4.375,4.5,4.38414478302002,-0.4813918228130094,-2.702692978293697,-0.121781349182128,-0.12178134918212802
1996-11-29,4.5,4.625,4.5,4.625,4.505926132202148,-0.5507483291088638,2.7777675056214424,0.121781349182128,0.12178134918212802
1996-12-02,4.625,4.625,4.5,4.5,4.38414478302002,-0.4471121702759779,-2.702692978293697,-0.121781349182128,-0.12178134918212802
1996-12-03,4.5,4.75,4.5,4.75,4.627707958221436,-0.4598673898246407,5.555545887643731,0.243563175201416,0.24356317520141602
1996-12-04,4.75,4.75,4.625,4.75,4.627707958221436,-0.5539371339960296,0.0,0.0,0.0
1996-12-05,4.625,4.625,4.5,4.625,4.505926132202148,-0.5252378900115381,-2.6315797608389317,-0.121781826019288,-0.121781826019288
1996-12-06,4.625,4.625,4.5,4.625,4.505926132202148,-0.4797974203694265,0.0,0.0,0.0
1996-12-09,4.5,4.5,4.5,4.5,4.38414478302002,-0.578650371871564,-2.702692978293697,-0.121781349182128,-0.12178134918212802
1996-12-10,4.5,4.5,4.5,4.5,4.38414478302002,-0.4526925788285179,0.0,0.0,0.0
1996-12-11,4.5,4.5,4.5,4.5,4.38414478302002,-0.5866223840894782,0.0,0.0,0.0
1996-12-12,4.5,4.625,4.375,4.375,4.2909698486328125,-0.4279793409529835,-2.1252704688968893,-0.0931749343872079,-0.09317493438720792
1996-12-13,4.5,4.5,4.5,4.5,4.413568496704102,-0.5635035486575267,2.8571314270677384,0.122598648071289,0.12259864807128906
1996-12-16,4.5,4.5,4.375,4.375,4.2909698486328125,-0.5690839572100668,-2.777766973886131,-0.122598648071289,-0.12259864807128906
1996-12-17,4.375,4.375,4.375,4.375,4.2909698486328125,-0.5778531706497725,0.0,0.0,0.0
1996-12-18,4.375,4.375,4.375,4.375,4.2909698486328125,-0.4853778289219665,0.0,0.0,0.0
1996-12-19,4.375,4.375,4.375,4.375,4.2909698486328125,-0.5132798716846666,0.0,0.0,0.0
1996-12-20,4.375,4.625,4.25,4.625,4.536167144775391,0.0862154471024893,5.714262854135477,0.2451972961425781,0.24519729614257812
1996-12-23,4.625,4.625,4.5,4.625,4.536167144775391,-0.4782030179258436,0.0,0.0,0.0
1996-12-24,4.625,4.625,4.5,4.625,4.536167144775391,-0.4957414448052551,0.0,0.0,0.0
1996-12-26,4.625,4.75,4.5,4.75,4.658766269683838,-0.4000772981902834,2.702702986807992,0.1225991249084472,0.12259912490844727
1996-12-27,4.75,4.75,4.625,4.75,4.658766269683838,-0.3889164810852034,0.0,0.0,0.0
1996-12-30,4.75,4.75,4.625,4.625,4.536167144775391,-0.565895152322901,-2.63157921671755,-0.1225991249084472,-0.12259912490844727
1996-12-31,4.625,4.75,4.5,4.5,4.413568496704102,-0.3562312309917547,-2.702692474912305,-0.122598648071289,-0.12259864807128906
1997-01-02,4.5,4.625,4.5,4.625,4.536167144775391,-0.4526925788285179,2.77776697388612,0.122598648071289,0.12259864807128906
1997-01-03,4.625,4.625,4.5,4.625,4.536167144775391,-0.5906083901984354,0.0,0.0,0.0
1997-01-06,4.625,4.625,4.5,4.625,4.536167144775391,-0.5451679205563238,0.0,0.0,0.0
1997-01-07,4.625,4.625,4.5,4.625,4.536167144775391,-0.5443707193345324,0.0,0.0,0.0
1997-01-08,4.625,4.625,4.5,4.625,4.536167144775391,-0.5164686765718324,0.0,0.0,0.0
1997-01-09,4.625,4.625,4.5,4.625,4.536167144775391,-0.5108882680192923,0.0,0.0,0.0
1997-01-10,4.5,4.5,4.375,4.5,4.413568496704102,-0.5252378900115381,-2.702692474912305,-0.122598648071289,-0.12259864807128906
1997-01-13,4.5,4.5,4.375,4.5,4.413568496704102,-0.5053078594667523,0.0,0.0,0.0
1997-01-14,4.5,4.5,4.25,4.375,4.2909698486328125,-0.4686366032643465,-2.777766973886131,-0.122598648071289,-0.12259864807128906
1997-01-15,4.25,4.25,4.25,4.25,4.168370246887207,-0.4949442435834637,-2.8571536522138063,-0.1225996017456054,-0.12259960174560547
1997-01-16,4.375,4.375,4.375,4.375,4.2909698486328125,-0.3283291882290546,2.941187910002929,0.1225996017456054,0.12259960174560547
1997-01-17,4.375,4.5,4.375,4.375,4.2909698486328125,-0.3219515784547232,0.0,0.0,0.0
1997-01-20,4.375,4.375,4.375,4.375,4.2909698486328125,-0.2916579320266488,0.0,0.0,0.0
1997-01-21,4.375,4.375,4.25,4.375,4.2909698486328125,0.1021594715383179,0.0,0.0,0.0
1997-01-22,4.375,4.625,4.375,4.5,4.413568496704102,-0.4255877372876092,2.8571314270677384,0.122598648071289,0.12259864807128906
1997-01-23,4.625,4.875,4.625,4.875,4.781365394592285,-0.3498536212174233,8.333322529441677,0.3677968978881836,0.3677968978881836
1997-01-24,4.875,4.875,4.875,4.875,4.781365394592285,-0.5069022619103352,0.0,0.0,0.0
1997-01-27,4.875,4.875,4.75,4.75,4.658766269683838,-0.5403847132255752,-2.5641028198160054,-0.1225991249084472,-0.12259912490844727
1997-01-28,4.75,5.25,4.625,5.25,5.149163246154785,-0.2621614868203659,10.526327102137012,0.4903969764709472,0.49039697647094727
1997-01-29,5.125,5.125,5.0,5.0,4.903965473175049,-0.3195599747893489,-4.761895501426205,-0.2451977729797363,-0.24519777297973633
1997-01-30,5.0,5.0,4.875,4.875,4.781365394592285,-0.3275319870072632,-2.500019203915538,-0.1226000785827636,-0.12260007858276367
1997-01-31,4.875,5.25,4.875,5.25,5.149163246154785,0.2097816364801611,7.6923184322720495,0.3677978515625,0.3677978515625
1997-02-03,5.25,5.25,5.0,5.0,4.903965473175049,-0.4343569507273149,-4.761895501426205,-0.2451977729797363,-0.24519777297973633
1997-02-04,5.0,5.0,4.875,5.0,4.903965473175049,-0.5292238961204953,0.0,0.0,0.0
1997-02-05,5.0,5.0,5.0,5.0,4.903965473175049,-0.5922027926420182,0.0,0.0,0.0
1997-02-06,5.0,5.0,4.875,4.875,4.781365394592285,-0.543573518112741,-2.500019203915538,-0.1226000785827636,-0.12260007858276367
1997-02-07,4.875,5.0,4.875,4.875,4.781365394592285,-0.5403847132255752,0.0,0.0,0.0
1997-02-10,4.875,4.875,4.75,4.875,4.781365394592285,-0.4877694325873408,0.0,0.0,0.0
1997-02-11,4.875,4.875,4.625,4.875,4.781365394592285,-0.4375457556144806,0.0,0.0,0.0
1997-02-12,4.875,4.875,4.75,4.875,4.781365394592285,-0.5371959083384096,0.0,0.0,0.0
1997-02-13,4.875,5.25,4.75,5.25,5.149163246154785,-0.0429311508277224,7.6923184322720495,0.3677978515625,0.3677978515625
1997-02-14,5.25,5.25,5.0,5.25,5.149163246154785,-0.3610144383225033,0.0,0.0,0.0
1997-02-18,5.25,5.25,5.125,5.25,5.149163246154785,-0.4638533959335979,0.0,0.0,0.0
1997-02-19,5.25,5.25,5.125,5.125,5.026564121246338,-0.4630561947118065,-2.380952380952384,-0.1225991249084472,-0.12259912490844727
1997-02-20,5.125,5.25,5.125,5.125,5.026564121246338,-0.4813918228130094,0.0,0.0,0.0
1997-02-21,5.125,5.125,5.0,5.125,5.026564121246338,-0.4231961336222349,0.0,0.0,0.0
1997-02-24,5.125,5.125,5.125,5.125,5.026564121246338,-0.595391597529184,0.0,0.0,0.0
1997-02-25,5.125,5.125,5.125,5.125,5.026564121246338,-0.595391597529184,0.0,0.0,0.0
1997-02-26,5.0,5.0,4.875,5.0,4.903965473175049,-0.3634060419878776,-2.4390149039000164,-0.122598648071289,-0.12259864807128906
1997-02-27,5.0,5.0,4.875,5.0,4.903965473175049,-0.4223989324004435,0.0,0.0,0.0
1997-02-28,5.0,5.0,4.625,5.0,4.903965473175049,0.0160617395848434,0.0,0.0,0.0
1997-03-03,5.0,5.0,4.875,5.0,4.903965473175049,-0.4829862252565922,0.0,0.0,0.0
1997-03-04,5.0,5.0,4.875,5.0,4.903965473175049,-0.5858251828676868,0.0,0.0,0.0
1997-03-05,5.0,5.0,4.75,5.0,4.903965473175049,-0.5061050606885438,0.0,0.0,0.0
1997-03-06,4.875,4.875,4.875,4.875,4.781365394592285,-0.5666923535446925,-2.500019203915538,-0.1226000785827636,-0.12260007858276367
1997-03-07,4.875,4.875,4.875,4.875,4.781365394592285,-0.5834335792023125,0.0,0.0,0.0
1997-03-10,4.875,4.875,4.75,4.75,4.658766269683838,-0.543573518112741,-2.5641028198160054,-0.1225991249084472,-0.12259912490844727
1997-03-11,4.75,4.75,4.625,4.625,4.536167144775391,-0.5650979511011096,-2.63157921671755,-0.1225991249084472,-0.12259912490844727
1997-03-12,4.75,4.875,4.75,4.875,4.781365394592285,-0.5348043046730352,5.405405973615984,0.2451982498168945,0.24519824981689453
1997-03-13,4.875,4.875,4.75,4.75,4.658766269683838,-0.5555315364396124,-2.5641028198160054,-0.1225991249084472,-0.12259912490844727
1997-03-14,4.75,4.875,4.75,4.75,4.658766269683838,-0.5531399327742381,0.0,0.0,0.0
1997-03-17,4.75,4.875,4.75,4.75,4.658766269683838,-0.5802447743151468,0.0,0.0,0.0
1997-03-18,4.625,4.625,4.125,4.125,4.04577112197876,-0.3522452248827976,-13.157885848320916,-0.6129951477050781,-0.6129951477050781
1997-03-19,4.125,4.25,4.125,4.125,4.04577112197876,-0.3618116395442947,0.0,0.0,0.0
1997-03-20,4.25,4.5,4.25,4.5,4.413568496704102,-0.3147767674586003,9.090909090909085,0.3677973747253418,0.3677973747253418
1997-03-21,4.5,4.5,4.375,4.5,4.413568496704102,-0.5300210973422866,0.0,0.0,0.0
1997-03-24,4.375,4.375,4.25,4.375,4.2909698486328125,-0.5403847132255752,-2.777766973886131,-0.122598648071289,-0.12259864807128906
1997-03-25,4.5,4.5,4.5,4.5,4.413568496704102,-0.5579231401049868,2.8571314270677384,0.122598648071289,0.12259864807128906
1997-03-26,4.5,4.625,4.375,4.5,4.413568496704102,-0.4168185238479034,0.0,0.0,0.0
1997-03-27,4.5,4.5,4.125,4.5,4.413568496704102,-0.4407345605016464,0.0,0.0,0.0
1997-03-31,4.5,4.5,4.375,4.5,4.413568496704102,-0.5499511278870725,0.0,0.0,0.0
1997-04-01,4.375,4.375,4.0,4.125,4.04577112197876,-0.3841332737544548,-8.333333333333337,-0.3677973747253418,-0.3677973747253418
1997-04-02,4.125,4.25,4.125,4.125,4.04577112197876,-0.4518953776067264,0.0,0.0,0.0
1997-04-03,4.125,4.25,4.125,4.25,4.168370246887207,-0.4853778289219665,3.030303030303028,0.1225991249084472,0.12259912490844727
1997-04-04,4.125,4.125,4.125,4.125,4.04577112197876,-0.595391597529184,-2.941176470588236,-0.1225991249084472,-0.12259912490844727
1997-04-07,4.125,4.25,4.0,4.25,4.168370246887207,-0.3689864505404176,3.030303030303028,0.1225991249084472,0.12259912490844727
1997-04-08,4.25,4.25,4.125,4.25,4.168370246887207,-0.5395875120037839,0.0,0.0,0.0
1997-04-09,4.25,4.25,4.25,4.25,4.168370246887207,-0.595391597529184,0.0,0.0,0.0
1997-04-10,4.125,4.125,4.125,4.125,4.04577112197876,-0.595391597529184,-2.941176470588236,-0.1225991249084472,-0.12259912490844727
1997-04-11,4.125,4.25,4.125,4.125,4.04577112197876,-0.5778531706497725,0.0,0.0,0.0
1997-04-14,4.125,4.25,4.0,4.25,4.168370246887207,-0.5300210973422866,3.030303030303028,0.1225991249084472,0.12259912490844727
1997-04-15,4.25,4.375,4.25,4.25,4.168370246887207,-0.5292238961204953,0.0,0.0,0.0
1997-04-16,4.25,4.375,4.125,4.25,4.168370246887207,-0.5148742741282495,0.0,0.0,0.0
1997-04-17,4.25,4.5,4.25,4.5,4.413568496704102,-0.4295737433965664,5.882352941176472,0.2451982498168945,0.24519824981689453
1997-04-18,4.5,4.5,4.5,4.5,4.413568496704102,-0.595391597529184,0.0,0.0,0.0
1997-04-21,4.5,4.5,4.375,4.5,4.413568496704102,-0.5866223840894782,0.0,0.0,0.0
1997-04-22,4.5,4.5,4.375,4.5,4.413568496704102,-0.5611119449921524,0.0,0.0,0.0
1997-04-23,4.5,4.5,4.375,4.5,4.413568496704102,-0.5045106582449609,0.0,0.0,0.0
1997-04-24,4.5,4.5,4.375,4.375,4.2909698486328125,-0.5587203413267782,-2.777766973886131,-0.122598648071289,-0.12259864807128906
1997-04-25,4.5,4.75,4.5,4.625,4.536167144775391,-0.4646505971553893,5.714262854135477,0.2451972961425781,0.24519729614257812
1997-04-28,4.625,4.75,4.625,4.625,4.536167144775391,-0.5858251828676868,0.0,0.0,0.0
1997-04-29,4.625,4.875,4.625,4.75,4.658766269683838,-0.4646505971553893,2.702702986807992,0.1225991249084472,0.12259912490844727
1997-04-30,4.75,4.875,4.75,4.875,4.781365394592285,-0.5148742741282495,2.63157921671755,0.1225991249084472,0.12259912490844727
1997-05-01,5.0,5.0,5.0,5.0,4.903965473175049,-0.595391597529184,2.5641227654641163,0.1226000785827636,0.12260007858276367
1997-05-02,4.875,4.875,4.375,4.625,4.536167144775391,-0.2629586880421573,-7.500018717740464,-0.3677983283996582,-0.3677983283996582
1997-05-05,4.625,4.75,4.375,4.75,4.658766269683838,-0.5371959083384096,2.702702986807992,0.1225991249084472,0.12259912490844727
1997-05-06,4.75,4.75,4.625,4.75,4.658766269683838,-0.5595175425485696,0.0,0.0,0.0
1997-05-07,4.75,4.75,4.625,4.625,4.536167144775391,-0.5053078594667523,-2.63157921671755,-0.1225991249084472,-0.12259912490844727
1997-05-08,4.625,4.75,4.625,4.75,4.658766269683838,-0.565895152322901,2.702702986807992,0.1225991249084472,0.12259912490844727
1997-05-09,4.75,4.875,4.625,4.875,4.781365394592285,-0.537993109560201,2.63157921671755,0.1225991249084472,0.12259912490844727
1997-05-12,4.75,4.75,4.625,4.75,4.658766269683838,-0.526832292455121,-2.5641028198160054,-0.1225991249084472,-0.12259912490844727
1997-05-13,4.75,4.75,4.5,4.5,4.413568496704102,-0.5563287376614039,-5.2631481981682775,-0.2451977729797363,-0.24519777297973633
1997-05-14,4.625,4.875,4.625,4.75,4.658766269683838,-0.4710282069297208,5.55554475166391,0.2451977729797363,0.24519777297973633
1997-05-15,4.875,4.875,4.875,4.875,4.781365394592285,-0.4343569507273149,2.63157921671755,0.1225991249084472,0.12259912490844727
1997-05-16,4.75,4.75,4.75,4.75,4.658766269683838,-0.5722727620972325,-2.5641028198160054,-0.1225991249084472,-0.12259912490844727
1997-05-19,4.75,4.75,4.5,4.5,4.413568496704102,-0.4829862252565922,-5.2631481981682775,-0.2451977729797363,-0.24519777297973633
1997-05-20,4.5,4.625,4.5,4.625,4.536167144775391,-0.5515455303306553,2.77776697388612,0.122598648071289,0.12259864807128906
1997-05-21,4.5,4.5,4.5,4.5,4.413568496704102,-0.549153926665281,-2.702692474912305,-0.122598648071289,-0.12259864807128906
1997-05-22,4.5,4.5,4.375,4.5,4.413568496704102,-0.4287765421747749,0.0,0.0,0.0
1997-05-23,4.5,4.5,4.375,4.5,4.413568496704102,-0.5746643657626068,0.0,0.0,0.0
1997-05-27,4.375,4.375,4.25,4.25,4.168370246887207,-0.5212518839025809,-5.555555555555558,-0.2451982498168945,-0.24519824981689453
1997-05-28,4.25,4.25,4.25,4.25,4.168370246887207,-0.5890139877548526,0.0,0.0,0.0
1997-05-29,4.375,4.625,4.375,4.625,4.536167144775391,-0.3458676151084661,8.823517972350015,0.3677968978881836,0.3677968978881836
1997-05-30,4.5,4.5,4.375,4.5,4.413568496704102,-0.4718254081515122,-2.702692474912305,-0.122598648071289,-0.12259864807128906
1997-06-02,4.5,4.625,4.375,4.5,4.413568496704102,-0.5300210973422866,0.0,0.0,0.0
1997-06-03,4.5,4.625,4.375,4.625,4.536167144775391,-0.4279793409529835,2.77776697388612,0.122598648071289,0.12259864807128906
1997-06-04,4.625,4.625,4.5,4.5,4.413568496704102,-0.5244406887897467,-2.702692474912305,-0.122598648071289,-0.12259864807128906
1997-06-05,4.5,4.75,4.5,4.625,4.536167144775391,-0.5459651217781153,2.77776697388612,0.122598648071289,0.12259864807128906
1997-06-06,4.625,4.625,4.625,4.625,4.536167144775391,-0.595391597529184,0.0,0.0,0.0
1997-06-09,4.5,4.5,4.5,4.5,4.413568496704102,-0.595391597529184,-2.702692474912305,-0.122598648071289,-0.12259864807128906
1997-06-10,4.5,4.5,4.375,4.375,4.2909698486328125,-0.4821890240348008,-2.777766973886131,-0.122598648071289,-0.12259864807128906
1997-06-11,4.375,4.375,4.375,4.375,4.2909698486328125,-0.5762587682061896,0.0,0.0,0.0
1997-06-12,4.375,4.5,4.375,4.5,4.444042205810547,-0.5363987071166181,3.567313744385925,0.1530723571777343,0.15307235717773438
1997-06-13,4.375,4.375,4.375,4.375,4.320596694946289,-0.5611119449921524,-2.777775393376192,-0.1234455108642578,-0.12344551086425781
1997-06-16,4.375,4.375,4.375,4.375,4.320596694946289,-0.5069022619103352,0.0,0.0,0.0
1997-06-17,4.375,4.5,4.25,4.5,4.444042205810547,-0.5092938655757094,2.857140334543362,0.1234455108642578,0.12344551086425781
1997-06-18,4.375,4.375,4.375,4.375,4.320596694946289,-0.5778531706497725,-2.777775393376192,-0.1234455108642578,-0.12344551086425781
1997-06-19,4.375,4.375,4.375,4.375,4.320596694946289,-0.5627063474357353,0.0,0.0,0.0
1997-06-20,4.375,4.5,4.375,4.375,4.320596694946289,-0.5754615669843982,0.0,0.0,0.0
1997-06-23,4.375,4.5,4.375,4.375,4.320596694946289,-0.4869722313655494,0.0,0.0,0.0
1997-06-24,4.375,4.5,4.375,4.375,4.320596694946289,-0.5754615669843982,0.0,0.0,0.0
1997-06-25,4.375,4.5,4.375,4.375,4.320596694946289,-0.5276294936769124,0.0,0.0,0.0
1997-06-26,4.375,4.375,4.25,4.375,4.320596694946289,-0.5603147437703611,0.0,0.0,0.0
1997-06-27,4.375,4.375,4.25,4.25,4.197150707244873,-0.5826363779805211,-2.857151370916156,-0.123445987701416,-0.12344598770141602
1997-06-30,4.25,4.25,4.125,4.125,4.073705196380615,-0.5260350912333295,-2.941174131564384,-0.1234455108642578,-0.12344551086425781
1997-07-01,4.125,4.75,4.125,4.375,4.320596694946289,0.0128729346976777,6.060612799989329,0.2468914985656738,0.24689149856567383
1997-07-02,4.375,4.5,4.25,4.375,4.320596694946289,-0.2486090660499116,0.0,0.0,0.0
1997-07-03,4.25,4.25,4.125,4.125,4.073705196380615,-0.5579231401049868,-5.714291705459518,-0.2468914985656738,-0.24689149856567383
1997-07-07,4.125,4.375,4.125,4.125,4.073705196380615,-0.4981330484706294,0.0,0.0,0.0
1997-07-08,4.125,4.25,4.125,4.25,4.197150707244873,-0.4758114142604693,3.0303005473723443,0.1234455108642578,0.12344551086425781
1997-07-09,4.125,4.125,4.125,4.125,4.073705196380615,-0.5403847132255752,-2.941174131564384,-0.1234455108642578,-0.12344551086425781
1997-07-10,4.125,4.125,4.0,4.125,4.073705196380615,-0.5292238961204953,0.0,0.0,0.0
1997-07-11,4.125,4.25,4.0,4.25,4.197150707244873,-0.4965386460270465,3.0303005473723443,0.1234455108642578,0.12344551086425781
1997-07-14,4.25,4.25,4.125,4.125,4.073705196380615,-0.4678394020425551,-2.941174131564384,-0.1234455108642578,-0.12344551086425781
1997-07-15,4.125,4.125,4.0,4.125,4.073705196380615,-0.4821890240348008,0.0,0.0,0.0
1997-07-16,4.125,4.125,4.125,4.125,4.073705196380615,-0.5810419755369383,0.0,0.0,0.0
1997-07-17,4.125,4.125,4.0,4.125,4.073705196380615,-0.4239933348440263,0.0,0.0,0.0
1997-07-18,4.125,4.125,4.0,4.125,4.073705196380615,-0.4000772981902834,0.0,0.0,0.0
1997-07-21,4.125,4.125,3.875,3.875,3.826813936233521,-0.3817416700890805,-6.060606947367009,-0.2468912601470942,-0.24689126014709428
1997-07-22,3.875,3.875,3.875,3.875,3.826813936233521,-0.595391597529184,0.0,0.0,0.0
1997-07-23,3.875,4.0,3.875,3.875,3.826813936233521,-0.2804971149215688,0.0,0.0,0.0
1997-07-24,3.875,4.0,3.875,3.875,3.826813936233521,-0.3801472676454976,0.0,0.0,0.0
1997-07-25,3.875,4.125,3.875,4.125,4.073705196380615,-0.2717279014818631,6.451613908098519,0.2468912601470942,0.24689126014709428
1997-07-28,4.0,4.0,3.875,3.875,3.826813936233521,-0.5619091462139439,-6.060606947367009,-0.2468912601470942,-0.24689126014709428
1997-07-29,3.875,4.0,3.875,4.0,3.9502594470977774,-0.5156714753500409,3.225803838943775,0.1234455108642564,0.12344551086425648
1997-07-30,4.0,4.0,3.875,4.0,3.9502594470977774,-0.543573518112741,0.0,0.0,0.0
1997-07-31,4.0,4.0,3.875,3.875,3.826813936233521,-0.5587203413267782,-3.124997548071196,-0.1234455108642564,-0.12344551086425648
1997-08-01,3.875,4.0,3.875,3.875,3.826813936233521,-0.5738671645408153,0.0,0.0,0.0
1997-08-04,3.875,3.875,3.75,3.875,3.826813936233521,-0.4120353165171549,0.0,0.0,0.0
1997-08-05,3.875,3.875,3.75,3.875,3.826813936233521,-0.4128325177389463,0.0,0.0,0.0
1997-08-06,3.875,4.0,3.75,4.0,3.9502594470977774,-0.439937359279855,3.225803838943775,0.1234455108642564,0.12344551086425648
1997-08-07,4.0,4.0,3.75,4.0,3.9502594470977774,-0.3386928041123432,0.0,0.0,0.0
1997-08-08,4.0,4.0,3.875,4.0,3.9502594470977774,-0.3817416700890805,0.0,0.0,0.0
1997-08-11,4.0,4.0,3.75,3.875,3.826813936233521,-0.4758114142604693,-3.124997548071196,-0.1234455108642564,-0.12344551086425648
1997-08-12,4.0,4.125,4.0,4.125,4.073705196380615,-0.4710282069297208,6.451613908098519,0.2468912601470942,0.24689126014709428
1997-08-13,4.125,4.125,4.0,4.0,3.9502594470977774,-0.5172658777936238,-3.0303063999946867,-0.1234457492828378,-0.1234457492828378
1997-08-14,4.0,4.25,4.0,4.25,4.197150707244873,-0.2270846330615429,6.250001131659455,0.2468912601470956,0.24689126014709561
1997-08-15,4.125,4.125,4.0,4.0,3.9502594470977774,-0.5674895547664839,-5.882353943615282,-0.2468912601470956,-0.24689126014709561
1997-08-18,4.125,4.25,4.125,4.25,4.197150707244873,-0.4630561947118065,6.250001131659455,0.2468912601470956,0.24689126014709561
1997-08-19,4.25,4.25,4.125,4.25,4.197150707244873,-0.3355039992251775,0.0,0.0,0.0
1997-08-20,4.25,4.375,4.25,4.25,4.197150707244873,-0.5467623229999067,0.0,0.0,0.0
1997-08-21,4.25,4.375,4.25,4.25,4.197150707244873,-0.4925526399180894,0.0,0.0,0.0
1997-08-22,4.25,4.25,4.125,4.25,4.197150707244873,-0.4821890240348008,0.0,0.0,0.0
1997-08-25,4.25,4.25,4.25,4.25,4.197150707244873,-0.5276294936769124,0.0,0.0,0.0
1997-08-26,4.25,4.25,4.25,4.25,4.197150707244873,-0.554734335217821,0.0,0.0,0.0
1997-08-27,4.25,5.0,4.25,5.0,4.937824726104736,-0.3060075540188946,17.647067511332292,0.7406740188598633,0.7406740188598633
1997-08-28,4.875,4.875,4.625,4.625,4.567487239837647,-0.4829862252565922,-7.500012795294864,-0.3703374862670889,-0.37033748626708896
1997-08-29,4.625,4.625,4.5,4.5,4.444042205810547,-0.5762587682061896,-2.702690287789145,-0.1234450340271005,-0.1234450340271005
1997-09-02,4.5,4.5,4.5,4.5,4.444042205810547,-0.5595175425485696,0.0,0.0,0.0
1997-09-03,4.5,4.625,4.5,4.625,4.567487239837647,-0.5842307804241039,2.777764663569071,0.1234450340271005,0.1234450340271005
1997-09-04,4.625,5.0,4.5,5.0,4.937824726104736,-0.0317703337226424,8.108123062435801,0.3703374862670889,0.37033748626708896
1997-09-05,4.875,4.875,4.75,4.75,4.690932750701904,-0.5762587682061896,-5.000014968080812,-0.246891975402832,-0.24689197540283203
1997-09-08,4.75,4.75,4.5,4.5,4.444042205810547,-0.5523427315524467,-5.2631439846247074,-0.2468905448913574,-0.24689054489135742
1997-09-09,4.5,4.5,4.5,4.5,4.444042205810547,-0.595391597529184,0.0,0.0,0.0
1997-09-10,4.5,4.5,4.25,4.25,4.197150707244873,-0.5507483291088638,-5.555561516559527,-0.2468914985656738,-0.24689149856567383
1997-09-11,4.25,4.5,4.25,4.375,4.320596694946289,-0.5204546826807895,2.941185492537368,0.123445987701416,0.12344598770141602
1997-09-12,4.375,4.375,4.25,4.375,4.320596694946289,-0.4582729873810579,0.0,0.0,0.0
1997-09-15,4.375,4.5,4.375,4.375,4.320596694946289,-0.578650371871564,0.0,0.0,0.0
1997-09-16,4.375,4.5,4.375,4.5,4.444042205810547,-0.5730699633190239,2.857140334543362,0.1234455108642578,0.12344551086425781
1997-09-17,4.375,4.375,4.25,4.375,4.320596694946289,-0.5148742741282495,-2.777775393376192,-0.1234455108642578,-0.12344551086425781
1997-09-18,4.375,4.5,4.375,4.375,4.320596694946289,-0.543573518112741,0.0,0.0,0.0
1997-09-19,4.375,4.375,4.25,4.375,4.320596694946289,-0.5252378900115381,0.0,0.0,0.0
1997-09-22,4.25,4.25,4.25,4.25,4.197150707244873,-0.5802447743151468,-2.857151370916156,-0.123445987701416,-0.12344598770141602
1997-09-23,4.375,4.375,4.375,4.375,4.320596694946289,-0.5643007498793182,2.941185492537368,0.123445987701416,0.12344598770141602
1997-09-24,4.375,4.375,4.25,4.375,4.320596694946289,-0.5539371339960296,0.0,0.0,0.0
1997-09-25,4.375,4.625,4.375,4.625,4.567487239837647,-0.4359513531708978,5.714269632713953,0.2468905448913583,0.2468905448913583
1997-09-26,4.5,4.5,4.25,4.375,4.320596694946289,-0.5260350912333295,-5.405391015391958,-0.2468905448913583,-0.2468905448913583
1997-09-29,4.375,4.375,4.375,4.375,4.320596694946289,-0.578650371871564,0.0,0.0,0.0
1997-09-30,4.375,4.625,4.25,4.625,4.567487239837647,-0.4407345605016464,5.714269632713953,0.2468905448913583,0.2468905448913583
1997-10-01,4.625,4.75,4.625,4.75,4.690932750701904,-0.5395875120037839,2.7027007276027915,0.1234455108642569,0.12344551086425692
1997-10-02,4.625,4.625,4.5,4.5,4.444042205810547,-0.5156714753500409,-5.2631439846247074,-0.2468905448913574,-0.24689054489135742
1997-10-03,4.5,4.625,4.5,4.5,4.444042205810547,-0.4614617922682236,0.0,0.0,0.0
1997-10-06,4.5,4.625,4.375,4.625,4.567487239837647,-0.2781055112561945,2.777764663569071,0.1234450340271005,0.1234450340271005
1997-10-07,4.625,4.625,4.5,4.5,4.444042205810547,-0.5690839572100668,-2.702690287789145,-0.1234450340271005,-0.1234450340271005
1997-10-08,4.375,4.375,4.375,4.375,4.320596694946289,-0.5611119449921524,-2.777775393376192,-0.1234455108642578,-0.12344551086425781
1997-10-09,4.375,4.375,4.25,4.375,4.320596694946289,-0.5124826704628752,0.0,0.0,0.0
1997-10-10,4.375,4.375,4.375,4.375,4.320596694946289,-0.5826363779805211,0.0,0.0,0.0
1997-10-13,4.375,4.375,4.375,4.375,4.320596694946289,-0.5890139877548526,0.0,0.0,0.0
1997-10-14,4.375,5.0,4.125,5.0,4.937824726104736,-0.0158263092868137,14.285712709089603,0.6172280311584473,0.6172280311584473
1997-10-15,5.0,5.0,4.625,4.75,4.690932750701904,-0.4359513531708978,-5.000014968080812,-0.246891975402832,-0.24689197540283203
1997-10-16,4.75,4.75,4.625,4.625,4.567487239837647,-0.5770559694279811,-2.6315770748533085,-0.1234455108642569,-0.12344551086425692
1997-10-17,4.625,4.625,4.375,4.375,4.320596694946289,-0.5643007498793182,-5.405391015391958,-0.2468905448913583,-0.2468905448913583
1997-10-20,4.375,4.5,4.375,4.5,4.444042205810547,-0.4877694325873408,2.857140334543362,0.1234455108642578,0.12344551086425781
1997-10-21,4.5,4.625,4.5,4.5,4.444042205810547,-0.4415317617234378,0.0,0.0,0.0
1997-10-22,4.5,4.5,4.5,4.5,4.444042205810547,-0.571475560875441,0.0,0.0,0.0
1997-10-23,4.5,4.5,4.375,4.375,4.320596694946289,-0.5706783596536497,-2.777775393376192,-0.1234455108642578,-0.12344551086425781
1997-10-24,4.375,4.5,4.375,4.375,4.320596694946289,-0.5523427315524467,0.0,0.0,0.0
1997-10-27,4.375,4.375,4.125,4.125,4.073705196380615,-0.565895152322901,-5.714291705459518,-0.2468914985656738,-0.24689149856567383
1997-10-28,4.125,4.375,4.0,4.375,4.320596694946289,-0.3386928041123432,6.060612799989329,0.2468914985656738,0.24689149856567383
1997-10-29,4.375,4.625,4.375,4.5,4.444042205810547,-0.5188602802372067,2.857140334543362,0.1234455108642578,0.12344551086425781
1997-10-30,4.5,4.5,4.5,4.5,4.444042205810547,-0.5874195853112697,0.0,0.0,0.0
1997-10-31,4.375,4.375,4.375,4.375,4.320596694946289,-0.5443707193345324,-2.777775393376192,-0.1234455108642578,-0.12344551086425781
1997-11-03,4.375,4.375,4.25,4.375,4.320596694946289,-0.5818391767587296,0.0,0.0,0.0
1997-11-04,4.375,4.5,4.25,4.5,4.444042205810547,-0.2733223039254459,2.857140334543362,0.1234455108642578,0.12344551086425781
1997-11-05,4.5,4.5,4.375,4.375,4.320596694946289,-0.5762587682061896,-2.777775393376192,-0.1234455108642578,-0.12344551086425781
1997-11-06,4.375,4.5,4.25,4.5,4.444042205810547,-0.4216017311786521,2.857140334543362,0.1234455108642578,0.12344551086425781
1997-11-07,4.375,4.375,4.25,4.25,4.197150707244873,-0.5419791156691581,-5.555561516559527,-0.2468914985656738,-0.24689149856567383
1997-11-10,4.25,4.375,4.25,4.375,4.320596694946289,-0.5643007498793182,2.941185492537368,0.123445987701416,0.12344598770141602
1997-11-11,4.375,4.5,4.25,4.25,4.197150707244873,-0.543573518112741,-2.857151370916156,-0.123445987701416,-0.12344598770141602
1997-11-12,4.25,4.25,4.125,4.125,4.073705196380615,-0.5244406887897467,-2.941174131564384,-0.1234455108642578,-0.12344551086425781
1997-11-13,4.125,4.25,4.0,4.25,4.197150707244873,-0.5427763168909495,3.0303005473723443,0.1234455108642578,0.12344551086425781
1997-11-14,4.25,4.25,4.0,4.25,4.197150707244873,-0.5515455303306553,0.0,0.0,0.0
1997-11-17,4.25,4.375,4.125,4.25,4.197150707244873,-0.4032661030774491,0.0,0.0,0.0
1997-11-18,4.25,4.25,4.125,4.25,4.197150707244873,-0.4877694325873408,0.0,0.0,0.0
1997-11-19,4.25,4.5,4.25,4.5,4.444042205810547,-0.3833360725326634,5.882359624101752,0.2468914985656738,0.24689149856567383
1997-11-20,4.5,4.625,4.5,4.5,4.444042205810547,-0.4056577067428235,0.0,0.0,0.0
1997-11-21,4.5,4.5,4.5,4.5,4.444042205810547,-0.5148742741282495,0.0,0.0,0.0
1997-11-24,4.5,4.625,4.5,4.5,4.444042205810547,-0.5045106582449609,0.0,0.0,0.0
1997-11-25,4.5,4.5,4.5,4.5,4.444042205810547,-0.5260350912333295,0.0,0.0,0.0
1997-11-26,4.5,4.5,4.375,4.375,4.320596694946289,-0.5635035486575267,-2.777775393376192,-0.1234455108642578,-0.12344551086425781
1997-11-28,4.375,4.375,4.375,4.375,4.320596694946289,-0.5730699633190239,0.0,0.0,0.0
1997-12-01,4.375,4.375,4.25,4.375,4.320596694946289,-0.491755438696298,0.0,0.0,0.0
1997-12-02,4.375,4.375,4.375,4.375,4.320596694946289,-0.5403847132255752,0.0,0.0,0.0
1997-12-03,4.375,4.375,4.375,4.375,4.320596694946289,-0.5890139877548526,0.0,0.0,0.0
1997-12-04,4.375,4.375,4.25,4.25,4.197150707244873,-0.5603147437703611,-2.857151370916156,-0.123445987701416,-0.12344598770141602
1997-12-05,4.25,4.375,4.25,4.25,4.197150707244873,-0.565895152322901,0.0,0.0,0.0
1997-12-08,4.25,4.375,4.25,4.25,4.197150707244873,-0.5419791156691581,0.0,0.0,0.0
1997-12-09,4.25,4.25,4.125,4.125,4.073705196380615,-0.4782030179258436,-2.941174131564384,-0.1234455108642578,-0.12344551086425781
1997-12-10,4.125,4.125,4.125,4.125,4.073705196380615,-0.5770559694279811,0.0,0.0,0.0
1997-12-11,4.125,4.125,4.125,4.125,4.073705196380615,-0.5523427315524467,0.0,0.0,0.0
1997-12-12,4.125,4.125,4.0,4.125,4.073705196380615,-0.5674895547664839,0.0,0.0,0.0
1997-12-15,4.125,4.125,4.0,4.125,4.073705196380615,-0.4670422008207636,0.0,0.0,0.0
1997-12-16,4.125,4.125,4.125,4.125,4.073705196380615,-0.578650371871564,0.0,0.0,0.0
1997-12-17,4.125,4.125,3.875,4.125,4.073705196380615,-0.3960912920813262,0.0,0.0,0.0
1997-12-18,4.125,4.125,4.0,4.125,4.073705196380615,-0.5443707193345324,0.0,0.0,0.0
1997-12-19,4.0,4.0,4.0,4.0,3.9502594470977774,-0.5220490851243723,-3.0303063999946867,-0.1234457492828378,-0.1234457492828378
1997-12-22,4.0,4.0,3.75,4.0,3.9502594470977774,-0.4303709446183578,0.0,0.0,0.0
1997-12-23,4.0,4.0,3.625,4.0,3.9502594470977774,-0.2215042245090029,0.0,0.0,0.0
1997-12-24,4.0,4.125,3.875,4.0,3.9502594470977774,-0.5571259388831953,0.0,0.0,0.0
1997-12-26,4.0,4.375,4.0,4.375,4.320596694946289,-0.5619091462139439,9.375010750764613,0.3703372478485116,0.37033724784851163
1997-12-29,4.125,4.125,3.875,4.0,3.977534055709839,-0.1816441634194314,-7.940168070714016,-0.3430626392364502,-0.3430626392364502
1997-12-30,4.0,4.0,3.875,4.0,3.977534055709839,-0.0373507422751824,0.0,0.0,0.0
1997-12-31,4.0,4.25,4.0,4.0,3.977534055709839,-0.3809444688672891,0.0,0.0,0.0
1998-01-02,4.0,4.125,4.0,4.0,3.977534055709839,-0.5515455303306553,0.0,0.0,0.0
1998-01-05,4.0,4.25,3.875,4.25,4.22613000869751,-0.427182139731192,6.250001873165756,0.2485959529876709,0.2485959529876709
1998-01-06,4.125,4.125,4.125,4.125,4.101832389831543,-0.5635035486575267,-2.941168837924024,-0.1242976188659668,-0.1242976188659668
1998-01-07,4.125,4.125,4.0,4.0,3.977534055709839,-0.571475560875441,-3.030312365513521,-0.1242983341217041,-0.1242983341217041
1998-01-08,4.125,4.125,4.125,4.125,4.101832389831543,-0.5874195853112697,3.1250099277785104,0.1242983341217041,0.1242983341217041
1998-01-09,4.0,4.0,4.0,4.0,3.977534055709839,-0.5627063474357353,-3.030312365513521,-0.1242983341217041,-0.1242983341217041
1998-01-12,4.0,4.125,4.0,4.125,4.101832389831543,-0.5587203413267782,3.1250099277785104,0.1242983341217041,0.1242983341217041
1998-01-13,4.125,4.125,4.0,4.0,3.977534055709839,-0.1617141328746456,-3.030312365513521,-0.1242983341217041,-0.1242983341217041
1998-01-14,4.125,4.125,4.125,4.125,4.101832389831543,-0.595391597529184,3.1250099277785104,0.1242983341217041,0.1242983341217041
1998-01-15,4.125,4.25,4.0,4.0,3.977534055709839,-0.5451679205563238,-3.030312365513521,-0.1242983341217041,-0.1242983341217041
1998-01-16,4.125,4.25,4.125,4.125,4.101832389831543,-0.5427763168909495,3.1250099277785104,0.1242983341217041,0.1242983341217041
1998-01-20,4.125,4.25,4.0,4.125,4.101832389831543,-0.4877694325873408,0.0,0.0,0.0
1998-01-21,4.125,4.25,4.125,4.125,4.101832389831543,-0.5666923535446925,0.0,0.0,0.0
1998-01-22,4.125,4.25,4.125,4.25,4.22613000869751,-0.5140770729064581,3.0302949280448743,0.1242976188659668,0.1242976188659668
1998-01-23,4.25,4.25,4.25,4.25,4.22613000869751,-0.5794475730933554,0.0,0.0,0.0
1998-01-26,4.25,4.25,4.125,4.125,4.101832389831543,-0.5850279816458954,-2.941168837924024,-0.1242976188659668,-0.1242976188659668
1998-01-27,4.125,4.125,4.125,4.125,4.101832389831543,-0.5555315364396124,0.0,0.0,0.0
1998-01-28,4.125,4.125,4.0,4.125,4.101832389831543,-0.5571259388831953,0.0,0.0,0.0
1998-01-29,4.125,4.125,4.0,4.125,4.101832389831543,-0.5092938655757094,0.0,0.0,0.0
1998-01-30,4.125,4.25,4.0,4.25,4.22613000869751,-0.5690839572100668,3.0302949280448743,0.1242976188659668,0.1242976188659668
1998-02-02,4.25,4.25,4.125,4.125,4.101832389831543,-0.5387903107819924,-2.941168837924024,-0.1242976188659668,-0.1242976188659668
1998-02-03,4.125,4.25,4.125,4.25,4.22613000869751,-0.3594200358789204,3.0302949280448743,0.1242976188659668,0.1242976188659668
1998-02-04,4.25,4.25,4.25,4.25,4.22613000869751,-0.4192101275132778,0.0,0.0,0.0
1998-02-05,4.25,4.25,4.25,4.25,4.22613000869751,-0.5937971950856011,0.0,0.0,0.0
1998-02-06,4.125,4.125,4.125,4.125,4.101832389831543,-0.5531399327742381,-2.941168837924024,-0.1242976188659668,-0.1242976188659668
1998-02-09,4.125,4.125,4.0,4.125,4.101832389831543,-0.5818391767587296,0.0,0.0,0.0
1998-02-10,4.125,4.125,4.125,4.125,4.101832389831543,-0.5635035486575267,0.0,0.0,0.0
1998-02-11,4.125,4.125,4.125,4.125,4.101832389831543,-0.5842307804241039,0.0,0.0,0.0
1998-02-12,4.125,4.25,4.125,4.125,4.101832389831543,-0.526832292455121,0.0,0.0,0.0
1998-02-13,4.125,4.25,4.0,4.125,4.101832389831543,-0.5228462863461638,0.0,0.0,0.0
1998-02-17,4.125,4.25,4.125,4.25,4.22613000869751,-0.5738671645408153,3.0302949280448743,0.1242976188659668,0.1242976188659668
1998-02-18,4.25,4.25,4.125,4.125,4.101832389831543,-0.491755438696298,-2.941168837924024,-0.1242976188659668,-0.1242976188659668
1998-02-19,4.125,4.125,4.125,4.125,4.101832389831543,-0.5148742741282495,0.0,0.0,0.0
1998-02-20,4.125,4.25,4.125,4.25,4.22613000869751,-0.5818391767587296,3.0302949280448743,0.1242976188659668,0.1242976188659668
1998-02-23,4.125,4.125,4.0,4.125,4.101832389831543,-0.5754615669843982,-2.941168837924024,-0.1242976188659668,-0.1242976188659668
1998-02-24,4.125,4.125,4.125,4.125,4.101832389831543,-0.5276294936769124,0.0,0.0,0.0
1998-02-25,4.125,4.125,4.0,4.125,4.101832389831543,-0.1409869011080684,0.0,0.0,0.0
1998-02-26,4.125,4.25,4.0,4.25,4.22613000869751,-0.4080493104081977,3.0302949280448743,0.1242976188659668,0.1242976188659668
1998-02-27,4.25,4.25,4.0,4.125,4.101832389831543,-0.0309731325008509,-2.941168837924024,-0.1242976188659668,-0.1242976188659668
1998-03-02,4.125,4.125,3.875,4.125,4.101832389831543,-0.4128325177389463,0.0,0.0,0.0
1998-03-03,4.125,4.125,4.0,4.125,4.101832389831543,-0.4805946215912179,0.0,0.0,0.0
1998-03-04,4.0,4.0,3.875,4.0,3.977534055709839,-0.5754615669843982,-3.030312365513521,-0.1242983341217041,-0.1242983341217041
1998-03-05,4.0,4.0,3.875,4.0,3.977534055709839,-0.249406267271703,0.0,0.0,0.0
1998-03-06,4.0,4.0,4.0,4.0,3.977534055709839,-0.4231961336222349,0.0,0.0,0.0
1998-03-09,4.0,4.125,4.0,4.125,4.101832389831543,-0.5284266948987038,3.1250099277785104,0.1242983341217041,0.1242983341217041
1998-03-10,4.0,4.0,4.0,4.0,3.977534055709839,-0.4447205666106035,-3.030312365513521,-0.1242983341217041,-0.1242983341217041
1998-03-11,4.0,4.0,3.75,4.0,3.977534055709839,-0.4503009751631436,0.0,0.0,0.0
1998-03-12,4.0,4.0,3.875,4.0,3.977534055709839,-0.347462017552049,0.0,0.0,0.0
1998-03-13,4.0,4.375,4.0,4.25,4.22613000869751,-0.1011268400184968,6.250001873165756,0.2485959529876709,0.2485959529876709
1998-03-16,4.25,4.375,4.25,4.375,4.350428104400635,-0.2262874318397515,2.94118012099287,0.124298095703125,0.124298095703125
1998-03-17,4.375,4.375,4.25,4.375,4.350428104400635,-0.3299235906726375,0.0,0.0,0.0
1998-03-18,4.375,4.5,4.375,4.5,4.474725723266602,-0.3099935601278517,2.857135341237682,0.1242976188659668,0.1242976188659668
1998-03-19,4.5,4.5,4.375,4.375,4.350428104400635,-0.4311681458401492,-2.777770673623059,-0.1242976188659668,-0.1242976188659668
1998-03-20,4.375,4.375,4.375,4.375,4.350428104400635,-0.5674895547664839,0.0,0.0,0.0
1998-03-23,4.375,4.375,4.25,4.375,4.350428104400635,-0.4845806277001751,0.0,0.0,0.0
1998-03-24,4.375,4.375,4.25,4.375,4.350428104400635,-0.4463149690541864,0.0,0.0,0.0
1998-03-25,4.375,4.375,4.25,4.375,4.350428104400635,-0.5021190545795866,0.0,0.0,0.0
1998-03-26,4.375,4.375,4.25,4.375,4.350428104400635,-0.439937359279855,0.0,0.0,0.0
1998-03-27,4.375,4.375,4.25,4.375,4.350428104400635,-0.4479093714977692,0.0,0.0,0.0
1998-03-30,4.375,4.375,4.375,4.375,4.350428104400635,-0.5108882680192923,0.0,0.0,0.0
1998-03-31,4.375,4.375,4.375,4.375,4.350428104400635,-0.5937971950856011,0.0,0.0,0.0
1998-04-01,4.375,4.375,4.375,4.375,4.350428104400635,-0.5395875120037839,0.0,0.0,0.0
1998-04-02,4.375,4.375,4.25,4.25,4.22613000869751,-0.5220490851243723,-2.8571463019327337,-0.124298095703125,-0.124298095703125
1998-04-03,4.25,4.375,4.25,4.25,4.22613000869751,-0.4646505971553893,0.0,0.0,0.0
1998-04-06,4.25,4.375,4.125,4.375,4.350428104400635,-0.456678584937475,2.94118012099287,0.124298095703125,0.124298095703125
1998-04-07,4.375,4.375,4.25,4.375,4.350428104400635,-0.5595175425485696,0.0,0.0,0.0
1998-04-08,4.375,4.375,4.25,4.25,4.22613000869751,-0.5826363779805211,-2.8571463019327337,-0.124298095703125,-0.124298095703125
1998-04-09,4.25,4.375,4.125,4.375,4.350428104400635,-0.5053078594667523,2.94118012099287,0.124298095703125,0.124298095703125
1998-04-13,4.375,4.5,4.25,4.375,4.350428104400635,-0.4790002191476351,0.0,0.0,0.0
1998-04-14,4.375,4.375,4.25,4.375,4.350428104400635,-0.4319653470619407,0.0,0.0,0.0
1998-04-15,4.375,4.375,4.25,4.25,4.22613000869751,-0.5523427315524467,-2.8571463019327337,-0.124298095703125,-0.124298095703125
1998-04-16,4.25,4.25,4.25,4.25,4.22613000869751,-0.5603147437703611,0.0,0.0,0.0
1998-04-17,4.125,4.125,4.125,4.125,4.101832389831543,-0.456678584937475,-2.941168837924024,-0.1242976188659668,-0.1242976188659668
1998-04-20,4.25,4.375,4.25,4.25,4.22613000869751,-0.5467623229999067,3.0302949280448743,0.1242976188659668,0.1242976188659668
1998-04-21,4.25,4.25,4.125,4.25,4.22613000869751,-0.5866223840894782,0.0,0.0,0.0
1998-04-22,4.25,4.25,4.125,4.125,4.101832389831543,-0.5690839572100668,-2.941168837924024,-0.1242976188659668,-0.1242976188659668
1998-04-23,4.125,4.125,4.125,4.125,4.101832389831543,-0.595391597529184,0.0,0.0,0.0
1998-04-24,4.125,4.125,4.125,4.125,4.101832389831543,-0.5937971950856011,0.0,0.0,0.0
1998-04-27,4.125,4.125,4.125,4.125,4.101832389831543,-0.5914055914202269,0.0,0.0,0.0
1998-04-28,4.125,4.125,4.0,4.125,4.101832389831543,-0.5132798716846666,0.0,0.0,0.0
1998-04-29,4.125,4.125,4.125,4.125,4.101832389831543,-0.595391597529184,0.0,0.0,0.0
1998-04-30,4.125,4.25,4.0,4.25,4.22613000869751,-0.4495037739413521,3.0302949280448743,0.1242976188659668,0.1242976188659668
1998-05-01,4.125,4.125,4.125,4.125,4.101832389831543,-0.5738671645408153,-2.941168837924024,-0.1242976188659668,-0.1242976188659668
1998-05-04,4.125,4.25,4.125,4.125,4.101832389831543,-0.427182139731192,0.0,0.0,0.0
1998-05-05,4.125,4.125,4.125,4.125,4.101832389831543,-0.4471121702759779,0.0,0.0,0.0
1998-05-06,4.125,4.25,4.125,4.125,4.101832389831543,-0.4255877372876092,0.0,0.0,0.0
1998-05-07,4.125,4.25,4.125,4.25,4.22613000869751,-0.2645530904857402,3.0302949280448743,0.1242976188659668,0.1242976188659668
1998-05-08,4.125,4.125,4.125,4.125,4.101832389831543,-0.5890139877548526,-2.941168837924024,-0.1242976188659668,-0.1242976188659668
1998-05-11,4.125,4.125,4.125,4.125,4.101832389831543,-0.5778531706497725,0.0,0.0,0.0
1998-05-12,4.125,4.25,4.125,4.125,4.101832389831543,-0.5427763168909495,0.0,0.0,0.0
1998-05-13,4.125,4.375,4.125,4.375,4.350428104400635,-0.3729724566493748,6.060601481068839,0.2485957145690918,0.2485957145690918
1998-05-14,4.375,4.5,4.375,4.5,4.474725723266602,-0.1720777487579342,2.857135341237682,0.1242976188659668,0.1242976188659668
1998-05-15,4.5,4.5,4.375,4.5,4.474725723266602,-0.5005246521360037,0.0,0.0,0.0
1998-05-18,4.5,4.5,4.375,4.5,4.474725723266602,-0.5834335792023125,0.0,0.0,0.0
1998-05-19,4.375,4.375,4.25,4.375,4.350428104400635,-0.5515455303306553,-2.777770673623059,-0.1242976188659668,-0.1242976188659668
1998-05-20,4.375,4.375,4.25,4.25,4.22613000869751,-0.571475560875441,-2.8571463019327337,-0.124298095703125,-0.124298095703125
1998-05-21,4.25,4.25,4.125,4.25,4.22613000869751,-0.5316154997858695,0.0,0.0,0.0
1998-05-22,4.25,4.375,4.25,4.375,4.350428104400635,-0.5132798716846666,2.94118012099287,0.124298095703125,0.124298095703125
1998-05-26,4.375,4.5,4.375,4.375,4.350428104400635,-0.4805946215912179,0.0,0.0,0.0
1998-05-27,4.25,4.25,4.25,4.25,4.22613000869751,-0.5866223840894782,-2.8571463019327337,-0.124298095703125,-0.124298095703125
1998-05-28,4.25,4.375,4.25,4.375,4.350428104400635,-0.4630561947118065,2.94118012099287,0.124298095703125,0.124298095703125
1998-05-29,4.25,4.25,4.25,4.25,4.22613000869751,-0.5850279816458954,-2.8571463019327337,-0.124298095703125,-0.124298095703125
1998-06-01,4.125,4.125,4.0,4.125,4.101832389831543,0.2161592462544925,-2.941168837924024,-0.1242976188659668,-0.1242976188659668
1998-06-02,4.125,4.125,4.125,4.125,4.101832389831543,-0.595391597529184,0.0,0.0,0.0
1998-06-03,4.125,4.125,4.125,4.125,4.101832389831543,-0.5874195853112697,0.0,0.0,0.0
1998-06-04,4.125,4.125,4.125,4.125,4.101832389831543,-0.578650371871564,0.0,0.0,0.0
1998-06-05,4.125,4.25,4.0,4.25,4.22613000869751,-0.5555315364396124,3.0302949280448743,0.1242976188659668,0.1242976188659668
1998-06-08,4.125,4.125,4.125,4.125,4.101832389831543,-0.5571259388831953,-2.941168837924024,-0.1242976188659668,-0.1242976188659668
1998-06-09,4.125,4.125,3.875,4.0,3.977534055709839,-0.4351541519491064,-3.030312365513521,-0.1242983341217041,-0.1242983341217041
1998-06-10,4.0,4.125,4.0,4.125,4.101832389831543,-0.5356015058948267,3.1250099277785104,0.1242983341217041,0.1242983341217041
1998-06-11,4.125,4.125,4.0,4.125,4.111800193786621,-0.5778531706497725,0.2430085631921041,0.0099678039550781,0.009967803955078125
1998-06-12,4.125,4.125,4.0,4.125,4.111800193786621,-0.5794475730933554,0.0,0.0,0.0
1998-06-15,4.125,4.125,3.875,4.0,3.9872000217437744,-0.5475595242216982,-3.0303070716113822,-0.1246001720428466,-0.12460017204284668
1998-06-16,4.125,4.125,4.125,4.125,4.111800193786621,-0.3442732126648833,3.1250042978369086,0.1246001720428466,0.12460017204284668
1998-06-17,4.125,4.125,4.0,4.125,4.111800193786621,-0.565895152322901,0.0,0.0,0.0
1998-06-18,4.125,4.125,3.875,4.125,4.111800193786621,-0.4821890240348008,0.0,0.0,0.0
1998-06-19,4.125,4.25,4.0,4.25,4.236400127410889,-0.5674895547664839,3.0303012732124435,0.1245999336242675,0.12459993362426758
1998-06-22,4.0,4.0,4.0,4.0,3.9872000217437744,-0.3347067980033861,-5.882355258529726,-0.2492001056671142,-0.24920010566711426
1998-06-23,4.0,4.125,4.0,4.125,4.111800193786621,-0.5611119449921524,3.1250042978369086,0.1246001720428466,0.12460017204284668
1998-06-24,4.0,4.0,4.0,4.0,3.9872000217437744,-0.2350566452794572,-3.0303070716113822,-0.1246001720428466,-0.12460017204284668
1998-06-25,4.0,4.0,3.875,4.0,3.9872000217437744,-0.3442732126648833,0.0,0.0,0.0
1998-06-26,4.0,4.0,4.0,4.0,3.9872000217437744,-0.5124826704628752,0.0,0.0,0.0
1998-06-29,4.0,4.125,3.875,4.0,3.9872000217437744,-0.2996299442445632,0.0,0.0,0.0
1998-06-30,4.0,4.125,3.75,4.125,4.111800193786621,-0.0947492302441654,3.1250042978369086,0.1246001720428466,0.12460017204284668
1998-07-01,4.125,4.125,3.875,4.125,4.111800193786621,-0.3490564199956318,0.0,0.0,0.0
1998-07-02,4.125,4.125,3.875,4.125,4.111800193786621,0.135641922853558,0.0,0.0,0.0
1998-07-06,4.125,4.125,3.75,4.125,4.111800193786621,-0.301224346688146,0.0,0.0,0.0
1998-07-07,4.125,4.125,3.875,4.125,4.111800193786621,-0.3905108835287862,0.0,0.0,0.0
1998-07-08,3.875,3.875,3.625,3.875,3.862600088119507,-0.3187627735675575,-6.060608344823826,-0.2492001056671142,-0.24920010566711426
1998-07-09,3.875,3.875,3.75,3.875,3.862600088119507,-0.2645530904857402,0.0,0.0,0.0
1998-07-10,3.875,3.875,3.625,3.75,3.73799991607666,-0.4168185238479034,-3.225810832089216,-0.1246001720428466,-0.12460017204284668
1998-07-13,3.75,3.875,3.75,3.875,3.862600088119507,-0.5603147437703611,3.3333380107088084,0.1246001720428466,0.12460017204284668
1998-07-14,3.75,3.75,3.625,3.75,3.73799991607666,-0.4558813837156836,-3.225810832089216,-0.1246001720428466,-0.12460017204284668
1998-07-15,3.75,3.875,3.625,3.875,3.862600088119507,-0.5643007498793182,3.3333380107088084,0.1246001720428466,0.12460017204284668
1998-07-16,3.875,3.875,3.75,3.875,3.862600088119507,-0.5858251828676868,0.0,0.0,0.0
1998-07-17,3.75,3.75,3.625,3.75,3.73799991607666,-0.4829862252565922,-3.225810832089216,-0.1246001720428466,-0.12460017204284668
1998-07-20,3.75,3.875,3.75,3.875,3.862600088119507,-0.5284266948987038,3.3333380107088084,0.1246001720428466,0.12460017204284668
1998-07-21,3.875,3.875,3.75,3.75,3.73799991607666,-0.4216017311786521,-3.225810832089216,-0.1246001720428466,-0.12460017204284668
1998-07-22,3.75,3.75,3.625,3.75,3.73799991607666,-0.5571259388831953,0.0,0.0,0.0
1998-07-23,3.75,3.75,3.75,3.75,3.73799991607666,-0.5730699633190239,0.0,0.0,0.0
1998-07-24,3.75,3.75,3.75,3.75,3.73799991607666,-0.5220490851243723,0.0,0.0,0.0
1998-07-27,3.875,4.0,3.875,4.0,3.9872000217437744,-0.0054626934035251,6.6666696431783246,0.2492001056671142,0.24920010566711426
1998-07-28,4.0,4.0,3.75,4.0,3.9872000217437744,-0.3538396273263804,0.0,0.0,0.0
1998-07-29,4.0,4.375,4.0,4.375,4.361000061035156,-0.0094486995124823,9.37500093431236,0.3738000392913818,0.37380003929138184
1998-07-30,4.25,4.25,4.125,4.125,4.111800193786621,-0.5627063474357353,-5.714282590250264,-0.2491998672485351,-0.24919986724853516
1998-07-31,4.125,4.25,3.875,4.25,4.236400127410889,-0.5475595242216982,3.0303012732124435,0.1245999336242675,0.12459993362426758
1998-08-03,4.25,4.25,3.875,4.25,4.236400127410889,-0.4997274509142123,0.0,0.0,0.0
1998-08-04,4.25,4.25,4.125,4.125,4.111800193786621,-0.5124826704628752,-2.941174815335912,-0.1245999336242675,-0.12459993362426758
1998-08-05,4.0,4.0,4.0,4.0,3.9872000217437744,-0.5092938655757094,-3.0303070716113822,-0.1246001720428466,-0.12460017204284668
1998-08-06,4.0,4.125,4.0,4.125,4.111800193786621,-0.491755438696298,3.1250042978369086,0.1246001720428466,0.12460017204284668
1998-08-07,4.0,4.0,4.0,4.0,3.9872000217437744,-0.4829862252565922,-3.0303070716113822,-0.1246001720428466,-0.12460017204284668
1998-08-10,4.0,4.125,3.625,4.125,4.111800193786621,-0.5053078594667523,3.1250042978369086,0.1246001720428466,0.12460017204284668
1998-08-11,4.0,4.0,3.875,3.875,3.862600088119507,-0.5802447743151468,-6.060608344823826,-0.2492001056671142,-0.24920010566711426
1998-08-12,3.875,4.0,3.875,4.0,3.9872000217437744,-0.5682867559882754,3.225804659599873,0.1245999336242675,0.12459993362426758
1998-08-13,4.0,4.0,3.875,4.0,3.9872000217437744,-0.537993109560201,0.0,0.0,0.0
1998-08-14,4.0,4.0,3.875,4.0,3.9872000217437744,-0.5284266948987038,0.0,0.0,0.0
1998-08-17,4.0,4.0,3.875,4.0,3.9872000217437744,-0.4845806277001751,0.0,0.0,0.0
1998-08-18,4.0,4.0,4.0,4.0,3.9872000217437744,-0.5834335792023125,0.0,0.0,0.0
1998-08-19,4.0,4.0,3.875,3.875,3.862600088119507,-0.5794475730933554,-3.124998318237737,-0.1245999336242675,-0.12459993362426758
1998-08-20,3.875,4.0,3.875,3.875,3.862600088119507,-0.5810419755369383,0.0,0.0,0.0
1998-08-21,3.875,4.0,3.875,3.875,3.862600088119507,-0.5738671645408153,0.0,0.0,0.0
1998-08-24,3.875,3.875,3.875,3.875,3.862600088119507,-0.595391597529184,0.0,0.0,0.0
1998-08-25,3.875,3.875,3.875,3.875,3.862600088119507,-0.5914055914202269,0.0,0.0,0.0
1998-08-26,3.875,3.875,3.875,3.875,3.862600088119507,-0.595391597529184,0.0,0.0,0.0
1998-08-27,3.875,3.875,3.875,3.875,3.862600088119507,-0.5826363779805211,0.0,0.0,0.0
1998-08-28,3.75,3.75,3.75,3.75,3.73799991607666,-0.5252378900115381,-3.225810832089216,-0.1246001720428466,-0.12460017204284668
1998-08-31,3.625,3.625,3.625,3.625,3.6133999824523926,-0.5595175425485696,-3.3333316324695272,-0.1245999336242675,-0.12459993362426758
1998-09-01,3.625,3.625,3.5,3.625,3.6133999824523926,-0.4231961336222349,0.0,0.0,0.0
1998-09-02,3.625,3.75,3.25,3.625,3.6133999824523926,-0.3514480236610061,0.0,0.0,0.0
1998-09-03,3.625,3.625,3.5,3.625,3.6133999824523926,-0.5754615669843982,0.0,0.0,0.0
1998-09-04,3.625,3.625,3.5,3.625,3.6133999824523926,-0.5499511278870725,0.0,0.0,0.0
1998-09-08,3.625,3.625,3.375,3.5,3.488800048828125,-0.5459651217781153,-3.4482740418818048,-0.1245999336242675,-0.12459993362426758
1998-09-09,3.5,3.5,3.5,3.5,3.488800048828125,-0.5674895547664839,0.0,0.0,0.0
1998-09-10,3.5,3.5,3.25,3.5,3.488800048828125,-0.502916255801378,0.0,0.0,0.0
1998-09-11,3.375,3.375,3.375,3.375,3.3642001152038574,-0.5945943963073925,-3.5714266189064148,-0.1245999336242675,-0.12459993362426758
1998-09-14,3.5,3.5,3.5,3.5,3.488800048828125,-0.5555315364396124,3.7037016038719672,0.1245999336242675,0.12459993362426758
1998-09-15,3.5,3.5,3.375,3.5,3.488800048828125,-0.4901610362527151,0.0,0.0,0.0
1998-09-16,3.5,3.5,3.25,3.5,3.488800048828125,-0.5674895547664839,0.0,0.0,0.0
1998-09-17,3.5,3.5,3.25,3.375,3.3642001152038574,-0.3929024871941605,-3.5714266189064148,-0.1245999336242675,-0.12459993362426758
1998-09-18,3.375,3.5,3.25,3.5,3.488800048828125,-0.2294762367269172,3.7037016038719672,0.1245999336242675,0.12459993362426758
1998-09-21,3.5,3.625,3.125,3.625,3.6133999824523926,-0.1465673096606084,3.5714266189064148,0.1245999336242675,0.12459993362426758
1998-09-22,3.625,3.625,3.5,3.625,3.6133999824523926,-0.5116854692410837,0.0,0.0,0.0
1998-09-23,3.5,3.5,3.5,3.5,3.488800048828125,-0.549153926665281,-3.4482740418818048,-0.1245999336242675,-0.12459993362426758
1998-09-24,3.5,3.5,3.25,3.5,3.488800048828125,-0.5555315364396124,0.0,0.0,0.0
1998-09-25,3.5,3.5,3.5,3.5,3.488800048828125,-0.595391597529184,0.0,0.0,0.0
1998-09-28,3.5,3.5,3.5,3.5,3.488800048828125,-0.595391597529184,0.0,0.0,0.0
1998-09-29,3.5,3.5,3.375,3.5,3.488800048828125,-0.5571259388831953,0.0,0.0,0.0
1998-09-30,3.375,3.375,3.375,3.375,3.3642001152038574,-0.5906083901984354,-3.5714266189064148,-0.1245999336242675,-0.12459993362426758
1998-10-01,3.375,3.5,3.0,3.0,2.990400075912476,-0.4144269201825292,-11.111111898547998,-0.3738000392913814,-0.3738000392913814
1998-10-02,3.0,3.5,3.0,3.375,3.3642001152038574,-0.3378956028905518,12.500000996599825,0.3738000392913814,0.3738000392913814
1998-10-05,3.375,3.375,3.375,3.375,3.3642001152038574,-0.5858251828676868,0.0,0.0,0.0
1998-10-06,3.375,3.375,3.25,3.375,3.3642001152038574,-0.5515455303306553,0.0,0.0,0.0
1998-10-07,3.25,3.25,3.125,3.25,3.2395999431610107,-0.4813918228130094,-3.703708690804097,-0.1246001720428466,-0.12460017204284668
1998-10-08,3.25,3.25,3.125,3.25,3.2395999431610107,-0.543573518112741,0.0,0.0,0.0
1998-10-09,3.25,3.25,3.0,3.25,3.2395999431610107,-0.3442732126648833,0.0,0.0,0.0
1998-10-12,3.25,3.375,3.25,3.25,3.2395999431610107,-0.5874195853112697,0.0,0.0,0.0
1998-10-13,3.25,3.25,3.125,3.25,3.2395999431610107,-0.4933498411398808,0.0,0.0,0.0
1998-10-14,3.25,3.375,3.125,3.375,3.3642001152038574,-0.5674895547664839,3.846159224254997,0.1246001720428466,0.12460017204284668
1998-10-15,3.25,3.25,3.25,3.25,3.2395999431610107,-0.5858251828676868,-3.703708690804097,-0.1246001720428466,-0.12460017204284668
1998-10-16,3.25,3.25,3.125,3.25,3.2395999431610107,-0.5172658777936238,0.0,0.0,0.0
1998-10-19,3.25,3.25,3.125,3.25,3.2395999431610107,-0.5682867559882754,0.0,0.0,0.0
1998-10-20,3.25,3.25,3.125,3.25,3.2395999431610107,-0.5850279816458954,0.0,0.0,0.0
1998-10-21,3.25,3.375,3.25,3.25,3.2395999431610107,-0.5045106582449609,0.0,0.0,0.0
1998-10-22,3.25,3.25,3.125,3.125,3.115000009536743,-0.5818391767587296,-3.84615186474816,-0.1245999336242675,-0.12459993362426758
1998-10-23,3.125,3.25,3.125,3.25,3.2395999431610107,-0.5228462863461638,3.999997856911652,0.1245999336242675,0.12459993362426758
1998-10-26,3.375,3.625,3.375,3.625,3.6133999824523926,-0.5746643657626068,11.538462953751315,0.3738000392913818,0.37380003929138184
1998-10-27,3.5,3.5,3.25,3.25,3.2395999431610107,-0.5507483291088638,-10.344828723823872,-0.3738000392913818,-0.37380003929138184
1998-10-28,3.25,3.25,3.25,3.25,3.2395999431610107,-0.5794475730933554,0.0,0.0,0.0
1998-10-29,3.25,3.25,3.0,3.25,3.2395999431610107,-0.5643007498793182,0.0,0.0,0.0
1998-10-30,3.25,3.375,3.125,3.375,3.3642001152038574,-0.5746643657626068,3.846159224254997,0.1246001720428466,0.12460017204284668
1998-11-02,3.25,3.25,3.125,3.125,3.115000009536743,-0.5371959083384096,-7.407410294676053,-0.2492001056671142,-0.24920010566711426
1998-11-03,3.125,3.25,3.125,3.125,3.115000009536743,-0.5371959083384096,0.0,0.0,0.0
1998-11-04,3.125,3.125,3.125,3.125,3.115000009536743,-0.5922027926420182,0.0,0.0,0.0
1998-11-05,3.125,3.125,3.125,3.125,3.115000009536743,-0.589811188976644,0.0,0.0,0.0
1998-11-06,3.25,3.25,3.25,3.25,3.2395999431610107,-0.5834335792023125,3.999997856911652,0.1245999336242675,0.12459993362426758
1998-11-09,3.25,3.25,3.25,3.25,3.2395999431610107,-0.595391597529184,0.0,0.0,0.0
1998-11-10,3.25,3.25,3.125,3.25,3.2395999431610107,-0.5061050606885438,0.0,0.0,0.0
1998-11-11,3.25,3.25,3.125,3.25,3.2395999431610107,-0.5188602802372067,0.0,0.0,0.0
1998-11-12,3.25,3.25,3.125,3.25,3.2395999431610107,-0.5061050606885438,0.0,0.0,0.0
1998-11-13,3.25,3.25,3.125,3.25,3.2395999431610107,-0.5818391767587296,0.0,0.0,0.0
1998-11-16,3.25,3.25,3.25,3.25,3.2395999431610107,-0.5945943963073925,0.0,0.0,0.0
1998-11-17,3.125,3.125,3.125,3.125,3.115000009536743,-0.5794475730933554,-3.84615186474816,-0.1245999336242675,-0.12459993362426758
1998-11-18,3.125,3.125,3.125,3.125,3.115000009536743,-0.5882167865330611,0.0,0.0,0.0
1998-11-19,3.125,3.25,3.125,3.125,3.115000009536743,-0.5627063474357353,0.0,0.0,0.0
1998-11-20,3.125,3.125,3.125,3.125,3.115000009536743,-0.578650371871564,0.0,0.0,0.0
1998-11-23,3.125,3.25,3.125,3.125,3.115000009536743,-0.4208045299568606,0.0,0.0,0.0
1998-11-24,3.125,3.375,3.0,3.25,3.2395999431610107,-0.4933498411398808,3.999997856911652,0.1245999336242675,0.12459993362426758
1998-11-25,3.25,3.25,3.25,3.25,3.2395999431610107,-0.595391597529184,0.0,0.0,0.0
1998-11-27,3.25,3.25,3.125,3.25,3.2395999431610107,-0.5706783596536497,0.0,0.0,0.0
1998-11-30,3.25,3.375,3.25,3.375,3.3642001152038574,-0.5555315364396124,3.846159224254997,0.1246001720428466,0.12460017204284668
1998-12-01,3.375,3.375,3.375,3.375,3.3642001152038574,-0.5882167865330611,0.0,0.0,0.0
1998-12-02,3.25,3.25,3.25,3.25,3.2395999431610107,-0.5794475730933554,-3.703708690804097,-0.1246001720428466,-0.12460017204284668
1998-12-03,3.375,3.375,3.375,3.375,3.3642001152038574,-0.5316154997858695,3.846159224254997,0.1246001720428466,0.12460017204284668
1998-12-04,3.375,3.375,3.25,3.25,3.2395999431610107,-0.5300210973422866,-3.703708690804097,-0.1246001720428466,-0.12460017204284668
1998-12-07,3.25,3.375,3.25,3.25,3.2395999431610107,-0.5666923535446925,0.0,0.0,0.0
1998-12-08,3.125,3.125,3.0,3.0,2.990400075912476,-0.393699688415952,-7.692303729496308,-0.2491998672485347,-0.2491998672485347
1998-12-09,3.0,3.125,2.875,3.125,3.115000009536743,-0.4423289629452293,4.166664341267024,0.1245999336242671,0.12459993362426713
1998-12-10,3.125,3.125,2.875,3.125,3.115000009536743,-0.5459651217781153,0.0,0.0,0.0
1998-12-11,3.125,3.125,2.875,3.125,3.115000009536743,-0.5037134570231695,0.0,0.0,0.0
1998-12-14,3.125,3.125,3.0,3.125,3.115000009536743,-0.4813918228130094,0.0,0.0,0.0
1998-12-15,3.125,3.125,3.125,3.125,3.115000009536743,-0.595391597529184,0.0,0.0,0.0
1998-12-16,3.125,3.125,3.0,3.0,2.990400075912476,-0.5172658777936238,-3.999997856911641,-0.1245999336242671,-0.12459993362426713
1998-12-17,3.0,3.125,2.875,3.0,2.990400075912476,-0.3833360725326634,0.0,0.0,0.0
1998-12-18,3.0,3.125,3.0,3.125,3.115000009536743,-0.5507483291088638,4.166664341267024,0.1245999336242671,0.12459993362426713
1998-12-21,3.125,3.125,3.0,3.125,3.115000009536743,-0.5666923535446925,0.0,0.0,0.0
1998-12-22,3.125,3.25,3.0,3.125,3.115000009536743,-0.3434760114430918,0.0,0.0,0.0
1998-12-23,3.125,3.25,3.125,3.25,3.2395999431610107,-0.5140770729064581,3.999997856911652,0.1245999336242675,0.12459993362426758
1998-12-24,3.125,3.125,3.125,3.125,3.115000009536743,-0.5929999938638097,-3.84615186474816,-0.1245999336242675,-0.12459993362426758
1998-12-28,3.125,3.125,3.0,3.125,3.115000009536743,-0.526832292455121,0.0,0.0,0.0
1998-12-29,3.125,3.125,3.0,3.0,3.0,-0.5316154997858695,-3.691814099026147,-0.1150000095367431,-0.11500000953674316
1998-12-30,3.0,3.375,3.0,3.25,3.25,-0.3618116395442947,8.333333333333325,0.25,0.25
1998-12-31,3.25,3.375,3.125,3.25,3.25,-0.4550841824938921,0.0,0.0,0.0
1999-01-04,3.25,3.375,3.25,3.375,3.375,-0.5698811584318582,3.846153846153855,0.125,0.125
1999-01-05,3.375,3.375,3.375,3.375,3.375,-0.595391597529184,0.0,0.0,0.0
1999-01-06,3.25,3.25,3.0,3.0,3.0,-0.353042426104589,-11.111111111111116,-0.375,-0.375
1999-01-07,3.0,3.125,3.0,3.0,3.0,-0.4558813837156836,0.0,0.0,0.0
1999-01-08,3.0,3.125,3.0,3.0,3.0,-0.5371959083384096,0.0,0.0,0.0
1999-01-11,3.0,3.25,3.0,3.125,3.125,-0.5603147437703611,4.166666666666674,0.125,0.125
1999-01-12,3.0,3.0,3.0,3.0,3.0,-0.5914055914202269,-4.000000000000004,-0.125,-0.125
1999-01-13,3.0,3.0,3.0,3.0,3.0,-0.5698811584318582,0.0,0.0,0.0
1999-01-14,3.0,3.0,3.0,3.0,3.0,-0.5929999938638097,0.0,0.0,0.0
1999-01-15,3.0,3.125,3.0,3.125,3.125,-0.5579231401049868,4.166666666666674,0.125,0.125
1999-01-19,3.0,3.0,3.0,3.0,3.0,-0.4750142130386779,-4.000000000000004,-0.125,-0.125
1999-01-20,3.0,3.125,3.0,3.125,3.125,-0.571475560875441,4.166666666666674,0.125,0.125
1999-01-21,3.125,3.125,3.125,3.125,3.125,-0.595391597529184,0.0,0.0,0.0
1999-01-22,3.125,3.125,3.125,3.125,3.125,-0.5914055914202269,0.0,0.0,0.0
1999-01-25,3.125,3.125,3.0,3.0,3.0,-0.5523427315524467,-4.000000000000004,-0.125,-0.125
1999-01-26,3.0,3.0,3.0,3.0,3.0,-0.5834335792023125,0.0,0.0,0.0
1999-01-27,3.0,3.375,2.875,3.0,3.0,-0.1601197304310627,0.0,0.0,0.0
1999-01-28,3.0,3.0,2.875,3.0,3.0,-0.5403847132255752,0.0,0.0,0.0
1999-01-29,3.0,3.125,2.875,3.125,3.125,-0.5451679205563238,4.166666666666674,0.125,0.125
1999-02-01,3.125,3.125,3.0,3.0,3.0,-0.4861750301437579,-4.000000000000004,-0.125,-0.125
1999-02-02,2.875,2.875,2.875,2.875,2.875,-0.5945943963073925,-4.166666666666663,-0.125,-0.125
1999-02-03,2.75,2.75,2.75,2.75,2.75,-0.5403847132255752,-4.347826086956519,-0.125,-0.125
1999-02-04,2.75,2.75,2.5,2.5,2.5,-0.1800497609758485,-9.090909090909092,-0.25,-0.25
1999-02-05,2.5,2.75,2.5,2.75,2.75,-0.462258993490015,10.000000000000009,0.25,0.25
1999-02-08,2.75,2.875,2.75,2.875,2.875,-0.5722727620972325,4.545454545454541,0.125,0.125
1999-02-09,2.875,2.875,2.75,2.875,2.875,-0.5300210973422866,0.0,0.0,0.0
1999-02-10,2.875,3.0,2.75,3.0,3.0,-0.5778531706497725,4.347826086956519,0.125,0.125
1999-02-11,3.0,3.125,2.875,3.125,3.125,-0.5746643657626068,4.166666666666674,0.125,0.125
1999-02-12,3.125,3.125,3.0,3.125,3.125,-0.5866223840894782,0.0,0.0,0.0
1999-02-16,3.125,3.125,3.0,3.0,3.0,-0.5937971950856011,-4.000000000000004,-0.125,-0.125
1999-02-17,3.0,3.0,2.5,3.0,3.0,-0.4208045299568606,0.0,0.0,0.0
1999-02-18,2.875,2.875,2.75,2.75,2.75,-0.5730699633190239,-8.333333333333337,-0.25,-0.25
1999-02-19,2.875,3.0,2.875,3.0,3.0,-0.4813918228130094,9.090909090909085,0.25,0.25
1999-02-22,3.0,3.0,3.0,3.0,3.0,-0.5794475730933554,0.0,0.0,0.0
1999-02-23,3.0,3.125,2.875,3.125,3.125,-0.5770559694279811,4.166666666666674,0.125,0.125
1999-02-24,3.125,3.125,2.875,3.125,3.125,-0.5627063474357353,0.0,0.0,0.0
1999-02-25,3.0,3.0,2.75,3.0,3.0,-0.4200073287350692,-4.000000000000004,-0.125,-0.125
1999-02-26,3.0,3.0,3.0,3.0,3.0,-0.5148742741282495,0.0,0.0,0.0
1999-03-01,3.0,3.0,2.875,3.0,3.0,-0.5563287376614039,0.0,0.0,0.0
1999-03-02,3.0,3.0,3.0,3.0,3.0,-0.5945943963073925,0.0,0.0,0.0
1999-03-03,2.875,2.875,2.875,2.875,2.875,-0.5929999938638097,-4.166666666666663,-0.125,-0.125
1999-03-04,2.875,3.0,2.875,3.0,3.0,-0.4646505971553893,4.347826086956519,0.125,0.125
1999-03-05,2.875,2.875,2.75,2.75,2.75,-0.5706783596536497,-8.333333333333337,-0.25,-0.25
1999-03-08,2.75,2.875,2.75,2.75,2.75,-0.5300210973422866,0.0,0.0,0.0
1999-03-09,2.75,2.75,2.625,2.75,2.75,-0.5308182985640781,0.0,0.0,0.0
1999-03-10,2.75,3.0,2.625,3.0,3.0,-0.3060075540188946,9.090909090909085,0.25,0.25
1999-03-11,3.0,3.0,2.875,3.0,3.0,-0.2677418953729059,0.0,0.0,0.0
1999-03-12,2.875,2.875,2.75,2.875,2.875,-0.4120353165171549,-4.166666666666663,-0.125,-0.125
1999-03-15,2.875,2.875,2.75,2.875,2.875,-0.3681892493186262,0.0,0.0,0.0
1999-03-16,2.875,2.875,2.875,2.875,2.875,-0.5005246521360037,0.0,0.0,0.0
1999-03-17,2.875,2.875,2.75,2.875,2.875,-0.5890139877548526,0.0,0.0,0.0
1999-03-18,2.75,2.75,2.75,2.75,2.75,-0.4710282069297208,-4.347826086956519,-0.125,-0.125
1999-03-19,2.75,2.75,2.75,2.75,2.75,-0.5922027926420182,0.0,0.0,0.0
1999-03-22,2.75,2.75,2.75,2.75,2.75,-0.5937971950856011,0.0,0.0,0.0
1999-03-23,2.75,3.125,2.625,3.125,3.125,-0.4231961336222349,13.636363636363647,0.375,0.375
1999-03-24,2.75,2.75,2.625,2.75,2.75,-0.2900635295830659,-12.0,-0.375,-0.375
1999-03-25,2.75,2.875,2.625,2.875,2.875,-0.4008744994120748,4.545454545454541,0.125,0.125
1999-03-26,2.75,2.75,2.625,2.75,2.75,-0.3833360725326634,-4.347826086956519,-0.125,-0.125
1999-03-29,2.75,2.875,2.625,2.875,2.875,-0.5866223840894782,4.545454545454541,0.125,0.125
1999-03-30,2.875,2.875,2.625,2.875,2.875,-0.5794475730933554,0.0,0.0,0.0
1999-03-31,2.875,3.0,2.625,3.0,3.0,-0.5762587682061896,4.347826086956519,0.125,0.125
1999-04-01,2.75,2.75,2.75,2.75,2.75,-0.5427763168909495,-8.333333333333337,-0.25,-0.25
1999-04-05,2.75,2.75,2.625,2.75,2.75,-0.5746643657626068,0.0,0.0,0.0
1999-04-06,2.75,2.75,2.625,2.625,2.625,-0.2645530904857402,-4.545454545454541,-0.125,-0.125
1999-04-07,2.75,2.75,2.75,2.75,2.75,-0.571475560875441,4.761904761904767,0.125,0.125
1999-04-08,2.75,2.75,2.625,2.75,2.75,-0.5643007498793182,0.0,0.0,0.0
1999-04-09,2.625,2.625,2.625,2.625,2.625,-0.5674895547664839,-4.545454545454541,-0.125,-0.125
1999-04-12,2.625,2.625,2.5,2.625,2.625,-0.4949442435834637,0.0,0.0,0.0
1999-04-13,2.625,2.625,2.5,2.5,2.5,-0.5515455303306553,-4.761904761904767,-0.125,-0.125
1999-04-14,2.5,2.5,2.5,2.5,2.5,-0.4941470423616723,0.0,0.0,0.0
1999-04-15,2.5,2.625,2.5,2.5,2.5,-0.5363987071166181,0.0,0.0,0.0
1999-04-16,2.5,2.5,2.5,2.5,2.5,-0.578650371871564,0.0,0.0,0.0
1999-04-19,2.5,2.5,2.5,2.5,2.5,-0.4542869812721007,0.0,0.0,0.0
1999-04-20,2.5,2.5,2.5,2.5,2.5,-0.5794475730933554,0.0,0.0,0.0
1999-04-21,2.5,2.5,2.5,2.5,2.5,-0.5467623229999067,0.0,0.0,0.0
1999-04-22,2.5,2.625,2.5,2.625,2.625,-0.5308182985640781,5.000000000000004,0.125,0.125
1999-04-23,2.625,2.75,2.625,2.625,2.625,-0.5834335792023125,0.0,0.0,0.0
1999-04-26,2.625,2.75,2.625,2.625,2.625,-0.5603147437703611,0.0,0.0,0.0
1999-04-27,2.625,2.625,2.5,2.5,2.5,-0.4542869812721007,-4.761904761904767,-0.125,-0.125
1999-04-28,2.5,2.5,2.25,2.25,2.25,-0.3004271454663546,-9.999999999999998,-0.25,-0.25
1999-04-29,2.25,2.25,2.125,2.25,2.25,-0.4598673898246407,0.0,0.0,0.0
1999-04-30,2.25,2.25,1.75,2.125,2.125,1.3593457983034043,-5.555555555555558,-0.125,-0.125
1999-05-03,2.125,2.125,1.625,1.625,1.625,0.5780886009478021,-23.529411764705888,-0.5,-0.5
1999-05-04,1.75,2.0,1.75,1.875,1.875,1.1241714378749323,15.384615384615374,0.25,0.25
1999-05-05,1.875,2.0,1.875,2.0,2.0,-0.4702310057079293,6.666666666666665,0.125,0.125
1999-05-06,1.875,1.875,1.625,1.75,1.75,1.4111638777198474,-12.5,-0.25,-0.25
1999-05-07,1.75,1.75,1.75,1.75,1.75,-0.4758114142604693,0.0,0.0,0.0
1999-05-10,1.75,1.875,1.75,1.75,1.75,0.0559218006744149,0.0,0.0,0.0
1999-05-11,1.75,1.875,1.75,1.875,1.875,-0.3410844077777175,7.14285714285714,0.125,0.125
1999-05-12,1.875,2.0,1.875,2.0,2.0,0.0583134043397892,6.666666666666665,0.125,0.125
1999-05-13,2.0,2.0,1.875,2.0,2.0,-0.4463149690541864,0.0,0.0,0.0
1999-05-14,2.0,2.0,1.875,2.0,2.0,-0.4503009751631436,0.0,0.0,0.0
1999-05-17,2.0,2.0,2.0,2.0,2.0,-0.4766086154822608,0.0,0.0,0.0
1999-05-18,2.0,2.0,1.875,2.0,2.0,-0.3873220786416205,0.0,0.0,0.0
1999-05-19,2.0,2.0,2.0,2.0,2.0,-0.4957414448052551,0.0,0.0,0.0
1999-05-20,2.0,2.0,2.0,2.0,2.0,-0.5937971950856011,0.0,0.0,0.0
1999-05-21,2.0,2.0,1.875,2.0,2.0,-0.4032661030774491,0.0,0.0,0.0
1999-05-24,2.0,2.125,1.875,2.125,2.125,-0.4837834264783837,6.25,0.125,0.125
1999-05-25,2.0,2.0,1.75,2.0,2.0,-0.4447205666106035,-5.882352941176472,-0.125,-0.125
1999-05-26,2.0,2.0,1.75,2.0,2.0,-0.4718254081515122,0.0,0.0,0.0
1999-05-27,2.0,2.0,1.875,2.0,2.0,-0.5802447743151468,0.0,0.0,0.0
1999-05-28,2.0,2.0,1.875,2.0,2.0,-0.5459651217781153,0.0,0.0,0.0
1999-06-01,2.0,2.0,1.875,2.0,2.0,-0.589811188976644,0.0,0.0,0.0
1999-06-02,2.0,2.0,1.875,2.0,2.0,-0.4957414448052551,0.0,0.0,0.0
1999-06-03,1.875,1.875,1.75,1.75,1.75,-0.5690839572100668,-12.5,-0.25,-0.25
1999-06-04,1.75,1.875,1.75,1.875,1.875,0.2137676425891183,7.14285714285714,0.125,0.125
1999-06-07,1.875,1.875,1.75,1.75,1.75,-0.0102459007342737,-6.666666666666665,-0.125,-0.125
1999-06-08,1.75,1.875,1.75,1.75,1.75,-0.4750142130386779,0.0,0.0,0.0
1999-06-09,1.75,2.0,1.625,2.0,2.0,0.0072925261451377,14.28571428571428,0.25,0.25
1999-06-10,2.0,2.0,1.75,2.0,2.0,-0.4383429568362721,0.0,0.0,0.0
1999-06-11,2.0,2.0,1.875,2.0,2.0,-0.5587203413267782,0.0,0.0,0.0
1999-06-14,1.875,1.875,1.75,1.75,1.75,-0.4805946215912179,-12.5,-0.25,-0.25
1999-06-15,1.625,1.625,1.125,1.25,1.25,-0.116273663232534,-28.57142857142857,-0.5,-0.5
1999-06-16,1.25,1.375,1.125,1.25,1.25,0.0407749774603777,0.0,0.0,0.0
1999-06-17,1.25,1.5,1.25,1.25,1.25,-0.1433785047734427,0.0,0.0,0.0
1999-06-18,1.25,1.25,1.25,1.25,1.25,-0.5371959083384096,0.0,0.0,0.0
1999-06-21,1.25,1.375,0.875,1.25,1.25,0.0304113615770891,0.0,0.0,0.0
1999-06-22,1.25,1.25,1.25,1.25,1.25,-0.5922027926420182,0.0,0.0,0.0
1999-06-23,1.25,1.25,1.25,1.25,1.25,-0.5635035486575267,0.0,0.0,0.0
1999-06-24,1.25,1.375,1.25,1.375,1.375,-0.4710282069297208,10.000000000000009,0.125,0.125
1999-06-25,1.375,1.5,1.375,1.5,1.5,-0.537993109560201,9.090909090909085,0.125,0.125
1999-06-28,1.5,1.5,1.375,1.375,1.375,-0.1003296387967054,-8.333333333333337,-0.125,-0.125
1999-06-29,1.375,1.5,1.375,1.375,1.375,-0.4223989324004435,0.0,0.0,0.0
1999-06-30,1.375,1.5,1.375,1.5,1.5,-0.5284266948987038,9.090909090909085,0.125,0.125
1999-07-01,1.5,1.625,1.5,1.5,1.5,-0.5132798716846666,0.0,0.0,0.0
1999-07-02,1.5,1.5,1.0,1.125,1.125,0.0439637823475435,-25.0,-0.375,-0.375
1999-07-06,1.125,1.125,1.125,1.125,1.125,-0.595391597529184,0.0,0.0,0.0
1999-07-07,1.125,1.125,1.125,1.125,1.125,-0.595391597529184,0.0,0.0,0.0
1999-07-08,1.0,1.25,1.0,1.25,1.25,-0.4861750301437579,11.111111111111116,0.125,0.125
1999-07-09,1.0,1.125,1.0,1.125,1.125,0.511123698317322,-9.999999999999998,-0.125,-0.125
1999-07-12,1.125,1.125,1.125,1.125,1.125,-0.595391597529184,0.0,0.0,0.0
1999-07-13,1.0,1.5,1.0,1.5,1.5,-0.5539371339960296,33.33333333333333,0.375,0.375
1999-07-14,1.3125,1.3125,1.3125,1.3125,1.3125,-0.5698811584318582,-12.5,-0.1875,-0.1875
1999-07-15,1.5,1.75,1.4375,1.75,1.75,-0.5156714753500409,33.33333333333333,0.4375,0.4375
1999-07-16,1.4375,1.4375,1.4375,1.4375,1.4375,-0.5858251828676868,-17.85714285714286,-0.3125,-0.3125
1999-07-19,1.5,1.5,1.5,1.5,1.5,0.1659355692816324,4.347826086956519,0.0625,0.0625
1999-07-20,1.5,1.625,1.5,1.625,1.625,-0.3857276761980376,8.333333333333325,0.125,0.125
1999-07-21,1.625,1.625,1.625,1.625,1.625,-0.5571259388831953,0.0,0.0,0.0
1999-07-22,1.75,2.0,1.625,1.625,1.625,-0.4391401580580635,0.0,0.0,0.0
1999-07-23,1.6875,1.6875,1.6875,1.6875,1.6875,-0.5156714753500409,3.846153846153855,0.0625,0.0625
1999-07-26,1.8125,1.875,1.625,1.875,1.875,-0.5228462863461638,11.111111111111116,0.1875,0.1875
1999-07-27,1.6875,1.6875,1.4375,1.5,1.5,-0.4981330484706294,-20.0,-0.375,-0.375
1999-07-28,1.4375,1.5625,1.4375,1.5,1.5,-0.4000772981902834,0.0,0.0,0.0
1999-07-29,1.3125,1.3125,1.3125,1.3125,1.3125,-0.5929999938638097,-12.5,-0.1875,-0.1875
1999-07-30,1.3125,1.5625,1.25,1.5625,1.5625,-0.2557838770460344,19.047619047619047,0.25,0.25
1999-08-02,1.375,1.75,1.375,1.625,1.625,-0.5356015058948267,4.000000000000004,0.0625,0.0625
1999-08-03,1.375,1.375,1.375,1.375,1.375,-0.5571259388831953,-15.384615384615383,-0.25,-0.25
1999-08-04,1.75,1.8125,1.4375,1.625,1.625,-0.5523427315524467,18.181818181818187,0.25,0.25
1999-08-05,1.625,1.625,1.375,1.375,1.375,-0.4957414448052551,-15.384615384615383,-0.25,-0.25
1999-08-06,1.375,1.375,1.375,1.375,1.375,-0.595391597529184,0.0,0.0,0.0
1999-08-09,1.5,1.5,1.375,1.375,1.375,-0.5794475730933554,0.0,0.0,0.0
1999-08-10,1.5,1.5,1.375,1.375,1.375,-0.5340071034512438,0.0,0.0,0.0
1999-08-11,1.375,1.875,1.375,1.875,1.875,-0.4463149690541864,36.36363636363635,0.5,0.5
1999-08-12,1.875,2.0,1.75,1.75,1.75,-0.0915604253569997,-6.666666666666665,-0.125,-0.125
1999-08-13,1.75,1.75,1.75,1.75,1.75,-0.5914055914202269,0.0,0.0,0.0
1999-08-16,1.75,1.75,1.75,1.75,1.75,-0.3761612615365405,0.0,0.0,0.0
1999-08-17,1.625,1.625,1.625,1.625,1.625,-0.5929999938638097,-7.14285714285714,-0.125,-0.125
1999-08-18,1.75,1.75,1.625,1.625,1.625,-0.578650371871564,0.0,0.0,0.0
1999-08-19,1.5625,1.6875,1.5625,1.625,1.625,-0.5363987071166181,0.0,0.0,0.0
1999-08-20,1.75,1.875,1.75,1.75,1.75,-0.369783651762209,7.692307692307687,0.125,0.125
1999-08-23,1.65625,1.65625,1.625,1.625,1.625,-0.5627063474357353,-7.14285714285714,-0.125,-0.125
1999-08-24,1.75,1.78125,1.59375,1.78125,1.78125,-0.4558813837156836,9.615384615384626,0.15625,0.15625
1999-08-25,1.75,1.875,1.75,1.78125,1.78125,-0.3873220786416205,0.0,0.0,0.0
1999-08-26,1.78125,1.78125,1.625,1.625,1.625,-0.312385163793226,-8.771929824561408,-0.15625,-0.15625
1999-08-27,1.625,1.75,1.625,1.75,1.75,-0.4192101275132778,7.692307692307687,0.125,0.125
1999-08-30,1.75,1.75,1.75,1.75,1.75,-0.595391597529184,0.0,0.0,0.0
1999-09-01,1.4375,1.5625,1.1875,1.25,1.25,-0.1633085353182284,-28.57142857142857,-0.5,-0.5
1999-09-02,1.3125,1.3125,1.25,1.3125,1.3125,-0.4479093714977692,5.000000000000004,0.0625,0.0625
1999-09-03,1.34375,1.4375,1.34375,1.4375,1.4375,-0.5316154997858695,9.523809523809534,0.125,0.125
1999-09-07,1.25,1.25,1.1875,1.1875,1.1875,0.361249868620533,-17.391304347826086,-0.25,-0.25
1999-09-08,1.1875,1.1875,1.1875,1.1875,1.1875,-0.595391597529184,0.0,0.0,0.0
1999-09-09,1.1875,1.25,1.1875,1.25,1.25,-0.5866223840894782,5.263157894736836,0.0625,0.0625
1999-09-10,1.25,1.5,1.25,1.375,1.375,-0.3705808529840005,10.000000000000009,0.125,0.125
1999-09-13,1.40625,1.40625,1.375,1.375,1.375,-0.5395875120037839,0.0,0.0,0.0
1999-09-14,1.375,1.5,1.375,1.5,1.5,0.5900466192746736,9.090909090909085,0.125,0.125
1999-09-15,1.4375,1.5,1.4375,1.5,1.5,-0.2374482489448315,0.0,0.0,0.0
1999-09-16,1.5,1.5,1.5,1.5,1.5,-0.5284266948987038,0.0,0.0,0.0
1999-09-17,1.625,1.625,1.5625,1.5625,1.5625,-0.5236434875679552,4.166666666666674,0.0625,0.0625
1999-09-20,1.625,1.8125,1.625,1.75,1.75,-0.497335847248838,12.00000000000001,0.1875,0.1875
1999-09-21,1.75,1.75,1.65625,1.75,1.75,-0.4893638350309237,0.0,0.0,0.0
1999-09-22,1.6875,1.6875,1.6875,1.6875,1.6875,0.0009149163708062,-3.57142857142857,-0.0625,-0.0625
1999-09-23,1.6875,1.9375,1.5,1.5,1.5,0.2081872340365782,-11.111111111111116,-0.1875,-0.1875
1999-09-24,1.625,1.625,1.625,1.625,1.625,-0.571475560875441,8.333333333333325,0.125,0.125
1999-09-27,1.5,1.625,1.5,1.53125,1.53125,-0.5387903107819924,-5.769230769230771,-0.09375,-0.09375
1999-09-28,1.53125,1.53125,1.53125,1.53125,1.53125,-0.595391597529184,0.0,0.0,0.0
1999-09-29,1.625,1.75,1.625,1.625,1.625,-0.5403847132255752,6.122448979591844,0.09375,0.09375
1999-09-30,1.625,2.0,1.625,1.9375,1.9375,0.0662854165577035,19.23076923076923,0.3125,0.3125
1999-10-01,1.8125,1.8125,1.75,1.75,1.75,-0.4821890240348008,-9.677419354838712,-0.1875,-0.1875
1999-10-04,1.75,1.875,1.75,1.75,1.75,-0.5403847132255752,0.0,0.0,0.0
1999-10-05,1.875,1.875,1.6875,1.6875,1.6875,-0.5706783596536497,-3.57142857142857,-0.0625,-0.0625
1999-10-06,1.6875,1.6875,1.6875,1.6875,1.6875,-0.5874195853112697,0.0,0.0,0.0
1999-10-07,1.6875,1.6875,1.65625,1.65625,1.65625,-0.554734335217821,-1.851851851851849,-0.03125,-0.03125
1999-10-08,1.6875,1.6875,1.625,1.625,1.625,-0.5348043046730352,-1.8867924528301885,-0.03125,-0.03125
1999-10-11,1.625,1.625,1.625,1.625,1.625,-0.595391597529184,0.0,0.0,0.0
1999-10-12,1.5,1.5,1.5,1.5,1.5,-0.5922027926420182,-7.692307692307687,-0.125,-0.125
1999-10-13,1.5,1.5,1.4375,1.4375,1.4375,-0.5076994631321265,-4.166666666666663,-0.0625,-0.0625
1999-10-14,1.4375,1.4375,1.4375,1.4375,1.4375,-0.595391597529184,0.0,0.0,0.0
1999-10-15,1.28125,1.28125,1.25,1.28125,1.28125,-0.5236434875679552,-10.869565217391308,-0.15625,-0.15625
1999-10-18,1.25,1.25,1.15625,1.15625,1.15625,-0.5539371339960296,-9.756097560975608,-0.125,-0.125
1999-10-19,1.15625,1.15625,1.15625,1.15625,1.15625,-0.595391597529184,0.0,0.0,0.0
1999-10-20,1.25,1.25,1.25,1.25,1.25,-0.5914055914202269,8.108108108108114,0.09375,0.09375
1999-10-21,1.25,1.3125,1.0,1.15625,1.15625,0.5198929117570277,-7.499999999999996,-0.09375,-0.09375
1999-10-22,1.15625,1.15625,1.0,1.03125,1.03125,2.719371082679585,-10.81081081081081,-0.125,-0.125
1999-10-25,1.125,1.25,1.125,1.1875,1.1875,-0.5515455303306553,15.15151515151516,0.15625,0.15625
1999-10-26,1.25,1.25,1.1875,1.1875,1.1875,-0.4957414448052551,0.0,0.0,0.0
1999-10-27,1.125,1.1875,1.125,1.15625,1.15625,-0.4120353165171549,-2.631578947368418,-0.03125,-0.03125
1999-10-28,1.1875,1.1875,1.0625,1.125,1.125,-0.2366510477230401,-2.7027027027026973,-0.03125,-0.03125
1999-10-29,1.15625,1.1875,1.125,1.125,1.125,-0.491755438696298,0.0,0.0,0.0
1999-11-01,1.125,1.125,1.0625,1.0625,1.0625,-0.4646505971553893,-5.555555555555558,-0.0625,-0.0625
1999-11-02,1.15625,1.15625,1.0625,1.125,1.125,-0.2964411393573974,5.882352941176472,0.0625,0.0625
1999-11-03,1.125,1.125,1.0625,1.0625,1.0625,-0.4614617922682236,-5.555555555555558,-0.0625,-0.0625
1999-11-04,1.0625,1.0625,1.0625,1.0625,1.0625,-0.595391597529184,0.0,0.0,0.0
1999-11-05,1.0625,1.0625,1.0625,1.0625,1.0625,-0.5874195853112697,0.0,0.0,0.0
1999-11-08,1.03125,1.09375,0.9375,1.0,1.0,-0.4718254081515122,-5.882352941176472,-0.0625,-0.0625
1999-11-09,0.9375,1.125,0.9375,1.0,1.0,-0.4582729873810579,0.0,0.0,0.0
1999-11-10,1.03125,1.125,1.03125,1.03125,1.03125,-0.4319653470619407,3.125,0.03125,0.03125
1999-11-11,1.0,1.0625,1.0,1.0,1.0,-0.5260350912333295,-3.030303030303028,-0.03125,-0.03125
1999-11-12,1.0,1.09375,1.0,1.09375,1.09375,-0.3570284322135462,9.375,0.09375,0.09375
1999-11-15,1.0,1.0,0.875,0.875,0.875,-0.3833360725326634,-20.0,-0.21875,-0.21875
1999-11-16,1.03125,1.03125,0.90625,0.96875,0.96875,-0.5244406887897467,10.71428571428572,0.09375,0.09375
1999-11-17,1.03125,1.03125,0.90625,1.0,1.0,-0.5371959083384096,3.2258064516129004,0.03125,0.03125
1999-11-18,0.96875,1.03125,0.96875,1.03125,1.03125,-0.4758114142604693,3.125,0.03125,0.03125
1999-11-19,0.90625,0.90625,0.90625,0.90625,0.90625,-0.1808469621976399,-12.12121212121212,-0.125,-0.125
1999-11-22,0.90625,0.96875,0.875,0.875,0.875,-0.2581754807114088,-3.4482758620689613,-0.03125,-0.03125
1999-11-23,0.875,0.875,0.75,0.84375,0.84375,0.6179486620373738,-3.57142857142857,-0.03125,-0.03125
1999-11-24,0.8125,0.8125,0.78125,0.8125,0.8125,-0.5244406887897467,-3.703703703703709,-0.03125,-0.03125
1999-11-26,0.8125,0.8125,0.75,0.75,0.75,-0.5635035486575267,-7.692307692307687,-0.0625,-0.0625
1999-11-29,0.75,0.8125,0.71875,0.75,0.75,-0.4032661030774491,0.0,0.0,0.0
1999-11-30,0.71875,0.78125,0.6875,0.78125,0.78125,0.2400752829082355,4.166666666666674,0.03125,0.03125
1999-12-01,0.8125,0.8125,0.625,0.625,0.625,-0.3857276761980376,-20.0,-0.15625,-0.15625
1999-12-02,0.625,0.625,0.5,0.5625,0.5625,0.30943178920409,-9.999999999999998,-0.0625,-0.0625
1999-12-03,0.5625,0.5625,0.375,0.5625,0.5625,0.3971239236011473,0.0,0.0,0.0
1999-12-06,0.46875,0.59375,0.46875,0.5625,0.5625,0.1770963863867124,0.0,0.0,0.0
1999-12-07,0.5625,0.65625,0.5625,0.65625,0.65625,-0.3060075540188946,16.666666666666675,0.09375,0.09375
1999-12-08,0.65625,0.8125,0.625,0.625,0.625,0.3740050881691958,-4.761904761904767,-0.03125,-0.03125
1999-12-09,0.625,0.6875,0.5625,0.5625,0.5625,-0.3275319870072632,-9.999999999999998,-0.0625,-0.0625
1999-12-10,0.59375,0.625,0.5625,0.625,0.625,-0.2446230599409544,11.111111111111116,0.0625,0.0625
1999-12-13,0.625,0.625,0.625,0.625,0.625,-0.5730699633190239,0.0,0.0,0.0
1999-12-14,0.625,0.6875,0.625,0.6875,0.6875,-0.2637558892639488,10.000000000000009,0.0625,0.0625
1999-12-15,0.625,0.625,0.625,0.625,0.625,-0.5914055914202269,-9.090909090909092,-0.0625,-0.0625
1999-12-16,0.625,0.78125,0.5625,0.625,0.625,2.508909960126647,0.0,0.0,0.0
1999-12-17,0.625,0.75,0.5625,0.75,0.75,-0.0676443887032567,20.0,0.125,0.125
1999-12-20,0.625,0.78125,0.625,0.71875,0.71875,-0.3171683711239746,-4.166666666666663,-0.03125,-0.03125
1999-12-21,0.8125,0.8125,0.75,0.8125,0.8125,-0.5037134570231695,13.043478260869556,0.09375,0.09375
1999-12-22,0.8125,0.875,0.75,0.875,0.875,-0.2836859198087345,7.692307692307687,0.0625,0.0625
1999-12-23,0.875,0.875,0.75,0.8125,0.8125,-0.2071546025167571,-7.14285714285714,-0.0625,-0.0625
1999-12-27,0.78125,0.875,0.78125,0.78125,0.78125,-0.4192101275132778,-3.846153846153844,-0.03125,-0.03125
1999-12-28,0.78125,0.875,0.6875,0.75,0.75,5.339771498708018,-4.000000000000004,-0.03125,-0.03125
1999-12-29,0.75,1.0625,0.75,1.03125,1.03125,0.6235290705899137,37.5,0.28125,0.28125
1999-12-30,0.9375,1.5,0.9375,1.25,1.25,0.9416123580846946,21.21212121212121,0.21875,0.21875
1999-12-31,1.125,1.40625,1.125,1.40625,1.40625,0.3381310331885815,12.5,0.15625,0.15625
2000-01-03,1.46875,1.5,1.25,1.5,1.5,-0.1354064925555284,6.666666666666665,0.09375,0.09375
2000-01-04,1.3125,1.3125,1.28125,1.3125,1.3125,-0.5363987071166181,-12.5,-0.1875,-0.1875
2000-01-05,1.3125,1.5625,1.28125,1.5625,1.5625,-0.3833360725326634,19.047619047619047,0.25,0.25
2000-01-06,1.375,1.375,1.375,1.375,1.375,-0.5890139877548526,-12.0,-0.1875,-0.1875
2000-01-07,1.375,1.375,1.375,1.375,1.375,-0.589811188976644,0.0,0.0,0.0
2000-01-10,1.375,1.46875,1.375,1.375,1.375,-0.5499511278870725,0.0,0.0,0.0
2000-01-11,1.375,1.375,1.375,1.375,1.375,-0.5906083901984354,0.0,0.0,0.0
2000-01-12,1.46875,1.46875,1.375,1.375,1.375,-0.5611119449921524,0.0,0.0,0.0
2000-01-13,1.375,1.375,1.3125,1.34375,1.34375,-0.543573518112741,-2.2727272727272707,-0.03125,-0.03125
2000-01-14,1.34375,1.34375,1.34375,1.34375,1.34375,-0.5611119449921524,0.0,0.0,0.0
2000-01-18,1.1875,1.1875,1.1875,1.1875,1.1875,-0.5834335792023125,-11.627906976744184,-0.15625,-0.15625
2000-01-19,1.1875,1.1875,1.1875,1.1875,1.1875,-0.5874195853112697,0.0,0.0,0.0
2000-01-20,1.375,1.4375,1.3125,1.375,1.375,-0.4184129262914863,15.789473684210533,0.1875,0.1875
2000-01-21,1.375,1.375,1.3125,1.375,1.375,-0.4718254081515122,0.0,0.0,0.0
2000-01-24,1.3125,1.3125,1.1875,1.1875,1.1875,-0.5037134570231695,-13.636363636363637,-0.1875,-0.1875
2000-01-25,1.1875,1.1875,1.15625,1.15625,1.15625,1.2270103954860268,-2.631578947368418,-0.03125,-0.03125
2000-01-26,1.15625,1.15625,1.15625,1.15625,1.15625,-0.5579231401049868,0.0,0.0,0.0
2000-01-27,1.15625,1.15625,1.15625,1.15625,1.15625,-0.5874195853112697,0.0,0.0,0.0
2000-01-28,1.15625,1.15625,1.15625,1.15625,1.15625,-0.595391597529184,0.0,0.0,0.0
2000-01-31,1.15625,1.15625,1.125,1.125,1.125,-0.571475560875441,-2.7027027027026973,-0.03125,-0.03125
2000-02-01,1.21875,1.21875,1.21875,1.21875,1.21875,-0.5834335792023125,8.333333333333325,0.09375,0.09375
2000-02-02,1.21875,1.21875,1.21875,1.21875,1.21875,-0.595391597529184,0.0,0.0,0.0
2000-02-03,1.21875,1.21875,1.21875,1.21875,1.21875,-0.5794475730933554,0.0,0.0,0.0
2000-02-04,1.0625,1.0625,1.0625,1.0625,1.0625,-0.5834335792023125,-12.82051282051282,-0.15625,-0.15625
2000-02-07,1.0625,1.0625,1.0625,1.0625,1.0625,-0.5945943963073925,0.0,0.0,0.0
2000-02-08,1.0625,1.0625,1.0625,1.0625,1.0625,-0.5674895547664839,0.0,0.0,0.0
2000-02-09,1.1875,1.1875,1.1875,1.1875,1.1875,-0.589811188976644,11.764705882352944,0.125,0.125
2000-02-10,1.125,1.125,0.875,0.96875,0.96875,-0.3929024871941605,-18.42105263157895,-0.21875,-0.21875
2000-02-11,1.09375,1.09375,1.03125,1.03125,1.03125,-0.4901610362527151,6.451612903225801,0.0625,0.0625
2000-02-14,0.90625,1.09375,0.90625,1.09375,1.09375,-0.3761612615365405,6.060606060606055,0.0625,0.0625
2000-02-15,1.125,1.125,1.125,1.125,1.125,-0.5515455303306553,2.857142857142847,0.03125,0.03125
2000-02-16,1.125,1.15625,1.0625,1.15625,1.15625,-0.5053078594667523,2.777777777777768,0.03125,0.03125
2000-02-17,1.0625,1.25,1.0625,1.25,1.25,-0.4255877372876092,8.108108108108114,0.09375,0.09375
2000-02-18,1.25,1.25,1.25,1.25,1.25,-0.595391597529184,0.0,0.0,0.0
2000-02-22,1.3125,1.375,1.3125,1.375,1.375,-0.2446230599409544,10.000000000000009,0.125,0.125
2000-02-23,1.375,1.375,1.375,1.375,1.375,-0.5475595242216982,0.0,0.0,0.0
2000-02-24,1.375,1.375,1.3125,1.375,1.375,-0.4391401580580635,0.0,0.0,0.0
2000-02-25,1.375,1.40625,1.375,1.40625,1.40625,-0.4487065727195607,2.2727272727272707,0.03125,0.03125
2000-02-28,1.3125,1.4375,1.125,1.40625,1.40625,-0.3450704138866747,0.0,0.0,0.0
2000-02-29,1.3125,1.4375,1.3125,1.4375,1.4375,-0.20874900496034,2.2222222222222143,0.03125,0.03125
2000-03-01,1.375,1.4375,1.375,1.4375,1.4375,-0.3386928041123432,0.0,0.0,0.0
2000-03-02,1.375,1.390625,1.375,1.375,1.375,-0.571475560875441,-4.347826086956519,-0.0625,-0.0625
2000-03-03,1.375,1.4375,1.3125,1.34375,1.34375,-0.2924551332484403,-2.2727272727272707,-0.03125,-0.03125
2000-03-06,1.34375,1.375,1.3125,1.375,1.375,-0.4160213226261121,2.3255813953488413,0.03125,0.03125
2000-03-07,1.3125,1.3125,1.09375,1.09375,1.09375,-0.3626088407660862,-20.45454545454546,-0.28125,-0.28125
2000-03-08,1.125,1.1875,1.125,1.1875,1.1875,-0.5076994631321265,8.571428571428562,0.09375,0.09375
2000-03-09,1.125,1.1875,1.125,1.125,1.125,-0.456678584937475,-5.263157894736848,-0.0625,-0.0625
2000-03-10,1.0625,1.15625,1.0625,1.09375,1.09375,-0.5555315364396124,-2.777777777777779,-0.03125,-0.03125
2000-03-13,1.15625,1.15625,1.0625,1.0625,1.0625,-0.4255877372876092,-2.857142857142858,-0.03125,-0.03125
2000-03-14,1.0625,1.15625,1.0625,1.0625,1.0625,-0.3570284322135462,0.0,0.0,0.0
2000-03-15,1.03125,1.0625,1.0,1.0,1.0,-0.4040633042992406,-5.882352941176472,-0.0625,-0.0625
2000-03-16,1.0625,1.0625,0.875,1.03125,1.03125,-0.4279793409529835,3.125,0.03125,0.03125
2000-03-17,0.875,0.875,0.84375,0.875,0.875,0.3054457830951328,-15.151515151515149,-0.15625,-0.15625
2000-03-20,0.875,0.875,0.8125,0.8125,0.8125,-0.4550841824938921,-7.14285714285714,-0.0625,-0.0625
2000-03-21,0.8125,0.8125,0.75,0.8125,0.8125,0.0312085627988806,0.0,0.0,0.0
2000-03-22,0.75,0.8125,0.75,0.8125,0.8125,-0.5220490851243723,0.0,0.0,0.0
2000-03-23,0.8125,0.8125,0.75,0.75,0.75,-0.5164686765718324,-7.692307692307687,-0.0625,-0.0625
2000-03-24,0.875,0.90625,0.875,0.875,0.875,-0.3602172371007119,16.666666666666675,0.125,0.125
2000-03-27,0.78125,0.78125,0.78125,0.78125,0.78125,-0.4518953776067264,-10.71428571428571,-0.09375,-0.09375
2000-03-28,0.78125,0.78125,0.78125,0.78125,0.78125,-0.595391597529184,0.0,0.0,0.0
2000-03-29,0.875,0.875,0.78125,0.78125,0.78125,-0.554734335217821,0.0,0.0,0.0
2000-03-30,0.78125,0.875,0.78125,0.78125,0.78125,-0.5324127010076609,0.0,0.0,0.0
2000-03-31,0.75,0.875,0.6875,0.8125,0.8125,-0.2366510477230401,4.000000000000004,0.03125,0.03125
2000-04-03,0.8125,0.8125,0.8125,0.8125,0.8125,-0.5937971950856011,0.0,0.0,0.0
2000-04-04,0.8125,0.8125,0.65625,0.65625,0.65625,-0.4726226093733036,-19.23076923076923,-0.15625,-0.15625
2000-04-05,0.65625,0.65625,0.65625,0.65625,0.65625,-0.5937971950856011,0.0,0.0,0.0
2000-04-06,0.796875,0.796875,0.796875,0.796875,0.796875,-0.5236434875679552,21.42857142857142,0.140625,0.140625
2000-04-07,0.8125,0.8125,0.71875,0.71875,0.71875,-0.5866223840894782,-9.80392156862745,-0.078125,-0.078125
2000-04-10,0.71875,0.71875,0.71875,0.71875,0.71875,-0.571475560875441,0.0,0.0,0.0
2000-04-11,0.75,0.8125,0.625,0.8125,0.8125,-0.1019240412402883,13.043478260869556,0.09375,0.09375
2000-04-12,0.75,0.875,0.75,0.8125,0.8125,0.0543273982308321,0.0,0.0,0.0
2000-04-13,0.6875,0.6875,0.6875,0.6875,0.6875,-0.571475560875441,-15.384615384615383,-0.125,-0.125
2000-04-14,0.75,0.78125,0.6875,0.75,0.75,-0.2637558892639488,9.090909090909085,0.0625,0.0625
2000-04-17,0.71875,0.75,0.71875,0.71875,0.71875,-0.4040633042992406,-4.166666666666663,-0.03125,-0.03125
2000-04-18,0.71875,0.71875,0.71875,0.71875,0.71875,-0.571475560875441,0.0,0.0,0.0
2000-04-19,0.71875,0.875,0.71875,0.875,0.875,-0.5371959083384096,21.739130434782616,0.15625,0.15625
2000-04-20,0.71875,0.71875,0.71875,0.71875,0.71875,-0.571475560875441,-17.85714285714286,-0.15625,-0.15625
2000-04-24,0.71875,0.75,0.71875,0.75,0.75,-0.5076994631321265,4.347826086956519,0.03125,0.03125
2000-04-25,0.71875,0.71875,0.71875,0.71875,0.71875,-0.571475560875441,-4.166666666666663,-0.03125,-0.03125
2000-04-26,0.875,1.0,0.875,1.0,1.0,0.113320288643398,39.13043478260869,0.28125,0.28125
2000-04-27,0.875,1.0,0.8125,0.84375,0.84375,-0.2996299442445632,-15.625,-0.15625,-0.15625
2000-04-28,0.875,0.875,0.8125,0.8125,0.8125,-0.2940495356920231,-3.703703703703709,-0.03125,-0.03125
2000-05-01,0.8125,0.8125,0.8125,0.8125,0.8125,-0.4359513531708978,0.0,0.0,0.0
2000-05-02,0.78125,0.78125,0.65625,0.65625,0.65625,-0.4989302496924208,-19.23076923076923,-0.15625,-0.15625
2000-05-03,0.75,0.75,0.75,0.75,0.75,-0.5132798716846666,14.28571428571428,0.09375,0.09375
2000-05-04,0.75,0.75,0.75,0.75,0.75,-0.595391597529184,0.0,0.0,0.0
2000-05-05,0.75,0.75,0.75,0.75,0.75,-0.595391597529184,0.0,0.0,0.0
2000-05-08,0.65625,0.75,0.65625,0.75,0.75,-0.5140770729064581,0.0,0.0,0.0
2000-05-09,0.75,0.75,0.75,0.75,0.75,-0.595391597529184,0.0,0.0,0.0
2000-05-10,0.6875,0.6875,0.6875,0.6875,0.6875,-0.5802447743151468,-8.333333333333337,-0.0625,-0.0625
2000-05-11,0.6875,0.6875,0.6875,0.6875,0.6875,-0.595391597529184,0.0,0.0,0.0
2000-05-12,0.6875,0.6875,0.6875,0.6875,0.6875,-0.595391597529184,0.0,0.0,0.0
2000-05-15,0.6875,0.6875,0.6875,0.6875,0.6875,-0.595391597529184,0.0,0.0,0.0
2000-05-16,0.6875,0.6875,0.65625,0.6875,0.6875,-0.2621614868203659,0.0,0.0,0.0
2000-05-17,0.6875,0.6875,0.6875,0.6875,0.6875,-0.595391597529184,0.0,0.0,0.0
2000-05-18,0.6875,0.6875,0.6875,0.6875,0.6875,-0.595391597529184,0.0,0.0,0.0
2000-05-19,0.65625,0.703125,0.65625,0.65625,0.65625,-0.3761612615365405,-4.545454545454541,-0.03125,-0.03125
2000-05-22,0.703125,0.703125,0.65625,0.6875,0.6875,-0.5356015058948267,4.761904761904767,0.03125,0.03125
2000-05-23,0.75,0.75,0.625,0.625,0.625,-0.5395875120037839,-9.090909090909092,-0.0625,-0.0625
2000-05-24,0.8125,0.8125,0.8125,0.8125,0.8125,-0.5914055914202269,30.000000000000004,0.1875,0.1875
2000-05-25,0.625,0.625,0.625,0.625,0.625,-0.5922027926420182,-23.076923076923077,-0.1875,-0.1875
2000-05-26,0.65625,0.65625,0.65625,0.65625,0.65625,-0.5555315364396124,5.000000000000004,0.03125,0.03125
2000-05-30,0.65625,0.65625,0.65625,0.65625,0.65625,-0.595391597529184,0.0,0.0,0.0
2000-05-31,0.8125,0.875,0.75,0.875,0.875,-0.5172658777936238,33.33333333333333,0.21875,0.21875
2000-06-01,0.515625,0.75,0.515625,0.75,0.75,-0.4885666338091322,-14.28571428571429,-0.125,-0.125
2000-06-02,0.8125,0.8125,0.625,0.6875,0.6875,-0.5236434875679552,-8.333333333333337,-0.0625,-0.0625
2000-06-05,0.625,0.625,0.625,0.625,0.625,-0.5316154997858695,-9.090909090909092,-0.0625,-0.0625
2000-06-06,0.625,0.625,0.625,0.625,0.625,-0.595391597529184,0.0,0.0,0.0
2000-06-07,1.0,1.0,0.625,0.625,0.625,-0.5929999938638097,0.0,0.0,0.0
2000-06-08,0.625,0.625,0.625,0.625,0.625,-0.595391597529184,0.0,0.0,0.0
2000-06-09,0.625,0.625,0.625,0.625,0.625,-0.5914055914202269,0.0,0.0,0.0
2000-06-12,0.625,0.625,0.625,0.625,0.625,-0.5866223840894782,0.0,0.0,0.0
2000-06-13,0.875,0.875,0.625,0.625,0.625,-0.5834335792023125,0.0,0.0,0.0
2000-06-14,0.875,0.875,0.6875,0.6875,0.6875,-0.4837834264783837,10.000000000000009,0.0625,0.0625
2000-06-15,0.75,0.75,0.75,0.75,0.75,-0.5595175425485696,9.090909090909085,0.0625,0.0625
2000-06-16,0.75,0.75,0.75,0.75,0.75,-0.595391597529184,0.0,0.0,0.0
2000-06-19,0.75,0.75,0.75,0.75,0.75,-0.595391597529184,0.0,0.0,0.0
2000-06-20,0.65625,0.65625,0.65625,0.65625,0.65625,-0.5754615669843982,-12.5,-0.09375,-0.09375
2000-06-21,0.625,0.625,0.625,0.625,0.625,-0.5754615669843982,-4.761904761904767,-0.03125,-0.03125
2000-06-22,0.6875,0.6875,0.625,0.65625,0.65625,-0.571475560875441,5.000000000000004,0.03125,0.03125
2000-06-23,0.65625,0.65625,0.65625,0.65625,0.65625,-0.595391597529184,0.0,0.0,0.0
2000-06-26,0.65625,0.65625,0.65625,0.65625,0.65625,-0.595391597529184,0.0,0.0,0.0
2000-06-27,0.75,0.75,0.625,0.625,0.625,-0.5507483291088638,-4.761904761904767,-0.03125,-0.03125
2000-06-28,0.75,0.75,0.625,0.625,0.625,-0.5778531706497725,0.0,0.0,0.0
2000-06-29,0.625,0.65625,0.625,0.625,0.625,-0.4678394020425551,0.0,0.0,0.0
2000-06-30,0.6875,0.875,0.6875,0.75,0.75,-0.4200073287350692,20.0,0.125,0.125
2000-07-03,0.875,0.875,0.875,0.875,0.875,-0.5356015058948267,16.666666666666675,0.125,0.125
2000-07-05,0.875,0.875,0.875,0.875,0.875,-0.595391597529184,0.0,0.0,0.0
2000-07-06,0.875,0.875,0.875,0.875,0.875,-0.595391597529184,0.0,0.0,0.0
2000-07-07,0.875,0.875,0.875,0.875,0.875,-0.595391597529184,0.0,0.0,0.0
2000-07-10,0.875,1.0625,0.8125,0.953125,0.953125,-0.2294762367269172,8.92857142857142,0.078125,0.078125
2000-07-11,1.0625,1.5,1.0625,1.3125,1.3125,-0.3458676151084661,37.704918032786885,0.359375,0.359375
2000-07-12,1.40625,1.4375,1.1875,1.4375,1.4375,-0.2517978709370773,9.523809523809534,0.125,0.125
2000-07-13,1.5,1.5,1.4375,1.4375,1.4375,-0.4797974203694265,0.0,0.0,0.0
2000-07-14,1.3125,1.375,1.3125,1.375,1.375,-0.4758114142604693,-4.347826086956519,-0.0625,-0.0625
2000-07-17,1.3125,1.4375,1.28125,1.4375,1.4375,-0.4375457556144806,4.545454545454541,0.0625,0.0625
2000-07-18,1.4375,1.5625,1.3125,1.4375,1.4375,-0.2055602000731743,0.0,0.0,0.0
2000-07-19,1.375,1.4375,1.375,1.375,1.375,-0.5635035486575267,-4.347826086956519,-0.0625,-0.0625
2000-07-20,1.375,1.375,1.375,1.375,1.375,-0.595391597529184,0.0,0.0,0.0
2000-07-21,1.375,1.5,1.375,1.375,1.375,-0.5475595242216982,0.0,0.0,0.0
2000-07-24,1.375,1.4375,1.3125,1.375,1.375,-0.3817416700890805,0.0,0.0,0.0
2000-07-25,1.375,1.375,1.25,1.375,1.375,-0.4447205666106035,0.0,0.0,0.0
2000-07-26,1.4375,1.4375,1.3125,1.3125,1.3125,-0.1720777487579342,-4.545454545454541,-0.0625,-0.0625
2000-07-27,1.3125,1.3125,1.28125,1.3125,1.3125,-0.3929024871941605,0.0,0.0,0.0
2000-07-28,1.1875,1.25,1.03125,1.25,1.25,-0.554734335217821,-4.761904761904767,-0.0625,-0.0625
2000-07-31,1.25,1.25,1.21875,1.25,1.25,-0.5587203413267782,0.0,0.0,0.0
2000-08-01,1.21875,1.21875,1.1875,1.1875,1.1875,-0.5698811584318582,-5.000000000000004,-0.0625,-0.0625
2000-08-02,1.1875,1.25,1.1875,1.25,1.25,-0.5499511278870725,5.263157894736836,0.0625,0.0625
2000-08-03,1.25,1.25,1.25,1.25,1.25,-0.595391597529184,0.0,0.0,0.0
2000-08-04,1.375,1.375,1.375,1.375,1.375,-0.5754615669843982,10.000000000000009,0.125,0.125
2000-08-07,1.375,1.375,1.375,1.375,1.375,-0.595391597529184,0.0,0.0,0.0
2000-08-08,1.375,1.375,1.375,1.375,1.375,-0.595391597529184,0.0,0.0,0.0
2000-08-09,1.375,1.375,1.0,1.0,1.0,-0.3737696578711662,-27.27272727272727,-0.375,-0.375
2000-08-10,1.0,1.03125,0.875,0.875,0.875,-0.5212518839025809,-12.5,-0.125,-0.125
2000-08-11,0.875,0.875,0.875,0.875,0.875,-0.595391597529184,0.0,0.0,0.0
2000-08-14,0.875,0.875,0.875,0.875,0.875,-0.5906083901984354,0.0,0.0,0.0
2000-08-15,0.9375,0.9375,0.8125,0.8125,0.8125,-0.5738671645408153,-7.14285714285714,-0.0625,-0.0625
2000-08-16,0.8125,0.8125,0.8125,0.8125,0.8125,-0.595391597529184,0.0,0.0,0.0
2000-08-17,0.8125,0.8125,0.8125,0.8125,0.8125,-0.595391597529184,0.0,0.0,0.0
2000-08-18,0.9375,1.0,0.9375,1.0,1.0,-0.5124826704628752,23.076923076923084,0.1875,0.1875
2000-08-21,1.0,1.0,1.0,1.0,1.0,-0.595391597529184,0.0,0.0,0.0
2000-08-22,1.0,1.0,1.0,1.0,1.0,-0.595391597529184,0.0,0.0,0.0
2000-08-23,1.0,1.0,1.0,1.0,1.0,-0.595391597529184,0.0,0.0,0.0
2000-08-24,1.0,1.0,1.0,1.0,1.0,-0.595391597529184,0.0,0.0,0.0
2000-08-25,1.0,1.0,1.0,1.0,1.0,-0.595391597529184,0.0,0.0,0.0
2000-08-28,1.03125,1.03125,1.0,1.0,1.0,-0.5069022619103352,0.0,0.0,0.0
2000-08-29,1.03125,1.03125,1.03125,1.03125,1.03125,-0.5834335792023125,3.125,0.03125,0.03125
2000-08-30,1.125,1.125,1.0625,1.0625,1.0625,-0.5674895547664839,3.030303030303028,0.03125,0.03125
2000-08-31,1.125,1.125,1.0,1.125,1.125,-0.5100910667975009,5.882352941176472,0.0625,0.0625
2000-09-01,1.125,1.1875,1.0,1.0,1.0,0.0168589408066348,-11.111111111111116,-0.125,-0.125
2000-09-05,0.9375,0.9375,0.9375,0.9375,0.9375,-0.5555315364396124,-6.25,-0.0625,-0.0625
2000-09-06,0.9375,0.9375,0.9375,0.9375,0.9375,-0.595391597529184,0.0,0.0,0.0
2000-09-07,1.0,1.0,0.875,0.875,0.875,-0.5794475730933554,-6.666666666666665,-0.0625,-0.0625
2000-09-08,0.875,0.875,0.875,0.875,0.875,-0.5778531706497725,0.0,0.0,0.0
2000-09-11,0.875,0.875,0.875,0.875,0.875,-0.595391597529184,0.0,0.0,0.0
2000-09-12,1.125,1.1875,1.125,1.1875,1.1875,-0.571475560875441,35.71428571428572,0.3125,0.3125
2000-09-13,1.0,1.0,0.9375,0.9375,0.9375,-0.5395875120037839,-21.052631578947366,-0.25,-0.25
2000-09-14,1.125,1.125,1.0,1.0625,1.0625,-0.4192101275132778,13.33333333333333,0.125,0.125
2000-09-15,1.0625,1.0625,1.0,1.0625,1.0625,-0.4319653470619407,0.0,0.0,0.0
2000-09-18,0.9375,1.0625,0.9375,1.0625,1.0625,-0.3506508224392147,0.0,0.0,0.0
2000-09-19,1.0,1.125,1.0,1.125,1.125,-0.4040633042992406,5.882352941176472,0.0625,0.0625
2000-09-20,1.125,1.125,1.03125,1.0625,1.0625,-0.3203571760111403,-5.555555555555558,-0.0625,-0.0625
2000-09-21,1.125,1.125,1.0625,1.0625,1.0625,-0.5579231401049868,0.0,0.0,0.0
2000-09-22,1.03125,1.03125,0.875,1.0,1.0,-0.2972383405791888,-5.882352941176472,-0.0625,-0.0625
2000-09-25,1.0,1.0,0.875,1.0,1.0,-0.5451679205563238,0.0,0.0,0.0
2000-09-26,1.03125,1.03125,0.875,0.875,0.875,-0.3578256334353376,-12.5,-0.125,-0.125
2000-09-27,0.875,0.875,0.875,0.875,0.875,-0.595391597529184,0.0,0.0,0.0
2000-09-28,1.03125,1.03125,0.9375,1.0,1.0,-0.3522452248827976,14.28571428571428,0.125,0.125
2000-09-29,0.875,0.875,0.875,0.875,0.875,-0.5523427315524467,-12.5,-0.125,-0.125
2000-10-02,0.875,0.875,0.875,0.875,0.875,-0.595391597529184,0.0,0.0,0.0
2000-10-03,0.875,0.875,0.875,0.875,0.875,-0.5643007498793182,0.0,0.0,0.0
2000-10-04,0.875,0.875,0.875,0.875,0.875,-0.595391597529184,0.0,0.0,0.0
2000-10-05,0.84375,1.0,0.84375,1.0,1.0,-0.5635035486575267,14.28571428571428,0.125,0.125
2000-10-06,0.84375,0.875,0.8125,0.875,0.875,-0.2812943161433602,-12.5,-0.125,-0.125
2000-10-09,0.75,0.875,0.75,0.875,0.875,-0.5124826704628752,0.0,0.0,0.0
2000-10-10,0.8125,0.84375,0.8125,0.84375,0.84375,-0.3944968896377434,-3.57142857142857,-0.03125,-0.03125
2000-10-11,0.78125,0.8125,0.78125,0.8125,0.8125,-0.1999797915206343,-3.703703703703709,-0.03125,-0.03125
2000-10-12,0.8125,0.8125,0.78125,0.78125,0.78125,-0.3506508224392147,-3.846153846153844,-0.03125,-0.03125
2000-10-13,0.8125,0.8125,0.75,0.78125,0.78125,-0.3155739686803918,0.0,0.0,0.0
2000-10-16,0.78125,0.8125,0.78125,0.8125,0.8125,-0.3952940908595349,4.000000000000004,0.03125,0.03125
2000-10-17,0.8125,0.8125,0.6875,0.6875,0.6875,-0.2749167063690288,-15.384615384615383,-0.125,-0.125
2000-10-18,0.6875,0.75,0.6875,0.71875,0.71875,-0.156930925543897,4.545454545454541,0.03125,0.03125
2000-10-19,0.75,0.75,0.6875,0.6875,0.6875,-0.1170708644543255,-4.347826086956519,-0.03125,-0.03125
2000-10-20,0.6875,0.6875,0.65625,0.6875,0.6875,0.0367889713514206,0.0,0.0,0.0
2000-10-23,0.6875,0.84375,0.65625,0.84375,0.84375,2.5216651796753102,22.72727272727273,0.15625,0.15625
2000-10-24,0.84375,0.96875,0.8125,0.96875,0.96875,1.0229268827074205,14.814814814814811,0.125,0.125
2000-10-25,0.90625,0.9375,0.90625,0.90625,0.90625,-0.2725251027036545,-6.451612903225811,-0.0625,-0.0625
2000-10-26,0.78125,0.8125,0.78125,0.78125,0.78125,-0.5698811584318582,-13.793103448275868,-0.125,-0.125
2000-10-27,0.9375,1.015625,0.765625,1.015625,1.015625,3.600278432759116,30.000000000000004,0.234375,0.234375
2000-10-30,1.03125,1.21875,1.03125,1.1875,1.1875,-0.1776581573104742,16.92307692307693,0.171875,0.171875
2000-10-31,1.21875,1.21875,1.21875,1.21875,1.21875,-0.589811188976644,2.631578947368429,0.03125,0.03125
2000-11-01,1.21875,1.25,1.1875,1.25,1.25,-0.4080493104081977,2.564102564102555,0.03125,0.03125
2000-11-02,1.25,1.28125,1.125,1.28125,1.28125,-0.4080493104081977,2.499999999999991,0.03125,0.03125
2000-11-03,1.28125,1.375,1.25,1.375,1.375,-0.3251403833418889,7.317073170731714,0.09375,0.09375
2000-11-06,1.375,1.375,1.21875,1.34375,1.34375,-0.5858251828676868,-2.2727272727272707,-0.03125,-0.03125
2000-11-07,1.25,1.34375,1.21875,1.25,1.25,-0.3347067980033861,-6.976744186046513,-0.09375,-0.09375
2000-11-08,1.25,1.25,1.1875,1.25,1.25,-0.4837834264783837,0.0,0.0,0.0
2000-11-09,1.125,1.21875,1.125,1.21875,1.21875,-0.5244406887897467,-2.500000000000002,-0.03125,-0.03125
2000-11-10,1.03125,1.125,1.0,1.09375,1.09375,-0.3626088407660862,-10.256410256410254,-0.125,-0.125
2000-11-13,1.0625,1.09375,1.03125,1.09375,1.09375,-0.4231961336222349,0.0,0.0,0.0
2000-11-14,1.03125,1.09375,1.03125,1.09375,1.09375,-0.5937971950856011,0.0,0.0,0.0
2000-11-15,1.0625,1.21875,1.0625,1.125,1.125,-0.4909582374745065,2.857142857142847,0.03125,0.03125
2000-11-16,1.125,1.125,1.125,1.125,1.125,-0.5515455303306553,0.0,0.0,0.0
2000-11-17,1.125,1.15625,1.125,1.15625,1.15625,-0.502916255801378,2.777777777777768,0.03125,0.03125
2000-11-20,1.1875,1.1875,1.125,1.1875,1.1875,-0.4319653470619407,2.7027027027026973,0.03125,0.03125
2000-11-21,1.125,1.125,1.0,1.09375,1.09375,-0.2127350110692972,-7.8947368421052655,-0.09375,-0.09375
2000-11-22,1.0,1.0,0.9375,1.0,1.0,-0.4080493104081977,-8.571428571428575,-0.09375,-0.09375
2000-11-24,1.03125,1.03125,0.96875,1.03125,1.03125,-0.4790002191476351,3.125,0.03125,0.03125
2000-11-27,1.03125,1.03125,1.0,1.03125,1.03125,-0.3944968896377434,0.0,0.0,0.0
2000-11-28,1.03125,1.03125,1.03125,1.03125,1.03125,-0.5156714753500409,0.0,0.0,0.0
2000-11-29,1.0,1.0,1.0,1.0,1.0,-0.5914055914202269,-3.030303030303028,-0.03125,-0.03125
2000-11-30,1.0,1.0,0.96875,1.0,1.0,-0.4742170118168865,0.0,0.0,0.0
2000-12-01,1.09375,1.09375,1.0,1.0,1.0,-0.5810419755369383,0.0,0.0,0.0
2000-12-04,0.9375,1.0625,0.9375,1.0625,1.0625,-0.4503009751631436,6.25,0.0625,0.0625
2000-12-05,1.0,1.09375,0.84375,1.09375,1.09375,-0.2948467369138146,2.941176470588225,0.03125,0.03125
2000-12-06,1.0625,1.0625,0.96875,1.015625,1.015625,-0.5180630790154152,-7.14285714285714,-0.078125,-0.078125
2000-12-07,1.03125,1.03125,1.0,1.0,1.0,-0.4319653470619407,-1.538461538461533,-0.015625,-0.015625
2000-12-08,1.0,1.046875,1.0,1.015625,1.015625,0.0033065200361805,1.5625,0.015625,0.015625
2000-12-11,1.046875,1.09375,0.96875,1.09375,1.09375,0.135641922853558,7.692307692307687,0.078125,0.078125
2000-12-12,1.09375,1.25,1.09375,1.25,1.25,0.4266203688074303,14.28571428571428,0.15625,0.15625
2000-12-13,1.25,1.25,1.25,1.25,1.25,-0.2621614868203659,0.0,0.0,0.0
2000-12-14,1.21875,1.375,1.21875,1.375,1.375,-0.0628611813725082,10.000000000000009,0.125,0.125
2000-12-15,1.375,1.4375,1.375,1.375,1.375,0.067082617779495,0.0,0.0,0.0
2000-12-18,1.375,1.375,1.375,1.375,1.375,-0.4638533959335979,0.0,0.0,0.0
2000-12-19,1.375,1.40625,1.3125,1.375,1.375,1.0269128888163777,0.0,0.0,0.0
2000-12-20,1.28125,1.375,1.28125,1.375,1.375,-0.3546368285481718,0.0,0.0,0.0
2000-12-21,1.46875,1.5,1.4375,1.5,1.5,0.4417671920214674,9.090909090909085,0.125,0.125
2000-12-22,1.5,1.5,1.46875,1.5,1.5,-0.5252378900115381,0.0,0.0,0.0
2000-12-26,1.5,1.5,1.484375,1.5,1.5,0.0997678678729436,0.0,0.0,0.0
2000-12-27,1.484375,1.53125,1.484375,1.5,1.5,0.0646910141141207,0.0,0.0,0.0
2000-12-28,1.5,1.96875,1.5,1.96875,1.96875,0.2839213501067641,31.25,0.46875,0.46875
2000-12-29,2.125,2.5625,2.125,2.4375,2.4375,1.3250661457663728,23.809523809523814,0.46875,0.46875
2001-01-02,2.5,2.5,2.0625,2.375,2.375,-0.3913080847505777,-2.564102564102566,-0.0625,-0.0625
2001-01-03,2.3125,2.3125,2.0,2.125,2.125,-0.047714358158471,-10.526315789473683,-0.25,-0.25
2001-01-04,2.125,2.125,2.0,2.125,2.125,-0.3466648163302576,0.0,0.0,0.0
2001-01-05,2.0625,2.0625,1.96875,2.0625,2.0625,-0.4678394020425551,-2.941176470588236,-0.0625,-0.0625
2001-01-08,2.0625,2.0625,2.03125,2.0625,2.0625,-0.4040633042992406,0.0,0.0,0.0
2001-01-09,2.0625,2.1875,2.0,2.1875,2.1875,-0.4032661030774491,6.060606060606055,0.125,0.125
2001-01-10,2.1875,2.25,2.1875,2.25,2.25,-0.5411819144473667,2.857142857142847,0.0625,0.0625
2001-01-11,2.25,2.3125,2.25,2.25,2.25,-0.5188602802372067,0.0,0.0,0.0
2001-01-12,2.1875,2.25,2.1875,2.25,2.25,-0.5834335792023125,0.0,0.0,0.0
2001-01-16,2.125,2.1875,2.0,2.0625,2.0625,-0.4853778289219665,-8.333333333333337,-0.1875,-0.1875
2001-01-17,2.125,2.3125,2.125,2.3125,2.3125,-0.5180630790154152,12.12121212121211,0.25,0.25
2001-01-18,2.1875,2.3125,2.125,2.3125,2.3125,-0.5443707193345324,0.0,0.0,0.0
2001-01-19,2.125,2.3125,2.03125,2.3125,2.3125,-0.0891688216916254,0.0,0.0,0.0
2001-01-22,2.0625,2.3125,2.0625,2.3125,2.3125,-0.0803996082519196,0.0,0.0,0.0
2001-01-23,2.3125,2.8125,2.28125,2.75,2.75,1.131346248871055,18.918918918918926,0.4375,0.4375
2001-01-24,2.625,2.75,2.5625,2.75,2.75,-0.4734198105950951,0.0,0.0,0.0
2001-01-25,2.625,2.9375,2.625,2.9375,2.9375,-0.1059100473492454,6.818181818181812,0.1875,0.1875
2001-01-26,2.875,3.0,2.5625,2.6875,2.6875,0.1093342825344408,-8.510638297872342,-0.25,-0.25
2001-01-29,2.75,2.8125,2.6875,2.75,2.75,-0.3944968896377434,2.3255813953488413,0.0625,0.0625
2001-01-30,2.8125,3.0,2.75,3.0,3.0,-0.007057095847108,9.090909090909085,0.25,0.25
2001-01-31,2.8125,3.0,2.8125,2.875,2.875,-0.2972383405791888,-4.166666666666663,-0.125,-0.125
2001-02-01,2.875,2.9375,2.8125,2.9375,2.9375,-0.2510006697152859,2.1739130434782705,0.0625,0.0625
2001-02-02,2.96875,3.03125,2.78125,3.0,3.0,0.3732078869474044,2.127659574468077,0.0625,0.0625
2001-02-05,3.03125,3.03125,2.96875,2.96875,2.96875,-0.5650979511011096,-1.041666666666663,-0.03125,-0.03125
2001-02-06,2.96875,3.0,2.9375,2.9375,2.9375,-0.4558813837156836,-1.0526315789473717,-0.03125,-0.03125
2001-02-07,2.9375,2.9375,2.8125,2.875,2.875,-0.0604695777071339,-2.127659574468088,-0.0625,-0.0625
2001-02-08,2.875,2.875,2.84375,2.875,2.875,-0.5156714753500409,0.0,0.0,0.0
2001-02-09,2.96875,3.125,2.9375,3.03125,3.03125,-0.4678394020425551,5.434782608695654,0.15625,0.15625
2001-02-12,3.0,3.25,3.0,3.21875,3.21875,-0.2876719259176917,6.185567010309279,0.1875,0.1875
2001-02-13,3.21875,3.21875,2.9375,3.0,3.0,-0.4742170118168865,-6.796116504854366,-0.21875,-0.21875
2001-02-14,3.1875,3.1875,3.1875,3.1875,3.1875,-0.5906083901984354,6.25,0.1875,0.1875
2001-02-15,2.875,3.1875,2.875,3.1875,3.1875,-0.4909582374745065,0.0,0.0,0.0
2001-02-16,2.875,3.0,2.875,2.9375,2.9375,-0.4742170118168865,-7.843137254901967,-0.25,-0.25
2001-02-20,3.125,3.125,2.875,2.90625,2.90625,-0.5427763168909495,-1.0638297872340383,-0.03125,-0.03125
2001-02-21,2.8125,2.90625,2.8125,2.875,2.875,-0.3147767674586003,-1.0752688172043,-0.03125,-0.03125
2001-02-22,2.84375,2.875,2.6875,2.875,2.875,-0.5212518839025809,0.0,0.0,0.0
2001-02-23,2.625,2.78125,2.625,2.75,2.75,-0.491755438696298,-4.347826086956519,-0.125,-0.125
2001-02-26,2.75,2.84375,2.625,2.84375,2.84375,-0.5603147437703611,3.409090909090917,0.09375,0.09375
2001-02-27,2.84375,2.875,2.8125,2.875,2.875,-0.491755438696298,1.098901098901095,0.03125,0.03125
2001-02-28,2.875,2.875,2.75,2.8125,2.8125,-0.5507483291088638,-2.1739130434782594,-0.0625,-0.0625
2001-03-01,2.8125,3.0,2.8125,2.875,2.875,-0.3929024871941605,2.2222222222222143,0.0625,0.0625
2001-03-02,2.8125,3.0,2.8125,3.0,3.0,-0.5419791156691581,4.347826086956519,0.125,0.125
2001-03-05,3.0,3.0625,3.0,3.0625,3.0625,-0.519657481458998,2.083333333333326,0.0625,0.0625
2001-03-06,3.125,3.5,3.0625,3.0625,3.0625,-0.2350566452794572,0.0,0.0,0.0
2001-03-07,3.125,3.4375,3.125,3.1875,3.1875,-0.4327625482837321,4.081632653061229,0.125,0.125
2001-03-08,3.125,3.125,3.03125,3.046875,3.046875,-0.5316154997858695,-4.411764705882348,-0.140625,-0.140625
2001-03-09,3.046875,3.046875,3.03125,3.046875,3.046875,-0.5340071034512438,0.0,0.0,0.0
2001-03-12,3.03125,3.09375,2.9375,3.0625,3.0625,-0.5244406887897467,0.512820512820511,0.015625,0.015625
2001-03-13,2.96875,3.0625,2.96875,3.0625,3.0625,-0.3785528652019148,0.0,0.0,0.0
2001-03-14,3.0625,3.09375,3.0625,3.09375,3.09375,-0.5882167865330611,1.0204081632652962,0.03125,0.03125
2001-03-15,3.0625,3.125,3.03125,3.125,3.125,-0.4495037739413521,1.0101010101010166,0.03125,0.03125
2001-03-16,3.125,3.3125,3.125,3.25,3.25,-0.4997274509142123,4.000000000000004,0.125,0.125
2001-03-19,3.03125,3.3125,3.03125,3.3125,3.3125,-0.519657481458998,1.923076923076916,0.0625,0.0625
2001-03-20,3.4375,3.4375,3.375,3.375,3.375,-0.5515455303306553,1.8867924528301885,0.0625,0.0625
2001-03-21,3.1875,3.34375,3.1875,3.34375,3.34375,-0.5762587682061896,-0.92592592592593,-0.03125,-0.03125
2001-03-22,3.1875,3.8125,3.1875,3.8125,3.8125,-0.2940495356920231,14.018691588785035,0.46875,0.46875
2001-03-23,3.8125,3.8125,3.375,3.4375,3.4375,-0.3849304749762463,-9.836065573770492,-0.375,-0.375
2001-03-26,3.1875,3.5625,3.15625,3.5,3.5,-0.3291263894508461,1.818181818181808,0.0625,0.0625
2001-03-27,3.46875,3.5,3.28125,3.4375,3.4375,-0.2693362978164887,-1.7857142857142905,-0.0625,-0.0625
2001-03-28,3.625,3.625,3.1875,3.5,3.5,-0.4024689018556577,1.818181818181808,0.0625,0.0625
2001-03-29,3.5,3.6875,3.46875,3.5,3.5,-0.4750142130386779,0.0,0.0,0.0
2001-03-30,3.5625,3.8125,3.5,3.8125,3.8125,-0.3410844077777175,8.92857142857142,0.3125,0.3125
2001-04-02,3.53125,3.625,3.4375,3.5625,3.5625,-0.5443707193345324,-6.5573770491803245,-0.25,-0.25
2001-04-03,3.4375,3.5625,3.4375,3.5625,3.5625,-0.5650979511011096,0.0,0.0,0.0
2001-04-04,3.5625,3.75,3.4375,3.6875,3.6875,-0.5076994631321265,3.5087719298245723,0.125,0.125
2001-04-05,3.5625,3.75,3.5,3.75,3.75,-0.5172658777936238,1.6949152542372836,0.0625,0.0625
2001-04-06,3.6875,3.6875,3.6875,3.6875,3.6875,-0.5914055914202269,-1.6666666666666718,-0.0625,-0.0625
2001-04-09,3.3499999046325684,3.650000095367432,3.3499999046325684,3.4100000858306885,3.4100000858306885,-0.5037134570231695,-7.525421401201671,-0.2774999141693115,-0.2774999141693115
2001-04-10,3.549999952316284,3.549999952316284,3.5,3.549999952316284,3.549999952316284,-0.5507483291088638,4.105567828790568,0.1399998664855957,0.1399998664855957
2001-04-11,3.450000047683716,3.549999952316284,3.4100000858306885,3.549999952316284,3.549999952316284,-0.4638533959335979,0.0,0.0,0.0
2001-04-12,3.4100000858306885,3.5,3.3499999046325684,3.5,3.5,-0.5228462863461638,-1.408449379940424,-0.0499999523162841,-0.04999995231628418
2001-04-16,3.5,3.5,3.5,3.5,3.5,-0.5945943963073925,0.0,0.0,0.0
2001-04-17,3.299999952316284,3.450000047683716,3.1600000858306885,3.299999952316284,3.299999952316284,-0.5021190545795866,-5.714287076677593,-0.2000000476837158,-0.20000004768371582
2001-04-18,3.450000047683716,3.5899999141693115,3.299999952316284,3.450000047683716,3.450000047683716,-0.3952940908595349,4.545457501056816,0.1500000953674316,0.15000009536743164
2001-04-19,3.400000095367432,3.400000095367432,3.400000095367432,3.400000095367432,3.400000095367432,-0.4526925788285179,-1.4492739601511873,-0.0499999523162837,-0.049999952316283736
2001-04-20,3.4200000762939453,3.5,3.3499999046325684,3.5,3.5,-0.5738671645408153,2.941173583166057,0.0999999046325679,0.09999990463256792
2001-04-23,3.3499999046325684,3.4800000190734863,3.3499999046325684,3.440000057220459,3.440000057220459,-0.5069022619103352,-1.7142840794154623,-0.059999942779541,-0.059999942779541016
2001-04-24,3.299999952316284,3.5199999809265137,3.299999952316284,3.5199999809265137,3.5199999809265137,-0.5858251828676868,2.3255791388182345,0.0799999237060546,0.07999992370605469
2001-04-25,3.5,3.5,3.3499999046325684,3.450000047683716,3.450000047683716,-0.5459651217781153,-1.988634477900564,-0.0699999332427978,-0.06999993324279785
2001-04-26,3.450000047683716,3.450000047683716,3.390000104904175,3.390000104904175,3.390000104904175,-0.5124826704628752,-1.7391287521814405,-0.059999942779541,-0.059999942779541016
2001-04-27,3.390000104904175,3.390000104904175,3.390000104904175,3.390000104904175,3.390000104904175,-0.595391597529184,0.0,0.0,0.0
2001-04-30,3.450000047683716,3.650000095367432,3.400000095367432,3.5999999046325684,3.5999999046325684,0.0112785322540948,6.194684166074072,0.2099997997283935,0.20999979972839355
2001-05-01,3.490000009536743,3.650000095367432,3.490000009536743,3.5999999046325684,3.5999999046325684,-0.4710282069297208,0.0,0.0,0.0
2001-05-02,3.490000009536743,3.5999999046325684,3.400000095367432,3.400000095367432,3.400000095367432,-0.5531399327742381,-5.555550404536724,-0.1999998092651362,-0.19999980926513627
2001-05-03,3.400000095367432,3.650000095367432,3.400000095367432,3.569999933242798,3.569999933242798,-0.4503009751631436,4.999995091382314,0.1699998378753657,0.16999983787536577
2001-05-04,3.650000095367432,3.75,3.5999999046325684,3.75,3.75,-0.4168185238479034,5.042018770955536,0.1800000667572021,0.18000006675720215
2001-05-07,3.740000009536743,3.740000009536743,3.740000009536743,3.740000009536743,3.740000009536743,-0.5914055914202269,-0.2666664123535112,-0.0099999904632568,-0.009999990463256836
2001-05-08,3.700000047683716,3.75,3.700000047683716,3.75,3.75,-0.5627063474357353,0.2673794234694604,0.0099999904632568,0.009999990463256836
2001-05-09,3.75,3.849999904632568,3.700000047683716,3.75,3.75,-0.451098176384935,0.0,0.0,0.0
2001-05-10,3.700000047683716,3.740000009536743,3.700000047683716,3.700000047683716,3.700000047683716,-0.4024689018556577,-1.333332061767578,-0.0499999523162841,-0.04999995231628418
2001-05-11,3.700000047683716,3.740000009536743,3.700000047683716,3.740000009536743,3.740000009536743,-0.5443707193345324,1.0810800361494175,0.0399999618530273,0.039999961853027344
2001-05-14,3.650000095367432,3.740000009536743,3.650000095367432,3.740000009536743,3.740000009536743,-0.5842307804241039,0.0,0.0,0.0
2001-05-15,3.740000009536743,3.740000009536743,3.650000095367432,3.690000057220459,3.690000057220459,-0.4654477983771807,-1.3368971173472688,-0.0499999523162841,-0.04999995231628418
2001-05-16,3.650000095367432,3.700000047683716,3.650000095367432,3.690000057220459,3.690000057220459,-0.549153926665281,0.0,0.0,0.0
2001-05-17,3.690000057220459,3.690000057220459,3.650000095367432,3.650000095367432,3.650000095367432,-0.2119378098475057,-1.084009789505458,-0.0399999618530269,-0.0399999618530269
2001-05-18,3.650000095367432,3.7300000190734863,3.650000095367432,3.7300000190734863,3.7300000190734863,-0.1290288827811969,2.1917786744057866,0.0799999237060542,0.07999992370605424
2001-05-21,3.660000085830689,3.7300000190734863,3.660000085830689,3.7300000190734863,3.7300000190734863,-0.5937971950856011,0.0,0.0,0.0
2001-05-22,3.7300000190734863,3.990000009536743,3.680000066757202,3.700000047683716,3.700000047683716,-0.5643007498793182,-0.8042887730928872,-0.0299999713897705,-0.029999971389770508
2001-05-23,3.700000047683716,3.950000047683716,3.700000047683716,3.849999904632568,3.849999904632568,-0.5363987071166181,4.054050135560283,0.1499998569488521,0.1499998569488521
2001-05-24,3.700000047683716,3.75,3.619999885559082,3.619999885559082,3.619999885559082,0.061502209226955,-5.974026617422378,-0.2300000190734858,-0.23000001907348588
2001-05-25,3.619999885559082,3.700000047683716,3.619999885559082,3.700000047683716,3.700000047683716,-0.5603147437703611,2.209949299826519,0.0800001621246337,0.08000016212463379
2001-05-29,3.619999885559082,3.7200000286102295,3.619999885559082,3.7200000286102295,3.7200000286102295,-0.5826363779805211,0.5405400180747089,0.0199999809265136,0.019999980926513672
2001-05-30,3.650000095367432,3.650000095367432,3.5999999046325684,3.5999999046325684,3.5999999046325684,-0.5451679205563238,-3.22580975953628,-0.1200001239776611,-0.12000012397766113
2001-05-31,3.619999885559082,3.650000095367432,3.619999885559082,3.650000095367432,3.650000095367432,-0.5555315364396124,1.388894223872672,0.0500001907348637,0.050000190734863725
2001-06-01,3.630000114440918,3.650000095367432,3.5999999046325684,3.650000095367432,3.650000095367432,-0.5706783596536497,0.0,0.0,0.0
2001-06-04,3.549999952316284,3.619999885559082,3.4800000190734863,3.5999999046325684,3.5999999046325684,-0.5467623229999067,-1.369868203519331,-0.0500001907348637,-0.050000190734863725
2001-06-05,3.549999952316284,3.549999952316284,3.470000028610229,3.549999952316284,3.549999952316284,-0.4319653470619407,-1.388887601134181,-0.0499999523162841,-0.04999995231628418
2001-06-06,3.4800000190734863,3.549999952316284,3.4800000190734863,3.549999952316284,3.549999952316284,-0.5906083901984354,0.0,0.0,0.0
2001-06-07,3.4800000190734863,3.5299999713897705,3.4100000858306885,3.5299999713897705,3.5299999713897705,-0.578650371871564,-0.5633797519761674,-0.0199999809265136,-0.019999980926513672
2001-06-08,3.5299999713897705,3.5299999713897705,3.5299999713897705,3.5299999713897705,3.5299999713897705,-0.5914055914202269,0.0,0.0,0.0
2001-06-11,3.5299999713897705,3.5299999713897705,3.4100000858306885,3.5,3.5,-0.5810419755369383,-0.8498575533404162,-0.0299999713897705,-0.029999971389770508
2001-06-12,3.4100000858306885,3.5,3.4100000858306885,3.5,3.5,-0.5770559694279811,0.0,0.0,0.0
2001-06-13,3.490000009536743,3.490000009536743,3.490000009536743,3.490000009536743,3.490000009536743,-0.5539371339960296,-0.2857140132359048,-0.0099999904632568,-0.009999990463256836
2001-06-14,3.4600000381469727,3.4600000381469727,3.289999961853028,3.4200000762939453,3.4200000762939453,-0.5698811584318582,-2.0057287407311386,-0.0699999332427978,-0.06999993324279785
2001-06-15,3.2699999809265137,3.400000095367432,3.2699999809265137,3.400000095367432,3.400000095367432,-0.5866223840894782,-0.5847947508874296,-0.0199999809265132,-0.019999980926513228
2001-06-18,3.2699999809265137,3.3499999046325684,3.2699999809265137,3.3499999046325684,3.3499999046325684,-0.5842307804241039,-1.4705938038940047,-0.0500001907348637,-0.050000190734863725
2001-06-19,3.25,3.299999952316284,3.1700000762939453,3.299999952316284,3.299999952316284,-0.1043156449056626,-1.4925359325276832,-0.0499999523162841,-0.04999995231628418
2001-06-20,3.150000095367432,3.25,3.150000095367432,3.150000095367432,3.150000095367432,-0.5579231401049868,-4.545450276251262,-0.1499998569488521,-0.1499998569488521
2001-06-21,3.150000095367432,3.3499999046325684,3.150000095367432,3.3499999046325684,3.3499999046325684,-0.5635035486575267,6.349200101906893,0.1999998092651362,0.19999980926513627
2001-06-22,3.3499999046325684,3.3499999046325684,3.150000095367432,3.3499999046325684,3.3499999046325684,-0.5595175425485696,0.0,0.0,0.0
2001-06-25,3.3499999046325684,3.3499999046325684,3.3499999046325684,3.3499999046325684,3.3499999046325684,-0.5834335792023125,0.0,0.0,0.0
2001-06-26,3.359999895095825,3.450000047683716,3.359999895095825,3.450000047683716,3.450000047683716,-0.565895152322901,2.9850789820280887,0.1000001430511474,0.10000014305114746
2001-06-27,3.400000095367432,3.700000047683716,3.369999885559082,3.700000047683716,3.700000047683716,-0.3729724566493748,7.246376711439373,0.25,0.25
2001-06-28,3.690000057220459,3.690000057220459,3.4600000381469727,3.650000095367432,3.650000095367432,-0.5531399327742381,-1.35135004518675,-0.0499999523162837,-0.049999952316283736
2001-06-29,3.690000057220459,3.690000057220459,3.650000095367432,3.690000057220459,3.690000057220459,-0.4853778289219665,1.0958893372028822,0.0399999618530269,0.0399999618530269
2001-07-02,3.5299999713897705,3.690000057220459,3.4100000858306885,3.5999999046325684,3.5999999046325684,-0.5459651217781153,-2.4390284875953183,-0.0900001525878906,-0.09000015258789062
2001-07-03,3.650000095367432,3.700000047683716,3.650000095367432,3.700000047683716,3.700000047683716,-0.5515455303306553,2.777781825006853,0.1000001430511474,0.10000014305114746
2001-07-05,3.650000095367432,3.650000095367432,3.5799999237060547,3.650000095367432,3.650000095367432,-0.4941470423616723,-1.35135004518675,-0.0499999523162837,-0.049999952316283736
2001-07-06,3.700000047683716,3.700000047683716,3.650000095367432,3.650000095367432,3.650000095367432,-0.439937359279855,0.0,0.0,0.0
2001-07-09,3.700000047683716,3.700000047683716,3.700000047683716,3.700000047683716,3.700000047683716,-0.5882167865330611,1.3698616715036138,0.0499999523162837,0.049999952316283736
2001-07-10,3.5999999046325684,3.700000047683716,3.549999952316284,3.700000047683716,3.700000047683716,-0.5746643657626068,0.0,0.0,0.0
2001-07-11,3.5999999046325684,3.5999999046325684,3.5999999046325684,3.5999999046325684,3.5999999046325684,-0.5937971950856011,-2.702706534118826,-0.1000001430511474,-0.10000014305114746
2001-07-12,3.5999999046325684,3.5999999046325684,3.5999999046325684,3.5999999046325684,3.5999999046325684,-0.595391597529184,0.0,0.0,0.0
2001-07-13,3.5999999046325684,3.5999999046325684,3.5999999046325684,3.5999999046325684,3.5999999046325684,-0.595391597529184,0.0,0.0,0.0
2001-07-16,3.700000047683716,3.700000047683716,3.700000047683716,3.700000047683716,3.700000047683716,-0.4853778289219665,2.777781825006853,0.1000001430511474,0.10000014305114746
2001-07-17,3.609999895095825,3.7899999618530273,3.609999895095825,3.7300000190734863,3.7300000190734863,-0.5061050606885438,0.8108100271120522,0.0299999713897705,0.029999971389770508
2001-07-18,3.75,3.75,3.75,3.75,3.75,-0.5555315364396124,0.5361925153952507,0.0199999809265136,0.019999980926513672
2001-07-19,3.619999885559082,3.670000076293945,3.549999952316284,3.670000076293945,3.670000076293945,-0.4160213226261121,-2.133331298828134,-0.0799999237060551,-0.07999992370605513
2001-07-20,3.5,3.5799999237060547,3.4600000381469727,3.5799999237060547,3.5799999237060547,-0.5666923535446925,-2.452320183022294,-0.0900001525878901,-0.09000015258789018
2001-07-23,3.4600000381469727,3.5799999237060547,3.4600000381469727,3.549999952316284,3.549999952316284,-0.5627063474357353,-0.8379880455057109,-0.0299999713897705,-0.029999971389770508
2001-07-24,3.549999952316284,3.5999999046325684,3.549999952316284,3.5999999046325684,3.5999999046325684,-0.4726226093733036,1.408449379940424,0.0499999523162841,0.04999995231628418
2001-07-25,3.5999999046325684,3.5999999046325684,3.5999999046325684,3.5999999046325684,3.5999999046325684,-0.595391597529184,0.0,0.0,0.0
2001-07-26,3.4100000858306885,3.4100000858306885,3.400000095367432,3.400000095367432,3.400000095367432,-0.5698811584318582,-5.555550404536724,-0.1999998092651362,-0.19999980926513627
2001-07-27,3.400000095367432,3.450000047683716,3.400000095367432,3.450000047683716,3.450000047683716,-0.4686366032643465,1.4705867915830284,0.0499999523162837,0.049999952316283736
2001-07-30,3.309999942779541,3.309999942779541,3.0999999046325684,3.1700000762939453,3.1700000762939453,-0.2175182184000458,-8.115941087530098,-0.2799999713897705,-0.2799999713897705
2001-07-31,3.0999999046325684,3.0999999046325684,3.0,3.049999952316284,3.049999952316284,-0.1880217731937628,-3.785492778850452,-0.1200001239776611,-0.12000012397766113
2001-08-01,3.0999999046325684,3.140000104904175,3.069999933242798,3.0999999046325684,3.0999999046325684,-0.4869722313655494,1.6393427245240622,0.0499999523162841,0.04999995231628418
2001-08-02,3.0999999046325684,3.130000114440918,3.039999961853028,3.119999885559082,3.119999885559082,-0.4861750301437579,0.6451606948963517,0.0199999809265136,0.019999980926513672
2001-08-03,3.150000095367432,3.240000009536743,3.150000095367432,3.240000009536743,3.240000009536743,-0.5850279816458954,3.846157960873065,0.1200001239776611,0.12000012397766113
2001-08-06,2.9800000190734863,3.25,2.8499999046325684,3.25,3.25,-0.5316154997858695,0.308641680056243,0.0099999904632568,0.009999990463256836
2001-08-07,2.950000047683716,3.299999952316284,2.950000047683716,3.299999952316284,3.299999952316284,-0.589811188976644,1.5384600712702756,0.0499999523162841,0.04999995231628418
2001-08-08,3.0,3.299999952316284,3.0,3.299999952316284,3.299999952316284,-0.5164686765718324,0.0,0.0,0.0
2001-08-09,3.25,3.289999961853028,3.25,3.289999961853028,3.289999961853028,-0.5906083901984354,-0.3030300184167389,-0.0099999904632563,-0.009999990463256392
2001-08-10,3.0999999046325684,3.2799999713897705,3.0999999046325684,3.2799999713897705,3.2799999713897705,-0.5108882680192923,-0.3039510814348167,-0.0099999904632572,-0.00999999046325728
2001-08-13,3.150000095367432,3.150000095367432,3.069999933242798,3.0999999046325684,3.0999999046325684,-0.5706783596536497,-5.48780696119745,-0.1800000667572021,-0.18000006675720215
2001-08-14,3.150000095367432,3.25,3.0799999237060547,3.240000009536743,3.240000009536743,-0.5387903107819924,4.516132555196584,0.1400001049041748,0.1400001049041748
2001-08-15,3.009999990463257,3.119999885559082,2.799999952316284,3.119999885559082,3.119999885559082,-0.3331123955598032,-3.703707519273092,-0.1200001239776611,-0.12000012397766113
2001-08-16,3.240000009536743,3.240000009536743,3.240000009536743,3.240000009536743,3.240000009536743,-0.5754615669843982,3.846157960873065,0.1200001239776611,0.12000012397766113
2001-08-17,3.240000009536743,3.240000009536743,2.7699999809265137,3.220000028610229,3.220000028610229,-0.5531399327742381,-0.6172833601125083,-0.0199999809265141,-0.019999980926514116
2001-08-20,2.7699999809265137,3.220000028610229,2.7699999809265137,3.220000028610229,3.220000028610229,-0.5579231401049868,0.0,0.0,0.0
2001-08-21,3.200000047683716,3.200000047683716,2.950000047683716,3.0,3.0,-0.5395875120037839,-6.832298964456296,-0.220000028610229,-0.22000002861022905
2001-08-22,2.950000047683716,3.0299999713897705,2.75,3.0199999809265137,3.0199999809265137,-0.462258993490015,0.6666660308837891,0.0199999809265136,0.019999980926513672
2001-08-23,3.0199999809265137,3.049999952316284,3.0,3.0,3.0,-0.2366510477230401,-0.6622510282393357,-0.0199999809265136,-0.019999980926513672
2001-08-24,2.950000047683716,3.0,2.8499999046325684,2.940000057220459,2.940000057220459,-0.4837834264783837,-1.9999980926513672,-0.059999942779541,-0.059999942779541016
2001-08-27,2.9200000762939453,2.9200000762939453,2.9200000762939453,2.9200000762939453,2.9200000762939453,-0.5555315364396124,-0.6802714468455484,-0.0199999809265136,-0.019999980926513672
2001-08-28,2.9200000762939453,2.9200000762939453,2.8499999046325684,2.900000095367432,2.900000095367432,-0.4829862252565922,-0.6849308357517958,-0.0199999809265132,-0.019999980926513228
2001-08-29,2.809999942779541,2.9100000858306885,2.799999952316284,2.9100000858306885,2.9100000858306885,-0.5810419755369383,0.3448272460139234,0.0099999904632563,0.009999990463256392
2001-08-30,2.75,2.789999961853028,2.700000047683716,2.75,2.75,-0.5507483291088638,-5.498284574277424,-0.1600000858306884,-0.16000008583068848
2001-08-31,2.700000047683716,2.789999961853028,2.700000047683716,2.789999961853028,2.789999961853028,-0.5834335792023125,1.4545440673828347,0.0399999618530277,0.03999996185302779
2001-09-04,2.6700000762939453,2.7799999713897705,2.6700000762939453,2.680000066757202,2.680000066757202,-0.5451679205563238,-3.942648623649703,-0.1099998950958256,-0.10999989509582564
2001-09-05,2.6700000762939453,2.6700000762939453,2.650000095367432,2.650000095367432,2.650000095367432,-0.5674895547664839,-1.1194018896450997,-0.02999997138977,-0.029999971389770064
2001-09-06,2.680000066757202,2.75,2.680000066757202,2.75,2.75,-0.5842307804241039,3.773581171086815,0.0999999046325679,0.09999990463256792
2001-09-07,2.75,2.75,2.5999999046325684,2.75,2.75,-0.5842307804241039,0.0,0.0,0.0
2001-09-10,2.75,2.8399999141693115,2.650000095367432,2.700000047683716,2.700000047683716,-0.3913080847505777,-1.818180084228516,-0.0499999523162841,-0.04999995231628418
2001-09-17,2.619999885559082,2.690000057220459,2.5,2.690000057220459,2.690000057220459,-0.5316154997858695,-0.370370010616694,-0.0099999904632568,-0.009999990463256836
2001-09-18,2.690000057220459,2.8499999046325684,2.690000057220459,2.8499999046325684,2.8499999046325684,-0.5100910667975009,5.947949591400192,0.1599998474121093,0.15999984741210938
2001-09-19,2.8499999046325684,2.8499999046325684,2.650000095367432,2.7300000190734863,2.7300000190734863,-0.427182139731192,-4.21052244121225,-0.119999885559082,-0.11999988555908203
2001-09-20,2.740000009536743,2.869999885559082,2.740000009536743,2.8499999046325684,2.8499999046325684,-0.4144269201825292,4.395600172918979,0.119999885559082,0.11999988555908203
2001-09-21,2.7799999713897705,2.7799999713897705,2.5799999237060547,2.7799999713897705,2.7799999713897705,-0.4327625482837321,-2.456138090707149,-0.0699999332427978,-0.06999993324279785
2001-09-24,2.7799999713897705,2.890000104904175,2.740000009536743,2.8499999046325684,2.8499999046325684,-0.4774058167040522,2.517983236086274,0.0699999332427978,0.06999993324279785
2001-09-25,2.799999952316284,2.900000095367432,2.7100000381469727,2.8499999046325684,2.8499999046325684,-0.2892663283612746,0.0,0.0,0.0
2001-09-26,2.8499999046325684,2.890000104904175,2.8399999141693115,2.890000104904175,2.890000104904175,-0.554734335217821,1.4035158459685393,0.0400002002716064,0.040000200271606445
2001-09-27,2.900000095367432,3.0299999713897705,2.890000104904175,3.0,3.0,-0.4686366032643465,3.8062246056379534,0.1099998950958252,0.1099998950958252
2001-09-28,3.0299999713897705,3.049999952316284,3.0,3.039999961853028,3.039999961853028,-0.4941470423616723,1.3333320617676003,0.0399999618530277,0.03999996185302779
2001-10-01,3.039999961853028,3.140000104904175,2.950000047683716,3.0,3.0,-0.4487065727195607,-1.31578823536056,-0.0399999618530277,-0.03999996185302779
2001-10-02,3.049999952316284,3.049999952316284,3.0,3.0,3.0,-0.5874195853112697,0.0,0.0,0.0
2001-10-03,3.049999952316284,3.059999942779541,3.0,3.059999942779541,3.059999942779541,-0.4638533959335979,1.9999980926513672,0.059999942779541,0.059999942779541016
2001-10-04,3.049999952316284,3.109999895095825,2.880000114440918,3.0999999046325684,3.0999999046325684,-0.399280096968492,1.307188320294328,0.0399999618530273,0.039999961853027344
2001-10-05,3.0,3.0899999141693115,3.0,3.0899999141693115,3.0899999141693115,-0.578650371871564,-0.3225803474481759,-0.0099999904632568,-0.009999990463256836
2001-10-08,3.0,3.0,2.950000047683716,2.950000047683716,2.950000047683716,-0.578650371871564,-4.530740141565081,-0.1399998664855957,-0.1399998664855957
2001-10-09,2.9800000190734863,3.0,2.9600000381469727,3.0,3.0,-0.5650979511011096,1.694913610443605,0.0499999523162841,0.04999995231628418
2001-10-10,3.049999952316284,3.049999952316284,2.900000095367432,2.950000047683716,2.950000047683716,-0.3681892493186262,-1.6666650772094729,-0.0499999523162841,-0.04999995231628418
2001-10-11,3.0,3.0,2.900000095367432,2.950000047683716,2.950000047683716,-0.2135322122910886,0.0,0.0,0.0
2001-10-12,2.9800000190734863,2.9800000190734863,2.9800000190734863,2.9800000190734863,2.9800000190734863,-0.5874195853112697,1.0169481662661628,0.0299999713897705,0.029999971389770508
2001-10-15,2.940000057220459,2.9800000190734863,2.940000057220459,2.9800000190734863,2.9800000190734863,-0.5866223840894782,0.0,0.0,0.0
2001-10-16,2.8399999141693115,2.900000095367432,2.8299999237060547,2.900000095367432,2.900000095367432,-0.5690839572100668,-2.6845611810072056,-0.0799999237060542,-0.07999992370605424
2001-10-17,2.900000095367432,2.900000095367432,2.900000095367432,2.900000095367432,2.900000095367432,-0.5754615669843982,0.0,0.0,0.0
2001-10-18,2.9800000190734863,2.9800000190734863,2.8499999046325684,2.900000095367432,2.900000095367432,-0.5698811584318582,0.0,0.0,0.0
2001-10-19,2.900000095367432,2.900000095367432,2.8499999046325684,2.890000104904175,2.890000104904175,-0.5212518839025809,-0.3448272460139456,-0.0099999904632572,-0.00999999046325728
2001-10-22,2.799999952316284,2.869999885559082,2.700000047683716,2.75,2.75,-0.5531399327742381,-4.844294111498549,-0.1400001049041748,-0.1400001049041748
2001-10-23,2.650000095367432,2.900000095367432,2.650000095367432,2.700000047683716,2.700000047683716,-0.3394900053341347,-1.818180084228516,-0.0499999523162841,-0.04999995231628418
2001-10-24,2.799999952316284,2.890000104904175,2.700000047683716,2.890000104904175,2.890000104904175,-0.5308182985640781,7.03703903203472,0.1900000572204589,0.19000005722045898
2001-10-25,2.900000095367432,3.049999952316284,2.900000095367432,2.9800000190734863,2.9800000190734863,-0.4367485543926893,3.1141837682492346,0.0899999141693115,0.08999991416931152
2001-10-26,2.950000047683716,3.049999952316284,2.8499999046325684,3.0,3.0,-0.3833360725326634,0.6711402952518153,0.0199999809265136,0.019999980926513672
2001-10-29,2.8499999046325684,2.950000047683716,2.799999952316284,2.890000104904175,2.890000104904175,-0.4702310057079293,-3.66666316986084,-0.1099998950958252,-0.1099998950958252
2001-10-30,2.890000104904175,2.890000104904175,2.890000104904175,2.890000104904175,2.890000104904175,-0.5914055914202269,0.0,0.0,0.0
2001-10-31,2.8299999237060547,3.049999952316284,2.8299999237060547,3.049999952316284,3.049999952316284,-0.5571259388831953,5.53632669910975,0.1599998474121093,0.15999984741210938
2001-11-01,2.900000095367432,3.0899999141693115,2.880000114440918,2.930000066757202,2.930000066757202,-0.3570284322135462,-3.934422538857729,-0.119999885559082,-0.11999988555908203
2001-11-02,2.930000066757202,3.0299999713897705,2.799999952316284,3.0,3.0,-0.4335597495055235,2.3890761654579373,0.0699999332427978,0.06999993324279785
2001-11-05,3.0,3.0,3.0,3.0,3.0,-0.595391597529184,0.0,0.0,0.0
2001-11-06,2.900000095367432,3.0,2.900000095367432,3.0,3.0,-0.5754615669843982,0.0,0.0,0.0
2001-11-07,3.0199999809265137,3.0199999809265137,2.869999885559082,3.0,3.0,-0.2653502917075316,0.0,0.0,0.0
2001-11-08,3.0199999809265137,3.0199999809265137,2.7799999713897705,3.0199999809265137,3.0199999809265137,-0.4997274509142123,0.6666660308837891,0.0199999809265136,0.019999980926513672
2001-11-09,2.900000095367432,3.049999952316284,2.900000095367432,3.0,3.0,-0.5603147437703611,-0.6622510282393357,-0.0199999809265136,-0.019999980926513672
2001-11-12,2.950000047683716,3.049999952316284,2.950000047683716,3.049999952316284,3.049999952316284,-0.4718254081515122,1.6666650772094729,0.0499999523162841,0.04999995231628418
2001-11-13,3.049999952316284,3.049999952316284,3.049999952316284,3.049999952316284,3.049999952316284,-0.5914055914202269,0.0,0.0,0.0
2001-11-14,3.0,3.0,2.7799999713897705,2.900000095367432,2.900000095367432,-0.5690839572100668,-4.918028173572154,-0.1499998569488521,-0.1499998569488521
2001-11-15,3.0,3.049999952316284,3.0,3.049999952316284,3.049999952316284,-0.589811188976644,5.172408690208918,0.1499998569488521,0.1499998569488521
2001-11-16,2.809999942779541,3.049999952316284,2.809999942779541,3.049999952316284,3.049999952316284,-0.5794475730933554,0.0,0.0,0.0
2001-11-19,2.789999961853028,2.789999961853028,2.789999961853028,2.789999961853028,2.789999961853028,-0.5914055914202269,-8.524589984527797,-0.2599999904632564,-0.2599999904632564
2001-11-20,2.799999952316284,2.8499999046325684,2.7699999809265137,2.8499999046325684,2.8499999046325684,-0.4311681458401492,2.1505356128998177,0.0599999427795405,0.05999994277954057
2001-11-21,2.950000047683716,2.990000009536743,2.950000047683716,2.990000009536743,2.990000009536743,-0.5937971950856011,4.912284546978762,0.1400001049041748,0.1400001049041748
2001-11-23,2.990000009536743,2.990000009536743,2.990000009536743,2.990000009536743,2.990000009536743,-0.5945943963073925,0.0,0.0,0.0
2001-11-26,3.0,3.0,3.0,3.0,3.0,-0.5945943963073925,0.3344478405137518,0.0099999904632568,0.009999990463256836
2001-11-27,3.0,3.0,3.0,3.0,3.0,-0.5874195853112697,0.0,0.0,0.0
2001-11-28,2.75,2.75,2.400000095367432,2.700000047683716,2.700000047683716,-0.5316154997858695,-9.99999841054281,-0.2999999523162842,-0.2999999523162842
2001-11-29,2.650000095367432,2.799999952316284,2.650000095367432,2.799999952316284,2.799999952316284,-0.5363987071166181,3.7037001061669184,0.0999999046325683,0.09999990463256836
2001-11-30,2.650000095367432,2.799999952316284,2.650000095367432,2.799999952316284,2.799999952316284,-0.5706783596536497,0.0,0.0,0.0
2001-12-03,2.799999952316284,2.8499999046325684,2.799999952316284,2.8499999046325684,2.8499999046325684,-0.5108882680192923,1.7857126131349377,0.0499999523162841,0.04999995231628418
2001-12-04,2.8499999046325684,2.8499999046325684,2.700000047683716,2.799999952316284,2.799999952316284,-0.4797974203694265,-1.7543843505051004,-0.0499999523162841,-0.04999995231628418
2001-12-05,2.700000047683716,2.8499999046325684,2.549999952316284,2.8499999046325684,2.8499999046325684,-0.5204546826807895,1.7857126131349377,0.0499999523162841,0.04999995231628418
2001-12-06,2.630000114440918,2.8499999046325684,2.619999885559082,2.75,2.75,-0.5021190545795866,-3.508768701010212,-0.0999999046325683,-0.09999990463256836
2001-12-07,2.75,2.799999952316284,2.7100000381469727,2.75,2.75,-0.3378956028905518,0.0,0.0,0.0
2001-12-10,2.650000095367432,2.8499999046325684,2.650000095367432,2.8499999046325684,2.8499999046325684,-0.5874195853112697,3.6363601684570312,0.0999999046325683,0.09999990463256836
2001-12-11,2.8499999046325684,2.900000095367432,2.799999952316284,2.900000095367432,2.900000095367432,-0.2773083100344031,1.754392716069586,0.0500001907348637,0.050000190734863725
2001-12-12,2.900000095367432,2.900000095367432,2.650000095367432,2.650000095367432,2.650000095367432,-0.4447205666106035,-8.620689371678269,-0.25,-0.25
2001-12-13,2.650000095367432,2.7799999713897705,2.5999999046325684,2.7100000381469727,2.7100000381469727,-0.4837834264783837,2.26414870265208,0.0599999427795405,0.05999994277954057
2001-12-14,2.650000095367432,2.7300000190734863,2.650000095367432,2.7300000190734863,2.7300000190734863,-0.5387903107819924,0.7380066658666529,0.0199999809265136,0.019999980926513672
2001-12-17,2.799999952316284,2.930000066757202,2.700000047683716,2.700000047683716,2.700000047683716,-0.5674895547664839,-1.0989000432297449,-0.0299999713897705,-0.029999971389770508
2001-12-18,2.650000095367432,2.900000095367432,2.5999999046325684,2.700000047683716,2.700000047683716,0.0049009224797634,0.0,0.0,0.0
2001-12-19,2.700000047683716,2.75,2.650000095367432,2.7300000190734863,2.7300000190734863,-0.4957414448052551,1.111110031850071,0.0299999713897705,0.029999971389770508
2001-12-20,2.650000095367432,2.650000095367432,2.400000095367432,2.400000095367432,2.400000095367432,-0.5666923535446925,-12.087909208808368,-0.3299999237060542,-0.32999992370605424
2001-12-21,2.5,2.900000095367432,2.5,2.900000095367432,2.900000095367432,-0.5619091462139439,20.833332505491065,0.5,0.5
2001-12-24,2.900000095367432,2.900000095367432,2.900000095367432,2.900000095367432,2.900000095367432,-0.5906083901984354,0.0,0.0,0.0
2001-12-26,2.75,2.75,2.5999999046325684,2.700000047683716,2.700000047683716,-0.5682867559882754,-6.896553141608641,-0.2000000476837162,-0.20000004768371626
2001-12-27,2.700000047683716,2.75,2.650000095367432,2.75,2.75,-0.5411819144473667,1.8518500530834592,0.0499999523162841,0.04999995231628418
2001-12-28,2.650000095367432,2.680000066757202,2.400000095367432,2.680000066757202,2.680000066757202,-0.4837834264783837,-2.545452117919922,-0.0699999332427978,-0.06999993324279785
2001-12-31,2.5999999046325684,2.5999999046325684,2.400000095367432,2.5999999046325684,2.5999999046325684,-0.4837834264783837,-2.98508060193573,-0.0800001621246337,-0.08000016212463379
2002-01-02,2.5,2.5999999046325684,2.5,2.5999999046325684,2.5999999046325684,-0.5890139877548526,0.0,0.0,0.0
2002-01-03,2.5,2.700000047683716,2.5,2.700000047683716,2.700000047683716,-0.5754615669843982,3.846159489197354,0.1000001430511474,0.10000014305114746
2002-01-04,2.799999952316284,2.900000095367432,2.799999952316284,2.900000095367432,2.900000095367432,-0.5292238961204953,7.407409042651425,0.2000000476837162,0.20000004768371626
2002-01-07,2.900000095367432,2.900000095367432,2.75,2.900000095367432,2.900000095367432,-0.5682867559882754,0.0,0.0,0.0
2002-01-08,2.890000104904175,2.890000104904175,2.890000104904175,2.890000104904175,2.890000104904175,-0.5945943963073925,-0.3448272460139456,-0.0099999904632572,-0.00999999046325728
2002-01-09,2.799999952316284,2.799999952316284,2.700000047683716,2.799999952316284,2.799999952316284,-0.5754615669843982,-3.1141920180267517,-0.0900001525878906,-0.09000015258789062
2002-01-10,2.799999952316284,2.799999952316284,2.799999952316284,2.799999952316284,2.799999952316284,-0.5914055914202269,0.0,0.0,0.0
2002-01-11,2.799999952316284,2.799999952316284,2.799999952316284,2.799999952316284,2.799999952316284,-0.5834335792023125,0.0,0.0,0.0
2002-01-14,2.650000095367432,2.75,2.650000095367432,2.650000095367432,2.650000095367432,-0.5579231401049868,-5.3571378394048015,-0.1499998569488521,-0.1499998569488521
2002-01-15,2.5999999046325684,2.75,2.5999999046325684,2.700000047683716,2.700000047683716,-0.5316154997858695,1.8867905855433964,0.0499999523162837,0.049999952316283736
2002-01-16,2.650000095367432,2.75,2.650000095367432,2.75,2.75,-0.3227487796765146,1.8518500530834592,0.0499999523162841,0.04999995231628418
2002-01-17,2.700000047683716,2.930000066757202,2.700000047683716,2.900000095367432,2.900000095367432,-0.404860505521032,5.454548922452074,0.150000095367432,0.15000009536743208
2002-01-18,2.8499999046325684,2.900000095367432,2.8499999046325684,2.900000095367432,2.900000095367432,-0.5762587682061896,0.0,0.0,0.0
2002-01-22,2.900000095367432,2.9200000762939453,2.8499999046325684,2.900000095367432,2.900000095367432,-0.375364060314749,0.0,0.0,0.0
2002-01-23,2.8499999046325684,2.8499999046325684,2.799999952316284,2.8499999046325684,2.8499999046325684,-0.5053078594667523,-1.7241444513997006,-0.0500001907348637,-0.050000190734863725
2002-01-24,2.8499999046325684,2.950000047683716,2.8499999046325684,2.9200000762939453,2.9200000762939453,-0.3793500664237062,2.456146456271613,0.0700001716613769,0.07000017166137695
2002-01-25,2.9200000762939453,2.9200000762939453,2.8299999237060547,2.8499999046325684,2.8499999046325684,-0.5674895547664839,-2.3972660901509624,-0.0700001716613769,-0.07000017166137695
2002-01-28,2.900000095367432,2.900000095367432,2.900000095367432,2.900000095367432,2.900000095367432,-0.5945943963073925,1.754392716069586,0.0500001907348637,0.050000190734863725
2002-01-29,2.900000095367432,2.900000095367432,2.75,2.75,2.75,-0.5874195853112697,-5.172416911539002,-0.150000095367432,-0.15000009536743208
2002-01-30,2.75,2.8499999046325684,2.75,2.8499999046325684,2.8499999046325684,-0.5140770729064581,3.6363601684570312,0.0999999046325683,0.09999990463256836
2002-01-31,2.809999942779541,2.8499999046325684,2.7100000381469727,2.8499999046325684,2.8499999046325684,0.3564666612897844,0.0,0.0,0.0
2002-02-01,2.8499999046325684,2.890000104904175,2.8499999046325684,2.890000104904175,2.890000104904175,-0.571475560875441,1.4035158459685393,0.0400002002716064,0.040000200271606445
2002-02-04,2.890000104904175,2.900000095367432,2.799999952316284,2.799999952316284,2.799999952316284,-0.4447205666106035,-3.1141920180267517,-0.0900001525878906,-0.09000015258789062
2002-02-05,2.75,2.8499999046325684,2.75,2.8499999046325684,2.8499999046325684,-0.5826363779805211,1.7857126131349377,0.0499999523162841,0.04999995231628418
2002-02-06,2.819999933242798,2.819999933242798,2.819999933242798,2.819999933242798,2.819999933242798,-0.589811188976644,-1.0526306103030625,-0.0299999713897705,-0.029999971389770508
2002-02-07,2.819999933242798,3.049999952316284,2.819999933242798,3.049999952316284,3.049999952316284,-0.4654477983771807,8.156029238234863,0.2300000190734863,0.23000001907348633
2002-02-08,3.049999952316284,3.25,3.049999952316284,3.150000095367432,3.150000095367432,-0.5108882680192923,3.278693266050836,0.1000001430511479,0.1000001430511479
2002-02-11,3.200000047683716,3.25,3.0,3.180000066757202,3.180000066757202,-0.4590701886028493,0.952380015286014,0.02999997138977,0.029999971389770064
2002-02-12,3.0999999046325684,3.150000095367432,2.900000095367432,3.049999952316284,3.049999952316284,-0.3785528652019148,-4.088053827416593,-0.1300001144409179,-0.13000011444091797
2002-02-13,3.049999952316284,3.049999952316284,3.0,3.049999952316284,3.049999952316284,-0.5834335792023125,0.0,0.0,0.0
2002-02-14,3.150000095367432,3.150000095367432,3.150000095367432,3.150000095367432,3.150000095367432,-0.5874195853112697,3.278693266050836,0.1000001430511479,0.1000001430511479
2002-02-15,3.0999999046325684,3.200000047683716,3.0,3.049999952316284,3.049999952316284,-0.5571259388831953,-3.1746076197970208,-0.1000001430511479,-0.1000001430511479
2002-02-19,2.950000047683716,2.950000047683716,2.950000047683716,2.950000047683716,2.950000047683716,-0.5937971950856011,-3.278685449048113,-0.0999999046325683,-0.09999990463256836
2002-02-20,3.0999999046325684,3.0999999046325684,2.950000047683716,2.950000047683716,2.950000047683716,-0.5595175425485696,0.0,0.0,0.0
2002-02-21,2.950000047683716,3.0,2.8299999237060547,3.0,3.0,-0.5316154997858695,1.694913610443605,0.0499999523162841,0.04999995231628418
2002-02-22,2.8499999046325684,2.900000095367432,2.799999952316284,2.900000095367432,2.900000095367432,-0.5523427315524467,-3.333330154418934,-0.0999999046325679,-0.09999990463256792
2002-02-25,2.950000047683716,3.0799999237060547,2.950000047683716,3.0,3.0,-0.5738671645408153,3.448272460139279,0.0999999046325679,0.09999990463256792
2002-02-26,3.0799999237060547,3.0799999237060547,3.0799999237060547,3.0799999237060547,3.0799999237060547,-0.5706783596536497,2.666664123535156,0.0799999237060546,0.07999992370605469
2002-02-27,2.990000009536743,3.049999952316284,2.990000009536743,3.049999952316284,3.049999952316284,-0.5890139877548526,-0.974025069249762,-0.0299999713897705,-0.029999971389770508
2002-02-28,3.0,3.0999999046325684,2.950000047683716,3.049999952316284,3.049999952316284,-0.5627063474357353,0.0,0.0,0.0
2002-03-01,2.950000047683716,3.0,2.950000047683716,3.0,3.0,-0.5874195853112697,-1.639342724524051,-0.0499999523162841,-0.04999995231628418
2002-03-04,2.8499999046325684,3.0,2.799999952316284,3.0,3.0,-0.5794475730933554,0.0,0.0,0.0
2002-03-05,3.0,3.059999942779541,2.950000047683716,3.0,3.0,-0.4933498411398808,0.0,0.0,0.0
2002-03-06,3.0,3.049999952316284,3.0,3.049999952316284,3.049999952316284,-0.5754615669843982,1.6666650772094729,0.0499999523162841,0.04999995231628418
2002-03-07,3.0199999809265137,3.0199999809265137,2.950000047683716,3.0,3.0,-0.5164686765718324,-1.639342724524051,-0.0499999523162841,-0.04999995231628418
2002-03-08,3.0,3.0199999809265137,2.9800000190734863,3.0,3.0,-0.4965386460270465,0.0,0.0,0.0
2002-03-11,3.039999961853028,3.380000114440918,3.039999961853028,3.380000114440918,3.380000114440918,-0.4255877372876092,12.66667048136394,0.3800001144409179,0.38000011444091797
2002-03-12,3.150000095367432,3.400000095367432,3.150000095367432,3.400000095367432,3.400000095367432,-0.4821890240348008,0.5917153919925866,0.0199999809265141,0.019999980926514116
2002-03-13,3.25,3.299999952316284,3.150000095367432,3.200000047683716,3.200000047683716,-0.502916255801378,-5.882354178643123,-0.2000000476837162,-0.20000004768371626
2002-03-14,3.200000047683716,3.3499999046325684,3.200000047683716,3.289999961853028,3.289999961853028,-0.3402872065559261,2.8124972758815314,0.0899999141693119,0.08999991416931197
2002-03-15,3.299999952316284,3.3399999141693115,3.200000047683716,3.200000047683716,3.200000047683716,-0.5722727620972325,-2.7355597329132286,-0.0899999141693119,-0.08999991416931197
2002-03-18,3.200000047683716,3.200000047683716,3.200000047683716,3.200000047683716,3.200000047683716,-0.595391597529184,0.0,0.0,0.0
2002-03-19,3.200000047683716,3.200000047683716,3.119999885559082,3.150000095367432,3.150000095367432,-0.497335847248838,-1.5624984866008274,-0.0499999523162837,-0.049999952316283736
2002-03-20,3.049999952316284,3.0999999046325684,3.0,3.0999999046325684,3.0999999046325684,-0.4845806277001751,-1.5873075943202974,-0.0500001907348637,-0.050000190734863725
2002-03-21,3.049999952316284,3.200000047683716,3.049999952316284,3.0999999046325684,3.0999999046325684,-0.5834335792023125,0.0,0.0,0.0
2002-03-22,2.8499999046325684,3.0,2.700000047683716,3.0,3.0,-0.4710282069297208,-3.225803474481748,-0.0999999046325683,-0.09999990463256836
2002-03-25,3.0999999046325684,3.25,3.009999990463257,3.25,3.25,-0.5076994631321265,8.333333333333325,0.25,0.25
2002-03-26,3.25,3.3299999237060547,3.0999999046325684,3.25,3.25,-0.4008744994120748,0.0,0.0,0.0
2002-03-27,3.25,3.299999952316284,3.0999999046325684,3.299999952316284,3.299999952316284,-0.439937359279855,1.5384600712702756,0.0499999523162841,0.04999995231628418
2002-03-28,3.25,3.299999952316284,3.0999999046325684,3.119999885559082,3.119999885559082,-0.4606645910464322,-5.454547556307066,-0.1800000667572021,-0.18000006675720215
2002-04-01,3.25,3.299999952316284,3.25,3.289999961853028,3.289999961853028,-0.2828887185869431,5.448720593894607,0.1700000762939457,0.17000007629394576
2002-04-02,3.2699999809265137,3.400000095367432,3.2699999809265137,3.3499999046325684,3.3499999046325684,-0.1816441634194314,1.8237064886087893,0.0599999427795405,0.05999994277954057
2002-04-03,3.299999952316284,3.400000095367432,3.299999952316284,3.400000095367432,3.400000095367432,-0.5770559694279811,1.4925430495004166,0.0500001907348637,0.050000190734863725
2002-04-04,3.400000095367432,3.5,3.369999885559082,3.450000047683716,3.450000047683716,-0.4311681458401492,1.4705867915830284,0.0499999523162837,0.049999952316283736
2002-04-05,3.400000095367432,3.450000047683716,3.400000095367432,3.450000047683716,3.450000047683716,-0.5483567254434896,0.0,0.0,0.0
2002-04-08,3.450000047683716,3.450000047683716,3.3499999046325684,3.400000095367432,3.400000095367432,-0.5212518839025809,-1.4492739601511873,-0.0499999523162837,-0.049999952316283736
2002-04-09,3.450000047683716,3.450000047683716,3.259999990463257,3.400000095367432,3.400000095367432,-0.5778531706497725,0.0,0.0,0.0
2002-04-10,3.450000047683716,3.450000047683716,3.299999952316284,3.299999952316284,3.299999952316284,-0.5332099022294524,-2.941180595477044,-0.1000001430511479,-0.1000001430511479
2002-04-11,3.25,3.25,3.200000047683716,3.25,3.25,-0.5515455303306553,-1.5151500920837613,-0.0499999523162841,-0.04999995231628418
2002-04-12,3.25,3.2699999809265137,3.25,3.25,3.25,-0.5140770729064581,0.0,0.0,0.0
2002-04-15,3.2699999809265137,3.2699999809265137,3.2699999809265137,3.2699999809265137,3.2699999809265137,-0.5914055914202269,0.6153840285081147,0.0199999809265136,0.019999980926513672
2002-04-16,3.150000095367432,3.2699999809265137,3.150000095367432,3.2699999809265137,3.2699999809265137,-0.5922027926420182,0.0,0.0,0.0
2002-04-17,3.2699999809265137,3.2699999809265137,3.2699999809265137,3.2699999809265137,3.2699999809265137,-0.595391597529184,0.0,0.0,0.0
2002-04-18,3.2699999809265137,3.2699999809265137,3.2699999809265137,3.2699999809265137,3.2699999809265137,-0.595391597529184,0.0,0.0,0.0
2002-04-19,3.2300000190734863,3.2699999809265137,3.2300000190734863,3.25,3.25,-0.571475560875441,-0.6116202153874872,-0.0199999809265136,-0.019999980926513672
2002-04-22,3.25,3.299999952316284,3.25,3.299999952316284,3.299999952316284,-0.5754615669843982,1.5384600712702756,0.0499999523162841,0.04999995231628418
2002-04-23,3.299999952316284,3.299999952316284,3.299999952316284,3.299999952316284,3.299999952316284,-0.595391597529184,0.0,0.0,0.0
2002-04-24,3.400000095367432,3.400000095367432,3.25,3.25,3.25,-0.5619091462139439,-1.5151500920837613,-0.0499999523162841,-0.04999995231628418
2002-04-25,3.3399999141693115,3.3399999141693115,3.299999952316284,3.299999952316284,3.299999952316284,-0.5834335792023125,1.5384600712702756,0.0499999523162841,0.04999995231628418
2002-04-26,3.3299999237060547,3.369999885559082,3.299999952316284,3.3499999046325684,3.3499999046325684,-0.4981330484706294,1.5151500920837613,0.0499999523162841,0.04999995231628418
2002-04-29,3.309999942779541,3.309999942779541,3.200000047683716,3.299999952316284,3.299999952316284,-0.5754615669843982,-1.4925359325276832,-0.0499999523162841,-0.04999995231628418
2002-04-30,3.319999933242798,3.3499999046325684,3.319999933242798,3.3499999046325684,3.3499999046325684,-0.543573518112741,1.5151500920837613,0.0499999523162841,0.04999995231628418
2002-05-01,3.3499999046325684,3.3499999046325684,3.3499999046325684,3.3499999046325684,3.3499999046325684,-0.5914055914202269,0.0,0.0,0.0
2002-05-02,3.3499999046325684,3.3499999046325684,3.259999990463257,3.3499999046325684,3.3499999046325684,-0.5595175425485696,0.0,0.0,0.0
2002-05-03,3.299999952316284,3.3299999237060547,3.25,3.3299999237060547,3.3299999237060547,-0.5371959083384096,-0.5970143730110733,-0.0199999809265136,-0.019999980926513672
2002-05-06,3.25,3.25,3.25,3.25,3.25,-0.5754615669843982,-2.4024001663345507,-0.0799999237060546,-0.07999992370605469
2002-05-07,3.2799999713897705,3.2799999713897705,3.2799999713897705,3.2799999713897705,3.2799999713897705,-0.5914055914202269,0.9230760427621608,0.0299999713897705,0.029999971389770508
2002-05-08,3.200000047683716,3.200000047683716,3.200000047683716,3.200000047683716,3.200000047683716,-0.5906083901984354,-2.439022085483677,-0.0799999237060546,-0.07999992370605469
2002-05-09,3.2799999713897705,3.2799999713897705,3.2799999713897705,3.2799999713897705,3.2799999713897705,-0.5945943963073925,2.499997578561341,0.0799999237060546,0.07999992370605469
2002-05-10,3.200000047683716,3.2699999809265137,3.109999895095825,3.2699999809265137,3.2699999809265137,-0.5611119449921524,-0.3048777606854624,-0.0099999904632568,-0.009999990463256836
2002-05-13,3.2799999713897705,3.430000066757202,3.25,3.400000095367432,3.400000095367432,-0.3650004444314604,3.975538691106806,0.1300001144409184,0.1300001144409184
2002-05-14,3.430000066757202,3.4800000190734863,3.400000095367432,3.400000095367432,3.400000095367432,-0.4694338044861379,0.0,0.0,0.0
2002-05-15,3.4100000858306885,3.470000028610229,3.400000095367432,3.470000028610229,3.470000028610229,-0.4646505971553893,2.0588215082162358,0.0699999332427969,0.06999993324279696
2002-05-16,3.450000047683716,3.4800000190734863,3.400000095367432,3.4100000858306885,3.4100000858306885,-0.4574757861592665,-1.729104964980965,-0.0599999427795405,-0.05999994277954057
2002-05-17,3.470000028610229,3.470000028610229,3.470000028610229,3.470000028610229,3.470000028610229,-0.5922027926420182,1.759529069481669,0.0599999427795405,0.05999994277954057
2002-05-20,3.470000028610229,3.470000028610229,3.470000028610229,3.470000028610229,3.470000028610229,-0.595391597529184,0.0,0.0,0.0
2002-05-21,3.470000028610229,3.470000028610229,3.470000028610229,3.470000028610229,3.470000028610229,-0.595391597529184,0.0,0.0,0.0
2002-05-22,3.440000057220459,3.440000057220459,3.319999933242798,3.319999933242798,3.319999933242798,-0.4925526399180894,-4.322769283304817,-0.1500000953674312,-0.1500000953674312
2002-05-23,3.380000114440918,3.380000114440918,3.380000114440918,3.380000114440918,3.380000114440918,-0.5929999938638097,1.8072344097764812,0.0600001811981201,0.06000018119812012
2002-05-24,3.380000114440918,3.380000114440918,3.380000114440918,3.380000114440918,3.380000114440918,-0.595391597529184,0.0,0.0,0.0
2002-05-28,3.380000114440918,3.450000047683716,3.319999933242798,3.450000047683716,3.450000047683716,-0.5459651217781153,2.071003871974031,0.0699999332427978,0.06999993324279785
2002-05-29,3.319999933242798,3.430000066757202,3.319999933242798,3.430000066757202,3.430000066757202,-0.5116854692410837,-0.5797095840604838,-0.0199999809265136,-0.019999980926513672
2002-05-30,3.470000028610229,3.490000009536743,3.400000095367432,3.400000095367432,3.400000095367432,-0.3091963589060603,-0.8746347173728353,-0.02999997138977,-0.029999971389770064
2002-05-31,3.4200000762939453,3.4200000762939453,3.390000104904175,3.400000095367432,3.400000095367432,-0.5387903107819924,0.0,0.0,0.0
2002-06-03,3.369999885559082,3.369999885559082,3.3499999046325684,3.3499999046325684,3.3499999046325684,-0.5874195853112697,-1.4705938038940047,-0.0500001907348637,-0.050000190734863725
2002-06-04,3.380000114440918,3.400000095367432,3.3499999046325684,3.400000095367432,3.400000095367432,-0.5403847132255752,1.4925430495004166,0.0500001907348637,0.050000190734863725
2002-06-05,3.400000095367432,3.490000009536743,3.400000095367432,3.450000047683716,3.450000047683716,-0.3283291882290546,1.4705867915830284,0.0499999523162837,0.049999952316283736
2002-06-06,3.470000028610229,3.549999952316284,3.470000028610229,3.549999952316284,3.549999952316284,-0.3482592187738404,2.8985479203023967,0.0999999046325683,0.09999990463256836
2002-06-07,3.549999952316284,3.5999999046325684,3.4600000381469727,3.5999999046325684,3.5999999046325684,-0.3347067980033861,1.408449379940424,0.0499999523162841,0.04999995231628418
2002-06-10,3.5999999046325684,3.5999999046325684,3.5,3.5999999046325684,3.5999999046325684,-0.5037134570231695,0.0,0.0,0.0
2002-06-11,3.4600000381469727,3.539999961853028,3.400000095367432,3.490000009536743,3.490000009536743,-0.5300210973422866,-3.055552722495203,-0.1099998950958252,-0.1099998950958252
2002-06-12,3.400000095367432,3.450000047683716,3.3499999046325684,3.450000047683716,3.450000047683716,-0.554734335217821,-1.1461307089892236,-0.0399999618530273,-0.039999961853027344
2002-06-13,3.299999952316284,3.3499999046325684,3.25,3.299999952316284,3.299999952316284,-0.5451679205563238,-4.3478287911369655,-0.1500000953674316,-0.15000009536743164
2002-06-14,3.259999990463257,3.3499999046325684,3.259999990463257,3.3499999046325684,3.3499999046325684,-0.5826363779805211,1.5151500920837613,0.0499999523162841,0.04999995231628418
2002-06-17,3.299999952316284,3.319999933242798,3.200000047683716,3.319999933242798,3.319999933242798,-0.4582729873810579,-0.8955215595166099,-0.0299999713897705,-0.029999971389770508
2002-06-18,3.1600000858306885,3.3299999237060547,3.1600000858306885,3.3299999237060547,3.3299999237060547,-0.565895152322901,0.3012045380823114,0.0099999904632568,0.009999990463256836
2002-06-19,3.369999885559082,3.4100000858306885,3.309999942779541,3.3499999046325684,3.3499999046325684,-0.4790002191476351,0.6006000415836432,0.0199999809265136,0.019999980926513672
2002-06-20,3.3499999046325684,3.450000047683716,3.3499999046325684,3.450000047683716,3.450000047683716,-0.5890139877548526,2.9850789820280887,0.1000001430511474,0.10000014305114746
2002-06-21,3.450000047683716,3.450000047683716,3.400000095367432,3.450000047683716,3.450000047683716,-0.5116854692410837,0.0,0.0,0.0
2002-06-24,3.319999933242798,3.440000057220459,3.319999933242798,3.440000057220459,3.440000057220459,-0.5794475730933554,-0.2898547920302419,-0.0099999904632568,-0.009999990463256836
2002-06-25,3.319999933242798,3.450000047683716,3.309999942779541,3.3499999046325684,3.3499999046325684,-0.5276294936769124,-2.6162834619430586,-0.0900001525878906,-0.09000015258789062
2002-06-26,3.299999952316284,3.430000066757202,3.25,3.359999895095825,3.359999895095825,-0.5698811584318582,0.2985071865055255,0.0099999904632568,0.009999990463256836
2002-06-27,3.359999895095825,3.359999895095825,3.359999895095825,3.359999895095825,3.359999895095825,-0.595391597529184,0.0,0.0,0.0
2002-06-28,3.380000114440918,3.380000114440918,3.380000114440918,3.380000114440918,3.380000114440918,-0.5945943963073925,0.5952446419502655,0.0200002193450927,0.020000219345092773
2002-07-01,3.380000114440918,3.380000114440918,3.299999952316284,3.3499999046325684,3.3499999046325684,-0.5666923535446925,-0.8875801417927431,-0.0300002098083496,-0.03000020980834961
2002-07-02,3.299999952316284,3.299999952316284,3.299999952316284,3.299999952316284,3.299999952316284,-0.5866223840894782,-1.4925359325276832,-0.0499999523162841,-0.04999995231628418
2002-07-03,3.319999933242798,3.319999933242798,3.200000047683716,3.240000009536743,3.240000009536743,-0.4989302496924208,-1.8181801105005115,-0.059999942779541,-0.059999942779541016
2002-07-05,3.200000047683716,3.200000047683716,3.200000047683716,3.200000047683716,3.200000047683716,-0.5738671645408153,-1.2345667202249944,-0.0399999618530273,-0.039999961853027344
2002-07-08,3.200000047683716,3.240000009536743,3.150000095367432,3.240000009536743,3.240000009536743,-0.5124826704628752,1.2499987892806708,0.0399999618530273,0.039999961853027344
2002-07-09,3.200000047683716,3.200000047683716,2.9600000381469727,3.0899999141693115,3.0899999141693115,-0.4391401580580635,-4.629632559441832,-0.1500000953674316,-0.15000009536743164
2002-07-10,3.0999999046325684,3.150000095367432,3.009999990463257,3.150000095367432,3.150000095367432,-0.5587203413267782,1.9417534907683052,0.0600001811981205,0.06000018119812056
2002-07-11,3.150000095367432,3.150000095367432,3.0999999046325684,3.0999999046325684,3.0999999046325684,-0.5698811584318582,-1.5873075943202974,-0.0500001907348637,-0.050000190734863725
2002-07-12,2.970000028610229,3.0999999046325684,2.950000047683716,3.0999999046325684,3.0999999046325684,-0.537993109560201,0.0,0.0,0.0
2002-07-15,3.0,3.069999933242798,3.0,3.0,3.0,-0.5738671645408153,-3.225803474481748,-0.0999999046325683,-0.09999990463256836
2002-07-16,3.0,3.0299999713897705,2.9800000190734863,2.9800000190734863,2.9800000190734863,-0.5228462863461638,-0.6666660308837891,-0.0199999809265136,-0.019999980926513672
2002-07-17,3.0,3.049999952316284,3.0,3.049999952316284,3.049999952316284,-0.5666923535446925,2.3489910333813318,0.0699999332427978,0.06999993324279785
2002-07-18,3.0,3.0899999141693115,3.0,3.0899999141693115,3.0899999141693115,-0.5682867559882754,1.3114741796192542,0.0399999618530273,0.039999961853027344
2002-07-19,2.950000047683716,3.0999999046325684,2.900000095367432,3.039999961853028,3.039999961853028,-0.5387903107819924,-1.6181214791303744,-0.0499999523162837,-0.049999952316283736
2002-07-22,2.900000095367432,2.950000047683716,2.900000095367432,2.950000047683716,2.950000047683716,-0.5682867559882754,-2.960523529561254,-0.0899999141693119,-0.08999991416931197
2002-07-23,3.049999952316284,3.049999952316284,3.049999952316284,3.049999952316284,3.049999952316284,-0.5945943963073925,3.3898272208872093,0.0999999046325683,0.09999990463256836
2002-07-24,2.8499999046325684,3.0199999809265137,2.8499999046325684,3.0199999809265137,3.0199999809265137,-0.5188602802372067,-0.9836056347144352,-0.0299999713897705,-0.029999971389770508
2002-07-25,2.900000095367432,2.9200000762939453,2.869999885559082,2.900000095367432,2.900000095367432,-0.3921052859723691,-3.973506169436014,-0.1199998855590815,-0.11999988555908159
2002-07-26,2.869999885559082,2.869999885559082,2.799999952316284,2.799999952316284,2.799999952316284,-0.5770559694279811,-3.448280681469351,-0.1000001430511479,-0.1000001430511479
2002-07-29,2.7699999809265137,2.7699999809265137,2.549999952316284,2.5999999046325684,2.5999999046325684,-0.1864273707501799,-7.142858967489152,-0.2000000476837158,-0.20000004768371582
2002-07-30,2.700000047683716,2.700000047683716,2.259999990463257,2.259999990463257,2.259999990463257,-0.5698811584318582,-13.076920255401326,-0.3399999141693115,-0.3399999141693115
2002-07-31,2.299999952316284,2.5999999046325684,2.25,2.400000095367432,2.400000095367432,-0.0875744192480425,6.194694933404743,0.1400001049041752,0.14000010490417525
2002-08-01,2.5,2.549999952316284,2.450000047683716,2.549999952316284,2.549999952316284,-0.549153926665281,6.249993791183073,0.1499998569488521,0.1499998569488521
2002-08-02,2.549999952316284,2.5999999046325684,2.5,2.5999999046325684,2.5999999046325684,-0.5587203413267782,1.960782480441492,0.0499999523162841,0.04999995231628418
2002-08-05,2.5999999046325684,2.5999999046325684,2.549999952316284,2.5899999141693115,2.5899999141693115,-0.5770559694279811,-0.3846150319251618,-0.0099999904632568,-0.009999990463256836
2002-08-06,2.5999999046325684,2.5999999046325684,2.4600000381469727,2.549999952316284,2.549999952316284,-0.5762587682061896,-1.544400122725742,-0.0399999618530273,-0.039999961853027344
2002-08-07,2.5,2.5299999713897705,2.4600000381469727,2.5299999713897705,2.5299999713897705,-0.5794475730933554,-0.7843129921765946,-0.0199999809265136,-0.019999980926513672
2002-08-08,2.549999952316284,2.650000095367432,2.5,2.650000095367432,2.650000095367432,-0.5411819144473667,4.743087957892089,0.1200001239776615,0.12000012397766158
2002-08-09,2.640000104904175,3.0,2.640000104904175,2.950000047683716,2.950000047683716,-0.4574757861592665,11.32075251018765,0.2999999523162837,0.29999995231628374
2002-08-12,2.75,2.8499999046325684,2.650000095367432,2.8499999046325684,2.8499999046325684,-0.5324127010076609,-3.3898353028728123,-0.1000001430511474,-0.10000014305114746
2002-08-13,2.8499999046325684,3.150000095367432,2.8499999046325684,3.049999952316284,3.049999952316284,-0.5045106582449609,7.017545767584887,0.2000000476837158,0.20000004768371582
2002-08-14,3.180000066757202,3.25,3.150000095367432,3.25,3.25,-0.5236434875679552,6.557378715098938,0.2000000476837158,0.20000004768371582
2002-08-15,3.240000009536743,3.240000009536743,3.240000009536743,3.240000009536743,3.240000009536743,-0.5929999938638097,-0.3076920142540573,-0.0099999904632568,-0.009999990463256836
2002-08-16,3.2300000190734863,3.2300000190734863,3.2300000190734863,3.2300000190734863,3.2300000190734863,-0.5914055914202269,-0.3086416800562541,-0.0099999904632568,-0.009999990463256836
2002-08-19,3.2100000381469727,3.25,3.049999952316284,3.1700000762939453,3.1700000762939453,-0.5069022619103352,-1.8575833568184263,-0.059999942779541,-0.059999942779541016
2002-08-20,3.1700000762939453,3.220000028610229,2.75,2.950000047683716,2.950000047683716,-0.3211543772329318,-6.940063826983622,-0.2200000286102295,-0.2200000286102295
2002-08-21,2.799999952316284,3.25,2.799999952316284,3.25,3.25,-0.4056577067428235,10.169489744647242,0.2999999523162842,0.2999999523162842
2002-08-22,3.150000095367432,3.25,3.150000095367432,3.25,3.25,-0.5132798716846666,0.0,0.0,0.0
2002-08-23,3.25,3.299999952316284,3.0999999046325684,3.2100000381469727,3.2100000381469727,-0.364203243209669,-1.2307680570162294,-0.0399999618530273,-0.039999961853027344
2002-08-26,3.299999952316284,3.299999952316284,3.200000047683716,3.200000047683716,3.200000047683716,-0.3745668590929576,-0.3115261789538692,-0.0099999904632568,-0.009999990463256836
2002-08-27,3.220000028610229,3.25,3.200000047683716,3.200000047683716,3.200000047683716,-0.5164686765718324,0.0,0.0,0.0
2002-08-28,3.240000009536743,3.25,3.1600000858306885,3.25,3.25,-0.5778531706497725,1.5624984866008385,0.0499999523162841,0.04999995231628418
2002-08-29,3.1600000858306885,3.25,3.0999999046325684,3.180000066757202,3.180000066757202,-0.5571259388831953,-2.1538440997783903,-0.0699999332427978,-0.06999993324279785
2002-08-30,3.049999952316284,3.25,3.049999952316284,3.25,3.25,-0.5300210973422866,2.201255716141537,0.0699999332427978,0.06999993324279785
2002-09-03,3.150000095367432,3.200000047683716,3.150000095367432,3.200000047683716,3.200000047683716,-0.589811188976644,-1.5384600712702867,-0.0499999523162841,-0.04999995231628418
2002-09-04,3.0,3.200000047683716,2.9800000190734863,3.200000047683716,3.200000047683716,-0.5475595242216982,0.0,0.0,0.0
2002-09-05,3.049999952316284,3.0999999046325684,3.049999952316284,3.0999999046325684,3.0999999046325684,-0.5874195853112697,-3.125004423782163,-0.1000001430511474,-0.10000014305114746
2002-09-06,3.0999999046325684,3.0999999046325684,3.0999999046325684,3.0999999046325684,3.0999999046325684,-0.5945943963073925,0.0,0.0,0.0
2002-09-09,3.0,3.0,3.0,3.0,3.0,-0.5555315364396124,-3.225803474481748,-0.0999999046325683,-0.09999990463256836
2002-09-10,3.049999952316284,3.049999952316284,2.950000047683716,2.950000047683716,2.950000047683716,-0.5762587682061896,-1.6666650772094729,-0.0499999523162841,-0.04999995231628418
2002-09-11,3.0,3.0,3.0,3.0,3.0,-0.5945943963073925,1.694913610443605,0.0499999523162841,0.04999995231628418
2002-09-12,3.0,3.0,3.0,3.0,3.0,-0.5945943963073925,0.0,0.0,0.0
2002-09-13,2.950000047683716,3.0,2.950000047683716,3.0,3.0,-0.5866223840894782,0.0,0.0,0.0
2002-09-16,3.0,3.0,2.900000095367432,3.0,3.0,-0.5619091462139439,0.0,0.0,0.0
2002-09-17,3.0,3.0,3.0,3.0,3.0,-0.5937971950856011,0.0,0.0,0.0
2002-09-18,3.0,3.0,3.0,3.0,3.0,-0.5937971950856011,0.0,0.0,0.0
2002-09-19,2.8499999046325684,3.0,2.8499999046325684,3.0,3.0,-0.5922027926420182,0.0,0.0,0.0
2002-09-20,3.0,3.049999952316284,3.0,3.049999952316284,3.049999952316284,-0.5906083901984354,1.6666650772094729,0.0499999523162841,0.04999995231628418
2002-09-23,3.049999952316284,3.049999952316284,2.8499999046325684,3.0,3.0,-0.5858251828676868,-1.639342724524051,-0.0499999523162841,-0.04999995231628418
2002-09-24,2.8499999046325684,3.0,2.650000095367432,3.0,3.0,-0.4184129262914863,0.0,0.0,0.0
2002-09-25,2.950000047683716,3.0,2.950000047683716,3.0,3.0,-0.5874195853112697,0.0,0.0,0.0
2002-09-26,3.0,3.0,3.0,3.0,3.0,-0.5914055914202269,0.0,0.0,0.0
2002-09-27,3.0,3.0,3.0,3.0,3.0,-0.5906083901984354,0.0,0.0,0.0
2002-09-30,2.859999895095825,2.900000095367432,2.8499999046325684,2.880000114440918,2.880000114440918,-0.5061050606885438,-3.9999961853027344,-0.119999885559082,-0.11999988555908203
2002-10-01,2.799999952316284,2.859999895095825,2.799999952316284,2.859999895095825,2.859999895095825,-0.5555315364396124,-0.6944520329984494,-0.0200002193450927,-0.020000219345092773
2002-10-02,2.8499999046325684,2.8499999046325684,2.75,2.75,2.75,-0.5794475730933554,-3.846150319251662,-0.1099998950958252,-0.1099998950958252
2002-10-03,2.650000095367432,2.700000047683716,2.650000095367432,2.700000047683716,2.700000047683716,-0.5794475730933554,-1.818180084228516,-0.0499999523162841,-0.04999995231628418
2002-10-04,2.799999952316284,2.799999952316284,2.650000095367432,2.700000047683716,2.700000047683716,-0.4750142130386779,0.0,0.0,0.0
2002-10-07,2.700000047683716,2.75,2.650000095367432,2.75,2.75,-0.5643007498793182,1.8518500530834592,0.0499999523162841,0.04999995231628418
2002-10-08,2.75,2.7799999713897705,2.75,2.7799999713897705,2.7799999713897705,-0.5794475730933554,1.0909080505371094,0.0299999713897705,0.029999971389770508
2002-10-09,2.700000047683716,2.75,2.700000047683716,2.700000047683716,2.700000047683716,-0.5284266948987038,-2.8776951269557483,-0.0799999237060546,-0.07999992370605469
2002-10-10,2.720000028610229,2.720000028610229,2.700000047683716,2.700000047683716,2.700000047683716,-0.5356015058948267,0.0,0.0,0.0
2002-10-11,2.720000028610229,2.75,2.720000028610229,2.75,2.75,-0.5595175425485696,1.8518500530834592,0.0499999523162841,0.04999995231628418
2002-10-14,2.75,2.75,2.75,2.75,2.75,-0.5937971950856011,0.0,0.0,0.0
2002-10-15,2.650000095367432,2.75,2.650000095367432,2.700000047683716,2.700000047683716,-0.554734335217821,-1.818180084228516,-0.0499999523162841,-0.04999995231628418
2002-10-16,2.700000047683716,2.900000095367432,2.700000047683716,2.900000095367432,2.900000095367432,-0.5595175425485696,7.407409042651425,0.2000000476837162,0.20000004768371626
2002-10-17,2.799999952316284,2.900000095367432,2.700000047683716,2.900000095367432,2.900000095367432,-0.5746643657626068,0.0,0.0,0.0
2002-10-18,2.950000047683716,2.950000047683716,2.75,2.900000095367432,2.900000095367432,-0.5826363779805211,0.0,0.0,0.0
2002-10-21,2.900000095367432,2.900000095367432,2.900000095367432,2.900000095367432,2.900000095367432,-0.5937971950856011,0.0,0.0,0.0
2002-10-22,2.900000095367432,2.900000095367432,2.650000095367432,2.789999961853028,2.789999961853028,-0.5563287376614039,-3.793107927483264,-0.1100001335144043,-0.1100001335144043
2002-10-23,2.799999952316284,2.799999952316284,2.650000095367432,2.789999961853028,2.789999961853028,-0.5850279816458954,0.0,0.0,0.0
2002-10-24,2.650000095367432,2.799999952316284,2.650000095367432,2.799999952316284,2.799999952316284,-0.5866223840894782,0.3584226021499548,0.0099999904632563,0.009999990463256392
2002-10-25,2.799999952316284,2.799999952316284,2.799999952316284,2.799999952316284,2.799999952316284,-0.5906083901984354,0.0,0.0,0.0
2002-10-28,2.799999952316284,2.799999952316284,2.799999952316284,2.799999952316284,2.799999952316284,-0.578650371871564,0.0,0.0,0.0
2002-10-29,2.6600000858306885,2.799999952316284,2.6600000858306885,2.799999952316284,2.799999952316284,-0.5603147437703611,0.0,0.0,0.0
2002-10-30,2.6600000858306885,2.799999952316284,2.6600000858306885,2.799999952316284,2.799999952316284,-0.5690839572100668,0.0,0.0,0.0
2002-10-31,2.799999952316284,2.799999952316284,2.799999952316284,2.799999952316284,2.799999952316284,-0.5945943963073925,0.0,0.0,0.0
2002-11-01,2.650000095367432,2.799999952316284,2.650000095367432,2.799999952316284,2.799999952316284,-0.5419791156691581,0.0,0.0,0.0
2002-11-04,2.549999952316284,2.700000047683716,2.549999952316284,2.700000047683716,2.700000047683716,-0.508496664353918,-3.571425226269876,-0.0999999046325683,-0.09999990463256836
2002-11-05,2.5999999046325684,2.650000095367432,2.549999952316284,2.650000095367432,2.650000095367432,-0.5061050606885438,-1.851850053083437,-0.0499999523162837,-0.049999952316283736
2002-11-06,2.75,2.75,2.740000009536743,2.740000009536743,2.740000009536743,-0.5937971950856011,3.3962230539781317,0.089999914169311,0.08999991416931108
2002-11-07,2.75,2.75,2.5999999046325684,2.619999885559082,2.619999885559082,-0.5451679205563238,-4.37956655328442,-0.1200001239776611,-0.12000012397766113
2002-11-08,2.549999952316284,2.650000095367432,2.549999952316284,2.650000095367432,2.650000095367432,-0.5363987071166181,1.145046225906543,0.03000020980835,0.030000209808350053
2002-11-11,2.569999933242798,2.650000095367432,2.549999952316284,2.650000095367432,2.650000095367432,-0.5818391767587296,0.0,0.0,0.0
2002-11-12,2.650000095367432,2.650000095367432,2.5999999046325684,2.650000095367432,2.650000095367432,-0.578650371871564,0.0,0.0,0.0
2002-11-13,2.549999952316284,2.650000095367432,2.549999952316284,2.5999999046325684,2.5999999046325684,-0.5818391767587296,-1.8867995824706216,-0.0500001907348637,-0.050000190734863725
2002-11-14,2.5999999046325684,2.5999999046325684,2.5999999046325684,2.5999999046325684,2.5999999046325684,-0.5555315364396124,0.0,0.0,0.0
2002-11-15,2.549999952316284,2.650000095367432,2.549999952316284,2.650000095367432,2.650000095367432,-0.4590701886028493,1.9230843295715336,0.0500001907348637,0.050000190734863725
2002-11-18,2.5,2.549999952316284,2.450000047683716,2.549999952316284,2.549999952316284,-0.3171683711239746,-3.773590168014029,-0.1000001430511479,-0.1000001430511479
2002-11-19,2.549999952316284,2.549999952316284,2.3499999046325684,2.549999952316284,2.549999952316284,-0.5698811584318582,0.0,0.0,0.0
2002-11-20,2.549999952316284,2.549999952316284,2.549999952316284,2.549999952316284,2.549999952316284,-0.5945943963073925,0.0,0.0,0.0
2002-11-21,2.549999952316284,2.549999952316284,2.5,2.549999952316284,2.549999952316284,-0.5013218533577951,0.0,0.0,0.0
2002-11-22,2.549999952316284,2.5999999046325684,2.400000095367432,2.450000047683716,2.450000047683716,-0.4391401580580635,-3.921564960882995,-0.0999999046325683,-0.09999990463256836
2002-11-25,2.400000095367432,2.450000047683716,2.400000095367432,2.450000047683716,2.450000047683716,-0.5866223840894782,0.0,0.0,0.0
2002-11-26,2.450000047683716,2.450000047683716,2.400000095367432,2.400000095367432,2.400000095367432,-0.4710282069297208,-2.040814340536634,-0.0499999523162837,-0.049999952316283736
2002-11-27,2.400000095367432,2.4200000762939453,2.400000095367432,2.400000095367432,2.400000095367432,-0.3984828957467006,0.0,0.0,0.0
2002-11-29,2.450000047683716,2.450000047683716,2.450000047683716,2.450000047683716,2.450000047683716,-0.5635035486575267,2.0833312637276835,0.0499999523162837,0.049999952316283736
2002-12-02,2.5,2.5,2.200000047683716,2.5,2.5,-0.549153926665281,2.040814340536645,0.0499999523162841,0.04999995231628418
2002-12-03,2.5,2.5,2.5,2.5,2.5,-0.5914055914202269,0.0,0.0,0.0
2002-12-04,2.380000114440918,2.380000114440918,2.380000114440918,2.380000114440918,2.380000114440918,-0.5929999938638097,-4.79999542236328,-0.119999885559082,-0.11999988555908203
2002-12-05,2.400000095367432,2.5,2.400000095367432,2.5,2.5,-0.5826363779805211,5.04201175583856,0.119999885559082,0.11999988555908203
2002-12-06,2.3499999046325684,2.5,2.3499999046325684,2.5,2.5,-0.4845806277001751,0.0,0.0,0.0
2002-12-09,2.5,2.5,2.3499999046325684,2.400000095367432,2.400000095367432,-0.4797974203694265,-3.999996185302712,-0.0999999046325679,-0.09999990463256792
2002-12-10,2.400000095367432,2.400000095367432,2.3499999046325684,2.3499999046325684,2.3499999046325684,-0.5834335792023125,-2.083341197834776,-0.0500001907348637,-0.050000190734863725
2002-12-11,2.369999885559082,2.450000047683716,2.369999885559082,2.450000047683716,2.450000047683716,-0.5531399327742381,4.255325408908162,0.1000001430511474,0.10000014305114746
2002-12-12,2.5,2.5999999046325684,2.5,2.5999999046325684,2.5999999046325684,-0.5619091462139439,6.122443021609958,0.1499998569488525,0.14999985694885254
2002-12-13,2.5999999046325684,2.5999999046325684,2.3499999046325684,2.5999999046325684,2.5999999046325684,-0.5619091462139439,0.0,0.0,0.0
2002-12-16,2.5999999046325684,2.5999999046325684,2.5999999046325684,2.5999999046325684,2.5999999046325684,-0.595391597529184,0.0,0.0,0.0
2002-12-17,2.5799999237060547,2.5799999237060547,2.3499999046325684,2.400000095367432,2.400000095367432,-0.5611119449921524,-7.692300638503302,-0.1999998092651362,-0.19999980926513627
2002-12-18,2.400000095367432,2.400000095367432,2.400000095367432,2.400000095367432,2.400000095367432,-0.5914055914202269,0.0,0.0,0.0
2002-12-19,2.5,2.5999999046325684,2.5,2.5999999046325684,2.5999999046325684,-0.5387903107819924,8.333325054910755,0.1999998092651362,0.19999980926513627
2002-12-20,2.650000095367432,2.799999952316284,2.5999999046325684,2.799999952316284,2.799999952316284,-0.5148742741282495,7.692309808448994,0.2000000476837158,0.20000004768371582
2002-12-23,2.650000095367432,2.8499999046325684,2.450000047683716,2.650000095367432,2.650000095367432,-0.4790002191476351,-5.3571378394048015,-0.1499998569488521,-0.1499998569488521
2002-12-24,2.650000095367432,2.650000095367432,2.650000095367432,2.650000095367432,2.650000095367432,-0.5922027926420182,0.0,0.0,0.0
2002-12-26,2.700000047683716,2.75,2.549999952316284,2.549999952316284,2.549999952316284,-0.5156714753500409,-3.773590168014029,-0.1000001430511479,-0.1000001430511479
2002-12-27,2.5999999046325684,2.700000047683716,2.5999999046325684,2.700000047683716,2.700000047683716,-0.5459651217781153,5.882356791072851,0.1500000953674316,0.15000009536743164
2002-12-30,2.650000095367432,2.799999952316284,2.650000095367432,2.799999952316284,2.799999952316284,-0.4558813837156836,3.7037001061669184,0.0999999046325683,0.09999990463256836
2002-12-31,2.650000095367432,2.799999952316284,2.450000047683716,2.799999952316284,2.799999952316284,-0.0835884131390854,0.0,0.0,0.0
2003-01-02,2.8499999046325684,2.8499999046325684,2.799999952316284,2.799999952316284,2.799999952316284,-0.5108882680192923,0.0,0.0,0.0
2003-01-03,2.700000047683716,2.900000095367432,2.700000047683716,2.900000095367432,2.900000095367432,-0.502916255801378,3.571433741219288,0.1000001430511479,0.1000001430511479
2003-01-06,2.900000095367432,2.900000095367432,2.900000095367432,2.900000095367432,2.900000095367432,-0.5754615669843982,0.0,0.0,0.0
2003-01-07,2.8499999046325684,2.950000047683716,2.8499999046325684,2.950000047683716,2.950000047683716,-0.5475595242216982,1.7241362300696397,0.0499999523162837,0.049999952316283736
2003-01-08,2.950000047683716,2.950000047683716,2.950000047683716,2.950000047683716,2.950000047683716,-0.5914055914202269,0.0,0.0,0.0
2003-01-09,2.950000047683716,2.990000009536743,2.799999952316284,2.900000095367432,2.900000095367432,-0.5252378900115381,-1.6949136104435936,-0.0499999523162837,-0.049999952316283736
2003-01-10,2.900000095367432,3.0,2.900000095367432,3.0,3.0,-0.5292238961204953,3.448272460139279,0.0999999046325679,0.09999990463256792
2003-01-13,3.049999952316284,3.049999952316284,2.950000047683716,3.049999952316284,3.049999952316284,-0.5108882680192923,1.6666650772094729,0.0499999523162841,0.04999995231628418
2003-01-14,3.049999952316284,3.0999999046325684,3.0,3.0999999046325684,3.0999999046325684,-0.4550841824938921,1.6393427245240622,0.0499999523162841,0.04999995231628418
2003-01-15,3.150000095367432,3.3499999046325684,3.150000095367432,3.3499999046325684,3.3499999046325684,-0.3139795662368089,8.06451637712653,0.25,0.25
2003-01-16,3.309999942779541,3.5,3.309999942779541,3.4800000190734863,3.4800000190734863,-0.4925526399180894,3.880600541544688,0.1300001144409179,0.13000011444091797
2003-01-17,3.5,3.5,3.5,3.5,3.5,-0.5914055914202269,0.5747120924395333,0.0199999809265136,0.019999980926513672
2003-01-21,3.3499999046325684,3.5,3.3499999046325684,3.5,3.5,-0.4853778289219665,0.0,0.0,0.0
2003-01-22,3.5,3.5,3.309999942779541,3.450000047683716,3.450000047683716,-0.5738671645408153,-1.4285700661795464,-0.0499999523162841,-0.04999995231628418
2003-01-23,3.450000047683716,3.450000047683716,3.400000095367432,3.400000095367432,3.400000095367432,-0.5874195853112697,-1.4492739601511873,-0.0499999523162837,-0.049999952316283736
2003-01-24,3.309999942779541,3.3499999046325684,3.299999952316284,3.3499999046325684,3.3499999046325684,-0.5778531706497725,-1.4705938038940047,-0.0500001907348637,-0.050000190734863725
2003-01-27,3.3499999046325684,3.3499999046325684,3.25,3.25,3.25,-0.5555315364396124,-2.9850718650553665,-0.0999999046325683,-0.09999990463256836
2003-01-28,3.25,3.25,3.25,3.25,3.25,-0.5666923535446925,0.0,0.0,0.0
2003-01-29,3.150000095367432,3.200000047683716,3.150000095367432,3.200000047683716,3.200000047683716,-0.5890139877548526,-1.5384600712702867,-0.0499999523162841,-0.04999995231628418
2003-01-30,3.200000047683716,3.5999999046325684,3.200000047683716,3.5999999046325684,3.5999999046325684,-0.2876719259176917,12.499995343387194,0.3999998569488525,0.39999985694885254
2003-01-31,3.4800000190734863,3.5,3.400000095367432,3.5,3.5,-0.4096437128517806,-2.777775202268362,-0.0999999046325683,-0.09999990463256836
2003-02-03,3.400000095367432,3.400000095367432,3.400000095367432,3.400000095367432,3.400000095367432,-0.5914055914202269,-2.8571401323590817,-0.0999999046325679,-0.09999990463256792
2003-02-04,3.400000095367432,3.5,3.400000095367432,3.5,3.5,-0.4000772981902834,2.941173583166057,0.0999999046325679,0.09999990463256792
2003-02-05,3.450000047683716,3.5999999046325684,3.450000047683716,3.5999999046325684,3.5999999046325684,-0.5922027926420182,2.857140132359093,0.0999999046325683,0.09999990463256836
2003-02-06,3.450000047683716,3.5,3.400000095367432,3.5,3.5,-0.5635035486575267,-2.777775202268362,-0.0999999046325683,-0.09999990463256836
2003-02-07,3.400000095367432,3.430000066757202,3.3499999046325684,3.430000066757202,3.430000066757202,-0.5794475730933554,-1.9999980926513672,-0.0699999332427978,-0.06999993324279785
2003-02-10,3.400000095367432,3.400000095367432,3.359999895095825,3.380000114440918,3.380000114440918,-0.5356015058948267,-1.4577245289547514,-0.0499999523162841,-0.04999995231628418
2003-02-11,3.400000095367432,3.400000095367432,3.400000095367432,3.400000095367432,3.400000095367432,-0.5937971950856011,0.5917153919925866,0.0199999809265141,0.019999980926514116
2003-02-12,3.299999952316284,3.400000095367432,3.299999952316284,3.3499999046325684,3.3499999046325684,-0.5698811584318582,-1.4705938038940047,-0.0500001907348637,-0.050000190734863725
2003-02-13,3.400000095367432,3.430000066757202,3.3499999046325684,3.430000066757202,3.430000066757202,-0.5212518839025809,2.3880646090170154,0.0800001621246337,0.08000016212463379
2003-02-14,3.319999933242798,3.3499999046325684,3.140000104904175,3.319999933242798,3.319999933242798,-0.5563287376614039,-3.2070009146793037,-0.1100001335144043,-0.1100001335144043
2003-02-18,3.3499999046325684,3.3499999046325684,3.0999999046325684,3.150000095367432,3.150000095367432,-0.5244406887897467,-5.120477147399183,-0.1699998378753657,-0.16999983787536577
2003-02-19,3.0999999046325684,3.150000095367432,3.0999999046325684,3.150000095367432,3.150000095367432,-0.5395875120037839,0.0,0.0,0.0
2003-02-20,3.049999952316284,3.150000095367432,3.049999952316284,3.150000095367432,3.150000095367432,-0.5850279816458954,0.0,0.0,0.0
2003-02-21,3.150000095367432,3.25,3.0,3.25,3.25,-0.5419791156691581,3.1746000509534467,0.0999999046325679,0.09999990463256792
2003-02-24,3.049999952316284,3.5,3.049999952316284,3.5,3.5,-0.5053078594667523,7.692307692307687,0.25,0.25
2003-02-25,3.299999952316284,3.650000095367432,3.299999952316284,3.640000104904175,3.640000104904175,-0.3442732126648833,4.000002997262131,0.1400001049041748,0.1400001049041748
2003-02-26,3.5999999046325684,3.700000047683716,3.5999999046325684,3.700000047683716,3.700000047683716,-0.4662449995989722,1.6483500288558606,0.059999942779541,0.059999942779541016
2003-02-27,3.700000047683716,3.700000047683716,3.650000095367432,3.650000095367432,3.650000095367432,-0.5650979511011096,-1.35135004518675,-0.0499999523162837,-0.049999952316283736
2003-02-28,3.680000066757202,3.75,3.650000095367432,3.75,3.75,-0.5555315364396124,2.739723343007228,0.0999999046325679,0.09999990463256792
2003-03-03,3.75,3.799999952316284,3.75,3.799999952316284,3.799999952316284,-0.5666923535446925,1.333332061767578,0.0499999523162841,0.04999995231628418
2003-03-04,3.75,3.75,3.680000066757202,3.7200000286102295,3.7200000286102295,-0.5308182985640781,-2.105261176576878,-0.0799999237060546,-0.07999992370605469
2003-03-05,3.700000047683716,3.75,3.650000095367432,3.75,3.75,-0.5475595242216982,0.8064508376086854,0.0299999713897705,0.029999971389770508
2003-03-06,3.5999999046325684,3.650000095367432,3.5,3.5999999046325684,3.5999999046325684,-0.5395875120037839,-4.000002543131509,-0.1500000953674316,-0.15000009536743164
2003-03-07,3.5999999046325684,3.5999999046325684,3.5,3.549999952316284,3.549999952316284,-0.5292238961204953,-1.388887601134181,-0.0499999523162841,-0.04999995231628418
2003-03-10,3.5,3.549999952316284,3.299999952316284,3.549999952316284,3.549999952316284,-0.5730699633190239,0.0,0.0,0.0
2003-03-11,3.5,3.5,3.450000047683716,3.450000047683716,3.450000047683716,-0.5619091462139439,-2.8168987598808592,-0.0999999046325683,-0.09999990463256836
2003-03-12,3.450000047683716,3.5,3.450000047683716,3.450000047683716,3.450000047683716,-0.5053078594667523,0.0,0.0,0.0
2003-03-13,3.450000047683716,3.450000047683716,3.450000047683716,3.450000047683716,3.450000047683716,-0.5156714753500409,0.0,0.0,0.0
2003-03-14,3.549999952316284,3.549999952316284,3.549999952316284,3.549999952316284,3.549999952316284,-0.5882167865330611,2.8985479203023967,0.0999999046325683,0.09999990463256836
2003-03-17,3.400000095367432,3.400000095367432,3.400000095367432,3.400000095367432,3.400000095367432,-0.491755438696298,-4.225348139821272,-0.1499998569488521,-0.1499998569488521
2003-03-18,3.450000047683716,3.549999952316284,3.400000095367432,3.549999952316284,3.549999952316284,-0.5666923535446925,4.411760374749107,0.1499998569488521,0.1499998569488521
2003-03-19,3.400000095367432,3.549999952316284,3.400000095367432,3.549999952316284,3.549999952316284,-0.5730699633190239,0.0,0.0,0.0
2003-03-20,3.549999952316284,3.650000095367432,3.5,3.650000095367432,3.650000095367432,-0.5674895547664839,2.81690547589728,0.1000001430511479,0.1000001430511479
2003-03-21,3.5,3.5,3.3499999046325684,3.5,3.5,-0.5698811584318582,-4.10959154652658,-0.150000095367432,-0.15000009536743208
2003-03-24,3.3499999046325684,3.5,3.3499999046325684,3.5,3.5,-0.5140770729064581,0.0,0.0,0.0
2003-03-25,3.5,3.5,3.450000047683716,3.5,3.5,-0.5300210973422866,0.0,0.0,0.0
2003-03-26,3.400000095367432,3.450000047683716,3.400000095367432,3.450000047683716,3.450000047683716,-0.5682867559882754,-1.4285700661795464,-0.0499999523162841,-0.04999995231628418
2003-03-27,3.380000114440918,3.450000047683716,3.380000114440918,3.450000047683716,3.450000047683716,-0.5316154997858695,0.0,0.0,0.0
2003-03-28,3.450000047683716,3.450000047683716,3.450000047683716,3.450000047683716,3.450000047683716,-0.5945943963073925,0.0,0.0,0.0
2003-03-31,3.450000047683716,3.450000047683716,3.3499999046325684,3.400000095367432,3.400000095367432,-0.5810419755369383,-1.4492739601511873,-0.0499999523162837,-0.049999952316283736
2003-04-01,3.450000047683716,3.700000047683716,3.450000047683716,3.700000047683716,3.700000047683716,-0.5316154997858695,8.823527761809169,0.2999999523162837,0.29999995231628374
2003-04-02,3.700000047683716,3.900000095367432,3.700000047683716,3.900000095367432,3.900000095367432,-0.3944968896377434,5.405406624492359,0.2000000476837162,0.20000004768371626
2003-04-03,3.75,4.0,3.75,4.0,4.0,-0.5156714753500409,2.5641000560833627,0.0999999046325679,0.09999990463256792
2003-04-04,4.0,4.050000190734863,4.0,4.0,4.0,-0.254986675824243,0.0,0.0,0.0
2003-04-07,4.019999980926514,4.050000190734863,3.900000095367432,4.050000190734863,4.050000190734863,-0.5595175425485696,1.250004768371582,0.0500001907348632,0.05000019073486328
2003-04-08,4.050000190734863,4.050000190734863,4.050000190734863,4.050000190734863,4.050000190734863,-0.5914055914202269,0.0,0.0,0.0
2003-04-09,4.039999961853027,4.039999961853027,4.039999961853027,4.039999961853027,4.039999961853027,-0.5914055914202269,-0.2469192200216019,-0.0100002288818359,-0.010000228881835938
2003-04-10,4.0,4.0,4.0,4.0,4.0,-0.5635035486575267,-0.99009807501782,-0.0399999618530273,-0.039999961853027344
2003-04-11,4.0,4.0,4.0,4.0,4.0,-0.589811188976644,0.0,0.0,0.0
2003-04-14,4.0,4.019999980926514,3.930000066757202,4.019999980926514,4.019999980926514,-0.3729724566493748,0.4999995231628418,0.0199999809265136,0.019999980926513672
2003-04-15,3.950000047683716,3.950000047683716,3.950000047683716,3.950000047683716,3.950000047683716,-0.5906083901984354,-1.7412918799732058,-0.0699999332427978,-0.06999993324279785
2003-04-16,3.950000047683716,3.950000047683716,3.799999952316284,3.859999895095825,3.859999895095825,-0.4200073287350692,-2.27848484813733,-0.0900001525878906,-0.09000015258789062
2003-04-17,3.890000104904175,3.940000057220459,3.819999933242798,3.940000057220459,3.940000057220459,-0.5180630790154152,2.0725431165496966,0.0800001621246337,0.08000016212463379
2003-04-21,3.940000057220459,3.940000057220459,3.940000057220459,3.940000057220459,3.940000057220459,-0.5571259388831953,0.0,0.0,0.0
2003-04-22,3.940000057220459,3.950000047683716,3.940000057220459,3.950000047683716,3.950000047683716,-0.565895152322901,0.2538068608636479,0.0099999904632568,0.009999990463256836
2003-04-23,3.950000047683716,4.0,3.950000047683716,4.0,4.0,-0.5220490851243723,1.2658215623466695,0.0499999523162841,0.04999995231628418
2003-04-24,3.9800000190734863,4.050000190734863,3.9800000190734863,4.050000190734863,4.050000190734863,-0.4702310057079293,1.250004768371582,0.0500001907348632,0.05000019073486328
2003-04-25,4.099999904632568,4.199999809265137,4.099999904632568,4.199999809265137,4.199999809265137,-0.5411819144473667,3.703694110272538,0.1499996185302734,0.14999961853027344
2003-04-28,4.199999809265137,4.349999904632568,4.099999904632568,4.300000190734863,4.300000190734863,-0.543573518112741,2.3809615716916754,0.1000003814697265,0.10000038146972656
2003-04-29,4.300000190734863,4.300000190734863,4.300000190734863,4.300000190734863,4.300000190734863,-0.5922027926420182,0.0,0.0,0.0
2003-04-30,4.099999904632568,4.199999809265137,4.099999904632568,4.199999809265137,4.199999809265137,-0.5730699633190239,-2.325590163581748,-0.1000003814697265,-0.10000038146972656
2003-05-01,4.199999809265137,4.199999809265137,4.199999809265137,4.199999809265137,4.199999809265137,-0.5945943963073925,0.0,0.0,0.0
2003-05-02,4.199999809265137,4.199999809265137,4.099999904632568,4.199999809265137,4.199999809265137,-0.5666923535446925,0.0,0.0,0.0
2003-05-05,4.28000020980835,4.440000057220459,4.28000020980835,4.440000057220459,4.440000057220459,-0.4853778289219665,5.714291877487354,0.2400002479553222,0.24000024795532227
2003-05-06,4.440000057220459,4.5,4.400000095367432,4.460000038146973,4.460000038146973,-0.445517767832395,0.4504500150622537,0.0199999809265136,0.019999980926513672
2003-05-07,4.5,5.150000095367432,4.5,5.099999904632568,5.099999904632568,-0.2390426513884144,14.349772668421345,0.6399998664855957,0.6399998664855957
2003-05-08,5.050000190734863,5.300000190734863,5.050000190734863,5.25,5.25,-0.1609169316528542,2.9411783955364257,0.1500000953674316,0.15000009536743164
2003-05-09,5.25,5.28000020980835,5.199999809265137,5.25,5.25,-0.4024689018556577,0.0,0.0,0.0
2003-05-12,5.25,5.300000190734863,5.230000019073486,5.300000190734863,5.300000190734863,-0.2286790355051258,0.9523845854259694,0.0500001907348632,0.05000019073486328
2003-05-13,5.0,5.25,5.0,5.25,5.25,-0.5172658777936238,-0.9433997912352998,-0.0500001907348632,-0.05000019073486328
2003-05-14,5.0,5.0,4.949999809265137,5.0,5.0,-0.4861750301437579,-4.761904761904767,-0.25,-0.25
2003-05-15,5.0,5.019999980926514,4.949999809265137,5.0,5.0,-0.2223014257307943,0.0,0.0,0.0
2003-05-16,4.96999979019165,5.099999904632568,4.949999809265137,4.949999809265137,4.949999809265137,-0.445517767832395,-1.00000381469727,-0.0500001907348632,-0.05000019073486328
2003-05-19,5.0,5.0,4.800000190734863,5.0,5.0,-0.5890139877548526,1.01010490225224,0.0500001907348632,0.05000019073486328
2003-05-20,4.900000095367432,4.900000095367432,4.900000095367432,4.900000095367432,4.900000095367432,-0.5882167865330611,-1.9999980926513672,-0.0999999046325683,-0.09999990463256836
2003-05-21,4.900000095367432,4.900000095367432,4.900000095367432,4.900000095367432,4.900000095367432,-0.5937971950856011,0.0,0.0,0.0
2003-05-22,4.900000095367432,4.900000095367432,4.900000095367432,4.900000095367432,4.900000095367432,-0.589811188976644,0.0,0.0,0.0
2003-05-23,4.900000095367432,4.900000095367432,4.900000095367432,4.900000095367432,4.900000095367432,-0.5937971950856011,0.0,0.0,0.0
2003-05-27,4.699999809265137,4.800000190734863,4.5,4.75,4.75,-0.5132798716846666,-3.061226376490178,-0.1500000953674316,-0.15000009536743164
2003-05-28,4.75,4.949999809265137,4.75,4.949999809265137,4.949999809265137,-0.5539371339960296,4.210522300318664,0.1999998092651367,0.19999980926513672
2003-05-29,4.849999904632568,4.949999809265137,4.849999904632568,4.949999809265137,4.949999809265137,-0.5802447743151468,0.0,0.0,0.0
2003-05-30,4.849999904632568,4.849999904632568,4.5,4.75,4.75,-0.4718254081515122,-4.040400342860384,-0.1999998092651367,-0.19999980926513672
2003-06-02,4.5,4.650000095367432,4.5,4.590000152587891,4.590000152587891,-0.5507483291088638,-3.3684178402549336,-0.1599998474121093,-0.15999984741210938
2003-06-03,4.5,4.599999904632568,4.050000190734863,4.400000095367432,4.400000095367432,-0.5276294936769124,-4.139434660221852,-0.1900000572204589,-0.19000005722045898
2003-06-04,4.400000095367432,4.400000095367432,3.75,4.0,4.0,-0.2350566452794572,-9.090911061310525,-0.4000000953674316,-0.40000009536743164
2003-06-05,3.990000009536743,3.990000009536743,3.5999999046325684,3.9700000286102295,3.9700000286102295,-0.3793500664237062,-0.7499992847442627,-0.0299999713897705,-0.029999971389770508
2003-06-06,3.900000095367432,3.950000047683716,3.799999952316284,3.940000057220459,3.940000057220459,-0.312385163793226,-0.7556667801907446,-0.0299999713897705,-0.029999971389770508
2003-06-09,3.819999933242798,4.050000190734863,3.799999952316284,3.900000095367432,3.900000095367432,-0.4024689018556577,-1.0152274434545472,-0.0399999618530269,-0.0399999618530269
2003-06-10,3.849999904632568,4.150000095367432,3.849999904632568,4.150000095367432,4.150000095367432,-0.3785528652019148,6.410256253505198,0.2499999999999995,0.24999999999999956
2003-06-11,4.150000095367432,4.199999809265137,3.900000095367432,4.199999809265137,4.199999809265137,-0.497335847248838,1.2048123553905166,0.049999713897705,0.04999971389770508
2003-06-12,3.950000047683716,4.199999809265137,3.950000047683716,4.150000095367432,4.150000095367432,-0.5244406887897467,-1.190469432579655,-0.049999713897705,-0.04999971389770508
2003-06-13,4.099999904632568,4.300000190734863,4.099999904632568,4.300000190734863,4.300000190734863,-0.4216017311786521,3.614460046275037,0.1500000953674316,0.15000009536743164
2003-06-16,4.300000190734863,4.550000190734863,4.300000190734863,4.550000190734863,4.550000190734863,-0.5403847132255752,5.813953230482882,0.25,0.25
2003-06-17,4.5,4.650000095367432,4.5,4.550000190734863,4.550000190734863,-0.5467623229999067,0.0,0.0,0.0
2003-06-18,4.650000095367432,4.650000095367432,4.650000095367432,4.650000095367432,4.650000095367432,-0.5937971950856011,2.19780000968346,0.0999999046325683,0.09999990463256836
2003-06-19,4.46999979019165,4.510000228881836,4.0,4.510000228881836,4.510000228881836,-0.5172658777936238,-3.010749755146691,-0.1399998664855957,-0.1399998664855957
2003-06-20,4.510000228881836,4.510000228881836,4.510000228881836,4.510000228881836,4.510000228881836,-0.5937971950856011,0.0,0.0,0.0
2003-06-23,4.199999809265137,4.510000228881836,4.199999809265137,4.400000095367432,4.400000095367432,-0.5778531706497725,-2.439027226871704,-0.1100001335144043,-0.1100001335144043
2003-06-24,4.400000095367432,4.400000095367432,4.400000095367432,4.400000095367432,4.400000095367432,-0.5937971950856011,0.0,0.0,0.0
2003-06-25,4.400000095367432,4.400000095367432,4.400000095367432,4.400000095367432,4.400000095367432,-0.5945943963073925,0.0,0.0,0.0
2003-06-26,4.099999904632568,4.25,4.099999904632568,4.25,4.25,-0.5770559694279811,-3.409093002642438,-0.1500000953674316,-0.15000009536743164
2003-06-27,4.25,4.349999904632568,4.25,4.349999904632568,4.349999904632568,-0.5778531706497725,2.3529389325310124,0.0999999046325683,0.09999990463256836
2003-06-30,4.400000095367432,4.400000095367432,4.099999904632568,4.099999904632568,4.099999904632568,-0.5858251828676868,-5.747126562779014,-0.25,-0.25
2003-07-01,4.099999904632568,4.099999904632568,4.099999904632568,4.099999904632568,4.099999904632568,-0.5914055914202269,0.0,0.0,0.0
2003-07-02,4.050000190734863,4.050000190734863,3.9700000286102295,3.9700000286102295,3.9700000286102295,-0.5427763168909495,-3.1707287572239395,-0.1299998760223388,-0.12999987602233887
2003-07-03,4.0,4.0,4.0,4.0,4.0,-0.5914055914202269,0.7556667801907446,0.0299999713897705,0.029999971389770508
2003-07-07,3.9600000381469727,4.010000228881836,3.950000047683716,4.010000228881836,4.010000228881836,-0.4008744994120748,0.2500057220458984,0.0100002288818359,0.010000228881835938
2003-07-08,3.950000047683716,4.0,3.910000085830689,4.0,4.0,-0.4766086154822608,-0.2493822521457689,-0.0100002288818359,-0.010000228881835938
2003-07-09,4.050000190734863,4.050000190734863,4.0,4.0,4.0,-0.5922027926420182,0.0,0.0,0.0
2003-07-10,4.0,4.050000190734863,4.0,4.050000190734863,4.050000190734863,-0.4590701886028493,1.250004768371582,0.0500001907348632,0.05000019073486328
2003-07-11,4.0,4.099999904632568,4.0,4.099999904632568,4.099999904632568,-0.565895152322901,1.2345607788387003,0.049999713897705,0.04999971389770508
2003-07-14,4.050000190734863,4.050000190734863,4.0,4.0,4.0,-0.5682867559882754,-2.439022120941492,-0.0999999046325683,-0.09999990463256836
2003-07-15,3.799999952316284,3.950000047683716,3.799999952316284,3.900000095367432,3.900000095367432,-0.5587203413267782,-2.499997615814198,-0.0999999046325679,-0.09999990463256792
2003-07-16,3.799999952316284,3.900000095367432,3.799999952316284,3.900000095367432,3.900000095367432,-0.571475560875441,0.0,0.0,0.0
2003-07-17,4.050000190734863,4.050000190734863,4.050000190734863,4.050000190734863,4.050000190734863,-0.5914055914202269,3.846156197421813,0.1500000953674312,0.1500000953674312
2003-07-18,3.799999952316284,4.150000095367432,3.799999952316284,4.150000095367432,4.150000095367432,-0.5459651217781153,2.469133331433837,0.0999999046325683,0.09999990463256836
2003-07-21,4.199999809265137,4.199999809265137,4.199999809265137,4.199999809265137,4.199999809265137,-0.5937971950856011,1.2048123553905166,0.049999713897705,0.04999971389770508
2003-07-22,4.199999809265137,4.199999809265137,4.199999809265137,4.199999809265137,4.199999809265137,-0.5929999938638097,0.0,0.0,0.0
2003-07-23,4.150000095367432,4.150000095367432,4.150000095367432,4.150000095367432,4.150000095367432,-0.5929999938638097,-1.190469432579655,-0.049999713897705,-0.04999971389770508
2003-07-24,4.170000076293945,4.170000076293945,4.170000076293945,4.170000076293945,4.170000076293945,-0.5914055914202269,0.4819272401665575,0.0199999809265136,0.019999980926513672
2003-07-25,4.170000076293945,4.199999809265137,3.900000095367432,3.900000095367432,3.900000095367432,-0.5443707193345324,-6.474819568024415,-0.2699999809265132,-0.26999998092651323
2003-07-28,3.900000095367432,3.900000095367432,3.799999952316284,3.900000095367432,3.900000095367432,-0.5603147437703611,0.0,0.0,0.0
2003-07-29,4.03000020980835,4.03000020980835,4.03000020980835,4.03000020980835,4.03000020980835,-0.5914055914202269,3.333336186205149,0.1300001144409175,0.13000011444091752
2003-07-30,4.03000020980835,4.050000190734863,3.799999952316284,4.0,4.0,-0.5794475730933554,-0.74442204085583,-0.0300002098083496,-0.03000020980834961
2003-07-31,3.799999952316284,3.900000095367432,3.799999952316284,3.900000095367432,3.900000095367432,-0.5722727620972325,-2.499997615814198,-0.0999999046325679,-0.09999990463256792
2003-08-01,3.799999952316284,3.950000047683716,3.799999952316284,3.799999952316284,3.799999952316284,-0.565895152322901,-2.5641061693801426,-0.1000001430511479,-0.1000001430511479
2003-08-04,4.050000190734863,4.050000190734863,4.050000190734863,4.050000190734863,4.050000190734863,-0.5937971950856011,6.578953725149184,0.2500002384185791,0.2500002384185791
2003-08-05,3.990000009536743,3.990000009536743,3.990000009536743,3.990000009536743,3.990000009536743,-0.5914055914202269,-1.4814858857385205,-0.0600001811981201,-0.06000018119812012
2003-08-06,3.900000095367432,3.900000095367432,3.549999952316284,3.799999952316284,3.799999952316284,-0.5228462863461638,-4.7619061846197575,-0.1900000572204589,-0.19000005722045898
2003-08-07,4.0,4.0,3.900000095367432,3.900000095367432,3.900000095367432,-0.4901610362527151,2.631582744894323,0.1000001430511479,0.1000001430511479
2003-08-08,4.0,4.0,3.900000095367432,4.0,4.0,-0.5571259388831953,2.5641000560833627,0.0999999046325679,0.09999990463256792
2003-08-11,4.050000190734863,4.150000095367432,3.950000047683716,4.050000190734863,4.050000190734863,-0.0835884131390854,1.250004768371582,0.0500001907348632,0.05000019073486328
2003-08-12,4.0,4.199999809265137,4.0,4.150000095367432,4.150000095367432,-0.5387903107819924,2.469133331433837,0.0999999046325683,0.09999990463256836
2003-08-13,4.25,4.25,4.150000095367432,4.25,4.25,-0.5722727620972325,2.4096362008327654,0.0999999046325683,0.09999990463256836
2003-08-14,4.369999885559082,4.369999885559082,4.369999885559082,4.369999885559082,4.369999885559082,-0.5945943963073925,2.823526719037228,0.119999885559082,0.11999988555908203
2003-08-15,4.050000190734863,4.400000095367432,4.050000190734863,4.400000095367432,4.400000095367432,-0.5252378900115381,0.6865036749196918,0.0300002098083496,0.03000020980834961
2003-08-18,4.25,4.25,4.25,4.25,4.25,-0.5890139877548526,-3.409093002642438,-0.1500000953674316,-0.15000009536743164
2003-08-19,4.25,4.300000190734863,4.199999809265137,4.28000020980835,4.28000020980835,-0.4503009751631436,0.7058872896082313,0.0300002098083496,0.03000020980834961
2003-08-20,4.300000190734863,4.699999809265137,4.300000190734863,4.699999809265137,4.699999809265137,-0.5332099022294524,9.813074272620035,0.4199995994567871,0.4199995994567871
2003-08-21,4.5,4.5,4.300000190734863,4.400000095367432,4.400000095367432,-0.5539371339960296,-6.38297289515446,-0.2999997138977051,-0.2999997138977051
2003-08-22,4.400000095367432,4.699999809265137,4.300000190734863,4.699999809265137,4.699999809265137,-0.554734335217821,6.818175168076968,0.2999997138977051,0.2999997138977051
2003-08-25,4.699999809265137,4.699999809265137,4.699999809265137,4.699999809265137,4.699999809265137,-0.595391597529184,0.0,0.0,0.0
2003-08-26,4.599999904632568,4.849999904632568,4.599999904632568,4.849999904632568,4.849999904632568,-0.5842307804241039,3.191491520313172,0.1500000953674316,0.15000009536743164
2003-08-27,4.849999904632568,4.849999904632568,4.5,4.849999904632568,4.849999904632568,-0.5603147437703611,0.0,0.0,0.0
2003-08-28,4.849999904632568,4.900000095367432,4.699999809265137,4.900000095367432,4.900000095367432,-0.5076994631321265,1.0309317880007551,0.0500001907348632,0.05000019073486328
2003-08-29,4.699999809265137,4.900000095367432,4.650000095367432,4.849999904632568,4.849999904632568,-0.4112381152953634,-1.0204120359535218,-0.0500001907348632,-0.05000019073486328
2003-09-02,4.550000190734863,4.849999904632568,4.449999809265137,4.849999904632568,4.849999904632568,-0.5722727620972325,0.0,0.0,0.0
2003-09-03,4.800000190734863,4.800000190734863,4.699999809265137,4.800000190734863,4.800000190734863,-0.5635035486575267,-1.030921956306574,-0.049999713897705,-0.04999971389770508
2003-09-04,4.800000190734863,4.900000095367432,4.699999809265137,4.900000095367432,4.900000095367432,-0.4933498411398808,2.0833312637276835,0.0999999046325683,0.09999990463256836
2003-09-05,4.849999904632568,4.900000095367432,4.849999904632568,4.880000114440918,4.880000114440918,-0.4718254081515122,-0.4081628681073312,-0.0199999809265136,-0.019999980926513672
2003-09-08,4.75,4.900000095367432,4.599999904632568,4.900000095367432,4.900000095367432,-0.4782030179258436,0.40983566511259,0.0199999809265136,0.019999980926513672
2003-09-09,4.550000190734863,5.0,4.550000190734863,4.900000095367432,4.900000095367432,-0.4295737433965664,0.0,0.0,0.0
2003-09-10,4.800000190734863,4.949999809265137,4.800000190734863,4.900000095367432,4.900000095367432,-0.4375457556144806,0.0,0.0,0.0
2003-09-11,4.869999885559082,4.900000095367432,4.800000190734863,4.800000190734863,4.800000190734863,-0.5443707193345324,-2.0408143405366563,-0.0999999046325683,-0.09999990463256836
2003-09-12,4.800000190734863,4.849999904632568,4.800000190734863,4.800000190734863,4.800000190734863,-0.4662449995989722,0.0,0.0,0.0
2003-09-15,4.800000190734863,4.820000171661377,4.769999980926514,4.800000190734863,4.800000190734863,-0.4447205666106035,0.0,0.0,0.0
2003-09-16,4.849999904632568,4.900000095367432,4.849999904632568,4.900000095367432,4.900000095367432,-0.5555315364396124,2.0833312637276835,0.0999999046325683,0.09999990463256836
2003-09-17,4.800000190734863,4.900000095367432,4.800000190734863,4.900000095367432,4.900000095367432,-0.5467623229999067,0.0,0.0,0.0
2003-09-18,4.800000190734863,4.900000095367432,4.800000190734863,4.900000095367432,4.900000095367432,-0.5276294936769124,0.0,0.0,0.0
2003-09-19,4.900000095367432,5.050000190734863,4.880000114440918,4.980000019073486,4.980000019073486,-0.2390426513884144,1.632651472429325,0.0799999237060546,0.07999992370605469
2003-09-22,4.900000095367432,5.190000057220459,4.900000095367432,5.150000095367432,5.150000095367432,-0.2302734379487086,3.4136561374064733,0.1700000762939453,0.1700000762939453
2003-09-23,5.199999809265137,5.199999809265137,5.0,5.150000095367432,5.150000095367432,-0.4168185238479034,0.0,0.0,0.0
2003-09-24,4.989999771118164,5.0,4.989999771118164,5.0,5.0,-0.5595175425485696,-2.912623157082284,-0.1500000953674316,-0.15000009536743164
2003-09-25,5.0,5.0,5.0,5.0,5.0,0.1077398800908579,0.0,0.0,0.0
2003-09-26,4.960000038146973,5.0,4.960000038146973,4.980000019073486,4.980000019073486,-0.0708331935904225,-0.3999996185302779,-0.0199999809265136,-0.019999980926513672
2003-09-29,4.989999771118164,5.0,4.989999771118164,5.0,5.0,-0.4774058167040522,0.4016060411629274,0.0199999809265136,0.019999980926513672
2003-09-30,5.0,5.099999904632568,4.989999771118164,5.099999904632568,5.099999904632568,-0.3394900053341347,1.9999980926513672,0.0999999046325683,0.09999990463256836
2003-10-01,5.150000095367432,5.150000095367432,5.050000190734863,5.099999904632568,5.099999904632568,-0.491755438696298,0.0,0.0,0.0
2003-10-02,5.150000095367432,5.150000095367432,5.099999904632568,5.099999904632568,5.099999904632568,-0.5794475730933554,0.0,0.0,0.0
2003-10-03,5.0,5.099999904632568,5.0,5.099999904632568,5.099999904632568,-0.5826363779805211,0.0,0.0,0.0
2003-10-06,5.0,5.099999904632568,5.0,5.099999904632568,5.099999904632568,-0.571475560875441,0.0,0.0,0.0
2003-10-07,5.0,5.150000095367432,5.0,5.0,5.0,-0.5411819144473667,-1.960782480441492,-0.0999999046325683,-0.09999990463256836
2003-10-08,5.0,5.050000190734863,5.0,5.0,5.0,-0.5635035486575267,0.0,0.0,0.0
2003-10-09,5.0,5.050000190734863,4.980000019073486,5.0,5.0,-0.5005246521360037,0.0,0.0,0.0
2003-10-10,5.119999885559082,5.119999885559082,5.099999904632568,5.099999904632568,5.099999904632568,-0.5794475730933554,1.9999980926513672,0.0999999046325683,0.09999990463256836
2003-10-13,4.980000019073486,5.110000133514404,4.980000019073486,5.099999904632568,5.099999904632568,-0.5802447743151468,0.0,0.0,0.0
2003-10-14,5.110000133514404,5.110000133514404,4.980000019073486,5.099999904632568,5.099999904632568,-0.4957414448052551,0.0,0.0,0.0
2003-10-15,4.980000019073486,5.099999904632568,4.980000019073486,5.0,5.0,-0.4359513531708978,-1.960782480441492,-0.0999999046325683,-0.09999990463256836
2003-10-16,5.050000190734863,5.099999904632568,4.949999809265137,5.0,5.0,-0.5483567254434896,0.0,0.0,0.0
2003-10-17,4.949999809265137,5.050000190734863,4.900000095367432,5.0,5.0,-0.4351541519491064,0.0,0.0,0.0
2003-10-20,5.050000190734863,5.050000190734863,5.0,5.0,5.0,-0.5890139877548526,0.0,0.0,0.0
2003-10-21,4.900000095367432,5.0,4.880000114440918,5.0,5.0,-0.5204546826807895,0.0,0.0,0.0
2003-10-22,5.0,5.050000190734863,5.0,5.050000190734863,5.050000190734863,-0.5260350912333295,1.00000381469727,0.0500001907348632,0.05000019073486328
2003-10-23,5.050000190734863,5.050000190734863,5.050000190734863,5.050000190734863,5.050000190734863,-0.595391597529184,0.0,0.0,0.0
2003-10-24,5.0,5.090000152587891,4.949999809265137,5.090000152587891,5.090000152587891,-0.4518953776067264,0.7920784226189692,0.0399999618530273,0.039999961853027344
2003-10-27,4.949999809265137,5.090000152587891,4.949999809265137,5.090000152587891,5.090000152587891,-0.4447205666106035,0.0,0.0,0.0
2003-10-28,5.0,5.099999904632568,4.980000019073486,5.050000190734863,5.050000190734863,-0.4997274509142123,-0.7858538438882068,-0.0399999618530273,-0.039999961853027344
2003-10-29,5.039999961853027,5.099999904632568,5.039999961853027,5.050000190734863,5.050000190734863,-0.589811188976644,0.0,0.0,0.0
2003-10-30,5.099999904632568,5.300000190734863,5.050000190734863,5.300000190734863,5.300000190734863,-0.0365535410533909,4.950494862528321,0.25,0.25
2003-10-31,5.349999904632568,5.400000095367432,5.300000190734863,5.300000190734863,5.300000190734863,-0.2246930293961686,0.0,0.0,0.0
2003-11-03,5.349999904632568,5.400000095367432,5.349999904632568,5.380000114440918,5.380000114440918,-0.5419791156691581,1.5094324684347349,0.0799999237060546,0.07999992370605469
2003-11-04,5.349999904632568,5.449999809265137,5.349999904632568,5.449999809265137,5.449999809265137,-0.5363987071166181,1.3011095415467857,0.0699996948242187,0.06999969482421875
2003-11-05,5.480000019073486,5.5,5.400000095367432,5.5,5.5,-0.4439233653888121,0.9174347244904846,0.0500001907348632,0.05000019073486328
2003-11-06,5.5,5.650000095367432,5.400000095367432,5.650000095367432,5.650000095367432,-0.5236434875679552,2.727274461226026,0.1500000953674316,0.15000009536743164
2003-11-07,5.699999809265137,5.75,5.650000095367432,5.650000095367432,5.650000095367432,-0.5403847132255752,0.0,0.0,0.0
2003-11-10,5.849999904632568,6.300000190734863,5.849999904632568,6.0,6.0,-0.3060075540188946,6.194688473006238,0.3499999046325683,0.34999990463256836
2003-11-11,5.849999904632568,5.940000057220459,5.699999809265137,5.800000190734863,5.800000190734863,-0.3426788102213004,-3.3333301544189453,-0.1999998092651367,-0.19999980926513672
2003-11-12,5.5,5.75,5.5,5.739999771118164,5.739999771118164,-0.5108882680192923,-1.0344899593718315,-0.0600004196166992,-0.06000041961669922
2003-11-13,5.75,5.75,5.650000095367432,5.650000095367432,5.650000095367432,-0.5874195853112697,-1.5679386644505078,-0.0899996757507324,-0.08999967575073242
2003-11-14,5.75,5.75,5.5,5.730000019073486,5.730000019073486,-0.571475560875441,1.4159278293047972,0.0799999237060546,0.07999992370605469
2003-11-17,5.650000095367432,5.75,5.599999904632568,5.619999885559082,5.619999885559082,-0.5300210973422866,-1.919723091592429,-0.1100001335144043,-0.1100001335144043
2003-11-18,5.5,5.699999809265137,5.5,5.699999809265137,5.699999809265137,-0.5834335792023125,1.4234862159271389,0.0799999237060546,0.07999992370605469
2003-11-19,5.449999809265137,5.550000190734863,5.300000190734863,5.550000190734863,5.550000190734863,-0.0987352363531225,-2.63157234297543,-0.1499996185302734,-0.14999961853027344
2003-11-20,5.400000095367432,5.5,5.400000095367432,5.400000095367432,5.400000095367432,-0.4981330484706294,-2.702704328151928,-0.1500000953674316,-0.15000009536743164
2003-11-21,5.300000190734863,5.800000190734863,5.300000190734863,5.800000190734863,5.800000190734863,-0.2589726819332001,7.407409042651403,0.4000000953674316,0.40000009536743164
2003-11-24,5.550000190734863,5.849999904632568,5.5,5.849999904632568,5.849999904632568,-0.5395875120037839,0.8620640043698113,0.049999713897705,0.04999971389770508
2003-11-25,5.400000095367432,5.599999904632568,5.400000095367432,5.599999904632568,5.599999904632568,-0.5754615669843982,-4.273504343171474,-0.25,-0.25
2003-11-26,5.599999904632568,5.75,5.400000095367432,5.75,5.75,-0.5443707193345324,2.678573177177101,0.1500000953674316,0.15000009536743164
2003-11-28,5.400000095367432,5.800000190734863,5.400000095367432,5.800000190734863,5.800000190734863,-0.4726226093733036,0.8695685345193604,0.0500001907348632,0.05000019073486328
2003-12-01,5.800000190734863,6.050000190734863,5.800000190734863,5.949999809265137,5.949999809265137,-0.1704833463143513,2.586200234439451,0.1499996185302734,0.14999961853027344
2003-12-02,5.849999904632568,6.010000228881836,5.849999904632568,6.010000228881836,6.010000228881836,-0.5595175425485696,1.0084104460519328,0.0600004196166992,0.06000041961669922
2003-12-03,6.050000190734863,6.050000190734863,5.829999923706055,6.0,6.0,-0.5140770729064581,-0.1663931530947127,-0.0100002288818359,-0.010000228881835938
2003-12-04,5.75,6.0,5.75,5.949999809265137,5.949999809265137,-0.3968884933031177,-0.8333365122477177,-0.0500001907348632,-0.05000019073486328
2003-12-05,5.900000095367432,6.099999904632568,5.900000095367432,6.099999904632568,6.099999904632568,-0.375364060314749,2.521010086989528,0.1500000953674316,0.15000009536743164
2003-12-08,6.050000190734863,6.150000095367432,5.550000190734863,6.099999904632568,6.099999904632568,0.1428167338496809,0.0,0.0,0.0
2003-12-09,6.0,6.0,6.0,6.0,6.0,-0.571475560875441,-1.639342724524051,-0.0999999046325683,-0.09999990463256836
2003-12-10,5.75,6.050000190734863,5.75,6.050000190734863,6.050000190734863,-0.5531399327742381,0.8333365122477288,0.0500001907348632,0.05000019073486328
2003-12-11,5.980000019073486,6.199999809265137,5.980000019073486,6.199999809265137,6.199999809265137,-0.497335847248838,2.4793324595259847,0.1499996185302734,0.14999961853027344
2003-12-12,6.099999904632568,6.150000095367432,5.900000095367432,6.150000095367432,6.150000095367432,0.0240337518027577,-0.8064470231593623,-0.049999713897705,-0.04999971389770508
2003-12-15,6.099999904632568,6.150000095367432,6.0,6.150000095367432,6.150000095367432,-0.5308182985640781,0.0,0.0,0.0
2003-12-16,6.119999885559082,6.25,6.119999885559082,6.25,6.25,-0.5475595242216982,1.6260146842582035,0.0999999046325683,0.09999990463256836
2003-12-17,6.349999904632568,6.360000133514404,6.300000190734863,6.360000133514404,6.360000133514404,-0.5603147437703611,1.7600021362304652,0.1100001335144043,0.1100001335144043
2003-12-18,6.300000190734863,6.449999809265137,6.25,6.449999809265137,6.449999809265137,-0.4742170118168865,1.4150892116569835,0.0899996757507324,0.08999967575073242
2003-12-19,6.329999923706055,6.400000095367432,6.300000190734863,6.329999923706055,6.329999923706055,-0.2693362978164887,-1.8604633970175863,-0.119999885559082,-0.11999988555908203
2003-12-22,6.349999904632568,6.349999904632568,6.300000190734863,6.300000190734863,6.300000190734863,-0.5563287376614039,-0.4739294365366686,-0.0299997329711914,-0.029999732971191406
2003-12-23,6.400000095367432,6.400000095367432,6.050000190734863,6.150000095367432,6.150000095367432,-0.3634060419878776,-2.3809538226368665,-0.1500000953674316,-0.15000009536743164
2003-12-24,6.199999809265137,6.25,6.150000095367432,6.199999809265137,6.199999809265137,-0.5244406887897467,0.8130034654042939,0.049999713897705,0.04999971389770508
2003-12-26,6.099999904632568,6.25,6.099999904632568,6.25,6.25,-0.578650371871564,0.806454714081517,0.0500001907348632,0.05000019073486328
2003-12-29,6.380000114440918,6.380000114440918,6.230000019073486,6.329999923706055,6.329999923706055,-0.4590701886028493,1.279998779296876,0.0799999237060546,0.07999992370605469
2003-12-30,6.25,6.340000152587891,6.119999885559082,6.340000152587891,6.340000152587891,-0.502916255801378,0.1579815008272644,0.0100002288818359,0.010000228881835938
2003-12-31,6.349999904632568,6.400000095367432,6.199999809265137,6.380000114440918,6.380000114440918,-0.4877694325873408,0.6309142096266429,0.0399999618530273,0.039999961853027344
2004-01-02,6.320000171661377,6.320000171661377,6.03000020980835,6.179999828338623,6.179999828338623,-0.341881608999509,-3.1348006663761807,-0.2000002861022949,-0.20000028610229492
2004-01-05,6.059999942779541,6.199999809265137,6.0,6.199999809265137,6.199999809265137,-0.497335847248838,0.323624295826086,0.0199999809265136,0.019999980926513672
2004-01-06,6.25,6.28000020980835,6.0,6.25,6.25,-0.1489589133259827,0.806454714081517,0.0500001907348632,0.05000019073486328
2004-01-07,6.050000190734863,6.050000190734863,6.0,6.0,6.0,-0.2167210171782543,-4.000000000000004,-0.25,-0.25
2004-01-08,6.099999904632568,6.099999904632568,6.0,6.099999904632568,6.099999904632568,-0.3036159503535203,1.6666650772094729,0.0999999046325683,0.09999990463256836
2004-01-09,6.099999904632568,6.150000095367432,6.050000190734863,6.050000190734863,6.050000190734863,-0.5061050606885438,-0.8196674537606752,-0.049999713897705,-0.04999971389770508
2004-01-12,6.050000190734863,6.050000190734863,6.050000190734863,6.050000190734863,6.050000190734863,-0.5563287376614039,0.0,0.0,0.0
2004-01-13,6.119999885559082,6.150000095367432,6.050000190734863,6.150000095367432,6.150000095367432,-0.4263849385094007,1.652890933552542,0.0999999046325683,0.09999990463256836
2004-01-14,6.239999771118164,6.599999904632568,6.239999771118164,6.550000190734863,6.550000190734863,-0.4255877372876092,6.504066490482452,0.4000000953674316,0.40000009536743164
2004-01-15,6.539999961853027,6.550000190734863,6.449999809265137,6.5,6.5,-0.4766086154822608,-0.7633616683796363,-0.0500001907348632,-0.05000019073486328
2004-01-16,6.5,6.5,6.5,6.5,6.5,-0.5419791156691581,0.0,0.0,0.0
2004-01-20,6.5,6.5,6.449999809265137,6.449999809265137,6.449999809265137,-0.5619091462139439,-0.7692337036132812,-0.0500001907348632,-0.05000019073486328
2004-01-21,6.460000038146973,6.5,6.400000095367432,6.400000095367432,6.400000095367432,-0.3187627735675575,-0.7751893856784764,-0.049999713897705,-0.04999971389770508
2004-01-22,6.400000095367432,6.5,6.400000095367432,6.5,6.5,-0.4479093714977692,1.5624984866008385,0.0999999046325683,0.09999990463256836
2004-01-23,6.550000190734863,6.619999885559082,6.5,6.550000190734863,6.550000190734863,-0.5324127010076609,0.7692337036132812,0.0500001907348632,0.05000019073486328
2004-01-26,6.570000171661377,6.570000171661377,6.53000020980835,6.550000190734863,6.550000190734863,-0.4359513531708978,0.0,0.0,0.0
2004-01-27,6.630000114440918,6.800000190734863,6.550000190734863,6.650000095367432,6.650000095367432,-0.3626088407660862,1.5267160568028793,0.0999999046325683,0.09999990463256836
2004-01-28,6.699999809265137,6.699999809265137,6.699999809265137,6.699999809265137,6.699999809265137,-0.3952940908595349,0.7518753861753602,0.049999713897705,0.04999971389770508
2004-01-29,6.800000190734863,7.0,6.800000190734863,6.949999809265137,6.949999809265137,-0.4096437128517806,3.731343389805564,0.25,0.25
2004-01-30,7.0,7.050000190734863,6.949999809265137,7.0,7.0,-0.21432941351288,0.7194272245620414,0.0500001907348632,0.05000019073486328
2004-02-02,7.0,7.0,6.849999904632568,6.949999809265137,6.949999809265137,-0.3466648163302576,-0.714288439069477,-0.0500001907348632,-0.05000019073486328
2004-02-03,6.949999809265137,6.949999809265137,6.849999904632568,6.929999828338623,6.929999828338623,-0.4590701886028493,-0.2877695176315198,-0.0199999809265136,-0.019999980926513672
2004-02-04,7.0,7.019999980926514,6.900000095367432,7.019999980926514,7.019999980926514,-0.4933498411398808,1.2987035327166383,0.0900001525878906,0.09000015258789062
2004-02-05,7.0,7.0,6.800000190734863,6.800000190734863,6.800000190734863,-0.5571259388831953,-3.1339001536950795,-0.2199997901916504,-0.2199997901916504
2004-02-06,6.900000095367432,6.920000076293945,6.900000095367432,6.920000076293945,6.920000076293945,-0.5818391767587296,1.764704149899643,0.119999885559082,0.11999988555908203
2004-02-09,6.949999809265137,6.949999809265137,6.949999809265137,6.949999809265137,6.949999809265137,-0.5523427315524467,0.4335221479832452,0.0299997329711914,0.029999732971191406
2004-02-10,6.949999809265137,7.199999809265137,6.949999809265137,7.199999809265137,7.199999809265137,-0.462258993490015,3.5971224008772174,0.25,0.25
2004-02-11,7.079999923706055,7.25,7.0,7.25,7.25,-0.4574757861592665,0.694447111936336,0.0500001907348632,0.05000019073486328
2004-02-12,7.199999809265137,7.25,7.050000190734863,7.150000095367432,7.150000095367432,-0.5666923535446925,-1.3793090294147323,-0.0999999046325683,-0.09999990463256836
2004-02-13,7.150000095367432,7.349999904632568,7.150000095367432,7.349999904632568,7.349999904632568,-0.4925526399180894,2.797200092273,0.1999998092651367,0.19999980926513672
2004-02-17,7.46999979019165,7.46999979019165,7.25,7.25,7.25,-0.5419791156691581,-1.3605429378242606,-0.0999999046325683,-0.09999990463256836
2004-02-18,7.25,7.25,7.25,7.25,7.25,-0.595391597529184,0.0,0.0,0.0
2004-02-19,7.25,7.300000190734863,7.25,7.300000190734863,7.300000190734863,-0.5627063474357353,0.6896578032394851,0.0500001907348632,0.05000019073486328
2004-02-20,7.320000171661377,7.349999904632568,7.269999980926514,7.269999980926514,7.269999980926514,-0.5563287376614039,-0.4109617674589394,-0.0300002098083496,-0.03000020980834961
2004-02-23,7.349999904632568,7.349999904632568,7.260000228881836,7.320000171661377,7.320000171661377,-0.4901610362527151,0.6877605346085724,0.0500001907348632,0.05000019073486328
2004-02-24,7.400000095367432,7.400000095367432,7.25,7.25,7.25,-0.5467623229999067,-0.9562864756803569,-0.0700001716613769,-0.07000017166137695
2004-02-25,7.300000190734863,7.46999979019165,7.300000190734863,7.46999979019165,7.46999979019165,-0.5451679205563238,3.034479864712414,0.2199997901916504,0.2199997901916504
2004-02-26,7.46999979019165,7.550000190734863,7.46999979019165,7.5,7.5,-0.5738671645408153,0.4016092456621045,0.0300002098083496,0.03000020980834961
2004-02-27,7.400000095367432,7.579999923706055,7.260000228881836,7.579999923706055,7.579999923706055,-0.341881608999509,1.066665649414067,0.0799999237060546,0.07999992370605469
2004-03-01,7.599999904632568,7.650000095367432,7.599999904632568,7.650000095367432,7.650000095367432,-0.5794475730933554,0.9234851235612184,0.0700001716613769,0.07000017166137695
2004-03-02,7.75,8.050000190734863,7.75,8.0,8.0,-0.4965386460270465,4.575162095024243,0.3499999046325683,0.34999990463256836
2004-03-03,8.0,8.050000190734863,7.949999809265137,8.020000457763672,8.020000457763672,-0.5108882680192923,0.2500057220458984,0.0200004577636718,0.020000457763671875
2004-03-04,8.020000457763672,8.100000381469727,8.0,8.0,8.0,-0.5730699633190239,-0.2493822521457689,-0.0200004577636718,-0.020000457763671875
2004-03-05,8.0600004196167,8.350000381469727,8.0,8.25,8.25,-0.3761612615365405,3.125,0.25,0.25
2004-03-08,8.350000381469727,8.449999809265137,8.350000381469727,8.449999809265137,8.449999809265137,-0.5706783596536497,2.4242401123046875,0.1999998092651367,0.19999980926513672
2004-03-09,8.5,8.739999771118164,8.5,8.600000381469727,8.600000381469727,-0.4694338044861379,1.7751547407151236,0.1500005722045898,0.15000057220458984
2004-03-10,8.649999618530273,8.649999618530273,8.449999809265137,8.550000190734863,8.550000190734863,-0.5292238961204953,-0.5813975408954342,-0.0500001907348632,-0.05000019073486328
2004-03-11,8.579999923706055,8.579999923706055,8.3100004196167,8.3100004196167,8.3100004196167,-0.5467623229999067,-2.8070148042597443,-0.239999771118164,-0.23999977111816406
2004-03-12,8.25,8.300000190734863,8.199999809265137,8.300000190734863,8.300000190734863,-0.306804755240686,-0.1203396916590882,-0.0100002288818359,-0.010000228881835938
2004-03-15,8.300000190734863,8.640000343322754,8.300000190734863,8.550000190734863,8.550000190734863,-0.5148742741282495,3.012048123553912,0.25,0.25
2004-03-16,8.579999923706055,8.579999923706055,8.520000457763672,8.550000190734863,8.550000190734863,-0.5403847132255752,0.0,0.0,0.0
2004-03-17,8.470000267028809,8.649999618530273,8.40999984741211,8.649999618530273,8.649999618530273,-0.4136297189607377,1.1695839247322315,0.0999994277954101,0.09999942779541016
2004-03-18,8.600000381469727,8.649999618530273,8.550000190734863,8.619999885559082,8.619999885559082,-0.5340071034512438,-0.3468177375051562,-0.0299997329711914,-0.029999732971191406
2004-03-19,8.520000457763672,8.579999923706055,8.520000457763672,8.579999923706055,8.579999923706055,-0.5754615669843982,-0.4640366865901968,-0.0399999618530273,-0.039999961853027344
2004-03-22,8.479999542236328,8.649999618530273,8.479999542236328,8.630000114440918,8.630000114440918,-0.4359513531708978,0.582752810949505,0.0500001907348632,0.05000019073486328
2004-03-23,8.649999618530273,8.649999618530273,8.489999771118164,8.510000228881836,8.510000228881836,-0.549153926665281,-1.3904969173555548,-0.119999885559082,-0.11999988555908203
2004-03-24,8.5,8.5,8.399999618530273,8.5,8.5,-0.4646505971553893,-0.1175114995637272,-0.0100002288818359,-0.010000228881835938
2004-03-25,8.5,8.5,8.399999618530273,8.5,8.5,-0.5204546826807895,0.0,0.0,0.0
2004-03-26,8.550000190734863,8.550000190734863,8.550000190734863,8.550000190734863,8.550000190734863,-0.5929999938638097,0.5882375380572125,0.0500001907348632,0.05000019073486328
2004-03-29,8.449999809265137,8.5,8.399999618530273,8.5,8.5,-0.5746643657626068,-0.5847975394087768,-0.0500001907348632,-0.05000019073486328
2004-03-30,8.300000190734863,8.5,8.25,8.5,8.5,-0.5467623229999067,0.0,0.0,0.0
2004-03-31,8.420000076293945,8.479999542236328,8.420000076293945,8.479999542236328,8.479999542236328,-0.5802447743151468,-0.2352995031020266,-0.0200004577636718,-0.020000457763671875
2004-04-01,8.380000114440918,8.380000114440918,8.300000190734863,8.300000190734863,8.300000190734863,-0.5682867559882754,-2.122633976628685,-0.1799993515014648,-0.17999935150146484
2004-04-02,8.300000190734863,8.34000015258789,8.210000038146973,8.34000015258789,8.34000015258789,-0.4997274509142123,0.4819272401665575,0.0399999618530273,0.039999961853027344
2004-04-05,8.140000343322754,8.34000015258789,8.0,8.329999923706055,8.329999923706055,-0.1314204864465712,-0.1199068189313257,-0.0100002288818359,-0.010000228881835938
2004-04-06,8.270000457763672,8.34000015258789,8.180000305175781,8.300000190734863,8.300000190734863,-0.1688889438707685,-0.3601408552936003,-0.0299997329711914,-0.029999732971191406
2004-04-07,8.149999618530273,8.449999809265137,8.149999618530273,8.449999809265137,8.449999809265137,-0.4128325177389463,1.807224278111641,0.1499996185302734,0.14999961853027344
2004-04-08,8.399999618530273,8.399999618530273,8.25,8.25,8.25,-0.4885666338091322,-2.3668617015333404,-0.1999998092651367,-0.19999980926513672
2004-04-12,8.25,8.25,8.199999809265137,8.199999809265137,8.199999809265137,-0.5794475730933554,-0.6060629179983401,-0.0500001907348632,-0.05000019073486328
2004-04-13,8.149999618530273,8.149999618530273,8.0,8.149999618530273,8.149999618530273,-0.4216017311786521,-0.6097584377790843,-0.0500001907348632,-0.05000019073486328
2004-04-14,8.050000190734863,8.149999618530273,8.050000190734863,8.149999618530273,8.149999618530273,-0.5172658777936238,0.0,0.0,0.0
2004-04-15,8.100000381469727,8.100000381469727,8.0,8.029999732971191,8.029999732971191,-0.3626088407660862,-1.4723913027706592,-0.119999885559082,-0.11999988555908203
2004-04-16,8.0,8.100000381469727,7.960000038146973,8.100000381469727,8.100000381469727,-0.5595175425485696,0.8717391136529251,0.0700006484985351,0.07000064849853516
2004-04-19,8.0,8.0,7.949999809265137,8.0,8.0,-0.565895152322901,-1.2345725525951368,-0.1000003814697265,-0.10000038146972656
2004-04-20,8.0,8.0,7.900000095367432,7.900000095367432,7.900000095367432,-0.4303709446183578,-1.2499988079071045,-0.0999999046325683,-0.09999990463256836
2004-04-21,7.900000095367432,7.949999809265137,7.650000095367432,7.849999904632568,7.849999904632568,-0.4279793409529835,-0.6329137991299971,-0.0500001907348632,-0.05000019073486328
2004-04-22,7.75,7.940000057220459,7.75,7.940000057220459,7.940000057220459,-0.5324127010076609,1.1464987730098963,0.0900001525878906,0.09000015258789062
2004-04-23,7.949999809265137,7.949999809265137,7.949999809265137,7.949999809265137,7.949999809265137,-0.5890139877548526,0.1259414606122666,0.0099997520446777,0.009999752044677734
2004-04-26,7.900000095367432,7.900000095367432,7.800000190734863,7.849999904632568,7.849999904632568,-0.5603147437703611,-1.257860465808136,-0.0999999046325683,-0.09999990463256836
2004-04-27,7.75,7.75,7.5,7.619999885559082,7.619999885559082,-0.2876719259176917,-2.9299365843018066,-0.2300000190734863,-0.23000001907348633
2004-04-28,7.5,7.599999904632568,7.25,7.300000190734863,7.300000190734863,-0.1792525597540571,-4.199471123755016,-0.3199996948242187,-0.31999969482421875
2004-04-29,7.28000020980835,7.300000190734863,7.199999809265137,7.230000019073486,7.230000019073486,0.1906488071571667,-0.9589064360603804,-0.0700001716613769,-0.07000017166137695
2004-04-30,7.300000190734863,7.5,7.179999828338623,7.5,7.5,-0.4598673898246407,3.7344395603627456,0.2699999809265136,0.26999998092651367
2004-05-03,7.550000190734863,7.75,7.550000190734863,7.75,7.75,-0.5619091462139439,3.333333333333344,0.25,0.25
2004-05-04,7.650000095367432,7.809999942779541,7.650000095367432,7.809999942779541,7.809999942779541,-0.565895152322901,0.7741928100585938,0.059999942779541,0.059999942779541016
2004-05-05,7.800000190734863,7.840000152587891,7.739999771118164,7.840000152587891,7.840000152587891,-0.5738671645408153,0.3841256085550304,0.0300002098083496,0.03000020980834961
2004-05-06,7.840000152587891,8.149999618530273,7.840000152587891,8.149999618530273,8.149999618530273,-0.5324127010076609,3.954074743736524,0.3099994659423828,0.3099994659423828
2004-05-07,8.029999732971191,8.279999732971191,8.029999732971191,8.15999984741211,8.15999984741211,-0.5300210973422866,0.1227022006123679,0.0100002288818359,0.010000228881835938
2004-05-10,8.149999618530273,8.1899995803833,8.100000381469727,8.180000305175781,8.180000305175781,-0.571475560875441,0.2451036536479156,0.0200004577636718,0.020000457763671875
2004-05-11,8.180000305175781,8.180000305175781,8.180000305175781,8.180000305175781,8.180000305175781,-0.5937971950856011,0.0,0.0,0.0
2004-05-12,8.170000076293945,8.170000076293945,7.949999809265137,8.0,8.0,-0.5467623229999067,-2.2004926462152907,-0.1800003051757812,-0.18000030517578125
2004-05-13,7.920000076293945,7.920000076293945,7.889999866485596,7.900000095367432,7.900000095367432,-0.5762587682061896,-1.2499988079071045,-0.0999999046325683,-0.09999990463256836
2004-05-14,7.849999904632568,7.989999771118164,7.710000038146973,7.989999771118164,7.989999771118164,-0.4933498411398808,1.1392363881553402,0.0899996757507324,0.08999967575073242
2004-05-17,7.849999904632568,7.900000095367432,7.849999904632568,7.900000095367432,7.900000095367432,-0.5906083901984354,-1.12640398409094,-0.0899996757507324,-0.08999967575073242
2004-05-18,7.800000190734863,7.800000190734863,7.599999904632568,7.800000190734863,7.800000190734863,-0.5053078594667523,-1.2658215623466695,-0.0999999046325683,-0.09999990463256836
2004-05-19,7.71999979019165,7.739999771118164,7.599999904632568,7.739999771118164,7.739999771118164,-0.4925526399180894,-0.7692361301217643,-0.0600004196166992,-0.06000041961669922
2004-05-20,7.75,7.75,7.699999809265137,7.739999771118164,7.739999771118164,-0.4447205666106035,0.0,0.0,0.0
2004-05-21,7.650000095367432,7.739999771118164,7.650000095367432,7.739999771118164,7.739999771118164,-0.589811188976644,0.0,0.0,0.0
2004-05-24,7.650000095367432,7.650000095367432,7.5,7.619999885559082,7.619999885559082,-0.4750142130386779,-1.5503861641813277,-0.119999885559082,-0.11999988555908203
2004-05-25,7.510000228881836,7.619999885559082,7.480000019073486,7.480000019073486,7.480000019073486,-0.5053078594667523,-1.8372686166428176,-0.1399998664855957,-0.1399998664855957
2004-05-26,7.400000095367432,7.449999809265137,7.389999866485596,7.449999809265137,7.449999809265137,-0.5507483291088638,-0.4010723226183343,-0.0300002098083496,-0.03000020980834961
2004-05-27,7.5,7.53000020980835,7.5,7.5,7.5,-0.5276294936769124,0.6711435169794333,0.0500001907348632,0.05000019073486328
2004-05-28,7.5,7.650000095367432,7.5,7.650000095367432,7.650000095367432,-0.4311681458401492,2.0000012715657656,0.1500000953674316,0.15000009536743164
2004-06-01,7.599999904632568,7.650000095367432,7.599999904632568,7.650000095367432,7.650000095367432,-0.5619091462139439,0.0,0.0,0.0
2004-06-02,7.650000095367432,7.650000095367432,7.550000190734863,7.550000190734863,7.550000190734863,-0.4885666338091322,-1.3071882795547274,-0.0999999046325683,-0.09999990463256836
2004-06-03,7.5,7.800000190734863,7.5,7.75,7.75,-0.5188602802372067,2.6490040293054573,0.1999998092651367,0.19999980926513672
2004-06-04,7.75,7.75,7.75,7.75,7.75,-0.5635035486575267,0.0,0.0,0.0
2004-06-07,7.75,7.760000228881836,7.710000038146973,7.760000228881836,7.760000228881836,-0.445517767832395,0.1290352113785253,0.0100002288818359,0.010000228881835938
2004-06-08,7.75,7.75,7.75,7.75,7.75,-0.5706783596536497,-0.1288689250886432,-0.0100002288818359,-0.010000228881835938
2004-06-09,7.75,7.800000190734863,7.75,7.75,7.75,-0.4582729873810579,0.0,0.0,0.0
2004-06-10,7.849999904632568,7.849999904632568,7.75,7.840000152587891,7.840000152587891,-0.5467623229999067,1.1612922914566504,0.0900001525878906,0.09000015258789062
2004-06-14,7.75,7.849999904632568,7.75,7.840000152587891,7.840000152587891,-0.5874195853112697,0.0,0.0,0.0
2004-06-15,7.960000038146973,8.050000190734863,7.849999904632568,7.949999809265137,7.949999809265137,-0.5730699633190239,1.4030568180656957,0.1099996566772461,0.1099996566772461
2004-06-16,7.849999904632568,7.849999904632568,7.78000020980835,7.829999923706055,7.829999923706055,-0.4128325177389463,-1.5094325589697588,-0.119999885559082,-0.11999988555908203
2004-06-17,7.880000114440918,7.889999866485596,7.800000190734863,7.800000190734863,7.800000190734863,-0.5722727620972325,-0.3831383558557166,-0.0299997329711914,-0.029999732971191406
2004-06-18,7.679999828338623,7.75,7.679999828338623,7.75,7.75,-0.5850279816458954,-0.6410280706692251,-0.0500001907348632,-0.05000019073486328
2004-06-21,7.699999809265137,7.75,7.550000190734863,7.650000095367432,7.650000095367432,-0.5443707193345324,-1.2903213500976562,-0.0999999046325683,-0.09999990463256836
2004-06-22,7.599999904632568,7.599999904632568,7.550000190734863,7.550000190734863,7.550000190734863,-0.4957414448052551,-1.3071882795547274,-0.0999999046325683,-0.09999990463256836
2004-06-23,7.429999828338623,7.5,7.429999828338623,7.5,7.5,-0.5922027926420182,-0.6622541651882585,-0.0500001907348632,-0.05000019073486328
2004-06-24,7.449999809265137,7.449999809265137,7.300000190734863,7.389999866485596,7.389999866485596,-0.5754615669843982,-1.466668446858721,-0.1100001335144043,-0.1100001335144043
2004-06-25,7.260000228881836,7.260000228881836,7.010000228881836,7.090000152587891,7.090000152587891,-0.3777556639801234,-4.05953612067349,-0.2999997138977051,-0.2999997138977051
2004-06-28,7.0,7.139999866485596,7.0,7.139999866485596,7.139999866485596,-0.5371959083384096,0.7052145673008825,0.049999713897705,0.04999971389770508
2004-06-29,7.0,7.0,6.800000190734863,6.96999979019165,6.96999979019165,-0.4853778289219665,-2.380953494017668,-0.1700000762939453,-0.1700000762939453
2004-06-30,7.0,7.099999904632568,6.949999809265137,7.0,7.0,-0.3570284322135462,0.430419091985712,0.0300002098083496,0.03000020980834961
2004-07-01,7.099999904632568,7.099999904632568,7.0,7.0,7.0,-0.5882167865330611,0.0,0.0,0.0
2004-07-02,6.960000038146973,6.989999771118164,6.929999828338623,6.980000019073486,6.980000019073486,-0.5706783596536497,-0.2857140132359048,-0.0199999809265136,-0.019999980926513672
2004-07-06,7.0,7.0,7.0,7.0,7.0,-0.5945943963073925,0.2865326772472976,0.0199999809265136,0.019999980926513672
2004-07-07,6.900000095367432,6.949999809265137,6.849999904632568,6.949999809265137,6.949999809265137,-0.4184129262914863,-0.714288439069477,-0.0500001907348632,-0.05000019073486328
2004-07-08,6.900000095367432,6.980000019073486,6.599999904632568,6.980000019073486,6.980000019073486,-0.5124826704628752,0.4316577069305216,0.0300002098083496,0.03000020980834961
2004-07-09,6.989999771118164,7.239999771118164,6.989999771118164,7.119999885559082,7.119999885559082,-0.4925526399180894,2.0057287407311275,0.1399998664855957,0.1399998664855957
2004-07-12,7.199999809265137,7.570000171661377,7.199999809265137,7.570000171661377,7.570000171661377,-0.5005246521360037,6.320228838977848,0.4500002861022949,0.4500002861022949
2004-07-13,7.650000095367432,7.739999771118164,7.619999885559082,7.650000095367432,7.650000095367432,-0.5666923535446925,1.0568021385988668,0.0799999237060546,0.07999992370605469
2004-07-14,7.75,7.75,7.650000095367432,7.75,7.75,-0.578650371871564,1.3071882795547165,0.0999999046325683,0.09999990463256836
2004-07-15,7.75,7.789999961853027,7.599999904632568,7.75,7.75,-0.549153926665281,0.0,0.0,0.0
2004-07-16,7.739999771118164,7.75,7.679999828338623,7.690000057220459,7.690000057220459,-0.543573518112741,-0.7741928100585938,-0.059999942779541,-0.059999942779541016
2004-07-19,7.690000057220459,7.690000057220459,7.690000057220459,7.690000057220459,7.690000057220459,-0.595391597529184,0.0,0.0,0.0
2004-07-20,7.71999979019165,7.71999979019165,7.71999979019165,7.71999979019165,7.71999979019165,-0.5874195853112697,0.3901135597915051,0.0299997329711914,0.029999732971191406
2004-07-21,7.71999979019165,7.71999979019165,7.71999979019165,7.71999979019165,7.71999979019165,-0.595391597529184,0.0,0.0,0.0
2004-07-22,7.650000095367432,7.699999809265137,7.650000095367432,7.699999809265137,7.699999809265137,-0.5826363779805211,-0.259067117487799,-0.0199999809265136,-0.019999980926513672
2004-07-23,7.599999904632568,7.599999904632568,7.400000095367432,7.5,7.5,-0.5698811584318582,-2.597400184666032,-0.1999998092651367,-0.19999980926513672
2004-07-26,7.349999904632568,7.349999904632568,7.150000095367432,7.150000095367432,7.150000095367432,-0.5810419755369383,-4.66666539510091,-0.3499999046325683,-0.34999990463256836
2004-07-27,7.050000190734863,7.050000190734863,6.800000190734863,7.0,7.0,-0.5356015058948267,-2.0979034037302835,-0.1500000953674316,-0.15000009536743164
2004-07-28,7.0,7.0,6.900000095367432,6.989999771118164,6.989999771118164,-0.5571259388831953,-0.1428604125976562,-0.0100002288818359,-0.010000228881835938
2004-07-29,7.099999904632568,7.099999904632568,7.099999904632568,7.099999904632568,7.099999904632568,-0.5874195853112697,1.5736786425789573,0.1100001335144043,0.1100001335144043
2004-07-30,7.099999904632568,7.179999828338623,7.050000190734863,7.099999904632568,7.099999904632568,-0.5356015058948267,0.0,0.0,0.0
2004-08-02,6.980000019073486,7.099999904632568,6.809999942779541,7.099999904632568,7.099999904632568,-0.5690839572100668,0.0,0.0,0.0
2004-08-03,7.150000095367432,7.150000095367432,7.150000095367432,7.150000095367432,7.150000095367432,-0.5914055914202269,0.7042280479784058,0.0500001907348632,0.05000019073486328
2004-08-04,7.050000190734863,7.050000190734863,7.050000190734863,7.050000190734863,7.050000190734863,-0.5818391767587296,-1.3986000461365,-0.0999999046325683,-0.09999990463256836
2004-08-05,7.050000190734863,7.050000190734863,7.050000190734863,7.050000190734863,7.050000190734863,-0.5929999938638097,0.0,0.0,0.0
2004-08-06,7.050000190734863,7.050000190734863,7.050000190734863,7.050000190734863,7.050000190734863,-0.5937971950856011,0.0,0.0,0.0
2004-08-09,7.059999942779541,7.099999904632568,7.059999942779541,7.099999904632568,7.099999904632568,-0.5906083901984354,0.7092157807799149,0.049999713897705,0.04999971389770508
2004-08-10,6.940000057220459,7.21999979019165,6.940000057220459,7.199999809265137,7.199999809265137,-0.4335597495055235,1.408449379940424,0.0999999046325683,0.09999990463256836
2004-08-11,7.079999923706055,7.079999923706055,7.0,7.039999961853027,7.039999961853027,-0.5643007498793182,-2.222220161814692,-0.1599998474121093,-0.15999984741210938
2004-08-12,7.099999904632568,7.099999904632568,7.099999904632568,7.099999904632568,7.099999904632568,-0.5937971950856011,0.8522719191002448,0.059999942779541,0.059999942779541016
2004-08-13,7.0,7.090000152587891,6.900000095367432,7.010000228881836,7.010000228881836,-0.5108882680192923,-1.2676010839381855,-0.0899996757507324,-0.08999967575073242
2004-08-16,7.099999904632568,7.139999866485596,7.0,7.139999866485596,7.139999866485596,-0.4144269201825292,1.8544883503448293,0.1299996376037597,0.12999963760375977
2004-08-17,7.150000095367432,7.199999809265137,7.0,7.099999904632568,7.099999904632568,-0.4638533959335979,-0.5602235658404231,-0.0399999618530273,-0.039999961853027344
2004-08-18,7.179999828338623,7.199999809265137,7.179999828338623,7.199999809265137,7.199999809265137,-0.4383429568362721,1.408449379940424,0.0999999046325683,0.09999990463256836
2004-08-19,7.239999771118164,7.679999828338623,7.239999771118164,7.679999828338623,7.679999828338623,-0.4216017311786521,6.666667108182556,0.4800000190734863,0.48000001907348633
2004-08-20,7.78000020980835,7.78000020980835,7.5,7.559999942779541,7.559999942779541,-0.4351541519491064,-1.562498544808444,-0.119999885559082,-0.11999988555908203
2004-08-23,7.610000133514404,7.610000133514404,7.599999904632568,7.599999904632568,7.599999904632568,-0.5826363779805211,0.5291000285156278,0.0399999618530273,0.039999961853027344
2004-08-24,7.480000019073486,7.699999809265137,7.480000019073486,7.699999809265137,7.699999809265137,-0.5571259388831953,1.31578823536056,0.0999999046325683,0.09999990463256836
2004-08-25,7.570000171661377,7.590000152587891,7.460000038146973,7.5,7.5,-0.537993109560201,-2.597400184666032,-0.1999998092651367,-0.19999980926513672
2004-08-26,7.46999979019165,7.699999809265137,7.409999847412109,7.599999904632568,7.599999904632568,-0.3251403833418889,1.333332061767578,0.0999999046325683,0.09999990463256836
2004-08-27,7.599999904632568,8.380000114440918,7.599999904632568,8.380000114440918,8.380000114440918,0.1444111362932638,10.26316078415872,0.7800002098083496,0.7800002098083496
2004-08-30,8.25,8.260000228881836,8.149999618530273,8.149999618530273,8.149999618530273,-0.3809444688672891,-2.744635951905228,-0.2300004959106445,-0.23000049591064453
2004-08-31,8.149999618530273,8.350000381469727,8.149999618530273,8.350000381469727,8.350000381469727,-0.4303709446183578,2.453997206143677,0.2000007629394531,0.20000076293945312
2004-09-01,8.300000190734863,8.34000015258789,7.900000095367432,8.319999694824219,8.319999694824219,0.5589557716248078,-0.359289644011096,-0.0300006866455078,-0.030000686645507812
2004-09-02,8.350000381469727,8.550000190734863,8.279999732971191,8.550000190734863,8.550000190734863,-0.2486090660499116,2.7644291387862063,0.2300004959106445,0.23000049591064453
2004-09-03,8.449999809265137,8.619999885559082,8.449999809265137,8.619999885559082,8.619999885559082,-0.4790002191476351,0.8187098627211009,0.0699996948242187,0.06999969482421875
2004-09-07,8.649999618530273,9.329999923706056,8.59000015258789,9.25,9.25,0.0328029652424634,7.3085861114261075,0.630000114440918,0.630000114440918
2004-09-08,9.25,9.34000015258789,9.25,9.300000190734863,9.300000190734863,-0.5053078594667523,0.5405426025390625,0.0500001907348632,0.05000019073486328
2004-09-09,9.0,9.390000343322754,9.0,9.329999923706056,9.329999923706056,-0.2446230599409544,0.3225777672680063,0.0299997329711931,0.029999732971193183
2004-09-10,9.229999542236328,9.350000381469728,9.15999984741211,9.350000381469728,9.350000381469728,-0.5324127010076609,0.2143671803560565,0.0200004577636718,0.020000457763671875
2004-09-13,9.260000228881836,9.300000190734863,9.25,9.289999961853027,9.289999961853027,-0.364203243209669,-0.6417156916443845,-0.0600004196167009,-0.060000419616700995
2004-09-14,9.260000228881836,9.390000343322754,9.25,9.390000343322754,9.390000343322754,-0.4590701886028493,1.0764303754612792,0.1000003814697265,0.10000038146972656
2004-09-15,9.279999732971191,9.380000114440918,9.279999732971191,9.380000114440918,9.380000114440918,-0.5579231401049868,-0.1064987062428302,-0.0100002288818359,-0.010000228881835938
2004-09-16,9.260000228881836,9.489999771118164,9.260000228881836,9.489999771118164,9.489999771118164,-0.4311681458401492,1.1727042146608913,0.1099996566772461,0.1099996566772461
2004-09-17,9.489999771118164,9.489999771118164,9.489999771118164,9.489999771118164,9.489999771118164,-0.5706783596536497,0.0,0.0,0.0
2004-09-20,9.350000381469728,9.4399995803833,9.350000381469728,9.4399995803833,9.4399995803833,-0.5850279816458954,-0.5268724124423474,-0.0500001907348632,-0.05000019073486328
2004-09-21,9.300000190734863,9.300000190734863,9.199999809265137,9.300000190734863,9.300000190734863,-0.5045106582449609,-1.483044447791737,-0.1399993896484375,-0.1399993896484375
2004-09-22,9.220000267028809,9.270000457763672,9.140000343322754,9.270000457763672,9.270000457763672,-0.5858251828676868,-0.3225777672679952,-0.0299997329711914,-0.029999732971191406
2004-09-23,9.170000076293944,9.270000457763672,9.170000076293944,9.199999809265137,9.199999809265137,-0.5866223840894782,-0.7551310144748635,-0.0700006484985351,-0.07000064849853516
2004-09-24,9.18000030517578,9.18000030517578,9.100000381469728,9.170000076293944,9.170000076293944,-0.5834335792023125,-0.3260840607950954,-0.0299997329711931,-0.029999732971193183
2004-09-27,9.100000381469728,9.199999809265137,9.100000381469728,9.100000381469728,9.100000381469728,-0.4893638350309237,-0.7633554442946666,-0.0699996948242152,-0.0699996948242152
2004-09-28,9.140000343322754,9.199999809265137,9.140000343322754,9.199999809265137,9.199999809265137,-0.4638533959335979,1.0988947648731484,0.0999994277954083,0.09999942779540838
2004-09-29,9.239999771118164,9.279999732971191,9.239999771118164,9.25,9.25,-0.5499511278870725,0.5434803453420622,0.0500001907348632,0.05000019073486328
2004-09-30,9.279999732971191,9.289999961853027,9.170000076293944,9.279999732971191,9.279999732971191,-0.5053078594667523,0.324321437526387,0.0299997329711914,0.029999732971191406
2004-10-01,9.380000114440918,9.4399995803833,9.3100004196167,9.3100004196167,9.3100004196167,-0.537993109560201,0.3232832705686084,0.0300006866455078,0.030000686645507812
2004-10-04,9.199999809265137,9.399999618530272,9.18000030517578,9.399999618530272,9.399999618530272,-0.5507483291088638,0.9666938223110932,0.0899991989135724,0.08999919891357244
2004-10-05,9.5,9.5,9.5,9.5,9.5,-0.4750142130386779,1.0638338885950338,0.1000003814697283,0.10000038146972834
2004-10-06,9.470000267028809,9.520000457763672,9.369999885559082,9.520000457763672,9.520000457763672,-0.5571259388831953,0.2105311343544302,0.0200004577636718,0.020000457763671875
2004-10-07,9.399999618530272,9.579999923706056,9.399999618530272,9.579999923706056,9.579999923706056,-0.5754615669843982,0.63024646068639,0.0599994659423845,0.05999946594238459
2004-10-08,9.479999542236328,9.59000015258789,9.399999618530272,9.59000015258789,9.59000015258789,-0.5499511278870725,0.1043865236062036,0.0100002288818341,0.010000228881834161
2004-10-11,9.5,9.510000228881836,9.5,9.5,9.5,-0.5539371339960296,-0.9384791569956752,-0.0900001525878906,-0.09000015258789062
2004-10-12,9.5600004196167,9.5600004196167,9.520000457763672,9.539999961853027,9.539999961853027,-0.5858251828676868,0.4210522300318597,0.0399999618530273,0.039999961853027344
2004-10-13,9.65999984741211,9.65999984741211,9.449999809265137,9.5,9.5,-0.5316154997858695,-0.4192868135531769,-0.0399999618530273,-0.039999961853027344
2004-10-14,9.399999618530272,9.5,9.350000381469728,9.5,9.5,-0.5682867559882754,0.0,0.0,0.0
2004-10-15,9.449999809265137,9.449999809265137,9.4399995803833,9.449999809265137,9.449999809265137,-0.5762587682061896,-0.526317797209086,-0.0500001907348632,-0.05000019073486328
2004-10-18,9.449999809265137,9.479999542236328,9.270000457763672,9.420000076293944,9.420000076293944,-0.5069022619103352,-0.3174574981660849,-0.0299997329711931,-0.029999732971193183
2004-10-19,9.600000381469728,9.600000381469728,9.300000190734863,9.449999809265137,9.449999809265137,-0.5348043046730352,0.3184685002995957,0.0299997329711931,0.029999732971193183
2004-10-20,9.4399995803833,9.4399995803833,9.199999809265137,9.199999809265137,9.199999809265137,-0.5587203413267782,-2.645502698898372,-0.25,-0.25
2004-10-21,9.289999961853027,9.289999961853027,9.289999961853027,9.289999961853027,9.289999961853027,-0.5874195853112697,0.9782625484106244,0.0900001525878906,0.09000015258789062
2004-10-22,9.300000190734863,9.350000381469728,9.199999809265137,9.300000190734863,9.300000190734863,-0.5292238961204953,0.1076450906662973,0.0100002288818359,0.010000228881835938
2004-10-25,9.199999809265137,9.350000381469728,9.18000030517578,9.350000381469728,9.350000381469728,-0.5300210973422866,0.5376364484882323,0.050000190734865,0.05000019073486506
2004-10-26,9.199999809265137,9.350000381469728,9.149999618530272,9.350000381469728,9.350000381469728,-0.3251403833418889,0.0,0.0,0.0
2004-10-27,9.380000114440918,9.380000114440918,9.380000114440918,9.380000114440918,9.380000114440918,-0.5937971950856011,0.320852745959721,0.0299997329711896,0.02999973297118963
2004-10-28,9.300000190734863,9.300000190734863,9.300000190734863,9.300000190734863,9.300000190734863,-0.5945943963073925,-0.8528776410449246,-0.0799999237060546,-0.07999992370605469
2004-10-29,9.329999923706056,9.329999923706056,9.329999923706056,9.329999923706056,9.329999923706056,-0.5914055914202269,0.3225777672680063,0.0299997329711931,0.029999732971193183
2004-11-01,9.279999732971191,9.350000381469728,9.279999732971191,9.350000381469728,9.350000381469728,-0.5929999938638097,0.2143671803560565,0.0200004577636718,0.020000457763671875
2004-11-02,9.18000030517578,9.18000030517578,9.100000381469728,9.100000381469728,9.100000381469728,-0.5666923535446925,-2.673796682355878,-0.25,-0.25
2004-11-03,9.0,9.0,9.0,9.0,9.0,-0.5890139877548526,-1.0989052448102998,-0.1000003814697283,-0.10000038146972834
2004-11-04,9.0,9.0600004196167,8.90999984741211,9.0,9.0,-0.5427763168909495,0.0,0.0,0.0
2004-11-05,8.850000381469727,9.0,8.699999809265137,9.0,9.0,-0.5116854692410837,0.0,0.0,0.0
2004-11-08,9.0,9.0,9.0,9.0,9.0,-0.5937971950856011,0.0,0.0,0.0
2004-11-09,8.90999984741211,8.90999984741211,8.859999656677246,8.90999984741211,8.90999984741211,-0.5834335792023125,-1.0000016954210045,-0.0900001525878906,-0.09000015258789062
2004-11-10,8.90999984741211,8.979999542236328,8.789999961853027,8.90999984741211,8.90999984741211,-0.5387903107819924,0.0,0.0,0.0
2004-11-11,8.800000190734863,8.800000190734863,7.619999885559082,8.199999809265137,8.199999809265137,-0.1688889438707685,-7.968575199843475,-0.7100000381469727,-0.7100000381469727
2004-11-12,8.170000076293945,8.170000076293945,7.449999809265137,8.020000457763672,8.020000457763672,-0.393699688415952,-2.195114093759909,-0.1799993515014648,-0.17999935150146484
2004-11-15,8.0,8.050000190734863,7.920000076293945,8.0,8.0,-0.3219515784547232,-0.2493822521457689,-0.0200004577636718,-0.020000457763671875
2004-11-16,7.900000095367432,8.029999732971191,7.900000095367432,7.96999979019165,7.96999979019165,-0.3147767674586003,-0.3750026226043701,-0.0300002098083496,-0.03000020980834961
2004-11-17,8.100000381469727,8.100000381469727,7.980000019073486,7.989999771118164,7.989999771118164,-0.404860505521032,0.250940796148158,0.0199999809265136,0.019999980926513672
2004-11-18,7.949999809265137,7.949999809265137,7.900000095367432,7.900000095367432,7.900000095367432,-0.5929999938638097,-1.12640398409094,-0.0899996757507324,-0.08999967575073242
2004-11-19,8.0,8.0,7.900000095367432,7.949999809265137,7.949999809265137,-0.4925526399180894,0.6329077632166724,0.049999713897705,0.04999971389770508
2004-11-22,7.989999771118164,8.0,7.940000057220459,7.989999771118164,7.989999771118164,-0.5220490851243723,0.5031441863232455,0.0399999618530273,0.039999961853027344
2004-11-23,7.900000095367432,7.989999771118164,7.75,7.949999809265137,7.949999809265137,-0.4279793409529835,-0.500625319134762,-0.0399999618530273,-0.039999961853027344
2004-11-24,7.949999809265137,7.949999809265137,7.900000095367432,7.900000095367432,7.900000095367432,-0.5387903107819924,-0.628927233928156,-0.049999713897705,-0.04999971389770508
2004-11-26,7.900000095367432,7.900000095367432,7.880000114440918,7.880000114440918,7.880000114440918,-0.554734335217821,-0.2531643124693339,-0.0199999809265136,-0.019999980926513672
2004-11-29,7.929999828338623,7.929999828338623,7.800000190734863,7.900000095367432,7.900000095367432,-0.4471121702759779,0.2538068608636479,0.0199999809265136,0.019999980926513672
2004-11-30,7.869999885559082,7.880000114440918,7.869999885559082,7.880000114440918,7.880000114440918,-0.5515455303306553,-0.2531643124693339,-0.0199999809265136,-0.019999980926513672
2004-12-01,7.900000095367432,7.920000076293945,7.849999904632568,7.889999866485596,7.889999866485596,-0.4869722313655494,0.1269004048153776,0.0099997520446777,0.009999752044677734
2004-12-02,7.889999866485596,7.889999866485596,7.889999866485596,7.889999866485596,7.889999866485596,-0.5045106582449609,0.0,0.0,0.0
2004-12-03,7.889999866485596,7.900000095367432,7.880000114440918,7.880000114440918,7.880000114440918,-0.3817416700890805,-0.1267395717857167,-0.0099997520446777,-0.009999752044677734
2004-12-06,7.880000114440918,7.880000114440918,7.849999904632568,7.880000114440918,7.880000114440918,-0.4837834264783837,0.0,0.0,0.0
2004-12-07,7.829999923706055,7.849999904632568,7.769999980926514,7.78000020980835,7.78000020980835,-0.491755438696298,-1.269034304318195,-0.0999999046325683,-0.09999990463256836
2004-12-08,7.760000228881836,7.800000190734863,7.650000095367432,7.710000038146973,7.710000038146973,-0.4487065727195607,-0.8997451127716771,-0.0700001716613769,-0.07000017166137695
2004-12-09,7.690000057220459,7.699999809265137,7.650000095367432,7.699999809265137,7.699999809265137,-0.4662449995989722,-0.1297046541161806,-0.0100002288818359,-0.010000228881835938
2004-12-10,7.650000095367432,7.650000095367432,7.5,7.550000190734863,7.550000190734863,-0.4040633042992406,-1.9480470421542664,-0.1499996185302734,-0.14999961853027344
2004-12-13,7.579999923706055,7.579999923706055,7.480000019073486,7.489999771118164,7.489999771118164,-0.5411819144473667,-0.7947075245154256,-0.0600004196166992,-0.06000041961669922
2004-12-14,7.5,7.519999980926514,7.429999828338623,7.429999828338623,7.429999828338623,-0.5603147437703611,-0.8010673513089261,-0.059999942779541,-0.059999942779541016
2004-12-15,7.5,7.53000020980835,7.449999809265137,7.519999980926514,7.519999980926514,-0.4750142130386779,1.2113075998282374,0.0900001525878906,0.09000015258789062
2004-12-16,7.559999942779541,7.630000114440918,7.559999942779541,7.590000152587891,7.590000152587891,-0.5643007498793182,0.9308533489218452,0.0700001716613769,0.07000017166137695
2004-12-17,7.650000095367432,8.050000190734863,7.650000095367432,8.050000190734863,8.050000190734863,0.4290119724728046,6.0606064413599725,0.4600000381469726,0.46000003814697266
2004-12-20,8.0,8.039999961853027,8.0,8.0,8.0,-0.399280096968492,-0.6211203670828613,-0.0500001907348632,-0.05000019073486328
2004-12-21,7.949999809265137,8.0,7.949999809265137,8.0,8.0,-0.5722727620972325,0.0,0.0,0.0
2004-12-22,8.0,8.0,7.949999809265137,7.96999979019165,7.96999979019165,0.6737527475627738,-0.3750026226043701,-0.0300002098083496,-0.03000020980834961
2004-12-23,7.900000095367432,7.96999979019165,7.900000095367432,7.96999979019165,7.96999979019165,-0.5507483291088638,0.0,0.0,0.0
2004-12-27,8.0,8.0,7.909999847412109,7.96999979019165,7.96999979019165,-0.5682867559882754,0.0,0.0,0.0
2004-12-28,8.0,8.0,7.929999828338623,7.940000057220459,7.940000057220459,-0.4813918228130094,-0.3764082027719828,-0.0299997329711914,-0.029999732971191406
2004-12-29,7.940000057220459,7.940000057220459,7.940000057220459,7.940000057220459,7.940000057220459,-0.595391597529184,0.0,0.0,0.0
2004-12-30,7.940000057220459,7.949999809265137,7.940000057220459,7.949999809265137,7.949999809265137,-0.5914055914202269,0.1259414606122666,0.0099997520446777,0.009999752044677734
2004-12-31,7.900000095367432,7.949999809265137,7.900000095367432,7.949999809265137,7.949999809265137,-0.5738671645408153,0.0,0.0,0.0
2005-01-03,7.849999904632568,7.929999828338623,7.849999904632568,7.849999904632568,7.849999904632568,-0.5403847132255752,-1.257860465808136,-0.0999999046325683,-0.09999990463256836
2005-01-04,7.849999904632568,7.849999904632568,7.849999904632568,7.849999904632568,7.849999904632568,-0.5874195853112697,0.0,0.0,0.0
2005-01-05,7.800000190734863,7.800000190734863,7.550000190734863,7.550000190734863,7.550000190734863,-0.5340071034512438,-3.821652452768365,-0.2999997138977051,-0.2999997138977051
2005-01-06,7.550000190734863,7.550000190734863,7.449999809265137,7.449999809265137,7.449999809265137,-0.5842307804241039,-1.324508330376517,-0.1000003814697265,-0.10000038146972656
2005-01-07,7.510000228881836,7.510000228881836,7.400000095367432,7.489999771118164,7.489999771118164,-0.554734335217821,0.5369122533839699,0.0399999618530273,0.039999961853027344
2005-01-10,7.300000190734863,7.309999942779541,7.25,7.309999942779541,7.309999942779541,-0.5650979511011096,-2.4032020539267784,-0.179999828338623,-0.17999982833862305
2005-01-11,7.289999961853027,7.289999961853027,7.139999866485596,7.139999866485596,7.139999866485596,-0.5387903107819924,-2.325582457245612,-0.1700000762939453,-0.1700000762939453
2005-01-12,7.090000152587891,7.090000152587891,6.860000133514404,6.860000133514404,6.860000133514404,-0.4790002191476351,-3.921564960882995,-0.2799997329711914,-0.2799997329711914
2005-01-13,6.849999904632568,6.849999904632568,6.800000190734863,6.800000190734863,6.800000190734863,-0.5698811584318582,-0.8746347173728575,-0.059999942779541,-0.059999942779541016
2005-01-14,6.75,6.760000228881836,6.639999866485596,6.679999828338623,6.679999828338623,-0.4311681458401492,-1.764711162210597,-0.1200003623962402,-0.12000036239624023
2005-01-18,6.75,6.75,6.650000095367432,6.699999809265137,6.699999809265137,-0.1696861450925599,0.2994009197675007,0.0199999809265136,0.019999980926513672
2005-01-19,6.699999809265137,6.699999809265137,6.510000228881836,6.639999866485596,6.639999866485596,-0.2980355418009803,-0.8955215595166099,-0.059999942779541,-0.059999942779541016
2005-01-20,6.590000152587891,6.599999904632568,6.590000152587891,6.599999904632568,6.599999904632568,-0.5834335792023125,-0.6024090761646117,-0.0399999618530273,-0.039999961853027344
2005-01-21,6.599999904632568,6.599999904632568,6.400000095367432,6.5,6.5,-0.4710282069297208,-1.5151500920837613,-0.0999999046325683,-0.09999990463256836
2005-01-24,6.449999809265137,6.5,6.380000114440918,6.400000095367432,6.400000095367432,-0.4813918228130094,-1.5384600712702867,-0.0999999046325683,-0.09999990463256836
2005-01-25,6.309999942779541,6.360000133514404,6.199999809265137,6.360000133514404,6.360000133514404,-0.5356015058948267,-0.6249993946403354,-0.0399999618530273,-0.039999961853027344
2005-01-26,6.369999885559082,6.380000114440918,6.300000190734863,6.300000190734863,6.300000190734863,-0.5475595242216982,-0.9433953069178048,-0.059999942779541,-0.059999942779541016
2005-01-27,6.349999904632568,6.349999904632568,6.300000190734863,6.320000171661377,6.320000171661377,-0.4702310057079293,0.317460005095338,0.0199999809265136,0.019999980926513672
2005-01-28,6.400000095367432,6.400000095367432,6.349999904632568,6.400000095367432,6.400000095367432,-0.5778531706497725,1.2658215432457045,0.0799999237060546,0.07999992370605469
2005-01-31,6.389999866485596,6.389999866485596,6.389999866485596,6.389999866485596,6.389999866485596,-0.5914055914202269,-0.1562535739503268,-0.0100002288818359,-0.010000228881835938
2005-02-01,6.289999961853027,6.400000095367432,6.289999961853027,6.400000095367432,6.400000095367432,-0.4989302496924208,0.1564981078369776,0.0100002288818359,0.010000228881835938
2005-02-02,6.420000076293945,6.449999809265137,6.349999904632568,6.449999809265137,6.449999809265137,-0.5794475730933554,0.7812455180101763,0.049999713897705,0.04999971389770508
2005-02-03,6.25,6.300000190734863,6.25,6.300000190734863,6.300000190734863,-0.5539371339960296,-2.325575549859793,-0.1499996185302734,-0.14999961853027344
2005-02-04,6.199999809265137,6.289999961853027,6.199999809265137,6.289999961853027,6.289999961853027,-0.5690839572100668,-0.1587337869694449,-0.0100002288818359,-0.010000228881835938
2005-02-07,6.25,6.289999961853027,6.190000057220459,6.289999961853027,6.289999961853027,-0.5619091462139439,0.0,0.0,0.0
2005-02-08,6.25,6.269999980926514,6.090000152587891,6.199999809265137,6.199999809265137,-0.5260350912333295,-1.4308450418714536,-0.0900001525878906,-0.09000015258789062
2005-02-09,6.150000095367432,6.230000019073486,6.150000095367432,6.230000019073486,6.230000019073486,-0.5666923535446925,0.48387436663333,0.0300002098083496,0.03000020980834961
2005-02-10,6.210000038146973,6.210000038146973,6.210000038146973,6.210000038146973,6.210000038146973,-0.5635035486575267,-0.321026980181105,-0.0199999809265136,-0.019999980926513672
2005-02-11,6.150000095367432,6.199999809265137,6.150000095367432,6.199999809265137,6.199999809265137,-0.5778531706497725,-0.1610342805218434,-0.0100002288818359,-0.010000228881835938
2005-02-14,6.199999809265137,6.25,6.199999809265137,6.25,6.25,-0.5746643657626068,0.806454714081517,0.0500001907348632,0.05000019073486328
2005-02-15,6.300000190734863,6.300000190734863,6.269999980926514,6.28000020980835,6.28000020980835,-0.5794475730933554,0.4800033569335893,0.0300002098083496,0.03000020980834961
2005-02-16,6.260000228881836,6.260000228881836,6.159999847412109,6.199999809265137,6.199999809265137,-0.4790002191476351,-1.273891685835693,-0.0800004005432128,-0.08000040054321289
2005-02-17,6.199999809265137,6.199999809265137,6.150000095367432,6.159999847412109,6.159999847412109,-0.5284266948987038,-0.6451606948963517,-0.0399999618530273,-0.039999961853027344
2005-02-18,6.150000095367432,6.150000095367432,6.079999923706055,6.099999904632568,6.099999904632568,-0.3091963589060603,-0.974025069249762,-0.059999942779541,-0.059999942779541016
2005-02-22,6.099999904632568,6.099999904632568,6.099999904632568,6.099999904632568,6.099999904632568,-0.5874195853112697,0.0,0.0,0.0
2005-02-23,6.079999923706055,6.150000095367432,6.079999923706055,6.130000114440918,6.130000114440918,-0.5499511278870725,0.491806725858579,0.0300002098083496,0.03000020980834961
2005-02-24,6.050000190734863,6.099999904632568,6.050000190734863,6.099999904632568,6.099999904632568,-0.5754615669843982,-0.4893998246048303,-0.0300002098083496,-0.03000020980834961
2005-02-25,5.949999809265137,6.099999904632568,5.949999809265137,6.03000020980835,6.03000020980835,-0.4279793409529835,-1.1475359986654832,-0.0699996948242187,-0.06999969482421875
2005-02-28,6.099999904632568,6.099999904632568,6.099999904632568,6.099999904632568,6.099999904632568,-0.5874195853112697,1.1608572535430015,0.0699996948242187,0.06999969482421875
2005-03-01,6.03000020980835,6.03000020980835,5.949999809265137,5.980000019073486,5.980000019073486,-0.393699688415952,-1.96721126942887,-0.119999885559082,-0.11999988555908203
2005-03-02,5.989999771118164,6.199999809265137,5.989999771118164,6.199999809265137,6.199999809265137,-0.5467623229999067,3.67892624565136,0.2199997901916504,0.2199997901916504
2005-03-03,6.150000095367432,6.300000190734863,6.150000095367432,6.300000190734863,6.300000190734863,-0.5555315364396124,1.612909428163012,0.1000003814697265,0.10000038146972656
2005-03-04,6.389999866485596,7.139999866485596,6.389999866485596,7.139999866485596,7.139999866485596,-0.4734198105950951,13.33332778284806,0.8399996757507324,0.8399996757507324
2005-03-07,7.050000190734863,7.75,6.960000038146973,7.650000095367432,7.650000095367432,-0.3578256334353376,7.142860482052993,0.5100002288818359,0.5100002288818359
2005-03-08,7.650000095367432,7.650000095367432,7.650000095367432,7.650000095367432,7.650000095367432,-0.5643007498793182,0.0,0.0,0.0
2005-03-09,7.599999904632568,7.849999904632568,7.5,7.5,7.5,-0.4965386460270465,-1.9607855359147772,-0.1500000953674316,-0.15000009536743164
2005-03-10,7.449999809265137,7.449999809265137,7.449999809265137,7.449999809265137,7.449999809265137,-0.5929999938638097,-0.6666692097981763,-0.0500001907348632,-0.05000019073486328
2005-03-11,7.369999885559082,7.440000057220459,7.25,7.329999923706055,7.329999923706055,-0.5292238961204953,-1.6107367601519318,-0.119999885559082,-0.11999988555908203
2005-03-14,7.400000095367432,7.449999809265137,7.400000095367432,7.449999809265137,7.449999809265137,-0.5842307804241039,1.6371062320340355,0.119999885559082,0.11999988555908203
2005-03-15,7.449999809265137,7.599999904632568,7.449999809265137,7.599999904632568,7.599999904632568,-0.554734335217821,2.013424150439369,0.1500000953674316,0.15000009536743164
2005-03-16,7.690000057220459,7.690000057220459,7.5,7.599999904632568,7.599999904632568,-0.5555315364396124,0.0,0.0,0.0
2005-03-17,7.550000190734863,7.75,7.550000190734863,7.699999809265137,7.699999809265137,-0.4558813837156836,1.31578823536056,0.0999999046325683,0.09999990463256836
2005-03-18,7.610000133514404,7.610000133514404,7.360000133514404,7.480000019073486,7.480000019073486,-0.5300210973422866,-2.8571402031326354,-0.2199997901916504,-0.2199997901916504
2005-03-21,7.420000076293945,7.429999828338623,7.420000076293945,7.429999828338623,7.429999828338623,-0.5850279816458954,-0.6684517460877837,-0.0500001907348632,-0.05000019073486328
2005-03-22,7.340000152587891,7.380000114440918,7.0,7.380000114440918,7.380000114440918,-0.4718254081515122,-0.6729436750052442,-0.049999713897705,-0.04999971389770508
2005-03-23,7.300000190734863,7.300000190734863,7.0,7.090000152587891,7.090000152587891,-0.3968884933031177,-3.929538717561343,-0.2899999618530273,-0.28999996185302734
2005-03-24,6.989999771118164,7.25,6.929999828338623,7.25,7.25,-0.5324127010076609,2.256697376144756,0.1599998474121093,0.15999984741210938
2005-03-28,7.260000228881836,7.260000228881836,6.869999885559082,7.199999809265137,7.199999809265137,-0.5220490851243723,-0.6896578032394962,-0.0500001907348632,-0.05000019073486328
2005-03-29,7.099999904632568,7.320000171661377,7.099999904632568,7.230000019073486,7.230000019073486,-0.5212518839025809,0.4166695917094953,0.0300002098083496,0.03000020980834961
2005-03-30,7.130000114440918,7.400000095367432,7.03000020980835,7.260000228881836,7.260000228881836,-0.5611119449921524,0.4149406601549943,0.0300002098083496,0.03000020980834961
2005-03-31,7.139999866485596,7.400000095367432,7.139999866485596,7.360000133514404,7.360000133514404,-0.4734198105950951,1.3774091112937814,0.0999999046325683,0.09999990463256836
2005-04-01,7.25,7.349999904632568,7.25,7.349999904632568,7.349999904632568,-0.4981330484706294,-0.1358726725601444,-0.0100002288818359,-0.010000228881835938
2005-04-04,7.449999809265137,7.449999809265137,7.449999809265137,7.449999809265137,7.449999809265137,-0.2892663283612746,1.3605429378242606,0.0999999046325683,0.09999990463256836
2005-04-05,7.449999809265137,7.449999809265137,7.449999809265137,7.449999809265137,7.449999809265137,-0.595391597529184,0.0,0.0,0.0
2005-04-06,7.449999809265137,7.489999771118164,7.449999809265137,7.489999771118164,7.489999771118164,-0.4957414448052551,0.5369122533839699,0.0399999618530273,0.039999961853027344
2005-04-07,7.489999771118164,7.489999771118164,7.489999771118164,7.489999771118164,7.489999771118164,-0.5914055914202269,0.0,0.0,0.0
2005-04-08,7.449999809265137,7.449999809265137,7.199999809265137,7.199999809265137,7.199999809265137,-0.5387903107819924,-3.8718287144851815,-0.2899999618530273,-0.28999996185302734
2005-04-11,7.119999885559082,7.179999828338623,7.119999885559082,7.179999828338623,7.179999828338623,-0.5874195853112697,-0.2777775202268406,-0.0199999809265136,-0.019999980926513672
2005-04-12,7.190000057220459,7.239999771118164,7.099999904632568,7.150000095367432,7.150000095367432,-0.4965386460270465,-0.4178235889753967,-0.0299997329711914,-0.029999732971191406
2005-04-13,7.059999942779541,7.059999942779541,6.900000095367432,6.949999809265137,6.949999809265137,-0.4941470423616723,-2.797206761324067,-0.2000002861022949,-0.20000028610229492
2005-04-14,6.980000019073486,6.980000019073486,6.929999828338623,6.980000019073486,6.980000019073486,-0.5834335792023125,0.4316577069305216,0.0300002098083496,0.03000020980834961
2005-04-15,7.0,7.0,6.949999809265137,6.96999979019165,6.96999979019165,-0.589811188976644,-0.143269754362596,-0.0100002288818359,-0.010000228881835938
2005-04-18,7.0,7.0,6.909999847412109,6.960000038146973,6.960000038146973,-0.5802447743151468,-0.1434684698089938,-0.0099997520446777,-0.009999752044677734
2005-04-19,6.989999771118164,6.989999771118164,6.900000095367432,6.940000057220459,6.940000057220459,-0.5698811584318582,-0.2873560462197666,-0.0199999809265136,-0.019999980926513672
2005-04-20,6.940000057220459,6.980000019073486,6.940000057220459,6.980000019073486,6.980000019073486,-0.5515455303306553,0.5763683216603255,0.0399999618530273,0.039999961853027344
2005-04-21,6.900000095367432,6.940000057220459,6.900000095367432,6.940000057220459,6.940000057220459,-0.5635035486575267,-0.5730653544946063,-0.0399999618530273,-0.039999961853027344
2005-04-22,6.96999979019165,6.96999979019165,6.900000095367432,6.940000057220459,6.940000057220459,-0.4829862252565922,0.0,0.0,0.0
2005-04-25,6.849999904632568,6.900000095367432,6.650000095367432,6.800000190734863,6.800000190734863,-0.5451679205563238,-2.0172891258111503,-0.1399998664855957,-0.1399998664855957
2005-04-26,6.699999809265137,6.730000019073486,6.460000038146973,6.570000171661377,6.570000171661377,-0.5419791156691581,-3.382353126796467,-0.2300000190734863,-0.23000001907348633
2005-04-27,6.519999980926514,6.550000190734863,6.420000076293945,6.46999979019165,6.46999979019165,-0.5571259388831953,-1.522075781688137,-0.1000003814697265,-0.10000038146972656
2005-04-28,6.5,6.5,6.409999847412109,6.409999847412109,6.409999847412109,-0.5818391767587296,-0.9273561781330986,-0.059999942779541,-0.059999942779541016
2005-04-29,6.349999904632568,6.389999866485596,6.210000038146973,6.389999866485596,6.389999866485596,-0.5451679205563238,-0.3120121903682715,-0.0199999809265136,-0.019999980926513672
2005-05-02,6.25,6.349999904632568,6.25,6.349999904632568,6.349999904632568,-0.5890139877548526,-0.6259775068669371,-0.0399999618530273,-0.039999961853027344
2005-05-03,6.300000190734863,6.369999885559082,6.300000190734863,6.369999885559082,6.369999885559082,-0.5906083901984354,0.314960334281622,0.0199999809265136,0.019999980926513672
2005-05-04,6.400000095367432,6.400000095367432,6.21999979019165,6.289999961853027,6.289999961853027,-0.5882167865330611,-1.255885795028289,-0.0799999237060546,-0.07999992370605469
2005-05-05,6.289999961853027,6.289999961853027,6.199999809265137,6.239999771118164,6.239999771118164,-0.5419791156691581,-0.7949155967901356,-0.0500001907348632,-0.05000019073486328
2005-05-06,6.340000152587891,6.550000190734863,6.340000152587891,6.449999809265137,6.449999809265137,-0.5643007498793182,3.365385350155914,0.2100000381469726,0.21000003814697266
2005-05-09,6.349999904632568,6.360000133514404,6.159999847412109,6.349999904632568,6.349999904632568,-0.4487065727195607,-1.5503861641813277,-0.0999999046325683,-0.09999990463256836
2005-05-10,6.300000190734863,6.349999904632568,6.199999809265137,6.349999904632568,6.349999904632568,-0.565895152322901,0.0,0.0,0.0
2005-05-11,6.260000228881836,6.360000133514404,6.25,6.349999904632568,6.349999904632568,-0.4678394020425551,0.0,0.0,0.0
2005-05-12,6.260000228881836,6.340000152587891,6.159999847412109,6.230000019073486,6.230000019073486,-0.4534897800503093,-1.8897620056897544,-0.119999885559082,-0.11999988555908203
2005-05-13,6.300000190734863,6.300000190734863,6.25,6.25,6.25,-0.589811188976644,0.321026980181105,0.0199999809265136,0.019999980926513672
2005-05-16,6.099999904632568,6.199999809265137,6.099999904632568,6.159999847412109,6.159999847412109,-0.543573518112741,-1.4400024414062518,-0.0900001525878906,-0.09000015258789062
2005-05-17,6.179999828338623,6.239999771118164,6.0,6.150000095367432,6.150000095367432,-0.3538396273263804,-0.1623336411100573,-0.0099997520446777,-0.009999752044677734
2005-05-18,6.159999847412109,6.349999904632568,6.150000095367432,6.300000190734863,6.300000190734863,-0.5108882680192923,2.439025903112113,0.1500000953674316,0.15000009536743164
2005-05-19,6.400000095367432,6.400000095367432,6.239999771118164,6.239999771118164,6.239999771118164,-0.3402872065559261,-0.952387584129588,-0.0600004196166992,-0.06000041961669922
2005-05-20,6.25,6.400000095367432,6.25,6.400000095367432,6.400000095367432,-0.5300210973422866,2.564107854455844,0.1600003242492675,0.16000032424926758
2005-05-23,6.440000057220459,6.5,6.440000057220459,6.440000057220459,6.440000057220459,-0.5332099022294524,0.6249993946403354,0.0399999618530273,0.039999961853027344
2005-05-24,6.489999771118164,6.489999771118164,6.489999771118164,6.489999771118164,6.489999771118164,-0.5914055914202269,0.7763930660473539,0.049999713897705,0.04999971389770508
2005-05-25,6.409999847412109,6.480000019073486,6.409999847412109,6.46999979019165,6.46999979019165,-0.5595175425485696,-0.3081661268389823,-0.0199999809265136,-0.019999980926513672
2005-05-26,6.409999847412109,6.440000057220459,6.320000171661377,6.440000057220459,6.440000057220459,-0.5722727620972325,-0.4636744040806606,-0.0299997329711914,-0.029999732971191406
2005-05-27,6.349999904632568,6.440000057220459,6.25,6.389999866485596,6.389999866485596,-0.5204546826807895,-0.7764004703509797,-0.0500001907348632,-0.05000019073486328
2005-05-31,6.300000190734863,6.349999904632568,6.210000038146973,6.349999904632568,6.349999904632568,-0.5515455303306553,-0.6259775068669371,-0.0399999618530273,-0.039999961853027344
2005-06-01,6.409999847412109,6.409999847412109,6.409999847412109,6.409999847412109,6.409999847412109,-0.5890139877548526,0.9448810028448884,0.059999942779541,0.059999942779541016
2005-06-02,6.420000076293945,6.420000076293945,6.420000076293945,6.420000076293945,6.420000076293945,-0.5914055914202269,0.1560098146628386,0.0100002288818359,0.010000228881835938
2005-06-03,6.400000095367432,6.409999847412109,6.400000095367432,6.409999847412109,6.409999847412109,-0.5874195853112697,-0.1557668031619163,-0.0100002288818359,-0.010000228881835938
2005-06-06,6.409999847412109,6.409999847412109,6.409999847412109,6.409999847412109,6.409999847412109,-0.5914055914202269,0.0,0.0,0.0
2005-06-07,6.349999904632568,6.349999904632568,6.300000190734863,6.300000190734863,6.300000190734863,-0.5929999938638097,-1.716063327546813,-0.1099996566772461,-0.1099996566772461
2005-06-08,6.300000190734863,6.300000190734863,6.260000228881836,6.260000228881836,6.260000228881836,-0.5515455303306553,-0.6349200101906871,-0.0399999618530273,-0.039999961853027344
2005-06-09,6.260000228881836,6.260000228881836,6.260000228881836,6.260000228881836,6.260000228881836,-0.595391597529184,0.0,0.0,0.0
2005-06-10,6.239999771118164,6.400000095367432,6.179999828338623,6.400000095367432,6.400000095367432,-0.519657481458998,2.236419510652365,0.1399998664855957,0.1399998664855957
2005-06-13,6.409999847412109,6.420000076293945,6.400000095367432,6.400000095367432,6.400000095367432,-0.5826363779805211,0.0,0.0,0.0
2005-06-14,6.429999828338623,6.429999828338623,6.360000133514404,6.420000076293945,6.420000076293945,-0.5778531706497725,0.3124996973201677,0.0199999809265136,0.019999980926513672
2005-06-15,6.309999942779541,6.349999904632568,6.239999771118164,6.349999904632568,6.349999904632568,-0.5515455303306553,-1.090345340023513,-0.0700001716613769,-0.07000017166137695
2005-06-16,6.400000095367432,6.71999979019165,6.400000095367432,6.699999809265137,6.699999809265137,-0.399280096968492,5.511809604551798,0.3499999046325683,0.34999990463256836
2005-06-17,6.800000190734863,6.800000190734863,6.699999809265137,6.739999771118164,6.739999771118164,-0.549153926665281,0.5970143730110733,0.0399999618530273,0.039999961853027344
2005-06-20,6.699999809265137,7.0,6.699999809265137,7.0,7.0,-0.5571259388831953,3.857570292449752,0.2600002288818359,0.26000022888183594
2005-06-21,7.03000020980835,7.110000133514404,7.03000020980835,7.110000133514404,7.110000133514404,-0.5682867559882754,1.5714304787772138,0.1100001335144043,0.1100001335144043
2005-06-22,7.25,7.389999866485596,7.25,7.389999866485596,7.389999866485596,-0.5539371339960296,3.9381115008895184,0.2799997329711914,0.2799997329711914
2005-06-23,7.25,7.389999866485596,7.25,7.349999904632568,7.349999904632568,-0.5818391767587296,-0.5412714827564669,-0.0399999618530273,-0.039999961853027344
2005-06-24,7.5,7.5,7.050000190734863,7.099999904632568,7.099999904632568,-0.5180630790154152,-3.401360588350888,-0.25,-0.25
2005-06-27,7.190000057220459,7.190000057220459,7.150000095367432,7.150000095367432,7.150000095367432,-0.4766086154822608,0.7042280479784058,0.0500001907348632,0.05000019073486328
2005-06-28,7.230000019073486,7.230000019073486,7.230000019073486,7.230000019073486,7.230000019073486,-0.5914055914202269,1.1188800369091867,0.0799999237060546,0.07999992370605469
2005-06-29,7.150000095367432,7.199999809265137,7.150000095367432,7.199999809265137,7.199999809265137,-0.5914055914202269,-0.4149406601549943,-0.0300002098083496,-0.03000020980834961
2005-06-30,7.28000020980835,7.340000152587891,7.25,7.309999942779541,7.309999942779541,-0.5076994631321265,1.5277796726168358,0.1100001335144043,0.1100001335144043
2005-07-01,7.28000020980835,7.28000020980835,7.28000020980835,7.28000020980835,7.28000020980835,-0.5914055914202269,-0.4103930671138234,-0.0299997329711914,-0.029999732971191406
2005-07-05,7.28000020980835,7.28000020980835,7.28000020980835,7.28000020980835,7.28000020980835,-0.595391597529184,0.0,0.0,0.0
2005-07-06,7.25,7.260000228881836,7.25,7.260000228881836,7.260000228881836,-0.5834335792023125,-0.2747250048093064,-0.0199999809265136,-0.019999980926513672
2005-07-07,7.28000020980835,7.300000190734863,7.28000020980835,7.300000190734863,7.300000190734863,-0.5555315364396124,0.5509636445175214,0.0399999618530273,0.039999961853027344
2005-07-08,7.289999961853027,7.289999961853027,7.28000020980835,7.28000020980835,7.28000020980835,-0.5834335792023125,-0.2739723343007205,-0.0199999809265136,-0.019999980926513672
2005-07-11,7.300000190734863,7.300000190734863,7.300000190734863,7.300000190734863,7.300000190734863,-0.554734335217821,0.2747250048093175,0.0199999809265136,0.019999980926513672
2005-07-12,7.25,7.269999980926514,7.25,7.269999980926514,7.269999980926514,-0.5929999938638097,-0.4109617674589394,-0.0300002098083496,-0.03000020980834961
2005-07-13,7.230000019073486,7.230000019073486,7.230000019073486,7.230000019073486,7.230000019073486,-0.5874195853112697,-0.5502058040986357,-0.0399999618530273,-0.039999961853027344
2005-07-14,7.349999904632568,7.349999904632568,7.239999771118164,7.25,7.25,-0.3410844077777175,0.2766249083506533,0.0199999809265136,0.019999980926513672
2005-07-15,7.28000020980835,7.300000190734863,7.28000020980835,7.300000190734863,7.300000190734863,-0.2964411393573974,0.6896578032394851,0.0500001907348632,0.05000019073486328
2005-07-18,7.309999942779541,7.349999904632568,7.25,7.300000190734863,7.300000190734863,-0.3139795662368089,0.0,0.0,0.0
2005-07-19,7.25,7.25,7.21999979019165,7.21999979019165,7.21999979019165,-0.5539371339960296,-1.0958958692185994,-0.0800004005432128,-0.08000040054321289
2005-07-20,7.21999979019165,7.21999979019165,7.21999979019165,7.21999979019165,7.21999979019165,-0.595391597529184,0.0,0.0,0.0
2005-07-21,7.150000095367432,7.150000095367432,7.050000190734863,7.139999866485596,7.139999866485596,-0.5778531706497725,-1.10803221649306,-0.0799999237060546,-0.07999992370605469
2005-07-22,7.239999771118164,7.239999771118164,7.059999942779541,7.059999942779541,7.059999942779541,-0.5842307804241039,-1.1204471316808573,-0.0799999237060546,-0.07999992370605469
2005-07-25,6.960000038146973,7.099999904632568,6.909999847412109,7.099999904632568,7.099999904632568,-0.571475560875441,0.5665717022269368,0.0399999618530273,0.039999961853027344
2005-07-26,7.099999904632568,7.110000133514404,7.090000152587891,7.090000152587891,7.090000152587891,-0.5810419755369383,-0.1408415799858398,-0.0099997520446777,-0.009999752044677734
2005-07-27,7.059999942779541,7.059999942779541,7.0,7.050000190734863,7.050000190734863,-0.578650371871564,-0.5641743440361835,-0.0399999618530273,-0.039999961853027344
2005-07-28,7.050000190734863,7.300000190734863,7.050000190734863,7.300000190734863,7.300000190734863,-0.5483567254434896,3.5460991948418785,0.25,0.25
2005-07-29,7.28000020980835,7.28000020980835,7.199999809265137,7.199999809265137,7.199999809265137,-0.5922027926420182,-1.36986820351932,-0.1000003814697265,-0.10000038146972656
2005-08-01,7.239999771118164,7.239999771118164,7.0,7.130000114440918,7.130000114440918,-0.5754615669843982,-0.9722180094246856,-0.0699996948242187,-0.06999969482421875
2005-08-02,7.050000190734863,7.199999809265137,7.050000190734863,7.099999904632568,7.099999904632568,-0.5858251828676868,-0.4207602991139869,-0.0300002098083496,-0.03000020980834961
2005-08-03,7.059999942779541,7.159999847412109,7.050000190734863,7.159999847412109,7.159999847412109,-0.5706783596536497,0.8450696279642456,0.059999942779541,0.059999942779541016
2005-08-04,7.019999980926514,7.159999847412109,6.96999979019165,7.159999847412109,7.159999847412109,-0.5180630790154152,0.0,0.0,0.0
2005-08-05,7.260000228881836,7.260000228881836,6.989999771118164,7.090000152587891,7.090000152587891,0.1037538739819008,-0.97764938988818,-0.0699996948242187,-0.06999969482421875
2005-08-08,7.0,7.0,6.900000095367432,7.0,7.0,-0.5579231401049868,-1.2693956368257653,-0.0900001525878906,-0.09000015258789062
2005-08-09,6.949999809265137,7.0,6.909999847412109,7.0,7.0,-0.5483567254434896,0.0,0.0,0.0
2005-08-10,7.150000095367432,7.150000095367432,6.900000095367432,6.900000095367432,6.900000095367432,-0.4088465116299892,-1.4285700661795464,-0.0999999046325683,-0.09999990463256836
2005-08-11,6.900000095367432,6.920000076293945,6.900000095367432,6.920000076293945,6.920000076293945,-0.5627063474357353,0.2898547920302308,0.0199999809265136,0.019999980926513672
2005-08-12,6.909999847412109,6.909999847412109,6.880000114440918,6.889999866485596,6.889999866485596,-0.4702310057079293,-0.4335290386935475,-0.0300002098083496,-0.03000020980834961
2005-08-15,6.909999847412109,6.960000038146973,6.900000095367432,6.900000095367432,6.900000095367432,-0.4518953776067264,0.145141205741961,0.0100002288818359,0.010000228881835938
2005-08-16,6.900000095367432,6.900000095367432,6.789999961853027,6.809999942779541,6.809999942779541,-0.5603147437703611,-1.3043500194777624,-0.0900001525878906,-0.09000015258789062
2005-08-17,6.860000133514404,6.860000133514404,6.639999866485596,6.820000171661377,6.820000171661377,-0.5061050606885438,0.1468462403210191,0.0100002288818359,0.010000228881835938
2005-08-18,6.800000190734863,6.800000190734863,6.690000057220459,6.800000190734863,6.800000190734863,-0.565895152322901,-0.2932548449136152,-0.0199999809265136,-0.019999980926513672
2005-08-19,6.78000020980835,6.78000020980835,6.699999809265137,6.699999809265137,6.699999809265137,-0.571475560875441,-1.4705938038939936,-0.1000003814697265,-0.10000038146972656
2005-08-22,6.610000133514404,6.610000133514404,6.449999809265137,6.599999904632568,6.599999904632568,-0.5499511278870725,-1.4925359325276832,-0.0999999046325683,-0.09999990463256836
2005-08-23,6.650000095367432,6.650000095367432,6.5,6.5,6.5,-0.5579231401049868,-1.5151500920837613,-0.0999999046325683,-0.09999990463256836
2005-08-24,6.5,6.5,6.320000171661377,6.320000171661377,6.320000171661377,-0.5300210973422866,-2.769228128286505,-0.179999828338623,-0.17999982833862305
2005-08-25,6.230000019073486,6.230000019073486,6.090000152587891,6.199999809265137,6.199999809265137,-0.4981330484706294,-1.898739859760079,-0.1200003623962402,-0.12000036239624023
2005-08-26,6.099999904632568,6.300000190734863,6.099999904632568,6.300000190734863,6.300000190734863,-0.5666923535446925,1.612909428163012,0.1000003814697265,0.10000038146972656
2005-08-29,6.199999809265137,6.239999771118164,6.050000190734863,6.239999771118164,6.239999771118164,-0.5180630790154152,-0.952387584129588,-0.0600004196166992,-0.06000041961669922
2005-08-30,6.199999809265137,6.440000057220459,6.199999809265137,6.440000057220459,6.440000057220459,-0.5005246521360037,3.205132907664465,0.2000002861022949,0.20000028610229492
2005-08-31,6.5,6.949999809265137,6.5,6.650000095367432,6.650000095367432,-0.5467623229999067,3.2608701285883117,0.2100000381469726,0.21000003814697266
2005-09-01,6.650000095367432,6.650000095367432,6.619999885559082,6.619999885559082,6.619999885559082,-0.5929999938638097,-0.451130968091995,-0.0300002098083496,-0.03000020980834961
2005-09-02,6.670000076293945,6.670000076293945,6.670000076293945,6.670000076293945,6.670000076293945,-0.5945943963073925,0.7552899033115512,0.0500001907348632,0.05000019073486328
2005-09-06,6.619999885559082,6.619999885559082,6.619999885559082,6.619999885559082,6.619999885559082,-0.5937971950856011,-0.749628038424921,-0.0500001907348632,-0.05000019073486328
2005-09-07,6.599999904632568,6.599999904632568,6.599999904632568,6.599999904632568,6.599999904632568,-0.5945943963073925,-0.3021145207289466,-0.0199999809265136,-0.019999980926513672
2005-09-08,6.619999885559082,6.639999866485596,6.619999885559082,6.639999866485596,6.639999866485596,-0.5802447743151468,0.6060600368335001,0.0399999618530273,0.039999961853027344
2005-09-09,6.599999904632568,6.71999979019165,6.599999904632568,6.71999979019165,6.71999979019165,-0.578650371871564,1.2048181523292234,0.0799999237060546,0.07999992370605469
2005-09-12,6.840000152587891,6.869999885559082,6.840000152587891,6.869999885559082,6.869999885559082,-0.4223989324004435,2.2321443459919266,0.1500000953674316,0.15000009536743164
2005-09-13,6.820000171661377,6.880000114440918,6.610000133514404,6.699999809265137,6.699999809265137,-0.4176157250696949,-2.4745280804340357,-0.1700000762939453,-0.1700000762939453
2005-09-14,6.679999828338623,6.679999828338623,6.25,6.300000190734863,6.300000190734863,-0.5037134570231695,-5.970143730110733,-0.3999996185302734,-0.39999961853027344
2005-09-15,6.349999904632568,6.369999885559082,6.300000190734863,6.300000190734863,6.300000190734863,-0.5882167865330611,0.0,0.0,0.0
2005-09-16,6.320000171661377,6.639999866485596,6.320000171661377,6.639999866485596,6.639999866485596,-0.578650371871564,5.396820086620879,0.3399996757507324,0.3399996757507324
2005-09-19,6.599999904632568,6.599999904632568,6.599999904632568,6.599999904632568,6.599999904632568,-0.5929999938638097,-0.6024090761646117,-0.0399999618530273,-0.039999961853027344
2005-09-20,6.550000190734863,6.650000095367432,6.5,6.5,6.5,-0.5611119449921524,-1.5151500920837613,-0.0999999046325683,-0.09999990463256836
2005-09-21,6.550000190734863,6.579999923706055,6.5,6.53000020980835,6.53000020980835,-0.5698811584318582,0.461541689359235,0.0300002098083496,0.03000020980834961
2005-09-22,6.5,6.5,6.449999809265137,6.460000038146973,6.460000038146973,-0.5706783596536497,-1.0719780920716349,-0.0700001716613769,-0.07000017166137695
2005-09-23,6.489999771118164,6.5,6.489999771118164,6.5,6.5,-0.5674895547664839,0.6191944522728088,0.0399999618530273,0.039999961853027344
2005-09-26,6.400000095367432,6.400000095367432,6.25,6.25,6.25,-0.5802447743151468,-3.846153846153844,-0.25,-0.25
2005-09-27,6.150000095367432,6.239999771118164,6.150000095367432,6.199999809265137,6.199999809265137,-0.5276294936769124,-0.8000030517578138,-0.0500001907348632,-0.05000019073486328
2005-09-28,6.199999809265137,6.199999809265137,6.050000190734863,6.099999904632568,6.099999904632568,-0.543573518112741,-1.6129017372408794,-0.0999999046325683,-0.09999990463256836
2005-09-29,6.050000190734863,6.210000038146973,6.050000190734863,6.210000038146973,6.210000038146973,-0.5818391767587296,1.803280905477811,0.1100001335144043,0.1100001335144043
2005-09-30,6.099999904632568,6.099999904632568,6.099999904632568,6.099999904632568,6.099999904632568,-0.5794475730933554,-1.7713386930546249,-0.1100001335144043,-0.1100001335144043
2005-10-03,6.099999904632568,6.099999904632568,6.099999904632568,6.099999904632568,6.099999904632568,-0.5929999938638097,0.0,0.0,0.0
2005-10-04,6.099999904632568,6.099999904632568,6.070000171661377,6.099999904632568,6.099999904632568,-0.5842307804241039,0.0,0.0,0.0
2005-10-05,6.010000228881836,6.010000228881836,6.0,6.0,6.0,-0.5746643657626068,-1.639342724524051,-0.0999999046325683,-0.09999990463256836
2005-10-06,6.0,6.0,5.900000095367432,5.900000095367432,5.900000095367432,-0.5834335792023125,-1.6666650772094729,-0.0999999046325683,-0.09999990463256836
2005-10-07,6.0,6.0,5.739999771118164,5.900000095367432,5.900000095367432,-0.4208045299568606,0.0,0.0,0.0
2005-10-10,5.949999809265137,5.949999809265137,5.949999809265137,5.949999809265137,5.949999809265137,-0.5937971950856011,0.8474527642289953,0.049999713897705,0.04999971389770508
2005-10-11,6.0,6.0,5.880000114440918,5.880000114440918,5.880000114440918,-0.5794475730933554,-1.1764654969436794,-0.0699996948242187,-0.06999969482421875
2005-10-12,5.900000095367432,5.900000095367432,5.849999904632568,5.849999904632568,5.849999904632568,-0.5914055914202269,-0.5102076398718292,-0.0300002098083496,-0.03000020980834961
2005-10-13,5.800000190734863,5.849999904632568,5.650000095367432,5.849999904632568,5.849999904632568,-0.4200073287350692,0.0,0.0,0.0
2005-10-14,5.900000095367432,5.900000095367432,5.809999942779541,5.849999904632568,5.849999904632568,-0.5092938655757094,0.0,0.0,0.0
2005-10-17,5.840000152587891,5.840000152587891,5.650000095367432,5.75,5.75,-0.5467623229999067,-1.7094001070560585,-0.0999999046325683,-0.09999990463256836
2005-10-18,5.699999809265137,5.730000019073486,5.639999866485596,5.639999866485596,5.639999866485596,-0.5818391767587296,-1.9130458002505124,-0.1100001335144043,-0.1100001335144043
2005-10-19,5.739999771118164,5.739999771118164,5.71999979019165,5.71999979019165,5.71999979019165,-0.5929999938638097,1.4184383971608927,0.0799999237060546,0.07999992370605469
2005-10-20,5.760000228881836,5.760000228881836,5.760000228881836,5.760000228881836,5.760000228881836,-0.5945943963073925,0.6993083943600098,0.0400004386901855,0.04000043869018555
2005-10-21,5.800000190734863,5.840000152587891,5.800000190734863,5.840000152587891,5.840000152587891,-0.5914055914202269,1.3888875091518038,0.0799999237060546,0.07999992370605469
2005-10-24,5.800000190734863,5.849999904632568,5.800000190734863,5.849999904632568,5.849999904632568,-0.5914055914202269,0.1712286264281326,0.0099997520446777,0.009999752044677734
2005-10-25,5.889999866485596,5.889999866485596,5.869999885559082,5.869999885559082,5.869999885559082,-0.5929999938638097,0.3418800214112005,0.0199999809265136,0.019999980926513672
2005-10-26,5.940000057220459,5.940000057220459,5.940000057220459,5.940000057220459,5.940000057220459,-0.5945943963073925,1.1925072065773978,0.0700001716613769,0.07000017166137695
2005-10-27,5.989999771118164,5.989999771118164,5.96999979019165,5.96999979019165,5.96999979019165,-0.5929999938638097,0.5050460047508754,0.0299997329711914,0.029999732971191406
2005-10-28,6.050000190734863,6.050000190734863,6.03000020980835,6.03000020980835,6.03000020980835,-0.5929999938638097,1.0050321897042025,0.0600004196166992,0.06000041961669922
2005-10-31,5.980000019073486,5.989999771118164,5.900000095367432,5.989999771118164,5.989999771118164,-0.589811188976644,-0.6633571691278095,-0.0400004386901855,-0.04000043869018555
2005-11-01,5.949999809265137,5.949999809265137,5.949999809265137,5.949999809265137,5.949999809265137,-0.5929999938638097,-0.6677790213931889,-0.0399999618530273,-0.039999961853027344
2005-11-02,5.900000095367432,5.900000095367432,5.880000114440918,5.880000114440918,5.880000114440918,-0.5826363779805211,-1.1764654969436794,-0.0699996948242187,-0.06999969482421875
2005-11-03,5.929999828338623,5.929999828338623,5.880000114440918,5.880000114440918,5.880000114440918,-0.5929999938638097,0.0,0.0,0.0
2005-11-04,5.929999828338623,5.929999828338623,5.900000095367432,5.900000095367432,5.900000095367432,-0.589811188976644,0.3401357234227742,0.0199999809265136,0.019999980926513672
2005-11-07,5.900000095367432,5.900000095367432,5.900000095367432,5.900000095367432,5.900000095367432,-0.595391597529184,0.0,0.0,0.0
2005-11-08,5.809999942779541,5.849999904632568,5.800000190734863,5.800000190734863,5.800000190734863,-0.5834335792023125,-1.694913610443605,-0.0999999046325683,-0.09999990463256836
2005-11-09,5.800000190734863,5.800000190734863,5.800000190734863,5.800000190734863,5.800000190734863,-0.595391597529184,0.0,0.0,0.0
2005-11-10,5.75,5.75,5.570000171661377,5.630000114440918,5.630000114440918,-0.5292238961204953,-2.9310357017834243,-0.1700000762939453,-0.1700000762939453
2005-11-11,5.570000171661377,5.570000171661377,5.449999809265137,5.449999809265137,5.449999809265137,-0.5627063474357353,-3.197163437245432,-0.1800003051757812,-0.18000030517578125
2005-11-14,5.460000038146973,5.460000038146973,5.449999809265137,5.449999809265137,5.449999809265137,-0.5802447743151468,0.0,0.0,0.0
2005-11-15,5.409999847412109,5.409999847412109,5.199999809265137,5.199999809265137,5.199999809265137,-0.5308182985640781,-4.587156123840474,-0.25,-0.25
2005-11-16,5.099999904632568,5.099999904632568,5.0,5.099999904632568,5.099999904632568,-0.571475560875441,-1.923075159625831,-0.0999999046325683,-0.09999990463256836
2005-11-17,5.150000095367432,5.150000095367432,4.949999809265137,5.099999904632568,5.099999904632568,-0.5515455303306553,0.0,0.0,0.0
2005-11-18,5.139999866485596,5.139999866485596,5.050000190734863,5.059999942779541,5.059999942779541,-0.4893638350309237,-0.7843129921765946,-0.0399999618530273,-0.039999961853027344
2005-11-21,5.079999923706055,5.079999923706055,5.059999942779541,5.059999942779541,5.059999942779541,-0.5874195853112697,0.0,0.0,0.0
2005-11-22,5.159999847412109,5.159999847412109,5.110000133514404,5.110000133514404,5.110000133514404,-0.5698811584318582,0.98814607312816,0.0500001907348632,0.05000019073486328
2005-11-23,5.199999809265137,5.199999809265137,5.090000152587891,5.130000114440918,5.130000114440918,-0.3187627735675575,0.3913890490010452,0.0199999809265136,0.019999980926513672
2005-11-25,5.179999828338623,5.179999828338623,5.130000114440918,5.130000114440918,5.130000114440918,-0.5850279816458954,0.0,0.0,0.0
2005-11-28,5.079999923706055,5.099999904632568,5.079999923706055,5.099999904632568,5.099999904632568,-0.5778531706497725,-0.5847993984229971,-0.0300002098083496,-0.03000020980834961
2005-11-29,5.050000190734863,5.110000133514404,5.0,5.0,5.0,-0.4813918228130094,-1.960782480441492,-0.0999999046325683,-0.09999990463256836
2005-11-30,4.949999809265137,5.099999904632568,4.900000095367432,5.099999904632568,5.099999904632568,-0.5332099022294524,1.9999980926513672,0.0999999046325683,0.09999990463256836
2005-12-01,5.199999809265137,5.699999809265137,5.199999809265137,5.699999809265137,5.699999809265137,-0.4383429568362721,11.76470423239735,0.5999999046325684,0.5999999046325684
2005-12-02,5.699999809265137,5.699999809265137,5.400000095367432,5.599999904632568,5.599999904632568,-0.4423289629452293,-1.7543843505051004,-0.0999999046325683,-0.09999990463256836
2005-12-05,5.650000095367432,5.650000095367432,5.650000095367432,5.650000095367432,5.650000095367432,-0.5523427315524467,0.8928605640421639,0.0500001907348632,0.05000019073486328
2005-12-06,5.610000133514404,5.610000133514404,5.5,5.550000190734863,5.550000190734863,-0.5037134570231695,-1.7699097866309854,-0.0999999046325683,-0.09999990463256836
2005-12-07,5.5,5.650000095367432,5.400000095367432,5.449999809265137,5.449999809265137,-0.4000772981902834,-1.8018086132081,-0.1000003814697265,-0.10000038146972656
2005-12-08,5.400000095367432,5.400000095367432,5.349999904632568,5.349999904632568,5.349999904632568,-0.5427763168909495,-1.8348606996750003,-0.0999999046325683,-0.09999990463256836
2005-12-09,5.260000228881836,5.28000020980835,5.099999904632568,5.25,5.25,-0.5236434875679552,-1.8691571292548723,-0.0999999046325683,-0.09999990463256836
2005-12-12,5.25,5.25,5.199999809265137,5.199999809265137,5.199999809265137,-0.5922027926420182,-0.9523845854259694,-0.0500001907348632,-0.05000019073486328
2005-12-13,5.139999866485596,5.199999809265137,5.139999866485596,5.199999809265137,5.199999809265137,-0.5754615669843982,0.0,0.0,0.0
2005-12-14,5.25,5.25,4.989999771118164,5.0,5.0,-0.5188602802372067,-3.846150319251662,-0.1999998092651367,-0.19999980926513672
2005-12-15,5.050000190734863,5.179999828338623,4.840000152587891,5.050000190734863,5.050000190734863,1.482911987681076,1.00000381469727,0.0500001907348632,0.05000019073486328
2005-12-16,5.099999904632568,5.170000076293945,4.949999809265137,4.949999809265137,4.949999809265137,-0.5140770729064581,-1.980205498867016,-0.1000003814697265,-0.10000038146972656
2005-12-19,4.900000095367432,5.099999904632568,4.849999904632568,5.099999904632568,5.099999904632568,-0.336301200446969,3.030305073682426,0.1500000953674316,0.15000009536743164
2005-12-20,5.300000190734863,5.78000020980835,5.300000190734863,5.78000020980835,5.78000020980835,-0.2015741939642171,13.333339566498914,0.6800003051757812,0.6800003051757812
2005-12-21,5.800000190734863,5.960000038146973,5.800000190734863,5.880000114440918,5.880000114440918,-0.4790002191476351,1.730102093471797,0.0999999046325683,0.09999990463256836
2005-12-22,6.0,6.25,6.0,6.230000019073486,6.230000019073486,-0.2191126208436286,5.95237921463625,0.3499999046325683,0.34999990463256836
2005-12-23,6.25,6.349999904632568,6.230000019073486,6.349999904632568,6.349999904632568,-0.5116854692410837,1.926161881086608,0.119999885559082,0.11999988555908203
2005-12-27,6.480000019073486,6.590000152587891,6.289999961853027,6.53000020980835,6.53000020980835,-0.3960912920813262,2.834650517781334,0.1800003051757812,0.18000030517578125
2005-12-28,6.630000114440918,6.699999809265137,6.630000114440918,6.679999828338623,6.679999828338623,-0.5292238961204953,2.29708443661254,0.1499996185302734,0.14999961853027344
2005-12-29,6.699999809265137,6.699999809265137,6.150000095367432,6.300000190734863,6.300000190734863,-0.4534897800503093,-5.688617475582614,-0.3799996376037597,-0.37999963760375977
2005-12-30,6.25,6.309999942779541,6.150000095367432,6.150000095367432,6.150000095367432,-0.5443707193345324,-2.3809538226368665,-0.1500000953674316,-0.15000009536743164
2006-01-03,6.199999809265137,6.199999809265137,5.869999885559082,6.099999904632568,6.099999904632568,-0.4877694325873408,-0.8130112188539096,-0.0500001907348632,-0.05000019073486328
2006-01-04,6.150000095367432,6.159999847412109,6.050000190734863,6.050000190734863,6.050000190734863,-0.4056577067428235,-0.8196674537606752,-0.049999713897705,-0.04999971389770508
2006-01-05,6.090000152587891,6.199999809265137,6.050000190734863,6.199999809265137,6.199999809265137,-0.5005246521360037,2.4793324595259847,0.1499996185302734,0.14999961853027344
2006-01-06,6.150000095367432,6.239999771118164,6.099999904632568,6.239999771118164,6.239999771118164,-0.5244406887897467,0.6451606948963517,0.0399999618530273,0.039999961853027344
2006-01-09,6.199999809265137,6.25,6.150000095367432,6.239999771118164,6.239999771118164,-0.526832292455121,0.0,0.0,0.0
2006-01-10,6.150000095367432,6.150000095367432,6.0,6.090000152587891,6.090000152587891,-0.4901610362527151,-2.40384012872158,-0.1499996185302734,-0.14999961853027344
2006-01-11,6.090000152587891,6.099999904632568,6.0,6.039999961853027,6.039999961853027,-0.571475560875441,-0.8210211737616491,-0.0500001907348632,-0.05000019073486328
2006-01-12,6.0,6.090000152587891,6.0,6.070000171661377,6.070000171661377,-0.5324127010076609,0.4966922185069888,0.0300002098083496,0.03000020980834961
2006-01-13,6.090000152587891,6.099999904632568,6.050000190734863,6.099999904632568,6.099999904632568,-0.5834335792023125,0.4942295242634342,0.0299997329711914,0.029999732971191406
2006-01-17,6.099999904632568,6.199999809265137,6.010000228881836,6.199999809265137,6.199999809265137,-0.5188602802372067,1.6393427245240622,0.0999999046325683,0.09999990463256836
2006-01-18,6.230000019073486,6.239999771118164,6.179999828338623,6.239999771118164,6.239999771118164,-0.5858251828676868,0.6451606948963517,0.0399999618530273,0.039999961853027344
2006-01-19,6.230000019073486,6.239999771118164,6.099999904632568,6.239999771118164,6.239999771118164,-0.5045106582449609,0.0,0.0,0.0
2006-01-20,6.239999771118164,6.289999961853027,6.199999809265137,6.289999961853027,6.289999961853027,-0.3801472676454976,0.8012851373214724,0.0500001907348632,0.05000019073486328
2006-01-23,6.230000019073486,6.25,6.210000038146973,6.25,6.25,-0.4335597495055235,-0.635929445081318,-0.0399999618530273,-0.039999961853027344
2006-01-24,6.25,6.28000020980835,6.25,6.28000020980835,6.28000020980835,-0.5571259388831953,0.4800033569335893,0.0300002098083496,0.03000020980834961
2006-01-25,6.25,6.25,6.199999809265137,6.239999771118164,6.239999771118164,-0.5571259388831953,-0.636949639391915,-0.0400004386901855,-0.04000043869018555
2006-01-26,6.239999771118164,6.289999961853027,6.199999809265137,6.289999961853027,6.289999961853027,-0.3865248774198291,0.8012851373214724,0.0500001907348632,0.05000019073486328
2006-01-27,6.25,6.25,6.199999809265137,6.199999809265137,6.199999809265137,-0.3889164810852034,-1.4308450418714536,-0.0900001525878906,-0.09000015258789062
2006-01-30,6.239999771118164,6.239999771118164,6.0,6.199999809265137,6.199999809265137,-0.4702310057079293,0.0,0.0,0.0
2006-01-31,6.230000019073486,6.239999771118164,6.230000019073486,6.239999771118164,6.239999771118164,-0.5858251828676868,0.6451606948963517,0.0399999618530273,0.039999961853027344
2006-02-01,6.239999771118164,6.5,6.239999771118164,6.5,6.5,-0.2119378098475057,4.166670487477364,0.2600002288818359,0.26000022888183594
2006-02-02,6.5,6.699999809265137,6.5,6.699999809265137,6.699999809265137,-0.4471121702759779,3.076920142540573,0.1999998092651367,0.19999980926513672
2006-02-03,6.730000019073486,6.730000019073486,6.71999979019165,6.730000019073486,6.730000019073486,-0.5674895547664839,0.4477643382446716,0.0300002098083496,0.03000020980834961
2006-02-06,6.670000076293945,6.699999809265137,6.599999904632568,6.699999809265137,6.699999809265137,-0.5650979511011096,-0.4457683465575957,-0.0300002098083496,-0.03000020980834961
2006-02-07,6.71999979019165,6.71999979019165,6.550000190734863,6.650000095367432,6.650000095367432,-0.4582729873810579,-0.746264407777486,-0.049999713897705,-0.04999971389770508
2006-02-08,6.679999828338623,6.679999828338623,6.599999904632568,6.599999904632568,6.599999904632568,-0.5906083901984354,-0.7518825566588339,-0.0500001907348632,-0.05000019073486328
2006-02-09,6.639999866485596,6.690000057220459,6.579999923706055,6.690000057220459,6.690000057220459,-0.1888189744155542,1.3636386952781576,0.0900001525878906,0.09000015258789062
2006-02-10,6.699999809265137,6.699999809265137,6.670000076293945,6.670000076293945,6.670000076293945,-0.589811188976644,-0.2989533745209494,-0.0199999809265136,-0.019999980926513672
2006-02-13,6.619999885559082,6.650000095367432,6.619999885559082,6.650000095367432,6.650000095367432,-0.5937971950856011,-0.2998497855734139,-0.0199999809265136,-0.019999980926513672
2006-02-14,6.679999828338623,6.679999828338623,6.619999885559082,6.619999885559082,6.619999885559082,-0.5826363779805211,-0.451130968091995,-0.0300002098083496,-0.03000020980834961
2006-02-15,6.550000190734863,6.570000171661377,6.550000190734863,6.570000171661377,6.570000171661377,-0.5866223840894782,-0.755282700333193,-0.049999713897705,-0.04999971389770508
2006-02-16,6.550000190734863,6.550000190734863,6.519999980926514,6.519999980926514,6.519999980926514,-0.5507483291088638,-0.7610378908440629,-0.0500001907348632,-0.05000019073486328
2006-02-17,6.550000190734863,6.650000095367432,6.550000190734863,6.650000095367432,6.650000095367432,-0.5611119449921524,1.993866791736476,0.1300001144409179,0.13000011444091797
2006-02-21,6.650000095367432,6.650000095367432,6.550000190734863,6.599999904632568,6.599999904632568,-0.5802447743151468,-0.7518825566588339,-0.0500001907348632,-0.05000019073486328
2006-02-22,6.5,6.53000020980835,6.5,6.53000020980835,6.53000020980835,-0.5754615669843982,-1.0606014520558649,-0.0699996948242187,-0.06999969482421875
2006-02-23,6.5,6.550000190734863,6.199999809265137,6.550000190734863,6.550000190734863,-0.4805946215912179,0.3062784116985684,0.0199999809265136,0.019999980926513672
2006-02-24,6.599999904632568,6.610000133514404,6.599999904632568,6.599999904632568,6.599999904632568,-0.5419791156691581,0.7633543884232319,0.049999713897705,0.04999971389770508
2006-02-27,6.650000095367432,6.650000095367432,6.550000190734863,6.579999923706055,6.579999923706055,-0.5595175425485696,-0.30303001841675,-0.0199999809265136,-0.019999980926513672
2006-02-28,6.53000020980835,6.53000020980835,6.46999979019165,6.5,6.5,-0.5754615669843982,-1.2158043257392117,-0.0799999237060546,-0.07999992370605469
2006-03-01,6.460000038146973,6.460000038146973,6.449999809265137,6.449999809265137,6.449999809265137,-0.5834335792023125,-0.7692337036132812,-0.0500001907348632,-0.05000019073486328
2006-03-02,6.409999847412109,6.449999809265137,6.300000190734863,6.449999809265137,6.449999809265137,-0.5539371339960296,0.0,0.0,0.0
2006-03-03,6.449999809265137,6.449999809265137,6.400000095367432,6.400000095367432,6.400000095367432,-0.5666923535446925,-0.7751893856784764,-0.049999713897705,-0.04999971389770508
2006-03-06,6.349999904632568,6.400000095367432,6.349999904632568,6.400000095367432,6.400000095367432,-0.5858251828676868,0.0,0.0,0.0
2006-03-07,6.400000095367432,6.400000095367432,6.400000095367432,6.400000095367432,6.400000095367432,-0.595391597529184,0.0,0.0,0.0
2006-03-08,6.389999866485596,6.389999866485596,6.389999866485596,6.389999866485596,6.389999866485596,-0.5922027926420182,-0.1562535739503268,-0.0100002288818359,-0.010000228881835938
2006-03-09,6.320000171661377,6.320000171661377,6.269999980926514,6.269999980926514,6.269999980926514,-0.5834335792023125,-1.8779325206008224,-0.119999885559082,-0.11999988555908203
2006-03-10,6.269999980926514,6.269999980926514,6.269999980926514,6.269999980926514,6.269999980926514,-0.5937971950856011,0.0,0.0,0.0
2006-03-13,6.289999961853027,6.309999942779541,6.289999961853027,6.300000190734863,6.300000190734863,-0.5499511278870725,0.4784722472027214,0.0300002098083496,0.03000020980834961
2006-03-14,6.329999923706055,6.440000057220459,6.300000190734863,6.440000057220459,6.440000057220459,-0.4431261641670207,2.2222200356674104,0.1399998664855957,0.1399998664855957
2006-03-15,6.349999904632568,6.650000095367432,6.349999904632568,6.650000095367432,6.650000095367432,-0.462258993490015,3.2608701285883117,0.2100000381469726,0.21000003814697266
2006-03-16,6.670000076293945,6.800000190734863,6.670000076293945,6.800000190734863,6.800000190734863,-0.4558813837156836,2.2556404994930057,0.1500000953674316,0.15000009536743164
2006-03-17,6.789999961853027,7.099999904632568,6.789999961853027,7.090000152587891,7.090000152587891,-0.4383429568362721,4.264705201746288,0.2899999618530273,0.28999996185302734
2006-03-20,7.099999904632568,7.480000019073486,7.099999904632568,7.480000019073486,7.480000019073486,-0.5260350912333295,5.500703217097169,0.3899998664855957,0.3899998664855957
2006-03-21,7.460000038146973,7.460000038146973,7.400000095367432,7.400000095367432,7.400000095367432,-0.5308182985640781,-1.0695176938778084,-0.0799999237060546,-0.07999992370605469
2006-03-22,7.300000190734863,7.349999904632568,7.289999961853027,7.320000171661377,7.320000171661377,-0.4965386460270465,-1.0810800361494066,-0.0799999237060546,-0.07999992370605469
2006-03-23,7.309999942779541,7.309999942779541,7.28000020980835,7.300000190734863,7.300000190734863,-0.4797974203694265,-0.2732237767417156,-0.0199999809265136,-0.019999980926513672
2006-03-24,7.300000190734863,7.300000190734863,7.25,7.25,7.25,-0.4223989324004435,-0.68493410175966,-0.0500001907348632,-0.05000019073486328
2006-03-27,7.25,7.28000020980835,7.210000038146973,7.25,7.25,-0.4016717006338663,0.0,0.0,0.0
2006-03-28,7.28000020980835,7.28000020980835,7.170000076293945,7.230000019073486,7.230000019073486,-0.4957414448052551,-0.2758618058829487,-0.0199999809265136,-0.019999980926513672
2006-03-29,7.230000019073486,7.239999771118164,7.230000019073486,7.239999771118164,7.239999771118164,-0.571475560875441,0.1383091565462901,0.0099997520446777,0.009999752044677734
2006-03-30,7.25,7.25,7.199999809265137,7.25,7.25,-0.4965386460270465,0.1381247126792661,0.0100002288818359,0.010000228881835938
2006-03-31,7.199999809265137,7.199999809265137,7.199999809265137,7.199999809265137,7.199999809265137,-0.5148742741282495,-0.6896578032394962,-0.0500001907348632,-0.05000019073486328
2006-04-03,6.949999809265137,7.300000190734863,6.949999809265137,7.260000228881836,7.260000228881836,-0.4837834264783837,0.8333391834189907,0.0600004196166992,0.06000041961669922
2006-04-04,7.260000228881836,7.260000228881836,7.199999809265137,7.260000228881836,7.260000228881836,-0.571475560875441,0.0,0.0,0.0
2006-04-05,7.210000038146973,7.210000038146973,7.159999847412109,7.159999847412109,7.159999847412109,-0.5922027926420182,-1.3774156792985215,-0.1000003814697265,-0.10000038146972656
2006-04-06,7.25,7.320000171661377,7.25,7.320000171661377,7.320000171661377,-0.5818391767587296,2.234641447752228,0.1600003242492675,0.16000032424926758
2006-04-07,7.329999923706055,7.389999866485596,7.329999923706055,7.360000133514404,7.360000133514404,-0.543573518112741,0.5464475534834312,0.0399999618530273,0.039999961853027344
2006-04-10,7.380000114440918,7.380000114440918,7.300000190734863,7.329999923706055,7.329999923706055,-0.5834335792023125,-0.4076115389147983,-0.0300002098083496,-0.03000020980834961
2006-04-11,7.349999904632568,7.440000057220459,7.320000171661377,7.440000057220459,7.440000057220459,-0.5300210973422866,1.5006839653388226,0.1100001335144043,0.1100001335144043
2006-04-12,7.400000095367432,7.409999847412109,7.300000190734863,7.349999904632568,7.349999904632568,-0.5619091462139439,-1.2096794609637973,-0.0900001525878906,-0.09000015258789062
2006-04-13,7.400000095367432,7.789999961853027,7.400000095367432,7.760000228881836,7.760000228881836,-0.2525950721588687,5.57823577645018,0.4100003242492676,0.4100003242492676
2006-04-17,7.710000038146973,8.140000343322754,7.710000038146973,8.079999923706055,8.079999923706055,0.2568165085658555,4.123707285899503,0.3199996948242187,0.31999969482421875
2006-04-18,8.119999885559082,8.210000038146973,8.079999923706055,8.15999984741211,8.15999984741211,-0.2454202611627458,0.99009807501782,0.0799999237060546,0.07999992370605469
2006-04-19,8.210000038146973,8.239999771118164,8.010000228881836,8.100000381469727,8.100000381469727,-0.4718254081515122,-0.7352875865728303,-0.0599994659423828,-0.05999946594238281
2006-04-20,8.140000343322754,8.149999618530273,8.050000190734863,8.100000381469727,8.100000381469727,-0.5300210973422866,0.0,0.0,0.0
2006-04-21,8.149999618530273,8.300000190734863,8.149999618530273,8.25,8.25,-0.2294762367269172,1.8518470551362576,0.1499996185302734,0.14999961853027344
2006-04-24,8.199999809265137,8.34000015258789,8.1899995803833,8.34000015258789,8.34000015258789,-0.3490564199956318,1.0909109404592776,0.0900001525878906,0.09000015258789062
2006-04-25,8.399999618530273,8.399999618530273,8.220000267028809,8.319999694824219,8.319999694824219,-0.4072521091864063,-0.2398136378626514,-0.0200004577636718,-0.020000457763671875
2006-04-26,8.470000267028809,8.489999771118164,8.25,8.350000381469727,8.350000381469727,-0.4223989324004435,0.3605851892539258,0.0300006866455078,0.030000686645507812
2006-04-27,8.25,8.5,8.25,8.40999984741211,8.40999984741211,-0.2103434074039229,0.7185564455246318,0.0599994659423828,0.05999946594238281
2006-04-28,8.489999771118164,8.510000228881836,8.40999984741211,8.510000228881836,8.510000228881836,-0.3187627735675575,1.1890651995730694,0.1000003814697265,0.10000038146972656
2006-05-01,8.489999771118164,8.489999771118164,8.390000343322754,8.390000343322754,8.390000343322754,-0.4670422008207636,-1.4101043752245523,-0.119999885559082,-0.11999988555908203
2006-05-02,8.449999809265137,8.75,8.390000343322754,8.75,8.75,-0.278902712477986,4.290818139998698,0.3599996566772461,0.3599996566772461
2006-05-03,8.739999771118164,8.739999771118164,8.5,8.529999732971191,8.529999732971191,-0.5148742741282495,-2.5142887660435265,-0.2200002670288086,-0.2200002670288086
2006-05-04,8.729999542236328,8.729999542236328,8.399999618530273,8.460000038146973,8.460000038146973,-0.4447205666106035,-0.8206295078022952,-0.0699996948242187,-0.06999969482421875
2006-05-05,8.470000267028809,8.600000381469727,8.359999656677246,8.600000381469727,8.600000381469727,-0.4829862252565922,1.6548503864241004,0.1400003433227539,0.1400003433227539
2006-05-08,8.649999618530273,8.649999618530273,8.550000190734863,8.619999885559082,8.619999885559082,-0.5053078594667523,0.2325523628167181,0.0199995040893554,0.01999950408935547
2006-05-09,8.739999771118164,8.920000076293945,8.699999809265137,8.90999984741211,8.90999984741211,0.579683003391385,3.364268743655763,0.2899999618530273,0.28999996185302734
2006-05-10,8.90999984741211,9.100000381469728,8.899999618530273,9.0,9.0,-0.1664973402053942,1.0101027399459506,0.0900001525878906,0.09000015258789062
2006-05-11,9.06999969482422,9.1899995803833,8.800000190734863,8.859999656677246,8.859999656677246,-0.1481617121041913,-1.5555593702528236,-0.1400003433227539,-0.1400003433227539
2006-05-12,8.979999542236328,9.050000190734863,8.40999984741211,8.6899995803833,8.6899995803833,-0.2366510477230401,-1.9187368271038951,-0.1700000762939453,-0.1700000762939453
2006-05-15,8.9399995803833,9.0,8.15999984741211,8.300000190734863,8.300000190734863,-0.2876719259176917,-4.487910339245782,-0.3899993896484375,-0.3899993896484375
2006-05-16,8.359999656677246,8.399999618530273,8.300000190734863,8.390000343322754,8.390000343322754,-0.5188602802372067,1.084339162887682,0.0900001525878906,0.09000015258789062
2006-05-17,8.300000190734863,8.300000190734863,8.300000190734863,8.300000190734863,8.300000190734863,-0.5914055914202269,-1.072707376698956,-0.0900001525878906,-0.09000015258789062
2006-05-18,8.300000190734863,8.300000190734863,8.149999618530273,8.25,8.25,-0.5220490851243723,-0.6024119227211244,-0.0500001907348632,-0.05000019073486328
2006-05-19,8.260000228881836,8.300000190734863,8.170000076293945,8.300000190734863,8.300000190734863,-0.4550841824938921,0.6060629179983401,0.0500001907348632,0.05000019073486328
2006-05-22,8.289999961853027,8.289999961853027,8.170000076293945,8.170000076293945,8.170000076293945,-0.565895152322901,-1.5662664030542397,-0.1300001144409179,-0.13000011444091797
2006-05-23,8.25,8.289999961853027,7.949999809265137,8.0,8.0,-0.2733223039254459,-2.080784268132596,-0.1700000762939453,-0.1700000762939453
2006-05-24,7.980000019073486,8.15999984741211,7.699999809265137,8.029999732971191,8.029999732971191,-0.1824413646412228,0.3749966621398926,0.0299997329711914,0.029999732971191406
2006-05-25,8.130000114440918,8.279999732971191,8.079999923706055,8.270000457763672,8.270000457763672,-0.4606645910464322,2.988801155335508,0.2400007247924804,0.24000072479248047
2006-05-26,8.149999618530273,8.5,7.960000038146973,8.390000343322754,8.390000343322754,-0.5156714753500409,1.451026347240747,0.119999885559082,0.11999988555908203
2006-05-30,8.449999809265137,8.449999809265137,8.109999656677246,8.170000076293945,8.170000076293945,-0.571475560875441,-2.622172324508876,-0.2200002670288086,-0.2200002670288086
2006-05-31,8.199999809265137,8.229999542236328,8.09000015258789,8.15999984741211,8.15999984741211,-0.3905108835287862,-0.1224018211560706,-0.0100002288818359,-0.010000228881835938
2006-06-01,8.119999885559082,8.220000267028809,8.100000381469727,8.220000267028809,8.220000267028809,-0.5890139877548526,0.7352992737583053,0.0600004196166992,0.06000041961669922
2006-06-02,8.180000305175781,8.489999771118164,8.180000305175781,8.369999885559082,8.369999885559082,-0.4909582374745065,1.824812818217736,0.1499996185302734,0.14999961853027344
2006-06-05,8.300000190734863,8.300000190734863,8.300000190734863,8.300000190734863,8.300000190734863,-0.5483567254434896,-0.8363165565269615,-0.0699996948242187,-0.06999969482421875
2006-06-06,8.199999809265137,8.199999809265137,8.130000114440918,8.1899995803833,8.1899995803833,-0.549153926665281,-1.325308527996838,-0.1100006103515625,-0.1100006103515625
2006-06-07,8.149999618530273,8.3100004196167,8.149999618530273,8.300000190734863,8.300000190734863,-0.571475560875441,1.3431088643159006,0.1100006103515625,0.1100006103515625
2006-06-08,8.199999809265137,8.199999809265137,8.100000381469727,8.109999656677246,8.109999656677246,-0.4518953776067264,-2.289163008329942,-0.1900005340576172,-0.1900005340576172
2006-06-09,8.199999809265137,8.239999771118164,8.100000381469727,8.1899995803833,8.1899995803833,-0.5698811584318582,0.98643559917031,0.0799999237060546,0.07999992370605469
2006-06-12,8.050000190734863,8.140000343322754,7.900000095367432,8.140000343322754,8.140000343322754,-0.5475595242216982,-0.61049132627925,-0.0499992370605468,-0.049999237060546875
2006-06-13,7.75,8.100000381469727,7.75,8.100000381469727,8.100000381469727,-0.5387903107819924,-0.4914000020385667,-0.0399999618530273,-0.039999961853027344
2006-06-14,8.100000381469727,8.119999885559082,8.100000381469727,8.119999885559082,8.119999885559082,-0.5746643657626068,0.2469074462651654,0.0199995040893554,0.01999950408935547
2006-06-15,8.130000114440918,8.149999618530273,8.100000381469727,8.100000381469727,8.100000381469727,-0.5459651217781153,-0.2462993149165315,-0.0199995040893554,-0.01999950408935547
2006-06-16,8.100000381469727,8.100000381469727,8.100000381469727,8.100000381469727,8.100000381469727,-0.595391597529184,0.0,0.0,0.0
2006-06-19,8.09000015258789,8.100000381469727,8.010000228881836,8.010000228881836,8.010000228881836,-0.519657481458998,-1.1111129425843358,-0.0900001525878906,-0.09000015258789062
2006-06-20,7.960000038146973,8.050000190734863,7.730000019073486,8.050000190734863,8.050000190734863,-0.2159238159564629,0.499375289763404,0.0399999618530273,0.039999961853027344
2006-06-21,8.079999923706055,8.09000015258789,8.039999961853027,8.079999923706055,8.079999923706055,-0.5882167865330611,0.37266748149547,0.0299997329711914,0.029999732971191406
2006-06-22,8.050000190734863,8.100000381469727,8.050000190734863,8.100000381469727,8.100000381469727,-0.5818391767587296,0.2475304202044892,0.0200004577636718,0.020000457763671875
2006-06-23,8.109999656677246,8.109999656677246,8.079999923706055,8.100000381469727,8.100000381469727,-0.5722727620972325,0.0,0.0,0.0
2006-06-26,8.069999694824219,8.149999618530273,8.069999694824219,8.140000343322754,8.140000343322754,-0.5523427315524467,0.4938266662867674,0.0399999618530273,0.039999961853027344
2006-06-27,8.140000343322754,8.149999618530273,8.09000015258789,8.100000381469727,8.100000381469727,-0.5674895547664839,-0.4914000020385667,-0.0399999618530273,-0.039999961853027344
2006-06-28,8.149999618530273,8.300000190734863,8.149999618530273,8.289999961853027,8.289999961853027,-0.5682867559882754,2.345673721423025,0.1899995803833007,0.18999958038330078
2006-06-29,8.25,8.25,7.960000038146973,8.220000267028809,8.220000267028809,-0.3801472676454976,-0.8443871549617232,-0.0699996948242187,-0.06999969482421875
2006-06-30,8.1899995803833,8.260000228881836,8.1899995803833,8.260000228881836,8.260000228881836,-0.4957414448052551,0.4866175249832016,0.0399999618530273,0.039999961853027344
2006-07-03,8.350000381469727,8.449999809265137,8.350000381469727,8.449999809265137,8.449999809265137,-0.5882167865330611,2.30023698690649,0.1899995803833007,0.18999958038330078
2006-07-05,8.449999809265137,8.699999809265137,8.449999809265137,8.550000190734863,8.550000190734863,-0.4359513531708978,1.1834364938100972,0.1000003814697265,0.10000038146972656
2006-07-06,8.600000381469727,8.649999618530273,8.329999923706055,8.449999809265137,8.449999809265137,-0.4024689018556577,-1.1695950788175535,-0.1000003814697265,-0.10000038146972656
2006-07-07,8.350000381469727,8.399999618530273,8.25,8.300000190734863,8.300000190734863,-0.5507483291088638,-1.7751434546282918,-0.1499996185302734,-0.14999961853027344
2006-07-10,8.350000381469727,8.59000015258789,8.350000381469727,8.550000190734863,8.550000190734863,-0.5539371339960296,3.012048123553912,0.25,0.25
2006-07-11,8.550000190734863,8.65999984741211,8.550000190734863,8.609999656677246,8.609999656677246,-0.4877694325873408,0.7017481240222834,0.0599994659423828,0.05999946594238281
2006-07-12,8.710000038146973,8.800000190734863,8.600000381469727,8.670000076293945,8.670000076293945,-0.5308182985640781,0.6968690128827948,0.0600004196166992,0.06000041961669922
2006-07-13,8.699999809265137,8.699999809265137,8.550000190734863,8.5600004196167,8.5600004196167,-0.3777556639801234,-1.2687388201761851,-0.1099996566772461,-0.1099996566772461
2006-07-14,8.699999809265137,8.75,8.479999542236328,8.600000381469727,8.600000381469727,-0.3857276761980376,0.467289251077152,0.0399999618530273,0.039999961853027344
2006-07-17,8.680000305175781,8.680000305175781,8.279999732971191,8.390000343322754,8.390000343322754,-0.3171683711239746,-2.441860800372242,-0.2100000381469726,-0.21000003814697266
2006-07-18,8.260000228881836,8.390000343322754,8.260000228881836,8.34000015258789,8.34000015258789,-0.5842307804241039,-0.5959498055879808,-0.0500001907348632,-0.05000019073486328
2006-07-19,8.399999618530273,8.4399995803833,8.359999656677246,8.4399995803833,8.4399995803833,-0.5188602802372067,1.19903388448237,0.0999994277954101,0.09999942779541016
2006-07-20,8.449999809265137,8.449999809265137,8.449999809265137,8.449999809265137,8.449999809265137,-0.5937971950856011,0.1184861300832063,0.0100002288818359,0.010000228881835938
2006-07-21,8.5,8.5,8.420000076293945,8.430000305175781,8.430000305175781,-0.5874195853112697,-0.2366805271099115,-0.0199995040893554,-0.01999950408935547
2006-07-24,8.5,8.649999618530273,8.5,8.609999656677246,8.609999656677246,-0.5523427315524467,2.1352235466818525,0.1799993515014648,0.17999935150146484
2006-07-25,8.75,8.800000190734863,8.569999694824219,8.779999732971191,8.779999732971191,-0.3522452248827976,1.9744492807512115,0.1700000762939453,0.1700000762939453
2006-07-26,8.850000381469727,8.899999618530273,8.75,8.789999961853027,8.789999961853027,-0.3865248774198291,0.1138978267195334,0.0100002288818359,0.010000228881835938
2006-07-27,8.75,8.850000381469727,8.699999809265137,8.739999771118164,8.739999771118164,0.1077398800908579,-0.5688303862554589,-0.0500001907348632,-0.05000019073486328
2006-07-28,8.75,8.75,8.739999771118164,8.75,8.75,-0.491755438696298,0.114419097754248,0.0100002288818359,0.010000228881835938
2006-07-31,8.770000457763672,8.770000457763672,8.760000228881836,8.760000228881836,8.760000228881836,-0.5300210973422866,0.1142883300781161,0.0100002288818359,0.010000228881835938
2006-08-01,8.760000228881836,8.760000228881836,8.760000228881836,8.760000228881836,8.760000228881836,-0.5874195853112697,0.0,0.0,0.0
2006-08-02,8.770000457763672,8.770000457763672,8.710000038146973,8.720000267028809,8.720000267028809,-0.578650371871564,-0.456620557167875,-0.0399999618530273,-0.039999961853027344
2006-08-03,8.760000228881836,8.84000015258789,8.760000228881836,8.84000015258789,8.84000015258789,-0.4359513531708978,1.376145434453857,0.119999885559082,0.11999988555908203
2006-08-04,8.869999885559082,8.869999885559082,8.869999885559082,8.869999885559082,8.869999885559082,-0.5539371339960296,0.3393634892914443,0.0299997329711914,0.029999732971191406
2006-08-07,8.800000190734863,8.859999656677246,8.800000190734863,8.850000381469727,8.850000381469727,-0.4351541519491064,-0.2254735552129627,-0.0199995040893554,-0.01999950408935547
2006-08-08,8.880000114440918,9.420000076293944,8.859999656677246,9.260000228881836,9.260000228881836,0.7502840648547512,4.632766437734559,0.4099998474121094,0.4099998474121094
2006-08-09,9.399999618530272,9.399999618530272,9.0600004196167,9.260000228881836,9.260000228881836,-0.0509031630456367,0.0,0.0,0.0
2006-08-10,9.0,9.100000381469728,8.899999618530273,9.050000190734863,9.050000190734863,-0.3777556639801234,-2.267818930414112,-0.2100000381469726,-0.21000003814697266
2006-08-11,9.0,9.079999923706056,8.880000114440918,9.079999923706056,9.079999923706056,-0.4311681458401492,0.3314887551262746,0.0299997329711931,0.029999732971193183
2006-08-14,9.149999618530272,9.1899995803833,8.9399995803833,9.0,9.0,-0.4487065727195607,-0.881056435883798,-0.0799999237060564,-0.07999992370605646
2006-08-15,9.09000015258789,9.170000076293944,8.949999809265137,8.949999809265137,8.949999809265137,-0.3458676151084661,-0.5555576748318192,-0.0500001907348632,-0.05000019073486328
2006-08-16,8.949999809265137,9.300000190734863,8.949999809265137,9.25,9.25,0.2775437403324327,3.351957509812453,0.3000001907348633,0.3000001907348633
2006-08-17,9.260000228881836,9.270000457763672,9.229999542236328,9.25,9.25,-0.0469171569366795,0.0,0.0,0.0
2006-08-18,9.25,9.34000015258789,9.25,9.329999923706056,9.329999923706056,-0.2765111088126116,0.8648640400654717,0.0799999237060564,0.07999992370605646
2006-08-21,9.399999618530272,10.0,9.329999923706056,9.979999542236328,9.979999542236328,2.2944628314647524,6.966769816136065,0.6499996185302717,0.6499996185302717
2006-08-22,9.989999771118164,10.010000228881836,9.699999809265137,9.829999923706056,9.829999923706056,-0.0652527850378825,-1.5030022586219438,-0.1499996185302716,-0.14999961853027166
2006-08-23,9.789999961853027,9.789999961853027,9.329999923706056,9.699999809265137,9.699999809265137,0.3237814111963357,-1.3224833718198823,-0.1300001144409197,-0.13000011444091975
2006-08-24,9.800000190734863,10.0,9.510000228881836,9.970000267028809,9.970000267028809,0.4585084176790875,2.7835099285855147,0.2700004577636719,0.2700004577636719
2006-08-25,9.960000038146973,10.25,9.8100004196167,10.039999961853027,10.039999961853027,2.1740854469742463,0.7021032392116489,0.0699996948242187,0.06999969482421875
2006-08-28,10.210000038146973,10.210000038146973,9.720000267028809,9.800000190734863,9.800000190734863,0.366830277173073,-2.390435976394856,-0.239999771118164,-0.23999977111816406
2006-08-29,9.899999618530272,9.899999618530272,9.600000381469728,9.75,9.75,-0.0293787300572681,-0.5102060179767554,-0.0500001907348632,-0.05000019073486328
2006-08-30,9.800000190734863,9.81999969482422,9.4399995803833,9.579999923706056,9.579999923706056,0.0503413921218749,-1.7435905260917317,-0.1700000762939435,-0.17000007629394354
2006-08-31,9.600000381469728,9.699999809265137,9.510000228881836,9.699999809265137,9.699999809265137,-0.2685390965946974,1.2526084187342912,0.1199998855590802,0.11999988555908025
2006-09-01,9.649999618530272,9.850000381469728,9.5600004196167,9.84000015258789,9.84000015258789,-0.2757139075908202,1.4433025368622232,0.1400003433227539,0.1400003433227539
2006-09-05,9.850000381469728,10.25,9.81999969482422,10.119999885559082,10.119999885559082,0.1181034959741465,2.8455256974518672,0.2799997329711914,0.2799997329711914
2006-09-06,10.109999656677246,10.109999656677246,9.800000190734863,9.800000190734863,9.800000190734863,-0.2175182184000458,-3.162052356155143,-0.3199996948242187,-0.31999969482421875
2006-09-07,9.84000015258789,9.84000015258789,9.699999809265137,9.699999809265137,9.699999809265137,-0.4654477983771807,-1.0204120359535218,-0.1000003814697265,-0.10000038146972656
2006-09-08,9.300000190734863,9.699999809265137,9.300000190734863,9.579999923706056,9.579999923706056,-0.4064549079646148,-1.237112246584382,-0.1199998855590802,-0.11999988555908025
2006-09-11,9.399999618530272,9.399999618530272,8.5,8.829999923706055,8.829999923706055,0.5143125032044877,-7.828810083224525,-0.7500000000000018,-0.7500000000000018
2006-09-12,8.779999732971191,8.819999694824219,8.59000015258789,8.75,8.75,-0.2215042245090029,-0.9060014088027036,-0.0799999237060546,-0.07999992370605469
2006-09-13,8.75,8.880000114440918,8.729999542236328,8.850000381469727,8.850000381469727,-0.3578256334353376,1.14286150251115,0.1000003814697265,0.10000038146972656
2006-09-14,8.850000381469727,9.0,8.800000190734863,8.920000076293945,8.920000076293945,-0.4790002191476351,0.7909569695701446,0.0699996948242187,0.06999969482421875
2006-09-15,8.949999809265137,9.079999923706056,8.949999809265137,9.050000190734863,9.050000190734863,-0.3020215479099374,1.4574003736436136,0.1300001144409179,0.13000011444091797
2006-09-18,9.050000190734863,9.140000343322754,8.979999542236328,9.029999732971191,9.029999732971191,-0.2820915173651517,-0.2209995286425292,-0.0200004577636718,-0.020000457763671875
2006-09-19,9.029999732971191,9.029999732971191,8.850000381469727,8.960000038146973,8.960000038146973,-0.3171683711239746,-0.7751904417962363,-0.0699996948242187,-0.06999969482421875
2006-09-20,8.8100004196167,8.890000343322754,8.800000190734863,8.890000343322754,8.890000343322754,-0.1449729072170255,-0.7812465906941624,-0.0699996948242187,-0.06999969482421875
2006-09-21,8.949999809265137,9.050000190734863,8.8100004196167,9.010000228881836,9.010000228881836,-0.2820915173651517,1.3498299316626383,0.119999885559082,0.11999988555908203
2006-09-22,9.010000228881836,9.010000228881836,8.949999809265137,8.989999771118164,8.989999771118164,-0.5571259388831953,-0.2219806576647998,-0.0200004577636718,-0.020000457763671875
2006-09-25,8.899999618530273,9.0,8.760000228881836,8.989999771118164,8.989999771118164,-0.2111406086257143,0.0,0.0,0.0
2006-09-26,8.989999771118164,8.989999771118164,8.90999984741211,8.979999542236328,8.979999542236328,-0.2629586880421573,-0.1112372540204464,-0.0100002288818359,-0.010000228881835938
2006-09-27,8.979999542236328,9.039999961853027,8.960000038146973,8.989999771118164,8.989999771118164,-0.2390426513884144,0.1113611290824767,0.0100002288818359,0.010000228881835938
2006-09-28,9.039999961853027,9.050000190734863,8.90999984741211,8.989999771118164,8.989999771118164,-0.3115879625714346,0.0,0.0,0.0
2006-09-29,8.949999809265137,9.0,8.949999809265137,9.0,9.0,-0.4128325177389463,0.1112372540204464,0.0100002288818359,0.010000228881835938
2006-10-02,9.039999961853027,9.050000190734863,8.899999618530273,8.979999542236328,8.979999542236328,-0.5499511278870725,-0.2222273084852455,-0.0200004577636718,-0.020000457763671875
2006-10-03,8.899999618530273,8.920000076293945,8.5,8.920000076293945,8.920000076293945,-0.3020215479099374,-0.6681455345312948,-0.0599994659423828,-0.05999946594238281
2006-10-04,8.979999542236328,9.050000190734863,8.970000267028809,9.020000457763672,9.020000457763672,-0.451098176384935,1.1210805001615531,0.1000003814697265,0.10000038146972656
2006-10-05,9.020000457763672,9.029999732971191,8.9399995803833,8.979999542236328,8.979999542236328,-0.4909582374745065,-0.4434691075089092,-0.0400009155273437,-0.04000091552734375
2006-10-06,8.979999542236328,9.010000228881836,8.960000038146973,8.960000038146973,8.960000038146973,-0.571475560875441,-0.2227116381831706,-0.0199995040893554,-0.01999950408935547
2006-10-09,8.960000038146973,8.970000267028809,8.880000114440918,8.960000038146973,8.960000038146973,-0.5148742741282495,0.0,0.0,0.0
2006-10-10,8.899999618530273,8.970000267028809,8.890000343322754,8.970000267028809,8.970000267028809,-0.5722727620972325,0.1116096968667434,0.0100002288818359,0.010000228881835938
2006-10-11,8.960000038146973,8.960000038146973,8.869999885559082,8.880000114440918,8.880000114440918,-0.5619091462139439,-1.0033461528279553,-0.0900001525878906,-0.09000015258789062
2006-10-12,8.960000038146973,8.970000267028809,8.850000381469727,8.970000267028809,8.970000267028809,0.1715159778341724,1.013515218783945,0.0900001525878906,0.09000015258789062
2006-10-13,8.960000038146973,8.989999771118164,8.9399995803833,8.960000038146973,8.960000038146973,-0.1704833463143513,-0.111485268496525,-0.0100002288818359,-0.010000228881835938
2006-10-16,8.829999923706055,9.199999809265137,8.829999923706055,9.0,9.0,0.4138651492587674,0.4464281437804418,0.0399999618530273,0.039999961853027344
2006-10-17,9.010000228881836,9.15999984741211,9.0,9.09000015258789,9.09000015258789,0.1659355692816324,1.0000016954210045,0.0900001525878906,0.09000015258789062
2006-10-18,9.0600004196167,9.079999923706056,8.890000343322754,8.960000038146973,8.960000038146973,-0.151350516991357,-1.4301442492705263,-0.1300001144409179,-0.13000011444091797
2006-10-19,9.300000190734863,9.300000190734863,9.09000015258789,9.149999618530272,9.149999618530272,-0.456678584937475,2.120531022035488,0.189999580383299,0.189999580383299
2006-10-20,9.25,9.25,9.140000343322754,9.229999542236328,9.229999542236328,-0.4893638350309237,0.8743161425279533,0.0799999237060564,0.07999992370605646
2006-10-23,9.229999542236328,9.229999542236328,9.100000381469728,9.229999542236328,9.229999542236328,-0.4606645910464322,0.0,0.0,0.0
2006-10-24,9.229999542236328,9.31999969482422,9.149999618530272,9.31999969482422,9.31999969482422,0.1579635570637181,0.9750829583040854,0.0900001525878924,0.0900001525878924
2006-10-25,9.369999885559082,9.390000343322754,9.300000190734863,9.380000114440918,9.380000114440918,-0.2454202611627458,0.6437813474394982,0.0600004196166974,0.06000041961669744
2006-10-26,9.449999809265137,9.489999771118164,9.300000190734863,9.390000343322754,9.390000343322754,-0.2191126208436286,0.10661224690649,0.0100002288818359,0.010000228881835938
2006-10-27,9.350000381469728,9.449999809265137,9.300000190734863,9.449999809265137,9.449999809265137,-0.3546368285481718,0.638971924905718,0.0599994659423828,0.05999946594238281
2006-10-30,9.350000381469728,9.399999618530272,9.300000190734863,9.390000343322754,9.390000343322754,-0.4845806277001751,-0.6349149963321365,-0.0599994659423828,-0.05999946594238281
2006-10-31,9.399999618530272,9.399999618530272,9.390000343322754,9.399999618530272,9.399999618530272,-0.491755438696298,0.1064885499671763,0.0099992752075177,0.009999275207517755
2006-11-01,9.399999618530272,9.489999771118164,9.300000190734863,9.3100004196167,9.3100004196167,-0.3562312309917547,-0.9574383251692576,-0.0899991989135724,-0.08999919891357244
2006-11-02,9.239999771118164,9.399999618530272,9.239999771118164,9.399999618530272,9.399999618530272,-0.4774058167040522,0.9666938223110932,0.0899991989135724,0.08999919891357244
2006-11-03,9.399999618530272,9.699999809265137,9.399999618530272,9.670000076293944,9.670000076293944,-0.2119378098475057,2.872345411923405,0.2700004577636719,0.2700004577636719
2006-11-06,9.670000076293944,9.800000190734863,9.65999984741211,9.699999809265137,9.699999809265137,-0.1601197304310627,0.3102350851551527,0.0299997329711931,0.029999732971193183
2006-11-07,9.710000038146973,9.710000038146973,9.199999809265137,9.489999771118164,9.489999771118164,0.1619495631726752,-2.1649488894462388,-0.2100000381469726,-0.21000003814697266
2006-11-08,9.399999618530272,9.579999923706056,9.399999618530272,9.550000190734863,9.550000190734863,1.2461432248090212,0.6322489047819069,0.0600004196166992,0.06000041961669922
2006-11-09,9.640000343322754,9.779999732971191,9.600000381469728,9.779999732971191,9.779999732971191,1.4948700060079476,2.408372121913338,0.2299995422363281,0.22999954223632812
2006-11-10,9.739999771118164,9.890000343322754,9.510000228881836,9.890000343322754,9.890000343322754,-0.3482592187738404,1.1247506478013314,0.1100006103515625,0.1100006103515625
2006-11-13,9.75,9.84000015258789,9.640000343322754,9.81999969482422,9.81999969482422,-0.2653502917075316,-0.7077921746058813,-0.0700006484985333,-0.07000064849853338
2006-11-14,9.779999732971191,9.84000015258789,9.640000343322754,9.640000343322754,9.640000343322754,-0.3347067980033861,-1.832987343129333,-0.1799993515014666,-0.17999935150146662
2006-11-15,9.649999618530272,9.84000015258789,9.649999618530272,9.68000030517578,9.68000030517578,-0.2892663283612746,0.4149373488428587,0.0399999618530255,0.03999996185302557
2006-11-16,9.760000228881836,9.84000015258789,9.65999984741211,9.829999923706056,9.829999923706056,-0.1194624681196998,1.5495827872037848,0.149999618530277,0.149999618530277
2006-11-17,9.760000228881836,10.399999618530272,9.699999809265137,10.149999618530272,10.149999618530272,0.3771938930563616,3.2553377142201523,0.3199996948242152,0.3199996948242152
2006-11-20,10.239999771118164,10.369999885559082,10.15999984741211,10.199999809265137,10.199999809265137,-0.0006794860727766,0.4926127351136289,0.050000190734865,0.05000019073486506
2006-11-21,10.15999984741211,10.399999618530272,10.15999984741211,10.25,10.25,-0.0054626934035251,0.4901979575474779,0.0500001907348632,0.05000019073486328
2006-11-22,10.260000228881836,10.850000381469728,10.25,10.770000457763672,10.770000457763672,1.6487298418136938,5.073175197694368,0.5200004577636719,0.5200004577636719
2006-11-24,10.770000457763672,11.220000267028809,10.649999618530272,11.1899995803833,11.1899995803833,-0.1409869011080684,3.8997131361945936,0.4199991226196289,0.4199991226196289
2006-11-27,11.300000190734863,11.420000076293944,11.119999885559082,11.300000190734863,11.300000190734863,0.3397254356321643,0.983026045366442,0.1100006103515625,0.1100006103515625
2006-11-28,11.449999809265137,11.479999542236328,11.220000267028809,11.300000190734863,11.300000190734863,-0.2757139075908202,0.0,0.0,0.0
2006-11-29,11.449999809265137,11.489999771118164,11.25,11.399999618530272,11.399999618530272,-0.4813918228130094,0.8849506735176815,0.0999994277954083,0.09999942779540838
2006-11-30,11.399999618530272,11.40999984741211,11.25,11.300000190734863,11.300000190734863,-0.4144269201825292,-0.8771879924703074,-0.0999994277954083,-0.09999942779540838
2006-12-01,11.260000228881836,11.989999771118164,11.260000228881836,11.850000381469728,11.850000381469728,-0.0054626934035251,4.867258242931927,0.5500001907348651,0.5500001907348651
2006-12-04,11.979999542236328,12.739999771118164,11.979999542236328,12.619999885559082,12.619999885559082,0.6817247597806881,6.49788590128173,0.7699995040893537,0.7699995040893537
2006-12-05,12.739999771118164,12.739999771118164,12.449999809265137,12.68000030517578,12.68000030517578,-0.0843856143608768,0.4754391454896645,0.0600004196166974,0.06000041961669744
2006-12-06,12.739999771118164,12.739999771118164,12.600000381469728,12.609999656677246,12.609999656677246,-0.3410844077777175,-0.5520555742412725,-0.0700006484985333,-0.07000064849853338
2006-12-07,12.739999771118164,12.75,12.609999656677246,12.699999809265137,12.699999809265137,-0.2932523344702317,0.7137204999068558,0.0900001525878906,0.09000015258789062
2006-12-08,12.699999809265137,12.720000267028809,12.59000015258789,12.649999618530272,12.649999618530272,0.0343973676860463,-0.3937022951637225,-0.050000190734865,-0.05000019073486506
2006-12-11,12.600000381469728,13.199999809265137,12.600000381469728,12.979999542236328,12.979999542236328,-0.1003296387967054,2.60869512772679,0.3299999237060564,0.32999992370605646
2006-12-12,12.989999771118164,13.0,11.5,12.199999809265137,12.199999809265137,0.8626894371273429,-6.009243146990162,-0.7799997329711914,-0.7799997329711914
2006-12-13,12.350000381469728,12.350000381469728,11.510000228881836,11.84000015258789,11.84000015258789,-0.1752665536450999,-2.950816904143305,-0.3599996566772461,-0.3599996566772461
2006-12-14,11.739999771118164,11.899999618530272,11.600000381469728,11.779999732971191,11.779999732971191,-0.375364060314749,-0.5067602942858462,-0.0600004196166992,-0.06000041961669922
2006-12-15,11.850000381469728,11.899999618530272,11.800000190734863,11.81999969482422,11.81999969482422,-0.4614617922682236,0.3395582577228051,0.0399999618530291,0.03999996185302912
2006-12-18,12.06999969482422,12.06999969482422,11.8100004196167,11.850000381469728,11.850000381469728,-0.2278818342833344,0.2538129223357277,0.0300006866455078,0.030000686645507812
2006-12-19,11.949999809265137,11.989999771118164,11.850000381469728,11.859999656677246,11.859999656677246,-0.2055602000731743,0.0843820665453742,0.0099992752075177,0.009999275207517755
2006-12-20,11.880000114440918,11.949999809265137,11.68000030517578,11.84000015258789,11.84000015258789,-0.4263849385094007,-0.1686298875910652,-0.0199995040893554,-0.01999950408935547
2006-12-21,11.899999618530272,11.949999809265137,11.699999809265137,11.739999771118164,11.739999771118164,-0.4702310057079293,-0.8445978055825365,-0.1000003814697265,-0.10000038146972656
2006-12-22,11.949999809265137,12.1899995803833,11.899999618530272,12.100000381469728,12.100000381469728,-0.0612667789289253,3.066444781687383,0.3600006103515643,0.3600006103515643
2006-12-26,12.0,12.050000190734863,11.699999809265137,11.84000015258789,11.84000015258789,-0.0764136021429625,-2.1487621544211577,-0.2600002288818377,-0.2600002288818377
2006-12-27,11.65999984741211,12.0,11.649999618530272,11.850000381469728,11.850000381469728,-0.3498536212174233,0.0844613914945835,0.0100002288818377,0.010000228881837714
2006-12-28,11.989999771118164,11.989999771118164,11.75,11.850000381469728,11.850000381469728,-0.3331123955598032,0.0,0.0,0.0
2006-12-29,11.8100004196167,11.8100004196167,11.579999923706056,11.579999923706056,11.579999923706056,-0.4136297189607377,-2.2784848022948667,-0.2700004577636719,-0.2700004577636719
2007-01-03,11.5,11.640000343322754,11.40999984741211,11.600000381469728,11.600000381469728,-0.3626088407660862,0.1727155258673951,0.0200004577636718,0.020000457763671875
2007-01-04,11.600000381469728,11.640000343322754,11.600000381469728,11.609999656677246,11.609999656677246,-0.5156714753500409,0.0862006455059294,0.0099992752075177,0.009999275207517755
2007-01-05,11.56999969482422,11.640000343322754,11.5600004196167,11.640000343322754,11.640000343322754,-0.5539371339960296,0.258403854717204,0.0300006866455078,0.030000686645507812
2007-01-08,11.600000381469728,11.729999542236328,11.600000381469728,11.699999809265137,11.699999809265137,-0.2342594440576658,0.5154593141984076,0.0599994659423828,0.05999946594238281
2007-01-09,11.75,11.890000343322754,11.75,11.800000190734863,11.800000190734863,-0.4024689018556577,0.8547041290593693,0.1000003814697265,0.10000038146972656
2007-01-10,11.899999618530272,11.899999618530272,11.770000457763672,11.779999732971191,11.779999732971191,-0.4965386460270465,-0.1694954020371564,-0.0200004577636718,-0.020000457763671875
2007-01-11,11.779999732971191,12.350000381469728,11.779999732971191,12.300000190734863,12.300000190734863,-0.1840357670848056,4.414265446103838,0.5200004577636719,0.5200004577636719
2007-01-12,12.300000190734863,13.050000190734863,12.079999923706056,12.899999618530272,12.899999618530272,0.0766490324409921,4.8780440527746105,0.5999994277954084,0.5999994277954084
2007-01-16,12.960000038146973,14.140000343322754,12.960000038146973,14.09000015258789,14.09000015258789,0.5023544848776162,9.224810614321544,1.190000534057619,1.190000534057619
2007-01-17,14.0,14.699999809265137,14.0,14.289999961853027,14.289999961853027,0.5988158327143793,1.4194450468363096,0.1999998092651367,0.19999980926513672
2007-01-18,14.350000381469728,14.789999961853027,13.699999809265137,14.0,14.0,-0.2215042245090029,-2.029390921113916,-0.2899999618530273,-0.28999996185302734
2007-01-19,14.199999809265137,14.390000343322754,14.100000381469728,14.210000038146973,14.210000038146973,-0.4678394020425551,1.5000002724783856,0.2100000381469726,0.21000003814697266
2007-01-22,14.350000381469728,14.5,14.25,14.25,14.25,-0.2215042245090029,0.2814916379004106,0.0399999618530273,0.039999961853027344
2007-01-23,14.350000381469728,14.449999809265137,14.25,14.289999961853027,14.289999961853027,-0.4056577067428235,0.2807014866879065,0.0399999618530273,0.039999961853027344
2007-01-24,14.399999618530272,14.489999771118164,14.149999618530272,14.399999618530272,14.399999618530272,-0.4279793409529835,0.7697666687955795,0.1099996566772443,0.10999965667724432
2007-01-25,14.149999618530272,14.34000015258789,14.010000228881836,14.050000190734863,14.050000190734863,-0.341881608999509,-2.430551646300183,-0.3499994277954084,-0.3499994277954084
2007-01-26,14.170000076293944,14.4399995803833,14.0600004196167,14.18000030517578,14.18000030517578,-0.4702310057079293,0.9252677058797733,0.1300001144409162,0.1300001144409162
2007-01-29,14.18000030517578,14.350000381469728,14.15999984741211,14.34000015258789,14.34000015258789,-0.4184129262914863,1.1283486880723892,0.1599998474121111,0.15999984741211115
2007-01-30,14.350000381469728,14.43000030517578,14.300000190734863,14.43000030517578,14.43000030517578,-0.2342594440576658,0.6276161201549613,0.0900001525878888,0.09000015258788885
2007-01-31,14.420000076293944,14.5,14.420000076293944,14.489999771118164,14.489999771118164,-0.2318678403922915,0.4157967059838841,0.0599994659423845,0.05999946594238459
2007-02-01,14.5,14.75,14.449999809265137,14.729999542236328,14.729999542236328,0.1603551607290924,1.6563131463710468,0.239999771118164,0.23999977111816406
2007-02-02,14.699999809265137,14.850000381469728,14.649999618530272,14.850000381469728,14.850000381469728,-0.3339095967815947,0.81466967388093,0.1200008392334002,0.12000083923340021
2007-02-05,15.0,15.050000190734863,14.489999771118164,14.670000076293944,14.670000076293944,0.1093342825344408,-1.2121232360397416,-0.1800003051757848,-0.1800003051757848
2007-02-06,14.739999771118164,14.75,14.449999809265137,14.600000381469728,14.600000381469728,-0.3745668590929576,-0.4771621980924956,-0.0699996948242152,-0.0699996948242152
2007-02-07,14.600000381469728,14.699999809265137,14.600000381469728,14.670000076293944,14.670000076293944,-0.4885666338091322,0.479449952022315,0.0699996948242152,0.0699996948242152
2007-02-08,14.699999809265137,14.869999885559082,14.640000343322754,14.800000190734863,14.800000190734863,-0.3657976456532519,0.8861630113485397,0.1300001144409197,0.13000011444091975
2007-02-09,14.850000381469728,15.0,14.800000190734863,14.979999542236328,14.979999542236328,-0.1792525597540571,1.2162118187954318,0.1799993515014648,0.17999935150146484
2007-02-12,15.300000190734863,15.449999809265137,15.0,15.279999732971191,15.279999732971191,0.2807325452195984,2.002671561431013,0.3000001907348633,0.3000001907348633
2007-02-13,15.300000190734863,15.399999618530272,15.170000076293944,15.390000343322754,15.390000343322754,-0.3275319870072632,0.7198992949862593,0.1100006103515625,0.1100006103515625
2007-02-14,15.399999618530272,15.649999618530272,15.029999732971191,15.4399995803833,15.4399995803833,-0.0819940106955025,0.3248813251796933,0.0499992370605468,0.049999237060546875
2007-02-15,15.5,15.550000190734863,15.350000381469728,15.390000343322754,15.390000343322754,-0.3195599747893489,-0.3238292643742757,-0.0499992370605468,-0.049999237060546875
2007-02-16,15.300000190734863,15.600000381469728,15.25,15.390000343322754,15.390000343322754,-0.3905108835287862,0.0,0.0,0.0
2007-02-20,15.100000381469728,15.710000038146973,15.100000381469728,15.640000343322754,15.640000343322754,-0.1465673096606084,1.6244314127547677,0.25,0.25
2007-02-21,15.630000114440918,15.699999809265137,15.510000228881836,15.640000343322754,15.640000343322754,-0.4503009751631436,0.0,0.0,0.0
2007-02-22,15.640000343322754,15.6899995803833,15.520000457763672,15.59000015258789,15.59000015258789,-0.0118403031778566,-0.3196943071437363,-0.0500001907348632,-0.05000019073486328
2007-02-23,15.510000228881836,15.630000114440918,15.449999809265137,15.449999809265137,15.449999809265137,-0.3944968896377434,-0.8980137392719301,-0.1400003433227539,-0.1400003433227539
2007-02-26,15.56999969482422,15.699999809265137,15.449999809265137,15.5,15.5,-0.3004271454663546,0.3236258339943676,0.0500001907348632,0.05000019073486328
2007-02-27,14.800000190734863,14.800000190734863,11.949999809265137,13.489999771118164,13.489999771118164,1.1130106207698522,-12.967743412140877,-2.010000228881836,-2.010000228881836
2007-02-28,14.239999771118164,14.34000015258789,13.210000038146973,13.460000038146973,13.460000038146973,-0.0724275960340053,-0.2223849776144537,-0.0299997329711914,-0.029999732971191406
2007-03-01,13.489999771118164,13.489999771118164,12.8100004196167,13.020000457763672,13.020000457763672,0.4074875394844359,-3.268941895514843,-0.4399995803833008,-0.4399995803833008
2007-03-02,12.949999809265137,13.079999923706056,12.90999984741211,12.979999542236328,12.979999542236328,-0.1752665536450999,-0.3072266829567738,-0.0400009155273437,-0.04000091552734375
2007-03-05,12.989999771118164,13.020000457763672,12.859999656677246,12.949999809265137,12.949999809265137,-0.3402872065559261,-0.2311227583142283,-0.0299997329711914,-0.029999732971191406
2007-03-06,12.989999771118164,13.109999656677246,12.920000076293944,13.020000457763672,13.020000457763672,-0.358622834657129,0.5405455562127015,0.0700006484985351,0.07000064849853516
2007-03-07,13.0,13.25,12.899999618530272,13.149999618530272,13.149999618530272,-0.2972383405791888,0.9984574208603992,0.1299991607665998,0.1299991607665998
2007-03-08,13.1899995803833,13.380000114440918,13.0600004196167,13.18000030517578,13.18000030517578,-0.266147492929323,0.228142110386309,0.0300006866455078,0.030000686645507812
2007-03-09,13.119999885559082,13.34000015258789,13.0,13.260000228881836,13.260000228881836,-0.278902712477986,0.6069796802253613,0.0799999237060564,0.07999992370605646
2007-03-12,13.100000381469728,13.130000114440918,12.899999618530272,13.100000381469728,13.100000381469728,-0.0756164009211711,-1.2066353291880771,-0.1599998474121076,-0.1599998474121076
2007-03-13,13.149999618530272,13.15999984741211,12.90999984741211,13.100000381469728,13.100000381469728,0.1786907888302953,0.0,0.0,0.0
2007-03-14,13.0,13.100000381469728,12.960000038146973,13.0,13.0,-0.1338120901119455,-0.7633616683796585,-0.1000003814697283,-0.10000038146972834
2007-03-15,13.010000228881836,13.300000190734863,13.010000228881836,13.239999771118164,13.239999771118164,-0.2693362978164887,1.846152085524344,0.239999771118164,0.23999977111816406
2007-03-16,13.399999618530272,13.4399995803833,13.25,13.300000190734863,13.300000190734863,-0.3347067980033861,0.4531753825825824,0.0600004196166992,0.06000041961669922
2007-03-19,13.050000190734863,13.460000038146973,13.050000190734863,13.460000038146973,13.460000038146973,-0.2621614868203659,1.2030063542673552,0.1599998474121093,0.15999984741210938
2007-03-20,13.600000381469728,13.640000343322754,13.5,13.640000343322754,13.640000343322754,-0.3115879625714346,1.337297954425276,0.1800003051757812,0.18000030517578125
2007-03-21,14.140000343322754,14.31999969482422,13.800000190734863,14.31999969482422,14.31999969482422,0.33733383196679,4.985332363531425,0.6799993515014666,0.6799993515014666
2007-03-22,14.4399995803833,14.75,14.289999961853027,14.5,14.5,0.1173062947523551,1.256985398127064,0.1800003051757794,0.18000030517577947
2007-03-23,14.520000457763672,14.699999809265137,14.4399995803833,14.640000343322754,14.640000343322754,-0.451098176384935,0.9655196091224338,0.1400003433227539,0.1400003433227539
2007-03-26,14.729999542236328,14.739999771118164,14.399999618530272,14.579999923706056,14.579999923706056,-0.1098960534582026,-0.4098389221969034,-0.0600004196166974,-0.06000041961669744
2007-03-27,14.539999961853027,14.649999618530272,13.9399995803833,14.529999732971191,14.529999732971191,-0.1242456754504483,-0.3429368381104636,-0.050000190734865,-0.05000019073486506
2007-03-28,14.5,14.779999732971191,14.5,14.699999809265137,14.699999809265137,-0.3339095967815947,1.1699936642681763,0.1700000762939453,0.1700000762939453
2007-03-29,14.699999809265137,15.25,14.6899995803833,15.170000076293944,15.170000076293944,1.1297518464274725,3.1972807695723526,0.4700002670288068,0.4700002670288068
2007-03-30,15.239999771118164,15.600000381469728,15.210000038146973,15.550000190734863,15.550000190734863,0.4082847407062274,2.504944710150281,0.3800001144409197,0.38000011444091975
2007-04-02,15.699999809265137,16.0,15.279999732971191,15.279999732971191,15.279999732971191,-0.105112846127454,-1.736337327664772,-0.2700004577636719,-0.2700004577636719
2007-04-03,15.300000190734863,15.649999618530272,14.760000228881836,15.399999618530272,15.399999618530272,-0.1904133768591371,0.7853395789015893,0.1199998855590802,0.11999988555908025
2007-04-04,15.279999732971191,15.390000343322754,14.800000190734863,15.149999618530272,15.149999618530272,-0.2422314562755801,-1.6233766635889046,-0.25,-0.25
2007-04-05,15.199999809265137,15.300000190734863,15.0,15.140000343322754,15.140000343322754,-0.4638533959335979,-0.0660018182131683,-0.0099992752075177,-0.009999275207517755
2007-04-09,15.100000381469728,15.989999771118164,14.800000190734863,15.199999809265137,15.199999809265137,-0.3490564199956318,0.3962976524557682,0.0599994659423828,0.05999946594238281
2007-04-10,15.210000038146973,15.5,15.199999809265137,15.479999542236328,15.479999542236328,-0.0413367483841395,1.8421035295047796,0.2799997329711914,0.2799997329711914
2007-04-11,15.399999618530272,15.619999885559082,15.350000381469728,15.600000381469728,15.600000381469728,-0.2693362978164887,0.7751992427776466,0.1200008392334002,0.12000083923340021
2007-04-12,15.609999656677246,16.600000381469727,15.25,16.350000381469727,16.350000381469727,0.3979211248229388,4.807692190128887,0.7499999999999982,0.7499999999999982
2007-04-13,16.399999618530273,16.799999237060547,16.350000381469727,16.670000076293945,16.670000076293945,0.1555719533983438,1.9571846321599475,0.3199996948242187,0.31999969482421875
2007-04-16,16.75,16.989999771118164,16.149999618530273,16.6299991607666,16.6299991607666,0.2895017586593042,-0.239957500565513,-0.0400009155273437,-0.04000091552734375
2007-04-17,16.6299991607666,16.700000762939453,16.5,16.700000762939453,16.700000762939453,-0.3769584627583319,0.4209356927569629,0.0700016021728515,0.07000160217285156
2007-04-18,16.700000762939453,17.149999618530273,16.600000381469727,17.049999237060547,17.049999237060547,0.9974164436100948,2.0957991504875206,0.3499984741210937,0.34999847412109375
2007-04-19,17.030000686645508,17.149999618530273,16.739999771118164,16.84000015258789,16.84000015258789,0.2759493378888499,-1.2316662397039546,-0.2099990844726562,-0.20999908447265625
2007-04-20,16.950000762939453,17.049999237060547,16.799999237060547,16.950000762939453,16.950000762939453,0.32617301486171,0.6532102693280528,0.1100006103515625,0.1100006103515625
2007-04-23,16.950000762939453,17.100000381469727,16.889999389648438,16.950000762939453,16.950000762939453,0.0072925261451377,0.0,0.0,0.0
2007-04-24,16.989999771118164,17.100000381469727,16.899999618530273,17.079999923706055,17.079999923706055,0.5924382229400479,0.7669566661662852,0.1299991607666015,0.12999916076660156
2007-04-25,17.079999923706055,17.079999923706055,16.719999313354492,16.979999542236328,16.979999542236328,0.5565641679594335,-0.5854823297213985,-0.1000003814697265,-0.10000038146972656
2007-04-26,16.989999771118164,17.030000686645508,16.850000381469727,17.0,17.0,-0.4056577067428235,0.1177883292277082,0.0200004577636718,0.020000457763671875
2007-04-27,16.899999618530273,17.100000381469727,16.860000610351562,16.860000610351562,16.860000610351562,-0.3426788102213004,-0.8235258214614016,-0.1399993896484375,-0.1399993896484375
2007-04-30,16.899999618530273,16.989999771118164,16.290000915527344,16.329999923706055,16.329999923706055,-0.1306232852247798,-3.143538952899572,-0.5300006866455078,-0.5300006866455078
2007-05-01,15.850000381469728,16.010000228881836,15.15999984741211,15.609999656677246,15.609999656677246,-0.064455583816091,-4.409064729899925,-0.7200002670288086,-0.7200002670288086
2007-05-02,15.5,16.309999465942383,15.449999809265137,16.299999237060547,16.299999237060547,-0.1146792607889512,4.420240842786627,0.6899995803833008,0.6899995803833008
2007-05-03,17.0,17.170000076293945,16.6299991607666,17.0,17.0,0.8092769552673171,4.294483409225536,0.7000007629394531,0.7000007629394531
2007-05-04,17.0,17.030000686645508,16.8700008392334,16.989999771118164,16.989999771118164,0.1452083375150552,-0.0588248757755094,-0.0100002288818359,-0.010000228881835938
2007-05-07,17.049999237060547,18.600000381469727,17.049999237060547,17.979999542236328,17.979999542236328,5.185114461680481,5.826955764891162,0.989999771118164,0.9899997711181641
2007-05-10,20.450000762939453,20.5,19.809999465942383,20.350000381469727,20.350000381469727,2.082407306468232,13.181317572706796,2.3700008392333984,2.3700008392333984
2007-05-11,20.350000381469727,21.0,20.280000686645508,20.709999084472656,20.709999084472656,2.5208679784535186,1.769035362430449,0.3599987030029297,0.3599987030029297
2007-05-14,20.89999961853028,21.3700008392334,20.600000381469727,20.93000030517578,20.93000030517578,3.177761785209658,1.0622946906263753,0.220001220703125,0.220001220703125
2007-05-15,20.809999465942383,21.459999084472656,20.75,20.86000061035156,20.86000061035156,1.225415993042444,-0.3344466975803706,-0.0699996948242223,-0.0699996948242223
2007-05-16,20.979999542236328,20.979999542236328,20.39999961853028,20.89999961853028,20.89999961853028,0.4250259663638474,0.1917497939039725,0.039999008178718,0.039999008178721596
2007-05-17,20.88999938964844,21.440000534057617,20.63999938964844,20.989999771118164,20.989999771118164,0.7343400404189226,0.4306227475147528,0.090000152587887,0.09000015258788352
2007-05-18,21.14999961853028,21.229999542236328,20.600000381469727,20.84000015258789,20.84000015258789,0.1994180205968725,-0.714624202791414,-0.1499996185302734,-0.14999961853027344
2007-05-21,21.0,21.13999938964844,20.5,20.530000686645508,20.530000686645508,0.4840188567764133,-1.4875214187744956,-0.3099994659423828,-0.3099994659423828
2007-05-22,20.780000686645508,20.780000686645508,20.030000686645508,20.239999771118164,20.239999771118164,0.5756969972824278,-1.412571387374506,-0.2900009155273437,-0.29000091552734375
2007-05-23,20.34000015258789,20.5,19.6299991607666,19.81999969482422,19.81999969482422,0.6466479060218652,-2.075099214641652,-0.4200000762939453,-0.4200000762939453
2007-05-24,19.88999938964844,20.200000762939453,19.020000457763672,19.739999771118164,19.739999771118164,0.1794879900520867,-0.4036323155289789,-0.0799999237060546,-0.07999992370605469
2007-05-25,19.65999984741211,20.13999938964844,19.25,19.350000381469727,19.350000381469727,-0.1178680656761169,-1.9756808215319777,-0.3899993896484375,-0.3899993896484375
2007-05-29,20.0,20.38999938964844,19.25,19.799999237060547,19.799999237060547,1.2230243893770696,2.325575435242655,0.4499988555908203,0.4499988555908203
2007-05-30,19.600000381469727,19.75,19.200000762939453,19.530000686645508,19.530000686645508,0.9168991202091604,-1.3636290950439611,-0.269998550415039,-0.26999855041503906
2007-05-31,19.309999465942383,20.670000076293945,19.309999465942383,20.600000381469727,20.600000381469727,2.295260032686544,5.478748884816365,1.0699996948242188,1.0699996948242188
2007-06-01,20.700000762939453,21.25,19.989999771118164,20.290000915527344,20.290000915527344,0.8013049430494028,-1.5048517485525714,-0.3099994659423828,-0.3099994659423828
2007-06-04,20.32999992370605,20.700000762939453,20.290000915527344,20.479999542236328,20.479999542236328,0.3859631064960673,0.936415072133312,0.1899986267089843,0.18999862670898438
2007-06-05,20.59000015258789,20.75,19.71999931335449,20.64999961853028,20.64999961853028,0.3899491126050245,0.830078516082744,0.1700000762939488,0.17000007629395242
2007-06-06,20.549999237060547,20.75,20.18000030517578,20.61000061035156,20.61000061035156,0.1117258861998151,-0.1936998010538704,-0.039999008178718,-0.039999008178721596
2007-06-07,20.5,21.93000030517578,20.0,20.06999969482422,20.06999969482422,3.012741132298832,-2.620091700803351,-0.5400009155273402,-0.5400009155273402
2007-06-08,20.14999961853028,21.3700008392334,19.14999961853028,21.09000015258789,21.09000015258789,0.4561168140137132,5.082214615213543,1.020000457763672,1.0200004577636719
2007-06-11,21.350000381469727,21.989999771118164,20.850000381469727,21.200000762939453,21.200000762939453,0.8595006322401773,0.5215770960441013,0.1100006103515625,0.1100006103515625
2007-06-12,21.290000915527344,21.290000915527344,20.25,20.739999771118164,20.739999771118164,0.418648356589516,-2.169815921070317,-0.460000991821289,-0.46000099182128906
2007-06-13,20.959999084472656,21.14999961853028,20.5,20.88999938964844,20.88999938964844,0.1332503191881837,0.7232382844051921,0.149999618530277,0.149999618530277
2007-06-14,20.89999961853028,22.0,20.770000457763672,21.299999237060547,21.299999237060547,1.6040865733933736,1.9626608874640403,0.4099998474121058,0.4099998474121058
2007-06-15,21.600000381469727,22.89999961853028,21.229999542236328,22.809999465942383,22.809999465942383,2.7624199486563223,7.0892032064233,1.510000228881836,1.510000228881836
2007-06-18,22.920000076293945,23.25,22.64999961853028,22.89999961853028,22.89999961853028,1.565820914747385,0.3945644660021674,0.0900001525878941,0.09000015258789773
2007-06-19,23.0,23.700000762939453,22.700000762939453,23.36000061035156,23.36000061035156,1.0149548704895062,2.008737989013132,0.4600009918212819,0.4600009918212784
2007-06-20,23.3799991607666,23.61000061035156,22.93000030517578,23.170000076293945,23.170000076293945,0.5669277838427221,-0.8133584293376184,-0.1900005340576136,-0.19000053405761363
2007-06-21,23.100000381469727,23.51000022888184,22.18000030517578,22.979999542236328,22.979999542236328,0.8610950346837601,-0.8200281978074431,-0.1900005340576172,-0.1900005340576172
2007-06-22,23.14999961853028,23.5,22.520000457763672,22.6299991607666,22.6299991607666,5.001758180668452,-1.5230652238545028,-0.3500003814697265,-0.35000038146972656
2007-06-25,22.450000762939453,22.739999771118164,21.850000381469727,21.979999542236328,21.979999542236328,0.9942276387229292,-2.872291836657115,-0.6499996185302734,-0.6499996185302734
2007-06-26,22.0,22.43000030517578,20.82999992370605,22.43000030517578,22.43000030517578,0.9631367910730632,2.0473192552836084,0.4500007629394531,0.4500007629394531
2007-06-27,22.14999961853028,23.0,21.64999961853028,23.0,23.0,0.6434591011346995,2.541238016357439,0.5699996948242188,0.5699996948242188
2007-06-28,23.3799991607666,23.68000030517578,21.14999961853028,21.530000686645508,21.530000686645508,2.9991887115283773,-6.39130136241084,-1.4699993133544922,-1.4699993133544922
2007-06-29,21.5,21.790000915527344,21.049999237060547,21.3799991607666,21.3799991607666,2.0313864282735805,-0.6967093408963398,-0.1500015258789062,-0.15000152587890625
2007-07-02,21.3799991607666,22.38999938964844,21.270000457763672,21.950000762939453,21.950000762939453,2.5878328810839992,2.6660506293135544,0.5700016021728516,0.5700016021728516
2007-07-03,22.0,22.25,21.61000061035156,21.700000762939453,21.700000762939453,0.4210399602548903,-1.138952124421344,-0.25,-0.25
2007-07-05,21.700000762939453,21.920000076293945,21.520000457763672,21.71999931335449,21.71999931335449,0.6123682534848337,0.0921592152622885,0.0199985504150355,0.01999855041503551
2007-07-06,21.71999931335449,21.959999084472656,21.5,21.89999961853028,21.89999961853028,0.6881023695550196,0.8287307130121047,0.1800003051757883,0.1800003051757919
2007-07-09,21.799999237060547,21.950000762939453,20.700000762939453,21.34000015258789,21.34000015258789,1.2150523771591557,-2.5570752314924894,-0.5599994659423864,-0.5599994659423899
2007-07-10,21.34000015258789,21.38999938964844,19.39999961853028,19.8799991607666,19.8799991607666,2.6213153323992398,-6.841616595041289,-1.460000991821289,-1.460000991821289
2007-07-11,19.86000061035156,20.64999961853028,19.559999465942383,20.0,20.0,1.1233742366531407,0.6036259773603003,0.1200008392333984,0.12000083923339844
2007-07-12,20.200000762939453,22.450000762939453,20.200000762939453,22.18000030517578,22.18000030517578,2.150966611542295,10.90000152587891,2.180000305175781,2.1800003051757812
2007-07-13,22.21999931335449,22.950000762939453,21.6200008392334,22.350000381469727,22.350000381469727,1.053220529135495,0.7664566003377171,0.1700000762939453,0.1700000762939453
2007-07-16,22.0,22.700000762939453,21.5,21.799999237060547,21.799999237060547,0.7765917051738684,-2.4608551902539744,-0.5500011444091797,-0.5500011444091797
2007-07-17,22.200000762939453,22.21999931335449,21.82999992370605,22.1200008392334,22.1200008392334,0.516704106869862,1.4678973090459513,0.3200016021728515,0.32000160217285156
2007-07-18,22.0,22.239999771118164,21.07999992370605,21.670000076293945,21.670000076293945,0.6187458632591651,-2.034361418925912,-0.4500007629394531,-0.4500007629394531
2007-07-19,21.850000381469727,21.850000381469727,21.25,21.65999984741211,21.65999984741211,0.2791381427760156,-0.0461478027070971,-0.0100002288818359,-0.010000228881835938
2007-07-20,21.71999931335449,21.90999984741211,21.1200008392334,21.440000534057617,21.440000534057617,0.7391232477496712,-1.015693974627507,-0.2199993133544922,-0.2199993133544922
2007-07-23,21.5,21.8799991607666,21.14999961853028,21.31999969482422,21.31999969482422,0.3126205940912557,-0.5597053929302653,-0.1200008392333984,-0.12000083923339844
2007-07-24,21.25,21.25,19.96999931335449,20.14999961853028,20.14999961853028,1.292380895672924,-5.487805314453064,-1.1700000762939418,-1.1700000762939382
2007-07-25,20.21999931335449,20.729999542236328,20.040000915527344,20.39999961853028,20.39999961853028,0.5198929117570277,1.2406948125700978,0.25,0.25
2007-07-26,20.14999961853028,20.39999961853028,18.299999237060547,19.350000381469727,19.350000381469727,1.3202829384356245,-5.147055179877491,-1.0499992370605504,-1.049999237060554
2007-07-27,19.25,19.5,18.350000381469727,18.59000015258789,18.59000015258789,0.3500890515154529,-3.92764968423277,-0.7600002288818359,-0.7600002288818359
2007-07-30,18.59000015258789,19.020000457763672,18.049999237060547,18.729999542236328,18.729999542236328,0.2560193073440641,0.7530897713787787,0.1399993896484375,0.1399993896484375
2007-07-31,19.200000762939453,19.56999969482422,19.0,19.489999771118164,19.489999771118164,0.5932354241618394,4.057662826782393,0.7600002288818359,0.7600002288818359
2007-08-01,19.520000457763672,19.88999938964844,18.549999237060547,19.489999771118164,19.489999771118164,1.2206327857116954,0.0,0.0,0.0
2007-08-02,19.600000381469727,19.780000686645508,18.799999237060547,19.350000381469727,19.350000381469727,-0.0333647361662252,-0.718313962506556,-0.1399993896484375,-0.1399993896484375
2007-08-03,19.39999961853028,19.39999961853028,18.5,18.690000534057617,18.690000534057617,0.2584109110094384,-3.41085185736818,-0.6599998474121094,-0.6599998474121094
2007-08-06,18.5,19.76000022888184,17.0,19.459999084472656,19.459999084472656,1.109024614660895,4.119842313604649,0.7699985504150391,0.7699985504150391
2007-08-07,19.200000762939453,19.739999771118164,18.700000762939453,19.5,19.5,0.2424668865736098,0.2055545601708841,0.0400009155273437,0.04000091552734375
2007-08-08,21.25,23.39999961853028,21.14999961853028,23.100000381469727,23.100000381469727,4.690849704169794,18.461540417793465,3.6000003814697266,3.6000003814697266
2007-08-09,22.5,22.799999237060547,21.3799991607666,21.799999237060547,21.799999237060547,1.4725483717977876,-5.6277104889228,-1.3000011444091797,-1.3000011444091797
2007-08-10,21.14999961853028,22.5,20.459999084472656,21.75,21.75,1.1114162183262697,-0.2293543064696424,-0.0499992370605468,-0.049999237060546875
2007-08-13,22.01000022888184,22.56999969482422,22.0,22.32999992370605,22.32999992370605,0.5637389789555564,2.6666663158898984,0.5799999237060511,0.5799999237060511
2007-08-14,22.299999237060547,22.5,20.90999984741211,21.25,21.25,0.1994180205968725,-4.8365424424363646,-1.0799999237060511,-1.0799999237060511
2007-08-15,21.0,21.90999984741211,20.549999237060547,20.75,20.75,0.2887045574375128,-2.352941176470591,-0.5,-0.5
2007-08-16,20.5,20.6299991607666,18.200000762939453,19.770000457763672,19.770000457763672,1.6240166039381594,-4.722889360175076,-0.979999542236328,-0.9799995422363281
2007-08-17,23.989999771118164,23.989999771118164,19.5,19.809999465942383,19.809999465942383,0.3492918502936615,0.2023217362294049,0.0399990081787109,0.03999900817871094
2007-08-20,19.790000915527344,20.299999237060547,19.5,19.739999771118164,19.739999771118164,0.0734602275538264,-0.3533553594716854,-0.0699996948242187,-0.06999969482421875
2007-08-21,19.39999961853028,20.799999237060547,19.39999961853028,20.600000381469727,20.600000381469727,0.1675299717252153,4.356639413997554,0.8600006103515625,0.8600006103515625
2007-08-22,20.850000381469727,22.14999961853028,20.459999084472656,21.93000030517578,21.93000030517578,0.4106763443716017,6.45631018969508,1.329999923706055,1.3299999237060547
2007-08-23,22.0,22.3799991607666,21.89999961853028,22.1200008392334,22.1200008392334,0.1260755081920609,0.8663954920820283,0.1900005340576172,0.1900005340576172
2007-08-24,22.11000061035156,22.82999992370605,22.030000686645508,22.76000022888184,22.76000022888184,-0.0963436326877483,2.893306353376346,0.639999389648441,0.639999389648441
2007-08-27,22.600000381469727,23.0,22.100000381469727,22.5,22.5,-0.012637504399648,-1.1423560029314328,-0.2600002288818395,-0.2600002288818395
2007-08-28,22.64999961853028,22.64999961853028,21.229999542236328,21.600000381469727,21.600000381469727,0.6275150766988709,-3.999998304578989,-0.8999996185302734,-0.8999996185302734
2007-08-29,21.489999771118164,22.15999984741211,21.3799991607666,22.06999969482422,22.06999969482422,0.0718658251102436,2.1759227085833555,0.4699993133544922,0.4699993133544922
2007-08-30,21.850000381469727,22.15999984741211,21.549999237060547,21.780000686645508,21.780000686645508,0.0686770202230778,-1.3139964303974128,-0.2899990081787109,-0.28999900817871094
2007-08-31,22.0,22.200000762939453,21.8700008392334,22.020000457763672,22.020000457763672,0.5079348934301563,1.101927289035021,0.239999771118164,0.23999977111816406
2007-09-04,21.89999961853028,22.89999961853028,21.51000022888184,22.780000686645508,22.780000686645508,0.5565641679594335,3.451408778758136,0.7600002288818359,0.7600002288818359
2007-09-05,22.549999237060547,22.59000015258789,21.299999237060547,21.96999931335449,21.96999931335449,0.6075850461540852,-3.555756579787428,-0.8100013732910192,-0.8100013732910192
2007-09-06,22.020000457763672,22.959999084472656,21.489999771118164,22.13999938964844,22.13999938964844,0.0830266422153236,0.773782802035039,0.1700000762939524,0.17000007629395242
2007-09-07,21.850000381469727,22.18000030517578,20.559999465942383,21.1200008392334,21.1200008392334,0.1468027399586381,-4.607039650109224,-1.0199985504150426,-1.0199985504150426
2007-09-10,21.31999969482422,21.540000915527344,20.5,21.170000076293945,21.170000076293945,-0.0469171569366795,0.2367388024325567,0.0499992370605468,0.049999237060546875
2007-09-11,21.38999938964844,21.38999938964844,20.76000022888184,20.850000381469727,20.850000381469727,0.3189982038655871,-1.511571533637135,-0.3199996948242187,-0.31999969482421875
2007-09-12,20.809999465942383,21.190000534057617,20.770000457763672,20.850000381469727,20.850000381469727,-0.1210568705632826,0.0,0.0,0.0
2007-09-13,20.850000381469727,21.31999969482422,20.770000457763672,21.21999931335449,21.21999931335449,0.1643411668380495,1.774575180409088,0.3699989318847621,0.3699989318847621
2007-09-14,21.01000022888184,21.5,20.89999961853028,21.479999542236328,21.479999542236328,-0.2454202611627458,1.225260307705156,0.2600002288818395,0.2600002288818395
2007-09-17,21.489999771118164,21.489999771118164,20.850000381469727,21.09000015258789,21.09000015258789,0.31501219775663,-1.8156396553062224,-0.3899993896484375,-0.3899993896484375
2007-09-18,21.14999961853028,22.1200008392334,20.6200008392334,22.11000061035156,22.11000061035156,0.3564666612897844,4.836417498264023,1.0200004577636683,1.0200004577636683
2007-09-19,22.5,22.56999969482422,21.89999961853028,22.56999969482422,22.56999969482422,0.1037538739819008,2.080502359901759,0.4599990844726598,0.4599990844726598
2007-09-20,22.57999992370605,22.950000762939453,21.64999961853028,22.26000022888184,22.26000022888184,0.2185508499198668,-1.3735023045368888,-0.3099994659423792,-0.30999946594237926
2007-09-21,22.56999969482422,24.59000015258789,22.36000061035156,24.59000015258789,24.59000015258789,4.4891577950565615,10.467205299858584,2.329999923706051,2.329999923706051
2007-09-24,24.39999961853028,24.709999084472656,23.1299991607666,24.229999542236328,24.229999542236328,2.3056236485698327,-1.4640122330933591,-0.3600006103515625,-0.3600006103515625
2007-09-25,24.64999961853028,25.06999969482422,23.5,24.559999465942383,24.559999465942383,0.8491370163568887,1.3619477092057686,0.3299999237060547,0.3299999237060547
2007-09-26,24.850000381469727,25.25,24.15999984741211,25.09000015258789,25.09000015258789,1.1728007124042097,2.15798329873933,0.5300006866455078,0.5300006866455078
2007-09-27,25.100000381469727,25.239999771118164,24.51000022888184,24.670000076293945,24.670000076293945,0.0774462336627836,-1.6739739885996974,-0.4200000762939453,-0.4200000762939453
2007-09-28,24.770000457763672,24.989999771118164,23.520000457763672,23.64999961853028,23.64999961853028,1.0149548704895062,-4.134578251354826,-1.0200004577636683,-1.0200004577636648
2007-10-01,23.51000022888184,23.82999992370605,23.280000686645508,23.57999992370605,23.57999992370605,1.6630794638059394,-0.2959818010710657,-0.0699996948242258,-0.06999969482422941
2007-10-02,23.75,24.020000457763672,21.950000762939453,22.6200008392334,22.6200008392334,2.3223648742274525,-4.071242949867537,-0.9599990844726528,-0.9599990844726527
2007-10-03,22.5,22.6200008392334,21.21999931335449,21.979999542236328,21.979999542236328,1.4518211400312104,-2.829360182370177,-0.6400012969970703,-0.6400012969970703
2007-10-04,21.979999542236328,22.059999465942383,21.280000686645508,21.799999237060547,21.799999237060547,-0.0931548278005825,-0.8189277021134478,-0.1800003051757812,-0.18000030517578125
2007-10-05,21.809999465942383,22.39999961853028,21.809999465942383,22.14999961853028,22.14999961853028,0.4569140152355047,1.6055063932053804,0.3500003814697301,0.35000038146973367
2007-10-08,23.100000381469727,23.5,22.799999237060547,23.290000915527344,23.290000915527344,2.85569249160592,5.146732806457299,1.1400012969970668,1.1400012969970632
2007-10-09,23.549999237060547,24.190000534057617,23.290000915527344,24.18000030517578,24.18000030517578,1.3521709873072816,3.8213797967482144,0.8899993896484375,0.8899993896484375
2007-10-10,24.21999931335449,24.350000381469727,23.51000022888184,24.31999969482422,24.31999969482422,0.9503815715244004,0.5789883700641152,0.1399993896484375,0.1399993896484375
2007-10-11,24.3799991607666,24.65999984741211,22.670000076293945,22.809999465942383,22.809999465942383,1.1839615295092896,-6.208882597984545,-1.510000228881836,-1.510000228881836
2007-10-12,23.0,23.979999542236328,22.850000381469727,23.979999542236328,23.979999542236328,0.9671227971820204,5.12932969613118,1.170000076293945,1.1700000762939453
2007-10-15,24.0,24.479999542236328,23.61000061035156,24.299999237060547,24.299999237060547,0.868269845679883,1.334444123990064,0.3199996948242187,0.31999969482421875
2007-10-16,24.200000762939453,24.299999237060547,23.39999961853028,23.809999465942383,23.809999465942383,0.544606149632562,-2.0164600267593924,-0.489999771118164,-0.48999977111816406
2007-10-17,24.059999465942383,24.39999961853028,23.75,24.040000915527344,24.040000915527344,0.4162567529241417,0.9659867901885112,0.2300014495849609,0.23000144958496094
2007-10-18,24.0,24.270000457763672,23.5,24.239999771118164,24.239999771118164,0.2679773256709356,0.8319419632868641,0.1999988555908203,0.1999988555908203
2007-10-19,24.0,24.239999771118164,23.0,23.09000015258789,23.09000015258789,1.1058358097737293,-4.744222893518724,-1.1499996185302734,-1.1499996185302734
2007-10-22,22.8700008392334,23.51000022888184,22.670000076293945,23.25,23.25,0.4449559969086332,0.6929400015364573,0.1599998474121093,0.15999984741210938
2007-10-23,23.3700008392334,23.549999237060547,22.90999984741211,23.32999992370605,23.32999992370605,0.4218371614766817,0.3440856933593528,0.0799999237060511,0.07999992370605113
2007-10-24,23.31999969482422,23.350000381469727,23.07999992370605,23.34000015258789,23.34000015258789,-0.0166235105086052,0.0428642473833784,0.0100002288818394,0.01000022888183949
2007-10-25,23.350000381469727,23.950000762939453,23.0,23.440000534057617,23.440000534057617,0.2727605330016842,0.4284506461694981,0.1000003814697265,0.10000038146972656
2007-10-26,23.43000030517578,24.299999237060547,22.709999084472656,24.299999237060547,24.299999237060547,0.7128156074305539,3.668936362665076,0.8599987030029297,0.8599987030029297
2007-10-29,24.299999237060547,25.979999542236328,24.299999237060547,25.34000015258789,25.34000015258789,3.774068299109648,4.279839292921506,1.0400009155273438,1.0400009155273438
2007-10-30,25.530000686645508,26.34000015258789,25.46999931335449,25.82999992370605,25.82999992370605,2.3319312888889496,1.9337007425713093,0.4899997711181605,0.4899997711181605
2007-10-31,26.0,27.020000457763672,25.600000381469727,27.020000457763672,27.020000457763672,1.410366676498056,4.607048151655135,1.1900005340576207,1.1900005340576207
2007-11-01,26.100000381469727,27.11000061035156,25.64999961853028,25.799999237060547,25.799999237060547,1.7037367261173024,-4.515178386507324,-1.220001220703125,-1.220001220703125
2007-11-02,25.920000076293945,26.5,24.5,26.36000061035156,26.36000061035156,1.7970092690669,2.1705480226782203,0.5600013732910121,0.5600013732910121
2007-11-05,28.850000381469727,28.850000381469727,24.75,24.82999992370605,24.82999992370605,5.476890108856145,-5.804251332394417,-1.5300006866455078,-1.5300006866455078
2007-11-06,25.309999465942383,25.600000381469727,23.06999969482422,24.65999984741211,24.65999984741211,2.3207704717838697,-0.6846559678465258,-0.1700000762939417,-0.17000007629394176
2007-11-07,24.76000022888184,24.76000022888184,23.209999084472656,23.71999931335449,23.71999931335449,1.956449513425186,-3.811843227388612,-0.9400005340576209,-0.9400005340576207
2007-11-08,24.13999938964844,24.13999938964844,22.8799991607666,23.600000381469727,23.600000381469727,1.6582962564751909,-0.5058977038722046,-0.119998931884762,-0.11999893188476207
2007-11-09,23.0,23.450000762939453,22.75,22.89999961853028,22.89999961853028,2.149372209098712,-2.9661048797654965,-0.7000007629394496,-0.700000762939446
2007-11-12,23.450000762939453,23.450000762939453,21.5,21.63999938964844,21.63999938964844,2.42679823428213,-5.5021844972532925,-1.260000228881836,-1.2600002288818395
2007-11-13,21.799999237060547,22.030000686645508,20.540000915527344,21.3799991607666,21.3799991607666,1.35137378608549,-1.201479834635355,-0.2600002288818395,-0.2600002288818395
2007-11-14,21.46999931335449,23.5,20.780000686645508,22.71999931335449,22.71999931335449,4.677297283399339,6.267540716497577,1.340000152587887,1.340000152587887
2007-11-15,22.309999465942383,23.600000381469727,22.309999465942383,22.709999084472656,22.709999084472656,2.5878328810839992,-0.0440150932397021,-0.0100002288818323,-0.010000228881832385
2007-11-16,22.770000457763672,23.030000686645508,22.32999992370605,22.89999961853028,22.89999961853028,0.9416123580846946,0.8366382286097318,0.1900005340576207,0.1900005340576243
2007-11-19,22.420000076293945,22.64999961853028,21.309999465942383,21.39999961853028,21.39999961853028,0.5230817166441935,-6.550218449725332,-1.5,-1.5
2007-11-20,21.100000381469727,22.09000015258789,21.100000381469727,21.850000381469727,21.850000381469727,0.6641863329012767,2.10280734093935,0.4500007629394496,0.450000762939446
2007-11-21,21.770000457763672,22.729999542236328,20.950000762939453,21.209999084472656,21.209999084472656,0.3899491126050245,-2.9290676696730578,-0.6400012969970703,-0.6400012969970703
2007-11-23,21.18000030517578,21.489999771118164,21.14999961853028,21.32999992370605,21.32999992370605,-0.121854071785074,0.5657748440038635,0.1200008392333948,0.12000083923339488
2007-11-26,21.68000030517578,21.68000030517578,20.96999931335449,21.459999084472656,21.459999084472656,0.9918360350575548,0.6094662973820553,0.1299991607666051,0.12999916076660512
2007-11-27,21.299999237060547,22.15999984741211,21.13999938964844,21.989999771118164,21.989999771118164,0.2440612890171926,2.469714395416678,0.5300006866455078,0.5300006866455078
2007-11-28,22.09000015258789,22.739999771118164,21.799999237060547,22.700000762939453,22.700000762939453,0.8132629613762743,3.228744880451573,0.7100009918212891,0.7100009918212891
2007-11-29,22.93000030517578,23.450000762939453,22.5,23.06999969482422,23.06999969482422,0.5908438204964651,1.6299511870009995,0.3699989318847656,0.3699989318847656
2007-11-30,23.25,23.43000030517578,22.68000030517578,22.68000030517578,22.68000030517578,1.258898444357684,-1.6905045288575948,-0.3899993896484375,-0.3899993896484375
2007-12-03,22.68000030517578,23.280000686645508,22.420000076293945,22.420000076293945,22.420000076293945,1.1656259014080868,-1.146385473471534,-0.2600002288818359,-0.26000022888183594
2007-12-04,22.26000022888184,23.299999237060547,22.059999465942383,22.209999084472656,22.209999084472656,1.0635841450187835,-0.9366681137674804,-0.210000991821289,-0.21000099182128906
2007-12-05,22.5,22.6299991607666,22.020000457763672,22.299999237060547,22.299999237060547,0.9766892118435176,0.4052235763071676,0.0900001525878906,0.09000015258789062
2007-12-06,22.11000061035156,22.46999931335449,22.100000381469727,22.46999931335449,22.46999931335449,0.5804802046131765,0.7623322067716432,0.1700000762939417,0.17000007629394176
2007-12-07,22.86000061035156,23.06999969482422,22.61000061035156,23.06999969482422,23.06999969482422,1.1002554012211894,2.670228748574699,0.6000003814697301,0.6000003814697301
2007-12-10,23.100000381469727,23.280000686645508,22.8700008392334,23.049999237060547,23.049999237060547,1.081122571898195,-0.086694659853681,-0.0200004577636718,-0.020000457763671875
2007-12-11,23.239999771118164,23.739999771118164,21.450000762939453,21.809999465942383,21.809999465942383,0.7263680282010083,-5.379608729550201,-1.239999771118164,-1.239999771118164
2007-12-12,22.64999961853028,22.64999961853028,21.809999465942383,22.059999465942383,22.059999465942383,1.28998929200755,1.1462632100949444,0.25,0.25
2007-12-13,21.82999992370605,21.950000762939453,21.0,21.5,21.5,0.3325506246360414,-2.538528918855798,-0.5599994659423828,-0.5599994659423828
2007-12-14,21.270000457763672,21.84000015258789,21.270000457763672,21.6299991607666,21.6299991607666,0.3197954050873786,0.6046472593795427,0.1299991607666015,0.12999916076660156
2007-12-17,21.21999931335449,21.940000534057617,21.0,21.39999961853028,21.39999961853028,0.4935852714379105,-1.0633358814618354,-0.2299995422363245,-0.22999954223632102
2007-12-18,21.229999542236328,21.89999961853028,20.950000762939453,21.850000381469727,21.850000381469727,0.6841163634460624,2.10280734093935,0.4500007629394496,0.450000762939446
2007-12-19,21.979999542236328,22.200000762939453,21.64999961853028,21.850000381469727,21.850000381469727,0.4202427590330989,0.0,0.0,0.0
2007-12-20,22.100000381469727,22.700000762939453,21.559999465942383,22.63999938964844,22.63999938964844,0.3046485818733414,3.615556038381973,0.7899990081787145,0.7899990081787145
2007-12-21,22.84000015258789,23.729999542236328,22.239999771118164,23.729999542236328,23.729999542236328,2.2482251606008496,4.814488436277342,1.090000152587887,1.090000152587887
2007-12-24,24.68000030517578,25.65999984741211,24.0,25.600000381469727,25.600000381469727,4.027578287639323,7.88032395830871,1.8700008392333984,1.8700008392333984
2007-12-26,25.600000381469727,27.13999938964844,25.100000381469727,27.0,27.0,3.324446810019281,5.4687484283931775,1.3999996185302734,1.3999996185302734
2007-12-27,26.51000022888184,27.86000061035156,26.51000022888184,27.100000381469727,27.100000381469727,1.965218726864892,0.3703717832212128,0.1000003814697265,0.10000038146972656
2007-12-28,27.100000381469727,28.0,27.100000381469727,27.739999771118164,27.739999771118164,1.3553597921944471,2.3616213307733114,0.6399993896484375,0.6399993896484375
2007-12-31,27.989999771118164,28.489999771118164,27.799999237060547,28.21999931335449,28.21999931335449,1.3521709873072816,1.730351644545003,0.4799995422363246,0.4799995422363246
2008-01-02,28.21999931335449,28.46999931335449,26.40999984741211,26.920000076293945,26.920000076293945,2.227497928834272,-4.606659350432185,-1.299999237060543,-1.2999992370605433
2008-01-03,26.989999771118164,28.440000534057617,26.989999771118164,28.170000076293945,28.170000076293945,2.015442403837752,4.643387802590548,1.25,1.25
2008-01-04,27.3700008392334,28.0,25.809999465942383,26.059999465942383,26.059999465942383,1.2445488223654384,-7.490239988061631,-2.1100006103515625,-2.1100006103515625
2008-01-07,26.290000915527344,26.290000915527344,25.3799991607666,25.739999771118164,25.739999771118164,0.9384235531975288,-1.2279343874984527,-0.3199996948242187,-0.31999969482421875
2008-01-08,25.809999465942383,26.100000381469727,24.559999465942383,24.739999771118164,24.739999771118164,1.1257658403185151,-3.885003919549601,-1.0,-1.0
2008-01-09,24.39999961853028,25.90999984741211,24.0,24.950000762939453,24.950000762939453,1.38485623740073,0.848831826047336,0.210000991821289,0.21000099182128906
2008-01-10,24.989999771118164,25.0,24.200000762939453,24.700000762939453,24.700000762939453,0.683319162224271,-1.0020039773760203,-0.25,-0.25
2008-01-11,24.559999465942383,25.200000762939453,24.15999984741211,24.450000762939453,24.450000762939453,1.645541036926528,-1.0121457177244553,-0.25,-0.25
2008-01-14,24.450000762939453,25.049999237060547,24.39999961853028,24.940000534057617,24.940000534057617,1.8791209949114167,2.004088980892349,0.489999771118164,0.48999977111816406
2008-01-15,25.700000762939453,27.14999961853028,25.049999237060547,26.63999938964844,26.63999938964844,5.069520284520723,6.8163545276165305,1.699998855590824,1.6999988555908239
2008-01-16,26.39999961853028,26.76000022888184,25.709999084472656,25.75,25.75,2.879608528259663,-3.3408386262736567,-0.889999389648441,-0.889999389648441
2008-01-17,25.799999237060547,26.209999084472656,23.799999237060547,23.89999961853028,23.89999961853028,2.523259582118893,-7.184467500853298,-1.850000381469723,-1.8500003814697195
2008-01-18,24.040000915527344,24.690000534057617,23.75,24.32999992370605,24.32999992370605,2.138211391993632,1.7991644855190003,0.4300003051757741,0.4300003051757706
2008-01-22,23.799999237060547,24.15999984741211,21.40999984741211,23.07999992370605,23.07999992370605,2.013050800172377,-5.137690110644256,-1.25,-1.25
2008-01-23,22.8799991607666,23.75,22.5,23.21999931335449,23.21999931335449,1.37927582884819,0.6065831460625004,0.1399993896484375,0.1399993896484375
2008-01-24,23.43000030517578,24.46999931335449,23.36000061035156,23.8799991607666,23.8799991607666,1.1815699258439152,2.8423766878947765,0.6599998474121129,0.6599998474121129
2008-01-25,24.09000015258789,25.25,24.09000015258789,24.51000022888184,24.51000022888184,0.6753471500063567,2.6381955203343965,0.6300010681152379,0.6300010681152379
2008-01-28,24.729999542236328,24.739999771118164,23.61000061035156,24.600000381469727,24.600000381469727,0.5525781618504764,0.3671976815480926,0.090000152587887,0.09000015258788707
2008-01-29,24.81999969482422,25.6200008392334,24.700000762939453,25.549999237060547,25.549999237060547,1.608869780724122,3.861783905932037,0.9499988555908204,0.9499988555908203
2008-01-30,25.5,27.36000061035156,25.440000534057617,26.1200008392334,26.1200008392334,2.3606305328734414,2.2309261025184712,0.5700016021728516,0.5700016021728516
2008-01-31,26.1200008392334,27.600000381469727,25.25,27.36000061035156,27.36000061035156,1.6718486772456451,4.7473190324543335,1.2399997711181605,1.2399997711181605
2008-02-01,27.71999931335449,28.799999237060547,26.799999237060547,27.38999938964844,27.38999938964844,1.029304492481752,0.1096446587268484,0.0299987792968821,0.029998779296882105
2008-02-04,27.65999984741211,28.0,26.1200008392334,26.6299991607666,26.6299991607666,0.8802278640067545,-2.7747362023274325,-0.7600002288818395,-0.7600002288818395
2008-02-05,26.530000686645508,26.530000686645508,24.96999931335449,25.25,25.25,1.3250661457663728,-5.182122434309811,-1.3799991607666016,-1.3799991607666016
2008-02-06,25.479999542236328,26.299999237060547,25.11000061035156,25.600000381469727,25.600000381469727,0.3955295211575645,1.3861401246325844,0.3500003814697265,0.35000038146972656
2008-02-07,25.3700008392334,26.239999771118164,25.0,26.13999938964844,26.13999938964844,1.3577513958598215,2.1093710942660326,0.5399990081787145,0.5399990081787145
2008-02-08,26.030000686645508,26.5,25.68000030517578,26.200000762939453,26.200000762939453,0.2384808804646526,0.2295385412854012,0.060001373291012,0.06000137329101207
2008-02-11,26.200000762939453,26.440000534057617,25.75,26.32999992370605,26.32999992370605,-0.0118403031778566,0.4961799884772633,0.129999160766598,0.129999160766598
2008-02-12,26.93000030517578,26.93000030517578,25.75,26.14999961853028,26.14999961853028,0.7781861076174513,-0.683632000369705,-0.1800003051757741,-0.1800003051757706
2008-02-13,26.3799991607666,27.46999931335449,26.040000915527344,27.299999237060547,27.299999237060547,0.4449559969086332,4.397704150310444,1.14999961853027,1.1499996185302663
2008-02-14,27.3799991607666,27.39999961853028,26.100000381469727,26.479999542236328,26.479999542236328,0.2241312584724069,-3.003661969744842,-0.8199996948242188,-0.8199996948242188
2008-02-15,26.489999771118164,26.71999931335449,25.09000015258789,25.299999237060547,25.299999237060547,0.4800328506674561,-4.456194582985729,-1.1800003051757812,-1.1800003051757812
2008-02-19,26.32999992370605,26.32999992370605,25.09000015258789,25.299999237060547,25.299999237060547,1.4518211400312104,0.0,0.0,0.0
2008-02-20,25.290000915527344,25.290000915527344,24.5,24.850000381469727,24.850000381469727,1.3705066154084844,-1.7786516567622757,-0.4499988555908203,-0.4499988555908203
2008-02-21,24.979999542236328,25.5,23.75,24.14999961853028,24.14999961853028,0.6705639426756081,-2.8169044353875683,-0.7000007629394496,-0.700000762939446
2008-02-22,23.90999984741211,24.56999969482422,22.8799991607666,23.799999237060547,23.799999237060547,0.5055432897647819,-1.4492769647961978,-0.3500003814697301,-0.35000038146973367
2008-02-25,23.59000015258789,24.11000061035156,23.59000015258789,23.959999084472656,23.959999084472656,0.4792356494456647,0.6722682879878539,0.1599998474121093,0.15999984741210938
2008-02-26,23.799999237060547,24.59000015258789,23.68000030517578,24.40999984741211,24.40999984741211,0.4290119724728046,1.8781334730145092,0.4500007629394531,0.4500007629394531
2008-02-27,24.190000534057617,25.06999969482422,23.18000030517578,23.18000030517578,23.18000030517578,0.9559619800769404,-5.038916632220836,-1.229999542236328,-1.2299995422363281
2008-02-28,23.0,25.280000686645508,23.0,24.81999969482422,24.81999969482422,0.9750948093999348,7.075061984715547,1.6399993896484375,1.6399993896484375
2008-02-29,24.93000030517578,24.93000030517578,23.84000015258789,23.850000381469727,23.850000381469727,0.2926905635464699,-3.9081358794567977,-0.9699993133544922,-0.9699993133544922
2008-03-03,23.63999938964844,25.959999084472656,23.63999938964844,25.670000076293945,25.670000076293945,2.9792586809835915,7.631025852050999,1.8199996948242188,1.8199996948242188
2008-03-04,25.440000534057617,25.84000015258789,24.299999237060547,25.39999961853028,25.39999961853028,1.2054859624976582,-1.0518132331951646,-0.2700004577636683,-0.27000045776366477
2008-03-05,25.40999984741211,26.13999938964844,25.3799991607666,25.5,25.5,1.1425070659761352,0.3937022951636892,0.100000381469723,0.10000038146971946
2008-03-06,25.6200008392334,25.690000534057617,24.559999465942383,24.559999465942383,24.559999465942383,0.6043962412669194,-3.68627660414752,-0.9400005340576172,-0.9400005340576172
2008-03-07,24.59000015258789,24.82999992370605,22.81999969482422,23.46999931335449,23.46999931335449,0.8300041870338943,-4.43811146697869,-1.0900001525878942,-1.0900001525878942
2008-03-10,23.39999961853028,23.51000022888184,19.14999961853028,19.270000457763672,19.270000457763672,4.437339715640118,-17.895180990486892,-4.199998855590817,-4.199998855590817
2008-03-12,19.51000022888184,21.030000686645508,17.850000381469727,18.89999961853028,18.89999961853028,4.457269746184904,-1.92008734013458,-0.3700008392333949,-0.37000083923339133
2008-03-13,18.940000534057617,19.0,17.5,17.760000228881836,17.760000228881836,3.420110956634253,-6.031742924114891,-1.139999389648441,-1.1399993896484446
2008-03-17,15.970000267028809,16.09000015258789,15.289999961853027,15.649999618530272,15.649999618530272,2.7440843205551197,-11.880633914183282,-2.1100006103515643,-2.1100006103515643
2008-03-18,15.800000190734863,16.299999237060547,15.31999969482422,16.15999984741211,16.15999984741211,3.4918590665954814,3.2587874844289155,0.5100002288818377,0.5100002288818377
2008-03-19,15.989999771118164,16.299999237060547,14.710000038146973,14.800000190734863,14.800000190734863,1.7722960311913656,-8.415839539101476,-1.359999656677246,-1.359999656677246
2008-03-20,14.670000076293944,15.130000114440918,13.81999969482422,14.510000228881836,14.510000228881836,4.143172464799081,-1.9594591764571343,-0.2899999618530273,-0.28999996185302734
2008-03-24,14.09000015258789,15.989999771118164,14.09000015258789,15.520000457763672,15.520000457763672,1.806575683728397,6.960718214679651,1.010000228881836,1.010000228881836
2008-03-25,15.239999771118164,16.200000762939453,15.239999771118164,16.049999237060547,16.049999237060547,1.0006052484972603,3.4149404875291056,0.529998779296875,0.529998779296875
2008-03-26,16.0,16.040000915527344,15.350000381469728,15.399999618530272,15.399999618530272,0.9352347483103632,-4.049842052511643,-0.6499996185302752,-0.6499996185302752
2008-03-27,15.630000114440918,15.630000114440918,14.949999809265137,15.260000228881836,15.260000228881836,0.8722558517888401,-0.9090869682878422,-0.1399993896484357,-0.13999938964843572
2008-03-28,15.399999618530272,15.399999618530272,14.899999618530272,14.9399995803833,14.9399995803833,2.170099440865289,-2.0969898014345123,-0.3200006484985351,-0.32000064849853516
2008-03-31,14.6899995803833,14.880000114440918,13.800000190734863,14.739999771118164,14.739999771118164,1.7244639578838796,-1.33868684660301,-0.1999998092651367,-0.19999980926513672
2008-04-01,14.619999885559082,15.18000030517578,14.5600004196167,15.109999656677246,15.109999656677246,1.4127582801634302,2.510175653354252,0.369999885559082,0.36999988555908203
2008-04-02,14.8100004196167,14.979999542236328,13.449999809265137,13.979999542236328,13.979999542236328,4.874205985181822,-7.478491992827818,-1.130000114440918,-1.130000114440918
2008-04-03,13.800000190734863,14.899999618530272,13.800000190734863,14.75,14.75,1.7204779517749225,5.507871838173872,0.7700004577636719,0.7700004577636719
2008-04-04,15.0600004196167,15.0600004196167,14.3100004196167,14.5600004196167,14.5600004196167,2.1318337822193008,-1.2881327483613592,-0.1899995803833007,-0.18999958038330078
2008-04-07,14.649999618530272,14.899999618530272,14.350000381469728,14.65999984741211,14.65999984741211,0.7574588758508741,0.6868092370428736,0.0999994277954101,0.09999942779541016
2008-04-08,14.270000457763672,14.699999809265137,14.270000457763672,14.369999885559082,14.369999885559082,0.775794503952077,-1.978171656694938,-0.2899999618530273,-0.28999996185302734
2008-04-09,14.300000190734863,15.149999618530272,14.300000190734863,14.829999923706056,14.829999923706056,1.186353133174664,3.201113721714388,0.4600000381469744,0.46000003814697443
2008-04-10,15.130000114440918,15.619999885559082,14.5,15.380000114440918,15.380000114440918,2.484196722251113,3.708699889173128,0.5500001907348615,0.5500001907348615
2008-04-11,15.43000030517578,15.899999618530272,14.93000030517578,15.010000228881836,15.010000228881836,1.0548149315790778,-2.405720954525048,-0.369999885559082,-0.36999988555908203
2008-04-14,14.829999923706056,15.239999771118164,14.75,14.880000114440918,14.880000114440918,0.7558644734072912,-0.8660900230419433,-0.1300001144409179,-0.13000011444091797
2008-04-15,14.760000228881836,15.100000381469728,14.75,14.800000190734863,14.800000190734863,2.034575233160746,-0.5376338917391199,-0.0799999237060546,-0.07999992370605469
2008-04-16,14.989999771118164,15.329999923706056,14.90999984741211,15.010000228881836,15.010000228881836,1.9420998914329404,1.4189191583824368,0.2100000381469726,0.21000003814697266
2008-04-17,14.899999618530272,15.289999961853027,14.59000015258789,14.729999542236328,14.729999542236328,2.033778031938955,-1.8654275974409276,-0.2800006866455078,-0.2800006866455078
2008-04-18,15.0,15.119999885559082,14.6899995803833,14.720000267028809,14.720000267028809,1.9644215256431004,-0.0678837441837498,-0.0099992752075195,-0.009999275207519531
2008-04-21,14.710000038146973,14.979999542236328,14.0600004196167,14.300000190734863,14.300000190734863,0.8443538090261401,-2.8532613361067605,-0.4200000762939453,-0.4200000762939453
2008-04-22,14.010000228881836,14.199999809265137,13.640000343322754,14.100000381469728,14.100000381469728,1.0548149315790778,-1.3986000461364778,-0.1999998092651349,-0.19999980926513494
2008-04-23,14.31999969482422,14.350000381469728,13.8100004196167,13.970000267028809,13.970000267028809,0.5286621251967335,-0.9219866022965983,-0.1300001144409197,-0.13000011444091975
2008-04-24,14.220000267028809,14.229999542236328,13.600000381469728,13.970000267028809,13.970000267028809,1.0819197731199863,0.0,0.0,0.0
2008-04-25,13.90999984741211,14.449999809265137,13.649999618530272,14.119999885559082,14.119999885559082,0.5119208995391135,1.0737266690272973,0.1499996185302734,0.14999961853027344
2008-04-28,14.350000381469728,14.350000381469728,13.5,14.25,14.25,1.6981563175647625,0.9206807046356458,0.1300001144409179,0.13000011444091797
2008-04-29,14.399999618530272,15.15999984741211,14.220000267028809,14.850000381469728,14.850000381469728,2.8827973331468284,4.210528992770013,0.6000003814697283,0.6000003814697283
2008-04-30,14.989999771118164,15.550000190734863,14.800000190734863,15.3100004196167,15.3100004196167,1.9134006474484488,3.0976432749521887,0.4600000381469709,0.4600000381469709
2008-05-01,15.31999969482422,15.649999618530272,14.649999618530272,15.479999542236328,15.479999542236328,0.8842138701157116,1.1103796078399064,0.1699991226196289,0.1699991226196289
2008-05-02,15.390000343322754,16.190000534057617,15.390000343322754,16.010000228881836,16.010000228881836,1.1831643282874982,3.423777146759144,0.5300006866455078,0.5300006866455078
2008-05-05,16.15999984741211,16.170000076293945,15.59000015258789,15.989999771118164,15.989999771118164,1.2381712125911069,-0.1249247812476039,-0.0200004577636718,-0.020000457763671875
2008-05-06,16.049999237060547,16.719999313354492,15.800000190734863,16.6299991607666,16.6299991607666,1.702939524895511,4.002497803686222,0.6399993896484375,0.6399993896484375
2008-05-07,16.920000076293945,18.299999237060547,16.899999618530273,17.06999969482422,17.06999969482422,5.00096097944666,2.645824150705089,0.4400005340576172,0.4400005340576172
2008-05-08,17.100000381469727,17.709999084472656,16.25,16.739999771118164,16.739999771118164,1.3816674325135645,-1.9332157563313523,-0.3299999237060547,-0.3299999237060547
2008-05-09,16.739999771118164,17.09000015258789,16.329999923706055,17.049999237060547,17.049999237060547,0.8802278640067545,1.8518486868633663,0.3099994659423828,0.3099994659423828
2008-05-12,16.90999984741211,17.969999313354492,16.90999984741211,17.850000381469727,17.850000381469727,0.6506339121308223,4.692089033472002,0.8000011444091797,0.8000011444091797
2008-05-13,17.809999465942383,17.889999389648438,17.049999237060547,17.489999771118164,17.489999771118164,0.7734029002867027,-2.016810098924604,-0.3600006103515625,-0.3600006103515625
2008-05-14,17.479999542236328,19.100000381469727,17.420000076293945,18.6299991607666,18.6299991607666,2.8070632170766423,6.518006887175365,1.1399993896484375,1.1399993896484375
2008-05-15,18.850000381469727,19.030000686645508,18.39999961853028,19.020000457763672,19.020000457763672,1.1058358097737293,2.0934048017478446,0.3900012969970703,0.3900012969970703
2008-05-16,19.350000381469727,19.729999542236328,19.040000915527344,19.65999984741211,19.65999984741211,1.058800937688035,3.364875784675392,0.6399993896484375,0.6399993896484375
2008-05-19,19.850000381469727,20.13999938964844,18.76000022888184,18.950000762939453,18.950000762939453,1.438268719260756,-3.611389064004067,-0.7099990844726562,-0.7099990844726562
2008-05-20,18.82999992370605,19.46999931335449,18.200000762939453,18.96999931335449,18.96999931335449,0.8021021442711942,0.1055332433239186,0.0199985504150355,0.01999855041503551
2008-05-21,18.96999931335449,19.190000534057617,17.719999313354492,17.8700008392334,17.8700008392334,1.3147025298830843,-5.798621581112629,-1.0999984741210902,-1.0999984741210902
2008-05-22,18.1200008392334,18.5,17.6200008392334,17.889999389648438,17.889999389648438,0.6195430644809565,0.111911300928047,0.019998550415039,0.019998550415039062
2008-05-23,17.65999984741211,17.850000381469727,17.200000762939453,17.3799991607666,17.3799991607666,0.2759493378888499,-2.850755988158016,-0.5100002288818359,-0.5100002288818359
2008-05-27,16.700000762939453,17.5,16.549999237060547,17.40999984741211,17.40999984741211,0.9583535837423146,0.1726161570434925,0.0300006866455078,0.030000686645507812
2008-05-28,17.100000381469727,18.0,17.100000381469727,17.959999084472656,17.959999084472656,0.2360892767992783,3.1590996087360823,0.5499992370605469,0.5499992370605469
2008-05-29,17.770000457763672,18.780000686645508,17.5,18.11000061035156,18.11000061035156,0.8108713577108999,0.8351978481367928,0.1500015258789027,0.1500015258789027
2008-05-30,17.950000762939453,18.59000015258789,17.950000762939453,18.239999771118164,18.239999771118164,0.4098791431498103,0.717830791746632,0.1299991607666051,0.12999916076660512
2008-06-02,17.5,18.15999984741211,17.0,17.5,17.5,1.4741427742413704,-4.057016339933872,-0.7399997711181641,-0.7399997711181641
2008-06-03,17.940000534057617,18.559999465942383,17.579999923706055,17.579999923706055,17.579999923706055,1.7005479212301366,0.4571424211774477,0.0799999237060546,0.07999992370605469
2008-06-04,17.770000457763672,18.11000061035156,17.309999465942383,17.31999969482422,17.31999969482422,0.9320459434231976,-1.4789546644493057,-0.2600002288818359,-0.26000022888183594
2008-06-05,17.299999237060547,17.479999542236328,16.809999465942383,17.31999969482422,17.31999969482422,0.9073327055476632,0.0,0.0,0.0
2008-06-06,17.5,18.959999084472656,17.5,18.450000762939453,18.450000762939453,1.4071778716108905,6.524255704536275,1.1300010681152344,1.1300010681152344
2008-06-09,18.5,19.059999465942383,18.299999237060547,18.959999084472656,18.959999084472656,1.0540177303572864,2.764218430590182,0.5099983215332031,0.5099983215332031
2008-06-10,18.790000915527344,19.39999961853028,18.770000457763672,19.100000381469727,19.100000381469727,1.6096669819459135,0.7384035008299428,0.1400012969970703,0.1400012969970703
2008-06-11,18.979999542236328,19.600000381469727,18.93000030517578,19.26000022888184,19.26000022888184,1.5299468597667705,0.8376955194584257,0.1599998474121129,0.15999984741211293
2008-06-12,19.440000534057617,19.489999771118164,18.940000534057617,19.049999237060547,19.049999237060547,0.3269702160835014,-1.0903478158135194,-0.2100009918212926,-0.21000099182129262
2008-06-13,19.209999084472656,19.89999961853028,19.209999084472656,19.89999961853028,19.89999961853028,1.608869780724122,4.461944438381438,0.8500003814697301,0.8500003814697337
2008-06-16,20.38999938964844,20.38999938964844,19.39999961853028,19.63999938964844,19.63999938964844,1.2166467796027385,-1.3065338385219394,-0.2600002288818359,-0.2600002288818395
2008-06-17,19.51000022888184,20.82999992370605,19.5,20.700000762939453,20.700000762939453,2.0720436905849438,5.397155836215051,1.060001373291012,1.060001373291012
2008-06-18,20.559999465942383,20.600000381469727,20.0,20.020000457763672,20.020000457763672,1.7340303725453767,-3.285025507792394,-0.6800003051757812,-0.6800003051757812
2008-06-19,20.21999931335449,20.530000686645508,19.440000534057617,20.280000686645508,20.280000686645508,1.739610781097917,1.298702412271968,0.2600002288818359,0.26000022888183594
2008-06-20,20.309999465942383,20.450000762939453,19.770000457763672,20.290000915527344,20.290000915527344,1.443849127813296,0.0493107916333501,0.0100002288818359,0.010000228881835938
2008-06-23,20.350000381469727,20.36000061035156,19.56999969482422,19.790000915527344,19.790000915527344,1.0205352790420463,-2.464268001177683,-0.5,-0.5
2008-06-24,20.11000061035156,20.11000061035156,19.0,19.09000015258789,19.09000015258789,1.1345350537582208,-3.5371436612225198,-0.7000007629394531,-0.7000007629394531
2008-06-25,19.290000915527344,19.68000030517578,18.90999984741211,19.61000061035156,19.61000061035156,0.8419622053607657,2.723941611352876,0.5200004577636683,0.5200004577636683
2008-06-26,19.63999938964844,19.63999938964844,19.1299991607666,19.40999984741211,19.40999984741211,1.1688147062952523,-1.0198916711602446,-0.2000007629394495,-0.20000076293944957
2008-06-27,19.39999961853028,19.799999237060547,19.229999542236328,19.540000915527344,19.540000915527344,3.090866852034392,0.6697633649521473,0.1300010681152343,0.13000106811523438
2008-06-30,19.64999961853028,20.15999984741211,19.559999465942383,19.799999237060547,19.799999237060547,0.9655283947384375,1.3305952372120844,0.2599983215332031,0.2599983215332031
2008-07-01,19.530000686645508,19.700000762939453,18.86000061035156,19.1200008392334,19.1200008392334,2.53282599678039,-3.43433547489419,-0.6799983978271484,-0.6799983978271484
2008-07-02,19.01000022888184,19.299999237060547,17.59000015258789,18.34000015258789,18.34000015258789,2.049722056374784,-4.079501320130596,-0.7800006866455078,-0.7800006866455078
2008-07-03,18.299999237060547,18.440000534057617,17.600000381469727,17.850000381469727,17.850000381469727,0.1778935876085039,-2.6717544549694106,-0.489999771118164,-0.48999977111816406
2008-07-07,17.770000457763672,18.280000686645508,16.790000915527344,17.239999771118164,17.239999771118164,1.4055834691673073,-3.4173702930830774,-0.6100006103515625,-0.6100006103515625
2008-07-08,17.06999969482422,17.399999618530273,16.520000457763672,17.260000228881836,17.260000228881836,0.970311602069186,0.116011937524374,0.0200004577636718,0.020000457763671875
2008-07-09,17.389999389648438,18.0,17.260000228881836,17.360000610351562,17.360000610351562,0.3827743016089016,0.579376478236604,0.1000003814697265,0.10000038146972656
2008-07-10,17.309999465942383,17.860000610351562,16.6299991607666,17.649999618530273,17.649999618530273,0.4282147712510131,1.6705011404538173,0.2899990081787109,0.28999900817871094
2008-07-11,17.489999771118164,17.670000076293945,16.6200008392334,17.670000076293945,17.670000076293945,1.067570151127741,0.1133170436030672,0.0200004577636718,0.020000457763671875
2008-07-14,17.989999771118164,17.989999771118164,17.100000381469727,17.56999969482422,17.56999969482422,0.4505364054611732,-0.5659331128350487,-0.1000003814697265,-0.10000038146972656
2008-07-15,17.360000610351562,19.170000076293945,17.200000762939453,18.86000061035156,18.86000061035156,1.046045718139372,7.342065668375342,1.2900009155273402,1.2900009155273402
2008-07-16,19.07999992370605,20.100000381469727,18.61000061035156,20.09000015258789,20.09000015258789,1.7667156226388254,6.521736492210017,1.2299995422363317,1.2299995422363317
2008-07-17,20.11000061035156,20.940000534057617,20.11000061035156,20.600000381469727,20.600000381469727,1.5977089636190422,2.538577526173591,0.5100002288818359,0.5100002288818359
2008-07-18,20.489999771118164,20.63999938964844,19.51000022888184,20.239999771118164,20.239999771118164,0.8690670469016744,-1.7475757460441277,-0.3600006103515625,-0.3600006103515625
2008-07-21,20.239999771118164,20.850000381469727,20.200000762939453,20.729999542236328,20.729999542236328,0.3572638625115758,2.420947513138705,0.489999771118164,0.48999977111816406
2008-07-22,20.489999771118164,20.489999771118164,19.420000076293945,19.709999084472656,19.709999084472656,1.2596956455794754,-4.920407526712545,-1.020000457763672,-1.0200004577636719
2008-07-23,19.459999084472656,19.989999771118164,18.59000015258789,19.76000022888184,19.76000022888184,1.0914861877814837,0.2536841538900658,0.0500011444091832,0.05000114440918324
2008-07-24,19.940000534057617,20.15999984741211,19.170000076293945,19.26000022888184,19.26000022888184,0.6012074363797537,-2.5303643431601963,-0.5,-0.5
2008-07-25,19.1299991607666,20.5,19.1299991607666,20.07999992370605,20.07999992370605,0.211376038923744,4.257526921492771,0.8199996948242116,0.8199996948242116
2008-07-28,20.13999938964844,20.280000686645508,19.40999984741211,20.239999771118164,20.239999771118164,0.5222845154224021,0.7968119921316408,0.1599998474121129,0.15999984741211293
2008-07-29,20.3799991607666,20.3799991607666,19.700000762939453,20.200000762939453,20.200000762939453,0.9288571385360316,-0.1976235604300158,-0.0399990081787109,-0.03999900817871094
2008-07-30,20.489999771118164,21.75,20.209999084472656,21.68000030517578,21.68000030517578,1.152870681859424,7.326730130385206,1.479999542236328,1.4799995422363281
2008-07-31,21.600000381469727,22.489999771118164,21.39999961853028,22.06999969482422,22.06999969482422,1.1672203038516695,1.7988901483332986,0.3899993896484375,0.3899993896484375
2008-08-01,22.15999984741211,22.15999984741211,21.049999237060547,21.65999984741211,21.65999984741211,1.2429544199218554,-1.8577247534274368,-0.4099998474121094,-0.4099998474121094
2008-08-04,21.34000015258789,21.63999938964844,20.25,20.479999542236328,20.479999542236328,0.8260181809249372,-5.447831548885096,-1.1800003051757812,-1.1800003051757812
2008-08-05,20.3700008392334,21.6299991607666,20.11000061035156,21.25,21.25,1.5171916402181076,3.759767944211534,0.7700004577636719,0.7700004577636719
2008-08-06,20.89999961853028,22.489999771118164,20.799999237060547,22.350000381469727,22.350000381469727,1.0476401205829549,5.176472383386943,1.1000003814697266,1.1000003814697266
2008-08-07,23.25,23.299999237060547,21.5,23.239999771118164,23.239999771118164,3.037454370174366,3.982100109431452,0.8899993896484375,0.8899993896484375
2008-08-08,23.38999938964844,23.38999938964844,21.61000061035156,21.89999961853028,21.89999961853028,1.656701854031608,-5.765921539522523,-1.340000152587887,-1.3400001525878835
2008-08-11,21.68000030517578,22.88999938964844,21.68000030517578,22.88999938964844,22.88999938964844,1.5171916402181076,4.520546978825024,0.989999771118164,0.9899997711181605
2008-08-12,22.850000381469727,22.88999938964844,21.309999465942383,22.34000015258789,22.34000015258789,0.9503815715244004,-2.402792711778212,-0.5499992370605504,-0.5499992370605504
2008-08-13,22.530000686645508,23.0,22.31999969482422,22.8700008392334,22.8700008392334,1.4510239388094188,2.3724291988606483,0.5300006866455078,0.5300006866455078
2008-08-14,22.61000061035156,23.200000762939453,22.59000015258789,23.18000030517578,23.18000030517578,0.9304515409796146,1.355485153330549,0.3099994659423828,0.3099994659423828
2008-08-15,23.299999237060547,23.5,22.549999237060547,22.920000076293945,22.920000076293945,1.3170941335484585,-1.1216575731613831,-0.2600002288818359,-0.26000022888183594
2008-08-18,22.709999084472656,23.5,22.049999237060547,23.229999542236328,23.229999542236328,0.9990108460536776,1.3525282064157371,0.3099994659423828,0.3099994659423828
2008-08-19,23.100000381469727,23.13999938964844,22.6200008392334,22.770000457763672,22.770000457763672,0.4577112164572961,-1.9801941176808668,-0.4599990844726562,-0.45999908447265625
2008-08-20,22.950000762939453,23.479999542236328,22.520000457763672,23.06999969482422,23.06999969482422,0.987052827726806,1.317519679531931,0.2999992370605469,0.2999992370605469
2008-08-21,23.209999084472656,23.440000534057617,22.84000015258789,23.100000381469727,23.100000381469727,0.3763966918345702,0.1300419897805049,0.0300006866455078,0.030000686645507812
2008-08-22,23.11000061035156,23.46999931335449,22.809999465942383,23.38999938964844,23.38999938964844,0.6179486620373738,1.2554069410810165,0.2899990081787145,0.2899990081787145
2008-08-25,22.96999931335449,23.38999938964844,21.76000022888184,22.21999931335449,22.21999931335449,0.6745499487845653,-5.002138122379563,-1.1700000762939524,-1.1700000762939524
2008-08-26,22.229999542236328,22.86000061035156,22.21999931335449,22.799999237060547,22.799999237060547,0.3189982038655871,2.6102607634081787,0.5799999237060582,0.5799999237060582
2008-08-27,22.6200008392334,23.63999938964844,22.6200008392334,23.540000915527344,23.540000915527344,0.366830277173073,3.245621505390006,0.7400016784667969,0.7400016784667969
2008-08-28,23.600000381469727,24.0,23.09000015258789,23.979999542236328,23.979999542236328,1.1672203038516695,1.86915297194723,0.4399986267089844,0.4399986267089844
2008-08-29,23.540000915527344,24.450000762939453,23.540000915527344,24.13999938964844,24.13999938964844,0.4616972225662533,0.6672220619950542,0.1599998474121129,0.15999984741211293
2008-09-02,24.59000015258789,24.59000015258789,22.0,22.82999992370605,22.82999992370605,1.1951223466143697,-5.42667563821122,-1.30999946594239,-1.30999946594239
2008-09-03,22.979999542236328,23.670000076293945,22.030000686645508,22.520000457763672,22.520000457763672,0.9878500289485976,-1.3578601269309876,-0.3099994659423792,-0.30999946594237926
2008-09-04,22.1200008392334,22.700000762939453,21.84000015258789,22.14999961853028,22.14999961853028,1.5498768903115565,-1.6429877074262578,-0.3700008392333949,-0.37000083923339133
2008-09-05,21.71999931335449,22.43000030517578,21.25,22.18000030517578,22.18000030517578,1.068367352349532,0.135443282899228,0.0300006866455042,0.030000686645500707
2008-09-08,22.190000534057617,22.450000762939453,21.07999992370605,21.89999961853028,21.89999961853028,2.004281586732672,-1.2624016356761023,-0.2800006866455042,-0.2800006866455007
2008-09-09,21.559999465942383,22.100000381469727,20.190000534057617,20.25,20.25,1.662282262584148,-7.534244964708403,-1.649999618530277,-1.6499996185302805
2008-09-10,17.510000228881836,18.780000686645508,17.0,17.84000015258789,17.84000015258789,3.1107968825791774,-11.901233814380785,-2.4099998474121094,-2.4099998474121094
2008-09-11,17.8700008392334,17.920000076293945,16.139999389648438,17.0,17.0,2.3893297768579327,-4.708520994412879,-0.8400001525878906,-0.8400001525878906
2008-09-12,16.989999771118164,17.040000915527344,16.420000076293945,17.0,17.0,1.9110090437830745,0.0,0.0,0.0
2008-09-15,16.889999389648438,16.959999084472656,14.850000381469728,14.859999656677246,14.859999656677246,2.9936083029758374,-12.588237313663251,-2.140000343322754,-2.140000343322754
2008-09-16,14.59000015258789,16.350000381469727,14.0,15.649999618530272,15.649999618530272,3.1992862181980266,5.316285195861648,0.7899999618530256,0.7899999618530256
2008-09-17,15.609999656677246,16.010000228881836,14.75,14.899999618530272,14.899999618530272,3.267845523272089,-4.792332385184006,-0.75,-0.75
2008-09-18,14.8100004196167,15.899999618530272,14.600000381469728,15.170000076293944,15.170000076293944,3.4767122433814444,1.812083655545127,0.2700004577636719,0.2700004577636719
2008-09-19,17.809999465942383,17.809999465942383,15.920000076293944,16.510000228881836,16.510000228881836,3.8561800249541656,8.833224428798125,1.3400001525878924,1.3400001525878924
2008-09-22,16.68000030517578,16.68000030517578,15.979999542236328,16.200000762939453,16.200000762939453,1.392031048396853,-1.8776466483633625,-0.3099994659423828,-0.3099994659423828
2008-09-23,16.170000076293945,16.450000762939453,15.479999542236328,15.640000343322754,15.640000343322754,1.8711489826935028,-3.45679255088559,-0.5600004196166992,-0.5600004196166992
2008-09-24,15.6899995803833,16.600000381469727,15.539999961853027,15.699999809265137,15.699999809265137,1.784254049518237,0.3836282904430943,0.0599994659423828,0.05999946594238281
2008-09-25,16.020000457763672,16.110000610351562,15.449999809265137,16.030000686645508,16.030000686645508,1.529149658544979,2.1019164419710634,0.3300008773803711,0.3300008773803711
2008-09-26,15.510000228881836,15.829999923706056,14.06999969482422,14.90999984741211,14.90999984741211,1.1305490476492637,-6.986904499426904,-1.1200008392333984,-1.1200008392333984
2008-09-29,14.649999618530272,14.829999923706056,13.109999656677246,13.739999771118164,13.739999771118164,1.3984086581711843,-7.847083086972795,-1.170000076293945,-1.1700000762939453
2008-09-30,13.84000015258789,14.020000457763672,13.420000076293944,13.850000381469728,13.850000381469728,5.187506065345855,0.8005866971176223,0.1100006103515642,0.11000061035156428
2008-10-01,13.770000457763672,14.670000076293944,13.630000114440918,14.31999969482422,14.31999969482422,1.258898444357684,3.393496753857983,0.4699993133544922,0.4699993133544922
2008-10-02,14.300000190734863,14.300000190734863,13.079999923706056,13.239999771118164,13.239999771118164,1.8950650193472456,-7.5418990692884496,-1.0799999237060565,-1.0799999237060565
2008-10-03,13.630000114440918,14.489999771118164,13.029999732971191,13.050000190734863,13.050000190734863,0.6083822473758765,-1.4350421727179152,-0.1899995803833007,-0.18999958038330078
2008-10-06,12.270000457763672,12.699999809265137,10.119999885559082,10.93000030517578,10.93000030517578,2.065666080810612,-16.245209613592383,-2.119999885559084,-2.119999885559084
2008-10-07,11.020000457763672,11.100000381469728,9.289999961853027,9.520000457763672,9.520000457763672,3.4280829688521672,-12.900272717690752,-1.4099998474121076,-1.4099998474121076
2008-10-08,9.489999771118164,10.539999961853027,9.0,10.0,10.0,4.800066271555219,5.04201175583856,0.4799995422363281,0.4799995422363281
2008-10-09,10.31999969482422,10.989999771118164,8.680000305175781,8.680000305175781,8.680000305175781,1.6798206894635594,-13.199996948242188,-1.3199996948242188,-1.3199996948242188
2008-10-10,8.25,9.0,8.199999809265137,8.930000305175781,8.930000305175781,3.7429774514597822,2.8801842305342884,0.25,0.25
2008-10-13,9.3100004196167,10.220000267028809,9.149999618530272,10.220000267028809,10.220000267028809,1.9979039769583404,14.44568776896178,1.2899999618530271,1.2899999618530273
2008-10-14,10.970000267028809,10.989999771118164,9.619999885559082,9.9399995803833,9.9399995803833,1.0340876998125006,-2.7397326744582395,-0.2800006866455078,-0.2800006866455078
2008-10-15,10.140000343322754,10.140000343322754,8.699999809265137,8.699999809265137,8.699999809265137,1.8257085130513917,-12.474847318558414,-1.239999771118164,-1.239999771118164
2008-10-16,8.899999618530273,9.8100004196167,8.5,9.8100004196167,9.8100004196167,1.149681876972258,12.75862798490477,1.1100006103515625,1.1100006103515625
2008-10-17,9.5600004196167,9.760000228881836,9.100000381469728,9.15999984741211,9.15999984741211,0.6952771805511425,-6.625897496444622,-0.6500005722045898,-0.6500005722045898
2008-10-20,9.43000030517578,10.06999969482422,9.079999923706056,9.970000267028809,9.970000267028809,1.5020448170040706,8.842799488097608,0.8100004196166992,0.8100004196166992
2008-10-21,9.850000381469728,10.100000381469728,9.529999732971191,9.65999984741211,9.65999984741211,1.022129681485629,-3.1093321094672666,-0.3100004196166992,-0.3100004196166992
2008-10-22,9.489999771118164,9.489999771118164,8.229999542236328,8.25,8.25,1.1536678830812153,-14.596271942901174,-1.4099998474121094,-1.4099998474121094
2008-10-23,8.3100004196167,8.630000114440918,7.699999809265137,8.079999923706055,8.079999923706055,1.4223246948249273,-2.0606069853811526,-0.1700000762939453,-0.1700000762939453
2008-10-24,7.590000152587891,8.289999961853027,7.400000095367432,8.029999732971191,8.029999732971191,1.0731505596802806,-0.6188142476111547,-0.0500001907348632,-0.05000019073486328
2008-10-27,8.0,8.199999809265137,7.230000019073486,7.230000019073486,7.230000019073486,0.8371789980300172,-9.96263686800517,-0.7999997138977051,-0.7999997138977051
2008-10-28,7.599999904632568,8.25,7.010000228881836,8.239999771118164,8.239999771118164,2.860475698936668,13.96956776459466,1.0099997520446775,1.0099997520446777
2008-10-29,7.610000133514404,8.180000305175781,7.599999904632568,7.650000095367432,7.650000095367432,1.525163652436022,-7.160190438581404,-0.5899996757507324,-0.5899996757507324
2008-10-30,7.820000171661377,8.260000228881836,7.53000020980835,8.1899995803833,8.1899995803833,1.4589959510273331,7.058816709595517,0.5399994850158691,0.5399994850158691
2008-10-31,8.140000343322754,8.220000267028809,7.699999809265137,8.220000267028809,8.220000267028809,0.9782836142871004,0.3663087690183308,0.0300006866455078,0.030000686645507812
2008-11-03,8.100000381469727,8.520000457763672,7.880000114440918,8.399999618530273,8.399999618530273,0.3564666612897844,2.189773061485889,0.1799993515014648,0.17999935150146484
2008-11-04,8.5600004196167,8.880000114440918,8.260000228881836,8.5,8.5,1.1576538891901724,1.1904807858458266,0.1000003814697265,0.10000038146972656
2008-11-05,8.140000343322754,8.390000343322754,7.679999828338623,7.849999904632568,7.849999904632568,2.0385612392697032,-7.6470599454991905,-0.6500000953674316,-0.6500000953674316
2008-11-06,7.909999847412109,8.050000190734863,7.480000019073486,7.480000019073486,7.480000019073486,0.977486413065309,-4.713374395593705,-0.369999885559082,-0.36999988555908203
2008-11-07,7.570000171661377,8.600000381469727,7.570000171661377,8.449999809265137,8.449999809265137,2.571091655426379,12.96791160051094,0.9699997901916504,0.9699997901916504
2008-11-10,8.75,9.15999984741211,8.680000305175781,8.699999809265137,8.699999809265137,1.5841565428485878,2.958579948438378,0.25,0.25
2008-11-11,8.720000267028809,9.0,8.279999732971191,8.550000190734863,8.550000190734863,1.915792251113823,-1.72413358412411,-0.1499996185302734,-0.14999961853027344
2008-11-12,8.399999618530273,8.399999618530273,7.860000133514404,7.860000133514404,7.860000133514404,0.8889970774464602,-8.070175927810762,-0.690000057220459,-0.690000057220459
2008-11-13,7.889999866485596,8.600000381469727,7.0,8.600000381469727,8.600000381469727,2.3813577646400184,9.414761264443516,0.7400002479553223,0.7400002479553223
2008-11-14,8.5,9.079999923706056,8.109999656677246,8.149999618530273,8.149999618530273,0.6187458632591651,-5.2325667788232,-0.4500007629394531,-0.4500007629394531
2008-11-17,8.079999923706055,8.079999923706055,7.389999866485596,7.579999923706055,7.579999923706055,1.1353322549800122,-6.99386161354213,-0.5699996948242188,-0.5699996948242188
2008-11-18,7.710000038146973,8.420000076293945,7.690000057220459,7.840000152587891,7.840000152587891,1.7443939884286654,3.4300822097464545,0.2600002288818359,0.26000022888183594
2008-11-19,7.820000171661377,8.3100004196167,7.289999961853027,7.289999961853027,7.289999961853027,0.7965217357186543,-7.015308418754495,-0.5500001907348633,-0.5500001907348633
2008-11-20,7.21999979019165,7.570000171661377,6.840000152587891,6.840000152587891,6.840000152587891,1.3027445115562128,-6.172836922083502,-0.4499998092651367,-0.4499998092651367
2008-11-21,7.010000228881836,7.289999961853027,6.650000095367432,6.900000095367432,6.900000095367432,2.150169410320504,0.8771921263311722,0.059999942779541,0.059999942779541016
2008-11-24,7.5,7.869999885559082,7.210000038146973,7.869999885559082,7.869999885559082,1.160842694077338,14.057967779491708,0.9699997901916504,0.9699997901916504
2008-11-25,8.0,8.119999885559082,7.429999828338623,7.840000152587891,7.840000152587891,0.1483971424022209,-0.3811910216954262,-0.0299997329711914,-0.029999732971191406
2008-11-26,7.679999828338623,9.039999961853027,7.650000095367432,8.989999771118164,8.989999771118164,0.8969690896643745,14.66836219576695,1.1499996185302734,1.1499996185302734
2008-11-28,8.930000305175781,8.979999542236328,8.460000038146973,8.979999542236328,8.979999542236328,-0.1848329683065971,-0.1112372540204464,-0.0100002288818359,-0.010000228881835938
2008-12-01,8.760000228881836,8.760000228881836,7.0,7.0,7.0,1.1185910293223922,-22.04899379920503,-1.979999542236328,-1.9799995422363281
2008-12-02,7.090000152587891,7.599999904632568,6.96999979019165,7.539999961853027,7.539999961853027,2.0688548856977778,7.714285169328972,0.5399999618530273,0.5399999618530273
2008-12-03,7.369999885559082,8.15999984741211,7.199999809265137,7.679999828338623,7.679999828338623,0.7152072110959282,1.8567621643752477,0.1399998664855957,0.1399998664855957
2008-12-04,7.409999847412109,7.909999847412109,6.820000171661377,7.039999961853027,7.039999961853027,0.8068853516019429,-8.333331781129004,-0.6399998664855957,-0.6399998664855957
2008-12-05,7.03000020980835,7.739999771118164,6.78000020980835,7.739999771118164,7.739999771118164,1.2238215905988612,9.943179162757932,0.6999998092651367,0.6999998092651367
2008-12-08,8.210000038146973,8.5,7.880000114440918,8.319999694824219,8.319999694824219,1.1807727246221238,7.493539287563378,0.5799999237060547,0.5799999237060547
2008-12-09,8.279999732971191,9.18000030517578,8.069999694824219,8.800000190734863,8.800000190734863,2.2219175202817323,5.769236941309597,0.4800004959106445,0.48000049591064453
2008-12-10,8.970000267028809,9.06999969482422,8.489999771118164,8.8100004196167,8.8100004196167,2.1533582152076693,0.1136389621032574,0.0100002288818359,0.010000228881835938
2008-12-11,8.720000267028809,9.630000114440918,8.720000267028809,8.869999885559082,8.869999885559082,2.447525466048708,0.6810381734918547,0.0599994659423828,0.05999946594238281
2008-12-12,8.670000076293945,9.1899995803833,8.260000228881836,9.109999656677246,9.109999656677246,0.6251234730334966,2.7057471726566584,0.239999771118164,0.23999977111816406
2008-12-15,9.329999923706056,9.470000267028809,8.399999618530273,8.739999771118164,8.739999771118164,-0.1043156449056626,-4.061469807936691,-0.369999885559082,-0.36999988555908203
2008-12-16,8.699999809265137,9.43000030517578,8.699999809265137,9.329999923706056,9.329999923706056,2.9362098150068543,6.750574005019794,0.5900001525878924,0.5900001525878924
2008-12-17,9.1899995803833,9.630000114440918,8.890000343322754,8.9399995803833,8.9399995803833,1.7148975432223823,-4.180068022635519,-0.3900003433227557,-0.3900003433227557
2008-12-18,8.90999984741211,8.90999984741211,8.369999885559082,8.550000190734863,8.550000190734863,0.394732319935773,-4.362409484942242,-0.3899993896484375,-0.3899993896484375
2008-12-19,8.630000114440918,8.890000343322754,8.109999656677246,8.289999961853027,8.289999961853027,1.1433042671979263,-3.0409382816573904,-0.2600002288818359,-0.26000022888183594
2008-12-22,8.289999961853027,8.289999961853027,7.0,7.25,7.25,2.2219175202817323,-12.545234820731665,-1.0399999618530271,-1.0399999618530273
2008-12-23,7.449999809265137,7.570000171661377,7.179999828338623,7.460000038146973,7.460000038146973,0.5557669667376421,2.896552250303075,0.2100000381469726,0.21000003814697266
2008-12-24,7.619999885559082,7.619999885559082,7.059999942779541,7.170000076293945,7.170000076293945,0.0120757334758862,-3.887398932575104,-0.2899999618530273,-0.28999996185302734
2008-12-26,7.179999828338623,7.179999828338623,7.03000020980835,7.150000095367432,7.150000095367432,-0.2964411393573974,-0.2789397589079478,-0.0199999809265136,-0.019999980926513672
2008-12-29,7.179999828338623,7.230000019073486,7.0,7.150000095367432,7.150000095367432,0.5677249850645135,0.0,0.0,0.0
2008-12-30,7.179999828338623,8.199999809265137,7.159999847412109,8.170000076293945,8.170000076293945,1.1815699258439152,14.265733808694405,1.0199999809265137,1.0199999809265137
2008-12-31,8.199999809265137,8.739999771118164,8.199999809265137,8.319999694824219,8.319999694824219,1.1640314989645038,1.8359806258204656,0.1499996185302734,0.14999961853027344
2009-01-02,8.329999923706055,8.619999885559082,8.010000228881836,8.329999923706055,8.329999923706055,0.2759493378888499,0.1201950630846493,0.0100002288818359,0.010000228881835938
2009-01-05,8.34000015258789,8.819999694824219,8.229999542236328,8.8100004196167,8.8100004196167,0.4561168140137132,5.7623109280544815,0.4800004959106445,0.48000049591064453
2009-01-06,9.029999732971191,9.029999732971191,7.860000133514404,8.050000190734863,8.050000190734863,1.6646738662495224,-8.626562913545255,-0.7600002288818359,-0.7600002288818359
2009-01-07,8.050000190734863,8.050000190734863,7.5,7.809999942779541,7.809999942779541,0.2600053134530212,-2.981369469177775,-0.2400002479553222,-0.24000024795532227
2009-01-08,7.75,8.130000114440918,7.659999847412109,8.0,8.0,0.4098791431498103,2.4327792395967496,0.1900000572204589,0.19000005722045898
2009-01-09,7.980000019073486,8.069999694824219,7.760000228881836,7.880000114440918,7.880000114440918,0.5103264970955306,-1.4999985694885254,-0.119999885559082,-0.11999988555908203
2009-01-12,7.900000095367432,8.149999618530273,7.900000095367432,8.0,8.0,1.2230243893770696,1.522841165181843,0.119999885559082,0.11999988555908203
2009-01-13,8.0,8.25,7.849999904632568,8.0,8.0,0.3086345879822985,0.0,0.0,0.0
2009-01-14,7.900000095367432,7.900000095367432,7.590000152587891,7.619999885559082,7.619999885559082,0.3118233928694642,-4.750001430511475,-0.3800001144409179,-0.38000011444091797
2009-01-15,7.630000114440918,8.029999732971191,7.25,7.980000019073486,7.980000019073486,1.0715561572366978,4.724411271929974,0.3600001335144043,0.3600001335144043
2009-01-16,8.130000114440918,8.300000190734863,7.309999942779541,7.96999979019165,7.96999979019165,1.5514712927551393,-0.1253161511019285,-0.0100002288818359,-0.010000228881835938
2009-01-20,7.809999942779541,7.829999923706055,7.340000152587891,7.340000152587891,7.340000152587891,0.6322982840296194,-7.90463807011732,-0.6299996376037598,-0.6299996376037598
2009-01-21,7.489999771118164,7.71999979019165,7.289999961853027,7.610000133514404,7.610000133514404,1.0253184863727949,3.678473778114544,0.2699999809265136,0.26999998092651367
2009-01-22,7.409999847412109,7.5,7.010000228881836,7.110000133514404,7.110000133514404,1.2437516211436468,-6.570302118629434,-0.5,-0.5
2009-01-23,7.21999979019165,7.550000190734863,7.03000020980835,7.360000133514404,7.360000133514404,0.9599479861858976,3.516174336222244,0.25,0.25
2009-01-26,7.400000095367432,7.5,7.03000020980835,7.139999866485596,7.139999866485596,1.0938777914468578,-2.989134008666905,-0.2200002670288086,-0.2200002670288086
2009-01-27,7.190000057220459,7.400000095367432,7.099999904632568,7.119999885559082,7.119999885559082,0.5900466192746736,-0.2801117829202115,-0.0199999809265136,-0.019999980926513672
2009-01-28,7.380000114440918,7.440000057220459,7.199999809265137,7.25,7.25,1.2118635722719897,1.825844333292559,0.1300001144409179,0.13000011444091797
2009-01-29,7.179999828338623,7.329999923706055,7.099999904632568,7.199999809265137,7.199999809265137,0.5589557716248078,-0.6896578032394962,-0.0500001907348632,-0.05000019073486328
2009-01-30,7.309999942779541,7.5,7.190000057220459,7.380000114440918,7.380000114440918,1.242157218700064,2.5000043047800125,0.1800003051757812,0.18000030517578125
2009-02-02,7.400000095367432,7.860000133514404,7.179999828338623,7.800000190734863,7.800000190734863,1.3154997311048755,5.691057856111748,0.4200000762939453,0.4200000762939453
2009-02-03,7.789999961853027,7.900000095367432,7.599999904632568,7.789999961853027,7.789999961853027,0.6091794485976679,-0.1282080594525392,-0.0100002288818359,-0.010000228881835938
2009-02-04,7.769999980926514,8.039999961853027,7.650000095367432,8.0,8.0,0.7215848208702597,2.6957643026357614,0.2100000381469726,0.21000003814697266
2009-02-05,7.949999809265137,8.229999542236328,7.739999771118164,8.210000038146973,8.210000038146973,1.175192316069584,2.625000476837158,0.2100000381469726,0.21000003814697266
2009-02-06,8.15999984741211,8.710000038146973,8.15999984741211,8.670000076293945,8.670000076293945,1.2150523771591557,5.602923702918727,0.4600000381469726,0.46000003814697266
2009-02-09,8.609999656677246,8.800000190734863,8.4399995803833,8.59000015258789,8.59000015258789,1.5211776463270648,-0.9227211418924351,-0.0799999237060546,-0.07999992370605469
2009-02-10,8.550000190734863,8.619999885559082,8.329999923706055,8.390000343322754,8.390000343322754,1.6256110063817422,-2.328286446012262,-0.1999998092651367,-0.19999980926513672
2009-02-11,8.479999542236328,9.020000457763672,8.1899995803833,8.890000343322754,8.890000343322754,2.56630844809563,5.959475322285646,0.5,0.5
2009-02-12,8.880000114440918,8.880000114440918,8.109999656677246,8.600000381469727,8.600000381469727,1.6104641831677051,-3.2620916833917213,-0.2899999618530273,-0.28999996185302734
2009-02-13,8.609999656677246,8.760000228881836,8.390000343322754,8.420000076293945,8.420000076293945,0.4282147712510131,-2.0930267115292778,-0.1800003051757812,-0.18000030517578125
2009-02-17,8.25,8.399999618530273,8.0600004196167,8.229999542236328,8.229999542236328,0.9121159128784116,-2.256538388788776,-0.1900005340576172,-0.1900005340576172
2009-02-18,8.3100004196167,8.34000015258789,8.029999732971191,8.1899995803833,8.1899995803833,1.0245212851510035,-0.4860262949924587,-0.0399999618530273,-0.039999961853027344
2009-02-19,8.380000114440918,8.380000114440918,8.09000015258789,8.199999809265137,8.199999809265137,2.087987715020772,0.1221029230061176,0.0100002288818359,0.010000228881835938
2009-02-20,8.15999984741211,8.34000015258789,7.849999904632568,7.949999809265137,7.949999809265137,0.5876550156092993,-3.0487805587205763,-0.25,-0.25
2009-02-23,8.130000114440918,8.130000114440918,7.300000190734863,7.340000152587891,7.340000152587891,0.7606476807380398,-7.67295184040554,-0.6099996566772461,-0.6099996566772461
2009-02-24,7.630000114440918,7.650000095367432,7.329999923706055,7.579999923706055,7.579999923706055,1.1058358097737293,3.2697515821378698,0.239999771118164,0.23999977111816406
2009-02-25,7.53000020980835,7.730000019073486,7.380000114440918,7.5,7.5,0.7279624306445912,-1.0554079750826784,-0.0799999237060546,-0.07999992370605469
2009-02-26,7.730000019073486,8.369999885559082,7.539999961853027,8.229999542236328,8.229999542236328,1.069961754793115,9.7333272298177,0.7299995422363281,0.7299995422363281
2009-02-27,8.109999656677246,9.100000381469728,8.100000381469727,8.65999984741211,8.65999984741211,1.4868979937900333,5.224791362004599,0.4300003051757812,0.43000030517578125
2009-03-02,8.520000457763672,8.520000457763672,7.300000190734863,7.329999923706055,7.329999923706055,2.1445890017679634,-15.357967057049104,-1.329999923706055,-1.3299999237060547
2009-03-03,7.46999979019165,7.659999847412109,7.059999942779541,7.079999923706055,7.079999923706055,1.7850512507400285,-3.4106412360451976,-0.25,-0.25
2009-03-04,7.309999942779541,7.710000038146973,7.039999961853027,7.679999828338623,7.679999828338623,0.8674726444580916,8.474575015510677,0.5999999046325684,0.5999999046325684
2009-03-05,7.429999828338623,7.46999979019165,6.860000133514404,7.010000228881836,7.010000228881836,1.0213324802638375,-8.723953312922472,-0.6699995994567871,-0.6699995994567871
2009-03-06,7.050000190734863,7.199999809265137,6.619999885559082,7.050000190734863,7.050000190734863,1.4948700060079476,0.5706128466048233,0.0399999618530273,0.039999961853027344
2009-03-09,6.920000076293945,7.300000190734863,6.650000095367432,7.0,7.0,0.8858082725592945,-0.709222544427357,-0.0500001907348632,-0.05000019073486328
2009-03-10,7.019999980926514,8.130000114440918,7.019999980926514,7.840000152587891,7.840000152587891,1.3601429995251957,12.000002179827018,0.8400001525878906,0.8400001525878906
2009-03-11,7.929999828338623,8.079999923706055,7.559999942779541,7.619999885559082,7.619999885559082,0.4776412470020819,-2.8061258003443945,-0.2200002670288086,-0.2200002670288086
2009-03-12,7.710000038146973,8.539999961853027,7.610000133514404,8.350000381469727,8.350000381469727,1.35137378608549,9.58005914533009,0.7300004959106445,0.7300004959106445
2009-03-13,8.399999618530273,8.399999618530273,7.199999809265137,7.96999979019165,7.96999979019165,2.4236094293949644,-4.550905076859291,-0.3800005912780761,-0.38000059127807617
2009-03-16,8.079999923706055,8.5600004196167,8.010000228881836,8.220000267028809,8.220000267028809,0.8547174249094287,3.136768926202782,0.2500004768371582,0.2500004768371582
2009-03-17,8.1899995803833,8.40999984741211,7.96999979019165,8.229999542236328,8.229999542236328,0.6107738510412508,0.1216456798380782,0.0099992752075195,0.009999275207519531
2009-03-18,8.199999809265137,9.100000381469728,8.199999809265137,8.960000038146973,8.960000038146973,0.7989133393840285,8.869994368338485,0.7300004959106445,0.7300004959106445
2009-03-19,8.949999809265137,9.300000190734863,8.850000381469727,9.229999542236328,9.229999542236328,0.5254733203095677,3.013387309596416,0.2699995040893554,0.26999950408935547
2009-03-20,9.34000015258789,9.479999542236328,9.18000030517578,9.40999984741211,9.40999984741211,1.5562545000858878,1.9501659166081489,0.1800003051757812,0.18000030517578125
2009-03-23,9.630000114440918,10.119999885559082,9.600000381469728,10.119999885559082,10.119999885559082,1.0101716631587576,7.545165246120944,0.7100000381469727,0.7100000381469727
2009-03-24,9.93000030517578,10.789999961853027,9.800000190734863,10.399999618530272,10.399999618530272,1.3139053286612927,2.766795811635725,0.2799997329711896,0.27999973297118963
2009-03-25,10.479999542236328,10.869999885559082,9.899999618530272,10.3100004196167,10.3100004196167,1.2222271881552782,-0.8653769443723425,-0.0899991989135724,-0.08999919891357244
2009-03-26,10.529999732971191,10.59000015258789,10.149999618530272,10.399999618530272,10.399999618530272,0.7367316440842969,0.8729310887546804,0.0899991989135724,0.08999919891357244
2009-03-27,10.289999961853027,10.670000076293944,10.1899995803833,10.470000267028809,10.470000267028809,0.8172489674852315,0.6730831833283268,0.0700006484985369,0.07000064849853693
2009-03-30,10.279999732971191,10.279999732971191,9.470000267028809,9.970000267028809,9.970000267028809,0.4640888262316275,-4.775549066360152,-0.5,-0.5
2009-03-31,10.149999618530272,10.229999542236328,9.800000190734863,9.890000343322754,9.890000343322754,0.2233340572506154,-0.802406434938796,-0.0799999237060546,-0.07999992370605469
2009-04-01,9.710000038146973,10.399999618530272,9.670000076293944,10.270000457763672,10.270000457763672,0.0248309530245491,3.842265937811362,0.3800001144409179,0.38000011444091797
2009-04-02,10.529999732971191,11.149999618530272,10.210000038146973,10.869999885559082,10.869999885559082,0.8021021442711942,5.842253174797452,0.5999994277954102,0.5999994277954102
2009-04-03,11.09000015258789,11.09000015258789,10.079999923706056,11.0,11.0,0.7765917051738684,1.1959532273190243,0.1300001144409179,0.13000011444091797
2009-04-06,10.920000076293944,10.920000076293944,10.229999542236328,10.619999885559082,10.619999885559082,0.7279624306445912,-3.454546494917432,-0.3800001144409179,-0.38000011444091797
2009-04-07,10.40999984741211,10.56999969482422,10.109999656677246,10.109999656677246,10.109999656677246,0.0662854165577035,-4.802262093950926,-0.5100002288818359,-0.5100002288818359
2009-04-08,10.199999809265137,10.699999809265137,10.1899995803833,10.640000343322754,10.640000343322754,0.3166066002002128,5.242341292222141,0.5300006866455078,0.5300006866455078
2009-04-09,10.850000381469728,11.34000015258789,10.699999809265137,11.25,11.25,0.6442563023564909,5.733079295059018,0.6099996566772461,0.6099996566772461
2009-04-13,11.239999771118164,11.239999771118164,10.729999542236328,11.050000190734863,11.050000190734863,0.2241312584724069,-1.7777760823567743,-0.1999998092651367,-0.19999980926513672
2009-04-14,10.8100004196167,11.100000381469728,10.420000076293944,10.460000038146973,10.460000038146973,0.5071376922083648,-5.339367804559769,-0.5900001525878906,-0.5900001525878906
2009-04-15,10.199999809265137,10.949999809265137,10.0,10.699999809265137,10.699999809265137,0.2400752829082355,2.294452870391006,0.239999771118164,0.23999977111816406
2009-04-16,10.699999809265137,11.199999809265137,10.59000015258789,11.09000015258789,11.09000015258789,1.6519186467008595,3.644863086680172,0.3900003433227539,0.3900003433227539
2009-04-17,11.119999885559082,11.399999618530272,11.020000457763672,11.170000076293944,11.170000076293944,1.0069828582715918,0.7213699062698753,0.0799999237060529,0.07999992370605291
2009-04-20,10.90999984741211,11.100000381469728,10.5,10.75,10.75,0.9663255959602288,-3.760072277755022,-0.4200000762939435,-0.42000007629394354
2009-04-21,10.850000381469728,11.079999923706056,10.399999618530272,11.0,11.0,1.31789133477025,2.3255813953488413,0.25,0.25
2009-04-22,10.760000228881836,11.550000190734863,10.720000267028809,11.3100004196167,11.3100004196167,1.634380219821448,2.8181856328790778,0.3100004196166992,0.3100004196166992
2009-04-23,11.359999656677246,11.449999809265137,10.81999969482422,11.130000114440918,11.130000114440918,1.3784786276263987,-1.5915145755748927,-0.1800003051757812,-0.18000030517578125
2009-04-24,11.300000190734863,11.479999542236328,10.81999969482422,11.34000015258789,11.34000015258789,1.5833593416267964,1.8867927761698988,0.2100000381469726,0.21000003814697266
2009-04-27,11.300000190734863,11.390000343322754,10.699999809265137,10.880000114440918,10.880000114440918,0.953570376411566,-4.056437671581481,-0.4600000381469726,-0.46000003814697266
2009-04-28,10.5,11.40999984741211,10.029999732971191,11.109999656677246,11.109999656677246,1.062786943796992,2.1139663586129176,0.2299995422363281,0.22999954223632812
2009-04-29,11.229999542236328,11.84000015258789,11.149999618530272,11.670000076293944,11.670000076293944,0.5302565276403163,5.040507983095477,0.5600004196166974,0.5600004196166974
2009-04-30,11.699999809265137,12.220000267028809,11.600000381469728,11.979999542236328,11.979999542236328,0.8730530530106315,2.6563792966214805,0.3099994659423846,0.3099994659423846
2009-05-01,11.920000076293944,12.010000228881836,11.760000228881836,11.979999542236328,11.979999542236328,0.0248309530245491,0.0,0.0,0.0
2009-05-04,12.0,12.4399995803833,11.90999984741211,11.949999809265137,11.949999809265137,0.655417119461571,-0.2504151428839862,-0.0299997329711914,-0.029999732971191406
2009-05-05,11.989999771118164,12.0,11.5,11.8100004196167,11.8100004196167,0.7287596318663826,-1.1715430283094408,-0.1399993896484375,-0.1399993896484375
2009-05-06,11.890000343322754,11.949999809265137,11.279999732971191,11.369999885559082,11.369999885559082,1.40159746305835,-3.725660613244053,-0.4400005340576172,-0.4400005340576172
2009-05-07,11.489999771118164,11.539999961853027,10.760000228881836,10.949999809265137,10.949999809265137,1.3537653897508644,-3.693932106607878,-0.4200000762939453,-0.4200000762939453
2009-05-08,11.25,11.68000030517578,10.770000457763672,11.649999618530272,11.649999618530272,1.89187621446008,6.392692433408476,0.6999998092651349,0.6999998092651349
2009-05-12,13.210000038146973,13.739999771118164,12.5,13.56999969482422,13.56999969482422,3.7373970429072414,16.480687889809296,1.9200000762939489,1.9200000762939489
2009-05-13,13.020000457763672,13.720000267028809,12.4399995803833,13.390000343322754,13.390000343322754,1.1536678830812153,-1.3264506672768794,-0.1799993515014666,-0.17999935150146662
2009-05-14,13.43000030517578,13.800000190734863,13.020000457763672,13.6899995803833,13.6899995803833,1.676631884576394,2.240472213356948,0.2999992370605469,0.2999992370605469
2009-05-15,13.670000076293944,13.899999618530272,13.520000457763672,13.789999961853027,13.789999961853027,0.8228293760377714,0.7304629987938016,0.1000003814697265,0.10000038146972656
2009-05-18,13.9399995803833,14.100000381469728,13.649999618530272,14.079999923706056,14.079999923706056,0.977486413065309,2.102972898152644,0.2899999618530291,0.2899999618530291
2009-05-19,14.029999732971191,14.300000190734863,13.600000381469728,14.109999656677246,14.109999656677246,0.4282147712510131,0.213066286461272,0.0299997329711896,0.02999973297118963
2009-05-20,14.199999809265137,14.779999732971191,13.899999618530272,14.100000381469728,14.100000381469728,1.0548149315790778,-0.07086658717802,-0.0099992752075177,-0.009999275207517755
2009-05-21,13.869999885559082,14.350000381469728,13.390000343322754,14.199999809265137,14.199999809265137,0.7566616746290826,0.7092157807798927,0.0999994277954083,0.09999942779540838
2009-05-22,14.350000381469728,14.869999885559082,13.800000190734863,14.399999618530272,14.399999618530272,1.6590934576969822,1.408449379940424,0.1999998092651349,0.19999980926513494
2009-05-26,14.65999984741211,15.15999984741211,13.869999885559082,14.989999771118164,14.989999771118164,2.265763587480261,4.097223390399707,0.5900001525878924,0.5900001525878924
2009-05-27,14.93000030517578,15.630000114440918,14.8100004196167,15.09000015258789,15.09000015258789,2.5216651796753102,0.6671139626192701,0.1000003814697265,0.10000038146972656
2009-05-28,15.289999961853027,15.93000030517578,14.979999542236328,15.6899995803833,15.6899995803833,1.9747851415263888,3.976139309001336,0.5999994277954102,0.5999994277954102
2009-05-29,15.609999656677246,16.889999389648438,15.609999656677246,16.75,16.75,4.413423678986375,6.755898329927201,1.0600004196166992,1.0600004196166992
2009-06-01,17.139999389648438,18.15999984741211,17.010000228881836,17.440000534057617,17.440000534057617,2.9585314492170145,4.119406173478302,0.6900005340576172,0.6900005340576172
2009-06-02,17.5,18.0,17.200000762939453,17.84000015258789,17.84000015258789,2.7568395401037824,2.293575724089769,0.3999996185302734,0.39999961853027344
2009-06-03,17.719999313354492,17.940000534057617,16.469999313354492,16.780000686645508,16.780000686645508,3.1307269131239632,-5.941700991457777,-1.0599994659423828,-1.0599994659423828
2009-06-04,16.799999237060547,17.790000915527344,16.799999237060547,17.40999984741211,17.40999984741211,1.8249113118296,3.75446445164922,0.6299991607666016,0.6299991607666016
2009-06-05,17.530000686645508,17.860000610351562,16.969999313354492,17.18000030517578,17.18000030517578,1.2604928468012668,-1.3210772214367172,-0.2299995422363281,-0.22999954223632812
2009-06-08,17.649999618530273,17.649999618530273,16.850000381469727,17.15999984741211,17.15999984741211,0.9001578945515402,-0.116417097836996,-0.0200004577636718,-0.020000457763671875
2009-06-09,17.389999389648438,17.950000762939453,17.1299991607666,17.299999237060547,17.299999237060547,1.6662682686931052,0.8158472662781024,0.1399993896484375,0.1399993896484375
2009-06-10,17.479999542236328,17.5,16.649999618530273,16.90999984741211,16.90999984741211,1.0595981389098263,-2.2543318314891536,-0.3899993896484375,-0.3899993896484375
2009-06-11,16.899999618530273,17.59000015258789,16.899999618530273,17.440000534057617,17.440000534057617,1.0141576692677148,3.1342441834889767,0.5300006866455078,0.5300006866455078
2009-06-12,17.34000015258789,17.34000015258789,16.799999237060547,17.040000915527344,17.040000915527344,0.3476974478500786,-2.2935757240897803,-0.3999996185302734,-0.39999961853027344
2009-06-15,16.889999389648438,17.15999984741211,16.450000762939453,16.969999313354492,16.969999313354492,0.6450535035782824,-0.4108075024166435,-0.0700016021728515,-0.07000160217285156
2009-06-16,17.100000381469727,17.100000381469727,16.25,16.469999313354492,16.469999313354492,0.9025494982169144,-2.946376076789392,-0.5,-0.5
2009-06-17,16.440000534057617,16.56999969482422,15.420000076293944,16.030000686645508,16.030000686645508,0.9966192423883034,-2.6715157562406056,-0.4399986267089844,-0.4399986267089844
2009-06-18,16.010000228881836,16.010000228881836,15.270000457763672,15.899999618530272,15.899999618530272,0.2663829232273527,-0.8109860420875692,-0.1300010681152361,-0.13000106811523615
2009-06-19,16.09000015258789,16.229999542236328,15.449999809265137,15.619999885559082,15.619999885559082,0.988647230170389,-1.7610046521313816,-0.2799997329711896,-0.27999973297118963
2009-06-22,15.579999923706056,15.579999923706056,14.75,14.93000030517578,14.93000030517578,1.9532607085380205,-4.417410918301079,-0.6899995803833026,-0.6899995803833026
2009-06-23,15.0,15.579999923706056,14.18000030517578,15.5,15.5,0.7439064550804197,3.8178143548102783,0.5699996948242205,0.5699996948242205
2009-06-24,15.59000015258789,16.350000381469727,15.5,15.720000267028809,15.720000267028809,0.5908438204964651,1.4193565614761816,0.2200002670288086,0.2200002670288086
2009-06-25,15.640000343322754,15.949999809265137,15.25,15.899999618530272,15.899999618530272,0.1627467643944667,1.1450340231799805,0.179999351501463,0.17999935150146307
2009-06-26,15.770000457763672,16.860000610351562,15.1899995803833,16.709999084472656,16.709999084472656,3.4846842555993587,5.094336386010911,0.8099994659423846,0.8099994659423846
2009-06-29,16.639999389648438,16.719999313354492,15.75,16.239999771118164,16.239999771118164,0.8802278640067545,-2.812683058679677,-0.4699993133544922,-0.4699993133544922
2009-06-30,16.010000228881836,16.389999389648438,15.949999809265137,16.170000076293945,16.170000076293945,0.5477949545197278,-0.431032609672255,-0.0699996948242187,-0.06999969482421875
2009-07-01,16.34000015258789,17.010000228881836,16.290000915527344,16.969999313354492,16.969999313354492,1.0308988949253348,4.947428777278651,0.7999992370605469,0.7999992370605469
2009-07-02,16.790000915527344,17.06999969482422,16.389999389648438,16.520000457763672,16.520000457763672,0.4680748323405847,-2.651731725390793,-0.4499988555908203,-0.4499988555908203
2009-07-06,15.84000015258789,16.479999542236328,15.84000015258789,16.110000610351562,16.110000610351562,0.2592081122312298,-2.4818392012781576,-0.4099998474121094,-0.4099998474121094
2009-07-07,16.010000228881836,16.209999084472656,15.600000381469728,15.75,15.75,0.0567190018962064,-2.234640575495961,-0.3600006103515625,-0.3600006103515625
2009-07-08,15.670000076293944,16.100000381469727,15.25,15.4399995803833,15.4399995803833,0.8746474554542144,-1.9682566324869757,-0.3100004196166992,-0.3100004196166992
2009-07-09,15.59000015258789,16.100000381469727,15.329999923706056,15.8100004196167,15.8100004196167,0.1085370813126494,2.396378557571266,0.3700008392333984,0.37000083923339844
2009-07-10,15.770000457763672,16.68000030517578,15.34000015258789,15.890000343322754,15.890000343322754,0.5477949545197278,0.5060083591572395,0.0799999237060546,0.07999992370605469
2009-07-13,15.899999618530272,16.030000686645508,15.40999984741211,16.010000228881836,16.010000228881836,0.5007600824340334,0.7551912080952627,0.119999885559082,0.11999988555908203
2009-07-14,15.920000076293944,16.25,15.899999618530272,16.190000534057617,16.190000534057617,0.2735577342234755,1.124299204262735,0.1800003051757812,0.18000030517578125
2009-07-15,16.440000534057617,16.530000686645508,15.949999809265137,16.229999542236328,16.229999542236328,1.4247162984903017,0.2470599558941799,0.0399990081787109,0.03999900817871094
2009-07-16,16.09000015258789,16.600000381469727,16.059999465942383,16.540000915527344,16.540000915527344,0.7989133393840285,1.910051645314459,0.3100013732910156,0.3100013732910156
2009-07-17,16.5,17.43000030517578,16.489999771118164,17.079999923706055,17.079999923706055,0.5246761190877763,3.2648063983586217,0.5399990081787109,0.5399990081787109
2009-07-20,17.139999389648438,17.469999313354492,16.920000076293945,17.100000381469727,17.100000381469727,0.1635439656162581,0.1170986993735967,0.0200004577636718,0.020000457763671875
2009-07-21,17.190000534057617,17.56999969482422,17.110000610351562,17.450000762939453,17.450000762939453,0.3309562221924586,2.046785810888063,0.3500003814697265,0.35000038146972656
2009-07-22,17.420000076293945,17.889999389648438,17.139999389648438,17.649999618530273,17.649999618530273,0.394732319935773,1.146125196828529,0.1999988555908203,0.1999988555908203
2009-07-23,17.600000381469727,18.25,17.549999237060547,18.1299991607666,18.1299991607666,0.5238789178659848,2.7195442074253062,0.4799995422363281,0.4799995422363281
2009-07-24,17.510000228881836,18.09000015258789,17.40999984741211,18.049999237060547,18.049999237060547,0.0112785322540948,-0.4412571837243972,-0.0799999237060546,-0.07999992370605469
2009-07-27,18.07999992370605,18.200000762939453,17.799999237060547,18.200000762939453,18.200000762939453,-0.1856301695283885,0.8310334194968849,0.1500015258789062,0.15000152587890625
2009-07-28,18.010000228881836,18.309999465942383,17.809999465942383,18.200000762939453,18.200000762939453,0.2384808804646526,0.0,0.0,0.0
2009-07-29,18.09000015258789,18.270000457763672,17.799999237060547,17.8799991607666,17.8799991607666,0.026425355468132,-1.7582504876838767,-0.3200016021728515,-0.32000160217285156
2009-07-30,17.940000534057617,18.1299991607666,17.770000457763672,17.90999984741211,17.90999984741211,0.6043962412669194,0.1677890830741102,0.0300006866455078,0.030000686645507812
2009-07-31,17.8799991607666,18.020000457763672,17.760000228881836,17.760000228881836,17.760000228881836,0.8100741564891085,-0.8375188152329738,-0.1499996185302734,-0.14999961853027344
2009-08-03,17.360000610351562,18.100000381469727,17.360000610351562,17.989999771118164,17.989999771118164,0.3484946490718701,1.2950424508570535,0.2299995422363281,0.22999954223632812
2009-08-04,17.790000915527344,18.049999237060547,17.790000915527344,17.920000076293945,17.920000076293945,0.0814322397717407,-0.389103366952781,-0.0699996948242187,-0.06999969482421875
2009-08-05,17.8799991607666,17.899999618530273,17.389999389648438,17.530000686645508,17.530000686645508,1.37927582884819,-2.176335870468893,-0.3899993896484375,-0.3899993896484375
2009-08-06,17.670000076293945,17.90999984741211,17.09000015258789,17.350000381469727,17.350000381469727,0.1475999411804295,-1.0268128814901134,-0.1800003051757812,-0.18000030517578125
2009-08-07,16.270000457763672,16.5,14.949999809265137,15.31999969482422,15.31999969482422,2.575077661535336,-11.700291884797895,-2.030000686645506,-2.030000686645506
2009-08-10,15.170000076293944,15.699999809265137,15.0,15.670000076293944,15.670000076293944,0.5557669667376421,2.284597835781743,0.350000381469723,0.350000381469723
2009-08-11,15.550000190734863,15.760000228881836,15.399999618530272,15.649999618530272,15.649999618530272,0.6107738510412508,-0.1276353392871354,-0.0200004577636718,-0.020000457763671875
2009-08-12,15.710000038146973,16.200000762939453,15.710000038146973,15.960000038146973,15.960000038146973,0.6346898876949938,1.9808334004663308,0.310000419616701,0.310000419616701
2009-08-13,16.040000915527344,16.75,15.949999809265137,16.56999969482422,16.56999969482422,1.3952198532840188,3.822052977564217,0.6099996566772461,0.6099996566772461
2009-08-14,16.559999465942383,16.6200008392334,16.100000381469727,16.190000534057617,16.190000534057617,0.5143125032044877,-2.293296124110955,-0.3799991607666015,-0.37999916076660156
2009-08-17,15.65999984741211,15.770000457763672,15.039999961853027,15.710000038146973,15.710000038146973,0.2097816364801611,-2.964796047417695,-0.4800004959106445,-0.48000049591064453
2009-08-18,15.859999656677246,16.139999389648438,15.760000228881836,15.989999771118164,15.989999771118164,-0.0309731325008509,1.782302560733906,0.2799997329711914,0.2799997329711914
2009-08-19,15.720000267028809,15.829999923706056,15.399999618530272,15.699999809265137,15.699999809265137,0.4967740763250762,-1.8136333083433651,-0.2899999618530273,-0.28999996185302734
2009-08-20,15.710000038146973,16.09000015258789,15.550000190734863,15.979999542236328,15.979999542236328,0.3907463138268159,1.7834378112919105,0.2799997329711914,0.2799997329711914
2009-08-21,16.010000228881836,16.59000015258789,16.010000228881836,16.40999984741211,16.40999984741211,0.3357394295232072,2.6908655662927883,0.4300003051757812,0.43000030517578125
2009-08-24,16.489999771118164,17.1299991607666,16.190000534057617,16.389999389648438,16.389999389648438,0.0343973676860463,-0.1218796950008815,-0.0200004577636718,-0.020000457763671875
2009-08-25,15.84000015258789,16.739999771118164,15.84000015258789,16.270000457763672,16.270000457763672,-0.0883716204698339,-0.7321472626811376,-0.1199989318847656,-0.11999893188476562
2009-08-26,16.299999237060547,16.40999984741211,15.850000381469728,16.270000457763672,16.270000457763672,0.3469002466282872,0.0,0.0,0.0
2009-08-27,16.25,16.25,15.779999732971191,16.139999389648438,16.139999389648438,-0.0580779740417596,-0.7990231374160883,-0.1300010681152343,-0.13000106811523438
2009-08-28,16.34000015258789,16.34000015258789,15.779999732971191,15.829999923706056,15.829999923706056,-0.0469171569366795,-1.9206906918546875,-0.309999465942381,-0.30999946594238104
2009-08-31,15.619999885559082,15.75,15.1899995803833,15.4399995803833,15.4399995803833,0.0870126483242807,-2.4636787441717822,-0.3900003433227557,-0.3900003433227557
2009-09-01,15.539999961853027,16.149999618530273,15.1899995803833,15.300000190734863,15.300000190734863,0.429809173694596,-0.9067318228836552,-0.1399993896484375,-0.1399993896484375
2009-09-02,15.18000030517578,15.800000190734863,15.18000030517578,15.510000228881836,15.510000228881836,0.9384235531975288,1.372549251823818,0.2100000381469726,0.21000003814697266
2009-09-03,15.56999969482422,15.9399995803833,15.289999961853027,15.859999656677246,15.859999656677246,0.6841163634460624,2.2566049170241964,0.3499994277954101,0.34999942779541016
2009-09-04,15.779999732971191,15.81999969482422,15.25,15.56999969482422,15.56999969482422,0.3763966918345702,-1.8284991685414864,-0.2899999618530255,-0.28999996185302557
2009-09-08,15.68000030517578,15.850000381469728,15.4399995803833,15.56999969482422,15.56999969482422,0.2504388987915241,0.0,0.0,0.0
2009-09-09,15.609999656677246,16.010000228881836,15.479999542236328,15.949999809265137,15.949999809265137,0.6322982840296194,2.4405916627425306,0.3800001144409162,0.3800001144409162
2009-09-10,15.949999809265137,15.960000038146973,15.520000457763672,15.899999618530272,15.899999618530272,0.239278081686444,-0.3134808234030228,-0.050000190734865,-0.05000019073486506
2009-09-11,15.960000038146973,16.600000381469727,15.850000381469728,16.06999969482422,16.06999969482422,0.1659355692816324,1.0691828954248803,0.1700000762939471,0.1700000762939471
2009-09-14,15.960000038146973,16.030000686645508,15.850000381469728,15.979999542236328,15.979999542236328,-0.1489589133259827,-0.5600507423586198,-0.0900001525878906,-0.09000015258789062
2009-09-15,15.989999771118164,16.139999389648438,15.850000381469728,15.989999771118164,15.989999771118164,-0.1441757059952341,0.0625796568729741,0.0100002288818359,0.010000228881835938
2009-09-16,16.079999923706055,16.079999923706055,15.470000267028809,16.06999969482422,16.06999969482422,0.1491943436240123,0.5003122254607861,0.0799999237060546,0.07999992370605469
2009-09-17,15.729999542236328,16.209999084472656,15.729999542236328,15.9399995803833,15.9399995803833,0.1962292157097068,-0.8089615240178705,-0.1300001144409179,-0.13000011444091797
2009-09-18,16.0,16.3799991607666,15.800000190734863,16.280000686645508,16.280000686645508,0.3437114417411215,2.133005741610128,0.340001106262207,0.34000110626220703
2009-09-21,16.079999923706055,16.389999389648438,15.899999618530272,15.970000267028809,15.970000267028809,-0.2350566452794572,-1.904179401362016,-0.3100004196166992,-0.3100004196166992
2009-09-22,15.8100004196167,16.200000762939453,15.8100004196167,16.09000015258789,16.09000015258789,0.0790406361063664,0.7514081625084934,0.119999885559082,0.11999988555908203
2009-09-23,15.789999961853027,16.25,15.779999732971191,15.8100004196167,15.8100004196167,0.2305088682467383,-1.7402096352755914,-0.2799997329711914,-0.2799997329711914
2009-09-24,15.84000015258789,16.0,15.020000457763672,15.34000015258789,15.34000015258789,0.1770963863867124,-2.972803634120358,-0.4700002670288086,-0.4700002670288086
2009-09-25,15.260000228881836,15.949999809265137,14.850000381469728,15.56999969482422,15.56999969482422,0.7837665161699913,1.499345110485728,0.2299995422363299,0.2299995422363299
2009-09-28,15.6899995803833,15.779999732971191,15.359999656677246,15.390000343322754,15.390000343322754,0.2105788377019525,-1.156065221769409,-0.1799993515014666,-0.17999935150146662
2009-09-29,15.449999809265137,15.5,15.149999618530272,15.270000457763672,15.270000457763672,0.4975712775468676,-0.779726334516595,-0.119999885559082,-0.11999988555908203
2009-09-30,15.09000015258789,15.880000114440918,14.899999618530272,15.56999969482422,15.56999969482422,0.4848160579982047,1.964631487014934,0.2999992370605486,0.29999923706054865
2009-10-01,15.529999732971191,15.699999809265137,15.020000457763672,15.020000457763672,15.020000457763672,0.544606149632562,-3.532429337448084,-0.5499992370605487,-0.5499992370605487
2009-10-02,14.899999618530272,15.06999969482422,14.649999618530272,14.6899995803833,14.6899995803833,0.1212923008613123,-2.197076347023663,-0.3300008773803711,-0.3300008773803711
2009-10-05,14.859999656677246,14.93000030517578,14.300000190734863,14.65999984741211,14.65999984741211,0.9878500289485976,-0.2042187462772404,-0.0299997329711914,-0.029999732971191406
2009-10-06,14.720000267028809,15.329999923706056,14.600000381469728,14.850000381469728,14.850000381469728,0.7686196929559541,1.2960473126550465,0.1900005340576189,0.19000053405761896
2009-10-07,14.859999656677246,15.149999618530272,14.720000267028809,15.050000190734863,15.050000190734863,-0.1465673096606084,1.3468000277946146,0.1999998092651349,0.19999980926513494
2009-10-08,15.050000190734863,15.050000190734863,13.699999809265137,13.859999656677246,13.859999656677246,3.1530485473341234,-7.9069801925332195,-1.1900005340576172,-1.1900005340576172
2009-10-09,13.869999885559082,13.869999885559082,12.970000267028809,13.710000038146973,13.710000038146973,2.315987264453121,-1.0822483567523689,-0.1499996185302734,-0.14999961853027344
2009-10-12,13.989999771118164,14.039999961853027,13.760000228881836,13.850000381469728,13.850000381469728,0.9384235531975288,1.021154944808278,0.1400003433227556,0.14000034332275568
2009-10-13,13.899999618530272,14.149999618530272,13.800000190734863,14.020000457763672,14.020000457763672,0.5828718082785508,1.2274373401562677,0.1700000762939435,0.17000007629394354
2009-10-14,14.050000190734863,14.130000114440918,13.800000190734863,14.020000457763672,14.020000457763672,1.1169966268788094,0.0,0.0,0.0
2009-10-15,14.039999961853027,14.3100004196167,13.869999885559082,14.239999771118164,14.239999771118164,0.4361867834689275,1.569181927042429,0.2199993133544922,0.2199993133544922
2009-10-16,14.170000076293944,14.279999732971191,13.84000015258789,13.90999984741211,13.90999984741211,-0.0325675349444338,-2.31741523181318,-0.3299999237060547,-0.3299999237060547
2009-10-19,14.239999771118164,14.239999771118164,13.640000343322754,14.100000381469728,14.100000381469728,0.5031516860994076,1.3659276501930997,0.1900005340576189,0.19000053405761896
2009-10-20,14.0,14.140000343322754,13.699999809265137,13.770000457763672,13.770000457763672,0.9328431446449889,-2.340424927503859,-0.3299999237060564,-0.32999992370605646
2009-10-21,13.699999809265137,14.210000038146973,13.649999618530272,13.670000076293944,13.670000076293944,0.3843687040524844,-0.7262191586445921,-0.1000003814697283,-0.10000038146972834
2009-10-22,13.68000030517578,14.100000381469728,13.630000114440918,13.989999771118164,13.989999771118164,0.2863129537721385,2.3408902197385784,0.3199996948242205,0.3199996948242205
2009-10-23,14.0,14.149999618530272,13.829999923706056,13.890000343322754,13.890000343322754,0.6873051683332282,-0.714792204656467,-0.0999994277954101,-0.09999942779541016
2009-10-26,13.880000114440918,14.0600004196167,13.199999809265137,13.210000038146973,13.210000038146973,0.2719633317798927,-4.895610427415676,-0.6800003051757812,-0.6800003051757812
2009-10-27,13.210000038146973,13.31999969482422,12.779999732971191,12.81999969482422,12.81999969482422,0.3843687040524844,-2.9523114473621104,-0.3900003433227521,-0.39000034332275213
2009-10-28,12.81999969482422,13.0,12.329999923706056,12.329999923706056,12.329999923706056,0.1786907888302953,-3.822151191750733,-0.489999771118164,-0.48999977111816406
2009-10-29,12.43000030517578,12.869999885559082,12.380000114440918,12.739999771118164,12.739999771118164,0.1460055387368466,3.3252218162939995,0.4099998474121076,0.4099998474121076
2009-10-30,12.6899995803833,12.699999809265137,12.149999618530272,12.399999618530272,12.399999618530272,0.4513336066829647,-2.6687610572700304,-0.3400001525878924,-0.3400001525878924
2009-11-02,12.4399995803833,12.649999618530272,12.15999984741211,12.34000015258789,12.34000015258789,0.5063404909865734,-0.4838666757111753,-0.059999465942381,-0.059999465942381036
2009-11-03,12.210000038146973,12.43000030517578,12.119999885559082,12.34000015258789,12.34000015258789,0.067082617779495,0.0,0.0,0.0
2009-11-04,11.989999771118164,12.350000381469728,11.920000076293944,11.989999771118164,11.989999771118164,0.5462005520761449,-2.836307756417056,-0.3500003814697265,-0.35000038146972656
2009-11-05,12.0600004196167,12.9399995803833,12.0,12.65999984741211,12.65999984741211,0.8523258212440543,5.5879907346442215,0.6700000762939453,0.6700000762939453
2009-11-06,12.369999885559082,12.579999923706056,11.149999618530272,11.460000038146973,11.460000038146973,2.81662963173814,-9.47867159343161,-1.1999998092651367,-1.1999998092651367
2009-11-09,11.670000076293944,11.68000030517578,11.130000114440918,11.5,11.5,2.6906718386950934,0.3490398055835841,0.0399999618530273,0.039999961853027344
2009-11-10,11.329999923706056,11.460000038146973,10.880000114440918,11.279999732971191,11.279999732971191,0.631501082807828,-1.9130458002505124,-0.2200002670288086,-0.2200002670288086
2009-11-11,11.079999923706056,11.59000015258789,11.029999732971191,11.130000114440918,11.130000114440918,0.3126205940912557,-1.3297838836983988,-0.1499996185302734,-0.14999961853027344
2009-11-12,11.130000114440918,11.199999809265137,10.729999542236328,10.8100004196167,10.8100004196167,0.4234315639202646,-2.875109537591347,-0.3199996948242187,-0.31999969482421875
2009-11-13,10.81999969482422,11.010000228881836,10.619999885559082,10.979999542236328,10.979999542236328,0.32059260630917,1.5726097689241048,0.1699991226196289,0.1699991226196289
2009-11-16,11.140000343322754,11.520000457763672,11.100000381469728,11.5,11.5,1.3378213653150357,4.735887790918447,0.5200004577636719,0.5200004577636719
2009-11-17,11.390000343322754,11.600000381469728,11.369999885559082,11.460000038146973,11.460000038146973,0.078243434884575,-0.3478257552437136,-0.0399999618530273,-0.039999961853027344
2009-11-18,11.369999885559082,11.880000114440918,11.199999809265137,11.880000114440918,11.880000114440918,0.694479979329351,3.664922119510372,0.4200000762939453,0.4200000762939453
2009-11-19,11.75,11.859999656677246,11.4399995803833,11.720000267028809,11.720000267028809,1.1114162183262697,-1.3468000494176735,-0.1599998474121093,-0.15999984741210938
2009-11-20,11.56999969482422,11.899999618530272,11.550000190734863,11.850000381469728,11.850000381469728,0.6578087231269453,1.1092159682507985,0.1300001144409197,0.13000011444091975
2009-11-23,11.949999809265137,12.619999885559082,11.949999809265137,12.399999618530272,12.399999618530272,1.1839615295092896,4.641343623250815,0.5499992370605433,0.5499992370605433
2009-11-24,12.460000038146973,12.520000457763672,12.25,12.369999885559082,12.369999885559082,1.018143675376672,-0.2419333378555821,-0.0299997329711896,-0.02999973297118963
2009-11-25,12.31999969482422,12.579999923706056,12.149999618530272,12.550000190734863,12.550000190734863,1.193527944170787,1.4551358677530546,0.1800003051757812,0.18000030517578125
2009-11-27,12.130000114440918,12.390000343322754,12.0600004196167,12.3100004196167,12.3100004196167,-0.0875744192480425,-1.912348744786041,-0.239999771118164,-0.23999977111816406
2009-11-30,12.25,12.25,11.609999656677246,12.220000267028809,12.220000267028809,1.6128557868330793,-0.7311141309505609,-0.0900001525878906,-0.09000015258789062
2009-12-01,12.359999656677246,12.68000030517578,12.260000228881836,12.40999984741211,12.40999984741211,2.87243371726354,1.5548246827452594,0.1899995803833007,0.18999958038330078
2009-12-02,12.460000038146973,13.119999885559082,12.369999885559082,13.020000457763672,13.020000457763672,1.932533476771443,4.915395792521049,0.6100006103515625,0.6100006103515625
2009-12-03,13.149999618530272,13.239999771118164,12.460000038146973,12.539999961853027,12.539999961853027,0.4090819419280188,-3.6866396239212618,-0.4800004959106445,-0.48000049591064453
2009-12-04,12.81999969482422,13.0,12.619999885559082,12.850000381469728,12.850000381469728,0.6825219610024796,2.4720926679404176,0.310000419616701,0.310000419616701
2009-12-07,12.789999961853027,13.170000076293944,12.729999542236328,13.079999923706056,13.079999923706056,0.0814322397717407,1.789879652984272,0.2299995422363281,0.22999954223632812
2009-12-08,12.979999542236328,12.979999542236328,12.520000457763672,12.770000457763672,12.770000457763672,0.211376038923744,-2.370026511854517,-0.3099994659423846,-0.3099994659423846
2009-12-09,12.81999969482422,12.970000267028809,12.529999732971191,12.960000038146973,12.960000038146973,-0.0445255532713053,1.4878588376853852,0.1899995803833007,0.18999958038330078
2009-12-10,12.93000030517578,13.100000381469728,12.8100004196167,13.050000190734863,13.050000190734863,0.4090819419280188,0.6944456197760962,0.0900001525878906,0.09000015258789062
2009-12-11,13.079999923706056,13.399999618530272,12.9399995803833,13.279999732971191,13.279999732971191,0.6179486620373738,1.762448573752673,0.2299995422363281,0.22999954223632812
2009-12-14,13.289999961853027,13.399999618530272,13.25,13.359999656677246,13.359999656677246,0.0232365505809663,0.6024090761646228,0.0799999237060546,0.07999992370605469
2009-12-15,13.289999961853027,14.100000381469728,13.25,13.899999618530272,13.899999618530272,1.5044364206694447,4.0419159860018095,0.5399999618530256,0.5399999618530256
2009-12-16,14.050000190734863,14.25,13.800000190734863,14.039999961853027,14.039999961853027,1.621625000272785,1.0071967421935613,0.1400003433227556,0.14000034332275568
2009-12-17,13.970000267028809,14.0600004196167,13.609999656677246,13.789999961853027,13.789999961853027,0.7694168941777456,-1.7806267854647784,-0.25,-0.25
2009-12-18,13.920000076293944,14.100000381469728,13.720000267028809,13.93000030517578,13.93000030517578,0.7518784672983341,1.0152309188544706,0.1400003433227521,0.14000034332275213
2009-12-21,14.020000457763672,14.1899995803833,13.600000381469728,13.75,13.75,0.3564666612897844,-1.292177323994026,-0.1800003051757794,-0.18000030517577947
2009-12-22,13.760000228881836,13.899999618530272,13.609999656677246,13.760000228881836,13.760000228881836,0.3182010026437957,0.0727289373224415,0.0100002288818359,0.010000228881835938
2009-12-23,13.68000030517578,13.93000030517578,13.68000030517578,13.899999618530272,13.899999618530272,0.0543273982308321,1.0174374078466997,0.1399993896484357,0.13999938964843572
2009-12-24,13.890000343322754,14.119999885559082,13.880000114440918,14.06999969482422,14.06999969482422,-0.2773083100344031,1.2230221651756024,0.1700000762939488,0.17000007629394887
2009-12-28,14.079999923706056,14.239999771118164,13.960000038146973,14.239999771118164,14.239999771118164,-0.1393924986644855,1.2082450602787231,0.1700000762939435,0.17000007629394354
2009-12-29,14.25,14.350000381469728,14.100000381469728,14.300000190734863,14.300000190734863,-0.1282316815594055,0.4213512681256803,0.0600004196166992,0.06000041961669922
2009-12-30,14.210000038146973,14.40999984741211,14.029999732971191,14.260000228881836,14.260000228881836,0.3732078869474044,-0.2797200092273022,-0.0399999618530273,-0.039999961853027344
2009-12-31,14.220000267028809,14.539999961853027,14.029999732971191,14.100000381469728,14.100000381469728,-0.1067072485710369,-1.122018547293202,-0.1599998474121076,-0.1599998474121076
2010-01-04,14.300000190734863,14.5,13.90999984741211,14.119999885559082,14.119999885559082,0.4736552408931247,0.1418404506969839,0.0199995040893536,0.019999504089353692
2010-01-05,14.06999969482422,15.34000015258789,14.039999961853027,15.050000190734863,15.050000190734863,2.005078787954463,6.586404480972541,0.9300003051757812,0.9300003051757812
2010-01-06,15.079999923706056,15.829999923706056,14.960000038146973,15.699999809265137,15.699999809265137,0.8523258212440543,4.318934287658216,0.6499996185302734,0.6499996185302734
2010-01-07,15.770000457763672,15.989999771118164,15.529999732971191,15.56999969482422,15.56999969482422,0.1515859472893866,-0.8280262166894925,-0.1300001144409162,-0.1300001144409162
2010-01-08,15.56999969482422,15.56999969482422,14.779999732971191,15.119999885559082,15.119999885559082,1.023724083929212,-2.8901722420375364,-0.4499998092651385,-0.4499998092651385
2010-01-11,15.229999542236328,15.399999618530272,14.949999809265137,15.0,15.0,0.3333478258578329,-0.7936500427734305,-0.119999885559082,-0.11999988555908203
2010-01-12,14.869999885559082,15.010000228881836,14.59000015258789,14.670000076293944,14.670000076293944,0.1236839045266866,-2.1999994913737053,-0.3299999237060564,-0.32999992370605646
2010-01-13,14.670000076293944,15.109999656677246,14.670000076293944,15.010000228881836,15.010000228881836,-0.1027212424620797,2.317656106473498,0.3400001525878924,0.3400001525878924
2010-01-14,15.0,15.029999732971191,14.770000457763672,14.899999618530272,14.899999618530272,-0.2454202611627458,-0.7328488252778542,-0.1100006103515642,-0.11000061035156428
2010-01-15,14.970000267028809,15.100000381469728,14.65999984741211,14.850000381469728,14.850000381469728,0.1579635570637181,-0.3355653579907636,-0.0499992370605433,-0.04999923706054332
2010-01-19,14.829999923706056,15.550000190734863,14.75,15.420000076293944,15.420000076293944,0.3269702160835014,3.838381684726944,0.5699996948242152,0.5699996948242152
2010-01-20,15.239999771118164,15.239999771118164,14.4399995803833,14.84000015258789,14.84000015258789,0.1739075814995467,-3.761348384152863,-0.5799999237060529,-0.5799999237060529
2010-01-21,14.8100004196167,14.90999984741211,14.199999809265137,14.210000038146973,14.210000038146973,0.4011099297101045,-4.245283746382267,-0.630000114440918,-0.630000114440918
2010-01-22,14.15999984741211,14.3100004196167,13.869999885559082,13.890000343322754,13.890000343322754,-0.0038682909599423,-2.2519331032031964,-0.3199996948242187,-0.31999969482421875
2010-01-25,13.920000076293944,14.199999809265137,13.920000076293944,14.109999656677246,14.109999656677246,-0.1936021817463028,1.5838683075357185,0.2199993133544922,0.2199993133544922
2010-01-26,14.010000228881836,14.119999885559082,13.789999961853027,13.800000190734863,13.800000190734863,-0.2996299442445632,-2.1970196561676203,-0.3099994659423828,-0.3099994659423828
2010-01-27,13.699999809265137,13.9399995803833,13.550000190734863,13.81999969482422,13.81999969482422,0.0280197579117149,0.144923940673447,0.0199995040893572,0.019999504089357245
2010-01-28,13.8100004196167,14.06999969482422,13.460000038146973,13.479999542236328,13.479999542236328,-0.1912105780809285,-2.4602037633562834,-0.3400001525878924,-0.3400001525878924
2010-01-29,13.510000228881836,13.699999809265137,13.079999923706056,13.149999618530272,13.149999618530272,0.2719633317798927,-2.448070733771768,-0.3299999237060564,-0.32999992370605646
2010-02-01,13.18000030517578,13.75,13.0,13.670000076293944,13.670000076293944,0.1890544047135839,3.9543762193796175,0.5200004577636719,0.5200004577636719
2010-02-02,13.6899995803833,13.899999618530272,13.43000030517578,13.739999771118164,13.739999771118164,0.1372363252971409,0.5120679914670356,0.0699996948242205,0.06999969482422053
2010-02-03,13.68000030517578,13.920000076293944,13.460000038146973,13.710000038146973,13.710000038146973,-0.2749167063690288,-0.2183386715497004,-0.0299997329711914,-0.029999732971191406
2010-02-04,13.59000015258789,13.59000015258789,13.0600004196167,13.270000457763672,13.270000457763672,0.0136701359194691,-3.209333181320473,-0.4399995803833008,-0.4399995803833008
2010-02-05,13.1899995803833,13.25,12.609999656677246,13.09000015258789,13.09000015258789,-0.0094486995124823,-1.3564453576975666,-0.1800003051757812,-0.18000030517578125
2010-02-08,13.130000114440918,13.229999542236328,12.890000343322754,13.0,13.0,0.2400752829082355,-0.6875489040395255,-0.0900001525878906,-0.09000015258789062
2010-02-09,13.15999984741211,13.239999771118164,12.90999984741211,12.970000267028809,12.970000267028809,-0.0979380351313311,-0.230767176701474,-0.0299997329711914,-0.029999732971191406
2010-02-10,13.06999969482422,13.1899995803833,13.0,13.100000381469728,13.100000381469728,-0.1537421206567313,1.0023138917845342,0.1300001144409197,0.13000011444091975
2010-02-11,13.130000114440918,13.289999961853027,13.039999961853027,13.279999732971191,13.279999732971191,0.0009149163708062,1.3740408111443836,0.179999351501463,0.17999935150146307
2010-02-12,13.130000114440918,13.369999885559082,13.050000190734863,13.170000076293944,13.170000076293944,0.0399777762385863,-0.8283106844056976,-0.1099996566772478,-0.10999965667724787
2010-02-16,13.229999542236328,14.140000343322754,13.229999542236328,14.029999732971191,14.029999732971191,0.435389582247136,6.529989762302657,0.8599996566772479,0.8599996566772479
2010-02-17,14.109999656677246,14.600000381469728,14.109999656677246,14.579999923706056,14.579999923706056,0.2831241488849728,3.920172496100172,0.5500001907348651,0.5500001907348651
2010-02-18,14.609999656677246,14.800000190734863,14.300000190734863,14.449999809265137,14.449999809265137,-0.0915604253569997,-0.8916331626967255,-0.1300001144409197,-0.13000011444091975
2010-02-19,14.350000381469728,14.5,14.140000343322754,14.34000015258789,14.34000015258789,-0.0261899251701023,-0.7612433088526105,-0.1099996566772461,-0.1099996566772461
2010-02-22,14.34000015258789,14.619999885559082,14.18000030517578,14.25,14.25,-0.1983853890770514,-0.6276161201549835,-0.0900001525878906,-0.09000015258789062
2010-02-23,14.270000457763672,14.390000343322754,13.850000381469728,14.010000228881836,14.010000228881836,0.0399777762385863,-1.6842089201274724,-0.239999771118164,-0.23999977111816406
2010-02-24,14.0,14.380000114440918,13.899999618530272,13.989999771118164,13.989999771118164,-0.1043156449056626,-0.1427584399494863,-0.0200004577636718,-0.020000457763671875
2010-02-25,13.789999961853027,14.329999923706056,13.600000381469728,14.289999961853027,14.289999961853027,0.2400752829082355,2.14439024762676,0.3000001907348633,0.3000001907348633
2010-02-26,14.31999969482422,14.4399995803833,13.949999809265137,14.210000038146973,14.210000038146973,-0.2318678403922915,-0.5598315179819013,-0.0799999237060546,-0.07999992370605469
2010-03-01,14.229999542236328,14.390000343322754,14.109999656677246,14.210000038146973,14.210000038146973,0.2592081122312298,0.0,0.0,0.0
2010-03-02,14.300000190734863,14.829999923706056,14.25,14.529999732971191,14.529999732971191,0.2257256609159897,2.2519331032031964,0.3199996948242187,0.31999969482421875
2010-03-03,14.609999656677246,14.970000267028809,14.579999923706056,14.710000038146973,14.710000038146973,0.0583134043397892,1.238818365339189,0.1800003051757812,0.18000030517578125
2010-03-04,14.710000038146973,15.039999961853027,14.710000038146973,14.890000343322754,14.890000343322754,-0.0835884131390854,1.22365944737588,0.1800003051757812,0.18000030517578125
2010-03-05,14.93000030517578,15.43000030517578,14.880000114440918,15.380000114440918,15.380000114440918,0.435389582247136,3.290797581061833,0.489999771118164,0.48999977111816406
2010-03-08,15.420000076293944,15.4399995803833,15.0,15.079999923706056,15.079999923706056,0.4178511553677245,-1.9505864011872045,-0.3000001907348615,-0.3000001907348615
2010-03-09,14.380000114440918,14.600000381469728,14.0,14.260000228881836,14.260000228881836,1.83607212893468,-5.437663786291969,-0.8199996948242205,-0.8199996948242205
2010-03-10,14.170000076293944,14.510000228881836,14.050000190734863,14.239999771118164,14.239999771118164,0.4401727895778846,-0.1402556622906892,-0.0200004577636718,-0.020000457763671875
2010-03-11,14.100000381469728,14.449999809265137,14.029999732971191,14.390000343322754,14.390000343322754,0.0886070507678636,1.053374821738573,0.1500005722045898,0.15000057220458984
2010-03-12,14.479999542236328,14.5,14.119999885559082,14.369999885559082,14.369999885559082,0.1061454776472751,-0.138988584339772,-0.0200004577636718,-0.020000457763671875
2010-03-15,14.300000190734863,14.479999542236328,14.210000038146973,14.449999809265137,14.449999809265137,0.1021594715383179,0.556714852770801,0.0799999237060546,0.07999992370605469
2010-03-16,14.520000457763672,14.81999969482422,14.449999809265137,14.770000457763672,14.770000457763672,0.6083822473758765,2.2145373890825715,0.3200006484985351,0.32000064849853516
2010-03-17,14.869999885559082,15.43000030517578,14.729999542236328,15.359999656677246,15.359999656677246,0.6881023695550196,3.99457806789334,0.5899991989135742,0.5899991989135742
2010-03-18,15.369999885559082,15.369999885559082,15.020000457763672,15.09000015258789,15.09000015258789,0.1731103802777553,-1.7578093107051718,-0.2699995040893554,-0.26999950408935547
2010-03-19,15.100000381469728,15.520000457763672,14.960000038146973,15.100000381469728,15.100000381469728,0.366830277173073,0.0662705684606912,0.0100002288818377,0.010000228881837714
2010-03-22,14.989999771118164,15.199999809265137,14.979999542236328,15.100000381469728,15.100000381469728,0.1890544047135839,0.0,0.0,0.0
2010-03-23,15.0600004196167,15.4399995803833,14.960000038146973,15.40999984741211,15.40999984741211,0.3500890515154529,2.0529765437807823,0.309999465942381,0.30999946594238104
2010-03-24,15.350000381469728,15.699999809265137,15.350000381469728,15.5600004196167,15.5600004196167,0.3652358747294901,0.9733976229064024,0.1500005722045898,0.15000057220458984
2010-03-25,15.65999984741211,15.789999961853027,15.350000381469728,15.390000343322754,15.390000343322754,0.2926905635464699,-1.092545448004123,-0.1700000762939453,-0.1700000762939453
2010-03-26,15.390000343322754,15.56999969482422,15.149999618530272,15.5,15.5,0.4314035761381788,0.7147475907950396,0.1099996566772461,0.1099996566772461
2010-03-29,15.59000015258789,15.6899995803833,15.359999656677246,15.4399995803833,15.4399995803833,-0.0485115593802624,-0.3870994813980566,-0.0600004196166992,-0.06000041961669922
2010-03-30,15.380000114440918,15.630000114440918,15.3100004196167,15.460000038146973,15.460000038146973,0.1755019839431296,0.1295366470675407,0.0200004577636718,0.020000457763671875
2010-03-31,15.449999809265137,15.869999885559082,15.210000038146973,15.239999771118164,15.239999771118164,0.5039488873211991,-1.4230288905948685,-0.2200002670288086,-0.2200002670288086
2010-04-01,15.420000076293944,15.699999809265137,15.210000038146973,15.359999656677246,15.359999656677246,0.5549697655158506,0.7874008357040552,0.119999885559082,0.11999988555908203
2010-04-05,15.510000228881836,15.81999969482422,15.399999618530272,15.8100004196167,15.8100004196167,0.2241312584724069,2.929692532537453,0.4500007629394531,0.4500007629394531
2010-04-06,15.699999809265137,15.81999969482422,15.579999923706056,15.729999542236328,15.729999542236328,-0.156930925543897,-0.5060143912526849,-0.0800008773803711,-0.0800008773803711
2010-04-07,15.630000114440918,15.899999618530272,15.34000015258789,15.800000190734863,15.800000190734863,0.135641922853558,0.4450136715552943,0.0700006484985351,0.07000064849853516
2010-04-08,15.710000038146973,15.81999969482422,15.520000457763672,15.760000228881836,15.760000228881836,0.2249284596941983,-0.2531643124693339,-0.0399999618530273,-0.039999961853027344
2010-04-09,15.800000190734863,15.899999618530272,15.720000267028809,15.8100004196167,15.8100004196167,-0.0461199557148881,0.3172600888877719,0.0500001907348632,0.05000019073486328
2010-04-12,15.859999656677246,16.030000686645508,15.729999542236328,16.020000457763672,16.020000457763672,0.1364391240753495,1.3282734508116123,0.2100000381469726,0.21000003814697266
2010-04-13,16.0,16.09000015258789,15.760000228881836,15.789999961853027,15.789999961853027,-0.0485115593802624,-1.4357084228370345,-0.2300004959106445,-0.23000049591064453
2010-04-14,15.880000114440918,16.0,15.770000457763672,15.899999618530272,15.899999618530272,-0.2079518037385486,0.696641272596521,0.1099996566772443,0.10999965667724432
2010-04-15,15.84000015258789,16.15999984741211,15.8100004196167,16.1299991607666,16.1299991607666,-0.0732247972557968,1.4465380361914135,0.2299995422363299,0.2299995422363299
2010-04-16,16.170000076293945,16.329999923706055,16.09000015258789,16.25,16.25,0.3660330759512816,0.7439606043209146,0.1200008392333984,0.12000083923339844
2010-04-19,16.219999313354492,16.329999923706055,15.869999885559082,15.90999984741211,15.90999984741211,0.544606149632562,-2.092308631310092,-0.3400001525878906,-0.3400001525878906
2010-04-20,16.049999237060547,17.010000228881836,15.9399995803833,17.0,17.0,0.2958793684336356,6.8510381083704885,1.0900001525878906,1.0900001525878906
2010-04-21,16.959999084472656,17.399999618530273,16.799999237060547,17.309999465942383,17.309999465942383,0.30385138065155,1.8235262702493091,0.3099994659423828,0.3099994659423828
2010-04-22,17.200000762939453,17.309999465942383,16.8799991607666,17.239999771118164,17.239999771118164,1.065975748684158,-0.4043887751813302,-0.0699996948242187,-0.06999969482421875
2010-04-23,17.200000762939453,17.899999618530273,17.200000762939453,17.84000015258789,17.84000015258789,0.511123698317322,3.480280681180137,0.6000003814697266,0.6000003814697266
2010-04-26,17.860000610351562,18.049999237060547,17.850000381469727,17.90999984741211,17.90999984741211,0.1499915448458038,0.3923749676317367,0.0699996948242187,0.06999969482421875
2010-04-27,17.809999465942383,17.8799991607666,17.290000915527344,17.75,17.75,1.1472902733068835,-0.8933548228657773,-0.1599998474121093,-0.15999984741210938
2010-04-28,17.81999969482422,18.06999969482422,17.75,18.0,18.0,0.0607050080051635,1.4084507042253502,0.25,0.25
2010-04-29,18.11000061035156,18.170000076293945,17.889999389648438,18.14999961853028,18.14999961853028,0.083823843437115,0.833331214057087,0.149999618530277,0.14999961853028054
2010-04-30,18.09000015258789,18.18000030517578,17.670000076293945,17.760000228881836,17.760000228881836,0.3628442710641158,-2.1487570129217537,-0.389999389648441,-0.3899993896484446
2010-05-03,17.809999465942383,18.709999084472656,17.75,18.64999961853028,18.64999961853028,1.393625450840436,5.011257760014543,0.889999389648441,0.8899993896484446
2010-05-04,18.3700008392334,18.68000030517578,18.0,18.229999542236328,18.229999542236328,1.2907864932293414,-2.2520111790063746,-0.4200000762939488,-0.4200000762939524
2010-05-05,17.989999771118164,18.270000457763672,17.690000534057617,17.760000228881836,17.760000228881836,1.2373740113693157,-2.578164153353768,-0.4699993133544922,-0.4699993133544922
2010-05-06,17.65999984741211,17.719999313354492,16.3700008392334,16.940000534057617,16.940000534057617,1.191933541727204,-4.617115339281986,-0.8199996948242188,-0.8199996948242188
2010-05-07,17.790000915527344,18.049999237060547,16.360000610351562,16.559999465942383,16.559999465942383,3.671229341498553,-2.24321756868453,-0.3800010681152344,-0.3800010681152344
2010-05-10,17.59000015258789,17.709999084472656,17.049999237060547,17.229999542236328,17.229999542236328,1.6758346833546025,4.04589431099851,0.6700000762939453,0.6700000762939453
2010-05-11,17.0,17.450000762939453,16.770000457763672,16.969999313354492,16.969999313354492,1.1185910293223922,-1.5089973058007966,-0.2600002288818359,-0.26000022888183594
2010-05-12,17.059999465942383,18.0,17.0,17.969999313354492,17.969999313354492,0.9551647788551488,5.892752153578784,1.0,1.0
2010-05-13,19.0,19.959999084472656,18.61000061035156,18.68000030517578,18.68000030517578,4.07062715361606,3.9510351638892383,0.7100009918212891,0.7100009918212891
2010-05-14,18.71999931335449,18.76000022888184,18.190000534057617,18.34000015258789,18.34000015258789,0.8260181809249372,-1.8201292667735405,-0.3400001525878906,-0.3400001525878906
2010-05-18,18.770000457763672,18.86000061035156,17.93000030517578,18.290000915527344,18.290000915527344,2.5734832590917534,-0.2726239729801238,-0.0499992370605468,-0.049999237060546875
2010-05-19,18.270000457763672,18.350000381469727,17.68000030517578,17.75,17.75,0.977486413065309,-2.9524378813393537,-0.5400009155273438,-0.5400009155273438
2010-05-20,17.100000381469727,17.549999237060547,16.84000015258789,17.030000686645508,17.030000686645508,1.4502267375876274,-4.0563341597436136,-0.7199993133544922,-0.7199993133544922
2010-05-21,16.739999771118164,17.25,16.489999771118164,17.239999771118164,17.239999771118164,2.3925185817450982,1.2331126013243932,0.2099990844726562,0.20999908447265625
2010-05-24,17.18000030517578,17.18000030517578,16.549999237060547,16.56999969482422,16.56999969482422,0.4361867834689275,-3.8863113990081577,-0.6700000762939453,-0.6700000762939453
2010-05-25,16.15999984741211,16.3700008392334,15.770000457763672,16.329999923706055,16.329999923706055,0.083823843437115,-1.4483993695734942,-0.239999771118164,-0.23999977111816406
2010-05-26,16.399999618530273,16.690000534057617,15.960000038146973,16.010000228881836,16.010000228881836,0.9168991202091604,-1.9595817288381,-0.3199996948242187,-0.31999969482421875
2010-05-27,16.420000076293945,16.649999618530273,16.190000534057617,16.610000610351562,16.610000610351562,0.8212349735941885,3.747660043048184,0.6000003814697266,0.6000003814697266
2010-05-28,16.510000228881836,16.520000457763672,16.190000534057617,16.350000381469727,16.350000381469727,0.568522186286305,-1.5653234155801332,-0.2600002288818359,-0.26000022888183594
2010-06-01,16.059999465942383,16.25,15.479999542236328,15.479999542236328,15.479999542236328,0.4991656799904505,-5.321105926207892,-0.8700008392333984,-0.8700008392333984
2010-06-02,15.550000190734863,16.100000381469727,15.3100004196167,16.079999923706055,16.079999923706055,0.9288571385360316,3.87597157114028,0.6000003814697266,0.6000003814697266
2010-06-03,16.270000457763672,16.56999969482422,16.049999237060547,16.25,16.25,1.1066330109955207,1.0572144098291991,0.1700000762939453,0.1700000762939453
2010-06-04,15.90999984741211,16.18000030517578,15.56999969482422,15.630000114440918,15.630000114440918,0.6004102351579622,-3.815383911132808,-0.619999885559082,-0.619999885559082
2010-06-07,15.68000030517578,15.9399995803833,15.289999961853027,15.300000190734863,15.300000190734863,0.6896967719986025,-2.1113238726157117,-0.3299999237060547,-0.3299999237060547
2010-06-08,15.300000190734863,15.5600004196167,14.920000076293944,15.18000030517578,15.18000030517578,0.9264655348706574,-0.7843129677328475,-0.1199998855590838,-0.11999988555908381
2010-06-09,15.359999656677246,15.539999961853027,15.09000015258789,15.199999809265137,15.199999809265137,0.3787882954999444,0.1317490361481654,0.0199995040893572,0.019999504089357245
2010-06-10,15.65999984741211,15.850000381469728,15.489999771118164,15.800000190734863,15.800000190734863,0.1970264169314982,3.9473709802548607,0.6000003814697266,0.6000003814697266
2010-06-11,15.649999618530272,16.030000686645508,15.5,16.030000686645508,16.030000686645508,0.3476974478500786,1.4556993236336524,0.2300004959106445,0.23000049591064453
2010-06-14,16.1200008392334,16.309999465942383,15.779999732971191,15.8100004196167,15.8100004196167,0.0064953249233462,-1.3724283069562748,-0.2200002670288086,-0.2200002670288086
2010-06-15,15.880000114440918,16.729999542236328,15.84000015258789,16.670000076293945,16.670000076293945,1.0141576692677148,5.439592876988031,0.8599996566772461,0.8599996566772461
2010-06-16,16.489999771118164,16.84000015258789,16.399999618530273,16.530000686645508,16.530000686645508,0.614759857150208,-0.8398283683725194,-0.1399993896484375,-0.1399993896484375
2010-06-17,16.600000381469727,16.979999542236328,16.34000015258789,16.889999389648438,16.889999389648438,0.6633891316794852,2.177850502412681,0.3599987030029297,0.3599987030029297
2010-06-18,17.0,17.219999313354492,16.649999618530273,16.690000534057617,16.690000534057617,1.2007027551669096,-1.1841258899831342,-0.1999988555908203,-0.1999988555908203
2010-06-21,16.8799991607666,16.93000030517578,16.079999923706055,16.139999389648438,16.139999389648438,0.6267178754770795,-3.295393210364772,-0.5500011444091797,-0.5500011444091797
2010-06-22,16.149999618530273,16.350000381469727,15.619999885559082,15.68000030517578,15.68000030517578,0.6083822473758765,-2.850056393234335,-0.459999084472658,-0.459999084472658
2010-06-23,15.649999618530272,15.6899995803833,14.979999542236328,15.170000076293944,15.170000076293944,0.5589557716248078,-3.2525524168101616,-0.5100002288818359,-0.5100002288818359
2010-06-24,15.039999961853027,15.260000228881836,14.609999656677246,14.670000076293944,14.670000076293944,0.7064379976562225,-3.295978889158657,-0.5,-0.5
2010-06-28,13.8100004196167,14.0,13.56999969482422,13.829999923706056,13.829999923706056,2.86127290015846,-5.725972380499778,-0.8400001525878871,-0.8400001525878871
2010-06-29,13.5600004196167,13.5600004196167,13.229999542236328,13.359999656677246,13.359999656677246,0.9750948093999348,-3.3984112047837467,-0.4700002670288103,-0.47000026702881037
2010-06-30,13.369999885559082,13.75,13.260000228881836,13.3100004196167,13.3100004196167,1.4342827131517988,-0.37424579599864,-0.0499992370605468,-0.049999237060546875
2010-07-01,13.399999618530272,13.59000015258789,12.960000038146973,13.18000030517578,13.18000030517578,0.6139626559284166,-0.9767100701914444,-0.1300001144409197,-0.13000011444091975
2010-07-02,13.3100004196167,13.380000114440918,12.8100004196167,12.8100004196167,12.8100004196167,0.5549697655158506,-2.8072828299843144,-0.3699998855590802,-0.36999988555908025
2010-07-06,13.100000381469728,13.260000228881836,12.739999771118164,12.800000190734863,12.800000190734863,0.7279624306445912,-0.0780657966764963,-0.0100002288818359,-0.010000228881835938
2010-07-07,12.880000114440918,13.149999618530272,12.710000038146973,13.140000343322754,13.140000343322754,0.4672776311187933,2.6562511525116683,0.3400001525878906,0.3400001525878906
2010-07-08,13.260000228881836,13.4399995803833,13.039999961853027,13.399999618530272,13.399999618530272,0.487207661663579,1.978685452163176,0.2599992752075177,0.25999927520751775
2010-07-09,13.369999885559082,13.720000267028809,13.350000381469728,13.699999809265137,13.699999809265137,-0.1553365231003141,2.2388074572778915,0.300000190734865,0.30000019073486506
2010-07-12,13.609999656677246,13.859999656677246,13.399999618530272,13.539999961853027,13.539999961853027,0.0383833737950035,-1.1678821141581586,-0.1599998474121093,-0.15999984741210938
2010-07-13,13.710000038146973,14.029999732971191,13.619999885559082,13.93000030517578,13.93000030517578,0.2177536486980754,2.8803570489034147,0.3900003433227521,0.39000034332275213
2010-07-14,13.920000076293944,14.130000114440918,13.8100004196167,14.09000015258789,14.09000015258789,0.2049984291494125,1.1485990230212906,0.1599998474121111,0.15999984741211115
2010-07-15,14.140000343322754,14.140000343322754,13.75,14.0600004196167,14.0600004196167,0.1101314837562322,-0.212915064913477,-0.0299997329711914,-0.029999732971191406
2010-07-16,13.9399995803833,14.130000114440918,13.34000015258789,13.380000114440918,13.380000114440918,0.2241312584724069,-4.836417388914416,-0.6800003051757812,-0.6800003051757812
2010-07-19,13.390000343322754,13.479999542236328,12.859999656677246,13.1899995803833,13.1899995803833,0.2767465391106413,-1.4200338746824914,-0.1900005340576172,-0.1900005340576172
2010-07-20,12.989999771118164,13.40999984741211,12.989999771118164,13.359999656677246,13.359999656677246,0.170718776612381,1.2888558127535976,0.1700000762939453,0.1700000762939453
2010-07-21,13.4399995803833,13.65999984741211,13.15999984741211,13.489999771118164,13.489999771118164,0.3142149965348386,0.9730547738146412,0.1300001144409179,0.13000011444091797
2010-07-22,13.6899995803833,14.09000015258789,13.6899995803833,14.029999732971191,14.029999732971191,0.0567190018962064,4.002964944515108,0.5399999618530273,0.5399999618530273
2010-07-23,13.93000030517578,14.75,13.93000030517578,14.68000030517578,14.68000030517578,0.239278081686444,4.6329336035342505,0.6500005722045881,0.6500005722045881
2010-07-26,14.779999732971191,15.239999771118164,14.699999809265137,15.229999542236328,15.229999542236328,0.614759857150208,3.7465887304282575,0.5499992370605487,0.5499992370605487
2010-07-27,15.359999656677246,15.579999923706056,14.710000038146973,14.739999771118164,14.739999771118164,0.4561168140137132,-3.217332802665429,-0.489999771118164,-0.48999977111816406
2010-07-28,14.729999542236328,14.779999732971191,14.300000190734863,14.380000114440918,14.380000114440918,0.0471525872347092,-2.442331494350736,-0.3599996566772461,-0.3599996566772461
2010-07-29,14.529999732971191,14.779999732971191,14.119999885559082,14.65999984741211,14.65999984741211,0.0041037212579719,1.9471469453606227,0.2799997329711914,0.2799997329711914
2010-07-30,14.329999923706056,14.56999969482422,14.270000457763672,14.489999771118164,14.489999771118164,0.2767465391106413,-1.1596185406779205,-0.1700000762939453,-0.1700000762939453
2010-08-02,14.729999542236328,15.25,14.630000114440918,15.149999618530272,15.149999618530272,0.0160617395848434,4.554864443322049,0.6599998474121076,0.6599998474121076
2010-08-03,15.0600004196167,15.25,14.6899995803833,14.869999885559082,14.869999885559082,-0.1425813035516513,-1.8481831024518056,-0.2799997329711896,-0.27999973297118963
2010-08-04,14.90999984741211,15.130000114440918,14.75,14.9399995803833,14.9399995803833,0.1021594715383179,0.4707444207326272,0.0699996948242187,0.06999969482421875
2010-08-05,14.800000190734863,15.630000114440918,14.800000190734863,15.420000076293944,15.420000076293944,0.6131654547066251,3.2128548152096315,0.4800004959106427,0.48000049591064275
2010-08-06,15.029999732971191,16.469999313354492,14.619999885559082,16.3799991607666,16.3799991607666,1.127360242762098,6.225674965777195,0.959999084472658,0.959999084472658
2010-08-09,16.450000762939453,16.799999237060547,16.399999618530273,16.75,16.75,1.051626126691912,2.2588574981104115,0.3700008392333984,0.37000083923339844
2010-08-10,16.540000915527344,16.600000381469727,15.829999923706056,15.90999984741211,15.90999984741211,1.1138078219916436,-5.014926284106814,-0.8400001525878906,-0.8400001525878906
2010-08-11,15.5,15.8100004196167,15.350000381469728,15.760000228881836,15.760000228881836,0.8642838395709258,-0.94280087975408,-0.1499996185302734,-0.14999961853027344
2010-08-12,15.479999542236328,16.190000534057617,15.380000114440918,16.040000915527344,16.040000915527344,0.1332503191881837,1.7766540772783612,0.2800006866455078,0.2800006866455078
2010-08-13,16.040000915527344,16.239999771118164,15.949999809265137,16.059999465942383,16.059999465942383,0.0941874593204036,0.1246792348726044,0.019998550415039,0.019998550415039062
2010-08-16,15.949999809265137,16.469999313354492,15.880000114440918,16.459999084472656,16.459999084472656,0.1196978984177294,2.490657732452184,0.3999996185302734,0.39999961853027344
2010-08-17,17.0,17.3700008392334,16.940000534057617,16.979999542236328,16.979999542236328,0.8881998762246688,3.159176711341427,0.5200004577636719,0.5200004577636719
2010-08-18,16.93000030517578,17.25,16.809999465942383,17.15999984741211,17.15999984741211,0.4983684787686591,1.0600724972226638,0.1800003051757812,0.18000030517578125
2010-08-19,16.920000076293945,17.030000686645508,16.6200008392334,16.649999618530273,16.649999618530273,0.481627253111039,-2.972029332265691,-0.5100002288818359,-0.5100002288818359
2010-08-20,16.540000915527344,16.75,16.440000534057617,16.510000228881836,16.510000228881836,0.279935343997807,-0.8408371943301907,-0.1399993896484375,-0.1399993896484375
2010-08-23,16.649999618530273,16.790000915527344,16.1299991607666,16.200000762939453,16.200000762939453,0.3476974478500786,-1.8776466483633625,-0.3099994659423828,-0.3099994659423828
2010-08-24,15.93000030517578,16.510000228881836,15.75,16.329999923706055,16.329999923706055,0.2679773256709356,0.8024639175573389,0.1299991607666015,0.12999916076660156
2010-08-25,16.149999618530273,16.350000381469727,16.010000228881836,16.25,16.25,0.2496416975697326,-0.4898954322095195,-0.0799999237060546,-0.07999992370605469
2010-08-26,16.15999984741211,16.450000762939453,16.0,16.079999923706055,16.079999923706055,0.0495441909000835,-1.0461543156550457,-0.1700000762939453,-0.1700000762939453
2010-08-27,16.190000534057617,16.729999542236328,16.06999969482422,16.579999923706055,16.579999923706055,0.1930404108225411,3.109452751071662,0.5,0.5
2010-08-30,16.56999969482422,16.81999969482422,16.31999969482422,16.350000381469727,16.350000381469727,-0.1505533157695656,-1.387210755697743,-0.2299995422363281,-0.22999954223632812
2010-08-31,16.290000915527344,16.649999618530273,16.139999389648438,16.579999923706055,16.579999923706055,0.3508862527372444,1.4067249961473791,0.2299995422363281,0.22999954223632812
2010-09-01,16.8700008392334,17.18000030517578,16.84000015258789,17.149999618530273,17.149999618530273,0.2241312584724069,3.43787513538667,0.5699996948242188,0.5699996948242188
2010-09-02,17.15999984741211,17.280000686645508,16.84000015258789,16.989999771118164,16.989999771118164,0.0200477456938006,-0.9329437374402728,-0.1599998474121093,-0.15999984741210938
2010-09-03,17.290000915527344,17.469999313354492,17.139999389648438,17.350000381469727,17.350000381469727,-0.0269871263918938,2.118897087706495,0.3600006103515625,0.3600006103515625
2010-09-07,17.270000457763672,17.299999237060547,16.90999984741211,16.959999084472656,16.959999084472656,0.0742574287756178,-2.247846042779356,-0.3900012969970703,-0.3900012969970703
2010-09-08,17.049999237060547,17.459999084472656,16.979999542236328,17.190000534057617,17.190000534057617,-0.0620639801507167,1.3561406957594224,0.2300014495849609,0.23000144958496094
2010-09-09,17.459999084472656,17.809999465942383,16.920000076293945,17.239999771118164,17.239999771118164,-0.2183154196218372,0.2908623357020135,0.0499992370605468,0.049999237060546875
2010-09-10,17.239999771118164,17.489999771118164,16.989999771118164,17.3700008392334,17.3700008392334,0.2950821672118442,0.7540665304011318,0.1300010681152343,0.13000106811523438
2010-09-13,17.579999923706055,17.8799991607666,17.3799991607666,17.809999465942383,17.809999465942383,0.1866628010482096,2.533095022742682,0.4399986267089844,0.4399986267089844
2010-09-14,17.75,17.799999237060547,17.43000030517578,17.479999542236328,17.479999542236328,0.0128729346976777,-1.852891261098044,-0.3299999237060547,-0.3299999237060547
2010-09-15,17.459999084472656,17.489999771118164,17.190000534057617,17.290000915527344,17.290000915527344,-0.2079518037385486,-1.0869486938480557,-0.1899986267089843,-0.18999862670898438
2010-09-16,17.200000762939453,17.350000381469727,16.790000915527344,17.079999923706055,17.079999923706055,-0.0796024070301282,-1.2145805708587143,-0.210000991821289,-0.21000099182128906
2010-09-17,17.209999084472656,17.540000915527344,16.950000762939453,17.450000762939453,17.450000762939453,1.166423102629878,2.166281269825165,0.3700008392333984,0.37000083923339844
2010-09-20,17.489999771118164,18.190000534057617,17.299999237060547,18.09000015258789,18.09000015258789,0.31501219775663,3.667618118433991,0.6399993896484375,0.6399993896484375
2010-09-21,18.030000686645508,18.200000762939453,17.600000381469727,17.950000762939453,17.950000762939453,0.1284671118574352,-0.7739048560948203,-0.1399993896484375,-0.1399993896484375
2010-09-22,17.84000015258789,18.200000762939453,17.690000534057617,17.760000228881836,17.760000228881836,-0.1712805475361428,-1.0584987519883682,-0.1900005340576172,-0.1900005340576172
2010-09-23,17.579999923706055,18.1299991607666,17.389999389648438,17.510000228881836,17.510000228881836,-0.1035184436838711,-1.4076576395164797,-0.25,-0.25
2010-09-24,17.65999984741211,18.540000915527344,17.65999984741211,18.51000022888184,18.51000022888184,-0.0118403031778566,5.711022198335303,1.0000000000000036,1.0000000000000036
2010-09-27,18.5,18.84000015258789,18.38999938964844,18.549999237060547,18.549999237060547,0.0439637823475435,0.2160940447547776,0.0399990081787073,0.039999008178707385
2010-09-28,18.64999961853028,18.989999771118164,18.07999992370605,18.989999771118164,18.989999771118164,0.3979211248229388,2.37197063155965,0.4400005340576172,0.4400005340576172
2010-09-29,18.8799991607666,18.93000030517578,18.59000015258789,18.75,18.75,-0.20874900496034,-1.2638218747278662,-0.239999771118164,-0.23999977111816406
2010-09-30,18.90999984741211,18.989999771118164,18.21999931335449,18.56999969482422,18.56999969482422,0.2049984291494125,-0.960001627604168,-0.1800003051757812,-0.18000030517578125
2010-10-01,18.75,19.13999938964844,18.600000381469727,18.989999771118164,18.989999771118164,0.9782836142871004,2.2617128874321324,0.4200000762939453,0.4200000762939453
2010-10-04,18.8799991607666,19.190000534057617,18.8799991607666,18.920000076293945,18.920000076293945,0.0056981237015548,-0.3686134579668709,-0.0699996948242187,-0.06999969482421875
2010-10-05,19.030000686645508,19.3700008392334,19.01000022888184,19.25,19.25,0.7455008575240026,1.7441856362333308,0.3299999237060547,0.3299999237060547
2010-10-06,19.209999084472656,19.309999465942383,19.0,19.26000022888184,19.26000022888184,-0.19200777930272,0.0519492409446264,0.0100002288818394,0.01000022888183949
2010-10-07,19.290000915527344,19.299999237060547,18.780000686645508,18.950000762939453,18.950000762939453,-0.1122876571235769,-1.6095506866999898,-0.3099994659423863,-0.30999946594238637
2010-10-08,18.84000015258789,19.56999969482422,18.84000015258789,19.43000030517578,19.43000030517578,0.2695717281145184,2.532979012724179,0.4799995422363281,0.4799995422363281
2010-10-11,19.3799991607666,20.850000381469727,19.3799991607666,20.729999542236328,20.729999542236328,1.2987585054472557,6.690680476799837,1.2999992370605469,1.2999992370605469
2010-10-12,20.68000030517578,20.93000030517578,20.049999237060547,20.739999771118164,20.739999771118164,0.3843687040524844,0.0482403719376023,0.0100002288818359,0.010000228881835938
2010-10-13,20.82999992370605,21.280000686645508,20.770000457763672,21.21999931335449,21.21999931335449,0.4114735455933931,2.3143661886860567,0.4799995422363246,0.4799995422363246
2010-10-14,21.13999938964844,21.290000915527344,20.850000381469727,21.11000061035156,21.11000061035156,0.3469002466282872,-0.5183727924708448,-0.1099987030029296,-0.10999870300292969
2010-10-15,21.290000915527344,21.540000915527344,20.89999961853028,21.38999938964844,21.38999938964844,0.4609000213444618,1.3263797783102935,0.2799987792968821,0.2799987792968821
2010-10-18,21.46999931335449,21.549999237060547,21.280000686645508,21.51000022888184,21.51000022888184,-0.1880217731937628,0.5610137571648188,0.1200008392333984,0.12000083923339844
2010-10-19,21.13999938964844,21.75,21.030000686645508,21.280000686645508,21.280000686645508,0.655417119461571,-1.0692679674057293,-0.2299995422363316,-0.22999954223633168
2010-10-20,21.420000076293945,21.709999084472656,21.270000457763672,21.559999465942383,21.559999465942383,-0.2725251027036545,1.315783694840711,0.279998779296875,0.279998779296875
2010-10-21,21.670000076293945,21.89999961853028,21.11000061035156,21.670000076293945,21.670000076293945,0.5581585704030164,0.5102069252150399,0.1100006103515625,0.1100006103515625
2010-10-22,21.700000762939453,21.8799991607666,21.239999771118164,21.46999931335449,21.46999931335449,0.0160617395848434,-0.9229384505551884,-0.2000007629394566,-0.20000076293945668
2010-10-25,21.690000534057617,22.020000457763672,21.46999931335449,21.540000915527344,21.540000915527344,-0.0979380351313311,0.3260438025692647,0.0700016021728551,0.07000160217285512
2010-10-26,21.36000061035156,22.01000022888184,21.170000076293945,22.0,22.0,0.1141174898651894,2.1355574044616743,0.4599990844726562,0.45999908447265625
2010-10-27,21.96999931335449,22.229999542236328,21.780000686645508,22.18000030517578,22.18000030517578,0.1348447216317666,0.8181832053444582,0.1800003051757812,0.18000030517578125
2010-10-28,22.25,22.450000762939453,21.68000030517578,22.34000015258789,22.34000015258789,0.0535301970090406,0.7213699062698975,0.1599998474121093,0.15999984741210938
2010-10-29,22.239999771118164,22.5,22.239999771118164,22.350000381469727,22.350000381469727,0.0304113615770891,0.0447637816183066,0.0100002288818359,0.010000228881835938
2010-11-01,22.43000030517578,22.64999961853028,22.31999969482422,22.6299991607666,22.6299991607666,0.2679773256709356,1.2527909374400847,0.279998779296875,0.279998779296875
2010-11-02,22.84000015258789,23.040000915527344,22.65999984741211,22.959999084472656,22.959999084472656,0.2998653745425928,1.4582409895894877,0.3299999237060547,0.3299999237060547
2010-11-03,22.96999931335449,23.280000686645508,22.780000686645508,23.280000686645508,23.280000686645508,0.2384808804646526,1.3937352566762984,0.3200016021728515,0.32000160217285156
2010-11-04,23.6200008392334,23.809999465942383,22.5,22.520000457763672,22.520000457763672,0.6896967719986025,-3.264605697876144,-0.7600002288818359,-0.7600002288818359
2010-11-05,21.280000686645508,21.64999961853028,20.8799991607666,21.549999237060547,21.549999237060547,1.5076252255566105,-4.30728774860536,-0.970001220703125,-0.970001220703125
2010-11-08,21.5,23.670000076293945,21.36000061035156,23.56999969482422,23.56999969482422,1.2238215905988612,9.37355234003805,2.020000457763672,2.020000457763672
2010-11-09,23.68000030517578,23.68000030517578,22.32999992370605,22.549999237060547,22.549999237060547,0.7630392844034141,-4.32753700029812,-1.020000457763672,-1.0200004577636719
2010-11-10,22.63999938964844,23.40999984741211,22.290000915527344,23.200000762939453,23.200000762939453,0.2018096242622468,2.882490234459256,0.6500015258789062,0.6500015258789062
2010-11-11,22.90999984741211,23.3700008392334,22.71999931335449,23.299999237060547,23.299999237060547,-0.0437283520495138,0.4310278915198751,0.0999984741210937,0.09999847412109375
2010-11-12,23.040000915527344,23.15999984741211,22.3700008392334,22.46999931335449,22.46999931335449,-0.1114904559017854,-3.5622315488571976,-0.8299999237060582,-0.8299999237060582
2010-11-15,22.5,22.61000061035156,22.170000076293945,22.26000022888184,22.26000022888184,-0.0732247972557968,-0.9345753933683532,-0.2099990844726491,-0.20999908447264914
2010-11-16,22.030000686645508,22.030000686645508,21.36000061035156,21.65999984741211,21.65999984741211,0.0009149163708062,-2.695419475743055,-0.6000003814697301,-0.6000003814697301
2010-11-17,21.63999938964844,21.63999938964844,21.01000022888184,21.26000022888184,21.26000022888184,0.0686770202230778,-1.8467203201668612,-0.3999996185302699,-0.3999996185302699
2010-11-18,21.540000915527344,22.26000022888184,21.479999542236328,22.170000076293945,22.170000076293945,-0.0652527850378825,4.28033790035367,0.9099998474121058,0.9099998474121058
2010-11-19,22.030000686645508,22.26000022888184,21.690000534057617,22.1299991607666,22.1299991607666,-0.0548891691545939,-0.1804281253481643,-0.0400009155273437,-0.04000091552734375
2010-11-22,21.850000381469727,22.14999961853028,21.600000381469727,22.100000381469727,22.100000381469727,-0.1776581573104742,-0.1355570738116318,-0.029998779296875,-0.029998779296875
2010-11-23,21.86000061035156,22.530000686645508,21.780000686645508,22.46999931335449,22.46999931335449,-0.0142319068432309,1.6742032827972153,0.3699989318847621,0.3699989318847621
2010-11-24,22.75,23.489999771118164,22.68000030517578,23.229999542236328,23.229999542236328,0.3891519113832331,3.3822886164048604,0.7600002288818395,0.7600002288818395
2010-11-26,23.0,23.270000457763672,23.0,23.059999465942383,23.059999465942383,-0.4168185238479034,-0.7318126545153625,-0.1700000762939453,-0.1700000762939453
2010-11-29,23.100000381469727,23.200000762939453,22.549999237060547,22.989999771118164,22.989999771118164,-0.2310706391705001,-0.3035546246547116,-0.0699996948242187,-0.06999969482421875
2010-11-30,22.68000030517578,23.1200008392334,22.64999961853028,23.059999465942383,23.059999465942383,0.1308587155228094,0.3044788843893586,0.0699996948242187,0.06999969482421875
2010-12-01,23.489999771118164,23.63999938964844,23.25,23.6200008392334,23.6200008392334,0.4027043321536874,2.428453539724007,0.5600013732910156,0.5600013732910156
2010-12-02,23.68000030517578,23.89999961853028,23.5,23.89999961853028,23.89999961853028,-0.1864273707501799,1.185430860915937,0.2799987792968785,0.2799987792968821
2010-12-03,23.75,24.040000915527344,23.75,23.979999542236328,23.979999542236328,0.1077398800908579,0.3347277195938636,0.0799999237060511,0.07999992370604758
2010-12-06,23.920000076293945,24.5,23.920000076293945,24.280000686645508,24.280000686645508,-0.047714358158471,1.2510473316764692,0.3000011444091797,0.3000011444091797
2010-12-07,24.5,24.57999992370605,24.020000457763672,24.09000015258789,24.09000015258789,0.4529280091265475,-0.7825392449931856,-0.1900005340576172,-0.1900005340576172
2010-12-08,24.07999992370605,24.559999465942383,24.07999992370605,24.14999961853028,24.14999961853028,-0.1035184436838711,0.2490637839864806,0.0599994659423863,0.05999946594238992
2010-12-09,24.34000015258789,24.36000061035156,24.0,24.040000915527344,24.040000915527344,0.2201452523634497,-0.4554811790495106,-0.1099987030029332,-0.10999870300293679
2010-12-10,24.13999938964844,24.280000686645508,23.950000762939453,24.030000686645508,24.030000686645508,-0.1888189744155542,-0.0415982882736809,-0.0100002288818359,-0.010000228881835938
2010-12-13,23.989999771118164,24.239999771118164,23.670000076293945,23.729999542236328,23.729999542236328,-0.0166235105086052,-1.248444177431518,-0.3000011444091797,-0.3000011444091797
2010-12-14,23.8799991607666,23.8799991607666,23.239999771118164,23.270000457763672,23.270000457763672,-0.0333647361662252,-1.9384706841393595,-0.4599990844726562,-0.45999908447265625
2010-12-15,23.26000022888184,23.82999992370605,23.06999969482422,23.34000015258789,23.34000015258789,-0.0469171569366795,0.3008151845603546,0.0699996948242187,0.06999969482421875
2010-12-16,23.36000061035156,23.76000022888184,23.15999984741211,23.57999992370605,23.57999992370605,0.1324531179663923,1.028276647596971,0.2399997711181605,0.2399997711181605
2010-12-17,23.61000061035156,23.76000022888184,23.459999084472656,23.63999938964844,23.63999938964844,0.4744524421149161,0.254450662156569,0.0599994659423899,0.05999946594238992
2010-12-20,23.75,24.07999992370605,23.190000534057617,23.63999938964844,23.63999938964844,0.2201452523634497,0.0,0.0,0.0
2010-12-21,23.770000457763672,24.11000061035156,23.670000076293945,23.850000381469727,23.850000381469727,0.3006625757643842,0.8883290915533637,0.2100009918212855,0.2100009918212855
2010-12-22,23.790000915527344,23.84000015258789,23.450000762939453,23.5,23.5,0.1236839045266866,-1.4675068170718286,-0.3500003814697265,-0.35000038146972656
2010-12-23,23.5,23.56999969482422,23.39999961853028,23.440000534057617,23.440000534057617,0.0941874593204036,-0.2553168763505642,-0.0599994659423828,-0.05999946594238281
2010-12-27,23.38999938964844,23.440000534057617,23.309999465942383,23.3799991607666,23.3799991607666,-0.3402872065559261,-0.2559785491635824,-0.0600013732910156,-0.060001373291015625
2010-12-28,23.39999961853028,23.420000076293945,23.13999938964844,23.190000534057617,23.190000534057617,-0.0811968094737111,-0.8126545488838843,-0.1899986267089843,-0.18999862670898438
2010-12-29,23.280000686645508,24.020000457763672,23.209999084472656,23.86000061035156,23.86000061035156,0.7255708269792168,2.889176631582901,0.6700000762939418,0.6700000762939418
2010-12-30,23.799999237060547,24.5,23.799999237060547,24.440000534057617,24.440000534057617,2.083204507690024,2.430846223257954,0.5799999237060582,0.5799999237060582
2010-12-31,24.3700008392334,24.459999084472656,24.11000061035156,24.26000022888184,24.26000022888184,0.2305088682467383,-0.7364987775877685,-0.1800003051757777,-0.1800003051757777
2011-01-03,24.51000022888184,24.90999984741211,24.489999771118164,24.84000015258789,24.84000015258789,1.1257658403185151,2.390766357106444,0.5799999237060511,0.5799999237060511
2011-01-04,25.0,25.0,23.8700008392334,23.959999084472656,23.959999084472656,1.5849537440703794,-3.5426773861092498,-0.8800010681152344,-0.8800010681152344
2011-01-05,23.809999465942383,26.729999542236328,23.64999961853028,25.959999084472656,25.959999084472656,4.567283514792122,8.347245727968765,2.0,2.0
2011-01-06,26.040000915527344,26.530000686645508,25.049999237060547,26.309999465942383,26.309999465942383,2.9920139005322546,1.3482295601430438,0.3500003814697265,0.35000038146972656
2011-01-10,27.3700008392334,28.350000381469727,27.030000686645508,28.1200008392334,28.1200008392334,2.628490143395362,6.879518852267608,1.810001373291016,1.8100013732910156
2011-01-11,28.3700008392334,28.81999969482422,28.25,28.450000762939453,28.450000762939453,0.2831241488849728,1.1735416566760248,0.3299999237060547,0.3299999237060547
2011-01-12,28.799999237060547,30.14999961853028,28.799999237060547,29.64999961853028,29.64999961853028,2.056099666149115,4.217922050652478,1.199998855590824,1.1999988555908274
2011-01-13,29.770000457763672,30.0,29.489999771118164,29.71999931335449,29.71999931335449,0.6865079671114368,0.2360866634900871,0.0699996948242116,0.06999969482420809
2011-01-14,29.559999465942383,30.100000381469727,29.350000381469727,29.81999969482422,29.81999969482422,1.4741427742413704,0.3364750463664911,0.1000003814697301,0.10000038146973012
2011-01-18,29.86000061035156,30.59000015258789,29.84000015258789,30.420000076293945,30.420000076293945,1.9014426291215771,2.0120737344402784,0.6000003814697266,0.6000003814697266
2011-01-19,30.31999969482422,30.46999931335449,29.280000686645508,29.56999969482422,29.56999969482422,1.018143675376672,-2.7942155796775503,-0.8500003814697266,-0.8500003814697266
2011-01-20,29.32999992370605,29.520000457763672,28.57999992370605,28.76000022888184,28.76000022888184,1.8249113118296,-2.7392609885084185,-0.8099994659423793,-0.8099994659423793
2011-01-21,28.8700008392334,29.07999992370605,28.68000030517578,29.030000686645508,29.030000686645508,0.8969690896643745,0.9388054784941424,0.2700004577636683,0.2700004577636683
2011-01-24,29.11000061035156,29.65999984741211,28.84000015258789,29.600000381469727,29.600000381469727,1.2700592614627642,1.963484951229888,0.5699996948242188,0.5699996948242188
2011-01-25,29.14999961853028,29.729999542236328,29.14999961853028,29.450000762939453,29.450000762939453,1.1472902733068835,-0.506755461476871,-0.1499996185302734,-0.14999961853027344
2011-01-26,29.540000915527344,30.39999961853028,29.350000381469727,30.299999237060547,30.299999237060547,1.0580037364662436,2.886242621734492,0.8499984741210938,0.8499984741210938
2011-01-27,30.420000076293945,30.51000022888184,30.049999237060547,30.239999771118164,30.239999771118164,1.2166467796027385,-0.1980180443998058,-0.0599994659423828,-0.05999946594238281
2011-01-28,30.39999961853028,30.39999961853028,29.479999542236328,29.700000762939453,29.700000762939453,1.3481849811983244,-1.785711019397751,-0.5399990081787109,-0.5399990081787109
2011-01-31,29.729999542236328,30.14999961853028,29.5,30.1200008392334,30.1200008392334,0.7893469247225313,1.4141416346966418,0.4200000762939453,0.4200000762939453
2011-02-01,30.3799991607666,31.489999771118164,30.229999542236328,30.809999465942383,30.809999465942383,0.9336403458667804,2.2908320301578966,0.6899986267089844,0.6899986267089844
2011-02-02,30.68000030517578,31.13999938964844,30.6200008392334,30.809999465942383,30.809999465942383,-0.1075044497928283,0.0,0.0,0.0
2011-02-03,30.670000076293945,30.670000076293945,29.809999465942383,30.200000762939453,30.200000762939453,0.5820746070567593,-1.9798724880772167,-0.6099987030029297,-0.6099987030029297
2011-02-04,30.21999931335449,30.36000061035156,29.809999465942383,29.940000534057617,29.940000534057617,-0.0110431019560652,-0.8609278884552207,-0.2600002288818359,-0.26000022888183594
2011-02-07,29.8700008392334,30.5,29.84000015258789,29.989999771118164,29.989999771118164,1.599303366062625,0.1669981167958578,0.0499992370605468,0.049999237060546875
2011-02-08,29.86000061035156,30.01000022888184,29.57999992370605,29.989999771118164,29.989999771118164,0.1483971424022209,0.0,0.0,0.0
2011-02-09,29.86000061035156,30.25,29.64999961853028,30.170000076293945,30.170000076293945,1.408772274054473,0.6002010888613851,0.1800003051757812,0.18000030517578125
2011-02-10,30.15999984741211,30.489999771118164,29.88999938964844,30.3799991607666,30.3799991607666,0.263194118340187,0.6960526481326168,0.2099990844726562,0.20999908447265625
2011-02-11,30.200000762939453,30.82999992370605,30.07999992370605,30.770000457763672,30.770000457763672,0.5406201435236049,1.2837436068817487,0.3900012969970703,0.3900012969970703
2011-02-14,30.89999961853028,31.440000534057617,30.6299991607666,31.030000686645508,31.030000686645508,0.5900466192746736,0.8449796068047633,0.2600002288818359,0.26000022888183594
2011-02-15,31.01000022888184,31.11000061035156,30.5,30.61000061035156,30.61000061035156,0.6099766498194594,-1.3535290589751892,-0.4200000762939488,-0.42000007629394887
2011-02-16,30.76000022888184,31.209999084472656,30.57999992370605,30.989999771118164,30.989999771118164,0.0933902580986122,1.2414216046702675,0.3799991607666051,0.3799991607666051
2011-02-17,30.940000534057617,31.030000686645508,30.450000762939453,30.82999992370605,30.82999992370605,0.252033301235107,-0.5162950906544617,-0.1599998474121129,-0.15999984741211293
2011-02-18,30.86000061035156,31.6299991607666,30.68000030517578,31.07999992370605,31.07999992370605,0.973500406956352,0.8108984775175632,0.25,0.25
2011-02-22,30.770000457763672,30.8700008392334,29.549999237060547,29.68000030517578,29.68000030517578,0.8595006322401773,-4.504503288181894,-1.39999961853027,-1.3999996185302699
2011-02-23,29.6200008392334,29.6200008392334,28.25,29.309999465942383,29.309999465942383,0.9336403458667804,-1.246633542550457,-0.3700008392333984,-0.37000083923339844
2011-02-24,29.3700008392334,29.68000030517578,28.489999771118164,28.989999771118164,28.989999771118164,0.8610950346837601,-1.0917765290171744,-0.3199996948242187,-0.31999969482421875
2011-02-25,29.170000076293945,29.51000022888184,28.93000030517578,29.51000022888184,29.51000022888184,0.5956270278272137,1.7937235662959017,0.5200004577636754,0.5200004577636754
2011-02-28,29.940000534057617,30.950000762939453,29.88999938964844,30.280000686645508,30.280000686645508,1.6375690247086137,2.6092865191172043,0.7700004577636683,0.7700004577636683
2011-03-01,30.40999984741211,30.64999961853028,29.950000762939453,30.21999931335449,30.21999931335449,1.588142548957545,-0.1981551252655089,-0.0600013732910191,-0.06000137329101918
2011-03-02,30.11000061035156,30.93000030517578,30.0,30.76000022888184,30.76000022888184,0.6179486620373738,1.7868991654434565,0.5400009155273509,0.5400009155273509
2011-03-03,31.030000686645508,32.34000015258789,30.950000762939453,32.08000183105469,32.08000183105469,1.7427995859850829,4.291292562909166,1.320001602172848,1.320001602172848
2011-03-07,36.0,36.2400016784668,34.4900016784668,34.93000030517578,34.93000030517578,5.198666882450935,8.884034636688165,2.8499984741210938,2.8499984741210938
2011-03-08,35.040000915527344,36.15999984741211,34.38999938964844,36.09999847412109,36.09999847412109,1.9915263671840089,3.3495509840345994,1.1699981689453054,1.1699981689453054
2011-03-09,36.52000045776367,36.52000045776367,35.529998779296875,35.68000030517578,35.68000030517578,1.4980588108951134,-1.1634298800494047,-0.4199981689453054,-0.4199981689453054
2011-03-10,35.150001525878906,35.459999084472656,34.27000045776367,34.939998626708984,34.939998626708984,1.4948700060079476,-2.073995717874056,-0.7400016784667969,-0.7400016784667969
2011-03-11,35.08000183105469,35.38999938964844,34.33000183105469,34.61000061035156,34.61000061035156,0.770214095399537,-0.9444706048304274,-0.3299980163574219,-0.3299980163574219
2011-03-14,34.849998474121094,35.13999938964844,34.20000076293945,34.95000076293945,34.95000076293945,0.4090819419280188,0.9823754596704593,0.3400001525878906,0.3400001525878906
2011-03-15,34.0099983215332,35.439998626708984,33.810001373291016,35.0,35.0,1.2804228773460526,0.1430593303836547,0.0499992370605468,0.049999237060546875
2011-03-16,35.099998474121094,35.5,34.61000061035156,35.290000915527344,35.290000915527344,2.4236094293949644,0.8285740443638501,0.2900009155273437,0.29000091552734375
2011-03-17,35.900001525878906,36.09999847412109,34.709999084472656,35.08000183105469,35.08000183105469,1.0077800594933837,-0.5950668150316196,-0.2099990844726562,-0.20999908447265625
2011-03-18,35.43000030517578,36.15999984741211,35.29999923706055,35.959999084472656,35.959999084472656,1.4127582801634302,2.5085439209953098,0.8799972534179688,0.8799972534179688
2011-03-21,36.66999816894531,36.93000030517578,35.91999816894531,36.040000915527344,36.040000915527344,2.173288245752455,0.2224745080408929,0.0800018310546875,0.0800018310546875
2011-03-22,36.11000061035156,36.40999984741211,35.869998931884766,36.0099983215332,36.0099983215332,0.2305088682467383,-0.0832480389344691,-0.0300025939941406,-0.030002593994140625
2011-03-23,35.90999984741211,36.11000061035156,35.40999984741211,36.08000183105469,36.08000183105469,1.3553597921944471,0.1944002021228241,0.0700035095214843,0.07000350952148438
2011-03-24,36.34999847412109,38.18999862670898,36.02999877929688,37.970001220703125,37.970001220703125,4.418206886317124,5.238357244266223,1.8899993896484373,1.8899993896484375
2011-03-29,39.720001220703125,40.0,39.43999862670898,39.470001220703125,39.470001220703125,2.241847550826518,3.950487099753186,1.5,1.5
2011-03-30,40.0099983215332,40.20000076293945,38.52000045776367,39.63999938964844,39.63999938964844,3.4041669321984243,0.430702213548817,0.1699981689453125,0.1699981689453125
2011-03-31,39.79999923706055,40.0,39.43999862670898,39.63999938964844,39.63999938964844,0.9129131141002031,0.0,0.0,0.0
2011-04-01,40.0,40.220001220703125,39.59999847412109,40.220001220703125,40.220001220703125,2.089582117464355,1.4631731583884644,0.5800018310546875,0.5800018310546875
2011-04-04,39.560001373291016,40.09000015258789,39.0,39.93000030517578,39.93000030517578,2.503329551574107,-0.721036565702704,-0.2900009155273437,-0.29000091552734375
2011-04-05,39.7400016784668,39.7400016784668,38.09999847412109,39.310001373291016,39.310001373291016,1.484506390124659,-1.5527145683602694,-0.6199989318847656,-0.6199989318847656
2011-04-06,39.61000061035156,40.0,38.810001373291016,39.22999954223633,39.22999954223633,0.3604526673987415,-0.2035152079873592,-0.0800018310546875,-0.0800018310546875
2011-04-07,39.18999862670898,39.970001220703125,39.02000045776367,39.5099983215332,39.5099983215332,0.9137103153219944,0.7137363817591114,0.279998779296875,0.279998779296875
2011-04-08,39.68999862670898,39.970001220703125,38.4900016784668,38.93999862670898,38.93999862670898,0.4577112164572961,-1.4426720299645537,-0.5699996948242259,-0.5699996948242259
2011-04-11,39.11000061035156,39.11000061035156,38.36000061035156,38.84000015258789,38.84000015258789,0.8228293760377714,-0.2568014320691314,-0.0999984741210866,-0.09999847412108664
2011-04-12,38.5,39.33000183105469,38.310001373291016,38.84999847412109,38.84999847412109,0.9639339922948548,0.0257423313437588,0.009998321533196,0.00999832153319602
2011-04-13,39.18999862670898,39.38999938964844,38.45000076293945,38.90999984741211,38.90999984741211,0.2807325452195984,0.1544436953607286,0.0600013732910227,0.06000137329102273
2011-04-14,38.58000183105469,39.0,38.40999984741211,38.5,38.5,0.4712636372277504,-1.0537133102543006,-0.4099998474121094,-0.4099998474121094
2011-04-15,38.5099983215332,38.5099983215332,37.5099983215332,38.290000915527344,38.290000915527344,1.427107902155676,-0.5454521674614465,-0.2099990844726562,-0.20999908447265625
2011-04-18,37.65999984741211,37.81999969482422,36.630001068115234,37.33000183105469,37.33000183105469,1.1185910293223922,-2.5071795808794484,-0.9599990844726562,-0.9599990844726562
2011-04-19,37.459999084472656,37.72999954223633,37.11000061035156,37.68000030517578,37.68000030517578,0.9615423886294804,0.9375795793021612,0.3499984741210937,0.34999847412109375
2011-04-20,38.20000076293945,39.369998931884766,38.09000015258789,39.29999923706055,39.29999923706055,0.9910388338357632,4.29936018780297,1.6199989318847656,1.6199989318847656
2011-04-21,39.58000183105469,40.5,39.5,40.06999969482422,40.06999969482422,1.8783237936896255,1.959288734635778,0.7700004577636719,0.7700004577636719
2011-04-25,40.40999984741211,41.02999877929688,39.84000015258789,40.4900016784668,40.4900016784668,1.8249113118296,1.04817066843359,0.4200019836425781,0.4200019836425781
2011-04-26,40.790000915527344,41.11000061035156,40.369998931884766,40.47999954223633,40.47999954223633,1.0045912546062177,-0.0247027310838254,-0.0100021362304687,-0.01000213623046875
2011-04-27,40.56999969482422,40.75,39.0,39.619998931884766,39.619998931884766,1.1520734806376325,-2.124507460663993,-0.8600006103515625,-0.8600006103515625
2011-04-28,39.47999954223633,39.75,38.959999084472656,39.22999954223633,39.22999954223633,1.149681876972258,-0.9843498237315228,-0.3899993896484375,-0.3899993896484375
2011-04-29,39.470001220703125,40.400001525878906,39.20000076293945,40.34999847412109,40.34999847412109,0.5844662107221336,2.854955250965352,1.1199989318847583,1.1199989318847585
2011-05-02,40.45000076293945,40.970001220703125,39.209999084472656,39.22999954223633,39.22999954223633,0.983066821617849,-2.775709973330187,-1.1199989318847583,-1.1199989318847585
2011-05-03,39.06999969482422,39.09999847412109,37.09000015258789,37.2599983215332,37.2599983215332,1.5969117623972506,-5.021670261765254,-1.970001220703125,-1.970001220703125
2011-05-04,37.29999923706055,37.41999816894531,35.349998474121094,36.04999923706055,36.04999923706055,2.5439868138854704,-3.247448038056877,-1.2099990844726562,-1.2099990844726562
2011-05-05,35.7599983215332,37.27999877929688,35.7599983215332,37.09000015258789,37.09000015258789,3.027090754291077,2.884884708841251,1.0400009155273438,1.0400009155273438
2011-06-17,40.84000015258789,41.38999938964844,39.79999923706055,40.93000030517578,40.93000030517578,2.3279452827799925,10.353195300054384,3.84000015258789,3.8400001525878906
2011-07-28,40.0099983215332,41.119998931884766,39.22999954223633,40.290000915527344,40.290000915527344,1.0396681083650403,-1.56364374511746,-0.6399993896484375,-0.6399993896484375
2011-07-29,39.29999923706055,40.119998931884766,38.02000045776367,39.7400016784668,39.7400016784668,2.591021685971165,-1.3651010785869278,-0.5499992370605469,-0.5499992370605469
2011-08-01,41.0,41.900001525878906,39.7599983215332,40.45000076293945,40.45000076293945,2.1134981541180977,1.786610605145933,0.7099990844726562,0.7099990844726562
2011-08-02,40.060001373291016,41.0,38.04999923706055,38.119998931884766,38.119998931884766,1.5594433049730534,-5.760202193097241,-2.3300018310546875,-2.3300018310546875
2011-08-03,38.220001220703125,39.90999984741211,37.20000076293945,39.86000061035156,39.86000061035156,1.4135554813852216,4.564537584526018,1.7400016784667969,1.7400016784667969
2011-08-04,39.25,39.470001220703125,35.84000015258789,35.95000076293945,35.95000076293945,2.249022361822641,-9.809332131311333,-3.909999847412109,-3.9099998474121094
2011-08-05,36.470001220703125,36.650001525878906,32.619998931884766,35.02000045776367,35.02000045776367,2.272938398476384,-2.5869270804981803,-0.9300003051757812,-0.9300003051757812
2011-08-08,33.5099983215332,34.5,30.93000030517578,31.06999969482422,31.06999969482422,3.3085027855834523,-11.279271020294257,-3.950000762939453,-3.950000762939453
2011-08-09,32.95000076293945,34.709999084472656,32.04999923706055,34.65999984741211,34.65999984741211,3.487873060486524,11.554554836979714,3.59000015258789,3.5900001525878906
2011-08-10,34.09000015258789,35.56999969482422,33.08000183105469,33.40999984741211,33.40999984741211,2.268952392367426,-3.6064627971812646,-1.25,-1.25
2011-08-11,33.40999984741211,36.209999084472656,33.40999984741211,35.56999969482422,35.56999969482422,2.7233570887885423,6.465129773352629,2.1599998474121094,2.1599998474121094
2011-08-12,36.150001525878906,36.43000030517578,34.77000045776367,35.779998779296875,35.779998779296875,0.8116685589326914,0.5903825872205726,0.2099990844726562,0.20999908447265625
2011-08-15,36.27999877929688,38.77999877929688,36.27999877929688,38.75,38.75,1.8703517814717117,8.300730357826724,2.970001220703125,2.970001220703125
2011-08-16,38.0099983215332,38.720001220703125,37.5,38.34000015258789,38.34000015258789,2.2107567031766524,-1.05806412235383,-0.4099998474121094,-0.4099998474121094
2011-08-17,39.41999816894531,39.41999816894531,37.13999938964844,38.09999847412109,38.09999847412109,1.462184755914499,-0.6259824661231872,-0.2400016784668039,-0.24000167846680398
2011-08-18,37.18999862670898,37.18999862670898,33.91999816894531,34.5099983215332,34.5099983215332,2.3088124534569983,-9.422572956338415,-3.5900001525878835,-3.5900001525878835
2011-08-19,34.900001525878906,34.900001525878906,32.150001525878906,32.5099983215332,32.5099983215332,1.4932756035643648,-5.795421898795228,-2.0,-2.0
2011-08-22,33.4900016784668,33.97999954223633,32.91999816894531,33.45000076293945,33.45000076293945,1.423121896046719,2.8914256842136776,0.94000244140625,0.94000244140625
2011-08-23,33.4900016784668,35.18000030517578,33.08000183105469,35.060001373291016,35.060001373291016,2.3000432400172923,4.813155676024206,1.6100006103515625,1.6100006103515625
2011-08-24,35.2599983215332,35.52000045776367,34.0,35.220001220703125,35.220001220703125,1.9923235684058005,0.4563600717197857,0.1599998474121093,0.15999984741210938
2011-08-25,35.47999954223633,35.599998474121094,33.849998474121094,34.040000915527344,34.040000915527344,0.7160044123177197,-3.3503698588237096,-1.1800003051757812,-1.1800003051757812
2011-08-26,33.599998474121094,35.58000183105469,32.880001068115234,35.58000183105469,35.58000183105469,1.1951223466143697,4.524091874582981,1.5400009155273438,1.5400009155273438
2011-08-29,36.02999877929688,38.15999984741211,36.02999877929688,38.11000061035156,38.11000061035156,1.0101716631587576,7.110732571937817,2.529998779296875,2.529998779296875
2011-08-30,37.7400016784668,38.66999816894531,36.97999954223633,38.2400016784668,38.2400016784668,1.1138078219916436,0.3411206140991885,0.1300010681152343,0.13000106811523438
2011-08-31,38.68000030517578,40.09000015258789,38.43000030517578,39.95000076293945,39.95000076293945,3.026293553069286,4.471754731735711,1.7099990844726562,1.7099990844726562
2011-09-01,40.060001373291016,40.83000183105469,39.540000915527344,39.70000076293945,39.70000076293945,2.2019874897369465,-0.6257822158339477,-0.25,-0.25
2011-09-02,38.290000915527344,38.7400016784668,37.45000076293945,37.619998931884766,37.619998931884766,1.81375049472452,-5.239299221869032,-2.0800018310546875,-2.0800018310546875
2011-09-06,35.959999084472656,37.540000915527344,35.47999954223633,37.34000015258789,37.34000015258789,1.6256110063817422,-0.7442817311181904,-0.279998779296875,-0.279998779296875
2011-09-07,38.34999847412109,38.72999954223633,38.04999923706055,38.470001220703125,38.470001220703125,1.495667207229739,3.026248161482448,1.1300010681152344,1.1300010681152344
2011-09-08,38.02000045776367,39.0,37.27999877929688,37.41999816894531,37.41999816894531,0.8212349735941885,-2.729407378320381,-1.0500030517578125,-1.0500030517578125
2011-09-09,37.0099983215332,37.11000061035156,34.90999984741211,35.310001373291016,35.310001373291016,1.019738077820255,-5.6386875972788575,-2.109996795654297,-2.109996795654297
2011-09-12,34.83000183105469,35.560001373291016,33.790000915527344,34.880001068115234,34.880001068115234,0.4943824726597019,-1.21778614684801,-0.4300003051757812,-0.43000030517578125
2011-09-13,34.91999816894531,35.4900016784668,34.43000030517578,35.38999938964844,35.38999938964844,1.155262285524798,1.4621511064098147,0.5099983215332031,0.5099983215332031
2011-09-14,35.779998779296875,36.93000030517578,35.0,36.25,36.25,0.9065355043258716,2.430066756664351,0.8600006103515625,0.8600006103515625
2011-09-15,36.79999923706055,37.11000061035156,35.84000015258789,36.70000076293945,36.70000076293945,0.2950821672118442,1.2413814150053826,0.4500007629394531,0.4500007629394531
2011-09-16,37.11000061035156,37.86000061035156,36.619998931884766,37.25,37.25,1.502842018225862,1.4986354921712852,0.5499992370605469,0.5499992370605469
2011-09-19,36.7599983215332,37.540000915527344,36.0,37.06999969482422,37.06999969482422,1.234982407703941,-0.4832222957739107,-0.1800003051757812,-0.18000030517578125
2011-09-20,37.310001373291016,37.75,35.599998474121094,35.720001220703125,35.720001220703125,0.7168016135395111,-3.6417547484079993,-1.3499984741210938,-1.3499984741210938
2011-09-21,35.61000061035156,36.04999923706055,32.81999969482422,32.900001525878906,32.900001525878906,0.9575563825205232,-7.894735717953338,-2.8199996948242188,-2.8199996948242188
2011-09-22,31.40999984741211,32.119998931884766,30.030000686645508,30.6299991607666,30.6299991607666,2.304826447348041,-6.899702917420036,-2.2700023651123047,-2.2700023651123047
2011-09-23,30.790000915527344,31.229999542236328,30.3700008392334,30.86000061035156,30.86000061035156,0.5764941985042193,0.7509025657420176,0.2300014495849573,0.23000144958495738
2011-09-26,31.15999984741211,31.959999084472656,30.239999771118164,31.86000061035156,31.86000061035156,0.3620470698423244,3.2404406358454985,1.0,1.0
2011-09-27,32.720001220703125,33.90999984741211,32.349998474121094,32.720001220703125,32.720001220703125,1.1130106207698522,2.6993113429889526,0.860000610351566,0.860000610351566
2011-09-28,32.939998626708984,33.11000061035156,31.059999465942383,31.09000015258789,31.09000015258789,0.6530255157961966,-4.981665670244151,-1.6300010681152344,-1.6300010681152344
2011-09-29,31.920000076293945,32.099998474121094,30.209999084472656,31.26000022888184,31.26000022888184,0.8475426139133058,0.5467998567372012,0.1700000762939488,0.17000007629394887
2011-09-30,30.59000015258789,31.280000686645508,28.40999984741211,28.670000076293945,28.670000076293945,1.993120769627592,-8.28534911588047,-2.590000152587894,-2.590000152587894
2011-10-03,28.18000030517578,28.65999984741211,26.07999992370605,26.100000381469727,26.100000381469727,1.9134006474484488,-8.964072856592864,-2.5699996948242188,-2.5699996948242188
2011-10-04,25.780000686645508,29.209999084472656,24.850000381469727,29.049999237060547,29.049999237060547,2.0951625260168947,11.302677442431142,2.9499988555908203,2.9499988555908203
2011-10-05,29.1200008392334,29.81999969482422,28.56999969482422,29.63999938964844,29.63999938964844,0.3915435150486073,2.0309816457247942,0.5900001525878942,0.5900001525878942
2011-10-06,29.549999237060547,30.56999969482422,29.3700008392334,30.39999961853028,30.39999961853028,0.6243262718117052,2.564103389108907,0.7600002288818359,0.7600002288818395
2011-10-07,30.780000686645508,30.84000015258789,29.25,30.030000686645508,30.030000686645508,0.7949273332750714,-1.217101764893569,-0.3699989318847692,-0.36999893188477273
2011-10-10,30.670000076293945,32.130001068115234,30.65999984741211,32.11000061035156,32.11000061035156,1.5777789330742564,6.926406513973338,2.0799999237060547,2.0799999237060547
2011-10-11,31.780000686645508,33.77000045776367,31.549999237060547,33.63999938964844,33.63999938964844,1.6439466344829452,4.764866864573136,1.529998779296875,1.529998779296875
2011-10-12,34.0,35.560001373291016,33.93000030517578,35.209999084472656,35.209999084472656,2.106323343121975,4.667062197710181,1.5699996948242188,1.5699996948242188
2011-10-13,34.7400016784668,35.16999816894531,34.130001068115234,34.900001525878906,34.900001525878906,1.0859057792289435,-0.8804247845903945,-0.30999755859375,-0.30999755859375
2011-10-14,35.619998931884766,36.0,35.15999984741211,35.84000015258789,35.84000015258789,0.487207661663579,2.69340568942944,0.9399986267089844,0.9399986267089844
2011-10-17,35.93000030517578,35.939998626708984,33.869998931884766,34.060001373291016,34.060001373291016,0.649836710909031,-4.966514430018343,-1.779998779296875,-1.779998779296875
2011-10-18,33.93000030517578,34.650001525878906,32.310001373291016,34.349998474121094,34.349998474121094,0.7168016135395111,0.8514300914194584,0.2899971008300781,0.2899971008300781
2011-10-19,34.349998474121094,34.56999969482422,32.2599983215332,32.439998626708984,32.439998626708984,0.6075850461540852,-5.560407371927778,-1.9099998474121092,-1.9099998474121094
2011-10-20,32.439998626708984,32.720001220703125,31.39999961853028,32.41999816894531,32.41999816894531,0.6546199182397795,-0.0616536948531365,-0.0200004577636718,-0.020000457763671875
2011-10-21,33.20000076293945,33.7400016784668,32.54999923706055,33.369998931884766,33.369998931884766,0.4991656799904505,2.9302924632779392,0.9500007629394532,0.9500007629394531
2011-10-24,33.58000183105469,35.220001220703125,33.56999969482422,35.11000061035156,35.11000061035156,0.4027043321536874,5.214269506026992,1.7400016784667969,1.7400016784667969
2011-10-25,34.95000076293945,35.16999816894531,33.630001068115234,33.66999816894531,33.66999816894531,0.2440612890171926,-4.101402496078821,-1.44000244140625,-1.44000244140625
2011-10-26,34.38999938964844,35.38999938964844,33.0099983215332,35.27000045776367,35.27000045776367,0.4696692347841675,4.752011808227774,1.6000022888183594,1.6000022888183594
2011-10-27,36.7599983215332,39.2400016784668,36.20000076293945,38.08000183105469,38.08000183105469,1.9747851415263888,7.967114649335016,2.810001373291016,2.8100013732910156
2011-10-28,37.7599983215332,38.9900016784668,37.65999984741211,37.75,37.75,0.3939351187139816,-0.8666014054273696,-0.3300018310546875,-0.3300018310546875
2011-10-31,37.400001525878906,37.400001525878906,35.40999984741211,35.43000030517578,35.43000030517578,0.5525781618504764,-6.145694555825743,-2.3199996948242188,-2.3199996948242188
2011-11-01,33.4900016784668,34.9900016784668,32.56999969482422,34.099998474121094,34.099998474121094,1.460590353470916,-3.7538860276566055,-1.3300018310546875,-1.3300018310546875
2011-11-02,34.970001220703125,37.619998931884766,34.970001220703125,37.56999969482422,37.56999969482422,1.4055834691673073,10.17595711429886,3.470001220703125,3.470001220703125
2011-11-03,38.36000061035156,40.34999847412109,37.91999816894531,40.18999862670898,40.18999862670898,2.238658745939352,6.973646401827627,2.6199989318847585,2.6199989318847585
2011-11-04,39.70000076293945,40.130001068115234,38.459999084472656,39.04999923706055,39.04999923706055,1.058800937688035,-2.836525077387841,-1.1399993896484304,-1.1399993896484304
2011-11-07,38.95000076293945,40.61000061035156,38.52000045776367,40.5,40.5,1.2939752981165071,3.713190246527143,1.4500007629394531,1.4500007629394531
2011-11-09,33.9900016784668,33.9900016784668,32.25,32.2599983215332,32.2599983215332,3.2295798646261007,-20.345683156708137,-8.240001678466797,-8.240001678466797
2011-11-10,33.2599983215332,34.189998626708984,32.22999954223633,33.630001068115234,33.630001068115234,2.027400422164624,4.246753930137581,1.3700027465820312,1.3700027465820312
2011-11-11,34.13999938964844,35.4900016784668,34.13999938964844,34.88999938964844,34.88999938964844,1.6662682686931052,3.746649662547341,1.2599983215332031,1.2599983215332031
2011-11-14,34.54999923706055,35.29999923706055,34.16999816894531,34.5,34.5,1.4629819571362903,-1.1177970664113746,-0.3899993896484375,-0.3899993896484375
2011-11-15,34.22999954223633,34.77000045776367,33.060001373291016,34.47999954223633,34.47999954223633,2.032183629495372,-0.0579723413439814,-0.0200004577636718,-0.020000457763671875
2011-11-16,34.0099983215332,34.779998779296875,33.63999938964844,33.709999084472656,33.709999084472656,1.277234072458887,-2.2331800115613643,-0.7700004577636719,-0.7700004577636719
2011-11-17,33.689998626708984,34.20000076293945,31.81999969482422,32.18000030517578,32.18000030517578,2.949762235777309,-4.538709050281808,-1.529998779296875,-1.529998779296875
2011-11-18,32.52000045776367,33.630001068115234,32.36000061035156,33.060001373291016,33.060001373291016,1.7443939884286654,2.734621068271692,0.8800010681152344,0.8800010681152344
2011-11-21,31.700000762939453,32.2599983215332,30.299999237060547,30.850000381469727,30.850000381469727,2.6181265275120733,-6.684818209374721,-2.210000991821289,-2.210000991821289
2011-11-22,31.030000686645508,31.51000022888184,30.21999931335449,30.520000457763672,30.520000457763672,1.1265630415403065,-1.0696917978136322,-0.3299999237060547,-0.3299999237060547
2011-11-23,30.020000457763672,30.190000534057617,28.57999992370605,28.709999084472656,28.709999084472656,0.9153047177655774,-5.930541763247543,-1.810001373291016,-1.8100013732910156
2011-11-25,28.61000061035156,29.280000686645508,28.049999237060547,28.049999237060547,28.049999237060547,0.0981734654293608,-2.298850116540263,-0.6599998474121094,-0.6599998474121094
2011-11-28,29.63999938964844,30.38999938964844,29.1299991607666,30.25,30.25,1.7906316592925684,7.843140188156372,2.200000762939453,2.200000762939453
2011-11-29,30.43000030517578,30.479999542236328,29.6299991607666,29.709999084472656,29.709999084472656,0.7718084978431199,-1.785126993478825,-0.5400009155273438,-0.5400009155273438
2011-11-30,31.3700008392334,31.950000762939453,30.82999992370605,31.270000457763672,31.270000457763672,1.8273029154949745,5.250762104891216,1.5600013732910156,1.5600013732910156
2011-12-01,31.21999931335449,31.920000076293945,30.51000022888184,30.59000015258789,30.59000015258789,0.7526756685201255,-2.174609194823185,-0.6800003051757812,-0.6800003051757812
2011-12-02,31.459999084472656,31.5,29.5,29.63999938964844,29.63999938964844,1.5148000365527334,-3.1055925407018403,-0.9500007629394496,-0.9500007629394496
2011-12-05,30.31999969482422,30.64999961853028,29.59000015258789,29.989999771118164,29.989999771118164,0.718396015983094,1.1808380184783696,0.350000381469723,0.350000381469723
2011-12-06,29.729999542236328,30.5,29.40999984741211,30.100000381469727,30.100000381469727,1.4757371766849532,0.3667909676261516,0.1100006103515625,0.1100006103515625
2011-12-07,29.8700008392334,30.46999931335449,29.36000061035156,30.18000030517578,30.18000030517578,0.4393755883560932,0.2657804740604064,0.0799999237060546,0.07999992370605469
2011-12-08,29.729999542236328,29.84000015258789,28.38999938964844,28.489999771118164,28.489999771118164,0.80529094915836,-5.59973663674147,-1.6900005340576172,-1.6900005340576172
2011-12-09,28.61000061035156,29.89999961853028,28.39999961853028,29.770000457763672,29.770000457763672,0.6394730950257423,4.492806939026761,1.2800006866455078,1.2800006866455078
2011-12-12,29.190000534057617,29.190000534057617,27.59000015258789,28.270000457763672,28.270000457763672,0.9097243092130374,-5.038629415300589,-1.5,-1.5
2011-12-13,28.520000457763672,29.0,27.07999992370605,27.239999771118164,27.239999771118164,0.8300041870338943,-3.643440643675844,-1.0300006866455078,-1.0300006866455078
2011-12-14,27.01000022888184,27.059999465942383,25.290000915527344,26.07999992370605,26.07999992370605,2.35425292309911,-4.258442941112028,-1.159999847412113,-1.159999847412113
2011-12-15,26.670000076293945,26.670000076293945,25.479999542236328,25.950000762939453,25.950000762939453,1.155262285524798,-0.4984630412074198,-0.129999160766598,-0.129999160766598
2011-12-16,26.31999969482422,27.520000457763672,25.96999931335449,26.64999961853028,26.64999961853028,1.7874428544054026,2.6974906936824805,0.6999988555908239,0.6999988555908274
2011-12-19,26.82999992370605,27.3700008392334,25.63999938964844,25.739999771118164,25.739999771118164,0.2456556914607755,-3.4146336226563045,-0.9099998474121128,-0.9099998474121165
2011-12-20,26.09000015258789,26.90999984741211,26.030000686645508,26.850000381469727,26.850000381469727,1.3043389139997956,4.312356721918276,1.1100006103515625,1.1100006103515625
2011-12-21,26.71999931335449,27.040000915527344,26.030000686645508,26.8700008392334,26.8700008392334,0.4481448017957989,0.0744895995512751,0.0200004577636718,0.020000457763671875
2011-12-22,27.059999465942383,27.8700008392334,27.0,27.71999931335449,27.71999931335449,0.3827743016089016,3.1633734557982907,0.8499984741210902,0.8499984741210902
2011-12-23,27.93000030517578,28.38999938964844,27.540000915527344,28.280000686645508,28.280000686645508,0.1308587155228094,2.020207024396403,0.5600013732910192,0.5600013732910192
2011-12-27,28.14999961853028,28.559999465942383,27.93000030517578,28.209999084472656,28.209999084472656,0.1890544047135839,-0.247530411857122,-0.0700016021728515,-0.07000160217285156
2011-12-28,28.25,28.25,27.0,27.11000061035156,27.11000061035156,0.7207876196484683,-3.8993211975202,-1.0999984741210973,-1.0999984741210973
2011-12-29,27.3700008392334,27.8799991607666,26.93000030517578,27.770000457763672,27.770000457763672,0.7726056990649113,2.434525387506259,0.6599998474121129,0.6599998474121129
2011-12-30,27.81999969482422,28.209999084472656,27.40999984741211,28.030000686645508,28.030000686645508,0.5725081923952622,0.936262962174883,0.2600002288818359,0.26000022888183594
2012-01-03,29.15999984741211,29.93000030517578,28.790000915527344,29.51000022888184,29.51000022888184,1.299555706669047,5.280055319233212,1.4799995422363317,1.4799995422363317
2012-01-04,29.200000762939453,29.89999961853028,28.959999084472656,29.82999992370605,29.82999992370605,0.8810250652285458,1.084377134335046,0.3199996948242116,0.31999969482421164
2012-01-05,29.56999969482422,31.18000030517578,29.489999771118164,30.86000061035156,30.86000061035156,1.3418073714239929,3.452902076030373,1.0300006866455078,1.0300006866455078
2012-01-06,31.01000022888184,32.18000030517578,30.670000076293945,31.36000061035156,31.36000061035156,2.8995385588044487,1.6202203179227492,0.5,0.5
2012-01-09,31.46999931335449,31.46999931335449,30.809999465942383,31.1200008392334,31.1200008392334,1.166423102629878,-0.7653053777012309,-0.2399997711181605,-0.2399997711181605
2012-01-10,31.780000686645508,32.959999084472656,31.75,32.91999816894531,32.91999816894531,0.8626894371273429,5.7840529600585056,1.799997329711914,1.799997329711914
2012-01-11,32.869998931884766,32.880001068115234,32.189998626708984,32.599998474121094,32.599998474121094,0.7223820220920512,-0.9720525899849176,-0.3199996948242187,-0.31999969482421875
2012-01-12,32.459999084472656,33.150001525878906,32.130001068115234,32.959999084472656,32.959999084472656,0.8467454126915144,1.1042964024594817,0.3600006103515625,0.3600006103515625
2012-01-13,32.47999954223633,32.77000045776367,31.88999938964844,32.619998931884766,32.619998931884766,0.2966765696554271,-1.0315538896603416,-0.3400001525878906,-0.3400001525878906
2012-01-17,33.0099983215332,33.15999984741211,32.209999084472656,32.939998626708984,32.939998626708984,0.9495843703026088,0.9809923522450914,0.3199996948242187,0.31999969482421875
2012-01-18,32.84000015258789,34.290000915527344,32.77000045776367,34.16999816894531,34.16999816894531,0.7104240037651797,3.7340606967694256,1.229999542236328,1.2299995422363281
2012-01-19,34.40999984741211,34.77000045776367,34.209999084472656,34.65999984741211,34.65999984741211,0.4856132592199962,1.434011427346582,0.4900016784667969,0.4900016784667969
2012-01-20,34.619998931884766,35.189998626708984,34.45000076293945,35.119998931884766,35.119998931884766,0.452130807904756,1.3271756679104518,0.4599990844726562,0.45999908447265625
2012-01-23,35.150001525878906,36.5,34.959999084472656,36.0,36.0,0.8961718884425831,2.505697878356994,0.8800010681152344,0.8800010681152344
2012-01-24,35.63999938964844,35.77000045776367,34.90999984741211,35.59000015258789,35.59000015258789,1.023724083929212,-1.1388884650336384,-0.4099998474121094,-0.4099998474121094
2012-01-25,35.41999816894531,36.060001373291016,35.25,35.95000076293945,35.95000076293945,0.3596554661769501,1.0115218005285254,0.3600006103515625,0.3600006103515625
2012-01-26,36.310001373291016,36.310001373291016,33.900001525878906,34.209999084472656,34.209999084472656,1.2517236333615611,-4.840060198998797,-1.7400016784667969,-1.7400016784667969
2012-01-27,34.119998931884766,35.58000183105469,34.119998931884766,35.560001373291016,35.560001373291016,0.8236265772595629,3.9462213532507775,1.3500022888183594,1.3500022888183594
2012-01-30,34.88999938964844,35.310001373291016,34.529998779296875,35.150001525878906,35.150001525878906,0.6004102351579622,-1.152980403763593,-0.4099998474121094,-0.4099998474121094
2012-01-31,35.45000076293945,35.84000015258789,34.7599983215332,35.04999923706055,35.04999923706055,1.0914861877814837,-0.2845015205610535,-0.1000022888183593,-0.10000228881835938
2012-02-01,35.63999938964844,37.13999938964844,35.59000015258789,36.970001220703125,36.970001220703125,1.702939524895511,5.47789450908871,1.920001983642578,1.9200019836425781
2012-02-02,37.20000076293945,37.45000076293945,36.93999862670898,37.09999847412109,37.09999847412109,0.4609000213444618,0.3516290211674766,0.1299972534179616,0.12999725341796164
2012-02-03,37.25,38.41999816894531,37.220001220703125,37.95000076293945,37.95000076293945,0.885011071337503,2.291111384846234,0.8500022888183665,0.8500022888183665
2012-02-06,37.54999923706055,37.720001220703125,36.380001068115234,36.52999877929688,36.52999877929688,0.9982136448318862,-3.741770632661734,-1.420001983642571,-1.420001983642571
2012-02-07,36.4900016784668,36.52999877929688,35.560001373291016,36.43999862670898,36.43999862670898,2.143791800546172,-0.2463732701762699,-0.0900001525879048,-0.09000015258790484
2012-02-08,36.68000030517578,37.9900016784668,36.59000015258789,37.459999084472656,37.459999084472656,1.773093232413157,2.79912320582818,1.020000457763679,1.020000457763679
2012-02-09,37.70000076293945,37.790000915527344,36.93000030517578,36.970001220703125,36.970001220703125,0.5015572836558249,-1.308056261999846,-0.4899978637695312,-0.48999786376953125
2012-02-10,36.5,36.5,35.47999954223633,35.560001373291016,35.560001373291016,0.7630392844034141,-3.8139026260635145,-1.4099998474121094,-1.4099998474121094
2012-02-13,36.09000015258789,37.20000076293945,36.06999969482422,37.11000061035156,37.11000061035156,0.2097816364801611,4.358827832399204,1.5499992370605469,1.5499992370605469
2012-02-14,36.90999984741211,37.09999847412109,35.65999984741211,36.0,36.0,0.83319299192106,-2.991109113703261,-1.1100006103515625,-1.1100006103515625
2012-02-15,36.220001220703125,36.220001220703125,35.279998779296875,35.459999084472656,35.459999084472656,0.1236839045266866,-1.5000025431315067,-0.5400009155273438,-0.5400009155273438
2012-02-16,35.58000183105469,36.11000061035156,35.279998779296875,36.040000915527344,36.040000915527344,0.2600053134530212,1.6356510040313577,0.5800018310546875,0.5800018310546875
2012-02-17,36.290000915527344,36.290000915527344,35.79999923706055,36.13999938964844,36.13999938964844,-0.1035184436838711,0.2774652374606612,0.0999984741210937,0.09999847412109375
2012-02-21,36.310001373291016,37.060001373291016,36.18999862670898,36.63999938964844,36.63999938964844,0.2273200633595726,1.3835086011186215,0.5,0.5
2012-02-22,36.630001068115234,36.7400016784668,36.119998931884766,36.29999923706055,36.29999923706055,-0.20874900496034,-0.9279480301627618,-0.3400001525878906,-0.3400001525878906
2012-02-23,36.40999984741211,36.40999984741211,35.5099983215332,35.97999954223633,35.97999954223633,0.8467454126915144,-0.8815418775477979,-0.3199996948242187,-0.31999969482421875
2012-02-24,36.09999847412109,36.20000076293945,35.400001525878906,35.65999984741211,35.65999984741211,-0.0907632241352082,-0.8893821536839597,-0.3199996948242187,-0.31999969482421875
2012-02-27,35.130001068115234,36.43999862670898,34.540000915527344,35.880001068115234,35.880001068115234,1.1425070659761352,0.6169411711848038,0.220001220703125,0.220001220703125
2012-02-28,35.86000061035156,36.40999984741211,35.54999923706055,36.2400016784668,36.2400016784668,1.0085772607151748,1.0033461528279553,0.3600006103515625,0.3600006103515625
2012-03-01,40.25,41.900001525878906,40.25,41.25,41.25,2.504126752795899,13.82449803944148,5.009998321533203,5.009998321533203
2012-03-02,41.040000915527344,42.27999877929688,40.59999847412109,40.81999969482422,40.81999969482422,1.0253184863727949,-1.0424249822443166,-0.4300003051757812,-0.43000030517578125
2012-03-05,40.70000076293945,40.70000076293945,39.27999877929688,39.7599983215332,39.7599983215332,0.8690670469016744,-2.5967696747078106,-1.0600013732910156,-1.0600013732910156
2012-03-06,38.88999938964844,39.2599983215332,37.34999847412109,37.65999984741211,37.65999984741211,1.1138078219916436,-5.281686526087648,-2.0999984741210938,-2.0999984741210938
2012-03-07,37.79999923706055,38.47999954223633,37.7599983215332,38.20000076293945,38.20000076293945,0.372410685725613,1.4338845398706337,0.5400009155273438,0.5400009155273438
2012-03-08,38.5,39.33000183105469,38.27999877929688,39.2400016784668,39.2400016784668,0.1954320144879153,2.7225154312989552,1.0400009155273438,1.0400009155273438
2012-03-09,39.290000915527344,40.09999847412109,38.9900016784668,39.43999862670898,39.43999862670898,0.4361867834689275,0.509676196960851,0.1999969482421804,0.1999969482421804
2012-03-12,39.66999816894531,40.31999969482422,39.560001373291016,40.09999847412109,40.09999847412109,1.2700592614627642,1.6734276632686118,0.6599998474121094,0.6599998474121094
2012-03-13,40.36000061035156,40.47999954223633,39.59999847412109,40.470001220703125,40.470001220703125,1.1122134195480609,0.9227001512751354,0.3700027465820383,0.37000274658203836
2012-03-14,40.72999954223633,40.72999954223633,39.56999969482422,39.84000015258789,39.84000015258789,0.1770963863867124,-1.556711265412436,-0.6300010681152344,-0.6300010681152344
2012-03-15,40.20000076293945,40.70000076293945,39.58000183105469,40.52000045776367,40.52000045776367,0.0678798190012864,1.706828068703237,0.6800003051757812,0.6800003051757812
2012-03-16,40.59999847412109,40.650001525878906,39.93000030517578,40.130001068115234,40.130001068115234,0.6083822473758765,-0.9624861432441456,-0.3899993896484375,-0.3899993896484375
2012-03-19,39.790000915527344,40.040000915527344,39.09999847412109,39.209999084472656,39.209999084472656,0.7064379976562225,-2.292554097073163,-0.920001983642578,-0.9200019836425781
2012-03-20,38.650001525878906,38.84999847412109,37.90999984741211,38.20000076293945,38.20000076293945,0.7797805100610341,-2.575869281091536,-1.0099983215332031,-1.0099983215332031
2012-03-21,38.16999816894531,38.31999969482422,37.31999969482422,38.0099983215332,38.0099983215332,0.9631367910730632,-0.4973885801347499,-0.19000244140625,-0.19000244140625
2012-03-22,37.52999877929688,37.93000030517578,37.0,37.38999938964844,37.38999938964844,1.110619017104478,-1.631146959387075,-0.6199989318847656,-0.6199989318847656
2012-03-23,37.52000045776367,39.45000076293945,37.11000061035156,39.40999984741211,39.40999984741211,1.0500317242483292,5.402515353672133,2.020000457763672,2.020000457763672
2012-03-26,40.400001525878906,40.56999969482422,40.02000045776367,40.220001220703125,40.220001220703125,0.4377811859125103,2.0553194022511656,0.8100013732910156,0.8100013732910156
2012-03-27,40.29999923706055,40.31999969482422,39.209999084472656,39.220001220703125,39.220001220703125,0.2153620450327011,-2.486325135876055,-1.0,-1.0
2012-03-28,39.22999954223633,39.34000015258789,38.08000183105469,38.47999954223633,38.47999954223633,0.413067948036976,-1.8867966737241448,-0.7400016784667969,-0.7400016784667969
2012-03-29,38.02000045776367,38.45000076293945,37.52999877929688,38.18999862670898,38.18999862670898,0.2966765696554271,-0.7536406418327535,-0.2900009155273508,-0.29000091552735086
2012-03-30,38.70000076293945,39.09999847412109,37.869998931884766,38.91999816894531,38.91999816894531,0.707235198878014,1.9114940258882165,0.7299995422363352,0.7299995422363352
2012-04-02,38.91999816894531,39.95000076293945,38.84000015258789,39.84999847412109,39.84999847412109,1.156856687968381,2.389517854391454,0.930000305175774,0.9300003051757741
2012-04-03,39.540000915527344,39.560001373291016,38.93000030517578,39.38999938964844,39.38999938964844,0.2440612890171926,-1.1543264795138564,-0.4599990844726491,-0.45999908447264914
2012-04-04,38.91999816894531,38.91999816894531,37.959999084472656,38.459999084472656,38.459999084472656,0.2839213501067641,-2.36100614264082,-0.9300003051757812,-0.9300003051757812
2012-04-05,38.209999084472656,38.970001220703125,38.209999084472656,38.52999877929688,38.52999877929688,-0.1138820595671597,0.1820064911350671,0.0699996948242258,0.06999969482422586
2012-04-09,37.25,37.40999984741211,36.70000076293945,36.810001373291016,36.810001373291016,0.3054457830951328,-4.464047392937021,-1.7199974060058665,-1.7199974060058665
2012-04-10,36.959999084472656,37.02999877929688,35.959999084472656,35.970001220703125,35.970001220703125,0.4234315639202646,-2.2819889194499954,-0.8400001525878906,-0.8400001525878906
2012-04-11,36.59000015258789,36.59000015258789,35.97999954223633,36.31999969482422,36.31999969482422,0.4066903382626445,0.9730288080158412,0.3499984741210937,0.34999847412109375
2012-04-12,36.38999938964844,37.470001220703125,36.18000030517578,37.29999923706055,37.29999923706055,0.3875575089396502,2.6982366477717346,0.979999542236328,0.9799995422363281
2012-04-13,37.25,37.25,36.77000045776367,36.86000061035156,36.86000061035156,0.3285646185270843,-1.1796210072621438,-0.4399986267089844,-0.4399986267089844
2012-04-16,37.290000915527344,37.59999847412109,36.5099983215332,37.209999084472656,37.209999084472656,0.1173062947523551,0.9495346400585802,0.3499984741210937,0.34999847412109375
2012-04-17,37.4900016784668,38.459999084472656,37.31999969482422,38.09999847412109,38.09999847412109,0.3237814111963357,2.391828571744892,0.8899993896484304,0.8899993896484304
2012-04-18,37.83000183105469,38.150001525878906,37.040000915527344,37.29999923706055,37.29999923706055,-0.1497561145477741,-2.099735614435594,-0.7999992370605398,-0.7999992370605398
2012-04-19,37.43999862670898,37.970001220703125,36.7599983215332,37.59999847412109,37.59999847412109,0.0662854165577035,0.804287515272839,0.2999992370605397,0.29999923706053977
2012-04-20,38.040000915527344,38.400001525878906,37.59999847412109,38.0099983215332,38.0099983215332,0.2496416975697326,1.0904251703475645,0.4099998474121165,0.4099998474121165
2012-04-23,37.22999954223633,37.43999862670898,36.66999816894531,37.34999847412109,37.34999847412109,0.2217396548070326,-1.7363848370343549,-0.6599998474121165,-0.6599998474121165
2012-04-24,37.47999954223633,37.84999847412109,37.02999877929688,37.709999084472656,37.709999084472656,0.3461030454064958,0.9638570952044568,0.3600006103515696,0.3600006103515696
2012-04-25,38.43999862670898,38.869998931884766,38.06999969482422,38.52999877929688,38.52999877929688,0.1404251301843066,2.1744887688471604,0.8199996948242259,0.8199996948242259
2012-04-26,38.25,38.25,34.779998779296875,34.869998931884766,34.869998931884766,2.186043465301118,-9.499091521847449,-3.659999847412117,-3.6599998474121165
2012-04-27,34.88999938964844,34.93000030517578,32.849998474121094,34.40999984741211,34.40999984741211,1.7475827933158312,-1.3191829611788108,-0.4599990844726562,-0.45999908447265625
2012-04-30,34.33000183105469,34.5,33.400001525878906,33.91999816894531,33.91999816894531,0.6960743817729339,-1.424009533971704,-0.4900016784667969,-0.4900016784667969
2012-05-01,33.83000183105469,35.529998779296875,33.66999816894531,34.529998779296875,34.529998779296875,0.6920883756639767,1.798350953067085,0.6100006103515625,0.6100006103515625
2012-05-02,34.119998931884766,34.83000183105469,33.720001220703125,34.599998474121094,34.599998474121094,0.361249868620533,0.2027213938570637,0.0699996948242187,0.06999969482421875
2012-05-03,34.54999923706055,34.54999923706055,33.36000061035156,33.650001525878906,33.650001525878906,0.0503413921218749,-2.745656040860045,-0.9499969482421876,-0.9499969482421875
2012-05-04,33.36000061035156,33.36000061035156,32.56999969482422,32.56999969482422,32.56999969482422,0.3126205940912557,-3.2095149541794266,-1.0800018310546875,-1.0800018310546875
2012-05-07,32.369998931884766,32.45000076293945,31.51000022888184,31.549999237060547,31.549999237060547,1.2461432248090212,-3.1317177381667616,-1.020000457763672,-1.0200004577636719
2012-05-08,31.059999465942383,31.32999992370605,30.440000534057617,30.86000061035156,30.86000061035156,1.6981563175647625,-2.187000454499133,-0.6899986267089879,-0.6899986267089879
2012-05-09,30.420000076293945,31.670000076293945,30.420000076293945,31.3799991607666,31.3799991607666,2.318378868118496,1.685024433345661,0.5199985504150426,0.5199985504150426
2012-05-11,31.549999237060547,32.779998779296875,31.100000381469727,32.52000045776367,32.52000045776367,2.1972042824061977,3.632891419647888,1.1400012969970703,1.1400012969970703
2012-05-14,32.06999969482422,32.5099983215332,31.84000015258789,32.369998931884766,32.369998931884766,1.36811501174311,-0.4612592981778296,-0.1500015258789062,-0.15000152587890625
2012-05-16,29.709999084472656,30.600000381469727,27.559999465942383,27.64999961853028,27.64999961853028,3.702320189148419,-14.581400893112916,-4.719999313354489,-4.719999313354485
2012-05-17,27.700000762939453,28.100000381469727,27.059999465942383,27.229999542236328,27.229999542236328,4.082585171942932,-1.5189876386561552,-0.4200000762939488,-0.4200000762939524
2012-05-18,27.239999771118164,27.799999237060547,26.31999969482422,26.520000457763672,26.520000457763672,2.7703919608742367,-2.6074149702844496,-0.7099990844726562,-0.7099990844726562
2012-05-21,26.71999931335449,27.989999771118164,26.71999931335449,27.6200008392334,27.6200008392334,2.3614277340952325,4.147814338169464,1.1000003814697266,1.1000003814697266
2012-05-22,27.65999984741211,28.89999961853028,27.6200008392334,28.040000915527344,28.040000915527344,1.8265057142731829,1.5206374494288522,0.4200000762939453,0.4200000762939453
2012-05-23,27.61000061035156,28.290000915527344,27.209999084472656,28.209999084472656,28.209999084472656,0.2895017586593042,0.6062701975561469,0.1699981689453125,0.1699981689453125
2012-05-24,28.34000015258789,28.34000015258789,27.6299991607666,28.209999084472656,28.209999084472656,0.3700190820602387,0.0,0.0,0.0
2012-05-25,28.18000030517578,28.18000030517578,27.690000534057617,28.040000915527344,28.040000915527344,0.2663829232273527,-0.6026167120256387,-0.1699981689453125,-0.1699981689453125
2012-05-29,28.479999542236328,28.86000061035156,28.06999969482422,28.32999992370605,28.32999992370605,0.2416696853518183,1.0342332336305882,0.2899990081787074,0.2899990081787074
2012-05-30,27.8799991607666,28.200000762939453,27.350000381469727,27.729999542236328,27.729999542236328,1.3147025298830843,-2.117897575310801,-0.600000381469723,-0.600000381469723
2012-05-31,27.82999992370605,28.1299991607666,27.40999984741211,27.81999969482422,27.81999969482422,0.7997105406058199,0.324558795793739,0.0900001525878906,0.09000015258789062
2012-06-01,26.040000915527344,27.40999984741211,25.90999984741211,27.030000686645508,27.030000686645508,1.0205352790420463,-2.839680146817858,-0.7899990081787109,-0.7899990081787109
2012-06-04,27.229999542236328,27.5,26.11000061035156,26.63999938964844,26.63999938964844,0.6075850461540852,-1.442846049166957,-0.3900012969970667,-0.39000129699706676
2012-06-05,26.43000030517578,27.690000534057617,26.3799991607666,27.6200008392334,27.6200008392334,0.9463955654154432,3.6786842043463386,0.9800014495849574,0.9800014495849574
2012-06-06,27.950000762939453,28.670000076293945,27.600000381469727,28.13999938964844,28.13999938964844,1.7515687994247884,1.8826883946954756,0.5199985504150426,0.5199985504150426
2012-06-07,28.43000030517578,29.25,27.40999984741211,27.459999084472656,27.459999084472656,0.418648356589516,-2.4164901205574574,-0.6800003051757848,-0.6800003051757848
2012-06-08,27.31999969482422,27.65999984741211,26.739999771118164,27.51000022888184,27.51000022888184,0.383571502830693,0.1820872034823173,0.0500011444091832,0.05000114440918324
2012-06-11,27.940000534057617,27.940000534057617,25.86000061035156,25.920000076293945,25.920000076293945,1.28998929200755,-5.779716973315785,-1.5900001525878942,-1.5900001525878942
2012-06-12,26.07999992370605,26.979999542236328,25.690000534057617,26.940000534057617,26.940000534057617,0.5764941985042193,3.935186939665747,1.020000457763672,1.0200004577636719
2012-06-13,26.88999938964844,26.920000076293945,26.07999992370605,26.26000022888184,26.26000022888184,0.4042987345972702,-2.524128773925305,-0.6800003051757777,-0.6800003051757777
2012-06-14,26.3799991607666,26.76000022888184,26.01000022888184,26.6200008392334,26.6200008392334,0.3445086429629129,1.370908633715917,0.3600006103515589,0.36000061035155895
2012-06-15,26.71999931335449,27.57999992370605,26.68000030517578,27.18000030517578,27.18000030517578,0.5645361801773479,2.103679369975975,0.5599994659423828,0.5599994659423828
2012-06-18,26.989999771118164,27.170000076293945,26.34000015258789,26.479999542236328,26.479999542236328,0.2065928315929954,-2.5754258832960897,-0.7000007629394531,-0.7000007629394531
2012-06-19,26.6299991607666,28.15999984741211,26.6299991607666,28.13999938964844,28.13999938964844,0.4377811859125103,6.268881707359419,1.659999847412113,1.659999847412113
2012-06-20,28.09000015258789,28.1200008392334,27.549999237060547,27.82999992370605,27.82999992370605,0.3795854967217359,-1.1016328097591457,-0.3099994659423899,-0.3099994659423899
2012-06-21,27.790000915527344,27.790000915527344,26.59000015258789,26.809999465942383,26.809999465942383,0.6410674974693252,-3.6651112488678574,-1.0200004577636683,-1.0200004577636683
2012-06-22,26.979999542236328,27.1299991607666,26.200000762939453,27.06999969482422,27.06999969482422,3.003971918859126,0.9697882658003198,0.2600002288818359,0.26000022888183594
2012-06-25,26.600000381469727,27.200000762939453,26.020000457763672,27.01000022888184,27.01000022888184,0.5175013080916534,-0.2216456099696673,-0.0599994659423792,-0.05999946594237926
2012-06-26,27.049999237060547,28.59000015258789,27.049999237060547,28.100000381469727,28.100000381469727,0.7375288453060883,4.035542922440816,1.090000152587887,1.090000152587887
2012-06-27,28.100000381469727,29.34000015258789,28.100000381469727,29.13999938964844,29.13999938964844,1.1393182610889694,3.701064035801682,1.0399990081787145,1.0399990081787145
2012-06-28,28.690000534057617,29.520000457763672,28.420000076293945,29.32999992370605,29.32999992370605,1.1656259014080868,0.6520265546920534,0.19000053405761,0.19000053405761008
2012-06-29,30.18000030517578,31.200000762939453,30.07999992370605,30.90999984741211,30.90999984741211,1.1759895172913752,5.386975546593908,1.5799999237060582,1.5799999237060582
2012-07-02,30.82999992370605,31.13999938964844,29.88999938964844,30.850000381469727,30.850000381469727,0.5222845154224021,-0.1941102110597614,-0.0599994659423828,-0.05999946594238281
2012-07-03,31.049999237060547,32.18000030517578,30.729999542236328,31.8799991607666,31.8799991607666,0.3564666612897844,3.338731820293761,1.029998779296875,1.029998779296875
2012-07-05,31.700000762939453,32.20000076293945,31.26000022888184,31.440000534057617,31.440000534057617,0.1029566727601094,-1.380171387364626,-0.4399986267089844,-0.4399986267089844
2012-07-06,31.040000915527344,31.14999961853028,30.3700008392334,30.850000381469727,30.850000381469727,0.1005650690947351,-1.876590784242416,-0.5900001525878906,-0.5900001525878906
2012-07-09,30.709999084472656,30.739999771118164,30.25,30.6299991607666,30.6299991607666,0.1954320144879153,-0.7131319869780994,-0.220001220703125,-0.220001220703125
2012-07-10,30.989999771118164,31.520000457763672,30.6299991607666,30.780000686645508,30.780000686645508,0.263194118340187,0.4897209598067498,0.1500015258789062,0.15000152587890625
2012-07-11,30.86000061035156,31.920000076293945,30.790000915527344,31.71999931335449,31.71999931335449,1.3449961763111586,3.0539265943448024,0.9399986267089808,0.9399986267089808
2012-07-12,31.270000457763672,31.809999465942383,30.770000457763672,31.600000381469727,31.600000381469727,0.7215848208702597,-0.3783068552408286,-0.119998931884762,-0.11999893188476207
2012-07-13,31.709999084472656,32.31999969482422,31.709999084472656,32.040000915527344,32.040000915527344,0.4449559969086332,1.3924067365379988,0.4400005340576172,0.4400005340576172
2012-07-16,32.029998779296875,32.029998779296875,30.700000762939453,30.950000762939453,30.950000762939453,0.4664804298970018,-3.40199788215253,-1.0900001525878906,-1.0900001525878906
2012-07-17,31.18000030517578,32.25,31.18000030517578,32.209999084472656,32.209999084472656,0.4401727895778846,4.071076867442169,1.2599983215332031,1.2599983215332031
2012-07-18,32.209999084472656,33.36000061035156,32.02000045776367,33.09000015258789,33.09000015258789,0.7734029002867027,2.7320741792242087,0.8800010681152344,0.8800010681152344
2012-07-19,33.20000076293945,33.20000076293945,32.099998474121094,32.66999816894531,32.66999816894531,0.2464528926825669,-1.269271628001889,-0.4200019836425781,-0.4200019836425781
2012-07-20,32.2599983215332,32.439998626708984,31.8799991607666,32.029998779296875,32.029998779296875,-0.0724275960340053,-1.9589820187280949,-0.6399993896484375,-0.6399993896484375
2012-07-23,31.26000022888184,31.540000915527344,30.709999084472656,31.34000015258789,31.34000015258789,0.3229842099745443,-2.154226203576925,-0.6899986267089844,-0.6899986267089844
2012-07-24,31.39999961853028,31.39999961853028,30.520000457763672,30.940000534057617,30.940000534057617,0.2480472951261498,-1.2763229629315864,-0.3999996185302734,-0.39999961853027344
2012-07-25,31.299999237060547,31.450000762939453,30.46999931335449,30.959999084472656,30.959999084472656,0.8730530530106315,0.0646365548475857,0.019998550415039,0.019998550415039062
2012-07-26,31.64999961853028,31.950000762939453,30.89999961853028,31.38999938964844,31.38999938964844,0.0774462336627836,1.3888899156700552,0.4300003051757848,0.4300003051757848
2012-07-27,31.540000915527344,32.93000030517578,31.170000076293945,32.54999923706055,32.54999923706055,0.1723131790559638,3.695443994798686,1.1599998474121058,1.1599998474121058
2012-07-30,32.72999954223633,33.20000076293945,31.81999969482422,32.18000030517578,32.18000030517578,0.4616972225662533,-1.1367094947992928,-0.3699989318847656,-0.3699989318847656
2012-07-31,32.119998931884766,32.65999984741211,32.0,32.130001068115234,32.130001068115234,-0.1888189744155542,-0.155373637620837,-0.0499992370605468,-0.049999237060546875
2012-08-01,32.29999923706055,32.619998931884766,31.280000686645508,31.290000915527344,31.290000915527344,0.5669277838427221,-2.6143794729639125,-0.8400001525878906,-0.8400001525878906
2012-08-02,31.01000022888184,31.32999992370605,30.440000534057617,30.989999771118164,30.989999771118164,0.3453058441847044,-0.9587764002279342,-0.3000011444091797,-0.3000011444091797
2012-08-03,31.700000762939453,32.20000076293945,31.440000534057617,32.0,32.0,-0.0198123153957709,3.259116606458079,1.010000228881836,1.010000228881836
2012-08-06,32.15999984741211,32.869998931884766,31.90999984741211,32.63999938964844,32.63999938964844,0.2703689293363098,1.9999980926513672,0.6399993896484375,0.6399993896484375
2012-08-07,32.959999084472656,33.880001068115234,32.7599983215332,33.81999969482422,33.81999969482422,0.5725081923952622,3.615197081008548,1.1800003051757812,1.1800003051757812
2012-08-08,33.560001373291016,33.970001220703125,33.209999084472656,33.95000076293945,33.95000076293945,0.8587034310183858,0.3843910978365006,0.1300010681152343,0.13000106811523438
2012-08-09,35.68000030517578,37.0,35.25,36.540000915527344,36.540000915527344,1.876729391246043,7.628866257391054,2.59000015258789,2.5900001525878906
2012-08-10,36.63999938964844,38.209999084472656,36.25,37.34000015258789,37.34000015258789,1.236576810147524,2.1893793569134568,0.7999992370605469,0.7999992370605469
2012-08-13,37.2400016784668,37.47999954223633,36.20000076293945,36.54999923706055,36.54999923706055,0.8650810407927173,-2.1156960693600624,-0.7900009155273438,-0.7900009155273438
2012-08-14,36.75,36.84000015258789,36.06999969482422,36.31999969482422,36.31999969482422,0.6362842901385766,-0.6292737265042536,-0.2299995422363281,-0.22999954223632812
2012-08-15,36.09000015258789,36.93000030517578,36.08000183105469,36.86000061035156,36.86000061035156,0.30385138065155,1.486786674186824,0.5400009155273438,0.5400009155273438
2012-08-16,36.880001068115234,37.81999969482422,36.22999954223633,37.59000015258789,37.59000015258789,0.2448584902389841,1.980465355801764,0.7299995422363281,0.7299995422363281
2012-08-17,37.63999938964844,38.04999923706055,37.34999847412109,38.04999923706055,38.04999923706055,0.1938376120443325,1.2237272748214956,0.4599990844726562,0.45999908447265625
2012-08-20,37.86000061035156,39.0,37.61000061035156,38.63999938964844,38.63999938964844,0.5366341374146477,1.5505917593113372,0.5900001525878906,0.5900001525878906
2012-08-21,38.970001220703125,39.650001525878906,38.4900016784668,38.7599983215332,38.7599983215332,1.3434017738675756,0.3105562468433076,0.1199989318847656,0.11999893188476562
2012-08-22,38.650001525878906,38.93000030517578,38.31999969482422,38.869998931884766,38.869998931884766,0.5095292958737391,0.2837993166022734,0.1100006103515625,0.1100006103515625
2012-08-23,38.90999984741211,38.90999984741211,38.290000915527344,38.5099983215332,38.5099983215332,0.1683271729470067,-0.9261657325548732,-0.3600006103515625,-0.3600006103515625
2012-08-24,38.369998931884766,38.77999877929688,38.209999084472656,38.38999938964844,38.38999938964844,0.5302565276403163,-0.3116046146843576,-0.1199989318847656,-0.11999893188476562
2012-08-27,38.54999923706055,38.90999984741211,38.16999816894531,38.5,38.5,0.252033301235107,0.2865345457161439,0.1100006103515625,0.1100006103515625
2012-08-28,38.209999084472656,38.790000915527344,38.09000015258789,38.31999969482422,38.31999969482422,-0.0883716204698339,-0.4675332601968396,-0.1800003051757812,-0.18000030517578125
2012-08-29,38.470001220703125,38.470001220703125,37.5,37.68000030517578,37.68000030517578,0.2847185513285556,-1.670144558312403,-0.6399993896484375,-0.6399993896484375
2012-08-30,37.63999938964844,38.540000915527344,37.36000061035156,37.66999816894531,37.66999816894531,-0.0676443887032567,-0.0265449473180967,-0.0100021362304687,-0.01000213623046875
2012-08-31,38.130001068115234,38.130001068115234,36.97999954223633,37.70000076293945,37.70000076293945,0.1085370813126494,0.0796458599747751,0.0300025939941406,0.030002593994140625
2012-09-04,37.650001525878906,38.11000061035156,36.900001525878906,37.91999816894531,37.91999816894531,0.2464528926825669,0.5835474842274424,0.2199974060058593,0.21999740600585938
2012-09-05,37.880001068115234,38.650001525878906,37.65999984741211,38.380001068115234,38.380001068115234,0.2807325452195984,1.2130878728434211,0.4600028991699219,0.4600028991699219
2012-09-06,38.709999084472656,39.16999816894531,38.540000915527344,38.65999984741211,38.65999984741211,0.3628442710641158,0.7295434380002908,0.279998779296875,0.279998779296875
2012-09-07,38.91999816894531,39.38999938964844,38.61000061035156,39.290000915527344,39.290000915527344,0.0989706666511522,1.6295940781215768,0.6300010681152344,0.6300010681152344
2012-09-10,39.2599983215332,39.84999847412109,39.060001373291016,39.2400016784668,39.2400016784668,0.252033301235107,-0.1272568997085166,-0.0499992370605468,-0.049999237060546875
2012-09-11,39.22999954223633,39.790000915527344,39.09999847412109,39.77000045776367,39.77000045776367,-0.1441757059952341,1.3506594205568323,0.529998779296875,0.529998779296875
2012-09-12,39.869998931884766,40.4900016784668,39.68999862670898,40.41999816894531,40.41999816894531,0.8953746872207916,1.634392013326602,0.6499977111816406,0.6499977111816406
2012-10-15,39.900001525878906,40.790000915527344,39.11000061035156,40.72999954223633,40.72999954223633,0.9153047177655774,0.766950488209539,0.3100013732910156,0.3100013732910156
2012-10-16,40.959999084472656,41.79999923706055,40.959999084472656,41.459999084472656,41.459999084472656,0.34291424051933,1.7922895910650103,0.7299995422363281,0.7299995422363281
2012-10-17,41.400001525878906,41.630001068115234,40.91999816894531,41.52999877929688,41.52999877929688,0.4441587956868418,0.1688367013265024,0.0699996948242258,0.06999969482422586
2012-10-19,41.09999847412109,41.310001373291016,40.34000015258789,40.7599983215332,40.7599983215332,0.2775437403324327,-1.854082543694968,-0.770000457763679,-0.770000457763679
2012-10-22,40.709999084472656,41.709999084472656,40.68000030517578,41.09999847412109,41.09999847412109,0.1037538739819008,0.8341515372640718,0.3400001525878835,0.3400001525878835
2012-10-23,40.4900016784668,40.75,40.15999984741211,40.65999984741211,40.65999984741211,0.3293618197488757,-1.0705563091103931,-0.4399986267089772,-0.43999862670897727
2012-10-24,40.84999847412109,40.900001525878906,39.70000076293945,39.810001373291016,39.810001373291016,0.3524806551808272,-2.090502895501589,-0.8499984741210938,-0.8499984741210938
2012-10-25,40.38999938964844,40.52000045776367,39.22999954223633,39.38999938964844,39.38999938964844,0.2647885207837698,-1.055016250073182,-0.4200019836425781,-0.4200019836425781
2012-10-26,39.38999938964844,40.93999862670898,39.040000915527344,40.81999969482422,40.81999969482422,0.4098791431498103,3.630363867310904,1.4300003051757812,1.4300003051757812
2012-10-31,40.84999847412109,40.9900016784668,39.5,40.27000045776367,40.27000045776367,0.2097816364801611,-1.3473768769534875,-0.5499992370605469,-0.5499992370605469
2012-11-05,41.08000183105469,41.52000045776367,40.400001525878906,40.68000030517578,40.68000030517578,0.3532778564026186,1.0181272479550252,0.4099998474121094,0.4099998474121094
2012-11-07,40.59999847412109,41.08000183105469,36.2599983215332,38.29999923706055,38.29999923706055,3.2311742670696835,-5.850543388055051,-2.3800010681152344,-2.3800010681152344
2012-11-08,38.77999877929688,39.0,37.27000045776367,37.380001068115234,37.380001068115234,0.7439064550804197,-2.4020840398740417,-0.9199981689453124,-0.9199981689453125
2012-11-09,37.02000045776367,39.02999877929688,37.02000045776367,37.91999816894531,37.91999816894531,0.3110261916476728,1.44461499571944,0.5399971008300781,0.5399971008300781
2012-11-12,38.060001373291016,38.88999938964844,37.75,38.25,38.25,0.1340475204099752,0.8702580353100897,0.3300018310546875,0.3300018310546875
2012-11-13,37.869998931884766,38.52999877929688,37.869998931884766,38.13999938964844,38.13999938964844,-0.0835884131390854,-0.287583295036764,-0.1100006103515625,-0.1100006103515625
2012-11-14,38.209999084472656,38.36000061035156,32.66999816894531,33.040000915527344,33.040000915527344,2.570294454204588,-13.371784362181405,-5.099998474121094,-5.099998474121094
2012-11-15,32.939998626708984,33.33000183105469,31.950000762939453,33.040000915527344,33.040000915527344,1.8041840800630229,0.0,0.0,0.0
2012-11-16,32.970001220703125,33.290000915527344,32.13999938964844,33.11000061035156,33.11000061035156,0.5988158327143793,0.2118634772534822,0.0699996948242187,0.06999969482421875
2012-11-19,33.54999923706055,34.119998931884766,33.18000030517578,33.88999938964844,33.88999938964844,1.186353133174664,2.355780020895004,0.779998779296875,0.779998779296875
2012-11-20,33.72999954223633,34.0,33.25,33.70000076293945,33.70000076293945,0.3875575089396502,-0.5606333140478537,-0.1899986267089843,-0.18999862670898438
2012-11-21,33.439998626708984,33.7400016784668,30.479999542236328,31.780000686645508,31.780000686645508,2.982447485870757,-5.697329474263412,-1.920000076293945,-1.9200000762939453
2012-11-23,32.0099983215332,32.54999923706055,31.770000457763672,32.54999923706055,32.54999923706055,0.3819771003871102,2.422902875325006,0.7699985504150391,0.7699985504150391
2012-11-26,32.290000915527344,33.61000061035156,32.290000915527344,33.58000183105469,33.58000183105469,0.7263680282010083,3.164370562630947,1.0300025939941406,1.0300025939941406
2012-11-27,33.68000030517578,34.16999816894531,33.18000030517578,33.5,33.5,0.6546199182397795,-0.2382424856829601,-0.0800018310546875,-0.0800018310546875
2012-11-28,33.22999954223633,33.880001068115234,32.65999984741211,33.70000076293945,33.70000076293945,0.6761443512281482,0.5970172028043397,0.2000007629394531,0.20000076293945312
2012-11-29,34.040000915527344,34.27000045776367,33.09000015258789,33.970001220703125,33.970001220703125,0.6888995707768111,0.8011882838311335,0.2700004577636719,0.2700004577636719
2012-11-30,34.130001068115234,34.130001068115234,33.349998474121094,33.43000030517578,33.43000030517578,0.6609975280141109,-1.5896405537902614,-0.5400009155273438,-0.5400009155273438
2012-12-03,33.709999084472656,33.779998779296875,32.90999984741211,32.939998626708984,32.939998626708984,0.6043962412669194,-1.4657543344112178,-0.4900016784667969,-0.4900016784667969
2012-12-04,32.88999938964844,33.540000915527344,32.279998779296875,33.22999954223633,33.22999954223633,1.945288696320106,0.8803914013894243,0.2900009155273437,0.29000091552734375
2012-12-05,33.439998626708984,33.75,33.06999969482422,33.5,33.5,0.2137676425891183,0.8125201970601736,0.2700004577636719,0.2700004577636719
2012-12-06,33.16999816894531,33.5,33.08000183105469,33.33000183105469,33.33000183105469,1.0954721938904408,-0.507457220732277,-0.1699981689453125,-0.1699981689453125
2012-12-07,33.599998474121094,33.599998474121094,32.939998626708984,32.9900016784668,32.9900016784668,0.8124657601544828,-1.0201024119689706,-0.3400001525878906,-0.3400001525878906
2012-12-10,32.9900016784668,33.439998626708984,32.630001068115234,32.93000030517578,32.93000030517578,1.4063806703890989,-0.1818774484336538,-0.0600013732910156,-0.060001373291015625
2012-12-11,33.40999984741211,33.40999984741211,32.529998779296875,32.61000061035156,32.61000061035156,1.7834568482964457,-0.971757339382484,-0.3199996948242187,-0.31999969482421875
2012-12-12,32.869998931884766,33.5,32.810001373291016,33.439998626708984,33.439998626708984,1.3728982190738588,2.5452253935069,0.8299980163574219,0.8299980163574219
2012-12-13,33.33000183105469,33.45000076293945,32.56999969482422,32.70000076293945,32.70000076293945,0.5039488873211991,-2.2129123629164416,-0.7399978637695312,-0.7399978637695312
2012-12-14,32.52000045776367,33.04999923706055,32.380001068115234,32.68000030517578,32.68000030517578,0.3907463138268159,-0.06116347797257,-0.0200004577636718,-0.020000457763671875
2012-12-17,32.86000061035156,33.84000015258789,32.68000030517578,33.65999984741211,33.65999984741211,0.4736552408931247,2.998774581042829,0.979999542236328,0.9799995422363281
2012-12-18,33.79999923706055,33.970001220703125,33.369998931884766,33.880001068115234,33.880001068115234,0.3827743016089016,0.653598400773725,0.220001220703125,0.220001220703125
2012-12-19,33.880001068115234,34.7400016784668,33.75,34.2400016784668,34.2400016784668,0.4800328506674561,1.062575557857226,0.3600006103515625,0.3600006103515625
2012-12-20,34.279998779296875,34.93000030517578,33.970001220703125,34.7599983215332,34.7599983215332,0.5788858021695936,1.518681710209813,0.5199966430664062,0.5199966430664062
2012-12-21,33.86000061035156,34.310001373291016,33.72999954223633,34.20000076293945,34.20000076293945,1.9588411170905604,-1.6110402348519126,-0.55999755859375,-0.55999755859375
2012-12-24,33.97999954223633,34.310001373291016,33.61000061035156,34.310001373291016,34.310001373291016,-0.3299235906726375,0.3216392043790872,0.1100006103515625,0.1100006103515625
2012-12-26,34.45000076293945,34.619998931884766,33.56999969482422,33.689998626708984,33.689998626708984,-0.0293787300572681,-1.8070612700839983,-0.6200027465820312,-0.6200027465820312
2012-12-27,33.689998626708984,34.47999954223633,33.5,34.34000015258789,34.34000015258789,0.3269702160835014,1.9293604997763223,0.6500015258789062,0.6500015258789062
2012-12-28,34.06999969482422,35.290000915527344,33.93000030517578,34.81999969482422,34.81999969482422,0.3500890515154529,1.3977854982628823,0.4799995422363281,0.4799995422363281
2012-12-31,34.70000076293945,35.540000915527344,34.369998931884766,35.41999816894531,35.41999816894531,0.2727605330016842,1.7231432492237575,0.5999984741210938,0.5999984741210938
2013-01-02,36.45000076293945,36.790000915527344,36.290000915527344,36.790000915527344,36.790000915527344,0.8323957906992686,3.867879213452885,1.3700027465820312,1.3700027465820312
2013-01-03,36.880001068115234,36.880001068115234,36.0,36.18000030517578,36.18000030517578,0.3484946490718701,-1.6580608729860336,-0.6100006103515625,-0.6100006103515625
2013-01-04,36.040000915527344,36.970001220703125,35.900001525878906,36.4900016784668,36.4900016784668,0.3158093989784214,0.8568307647213169,0.3100013732910156,0.3100013732910156
2013-01-07,36.31999969482422,37.209999084472656,36.220001220703125,36.88999938964844,36.88999938964844,0.9416123580846946,1.0961844143122734,0.3999977111816406,0.3999977111816406
2013-01-08,36.95000076293945,37.09000015258789,36.29999923706055,36.61000061035156,36.61000061035156,0.7447036563022112,-0.7590099862550992,-0.279998779296875,-0.279998779296875
2013-01-09,36.84999847412109,37.95000076293945,36.63999938964844,37.209999084472656,37.209999084472656,0.7789833088392427,1.6388922811201525,0.5999984741210938,0.5999984741210938
2013-01-10,37.52000045776367,38.119998931884766,37.02000045776367,38.02999877929688,38.02999877929688,0.1101314837562322,2.2037079145385,0.8199996948242259,0.8199996948242259
2013-01-11,38.11000061035156,38.5,37.88999938964844,38.33000183105469,38.33000183105469,0.7255708269792168,0.7888589571060534,0.3000030517578054,0.3000030517578054
2013-01-14,38.41999816894531,38.45000076293945,37.90999984741211,38.13999938964844,38.13999938964844,0.4473476005740075,-0.4957016236099232,-0.19000244140625,-0.19000244140625
2013-01-15,38.0,38.47999954223633,37.68000030517578,38.130001068115234,38.130001068115234,0.2823269476631813,-0.0262147920639943,-0.0099983215332031,-0.009998321533203125
2013-01-16,38.02000045776367,38.86000061035156,38.0,38.810001373291016,38.810001373291016,0.4585084176790875,1.78337342283581,0.6800003051757812,0.6800003051757812
2013-01-17,39.09000015258789,41.25,38.95000076293945,40.43999862670898,40.43999862670898,1.471751170575996,4.199941241279426,1.6299972534179616,1.6299972534179616
2013-01-18,40.5,40.79999923706055,40.11000061035156,40.58000183105469,40.58000183105469,1.0619897425752007,0.346199824678628,0.1400032043457102,0.14000320434571023
2013-01-22,40.630001068115234,41.56999969482422,40.4900016784668,41.45000076293945,41.45000076293945,0.7104240037651797,2.143910528902393,0.8699989318847656,0.8699989318847656
2013-01-31,41.47999954223633,41.93999862670898,40.619998931884766,41.400001525878906,41.400001525878906,0.83319299192106,-0.1206254189149547,-0.0499992370605468,-0.049999237060546875
2013-02-06,41.27000045776367,41.7400016784668,41.0,41.7400016784668,41.7400016784668,-0.0580779740417596,0.8212563769480985,0.3400001525878906,0.3400001525878906
2013-02-07,41.70000076293945,41.70000076293945,40.66999816894531,40.86000061035156,40.86000061035156,0.3453058441847044,-2.1082918848305154,-0.8800010681152344,-0.8800010681152344
2013-02-08,41.040000915527344,41.970001220703125,40.70000076293945,41.68000030517578,41.68000030517578,-0.1202596693414912,2.0068518907865096,0.8199996948242188,0.8199996948242188
2013-02-13,41.61000061035156,41.84999847412109,40.95000076293945,41.209999084472656,41.209999084472656,-0.0835884131390854,-1.127642075964097,-0.470001220703125,-0.470001220703125
2013-02-14,40.790000915527344,41.18999862670898,40.45000076293945,40.810001373291016,40.810001373291016,0.1388307277407237,-0.9706326621403694,-0.3999977111816406,-0.3999977111816406
2013-02-20,41.33000183105469,41.33000183105469,39.130001068115234,39.20000076293945,39.20000076293945,0.5932354241618394,-3.94511285511806,-1.6100006103515625,-1.6100006103515625
2013-02-21,39.22999954223633,39.25,38.20000076293945,38.709999084472656,38.709999084472656,0.4680748323405847,-1.2500042574745462,-0.4900016784667969,-0.4900016784667969
2013-02-22,39.11000061035156,39.790000915527344,38.47999954223633,39.380001068115234,39.380001068115234,0.3046485818733414,1.7308240751453097,0.6700019836425781,0.6700019836425781
2013-02-25,39.65999984741211,39.70000076293945,38.02000045776367,38.09999847412109,38.09999847412109,0.3795854967217359,-3.2503874029361723,-1.2800025939941475,-1.2800025939941477
2013-02-26,38.29999923706055,38.5099983215332,37.0,37.5099983215332,37.5099983215332,1.2764368712370957,-1.5485568929579752,-0.5900001525878835,-0.5900001525878835
2013-02-27,37.540000915527344,38.95000076293945,37.540000915527344,38.619998931884766,38.619998931884766,0.7470952599675855,2.959212636686126,1.1100006103515625,1.1100006103515625
2013-02-28,38.63999938964844,39.18999862670898,38.310001373291016,38.75,38.75,0.2608025146748127,0.3366159288210157,0.1300010681152343,0.13000106811523438
2013-03-01,38.9900016784668,39.68000030517578,36.34000015258789,38.27000045776367,38.27000045776367,3.598684030315533,-1.2387084960937544,-0.4799995422363281,-0.4799995422363281
2013-03-04,37.9900016784668,38.220001220703125,37.70000076293945,38.0099983215332,38.0099983215332,1.3744926215174416,-0.6793889028494204,-0.2600021362304687,-0.26000213623046875
2013-03-05,38.34999847412109,39.04999923706055,38.34999847412109,38.93000030517578,38.93000030517578,0.753472869741917,2.4204210057051867,0.920001983642578,0.9200019836425781
2013-03-06,39.18000030517578,39.66999816894531,38.86000061035156,39.52999877929688,39.52999877929688,0.3078373867605071,1.541223913222867,0.5999984741211009,0.5999984741211009
2013-03-07,39.34999847412109,39.75,39.27000045776367,39.709999084472656,39.709999084472656,0.6609975280141109,0.455351152882022,0.1800003051757741,0.18000030517577414
2013-03-08,40.09000015258789,40.369998931884766,39.16999816894531,39.58000183105469,39.58000183105469,0.1683271729470067,-0.3273665485144739,-0.1299972534179687,-0.12999725341796875
2013-03-11,39.52999877929688,39.56999969482422,38.83000183105469,39.470001220703125,39.470001220703125,0.2871101549939299,-0.2779196696884867,-0.1100006103515625,-0.1100006103515625
2013-03-12,39.400001525878906,39.720001220703125,39.34999847412109,39.43999862670898,39.43999862670898,0.2185508499198668,-0.076013663709773,-0.0300025939941477,-0.03000259399414773
2013-03-13,39.38999938964844,39.79999923706055,39.060001373291016,39.290000915527344,39.290000915527344,0.6873051683332282,-0.3803187535611485,-0.1499977111816335,-0.14999771118163352
2013-03-14,39.4900016784668,39.77000045776367,39.13999938964844,39.61000061035156,39.61000061035156,0.8036965467147771,0.814455809029413,0.3199996948242187,0.31999969482421875
2013-03-15,39.720001220703125,39.93000030517578,39.34000015258789,39.7599983215332,39.7599983215332,0.1691243741687981,0.3786864652116195,0.1499977111816406,0.14999771118164062
2013-03-18,39.09999847412109,39.29999923706055,38.5099983215332,38.52999877929688,38.52999877929688,0.1739075814995467,-3.093560347486679,-1.229999542236321,-1.229999542236321
2013-03-19,38.52999877929688,38.720001220703125,36.880001068115234,37.08000183105469,37.08000183105469,0.8236265772595629,-3.7632935224003017,-1.4499969482421946,-1.4499969482421946
2013-03-20,37.45000076293945,37.45000076293945,36.77000045776367,37.119998931884766,37.119998931884766,0.4513336066829647,0.1078670411406967,0.0399971008300781,0.039997100830078125
2013-03-21,36.84000015258789,36.9900016784668,34.779998779296875,34.88999938964844,34.88999938964844,1.487695195011825,-6.0075420431136894,-2.229999542236328,-2.229999542236328
2013-03-22,34.959999084472656,35.77000045776367,34.40999984741211,35.31999969482422,35.31999969482422,0.925668333648866,1.232445722837583,0.4300003051757812,0.43000030517578125
2013-03-25,35.5,35.56999969482422,34.20000076293945,34.33000183105469,34.33000183105469,0.3548722588462015,-2.802938483361894,-0.9899978637695312,-0.9899978637695312
2013-03-26,34.630001068115234,34.90999984741211,33.84000015258789,33.9900016784668,33.9900016784668,0.8858082725592945,-0.9903878079037254,-0.3400001525878906,-0.3400001525878906
2013-03-27,33.59000015258789,35.0,33.119998931884766,34.5099983215332,34.5099983215332,2.620518131177448,1.5298517722516891,0.5199966430664062,0.5199966430664062
2013-03-28,34.5,34.9900016784668,34.11000061035156,34.779998779296875,34.779998779296875,0.8945774859990002,0.7823832828041555,0.2700004577636719,0.2700004577636719
2013-04-01,34.810001373291016,35.0099983215332,33.31999969482422,33.75,33.75,0.7933329308314885,-2.9614687045647403,-1.029998779296875,-1.029998779296875
2013-04-02,33.880001068115234,34.04999923706055,33.04999923706055,33.16999816894531,33.16999816894531,0.6394730950257423,-1.7185239438657465,-0.5800018310546875,-0.5800018310546875
2013-04-03,33.5,33.52000045776367,32.0,32.13999938964844,32.13999938964844,0.6115710522630422,-3.105212047497752,-1.029998779296875,-1.029998779296875
2013-04-04,32.099998474121094,32.83000183105469,32.06999969482422,32.7400016784668,32.7400016784668,0.8284097845903114,1.8668397641961487,0.6000022888183594,0.6000022888183594
2013-04-05,32.0,32.52000045776367,31.559999465942383,32.099998474121094,32.099998474121094,0.9854584252832234,-1.9548050443950804,-0.6400032043457031,-0.6400032043457031
2013-04-08,32.029998779296875,32.189998626708984,31.26000022888184,32.06999969482422,32.06999969482422,1.062786943796992,-0.0934541455541171,-0.029998779296875,-0.029998779296875
2013-04-09,32.150001525878906,32.779998779296875,31.71999931335449,32.15999984741211,32.15999984741211,0.30385138065155,0.2806365869794991,0.0900001525878906,0.09000015258789062
2013-04-10,32.29999923706055,33.2400016784668,32.08000183105469,33.16999816894531,33.16999816894531,1.1759895172913752,3.140542059469187,1.0099983215332031,1.0099983215332031
2013-04-11,33.130001068115234,33.439998626708984,32.75,33.06999969482422,33.06999969482422,0.9192907238745346,-0.3014726549328439,-0.0999984741210937,-0.09999847412109375
2013-04-12,32.880001068115234,33.29999923706055,32.54999923706055,32.86000061035156,32.86000061035156,0.9687171996256032,-0.6350138687951756,-0.2099990844726562,-0.20999908447265625
2013-04-15,32.470001220703125,32.470001220703125,30.82999992370605,30.8700008392334,30.8700008392334,2.0297920258299977,-6.055994321836,-1.989999771118164,-1.989999771118164
2013-04-16,31.309999465942383,31.64999961853028,30.75,30.86000061035156,30.86000061035156,0.6227318693681223,-0.0323946505020211,-0.0100002288818394,-0.01000022888183949
2013-04-17,30.549999237060547,30.61000061035156,29.75,30.059999465942383,30.059999465942383,0.5198929117570277,-2.592356217066394,-0.8000011444091761,-0.8000011444091761
2013-04-18,30.100000381469727,30.3700008392334,29.56999969482422,29.8799991607666,29.8799991607666,0.8100741564891085,-0.5988034210703153,-0.1800003051757812,-0.18000030517578125
2013-04-19,29.989999771118164,30.15999984741211,29.40999984741211,29.93000030517578,29.93000030517578,0.7789833088392427,0.1673398454268726,0.0500011444091796,0.05000114440917969
2013-04-22,29.920000076293945,29.920000076293945,28.14999961853028,29.209999084472656,29.209999084472656,1.375289822739233,-2.405617151225403,-0.720001220703125,-0.720001220703125
2013-04-23,29.420000076293945,31.34000015258789,29.3799991607666,31.31999969482422,31.31999969482422,1.274045267571721,7.223555893478917,2.1100006103515625,2.1100006103515625
2013-04-24,31.64999961853028,32.349998474121094,31.39999961853028,31.950000762939453,31.950000762939453,0.5135153019826962,2.0114976828027986,0.6300010681152344,0.6300010681152344
2013-04-25,32.16999816894531,32.75,31.540000915527344,32.52000045776367,32.52000045776367,1.0843113767853607,1.784036560917368,0.5699996948242188,0.5699996948242188
2013-04-26,32.38999938964844,32.38999938964844,31.709999084472656,31.93000030517578,31.93000030517578,0.4840188567764133,-1.8142685863555608,-0.5900001525878906,-0.5900001525878906
2013-04-29,32.0099983215332,32.650001525878906,31.559999465942383,32.59000015258789,32.59000015258789,0.3357394295232072,2.067021112132994,0.6599998474121094,0.6599998474121094
2013-04-30,32.5,32.790000915527344,32.33000183105469,32.65999984741211,32.65999984741211,0.4919908689943276,0.2147888754111093,0.0699996948242187,0.06999969482421875
2013-05-01,32.400001525878906,32.650001525878906,31.600000381469727,31.63999938964844,31.63999938964844,0.8618922359055515,-3.123087760346366,-1.0200004577636683,-1.0200004577636683
2013-05-02,31.81999969482422,32.70000076293945,31.40999984741211,32.529998779296875,32.529998779296875,0.3333478258578329,2.812893194743915,0.889999389648434,0.889999389648434
2013-05-03,32.630001068115234,33.75,32.630001068115234,33.029998779296875,33.029998779296875,0.1802851912738781,1.537042787466114,0.5,0.5
2013-05-06,33.0,33.4900016784668,32.66999816894531,33.220001220703125,33.220001220703125,0.3827743016089016,0.575242047920832,0.19000244140625,0.19000244140625
2013-05-07,31.56999969482422,33.869998931884766,30.270000457763672,33.130001068115234,33.130001068115234,2.433175844056461,-0.2709215812183752,-0.0900001525878906,-0.09000015258789062
2013-05-08,33.27000045776367,33.459999084472656,32.970001220703125,33.279998779296875,33.279998779296875,1.1066330109955207,0.4527549240739503,0.1499977111816406,0.14999771118164062
2013-05-09,33.22999954223633,33.619998931884766,32.970001220703125,33.09000015258789,33.09000015258789,0.5318509300838992,-0.5709093560038792,-0.1899986267089843,-0.18999862670898438
2013-05-10,33.08000183105469,34.040000915527344,32.95000076293945,33.4900016784668,33.4900016784668,0.2097816364801611,1.2088290239781865,0.4000015258789062,0.40000152587890625
2013-05-13,33.33000183105469,33.38999938964844,32.58000183105469,32.869998931884766,32.869998931884766,0.9057383031040802,-1.851307003608416,-0.6200027465820312,-0.6200027465820312
2013-05-14,33.0,33.290000915527344,32.93000030517578,33.18000030517578,33.18000030517578,0.5916410217182565,0.9431134267251506,0.3100013732910156,0.3100013732910156
2013-05-15,32.97999954223633,33.5,32.83000183105469,33.45000076293945,33.45000076293945,1.1584510904119638,0.8137445909593755,0.2700004577636719,0.2700004577636719
2013-05-16,33.25,33.779998779296875,33.0,33.16999816894531,33.16999816894531,0.4050959358190616,-0.8370779898587255,-0.2800025939941406,-0.2800025939941406
2013-05-17,33.2599983215332,33.970001220703125,33.25,33.900001525878906,33.900001525878906,0.30385138065155,2.2007940826992423,0.7300033569335938,0.7300033569335938
2013-05-20,33.70000076293945,34.380001068115234,33.130001068115234,34.16999816894531,34.16999816894531,1.91977825722278,0.7964502386829997,0.2699966430664062,0.26999664306640625
2013-05-21,34.029998779296875,34.2599983215332,33.68000030517578,33.95000076293945,33.95000076293945,0.947989967859026,-0.6438320684658327,-0.2199974060058593,-0.21999740600585938
2013-05-22,34.040000915527344,34.4900016784668,33.279998779296875,33.41999816894531,33.41999816894531,0.4497392042393818,-1.5611268986264748,-0.5300025939941406,-0.5300025939941406
2013-05-23,33.220001220703125,33.900001525878906,33.0,33.4900016784668,33.4900016784668,0.3476974478500786,0.2094659286562494,0.0700035095214843,0.07000350952148438
2013-05-24,33.290000915527344,33.90999984741211,33.25,33.84000015258789,33.84000015258789,-0.0923576265787911,1.045083477395381,0.3499984741210937,0.34999847412109375
2013-05-28,34.4900016784668,34.4900016784668,33.83000183105469,34.16999816894531,34.16999816894531,-0.0341619373880167,0.9751714387394416,0.3299980163574219,0.3299980163574219
2013-05-29,33.900001525878906,34.5,33.7400016784668,34.06999969482422,34.06999969482422,0.0527329957872492,-0.2926499253136483,-0.0999984741210937,-0.09999847412109375
2013-05-30,34.150001525878906,34.290000915527344,33.880001068115234,34.04999923706055,34.04999923706055,0.2161592462544925,-0.0587040150948681,-0.0200004577636718,-0.020000457763671875
2013-05-31,34.04999923706055,34.279998779296875,33.63999938964844,33.77000045776367,33.77000045776367,0.3787882954999444,-0.822316550868285,-0.279998779296875,-0.279998779296875
2013-06-03,33.90999984741211,34.40999984741211,33.08000183105469,33.560001373291016,33.560001373291016,0.5214873142006106,-0.621850996819806,-0.2099990844726562,-0.20999908447265625
2013-06-04,33.599998474121094,33.9900016784668,33.25,33.38999938964844,33.38999938964844,0.6506339121308223,-0.5065613131287727,-0.1700019836425781,-0.17000198364257812
2013-06-05,33.290000915527344,33.58000183105469,32.93000030517578,33.0099983215332,33.0099983215332,0.429809173694596,-1.1380685087195364,-0.3800010681152344,-0.3800010681152344
2013-06-06,33.06999969482422,33.79999923706055,32.66999816894531,33.790000915527344,33.790000915527344,0.1252783069702694,2.362928305528955,0.7800025939941406,0.7800025939941406
2013-06-07,34.060001373291016,34.31999969482422,33.5,33.849998474121094,33.849998474121094,-0.1003296387967054,0.1775600975677305,0.05999755859375,0.05999755859375
2013-06-10,33.86000061035156,34.13999938964844,33.630001068115234,34.04999923706055,34.04999923706055,-0.2709307002600716,0.5908442302954731,0.2000007629394531,0.20000076293945312
2013-06-11,33.400001525878906,33.54999923706055,32.959999084472656,33.02000045776367,33.02000045776367,0.1252783069702694,-3.0249597720278576,-1.029998779296875,-1.029998779296875
2013-06-12,33.34000015258789,33.45000076293945,32.209999084472656,32.400001525878906,32.400001525878906,0.2440612890171926,-1.8776466483633625,-0.6199989318847656,-0.6199989318847656
2013-06-13,32.400001525878906,33.380001068115234,32.22999954223633,33.25,33.25,-0.295643938135606,2.623451957069123,0.8499984741210938,0.8499984741210938
2013-06-14,32.97999954223633,33.099998474121094,32.470001220703125,32.52000045776367,32.52000045776367,0.5469977532979363,-2.195487345071667,-0.7299995422363281,-0.7299995422363281
2013-06-17,32.900001525878906,32.900001525878906,32.59000015258789,32.709999084472656,32.709999084472656,0.2329004719121126,0.5842516114221707,0.1899986267089843,0.18999862670898438
2013-06-18,32.779998779296875,33.2400016784668,32.650001525878906,33.11000061035156,33.11000061035156,0.0112785322540948,1.2228723236766603,0.4000015258789062,0.40000152587890625
2013-06-19,33.130001068115234,33.33000183105469,32.720001220703125,32.91999816894531,32.91999816894531,-0.1266372791158226,-0.5738521229348703,-0.19000244140625,-0.19000244140625
2013-06-20,32.36000061035156,32.41999816894531,31.61000061035156,32.0,32.0,0.8403678029171829,-2.794648299261393,-0.9199981689453124,-0.9199981689453125
2013-06-21,32.099998474121094,32.13999938964844,30.950000762939453,31.690000534057617,31.690000534057617,1.168017505073461,-0.9687483310699464,-0.3099994659423828,-0.3099994659423828
2013-06-24,31.059999465942383,31.059999465942383,29.729999542236328,30.280000686645508,30.280000686645508,0.7120184062087626,-4.449352551751352,-1.4099998474121094,-1.4099998474121094
2013-06-25,30.549999237060547,30.6299991607666,29.8700008392334,30.459999084472656,30.459999084472656,0.5653333813991392,0.5944464786836523,0.1799983978271484,0.17999839782714844
2013-06-26,30.81999969482422,31.520000457763672,30.68000030517578,31.280000686645508,31.280000686645508,0.2576137097876469,2.692060495139214,0.8200016021728516,0.8200016021728516
2013-06-27,31.6299991607666,31.82999992370605,31.239999771118164,31.56999969482422,31.56999969482422,-0.0461199557148881,0.9271067832889112,0.2899990081787109,0.28999900817871094
2013-06-28,31.3700008392334,31.65999984741211,30.34000015258789,30.40999984741211,30.40999984741211,1.0691645535713237,-3.67437395826864,-1.1599998474121094,-1.1599998474121094
2013-07-01,30.51000022888184,31.09000015258789,30.38999938964844,30.670000076293945,30.670000076293945,0.551780960628685,0.8549826707873631,0.2600002288818359,0.26000022888183594
2013-07-02,30.57999992370605,30.57999992370605,29.540000915527344,30.170000076293945,30.170000076293945,0.4098791431498103,-1.6302575766423577,-0.5,-0.5
2013-07-03,29.90999984741211,30.309999465942383,29.780000686645508,30.059999465942383,30.059999465942383,-0.238245450166623,-0.3646026187384632,-0.1100006103515625,-0.1100006103515625
2013-07-05,30.5,30.989999771118164,30.18000030517578,30.959999084472656,30.959999084472656,-0.0819940106955025,2.9940107602129507,0.8999996185302734,0.8999996185302734
2013-07-08,31.1299991607666,31.86000061035156,30.93000030517578,31.739999771118164,31.739999771118164,-0.0365535410533909,2.519382137309889,0.7800006866455078,0.7800006866455078
2013-07-09,31.989999771118164,32.22999954223633,31.459999084472656,32.02000045776367,32.02000045776367,1.7579464091991197,0.882169781552089,0.2800006866455078,0.2800006866455078
2013-07-10,30.46999931335449,33.7599983215332,30.38999938964844,32.61000061035156,32.61000061035156,2.418826222064216,1.8425988262121828,0.5900001525878906,0.5900001525878906
2013-07-11,32.689998626708984,33.22999954223633,31.790000915527344,32.25,32.25,0.7223820220920512,-1.1039576927738048,-0.3600006103515625,-0.3600006103515625
2013-07-12,32.279998779296875,32.38999938964844,30.89999961853028,31.489999771118164,31.489999771118164,1.232590804038567,-2.356589856997937,-0.7600002288818359,-0.7600002288818359
2013-07-15,31.39999961853028,31.979999542236328,31.36000061035156,31.59000015258789,31.59000015258789,0.533445332527482,0.317562344225375,0.1000003814697265,0.10000038146972656
2013-07-16,31.559999465942383,31.809999465942383,30.96999931335449,31.39999961853028,31.39999961853028,0.1978236181532896,-0.6014578446972507,-0.1900005340576136,-0.19000053405761008
2013-07-17,31.459999084472656,32.0,31.420000076293945,31.96999931335449,31.96999931335449,0.6219346681463308,1.8152856743598007,0.5699996948242116,0.5699996948242081
2013-07-18,32.150001525878906,33.0,31.959999084472656,32.849998474121094,32.849998474121094,0.2839213501067641,2.75257797831423,0.8799991607666051,0.8799991607666051
2013-07-19,32.91999816894531,33.95000076293945,32.869998931884766,33.689998626708984,33.689998626708984,0.464886027453419,2.557078208845676,0.8400001525878906,0.8400001525878906
2013-07-22,33.7599983215332,34.83000183105469,33.59000015258789,34.2599983215332,34.2599983215332,1.9165894523356144,1.691895868384896,0.5699996948242188,0.5699996948242188
2013-07-23,34.470001220703125,34.77000045776367,33.90999984741211,34.0099983215332,34.0099983215332,0.7885497235007399,-0.7297139878809311,-0.25,-0.25
2013-07-24,34.099998474121094,34.119998931884766,33.31999969482422,33.5099983215332,33.5099983215332,0.81645176626344,-1.4701559090740337,-0.5,-0.5
2013-07-25,33.33000183105469,34.0099983215332,33.27000045776367,33.869998931884766,33.869998931884766,1.1265630415403065,1.074308052472306,0.3600006103515625,0.3600006103515625
2013-07-26,33.4900016784668,33.83000183105469,33.34000015258789,33.63999938964844,33.63999938964844,0.0423693799039606,-0.6790656908459813,-0.2299995422363281,-0.22999954223632812
2013-07-29,33.529998779296875,33.939998626708984,33.349998474121094,33.790000915527344,33.790000915527344,0.1898516059353753,0.445902284781452,0.1500015258789062,0.15000152587890625
2013-07-30,33.58000183105469,33.7599983215332,33.209999084472656,33.619998931884766,33.619998931884766,0.3469002466282872,-0.5031132851033959,-0.1700019836425781,-0.17000198364257812
2013-07-31,33.779998779296875,33.790000915527344,32.86000061035156,32.880001068115234,32.880001068115234,0.3134177953130471,-2.201064507077444,-0.7399978637695312,-0.7399978637695312
2013-08-01,33.36000061035156,33.4900016784668,32.869998931884766,33.22999954223633,33.22999954223633,0.6960743817729339,1.0644722103141824,0.3499984741210937,0.34999847412109375
2013-08-02,33.11000061035156,33.369998931884766,32.880001068115234,33.119998931884766,33.119998931884766,0.4457531981304246,-0.3310280224703255,-0.1100006103515625,-0.1100006103515625
2013-08-05,33.11000061035156,33.41999816894531,32.86000061035156,33.29999923706055,33.29999923706055,1.9245614645535287,0.5434791998211619,0.1800003051757812,0.18000030517578125
2013-08-06,33.20000076293945,33.27000045776367,31.64999961853028,32.04999923706055,32.04999923706055,0.5366341374146477,-3.753753839756369,-1.25,-1.25
2013-08-07,32.029998779296875,32.27000045776367,31.479999542236328,31.520000457763672,31.520000457763672,0.6809275585588968,-1.653662377264642,-0.529998779296875,-0.529998779296875
2013-08-08,31.780000686645508,32.34000015258789,31.450000762939453,32.220001220703125,32.220001220703125,0.470466436005959,2.220814570981511,0.7000007629394531,0.7000007629394531
2013-08-09,32.220001220703125,36.0,32.06999969482422,33.720001220703125,33.720001220703125,3.740585847794408,4.65549330592876,1.5,1.5
2013-08-12,33.540000915527344,34.0,32.75,33.040000915527344,33.040000915527344,0.1802851912738781,-2.0166081867111,-0.6800003051757812,-0.6800003051757812
2013-08-13,33.15999984741211,33.16999816894531,32.41999816894531,33.029998779296875,33.029998779296875,0.7199904184266769,-0.0302728085754044,-0.0100021362304687,-0.01000213623046875
2013-08-14,33.06999969482422,33.06999969482422,31.920000076293945,31.989999771118164,31.989999771118164,0.6920883756639767,-3.148649853510077,-1.039999008178711,-1.039999008178711
2013-08-15,31.46999931335449,31.46999931335449,30.200000762939453,30.540000915527344,30.540000915527344,0.7973189369404456,-4.532662913301855,-1.4499988555908203,-1.4499988555908203
2013-08-16,30.36000061035156,31.239999771118164,30.100000381469727,30.450000762939453,30.450000762939453,0.9041439006604972,-0.2946959721344733,-0.0900001525878906,-0.09000015258789062
2013-08-19,30.479999542236328,30.65999984741211,30.01000022888184,30.229999542236328,30.229999542236328,0.5693193875080964,-0.7224998856843579,-0.220001220703125,-0.220001220703125
2013-08-20,30.280000686645508,31.01000022888184,30.030000686645508,30.75,30.75,0.3532778564026186,1.7201470910945371,0.5200004577636719,0.5200004577636719
2013-08-21,30.479999542236328,30.940000534057617,30.36000061035156,30.71999931335449,30.71999931335449,0.511123698317322,-0.0975632086032907,-0.0300006866455113,-0.030000686645511365
2013-08-22,30.729999542236328,31.420000076293945,30.520000457763672,31.239999771118164,31.239999771118164,0.1786907888302953,1.692709861284469,0.5200004577636754,0.5200004577636754
2013-08-23,31.26000022888184,32.459999084472656,30.71999931335449,32.279998779296875,32.279998779296875,0.4832216555546219,3.3290621504427964,1.039999008178711,1.039999008178711
2013-08-26,32.22999954223633,32.75,31.32999992370605,31.479999542236328,31.479999542236328,0.8905914798900431,-2.478312476187683,-0.7999992370605469,-0.7999992370605469
2013-08-27,30.93000030517578,31.100000381469727,30.270000457763672,30.530000686645508,30.530000686645508,0.1834739961610439,-3.017785480956625,-0.9499988555908204,-0.9499988555908203
2013-08-28,30.3799991607666,30.86000061035156,30.280000686645508,30.540000915527344,30.540000915527344,0.0009149163708062,0.0327554164982757,0.0100002288818359,0.010000228881835938
2013-08-29,30.440000534057617,30.780000686645508,30.15999984741211,30.549999237060547,30.549999237060547,0.4481448017957989,0.0327384454272161,0.0099983215332031,0.009998321533203125
2013-08-30,30.479999542236328,30.65999984741211,29.959999084472656,30.020000457763672,30.020000457763672,0.2671801244491441,-1.7348569313675344,-0.529998779296875,-0.529998779296875
2013-09-03,30.600000381469727,30.84000015258789,30.0,30.209999084472656,30.209999084472656,-0.0166235105086052,0.6329068081671219,0.1899986267089843,0.18999862670898438
2013-09-04,30.1200008392334,30.86000061035156,30.1200008392334,30.75,30.75,-0.0764136021429625,1.787490671606462,0.5400009155273438,0.5400009155273438
2013-09-05,30.799999237060547,31.56999969482422,30.709999084472656,31.030000686645508,31.030000686645508,0.3357394295232072,0.9105713386845736,0.2800006866455078,0.2800006866455078
2013-09-06,31.190000534057617,31.6200008392334,30.90999984741211,31.51000022888184,31.51000022888184,0.4856132592199962,1.5468885968891175,0.4799995422363317,0.4799995422363317
2013-09-09,31.6299991607666,32.599998474121094,31.520000457763672,32.279998779296875,32.279998779296875,0.3851659052742759,2.443664058463768,0.7699985504150355,0.7699985504150355
2013-09-10,32.630001068115234,33.349998474121094,32.54999923706055,32.68000030517578,32.68000030517578,0.187460002270001,1.2391621468568648,0.4000015258789062,0.40000152587890625
2013-09-11,32.630001068115234,32.66999816894531,32.0,32.40999984741211,32.40999984741211,0.0806350385499493,-0.8261947834832473,-0.2700004577636719,-0.2700004577636719
2013-09-12,32.16999816894531,32.310001373291016,31.950000762939453,32.08000183105469,32.08000183105469,0.5390257410800221,-1.018198142274207,-0.3299980163574219,-0.3299980163574219
2013-09-13,32.25,33.36000061035156,32.11000061035156,32.970001220703125,32.970001220703125,0.4975712775468676,2.774312153520153,0.8899993896484375,0.8899993896484375
2013-09-16,33.4900016784668,33.59000015258789,32.88999938964844,32.959999084472656,32.959999084472656,0.170718776612381,-0.0303370817717363,-0.0100021362304687,-0.01000213623046875
2013-09-17,32.86000061035156,33.400001525878906,32.65999984741211,33.18000030517578,33.18000030517578,0.5175013080916534,0.6674794502854464,0.220001220703125,0.220001220703125
2013-09-18,33.09000015258789,34.220001220703125,33.029998779296875,33.900001525878906,33.900001525878906,0.1794879900520867,2.1699855758916757,0.720001220703125,0.720001220703125
2013-09-19,33.900001525878906,34.400001525878906,33.380001068115234,33.709999084472656,33.709999084472656,-0.1202596693414912,-0.5604791529617015,-0.19000244140625,-0.19000244140625
2013-09-20,33.91999816894531,34.09000015258789,33.36000061035156,33.459999084472656,33.459999084472656,0.4624944237880447,-0.7416197175607597,-0.25,-0.25
2013-09-23,33.459999084472656,33.9900016784668,33.25,33.7400016784668,33.7400016784668,0.1045510752036922,0.8368278591019962,0.2800025939941406,0.2800025939941406
2013-09-24,33.70000076293945,34.20000076293945,33.15999984741211,34.0099983215332,34.0099983215332,0.6530255157961966,0.8002271180642007,0.2699966430664062,0.26999664306640625
2013-09-25,34.0,34.310001373291016,33.869998931884766,34.060001373291016,34.060001373291016,0.2313060694685297,0.1470245640269762,0.0500030517578125,0.0500030517578125
2013-09-26,34.18000030517578,34.630001068115234,33.79999923706055,34.52000045776367,34.52000045776367,0.3771938930563616,1.3505550966694146,0.4599990844726562,0.45999908447265625
2013-09-27,34.16999816894531,34.47999954223633,33.849998474121094,33.849998474121094,33.849998474121094,0.6745499487845653,-1.9409095444895663,-0.6700019836425781,-0.6700019836425781
2013-09-30,33.38999938964844,34.150001525878906,33.130001068115234,33.529998779296875,33.529998779296875,1.3665206092995272,-0.9453462607062256,-0.3199996948242187,-0.31999969482421875
2013-10-01,33.5099983215332,33.59000015258789,32.61000061035156,33.119998931884766,33.119998931884766,1.4589959510273331,-1.2227851546039004,-0.4099998474121094,-0.4099998474121094
2013-10-02,32.849998474121094,33.15999984741211,32.599998474121094,32.97999954223633,32.97999954223633,-0.0548891691545939,-0.4227034847928634,-0.1399993896484375,-0.1399993896484375
2013-10-03,32.95000076293945,33.040000915527344,31.89999961853028,32.209999084472656,32.209999084472656,0.3197954050873786,-2.3347497527328898,-0.7700004577636719,-0.7700004577636719
2013-10-04,32.189998626708984,32.2599983215332,31.950000762939453,32.130001068115234,32.130001068115234,0.1364391240753495,-0.2483639199977072,-0.0799980163574218,-0.07999801635742188
2013-10-07,31.89999961853028,32.099998474121094,31.5,31.8700008392334,31.8700008392334,0.8100741564891085,-0.8092132593791046,-0.2600002288818359,-0.26000022888183594
2013-10-08,31.82999992370605,32.02000045776367,31.64999961853028,31.68000030517578,31.68000030517578,1.2270103954860268,-0.596173608579631,-0.1900005340576172,-0.1900005340576172
2013-10-09,31.790000915527344,32.02000045776367,31.049999237060547,31.239999771118164,31.239999771118164,0.6051934424887108,-1.38889056129754,-0.4400005340576172,-0.4400005340576172
2013-10-10,31.790000915527344,32.959999084472656,31.71999931335449,32.959999084472656,32.959999084472656,0.3309562221924586,5.505759686159339,1.7199993133544922,1.7199993133544922
2013-10-11,32.75,33.4900016784668,32.4900016784668,33.470001220703125,33.470001220703125,0.1715159778341724,1.5473366213493822,0.5100021362304688,0.5100021362304688
2013-10-14,33.13999938964844,34.310001373291016,33.13999938964844,34.18000030517578,34.18000030517578,0.6059906437105023,2.121299846363556,0.7099990844726562,0.7099990844726562
2013-10-15,34.0,34.06999969482422,32.97999954223633,33.2400016784668,33.2400016784668,0.7765917051738684,-2.750142242001808,-0.9399986267089844,-0.9399986267089844
2013-10-16,33.34000015258789,34.15999984741211,33.09000015258789,33.5099983215332,33.5099983215332,0.8156545650416486,0.8122642281372494,0.2699966430664062,0.26999664306640625
2013-10-17,33.2400016784668,33.619998931884766,33.15999984741211,33.59000015258789,33.59000015258789,0.0973762642075693,0.238740182219832,0.0800018310546875,0.0800018310546875
2013-10-18,33.959999084472656,34.72999954223633,33.7400016784668,34.369998931884766,34.369998931884766,0.3572638625115758,2.3221160338005475,0.779998779296875,0.779998779296875
2013-10-21,34.560001373291016,34.720001220703125,34.27000045776367,34.4900016784668,34.4900016784668,-0.0788052058083368,0.3491496954068918,0.1200027465820312,0.12000274658203125
2013-10-22,34.54999923706055,34.93000030517578,34.369998931884766,34.5099983215332,34.5099983215332,0.0925930568768208,0.0579780866722723,0.0199966430664062,0.01999664306640625
2013-10-23,34.27000045776367,35.209999084472656,34.150001525878906,35.189998626708984,35.189998626708984,-0.012637504399648,1.9704443299015884,0.6800003051757812,0.6800003051757812
2013-10-24,35.189998626708984,36.75,34.93000030517578,36.709999084472656,36.709999084472656,0.5820746070567593,4.319410392389167,1.520000457763672,1.5200004577636719
2013-10-25,36.91999816894531,36.91999816894531,34.650001525878906,35.38999938964844,35.38999938964844,2.1740854469742463,-3.5957497350702528,-1.3199996948242188,-1.3199996948242188
2013-10-28,35.279998779296875,35.650001525878906,35.220001220703125,35.52000045776367,35.52000045776367,0.452130807904756,0.3673384299442972,0.1300010681152343,0.13000106811523438
2013-10-29,35.54999923706055,36.11000061035156,35.4900016784668,35.75,35.75,0.8076825528237342,0.6475212254285267,0.2299995422363281,0.22999954223632812
2013-10-30,35.709999084472656,36.13999938964844,35.63999938964844,36.0,36.0,0.4417671920214674,0.6993006993007089,0.25,0.25
2013-10-31,35.900001525878906,37.18000030517578,35.59000015258789,36.720001220703125,36.720001220703125,0.7399204489714626,2.000003390842009,0.720001220703125,0.720001220703125
2013-11-01,36.630001068115234,36.90999984741211,35.5,36.25,36.25,1.225415993042444,-1.2799597088197667,-0.470001220703125,-0.470001220703125
2013-11-04,36.34999847412109,37.2599983215332,36.25,37.20000076293945,37.20000076293945,1.0245212851510035,2.6206917598329715,0.9500007629394532,0.9500007629394531
2013-11-05,36.84999847412109,37.09000015258789,36.45000076293945,36.86000061035156,36.86000061035156,0.971906004512769,-0.9139788860612508,-0.3400001525878906,-0.3400001525878906
2013-11-06,35.349998474121094,35.380001068115234,32.380001068115234,32.61000061035156,32.61000061035156,3.494250670260856,-11.53011375373242,-4.25,-4.25
2013-11-07,32.83000183105469,33.13999938964844,30.43000030517578,30.520000457763672,30.520000457763672,4.124836836697877,-6.409077318215228,-2.09000015258789,-2.0900001525878906
2013-11-08,30.489999771118164,30.89999961853028,30.40999984741211,30.68000030517578,30.68000030517578,1.5315412622103537,0.5242458879826328,0.1599998474121093,0.15999984741210938
2013-11-11,30.540000915527344,31.299999237060547,30.43000030517578,31.059999465942383,31.059999465942383,1.4805203840157015,1.238589168796378,0.3799991607666015,0.37999916076660156
2013-11-12,30.809999465942383,31.209999084472656,30.61000061035156,30.76000022888184,30.76000022888184,1.3705066154084844,-0.965870065096086,-0.2999992370605433,-0.2999992370605433
2013-11-13,30.559999465942383,30.739999771118164,30.07999992370605,30.309999465942383,30.309999465942383,1.920575458444572,-1.46294135107623,-0.4500007629394567,-0.4500007629394567
2013-11-14,30.26000022888184,31.13999938964844,30.18000030517578,30.8700008392334,30.8700008392334,1.27324806634993,1.8475796211090636,0.5600013732910156,0.5600013732910156
2013-11-15,30.84000015258789,30.90999984741211,30.299999237060547,30.32999992370605,30.32999992370605,0.7120184062087626,-1.749274055221428,-0.5400009155273473,-0.5400009155273473
2013-11-18,30.420000076293945,30.559999465942383,29.38999938964844,29.799999237060547,29.799999237060547,1.6359746222650309,-1.7474470424619248,-0.5300006866455043,-0.5300006866455043
2013-11-19,29.71999931335449,30.01000022888184,29.520000457763672,29.8799991607666,29.8799991607666,1.6582962564751909,0.268456126691996,0.0799999237060546,0.07999992370605469
2013-11-20,29.90999984741211,30.030000686645508,29.479999542236328,29.57999992370605,29.57999992370605,0.3469002466282872,-1.00401353911167,-0.2999992370605504,-0.2999992370605504
2013-11-21,29.600000381469727,30.59000015258789,29.530000686645508,30.07999992370605,30.07999992370605,2.8094548207420167,1.6903313092955452,0.5,0.5
2013-11-22,30.190000534057617,30.670000076293945,29.93000030517578,30.309999465942383,30.309999465942383,2.162127428647375,0.7646261396931253,0.2299995422363316,0.22999954223633168
2013-11-25,30.36000061035156,31.39999961853028,30.09000015258789,30.86000061035156,30.86000061035156,0.649836710909031,1.814586453646028,0.5500011444091761,0.5500011444091761
2013-11-26,30.86000061035156,31.21999931335449,30.71999931335449,31.13999938964844,31.13999938964844,0.285515752550347,0.9073194224207493,0.2799987792968821,0.2799987792968821
2013-11-27,31.229999542236328,32.06999969482422,31.1299991607666,31.940000534057617,31.940000534057617,0.4712636372277504,2.5690467568702413,0.8000011444091761,0.8000011444091761
2013-11-29,32.20000076293945,32.22999954223633,31.84000015258789,32.08000183105469,32.08000183105469,-0.1720777487579342,0.4383259068758915,0.1400012969970703,0.1400012969970703
2013-12-02,32.02000045776367,32.189998626708984,31.459999084472656,31.59000015258789,31.59000015258789,0.81645176626344,-1.5274365663921374,-0.4900016784667969,-0.4900016784667969
2013-12-03,31.459999084472656,31.700000762939453,31.190000534057617,31.690000534057617,31.690000534057617,0.7749973027302856,0.3165570781471949,0.1000003814697265,0.10000038146972656
2013-12-04,31.459999084472656,33.11000061035156,31.459999084472656,33.0099983215332,33.0099983215332,1.8607853668102143,4.1653447940367405,1.319997787475586,1.319997787475586
2013-12-05,33.130001068115234,34.65999984741211,33.06999969482422,34.11000061035156,34.11000061035156,2.2872880204686297,3.3323306414735576,1.1000022888183594,1.1000022888183594
2013-12-06,34.439998626708984,34.459999084472656,33.36000061035156,33.58000183105469,33.58000183105469,0.7965217357186543,-1.5537929340758594,-0.529998779296875,-0.529998779296875
2013-12-09,33.540000915527344,33.91999816894531,33.290000915527344,33.58000183105469,33.58000183105469,0.4138651492587674,0.0,0.0,0.0
2013-12-10,33.52000045776367,34.0,33.310001373291016,33.5099983215332,33.5099983215332,0.3859631064960673,-0.2084678549860719,-0.0700035095214843,-0.07000350952148438
2013-12-11,33.47999954223633,33.61000061035156,32.709999084472656,32.79999923706055,32.79999923706055,0.4066903382626445,-2.118767890287887,-0.7099990844726562,-0.7099990844726562
2013-12-12,32.810001373291016,32.88999938964844,32.400001525878906,32.59000015258789,32.59000015258789,0.1539775509547609,-0.6402411260893581,-0.2099990844726562,-0.20999908447265625
2013-12-13,32.630001068115234,32.97999954223633,31.90999984741211,32.83000183105469,32.83000183105469,0.6474451072436567,0.7364273622064932,0.2400016784667968,0.24000167846679688
2013-12-16,32.93000030517578,34.09000015258789,32.869998931884766,34.06999969482422,34.06999969482422,0.8076825528237342,3.777026483734725,1.2399978637695312,1.2399978637695312
2013-12-17,34.04999923706055,35.06999969482422,33.880001068115234,35.06999969482422,35.06999969482422,1.166423102629878,2.935133574867388,1.0,1.0
2013-12-18,34.9900016784668,35.66999816894531,34.65999984741211,35.630001068115234,35.630001068115234,0.9495843703026088,1.596810316977737,0.5600013732910156,0.5600013732910156
2013-12-19,35.45000076293945,35.70000076293945,35.11000061035156,35.70000076293945,35.70000076293945,0.0654882153359121,0.1964627918208616,0.0699996948242187,0.06999969482421875
2013-12-20,35.95000076293945,36.619998931884766,35.720001220703125,36.40999984741211,36.40999984741211,2.418826222064216,1.988792911202708,0.7099990844726562,0.7099990844726562
2013-12-23,36.720001220703125,37.2599983215332,36.560001373291016,37.2400016784668,37.2400016784668,0.8858082725592945,2.2795985568060395,0.8300018310546875,0.8300018310546875
2013-12-24,37.38999938964844,38.130001068115234,37.09999847412109,37.900001525878906,37.900001525878906,-0.001476687294568,1.7722873728916566,0.6599998474121094,0.6599998474121094
2013-12-26,38.33000183105469,39.5,38.33000183105469,39.2400016784668,39.2400016784668,0.999808047275469,3.5356203130306296,1.3400001525878906,1.3400001525878906
2013-12-27,39.619998931884766,39.619998931884766,38.7400016784668,39.08000183105469,39.08000183105469,0.2504388987915241,-0.4077467904388787,-0.1599998474121093,-0.15999984741210938
2013-12-30,39.310001373291016,41.65999984741211,39.209999084472656,39.65999984741211,39.65999984741211,1.1393182610889694,1.4841299620834023,0.5799980163574219,0.5799980163574219
2013-12-31,39.720001220703125,42.060001373291016,39.68999862670898,41.02000045776367,41.02000045776367,1.7204779517749225,3.4291493080787383,1.3600006103515625,1.3600006103515625
2014-01-02,41.0,41.0,39.75,39.97999954223633,39.97999954223633,1.0428569132522063,-2.535350814045412,-1.0400009155273438,-1.0400009155273438
2014-01-03,39.97999954223633,40.130001068115234,39.0,39.900001525878906,39.900001525878906,0.7614448819598313,-0.2000950907288246,-0.0799980163574218,-0.07999801635742188
2014-01-06,39.880001068115234,40.0,38.9900016784668,39.119998931884766,39.119998931884766,1.0324932973689178,-1.954893644523381,-0.7800025939941406,-0.7800025939941406
2014-01-07,39.18000030517578,39.59000015258789,38.29999923706055,38.52999877929688,38.52999877929688,1.2652760541320156,-1.5081803903297275,-0.5900001525878835,-0.5900001525878835
2014-01-08,38.77000045776367,39.060001373291016,37.65999984741211,38.2400016784668,38.2400016784668,1.6774290857981853,-0.7526527641259828,-0.2899971008300852,-0.28999710083008523
2014-01-09,38.5,38.68999862670898,37.79999923706055,37.84000015258789,37.84000015258789,2.164519032312749,-1.046029048958308,-0.4000015258789062,-0.40000152587890625
2014-01-10,37.900001525878906,37.900001525878906,37.09999847412109,37.40999984741211,37.40999984741211,1.8201281044988515,-1.136364438271209,-0.4300003051757812,-0.43000030517578125
2014-01-13,37.400001525878906,37.400001525878906,36.209999084472656,36.4900016784668,36.4900016784668,1.7348275737671683,-2.4592306140010733,-0.9199981689453124,-0.9199981689453125
2014-01-14,36.560001373291016,37.2400016784668,36.45000076293945,36.970001220703125,36.970001220703125,0.9296543397578232,1.315427569628147,0.4799995422363281,0.4799995422363281
2014-01-15,36.9900016784668,37.45000076293945,36.880001068115234,36.91999816894531,36.91999816894531,1.519583243883482,-0.135253043296657,-0.0500030517578125,-0.0500030517578125
2014-01-16,36.83000183105469,37.209999084472656,36.77999877929688,37.119998931884766,37.119998931884766,0.2289144658031554,0.5417139026504092,0.2000007629394531,0.20000076293945312
2014-01-17,37.040000915527344,37.15999984741211,36.52999877929688,36.95000076293945,36.95000076293945,0.3142149965348386,-0.4579692183107497,-0.1699981689453125,-0.1699981689453125
2014-01-21,37.20000076293945,37.7599983215332,37.09999847412109,37.31999969482422,37.31999969482422,1.3593457983034043,1.001350268592871,0.3699989318847656,0.3699989318847656
2014-01-22,37.5,37.5,36.91999816894531,37.34999847412109,37.34999847412109,0.0080897273669291,0.0803825818386227,0.0299987792968678,0.029998779296867895
2014-01-23,37.13999938964844,37.16999816894531,36.36000061035156,36.869998931884766,36.869998931884766,0.4369839846907189,-1.285139389145895,-0.479999542236321,-0.479999542236321
2014-01-24,36.5,36.90999984741211,35.2400016784668,36.02999877929688,36.02999877929688,1.3944226520622274,-2.2782755001966137,-0.8400001525878835,-0.8400001525878835
2014-01-27,36.09999847412109,36.15999984741211,34.439998626708984,35.11000061035156,35.11000061035156,0.5637389789555564,-2.553422703622066,-0.9199981689453196,-0.9199981689453196
2014-01-28,35.130001068115234,35.75,34.77000045776367,35.72999954223633,35.72999954223633,0.5852634119439251,1.7658755941518445,0.6199989318847656,0.6199989318847656
2014-01-29,35.349998474121094,35.459999084472656,34.400001525878906,34.459999084472656,34.459999084472656,0.4042987345972702,-3.5544373748519265,-1.270000457763672,-1.2700004577636719
2014-01-30,34.630001068115234,34.630001068115234,33.08000183105469,33.5,33.5,1.6104641831677051,-2.7858360707421537,-0.9599990844726562,-0.9599990844726562
2014-01-31,32.790000915527344,33.349998474121094,32.58000183105469,33.11000061035156,33.11000061035156,0.7518784672983341,-1.1641772825326524,-0.3899993896484375,-0.3899993896484375
2014-02-03,33.04999923706055,33.18000030517578,32.02000045776367,32.4900016784668,32.4900016784668,1.2317936028167755,-1.872542798114385,-0.6199989318847656,-0.6199989318847656
2014-02-04,32.66999816894531,32.68000030517578,32.08000183105469,32.209999084472656,32.209999084472656,0.2329004719121126,-0.8618115713417085,-0.2800025939941406,-0.2800025939941406
2014-02-05,31.959999084472656,32.22999954223633,31.21999931335449,31.450000762939453,31.450000762939453,0.7941301320532799,-2.359510534415299,-0.7599983215332031,-0.7599983215332031
2014-02-06,31.520000457763672,32.630001068115234,31.350000381469727,32.27000045776367,32.27000045776367,0.2815297464413899,2.6073121619459627,0.8199996948242188,0.8199996948242188
2014-02-07,32.36000061035156,32.880001068115234,32.16999816894531,32.83000183105469,32.83000183105469,0.4178511553677245,1.73536214858121,0.5600013732910156,0.5600013732910156
2014-02-10,32.7400016784668,32.9900016784668,32.47999954223633,32.5099983215332,32.5099983215332,0.2081872340365782,-0.9747288811259968,-0.3200035095214844,-0.3200035095214844
2014-02-11,32.45000076293945,32.65999984741211,32.02000045776367,32.33000183105469,32.33000183105469,0.5948298266054222,-0.5536650254432507,-0.1799964904785156,-0.17999649047851562
2014-02-12,32.310001373291016,32.650001525878906,32.04999923706055,32.29999923706055,32.29999923706055,0.0766490324409921,-0.0928010896842024,-0.0300025939941406,-0.030002593994140625
2014-02-13,31.979999542236328,33.099998474121094,31.780000686645508,32.91999816894531,32.91999816894531,0.947989967859026,1.9195013824439664,0.6199989318847656,0.6199989318847656
2014-02-14,32.900001525878906,33.04999923706055,32.029998779296875,32.810001373291016,32.810001373291016,0.3054457830951328,-0.3341336627353142,-0.1099967956542968,-0.10999679565429688
2014-02-18,32.810001373291016,33.25,32.279998779296875,33.11000061035156,33.11000061035156,0.3763966918345702,0.9143530158604696,0.2999992370605469,0.2999992370605469
2014-02-19,32.900001525878906,33.400001525878906,32.41999816894531,32.43000030517578,32.43000030517578,0.2129704413673268,-2.0537610771386827,-0.6800003051757812,-0.6800003051757812
2014-02-20,32.459999084472656,32.959999084472656,32.369998931884766,32.790000915527344,32.790000915527344,0.1507887460675952,1.1100851278564638,0.3600006103515625,0.3600006103515625
2014-02-21,32.849998474121094,33.06999969482422,32.529998779296875,32.630001068115234,32.630001068115234,0.33733383196679,-0.4879531654308211,-0.1599998474121093,-0.15999984741210938
2014-02-24,32.630001068115234,33.869998931884766,32.630001068115234,33.5099983215332,33.5099983215332,0.9280599373142404,2.696896183303732,0.8799972534179688,0.8799972534179688
2014-02-25,33.5,34.38999938964844,33.36000061035156,33.52000045776367,33.52000045776367,0.7128156074305539,0.0298482146567025,0.0100021362304687,0.01000213623046875
2014-02-26,33.470001220703125,34.349998474121094,33.0,34.099998474121094,34.099998474121094,0.6370814913603681,1.7303043211119196,0.5799980163574219,0.5799980163574219
2014-02-27,33.81999969482422,33.81999969482422,31.31999969482422,32.52000045776367,32.52000045776367,3.237551876844015,-4.633425475243058,-1.579998016357422,-1.5799980163574219
2014-02-28,32.599998474121094,33.29999923706055,32.5,32.689998626708984,32.689998626708984,1.91419784867024,0.5227495896443779,0.1699981689453125,0.1699981689453125
2014-03-03,32.529998779296875,33.61000061035156,32.529998779296875,33.13999938964844,33.13999938964844,0.5860606131657164,1.3765701494150129,0.4500007629394531,0.4500007629394531
2014-03-04,33.58000183105469,35.29999923706055,33.369998931884766,34.95000076293945,34.95000076293945,0.81645176626344,5.461681975336385,1.810001373291016,1.8100013732910156
2014-03-05,34.86000061035156,35.4900016784668,34.5,34.709999084472656,34.709999084472656,0.3197954050873786,-0.6867000664597778,-0.2400016784667968,-0.24000167846679688
2014-03-06,34.70000076293945,36.20000076293945,34.70000076293945,35.599998474121094,35.599998474121094,0.2783409415542242,2.5641008733030324,0.8899993896484375,0.8899993896484375
2014-03-07,35.93000030517578,36.18999862670898,35.25,35.400001525878906,35.400001525878906,0.1396279289625152,-0.5617892045348571,-0.1999969482421875,-0.1999969482421875
2014-03-10,35.33000183105469,35.560001373291016,34.650001525878906,35.45000076293945,35.45000076293945,0.8435566078043486,0.1412407765688739,0.0499992370605468,0.049999237060546875
2014-03-11,35.36000061035156,35.529998779296875,34.79999923706055,35.119998931884766,35.119998931884766,0.0965790629857779,-0.9308937205995238,-0.3300018310546875,-0.3300018310546875
2014-03-12,35.02000045776367,35.27000045776367,34.970001220703125,35.209999084472656,35.209999084472656,0.061502209226955,0.2562646791716805,0.0900001525878906,0.09000015258789062
2014-03-13,35.2599983215332,35.439998626708984,33.63999938964844,33.86000061035156,33.86000061035156,0.4529280091265475,-3.834133795011752,-1.3499984741210938,-1.3499984741210938
2014-03-14,33.66999816894531,34.220001220703125,33.45000076293945,34.16999816894531,34.16999816894531,0.4266203688074303,0.9155273272469344,0.30999755859375,0.30999755859375
2014-03-17,34.529998779296875,35.189998626708984,33.93000030517578,34.20000076293945,34.20000076293945,0.1683271729470067,0.087803908697337,0.0300025939941406,0.030002593994140625
2014-03-18,34.099998474121094,35.09000015258789,34.060001373291016,34.880001068115234,34.880001068115234,0.089404251989655,1.9883049415386544,0.6800003051757812,0.6800003051757812
2014-03-19,34.79999923706055,35.09000015258789,34.560001373291016,34.77000045776367,34.77000045776367,0.3046485818733414,-0.3153687126807969,-0.1100006103515625,-0.1100006103515625
2014-03-20,34.599998474121094,34.95000076293945,34.54999923706055,34.630001068115234,34.630001068115234,0.0407749774603777,-0.4026441984621209,-0.1399993896484375,-0.1399993896484375
2014-03-21,34.66999816894531,35.189998626708984,34.400001525878906,35.11000061035156,35.11000061035156,0.3676274783948644,1.386080067662121,0.4799995422363281,0.4799995422363281
2014-03-24,35.220001220703125,35.61000061035156,34.119998931884766,34.66999816894531,34.66999816894531,0.0447609835693349,-1.2532111471297511,-0.44000244140625,-0.44000244140625
2014-03-25,34.970001220703125,37.04999923706055,34.970001220703125,36.93000030517578,36.93000030517578,0.655417119461571,6.51861048626996,2.2600021362304688,2.2600021362304688
2014-03-26,37.18999862670898,37.43999862670898,35.900001525878906,35.93000030517578,35.93000030517578,0.5414173447453964,-2.7078255936538675,-1.0,-1.0
2014-03-27,36.02000045776367,36.209999084472656,35.66999816894531,35.88999938964844,35.88999938964844,0.1499915448458038,-0.1113301285488255,-0.0400009155273437,-0.04000091552734375
2014-03-28,35.849998474121094,37.02000045776367,35.459999084472656,37.02000045776367,37.02000045776367,0.3596554661769501,3.1485123637008394,1.1300010681152344,1.1300010681152344
2014-03-31,37.0,37.77999877929688,36.709999084472656,37.41999816894531,37.41999816894531,0.3221870087527528,1.0804908326189857,0.3999977111816406,0.3999977111816406
2014-04-01,37.5,38.20000076293945,37.33000183105469,38.02999877929688,38.02999877929688,0.5342425337492734,1.6301460187077454,0.6100006103515696,0.6100006103515696
2014-04-02,38.08000183105469,38.470001220703125,37.72999954223633,38.38999938964844,38.38999938964844,0.4975712775468676,0.9466227239206092,0.3600006103515554,0.3600006103515554
2014-04-03,38.29999923706055,38.380001068115234,37.93000030517578,37.9900016784668,37.9900016784668,0.6570115219051538,-1.0419320592370165,-0.3999977111816406,-0.3999977111816406
2014-04-04,39.0,40.5,38.34000015258789,38.88999938964844,38.88999938964844,5.432246840435824,2.3690383559308303,0.8999977111816406,0.8999977111816406
2014-04-07,38.75,38.95000076293945,37.7400016784668,37.93999862670898,37.93999862670898,2.1708966420870808,-2.442789349059049,-0.9500007629394602,-0.9500007629394602
2014-04-08,38.0099983215332,38.59000015258789,37.7599983215332,38.5,38.5,0.4226343626984731,1.4760184332131,0.5600013732910227,0.5600013732910227
2014-04-09,38.68999862670898,39.41999816894531,38.22999954223633,39.18999862670898,39.18999862670898,0.4696692347841675,1.7922042252181305,0.6899986267089773,0.6899986267089773
2014-04-10,39.18000030517578,39.27000045776367,38.29999923706055,38.63999938964844,38.63999938964844,0.9288571385360316,-1.4034173420095497,-0.5499992370605398,-0.5499992370605398
2014-04-11,38.08000183105469,38.63999938964844,37.369998931884766,37.47999954223633,37.47999954223633,0.2958793684336356,-3.002070045898786,-1.1599998474121094,-1.1599998474121094
2014-04-14,37.83000183105469,37.880001068115234,37.18999862670898,37.61000061035156,37.61000061035156,0.3676274783948644,0.3468545082791152,0.1300010681152343,0.13000106811523438
2014-04-15,37.70000076293945,37.90999984741211,36.34999847412109,37.27999877929688,37.27999877929688,0.5254733203095677,-0.8774310707239219,-0.3300018310546804,-0.3300018310546804
2014-04-16,37.52000045776367,37.68000030517578,37.130001068115234,37.52000045776367,37.52000045776367,-0.012637504399648,0.6437813474394982,0.2400016784667897,0.24000167846678977
2014-04-17,37.619998931884766,39.54999923706055,37.619998931884766,38.959999084472656,38.959999084472656,1.9612327207559344,3.837949384702144,1.4399986267089844,1.4399986267089844
2014-04-21,38.93000030517578,38.93000030517578,38.040000915527344,38.31999969482422,38.31999969482422,-0.0987352363531225,-1.6427089442707543,-0.6399993896484375,-0.6399993896484375
2014-04-22,38.459999084472656,39.18999862670898,38.22999954223633,38.59999847412109,38.59999847412109,0.1212923008613123,0.7306857555499535,0.2799987792968679,0.2799987792968679
2014-04-23,38.4900016784668,38.68999862670898,38.119998931884766,38.20000076293945,38.20000076293945,0.3461030454064958,-1.0362635414346122,-0.3999977111816335,-0.3999977111816335
2014-04-24,38.43000030517578,38.43000030517578,37.63999938964844,37.93999862670898,37.93999862670898,0.7789833088392427,-0.6806338508839049,-0.2600021362304758,-0.26000213623047586
2014-04-25,37.65999984741211,37.72999954223633,36.56999969482422,37.09000015258789,37.09000015258789,1.1544650843030069,-2.240375605925049,-0.8499984741210866,-0.8499984741210866
2014-04-28,37.33000183105469,37.880001068115234,36.70000076293945,37.08000183105469,37.08000183105469,2.262574782593095,-0.0269569196335139,-0.0099983215332031,-0.009998321533203125
2014-04-29,37.220001220703125,38.0099983215332,36.900001525878906,37.36000061035156,37.36000061035156,0.4019071309318959,0.7551207267265436,0.279998779296875,0.279998779296875
2014-04-30,37.310001373291016,38.4900016784668,36.88999938964844,38.18999862670898,38.18999862670898,0.435389582247136,2.2216220631630312,0.8299980163574148,0.8299980163574148
2014-05-01,38.13999938964844,38.13999938964844,37.0,37.65999984741211,37.65999984741211,1.1488846757504667,-1.3877947063506868,-0.5299987792968679,-0.5299987792968679
2014-05-02,37.650001525878906,38.2599983215332,37.43000030517578,37.619998931884766,37.619998931884766,0.020844946915592,-0.1062159205773127,-0.0400009155273437,-0.04000091552734375
2014-05-05,37.22999954223633,37.56999969482422,36.91999816894531,37.02000045776367,37.02000045776367,0.7718084978431199,-1.5948923209898491,-0.5999984741210938,-0.5999984741210938
2014-05-06,37.02999877929688,38.43000030517578,36.869998931884766,37.709999084472656,37.709999084472656,0.7973189369404456,1.863853641752944,0.6899986267089844,0.6899986267089844
2014-05-07,37.720001220703125,38.70000076293945,37.18999862670898,38.58000183105469,38.58000183105469,0.394732319935773,2.307087689483023,0.8700027465820312,0.8700027465820312
2014-05-08,38.77000045776367,39.66999816894531,36.59000015258789,37.15999984741211,37.15999984741211,1.1544650843030069,-3.680668523192132,-1.420001983642578,-1.4200019836425781
2014-05-09,37.0,37.150001525878906,36.27000045776367,36.709999084472656,36.709999084472656,1.2206327857116954,-1.2109816059937106,-0.4500007629394531,-0.4500007629394531
2014-05-12,36.77000045776367,38.79999923706055,36.720001220703125,38.709999084472656,38.709999084472656,0.5095292958737391,5.4481069187657605,2.0,2.0
2014-05-13,38.52999877929688,39.29999923706055,38.34000015258789,39.18999862670898,39.18999862670898,1.612058585611288,1.23998851353333,0.479999542236321,0.479999542236321
2014-05-14,39.20000076293945,39.20000076293945,37.34000015258789,37.369998931884766,37.369998931884766,0.3795854967217359,-4.644041231437646,-1.819999694824212,-1.8199996948242116
2014-05-15,37.13999938964844,37.43999862670898,35.88999938964844,36.43999862670898,36.43999862670898,0.4441587956868418,-2.488628128865944,-0.9300003051757884,-0.9300003051757884
2014-05-16,36.31999969482422,36.93999862670898,35.77000045776367,36.900001525878906,36.900001525878906,0.2679773256709356,1.262357070542719,0.460002899169929,0.460002899169929
2014-05-19,36.83000183105469,37.900001525878906,36.61000061035156,37.720001220703125,37.720001220703125,-0.064455583816091,2.22222130329488,0.8199996948242188,0.8199996948242188
2014-05-20,37.540000915527344,37.81999969482422,35.900001525878906,36.47999954223633,36.47999954223633,0.3596554661769501,-3.287385043312796,-1.2400016784667969,-1.2400016784667969
2014-05-21,36.83000183105469,36.97999954223633,35.869998931884766,36.77999877929688,36.77999877929688,0.0439637823475435,0.82236633998094,0.299999237060554,0.299999237060554
2014-05-22,36.93000030517578,37.18999862670898,36.630001068115234,36.7599983215332,36.7599983215332,-0.2414342550537887,-0.054378625414575,-0.0200004577636789,-0.02000045776367898
2014-05-23,36.650001525878906,37.16999816894531,35.970001220703125,37.119998931884766,37.119998931884766,-0.070035992368631,0.9793270587302504,0.3600006103515625,0.3600006103515625
2014-05-27,37.40999984741211,38.18000030517578,37.13999938964844,37.56999969482422,37.56999969482422,-0.0923576265787911,1.2122865729743193,0.4500007629394531,0.4500007629394531
2014-05-28,37.45000076293945,39.04999923706055,37.45000076293945,38.720001220703125,38.720001220703125,0.3987183260447302,3.060956974235318,1.1500015258789062,1.1500015258789062
2014-05-29,38.70000076293945,38.84999847412109,37.95000076293945,38.4900016784668,38.4900016784668,0.1276699106356437,-0.5940070634950056,-0.2299995422363281,-0.22999954223632812
2014-05-30,38.400001525878906,38.63999938964844,37.84999847412109,38.15999984741211,38.15999984741211,-0.0732247972557968,-0.857370269327129,-0.3300018310546875,-0.3300018310546875
2014-06-02,38.09999847412109,38.380001068115234,37.41999816894531,37.869998931884766,37.869998931884766,0.3341450270796243,-0.7599604734983001,-0.2900009155273437,-0.29000091552734375
2014-06-03,37.84000015258789,38.13999938964844,37.27999877929688,37.9900016784668,37.9900016784668,0.1468027399586381,0.3168807762521375,0.1200027465820312,0.12000274658203125
2014-06-04,37.93999862670898,38.90999984741211,37.380001068115234,38.2599983215332,38.2599983215332,0.0957818617639865,0.7107044778559279,0.2699966430664062,0.26999664306640625
2014-06-05,38.400001525878906,40.0,37.68000030517578,39.959999084472656,39.959999084472656,0.638675893803951,4.4432849909004535,1.7000007629394531,1.7000007629394531
2014-06-06,40.0,40.150001525878906,39.400001525878906,40.0,40.0,0.2871101549939299,0.1001023935030209,0.0400009155273437,0.04000091552734375
2014-06-09,39.84000015258789,40.150001525878906,39.41999816894531,39.9900016784668,39.9900016784668,0.5238789178659848,-0.0249958038330055,-0.0099983215332031,-0.009998321533203125
2014-06-10,39.93000030517578,39.97999954223633,39.02999877929688,39.77000045776367,39.77000045776367,1.012563266824132,-0.55014056381395,-0.220001220703125,-0.220001220703125
2014-06-12,40.93000030517578,41.27000045776367,40.58000183105469,40.88999938964844,40.88999938964844,1.8217225069424343,2.816190392238549,1.1199989318847656,1.1199989318847656
2014-06-13,41.0,41.08000183105469,40.33000183105469,40.66999816894531,40.66999816894531,0.4457531981304246,-0.5380318512766213,-0.220001220703125,-0.220001220703125
2014-06-16,40.630001068115234,41.290000915527344,40.54999923706055,41.18000030517578,41.18000030517578,1.2612900480230584,1.2540008831864125,0.5100021362304688,0.5100021362304688
2014-06-24,41.06999969482422,41.4900016784668,40.27999877929688,40.38999938964844,40.38999938964844,0.8467454126915144,-1.9184092027023425,-0.7900009155273438,-0.7900009155273438
2014-06-25,40.04999923706055,40.59999847412109,40.04999923706055,40.59999847412109,40.59999847412109,0.6617947292359024,0.5199284170488649,0.2099990844726491,0.20999908447264914
2014-06-26,40.5099983215332,40.630001068115234,40.04999923706055,40.619998931884766,40.619998931884766,0.3763966918345702,0.0492622130920272,0.0200004577636789,0.02000045776367898
2014-06-27,40.27000045776367,41.34999847412109,40.20000076293945,41.29999923706055,41.29999923706055,2.0704492881413605,1.674052986353014,0.6800003051757812,0.6800003051757812
2014-06-30,41.119998931884766,41.68999862670898,40.84000015258789,41.66999816894531,41.66999816894531,0.3859631064960673,0.8958812075539946,0.3699989318847656,0.3699989318847656
2014-07-07,41.619998931884766,41.619998931884766,40.4900016784668,40.52000045776367,40.52000045776367,0.2695717281145184,-2.759773846207369,-1.1499977111816406,-1.1499977111816406
2014-07-08,40.36000061035156,40.36000061035156,39.630001068115234,39.70000076293945,39.70000076293945,0.6657807353448596,-2.0236912279380403,-0.8199996948242188,-0.8199996948242188
2014-07-09,39.65999984741211,40.040000915527344,38.810001373291016,39.0099983215332,39.0099983215332,0.3445086429629129,-1.738041380720523,-0.69000244140625,-0.69000244140625
2014-07-10,38.060001373291016,38.75,37.84000015258789,38.29999923706055,38.29999923706055,0.2727605330016842,-1.8200438734208848,-0.7099990844726562,-0.7099990844726562
2014-07-11,38.36000061035156,38.36000061035156,37.36000061035156,37.81999969482422,37.81999969482422,0.1850683986046268,-1.2532625373314898,-0.4799995422363281,-0.4799995422363281
2014-07-14,38.18999862670898,38.63999938964844,37.95000076293945,38.09000015258789,38.09000015258789,0.2321032706903212,0.7139092013282555,0.2700004577636719,0.2700004577636719
2014-07-15,38.119998931884766,38.29999923706055,37.470001220703125,37.560001373291016,37.560001373291016,0.2185508499198668,-1.391438112821497,-0.529998779296875,-0.529998779296875
2014-07-16,37.88999938964844,37.97999954223633,37.20000076293945,37.52000045776367,37.52000045776367,-0.0094486995124823,-0.1064987062428302,-0.0400009155273437,-0.04000091552734375
2014-07-17,37.15999984741211,37.41999816894531,36.20000076293945,36.369998931884766,36.369998931884766,0.9073327055476632,-3.065036012388822,-1.1500015258789062,-1.1500015258789062
2014-07-18,36.209999084472656,37.18000030517578,36.209999084472656,37.060001373291016,37.060001373291016,0.3134177953130471,1.897174764009524,0.69000244140625,0.69000244140625
2014-07-21,36.709999084472656,37.060001373291016,36.29999923706055,36.959999084472656,36.959999084472656,0.2775437403324327,-0.2698388697050413,-0.1000022888183593,-0.10000228881835938
2014-07-22,37.209999084472656,37.790000915527344,36.9900016784668,37.369998931884766,37.369998931884766,0.0049009224797634,1.1093069739397166,0.4099998474121094,0.4099998474121094
2014-07-23,37.40999984741211,37.540000915527344,36.54999923706055,36.900001525878906,36.900001525878906,0.1627467643944667,-1.2576864314674865,-0.4699974060058594,-0.4699974060058594
2014-07-24,37.02000045776367,37.84000015258789,36.9900016784668,37.09999847412109,37.09999847412109,-0.0604695777071339,0.5419971272952795,0.1999969482421804,0.1999969482421804
2014-07-25,36.709999084472656,37.16999816894531,36.630001068115234,36.77999877929688,36.77999877929688,-0.0150291080650223,-0.8625329056210607,-0.3199996948242045,-0.31999969482420454
2014-07-28,40.40999984741211,40.40999984741211,38.61000061035156,38.869998931884766,38.869998931884766,3.753341067343071,5.682436710042316,2.0900001525878835,2.0900001525878835
2014-07-29,39.560001373291016,40.22999954223633,39.0099983215332,40.0099983215332,40.0099983215332,1.8607853668102143,2.932851610431375,1.1399993896484375,1.1399993896484375
2014-07-30,40.29999923706055,40.470001220703125,39.70000076293945,40.25,40.25,0.9487871690808176,0.5998542577734245,0.2400016784667968,0.24000167846679688
2014-07-31,39.290000915527344,39.790000915527344,38.5,38.5099983215332,38.5099983215332,0.9129131141002031,-4.322985536563473,-1.7400016784667969,-1.7400016784667969
2014-08-01,38.380001068115234,38.83000183105469,38.08000183105469,38.630001068115234,38.630001068115234,0.6745499487845653,0.3116145204164589,0.1200027465820312,0.12000274658203125
2014-08-04,38.91999816894531,40.9900016784668,38.68999862670898,40.83000183105469,40.83000183105469,1.8296945191603489,5.695057473750143,2.200000762939453,2.200000762939453
2014-08-05,40.540000915527344,41.369998931884766,39.900001525878906,40.75,40.75,0.8690670469016744,-0.1959388377833493,-0.0800018310546875,-0.0800018310546875
2014-08-06,40.54999923706055,41.36000061035156,40.43999862670898,41.150001525878906,41.150001525878906,0.83319299192106,0.9815988365126538,0.4000015258789062,0.40000152587890625
2014-08-07,41.27000045776367,41.27000045776367,40.16999816894531,40.33000183105469,40.33000183105469,1.0261156875945865,-1.992708783518582,-0.8199996948242188,-0.8199996948242188
2014-08-08,38.5,41.41999816894531,38.0,39.27999877929688,39.27999877929688,1.676631884576394,-2.6035284009069626,-1.0500030517578054,-1.0500030517578054
2014-08-11,39.47999954223633,40.08000183105469,39.47999954223633,39.619998931884766,39.619998931884766,0.7638364856252056,0.8655808634268292,0.3400001525878835,0.3400001525878835
2014-08-12,39.400001525878906,39.900001525878906,39.04999923706055,39.20000076293945,39.20000076293945,0.6362842901385766,-1.060066078415045,-0.4199981689453125,-0.4199981689453125
2014-08-13,39.34000015258789,39.790000915527344,38.91999816894531,39.27000045776367,39.27000045776367,0.6952771805511425,0.1785706465863068,0.0699996948242187,0.06999969482421875
2014-08-14,39.34999847412109,39.52999877929688,38.75,39.0,39.0,0.4106763443716017,-0.6875489040395255,-0.2700004577636719,-0.2700004577636719
2014-08-15,39.34999847412109,39.540000915527344,38.34000015258789,38.869998931884766,38.869998931884766,0.3891519113832331,-0.33333607209034,-0.1300010681152343,-0.13000106811523438
2014-08-18,39.060001373291016,39.540000915527344,38.93000030517578,39.20000076293945,39.20000076293945,0.3620470698423244,0.8489885261715013,0.3300018310546875,0.3300018310546875
2014-08-19,39.27000045776367,39.52000045776367,39.119998931884766,39.18999862670898,39.18999862670898,0.3102289904258814,-0.0255156531525635,-0.0100021362304758,-0.010002136230475855
2014-08-20,39.16999816894531,39.61000061035156,38.52999877929688,39.54999923706055,39.54999923706055,0.8945774859990002,0.9186032737092732,0.3600006103515696,0.3600006103515696
2014-08-21,39.52000045776367,39.77000045776367,38.84999847412109,39.5099983215332,39.5099983215332,0.3158093989784214,-0.1011401170644243,-0.0400009155273437,-0.04000091552734375
2014-08-22,39.47999954223633,39.59000015258789,38.84000015258789,38.86000061035156,38.86000061035156,0.1922432096007496,-1.6451474026699442,-0.6499977111816406,-0.6499977111816406
2014-08-25,39.02999877929688,39.08000183105469,38.27999877929688,38.75,38.75,0.3158093989784214,-0.283068987709334,-0.1100006103515625,-0.1100006103515625
2014-08-26,38.84000015258789,39.5,38.70000076293945,39.459999084472656,39.459999084472656,0.3213898075309614,1.8322557018649157,0.7099990844726562,0.7099990844726562
2014-08-27,39.58000183105469,39.810001373291016,39.060001373291016,39.22999954223633,39.22999954223633,-0.1322176876683627,-0.5828675812788675,-0.2299995422363281,-0.22999954223632812
2014-08-28,39.040000915527344,40.060001373291016,38.900001525878906,39.33000183105469,39.33000183105469,0.5438089484107707,0.2549127962917508,0.1000022888183593,0.10000228881835938
2014-08-29,39.40999984741211,40.04999923706055,39.11000061035156,40.04999923706055,40.04999923706055,0.5844662107221336,1.830656934872943,0.7199974060058594,0.7199974060058594
2014-09-02,40.02999877929688,40.09999847412109,39.38999938964844,40.09999847412109,40.09999847412109,0.8626894371273429,0.1248420424794227,0.0499992370605397,0.04999923706053977
2014-09-03,40.310001373291016,40.310001373291016,39.43999862670898,39.95000076293945,39.95000076293945,1.166423102629878,-0.3740591443624042,-0.1499977111816335,-0.14999771118163352
2014-09-04,39.959999084472656,40.150001525878906,39.59000015258789,40.0,40.0,0.6968715829947254,0.1251545334310266,0.0499992370605468,0.049999237060546875
2014-09-05,39.83000183105469,40.18999862670898,39.59999847412109,39.7400016784668,39.7400016784668,0.4090819419280188,-0.6499958038330034,-0.2599983215332031,-0.2599983215332031
2014-09-08,39.66999816894531,39.84000015258789,39.31999969482422,39.59000015258789,39.59000015258789,-0.1114904559017854,-0.3774572711208179,-0.1500015258789062,-0.15000152587890625
2014-09-09,39.470001220703125,39.68000030517578,38.77999877929688,39.08000183105469,39.08000183105469,0.6681723390102339,-1.2881998473542988,-0.5099983215332031,-0.5099983215332031
2014-09-10,39.08000183105469,39.18999862670898,38.70000076293945,38.9900016784668,38.9900016784668,0.3891519113832331,-0.2302972066812292,-0.0900001525878906,-0.09000015258789062
2014-09-11,38.709999084472656,39.02000045776367,38.52999877929688,38.93000030517578,38.93000030517578,0.2671801244491441,-0.1538891272327203,-0.0600013732910156,-0.060001373291015625
2014-09-12,38.91999816894531,38.93999862670898,37.52999877929688,37.810001373291016,37.810001373291016,0.6299066803642451,-2.87695587748521,-1.1199989318847656,-1.1199989318847656
2014-09-15,37.709999084472656,37.880001068115234,37.209999084472656,37.52000045776367,37.52000045776367,0.0822294409935322,-0.7669952525635182,-0.2900009155273437,-0.29000091552734375
2014-09-16,37.54999923706055,38.0099983215332,37.43000030517578,37.47999954223633,37.47999954223633,0.1029566727601094,-0.1066122469064789,-0.0400009155273437,-0.04000091552734375
2014-09-17,37.59999847412109,37.810001373291016,36.79999923706055,37.15999984741211,37.15999984741211,0.8491370163568887,-0.8537878834913304,-0.3199996948242187,-0.31999969482421875
2014-09-18,37.31999969482422,37.68999862670898,36.79999923706055,36.869998931884766,36.869998931884766,0.3134177953130471,-0.7804115089293795,-0.2900009155273437,-0.29000091552734375
2014-09-19,36.93999862670898,37.06999969482422,36.25,37.02999877929688,37.02999877929688,1.592128555066502,0.4339567454496151,0.1599998474121164,0.15999984741211648
2014-09-22,36.79999923706055,36.900001525878906,36.13999938964844,36.790000915527344,36.790000915527344,0.7319484367535483,-0.6481173958442499,-0.2399978637695383,-0.23999786376953836
2014-09-23,36.7599983215332,37.15999984741211,36.470001220703125,36.56999969482422,36.56999969482422,0.4058931370408531,-0.5979918870028467,-0.220001220703125,-0.220001220703125
2014-09-24,36.58000183105469,37.09999847412109,36.04999923706055,36.869998931884766,36.869998931884766,0.3596554661769501,0.8203424653104641,0.2999992370605469,0.2999992370605469
2014-09-25,36.83000183105469,36.869998931884766,35.869998931884766,36.34999847412109,36.34999847412109,0.9049411018822888,-1.41036200929745,-0.520000457763679,-0.520000457763679
2014-09-26,36.38999938964844,36.84999847412109,36.08000183105469,36.709999084472656,36.709999084472656,0.4417671920214674,0.9903731099407452,0.3600006103515696,0.3600006103515696
2014-09-29,36.27000045776367,36.58000183105469,35.970001220703125,36.459999084472656,36.459999084472656,0.4361867834689275,-0.6810133648457173,-0.25,-0.25
2014-09-30,36.52000045776367,36.59999847412109,35.630001068115234,35.709999084472656,35.709999084472656,1.1632342977427124,-2.0570488722787883,-0.75,-0.75
2014-10-01,35.63999938964844,35.93000030517578,34.4900016784668,34.4900016784668,34.4900016784668,1.41833868871597,-3.416402792730222,-1.2199974060058594,-1.2199974060058594
2014-10-02,34.43000030517578,35.13999938964844,34.099998474121094,34.689998626708984,34.689998626708984,0.8443538090261401,0.579869349113582,0.1999969482421875,0.1999969482421875
2014-10-03,35.060001373291016,35.060001373291016,34.34000015258789,34.54999923706055,34.54999923706055,1.1656259014080868,-0.4035727736830918,-0.1399993896484375,-0.1399993896484375
2014-10-06,34.61000061035156,34.83000183105469,34.43000030517578,34.529998779296875,34.529998779296875,0.4258231675856389,-0.057888446325105,-0.0200004577636718,-0.020000457763671875
2014-10-07,34.2599983215332,34.5099983215332,33.630001068115234,33.779998779296875,33.779998779296875,0.6530255157961966,-2.172024403457773,-0.75,-0.75
2014-10-08,33.650001525878906,34.72999954223633,33.11000061035156,34.619998931884766,34.619998931884766,0.6737527475627738,2.486679049564411,0.8400001525878906,0.8400001525878906
2014-10-09,34.349998474121094,34.369998931884766,32.91999816894531,33.0,33.0,1.392031048396853,-4.679373142304632,-1.6199989318847656,-1.6199989318847656
2014-10-10,32.79999923706055,33.36000061035156,32.290000915527344,32.369998931884766,32.369998931884766,0.4417671920214674,-1.909094145803736,-0.6300010681152344,-0.6300010681152344
2014-10-13,32.459999084472656,32.959999084472656,32.13999938964844,32.220001220703125,32.220001220703125,0.1587607582855095,-0.4633849741462081,-0.1499977111816406,-0.14999771118164062
2014-10-14,32.529998779296875,33.630001068115234,32.380001068115234,33.06999969482422,33.06999969482422,0.6195430644809565,2.638108137546946,0.8499984741210938,0.8499984741210938
2014-10-15,32.150001525878906,34.88999938964844,31.809999465942383,34.72999954223633,34.72999954223633,0.9001578945515402,5.019654861599276,1.6599998474121094,1.6599998474121094
2014-10-16,34.13999938964844,35.63999938964844,34.13999938964844,35.459999084472656,35.459999084472656,0.6506339121308223,2.101927877507026,0.7299995422363281,0.7299995422363281
2014-10-17,35.959999084472656,36.04999923706055,35.36000061035156,35.369998931884766,35.369998931884766,0.4194455578113074,-0.253807543461837,-0.0900001525878906,-0.09000015258789062
2014-10-20,35.279998779296875,35.91999816894531,35.06999969482422,35.81999969482422,35.81999969482422,0.5924382229400479,1.272266826487778,0.4500007629394531,0.4500007629394531
2014-10-21,36.119998931884766,36.40999984741211,35.77000045776367,35.88999938964844,35.88999938964844,0.1683271729470067,0.1954207019000398,0.0699996948242187,0.06999969482421875
2014-10-22,36.060001373291016,36.150001525878906,35.099998474121094,35.130001068115234,35.130001068115234,-0.0796024070301282,-2.1175768583389987,-0.7599983215332031,-0.7599983215332031
2014-10-23,35.45000076293945,35.79999923706055,35.15999984741211,35.34000015258789,35.34000015258789,0.666577936566651,0.5977770512032743,0.2099990844726562,0.20999908447265625
2014-10-24,35.41999816894531,35.70000076293945,35.2599983215332,35.5,35.5,0.3931379174921902,0.4527443314127799,0.1599998474121093,0.15999984741210938
2014-10-27,35.15999984741211,35.27000045776367,34.279998779296875,34.84000015258789,34.84000015258789,0.0463553860129178,-1.8591544997524243,-0.6599998474121094,-0.6599998474121094
2014-10-28,35.130001068115234,36.18999862670898,34.959999084472656,36.11000061035156,36.11000061035156,0.6984659854383082,3.6452366595909336,1.270000457763672,1.2700004577636719
2014-10-29,36.27000045776367,37.04999923706055,36.2400016784668,36.5,36.5,0.2416696853518183,1.0800315232801116,0.3899993896484375,0.3899993896484375
2014-10-30,36.2599983215332,37.09000015258789,36.13999938964844,36.959999084472656,36.959999084472656,-0.0317703337226424,1.2602714643086488,0.4599990844726562,0.45999908447265625
2014-10-31,37.619998931884766,37.709999084472656,37.0099983215332,37.52999877929688,37.52999877929688,0.1452083375150552,1.5422070047174108,0.5699996948242259,0.5699996948242259
2014-11-03,37.540000915527344,37.83000183105469,36.93999862670898,37.11000061035156,37.11000061035156,0.0790406361063664,-1.1190998737175772,-0.4199981689453196,-0.4199981689453196
2014-11-04,36.84999847412109,37.29999923706055,35.70000076293945,35.790000915527344,35.790000915527344,0.3891519113832331,-3.5569918434763204,-1.3199996948242188,-1.3199996948242188
2014-11-05,36.0099983215332,36.43999862670898,35.5099983215332,35.97999954223633,35.97999954223633,0.6586059243487367,0.5308706953023767,0.1899986267089843,0.18999862670898438
2014-11-06,36.02999877929688,36.15999984741211,34.790000915527344,35.25,35.25,1.6248138051599508,-2.0289037007334976,-0.7299995422363281,-0.7299995422363281
2014-11-07,34.65999984741211,34.65999984741211,31.65999984741211,32.099998474121094,32.099998474121094,2.7959023999715624,-8.936174541500442,-3.1500015258789062,-3.1500015258789062
2014-11-10,32.22999954223633,32.58000183105469,31.059999465942383,31.489999771118164,31.489999771118164,1.058800937688035,-1.90030757632188,-0.6099987030029297,-0.6099987030029297
2014-11-11,31.489999771118164,31.549999237060547,30.670000076293945,31.21999931335449,31.21999931335449,1.023724083929212,-0.8574165123091282,-0.2700004577636754,-0.2700004577636754
2014-11-12,30.96999931335449,33.36000061035156,30.8799991607666,33.36000061035156,33.36000061035156,2.111903751674515,6.8545847023183,2.140001296997074,2.140001296997074
2014-11-13,33.290000915527344,33.439998626708984,32.65999984741211,33.290000915527344,33.290000915527344,1.068367352349532,-0.2098312156580073,-0.0699996948242187,-0.06999969482421875
2014-11-14,33.2599983215332,33.439998626708984,32.72999954223633,32.97999954223633,32.97999954223633,0.759053278294457,-0.9312146733718608,-0.3100013732910156,-0.3100013732910156
2014-11-17,32.810001373291016,33.40999984741211,32.689998626708984,33.13999938964844,33.13999938964844,0.5151097044262791,0.4851420546783336,0.1599998474121093,0.15999984741210938
2014-11-18,33.209999084472656,34.099998474121094,33.209999084472656,33.72999954223633,33.72999954223633,0.4688720335623761,1.780326383386055,0.5900001525878906,0.5900001525878906
2014-11-19,33.689998626708984,34.13999938964844,33.290000915527344,33.86000061035156,33.86000061035156,0.4975712775468676,0.3854167503099193,0.1300010681152343,0.13000106811523438
2014-11-20,33.63999938964844,34.4900016784668,33.63999938964844,34.400001525878906,34.400001525878906,0.3819771003871102,1.5948048015163252,0.5400009155273438,0.5400009155273438
2014-11-21,35.0099983215332,35.7400016784668,34.400001525878906,34.54999923706055,34.54999923706055,0.4473476005740075,0.4360398387447617,0.1499977111816406,0.14999771118164062
2014-11-24,34.619998931884766,34.7400016784668,33.83000183105469,34.5099983215332,34.5099983215332,0.7526756685201255,-0.1157768926502211,-0.0400009155273437,-0.04000091552734375
2014-11-25,35.099998474121094,36.470001220703125,34.540000915527344,34.81999969482422,34.81999969482422,1.8679601778063373,0.8982943737136706,0.3100013732910156,0.3100013732910156
2014-11-26,34.7400016784668,34.7400016784668,33.52000045776367,33.56999969482422,33.56999969482422,0.4529280091265475,-3.589890898780812,-1.25,-1.25
2014-11-28,33.5,33.5,32.400001525878906,33.06999969482422,33.06999969482422,0.1372363252971409,-1.489425095458341,-0.5,-0.5
2014-12-01,32.9900016784668,32.9900016784668,31.239999771118164,31.520000457763672,31.520000457763672,0.7909413271661142,-4.687025253596044,-1.5499992370605469,-1.5499992370605469
2014-12-02,31.489999771118164,31.8799991607666,30.93000030517578,31.290000915527344,31.290000915527344,0.4114735455933931,-0.7296939685788484,-0.2299995422363281,-0.22999954223632812
2014-12-03,31.209999084472656,32.13999938964844,31.209999084472656,31.93000030517578,31.93000030517578,0.2432640877954012,2.045379900678901,0.6399993896484375,0.6399993896484375
2014-12-04,31.809999465942383,32.029998779296875,31.13999938964844,31.31999969482422,31.31999969482422,0.6657807353448596,-1.910430956847442,-0.6100006103515625,-0.6100006103515625
2014-12-05,31.530000686645508,32.459999084472656,31.459999084472656,31.709999084472656,31.709999084472656,0.7399204489714626,1.2452087913426446,0.3899993896484375,0.3899993896484375
2014-12-08,31.65999984741211,31.71999931335449,30.46999931335449,30.540000915527344,30.540000915527344,0.3285646185270843,-3.689682127799943,-1.1699981689453125,-1.1699981689453125
2014-12-09,30.1200008392334,31.309999465942383,30.01000022888184,31.290000915527344,31.290000915527344,0.5980186314925879,2.455795604179833,0.75,0.75
2014-12-10,30.96999931335449,31.1200008392334,30.1200008392334,30.190000534057617,30.190000534057617,0.7997105406058199,-3.515501276076549,-1.1000003814697266,-1.1000003814697266
2014-12-11,30.290000915527344,30.63999938964844,30.26000022888184,30.5,30.5,0.3469002466282872,1.026828289031223,0.3099994659423828,0.3099994659423828
2014-12-12,30.020000457763672,30.61000061035156,29.82999992370605,29.989999771118164,29.989999771118164,0.3939351187139816,-1.672131897973228,-0.5100002288818359,-0.5100002288818359
2014-12-15,30.100000381469727,30.270000457763672,28.90999984741211,29.290000915527344,29.290000915527344,0.5788858021695936,-2.334107572301325,-0.6999988555908203,-0.6999988555908203
2014-12-16,29.270000457763672,30.40999984741211,29.26000022888184,29.31999969482422,29.31999969482422,0.118900697195938,0.1024198646609519,0.029998779296875,0.029998779296875
2014-12-17,29.36000061035156,30.82999992370605,29.36000061035156,30.770000457763672,30.770000457763672,1.1967167490579524,4.945432394378302,1.4500007629394531,1.4500007629394531
2014-12-18,31.09000015258789,31.450000762939453,30.39999961853028,31.030000686645508,31.030000686645508,0.2902989598810956,0.8449796068047633,0.2600002288818359,0.26000022888183594
2014-12-19,31.030000686645508,31.31999969482422,30.5,31.25,31.25,1.2868004871203842,0.7089890702102863,0.2199993133544922,0.2199993133544922
2014-12-22,31.200000762939453,31.39999961853028,30.799999237060547,31.1200008392334,31.1200008392334,0.3979211248229388,-0.4159973144531204,-0.1299991607666015,-0.12999916076660156
2014-12-23,31.26000022888184,31.479999542236328,31.209999084472656,31.43000030517578,31.43000030517578,0.8395706016953914,0.9961422158818234,0.3099994659423828,0.3099994659423828
2014-12-24,31.440000534057617,31.700000762939453,30.989999771118164,31.559999465942383,31.559999465942383,0.5286621251967335,0.413614888655256,0.1299991607666015,0.12999916076660156
2014-12-26,31.76000022888184,32.38999938964844,31.75,32.279998779296875,32.279998779296875,0.1252783069702694,2.281366684215169,0.7199993133544922,0.7199993133544922
2014-12-29,32.25,32.470001220703125,31.56999969482422,31.76000022888184,31.76000022888184,0.4027043321536874,-1.6109001551404711,-0.5199985504150355,-0.5199985504150355
2014-12-30,31.59000015258789,31.950000762939453,31.57999992370605,31.770000457763672,31.770000457763672,-0.0086514982906909,0.0314868665294953,0.0100002288818323,0.010000228881832385
2014-12-31,31.809999465942383,31.93000030517578,31.40999984741211,31.440000534057617,31.440000534057617,0.1372363252971409,-1.0387155144828242,-0.3299999237060547,-0.3299999237060547
2015-01-02,31.68000030517578,31.850000381469727,30.770000457763672,31.36000061035156,31.36000061035156,0.1396279289625152,-0.2544526792211621,-0.0799999237060582,-0.07999992370605824
2015-01-05,31.049999237060547,31.049999237060547,29.5,29.84000015258789,29.84000015258789,0.7032491927690568,-4.84694014088104,-1.5200004577636683,-1.5200004577636683
2015-01-06,29.940000534057617,30.270000457763672,29.0,29.549999237060547,29.549999237060547,0.5844662107221336,-0.9718529291032674,-0.2900009155273437,-0.29000091552734375
2015-01-07,29.850000381469727,30.09000015258789,29.270000457763672,29.8799991607666,29.8799991607666,0.5653333813991392,1.1167510396825395,0.3299999237060547,0.3299999237060547
2015-01-08,30.14999961853028,31.690000534057617,30.06999969482422,31.670000076293945,31.670000076293945,0.4003127284883131,5.990632415671793,1.7900009155273438,1.7900009155273438
2015-01-09,31.57999992370605,31.68000030517578,30.6299991607666,31.1200008392334,31.1200008392334,0.4800328506674561,-1.7366568858085962,-0.5499992370605469,-0.5499992370605469
2015-01-12,31.07999992370605,31.84000015258789,30.46999931335449,31.40999984741211,31.40999984741211,0.4114735455933931,0.9318733944669644,0.2899990081787109,0.28999900817871094
2015-01-13,31.770000457763672,32.29999923706055,30.6299991607666,31.34000015258789,31.34000015258789,0.6801303573371054,-0.2228579916086381,-0.0699996948242187,-0.06999969482421875
2015-01-14,30.88999938964844,31.51000022888184,30.739999771118164,31.39999961853028,31.39999961853028,0.2193480511416583,0.1914469229427728,0.0599994659423863,0.05999946594238992
2015-01-15,31.6299991607666,31.729999542236328,30.3799991607666,30.43000030517578,30.43000030517578,0.3453058441847044,-3.0891698252826227,-0.9699993133544956,-0.9699993133544993
2015-01-16,30.25,31.020000457763672,30.049999237060547,31.0,31.0,0.1906488071571667,1.873150473571528,0.5699996948242188,0.5699996948242188
2015-01-20,31.299999237060547,31.3799991607666,30.71999931335449,30.88999938964844,30.88999938964844,0.0280197579117149,-0.3548406785534141,-0.1100006103515589,-0.11000061035155895
2015-01-21,30.68000030517578,31.07999992370605,30.56999969482422,30.770000457763672,30.770000457763672,0.2193480511416583,-0.388471784576927,-0.1199989318847691,-0.11999893188476918
2015-01-22,31.07999992370605,31.40999984741211,30.63999938964844,31.25,31.25,0.3580610637333672,1.559959490072793,0.4799995422363281,0.4799995422363281
2015-01-23,31.299999237060547,31.489999771118164,30.8799991607666,31.1299991607666,31.1299991607666,0.3229842099745443,-0.3840026855468803,-0.1200008392333984,-0.12000083923339844
2015-01-26,31.170000076293945,32.2599983215332,30.940000534057617,32.25,32.25,0.1029566727601094,3.597818404842568,1.1200008392333984,1.1200008392333984
2015-01-27,31.76000022888184,32.54999923706055,31.420000076293945,32.459999084472656,32.459999084472656,0.2129704413673268,0.6511599518532085,0.2099990844726562,0.20999908447265625
2015-01-28,32.56999969482422,32.779998779296875,31.43000030517578,31.540000915527344,31.540000915527344,0.1029566727601094,-2.834251986733405,-0.9199981689453124,-0.9199981689453125
2015-01-29,31.51000022888184,31.82999992370605,30.459999084472656,31.799999237060547,31.799999237060547,0.2049984291494125,0.8243446860688008,0.2599983215332031,0.2599983215332031
2015-01-30,31.559999465942383,32.08000183105469,31.09000015258789,31.239999771118164,31.239999771118164,0.3102289904258814,-1.761004652131393,-0.5599994659423828,-0.5599994659423828
2015-02-02,31.40999984741211,32.09000015258789,30.940000534057617,32.02000045776367,32.02000045776367,0.2065928315929954,2.496801191934161,0.7800006866455078,0.7800006866455078
2015-02-03,32.279998779296875,33.95000076293945,32.279998779296875,33.70000076293945,33.70000076293945,0.4011099297101045,5.246721677570876,1.6800003051757812,1.6800003051757812
2015-02-04,33.41999816894531,33.84000015258789,32.2400016784668,32.459999084472656,32.459999084472656,0.3795854967217359,-3.6795301198641273,-1.2400016784667969,-1.2400016784667969
2015-02-05,32.619998931884766,34.099998474121094,32.619998931884766,33.95000076293945,33.95000076293945,0.1675299717252153,4.590270241811378,1.4900016784667969,1.4900016784667969
2015-02-06,34.11000061035156,34.869998931884766,33.709999084472656,34.279998779296875,34.279998779296875,0.2918933623246785,0.9720118083698326,0.3299980163574219,0.3299980163574219
2015-02-09,34.2400016784668,34.81999969482422,34.13999938964844,34.27000045776367,34.27000045776367,0.1866628010482096,-0.0291666332824958,-0.0099983215332031,-0.009998321533203125
2015-02-10,34.540000915527344,34.540000915527344,33.540000915527344,34.279998779296875,34.279998779296875,0.2273200633595726,0.029175142689386,0.0099983215332031,0.009998321533203125
2015-02-11,34.11000061035156,34.599998474121094,33.77000045776367,34.41999816894531,34.41999816894531,0.0567190018962064,0.4083996342875817,0.1399993896484375,0.1399993896484375
2015-02-12,34.45000076293945,35.34000015258789,34.279998779296875,35.08000183105469,35.08000183105469,0.1619495631726752,1.9175005729804129,0.660003662109375,0.660003662109375
2015-02-13,35.16999816894531,36.02999877929688,34.95000076293945,35.38999938964844,35.38999938964844,0.4465503993522161,0.8836874071064704,0.30999755859375,0.30999755859375
2015-02-17,35.5,35.849998474121094,34.77000045776367,35.77000045776367,35.77000045776367,0.2823269476631813,1.073752683438545,0.3800010681152344,0.3800010681152344
2015-02-18,35.56999969482422,36.09000015258789,35.56999969482422,35.779998779296875,35.779998779296875,0.5262705215313591,0.0279516952900404,0.0099983215332031,0.009998321533203125
2015-02-19,35.58000183105469,35.97999954223633,35.0,35.63999938964844,35.63999938964844,0.3604526673987415,-0.3912783522213137,-0.1399993896484375,-0.1399993896484375
2015-02-20,35.59000015258789,35.7599983215332,34.75,35.650001525878906,35.650001525878906,0.511123698317322,0.0280643557849513,0.0100021362304687,0.01000213623046875
2015-02-23,35.36000061035156,35.650001525878906,34.47999954223633,35.560001373291016,35.560001373291016,0.3126205940912557,-0.2524548351633515,-0.0900001525878906,-0.09000015258789062
2015-02-24,35.560001373291016,37.060001373291016,35.29999923706055,36.75,36.75,0.8188433699288142,3.346452701778535,1.1899986267089844,1.1899986267089844
2015-02-25,36.63999938964844,36.63999938964844,34.91999816894531,36.13999938964844,36.13999938964844,0.4066903382626445,-1.6598656063988138,-0.6100006103515625,-0.6100006103515625
2015-02-26,36.27000045776367,37.540000915527344,36.150001525878906,37.290000915527344,37.290000915527344,0.7335428391971311,3.182074004705981,1.1500015258789062,1.1500015258789062
2015-02-27,37.130001068115234,37.7400016784668,36.77000045776367,37.58000183105469,37.58000183105469,0.9782836142871004,0.7776908243694702,0.2900009155273437,0.29000091552734375
2015-03-02,36.619998931884766,37.9900016784668,33.90999984741211,37.75,37.75,4.540975874473005,0.4523633865414878,0.1699981689453125,0.1699981689453125
2015-03-03,37.540000915527344,38.9900016784668,36.900001525878906,38.52999877929688,38.52999877929688,2.1637218310909576,2.06622193191226,0.7799987792968821,0.7799987792968821
2015-03-04,38.25,39.16999816894531,37.88999938964844,38.130001068115234,38.130001068115234,2.225106325168898,-1.038146181817623,-0.3999977111816477,-0.39999771118164773
2015-03-05,38.06999969482422,39.16999816894531,37.22999954223633,38.90999984741211,38.90999984741211,1.1026470048865635,2.0456301008318523,0.779998779296875,0.779998779296875
2015-03-06,38.5,39.369998931884766,38.2400016784668,38.459999084472656,38.459999084472656,0.8228293760377714,-1.1565170000106817,-0.4500007629394531,-0.4500007629394531
2015-03-09,38.63999938964844,38.93000030517578,38.5,38.7599983215332,38.7599983215332,0.6538227170179881,0.7800292360944594,0.2999992370605469,0.2999992370605469
2015-03-10,38.220001220703125,38.68000030517578,38.040000915527344,38.2400016784668,38.2400016784668,0.6043962412669194,-1.341580664562414,-0.5199966430664062,-0.5199966430664062
2015-03-11,38.2599983215332,39.66999816894531,37.93999862670898,39.36000061035156,39.36000061035156,0.9727032057345604,2.9288673711419966,1.1199989318847656,1.1199989318847656
2015-03-12,39.790000915527344,40.27000045776367,39.41999816894531,39.84000015258789,39.84000015258789,0.8762418578977973,1.2195110131936635,0.4799995422363281,0.4799995422363281
2015-03-13,39.65999984741211,40.119998931884766,39.25,39.68000030517578,39.68000030517578,0.5270677227531506,-0.4016060411629163,-0.1599998474121093,-0.15999984741210938
2015-03-16,39.93999862670898,40.45000076293945,39.18000030517578,40.2400016784668,40.2400016784668,1.018940876598463,1.4112937726413533,0.5600013732910156,0.5600013732910156
2015-03-17,40.09999847412109,40.84000015258789,40.09999847412109,40.650001525878906,40.650001525878906,0.6338926864732023,1.0188862582267475,0.4099998474121094,0.4099998474121094
2015-03-18,40.65999984741211,41.880001068115234,40.130001068115234,41.290000915527344,41.290000915527344,1.6335830185996565,1.5744141835787984,0.6399993896484375,0.6399993896484375
2015-03-19,41.060001373291016,41.90999984741211,40.9900016784668,41.22999954223633,41.22999954223633,0.1611523619508838,-0.1453169580058144,-0.0600013732910156,-0.060001373291015625
2015-03-24,41.52000045776367,41.95000076293945,40.91999816894531,41.68999862670898,41.68999862670898,0.4728580396713333,1.1156902487991172,0.4599990844726491,0.45999908447264914
2015-03-25,41.810001373291016,42.0,40.81999969482422,40.83000183105469,40.83000183105469,0.1842711973828353,-2.062837188733624,-0.8599967956542898,-0.8599967956542898
2015-03-26,40.7599983215332,41.560001373291016,39.900001525878906,40.0,40.0,0.6307038815860366,-2.0328233990511424,-0.8300018310546875,-0.8300018310546875
2015-03-27,39.95000076293945,40.7400016784668,39.95000076293945,40.31999969482422,40.31999969482422,0.6761443512281482,0.7999992370605558,0.3199996948242187,0.31999969482421875
2015-03-30,40.5,41.15999984741211,40.5,40.959999084472656,40.959999084472656,-0.0006794860727766,1.587300085546861,0.6399993896484375,0.6399993896484375
2015-03-31,40.709999084472656,41.5,40.34999847412109,41.33000183105469,41.33000183105469,0.0902014532114465,0.903327038213475,0.3700027465820312,0.37000274658203125
2015-04-01,41.130001068115234,41.43999862670898,40.5,40.79999923706055,40.79999923706055,0.4744524421149161,-1.282367700249909,-0.5300025939941406,-0.5300025939941406
2015-04-02,40.650001525878906,41.459999084472656,40.209999084472656,40.52000045776367,40.52000045776367,0.30385138065155,-0.6862715307174305,-0.279998779296875,-0.279998779296875
2015-04-06,40.43000030517578,41.25,40.150001525878906,40.720001220703125,40.720001220703125,0.5119208995391135,0.4935852928924067,0.2000007629394531,0.20000076293945312
2015-04-07,40.630001068115234,41.4900016784668,40.11000061035156,41.119998931884766,41.119998931884766,0.2153620450327011,0.9823126208018618,0.3999977111816406,0.3999977111816406
2015-04-08,41.11000061035156,41.5099983215332,40.29999923706055,40.33000183105469,40.33000183105469,1.4199330911595531,-1.9211992250746543,-0.7899971008300781,-0.7899971008300781
2015-04-09,40.31999969482422,40.900001525878906,40.09999847412109,40.25,40.25,0.1228867033048951,-0.198368032289764,-0.0800018310546875,-0.0800018310546875
2015-04-10,40.41999816894531,40.650001525878906,40.060001373291016,40.5,40.5,0.1021594715383179,0.6211180124223503,0.25,0.25
2015-04-13,40.400001525878906,40.9900016784668,40.380001068115234,40.40999984741211,40.40999984741211,0.0479497884565006,-0.2222225989824466,-0.0900001525878906,-0.09000015258789062
2015-04-14,40.4900016784668,41.38999938964844,40.16999816894531,41.290000915527344,41.290000915527344,0.4322007773599703,2.1776814437963754,0.8800010681152344,0.8800010681152344
2015-04-17,41.04999923706055,41.5,40.66999816894531,41.02000045776367,41.02000045776367,0.1332503191881837,-0.6539124528382789,-0.2700004577636719,-0.2700004577636719
2015-06-22,41.709999084472656,41.970001220703125,40.970001220703125,41.75,41.75,0.2121732401455354,1.7796185618963456,0.7299995422363281,0.7299995422363281
2015-06-30,41.380001068115234,41.56999969482422,40.650001525878906,40.84000015258789,40.84000015258789,-0.0413367483841395,-2.179640353082901,-0.9099998474121094,-0.9099998474121094
2015-07-02,41.33000183105469,41.54999923706055,40.18999862670898,40.79999923706055,40.79999923706055,0.0957818617639865,-0.0979454343239205,-0.0400009155273437,-0.04000091552734375
2015-07-06,40.31999969482422,40.63999938964844,39.630001068115234,40.0,40.0,0.0607050080051635,-1.960782480441492,-0.7999992370605469,-0.7999992370605469
2015-07-07,40.06999969482422,40.150001525878906,38.959999084472656,39.86000061035156,39.86000061035156,-0.0214067178393538,-0.3499984741210937,-0.1399993896484375,-0.1399993896484375
2015-07-08,39.5099983215332,39.75,38.880001068115234,39.18999862670898,39.18999862670898,0.1149146910869808,-1.6808880416037564,-0.6700019836425852,-0.6700019836425852
2015-07-09,39.630001068115234,40.22999954223633,38.65999984741211,39.25,39.25,0.263194118340187,0.1531037902362531,0.0600013732910227,0.06000137329102273
2015-07-10,39.880001068115234,40.18999862670898,39.70000076293945,40.15999984741211,40.15999984741211,-0.0955464314659568,2.31847094882065,0.9099998474121094,0.9099998474121094
2015-07-13,40.369998931884766,41.34000015258789,40.369998931884766,40.7599983215332,40.7599983215332,0.0407749774603777,1.494020110559724,0.5999984741210938,0.5999984741210938
2015-07-14,40.7400016784668,40.93000030517578,40.40999984741211,40.619998931884766,40.619998931884766,-0.1465673096606084,-0.3434725108280356,-0.1399993896484375,-0.1399993896484375
2015-07-15,40.310001373291016,41.33000183105469,39.0,39.06999969482422,39.06999969482422,0.3716134845038216,-3.815852481088744,-1.5499992370605469,-1.5499992370605469
2015-07-16,39.369998931884766,39.380001068115234,38.540000915527344,38.90999984741211,38.90999984741211,0.394732319935773,-0.4095209845453529,-0.1599998474121093,-0.15999984741210938
2015-07-17,38.869998931884766,39.22999954223633,38.369998931884766,38.77999877929688,38.77999877929688,0.5613473752901821,-0.3341070897585063,-0.1300010681152272,-0.13000106811522727
2015-07-20,38.790000915527344,38.97999954223633,37.720001220703125,37.93999862670898,37.93999862670898,0.8786334615631716,-2.166065443602716,-0.8400001525879048,-0.8400001525879048
2015-07-21,37.9900016784668,38.119998931884766,37.38999938964844,37.43999862670898,37.43999862670898,0.2679773256709356,-1.3178703692625082,-0.5,-0.5
2015-07-22,37.25,37.459999084472656,36.77999877929688,37.0,37.0,0.3197954050873786,-1.1752100503419682,-0.4399986267089772,-0.43999862670897727
2015-07-23,37.209999084472656,37.36000061035156,36.20000076293945,36.22999954223633,36.22999954223633,0.7470952599675855,-2.081082318280192,-0.7700004577636719,-0.7700004577636719
2015-07-24,36.18999862670898,36.41999816894531,35.619998931884766,35.93000030517578,35.93000030517578,0.3923407162703988,-0.8280409628788732,-0.2999992370605469,-0.2999992370605469
2015-07-27,35.7599983215332,36.5,35.25,36.15999984741211,36.15999984741211,0.5159069056480705,0.6401323136175918,0.2299995422363281,0.22999954223632812
2015-07-28,36.38999938964844,36.93000030517578,35.66999816894531,36.77999877929688,36.77999877929688,0.3755994906127787,1.7145988232882825,0.6199989318847727,0.6199989318847727
2015-07-29,36.869998931884766,37.380001068115234,36.25,37.2400016784668,37.2400016784668,0.5613473752901821,1.2506876412101686,0.4600028991699147,0.46000289916991477
2015-07-30,37.130001068115234,37.68999862670898,36.93000030517578,37.400001525878906,37.400001525878906,1.338618566536827,0.4296451133207757,0.1599998474121093,0.15999984741210938
2015-07-31,37.66999816894531,37.91999816894531,36.70000076293945,36.90999984741211,36.90999984741211,0.8284097845903114,-1.3101648622333315,-0.4900016784667969,-0.4900016784667969
2015-08-03,36.900001525878906,36.900001525878906,35.849998474121094,36.2400016784668,36.2400016784668,0.6761443512281482,-1.815221272595824,-0.6699981689453125,-0.6699981689453125
2015-08-04,36.380001068115234,36.90999984741211,35.9900016784668,36.130001068115234,36.130001068115234,0.8060881503801514,-0.303533678964818,-0.1100006103515625,-0.1100006103515625
2015-08-05,36.43000030517578,36.900001525878906,35.25,35.29999923706055,35.29999923706055,1.1839615295092896,-2.2972648948719976,-0.8300018310546875,-0.8300018310546875
2015-08-06,35.380001068115234,36.34999847412109,34.790000915527344,35.099998474121094,35.099998474121094,1.5929257562882937,-0.5665744115072924,-0.2000007629394531,-0.20000076293945312
2015-08-11,23.71999931335449,25.489999771118164,23.71999931335449,25.229999542236328,25.229999542236328,3.3164747978013667,-28.11965629902185,-9.869998931884766,-9.869998931884766
2015-08-12,25.01000022888184,25.13999938964844,24.3700008392334,24.670000076293945,24.670000076293945,1.7013451224519285,-2.2195777887546675,-0.5599994659423828,-0.5599994659423828
2015-08-13,24.450000762939453,26.38999938964844,24.450000762939453,26.06999969482422,26.06999969482422,2.0688548856977778,5.6749072322686,1.3999996185302734,1.3999996185302734
2015-08-14,25.84000015258789,26.059999465942383,25.540000915527344,25.96999931335449,25.96999931335449,1.4868979937900333,-0.3835841298056586,-0.1000003814697301,-0.10000038146973012
2015-08-17,25.82999992370605,27.0,25.63999938964844,26.549999237060547,26.549999237060547,1.7714988299695742,2.2333459339284767,0.5799999237060582,0.5799999237060582
2015-08-18,26.34000015258789,26.46999931335449,25.75,26.100000381469727,26.100000381469727,1.0133604680459234,-1.6949109925497696,-0.4499988555908203,-0.4499988555908203
2015-08-19,25.8700008392334,26.030000686645508,25.350000381469727,25.40999984741211,25.40999984741211,1.3489821824201158,-2.64368016847808,-0.6900005340576172,-0.6900005340576172
2015-08-20,25.18000030517578,25.190000534057617,24.56999969482422,24.61000061035156,24.61000061035156,1.3434017738675756,-3.1483638011199244,-0.7999992370605504,-0.7999992370605504
2015-08-21,24.280000686645508,24.6200008392334,23.81999969482422,24.1299991607666,24.1299991607666,2.0106591965070035,-1.95043249768575,-0.4800014495849574,-0.4800014495849574
2015-08-24,23.0,23.959999084472656,22.59000015258789,22.93000030517578,22.93000030517578,1.8631769704755887,-4.973058007983355,-1.1999988555908203,-1.1999988555908203
2015-08-25,23.559999465942383,23.700000762939453,22.209999084472656,22.209999084472656,22.209999084472656,2.5495672224380104,-3.1399965596189072,-0.720001220703125,-0.720001220703125
2015-08-26,22.65999984741211,22.81999969482422,22.020000457763672,22.5,22.5,1.5395132744282678,1.3057223209436586,0.2900009155273437,0.29000091552734375
2015-08-27,22.799999237060547,22.96999931335449,22.26000022888184,22.86000061035156,22.86000061035156,2.4889799295818618,1.6000027126735985,0.3600006103515589,0.36000061035155895
2015-08-28,22.709999084472656,23.670000076293945,22.559999465942383,23.450000762939453,23.450000762939453,1.2333880052603583,2.580927982655989,0.5900001525878942,0.5900001525878942
2015-08-31,23.36000061035156,23.989999771118164,22.940000534057617,23.90999984741211,23.90999984741211,0.6490395096872396,1.9616165010947209,0.4599990844726562,0.45999908447265625
2015-09-01,23.239999771118164,23.440000534057617,22.549999237060547,22.76000022888184,22.76000022888184,0.7518784672983341,-4.8097014883701,-1.14999961853027,-1.1499996185302699
2015-09-02,23.030000686645508,23.25,22.559999465942383,23.209999084472656,23.209999084472656,2.5256511857842674,1.9771478517815575,0.4499988555908167,0.44999885559081676
2015-09-03,23.3799991607666,24.979999542236328,22.790000915527344,24.64999961853028,24.64999961853028,3.6433272987358536,6.204224863675112,1.4400005340576207,1.4400005340576243
2015-09-04,24.229999542236328,24.36000061035156,23.299999237060547,23.670000076293945,23.670000076293945,1.404786267945516,-3.975657433680568,-0.9799995422363316,-0.9799995422363352
2015-09-08,24.049999237060547,24.1299991607666,23.46999931335449,23.6200008392334,23.6200008392334,1.0747449621238636,-0.2112346299086964,-0.0499992370605468,-0.049999237060546875
2015-09-09,23.799999237060547,23.920000076293945,23.39999961853028,23.5,23.5,0.8435566078043486,-0.5080475654940408,-0.1200008392333984,-0.12000083923339844
2015-09-10,23.459999084472656,23.780000686645508,23.170000076293945,23.299999237060547,23.299999237060547,1.3888422435096872,-0.8510670763380968,-0.2000007629394531,-0.20000076293945312
2015-09-11,23.200000762939453,23.21999931335449,22.89999961853028,23.06999969482422,23.06999969482422,0.4935852714379105,-0.987122531190876,-0.2299995422363281,-0.22999954223632812
2015-09-14,23.0,23.030000686645508,22.64999961853028,22.790000915527344,22.790000915527344,0.5198929117570277,-1.2136921673202017,-0.279998779296875,-0.279998779296875
2015-09-15,22.76000022888184,22.989999771118164,22.190000534057617,22.530000686645508,22.530000686645508,0.7917385283879056,-1.1408522090259887,-0.2600002288818359,-0.26000022888183594
2015-09-16,22.5,23.1299991607666,22.5,22.799999237060547,22.799999237060547,0.574102594838845,1.1983956599481038,0.269998550415039,0.26999855041503906
2015-09-17,22.700000762939453,23.07999992370605,22.5,22.59000015258789,22.59000015258789,0.7933329308314885,-0.9210486469285128,-0.2099990844726562,-0.20999908447265625
2015-09-18,22.3700008392334,22.420000076293945,21.57999992370605,21.670000076293945,21.670000076293945,1.81933090327706,-4.072598805133476,-0.9200000762939452,-0.9200000762939453
2015-09-21,21.709999084472656,21.88999938964844,21.15999984741211,21.239999771118164,21.239999771118164,0.7423120526368369,-1.9843115074382636,-0.4300003051757812,-0.43000030517578125
2015-09-22,20.950000762939453,21.51000022888184,19.8700008392334,20.020000457763672,20.020000457763672,1.2110663710501983,-5.7438763017946375,-1.2199993133544922,-1.2199993133544922
2015-09-23,20.01000022888184,20.09000015258789,18.51000022888184,18.559999465942383,18.559999465942383,1.466170762023456,-7.292712080109398,-1.460000991821289,-1.460000991821289
2015-09-24,18.46999931335449,18.920000076293945,18.170000076293945,18.520000457763672,18.520000457763672,1.427107902155676,-0.2155119037158925,-0.0399990081787109,-0.03999900817871094
2015-09-25,18.6200008392334,18.76000022888184,17.889999389648438,18.190000534057617,18.190000534057617,0.8435566078043486,-1.7818569954069163,-0.3299999237060547,-0.3299999237060547
2015-09-28,18.040000915527344,18.040000915527344,15.739999771118164,15.75,15.75,1.9213726596663632,-13.413966258489872,-2.440000534057617,-2.440000534057617
2015-09-29,15.699999809265137,16.25,15.390000343322754,15.460000038146973,15.460000038146973,4.427773300978621,-1.8412695990668413,-0.2899999618530273,-0.28999996185302734
2015-09-30,15.670000076293944,15.979999542236328,15.15999984741211,15.31999969482422,15.31999969482422,2.374980154865687,-0.9055649610433814,-0.1400003433227521,-0.14000034332275213
2015-10-01,15.619999885559082,15.84000015258789,14.619999885559082,14.770000457763672,14.770000457763672,3.544474347233716,-3.5900734204737828,-0.5499992370605487,-0.5499992370605487
2015-10-02,14.68000030517578,15.34000015258789,14.520000457763672,15.1899995803833,15.1899995803833,2.285693618025047,2.8435958673167283,0.4199991226196289,0.4199991226196289
2015-10-05,15.380000114440918,17.229999542236328,15.350000381469728,17.170000076293945,17.170000076293945,2.617329326290282,13.034895000706005,1.9800004959106443,1.9800004959106445
2015-10-06,17.229999542236328,17.610000610351562,16.68000030517578,16.809999465942383,16.809999465942383,2.6332733507261104,-2.096683801700172,-0.3600006103515625,-0.3600006103515625
2015-10-07,16.899999618530273,17.610000610351562,16.719999313354492,17.25,17.25,2.41563741717705,2.617492849711711,0.4400005340576172,0.4400005340576172
2015-10-08,17.280000686645508,18.010000228881836,17.100000381469727,17.90999984741211,17.90999984741211,1.3736954202956502,3.826086071954249,0.6599998474121094,0.6599998474121094
2015-10-09,18.030000686645508,18.229999542236328,17.780000686645508,18.059999465942383,18.059999465942383,1.3449961763111586,0.8375188152329738,0.1499996185302734,0.14999961853027344
2015-10-12,18.0,18.100000381469727,17.3799991607666,17.530000686645508,17.530000686645508,0.8196405711506057,-2.9346555646158734,-0.529998779296875,-0.529998779296875
2015-10-13,17.34000015258789,17.93000030517578,17.170000076293945,17.600000381469727,17.600000381469727,0.8595006322401773,0.3993137026945259,0.0699996948242187,0.06999969482421875
2015-10-14,17.510000228881836,17.90999984741211,17.149999618530273,17.809999465942383,17.809999465942383,1.219835584489904,1.1931765904604985,0.2099990844726562,0.20999908447265625
2015-10-15,17.809999465942383,17.850000381469727,16.8799991607666,17.709999084472656,17.709999084472656,1.1576538891901724,-0.5614844720290724,-0.1000003814697265,-0.10000038146972656
2015-10-16,17.809999465942383,17.829999923706055,17.219999313354492,17.75,17.75,1.1002554012211894,0.2258662766527974,0.0400009155273437,0.04000091552734375
2015-10-19,17.729999542236328,17.799999237060547,16.34000015258789,16.549999237060547,16.549999237060547,1.1879475356182467,-6.760567678532126,-1.2000007629394531,-1.2000007629394531
2015-10-20,16.479999542236328,16.959999084472656,16.309999465942383,16.479999542236328,16.479999542236328,1.1448986696415095,-0.4229589006111145,-0.0699996948242187,-0.06999969482421875
2015-10-21,16.59000015258789,16.739999771118164,15.779999732971191,15.81999969482422,15.81999969482422,0.8587034310183858,-4.004853554277132,-0.6599998474121076,-0.6599998474121076
2015-10-22,15.93000030517578,16.43000030517578,15.609999656677246,16.18000030517578,16.18000030517578,1.088297382894318,2.275604407687437,0.3600006103515607,0.3600006103515607
2015-10-23,16.25,16.5,16.040000915527344,16.270000457763672,16.270000457763672,0.5007600824340334,0.5562432069862178,0.0900001525878906,0.09000015258789062
2015-10-26,16.270000457763672,16.399999618530273,15.140000343322754,15.359999656677246,15.359999656677246,1.9580439158687688,-5.593120931058082,-0.9100008010864258,-0.9100008010864258
2015-10-27,15.289999961853027,15.449999809265137,14.8100004196167,15.029999732971191,15.029999732971191,1.2038915600540754,-2.1484370513159323,-0.3299999237060547,-0.3299999237060547
2015-10-28,15.0,16.079999923706055,14.989999771118164,15.649999618530272,15.649999618530272,1.8615825680320055,4.125082478870512,0.6199998855590803,0.6199998855590803
2015-10-29,15.729999542236328,16.100000381469727,15.399999618530272,15.5600004196167,15.5600004196167,1.526758054879605,-0.5750747674588386,-0.0899991989135724,-0.08999919891357244
2015-10-30,15.579999923706056,15.760000228881836,15.289999961853027,15.649999618530272,15.649999618530272,1.1448986696415095,0.5784010056973266,0.0899991989135724,0.08999919891357244
2015-11-02,15.640000343322754,15.949999809265137,15.43000030517578,15.8100004196167,15.8100004196167,2.4052738012937613,1.0223693609358264,0.1600008010864275,0.16000080108642756
2015-11-03,15.829999923706056,16.479999542236328,15.8100004196167,16.190000534057617,16.190000534057617,3.396992121202301,2.4035427220445937,0.3800001144409179,0.38000011444091797
2015-11-04,16.18000030517578,16.610000610351562,16.010000228881836,16.469999313354492,16.469999313354492,1.5259608536578133,1.729455034345828,0.279998779296875,0.279998779296875
2015-11-05,16.440000534057617,16.469999313354492,15.829999923706056,16.219999313354492,16.219999313354492,2.299246038795501,-1.5179114172596877,-0.25,-0.25
2015-11-17,6.789999961853027,6.809999942779541,6.300000190734863,6.400000095367432,6.400000095367432,3.85857162861954,-60.54253781565768,-9.81999921798706,-9.81999921798706
2015-11-18,6.440000057220459,6.840000152587891,6.440000057220459,6.670000076293945,6.670000076293945,3.3499572491166068,4.218749639112507,0.2699999809265136,0.26999998092651367
2015-11-19,6.699999809265137,6.730000019073486,6.400000095367432,6.610000133514404,6.610000133514404,2.372588551200313,-0.8995493567202306,-0.059999942779541,-0.059999942779541016
2015-11-20,6.679999828338623,6.96999979019165,6.590000152587891,6.929999828338623,6.929999828338623,3.466348627498156,4.841145058405338,0.3199996948242187,0.31999969482421875
2015-11-23,6.900000095367432,6.989999771118164,6.28000020980835,6.389999866485596,6.389999866485596,5.011324595329949,-7.792207434765341,-0.5399999618530273,-0.5399999618530273
2015-11-24,6.349999904632568,6.590000152587891,6.269999980926514,6.420000076293945,6.420000076293945,2.377371758531061,0.4694868612704628,0.0300002098083496,0.03000020980834961
2015-11-25,6.389999866485596,6.460000038146973,6.309999942779541,6.420000076293945,6.420000076293945,2.028994824608206,0.0,0.0,0.0
2015-11-27,6.400000095367432,6.5,6.03000020980835,6.230000019073486,6.230000019073486,1.4406603229261303,-2.959502413746695,-0.1900000572204589,-0.19000005722045898
2015-11-30,6.260000228881836,7.190000057220459,6.260000228881836,7.110000133514404,7.110000133514404,5.334191090155478,14.125202435742356,0.880000114440918,0.880000114440918
2015-12-01,7.059999942779541,7.300000190734863,6.460000038146973,6.510000228881836,6.510000228881836,5.040821040536232,-8.438817065619297,-0.5999999046325684,-0.5999999046325684
2015-12-02,6.519999980926514,6.829999923706055,6.329999923706055,6.5,6.5,3.834655591965797,-0.1536133414783869,-0.0100002288818359,-0.010000228881835938
2015-12-03,6.579999923706055,6.769999980926514,6.260000228881836,6.360000133514404,6.360000133514404,3.4193137554124613,-2.1538440997783903,-0.1399998664855957,-0.1399998664855957
2015-12-04,6.349999904632568,6.400000095367432,6.019999980926514,6.110000133514404,6.110000133514404,2.5105043625702304,-3.930817527543906,-0.25,-0.25
2015-12-07,6.400000095367432,6.400000095367432,6.110000133514404,6.349999904632568,6.349999904632568,3.78602631743652,3.9279830748566447,0.239999771118164,0.23999977111816406
2015-12-08,6.25,6.380000114440918,6.110000133514404,6.21999979019165,6.21999979019165,3.6154252559731535,-2.0472459274539223,-0.1300001144409179,-0.13000011444091797
2015-12-09,6.269999980926514,6.889999866485596,6.230000019073486,6.590000152587891,6.590000152587891,5.3078834498363605,5.948559081620797,0.3700003623962402,0.37000036239624023
2015-12-10,6.550000190734863,6.599999904632568,6.150000095367432,6.420000076293945,6.420000076293945,3.6441244999576448,-2.5796672588419667,-0.1700000762939453,-0.1700000762939453
2015-12-11,6.300000190734863,6.389999866485596,5.889999866485596,6.019999980926514,6.019999980926514,3.460768218945616,-6.23053100644726,-0.4000000953674316,-0.40000009536743164
2015-12-15,5.730000019073486,5.840000152587891,5.380000114440918,5.489999771118164,5.489999771118164,3.95901898256526,-8.803990224046132,-0.5300002098083496,-0.5300002098083496
2015-12-16,5.539999961853027,6.389999866485596,5.489999771118164,6.289999961853027,6.289999961853027,4.613521185656024,14.571953079916522,0.8000001907348633,0.8000001907348633
2015-12-17,6.25,6.28000020980835,5.760000228881836,6.210000038146973,6.210000038146973,5.236932541096923,-1.271858890162647,-0.0799999237060546,-0.07999992370605469
2015-12-22,7.449999809265137,7.849999904632568,7.190000057220459,7.760000228881836,7.760000228881836,3.1139856874663434,24.95974526913811,1.5500001907348633,1.5500001907348633
2015-12-24,7.789999961853027,7.920000076293945,7.559999942779541,7.849999904632568,7.849999904632568,2.0122535989505863,1.159789601754957,0.0899996757507324,0.08999967575073242
2015-12-28,7.739999771118164,7.739999771118164,7.050000190734863,7.130000114440918,7.130000114440918,3.963004988674218,-9.171971961002855,-0.7199997901916504,-0.7199997901916504
2015-12-29,7.230000019073486,7.420000076293945,7.0,7.380000114440918,7.380000114440918,4.70041611883129,3.50631130417034,0.25,0.25
2015-12-30,7.300000190734863,7.46999979019165,7.090000152587891,7.179999828338623,7.179999828338623,2.5942104908583303,-2.7100309349716856,-0.2000002861022949,-0.20000028610229492
2015-12-31,7.150000095367432,7.360000133514404,7.090000152587891,7.25,7.25,2.6165321250684905,0.9749327762529348,0.0700001716613769,0.07000017166137695
2016-01-04,7.110000133514404,7.230000019073486,6.75,7.179999828338623,7.179999828338623,4.613521185656024,-0.9655196091224448,-0.0700001716613769,-0.07000017166137695
2016-01-08,5.840000152587891,5.980000019073486,5.590000152587891,5.659999847412109,5.659999847412109,5.228163327657218,-21.169916675029032,-1.5199999809265137,-1.5199999809265137
2016-01-11,5.699999809265137,5.78000020980835,5.25,5.349999904632568,5.349999904632568,4.342472770246938,-5.477030938813199,-0.309999942779541,-0.309999942779541
2016-01-12,5.389999866485596,5.489999771118164,4.829999923706055,5.179999828338623,5.179999828338623,5.265631785081415,-3.1775715761553918,-0.1700000762939453,-0.1700000762939453
2016-01-13,5.179999828338623,5.389999866485596,4.610000133514404,4.800000190734863,4.800000190734863,5.326219077937564,-7.335900582947252,-0.3799996376037597,-0.37999963760375977
2016-01-14,4.800000190734863,5.130000114440918,4.659999847412109,5.130000114440918,5.130000114440918,5.07350629062968,6.874998137354926,0.3299999237060547,0.3299999237060547
2016-01-15,4.96999979019165,5.210000038146973,4.599999904632568,5.199999809265137,5.199999809265137,4.815213094769256,1.3645164378685015,0.0699996948242187,0.06999969482421875
2016-01-25,5.079999923706055,5.260000228881836,4.650000095367432,4.670000076293945,4.670000076293945,5.040821040536232,-10.192302930989738,-0.5299997329711914,-0.5299997329711914
2016-01-26,4.739999771118164,4.849999904632568,4.460000038146973,4.5,4.5,3.544474347233716,-3.640258533547081,-0.1700000762939453,-0.1700000762939453
2016-01-27,4.5,5.010000228881836,4.400000095367432,4.96999979019165,4.96999979019165,4.437339715640118,10.444439782036683,0.4699997901916504,0.4699997901916504
2016-01-28,5.03000020980835,5.159999847412109,4.849999904632568,5.0,5.0,2.6125461189595334,0.6036259773603003,0.0300002098083496,0.03000020980834961
2016-02-01,5.579999923706055,5.71999979019165,5.210000038146973,5.25,5.25,4.167885702674615,5.000000000000004,0.25,0.25
2016-02-02,5.159999847412109,5.159999847412109,4.610000133514404,4.639999866485596,4.639999866485596,3.494250670260856,-11.619050162179134,-0.6100001335144043,-0.6100001335144043
2016-02-03,4.699999809265137,4.739999771118164,4.340000152587891,4.650000095367432,4.650000095367432,3.0223075469603287,0.2155221803790796,0.0100002288818359,0.010000228881835938
2016-02-09,4.960000038146973,5.380000114440918,4.809999942779541,5.170000076293945,5.170000076293945,3.097244461808723,11.18279505939288,0.5199999809265137,0.5199999809265137
2016-02-10,5.110000133514404,5.289999961853027,4.860000133514404,4.929999828338623,4.929999828338623,2.947370632111934,-4.642171071830303,-0.2400002479553222,-0.24000024795532227
2016-02-11,4.829999923706055,5.190000057220459,4.679999828338623,5.079999923706055,5.079999923706055,4.5130738317103045,3.042598389257556,0.1500000953674316,0.15000009536743164
2016-02-12,5.099999904632568,5.340000152587891,4.929999828338623,5.050000190734863,5.050000190734863,3.681592957381842,-0.590545933498865,-0.0299997329711914,-0.029999732971191406
2016-02-16,5.159999847412109,5.849999904632568,5.099999904632568,5.71999979019165,5.71999979019165,4.4740109718425245,13.26731830002743,0.6699995994567871,0.6699995994567871
2016-02-17,5.78000020980835,6.139999866485596,5.670000076293945,5.840000152587891,5.840000152587891,4.328123148254693,2.0979085104515294,0.1200003623962402,0.12000036239624023
2016-02-18,5.829999923706055,5.840000152587891,5.309999942779541,5.550000190734863,5.550000190734863,4.0746131597250175,-4.965752641710452,-0.2899999618530273,-0.28999996185302734
2016-02-19,5.53000020980835,5.53000020980835,4.980000019073486,5.349999904632568,5.349999904632568,4.37117201423143,-3.603608634755984,-0.2000002861022949,-0.20000028610229492
2016-02-22,5.489999771118164,5.760000228881836,5.309999942779541,5.670000076293945,5.670000076293945,3.192908608423695,5.981311726459815,0.3200001716613769,0.32000017166137695
2016-02-23,5.510000228881836,5.639999866485596,5.179999828338623,5.28000020980835,5.28000020980835,3.916767317810314,-6.878304431002924,-0.3899998664855957,-0.3899998664855957
2016-02-24,5.099999904632568,5.690000057220459,5.099999904632568,5.679999828338623,5.679999828338623,4.010837061981703,7.5757500499188835,0.3999996185302734,0.39999961853027344
2016-02-25,5.590000152587891,5.739999771118164,5.25,5.53000020980835,5.53000020980835,3.415327749303504,-2.6408384342178404,-0.1499996185302734,-0.14999961853027344
2016-02-26,5.579999923706055,5.880000114440918,5.5,5.659999847412109,5.659999847412109,2.1629246298691664,2.3508071007517284,0.1299996376037597,0.12999963760375977
2016-02-29,5.690000057220459,6.139999866485596,5.650000095367432,5.840000152587891,5.840000152587891,4.49394100238731,3.1802174916679915,0.1800003051757812,0.18000030517578125
2016-03-09,11.1899995803833,11.760000228881836,10.729999542236328,11.300000190734863,11.300000190734863,3.107608077692012,93.49314889533818,5.460000038146973,5.460000038146973
2016-03-10,11.300000190734863,11.43000030517578,10.359999656677246,10.699999809265137,10.699999809265137,3.035859967730783,-5.309737799488545,-0.6000003814697266,-0.6000003814697266
2016-03-11,10.850000381469728,11.199999809265137,10.65999984741211,10.93000030517578,10.93000030517578,2.85569249160592,2.1495373832762565,0.2300004959106427,0.23000049591064275
2016-03-14,10.84000015258789,11.010000228881836,10.220000267028809,10.600000381469728,10.600000381469728,3.663257329280639,-3.019212392425852,-0.3299999237060511,-0.32999992370605113
2016-03-15,10.380000114440918,10.539999961853027,10.039999961853027,10.25,10.25,2.5160847711227703,-3.3018902723963794,-0.3500003814697283,-0.35000038146972834
2016-03-16,10.300000190734863,10.600000381469728,10.06999969482422,10.40999984741211,10.40999984741211,2.9553426443298485,1.56097412109375,0.1599998474121093,0.15999984741210938
2016-03-17,10.4399995803833,11.630000114440918,10.359999656677246,11.31999969482422,11.31999969482422,4.337689562916189,8.741593282908,0.9099998474121112,0.9099998474121112
2016-03-22,13.25,13.539999961853027,13.0,13.289999961853027,13.289999961853027,3.304516779474495,17.402829683198128,1.9700002670288068,1.9700002670288068
2016-03-23,13.1899995803833,13.1899995803833,12.239999771118164,12.270000457763672,12.270000457763672,3.750949463677697,-7.674939857164132,-1.0199995040893557,-1.0199995040893555
2016-03-24,12.119999885559082,12.770000457763672,11.81999969482422,12.760000228881836,12.760000228881836,3.90321489703986,3.993478018235308,0.489999771118164,0.48999977111816406
2016-03-28,12.869999885559082,12.880000114440918,12.100000381469728,12.460000038146973,12.460000038146973,3.208852632859524,-2.3510986312980098,-0.3000001907348633,-0.3000001907348633
2016-03-29,12.279999732971191,12.869999885559082,11.8100004196167,12.760000228881836,12.760000228881836,3.73580264046366,2.4077061783017277,0.3000001907348633,0.3000001907348633
2016-03-30,12.949999809265137,13.130000114440918,12.43000030517578,12.649999618530272,12.649999618530272,3.261467913497758,-0.8620737333733031,-0.1100006103515642,-0.11000061035156428
2016-03-31,12.630000114440918,13.199999809265137,12.5,12.75,12.75,2.808657619520225,0.7905168734016588,0.1000003814697283,0.10000038146972834
2016-04-01,12.539999961853027,12.960000038146973,12.289999961853027,12.960000038146973,12.960000038146973,2.372588551200313,1.6470591227213616,0.2100000381469726,0.21000003814697266
2016-04-04,13.100000381469728,13.529999732971191,12.5,12.6899995803833,12.6899995803833,5.121338363937166,-2.0833368593282557,-0.2700004577636719,-0.2700004577636719
2016-04-05,12.5,12.720000267028809,12.1899995803833,12.350000381469728,12.350000381469728,5.079883900404012,-2.679268795557377,-0.3399991989135724,-0.33999919891357244
2016-04-06,12.350000381469728,13.050000190734863,12.0,12.670000076293944,12.670000076293944,4.451689337632364,2.5910905663157013,0.3199996948242152,0.3199996948242152
2016-04-11,13.010000228881836,13.239999771118164,12.729999542236328,13.130000114440918,13.130000114440918,4.5999687648855705,3.630623799345134,0.4600000381469744,0.46000003814697443
2016-04-12,13.199999809265137,13.520000457763672,12.699999809265137,13.270000457763672,13.270000457763672,4.356025191017393,1.0662630777038329,0.1400003433227539,0.1400003433227539
2016-04-13,13.630000114440918,13.890000343322754,13.350000381469728,13.520000457763672,13.520000457763672,3.609047646198822,1.8839486916048864,0.25,0.25
2016-04-14,13.539999961853027,13.93000030517578,13.479999542236328,13.890000343322754,13.890000343322754,2.832573656173968,2.736685451416654,0.369999885559082,0.36999988555908203
2016-04-15,13.779999732971191,13.890000343322754,13.3100004196167,13.40999984741211,13.40999984741211,3.0884752483690177,-3.4557270269715445,-0.4800004959106445,-0.48000049591064453
2016-04-18,13.1899995803833,14.0,13.079999923706056,13.84000015258789,13.84000015258789,3.6919565732651303,3.206564579184268,0.4300003051757812,0.43000030517578125
2016-04-19,13.899999618530272,14.130000114440918,13.59000015258789,13.84000015258789,13.84000015258789,3.687173365934382,0.0,0.0,0.0
2016-04-20,13.880000114440918,14.989999771118164,13.800000190734863,14.609999656677246,14.609999656677246,4.988205759897997,5.563580170520277,0.7699995040893555,0.7699995040893555
2016-04-21,14.619999885559082,14.9399995803833,14.220000267028809,14.359999656677246,14.359999656677246,4.363997203235307,-1.7111567821683105,-0.25,-0.25
2016-04-22,14.40999984741211,15.329999923706056,14.210000038146973,14.75,14.75,4.325731544589318,2.7158798930848604,0.3900003433227539,0.3900003433227539
2016-04-25,14.609999656677246,14.920000076293944,13.449999809265137,13.59000015258789,13.59000015258789,4.353633587352018,-7.864405745166847,-1.1599998474121094,-1.1599998474121094
2016-04-26,13.670000076293944,13.800000190734863,13.170000076293944,13.770000457763672,13.770000457763672,3.087678047147226,1.324505541977539,0.1800003051757812,0.18000030517578125
2016-04-27,13.760000228881836,14.829999923706056,13.470000267028809,14.420000076293944,14.420000076293944,2.716182277792419,4.720403753972247,0.6499996185302717,0.6499996185302717
2016-04-28,14.350000381469728,14.670000076293944,13.630000114440918,13.720000267028809,13.720000267028809,2.245036355713684,-4.85436758364457,-0.6999998092651349,-0.6999998092651349
2016-04-29,13.75,14.06999969482422,12.970000267028809,13.15999984741211,13.15999984741211,2.109512148009141,-4.08163563205216,-0.5600004196166992,-0.5600004196166992
2016-05-02,13.260000228881836,13.880000114440918,13.09000015258789,13.729999542236328,13.729999542236328,2.9274406015671484,4.331304722137275,0.5699996948242188,0.5699996948242188
2016-05-03,13.399999618530272,13.399999618530272,12.029999732971191,12.130000114440918,12.130000114440918,5.234540937431549,-11.653310132119666,-1.5999994277954102,-1.5999994277954102
2016-05-04,12.010000228881836,12.470000267028809,11.5,11.829999923706056,11.829999923706056,3.677606951272885,-2.4732084740684224,-0.3000001907348615,-0.3000001907348615
2016-05-11,10.90999984741211,11.25,10.529999732971191,10.56999969482422,10.56999969482422,5.478484511299727,-10.650889577411826,-1.260000228881836,-1.260000228881836
2016-05-19,13.390000343322754,13.770000457763672,13.170000076293944,13.390000343322754,13.390000343322754,4.949142900030217,26.679287889472647,2.8200006484985334,2.8200006484985334
2016-05-20,13.600000381469728,13.600000381469728,13.029999732971191,13.260000228881836,13.260000228881836,3.246321090283721,-0.9708746161888326,-0.1300001144409179,-0.13000011444091797
2016-05-23,13.25,14.09000015258789,13.100000381469728,13.609999656677246,13.609999656677246,3.246321090283721,2.63951298457048,0.3499994277954101,0.34999942779541016
2016-05-24,13.619999885559082,13.93000030517578,13.329999923706056,13.609999656677246,13.609999656677246,2.430784240391087,0.0,0.0,0.0
2016-05-25,13.899999618530272,14.09000015258789,13.56999969482422,13.979999542236328,13.979999542236328,4.045116714518734,2.718588500313124,0.369999885559082,0.36999988555908203
2016-05-26,14.100000381469728,14.100000381469728,12.949999809265137,13.199999809265137,13.199999809265137,5.543057810264833,-5.57939741424639,-0.7799997329711914,-0.7799997329711914
2016-05-27,13.130000114440918,13.220000267028809,12.829999923706056,12.989999771118164,12.989999771118164,4.01482306809066,-1.590909402889329,-0.2100000381469726,-0.21000003814697266
2016-05-31,12.989999771118164,13.5600004196167,12.979999542236328,13.149999618530272,13.149999618530272,3.276614736711795,1.2317155522038492,0.1599998474121076,0.1599998474121076
2016-06-01,12.960000038146973,13.039999961853027,12.300000190734863,12.739999771118164,12.739999771118164,4.665339265072467,-3.11786965251587,-0.4099998474121076,-0.4099998474121076
2016-06-02,12.649999618530272,13.270000457763672,12.609999656677246,13.25,13.25,2.7775667718703594,4.003141585905024,0.5100002288818359,0.5100002288818359
2016-06-03,13.289999961853027,13.68000030517578,13.18000030517578,13.5600004196167,13.5600004196167,3.99808184243304,2.3396258084279253,0.3100004196166992,0.3100004196166992
2016-06-07,14.539999961853027,15.050000190734863,14.34000015258789,14.8100004196167,14.8100004196167,3.9263337324718113,9.21828880028408,1.25,1.25
2016-06-08,15.0,15.399999618530272,14.75,15.329999923706056,15.329999923706056,3.5771595973271646,3.511137672896947,0.5199995040893572,0.5199995040893572
2016-06-09,15.010000228881836,15.279999732971191,14.600000381469728,14.960000038146973,14.960000038146973,3.2511042976144693,-2.413567432488517,-0.3699998855590838,-0.3699998855590838
2016-06-10,14.5600004196167,14.869999885559082,13.789999961853027,13.949999809265137,13.949999809265137,3.634558085296148,-6.7513384111390735,-1.010000228881836,-1.010000228881836
2016-06-13,13.710000038146973,14.25,13.600000381469728,13.699999809265137,13.699999809265137,4.576052728231828,-1.7921147198436405,-0.25,-0.25
2016-06-14,13.520000457763672,14.279999732971191,13.3100004196167,13.609999656677246,13.609999656677246,4.280291074947207,-0.6569354294955865,-0.0900001525878906,-0.09000015258789062
2016-06-15,13.649999618530272,14.09000015258789,13.359999656677246,13.390000343322754,13.390000343322754,2.205176294624112,-1.61645348202899,-0.2199993133544922,-0.2199993133544922
2016-06-20,13.0600004196167,13.300000190734863,12.6899995803833,12.75,12.75,2.445931063605124,-4.779688774555602,-0.6400003433227539,-0.6400003433227539
2016-06-21,12.699999809265137,12.720000267028809,11.970000267028809,12.260000228881836,12.260000228881836,3.7102922013663338,-3.843135459750302,-0.489999771118164,-0.48999977111816406
2016-06-22,12.380000114440918,12.380000114440918,11.699999809265137,11.710000038146973,11.710000038146973,3.4950478714826474,-4.486135240350042,-0.5500001907348633,-0.5500001907348633
2016-06-23,11.770000457763672,12.020000457763672,11.579999923706056,11.65999984741211,11.65999984741211,4.920443656045726,-0.4269871099229716,-0.0500001907348632,-0.05000019073486328
2016-06-29,11.100000381469728,11.489999771118164,10.68000030517578,11.220000267028809,11.220000267028809,5.53588299926871,-3.773581356272115,-0.4399995803833008,-0.4399995803833008
2016-07-05,12.460000038146973,12.460000038146973,11.40999984741211,11.81999969482422,11.81999969482422,5.040821040536232,5.347588355755883,0.5999994277954119,0.5999994277954119
2016-07-06,11.390000343322754,11.449999809265137,10.90999984741211,11.369999885559082,11.369999885559082,4.97305893668396,-3.8071050836167575,-0.4499998092651385,-0.4499998092651385
2016-07-07,11.399999618530272,11.6899995803833,10.670000076293944,10.829999923706056,10.829999923706056,5.070317485742515,-4.749340081690534,-0.5399999618530256,-0.5399999618530256
2016-07-08,10.81999969482422,11.550000190734863,10.81999969482422,11.4399995803833,11.4399995803833,3.621802865747485,5.632499177973216,0.6099996566772443,0.6099996566772443
2016-07-11,11.670000076293944,11.739999771118164,11.43000030517578,11.59000015258789,11.59000015258789,2.4148402159552584,1.3111938610714802,0.1500005722045898,0.15000057220458984
2016-07-13,13.270000457763672,13.300000190734863,12.31999969482422,12.670000076293944,12.670000076293944,3.667243335389596,9.318377131038291,1.079999923706053,1.079999923706053
2016-07-14,12.770000457763672,13.229999542236328,12.600000381469728,12.75,12.75,2.268952392367426,0.6314121801446415,0.0799999237060564,0.07999992370605646
2016-07-15,12.869999885559082,13.449999809265137,12.6899995803833,13.420000076293944,13.420000076293944,2.555944832212342,5.254902559168184,0.6700000762939435,0.6700000762939435
2016-07-18,13.300000190734863,13.75,13.029999732971191,13.6899995803833,13.6899995803833,2.7018326558001737,2.01191879697753,0.2699995040893572,0.26999950408935725
2016-07-19,13.550000190734863,13.850000381469728,13.020000457763672,13.0600004196167,13.0600004196167,2.339106099885073,-4.60189320728206,-0.6299991607666016,-0.6299991607666016
2016-07-20,13.06999969482422,13.34000015258789,12.619999885559082,13.0,13.0,2.1055261419001834,-0.4594212686745091,-0.0600004196166992,-0.06000041961669922
2016-07-21,13.100000381469728,13.390000343322754,12.59000015258789,12.68000030517578,12.68000030517578,1.917386653557406,-2.46153611403247,-0.3199996948242205,-0.3199996948242205
2016-07-22,12.619999885559082,12.800000190734863,12.25,12.279999732971191,12.279999732971191,1.275639670015304,-3.1545785692238093,-0.400000572204588,-0.40000057220458807
2016-07-25,12.170000076293944,12.3100004196167,11.460000038146973,11.539999961853027,11.539999961853027,3.027090754291077,-6.026056899099929,-0.7399997711181641,-0.7399997711181641
2016-07-26,11.600000381469728,11.970000267028809,11.380000114440918,11.800000190734863,11.800000190734863,2.2147427092856096,2.253034919768626,0.2600002288818359,0.26000022888183594
2016-07-27,11.84000015258789,12.59000015258789,11.8100004196167,11.920000076293944,11.920000076293944,2.0106591965070035,1.0169481662661406,0.1199998855590802,0.11999988555908025
2016-07-28,11.890000343322754,11.899999618530272,11.420000076293944,11.56999969482422,11.56999969482422,2.2067706970676952,-2.936244792194176,-0.350000381469723,-0.350000381469723
2016-07-29,11.460000038146973,11.699999809265137,11.09000015258789,11.579999923706056,11.579999923706056,3.677606951272885,0.0864324040242614,0.0100002288818359,0.010000228881835938
2016-08-01,11.579999923706056,11.970000267028809,11.369999885559082,11.649999618530272,11.649999618530272,2.4945603381344017,0.6044878694767108,0.0699996948242152,0.0699996948242152
2016-08-02,11.760000228881836,11.970000267028809,11.149999618530272,11.359999656677246,11.359999656677246,5.278387004630078,-2.489270140333366,-0.2899999618530255,-0.28999996185302557
2016-08-03,11.34000015258789,11.81999969482422,10.869999885559082,11.65999984741211,11.65999984741211,3.933508543467934,2.6408468292384857,0.3000001907348633,0.3000001907348633
2016-08-04,11.56999969482422,11.920000076293944,11.18000030517578,11.220000267028809,11.220000267028809,3.3411880356769013,-3.773581356272115,-0.4399995803833008,-0.4399995803833008
2016-08-05,11.4399995803833,11.68000030517578,11.220000267028809,11.3100004196167,11.3100004196167,2.522462380897102,0.8021403783061043,0.0900001525878906,0.09000015258789062
2016-08-08,11.369999885559082,11.65999984741211,11.3100004196167,11.539999961853027,11.539999961853027,3.3746704869921413,2.033594462449395,0.2299995422363281,0.22999954223632812
2016-08-11,11.0,11.5,10.84000015258789,11.130000114440918,11.130000114440918,4.507493423157764,-3.5528583082098497,-0.4099998474121094,-0.4099998474121094
2016-08-12,11.140000343322754,11.4399995803833,10.899999618530272,11.020000457763672,11.020000457763672,2.638056558056859,-0.9883167614214484,-0.1099996566772461,-0.1099996566772461
2016-08-15,11.09000015258789,11.720000267028809,10.960000038146973,11.65999984741211,11.65999984741211,3.3794536943228897,5.80761672471215,0.6399993896484375,0.6399993896484375
2016-08-16,11.65999984741211,11.970000267028809,11.279999732971191,11.34000015258789,11.34000015258789,4.296235099383035,-2.744422804561541,-0.3199996948242187,-0.31999969482421875
2016-08-17,11.31999969482422,11.479999542236328,11.119999885559082,11.329999923706056,11.329999923706056,2.96172025410418,-0.0881854386884817,-0.0100002288818341,-0.010000228881834161
2016-08-18,11.369999885559082,12.020000457763672,11.300000190734863,11.979999542236328,11.979999542236328,2.474630307589616,5.73697813686882,0.6499996185302717,0.6499996185302717
2016-08-19,11.869999885559082,11.869999885559082,11.470000267028809,11.649999618530272,11.649999618530272,2.0401556417132864,-2.754590453385397,-0.3299999237060564,-0.32999992370605646
2016-08-22,11.460000038146973,12.119999885559082,11.3100004196167,11.960000038146973,11.960000038146973,2.323162075449244,2.660947894999244,0.310000419616701,0.310000419616701
2016-08-23,12.020000457763672,12.579999923706056,12.020000457763672,12.109999656677246,12.109999656677246,4.25398343462809,1.254177408460233,0.1499996185302734,0.14999961853027344
2016-08-24,12.020000457763672,12.260000228881836,11.68000030517578,11.729999542236328,11.729999542236328,1.8631769704755887,-3.137903593840252,-0.3800001144409179,-0.38000011444091797
2016-08-25,11.729999542236328,12.0,11.420000076293944,11.529999732971191,11.529999732971191,0.953570376411566,-1.705028278517795,-0.1999998092651367,-0.19999980926513672
2016-08-26,11.65999984741211,12.399999618530272,11.329999923706056,11.600000381469728,11.600000381469728,3.381845297988264,0.6071175205526025,0.0700006484985369,0.07000064849853693
2016-08-29,11.539999961853027,12.359999656677246,11.520000457763672,12.300000190734863,12.300000190734863,2.3980989902976386,6.034480915908769,0.6999998092651349,0.6999998092651349
2016-08-30,12.260000228881836,12.68000030517578,12.210000038146973,12.300000190734863,12.300000190734863,2.2147427092856096,0.0,0.0,0.0
2016-08-31,12.109999656677246,12.390000343322754,11.760000228881836,12.0,12.0,3.027090754291077,-2.439025903112113,-0.3000001907348633,-0.3000001907348633
2016-09-01,12.0,12.119999885559082,11.399999618530272,11.630000114440918,11.630000114440918,2.858881296493085,-3.0833323796590206,-0.369999885559082,-0.36999988555908203
2016-09-02,11.800000190734863,11.989999771118164,11.300000190734863,11.399999618530272,11.399999618530272,3.6154252559731535,-1.977648268679344,-0.2300004959106463,-0.2300004959106463
2016-09-06,11.479999542236328,11.68000030517578,10.850000381469728,10.899999618530272,10.899999618530272,4.151941678238786,-4.3859650590449935,-0.5,-0.5
2016-09-07,10.899999618530272,11.0600004196167,10.68000030517578,11.039999961853027,11.039999961853027,3.426488566408584,1.2844068644255024,0.1400003433227556,0.14000034332275568
2016-09-08,11.020000457763672,11.15999984741211,10.699999809265137,10.890000343322754,10.890000343322754,2.3893297768579327,-1.3586922015269345,-0.1499996185302734,-0.14999961853027344
2016-09-12,10.0,10.229999542236328,9.729999542236328,10.140000343322754,10.140000343322754,4.918052052380351,-6.887052124473669,-0.75,-0.75
2016-09-14,9.550000190734863,9.68000030517578,8.779999732971191,8.850000381469727,8.850000381469727,4.497927008496268,-12.721892684180226,-1.2899999618530271,-1.2899999618530273
2016-09-16,8.510000228881836,9.140000343322754,8.319999694824219,8.920000076293945,8.920000076293945,5.218596912995721,0.7909569695701446,0.0699996948242187,0.06999969482421875
2016-09-19,9.06999969482422,9.210000038146973,8.420000076293945,8.619999885559082,8.619999885559082,3.849802415179834,-3.363230809068629,-0.3000001907348633,-0.3000001907348633
2016-09-20,8.609999656677246,8.6899995803833,8.109999656677246,8.300000190734863,8.300000190734863,3.118768894797092,-3.7122934927215967,-0.3199996948242187,-0.31999969482421875
2016-09-21,8.430000305175781,8.569999694824219,8.09000015258789,8.239999771118164,8.239999771118164,3.7469634575687394,-0.7228966052757024,-0.0600004196166992,-0.06000041961669922
2016-09-22,8.40999984741211,8.600000381469727,8.260000228881836,8.529999732971191,8.529999732971191,3.115580089909926,3.5194171105380256,0.2899999618530273,0.28999996185302734
2016-09-23,8.470000267028809,8.550000190734863,7.949999809265137,8.119999885559082,8.119999885559082,3.8330611895222138,-4.8065634261080685,-0.4099998474121094,-0.4099998474121094
2016-09-26,8.180000305175781,8.350000381469727,8.050000190734863,8.109999656677246,8.109999656677246,2.4626722892627444,-0.1231555298371489,-0.0100002288818359,-0.010000228881835938
2016-09-27,8.020000457763672,8.079999923706055,7.659999847412109,8.0600004196167,8.0600004196167,3.550054755786256,-0.6165134300515129,-0.0499992370605468,-0.049999237060546875
2016-09-28,8.210000038146973,8.630000114440918,8.109999656677246,8.579999923706055,8.579999923706055,3.712683805031708,6.451606414607158,0.5199995040893555,0.5199995040893555
2016-09-29,8.649999618530273,8.850000381469727,8.369999885559082,8.449999809265137,8.449999809265137,4.68925530172621,-1.5151528624345878,-0.1300001144409179,-0.13000011444091797
2016-09-30,8.619999885559082,8.65999984741211,8.3100004196167,8.579999923706055,8.579999923706055,1.8735405863588768,1.5384629275183803,0.1300001144409179,0.13000011444091797
2016-10-03,8.630000114440918,8.770000457763672,8.220000267028809,8.390000343322754,8.390000343322754,3.7031173903702106,-2.21444734350571,-0.1899995803833007,-0.18999958038330078
2016-10-04,8.420000076293945,8.59000015258789,8.069999694824219,8.149999618530273,8.149999618530273,3.994893037545874,-2.860556793462909,-0.2400007247924804,-0.24000072479248047
2016-10-05,8.289999961853027,8.359999656677246,8.069999694824219,8.140000343322754,8.140000343322754,3.860963232284914,-0.1226904990864641,-0.0099992752075195,-0.009999275207519531
2016-10-19,6.21999979019165,6.369999885559082,5.980000019073486,6.199999809265137,6.199999809265137,4.935590479259763,-23.832929388620983,-1.9400005340576167,-1.9400005340576172
2016-10-21,6.809999942779541,6.909999847412109,6.449999809265137,6.599999904632568,6.599999904632568,5.225771723991843,6.451614639885639,0.4000000953674316,0.40000009536743164
2016-10-24,6.599999904632568,6.730000019073486,6.289999961853027,6.360000133514404,6.360000133514404,4.590402350224073,-3.636360221001023,-0.239999771118164,-0.23999977111816406
2016-10-25,6.349999904632568,6.46999979019165,6.070000171661377,6.099999904632568,6.099999904632568,4.221298184534641,-4.088053827416593,-0.2600002288818359,-0.26000022888183594
2016-10-26,6.039999961853027,6.309999942779541,6.0,6.130000114440918,6.130000114440918,3.529327524019678,0.491806725858579,0.0300002098083496,0.03000020980834961
2016-10-27,6.210000038146973,6.210000038146973,5.639999866485596,5.75,5.75,4.603157569772736,-6.199022958347456,-0.3800001144409179,-0.38000011444091797
2016-10-28,5.75,5.849999904632568,5.449999809265137,5.550000190734863,5.550000190734863,3.700725786704836,-3.4782575524371584,-0.1999998092651367,-0.19999980926513672
2016-10-31,5.570000171661377,5.619999885559082,5.239999771118164,5.289999961853027,5.289999961853027,2.987230693201506,-4.684688647684709,-0.2600002288818359,-0.26000022888183594
2016-11-01,5.340000152587891,5.349999904632568,4.949999809265137,5.130000114440918,5.130000114440918,4.614318386877816,-3.0245718065386007,-0.1599998474121093,-0.15999984741210938
2016-11-02,5.070000171661377,5.119999885559082,4.960000038146973,5.03000020980835,5.03000020980835,3.6935509757087135,-1.9493158362914875,-0.0999999046325683,-0.09999990463256836
2016-11-03,5.039999961853027,5.360000133514404,5.0,5.260000228881836,5.260000228881836,3.9087953055924,4.572564800792511,0.2300000190734863,0.23000001907348633
2016-11-15,8.59000015258789,8.699999809265137,8.119999885559082,8.279999732971191,8.279999732971191,5.50240054795347,57.414436742930384,3.0199995040893555,3.0199995040893555
2016-11-17,8.4399995803833,8.59000015258789,8.199999809265137,8.279999732971191,8.279999732971191,5.099016729727006,0.0,0.0,0.0
2016-11-18,8.25,8.489999771118164,8.149999618530273,8.449999809265137,8.449999809265137,2.265763587480261,2.053141084256316,0.1700000762939453,0.1700000762939453
2016-11-21,8.579999923706055,9.119999885559082,8.5,8.770000457763672,8.770000457763672,3.2000834194198178,3.786990008540192,0.3200006484985351,0.32000064849853516
2016-11-22,8.75,8.859999656677246,8.579999923706055,8.699999809265137,8.699999809265137,3.971774202113923,-0.7981829514793981,-0.0700006484985351,-0.07000064849853516
2016-11-23,8.619999885559082,8.619999885559082,8.149999618530273,8.489999771118164,8.489999771118164,4.564891911126748,-2.413793594838143,-0.2100000381469726,-0.21000003814697266
2016-11-25,8.489999771118164,8.779999732971191,8.380000114440918,8.609999656677246,8.609999656677246,0.8563118273530115,1.4134262519924334,0.119999885559082,0.11999988555908203
2016-11-28,8.619999885559082,8.619999885559082,8.15999984741211,8.220000267028809,8.220000267028809,2.6994410521348,-4.529609816488023,-0.3899993896484375,-0.3899993896484375
2016-11-29,8.130000114440918,8.199999809265137,7.639999866485596,7.659999847412109,7.659999847412109,5.008932991664574,-6.812656951641638,-0.5600004196166992,-0.5600004196166992
2016-12-01,7.809999942779541,8.569999694824219,7.78000020980835,8.3100004196167,8.3100004196167,4.905296832831688,8.485647325752744,0.6500005722045898,0.6500005722045898
2016-12-02,8.260000228881836,8.34000015258789,7.78000020980835,7.789999961853027,7.789999961853027,3.344376840564067,-6.257526251576973,-0.5200004577636719,-0.5200004577636719
2016-12-05,7.900000095367432,8.270000457763672,7.840000152587891,7.880000114440918,7.880000114440918,5.199464083672726,1.1553293071709048,0.0900001525878906,0.09000015258789062
2016-12-06,7.900000095367432,7.989999771118164,7.690000057220459,7.980000019073486,7.980000019073486,4.480388581616856,1.269034304318195,0.0999999046325683,0.09999990463256836
2016-12-07,7.96999979019165,8.680000305175781,7.960000038146973,8.470000267028809,8.470000267028809,5.209030498334224,6.140353969726098,0.4900002479553222,0.49000024795532227
2016-12-13,9.380000114440918,9.59000015258789,9.119999885559082,9.140000343322754,9.140000343322754,4.139983659911914,7.910272198007551,0.6700000762939453,0.6700000762939453
2016-12-14,8.979999542236328,9.239999771118164,8.369999885559082,8.5,8.5,4.210934568651352,-7.002191677052916,-0.6400003433227539,-0.6400003433227539
2016-12-15,8.380000114440918,8.670000076293945,8.149999618530273,8.1899995803833,8.1899995803833,3.2239994560735608,-3.647063760196456,-0.3100004196166992,-0.3100004196166992
2016-12-19,8.149999618530273,8.489999771118164,8.079999923706055,8.380000114440918,8.380000114440918,2.318378868118496,2.3199089596134703,0.1900005340576172,0.1900005340576172
2016-12-20,8.449999809265137,8.550000190734863,8.180000305175781,8.350000381469727,8.350000381469727,2.452308673379456,-0.3579920353401156,-0.0299997329711914,-0.029999732971191406
2016-12-21,8.399999618530273,8.420000076293945,8.15999984741211,8.289999961853027,8.289999961853027,2.3319312888889496,-0.7185678667734119,-0.0600004196166992,-0.06000041961669922
2016-12-22,8.289999961853027,8.520000457763672,8.149999618530273,8.319999694824219,8.319999694824219,1.6503242442572763,0.3618785658532797,0.0299997329711914,0.029999732971191406
2016-12-23,8.289999961853027,8.430000305175781,8.100000381469727,8.199999809265137,8.199999809265137,1.160842694077338,-1.4423063697193703,-0.119999885559082,-0.11999988555908203
2016-12-27,8.229999542236328,9.09000015258789,8.229999542236328,9.079999923706056,9.079999923706056,2.803077210967685,10.731708962317432,0.8800001144409197,0.8800001144409197
2016-12-28,9.100000381469728,9.699999809265137,9.050000190734863,9.15999984741211,9.15999984741211,3.251901498836261,0.8810564358837647,0.0799999237060529,0.07999992370605291
2016-12-29,9.149999618530272,9.260000228881836,8.680000305175781,9.0,9.0,2.475427508811407,-1.746723254120064,-0.1599998474121093,-0.15999984741210938
2016-12-30,9.020000457763672,9.020000457763672,8.380000114440918,8.420000076293945,8.420000076293945,3.1474681387815835,-6.44444359673394,-0.5799999237060547,-0.5799999237060547
2017-01-03,8.720000267028809,9.029999732971191,8.460000038146973,8.970000267028809,8.970000267028809,3.208055431637732,6.532068714385875,0.5500001907348633,0.5500001907348633
2017-01-04,9.039999961853027,9.43000030517578,8.760000228881836,9.40999984741211,9.40999984741211,4.269927459063918,4.9052348638228604,0.4399995803833008,0.4399995803833008
2017-01-05,9.390000343322754,9.43000030517578,8.970000267028809,9.06999969482422,9.06999969482422,2.172491044530664,-3.6131791509156463,-0.3400001525878888,-0.34000015258788885
2017-01-06,9.06999969482422,9.09000015258789,8.649999618530273,8.779999732971191,8.779999732971191,2.427595435503921,-3.1973536009986536,-0.2899999618530291,-0.2899999618530291
2017-01-09,8.710000038146973,8.710000038146973,8.15999984741211,8.279999732971191,8.279999732971191,3.511789097140267,-5.694760993242054,-0.5,-0.5
2017-01-10,8.300000190734863,8.489999771118164,7.920000076293945,8.079999923706055,8.079999923706055,2.8150352292945566,-2.4154567115350467,-0.1999998092651367,-0.19999980926513672
2017-01-11,8.140000343322754,8.369999885559082,7.920000076293945,8.25,8.25,2.1390085932154235,2.103961360137885,0.1700000762939453,0.1700000762939453
2017-01-12,8.3100004196167,8.399999618530273,7.730000019073486,8.09000015258789,8.09000015258789,2.575874862757128,-1.93939208984375,-0.1599998474121093,-0.15999984741210938
2017-01-13,8.100000381469727,8.449999809265137,7.989999771118164,8.15999984741211,8.15999984741211,2.8437344732790484,0.8652619716184695,0.0699996948242187,0.06999969482421875
2017-01-17,8.25,8.300000190734863,7.650000095367432,7.800000190734863,7.800000190734863,2.798294003636937,-4.411760580993363,-0.3599996566772461,-0.3599996566772461
2017-01-18,7.869999885559082,8.0,7.440000057220459,7.739999771118164,7.739999771118164,2.580658070087876,-0.7692361301217643,-0.0600004196166992,-0.06000041961669922
2017-01-19,7.739999771118164,7.800000190734863,7.03000020980835,7.139999866485596,7.139999866485596,3.281397944042544,-7.7519369815935875,-0.5999999046325684,-0.5999999046325684
2017-01-20,7.150000095367432,7.71999979019165,7.090000152587891,7.300000190734863,7.300000190734863,2.9920139005322546,2.2409009417533987,0.1600003242492675,0.16000032424926758
2017-01-23,7.460000038146973,7.570000171661377,7.300000190734863,7.460000038146973,7.460000038146973,2.2641691850366783,2.1917786744058088,0.1599998474121093,0.15999984741210938
2017-01-24,7.670000076293945,8.569999694824219,7.670000076293945,8.479999542236328,8.479999542236328,5.417100017221787,13.67291553449801,1.0199995040893557,1.0199995040893555
2017-01-25,8.619999885559082,9.239999771118164,8.390000343322754,9.199999809265137,9.199999809265137,4.875003186403614,8.490569644994705,0.7200002670288086,0.7200002670288086
2017-01-26,9.220000267028809,9.359999656677246,8.539999961853027,8.680000305175781,8.680000305175781,3.365104072330644,-5.65216863989143,-0.5199995040893555,-0.5199995040893555
2017-01-27,8.6899995803833,8.6899995803833,8.329999923706055,8.529999732971191,8.529999732971191,1.0667729499059493,-1.7281171305391083,-0.1500005722045898,-0.15000057220458984
2017-01-30,8.40999984741211,8.510000228881836,8.039999961853027,8.399999618530273,8.399999618530273,2.776769570648568,-1.5240342146603525,-0.1300001144409179,-0.13000011444091797
2017-01-31,8.359999656677246,8.529999732971191,8.1899995803833,8.510000228881836,8.510000228881836,1.987540361075052,1.3095311350836525,0.1100006103515625,0.1100006103515625
2017-02-01,8.640000343322754,8.9399995803833,8.449999809265137,8.699999809265137,8.699999809265137,2.2370643434957693,2.232662459143864,0.1899995803833007,0.18999958038330078
2017-02-02,8.6899995803833,8.920000076293945,8.329999923706055,8.619999885559082,8.619999885559082,2.519273576009936,-0.919539373102718,-0.0799999237060546,-0.07999992370605469
2017-02-03,8.75,9.06999969482422,8.550000190734863,8.90999984741211,8.90999984741211,1.9979039769583404,3.364268743655763,0.2899999618530273,0.28999996185302734
2017-02-06,8.699999809265137,8.770000457763672,8.329999923706055,8.479999542236328,8.479999542236328,1.7045339273390938,-4.826041667112646,-0.4300003051757812,-0.43000030517578125
2017-02-07,8.539999961853027,9.0,8.4399995803833,8.579999923706055,8.579999923706055,1.7037367261173024,1.1792498451403732,0.1000003814697265,0.10000038146972656
2017-02-08,8.5,8.579999923706055,8.180000305175781,8.479999542236328,8.479999542236328,2.127847776110344,-1.1655056218990325,-0.1000003814697265,-0.10000038146972656
2017-02-09,8.479999542236328,8.84000015258789,8.420000076293945,8.609999656677246,8.609999656677246,1.3202829384356245,1.5330203002184906,0.1300001144409179,0.13000011444091797
2017-02-10,8.699999809265137,8.84000015258789,8.569999694824219,8.680000305175781,8.680000305175781,1.1648287001862951,0.8130156944228029,0.0700006484985351,0.07000064849853516
2017-02-13,8.890000343322754,9.640000343322754,8.819999694824219,9.5600004196167,9.5600004196167,4.238039410192261,10.138249809924371,0.880000114440918,0.880000114440918
2017-02-15,9.949999809265137,10.0600004196167,9.59000015258789,9.9399995803833,9.9399995803833,3.304516779474495,3.974886444427983,0.3799991607666015,0.37999916076660156
2017-02-16,9.869999885559082,9.970000267028809,9.619999885559082,9.6899995803833,9.6899995803833,2.9609230528823884,-2.515090649434004,-0.25,-0.25
2017-02-17,9.630000114440918,9.649999618530272,9.109999656677246,9.479999542236328,9.479999542236328,4.177452117336112,-2.1671831500602146,-0.2100000381469726,-0.21000003814697266
2017-02-21,9.59000015258789,9.93000030517578,9.449999809265137,9.579999923706056,9.579999923706056,2.595804893301913,1.0548563955535606,0.1000003814697283,0.10000038146972834
2017-02-22,9.510000228881836,9.579999923706056,9.109999656677246,9.279999732971191,9.279999732971191,2.502532350352316,-3.131526024259179,-0.300000190734865,-0.30000019073486506
2017-02-23,9.359999656677246,9.399999618530272,9.109999656677246,9.220000267028809,9.220000267028809,2.4539030758230385,-0.6465459878108537,-0.0599994659423828,-0.05999946594238281
2017-02-24,8.989999771118164,9.010000228881836,8.600000381469727,8.770000457763672,8.770000457763672,2.9545454431080573,-4.88069193310502,-0.4499998092651367,-0.4499998092651367
2017-02-27,8.739999771118164,9.15999984741211,8.649999618530273,8.84000015258789,8.84000015258789,3.136307321676504,0.7981720772004319,0.0699996948242187,0.06999969482421875
2017-03-02,11.260000228881836,11.699999809265137,10.859999656677246,10.880000114440918,10.880000114440918,4.234850605305095,23.07692224706379,2.039999961853028,2.0399999618530273
2017-03-03,10.859999656677246,11.0,10.350000381469728,10.56999969482422,10.56999969482422,3.940683354464057,-2.8492685326835354,-0.3100004196166974,-0.31000041961669744
2017-03-06,10.390000343322754,10.470000267028809,9.65999984741211,10.029999732971191,10.029999732971191,3.629774877965399,-5.108798272884052,-0.5399999618530291,-0.5399999618530291
2017-03-07,9.720000267028809,9.9399995803833,9.5,9.56999969482422,9.56999969482422,4.68925530172621,-4.586241778599776,-0.4600000381469709,-0.4600000381469709
2017-03-08,9.68000030517578,9.710000038146973,9.289999961853027,9.350000381469728,9.350000381469728,2.272141197254592,-2.2988434730408125,-0.2199993133544922,-0.2199993133544922
2017-03-09,9.3100004196167,9.5600004196167,8.9399995803833,9.260000228881836,9.260000228881836,1.7053311285608854,-0.9625684376041166,-0.0900001525878924,-0.0900001525878924
2017-03-10,9.369999885559082,9.40999984741211,9.0600004196167,9.359999656677246,9.359999656677246,1.169611907517044,1.0799074009038678,0.0999994277954101,0.09999942779541016
2017-03-13,9.369999885559082,9.489999771118164,9.149999618530272,9.359999656677246,9.359999656677246,0.8985634921079574,0.0,0.0,0.0
2017-03-14,9.239999771118164,9.289999961853027,8.829999923706055,9.140000343322754,9.140000343322754,1.3322409567624958,-2.35042010068397,-0.2199993133544922,-0.2199993133544922
2017-03-15,9.34000015258789,9.890000343322754,9.100000381469728,9.829999923706056,9.829999923706056,3.238349078065806,7.549229261105905,0.6899995803833026,0.6899995803833026
2017-03-16,9.970000267028809,10.149999618530272,9.75,10.079999923706056,10.079999923706056,2.9441818272247686,2.543235014652434,0.25,0.25
2017-03-20,9.100000381469728,9.220000267028809,8.539999961853027,8.979999542236328,8.979999542236328,4.7410733811426535,-10.912702279716855,-1.1000003814697283,-1.1000003814697283
2017-03-21,8.960000038146973,8.989999771118164,8.210000038146973,8.359999656677246,8.359999656677246,5.452974072202402,-6.904230703386882,-0.619999885559082,-0.619999885559082
2017-03-22,8.180000305175781,8.4399995803833,8.140000343322754,8.430000305175781,8.430000305175781,3.595495225428368,0.8373283657090225,0.0700006484985351,0.07000064849853516
2017-03-23,8.390000343322754,8.760000228881836,8.289999961853027,8.670000076293945,8.670000076293945,1.595317359953668,2.8469722708172496,0.239999771118164,0.23999977111816406
2017-03-24,8.699999809265137,8.8100004196167,8.470000267028809,8.550000190734863,8.550000190734863,1.939708287767566,-1.3840817128386584,-0.119999885559082,-0.11999988555908203
2017-03-27,8.300000190734863,8.770000457763672,8.15999984741211,8.729999542236328,8.729999542236328,1.9891347635186347,2.10525552615215,0.1799993515014648,0.17999935150146484
2017-03-28,8.6899995803833,8.9399995803833,8.4399995803833,8.890000343322754,8.890000343322754,1.397611456949393,1.8327698679974749,0.1600008010864257,0.16000080108642578
2017-03-29,8.869999885559082,9.470000267028809,8.789999961853027,9.279999732971191,9.279999732971191,1.698953518786554,4.386944596029907,0.3899993896484375,0.3899993896484375
2017-03-30,9.300000190734863,9.5,9.0600004196167,9.210000038146973,9.210000038146973,1.6503242442572763,-0.7543070780003824,-0.0699996948242187,-0.06999969482421875
2017-03-31,9.1899995803833,9.470000267028809,9.050000190734863,9.380000114440918,9.380000114440918,1.7579464091991197,1.8458205818655984,0.1700000762939453,0.1700000762939453
2017-04-03,9.40999984741211,9.550000190734863,9.050000190734863,9.34000015258789,9.34000015258789,1.7276527627710454,-0.4264388205224567,-0.0399999618530273,-0.039999961853027344
2017-04-04,9.34000015258789,9.470000267028809,9.029999732971191,9.140000343322754,9.140000343322754,1.9365194828804,-2.141325546014272,-0.1999998092651367,-0.19999980926513672
2017-04-05,9.239999771118164,9.529999732971191,8.770000457763672,8.880000114440918,8.880000114440918,3.054195595831986,-2.844641346997101,-0.2600002288818359,-0.26000022888183594
2017-04-06,9.010000228881836,9.029999732971191,8.649999618530273,8.800000190734863,8.800000190734863,1.7459883908722482,-0.9009000301245074,-0.0799999237060546,-0.07999992370605469
2017-04-07,8.739999771118164,8.800000190734863,8.5,8.510000228881836,8.510000228881836,1.843246939930803,-3.295454040539181,-0.2899999618530273,-0.28999996185302734
2017-04-10,8.5,8.829999923706055,8.489999771118164,8.649999618530273,8.649999618530273,1.415947085050596,1.6451161678386006,0.1399993896484375,0.1399993896484375
2017-04-11,8.5600004196167,8.649999618530273,8.229999542236328,8.390000343322754,8.390000343322754,3.159426157108455,-3.005772100273185,-0.2599992752075195,-0.25999927520751953
2017-04-12,8.239999771118164,8.319999694824219,8.210000038146973,8.25,8.25,2.099148532125852,-1.6686571822869367,-0.1400003433227539,-0.1400003433227539
2017-04-13,8.25,8.390000343322754,7.340000152587891,7.53000020980835,7.53000020980835,5.438624450210155,-8.727270184141211,-0.7199997901916504,-0.7199997901916504
2017-04-17,7.579999923706055,7.599999904632568,6.820000171661377,7.199999809265137,7.199999809265137,5.258456974085292,-4.382475316711998,-0.3300004005432129,-0.3300004005432129
2017-04-18,7.070000171661377,7.389999866485596,6.989999771118164,7.340000152587891,7.340000152587891,3.626586073078233,1.9444492643263311,0.1400003433227539,0.1400003433227539
2017-04-19,7.400000095367432,7.440000057220459,7.019999980926514,7.130000114440918,7.130000114440918,2.776769570648568,-2.8610358825800875,-0.2100000381469726,-0.21000003814697266
2017-04-20,7.25,7.340000152587891,6.960000038146973,7.170000076293945,7.170000076293945,4.266738654176752,0.5610092736466177,0.0399999618530273,0.039999961853027344
2017-04-21,7.159999847412109,7.170000076293945,6.900000095367432,7.170000076293945,7.170000076293945,3.9781518118882544,0.0,0.0,0.0
2017-04-24,7.300000190734863,7.440000057220459,7.079999923706055,7.349999904632568,7.349999904632568,5.220988516661095,2.510457830171497,0.179999828338623,0.17999982833862305
2017-05-03,9.109999656677246,9.170000076293944,8.869999885559082,8.930000305175781,8.930000305175781,3.534907932572219,21.496604367945203,1.580000400543213,1.580000400543213
2017-05-04,8.8100004196167,8.90999984741211,8.420000076293945,8.4399995803833,8.4399995803833,2.645231369052982,-5.487129989329098,-0.4900007247924804,-0.49000072479248047
2017-05-05,8.479999542236328,8.800000190734863,8.34000015258789,8.710000038146973,8.710000038146973,2.6922662411386766,3.199057715491138,0.2700004577636719,0.2700004577636719
2017-05-08,8.600000381469727,8.970000267028809,8.5600004196167,8.859999656677246,8.859999656677246,2.229092331277855,1.7221540513584932,0.1499996185302734,0.14999961853027344
2017-05-09,8.90999984741211,8.960000038146973,8.619999885559082,8.680000305175781,8.680000305175781,2.096756928460477,-2.031595468130865,-0.1799993515014648,-0.17999935150146484
2017-05-10,8.649999618530273,8.970000267028809,8.539999961853027,8.880000114440918,8.880000114440918,2.4443366611615414,2.304145187021245,0.1999998092651367,0.19999980926513672
2017-05-11,8.869999885559082,8.869999885559082,8.430000305175781,8.680000305175781,8.680000305175781,1.6614850613623566,-2.2522500753112684,-0.1999998092651367,-0.19999980926513672
2017-05-12,8.59000015258789,8.699999809265137,8.170000076293945,8.1899995803833,8.1899995803833,2.200393087293364,-5.645169441990672,-0.4900007247924804,-0.49000072479248047
2017-05-15,8.3100004196167,8.760000228881836,8.199999809265137,8.680000305175781,8.680000305175781,2.6500145763837306,5.9829151391671775,0.4900007247924804,0.49000072479248047
2017-05-16,8.710000038146973,8.779999732971191,8.460000038146973,8.640000343322754,8.640000343322754,0.7048435952126396,-0.4608290374042534,-0.0399999618530273,-0.039999961853027344
2017-05-17,8.640000343322754,8.640000343322754,8.149999618530273,8.239999771118164,8.239999771118164,1.4916812011207818,-4.629636068402732,-0.4000005722045898,-0.40000057220458984
2017-05-18,8.140000343322754,8.449999809265137,8.010000228881836,8.369999885559082,8.369999885559082,2.4044766000719697,1.5776713355815764,0.1300001144409179,0.13000011444091797
2017-05-19,8.479999542236328,8.890000343322754,8.390000343322754,8.729999542236328,8.729999542236328,2.165316233534541,4.3010712257996575,0.3599996566772461,0.3599996566772461
2017-05-22,8.800000190734863,8.899999618530273,8.59000015258789,8.84000015258789,8.84000015258789,1.0253184863727949,1.2600299670048276,0.1100006103515625,0.1100006103515625
2017-05-23,8.869999885559082,9.1899995803833,8.720000267028809,9.149999618530272,9.149999618530272,1.9628271231995176,3.5067812284101496,0.309999465942381,0.30999946594238104
2017-05-24,9.130000114440918,9.510000228881836,9.050000190734863,9.380000114440918,9.380000114440918,3.951046970347346,2.513666726770758,0.2300004959106463,0.2300004959106463
2017-05-25,9.399999618530272,9.600000381469728,8.9399995803833,9.0,9.0,2.93381821134148,-4.0511738785151135,-0.3800001144409179,-0.38000011444091797
2017-05-26,8.979999542236328,9.449999809265137,8.779999732971191,9.399999618530272,9.399999618530272,2.1740854469742463,4.4444402058918975,0.3999996185302716,0.39999961853027166
2017-05-30,9.300000190734863,9.449999809265137,9.029999732971191,9.140000343322754,9.140000343322754,1.4079750728326816,-2.765949848497651,-0.2599992752075177,-0.25999927520751775
2017-05-31,9.140000343322754,9.140000343322754,8.5,8.789999961853027,8.789999961853027,2.225106325168898,-3.829325692809416,-0.3500003814697265,-0.35000038146972656
2017-06-01,8.850000381469727,9.369999885559082,8.75,9.289999961853027,9.289999961853027,2.356644526764484,5.688282163480185,0.5,0.5
2017-06-02,9.34000015258789,10.029999732971191,9.34000015258789,9.869999885559082,9.869999885559082,2.898741357582657,6.243271540233297,0.5799999237060547,0.5799999237060547
2017-06-05,9.829999923706056,9.949999809265137,9.489999771118164,9.75,9.75,1.023724083929212,-1.2158043257392117,-0.119999885559082,-0.11999988555908203
2017-06-06,9.65999984741211,10.149999618530272,9.420000076293944,10.039999961853027,10.039999961853027,2.131036580997509,2.974358583107972,0.2899999618530273,0.28999996185302734
2017-06-07,10.079999923706056,10.4399995803833,9.6899995803833,9.84000015258789,9.84000015258789,1.505233621891236,-1.9920299803290464,-0.1999998092651367,-0.19999980926513672
2017-06-08,9.800000190734863,10.640000343322754,9.729999542236328,10.5,10.5,2.592616088414748,6.707315418471116,0.6599998474121094,0.6599998474121094
2017-06-09,10.479999542236328,11.100000381469728,10.40999984741211,10.609999656677246,10.609999656677246,3.639341292626896,1.04761577787853,0.1099996566772461,0.1099996566772461
2017-06-12,10.670000076293944,11.170000076293944,10.3100004196167,10.460000038146973,10.460000038146973,2.617329326290282,-1.4137570535723176,-0.1499996185302734,-0.14999961853027344
2017-06-13,10.5,11.239999771118164,10.420000076293944,10.920000076293944,10.920000076293944,2.542392411441888,4.397705893588721,0.4600000381469709,0.4600000381469709
2017-06-14,10.989999771118164,11.130000114440918,10.449999809265137,10.56999969482422,10.56999969482422,1.9883375622968436,-3.2051316760476345,-0.350000381469723,-0.350000381469723
2017-06-15,10.449999809265137,10.739999771118164,10.260000228881836,10.390000343322754,10.390000343322754,0.7845637173917828,-1.7029267426526662,-0.1799993515014666,-0.17999935150146662
2017-06-16,10.270000457763672,10.600000381469728,10.260000228881836,10.399999618530272,10.399999618530272,1.514002835330942,0.0962394117142162,0.0099992752075177,0.009999275207517755
2017-06-19,10.470000267028809,10.829999923706056,10.350000381469728,10.43000030517578,10.43000030517578,1.6200305978292022,0.2884681514031317,0.0300006866455078,0.030000686645507812
2017-06-20,10.279999732971191,10.420000076293944,9.869999885559082,10.34000015258789,10.34000015258789,0.987052827726806,-0.8628969314912416,-0.0900001525878888,-0.09000015258788885
2017-06-21,10.359999656677246,10.460000038146973,9.880000114440918,9.899999618530272,9.899999618530272,1.1472902733068835,-4.25532425110744,-0.4400005340576189,-0.44000053405761896
2017-06-22,9.9399995803833,10.40999984741211,9.93000030517578,10.229999542236328,10.229999542236328,0.5756969972824278,3.33333269112841,0.3299999237060564,0.32999992370605646
2017-06-23,10.220000267028809,10.630000114440918,10.0600004196167,10.5,10.5,2.127847776110344,2.6393007805027624,0.2700004577636719,0.2700004577636719
2017-06-26,10.609999656677246,10.869999885559082,10.4399995803833,10.619999885559082,10.619999885559082,1.7053311285608854,1.1428560529436416,0.119999885559082,0.11999988555908203
2017-06-27,10.6899995803833,10.729999542236328,9.960000038146973,9.970000267028809,9.970000267028809,1.376884225182816,-6.120523780928977,-0.6499996185302734,-0.6499996185302734
2017-06-28,10.100000381469728,10.43000030517578,10.100000381469728,10.25,10.25,2.542392411441888,2.808422522285792,0.2799997329711914,0.2799997329711914
2017-06-29,10.270000457763672,10.479999542236328,10.0600004196167,10.300000190734863,10.300000190734863,1.4558071461401676,0.4878067388767171,0.0500001907348632,0.05000019073486328
2017-06-30,10.289999961853027,10.4399995803833,9.829999923706056,10.329999923706056,10.329999923706056,1.1393182610889694,0.2912595380161198,0.0299997329711931,0.029999732971193183
2017-07-03,10.449999809265137,10.90999984741211,10.359999656677246,10.75,10.75,0.9455983641936516,4.06582845494603,0.4200000762939435,0.42000007629394354
2017-07-05,10.75,11.0,10.350000381469728,10.800000190734863,10.800000190734863,2.456294679488413,0.4651180533475685,0.0500001907348632,0.05000019073486328
2017-07-06,10.729999542236328,10.859999656677246,10.239999771118164,10.329999923706056,10.329999923706056,1.2461432248090212,-4.3518542474842885,-0.4700002670288068,-0.4700002670288068
2017-07-07,10.279999732971191,10.630000114440918,10.010000228881836,10.5,10.5,1.592128555066502,1.6456929094821549,0.1700000762939435,0.17000007629394354
2017-07-10,10.489999771118164,10.949999809265137,10.380000114440918,10.729999542236328,10.729999542236328,1.3872478410661044,2.190471830822172,0.2299995422363281,0.22999954223632812
2017-07-11,10.739999771118164,11.149999618530272,10.479999542236328,10.890000343322754,10.890000343322754,2.42121782572959,1.491153848204907,0.1600008010864257,0.16000080108642578
2017-07-12,11.100000381469728,11.210000038146973,10.5,10.529999732971191,10.529999732971191,1.81375049472452,-3.3057906244447266,-0.3600006103515625,-0.3600006103515625
2017-07-13,10.520000457763672,11.06999969482422,10.43000030517578,10.989999771118164,10.989999771118164,2.112700952896306,4.3684715081866,0.4600000381469726,0.46000003814697266
2017-07-14,11.050000190734863,11.199999809265137,10.829999923706056,10.850000381469728,10.850000381469728,1.1640314989645038,-1.2738798231493709,-0.1399993896484357,-0.13999938964843572
2017-07-17,10.859999656677246,11.239999771118164,10.720000267028809,10.84000015258789,10.84000015258789,1.083514175563569,-0.0921680048870499,-0.0100002288818377,-0.010000228881837714
2017-07-18,10.789999961853027,10.899999618530272,10.539999961853027,10.710000038146973,10.710000038146973,1.948477501207272,-1.1992630314666797,-0.1300001144409179,-0.13000011444091797
2017-07-19,10.710000038146973,11.65999984741211,10.710000038146973,11.640000343322754,11.640000343322754,3.065356412937066,8.68347620787393,0.9300003051757812,0.9300003051757812
2017-07-20,11.649999618530272,11.710000038146973,10.789999961853027,11.079999923706056,11.079999923706056,2.258588776484138,-4.811000026627488,-0.5600004196166974,-0.5600004196166974
2017-07-21,11.130000114440918,11.130000114440918,10.770000457763672,10.9399995803833,10.9399995803833,1.708519933448051,-1.2635410134184233,-0.1400003433227556,-0.14000034332275568
2017-07-24,10.970000267028809,10.970000267028809,10.25,10.380000114440918,10.380000114440918,2.299246038795501,-5.118825296360408,-0.5599994659423828,-0.5599994659423828
2017-07-25,10.510000228881836,10.8100004196167,10.329999923706056,10.630000114440918,10.630000114440918,2.143791800546172,2.408477815450061,0.25,0.25
2017-07-28,7.800000190734863,8.09000015258789,7.539999961853027,7.610000133514404,7.610000133514404,4.933198875594388,-28.41015943945123,-3.0199999809265137,-3.0199999809265137
2017-07-31,7.599999904632568,7.630000114440918,6.929999828338623,7.079999923706055,7.079999923706055,5.358904328031013,-6.964523002755696,-0.5300002098083496,-0.5300002098083496
2017-08-01,7.070000171661377,7.21999979019165,6.800000190734863,6.889999866485596,6.889999866485596,5.020891009991446,-2.683616656326216,-0.1900000572204589,-0.19000005722045898
2017-08-07,7.0,7.050000190734863,6.619999885559082,6.690000057220459,6.690000057220459,4.243619818744801,-2.9027549077029424,-0.1999998092651367,-0.19999980926513672
2017-08-08,6.639999866485596,6.800000190734863,6.289999961853027,6.420000076293945,6.420000076293945,4.7107797347145794,-4.035874119838089,-0.2699999809265136,-0.26999998092651367
2017-08-10,6.639999866485596,6.639999866485596,6.239999771118164,6.309999942779541,6.309999942779541,4.987408558676206,-1.7133976979312404,-0.1100001335144043,-0.1100001335144043
2017-08-11,6.269999980926514,6.440000057220459,6.099999904632568,6.289999961853027,6.289999961853027,3.728627829467536,-0.3169569113768311,-0.0199999809265136,-0.019999980926513672
2017-08-14,6.349999904632568,6.769999980926514,6.21999979019165,6.659999847412109,6.659999847412109,4.823185106987171,5.882351157440713,0.369999885559082,0.36999988555908203
2017-08-15,6.650000095367432,6.650000095367432,6.269999980926514,6.380000114440918,6.380000114440918,2.631678948282528,-4.204200291085469,-0.2799997329711914,-0.2799997329711914
2017-08-16,6.440000057220459,6.579999923706055,6.309999942779541,6.409999847412109,6.409999847412109,4.120053629367129,0.4702152418976979,0.0299997329711914,0.029999732971191406
2017-08-17,6.349999904632568,6.489999771118164,6.059999942779541,6.239999771118164,6.239999771118164,2.8341680586175517,-2.6521073376090443,-0.1700000762939453,-0.1700000762939453
2017-08-18,6.170000076293945,6.389999866485596,6.0,6.300000190734863,6.300000190734863,2.789524790197231,0.9615452214343234,0.0600004196166992,0.06000041961669922
2017-08-21,6.300000190734863,6.329999923706055,6.179999828338623,6.21999979019165,6.21999979019165,2.268952392367426,-1.2698475892249372,-0.0800004005432128,-0.08000040054321289
2017-08-23,6.239999771118164,6.449999809265137,6.059999942779541,6.360000133514404,6.360000133514404,3.94227775690764,2.250809454101921,0.1400003433227539,0.1400003433227539
2017-08-24,6.440000057220459,6.46999979019165,6.28000020980835,6.320000171661377,6.320000171661377,2.673133411815682,-0.6289302046118661,-0.0399999618530273,-0.039999961853027344
2017-08-28,6.0,6.28000020980835,5.949999809265137,6.230000019073486,6.230000019073486,2.7919163938626053,-1.4240530085971814,-0.0900001525878906,-0.09000015258789062
2017-08-29,6.110000133514404,6.170000076293945,5.869999885559082,6.059999942779541,6.059999942779541,2.558336435877716,-2.7287331584828323,-0.1700000762939453,-0.1700000762939453
2017-08-30,6.03000020980835,6.25,5.960000038146973,6.099999904632568,6.099999904632568,1.9668131293084747,0.6600653833452208,0.0399999618530273,0.039999961853027344
2017-08-31,6.170000076293945,6.269999980926514,6.059999942779541,6.099999904632568,6.099999904632568,2.363819337760607,0.0,0.0,0.0
2017-09-01,6.119999885559082,6.199999809265137,6.0,6.139999866485596,6.139999866485596,1.8368693301564716,0.655737089809616,0.0399999618530273,0.039999961853027344
2017-09-05,6.130000114440918,6.289999961853027,5.929999828338623,6.059999942779541,6.059999942779541,2.1134981541180977,-1.302930381851053,-0.0799999237060546,-0.07999992370605469
2017-09-06,6.110000133514404,6.199999809265137,5.96999979019165,6.090000152587891,6.090000152587891,1.7778764397439055,0.4950529718089402,0.0300002098083496,0.03000020980834961
2017-09-07,6.079999923706055,6.269999980926514,6.03000020980835,6.110000133514404,6.110000133514404,2.5184763747881447,0.3284069035370152,0.0199999809265136,0.019999980926513672
2017-09-08,6.079999923706055,6.159999847412109,5.960000038146973,6.099999904632568,6.099999904632568,2.3072180510134155,-0.1636698635566813,-0.0100002288818359,-0.010000228881835938
2017-09-11,6.119999885559082,6.550000190734863,6.110000133514404,6.420000076293945,6.420000076293945,2.6109517165159506,5.245904535479684,0.3200001716613769,0.32000017166137695
2017-09-12,6.460000038146973,6.699999809265137,6.289999961853027,6.429999828338623,6.429999828338623,2.948167833333726,0.1557593757919528,0.0099997520446777,0.009999752044677734
2017-09-13,6.429999828338623,6.75,6.429999828338623,6.710000038146973,6.710000038146973,2.53282599678039,4.354591248577,0.2800002098083496,0.2800002098083496
2017-09-14,6.730000019073486,6.940000057220459,6.559999942779541,6.860000133514404,6.860000133514404,1.9444914950983143,2.235470857148547,0.1500000953674316,0.15000009536743164
2017-09-15,6.860000133514404,7.0,6.78000020980835,6.989999771118164,6.989999771118164,2.902727363691614,1.8950384121517505,0.1299996376037597,0.12999963760375977
2017-09-18,6.96999979019165,7.449999809265137,6.940000057220459,7.039999961853027,7.039999961853027,2.8293848512868025,0.715310334364494,0.0500001907348632,0.05000019073486328
2017-09-19,7.039999961853027,7.380000114440918,6.989999771118164,7.260000228881836,7.260000228881836,1.7467855920940398,3.1250038099560173,0.2200002670288086,0.2200002670288086
2017-09-20,7.239999771118164,7.610000133514404,7.170000076293945,7.5,7.5,1.7412051835414997,3.3057818671050843,0.239999771118164,0.23999977111816406
2017-09-21,7.480000019073486,7.630000114440918,7.400000095367432,7.489999771118164,7.489999771118164,0.7542700709637084,-0.1333363850911428,-0.0100002288818359,-0.010000228881835938
2017-09-22,7.489999771118164,7.739999771118164,7.449999809265137,7.659999847412109,7.659999847412109,1.3410101702022017,2.269694011867318,0.1700000762939453,0.1700000762939453
2017-09-25,7.679999828338623,7.849999904632568,7.420000076293945,7.650000095367432,7.650000095367432,1.6431494332611538,-0.1305450684578768,-0.0099997520446777,-0.009999752044677734
2017-09-26,7.579999923706055,7.78000020980835,7.559999942779541,7.710000038146973,7.710000038146973,0.8658782420145087,0.7843129677328253,0.059999942779541,0.059999942779541016
2017-09-27,7.800000190734863,8.40999984741211,7.78000020980835,8.329999923706055,8.329999923706055,2.663566997154185,8.041503015453856,0.619999885559082,0.619999885559082
2017-09-29,7.480000019073486,7.960000038146973,7.429999828338623,7.940000057220459,7.940000057220459,2.0744352942503177,-4.681871189166631,-0.3899998664855957,-0.3899998664855957
2017-10-02,7.829999923706055,8.329999923706055,7.829999923706055,8.199999809265137,8.199999809265137,2.9649090589913456,3.2745560474932267,0.2599997520446777,0.25999975204467773
2017-10-03,8.220000267028809,8.34000015258789,8.109999656677246,8.239999771118164,8.239999771118164,1.4151498838288046,0.4878044241882984,0.0399999618530273,0.039999961853027344
2017-10-04,8.199999809265137,8.390000343322754,7.75,7.789999961853027,7.789999961853027,2.686685832586136,-5.461162885494497,-0.4499998092651367,-0.4499998092651367
2017-10-05,7.860000133514404,8.079999923706055,7.769999980926514,7.920000076293945,7.920000076293945,1.8352749277128888,1.668807638992531,0.1300001144409179,0.13000011444091797
2017-10-06,7.860000133514404,7.920000076293945,7.730000019073486,7.760000228881836,7.760000228881836,1.41833868871597,-2.020200074126499,-0.1599998474121093,-0.15999984741210938
2017-10-09,7.789999961853027,7.96999979019165,7.699999809265137,7.789999961853027,7.789999961853027,0.5972214302707965,0.3865944856487946,0.0299997329711914,0.029999732971191406
2017-10-10,7.889999866485596,7.940000057220459,7.550000190734863,7.650000095367432,7.650000095367432,1.169611907517044,-1.7971741613756476,-0.1399998664855957,-0.1399998664855957
2017-10-11,7.630000114440918,7.699999809265137,7.349999904632568,7.369999885559082,7.369999885559082,2.1334281846628835,-3.660133415918621,-0.2800002098083496,-0.2800002098083496
2017-10-12,7.329999923706055,7.409999847412109,7.099999904632568,7.119999885559082,7.119999885559082,1.541904878093642,-3.3921303104746947,-0.25,-0.25
2017-10-13,7.210000038146973,7.460000038146973,7.159999847412109,7.340000152587891,7.340000152587891,1.0747449621238636,3.0898914405183886,0.2200002670288086,0.2200002670288086
2017-10-16,7.389999866485596,7.630000114440918,7.360000133514404,7.539999961853027,7.539999961853027,0.5621445765119736,2.7247929851148767,0.1999998092651367,0.19999980926513672
2017-10-17,7.550000190734863,7.840000152587891,7.539999961853027,7.650000095367432,7.650000095367432,1.282814481011427,1.4588877197735606,0.1100001335144043,0.1100001335144043
2017-10-18,7.690000057220459,7.829999923706055,7.570000171661377,7.769999980926514,7.769999980926514,0.7215848208702597,1.5686259354656729,0.119999885559082,0.11999988555908203
2017-10-19,7.670000076293945,7.710000038146973,7.420000076293945,7.650000095367432,7.650000095367432,1.4055834691673073,-1.5444000753365938,-0.119999885559082,-0.11999988555908203
2017-10-20,7.75,7.829999923706055,7.699999809265137,7.730000019073486,7.730000019073486,1.0229268827074205,1.045750623643782,0.0799999237060546,0.07999992370605469
2017-10-23,7.760000228881836,8.0600004196167,7.570000171661377,7.75,7.75,0.973500406956352,0.2587319647757269,0.0199999809265136,0.019999980926513672
2017-10-24,7.789999961853027,7.880000114440918,7.659999847412109,7.71999979019165,7.71999979019165,1.0261156875945865,-0.3870994813980566,-0.0300002098083496,-0.03000020980834961
2017-10-25,7.71999979019165,7.900000095367432,7.539999961853027,7.71999979019165,7.71999979019165,0.6976687842165168,0.0,0.0,0.0
2017-10-26,7.809999942779541,7.809999942779541,7.579999923706055,7.650000095367432,7.650000095367432,1.8528133545923,-0.9067318228836552,-0.0699996948242187,-0.06999969482421875
2017-10-27,7.619999885559082,7.650000095367432,7.360000133514404,7.429999828338623,7.429999828338623,1.592128555066502,-2.875820448185784,-0.2200002670288086,-0.2200002670288086
2017-10-30,7.380000114440918,7.599999904632568,7.019999980926514,7.090000152587891,7.090000152587891,2.1334281846628835,-4.576038810309879,-0.3399996757507324,-0.3399996757507324
2017-10-31,7.090000152587891,7.670000076293945,6.679999828338623,7.550000190734863,7.550000190734863,3.280600742820752,6.488011681904826,0.4600000381469726,0.46000003814697266
2017-11-01,7.590000152587891,7.849999904632568,7.28000020980835,7.539999961853027,7.539999961853027,1.5570517013076792,-0.132453359327167,-0.0100002288818359,-0.010000228881835938
2017-11-02,7.539999961853027,7.980000019073486,7.539999961853027,7.909999847412109,7.909999847412109,1.8687573790281289,4.907160310756176,0.369999885559082,0.36999988555908203
2017-11-03,7.920000076293945,8.010000228881836,7.380000114440918,7.760000228881836,7.760000228881836,1.7276527627710454,-1.8963289686958484,-0.1499996185302734,-0.14999961853027344
2017-11-06,7.78000020980835,7.889999866485596,7.630000114440918,7.820000171661377,7.820000171661377,0.4489420030175903,0.7731951161061623,0.059999942779541,0.059999942779541016
2017-11-07,7.869999885559082,8.380000114440918,7.860000133514404,8.1899995803833,8.1899995803833,2.7034270582437565,4.7314501355479655,0.3699994087219238,0.36999940872192383
2017-11-08,8.170000076293945,8.199999809265137,7.840000152587891,8.050000190734863,8.050000190734863,1.6710514760238535,-1.7093943445829265,-0.1399993896484375,-0.1399993896484375
2017-11-09,7.880000114440918,8.170000076293945,7.599999904632568,8.050000190734863,8.050000190734863,1.4111638777198474,0.0,0.0,0.0
2017-11-10,8.0,8.199999809265137,7.949999809265137,7.96999979019165,7.96999979019165,0.8068853516019429,-0.9937937720211344,-0.0800004005432128,-0.08000040054321289
2017-11-13,7.900000095367432,8.109999656677246,7.800000190734863,8.029999732971191,8.029999732971191,1.676631884576394,0.752822388444474,0.059999942779541,0.059999942779541016
2017-11-14,7.880000114440918,8.109999656677246,7.75,7.829999923706055,7.829999923706055,1.0340876998125006,-2.490657732452184,-0.1999998092651367,-0.19999980926513672
2017-11-15,7.679999828338623,7.739999771118164,7.510000228881836,7.519999980926514,7.519999980926514,1.069961754793115,-3.959130853130499,-0.309999942779541,-0.309999942779541
2017-11-16,7.579999923706055,8.039999961853027,7.579999923706055,7.760000228881836,7.760000228881836,1.882309799798583,3.1914926670751464,0.2400002479553222,0.24000024795532227
2017-11-17,7.679999828338623,8.149999618530273,7.599999904632568,8.029999732971191,8.029999732971191,1.676631884576394,3.4793749500734217,0.2699995040893554,0.26999950408935547
2017-11-20,8.0600004196167,8.479999542236328,8.0600004196167,8.270000457763672,8.270000457763672,1.6574990552533997,2.988801155335508,0.2400007247924804,0.24000072479248047
2017-11-21,8.350000381469727,8.6899995803833,8.300000190734863,8.5600004196167,8.5600004196167,1.9349250804368172,3.506649888764901,0.2899999618530273,0.28999996185302734
2017-11-22,8.65999984741211,9.0600004196167,8.5600004196167,8.729999542236328,8.729999542236328,1.697359116342971,1.9859709612869425,0.1699991226196289,0.1699991226196289
2017-11-24,8.789999961853027,8.789999961853027,8.420000076293945,8.510000228881836,8.510000228881836,0.3492918502936615,-2.5200380857996696,-0.2199993133544922,-0.2199993133544922
2017-11-27,8.460000038146973,8.800000190734863,8.460000038146973,8.59000015258789,8.59000015258789,0.7191932172048854,0.9400695834830276,0.0799999237060546,0.07999992370605469
2017-11-28,8.569999694824219,9.0600004196167,8.569999694824219,9.029999732971191,9.029999732971191,1.655107451588025,5.122230181226972,0.4399995803833008,0.4399995803833008
2017-11-29,8.9399995803833,9.25,8.819999694824219,8.9399995803833,8.9399995803833,0.8929830835554173,-0.9966794601252716,-0.0900001525878906,-0.09000015258789062
2017-11-30,9.029999732971191,9.399999618530272,8.960000038146973,9.010000228881836,9.010000228881836,1.686198299237891,0.7830050535140298,0.0700006484985351,0.07000064849853516
2017-12-01,9.029999732971191,9.15999984741211,8.6899995803833,9.050000190734863,9.050000190734863,1.1401154623107608,0.4439507307092638,0.0399999618530273,0.039999961853027344
2017-12-04,9.119999885559082,9.5,8.779999732971191,8.84000015258789,8.84000015258789,1.282814481011427,-2.3204423615588943,-0.2100000381469726,-0.21000003814697266
2017-12-05,8.850000381469727,9.0,8.75,8.829999923706055,8.829999923706055,0.8881998762246688,-0.1131247591540818,-0.0100002288818359,-0.010000228881835938
2017-12-06,8.75,8.84000015258789,8.569999694824219,8.600000381469727,8.600000381469727,0.8961718884425831,-2.604751350210599,-0.2299995422363281,-0.22999954223632812
2017-12-07,8.600000381469727,8.9399995803833,8.520000457763672,8.59000015258789,8.59000015258789,0.7247736257574254,-0.1162817260262349,-0.0100002288818359,-0.010000228881835938
2017-12-08,8.699999809265137,9.15999984741211,8.59000015258789,8.710000038146973,8.710000038146973,1.5020448170040706,1.396971867607366,0.119999885559082,0.11999988555908203
2017-12-11,8.739999771118164,8.819999694824219,8.479999542236328,8.640000343322754,8.640000343322754,1.4063806703890989,-0.8036704307421649,-0.0699996948242187,-0.06999969482421875
2017-12-12,8.6899995803833,8.90999984741211,8.260000228881836,8.3100004196167,8.3100004196167,1.8870930071293317,-3.8194434096416208,-0.3299999237060547,-0.3299999237060547
2017-12-13,8.319999694824219,8.510000228881836,8.1899995803833,8.260000228881836,8.260000228881836,1.6686598723584796,-0.6016869820708037,-0.0500001907348632,-0.05000019073486328
2017-12-14,8.260000228881836,8.430000305175781,8.050000190734863,8.119999885559082,8.119999885559082,0.8937802847772087,-1.6949193637214477,-0.1400003433227539,-0.1400003433227539
2017-12-15,8.15999984741211,8.25,8.0600004196167,8.119999885559082,8.119999885559082,3.0956500593651404,0.0,0.0,0.0
2017-12-18,8.270000457763672,8.449999809265137,8.1899995803833,8.390000343322754,8.390000343322754,0.9057383031040802,3.3251288370564014,0.2700004577636719,0.2700004577636719
2017-12-19,8.420000076293945,8.630000114440918,8.380000114440918,8.460000038146973,8.460000038146973,0.9392207544193204,0.8343229077449221,0.0699996948242187,0.06999969482421875
2017-12-20,8.529999732971191,8.65999984741211,8.399999618530273,8.640000343322754,8.640000343322754,0.4337951798035532,2.1276631721529826,0.1800003051757812,0.18000030517578125
2017-12-21,8.670000076293945,9.109999656677246,8.670000076293945,9.020000457763672,9.020000457763672,0.8339901931428515,4.398149297929055,0.3800001144409179,0.38000011444091797
2017-12-22,8.90999984741211,9.079999923706056,8.789999961853027,9.06999969482422,9.06999969482422,0.377991094278153,0.5543152386152439,0.0499992370605486,0.04999923706054865
2017-12-26,9.06999969482422,9.229999542236328,8.850000381469727,9.210000038146973,9.210000038146973,0.8021021442711942,1.5435540025722672,0.1400003433227521,0.14000034332275213
2017-12-27,9.210000038146973,9.43000030517578,9.199999809265137,9.31999969482422,9.31999969482422,0.5948298266054222,1.1943502304195386,0.1099996566772478,0.10999965667724787
2017-12-28,9.359999656677246,9.399999618530272,8.880000114440918,8.90999984741211,8.90999984741211,0.8387734004736,-4.399140137738423,-0.4099998474121111,-0.40999984741211115
2017-12-29,8.989999771118164,9.039999961853027,8.720000267028809,8.760000228881836,8.760000228881836,1.281220078567844,-1.6834974309661854,-0.1499996185302734,-0.14999961853027344
2018-01-02,8.859999656677246,9.359999656677246,8.8100004196167,9.350000381469728,9.350000381469728,0.9742976081781431,6.735161383245791,0.5900001525878924,0.5900001525878924
2018-01-03,9.359999656677246,9.4399995803833,8.920000076293945,8.949999809265137,8.949999809265137,1.6702542748020623,-4.278080811604368,-0.4000005722045916,-0.4000005722045916
2018-01-04,9.06999969482422,9.329999923706056,8.960000038146973,9.270000457763672,9.270000457763672,0.8985634921079574,3.575426316403574,0.3200006484985351,0.32000064849853516
2018-01-05,9.289999961853027,9.350000381469728,9.199999809265137,9.3100004196167,9.3100004196167,0.4856132592199962,0.4314990278077912,0.0399999618530273,0.039999961853027344
2018-01-08,9.300000190734863,9.34000015258789,9.109999656677246,9.3100004196167,9.3100004196167,0.0925930568768208,0.0,0.0,0.0
2018-01-09,9.359999656677246,9.449999809265137,9.210000038146973,9.220000267028809,9.220000267028809,0.0654882153359121,-0.9667040658586368,-0.0900001525878906,-0.09000015258789062
2018-01-10,9.199999809265137,9.399999618530272,9.09000015258789,9.399999618530272,9.399999618530272,0.3405226368539558,1.952270567118641,0.179999351501463,0.17999935150146307
2018-01-11,9.43000030517578,10.050000190734863,9.399999618530272,9.75,9.75,2.358238929208067,3.723408464610678,0.3500003814697283,0.35000038146972834
2018-01-12,9.75,9.93000030517578,9.539999961853027,9.760000228881836,9.760000228881836,0.5621445765119736,0.1025664500701184,0.0100002288818359,0.010000228881835938
2018-01-16,9.75,9.8100004196167,9.15999984741211,9.31999969482422,9.31999969482422,1.0572065352444522,-4.508202087491386,-0.4400005340576154,-0.4400005340576154
2018-01-17,9.399999618530272,9.470000267028809,9.050000190734863,9.329999923706056,9.329999923706056,0.4465503993522161,0.107298596666161,0.0100002288818359,0.010000228881835938
2018-01-18,9.289999961853027,9.43000030517578,9.020000457763672,9.06999969482422,9.06999969482422,0.435389582247136,-2.7867120150903424,-0.2600002288818359,-0.26000022888183594
2018-01-19,9.039999961853027,9.239999771118164,8.960000038146973,9.0600004196167,9.0600004196167,0.7311512355317569,-0.1102455958540749,-0.0099992752075213,-0.009999275207521308
2018-01-22,9.050000190734863,9.279999732971191,9.010000228881836,9.09000015258789,9.09000015258789,0.3636414722859072,0.3311228651406761,0.0299997329711914,0.029999732971191406
2018-01-23,9.109999656677246,9.170000076293944,8.829999923706055,9.050000190734863,9.050000190734863,0.2807325452195984,-0.4400435773550537,-0.0399999618530273,-0.039999961853027344
2018-01-24,9.130000114440918,9.260000228881836,8.949999809265137,9.0600004196167,9.0600004196167,1.421527493603136,0.1104997643212701,0.0100002288818359,0.010000228881835938
2018-01-25,9.0600004196167,9.119999885559082,8.779999732971191,8.9399995803833,8.9399995803833,0.9647311935166462,-1.3245125129748625,-0.1200008392333984,-0.12000083923339844
2018-01-26,8.960000038146973,8.960000038146973,8.65999984741211,8.8100004196167,8.8100004196167,0.2297116670249469,-1.454129383315117,-0.1299991607666015,-0.12999916076660156
2018-01-29,8.75,8.850000381469727,8.609999656677246,8.640000343322754,8.640000343322754,0.1778935876085039,-1.9296261997379327,-0.1700000762939453,-0.1700000762939453
2018-01-30,8.550000190734863,8.6899995803833,8.329999923706055,8.630000114440918,8.630000114440918,0.6625919304576938,-0.1157433852368328,-0.0100002288818359,-0.010000228881835938
2018-01-31,8.649999618530273,8.649999618530273,8.270000457763672,8.489999771118164,8.489999771118164,1.2110663710501983,-1.622251928925078,-0.1400003433227539,-0.1400003433227539
2018-02-01,8.470000267028809,8.470000267028809,8.130000114440918,8.270000457763672,8.270000457763672,0.9376263519757374,-2.5912758455294727,-0.2199993133544922,-0.2199993133544922
2018-02-02,8.180000305175781,8.1899995803833,7.800000190734863,7.800000190734863,7.800000190734863,0.8674726444580916,-5.683195175492206,-0.4700002670288086,-0.4700002670288086
2018-02-05,7.670000076293945,8.0,7.440000057220459,7.460000038146973,7.460000038146973,1.1472902733068835,-4.358976208638499,-0.3400001525878906,-0.3400001525878906
2018-02-06,7.260000228881836,7.619999885559082,7.119999885559082,7.360000133514404,7.360000133514404,2.277721605807133,-1.340481288488138,-0.0999999046325683,-0.09999990463256836
2018-02-07,7.349999904632568,7.579999923706055,7.320000171661377,7.46999979019165,7.46999979019165,1.621625000272785,1.494560525567823,0.1099996566772461,0.1099996566772461
2018-02-08,7.480000019073486,7.480000019073486,7.239999771118164,7.309999942779541,7.309999942779541,0.7829693149481999,-2.141898954564825,-0.1599998474121093,-0.15999984741210938
2018-02-09,7.400000095367432,7.400000095367432,6.900000095367432,7.059999942779541,7.059999942779541,1.843246939930803,-3.4199726669893904,-0.25,-0.25
2018-02-12,7.090000152587891,7.260000228881836,7.0,7.110000133514404,7.110000133514404,0.355669460067993,0.7082180048173958,0.0500001907348632,0.05000019073486328
2018-02-13,7.079999923706055,7.260000228881836,7.059999942779541,7.21999979019165,7.21999979019165,0.2934877647682614,1.5471118792071523,0.1099996566772461,0.1099996566772461
2018-02-14,7.119999885559082,7.269999980926514,7.010000228881836,7.070000171661377,7.070000171661377,0.6841163634460624,-2.0775571037280005,-0.1499996185302734,-0.14999961853027344
2018-02-15,7.139999866485596,7.400000095367432,6.940000057220459,7.329999923706055,7.329999923706055,0.9168991202091604,3.677507011765458,0.2599997520446777,0.25999975204467773
2018-02-16,7.300000190734863,7.389999866485596,7.050000190734863,7.070000171661377,7.070000171661377,0.5374313386364392,-3.5470635027404107,-0.2599997520446777,-0.25999975204467773
2018-02-20,7.070000171661377,7.429999828338623,7.070000171661377,7.170000076293945,7.170000076293945,0.625920674255288,1.4144257737559451,0.0999999046325683,0.09999990463256836
2018-02-21,7.199999809265137,7.590000152587891,7.199999809265137,7.230000019073486,7.230000019073486,1.0779337670110294,0.8368192767238325,0.059999942779541,0.059999942779541016
2018-02-22,7.25,7.28000020980835,7.159999847412109,7.170000076293945,7.170000076293945,0.291096161102887,-0.8298747250519378,-0.059999942779541,-0.059999942779541016
2018-02-23,7.239999771118164,7.25,7.070000171661377,7.170000076293945,7.170000076293945,0.3086345879822985,0.0,0.0,0.0
2018-02-26,7.25,7.25,6.980000019073486,7.139999866485596,7.139999866485596,0.3221870087527528,-0.4184129635861344,-0.0300002098083496,-0.03000020980834961
2018-02-27,7.619999885559082,8.470000267028809,7.239999771118164,7.949999809265137,7.949999809265137,3.492656267817273,11.3445372258562,0.809999942779541,0.809999942779541
2018-02-28,7.909999847412109,8.050000190734863,7.460000038146973,7.46999979019165,7.46999979019165,1.4892895974554077,-6.03773623383087,-0.4800000190734863,-0.48000001907348633
2018-03-01,7.420000076293945,7.440000057220459,6.960000038146973,7.269999980926514,7.269999980926514,1.7834568482964457,-2.677373693206031,-0.1999998092651367,-0.19999980926513672
2018-03-02,7.21999979019165,7.480000019073486,7.050000190734863,7.460000038146973,7.460000038146973,1.2046887612758668,2.6134808489537864,0.1900000572204589,0.19000005722045898
2018-03-05,7.460000038146973,7.639999866485596,7.260000228881836,7.630000114440918,7.630000114440918,0.9527731751897748,2.278821386389329,0.1700000762939453,0.1700000762939453
2018-03-06,7.679999828338623,8.0,7.559999942779541,7.829999923706055,7.829999923706055,1.1305490476492637,2.621229439913209,0.1999998092651367,0.19999980926513672
2018-03-07,7.75,7.909999847412109,7.360000133514404,7.409999847412109,7.409999847412109,1.1177938281006008,-5.363985700974993,-0.4200000762939453,-0.4200000762939453
2018-03-08,7.440000057220459,7.46999979019165,7.090000152587891,7.340000152587891,7.340000152587891,1.0372765046996664,-0.9446652667430944,-0.0699996948242187,-0.06999969482421875
2018-03-09,7.380000114440918,7.599999904632568,7.210000038146973,7.599999904632568,7.599999904632568,0.6920883756639767,3.542230880649355,0.2599997520446777,0.25999975204467773
2018-03-12,7.590000152587891,7.730000019073486,7.289999961853027,7.369999885559082,7.369999885559082,0.5119208995391135,-3.0263160784158694,-0.2300000190734863,-0.23000001907348633
2018-03-13,7.420000076293945,7.539999961853027,7.159999847412109,7.179999828338623,7.179999828338623,0.0742574287756178,-2.578019812357779,-0.1900000572204589,-0.19000005722045898
2018-03-14,7.260000228881836,7.300000190734863,7.010000228881836,7.130000114440918,7.130000114440918,0.3891519113832331,-0.6963748620210541,-0.049999713897705,-0.04999971389770508
2018-03-15,7.130000114440918,7.150000095367432,6.860000133514404,6.96999979019165,6.96999979019165,0.7255708269792168,-2.244043782344507,-0.1600003242492675,-0.16000032424926758
2018-03-16,6.960000038146973,7.139999866485596,6.809999942779541,7.110000133514404,7.110000133514404,1.985945958631469,2.008613307560858,0.1400003433227539,0.1400003433227539
2018-03-19,7.050000190734863,7.050000190734863,6.670000076293945,6.900000095367432,6.900000095367432,0.7877525222789484,-2.953586978952305,-0.2100000381469726,-0.21000003814697266
2018-03-20,6.929999828338623,6.949999809265137,6.679999828338623,6.75,6.75,0.3413198380757472,-2.173914395568488,-0.1500000953674316,-0.15000009536743164
2018-03-21,6.730000019073486,6.820000171661377,6.639999866485596,6.639999866485596,6.639999866485596,1.3186885359920413,-1.6296316076208073,-0.1100001335144043,-0.1100001335144043
2018-03-22,6.579999923706055,6.639999866485596,6.340000152587891,6.360000133514404,6.360000133514404,0.7957245344968628,-4.2168635331522815,-0.2799997329711914,-0.2799997329711914
2018-03-23,6.380000114440918,6.429999828338623,6.019999980926514,6.03000020980835,6.03000020980835,1.234982407703941,-5.188677936767649,-0.3299999237060547,-0.3299999237060547
2018-03-26,6.139999866485596,6.349999904632568,5.989999771118164,6.329999923706055,6.329999923706055,0.7853609186135742,4.975119460356359,0.2999997138977051,0.2999997138977051
2018-03-27,6.349999904632568,6.460000038146973,6.050000190734863,6.099999904632568,6.099999904632568,0.7805777112828256,-3.633491656328913,-0.2300000190734863,-0.23000001907348633
2018-03-28,6.110000133514404,6.210000038146973,6.019999980926514,6.110000133514404,6.110000133514404,0.8013049430494028,0.163938180953771,0.0100002288818359,0.010000228881835938
2018-03-29,6.170000076293945,6.320000171661377,6.110000133514404,6.130000114440918,6.130000114440918,0.7383260465278798,0.3273319229047278,0.0199999809265136,0.019999980926513672
2018-04-02,6.130000114440918,6.130000114440918,5.650000095367432,5.679999828338623,5.679999828338623,1.393625450840436,-7.340950696594517,-0.4500002861022949,-0.4500002861022949
2018-04-03,5.75,5.820000171661377,5.360000133514404,5.510000228881836,5.510000228881836,2.256197172818764,-2.992950785114923,-0.1699995994567871,-0.1699995994567871
2018-04-04,5.429999828338623,5.730000019073486,5.380000114440918,5.679999828338623,5.679999828338623,0.8427594065825572,3.0852920579875542,0.1699995994567871,0.1699995994567871
2018-04-05,5.860000133514404,6.139999866485596,5.849999904632568,6.110000133514404,6.110000133514404,1.7228695554402969,7.5704281368183635,0.4300003051757812,0.43000030517578125
2018-04-06,6.03000020980835,6.179999828338623,5.820000171661377,5.920000076293945,5.920000076293945,0.620340265702748,-3.109657169699165,-0.1900000572204589,-0.19000005722045898
2018-04-09,5.960000038146973,5.96999979019165,5.739999771118164,5.860000133514404,5.860000133514404,0.5900466192746736,-1.0135125338900708,-0.059999942779541,-0.059999942779541016
2018-04-10,5.96999979019165,6.289999961853027,5.900000095367432,6.03000020980835,6.03000020980835,1.3330381579842872,2.901025126632395,0.1700000762939453,0.1700000762939453
2018-04-11,5.989999771118164,6.119999885559082,5.920000076293945,6.070000171661377,6.070000171661377,0.8754446566760059,0.6633492613808523,0.0399999618530273,0.039999961853027344
2018-04-12,6.099999904632568,6.21999979019165,5.920000076293945,6.139999866485596,6.139999866485596,0.7247736257574254,1.1532074603724407,0.0699996948242187,0.06999969482421875
2018-04-13,6.190000057220459,6.309999942779541,6.010000228881836,6.159999847412109,6.159999847412109,0.7734029002867027,0.3257325954627577,0.0199999809265136,0.019999980926513672
2018-04-16,6.230000019073486,6.329999923706055,6.059999942779541,6.239999771118164,6.239999771118164,0.5430117471889792,1.298700092333016,0.0799999237060546,0.07999992370605469
2018-04-17,6.309999942779541,6.510000228881836,6.239999771118164,6.480000019073486,6.480000019073486,0.8044937479365685,3.846157960873065,0.2400002479553222,0.24000024795532227
2018-04-18,6.510000228881836,6.869999885559082,6.409999847412109,6.420000076293945,6.420000076293945,1.6152473904984537,-0.9259250401687512,-0.059999942779541,-0.059999942779541016
2018-04-19,6.429999828338623,6.539999961853027,6.349999904632568,6.420000076293945,6.420000076293945,0.1404251301843066,0.0,0.0,0.0
2018-04-20,6.400000095367432,6.489999771118164,6.010000228881836,6.039999961853027,6.039999961853027,1.132940651314638,-5.91900482749339,-0.3800001144409179,-0.38000011444091797
2018-04-23,6.070000171661377,6.090000152587891,5.829999923706055,5.880000114440918,5.880000114440918,0.32059260630917,-2.649004112957354,-0.1599998474121093,-0.15999984741210938
2018-04-24,5.929999828338623,5.929999828338623,5.579999923706055,5.599999904632568,5.599999904632568,1.621625000272785,-4.761908237394186,-0.2800002098083496,-0.2800002098083496
2018-04-25,5.599999904632568,5.75,5.510000228881836,5.610000133514404,5.610000133514404,1.4478351339222533,0.1785755187881932,0.0100002288818359,0.010000228881835938
2018-04-26,5.5,6.059999942779541,5.5,5.809999942779541,5.809999942779541,2.575077661535336,3.565058903837248,0.1999998092651367,0.19999980926513672
2018-04-27,5.820000171661377,5.849999904632568,5.630000114440918,5.760000228881836,5.760000228881836,0.8395706016953914,-0.8605802821021191,-0.049999713897705,-0.04999971389770508
2018-04-30,5.769999980926514,5.800000190734863,5.519999980926514,5.53000020980835,5.53000020980835,1.1512762794158409,-3.993055728022688,-0.2300000190734863,-0.23000001907348633
2018-05-01,5.53000020980835,5.53000020980835,5.360000133514404,5.460000038146973,5.460000038146973,0.9655283947384375,-1.2658258409686929,-0.0700001716613769,-0.07000017166137695
2018-05-02,5.449999809265137,5.769999980926514,5.449999809265137,5.539999961853027,5.539999961853027,0.9208851263181174,1.4652000576396595,0.0799999237060546,0.07999992370605469
2018-05-03,5.53000020980835,5.639999866485596,5.289999961853027,5.46999979019165,5.46999979019165,0.3413198380757472,-1.263541013418401,-0.0700001716613769,-0.07000017166137695
2018-05-04,5.440000057220459,5.78000020980835,5.340000152587891,5.670000076293945,5.670000076293945,0.3628442710641158,3.6563125004304142,0.2000002861022949,0.20000028610229492
2018-05-07,5.699999809265137,5.880000114440918,5.699999809265137,5.78000020980835,5.78000020980835,0.1954320144879153,1.9400376020153989,0.1100001335144043,0.1100001335144043
2018-05-08,5.75,5.880000114440918,5.730000019073486,5.730000019073486,5.730000019073486,0.7654308880687885,-0.8650551716246624,-0.0500001907348632,-0.05000019073486328
2018-05-09,5.760000228881836,6.010000228881836,5.760000228881836,5.889999866485596,5.889999866485596,0.9918360350575548,2.7923184446687177,0.1599998474121093,0.15999984741210938
2018-05-10,5.920000076293945,6.099999904632568,5.860000133514404,5.909999847412109,5.909999847412109,0.6155570583719994,0.3395582577228051,0.0199999809265136,0.019999980926513672
2018-05-11,5.909999847412109,5.980000019073486,5.869999885559082,5.880000114440918,5.880000114440918,-0.0756164009211711,-0.5076097080497832,-0.0299997329711914,-0.029999732971191406
2018-05-14,5.889999866485596,5.920000076293945,5.619999885559082,5.619999885559082,5.619999885559082,0.32059260630917,-4.421772513971412,-0.2600002288818359,-0.26000022888183594
2018-05-15,5.570000171661377,5.599999904632568,5.349999904632568,5.420000076293945,5.420000076293945,0.8523258212440543,-3.5587155398178583,-0.1999998092651367,-0.19999980926513672
2018-05-16,5.440000057220459,5.630000114440918,5.349999904632568,5.570000171661377,5.570000171661377,0.8284097845903114,2.767529395866686,0.1500000953674316,0.15000009536743164
2018-05-17,5.550000190734863,5.670000076293945,5.389999866485596,5.409999847412109,5.409999847412109,0.3341450270796243,-2.8725371511352016,-0.1600003242492675,-0.16000032424926758
2018-05-18,5.449999809265137,5.5,5.369999885559082,5.5,5.5,0.5039488873211991,1.663588819340589,0.0900001525878906,0.09000015258789062
2018-05-21,5.550000190734863,5.590000152587891,5.460000038146973,5.550000190734863,5.550000190734863,0.0184533432502177,0.9090943769975102,0.0500001907348632,0.05000019073486328
2018-05-22,5.570000171661377,5.699999809265137,5.5,5.559999942779541,5.559999942779541,0.2209424535852411,0.1801757063246922,0.0099997520446777,0.009999752044677734
2018-05-23,5.510000228881836,5.53000020980835,5.28000020980835,5.369999885559082,5.369999885559082,0.6490395096872396,-3.4172672513639424,-0.1900000572204589,-0.19000005722045898
2018-05-24,5.340000152587891,5.420000076293945,5.230000019073486,5.28000020980835,5.28000020980835,0.3197954050873786,-1.6759716511867695,-0.0899996757507324,-0.08999967575073242
2018-05-25,5.25,5.28000020980835,5.119999885559082,5.190000057220459,5.190000057220459,0.4290119724728046,-1.704548276734963,-0.0900001525878906,-0.09000015258789062
2018-05-29,5.119999885559082,5.179999828338623,4.949999809265137,5.079999923706055,5.079999923706055,1.214255175937364,-2.119463050127901,-0.1100001335144043,-0.1100001335144043
2018-05-30,5.110000133514404,5.239999771118164,5.059999942779541,5.150000095367432,5.150000095367432,0.7008575891036825,1.3779561557613065,0.0700001716613769,0.07000017166137695
2018-05-31,5.139999866485596,5.199999809265137,5.050000190734863,5.070000171661377,5.070000171661377,1.0261156875945865,-1.5533965480508782,-0.0799999237060546,-0.07999992370605469
2018-06-01,5.119999885559082,5.139999866485596,4.960000038146973,5.059999942779541,5.059999942779541,0.6673751377884424,-0.1972431665334451,-0.0100002288818359,-0.010000228881835938
2018-06-04,5.070000171661377,5.179999828338623,5.039999961853027,5.050000190734863,5.050000190734863,0.5079348934301563,-0.1976235604300158,-0.0099997520446777,-0.009999752044677734
2018-06-05,5.110000133514404,5.340000152587891,5.090000152587891,5.099999904632568,5.099999904632568,0.944003961750069,0.990093307113904,0.049999713897705,0.04999971389770508
2018-06-06,5.119999885559082,5.199999809265137,5.039999961853027,5.139999866485596,5.139999866485596,0.4656832286752104,0.7843129921766057,0.0399999618530273,0.039999961853027344
2018-06-07,5.159999847412109,5.289999961853027,5.130000114440918,5.199999809265137,5.199999809265137,0.1731103802777553,1.167314092180427,0.059999942779541,0.059999942779541016
2018-06-08,5.199999809265137,5.269999980926514,5.179999828338623,5.199999809265137,5.199999809265137,0.4840188567764133,0.0,0.0,0.0
2018-06-11,5.210000038146973,5.440000057220459,5.210000038146973,5.400000095367432,5.400000095367432,0.7000603878818911,3.846159489197354,0.2000002861022949,0.20000028610229492
2018-06-12,5.369999885559082,5.369999885559082,4.849999904632568,4.860000133514404,4.860000133514404,2.249022361822641,-9.99999911696824,-0.5399999618530273,-0.5399999618530273
2018-06-13,4.909999847412109,5.179999828338623,4.75,5.119999885559082,5.119999885559082,1.517988841439899,5.349788989751825,0.2599997520446777,0.25999975204467773
2018-06-14,5.119999885559082,5.170000076293945,5.059999942779541,5.150000095367432,5.150000095367432,0.3660330759512816,0.5859416109161408,0.0300002098083496,0.03000020980834961
2018-06-15,5.130000114440918,5.159999847412109,5.059999942779541,5.150000095367432,5.150000095367432,1.3194857372138329,0.0,0.0,0.0
2018-06-18,5.110000133514404,5.400000095367432,5.099999904632568,5.360000133514404,5.360000133514404,1.1433042671979263,4.077670568120451,0.2100000381469726,0.21000003814697266
2018-06-19,5.300000190734863,5.409999847412109,5.170000076293945,5.369999885559082,5.369999885559082,0.2049984291494125,0.1865625334998011,0.0099997520446777,0.009999752044677734
2018-06-20,5.420000076293945,5.420000076293945,5.260000228881836,5.369999885559082,5.369999885559082,0.2137676425891183,0.0,0.0,0.0
2018-06-21,5.369999885559082,5.400000095367432,5.239999771118164,5.25,5.25,0.3453058441847044,-2.234634788015244,-0.119999885559082,-0.11999988555908203
2018-06-22,5.28000020980835,5.429999828338623,5.25,5.400000095367432,5.400000095367432,0.9487871690808176,2.857144673665357,0.1500000953674316,0.15000009536743164
2018-06-25,5.380000114440918,5.429999828338623,5.239999771118164,5.389999866485596,5.389999866485596,0.8913886811118344,-0.1851894204671356,-0.0100002288818359,-0.010000228881835938
2018-06-26,5.400000095367432,5.420000076293945,5.230000019073486,5.260000228881836,5.260000228881836,0.7040463939908482,-2.411867176696658,-0.1299996376037597,-0.12999963760375977
2018-06-27,5.25,5.369999885559082,5.159999847412109,5.170000076293945,5.170000076293945,0.1252783069702694,-1.7110294424269037,-0.0900001525878906,-0.09000015258789062
2018-06-28,5.159999847412109,5.230000019073486,5.059999942779541,5.150000095367432,5.150000095367432,-0.047714358158471,-0.3868468207228859,-0.0199999809265136,-0.019999980926513672
2018-06-29,5.179999828338623,5.309999942779541,5.130000114440918,5.300000190734863,5.300000190734863,0.1539775509547609,2.9126231570822947,0.1500000953674316,0.15000009536743164
2018-07-02,5.260000228881836,5.519999980926514,5.150000095367432,5.510000228881836,5.510000228881836,0.1667327705034238,3.9622647281047696,0.2100000381469726,0.21000003814697266
2018-07-03,5.510000228881836,5.800000190734863,5.449999809265137,5.480000019073486,5.480000019073486,0.6075850461540852,-0.5444683949575424,-0.0300002098083496,-0.03000020980834961
2018-07-05,5.550000190734863,5.730000019073486,5.420000076293945,5.630000114440918,5.630000114440918,0.0391805750167949,2.7372280081267686,0.1500000953674316,0.15000009536743164
2018-07-06,5.630000114440918,6.0,5.559999942779541,5.96999979019165,5.96999979019165,0.7112212049869711,6.039070494486043,0.3399996757507324,0.3399996757507324
2018-07-09,6.0,6.369999885559082,6.0,6.349999904632568,6.349999904632568,1.1353322549800122,6.365161269607333,0.3800001144409179,0.38000011444091797
2018-07-10,6.320000171661377,6.539999961853027,6.210000038146973,6.5,6.5,1.085108578007152,2.3622062617355555,0.1500000953674316,0.15000009536743164
2018-07-11,6.389999866485596,6.590000152587891,6.239999771118164,6.539999961853027,6.539999961853027,0.8531230224658458,0.6153840285081147,0.0399999618530273,0.039999961853027344
2018-07-12,6.579999923706055,6.880000114440918,6.489999771118164,6.809999942779541,6.809999942779541,0.7773889063956598,4.128440099409603,0.2699999809265136,0.26999998092651367
2018-07-13,6.789999961853027,7.0,6.710000038146973,6.96999979019165,6.96999979019165,1.1648287001862951,2.3494838290234243,0.1599998474121093,0.15999984741210938
2018-07-16,6.940000057220459,7.019999980926514,6.809999942779541,6.889999866485596,6.889999866485596,0.8754446566760059,-1.147775123589423,-0.0799999237060546,-0.07999992370605469
2018-07-17,6.840000152587891,7.139999866485596,6.840000152587891,7.099999904632568,7.099999904632568,0.638675893803951,3.0478961134448923,0.2100000381469726,0.21000003814697266
2018-07-18,7.099999904632568,7.300000190734863,6.989999771118164,7.079999923706055,7.079999923706055,0.8419622053607657,-0.2816898759880892,-0.0199999809265136,-0.019999980926513672
2018-07-19,7.070000171661377,7.380000114440918,7.070000171661377,7.349999904632568,7.349999904632568,0.6482423084654481,3.813559093729224,0.2699999809265136,0.26999998092651367
2018-07-20,7.360000133514404,7.5,7.289999961853027,7.440000057220459,7.440000057220459,0.6960743817729339,1.2244918878320687,0.0900001525878906,0.09000015258789062
2018-07-23,7.409999847412109,7.699999809265137,7.340000152587891,7.610000133514404,7.610000133514404,0.6139626559284166,2.284947244442037,0.1700000762939453,0.1700000762939453
2018-07-24,7.690000057220459,7.75,7.539999961853027,7.579999923706055,7.579999923706055,0.8451510102479315,-0.3942208841262506,-0.0300002098083496,-0.03000020980834961
2018-07-25,7.559999942779541,7.869999885559082,7.510000228881836,7.690000057220459,7.690000057220459,1.6949675126775967,1.4511891111025577,0.1100001335144043,0.1100001335144043
2018-07-26,7.050000190734863,7.170000076293945,6.050000190734863,6.679999828338623,6.679999828338623,3.2606707122759664,-13.13394306068314,-1.010000228881836,-1.010000228881836
2018-07-27,6.659999847412109,6.71999979019165,6.260000228881836,6.409999847412109,6.409999847412109,1.209471968606615,-4.041915986001832,-0.2699999809265136,-0.26999998092651367
2018-07-30,6.360000133514404,6.559999942779541,6.28000020980835,6.329999923706055,6.329999923706055,0.2759493378888499,-1.2480487614731084,-0.0799999237060546,-0.07999992370605469
2018-07-31,6.380000114440918,6.670000076293945,6.340000152587891,6.570000171661377,6.570000171661377,0.4178511553677245,3.7914731571561777,0.2400002479553222,0.24000024795532227
2018-08-01,6.559999942779541,6.610000133514404,6.349999904632568,6.389999866485596,6.389999866485596,0.3859631064960673,-2.73973060080247,-0.1800003051757812,-0.18000030517578125
2018-08-02,6.340000152587891,6.789999961853027,6.329999923706055,6.71999979019165,6.71999979019165,0.9153047177655774,5.164318162772519,0.3299999237060547,0.3299999237060547
2018-08-03,6.730000019073486,6.849999904632568,6.550000190734863,6.769999980926514,6.769999980926514,0.7319484367535483,0.7440504805944048,0.0500001907348632,0.05000019073486328
2018-08-06,6.710000038146973,7.0,6.679999828338623,6.920000076293945,6.920000076293945,0.1603551607290924,2.2156587265883987,0.1500000953674316,0.15000009536743164
2018-08-07,6.980000019073486,7.0,6.769999980926514,6.849999904632568,6.849999904632568,0.1547747521765524,-1.0115631631447353,-0.0700001716613769,-0.07000017166137695
2018-08-08,6.849999904632568,6.949999809265137,6.730000019073486,6.800000190734863,6.800000190734863,-0.0843856143608768,-0.7299228407856018,-0.049999713897705,-0.04999971389770508
2018-08-09,6.809999942779541,7.059999942779541,6.71999979019165,6.96999979019165,6.96999979019165,0.4640888262316275,2.499994039535691,0.1699995994567871,0.1699995994567871
2018-08-10,6.920000076293945,7.039999961853027,6.690000057220459,6.980000019073486,6.980000019073486,0.3803826979435273,0.1434753110883591,0.0100002288818359,0.010000228881835938
2018-08-13,6.980000019073486,7.050000190734863,6.760000228881836,6.789999961853027,6.789999961853027,0.0112785322540948,-2.722063849588341,-0.1900000572204589,-0.19000005722045898
2018-08-14,6.829999923706055,7.010000228881836,6.809999942779541,6.860000133514404,6.860000133514404,-0.1776581573104742,1.0309303689933105,0.0700001716613769,0.07000017166137695
2018-08-15,6.809999942779541,6.820000171661377,6.559999942779541,6.730000019073486,6.730000019073486,-0.0301759312790595,-1.8950453631305983,-0.1300001144409179,-0.13000011444091797
2018-08-16,6.769999980926514,6.980000019073486,6.599999904632568,6.610000133514404,6.610000133514404,0.2496416975697326,-1.783059215735372,-0.119999885559082,-0.11999988555908203
2018-08-17,6.630000114440918,7.070000171661377,6.630000114440918,6.909999847412109,6.909999847412109,0.4529280091265475,4.538573492254994,0.2999997138977051,0.2999997138977051
2018-08-20,6.960000038146973,7.070000171661377,6.869999885559082,6.989999771118164,6.989999771118164,0.5119208995391135,1.1577413237717549,0.0799999237060546,0.07999992370605469
2018-08-21,7.03000020980835,7.389999866485596,7.03000020980835,7.210000038146973,7.210000038146973,0.4616972225662533,3.1473572851579146,0.2200002670288086,0.2200002670288086
2018-08-22,7.199999809265137,7.300000190734863,7.159999847412109,7.190000057220459,7.190000057220459,0.2695717281145184,-0.2773922443924714,-0.0199999809265136,-0.019999980926513672
2018-08-23,7.190000057220459,7.269999980926514,7.119999885559082,7.139999866485596,7.139999866485596,-0.2183154196218372,-0.69541293931773,-0.0500001907348632,-0.05000019073486328
2018-08-24,7.159999847412109,7.289999961853027,7.059999942779541,7.110000133514404,7.110000133514404,0.0017121175925976,-0.4201643351844697,-0.0299997329711914,-0.029999732971191406
2018-08-27,7.150000095367432,7.300000190734863,7.079999923706055,7.099999904632568,7.099999904632568,0.3046485818733414,-0.1406501926026426,-0.0100002288818359,-0.010000228881835938
2018-08-28,7.150000095367432,7.300000190734863,7.059999942779541,7.179999828338623,7.179999828338623,0.3046485818733414,1.1267595039523348,0.0799999237060546,0.07999992370605469
2018-08-29,7.179999828338623,7.5,7.110000133514404,7.420000076293945,7.420000076293945,1.1807727246221238,3.3426219177341565,0.2400002479553222,0.24000024795532227
2018-08-30,7.369999885559082,8.279999732971191,7.369999885559082,8.25,8.25,2.5607280395430903,11.185982684256434,0.8299999237060547,0.8299999237060547
2018-08-31,8.170000076293945,8.779999732971191,8.170000076293945,8.720000267028809,8.720000267028809,2.2633719838148867,5.69697293368252,0.4700002670288086,0.4700002670288086
2018-09-04,8.630000114440918,8.920000076293945,8.350000381469727,8.829999923706055,8.829999923706055,1.6224222014945766,1.261463914091454,0.1099996566772461,0.1099996566772461
2018-09-05,8.819999694824219,8.979999542236328,8.569999694824219,8.84000015258789,8.84000015258789,1.179178322178541,0.1132528761975226,0.0100002288818359,0.010000228881835938
2018-09-06,8.84000015258789,9.09000015258789,8.819999694824219,9.029999732971191,9.029999732971191,1.7204779517749225,2.149316483073571,0.1899995803833007,0.18999958038330078
2018-09-07,8.449999809265137,8.970000267028809,8.199999809265137,8.850000381469727,8.850000381469727,1.040465309586832,-1.9933483590728551,-0.1799993515014648,-0.17999935150146484
2018-09-10,8.850000381469727,8.960000038146973,8.75,8.859999656677246,8.859999656677246,0.7710112966213284,0.1129861556667943,0.0099992752075195,0.009999275207519531
2018-09-11,8.789999961853027,8.979999542236328,8.779999732971191,8.899999618530273,8.899999618530273,0.3453058441847044,0.4514668555645196,0.0399999618530273,0.039999961853027344
2018-09-12,8.899999618530273,9.039999961853027,8.800000190734863,8.949999809265137,8.949999809265137,0.3827743016089016,0.5617999199770685,0.0500001907348632,0.05000019073486328
2018-09-13,9.050000190734863,9.130000114440918,8.899999618530273,9.020000457763672,9.020000457763672,0.1579635570637181,0.7821301674897141,0.0700006484985351,0.07000064849853516
2018-09-14,9.039999961853027,9.119999885559082,8.949999809265137,9.09000015258789,9.09000015258789,0.4624944237880447,0.7760497923696708,0.0699996948242187,0.06999969482421875
2018-09-17,9.06999969482422,9.229999542236328,9.0,9.220000267028809,9.220000267028809,0.5390257410800221,1.4301442492705263,0.1300001144409179,0.13000011444091797
2018-09-18,9.25,9.520000457763672,9.170000076293944,9.520000457763672,9.520000457763672,0.931248742201406,3.253798069916325,0.3000001907348633,0.3000001907348633
2018-09-19,9.520000457763672,9.890000343322754,9.510000228881836,9.850000381469728,9.850000381469728,1.27882847490247,3.4663855865357363,0.3299999237060564,0.32999992370605646
2018-09-20,9.899999618530272,9.979999542236328,9.529999732971191,9.800000190734863,9.800000190734863,1.0898917853379009,-0.5076161299336412,-0.050000190734865,-0.05000019073486506
2018-09-21,9.81999969482422,9.989999771118164,9.6899995803833,9.699999809265137,9.699999809265137,2.9218601930146084,-1.0204120359535218,-0.1000003814697265,-0.10000038146972656
2018-09-24,9.800000190734863,10.0,9.68000030517578,9.890000343322754,9.890000343322754,0.5485921557415192,1.9587684308626008,0.1900005340576172,0.1900005340576172
2018-09-25,9.979999542236328,9.989999771118164,9.729999542236328,9.779999732971191,9.779999732971191,0.6051934424887108,-1.112240713174795,-0.1100006103515625,-0.1100006103515625
2018-09-26,9.8100004196167,9.90999984741211,9.260000228881836,9.460000038146973,9.460000038146973,0.9336403458667804,-3.27198060901176,-0.3199996948242187,-0.31999969482421875
2018-09-27,9.460000038146973,9.84000015258789,9.369999885559082,9.8100004196167,9.8100004196167,0.6745499487845653,3.699792601039831,0.3500003814697265,0.35000038146972656
2018-09-28,9.779999732971191,9.880000114440918,9.699999809265137,9.779999732971191,9.779999732971191,0.3628442710641158,-0.3058173839168954,-0.0300006866455078,-0.030000686645507812
2018-10-01,9.850000381469728,9.899999618530272,9.460000038146973,9.579999923706056,9.579999923706056,0.2233340572506154,-2.044987880632332,-0.1999998092651349,-0.19999980926513494
2018-10-02,9.579999923706056,9.800000190734863,9.390000343322754,9.619999885559082,9.619999885559082,0.1922432096007496,0.4175361395780896,0.0399999618530255,0.03999996185302557
2018-10-03,9.630000114440918,9.880000114440918,9.479999542236328,9.81999969482422,9.81999969482422,0.4449559969086332,2.079000121043295,0.1999998092651385,0.1999998092651385
2018-10-04,9.859999656677246,9.979999542236328,9.729999542236328,9.84000015258789,9.84000015258789,0.4361867834689275,0.2036706556540091,0.0200004577636701,0.0200004577636701
2018-10-05,9.84000015258789,9.899999618530272,9.359999656677246,9.489999771118164,9.489999771118164,0.0423693799039606,-3.5569143906738376,-0.3500003814697265,-0.35000038146972656
2018-10-08,9.4399995803833,9.640000343322754,9.31999969482422,9.520000457763672,9.520000457763672,-0.099532437574914,0.3161294770186673,0.0300006866455078,0.030000686645507812
2018-10-09,9.510000228881836,9.510000228881836,8.829999923706055,8.850000381469727,8.850000381469727,0.5709137899516793,-7.037815589048135,-0.6700000762939453,-0.6700000762939453
2018-10-10,8.84000015258789,8.930000305175781,8.449999809265137,8.5,8.5,0.6594031255705282,-3.9548063998117167,-0.3500003814697265,-0.35000038146972656
2018-10-11,8.470000267028809,8.800000190734863,8.180000305175781,8.210000038146973,8.210000038146973,1.1225770354313491,-3.4117642570944406,-0.2899999618530273,-0.28999996185302734
2018-10-12,8.34000015258789,8.609999656677246,8.34000015258789,8.4399995803833,8.4399995803833,0.1228867033048951,2.80145604345503,0.2299995422363281,0.22999954223632812
2018-10-15,8.430000305175781,8.729999542236328,8.359999656677246,8.600000381469727,8.600000381469727,0.0742574287756178,1.895744182953618,0.1600008010864257,0.16000080108642578
2018-10-16,8.720000267028809,8.949999809265137,8.569999694824219,8.920000076293945,8.920000076293945,0.2623969171183956,3.720926518953616,0.3199996948242187,0.31999969482421875
2018-10-17,9.0,9.0,8.6899995803833,8.760000228881836,8.760000228881836,-0.0150291080650223,-1.793720247125663,-0.1599998474121093,-0.15999984741210938
2018-10-18,8.699999809265137,8.949999809265137,8.630000114440918,8.800000190734863,8.800000190734863,0.3030541794297585,0.4566205571678638,0.0399999618530273,0.039999961853027344
2018-10-19,8.819999694824219,9.020000457763672,8.630000114440918,8.800000190734863,8.800000190734863,0.4776412470020819,0.0,0.0,0.0
2018-10-22,8.970000267028809,9.149999618530272,8.920000076293945,9.0,9.0,0.1085370813126494,2.2727250560256484,0.1999998092651367,0.19999980926513672
2018-10-23,8.8100004196167,9.0,8.670000076293945,8.84000015258789,8.84000015258789,0.3979211248229388,-1.7777760823567743,-0.1599998474121093,-0.15999984741210938
2018-10-24,8.859999656677246,8.859999656677246,8.399999618530273,8.430000305175781,8.430000305175781,0.3476974478500786,-4.63800724360941,-0.4099998474121094,-0.4099998474121094
2018-10-25,8.050000190734863,8.390000343322754,7.650000095367432,7.900000095367432,7.900000095367432,1.8886874095729145,-6.287072249368064,-0.5300002098083496,-0.5300002098083496
2018-10-26,7.880000114440918,7.96999979019165,7.659999847412109,7.880000114440918,7.880000114440918,0.690493973220394,-0.2531643124693339,-0.0199999809265136,-0.019999980926513672
2018-10-29,8.039999961853027,8.359999656677246,7.590000152587891,7.679999828338623,7.679999828338623,0.9615423886294804,-2.538074659869272,-0.2000002861022949,-0.20000028610229492
2018-10-30,7.710000038146973,7.840000152587891,7.53000020980835,7.679999828338623,7.679999828338623,0.394732319935773,0.0,0.0,0.0
2018-10-31,7.800000190734863,7.820000171661377,7.559999942779541,7.599999904632568,7.599999904632568,0.5509837594068935,-1.0416656965389626,-0.0799999237060546,-0.07999992370605469
2018-11-01,7.659999847412109,7.900000095367432,7.599999904632568,7.78000020980835,7.78000020980835,1.1903391392836211,2.368425097822202,0.1800003051757812,0.18000030517578125
2018-11-02,7.789999961853027,8.100000381469727,7.690000057220459,8.09000015258789,8.09000015258789,1.35695419463803,3.984574992539458,0.309999942779541,0.309999942779541
2018-11-05,8.130000114440918,8.300000190734863,7.960000038146973,8.220000267028809,8.220000267028809,0.5908438204964651,1.606923510370173,0.1300001144409179,0.13000011444091797
2018-11-06,8.199999809265137,8.270000457763672,7.980000019073486,8.050000190734863,8.050000190734863,0.2321032706903212,-2.0681273816478,-0.1700000762939453,-0.1700000762939453
2018-11-07,8.109999656677246,8.65999984741211,8.029999732971191,8.5,8.5,1.3298493530971214,5.590059609974452,0.4499998092651367,0.4499998092651367
2018-11-08,8.470000267028809,8.619999885559082,8.229999542236328,8.399999618530273,8.399999618530273,0.3221870087527528,-1.176475076114425,-0.1000003814697265,-0.10000038146972656
2018-11-09,8.279999732971191,8.319999694824219,7.800000190734863,7.96999979019165,7.96999979019165,0.5039488873211991,-5.119045807931344,-0.429999828338623,-0.42999982833862305
2018-11-12,7.96999979019165,7.96999979019165,7.619999885559082,7.840000152587891,7.840000152587891,0.4377811859125103,-1.631112183512784,-0.1299996376037597,-0.12999963760375977
2018-11-13,7.829999923706055,8.260000228881836,7.800000190734863,7.860000133514404,7.860000133514404,0.9081299067694544,0.2551017925670917,0.0199999809265136,0.019999980926513672
2018-11-14,7.940000057220459,7.989999771118164,7.110000133514404,7.21999979019165,7.21999979019165,0.9073327055476632,-8.142497868337738,-0.6400003433227539,-0.6400003433227539
2018-11-15,7.179999828338623,7.329999923706055,7.059999942779541,7.25,7.25,0.0511385933436664,0.4155153833813818,0.0300002098083496,0.03000020980834961
2018-11-16,7.190000057220459,7.329999923706055,7.0,7.25,7.25,0.9384235531975288,0.0,0.0,0.0
2018-11-19,7.21999979019165,7.329999923706055,6.800000190734863,7.130000114440918,7.130000114440918,0.735137241640714,-1.6551708352976813,-0.119999885559082,-0.11999988555908203
2018-11-20,7.019999980926514,7.360000133514404,6.860000133514404,7.25,7.25,0.5374313386364392,1.6830278209398308,0.119999885559082,0.11999988555908203
2018-11-21,7.320000171661377,7.679999828338623,7.320000171661377,7.449999809265137,7.449999809265137,-0.0572807728199681,2.758618058829465,0.1999998092651367,0.19999980926513672
2018-11-23,7.380000114440918,7.590000152587891,7.380000114440918,7.420000076293945,7.420000076293945,-0.375364060314749,-0.4026809897885175,-0.0299997329711914,-0.029999732971191406
2018-11-26,7.46999979019165,7.610000133514404,7.369999885559082,7.489999771118164,7.489999771118164,-0.1298260840029884,0.9433921038338068,0.0699996948242187,0.06999969482421875
2018-11-27,7.400000095367432,7.610000133514404,7.340000152587891,7.46999979019165,7.46999979019165,-0.1226512730068655,-0.267022450436305,-0.0199999809265136,-0.019999980926513672
2018-11-28,7.480000019073486,7.599999904632568,7.300000190734863,7.539999961853027,7.539999961853027,0.4720608384495419,0.9370839843033218,0.0700001716613769,0.07000017166137695
2018-11-29,7.510000228881836,7.769999980926514,7.409999847412109,7.630000114440918,7.630000114440918,-0.0142319068432309,1.1936359820056586,0.0900001525878906,0.09000015258789062
2018-11-30,7.570000171661377,7.869999885559082,7.510000228881836,7.670000076293945,7.670000076293945,0.4361867834689275,0.5242458879826328,0.0399999618530273,0.039999961853027344
2018-12-03,7.820000171661377,7.820000171661377,7.519999980926514,7.690000057220459,7.690000057220459,0.7168016135395111,0.2607559416893501,0.0199999809265136,0.019999980926513672
2018-12-04,7.690000057220459,7.71999979019165,7.269999980926514,7.309999942779541,7.309999942779541,0.2065928315929954,-4.941483896142762,-0.3800001144409179,-0.38000011444091797
2018-12-06,7.170000076293945,7.329999923706055,6.96999979019165,7.099999904632568,7.099999904632568,0.1340475204099752,-2.872777562117501,-0.2100000381469726,-0.21000003814697266
2018-12-07,7.110000133514404,7.320000171661377,6.900000095367432,6.980000019073486,6.980000019073486,-0.0732247972557968,-1.690139255928513,-0.119999885559082,-0.11999988555908203
2018-12-10,7.0,7.0,6.760000228881836,6.78000020980835,6.78000020980835,-0.0253927239483109,-2.8653267724730536,-0.1999998092651367,-0.19999980926513672
2018-12-11,6.900000095367432,6.96999979019165,6.599999904632568,6.710000038146973,6.710000038146973,-0.0517003642674281,-1.032450877510449,-0.0700001716613769,-0.07000017166137695
2018-12-12,6.909999847412109,6.929999828338623,6.639999866485596,6.679999828338623,6.679999828338623,0.2360892767992783,-0.4470970139760943,-0.0300002098083496,-0.03000020980834961
2018-12-13,6.679999828338623,6.869999885559082,6.420000076293945,6.429999828338623,6.429999828338623,-0.0230011202829366,-3.74251506623432,-0.25,-0.25
2018-12-14,6.389999866485596,6.519999980926514,6.309999942779541,6.5,6.5,0.1436139350714723,1.0886496660990286,0.0700001716613769,0.07000017166137695
2018-12-17,6.409999847412109,6.429999828338623,5.739999771118164,5.880000114440918,5.880000114440918,0.2807325452195984,-9.538459777832031,-0.619999885559082,-0.619999885559082
2018-12-18,5.920000076293945,6.099999904632568,5.730000019073486,5.940000057220459,5.940000057220459,0.3086345879822985,1.0204071702683226,0.059999942779541,0.059999942779541016
2018-12-19,5.960000038146973,6.289999961853027,5.829999923706055,5.860000133514404,5.860000133514404,0.1196978984177294,-1.3468000494176735,-0.0799999237060546,-0.07999992370605469
2018-12-20,6.0,6.050000190734863,5.559999942779541,5.590000152587891,5.590000152587891,0.5015572836558249,-4.607508101959501,-0.2699999809265136,-0.26999998092651367
2018-12-21,5.610000133514404,5.75,5.380000114440918,5.480000019073486,5.480000019073486,1.9500719036508547,-1.967801976954864,-0.1100001335144043,-0.1100001335144043
2018-12-24,5.460000038146973,5.559999942779541,5.25,5.269999980926514,5.269999980926514,0.0200477456938006,-3.832117471095886,-0.2100000381469726,-0.21000003814697266
2018-12-26,5.300000190734863,5.630000114440918,5.269999980926514,5.619999885559082,5.619999885559082,0.4361867834689275,6.641364438317043,0.3499999046325683,0.34999990463256836
2018-12-27,5.480000019073486,5.860000133514404,5.480000019073486,5.860000133514404,5.860000133514404,-0.1234484742286569,4.270467132428535,0.2400002479553222,0.24000024795532227
2018-12-28,5.840000152587891,6.010000228881836,5.389999866485596,5.400000095367432,5.400000095367432,0.2958793684336356,-7.849829823657329,-0.4600000381469726,-0.46000003814697266
2018-12-31,5.449999809265137,5.699999809265137,5.380000114440918,5.519999980926514,5.519999980926514,0.1683271729470067,2.222220063700142,0.119999885559082,0.11999988555908203
2019-01-02,5.409999847412109,5.849999904632568,5.289999961853027,5.760000228881836,5.760000228881836,0.0862154471024893,4.347830593924007,0.2400002479553222,0.24000024795532227
2019-01-03,5.739999771118164,5.880000114440918,5.420000076293945,5.429999828338623,5.429999828338623,0.1723131790559638,-5.72917339288499,-0.3300004005432129,-0.3300004005432129
2019-01-04,5.46999979019165,5.760000228881836,5.46999979019165,5.699999809265137,5.699999809265137,0.464886027453419,4.972375496540726,0.2699999809265136,0.26999998092651367
2019-01-07,5.730000019073486,6.130000114440918,5.71999979019165,6.099999904632568,6.099999904632568,0.0312085627988806,7.017545767584887,0.4000000953674316,0.40000009536743164
2019-01-08,6.21999979019165,6.5,6.130000114440918,6.349999904632568,6.349999904632568,0.2895017586593042,4.098360719811489,0.25,0.25
2019-01-09,6.349999904632568,6.559999942779541,6.239999771118164,6.510000228881836,6.510000228881836,0.0009149163708062,2.519690183499712,0.1600003242492675,0.16000032424926758
2019-01-10,6.449999809265137,6.659999847412109,6.360000133514404,6.539999961853027,6.539999961853027,-0.0915604253569997,0.4608253750606028,0.0299997329711914,0.029999732971191406
2019-01-11,6.489999771118164,6.510000228881836,6.289999961853027,6.369999885559082,6.369999885559082,-0.0245955227265195,-2.599389560940879,-0.1700000762939453,-0.1700000762939453
2019-01-14,6.300000190734863,6.679999828338623,6.210000038146973,6.559999942779541,6.559999942779541,0.1157118923087723,2.982732506027097,0.1900000572204589,0.19000005722045898
2019-01-15,6.570000171661377,6.800000190734863,6.570000171661377,6.650000095367432,6.650000095367432,0.0136701359194691,1.3719535575141606,0.0900001525878906,0.09000015258789062
2019-01-16,6.610000133514404,6.920000076293945,6.590000152587891,6.889999866485596,6.889999866485596,0.0495441909000835,3.609019062802044,0.239999771118164,0.23999977111816406
2019-01-17,6.809999942779541,7.039999961853027,6.809999942779541,6.900000095367432,6.900000095367432,0.3341450270796243,0.145141205741961,0.0100002288818359,0.010000228881835938
2019-01-18,7.0,7.130000114440918,6.96999979019165,7.010000228881836,7.010000228881836,0.1061454776472751,1.5942048115080043,0.1100001335144043,0.1100001335144043
2019-01-22,6.949999809265137,7.019999980926514,6.710000038146973,6.820000171661377,6.820000171661377,-0.0301759312790595,-2.7104144224937565,-0.1900000572204589,-0.19000005722045898
2019-01-23,6.929999828338623,7.119999885559082,6.699999809265137,6.800000190734863,6.800000190734863,-0.2127350110692972,-0.2932548449136152,-0.0199999809265136,-0.019999980926513672
2019-01-24,6.78000020980835,7.059999942779541,6.71999979019165,6.989999771118164,6.989999771118164,-0.0309731325008509,2.794111397852306,0.1899995803833007,0.18999958038330078
2019-01-25,7.199999809265137,7.360000133514404,7.0,7.28000020980835,7.28000020980835,-0.018217912952188,4.148790388927237,0.2900004386901855,0.29000043869018555
2019-01-28,7.190000057220459,7.289999961853027,6.960000038146973,7.039999961853027,7.039999961853027,-0.1465673096606084,-3.296706607672484,-0.2400002479553222,-0.24000024795532227
2019-01-29,7.03000020980835,7.400000095367432,7.03000020980835,7.28000020980835,7.28000020980835,-0.2924551332484403,3.4090944496560915,0.2400002479553222,0.24000024795532227
2019-01-30,7.260000228881836,7.360000133514404,7.139999866485596,7.289999961853027,7.289999961853027,-0.0708331935904225,0.1373592274242607,0.0099997520446777,0.009999752044677734
2019-01-31,7.25,7.5,7.25,7.449999809265137,7.449999809265137,-0.1194624681196998,2.194785298345048,0.1599998474121093,0.15999984741210938
2019-02-01,7.449999809265137,7.599999904632568,7.119999885559082,7.150000095367432,7.150000095367432,0.1268727094138523,-4.026841900379818,-0.2999997138977051,-0.2999997138977051
2019-02-04,7.159999847412109,7.400000095367432,7.159999847412109,7.269999980926514,7.269999980926514,-0.1186652668979083,1.6783200553637911,0.119999885559082,0.11999988555908203
2019-02-05,7.300000190734863,7.460000038146973,7.110000133514404,7.199999809265137,7.199999809265137,-0.2852803222523174,-0.9628634366578904,-0.0700001716613769,-0.07000017166137695
2019-02-06,7.199999809265137,7.489999771118164,7.130000114440918,7.340000152587891,7.340000152587891,-0.1138820595671597,1.9444492643263311,0.1400003433227539,0.1400003433227539
2019-02-07,7.260000228881836,7.269999980926514,6.829999923706055,6.929999828338623,6.929999828338623,-0.2302734379487086,-5.585835364113889,-0.4100003242492676,-0.4100003242492676
2019-02-08,6.929999828338623,7.059999942779541,6.730000019073486,7.050000190734863,7.050000190734863,-0.2533922733806601,1.731607003877933,0.1200003623962402,0.12000036239624023
2019-02-11,7.070000171661377,7.25,6.849999904632568,7.230000019073486,7.230000019073486,-0.1752665536450999,2.553188985373067,0.179999828338623,0.17999982833862305
2019-02-12,7.28000020980835,7.53000020980835,7.28000020980835,7.480000019073486,7.480000019073486,-0.2685390965946974,3.4578146520120923,0.25,0.25
2019-02-13,7.510000228881836,7.679999828338623,7.21999979019165,7.440000057220459,7.440000057220459,-0.1370008949991112,-0.5347588469389097,-0.0399999618530273,-0.039999961853027344
2019-02-14,7.409999847412109,7.559999942779541,7.300000190734863,7.329999923706055,7.329999923706055,0.0463553860129178,-1.4784964068333628,-0.1100001335144043,-0.1100001335144043
2019-02-15,7.409999847412109,7.53000020980835,7.300000190734863,7.409999847412109,7.409999847412109,0.1723131790559638,1.0914041546893571,0.0799999237060546,0.07999992370605469
2019-02-19,7.369999885559082,7.550000190734863,7.320000171661377,7.340000152587891,7.340000152587891,-0.070035992368631,-0.9446652667430944,-0.0699996948242187,-0.06999969482421875
2019-02-20,7.349999904632568,7.690000057220459,7.349999904632568,7.639999866485596,7.639999866485596,1.5450936829808075,4.087189477672326,0.2999997138977051,0.2999997138977051
2019-02-21,7.610000133514404,7.849999904632568,7.599999904632568,7.699999809265137,7.699999809265137,0.3341450270796243,0.7853395789016115,0.059999942779541,0.059999942779541016
2019-02-22,7.710000038146973,7.840000152587891,7.550000190734863,7.579999923706055,7.579999923706055,-0.0325675349444338,-1.5584401107996193,-0.119999885559082,-0.11999988555908203
2019-02-25,7.639999866485596,7.659999847412109,7.489999771118164,7.5,7.5,-0.1019240412402883,-1.0554079750826784,-0.0799999237060546,-0.07999992370605469
2019-02-26,7.420000076293945,7.5,7.369999885559082,7.429999828338623,7.429999828338623,0.5469977532979363,-0.9333356221516876,-0.0700001716613769,-0.07000017166137695
2019-02-27,7.150000095367432,7.349999904632568,7.050000190734863,7.090000152587891,7.090000152587891,-0.0245955227265195,-4.576038810309879,-0.3399996757507324,-0.3399996757507324
2019-02-28,7.090000152587891,7.210000038146973,6.849999904632568,7.050000190734863,7.050000190734863,0.2480472951261498,-0.5641743440361835,-0.0399999618530273,-0.039999961853027344
2019-03-01,7.110000133514404,7.28000020980835,6.929999828338623,7.190000057220459,7.190000057220459,-0.0038682909599423,1.9858136552901584,0.1399998664855957,0.1399998664855957
2019-03-04,7.230000019073486,7.25,6.619999885559082,6.710000038146973,6.710000038146973,-0.0301759312790595,-6.675939016042887,-0.4800000190734863,-0.48000001907348633
2019-03-05,6.710000038146973,7.059999942779541,6.650000095367432,6.840000152587891,6.840000152587891,0.3437114417411215,1.9374085499531235,0.1300001144409179,0.13000011444091797
2019-03-06,6.880000114440918,6.880000114440918,6.239999771118164,6.329999923706055,6.329999923706055,0.2592081122312298,-7.456143530769943,-0.5100002288818359,-0.5100002288818359
2019-03-07,6.329999923706055,6.329999923706055,5.940000057220459,6.059999942779541,6.059999942779541,0.361249868620533,-4.2654025936928575,-0.2699999809265136,-0.26999998092651367
2019-03-08,6.0,6.579999923706055,5.889999866485596,6.519999980926514,6.519999980926514,0.33733383196679,7.5907597770699775,0.4600000381469726,0.46000003814697266
2019-03-11,6.53000020980835,6.920000076293945,6.480000019073486,6.889999866485596,6.889999866485596,0.1938376120443325,5.674844887139163,0.369999885559082,0.36999988555908203
2019-03-12,6.880000114440918,7.119999885559082,6.75,6.840000152587891,6.840000152587891,0.1715159778341724,-0.7256852665689317,-0.049999713897705,-0.04999971389770508
2019-03-13,6.869999885559082,7.239999771118164,6.869999885559082,7.139999866485596,7.139999866485596,-0.0604695777071339,4.385960631655861,0.2999997138977051,0.2999997138977051
2019-03-14,7.159999847412109,7.190000057220459,6.880000114440918,6.929999828338623,6.929999828338623,-0.2095462061821315,-2.941177059858091,-0.2100000381469726,-0.21000003814697266
2019-03-15,6.929999828338623,7.059999942779541,6.619999885559082,6.869999885559082,6.869999885559082,1.981959952522512,-0.8658000615553441,-0.059999942779541,-0.059999942779541016
2019-03-18,6.769999980926514,7.170000076293945,6.769999980926514,7.079999923706055,7.079999923706055,0.0423693799039606,3.056769165140727,0.2100000381469726,0.21000003814697266
2019-03-19,7.139999866485596,7.159999847412109,6.849999904632568,7.039999961853027,7.039999961853027,-0.012637504399648,-0.5649712187015044,-0.0399999618530273,-0.039999961853027344
2019-03-20,7.019999980926514,7.300000190734863,7.0,7.190000057220459,7.190000057220459,-0.0206095166175623,2.130683184378168,0.1500000953674316,0.15000009536743164
2019-03-21,7.179999828338623,7.429999828338623,7.059999942779541,7.090000152587891,7.090000152587891,-0.0166235105086052,-1.390819246686159,-0.0999999046325683,-0.09999990463256836
2019-03-22,7.0,7.190000057220459,6.639999866485596,6.650000095367432,6.650000095367432,-0.0660499862596739,-6.20592450988674,-0.440000057220459,-0.440000057220459
2019-03-25,6.659999847412109,6.78000020980835,6.570000171661377,6.659999847412109,6.659999847412109,1.012563266824132,0.1503722090416825,0.0099997520446777,0.009999752044677734
2019-03-26,6.71999979019165,6.809999942779541,6.670000076293945,6.75,6.75,0.0814322397717407,1.3513536734218068,0.0900001525878906,0.09000015258789062
2019-03-27,6.699999809265137,6.929999828338623,6.480000019073486,6.489999771118164,6.489999771118164,-0.0198123153957709,-3.851855242693869,-0.2600002288818359,-0.26000022888183594
2019-03-28,6.539999961853027,6.739999771118164,6.380000114440918,6.400000095367432,6.400000095367432,-0.2533922733806601,-1.386743897145415,-0.0899996757507324,-0.08999967575073242
2019-03-29,6.420000076293945,6.550000190734863,6.199999809265137,6.239999771118164,6.239999771118164,0.0543273982308321,-2.5000050291418274,-0.1600003242492675,-0.16000032424926758
2019-04-01,6.239999771118164,6.28000020980835,6.159999847412109,6.179999828338623,6.179999828338623,0.2368864780210697,-0.96153757981291,-0.059999942779541,-0.059999942779541016
2019-04-02,6.179999828338623,6.409999847412109,6.090000152587891,6.230000019073486,6.230000019073486,0.8515286200222629,0.8090645974711208,0.0500001907348632,0.05000019073486328
2019-04-03,6.320000171661377,6.329999923706055,6.090000152587891,6.260000228881836,6.260000228881836,-0.0883716204698339,0.4815442972151196,0.0300002098083496,0.03000020980834961
2019-04-04,6.25,6.510000228881836,6.119999885559082,6.489999771118164,6.489999771118164,0.0336001664642549,3.6741139588969407,0.2299995422363281,0.22999954223632812
2019-04-05,6.619999885559082,6.760000228881836,6.559999942779541,6.739999771118164,6.739999771118164,0.0933902580986122,3.852080259117297,0.25,0.25
2019-04-08,6.710000038146973,6.840000152587891,6.710000038146973,6.809999942779541,6.809999942779541,-0.0548891691545939,1.0385782498292917,0.0700001716613769,0.07000017166137695
2019-04-09,6.769999980926514,6.820000171661377,6.659999847412109,6.769999980926514,6.769999980926514,-0.018217912952188,-0.5873709572558505,-0.0399999618530273,-0.039999961853027344
2019-04-10,6.809999942779541,6.820000171661377,6.75,6.809999942779541,6.809999942779541,0.6530255157961966,0.5908413879722518,0.0399999618530273,0.039999961853027344
2019-04-11,6.789999961853027,6.889999866485596,6.760000228881836,6.800000190734863,6.800000190734863,-0.1808469621976399,-0.146839238306895,-0.0099997520446777,-0.009999752044677734
2019-04-12,6.880000114440918,7.0,6.849999904632568,6.989999771118164,6.989999771118164,-0.2238958281743772,2.794111397852306,0.1899995803833007,0.18999958038330078
2019-04-15,7.059999942779541,7.059999942779541,6.889999866485596,6.989999771118164,6.989999771118164,-0.0891688216916254,0.0,0.0,0.0
2019-04-16,7.019999980926514,7.019999980926514,6.619999885559082,6.650000095367432,6.650000095367432,-0.0716303948122139,-4.864087079881896,-0.3399996757507324,-0.3399996757507324
2019-04-17,6.539999961853027,6.710000038146973,6.300000190734863,6.349999904632568,6.349999904632568,0.135641922853558,-4.511280998986022,-0.3000001907348633,-0.3000001907348633
2019-04-18,6.329999923706055,6.679999828338623,6.329999923706055,6.5,6.5,0.0288169591335063,2.3622062617355555,0.1500000953674316,0.15000009536743164
2019-04-22,6.489999771118164,6.670000076293945,6.309999942779541,6.380000114440918,6.380000114440918,-0.1449729072170255,-1.846152085524344,-0.119999885559082,-0.11999988555908203
2019-04-23,6.400000095367432,6.599999904632568,6.289999961853027,6.420000076293945,6.420000076293945,0.0814322397717407,0.62695863848794,0.0399999618530273,0.039999961853027344
2019-04-24,6.429999828338623,6.630000114440918,6.389999866485596,6.46999979019165,6.46999979019165,-0.3538396273263804,0.7788117336996692,0.049999713897705,0.04999971389770508
2019-04-25,6.449999809265137,6.449999809265137,5.900000095367432,5.900000095367432,5.900000095367432,0.0702714226666607,-8.809887377250359,-0.5699996948242188,-0.5699996948242188
2019-04-26,5.929999828338623,6.070000171661377,5.869999885559082,6.0,6.0,0.020844946915592,1.694913610443605,0.0999999046325683,0.09999990463256836
2019-04-29,6.010000228881836,6.28000020980835,6.0,6.190000057220459,6.190000057220459,0.2456556914607755,3.1666676203409905,0.1900000572204589,0.19000005722045898
2019-04-30,6.179999828338623,6.400000095367432,5.800000190734863,5.849999904632568,5.849999904632568,0.1029566727601094,-5.49273262431218,-0.3400001525878906,-0.3400001525878906
2019-05-01,6.090000152587891,6.309999942779541,5.900000095367432,5.920000076293945,5.920000076293945,0.8475426139133058,1.19658415047057,0.0700001716613769,0.07000017166137695
2019-05-02,5.889999866485596,5.96999979019165,5.5,5.670000076293945,5.670000076293945,-0.0102459007342737,-4.22297291854945,-0.25,-0.25
2019-05-03,5.71999979019165,5.949999809265137,5.639999866485596,5.840000152587891,5.840000152587891,0.0814322397717407,2.9982376367984287,0.1700000762939453,0.1700000762939453
2019-05-06,5.769999980926514,5.940000057220459,5.670000076293945,5.889999866485596,5.889999866485596,0.1029566727601094,0.8561594621799617,0.049999713897705,0.04999971389770508
2019-05-07,5.809999942779541,5.960000038146973,5.400000095367432,5.440000057220459,5.440000057220459,0.1938376120443325,-7.640064846616701,-0.4499998092651367,-0.4499998092651367
2019-05-08,5.440000057220459,5.539999961853027,5.389999866485596,5.5,5.5,-0.0556863703763853,1.1029401130226768,0.059999942779541,0.059999942779541016
2019-05-09,5.53000020980835,5.619999885559082,5.320000171661377,5.360000133514404,5.360000133514404,-0.1019240412402883,-2.545452117919922,-0.1399998664855957,-0.1399998664855957
2019-05-10,5.329999923706055,5.409999847412109,5.199999809265137,5.329999923706055,5.329999923706055,-0.0245955227265195,-0.5597053929302653,-0.0300002098083496,-0.03000020980834961
2019-05-13,5.230000019073486,5.230000019073486,4.949999809265137,5.119999885559082,5.119999885559082,0.4393755883560932,-3.939963248647771,-0.2100000381469726,-0.21000003814697266
2019-05-14,5.170000076293945,5.239999771118164,5.099999904632568,5.150000095367432,5.150000095367432,0.1691243741687981,0.5859416109161408,0.0300002098083496,0.03000020980834961
2019-05-15,5.099999904632568,5.210000038146973,5.0,5.110000133514404,5.110000133514404,-0.0963436326877483,-0.7766982740254447,-0.0399999618530273,-0.039999961853027344
2019-05-16,5.059999942779541,5.150000095367432,5.03000020980835,5.079999923706055,5.079999923706055,0.0583134043397892,-0.5870882392270516,-0.0300002098083496,-0.03000020980834961
2019-05-17,5.010000228881836,5.079999923706055,4.550000190734863,4.579999923706055,4.579999923706055,0.3732078869474044,-9.842519832859187,-0.5,-0.5
2019-05-20,4.519999980926514,4.570000171661377,4.28000020980835,4.440000057220459,4.440000057220459,0.170718776612381,-3.0567656947101063,-0.1399998664855957,-0.1399998664855957
2019-05-21,4.489999771118164,4.53000020980835,4.360000133514404,4.460000038146973,4.460000038146973,0.6530255157961966,0.4504500150622537,0.0199999809265136,0.019999980926513672
2019-05-22,4.409999847412109,4.5,4.25,4.28000020980835,4.28000020980835,0.2097816364801611,-4.03587055603275,-0.179999828338623,-0.17999982833862305
2019-05-23,4.199999809265137,4.349999904632568,3.930000066757202,4.0,4.0,1.040465309586832,-6.542060656134585,-0.2800002098083496,-0.2800002098083496
2019-05-24,4.03000020980835,4.190000057220459,3.9700000286102295,4.170000076293945,4.170000076293945,-0.0859800168044597,4.250001907348633,0.1700000762939453,0.1700000762939453
2019-05-28,4.150000095367432,4.21999979019165,4.0,4.019999980926514,4.019999980926514,0.1204950996395208,-3.597124523334372,-0.1500000953674316,-0.15000009536743164
2019-05-29,3.990000009536743,4.090000152587891,3.940000057220459,4.03000020980835,4.03000020980835,0.1069426788690665,0.2487619136637642,0.0100002288818359,0.010000228881835938
2019-05-30,4.03000020980835,4.050000190734863,3.740000009536743,3.7699999809265137,3.7699999809265137,0.1013622703165265,-6.4516182467941,-0.2600002288818359,-0.26000022888183594
2019-05-31,3.7100000381469727,3.7100000381469727,3.3399999141693115,3.3499999046325684,3.3499999046325684,1.0332904985907092,-11.140585634452083,-0.4200000762939453,-0.4200000762939453
2019-06-03,3.430000066757202,3.4600000381469727,3.319999933242798,3.400000095367432,3.400000095367432,0.5103264970955306,1.4925430495004166,0.0500001907348637,0.050000190734863725
2019-06-04,3.470000028610229,3.690000057220459,3.470000028610229,3.609999895095825,3.609999895095825,1.3880450422878958,6.17646452464875,0.2099997997283931,0.2099997997283931
2019-06-05,3.619999885559082,3.809999942779541,3.4800000190734863,3.549999952316284,3.549999952316284,0.5852634119439251,-1.6620483247395843,-0.059999942779541,-0.059999942779541016
2019-06-06,3.549999952316284,3.559999942779541,3.319999933242798,3.3399999141693115,3.3399999141693115,0.6514311133526138,-5.915494111766195,-0.2100000381469726,-0.21000003814697266
2019-06-07,3.359999895095825,3.359999895095825,3.2100000381469727,3.3399999141693115,3.3399999141693115,0.7582560770726655,0.0,0.0,0.0
2019-06-10,3.299999952316284,3.640000104904175,3.299999952316284,3.4600000381469727,3.4600000381469727,0.6849135646678539,3.592818175491064,0.1200001239776611,0.12000012397766113
2019-06-11,3.5,3.5,3.2699999809265137,3.289999961853028,3.289999961853028,-0.0915604253569997,-4.913296948545398,-0.1700000762939448,-0.17000007629394487
2019-06-12,3.289999961853028,3.369999885559082,3.119999885559082,3.309999942779541,3.309999942779541,0.165138368059841,0.6079021628695891,0.0199999809265132,0.019999980926513228
2019-06-13,3.3499999046325684,3.5299999713897705,3.3399999141693115,3.4600000381469727,3.4600000381469727,-0.0309731325008509,4.5317250139125465,0.1500000953674316,0.15000009536743164
2019-06-14,3.470000028610229,3.5299999713897705,3.299999952316284,3.359999895095825,3.359999895095825,0.0328029652424634,-2.890177512966252,-0.1000001430511474,-0.10000014305114746
2019-06-17,3.380000114440918,3.5199999809265137,3.359999895095825,3.509999990463257,3.509999990463257,0.3166066002002128,4.464288691983831,0.1500000953674316,0.15000009536743164
2019-06-18,3.549999952316284,3.7799999713897705,3.549999952316284,3.670000076293945,3.670000076293945,0.1332503191881837,4.55840701610859,0.160000085830688,0.16000008583068803
2019-06-19,3.630000114440918,3.630000114440918,3.380000114440918,3.4200000762939453,3.4200000762939453,0.4106763443716017,-6.811988959206117,-0.2499999999999995,-0.24999999999999956
2019-06-20,3.400000095367432,3.549999952316284,3.380000114440918,3.390000104904175,3.390000104904175,-0.0293787300572681,-0.8771921263311722,-0.0299999713897705,-0.029999971389770508
2019-06-21,3.359999895095825,3.430000066757202,3.299999952316284,3.430000066757202,3.430000066757202,0.988647230170389,1.1799398411569628,0.0399999618530273,0.039999961853027344
2019-06-24,3.440000057220459,3.630000114440918,3.319999933242798,3.559999942779541,3.559999942779541,0.764633686846997,3.79008377528236,0.1299998760223388,0.12999987602233887
2019-06-25,3.559999942779541,3.839999914169312,3.4600000381469727,3.660000085830689,3.660000085830689,0.8411650041389743,2.808992827485013,0.1000001430511479,0.1000001430511479
2019-06-26,3.7200000286102295,3.7799999713897705,3.609999895095825,3.690000057220459,3.690000057220459,0.279935343997807,0.8196713302251579,0.02999997138977,0.029999971389770064
2019-06-27,3.680000066757202,3.7100000381469727,3.4600000381469727,3.609999895095825,3.609999895095825,0.9687171996256032,-2.168026040218951,-0.0800001621246337,-0.08000016212463379
2019-06-28,3.609999895095825,3.990000009536743,3.609999895095825,3.900000095367432,3.900000095367432,1.1193882305441838,8.033246778360613,0.2900002002716069,0.2900002002716069
2019-07-01,3.990000009536743,3.990000009536743,3.75,3.7899999618530273,3.7899999618530273,0.1388307277407237,-2.820516174988485,-0.1100001335144047,-0.11000013351440474
2019-07-02,3.75,3.839999914169312,3.670000076293945,3.819999933242798,3.819999933242798,0.2934877647682614,0.7915559813120199,0.0299999713897705,0.029999971389770508
2019-07-03,3.829999923706055,4.019999980926514,3.7799999713897705,3.950000047683716,3.950000047683716,-0.2215042245090029,3.403144416564441,0.1300001144409179,0.13000011444091797
2019-07-05,3.910000085830689,4.070000171661377,3.799999952316284,4.050000190734863,4.050000190734863,-0.2246930293961686,2.531649160606664,0.1000001430511474,0.10000014305114746
2019-07-08,4.019999980926514,4.179999828338623,3.7899999618530273,3.859999895095825,3.859999895095825,0.5916410217182565,-4.691365103480727,-0.190000295639038,-0.19000029563903809
2019-07-09,3.819999933242798,3.829999923706055,3.619999885559082,3.670000076293945,3.670000076293945,0.2615997158966041,-4.922275232268203,-0.1899998188018803,-0.18999981880188033
2019-07-10,3.700000047683716,3.839999914169312,3.5299999713897705,3.549999952316284,3.549999952316284,0.3469002466282872,-3.269758078556761,-0.1200001239776606,-0.12000012397766069
2019-07-11,3.549999952316284,3.5999999046325684,3.309999942779541,3.4800000190734863,3.4800000190734863,0.274354935445267,-1.9718291319166024,-0.0699999332427978,-0.06999993324279785
2019-07-12,3.4800000190734863,3.5,3.299999952316284,3.309999942779541,3.309999942779541,0.4848160579982047,-4.885059636844657,-0.1700000762939453,-0.1700000762939453
2019-07-15,3.299999952316284,3.3399999141693115,3.150000095367432,3.25,3.25,0.3126205940912557,-1.81268712437368,-0.059999942779541,-0.059999942779541016
2019-07-16,3.240000009536743,3.4200000762939453,3.130000114440918,3.140000104904175,3.140000104904175,0.1515859472893866,-3.38461215679462,-0.1099998950958252,-0.1099998950958252
2019-07-17,3.130000114440918,3.130000114440918,2.880000114440918,2.900000095367432,2.900000095367432,0.2313060694685297,-7.64331215027354,-0.2400000095367427,-0.24000000953674272
2019-07-18,2.890000104904175,3.140000104904175,2.809999942779541,3.0799999237060547,3.0799999237060547,1.046045718139372,6.206890428250711,0.1799998283386226,0.1799998283386226
2019-07-19,3.0799999237060547,3.3299999237060547,3.059999942779541,3.2300000190734863,3.2300000190734863,0.4114735455933931,4.87013308711195,0.1500000953674316,0.15000009536743164
2019-07-22,3.2300000190734863,3.3399999141693115,3.2300000190734863,3.319999933242798,3.319999933242798,0.1045510752036922,2.7863750352276284,0.0899999141693115,0.08999991416931152
2019-07-23,3.3499999046325684,3.430000066757202,3.289999961853028,3.4200000762939453,3.4200000762939453,0.0965790629857779,3.012052562105705,0.1000001430511474,0.10000014305114746
2019-07-24,3.4100000858306885,3.680000066757202,3.4100000858306885,3.670000076293945,3.670000076293945,-0.1154764620107426,7.309941357396399,0.2499999999999995,0.24999999999999956
2019-07-25,3.670000076293945,3.7799999713897705,3.5799999237060547,3.7799999713897705,3.7799999713897705,0.1539775509547609,2.9972722836263843,0.1099998950958256,0.10999989509582564
2019-07-26,3.7799999713897705,4.039999961853027,3.7699999809265137,3.9800000190734863,3.9800000190734863,0.2249284596941983,5.29100659252606,0.2000000476837158,0.20000004768371582
2019-07-29,3.9800000190734863,4.170000076293945,3.869999885559082,3.9700000286102295,3.9700000286102295,0.7144100098741368,-0.2512560405862674,-0.0099999904632568,-0.009999990463256836
2019-07-31,4.900000095367432,5.380000114440918,4.860000133514404,4.989999771118164,4.989999771118164,3.1490625412251663,25.69268854300246,1.0199997425079346,1.0199997425079346
2019-08-01,4.96999979019165,5.320000171661377,4.710000038146973,4.989999771118164,4.989999771118164,2.4228122281731728,0.0,0.0,0.0
2019-08-02,5.03000020980835,5.199999809265137,4.789999961853027,5.03000020980835,5.03000020980835,1.0795281694546122,0.8016120345677225,0.0400004386901855,0.04000043869018555
2019-08-05,4.889999866485596,5.139999866485596,4.889999866485596,5.119999885559082,5.119999885559082,1.1839615295092896,1.7892578925789326,0.0899996757507324,0.08999967575073242
2019-08-06,5.199999809265137,5.199999809265137,4.920000076293945,5.039999961853027,5.039999961853027,0.8260181809249372,-1.562498544808444,-0.0799999237060546,-0.07999992370605469
2019-08-07,4.96999979019165,5.039999961853027,4.800000190734863,4.980000019073486,4.980000019073486,0.6083822473758765,-1.1904750641601458,-0.059999942779541,-0.059999942779541016
2019-08-08,5.03000020980835,5.119999885559082,4.849999904632568,5.0,5.0,0.4250259663638474,0.4016060411629274,0.0199999809265136,0.019999980926513672
2019-08-09,4.929999828338623,5.019999980926514,4.820000171661377,4.820000171661377,4.820000171661377,0.7128156074305539,-3.5999965667724565,-0.179999828338623,-0.17999982833862305
2019-08-12,4.679999828338623,4.769999980926514,4.630000114440918,4.71999979019165,4.71999979019165,0.3126205940912557,-2.0746966371011144,-0.1000003814697265,-0.10000038146972656
2019-08-13,4.699999809265137,4.949999809265137,4.610000133514404,4.929999828338623,4.929999828338623,0.1539775509547609,4.449153548340434,0.2100000381469726,0.21000003814697266
2019-08-14,4.789999961853027,4.809999942779541,4.449999809265137,4.460000038146973,4.460000038146973,0.094984660542195,-9.533464636043142,-0.4699997901916504,-0.4699997901916504
2019-08-15,4.539999961853027,4.539999961853027,4.050000190734863,4.210000038146973,4.210000038146973,0.5382285398582306,-5.605381117975716,-0.25,-0.25
2019-08-16,4.25,4.510000228881836,4.199999809265137,4.400000095367432,4.400000095367432,0.6195430644809565,4.513065451279363,0.1900000572204589,0.19000005722045898
2019-08-19,4.46999979019165,4.699999809265137,4.050000190734863,4.489999771118164,4.489999771118164,0.9304515409796146,2.0454471318191336,0.0899996757507324,0.08999967575073242
2019-08-20,4.519999980926514,4.53000020980835,4.389999866485596,4.5,4.5,0.2145648438109097,0.2227222581649535,0.0100002288818359,0.010000228881835938
2019-08-21,4.559999942779541,4.590000152587891,4.289999961853027,4.329999923706055,4.329999923706055,1.3449961763111586,-3.777779473198784,-0.1700000762939453,-0.1700000762939453
2019-08-22,4.329999923706055,4.539999961853027,4.25,4.5,4.5,0.4585084176790875,3.926098828852687,0.1700000762939453,0.1700000762939453
2019-08-23,4.320000171661377,4.599999904632568,4.170000076293945,4.510000228881836,4.510000228881836,0.8786334615631716,0.2222273084852455,0.0100002288818359,0.010000228881835938
2019-08-26,4.579999923706055,4.78000020980835,4.5,4.760000228881836,4.760000228881836,0.7080324000998054,5.543236969235865,0.25,0.25
2019-08-27,4.769999980926514,4.800000190734863,4.389999866485596,4.519999980926514,4.519999980926514,0.3333478258578329,-5.04202177342542,-0.2400002479553222,-0.24000024795532227
2019-08-28,4.480000019073486,4.760000228881836,4.460000038146973,4.730000019073486,4.730000019073486,0.7486896624111684,4.646018562679877,0.2100000381469726,0.21000003814697266
2019-08-29,4.800000190734863,5.050000190734863,4.78000020980835,4.78000020980835,4.78000020980835,0.7470952599675855,1.0570864806181746,0.0500001907348632,0.05000019073486328
2019-08-30,4.820000171661377,4.840000152587891,4.570000171661377,4.670000076293945,4.670000076293945,0.2456556914607755,-2.301257922304878,-0.1100001335144043,-0.1100001335144043
2019-09-03,4.610000133514404,4.630000114440918,4.340000152587891,4.429999828338623,4.429999828338623,0.4497392042393818,-5.139191521079878,-0.2400002479553222,-0.24000024795532227
2019-09-04,4.489999771118164,4.809999942779541,4.409999847412109,4.769999980926514,4.769999980926514,0.4712636372277504,7.674947308415603,0.3400001525878906,0.3400001525878906
2019-09-05,4.789999961853027,5.010000228881836,4.739999771118164,4.769999980926514,4.769999980926514,0.4258231675856389,0.0,0.0,0.0
2019-09-06,4.769999980926514,5.03000020980835,4.690000057220459,4.96999979019165,4.96999979019165,0.1276699106356437,4.192868135531724,0.1999998092651367,0.19999980926513672
2019-09-09,5.010000228881836,5.309999942779541,4.920000076293945,5.25,5.25,0.8300041870338943,5.633807276228331,0.2800002098083496,0.2800002098083496
2019-09-10,5.25,5.880000114440918,5.25,5.730000019073486,5.730000019073486,1.31231092621771,9.14285750616164,0.4800000190734863,0.48000001907348633
2019-09-11,5.78000020980835,6.239999771118164,5.550000190734863,6.210000038146973,6.210000038146973,1.487695195011825,8.376963655771497,0.4800000190734863,0.48000001907348633
2019-09-12,6.269999980926514,6.300000190734863,5.789999961853027,6.199999809265137,6.199999809265137,1.0301016937035434,-0.1610342805218434,-0.0100002288818359,-0.010000228881835938
2019-09-13,6.309999942779541,6.550000190734863,6.28000020980835,6.5,6.5,0.8897942786682516,4.838712902644771,0.3000001907348633,0.3000001907348633
2019-09-16,6.460000038146973,6.760000228881836,6.320000171661377,6.400000095367432,6.400000095367432,0.5892494180528822,-1.5384600712702867,-0.0999999046325683,-0.09999990463256836
2019-09-17,6.369999885559082,6.460000038146973,6.239999771118164,6.260000228881836,6.260000228881836,0.1882572034917925,-2.187497881241174,-0.1399998664855957,-0.1399998664855957
2019-09-18,6.25,6.360000133514404,5.940000057220459,6.050000190734863,6.050000190734863,0.4712636372277504,-3.354633074581903,-0.2100000381469726,-0.21000003814697266
2019-09-19,5.989999771118164,6.239999771118164,5.800000190734863,5.809999942779541,5.809999942779541,0.3652358747294901,-3.966946122131787,-0.2400002479553222,-0.24000024795532227
2019-09-20,5.78000020980835,5.880000114440918,5.590000152587891,5.599999904632568,5.599999904632568,1.7691072263041998,-3.6144585234971114,-0.2100000381469726,-0.21000003814697266
2019-09-23,5.510000228881836,5.789999961853027,5.510000228881836,5.730000019073486,5.730000019073486,-0.064455583816091,2.3214306545501278,0.1300001144409179,0.13000011444091797
2019-09-24,5.699999809265137,5.739999771118164,5.360000133514404,5.460000038146973,5.460000038146973,0.394732319935773,-4.712041536261136,-0.2699999809265136,-0.26999998092651367
2019-09-25,5.400000095367432,5.840000152587891,5.389999866485596,5.760000228881836,5.760000228881836,0.3349422283014158,5.494508949429933,0.3000001907348633,0.3000001907348633
2019-09-26,5.730000019073486,5.730000019073486,5.420000076293945,5.429999828338623,5.429999828338623,0.0415721786821692,-5.72917339288499,-0.3300004005432129,-0.3300004005432129
2019-09-27,5.389999866485596,5.480000019073486,5.190000057220459,5.239999771118164,5.239999771118164,-0.0046654921817337,-3.499080354088924,-0.1900000572204589,-0.19000005722045898
2019-09-30,5.170000076293945,5.349999904632568,5.039999961853027,5.179999828338623,5.179999828338623,0.2273200633595726,-1.1450371259603576,-0.059999942779541,-0.059999942779541016
2019-10-01,5.179999828338623,5.420000076293945,5.070000171661377,5.130000114440918,5.130000114440918,0.5509837594068935,-0.9652454740281646,-0.049999713897705,-0.04999971389770508
2019-10-02,5.03000020980835,5.139999866485596,4.929999828338623,5.090000152587891,5.090000152587891,0.0272225566899234,-0.779726334516595,-0.0399999618530273,-0.039999961853027344
2019-10-03,5.039999961853027,5.079999923706055,4.929999828338623,5.010000228881836,5.010000228881836,0.0734602275538264,-1.5717076877764025,-0.0799999237060546,-0.07999992370605469
2019-10-04,5.019999980926514,5.139999866485596,4.949999809265137,5.059999942779541,5.059999942779541,0.33175342341425,0.9979982357977812,0.049999713897705,0.04999971389770508
2019-10-07,5.150000095367432,5.329999923706055,5.03000020980835,5.139999866485596,5.139999866485596,0.3134177953130471,1.5810261780775825,0.0799999237060546,0.07999992370605469
2019-10-08,5.019999980926514,5.110000133514404,4.909999847412109,5.039999961853027,5.039999961853027,0.0240337518027577,-1.94552348696736,-0.0999999046325683,-0.09999990463256836
2019-10-09,5.099999904632568,5.190000057220459,5.03000020980835,5.139999866485596,5.139999866485596,-0.1712805475361428,1.9841251069335764,0.0999999046325683,0.09999990463256836
2019-10-10,5.150000095367432,5.260000228881836,5.150000095367432,5.170000076293945,5.170000076293945,-0.1330148888901541,0.5836616845840803,0.0300002098083496,0.03000020980834961
2019-10-11,5.28000020980835,5.489999771118164,5.28000020980835,5.309999942779541,5.309999942779541,0.1826767949392524,2.707927745060168,0.1399998664855957,0.1399998664855957
2019-10-14,5.269999980926514,5.300000190734863,5.150000095367432,5.159999847412109,5.159999847412109,-0.243825858719163,-2.824860583499622,-0.1500000953674316,-0.15000009536743164
2019-10-15,5.099999904632568,5.380000114440918,5.019999980926514,5.239999771118164,5.239999771118164,-0.278902712477986,1.5503861641813277,0.0799999237060546,0.07999992370605469
2019-10-16,5.190000057220459,5.349999904632568,5.190000057220459,5.28000020980835,5.28000020980835,-0.2709307002600716,0.7633671839197387,0.0400004386901855,0.04000043869018555
2019-10-17,5.329999923706055,5.349999904632568,5.190000057220459,5.210000038146973,5.210000038146973,-0.0349591386098081,-1.3257607742390154,-0.0700001716613769,-0.07000017166137695
2019-10-18,5.139999866485596,5.190000057220459,4.869999885559082,4.949999809265137,4.949999809265137,0.7965217357186543,-4.990407427603582,-0.2600002288818359,-0.26000022888183594
2019-10-21,5.050000190734863,5.119999885559082,4.860000133514404,5.070000171661377,5.070000171661377,0.252033301235107,2.4242498387905043,0.1200003623962402,0.12000036239624023
2019-10-22,5.03000020980835,5.199999809265137,4.960000038146973,5.190000057220459,5.190000057220459,-0.070035992368631,2.366861567970302,0.119999885559082,0.11999988555908203
2019-10-23,5.239999771118164,5.309999942779541,5.039999961853027,5.199999809265137,5.199999809265137,-0.0373507422751824,0.192673447676861,0.0099997520446777,0.009999752044677734
2019-10-24,5.230000019073486,5.230000019073486,4.989999771118164,5.090000152587891,5.090000152587891,-0.1991825902988429,-2.115378090615572,-0.1099996566772461,-0.1099996566772461
2019-10-25,5.070000171661377,5.449999809265137,5.019999980926514,5.429999828338623,5.429999828338623,0.1157118923087723,6.679757673049736,0.3399996757507324,0.3399996757507324
2019-10-28,5.449999809265137,5.789999961853027,5.449999809265137,5.699999809265137,5.699999809265137,0.413067948036976,4.972375496540726,0.2699999809265136,0.26999998092651367
2019-10-29,4.980000019073486,4.980000019073486,4.079999923706055,4.309999942779541,4.309999942779541,1.8854986046857487,-24.385963385932097,-1.3899998664855957,-1.3899998664855957
2019-10-30,4.53000020980835,4.809999942779541,4.440000057220459,4.449999809265137,4.449999809265137,0.5533753630722678,3.248256806131389,0.1399998664855957,0.1399998664855957
2019-10-31,4.389999866485596,4.449999809265137,4.199999809265137,4.230000019073486,4.230000019073486,0.2384808804646526,-4.943815721825406,-0.2199997901916504,-0.2199997901916504
2019-11-01,4.25,4.650000095367432,4.25,4.550000190734863,4.550000190734863,-0.0102459007342737,7.565015844408141,0.3200001716613769,0.32000017166137695
2019-11-04,4.579999923706055,4.710000038146973,4.539999961853027,4.619999885559082,4.619999885559082,-0.0740219984775882,1.5384547668098714,0.0699996948242187,0.06999969482421875
2019-11-05,4.599999904632568,4.75,4.400000095367432,4.400000095367432,4.400000095367432,-0.1266372791158226,-4.761900338554392,-0.2199997901916504,-0.2199997901916504
2019-11-06,4.300000190734863,4.429999828338623,4.099999904632568,4.119999885559082,4.119999885559082,0.2815297464413899,-6.363640994079745,-0.2800002098083496,-0.2800002098083496
2019-11-07,4.179999828338623,4.289999961853027,4.070000171661377,4.260000228881836,4.260000228881836,0.5932354241618394,3.398066679891576,0.1400003433227539,0.1400003433227539
2019-11-08,4.21999979019165,4.349999904632568,4.21999979019165,4.300000190734863,4.300000190734863,-0.0142319068432309,0.9389661902325042,0.0399999618530273,0.039999961853027344
2019-11-11,4.300000190734863,4.429999828338623,4.269999980926514,4.360000133514404,4.360000133514404,-0.2510006697152859,1.3953474446076086,0.059999942779541,0.059999942779541016
2019-11-12,4.389999866485596,4.400000095367432,4.300000190734863,4.329999923706055,4.329999923706055,-0.0501059618238453,-0.6880781855428064,-0.0300002098083496,-0.03000020980834961
2019-11-13,4.199999809265137,4.380000114440918,4.199999809265137,4.309999942779541,4.309999942779541,0.1531803497329695,-0.4618933320764462,-0.0199999809265136,-0.019999980926513672
2019-11-14,4.300000190734863,4.300000190734863,3.920000076293945,3.940000057220459,3.940000057220459,0.3277674173052929,-8.584684233672334,-0.369999885559082,-0.36999988555908203
2019-11-15,3.9800000190734863,4.050000190734863,3.809999942779541,3.880000114440918,3.880000114440918,-0.0461199557148881,-1.522841165181832,-0.059999942779541,-0.059999942779541016
2019-11-18,3.799999952316284,3.799999952316284,3.569999933242798,3.680000066757202,3.680000066757202,0.1906488071571667,-5.15464025218294,-0.2000000476837158,-0.20000004768371582
2019-11-19,3.700000047683716,3.819999933242798,3.700000047683716,3.7200000286102295,3.7200000286102295,-0.0987352363531225,1.0869554654186595,0.0399999618530273,0.039999961853027344
2019-11-20,3.700000047683716,3.759999990463257,3.549999952316284,3.5799999237060547,3.5799999237060547,0.1228867033048951,-3.7634436512754,-0.1400001049041748,-0.1400001049041748
2019-11-21,3.569999933242798,3.609999895095825,3.430000066757202,3.5899999141693115,3.5899999141693115,0.1715159778341724,0.2793293485018999,0.0099999904632568,0.009999990463256836
2019-11-22,3.609999895095825,3.650000095367432,3.5299999713897705,3.5299999713897705,3.5299999713897705,-0.0277843276136852,-1.6713076382739778,-0.059999942779541,-0.059999942779541016
2019-11-25,3.509999990463257,3.809999942779541,3.509999990463257,3.7300000190734863,3.7300000190734863,0.0766490324409921,5.665723776336895,0.2000000476837158,0.20000004768371582
2019-11-26,3.7200000286102295,4.059999942779541,3.660000085830689,3.7300000190734863,3.7300000190734863,0.3851659052742759,0.0,0.0,0.0
2019-11-27,3.75,3.900000095367432,3.7200000286102295,3.880000114440918,3.880000114440918,0.0343973676860463,4.021450257383408,0.1500000953674316,0.15000009536743164
2019-11-29,3.869999885559082,4.010000228881836,3.859999895095825,3.9600000381469727,3.9600000381469727,-0.2406370538319972,2.061853642949752,0.0799999237060546,0.07999992370605469
2019-12-02,4.039999961853027,4.039999961853027,3.75,3.7899999618530273,3.7899999618530273,-0.0301759312790595,-4.292931178189951,-0.1700000762939453,-0.1700000762939453
2019-12-03,3.809999942779541,3.809999942779541,3.660000085830689,3.75,3.75,-0.0222039190611452,-1.0554079750826784,-0.0399999618530273,-0.039999961853027344
2019-12-04,3.759999990463257,3.849999904632568,3.559999942779541,3.5799999237060547,3.5799999237060547,0.2615997158966041,-4.533335367838543,-0.1700000762939453,-0.1700000762939453
2019-12-05,3.559999942779541,3.650000095367432,3.4600000381469727,3.470000028610229,3.470000028610229,0.0981734654293608,-3.072622833520977,-0.1099998950958256,-0.10999989509582564
2019-12-06,3.569999933242798,3.7100000381469727,3.359999895095825,3.430000066757202,3.430000066757202,1.7667156226388254,-1.15273664332064,-0.0399999618530269,-0.0399999618530269
2019-12-09,3.430000066757202,3.490000009536743,3.4100000858306885,3.430000066757202,3.430000066757202,0.4983684787686591,0.0,0.0,0.0
2019-12-10,3.400000095367432,3.4800000190734863,3.380000114440918,3.430000066757202,3.430000066757202,0.1659355692816324,0.0,0.0,0.0
2019-12-11,3.430000066757202,3.5199999809265137,3.400000095367432,3.490000009536743,3.490000009536743,0.0575162031179978,1.749269434745715,0.059999942779541,0.059999942779541016
2019-12-13,3.440000057220459,3.559999942779541,3.440000057220459,3.5,3.5,0.3349422283014158,0.2865326772472976,0.0099999904632568,0.009999990463256836
2019-12-16,3.549999952316284,3.740000009536743,3.5199999809265137,3.690000057220459,3.690000057220459,1.2692620602409728,5.428573063441688,0.1900000572204589,0.19000005722045898
2019-12-17,3.700000047683716,4.349999904632568,3.700000047683716,4.340000152587891,4.340000152587891,1.0771365657892378,17.615178463087954,0.6500000953674316,0.6500000953674316
2019-12-18,4.340000152587891,4.829999923706055,4.329999923706055,4.610000133514404,4.610000133514404,0.9376263519757374,6.221197498472808,0.2699999809265136,0.26999998092651367
2019-12-19,4.550000190734863,4.809999942779541,4.550000190734863,4.670000076293945,4.670000076293945,0.3142149965348386,1.3015171592587471,0.059999942779541,0.059999942779541016
2019-12-23,4.860000133514404,4.960000038146973,4.579999923706055,4.630000114440918,4.630000114440918,0.2815297464413899,-0.8565302184057044,-0.0399999618530273,-0.039999961853027344
2019-12-24,4.590000152587891,4.670000076293945,4.269999980926514,4.46999979019165,4.46999979019165,0.0527329957872492,-3.4557304599243666,-0.1600003242492675,-0.16000032424926758
2019-12-26,4.429999828338623,4.570000171661377,4.380000114440918,4.400000095367432,4.400000095367432,-0.2749167063690288,-1.5659887720311794,-0.0699996948242187,-0.06999969482421875
2019-12-27,4.5,4.659999847412109,4.21999979019165,4.239999771118164,4.239999771118164,0.2472500939043583,-3.636370926848953,-0.1600003242492675,-0.16000032424926758
2019-12-30,4.25,4.349999904632568,4.190000057220459,4.199999809265137,4.199999809265137,0.3716134845038216,-0.943395377648304,-0.0399999618530273,-0.039999961853027344
2019-12-31,4.199999809265137,4.320000171661377,4.179999828338623,4.199999809265137,4.199999809265137,0.8315985894774771,0.0,0.0,0.0
2020-01-02,4.239999771118164,4.239999771118164,4.019999980926514,4.019999980926514,4.019999980926514,0.5087320946519477,-4.285710393165876,-0.179999828338623,-0.17999982833862305
2020-01-03,4.0,4.119999885559082,3.9600000381469727,4.050000190734863,4.050000190734863,0.3301590209706672,0.7462738793704071,0.0300002098083496,0.03000020980834961
2020-01-06,3.990000009536743,4.21999979019165,3.990000009536743,4.119999885559082,4.119999885559082,0.5055432897647819,1.7283874451254675,0.0699996948242187,0.06999969482421875
2020-01-07,4.110000133514404,4.119999885559082,3.920000076293945,4.0,4.0,0.0917958556550293,-2.912618662434696,-0.119999885559082,-0.11999988555908203
2020-01-08,4.019999980926514,4.019999980926514,3.75,3.799999952316284,3.799999952316284,0.372410685725613,-5.000001192092896,-0.2000000476837158,-0.20000004768371582
2020-01-09,3.759999990463257,3.799999952316284,3.630000114440918,3.650000095367432,3.650000095367432,0.4457531981304246,-3.9473647060816353,-0.1499998569488521,-0.1499998569488521
2020-01-10,3.539999961853028,3.7300000190734863,3.5,3.680000066757202,3.680000066757202,0.1292643130792266,0.8219170029021727,0.02999997138977,0.029999971389770064
2020-01-13,3.690000057220459,3.7200000286102295,3.5199999809265137,3.660000085830689,3.660000085830689,0.0328029652424634,-0.5434777327093077,-0.0199999809265132,-0.019999980926513228
2020-01-14,3.660000085830689,3.7799999713897705,3.609999895095825,3.7300000190734863,3.7300000190734863,0.8818222664503373,1.9125664371920423,0.0699999332427974,0.06999993324279741
2020-01-15,3.7200000286102295,3.869999885559082,3.690000057220459,3.75,3.75,0.9543675776333576,0.5361925153952507,0.0199999809265136,0.019999980926513672
2020-01-16,3.7899999618530273,4.170000076293945,3.7899999618530273,3.9800000190734863,3.9800000190734863,1.0524233279137034,6.133333841959643,0.2300000190734863,0.23000001907348633
2020-01-17,4.03000020980835,4.369999885559082,3.9800000190734863,4.090000152587891,4.090000152587891,1.6176389941638278,2.763822436865504,0.1100001335144043,0.1100001335144043
2020-01-21,4.059999942779541,4.059999942779541,3.799999952316284,3.910000085830689,3.910000085830689,0.6091794485976679,-4.400979463125676,-0.1800000667572017,-0.1800000667572017
2020-01-22,3.900000095367432,4.019999980926514,3.7100000381469727,3.75,3.75,1.148087474528675,-4.092073716583988,-0.1600000858306889,-0.16000008583068892
2020-01-23,3.700000047683716,3.849999904632568,3.539999961853028,3.7699999809265137,3.7699999809265137,1.4223246948249273,0.5333328247070224,0.0199999809265136,0.019999980926513672
2020-01-24,3.7699999809265137,3.819999933242798,3.5899999141693115,3.680000066757202,3.680000066757202,1.0101716631587576,-2.3872656399110403,-0.0899999141693115,-0.08999991416931152
2020-01-27,3.5799999237060547,3.7300000190734863,3.549999952316284,3.559999942779541,3.559999942779541,0.8730530530106315,-3.26087287502157,-0.1200001239776611,-0.12000012397766113
2020-01-28,3.5799999237060547,3.690000057220459,3.509999990463257,3.559999942779541,3.559999942779541,0.4505364054611732,0.0,0.0,0.0
2020-01-29,3.569999933242798,3.640000104904175,3.25,3.25,3.25,1.6846038967943082,-8.70786370118597,-0.309999942779541,-0.309999942779541
2020-01-30,3.2699999809265137,3.289999961853028,3.109999895095825,3.220000028610229,3.220000028610229,1.0595981389098263,-0.9230760427621832,-0.0299999713897709,-0.029999971389770952
2020-01-31,3.2100000381469727,3.220000028610229,3.0,3.0199999809265137,3.0199999809265137,1.2222271881552782,-6.21118154989696,-0.2000000476837153,-0.20000004768371538
2020-02-03,3.0299999713897705,3.049999952316284,2.799999952316284,2.809999942779541,2.809999942779541,2.0481276539312008,-6.953643691168043,-0.2100000381469726,-0.21000003814697266
2020-02-04,2.900000095367432,3.259999990463257,2.869999885559082,3.109999895095825,3.109999895095825,1.2286047979296095,10.67615510410067,0.2999999523162842,0.2999999523162842
2020-02-05,3.2100000381469727,3.4100000858306885,3.2100000381469727,3.3299999237060547,3.3299999237060547,0.959150784964106,7.073956142479254,0.2200000286102295,0.2200000286102295
2020-02-06,3.440000057220459,3.470000028610229,3.119999885559082,3.150000095367432,3.150000095367432,0.6243262718117052,-5.405400374252722,-0.1799998283386226,-0.1799998283386226
2020-02-07,3.150000095367432,3.150000095367432,2.990000009536743,3.0299999713897705,3.0299999713897705,0.1826767949392524,-3.809527629987708,-0.1200001239776615,-0.12000012397766158
2020-02-10,3.0199999809265137,3.059999942779541,2.950000047683716,3.009999990463257,3.009999990463257,0.3716134845038216,-0.6600653833452097,-0.0199999809265136,-0.019999980926513672
2020-02-11,3.0299999713897705,3.140000104904175,2.859999895095825,2.859999895095825,2.859999895095825,0.2249284596941983,-4.983391888461297,-0.1500000953674316,-0.15000009536743164
2020-02-12,2.900000095367432,2.9800000190734863,2.859999895095825,2.930000066757202,2.930000066757202,0.1778935876085039,2.447558539474404,0.0700001716613769,0.07000017166137695
2020-02-13,2.900000095367432,2.9800000190734863,2.869999885559082,2.930000066757202,2.930000066757202,-0.0509031630456367,0.0,0.0,0.0
2020-02-14,2.900000095367432,2.930000066757202,2.700000047683716,2.789999961853028,2.789999961853028,0.7080324000998054,-4.7781604680685374,-0.1400001049041743,-0.14000010490417436
2020-02-18,2.75,2.7699999809265137,2.619999885559082,2.650000095367432,2.650000095367432,0.7199904184266769,-5.0179164300996,-0.1399998664855957,-0.1399998664855957
2020-02-19,2.640000104904175,2.6700000762939453,2.509999990463257,2.539999961853028,2.539999961853028,0.2918933623246785,-4.150948285122702,-0.1100001335144043,-0.1100001335144043
2020-02-20,2.539999961853028,2.640000104904175,2.509999990463257,2.5199999809265137,2.5199999809265137,0.2807325452195984,-0.7874008357040774,-0.0199999809265141,-0.019999980926514116
2020-02-21,2.509999990463257,2.509999990463257,2.400000095367432,2.4100000858306885,2.4100000858306885,0.2432640877954012,-4.365075235253856,-0.1099998950958252,-0.1099998950958252
2020-02-24,2.319999933242798,2.3299999237060547,2.1600000858306885,2.289999961853028,2.289999961853028,0.6538227170179881,-4.979258079001214,-0.1200001239776606,-0.12000012397766069
2020-02-25,2.5,2.5199999809265137,1.8799999952316284,1.9299999475479128,1.9299999475479128,2.0553024649273235,-15.720524904018308,-0.3600000143051149,-0.36000001430511497
2020-02-26,2.0,2.140000104904175,1.7899999618530271,1.830000042915344,1.830000042915344,2.7831471804229,-5.181342349756013,-0.0999999046325688,-0.0999999046325688
2020-02-27,1.7599999904632568,1.8600000143051147,1.6399999856948853,1.809999942779541,1.809999942779541,1.4645763595798733,-1.092901621135545,-0.020000100135803,-0.020000100135803
2020-02-28,1.7699999809265137,2.0199999809265137,1.7699999809265137,1.950000047683716,1.950000047683716,2.043344446600452,7.734812670169622,0.140000104904175,0.14000010490417503
2020-03-02,2.0199999809265137,2.0299999713897705,1.8799999952316284,1.9600000381469729,1.9600000381469729,1.281220078567844,0.5128200112166859,0.0099999904632568,0.009999990463256836
2020-03-03,1.9800000190734863,1.9800000190734863,1.7699999809265137,1.899999976158142,1.899999976158142,1.064381346240575,-3.0612275929114863,-0.0600000619888307,-0.06000006198883079
2020-03-04,1.9700000286102293,1.9700000286102293,1.7699999809265137,1.909999966621399,1.909999966621399,1.0564093340226606,0.5263152941442195,0.0099999904632568,0.009999990463256836
2020-03-05,1.840000033378601,1.919999957084656,1.7599999904632568,1.899999976158142,1.899999976158142,1.4374715180389646,-0.5235597192677299,-0.0099999904632568,-0.009999990463256836
2020-03-06,1.830000042915344,1.9900000095367432,1.7899999618530271,1.950000047683716,1.950000047683716,1.6431494332611538,2.631582744894323,0.0500000715255739,0.05000007152557395
2020-03-09,1.8799999952316284,1.8799999952316284,1.659999966621399,1.690000057220459,1.690000057220459,0.9551647788551488,-13.333332518227117,-0.259999990463257,-0.25999999046325706
2020-03-10,1.9299999475479128,1.9700000286102293,1.7400000095367432,1.7799999713897705,1.7799999713897705,1.3314437555407044,5.325438527933213,0.0899999141693115,0.08999991416931152
2020-03-11,1.7200000286102295,1.7799999713897705,1.6200000047683716,1.7300000190734863,1.7300000190734863,1.8057784825066057,-2.8089861303337904,-0.0499999523162841,-0.04999995231628418
2020-03-12,1.6100000143051147,1.909999966621399,1.5499999523162842,1.6699999570846558,1.6699999570846558,2.893160949030117,-3.46821163741744,-0.0600000619888305,-0.060000061988830566
2020-03-13,1.7699999809265137,1.820000052452088,1.7000000476837158,1.7799999713897705,1.7799999713897705,1.271653663906347,6.5868273731661375,0.1100000143051147,0.11000001430511475
2020-03-16,1.6399999856948853,1.75,1.5499999523162842,1.600000023841858,1.600000023841858,1.4916812011207818,-10.112356766352873,-0.1799999475479126,-0.1799999475479126
2020-03-17,1.659999966621399,1.7200000286102295,1.559999942779541,1.7000000476837158,1.7000000476837158,1.0667729499059493,6.25000139698384,0.1000000238418579,0.10000002384185791
2020-03-18,1.590000033378601,1.6699999570846558,1.5,1.5700000524520874,1.5700000524520874,1.2134579747155725,-7.647058328542755,-0.1299999952316284,-0.12999999523162842
2020-03-19,1.5199999809265137,1.7999999523162842,1.5199999809265137,1.690000057220459,1.690000057220459,1.739610781097917,7.643312150273562,0.1200000047683715,0.12000000476837158
2020-03-20,1.6799999475479126,1.7799999713897705,1.559999942779541,1.7000000476837158,1.7000000476837158,2.380560563418227,0.5917153919925866,0.0099999904632568,0.009999990463256836
2020-03-23,1.7699999809265137,1.830000042915344,1.6799999475479126,1.7899999618530271,1.7899999618530271,1.0332904985907092,5.294112449698929,0.0899999141693113,0.0899999141693113
2020-03-24,1.909999966621399,1.950000047683716,1.820000052452088,1.909999966621399,1.909999966621399,1.1903391392836211,6.703911023782738,0.1200000047683718,0.1200000047683718
2020-03-25,1.9600000381469729,2.2300000190734863,1.850000023841858,2.180000066757202,2.180000066757202,0.7662280892905798,14.136131144201356,0.2700001001358032,0.2700001001358032
2020-03-26,2.2799999713897705,2.359999895095825,2.150000095367432,2.240000009536743,2.240000009536743,0.5733053936170536,2.7522908689077363,0.059999942779541,0.059999942779541016
2020-03-27,2.1700000762939453,2.2300000190734863,2.0,2.069999933242798,2.069999933242798,0.7407176501932541,-7.58928908795421,-0.1700000762939453,-0.1700000762939453
2020-03-30,2.0199999809265137,2.140000104904175,1.9800000190734863,2.0299999713897705,2.0299999713897705,0.4258231675856389,-1.93236536922804,-0.0399999618530273,-0.039999961853027344
2020-03-31,1.9800000190734863,2.1600000858306885,1.899999976158142,2.0999999046325684,2.0999999046325684,0.4401727895778846,3.448272622135784,0.0699999332427978,0.06999993324279785
2020-04-01,1.9900000095367432,1.9900000095367432,1.659999966621399,1.6699999570846558,1.6699999570846558,0.6522283145744052,-20.476188908358484,-0.4299999475479126,-0.4299999475479126
