Date,Open,High,Low,Close,Adj Close,Volume,Daily_Return,Adj Close Diff,Price_Diff
2007-08-14,32.45000076293945,32.70000076293945,29.979999542236328,30.030000686645508,29.09900283813477,0.0041920682504811,,,
2007-08-15,30.209999084472656,30.209999084472656,28.049999237060547,28.559999465942383,27.674575805664062,1.1013987504273253,-4.895105995192283,-1.424427032470707,-1.4244270324707067
2007-08-16,28.25,30.0,25.059999465942383,28.100000381469727,27.228836059570312,1.4332858435720597,-1.6106470763050384,-0.44573974609375,-0.44573974609375
2007-08-17,30.31999969482422,33.63999938964844,30.0,32.849998474121094,31.831573486328125,-0.4868975630924619,16.903908109359133,4.6027374267578125,4.6027374267578125
2007-08-20,32.900001525878906,33.5,29.5,30.46999931335449,29.52535820007324,-1.0694927974718529,-7.245055879017171,-2.3062152862548864,-2.3062152862548864
2007-08-21,29.709999084472656,30.290000915527344,27.76000022888184,29.020000457763672,28.12031364440918,-1.225826821468292,-4.758772259909694,-1.405044555664059,-1.405044555664059
2007-08-22,29.14999961853028,30.82999992370605,29.14999961853028,29.56999969482422,28.65325736999512,-1.5201363785698456,1.8952268183249688,0.532943725585941,0.532943725585941
2007-08-23,30.88999938964844,30.88999938964844,28.89999961853028,30.0,29.06992530822754,-1.0416682097146883,1.454173020721683,0.4166679382324183,0.4166679382324183
2007-08-24,29.15999984741211,30.25,28.520000457763672,30.0,29.06992530822754,-1.329953886992526,0.0,0.0,0.0
2007-08-27,29.3700008392334,30.25,28.51000022888184,29.39999961853028,28.4885311126709,-1.2467669751412098,-1.999985171589313,-0.5813941955566406,-0.5813941955566406
2007-08-28,29.299999237060547,29.799999237060547,28.5,28.89999961853028,28.00403213500977,-0.9042663794499282,-1.7006807958787284,-0.4844989776611292,-0.48449897766112926
2007-08-29,29.520000457763672,30.71999931335449,28.76000022888184,29.32999992370605,28.42070198059082,-1.4171567187263197,1.4878923276914202,0.4166698455810511,0.41666984558105113
2007-08-30,29.75,29.75,28.549999237060547,28.75,27.858686447143555,-0.9989273481083226,-1.977486459803424,-0.5620155334472656,-0.5620155334472656
2007-08-31,29.14999961853028,29.14999961853028,28.0,28.1200008392334,27.24821853637696,-1.5453793035454175,-2.191301847360405,-0.610467910766598,-0.6104679107665945
2007-09-04,28.01000022888184,29.0,27.280000686645508,28.0,27.13193893432617,-1.354909960547921,-0.4267420341463879,-0.1162796020507883,-0.11627960205079191
2007-09-05,27.3799991607666,28.90999984741211,27.0,28.51000022888184,27.626123428344727,-1.17333301157591,1.8214123775479152,0.4941844940185582,0.49418449401855824
2007-09-06,28.86000061035156,32.25,28.76000022888184,29.93000030517578,29.00210189819336,-1.2292690385104157,4.98071498673196,1.3759784698486328,1.3759784698486328
2007-09-07,30.68000030517578,31.700000762939453,29.25,29.5,28.585432052612305,-1.5287419211751545,-1.436688440871281,-0.4166698455810547,-0.4166698455810547
2007-09-10,29.75,30.65999984741211,29.06999969482422,29.299999237060547,28.39163398742676,-1.4051089590788877,-0.6779609446827761,-0.1937980651855433,-0.19379806518554332
2007-09-11,29.670000076293945,29.75,28.82999992370605,29.07999992370605,28.178451538085938,-1.439244278079945,-0.7508636150889814,-0.2131824493408238,-0.21318244934082387
2007-09-12,28.8700008392334,29.76000022888184,28.280000686645508,29.170000076293945,28.265668869018555,-1.524152298452323,0.3095178271763199,0.0872173309326171,0.08721733093261719
2007-09-13,29.200000762939453,29.440000534057617,28.940000534057617,29.0,28.10093116760254,-1.6784783625075237,-0.5828190451795057,-0.1647377014160156,-0.16473770141601562
2007-09-14,28.61000061035156,29.76000022888184,28.040000915527344,28.5,27.616436004638672,-1.4074037704403033,-1.7241249411778958,-0.4844951629638672,-0.4844951629638672
2007-09-17,28.25,28.40999984741211,27.61000061035156,27.75,26.889684677124023,-1.537347463780463,-2.6315898524797987,-0.7267513275146484,-0.7267513275146484
2007-09-18,27.75,29.15999984741211,27.46999931335449,28.0,27.13193893432617,-1.2622569518307651,0.9009189215529956,0.2422542572021448,0.24225425720214488
2007-09-19,30.100000381469727,33.7400016784668,30.049999237060547,33.279998779296875,32.24824142456055,0.2563344665860225,18.857120763166147,5.1163024902343786,5.1163024902343786
2007-09-20,33.4900016784668,38.34999847412109,32.9900016784668,37.060001373291016,35.91106033325195,-0.2947071115739036,11.358197367940104,3.6628189086914062,3.6628189086914062
2007-09-21,36.52000045776367,40.66999816894531,35.630001068115234,40.52000045776367,39.26378631591797,-0.8141950335143651,9.336193227248014,3.352725982666016,3.3527259826660156
2007-09-24,38.27000045776367,41.29999923706055,38.2599983215332,41.060001373291016,39.78705596923828,-0.8477566496750685,1.3327029877099994,0.5232696533203125,0.5232696533203125
2007-09-25,38.720001220703125,39.9900016784668,37.06999969482422,38.20000076293945,37.01571273803711,-0.9917560626038988,-6.965439295995813,-2.771343231201172,-2.771343231201172
2007-09-26,38.0,38.119998931884766,36.5,38.08000183105469,36.89943313598633,-0.8064500451695873,-0.3141357911266018,-0.1162796020507812,-0.11627960205078125
2007-09-27,38.5,39.91999816894531,35.7599983215332,36.91999816894531,35.77539825439453,-0.6524108325345637,-3.046211787182107,-1.1240348815917969,-1.1240348815917969
2007-09-28,36.22999954223633,38.0,35.369998931884766,36.2599983215332,35.13585662841797,2.763989581772943,-1.7876576004237863,-0.6395416259765625,-0.6395416259765625
2007-10-01,36.630001068115234,39.2400016784668,35.560001373291016,36.709999084472656,35.571922302246094,-1.0904329511447706,1.2410845093084657,0.436065673828125,0.436065673828125
2007-10-02,37.630001068115234,40.0,37.2400016784668,39.400001525878906,38.17851257324219,-0.8709916147094017,7.327662106221089,2.6065902709960938,2.6065902709960938
2007-10-03,39.15999984741211,42.790000915527344,38.56999969482422,42.119998931884766,40.814186096191406,-0.6449526956099629,6.903552143088088,2.6356735229492188,2.6356735229492188
2007-10-04,42.709999084472656,43.75,40.20000076293945,41.27000045776367,39.990535736083984,-1.1219866073642353,-2.0180492100619896,-0.8236503601074219,-0.8236503601074219
2007-10-05,42.25,43.220001220703125,40.0,41.11000061035156,39.83549118041992,0.3940231482709598,-0.3877031222769167,-0.1550445556640625,-0.1550445556640625
2007-10-08,40.86000061035156,41.34000015258789,39.36000061035156,41.02000045776367,39.74828720092773,-1.4492840777861384,-0.2189102654646224,-0.0872039794921946,-0.0872039794921946
2007-10-09,40.970001220703125,45.43000030517578,40.65999984741211,45.380001068115234,43.97311782836914,-0.5812716803306794,10.628962717525114,4.224830627441413,4.224830627441413
2007-10-10,45.56999969482422,45.56999969482422,43.900001525878906,44.93999862670898,43.546756744384766,-1.0715007574130917,-0.9695948457612236,-0.426361083984375,-0.426361083984375
2007-10-11,45.119998931884766,45.4900016784668,40.400001525878906,41.209999084472656,39.93238830566406,-0.7941154341019784,-8.299971591309763,-3.614368438720703,-3.614368438720703
2007-10-12,41.0,42.63999938964844,40.09999847412109,40.459999084472656,39.20564270019531,-1.2321375527121852,-1.819940244760332,-0.72674560546875,-0.72674560546875
2007-10-15,41.34999847412109,42.13999938964844,37.0,38.43999862670898,37.24826431274414,-1.0717876088332683,-4.992593546850388,-1.957378387451172,-1.9573783874511719
2007-10-16,38.04999923706055,38.650001525878906,35.459999084472656,36.93000030517578,35.78508758544922,-1.0623215119674292,-3.928174249972527,-1.463176727294922,-1.4631767272949219
2007-10-17,37.81999969482422,39.5,37.18999862670898,38.58000183105469,37.38393020629883,-1.1595641434074162,4.467901935497065,1.5988426208496094,1.5988426208496094
2007-10-18,38.209999084472656,41.0,37.22999954223633,39.84000015258789,38.6048698425293,-1.2020181535936052,3.265947773529576,1.2209396362304688,1.2209396362304688
2007-10-19,39.79999923706055,40.34999847412109,37.29999923706055,37.29999923706055,36.14361953735352,-1.4908775337117963,-6.375491784366338,-2.461250305175774,-2.461250305175774
2007-10-22,37.25,39.68000030517578,36.47999954223633,38.63999938964844,37.44207763671875,-1.2918026481089913,3.592496036605586,1.2984580993652273,1.2984580993652273
2007-10-23,39.56999969482422,44.119998931884766,39.56999969482422,42.83000183105469,41.50217056274414,-0.7794860116729537,10.843663552590188,4.060092926025391,4.060092926025391
2007-10-24,42.22999954223633,42.38999938964844,37.470001220703125,39.380001068115234,38.15913391113281,-0.7155181449734933,-8.05508870086019,-3.343036651611328,-3.343036651611328
2007-10-25,39.34999847412109,40.34999847412109,38.36000061035156,40.02999877929688,38.78899002075195,-1.4314992897351673,1.650603787512539,0.6298561096191406,0.6298561096191406
2007-10-26,40.11000061035156,43.34999847412109,39.65999984741211,43.06999969482422,41.73472595214844,-1.0763772315560998,7.594257880446298,2.9457359313964844,2.9457359313964844
2007-10-29,43.15999984741211,45.91999816894531,42.380001068115234,44.59000015258789,43.20760726928711,-0.7637091835632214,3.529150565951777,1.472881317138672,1.4728813171386719
2007-10-30,44.59999847412109,48.15999984741211,44.59999847412109,45.86000061035156,44.4382438659668,-0.5806979774903255,2.8481942751651834,1.2306365966796875,1.2306365966796875
2007-10-31,46.18000030517578,46.18000030517578,41.13999938964844,44.68000030517578,43.29481887817383,-0.7791991602527768,-2.5730651986197506,-1.1434249877929688,-1.1434249877929688
2007-11-01,44.209999084472656,44.400001525878906,40.5,41.36000061035156,40.077754974365234,-0.9200432075596606,-7.430597903321889,-3.2170639038085938,-3.2170639038085938
2007-11-02,42.02999877929688,45.0,40.5,44.34000015258789,42.96535110473633,-1.0376522898322111,7.20498474083211,2.8875961303710938,2.8875961303710938
2007-11-05,43.20000076293945,44.93999862670898,42.27999877929688,43.52999877929688,42.18047332763672,-1.3463044179426125,-1.8267691451800736,-0.7848777770996094,-0.7848777770996094
2007-11-06,43.5,45.79999923706055,43.20000076293945,45.47999954223633,44.07002639770508,-1.3471649722031431,4.47968673891177,1.8895530700683596,1.8895530700683594
2007-11-07,44.34000015258789,44.84000015258789,37.34000015258789,39.400001525878906,38.17851257324219,-0.4163321137289316,-13.368528013338532,-5.891513824462891,-5.891513824462891
2007-11-08,40.0,40.0,36.18000030517578,37.52000045776367,36.35679244995117,-0.7493666125543738,-4.771584853643008,-1.821720123291016,-1.8217201232910156
2007-11-09,37.77000045776367,37.77000045776367,34.38999938964844,36.7599983215332,35.6203498840332,-0.9183220990385988,-2.025598289320374,-0.7364425659179688,-0.7364425659179688
2007-11-12,36.650001525878906,38.0,32.66999816894531,35.18000030517578,34.08934020996094,-0.8534936780786075,-4.298132048272041,-1.5310096740722656,-1.5310096740722656
2007-11-13,36.02000045776367,41.59999847412109,35.349998474121094,41.060001373291016,39.78705596923828,-0.7981313539844557,16.714068750478383,5.697715759277344,5.697715759277344
2007-11-14,45.0,46.86000061035156,41.5,43.18999862670898,41.85100173950195,-0.4734155463441452,5.187480500842856,2.063945770263672,2.063945770263672
2007-11-15,43.33000183105469,47.70000076293945,42.33000183105469,46.43999862670898,45.00025177001953,0.0314429531672916,7.524909559201998,3.149250030517578,3.149250030517578
2007-11-16,46.540000915527344,47.20000076293945,43.709999084472656,46.5099983215332,45.06807708740234,-0.6538450896354485,0.1507220842439594,0.0678253173828054,0.0678253173828054
2007-11-19,46.02999877929688,47.04999923706055,44.02000045776367,44.68999862670898,43.30450439453125,-1.0281861929663718,-3.9131305501473257,-1.7635726928710866,-1.7635726928710866
2007-11-20,45.150001525878906,46.11000061035156,43.0,43.619998931884766,42.267677307128906,-1.094448871027248,-2.394270762127182,-1.0368270874023438,-1.0368270874023438
2007-11-21,42.59999847412109,43.0,40.34000015258789,41.20000076293945,39.92270660400391,-1.4246148556509204,-5.547905284896004,-2.344970703124993,-2.344970703124993
2007-11-23,40.2599983215332,42.52000045776367,40.0099983215332,42.36000061035156,41.04673767089844,-1.4022404448771182,2.8155181912986604,1.124031066894524,1.1240310668945241
2007-11-26,42.58000183105469,43.11000061035156,41.0,41.16999816894531,39.89364242553711,-1.3798660341033158,-2.8092250707145827,-1.153095245361328,-1.1530952453613281
2007-11-27,41.720001220703125,42.29999923706055,41.0,41.119998931884766,39.84518432617188,-1.294671162310761,-0.1214682250578524,-0.0484580993652272,-0.04845809936522727
2007-11-28,41.25,43.61000061035156,40.61000061035156,43.61000061035156,42.25798797607422,-0.9478677953168252,6.055446073862214,2.4128036499023366,2.4128036499023366
2007-11-29,43.5,44.0,42.150001525878906,43.0,41.66690444946289,-1.4656346087362246,-1.398749810203903,-0.5910835266113281,-0.5910835266113281
2007-11-30,43.5,43.77000045776367,42.25,42.40999984741211,41.09519958496094,-1.1934126109882963,-1.3720838446142911,-0.5717048645019531,-0.5717048645019531
2007-12-03,44.11000061035156,45.84000015258789,44.040000915527344,44.709999084472656,43.32389450073242,-0.2347551647569205,5.423248793727953,2.2286949157714844,2.2286949157714844
2007-12-04,45.619998931884766,45.619998931884766,42.810001373291016,43.36000061035156,42.01573944091797,-0.7743226861097686,-3.019477068924026,-1.3081550598144531,-1.3081550598144531
2007-12-05,44.84999847412109,45.59999847412109,43.56999969482422,44.2400016784668,42.86846160888672,-1.0135567705373472,2.0295303124864272,0.85272216796875,0.85272216796875
2007-12-06,44.2400016784668,44.5,43.2599983215332,44.02999877929688,42.66495895385742,-0.9986404966881456,-0.4747141543962274,-0.2035026550292968,-0.20350265502929688
2007-12-07,44.29999923706055,44.90999984741211,43.34999847412109,43.77000045776367,42.413028717041016,-1.4292044783737516,-0.5904851264215916,-0.2519302368164062,-0.25193023681640625
2007-12-10,44.09999847412109,50.4900016784668,44.0,49.970001220703125,48.42081451416016,0.7152967388691469,14.164953503321254,6.007785797119148,6.007785797119148
2007-12-11,49.68000030517578,50.0,47.02999877929688,47.4900016784668,46.017704010009766,0.1424544527757723,-4.962970012509049,-2.4031105041503977,-2.4031105041503977
2007-12-12,48.880001068115234,53.91999816894531,48.630001068115234,50.79999923706055,49.22508239746094,0.12008004200197,6.969879215950248,3.207378387451172,3.207378387451172
2007-12-13,50.61000061035156,54.72999954223633,49.97999954223633,53.630001068115234,51.96735000610352,-0.7310081216630487,5.570874592957575,2.742267608642585,2.7422676086425852
2007-12-18,61.95000076293945,62.38999938964844,56.36000061035156,59.68000030517578,57.82978057861328,2.84717649362426,11.280988104687315,5.862430572509759,5.8624305725097585
2007-12-19,59.25,60.43000030517578,57.959999084472656,59.900001525878906,58.04296112060547,0.3225971446468986,0.3686345337285068,0.2131805419921875,0.2131805419921875
2007-12-20,60.9900016784668,61.880001068115234,58.619998931884766,60.470001220703125,58.59530258178711,0.1364305729520563,0.9516079995194326,0.5523414611816406,0.5523414611816406
2007-12-21,61.810001373291016,62.0,59.2599983215332,60.060001373291016,58.19800567626953,0.0073474338724275,-0.6780354192437721,-0.3972969055175781,-0.3972969055175781
2007-12-24,60.70000076293945,61.77000045776367,59.16999816894531,60.400001525878906,58.5274658203125,-0.6934305856198679,0.5661021201922578,0.3294601440429687,0.32946014404296875
2007-12-26,60.84000015258789,72.95999908447266,60.45000076293945,72.8499984741211,70.59148406982422,4.108462188142322,20.612575788861157,12.06401824951172,12.064018249511719
2007-12-31,78.0,78.9800033569336,72.69999694824219,73.87999725341797,71.58954620361328,1.9754350277065005,1.4138562844235647,0.9980621337890624,0.9980621337890625
2008-01-02,75.9800033569336,76.80999755859375,68.0,70.0999984741211,67.92675018310547,4.226931824675403,-5.116383906234267,-3.662796020507813,-3.6627960205078125
2008-01-03,72.79000091552734,72.81999969482422,68.80999755859375,69.44000244140625,67.28721618652344,1.7691888565992713,-0.9415053640253412,-0.6395339965820312,-0.6395339965820312
2008-01-04,66.4800033569336,67.8499984741211,63.16999816894531,64.08999633789062,62.10306167602539,2.146685325552141,-7.704516257779659,-5.184154510498047,-5.184154510498047
2008-01-07,66.16000366210938,66.7699966430664,58.459999084472656,61.369998931884766,59.46738052368164,3.5726237352517733,-4.244043822015364,-2.63568115234375,-2.63568115234375
2008-01-08,62.5,65.48999786376953,60.5,61.09999847412109,59.20575714111328,1.650432368646013,-0.4399443531301505,-0.2616233825683594,-0.2616233825683594
2008-01-09,60.06999969482422,61.36000061035156,56.58000183105469,60.68000030517578,58.79877471923828,2.770300313016836,-0.6874034579187671,-0.406982421875,-0.406982421875
2008-01-10,59.63999938964844,65.9800033569336,58.68000030517578,64.05999755859375,62.07399368286133,2.578109861498278,5.570216351041468,3.275218963623047,3.275218963623047
2008-01-11,63.43000030517578,67.5,61.02000045776367,62.59999847412109,60.65924453735352,2.404564752291221,-2.2791334366785154,-1.4147491455078054,-1.4147491455078054
2008-01-14,64.41000366210938,65.0,62.65999984741211,64.70999908447266,62.70385360717773,0.3865650113463591,3.3706471048533304,2.0446090698242045,2.0446090698242045
2008-01-15,63.90999984741211,66.0,59.79999923706055,59.97999954223633,58.120487213134766,0.6516157235898634,-7.309544996638451,-4.583366394042962,-4.583366394042962
2008-01-18,48.459999084472656,49.06999969482422,45.20000076293945,47.04999923706055,45.59133529663086,4.512062136331294,-21.55720386609632,-12.529151916503906,-12.529151916503906
2008-01-22,40.38999938964844,49.470001220703125,40.15999984741211,47.709999084472656,46.23088073730469,2.1980317297638154,1.40277848085113,0.6395454406738281,0.6395454406738281
2008-01-23,45.970001220703125,50.7400016784668,44.5,50.02000045776367,48.46926498413086,2.039689745826138,4.84175125182067,2.238384246826172,2.238384246826172
2008-01-24,51.970001220703125,57.7400016784668,51.11000061035156,56.63999938964844,54.88404083251953,3.955283529767829,13.23472895759592,6.414775848388672,6.414775848388672
2008-01-25,59.95000076293945,61.75,53.0,54.060001373291016,52.384010314941406,3.6196673681607936,-4.555113799304699,-2.500030517578125,-2.500030517578125
2008-01-29,44.459999084472656,44.790000915527344,41.25,41.70000076293945,40.40721130371094,3.744160884517591,-22.86346337217017,-11.976799011230469,-11.976799011230469
2008-02-01,38.5,38.880001068115234,36.720001220703125,37.47999954223633,36.31803131103516,2.69371098382959,-10.119926272418189,-4.089179992675774,-4.089179992675774
2008-02-04,38.27999877929688,38.310001373291016,36.459999084472656,36.4900016784668,35.35872268676758,1.4106245813780804,-2.6414114136635525,-0.9593086242675852,-0.9593086242675852
2008-02-05,35.47999954223633,38.25,34.790000915527344,36.2599983215332,35.13585662841797,1.7680414509185636,-0.6303000827374672,-0.2228660583496093,-0.22286605834960938
2008-02-06,37.619998931884766,37.68000030517578,33.79999923706055,33.95000076293945,32.897464752197266,1.539994571877886,-6.370676827074384,-2.238391876220703,-2.238391876220703
2008-02-07,33.13999938964844,34.45000076293945,31.39999961853028,31.729999542236328,30.746299743652344,3.466775561206478,-6.538999356785514,-2.151165008544922,-2.151165008544922
2008-02-08,32.0,32.939998626708984,31.0,31.71999931335449,30.73660469055176,1.7605833139939626,-0.0315324223773783,-0.0096950531005823,-0.009695053100582385
2008-02-13,35.47999954223633,36.900001525878906,34.0,36.75,35.61067581176758,1.779228656305465,15.857545653746442,4.874071121215817,4.874071121215817
2008-02-14,37.29999923706055,38.40999984741211,35.0,35.38999938964844,34.29282760620117,2.072103956306133,-3.700711024223025,-1.3178482055664062,-1.3178482055664062
2008-02-15,35.27000045776367,36.29999923706055,34.43000030517578,35.790000915527344,34.6804313659668,0.143888709876657,1.130276465436575,0.387603759765625,0.387603759765625
2008-02-19,37.060001373291016,37.47999954223633,34.58000183105469,34.630001068115234,33.556396484375,1.0394388436691036,-3.2411213970505948,-1.1240348815917969,-1.1240348815917969
2008-02-20,33.75,35.43000030517578,32.90999984741211,34.58000183105469,33.5079345703125,0.5730184344613783,-0.1444193034406016,-0.0484619140625,-0.0484619140625
2008-02-21,34.900001525878906,35.189998626708984,32.97999954223633,33.150001525878906,32.122283935546875,-0.2574164269508998,-4.1352910960775535,-1.385650634765625,-1.385650634765625
2008-02-22,33.08000183105469,33.88999938964844,32.209999084472656,33.400001525878906,32.36452865600586,-0.4329694960991949,0.7541329282346299,0.2422447204589843,0.24224472045898438
2008-02-25,33.31999969482422,33.9900016784668,32.66999816894531,33.83000183105469,32.78120422363281,0.0079211367127814,1.2874451905531714,0.4166755676269531,0.4166755676269531
2008-02-26,33.099998474121094,34.02000045776367,32.75,33.380001068115234,32.34514617919922,-0.092190008928975,-1.3302075221484078,-0.4360580444335937,-0.43605804443359375
2008-02-27,33.04999923706055,37.0099983215332,33.0,36.630001068115234,35.494380950927734,2.602779083633496,9.736344223893934,3.149234771728516,3.1492347717285156
2008-02-28,35.91999816894531,38.40999984741211,35.91999816894531,37.380001068115234,36.22112655639648,2.3018719438678725,2.0474948033985862,0.7267456054687429,0.7267456054687429
2008-02-29,36.81999969482422,37.58000183105469,35.849998474121094,36.150001525878906,35.029273986816406,0.2494500325017757,-3.2904900617167443,-1.191852569580071,-1.191852569580071
2008-03-03,38.34999847412109,39.45000076293945,37.060001373291016,37.59000015258789,36.42463684082031,1.9438813714870355,3.983419281053502,1.3953628540039062,1.3953628540039062
2008-03-04,36.86000061035156,37.77000045776367,34.099998474121094,35.869998931884766,34.75794982910156,1.7780812506247567,-4.575713462847563,-1.66668701171875,-1.66668701171875
2008-03-05,36.72999954223633,38.04999923706055,36.400001525878906,37.130001068115234,35.9788932800293,2.2000396897050543,3.512702725364658,1.2209434509277344,1.2209434509277344
2008-03-07,37.59999847412109,39.720001220703125,35.2400016784668,36.54999923706055,35.4168701171875,2.7172328002841,-1.562091302996682,-0.5620231628417969,-0.5620231628417969
2008-03-10,36.86000061035156,37.209999084472656,33.709999084472656,33.95000076293945,32.897464752197266,0.3667722633541493,-7.11357428438486,-2.5194053649902344,-2.5194053649902344
2008-03-11,35.41999816894531,36.650001525878906,34.7599983215332,36.4900016784668,35.35872268676758,0.3421030412189314,7.481603683171123,2.4612579345703125,2.4612579345703125
2008-03-12,36.5,40.0,35.959999084472656,38.83000183105469,37.62619018554688,1.951626359831813,6.412752855543236,2.267467498779304,2.267467498779304
2008-03-13,37.45000076293945,39.0,35.560001373291016,38.59999847412109,37.40330123901367,2.0181758893128663,-0.5923771326144744,-0.2228889465332102,-0.22288894653321023
2008-03-14,39.22999954223633,40.0,37.119998931884766,38.2400016784668,37.05447769165039,0.5219588816698808,-0.9326009625039156,-0.3488235473632812,-0.34882354736328125
2008-03-17,36.02999877929688,37.77999877929688,35.13999938964844,35.150001525878906,34.06026840209961,0.994976873541676,-8.080559964890499,-2.994209289550781,-2.9942092895507812
2008-03-18,36.560001373291016,37.75,35.790000915527344,37.22999954223633,36.07577896118164,0.2784220259396479,5.9174829020366415,2.0155105590820312,2.0155105590820312
2008-03-19,37.43000030517578,38.88999938964844,36.2599983215332,36.34999847412109,35.22306442260742,0.3205891847056599,-2.363676026210715,-0.8527145385742188,-0.8527145385742188
2008-03-20,37.08000183105469,37.5,35.7400016784668,36.34999847412109,35.22306442260742,0.4118079363219309,0.0,0.0,0.0
2008-03-24,36.56999969482422,39.75,36.56999969482422,38.5,37.30641555786133,0.5463412523849218,5.914735612602562,2.0833511352539062,2.0833511352539062
2008-03-25,39.08000183105469,40.93999862670898,37.34000015258789,40.45000076293945,39.19596099853516,2.3704294332901643,5.064934307996438,1.8895454406738352,1.8895454406738352
2008-03-26,41.56999969482422,42.58000183105469,39.83000183105469,41.54999923706055,40.2618522644043,3.7556349413246695,2.7193905665662044,1.0658912658691335,1.0658912658691335
2008-03-27,41.709999084472656,41.720001220703125,38.75,38.88999938964844,37.6843147277832,1.1630718057653702,-6.401934813366516,-2.5775375366210938,-2.5775375366210938
2008-03-28,39.470001220703125,39.75,36.88999938964844,37.040000915527344,35.89167404174805,-0.0325249135321688,-4.7569942534035565,-1.7926406860351562,-1.7926406860351562
2008-03-31,37.31999969482422,40.38999938964844,36.63999938964844,39.7599983215332,38.5273551940918,2.7668580959747127,7.3434333246145345,2.63568115234375,2.63568115234375
2008-04-01,40.52000045776367,40.81999969482422,38.56999969482422,40.81999969482422,39.55448913574219,1.7617307196746703,2.6659861194102907,1.0271339416503906,1.0271339416503906
2008-04-02,40.11000061035156,40.369998931884766,39.0,39.209999084472656,37.99440383911133,-0.2643008610351466,-3.944142196545619,-1.5600852966308594,-1.5600852966308594
2008-04-03,38.95000076293945,39.790000915527344,38.25,39.63999938964844,38.41106033325195,-0.0841581691640203,1.0966259555090565,0.416656494140625,0.416656494140625
2008-04-04,39.84999847412109,43.54999923706055,39.25,43.220001220703125,41.88008499145508,4.190788545733106,9.031317094883828,3.469024658203125,3.469024658203125
2008-04-07,44.11000061035156,44.400001525878906,42.75,43.70000076293945,42.34520721435547,1.6842808362268933,1.1106047731165969,0.4651222229003906,0.4651222229003906
2008-04-08,43.41999816894531,45.83000183105469,42.810001373291016,45.36000061035156,43.9537239074707,2.5161499547400563,3.7985802855392095,1.6085166931152344,1.6085166931152344
2008-04-09,46.720001220703125,46.720001220703125,43.86000061035156,45.150001525878906,43.750247955322266,1.485205950624088,-0.4629322252120982,-0.2034759521484375,-0.2034759521484375
2008-04-10,45.04999923706055,47.2400016784668,43.38999938964844,47.13999938964844,45.67854309082031,2.209505786570894,4.407506758515334,1.9282951354980469,1.9282951354980469
2008-04-11,45.650001525878906,47.400001525878906,45.02000045776367,46.4900016784668,45.0486946105957,2.4759907559152827,-1.378871648713298,-0.6298484802246094,-0.6298484802246094
2008-04-14,45.79999923706055,46.790000915527344,44.68999862670898,44.68999862670898,43.30450439453125,0.7543085320132125,-3.871788585976499,-1.7441902160644531,-1.7441902160644531
2008-04-15,45.02000045776367,46.0,44.59999847412109,45.84000015258789,44.41886138916016,0.1160641221194926,2.5733050411486547,1.1143569946289134,1.1143569946289134
2008-04-16,46.900001525878906,49.34999847412109,46.72999954223633,48.97999954223633,47.46150970458984,1.6510060714863668,6.849901641495459,3.0426483154296733,3.0426483154296733
2008-04-17,48.77999877929688,50.72999954223633,47.45000076293945,50.02000045776367,48.46926498413086,1.48032947648108,2.123310627524289,1.0077552795410227,1.0077552795410227
2008-04-18,52.400001525878906,53.59999847412109,50.2400016784668,50.25,48.69213485717773,2.673057681576849,0.4598169027729915,0.2228698730468679,0.2228698730468679
2008-04-21,50.25,53.2400016784668,49.5,51.84000015258789,50.23284149169922,0.7669299945009984,3.164179675096701,1.5407066345214917,1.5407066345214915
2008-04-22,51.880001068115234,52.97999954223633,50.0,50.52000045776367,48.953758239746094,-0.1300543963923327,-2.546308777225925,-1.279083251953125,-1.279083251953125
2008-04-23,50.900001525878906,51.95000076293945,49.630001068115234,51.400001525878906,49.80648040771485,-0.4533359469317585,1.7418931633249368,0.8527221679687571,0.8527221679687571
2008-04-24,50.93999862670898,52.7599983215332,48.709999084472656,51.810001373291016,50.20376968383789,0.5414647782419135,0.7976658315762108,0.3972892761230397,0.39728927612303977
2008-04-25,52.119998931884766,52.4900016784668,50.84999847412109,51.900001525878906,50.29098510742188,-0.2043489142181635,0.1737228581304428,0.0872154235839914,0.08721542358399148
2008-04-28,52.119998931884766,53.02999877929688,51.16999816894531,52.0,50.38787460327149,-0.474562952024853,0.1926577807983998,0.0968894958496093,0.09688949584960938
2008-04-29,52.060001373291016,52.33000183105469,49.52999877929688,49.869998931884766,48.323917388916016,-0.3096233854231052,-4.096138665514326,-2.063957214355476,-2.063957214355476
2008-04-30,49.869998931884766,51.25,48.0,50.58000183105469,49.01189804077149,1.2950234590467684,1.423685597172386,0.6879806518554759,0.6879806518554759
2008-05-01,50.45000076293945,51.400001525878906,49.369998931884766,50.25,48.69213485717773,0.3874255656068899,-0.6524195070506389,-0.3197631835937642,-0.3197631835937642
2008-05-02,51.5,52.0,49.79999923706055,49.9900016784668,48.44019317626953,-0.1547236185275507,-0.5174176109697837,-0.251941680908196,-0.251941680908196
2008-05-06,56.20000076293945,57.25,53.0,54.75,53.0526237487793,2.481440932898645,9.521907882830982,4.612430572509766,4.612430572509766
2008-05-07,55.560001373291016,57.560001373291016,54.0,56.04999923706055,54.31232070922852,2.936674136719469,2.374429144945367,1.259696960449226,1.2596969604492259
2008-05-08,56.36000061035156,57.709999084472656,54.27000045776367,55.0,53.29487609863281,2.839144653859305,-1.873321922741611,-1.0174446105957102,-1.0174446105957102
2008-05-09,54.63999938964844,55.97999954223633,53.650001525878906,54.02000045776367,52.34526443481445,1.2958840133072993,-1.781806682617881,-0.9496116638183594,-0.9496116638183594
2008-05-12,53.79999923706055,53.9900016784668,50.11000061035156,52.2599983215332,50.63982391357422,2.4834488928398835,-3.2580607618555857,-1.7054405212402344,-1.7054405212402344
2008-05-15,54.650001525878906,55.43999862670898,54.02999877929688,54.4900016784668,52.80069351196289,0.5922374796132343,4.267134897776459,2.160869598388672,2.160869598388672
2008-05-16,55.0,55.20000076293945,53.75,54.70000076293945,53.00417709350586,0.6298150156564151,0.3853805092481677,0.2034835815429687,0.20348358154296875
2008-05-19,54.59000015258789,55.5,52.880001068115234,53.38999938964844,51.73478698730469,1.1788486338751023,-2.394886923650963,-1.269390106201172,-1.2693901062011719
2008-05-20,52.18000030517578,53.720001220703125,51.5,53.560001373291016,51.899513244628906,0.1298329902879864,0.3184052103367918,0.1647262573242187,0.16472625732421875
2008-05-21,53.0,53.5,48.75,50.41999816894531,48.85686492919922,2.4897596240837765,-5.862575822413074,-3.0426483154296875,-3.0426483154296875
2008-05-22,50.33000183105469,51.790000915527344,44.25,44.630001068115234,43.24636459350586,4.230087190297349,-11.483545544364748,-5.610500335693359,-5.610500335693359
2008-05-27,45.34999847412109,45.34999847412109,42.79999923706055,43.45000076293945,42.102935791015625,0.3538639494461865,-2.6439882594476827,-1.1434288024902344,-1.1434288024902344
2008-05-28,44.900001525878906,46.15999984741211,43.560001373291016,44.900001525878906,43.50799560546875,0.6771454999856122,3.337201523018152,1.405059814453125,1.405059814453125
2008-05-29,44.59999847412109,44.88999938964844,43.560001373291016,44.77999877929688,43.3917236328125,-0.067807638213934,-0.2672427700660007,-0.11627197265625,-0.11627197265625
2008-05-30,44.43999862670898,47.31999969482422,44.43999862670898,46.95000076293945,45.49445724487305,1.801889918499444,4.84593244060596,2.102733612060547,2.102733612060547
2008-06-02,47.59999847412109,48.68000030517578,45.880001068115234,46.33000183105469,44.8936653137207,0.3257525102688451,-1.32058269850015,-0.6007919311523438,-0.6007919311523438
2008-06-03,46.34000015258789,47.77000045776367,43.88999938964844,45.470001220703125,44.06032180786133,-0.1722215551583448,-1.8562607887680824,-0.833343505859375,-0.833343505859375
2008-06-04,45.119998931884766,47.130001068115234,44.47999954223633,46.27999877929688,44.845211029052734,-0.4019895427200839,1.7813969326283097,0.7848892211914062,0.7848892211914062
2008-06-05,46.68000030517578,47.900001525878906,46.5,47.880001068115234,46.39561462402344,0.0087816909733123,3.4572333575736414,1.5504035949707031,1.5504035949707031
2008-06-06,47.470001220703125,47.560001373291016,44.08000183105469,44.5,43.120384216308594,0.6909143681541059,-7.059353420051351,-3.275230407714844,-3.2752304077148438
2008-06-09,44.02999877929688,44.400001525878906,39.650001525878906,40.40999984741211,39.157203674316406,3.064896721538567,-9.190967599248037,-3.963180541992188,-3.9631805419921875
2008-06-10,39.0,39.400001525878906,37.0,38.75,37.54865646362305,2.3523577938190163,-4.10792155658557,-1.6085472106933594,-1.6085472106933594
2008-06-11,39.25,39.459999084472656,37.619998931884766,37.86000061035156,36.68625259399414,-0.0333854677926997,-2.296763588503892,-0.8624038696289062,-0.8624038696289062
2008-06-12,38.5,39.18999862670898,36.77000045776367,37.11000061035156,35.959503173828125,0.0199688963602135,-1.980985706577698,-0.7267494201660156,-0.7267494201660156
2008-06-13,37.27999877929688,38.970001220703125,37.27999877929688,38.27999877929688,37.09323120117188,-0.3153604138266442,3.152791132467314,1.133728027343757,1.133728027343757
2008-06-16,38.060001373291016,40.5,37.869998931884766,39.95000076293945,38.71146774291992,-0.1208751509466703,4.362619511284094,1.6182365417480398,1.6182365417480398
2008-06-17,40.630001068115234,43.369998931884766,40.61000061035156,41.13999938964844,39.86455154418945,1.085048219477239,2.978662056750414,1.1530838012695312,1.1530838012695312
2008-06-18,40.70000076293945,40.97999954223633,39.08000183105469,39.68000030517578,38.4498291015625,1.105414670309803,-3.5488231720322894,-1.4147224426269531,-1.4147224426269531
2008-06-19,39.63999938964844,41.02999877929688,38.61000061035156,40.63999938964844,39.38006210327149,-0.5350886016821901,2.419342357158061,0.9302330017089916,0.9302330017089915
2008-06-20,39.209999084472656,40.15999984741211,38.27999877929688,38.75,37.54865646362305,0.1897849371049695,-4.6505910398153,-1.8314056396484448,-1.8314056396484446
2008-06-23,38.869998931884766,39.18999862670898,37.04999923706055,37.45000076293945,36.28896713256836,-0.4696864778818448,-3.35481865316557,-1.2596893310546875,-1.2596893310546875
2008-06-24,37.09999847412109,38.900001525878906,37.0,37.86000061035156,36.68625259399414,-0.268316780917624,1.0947830506568224,0.3972854614257812,0.39728546142578125
2008-06-25,37.869998931884766,39.45000076293945,37.869998931884766,38.79999923706055,37.59710311889648,-0.6762195004092508,2.482811572451116,0.9108505249023366,0.9108505249023366
2008-06-26,37.02999877929688,38.34000015258789,34.72999954223633,35.220001220703125,34.12809753417969,1.7442327830438764,-9.226789558085002,-3.4690055847167898,-3.4690055847167898
2008-06-30,35.560001373291016,36.34000015258789,34.459999084472656,34.4900016784668,33.420738220214844,-0.0924768603491519,-2.0726596706904465,-0.7073593139648438,-0.7073593139648438
2008-07-01,34.08000183105469,35.439998626708984,32.54999923706055,35.02000045776367,33.934303283691406,1.8612681624760727,1.5366658273452627,0.5135650634765625,0.5135650634765625
2008-07-02,35.279998779296875,35.83000183105469,32.75,32.95000076293945,31.9284725189209,0.0446381184954314,-5.910923669190216,-2.005830764770508,-2.005830764770508
2008-07-03,32.560001373291016,32.849998474121094,28.309999465942383,29.520000457763672,28.604812622070312,1.554623994306911,-10.409705302629105,-3.323659896850586,-3.323659896850586
2008-07-08,27.5,28.0,25.850000381469727,26.790000915527344,25.959453582763672,2.4091543750140527,-9.24795094537899,-2.6453590393066406,-2.6453590393066406
2008-07-10,30.549999237060547,31.979999542236328,29.65999984741211,30.959999084472656,30.00016975402832,1.1183229842177655,15.565490076214727,4.040716171264648,4.040716171264648
2008-07-11,30.26000022888184,30.940000534057617,27.89999961853028,30.14999961853028,29.21528053283692,1.1372551779494444,-2.616282599820996,-0.7848892211914027,-0.7848892211913991
2008-07-14,31.350000381469727,31.700000762939453,29.270000457763672,30.540000915527344,29.59319305419922,0.9568256346581412,1.293544044314543,0.3779125213623011,0.3779125213622976
2008-07-15,30.13999938964844,33.150001525878906,27.940000534057617,31.75,30.76568031311035,2.091896704298343,3.962016727170159,1.1724872589111328,1.1724872589111328
2008-07-16,32.0,34.279998779296875,30.809999465942383,34.150001525878906,33.091270446777344,0.9608415545406184,7.55904017073199,2.325590133666992,2.325590133666992
2008-07-17,34.220001220703125,35.25,33.099998474121094,33.29999923706055,32.26762771606445,0.8346269296627593,-2.4890030500267613,-0.8236427307128906,-0.8236427307128906
2008-07-18,33.02000045776367,34.459999084472656,32.540000915527344,33.720001220703125,32.67459487915039,-0.0715367066762344,1.261224304020736,0.4069671630859375,0.4069671630859375
2008-07-21,33.880001068115234,34.779998779296875,33.119998931884766,34.439998626708984,33.372283935546875,-0.2327472048156818,2.135264596170039,0.6976890563964844,0.6976890563964844
2008-07-22,33.790000915527344,34.9900016784668,33.04999923706055,34.29999923706055,33.23661804199219,0.1266776246660399,-0.4065226516012599,-0.1356658935546875,-0.1356658935546875
2008-07-23,34.11000061035156,34.29999923706055,33.349998474121094,33.95000076293945,32.897464752197266,-0.1062457285176457,-1.0204205775883213,-0.3391532897949219,-0.3391532897949219
2008-07-24,34.380001068115234,34.47999954223633,32.33000183105469,32.90999984741211,31.88971900939941,0.1785977317180683,-3.063293023911662,-1.0077457427978551,-1.0077457427978551
2008-07-25,33.0,33.36000061035156,32.31999969482422,33.0,31.976924896240234,-0.5950405484991732,0.2734608191910403,0.0872058868408238,0.08720588684082387
2008-07-28,32.959999084472656,33.7599983215332,30.81999969482422,31.09000015258789,30.12613868713379,-0.0592020956086254,-5.787880526698352,-1.850786209106445,-1.8507862091064453
2008-07-29,29.75,34.34000015258789,29.030000686645508,33.38999938964844,32.35483169555664,1.57728525650089,7.397871435062719,2.228693008422852,2.2286930084228516
2008-07-30,32.56999969482422,34.27000045776367,31.979999542236328,33.25,32.219173431396484,-0.6526976839547407,-0.4192828614799637,-0.1356582641601562,-0.13565826416015625
2008-07-31,32.7599983215332,36.560001373291016,32.119998931884766,35.849998474121094,34.73855972290039,0.866180585882224,7.819524907640396,2.5193862915039062,2.5193862915039062
2008-08-01,35.31999969482422,36.68999862670898,34.59000015258789,35.84000015258789,34.72887420654297,-0.5517259840524533,-0.027881168461441,-0.0096855163574218,-0.009685516357421875
2008-08-04,35.68000030517578,35.68000030517578,32.599998474121094,32.63999938964844,31.62808609008789,0.0549647696218017,-8.928559267466508,-3.100788116455078,-3.100788116455078
2008-08-05,33.119998931884766,34.970001220703125,32.630001068115234,33.16999816894531,32.141658782958984,0.0744706661938345,1.6237868184886706,0.5135726928710938,0.5135726928710938
2008-08-06,33.540000915527344,36.34000015258789,33.380001068115234,35.290000915527344,34.19593048095703,-0.0391224961962387,6.391305787513346,2.054271697998047,2.054271697998047
2008-08-07,35.0,35.97999954223633,33.849998474121094,35.61000061035156,34.506011962890625,-0.4800131290082151,0.9067788990455128,0.3100814819335937,0.31008148193359375
2008-08-08,35.56999969482422,37.5,35.11000061035156,36.79999923706055,35.659114837646484,-0.559470972397231,3.341744841437944,1.1531028747558594,1.1531028747558594
2008-08-11,37.5,38.540000915527344,36.45000076293945,36.97999954223633,35.833534240722656,1.0566499288797206,0.4891299289684792,0.1744194030761718,0.17441940307617188
2008-08-12,35.869998931884766,37.95000076293945,35.54999923706055,36.04999923706055,34.93236541748047,-0.097927037332514,-2.5148756390824034,-0.9011688232421876,-0.9011688232421875
2008-08-13,34.40999984741211,35.279998779296875,32.4900016784668,34.619998931884766,33.54669570922852,2.047721585591092,-3.966721668262818,-1.385669708251946,-1.385669708251946
2008-08-14,34.45000076293945,35.119998931884766,33.95000076293945,34.61000061035156,33.53700637817383,-0.1211620023668472,-0.0288831160561331,-0.0096893310546946,-0.009689331054694605
2008-08-15,35.119998931884766,35.119998931884766,33.709999084472656,34.599998474121094,33.52731704711914,-0.7766174974711842,-0.0288914608102652,-0.0096893310546875,-0.0096893310546875
2008-08-18,34.709999084472656,34.75,31.979999542236328,32.29999923706055,31.298622131347656,-0.3067548712213356,-6.64740012640822,-2.2286949157714844,-2.2286949157714844
2008-08-19,32.0099983215332,32.189998626708984,31.1299991607666,31.850000381469727,30.86257743835449,-0.0987875915930449,-1.3931753645999634,-0.4360446929931676,-0.4360446929931676
2008-08-20,31.96999931335449,32.5,30.3700008392334,31.0,30.0389347076416,0.0248453705032216,-2.668742532466861,-0.8236427307128871,-0.8236427307128871
2008-08-21,30.780000686645508,30.780000686645508,29.75,30.1299991607666,29.19590187072754,0.065291420748172,-2.80646715710462,-0.8430328369140625,-0.8430328369140625
2008-08-22,30.229999542236328,31.190000534057617,29.950000762939453,30.0,29.06992530822754,0.077052328975427,-0.4314871417837818,-0.1259765625,-0.1259765625
2008-08-25,30.11000061035156,30.40999984741211,29.559999465942383,30.049999237060547,29.11838150024414,-0.6331917873827079,0.1666883953186149,0.0484561920166015,0.04845619201660156
2008-08-26,29.809999465942383,30.21999931335449,28.93000030517578,29.309999465942383,28.40132522583008,-0.2726195522202783,-2.462555394461219,-0.717056274414059,-0.717056274414059
2008-08-27,29.209999084472656,30.40999984741211,29.209999084472656,29.989999771118164,29.060243606567383,-0.7470718011929581,2.320026884301996,0.6589183807373011,0.6589183807373011
2008-08-28,30.059999465942383,31.280000686645508,30.059999465942383,31.059999465942383,30.097068786621094,-0.3586749782733641,3.5678475173532176,1.036825180053711,1.036825180053711
2008-08-29,30.790000915527344,31.0,29.90999984741211,30.8700008392334,29.9129581451416,-0.8850473342980724,-0.6117228318304968,-0.1841106414794922,-0.1841106414794922
2008-09-02,31.40999984741211,31.43000030517578,29.39999961853028,29.68000030517578,28.75985145568848,-0.7493666125543738,-3.854873476097198,-1.1531066894531214,-1.1531066894531214
2008-09-03,29.63999938964844,29.780000686645508,28.32999992370605,28.93000030517578,28.03310203552246,-0.7117890765111929,-2.5269581843485933,-0.7267494201660192,-0.7267494201660192
2008-09-04,28.65999984741211,28.65999984741211,26.0,26.5,25.67844009399414,0.3710750346568036,-8.399576823658627,-2.3546619415283203,-2.3546619415283203
2008-09-05,26.56999969482422,29.200000762939453,26.309999465942383,28.82999992370605,27.93619728088379,0.0942634141860442,8.792423444046005,2.2577571868896484,2.2577571868896484
2008-09-08,29.8799991607666,30.299999237060547,27.21999931335449,28.6200008392334,27.73271751403809,-0.5514391326322764,-0.7283731740573618,-0.2034797668456995,-0.20347976684569957
2008-09-09,28.549999237060547,28.68000030517578,26.280000686645508,26.43000030517578,25.6106071472168,-0.1980381829742706,-7.652010178040047,-2.122110366821289,-2.122110366821289
2008-09-10,26.59000015258789,26.979999542236328,26.01000022888184,26.100000381469727,25.29083824157715,-0.2657351181360314,-1.24857994893105,-0.319768905639652,-0.319768905639652
2008-09-11,25.600000381469727,25.809999465942383,23.549999237060547,24.799999237060547,24.03114318847656,1.1914700963628884,-4.980835514695203,-1.2596950531005895,-1.2596950531005895
2008-09-12,24.51000022888184,26.100000381469727,24.100000381469727,25.86000061035156,25.05828094482422,1.030546449643618,4.2741943164825935,1.0271377563476598,1.0271377563476598
2008-09-15,25.440000534057617,26.799999237060547,24.520000457763672,25.530000686645508,24.738508224487305,0.5586758634525307,-1.2761159516130438,-0.319772720336914,-0.31977272033691406
2008-09-16,24.450000762939453,26.0,24.440000534057617,25.920000076293945,25.11642074584961,1.1447133148740452,1.527628577814677,0.3779125213623047,0.3779125213623047
2008-09-17,25.270000457763672,25.850000381469727,22.76000022888184,23.850000381469727,23.110595703125,2.1423825542494868,-7.986110214593634,-2.0058250427246094,-2.0058250427246094
2008-09-18,23.440000534057617,28.39999961853028,22.3700008392334,28.39999961853028,27.519529342651367,2.918028794407967,19.077542163615437,4.408933639526367,4.408933639526367
2008-09-19,30.100000381469727,30.790000915527344,28.1200008392334,30.739999771118164,29.7869930267334,2.7026033778550755,8.239471161913304,2.2674636840820312,2.2674636840820312
2008-09-22,30.3799991607666,30.3799991607666,26.61000061035156,26.64999961853028,25.823789596557617,-0.061496906970041,-13.30514774223388,-3.963203430175781,-3.9632034301757812
2008-09-23,26.51000022888184,26.8700008392334,24.459999084472656,25.26000022888184,24.476879119873047,0.1450361155573649,-5.215773895803877,-1.3469104766845703,-1.3469104766845703
2008-09-24,25.01000022888184,25.51000022888184,24.21999931335449,24.299999237060547,23.54664421081543,-0.5422598871866139,-3.800463713130609,-0.9302349090576172,-0.9302349090576172
2008-09-25,24.75,25.0,23.3799991607666,23.6299991607666,22.89742088317871,0.490405225450416,-2.757179841951818,-0.6492233276367188,-0.6492233276367188
2008-09-26,22.90999984741211,22.90999984741211,21.5,22.459999084472656,21.763687133789062,0.8225791700153272,-4.951360046941056,-1.1337337493896484,-1.1337337493896484
2008-09-29,21.82999992370605,21.84000015258789,17.049999237060547,20.100000381469727,19.476852416992188,1.832009317618024,-10.507570260217836,-2.286834716796875,-2.286834716796875
2008-09-30,20.200000762939453,21.209999084472656,18.850000381469727,20.350000381469727,19.719104766845703,1.7597227597334315,1.2437961980046095,0.2422523498535156,0.24225234985351562
2008-10-01,20.209999084472656,21.1299991607666,19.65999984741211,20.36000061035156,19.72879981994629,-0.2671693752369162,0.0491657872668138,0.0096950531005859,0.009695053100585938
2008-10-02,20.059999465942383,20.059999465942383,17.15999984741211,17.6299991607666,17.08342933654785,2.0405503000866685,-13.408674159306456,-2.645370483398437,-2.6453704833984375
2008-10-03,18.040000915527344,19.049999237060547,17.350000381469727,17.3700008392334,16.83149528503418,0.3882861198674208,-1.4747276237721765,-0.2519340515136719,-0.2519340515136719
2008-10-06,16.59000015258789,19.950000762939453,15.109999656677246,19.1200008392334,18.527238845825195,4.176445974724259,10.074824203520391,1.6957435607910156,1.6957435607910156
2008-10-07,19.989999771118164,19.989999771118164,17.65999984741211,17.770000457763672,17.21908950805664,1.435867506353652,-7.060681565420223,-1.308149337768555,-1.3081493377685547
2008-10-08,16.8799991607666,20.850000381469727,16.5,19.280000686645508,18.682279586791992,3.272864001166858,8.497488081763782,1.4631900787353516,1.4631900787353516
2008-10-09,19.76000022888184,20.32999992370605,16.899999618530273,17.350000381469727,16.81211280822754,0.6412890724634931,-10.010377854994868,-1.870166778564453,-1.8701667785644531
2008-10-10,16.600000381469727,18.190000534057617,16.1200008392334,17.200000762939453,16.66676139831543,2.9636381702161025,-0.8645636129741896,-0.1453514099121093,-0.14535140991210938
2008-10-13,18.270000457763672,21.59000015258789,18.270000457763672,21.13999938964844,20.4846134185791,2.0462873284902074,22.90698192061209,3.817852020263672,3.817852020263672
2008-10-14,23.0,23.26000022888184,21.020000457763672,21.57999992370605,20.91097068786621,0.872491317126117,2.0813537486648936,0.4263572692871094,0.4263572692871094
2008-10-15,20.51000022888184,20.959999084472656,18.07999992370605,18.200000762939453,17.635759353637695,-0.3099102368432821,-15.66264609671606,-3.275211334228516,-3.2752113342285156
2008-10-16,18.559999465942383,19.440000534057617,16.68000030517578,19.0,18.41095352172852,0.8977342421016888,4.395581457800546,0.7751941680908239,0.7751941680908239
2008-10-17,18.170000076293945,19.36000061035156,17.15999984741211,17.59000015258789,17.04467010498047,0.392875742590252,-7.42103560869658,-1.3662834167480504,-1.3662834167480504
2008-10-20,17.940000534057617,18.459999084472656,17.18000030517578,18.100000381469727,17.538854598999023,-0.7703067662272913,2.8993491277613748,0.4941844940185547,0.4941844940185547
2008-10-21,17.760000228881836,18.799999237060547,15.949999809265137,16.020000457763672,15.523343086242676,0.3530033951856556,-11.491694063484491,-2.015511512756348,-2.0155115127563477
2008-10-22,15.8100004196167,16.290000915527344,14.130000114440918,14.25,13.808218002319336,1.2339241065490776,-11.048683742893903,-1.7151250839233398,-1.7151250839233398
2008-10-23,14.329999923706056,14.369999885559082,11.8100004196167,12.359999656677246,11.976814270019531,1.201223044648905,-13.26314323826715,-1.831403732299805,-1.8314037322998047
2008-10-24,9.829999923706056,12.65999984741211,9.760000228881836,12.239999771118164,11.860533714294434,0.8524117177137304,-0.9708805121590004,-0.1162805557250976,-0.11628055572509766
2008-10-27,11.869999885559082,12.09000015258789,10.75,11.0600004196167,10.71711540222168,-0.2410658960008135,-9.640530010000267,-1.143418312072754,-1.143418312072754
2008-10-28,11.399999618530272,12.25,10.729999542236328,12.130000114440918,11.75394344329834,0.4468038095835192,9.67450663880809,1.0368280410766602,1.0368280410766602
2008-10-29,12.300000190734863,13.399999618530272,11.989999771118164,12.890000343322754,12.490381240844728,-0.1639028639732132,6.2654529613742405,0.7364377975463885,0.7364377975463885
2008-10-30,13.59000015258789,14.100000381469728,13.1899995803833,13.350000381469728,12.936117172241213,0.2178963762823109,3.5686335172771644,0.4457359313964844,0.4457359313964844
2008-10-31,13.1899995803833,14.0,13.119999885559082,13.670000076293944,13.246198654174805,-0.6197097706343911,2.3970212839365512,0.310081481933592,0.310081481933592
2008-11-03,13.779999732971191,14.43000030517578,12.949999809265137,13.199999809265137,12.790769577026367,-0.9751186802336356,-3.438186977551483,-0.4554290771484375,-0.4554290771484375
2008-11-04,13.130000114440918,15.010000228881836,13.130000114440918,14.920000076293944,14.45744514465332,0.2061354680550558,13.030299370105825,1.6666755676269531,1.6666755676269531
2008-11-05,14.850000381469728,14.850000381469728,13.859999656677246,13.920000076293944,13.488449096679688,-0.0293695479102223,-6.702401691850712,-0.9689960479736328,-0.9689960479736328
2008-11-06,13.8100004196167,14.079999923706056,12.270000457763672,12.359999656677246,11.976814270019531,0.1473309269187805,-11.206883873938178,-1.5116348266601562,-1.5116348266601562
2008-11-07,12.649999618530272,12.970000267028809,11.8100004196167,12.149999618530272,11.773322105407717,-0.4349774560404335,-1.6990508496169787,-0.2034921646118146,-0.20349216461181463
2008-11-10,12.600000381469728,12.600000381469728,11.130000114440918,11.630000114440918,11.26944351196289,-0.674498391888189,-4.279833584213111,-0.503878593444826,-0.503878593444826
2008-11-11,11.210000038146973,11.800000190734863,10.130000114440918,10.329999923706056,10.009746551513672,0.575313245822794,-11.177987263630262,-1.2596969604492188,-1.2596969604492188
2008-11-12,11.449999809265137,13.170000076293944,10.68000030517578,10.779999732971191,10.445795059204102,2.903686223399119,4.356239245882709,0.4360485076904297,0.4360485076904297
2008-11-13,10.510000228881836,11.479999542236328,9.350000381469728,11.170000076293944,10.823704719543455,1.564376942592927,3.6178161470472814,0.3779096603393537,0.3779096603393537
2008-11-14,10.899999618530272,10.899999618530272,9.949999809265137,10.270000457763672,9.95160961151123,0.2067091708954097,-8.057269951734325,-0.8720951080322248,-0.8720951080322248
2008-11-17,10.270000457763672,10.850000381469728,10.010000228881836,10.149999618530272,9.835326194763184,-0.1581658355696741,-1.1684885288661184,-0.1162834167480468,-0.11628341674804688
2008-11-18,10.270000457763672,10.460000038146973,9.720000267028809,10.079999923706056,9.767498016357422,-0.328842430574961,-0.6896383207084411,-0.0678281784057617,-0.06782817840576172
2008-11-19,10.09000015258789,10.390000343322754,9.15999984741211,9.210000038146973,8.924470901489258,-0.4263719134351249,-8.630942268494602,-0.8430271148681641,-0.8430271148681641
2008-11-20,9.0,9.15999984741211,8.0600004196167,8.279999732971191,8.023298263549805,-0.1050983228369378,-10.09777103748606,-0.9011726379394532,-0.9011726379394531
2008-11-21,8.470000267028809,9.079999923706056,7.909999847412109,8.880000114440918,8.604698181152344,1.563229536912219,7.2463954162574895,0.5813999176025391,0.5813999176025391
2008-11-24,9.0600004196167,10.40999984741211,8.890000343322754,10.369999885559082,10.048505783081056,-0.3124918996248747,16.779293957006146,1.4438076019287127,1.4438076019287127
2008-11-25,10.5600004196167,11.199999809265137,10.15999984741211,10.619999885559082,10.29075527191162,-0.2614323468333771,2.410801108742411,0.2422494888305628,0.24224948883056285
2008-11-26,10.350000381469728,12.109999656677246,10.15999984741211,12.100000381469728,11.72487449645996,-0.6899883685777445,13.935995820080716,1.4341192245483398,1.4341192245483398
2008-11-28,11.9399995803833,12.31999969482422,11.600000381469728,12.31999969482422,11.9380521774292,-1.3807265883638469,1.8181659943021569,0.21317768096924,0.21317768096924006
2008-12-01,12.0,12.170000076293944,10.220000267028809,10.25,9.932226181030272,-0.0431384160787161,-16.801953673743053,-2.005825996398928,-2.0058259963989276
2008-12-02,10.56999969482422,11.4399995803833,10.40999984741211,10.8100004196167,10.474864959716797,-0.1791059892425917,5.463415439762343,0.5426387786865252,0.5426387786865252
2008-12-03,10.470000267028809,11.84000015258789,10.34000015258789,11.670000076293944,11.308204650878906,-0.5703713263639553,7.955612739322992,0.8333396911621094,0.8333396911621094
2008-12-04,11.43000030517578,12.119999885559082,10.880000114440918,11.06999969482422,10.726804733276367,-0.7573984523193285,-5.141398971386235,-0.5813999176025391,-0.5813999176025391
2008-12-05,10.899999618530272,11.75,10.5,11.75,11.385725021362305,-0.8371431471285212,6.142745248655968,0.6589202880859375,0.6589202880859375
2008-12-08,12.09000015258789,16.110000610351562,12.010000228881836,15.979999542236328,15.48458194732666,0.903471270505228,35.99996415049489,4.098856925964356,4.0988569259643555
2008-12-09,15.0,15.75,13.890000343322754,14.350000381469728,13.905118942260742,0.3814016857831739,-10.20023020601215,-1.579463005065918,-1.579463005065918
2008-12-10,14.600000381469728,16.459999084472656,14.600000381469728,15.6899995803833,15.20357608795166,-0.2783565806238173,9.337979423855325,1.298457145690918,1.298457145690918
2008-12-11,15.449999809265137,16.850000381469727,15.260000228881836,15.550000190734863,15.067916870117188,-0.2149624167647107,-0.8922849272414157,-0.1356592178344726,-0.13565921783447266
2008-12-12,15.0,17.170000076293945,14.75,17.170000076293945,16.6376895904541,-0.3056074655406278,10.41798102463718,1.569772720336914,1.569772720336914
2008-12-15,17.260000228881836,17.75,14.90999984741211,15.100000381469728,14.631866455078123,-0.1208751509466703,-12.055899495365164,-2.0058231353759783,-2.0058231353759783
2008-12-16,15.40999984741211,15.84000015258789,14.539999961853027,14.970000267028809,14.50589370727539,0.3271867673697299,-0.8609479056515879,-0.1259727478027326,-0.1259727478027326
2008-12-17,14.739999771118164,15.130000114440918,13.93000030517578,14.579999923706056,14.127986907958984,0.7276313499367559,-2.6051948741832254,-0.3779067993164062,-0.37790679931640625
2008-12-18,14.850000381469728,15.75,14.199999809265137,14.550000190734863,14.098917007446287,-0.1667713781749827,-0.2057610946420207,-0.029069900512697,-0.02906990051269709
2008-12-19,14.90999984741211,15.65999984741211,14.6899995803833,15.359999656677246,14.883806228637695,0.702675276381361,5.567017812622566,0.784889221191408,0.784889221191408
2008-12-22,15.470000267028809,15.8100004196167,13.09000015258789,13.579999923706056,13.158987045288086,0.1088928366150688,-11.588562474233989,-1.7248191833496094,-1.7248191833496094
2008-12-23,13.75,14.609999656677246,13.369999885559082,14.229999542236328,13.788837432861328,-0.6317575302818231,4.786465595000156,0.6298503875732422,0.6298503875732422
2008-12-24,14.100000381469728,14.229999542236328,13.880000114440918,13.960000038146973,13.527206420898438,-1.4796903283248954,-1.8974116798228136,-0.2616310119628906,-0.2616310119628906
2008-12-26,14.050000190734863,14.479999542236328,13.93000030517578,14.0600004196167,13.624109268188477,-1.4607581345932166,0.7163552050209798,0.096902847290039,0.09690284729003906
2008-12-29,14.010000228881836,14.239999771118164,13.920000076293944,14.100000381469728,13.662867546081545,-1.0227360159830097,0.284483022927362,0.0387582778930681,0.03875827789306818
2008-12-30,14.210000038146973,15.739999771118164,13.699999809265137,15.6899995803833,15.20357608795166,-0.3497825842478785,11.2766118581892,1.5407085418701154,1.5407085418701154
2008-12-31,15.75,16.799999237060547,15.630000114440918,16.40999984741211,15.901251792907717,-0.0810028035420738,4.588892119328047,0.6976757049560565,0.6976757049560565
2009-01-02,16.43000030517578,17.850000381469727,15.699999809265137,17.579999923706055,17.034976959228516,-0.5893035200956341,7.129785636288477,1.133725166320799,1.133725166320799
2009-01-05,17.299999237060547,19.920000076293945,17.0,18.770000457763672,18.18808937072754,0.5371620069392593,6.769087004102681,1.1531124114990234,1.1531124114990234
2009-01-06,19.1200008392334,19.59000015258789,17.760000228881836,18.46999931335449,17.89738655090332,0.1542153610030273,-1.5983142258586214,-0.2907028198242187,-0.29070281982421875
2009-01-07,18.15999984741211,18.40999984741211,16.770000457763672,17.100000381469727,16.569856643676758,-0.4900529287144085,-7.417451165011347,-1.3275299072265625,-1.3275299072265625
2009-01-08,16.959999084472656,17.010000228881836,16.40999984741211,17.0,16.47296142578125,-0.9131587734754136,-0.5847679915353066,-0.0968952178955078,-0.09689521789550781
2009-01-09,17.0,17.049999237060547,16.1200008392334,16.229999542236328,15.72683048248291,-0.9553259322414258,-4.529428097431209,-0.7461309432983398,-0.7461309432983398
2009-01-12,16.280000686645508,16.420000076293945,15.350000381469728,15.479999542236328,15.00008487701416,-0.9022584195086896,-4.621055757409131,-0.72674560546875,-0.72674560546875
2009-01-13,15.449999809265137,15.899999618530272,15.399999618530272,15.550000190734863,15.067916870117188,-1.0947357224474248,0.452210728533764,0.0678319931030273,0.06783199310302734
2009-01-14,15.300000190734863,15.399999618530272,14.119999885559082,14.600000381469728,14.14737033843994,-0.8486172039355994,-6.109315173505392,-0.920546531677248,-0.9205465316772479
2009-01-15,15.399999618530272,15.710000038146973,14.449999809265137,14.850000381469728,14.38961410522461,-0.5973353598605888,1.7122882980342036,0.2422437667846697,0.24224376678466975
2009-01-16,15.06999969482422,15.5600004196167,14.640000343322754,15.43000030517578,14.951632499694824,-0.8032946795476409,3.905722490960728,0.5620183944702148,0.5620183944702148
2009-01-20,15.18000030517578,15.18000030517578,12.199999809265137,12.470000267028809,12.08340072631836,1.6403925689398196,-19.183402036098784,-2.868231773376465,-2.868231773376465
2009-01-21,12.979999542236328,13.489999771118164,11.699999809265137,13.289999961853027,12.877979278564451,1.852088917030411,6.575785825884695,0.794578552246092,0.794578552246092
2009-01-22,12.800000190734863,13.56999969482422,12.050000190734863,12.5600004196167,12.170611381530762,0.2087171308366484,-5.492848541937878,-0.7073678970336896,-0.7073678970336896
2009-01-23,12.170000076293944,13.100000381469728,12.079999923706056,12.600000381469728,12.20937156677246,-1.020154353201417,0.3184736084870465,0.0387601852416974,0.03876018524169744
2009-01-26,12.859999656677246,13.829999923706056,12.720000267028809,13.470000267028809,13.05239963531494,-0.9412702126527552,6.904762165128653,0.8430280685424805,0.8430280685424805
2009-01-27,13.75,13.899999618530272,13.350000381469728,13.550000190734863,13.129920959472656,-1.1219866073642353,0.5939239245170924,0.0775213241577166,0.07752132415771662
2009-01-28,14.050000190734863,14.5,13.5600004196167,14.289999961853027,13.846979141235352,-0.8141950335143651,5.4612528436081,0.7170581817626953,0.7170581817626953
2009-01-29,14.329999923706056,15.470000267028809,13.510000228881836,13.81999969482422,13.39154815673828,0.2746929574773475,-3.289027735593464,-0.4554309844970721,-0.4554309844970721
2009-01-30,14.010000228881836,14.539999961853027,13.31999969482422,13.40999984741211,12.994261741638184,-0.6240125419370454,-2.9666951905048533,-0.3972864151000959,-0.3972864151000959
2009-02-02,13.210000038146973,13.279999732971191,12.510000228881836,12.510000228881836,12.122161865234377,-0.0158875311619055,-6.711423039981501,-0.8720998764038068,-0.8720998764038068
2009-02-03,12.850000381469728,13.25,12.449999809265137,12.9399995803833,12.53882884979248,0.0208294506207443,3.437233302032361,0.4166669845581037,0.4166669845581037
2009-02-04,13.199999809265137,14.699999809265137,12.979999542236328,14.06999969482422,13.633797645568848,-0.0256404794479219,8.732624146109869,1.0949687957763672,1.0949687957763672
2009-02-05,13.970000267028809,14.9399995803833,13.65999984741211,14.729999542236328,14.273337364196776,-0.8844736314577185,4.690840624554715,0.6395397186279279,0.6395397186279279
2009-02-06,14.739999771118164,15.65999984741211,14.59000015258789,15.390000343322754,14.91287612915039,-0.6374945586853622,4.480653323292372,0.6395387649536151,0.6395387649536151
2009-02-09,14.75,16.110000610351562,14.75,15.710000038146973,15.222954750061035,-0.6773669060899586,2.079267729613399,0.3100786209106445,0.31007862091064453
2009-02-10,15.619999885559082,16.030000686645508,15.09000015258789,15.329999923706056,14.854734420776367,-0.4820210889494538,-2.418849266323886,-0.3682203292846679,-0.36822032928466797
2009-02-11,15.579999923706056,17.100000381469727,15.300000190734863,17.0,16.47296142578125,0.0847973173202048,10.893678467529998,1.6182270050048828,1.6182270050048828
2009-02-12,16.600000381469727,16.6299991607666,15.800000190734863,16.520000457763672,16.007844924926758,-0.6845381915943825,-2.823514781783887,-0.4651165008544922,-0.4651165008544922
2009-02-13,16.59000015258789,16.59000015258789,15.619999885559082,16.049999237060547,15.552411079406738,-1.058018740664775,-2.8450665761437843,-0.4554338455200195,-0.45543384552001953
2009-02-17,15.600000381469728,15.6899995803833,14.640000343322754,14.65999984741211,14.2055082321167,-0.9163141390973604,-8.660411819190529,-1.346902847290039,-1.346902847290039
2009-02-18,14.779999732971191,15.270000457763672,14.199999809265137,14.579999923706056,14.127986907958984,-1.1044886707334411,-0.5457131338845733,-0.0775213241577148,-0.07752132415771484
2009-02-19,14.75,15.18000030517578,14.289999961853027,14.5,14.05046558380127,-1.0198675017812402,-0.5487075027939325,-0.0775213241577148,-0.07752132415771484
2009-02-20,14.119999885559082,14.59000015258789,13.539999961853027,14.3100004196167,13.866358757019045,-1.0299073014874336,-1.3103254528054942,-0.1841068267822248,-0.1841068267822248
2009-02-23,14.40999984741211,14.920000076293944,12.710000038146973,13.06999969482422,12.664800643920898,-0.6613032265600493,-8.665274959007728,-1.2015581130981463,-1.2015581130981463
2009-02-24,12.8100004196167,14.800000190734863,12.520000457763672,14.739999771118164,14.283026695251465,-0.498945322739894,12.777351154811225,1.6182260513305664,1.6182260513305664
2009-02-25,14.989999771118164,16.399999618530273,14.989999771118164,15.890000343322754,15.39737606048584,1.212123398615629,7.801913340992717,1.114349365234375,1.114349365234375
2009-02-26,16.25,16.5,16.0,16.079999923706055,15.581482887268066,-0.4286667247965405,1.1957026058140974,0.1841068267822265,0.18410682678222656
2009-02-27,15.850000381469728,16.860000610351562,15.600000381469728,16.709999084472656,16.191953659057617,-0.6171281078527985,3.917924732878775,0.6104707717895508,0.6104707717895508
2009-03-02,16.420000076293945,16.93000030517578,15.600000381469728,15.68000030517578,15.193883895874023,-0.4636625980581288,-6.163986040222413,-0.9980697631835938,-0.9980697631835938
2009-03-03,15.90999984741211,16.270000457763672,15.130000114440918,15.170000076293944,14.69969367980957,-0.3342926075583231,-3.2525601712584677,-0.4941902160644531,-0.4941902160644531
2009-03-04,15.59000015258789,15.93000030517578,15.119999885559082,15.31999969482422,14.845044136047363,0.5079031620812101,0.9887992185676264,0.1453504562377929,0.14535045623779297
2009-03-05,14.760000228881836,15.239999771118164,14.479999542236328,14.630000114440918,14.176435470581056,-0.1383730875774644,-4.50391834028141,-0.6686086654663068,-0.6686086654663068
2009-03-06,14.829999923706056,15.34000015258789,14.0600004196167,14.56999969482422,14.118295669555664,-1.0161384333189398,-0.4101157949474965,-0.0581398010253924,-0.0581398010253924
2009-03-09,14.399999618530272,15.050000190734863,13.949999809265137,14.09000015258789,13.65317726135254,-1.1621458061890086,-3.2944373675789507,-0.4651184082031232,-0.4651184082031232
2009-03-10,14.649999618530272,15.770000457763672,14.649999618530272,15.609999656677246,15.126052856445312,-0.3096233854231052,10.787786365756611,1.4728755950927717,1.4728755950927717
2009-03-11,15.800000190734863,16.950000762939453,15.369999885559082,16.709999084472656,16.191953659057617,-0.2525399528078916,7.04678750450165,1.065900802612305,1.0659008026123047
2009-03-12,16.850000381469727,17.34000015258789,16.5,17.239999771118164,16.705522537231445,-0.7602669665210979,3.171753631388041,0.5135688781738281,0.5135688781738281
2009-03-13,17.280000686645508,17.350000381469727,16.670000076293945,17.149999618530273,16.618309020996094,-1.0703533517323838,-0.5220639823805495,-0.0872135162353515,-0.08721351623535156
2009-03-16,17.270000457763672,17.3799991607666,16.43000030517578,16.549999237060547,16.036909103393555,-1.0043775250916849,-3.4985504052667427,-0.5813999176025391,-0.5813999176025391
2009-03-17,16.6200008392334,17.030000686645508,16.219999313354492,17.030000686645508,16.50203514099121,-1.0746561230350382,2.9003471591619423,0.4651260375976562,0.46512603759765625
2009-03-18,16.799999237060547,17.149999618530273,16.649999618530273,16.889999389648438,16.366374969482422,-0.905700636550813,-0.8220814605575999,-0.135660171508789,-0.13566017150878906
2009-03-19,17.030000686645508,17.030000686645508,16.440000534057617,16.510000228881836,15.99815273284912,-1.1343212184318443,-2.2498704650230072,-0.3682222366333025,-0.36822223663330256
2009-03-20,16.729999542236328,16.920000076293945,16.0,16.270000457763672,15.765596389770508,-0.8291113073635666,-1.4536449736543775,-0.2325563430786115,-0.2325563430786115
2009-03-23,16.8700008392334,17.290000915527344,16.579999923706055,17.25,16.7152156829834,-0.2293049877735584,6.023364227623196,0.9496192932128906,0.9496192932128906
2009-03-24,17.049999237060547,17.399999618530273,16.219999313354492,16.8799991607666,16.356678009033203,-0.4995190255802479,-2.1449778498233707,-0.3585376739501953,-0.3585376739501953
2009-03-25,17.040000915527344,19.36000061035156,16.8700008392334,18.950000762939453,18.36250877380371,2.610237220558097,12.2630693326772,2.005830764770508,2.005830764770508
2009-03-26,19.43000030517578,20.46999931335449,19.25,19.61000061035156,19.00204849243164,1.011901107332116,3.482855891349157,0.6395397186279297,0.6395397186279297
2009-03-27,19.56999969482422,19.670000076293945,18.5,18.89999961853028,18.31406211853028,-0.4800131290082151,-3.620590559882964,-0.6879863739013636,-0.6879863739013601
2009-03-30,18.209999084472656,18.8799991607666,18.0,18.65999984741211,18.081499099731445,-0.7682988062860526,-1.2698603799291663,-0.2325630187988316,-0.23256301879883523
2009-03-31,19.100000381469727,19.489999771118164,18.51000022888184,18.549999237060547,17.974903106689453,-0.7069126023681848,-0.5895307267060335,-0.1065959930419921,-0.10659599304199219
2009-04-01,18.200000762939453,18.739999771118164,18.170000076293945,18.530000686645508,17.955530166625977,-0.286101568968595,-0.1077777162329596,-0.0193729400634765,-0.019372940063476562
2009-04-02,19.100000381469727,20.14999961853028,19.07999992370605,19.6200008392334,19.01173591613769,0.2187569305428417,5.88234231855147,1.0562057495117152,1.0562057495117152
2009-04-03,19.64999961853028,19.64999961853028,19.209999084472656,19.56999969482422,18.96328926086425,-0.1656239724942749,-0.2548249959243076,-0.0484466552734375,-0.04844665527344105
2009-04-06,19.5,19.59000015258789,19.21999931335449,19.59000015258789,18.98266792297364,-0.5815585317508564,0.1021904050652944,0.0193786621093821,0.01937866210938921
2009-04-07,19.14999961853028,19.43000030517578,18.959999084472656,19.170000076293945,18.575687408447266,-1.0344969242102648,-2.143958458198736,-0.4069805145263707,-0.4069805145263743
2009-04-08,19.270000457763672,19.43000030517578,19.0,19.420000076293945,18.81793594360352,-0.9401228069720472,1.3041161267931978,0.2422485351562535,0.24224853515625355
2009-04-09,19.93000030517578,21.670000076293945,19.75,21.520000457763672,20.85283088684082,-0.1515682529056042,10.813592677410464,2.034894943237301,2.034894943237301
2009-04-13,21.06999969482422,22.25,20.520000457763672,21.6299991607666,20.959415435791016,-0.2935597058931958,0.5111274796625098,0.1065845489501953,0.10658454895019531
2009-04-14,21.43000030517578,22.020000457763672,21.1200008392334,21.76000022888184,21.08538627624512,-0.6300364217607614,0.6010226804273877,0.1259708404541051,0.12597084045410512
2009-04-15,21.61000061035156,22.059999465942383,21.18000030517578,22.020000457763672,21.337331771850582,-0.6179886621133294,1.194882049134205,0.2519454956054616,0.25194549560546164
2009-04-16,22.25,22.57999992370605,21.850000381469727,22.39999961853028,21.705549240112305,0.2265019188876194,1.7256959407993877,0.3682174682617223,0.3682174682617223
2009-04-17,22.46999931335449,23.190000534057617,22.350000381469727,22.89999961853028,22.19005012512207,-0.4992321741600709,2.232152154502498,0.4845008850097656,0.4845008850097656
2009-04-20,22.299999237060547,22.479999542236328,21.440000534057617,21.71999931335449,21.04663276672364,0.0234111134023369,-5.152838105146662,-1.143417358398434,-1.1434173583984304
2009-04-21,21.489999771118164,22.8700008392334,21.13999938964844,22.82999992370605,22.122215270996094,-0.7754700917904764,5.110473091795642,1.0755825042724574,1.0755825042724538
2009-04-22,22.670000076293945,25.13999938964844,22.290000915527344,24.350000381469727,23.595094680786133,0.6840299340698591,6.657920066988488,1.472879409790039,1.472879409790039
2009-04-23,24.59000015258789,25.14999961853028,24.13999938964844,24.489999771118164,23.73075485229492,0.1849084629619613,0.5749507401606513,0.1356601715087855,0.1356601715087855
2009-04-24,24.5,24.780000686645508,23.709999084472656,24.21999931335449,23.4691219329834,1.0273910840216716,-1.1025056764522478,-0.2616329193115199,-0.2616329193115199
2009-04-27,23.56999969482422,24.38999938964844,23.3700008392334,23.93000030517578,23.1881160736084,-0.1997592914953322,-1.197342875363716,-0.281005859375,-0.281005859375
2009-04-28,23.51000022888184,24.489999771118164,23.39999961853028,23.950000762939453,23.207496643066406,-0.5890166686754571,0.0835797500602808,0.0193805694580078,0.019380569458007812
2009-04-29,24.15999984741211,27.07999992370605,24.15999984741211,26.31999969482422,25.50402069091797,1.2786729280966822,9.895612970120515,2.2965240478515625,2.2965240478515625
2009-04-30,26.76000022888184,28.43000030517578,26.34000015258789,27.32999992370605,26.48270797729492,2.317075069137251,3.8373843020189424,0.9786872863769496,0.9786872863769496
2009-05-01,27.190000534057617,28.01000022888184,26.76000022888184,27.420000076293945,26.56991958618164,0.5744526915622631,0.3293152987281056,0.0872116088867223,0.0872116088867223
2009-05-04,27.790000915527344,28.299999237060547,27.11000061035156,27.479999542236328,26.6280517578125,-0.5629131894393544,0.2187894150085911,0.0581321716308593,0.058132171630859375
2009-05-05,27.15999984741211,28.06999969482422,27.100000381469727,27.88999938964844,27.02534866333008,-0.0589152441884485,1.4920239344998976,0.3972969055175817,0.3972969055175817
2009-05-06,28.299999237060547,29.57999992370605,27.88999938964844,28.940000534057617,28.04279327392578,1.765172936716794,3.764778849925587,1.0174446105956996,1.0174446105956996
2009-05-08,24.1200008392334,24.670000076293945,22.3799991607666,24.290000915527344,23.53695678710937,1.3538280001830436,-16.067716374766206,-4.50583648681641,-4.50583648681641
2009-05-11,23.959999084472656,24.799999237060547,23.559999465942383,24.25,23.498199462890625,0.6851773397505669,-0.1646658256175825,-0.0387573242187464,-0.03875732421874645
2009-05-12,25.290000915527344,25.959999084472656,24.07999992370605,25.600000381469727,24.80634307861328,1.1504503432775843,5.566995112917206,1.3081436157226562,1.3081436157226562
2009-05-13,25.0,25.420000076293945,23.440000534057617,23.559999465942383,22.82958030700684,0.2244939589463808,-7.968779458310005,-1.9767627716064415,-1.9767627716064418
2009-05-14,23.600000381469727,24.770000457763672,23.39999961853028,24.270000457763672,23.51757431030273,-0.3294161334153149,3.013607758197523,0.6879940032958913,0.6879940032958913
2009-05-15,24.239999771118164,25.0,24.100000381469727,24.68000030517578,23.91486930847168,-0.5522996868928072,1.6893536422032174,0.3972949981689488,0.39729499816894887
2009-05-18,24.88999938964844,25.520000457763672,22.780000686645508,23.81999969482422,23.081525802612305,1.1668008742276703,-3.484624963282445,-0.833343505859375,-0.833343505859375
2009-05-19,23.600000381469727,23.940000534057617,23.25,23.540000915527344,22.81020736694336,-0.0121584626996052,-1.175478770290994,-0.2713184356689453,-0.2713184356689453
2009-05-20,23.299999237060547,24.559999465942383,23.1200008392334,23.51000022888184,22.781137466430664,0.0059131767715428,-0.1274425087201214,-0.0290699005126953,-0.029069900512695312
2009-05-21,23.200000762939453,23.489999771118164,22.209999084472656,22.540000915527344,21.841209411621094,-0.0775605864999504,-4.125904846474892,-0.9399280548095704,-0.9399280548095703
2009-05-22,22.790000915527344,23.350000381469727,22.100000381469727,22.40999984741211,21.71523094177246,-0.6214308791554528,-0.5767925551851683,-0.1259784698486328,-0.1259784698486328
2009-05-26,22.190000534057617,22.790000915527344,21.790000915527344,22.51000022888184,21.81213760375977,-0.1007955515342836,0.4462612543571609,0.0969066619873082,0.09690666198730824
2009-05-27,22.25,22.25,20.350000381469727,20.51000022888184,19.874143600463867,2.4031304951903367,-8.884933877190694,-1.937994003295902,-1.937994003295902
2009-05-28,20.81999969482422,20.8700008392334,19.14999961853028,20.350000381469727,19.719104766845703,2.122016103416923,-0.78010321719999,-0.155038833618164,-0.15503883361816406
2009-05-29,20.34000015258789,22.0,20.34000015258789,21.63999938964844,20.9691104888916,3.73010516492892,6.339059185625762,1.2500057220458984,1.2500057220458984
2009-06-01,21.8799991607666,23.100000381469727,21.799999237060547,22.739999771118164,22.03501319885254,0.587074154050049,5.083204223305504,1.0659027099609375,1.0659027099609375
2009-06-02,22.729999542236328,23.90999984741211,22.26000022888184,22.96999931335449,22.257875442504883,0.7451292865675501,1.0114005453100816,0.2228622436523437,0.22286224365234375
2009-06-03,23.549999237060547,23.670000076293945,22.75,23.100000381469727,22.38384246826172,-0.5743872462464326,0.5659436188428124,0.1259670257568359,0.12596702575683594
2009-06-04,23.38999938964844,23.959999084472656,23.190000534057617,23.51000022888184,22.781137466430664,-0.3761729149041582,1.774918666141767,0.3972949981689453,0.3972949981689453
2009-06-05,23.700000762939453,23.96999931335449,23.34000015258789,23.6200008392334,22.88772773742676,-0.4909134829749393,0.4678882744690193,0.1065902709960973,0.1065902709960973
2009-06-08,24.56999969482422,24.96999931335449,23.600000381469727,23.709999084472656,22.974931716918945,-0.1194408938457855,0.3810075884011166,0.0872039794921839,0.08720397949218395
2009-06-09,23.959999084472656,24.299999237060547,23.440000534057617,23.950000762939453,23.207496643066406,-0.5543076468340459,1.012255135349105,0.2325649261474609,0.23256492614746094
2009-06-10,24.21999931335449,25.059999465942383,24.040000915527344,24.979999542236328,24.20556259155273,0.6200620673703986,4.300618734698869,0.9980659484863246,0.9980659484863246
2009-06-11,25.030000686645508,25.57999992370605,24.75,24.850000381469727,24.0795955657959,-0.0457200788603086,-0.5204052799036907,-0.1259670257568323,-0.12596702575683238
2009-06-12,24.11000061035156,25.280000686645508,24.049999237060547,25.1299991607666,24.350914001464844,-0.2103727940418795,1.1267566140286125,0.2713184356689453,0.2713184356689453
2009-06-15,24.93000030517578,24.940000534057617,23.11000061035156,24.049999237060547,23.30438995361328,-0.2720458493799244,-4.297678714600228,-1.0465240478515625,-1.0465240478515625
2009-06-16,24.31999969482422,24.540000915527344,23.200000762939453,23.239999771118164,22.519512176513672,-0.5482837670103299,-3.3679395970539705,-0.7848777770996094,-0.7848777770996094
2009-06-17,23.170000076293945,23.64999961853028,22.059999465942383,23.31999969482422,22.597023010253903,-0.5084114196057334,0.3441941065715825,0.0775108337402308,0.07751083374023082
2009-06-18,23.350000381469727,23.809999465942383,23.0,23.63999938964844,22.907106399536133,-1.0399471011936268,1.3722311524908548,0.3100833892822301,0.3100833892822301
2009-06-19,24.0,24.18000030517578,23.440000534057617,23.8799991607666,23.1396598815918,-0.4587861239151206,1.015202348125377,0.2325534820556676,0.23255348205566762
2009-06-22,23.6200008392334,23.6200008392334,21.200000762939453,21.850000381469727,21.17260360717773,0.1358568701117024,-8.500800290409249,-1.9670562744140696,-1.9670562744140696
2009-06-23,21.75,22.350000381469727,21.520000457763672,22.06999969482422,21.38578224182129,-0.8127607764134803,1.006860746078897,0.2131786346435582,0.21317863464355824
2009-06-24,22.25,23.31999969482422,22.18000030517578,23.01000022888184,22.29663848876953,-1.0717876088332683,4.259167313351786,0.9108562469482422,0.9108562469482422
2009-06-25,22.670000076293945,24.57999992370605,22.61000061035156,24.540000915527344,23.779205322265625,-0.7886652571186162,6.649284080391049,1.4825668334960938,1.4825668334960938
2009-06-26,24.299999237060547,25.6299991607666,24.059999465942383,25.540000915527344,24.74820327758789,-0.2189783366471881,4.074980396485106,0.9689979553222656,0.9689979553222656
2009-06-29,25.530000686645508,26.93000030517578,25.21999931335449,26.530000686645508,25.70750617980957,-0.1753769207802913,3.876252718072792,0.9593029022216796,0.9593029022216797
2009-06-30,26.530000686645508,27.420000076293945,26.530000686645508,26.8799991607666,26.046655654907227,-0.4671048151002522,1.3192624470280911,0.3391494750976562,0.33914947509765625
2009-07-01,27.059999465942383,27.31999969482422,26.459999084472656,26.64999961853028,25.823789596557617,-0.6856855972750903,-0.8556417426573537,-0.2228660583496093,-0.22286605834960938
2009-07-02,26.959999084472656,26.959999084472656,26.0,26.14999961853028,25.339290618896484,-0.5818453831710333,-1.87617303746046,-0.4844989776611328,-0.4844989776611328
2009-07-06,26.0,26.100000381469727,24.11000061035156,24.559999465942383,23.798582077026367,-0.6088094166676669,-6.0803144217508205,-1.5407085418701172,-1.5407085418701172
2009-07-07,24.56999969482422,24.799999237060547,23.959999084472656,24.06999969482422,23.323776245117188,-1.0491263466392893,-1.995101348359429,-0.4748058319091797,-0.4748058319091797
2009-07-08,24.1200008392334,24.1200008392334,22.8799991607666,23.21999931335449,22.50012588500977,-0.4332563475193718,-3.5313765294753607,-0.8236503601074183,-0.8236503601074183
2009-07-09,23.549999237060547,24.09000015258789,23.049999237060547,23.71999931335449,22.98462104797364,-0.9742581259731048,2.153299787920981,0.4844951629638672,0.48449516296387074
2009-07-10,23.46999931335449,24.690000534057617,23.209999084472656,24.59000015258789,23.82765769958496,-0.8540673809189615,3.667829240480991,0.8430366516113246,0.843036651611321
2009-07-13,24.64999961853028,26.200000762939453,24.170000076293945,25.920000076293945,25.11642074584961,-0.1185803395852546,5.408685413032011,1.2887630462646484,1.2887630462646484
2009-07-14,25.979999542236328,26.89999961853028,25.6299991607666,26.739999771118164,25.910999298095703,-0.2886832317501876,3.163581946195082,0.7945785522460938,0.7945785522460938
2009-07-15,27.270000457763672,28.56999969482422,27.049999237060547,28.549999237060547,27.66488647460937,1.5359786519954086,6.768890525355253,1.7538871765136683,1.7538871765136683
2009-07-16,27.71999931335449,29.64999961853028,27.71999931335449,29.25,28.34317970275879,-0.3707227379207961,2.451820031041696,0.6782932281494176,0.6782932281494176
2009-07-17,29.3700008392334,29.6299991607666,26.940000534057617,27.39999961853028,26.550537109375,0.8343400782425823,-6.324775879712963,-1.792642593383789,-1.792642593383789
2009-07-20,27.64999961853028,29.43000030517578,27.63999938964844,29.059999465942383,28.159069061279297,0.5162218532663417,6.058378198821157,1.6085319519042969,1.6085319519042969
2009-07-21,29.36000061035156,30.6200008392334,28.799999237060547,30.559999465942383,29.612573623657227,2.0368212316243683,5.161763548414311,1.4535045623779297,1.4535045623779297
2009-07-22,30.459999084472656,31.5,29.86000061035156,30.21999931335449,29.283111572265625,-0.0698155981551727,-1.1125748662669357,-0.3294620513916015,-0.32946205139160156
2009-07-23,30.280000686645508,31.489999771118164,30.01000022888184,31.280000686645508,30.31024742126465,0.5139270419049261,3.507604874790138,1.0271358489990234,1.0271358489990234
2009-07-24,31.0,31.200000762939453,30.299999237060547,30.51000022888184,29.564123153686523,-0.8362825928679904,-2.4616238106148547,-0.746124267578125,-0.746124267578125
2009-07-27,30.36000061035156,30.93000030517578,29.850000381469727,30.459999084472656,29.515668869018555,-0.4450172557466268,-0.1638955581942491,-0.0484542846679687,-0.04845428466796875
2009-07-28,30.209999084472656,30.89999961853028,27.459999084472656,28.09000015258789,27.219146728515625,2.000964804102249,-7.780688117535761,-2.2965221405029297,-2.2965221405029297
2009-07-29,27.93000030517578,28.420000076293945,27.18000030517578,28.11000061035156,27.23852729797364,-0.6306101246011153,0.0712019728293267,0.0193805694580113,0.019380569458014918
2009-07-30,28.43000030517578,29.989999771118164,28.43000030517578,29.270000457763672,28.36256217956543,-0.6400762214669548,4.126636030265174,1.124034881591793,1.1240348815917898
2009-07-31,29.030000686645508,29.920000076293945,28.61000061035156,28.809999465942383,27.916826248168945,-0.2970019229353193,-1.5715644044233312,-0.4457359313964844,-0.4457359313964844
2009-08-03,29.530000686645508,31.0,29.0,30.709999084472656,29.757917404174805,-0.4151847080482237,6.594915695786208,1.8410911560058596,1.8410911560058594
2009-08-04,30.729999542236328,31.200000762939453,30.1200008392334,30.600000381469727,29.65132713317871,-0.6911357742584523,-0.3581912993048997,-0.1065902709960937,-0.10659027099609375
2009-08-05,30.71999931335449,31.989999771118164,30.0,31.729999542236328,30.746299743652344,0.9826422624740668,3.692828336335752,1.0949726104736328,1.0949726104736328
2009-08-06,31.239999771118164,35.849998474121094,30.61000061035156,33.31999969482422,32.28701400756836,4.230660893137703,5.011055888876848,1.5407142639160156,1.5407142639160156
2009-08-07,34.0,34.4900016784668,33.27000045776367,34.040000915527344,32.984676361083984,1.091358950721132,2.160814107343856,0.697662353515625,0.697662353515625
2009-08-10,34.040000915527344,35.040000915527344,33.75,34.08000183105469,33.023441314697266,-0.4088739768043308,0.1175241290498618,0.0387649536132812,0.03876495361328125
2009-08-11,34.0099983215332,34.70000076293945,32.529998779296875,32.810001373291016,31.792823791503903,-0.2261496221516119,-3.726496919161693,-1.230617523193363,-1.230617523193363
2009-08-12,32.810001373291016,34.08000183105469,32.5,33.290000915527344,32.257930755615234,-0.753382532436851,1.4629306511478424,0.4651069641113317,0.4651069641113317
2009-08-13,33.31999969482422,33.70000076293945,32.189998626708984,32.849998474121094,31.831573486328125,0.3831227943042357,-1.3217130153734158,-0.4263572692871094,-0.4263572692871094
2009-08-14,32.849998474121094,33.0,31.3799991607666,31.690000534057617,30.707538604736328,-0.2614323468333771,-3.531194843618324,-1.1240348815917969,-1.1240348815917969
2009-08-17,30.36000061035156,31.0,28.88999938964844,30.299999237060547,29.360631942749023,1.1791354852952796,-4.386241044339378,-1.346906661987305,-1.3469066619873047
2009-08-18,30.420000076293945,31.170000076293945,29.770000457763672,30.559999465942383,29.612573623657227,-0.1561578756284354,0.858093522644432,0.2519416809082031,0.2519416809082031
2009-08-19,29.89999961853028,30.8799991607666,29.540000915527344,30.26000022888184,29.32187843322754,0.0936897113456903,-0.981661351438412,-0.2906951904296875,-0.2906951904296875
2009-08-20,30.940000534057617,30.940000534057617,29.979999542236328,30.5,29.55443000793457,-0.280364540565056,0.7930991707663093,0.2325515747070312,0.23255157470703125
2009-08-21,30.989999771118164,31.489999771118164,30.63999938964844,31.479999542236328,30.50404930114746,-0.080142249281543,3.213119972058154,0.9496192932128906,0.9496192932128906
2009-08-24,31.670000076293945,32.81999969482422,31.39999961853028,32.0099983215332,31.01761817932129,-0.6891278143172137,1.683608864854902,0.5135688781738281,0.5135688781738281
2009-08-25,32.31999969482422,32.63999938964844,31.799999237060547,32.13999938964844,31.14358711242676,-0.1010824029544605,0.4061205872649909,0.1259689331054723,0.1259689331054723
2009-08-26,32.619998931884766,32.75,31.36000061035156,31.440000534057617,30.46529197692871,-0.4596466781756514,-2.1779608529018835,-0.6782951354980504,-0.6782951354980504
2009-08-27,31.61000061035156,31.709999084472656,30.299999237060547,30.89999961853028,29.94202995300293,-0.5913114800368727,-1.7175677302618595,-0.5232620239257812,-0.5232620239257812
2009-08-28,31.34000015258789,31.8700008392334,30.540000915527344,30.940000534057617,29.980789184570312,-1.1561219263652929,0.1294475746240975,0.0387592315673828,0.03875923156738281
2009-08-31,30.36000061035156,31.6200008392334,29.600000381469727,31.46999931335449,30.494356155395508,-0.4295272790570714,1.7129868318793484,0.5135669708251953,0.5135669708251953
2009-09-01,31.18000030517578,32.880001068115234,30.21999931335449,30.440000534057617,29.49629211425781,0.0578332838235712,-3.2729467579236227,-0.9980640411376988,-0.9980640411376989
2009-09-02,30.200000762939453,31.14999961853028,30.0,30.959999084472656,30.00016975402832,-0.6736378376276582,1.7082745106356878,0.5038776397705114,0.5038776397705114
2009-09-03,31.32999992370605,31.959999084472656,30.90999984741211,31.559999465942383,30.58156967163086,-0.5824190860113873,1.9379887592951617,0.5813999176025391,0.5813999176025391
2009-09-04,31.549999237060547,32.720001220703125,31.25,32.630001068115234,31.618392944335938,0.0150924222172053,3.3903533528133245,1.036823272705078,1.0368232727050781
2009-09-08,33.25,34.630001068115234,33.25,33.52000045776367,32.480804443359375,-0.067807638213934,2.727562721298682,0.8624114990234375,0.8624114990234375
2009-09-09,33.77000045776367,34.689998626708984,33.630001068115234,34.22999954223633,33.16878890991211,-0.1905800460496698,2.1181263159675057,0.6879844665527344,0.6879844665527344
2009-09-10,34.02000045776367,34.709999084472656,34.0,34.63999938964844,33.56608581542969,0.2199043362235495,1.1978034730078857,0.3972969055175781,0.3972969055175781
2009-09-11,34.63999938964844,34.63999938964844,34.0,34.09000015258789,33.03313446044922,-1.0405208040339808,-1.5877673611126908,-0.5329513549804688,-0.5329513549804688
2009-09-14,33.86000061035156,33.86000061035156,32.650001525878906,32.970001220703125,31.94785499572754,-0.0686681924744649,-3.285426837168881,-1.0852794647216797,-1.0852794647216797
2009-09-15,33.20000076293945,33.58000183105469,32.7599983215332,32.86000061035156,31.84125709533692,-0.0001107030521731,-0.3336621516683236,-0.1065979003906214,-0.1065979003906179
2009-09-17,36.970001220703125,37.59000015258789,36.34999847412109,37.02999877929688,35.88198471069336,1.103119858948387,12.690226404246442,4.040727615356442,4.040727615356438
2009-09-18,37.310001373291016,37.75,37.0,37.13999938964844,35.98857879638672,0.3736566974383962,0.2970685332843059,0.1065940856933593,0.10659408569335938
2009-09-21,36.75,37.5,35.95000076293945,37.290000915527344,36.13392639160156,-0.4541965011922894,0.4038714505431917,0.1453475952148437,0.14534759521484375
2009-09-22,37.5,38.18000030517578,37.02999877929688,37.9900016784668,36.81221771240234,-0.2284444335130275,1.8771591923052888,0.6782913208007741,0.6782913208007741
2009-09-23,38.0,38.77999877929688,37.75,38.209999084472656,37.02540969848633,-0.4220691421324706,0.5791337749590841,0.2131919860839914,0.21319198608399148
2009-09-24,38.5,38.79999923706055,36.119998931884766,38.52999877929688,37.33549118041992,3.025311225554148,0.8374829190513244,0.3100814819335937,0.31008148193359375
2009-09-25,38.459999084472656,38.47999954223633,37.709999084472656,38.119998931884766,36.93819808959961,-0.4808736832687459,-1.0641164164693406,-0.3972930908203125,-0.3972930908203125
2009-09-28,38.47999954223633,39.45000076293945,38.0099983215332,38.93000030517578,37.72307205200195,-0.2539742099087763,2.1248301297710936,0.7848739624023438,0.7848739624023438
2009-09-29,38.86000061035156,39.880001068115234,38.68000030517578,38.90999984741211,37.703712463378906,-0.8067368965897643,-0.0513202864187767,-0.0193595886230468,-0.019359588623046875
2009-09-30,39.13999938964844,39.4900016784668,37.58000183105469,38.459999084472656,37.26763916015625,-0.6621637808205801,-1.1565792192113955,-0.4360733032226562,-0.43607330322265625
2009-10-01,38.09999847412109,38.34000015258789,36.93999862670898,37.0,35.8529167175293,0.7689379544422371,-3.796115006231648,-1.4147224426269531,-1.4147224426269531
2009-10-02,36.380001068115234,37.66999816894531,36.09999847412109,36.97999954223633,35.833534240722656,0.2878881228054873,-0.054061087858892,-0.0193824768066406,-0.019382476806640625
2009-10-05,37.65999984741211,39.59999847412109,37.45000076293945,39.5,38.27540969848633,0.2635057520904463,6.814497954233678,2.441875457763672,2.441875457763672
2009-10-06,39.68999862670898,40.91999816894531,39.630001068115234,40.84000015258789,39.5738639831543,0.3699276289760958,3.392398134720209,1.2984542846679688,1.2984542846679688
2009-10-07,40.75,40.9900016784668,40.18999862670898,40.75,39.48665618896485,-0.4083002739639769,-0.2203671449079847,-0.087207794189446,-0.08720779418944602
2009-10-08,40.93000030517578,41.70000076293945,40.650001525878906,40.70000076293945,39.438209533691406,-0.3503562870882324,-0.1226912074843711,-0.0484466552734446,-0.048446655273444605
2009-10-09,40.54999923706055,41.7400016784668,40.54999923706055,41.65999984741211,40.36845397949219,-0.4447304043264499,2.358739042161861,0.9302444458007812,0.9302444458007812
2009-10-12,42.15999984741211,42.41999816894531,40.75,41.18000030517578,39.90332412719727,-0.2585638326316076,-1.1522112105933235,-0.4651298522949147,-0.46512985229491477
2009-10-13,41.43999862670898,41.95000076293945,40.59999847412109,41.83000183105469,40.53317260742188,-0.1897194917891389,1.578436117795312,0.6298484802246094,0.6298484802246094
2009-10-14,42.0,42.45000076293945,41.75,42.09999847412109,40.79480743408203,0.3329237957732689,0.6454832173986791,0.2616348266601491,0.26163482666014914
2009-10-15,41.70000076293945,42.22999954223633,41.11000061035156,41.810001373291016,40.5137939453125,-0.6696219177451809,-0.688846219518513,-0.2810134887695312,-0.28101348876953125
2009-10-16,41.61000061035156,42.0,41.31999969482422,41.7599983215332,40.46533584594727,-0.9269276416439076,-0.1196088903217429,-0.0484580993652272,-0.04845809936522727
2009-10-19,41.810001373291016,42.2400016784668,41.34000015258789,41.75,40.455657958984375,-0.6093831195080208,-0.0239164874344388,-0.0096778869628977,-0.00967788696289773
2009-10-20,41.97999954223633,41.97999954223633,40.29999923706055,40.77999877929688,39.51572036743164,0.5988350622773041,-2.323377344414179,-0.9399375915527344,-0.9399375915527344
2009-10-21,40.52000045776367,41.18000030517578,39.869998931884766,40.06999969482422,38.82774353027344,-0.2760617692624017,-1.7410206134701345,-0.6879768371582031,-0.6879768371582031
2009-10-22,39.84000015258789,40.290000915527344,39.22999954223633,40.130001068115234,38.885868072509766,-0.3988341770981375,0.1496984809096879,0.0581245422363281,0.058124542236328125
2009-10-23,40.7400016784668,41.43000030517578,40.25,40.4900016784668,39.23471832275391,-0.1934485602514393,0.8971131867074433,0.3488502502441477,0.34885025024414773
2009-10-26,41.0,41.0,39.40999984741211,40.619998931884766,39.36068344116211,-0.8064500451695873,0.3210552383019038,0.125965118408196,0.12596511840819602
2009-10-27,40.22999954223633,40.33000183105469,37.130001068115234,37.88999938964844,36.71532440185547,0.8974473906815119,-6.720815819321402,-2.6453590393066406,-2.6453590393066406
2009-10-28,37.5,38.08000183105469,34.810001373291016,35.599998474121094,34.49631118774414,1.78812105033095,-6.043833876622884,-2.219013214111328,-2.219013214111328
2009-10-29,35.79999923706055,37.66999816894531,35.79999923706055,37.22999954223633,36.07577896118164,-0.565494852220947,4.578657018836996,1.5794677734375,1.5794677734375
2009-10-30,37.08000183105469,37.16999816894531,35.02000045776367,35.790000915527344,34.6804313659668,-0.2932728544730189,-3.867823884596555,-1.3953475952148438,-1.3953475952148438
2009-11-02,36.33000183105469,38.709999084472656,36.33000183105469,37.54999923706055,36.38585662841797,0.1022952539509989,4.917543396316493,1.705425262451172,1.7054252624511719
2009-11-03,37.09999847412109,38.08000183105469,37.02000045776367,38.040000915527344,36.86067199707031,-0.8847604828778954,1.304944867730562,0.4748153686523437,0.47481536865234375
2009-11-04,38.70000076293945,39.47999954223633,38.2599983215332,38.36000061035156,37.17077255249024,-0.2817987976659408,0.841277542212393,0.310100555419929,0.310100555419929
2009-11-05,40.75,44.18000030517578,40.560001373291016,43.90999984741211,42.5486946105957,3.92688523917031,14.468147118844763,5.377922058105462,5.377922058105462
2009-11-06,43.77999877929688,45.20000076293945,43.290000915527344,44.83000183105469,43.44017791748047,0.4812259800047535,2.095207185657744,0.8914833068847656,0.8914833068847656
2009-11-09,45.41999816894531,45.43000030517578,43.41999816894531,44.220001220703125,42.84907150268555,0.5027398365180249,-1.3607366339930649,-0.5911064147949219,-0.5911064147949219
2009-11-10,42.9900016784668,44.56999969482422,42.72999954223633,44.18000030517578,42.810325622558594,1.389397576284986,-0.0904240833422109,-0.0387458801269531,-0.038745880126953125
2009-11-11,44.9900016784668,45.93000030517578,44.15999984741211,44.790000915527344,43.40141296386719,-0.1814008006040073,1.38071208922812,0.5910873413085938,0.5910873413085938
2009-11-12,44.880001068115234,45.93000030517578,44.68000030517578,45.33000183105469,43.92467498779297,0.0781997346561349,1.205633614650781,0.5232620239257812,0.5232620239257812
2009-11-13,45.38999938964844,45.810001373291016,44.04999923706055,45.0,43.60490036010742,-0.4593598267554745,-0.7280068157007769,-0.3197746276855469,-0.3197746276855469
2009-11-16,45.5,45.5,44.209999084472656,44.93000030517578,43.53706741333008,0.2640794549308002,-0.1555626689137002,-0.0678329467773437,-0.06783294677734375
2009-11-17,44.54999923706055,45.59999847412109,44.54999923706055,45.58000183105469,44.16691970825195,-0.7017492768049995,1.446703538716143,0.629852294921875,0.629852294921875
2009-11-18,45.54999923706055,47.75,45.2599983215332,46.25,44.81614303588867,0.702675276381361,1.4699311881498869,0.6492233276367188,0.6492233276367188
2009-11-19,46.91999816894531,47.45000076293945,45.380001068115234,45.72999954223633,44.31226348876953,-0.1116959055010078,-1.1243259972542383,-0.5038795471191406,-0.5038795471191406
2009-11-20,45.54999923706055,45.90999984741211,44.7400016784668,45.29999923706055,43.895599365234375,-0.0348197248935844,-0.9402907699372132,-0.4166641235351562,-0.41666412353515625
2009-11-23,45.75,49.45000076293945,45.75,48.5099983215332,47.00607681274414,1.976869284807385,7.086080364523473,3.1104774475097656,3.1104774475097656
2009-11-24,48.75,48.84999847412109,47.5099983215332,48.130001068115234,46.63787078857422,-0.5204591792531654,-0.7833157947571889,-0.3682060241699219,-0.3682060241699219
2009-11-25,48.36000061035156,49.58000183105469,47.77999877929688,49.380001068115234,47.8491096496582,0.441927335440511,2.597114406390788,1.2112388610839844,1.2112388610839844
2009-11-27,47.2599983215332,49.06999969482422,46.540000915527344,48.59000015258789,47.08359909057617,-0.5181643678917498,-1.599842849087374,-0.7655105590820312,-0.7655105590820312
2009-11-30,49.43000030517578,50.79999923706055,48.630001068115234,49.34999847412109,47.82002639770508,3.501484583047889,1.5640845673505543,0.7364273071289062,0.7364273071289062
2009-12-01,50.25,52.310001373291016,49.59999847412109,52.130001068115234,50.51384735107422,1.3369037663926036,5.633248570306981,2.6938209533691406,2.6938209533691406
2009-12-02,52.290000915527344,54.459999084472656,52.150001525878906,54.45000076293945,52.76192474365234,1.4866402077249727,4.450418074382356,2.248077392578118,2.248077392578118
2009-12-03,54.47999954223633,55.619998931884766,52.09999847412109,52.54999923706055,50.920841217041016,1.5124568355408985,-3.4894169148611653,-1.841083526611321,-1.841083526611321
2009-12-04,53.27999877929688,54.709999084472656,49.2400016784668,51.68999862670898,50.087501525878906,2.757965701949227,-1.6365395214312128,-0.8333396911621094,-0.8333396911621094
2009-12-07,50.0,50.43999862670898,48.79999923706055,49.56999969482422,48.03320693969727,2.000677952682072,-4.1014115769384745,-2.054294586181633,-2.0542945861816335
2009-12-08,49.0099983215332,49.86000061035156,46.650001525878906,49.63999938964844,48.10103988647461,1.648424408704774,0.141220940884712,0.0678329467773366,0.06783294677733664
2009-12-09,48.61000061035156,49.540000915527344,47.720001220703125,49.29999923706055,47.77157974243164,0.630101867076592,-0.6849335166569048,-0.3294601440429687,-0.32946014404296875
2009-12-10,49.36000061035156,51.310001373291016,48.5,48.84999847412109,47.33553695678711,0.8211449129144425,-0.9127661006722576,-0.4360427856445312,-0.43604278564453125
2009-12-11,48.93999862670898,49.619998931884766,48.04999923706055,48.5,46.99639892578125,-0.0001107030521731,-0.7164554430119985,-0.3391380310058594,-0.3391380310058594
2009-12-14,48.869998931884766,49.86000061035156,48.02000045776367,49.47999954223633,47.94600296020508,0.0371799815708306,2.0205889304912183,0.949604034423828,0.9496040344238281
2009-12-15,49.0,51.09000015258789,48.56999969482422,48.58000183105469,47.07391357421875,0.7554559376939203,-1.8188990367146047,-0.8720893859863281,-0.8720893859863281
2009-12-16,48.29999923706055,49.720001220703125,48.09999847412109,48.880001068115234,47.3646125793457,0.174294960415414,0.617537364231735,0.2906990051269531,0.2906990051269531
2009-12-17,48.63999938964844,49.310001373291016,48.08000183105469,48.93999862670898,47.4227409362793,-0.3489220299873477,0.1227252874415718,0.0581283569335937,0.05812835693359375
2009-12-18,49.540000915527344,49.540000915527344,48.08000183105469,49.06999969482422,47.5487060546875,-0.3119181967845208,0.2656217585091935,0.1259651184082031,0.12596511840820312
2009-12-21,49.4900016784668,51.84000015258789,49.290000915527344,51.79999923706055,50.19408416748047,0.5540862407296995,5.563512306203289,2.6453781127929688,2.6453781127929688
2009-12-22,52.04999923706055,53.209999084472656,52.0,52.7599983215332,51.12431716918945,0.5101979734426257,1.8532721876249656,0.9302330017089844,0.9302330017089844
2009-12-23,53.16999816894531,54.29999923706055,53.0099983215332,54.18000030517578,52.50030517578125,-0.5439809957076756,2.691455031151113,1.3759880065917969,1.3759880065917969
2009-12-24,54.2599983215332,55.04999923706055,54.119998931884766,54.27999877929688,52.59718704223633,-1.2628306546711192,0.1845358158027776,0.0968818664550781,0.09688186645507812
2009-12-28,54.7599983215332,55.75,53.790000915527344,54.09000015258789,52.41309356689453,-0.6974465055023453,-0.3500063134440401,-0.1840934753417968,-0.18409347534179688
2009-12-29,54.09000015258789,54.900001525878906,52.04999923706055,52.400001525878906,50.77548599243164,-0.1073931341983535,-3.124424572216522,-1.6376075744628906,-1.6376075744628906
2009-12-30,52.41999816894531,52.68999862670898,51.040000915527344,52.040000915527344,50.4266357421875,-0.328842430574961,-0.687044630741962,-0.3488502502441406,-0.3488502502441406
2009-12-31,52.06999969482422,52.65999984741211,51.619998931884766,51.869998931884766,50.26191329956055,-0.8334140786662209,-0.326657609024561,-0.1647224426269531,-0.16472244262695312
2010-01-04,50.900001525878906,50.900001525878906,48.72999954223633,50.59000015258789,49.02159118652344,1.0629606601236137,-2.4677176645560683,-1.2403221130371094,-1.2403221130371094
2010-01-05,50.54999923706055,52.040000915527344,49.900001525878906,51.880001068115234,50.27159881591797,-0.2611454954132002,2.549912393986453,1.2500076293945312,1.2500076293945312
2010-01-06,51.880001068115234,52.400001525878906,51.02000045776367,51.27000045776367,49.680511474609375,-0.5901640743561649,-1.175787830963981,-0.5910873413085938,-0.5910873413085938
2010-01-07,51.11000061035156,51.619998931884766,49.27999877929688,50.2599983215332,48.70182800292969,-0.3672805208786727,-1.9699545005285808,-0.9786834716796876,-0.9786834716796875
2010-01-08,50.0,51.0,49.9900016784668,50.5099983215332,48.94407653808594,-0.7525219781763202,0.4974115861558159,0.24224853515625,0.24224853515625
2010-01-12,43.9900016784668,46.70000076293945,43.04999923706055,45.0,43.60490036010742,3.3047045088065,-10.908727992495326,-5.339176177978516,-5.339176177978516
2010-01-13,45.0,45.70000076293945,44.25,45.22999954223633,43.8277587890625,0.7021015735410071,0.5110857429202253,0.2228584289550781,0.22285842895507812
2010-01-14,44.9900016784668,44.9900016784668,43.11000061035156,43.220001220703125,41.88008499145508,1.7617307196746703,-4.4439274364480585,-1.9476737976074217,-1.9476737976074219
2010-01-15,43.16999816894531,43.16999816894531,41.5099983215332,42.150001525878906,40.843257904052734,3.203732808904212,-2.475704353546304,-1.0368270874023438,-1.0368270874023438
2010-01-19,42.060001373291016,43.68999862670898,42.060001373291016,43.40999984741211,42.06418991088867,0.7855753368125004,2.989311013592744,1.2209320068359375,1.2209320068359375
2010-01-20,43.290000915527344,43.290000915527344,41.54999923706055,42.040000915527344,40.73666763305664,0.2706770375948701,-3.1559440004534367,-1.3275222778320312,-1.3275222778320312
2010-01-21,42.310001373291016,43.470001220703125,41.02000045776367,41.369998931884766,40.08742904663086,0.8154078845109034,-1.5937449579183085,-0.6492385864257812,-0.6492385864257812
2010-01-22,41.29999923706055,41.84000015258789,39.900001525878906,40.86000061035156,39.59325408935547,0.4789311686433379,-1.232742954656818,-0.4941749572753906,-0.4941749572753906
2010-01-25,41.20000076293945,41.709999084472656,39.060001373291016,39.68000030517578,38.4498291015625,0.241131341316644,-2.887928800225525,-1.1434249877929688,-1.1434249877929688
2010-01-26,39.41999816894531,39.880001068115234,38.380001068115234,38.70000076293945,37.50021362304688,0.6068669020422588,-2.46975214378008,-0.949615478515618,-0.9496154785156179
2010-01-27,38.560001373291016,39.790000915527344,38.2400016784668,39.630001068115234,38.4013786315918,0.2933382997888494,2.403092999958467,0.9011650085449148,0.9011650085449148
2010-01-28,39.880001068115234,40.290000915527344,37.72999954223633,38.34999847412109,37.16106414794922,0.204701210954171,-3.229869676142838,-1.240314483642578,-1.2403144836425781
2010-01-29,38.68999862670898,39.5,37.59000015258789,38.02999877929688,36.85097122192383,0.1450361155573649,-0.8344565289917893,-0.3100929260253906,-0.3100929260253906
2010-02-01,38.5099983215332,38.93999862670898,37.86000061035156,38.4900016784668,37.29672622680664,0.2434261526780596,1.2096153509723928,0.4457550048828125,0.4457550048828125
2010-02-02,38.630001068115234,39.459999084472656,37.810001373291016,39.34999847412109,38.13006210327149,0.1533548067424965,2.2343405461305643,0.8333358764648509,0.8333358764648509
2010-02-03,39.209999084472656,40.709999084472656,38.79999923706055,40.65999984741211,39.3994369506836,1.910319755326332,3.3290657748579866,1.2693748474121094,1.2693748474121094
2010-02-04,40.27000045776367,40.27000045776367,36.43999862670898,36.43999862670898,35.310279846191406,2.899383452096465,-10.37871964924424,-4.089157104492195,-4.089157104492195
2010-02-05,36.68000030517578,37.470001220703125,35.5,36.41999816894531,35.29090118408203,1.3802183308393234,-0.0548810776742292,-0.019378662109375,-0.019378662109375
2010-02-08,36.5,37.61000061035156,36.09000015258789,36.369998931884766,35.24245834350586,-0.1713610008978139,-0.1372672245559481,-0.0484428405761718,-0.048442840576171875
2010-02-09,36.84000015258789,37.56999969482422,36.119998931884766,36.91999816894531,35.77539825439453,-0.0173217882627903,1.512209805837439,0.5329399108886719,0.5329399108886719
2010-02-10,36.810001373291016,37.25,36.02999877929688,36.38999938964844,35.26183319091797,-0.6911357742584523,-1.4355257761902829,-0.5135650634765625,-0.5135650634765625
2010-02-11,36.43999862670898,38.130001068115234,36.27000045776367,38.040000915527344,36.86067199707031,0.1011478482702911,4.534190827503948,1.5988388061523438,1.5988388061523438
2010-02-12,37.58000183105469,38.68000030517578,37.20000076293945,38.68000030517578,37.4808349609375,-0.1986118858146245,1.6824515947958751,0.6201629638671875,0.6201629638671875
2010-02-16,39.11000061035156,39.650001525878906,38.81999969482422,39.650001525878906,38.42076110839844,-0.2640140096149697,2.5077513573017463,0.9399261474609376,0.9399261474609375
2010-02-17,39.90999984741211,40.29999923706055,39.18999862670898,40.220001220703125,38.97309494018555,0.3538639494461865,1.4375921138802594,0.5523338317871094,0.5523338317871094
2010-02-18,40.18000030517578,41.66999816894531,39.75,41.59000015258789,40.30060577392578,0.0414827528734849,3.4062237956150154,1.3275108337402344,1.3275108337402344
2010-02-19,41.59000015258789,42.15999984741211,40.7599983215332,41.7400016784668,40.44596099853516,0.2345337586525741,0.3606775179131993,0.1453552246093821,0.1453552246093821
2010-02-22,42.13999938964844,42.400001525878906,40.75,40.93000030517578,39.66108322143555,2.040837151506845,-1.9405591008903045,-0.7848777770996165,-0.7848777770996165
2010-02-24,38.31999969482422,39.7599983215332,38.0099983215332,39.70000076293945,38.469215393066406,0.9579730403388488,-3.0051318107342406,-1.1918678283691406,-1.1918678283691406
2010-02-25,38.900001525878906,40.130001068115234,38.5,40.040000915527344,38.79866790771485,-0.1005087001141066,0.8564055993401487,0.3294525146484446,0.3294525146484446
2010-02-26,40.09999847412109,41.56999969482422,39.70000076293945,41.13999938964844,39.86455154418945,-0.1524288071661351,2.7472170926328587,1.0658836364746025,1.0658836364746023
2010-03-01,41.54999923706055,42.869998931884766,41.290000915527344,42.7400016784668,41.41496658325195,-0.0729709637771191,3.889207275651607,1.5504150390625,1.5504150390625
2010-03-02,42.84999847412109,43.560001373291016,42.15999984741211,42.45000076293945,41.13395690917969,0.1117613508168383,-0.6785220350410848,-0.2810096740722656,-0.2810096740722656
2010-03-03,42.41999816894531,43.790000915527344,42.400001525878906,43.060001373291016,41.72504806518555,-0.3658462637777879,1.4369907502721937,0.5910911560058594,0.5910911560058594
2010-03-04,43.060001373291016,43.43000030517578,42.34999847412109,43.38999938964844,42.04481506347656,-0.5870087087342185,0.7663669980474408,0.3197669982910156,0.3197669982910156
2010-03-05,43.75,44.84000015258789,43.52000045776367,44.650001525878906,43.265743255615234,-0.1432495617204726,2.9038733796197924,1.220928192138672,1.2209281921386719
2010-03-08,44.86000061035156,45.84999847412109,44.5,45.43999862670898,44.03125381469727,-0.553733943993692,1.7693225667230197,0.7655105590820384,0.7655105590820384
2010-03-09,45.40999984741211,46.75,45.02000045776367,46.43999862670898,45.00025177001953,0.0655782721683489,2.200704888850602,0.9689979553222584,0.9689979553222585
2010-03-10,46.68999862670898,47.5,46.630001068115234,46.720001220703125,45.271575927734375,-0.4679653693607831,0.6029391993215727,0.2713241577148437,0.27132415771484375
2010-03-11,46.59999847412109,47.27000045776367,45.619998931884766,47.22999954223633,45.76576614379883,-0.1917274517303776,1.0916125757435724,0.4941902160644531,0.4941902160644531
2010-03-12,47.650001525878906,48.810001373291016,47.290000915527344,48.650001525878906,47.14173889160156,0.0716021519920649,3.006554601269751,1.3759727478027344,1.3759727478027344
2010-03-15,48.5,48.5,46.040000915527344,46.470001220703125,45.029327392578125,0.1983904797102781,-4.480979167698395,-2.112411499023437,-2.1124114990234375
2010-03-16,46.52000045776367,46.93999862670898,45.59999847412109,46.33000183105469,44.8936653137207,-0.1684924866960444,-0.3012749394959435,-0.1356620788574218,-0.13566207885742188
2010-03-17,46.369998931884766,48.02000045776367,46.25,47.33000183105469,45.862674713134766,-0.8374299985486983,2.1584546341728794,0.9690093994140624,0.9690093994140625
2010-03-18,47.52000045776367,47.68000030517578,46.79999923706055,47.25,45.78514862060547,-1.2223846044261688,-0.1690396232104096,-0.0775260925292968,-0.07752609252929688
2010-03-19,46.2599983215332,47.63999938964844,46.150001525878906,46.2599983215332,44.825828552246094,-0.5798374232297947,-2.09526472505025,-0.959320068359375,-0.959320068359375
2010-03-22,46.0099983215332,46.9900016784668,44.65999984741211,46.869998931884766,45.41692352294922,-0.4708338835625526,1.3186481762722746,0.591094970703125,0.591094970703125
2010-03-23,46.86000061035156,47.29999923706055,46.5099983215332,47.09999847412109,45.63979721069336,-1.0898592483044167,0.4907282802445234,0.2228736877441406,0.22287368774414062
2010-03-24,47.0,48.130001068115234,46.65999984741211,46.720001220703125,45.271575927734375,-1.0844090713210546,-0.8067986833050877,-0.3682212829589844,-0.3682212829589844
2010-03-25,47.27999877929688,47.84999847412109,46.459999084472656,46.5099983215332,45.06807708740234,-0.6483949126520864,-0.4495068620029463,-0.2034988403320383,-0.20349884033203836
2010-03-26,46.52000045776367,47.0,45.84000015258789,46.75,45.30064392089844,-0.5141484480092725,0.5160345160612811,0.2325668334961008,0.23256683349610086
2010-03-29,46.970001220703125,48.45000076293945,46.959999084472656,47.88999938964844,46.40528869628906,-0.6260205018782841,2.4384747760307635,1.104644775390625,1.104644775390625
2010-03-30,48.09999847412109,48.66999816894531,47.66999816894531,47.93000030517578,46.44406127929688,-1.0904329511447706,0.0835520780003706,0.0387725830078196,0.038772583007819605
2010-03-31,47.869998931884766,48.75,47.5,48.209999084472656,46.71537399291992,-0.8279639016828588,0.5841709492016012,0.2713127136230397,0.27131271362303977
2010-04-01,48.63999938964844,50.0,48.459999084472656,49.29999923706055,47.77157974243164,-0.1541499156871968,2.2609382291829627,1.0562057495117188,1.0562057495117188
2010-04-05,49.7400016784668,50.0,48.7400016784668,49.380001068115234,47.8491096496582,-0.7166655506542011,0.162292952513976,0.0775299072265625,0.0775299072265625
2010-04-06,49.18999862670898,50.400001525878906,48.560001373291016,49.970001220703125,48.42081451416016,-0.971676463191512,1.19480773767342,0.5717048645019602,0.5717048645019602
2010-04-07,49.65999984741211,49.77999877929688,47.66999816894531,48.08000183105469,46.58940124511719,-0.6664665521232344,-3.7822851338186303,-1.831413269042976,-1.8314132690429759
2010-04-08,47.29999923706055,48.400001525878906,46.29999923706055,47.93999862670898,46.45375061035156,-0.1997592914953322,-0.2911620049631858,-0.135650634765625,-0.135650634765625
2010-04-09,47.83000183105469,48.9900016784668,47.31999969482422,48.90999984741211,47.3936882019043,-0.225289067891081,2.0233836433075414,0.9399375915527344,0.9399375915527344
2010-04-13,51.72999954223633,51.869998931884766,50.75,51.0,49.418888092041016,0.5621180804946542,4.273142620825499,2.0251998901367188,2.0251998901367188
2010-04-14,51.4900016784668,52.08000183105469,51.06999969482422,51.59000015258789,49.9905891418457,0.0810682488579044,1.1568472539080776,0.5717010498046875,0.5717010498046875
2010-04-15,51.63999938964844,52.130001068115234,51.47999954223633,51.810001373291016,50.20376968383789,-0.1730821094188757,0.426441347565043,0.2131805419921875,0.2131805419921875
2010-04-16,51.52999877929688,51.79999923706055,50.29999923706055,50.810001373291016,49.23477554321289,0.2531791009640761,-1.9301222731426648,-0.968994140625,-0.968994140625
2010-04-19,50.77000045776367,51.290000915527344,48.97999954223633,49.25,47.7231330871582,0.344684704000524,-3.0702738854327283,-1.5116424560546875,-1.5116424560546875
2010-04-20,49.63999938964844,50.540000915527344,49.38999938964844,50.13999938964844,48.585548400878906,-0.7565378980587976,1.8071221605372223,0.8624153137207031,0.8624153137207031
2010-04-21,51.52999877929688,52.34999847412109,50.119998931884766,51.18000030517578,49.59330368041992,0.192653451306739,2.074187310238917,1.0077552795410156,1.0077552795410156
2010-04-22,50.7599983215332,51.970001220703125,49.68000030517578,51.869998931884766,50.26191329956055,0.1149167164387848,1.348185278095526,0.668609619140625,0.668609619140625
2010-04-23,52.040000915527344,53.7599983215332,52.040000915527344,53.720001220703125,52.05454254150391,0.0254190733435756,3.5665758111103285,1.7926292419433665,1.7926292419433665
2010-04-26,53.810001373291016,54.880001068115234,53.59000015258789,53.66999816894531,52.006107330322266,-0.650116021173148,-0.093047040309746,-0.0484352111816477,-0.04843521118164773
2010-04-27,53.58000183105469,53.61000061035156,51.2599983215332,51.45000076293945,49.854942321777344,-0.4788657233275073,-4.136369974552356,-2.151165008544922,-2.151165008544922
2010-04-28,51.65999984741211,52.25,49.880001068115234,50.72999954223633,49.15726089477539,-0.2720458493799244,-1.399422794432148,-0.6976814270019531,-0.6976814270019531
2010-04-29,51.15999984741211,52.0,51.08000183105469,51.560001373291016,49.961524963378906,-0.3325714990372614,1.6361043190040725,0.8042640686035156,0.8042640686035156
2010-04-30,51.720001220703125,52.119998931884766,50.41999816894531,50.41999816894531,48.85686492919922,-0.6369208558450082,-2.2110214509853066,-1.1046600341796875,-1.1046600341796875
2010-05-03,50.72999954223633,51.400001525878906,50.25,51.02000045776367,49.43825912475586,-0.0523176615243785,1.1899948889458445,0.5813941955566406,0.5813941955566406
2010-05-04,50.84000015258789,51.290000915527344,48.86000061035156,49.43999862670898,47.907257080078125,-0.019329748204029,-3.0967960275751216,-1.5310020446777344,-1.5310020446777344
2010-05-05,48.27000045776367,48.560001373291016,46.06999969482422,47.369998931884766,45.90141296386719,0.5598232691332385,-4.1869316643574965,-2.005844116210937,-2.0058441162109375
2010-05-06,47.5,48.130001068115234,41.0,44.790000915527344,43.40141296386719,1.847786145727756,-5.4464554325766805,-2.5,-2.5
2010-05-07,47.880001068115234,49.0,44.4900016784668,46.0099983215332,44.58358383178711,1.95851079391606,2.7238073306601995,1.182170867919922,1.1821708679199219
2010-05-10,48.790000915527344,49.95000076293945,48.790000915527344,49.95000076293945,48.40143585205078,0.7098465618857849,8.563358286019241,3.817852020263672,3.817852020263672
2010-05-11,49.66999816894531,51.900001525878906,48.790000915527344,51.02999877929688,49.44796371459961,-0.0259273308680989,2.1621835057698657,1.046527862548828,1.0465278625488281
2010-05-12,51.33000183105469,53.7400016784668,51.02000045776367,53.08000183105469,51.43440628051758,-0.0173217882627903,4.017238358657571,1.9864425659179688,1.9864425659179688
2010-05-13,53.06999969482422,55.70000076293945,52.56999969482422,53.04999923706055,51.40533065795898,1.8213958150714769,-0.056529519170545,-0.0290756225586008,-0.029075622558600855
2010-05-14,52.40999984741211,52.63999938964844,50.56999969482422,51.27999877929688,49.69019317626953,-0.1291938421318019,-3.33649732379242,-1.715137481689446,-1.715137481689446
2010-05-17,51.5,52.0,49.15999984741211,49.90999984741211,48.362674713134766,0.1275381789265707,-2.6715904653974,-1.3275184631347656,-1.3275184631347656
2010-05-18,50.72999954223633,51.5099983215332,48.970001220703125,49.34999847412109,47.82002639770508,0.4992976194759015,-1.1220395039116982,-0.5426483154296875,-0.5426483154296875
2010-05-19,49.09999847412109,50.59999847412109,47.310001373291016,49.08000183105469,47.55841064453125,0.4645885976344902,-0.5470840835553825,-0.2616157531738281,-0.2616157531738281
2010-05-20,47.41999816894531,48.02000045776367,44.81999969482422,46.33000183105469,44.8936653137207,2.0425582600279077,-5.603100050436538,-2.664745330810547,-2.664745330810547
2010-05-21,45.2599983215332,49.0,44.72999954223633,48.36000061035156,46.8607292175293,0.8549933804953229,4.381606825957718,1.9670639038085935,1.9670639038085938
2010-05-24,47.93999862670898,48.9900016784668,46.93000030517578,46.93000030517578,45.47507095336914,0.0271401818646373,-2.9569711937854737,-1.3856582641601562,-1.3856582641601562
2010-05-25,45.02000045776367,47.70000076293945,44.59999847412109,47.459999084472656,45.98863220214844,-0.1211620023668472,1.1293247883129354,0.5135612487792969,0.5135612487792969
2010-05-26,48.18999862670898,50.45000076293945,48.0,49.36000061035156,47.82973861694336,0.7015278707006531,4.003394592607412,1.8411064147949217,1.8411064147949219
2010-05-27,50.97999954223633,52.25,50.29999923706055,51.459999084472656,49.86462020874024,-0.0101505027583665,4.254427581329168,2.034881591796882,2.034881591796882
2010-05-28,51.150001525878906,52.540000915527344,51.0,51.869998931884766,50.26191329956055,-0.0695287467349957,0.7967434408548302,0.3972930908203054,0.3972930908203054
2010-06-01,51.84000015258789,52.38999938964844,50.52999877929688,50.9900016784668,49.40919876098633,0.4620069348528977,-1.6965421381634371,-0.8527145385742188,-0.8527145385742188
2010-06-02,51.09999847412109,53.29999923706055,50.630001068115234,53.29999923706055,51.647579193115234,-0.5741003948262556,4.530290893719857,2.2383804321289062,2.2383804321289062
2010-06-03,54.38999938964844,56.15999984741211,54.02999877929688,55.900001525878906,54.16698455810547,0.8036469762836483,4.878070578235505,2.5194053649902344,2.5194053649902344
2010-06-04,54.59000015258789,55.93999862670898,53.459999084472656,54.04999923706055,52.374324798583984,0.5890821139912877,-3.309506287171071,-1.7926597595214844,-1.7926597595214844
2010-06-07,53.33000183105469,54.0,50.52000045776367,51.02000045776367,49.43825912475586,0.5251142472918273,-5.605925584949034,-2.936065673828125,-2.936065673828125
2010-06-08,51.150001525878906,52.54999923706055,50.0,51.650001525878906,50.04873275756836,-0.1363651276362257,1.2348202457372004,0.6104736328125,0.6104736328125
2010-06-09,52.400001525878906,54.83000183105469,51.93000030517578,53.15999984741211,51.51191711425781,0.4135290448429926,2.923519290242549,1.4631843566894531,1.4631843566894531
2010-06-10,54.650001525878906,57.34999847412109,54.36000061035156,57.29999923706055,55.523563385009766,1.7491092571868845,7.787802309616598,4.011646270751953,4.011646270751953
2010-06-11,56.79999923706055,58.810001373291016,56.54999923706055,57.79999923706055,56.00806427001953,2.171928250527713,0.8726040899971643,0.4845008850097656,0.4845008850097656
2010-06-14,58.0099983215332,59.4900016784668,57.27000045776367,57.84000015258789,56.046817779541016,1.1791354852952796,0.069192731487111,0.0387535095214843,0.038753509521484375
2010-06-15,58.81999969482422,60.970001220703125,58.4900016784668,60.22999954223633,58.36273193359375,1.4843453963635571,4.132106417107084,2.3159141540527344,2.3159141540527344
2010-06-16,59.77000045776367,62.13999938964844,59.27000045776367,60.59999847412109,58.72126388549805,0.5219588816698808,0.6143166024377367,0.3585319519042969,0.3585319519042969
2010-06-17,61.43000030517578,61.70000076293945,59.68999862670898,60.75,58.86661911010742,0.781272565509846,0.2475342235358058,0.145355224609375,0.145355224609375
2010-06-18,60.9900016784668,60.9900016784668,58.470001220703125,59.22999954223633,57.39372634887695,1.085621922317593,-2.502084854704312,-1.4728927612304688,-1.4728927612304688
2010-06-21,60.7400016784668,62.09000015258789,59.81999969482422,60.630001068115234,58.75033187866211,1.2293344838262463,2.3636826114736165,1.3566055297851562,1.3566055297851562
2010-06-22,60.93000030517578,62.0,57.04999923706055,57.52000045776367,55.73675155639648,2.5746676444561545,-5.129469444512457,-3.013580322265632,-3.013580322265632
2010-06-23,57.119998931884766,58.40999984741211,55.09999847412109,57.59000015258789,55.80457305908203,1.7505435142877694,0.1216818361165605,0.0678215026855539,0.06782150268555398
2010-06-24,57.5,57.59999847412109,56.2599983215332,56.84999847412109,55.08750915527344,0.5472018066454526,-1.2849554516785155,-0.7170639038085938,-0.7170639038085938
2010-06-28,58.68999862670898,59.20000076293945,56.4900016784668,57.220001220703125,55.4460563659668,0.636125746900308,0.6508684385833075,0.3585472106933594,0.3585472106933594
2010-06-29,55.52000045776367,56.0099983215332,53.630001068115234,54.119998931884766,52.442161560058594,1.060665848762198,-5.417688836301105,-3.003894805908203,-3.003894805908203
2010-06-30,54.209999084472656,55.20000076293945,52.400001525878906,52.54999923706055,50.920841217041016,2.790379912429223,-2.9009489650332343,-1.521320343017578,-1.5213203430175781
2010-07-01,52.400001525878906,52.959999084472656,49.54999923706055,52.59999847412109,50.96927261352539,1.2086811815735057,0.0951111476692689,0.048431396484375,0.048431396484375
2010-07-02,52.84000015258789,53.130001068115234,51.18000030517578,52.130001068115234,50.51384735107422,-0.092190008928975,-0.8935290599582091,-0.4554252624511719,-0.4554252624511719
2010-07-06,55.060001373291016,55.08000183105469,52.470001220703125,53.220001220703125,51.57006454467773,0.2858801628642486,2.090945847507397,1.0562171936035083,1.0562171936035085
2010-07-07,53.52000045776367,55.52999877929688,53.31999969482422,55.470001220703125,53.75030899047852,0.0538173639410939,4.227732629483016,2.1802444458007955,2.1802444458007955
2010-07-08,56.31999969482422,58.27000045776367,56.27000045776367,57.790000915527344,55.998382568359375,2.146685325552141,4.182438427059232,2.2480735778808523,2.2480735778808523
2010-07-09,58.27999877929688,59.400001525878906,57.380001068115234,59.119998931884766,57.287147521972656,0.2698164833343393,2.301432460196562,1.2887649536132812,1.2887649536132812
2010-07-12,59.369998931884766,59.63999938964844,58.04999923706055,58.84999847412109,57.02552032470703,0.9258456812790302,-0.4566944045612975,-0.261627197265625,-0.261627197265625
2010-07-13,60.0,61.0,59.56999969482422,60.560001373291016,58.6825065612793,0.5285564643339506,2.905692446359587,1.6569862365722656,1.6569862365722656
2010-07-14,60.45000076293945,61.02999877929688,59.83000183105469,61.0,59.10886001586914,0.4066446107587458,0.7265426778330086,0.4263534545898437,0.42635345458984375
2010-07-15,61.38999938964844,62.459999084472656,60.400001525878906,62.27999877929688,60.34917831420898,0.1972430740295702,2.0983627463071475,1.2403182983398366,1.2403182983398366
2010-07-16,60.11000061035156,60.84999847412109,57.59000015258789,58.09999847412109,56.29877471923828,1.618591861006371,-6.711613493529612,-4.050403594970696,-4.050403594970696
2010-07-19,57.790000915527344,60.02000045776367,57.619998931884766,59.900001525878906,58.04296112060547,0.6757112428847275,3.0980894523290115,1.7441864013671875,1.7441864013671875
2010-07-20,58.81999969482422,60.18999862670898,57.88999938964844,60.0,58.13985061645508,0.3231708474872525,0.1669272104300123,0.0968894958496093,0.09688949584960938
2010-07-21,60.29999923706055,60.70000076293945,58.540000915527344,58.900001525878906,57.07397079467773,-0.4602203810160054,-1.8333033375143917,-1.0658798217773509,-1.0658798217773509
2010-07-22,59.70000076293945,60.25,58.59999847412109,60.04999923706055,58.188323974609375,-0.055759878566502,1.9524717912838163,1.1143531799316475,1.1143531799316477
2010-07-23,59.77999877929688,61.54999923706055,59.63999938964844,61.470001220703125,59.56429672241211,0.5199509217286421,2.364688744778332,1.3759727478027344,1.3759727478027344
2010-07-26,62.77000045776367,65.98999786376953,62.650001525878906,65.1500015258789,63.13021469116211,2.3259674631627365,5.986670144647666,3.56591796875,3.56591796875
2010-07-27,65.45999908447266,65.83999633789062,63.75,64.0,62.01585006713867,0.9771920854907048,-1.7651842774097926,-1.1143646240234375,-1.1143646240234375
2010-07-28,63.7400016784668,64.0,62.0,62.40999984741211,60.47514724731445,-0.286101568968595,-2.4843694283900764,-1.5407028198242188,-1.5407028198242188
2010-07-29,62.619998931884766,63.65999984741211,60.4900016784668,60.59999847412109,58.72126388549805,0.2810036887212405,-2.9001721230109023,-1.7538833618164062,-1.7538833618164062
2010-07-30,59.47999954223633,61.2599983215332,58.34999847412109,60.5,58.62437057495117,1.6111337240817702,-0.1650054922792687,-0.096893310546875,-0.096893310546875
2010-08-02,62.27999877929688,62.27999877929688,59.79999923706055,60.34000015258789,58.46931076049805,0.9462121321115938,-0.2644971927756256,-0.155059814453125,-0.155059814453125
2010-08-03,61.38999938964844,62.56999969482422,60.13999938964844,62.2599983215332,60.32980346679688,1.2218763469016454,3.181998696580824,1.8604927062988352,1.8604927062988352
2010-08-04,62.97999954223633,63.4900016784668,61.58000183105469,62.68000030517578,60.73677062988281,0.7907386623756855,0.6745706760173942,0.4069671630859304,0.4069671630859304
2010-08-09,67.76000213623047,68.4800033569336,67.25,67.83999633789062,65.73680877685547,2.2720393961694696,8.232308196696604,5.000038146972656,5.000038146972656
2010-08-10,67.16999816894531,68.66999816894531,65.55999755859375,67.80999755859375,65.7077407836914,0.7147230360287931,-0.0442187470078403,-0.0290679931640625,-0.0290679931640625
2010-08-11,65.23999786376953,66.26000213623047,63.61000061035156,65.62000274658203,63.58564758300781,0.9562519318177872,-3.229593919032281,-2.1220932006835938,-2.1220932006835938
2010-08-12,64.19999694824219,67.4000015258789,64.16999816894531,66.41999816894531,64.3608169555664,0.2161752677612491,1.219094877576965,0.7751693725585938,0.7751693725585938
2010-08-13,66.66000366210938,67.01000213623047,65.36000061035156,65.52999877929688,63.4984130859375,-0.7060520481076539,-1.3399517135158412,-0.8624038696289062,-0.8624038696289062
2010-08-16,64.91000366210938,67.94000244140625,64.52999877929688,67.0,64.92284393310547,-0.1659108239144518,2.2432542451732878,1.4244308471679688,1.4244308471679688
2010-08-17,68.19000244140625,70.31999969482422,67.8499984741211,69.2300033569336,67.08372497558594,3.170171192743509,3.328383218558595,2.1608810424804688,2.1608810424804688
2010-08-18,69.83000183105469,70.25,68.6500015258789,69.88999938964844,67.72325134277344,0.2069960223155866,0.9533256649362444,0.6395263671875,0.6395263671875
2010-08-19,69.01000213623047,69.41999816894531,67.63999938964844,67.69999694824219,65.60114288330078,0.5007318765767863,-3.133500559109081,-2.122108459472656,-2.1221084594726562
2010-08-20,67.80000305175781,69.80999755859375,67.11000061035156,69.66000366210938,67.5003890991211,0.1740081089952371,2.895141962997383,1.8992462158203125,1.8992462158203125
2010-08-23,70.33000183105469,70.94999694824219,67.75,68.08999633789062,65.97905731201172,0.2305178387700968,-2.253811877847656,-1.521331787109375,-1.521331787109375
2010-08-24,66.0,67.63999938964844,65.61000061035156,65.91999816894531,63.87631607055664,0.1912191942058543,-3.1869828504995423,-2.102741241455078,-2.102741241455078
2010-08-25,65.0,65.62999725341797,62.20000076293945,63.59000015258789,61.61856842041016,3.503492542989128,-3.534561460389496,-2.2577476501464773,-2.2577476501464773
2010-08-26,64.4000015258789,65.7699966430664,64.06999969482422,64.30999755859375,62.31623458862305,0.7944677308379858,1.1322336530976471,0.6976661682128835,0.6976661682128835
2010-08-27,65.27999877929688,66.54000091552734,63.86000061035156,66.37999725341797,64.32205963134766,-0.0505965530033168,3.2187840872702767,2.0058250427246094,2.0058250427246094
2010-08-30,66.4000015258789,66.6500015258789,64.5999984741211,64.73999786376953,62.73291778564453,-0.954178526560718,-2.4706016175648826,-1.589141845703125,-1.589141845703125
2010-08-31,64.13999938964844,66.04000091552734,62.84000015258789,65.94000244140625,63.89570999145508,-0.091903157508798,1.853559896231438,1.1627922058105469,1.1627922058105469
2010-09-01,67.02999877929688,69.08999633789062,66.6500015258789,68.4000015258789,66.27942657470703,-0.0219114109856216,3.730636350344541,2.383716583251953,2.383716583251953
2010-09-02,68.4000015258789,71.0999984741211,68.0,69.88999938964844,67.72325134277344,0.6458786951863243,2.178390554479215,1.4438247680664062,1.4438247680664062
2010-09-03,71.44999694824219,72.87000274658203,70.01000213623047,70.37000274658203,68.1883544921875,0.4155370047842313,0.6867702601282444,0.4651031494140625,0.4651031494140625
2010-09-07,70.25,71.33999633789062,69.02999877929688,70.23999786376953,68.06239318847656,-0.3314240933565536,-0.1847255365655886,-0.1259613037109375,-0.1259613037109375
2010-09-08,70.70999908447266,72.31999969482422,70.54000091552734,71.41000366210938,69.1961441040039,-0.8098922622117107,1.6657523522392026,1.1337509155273438,1.1337509155273438
2010-09-09,72.76000213623047,73.0,70.5,71.26000213623047,69.05079650878906,-0.8098922622117107,-0.2100515817707759,-0.1453475952148437,-0.14534759521484375
2010-09-10,71.55999755859375,72.68000030517578,69.87000274658203,72.51000213623047,70.26204681396484,-0.079855397861366,1.7541438570105594,1.2112503051757812,1.2112503051757812
2010-09-13,73.01000213623047,74.77999877929688,72.0,74.58000183105469,72.26785278320312,0.5985482108571272,2.85475026730877,2.005805969238281,2.0058059692382812
2010-09-14,74.44999694824219,74.44999694824219,73.12999725341797,73.7699966430664,71.48294830322266,0.0744706661938345,-1.08610460910622,-0.7849044799804688,-0.7849044799804688
2010-09-15,73.2699966430664,74.7699966430664,73.16999816894531,74.3499984741211,72.04499053955078,-0.7063388995278308,0.7862605693654379,0.562042236328125,0.562042236328125
2010-09-16,74.62000274658203,74.62000274658203,73.72000122070312,73.73999786376953,71.45388793945312,-0.6297495703405844,-0.8204631518039518,-0.5911026000976562,-0.5911026000976562
2010-09-17,71.55999755859375,72.86000061035156,70.6500015258789,72.4800033569336,70.23294067382812,0.6140381875466826,-1.70872054808211,-1.220947265625,-1.220947265625
2010-09-20,71.0,73.26000213623047,71.0,72.7300033569336,70.47520446777344,0.4935605910723624,0.3449432582787848,0.2422637939453125,0.2422637939453125
2010-09-21,72.5999984741211,73.80000305175781,71.41999816894531,72.18000030517578,69.9422607421875,0.0357457244699459,-0.7562145148931609,-0.5329437255859375,-0.5329437255859375
2010-09-22,72.1500015258789,72.33000183105469,70.5199966430664,71.75,69.52560424804688,-0.4820210889494538,-0.5957149364623104,-0.416656494140625,-0.416656494140625
2010-09-23,71.18000030517578,71.97000122070312,70.5,70.93000030517578,68.73101806640625,-0.4298141304772483,-1.1428684298891878,-0.794586181640625,-0.794586181640625
2010-09-24,72.05000305175781,73.0,71.36000061035156,71.9000015258789,69.67093658447266,-0.4120293424262773,1.3675317847878787,0.9399185180664062,0.9399185180664062
2010-09-27,72.75,76.75,72.12000274658203,74.9800033569336,72.65546417236328,2.3222383947004364,4.283748337833848,2.984527587890625,2.984527587890625
2010-09-28,76.80999755859375,76.80999755859375,72.58999633789062,74.9000015258789,72.57793426513672,1.491516681867981,-0.1067089834325907,-0.0775299072265625,-0.0775299072265625
2010-09-29,74.93000030517578,75.5,74.27999877929688,75.13999938964844,72.81050872802734,-0.4384196730825569,0.3204478954181855,0.232574462890625,0.232574462890625
2010-09-30,76.08000183105469,76.25,71.38999938964844,72.18000030517578,69.9422607421875,1.376202410956846,-3.939332434214615,-2.868247985839844,-2.8682479858398438
2010-10-01,73.02999877929688,73.52999877929688,71.25,71.3499984741211,69.13796997070312,0.5305644242751894,-1.1499353365900689,-0.804290771484375,-0.804290771484375
2010-10-05,67.16000366210938,69.20999908447266,67.0199966430664,68.0999984741211,65.9887466430664,1.8962640357376608,-4.554983793957479,-3.1492233276367188,-3.1492233276367188
2010-10-06,68.88999938964844,68.88999938964844,63.650001525878906,64.31999969482422,62.325931549072266,2.529058268648019,-5.5506662580005255,-3.6628150939941406,-3.6628150939941406
2010-10-07,64.31999969482422,65.38999938964844,63.0,64.44999694824219,62.45190048217773,0.8796626026305409,0.2021131974678569,0.1259689331054616,0.12596893310546164
2010-10-08,64.9800033569336,66.63999938964844,63.66999816894531,65.4000015258789,63.37247085571289,0.5770343543438557,1.4740470128653094,0.9205703735351634,0.9205703735351634
2010-10-11,65.41000366210938,66.0,64.5,64.7699966430664,62.76197052001953,-0.4404276330237956,-0.9633525842527968,-0.6105003356933594,-0.6105003356933594
2010-10-13,65.06999969482422,65.20999908447266,64.05000305175781,64.91000366210938,62.89765167236328,0.5899426682518186,0.2161837036338321,0.13568115234375,0.13568115234375
2010-10-14,64.41000366210938,65.01000213623047,63.540000915527344,64.55999755859375,62.55849075317383,0.5033135393583789,-0.5392266804429502,-0.3391609191894531,-0.3391609191894531
2010-10-15,65.31999969482422,66.1500015258789,64.11000061035156,65.26000213623047,63.23678588867188,0.6912012195742829,1.084257512180531,0.678295135498054,0.678295135498054
2010-10-18,65.20999908447266,65.4800033569336,62.43000030517578,62.93999862670898,60.988712310791016,0.7961888393590476,-3.555009234401308,-2.2480735778808665,-2.2480735778808665
2010-10-19,61.7599983215332,62.15999984741211,60.25,60.650001525878906,58.76971054077149,2.698874309392775,-3.6383810806035135,-2.219001770019524,-2.219001770019524
2010-10-20,60.810001373291016,62.400001525878906,60.45000076293945,61.9900016784668,60.068172454833984,0.0193951935198595,2.2094066860541828,1.298461914062493,1.298461914062493
2010-10-21,61.29999923706055,62.11000061035156,60.75,61.380001068115234,59.477081298828125,0.1387253843134719,-0.9840338599452324,-0.5910911560058594,-0.5910911560058594
2010-10-22,61.0099983215332,63.220001220703125,61.0099983215332,63.02000045776367,61.06623840332031,0.3487006238830013,2.671881453812186,1.5891571044921875,1.5891571044921875
2010-10-25,62.81999969482422,65.62000274658203,62.70000076293945,65.0,62.98485565185547,1.484632247783734,3.141862506518556,1.918617248535156,1.9186172485351562
2010-10-26,64.98999786376953,64.98999786376953,63.369998931884766,64.16999816894531,62.18057632446289,-0.2470897758245294,-1.276940812309202,-0.8042793273925781,-0.8042793273925781
2010-10-27,64.08000183105469,66.98999786376953,63.90999984741211,66.55000305175781,64.48678588867188,1.5333969892138162,3.708890622330374,2.3062095642089844,2.3062095642089844
2010-10-28,67.0,67.12000274658203,64.80000305175781,66.01000213623047,63.96353530883789,0.2577687236869073,-0.8114074420414008,-0.5232505798339844,-0.5232505798339844
2010-10-29,66.06999969482422,66.95999908447266,65.83999633789062,66.13999938964844,64.08949279785156,-0.4123161938464543,0.1969207743216516,0.1259574890136718,0.12595748901367188
2010-11-01,66.2699966430664,66.8499984741211,64.01000213623047,64.37999725341797,62.38407516479492,0.0386142386717154,-2.66099411714148,-1.7054176330566406,-1.7054176330566406
2010-11-02,64.26000213623047,64.47000122070312,62.59000015258789,63.459999084472656,61.49259948730469,0.4987239166355476,-1.4290116109524686,-0.8914756774902344,-0.8914756774902344
2010-11-03,63.04999923706055,65.1500015258789,62.66999816894531,64.66000366210938,62.655399322509766,1.3412065376952578,1.890958985146085,1.162799835205078,1.1627998352050781
2010-11-05,61.90999984741211,61.97999954223633,59.77999877929688,61.2400016784668,59.3414192199707,3.880128457681467,-5.289217111969591,-3.3139801025390625,-3.3139801025390625
2010-11-08,60.52999877929688,65.37000274658203,60.5,65.12000274658203,63.10115051269531,1.558353062769211,6.335762342972928,3.75973129272461,3.7597312927246094
2010-11-09,65.45999908447266,65.45999908447266,61.0099983215332,61.18000030517578,59.28327560424805,2.6363406997942,-6.05040459235232,-3.8178749084472656,-3.8178749084472656
2010-11-11,57.91999816894531,59.33000183105469,56.59999847412109,58.0,56.20186233520508,2.517584211840941,-5.19777835761519,-3.0814132690429688,-3.0814132690429688
2010-11-12,57.560001373291016,60.27000045776367,57.52999877929688,58.33000183105469,56.52164077758789,0.6415759238836701,0.5689819324412371,0.3197784423828125,0.3197784423828125
2010-11-15,58.58000183105469,60.45000076293945,58.29999923706055,59.84999847412109,57.99451446533203,1.703786732798926,2.605857981971682,1.4728736877441406,1.4728736877441406
2010-11-16,60.93000030517578,61.209999084472656,60.0099983215332,60.560001373291016,58.6825065612793,2.630316819970483,1.1863054674912998,0.6879920959472656,0.6879920959472656
2010-11-17,60.66999816894531,62.0,60.459999084472656,61.16999816894531,59.27358627319336,0.5712973259403167,1.0072502804508332,0.5910797119140625,0.5910797119140625
2010-11-18,62.43000030517578,62.869998931884766,62.0,62.119998931884766,60.19413757324219,0.1134824593379,1.5530548393106969,0.920551300048828,0.9205513000488281
2010-11-19,62.22999954223633,63.63999938964844,61.83000183105469,63.02000045776367,61.06623840332031,0.1714264462136445,1.448813564305973,0.872100830078125,0.872100830078125
2010-11-22,63.08000183105469,64.97000122070312,63.02000045776367,64.87000274658203,62.85888671875,0.1920797484663851,2.935580055856546,1.7926483154296875,1.7926483154296875
2010-11-23,64.41999816894531,64.44000244140625,63.08000183105469,63.959999084472656,61.977088928222656,-0.0784211407604812,-1.4028212024701947,-0.8817977905273438,-0.8817977905273438
2010-11-24,64.4800033569336,64.91000366210938,64.2300033569336,64.79000091552734,62.78136444091797,-0.4203480336114089,1.2976981116792352,0.8042755126953125,0.8042755126953125
2010-11-26,64.08000183105469,66.0,64.0,65.98999786376953,63.94416427612305,-0.8899238084410805,1.8521417072726365,1.162799835205078,1.1627998352050781
2010-11-29,65.81999969482422,66.62999725341797,64.83999633789062,65.69000244140625,63.653465270996094,0.5337197898971359,-0.4546138156902968,-0.2906990051269531,-0.2906990051269531
2010-11-30,65.0,65.0,63.34000015258789,63.619998931884766,61.64762878417969,-0.0835844663236664,-3.151181916454704,-2.0058364868164062,-2.0058364868164062
2010-12-01,64.79000091552734,66.81999969482422,64.44000244140625,66.68000030517578,64.61275482177734,0.6453049923459705,4.809797385684012,2.965126037597656,2.9651260375976562
2010-12-02,67.0,70.31999969482422,67.0,68.66999816894531,66.54106903076172,1.795005484415197,2.9844172629742927,1.928314208984375,1.928314208984375
2010-12-03,68.3499984741211,69.97000122070312,67.69999694824219,69.36000061035156,67.20967864990234,0.2305178387700968,1.004807450315437,0.668609619140625,0.668609619140625
2010-12-06,69.0199966430664,70.48999786376953,68.91999816894531,69.80000305175781,67.63603973388672,-0.5781163147087329,0.6343745313905025,0.426361083984375,0.426361083984375
2010-12-07,70.48999786376953,70.77999877929688,68.73999786376953,68.80000305175781,66.66704559326172,-0.7103548194103082,-1.432659488103527,-0.968994140625,-0.968994140625
2010-12-08,68.80000305175781,69.62000274658203,67.8499984741211,68.43000030517578,66.30850982666016,-0.844888135473299,-0.5378005930981256,-0.3585357666015625,-0.3585357666015625
2010-12-09,68.76000213623047,69.31999969482422,66.87999725341797,67.44999694824219,65.35888671875,-0.3216711450705372,-1.432128561466106,-0.9496231079101562,-0.9496231079101562
2010-12-10,68.86000061035156,68.86000061035156,67.6500015258789,68.11000061035156,65.9984359741211,-0.4691127750414909,0.9785191998804788,0.6395492553710938,0.6395492553710938
2010-12-14,73.05000305175781,73.87999725341797,70.61000061035156,70.83999633789062,68.643798828125,1.807340095482806,4.008220520621419,2.6453628540039062,2.6453628540039062
2010-12-15,70.5,72.79000091552734,69.6500015258789,69.68000030517578,67.51976013183594,0.4863893055679386,-1.6374948873437267,-1.1240386962890625,-1.1240386962890625
2010-12-16,69.77999877929688,70.01000213623047,68.30000305175781,68.95999908447266,66.82209014892578,-0.0396961990365926,-1.033282673913416,-0.6976699829101562,-0.6976699829101562
2010-12-17,69.3499984741211,70.18000030517578,68.55000305175781,70.05000305175781,67.87830352783203,-0.3159341166669981,1.580635051301571,1.05621337890625,1.05621337890625
2010-12-20,70.25,70.7300033569336,67.76000213623047,68.0,65.891845703125,0.7479978007693195,-2.926498927440824,-1.9864578247070312,-1.9864578247070312
2010-12-21,68.3499984741211,69.27999877929688,67.77999877929688,68.98999786376953,66.85113525390625,-0.1664845267548057,1.4558547276142697,0.95928955078125,0.95928955078125
2010-12-22,68.76000213623047,69.52999877929688,66.69999694824219,69.25,67.10308837890625,-0.0838713177438433,0.3768868307816531,0.251953125,0.251953125
2010-12-23,69.2699966430664,69.95999908447266,69.01000213623047,69.86000061035156,67.6941909790039,-0.6954385455611066,0.8808873248276061,0.5911026000976562,0.5911026000976562
2010-12-27,69.80999755859375,69.80999755859375,68.41000366210938,69.58999633789062,67.43254852294922,-0.1727952579986987,-0.3865065115200794,-0.2616424560546875,-0.2616424560546875
2010-12-28,69.87999725341797,70.4000015258789,68.5199966430664,68.93000030517578,66.79301452636719,-0.3113444939441669,-0.948405496441207,-0.6395339965820312,-0.6395339965820312
2010-12-29,69.20999908447266,70.54000091552734,68.77999877929688,69.81999969482422,67.65541076660156,-0.571231880624486,1.291147354779043,0.862396240234375,0.862396240234375
2010-12-30,69.20999908447266,70.9000015258789,69.20999908447266,70.18000030517578,68.00424194335938,-0.8506251638768381,0.5155998209237289,0.3488311767578125,0.3488311767578125
2010-12-31,70.31999969482422,70.5999984741211,64.87000274658203,66.63999938964844,64.57402801513672,2.717519651704277,-5.044117587664132,-3.430213928222656,-3.4302139282226562
2011-01-03,69.43000030517578,70.55000305175781,68.75,70.11000061035156,67.9364242553711,1.048331237694589,5.207041195333506,3.362396240234375,3.362396240234375
2011-01-04,70.44000244140625,71.33000183105469,68.9800033569336,70.63999938964844,68.45000457763672,0.3584535721690177,0.7559719662828979,0.513580322265625,0.513580322265625
2011-01-05,70.52999877929688,72.29000091552734,69.61000061035156,72.11000061035156,69.87442016601562,-0.3661331151979649,2.080957623258173,1.4244155883789062,1.4244155883789062
2011-01-06,71.93000030517578,75.87999725341797,71.86000061035156,74.54000091552734,72.2291030883789,1.3323141436697723,3.369878299911111,2.354682922363281,2.3546829223632812
2011-01-07,74.76000213623047,75.31999969482422,72.16000366210938,73.8499984741211,71.56046295166016,0.0039052168303041,-0.9257212233420796,-0.66864013671875,-0.66864013671875
2011-01-10,75.93000030517578,75.94999694824219,73.69000244140625,74.31999969482422,72.01592254638672,-0.7771912003115381,0.6364682059620375,0.4554595947265625,0.4554595947265625
2011-01-11,75.0,75.94999694824219,74.0,74.19999694824219,71.89961242675781,-1.227547929989354,-0.1615061163091957,-0.1163101196289062,-0.11631011962890625
2011-01-12,74.88999938964844,74.88999938964844,72.88999938964844,73.29000091552734,71.0178451538086,-0.784075634395785,-1.2263866844170468,-0.8817672729492188,-0.8817672729492188
2011-01-13,73.11000061035156,73.98999786376953,72.56999969482422,73.3499984741211,71.07599639892578,-0.8371431471285212,0.0818825817528567,0.0581512451171875,0.0581512451171875
2011-01-14,73.52999877929688,75.56999969482422,72.13999938964844,75.19999694824219,72.86859893798828,-0.4189137765105242,2.522092731561898,1.7926025390625,1.7926025390625
2011-01-18,75.25,79.37000274658203,75.19999694824219,75.22000122070312,72.88802337646484,2.360102782163794,0.026656802463143,0.0194244384765625,0.0194244384765625
2011-01-19,75.51000213623047,75.52999877929688,72.56999969482422,73.1500015258789,70.88217163085938,0.8868338881349647,-2.751963426481318,-2.0058517456054688,-2.0058517456054688
2011-01-20,72.58000183105469,72.58000183105469,69.16000366210938,70.94000244140625,68.7406997680664,0.9530965661958408,-3.0211713517262706,-2.1414718627929688,-2.1414718627929688
2011-01-21,71.41000366210938,72.19999694824219,70.3499984741211,70.97000122070312,68.76979064941406,-0.3658462637777879,0.042319734081575,0.0290908813476562,0.02909088134765625
2011-01-24,70.88999938964844,71.66000366210938,70.04000091552734,71.33999633789062,69.1282958984375,-0.7863704457572006,0.5213121134119536,0.3585052490234375,0.3585052490234375
2011-01-25,71.12999725341797,71.2699966430664,68.73999786376953,69.47000122070312,67.31627655029297,-0.4252245077544171,-2.621241164120014,-1.8120193481445312,-1.8120193481445312
2011-01-26,69.48999786376953,70.30000305175781,68.51000213623047,69.91999816894531,67.75233459472656,-0.092190008928975,0.6477750505226032,0.4360580444335937,0.43605804443359375
2011-01-27,70.5,70.88999938964844,69.95999908447266,70.12999725341797,67.95581817626953,-0.4777183176467995,0.3003344205924962,0.2034835815429687,0.20348358154296875
2011-01-28,69.5199966430664,70.79000091552734,67.08999633789062,67.13999938964844,65.05848693847656,0.6992330593392376,-4.263551400819909,-2.8973312377929688,-2.8973312377929688
2011-01-31,68.69999694824219,68.69999694824219,67.05000305175781,67.77999877929688,65.67863464355469,-0.1366519790564027,0.9532156898523824,0.620147705078125,0.620147705078125
2011-02-01,68.62000274658203,69.9800033569336,68.0,68.76000213623047,66.62828826904297,-0.5161564079505112,1.4459095117341558,0.9496536254882812,0.9496536254882812
2011-02-02,68.58999633789062,70.54000091552734,68.12000274658203,69.68000030517578,67.51976013183594,-0.7117890765111929,1.3379780359856095,0.8914718627929688,0.8914718627929688
2011-02-03,69.54000091552734,69.87999725341797,68.18000030517578,68.63999938964844,66.51200103759766,-1.1561219263652929,-1.492539505872914,-1.0077590942382812,-1.0077590942382812
2011-02-04,68.8499984741211,69.6500015258789,67.5999984741211,69.5199966430664,67.36473846435547,-1.0597398491858363,1.2820805470516117,0.8527374267578125,0.8527374267578125
2011-02-07,69.44999694824219,70.25,69.08999633789062,69.95999908447266,67.79106903076172,-0.8681231005076322,0.6328690292946471,0.42633056640625,0.42633056640625
2011-02-08,69.80999755859375,69.80999755859375,68.55000305175781,69.0999984741211,66.95773315429688,-0.9756923830739894,-1.2292708883034464,-0.8333358764648438,-0.8333358764648438
2011-02-09,68.5999984741211,69.76000213623047,68.45999908447266,68.77999877929688,66.64766693115234,-1.0646163233288448,-0.4630775394232955,-0.3100662231445312,-0.31006622314453125
2011-02-10,68.16999816894531,70.5999984741211,67.62999725341797,70.41999816894531,68.23681640625,-0.6908489228382754,2.384403758257969,1.5891494750976562,1.5891494750976562
2011-02-11,70.25,72.80000305175781,70.25,72.11000061035156,69.87442016601562,-0.5686502178428935,2.399883004529557,1.637603759765625,1.637603759765625
2011-02-14,72.36000061035156,73.7699966430664,71.8499984741211,72.7300033569336,70.47520446777344,-0.9817162628977054,0.8598057777515766,0.6007843017578125,0.6007843017578125
2011-02-15,72.3499984741211,72.93000030517578,71.02999877929688,72.08000183105469,69.8453598022461,-1.0040906736715078,-0.8937110155038397,-0.6298446655273438,-0.6298446655273438
2011-02-16,72.29000091552734,73.01000213623047,71.87000274658203,72.8499984741211,70.59148406982422,-1.2002970450725434,1.0682517345327325,0.746124267578125,0.746124267578125
2011-02-17,72.5,75.13999938964844,72.0999984741211,73.9800033569336,71.68646240234375,-0.7880915542782624,1.5511479138708315,1.0949783325195312,1.0949783325195312
2011-02-18,74.1500015258789,74.48999786376953,72.38999938964844,72.80000305175781,70.54303741455078,-0.6194229192142141,-1.5950361469581842,-1.1434249877929688,-1.1434249877929688
2011-02-22,71.83999633789062,71.8499984741211,68.55999755859375,68.8499984741211,66.71548461914062,0.0850841687403817,-5.425840643800594,-3.827552795410156,-3.8275527954101562
2011-02-23,68.80000305175781,68.8499984741211,65.44999694824219,67.05000305175781,64.97129821777344,1.605683547098408,-2.614365182722189,-1.7441864013671875,-1.7441864013671875
2011-02-24,68.4800033569336,68.4800033569336,65.9000015258789,67.0999984741211,65.01972961425781,1.6788306592435311,0.0745427562830025,0.048431396484375,0.048431396484375
2011-02-25,67.9800033569336,69.0,66.08000183105469,66.25,64.19610595703125,0.4674571118362597,-1.2667288254086362,-0.8236236572265625,-0.8236236572265625
2011-02-28,66.16000366210938,67.33999633789062,64.5,65.77999877929688,63.74068832397461,1.2296213352464231,-0.7094162897691492,-0.4554176330566406,-0.4554176330566406
2011-03-01,67.0,67.47000122070312,64.52999877929688,65.47000122070312,63.44029235839844,1.5265125551295693,-0.4712781952547318,-0.3003959655761719,-0.3003959655761719
2011-03-02,65.01000213623047,66.87999725341797,64.56999969482422,65.37000274658203,63.343379974365234,1.093366910662371,-0.1527615659236092,-0.0969123840332031,-0.09691238403320312
2011-03-03,65.9000015258789,66.69999694824219,65.41000366210938,66.38999938964844,64.33174133300781,0.3466926639417627,1.5603230504001475,0.988361358642578,0.9883613586425781
2011-03-04,66.19999694824219,67.30999755859375,65.45999908447266,67.01000213623047,64.93254089355469,-0.0224851138259755,0.9339084378843232,0.600799560546875,0.600799560546875
2011-03-07,67.0,69.12000274658203,66.73999786376953,68.55000305175781,66.42479705810547,1.0394388436691036,2.298163823585875,1.4922561645507812,1.4922561645507812
2011-03-08,67.04000091552734,70.27999877929688,67.04000091552734,69.51000213623047,67.35504150390625,-0.1432495617204726,1.4004475542274353,0.9302444458007812,0.9302444458007812
2011-03-09,69.5,70.44000244140625,68.70999908447266,69.52999877929688,67.37440490722656,-0.0712498552560574,0.0287482612852274,0.0193634033203125,0.0193634033203125
2011-03-10,68.93000030517578,69.30999755859375,67.26000213623047,68.27999877929688,66.16316986083984,-0.3558064640715946,-1.7977673391766036,-1.2112350463867188,-1.2112350463867188
2011-03-11,67.5999984741211,68.31999969482422,67.12000274658203,67.76000213623047,65.65929412841797,-0.7264184989402175,-0.7615652839512821,-0.503875732421875,-0.503875732421875
2011-03-14,67.4000015258789,68.04000091552734,66.83999633789062,67.56999969482422,65.47517395019531,-0.7634223321430444,-0.2804175412890464,-0.1841201782226562,-0.18412017822265625
2011-03-15,65.66000366210938,67.98999786376953,65.06999969482422,67.38999938964844,65.30076599121094,-0.5677896635823626,-0.2663726546447087,-0.174407958984375,-0.174407958984375
2011-03-16,67.20999908447266,67.91000366210938,64.9800033569336,65.98999786376953,63.94416427612305,-0.2488108843455912,-2.0774667716309536,-1.3566017150878906,-1.3566017150878906
2011-03-17,66.75,66.87999725341797,65.77999877929688,66.30000305175781,64.24456787109375,-0.8755812374322329,0.4697904779449535,0.3004035949707031,0.3004035949707031
2011-03-18,67.44000244140625,67.44000244140625,64.9000015258789,64.97000122070312,62.95578384399414,-0.3053206141204509,-2.0060591421294127,-1.2887840270996094,-1.2887840270996094
2011-03-21,65.48999786376953,66.80000305175781,64.25,66.41999816894531,64.3608169555664,-0.6039329425246587,2.231777647394506,1.4050331115722656,1.4050331115722656
2011-03-22,66.38999938964844,67.97000122070312,65.68000030517578,67.2699966430664,65.18449401855469,-0.4711207349827296,1.279780310366374,0.8236770629882812,0.8236770629882812
2011-03-23,67.19999694824219,68.31999969482422,66.58000183105469,68.01000213623047,65.90151977539062,-1.1753409715171486,1.0999943585231042,0.7170257568359375,0.7170257568359375
2011-03-24,68.5199966430664,73.37999725341797,67.93000030517578,72.9800033569336,70.71744537353516,1.1972071247664275,7.30776105704154,4.815925598144531,4.815925598144531
2011-03-25,73.0,74.2300033569336,72.80000305175781,73.80000305175781,71.51202392578125,-0.0379750905155309,1.1235962329366744,0.7945785522460938,0.7945785522460938
2011-03-28,74.0,76.47000122070312,73.52999877929688,76.0199966430664,73.66320037841797,0.5882215597307568,3.00813252729264,2.1511764526367188,2.1511764526367188
2011-03-29,76.0,79.9800033569336,75.16000366210938,78.63999938964844,76.28227233886719,3.520129925359391,3.555468601682632,2.6190719604492188,2.6190719604492188
2011-03-30,79.0,80.98999786376953,77.97000122070312,80.6500015258789,78.23199462890625,1.0773032311324613,2.555931057451799,1.9497222900390625,1.9497222900390625
2011-03-31,80.91000366210938,82.02999877929688,79.41000366210938,81.62999725341797,79.1826171875,0.5454806981243909,1.2151327127769562,0.95062255859375,0.95062255859375
2011-04-01,81.79000091552734,84.30000305175781,80.7300033569336,82.94999694824219,80.46305084228516,0.8168421416117881,1.6170640732336097,1.2804336547851562,1.2804336547851562
2011-04-04,83.91999816894531,87.37999725341797,83.63999938964844,85.33999633789062,82.7813949584961,2.5161499547400563,2.88125306204845,2.318344116210937,2.3183441162109375
2011-04-05,84.37000274658203,86.08000183105469,83.4000015258789,85.5999984741211,83.03361511230469,1.188027879320765,0.3046821739776773,0.2522201538085937,0.25222015380859375
2011-04-06,86.80000305175781,86.94000244140625,81.30000305175781,83.7300033569336,81.21965789794922,0.6716953230022501,-2.1846058513796507,-1.8139572143554688,-1.8139572143554688
2011-04-07,84.2300033569336,85.23999786376953,83.08000183105469,84.56999969482422,82.03446960449219,-0.4123161938464543,1.003219820953638,0.8148117065429688,0.8148117065429688
2011-04-08,85.29000091552734,86.80000305175781,84.70999908447266,85.38999938964844,82.82988739013672,-0.43813282166238,0.9696141018274762,0.7954177856445312,0.7954177856445312
2011-04-11,85.52999877929688,86.44999694824219,84.52999877929688,85.5,82.93659973144531,-0.6965859512418144,0.1288331358051619,0.1067123413085937,0.10671234130859375
2011-04-12,84.9800033569336,85.5,82.30999755859375,82.72000122070312,80.23994445800781,-0.2052094684786944,-3.2514659175435945,-2.6966552734375,-2.6966552734375
2011-04-13,83.18000030517578,86.63999938964844,83.1500015258789,85.33999633789062,82.7813949584961,1.4840585449433803,3.1673133844432044,2.541450500488281,2.5414505004882812
2011-04-14,84.52999877929688,86.55000305175781,84.0999984741211,85.2300033569336,82.6746826171875,0.0934028599255134,-0.1289086048406162,-0.1067123413085937,-0.10671234130859375
2011-04-15,85.4800033569336,86.26000213623047,84.51000213623047,86.16000366210938,83.57682037353516,-0.2396316388999287,1.0911898634372363,0.9021377563476562,0.9021377563476562
2011-04-18,85.38999938964844,89.0,84.51000213623047,87.4000015258789,84.7796401977539,0.5466281038050987,1.4391787326233585,1.20281982421875,1.20281982421875
2011-04-19,87.51000213623047,90.72000122070312,87.51000213623047,90.5500030517578,87.83517456054688,1.881060910468283,3.6040897975808006,3.0555343627929688,3.0555343627929688
2011-04-20,91.94000244140624,92.48999786376952,88.56999969482422,89.22000122070312,86.54505920410156,0.7680774001817062,-1.4687912478115517,-1.2901153564453125,-1.2901153564453125
2011-04-21,89.44999694824219,90.33000183105467,87.55999755859375,89.94000244140625,87.24346160888672,-0.2542610613289533,0.8069812548606503,0.6984024047851562,0.6984024047851562
2011-04-25,90.0199966430664,90.73999786376952,88.54000091552734,89.93000030517578,87.23375701904297,-0.1914406003102006,-0.0111235726606762,-0.00970458984375,-0.00970458984375
2011-04-26,90.48999786376952,91.19000244140624,88.94999694824219,89.80999755859375,87.11735534667969,-0.7892389599589702,-0.1334365002046977,-0.1164016723632812,-0.11640167236328125
2011-04-27,89.31999969482422,91.4800033569336,87.80999755859375,90.8000030517578,88.07769012451172,-0.30446005985992,1.1023461100379215,0.9603347778320312,0.9603347778320312
2011-04-28,90.97000122070312,92.7300033569336,90.06999969482422,91.23999786376952,88.5044937133789,0.089673791463213,0.484576273814441,0.4268035888671875,0.4268035888671875
2011-04-29,91.54000091552734,92.11000061035156,91.02999877929688,91.4000015258789,88.65968322753906,-0.8141950335143651,0.1753464797648929,0.1551895141601562,0.15518951416015625
2011-05-02,92.4800033569336,92.52999877929688,89.86000061035156,92.1999969482422,89.43571472167969,-0.3130656024652286,0.8752924281818064,0.776031494140625,0.776031494140625
2011-05-03,92.04000091552734,92.04000091552734,86.11000061035156,86.76000213623047,84.15882110595703,0.4123816391622848,-5.900208470569213,-5.276893615722656,-5.276893615722656
2011-05-04,86.62000274658203,87.9800033569336,84.5,85.7699966430664,83.19849395751953,1.7967265929362588,-1.1410891167646375,-0.9603271484375,-0.9603271484375
2011-05-05,83.61000061035156,90.93000030517578,82.08999633789062,88.9000015258789,86.23465728759766,2.7186670573849847,3.649300829445745,3.036163330078125,3.036163330078125
2011-05-06,90.72000122070312,90.72000122070312,87.45999908447266,88.70999908447266,86.0503158569336,0.0515225525796783,-0.2137672212800367,-0.1843414306640625,-0.1843414306640625
2011-05-09,89.1500015258789,89.43000030517578,87.95999908447266,88.7300033569336,86.06974792480469,-0.4243639534938863,0.0225822156230126,0.0194320678710937,0.01943206787109375
2011-05-10,89.33999633789062,89.79000091552734,88.13999938964844,88.5,85.84664154052734,-0.0537519186252633,-0.2592157984153242,-0.2231063842773437,-0.22310638427734375
2011-05-11,88.80000305175781,88.80000305175781,86.55000305175781,87.61000061035156,84.98332977294922,-0.577255760448202,-1.0056441953766648,-0.863311767578125,-0.863311767578125
2011-05-12,87.08000183105469,88.12999725341797,85.72000122070312,86.87999725341797,84.27522277832031,-0.5617657837586466,-0.833230465928747,-0.7081069946289062,-0.7081069946289062
2011-05-13,87.12999725341797,87.75,85.36000061035156,85.58999633789062,83.02388763427734,-0.663311186501288,-1.4848197403577457,-1.2513351440429688,-1.2513351440429688
2011-05-16,85.2300033569336,86.55000305175781,83.77999877929688,84.73999786376953,82.19937133789062,-0.4582124210747667,-0.9931073090900466,-0.8245162963867188,-0.8245162963867188
2011-05-17,84.12000274658203,87.05999755859375,83.73999786376953,86.41999816894531,83.82899475097656,-0.5979090627009427,1.9825253971677887,1.6296234130859375,1.6296234130859375
2011-05-18,86.48999786376953,88.51000213623047,86.41999816894531,88.0,85.36163330078125,1.042020506450696,1.8282916959192488,1.5326385498046875,1.5326385498046875
2011-05-19,88.37999725341797,89.91999816894531,88.04000091552734,88.97000122070312,86.30254364013672,0.9123636645307136,1.1022637489140674,0.9409103393554688,0.9409103393554688
2011-05-20,88.66000366210938,89.68000030517578,88.01000213623047,88.19000244140625,85.54593658447266,-0.7106416708304851,-0.8766914899043465,-0.7566070556640625,-0.7566070556640625
2011-05-23,86.97000122070312,87.69000244140625,85.58999633789062,86.19999694824219,83.61559295654297,-0.6598689694591645,-2.2564994960614704,-1.9303436279296875,-1.9303436279296875
2011-05-24,86.87999725341797,87.66000366210938,85.41000366210938,85.91000366210938,83.33429718017578,-0.6615900779802262,-0.3364154536503516,-0.2812957763671875,-0.2812957763671875
2011-05-25,85.33999633789062,87.19000244140625,84.5199966430664,87.01000213623047,84.40132141113281,-0.6957253969812836,1.2804142676694497,1.0670242309570312,1.0670242309570312
2011-05-26,87.0,87.54000091552734,86.25,87.08000183105469,84.46922302246094,-0.7186735105954398,0.0804508865416497,0.067901611328125,0.067901611328125
2011-05-27,87.0,88.47000122070312,86.6500015258789,88.02999877929688,85.39073181152344,-0.0216245595654446,1.090940292912923,0.9215087890625,0.9215087890625
2011-05-31,89.1500015258789,90.0,85.98999786376953,88.12000274658203,85.4780502319336,0.5793291657052714,0.1022574916009544,0.0873184204101562,0.08731842041015625
2011-06-01,88.45999908447266,92.25,87.83000183105469,88.0,85.36163330078125,1.935275828881727,-0.1361951177366149,-0.1164169311523437,-0.11641693115234375
2011-06-02,87.62999725341797,89.80999755859375,87.2300033569336,89.69999694824219,87.01068115234375,0.0483671869577318,1.931837276065118,1.6490478515625,1.6490478515625
2011-06-03,88.4800033569336,92.25,87.72000122070312,89.68000030517578,86.99127197265625,0.7594718575763977,-0.0223066633089796,-0.0194091796875,-0.0194091796875
2011-06-06,89.66000366210938,90.26000213623048,81.66999816894531,82.16000366210938,79.6967544555664,2.9429848679633617,-8.385344128986539,-7.294517517089844,-7.294517517089844
2011-06-07,81.12000274658203,82.5999984741211,79.02999877929688,81.73999786376953,79.28931427001953,1.5511817772647871,-0.5112381154417478,-0.407440185546875,-0.407440185546875
2011-06-08,81.13999938964844,81.68000030517578,77.51000213623047,78.33000183105469,75.98155975341797,0.6530499806907482,-4.171753214231389,-3.3077545166015625,-3.3077545166015625
2011-06-09,78.33000183105469,80.48999786376953,77.38999938964844,79.91999816894531,77.52387237548828,0.1123350536571922,2.029851225844226,1.5423126220703125,1.5423126220703125
2011-06-10,78.94000244140625,79.87000274658203,77.30999755859375,78.86000061035156,76.49565124511719,0.1040163624720606,-1.3263283926154834,-1.0282211303710938,-1.0282211303710938
2011-06-13,78.91000366210938,79.30999755859375,75.25,77.30999755859375,74.99212646484375,0.4316006843141406,-1.9655036015781449,-1.5035247802734375,-1.5035247802734375
2011-06-14,78.11000061035156,80.58000183105469,78.11000061035156,80.2699966430664,77.86339569091797,-0.4825947917898077,3.828760913214357,2.8712692260742188,2.8712692260742188
2011-06-15,79.0,79.18000030517578,75.76000213623047,76.19999694824219,73.9154052734375,0.1401596414143567,-5.070406167683961,-3.9479904174804688,-3.9479904174804688
2011-06-16,76.58000183105469,77.38999938964844,74.4000015258789,75.91000366210938,73.63409423828125,-0.468825923621314,-0.3805851217558609,-0.28131103515625,-0.28131103515625
2011-06-17,77.05000305175781,77.05000305175781,75.48999786376953,76.0199966430664,73.74080657958984,-0.0242062223470372,0.1449224607330324,0.1067123413085937,0.10671234130859375
2011-06-20,74.44999694824219,75.22000122070312,73.3499984741211,74.33000183105469,72.10148620605469,1.316250464139863,-2.223084408177456,-1.6393203735351562,-1.6393203735351562
2011-06-21,75.0999984741211,79.69000244140625,74.83999633789062,79.2699966430664,76.89337158203125,1.666496048175922,6.646028574615115,4.7918853759765625,4.7918853759765625
2011-06-22,78.98999786376953,79.16999816894531,76.80999755859375,76.88999938964844,74.5847396850586,-0.3790414291059277,-3.002380893793644,-2.308631896972656,-2.3086318969726562
2011-06-23,75.7300033569336,78.41000366210938,75.0,78.41000366210938,76.05915832519531,-0.8537805294987846,1.976836878914634,1.4744186401367188,1.4744186401367188
2011-06-24,78.44000244140625,79.54000091552734,77.0,77.30999755859375,74.99212646484375,-0.971963314611689,-1.4028972760773972,-1.0670318603515625,-1.0670318603515625
2011-06-27,77.6500015258789,79.4800033569336,77.13999938964844,78.56999969482422,76.21436309814453,-1.0958831281281327,1.6298199436627137,1.2222366333007812,1.2222366333007812
2011-06-28,78.01000213623047,78.25,75.58999633789062,75.95999908447266,73.75770568847656,2.15815938235922,-3.2233522787619817,-2.4566574096679688,-2.4566574096679688
2011-06-29,76.61000061035156,76.88999938964844,74.83999633789062,75.11000061035156,72.93234252929688,0.6498946150688018,-1.1190195674817938,-0.8253631591796875,-0.8253631591796875
2011-06-30,76.81999969482422,79.58000183105469,76.48999786376953,79.33999633789062,77.03971862792969,1.2769518195756204,5.631762200676449,4.1073760986328125,4.1073760986328125
2011-07-01,78.3499984741211,81.86000061035156,77.83000183105469,81.55000305175781,79.18565368652344,0.131840950229225,2.785491817484087,2.14593505859375,2.14593505859375
2011-07-05,81.51000213623047,82.48999786376953,80.55000305175781,82.22000122070312,79.83621978759766,-0.4854633059915772,0.8215706643651011,0.6505661010742188,0.6505661010742188
2011-07-06,82.0,83.0999984741211,81.56999969482422,82.86000061035156,80.4576644897461,-0.4788657233275073,0.7783994580427,0.6214447021484375,0.6214447021484375
2011-07-07,83.80999755859375,85.69999694824219,83.30999755859375,85.05999755859375,82.59388732910156,-0.1997592914953322,2.655089298083868,2.1362228393554688,2.1362228393554688
2011-07-08,83.93000030517578,83.97000122070312,81.1500015258789,83.04000091552734,80.63243865966797,-0.3971130685770758,-2.374810936816729,-1.9614486694335935,-1.9614486694335938
2011-07-11,81.48999786376953,82.58999633789062,79.75,80.4800033569336,78.14665985107422,-0.5310726817997127,-3.082852075311382,-2.48577880859375,-2.48577880859375
2011-07-12,80.0199966430664,80.29000091552734,78.19999694824219,78.5199966430664,76.24349212646484,-0.201480400016394,-2.435379488050138,-1.903167724609375,-1.903167724609375
2011-07-13,79.44999694824219,80.76000213623047,78.9800033569336,79.30999755859375,77.01057434082031,-0.2562690212701919,1.0060953308422826,0.7670822143554688,0.7670822143554688
2011-07-14,80.05000305175781,80.19999694824219,77.30999755859375,77.63999938964844,75.38900756835938,-1.0178595418400016,-2.1056417074419964,-1.6215667724609375,-1.6215667724609375
2011-07-15,78.91000366210938,79.68000030517578,78.20999908447266,78.9800033569336,76.69015502929688,-0.7493666125543738,1.7259113800611736,1.3011474609375,1.3011474609375
2011-07-18,78.5,78.72000122070312,75.5199966430664,76.0,73.79654693603516,-0.6079488624071361,-3.773115456809695,-2.8936080932617188,-2.8936080932617188
2011-07-19,76.83999633789062,79.05999755859375,76.80999755859375,78.45999908447266,76.18523406982422,-0.6286021646598766,3.2368548840903344,2.3886871337890625,2.3886871337890625
2011-07-20,79.12000274658203,79.30000305175781,75.9000015258789,76.7300033569336,74.50536346435547,-1.087851288363178,-2.2049818786789244,-1.67987060546875,-1.67987060546875
2011-07-21,77.30999755859375,81.41000366210938,76.70999908447266,80.3499984741211,78.02043914794922,0.2841590543431869,4.717882740449175,3.51507568359375,3.51507568359375
2011-07-22,80.37000274658203,82.33000183105469,80.37000274658203,82.04000091552734,79.66145324707031,-0.6813828259724359,2.103313076730129,1.6410140991210938,1.6410140991210938
2011-07-25,81.11000061035156,82.77999877929688,80.13999938964844,80.3499984741211,78.02043914794922,-1.1423530581967989,-2.0599851399038416,-1.6410140991210938,-1.6410140991210938
2011-07-26,80.83999633789062,82.0,80.20999908447266,80.87000274658203,78.52536010742188,-1.0428156153953965,0.6471649800832147,0.5049209594726562,0.5049209594726562
2011-07-27,80.33999633789062,81.43000030517578,77.83000183105469,78.43000030517578,76.1561050415039,-0.5207460306733424,-3.0171845919290896,-2.3692550659179688,-2.3692550659179688
2011-07-28,78.37999725341797,80.33000183105469,77.0199966430664,79.45999908447266,77.15623474121094,-0.8285376045232127,1.3132626716689133,1.0001296997070312,1.0001296997070312
2011-07-29,78.33000183105469,80.4800033569336,76.4000015258789,79.41999816894531,77.11739349365234,-0.6532713867950946,-0.0503410355480293,-0.0388412475585937,-0.03884124755859375
2011-08-01,81.01000213623047,81.19000244140625,77.91000366210938,78.8499984741211,76.56391143798828,-0.91258507063506,-0.7177136448596633,-0.5534820556640625,-0.5534820556640625
2011-08-02,77.7300033569336,79.18000030517578,74.01000213623047,74.31999969482422,72.16525268554688,-0.1974644801339166,-5.745081030772614,-4.398658752441406,-4.398658752441406
2011-08-03,74.8499984741211,75.45999908447266,71.0999984741211,72.29000091552734,70.19410705566406,1.4751661509178948,-2.731433143415829,-1.9711456298828125,-1.9711456298828125
2011-08-05,64.98999786376953,65.0,58.52000045776367,62.2400016784668,60.43549346923828,2.541392879715628,-13.902325986834164,-9.75861358642578,-9.758613586425781
2011-08-08,58.310001373291016,61.290000915527344,58.0,58.310001373291016,56.61943054199219,1.490369276187273,-6.314274457258251,-3.8160629272460938,-3.8160629272460938
2011-08-09,58.59999847412109,63.459999084472656,58.0,63.220001220703125,61.3870849609375,1.977729839067916,8.4205269698171,4.7676544189453125,4.7676544189453125
2011-08-10,62.33000183105469,64.97000122070312,60.27999877929688,62.52999877929688,60.71707534790039,0.4485249181045809,-1.0914504467241848,-0.6700096130371094,-0.6700096130371094
2011-08-11,62.86000061035156,67.25,62.560001373291016,66.19000244140625,64.2709732055664,-0.097927037332514,5.853209887503108,3.553897857666016,3.5538978576660156
2011-08-12,67.62999725341797,69.44999694824219,67.62999725341797,68.5,66.51399230957031,0.7964756907792245,3.4899410918047824,2.2430191040039062,2.2430191040039062
2011-08-15,69.12000274658203,69.91000366210938,68.0,69.13999938964844,67.13542938232422,-0.4785788719073303,0.9342952530372984,0.6214370727539062,0.6214370727539062
2011-08-16,67.98999786376953,68.76000213623047,66.58999633789062,67.8499984741211,65.88285064697266,-0.17078729805746,-1.8657491981146856,-1.2525787353515625,-1.2525787353515625
2011-08-17,67.88999938964844,69.72000122070312,67.83999633789062,68.63999938964844,66.64994049072266,-0.1248910708291476,1.1643240027065405,0.76708984375,0.76708984375
2011-08-18,65.88999938964844,65.88999938964844,61.31999969482422,62.209999084472656,60.40635299682617,1.1719641997908556,-9.36773153573267,-6.243587493896484,-6.243587493896484
2011-08-19,60.45000076293945,63.34999847412109,59.880001068115234,60.20000076293945,58.45463943481445,-0.4539096497721124,-3.2309740038672152,-1.9517135620117188,-1.9517135620117188
2011-08-22,61.43000030517578,62.09000015258789,59.709999084472656,60.150001525878906,58.40608978271485,-0.7769043488913612,-0.0830552588622857,-0.0485496520996022,-0.04854965209960227
2011-08-23,60.22999954223633,63.59000015258789,59.0,63.59000015258789,61.74635314941406,-0.7467849497727812,5.71903268841627,3.340263366699212,3.3402633666992116
2011-08-24,63.36000061035156,65.16000366210938,62.77999877929688,64.23999786376953,62.37751770019531,-0.2095122397813487,1.022189195941592,0.63116455078125,0.63116455078125
2011-08-25,64.37999725341797,64.9800033569336,62.54999923706055,62.75,60.93070602416992,-1.1262893786668895,-2.319444135271931,-1.4468116760253906,-1.4468116760253906
2011-08-26,62.13999938964844,65.45999908447266,61.7599983215332,64.91000366210938,63.02808380126953,-1.1248551215660048,3.442234488908791,2.0973777770996094,2.0973777770996094
2011-08-29,65.79000091552734,68.05000305175781,65.5999984741211,67.52999877929688,65.57211303710938,-1.1515323036424614,4.036342345201671,2.544029235839844,2.5440292358398438
2011-08-30,67.0199966430664,69.51000213623047,66.76000213623047,68.7699966430664,66.77616119384766,-1.1105125505571571,1.8362198516568728,1.2040481567382812,1.2040481567382812
2011-08-31,69.16000366210938,69.93000030517578,66.4800033569336,67.37999725341797,65.42648315429688,-0.5646342979604162,-2.0211974085074136,-1.3496780395507812,-1.3496780395507812
2011-09-01,67.4000015258789,69.12000274658203,66.75,68.2300033569336,66.25184631347656,-0.930656710106208,1.2615123408562523,0.8253631591796875,0.8253631591796875
2011-09-02,66.5999984741211,68.69000244140625,66.08999633789062,67.80000305175781,65.83429718017578,-0.6042197939448356,-0.630245278486441,-0.4175491333007812,-0.41754913330078125
2011-09-06,65.06999969482422,66.0,63.47999954223633,65.79000091552734,63.88258361816406,-0.7183866591752628,-2.964584791830094,-1.9517135620117188,-1.9517135620117188
2011-09-07,66.62000274658203,69.27999877929688,66.62000274658203,69.13999938964844,67.13542938232422,-0.7246973904191558,5.091913288296079,3.252845764160156,3.2528457641601562
2011-09-08,68.26000213623047,70.16000366210938,68.26000213623047,69.43000030517578,67.41703796386719,-0.5663554064814779,0.419463439995682,0.2816085815429687,0.28160858154296875
2011-09-09,68.51000213623047,68.51000213623047,65.0,65.76000213623047,63.85343933105469,-0.3259739163731915,-5.285902110861718,-3.5635986328125,-3.5635986328125
2011-09-12,63.56999969482422,66.19000244140625,63.0,65.97000122070312,64.05734252929688,0.0391879415120693,0.3193300163285339,0.2039031982421875,0.2039031982421875
2011-09-13,66.08000183105469,67.73999786376953,66.08000183105469,67.4000015258789,65.44587707519531,-1.2972528250923534,2.1676430695878324,1.3885345458984375,1.3885345458984375
2011-09-14,67.56999969482422,69.54000091552734,67.4000015258789,68.70999908447266,66.71792602539062,-0.9254933845430228,1.943665524924909,1.2720489501953125,1.2720489501953125
2011-09-15,69.6500015258789,69.6500015258789,67.5199966430664,69.02999877929688,67.02861022949219,-0.4823079403696307,0.4656682583078497,0.3106842041015625,0.3106842041015625
2011-09-16,68.5,68.94999694824219,67.97000122070312,68.37999725341797,66.39746856689453,-0.6045066453650126,-0.9416004008389156,-0.6311416625976562,-0.6311416625976562
2011-09-19,67.63999938964844,69.20999908447266,66.36000061035156,68.55000305175781,66.56254577636719,-0.7591195608403901,0.2486197336067697,0.1650772094726562,0.16507720947265625
2011-09-20,69.38999938964844,70.87999725341797,67.69999694824219,68.2699966430664,66.29065704345703,0.0721758548324189,-0.4084710549137171,-0.2718887329101562,-0.27188873291015625
2011-09-21,68.26000213623047,68.54000091552734,63.81999969482422,64.0999984741211,62.2415657043457,-0.6656059978627036,-6.108087503879977,-4.049091339111328,-4.049091339111328
2011-09-22,61.119998931884766,62.22999954223633,58.0099983215332,60.68000030517578,58.92071533203125,1.3532542973426898,-5.335422293341496,-3.320850372314453,-3.320850372314453
2011-09-23,60.47999954223633,61.68000030517578,58.5,58.97999954223633,57.27000045776367,-0.0996481458535757,-2.8015866151071545,-1.650714874267578,-1.6507148742675781
2011-09-26,59.06999969482422,59.720001220703125,54.0099983215332,56.70000076293945,55.05612182617188,3.2929436005792447,-3.865686422029124,-2.2138786315917898,-2.2138786315917898
2011-09-27,58.630001068115234,59.9900016784668,57.5,58.709999084472656,57.0078353881836,0.696364545137468,3.544952854060157,1.9517135620117188,1.9517135620117188
2011-09-28,58.43999862670898,58.95000076293945,56.08000183105469,56.25,54.69369125366211,-0.4705470321423757,-4.059343980987496,-2.3141441345214915,-2.3141441345214915
2011-09-29,57.02000045776367,57.9900016784668,54.20000076293945,56.83000183105469,55.25764083862305,-0.0003975544723501,1.031105365233831,0.5639495849609375,0.5639495849609375
2011-09-30,55.33000183105469,56.29999923706055,52.04999923706055,53.75,52.26285934448242,0.4766363572819223,-5.4196694768181,-2.994781494140625,-2.994781494140625
2011-10-03,52.959999084472656,52.959999084472656,48.29999923706055,49.52999877929688,48.15960693359375,0.9341643724641618,-7.851182392916412,-4.103252410888672,-4.103252410888672
2011-10-04,49.13999938964844,53.18999862670898,48.959999084472656,53.130001068115234,51.66001510620117,1.0374308837278647,7.268348716869855,3.500408172607422,3.500408172607422
2011-10-05,53.02000045776367,55.650001525878906,51.400001525878906,55.22999954223633,53.70189666748047,0.2075697251559405,3.952537677508716,2.041881561279297,2.041881561279297
2011-10-06,55.75,57.2400016784668,55.75,56.77000045776367,55.19930648803711,-0.7817808230343694,2.7883741794606065,1.4974098205566406,1.4974098205566406
2011-10-07,57.16999816894531,58.220001220703125,55.77999877929688,57.15999984741211,55.57851791381836,0.058980689504279,0.6869858516491245,0.37921142578125,0.37921142578125
2011-10-10,58.060001373291016,60.11000061035156,57.90999984741211,59.27999877929688,57.63985443115234,-0.5804111260701486,3.7088727708255,2.0613365173339773,2.0613365173339773
2011-10-11,58.900001525878906,60.810001373291016,58.130001068115234,59.9900016784668,58.3302116394043,-0.5104193795469721,1.197708105034434,0.6903572082519602,0.6903572082519602
2011-10-12,60.86000061035156,60.86000061035156,58.90999984741211,58.9900016784668,57.35786437988281,-0.3764597663243352,-1.6669702238224504,-0.9723472595214844,-0.9723472595214844
2011-10-13,58.709999084472656,60.310001373291016,58.040000915527344,60.119998931884766,58.45661544799805,-0.8124739249933033,1.915606656548752,1.0987510681152344,1.0987510681152344
2011-10-14,62.0099983215332,62.630001068115234,61.15999984741211,61.84000015258789,60.1290283203125,-0.7872310000177315,2.860947147722226,1.6724128723144531,1.6724128723144531
2011-10-17,61.34000015258789,61.79999923706055,60.220001220703125,61.08000183105469,59.39006042480469,-0.8758680888524099,-1.2289702929694224,-0.7389678955078125,-0.7389678955078125
2011-10-18,61.2599983215332,61.43000030517578,59.2599983215332,61.13999938964844,59.44839859008789,-0.2608586439930232,0.0982288363842842,0.0583381652832031,0.058338165283203125
2011-10-19,61.2400016784668,63.34000015258789,60.5099983215332,61.15999984741211,59.46784591674805,-0.2786434320439943,0.0327129529497538,0.0194473266601562,0.01944732666015625
2011-10-20,60.9900016784668,61.400001525878906,58.040000915527344,61.25,59.55534744262695,0.1493388868600191,0.1471409036766013,0.0875015258789062,0.08750152587890625
2011-10-21,62.09999847412109,67.86000061035156,62.09999847412109,64.61000061035156,62.8223876953125,1.158195331622362,5.485721086310291,3.267040252685547,3.267040252685547
2011-10-24,64.70999908447266,68.12000274658203,64.70999908447266,67.41999816894531,65.55462646484375,-0.6661797007030574,4.34914824120114,2.73223876953125,2.73223876953125
2011-10-25,66.66000366210938,67.0999984741211,64.58999633789062,64.68000030517578,62.890438079833984,-0.7639960349833983,-4.064073778894217,-2.6641883850097656,-2.6641883850097656
2011-10-26,66.19000244140625,67.22000122070312,64.0,65.79000091552734,63.96975326538086,-0.401702691299907,1.7161832839783564,1.079315185546875,1.079315185546875
2011-10-27,68.30999755859375,69.20999908447266,67.01000213623047,69.01000213623047,67.10063171386719,0.5179429617874034,4.894310652563827,3.130878448486328,3.130878448486328
2011-10-28,69.19999694824219,69.58999633789062,68.0999984741211,68.75,66.84784698486328,-0.5554550525147537,-0.3767248124903477,-0.2527847290039062,-0.25278472900390625
2011-10-31,66.81999969482422,66.81999969482422,64.3499984741211,65.19999694824219,63.39606094360352,0.222772850425319,-5.163645797061145,-3.4517860412597585,-3.4517860412597585
2011-11-01,62.72999954223633,63.0,61.2599983215332,62.560001373291016,60.8291015625,0.1367174243722332,-4.049083401864772,-2.5669593811035227,-2.5669593811035227
2011-11-02,64.30000305175781,65.9000015258789,62.11000061035156,63.41999816894531,61.665306091308594,1.309079178635439,1.3746784143267687,0.8362045288085938,0.8362045288085938
2011-11-04,82.0,87.12999725341797,81.87000274658203,86.11000061035156,83.72753143310547,1.0262436783409636,35.777371005227906,22.062225341796875,22.062225341796875
2011-11-07,87.87999725341797,88.70999908447266,86.1500015258789,87.68000030517578,85.25408172607422,0.6501814664889787,1.823235758704289,1.52655029296875,1.52655029296875
2011-11-08,88.48999786376953,89.98999786376953,86.77999877929688,87.55000305175781,85.12767028808594,-0.1443969674011804,-0.1482761123326015,-0.1264114379882812,-0.12641143798828125
2011-11-09,84.79000091552734,87.25,84.58000183105469,85.27999877929688,82.92047119140625,-0.4455909585869808,-2.5928104096002658,-2.2071990966796875,-2.2071990966796875
2011-11-10,86.0,86.62999725341797,83.43000030517578,85.41999816894531,83.05660247802734,-0.741621624209596,0.164170903354921,0.1361312866210937,0.13613128662109375
2011-11-11,86.0,86.58000183105469,85.12999725341797,85.48999786376953,83.12467193603516,-0.6529845353749176,0.0819555050133757,0.0680694580078125,0.0680694580078125
2011-11-14,85.04000091552734,87.47000122070312,85.04000091552734,86.30999755859375,83.9219970703125,0.2563344665860225,0.959191917041058,0.7973251342773438,0.7973251342773438
2011-11-15,86.4000015258789,86.4000015258789,83.91000366210938,85.19000244140625,82.8329849243164,-0.2250022164709041,-1.297648035095833,-1.0890121459960938,-1.0890121459960938
2011-11-16,85.0,86.8499984741211,84.19000244140625,85.38999938964844,83.02742767333984,-0.0660865296928723,0.2347407246051869,0.1944427490234375,0.1944427490234375
2011-11-17,85.44000244140625,87.08000183105469,84.3499984741211,86.5999984741211,84.2039566040039,0.2692427804939854,1.4170364705178518,1.1765289306640625,1.1765289306640625
2011-11-18,86.63999938964844,86.95999908447266,82.76000213623047,83.1500015258789,80.84942626953125,-0.6148332964913829,-3.983815570862559,-3.354530334472656,-3.3545303344726562
2011-11-21,81.55999755859375,82.16000366210938,80.0,81.77999877929688,79.517333984375,1.2419559463140322,-1.647621197354443,-1.33209228515625,-1.33209228515625
2011-11-22,81.87000274658203,83.20999908447266,80.81999969482422,82.04000091552734,79.77012634277344,-0.007281988556597,0.3179084933206066,0.2527923583984375,0.2527923583984375
2011-11-23,83.30000305175781,83.30000305175781,80.05000305175781,80.55999755859375,78.33109283447266,0.3435372983198161,-1.8039754658494944,-1.4390335083007812,-1.4390335083007812
2011-11-25,80.55999755859375,81.91999816894531,80.0,80.45999908447266,78.23384857177734,-1.033636369949734,-0.1241451627654544,-0.0972442626953125,-0.0972442626953125
2011-11-28,81.9800033569336,85.5199966430664,81.9800033569336,84.80999755859375,82.4634780883789,-0.0985007401728679,5.406393260483666,4.2296295166015625,4.2296295166015625
2011-11-29,84.02999877929688,86.12999725341797,83.4800033569336,84.80999755859375,82.4634780883789,-0.8308324158846283,0.0,0.0,0.0
2011-11-30,88.75,88.75,87.05000305175781,87.69000244140625,85.26380920410156,-0.3543722069707098,3.3958440519831656,2.800331115722656,2.8003311157226562
2011-12-01,86.94999694824219,88.80999755859375,85.5199966430664,86.05999755859375,83.67891693115234,-0.6618769294004031,-1.858810071639372,-1.5848922729492188,-1.5848922729492188
2011-12-02,88.25,88.2699966430664,85.11000061035156,85.33999633789062,82.97883605957031,-0.8732864260708173,-0.8366275487982633,-0.7000808715820312,-0.7000808715820312
2011-12-05,87.29000091552734,92.75,85.54000091552734,91.04000091552734,88.52112579345703,2.7135037318218,6.679160611397261,5.542289733886719,5.542289733886719
2011-12-07,94.4800033569336,94.97000122070312,91.88999938964844,93.69000244140624,91.09778594970705,0.8185632501328499,2.910785570285257,2.576660156250014,2.576660156250014
2011-12-08,92.63999938964844,93.33000183105467,88.91000366210938,89.30999755859375,86.83898162841797,0.3980390681534372,-4.674981150080049,-4.258804321289077,-4.258804321289077
2011-12-09,89.63999938964844,93.4800033569336,89.62000274658203,92.6500015258789,90.08657836914062,-0.790099514219501,3.739791369985257,3.247596740722656,3.2475967407226562
2011-12-12,91.16999816894533,91.9499969482422,89.2699966430664,90.6500015258789,88.14191436767578,-0.0368276848348231,-2.1586611864603755,-1.944664001464844,-1.9446640014648438
2011-12-13,91.94000244140624,92.8499984741211,88.41999816894531,89.16000366210938,86.69314575195312,0.2990753281923885,-1.6436772744454542,-1.4487686157226562,-1.4487686157226562
2011-12-14,88.20999908447266,88.56999969482422,86.0,87.08999633789062,84.68040466308594,-0.0881740890464976,-2.321684224755272,-2.0127410888671875,-2.0127410888671875
2011-12-15,87.55000305175781,88.66000366210938,83.33999633789062,84.25,81.91899108886719,0.6636634832372954,-3.260982969088844,-2.76141357421875,-2.76141357421875
2011-12-16,84.52999877929688,85.75,82.48999786376953,84.0999984741211,81.77313995361328,-0.3687147779795574,-0.1780431293345485,-0.1458511352539062,-0.14585113525390625
2011-12-19,85.06999969482422,85.47000122070312,83.0,83.22000122070312,80.9175033569336,-1.0256045301847792,-1.0463540927559525,-0.8556365966796875,-0.8556365966796875
2011-12-20,84.08999633789062,86.41000366210938,84.08999633789062,85.98999786376953,83.61083984375,-0.947580943896648,3.3284967715030422,2.6933364868164062,2.6933364868164062
2011-12-21,86.3499984741211,86.3499984741211,80.29000091552734,81.7699966430664,79.5075912475586,-0.0715367066762344,-4.907555771308436,-4.103248596191406,-4.103248596191406
2011-12-22,81.76000213623047,83.87000274658203,81.33000183105469,83.58000183105469,81.26752471923828,-0.2465160729841755,2.213541429270416,1.7599334716796875,1.7599334716796875
2011-12-23,83.51000213623047,84.0,81.11000061035156,82.4000015258789,80.12017822265625,-0.8001393139256944,-1.4118142524284671,-1.1473464965820312,-1.1473464965820312
2011-12-27,82.3499984741211,83.2300033569336,81.55000305175781,81.66999816894531,79.41036224365234,-1.1959942737698892,-0.8859390914375043,-0.7098159790039062,-0.7098159790039062
2011-12-28,81.68000030517578,81.98999786376953,79.83999633789062,80.4000015258789,78.25215911865234,-0.9395491041316932,-1.458503767362651,-1.158203125,-1.158203125
2011-12-29,80.31999969482422,80.9800033569336,79.93000030517578,80.25,78.10615539550781,-0.1986118858146245,-0.1865810794091316,-0.1460037231445312,-0.14600372314453125
2011-12-30,80.55000305175781,81.4800033569336,79.05999755859375,79.54000091552734,77.4151382446289,-0.6116779308694364,-0.8847153561454713,-0.6910171508789062,-0.6910171508789062
2012-01-03,81.94999694824219,82.7699966430664,80.37000274658203,81.80000305175781,79.61476135253906,-0.1765243264609991,2.84133459913154,2.199623107910156,2.1996231079101562
2012-01-04,80.27999877929688,81.19999694824219,77.4800033569336,80.47000122070312,78.32029724121094,0.332350092932915,-1.6259096797340833,-1.294464111328125,-1.294464111328125
2012-01-05,80.01000213623047,82.47000122070312,79.37999725341797,81.80999755859375,79.62448120117188,-0.3991210285183144,1.665192811953098,1.3041839599609375,1.3041839599609375
2012-01-06,81.5,82.12999725341797,80.08000183105469,80.5999984741211,78.44680786132812,-0.7972707997239249,-1.4790342393168563,-1.17767333984375,-1.17767333984375
2012-01-09,80.55999755859375,81.52999877929688,79.8499984741211,80.25,78.10615539550781,-0.9320909672070926,-0.4342464341219432,-0.3406524658203125,-0.3406524658203125
2012-01-10,81.12999725341797,85.25,81.12999725341797,83.69999694824219,81.46399688720703,-0.0752657751385348,4.299074093067379,3.3578414916992188,3.3578414916992188
2012-01-11,83.4800033569336,85.79000091552734,83.38999938964844,83.76000213623047,81.52239990234375,-0.7516614239157894,0.0716918115588827,0.0584030151367187,0.05840301513671875
2012-01-12,84.45999908447266,86.88999938964844,82.48999786376953,86.51000213623047,84.19891357421875,-0.067807638213934,3.283163492587571,2.676513671875,2.676513671875
2012-01-13,86.19999694824219,86.87999725341797,83.48999786376953,86.72000122070312,84.4033432006836,-0.6452395470301399,0.2427936629902483,0.2044296264648437,0.20442962646484375
2012-01-17,87.12999725341797,88.0,86.33999633789062,86.8499984741211,84.52983093261719,-0.7625617778825136,0.1498610447608017,0.1264877319335937,0.12648773193359375
2012-01-18,86.8499984741211,87.7699966430664,86.2300033569336,86.94999694824219,84.6271743774414,-0.079855397861366,0.115158688654926,0.0973434448242187,0.09734344482421875
2012-01-19,87.3499984741211,89.18000030517578,86.5,87.87999725341797,85.53233337402344,0.9321564125229233,1.0695843306134378,0.9051589965820312,0.9051589965820312
2012-01-20,87.13999938964844,88.87999725341797,86.47000122070312,87.4000015258789,85.06517028808594,-0.7674382520255217,-0.546183025189606,-0.4671630859375,-0.4671630859375
2012-01-23,87.8499984741211,88.41000366210938,86.87000274658203,87.44999694824219,85.11383056640625,-1.0884249912035318,0.0572035277840665,0.0486602783203125,0.0486602783203125
2012-01-24,87.30999755859375,90.58999633789062,87.05999755859375,88.54000091552734,86.17469787597656,-0.7975576511441018,1.2464100164574443,1.0608673095703125,1.0608673095703125
2012-01-25,89.45999908447266,89.80000305175781,87.56999969482422,88.44999694824219,86.08708953857422,-1.0623215119674292,-0.101663643229044,-0.0876083374023437,-0.08760833740234375
2012-01-26,89.13999938964844,91.4499969482422,87.66000366210938,88.02999877929688,85.6783218383789,-0.9564733379221336,-0.4748304332116482,-0.4087677001953125,-0.4087677001953125
2012-01-27,87.45999908447266,90.04000091552734,87.11000061035156,89.9000015258789,87.49838256835938,-1.1650143203907783,2.12429549380504,1.8200607299804688,1.8200607299804688
2012-01-30,89.7300033569336,89.7300033569336,87.5999984741211,87.93000030517578,85.58099365234375,-1.190830948206704,-2.1913421251160137,-1.917388916015625,-1.917388916015625
2012-01-31,88.93000030517578,89.33999633789062,86.48999786376953,87.4000015258789,85.06517028808594,-0.820505764758258,-0.6027312166451915,-0.5158233642578125,-0.5158233642578125
2012-02-01,88.0,90.66999816894533,86.11000061035156,90.63999938964844,88.21859741210938,0.1464703726582496,3.7070720170710114,3.153427124023437,3.1534271240234375
2012-02-02,92.19000244140624,94.87999725341795,91.0500030517578,93.4499969482422,90.95353698730467,0.1771634746171836,3.1001848311180247,2.7349395751952983,2.7349395751952983
2012-02-03,94.8499984741211,96.88999938964844,93.08999633789062,96.6999969482422,94.11671447753906,0.5271222072330659,3.47779492146183,3.163177490234389,3.163177490234389
2012-02-06,96.0500030517578,98.75,94.83999633789062,95.69000244140624,93.1336898803711,0.7046832363225997,-1.0444739838454176,-0.9830245971679688,-0.9830245971679688
2012-02-07,95.02999877929688,95.9000015258789,93.12999725341795,93.87999725341795,91.37203216552734,-0.716952402074378,-1.8915364752610688,-1.76165771484375,-1.76165771484375
2012-02-08,94.05999755859376,94.8499984741211,91.3499984741211,93.9499969482422,91.44020080566406,-0.5195986249926345,0.0746055861089223,0.0681686401367187,0.06816864013671875
2012-02-09,94.16000366210938,95.9800033569336,93.22000122070312,94.2300033569336,91.71271514892578,-0.911724516374529,0.2980246553054844,0.2725143432617187,0.27251434326171875
2012-02-10,93.62000274658205,94.22000122070312,92.16999816894533,92.77999877929688,90.30144500732422,-0.7189603620156167,-1.5387944183201885,-1.4112701416015625,-1.4112701416015625
2012-02-13,94.13999938964844,96.48999786376952,92.83000183105467,95.4800033569336,92.92931365966795,-0.5798374232297947,2.9101069779454702,2.627868652343736,2.627868652343736
2012-02-14,95.12000274658205,96.29000091552734,94.01000213623048,95.2300033569336,92.68598175048828,-0.7774780517317151,-0.2618462351619444,-0.2433319091796733,-0.2433319091796733
2012-02-15,96.8000030517578,100.43000030517578,95.0999984741211,99.23999786376952,96.58882904052734,1.4203775296640968,4.210828019867741,3.9028472900390634,3.9028472900390625
2012-02-16,99.58000183105467,101.83999633789062,93.58999633789062,96.87999725341795,94.29190063476562,1.4241065981263972,-2.378047677540396,-2.2969284057617188,-2.2969284057617188
2012-02-17,97.66000366210938,98.4800033569336,94.91999816894533,96.16000366210938,93.59113311767578,-0.4148978566280468,-0.743189512961695,-0.7007675170898438,-0.7007675170898438
2012-02-21,96.81999969482422,99.9800033569336,96.33000183105467,97.0500030517578,94.45736694335938,0.4921263339714777,0.9255511679663542,0.8662338256835938,0.8662338256835938
2012-02-22,97.02999877929688,98.0,94.86000061035156,97.72000122070312,95.10946655273438,-0.4599335295958284,0.6903639498717196,0.652099609375,0.652099609375
2012-02-23,94.8000030517578,97.5,93.19000244140624,97.0,94.40869140625,1.6472770030240664,-0.7368090389780702,-0.700775146484375,-0.700775146484375
2012-02-24,94.66000366210938,101.87999725341795,94.5,98.72000122070312,96.082763671875,2.158446233779396,1.7732183771315135,1.674072265625,1.674072265625
2012-02-27,98.12999725341795,104.5,98.12999725341795,102.75,100.00507354736328,0.7362368925420645,4.082220083596955,3.922309875488281,3.9223098754882812
2012-02-28,103.33999633789062,103.33999633789062,99.8000030517578,101.0999984741211,98.399169921875,-0.1653371210740979,-1.6058221533407635,-1.6059036254882812,-1.6059036254882812
2012-02-29,101.98999786376952,102.0,97.0999984741211,97.30999755859376,94.71041870117188,0.0394747929322462,-3.7487625389846735,-3.688751220703125,-3.688751220703125
2012-03-01,98.02999877929688,98.95999908447266,96.58000183105467,97.66999816894533,95.060791015625,1.0477575348542352,0.3699406245458725,0.350372314453125,0.350372314453125
2012-03-02,98.31999969482422,102.13999938964844,98.12000274658205,99.9000015258789,97.23123931884766,-0.2665956723965623,2.2832213786921907,2.170448303222656,2.1704483032226562
2012-03-05,100.16999816894533,100.16999816894533,97.08000183105467,97.52999877929688,94.92454528808594,-0.887342145659488,-2.372379542749059,-2.3066940307617188,-2.3066940307617188
2012-03-06,95.95999908447266,95.95999908447266,91.37999725341795,93.0500030517578,90.564208984375,0.4889709683495312,-4.593476103022431,-4.3603363037109375,-4.3603363037109375
2012-03-07,94.6500015258789,95.83000183105467,93.30999755859376,94.6500015258789,92.12149810791016,-0.7820676744545464,1.719541462349472,1.5572891235351562,1.5572891235351562
2012-03-08,95.55999755859376,96.31999969482422,94.0199966430664,95.2300033569336,92.68598175048828,-0.5190249221522807,0.6127599465619804,0.564483642578125,0.564483642578125
2012-03-09,94.77999877929688,97.08000183105467,94.73999786376952,96.01000213623048,93.44515228271484,-0.7697330633869374,0.8190780503035011,0.7591705322265625,0.7591705322265625
2012-03-12,95.69000244140624,98.4499969482422,94.51000213623048,95.55999755859376,93.00717163085938,-0.6306101246011153,-0.4687034491959285,-0.4379806518554687,-0.43798065185546875
2012-03-13,95.87999725341795,96.63999938964844,94.47000122070312,96.16000366210938,93.59113311767578,-0.6954385455611066,0.627867159678952,0.5839614868164062,0.5839614868164062
2012-03-14,96.13999938964844,96.83999633789062,95.16999816894533,96.05999755859376,93.49381256103516,-0.583853343112272,-0.103984804327839,-0.097320556640625,-0.097320556640625
2012-03-15,96.54000091552734,98.5,96.04000091552734,97.62000274658205,95.01212310791016,-1.305858367697662,1.623969014937554,1.518310546875,1.518310546875
2012-03-16,97.81999969482422,98.4800033569336,97.2699966430664,97.72000122070312,95.10946655273438,-1.1397713954152064,0.1024537097372935,0.0973434448242187,0.09734344482421875
2012-03-19,97.8000030517578,97.9800033569336,96.2699966430664,97.63999938964844,95.0316162109375,-1.008393444974162,-0.0818534102004608,-0.077850341796875,-0.077850341796875
2012-03-20,96.2699966430664,97.5999984741211,94.6999969482422,97.29000091552734,94.6909408569336,-0.9917560626038988,-0.3584863307467323,-0.3406753540039062,-0.34067535400390625
2012-03-21,97.5999984741211,99.08000183105467,96.33999633789062,98.30999755859376,95.68370819091795,-1.0597398491858363,1.0484290524521267,0.9927673339843608,0.9927673339843608
2012-03-22,97.58000183105467,97.9800033569336,95.94000244140624,96.4800033569336,93.90259552001952,-0.6314706788616462,-1.861458658504933,-1.7811126708984375,-1.7811126708984375
2012-03-23,96.98999786376952,97.63999938964844,95.91999816894533,97.26000213623048,94.6617660522461,-1.021588610302302,0.8084659726628418,0.7591705322265767,0.7591705322265767
2012-03-26,98.01000213623048,101.8499984741211,98.01000213623048,101.76000213623048,99.04153442382812,-0.1690661895363983,4.626755398969351,4.379768371582031,4.379768371582031
2012-03-27,102.23999786376952,102.9800033569336,101.5500030517578,101.81999969482422,99.09992980957033,-0.9191826532991296,0.0589605018560313,0.0583953857422017,0.05839538574220171
2012-03-28,101.75,102.2699966430664,100.23999786376952,101.7699966430664,99.15740966796876,-0.2617191982535541,0.058001916357453,0.0574798583984375,0.0574798583984375
2012-03-29,101.2300033569336,101.98999786376952,98.87999725341795,98.95999908447266,96.4195556640625,-0.9404096583922242,-2.7611189250244084,-2.737854003906264,-2.737854003906264
2012-03-30,99.4800033569336,99.98999786376952,97.3000030517578,97.79000091552734,95.2795867919922,-1.158990440567062,-1.1823004827382633,-1.1399688720702983,-1.1399688720702983
2012-04-02,97.38999938964844,98.5500030517578,96.23999786376952,97.47000122070312,94.9677963256836,-0.863246626364624,-0.327237424936877,-0.3117904663086079,-0.31179046630860796
2012-04-03,97.5,101.72000122070312,97.08000183105467,100.12999725341795,97.55950927734376,0.0566858781428634,2.7290440043192365,2.5917129516601705,2.5917129516601705
2012-04-04,99.43000030517578,99.43000030517578,95.0,96.77999877929688,94.29551696777344,-0.3144998595661133,-3.3456424020045006,-3.2639923095703267,-3.2639923095703267
2012-04-05,96.02999877929688,97.83000183105467,95.02999877929688,96.95999908447266,94.47091674804688,-0.4338300503597257,0.18601073085307,0.1753997802734375,0.1753997802734375
2012-04-09,95.4499969482422,97.45999908447266,95.12000274658205,96.52999877929688,94.05193328857422,-1.2080420334173212,-0.4435052330338696,-0.4189834594726562,-0.41898345947265625
2012-04-10,96.5999984741211,98.6500015258789,92.16999816894533,93.27999877929688,90.88536834716795,-0.5913114800368727,-3.3668259978138604,-3.166564941406264,-3.166564941406264
2012-04-11,94.43000030517578,96.33000183105467,93.75,95.29000091552734,92.84375762939452,-0.910863962113998,2.154790499110737,1.9583892822265625,1.9583892822265625
2012-04-12,94.51000213623048,97.77999877929688,93.9800033569336,97.5999984741211,95.09444427490234,-1.0643294719086678,2.424165827595992,2.2506866455078267,2.2506866455078267
2012-04-13,97.38999938964844,98.11000061035156,95.8000030517578,96.5999984741211,94.12013244628906,-1.0316284100084951,-1.0245728192035175,-0.9743118286132812,-0.9743118286132812
2012-04-16,97.05999755859376,97.06999969482422,91.86000061035156,91.97000122070312,89.60900115966797,-0.4886186716135237,-4.792950423434039,-4.511131286621094,-4.511131286621094
2012-04-17,91.68000030517578,94.4800033569336,91.58000183105467,92.54000091552734,90.16436004638672,0.3309158358320302,0.619757925578468,0.55535888671875,0.55535888671875
2012-04-18,91.7300033569336,92.2699966430664,90.16999816894533,90.55999755859376,88.23517608642578,0.8320452668811666,-2.13963029180092,-1.9291839599609373,-1.9291839599609375
2012-04-19,91.4499969482422,94.55999755859376,90.47000122070312,91.44000244140624,89.09259796142578,-0.432395793258841,0.9717460915589448,0.857421875,0.857421875
2012-04-20,91.83000183105467,92.66999816894533,90.36000061035156,90.4800033569336,88.1572494506836,-0.899676756727097,-1.0498610795334096,-0.9353485107421876,-0.9353485107421875
2012-04-23,89.06999969482422,89.33999633789062,86.86000061035156,88.62000274658203,86.34500885009766,-0.092190008928975,-2.05569095210908,-1.8122406005859373,-1.8122406005859375
2012-04-24,88.83000183105469,89.08999633789062,87.31999969482422,88.06999969482422,85.80914306640625,-0.8110396678924185,-0.6206100281044846,-0.5358657836914062,-0.5358657836914062
2012-04-25,88.9800033569336,91.8000030517578,88.37000274658203,91.56999969482422,89.21926879882812,-0.7892389599589702,3.974082027346237,3.410125732421875,3.410125732421875
2012-04-26,91.0,92.88999938964844,90.69000244140624,92.47000122070312,90.0961685180664,-0.9736844231327508,0.982859118937096,0.8768997192382812,0.8768997192382812
2012-04-27,93.1999969482422,95.25,92.63999938964844,94.8499984741211,92.4150390625,-0.4194874793508781,2.5737726504636127,2.3188705444335938,2.3188705444335938
2012-04-30,95.01000213623048,99.5,92.70999908447266,96.73999786376952,94.25653076171876,0.6014167250588967,1.992632062811084,1.841491699218764,1.8414916992187642
2012-05-01,97.6500015258789,101.3499984741211,96.51000213623048,99.33999633789062,96.78978729248048,0.2652268606115081,2.687619107439687,2.5332565307617188,2.5332565307617188
2012-05-02,98.51000213623048,99.08999633789062,97.0,97.61000061035156,95.1042022705078,0.0839367630596739,-1.741490573668858,-1.685585021972685,-1.6855850219726847
2012-05-03,98.4000015258789,98.76000213623048,93.93000030517578,94.0199966430664,91.60636901855467,-0.1366519790564027,-3.677895580264823,-3.497833251953125,-3.497833251953125
2012-05-04,93.70999908447266,93.97000122070312,91.76000213623048,92.86000061035156,90.47615051269533,0.2058486166348788,-1.2337772121831625,-1.1302185058593466,-1.1302185058593466
2012-05-07,87.95999908447266,90.33999633789062,86.0,89.62999725341797,87.32904815673828,1.0342755181059184,-3.478377824568757,-3.147102355957045,-3.1471023559570455
2012-05-08,88.4000015258789,89.12999725341797,86.38999938964844,87.98999786376953,85.7311782836914,2.5646278447499613,-1.8297117703367396,-1.597869873046875,-1.597869873046875
2012-05-10,78.01000213623047,78.9000015258789,76.0999984741211,77.30000305175781,75.31559753417969,0.8868338881349647,-12.14911652683195,-10.41558074951172,-10.415580749511719
2012-05-11,76.37999725341797,78.20999908447266,75.6500015258789,76.30999755859375,74.35100555419922,-0.0620706098103949,-1.2807333561188572,-0.9645919799804688,-0.9645919799804688
2012-05-14,75.13999938964844,76.80000305175781,74.04000091552734,74.1500015258789,72.2464599609375,0.5658471489569545,-2.8305543113705145,-2.1045455932617188,-2.1045455932617188
2012-05-15,74.23999786376953,76.1500015258789,74.08999633789062,74.37000274658203,72.4608154296875,-0.2089385369409948,0.2967003073450325,0.21435546875,0.21435546875
2012-05-16,74.5,77.19000244140625,74.45999908447266,76.04000091552734,74.08792877197266,0.9186743957746064,2.245507910222222,1.6271133422851562,1.6271133422851562
2012-05-17,76.19000244140625,76.4800033569336,72.55000305175781,72.62999725341797,70.7654800415039,0.7069780476840153,-4.484467018499815,-3.32244873046875,-3.32244873046875
2012-05-18,72.87000274658203,75.0199966430664,72.01000213623047,72.66999816894531,70.80445098876953,0.295919962570442,0.0550705615828039,0.038970947265625,0.038970947265625
2012-05-21,73.25,76.18000030517578,72.12000274658203,75.80000305175781,73.85409545898438,-0.0290826964900454,4.3071366667309485,3.049644470214844,3.0496444702148438
2012-05-22,74.88999938964844,77.19000244140625,74.80999755859375,76.36000061035156,74.39972686767578,0.6622292261364107,0.7387964137945957,0.5456314086914062,0.5456314086914062
2012-05-23,75.93000030517578,76.80000305175781,73.80000305175781,76.62999725341797,74.66278076171875,0.4995844708960785,0.3535683598823169,0.2630538940429687,0.26305389404296875
2012-05-24,77.36000061035156,77.36000061035156,73.76000213623047,74.7300033569336,72.81156921386719,-0.2952808144142576,-2.479430218062173,-1.8512115478515625,-1.8512115478515625
2012-05-25,74.2300033569336,75.2699966430664,73.26000213623047,74.7300033569336,72.81156921386719,-0.5715187320446631,0.0,0.0,0.0
2012-05-29,76.9000015258789,76.9000015258789,73.44000244140625,74.12999725341797,72.22696685791016,0.490118374030239,-0.8028976195251336,-0.5846023559570312,-0.5846023559570312
2012-05-30,72.95999908447266,73.95999908447266,71.6500015258789,73.80000305175781,71.90545654296875,-0.0666602325332262,-0.445138885001084,-0.3215103149414062,-0.32151031494140625
2012-05-31,73.05000305175781,73.12999725341797,68.94999694824219,70.23999786376953,68.43682861328125,2.7450573880412645,-4.8238730361370274,-3.4686279296875,-3.4686279296875
2012-06-01,68.05000305175781,69.19999694824219,65.80999755859375,68.16999816894531,66.41997528076172,2.159306788039927,-2.9470292142206755,-2.0168533325195312,-2.0168533325195312
2012-06-04,66.7300033569336,68.7699966430664,66.25,67.20999908447266,65.484619140625,0.1811793944996609,-1.408245239753414,-0.9353561401367188,-0.9353561401367188
2012-06-05,67.08000183105469,72.06999969482422,66.4000015258789,71.81999969482422,69.97628021240234,0.4034892451367993,6.859108491005683,4.491661071777344,4.491661071777344
2012-06-06,72.13999938964844,74.0999984741211,72.12000274658203,73.12000274658203,71.24290466308594,-0.6951516941409297,1.810076852954956,1.2666244506835938,1.2666244506835938
2012-06-07,74.62999725341797,75.55999755859375,71.69000244140625,71.9000015258789,70.05421447753906,-0.6088094166676669,-1.6685032582097747,-1.188690185546875,-1.188690185546875
2012-06-08,71.5,72.37000274658203,70.23999786376953,71.5199966430664,69.68397521972656,-0.4470252156878656,-0.5285039031180716,-0.3702392578125,-0.3702392578125
2012-06-11,71.80999755859375,72.44999694824219,69.66000366210938,69.83000183105469,68.03736877441406,-0.8359957414478134,-2.3629628478002878,-1.6466064453125,-1.6466064453125
2012-06-12,70.29000091552734,71.2300033569336,67.0999984741211,68.37000274658203,66.61486053466797,0.2001115882313398,-2.0907749158592392,-1.4225082397460938,-1.4225082397460938
2012-06-13,67.62999725341797,69.98999786376953,65.80000305175781,66.7300033569336,65.0169448852539,0.3300552815714994,-2.398737513805149,-1.5979156494140625,-1.5979156494140625
2012-06-14,67.0,67.95999908447266,65.56999969482422,67.58999633789062,65.8548583984375,-0.1676319324355135,1.2887617445919597,0.8379135131835938,0.8379135131835938
2012-06-15,67.6500015258789,68.95999908447266,67.41000366210938,68.47000122070312,66.71228790283203,-1.0359311813111496,1.3019988581660646,0.8574295043945312,0.8574295043945312
2012-06-18,68.58999633789062,69.73999786376953,67.31999969482422,69.47000122070312,67.68660736083984,-0.680522271711905,1.4604797536353908,0.9743194580078124,0.9743194580078125
2012-06-19,69.83000183105469,71.19000244140625,69.5,70.12000274658203,68.31990814208984,-0.6899883685777445,0.9356367617508798,0.63330078125,0.63330078125
2012-06-20,70.45999908447266,71.8499984741211,69.76000213623047,70.66999816894531,68.85579681396484,-0.7771912003115381,0.7843814291442985,0.535888671875,0.535888671875
2012-06-21,70.91000366210938,71.41999816894531,68.77999877929688,69.48999786376953,67.7060775756836,-0.3612566410549567,-1.66974937692983,-1.14971923828125,-1.14971923828125
2012-06-22,69.93000030517578,70.98999786376953,69.19000244140625,70.58999633789062,68.77784729003906,-1.0158515818987628,1.5829741623378135,1.0717697143554688,1.0717697143554688
2012-06-25,69.08999633789062,70.38999938964844,68.62999725341797,69.81999969482422,68.0276107788086,-0.6280284618195228,-1.0908112725114716,-0.7502365112304688,-0.7502365112304688
2012-06-26,70.06999969482422,74.45999908447266,70.0199966430664,73.69999694824219,71.80802154541016,0.5799028685456252,5.557171159359897,3.7804107666015625,3.7804107666015625
2012-06-27,73.48999786376953,74.45999908447266,73.0999984741211,73.26000213623047,71.48503112792969,-0.5548813496743997,-0.4497971264620037,-0.3229904174804687,-0.32299041748046875
2012-06-28,73.05000305175781,73.56999969482422,70.81999969482422,71.36000061035156,69.63107299804688,-0.413750450947339,-2.593491393414893,-1.8539581298828125,-1.8539581298828125
2012-06-29,73.98999786376953,76.16999816894531,73.01000213623047,75.80000305175781,73.96349334716797,-0.7353108929657031,6.221964078081377,4.332420349121094,4.332420349121094
2012-07-02,77.11000061035156,79.55000305175781,76.30999755859375,79.26000213623047,77.33968353271484,0.3240314017477834,4.564671073200666,3.376190185546875,3.376190185546875
2012-07-03,79.63999938964844,80.66000366210938,79.04000091552734,80.62999725341797,78.67646789550781,-1.1070703335150338,1.7284585373658956,1.3367843627929688,1.3367843627929688
2012-07-05,80.62999725341797,80.75,78.56999969482422,79.83000183105469,77.8958740234375,-0.3144998595661133,-0.9921567311677482,-0.7805938720703125,-0.7805938720703125
2012-07-06,78.98999786376953,79.47000122070312,77.01000213623047,77.66000366210938,75.77845001220703,-0.4539096497721124,-2.718274925053632,-2.1174240112304688,-2.1174240112304688
2012-07-09,77.18000030517578,77.18000030517578,73.30999755859375,74.83000183105469,73.01701354980469,0.235394312913105,-3.644092036664126,-2.761436462402344,-2.7614364624023438
2012-07-10,75.76000213623047,76.05999755859375,72.37000274658203,72.55999755859375,70.80198669433594,-0.5411124815059061,-3.0335763512950087,-2.21502685546875,-2.21502685546875
2012-07-11,72.66000366210938,73.79000091552734,71.0999984741211,72.4800033569336,70.72394561767578,-0.4539096497721124,-0.1102244164377319,-0.0780410766601562,-0.07804107666015625
2012-07-12,72.12000274658203,72.9800033569336,70.05999755859375,72.31999969482422,70.56781768798828,-0.6876935572163289,-0.2207568148580252,-0.1561279296875,-0.1561279296875
2012-07-13,72.47000122070312,74.48999786376953,72.3499984741211,74.26000213623047,72.46080017089844,-1.0729350145139764,2.6825010960093376,1.892982482910156,1.8929824829101562
2012-07-16,74.93000030517578,74.93000030517578,71.30999755859375,71.73999786376953,70.0018539428711,-0.7591195608403901,-3.3934847838112847,-2.458946228027344,-2.4589462280273438
2012-07-17,71.62999725341797,72.0999984741211,68.1500015258789,70.11000061035156,68.41134643554688,0.3217365903863677,-2.2720934057292808,-1.5905075073242188,-1.5905075073242188
2012-07-18,70.11000061035156,72.98999786376953,70.05000305175781,71.88999938964844,70.14824676513672,-0.0462937817006625,2.5389068043358165,1.7369003295898438,1.7369003295898438
2012-07-19,72.88999938964844,74.38999938964844,72.27999877929688,73.4800033569336,71.69972229003906,-0.8784497516340025,2.211709624186109,1.5514755249023438,1.5514755249023438
2012-07-20,72.8499984741211,73.80999755859375,71.25,73.6500015258789,71.86559295654297,-0.705191493847123,0.231340737740826,0.1658706665039062,0.16587066650390625
2012-07-23,71.58999633789062,72.41999816894531,70.01000213623047,71.26000213623047,69.53350830078125,-0.8793103058945333,-3.2450642370291494,-2.3320846557617188,-2.3320846557617188
2012-07-24,71.7300033569336,71.76000213623047,69.87000274658203,70.02999877929688,68.33328247070312,-0.4338300503597257,-1.7261114236984954,-1.200225830078125,-1.200225830078125
2012-07-25,70.22000122070312,70.61000061035156,69.48999786376953,69.94000244140625,68.24547576904297,-0.3506431385084094,-0.1284977078304439,-0.0878067016601562,-0.08780670166015625
2012-07-26,71.5,73.69999694824219,71.20999908447266,73.25,71.47527313232422,-0.3569538697523023,4.732617549933371,3.22979736328125,3.22979736328125
2012-07-27,73.68000030517578,77.16999816894531,73.41000366210938,75.70999908447266,73.87566375732422,-0.1128433111817156,3.358351104942381,2.400390625,2.400390625
2012-07-30,70.06999969482422,72.0,67.77999877929688,70.0,68.30402374267578,4.289178582853801,-7.541915336220651,-5.5716400146484375,-5.5716400146484375
2012-07-31,69.79000091552734,70.41999816894531,66.62999725341797,66.80999755859375,65.1913070678711,0.8532722719742611,-4.557149790371562,-3.1127166748046875,-3.1127166748046875
2012-08-01,66.9800033569336,67.6500015258789,64.18000030517578,65.5199966430664,63.93254852294922,1.4441861975387835,-1.9308687024964464,-1.258758544921875,-1.258758544921875
2012-08-02,65.4800033569336,67.33999633789062,64.5,66.5199966430664,64.90833282470703,0.8102445589477183,1.5262715538510774,0.9757843017578124,0.9757843017578125
2012-08-06,82.8499984741211,87.52999877929688,82.7699966430664,86.0199966430664,83.9358901977539,1.923514920654472,29.314506389238403,19.027557373046875,19.027557373046875
2012-08-07,86.87999725341797,90.91000366210938,86.55000305175781,88.87000274658203,86.71682739257812,1.2907206877441142,3.313168167124103,2.7809371948242188,2.7809371948242188
2012-08-08,88.76000213623047,89.0,85.26000213623047,85.8499984741211,83.77000427246094,1.0133353644330008,-3.3982137132122503,-2.9468231201171875,-2.9468231201171875
2012-08-09,86.1500015258789,87.20999908447266,85.0999984741211,85.76000213623047,83.68218231201172,0.1691316348522289,-0.1048370012774246,-0.0878219604492187,-0.08782196044921875
2012-08-10,85.62999725341797,87.0,84.81999969482422,85.80000305175781,83.72123718261719,0.9054792304464666,0.046670473362953,0.0390548706054687,0.03905487060546875
2012-08-13,85.52999877929688,86.75,85.05999755859375,85.81999969482422,83.74072265625,-0.8882026999200189,0.0232742303966526,0.0194854736328125,0.0194854736328125
2012-08-14,86.61000061035156,86.68000030517578,84.63999938964844,85.08000183105469,83.01866912841797,-0.5459889556489143,-0.8622489810555023,-0.7220535278320312,-0.7220535278320312
2012-08-15,84.8499984741211,85.77999877929688,84.26000213623047,84.81999969482422,82.76494598388672,-0.3110576425239899,-0.3056217922968396,-0.25372314453125,-0.25372314453125
2012-08-16,84.83000183105469,87.87999725341797,84.30000305175781,86.8499984741211,84.74577331542969,0.2112987936182409,2.3933167695519453,1.9808273315429688,1.9808273315429688
2012-08-17,87.52999877929688,87.9800033569336,84.9800033569336,85.20999908447266,83.14550018310547,-0.0517439586840246,-1.8883220598718164,-1.6002731323242188,-1.6002731323242188
2012-08-20,84.87999725341797,85.91000366210938,83.72000122070312,84.66000366210938,82.60882568359375,0.3547245037067173,-0.6454642744704642,-0.5366744995117188,-0.5366744995117188
2012-08-21,85.93000030517578,86.2300033569336,83.16000366210938,83.43000030517578,81.40861511230469,-0.6515502782740329,-1.452884194100612,-1.2002105712890625,-1.2002105712890625
2012-08-22,83.63999938964844,83.63999938964844,82.37999725341797,82.51000213623047,80.51092529296875,-0.3084759797423974,-1.1026963400587952,-0.8976898193359375,-0.8976898193359375
2012-08-23,82.41999816894531,82.98999786376953,80.48999786376953,80.5,78.54961395263672,-0.3675673722988496,-2.4360809830405894,-1.9613113403320312,-1.9613113403320312
2012-08-24,80.6500015258789,81.66000366210938,79.94999694824219,80.5,78.54961395263672,-0.0758394779788887,0.0,0.0,0.0
2012-08-27,81.08999633789062,81.5999984741211,78.97000122070312,79.3499984741211,77.42747497558594,0.0090685423934892,-1.4285735098932495,-1.1221389770507812,-1.1221389770507812
2012-08-28,79.1500015258789,80.13999938964844,78.83999633789062,79.3499984741211,77.42747497558594,-0.3297029848354919,0.0,0.0,0.0
2012-08-29,79.58999633789062,79.88999938964844,78.52999877929688,79.02999877929688,77.1152572631836,-0.5806979774903255,-0.4032389180982476,-0.3122177124023437,-0.31221771240234375
2012-08-30,78.91999816894531,79.79000091552734,78.37000274658203,79.11000061035156,77.19329833984375,-0.9105771106938212,0.1012005657892167,0.0780410766601562,0.07804107666015625
2012-08-31,79.75,80.75,78.52999877929688,79.58000183105469,77.65191650390625,-0.0898951975675594,0.5941165540607418,0.4586181640625,0.4586181640625
2012-09-04,79.62999725341797,81.08000183105469,79.0,80.66000366210938,78.70575714111328,-0.6455263984503169,1.357134098749535,1.0538406372070312,1.0538406372070312
2012-09-05,80.25,81.5999984741211,79.76000213623047,79.87000274658203,77.93489837646484,-0.790386365639678,-0.9794185236873476,-0.7708587646484375,-0.7708587646484375
2012-09-06,81.41999816894531,83.0,80.44999694824219,82.13999938964844,80.1498794555664,-0.5870087087342185,2.842091444582495,2.2149810791015625,2.2149810791015625
2012-09-07,82.13999938964844,83.44000244140625,81.37999725341797,82.87000274658203,80.8622055053711,-0.9068480422315208,0.888742509213114,0.7123260498046875,0.7123260498046875
2012-09-10,82.72000122070312,83.80000305175781,82.19000244140625,83.06999969482422,81.05736541748047,-0.3483483271469938,0.2413487375092726,0.195159912109375,0.195159912109375
2012-09-11,82.72000122070312,83.0,81.87999725341797,82.5199966430664,80.52067565917969,-0.8377168499688752,-0.6621110315350065,-0.5366897583007812,-0.5366897583007812
2012-09-12,83.06999969482422,83.27999877929688,81.94999694824219,82.54000091552734,80.54020690917969,-1.0253176787646023,0.0242561923879947,0.01953125,0.01953125
2012-09-13,82.98999786376953,84.83000183105469,81.80000305175781,84.5,82.45271301269531,-0.4576387182344128,2.374597951644497,1.912506103515625,1.912506103515625
2012-09-14,84.43000030517578,89.77999877929688,84.4000015258789,88.56999969482422,86.42411041259766,1.194912313405012,4.816575773911613,3.971397399902344,3.9713973999023438
2012-09-17,89.9800033569336,89.9800033569336,87.36000061035156,88.52999877929688,86.38506317138672,-0.5907377771965189,-0.0451809582123763,-0.0390472412109375,-0.0390472412109375
2012-09-18,87.68000030517578,88.9000015258789,87.68000030517578,88.26000213623047,86.12162017822266,-0.6673271063837652,-0.3049635938118133,-0.2634429931640625,-0.2634429931640625
2012-09-19,87.9800033569336,89.41999816894531,87.6500015258789,88.68000030517578,86.53142547607422,-0.6288890160800535,0.4758448540604476,0.4098052978515625,0.4098052978515625
2012-09-20,87.87000274658203,87.87000274658203,85.06999969482422,86.0199966430664,83.9358901977539,-0.4292404276368944,-2.999529089045194,-2.5955352783203125,-2.5955352783203125
2012-09-21,84.44999694824219,86.19000244140625,82.54000091552734,83.12999725341797,81.11589050292969,1.260888140045711,-3.359706662049178,-2.8199996948242188,-2.8199996948242188
2012-09-24,82.0999984741211,83.48999786376953,81.63999938964844,82.19999694824219,80.20841217041016,-0.1369388304765796,-1.118742982285026,-0.9074783325195312,-0.9074783325195312
2012-09-25,82.94000244140625,83.16999816894531,80.87999725341797,81.08000183105469,79.11556243896484,-0.2749143635816939,-1.362512611674016,-1.0928497314453125,-1.0928497314453125
2012-09-26,81.2699966430664,81.62999725341797,79.54000091552734,80.2699966430664,78.4306411743164,-0.3305635390960227,-0.8657225500695032,-0.6849212646484375,-0.6849212646484375
2012-09-27,80.87000274658203,82.16000366210938,79.62000274658203,81.93000030517578,80.05259704589844,-0.5221802877742272,2.068013020545312,1.6219558715820312,1.6219558715820312
2012-09-28,81.97000122070312,83.33999633789062,81.93000030517578,82.55000305175781,80.65839385986328,0.0561121753025095,0.7567484832722071,0.6057968139648438,0.6057968139648438
2012-10-01,84.30000305175781,85.55999755859375,82.5,84.94999694824219,83.00337982177734,0.8653200316216932,2.907305550849748,2.3449859619140625,2.3449859619140625
2012-10-02,85.19999694824219,86.38999938964844,84.95999908447266,85.37000274658203,83.41376495361328,-0.1062457285176457,0.4944197847329912,0.4103851318359375,0.4103851318359375
2012-10-03,86.1500015258789,86.37000274658203,85.0199966430664,86.26000213623047,84.28340148925781,-0.2700378894386857,1.042557587621351,0.8696365356445312,0.8696365356445312
2012-10-04,86.94999694824219,88.08999633789062,86.43000030517578,87.94999694824219,85.93463134765625,-0.274627512161517,1.9591400313962115,1.6512298583984375,1.6512298583984375
2012-10-05,88.0,89.08000183105469,87.70999908447266,87.93000030517578,85.91511535644531,0.3168601162433596,-0.0227102751299224,-0.0195159912109375,-0.0195159912109375
2012-10-08,87.19000244140625,88.08000183105469,86.05000305175781,86.80000305175781,84.81100463867188,0.6131776332861517,-1.2851181229201591,-1.1041107177734375,-1.1041107177734375
2012-10-09,86.26000213623047,88.08999633789062,85.61000061035156,85.7699966430664,83.8045883178711,-0.0898951975675594,-1.1866577044907234,-1.0064163208007812,-1.0064163208007812
2012-10-10,85.7300033569336,86.75,84.91999816894531,86.27999877929688,84.30290985107422,-0.3787545776857508,0.5946232100239923,0.498321533203125,0.498321533203125
2012-10-11,87.19000244140625,87.23999786376953,84.47000122070312,85.97000122070312,84.00003051757812,-0.916887841937714,-0.3592750642073317,-0.3028793334960937,-0.30287933349609375
2012-10-12,85.83000183105469,86.02999877929688,84.33000183105469,84.81999969482422,82.87635803222656,-1.2596752890491727,-1.3377048537100422,-1.1236724853515625,-1.1236724853515625
2012-10-15,86.0,87.27999877929688,84.91999816894531,87.1500015258789,85.15298461914062,-1.014417324797878,2.7470157243502324,2.2766265869140625,2.2766265869140625
2012-10-16,87.2300033569336,90.52999877929688,87.20999908447266,90.27999877929688,88.21125793457031,0.0354588730497689,3.591504548088676,3.0582733154296875,3.0582733154296875
2012-10-17,90.47000122070312,92.66999816894533,89.75,91.70999908447266,89.60850524902344,0.3131310477810592,1.5839784480678354,1.397247314453125,1.397247314453125
2012-10-18,90.54000091552734,90.70999908447266,86.69999694824219,88.43000030517578,86.40363311767578,1.1177492813774117,-3.5765267174597604,-3.204872131347656,-3.2048721313476562
2012-10-19,87.2699966430664,88.2300033569336,84.76000213623047,85.2300033569336,83.27699279785156,-0.4470252156878656,-3.618644502559232,-3.1266403198242188,-3.1266403198242188
2012-10-22,86.33999633789062,86.7300033569336,84.75,85.61000061035156,83.64827728271484,-0.8827525229366567,0.4458428101078882,0.3712844848632812,0.37128448486328125
2012-10-23,85.26000213623047,86.0199966430664,84.2699966430664,85.5,83.540771484375,-0.9857321827801828,-0.1285212341869179,-0.1075057983398437,-0.10750579833984375
2012-10-24,86.80999755859375,86.95999908447266,84.5199966430664,85.0,83.05225372314453,-1.0218754617224788,-0.5847656809368051,-0.4885177612304687,-0.48851776123046875
2012-10-25,85.80000305175781,86.45999908447266,83.80000305175781,84.31999969482422,82.3878173828125,-1.172185605895202,-0.800022047019866,-0.6644363403320312,-0.6644363403320312
2012-10-26,84.62000274658203,85.51000213623047,83.4800033569336,83.5999984741211,81.684326171875,-0.2697510380185087,-0.8538777130953079,-0.7034912109375,-0.7034912109375
2012-10-31,85.0,85.0,83.06999969482422,83.97000122070312,82.04585266113281,-0.0196165996242059,0.4425897919474897,0.3615264892578125,0.3615264892578125
2012-11-01,84.23999786376953,87.66000366210938,83.31999969482422,86.3499984741211,84.3713150024414,0.3114099392599975,2.8343447790265097,2.3254623413085938,2.3254623413085938
2012-11-05,78.3499984741211,78.5,77.08999633789062,78.25,76.45690155029297,-0.8732864260708173,-9.380455255342913,-7.914413452148437,-7.9144134521484375
2012-11-06,78.55999755859375,79.94000244140625,78.19000244140625,79.7699966430664,77.94207763671875,-0.6199966220545681,1.9425010120882824,1.4851760864257812,1.4851760864257812
2012-11-07,79.98999786376953,79.98999786376953,76.94999694824219,77.13999938964844,75.37234497070312,0.2526053981237222,-3.296977375934118,-2.569732666015625,-2.569732666015625
2012-11-08,76.94000244140625,78.18000030517578,75.11000061035156,75.4800033569336,73.75041198730469,0.2391233813754054,-2.151894018991818,-1.6219329833984375,-1.6219329833984375
2012-11-09,75.55000305175781,77.58999633789062,75.44999694824219,76.31999969482422,74.57113647460938,-0.3420375959031008,1.1128405458209034,0.8207244873046875,0.8207244873046875
2012-11-12,76.9000015258789,77.6500015258789,75.04000091552734,75.05999755859375,73.34000396728516,-0.5675028121621857,-1.650950442123689,-1.2311325073242188,-1.2311325073242188
2012-11-13,74.55999755859375,74.66000366210938,72.54000091552734,73.91000366210938,72.21636199951172,0.9097820017491208,-1.53209968228889,-1.1236419677734375,-1.1236419677734375
2012-11-14,73.9000015258789,74.19000244140625,72.18000030517578,72.63999938964844,70.9754638671875,-0.007281988556597,-1.7183060707663622,-1.2408981323242188,-1.2408981323242188
2012-11-15,72.30000305175781,74.66000366210938,71.26000213623047,74.44999694824219,72.74400329589844,0.2104382393577101,2.4917617051722463,1.7685394287109375,1.7685394287109375
2012-11-16,74.22000122070312,75.66000366210938,73.48999786376953,75.43000030517578,73.70153045654297,0.7261970928358711,1.3162970379147598,0.9575271606445312,0.9575271606445312
2012-11-19,76.08999633789062,76.43000030517578,74.80999755859375,74.95999908447266,73.24232482910156,-0.449893729889635,-0.6230611828504262,-0.4592056274414062,-0.45920562744140625
2012-11-20,75.94999694824219,75.94999694824219,74.87000274658203,75.20999908447266,73.48657989501953,-0.7120759279313699,0.3334889580415279,0.2442550659179687,0.24425506591796875
2012-11-21,75.91999816894531,76.25,74.94000244140625,75.4000015258789,73.67222595214844,-0.924632830282492,0.2526257956134481,0.1856460571289062,0.18564605712890625
2012-11-23,76.19999694824219,76.37999725341797,73.8499984741211,74.0999984741211,72.40200805664062,-0.7321555273437566,-1.724147572699708,-1.2702178955078125,-1.2702178955078125
2012-11-26,74.0,74.79000091552734,73.4000015258789,74.25,72.5485610961914,-0.0396961990365926,0.2024157112274105,0.1465530395507812,0.14655303955078125
2012-11-27,74.5199966430664,74.79000091552734,72.25,73.58999633789062,71.90369415283203,0.0311561017471146,-0.8888762693781804,-0.644866943359375,-0.644866943359375
2012-11-28,72.93000030517578,73.4000015258789,69.7300033569336,70.9800033569336,69.35353088378906,3.924303576388717,-3.5466373446996657,-2.5501632690429688,-2.5501632690429688
2012-11-29,72.0,72.79000091552734,71.05999755859375,71.36000061035156,69.72480010986328,1.9071643897043853,0.5353285136936003,0.3712692260742187,0.37126922607421875
2012-11-30,71.37000274658203,72.05999755859375,70.86000061035156,71.94999694824219,70.30126953125,0.2207648904840804,0.8267781628321424,0.5764694213867188,0.5764694213867188
2012-12-03,71.61000061035156,72.75,71.37999725341797,72.30000305175781,70.64328002929688,-0.2235679593700193,0.4864926342401876,0.342010498046875,0.342010498046875
2012-12-04,72.19999694824219,73.12999725341797,71.58000183105469,73.0999984741211,71.42491912841797,0.3541508008663634,1.106459239713864,0.7816390991210938,0.7816390991210938
2012-12-05,72.91000366210938,75.55999755859375,72.91000366210938,75.44999694824219,73.72107696533203,1.1954860162453658,3.214785350734095,2.2961578369140625,2.2961578369140625
2012-12-06,75.01000213623047,75.61000061035156,72.58999633789062,73.08999633789062,71.41514587402344,2.889343652390272,-3.127912920199172,-2.3059310913085938,-2.3059310913085938
2012-12-07,73.33999633789062,74.98999786376953,73.05000305175781,74.87999725341797,73.16412353515625,-0.0712498552560574,2.4490290396073977,1.7489776611328125,1.7489776611328125
2012-12-10,74.06999969482422,76.23999786376953,74.06999969482422,75.98999786376953,74.2486801147461,-0.0336723192128766,1.4823611999789763,1.0845565795898438,1.0845565795898438
2012-12-11,76.8499984741211,80.3499984741211,76.20999908447266,79.45999908447266,77.6391830444336,2.130621646022232,4.566415085692732,3.3905029296875,3.3905029296875
2012-12-12,81.0999984741211,81.83000183105469,79.27999877929688,79.51000213623047,77.68803405761719,0.8512643120330226,0.0629205657092457,0.0488510131835937,0.04885101318359375
2012-12-13,79.93000030517578,79.93000030517578,78.0199966430664,78.45999908447266,76.66212463378906,-0.4607940838563593,-1.320550115951269,-1.025909423828125,-1.025909423828125
2012-12-14,78.51000213623047,78.7699966430664,77.33999633789062,78.29000091552734,76.49597930908203,-0.6647454436021727,-0.2167241326805125,-0.1661453247070312,-0.16614532470703125
2012-12-17,78.48999786376953,78.5999984741211,77.5,78.56999969482422,76.76959228515625,-0.4722681406634374,0.3576828201240278,0.2736129760742187,0.27361297607421875
2012-12-18,78.83000183105469,80.0999984741211,78.41000366210938,78.91000366210938,77.10179901123047,-0.1254647736695015,0.432732174531103,0.3322067260742187,0.33220672607421875
2012-12-19,79.06999969482422,79.66000366210938,78.58000183105469,79.12999725341797,77.31676483154297,-0.7129364821919008,0.2788077879754658,0.2149658203125,0.2149658203125
2012-12-20,79.0199966430664,79.54000091552734,78.0,79.16000366210938,77.3460693359375,-0.935533184249216,0.0379018760787275,0.0293045043945312,0.02930450439453125
2012-12-21,77.56999969482422,78.72000122070312,77.11000061035156,78.5,76.70117950439453,-1.0712139059929149,-0.8337719512830244,-0.6448898315429688,-0.6448898315429688
2012-12-24,78.73999786376953,79.83000183105469,77.95999908447266,78.77999877929688,76.97478485107422,-1.1010464536913178,0.3567159572350764,0.2736053466796875,0.2736053466796875
2012-12-26,78.55999755859375,79.12999725341797,77.94999694824219,78.41999816894531,76.62300109863281,-0.960202406384434,-0.4570116735266194,-0.3517837524414062,-0.35178375244140625
2012-12-27,78.16000366210938,78.51000213623047,77.3499984741211,78.38999938964844,76.70033264160156,-0.6432315870889013,0.1009247117183642,0.07733154296875,0.07733154296875
2012-12-28,77.44000244140625,77.91999816894531,77.05999755859375,77.4000015258789,75.73165130615234,-0.7614143722018057,-1.2629428088344663,-0.9686813354492188,-0.9686813354492188
2012-12-31,76.7300033569336,79.11000061035156,76.45999908447266,78.55000305175781,76.85685729980469,-0.6544187924758024,1.4857803497557276,1.1252059936523438,1.1252059936523438
2013-01-02,80.48999786376953,82.4000015258789,79.80999755859375,82.27999877929688,80.5064697265625,0.1180720820607313,4.748583997549272,3.649612426757813,3.6496124267578125
2013-01-03,82.13999938964844,83.66999816894531,81.61000061035156,82.73999786376953,80.95655822753906,-0.0603495012893332,0.5590712181335,0.4500885009765625,0.4500885009765625
2013-01-04,82.79000091552734,83.54000091552734,81.58000183105469,82.79000091552734,81.00548553466797,-0.1931617088312623,0.0604364960666847,0.0489273071289062,0.04892730712890625
2013-01-07,82.43000030517578,82.97000122070312,81.45999908447266,82.62000274658203,80.83916473388672,-0.8078843022704721,-0.205320417109367,-0.16632080078125,-0.16632080078125
2013-01-08,82.62000274658203,84.12000274658203,81.87999725341797,83.43000030517578,81.63167572021484,-0.5660685550613009,0.980355238623476,0.792510986328125,0.792510986328125
2013-01-09,83.12999725341797,87.19000244140625,82.9800033569336,86.5,84.63552856445312,1.3016210417108385,3.6797637898966062,3.003852844238281,3.0038528442382812
2013-01-10,86.83000183105469,86.83000183105469,85.5199966430664,86.29000091552734,84.4300308227539,-0.4917740372354702,-0.2428031645631212,-0.2054977416992187,-0.20549774169921875
2013-01-11,85.69999694824219,87.0999984741211,85.22000122070312,86.55999755859375,84.69419860839844,-0.0362539819944692,0.3128836778457433,0.2641677856445312,0.26416778564453125
2013-01-14,87.2699966430664,87.76000213623047,85.72000122070312,86.95999908447266,85.0855941772461,-0.5276304647575892,0.4621279559623215,0.3913955688476562,0.39139556884765625
2013-01-15,86.16999816894531,87.44000244140625,86.12999725341797,87.2300033569336,85.34979248046875,-0.0528913643647325,0.3105088537929124,0.2641983032226562,0.26419830322265625
2013-01-16,86.77999877929688,87.68000030517578,86.56999969482422,86.80000305175781,84.92904663085938,-0.607662010986959,-0.4929664588295912,-0.420745849609375,-0.420745849609375
2013-01-17,87.83000183105469,89.37000274658203,86.55000305175781,87.70999908447266,85.81942749023438,-0.7063388995278308,1.0483820255807297,0.890380859375,0.890380859375
2013-01-18,87.5,88.66999816894531,87.0199966430664,88.25,86.34778594970703,-0.8058763423292334,0.6156629972074557,0.5283584594726562,0.5283584594726562
2013-01-22,88.44999694824219,88.44999694824219,86.76000213623047,87.55000305175781,85.66289520263672,-0.4983716198995401,-0.7931769639921371,-0.6848907470703125,-0.6848907470703125
2013-01-23,87.55000305175781,88.2300033569336,86.62000274658203,87.55000305175781,85.66289520263672,-0.4633757466379518,0.0,0.0,0.0
2013-01-24,87.52999877929688,90.54000091552734,86.88999938964844,87.72000122070312,85.82921600341797,-0.3813362404673434,0.1941573424384168,0.16632080078125,0.16632080078125
2013-01-25,88.2699966430664,89.80000305175781,88.0,89.23999786376953,87.31645965576172,-0.3549459098110637,1.7327941714911257,1.48724365234375,1.48724365234375
2013-01-28,89.33999633789062,89.5999984741211,87.11000061035156,87.66999816894531,85.78028869628906,0.0110765023347279,-1.7593142982765153,-1.5361709594726562,-1.5361709594726562
2013-01-29,87.97000122070312,87.97000122070312,86.4800033569336,87.0999984741211,85.22257995605469,-0.7783386059922459,-0.6501595514664005,-0.557708740234375,-0.557708740234375
2013-01-30,87.25,87.44000244140625,85.52999877929688,85.62000274658203,83.77449035644531,0.1398727899941797,-1.6991853571624915,-1.448089599609375,-1.448089599609375
2013-01-31,86.29000091552734,89.2699966430664,86.0,88.4000015258789,86.49456787109375,0.101721551110645,3.246904282049345,2.720077514648437,2.7200775146484375
2013-02-01,87.76000213623047,88.86000061035156,86.83999633789062,87.4000015258789,85.51611328125,0.0457855241761392,-1.1312324160078768,-0.97845458984375,-0.97845458984375
2013-02-04,87.01000213623047,87.94000244140625,85.38999938964844,86.12999725341797,84.27349853515625,-0.3968262171568988,-1.4530767342137874,-1.24261474609375,-1.24261474609375
2013-02-05,86.19999694824219,87.37000274658203,84.25,87.02999877929688,85.1540756225586,-0.5990564683816505,1.0449039172557797,0.8805770874023438,0.8805770874023438
2013-02-06,87.0,88.43000030517578,86.58999633789062,87.63999938964844,85.7509536743164,-0.4154715594684007,0.700938912663962,0.5968780517578125,0.5968780517578125
2013-02-07,86.73999786376953,87.41000366210938,85.47000122070312,85.83999633789062,83.98973846435547,-0.2912648945317802,-2.053872446305449,-1.7612152099609375,-1.7612152099609375
2013-02-08,86.4800033569336,87.25,81.72000122070312,83.7300033569336,81.92522430419922,3.757929752686085,-2.4580552313928306,-2.06451416015625,-2.06451416015625
2013-02-11,83.0,84.27999877929688,82.66000366210938,83.94999694824219,82.14046478271484,1.2195815355402295,0.2627279697354323,0.215240478515625,0.215240478515625
2013-02-12,83.77999877929688,84.45999908447266,82.55000305175781,82.9800033569336,81.1913833618164,0.052956809680563,-1.1554371203146063,-0.9490814208984376,-0.9490814208984375
2013-02-13,82.97000122070312,83.95999908447266,82.63999938964844,82.98999786376953,81.20117950439453,-0.0382619419357079,0.0120654953426058,0.009796142578125,0.009796142578125
2013-02-14,80.91000366210938,83.80999755859375,80.91000366210938,83.62000274658203,81.81758880615234,-0.1128433111817156,0.7591137290369643,0.6164093017578125,0.6164093017578125
2013-02-15,82.88999938964844,83.77999877929688,82.75,83.31999969482422,81.52406311035156,1.3779235194779078,-0.3587562284391166,-0.2935256958007812,-0.29352569580078125
2013-02-19,84.06999969482422,84.97000122070312,82.98999786376953,84.9000015258789,83.07000732421875,-0.4478857699483964,1.8963041768104596,1.5459442138671875,1.5459442138671875
2013-02-20,84.73999786376953,85.80000305175781,83.80000305175781,84.0199966430664,82.20896911621094,0.7261970928358711,-1.036521165391524,-0.8610382080078125,-0.8610382080078125
2013-02-21,83.58999633789062,84.45999908447266,82.97000122070312,84.22000122070312,82.40467834472656,0.1527811039021426,0.2380631099253571,0.195709228515625,0.195709228515625
2013-02-22,84.30000305175781,86.12000274658203,83.9000015258789,85.12000274658203,83.28527069091797,-0.4524753926712276,1.0686193598227425,0.8805923461914062,0.8805923461914062
2013-02-25,85.16999816894531,87.06999969482422,84.54000091552734,84.55999755859375,82.7373275756836,1.3142425041986243,-0.6579111896842571,-0.547943115234375,-0.547943115234375
2013-02-26,85.0199966430664,86.48999786376953,81.7699966430664,84.02999877929688,82.21876525878906,2.1136974122317915,-0.6267573924480185,-0.5185623168945312,-0.5185623168945312
2013-02-27,83.83000183105469,85.48999786376953,83.80000305175781,84.44000244140625,82.61991882324219,-0.1730821094188757,0.4879099840413126,0.401153564453125,0.401153564453125
2013-02-28,84.61000061035156,85.91000366210938,84.25,85.61000061035156,83.76470184326172,-0.0655128268525184,1.385601724529284,1.1447830200195312,1.1447830200195312
2013-03-01,85.0,86.94999694824219,84.7699966430664,85.58999633789062,83.74513244628906,0.4565567578695355,-0.0233623430180296,-0.0195693969726562,-0.01956939697265625
2013-03-04,86.0,87.05999755859375,85.2699966430664,86.93000030517578,85.0562515258789,-0.347200921466286,1.5656063120214725,1.3111190795898438,1.3111190795898438
2013-03-05,87.55999755859375,88.19000244140625,86.58999633789062,87.58999633789062,85.70201110839844,0.2250676617867347,0.7592147207698741,0.6457595825195312,0.6457595825195312
2013-03-06,88.0999984741211,91.91000366210938,86.70999908447266,90.87000274658205,88.91132354736328,0.4565567578695355,3.744734105370773,3.209312438964844,3.2093124389648438
2013-03-07,91.54000091552734,92.20999908447266,90.58000183105467,90.80999755859376,88.85261535644531,-0.4510411355703428,-0.0660300494646159,-0.0587081909179687,-0.05870819091796875
2013-03-08,91.20999908447266,93.08000183105467,90.58999633789062,92.66000366210938,90.66275024414062,-0.2691773351781548,2.03723309711672,1.8101348876953125,1.8101348876953125
2013-03-11,92.29000091552734,96.08000183105467,92.0999984741211,95.36000061035156,93.30452728271484,0.1275381789265707,2.91385054111013,2.6417770385742188,2.6417770385742188
2013-03-12,95.08000183105467,95.36000061035156,93.58000183105467,94.66000366210938,92.61963653564452,-0.789812662799324,-0.7340380654789591,-0.6848907470703267,-0.6848907470703267
2013-03-13,94.05999755859376,95.0199966430664,93.77999877929688,94.91000366210938,92.86424255371094,-0.8368562957083443,0.2640973633839305,0.2446060180664204,0.24460601806642046
2013-03-14,95.23999786376952,95.9000015258789,94.5999984741211,94.9499969482422,92.90338134765624,-1.1317395556502516,0.0421462479733847,0.0391387939452982,0.03913879394529829
2013-03-15,95.2300033569336,95.58999633789062,94.30999755859376,95.02999877929688,92.9816665649414,-0.5261962076567045,0.0842651969708452,0.0782852172851704,0.07828521728517046
2013-03-18,93.98999786376952,95.08000183105467,92.87999725341795,94.44000244140624,92.40438079833984,-0.91258507063506,-0.6208597758337264,-0.5772857666015625,-0.5772857666015625
2013-03-19,96.18000030517578,96.18000030517578,94.01000213623048,94.75,92.70767974853516,-0.5784031661289099,0.3282300553014039,0.3032989501953125,0.3032989501953125
2013-03-20,95.13999938964844,95.83999633789062,94.37999725341795,94.8000030517578,92.75660705566406,-0.644092141349432,0.052775894361301,0.0489273071289062,0.04892730712890625
2013-03-21,94.5500030517578,94.87999725341795,93.16999816894533,94.30999755859376,92.27717590332033,-1.0955962767079557,-0.5168700835036177,-0.4794311523437358,-0.4794311523437358
2013-03-22,94.36000061035156,94.5999984741211,93.1500015258789,93.83999633789062,91.81731414794922,-1.0887118426237088,-0.4983483194727522,-0.4598617553711079,-0.45986175537110796
2013-03-25,94.0,94.56999969482422,92.8499984741211,93.97000122070312,91.94450378417967,-0.6435184385090782,0.1385246752322766,0.1271896362304545,0.12718963623045454
2013-03-26,94.25,95.3499984741211,93.87999725341795,95.29000091552734,93.3781509399414,-1.0304810043277874,1.5592526978305488,1.433647155761733,1.433647155761733
2013-03-27,94.91000366210938,96.0,94.91000366210938,95.76000213623048,93.8387222290039,-0.9865927370407136,0.4932323936878147,0.4605712890625,0.4605712890625
2013-03-28,95.62000274658205,96.7300033569336,95.16999816894533,96.55999755859376,94.62266540527344,-0.8664019919865704,0.8354154422056226,0.7839431762695312,0.7839431762695312
2013-04-01,96.38999938964844,98.83000183105467,96.33999633789062,97.86000061035156,95.8965835571289,-0.4972242142188323,1.3463139580767614,1.2739181518554688,1.2739181518554688
2013-04-02,97.95999908447266,98.94000244140624,96.8499984741211,97.79000091552734,95.82799530029295,-1.0078197421338082,-0.0715231495135526,-0.0685882568359517,-0.06858825683595171
2013-04-03,97.62999725341795,98.63999938964844,96.0500030517578,96.19000244140624,94.26010131835938,-0.5256225048163506,-1.6361544212840085,-1.5678939819335795,-1.5678939819335795
2013-04-04,96.01000213623048,96.01000213623048,94.12000274658205,95.23999786376952,93.3291473388672,-0.6472475069713786,-0.9876437288645734,-0.9309539794921732,-0.9309539794921733
2013-04-05,94.95999908447266,94.95999908447266,93.62999725341795,93.8000030517578,91.91803741455078,-0.8027209767072869,-1.5119713021622738,-1.4111099243164205,-1.4111099243164205
2013-04-08,93.79000091552734,94.37000274658205,93.43000030517578,93.86000061035156,91.97684478759766,-0.596187954179881,0.0639780555601543,0.058807373046875,0.058807373046875
2013-04-09,93.9000015258789,94.16000366210938,93.08000183105467,93.8000030517578,91.91803741455078,-0.5855744516333338,-0.0639371498149077,-0.058807373046875,-0.058807373046875
2013-04-10,93.9000015258789,96.54000091552734,93.81999969482422,96.45999908447266,94.52467346191406,-0.1641897153933901,2.8358264826819024,2.606636047363281,2.6066360473632812
2013-04-11,96.37000274658205,97.80999755859376,95.7300033569336,97.69000244140624,95.73001098632812,-0.6555661981565102,1.2751565070465043,1.2053375244140625,1.2053375244140625
2013-04-12,96.80999755859376,97.83999633789062,95.27999877929688,96.12999725341795,94.2012939453125,-1.2200897930647532,-1.5969046960978115,-1.528717041015625,-1.528717041015625
2013-04-15,96.12000274658205,96.12000274658205,92.3000030517578,92.80999755859376,90.94789123535156,-0.5574630124559924,-3.453670935613329,-3.253402709960937,-3.2534027099609375
2013-04-16,94.2699966430664,95.16999816894533,93.08000183105467,95.0199966430664,93.11355590820312,-0.4714075864029065,2.3812148291017854,2.1656646728515625,2.1656646728515625
2013-04-17,93.51000213623048,95.12000274658205,92.5199966430664,92.6500015258789,90.79113006591795,-0.9429913211738168,-2.49418660863382,-2.3224258422851705,-2.3224258422851705
2013-04-18,93.02999877929688,93.33000183105467,90.29000091552734,90.45999908447266,88.6450424194336,-0.6954385455611066,-2.363763558098919,-2.146087646484361,-2.146087646484361
2013-04-19,91.01000213623048,92.52999877929688,90.04000091552734,91.9000015258789,90.05616760253906,-0.3563801669119485,1.5918827997493334,1.4111251831054688,1.4111251831054688
2013-04-22,91.62999725341795,94.19000244140624,90.63999938964844,93.63999938964844,91.7612533569336,-0.0761263293990656,1.8933581117063447,1.7050857543945312,1.7050857543945312
2013-04-23,93.87000274658205,95.1999969482422,93.3000030517578,93.95999908447266,92.07483673095705,-0.5798374232297947,0.3417383291438591,0.3135833740234517,0.3135833740234517
2013-04-24,94.0,96.73999786376952,93.48999786376952,96.55999755859376,94.62266540527344,0.0334509131085302,2.7671280935975595,2.547828674316392,2.547828674316392
2013-04-25,96.52999877929688,97.04000091552734,95.87000274658205,96.66000366210938,94.7206802368164,-0.6177018106931524,0.1035849403767663,0.0980148315429687,0.09801483154296875
2013-04-26,96.06999969482422,97.5199966430664,95.79000091552734,97.36000061035156,95.40660858154295,-0.9269276416439076,0.7241590147068377,0.6859283447265483,0.6859283447265483
2013-04-29,97.7699966430664,99.75,97.33999633789062,98.95999908447266,96.9745101928711,-0.4593598267554745,1.6433888958416132,1.5679016113281392,1.5679016113281392
2013-04-30,99.0500030517578,100.58999633789062,98.95999908447266,100.58999633789062,98.57180786132812,0.0214031534610982,1.6471314629794789,1.5972976684570312,1.5972976684570312
2013-05-01,100.01000213623048,100.3000030517578,97.37999725341795,97.95999908447266,95.9945831298828,0.5747395429824401,-2.614565754004428,-2.5772247314453267,-2.5772247314453267
2013-05-02,98.08000183105467,100.91000366210938,98.08000183105467,100.7300033569336,98.70899963378906,-0.4341169017799027,2.827676745294672,2.714416503906264,2.714416503906264
2013-05-03,100.31999969482422,104.79000091552734,98.62999725341795,104.0199966430664,101.93297576904295,1.5744167422991204,3.266142040963693,3.223976135253892,3.223976135253892
2013-05-06,104.1500015258789,106.98999786376952,103.20999908447266,103.9499969482422,101.86439514160156,1.8291408034162544,-0.0672801190429117,-0.068580627441392,-0.06858062744139204
2013-05-08,121.69000244140624,122.1500015258789,116.18000030517578,117.58999633789062,115.23072052001952,4.131984004596832,13.121685314910517,13.366325378417956,13.366325378417955
2013-05-09,117.8499984741211,123.08000183105467,116.69000244140624,118.3499984741211,115.97547912597656,0.7792646055686074,0.6463194906671133,0.7447586059570455,0.7447586059570455
2013-05-10,118.83999633789062,121.62999725341795,118.04000091552734,121.12000274658205,118.68991088867188,0.1479046297591344,2.340522137224199,2.7144317626953125,2.7144317626953125
2013-05-13,121.0500030517578,121.4000015258789,118.58999633789062,119.29000091552734,116.8966064453125,-0.3150735624064673,-1.5109156540200397,-1.793304443359375,-1.793304443359375
2013-05-14,120.0999984741211,123.81999969482422,119.9000015258789,119.98999786376952,117.58258056640624,0.4324612385746715,0.586821244819169,0.6859741210937358,0.6859741210937358
2013-05-15,119.95999908447266,120.9800033569336,117.83999633789062,119.29000091552734,116.8966064453125,-0.2181177823866572,-0.5833977429218984,-0.6859741210937358,-0.6859741210937358
2013-05-16,118.75,123.43000030517578,118.75,120.0,117.5923843383789,-0.280077689144879,0.5952079484804473,0.6957778930664062,0.6957778930664062
2013-05-17,120.4499969482422,126.22000122070312,119.94000244140624,125.22000122070312,122.70765686035156,0.64817350654774,4.350003234268263,5.115272521972656,5.115272521972656
2013-05-20,124.44000244140624,128.4600067138672,124.08000183105467,124.3000030517578,121.80609893798828,0.4754889516012144,-0.7347201840788964,-0.9015579223632812,-0.9015579223632812
2013-05-21,124.25,125.6999969482422,122.48999786376952,124.8499984741211,122.34506225585938,0.1048769167325915,0.4424764626486333,0.5389633178710938,0.5389633178710938
2013-05-22,124.79000091552734,125.83999633789062,117.87999725341795,120.58999633789062,118.17054748535156,0.1596655379863895,-3.4120827547397647,-4.1745147705078125,-4.1745147705078125
2013-05-23,118.37000274658205,120.91999816894533,114.66999816894533,119.91999816894533,117.51399230957033,-0.0999349972737527,-0.5555996733133672,-0.6565551757812358,-0.6565551757812358
2013-05-24,118.48999786376952,118.98999786376952,116.68000030517578,117.12000274658205,114.77015686035156,-0.3297029848354919,-2.3349010575613893,-2.743835449218764,-2.743835449218764
2013-05-28,118.58999633789062,120.23999786376952,117.98999786376952,118.3499984741211,115.97547912597656,0.5526519836288147,1.050205296043627,1.205322265625,1.205322265625
2013-05-29,117.8000030517578,118.79000091552734,117.0,118.02999877929688,115.66190338134766,-0.4286667247965405,-0.2703810727854749,-0.3135757446289062,-0.31357574462890625
2013-05-30,117.95999908447266,121.29000091552734,117.91999816894533,118.80999755859376,116.4262466430664,-0.9584812978633724,0.6608427143020901,0.76434326171875,0.76434326171875
2013-05-31,117.7699966430664,118.25,114.47000122070312,114.62000274658205,112.3203353881836,-0.2092253883611717,-3.5266199617947858,-4.1059112548828125,-4.1059112548828125
2013-06-03,114.75,116.44000244140624,113.0,114.88999938964844,112.58489227294922,-0.1412416017792339,0.235537833689059,0.264556884765625,0.264556884765625
2013-06-04,114.2300033569336,115.18000030517578,113.0500030517578,114.77999877929688,112.47710418701172,-0.0081425428171278,-0.0957393871960921,-0.1077880859375,-0.1077880859375
2013-06-05,114.16999816894533,115.4000015258789,113.63999938964844,113.91000366210938,111.62458038330078,-0.7000281682839379,-0.7579531940060225,-0.8525238037109375,-0.8525238037109375
2013-06-06,113.9499969482422,117.6999969482422,113.3499984741211,117.23999786376952,114.88774871826172,-0.5632000408595315,2.9233420844725577,3.263168334960937,3.2631683349609375
2013-06-07,115.3499984741211,117.5,115.33999633789062,116.87000274658205,114.52517700195312,-0.6111042280290825,-0.3155877979624466,-0.3625717163085937,-0.36257171630859375
2013-06-10,117.62000274658205,118.5,116.75,117.54000091552734,115.18175506591795,-1.2504960436035102,0.5733045616280741,0.6565780639648295,0.6565780639648295
2013-06-11,116.25,116.44000244140624,114.33000183105467,114.56999969482422,112.27133178710938,-0.8861947399787802,-2.526809282549092,-2.9104232788085795,-2.9104232788085795
2013-06-12,115.1500015258789,115.1500015258789,111.6500015258789,111.9000015258789,109.65489196777344,-0.3437587044241625,-2.330461194044864,-2.616439819335937,-2.6164398193359375
2013-06-13,111.41999816894533,113.4000015258789,109.5999984741211,112.98999786376952,110.7230224609375,-0.6317575302818231,0.9740837585960004,1.0681304931640625,1.0681304931640625
2013-06-14,113.2699966430664,114.33999633789062,111.33999633789062,111.93000030517578,109.6843032836914,-1.0606004034463674,-0.938123936792412,-1.0387191772460938,-1.0387191772460938
2013-06-17,113.08000183105467,114.45999908447266,112.19000244140624,114.0,111.7127456665039,-0.6093831195080208,1.849346097924398,2.0284423828125,2.0284423828125
2013-06-18,113.86000061035156,114.75,113.19000244140624,113.62000274658205,111.34039306640624,-1.198862787971659,-0.3333125489630828,-0.3723526000976704,-0.37235260009767046
2013-06-19,116.16999816894533,117.61000061035156,114.7699966430664,115.77999877929688,113.45703125,0.5053214992996176,1.9010514740426252,2.116638183593764,2.116638183593764
2013-06-20,114.54000091552734,114.76000213623048,110.06999969482422,110.77999877929688,108.55736541748048,0.2514579924430143,-4.318521098726103,-4.899665832519517,-4.899665832519517
2013-06-21,110.58000183105467,111.6500015258789,104.68000030517578,108.18000030517578,106.00951385498048,0.9499412005738944,-2.347009392408972,-2.5478515625,-2.5478515625
2013-06-24,106.43000030517578,107.0,102.44000244140624,105.72000122070312,103.598876953125,0.3977522167332603,-2.2739816589982698,-2.410636901855483,-2.410636901855483
2013-06-25,106.88999938964844,107.38999938964844,103.12999725341795,106.62000274658205,104.48084259033205,0.8983079449420428,0.8513274112093905,0.8819656372070455,0.8819656372070455
2013-06-26,106.62000274658205,108.87000274658205,106.08999633789062,108.62999725341795,106.5934600830078,-0.7063388995278308,2.0220142183953183,2.112617492675753,2.112617492675753
2013-06-27,109.9800033569336,110.66999816894533,105.62999725341795,109.16999816894533,107.12332916259766,-0.5827059374315642,0.4970934231586454,0.529869079589858,0.529869079589858
2013-06-28,108.9499969482422,109.0,106.9800033569336,107.76000213623048,105.73977661132812,-1.0322021128488492,-1.2915511141083913,-1.3835525512695312,-1.3835525512695312
2013-07-01,108.83999633789062,109.68000030517578,107.9000015258789,108.2699966430664,106.24019622802734,-1.1073571849352108,0.4732557914687296,0.5004196166992188,0.5004196166992188
2013-07-02,106.45999908447266,109.5,106.16999816894533,106.87000274658205,104.86649322509766,-0.8793103058945333,-1.293016251571355,-1.3737030029296875,-1.3737030029296875
2013-07-03,105.77999877929688,108.06999969482422,104.3000030517578,107.19000244140624,105.1804656982422,-0.8836130771971876,0.2994020906855299,0.3139724731445454,0.31397247314454546
2013-07-05,108.37999725341795,108.56999969482422,105.43000030517578,105.97000122070312,103.98334503173828,-0.9395491041316932,-1.1381587432198748,-1.1971206665039205,-1.1971206665039205
2013-07-08,106.4499969482422,108.11000061035156,105.97000122070312,106.55999755859376,104.5622787475586,-1.2232451586866997,0.5567561955653666,0.5789337158203125,0.5789337158203125
2013-07-09,107.47000122070312,110.81999969482422,105.8000030517578,110.41999816894533,108.34991455078124,-0.1217357052072011,3.622373047518424,3.787635803222642,3.787635803222642
2013-07-10,110.52999877929688,111.2300033569336,108.5,110.0500030517578,107.98685455322266,-0.5933194399781114,-0.3350810188119002,-0.3630599975585795,-0.36305999755857954
2013-07-11,111.8499984741211,112.66999816894533,110.16000366210938,110.91000366210938,108.83073425292967,-1.0884249912035318,0.781465210000265,0.843879699707017,0.843879699707017
2013-07-12,111.72000122070312,113.48999786376952,111.06999969482422,113.38999938964844,111.26421356201172,-0.9392622527115164,2.2360221363815214,2.433479309082045,2.4334793090820455
2013-07-15,109.16000366210938,110.88999938964844,107.75,108.52999877929688,106.49534606933594,0.3363660128153923,-4.286074866307232,-4.768867492675781,-4.768867492675781
2013-07-16,108.47000122070312,109.19000244140624,104.75,105.70999908447266,103.72820281982422,0.0951239684465751,-2.598370118174098,-2.7671432495117188,-2.7671432495117188
2013-07-17,106.0,109.5999984741211,105.41999816894533,109.5,107.44715881347656,-0.6960122484014605,3.5852891427340827,3.718955993652344,3.7189559936523438
2013-07-18,109.08999633789062,109.5500030517578,106.04000091552734,106.70999908447266,104.70946502685548,-0.7292870131419871,-2.54794432617208,-2.7376937866210795,-2.7376937866210795
2013-07-19,105.83999633789062,107.01000213623048,105.26000213623048,105.66999816894533,103.68894958496094,-0.1877115318479003,-0.9746162313338248,-1.0205154418945457,-1.0205154418945455
2013-07-22,105.72000122070312,106.45999908447266,105.12999725341795,106.16999816894533,104.1795883178711,-0.4206348850315859,0.4731832416800863,0.4906387329101562,0.49063873291015625
2013-07-23,106.4000015258789,107.93000030517578,105.91000366210938,106.98999786376952,104.98419952392578,-0.7651434406641061,0.772330951817235,0.8046112060546875,0.8046112060546875
2013-07-24,107.37000274658205,108.27999877929688,106.79000091552734,107.52999877929688,105.51409149169922,-0.559184120977054,0.5047349698110271,0.5298919677734375,0.5298919677734375
2013-07-25,107.5999984741211,113.91999816894533,106.93000030517578,113.0,110.88152313232422,0.0185346392593287,5.086933474707744,5.367431640625,5.367431640625
2013-07-26,112.9000015258789,113.87000274658205,111.4000015258789,112.2300033569336,110.12598419189452,-0.4160452623087546,-0.6813930031679405,-0.7555389404297017,-0.7555389404297017
2013-07-29,111.08999633789062,115.75,110.87000274658205,115.62000274658205,113.45243072509766,1.345509308997912,3.020582796705651,3.326446533203139,3.326446533203139
2013-07-30,115.41000366210938,119.31999969482422,114.0,119.0500030517578,116.81813049316406,1.0047298218276923,2.96661759166863,3.3656997680664062,3.3656997680664062
2013-07-31,118.58999633789062,119.44000244140624,116.47000122070312,117.43000030517578,115.22848510742188,0.0211163020409213,-1.3607865311927814,-1.5896453857421875,-1.5896453857421875
2013-08-01,118.61000061035156,121.56999969482422,117.58999633789062,121.47000122070312,119.1927719116211,1.4327121407317056,3.440370495631795,3.9642868041992183,3.9642868041992188
2013-08-05,128.27999877929688,130.6999969482422,128.02999877929688,129.8699951171875,127.4352798461914,0.0073474338724275,6.915274980501307,8.242507934570312,8.242507934570312
2013-08-06,129.5800018310547,129.58999633789062,125.0199966430664,126.6999969482422,124.32469940185548,-0.6217177305756297,-2.4409099647211163,-3.1105804443359237,-3.1105804443359233
2013-08-07,125.5199966430664,126.52999877929688,123.12999725341795,123.69000244140624,121.37114715576172,-0.3572407211724793,-2.375676161135909,-2.953552246093764,-2.953552246093764
2013-08-08,124.16000366210938,126.08000183105467,123.11000061035156,124.2300033569336,121.90101623535156,-0.2938465573133728,0.4365692275362987,0.5298690795898438,0.5298690795898438
2013-08-09,124.02999877929688,124.91000366210938,122.98999786376952,123.6500015258789,121.33187866210938,-0.7946891369423322,-0.4668850111498424,-0.5691375732421875,-0.5691375732421875
2013-08-12,122.81999969482422,126.4800033569336,122.66000366210938,125.7300033569336,123.37287139892578,-0.6762195004092508,1.6821570384649265,2.0409927368164062,2.0409927368164062
2013-08-13,125.8000030517578,130.74000549316406,124.2699966430664,129.27000427246094,126.84652709960938,-0.0092899484978356,2.8155749811897834,3.4736557006835938,3.4736557006835938
2013-08-14,129.9499969482422,129.97999572753906,125.31999969482422,126.51000213623048,124.13825225830078,-0.7301475674025178,-2.1350800082858057,-2.7082748413085938,-2.7082748413085938
2013-08-15,124.87000274658205,126.61000061035156,122.8000030517578,123.0,120.69406127929688,-0.9252065331228456,-2.7744799981857304,-3.4441909790039062,-3.4441909790039062
2013-08-16,123.0,123.70999908447266,121.22000122070312,121.91000366210938,119.62450408935548,-0.6894146657373906,-0.8861721766627251,-1.069557189941392,-1.069557189941392
2013-08-19,122.02999877929688,123.86000061035156,120.66999816894533,120.97000122070312,118.70211791992188,-1.1156758761203425,-0.7710679149353972,-0.922386169433608,-0.922386169433608
2013-08-20,121.0999984741211,121.97000122070312,119.70999908447266,120.01000213623048,117.76012420654295,-1.0769509343964538,-0.7935778483871725,-0.9419937133789203,-0.9419937133789205
2013-08-21,119.9000015258789,124.70999908447266,119.18000030517578,121.48999786376952,119.2123794555664,0.3845570514051204,1.233231757191677,1.4522552490234517,1.4522552490234517
2013-08-22,122.0,123.06999969482422,120.01000213623048,123.01000213623048,120.7038803100586,-1.3113085446810242,1.2511291707318906,1.4915008544921875,1.4915008544921875
2013-08-23,123.0199966430664,124.5500030517578,120.30999755859376,123.29000091552734,120.9786376953125,-1.0861301798421164,0.2276292895871501,0.2747573852539062,0.27475738525390625
2013-08-26,123.20999908447266,125.3000030517578,122.58999633789062,124.16999816894533,121.84212493896484,-1.003230119410977,0.7137518326392867,0.8634872436523438,0.8634872436523438
2013-08-27,122.0,123.06999969482422,119.66000366210938,119.87999725341795,117.632568359375,-0.7857967429168468,-3.454927088392923,-4.209556579589844,-4.209556579589844
2013-08-28,119.66999816894533,121.8499984741211,119.66999816894533,120.94000244140624,118.67268371582033,-1.2117711018796216,0.8842069598172131,1.0401153564453267,1.0401153564453267
2013-08-29,120.3499984741211,122.83000183105467,120.3499984741211,121.18000030517578,118.90819549560548,-1.2464801237210328,0.1984549202149299,0.2355117797851562,0.23551177978515625
2013-08-30,121.56999969482422,122.12000274658205,117.23999786376952,118.69000244140624,116.46488189697266,-0.6756457975688969,-2.054789906153376,-2.4433135986328267,-2.4433135986328267
2013-09-03,120.6999969482422,123.0,119.56999969482422,121.29000091552734,119.01612854003906,0.1656894178101055,2.190571613959391,2.5512466430664062,2.5512466430664062
2013-09-04,121.30999755859376,122.1500015258789,119.5,121.04000091552734,118.77081298828124,-0.2978624771958501,-0.2061195862838816,-0.2453155517578267,-0.2453155517578267
2013-09-05,121.04000091552734,124.38999938964844,121.04000091552734,123.05999755859376,120.75294494628906,-0.2949939629940806,1.6688712556033325,1.9821319580078267,1.9821319580078267
2013-09-06,123.3499984741211,124.12000274658205,118.62000274658205,119.9800033569336,117.7306671142578,-0.1796796920829456,-2.5028605582874786,-3.022277832031264,-3.022277832031264
2013-09-09,120.23999786376952,129.44000244140625,119.4800033569336,128.5,126.09097290039062,0.5928111824535881,7.101213295614084,8.360305786132827,8.360305786132827
2013-09-10,129.44000244140625,132.85000610351562,127.81999969482422,131.5399932861328,129.07394409179688,0.5345803441576668,2.365729379979276,2.98297119140625,2.98297119140625
2013-09-11,130.4600067138672,131.5800018310547,128.42999267578125,128.97000122070312,126.55213165283205,-0.6710561748460656,-1.9537734410372765,-2.521812438964829,-2.5218124389648295
2013-09-12,128.5,130.27999877929688,125.51000213623048,126.5199966430664,124.14808654785156,-0.0701024495753496,-1.899648053005898,-2.404045104980483,-2.404045104980483
2013-09-13,126.37000274658205,126.98999786376952,123.80999755859376,125.37000274658205,123.01962280273438,-0.6888409628970367,-0.9089658781669896,-1.1284637451171875,-1.1284637451171875
2013-09-16,127.52999877929688,127.91000366210938,124.47000122070312,124.72000122070312,122.38182067871094,-0.9412702126527552,-0.5184556004095175,-0.6378021240234375,-0.6378021240234375
2013-09-17,124.1999969482422,127.86000061035156,124.1999969482422,127.33000183105467,124.94290161132812,-0.7272790532007484,2.0926971983370013,2.5610809326171875,2.5610809326171875
2013-09-18,126.9800033569336,129.3300018310547,124.02999877929688,128.8699951171875,126.4540023803711,-0.5514391326322764,1.2094330686697852,1.5111007690429688,1.5111007690429688
2013-09-19,128.89999389648438,130.49000549316406,128.0,128.7100067138672,126.29701232910156,-0.6601558208793414,-0.1241479497005593,-0.1569900512695312,-0.15699005126953125
2013-09-20,129.00999450683594,129.97999572753906,128.2100067138672,129.0,126.58159637451172,-0.9538916751405412,0.2253291983412841,0.2845840454101562,0.28458404541015625
2013-09-23,128.9499969482422,129.5,127.81999969482422,128.75999450683594,126.34607696533205,-0.4120293424262773,-0.1860613358697471,-0.2355194091796733,-0.2355194091796733
2013-09-24,128.80999755859375,131.74000549316406,127.66000366210938,130.69000244140625,128.23988342285156,-0.565781703641124,1.498904044356797,1.893806457519517,1.893806457519517
2013-09-25,130.5500030517578,131.6999969482422,128.39999389648438,129.08999633789062,126.66988372802734,-0.583853343112272,-1.2242678743299984,-1.5699996948242188,-1.5699996948242188
2013-09-26,129.25,131.64999389648438,128.02999877929688,131.25,128.93222045898438,-1.1925520567277657,1.7860099530954798,2.2623367309570312,2.2623367309570312
2013-09-27,130.0,136.72999572753906,129.11000061035156,135.4499969482422,133.0580596923828,0.0446381184954314,3.2000063434189707,4.1258392333984375,4.1258392333984375
2013-09-30,134.10000610351562,137.60000610351562,132.00999450683594,134.91000366210938,132.527587890625,-0.225289067891081,-0.3986769407161139,-0.5304718017578125,-0.5304718017578125
2013-10-01,135.49000549316406,138.44000244140625,135.02000427246094,138.32000732421875,135.8773956298828,-0.9733975717125738,2.52763050514615,3.3498077392578125,3.3498077392578125
2013-10-02,137.16000366210938,138.8699951171875,136.25999450683594,137.69000244140625,135.25851440429688,-0.8965213911051505,-0.4554703324397779,-0.6188812255859375,-0.6188812255859375
2013-10-03,137.27000427246094,137.86000061035156,134.8000030517578,137.0800018310547,134.65927124023438,-0.8121870735731264,-0.4430354471226305,-0.5992431640625,-0.5992431640625
2013-10-04,136.33999633789062,141.27000427246094,136.3300018310547,139.75,137.28213500976562,-0.6154069993317368,1.947778081207652,2.62286376953125,2.62286376953125
2013-10-07,137.5800018310547,139.44000244140625,136.42999267578125,136.97999572753906,134.56105041503906,-0.9937640225451376,-1.9821112153689868,-2.7210845947265625,-2.7210845947265625
2013-10-08,136.2899932861328,137.89999389648438,128.74000549316406,128.9199981689453,126.64336395263672,0.2927645969484955,-5.884084910143828,-7.917686462402344,-7.917686462402344
2013-10-09,128.64999389648438,129.92999267578125,124.45999908447266,127.0199966430664,124.77691650390624,0.2434261526780596,-1.4737822736835329,-1.866447448730483,-1.866447448730483
2013-10-10,130.75,133.6300048828125,128.16000366210938,131.92999267578125,129.6002197265625,-0.3948182572156601,3.8655412858397353,4.823303222656264,4.823303222656264
2013-10-11,132.02000427246094,132.80999755859375,129.57000732421875,132.0,129.66897583007812,-0.8402985127504677,0.0530524590627079,0.068756103515625,0.068756103515625
2013-10-14,130.0,131.86000061035156,129.25999450683594,131.24000549316406,128.92237854003906,-1.094162019607071,-0.5757717181459232,-0.7465972900390625,-0.7465972900390625
2013-10-15,131.47000122070312,133.27000427246094,130.2100067138672,132.7100067138672,130.36643981933594,-0.8368562957083443,1.120101332018475,1.444061279296875,1.444061279296875
2013-10-16,133.97999572753906,135.88999938964844,133.02999877929688,135.17999267578125,132.7928009033203,-1.148950640860869,1.861185353643835,2.426361083984375,2.426361083984375
2013-10-17,135.0,138.00999450683594,134.52999877929688,137.3300018310547,134.9048309326172,-0.9249196817026688,1.590470277703182,2.112030029296875,2.112030029296875
2013-10-18,138.86000061035156,144.0500030517578,137.0,141.77000427246094,139.26644897460938,-0.5253356533961736,3.2331073778749664,4.361618041992188,4.3616180419921875
2013-10-21,141.8800048828125,143.83999633789062,139.7899932861328,142.85000610351562,140.32740783691406,-1.0350706270506187,0.7618194260831102,1.0609588623046875,1.0609588623046875
2013-10-22,143.50999450683594,145.99000549316406,140.47000122070312,141.5500030517578,139.0503387451172,-0.3466272186259321,-0.9100639080293238,-1.277069091796875,-1.277069091796875
2013-10-23,140.77999877929688,141.2100067138672,138.00999450683594,138.47000122070312,136.02474975585938,-1.1110862533975112,-2.175894727451033,-3.0255889892578125,-3.0255889892578125
2013-10-24,139.5,140.47999572753906,138.80999755859375,139.57000732421875,137.10528564453125,-1.196281125190066,0.7943671211388059,1.080535888671875,1.080535888671875
2013-10-25,140.94000244140625,142.25,138.0,140.30999755859375,137.8322296142578,-1.0261782330251332,0.5302085665838563,0.7269439697265625,0.7269439697265625
2013-10-28,140.9499969482422,140.9499969482422,135.69000244140625,137.00999450683594,134.5904998779297,-0.7089205623094234,-2.351938835641376,-3.241729736328125,-3.241729736328125
2013-10-29,137.3800048828125,138.0,135.02000427246094,136.8800048828125,134.4628143310547,0.0799208431771966,-0.094869657955654,-0.127685546875,-0.127685546875
2013-10-30,136.38999938964844,137.72999572753906,130.64999389648438,133.67999267578125,131.31932067871094,0.3111230878398205,-2.337816345717936,-3.14349365234375,-3.14349365234375
2013-10-31,133.55999755859375,135.75,132.13999938964844,134.63999938964844,132.2623748779297,-0.8009998681862253,0.7181381950079224,0.94305419921875,0.94305419921875
2013-11-01,135.72999572753906,137.07000732421875,133.63999938964844,134.97000122070312,132.58651733398438,-0.8965213911051505,0.2450753332940314,0.3241424560546875,0.3241424560546875
2013-11-04,135.02999877929688,136.92999267578125,134.0800018310547,135.8000030517578,133.40187072753906,-0.43813282166238,0.6149595071577529,0.8153533935546875,0.8153533935546875
2013-11-05,135.60000610351562,136.0,132.6300048828125,133.8000030517578,131.4371795654297,-0.0219114109856216,-1.472761327404526,-1.964691162109375,-1.964691162109375
2013-11-07,119.88999938964844,120.48999786376952,116.77999877929688,117.04000091552734,114.9731674194336,2.431528785787855,-12.526145342155848,-16.464012145996094,-16.464012145996094
2013-11-08,117.23999786376952,118.62000274658205,113.70999908447266,114.33000183105467,112.31103515625,1.5445841946007173,-2.315437873840487,-2.6621322631835938,-2.6621322631835938
2013-11-11,113.91000366210938,115.4000015258789,112.91000366210938,114.04000091552734,112.02615356445312,0.2637926035106233,-0.2536541412876625,-0.284881591796875,-0.284881591796875
2013-11-12,113.75,113.88999938964844,108.3499984741211,109.98999786376952,108.0476531982422,1.8024636213397975,-3.551403167584377,-3.9785003662109233,-3.9785003662109233
2013-11-13,108.4800033569336,112.1500015258789,108.23999786376952,111.5199966430664,109.55062866210938,-0.0870266833657898,1.391030179165087,1.5029754638671733,1.5029754638671733
2013-11-14,110.77999877929688,113.19000244140624,109.58999633789062,113.04000091552734,111.04381561279295,-0.231599799134974,1.3630108461440749,1.4931869506835795,1.4931869506835795
2013-11-15,113.0,114.83000183105467,111.5199966430664,114.16999816894533,112.15383911132812,0.0139450165364974,0.9996265820023664,1.1100234985351705,1.1100234985351705
2013-11-18,108.97000122070312,114.0999984741211,108.97000122070312,111.02999877929688,109.06928253173828,3.253071253174648,-2.750290675763667,-3.084556579589844,-3.0845565795898438
2013-11-19,110.5999984741211,111.22000122070312,107.6500015258789,108.61000061035156,106.69203186035156,0.2247808103665577,-2.1795785359594366,-2.3772506713867188,-2.3772506713867188
2013-11-20,108.62999725341795,110.4800033569336,106.5999984741211,108.31999969482422,106.40715026855467,0.3283341730504377,-0.2670129969684742,-0.2848815917968892,-0.2848815917968892
2013-11-21,109.3000030517578,113.58000183105467,109.11000061035156,113.19000244140624,111.19115447998048,0.7181652530709165,4.495942424312416,4.78400421142581,4.78400421142581
2013-11-22,113.2699966430664,114.80999755859376,112.0199966430664,112.37999725341795,110.3954620361328,-0.3294161334153149,-0.7156076826155711,-0.7956924438476847,-0.7956924438476847
2013-11-25,112.48999786376952,114.54000091552734,109.01000213623048,109.91000366210938,107.96907043457033,0.0463592270164931,-2.197908824158279,-2.426391601562472,-2.4263916015624716
2013-11-26,109.98999786376952,112.62999725341795,109.06999969482422,111.94000244140624,109.9632339477539,-0.5973353598605888,1.846976643549092,1.9941635131835795,1.9941635131835795
2013-11-27,111.83999633789062,112.94000244140624,111.1999969482422,111.62999725341795,109.65869140625,-1.166448577491663,-0.276949422612105,-0.3045425415039062,-0.30454254150390625
2013-11-29,112.51000213623048,112.56999969482422,110.13999938964844,110.70999908447266,108.75494384765624,-1.0278993415461948,-0.8241458538344903,-0.9037475585937642,-0.9037475585937642
2013-12-02,110.70999908447266,112.0199966430664,107.01000213623048,107.1500015258789,105.25782775878906,-0.1791059892425917,-3.215592749296925,-3.4971160888671733,-3.4971160888671733
2013-12-03,106.70999908447266,106.88999938964844,103.75,104.47000122070312,102.6251449584961,0.8369217410241749,-2.5011753105204426,-2.6326828002929688,-2.6326828002929688
2013-12-04,103.98999786376952,106.86000061035156,103.95999908447266,106.0500030517578,104.17723083496094,0.3248919560083143,1.5123836142619362,1.5520858764648438,1.5520858764648438
2013-12-05,106.38999938964844,106.38999938964844,104.33000183105467,105.27999877929688,103.42082977294922,0.6358388954801311,-0.726071384264404,-0.7564010620117188,-0.7564010620117188
2013-12-06,106.54000091552734,106.88999938964844,104.5,106.08000183105467,104.20670318603516,-0.5841401945324489,0.7598792378781472,0.7858734130859375,0.7858734130859375
2013-12-09,105.79000091552734,108.5999984741211,105.37999725341795,106.20999908447266,104.33440399169922,-0.4071528682832691,0.1225456729363028,0.1277008056640625,0.1277008056640625
2013-12-10,105.61000061035156,108.6999969482422,105.51000213623048,108.06999969482422,106.1615753173828,-0.6853987458549132,1.7512644494801055,1.8271713256835795,1.8271713256835795
2013-12-11,108.0500030517578,109.26000213623048,106.0,106.26000213623048,104.383544921875,0.1335620587502868,-1.6748342233921854,-1.7780303955077983,-1.7780303955077983
2013-12-12,106.8499984741211,107.0,104.3499984741211,104.79000091552734,102.9394760131836,0.2379759756946975,-1.383425816561612,-1.4440689086914062,-1.4440689086914062
2013-12-13,105.27999877929688,105.86000061035156,101.16000366210938,101.51000213623048,99.7174072265625,0.3355054585548615,-3.1300613830678947,-3.2220687866210938,-3.2220687866210938
2013-12-16,101.30999755859376,102.9800033569336,100.12999725341795,102.76000213623048,100.9453353881836,0.1553627666837352,1.231408031730297,1.2279281616210938,1.2279281616210938
2013-12-17,99.61000061035156,105.2699966430664,99.06999969482422,104.30999755859376,102.46795654296876,0.8346269296627593,1.5083620743147286,1.5226211547851705,1.5226211547851705
2013-12-18,103.36000061035156,104.51000213623048,99.5,102.91999816894533,101.10250854492188,0.7436950294666652,-1.332560972340957,-1.3654479980468892,-1.3654479980468892
2013-12-19,102.22000122070312,102.9000015258789,101.38999938964844,102.05999755859376,100.2576904296875,0.0463592270164931,-0.8356054932692425,-0.844818115234375,-0.844818115234375
2013-12-20,102.08999633789062,103.56999969482422,101.66000366210938,102.05999755859376,100.2576904296875,-0.1633291611328593,0.0,0.0,0.0
2013-12-23,103.5,107.30999755859376,102.87000274658205,106.4499969482422,104.57017517089844,0.6344046383792462,4.301400443924419,4.3124847412109375,4.3124847412109375
2013-12-24,105.5199966430664,107.66999816894533,105.08000183105467,107.01000213623048,105.12026977539062,-0.7872310000177315,0.5260530582388068,0.5500946044921875,0.5500946044921875
2013-12-26,106.48999786376952,108.44000244140624,106.48999786376952,107.5199966430664,105.62128448486328,-0.4278061705360097,0.476610943391953,0.5010147094726562,0.5010147094726562
2013-12-27,107.80999755859376,108.08000183105467,105.94000244140624,106.01000213623048,104.27664947509766,-0.6793748660311972,-1.2730720103657944,-1.344635009765625,-1.344635009765625
2013-12-30,105.91000366210938,107.80999755859376,105.2300033569336,106.87999725341795,105.13238525390624,-0.2674562266570931,0.8206398873727982,0.8557357788085795,0.8557357788085795
2013-12-31,107.0199966430664,108.4800033569336,106.41999816894533,107.79000091552734,106.02753448486328,-0.7378925557472956,0.8514495593295646,0.8951492309570455,0.8951492309570455
2014-01-02,106.72000122070312,107.37000274658205,103.06999969482422,103.41000366210938,101.71914672851562,0.4625806376932516,-4.063461229462739,-4.308387756347656,-4.308387756347656
2014-01-03,104.04000091552734,104.93000030517578,102.95999908447266,103.93000030517578,102.23063659667967,-0.8316929701451592,0.5028452209977718,0.5114898681640483,0.5114898681640483
2014-01-06,105.18000030517578,105.18000030517578,101.02999877929688,101.48999786376952,99.8305206298828,0.0701678948911802,-2.3477462790981285,-2.400115966796875,-2.400115966796875
2014-01-07,100.5,101.26000213623048,97.0999984741211,99.11000061035156,97.48944091796876,1.2405216892131474,-2.3450540948228515,-2.341079711914034,-2.341079711914034
2014-01-08,99.08999633789062,100.87999725341795,98.9800033569336,99.47000122070312,97.8435516357422,-0.2186914852270111,0.3632298169310433,0.3541107177734375,0.3541107177734375
2014-01-09,100.5500030517578,101.12999725341795,97.73999786376952,98.5199966430664,96.90909576416016,-0.0996481458535757,-0.9550510544229728,-0.9344558715820456,-0.9344558715820455
2014-01-10,97.66999816894533,99.4000015258789,97.27999877929688,99.12999725341795,97.5091323852539,0.0678730835297646,0.619174718701343,0.60003662109375,0.60003662109375
2014-01-13,98.61000061035156,99.36000061035156,93.88999938964844,94.56999969482422,93.023681640625,0.0440644156550775,-4.60003143798583,-4.485450744628906,-4.485450744628906
2014-01-14,94.86000061035156,98.1500015258789,94.33999633789062,97.5,95.90576934814452,0.2279361759885042,3.098230103011601,2.882087707519517,2.882087707519517
2014-01-15,97.12999725341795,98.27999877929688,95.73999786376952,97.76000213623048,96.16152954101562,-0.3658462637777879,0.266678631128725,0.2557601928711079,0.25576019287110796
2014-01-16,98.43000030517578,109.22000122070312,97.05999755859376,107.47000122070312,105.71276092529295,3.1294382910783813,9.9324869621624,9.55123138427733,9.55123138427733
2014-01-17,107.5,108.83000183105467,104.2300033569336,104.9800033569336,103.2634735107422,0.4772100601222762,-2.316926918862383,-2.449287414550753,-2.449287414550753
2014-01-21,105.98999786376952,107.4800033569336,103.37999725341795,105.05999755859376,103.34215545654295,-0.2889700831703646,0.0761953313458629,0.0786819458007528,0.07868194580075283
2014-01-22,105.05999755859376,108.0,103.31999969482422,106.3499984741211,104.61107635498048,0.0690204892104724,1.2278831352333652,1.2689208984375284,1.2689208984375284
2014-01-23,105.83000183105467,105.8499984741211,97.5,100.52999877929688,98.88623809814452,4.008064191080388,-5.472497230990792,-5.724838256835966,-5.724838256835966
2014-01-24,97.5,98.0,94.56999969482422,95.0500030517578,93.49584197998048,2.765710690294005,-5.451108487729172,-5.390396118164034,-5.390396118164034
2014-01-27,91.56999969482422,98.72000122070312,91.0,95.2699966430664,93.71224212646484,3.629707167866987,0.2314542998935742,0.2164001464843608,0.2164001464843608
2014-01-28,95.16000366210938,99.3000030517578,94.81999969482422,97.87000274658205,96.2697296142578,1.346943566098797,2.7290857947263936,2.5574874877929545,2.5574874877929545
2014-01-29,95.41999816894533,98.6500015258789,94.08000183105467,94.5199966430664,92.9744873046875,2.161314747981166,-3.422926731771214,-3.2952423095702983,-3.2952423095702983
2014-01-30,95.31999969482422,97.63999938964844,94.66000366210938,96.9000015258789,95.31558227539062,1.5620821312315114,2.517997182421783,2.341094970703125,2.341094970703125
2014-01-31,95.2300033569336,99.9800033569336,94.7699966430664,96.48999786376952,94.91229248046876,1.1415579492520986,-0.4231100364646134,-0.4032897949218608,-0.4032897949218608
2014-02-03,95.87000274658205,96.4800033569336,91.70999908447266,92.08999633789062,90.584228515625,0.3535770980260095,-4.560066827734033,-4.328063964843764,-4.328063964843764
2014-02-04,92.87999725341795,93.6500015258789,91.11000061035156,91.5,90.0038833618164,0.338660824176808,-0.6406690914285251,-0.5803451538085938,-0.5803451538085938
2014-02-05,91.4499969482422,94.43000030517578,91.11000061035156,93.33000183105467,91.80396270751952,1.802176769919621,2.000001864882628,1.8000793457031108,1.8000793457031108
2014-02-06,93.8499984741211,95.4800033569336,93.33999633789062,93.98999786376952,92.45315551757812,-0.0640785697516336,0.7071511848860901,0.649192810058608,0.649192810058608
2014-02-07,94.75,96.58999633789062,94.0500030517578,95.2699966430664,93.71224212646484,0.8977342421016888,1.3618643969889543,1.2590866088867188,1.2590866088867188
2014-02-10,95.41999816894533,96.0,94.38999938964844,94.93000030517578,93.37779998779295,-0.6194229192142141,-0.3568820157141883,-0.3344421386718892,-0.3344421386718892
2014-02-11,94.87000274658205,96.16999816894533,94.5999984741211,95.33000183105467,93.77125549316406,-0.2772091749431095,0.4213587227612336,0.3934555053711079,0.39345550537110796
2014-02-12,95.70999908447266,96.70999908447266,92.5,93.08999633789062,91.56788635253906,-0.4547702040326433,-2.3497276740478634,-2.203369140625,-2.203369140625
2014-02-13,92.13999938964844,96.5,92.01000213623048,95.97000122070312,94.40078735351562,-0.2898306374308954,3.0937713141808265,2.8329010009765625,2.8329010009765625
2014-02-14,95.25,97.58999633789062,94.2300033569336,95.30999755859376,93.7515869140625,-0.1306280992326866,-0.6877065940371629,-0.649200439453125,-0.649200439453125
2014-02-18,95.1500015258789,96.72000122070312,93.29000091552734,93.5500030517578,92.02035522460938,0.4321743871544946,-1.8466158775958248,-1.731231689453125,-1.731231689453125
2014-02-19,93.95999908447266,94.54000091552734,91.86000061035156,92.66999816894533,91.15475463867188,0.4829470885258152,-0.9406620783246056,-0.8656005859375,-0.8656005859375
2014-02-20,92.58999633789062,94.01000213623048,91.61000061035156,92.9499969482422,91.43016815185548,0.7178784016507395,0.3021383956057111,0.2754135131836079,0.27541351318360796
2014-02-21,93.26000213623048,93.26000213623048,90.56999969482422,91.0,89.51203918457031,-0.3314240933565536,-2.097916919609477,-1.9181289672851705,-1.9181289672851705
2014-02-24,91.0,92.69000244140624,90.5,91.06999969482422,89.58091735839844,0.3736566974383962,0.0769485026322458,0.068878173828125,0.068878173828125
2014-02-25,90.95999908447266,91.23999786376952,87.87999725341797,89.47000122070312,88.00706481933594,2.755957742007989,-1.7569060302941253,-1.5738525390625,-1.5738525390625
2014-02-26,90.0,96.9000015258789,89.12999725341797,93.9800033569336,92.44332885742188,2.2794975330940703,5.0408044481347725,4.4362640380859375,4.4362640380859375
2014-02-27,93.69000244140624,95.41000366210938,93.0199966430664,94.2300033569336,92.68922424316406,2.992610163653975,0.2659958147130714,0.2458953857421875,0.2458953857421875
2014-03-03,102.38999938964844,103.91000366210938,100.1500015258789,102.19000244140624,100.5190887451172,1.013048513012824,8.447437731717343,7.829864501953139,7.829864501953139
2014-03-04,103.30999755859376,106.25,102.9000015258789,105.7300033569336,104.00121307373048,0.4820865342652843,3.464142355530875,3.482124328613281,3.4821243286132812
2014-03-05,105.98999786376952,106.87999725341795,102.72000122070312,105.83999633789062,104.10939025878906,0.0885263857825052,0.1040153108424757,0.1081771850585795,0.10817718505857954
2014-03-06,105.9800033569336,107.29000091552734,102.87000274658205,103.22000122070312,101.53224182128906,-0.091903157508798,-2.475423620380324,-2.5771484375,-2.5771484375
2014-03-07,104.01000213623048,104.87000274658205,99.2300033569336,101.18000030517578,99.5255889892578,0.3409556355382236,-1.9763700633767645,-2.006652832031264,-2.006652832031264
2014-03-10,100.6500015258789,101.3499984741211,99.76000213623048,100.06999969482422,98.43374633789062,0.0423433071340158,-1.0970471639057733,-1.0918426513671733,-1.0918426513671733
2014-03-11,100.33999633789062,101.1500015258789,99.76000213623048,100.51000213623048,98.86656188964844,0.3289078758907915,0.4397024068067967,0.4328155517578125,0.4328155517578125
2014-03-12,100.20999908447266,100.4000015258789,98.04000091552734,99.6500015258789,98.02061462402344,0.0546779182016247,-0.855645477557132,-0.845947265625,-0.845947265625
2014-03-13,100.83000183105467,101.38999938964844,95.80999755859376,96.41999816894533,94.84345245361328,-0.4292404276368944,-3.2413203922427525,-3.177162170410156,-3.1771621704101562
2014-03-14,97.05999755859376,97.83000183105467,94.52999877929688,97.0,95.41395568847656,0.1717132976338215,0.6015209485781936,0.5705032348632812,0.5705032348632812
2014-03-17,97.7300033569336,98.77999877929688,97.5199966430664,98.5,96.88941192626952,-0.1900063432093159,1.5463736170946207,1.4754562377929543,1.4754562377929545
2014-03-18,98.3499984741211,99.44000244140624,96.91000366210938,98.81999969482422,97.20418548583984,-0.571231880624486,0.3248792136439693,0.3147735595703267,0.3147735595703267
2014-03-19,99.26000213623048,100.69000244140624,95.66000366210938,96.4000015258789,94.82376098632812,-1.0654768775893757,-2.448890948073923,-2.3804244995117188,-2.3804244995117188
2014-03-20,96.4000015258789,96.81999969482422,94.4499969482422,95.13999938964844,93.58435821533205,-0.5451284013883834,-1.3070592835637274,-1.2394027709960795,-1.2394027709960795
2014-03-21,96.25,96.31999969482422,94.77999877929688,95.5500030517578,93.98765563964844,-0.286101568968595,0.4309453331810209,0.403297424316392,0.40329742431639204
2014-03-24,96.5,96.5,91.25,93.37999725341795,91.85314178466795,0.7021015735410071,-2.2710576622575585,-2.134513854980483,-2.134513854980483
2014-03-25,95.68000030517578,96.0,91.37000274658205,93.01000213623048,91.48918914794922,0.7379580010631261,-0.3962331931682383,-0.3639526367187358,-0.3639526367187358
2014-03-26,94.31999969482422,97.12999725341795,93.9000015258789,96.12000274658205,94.54835510253906,1.0058772275084,3.3437458382572283,3.059165954589844,3.0591659545898438
2014-03-27,96.04000091552734,98.0,93.0199966430664,94.70999908447266,93.32257080078124,0.2563344665860225,-1.2964628527153632,-1.2257843017578267,-1.2257843017578267
2014-03-28,95.43000030517578,97.87999725341795,95.08999633789062,96.27999877929688,94.86956024169922,-0.2287312849332045,1.6576798384823732,1.546989440917983,1.546989440917983
2014-03-31,94.80999755859376,96.5999984741211,93.7699966430664,95.11000061035156,93.7166976928711,-0.4045712055016765,-1.215208066624296,-1.152862548828125,-1.152862548828125
2014-04-01,95.43000030517578,99.0,95.25,95.97000122070312,94.56409454345705,0.5778949086043865,0.9042111720187318,0.8473968505859517,0.8473968505859517
2014-04-02,95.7699966430664,97.68000030517578,94.20999908447266,95.4800033569336,94.08129119873048,-0.3236791050117759,-0.5105567256340482,-0.4828033447265625,-0.4828033447265625
2014-04-03,95.3499984741211,95.79000091552734,92.81999969482422,92.95999908447266,91.59819793701172,-0.0815765063824277,-2.6393061044131083,-2.483093261718764,-2.483093261718764
2014-04-04,93.77999877929688,94.43000030517578,87.83000183105469,89.1500015258789,87.84400177001953,0.817702695872319,-4.098548062674546,-3.754196166992188,-3.7541961669921875
2014-04-07,89.45999908447266,89.5,83.52999877929688,84.20999908447266,82.97637939453125,3.497468663165412,-5.541212009252483,-4.867622375488281,-4.867622375488281
2014-04-08,84.63999938964844,86.95999908447266,84.22000122070312,85.44999694824219,84.19819641113281,0.0672993806894107,1.472487743520534,1.2218170166015625,1.2218170166015625
2014-04-09,86.13999938964844,91.9800033569336,85.01000213623047,91.7699966430664,90.42562866210938,0.6498946150688018,7.396158725976187,6.2274322509765625,6.2274322509765625
2014-04-10,91.91999816894533,92.01000213623048,87.33000183105469,87.77999877929688,86.49407196044922,-0.0640785697516336,-4.347834524160266,-3.931556701660156,-3.9315567016601562
2014-04-11,86.25,89.73999786376953,85.19000244140625,85.91000366210938,84.65147399902344,-0.6027855368439509,-2.13031704909018,-1.8425979614257808,-1.8425979614257812
2014-04-14,87.36000061035156,88.33000183105469,86.27999877929688,86.9000015258789,85.62696838378906,-0.7508008696552585,1.1523655037322555,0.975494384765625,0.975494384765625
2014-04-15,87.55999755859375,87.55999755859375,82.08000183105469,84.08999633789062,82.8581314086914,0.763200926038698,-3.233603883635628,-2.768836975097656,-2.7688369750976562
2014-04-16,86.30999755859375,86.30999755859375,84.11000061035156,84.63999938964844,83.40007781982422,-0.1277595850309171,0.6540654512949384,0.5419464111328125,0.5419464111328125
2014-04-17,84.93000030517578,86.9000015258789,83.69000244140625,86.1500015258789,84.88794708251953,3.3402740849084416,1.7840142378639845,1.4878692626953125,1.4878692626953125
2014-04-21,86.0,86.68000030517578,84.37999725341797,85.01000213623047,83.76466369628906,-0.5640605951200622,-1.3232542720564622,-1.1232833862304688,-1.1232833862304688
2014-04-22,84.87999725341797,86.76000213623047,84.7699966430664,85.55000305175781,84.2967529296875,0.5517914293682838,0.6352192080991026,0.5320892333984375,0.5320892333984375
2014-04-23,84.91000366210938,87.2699966430664,84.77999877929688,86.55999755859375,85.29194641113281,-0.2571295755307228,1.1805834114101854,0.9951934814453124,0.9951934814453125
2014-04-24,87.37999725341797,89.76000213623047,85.52999877929688,89.36000061035156,88.05093383789062,-0.1002218486939297,3.234757257688381,2.7589874267578125,2.7589874267578125
2014-04-25,87.61000061035156,88.88999938964844,85.95999908447266,87.27999877929688,86.00141143798828,1.0448890206524657,-2.3276554950293797,-2.049522399902344,-2.0495223999023438
2014-04-28,88.36000061035156,88.36000061035156,85.01000213623047,87.47000122070312,86.1886215209961,0.696651396557645,0.2176825704108376,0.1872100830078125,0.1872100830078125
2014-04-29,88.33000183105469,89.16999816894531,86.69000244140625,87.9000015258789,86.61231994628906,-0.109974796979946,0.4915943866090844,0.4236984252929687,0.42369842529296875
2014-04-30,88.83999633789062,93.33000183105467,88.31999969482422,93.2699966430664,91.90364837646484,0.4029155422964454,6.109209906231694,5.291328430175781,5.291328430175781
2014-05-01,92.81999969482422,93.83999633789062,88.80999755859375,89.41999816894531,88.11004638671875,0.3268999159495529,-4.127803473270575,-3.7936019897460938,-3.7936019897460938
2014-05-02,89.43000030517578,90.95999908447266,88.4800033569336,89.12000274658203,87.814453125,-0.8973819453656814,-0.3354819045507939,-0.29559326171875,-0.29559326171875
2014-05-05,88.70999908447266,89.16999816894531,87.66999816894531,88.47000122070312,87.1739730834961,-1.094162019607071,-0.729356066924669,-0.6404800415039062,-0.6404800415039062
2014-05-06,87.7300033569336,88.93000030517578,84.70999908447266,84.83999633789062,83.59715270996094,-0.3368742703399157,-4.103082889326659,-3.576820373535156,-3.5768203735351562
2014-05-07,84.87999725341797,85.76000213623047,80.44000244140625,84.12000274658203,82.8876953125,1.132091852386259,-0.8486621547056594,-0.7094573974609375,-0.7094573974609375
2014-05-08,84.12000274658203,86.4800033569336,82.58999633789062,83.26000213623047,82.04031372070312,0.4396325240790953,-1.022324952578435,-0.847381591796875,-0.847381591796875
2014-05-09,88.98999786376953,88.98999786376953,81.66999816894531,84.56999969482422,83.33110046386719,4.413672099210599,1.5733566640888208,1.2907867431640625,1.2907867431640625
2014-05-12,84.81999969482422,87.98999786376953,84.81999969482422,86.63999938964844,85.37078857421875,0.4774969115424531,2.4476913169243275,2.0396881103515625,2.0396881103515625
2014-05-13,86.9000015258789,87.79000091552734,85.80000305175781,86.43000030517578,85.16386413574219,-0.7662908463448139,-0.2423831874255988,-0.2069244384765625,-0.2069244384765625
2014-05-14,86.38999938964844,86.9000015258789,84.81999969482422,85.94000244140625,84.68104553222656,-0.93610688708957,-0.5669289532777233,-0.482818603515625,-0.482818603515625
2014-05-15,85.08000183105469,85.54000091552734,82.87999725341797,85.2300033569336,83.9814453125,0.4809391285845765,-0.8261591662331536,-0.6996002197265625,-0.6996002197265625
2014-05-16,84.98999786376953,85.4800033569336,83.52999877929688,84.98999786376953,83.74494171142578,0.1602392408267433,-0.2816141115387749,-0.2365036010742187,-0.23650360107421875
2014-05-19,84.02999877929688,85.0,82.22000122070312,84.05000305175781,82.8187255859375,3.7848937861827183,-1.1059965014721729,-0.9262161254882812,-0.9262161254882812
2014-05-20,83.9000015258789,84.44000244140625,79.69999694824219,80.52999877929688,79.35029602050781,2.397680318206975,-4.18797746631665,-3.4684295654296875,-3.4684295654296875
2014-05-21,80.4800033569336,83.08000183105469,79.5199966430664,80.91000366210938,79.72471618652344,4.3445409069479535,0.4718573021061711,0.374420166015625,0.374420166015625
2014-05-22,80.54000091552734,85.48999786376953,80.54000091552734,84.16000366210938,82.92710876464844,1.7631649767755553,4.016812766862299,3.202392578125,3.202392578125
2014-05-23,84.05000305175781,84.88999938964844,82.0,84.11000061035156,82.87784576416016,0.5245405444514734,-0.0594051827226826,-0.0492630004882812,-0.04926300048828125
2014-05-27,84.43000030517578,84.93000030517578,81.77999877929688,84.12000274658203,82.8876953125,0.2239202561060269,0.0118844164553655,0.0098495483398437,0.00984954833984375
2014-05-28,83.37999725341797,84.0999984741211,81.98999786376953,82.0999984741211,80.89728546142578,0.4046366508175071,-2.401333326460642,-1.9904098510742188,-1.9904098510742188
2014-05-29,85.93000030517578,90.51000213623048,84.41999816894531,87.61000061035156,86.32658386230469,4.322166496174151,6.71134806305429,5.429298400878906,5.429298400878906
2014-05-30,86.4800033569336,87.36000061035156,83.87999725341797,85.06999969482422,83.82378387451172,0.8352006325031132,-2.8992227837777773,-2.5027999877929688,-2.5027999877929688
2014-06-02,85.22000122070312,85.94000244140625,83.45999908447266,83.86000061035156,82.63152313232422,0.1504862925407269,-1.4223418307772515,-1.1922607421875,-1.1922607421875
2014-06-03,83.37999725341797,84.91000366210938,83.05999755859375,84.81999969482422,83.57743072509766,-0.1507076986450733,1.1447297071587093,0.9459075927734376,0.9459075927734375
2014-06-04,84.08999633789062,86.87999725341797,84.08999633789062,84.73999786376953,83.49859619140625,-0.5135747451689185,-0.0943251461638094,-0.0788345336914062,-0.07883453369140625
2014-06-05,85.16000366210938,88.69999694824219,84.2699966430664,87.88999938964844,86.60247039794922,0.0475066326972009,3.717277113770723,3.1038742065429688,3.1038742065429688
2014-06-06,88.0,89.80999755859375,87.80999755859375,88.12000274658203,86.82909393310547,-0.3563801669119485,0.2616825295108649,0.22662353515625,0.22662353515625
2014-06-09,87.7699966430664,90.0,87.29000091552734,88.37000274658203,87.07545471191406,-0.4108819367455695,0.2837306801777739,0.2463607788085937,0.24636077880859375
2014-06-10,88.3499984741211,90.48999786376952,88.3499984741211,89.62000274658203,88.30712890625,-0.4453041071668038,1.414490683294023,1.2316741943359375,1.2316741943359375
2014-06-11,88.5199966430664,89.94999694824219,87.55000305175781,88.33000183105469,87.03601837158203,-0.4587861239151206,-1.4394200676792757,-1.2711105346679688,-1.2711105346679688
2014-06-12,88.36000061035156,89.27999877929688,86.23999786376953,87.33000183105469,86.05067443847656,-0.9068480422315208,-1.132110534857822,-0.9853439331054688,-0.9853439331054688
2014-06-13,88.44999694824219,89.61000061035156,86.33000183105469,87.54000091552734,86.25760650634766,-0.5213197335136963,0.2404769854756239,0.2069320678710937,0.20693206787109375
2014-06-16,87.38999938964844,87.87999725341797,85.38999938964844,87.19000244140625,85.9127197265625,-0.176811177881176,-0.3998334683211646,-0.3448867797851562,-0.34488677978515625
2014-06-17,86.80999755859375,89.37000274658203,86.69000244140625,88.52999877929688,87.23307037353516,-0.9019715680885126,1.5368511800988085,1.3203506469726562,1.3203506469726562
2014-06-18,88.08000183105469,88.93000030517578,87.08000183105469,88.8499984741211,87.54840850830078,-0.9682342461493888,0.3614892074935927,0.315338134765625,0.315338134765625
2014-06-19,88.19999694824219,91.33999633789062,88.19999694824219,90.66999816894533,89.34175109863281,-0.2645877124553236,2.048401131314681,1.7933425903320312,1.7933425903320312
2014-06-20,91.0,91.52999877929688,90.20999908447266,91.06999969482422,89.73587799072266,-0.0810028035420738,0.4411452509529789,0.3941268920898437,0.39412689208984375
2014-06-23,91.48999786376952,93.70999908447266,91.08000183105467,92.77999877929688,91.42084503173828,-0.1507076986450733,1.8776960550715536,1.684967041015625,1.684967041015625
2014-06-24,91.26000213623048,93.48999786376952,89.5,91.6500015258789,90.30738067626952,1.5844565420053136,-1.2179545650471746,-1.1134643554687642,-1.1134643554687642
2014-06-25,92.0500030517578,92.95999908447266,89.4000015258789,89.66999816894531,88.35639953613281,0.6048589421010201,-2.1603783937998444,-1.9509811401367043,-1.9509811401367045
2014-06-26,89.66999816894531,90.87999725341795,88.81999969482422,90.81999969482422,89.655517578125,-0.3162209680871751,1.4703157313024295,1.2991180419921875,1.2991180419921875
2014-06-27,90.93000030517578,93.87999725341795,90.20999908447266,93.87999725341795,92.67628479003906,-0.0299432507505762,3.369304303309373,3.0207672119140625,3.0207672119140625
2014-06-30,94.0,97.44000244140624,93.61000061035156,95.4000015258789,94.1767807006836,0.8045075305441792,1.6190721434765631,1.5004959106445312,1.5004959106445312
2014-07-01,95.4000015258789,97.22000122070312,94.54000091552734,95.97000122070312,94.73947143554688,-0.0873135347859668,0.5974835099233688,0.5626907348632812,0.5626907348632812
2014-07-02,95.51000213623048,97.43000030517578,93.18000030517578,95.5199966430664,94.29524993896484,-0.1349308705353409,-0.4688874550923039,-0.4442214965820312,-0.44422149658203125
2014-07-03,95.9800033569336,96.87999725341795,95.0999984741211,96.04000091552734,94.80858612060548,-1.0626083633876062,0.5443924078603279,0.5133361816406392,0.5133361816406392
2014-07-07,96.04000091552734,96.62000274658205,93.5999984741211,94.13999938964844,92.93293762207033,-0.905126933710459,-1.9783529902546504,-1.875648498535156,-1.8756484985351562
2014-07-08,93.93000030517578,93.93000030517578,89.5,90.26000213623048,89.10269927978516,0.3814016857831739,-4.121507874701614,-3.8302383422851705,-3.8302383422851705
2014-07-09,90.58000183105467,91.73999786376952,90.02999877929688,91.4000015258789,90.22808837890624,-0.7043309395865922,1.2630246987101137,1.1253890991210795,1.1253890991210795
2014-07-10,89.5999984741211,91.91000366210938,89.08000183105469,90.62000274658205,89.45809936523438,-0.443869850065919,-0.8533806129620625,-0.7699890136718608,-0.7699890136718608
2014-07-11,90.38999938964844,91.91000366210938,90.0999984741211,90.37999725341795,89.2211685180664,-0.9693816518300964,-0.2648511972075829,-0.2369308471679687,-0.23693084716796875
2014-07-14,91.0500030517578,92.48999786376952,90.33999633789062,91.3000030517578,90.12937927246094,-1.129731595709013,1.017931920730919,0.9082107543945312,0.9082107543945312
2014-07-15,91.37999725341795,91.7699966430664,90.12000274658205,90.56999969482422,89.4087142944336,-0.6085225652474899,-0.7995894167303397,-0.7206649780273438,-0.7206649780273438
2014-07-16,90.97000122070312,91.91999816894533,89.83000183105469,90.87000274658205,89.70487213134766,-0.5184512193119268,0.331240460453075,0.2961578369140625,0.2961578369140625
2014-07-17,90.76000213623048,90.91999816894533,86.25,86.9800033569336,85.8647689819336,0.7663562916606446,-4.280818932322106,-3.8401031494140634,-3.8401031494140625
2014-07-18,87.8499984741211,89.41000366210938,87.3499984741211,89.29000091552734,88.1451416015625,-0.899103053886743,2.6557721480723995,2.2803726196289062,2.2803726196289062
2014-07-21,89.16000366210938,89.51000213623047,88.20999908447266,89.33000183105469,88.18463134765625,-1.0961699795483095,0.0448008198480787,0.03948974609375,0.03948974609375
2014-07-22,90.22000122070312,90.22000122070312,88.81999969482422,89.47000122070312,88.32281494140625,-0.7717410233281761,0.1566980454964284,0.13818359375,0.13818359375
2014-07-23,89.44999694824219,90.88999938964844,89.41999816894531,89.93000030517578,88.77693176269531,-0.9610629606449648,0.5141557383449902,0.4541168212890625,0.4541168212890625
2014-07-24,90.20999908447266,92.45999908447266,89.94999694824219,91.76000213623048,90.5834732055664,0.2749798088975245,2.0349221436263054,1.8065414428710935,1.8065414428710938
2014-07-25,90.9000015258789,91.66000366210938,89.87999725341797,90.5,89.33963012695312,0.2405576384762901,-1.3731457125634283,-1.2438430786132812,-1.2438430786132812
2014-07-28,90.19000244140624,91.76000213623048,89.76000213623047,91.62000274658205,90.4452667236328,-0.899676756727097,1.237565675063279,1.1056365966796733,1.1056365966796733
2014-07-29,91.04000091552734,92.63999938964844,90.86000061035156,90.9499969482422,89.78385925292969,-0.7746095375299455,-0.7312792528149981,-0.6614074707031108,-0.6614074707031108
2014-07-30,91.56999969482422,94.4800033569336,91.1500015258789,94.08999633789062,92.88359832763672,-0.255982169850015,3.4524457964930866,3.0997390747070312,3.0997390747070312
2014-07-31,92.7699966430664,93.6999969482422,91.83999633789062,92.5,91.31400299072266,-0.5256225048163506,-1.6898519923587485,-1.5695953369140625,-1.5695953369140625
2014-08-01,92.5,93.38999938964844,90.62999725341795,91.5999984741211,90.4255142211914,-0.1716478523179909,-0.9730038553030228,-0.88848876953125,-0.88848876953125
2014-08-04,91.62999725341795,93.77999877929688,91.51000213623048,93.2699966430664,92.07408905029295,-0.9805688572169976,1.8231301677410936,1.6485748291015483,1.6485748291015483
2014-08-05,92.5199966430664,93.75,91.75,92.33999633789062,91.15603637695312,-0.9530311208800102,-0.9970803760419144,-0.9180526733398297,-0.9180526733398295
2014-08-06,91.54000091552734,93.38999938964844,91.11000061035156,92.91000366210938,91.7187271118164,-0.9031189737692203,0.6172830206618629,0.5626907348632812,0.5626907348632812
2014-08-07,94.1999969482422,94.80999755859376,91.58999633789062,92.44000244140624,91.2547607421875,0.4057840564982149,-0.5058578375856326,-0.4639663696289062,-0.46396636962890625
2014-08-11,106.12000274658205,109.91000366210938,105.8499984741211,109.13999938964844,107.7406234741211,0.6889064082128673,18.065756348328364,16.485862731933594,16.485862731933594
2014-08-12,108.66000366210938,110.4800033569336,107.61000061035156,109.12000274658205,107.72087860107422,-0.0147401254811977,-0.0183263029395974,-0.019744873046875,-0.019744873046875
2014-08-13,110.33999633789062,111.86000061035156,109.1500015258789,111.68000030517578,110.2480697631836,0.0216900048812752,2.346055096216215,2.527191162109375,2.527191162109375
2014-08-14,112.3499984741211,112.4000015258789,110.33999633789062,111.5,110.07037353515624,-0.832840375825867,-0.1611785389159736,-0.1776962280273579,-0.17769622802735796
2014-08-15,112.08000183105467,112.38999938964844,109.12999725341795,109.87999725341795,108.47113037109376,-0.0534650672050864,-1.4529278975797033,-1.5992431640624716,-1.5992431640624716
2014-08-18,111.20999908447266,111.51000213623048,110.19000244140624,111.4800033569336,110.0506362915039,-0.2990098828765579,1.4561532778412545,1.579505920410142,1.579505920410142
2014-08-19,111.6999969482422,114.20999908447266,110.73999786376952,114.0199966430664,112.5580596923828,-0.2832330547668255,2.278426990860094,2.507423400878892,2.507423400878892
2014-08-20,113.4000015258789,113.91999816894533,112.02999877929688,113.2699966430664,111.81765747070312,-0.7794860116729537,-0.6577958288399466,-0.7404022216796733,-0.7404022216796733
2014-08-21,112.8000030517578,114.94000244140624,112.30999755859376,114.2300033569336,112.76537322998048,-0.3638383038365492,0.8475546534550293,0.947715759277358,0.947715759277358
2014-08-22,113.4499969482422,113.91999816894533,111.20999908447266,113.5500030517578,112.09407043457033,-0.6045066453650126,-0.5953093367066287,-0.6713027954101562,-0.6713027954101562
2014-08-25,114.8000030517578,114.8000030517578,112.1999969482422,113.5,112.04473114013672,-1.002082713730269,-0.0440159718014809,-0.0493392944336079,-0.04933929443360796
2014-08-26,113.94000244140624,115.51000213623048,113.12999725341795,114.68000030517578,113.2095947265625,0.1309803959686942,1.0396415561646275,1.1648635864257812,1.1648635864257812
2014-08-27,114.5,115.4000015258789,113.51000213623048,114.58999633789062,113.12074279785156,-0.6727772833671274,-0.0784844508325832,-0.0888519287109375,-0.0888519287109375
2014-08-28,113.18000030517578,114.9800033569336,113.18000030517578,114.68000030517578,113.2095947265625,-0.8230874275398505,0.0785460973057095,0.0888519287109375,0.0888519287109375
2014-08-29,116.0199966430664,116.62999725341795,113.9800033569336,114.9499969482422,113.4761199951172,-0.2103727940418795,0.2354263957913049,0.2665252685547017,0.2665252685547017
2014-09-02,115.0999984741211,116.52999877929688,114.37000274658205,115.33000183105467,113.8512725830078,-0.0201903024645598,0.3306004716294053,0.3751525878905966,0.3751525878905966
2014-09-03,116.2699966430664,117.87000274658205,115.58000183105467,117.30999755859376,115.8058624267578,0.8366348896039979,1.7167922671438962,1.95458984375,1.95458984375
2014-09-04,117.5,118.9000015258789,117.11000061035156,117.31999969482422,115.81574249267578,0.2574818722667303,0.0085315766498617,0.0098800659179829,0.00988006591798296
2014-09-05,116.76000213623048,118.2699966430664,116.19000244140624,117.4499969482422,115.94405364990234,-1.015277879058409,0.1107890468643901,0.1283111572265625,0.1283111572265625
2014-09-08,116.98999786376952,118.11000061035156,116.51000213623048,117.31999969482422,115.81574249267578,-1.2060340734760824,-0.1106664405696955,-0.1283111572265625,-0.1283111572265625
2014-09-09,117.08999633789062,118.61000061035156,116.62000274658205,117.62000274658205,116.11189270019533,0.0133713136961435,0.2557080765926756,0.2961502075195454,0.29615020751954546
2014-09-10,117.20999908447266,118.0,115.25,117.0500030517578,115.54920196533205,0.5414647782419135,-0.4846107679220779,-0.5626907348632812,-0.5626907348632812
2014-09-11,115.72000122070312,117.02999877929688,113.5,114.19000244140624,112.7258758544922,0.4680308146766136,-2.443397325830876,-2.823326110839844,-2.8233261108398438
2014-09-12,113.63999938964844,115.61000061035156,113.45999908447266,114.83000183105467,113.35765838623048,-0.498658471319717,0.5604591908904721,0.6317825317382812,0.6317825317382812
2014-09-15,114.83000183105467,115.08000183105467,111.45999908447266,112.36000061035156,110.91934204101562,-0.0827239120631355,-2.150993924827793,-2.438316345214858,-2.438316345214858
2014-09-16,112.18000030517578,113.88999938964844,111.38999938964844,113.44000244140624,111.98548889160156,-0.7737489832694148,0.9611911060486644,1.0661468505859375,1.0661468505859375
2014-09-17,113.95999908447266,114.86000061035156,113.08999633789062,113.52999877929688,112.07433319091795,-1.1578430348863544,0.0793355462352707,0.088844299316392,0.08884429931639204
2014-09-18,113.72000122070312,114.94000244140624,110.98999786376952,111.63999938964844,110.20857238769533,-0.3761729149041582,-1.6647529814380555,-1.865760803222628,-1.8657608032226278
2014-09-19,111.87000274658205,112.83000183105467,111.33000183105467,112.45999908447266,111.01805877685548,-0.7137970364524316,0.7345040150892324,0.8094863891601562,0.8094863891601562
2014-09-22,112.69000244140624,113.72000122070312,110.58999633789062,110.87999725341795,109.45830535888672,-0.3517905441891172,-1.4049546849885464,-1.5597534179687642,-1.5597534179687642
2014-09-23,110.27999877929688,111.81999969482422,110.0,110.91999816894533,109.49779510498048,-0.2089385369409948,0.0360774323741708,0.0394897460937642,0.03948974609376421
2014-09-24,111.19000244140624,114.05999755859376,110.70999908447266,113.38999938964844,111.9361343383789,-0.6716298776864196,2.2268386601398404,2.4383392333984237,2.4383392333984233
2014-09-25,112.69000244140624,113.62000274658205,109.87999725341795,110.62000274658205,109.20164489746094,0.0331640616883533,-2.442901442935041,-2.7344894409179688,-2.7344894409179688
2014-09-26,110.58999633789062,112.13999938964844,110.11000061035156,111.31999969482422,110.0578384399414,-0.6971596540821683,0.7840482103400825,0.8561935424804688,0.8561935424804688
2014-09-29,108.5500030517578,109.9000015258789,107.08999633789062,109.1999969482422,107.96185302734376,-0.3698621836602652,-1.9044399220519148,-2.095985412597642,-2.095985412597642
2014-09-30,109.1999969482422,110.33000183105467,107.9499969482422,108.6500015258789,107.41809844970705,-0.4412881872843265,-0.503654357895289,-0.5437545776367188,-0.5437545776367188
2014-10-01,108.2300033569336,111.12000274658205,107.68000030517578,110.72000122070312,109.46463012695312,0.2675216719729237,1.9052019229369053,2.0465316772460795,2.0465316772460795
2014-10-02,110.27999877929688,111.70999908447266,107.44000244140624,111.08000183105467,109.82054901123048,0.9146584758921292,0.3251451029109287,0.3559188842773579,0.35591888427735796
2014-10-03,112.37999725341795,114.56999969482422,111.44000244140624,111.5199966430664,110.25555419921876,-0.2990098828765579,0.3961054574074252,0.4350051879882812,0.43500518798828125
2014-10-06,113.0,113.9499969482422,110.73999786376952,112.11000061035156,110.83887481689452,-0.7579721551596823,0.5290623424029528,0.5833206176757528,0.5833206176757528
2014-10-07,111.30999755859376,112.8499984741211,110.4800033569336,110.80999755859376,109.5536117553711,-0.27434066074134,-1.1595778680058566,-1.2852630615234233,-1.2852630615234233
2014-10-08,110.97000122070312,113.87000274658205,109.5,113.75,112.46027374267578,0.0718890034122419,2.653186819431519,2.9066619873046875,2.9066619873046875
2014-10-09,113.0199966430664,113.80999755859376,111.4000015258789,111.58000183105467,110.3148956298828,-0.0021186629934118,-1.9076764099844712,-2.145378112792983,-2.145378112792983
2014-10-10,111.3499984741211,112.44000244140624,108.83999633789062,109.37000274658205,108.12993621826172,0.872491317126117,-1.9806567364681449,-2.1849594116210795,-2.1849594116210795
2014-10-13,109.13999938964844,111.36000061035156,107.81999969482422,109.0500030517578,107.81356048583984,-0.4636625980581288,-0.292588475945521,-0.316375732421875,-0.316375732421875
2014-10-14,109.77999877929688,110.83000183105467,106.61000061035156,108.02999877929688,106.80513763427734,-0.4177663708298164,-0.9353395315192748,-1.0084228515625,-1.0084228515625
2014-10-15,106.66000366210938,109.56999969482422,102.44000244140624,106.16000366210938,104.95633697509766,1.24970093465881,-1.7310034892800363,-1.8488006591796875,-1.8488006591796875
2014-10-16,103.5999984741211,107.19000244140624,103.0999984741211,105.94000244140624,104.73883819580078,0.6008430222185428,-0.2072278678594497,-0.217498779296875,-0.217498779296875
2014-10-17,107.27999877929688,107.72000122070312,103.5999984741211,104.2699966430664,103.08777618408205,-0.286388420388772,-1.576360822937728,-1.6510620117187358,-1.6510620117187358
2014-10-20,103.9800033569336,107.66000366210938,103.37000274658205,106.95999908447266,105.7472686767578,-0.5936062913982884,2.579833023002398,2.659492492675753,2.659492492675753
2014-10-21,107.5999984741211,110.4499969482422,107.44000244140624,110.33999633789062,109.08892822265624,-0.6670402549635883,3.160043363496245,3.341659545898437,3.3416595458984375
2014-10-22,110.43000030517578,110.56999969482422,106.7300033569336,106.8499984741211,105.63850402832033,-1.015277879058409,-3.1629462774566908,-3.450424194335909,-3.450424194335909
2014-10-23,107.88999938964844,109.56999969482422,107.0,107.4000015258789,106.1822738647461,-0.6509765754336789,0.5147458698203433,0.543769836425767,0.543769836425767
2014-10-24,107.91000366210938,113.04000091552734,106.29000091552734,112.16000366210938,110.8883056640625,0.5159350018461648,4.432031475715892,4.706031799316406,4.706031799316406
2014-10-27,110.01000213623048,110.77999877929688,108.1500015258789,109.7300033569336,108.48587036132812,-0.3053206141204509,-2.1665362170945057,-2.402435302734375,-2.402435302734375
2014-10-28,110.6999969482422,115.5999984741211,109.1999969482422,115.5500030517578,114.2398452758789,0.3340712014539767,5.303893396795667,5.753974914550781,5.753974914550781
2014-10-29,115.36000061035156,116.0,112.25,113.76000213623048,112.47017669677734,0.5136401904847492,-1.5490817366112242,-1.7696685791015625,-1.7696685791015625
2014-10-30,113.4000015258789,115.9499969482422,112.38999938964844,115.1999969482422,113.89382934570312,1.116315024276527,1.2658045810348462,1.4236526489257812,1.4236526489257812
2014-11-03,135.86000061035156,138.02999877929688,135.27999877929688,136.24000549316406,134.69528198242188,2.8015671178161243,18.263897839083,20.80145263671875,20.80145263671875
2014-11-04,136.11000061035156,140.55999755859375,135.1199951171875,139.3800048828125,137.79965209960938,3.9544229755072977,2.3047356013498943,3.1043701171875,3.1043701171875
2014-11-05,140.16000366210938,141.0,135.8699951171875,136.47999572753906,134.93255615234375,1.0887772879395394,-2.0806264047699696,-2.867095947265625,-2.867095947265625
2014-11-06,135.42999267578125,136.30999755859375,134.07000732421875,134.66000366210938,133.13320922851562,0.8931446193788576,-1.3335157764272965,-1.799346923828125,-1.799346923828125
2014-11-07,135.0,135.6999969482422,133.6199951171875,134.75,133.22218322753906,-0.2591375354719615,0.0668308076843038,0.0889739990234375,0.0889739990234375
2014-11-10,135.25,136.85000610351562,134.07000732421875,136.5399932861328,134.9918670654297,-0.3844916060892898,1.3283702421150512,1.769683837890625,1.769683837890625
2014-11-11,136.33999633789062,137.3000030517578,133.1300048828125,134.92999267578125,133.40011596679688,0.9855107766758364,-1.1791459242957991,-1.5917510986328125,-1.5917510986328125
2014-11-12,135.02999877929688,136.5,134.22000122070312,135.47999572753906,133.94387817382812,-0.9395491041316932,0.4076174920017328,0.54376220703125,0.54376220703125
2014-11-13,135.16000366210938,136.10000610351562,131.77999877929688,132.22000122070312,130.7208709716797,0.320015481865306,-2.4062370345628747,-3.223007202148437,-3.2230072021484375
2014-11-14,131.6699981689453,135.1999969482422,131.25,134.6199951171875,133.0936279296875,-0.8050157880687026,1.8151324577097228,2.3727569580078125,2.3727569580078125
2014-11-17,135.6199951171875,136.67999267578125,132.00999450683594,133.7100067138672,132.19398498535156,-0.3870732688708824,-0.675947420120826,-0.8996429443359375,-0.8996429443359375
2014-11-18,134.2100067138672,136.6699981689453,133.02999877929688,135.5,133.9636688232422,-0.7430558813104807,1.3387022398082091,1.769683837890625,1.769683837890625
2014-11-19,135.85000610351562,137.42999267578125,133.77999877929688,135.32000732421875,133.7857208251953,-0.6475343583915555,-0.132833028245638,-0.177947998046875,-0.177947998046875
2014-11-20,134.7899932861328,137.60000610351562,134.60000610351562,135.97999572753906,134.438232421875,-0.881318265835772,0.4877288791770739,0.6525115966796875,0.6525115966796875
2014-11-21,137.57000732421875,139.32000732421875,135.47999572753906,138.7100067138672,137.13729858398438,-0.2932728544730189,2.0076626369495365,2.699066162109375,2.699066162109375
2014-11-24,138.50999450683594,140.27000427246094,137.75,140.0,138.41262817382812,-0.7938285826818015,0.9299655185075252,1.27532958984375,1.27532958984375
2014-11-25,139.32000732421875,141.91000366210938,139.02000427246094,140.6199951171875,139.0255889892578,-0.9039795280297512,0.4428503551423768,0.6129608154296875,0.6129608154296875
2014-11-26,141.0,141.5,140.00999450683594,141.05999755859375,139.46063232421875,-1.1225603102045894,0.312923209406124,0.4350433349609375,0.4350433349609375
2014-11-28,141.0,142.25,140.0,140.94000244140625,139.3419647216797,-1.3529020006066823,-0.0850903947310244,-0.1186676025390625,-0.1186676025390625
2014-12-01,140.5,141.8699951171875,138.72999572753906,139.8000030517578,138.2149200439453,0.2523185467035452,-0.8088336345662417,-1.127044677734375,-1.127044677734375
2014-12-02,140.0,141.47999572753906,139.07000732421875,140.25,138.65980529785156,-0.5190249221522807,0.3218793266058339,0.44488525390625,0.44488525390625
2014-12-03,140.3000030517578,142.38999938964844,137.17999267578125,140.60000610351562,139.0058135986328,0.4161107076245852,0.2495375642840303,0.34600830078125,0.34600830078125
2014-12-04,140.75,141.05999755859375,138.22000122070312,139.2100067138672,137.631591796875,-0.844888135473299,-0.9886074302804082,-1.3742218017578125,-1.3742218017578125
2014-12-05,139.02999877929688,140.05999755859375,138.02000427246094,138.1999969482422,136.633056640625,-0.9696685032502734,-0.7255130477046956,-0.99853515625,-0.99853515625
2014-12-08,139.10000610351562,141.6199951171875,137.5399932861328,139.99000549316406,138.4027557373047,-0.3377348246004465,1.295220307728595,1.7696990966796875,1.7696990966796875
2014-12-09,138.32000732421875,140.91000366210938,135.91000366210938,140.3800048828125,138.78836059570312,-0.5548813496743997,0.2786106796387244,0.3856048583984375,0.3856048583984375
2014-12-10,140.32000732421875,140.7899932861328,134.77000427246094,135.50999450683594,133.9735565185547,-0.7915337713203858,-3.4691699336186987,-4.8148040771484375,-4.8148040771484375
2014-12-11,135.6699981689453,138.1699981689453,134.8000030517578,135.52999877929688,133.9933319091797,-1.1013333051114946,0.0147606670591438,0.019775390625,0.019775390625
2014-12-12,134.50999450683594,137.88999938964844,134.42999267578125,134.60000610351562,133.07386779785156,-1.0247439759242485,-0.6862013939255784,-0.919464111328125,-0.919464111328125
2014-12-15,136.64999389648438,137.4600067138672,133.77999877929688,134.27999877929688,132.75750732421875,0.156510172364443,-0.2377329815898887,-0.3163604736328125,-0.3163604736328125
2014-12-16,132.88999938964844,136.99000549316406,126.6500015258789,127.0,125.56004333496094,0.0756180718745423,-5.421511848426208,-7.1974639892578125,-7.1974639892578125
2014-12-17,126.83000183105467,130.6300048828125,124.87999725341795,128.97999572753906,127.51756286621094,-0.3778940234252199,1.5590306273054244,1.95751953125,1.95751953125
2014-12-18,130.25999450683594,131.1999969482422,127.16999816894533,128.1300048828125,126.67723846435548,-0.711215373670839,-0.6589871880919751,-0.8403244018554545,-0.8403244018554545
2014-12-19,128.7899932861328,130.1199951171875,127.68000030517578,128.5,127.04303741455078,-0.9736844231327508,0.2887645441514985,0.3657989501952983,0.3657989501952983
2014-12-22,128.75,129.9499969482422,126.83999633789062,127.41000366210938,125.96540832519533,-0.7889521085387932,-0.8482393929539533,-1.0776290893554543,-1.0776290893554545
2014-12-23,127.61000061035156,127.68000030517578,125.93000030517578,126.54000091552734,125.1052703857422,-0.995771982486376,-0.6828366222833004,-0.860137939453125,-0.860137939453125
2014-12-24,127.25,130.1300048828125,126.79000091552734,127.83999633789062,126.39051818847656,-1.3749895599603077,1.027333060207214,1.2852478027343608,1.2852478027343608
2014-12-26,128.80999755859375,130.07000732421875,128.5399932861328,129.72999572753906,128.2590789794922,-1.0884249912035318,1.4784026664319772,1.868560791015625,1.868560791015625
2014-12-29,129.64999389648438,130.17999267578125,128.1300048828125,129.4499969482422,128.14622497558594,-1.251069746443864,-0.0879890958240037,-0.11285400390625,-0.11285400390625
2014-12-30,129.47999572753906,130.9199981689453,127.27999877929688,127.6999969482422,126.4138641357422,-1.1216997559440585,-1.3518625618302638,-1.7323608398437358,-1.7323608398437358
2014-12-31,127.73999786376952,128.77000427246094,126.88999938964844,127.66999816894533,126.3841781616211,-1.2556593691666953,-0.0234831632780707,-0.0296859741211079,-0.02968597412110796
2015-01-02,127.9000015258789,128.30999755859375,124.55999755859376,125.8499984741211,124.58250427246094,-1.1472295323398072,-1.425553352775033,-1.801673889160156,-1.8016738891601562
2015-01-05,124.86000061035156,125.80999755859376,122.76000213623048,124.3000030517578,123.0481185913086,-0.7809202687738386,-1.2316221207085865,-1.5343856811523438,-1.5343856811523438
2015-01-06,124.93000030517578,126.33999633789062,121.36000061035156,122.08000183105467,120.85047912597656,-1.0726481630937994,-1.7860000546869426,-2.1976394653320312,-2.1976394653320312
2015-01-07,123.30999755859376,124.29000091552734,121.30999755859376,121.83999633789062,120.61287689208984,-1.0918672082456553,-0.1966084334999118,-0.2376022338867187,-0.23760223388671875
2015-01-08,123.11000061035156,125.63999938964844,122.5500030517578,123.66000366210938,122.41455078125,-0.681095974552259,1.493765786527157,1.801673889160156,1.8016738891601562
2015-01-09,124.06999969482422,124.36000061035156,121.27999877929688,122.29000091552734,121.0583724975586,-1.294671162310761,-1.1078570929977438,-1.3561782836914062,-1.3561782836914062
2015-01-12,122.58000183105467,122.8499984741211,120.01000213623048,120.27999877929688,119.068603515625,-0.8821788200963029,-1.6436442526713502,-1.9897689819335935,-1.9897689819335938
2015-01-13,121.91999816894533,123.2300033569336,118.27999877929688,119.9800033569336,118.77162170410156,-0.8058763423292334,-0.2494207563998762,-0.2969818115234375,-0.2969818115234375
2015-01-14,118.37000274658205,120.13999938964844,116.72000122070312,118.52999877929688,117.3362045288086,-0.4002684341990222,-1.2085523079486626,-1.4354171752929688,-1.4354171752929688
2015-01-15,119.2300033569336,119.25,116.86000061035156,116.88999938964844,115.71273803710938,-0.5895903715158111,-1.383602357191149,-1.6234664916992188,-1.6234664916992188
2015-01-16,117.73999786376952,120.6999969482422,117.06999969482422,119.31999969482422,118.11827087402344,-0.6062277538860743,2.0788833431135245,2.4055328369140625,2.4055328369140625
2015-01-20,119.9800033569336,123.1999969482422,117.9800033569336,122.4800033569336,121.2464370727539,-0.3839179032489359,2.648333890754917,3.1281661987304688,3.1281661987304688
2015-01-21,121.7699966430664,125.81999969482422,121.7699966430664,123.0999984741211,121.86021423339844,-0.6397893700467778,0.506222842883397,0.6137771606445312,0.6137771606445312
2015-01-22,124.3000030517578,125.73999786376952,122.22000122070312,125.66000366210938,124.39441680908205,-1.0164252847391166,2.07959799810451,2.534202575683608,2.534202575683608
2015-01-23,125.69000244140624,128.75999450683594,125.02999877929688,127.29000091552734,126.00798797607422,-0.717526104914732,1.297141148600467,1.6135711669921733,1.6135711669921733
2015-01-26,127.69000244140624,128.47000122070312,127.06999969482422,127.51000213623048,126.22577667236328,-0.7287133103016331,0.1728372143600998,0.2177886962890625,0.2177886962890625
2015-01-27,127.0,128.3000030517578,124.66000366210938,128.07000732421875,126.7801284790039,-0.6354865987441235,0.4391748034789478,0.554351806640625,0.554351806640625
2015-01-28,129.13999938964844,129.13999938964844,125.44000244140624,126.25,124.97848510742188,-0.5689370692630704,-1.421077098750856,-1.8016433715820312,-1.8016433715820312
2015-01-29,125.86000061035156,127.91999816894533,124.23999786376952,127.66000366210938,126.37428283691406,-0.7178129563349089,1.116830411484404,1.3957977294921875,1.3957977294921875
2015-01-30,126.86000061035156,128.66000366210938,123.58999633789062,123.94000244140624,122.69172668457033,-0.4728418435037912,-2.914007557293974,-3.682556152343736,-3.682556152343736
2015-02-02,124.0500030517578,126.61000061035156,123.23999786376952,125.54000091552734,124.27562713623048,-0.9386885498711626,1.290959459501484,1.5839004516601562,1.5839004516601562
2015-02-03,125.7699966430664,129.25999450683594,124.31999969482422,129.08999633789062,127.78985595703124,-0.6265942047186379,2.827769935088287,3.514228820800753,3.514228820800753
2015-02-04,128.7100067138672,129.61000061035156,127.11000061035156,127.7699966430664,126.48314666748048,-0.8078843022704721,-1.0225453967098397,-1.3067092895507528,-1.3067092895507528
2015-02-05,128.00999450683594,129.77999877929688,128.00999450683594,129.57000732421875,128.2650146484375,-1.0233097188233635,1.408778977994185,1.781867980957017,1.781867980957017
2015-02-06,128.83999633789062,129.6699981689453,125.52999877929688,126.11000061035156,124.8398895263672,-0.9217643160807224,-2.670350236545993,-3.4251251220702983,-3.4251251220702983
2015-02-09,125.9000015258789,126.91000366210938,123.72000122070312,125.58999633789062,124.32511138916016,-0.9805688572169976,-0.4123506830709944,-0.5147781372070455,-0.5147781372070455
2015-02-10,125.8000030517578,129.36000061035156,125.51000213623048,128.35000610351562,127.05733489990234,-0.8377168499688752,2.197644128537979,2.7322235107421875,2.7322235107421875
2015-02-11,127.83000183105467,129.58999633789062,126.94000244140624,127.83999633789062,126.5524444580078,-1.0299073014874336,-0.397372133054974,-0.5048904418945455,-0.5048904418945455
2015-02-12,129.08999633789062,132.22000122070312,127.9000015258789,131.94000244140625,130.61117553710938,-0.4527622440914046,3.2071534425779813,4.058731079101577,4.058731079101577
2015-02-13,131.32000732421875,132.2100067138672,128.41000366210938,129.99000549316406,128.68081665039062,-0.1028035114755222,-1.4779431229989148,-1.93035888671875,-1.93035888671875
2015-02-17,129.39999389648438,131.85000610351562,128.4499969482422,131.85000610351562,130.52206420898438,-0.6980202083426992,1.4308640607995082,1.84124755859375,1.84124755859375
2015-02-18,131.88999938964844,133.7899932861328,130.88999938964844,132.61000061035156,131.27442932128906,-0.6283153132396997,0.576427531133783,0.7523651123046875,0.7523651123046875
2015-02-19,132.6300048828125,133.02000427246094,128.4199981689453,130.5,129.1856689453125,0.0251322219233986,-1.5911403209107888,-2.0887603759765625,-2.0887603759765625
2015-02-20,129.99000549316406,131.5,128.6699981689453,130.9199981689453,129.6014404296875,-0.165050269653921,0.3218402534657327,0.415771484375,0.415771484375
2015-02-23,130.42999267578125,132.32000732421875,130.42999267578125,131.55999755859375,130.2349853515625,-0.6472475069713786,0.4888409571487173,0.633544921875,0.633544921875
2015-02-24,131.27999877929688,132.55999755859375,130.22000122070312,132.49000549316406,131.15560913085938,-0.3351531618188539,0.7068943700586194,0.920623779296875,0.920623779296875
2015-02-25,132.60000610351562,135.99000549316406,131.33999633789062,134.22000122070312,132.86822509765625,1.7743521821624564,1.3057893430147738,1.712615966796875,1.712615966796875
2015-02-26,137.99000549316406,137.99000549316406,129.1999969482422,131.00999450683594,129.69052124023438,1.1805697423961643,-2.3916206113887006,-3.177703857421875,-3.177703857421875
2015-02-27,130.5500030517578,135.0500030517578,129.77999877929688,130.97000122070312,129.6509246826172,2.414317700577238,-0.0305315741185419,-0.0395965576171875,-0.0395965576171875
2015-03-02,130.44000244140625,133.49000549316406,129.5399932861328,133.3000030517578,131.95748901367188,-0.1412416017792339,1.7790573701661705,2.3065643310546875,2.3065643310546875
2015-03-03,132.55999755859375,134.07000732421875,132.07000732421875,133.89999389648438,132.55140686035156,-0.4716944378230835,0.4500827130911489,0.5939178466796875,0.5939178466796875
2015-03-04,133.30999755859375,133.97999572753906,130.55999755859375,131.3000030517578,129.97760009765625,-0.1111222026606539,-1.941742319949058,-2.5738067626953125,-2.5738067626953125
2015-03-05,131.02999877929688,133.4499969482422,130.25,132.0,130.6705322265625,-0.3279818763144301,0.5331165742294308,0.69293212890625,0.69293212890625
2015-03-06,131.0,132.58999633789062,129.05999755859375,129.1999969482422,127.89875793457033,0.1361437215318793,-2.1211930836757764,-2.7717742919921733,-2.7717742919921733
2015-03-09,129.42999267578125,129.99000549316406,123.87999725341795,125.0,123.7410659790039,1.0446021692322889,-3.2507680470934552,-4.1576919555664205,-4.1576919555664205
2015-03-10,123.44000244140624,124.5500030517578,122.61000061035156,123.91000366210938,122.66204833984376,0.0317298045874685,-0.8719963987890877,-1.079017639160142,-1.079017639160142
2015-03-11,125.20999908447266,126.77999877929688,123.91000366210938,126.51000213623048,125.23585510253906,0.0302955474865838,2.098291034211641,2.5738067626952983,2.5738067626952983
2015-03-12,126.1500015258789,128.1699981689453,124.87000274658205,127.88999938964844,126.6019515991211,-0.1360782762160488,1.090818995457421,1.3660964965820312,1.3660964965820312
2015-03-13,126.68000030517578,128.32000732421875,124.56999969482422,125.70999908447266,124.44390106201172,0.1814662459198379,-1.7045950001961518,-2.158050537109375,-2.158050537109375
2015-03-16,125.52999877929688,127.26000213623048,124.76000213623048,127.08999633789062,125.81000518798828,-0.6036460911044818,1.0977670374507251,1.3661041259765625,1.3661041259765625
2015-03-17,126.9800033569336,128.0,125.56999969482422,127.66000366210938,126.37428283691406,-0.1432495617204726,0.4485157186685073,0.5642776489257812,0.5642776489257812
2015-03-18,124.5,127.47000122070312,123.88999938964844,126.27999877929688,125.00816345214844,0.3544376522865404,-1.0810105933725445,-1.366119384765625,-1.366119384765625
2015-03-19,125.69000244140624,126.4000015258789,122.8000030517578,122.91000366210938,121.67211151123048,-0.5434072928673217,-2.668667268434,-3.3360519409179545,-3.3360519409179545
2015-03-20,123.20999908447266,125.3000030517578,122.81999969482422,124.58999633789062,123.3351821899414,-0.8555016380198462,1.3668462378557678,1.6630706787109233,1.6630706787109233
2015-03-23,124.79000091552734,126.5,124.20999908447266,125.43000030517578,124.16673278808594,-0.2878226774896568,0.6742201076606946,0.8315505981445312,0.8315505981445312
2015-03-24,125.72000122070312,126.16999816894533,122.30999755859376,122.33999633789062,121.10784912109376,-0.9731107202923968,-2.463529158178579,-3.0588836669921733,-3.0588836669921733
2015-03-25,122.22000122070312,123.1999969482422,120.63999938964844,121.11000061035156,119.89022064208984,-0.6707693234258887,-1.0054083924704416,-1.2176284790039205,-1.2176284790039205
2015-03-26,121.11000061035156,122.45999908447266,120.52999877929688,121.41000366210938,120.18722534179688,-0.8139081820941881,0.2477305472593061,0.2970046997070312,0.29700469970703125
2015-03-27,120.9800033569336,122.88999938964844,120.6999969482422,122.8499984741211,121.71598815917967,-0.9260670873833766,1.2719844501237088,1.5287628173827983,1.5287628173827983
2015-03-30,122.52999877929688,123.13999938964844,121.1999969482422,121.66999816894533,120.54684448242188,-0.8044420852283487,-0.960550618238254,-1.1691436767577983,-1.1691436767577983
2015-03-31,120.6500015258789,122.95999908447266,120.6500015258789,122.5199966430664,121.3890151977539,-0.815055587774896,0.6986252680009741,0.8421707153320312,0.8421707153320312
2015-04-01,122.9000015258789,124.13999938964844,121.5999984741211,123.86000061035156,122.7166519165039,-0.6179886621133294,1.0937041680313175,1.32763671875,1.32763671875
2015-04-02,123.58999633789062,125.56999969482422,122.9499969482422,125.13999938964844,123.9848403930664,-0.8681231005076322,1.0334281914938348,1.2681884765625,1.2681884765625
2015-04-06,124.9000015258789,127.22000122070312,124.0199966430664,126.2699966430664,125.10440063476562,-0.6670402549635883,0.9029815565757104,1.1195602416992188,1.1195602416992188
2015-04-07,123.94000244140624,127.25,123.6500015258789,126.97000122070312,125.79794311523438,-0.4940688485968858,0.5543709709249223,0.69354248046875,0.69354248046875
2015-04-08,128.27000427246094,128.89999389648438,126.52999877929688,128.58999633789062,127.40299224853516,-0.8299718616240974,1.275894576297265,1.6050491333007812,1.6050491333007812
2015-04-09,129.72999572753906,130.5,127.79000091552734,129.6999969482422,128.5027313232422,-1.0192937989408863,0.8631972101264873,1.0997390747070312,1.0997390747070312
2015-04-10,129.57000732421875,131.66000366210938,129.4499969482422,131.60000610351562,130.38519287109375,-1.1457952752389224,1.464919483397065,1.8824615478515625,1.8824615478515625
2015-04-13,131.83999633789062,132.77000427246094,130.25,130.7100067138672,129.50343322753906,-1.1383371383143217,-0.676272837534897,-0.8817596435546875,-0.8817596435546875
2015-04-14,130.47000122070312,131.82000732421875,128.1300048828125,131.57000732421875,130.35546875,-0.9558996350817796,0.6579250458664587,0.8520355224609375,0.8520355224609375
2015-04-15,131.50999450683594,132.94000244140625,130.5,132.1999969482422,130.97967529296875,-0.6331917873827079,0.4788495250367175,0.62420654296875,0.62420654296875
2015-04-16,132.0500030517578,132.61000061035156,130.2899932861328,131.1699981689453,129.9591827392578,-1.1957074223497122,-0.7791228306440301,-1.0204925537109375,-1.0204925537109375
2015-04-17,129.88999938964844,130.6999969482422,128.42999267578125,130.0,128.79998779296875,-0.6785143117706665,-0.8919684795300697,-1.1591949462890625,-1.1591949462890625
2015-04-20,130.36000061035156,134.13999938964844,130.17999267578125,133.52999877929688,132.29739379882812,-0.8666888434067475,2.7153775910919054,3.497406005859375,3.497406005859375
2015-04-21,134.42999267578125,139.8800048828125,133.67999267578125,136.9499969482422,135.68580627441406,-0.5752478005069634,2.561208787482516,3.388412475585937,3.3884124755859375
2015-04-22,137.39999389648438,138.4600067138672,135.9499969482422,138.0399932861328,136.7657470703125,-0.7135101850322546,0.7959128707348606,1.0799407958984375,1.0799407958984375
2015-04-23,138.02999877929688,139.7899932861328,136.25999450683594,138.97000122070312,137.68714904785156,-0.9493020524177098,0.6737081449680327,0.9214019775390624,0.9214019775390625
2015-04-24,139.11000061035156,139.9600067138672,137.16000366210938,137.47999572753906,136.21092224121094,-0.8362825928679904,-1.0721601956676263,-1.476226806640625,-1.476226806640625
2015-04-27,138.39999389648438,139.35000610351562,136.1999969482422,136.85000610351562,135.58677673339844,-0.8715653175497556,-0.4582198677924087,-0.6241455078125,-0.6241455078125
2015-04-28,141.39999389648438,142.17999267578125,139.1999969482422,140.24000549316406,138.9454345703125,0.3641906005725567,2.4771278717821588,3.3586578369140625,3.3586578369140625
2015-04-29,139.7899932861328,143.3699951171875,139.5399932861328,142.97999572753906,141.66017150878906,-0.4240771020737093,1.9538151410817275,2.7147369384765625,2.7147369384765625
2015-04-30,142.61000061035156,145.86000061035156,142.25,142.3300018310547,141.01617431640625,0.0581201352437482,-0.4546070963516113,-0.6439971923828125,-0.6439971923828125
2015-05-01,142.0,145.44000244140625,141.99000549316406,145.35000610351562,144.00831604003906,-0.9214774646605454,2.1218429291090857,2.9921417236328125,2.9921417236328125
2015-05-04,146.0,153.4199981689453,145.5399932861328,152.27000427246094,150.8643798828125,0.8271687927381585,4.760880504197562,6.8560638427734375,6.8560638427734375
2015-05-05,151.97999572753906,153.32000732421875,148.10000610351562,149.19000244140625,147.81283569335938,-0.0769868836595965,-2.022706878736702,-3.051544189453125,-3.051544189453125
2015-05-06,149.1699981689453,150.4600067138672,146.92999267578125,148.50999450683594,147.13909912109375,0.4703256260380293,-0.4558038340210846,-0.673736572265625,-0.673736572265625
2015-05-07,150.0500030517578,151.85000610351562,140.64999389648438,145.10000610351562,143.76058959960938,1.0752952711912227,-2.296133075209261,-3.378509521484375,-3.378509521484375
2015-05-08,145.88999938964844,146.97000122070312,144.19000244140625,146.6300048828125,145.27647399902344,-0.3807625376269895,1.0544505998730136,1.5158843994140625,1.5158843994140625
2015-05-11,145.94000244140625,146.8800048828125,144.6999969482422,146.17999267578125,144.8306121826172,-0.8038683823879947,-0.3069057254302954,-0.44586181640625,-0.44586181640625
2015-05-12,142.30999755859375,146.2100067138672,142.30999755859375,145.6699981689453,144.32530212402344,-0.5359491559427209,-0.3488972745324004,-0.50531005859375,-0.50531005859375
2015-05-13,146.69000244140625,146.69000244140625,143.42999267578125,144.66000366210938,143.32464599609375,-0.984297925679298,-0.6933338182585569,-1.0006561279296875,-1.0006561279296875
2015-05-14,144.80999755859375,147.2100067138672,144.1199951171875,146.7899932861328,145.43496704101562,-0.9329515214676236,1.4724062496406898,2.110321044921875,2.110321044921875
2015-05-15,147.11000061035156,147.72999572753906,145.6999969482422,146.4600067138672,145.10801696777344,-1.2550856663263414,-0.2248084349274703,-0.3269500732421875,-0.3269500732421875
2015-05-18,146.0399932861328,148.36000061035156,145.38999938964844,147.82000732421875,146.45547485351562,-1.118257538901935,0.9285895527339828,1.3474578857421875,1.3474578857421875
2015-05-19,148.3000030517578,149.25,145.50999450683594,145.5800018310547,144.23617553710938,-0.5829927888517411,-1.5153406307452766,-2.21929931640625,-2.21929931640625
2015-05-20,145.5800018310547,147.47999572753906,144.0800018310547,147.10000610351562,145.74212646484375,-0.8529199752382537,1.0440868402995962,1.505950927734375,1.505950927734375
2015-05-21,147.47000122070312,149.82000732421875,146.92999267578125,149.00999450683594,147.6344757080078,-1.0095408506548698,1.2984229673776104,1.8923492431640625,1.8923492431640625
2015-05-22,149.27999877929688,149.72999572753906,146.80999755859375,147.47999572753906,146.11859130859375,-0.917461544778068,-1.0267821199244742,-1.5158843994140625,-1.5158843994140625
2015-05-26,147.5,147.5,144.69000244140625,145.74000549316406,144.39466857910156,-0.9627840691660264,-1.1798106688911123,-1.7239227294921875,-1.7239227294921875
2015-05-27,145.32000732421875,146.57000732421875,143.74000549316406,146.42999267578125,145.0782928466797,-0.4914871858152932,0.4734414880447124,0.683624267578125,0.683624267578125
2015-05-28,146.4499969482422,147.2899932861328,143.6699981689453,146.5,145.14767456054688,-1.118544390322112,0.0478236354356065,0.0693817138671875,0.0693817138671875
2015-05-29,146.8000030517578,147.10000610351562,144.64999389648438,145.1300048828125,143.79031372070312,-1.0620346605472522,-0.9351585162857944,-1.35736083984375,-1.35736083984375
2015-06-01,146.1199951171875,147.02000427246094,142.72000122070312,143.67999267578125,142.3536834716797,-0.6796617174513743,-0.999114760827302,-1.4366302490234375,-1.4366302490234375
2015-06-02,143.6699981689453,145.25,142.72999572753906,143.00999450683594,141.68984985351562,-0.8718521689699326,-0.4663269695414196,-0.6638336181640625,-0.6638336181640625
2015-06-03,143.67999267578125,144.38999938964844,142.4600067138672,143.47000122070312,142.14564514160156,-0.826816496002151,0.3216852079080956,0.4557952880859375,0.4557952880859375
2015-06-04,143.30999755859375,143.58999633789062,141.5399932861328,143.2899932861328,141.96728515625,-1.0824011113798158,-0.1254769255673582,-0.1783599853515625,-0.1783599853515625
2015-06-05,143.1999969482422,145.10000610351562,142.0,144.94000244140625,143.60205078125,-1.0723613116736226,1.151508689625769,1.634765625,1.634765625
2015-06-08,144.63999938964844,145.0500030517578,142.02000427246094,142.67999267578125,141.36289978027344,-1.2499223407631563,-1.559275086111045,-2.2391510009765625,-2.2391510009765625
2015-06-09,142.0,143.8699951171875,141.14999389648438,143.25999450683594,141.93756103515625,-1.132026407070429,0.4065149029738535,0.5746612548828125,0.5746612548828125
2015-06-10,143.99000549316406,145.8800048828125,143.0800018310547,145.4499969482422,144.1073455810547,-0.8130476278336572,1.528689467448996,2.169784545898437,2.1697845458984375
2015-06-11,145.36000061035156,145.97000122070312,140.4199981689453,141.42999267578125,140.1244659423828,-0.1679187838556905,-2.7638283271491315,-3.982879638671875,-3.982879638671875
2015-06-12,140.5500030517578,144.0500030517578,140.5500030517578,143.66000366210938,142.33387756347656,-1.0551502264630053,1.5767493608162877,2.20941162109375,2.20941162109375
2015-06-15,142.8000030517578,144.0,141.16000366210938,141.97000122070312,140.65945434570312,-1.2599621404693495,-1.176405256736368,-1.6744232177734375,-1.6744232177734375
2015-06-16,141.8300018310547,143.77999877929688,141.49000549316406,143.50999450683594,142.18524169921875,-1.03966024977345,1.0847385699120249,1.525787353515625,1.525787353515625
2015-06-17,143.85000610351562,144.47999572753906,142.17999267578125,143.32000732421875,141.99703979492188,-1.3273722242109336,-0.1323638811227656,-0.188201904296875,-0.188201904296875
2015-06-18,143.3800048828125,146.0,143.07000732421875,145.4600067138672,144.1172637939453,-1.3173324245047402,1.4931466191728804,2.120223999023437,2.1202239990234375
2015-06-19,144.83999633789062,147.74000549316406,144.83999633789062,147.16000366210938,145.80157470703125,-1.0562976321437132,1.1687086395798518,1.6843109130859375,1.6843109130859375
2015-06-22,148.5,148.5,145.39999389648438,146.72000122070312,145.36563110351562,-1.2533645578052797,-0.2989978704904916,-0.435943603515625,-0.435943603515625
2015-06-23,148.05999755859375,151.8000030517578,146.91000366210938,150.99000549316406,149.59619140625,-0.5482837670103299,2.910289227666052,4.230560302734375,4.230560302734375
2015-06-24,150.61000061035156,151.4499969482422,148.6699981689453,149.13999938964844,147.76327514648438,-1.276312671419436,-1.2252425964428992,-1.832916259765625,-1.832916259765625
2015-06-25,149.22000122070312,151.0500030517578,147.97000122070312,149.63999938964844,148.2586669921875,-1.3351172125557111,0.3352604665888936,0.495391845703125,0.495391845703125
2015-06-26,148.94000244140625,150.02000427246094,146.9499969482422,147.72999572753906,146.46713256835938,-1.263978060351827,-1.208384278756891,-1.791534423828125,-1.791534423828125
2015-06-29,146.4600067138672,146.5500030517578,140.63999938964844,141.1300048828125,139.92355346679688,-1.0769509343964538,-4.467609208167211,-6.5435791015625,-6.5435791015625
2015-06-30,142.6999969482422,143.3699951171875,141.5,141.6999969482422,140.4886474609375,-0.856935895120731,0.403859093154546,0.565093994140625,0.565093994140625
2015-07-01,142.4499969482422,143.1199951171875,140.24000549316406,141.4600067138672,140.250732421875,-0.6983070597628761,-0.1693482308801175,-0.2379150390625,-0.2379150390625
2015-07-02,141.0399932861328,141.72000122070312,136.50999450683594,138.7100067138672,137.5242156982422,-0.4693996264616679,-1.9440302924275896,-2.7265167236328125,-2.7265167236328125
2015-07-06,137.50999450683594,138.14999389648438,135.11000061035156,135.99000549316406,134.82748413085938,-0.7083468594690695,-1.9609139769973472,-2.6967315673828125,-2.6967315673828125
2015-07-07,135.67999267578125,136.3699951171875,133.11000061035156,135.2899932861328,134.1334686279297,0.2422787469973518,-0.5147433458419282,-0.6940155029296875,-0.6940155029296875
2015-07-08,133.91000366210938,135.00999450683594,129.6300048828125,129.89999389648438,128.78953552246094,-0.3827704975682281,-3.9840415372334737,-5.34393310546875,-5.34393310546875
2015-07-09,130.80999755859375,133.7899932861328,129.27999877929688,133.30999755859375,132.17037963867188,-0.7657171435044601,2.6250922503104457,3.380844116210937,3.3808441162109375
2015-07-10,134.52000427246094,136.69000244140625,133.97000122070312,135.6300048828125,134.47056579589844,-1.0921540596658323,1.740318945526842,2.3001861572265625,2.3001861572265625
2015-07-13,135.99000549316406,137.42999267578125,135.02999877929688,135.63999938964844,134.48046875,-1.0597398491858363,0.0073644027917652,0.0099029541015625,0.0099029541015625
2015-07-14,135.3300018310547,137.61000061035156,134.85000610351562,134.89999389648438,133.74679565429688,-0.9736844231327508,-0.5455610785139564,-0.733673095703125,-0.733673095703125
2015-07-15,135.2899932861328,136.72999572753906,134.27999877929688,135.60000610351562,134.44081115722656,-0.5431204414471447,0.5189025273723669,0.6940155029296875,0.6940155029296875
2015-07-16,136.8800048828125,137.47999572753906,134.92999267578125,136.00999450683594,134.84732055664062,-0.6340523416432388,0.3023705345980509,0.4065093994140625,0.4065093994140625
2015-07-17,136.27999877929688,138.08999633789062,135.5800018310547,137.1199951171875,135.9477996826172,-1.184807068382988,0.8160926901875865,1.1004791259765625,1.1004791259765625
2015-07-20,136.4499969482422,137.69000244140625,135.88999938964844,136.7899932861328,135.62062072753906,-1.1747672686767947,-0.2406651345898569,-0.327178955078125,-0.327178955078125
2015-07-21,137.1699981689453,138.86000061035156,134.61000061035156,134.6300048828125,133.4791259765625,-1.0419550611348656,-1.5790332911680194,-2.1414947509765625,-2.1414947509765625
2015-07-22,134.17999267578125,136.05999755859375,134.17999267578125,134.8300018310547,133.6774139404297,-1.1833728112821031,0.1485535378033642,0.1982879638671875,0.1982879638671875
2015-07-23,135.0,135.72000122070312,132.55999755859375,133.1199951171875,131.98204040527344,-0.966799989048504,-1.2682572808535575,-1.69537353515625,-1.69537353515625
2015-07-24,134.0,135.6199951171875,131.07000732421875,131.38999938964844,130.2667999267578,-0.5339411960014823,-1.2996014255035604,-1.715240478515625,-1.715240478515625
2015-07-27,130.19000244140625,131.64999389648438,127.87999725341795,128.88999938964844,127.78817749023438,-0.5391045215646674,-1.9027276619346112,-2.478622436523437,-2.4786224365234375
2015-07-28,129.88999938964844,129.88999938964844,127.01000213623048,128.63999938964844,127.54031372070312,-0.3053206141204509,-0.1939645547806567,-0.24786376953125,-0.24786376953125
2015-07-29,129.0,134.5,128.55999755859375,134.0,132.85452270507812,-0.164763418233744,4.1666895974651785,5.314208984375,5.314208984375
2015-07-30,133.60000610351562,133.6199951171875,130.41000366210938,130.67999267578125,129.56283569335938,-0.7617012236219827,-2.477662743199127,-3.29168701171875,-3.29168701171875
2015-07-31,130.8699951171875,131.5500030517578,129.49000549316406,130.69000244140625,129.57276916503906,-1.1219866073642353,0.0076669143790564,0.0099334716796875,0.0099334716796875
2015-08-03,130.1699981689453,131.14999389648438,127.23999786376952,128.39999389648438,127.30235290527344,-0.4174795194096394,-1.7522325673797634,-2.270416259765625,-2.270416259765625
2015-08-04,128.2100067138672,130.08999633789062,127.79000091552734,129.1699981689453,128.06578063964844,-0.8337009300863978,0.5996964839629193,0.763427734375,0.763427734375
2015-08-05,129.3000030517578,132.1999969482422,128.5,131.9199981689453,130.79226684570312,-0.3497825842478785,2.128973245184418,2.7264862060546875,2.7264862060546875
2015-08-06,125.29000091552734,127.86000061035156,119.05999755859376,121.0,119.9656219482422,1.7858262389695343,-8.277740847043514,-10.826644897460923,-10.826644897460923
2015-08-07,121.08999633789062,122.08000183105467,120.41999816894533,121.13999938964844,120.10443115234376,-0.4650968551590135,0.1157074850672179,0.1388092041015625,0.1388092041015625
2015-08-10,122.12999725341795,125.20999908447266,121.73999786376952,123.66000366210938,122.60289001464844,-0.8136213306740111,2.0802387042119674,2.4984588623046733,2.4984588623046733
2015-08-11,121.5199966430664,123.94000244140624,121.5199966430664,123.1999969482422,122.14681243896484,-0.3414638930627469,-0.3719957789160566,-0.4560775756835937,-0.45607757568359375
2015-08-12,121.6500015258789,122.73999786376952,120.83999633789062,121.2699966430664,120.23332214355467,-0.5577498638761693,-1.56654951300208,-1.9134902954101705,-1.9134902954101705
2015-08-13,121.55999755859376,121.97000122070312,118.63999938964844,120.23999786376952,119.2121124267578,-0.1421021560397647,-0.8493566497127847,-1.021209716796875,-1.021209716796875
2015-08-14,120.33000183105467,121.33000183105467,119.01000213623048,119.75,118.72631072998048,-1.2438984609394403,-0.4075103501548827,-0.4858016967773153,-0.48580169677731533
2015-08-17,118.91999816894533,121.13999938964844,117.54000091552734,121.12000274658205,120.08460235595705,-0.6859724486952672,1.144052752608249,1.3582916259765625,1.3582916259765625
2015-08-18,121.1500015258789,121.2699966430664,117.80999755859376,117.93000030517578,116.92186737060548,-0.8110396678924185,-2.6337556383594696,-3.1627349853515625,-3.1627349853515625
2015-08-19,117.61000061035156,117.98999786376952,113.83000183105467,113.88999938964844,112.9164047241211,0.2394102327955823,-3.425760070858541,-4.005462646484389,-4.005462646484389
2015-08-20,112.37999725341795,113.63999938964844,107.6999969482422,107.87999725341795,106.957763671875,-0.2009066971760401,-5.277037527721795,-5.958641052246094,-5.958641052246094
2015-08-21,108.29000091552734,109.11000061035156,104.75,106.54000091552734,105.62923431396484,0.5236799901909425,-1.2421065215853069,-1.3285293579101562,-1.3285293579101562
2015-08-24,102.58999633789062,105.91000366210938,98.08999633789062,103.48999786376952,102.60529327392578,-0.4576387182344128,-2.862787995841109,-3.0239410400390625,-3.0239410400390625
2015-08-25,107.02999877929688,107.31999969482422,101.73999786376952,102.16000366210938,101.28668212890624,0.065004569327995,-1.2851297461810685,-1.3186111450195457,-1.3186111450195455
2015-08-26,105.12999725341795,105.83000183105467,101.01000213623048,104.76000213623048,103.86444854736328,-0.456491312553705,2.545020099657669,2.577766418457045,2.5777664184570455
2015-08-27,106.48999786376952,112.41000366210938,106.48999786376952,111.97000122070312,111.01282501220705,0.587647856890403,6.882409298677428,7.148376464843764,7.148376464843764
2015-08-28,110.8000030517578,114.12999725341795,110.54000091552734,113.19000244140624,112.2223892211914,-0.6756457975688969,1.08957159576053,1.2095642089843608,1.2095642089843608
2015-08-31,112.75,113.08999633789062,109.54000091552734,110.0500030517578,109.10923767089844,-0.6618769294004031,-2.774091312703131,-3.1131515502929688,-3.1131515502929688
2015-09-01,108.0,111.19000244140624,107.5,108.62999725341795,107.70136260986328,0.9404751037080548,-1.2903353474814527,-1.4078750610351562,-1.4078750610351562
2015-09-02,109.8000030517578,112.0,109.02999877929688,109.94000244140624,109.00016021728516,0.2528922495438991,1.2059249539178252,1.298797607421875,1.298797607421875
2015-09-03,110.08000183105467,112.95999908447266,110.04000091552734,112.2300033569336,111.2706069946289,-0.2749143635816939,2.082975633079576,2.27044677734375,2.27044677734375
2015-09-04,110.5,111.26000213623048,107.25,108.18000030517578,107.25520324707033,-0.6831039344934976,-3.60868324170498,-4.01540374755858,-4.0154037475585795
2015-09-08,110.1999969482422,111.08999633789062,108.72000122070312,109.5500030517578,108.6135025024414,-0.8586570036417928,1.2664180517584225,1.3582992553710795,1.3582992553710795
2015-09-09,110.0,111.62999725341795,107.5999984741211,108.05999755859376,107.13623809814452,-0.7605538179412749,-1.3601111926794585,-1.4772644042968892,-1.4772644042968892
2015-09-10,107.0999984741211,108.5,105.5500030517578,107.0,106.08529663085938,-0.5388176701444904,-0.9809393030231316,-1.050941467285142,-1.050941467285142
2015-09-11,106.7300033569336,107.3000030517578,104.27999877929688,105.25,104.35025787353516,-0.2961413686747884,-1.635512943288986,-1.7350387573242188,-1.7350387573242188
2015-09-14,105.94000244140624,106.2699966430664,104.0199966430664,106.0999984741211,105.1929931640625,-1.076090380135923,0.8076024992182296,0.8427352905273438,0.8427352905273438
2015-09-15,106.0999984741211,108.41999816894533,105.66000366210938,108.1999969482422,107.27503967285156,-0.0474411873813703,1.9792634910025253,2.0820465087890625,2.0820465087890625
2015-09-16,108.81999969482422,109.86000061035156,107.61000061035156,109.27999877929688,108.34581756591795,-0.5649211493805931,0.9981612650359796,1.070777893066392,1.070777893066392
2015-09-17,109.12000274658205,109.4499969482422,104.62000274658205,104.91000366210938,104.01316833496094,0.2580555751070842,-3.9989076904800913,-4.332649230957017,-4.332649230957017
2015-09-18,103.62000274658205,104.16999816894533,97.91999816894533,99.63999938964844,98.78821563720705,1.8125034210459912,-5.023356928160871,-5.224952697753892,-5.224952697753892
2015-09-21,100.58000183105467,100.7300033569336,97.30999755859376,98.68000030517578,97.83643341064452,-0.0893214947272054,-0.9634572508707806,-0.9517822265625284,-0.9517822265625284
2015-09-22,96.27999877929688,97.41999816894533,94.9000015258789,95.5,94.68362426757812,0.3650511548330876,-3.2225307415216675,-3.152809143066392,-3.152809143066392
2015-09-23,95.1500015258789,96.25,92.27999877929688,92.58999633789062,91.79847717285156,0.052956809680563,-3.047144759238485,-2.8851470947265625,-2.8851470947265625
2015-09-24,91.41999816894533,92.73999786376952,89.72000122070312,92.5199966430664,91.72909545898438,0.2090039822568253,-0.0755804627745049,-0.0693817138671875,-0.0693817138671875
2015-09-25,93.63999938964844,94.55999755859376,91.56999969482422,91.9000015258789,91.11439514160156,-0.3388822302811544,-0.6701257810371342,-0.6147003173828125,-0.6147003173828125
2015-09-28,90.87000274658205,93.4499969482422,88.6500015258789,90.05000305175781,89.38038635253906,0.0830762087991431,-1.903111782027045,-1.7340087890625,-1.7340087890625
2015-09-29,90.05000305175781,92.18000030517578,85.75,86.69999694824219,86.05529022216797,0.3389476755969849,-3.720163076109406,-3.3250961303710938,-3.3250961303710938
2015-09-30,88.02999877929688,91.33999633789062,88.02999877929688,91.05999755859376,90.38287353515624,-0.0104373541785434,5.02884053010082,4.327583312988267,4.327583312988267
2015-10-01,90.58999633789062,91.81999969482422,89.16000366210938,90.68000030517578,90.00569915771484,-0.3457666643654012,-0.4173073533612292,-0.377174377441392,-0.37717437744139204
2015-10-02,89.66999816894531,95.72000122070312,88.19000244140625,95.5,94.78985595703124,0.0271401818646373,5.315393185195116,4.784156799316392,4.784156799316392
2015-10-05,96.0,97.41999816894533,94.62999725341795,96.70999908447266,95.99085998535156,-0.5973353598605888,1.2670174632027686,1.2010040283203267,1.2010040283203267
2015-10-06,97.05999755859376,97.86000061035156,93.79000091552734,94.9800033569336,94.27371978759766,-0.4524753926712276,-1.7888580204573068,-1.7171401977539062,-1.7171401977539062
2015-10-07,95.87000274658205,97.08999633789062,93.52999877929688,94.6999969482422,93.9958038330078,0.1894980856847925,-0.2947968481736063,-0.2779159545898579,-0.27791595458985796
2015-10-08,94.0999984741211,94.87999725341795,92.5999984741211,94.3499984741211,93.64839935302734,-0.30446005985992,-0.3695957328027632,-0.3474044799804545,-0.34740447998045454
2015-10-09,94.94000244140624,95.18000030517578,93.0500030517578,94.02999877929688,93.33079528808594,-0.365272560937434,-0.3391452145851792,-0.3176040649414062,-0.31760406494140625
2015-10-12,94.1999969482422,94.1999969482422,91.72000122070312,92.5500030517578,91.8617935180664,-0.7272790532007484,-1.5739732694713848,-1.4690017700195312,-1.4690017700195312
2015-10-13,91.20999908447266,93.98999786376952,91.20999908447266,93.38999938964844,92.6955337524414,-0.9277881959044384,0.9076028264253688,0.833740234375,0.833740234375
2015-10-14,93.5199966430664,94.43000030517578,90.27999877929688,90.87999725341795,90.20420837402344,-0.7232631333182711,-2.687643382119642,-2.4913253784179688,-2.4913253784179688
2015-10-15,91.20999908447266,94.62999725341795,91.05999755859376,93.66000366210938,92.96353912353516,-0.5703713263639553,3.058982279485689,2.7593307495117188,2.7593307495117188
2015-10-16,94.20999908447266,96.05999755859376,94.0199966430664,95.72000122070312,95.00823211669922,-0.7568247494789745,2.1994569187463453,2.0446929931640625,2.0446929931640625
2015-10-19,95.11000061035156,97.08000183105467,94.73999786376952,96.48999786376952,95.7724838256836,-0.868983654768163,0.804405778275763,0.764251708984375,0.764251708984375
2015-10-20,96.48999786376952,103.66999816894533,94.87999725341795,96.61000061035156,95.8916015625,-0.3887943773919441,0.1243757414010726,0.1191177368164062,0.11911773681640625
2015-10-21,97.0,97.5,94.75,95.33999633789062,94.63104248046876,-0.8867684428191341,-1.314566720641985,-1.2605590820312358,-1.2605590820312358
2015-10-22,96.33999633789062,99.87999725341795,96.33999633789062,97.4800033569336,96.75513458251952,-0.6526976839547407,2.24460393373469,2.124092102050753,2.124092102050753
2015-10-23,98.69000244140624,99.77999877929688,97.0,99.0500030517578,98.31346130371094,0.2807168373010635,1.610588138722879,1.5583267211914205,1.5583267211914205
2015-10-26,101.0199966430664,102.31999969482422,98.51000213623048,99.5999984741211,98.85936737060548,-0.4269456162754788,0.5552709259295963,0.5459060668945455,0.5459060668945455
2015-10-27,99.1500015258789,100.76000213623048,97.23999786376952,97.33999633789062,96.61617279052734,-0.820792616178435,-2.269076405950299,-2.243194580078139,-2.243194580078139
2015-10-28,97.52999877929688,98.6500015258789,96.0199966430664,97.1500015258789,96.42759704589844,-0.2686036323378009,-0.1951803090335158,-0.1885757446289062,-0.18857574462890625
2015-10-29,96.5,96.86000061035156,94.25,95.23999786376952,94.5317840576172,0.654197386371456,-1.966048150488342,-1.895812988281236,-1.8958129882812358
2015-10-30,96.0,98.41999816894533,95.4000015258789,98.37000274658205,97.63849639892578,-0.2040620627979865,3.2864209347990725,3.1067123413085795,3.1067123413085795
2015-11-02,98.12000274658205,102.5999984741211,97.9499969482422,101.97000122070312,101.21175384521484,0.496142253853955,3.659680943559041,3.5732574462890625,3.5732574462890625
2015-11-03,102.12999725341795,105.29000091552734,101.43000030517578,104.2300033569336,103.4549331665039,-0.0767000322394195,2.216322942807225,2.2431793212890625,2.2431793212890625
2015-11-04,104.5999984741211,109.5500030517578,104.26000213623048,107.0,106.20433807373048,2.231306494504342,2.657587050780452,2.7494049072265767,2.7494049072265767
2015-11-06,116.43000030517578,118.87999725341795,114.83000183105467,118.69000244140624,117.80741119384766,-0.1521419557459581,10.92523462842163,11.603073120117172,11.603073120117173
2015-11-09,118.94000244140624,120.6500015258789,117.16000366210938,118.11000061035156,117.2317123413086,-0.3793282805261047,-0.4886779589713397,-0.5756988525390625,-0.5756988525390625
2015-11-10,118.08999633789062,120.0,116.7300033569336,119.6500015258789,118.76026153564452,-0.4734155463441452,1.3038700568372752,1.5285491943359233,1.5285491943359233
2015-11-11,121.0,121.91000366210938,118.7699966430664,119.80999755859376,118.91907501220705,-0.6483949126520864,0.1337261088085961,0.1588134765625284,0.15881347656252842
2015-11-12,119.19000244140624,121.22000122070312,118.20999908447266,120.52999877929688,119.63372039794922,-0.3842047546691129,0.6009510128369255,0.7146453857421733,0.7146453857421733
2015-11-13,120.0,120.3499984741211,118.0999984741211,118.0999984741211,117.2217788696289,0.3375134184961001,-2.016105091689236,-2.4119415283203125,-2.4119415283203125
2015-11-16,118.43000030517578,119.62000274658205,117.5,119.48999786376952,118.60147094726562,-0.3715832921813269,1.1769929538189228,1.3796920776367188,1.3796920776367188
2015-11-17,119.73999786376952,120.98999786376952,118.7699966430664,120.25,119.35578918457033,-0.8334140786662209,0.6360108616528803,0.7543182373047017,0.7543182373047017
2015-11-18,120.7699966430664,121.13999938964844,119.29000091552734,121.0,120.10023498535156,-0.5416861843462599,0.6237198931591248,0.7444458007812358,0.7444458007812358
2015-11-19,121.3499984741211,122.62999725341795,119.62999725341795,120.52999877929688,119.63372039794922,-0.2100859426217026,-0.3884376974443437,-0.4665145874023437,-0.46651458740234375
2015-11-20,121.1500015258789,122.51000213623048,120.69000244140624,121.3499984741211,120.44763946533205,-0.2734801064808091,0.6803425193794954,0.8139190673828267,0.8139190673828267
2015-11-23,121.83000183105467,127.7699966430664,121.61000061035156,125.36000061035156,124.42779541015624,0.9057660818666436,3.304469861337367,3.9801559448241903,3.9801559448241903
2015-11-24,124.52999877929688,125.97000122070312,122.0,124.38999938964844,123.46502685546876,-0.2126676054032951,-0.7737568213869395,-0.9627685546874716,-0.9627685546874716
2015-11-25,123.72000122070312,126.79000091552734,123.5,126.19000244140624,125.25163269042967,-0.8457486897338299,1.447054182438534,1.786605834960909,1.786605834960909
2015-11-27,125.9499969482422,127.1999969482422,124.27999877929688,125.13999938964844,124.2094497680664,-1.3767106684813697,-0.8320713271172342,-1.042182922363267,-1.042182922363267
2015-11-30,125.44000244140624,125.63999938964844,122.2699966430664,123.23999786376952,122.32357788085938,0.0323035074278224,-1.5182998481423793,-1.8858718872070312,-1.8858718872070312
2015-12-01,124.23999786376952,126.33999633789062,123.48999786376952,125.55999755859376,124.6263198852539,-0.6194229192142141,1.882500532021192,2.3027420043945312,2.3027420043945312
2015-12-02,125.30999755859376,125.70999908447266,123.5500030517578,124.5199966430664,123.59405517578124,-0.8511988667171919,-0.828287885274237,-1.0322647094726705,-1.0322647094726705
2015-12-03,125.4499969482422,125.4499969482422,119.5500030517578,120.6500015258789,119.75283813476562,-0.2972887743554962,-3.1079302605230064,-3.841217041015611,-3.841217041015611
2015-12-04,120.54000091552734,122.13999938964844,118.66999816894533,121.77999877929688,120.87443542480467,-0.7023229796453535,0.9365934933223352,1.1215972900390483,1.1215972900390483
2015-12-07,121.29000091552734,122.1999969482422,118.33999633789062,119.8000030517578,118.9091567993164,-0.7895258113791471,-1.6258844300545694,-1.965278625488267,-1.965278625488267
2015-12-08,118.25,120.5199966430664,116.8000030517578,119.5199966430664,118.63121795654295,-0.8658282891462166,-0.2337404874904081,-0.2779388427734517,-0.2779388427734517
2015-12-09,118.97000122070312,120.44000244140624,115.2300033569336,116.75,115.8818359375,-0.7006018711242917,-2.3175872813259946,-2.7493820190429545,-2.7493820190429545
2015-12-10,116.88999938964844,119.98999786376952,115.26000213623048,118.22000122070312,117.34091186523438,-0.5672159607420088,1.259106671835375,1.459075927734375,1.459075927734375
2015-12-11,116.25,117.0199966430664,113.0199966430664,114.11000061035156,113.26145935058594,0.0440644156550775,-3.4765815688680424,-4.0794525146484375,-4.0794525146484375
2015-12-14,114.1500015258789,116.6999969482422,112.0,115.7300033569336,114.86942291259766,-0.5471363613296221,1.4196917214658766,1.6079635620117188,1.6079635620117188
2015-12-15,117.3000030517578,119.3000030517578,114.87999725341795,118.44000244140624,117.55927276611328,-0.5755346519271404,2.3416587158815005,2.689849853515625,2.689849853515625
2015-12-16,118.77999877929688,120.41999816894533,114.58000183105467,116.5999984741211,115.73294830322266,-0.5018138369416635,-1.5535350125243983,-1.826324462890625,-1.826324462890625
2015-12-17,115.0,117.13999938964844,110.5,114.26000213623048,113.41034698486328,-0.1094010941395921,-2.0068626544224144,-2.322601318359375,-2.322601318359375
2015-12-18,114.11000061035156,114.41999816894533,111.08999633789062,111.55999755859376,110.73043060302734,-0.4573518668142358,-2.3630263490804992,-2.679916381835937,-2.6799163818359375
2015-12-21,112.62000274658205,113.33000183105467,111.05999755859376,112.7300033569336,111.8917236328125,-0.8276770502626818,1.0487568985877438,1.1612930297851562,1.1612930297851562
2015-12-22,112.8499984741211,112.95999908447266,111.1500015258789,111.7699966430664,110.93887329101562,-0.826529644581974,-0.8515825039247527,-0.952850341796875,-0.952850341796875
2015-12-23,111.8499984741211,114.08000183105467,110.16999816894533,113.7699966430664,112.92398834228516,-1.0322021128488492,1.7893773322018136,1.9851150512695312,1.9851150512695312
2015-12-24,113.9499969482422,114.87999725341795,113.08999633789062,114.08999633789062,113.24160766601562,-1.4231805985500356,0.2812682481314166,0.3176193237304687,0.31761932373046875
2015-12-28,114.36000061035156,114.5999984741211,111.69000244140624,113.98999786376952,113.14234924316406,-0.7645697378237523,-0.0876519018913168,-0.0992584228515625,-0.0992584228515625
2015-12-29,114.80999755859376,115.55999755859376,113.30999755859376,115.12000274658205,114.36730194091795,-1.1624326576091857,1.0826650727582487,1.224952697753892,1.224952697753892
2015-12-30,114.58999633789062,115.30999755859376,113.83999633789062,114.36000061035156,113.61227416992188,-1.0172858389996475,-0.6601780038372529,-0.7550277709960795,-0.7550277709960795
2015-12-31,114.18000030517578,115.25,112.68000030517578,114.33999633789062,113.59239196777344,-1.2137790618208602,-0.0175000476785647,-0.0198822021484375,-0.0198822021484375
2016-01-04,112.36000061035156,112.83999633789062,108.1500015258789,109.9499969482422,109.2311019897461,-0.2080779826804639,-3.839420847185482,-4.361289978027344,-4.361289978027344
2016-01-05,110.51000213623048,112.36000061035156,108.5999984741211,109.68000030517578,108.9628677368164,-0.5023875397820174,-0.2455658214954859,-0.2682342529296875,-0.2682342529296875
2016-01-06,107.9800033569336,108.9800033569336,106.11000061035156,107.33000183105467,106.62824249267578,-0.0821502092227816,-2.142587922501782,-2.334625244140625,-2.334625244140625
2016-01-07,104.97000122070312,106.1999969482422,101.62999725341795,102.93000030517578,102.25700378417967,-0.3810493890471664,-4.09951304298799,-4.371238708496108,-4.371238708496108
2016-01-08,104.38999938964844,104.87999725341795,100.86000061035156,101.08999633789062,100.42903137207033,-0.4699733293020218,-1.7876256339051433,-1.8279724121093464,-1.8279724121093466
2016-01-11,102.0,102.98999786376952,97.0999984741211,98.76000213623048,98.11427307128906,0.3650511548330876,-2.304869686739808,-2.314758300781264,-2.314758300781264
2016-01-12,101.69000244140624,105.8499984741211,100.73999786376952,104.8499984741211,104.1644515991211,1.1799960395558104,6.166461146214708,6.050178527832031,6.050178527832031
2016-01-13,106.5,107.41000366210938,99.83000183105467,100.5500030517578,99.89257049560548,0.8174158444521421,-4.101093067677275,-4.271881103515611,-4.271881103515611
2016-01-14,101.0,106.16999816894533,97.52999877929688,104.87999725341795,104.19425201416016,-0.4123161938464543,4.306307763642847,4.301681518554673,4.301681518554673
2016-01-15,100.01000213623048,103.98999786376952,94.77999877929688,96.4000015258789,95.76969909667967,0.903471270505228,-8.08542962267782,-8.424552917480483,-8.424552917480483
2016-01-19,98.30999755859376,99.36000061035156,93.91999816894533,96.48999786376952,95.85910034179688,0.5159350018461648,0.0933502412145514,0.0894012451172017,0.08940124511720171
2016-01-20,94.9000015258789,97.25,90.0999984741211,96.2300033569336,95.60079956054688,0.6134644847063287,-0.2694587997686182,-0.25830078125,-0.25830078125
2016-01-21,96.6999969482422,98.61000061035156,94.3499984741211,97.5,96.8625030517578,0.5299907214348355,1.3197624884003778,1.2617034912109233,1.2617034912109233
2016-01-22,100.23999786376952,103.18000030517578,100.0,101.1500015258789,100.48863983154295,1.3575570686453442,3.7435918601520735,3.626136779785156,3.6261367797851562
2016-01-25,100.80999755859376,101.8499984741211,99.83000183105467,100.37000274658205,99.7137451171875,-0.6601558208793414,-0.7711266822344021,-0.7748947143554545,-0.7748947143554545
2016-01-26,101.06999969482422,101.06999969482422,98.0500030517578,99.0,98.35270690917967,-0.2651614152956775,-1.364945430951647,-1.3610382080078267,-1.3610382080078267
2016-01-27,98.91999816894533,99.88999938964844,97.0,97.2300033569336,96.59427642822266,-0.0216245595654446,-1.7878821399199274,-1.758430480957017,-1.758430480957017
2016-01-28,98.9499969482422,99.38999938964844,96.11000061035156,96.86000061035156,96.22669219970705,-0.2290181363533814,-0.3805445230378179,-0.3675842285156108,-0.3675842285156108
2016-01-29,97.0500030517578,99.0,96.86000061035156,98.23999786376952,97.59766387939452,-0.1492734415441886,1.4247311721389933,1.3709716796874716,1.3709716796874716
2016-02-01,97.72000122070312,99.62000274658205,97.3000030517578,99.0,98.35270690917967,-0.4252245077544171,0.7736281789676891,0.7550430297851562,0.7550430297851562
2016-02-02,98.6999969482422,98.6999969482422,95.81999969482422,96.12000274658205,95.49153137207033,-0.3655594123576109,-2.9090968891699154,-2.8611755371093466,-2.8611755371093466
2016-02-03,96.75,97.6500015258789,91.87000274658205,95.37000274658205,94.74642944335938,-0.0293695479102223,-0.7802806364134662,-0.7451019287109517,-0.7451019287109517
2016-02-04,95.54000091552734,98.45999908447266,93.97000122070312,96.63999938964844,96.00813293457033,-0.3431850015838086,1.3316633657052046,1.2617034912109517,1.2617034912109517
2016-02-05,95.91999816894533,95.9800033569336,89.01000213623047,90.25,89.65990447998047,0.204701210954171,-6.612177802599472,-6.348228454589858,-6.348228454589858
2016-02-08,88.0,90.0,84.19999694824219,85.87000274658203,85.30854034423828,0.0302955474865838,-4.853188458073554,-4.351364135742188,-4.3513641357421875
2016-02-09,84.94000244140625,88.19000244140625,84.19000244140625,85.81999969482422,85.25887298583984,-0.4415750387045034,-0.058220851274704,-0.0496673583984375,-0.0496673583984375
2016-02-10,86.58999633789062,89.77999877929688,86.02999877929688,87.70999908447266,87.13652038574219,-0.8385774042294061,2.202289725568152,1.877647399902344,1.8776473999023438
2016-02-11,85.58000183105469,89.7699966430664,85.58000183105469,89.04000091552734,88.45781707763672,-0.3781808748453969,1.5163523698735304,1.3212966918945312,1.3212966918945312
2016-02-12,90.54000091552734,93.43000030517578,89.16000366210938,91.9499969482422,91.34879302978516,-0.6960122484014605,3.268197257921379,2.890975952148437,2.8909759521484375
2016-02-16,93.76000213623048,97.37000274658205,92.9499969482422,95.76000213623048,95.13387298583984,-0.6417973299880164,4.143546762375427,3.785079956054688,3.7850799560546875
2016-02-17,96.9800033569336,98.30999755859376,96.3000030517578,98.23999786376952,97.59766387939452,-0.3035995055993892,2.5898145594486666,2.4637908935546733,2.4637908935546733
2016-02-18,99.9000015258789,100.81999969482422,97.33000183105467,98.8000030517578,98.1540069580078,-0.4389933759229109,0.5700372903400419,0.5563430786132812,0.5563430786132812
2016-02-19,98.0,101.30999755859376,97.66999816894533,100.4800033569336,99.8230209350586,-0.128620139291448,1.7004033037233413,1.6690139770507957,1.6690139770507955
2016-02-22,101.4800033569336,101.98999786376952,98.66000366210938,99.9800033569336,99.3262939453125,0.0716021519920649,-0.497607651114107,-0.4967269897460937,-0.49672698974609375
2016-02-23,99.37999725341795,100.22000122070312,97.83999633789062,98.37999725341795,97.73674774169922,0.1295461388678094,-1.6003277082787926,-1.5895462036132812,-1.5895462036132812
2016-02-24,97.25,103.5500030517578,95.41999816894533,103.0999984741211,102.42588806152344,0.4166844104649391,4.797724937826642,4.689140319824219,4.689140319824219
2016-02-25,103.6500015258789,103.69000244140624,100.61000061035156,102.55999755859376,101.8894271850586,0.2035538052734632,-0.5237551625060011,-0.5364608764648438,-0.5364608764648438
2016-02-26,104.23999786376952,104.94000244140624,94.55999755859376,97.55999755859376,96.92211151123048,3.968191843675792,-4.875202276685808,-4.967315673828111,-4.967315673828111
2016-02-29,97.95999908447266,103.33999633789062,96.5999984741211,101.76000213623048,101.09465026855467,0.6289544613958842,4.305043185982083,4.17253875732419,4.17253875732419
2016-03-01,102.52999877929688,104.98999786376952,101.47000122070312,104.9499969482422,104.2637939453125,0.7015278707006531,3.1348282706741726,3.1691436767578267,3.1691436767578267
2016-03-02,105.83999633789062,106.1500015258789,104.56999969482422,105.91000366210938,105.21751403808594,-0.2617191982535541,0.9147183856302644,0.9537200927734376,0.9537200927734375
2016-03-03,106.1999969482422,107.91000366210938,104.08999633789062,106.52999877929688,105.83346557617188,-0.1988987372348014,0.5854078037454746,0.6159515380859375,0.6159515380859375
2016-03-04,107.63999938964844,110.22000122070312,106.61000061035156,108.87999725341795,108.1680908203125,-0.1291938421318019,2.205942356163626,2.334625244140625,2.334625244140625
2016-03-07,108.66999816894533,111.0,107.5999984741211,110.41999816894533,109.69802856445312,-0.0110110570188973,1.4144076432689667,1.529937744140625,1.529937744140625
2016-03-08,110.04000091552734,110.6999969482422,106.69000244140624,109.01000213623048,108.29724884033205,-0.3558064640715946,-1.2769415662725936,-1.4007797241210795,-1.4007797241210795
2016-03-09,110.1999969482422,111.8000030517578,108.0,111.1999969482422,110.47293853759766,-0.0534650672050864,2.0089981237412013,2.175689697265611,2.175689697265611
2016-03-10,112.0,114.2699966430664,109.75,113.5199966430664,112.77775573730467,0.3633300463120259,2.086318360149897,2.304817199707017,2.304817199707017
2016-03-11,114.36000061035156,115.98999786376952,113.2699966430664,115.6500015258789,114.89383697509766,-0.3543722069707098,1.876328557842566,2.116081237792983,2.116081237792983
2016-03-14,115.43000030517578,116.93000030517578,114.5999984741211,114.94000244140624,114.1884765625,-0.5675028121621857,-0.6139236282539096,-0.7053604125976562,-0.7053604125976562
2016-03-15,113.75,114.91000366210938,111.45999908447266,113.19000244140624,112.44992065429688,-0.3219579964907141,-1.5225318355583273,-1.738555908203125,-1.738555908203125
2016-03-16,112.31999969482422,114.01000213623048,110.87000274658205,113.70999908447266,112.96651458740234,0.3547245037067173,0.4593991085984239,0.5165939331054688,0.5165939331054688
2016-03-17,113.6500015258789,115.97000122070312,112.23999786376952,114.91999816894533,114.16860961914062,0.0016104054688885,1.0641162437637464,1.2020950317382812,1.2020950317382812
2016-03-18,115.02999877929688,115.77999877929688,114.2300033569336,114.6999969482422,113.95004272460938,-0.8374299985486983,-0.191442196993008,-0.21856689453125,-0.21856689453125
2016-03-21,113.8499984741211,115.36000061035156,113.3499984741211,114.66999816894533,113.92024230957033,-0.2215599994287807,-0.0261521753976645,-0.0298004150390482,-0.02980041503904829
2016-03-22,114.0,117.02999877929688,113.58999633789062,115.4800033569336,114.72494506835938,-0.116572379644016,0.7063738124804209,0.8047027587890483,0.8047027587890483
2016-03-23,115.19000244140624,116.7300033569336,112.18000030517578,112.41000366210938,111.6750259399414,-0.5342280474216592,-2.658462051649413,-3.0499191284179688,-3.0499191284179688
2016-03-24,111.41999816894533,113.72000122070312,111.12000274658205,112.88999938964844,112.1518783569336,-0.638355112945893,0.4270000503502347,0.4768524169921875,0.4768524169921875
2016-03-28,113.33999633789062,115.93000030517578,112.06999969482422,115.22000122070312,114.46664428710938,-0.322818550751245,2.0639564527032084,2.314765930175781,2.3147659301757812
2016-03-29,114.63999938964844,118.58999633789062,114.06999969482422,118.27999877929688,117.6598129272461,0.2881749742256643,2.78960622985287,3.1931686401367188,3.1931686401367188
2016-03-30,118.66999816894533,119.69000244140624,116.87999725341795,117.68000030517578,117.06295776367188,-0.3973999199972527,-0.5072718957519373,-0.5968551635742188,-0.5968551635742188
2016-03-31,117.4000015258789,118.62000274658205,115.88999938964844,117.8499984741211,117.23206329345705,-0.7637091835632214,0.1444569085009561,0.1691055297851704,0.16910552978517046
2016-04-01,116.4800033569336,121.16000366210938,116.4800033569336,120.62000274658205,119.987548828125,0.1748686632557679,2.3504538410881626,2.7554855346679545,2.7554855346679545
2016-04-04,120.81999969482422,122.1500015258789,118.55999755859376,118.61000061035156,117.98809051513672,-0.5749609490867865,-1.6663881648689929,-1.9994583129882808,-1.9994583129882812
2016-04-05,117.7300033569336,118.0,115.80999755859376,117.12999725341795,116.51583862304688,-0.917174693357891,-1.247797032447917,-1.4722518920898438,-1.4722518920898438
2016-04-06,117.0,119.98999786376952,116.33000183105467,119.45999908447266,118.83362579345705,-0.8170635477161345,1.989246438768455,2.3177871704101705,2.3177871704101705
2016-04-07,118.87000274658205,119.1999969482422,116.75,118.0999984741211,117.48075103759766,-1.0301941529076104,-1.1384612283149576,-1.3528747558593892,-1.3528747558593892
2016-04-08,119.4000015258789,119.56999969482422,117.08000183105467,117.8499984741211,117.23206329345705,-0.9163141390973604,-0.2116838221957073,-0.2486877441406108,-0.2486877441406108
2016-04-11,118.75,121.1500015258789,117.2699966430664,117.70999908447266,117.09280395507812,-0.9814294114775284,-0.1187894629392727,-0.1392593383789204,-0.13925933837892046
2016-04-12,118.06999969482422,120.27999877929688,116.08999633789062,119.97000122070312,119.34095001220705,-0.0505965530033168,1.919969444058589,2.2481460571289205,2.2481460571289205
2016-04-13,120.97000122070312,125.3499984741211,120.5,125.3499984741211,124.69274139404295,-0.4249376563342402,4.48445515247573,5.351791381835909,5.351791381835909
2016-04-14,125.08000183105467,127.41999816894533,123.73999786376952,126.55999755859376,125.89640045166016,-0.1128433111817156,0.9653000200015692,1.2036590576172017,1.2036590576172017
2016-04-15,126.4000015258789,128.35000610351562,126.20999908447266,127.33999633789062,126.67230224609376,-1.0344969242102648,0.6163018097817163,0.775901794433608,0.775901794433608
2016-04-18,126.2300033569336,130.39999389648438,126.0500030517578,130.10000610351562,129.41786193847656,-0.3690016293997344,2.1674506926137926,2.7455596923827983,2.7455596923827983
2016-04-19,130.6199951171875,130.6199951171875,126.31999969482422,127.56999969482422,126.90111541748048,-0.7028966824857074,-1.9446670523675549,-2.5167465209960795,-2.5167465209960795
2016-04-20,127.16999816894533,129.86000061035156,126.2300033569336,129.44000244140625,128.7613067626953,-0.9346726299886852,1.465858939927478,1.860191345214829,1.8601913452148295
2016-04-21,129.92999267578125,129.92999267578125,126.13999938964844,126.51000213623048,125.8466567993164,-0.7510877210754354,-2.2636070079271158,-2.9146499633789062,-2.9146499633789062
2016-04-22,125.3000030517578,127.79000091552734,125.0,126.41000366210938,125.74720001220705,-0.8620992206839162,-0.0790301384548941,-0.0994567871093607,-0.09945678710936079
2016-04-25,126.25,126.33000183105467,123.58999633789062,124.5999984741211,123.9466781616211,-1.0735087173543305,-1.4318584035359572,-1.8005218505859517,-1.8005218505859517
2016-04-26,124.9800033569336,127.94000244140624,124.08000183105467,125.8499984741211,125.19011688232422,-0.9874532913012444,1.00320455468903,1.243438720703125,1.243438720703125
2016-04-27,126.33000183105467,127.3499984741211,123.81999969482422,125.9000015258789,125.2398681640625,-1.1254288244063588,0.0397405825453889,0.0497512817382812,0.04975128173828125
2016-04-28,125.72000122070312,127.26000213623048,123.3499984741211,123.86000061035156,123.21055603027344,-0.3755992120638043,-1.6203403624880042,-2.0293121337890625,-2.0293121337890625
2016-04-29,124.37999725341795,125.83000183105467,122.3000030517578,124.88999938964844,124.2351531982422,-0.3526510984496481,0.8315822937419615,1.0245971679687642,1.0245971679687642
2016-05-02,124.9000015258789,127.12000274658205,123.52999877929688,126.4499969482422,125.78697204589844,-0.6980202083426992,1.2490980271743224,1.5518188476562358,1.5518188476562358
2016-05-03,125.04000091552734,127.05999755859376,122.41000366210938,125.33999633789062,124.68278503417967,-0.1062457285176457,-0.8778230318763569,-1.1041870117187642,-1.1041870117187642
2016-05-04,124.02999877929688,126.25,123.68000030517578,124.36000061035156,123.70794677734376,-0.6713430262662425,-0.7818547336496118,-0.9748382568359092,-0.9748382568359091
2016-05-05,125.22000122070312,126.43000030517578,123.27999877929688,124.87999725341795,124.22520446777344,0.2396970842157593,0.4181281024416838,0.5172576904296733,0.5172576904296733
2016-05-06,130.3699951171875,131.0,123.41999816894533,128.02999877929688,127.3586883544922,0.5882215597307568,2.522421999741331,3.133483886718764,3.133483886718764
2016-05-09,127.04000091552734,128.5,126.86000061035156,127.25,126.5827865600586,-0.57180558346484,-0.6092256480169977,-0.775901794433608,-0.775901794433608
2016-05-10,128.02999877929688,128.89999389648438,126.7300033569336,128.88999938964844,128.21417236328125,-0.6595821180389875,1.2887896115706177,1.6313858032226562,1.6313858032226562
2016-05-11,128.86000061035156,131.4499969482422,127.0,129.6999969482422,129.01992797851562,-0.5864350058938645,0.6284450465829483,0.805755615234375,0.805755615234375
2016-05-12,129.7100067138672,130.63999938964844,127.2699966430664,127.95999908447266,127.28907012939452,-0.7619880750421597,-1.3415430284609453,-1.730857849121108,-1.730857849121108
2016-05-13,127.33999633789062,129.47000122070312,127.02999877929688,127.52999877929688,126.861328125,-1.123707715885297,-0.3360398531937592,-0.427742004394517,-0.42774200439451704
2016-05-16,127.6999969482422,129.99000549316406,127.51000213623048,128.6999969482422,128.02516174316406,-1.1030544136325564,0.9174061436731272,1.1638336181640625,1.1638336181640625
2016-05-17,128.0399932861328,132.49000549316406,128.0399932861328,130.77999877929688,130.09429931640625,-0.5416861843462599,1.6161960235544726,2.0691375732421875,2.0691375732421875
2016-05-18,129.97999572753906,133.08999633789062,129.97999572753906,132.5,131.80526733398438,-0.3922365944340675,1.315175243318567,1.710968017578125,1.710968017578125
2016-05-19,131.64999389648438,133.0800018310547,129.85000610351562,131.7899932861328,131.09898376464844,-0.2809382434054099,-0.5358538271056146,-0.7062835693359375,-0.7062835693359375
2016-05-20,132.1199951171875,134.1699981689453,131.4600067138672,133.88999938964844,133.18795776367188,0.2006852910716937,1.5934326407698318,2.088973999023437,2.0889739990234375
2016-05-23,133.47999572753906,134.2899932861328,131.86000061035156,132.02000427246094,131.32777404785156,-0.4163321137289316,-1.3966605893312225,-1.8601837158203125,-1.8601837158203125
2016-05-24,132.27999877929688,135.32000732421875,132.11000061035156,134.60000610351562,133.8942413330078,-0.4754235062853839,1.9542456298856647,2.56646728515625,2.56646728515625
2016-05-25,134.8000030517578,135.27000427246094,133.38999938964844,134.02000427246094,133.31729125976562,-1.1759146743575024,-0.4308998411718501,-0.5769500732421875,-0.5769500732421875
2016-05-26,134.0500030517578,135.9199981689453,133.02000427246094,135.00999450683594,134.3020782470703,-0.8377168499688752,0.7386791150638228,0.9847869873046876,0.9847869873046875
2016-05-27,134.1999969482422,135.6999969482422,134.02999877929688,135.0800018310547,134.37173461914062,-1.105636076414149,0.0518654461490575,0.0696563720703125,0.0696563720703125
2016-05-31,135.97000122070312,138.27999877929688,135.22999572753906,136.5,135.78428649902344,-0.7857967429168468,1.0512269443320843,1.4125518798828125,1.4125518798828125
2016-06-01,135.0,137.07000732421875,134.64999389648438,136.33999633789062,135.62510681152344,-0.6346260444835926,-0.1172298294627394,-0.1591796875,-0.1591796875
2016-06-02,135.41000366210938,137.66000366210938,135.02999877929688,137.0,136.2816619873047,-0.3644120066769031,0.4840956008931751,0.65655517578125,0.65655517578125
2016-06-03,136.30999755859375,136.5500030517578,134.02000427246094,135.75,135.0382080078125,-0.759980115100921,-0.9124147455789156,-1.2434539794921875,-1.2434539794921875
2016-06-06,136.17999267578125,139.11000061035156,136.17999267578125,138.27000427246094,137.54501342773438,-0.364985709517257,1.8563675102803767,2.506805419921875,2.506805419921875
2016-06-07,138.72000122070312,140.58999633789062,137.57000732421875,138.6300048828125,137.90310668945312,-0.1131301626018925,0.2603462334219042,0.35809326171875,0.35809326171875
2016-06-08,138.3800048828125,138.94000244140625,134.58999633789062,137.0,136.2816619873047,-0.0563335814068559,-1.1757854779876786,-1.6214447021484375,-1.6214447021484375
2016-06-09,135.55999755859375,137.47000122070312,135.55999755859375,137.4600067138672,136.7392578125,-1.0379391412523882,0.3357721196839636,0.4575958251953125,0.4575958251953125
2016-06-10,135.83999633789062,137.36000061035156,133.72000122070312,134.2899932861328,133.5858917236328,-0.9768397887546972,-2.306116136151004,-3.1533660888671875,-3.1533660888671875
2016-06-13,133.3000030517578,135.38999938964844,132.77999877929688,133.3699951171875,132.67068481445312,-0.9143061791561216,-0.6851074596059159,-0.9152069091796876,-0.9152069091796875
2016-06-14,133.50999450683594,135.08999633789062,132.00999450683594,134.44000244140625,133.73507690429688,-1.191404651047058,0.8022812962278358,1.06439208984375,1.06439208984375
2016-06-15,135.25,135.85000610351562,133.72000122070312,133.7899932861328,133.08848571777344,-0.8893501056007267,-0.4834866076206423,-0.6465911865234375,-0.6465911865234375
2016-06-16,132.6300048828125,135.58999633789062,131.30999755859375,135.47000122070312,134.75970458984375,-0.9378279956106316,1.2557201046033972,1.6712188720703125,1.6712188720703125
2016-06-17,135.25999450683594,135.58999633789062,133.5,133.75,133.04872131347656,-1.0970305338088404,-1.2696549621971642,-1.7109832763671875,-1.7109832763671875
2016-06-20,135.97999572753906,136.9600067138672,134.67999267578125,135.08999633789062,134.3816680908203,-1.1010464536913178,1.0018486192010734,1.33294677734375,1.33294677734375
2016-06-21,135.89999389648438,136.5,134.6199951171875,135.8300018310547,135.11778259277344,-1.2068946277366133,0.5477789585523141,0.736114501953125,0.736114501953125
2016-06-22,135.7899932861328,137.0,133.55999755859375,136.47000122070312,135.75442504882812,-0.9209037618201916,0.4711759206213806,0.6366424560546875,0.6366424560546875
2016-06-23,138.1300048828125,139.5399932861328,137.3699951171875,139.05999755859375,138.33087158203125,-1.1951337195093583,1.897872966038805,2.576446533203125,2.576446533203125
2016-06-24,131.6300048828125,136.5,131.27999877929688,132.02999877929688,131.3377227783203,-0.2855278661282411,-5.055378256301923,-6.9931488037109375,-6.9931488037109375
2016-06-27,130.74000549316406,130.77999877929688,126.0999984741211,126.87999725341795,126.21472930908205,-0.699741316863761,-3.900626081270775,-5.122993469238267,-5.122993469238267
2016-06-28,128.6699981689453,132.99000549316406,127.26000213623048,132.6699981689453,132.13055419921875,-0.6822433802329668,4.687111339952788,5.9158248901367045,5.9158248901367045
2016-06-29,134.50999450683594,140.72000122070312,134.0,138.9600067138672,138.39501953125,-0.5032480940425483,4.741117881475065,6.26446533203125,6.26446533203125
2016-06-30,140.35000610351562,141.67999267578125,138.52000427246094,140.6699981689453,140.09803771972656,-0.554020795413869,1.230548754026528,1.7030181884765625,1.7030181884765625
2016-07-01,141.05999755859375,142.35000610351562,139.14999389648438,139.80999755859375,139.2415313720703,-0.8480435010952455,-0.6113621301175765,-0.85650634765625,-0.85650634765625
2016-07-05,138.91000366210938,140.08999633789062,136.7100067138672,139.82000732421875,139.2515106201172,-0.9378279956106316,0.0071668617463105,0.009979248046875,0.009979248046875
2016-07-06,139.10000610351562,140.0,137.0800018310547,139.67999267578125,139.112060546875,-1.244759015199971,-0.1001425927957155,-0.1394500732421875,-0.1394500732421875
2016-07-07,140.8699951171875,143.58999633789062,140.52999877929688,142.9199981689453,142.33889770507812,-0.941557064072932,2.3195955444250016,3.226837158203125,3.226837158203125
2016-07-08,144.1699981689453,146.49000549316406,144.02000427246094,146.22000122070312,145.62547302246094,-0.862959774944447,2.308979042533044,3.2865753173828125,3.2865753173828125
2016-07-11,146.5800018310547,149.47000122070312,146.5800018310547,149.0500030517578,148.4439697265625,-0.7662908463448139,1.9354420937515824,2.8184967041015625,2.8184967041015625
2016-07-12,150.0,152.50999450683594,148.8300018310547,151.10000610351562,150.4856414794922,-0.1885720861084311,1.3753820762746338,2.0416717529296875,2.0416717529296875
2016-07-13,151.9600067138672,151.9600067138672,148.69000244140625,149.27000427246094,148.66305541992188,-1.1107994019773342,-1.211136186583417,-1.8225860595703125,-1.8225860595703125
2016-07-14,150.61000061035156,151.05999755859375,148.74000549316406,149.22000122070312,148.61328125,-0.8362825928679904,-0.0334811966438364,-0.049774169921875,-0.049774169921875
2016-07-15,148.77000427246094,149.9600067138672,147.3300018310547,148.47000122070312,147.8663330078125,-0.3245396592723067,-0.502612038375605,-0.7469482421875,-0.7469482421875
2016-07-18,149.11000061035156,149.64999389648438,147.35000610351562,148.8000030517578,148.1949920654297,-0.9828636685784132,0.2222676730610606,0.3286590576171875,0.3286590576171875
2016-07-19,147.8000030517578,149.13999938964844,147.75999450683594,148.72000122070312,148.11529541015625,-1.2467669751412098,-0.0537782378221329,-0.0796966552734375,-0.0796966552734375
2016-07-20,149.82000732421875,152.3699951171875,148.72999572753906,152.3699951171875,151.75045776367188,-0.57180558346484,2.4542788396358706,3.635162353515625,3.635162353515625
2016-07-21,152.3699951171875,153.83999633789062,151.9499969482422,153.41000366210938,152.78623962402344,-0.5517259840524533,0.6825560038603795,1.0357818603515625,1.0357818603515625
2016-07-22,153.25,155.83999633789062,152.75,154.24000549316406,153.6128692626953,-0.2895437860107185,0.5410367063853672,0.826629638671875,0.826629638671875
2016-07-25,153.24000549316406,154.97999572753906,151.33999633789062,151.5399932861328,150.923828125,-1.0973173852290177,-1.750531157058688,-2.6890411376953125,-2.6890411376953125
2016-07-26,152.1300048828125,152.99000549316406,150.67999267578125,151.41000366210938,150.79437255859375,-1.0468315352778736,-0.0857754325573001,-0.12945556640625,-0.12945556640625
2016-07-27,151.86000061035156,152.17999267578125,149.3800048828125,151.39999389648438,150.78440856933594,-1.1741935658364406,-0.0066076665121816,-0.0099639892578125,-0.0099639892578125
2016-07-28,151.5,152.2899932861328,149.97999572753906,151.99000549316406,151.3720245361328,-1.1942731652488274,0.3897060527492613,0.587615966796875,0.587615966796875
2016-07-29,151.97000122070312,153.41000366210938,150.2100067138672,153.0800018310547,152.4575653076172,-1.3374120239171268,0.7171343415739662,1.085540771484375,1.085540771484375
2016-08-01,153.1199951171875,154.4499969482422,152.5800018310547,152.9499969482422,152.32809448242188,-0.9794214515362898,-0.0849225323348634,-0.1294708251953125,-0.1294708251953125
2016-08-02,152.92999267578125,153.22999572753906,148.7100067138672,151.5,150.88401794433594,-0.8563621922803771,-0.9480040717325332,-1.4440765380859375,-1.4440765380859375
2016-08-03,150.75,152.3300018310547,150.6199951171875,151.27999877929688,150.66488647460938,-1.3339698068750034,-0.1452317301143257,-0.2191314697265625,-0.2191314697265625
2016-08-04,151.6300048828125,152.72999572753906,149.97000122070312,152.25,151.63096618652344,0.1539285095828504,0.6412109248008946,0.9660797119140624,0.9660797119140625
2016-08-05,156.39999389648438,174.27999877929688,155.0,172.97999572753906,172.2766571044922,2.195450066982223,13.615748443211915,20.64569091796875,20.64569091796875
2016-08-08,173.6300048828125,173.89999389648438,170.27000427246094,173.72000122070312,173.01365661621094,0.1545022124232043,0.4277999841102886,0.73699951171875,0.73699951171875
2016-08-09,172.47999572753906,173.6699981689453,168.0,170.2100067138672,169.51792907714844,0.2927645969484955,-2.020492259068851,-3.4957275390625,-3.4957275390625
2016-08-10,170.50999450683594,170.61000061035156,169.2899932861328,169.63999938964844,168.95025634765625,-0.8167766962959576,-0.3348747430921173,-0.5676727294921875,-0.5676727294921875
2016-08-11,170.63999938964844,171.39999389648438,168.69000244140625,169.92999267578125,169.23907470703125,-0.686546151535621,0.1709487547510324,0.288818359375,0.288818359375
2016-08-12,169.50999450683594,170.38999938964844,168.58999633789062,168.86000061035156,168.17343139648438,-0.9122982192148829,-0.6296674171680561,-1.065643310546875,-1.065643310546875
2016-08-15,170.08999633789062,172.42999267578125,169.6699981689453,170.1300048828125,169.43826293945312,-0.6590084151986336,0.7520995037478828,1.26483154296875,1.26483154296875
2016-08-16,169.85000610351562,169.9600067138672,167.30999755859375,168.3300018310547,167.6455841064453,-0.650116021173148,-1.058012990636248,-1.7926788330078125,-1.7926788330078125
2016-08-17,168.7100067138672,168.7100067138672,165.9499969482422,166.97000122070312,166.29110717773438,0.3644774519927337,-0.8079407136968975,-1.3544769287109375,-1.3544769287109375
2016-08-18,167.0500030517578,168.74000549316406,166.39999389648438,167.13999938964844,166.46041870117188,0.1203668934221469,0.1018163426240947,0.1693115234375,0.1693115234375
2016-08-19,166.66000366210938,168.02000427246094,165.77999877929688,167.69000244140625,167.0081787109375,-1.250782895023687,0.3290632175742436,0.547760009765625,0.547760009765625
2016-08-22,166.7899932861328,166.8800048828125,164.5399932861328,166.8699951171875,166.19149780273438,-0.5104193795469721,-0.489006535192904,-0.816680908203125,-0.816680908203125
2016-08-23,168.3800048828125,168.3800048828125,166.0800018310547,166.74000549316406,166.06202697753906,0.1458966698178957,-0.0779046021650242,-0.1294708251953125,-0.1294708251953125
2016-08-24,167.0,167.1999969482422,164.9499969482422,166.02999877929688,165.35491943359375,-0.6667534035434114,-0.4258092935605084,-0.7071075439453125,-0.7071075439453125
2016-08-25,165.50999450683594,167.52999877929688,165.1699981689453,166.6300048828125,165.95249938964844,-0.8988162024665661,0.3613923057757429,0.5975799560546875,0.5975799560546875
2016-08-26,166.91000366210938,167.89999389648438,166.0399932861328,166.9499969482422,166.27117919921875,-0.7642828864035752,0.1920307381584329,0.3186798095703125,0.3186798095703125
2016-08-29,167.00999450683594,168.39999389648438,166.11000061035156,166.57000732421875,165.89273071289062,-0.4636625980581288,-0.2276091912926658,-0.378448486328125,-0.378448486328125
2016-08-30,167.5500030517578,167.64999389648438,166.19000244140625,166.89999389648438,166.22137451171875,-0.887342145659488,0.1981062084009721,0.328643798828125,0.328643798828125
2016-08-31,167.4199981689453,173.1699981689453,166.7100067138672,172.0,171.30064392089844,0.4935605910723624,3.055725789839148,5.079269409179688,5.0792694091796875
2016-09-01,172.64999389648438,173.82000732421875,171.16000366210938,173.67999267578125,172.97381591796875,-0.5164432593706881,0.9767458888496172,1.6731719970703125,1.6731719970703125
2016-09-02,178.1699981689453,188.1300048828125,176.9199981689453,186.16000366210932,185.4030914306641,2.724404085788524,7.185639888172335,12.42927551269534,12.429275512695341
2016-09-06,187.6999969482422,188.5800018310547,185.42999267578125,186.2899932861328,185.5325469970703,-0.4103082339052156,0.0698238445795418,0.1294555664062215,0.12945556640622158
2016-09-07,186.3099975585937,187.2100067138672,181.8800048828125,182.0,181.259994506836,-0.2238548107901963,-2.3028587487142205,-4.272552490234347,-4.272552490234318
2016-09-08,182.22000122070312,183.5,181.2100067138672,183.19000244140625,182.44517517089844,0.1654025663899285,0.6538567251351157,1.1851806640624716,1.1851806640624432
2016-09-09,181.8600006103516,183.17999267578125,178.6999969482422,179.22999572753906,178.5012664794922,-0.3420375959031008,-2.161695253224394,-3.94390869140625,-3.94390869140625
2016-09-12,178.0,179.89999389648438,175.44000244140625,179.5399932861328,178.80999755859375,-0.9429913211738168,0.1729573605781853,0.3087310791015625,0.3087310791015625
2016-09-13,178.75999450683594,178.75999450683594,175.3300018310547,176.94000244140625,176.22056579589844,-1.2533645578052797,-1.4481470824061704,-2.5894317626953125,-2.5894317626953125
2016-09-14,176.5399932861328,178.5399932861328,172.0,172.0,171.30064392089844,0.1877769771637308,-2.791911291839988,-4.919921875,-4.919921875
2016-09-15,173.1199951171875,175.5500030517578,171.64999389648438,174.61000061035156,173.90003967285156,-0.7244105389989789,1.5174465737288534,2.599395751953125,2.599395751953125
2016-09-16,174.61000061035156,177.35000610351562,174.02999877929688,177.1999969482422,176.47950744628906,-0.6813828259724359,1.4833048792226355,2.5794677734375,2.5794677734375
2016-09-19,178.72999572753906,180.2899932861328,177.0,178.91000366210938,178.1825714111328,-0.6524108325345637,0.9650208058077592,1.70306396484375,1.70306396484375
2016-09-20,180.11000061035156,180.97999572753903,178.16000366210938,179.25,178.52117919921875,-0.9693816518300964,0.1900341797765659,0.3386077880859375,0.3386077880859375
2016-09-21,180.5,187.42999267578125,179.25,186.75,185.99069213867188,-0.1504208472248964,4.184104638429265,7.469512939453125,7.469512939453125
2016-09-22,188.3500061035156,191.72999572753903,187.5800018310547,191.25,190.472396850586,-0.3216711450705372,2.409639246125605,4.481704711914091,4.481704711914119
2016-09-23,191.44000244140625,191.759994506836,186.6300048828125,187.08999633789065,186.3292999267578,-0.930656710106208,-2.1751692068421646,-4.143096923828153,-4.143096923828182
2016-09-26,186.8999938964844,188.02999877929688,184.58999633789065,186.8500061035156,186.09030151367188,-0.9954851310661992,-0.1282666833288592,-0.2389984130859375,-0.2389984130859375
2016-09-27,186.42999267578125,188.3699951171875,186.3999938964844,187.5,186.73764038085932,-1.1107994019773342,0.3478627644331711,0.6473388671874716,0.6473388671874432
2016-09-28,187.509994506836,188.4199981689453,184.3600006103516,187.47999572753903,186.86721801757807,-1.2132053589805063,0.0693902078094499,0.1295776367187215,0.12957763671875
2016-09-29,186.6199951171875,187.6100006103516,183.66000366210932,183.7400054931641,183.13943481445312,-1.087564436943001,-1.994883448617657,-3.727783203124943,-3.727783203124943
2016-09-30,185.3099975585937,185.67999267578125,183.25,184.97000122070312,184.36541748046875,-1.2180818331235146,0.6694258215101057,1.225982666015625,1.225982666015625
2016-10-03,185.4499969482422,189.3500061035156,184.0,186.1999969482422,185.5913848876953,-0.978847748695936,0.6649660353772457,1.2259674072265625,1.2259674072265625
2016-10-04,186.0800018310547,187.63999938964844,182.91000366210932,184.58999633789065,183.9866485595703,-1.111659956237865,-0.8646610019619416,-1.604736328125,-1.604736328125
2016-10-05,185.41000366210932,186.8000030517578,184.22999572753903,186.4900054931641,185.8804473876953,-1.2123448047199754,1.0293131827507684,1.893798828125,1.893798828125
2016-10-06,186.7400054931641,188.1100006103516,185.57000732421875,186.2899932861328,185.6810913085937,-1.105922927834326,-0.1072496230255959,-0.1993560791015909,-0.19935607910161934
2016-10-07,187.0800018310547,190.22000122070312,186.0399932861328,189.8300018310547,189.2095184326172,-0.8293981587837436,1.900261948675963,3.528427124023466,3.5284271240234943
2016-10-10,191.6100006103516,193.5800018310547,188.75,189.19000244140625,188.57162475585932,-0.6498291697529711,-0.3371361451802501,-0.6378936767578409,-0.6378936767578693
2016-10-11,185.4499969482422,186.22999572753903,182.25,184.47000122070312,183.86705017089844,-0.4183400736701703,-2.4948475631218936,-4.704574584960909,-4.704574584960881
2016-10-12,184.0500030517578,184.3099975585937,182.1199951171875,183.2100067138672,182.61117553710932,-0.8790234544743564,-0.683034090459278,-1.255874633789091,-1.2558746337891193
2016-10-13,171.11000061035156,174.3699951171875,166.63999938964844,168.4600067138672,167.9093780517578,4.369783831923525,-8.050875003739243,-14.701797485351534,-14.701797485351506
2016-10-17,167.47000122070312,169.49000549316406,166.85000610351562,167.88999938964844,167.34124755859375,0.6754243914645505,-0.3383554270500188,-0.5681304931640625,-0.5681304931640625
2016-10-18,170.91000366210938,170.97999572753906,167.1999969482422,167.50999450683594,166.96249389648438,0.2916171912677877,-0.2263361051953127,-0.378753662109375,-0.378753662109375
2016-10-19,168.6199951171875,170.19000244140625,166.10000610351562,169.42999267578125,168.8761749267578,0.4981502137951937,1.1461742009315712,1.9136810302734373,1.9136810302734375
2016-10-20,168.2100067138672,171.8800048828125,167.89999389648438,171.0500030517578,170.4909210205078,0.5905163710921725,0.9561716414114184,1.61474609375,1.61474609375
2016-10-21,169.6699981689453,174.11000061035156,169.00999450683594,173.92999267578125,173.36148071289062,0.0150924222172053,1.6837023785199134,2.8705596923828125,2.8705596923828125
2016-10-24,175.17999267578125,175.77999877929688,171.50999450683594,172.82000732421875,172.25514221191406,-0.7321555273437566,-0.6381685807176574,-1.1063385009765625,-1.1063385009765625
2016-10-25,173.14999389648438,173.57000732421875,170.83999633789062,171.0399932861328,170.48094177246094,-0.9929034682846066,-1.0299840206049904,-1.774200439453125,-1.774200439453125
2016-10-26,169.6199951171875,172.08999633789062,168.77000427246094,170.64999389648438,170.09222412109375,-0.4725549920836143,-0.2280123791702171,-0.3887176513671875,-0.3887176513671875
2016-10-27,171.74000549316406,173.13999938964844,168.00999450683594,169.44000244140625,168.88616943359375,-0.6068014567264283,-0.7090592728338785,-1.2060546875,-1.2060546875
2016-10-28,168.57000732421875,170.02999877929688,165.6199951171875,168.16000366210938,167.61038208007812,-0.2878226774896568,-0.7554125703687409,-1.275787353515625,-1.275787353515625
2016-10-31,169.14999389648438,169.14999389648438,165.9499969482422,168.00999450683594,167.46083068847656,-0.5408256300857291,-0.0892256134408908,-0.1495513916015625,-0.1495513916015625
2016-11-01,167.30999755859375,170.77000427246094,166.9199981689453,169.7899932861328,169.23501586914062,0.2405576384762901,1.059462785040477,1.7741851806640625,1.7741851806640625
2016-11-02,169.0500030517578,169.99000549316406,166.16000366210938,166.61000061035156,166.0654296875,-0.1848430176461307,-1.872890291268969,-3.169586181640625,-3.169586181640625
2016-11-03,167.14999389648438,168.39999389648438,164.6699981689453,165.8800048828125,165.3378143310547,0.2746929574773475,-0.4381498050584853,-0.7276153564453125,-0.7276153564453125
2016-11-04,172.0,172.05999755859375,166.0800018310547,166.88999938964844,166.3445281982422,1.7399300117412222,0.6088830140041468,1.0067138671875,1.0067138671875
2016-11-07,170.2100067138672,170.8800048828125,167.89999389648438,169.25999450683594,168.70675659179688,-0.182835057704892,1.4200818140164495,2.3622283935546875,2.3622283935546875
2016-11-08,169.77000427246094,176.10000610351562,169.39999389648438,174.6699981689453,174.0990753173828,-0.3081891283222204,3.196267200271774,5.3923187255859375,5.3923187255859375
2016-11-09,166.89999389648438,174.22999572753906,166.77999877929688,172.83999633789062,172.27503967285156,0.1613866465074512,-1.0476997888736794,-1.82403564453125,-1.82403564453125
2016-11-10,174.7100067138672,175.69000244140625,161.6199951171875,162.80999755859375,162.27783203125,1.3850948049823315,-5.803050552527022,-9.997207641601562,-9.997207641601562
2016-11-11,160.5800018310547,161.49000549316406,150.63999938964844,155.9600067138672,155.45025634765625,3.5465202560156706,-4.207337254960963,-6.82757568359375,-6.82757568359375
2016-11-14,155.9600067138672,158.38999938964844,150.13999938964844,153.5,152.99827575683594,2.238190928588589,-1.5773409760975854,-2.4519805908203125,-2.4519805908203125
2016-11-15,155.38999938964844,159.75999450683594,154.02000427246094,155.7100067138672,155.2010498046875,0.557241606351646,1.4397378251193471,2.2027740478515625,2.2027740478515625
2016-11-16,153.92999267578125,158.83999633789062,152.9499969482422,156.94000244140625,156.42703247070312,-0.1610343497714436,0.7899319415419326,1.225982666015625,1.225982666015625
2016-11-17,156.97999572753906,160.0,156.47999572753906,157.27000427246094,156.75596618652344,-0.4820210889494538,0.2102793300013061,0.3289337158203125,0.3289337158203125
2016-11-18,156.75,160.6199951171875,156.27000427246094,157.6300048828125,157.1147918701172,-0.5763952061876713,0.2289071939799658,0.35882568359375,0.35882568359375
2016-11-21,159.2100067138672,161.85000610351562,157.85000610351562,160.6300048828125,160.10494995117188,-0.2161098224454186,1.9031677701782268,2.9901580810546875,2.9901580810546875
2016-11-22,162.0,165.32000732421875,160.0,164.9499969482422,164.41085815429688,0.526835355812889,2.6894285307469845,4.305908203125,4.305908203125
2016-11-23,164.5,167.1199951171875,164.02000427246094,166.75,166.20497131347656,0.156223320944266,1.0912376343756636,1.7941131591796875,1.7941131591796875
2016-11-25,168.38999938964844,168.39999389648438,160.41000366210938,163.19000244140625,162.65660095214844,-0.614259593651029,-2.1349363579718728,-3.548370361328125,-3.548370361328125
2016-11-28,163.0,164.5800018310547,161.25999450683594,161.86000061035156,161.33094787597656,-0.2017672514365709,-0.81500109335364,-1.325653076171875,-1.325653076171875
2016-11-29,161.4199981689453,164.19000244140625,160.6300048828125,162.91000366210938,162.37753295898438,-0.3010178428177966,0.6487193540896996,1.0465850830078125,1.0465850830078125
2016-12-01,157.47999572753906,160.10000610351562,148.97999572753906,151.3000030517578,150.8054656982422,0.8690491000839936,-7.126643107495189,-11.572067260742188,-11.572067260742188
2016-12-02,151.72999572753906,154.5399932861328,151.0,152.55999755859375,152.0613555908203,-0.0439989703392469,0.8327880470135884,1.255889892578125,1.255889892578125
2016-12-05,152.0,158.8699951171875,152.0,157.9499969482422,157.43373107910156,1.1249205668818354,3.533031431560896,5.37237548828125,5.37237548828125
2016-12-06,159.4499969482422,159.4499969482422,156.32000732421875,157.5500030517578,157.03504943847656,0.2933382997888494,-0.2532377514604444,-0.398681640625,-0.398681640625
2016-12-07,162.0,167.08999633789062,161.5,165.6199951171875,165.0786590576172,0.5348671955778437,5.122174729719786,8.043609619140625,8.043609619140625
2016-12-08,165.3699951171875,168.13999938964844,158.8800048828125,159.9600067138672,159.43716430664062,0.0558253238823325,-3.4174585516880907,-5.6414947509765625,-5.6414947509765625
2016-12-09,161.49000549316406,162.66000366210938,157.5,158.61000061035156,158.09158325195312,0.5216720302497039,-0.84395696608075,-1.3455810546875,-1.3455810546875
2016-12-12,158.3699951171875,158.50999450683594,152.24000549316406,153.67999267578125,153.1776580810547,-0.1392336418379952,-3.108277537499915,-4.9139251708984375,-4.9139251708984375
2016-12-13,154.17999267578125,158.8800048828125,154.0800018310547,156.82000732421875,156.3074493408203,-0.6090962680878439,2.043242662784084,3.129791259765625,3.129791259765625
2016-12-14,156.66000366210938,159.85000610351562,156.52000427246094,157.74000549316406,157.2244110107422,-0.7932548798414475,0.5866397755122321,0.916961669921875,0.916961669921875
2016-12-15,158.74000549316406,161.41000366210938,158.00999450683594,159.25,158.72947692871094,-0.6065146053062512,0.95727241609187,1.50506591796875,1.50506591796875
2016-12-16,159.1300048828125,159.8699951171875,154.50999450683594,154.97000122070312,154.46348571777344,-0.717239253494555,-2.6875860070108226,-4.2659912109375,-4.2659912109375
2016-12-19,155.74000549316406,155.9499969482422,152.77999877929688,153.0800018310547,152.5796356201172,-0.6945779913005757,-1.2196086919197937,-1.88385009765625,-1.88385009765625
2016-12-20,154.17999267578125,154.17999267578125,150.2899932861328,152.88999938964844,152.3902587890625,0.0429170099743697,-0.1241167147142618,-0.1893768310546875,-0.1893768310546875
2016-12-21,153.6199951171875,154.97000122070312,151.72999572753906,154.39999389648438,153.8953094482422,-0.8592307064821466,0.9876291773104562,1.5050506591796875,1.5050506591796875
2016-12-22,153.92999267578125,158.72000122070312,152.91000366210938,156.4499969482422,155.9386444091797,-0.37129644076115,1.3277434954082956,2.0433349609375,2.0433349609375
2016-12-23,157.0399932861328,158.32000732421875,154.72000122070312,156.66000366210938,156.14796447753906,-1.2533645578052797,0.1342323252536026,0.209320068359375,0.209320068359375
2016-12-27,156.75,160.7100067138672,156.10000610351562,158.5,157.98193359375,-0.790099514219501,1.17450721970489,1.8339691162109373,1.8339691162109375
2016-12-28,158.17999267578125,158.22000122070312,155.4199981689453,155.6199951171875,155.25827026367188,-0.8446012840531221,-1.7240346842962495,-2.723663330078125,-2.723663330078125
2016-12-29,155.3699951171875,158.94000244140625,154.9199981689453,158.50999450683594,158.1415557861328,-0.9028321223490434,1.8570898140011003,2.883285522460937,2.8832855224609375
2016-12-30,158.8800048828125,158.8800048828125,155.82000732421875,156.13999938964844,155.77706909179688,-1.0560107807235362,-1.495171008393026,-2.364486694335937,-2.3644866943359375
2017-01-03,158.91000366210938,162.77000427246094,157.9499969482422,161.02000427246094,160.6457061767578,-0.2416395988411674,3.1253875254848573,4.8686370849609375,4.8686370849609375
2017-01-04,162.24000549316406,165.8800048828125,160.69000244140625,165.82000732421875,165.4345703125,-0.1380862361572874,2.981009732356621,4.788864135742188,4.7888641357421875
2017-01-05,166.72000122070312,172.7899932861328,166.05999755859375,171.27999877929688,170.8818817138672,0.8529854205540842,3.292728594197336,5.447311401367188,5.4473114013671875
2017-01-06,171.16000366210938,173.0,171.16000366210938,172.16000366210938,171.75982666015625,-0.6257336504581071,0.5137729860437368,0.8779449462890625,0.8779449462890625
2017-01-09,172.61000061035156,175.55999755859375,172.61000061035156,174.11000061035156,173.70529174804688,-0.4355511588807874,1.1326659590428667,1.945465087890625,1.945465087890625
2017-01-10,174.88999938964844,178.86000061035156,173.9600067138672,177.7899932861328,177.37673950195312,-0.3130656024652286,2.1136073155626933,3.67144775390625,3.67144775390625
2017-01-11,178.35000610351562,180.72000122070312,174.19000244140625,176.75,176.3391571044922,-0.2838067576071794,-0.5849596741795526,-1.0375823974609375,-1.0375823974609375
2017-01-12,176.75,177.50999450683594,173.02999877929688,173.19000244140625,172.78744506835938,-0.838864255649583,-2.014136902122199,-3.5517120361328125,-3.5517120361328125
2017-01-13,173.1199951171875,176.89999389648438,173.1199951171875,176.4499969482422,176.03985595703125,-0.9068480422315208,1.8823189887350544,3.252410888671875,3.252410888671875
2017-01-17,177.00999450683594,178.7100067138672,174.77999877929688,178.0500030517578,177.63613891601562,0.3036649509152198,0.9067736111838308,1.596282958984375,1.596282958984375
2017-01-18,178.41000366210938,178.82000732421875,174.6300048828125,175.25999450683594,174.85263061523438,-0.7499403153947276,-1.566971854807797,-2.78350830078125,-2.78350830078125
2017-01-19,175.50999450683594,176.60000610351562,174.3300018310547,174.89999389648438,174.4934539794922,-1.0169989875794707,-0.2054167755317082,-0.3591766357421875,-0.3591766357421875
2017-01-20,175.77000427246094,176.41000366210938,172.85000610351562,176.1699981689453,175.760498046875,-0.4587861239151206,0.7261269912920199,1.2670440673828125,1.2670440673828125
2017-01-23,176.8000030517578,179.88999938964844,176.3300018310547,178.72000122070312,178.30458068847656,-0.4848896031512233,1.4474712292423364,2.5440826416015625,2.5440826416015625
2017-01-24,179.22000122070312,183.7100067138672,179.22000122070312,183.3099975585937,182.88389587402344,-0.3549459098110637,2.568254370058831,4.579315185546875,4.579315185546875
2017-01-25,184.1300048828125,185.7899932861328,181.92999267578125,183.3800048828125,182.95376586914065,-1.0350706270506187,0.0382045640395567,0.0698699951172159,0.06986999511721592
2017-01-26,184.08999633789065,184.4900054931641,181.22000122070312,183.3699951171875,182.9437713623047,-1.2831971055036828,-0.0054628593122885,-0.0099945068359659,-0.009994506835965922
2017-01-27,183.5599975585937,183.6499938964844,181.72000122070312,182.6300048828125,182.2054901123047,-1.3138902074626166,-0.403556373907854,-0.73828125,-0.73828125
2017-01-30,183.8999938964844,185.5,180.22000122070312,185.1199951171875,184.689697265625,-0.8408722155908217,1.3634096051601707,2.4842071533203125,2.4842071533203125
2017-01-31,184.1000061035156,186.19000244140625,183.6100006103516,185.38999938964844,184.95909118652344,-0.7975576511441018,0.1458629933812627,0.2693939208984375,0.2693939208984375
2017-02-01,185.22999572753903,189.0599975585937,183.17999267578125,188.5800018310547,188.14166259765625,-0.5921720342974036,1.7206893647219168,3.1825714111328125,3.1825714111328125
2017-02-02,188.5800018310547,191.7700042724609,187.25,188.6199951171875,188.1815795898437,-0.5304989789593588,0.0212164555348115,0.0399169921874715,0.03991699218744316
2017-02-03,190.1699981689453,190.6999969482422,189.0399932861328,190.1499938964844,189.7079925537109,-1.208328884837498,0.8111383522203086,1.5264129638671875,1.526412963867216
2017-02-06,189.16000366210932,191.97000122070312,189.1499938964844,191.7400054931641,191.29432678222656,-1.1248551215660048,0.8361978887455379,1.5863342285156534,1.5863342285156534
2017-02-07,192.1300048828125,193.69000244140625,190.44000244140625,191.6100006103516,191.1646270751953,-0.7040440881664152,-0.0678011257379873,-0.12969970703125,-0.12969970703125
2017-02-08,191.8699951171875,193.0399932861328,190.47000122070312,191.8500061035156,191.4040679931641,-0.8773023459532947,0.1252537781869955,0.2394409179687784,0.23944091796877842
2017-02-09,191.22999572753903,193.44000244140625,190.5800018310547,191.7100067138672,191.264389038086,-0.6868330029557981,-0.0729759594676471,-0.139678955078125,-0.13967895507809658
2017-02-10,191.75,195.47000122070312,191.19000244140625,195.27999877929688,194.8260803222656,-0.3741649549629195,1.8621821354682044,3.5616912841796307,3.5616912841796022
2017-02-13,196.0,196.9499969482422,194.41000366210932,195.1199951171875,194.6664428710937,-0.7757569432106534,-0.0819384401245515,-0.159637451171875,-0.15963745117190342
2017-02-14,194.5,197.77999877929688,192.66000366210932,197.07000732421875,196.61192321777344,-0.8497646096163072,0.9993917379833128,1.945480346679716,1.9454803466797443
2017-02-15,196.8600006103516,200.6300048828125,196.1100006103516,199.92999267578125,199.4652709960937,-0.7921074741607397,1.4512587698762405,2.853347778320284,2.8533477783202557
2017-02-16,200.2700042724609,201.16000366210932,196.8000030517578,198.009994506836,197.5497283935547,-1.094162019607071,-0.960338906604219,-1.915542602539034,-1.9155426025390057
2017-02-17,196.1699981689453,199.75,196.1699981689453,198.42999267578125,197.96875,-0.80903170795118,0.2121094318138228,0.4190216064453125,0.4190216064453125
2017-02-21,200.42999267578125,200.42999267578125,196.8800048828125,198.5,198.03860473632807,0.1131956079177231,0.0352857389502414,0.0698547363280681,0.06985473632806816
2017-02-22,198.41000366210932,200.97999572753903,196.759994506836,200.41000366210932,199.9441680908203,-0.7436295841508347,0.962218127636949,1.9055633544922443,1.9055633544922443
2017-02-23,202.41000366210932,202.41000366210932,196.6000061035156,199.82000732421875,199.3555450439453,-0.1300543963923327,-0.2943937062508506,-0.588623046875,-0.588623046875
2017-02-24,201.0,207.7899932861328,190.07000732421875,207.7899932861328,207.3070068359375,1.1361077722687365,3.988583207073271,7.9514617919921875,7.9514617919921875
2017-02-27,208.02999877929688,208.8300018310547,204.1499938964844,208.22999572753903,207.74598693847656,-0.3632646009961953,0.2117536253304131,0.4389801025390625,0.4389801025390625
2017-02-28,207.77999877929688,210.8699951171875,205.8800048828125,210.8699951171875,210.3798370361328,-0.2528268042280685,1.2678223711903858,2.63385009765625,2.63385009765625
2017-03-01,213.0,216.6999969482422,210.02999877929688,211.1699981689453,210.6791534423828,-0.2399184903201056,0.1422742837273949,0.29931640625,0.29931640625
2017-03-02,210.66000366210932,212.22000122070312,208.75,208.8000030517578,208.31466674804688,-1.0545765236226514,-1.1223164018373533,-2.364486694335937,-2.3644866943359375
2017-03-03,209.1300048828125,213.02999877929688,207.0599975585937,212.759994506836,212.26544189453125,-0.9513100123589484,1.8965419997348356,3.950775146484375,3.950775146484375
2017-03-06,212.82000732421875,213.6699981689453,209.17999267578125,210.7700042724609,210.2800750732422,-0.8948002825840887,-0.9353226806818272,-1.9853668212890625,-1.9853668212890625
2017-03-07,210.22000122070312,214.0599975585937,209.7400054931641,211.3000030517578,210.80886840820312,-0.6108173766089056,0.2514709654620084,0.5287933349609375,0.5287933349609375
2017-03-08,210.57000732421875,212.2899932861328,208.67999267578125,209.1300048828125,208.64390563964844,-0.917748396198245,-1.026978980961335,-2.1649627685546875,-2.1649627685546875
2017-03-09,209.16000366210932,212.41000366210932,208.7100067138672,209.3800048828125,208.893310546875,-0.9934771711249604,0.1195361572924769,0.2494049072265625,0.2494049072265625
2017-03-10,211.0200042724609,211.75,209.009994506836,211.2899932861328,210.79885864257807,-1.0339232213699108,0.912211162106824,1.905548095703068,1.9055480957030682
2017-03-13,211.8000030517578,213.2400054931641,210.0,212.7400054931641,212.2455139160156,-0.2906911916914263,0.6862728208080204,1.4466552734375284,1.4466552734375284
2017-03-14,212.8000030517578,213.8800048828125,209.5500030517578,212.3000030517578,211.8065185546875,-0.9510231609387716,-0.2068337526803021,-0.4389953613280966,-0.4389953613280966
2017-03-15,213.009994506836,215.3500061035156,210.91000366210932,215.1300048828125,214.62994384765625,-0.8684099519278091,1.3330209628273249,2.82342529296875,2.82342529296875
2017-03-16,215.72000122070312,215.9600067138672,211.47999572753903,211.5599975585937,211.0682373046875,-0.7823545258747233,-1.659463949492923,-3.56170654296875,-3.56170654296875
2017-03-17,211.66000366210932,212.6699981689453,209.57000732421875,211.2899932861328,210.79885864257807,-0.4114556395859234,-0.1276263380740605,-0.2693786621094318,-0.26937866210943184
2017-03-20,212.72999572753903,218.75,211.69000244140625,216.1100006103516,215.607666015625,-0.431822090418487,2.281230270416468,4.808807373046932,4.808807373046932
2017-03-21,217.52999877929688,218.6499938964844,205.33999633789065,205.6999969482422,205.22186279296875,0.040909050033131,-4.816991628629563,-10.38580322265625,-10.38580322265625
2017-03-22,205.7700042724609,210.47999572753903,203.3600006103516,209.6300048828125,209.1427459716797,-0.6558530495766871,1.9105582248156503,3.9208831787109375,3.9208831787109375
2017-03-23,209.02999877929688,211.6100006103516,206.02999877929688,208.17999267578125,207.6960906982422,-0.1352177219555179,-0.6917071241062334,-1.4466552734375,-1.4466552734375
2017-03-24,208.17999267578125,213.08999633789065,208.17999267578125,210.8600006103516,210.369873046875,-0.5795505718096177,1.2873532379179542,2.6737823486328125,2.6737823486328125
2017-03-27,209.3000030517578,213.19000244140625,207.47999572753903,211.57000732421875,211.07823181152344,-0.8904975112814345,0.3367206313285242,0.7083587646484375,0.7083587646484375
2017-03-28,212.57000732421875,212.8300018310547,211.0800018310547,211.509994506836,211.0183563232422,-1.0431024668155733,-0.0283664913086401,-0.05987548828125,-0.05987548828125
2017-03-29,213.1300048828125,216.6999969482422,212.27999877929688,216.2899932861328,215.9403839111328,-0.681095974552259,2.332511575604812,4.922027587890625,4.922027587890625
2017-03-30,217.0599975585937,217.1300048828125,211.6000061035156,212.5599975585937,212.21641540527344,-0.924345978862315,-1.7245354659515266,-3.723968505859375,-3.723968505859375
2017-03-31,213.0500030517578,213.5200042724609,211.2100067138672,211.47000122070312,211.128173828125,-0.8371431471285212,-0.5127980203935678,-1.0882415771484375,-1.0882415771484375
2017-04-03,210.77999877929688,221.97999572753903,210.77999877929688,219.9499969482422,219.594482421875,0.951375457674779,4.010032597848467,8.46630859375,8.46630859375
2017-04-04,220.009994506836,221.72000122070312,215.6999969482422,215.9199981689453,215.57098388671875,-0.505542905403964,-1.8322402688727315,-4.02349853515625,-4.02349853515625
2017-04-05,216.3500061035156,218.77999877929688,214.94000244140625,215.27999877929688,214.93202209472656,-0.6722035805267734,-0.296404358542035,-0.6389617919921875,-0.6389617919921875
2017-04-06,215.1000061035156,218.9600067138672,214.6499938964844,217.72000122070312,217.3680877685547,-0.565494852220947,1.1334121598476798,2.436065673828125,2.436065673828125
2017-04-07,217.52999877929688,220.0,217.0200042724609,219.1000061035156,218.745849609375,-0.8380037013890521,0.6338381383229175,1.3777618408203125,1.3777618408203125
2017-04-10,220.009994506836,220.16000366210932,217.5599975585937,219.0599975585937,218.70590209960932,-1.118544390322112,-0.0182620652400933,-0.0399475097656534,-0.03994750976568184
2017-04-11,219.0599975585937,220.3099975585937,216.33999633789065,219.77999877929688,219.4247436523437,-0.984584777099475,0.3286795398905084,0.718841552734375,0.718841552734375
2017-04-12,219.9199981689453,221.3500061035156,215.66000366210932,216.3099975585937,215.96034240722656,-0.1291938421318019,-1.578856234466497,-3.464401245117159,-3.4644012451171307
2017-04-13,216.7899932861328,217.57000732421875,214.0,215.4600067138672,215.1117401123047,-0.6779406089303125,-0.3929435772618395,-0.848602294921875,-0.848602294921875
2017-04-17,218.07000732421875,220.5200042724609,216.0,220.47999572753903,220.1236114501953,-0.2990098828765579,2.329892052973981,5.011871337890625,5.011871337890625
2017-04-18,220.0,220.0599975585937,217.2100067138672,217.8300018310547,217.4779052734375,-1.331101292673234,-1.2019183945455203,-2.6457061767578125,-2.6457061767578125
2017-04-19,218.2400054931641,220.5,217.38999938964844,218.8300018310547,218.47628784179688,-1.0006484566293845,0.4590731031292927,0.998382568359375,0.998382568359375
2017-04-20,220.92999267578125,226.2100067138672,219.66000366210932,223.41000366210932,223.04888916015625,-0.8775891973734716,2.092950847677577,4.572601318359375,4.572601318359375
2017-04-21,223.8999938964844,225.0,222.009994506836,223.82000732421875,223.458236694336,-1.0801063000184,0.1835236820595831,0.4093475341797159,0.40934753417974434
2017-04-24,225.58999633789065,227.25,223.94000244140625,225.8999938964844,225.53485107421875,-1.073795568774507,0.9293076015467472,2.076614379882784,2.0766143798827557
2017-04-25,227.02999877929688,231.44000244140625,225.8099975585937,230.6300048828125,230.2572326660156,0.1283987331871016,2.093858917725666,4.722381591796847,4.722381591796847
2017-04-26,229.6699981689453,230.4900054931641,226.17999267578125,228.27999877929688,227.9110107421875,-0.6515502782740329,-1.0189568842909114,-2.3462219238280966,-2.3462219238280966
2017-04-27,230.8099975585937,234.66000366210932,229.66000366210932,230.2100067138672,229.83790588378903,-0.7797728630931308,0.8454594340688626,1.926895141601534,1.926895141601534
2017-04-28,232.2899932861328,232.2899932861328,228.509994506836,228.91000366210932,228.54000854492188,-1.1681696860127246,-0.5647011679280611,-1.297897338867159,-1.297897338867159
2017-05-01,230.58999633789065,235.8699951171875,229.08999633789065,235.08999633789065,234.70999145507807,-0.8405853641706447,2.699738636328708,6.169982910156193,6.169982910156193
2017-05-02,235.4900054931641,237.5500030517578,230.5,234.759994506836,234.3805389404297,-0.942130766913286,-0.1403657818765835,-0.3294525146483806,-0.32945251464838066
2017-05-03,234.1300048828125,237.0,230.2100067138672,234.97000122070312,234.59019470214844,-0.6756457975688969,0.0894510110210244,0.20965576171875,0.20965576171875
2017-05-04,235.67999267578125,241.3300018310547,234.17999267578125,236.509994506836,236.12771606445312,-0.1796796920829456,0.6554073431145779,1.5375213623046875,1.5375213623046875
2017-05-05,256.489990234375,275.54998779296875,254.25,275.1600036621094,274.7152404785156,3.235573316543854,16.341802248885394,38.5875244140625,38.5875244140625
2017-05-08,275.0,276.9700012207031,273.0299987792969,274.9599914550781,274.5155334472656,-0.0147401254811977,-0.0726960145720823,-0.19970703125,-0.19970703125
2017-05-09,275.0,283.67999267578125,273.5,281.7699890136719,281.31451416015625,-0.1656239724942749,2.4767198517007483,6.798980712890625,6.798980712890625
2017-05-10,284.5899963378906,284.70001220703125,278.1700134277344,282.260009765625,281.80377197265625,0.2853064600238947,0.1739184392816062,0.4892578125,0.4892578125
2017-05-11,283.6000061035156,284.95001220703125,277.3299865722656,280.8699951171875,280.4159851074219,1.6203129695274328,-0.4924656811793992,-1.387786865234375,-1.387786865234375
2017-05-12,282.010009765625,292.3399963378906,282.010009765625,287.2799987792969,286.8156433105469,-0.2295918391937353,2.2822016372117337,6.399658203125,6.399658203125
2017-05-15,289.7900085449219,296.3299865722656,288.5,296.239990234375,295.7611389160156,-0.0962059288114523,3.118900873821273,8.94549560546875,8.94549560546875
2017-05-16,290.6000061035156,297.95001220703125,287.07000732421875,297.2200012207031,296.7395935058594,0.0116502051750818,0.3308259473945307,0.97845458984375,0.97845458984375
2017-05-17,290.5199890136719,293.0,277.8500061035156,278.54998779296875,278.0997314453125,1.2006493418085509,-6.281555433949471,-18.639862060546875,-18.639862060546875
2017-05-19,277.0599975585937,279.7900085449219,271.1600036621094,272.57000732421875,272.1294250488281,0.0624229065464025,-2.1468220646802094,-5.970306396484375,-5.970306396484375
2017-05-22,275.5,280.69000244140625,273.6499938964844,275.3699951171875,274.9248962402344,0.1266776246660399,1.0272579640752344,2.79547119140625,2.79547119140625
2017-05-23,277.17999267578125,282.239990234375,275.5400085449219,281.79998779296875,281.3445129394531,-0.364985709517257,2.335043783597235,6.41961669921875,6.41961669921875
2017-05-24,282.79998779296875,288.010009765625,279.5899963378906,286.2799987792969,285.8172607421875,-0.0933374146096828,1.5897760919534765,4.472747802734375,4.472747802734375
2017-05-25,289.0599975585937,295.5,286.0299987792969,292.4200134277344,291.9473571777344,-0.067807638213934,2.144760753646824,6.130096435546875,6.130096435546875
2017-05-26,294.489990234375,295.2300109863281,286.3800048828125,286.95001220703125,286.4862060546875,-0.3428981501636317,-1.870594471496512,-5.461151123046875,-5.461151123046875
2017-05-30,288.0,288.44000244140625,276.8900146484375,279.9800109863281,279.5274353027344,0.4883972655091773,-2.4290072627876413,-6.958770751953125,-6.958770751953125
2017-05-31,281.6400146484375,283.0,272.67999267578125,275.1099853515625,274.6653137207031,1.1226257555204198,-1.7394076458954633,-4.86212158203125,-4.86212158203125
2017-06-01,277.010009765625,280.9800109863281,272.1099853515625,280.3999938964844,279.9467468261719,-0.2522531013877146,1.9228613303677864,5.28143310546875,5.28143310546875
2017-06-02,280.25,282.7200012207031,277.5,280.3699951171875,279.91680908203125,-0.7614143722018057,-0.0106940853858983,-0.029937744140625,-0.029937744140625
2017-06-05,277.42999267578125,281.1000061035156,276.1000061035156,278.8900146484375,278.439208984375,-0.7505140182350816,-0.5278711566132577,-1.47760009765625,-1.47760009765625
2017-06-06,278.5,285.510009765625,277.7900085449219,280.0400085449219,279.5873413085937,-0.4091608282245078,0.412345778601586,1.1481323242186932,1.1481323242186932
2017-06-07,281.0299987792969,287.4100036621094,280.6199951171875,285.25,284.7889099121094,-0.6171281078527985,1.860444961195307,5.201568603515682,5.201568603515682
2017-06-08,288.1099853515625,289.6499938964844,282.2200012207031,288.1199951171875,287.654296875,-0.4392802273430878,1.0061441520931913,2.865386962890625,2.865386962890625
2017-06-09,289.489990234375,293.3299865722656,268.42999267578125,275.07000732421875,274.6253967285156,0.0979924826483446,-4.529360516434789,-13.028900146484377,-13.028900146484375
2017-06-12,273.9700012207031,274.9100036621094,264.25,270.7300109863281,270.2924194335937,0.6375600040011927,-1.577777345627418,-4.332977294921932,-4.332977294921932
2017-06-13,266.95001220703125,275.6400146484375,265.0199890136719,273.0,272.5587158203125,-0.2106596454620565,0.8384609496144613,2.266296386718807,2.266296386718807
2017-06-14,273.8699951171875,274.9700012207031,264.7699890136719,265.0,264.5716552734375,-0.1733689608390526,-2.930399977427456,-7.987060546875,-7.987060546875
2017-06-15,261.07000732421875,264.1000061035156,255.1499938964844,263.29998779296875,262.8743896484375,0.951088606254602,-0.641514535351817,-1.697265625,-1.697265625
2017-06-16,263.04998779296875,266.9800109863281,260.9100036621094,263.45001220703125,263.0242004394531,2.683097481283043,0.0569894964724371,0.149810791015625,0.149810791015625
2017-06-19,268.3500061035156,275.5299987792969,267.9100036621094,274.32000732421875,273.8765869140625,-0.0325249135321688,4.126003028039826,10.852386474609377,10.852386474609375
2017-06-20,274.3399963378906,275.6400146484375,270.0,271.2699890136719,270.8315124511719,-0.0548993243059711,-1.11184183255727,-3.045074462890625,-3.045074462890625
2017-06-21,268.44000244140625,277.3999938964844,264.8099975585937,276.989990234375,276.5422668457031,-0.1268990307703863,2.108600414643713,5.71075439453125,5.71075439453125
2017-06-22,277.3599853515625,280.3399963378906,273.1400146484375,275.75,275.3042907714844,-0.0884609404666746,-0.4476625176828674,-1.23797607421875,-1.23797607421875
2017-06-23,271.2799987792969,277.7300109863281,268.5899963378906,275.2300109863281,274.7851257324219,-0.3563801669119485,-0.1885786224426922,-0.5191650390625,-0.5191650390625
2017-06-26,276.0899963378906,278.69000244140625,267.70001220703125,268.0,267.5668029785156,-0.5784031661289099,-2.626897192730604,-7.21832275390625,-7.21832275390625
2017-06-27,265.5899963378906,265.5899963378906,255.66000366210932,255.92999267578125,255.5163116455078,0.3765252116401657,-4.503731852704995,-12.050491333007812,-12.050491333007812
2017-06-28,260.0,263.2300109863281,250.33999633789065,262.3099975585937,262.0395812988281,0.8868338881349647,2.552975820334491,6.5232696533203125,6.5232696533203125
2017-06-29,259.8500061035156,262.70001220703125,247.47999572753903,252.42999267578125,252.16976928710932,0.44766436384405,-3.76653479707072,-9.869812011718778,-9.869812011718807
2017-06-30,254.1000061035156,254.47999572753903,249.1300048828125,250.8800048828125,250.6213836669922,-0.3810493890471664,-0.6140250770322209,-1.548385620117159,-1.5483856201171307
2017-07-03,254.02999877929688,254.97000122070312,248.52999877929688,250.67999267578125,250.42156982421875,-1.0649031747490216,-0.0797273719623792,-0.1998138427734375,-0.1998138427734375
2017-07-05,250.38999938964844,253.8300018310547,246.1999969482422,248.97999572753903,248.7233123779297,0.5213851788295268,-0.6781594123386192,-1.6982574462890625,-1.6982574462890625
2017-07-06,246.009994506836,252.2899932861328,245.5,251.1000061035156,250.8411407470703,0.0156661250575592,0.8514796417324222,2.117828369140625,2.117828369140625
2017-07-07,252.2400054931641,257.8999938964844,252.17999267578125,255.6000061035156,255.3365020751953,-0.0881740890464976,1.792114847961801,4.495361328125,4.495361328125
2017-07-10,256.989990234375,261.4700012207031,253.1499938964844,259.82000732421875,259.5521850585937,-0.0302301021707532,1.6510302871451057,4.215682983398381,4.215682983398381
2017-07-11,258.57000732421875,263.3900146484375,256.4599914550781,262.4100036621094,262.1394958496094,-0.0385487933558848,0.9968364513793572,2.587310791015682,2.587310791015682
2017-07-12,267.5400085449219,274.69000244140625,266.07000732421875,274.3500061035156,274.06719970703125,0.5658471489569545,4.550136109312142,11.927703857421877,11.927703857421875
2017-07-13,273.3999938964844,276.0,269.79998779296875,271.5400085449219,271.26007080078125,0.3458321096812318,-1.0242483993891716,-2.80712890625,-2.80712890625
2017-07-14,273.4100036621094,274.1700134277344,268.5899963378906,273.5799865722656,273.2979736328125,-0.3781808748453969,0.7512726904535638,2.03790283203125,2.03790283203125
2017-07-17,274.0,279.0,272.760009765625,276.1199951171875,275.8353271484375,0.51450074474528,0.9284201715428876,2.537353515625,2.537353515625
2017-07-18,275.0,281.1000061035156,273.29998779296875,280.239990234375,279.9510803222656,-0.414037302367516,1.4921051688253415,4.115753173828125,4.115753173828125
2017-07-19,280.0,281.4800109863281,278.2300109863281,280.5599975585937,280.270751953125,-0.255982169850015,0.1141883898041706,0.319671630859375,0.319671630859375
2017-07-20,281.0899963378906,284.010009765625,279.3299865722656,282.0799865722656,281.7892150878906,-0.2978624771958501,0.541784372498344,1.518463134765625,1.518463134765625
2017-07-21,281.20001220703125,282.1000061035156,279.3299865722656,280.260009765625,279.9710998535156,-0.5864350058938645,-0.645203981212672,-1.818115234375,-1.818115234375
2017-07-24,280.9700012207031,283.260009765625,280.3999938964844,282.3800048828125,282.0888977050781,-0.4946425514372397,0.7564344507952958,2.1177978515625,2.1177978515625
2017-07-25,281.510009765625,282.5,275.8999938964844,279.260009765625,278.9721069335937,0.2887486770660182,-1.1048966467099408,-3.116790771484432,-3.116790771484432
2017-07-26,279.6300048828125,286.0299987792969,278.510009765625,286.0199890136719,285.7251281738281,0.2460078154596522,2.4206797283292225,6.753021240234432,6.753021240234432
2017-07-27,287.0,290.989990234375,280.04998779296875,286.6400146484375,286.3445129394531,2.336580965709284,0.2167764416044493,0.619384765625,0.619384765625
2017-07-28,285.8999938964844,290.7900085449219,284.6099853515625,288.8699951171875,288.5722045898437,0.3857044570858282,0.7779760217935916,2.227691650390568,2.227691650390568
2017-07-31,291.44000244140625,292.8999938964844,286.3699951171875,288.4200134277344,288.1226806640625,0.4138158962631696,-0.1557751989385569,-0.4495239257811931,-0.44952392578119316
2017-08-01,288.510009765625,290.739990234375,287.8900146484375,288.8800048828125,288.58221435546875,0.4975765109548398,0.1594923698291062,0.45953369140625,0.45953369140625
2017-08-02,293.69000244140625,293.8599853515625,281.3900146484375,286.6000061035156,286.3045654296875,0.7339420811806489,-0.7892547816462758,-2.27764892578125,-2.27764892578125
2017-08-03,287.0,293.2099914550781,286.7699890136719,292.3800048828125,292.0785827636719,0.9972716849030916,2.0167395253787523,5.774017333984375,5.774017333984375
2017-08-07,258.0599975585937,265.5,252.8500061035156,256.1700134277344,255.9059295654297,2.6848185898041046,-12.384562009296785,-36.17265319824219,-36.17265319824219
2017-08-08,256.1700134277344,259.1700134277344,251.0500030517578,251.9199981689453,251.6602935791016,0.7064043448436614,-1.6590612001597171,-4.245635986328097,-4.245635986328097
2017-08-09,249.6000061035156,252.1499938964844,245.1199951171875,251.5200042724609,251.26071166992188,2.013012563749681,-0.1587782893744949,-0.3995819091797159,-0.3995819091797159
2017-08-10,250.0,251.42999267578125,232.1699981689453,232.63999938964844,232.40017700195312,3.732113124870159,-7.506360442354232,-18.86053466796875,-18.86053466796875
2017-08-11,234.1699981689453,240.88999938964844,232.6300048828125,240.16000366210932,239.91241455078125,1.9762955819670311,3.232457757020124,7.512237548828125,7.512237548828125
2017-08-14,243.1999969482422,243.1999969482422,234.5500030517578,236.94000244140625,236.6957397460937,0.7703722115431219,-1.3407704685522548,-3.2166748046875284,-3.216674804687557
2017-08-15,237.1699981689453,237.92999267578125,234.6000061035156,236.07000732421875,235.8266448974609,-0.0807159521218969,-0.3671780698567328,-0.8690948486328125,-0.8690948486327841
2017-08-16,238.88999938964844,242.6499938964844,236.7100067138672,241.8999938964844,241.650634765625,0.0454986727559623,2.4696063800154544,5.823989868164091,5.823989868164091
2017-08-17,240.3999938964844,242.07000732421875,233.9499969482422,234.19000244140625,233.94857788085932,0.5569547549314691,-3.1872694612351538,-7.702056884765653,-7.702056884765682
2017-08-18,234.08999633789065,238.33999633789065,232.72000122070312,236.13999938964844,235.8965606689453,0.186342720062846,0.832654254935461,1.947982788085966,1.9479827880859943
2017-08-21,235.2899932861328,242.63999938964844,235.2899932861328,241.9499969482422,241.70057678222656,0.3613220863707873,2.460407263599973,5.80401611328125,5.80401611328125
2017-08-22,241.9600067138672,244.82000732421875,241.75,243.2899932861328,243.0391845703125,0.4255768044904247,0.5538289589155809,1.3386077880859375,1.3386077880859375
2017-08-23,242.0,244.7899932861328,241.3699951171875,243.5399932861328,243.28892517089844,-0.80903170795118,0.1027573397382353,0.2497406005859375,0.2497406005859375
2017-08-24,244.57000732421875,245.1699981689453,240.63999938964844,243.6199951171875,243.3688507080078,-0.2267233249919658,0.0328521066272236,0.079925537109375,0.079925537109375
2017-08-25,249.83999633789065,249.9499969482422,244.8800048828125,246.41000366210932,246.155990600586,0.1720001490539984,1.145232795598039,2.7871398925781534,2.787139892578182
2017-08-28,246.6699981689453,248.27999877929688,241.6699981689453,242.5399932861328,242.2899627685547,-0.4455909585869808,-1.570560124333642,-3.8660278320312784,-3.866027832031307
2017-08-29,240.0,243.75,238.25,240.8999938964844,240.65164184570312,0.0113633537549049,-0.676181920262442,-1.6383209228515625,-1.6383209228515625
2017-08-30,242.3099975585937,247.1300048828125,240.1499938964844,246.75,246.49562072753903,2.113984263651969,2.428397677661742,5.843978881835909,5.843978881835909
2017-08-31,248.9900054931641,259.3999938964844,247.2899932861328,258.4700012207031,258.2035217285156,0.9766183826503508,4.749739961472899,11.707901000976593,11.707901000976591
2017-09-01,258.010009765625,258.7300109863281,251.3699951171875,251.91000366210932,251.6503143310547,-0.2708984436992165,-2.5380007807760285,-6.5532073974609375,-6.5532073974609375
2017-09-05,252.6000061035156,257.760009765625,251.509994506836,256.6300048828125,256.3654479980469,-0.0345328734734075,1.873684791344732,4.715133666992188,4.7151336669921875
2017-09-06,257.6700134277344,259.3500061035156,251.9199981689453,257.8800048828125,257.6141662597656,-0.4071528682832691,0.4870852415838289,1.24871826171875,1.24871826171875
2017-09-07,258.9200134277344,260.95001220703125,256.1600036621094,258.67999267578125,258.4132995605469,-0.5043954997232561,0.310205495444471,0.79913330078125,0.79913330078125
2017-09-08,258.2099914550781,262.25,258.2099914550781,259.9800109863281,259.7120056152344,-0.7611275207816288,0.50256935571662,1.2987060546875,1.2987060546875
2017-09-11,265.0799865722656,286.6600036621094,265.07000732421875,285.260009765625,284.9659423828125,1.9424471143861508,9.723823397287234,25.253936767578125,25.253936767578125
2017-09-12,284.1700134277344,295.67999267578125,281.8800048828125,290.7900085449219,290.490234375,1.4292699236895825,1.9385797285088824,5.5242919921875,5.5242919921875
2017-09-13,290.0,293.3099975585937,287.57000732421875,292.2099914550781,291.90875244140625,-0.6518371296942098,0.4883186759989444,1.41851806640625,1.41851806640625
2017-09-14,290.57000732421875,292.44000244140625,287.5400085449219,287.9200134277344,287.6231994628906,-0.4091608282245078,-1.4681139029484425,-4.285552978515625,-4.285552978515625
2017-09-15,287.510009765625,289.42999267578125,281.2799987792969,282.7099914550781,282.4185485839844,0.5807634228061561,-1.8095379262262008,-5.20465087890625,-5.20465087890625
2017-09-18,282.95001220703125,290.9700012207031,281.75,289.7099914550781,289.41131591796875,-0.0052740286153583,2.476029768244814,6.992767333984375,6.992767333984375
2017-09-19,289.19000244140625,290.25,285.0,289.9700012207031,289.67108154296875,-0.413750450947339,0.0897565543268585,0.259765625,0.259765625
2017-09-20,289.3299865722656,296.3500061035156,287.0599975585937,290.20001220703125,289.9008483886719,0.3231708474872525,0.0793199115628917,0.229766845703125,0.229766845703125
2017-09-21,291.29998779296875,291.8500061035156,279.6099853515625,281.8699951171875,281.57940673828125,-0.0755526265587117,-2.870444048937037,-8.321441650390625,-8.321441650390625
2017-09-22,280.07000732421875,283.67999267578125,279.2699890136719,279.4599914550781,279.1719055175781,-0.2883963803300107,-0.8549990386693351,-2.407501220703125,-2.407501220703125
2017-09-25,279.7300109863281,279.82000732421875,262.2300109863281,270.2200012207031,269.94140625,1.4200906782439198,-3.306385451095084,-9.230499267578123,-9.230499267578125
2017-09-26,271.510009765625,273.6600036621094,265.1099853515625,269.2699890136719,268.9924011230469,-0.1765243264609991,-0.3515596736849757,-0.949005126953125,-0.949005126953125
2017-09-27,270.0799865722656,275.2900085449219,266.8399963378906,267.3999938964844,267.12432861328125,-0.3110576425239899,-0.6944703649494954,-1.868072509765625,-1.868072509765625
2017-09-28,266.1600036621094,268.739990234375,260.07000732421875,261.989990234375,261.8667907714844,-0.0637917183314566,-1.9681988043134255,-5.257537841796875,-5.257537841796875
2017-09-29,263.6000061035156,265.8999938964844,257.8399963378906,258.92999267578125,258.8082275390625,0.1415938985152414,-1.167984387562493,-3.058563232421875,-3.058563232421875
2017-10-02,258.9200134277344,266.9800109863281,258.9200134277344,263.6499938964844,263.5260314941406,0.0122239080154357,1.822895662915536,4.717803955078125,4.717803955078125
2017-10-03,262.57000732421875,264.6099853515625,256.2699890136719,264.3599853515625,264.2356872558594,0.1094665394554227,0.2692924709164934,0.70965576171875,0.70965576171875
2017-10-04,264.3599853515625,270.9700012207031,260.010009765625,263.8099975585937,263.6859436035156,0.2044143595339941,-0.208050493880274,-0.54974365234375,-0.54974365234375
2017-10-05,265.67999267578125,271.5400085449219,263.8299865722656,270.2300109863281,270.1029357910156,-0.0485885930620782,2.433573856765281,6.4169921875,6.4169921875
2017-10-06,269.7099914550781,272.7099914550781,265.0299987792969,268.82000732421875,268.693603515625,-0.517016962211042,-0.5217759930166266,-1.409332275390625,-1.409332275390625
2017-10-09,268.82000732421875,272.25,268.0,269.9200134277344,269.7930908203125,-0.6248730961975762,0.4091974242414586,1.0994873046875,1.0994873046875
2017-10-10,272.2300109863281,276.04998779296875,269.3699951171875,273.6400146484375,273.5113525390625,0.1263907732458629,1.3781901187478685,3.71826171875,3.71826171875
2017-10-11,274.1499938964844,275.9100036621094,272.0599975585937,274.489990234375,274.3609313964844,-0.1002218486939297,0.3106192300740273,0.849578857421875,0.849578857421875
2017-10-13,245.8699951171875,251.17999267578125,241.509994506836,244.8999938964844,244.7848358154297,2.003546466883842,-10.779995326052338,-29.576095581054688,-29.576095581054688
2017-10-17,232.1699981689453,237.509994506836,230.8699951171875,234.7899932861328,234.6795959472656,1.4037401472938336,-4.128213185470175,-10.105239868164093,-10.105239868164091
2017-10-18,240.0599975585937,243.8000030517578,237.22000122070312,242.41000366210932,242.2960205078125,1.795292335835374,3.245456653273937,7.616424560546903,7.616424560546903
2017-10-19,241.91000366210932,241.91000366210932,233.1999969482422,236.0,235.88902282714844,0.7204600644323321,-2.644285146423808,-6.406997680664063,-6.4069976806640625
2017-10-20,237.0,237.6499938964844,233.8000030517578,235.72999572753903,235.61915588378903,0.502166133677671,-0.114404197416662,-0.2698669433594034,-0.2698669433594034
2017-10-23,227.5599975585937,232.5,223.22000122070312,226.3500061035156,226.2435760498047,1.8107823125249292,-3.979124616934171,-9.375579833984348,-9.375579833984347
2017-10-24,226.5,230.8500061035156,222.1000061035156,225.4199981689453,225.31399536132807,1.4091903242771957,-0.4108760587624327,-0.9295806884766192,-0.9295806884766193
2017-10-25,224.4499969482422,228.1300048828125,217.0599975585937,221.509994506836,221.4058380126953,0.7259102414156942,-1.7345382129349662,-3.908157348632756,-3.9081573486327557
2017-10-26,226.3000030517578,230.0,222.7400054931641,229.0,228.892318725586,1.2540037059614642,3.3813384416996994,7.486480712890653,7.486480712890682
2017-10-27,231.3999938964844,238.82000732421875,228.97000122070312,236.0500030517578,235.9390106201172,0.7586113033158668,3.0786056665271344,7.046691894531222,7.046691894531193
2017-10-30,232.0200042724609,237.5,229.6300048828125,234.5,234.3897399902344,0.2485894782412448,-0.6566403011569966,-1.549270629882784,-1.549270629882784
2017-10-31,236.2400054931641,240.92999267578125,233.509994506836,240.3099975585937,240.197006225586,-0.4914871858152932,2.477611108572209,5.8072662353515625,5.807266235351591
2017-11-01,242.5,243.88999938964844,233.5800018310547,239.0200042724609,238.90760803222656,0.2319520958709815,-0.5368086029134078,-1.2893981933594034,-1.2893981933594318
2017-11-02,240.47999572753903,240.47999572753903,234.6699981689453,236.0,235.88902282714844,1.1676614284882014,-1.2634948003292346,-3.018585205078125,-3.018585205078125
2017-11-06,265.6300048828125,274.45001220703125,263.0599975585937,268.5299987792969,268.4037170410156,0.4749152487608605,13.783894572191624,32.51469421386719,32.51469421386719
2017-11-07,269.3099975585937,269.3500061035156,259.510009765625,265.6300048828125,265.5050964355469,0.0007498512083576,-1.0799480116833848,-2.89862060546875,-2.89862060546875
2017-11-08,264.010009765625,268.0,259.010009765625,260.1000061035156,259.9776916503906,-0.1257516250896785,-2.0818450791953325,-5.52740478515625,-5.52740478515625
2017-11-09,253.97999572753903,268.6000061035156,250.8300018310547,266.4100036621094,266.28472900390625,1.831148763357493,2.425991750860357,6.307037353515625,6.307037353515625
2017-11-10,264.6000061035156,273.75,261.5400085449219,270.8699951171875,270.7426147460937,0.6639503346574724,1.674104917267738,4.457885742187443,4.457885742187443
2017-11-13,265.2300109863281,273.67999267578125,262.739990234375,267.0799865722656,266.95440673828125,-0.3165078195073521,-1.3991916312713015,-3.788208007812443,-3.788208007812443
2017-11-14,264.3900146484375,267.07000732421875,259.17999267578125,262.489990234375,262.3665771484375,-0.6432315870889013,-1.71858170310768,-4.58782958984375,-4.58782958984375
2017-11-15,260.29998779296875,266.9599914550781,258.0599975585937,263.5400085449219,263.41607666015625,-0.7077731566287155,0.4000126552418992,1.04949951171875,1.04949951171875
2017-11-16,263.489990234375,267.8800048828125,259.1000061035156,262.4800109863281,262.3565979003906,0.2789957287800018,-0.4022073265985582,-1.059478759765625,-1.059478759765625
2017-11-17,265.1700134277344,270.6000061035156,259.1199951171875,269.7300109863281,269.6031799316406,0.1966693711892163,2.7621116027740644,7.24658203125,7.24658203125
2017-11-20,268.6000061035156,271.9800109863281,263.57000732421875,265.8399963378906,265.7149963378906,-0.2840936090273564,-1.44218758648762,-3.88818359375,-3.88818359375
2017-11-21,266.5,270.3599853515625,265.8399963378906,268.760009765625,268.6336364746094,-0.6773669060899586,1.0984100171024247,2.91864013671875,2.91864013671875
2017-11-22,267.739990234375,269.010009765625,263.42999267578125,265.8900146484375,265.7649841308594,-0.8431670269522373,-1.0678678892920956,-2.86865234375,-2.86865234375
2017-11-24,265.760009765625,272.6000061035156,265.3299865722656,271.3800048828125,271.2524108886719,-1.0462578324375198,2.0647666492853656,5.4874267578125,5.4874267578125
2017-11-27,272.3800048828125,277.8900146484375,271.0199890136719,272.6199951171875,272.4917907714844,0.1169246763800235,0.4569101814623666,1.2393798828125,1.2393798828125
2017-11-28,270.7900085449219,272.1600036621094,263.7099914550781,269.8399963378906,269.7131042480469,-0.3133524538854055,-1.0197321965444983,-2.7786865234375,-2.7786865234375
2017-11-29,269.7300109863281,272.4200134277344,266.2099914550781,267.70001220703125,267.5741271972656,0.6375600040011927,-0.7930564058964307,-2.13897705078125,-2.13897705078125
2017-11-30,271.44000244140625,276.4800109863281,270.3599853515625,275.1400146484375,275.0106506347656,0.7399659610043648,2.779238604043921,7.4365234375,7.4365234375
2017-12-01,273.5400085449219,282.54998779296875,270.5,272.9100036621094,272.7816772460937,0.3429635954794622,-0.8105043872035922,-2.228973388671932,-2.228973388671932
2017-12-04,275.0,281.3500061035156,271.5199890136719,271.7300109863281,271.60223388671875,0.7370974468025954,-0.4323763132781377,-1.1794433593749432,-1.1794433593749432
2017-12-05,272.79998779296875,278.69000244140625,269.7699890136719,270.79998779296875,270.6726379394531,0.8687622486638167,-0.3422637339769996,-0.929595947265625,-0.929595947265625
2017-12-06,269.79998779296875,274.3900146484375,267.010009765625,272.2099914550781,272.0820007324219,-0.0990744430132218,0.5206890521693541,1.40936279296875,1.40936279296875
2017-12-07,271.4599914550781,273.7200012207031,268.8999938964844,272.67999267578125,272.5517578125,-0.6538450896354485,0.1726527586586312,0.469757080078125,0.469757080078125
2017-12-08,271.4599914550781,280.6400146484375,271.4599914550781,276.45001220703125,276.32000732421875,-0.4673916665204292,1.3825812542772375,3.76824951171875,3.76824951171875
2017-12-11,276.04998779296875,289.2799987792969,276.0,288.79998779296875,288.6641845703125,0.8033601248634714,4.467348334863708,12.34417724609375,12.34417724609375
2017-12-12,286.42999267578125,298.79998779296875,285.1400146484375,295.1199951171875,294.9812316894531,1.054355117518305,2.188372322165222,6.317047119140625,6.317047119140625
2017-12-13,310.54998779296875,321.5400085449219,307.5299987792969,318.94000244140625,318.7900390625,3.2453262648298704,8.071295667417932,23.808807373046875,23.808807373046875
2017-12-14,316.1000061035156,329.0,314.6099853515625,321.010009765625,320.85906982421875,0.7806988626694922,0.6490261639928718,2.06903076171875,2.06903076171875
2017-12-15,323.7099914550781,323.7099914550781,315.25,318.9100036621094,318.7600402832031,0.7290656070376407,-0.6541904962093059,-2.099029541015625,-2.099029541015625
2017-12-18,322.8099975585937,329.0599975585937,319.7900085449219,326.1199951171875,325.9666442871094,-0.1492734415441886,2.260824160237762,7.20660400390625,7.20660400390625
2017-12-19,326.0299987792969,334.989990234375,322.57000732421875,329.2799987792969,329.1251525878906,0.2893223799063721,0.9689667197970264,3.15850830078125,3.15850830078125
2017-12-20,317.5,322.989990234375,311.0400085449219,314.8999938964844,314.7519226074219,1.977729839067916,-4.367101653414496,-14.37322998046875,-14.37322998046875
2017-12-21,314.2799987792969,321.3599853515625,314.2799987792969,318.5400085449219,318.3902282714844,-0.2224205536893115,1.1559280190959864,3.6383056640625,3.6383056640625
2017-12-22,318.94000244140625,320.2799987792969,313.1099853515625,314.8299865722656,314.68194580078125,-0.4527622440914046,-1.1646973246745351,-3.708282470703125,-3.708282470703125
2017-12-26,314.3500061035156,323.3500061035156,313.3999938964844,318.489990234375,318.3402404785156,-0.201193548596217,1.1625371987658897,3.658294677734375,3.658294677734375
2017-12-27,318.6000061035156,320.7900085449219,315.0,319.0,318.8500061035156,-0.0767000322394195,0.1601323239040608,0.509765625,0.509765625
2017-12-28,319.3999938964844,322.4800109863281,314.1099853515625,315.57000732421875,315.57000732421875,-0.4100213824850386,-1.0286964768732032,-3.279998779296875,-3.279998779296875
2017-12-29,314.489990234375,318.2099914550781,312.69000244140625,314.6600036621094,314.6600036621094,-0.5497180241112146,-0.2883682355701245,-0.910003662109375,-0.910003662109375
2018-01-02,317.489990234375,322.6400146484375,316.2699890136719,322.5799865722656,322.5799865722656,-0.6911357742584523,2.5169970183630097,7.91998291015625,7.91998291015625
2018-01-03,324.6700134277344,329.9700012207031,322.5,329.2799987792969,329.2799987792969,-0.4714075864029065,2.0770080246532263,6.70001220703125,6.70001220703125
2018-01-04,329.8900146484375,332.94000244140625,322.54998779296875,325.8800048828125,325.8800048828125,-0.6271679075589919,-1.0325540297281277,-3.399993896484375,-3.399993896484375
2018-01-05,329.20001220703125,336.489990234375,328.6000061035156,330.8699951171875,330.8699951171875,-0.0540387700454403,1.531235473059911,4.989990234375,4.989990234375
2018-01-08,328.1199951171875,341.4700012207031,327.6600036621094,340.7900085449219,340.7900085449219,-0.3345794589785,2.9981604781723625,9.920013427734377,9.920013427734375
2018-01-09,343.2900085449219,344.17999267578125,336.17999267578125,337.6499938964844,337.6499938964844,-0.923772276021961,-0.9213928136697636,-3.1400146484375,-3.1400146484375
2018-01-10,336.1199951171875,339.9800109863281,333.2300109863281,339.54998779296875,339.54998779296875,0.1464703726582496,0.5627110708809502,1.899993896484375,1.899993896484375
2018-01-11,341.1099853515625,343.19000244140625,336.6700134277344,342.0199890136719,342.0199890136719,-0.850912015297015,0.7274337533503816,2.470001220703125,2.470001220703125
2018-01-12,342.6300048828125,344.5199890136719,338.010009765625,342.4700012207031,342.4700012207031,-0.8678362490874552,0.1315748264681948,0.45001220703125,0.45001220703125
2018-01-16,345.94000244140625,348.1700134277344,339.07000732421875,339.8500061035156,339.8500061035156,-0.6489686154924402,-0.7650290851311858,-2.6199951171875,-2.6199951171875
2018-01-17,342.6600036621094,345.8999938964844,340.2799987792969,340.45001220703125,340.45001220703125,-0.5815585317508564,0.1765502700426191,0.600006103515625,0.600006103515625
2018-01-18,340.45001220703125,347.2799987792969,338.4100036621094,341.8800048828125,341.8800048828125,1.230768740927131,0.4200301437826459,1.42999267578125,1.42999267578125
2018-01-19,340.94000244140625,345.8599853515625,340.0,345.3099975585937,345.3099975585937,-0.7763306460510073,1.0032738466108526,3.429992675781193,3.429992675781193
2018-01-22,355.5,355.6600036621094,343.3500061035156,352.2699890136719,352.2699890136719,-0.3331452018776153,2.01557774298069,6.959991455078182,6.959991455078182
2018-01-23,354.0799865722656,356.8099975585937,353.1400146484375,355.42999267578125,355.42999267578125,-0.4028500969806148,0.8970402704349345,3.160003662109375,3.160003662109375
2018-01-24,362.6099853515625,363.760009765625,347.20001220703125,355.6000061035156,355.6000061035156,-0.2433607073622291,0.0478331686232902,0.170013427734375,0.170013427734375
2018-01-25,359.0,360.5199890136719,352.4800109863281,360.0599975585937,360.0599975585937,-0.2034883599576326,1.2542157982358804,4.459991455078068,4.459991455078068
2018-01-26,365.1199951171875,383.6900024414063,365.1199951171875,381.8599853515625,381.8599853515625,0.915232178732483,6.054543115254352,21.799987792968807,21.799987792968807
2018-01-29,382.1000061035156,395.6700134277344,382.0400085449219,390.2699890136719,390.2699890136719,1.3489515260400355,2.202378878312339,8.410003662109375,8.410003662109375
2018-01-30,385.8800048828125,387.0199890136719,375.0199890136719,386.3699951171875,386.3699951171875,0.1470440754986035,-0.9993066354758162,-3.899993896484375,-3.899993896484375
2018-01-31,386.1499938964844,392.0,384.0700073242188,387.1000061035156,387.1000061035156,-0.7077731566287155,0.1889409104106842,0.730010986328125,0.730010986328125
2018-02-01,385.75,387.6799926757813,377.5499877929688,378.760009765625,378.760009765625,-0.5881561144149263,-2.1544810659756,-8.339996337890625,-8.339996337890625
2018-02-02,377.0400085449219,379.9400024414063,367.0,368.3900146484375,368.3900146484375,-0.0491622959024321,-2.7378801483304405,-10.3699951171875,-10.3699951171875
2018-02-05,363.1000061035156,374.4599914550781,351.8999938964844,351.989990234375,351.989990234375,0.0084948395531353,-4.451810245104881,-16.4000244140625,-16.4000244140625
2018-02-06,345.0899963378906,358.3500061035156,336.6600036621094,350.4599914550781,350.4599914550781,1.2884258763826986,-0.4346711047885532,-1.529998779296875,-1.529998779296875
2018-02-07,348.1000061035156,357.9700012207031,343.1199951171875,343.54998779296875,343.54998779296875,0.3403819326978697,-1.971695437593224,-6.910003662109375,-6.910003662109375
2018-02-08,346.7099914550781,350.5299987792969,337.6199951171875,345.3099975585937,345.3099975585937,1.1748327139926251,0.5123009250943555,1.7600097656249432,1.7600097656249432
2018-02-09,348.67999267578125,358.19000244140625,320.20001220703125,335.8599853515625,335.8599853515625,2.775463638580021,-2.7366749511582467,-9.450012207031191,-9.450012207031193
2018-02-12,339.07000732421875,366.2900085449219,339.07000732421875,353.45001220703125,353.45001220703125,1.4722976367161251,5.237309480930374,17.59002685546875,17.59002685546875
2018-02-13,352.6199951171875,367.7000122070313,351.44000244140625,366.510009765625,366.510009765625,-0.1871378290075463,3.695005547472996,13.05999755859375,13.05999755859375
2018-02-14,361.8200073242188,378.75,361.8200073242188,375.7099914550781,375.7099914550781,-0.4932082943363549,2.5101583706639508,9.199981689453123,9.199981689453125
2018-02-15,381.010009765625,383.260009765625,367.3399963378906,379.0499877929688,379.0499877929688,-0.2034883599576326,0.8889825700283627,3.339996337890682,3.339996337890682
2018-02-16,377.2099914550781,380.2200012207031,369.6799926757813,369.8699951171875,369.8699951171875,-0.4605072324361823,-2.4218422296310105,-9.179992675781309,-9.179992675781307
2018-02-20,368.989990234375,376.2000122070313,366.8500061035156,375.7799987792969,375.7799987792969,-0.2427870045218752,1.5978597183144982,5.910003662109375,5.910003662109375
2018-02-21,380.0,383.55999755859375,372.6099853515625,373.3399963378906,373.3399963378906,-0.4180532222499933,-0.6493167410007161,-2.44000244140625,-2.44000244140625
2018-02-22,376.0,379.9500122070313,366.9599914550781,369.5,369.5,0.4227082902886551,-1.028552090736945,-3.839996337890625,-3.839996337890625
2018-02-23,359.8900146484375,390.5499877929688,356.0899963378906,387.260009765625,387.260009765625,3.818742253763599,4.806497906799723,17.760009765625,17.760009765625
2018-02-26,388.6600036621094,392.9200134277344,381.0199890136719,392.55999755859375,392.55999755859375,0.593098033873765,1.3685863913953655,5.29998779296875,5.29998779296875
2018-02-27,392.55999755859375,397.8800048828125,373.0199890136719,375.4400024414063,375.4400024414063,1.1412710978319218,-4.361115555242511,-17.119995117187443,-17.119995117187443
2018-02-28,388.4700012207031,399.3399963378906,380.6400146484375,387.9700012207031,387.9700012207031,1.0537814146779512,3.33741708337334,12.529998779296818,12.529998779296818
2018-03-01,388.6900024414063,390.6000061035156,378.9200134277344,385.3800048828125,385.3800048828125,-0.395678811476191,-0.6675764439883269,-2.589996337890625,-2.589996337890625
2018-03-02,381.30999755859375,389.1799926757813,372.239990234375,388.9599914550781,388.9599914550781,-0.1366519790564027,0.928949744902896,3.579986572265625,3.579986572265625
2018-03-05,387.6099853515625,395.9599914550781,382.9800109863281,390.8900146484375,390.8900146484375,-0.0224851138259755,0.4962009553062918,1.930023193359375,1.930023193359375
2018-03-06,394.9100036621094,411.7099914550781,393.010009765625,410.25,410.25,0.5862135997895181,4.952796087404443,19.3599853515625,19.3599853515625
2018-03-07,408.260009765625,411.75,397.30999755859375,407.8800048828125,407.8800048828125,-0.1205882995264933,-0.5776953363040849,-2.3699951171875,-2.3699951171875
2018-03-08,391.6000061035156,406.0,389.05999755859375,397.3200073242188,397.3200073242188,0.982068559633713,-2.588996134200716,-10.559997558593691,-10.559997558593693
2018-03-09,401.6199951171875,415.6600036621094,400.0,413.9400024414063,413.9400024414063,-0.317081522347706,4.183024970002425,16.6199951171875,16.6199951171875
2018-03-12,414.80999755859375,415.7200012207031,401.1799926757813,410.0499877929688,410.0499877929688,-0.1312018020730405,-0.9397532554221156,-3.8900146484375,-3.8900146484375
2018-03-13,413.4100036621094,417.9100036621094,402.30999755859375,406.4100036621094,406.4100036621094,-0.3747386578032735,-0.8876927787392686,-3.639984130859432,-3.639984130859432
2018-03-14,406.739990234375,412.1700134277344,402.80999755859375,404.9700012207031,404.9700012207031,-0.838290552809229,-0.3543225876406985,-1.44000244140625,-1.44000244140625
2018-03-15,394.5199890136719,397.7799987792969,386.239990234375,387.1099853515625,387.1099853515625,0.1697053376925828,-4.410207130233124,-17.860015869140625,-17.860015869140625
2018-03-16,389.0400085449219,390.5700073242188,373.3500061035156,378.4400024414063,378.4400024414063,0.31399160204159,-2.239669147847567,-8.669982910156193,-8.669982910156193
2018-03-19,374.739990234375,383.9500122070313,363.5499877929688,366.510009765625,366.510009765625,2.318509326238136,-3.152413222391426,-11.929992675781309,-11.929992675781307
2018-03-20,368.3900146484375,371.5,355.510009765625,364.7300109863281,364.7300109863281,0.0693073406306493,-0.485661709603824,-1.779998779296875,-1.779998779296875
2018-03-21,364.8800048828125,366.1300048828125,358.6600036621094,361.8500061035156,361.8500061035156,-0.480299980428392,-0.7896265171665418,-2.8800048828125,-2.8800048828125
2018-03-22,356.1199951171875,358.45001220703125,344.489990234375,350.6000061035156,350.6000061035156,0.2617846435693846,-3.1090230234186222,-11.25,-11.25
2018-03-23,350.0,352.67999267578125,340.010009765625,344.7300109863281,344.7300109863281,-0.1036640657360531,-1.674271253564774,-5.8699951171875,-5.8699951171875
2018-03-26,352.3500061035156,354.3900146484375,342.5799865722656,353.3999938964844,353.3999938964844,-0.3764597663243352,2.5150067107154506,8.66998291015625,8.66998291015625
2018-03-27,356.0199890136719,363.3900146484375,348.9100036621094,352.2099914550781,352.2099914550781,2.1575856795188653,-0.3367296157211652,-1.19000244140625,-1.19000244140625
2018-03-28,351.4800109863281,358.42999267578125,335.1300048828125,341.2200012207031,341.2200012207031,0.6154724446475673,-3.1202948527871865,-10.989990234375,-10.989990234375
2018-03-29,342.0,357.5599975585937,338.260009765625,356.3900146484375,356.3900146484375,-0.097927037332514,4.44581600535261,15.170013427734377,15.170013427734375
2018-04-02,348.260009765625,355.0899963378906,343.69000244140625,347.20001220703125,347.20001220703125,-0.2037752113778096,-2.5786363432409254,-9.19000244140625,-9.19000244140625
2018-04-03,351.3099975585937,356.2300109863281,338.6400146484375,342.8699951171875,342.8699951171875,-0.553733943993692,-1.2471246940111924,-4.33001708984375,-4.33001708984375
2018-04-04,335.6000061035156,357.1199951171875,332.8500061035156,355.4800109863281,355.4800109863281,-0.2227074051094885,3.6777834306646495,12.610015869140623,12.610015869140625
2018-04-05,357.6499938964844,362.6900024414063,350.510009765625,351.9599914550781,351.9599914550781,0.2586292779474382,-0.990215883442569,-3.52001953125,-3.52001953125
2018-04-06,348.70001220703125,353.0,340.0,342.5400085449219,342.5400085449219,-0.6773669060899586,-2.676435713960557,-9.41998291015625,-9.41998291015625
2018-04-09,345.0,351.4200134277344,340.07000732421875,342.6700134277344,342.6700134277344,-0.705191493847123,0.037953196581264,0.1300048828125,0.1300048828125
2018-04-10,349.6400146484375,352.7799987792969,341.4800109863281,347.8299865722656,347.8299865722656,0.3618957892111412,1.5058140316732027,5.15997314453125,5.15997314453125
2018-04-11,348.2099914550781,348.2099914550781,328.3800048828125,328.70001220703125,328.70001220703125,1.6974760015550332,-5.499805969506289,-19.12997436523437,-19.129974365234375
2018-04-12,331.04998779296875,335.989990234375,326.0,327.3999938964844,327.3999938964844,1.1286496353441358,-0.395502969962791,-1.300018310546875,-1.300018310546875
2018-04-13,330.1199951171875,334.2900085449219,326.510009765625,329.6700134277344,329.6700134277344,1.128362783923959,0.6933474568016296,2.27001953125,2.27001953125
2018-04-16,331.2799987792969,332.010009765625,321.8099975585937,322.7799987792969,322.7799987792969,0.6143250389668595,-2.089973114872889,-6.8900146484375,-6.8900146484375
2018-04-17,319.6499938964844,338.5400085449219,313.54998779296875,337.5400085449219,337.5400085449219,1.103406710368564,4.572777068419676,14.760009765625,14.760009765625
2018-04-18,339.3399963378906,347.9700012207031,333.510009765625,345.1000061035156,345.1000061035156,0.387138714186713,2.239733769985852,7.55999755859375,7.55999755859375
2018-04-19,345.0,345.0,325.7699890136719,330.0,330.0,2.053745465414808,-4.375545012012038,-15.100006103515623,-15.100006103515625
2018-04-20,329.45001220703125,332.4100036621094,318.2799987792969,324.489990234375,324.489990234375,0.3948837025314907,-1.6696999289772751,-5.510009765625,-5.510009765625
2018-04-23,325.1700134277344,331.5,324.8999938964844,330.4599914550781,330.4599914550781,-0.1940222630917932,1.8398105952023516,5.970001220703125,5.970001220703125
2018-04-24,331.5599975585937,340.70001220703125,326.2200012207031,328.7699890136719,328.7699890136719,0.2640794549308002,-0.511409091903936,-1.69000244140625,-1.69000244140625
2018-04-25,326.4800109863281,338.20001220703125,323.7099914550781,336.1300048828125,336.1300048828125,0.7898781081151547,2.23865198013391,7.360015869140625,7.360015869140625
2018-04-26,339.3800048828125,350.8299865722656,337.19000244140625,344.45001220703125,344.45001220703125,0.4835207913661691,2.475234939861859,8.32000732421875,8.32000732421875
2018-04-27,354.0,354.0,337.0,341.1700134277344,341.1700134277344,-0.2221337022691346,-0.9522423176241412,-3.279998779296875,-3.279998779296875
2018-04-30,340.7900085449219,346.1499938964844,337.42999267578125,339.6099853515625,339.6099853515625,-0.8890632541805498,-0.4572582626762189,-1.560028076171875,-1.560028076171875
2018-05-01,339.3900146484375,342.989990234375,335.25,339.4599914550781,339.4599914550781,-0.8534936780786075,-0.0441665154012227,-0.149993896484375,-0.149993896484375
2018-05-02,337.5299987792969,342.82000732421875,332.2799987792969,333.25,333.25,0.089673791463213,-1.829373596711448,-6.209991455078125,-6.209991455078125
2018-05-03,331.9100036621094,336.0299987792969,328.75,330.5899963378906,330.5899963378906,0.2015458453322245,-0.7982006487950111,-2.660003662109375,-2.660003662109375
2018-05-04,327.2900085449219,331.3399963378906,325.4700012207031,329.9700012207031,329.9700012207031,0.6877590025321595,-0.1875420079420098,-0.6199951171875,-0.6199951171875
2018-05-07,332.69000244140625,342.19000244140625,327.0199890136719,339.3099975585937,339.3099975585937,0.0492277412182626,2.8305592336690832,9.339996337890568,9.339996337890568
2018-05-08,334.2200012207031,338.1600036621094,331.17999267578125,333.44000244140625,333.44000244140625,-0.6059409024658974,-1.7299800063137805,-5.869995117187443,-5.869995117187443
2018-05-09,336.32000732421875,339.0,325.0599975585937,325.3099975585937,325.3099975585937,2.149266988333734,-2.4382212161965238,-8.130004882812557,-8.130004882812557
2018-05-10,309.8900146484375,335.989990234375,305.9800109863281,316.6300048828125,316.6300048828125,3.5846714948992053,-2.6682219239873795,-8.679992675781193,-8.679992675781193
2018-05-11,315.42999267578125,321.2900085449219,308.1700134277344,309.010009765625,309.010009765625,0.654197386371456,-2.406592868546276,-7.6199951171875,-7.6199951171875
2018-05-14,310.6300048828125,314.7799987792969,296.67999267578125,298.5799865722656,298.5799865722656,1.1834382565979338,-3.3753026969159494,-10.430023193359377,-10.430023193359375
2018-05-15,294.20001220703125,295.8999938964844,284.3699951171875,290.75,290.75,1.7029261785383951,-2.622408374437557,-7.829986572265625,-7.829986572265625
2018-05-16,289.5599975585937,305.7300109863281,285.07000732421875,305.1300048828125,305.1300048828125,2.223848357579741,4.94583143003009,14.3800048828125,14.3800048828125
2018-05-17,303.0299987792969,303.44000244140625,296.3900146484375,298.8500061035156,298.8500061035156,0.4522539865668812,-2.0581387208081225,-6.279998779296875,-6.279998779296875
2018-05-18,297.75,304.6600036621094,292.239990234375,295.3699951171875,295.3699951171875,-0.0067082857162431,-1.1644674302341174,-3.480010986328125,-3.480010986328125
2018-05-21,295.82000732421875,298.8299865722656,287.5299987792969,290.6000061035156,290.6000061035156,-0.3279818763144301,-1.614919962259331,-4.769989013671875,-4.769989013671875
2018-05-22,292.4800109863281,297.54998779296875,290.0299987792969,294.760009765625,294.760009765625,0.1992510339708089,1.431522221175574,4.160003662109375,4.160003662109375
2018-05-23,294.0,307.6400146484375,292.70001220703125,304.7900085449219,304.7900085449219,0.2279361759885042,3.40276782704414,10.029998779296877,10.029998779296875
2018-05-24,301.8900146484375,316.4800109863281,297.510009765625,314.92999267578125,314.92999267578125,2.2247089118402723,3.3268755033237563,10.139984130859377,10.139984130859375
2018-05-25,315.9100036621094,319.5400085449219,312.2900085449219,314.70001220703125,314.70001220703125,2.6853922926444582,-0.0730259022952983,-0.22998046875,-0.22998046875
2018-05-30,298.3500061035156,303.6300048828125,293.3500061035156,302.2699890136719,302.2699890136719,1.3452224575777352,-3.949800670863035,-12.430023193359377,-12.430023193359375
2018-05-31,300.3900146484375,304.0,290.0899963378906,290.8299865722656,290.8299865722656,1.205238964531382,-3.784696747016058,-11.44000244140625,-11.44000244140625
2018-06-01,292.3900146484375,299.1400146484375,290.3999938964844,296.6600036621094,296.6600036621094,-0.1412416017792339,2.0046134714499564,5.83001708984375,5.83001708984375
2018-06-04,297.2799987792969,307.989990234375,297.2799987792969,307.6499938964844,307.6499938964844,-0.3701490350804422,3.704574293369322,10.989990234375,10.989990234375
2018-06-05,307.8399963378906,313.1099853515625,305.7099914550781,307.0199890136719,307.0199890136719,0.077626031815781,-0.2047797481915414,-0.6300048828125,-0.6300048828125
2018-06-06,306.989990234375,321.0400085449219,306.04998779296875,315.0,315.0,0.4336086442553793,2.599182877950268,7.980010986328125,7.980010986328125
2018-06-07,315.0,315.0,283.1099853515625,288.8500061035156,288.8500061035156,2.4894727726635995,-8.301585363963293,-26.14999389648437,-26.149993896484375
2018-06-08,292.010009765625,292.9800109863281,282.260009765625,288.79998779296875,288.79998779296875,2.379608678735827,-0.0173163612566917,-0.050018310546875,-0.050018310546875
2018-06-11,288.2799987792969,308.4100036621094,287.2099914550781,297.7300109863281,297.7300109863281,2.4513215337800647,3.092113424797316,8.930023193359375,8.930023193359375
2018-06-12,297.7300109863281,306.489990234375,293.0,301.1400146484375,301.1400146484375,-0.2270101764121428,1.145334207597215,3.410003662109375,3.410003662109375
2018-06-13,300.9800109863281,303.5799865722656,290.0899963378906,291.0,291.0,0.7198863615919782,-3.367209322970699,-10.1400146484375,-10.1400146484375
2018-06-14,294.1499938964844,309.79998779296875,292.3399963378906,305.0,305.0,3.5608628270245184,4.810996563573888,14.0,14.0
2018-06-15,307.3500061035156,307.4700012207031,295.1000061035156,303.82000732421875,303.82000732421875,0.6123170790256209,-0.3868828445184435,-1.17999267578125,-1.17999267578125
2018-06-18,300.0,303.260009765625,290.5,294.5799865722656,294.5799865722656,1.1065620759905104,-3.0412811958406394,-9.240020751953123,-9.240020751953125
2018-06-19,288.0,298.4200134277344,286.1199951171875,295.260009765625,295.260009765625,0.1172115278002004,0.2308450079287816,0.680023193359375,0.680023193359375
2018-06-20,298.3800048828125,305.3599853515625,295.0899963378906,296.4800109863281,296.4800109863281,0.4579910149704203,0.413195549804235,1.220001220703125,1.220001220703125
2018-06-21,301.6499938964844,301.6499938964844,286.760009765625,287.3699951171875,287.3699951171875,-0.0359671305742922,-3.0727251523073877,-9.110015869140623,-9.110015869140625
2018-06-22,292.4800109863281,295.0,285.0299987792969,290.8599853515625,290.8599853515625,-0.3635514524163723,1.2144588139592738,3.489990234375,3.489990234375
2018-06-25,287.4800109863281,289.8399963378906,281.7900085449219,288.2699890136719,288.2699890136719,-0.0878872376263207,-0.8904615513749992,-2.589996337890625,-2.589996337890625
2018-06-26,296.4599914550781,305.8699951171875,295.0,298.3500061035156,298.3500061035156,1.0813191510149387,3.4967278849709515,10.08001708984375,10.08001708984375
2018-06-27,299.2799987792969,302.9800109863281,284.8900146484375,285.3500061035156,285.3500061035156,0.2408444898964671,-4.357298385805808,-13.0,-13.0
2018-06-28,285.3500061035156,300.0,285.3500061035156,296.79998779296875,296.79998779296875,0.1946614112479777,4.012609582808091,11.449981689453123,11.449981689453125
2018-06-29,297.5899963378906,303.239990234375,296.489990234375,298.92999267578125,298.92999267578125,-0.201480400016394,0.7176566611917456,2.1300048828125,2.1300048828125
2018-07-02,294.1499938964844,299.489990234375,291.0599975585937,295.70001220703125,295.70001220703125,-0.0468674845410164,-1.0805140159533044,-3.22998046875,-3.22998046875
2018-07-03,298.9200134277344,300.9800109863281,294.5400085449219,297.42999267578125,297.42999267578125,-1.0976042366491945,0.5850457887498495,1.72998046875,1.72998046875
2018-07-05,298.7200012207031,305.5199890136719,293.5199890136719,304.4599914550781,304.4599914550781,-0.5112799338075029,2.36358099465781,7.029998779296875,7.029998779296875
2018-07-06,306.3099975585937,314.8699951171875,304.0,312.9100036621094,312.9100036621094,-0.298436180036204,2.7754097235064945,8.45001220703125,8.45001220703125
2018-07-09,314.1600036621094,316.1099853515625,302.1499938964844,309.7699890136719,309.7699890136719,-0.0551861757261481,-1.0034880993540218,-3.1400146484375,-3.1400146484375
2018-07-10,311.29998779296875,312.0,305.2699890136719,308.1499938964844,308.1499938964844,-0.0488754444822551,-0.5229670964400635,-1.6199951171875,-1.6199951171875
2018-07-11,303.1199951171875,306.6000061035156,300.0,303.239990234375,303.239990234375,-0.6185623649536833,-1.593381067454691,-4.910003662109375,-4.910003662109375
2018-07-12,306.0899963378906,321.6099853515625,303.6700134277344,318.04998779296875,318.04998779296875,0.3099756821591127,4.883919679309789,14.80999755859375,14.80999755859375
2018-07-13,318.0,329.1499938964844,315.1300048828125,327.67999267578125,327.67999267578125,0.9324432639431002,3.027827464996169,9.6300048828125,9.6300048828125
2018-07-16,328.760009765625,346.6600036621094,326.260009765625,343.25,343.25,1.2161393184981064,4.751589255442967,15.57000732421875,15.57000732421875
2018-07-17,339.0,362.739990234375,332.1099853515625,359.79998779296875,359.79998779296875,3.150091593331122,4.821555074426431,16.54998779296875,16.54998779296875
2018-07-18,360.2300109863281,377.6600036621094,359.70001220703125,369.3500061035156,369.3500061035156,4.138868438681079,2.654257541565564,9.550018310546877,9.550018310546875
2018-07-19,366.510009765625,375.4500122070313,363.7000122070313,374.6099853515625,374.6099853515625,0.976044679809997,1.4241178180927738,5.259979248046875,5.259979248046875
2018-07-20,372.9299926757813,381.5,368.739990234375,373.4599914550781,373.4599914550781,0.4786443172231609,-0.3069843147414097,-1.149993896484375,-1.149993896484375
2018-07-23,373.7999877929688,374.9800109863281,357.25,363.2900085449219,363.2900085449219,1.0139090672733546,-2.723178691921424,-10.16998291015625,-10.16998291015625
2018-07-24,366.7900085449219,368.1099853515625,350.3299865722656,353.0,353.0,0.1831873544408996,-2.8324501921030643,-10.290008544921877,-10.290008544921875
2018-07-25,355.989990234375,366.55999755859375,351.8699951171875,364.989990234375,364.989990234375,-0.2975756257756732,3.396597800106238,11.989990234375,11.989990234375
2018-07-26,355.6099853515625,367.0,355.6099853515625,363.7300109863281,363.7300109863281,-0.6036460911044818,-0.3452092610095381,-1.259979248046875,-1.259979248046875
2018-07-27,365.6300048828125,366.4299926757813,350.2200012207031,354.57000732421875,354.57000732421875,-0.1300543963923327,-2.5183524552373715,-9.160003662109377,-9.160003662109375
2018-07-30,355.9700012207031,356.6199951171875,340.44000244140625,343.25,343.25,0.51450074474528,-3.1926014864161245,-11.32000732421875,-11.32000732421875
2018-07-31,342.69000244140625,354.5599975585937,339.5199890136719,342.9100036621094,342.9100036621094,0.1450361155573649,-0.0990521013519707,-0.339996337890625,-0.339996337890625
2018-08-01,342.0599975585937,353.260009765625,339.79998779296875,346.1400146484375,346.1400146484375,-0.0772737350797734,0.941941311665806,3.230010986328125,3.230010986328125
2018-08-02,343.0899963378906,345.0,335.0799865722656,339.2699890136719,339.2699890136719,0.1542153610030273,-1.984753378410542,-6.870025634765625,-6.870025634765625
2018-08-03,340.8900146484375,344.1099853515625,336.5,343.8800048828125,343.8800048828125,-0.650689724013502,1.3588044974278235,4.610015869140625,4.610015869140625
2018-08-06,342.82000732421875,349.739990234375,340.3999938964844,348.5199890136719,348.5199890136719,-0.7685856577062296,1.34930326421292,4.639984130859375,4.639984130859375
2018-08-07,349.5199890136719,351.510009765625,343.2300109863281,347.4200134277344,347.4200134277344,0.8205712100740886,-0.3156133423079965,-1.0999755859375,-1.0999755859375
2018-08-08,348.07000732421875,356.1300048828125,343.010009765625,344.42999267578125,344.42999267578125,0.1754423660961218,-0.8606357251710439,-2.990020751953125,-2.990020751953125
2018-08-09,337.8800048828125,394.9200134277344,337.19000244140625,384.3900146484375,384.3900146484375,4.277417674626546,11.601783474841396,39.96002197265625,39.96002197265625
2018-08-10,378.8599853515625,384.9700012207031,365.6099853515625,372.3500061035156,372.3500061035156,1.08590877373777,-3.132237593615339,-12.040008544921877,-12.040008544921875
2018-08-13,371.9500122070313,371.9500122070313,357.0899963378906,358.8599853515625,358.8599853515625,0.3392345270171619,-3.622940924083884,-13.490020751953123,-13.490020751953125
2018-08-14,362.3599853515625,365.6099853515625,355.3099975585937,363.510009765625,363.510009765625,-0.9768397887546972,1.295776794257808,4.6500244140625,4.6500244140625
2018-08-15,355.0,357.489990234375,339.94000244140625,344.7900085449219,344.7900085449219,1.5749904451394745,-5.149789749331236,-18.720001220703125,-18.720001220703125
2018-08-16,349.0400085449219,351.0,333.6099853515625,334.79998779296875,334.79998779296875,0.3131310477810592,-2.897421765239916,-9.990020751953123,-9.990020751953125
2018-08-17,333.2900085449219,334.6600036621094,321.57000732421875,324.20001220703125,324.20001220703125,0.7230417272139247,-3.166062118404922,-10.5999755859375,-10.5999755859375
2018-08-20,323.8299865722656,325.2099914550781,315.25,319.75,319.75,0.733081526920118,-1.3726132139037397,-4.45001220703125,-4.45001220703125
2018-08-21,319.0,335.6600036621094,315.1499938964844,328.45001220703125,328.45001220703125,1.649571814385482,2.72087950180806,8.70001220703125,8.70001220703125
2018-08-22,332.9200134277344,345.9800109863281,328.0,344.92999267578125,344.92999267578125,3.029327145436625,5.017500336812963,16.47998046875,16.47998046875
2018-08-23,342.5,355.0,341.8599853515625,348.3299865722656,348.3299865722656,0.132127801649402,0.985705496384659,3.399993896484375,3.399993896484375
2018-08-24,350.07000732421875,373.1199951171875,349.1700134277344,367.5400085449219,367.5400085449219,2.4249312031237853,5.514891830500179,19.21002197265625,19.21002197265625
2018-08-27,370.9800109863281,377.5700073242188,368.7699890136719,374.8500061035156,374.8500061035156,0.1450361155573649,1.988898456941812,7.30999755859375,7.30999755859375
2018-08-28,374.9500122070313,381.8999938964844,372.2799987792969,378.1799926757813,378.1799926757813,-0.0841581691640203,0.8883517455102075,3.329986572265682,3.329986572265682
2018-08-29,379.3999938964844,381.010009765625,374.0,377.4400024414063,377.4400024414063,0.0865184258412665,-0.1956714391840974,-0.739990234375,-0.739990234375
2018-08-30,375.4100036621094,375.4100036621094,339.3299865722656,340.1499938964844,340.1499938964844,3.5100901256531976,-9.879718181358063,-37.29000854492193,-37.29000854492193
2018-08-31,338.44000244140625,343.3699951171875,336.54998779296875,342.4100036621094,342.4100036621094,0.7901649595353316,0.6644156419749248,2.260009765625,2.260009765625
2018-09-04,340.0,345.6000061035156,336.9700012207031,342.2699890136719,342.2699890136719,0.2876012713853104,-0.0408909339505325,-0.1400146484375,-0.1400146484375
2018-09-05,339.9100036621094,340.67999267578125,323.010009765625,328.0,328.0,1.897124589998192,-4.169220051922773,-14.269989013671877,-14.269989013671875
2018-09-06,328.9700012207031,331.70001220703125,320.3099975585937,320.760009765625,320.760009765625,1.1045541160492718,-2.207314095846036,-7.239990234375,-7.239990234375
2018-09-07,320.0,332.5,317.7699890136719,326.5,326.5,-0.153002510006489,1.789496838639315,5.739990234375,5.739990234375
2018-09-10,327.7200012207031,329.25,318.3599853515625,319.42999267578125,319.42999267578125,-0.5210328820935194,-2.165392748612172,-7.07000732421875,-7.07000732421875
2018-09-11,317.3099975585937,326.45001220703125,315.9700012207031,318.7300109863281,318.7300109863281,-0.1139907168624234,-0.2191346165053453,-0.699981689453125,-0.699981689453125
2018-09-12,318.0,321.4200134277344,310.7900085449219,316.8999938964844,316.8999938964844,0.25375280380443,-0.574159014452591,-1.83001708984375,-1.83001708984375
2018-09-13,320.3099975585937,332.8299865722656,319.6000061035156,320.6700134277344,320.6700134277344,-0.2172572281261264,1.1896559179112698,3.77001953125,3.77001953125
2018-09-14,321.6099853515625,329.5199890136719,318.25,325.0400085449219,325.0400085449219,0.3945968511113137,1.362770117004497,4.3699951171875,4.3699951171875
2018-09-17,323.92999267578125,328.69000244140625,317.1099853515625,322.260009765625,322.260009765625,-0.2206994451682498,-0.8552789521947934,-2.779998779296875,-2.779998779296875
2018-09-18,323.1499938964844,331.989990234375,314.5,315.0799865722656,315.0799865722656,0.6312492727572998,-2.2280217761370125,-7.180023193359375,-7.180023193359375
2018-09-19,315.5,319.5,310.6499938964844,315.8099975585937,315.8099975585937,0.5497834694270451,0.2316906872663615,0.7300109863280682,0.7300109863280682
2018-09-20,318.8800048828125,325.2799987792969,316.69000244140625,323.0799865722656,323.0799865722656,-0.2502451414464759,2.302013574577577,7.269989013671932,7.269989013671932
2018-09-21,324.4200134277344,330.1099853515625,319.29998779296875,319.67999267578125,319.67999267578125,0.1031558082115298,-1.052369084373439,-3.399993896484375,-3.399993896484375
2018-09-24,317.0,334.1499938964844,313.3399963378906,331.3800048828125,331.3800048828125,1.2468324204570402,3.659913812278326,11.70001220703125,11.70001220703125
2018-09-25,333.260009765625,333.8900146484375,318.0199890136719,319.6199951171875,319.6199951171875,0.5520782807884608,-3.548798838899092,-11.760009765625,-11.760009765625
2018-09-26,320.7300109863281,337.5,320.0,330.75,330.75,0.9806343025328282,3.482261764859773,11.1300048828125,11.1300048828125
2018-09-27,333.3099975585937,346.1000061035156,325.0899963378906,340.0799865722656,340.0799865722656,1.1779880796145716,2.820857618220906,9.329986572265623,9.329986572265625
2018-09-28,337.739990234375,344.6499938964844,336.5299987792969,340.4700012207031,340.4700012207031,-0.3457666643654012,0.1146832109611972,0.3900146484375,0.3900146484375
2018-10-01,343.8399963378906,353.1099853515625,331.739990234375,332.489990234375,332.489990234375,0.7669299945009984,-2.343822057073164,-7.980010986328125,-7.980010986328125
2018-10-02,334.5899963378906,354.489990234375,332.82000732421875,353.8999938964844,353.8999938964844,1.278959779516859,6.439292697809429,21.41000366210937,21.410003662109375
2018-10-03,356.5599975585937,362.3299865722656,350.260009765625,354.1000061035156,354.1000061035156,0.3122704935205283,0.0565165895678898,0.20001220703125,0.20001220703125
2018-10-04,351.75,352.0,332.1600036621094,339.4599914550781,339.4599914550781,-0.0348197248935844,-4.134429369130743,-14.6400146484375,-14.6400146484375
2018-10-05,340.6199951171875,349.95001220703125,330.2900085449219,335.6400146484375,335.6400146484375,0.0787734374964888,-1.12530987533066,-3.819976806640625,-3.819976806640625
2018-10-08,348.94000244140625,351.4100036621094,327.510009765625,339.5,339.5,1.4407439804966604,1.150037296835893,3.8599853515625,3.8599853515625
2018-10-09,337.4700012207031,341.5,333.8699951171875,340.0599975585937,340.0599975585937,-0.3219579964907141,0.1649477344900507,0.5599975585936932,0.5599975585936932
2018-10-10,336.3900146484375,338.7099914550781,314.5299987792969,319.07000732421875,319.07000732421875,0.6521894264302174,-6.172437330197377,-20.989990234374943,-20.989990234374943
2018-10-11,314.7200012207031,320.75,298.07000732421875,304.8599853515625,304.8599853515625,0.9671522857845114,-4.453574966768004,-14.21002197265625,-14.21002197265625
2018-10-12,311.94000244140625,314.2099914550781,295.3999938964844,303.4200134277344,303.4200134277344,2.130908497442409,-0.4723387761655706,-1.439971923828125,-1.439971923828125
2018-10-15,303.2799987792969,303.2799987792969,291.510009765625,294.75,294.75,1.960805605277476,-2.857429650005372,-8.670013427734375,-8.670013427734375
2018-10-16,297.20001220703125,309.29998779296875,296.010009765625,308.6000061035156,308.6000061035156,1.8196747065504149,4.69889944139632,13.850006103515623,13.850006103515625
2018-10-17,307.9100036621094,319.0299987792969,304.69000244140625,313.3699951171875,313.3699951171875,-0.2034883599576326,1.5456866232439026,4.769989013671875,4.769989013671875
2018-10-18,313.17999267578125,317.25,297.0,298.760009765625,298.760009765625,-0.3119181967845208,-4.6622157766250005,-14.6099853515625,-14.6099853515625
2018-10-19,300.9200134277344,312.1400146484375,298.7799987792969,301.8699951171875,301.8699951171875,-0.5434072928673217,1.040964402833655,3.1099853515625,3.1099853515625
2018-10-22,305.989990234375,318.1400146484375,301.95001220703125,313.5599975585937,313.5599975585937,-0.0772737350797734,3.872528780764739,11.690002441406191,11.690002441406193
2018-10-23,303.0199890136719,309.3800048828125,295.6000061035156,306.8599853515625,306.8599853515625,-0.2932728544730189,-2.1367560464338853,-6.700012207031193,-6.700012207031193
2018-10-24,306.760009765625,309.45001220703125,291.07000732421875,291.3999938964844,291.3999938964844,-0.3357268646592078,-5.038125592480225,-15.459991455078123,-15.459991455078125
2018-10-25,296.1700134277344,302.20001220703125,291.0,297.5899963378906,297.5899963378906,-0.0173217882627903,2.124228747789592,6.19000244140625,6.19000244140625
2018-10-26,295.7099914550781,302.8800048828125,287.2799987792969,295.3699951171875,295.3699951171875,0.3363660128153923,-0.7459932282745441,-2.220001220703125,-2.220001220703125
2018-10-29,300.9800109863281,304.5,281.29998779296875,287.3399963378906,287.3399963378906,0.9992796448443302,-2.7186237302509357,-8.029998779296875,-8.029998779296875
2018-10-30,286.67999267578125,312.79998779296875,285.1000061035156,310.4100036621094,310.4100036621094,0.7479978007693195,8.02881868805001,23.07000732421875,23.07000732421875
2018-10-31,315.07000732421875,329.510009765625,315.0,324.5,324.5,1.2462587176166864,4.539156654637977,14.089996337890623,14.089996337890625
2018-11-01,330.8900146484375,343.45001220703125,320.0599975585937,341.6499938964844,341.6499938964844,0.6828825283891513,5.285052048223227,17.149993896484375,17.149993896484375
2018-11-02,348.0,368.8399963378906,346.3699951171875,354.3900146484375,354.3900146484375,2.1616015994013424,3.728968529065213,12.740020751953123,12.740020751953125
2018-11-05,353.5899963378906,360.489990234375,350.739990234375,357.6199951171875,357.6199951171875,-0.6349128959037696,0.9114197170465356,3.22998046875,3.22998046875
2018-11-06,352.760009765625,356.3599853515625,335.239990234375,336.19000244140625,336.19000244140625,-0.0417041589778313,-5.992392195173235,-21.42999267578125,-21.42999267578125
2018-11-07,340.0,349.9100036621094,329.5299987792969,349.5599975585937,349.5599975585937,-0.1682056352758675,3.976916333054148,13.369995117187443,13.369995117187443
2018-11-08,347.510009765625,348.42999267578125,327.5799865722656,331.4700012207031,331.4700012207031,-0.1134170140220695,-5.175076228468701,-18.089996337890568,-18.089996337890568
2018-11-09,326.92999267578125,328.92999267578125,318.44000244140625,325.69000244140625,325.69000244140625,-0.5161564079505112,-1.743747174106525,-5.779998779296875,-5.779998779296875
2018-11-12,325.69000244140625,328.3500061035156,318.4100036621094,322.0,322.0,-0.0330986163725227,-1.1329799544799068,-3.69000244140625,-3.69000244140625
2018-11-13,323.7099914550781,330.57000732421875,321.4599914550781,327.94000244140625,327.94000244140625,-0.6065146053062512,1.8447212550951164,5.94000244140625,5.94000244140625
2018-11-14,339.0,341.0,329.29998779296875,336.8599853515625,336.8599853515625,0.0199688963602135,2.720004526361497,8.91998291015625,8.91998291015625
2018-11-15,336.9599914550781,344.6099853515625,331.54998779296875,340.7699890136719,340.7699890136719,0.0483671869577318,1.16072072437714,3.910003662109375,3.910003662109375
2018-11-16,336.3900146484375,347.5899963378906,331.8099975585937,344.6099853515625,344.6099853515625,-0.4516148384106968,1.1268587204539715,3.839996337890625,3.839996337890625
2018-11-19,341.1600036621094,343.94000244140625,333.260009765625,335.3900146484375,335.3900146484375,-0.2525399528078916,-2.6754798453442974,-9.219970703125,-9.219970703125
2018-11-20,327.3299865722656,332.29998779296875,312.0299987792969,313.7900085449219,313.7900085449219,1.5173333096839068,-6.440265112292376,-21.600006103515625,-21.600006103515625
2018-11-21,319.0,321.989990234375,312.5199890136719,319.0,319.0,0.241418192736821,1.6603433229877007,5.209991455078125,5.209991455078125
2018-11-23,314.0799865722656,321.1600036621094,308.5299987792969,309.82000732421875,309.82000732421875,-0.3667068180383188,-2.877740650715121,-9.17999267578125,-9.17999267578125
2018-11-26,316.7900085449219,323.67999267578125,314.1199951171875,322.17999267578125,322.17999267578125,0.1043032138922376,3.989408385310656,12.3599853515625,12.3599853515625
2018-11-27,320.32000732421875,332.010009765625,314.2099914550781,331.7200012207031,331.7200012207031,-0.6217177305756297,2.961080377986791,9.540008544921877,9.540008544921875
2018-11-28,335.0,346.0199890136719,326.8599853515625,345.7799987792969,345.7799987792969,0.1453229669775418,4.238513658161724,14.05999755859375,14.05999755859375
2018-11-29,343.5199890136719,359.3800048828125,342.0,357.989990234375,357.989990234375,0.0245585190830447,3.531144513327233,12.209991455078123,12.209991455078125
2018-11-30,359.3399963378906,362.0299987792969,351.7099914550781,351.9700012207031,351.9700012207031,0.8822442654121334,-1.6816081951706583,-6.019989013671875,-6.019989013671875
2018-12-03,360.9100036621094,374.8399963378906,359.0,369.510009765625,369.510009765625,0.5193772188882883,4.983381675736442,17.540008544921875,17.540008544921875
2018-12-04,369.0,373.9200134277344,351.0599975585937,354.8500061035156,354.8500061035156,0.3182943733442443,-3.9674171943022585,-14.660003662109377,-14.660003662109375
2018-12-06,344.0199890136719,350.8900146484375,340.260009765625,350.5599975585937,350.5599975585937,-0.0201903024645598,-1.2089639202853664,-4.290008544921932,-4.290008544921932
2018-12-07,349.5,357.9100036621094,341.6499938964844,346.5599975585937,346.5599975585937,-0.6248730961975762,-1.141031500415679,-4.0,-4.0
2018-12-10,345.0199890136719,357.5299987792969,342.489990234375,353.5199890136719,353.5199890136719,-0.4616546381168901,2.008307797815423,6.959991455078182,6.959991455078182
2018-12-11,361.0,364.9400024414063,351.67999267578125,355.239990234375,355.239990234375,-0.0462937817006625,0.4865357756719701,1.720001220703125,1.720001220703125
2018-12-12,359.6499938964844,366.1199951171875,354.92999267578125,361.3599853515625,361.3599853515625,-0.3443324072645164,1.72277763918125,6.1199951171875,6.1199951171875
2018-12-13,360.1000061035156,361.0,333.3299865722656,333.510009765625,333.510009765625,0.3260393616890221,-7.706989349925564,-27.8499755859375,-27.8499755859375
2018-12-14,329.0,337.3299865722656,324.1300048828125,326.5199890136719,326.5199890136719,-0.316794670927529,-2.0958953396527424,-6.990020751953125,-6.990020751953125
2018-12-17,324.7900085449219,324.8699951171875,309.739990234375,310.489990234375,310.489990234375,-0.2086516855208178,-4.909346845110196,-16.029998779296875,-16.029998779296875
2018-12-18,312.8999938964844,320.1600036621094,307.4200134277344,310.8299865722656,310.8299865722656,-0.4389933759229109,0.1095031558453696,0.339996337890625,0.339996337890625
2018-12-19,312.7799987792969,330.8500061035156,309.29998779296875,312.3900146484375,312.3900146484375,0.4014812851955606,0.5018911120433955,1.560028076171875,1.560028076171875
2018-12-20,311.5199890136719,319.0199890136719,304.1000061035156,306.3999938964844,306.3999938964844,-0.3394559331215083,-1.9174815042325437,-5.990020751953125,-5.990020751953125
2018-12-21,308.1000061035156,315.6400146484375,285.5799865722656,286.5599975585937,286.5599975585937,2.3400231827514077,-6.47519475623538,-19.83999633789068,-19.839996337890682
2018-12-24,281.9200134277344,284.44000244140625,257.5199890136719,257.5199890136719,257.5199890136719,1.140410543571391,-10.134006418318709,-29.040008544921815,-29.040008544921818
2018-12-26,261.2300109863281,283.9100036621094,260.4200134277344,281.8099975585937,281.8099975585937,1.2149919128173985,9.43228082524974,24.290008544921815,24.290008544921818
2018-12-27,274.1700134277344,290.2900085449219,272.6099853515625,289.1000061035156,289.1000061035156,-0.0818633578026047,2.5868523501925145,7.290008544921932,7.290008544921932
2018-12-28,291.8900146484375,299.8099975585937,282.44000244140625,292.0899963378906,292.0899963378906,0.3682065204550341,1.034240806381859,2.989990234375,2.989990234375
2018-12-31,295.0,298.32000732421875,285.1099853515625,292.8500061035156,292.8500061035156,-0.6240125419370454,0.2601971225148825,0.760009765625,0.760009765625
2019-01-02,285.6099853515625,298.8699951171875,282.8800048828125,298.010009765625,298.010009765625,-0.7424821784701269,1.7619954087641163,5.160003662109375,5.160003662109375
2019-01-03,295.0799865722656,300.5,289.1400146484375,296.5899963378906,296.5899963378906,-0.1246042194089706,-0.4764985675652866,-1.420013427734375,-1.420013427734375
2019-01-04,301.6700134277344,317.9700012207031,301.010009765625,315.3299865722656,315.3299865722656,-0.0035529200942966,6.318483585341639,18.739990234375,18.739990234375
2019-01-07,315.7300109863281,330.8900146484375,315.7300109863281,328.94000244140625,328.94000244140625,-0.4019895427200839,4.316118494497045,13.610015869140623,13.610015869140625
2019-01-08,334.1700134277344,334.989990234375,317.739990234375,328.489990234375,328.489990234375,-0.3067548712213356,-0.1368067743938827,-0.45001220703125,-0.45001220703125
2019-01-09,333.1000061035156,347.7900085449219,330.54998779296875,339.9599914550781,339.9599914550781,-0.0505965530033168,3.4917353836320557,11.470001220703123,11.470001220703125
2019-01-10,336.0899963378906,343.989990234375,331.0,339.5899963378906,339.5899963378906,0.0354588730497689,-0.1088349001315935,-0.3699951171875,-0.3699951171875
2019-01-11,337.489990234375,348.4599914550781,333.8599853515625,344.95001220703125,344.95001220703125,-0.5046823511434331,1.5783786115440843,5.360015869140625,5.360015869140625
2019-01-14,340.70001220703125,346.57000732421875,337.0,339.7699890136719,339.7699890136719,-0.5941799942386423,-1.5016735787939162,-5.180023193359375,-5.180023193359375
2019-01-15,341.19000244140625,350.989990234375,341.19000244140625,350.1000061035156,350.1000061035156,-0.2714721465395704,3.040297090343702,10.33001708984375,10.33001708984375
2019-01-16,340.0,349.6099853515625,336.4700012207031,344.9200134277344,344.9200134277344,0.1025821053711758,-1.4795751458083872,-5.17999267578125,-5.17999267578125
2019-01-17,341.260009765625,346.2900085449219,335.1099853515625,342.2300109863281,342.2300109863281,-0.6303232731809384,-0.7798916666718281,-2.69000244140625,-2.69000244140625
2019-01-18,347.07000732421875,353.9700012207031,341.1199951171875,350.6600036621094,350.6600036621094,-0.3784677262655738,2.4632534860065336,8.42999267578125,8.42999267578125
2019-01-22,340.989990234375,342.3800048828125,324.1199951171875,330.8599853515625,330.8599853515625,0.041195901453308,-5.646500343285766,-19.800018310546875,-19.800018310546875
2019-01-23,334.7900085449219,337.0599975585937,322.82000732421875,328.8800048828125,328.8800048828125,-0.5373834130436057,-0.5984345512939915,-1.97998046875,-1.97998046875
2019-01-24,331.07000732421875,339.8399963378906,330.0,339.1499938964844,339.1499938964844,-0.4346906046202566,3.122716146070137,10.269989013671877,10.269989013671875
2019-01-25,344.3299865722656,347.510009765625,339.0899963378906,342.8800048828125,342.8800048828125,-0.3962525143165449,1.099811603554568,3.730010986328125,3.730010986328125
2019-01-28,338.1199951171875,356.4200134277344,335.2799987792969,355.0,355.0,-0.3994078799384914,3.534762874647579,12.1199951171875,12.1199951171875
2019-01-29,354.70001220703125,357.0,346.3999938964844,351.2300109863281,351.2300109863281,-0.443869850065919,-1.0619687362455998,-3.769989013671875,-3.769989013671875
2019-01-30,352.1300048828125,366.3399963378906,351.29998779296875,362.0199890136719,362.0199890136719,-0.0930505631895058,3.072054690612336,10.78997802734375,10.78997802734375
2019-01-31,361.7000122070313,368.2699890136719,356.0599975585937,364.0,364.0,0.3613220863707873,0.546934160106094,1.980010986328125,1.980010986328125
2019-02-01,365.7300109863281,366.8900146484375,359.0,364.6600036621094,364.6600036621094,-0.322531699331068,0.1813196873926781,0.660003662109375,0.660003662109375
2019-02-04,361.8500061035156,369.0299987792969,354.3900146484375,368.0799865722656,368.0799865722656,-0.7155181449734933,0.9378552283801244,3.41998291015625,3.41998291015625
2019-02-05,370.2799987792969,374.9700012207031,362.30999755859375,363.25,363.25,-0.4496068784694581,-1.3122111357492527,-4.829986572265625,-4.829986572265625
2019-02-06,360.3699951171875,365.75,352.9599914550781,358.9200134277344,358.9200134277344,-0.3050337627002739,-1.1920128209953584,-4.329986572265625,-4.329986572265625
2019-02-07,354.5799865722656,361.5,345.3900146484375,358.20001220703125,358.20001220703125,-0.7906732170598549,-0.2006021380159373,-0.720001220703125,-0.720001220703125
2019-02-08,351.19000244140625,353.2699890136719,338.95001220703125,347.82000732421875,347.82000732421875,0.8613041117392158,-2.897823709959313,-10.3800048828125,-10.3800048828125
2019-02-11,350.0,355.1099853515625,346.989990234375,350.8299865722656,350.8299865722656,-0.1375125333169335,0.8653841598137646,3.009979248046875,3.009979248046875
2019-02-12,354.3800048828125,367.6099853515625,351.510009765625,364.0,364.0,-0.2321735019753279,3.753958878033803,13.170013427734377,13.170013427734375
2019-02-13,365.0299987792969,367.8599853515625,357.5400085449219,360.5700073242188,360.5700073242188,-1.0889986940438858,-0.942305680159672,-3.429992675781193,-3.429992675781193
2019-02-14,357.0,364.55999755859375,356.0,359.8399963378906,359.8399963378906,-0.6719167291065965,-0.2024602633329264,-0.7300109863281818,-0.7300109863281818
2019-02-15,364.1900024414063,365.55999755859375,360.010009765625,363.1000061035156,363.1000061035156,-1.0459709810173428,0.9059609267458636,3.260009765625,3.260009765625
2019-02-19,362.6099853515625,370.8900146484375,361.3900146484375,367.2099914550781,367.2099914550781,-0.34117704164257,1.1319155280847817,4.1099853515625,4.1099853515625
2019-02-20,367.3500061035156,372.4800109863281,363.1700134277344,368.3399963378906,368.3399963378906,-0.5984827655412966,0.3077271613266319,1.1300048828125,1.1300048828125
2019-02-21,367.0,368.8800048828125,358.07000732421875,364.9800109863281,364.9800109863281,-0.5184512193119268,-0.9121967163403744,-3.3599853515625,-3.3599853515625
2019-02-22,367.1700134277344,374.30999755859375,366.260009765625,374.05999755859375,374.05999755859375,-0.8695573576085169,2.487803797179944,9.079986572265623,9.079986572265625
2019-02-25,375.2300109863281,382.8399963378906,373.8500061035156,375.0899963378906,375.0899963378906,-0.17078729805746,0.2753565700741811,1.029998779296875,1.029998779296875
2019-02-26,372.0,374.9200134277344,362.510009765625,369.489990234375,369.489990234375,0.4972896595346628,-1.4929766611186834,-5.600006103515625,-5.600006103515625
2019-02-28,444.1799926757813,462.0700073242188,443.4500122070313,458.7900085449219,458.7900085449219,1.516472755423376,24.168453996250893,89.30001831054688,89.30001831054688
2019-03-01,461.75,474.8399963378906,447.0,451.6400146484375,451.6400146484375,2.2961349154643336,-1.5584458604844031,-7.149993896484375,-7.149993896484375
2019-03-04,455.8800048828125,465.0,449.6799926757813,463.7999877929688,463.7999877929688,0.3352186071346845,2.6924038504419823,12.159973144531309,12.159973144531307
2019-03-05,469.7099914550781,478.6000061035156,461.9599914550781,467.7699890136719,467.7699890136719,0.2798562830405326,0.8559726876222307,3.970001220703068,3.970001220703068
2019-03-06,466.6000061035156,469.0799865722656,457.1600036621094,461.5299987792969,461.5299987792969,-0.4582124210747667,-1.333986869814474,-6.239990234375,-6.239990234375
2019-03-07,460.0,462.1000061035156,446.5799865722656,451.1499938964844,451.1499938964844,2.034813271683129,-2.2490422963332035,-10.3800048828125,-10.3800048828125
2019-03-08,436.4500122070313,450.1499938964844,436.4500122070313,449.5899963378906,449.5899963378906,-0.0560467299866789,-0.3457824625287875,-1.55999755859375,-1.55999755859375
2019-03-11,455.2300109863281,483.75,450.8500061035156,481.1099853515625,481.1099853515625,1.534544394894524,7.01082970493474,31.519989013671875,31.519989013671875
2019-03-12,481.489990234375,484.4299926757813,472.1600036621094,483.4800109863281,483.4800109863281,2.526189754446249,0.492616180691785,2.370025634765625,2.370025634765625
2019-03-14,503.3599853515625,506.7999877929688,491.760009765625,493.7900085449219,493.7900085449219,1.3082186243749083,2.1324558046486253,10.30999755859375,10.30999755859375
2019-03-15,486.30999755859375,495.0,482.0400085449219,488.7300109863281,488.7300109863281,1.4714370824555942,-1.0247265985604548,-5.05999755859375,-5.05999755859375
2019-03-18,490.0,494.3999938964844,479.0,484.9700012207031,484.9700012207031,0.7970493936195785,-0.7693429257672912,-3.760009765625,-3.760009765625
2019-03-19,483.2999877929688,491.7699890136719,479.0,482.3599853515625,482.3599853515625,0.2285098788288581,-0.538180890069706,-2.610015869140625,-2.610015869140625
2019-03-20,484.8599853515625,500.5899963378906,482.8399963378906,497.9500122070313,497.9500122070313,0.4387719698185645,3.2320315384590126,15.590026855468809,15.590026855468807
2019-03-21,496.25,506.3200073242188,493.7000122070313,504.4800109863281,504.4800109863281,-0.4143241537876929,1.3113763669478251,6.529998779296818,6.529998779296818
2019-03-22,499.2799987792969,503.55999755859375,489.3699951171875,497.3699951171875,497.3699951171875,0.2726849975361088,-1.409375141591751,-7.110015869140625,-7.110015869140625
2019-03-25,497.2000122070313,501.0299987792969,489.8299865722656,491.2999877929688,491.2999877929688,-0.5893035200956341,-1.2204208906467118,-6.070007324218693,-6.070007324218693
2019-03-26,497.3200073242188,501.3699951171875,490.4599914550781,493.8999938964844,493.8999938964844,-0.3397427845416852,0.5292094785500412,2.600006103515568,2.600006103515568
2019-03-27,490.010009765625,498.6300048828125,479.1300048828125,484.9400024414063,484.9400024414063,0.0767654775552501,-1.814130707795869,-8.959991455078068,-8.959991455078068
2019-03-28,497.1600036621094,504.2000122070313,488.3500061035156,497.1499938964844,497.1499938964844,-0.1573052813091432,2.517835483484032,12.209991455078068,12.209991455078068
2019-03-29,503.1099853515625,511.489990234375,498.1400146484375,507.7300109863281,507.7300109863281,-0.626307353298461,2.1281338066448274,10.58001708984375,10.58001708984375
2019-04-01,516.280029296875,525.9000244140625,514.9500122070312,518.1099853515625,518.1099853515625,0.1152035678589618,2.044388580669088,10.379974365234377,10.379974365234375
2019-04-02,517.02001953125,521.5499877929688,508.3200073242188,509.989990234375,509.989990234375,-0.091903157508798,-1.567233858980288,-8.1199951171875,-8.1199951171875
2019-04-03,522.5499877929688,527.0900268554688,507.7000122070313,508.5799865722656,508.5799865722656,0.4795048714836917,-0.2764767327024131,-1.410003662109375,-1.410003662109375
2019-04-04,508.5499877929688,508.7900085449219,490.8699951171875,501.4800109863281,501.4800109863281,0.2878881228054873,-1.3960391233225675,-7.0999755859375,-7.0999755859375
2019-04-05,511.7000122070313,511.7000122070313,498.4400024414063,502.8500061035156,502.8500061035156,-0.6214308791554528,0.2731903739279451,1.3699951171875,1.3699951171875
2019-04-08,503.8399963378906,506.8399963378906,496.6199951171875,506.5,506.5,-1.1386239897344983,0.7258613606803799,3.649993896484375,3.649993896484375
2019-04-09,500.739990234375,510.0,500.739990234375,505.1799926757813,505.1799926757813,-1.0545765236226514,-0.2606134894804879,-1.3200073242186932,-1.3200073242186932
2019-04-10,507.1199951171875,516.9099731445312,504.7099914550781,514.3400268554688,514.3400268554688,-0.7453506926718964,1.813221883782368,9.160034179687443,9.160034179687443
2019-04-11,507.0,510.5,499.1900024414063,503.7300109863281,503.7300109863281,-0.632618084542354,-2.0628407891968514,-10.610015869140623,-10.610015869140625
2019-04-12,505.4599914550781,509.0899963378906,503.3200073242188,504.5199890136719,504.5199890136719,-0.7160918478138473,0.156825682431938,0.78997802734375,0.78997802734375
2019-04-15,503.0299987792969,516.3900146484375,502.6900024414063,513.6799926757812,513.6799926757812,-0.3196631851292985,1.8155878580781384,9.160003662109377,9.160003662109375
2019-04-16,515.0499877929688,518.5800170898438,498.0,501.9599914550781,501.9599914550781,-0.3965393657367219,-2.2815763486627394,-11.720001220703123,-11.720001220703125
2019-04-17,499.3200073242188,503.4599914550781,486.6900024414063,498.3800048828125,498.3800048828125,-0.3027389513388583,-0.7132015764618971,-3.579986572265625,-3.579986572265625
2019-04-18,490.239990234375,493.7900085449219,477.0299987792969,492.0,492.0,0.1599523894065664,-1.280148645673029,-6.3800048828125,-6.3800048828125
2019-04-22,490.7999877929688,495.1000061035156,488.0,490.7699890136719,490.7699890136719,-0.5023875397820174,-0.2500022329935181,-1.230010986328125,-1.230010986328125
2019-04-23,480.5499877929688,500.3699951171875,480.5499877929688,500.0,500.0,0.1547890638433812,1.8807203359924696,9.230010986328123,9.230010986328125
2019-04-24,503.3399963378906,504.9500122070313,475.1400146484375,486.010009765625,486.010009765625,0.4866761569881156,-2.7979980468750054,-13.989990234375,-13.989990234375
2019-04-25,486.0299987792969,491.510009765625,460.0,487.5700073242188,487.5700073242188,1.767180896658033,0.3209805409864152,1.5599975585938068,1.5599975585938068
2019-04-26,491.1900024414063,495.0,485.3500061035156,489.5199890136719,489.5199890136719,-0.5244750991356428,0.3999388108703705,1.949981689453068,1.9499816894530682
2019-04-29,489.6700134277344,494.8500061035156,481.6000061035156,494.1600036621094,494.1600036621094,-0.4880449687731698,0.947870312259691,4.6400146484375,4.6400146484375
2019-04-30,491.5700073242188,495.6499938964844,482.3299865722656,484.1400146484375,484.1400146484375,-0.4478857699483964,-2.0276811031682,-10.019989013671877,-10.019989013671875
2019-05-01,487.7799987792969,493.0400085449219,483.55999755859375,484.7300109863281,484.7300109863281,-0.8253822389012662,0.1218648159704516,0.589996337890625,0.589996337890625
2019-05-02,484.3500061035156,491.9800109863281,478.7799987792969,482.3500061035156,482.3500061035156,-0.2855278661282411,-0.4909959830978194,-2.3800048828125,-2.3800048828125
2019-05-06,565.5800170898438,580.4299926757812,562.3099975585938,567.6900024414062,567.6900024414062,0.0495145926384396,17.692545922675084,85.33999633789062,85.33999633789062
2019-05-07,557.9099731445312,562.6199951171875,535.1199951171875,539.4099731445312,539.4099731445312,0.3418161897987544,-4.981597205385679,-28.280029296875,-28.280029296875
2019-05-08,536.2899780273438,554.3699951171875,535.6599731445312,536.0599975585938,536.0599975585938,-0.1911537488900237,-0.6210444286761208,-3.3499755859375,-3.3499755859375
2019-05-09,529.47998046875,551.3699951171875,520.8699951171875,542.6400146484375,542.6400146484375,-0.1753769207802913,1.227477730069659,6.58001708984375,6.58001708984375
2019-05-10,542.7000122070312,558.77001953125,536.5800170898438,557.8400268554688,557.8400268554688,-0.1819745034443612,2.8011226221271057,15.20001220703125,15.20001220703125
2019-05-13,540.02001953125,549.8499755859375,539.1599731445312,543.030029296875,543.030029296875,0.162534052188159,-2.654882555143512,-14.80999755859375,-14.80999755859375
2019-05-14,551.239990234375,565.0,546.9600219726562,562.6900024414062,562.6900024414062,0.1496257382801961,3.620420986660222,19.65997314453125,19.65997314453125
2019-05-15,558.239990234375,582.47998046875,558.239990234375,572.9299926757812,572.9299926757812,-0.0709630038358805,1.8198280029759983,10.239990234375,10.239990234375
2019-05-16,573.5700073242188,596.7000122070312,573.5700073242188,595.72998046875,595.72998046875,0.2589161293676151,3.979541669041442,22.79998779296875,22.79998779296875
2019-05-17,585.010009765625,589.8900146484375,573.6300048828125,574.5700073242188,574.5700073242188,-0.1613212011916206,-3.551940281380761,-21.15997314453125,-21.15997314453125
2019-05-20,572.989990234375,577.6599731445312,564.6799926757812,574.0900268554688,574.0900268554688,-0.2792171348843482,-0.0835373344643009,-0.47998046875,-0.47998046875
2019-05-21,578.3400268554688,580.0,567.510009765625,572.9500122070312,572.9500122070312,-0.6928568827795141,-0.1985776786058823,-1.1400146484375,-1.1400146484375
2019-05-22,565.8499755859375,589.0,563.030029296875,569.489990234375,569.489990234375,0.1309803959686942,-0.6038959593225424,-3.46002197265625,-3.46002197265625
2019-05-23,563.1099853515625,582.739990234375,563.0,580.6699829101562,580.6699829101562,-0.5256225048163506,1.963158767932005,11.17999267578125,11.17999267578125
2019-05-24,584.4400024414062,595.6799926757812,584.0,592.5499877929688,592.5499877929688,-0.2731932550606322,2.045913381517206,11.8800048828125,11.8800048828125
2019-05-28,596.0,611.9600219726562,595.5,600.5800170898438,600.5800170898438,-0.0405567532971235,1.3551648742385236,8.030029296875,8.030029296875
2019-05-29,595.0,597.4099731445312,568.3400268554688,573.6099853515625,573.6099853515625,0.9427699150694704,-4.49066418642542,-26.97003173828125,-26.97003173828125
2019-05-30,576.6199951171875,590.0,575.9199829101562,578.2899780273438,578.2899780273438,-0.596474805600058,0.8158841016187912,4.67999267578125,4.67999267578125
2019-05-31,566.5599975585938,576.7100219726562,560.4099731445312,570.52001953125,570.52001953125,-0.2442212616227599,-1.3436093986270548,-7.76995849609375,-7.76995849609375
2019-06-03,567.5900268554688,589.8200073242188,564.739990234375,568.77001953125,568.77001953125,0.2302309873499198,-0.3067377024627116,-1.75,-1.75
2019-06-04,568.0,577.6900024414062,544.4400024414062,551.7100219726562,551.7100219726562,1.6234683351493793,-2.9994544319782657,-17.05999755859375,-17.05999755859375
2019-06-05,564.219970703125,569.8099975585938,546.989990234375,569.1500244140625,569.1500244140625,0.2643663063509772,3.1610813193222453,17.44000244140625,17.44000244140625
2019-06-06,569.1400146484375,587.3699951171875,565.47998046875,581.6900024414062,581.6900024414062,-0.1504208472248964,2.203281646215083,12.53997802734375,12.53997802734375
2019-06-07,582.0,618.0,582.0,604.489990234375,604.489990234375,0.2508842896026604,3.9196114248611913,22.79998779296875,22.79998779296875
2019-06-10,625.8900146484375,632.6699829101562,613.030029296875,616.4600219726562,616.4600219726562,-0.1237436651484398,1.9801869231350189,11.97003173828125,11.97003173828125
2019-06-11,628.0599975585938,634.0,608.3900146484375,613.2999877929688,613.2999877929688,-0.4364117131413183,-0.5126097503574512,-3.1600341796875,-3.1600341796875
2019-06-12,608.3300170898438,633.1099853515625,608.3300170898438,623.4099731445312,623.4099731445312,0.0500882954787935,1.6484567997375077,10.1099853515625,10.1099853515625
2019-06-17,620.9299926757812,623.4500122070312,612.239990234375,618.8499755859375,618.8499755859375,-0.4240771020737093,-0.7314604762565402,-4.55999755859375,-4.55999755859375
2019-06-25,623.4299926757812,624.989990234375,609.0,614.5399780273438,614.5399780273438,-0.6274547589791688,-0.6964527314577307,-4.30999755859375,-4.30999755859375
2019-06-26,625.3200073242188,625.3200073242188,605.5599975585938,609.219970703125,609.219970703125,-0.4177663708298164,-0.8656893797692078,-5.32000732421875,-5.32000732421875
2019-06-27,608.8300170898438,614.4000244140625,607.3400268554688,610.6699829101562,610.6699829101562,-0.0990744430132218,0.2380112728999517,1.45001220703125,1.45001220703125
2019-06-28,613.1199951171875,613.1199951171875,603.0999755859375,611.77001953125,611.77001953125,-0.6676139578039422,0.1801360230367921,1.10003662109375,1.10003662109375
2019-07-01,627.1900024414062,637.0,612.3800048828125,619.3099975585938,619.3099975585938,-0.3064680198011587,1.2324857032256942,7.53997802734375,7.53997802734375
2019-07-02,616.0,631.5499877929688,613.530029296875,626.97998046875,626.97998046875,-0.5247619505558198,1.2384723224867056,7.66998291015625,7.66998291015625
2019-08-02,622.6300048828125,625.0,609.5999755859375,614.7100219726562,614.7100219726562,-0.7631354807228674,-1.956993664601592,-12.26995849609375,-12.26995849609375
2019-08-05,598.52001953125,602.6599731445312,567.3900146484375,574.25,574.25,0.8013521649222327,-6.5819688188613945,-40.46002197265625,-40.46002197265625
2019-08-06,588.530029296875,601.989990234375,586.8800048828125,601.0399780273438,601.0399780273438,-0.1200145966861394,4.665211672153902,26.78997802734375,26.78997802734375
2019-08-07,596.97998046875,614.9600219726562,581.1300048828125,613.5399780273438,613.5399780273438,0.0856578715807356,2.0797285466810145,12.5,12.5
2019-08-12,612.5599975585938,633.0399780273438,585.739990234375,623.6500244140625,623.6500244140625,3.3084335772688,1.64782194295221,10.11004638671875,10.11004638671875
2019-08-14,620.989990234375,632.3599853515625,616.3599853515625,620.0,620.0,-0.4100213824850386,-0.5852680624027551,-3.6500244140625,-3.6500244140625
2019-08-15,620.989990234375,628.5,604.5399780273438,613.25,613.25,-0.5606183780779388,-1.0887096774193528,-6.75,-6.75
2019-08-16,623.0,631.3800048828125,619.02001953125,624.530029296875,624.530029296875,-0.7370320014867647,1.8393851279046023,11.280029296875,11.280029296875
2019-08-20,603.3599853515625,620.3200073242188,596.6199951171875,612.2999877929688,612.2999877929688,-0.7046177910067691,-1.9582791747700945,-12.23004150390625,-12.23004150390625
2019-08-21,622.52001953125,634.5399780273438,620.010009765625,629.8300170898438,629.8300170898438,-0.7442032869911885,2.862980507326452,17.530029296875,17.530029296875
2019-08-22,626.0599975585938,630.8800048828125,608.489990234375,619.4000244140625,619.4000244140625,-0.9461466867957632,-1.656001205527402,-10.42999267578125,-10.42999267578125
2019-08-23,613.8900146484375,619.739990234375,595.0,598.1799926757812,598.1799926757812,-0.5818453831710333,-3.425901017416799,-21.22003173828125,-21.22003173828125
2019-08-26,605.969970703125,612.8800048828125,599.8200073242188,602.6199951171875,602.6199951171875,-0.7912469199002088,0.7422519134324901,4.44000244140625,4.44000244140625
2019-08-27,609.75,614.7899780273438,591.75,594.1300048828125,594.1300048828125,-0.2978624771958501,-1.4088464211553409,-8.489990234375,-8.489990234375
2019-08-28,593.4099731445312,593.77001953125,584.0599975585938,588.1500244140625,588.1500244140625,-0.638355112945893,-1.0065104303105366,-5.97998046875,-5.97998046875
2019-08-29,590.7899780273438,596.7999877929688,578.8499755859375,593.489990234375,593.489990234375,-0.6111042280290825,0.9079258010117996,5.3399658203125,5.3399658203125
2019-08-30,602.4000244140625,604.989990234375,584.6300048828125,594.5999755859375,594.5999755859375,-0.9122982192148829,0.1870268024443344,1.1099853515625,1.1099853515625
2019-09-03,587.1900024414062,592.9400024414062,573.9199829101562,581.0,581.0,-0.5408256300857291,-2.287247922022817,-13.5999755859375,-13.5999755859375
2019-09-04,586.0,594.7899780273438,581.2899780273438,590.0,590.0,-0.6558530495766871,1.5490533562822817,9.0,9.0
2019-09-05,602.02001953125,612.8300170898438,597.1599731445312,605.6900024414062,605.6900024414062,-0.8641071806251548,2.6593224476959776,15.69000244140625,15.69000244140625
2019-09-06,605.3599853515625,608.989990234375,594.5800170898438,597.7899780273438,597.7899780273438,-1.1747672686767947,-1.3043016034967048,-7.9000244140625,-7.9000244140625
2019-09-09,608.4000244140625,608.4000244140625,555.9299926757812,571.1300048828125,571.1300048828125,-0.0686681924744649,-4.459755787895093,-26.65997314453125,-26.65997314453125
2019-09-10,550.0,559.0,536.260009765625,549.1699829101562,549.1699829101562,1.3371906178127804,-3.845012831563999,-21.96002197265625,-21.96002197265625
2019-09-11,551.0499877929688,574.0900268554688,543.77001953125,560.8800048828125,560.8800048828125,0.186629571483023,2.1323128242739298,11.71002197265625,11.71002197265625
2019-09-12,568.4400024414062,573.77001953125,559.989990234375,571.72998046875,571.72998046875,-0.6770800546697816,1.934455764420484,10.8499755859375,10.8499755859375
2019-09-13,571.010009765625,573.969970703125,563.1900024414062,566.8300170898438,566.8300170898438,-0.5514391326322764,-0.8570415311943025,-4.89996337890625,-4.89996337890625
2019-09-16,557.5499877929688,561.0,548.719970703125,554.0499877929688,554.0499877929688,-0.2668825238167392,-2.254649350168292,-12.780029296875,-12.780029296875
2019-09-17,553.1199951171875,559.0599975585938,546.989990234375,549.97998046875,549.97998046875,-0.5064034596644947,-0.7345920790345017,-4.07000732421875,-4.07000732421875
2019-09-18,548.280029296875,551.5800170898438,530.760009765625,542.52001953125,542.52001953125,-0.1389467904178183,-1.3564059061098588,-7.4599609375,-7.4599609375
2019-09-19,542.5,556.530029296875,541.8499755859375,549.3099975585938,549.3099975585938,-0.4579255696545897,1.2515626673482938,6.78997802734375,6.78997802734375
2019-09-20,549.0,558.1799926757812,543.1199951171875,547.969970703125,547.969970703125,-0.3440455558443395,-0.2439472904961714,-1.34002685546875,-1.34002685546875
2019-09-23,544.3099975585938,547.780029296875,536.3699951171875,540.0900268554688,540.0900268554688,-0.8836130771971876,-1.4380247584635186,-7.87994384765625,-7.87994384765625
2019-09-24,542.5399780273438,554.97998046875,534.0999755859375,537.2899780273438,537.2899780273438,-0.4481726213685734,-0.5184411281259016,-2.800048828125,-2.800048828125
2019-09-25,534.530029296875,553.8900146484375,531.9500122070312,551.8699951171875,551.8699951171875,-0.6882672600566828,2.7136216356341114,14.58001708984375,14.58001708984375
2019-09-26,552.239990234375,553.489990234375,540.8400268554688,549.8599853515625,549.8599853515625,-0.8425933241118834,-0.3642179831136127,-2.010009765625,-2.010009765625
2019-09-27,554.8300170898438,554.8300170898438,534.3699951171875,541.52001953125,541.52001953125,-0.7760437946308303,-1.5167435424456643,-8.3399658203125,-8.3399658203125
2019-09-30,545.8400268554688,551.97998046875,536.0599975585938,551.22998046875,551.22998046875,-0.8431670269522373,1.7930936230031058,9.7099609375,9.7099609375
2019-10-01,550.5499877929688,563.5399780273438,546.0,550.4299926757812,550.4299926757812,-0.9607761092247878,-0.1451277726745692,-0.79998779296875,-0.79998779296875
2019-10-02,551.4500122070312,551.7899780273438,538.8900146484375,544.0900268554688,544.0900268554688,-0.9771266401748742,-1.1518205593216813,-6.3399658203125,-6.3399658203125
2019-10-03,542.8800048828125,559.1799926757812,531.010009765625,558.1900024414062,558.1900024414062,-0.8678362490874552,2.591478411656856,14.0999755859375,14.0999755859375
2019-10-04,560.5599975585938,568.0900268554688,549.5999755859375,559.219970703125,559.219970703125,-1.051134306580528,0.1845192957978358,1.02996826171875,1.02996826171875
2019-10-07,556.1199951171875,559.47998046875,544.6699829101562,548.8699951171875,548.8699951171875,-0.9868795884608906,-1.850787906040652,-10.3499755859375,-10.3499755859375
2019-10-08,544.2999877929688,545.469970703125,523.780029296875,525.6300048828125,525.6300048828125,-0.7751832403702995,-4.234152065356223,-23.239990234375,-23.239990234375
2019-10-09,530.0,537.5700073242188,522.6900024414062,532.030029296875,532.030029296875,-0.5213197335136963,1.2175911486425497,6.4000244140625,6.4000244140625
2019-10-10,530.0,547.4099731445312,530.0,542.4099731445312,542.4099731445312,-0.5884429658351032,1.951007137956906,10.37994384765625,10.37994384765625
2019-10-11,552.4500122070312,560.97998046875,548.5,554.2100219726562,554.2100219726562,-0.3311372419363766,2.175485225634066,11.800048828125,11.800048828125
2019-10-14,552.97998046875,558.5900268554688,551.47998046875,555.5800170898438,555.5800170898438,-1.13661602979326,0.2471978244476869,1.3699951171875,1.3699951171875
2019-10-15,559.77001953125,572.9299926757812,556.6500244140625,566.5499877929688,566.5499877929688,-0.5485706184305068,1.974507787480606,10.969970703125,10.969970703125
2019-10-16,567.0599975585938,567.0599975585938,545.0,548.97998046875,548.97998046875,-0.5763952061876713,-3.1012280827440897,-17.57000732421875,-17.57000732421875
2019-10-17,555.4500122070312,558.969970703125,548.4600219726562,549.25,549.25,-0.6590084151986336,0.0491856790514333,0.27001953125,0.27001953125
2019-10-18,549.9099731445312,549.9099731445312,534.1500244140625,536.27001953125,536.27001953125,-0.8744338317515251,-2.363219020254892,-12.97998046875,-12.97998046875
2019-10-21,537.0999755859375,546.9400024414062,536.9199829101562,545.3800048828125,545.3800048828125,-1.0169989875794707,1.6987683479910975,9.1099853515625,9.1099853515625
2019-10-22,545.489990234375,551.0700073242188,535.1599731445312,536.8900146484375,536.8900146484375,-0.9538916751405412,-1.5567109461959938,-8.489990234375,-8.489990234375
2019-10-23,533.9600219726562,548.3300170898438,533.9600219726562,541.4099731445312,541.4099731445312,-1.0666242832700834,0.8418779215056738,4.51995849609375,4.51995849609375
2019-10-24,545.47998046875,554.9600219726562,543.1900024414062,551.6199951171875,551.6199951171875,-1.1741935658364406,1.8858208158516243,10.21002197265625,10.21002197265625
2019-10-25,550.0,559.47998046875,547.5,549.8099975585938,549.8099975585938,-0.9688079489897424,-0.3281239938028757,-1.80999755859375,-1.80999755859375
2019-10-28,554.0,558.3400268554688,539.0,540.030029296875,540.030029296875,-0.5525865383129842,-1.7787905467609222,-9.77996826171875,-9.77996826171875
2019-10-29,536.9000244140625,544.6300048828125,530.0,542.010009765625,542.010009765625,-0.9630709205862036,0.3666426608401663,1.97998046875,1.97998046875
2019-10-30,542.010009765625,552.0,535.0,551.0499877929688,551.0499877929688,-0.8368562957083443,1.6678618225616892,9.03997802734375,9.03997802734375
2019-10-31,551.3800048828125,554.989990234375,514.0,521.52001953125,521.52001953125,1.014482770113709,-5.358854716609351,-29.52996826171875,-29.52996826171875
2019-11-01,520.0999755859375,531.9000244140625,488.3699951171875,490.0,490.0,4.479934777271475,-6.043875278187915,-31.52001953125,-31.52001953125
2019-11-04,498.8399963378906,499.9800109863281,470.1000061035156,485.7900085449219,485.7900085449219,2.175370467569836,-0.8591819296077774,-4.209991455078125,-4.209991455078125
2019-11-05,485.4100036621094,497.3900146484375,477.2099914550781,485.05999755859375,485.05999755859375,0.1740081089952371,-0.1502729519931245,-0.730010986328125,-0.730010986328125
2019-11-06,485.1000061035156,504.5499877929688,481.7699890136719,482.9500122070313,482.9500122070313,0.0578332838235712,-0.4349947145059207,-2.109985351562443,-2.109985351562443
2019-11-07,487.4500122070313,499.7799987792969,485.4500122070313,491.989990234375,491.989990234375,-0.4404276330237956,1.871824784936216,9.039978027343691,9.039978027343693
2019-11-08,490.5199890136719,498.6400146484375,490.5199890136719,494.4200134277344,494.4200134277344,-0.6317575302818231,0.4939172018930238,2.430023193359375,2.430023193359375
2019-11-11,491.4200134277344,499.2000122070313,489.5799865722656,497.6199951171875,497.6199951171875,-0.9871664398810676,0.6472192877606586,3.199981689453125,3.199981689453125
2019-11-12,498.1300048828125,504.9400024414063,495.9599914550781,499.5,499.5,0.3392345270171619,0.3777993049434824,1.8800048828125,1.8800048828125
2019-11-13,499.0,515.4299926757812,496.6000061035156,513.72998046875,513.72998046875,0.332350092932915,2.8488449386886883,14.22998046875,14.22998046875
2019-11-14,512.8599853515625,539.6799926757812,512.2100219726562,536.5399780273438,536.5399780273438,0.7540216805930355,4.440075219628192,22.80999755859375,22.80999755859375
2019-11-15,541.0999755859375,551.6400146484375,538.0,550.0999755859375,550.0999755859375,0.7359500411218876,2.5273042296771298,13.55999755859375,13.55999755859375
2019-11-18,550.1099853515625,552.3200073242188,530.3499755859375,533.010009765625,533.010009765625,0.0489408897980857,-3.106701795816147,-17.0899658203125,-17.0899658203125
2019-11-19,533.2999877929688,537.3099975585938,518.1900024414062,536.3300170898438,536.3300170898438,-0.2737669579009861,0.6228789822687597,3.32000732421875,3.32000732421875
2019-11-20,535.0,547.97998046875,533.47998046875,547.8499755859375,547.8499755859375,-0.068094489634111,2.147923504002569,11.51995849609375,11.51995849609375
2019-11-21,548.6199951171875,563.6300048828125,546.47998046875,562.0,562.0,0.0865184258412665,2.582828337069598,14.1500244140625,14.1500244140625
2019-11-22,564.6300048828125,567.469970703125,554.5,565.5,565.5,-0.498945322739894,0.6227758007117501,3.5,3.5
2019-11-25,567.22998046875,587.5,566.969970703125,585.0,585.0,-0.4128898966868082,3.4482758620689724,19.5,19.5
2019-11-26,582.0499877929688,586.989990234375,576.1400146484375,583.1500244140625,583.1500244140625,-0.2359025704376283,-0.3162351428952936,-1.8499755859375,-1.8499755859375
2019-11-27,586.25,590.0,580.0,589.4000244140625,589.4000244140625,-1.0844090713210546,1.071765367116262,6.25,6.25
2019-11-29,590.7899780273438,598.5499877929688,578.0,580.5800170898438,580.5800170898438,-0.8890632541805498,-1.4964382353032546,-8.82000732421875,-8.82000732421875
2019-12-02,579.8699951171875,580.3300170898438,555.8800048828125,580.0,580.0,-0.2895437860107185,-0.099903040540572,-0.58001708984375,-0.58001708984375
2019-12-03,570.4299926757812,577.2899780273438,567.1699829101562,575.239990234375,575.239990234375,-0.553733943993692,-0.8206913389008585,-4.760009765625,-4.760009765625
2019-12-04,580.77001953125,582.5700073242188,574.02001953125,575.239990234375,575.239990234375,-1.0227360159830097,0.0,0.0,0.0
2019-12-05,575.0,580.97998046875,572.2999877929688,578.52001953125,578.52001953125,-0.9805688572169976,0.5702018900908712,3.280029296875,3.280029296875
2019-12-06,584.4299926757812,590.6400146484375,580.510009765625,583.0,583.0,-0.8385774042294061,0.7743864200896455,4.47998046875,4.47998046875
2019-12-09,584.75,595.25,583.0700073242188,584.5599975585938,584.5599975585938,-0.6974465055023453,0.2675810563625536,1.55999755859375,1.55999755859375
2019-12-10,583.4400024414062,591.5700073242188,581.0599975585938,586.6900024414062,586.6900024414062,-0.8638203292049779,0.3643774619728424,2.1300048828125,2.1300048828125
2019-12-11,589.0,589.0,570.0,580.3099975585938,580.3099975585938,-0.4169058165692855,-1.0874575766185337,-6.3800048828125,-6.3800048828125
2019-12-12,582.9600219726562,591.6900024414062,578.5,579.97998046875,579.97998046875,-0.6954385455611066,-0.0568691029332879,-0.33001708984375,-0.33001708984375
2019-12-13,583.0499877929688,591.97998046875,566.0700073242188,567.6699829101562,567.6699829101562,0.0675862321095876,-2.122486632839393,-12.30999755859375,-12.30999755859375
2019-12-16,571.0,585.5800170898438,567.02001953125,582.1799926757812,582.1799926757812,-0.6547056438959793,2.556064298351579,14.510009765625,14.510009765625
2019-12-17,584.8499755859375,586.2899780273438,577.0,585.8400268554688,585.8400268554688,-1.0172858389996475,0.6286774237749926,3.6600341796875,3.6600341796875
2019-12-18,586.6599731445312,589.4099731445312,576.8499755859375,582.0,582.0,-0.4103082339052156,-0.6554736241018433,-3.84002685546875,-3.84002685546875
2019-12-19,581.9299926757812,586.5800170898438,578.010009765625,582.5499877929688,582.5499877929688,-0.1478391844433038,0.0944996207850046,0.54998779296875,0.54998779296875
2019-12-20,582.8699951171875,593.0,574.1900024414062,592.5399780273438,592.5399780273438,-0.1644765668135671,1.714872619296215,9.989990234375,9.989990234375
2019-12-23,595.0700073242188,602.75,593.010009765625,594.1500244140625,594.1500244140625,-0.984011074259121,0.2717194529352928,1.61004638671875,1.61004638671875
2019-12-24,594.1500244140625,599.0,593.4299926757812,594.530029296875,594.530029296875,-1.4309255868948134,0.0639577324241136,0.3800048828125,0.3800048828125
2019-12-26,595.0,597.6599731445312,595.0,597.239990234375,597.239990234375,-1.2416036495780247,0.4558156533665647,2.7099609375,2.7099609375
2019-12-27,598.9000244140625,605.9400024414062,593.6400146484375,599.239990234375,599.239990234375,-0.8566490437005541,0.334873758070886,2.0,2.0
2019-12-30,603.0900268554688,603.0900268554688,582.5999755859375,583.8499755859375,583.8499755859375,-0.7857967429168468,-2.568255606976122,-15.3900146484375,-15.3900146484375
2019-12-31,582.7899780273438,582.7899780273438,568.9400024414062,571.9400024414062,571.9400024414062,-0.4665311122598983,-2.0399029960699533,-11.90997314453125,-11.90997314453125
2020-01-02,576.9400024414062,615.8400268554688,576.9400024414062,610.1900024414062,610.1900024414062,-0.0534650672050864,6.68776442226886,38.25,38.25
2020-01-03,602.6199951171875,609.8400268554688,600.0599975585938,607.7999877929688,607.7999877929688,-0.8230874275398505,-0.3916836786697408,-2.3900146484375,-2.3900146484375
2020-01-06,601.0399780273438,613.7899780273438,601.0,606.5499877929688,606.5499877929688,-1.142066206776622,-0.2056597606293064,-1.25,-1.25
2020-01-07,606.6400146484375,627.969970703125,604.739990234375,625.0,625.0,-0.3641251552567262,3.041795825297866,18.45001220703125,18.45001220703125
2020-02-27,614.8599853515625,633.1699829101562,600.0,600.0,600.0,0.7511531663912661,-4.000000000000004,-25.0,-25.0
2020-02-28,577.030029296875,617.0,572.77001953125,616.030029296875,616.030029296875,1.2769518195756204,2.67167154947916,16.030029296875,16.030029296875
2020-03-06,600.0,618.0599975585938,585.8900146484375,614.510009765625,614.510009765625,-0.0230588166663294,-0.2467443889033971,-1.52001953125,-1.52001953125
2020-03-09,547.3599853515625,581.97998046875,537.989990234375,539.6400146484375,539.6400146484375,1.2577327744237643,-12.18369008272836,-74.8699951171875,-74.8699951171875
2020-03-10,566.3499755859375,599.0800170898438,546.030029296875,599.0700073242188,599.0700073242188,0.5764606515035018,11.012895831028846,59.42999267578125,59.42999267578125
2020-03-11,578.010009765625,583.4400024414062,539.7899780273438,550.719970703125,550.719970703125,-0.0804291007017199,-8.070849154517356,-48.35003662109375,-48.35003662109375
2020-03-12,496.2200012207031,520.0,472.25,502.0,502.0,2.379608678735827,-8.846595964355963,-48.719970703125,-48.719970703125
2020-03-13,534.4299926757812,549.969970703125,493.7999877929688,535.6900024414062,535.6900024414062,1.782957724767765,6.7111558648219605,33.69000244140625,33.69000244140625
2020-03-16,455.0,507.1600036621094,451.0,467.3200073242188,467.3200073242188,0.8575750432769155,-12.76297761869576,-68.36999511718744,-68.36999511718744
2020-03-17,472.0799865722656,500.0,425.6499938964844,490.6900024414063,490.6900024414063,1.4823374364223183,5.000854821303169,23.3699951171875,23.3699951171875
2020-03-18,455.0,498.1000061035156,422.2200012207031,452.1700134277344,452.1700134277344,1.3317404408294184,-7.850167890525062,-38.51998901367193,-38.51998901367193
2020-03-19,450.0,474.0899963378906,436.2300109863281,463.5299987792969,463.5299987792969,0.1869164229031999,2.5123261194272217,11.3599853515625,11.3599853515625
2020-03-20,472.8800048828125,525.530029296875,451.5,452.8800048828125,452.8800048828125,0.6148987418072135,-2.2975846060731886,-10.649993896484377,-10.649993896484375
2020-03-23,453.3399963378906,486.0799865722656,425.3800048828125,457.6499938964844,457.6499938964844,0.8314715640408128,1.0532567042579322,4.769989013671875,4.769989013671875
2020-03-24,490.0,505.2200012207031,477.0199890136719,490.0,490.0,0.6636634832372954,7.068722065979727,32.350006103515625,32.350006103515625
2020-03-25,497.4299926757813,518.8499755859375,480.0,482.6499938964844,482.6499938964844,0.7806988626694922,-1.5000012456154344,-7.350006103515625,-7.350006103515625
2020-03-26,489.3500061035156,500.7900085449219,467.1499938964844,489.55999755859375,489.55999755859375,1.261748694306242,1.431680047548367,6.910003662109375,6.910003662109375
2020-03-27,479.4100036621094,485.8999938964844,455.4100036621094,471.4299926757813,471.4299926757813,-0.0850187234245512,-3.703326450940781,-18.130004882812443,-18.130004882812443
2020-03-30,474.5400085449219,489.3399963378906,470.010009765625,473.2900085449219,473.2900085449219,0.0922554542448056,0.3945476312576801,1.860015869140568,1.8600158691405682
2020-03-31,475.8599853515625,499.8999938964844,473.5,488.5799865722656,488.5799865722656,0.1553627666837352,3.230572746369842,15.28997802734375,15.28997802734375
2020-04-01,466.0,468.989990234375,435.0400085449219,447.3399963378906,447.3399963378906,1.0259568269207868,-8.44078582172445,-41.239990234375,-41.239990234375
