Date,Open,High,Low,Close,Adj Close,Volume,Daily_Return,Adj Close Diff,Price_Diff
2016-03-10,25.520000457763672,25.520000457763672,25.229999542236328,25.229999542236328,23.946496963500977,-0.4317835193944515,,,
2016-03-11,25.63999938964844,25.84000015258789,25.63999938964844,25.84000015258789,24.52546501159668,-0.8404056577732537,2.417756755729905,0.5789680480957031,0.5789680480957031
2016-03-14,25.84000015258789,25.84000015258789,25.78199958801269,25.809999465942383,24.496990203857425,-0.9365520432741484,-0.1161030289366205,-0.0284748077392542,-0.02847480773925426
2016-03-15,25.652999877929688,25.652999877929688,25.652999877929688,25.652999877929688,24.34797477722168,-1.0166740311915603,-0.6083009602227851,-0.1490154266357457,-0.14901542663574574
2016-03-16,25.73900032043457,26.07200050354004,25.73900032043457,26.07200050354004,24.745662689208984,-0.9365520432741484,1.6333510923436378,0.3976879119873047,0.3976879119873047
2016-03-17,26.0,26.0,25.8799991607666,25.89999961853028,24.58241271972656,-0.7442592722723591,-0.659711447346345,-0.1632499694824254,-0.16324996948242543
2016-03-18,26.290000915527344,26.290000915527344,26.030000686645508,26.059999465942383,24.734270095825195,-0.9445642420658896,0.61774805357806,0.1518573760986363,0.15185737609863637
2016-03-21,26.309999465942383,26.309999465942383,25.940000534057617,25.96999931335449,24.64884757995605,-0.9525764408576308,-0.3453609730070917,-0.0854225158691441,-0.08542251586914418
2016-03-22,26.18000030517578,26.18000030517578,26.18000030517578,26.18000030517578,24.84816551208496,-1.000649633608078,0.8086298212618637,0.1993179321289098,0.1993179321289098
2016-03-23,25.934999465942383,25.934999465942383,25.8799991607666,25.8799991607666,24.563426971435547,-1.0166740311915603,-1.1459137315828485,-0.284738540649414,-0.28473854064941406
2016-03-24,25.8700008392334,25.8700008392334,25.8700008392334,25.8700008392334,24.553939819335938,-1.0246862299833015,-0.0386230802022935,-0.0094871520996093,-0.009487152099609375
2016-03-28,26.64999961853028,26.64999961853028,25.93000030517578,25.96999931335449,24.64884757995605,-0.8564300553567362,0.3865276257840166,0.0949077606201136,0.09490776062011363
2016-03-29,26.170000076293945,26.530000686645508,26.170000076293945,26.530000686645508,25.180360794067383,-0.9525764408576308,2.156341031308684,0.5315132141113317,0.5315132141113317
2016-03-30,26.780000686645508,26.979999542236328,26.780000686645508,26.8799991607666,25.51255798339844,-0.920527645690666,1.3192709669566094,0.3321971893310582,0.33219718933105824
2016-03-31,26.790000915527344,26.790000915527344,26.790000915527344,26.790000915527344,25.427133560180664,-1.0166740311915603,-0.334832842999766,-0.0854244232177769,-0.08542442321777699
2016-04-01,26.43400001525879,26.589000701904297,26.3799991607666,26.589000701904297,25.23636054992676,-0.8964910493154423,-0.7502733636978065,-0.1907730102539027,-0.1907730102539027
2016-04-04,26.8799991607666,26.8799991607666,26.475000381469727,26.475000381469727,25.128158569335938,-0.8484178565649949,-0.428754298294165,-0.1082019805908238,-0.10820198059082387
2016-04-05,26.420000076293945,26.420000076293945,26.229999542236328,26.290000915527344,24.952571868896484,-0.960588639649372,-0.698764694416254,-0.1755867004394531,-0.17558670043945312
2016-04-06,26.2450008392334,26.40999984741211,26.229999542236328,26.40999984741211,25.06646728515625,-0.9125154468989248,0.4564476033099396,0.1138954162597656,0.11389541625976562
2016-04-07,26.549999237060547,26.549999237060547,26.21699905395508,26.24399948120117,24.90890884399414,-0.9686008384411132,-0.628562610637251,-0.1575584411621093,-0.15755844116210938
2016-04-08,26.670000076293945,26.700000762939453,26.670000076293945,26.670000076293945,25.3132381439209,-0.9926374348163368,1.62323168172116,0.4043292999267578,0.4043292999267578
2016-04-11,27.11000061035156,27.11000061035156,26.57999992370605,26.57999992370605,25.22781753540039,-0.8804666517319598,-0.3374542918406553,-0.0854206085205078,-0.08542060852050781
2016-04-12,26.729999542236328,26.91699981689453,26.670000076293945,26.91699981689453,25.54767227172852,-0.8083568626062888,1.267865267692292,0.3198547363281285,0.31985473632812855
2016-04-13,27.350000381469727,27.46999931335449,27.290000915527344,27.459999084472656,26.063051223754883,-0.8003446638145476,2.017322543301492,0.5153789520263636,0.5153789520263636
2016-04-14,28.59000015258789,28.59000015258789,27.323999404907227,27.34000015258789,25.949153900146484,-0.9926374348163368,-0.4370068670416782,-0.1138973236083984,-0.11389732360839844
2016-04-15,27.36000061035156,27.36000061035156,27.312000274658203,27.31999969482422,25.93017196655273,-0.888478850523701,-0.0731504914063707,-0.0189819335937535,-0.018981933593753553
2016-04-18,27.299999237060547,27.670000076293945,27.299999237060547,27.670000076293945,26.26236724853516,-0.9766130372328544,1.2811148433991448,0.332195281982429,0.332195281982429
2016-04-19,27.76000022888184,27.76000022888184,27.76000022888184,27.76000022888184,26.347787857055664,-0.9686008384411132,0.325258601831746,0.0854206085205042,0.08542060852050426
2016-04-20,28.809999465942383,28.809999465942383,27.61400032043457,27.6200008392334,26.21491050720215,-0.7682958686475827,-0.5043207064456934,-0.1328773498535156,-0.13287734985351562
2016-04-21,27.940000534057617,27.940000534057617,27.34000015258789,27.39999961853028,26.0060977935791,-0.9125154468989248,-0.7965417755886661,-0.2088127136230468,-0.20881271362304688
2016-04-22,27.270000457763672,27.32999992370605,27.1299991607666,27.32999992370605,25.93966484069824,-0.8404056577732537,-0.2554514460730295,-0.0664329528808629,-0.06643295288086293
2016-04-25,27.13999938964844,27.13999938964844,27.0,27.040000915527344,25.66442108154297,-0.9125154468989248,-1.0610921954682495,-0.2752437591552699,-0.2752437591552699
2016-04-26,27.00200080871582,27.040000915527344,27.00200080871582,27.040000915527344,25.66442108154297,-0.9846252360245956,0.0,0.0,0.0
2016-04-27,26.82999992370605,26.82999992370605,26.77300071716309,26.790000915527344,25.427133560180664,-0.9846252360245956,-0.924577728086584,-0.2372875213623047,-0.2372875213623047
2016-04-28,26.6200008392334,26.6200008392334,26.450000762939453,26.450000762939453,25.104433059692383,-0.8564300553567362,-1.26911867483811,-0.3227005004882812,-0.32270050048828125
2016-04-29,26.246999740600582,26.26000022888184,26.229999542236328,26.229999542236328,24.895620346069336,-0.9445642420658896,-0.8317762569126308,-0.2088127136230468,-0.20881271362304688
2016-05-02,26.5,26.68000030517578,26.40399932861328,26.65999984741211,25.303749084472656,-0.9766130372328544,1.639359585059541,0.4081287384033203,0.4081287384033203
2016-05-03,26.65999984741211,26.65999984741211,26.65999984741211,26.65999984741211,25.303749084472656,-1.0407106275667843,0.0,0.0,0.0
2016-05-04,25.96999931335449,25.96999931335449,25.968000411987305,25.968000411987305,24.646949768066406,-1.0166740311915603,-2.595660090580365,-0.65679931640625,-0.65679931640625
2016-05-05,26.15999984741211,26.249000549316406,26.10199928283692,26.10199928283692,24.774131774902344,-0.9525764408576308,0.5160151987680051,0.1271820068359375,0.1271820068359375
2016-05-06,26.14800071716309,26.420000076293945,26.14800071716309,26.420000076293945,25.07595443725586,-1.008661832399819,1.2182976384233155,0.3018226623535156,0.3018226623535156
2016-05-09,26.39999961853028,26.39999961853028,26.381999969482425,26.39999961853028,25.056974411010746,-0.9846252360245956,-0.0756901448860314,-0.0189800262451136,-0.018980026245113635
2016-05-10,26.350000381469727,26.459999084472656,26.350000381469727,26.459999084472656,25.11391830444336,-0.8724544529402186,0.2272576588799646,0.0569438934326136,0.056943893432613635
2016-05-11,26.459999084472656,26.459999084472656,26.459999084472656,26.459999084472656,25.11391830444336,-1.0407106275667843,0.0,0.0,0.0
2016-05-12,26.729999542236328,26.790000915527344,26.709999084472656,26.76799964904785,25.406253814697266,-0.9846252360245956,1.1640378323687806,0.2923355102539062,0.29233551025390625
2016-05-13,26.989999771118164,27.01000022888184,26.989999771118164,27.01000022888184,25.63594627380371,-0.8804666517319598,0.9040784240830212,0.2296924591064453,0.2296924591064453
2016-05-16,26.6200008392334,27.43000030517578,26.6200008392334,27.43000030517578,26.034574508666992,-0.9846252360245956,1.5549581459008754,0.3986282348632812,0.39862823486328125
2016-05-17,27.33799934387207,27.33799934387207,27.200000762939453,27.200000762939453,25.816280364990234,-0.9365520432741484,-0.8384778618298006,-0.2182941436767578,-0.2182941436767578
2016-05-18,27.270000457763672,27.270000457763672,27.270000457763672,27.270000457763672,25.882719039916992,-0.920527645690666,0.2573518492495763,0.0664386749267578,0.06643867492675781
2016-05-19,27.200000762939453,27.200000762939453,27.07999992370605,27.07999992370605,25.70238304138184,-0.5920274952292759,-0.6967428663774977,-0.1803359985351527,-0.1803359985351527
2016-05-20,27.566999435424805,27.56999969482422,27.489999771118164,27.520000457763672,26.11999893188477,-0.9045032481071836,1.6248138930563538,0.4176158905029297,0.4176158905029297
2016-05-23,27.520000457763672,27.520000457763672,27.520000457763672,27.520000457763672,26.11999893188477,-1.0407106275667843,0.0,0.0,0.0
2016-05-24,27.799999237060547,28.0,27.7810001373291,28.0,26.575580596923828,-0.4237713206027102,1.7441871503406814,0.4555816650390589,0.45558166503905895
2016-05-25,28.066999435424805,28.066999435424805,28.035999298095703,28.035999298095703,26.60974502563477,-1.008661832399819,0.1285557189854902,0.034164428710941,0.03416442871094105
2016-05-26,28.14999961853028,28.14999961853028,28.132999420166016,28.132999420166016,26.70181465148925,-0.9445642420658896,0.3459996545092325,0.092069625854485,0.09206962585448153
2016-05-27,28.46999931335449,28.46999931335449,28.350000381469727,28.350000381469727,26.90777587890625,-0.920527645690666,0.7713379412792376,0.2059612274169957,0.2059612274169993
2016-05-31,28.56999969482422,29.670000076293945,28.440000534057617,28.56999969482422,27.11658096313477,-0.7282348746888766,0.7760027628006538,0.2088050842285191,0.20880508422851918
2016-06-01,28.489999771118164,28.489999771118164,28.48600006103516,28.48600006103516,27.03685569763184,-1.0166740311915603,-0.2940092838817576,-0.0797252655029296,-0.07972526550292969
2016-06-02,28.292999267578125,28.448999404907227,28.292999267578125,28.448999404907227,27.00173568725586,-0.9365520432741484,-0.1298968000153055,-0.0351200103759801,-0.035120010375980115
2016-06-03,28.40999984741211,28.489999771118164,28.40999984741211,28.450000762939453,27.00268745422364,-0.9045032481071836,0.0035248362505235,0.0009517669677769,0.0009517669677805429
2016-06-06,28.75,28.75,28.57999992370605,28.57999992370605,27.12607383728028,-0.7202226758971354,0.4569411221228003,0.1233863830566406,0.12338638305664062
2016-06-07,28.97100067138672,28.97100067138672,28.90900039672852,28.920000076293945,27.448776245117188,-0.9365520432741484,1.1896392001757627,0.3227024078369105,0.32270240783690696
2016-06-08,28.90699958801269,28.96999931335449,28.90699958801269,28.950000762939453,27.47725296020508,-0.8964910493154423,0.1037449350513863,0.0284767150878941,0.028476715087894178
2016-06-09,28.950000762939453,28.950000762939453,28.950000762939453,28.950000762939453,27.47725296020508,-1.0407106275667843,0.0,0.0,0.0
2016-06-10,28.59000015258789,28.59000015258789,28.31999969482422,28.31999969482422,26.87929916381836,-0.8243812601897713,-2.1761774994492056,-0.5979537963867223,-0.5979537963867223
2016-06-13,28.420000076293945,28.420000076293945,27.950000762939453,27.950000762939453,26.52812767028809,-1.0166740311915603,-1.3064756316376491,-0.3511714935302699,-0.3511714935302699
2016-06-14,28.21999931335449,28.21999931335449,27.790000915527344,27.799999237060547,26.3857536315918,-0.9445642420658896,-0.5366908681450178,-0.142374038696289,-0.14237403869628906
2016-06-15,28.190000534057617,28.200000762939453,28.16900062561035,28.16900062561035,26.735980987548828,-0.9285398444824072,1.327335049235434,0.3502273559570277,0.3502273559570277
2016-06-16,27.763999938964844,27.964000701904297,27.670000076293945,27.964000701904297,26.541410446166992,-0.6481128867714644,-0.7277479044903945,-0.1945705413818359,-0.19457054138183594
2016-06-17,27.82999992370605,27.86000061035156,27.71199989318848,27.84000015258789,26.423723220825195,-0.48786891093664,-0.4434098390531993,-0.1176872253417968,-0.11768722534179688
2016-06-20,27.46999931335449,28.3700008392334,27.459999084472656,28.350000381469727,26.90777587890625,0.2412411791118111,1.8318866498705957,0.4840526580810547,0.4840526580810547
2016-06-21,28.5,28.5,28.32699966430664,28.457000732421875,27.00933074951172,-0.9766130372328544,0.377418301172483,0.1015548706054687,0.10155487060546875
2016-06-22,28.25,28.32999992370605,28.249000549316406,28.32999992370605,26.888792037963867,-0.9926374348163368,-0.4462854435963059,-0.1205387115478515,-0.12053871154785156
2016-06-23,28.39999961853028,28.39999961853028,28.381999969482425,28.381999969482425,26.93814468383789,-0.8243812601897713,0.1835435589830236,0.0493526458740234,0.04935264587402344
2016-06-24,27.11000061035156,27.989999771118164,27.11000061035156,27.729999542236328,26.319316864013672,-0.7923324650228064,-2.2972176706567926,-0.6188278198242188,-0.6188278198242188
2016-06-27,27.729999542236328,27.729999542236328,27.0,27.18000030517578,25.79729461669922,-0.960588639649372,-1.9834186807037304,-0.5220222473144531,-0.5220222473144531
2016-06-28,25.82999992370605,27.44599914550781,25.82999992370605,27.31999969482422,25.93017196655273,-0.9846252360245956,0.5150824992613767,0.132877349853512,0.13287734985351207
2016-06-29,27.96999931335449,28.049999237060547,27.90999984741211,28.020000457763672,26.59456443786621,-0.9766130372328544,2.5622370425097074,0.6643924713134801,0.6643924713134801
2016-06-30,28.020000457763672,28.38999938964844,28.020000457763672,28.38999938964844,26.94573783874512,-1.000649633608078,1.3204705860077937,0.3511734008789098,0.3511734008789098
2016-07-01,28.38999938964844,28.38999938964844,28.38999938964844,28.38999938964844,26.94573783874512,-1.0407106275667843,0.0,0.0,0.0
2016-07-05,28.690000534057617,28.690000534057617,28.450000762939453,28.450000762939453,27.00268745422364,-0.9926374348163368,0.211349252409887,0.0569496154785156,0.05694961547851918
2016-07-06,28.51000022888184,28.690000534057617,28.51000022888184,28.68000030517578,27.220991134643555,-0.9846252360245956,0.8084516801892372,0.2183036804199183,0.21830368041991477
2016-07-07,28.950000762939453,28.979999542236328,28.950000762939453,28.979999542236328,27.505725860595703,-0.9926374348163368,1.0460116038529366,0.2847347259521484,0.28473472595214844
2016-07-08,29.350000381469727,29.420000076293945,29.350000381469727,29.420000076293945,27.92333984375,-1.000649633608078,1.518280176537945,0.4176139831542969,0.4176139831542969
2016-07-11,29.790000915527344,30.21999931335449,29.790000915527344,30.18000030517578,28.644678115844727,-0.4958811097283812,2.583280782782804,0.7213382720947266,0.7213382720947266
2016-07-12,30.530000686645508,30.530000686645508,30.26000022888184,30.40999984741211,28.86297607421875,-0.3837103266440041,0.7620890606317321,0.2182979583740234,0.21829795837402344
2016-07-13,30.420000076293945,30.420000076293945,29.920000076293945,29.979999542236328,28.45485115051269,-0.6401006879797232,-1.4140084607235148,-0.4081249237060582,-0.40812492370605824
2016-07-14,30.020000457763672,30.15999984741211,30.020000457763672,30.1200008392334,28.587730407714844,-0.8003446638145476,0.46698278792352,0.132879257202152,0.132879257202152
2016-07-15,30.190000534057617,30.190000534057617,29.709999084472656,29.850000381469727,28.33146858215332,-0.3917225254357454,-0.8964049328391899,-0.2562618255615234,-0.25626182556152344
2016-07-18,30.03499984741211,30.420000076293945,29.920000076293945,30.350000381469727,28.806028366088867,0.7219731066162843,1.6750271259658112,0.4745597839355469,0.4745597839355469
2016-07-19,30.3799991607666,30.9689998626709,30.3799991607666,30.715999603271484,29.15341186523437,1.4350587990812531,1.2059402800368435,0.3473834991455042,0.34738349914550426
2016-07-20,30.89999961853028,30.89999961853028,30.541000366210938,30.71999931335449,29.157209396362305,-0.4478079169779339,0.0130260264064041,0.0037975311279332,0.00379753112793324
2016-07-21,30.670000076293945,30.670000076293945,30.3799991607666,30.459999084472656,28.910436630249023,-0.6961860795219117,-0.846352484418722,-0.2467727661132812,-0.24677276611328125
2016-07-22,30.450000762939453,30.8700008392334,29.96699905395508,30.43000030517578,28.881959915161133,3.365998707890887,-0.09849977519224,-0.0284767150878906,-0.028476715087890625
2016-07-25,30.15999984741211,30.15999984741211,29.71999931335449,29.950000762939453,28.42637825012207,-0.3837103266440041,-1.577391791891214,-0.4555816650390625,-0.4555816650390625
2016-07-26,29.979999542236328,30.32999992370605,29.979999542236328,30.11000061035156,28.578237533569336,-0.559978700062311,0.5342195974142872,0.1518592834472656,0.15185928344726562
2016-07-27,30.1200008392334,30.18199920654297,30.1200008392334,30.1200008392334,28.587730407714844,-0.9846252360245956,0.0332171434097583,0.0094928741455078,0.009492874145507812
2016-07-28,30.11000061035156,30.11000061035156,30.006999969482425,30.006999969482425,28.480478286743164,-0.9525764408576308,-0.3751683657361448,-0.1072521209716796,-0.10725212097167969
2016-07-29,29.81999969482422,30.200000762939453,29.81999969482422,30.200000762939453,28.66366004943848,-0.9846252360245956,0.6431835900051697,0.183181762695316,0.18318176269531605
2016-08-01,30.100000381469727,30.100000381469727,30.100000381469727,30.100000381469727,28.568744659423828,-0.9926374348163368,-0.331134927817811,-0.0949153900146519,-0.09491539001465199
2016-08-02,30.09000015258789,30.09000015258789,29.809999465942383,29.809999465942383,28.293502807617188,-0.9045032481071836,-0.9634369836262536,-0.2752418518066406,-0.2752418518066406
2016-08-03,29.68000030517578,29.927000045776367,29.670000076293945,29.8700008392334,28.35045051574707,-0.9125154468989248,0.2012748598754221,0.0569477081298828,0.05694770812988281
2016-08-04,30.07900047302246,30.07900047302246,30.07900047302246,30.07900047302246,28.548816680908203,-1.008661832399819,0.699693167312998,0.1983661651611328,0.1983661651611328
2016-08-05,30.1200008392334,30.1200008392334,30.0,30.051000595092773,28.5222396850586,-0.9525764408576308,-0.0930931609063101,-0.0265769958496058,-0.02657699584960227
2016-08-08,30.14999961853028,30.14999961853028,29.950000762939453,30.020000457763672,28.492816925048828,-0.8964910493154423,-0.1031572567044336,-0.0294227600097691,-0.02942276000977273
2016-08-09,30.209999084472656,30.549999237060547,30.209999084472656,30.46999931335449,28.91992378234864,-0.8644422541484774,1.4989983560534714,0.4271068572998082,0.4271068572998118
2016-08-10,30.63999938964844,30.700000762939453,30.63999938964844,30.679000854492188,29.11829376220703,-0.7282348746888766,0.6859284324236992,0.1983699798583948,0.19836997985839133
2016-08-11,30.792999267578125,30.81999969482422,30.729999542236328,30.809999465942383,29.24262428283692,-0.8564300553567362,0.4269842238876498,0.1243305206298863,0.12433052062988992
2016-08-12,30.6200008392334,30.700000762939453,30.6200008392334,30.700000762939453,29.138227462768555,-0.8404056577732537,-0.357002227497194,-0.1043968200683629,-0.10439682006836648
2016-08-15,30.780000686645508,30.90999984741211,30.68099975585937,30.90999984741211,29.337535858154297,-0.6881738807301705,0.6840100196225274,0.1993083953857422,0.1993083953857422
2016-08-16,30.84000015258789,30.84000015258789,30.600000381469727,30.600000381469727,29.043312072753903,-0.8564300553567362,-1.0028919498316191,-0.2942237854003942,-0.2942237854003942
2016-08-17,30.530000686645508,30.530000686645508,30.170000076293945,30.3700008392334,28.825014114379883,-0.9686008384411132,-0.7516290078320997,-0.2182979583740198,-0.21829795837401988
2016-08-18,30.31999969482422,30.61000061035156,30.31999969482422,30.61000061035156,29.05280303955078,-0.7122104771053942,0.7902474020203831,0.2277889251708984,0.22778892517089844
2016-08-19,30.5,30.63999938964844,30.468000411987305,30.479999542236328,28.92941665649414,-0.7923324650228064,-0.4246970004535222,-0.1233863830566406,-0.12338638305664062
2016-08-22,30.690000534057617,30.71999931335449,30.60099983215332,30.60099983215332,29.044261932373047,-0.7442592722723591,0.3969844163903113,0.1148452758789062,0.11484527587890625
2016-08-23,30.690000534057617,30.770000457763672,30.690000534057617,30.770000457763672,29.204662322998047,-0.9525764408576308,0.552261892550332,0.160400390625,0.160400390625
2016-08-24,30.71199989318848,30.71199989318848,30.71199989318848,30.71199989318848,29.149614334106445,-0.8964910493154423,-0.1884904139030307,-0.0550479888916015,-0.05504798889160156
2016-08-25,30.780000686645508,30.82999992370605,30.75,30.82999992370605,29.26161193847656,-0.9686008384411132,0.3842164190799302,0.1119976043701136,0.11199760437011363
2016-08-26,30.7509994506836,30.98900032043457,30.65800094604492,30.739999771118164,29.17619132995605,-0.8724544529402186,-0.2919203791647118,-0.0854206085205078,-0.08542060852050781
2016-08-29,30.979999542236328,30.979999542236328,30.88800048828125,30.957000732421875,29.382152557373047,-0.8564300553567362,0.7059222538259524,0.2059612274169957,0.20596122741699574
2016-08-30,30.979999542236328,31.1879997253418,30.917999267578125,30.98900032043457,29.41252326965332,-0.8564300553567362,0.1033644904707697,0.0303707122802734,0.030370712280273438
2016-08-31,31.06999969482422,31.06999969482422,30.753999710083008,30.989999771118164,29.413471221923828,-0.9285398444824072,0.0032229545959605,0.0009479522705078,0.0009479522705078125
2016-09-01,31.049999237060547,31.13999938964844,30.809999465942383,30.90999984741211,29.337535858154297,-0.9365520432741484,-0.2581652576691851,-0.0759353637695312,-0.07593536376953125
2016-09-02,31.268999099731445,31.40800094604492,31.268999099731445,31.3700008392334,29.77414321899414,-0.7682958686475827,1.4882209704005778,0.4366073608398437,0.43660736083984375
2016-09-06,31.56999969482422,32.0,31.56999969482422,32.0,30.372089385986328,-0.6160640916044995,2.008273294697971,0.5979461669921875,0.5979461669921875
2016-09-07,32.209999084472656,32.249000549316406,31.871000289916992,32.249000549316406,30.608423233032227,0.6098023235319072,0.7781283797845706,0.2363338470458984,0.23633384704589844
2016-09-08,32.400001525878906,32.400001525878906,31.97100067138672,32.25,30.60937118530273,-0.4718445133531576,0.0030970307202338,0.0009479522705042,0.0009479522705042598
2016-09-09,31.89999961853028,31.920000076293945,31.600000381469727,31.6200008392334,30.01142311096192,-0.3035883387265919,-1.953480425066434,-0.5979480743408132,-0.5979480743408097
2016-09-12,31.65999984741211,32.08100128173828,31.554000854492188,32.08100128173828,30.44897651672364,-0.8003446638145476,1.45795620602176,0.4375534057617187,0.43755340576171875
2016-09-13,31.770000457763672,31.770000457763672,31.700000762939453,31.700000762939453,30.08735466003418,-1.008661832399819,-1.1876322230103264,-0.3616218566894567,-0.36162185668946023
2016-09-14,31.90999984741211,31.90999984741211,31.72900009155273,31.7450008392334,30.13006401062012,-0.960588639649372,0.1419511654265681,0.042709350585941,0.04270935058594105
2016-09-15,32.04999923706055,32.380001068115234,32.04999923706055,32.380001068115234,30.732759475708008,-0.920527645690666,2.0003125943424798,0.6026954650878871,0.6026954650878871
2016-09-16,32.4900016784668,32.4900016784668,32.130001068115234,32.380001068115234,30.732759475708008,-0.6961860795219117,0.0,0.0,0.0
2016-09-19,32.619998931884766,32.7400016784668,32.3650016784668,32.47999954223633,30.82767677307129,-0.8243812601897713,0.3088472983960422,0.0949172973632812,0.09491729736328125
2016-09-20,32.70000076293945,32.79999923706055,32.470001220703125,32.60499954223633,30.94631576538086,-0.704198278313653,0.3848457124514981,0.1186389923095703,0.11863899230957031
2016-09-21,32.81999969482422,33.0369987487793,32.599998474121094,33.0369987487793,31.356334686279297,-0.3676859290605216,1.3249361378168345,0.4100189208984375,0.4100189208984375
2016-09-22,33.25,33.33000183105469,33.090999603271484,33.119998931884766,31.43511199951172,-0.7122104771053942,0.2512325309083074,0.0787773132324218,0.07877731323242188
2016-09-23,33.077999114990234,33.130001068115234,32.880001068115234,32.98600006103516,31.307933807373047,-0.8003446638145476,-0.4045736886213347,-0.1271781921386718,-0.12717819213867188
2016-09-26,32.97999954223633,32.97999954223633,32.75,32.84000015258789,31.16935920715332,-0.4478079169779339,-0.4426181589380129,-0.1385746002197265,-0.13857460021972656
2016-09-27,32.900001525878906,33.1879997253418,32.82099914550781,33.0890007019043,31.40568923950196,-0.9285398444824072,0.7582126753969298,0.2363300323486363,0.23633003234863992
2016-09-28,33.400001525878906,33.400001525878906,33.2400016784668,33.3129997253418,31.618297576904297,-0.5359421036870873,0.6769739577468625,0.2126083374023402,0.21260833740233664
2016-09-29,33.2400016784668,33.2400016784668,32.935001373291016,33.01499938964844,31.3354606628418,0.0249118117347981,-0.8945355561113311,-0.2828369140624964,-0.28283691406249645
2016-09-30,32.91999816894531,33.24800109863281,32.900001525878906,33.22999954223633,31.53951644897461,-0.8804666517319598,0.6511976585516832,0.2040557861328089,0.20405578613280895
2016-10-03,33.38999938964844,33.38999938964844,33.15999984741211,33.15999984741211,31.473079681396484,-0.632088489187982,-0.2106461197197151,-0.066436767578125,-0.066436767578125
2016-10-04,33.189998626708984,33.27000045776367,32.77399826049805,32.77399826049805,31.106714248657227,-0.8564300553567362,-1.1640596867163675,-0.3663654327392578,-0.3663654327392578
2016-10-05,33.34000015258789,33.34000015258789,33.012001037597656,33.279998779296875,31.586971282958984,-0.5840152964375347,1.5439015206258455,0.4802570343017578,0.4802570343017578
2016-10-06,33.18000030517578,33.18000030517578,32.70000076293945,32.92900085449219,31.25382804870605,-0.4718445133531576,-1.0546855894115523,-0.3331432342529332,-0.33314323425293324
2016-10-07,33.0,33.0,32.709999084472656,32.744998931884766,31.079195022583008,-0.9285398444824072,-0.558757237196339,-0.1746330261230433,-0.17463302612304332
2016-10-10,32.9640007019043,33.0359992980957,32.93000030517578,32.93000030517578,31.254789352416992,-0.960588639649372,0.5649899545544512,0.1755943298339843,0.17559432983398438
2016-10-11,32.59000015258789,32.59000015258789,32.029998779296875,32.099998474121094,30.467002868652344,-0.5359421036870873,-2.5205304533710726,-0.7877864837646484,-0.7877864837646484
2016-10-12,32.040000915527344,32.060001373291016,31.700000762939453,31.996000289916992,30.36829376220703,-0.8964910493154423,-0.3239869273353291,-0.0987091064453125,-0.0987091064453125
2016-10-13,32.0,32.0,31.74799919128418,31.799999237060547,30.182262420654297,-0.7602836698558415,-0.6125841083118311,-0.1860313415527343,-0.18603134155273438
2016-10-14,32.59199905395508,32.59199905395508,32.08000183105469,32.17100143432617,30.534395217895508,-0.9045032481071836,1.166687878905459,0.3521327972412109,0.35213279724121094
2016-10-17,32.0099983215332,32.03300094604492,31.91900062561035,31.91900062561035,30.295209884643555,-0.8804666517319598,-0.783330835751328,-0.2391853332519531,-0.23918533325195312
2016-10-18,31.979999542236328,32.37900161743164,31.979999542236328,32.37900161743164,30.731813430786133,-0.8404056577732537,1.4411636288543803,0.4366035461425781,0.4366035461425781
2016-10-19,32.400001525878906,32.400001525878906,32.1619987487793,32.1619987487793,30.52585220336914,-0.920527645690666,-0.6701889814633155,-0.2059612274169922,-0.2059612274169922
2016-10-20,32.2400016784668,32.2400016784668,32.2400016784668,32.2400016784668,30.59988212585449,-1.0246862299833015,0.2425154979855959,0.074029922485348,0.07402992248534801
2016-10-21,31.950000762939453,32.040000915527344,31.81599998474121,32.040000915527344,30.410057067871094,-0.9045032481071836,-0.6203457163745374,-0.1898250579833948,-0.18982505798339488
2016-10-24,32.040000915527344,32.22600173950195,32.040000915527344,32.22600173950195,30.58659553527832,-0.8964910493154423,0.580526590309316,0.1765384674072265,0.17653846740722656
2016-10-25,32.529998779296875,32.529998779296875,32.25,32.33000183105469,30.685300827026367,-0.8724544529402186,0.3227076764205527,0.0987052917480468,0.09870529174804688
2016-10-26,32.220001220703125,32.345001220703125,32.02000045776367,32.02000045776367,30.391075134277344,-0.7442592722723591,-0.9588489759562058,-0.2942256927490234,-0.29422569274902344
2016-10-27,32.202999114990234,32.202999114990234,31.959999084472656,31.959999084472656,30.334125518798828,-0.8804666517319598,-0.1873892753938233,-0.0569496154785156,-0.056949615478515625
2016-10-28,32.0,32.0,32.0,32.0,30.372089385986328,-1.008661832399819,0.1251523376336383,0.0379638671875,0.0379638671875
2016-10-31,31.75,31.982999801635746,31.5,31.709999084472656,30.09684181213379,-0.7843202662310652,-0.9062516916585216,-0.275247573852539,-0.27524757385253906
2016-11-01,31.79700088500977,31.81999969482422,31.700000762939453,31.700000762939453,30.08735466003418,-0.9686008384411132,-0.0315220851371367,-0.0094871520996093,-0.009487152099609375
2016-11-02,31.64699935913086,31.700000762939453,31.3700008392334,31.41699981689453,29.818750381469727,-0.8564300553567362,-0.8927480717380809,-0.2686042785644531,-0.2686042785644531
2016-11-03,31.808000564575195,31.808000564575195,31.808000564575195,31.808000564575195,30.18985939025879,-0.960588639649372,1.2445491646748683,0.3711090087890625,0.3711090087890625
2016-11-04,31.45400047302246,31.61000061035156,31.3700008392334,31.61000061035156,30.00193214416504,-0.9045032481071836,-0.622484668326706,-0.18792724609375,-0.18792724609375
2016-11-07,31.729999542236328,31.86899948120117,31.709999084472656,31.86899948120117,30.247753143310547,-0.704198278313653,0.8193505603715456,0.2458209991455078,0.2458209991455078
2016-11-08,31.920000076293945,32.020999908447266,31.920000076293945,32.020999908447266,30.39202308654785,-0.8644422541484774,0.4769608590554419,0.1442699432373047,0.1442699432373047
2016-11-09,31.0,31.64999961853028,31.0,31.381000518798828,29.78458023071289,-0.8484178565649949,-1.9986917425836916,-0.6074428558349609,-0.6074428558349609
2016-11-10,31.336000442504883,31.336000442504883,30.75,30.95199966430664,29.377403259277344,-0.3676859290605216,-1.367073056868795,-0.4071769714355469,-0.4071769714355469
2016-11-11,30.5,31.01300048828125,29.7450008392334,30.86000061035156,29.290084838867188,-0.6641372843549469,-0.2972298798484929,-0.0873184204101562,-0.08731842041015625
2016-11-14,30.84000015258789,30.96999931335449,30.84000015258789,30.957000732421875,29.382152557373047,-0.920527645690666,0.3143306651802069,0.0920677185058593,0.09206771850585938
2016-11-15,30.799999237060547,31.334999084472656,30.799999237060547,31.05699920654297,29.47706413269043,-0.9045032481071836,0.3230245814429544,0.0949115753173828,0.09491157531738281
2016-11-16,31.020000457763672,31.020000457763672,31.020000457763672,31.020000457763672,29.44194602966309,-1.008661832399819,-0.1191370445484563,-0.0351181030273402,-0.0351181030273402
2016-11-17,31.09000015258789,31.77199935913086,31.09000015258789,31.56999969482422,29.963960647583008,-0.7282348746888766,1.7730302792960284,0.5220146179199183,0.5220146179199183
2016-11-18,31.3700008392334,31.3700008392334,31.31399917602539,31.31399917602539,29.72098922729492,-0.9686008384411132,-0.8108788525848287,-0.2429714202880895,-0.2429714202880895
2016-11-21,31.31399917602539,31.31399917602539,31.31399917602539,31.31399917602539,29.72098922729492,-1.0407106275667843,0.0,0.0,0.0
2016-11-22,31.31399917602539,31.31399917602539,31.31399917602539,31.31399917602539,29.72098922729492,-1.0407106275667843,0.0,0.0,0.0
2016-11-23,31.63999938964844,31.63999938964844,31.63999938964844,31.63999938964844,30.030406951904297,-1.0166740311915603,1.041074784702034,0.3094177246093785,0.30941772460937855
2016-11-25,31.59499931335449,31.655000686645508,31.450000762939453,31.47100067138672,29.870004653930664,-0.9525764408576308,-0.5341329480833434,-0.1604022979736328,-0.1604022979736328
2016-11-28,31.3700008392334,31.5,31.3700008392334,31.5,29.897523880004883,-0.9686008384411132,0.0921299691548416,0.0275192260742187,0.02751922607421875
2016-11-29,31.31399917602539,31.48900032043457,31.31399917602539,31.45499992370605,29.85481643676757,-0.960588639649372,-0.1428460878857951,-0.0427074432373082,-0.04270744323731179
2016-11-30,31.71999931335449,31.71999931335449,31.09000015258789,31.09000015258789,29.508384704589844,-0.8724544529402186,-1.1603880831472235,-0.3464317321777308,-0.34643173217772727
2016-12-01,31.0,31.0,30.290000915527344,30.299999237060547,28.7585678100586,-0.8564300553567362,-2.5410299548338733,-0.7498168945312464,-0.7498168945312429
2016-12-02,30.239999771118164,30.391000747680664,30.239999771118164,30.374000549316406,28.82881164550781,-0.9686008384411132,0.2442535939659817,0.0702438354492116,0.07024383544920809
2016-12-05,30.21999931335449,30.698999404907227,30.21999931335449,30.63999938964844,29.08127784729004,-0.8083568626062888,0.8757426594154127,0.2524662017822301,0.2524662017822301
2016-12-06,30.520000457763672,30.64999961853028,30.42200088500977,30.64999961853028,29.09076881408692,-0.960588639649372,0.0326360032964156,0.0094909667968785,0.009490966796882105
2016-12-07,30.709999084472656,31.041000366210938,30.709999084472656,31.040000915527344,29.460926055908203,-0.6881738807301705,1.2724216543979372,0.3701572418212855,0.37015724182128196
2016-12-08,30.93000030517578,31.059999465942383,30.93000030517578,31.059999465942383,29.47990798950196,-0.9686008384411132,0.0644308789130798,0.0189819335937535,0.018981933593757105
2016-12-09,31.299999237060547,31.299999237060547,31.299999237060547,31.299999237060547,29.707698822021484,-1.0166740311915603,0.7726985871212566,0.2277908325195277,0.22779083251952414
2016-12-12,31.64999961853028,31.64999961853028,31.290000915527344,31.290000915527344,29.698211669921875,-0.9926374348163368,-0.0319349948861624,-0.0094871520996093,-0.009487152099609375
2016-12-13,31.280000686645508,31.459999084472656,31.280000686645508,31.459999084472656,29.859561920166016,-1.0166740311915603,0.5432995496074122,0.1613502502441406,0.16135025024414062
2016-12-14,31.31999969482422,31.31999969482422,30.75,30.75,29.18568229675293,-0.9846252360245956,-2.2568302415648445,-0.6738796234130859,-0.6738796234130859
2016-12-15,31.01300048828125,31.089000701904297,30.82999992370605,30.888999938964844,29.317609786987305,-0.8323934589815125,0.4520281173931995,0.131927490234375,0.131927490234375
2016-12-16,31.030000686645508,31.030000686645508,30.709999084472656,30.709999084472656,29.147714614868164,-0.888478850523701,-0.579498715459914,-0.1698951721191406,-0.16989517211914062
2016-12-19,30.54400062561035,30.54400062561035,30.459999084472656,30.459999084472656,28.910436630249023,-1.0166740311915603,-0.8140534781348019,-0.2372779846191406,-0.23727798461914062
2016-12-20,30.75,30.86400032043457,30.75,30.86400032043457,29.293880462646484,-0.888478850523701,1.3263162964348485,0.3834438323974609,0.38344383239746094
2016-12-21,30.86400032043457,30.86400032043457,30.86400032043457,30.86400032043457,29.293880462646484,-1.0407106275667843,0.0,0.0,0.0
2016-12-22,30.549999237060547,30.549999237060547,30.5,30.53499984741211,28.98161697387696,-1.008661832399819,-1.065968331398448,-0.3122634887695277,-0.31226348876952414
2016-12-23,30.549999237060547,30.549999237060547,30.549999237060547,30.549999237060547,28.9958553314209,-1.0246862299833015,0.0491289273361728,0.0142383575439417,0.014238357543938207
2016-12-27,30.25,30.815000534057617,30.25,30.812000274658203,29.24452781677246,-0.8964910493154423,0.8576138986391424,0.2486724853515625,0.2486724853515625
2016-12-28,30.61000061035156,30.61000061035156,30.21999931335449,30.270000457763672,29.27063369750977,-0.920527645690666,0.0892675747779847,0.0261058807373082,0.02610588073730824
2016-12-29,30.14999961853028,30.268999099731445,30.14999961853028,30.17099952697754,29.174903869628903,-0.960588639649372,-0.3270507528814081,-0.0957298278808664,-0.09572982788086648
2016-12-30,30.01000022888184,30.100000381469727,30.01000022888184,30.049999237060547,29.05789566040039,-0.8964910493154423,-0.401057736989896,-0.117008209228512,-0.11700820922851207
2017-01-03,30.21999931335449,30.21999931335449,30.04599952697754,30.059999465942383,29.06756591796875,-0.920527645690666,0.0332792769351719,0.0096702575683593,0.009670257568359375
2017-01-04,30.290000915527344,30.665000915527344,30.290000915527344,30.665000915527344,29.6525936126709,-0.8804666517319598,2.012647692459524,0.5850276947021484,0.5850276947021484
2017-01-05,30.670000076293945,30.770000457763672,30.670000076293945,30.770000457763672,29.754125595092773,-0.9926374348163368,0.3424050649602828,0.101531982421875,0.101531982421875
2017-01-06,30.920000076293945,30.93899917602539,30.75,30.857999801635746,29.83922576904297,-0.8564300553567362,0.2860113421186527,0.0851001739501953,0.08510017395019531
2017-01-09,30.690000534057617,30.82999992370605,30.690000534057617,30.76700019836425,29.7512264251709,-0.9846252360245956,-0.2949116191994672,-0.0879993438720703,-0.08799934387207031
2017-01-10,30.85700035095215,30.96999931335449,30.85700035095215,30.96999931335449,29.9475212097168,-0.8323934589815125,0.6597872025195795,0.196294784545902,0.196294784545902
2017-01-11,30.9689998626709,30.98500061035156,30.9689998626709,30.98500061035156,29.9620304107666,-0.9686008384411132,0.0484487545670209,0.0145092010498011,0.014509201049801135
2017-01-12,30.84000015258789,30.86000061035156,30.84000015258789,30.86000061035156,29.84115600585937,-1.0166740311915603,-0.4034252794289816,-0.1208744049072301,-0.12087440490723012
2017-01-13,30.86000061035156,30.999000549316406,30.86000061035156,30.999000549316406,29.97556495666504,-0.960588639649372,0.4504146916402218,0.1344089508056676,0.13440895080566762
2017-01-17,30.700000762939453,30.878999710083008,30.700000762939453,30.864999771118164,29.845991134643555,-0.960588639649372,-0.4322648203922252,-0.1295738220214843,-0.12957382202148438
2017-01-18,30.8700008392334,30.93000030517578,30.8700008392334,30.891000747680664,29.87113380432129,-0.9045032481071836,0.0842413628158844,0.0251426696777343,0.025142669677734375
2017-01-19,31.0,31.0,31.0,31.0,29.97653579711914,-0.9686008384411132,0.352855681636699,0.1054019927978515,0.10540199279785156
2017-01-20,31.15999984741211,31.170000076293945,31.15999984741211,31.170000076293945,30.14092063903809,-0.9846252360245956,0.5483783817833432,0.1643848419189488,0.16438484191894887
2017-01-23,31.32999992370605,31.32999992370605,31.25200080871582,31.25200080871582,30.22021484375,-0.9285398444824072,0.2630782438981294,0.0792942047119105,0.07929420471191051
2017-01-24,31.239999771118164,31.39999961853028,31.090999603271484,31.39999961853028,30.363327026367188,-0.6561250855632056,0.4735644116268922,0.1431121826171875,0.1431121826171875
2017-01-25,31.5,31.6299991607666,31.48699951171875,31.6299991607666,30.58573532104492,-0.9445642420658896,0.7324898700481475,0.2224082946777308,0.22240829467773082
2017-01-26,31.6200008392334,31.66699981689453,31.5,31.584999084472656,30.542221069335938,-0.776308067439324,-0.1422697582785903,-0.0435142517089808,-0.04351425170898082
2017-01-27,31.479999542236328,31.479999542236328,31.34000015258789,31.36000061035156,30.324649810791016,-0.9926374348163368,-0.7123622674690133,-0.2175712585449218,-0.21757125854492188
2017-01-30,31.1299991607666,31.1299991607666,31.049999237060547,31.049999237060547,30.024883270263672,-0.920527645690666,-0.9885243272312104,-0.2997665405273437,-0.29976654052734375
2017-01-31,31.201000213623047,31.201000213623047,31.1200008392334,31.1200008392334,30.09257125854492,-0.920527645690666,0.2254396384224533,0.0676879882812464,0.06768798828124645
2017-02-01,31.479999542236328,31.49099922180176,31.479999542236328,31.49099922180176,30.451324462890625,-1.008661832399819,1.1921653396229417,0.3587532043457067,0.3587532043457067
2017-02-02,31.39999961853028,31.667999267578125,31.39999961853028,31.667999267578125,30.622478485107425,-0.9846252360245956,0.5620577273260263,0.1711540222168004,0.17115402221680043
2017-02-03,31.84000015258789,31.950000762939453,31.84000015258789,31.895000457763672,30.84198760986328,-0.7843202662310652,0.7168235087914532,0.2195091247558558,0.21950912475585582
2017-02-06,31.799999237060547,32.09000015258789,31.799999237060547,32.09000015258789,31.030548095703125,-0.7923324650228064,0.6113759211145764,0.1885604858398437,0.18856048583984375
2017-02-07,31.90999984741211,31.90999984741211,31.8799991607666,31.8799991607666,30.82748031616211,-1.008661832399819,-0.6544124806133644,-0.2030677795410156,-0.20306777954101562
2017-02-08,31.799999237060547,31.799999237060547,31.799999237060547,31.799999237060547,30.750120162963867,-0.9846252360245956,-0.2509454305212322,-0.0773601531982421,-0.07736015319824219
2017-02-09,31.749000549316406,31.83699989318848,31.690000534057617,31.83699989318848,30.7859001159668,-0.9686008384411132,0.1163571160480492,0.0357799530029332,0.03577995300293324
2017-02-10,32.0,32.58000183105469,32.0,32.58000183105469,31.504371643066406,-0.199429754433956,2.3337681353905904,0.7184715270996058,0.7184715270996058
2017-02-13,32.61000061035156,32.902000427246094,32.59000015258789,32.709999084472656,31.63008117675781,-0.8003446638145476,0.3990225074654629,0.1257095336914027,0.1257095336914027
2017-02-14,32.66999816894531,32.689998626708984,32.65999984741211,32.65999984741211,31.581727981567383,-0.9686008384411132,-0.1528709171507158,-0.0483531951904261,-0.048353195190426135
2017-02-15,32.59000015258789,32.66899871826172,32.34000015258789,32.66899871826172,31.59043312072754,-0.9445642420658896,0.0275638469346528,0.0087051391601562,0.00870513916015625
2017-02-16,32.90999984741211,32.90999984741211,32.652000427246094,32.652000427246094,31.57399559020996,-0.8404056577732537,-0.052033254671624,-0.0164375305175781,-0.016437530517578125
2017-02-17,32.7599983215332,32.81999969482422,32.7599983215332,32.81999969482422,31.736448287963867,-0.9445642420658896,0.5145142219639576,0.1624526977539062,0.16245269775390625
2017-02-21,32.970001220703125,33.2400016784668,32.970001220703125,33.2400016784668,32.142581939697266,-0.8644422541484774,1.2797073196354702,0.4061336517333984,0.40613365173339844
2017-02-22,33.34000015258789,33.43000030517578,33.29999923706055,33.43000030517578,32.32630157470703,-0.8644422541484774,0.5715770915803997,0.1837196350097656,0.18371963500976562
2017-02-23,33.18000030517578,33.349998474121094,33.18000030517578,33.310001373291016,32.21026611328125,-0.8804666517319598,-0.3589506246411189,-0.1160354614257812,-0.11603546142578125
2017-02-24,32.95000076293945,33.3129997253418,32.95000076293945,33.3129997253418,32.213172912597656,-0.960588639649372,0.0090244498638591,0.0029067993164062,0.00290679931640625
2017-02-27,33.06800079345703,33.15999984741211,33.06800079345703,33.15999984741211,32.065223693847656,-0.9846252360245956,-0.4592817328222254,-0.14794921875,-0.14794921875
2017-02-28,33.0099983215332,33.18000030517578,32.78400039672852,32.78400039672852,31.70163345336914,-0.6801616819384293,-1.13390832370297,-0.3635902404785156,-0.3635902404785156
2017-03-01,33.09600067138672,33.09600067138672,33.09600067138672,33.09600067138672,32.00334167480469,-1.008661832399819,0.9517119106160266,0.3017082214355469,0.3017082214355469
2017-03-02,33.18000030517578,33.20000076293945,33.040000915527344,33.040000915527344,31.949188232421875,-0.8564300553567362,-0.1692118371046436,-0.0541534423828125,-0.0541534423828125
2017-03-03,32.91999816894531,32.970001220703125,32.91999816894531,32.959999084472656,31.871824264526367,-0.8964910493154423,-0.2421468969186491,-0.0773639678955078,-0.07736396789550781
2017-03-06,32.91999816894531,32.9630012512207,32.83100128173828,32.928001403808594,31.840879440307617,-0.9285398444824072,-0.0970914747832396,-0.03094482421875,-0.03094482421875
2017-03-07,32.83000183105469,33.0,32.83000183105469,32.96099853515625,31.87279319763184,-0.9445642420658896,0.100228881504516,0.0319137573242223,0.0319137573242223
2017-03-08,32.96099853515625,32.96099853515625,32.96099853515625,32.96099853515625,31.87279319763184,-1.0407106275667843,0.0,0.0,0.0
2017-03-09,33.108001708984375,33.25,33.108001708984375,33.20399856567383,32.10776901245117,-0.9045032481071836,0.7372300675448473,0.2349758148193323,0.23497581481933238
2017-03-10,33.551998138427734,33.779998779296875,33.551998138427734,33.779998779296875,32.66475296020508,-0.8644422541484774,1.7347326360106496,0.5569839477539062,0.5569839477539062
2017-03-13,33.939998626708984,33.941001892089844,33.90999984741211,33.92499923706055,32.804969787597656,-0.8804666517319598,0.4292603331897293,0.1402168273925781,0.14021682739257812
2017-03-14,33.880001068115234,33.88999938964844,33.69499969482422,33.70000076293945,32.587398529052734,-0.9285398444824072,-0.6632265170601559,-0.2175712585449218,-0.21757125854492188
2017-03-15,33.65999984741211,33.849998474121094,33.650001525878906,33.849998474121094,32.73244094848633,-0.8323934589815125,0.4450874447810893,0.1450424194335937,0.14504241943359375
2017-03-16,34.060001373291016,34.060001373291016,34.03400039672852,34.03400039672852,32.91036605834961,-1.000649633608078,0.5435742178326874,0.1779251098632812,0.17792510986328125
2017-03-17,34.08300018310547,34.08300018310547,34.08000183105469,34.08000183105469,32.95485305786133,-0.920527645690666,0.1351762524696376,0.0444869995117187,0.04448699951171875
2017-03-20,34.40999984741211,34.5,34.09000015258789,34.13999938964844,33.01286315917969,-0.8083568626062888,0.1760290091917804,0.0580101013183593,0.058010101318359375
2017-03-21,33.974998474121094,34.0099983215332,33.900001525878906,33.90999984741211,32.790462493896484,-0.7522714710641003,-0.6736788148632988,-0.2224006652832031,-0.22240066528320312
2017-03-22,34.029998779296875,34.029998779296875,34.00199890136719,34.00899887084961,32.88618850708008,-0.9686008384411132,0.2919324886052177,0.0957260131835937,0.09572601318359375
2017-03-23,33.86000061035156,33.92100143432617,33.720001220703125,33.92100143432617,32.80109786987305,-0.9045032481071836,-0.2587427764354943,-0.0850906372070312,-0.08509063720703125
2017-03-24,33.90999984741211,33.90999984741211,33.89400100708008,33.89400100708008,32.77499008178711,-1.000649633608078,-0.0795942507458513,-0.0261077880859375,-0.0261077880859375
2017-03-27,33.77000045776367,33.86000061035156,33.70000076293945,33.86000061035156,32.74211502075195,-0.9766130372328544,-0.1003053271812381,-0.0328750610351562,-0.03287506103515625
2017-03-28,33.97100067138672,34.06100082397461,33.97100067138672,34.06100082397461,32.93647384643555,-0.9445642420658896,0.5936049811089195,0.1943588256835937,0.19435882568359375
2017-03-29,34.189998626708984,34.189998626708984,34.189998626708984,34.189998626708984,33.061222076416016,-0.9926374348163368,0.3787540541288603,0.1247482299804687,0.12474822998046875
2017-03-30,34.189998626708984,34.189998626708984,34.189998626708984,34.189998626708984,33.061222076416016,-1.0407106275667843,0.0,0.0,0.0
2017-03-31,34.15999984741211,34.15999984741211,34.08000183105469,34.08000183105469,32.95485305786133,-1.000649633608078,-0.3217334746696054,-0.1063690185546875,-0.1063690185546875
2017-04-03,34.15999984741211,34.15999984741211,34.15999984741211,34.15999984741211,33.03220748901367,-0.9125154468989248,0.2347284966391027,0.0773544311523437,0.07735443115234375
2017-04-04,33.90999984741211,33.90999984741211,33.75,33.75,32.6357421875,-0.9525764408576308,-1.200238590307756,-0.3964653015136719,-0.3964653015136719
2017-04-05,34.04999923706055,34.04999923706055,33.53400039672852,33.95000076293945,32.829139709472656,-0.8964910493154423,0.5925942203536927,0.1933975219726562,0.19339752197265625
2017-04-06,33.9900016784668,33.9900016784668,33.83700180053711,33.83700180053711,32.719871520996094,-0.9686008384411132,-0.3328390248527713,-0.1092681884765625,-0.1092681884765625
2017-04-07,33.95000076293945,33.95000076293945,33.880001068115234,33.93000030517578,32.80979919433594,-0.8484178565649949,0.27484115664127,0.0899276733398437,0.08992767333984375
2017-04-10,34.029998779296875,34.029998779296875,33.790000915527344,33.790000915527344,32.67441940307617,-0.9285398444824072,-0.4126199933681351,-0.1353797912597656,-0.13537979125976562
2017-04-11,33.560001373291016,33.77000045776367,33.560001373291016,33.77000045776367,32.65508270263672,-0.9846252360245956,-0.059179935841902,-0.0193367004394531,-0.019336700439453125
2017-04-12,33.939998626708984,33.939998626708984,33.75699996948242,33.77000045776367,32.65508270263672,-0.9686008384411132,0.0,0.0,0.0
2017-04-13,33.900001525878906,34.060001373291016,33.83000183105469,33.88800048828125,32.769187927246094,-0.920527645690666,0.3494256182060118,0.114105224609375,0.114105224609375
2017-04-17,34.220001220703125,34.439998626708984,34.220001220703125,34.439998626708984,33.30296325683594,-0.8644422541484774,1.6288939804517844,0.5337753295898438,0.5337753295898438
2017-04-18,34.380001068115234,34.400001525878906,34.380001068115234,34.400001525878906,33.26428985595703,-0.9846252360245956,-0.1161260053066493,-0.0386734008789062,-0.03867340087890625
2017-04-19,34.68000030517578,34.84000015258789,34.61000061035156,34.61000061035156,33.46735000610352,-0.9365520432741484,0.6104448675315011,0.2030601501464914,0.20306015014649148
2017-04-20,34.95000076293945,34.95000076293945,34.840999603271484,34.95000076293945,33.79612350463867,-0.7923324650228064,0.9823708733293524,0.3287734985351491,0.32877349853514914
2017-04-21,34.849998474121094,34.90900039672852,34.619998931884766,34.90900039672852,33.75647735595703,-0.9686008384411132,-0.1173097520376864,-0.0396461486816406,-0.039646148681640625
2017-04-24,35.18000030517578,35.279998779296875,35.0,35.279998779296875,34.115230560302734,-0.8243812601897713,1.0627684890301303,0.3587532043457031,0.3587532043457031
2017-04-25,35.56999969482422,35.7400016784668,35.56999969482422,35.7400016784668,34.56003952026367,-0.9045032481071836,1.3038427489876936,0.4448089599609375,0.4448089599609375
2017-04-26,35.810001373291016,35.86600112915039,35.779998779296875,35.779998779296875,34.59871292114258,-0.8484178565649949,0.1119020736542575,0.0386734008789062,0.03867340087890625
2017-04-27,35.900001525878906,36.060001373291016,35.900001525878906,35.930999755859375,34.7447395324707,-0.6481128867714644,0.4220579293251481,0.146026611328125,0.146026611328125
2017-04-28,36.09000015258789,36.09700012207031,35.90999984741211,36.09700012207031,34.90525436401367,-0.9525764408576308,0.4619831194675017,0.1605148315429687,0.16051483154296875
2017-05-01,36.38999938964844,36.400001525878906,36.26100158691406,36.400001525878906,35.1982536315918,-0.9285398444824072,0.8394130709449943,0.292999267578125,0.292999267578125
2017-05-02,36.40999984741211,36.459999084472656,36.40999984741211,36.459999084472656,35.25627136230469,-0.9365520432741484,0.1648312763472326,0.0580177307128906,0.058017730712890625
2017-05-03,36.38999938964844,36.40999984741211,36.25,36.40999984741211,35.20792007446289,-0.9525764408576308,-0.1371423748839584,-0.0483512878417968,-0.048351287841796875
2017-05-04,36.59999847412109,36.65999984741211,36.5359992980957,36.55500030517578,35.34813690185547,-0.5199177061036049,0.398253651723901,0.1402168273925781,0.14021682739257812
2017-05-05,36.7400016784668,37.09999847412109,36.729000091552734,37.09999847412109,35.87514114379883,-0.6401006879797232,1.4908968000395315,0.5270042419433594,0.5270042419433594
2017-05-08,37.02999877929688,37.18000030517578,37.02999877929688,37.15999984741211,35.93315887451172,-0.7282348746888766,0.1617212611940255,0.0580177307128906,0.058017730712890625
2017-05-09,37.400001525878906,37.41999816894531,37.23899841308594,37.27000045776367,36.03953170776367,0.1691313899861401,0.2960297301537906,0.1063728332519531,0.10637283325195312
2017-05-10,37.61000061035156,38.5099983215332,37.61000061035156,38.02999877929688,36.77444076538086,-0.2154541520174385,2.039174824957213,0.7349090576171875,0.7349090576171875
2017-05-11,38.18999862670898,38.2599983215332,37.88999938964844,38.20000076293945,36.93882369995117,-0.0952711701413201,0.4470032205766694,0.1643829345703125,0.1643829345703125
2017-05-12,38.18000030517578,38.18000030517578,38.0359992980957,38.11000061035156,36.8517951965332,-0.1753931580587324,-0.2356017184653391,-0.0870285034179687,-0.08702850341796875
2017-05-15,38.33000183105469,38.720001220703125,38.33000183105469,38.709999084472656,37.43198776245117,0.8341438897006614,1.5743943078587064,0.5801925659179688,0.5801925659179688
2017-05-16,38.66999816894531,39.02000045776367,38.65999984741211,39.02000045776367,37.731746673583984,0.4335339501136004,0.8008094922319575,0.2997589111328125,0.2997589111328125
2017-05-17,39.04999923706055,39.04999923706055,38.27999877929688,38.38999938964844,37.122554779052734,0.5537169319897187,-1.6145340415892997,-0.60919189453125,-0.60919189453125
2017-05-18,38.41999816894531,39.16999816894531,38.25,39.11000061035156,37.81878662109375,0.6098023235319072,1.8754954937365564,0.6962318420410156,0.6962318420410156
2017-05-19,39.09999847412109,39.54999923706055,39.09999847412109,39.41999816894531,38.11854553222656,-0.4317835193944515,0.7926190602995709,0.2997589111328125,0.2997589111328125
2017-05-22,39.65999984741211,39.83000183105469,39.59999847412109,39.77999877929688,38.4666633605957,0.5216681368227538,0.9132505543130832,0.3481178283691406,0.3481178283691406
2017-05-23,39.900001525878906,40.150001525878906,39.70000076293945,39.75,38.43764877319336,-0.0311735798073904,-0.0754278766794902,-0.0290145874023437,-0.02901458740234375
2017-05-24,39.61000061035156,40.02000045776367,39.5,40.02000045776367,38.69873428344727,0.4495583476970828,0.6792442269153431,0.2610855102539133,0.26108551025391336
2017-05-25,40.27000045776367,40.650001525878906,40.13600158691406,40.2599983215332,38.93081665039063,0.2652777754870347,0.5997156528259495,0.2320823669433593,0.23208236694335938
2017-05-26,40.43000030517578,40.43000030517578,40.25,40.36000061035156,39.02751922607422,0.8982414800345913,0.2483959598176488,0.0967025756835866,0.09670257568358664
2017-05-30,40.68000030517578,40.68000030517578,40.42599868774414,40.619998931884766,39.278926849365234,1.867717533835279,0.6441803841916949,0.2514076232910156,0.2514076232910156
2017-05-31,40.63999938964844,40.68999862670898,40.34999847412109,40.41999816894531,39.08552932739258,0.1611191911943988,-0.4923696686376821,-0.1933975219726562,-0.19339752197265625
2017-06-01,40.75,40.88999938964844,40.68000030517578,40.790000915527344,39.44331741333008,0.3614241609879294,0.9153978264962336,0.3577880859375,0.3577880859375
2017-06-02,41.06999969482422,41.09999847412109,40.79999923706055,41.060001373291016,39.704402923583984,0.9383024739932974,0.6619258403596451,0.2610855102539062,0.26108551025390625
2017-06-06,41.59000015258789,41.7400016784668,41.5,41.59000015258789,40.21690368652344,3.3339499127239223,1.2907907566972463,0.5125007629394531,0.5125007629394531
2017-06-07,41.9900016784668,42.15900039672852,41.875,41.98600006103516,40.599830627441406,3.7025110571440183,0.9521542083466894,0.3829269409179687,0.38292694091796875
2017-06-08,42.150001525878906,42.3120002746582,41.79999923706055,42.040000915527344,40.65205383300781,3.2938889187652163,0.1286291217459156,0.0522232055664062,0.05222320556640625
2017-06-09,42.04999923706055,42.29999923706055,41.0,41.358001708984375,39.99256896972656,4.10312099673108,-1.622267022449364,-0.65948486328125,-0.65948486328125
2017-06-12,41.27999877929688,41.27999877929688,40.59999847412109,41.0,39.64637756347656,0.8822170824511087,-0.8656393304267596,-0.34619140625,-0.34619140625
2017-06-13,41.41999816894531,41.527000427246094,41.012001037597656,41.37900161743164,40.01287078857422,1.3789734075390645,0.924405324322186,0.3664932250976562,0.36649322509765625
2017-06-14,41.61000061035156,41.729000091552734,41.233001708984375,41.3849983215332,40.0186653137207,0.7299853054080255,0.0144816531088221,0.0057945251464843,0.005794525146484375
2017-06-15,41.209999084472656,41.48699951171875,40.81999969482422,41.42100143432617,40.05348205566406,0.4896193416557889,0.0870012572143918,0.0348167419433593,0.034816741943359375
2017-06-16,41.47999954223633,41.84000015258789,41.220001220703125,41.34999847412109,39.984825134277344,-0.3516615314770392,-0.1714131153224163,-0.0686569213867187,-0.06865692138671875
2017-06-19,41.7599983215332,42.5,41.72200012207031,42.5,41.096866607666016,2.5487544311332826,2.781158776246251,1.112041473388672,1.1120414733886719
2017-06-20,42.68000030517578,43.12300109863281,41.65499877929688,41.84999847412109,40.49691009521485,0.930290275201556,-1.4598595026202088,-0.5999565124511648,-0.5999565124511648
2017-06-21,41.98600006103516,42.10200119018555,41.98600006103516,42.0620002746582,40.70204925537109,-0.415759121810969,0.5065550919166828,0.2051391601562358,0.2051391601562358
2017-06-22,41.83000183105469,42.09999847412109,41.77299880981445,42.040000915527344,40.680763244628906,0.4976315404475301,-0.0522971475186095,-0.0212860107421803,-0.021286010742180395
2017-06-23,42.18999862670898,42.44100189208984,42.18999862670898,42.369998931884766,41.00009536743164,-0.1032833689330614,0.7849708248649723,0.3193321228027344,0.3193321228027344
2017-06-26,42.77000045776367,42.93000030517578,42.44400024414063,42.56800079345703,41.19169616699219,0.2893143718622584,0.467317936320577,0.1916007995605468,0.19160079956054688
2017-06-27,42.25,42.29999923706055,41.84999847412109,41.84999847412109,40.49691009521485,-0.3035883387265919,-1.6867139167094702,-0.6947860717773366,-0.6947860717773366
2017-06-28,41.369998931884766,41.56499862670898,40.91999816894531,41.540000915527344,40.19693374633789,0.6658877150740958,-0.7407388567959083,-0.2999763488769602,-0.29997634887696023
2017-06-29,41.34000015258789,41.43999862670898,41.0,41.13999938964844,39.80986404418945,0.0970216008604691,-0.9629334033064209,-0.3870697021484375,-0.3870697021484375
2017-06-30,41.130001068115234,41.27000045776367,41.0099983215332,41.08000183105469,39.75180816650391,-0.6961860795219117,-0.1458328961412625,-0.0580558776855397,-0.05805587768553977
2017-07-03,41.560001373291016,41.560001373291016,40.45000076293945,40.45899963378906,39.15088272094727,-0.2875639411431094,-1.5116933625751394,-0.6009254455566406,-0.6009254455566406
2017-07-05,40.2599983215332,40.459999084472656,40.040000915527344,40.459999084472656,39.1518440246582,0.8742048836593675,0.0024553819585104,0.0009613037109303,0.0009613037109303946
2017-07-06,40.33000183105469,40.36000061035156,39.9900016784668,40.02000045776367,38.72607803344727,-0.1193077665165438,-1.0874736600983037,-0.4257659912109304,-0.4257659912109304
2017-07-07,40.22999954223633,40.43999862670898,40.130001068115234,40.33000183105469,39.02605438232422,-0.2154541520174385,0.7746107122385659,0.299976348876946,0.299976348876946
2017-07-10,40.54999923706055,40.810001373291016,40.54999923706055,40.790000915527344,39.47117614746094,-0.6240762903962408,1.1405758849614145,0.4451217651367187,0.44512176513671875
2017-07-11,40.900001525878906,41.0,40.80899810791016,40.880001068115234,39.55826568603516,-0.3116005375183331,0.2206408500442513,0.0870895385742258,0.08708953857422586
2017-07-12,41.27999877929688,41.630001068115234,41.233001708984375,41.547000885009766,40.203704833984375,-0.4397957181861927,1.631616393579827,0.6454391479492116,0.6454391479492116
2017-07-13,41.560001373291016,42.0099983215332,41.34000015258789,41.43999862670898,40.10016250610352,-0.6240762903962408,-0.2575442445128306,-0.1035423278808522,-0.10354232788085227
2017-07-14,41.540000915527344,41.88999938964844,41.540000915527344,41.7599983215332,40.409812927246094,-0.271539543559627,0.772192434620278,0.309650421142571,0.309650421142571
2017-07-18,41.470001220703125,41.7400016784668,41.35100173950195,41.70000076293945,40.35176086425781,-0.6160640916044995,-0.1436583314374573,-0.0580520629882812,-0.05805206298828125
2017-07-19,42.08000183105469,42.45000076293945,42.08000183105469,42.26800155639648,40.90139389038086,-0.1433443628917675,1.362104191616309,0.5496330261230469,0.5496330261230469
2017-07-20,42.36000061035156,42.527000427246094,42.22999954223633,42.36000061035156,40.990421295166016,-0.271539543559627,0.2176634982752778,0.0890274047851562,0.08902740478515625
2017-07-21,42.130001068115234,42.20000076293945,42.130001068115234,42.20000076293945,40.83558654785156,-0.6080518928127583,-0.377733973992389,-0.1548347473144531,-0.15483474731445312
2017-07-24,42.34000015258789,42.5,42.30099868774414,42.30099868774414,40.93332290649414,-0.3516615314770392,0.2393411406691692,0.0977363586425781,0.09773635864257812
2017-07-25,42.52000045776367,42.630001068115234,42.34700012207031,42.459999084472656,41.087188720703125,0.2572655766952935,0.3758937786713989,0.1538658142089843,0.15386581420898438
2017-07-26,42.400001525878906,42.59999847412109,42.34400177001953,42.59000015258789,41.21297836303711,-0.2795517423513682,0.3061529548518349,0.1257896423339843,0.12578964233398438
2017-07-27,42.650001525878906,43.0,42.47100067138672,42.65999984741211,41.28071594238281,0.5857657271566836,0.164359825560334,0.0677375793457031,0.06773757934570312
2017-07-28,42.18999862670898,42.38999938964844,41.58000183105469,42.290000915527344,40.92268371582031,0.6178145223236485,-0.8673110879719781,-0.3580322265625,-0.3580322265625
2017-07-31,42.470001220703125,42.5,42.24100112915039,42.34000015258789,40.97106170654297,0.0489484081100217,0.1182180305148383,0.0483779907226562,0.04837799072265625
2017-08-01,42.41999816894531,42.41999816894531,42.209999084472656,42.34000015258789,40.97106170654297,-0.3997347242274865,0.0,0.0,0.0
2017-08-02,42.2400016784668,42.470001220703125,42.130001068115234,42.20000076293945,40.83558654785156,-0.0952711701413201,-0.3306606005520462,-0.1354751586914062,-0.13547515869140625
2017-08-03,42.380001068115234,42.61000061035156,42.25,42.52799987792969,41.15298843383789,0.0008752153595744,0.7772678509573749,0.3174018859863281,0.3174018859863281
2017-08-04,42.52999877929688,42.540000915527344,42.27000045776367,42.369998931884766,41.00009536743164,-0.0792467725578377,-0.3715236055142346,-0.15289306640625,-0.15289306640625
2017-08-07,42.63999938964844,42.93000030517578,42.630001068115234,42.81999969482422,41.435543060302734,0.3293753658209645,1.0620650731875791,0.4354476928710937,0.43544769287109375
2017-08-08,43.02999877929688,43.459999084472656,43.02999877929688,43.29499816894531,41.89519119262695,0.3614241609879294,1.1093088164797926,0.4596481323242187,0.45964813232421875
2017-08-09,42.79999923706055,42.84999847412109,42.37699890136719,42.83000183105469,41.44522476196289,-0.2475029471844033,-1.0740288273066834,-0.4499664306640625,-0.4499664306640625
2017-08-10,42.720001220703125,42.720001220703125,41.7599983215332,41.7599983215332,40.409812927246094,0.5697413295732011,-2.498265700484425,-1.0354118347167969,-1.0354118347167969
2017-08-11,41.68999862670898,41.89699935913086,41.52799987792969,41.77000045776367,40.41949844360352,-0.2795517423513682,0.0239682286450326,0.0096855163574289,0.00968551635742898
2017-08-14,42.38999938964844,42.72499847412109,42.38999938964844,42.59999847412109,41.222652435302734,0.0809972032769866,1.9870459125558737,0.8031539916992116,0.8031539916992116
2017-08-15,42.59000015258789,42.637001037597656,42.507999420166016,42.5099983215332,41.13557052612305,-0.776308067439324,-0.2112477097788834,-0.0870819091796875,-0.0870819091796875
2017-08-16,42.720001220703125,43.0,42.68000030517578,42.869998931884766,41.48392868041992,-0.1032833689330614,0.8468538295236527,0.348358154296875,0.348358154296875
2017-08-17,43.130001068115234,43.369998931884766,42.75,42.75,41.3678092956543,-0.0151491822239079,-0.2799141461749532,-0.116119384765625,-0.116119384765625
2017-08-18,42.77000045776367,43.15499877929688,42.77000045776367,43.040000915527344,41.648433685302734,-0.3276249351018155,0.6783641542215113,0.2806243896484375,0.2806243896484375
2017-08-21,43.0099983215332,43.119998931884766,42.84000015258789,42.92399978637695,41.53618621826172,-0.3756981278522629,-0.2695118570104293,-0.1122474670410156,-0.11224746704101562
2017-08-22,43.150001525878906,43.58000183105469,43.02000045776367,43.5099983215332,42.10323715209961,0.7059487090328019,1.365197398861295,0.5670509338378906,0.5670509338378906
2017-08-23,43.56999969482422,43.70000076293945,43.4900016784668,43.65999984741211,42.248382568359375,0.7379975041997668,0.3447369515446663,0.1451454162597656,0.14514541625976562
2017-08-24,43.65999984741211,43.84000015258789,43.54499816894531,43.560001373291016,42.151615142822266,0.5617291307814599,-0.2290440950740269,-0.0967674255371093,-0.09676742553710938
2017-08-25,43.709999084472656,43.7400016784668,43.34999847412109,43.53099822998047,42.1235580444336,-0.5920274952292759,-0.0665623328871212,-0.0280570983886647,-0.02805709838866477
2017-08-28,43.59999847412109,43.7400016784668,43.369998931884766,43.52399826049805,42.11678314208984,-0.6961860795219117,-0.0160834047698843,-0.0067749023437642,-0.006774902343764211
2017-08-29,43.040000915527344,43.43000030517578,43.0,43.29600143432617,41.89615631103516,-0.1753931580587324,-0.5238453998500869,-0.2206268310546733,-0.2206268310546733
2017-08-30,43.22999954223633,43.59000015258789,43.22999954223633,43.54999923706055,42.141937255859375,-0.4958811097283812,0.5866431827290963,0.2457809448242116,0.24578094482421164
2017-08-31,43.88999938964844,44.13999938964844,43.70000076293945,44.13800048828125,42.7109260559082,0.2572655766952935,1.3501723866994553,0.5689888000488281,0.5689888000488281
2017-09-01,44.5,44.680999755859375,44.391998291015625,44.560001373291016,43.119285583496094,0.5136559380310126,0.95610085122797,0.4083595275878906,0.4083595275878906
2017-09-05,44.04999923706055,44.06900024414063,43.35900115966797,43.68999862670898,42.27741241455078,0.5136559380310126,-1.9524283799069675,-0.8418731689453125,-0.8418731689453125
2017-09-06,43.93999862670898,44.15999984741211,43.85300064086914,43.88999938964844,42.470951080322266,-0.6080518928127583,0.4577826662467865,0.1935386657714843,0.19353866577148438
2017-09-07,44.119998931884766,44.40999984741211,44.119998931884766,44.36000061035156,42.92575073242188,-0.5679908988540522,1.070848757870957,0.4547996520996165,0.4547996520996165
2017-09-08,44.18999862670898,44.22999954223633,44.04199981689453,44.04999923706055,42.62578201293945,-0.7923324650228064,-0.6988083245236365,-0.299968719482429,-0.299968719482429
2017-09-11,44.4900016784668,44.619998931884766,44.33000183105469,44.5,43.06122589111328,3.013461961054273,1.021550473940036,0.4354438781738281,0.4354438781738281
2017-09-12,44.630001068115234,44.75,44.47999954223633,44.47999954223633,43.041873931884766,-0.2555151459761446,-0.0449405673620395,-0.0193519592285156,-0.019351959228515625
2017-09-13,44.380001068115234,44.56999969482422,44.09999847412109,44.45000076293945,43.01284790039063,-0.3035883387265919,-0.067436728103587,-0.0290260314941335,-0.02902603149413352
2017-09-14,44.25,44.70000076293945,44.22999954223633,44.47999954223633,43.041873931884766,-0.2074419532256972,0.067482235915528,0.0290260314941335,0.02902603149413352
2017-09-15,44.630001068115234,44.77000045776367,44.630001068115234,44.7599983215332,43.31281661987305,-0.559978700062311,0.6294862728724482,0.2709426879882812,0.27094268798828125
2017-09-18,44.93000030517578,45.13999938964844,44.81999969482422,44.959999084472656,43.5063591003418,0.5777535283649424,0.4468480592415336,0.19354248046875,0.19354248046875
2017-09-19,44.90999984741211,45.06999969482422,44.81999969482422,44.97999954223633,43.5838737487793,-0.343649332685298,0.1781685483235318,0.0775146484375,0.0775146484375
2017-09-20,44.970001220703125,45.09000015258789,44.650001525878906,45.08000183105469,43.6807746887207,0.1050337996522103,0.222332095811284,0.0969009399414062,0.09690093994140625
2017-09-21,44.790000915527344,46.0,44.20000076293945,44.20000076293945,42.82808303833008,0.3053387694457408,-1.9520982777139428,-0.852691650390625,-0.852691650390625
2017-09-22,44.20000076293945,44.27799987792969,44.01100158691406,44.119998931884766,42.75056457519531,-0.271539543559627,-0.1809991427012658,-0.0775184631347656,-0.07751846313476562
2017-09-25,44.04999923706055,44.04999923706055,43.29999923706055,43.380001068115234,42.03354644775391,1.0905342510363805,-1.677213235816366,-0.7170181274413991,-0.7170181274413991
2017-09-26,43.380001068115234,43.52999877929688,43.0009994506836,43.09999847412109,41.76222610473633,1.0504732570776745,-0.6454852515355269,-0.2713203430175852,-0.27132034301758523
2017-09-27,43.27999877929688,43.71099853515625,43.27999877929688,43.619998931884766,42.26608276367188,-0.5760030976457934,1.206488987612686,0.503856658935554,0.503856658935554
2017-09-28,43.83000183105469,44.15900039672852,43.83000183105469,44.119998931884766,42.75056457519531,3.630401268018348,1.1462661780898389,0.4844818115234304,0.4844818115234304
2017-09-29,44.45000076293945,44.58000183105469,44.18999862670898,44.41600036621094,43.037384033203125,0.0409362093182805,0.6709138484085164,0.2868194580078125,0.2868194580078125
2017-10-02,44.58000183105469,44.709999084472656,44.44599914550781,44.61000061035156,43.22535705566406,0.0249118117347981,0.4367668404657632,0.1879730224609375,0.1879730224609375
2017-10-03,44.70000076293945,44.900001525878906,44.70000076293945,44.83000183105469,43.43852996826172,-0.2154541520174385,0.4931663429017741,0.2131729125976562,0.21317291259765625
2017-10-04,44.59999847412109,44.624000549316406,44.45000076293945,44.61000061035156,43.22535705566406,0.0489484081100217,-0.4907461480704089,-0.2131729125976562,-0.21317291259765625
2017-10-05,44.61000061035156,44.77999877929688,44.59000015258789,44.69599914550781,43.30868911743164,-0.3997347242274865,0.1927851322552687,0.0833320617675781,0.08333206176757812
2017-10-06,44.709999084472656,45.04999923706055,44.709999084472656,44.95000076293945,43.554813385009766,0.2813021730705172,0.568302279735966,0.246124267578125,0.246124267578125
2017-10-09,44.88999938964844,44.91999816894531,44.7509994506836,44.77999877929688,43.390079498291016,-0.6000396940210171,-0.3782220010049353,-0.16473388671875,-0.16473388671875
2017-10-10,44.86000061035156,44.91999816894531,44.63999938964844,44.7400016784668,43.35132598876953,-0.6080518928127583,-0.089314216451275,-0.0387535095214843,-0.038753509521484375
2017-10-11,44.7599983215332,45.00199890136719,44.7599983215332,44.93999862670898,43.54511642456055,-0.6000396940210171,0.4470230872320124,0.1937904357910156,0.19379043579101562
2017-10-12,45.20000076293945,45.54800033569336,45.20000076293945,45.2599983215332,43.85517883300781,-0.4638323145614163,0.7120486380704172,0.3100624084472656,0.3100624084472656
2017-10-13,45.380001068115234,45.7400016784668,45.380001068115234,45.630001068115234,44.21369934082031,0.0409362093182805,0.8175100805715152,0.3585205078125,0.3585205078125
2017-10-16,45.84000015258789,45.959999084472656,45.757999420166016,45.86000061035156,44.436561584472656,0.1210581972356927,0.5040569935901962,0.2228622436523437,0.22286224365234375
2017-10-17,45.72999954223633,46.0,45.630001068115234,45.810001373291016,44.38811492919922,-0.1673809592669911,-0.1090243113912925,-0.0484466552734375,-0.0484466552734375
2017-10-18,45.84000015258789,45.84000015258789,45.52000045776367,45.630001068115234,44.21369934082031,-0.2394907483926621,-0.3929330827792676,-0.1744155883789062,-0.17441558837890625
2017-10-19,45.20000076293945,45.650001525878906,44.61000061035156,45.27000045776367,43.864871978759766,-0.127319965308285,-0.7889576472025484,-0.3488273620605469,-0.3488273620605469
2017-10-20,45.400001525878906,45.67499923706055,45.400001525878906,45.52000045776367,44.10710906982422,-0.5920274952292759,0.5522348068900174,0.2422370910644531,0.24223709106445312
2017-10-23,45.4900016784668,45.4900016784668,45.060001373291016,45.06999969482422,43.67108154296875,-0.48786891093664,-0.9885651906254234,-0.4360275268554687,-0.43602752685546875
2017-10-24,45.41999816894531,45.665000915527344,45.41999816894531,45.54999923706055,44.13617706298828,1.0504732570776745,1.0649965688665608,0.4650955200195312,0.46509552001953125
2017-10-25,45.45000076293945,45.5,44.72999954223633,45.0,43.6032600402832,0.7700462993667316,-1.2074381112449628,-0.5329170227050781,-0.5329170227050781
2017-10-26,45.04999923706055,45.08700180053711,44.58000183105469,44.59600067138672,43.21179962158203,0.6578755162823546,-0.8977778687637494,-0.3914604187011719,-0.3914604187011719
2017-10-27,44.66999816894531,45.29100036621094,44.619998931884766,45.27999877929688,43.87456130981445,-0.1433443628917675,1.5337516466252588,0.6627616882324219,0.6627616882324219
2017-10-30,44.66999816894531,45.40999984741211,44.66999816894531,45.27999877929688,43.87456130981445,-0.3756981278522629,0.0,0.0,0.0
2017-10-31,45.59999847412109,45.91999816894531,45.59999847412109,45.880001068115234,44.4559440612793,-0.1032833689330614,1.3251021414424802,0.5813827514648438,0.5813827514648438
2017-11-01,46.22999954223633,46.22999954223633,45.88999938964844,45.900001525878906,44.47532272338867,-0.0792467725578377,0.0435907110254207,0.019378662109375,0.019378662109375
2017-11-02,45.880001068115234,45.88999938964844,45.68399810791016,45.75,44.32997512817383,-0.4317835193944515,-0.32680503774829,-0.1453475952148437,-0.14534759521484375
2017-11-03,45.97999954223633,45.97999954223633,45.61000061035156,45.79999923706055,44.37842178344727,-0.3035883387265919,0.1092864481276434,0.0484466552734446,0.048446655273444605
2017-11-06,46.0,46.29999923706055,46.0,46.060001373291016,44.630348205566406,0.9142658776180737,0.5676777406561584,0.2519264221191335,0.2519264221191335
2017-11-07,46.34000015258789,46.34000015258789,45.97999954223633,46.04999923706055,44.62066268920898,0.273289974278776,-0.021701637443694,-0.0096855163574289,-0.00968551635742898
2017-11-08,46.52999877929688,47.36000061035156,46.52999877929688,47.11000061035156,45.64776611328125,2.4606202444241294,2.301856050920259,1.0271034240722727,1.0271034240722727
2017-11-09,46.47999954223633,46.68999862670898,46.25,46.68000030517578,45.23110961914063,1.28282702203817,-0.9127642590584296,-0.4166564941406179,-0.4166564941406179
2017-11-10,46.709999084472656,46.709999084472656,46.33000183105469,46.36000061035156,44.92103958129883,0.89022928124285,-0.685523836254931,-0.310070037841804,-0.310070037841804
2017-11-13,46.43000030517578,46.935001373291016,46.380001068115234,46.75,45.29893493652344,0.7540219017832492,0.8412435659256978,0.3778953552246094,0.3778953552246094
2017-11-14,46.59999847412109,46.83000183105469,46.5369987487793,46.61000061035156,45.16328430175781,0.7540219017832492,-0.2994565654925618,-0.135650634765625,-0.135650634765625
2017-11-15,46.22999954223633,46.5,45.83700180053711,46.09000015258789,44.659423828125,0.1611191911943988,-1.115641790500166,-0.5038604736328125,-0.5038604736328125
2017-11-16,46.65999984741211,47.34999847412109,46.59999847412109,47.16999816894531,45.70589065551758,0.8661926848676264,2.3432161404947305,1.046466827392578,1.0464668273925781
2017-11-17,47.369998931884766,47.70000076293945,46.89500045776367,46.93000030517578,45.47334671020508,0.9863756667437448,-0.5087833143109899,-0.2325439453125,-0.2325439453125
2017-11-20,46.959999084472656,47.45899963378906,46.959999084472656,47.22999954223633,45.76403427124024,1.138607443786828,0.6392482235531682,0.2906875610351633,0.29068756103516336
2017-11-21,47.5,47.86800003051758,47.5,47.63999938964844,46.16130828857422,0.7860706969502141,0.8680922118433854,0.3972740173339772,0.39727401733397727
2017-11-22,47.77000045776367,47.85900115966797,47.70000076293945,47.83000183105469,46.34541320800781,0.0729850044852454,0.3988295095162186,0.1841049194335937,0.18410491943359375
2017-11-24,48.0,48.09999847412109,47.720001220703125,47.720001220703125,46.23883056640625,0.5457047331979775,-0.2299745200742942,-0.1065826416015625,-0.1065826416015625
2017-11-27,47.70000076293945,47.79399871826172,47.39699935913086,47.5099983215332,46.03534698486328,2.556766629925024,-0.4400707782839186,-0.2034835815429687,-0.20348358154296875
2017-11-28,47.93000030517578,47.93000030517578,47.27999877929688,47.49800109863281,46.02372360229492,0.5937779259484248,-0.0252488214592561,-0.0116233825683593,-0.011623382568359375
2017-11-29,47.68000030517578,47.68000030517578,46.70000076293945,46.83300018310547,45.37935256958008,1.002400064327227,-1.4000845265868755,-0.6443710327148438,-0.6443710327148438
2017-11-30,46.720001220703125,46.83000183105469,46.43999862670898,46.560001373291016,45.114837646484375,0.7940828957419553,-0.582897084505829,-0.2645149230957031,-0.2645149230957031
2017-12-01,46.720001220703125,46.720001220703125,45.810001373291016,46.369998931884766,44.93072509765625,0.7860706969502141,-0.4080975537822273,-0.184112548828125,-0.184112548828125
2017-12-04,46.47999954223633,46.47999954223633,45.40999984741211,45.45000076293945,44.03927993774414,2.051998106045327,-1.9840435647868304,-0.8914451599121094,-0.8914451599121094
2017-12-05,45.20000076293945,45.560001373291016,44.7400016784668,45.220001220703125,43.81642532348633,0.2813021730705172,-0.5060360082472903,-0.2228546142578125,-0.2228546142578125
2017-12-06,45.22999954223633,45.59000015258789,45.02000045776367,45.5099983215332,44.09741973876953,0.1210581972356927,0.6412992689583508,0.2809944152832031,0.2809944152832031
2017-12-07,45.41999816894531,45.86000061035156,45.41999816894531,45.65999984741211,44.24276351928711,0.1771435887778813,0.3295970180989815,0.1453437805175781,0.14534378051757812
2017-12-08,46.11000061035156,46.30500030517578,46.0099983215332,46.09000015258789,44.659423828125,0.746009702991508,0.9417592295206668,0.4166603088378906,0.4166603088378906
2017-12-11,46.54999923706055,48.18999862670898,46.54999923706055,47.380001068115234,45.90938186645508,1.4110222027060293,2.798867363673629,1.249958038330078,1.2499580383300781
2017-12-12,47.43999862670898,47.61000061035156,47.220001220703125,47.29999923706055,45.83186340332031,0.2652777754870347,-0.1688510277926602,-0.0775184631347656,-0.07751846313476562
2017-12-13,47.470001220703125,47.77000045776367,47.470001220703125,47.709999084472656,46.2291374206543,-0.0231613810156491,0.8668074737393283,0.3972740173339844,0.3972740173339844
2017-12-14,47.72999954223633,47.88899993896485,47.470001220703125,47.52000045776367,46.04503631591797,-0.1914175556422148,-0.3982360801178974,-0.1841011047363281,-0.18410110473632812
2017-12-15,47.68999862670898,48.0099983215332,47.68199920654297,47.9900016784668,46.50045394897461,-0.055210176182614,0.9890699834222972,0.4554176330566406,0.4554176330566406
2017-12-18,48.47999954223633,48.47999954223633,47.875,48.060001373291016,46.56827926635742,3.5502792801009355,0.1458594736671647,0.0678253173828125,0.0678253173828125
2017-12-19,47.880001068115234,47.9900016784668,47.505001068115234,47.52000045776367,46.04503631591797,-0.1753931580587324,-1.1236037892803583,-0.5232429504394531,-0.5232429504394531
2017-12-20,47.5,47.52000045776367,47.16400146484375,47.33000183105469,45.86093521118164,-0.3276249351018155,-0.399828340829611,-0.1841011047363281,-0.18410110473632812
2017-12-21,47.310001373291016,47.54999923706055,47.310001373291016,47.470001220703125,45.99658966064453,-0.5920274952292759,0.2957952096664051,0.1356544494628906,0.13565444946289062
2017-12-22,47.650001525878906,47.68000030517578,47.369998931884766,47.68000030517578,46.20006561279297,-0.199429754433956,0.4423718228887097,0.2034759521484375,0.2034759521484375
2017-12-26,47.369998931884766,47.5099983215332,47.2599983215332,47.27000045776367,45.92704772949219,0.9062536788263325,-0.5909469600951844,-0.2730178833007812,-0.27301788330078125
2017-12-27,47.5,47.900001525878906,47.5,47.68899917602539,46.33414459228516,0.4014851549466355,0.8863989368329328,0.4070968627929758,0.40709686279297586
2017-12-28,47.9900016784668,47.9900016784668,47.72999954223633,47.84000015258789,46.48086166381836,0.6658877150740958,0.3166500057877996,0.146717071533196,0.14671707153319602
2017-12-29,48.130001068115234,48.47999954223633,47.91999816894531,47.91999816894531,46.5585823059082,0.4816071428640477,0.1672099855892783,0.0777206420898437,0.07772064208984375
2018-01-02,48.25,48.84000015258789,48.25,48.84000015258789,47.452449798583984,1.002400064327227,1.9198769558804951,0.8938674926757812,0.8938674926757812
2018-01-03,49.09000015258789,49.46500015258789,49.09000015258789,49.38999938964844,47.98682022094727,1.755546750750902,1.1261176707029197,0.5343704223632884,0.5343704223632884
2018-01-04,49.68000030517578,49.93899917602539,49.45000076293945,49.7599983215332,48.346309661865234,1.6754247628334895,0.7491420337141674,0.3594894409179616,0.35948944091796164
2018-01-05,49.59000015258789,49.95299911499024,49.56999969482422,49.85100173950195,48.43472671508789,0.4655827452805652,0.1828827346720851,0.0884170532226562,0.08841705322265625
2018-01-08,50.16999816894531,50.290000915527344,49.959999084472656,50.25,48.822383880615234,1.795607744709608,0.8003702958988335,0.3876571655273437,0.38765716552734375
2018-01-09,50.5,50.59000015258789,49.95399856567383,50.11000061035156,48.68636703491211,0.8501682872841438,-0.2785952567079142,-0.136016845703125,-0.136016845703125
2018-01-12,50.45000076293945,50.60200119018555,50.22999954223633,50.5,49.06528854370117,3.5502792801009355,0.7782907862427857,0.3789215087890625,0.3789215087890625
2018-01-16,50.68000030517578,50.68999862670898,49.77000045776367,49.810001373291016,48.39488983154297,3.213766930847804,-1.3663400991947627,-0.6703987121582031,-0.6703987121582031
2018-01-17,50.0099983215332,50.68899917602539,50.0099983215332,50.290000915527344,48.86125564575195,1.3469246123720997,0.9636674777695476,0.4663658142089844,0.4663658142089844
2018-01-18,50.310001373291016,50.310001373291016,50.02999877929688,50.220001220703125,48.793243408203125,1.4350587990812531,-0.1391946167776048,-0.0680122375488281,-0.06801223754882812
2018-01-19,50.27000045776367,50.810001373291016,50.255001068115234,50.79999923706055,49.35676574707031,2.420559250465423,1.154918795114268,0.5635223388671875,0.5635223388671875
2018-01-22,50.79999923706055,50.9900016784668,50.650001525878906,50.880001068115234,49.43448638916016,2.100071298795774,0.1574670481613971,0.0777206420898508,0.07772064208985086
2018-01-23,51.18999862670898,51.25,51.09999847412109,51.2400016784668,49.78426361083984,1.178668437745534,0.7075571068467124,0.3497772216796733,0.3497772216796733
2018-01-24,51.77000045776367,51.89599990844727,51.25400161743164,51.47999954223633,50.01744842529297,1.539217383373889,0.4683906068711163,0.2331848144531321,0.2331848144531321
2018-01-25,51.59999847412109,51.869998931884766,51.09999847412109,51.13999938964844,49.68710708618164,4.151194189481527,-0.6604522012048086,-0.3303413391113281,-0.3303413391113281
2018-01-29,51.88999938964844,51.93000030517578,51.400001525878906,51.61000061035156,50.14374923706055,4.255352773774163,0.9190354956404744,0.4566421508789062,0.45664215087890625
2018-01-30,51.060001373291016,51.060001373291016,50.6619987487793,50.880001068115234,49.43448638916016,1.138607443786828,-1.414459147335112,-0.7092628479003835,-0.7092628479003835
2018-01-31,51.59999847412109,51.77899932861328,51.42499923706055,51.54999923706055,50.08545684814453,2.380498256506717,1.3168346766258887,0.6509704589843679,0.6509704589843679
2018-02-01,51.54999923706055,51.58000183105469,51.180999755859375,51.25,49.793975830078125,1.2988514196216523,-0.5819673741824016,-0.2914810180664062,-0.29148101806640625
2018-02-06,46.72999954223633,49.0099983215332,45.97999954223633,48.52000045776367,47.14154052734375,3.6384134668100887,-5.326819677516426,-2.652435302734375,-2.652435302734375
2018-02-07,48.45000076293945,48.66999816894531,48.09999847412109,48.130001068115234,46.76261901855469,1.4911441906234415,-0.8037953459948399,-0.3789215087890625,-0.3789215087890625
2018-02-08,48.459999084472656,48.68000030517578,46.38999938964844,46.38999938964844,45.072052001953125,2.084046901212292,-3.615210294211224,-1.6905670166015625,-1.6905670166015625
2018-02-09,46.43000030517578,47.02000045776367,45.29999923706055,46.97999954223633,45.645286560058594,2.2843518710058226,1.271818194744334,0.5732345581054688,0.5732345581054688
2018-02-12,47.2400016784668,47.93999862670898,47.2400016784668,47.75199890136719,46.395355224609375,1.0264366607024509,1.6432554620154916,0.7500686645507812,0.7500686645507812
2018-02-13,47.81999969482422,48.0,47.72999954223633,48.0,46.63631439208984,0.1210581972356927,0.5193605401099477,0.2409591674804616,0.24095916748046164
2018-02-14,47.88999938964844,49.20000076293945,47.88999938964844,49.09000015258789,47.695343017578125,0.89022928124285,2.2708240119161616,1.0590286254882884,1.0590286254882884
2018-02-15,49.650001525878906,49.79999923706055,49.310001373291016,49.77999877929688,48.3657455444336,1.0504732570776745,1.4055932601394705,0.6704025268554759,0.6704025268554759
2018-02-16,50.11000061035156,50.11000061035156,49.470001220703125,49.69900131225586,48.28704833984375,0.2572655766952935,-0.1627126878826934,-0.0786972045898508,-0.07869720458985086
2018-02-20,49.400001525878906,49.70000076293945,49.20000076293945,49.369998931884766,47.96738815307617,0.8421560884924026,-0.6619998483191836,-0.3196601867675781,-0.3196601867675781
2018-02-21,49.83000183105469,50.38800048828125,49.69100189208984,49.69100189208984,48.27927017211914,0.6899243114493194,0.6501959582366101,0.3118820190429687,0.31188201904296875
2018-02-22,49.130001068115234,49.29999923706055,48.720001220703125,48.72999954223633,47.3455696105957,1.3148758172051347,-1.9339574898185607,-0.9337005615234376,-0.9337005615234375
2018-02-23,49.59999847412109,49.81999969482422,49.5099983215332,49.810001373291016,48.39488983154297,0.0649728056935042,2.2163007638890786,1.0493202209472656,1.0493202209472656
2018-02-26,50.040000915527344,50.25,49.84000015258789,50.25,48.822383880615234,0.5777535283649424,0.8833454328759149,0.4274940490722656,0.4274940490722656
2018-02-27,50.34000015258789,50.34000015258789,49.33100128173828,49.34000015258789,47.9382438659668,0.1050337996522103,-1.8109316759509664,-0.8841400146484375,-0.8841400146484375
2018-02-28,49.2400016784668,49.56999969482422,49.07799911499024,49.09999847412109,47.705055236816406,1.2347538292877225,-0.4864354852096242,-0.2331886291503906,-0.23318862915039062
2018-03-01,49.16999816894531,49.18999862670898,48.26800155639648,48.5099983215332,47.13181686401367,-0.0952711701413201,-1.2016302464321171,-0.5732383728027344,-0.5732383728027344
2018-03-02,47.959999084472656,49.04999923706055,47.58000183105469,49.04999923706055,47.65647888183594,0.9062536788263325,1.1131801248741136,0.5246620178222656,0.5246620178222656
2018-03-05,48.7400016784668,49.400001525878906,48.540000915527344,49.369998931884766,47.96738815307617,0.1450947936109164,0.6523966489658806,0.3109092712402344,0.3109092712402344
2018-03-06,49.869998931884766,50.14500045776367,49.58200073242188,49.9900016784668,48.56977844238281,0.1050337996522103,1.255832999254114,0.6023902893066406,0.6023902893066406
2018-03-07,49.93999862670898,50.310001373291016,49.81100082397461,50.152000427246094,48.727176666259766,0.0409362093182805,0.3240661763851182,0.1573982238769531,0.15739822387695312
2018-03-08,50.65999984741211,50.70000076293945,50.2400016784668,50.67900085449219,49.239200592041016,1.8597053350435375,1.0507974416170018,0.51202392578125,0.51202392578125
2018-03-09,50.84999847412109,51.02899932861328,50.560001373291016,51.02899932861328,49.57925796508789,0.8822170824511087,0.6906232614626084,0.340057373046875,0.340057373046875
2018-03-12,51.18000030517578,51.34999847412109,50.869998931884766,50.959999084472656,49.51221466064453,2.3244128649645286,-0.1352245015255548,-0.0670433044433593,-0.06704330444335938
2018-03-13,51.4900016784668,51.4900016784668,50.34000015258789,50.749000549316406,49.30720901489258,1.2267416304959813,-0.4140506482229855,-0.2050056457519531,-0.20500564575195312
2018-03-14,50.970001220703125,50.970001220703125,50.310001373291016,50.459999084472656,49.02642059326172,0.4896193416557889,-0.569467279208713,-0.2807884216308594,-0.2807884216308594
2018-03-15,50.900001525878906,50.900001525878906,50.435001373291016,50.5099983215332,49.07500076293945,-0.0872589713495789,0.0990897746355301,0.0485801696777343,0.048580169677734375
2018-03-16,50.40999984741211,50.58599853515625,50.40999984741211,50.5,49.06528854370117,-0.7362470734806179,-0.0197905636012074,-0.0097122192382812,-0.00971221923828125
2018-03-19,50.5,50.5,49.40800094604492,49.7599983215332,48.346309661865234,0.6258267211153897,-1.4653513780838343,-0.7189788818359375,-0.7189788818359375
2018-03-20,49.93999862670898,50.19900131225586,49.7599983215332,50.11000061035156,48.68636703491211,1.3869856063308057,0.7033781387353777,0.340057373046875,0.340057373046875
2018-03-21,50.15999984741211,50.27999877929688,50.11600112915039,50.119998931884766,48.69607925415039,-0.127319965308285,0.0199485396626952,0.0097122192382812,0.00971221923828125
2018-03-22,49.790000915527344,49.970001220703125,49.2400016784668,49.290000915527344,47.88966751098633,0.6418511186988721,-1.6560095915634343,-0.8064117431640625,-0.8064117431640625
2018-03-23,49.09999847412109,49.290000915527344,48.3489990234375,48.36000061035156,46.986083984375,-0.2475029471844033,-1.8868026728396825,-0.903583526611328,-0.9035835266113281
2018-03-26,49.27999877929688,49.290000915527344,48.68999862670898,49.290000915527344,47.88966751098633,0.5777535283649424,1.9230875399444125,0.903583526611328,0.9035835266113281
2018-03-27,49.650001525878906,49.650001525878906,48.20000076293945,48.29999923706055,46.92778778076172,0.9222780764098149,-2.008532905357807,-0.9618797302246094,-0.9618797302246094
2018-03-28,48.5,48.5,47.77999877929688,48.130001068115234,46.76261901855469,-0.1353321641000263,-0.3519636659172431,-0.1651687622070312,-0.16516876220703125
2018-03-29,48.130001068115234,48.790000915527344,48.09999847412109,48.58000183105469,47.19983673095703,0.0649728056935042,0.9349726802702518,0.4372177124023437,0.43721771240234375
2018-04-02,48.97999954223633,48.97999954223633,47.29999923706055,47.68999862670898,46.33511352539063,0.930290275201556,-1.8320470269746705,-0.8647232055663991,-0.8647232055663991
2018-04-03,47.90999984741211,48.02999877929688,47.56499862670898,48.02999877929688,46.66545867919922,-0.6481128867714644,0.7129477596457434,0.3303451538085866,0.33034515380858664
2018-04-04,47.130001068115234,48.0,46.845001220703125,48.0,46.63631439208984,0.0489484081100217,-0.0624536604466596,-0.0291442871093821,-0.029144287109382105
2018-04-05,48.33000183105469,48.33000183105469,47.92300033569336,48.02000045776367,46.65574645996094,-0.2234663508091797,0.0416672460600731,0.0194320678711008,0.019432067871100855
2018-04-06,47.54999923706055,48.02000045776367,46.86000061035156,47.18999862670898,45.84931945800781,-0.4478079169779339,-1.7284623291692114,-0.806427001953125,-0.806427001953125
2018-04-09,47.36000061035156,47.93000030517578,47.20000076293945,47.43000030517578,46.08250427246094,-0.0632223749743553,0.5085894779020439,0.233184814453125,0.233184814453125
2018-04-10,47.77000045776367,47.88100051879883,47.60599899291992,47.790000915527344,46.43228149414063,-0.3276249351018155,0.7590239011570521,0.3497772216796946,0.3497772216796946
2018-04-11,47.459999084472656,47.77999877929688,47.459999084472656,47.54999923706055,46.1990966796875,-0.3116005375183331,-0.50220408506646,-0.2331848144531321,-0.2331848144531321
2018-04-12,47.59000015258789,47.75,47.52000045776367,47.709999084472656,46.35455322265625,-0.2394907483926621,0.3364926029757242,0.15545654296875,0.15545654296875
2018-04-13,47.959999084472656,47.959999084472656,47.37200164794922,47.5,46.1505126953125,-0.7522714710641003,-0.440173646726083,-0.20404052734375,-0.20404052734375
2018-04-16,47.65999984741211,47.790000915527344,47.290000915527344,47.59000015258789,46.23796081542969,1.4270466002895117,0.1894846124343763,0.0874481201171875,0.0874481201171875
2018-04-17,47.9900016784668,48.4900016784668,47.970001220703125,48.459999084472656,47.08324432373047,-0.2795517423513682,1.828115888749804,0.8452835083007812,0.8452835083007812
2018-04-18,48.58000183105469,48.59999847412109,48.380001068115234,48.380001068115234,47.005516052246094,1.7074735580004543,-0.1650869063948512,-0.077728271484375,-0.077728271484375
2018-04-19,48.34000015258789,48.34000015258789,47.83100128173828,47.94400024414063,46.58190536499024,-0.7522714710641003,-0.9011935679740568,-0.4236106872558522,-0.42361068725585227
2018-04-20,47.9900016784668,47.9900016784668,47.52000045776367,47.61100006103516,46.25836563110352,-0.0311735798073904,-0.694560970298741,-0.3235397338867187,-0.32353973388671875
2018-04-23,47.56999969482422,47.75199890136719,47.380001068115234,47.5099983215332,46.16023254394531,-0.5679908988540522,-0.2121412761116325,-0.0981330871582102,-0.09813308715821023
2018-04-24,47.63999938964844,47.90999984741211,46.95100021362305,47.13999938964844,45.800743103027344,-0.48786891093664,-0.7787860266425861,-0.3594894409179687,-0.35948944091796875
2018-04-25,46.84999847412109,46.90999984741211,46.27000045776367,46.72999954223633,45.40239334106445,1.4831319918317003,-0.8697451940175238,-0.3983497619628906,-0.3983497619628906
2018-04-26,46.869998931884766,47.33000183105469,46.869998931884766,47.220001220703125,45.87847137451172,-0.3196127363100743,1.048574752152276,0.4760780334472656,0.4760780334472656
2018-04-27,47.7400016784668,47.7400016784668,47.27999877929688,47.310001373291016,45.96591567993164,-0.3196127363100743,0.1905998669966546,0.0874443054199218,0.08744430541992188
2018-04-30,47.61000061035156,47.67900085449219,47.20000076293945,47.34000015258789,45.995059967041016,-0.0792467725578377,0.0634041260318074,0.029144287109375,0.029144287109375
2018-05-01,47.040000915527344,47.54999923706055,47.040000915527344,47.52000045776367,46.16994857788086,0.6578755162823546,0.3802334663008722,0.1748886108398437,0.17488861083984375
2018-05-02,47.77000045776367,48.04999923706055,47.77000045776367,47.84999847412109,46.49057388305664,0.0168996129430569,0.6944458788706198,0.3206253051757812,0.32062530517578125
2018-05-03,48.0,48.18000030517578,47.470001220703125,47.9900016784668,46.6265983581543,1.7154857567921955,0.2925850634578397,0.1360244750976562,0.13602447509765625
2018-05-04,47.83000183105469,48.540000915527344,47.83000183105469,48.40999984741211,47.034664154052734,-0.1593687604752499,0.8751781392327906,0.4080657958984375,0.4080657958984375
2018-05-07,48.619998931884766,48.970001220703125,48.619998931884766,48.790000915527344,47.40386962890625,0.1210581972356927,0.7849646244826092,0.3692054748535156,0.3692054748535156
2018-05-08,48.790000915527344,48.9900016784668,48.630001068115234,48.84999847412109,47.46216583251953,-0.2635273447678858,0.1229777317118596,0.0582962036132812,0.05829620361328125
2018-05-09,49.29999923706055,49.7400016784668,49.29999923706055,49.729000091552734,48.31619644165039,0.0249118117347981,1.7993924089863222,0.8540306091308594,0.8540306091308594
2018-05-10,50.02000045776367,50.36000061035156,50.02000045776367,50.2400016784668,48.81267166137695,0.4014851549466355,1.0275544357597255,0.4964752197265625,0.4964752197265625
2018-05-11,50.38999938964844,50.57899856567383,50.178001403808594,50.310001373291016,48.88068771362305,2.188205485504928,0.1393409742411533,0.0680160522460937,0.06801605224609375
2018-05-14,50.68999862670898,51.0,50.68999862670898,50.93000030517578,49.48306655883789,0.7860706969502141,1.2323452745673258,0.6023788452148438,0.6023788452148438
2018-05-15,50.58000183105469,50.630001068115234,50.369998931884766,50.630001068115234,49.191593170166016,-0.0792467725578377,-0.589036632006823,-0.291473388671875,-0.291473388671875
2018-05-16,50.75,50.79999923706055,50.459999084472656,50.75,49.30818557739258,0.1531069924026576,0.2370169366607832,0.1165924072265625,0.1165924072265625
2018-05-17,50.84000015258789,51.5099983215332,50.84000015258789,51.36000061035156,49.90085220336914,-0.0632223749743553,1.201963972181308,0.5926666259765625,0.5926666259765625
2018-05-21,52.25,52.5,51.79999923706055,52.209999084472656,50.72670364379883,0.8661926848676264,1.6549846424745551,0.8258514404296875,0.8258514404296875
2018-05-22,52.09000015258789,52.36000061035156,51.709999084472656,51.79999923706055,50.32835006713867,2.372486057714976,-0.7852936383514697,-0.3983535766601562,-0.39835357666015625
2018-05-23,51.72999954223633,52.209999084472656,51.72999954223633,52.150001525878906,50.66841125488281,-0.0391857785991316,0.675685150199623,0.3400611877441406,0.3400611877441406
2018-05-24,52.40999984741211,52.43000030517578,51.86199951171875,52.310001373291016,50.82386779785156,-0.3035883387265919,0.3068115599416332,0.15545654296875,0.15545654296875
2018-05-25,52.130001068115234,52.29899978637695,52.040000915527344,52.18999862670898,50.70727157592773,1.1225830462033457,-0.2294123351406218,-0.1165962219238352,-0.11659622192383523
2018-05-30,52.0099983215332,52.93899917602539,52.0099983215332,52.84999847412109,51.34851837158203,-0.2394907483926621,1.2646052049835044,0.641246795654304,0.641246795654304
2018-05-31,53.0,53.7400016784668,52.81100082397461,53.132999420166016,51.62348175048828,0.6658877150740958,0.5354845429355715,0.27496337890625,0.27496337890625
2018-06-01,53.290000915527344,53.86000061035156,53.19400024414063,53.75,52.22294998168945,-0.0151491822239079,1.1612316931635558,0.5994682312011719,0.5994682312011719
2018-06-04,53.709999084472656,53.709999084472656,53.47600173950195,53.68000030517578,52.15494537353516,0.1771435887778813,-0.1302197753633827,-0.0680046081542897,-0.06800460815428977
2018-06-05,53.68000030517578,54.2599983215332,53.21200180053711,54.2599983215332,52.71846389770508,2.0680225036288093,1.0804699729507483,0.5635185241699148,0.5635185241699148
2018-06-06,54.18000030517578,54.18000030517578,53.7599983215332,53.9900016784668,52.45613479614258,-0.0632223749743553,-0.4976038415525963,-0.2623291015625,-0.2623291015625
2018-06-07,54.150001525878906,54.65999984741211,53.57099914550781,53.81600189208984,52.28707504272461,0.5857657271566836,-0.3222878583696187,-0.1690597534179687,-0.16905975341796875
2018-06-08,53.83000183105469,54.10499954223633,53.68000030517578,54.06999969482422,52.53385925292969,-0.4397957181861927,0.4719793754066836,0.2467842102050781,0.24678421020507812
2018-06-11,54.08000183105469,55.0,54.0,54.0,52.46585464477539,3.830706237811878,-0.1294491002971631,-0.0680046081542968,-0.06800460815429688
2018-06-12,53.43000030517578,54.25,52.9900016784668,53.220001220703125,51.70801162719727,4.151194189481527,-1.444449962188088,-0.7578430175781179,-0.7578430175781179
2018-06-13,53.20000076293945,53.20000076293945,52.52000045776367,52.85499954223633,51.35337829589844,1.795607744709608,-0.6858382678793795,-0.3546333312988352,-0.35463333129883523
2018-06-14,52.869998931884766,53.08599853515625,52.77000045776367,52.84999847412109,51.34851837158203,0.6418511186988721,-0.0094636895909827,-0.0048599243164062,-0.00485992431640625
2018-06-15,52.56999969482422,52.7599983215332,52.25,52.44300079345703,50.953086853027344,0.9463146727850386,-0.770093336857669,-0.3954315185546875,-0.3954315185546875
2018-06-18,51.43999862670898,52.59999847412109,51.09000015258789,52.27000045776367,50.785003662109375,1.699461359208713,-0.329878327887767,-0.1680831909179687,-0.16808319091796875
2018-06-19,50.900001525878906,51.47999954223633,50.38999938964844,50.869998931884766,49.786720275878906,1.0184244619107097,-1.96570505906114,-0.9982833862304688,-0.9982833862304688
2018-06-20,51.06999969482422,51.63999938964844,50.97999954223633,51.0,49.9139518737793,0.6498633174906133,0.2555532824724649,0.1272315979003906,0.12723159790039062
2018-06-21,51.15999984741211,51.15999984741211,50.54999923706055,50.54999923706055,49.47353363037109,0.4495583476970828,-0.8823549866817326,-0.4404182434082102,-0.44041824340821023
2018-06-22,51.22999954223633,51.22999954223633,50.69200134277344,50.90700149536133,49.82293319702149,0.0249118117347981,0.7062353161608748,0.3493995666504048,0.34939956665040484
2018-06-25,50.47999954223633,50.47999954223633,49.43999862670898,49.68000030517578,48.622066497802734,1.0985464498281217,-2.4102689708572766,-1.200866699218757,-1.200866699218757
2018-06-26,49.7599983215332,49.84000015258789,49.52099990844727,49.709999084472656,48.65142440795898,0.3373875646127057,0.0603798075048178,0.0293579101562428,0.029357910156242895
2018-06-27,49.77999877929688,50.16299819946289,48.79999923706055,48.79999923706055,47.76079940795898,0.5857657271566836,-1.8306247162093392,-0.890625,-0.890625
2018-06-29,49.43000030517578,49.430999755859375,49.14099884033203,49.2400016784668,48.1914291381836,0.5056437392392714,0.9016384473515826,0.4306297302246236,0.4306297302246236
2018-07-02,48.5,49.24800109863281,48.08100128173828,49.167999267578125,48.12096405029297,0.5937779259484248,-0.1462191289006598,-0.0704650878906321,-0.0704650878906321
2018-07-03,48.93999862670898,48.97499847412109,48.52999877929688,48.58000183105469,47.54548645019531,-0.2234663508091797,-1.1958979032427597,-0.5754776000976562,-0.5754776000976562
2018-07-05,48.720001220703125,48.720001220703125,48.345001220703125,48.4900016784668,47.45740509033203,1.6674125640417483,-0.185257037922093,-0.0880813598632812,-0.08808135986328125
2018-07-06,48.88999938964844,49.4900016784668,48.540000915527344,49.45000076293945,48.39695739746094,1.467107594248218,1.979780195188785,0.9395523071289062,0.9395523071289062
2018-07-09,49.97999954223633,49.97999954223633,49.67300033569336,49.900001525878906,48.83738327026367,0.7860706969502141,0.910028019294118,0.4404258728027344,0.4404258728027344
2018-07-10,50.36000061035156,50.36000061035156,49.77999877929688,49.97999954223633,48.915672302246094,1.803619943501349,0.1603055420663635,0.0782890319824218,0.07828903198242188
2018-07-11,49.59999847412109,50.8759994506836,49.0,49.0,47.95654678344727,2.5968276238837302,-1.9607734569658144,-0.959125518798821,-0.959125518798821
2018-07-12,50.15999984741211,50.26499938964844,49.891998291015625,50.2400016784668,49.17013931274414,2.9653887683038263,2.530608667002165,1.213592529296868,1.213592529296868
2018-07-13,50.18000030517578,50.35900115966797,50.060001373291016,50.22999954223633,49.16034698486328,0.5136559380310126,-0.0199151924678786,-0.0097923278808593,-0.009792327880859375
2018-07-16,50.16999816894531,50.16999816894531,49.650001525878906,49.8849983215332,48.82269287109375,2.8612301840111902,-0.6868424136092788,-0.3376541137695312,-0.33765411376953125
2018-07-17,50.150001525878906,50.29999923706055,49.90999984741211,50.2599983215332,49.1897087097168,1.739522353167419,0.7517320676925232,0.3670158386230469,0.3670158386230469
2018-07-18,50.27999877929688,50.27999877929688,49.93999862670898,50.18000030517578,49.11141204833984,0.7780584981584729,-0.1591728502378653,-0.0782966613769602,-0.07829666137696023
2018-07-19,49.68000030517578,50.060001373291016,49.209999084472656,49.624000549316406,48.56725692749024,3.3499743103074047,-1.108001375146761,-0.5441551208495952,-0.5441551208495952
2018-07-20,49.77000045776367,49.94900131225586,49.65999984741211,49.8390007019043,48.77767562866211,0.1370825948191752,0.4332521836388991,0.2104187011718679,0.2104187011718679
2018-07-23,50.0,50.0,49.09999847412109,49.470001220703125,48.416534423828125,0.3534119621961882,-0.7403821526538179,-0.3611412048339844,-0.3611412048339844
2018-07-24,50.16999816894531,50.16999816894531,49.54600143432617,49.58000183105469,48.524192810058594,1.4991563894151827,0.2223587200357091,0.1076583862304687,0.10765838623046875
2018-07-25,49.75,49.97999954223633,49.4900016784668,49.97999954223633,48.915672302246094,1.587290576124336,0.8067717761321536,0.3914794921875,0.3914794921875
2018-07-26,49.97999954223633,49.98899841308594,49.6510009765625,49.790000915527344,48.72971725463867,2.2603152746305986,-0.3801543326613643,-0.1859550476074218,-0.18595504760742188
2018-07-27,49.900001525878906,49.9900016784668,49.0,49.15999984741211,48.113128662109375,1.21872943170424,-1.2653235587378742,-0.6165885925292969,-0.6165885925292969
2018-07-30,49.0099983215332,49.0099983215332,47.84000015258789,47.95000076293945,46.92890548706055,2.7330350033433306,-2.4613306346495056,-1.184223175048828,-1.1842231750488281
2018-07-31,48.18000030517578,48.18000030517578,47.75,47.88999938964844,46.87018585205078,0.8822170824511087,-0.1251246633611646,-0.0587196350097656,-0.058719635009765625
2018-08-01,47.86000061035156,48.220001220703125,47.75400161743164,47.77999877929688,46.76252365112305,0.3373875646127057,-0.2297029528911531,-0.1076622009277343,-0.10766220092773438
2018-08-02,47.650001525878906,48.0,47.619998931884766,48.0,46.97783660888672,0.6098023235319072,0.4604391314934952,0.2153129577636718,0.21531295776367188
2018-08-03,48.22999954223633,48.400001525878906,47.900001525878906,48.040000915527344,47.01698684692383,0.3934729561548943,0.0833376776437244,0.0391502380371093,0.039150238037109375
2018-08-06,47.959999084472656,47.959999084472656,47.7599983215332,47.84000015258789,46.82124328613281,0.2652777754870347,-0.4163251920594413,-0.1957435607910156,-0.19574356079101562
2018-08-07,48.06999969482422,48.2400016784668,47.9010009765625,48.00299835205078,46.980770111083984,0.0088874141513156,0.3407146281363626,0.1595268249511718,0.15952682495117188
2018-08-08,48.060001373291016,48.060001373291016,47.650001525878906,48.04100036621094,47.01796722412109,0.9703512691602622,0.0791751879527513,0.0371971130371022,0.03719711303710227
2018-08-09,48.08000183105469,48.08000183105469,47.65999984741211,47.709999084472656,46.69401168823242,-0.199429754433956,-0.6890037043593589,-0.3239555358886647,-0.32395553588866477
2018-08-10,47.400001525878906,47.400001525878906,47.0,47.11100006103516,46.10776901245117,1.1225830462033457,-1.2554986273089708,-0.58624267578125,-0.58624267578125
2018-08-13,46.810001373291016,46.91999816894531,46.39400100708008,46.45000076293945,45.460845947265625,2.0439859072535858,-1.4030673768033464,-0.6469230651855469,-0.6469230651855469
2018-08-14,46.38999938964844,46.45000076293945,45.95000076293945,46.150001525878906,45.167236328125,1.2427660280794637,-0.6458516400711267,-0.293609619140625,-0.293609619140625
2018-08-15,45.43000030517578,45.44499969482422,44.79999923706055,45.01800155639648,44.05933380126953,1.6754247628334895,-2.4528897867625243,-1.1079025268554688,-1.1079025268554688
2018-08-17,45.15999984741211,45.685001373291016,45.15999984741211,45.619998931884766,44.64851760864258,2.6929740093846246,1.3372508309603015,0.5891838073730469,0.5891838073730469
2018-08-20,45.81999969482422,46.040000915527344,45.5,45.95000076293945,44.971492767333984,0.2813021730705172,0.7233726358451209,0.3229751586914062,0.32297515869140625
2018-08-21,45.86000061035156,46.61000061035156,45.86000061035156,46.380001068115234,45.392337799072266,0.9543268715767798,0.93580400792026,0.4208450317382812,0.42084503173828125
2018-08-22,46.58000183105469,46.86000061035156,46.540000915527344,46.85100173950195,45.853309631347656,0.7540219017832492,1.015527850351905,0.4609718322753906,0.4609718322753906
2018-08-23,46.81999969482422,47.1349983215332,46.81999969482422,46.935001373291016,45.93551635742188,0.2973265706539996,0.1792819901881737,0.0822067260742258,0.08220672607422586
2018-08-27,47.95000076293945,48.19900131225586,47.95000076293945,48.08000183105469,47.05613708496094,2.26832747342234,2.4395518248223613,1.1206207275390554,1.1206207275390554
2018-08-28,47.959999084472656,47.959999084472656,47.61000061035156,47.68000030517578,46.66465377807617,0.9783634679520036,-0.8319495205863059,-0.3914833068847656,-0.3914833068847656
2018-08-29,47.58000183105469,47.94300079345703,47.58000183105469,47.900001525878906,46.87997055053711,2.8692423828029314,0.4614129861220561,0.2153167724609375,0.2153167724609375
2018-08-30,47.90999984741211,47.91400146484375,47.50299835205078,47.54399871826172,46.531551361083984,1.4590953954564767,-0.7432154614464337,-0.348419189453125,-0.348419189453125
2018-08-31,47.43000030517578,47.58000183105469,47.29999923706055,47.540000915527344,46.52762985229492,2.3644738589232346,-0.0084276338835787,-0.0039215087890625,-0.0039215087890625
2018-09-04,47.4900016784668,47.74100112915039,47.18999862670898,47.7400016784668,46.7233772277832,2.8692423828029314,0.4207121147363324,0.1957473754882812,0.19574737548828125
2018-09-05,47.25,47.25,46.650001525878906,46.880001068115234,45.88168716430664,0.2572655766952935,-1.8014324165250395,-0.8416900634765625,-0.8416900634765625
2018-09-06,46.790000915527344,46.810001373291016,46.400001525878906,46.73099899291992,45.73585891723633,0.5617291307814599,-0.3178354068543498,-0.1458282470703125,-0.1458282470703125
2018-09-07,46.29999923706055,46.87099838256836,46.2599983215332,46.43999862670898,45.45105743408203,-0.1513565616835087,-0.622709379241515,-0.2848014831542969,-0.2848014831542969
2018-09-10,46.54999923706055,46.56999969482422,46.26100158691406,46.36199951171875,45.37471771240234,-0.1032833689330614,-0.1679602763707155,-0.0763397216796946,-0.0763397216796946
2018-09-11,46.13999938964844,46.63999938964844,46.13999938964844,46.63999938964844,45.64680099487305,-0.0071369834321667,0.5996363089138201,0.2720832824707102,0.27208328247071023
2018-09-12,46.54999923706055,46.880001068115234,46.25,46.84700012207031,45.84939193725586,0.3453997634044469,0.4438228703158575,0.2025909423828125,0.2025909423828125
2018-09-13,47.06999969482422,47.369998931884766,47.02000045776367,47.060001373291016,46.05785369873047,0.5056437392392714,0.4546663601556311,0.2084617614746093,0.20846176147460938
2018-09-14,47.119998931884766,47.290000915527344,47.09999847412109,47.13999938964844,46.13615036010742,-0.1433443628917675,0.1699963308952723,0.0782966613769531,0.07829666137695312
2018-09-17,47.119998931884766,47.2400016784668,46.83000183105469,46.83000183105469,45.83275604248047,-0.5119055073118637,-0.6576064870147613,-0.3033943176269531,-0.3033943176269531
2018-09-18,47.040000915527344,47.22600173950195,47.040000915527344,47.14500045776367,46.14104843139648,-0.48786891093664,0.6726464117284614,0.3082923889160085,0.3082923889160085
2018-09-19,47.130001068115234,47.34999847412109,47.05500030517578,47.18000030517578,46.17529678344727,-0.1834053568504736,0.0742253442760798,0.0342483520507954,0.03424835205079546
2018-09-20,47.18999862670898,47.46500015258789,47.11000061035156,47.29999923706055,46.29274368286133,0.1130459984439515,0.2543500693993561,0.1174468994140554,0.1174468994140554
2018-09-21,47.47999954223633,47.650001525878906,47.34000015258789,47.400001525878906,46.39060974121094,-0.2795517423513682,0.2114069086508685,0.0978660583496093,0.09786605834960938
2018-09-24,47.18999862670898,47.29999923706055,47.0,47.01599884033203,46.01478958129883,0.0890094020687279,-0.8101211904922412,-0.3758201599121094,-0.3758201599121094
2018-09-25,47.470001220703125,47.74700164794922,47.209999084472656,47.54999923706055,46.64655685424805,0.3614241609879294,1.3729656892878197,0.6317672729492188,0.6317672729492188
2018-09-26,47.59000015258789,47.85900115966797,47.5099983215332,47.5099983215332,46.60731506347656,0.2412411791118111,-0.0841258035273684,-0.0392417907714843,-0.039241790771484375
2018-09-27,47.5,47.71500015258789,47.369998931884766,47.40999984741211,46.50921249389648,3.093583948971686,-0.2104874941765588,-0.0981025695800852,-0.09810256958008523
2018-09-28,47.380001068115234,47.63199996948242,47.27999877929688,47.29999923706055,46.40130233764648,0.0249118117347981,-0.2320188849986637,-0.10791015625,-0.10791015625
2018-10-01,47.66999816894531,47.84999847412109,47.5,47.59999847412109,46.69560241699219,0.1130459984439515,0.6342496105048667,0.2943000793457102,0.29430007934571023
2018-10-02,47.119998931884766,47.29999923706055,46.7400016784668,46.90999984741211,46.01871490478516,1.3148758172051347,-1.4495744292201462,-0.6768875122070241,-0.6768875122070241
2018-10-03,46.88999938964844,47.060001373291016,46.512001037597656,46.77000045776367,45.88137435913086,0.7379975041997668,-0.2984449825217172,-0.1373405456543039,-0.13734054565430398
2018-10-04,46.27999877929688,46.5,45.422000885009766,45.47299957275391,44.60901641845703,0.1050337996522103,-2.7731469652905405,-1.272357940673828,-1.2723579406738281
2018-10-05,45.400001525878906,45.61899948120117,44.83000183105469,45.150001525878906,44.29215621948242,0.0249118117347981,-0.7103052799960596,-0.3168601989746094,-0.3168601989746094
2018-10-08,44.63999938964844,45.0,44.09000015258789,44.75,43.89975357055664,1.2027050341207577,-0.8859416258294006,-0.3924026489257812,-0.39240264892578125
2018-10-09,44.13999938964844,44.7599983215332,44.0,44.4900016784668,43.64469909667969,1.539217383373889,-0.5809929512862189,-0.2550544738769531,-0.2550544738769531
2018-10-10,44.0099983215332,44.220001220703125,42.810001373291016,42.91999816894531,42.104522705078125,2.676949611801142,-3.5288968041452984,-1.5401763916015625,-1.5401763916015625
2018-10-11,42.52000045776367,43.1259994506836,42.0099983215332,42.34999847412109,41.545352935791016,0.8982414800345913,-1.3280515568453888,-0.5591697692871094,-0.5591697692871094
2018-10-12,43.380001068115234,43.72800064086914,43.06999969482422,43.63999938964844,42.81084060668945,0.4255217513218591,3.0460390428124877,1.2654876708984375,1.2654876708984375
2018-10-15,43.150001525878906,43.52000045776367,42.73099899291992,42.880001068115234,42.06528472900391,-0.3596737302687804,-1.7415118860549583,-0.7455558776855398,-0.7455558776855398
2018-10-16,43.630001068115234,44.20000076293945,43.630001068115234,44.16999816894531,43.33077239990234,1.7074735580004543,3.008389647309029,1.2654876708984233,1.2654876708984233
2018-10-17,43.880001068115234,43.93999862670898,43.41999816894531,43.59999847412109,42.77159881591797,-0.1353321641000263,-1.2904768436244771,-0.5591735839843679,-0.5591735839843679
2018-10-18,43.34000015258789,43.3489990234375,42.369998931884766,42.59999847412109,41.79059600830078,2.749059400926813,-2.2935846093555368,-0.9810028076171876,-0.9810028076171875
2018-10-19,42.970001220703125,43.220001220703125,42.39500045776367,42.45000076293945,41.64345550537109,0.1691313899861401,-0.3520899843124203,-0.1471405029296946,-0.1471405029296946
2018-10-22,42.66999816894531,42.83000183105469,42.5,42.77000045776367,41.95737457275391,0.9062536788263325,0.7538256937932086,0.3139190673828267,0.3139190673828267
2018-10-23,41.79999923706055,42.29999923706055,41.470001220703125,42.11000061035156,41.30991363525391,2.212242081880152,-1.5431397795810708,-0.6474609375,-0.6474609375
2018-10-24,41.869998931884766,42.0,40.459999084472656,40.459999084472656,39.69126129150391,0.4255217513218591,-3.918314518984234,-1.61865234375,-1.61865234375
2018-10-25,40.68000030517578,41.23899841308594,40.459999084472656,41.0,40.22100067138672,1.0985464498281217,1.3346499018820568,0.5297393798828054,0.5297393798828054
2018-10-26,40.0099983215332,40.59000015258789,39.57400131225586,40.150001525878906,39.38715362548828,3.5582914788926767,-2.073163352426577,-0.8338470458984375,-0.8338470458984375
2018-10-29,40.27999877929688,40.630001068115234,38.65499877929688,39.119998931884766,38.3767204284668,1.731510154375678,-2.565387706431299,-1.0104331970214844,-1.0104331970214844
2018-10-30,39.33000183105469,39.88999938964844,39.33000183105469,39.83000183105469,39.073238372802734,1.5953027749160775,1.8149491060191811,0.6965179443359375,0.6965179443359375
2018-10-31,40.560001373291016,41.0620002746582,40.560001373291016,40.970001220703125,40.19157409667969,0.0729850044852454,2.862152640655924,1.1183357238769531,1.1183357238769531
2018-11-01,41.38999938964844,42.06999969482422,41.29999923706055,41.959999084472656,41.16276168823242,0.3934729561548943,2.416396006826127,0.9711875915527344,0.9711875915527344
2018-11-02,42.84000015258789,43.02000045776367,42.17100143432617,42.52999877929688,41.72193145751953,1.354936811163841,1.3584359900880028,0.5591697692871094,0.5591697692871094
2018-11-05,42.43999862670898,42.43999862670898,41.91999816894531,42.25,41.4472541809082,-0.3917225254357454,-0.6583522550747678,-0.2746772766113281,-0.2746772766113281
2018-11-06,42.0099983215332,42.43999862670898,42.0099983215332,42.38999938964844,41.584590911865234,-0.5119055073118637,0.3313530260836694,0.1373367309570312,0.13733673095703125
2018-11-07,42.65999984741211,43.34999847412109,42.65999984741211,43.22999954223633,42.40863800048828,0.5937779259484248,1.981616436649669,0.8240470886230469,0.8240470886230469
2018-11-08,42.84000015258789,42.84000015258789,42.5,42.59999847412109,41.79059600830078,-0.2635273447678858,-1.4573493074226618,-0.6180419921875,-0.6180419921875
2018-11-09,41.810001373291016,41.94900131225586,41.36000061035156,41.720001220703125,40.92732620239258,-0.199429754433956,-2.065703503574668,-0.8632698059082031,-0.8632698059082031
2018-11-12,41.220001220703125,41.220001220703125,40.119998931884766,40.14500045776367,39.38224792480469,0.2652777754870347,-3.775175221433269,-1.5450782775878906,-1.5450782775878906
2018-11-13,40.36000061035156,40.8650016784668,40.2400016784668,40.43000030517578,39.66183090209961,0.0249118117347981,0.7099213275706173,0.2795829772949219,0.2795829772949219
2018-11-14,40.58000183105469,40.8390007019043,40.209999084472656,40.33000183105469,39.5637321472168,-0.1593687604752499,-0.2473379383946206,-0.0980987548828125,-0.0980987548828125
2018-11-15,40.27999877929688,41.18999862670898,40.27999877929688,41.0099983215332,40.23081207275391,0.2091923839448462,1.686089479766251,0.6670799255371165,0.6670799255371165
2018-11-16,40.4900016784668,41.0,40.33000183105469,40.869998931884766,40.09346771240234,0.0008752153595744,-0.3413909719326646,-0.1373443603515767,-0.1373443603515767
2018-11-19,40.869998931884766,40.91999816894531,40.0,40.119998931884766,39.357723236083984,0.2091923839448462,-1.8350731884704483,-0.7357444763183523,-0.7357444763183523
2018-11-20,39.040000915527344,39.52299880981445,38.5880012512207,39.09000015258789,38.347293853759766,0.6578755162823546,-2.567296325204693,-1.0104293823242188,-1.0104293823242188
2018-11-21,39.619998931884766,40.02999877929688,39.619998931884766,39.880001068115234,39.12228393554688,-0.2875639411431094,2.020977242208022,0.7749900817871165,0.7749900817871165
2018-11-23,39.43000030517578,39.630001068115234,39.36000061035156,39.540000915527344,38.78874588012695,-0.704198278313653,-0.8525526167373676,-0.333538055419929,-0.333538055419929
2018-11-26,40.18000030517578,40.45700073242188,40.1609992980957,40.369998931884766,39.602970123291016,-0.0872589713495789,2.099124951552556,0.8142242431640625,0.8142242431640625
2018-11-27,40.18999862670898,40.499000549316406,39.90999984741211,40.290000915527344,39.52449035644531,0.3213631670292233,-0.1981663663138899,-0.0784797668457031,-0.07847976684570312
2018-11-28,40.79999923706055,41.61000061035156,40.63999938964844,41.560001373291016,40.77037048339844,1.6433759676665247,3.1521725282662727,1.245880126953125,1.245880126953125
2018-11-29,41.470001220703125,41.88999938964844,41.38999938964844,41.560001373291016,40.77037048339844,-0.2635273447678858,0.0,0.0,0.0
2018-11-30,41.27999877929688,41.47999954223633,41.27000045776367,41.34000015258789,40.55454254150391,-0.632088489187982,-0.5293744926414323,-0.2158279418945241,-0.21582794189452414
2018-12-03,41.9900016784668,42.16999816894531,41.54999923706055,41.869998931884766,41.0744743347168,0.3694363597796706,1.28205562343795,0.5199317932128835,0.5199317932128835
2018-12-04,41.72999954223633,41.75,40.5,40.56999969482422,39.79917144775391,0.273289974278776,-3.1048550410418208,-1.2753028869628835,-1.2753028869628835
2018-12-06,39.09999847412109,40.130001068115234,38.79100036621094,40.11000061035156,39.34791564941406,1.683436961625231,-1.1338321425415463,-0.4512557983398508,-0.45125579833985086
2018-12-07,40.18999862670898,40.632999420166016,39.59000015258789,39.709999084472656,38.95551681518555,0.2652777754870347,-0.9972544358505476,-0.3923988342285156,-0.3923988342285156
2018-12-10,39.290000915527344,39.68000030517578,38.90999984741211,39.52999877929688,38.778934478759766,1.1626440401620517,-0.4532922442372689,-0.1765823364257812,-0.17658233642578125
2018-12-11,39.75,40.08399963378906,39.650001525878906,39.83000183105469,39.073238372802734,0.4896193416557889,0.7589272320108975,0.2943038940429687,0.29430389404296875
2018-12-12,40.5099983215332,40.89099884033203,40.459999084472656,40.56999969482422,39.79917144775391,0.1611191911943988,1.8578779368757736,0.725933074951179,0.725933074951179
2018-12-13,40.68000030517578,40.88999938964844,40.43999862670898,40.459999084472656,39.69126129150391,-0.1593687604752499,-0.2711366903495937,-0.10791015625,-0.10791015625
2018-12-14,39.59000015258789,40.00299835205078,39.59000015258789,39.709999084472656,38.95551681518555,-0.415759121810969,-1.8536686725948328,-0.7357444763183665,-0.7357444763183665
2018-12-17,39.4900016784668,39.77999877929688,38.84999847412109,38.93000030517578,38.19033050537109,1.835668738668314,-1.9642565992506025,-0.7651863098144602,-0.7651863098144602
2018-12-18,39.040000915527344,39.5,38.83000183105469,39.06999969482422,38.32767105102539,1.4911441906234415,0.3596212544821675,0.1373405456543039,0.13734054565430398
2018-12-19,39.18999862670898,39.69900131225586,38.5,38.68000030517578,37.94508361816406,1.1065586486198629,-0.998201618752137,-0.3825874328613281,-0.3825874328613281
2018-12-20,38.52000045776367,38.95000076293945,38.02999877929688,38.380001068115234,37.65078353881836,3.2538279248065103,-0.7755947576956301,-0.2943000793457031,-0.2943000793457031
2018-12-21,38.70000076293945,38.999000549316406,37.77999877929688,37.97999954223633,37.25838088989258,1.170656238953793,-1.042216421661479,-0.3924026489257812,-0.39240264892578125
2018-12-24,37.66999816894531,37.93000030517578,37.02000045776367,37.44100189208984,36.84312438964844,2.484656840799353,-1.1145317921122833,-0.4152565002441406,-0.4152565002441406
2018-12-26,37.560001373291016,38.59999847412109,37.29999923706055,38.56999969482422,37.9540901184082,2.572791027508506,3.0153949947629988,1.1109657287597656,1.1109657287597656
2018-12-27,38.06999969482422,38.84999847412109,37.68000030517578,38.7599983215332,38.141056060791016,1.330900214788617,0.4926107879269947,0.1869659423828125,0.1869659423828125
2018-12-28,38.9900016784668,39.22499847412109,38.75,38.900001525878906,38.27882385253906,0.601790124740166,0.3612060230541836,0.1377677917480468,0.13776779174804688
2018-12-31,39.11000061035156,39.150001525878906,38.79999923706055,38.900001525878906,38.27882385253906,0.3614241609879294,0.0,0.0,0.0
2019-01-02,38.68999862670898,39.25,38.33000183105469,39.16999816894531,38.54450988769531,-0.0231613810156491,0.6940809785058955,0.26568603515625,0.26568603515625
2019-01-03,38.68000030517578,38.68999862670898,38.04999923706055,38.15700149536133,37.54768753051758,-0.2154541520174385,-2.586159118593312,-0.9968223571777344,-0.9968223571777344
2019-01-04,38.90999984741211,40.13999938964844,38.709999084472656,39.98199844360352,39.343544006347656,1.178668437745534,4.782868384026218,1.795856475830078,1.7958564758300781
2019-01-07,40.29999923706055,40.98899841308594,40.29999923706055,40.86000061035156,40.20752716064453,-0.2555151459761446,2.1959972750738466,0.863983154296875,0.863983154296875
2019-01-08,41.290000915527344,41.290000915527344,40.83000183105469,41.27000045776367,40.61097717285156,0.5376925344062363,1.0034191125335656,0.4034500122070312,0.40345001220703125
2019-01-09,41.65999984741211,41.89899826049805,41.65999984741211,41.75,41.08331298828125,-0.5199177061036049,1.163074243250284,0.4723358154296875,0.4723358154296875
2019-01-10,41.52000045776367,41.869998931884766,41.27000045776367,41.869998931884766,41.20139694213867,-0.5679908988540522,0.2874255878319909,0.1180839538574218,0.11808395385742188
2019-01-11,41.36000061035156,41.5,41.2599983215332,41.4900016784668,40.82746505737305,-0.3516615314770392,-0.9075708896248312,-0.373931884765625,-0.373931884765625
2019-01-14,41.0099983215332,41.06999969482422,39.97100067138672,41.02000045776367,40.36497116088867,-0.559978700062311,-1.13280091192155,-0.462493896484375,-0.462493896484375
2019-01-15,41.08000183105469,41.46699905395508,41.08000183105469,41.380001068115234,40.71921920776367,-0.4478079169779339,0.8776125355398401,0.354248046875,0.354248046875
2019-01-16,41.52999877929688,41.810001373291016,41.50299835205078,41.70000076293945,41.03411102294922,-0.3516615314770392,0.7733247869485371,0.3148918151855469,0.3148918151855469
2019-01-17,41.58000183105469,42.0,41.53400039672852,41.95000076293945,41.28011703491211,-0.2635273447678858,0.5995158803983935,0.2460060119628906,0.24600601196289062
2019-01-18,42.5099983215332,42.900001525878906,42.38999938964844,42.7599983215332,42.07718276977539,0.2011801851531049,1.9308708213912509,0.7970657348632812,0.7970657348632812
2019-01-22,42.0,42.0,41.41400146484375,41.5099983215332,40.847145080566406,-0.0872589713495789,-2.9232890803053917,-1.2300376892089844,-1.2300376892089844
2019-01-23,41.95000076293945,42.02999877929688,41.4900016784668,41.60300064086914,40.93865966796875,-0.704198278313653,0.224041575541789,0.0915145874023437,0.09151458740234375
2019-01-24,41.74300003051758,42.02000045776367,41.74300003051758,41.970001220703125,41.29979705810547,-0.1914175556422148,0.8821426814304756,0.3611373901367187,0.36113739013671875
2019-01-25,42.5,42.65399932861328,42.369998931884766,42.58000183105469,41.90005874633789,1.2668026244546873,1.4534252732232522,0.6002616882324219,0.6002616882324219
2019-01-28,42.130001068115234,42.150001525878906,41.85599899291992,42.150001525878906,41.4769287109375,-0.3516615314770392,-1.0098554705185725,-0.4231300354003906,-0.4231300354003906
2019-01-29,42.040000915527344,42.040000915527344,41.68000030517578,41.7400016784668,41.07347106933594,-0.4077469230192277,-0.9727278613451684,-0.4034576416015625,-0.4034576416015625
2019-01-30,41.95000076293945,42.56999969482422,41.89500045776367,42.32699966430664,41.65109634399414,-0.2074419532256972,1.4063220361461903,0.5776252746582031,0.5776252746582031
2019-01-31,42.209999084472656,42.75,42.09999847412109,42.68000030517578,41.99846267700195,0.6338389199071309,0.8339908513786298,0.3473663330078125,0.3473663330078125
2019-02-01,42.47200012207031,42.47999954223633,42.242000579833984,42.369998931884766,41.69341659545898,-0.5840152964375347,-0.7263267798371498,-0.3050460815429758,-0.30504608154297586
2019-02-04,42.52999877929688,43.0,42.52999877929688,42.93000030517578,42.24446868896485,1.0664976546611569,1.3216765103531758,0.5510520935058736,0.5510520935058736
2019-02-05,42.72999954223633,43.0,42.65999984741211,42.81999969482422,42.136226654052734,-0.1513565616835087,-0.2562277104467214,-0.1082420349121164,-0.10824203491211648
2019-02-06,42.38999938964844,42.43999862670898,41.95299911499024,41.970001220703125,41.29979705810547,0.273289974278776,-1.9850605105543264,-0.8364295959472656,-0.8364295959472656
2019-02-07,41.54999923706055,41.65999984741211,41.040000915527344,41.36000061035156,40.69953536987305,1.555241780957371,-1.453425273223263,-0.6002616882324219,-0.6002616882324219
2019-02-08,41.38999938964844,41.709999084472656,41.38999938964844,41.709999084472656,41.04394912719727,-0.4317835193944515,0.8462351085687603,0.3444137573242258,0.34441375732422586
2019-02-11,41.68999862670898,41.83000183105469,41.39899826049805,41.40999984741211,40.74874496459961,-0.2475029471844033,-0.719239178673603,-0.2952041625976633,-0.29520416259766336
2019-02-12,41.619998931884766,41.880001068115234,41.61000061035156,41.77999877929688,41.112831115722656,-0.2314785496009209,0.8934904656311415,0.3640861511230469,0.3640861511230469
2019-02-13,42.130001068115234,42.43999862670898,42.130001068115234,42.310001373291016,41.63437271118164,0.273289974278776,1.268561617639441,0.5215415954589844,0.5215415954589844
2019-02-14,42.02999877929688,42.560001373291016,42.02999877929688,42.45000076293945,41.77213287353516,0.3694363597796706,0.3308808404756558,0.1377601623535227,0.13776016235352273
2019-02-15,42.5099983215332,42.5099983215332,42.18999862670898,42.36000061035156,41.683570861816406,-0.5119055073118637,-0.2120121852213774,-0.0885620117187571,-0.0885620117187571
2019-02-19,42.02999877929688,42.630001068115234,42.02999877929688,42.52999877929688,41.850852966308594,0.7379975041997668,0.4013142373208378,0.1672821044921875,0.1672821044921875
2019-02-20,42.47999954223633,42.59000015258789,42.09199905395508,42.13999938964844,41.46708679199219,0.4014851549466355,-0.9169853112082405,-0.3837661743164062,-0.38376617431640625
2019-02-21,42.130001068115234,42.130001068115234,41.84000015258789,42.08000183105469,41.40804672241211,-0.5279299048953461,-0.1423781464954032,-0.0590400695800781,-0.059040069580078125
2019-02-22,42.18999862670898,42.290000915527344,42.09000015258789,42.220001220703125,41.545806884765625,-0.4798567121448988,0.3326893520890328,0.1377601623535156,0.13776016235351562
2019-02-25,42.77999877929688,42.90999984741211,42.27999877929688,42.555999755859375,41.876441955566406,0.0970216008604691,0.7958325895988771,0.3306350708007812,0.33063507080078125
2019-02-26,42.4900016784668,42.619998931884766,42.2400016784668,42.54999923706055,41.87053680419922,0.4976315404475301,-0.0141013684339608,-0.0059051513671875,-0.0059051513671875
2019-02-27,42.52000045776367,42.66999816894531,42.46900177001953,42.58000183105469,41.90005874633789,-0.632088489187982,0.070507675305742,0.0295219421386718,0.029521942138671875
2019-02-28,42.43000030517578,42.50899887084961,42.18999862670898,42.27000045776367,41.595008850097656,-0.2154541520174385,-0.7280416910319887,-0.3050498962402344,-0.3050498962402344
2019-03-01,42.720001220703125,42.88999938964844,42.5099983215332,42.85699844360352,42.17263412475586,0.5376925344062363,1.3886889091426324,0.5776252746582031,0.5776252746582031
2019-03-04,42.880001068115234,43.0,42.29999923706055,42.59000015258789,41.9099006652832,0.9222780764098149,-0.6229951363612596,-0.2627334594726562,-0.26273345947265625
2019-03-05,42.65999984741211,42.9900016784668,42.63600158691406,42.880001068115234,42.19526672363281,0.5216681368227538,0.6809036858109296,0.2853660583496094,0.2853660583496094
2019-03-06,43.0,43.209999084472656,42.880001068115234,42.88999938964844,42.205108642578125,-0.6401006879797232,0.0233246989757685,0.0098419189453125,0.0098419189453125
2019-03-07,42.40999984741211,42.40999984741211,41.77000045776367,41.845001220703125,41.17679977416992,-0.0311735798073904,-2.4364559208143066,-1.0283088684082031,-1.0283088684082031
2019-03-08,41.5099983215332,41.83000183105469,41.459999084472656,41.79999923706055,41.13251495361328,1.0985464498281217,-0.1075479901291864,-0.0442848205566406,-0.044284820556640625
2019-03-12,43.0,43.0,42.8849983215332,42.90999984741211,42.22478866577149,-0.2795517423513682,2.6554994592234538,1.0922737121582102,1.0922737121582102
2019-03-13,43.119998931884766,43.47999954223633,43.119998931884766,43.3849983215332,42.69219970703125,-0.6080518928127583,1.1069588647548478,0.4674110412597585,0.4674110412597585
2019-03-14,43.06999969482422,43.18399810791016,42.86000061035156,43.119998931884766,42.431434631347656,-0.271539543559627,-0.6108026231326891,-0.2607650756835937,-0.26076507568359375
2019-03-15,43.34999847412109,43.68999862670898,43.34999847412109,43.58399963378906,42.88802337646485,-0.4798567121448988,1.076062473692252,0.4565887451171946,0.4565887451171946
2019-03-18,43.91999816894531,44.04999923706055,43.81999969482422,43.96500015258789,43.262939453125,-0.3276249351018155,0.8741742965610477,0.3749160766601491,0.37491607666014914
2019-03-19,43.97999954223633,44.16400146484375,43.92499923706055,43.970001220703125,43.26786422729492,-0.2555151459761446,0.0113833554358011,0.0049247741699218,0.004924774169921875
2019-03-20,44.08000183105469,44.525001525878906,43.7859992980957,44.060001373291016,43.35642623901367,-0.3116005375183331,0.2046831136695681,0.08856201171875,0.08856201171875
2019-03-21,43.880001068115234,44.720001220703125,43.86000061035156,44.71099853515625,43.99702835083008,2.027961509670104,1.477525173050287,0.6406021118164062,0.6406021118164062
2019-03-22,44.58000183105469,44.58000183105469,43.80699920654297,43.86000061035156,43.15962219238281,1.7715711483343843,-1.9033243603859609,-0.8374061584472656,-0.8374061584472656
2019-03-25,43.77000045776367,44.09000015258789,43.61000061035156,43.90700149536133,43.20587539672852,0.4014851549466355,0.1071677693088579,0.0462532043457102,0.04625320434571023
2019-03-26,44.130001068115234,44.38999938964844,43.86000061035156,43.99399948120117,43.32107925415039,-0.2795517423513682,0.2666393317205973,0.1152038574218679,0.1152038574218679
2019-03-27,44.70000076293945,44.70000076293945,43.68999862670898,43.900001525878906,43.228515625,0.9062536788263325,-0.2136687976016293,-0.0925636291503906,-0.09256362915039062
2019-03-28,44.16999816894531,44.25,44.04999923706055,44.209999084472656,43.53377151489258,-0.6160640916044995,0.7061447414494104,0.3052558898925781,0.3052558898925781
2019-03-29,44.41999816894531,44.63999938964844,44.33300018310547,44.59000015258789,43.907962799072266,-0.0792467725578377,0.8595425371120902,0.3741912841796875,0.3741912841796875
2019-04-01,44.790000915527344,44.880001068115234,44.61199951171875,44.880001068115234,44.19352722167969,-0.343649332685298,0.6503704667743193,0.2855644226074219,0.2855644226074219
2019-04-02,44.84999847412109,44.880001068115234,44.70000076293945,44.77999877929688,44.09505081176758,-0.199429754433956,-0.2228299393667754,-0.0984764099121093,-0.09847640991210938
2019-04-03,45.310001373291016,45.93000030517578,45.310001373291016,45.47700119018555,44.781394958496094,0.2172045827365874,1.556510615348583,0.6863441467285156,0.6863441467285156
2019-04-04,45.65999984741211,45.66999816894531,45.470001220703125,45.6150016784668,44.91728591918945,-0.5519665012705698,0.3034540590334478,0.1358909606933593,0.13589096069335938
2019-04-05,45.65999984741211,45.81999969482422,45.505001068115234,45.744998931884766,45.04529571533203,-0.7602836698558415,0.2849900512085224,0.1280097961425781,0.12800979614257812
2019-04-08,45.33000183105469,45.5099983215332,45.09999847412109,45.36000061035156,44.66618347167969,-0.3837103266440041,-0.8416244973685538,-0.3791122436523437,-0.37911224365234375
2019-04-09,45.400001525878906,45.400001525878906,45.09000015258789,45.20000076293945,44.50863265991211,0.6178145223236485,-0.3527295137438213,-0.1575508117675781,-0.15755081176757812
2019-04-10,45.400001525878906,45.72999954223633,45.310001373291016,45.71500015258789,45.01575469970703,0.1771435887778813,1.1393790585970454,0.5071220397949219,0.5071220397949219
2019-04-11,45.58000183105469,45.59000015258789,45.34000015258789,45.36000061035156,44.66618347167969,-0.5679908988540522,-0.7765530764935025,-0.3495712280273437,-0.34957122802734375
2019-04-12,45.79999923706055,45.91999816894531,45.70000076293945,45.81999969482422,45.11914825439453,-0.5199177061036049,1.0141112302600064,0.4529647827148437,0.45296478271484375
2019-04-15,45.84000015258789,45.84000015258789,45.40999984741211,45.4640007019043,44.76859664916992,-0.4638323145614163,-0.7769464158500994,-0.3505516052246094,-0.3505516052246094
2019-04-16,45.68000030517578,45.68000030517578,45.29999923706055,45.51599884033203,44.81979751586914,-0.4397957181861927,0.1143678170224093,0.0512008666992187,0.05120086669921875
2019-04-17,45.61000061035156,45.89699935913086,45.310001373291016,45.32799911499024,44.634674072265625,-0.1513565616835087,-0.4130394465480802,-0.1851234436035156,-0.18512344360351562
2019-04-18,45.150001525878906,45.32600021362305,45.0009994506836,45.23099899291992,44.53915786743164,-0.4718445133531576,-0.2139955243749214,-0.0955162048339843,-0.09551620483398438
2019-04-22,44.97999954223633,45.35900115966797,44.900001525878906,45.31499862670898,44.62186813354492,0.0729850044852454,0.1857023573716087,0.0827102661132812,0.08271026611328125
2019-04-23,45.13999938964844,45.400001525878906,45.130001068115234,45.37799835205078,44.68391036987305,-0.1834053568504736,0.1390399795509367,0.062042236328125,0.062042236328125
2019-04-24,45.40999984741211,45.4109992980957,45.20000076293945,45.290000915527344,44.59725570678711,0.2172045827365874,-0.1939281105181933,-0.0866546630859375,-0.0866546630859375
2019-04-25,44.90999984741211,44.93000030517578,44.59099960327149,44.70000076293945,44.01628494262695,0.5457047331979775,-1.302705188812192,-0.5809707641601562,-0.5809707641601562
2019-04-26,44.7400016784668,44.97499847412109,44.70199966430664,44.880001068115234,44.19352722167969,-0.4558201157696751,0.4026743267492083,0.1772422790527343,0.17724227905273438
2019-04-29,44.93999862670898,45.25,44.90999984741211,45.15999984741211,44.46924591064453,-0.5439543024788286,0.623889303023506,0.2757186889648437,0.27571868896484375
2019-04-30,45.130001068115234,45.18000030517578,45.00899887084961,45.18000030517578,44.48894119262695,-0.5760030976457934,0.0442896693638505,0.0196952819824218,0.019695281982421875
2019-05-01,45.40999984741211,45.59799957275391,45.040000915527344,45.040000915527344,44.35107803344727,-0.4958811097283812,-0.309881861613126,-0.1378631591796804,-0.1378631591796804
2019-05-02,45.060001373291016,45.2400016784668,44.71699905395508,44.89099884033203,44.20435333251953,-0.632088489187982,-0.3308255569731355,-0.1467247009277414,-0.14672470092774148
2019-05-03,45.13999938964844,45.56999969482422,45.13999938964844,45.43999862670898,44.74496078491211,-0.271539543559627,1.2229733309883528,0.5406074523925781,0.5406074523925781
2019-05-06,44.150001525878906,44.95000076293945,44.150001525878906,44.7599983215332,44.07535552978516,-0.2635273447678858,-1.4964931097955825,-0.669605255126946,-0.669605255126946
2019-05-07,44.400001525878906,44.560001373291016,43.619998931884766,43.98600006103516,43.31320190429688,0.8421560884924026,-1.729205848318649,-0.7621536254882812,-0.7621536254882812
2019-05-08,44.2400016784668,44.43899917602539,44.08000183105469,44.24599838256836,43.56922149658203,-0.6561250855632056,0.5910890468241892,0.2560195922851491,0.25601959228514914
2019-05-09,43.29999923706055,43.73099899291992,43.0,43.48699951171875,42.82183456420898,-0.0872589713495789,-1.715401163253938,-0.747386932373054,-0.747386932373054
2019-05-10,43.63999938964844,44.005001068115234,43.25,43.880001068115234,43.20882415771485,-0.271539543559627,0.903720257303786,0.3869895935058736,0.3869895935058736
2019-05-13,43.09000015258789,43.26900100708008,42.63999938964844,42.900001525878906,42.24381256103516,-0.2234663508091797,-2.233366946430515,-0.9650115966796876,-0.9650115966796875
2019-05-14,42.84000015258789,43.20000076293945,42.84000015258789,43.060001373291016,42.401363372802734,0.5136559380310126,0.3729559483768963,0.157550811767571,0.15755081176757102
2019-05-15,42.9900016784668,43.72800064086914,42.9900016784668,43.6609992980957,42.99317169189453,0.2412411791118111,1.395729457773509,0.5918083190917969,0.5918083190917969
2019-05-16,43.68000030517578,44.02899932861328,43.68000030517578,43.84999847412109,43.17927932739258,-0.2795517423513682,0.4328771946200405,0.1861076354980468,0.18610763549804688
2019-05-17,43.59000015258789,43.810001373291016,43.38999938964844,43.512001037597656,42.84645080566406,-0.5119055073118637,-0.7708061063385396,-0.3328285217285156,-0.3328285217285156
2019-05-20,42.810001373291016,42.810001373291016,42.40999984741211,42.47299957275391,41.82334518432617,0.1611191911943988,-2.3878421715215703,-1.0231056213378906,-1.0231056213378906
2019-05-21,42.72999954223633,42.917999267578125,42.459999084472656,42.917999267578125,42.26153564453125,-0.2955761399348507,1.047717389113334,0.4381904602050781,0.4381904602050781
2019-05-22,42.84000015258789,42.92900085449219,42.52999877929688,42.68000030517578,42.02717590332031,-0.6080518928127583,-0.5545462029164727,-0.2343597412109375,-0.2343597412109375
2019-05-23,42.18000030517578,42.18000030517578,41.970001220703125,42.09999847412109,41.45604705810547,-0.3196127363100743,-1.3589512807824056,-0.5711288452148438,-0.5711288452148438
2019-05-24,42.45000076293945,42.45000076293945,42.25299835205078,42.27199935913086,41.62541580200195,-0.8644422541484774,0.4085501535134206,0.1693687438964843,0.16936874389648438
2019-05-28,42.45000076293945,42.69200134277344,42.18000030517578,42.27899932861328,41.63230895996094,0.129070396027434,0.0165599738192856,0.0068931579589843,0.006893157958984375
2019-05-29,42.02000045776367,42.13999938964844,42.02000045776367,42.08000183105469,41.43635940551758,-0.7282348746888766,-0.4706670356232512,-0.1959495544433593,-0.19594955444335938
2019-05-30,42.2400016784668,42.35200119018555,42.095001220703125,42.35200119018555,41.704193115234375,0.0649728056935042,0.6463736524139119,0.2678337097167969,0.2678337097167969
2019-05-31,42.0,42.31999969482422,42.0,42.16400146484375,41.5190658569336,0.1931679863613637,-0.4439056230850502,-0.1851272583007741,-0.18512725830077414
2019-06-03,42.380001068115234,42.45000076293945,41.86000061035156,42.09600067138672,41.452110290527344,0.7780584981584729,-0.1612646263212447,-0.0669555664062571,-0.0669555664062571
2019-06-04,41.93999862670898,42.435001373291016,41.930999755859375,42.435001373291016,41.785926818847656,0.1130459984439515,0.8053064753053008,0.3338165283203125,0.3338165283203125
2019-06-05,42.47999954223633,42.47999954223633,42.06999969482422,42.13999938964844,41.49543762207031,1.074509853452898,-0.695184285457362,-0.2904891967773437,-0.29048919677734375
2019-06-06,42.18999862670898,42.41999816894531,42.04999923706055,42.20700073242188,41.5614128112793,2.0680225036288093,0.158993838816368,0.0659751892089843,0.06597518920898438
2019-06-07,42.5,43.02899932861328,42.5,42.81999969482422,42.165035247802734,0.4094973537383767,1.4523626500964948,0.6036224365234375,0.6036224365234375
2019-06-10,43.209999084472656,43.499000549316406,43.209999084472656,43.33100128173828,42.66822052001953,-0.6481128867714644,1.1933709274985604,0.5031852722167969,0.5031852722167969
2019-06-11,43.29999923706055,43.64500045776367,43.16999816894531,43.16999816894531,42.50968170166016,-0.6881738807301705,-0.3715618238285367,-0.1585388183593679,-0.1585388183593679
2019-06-12,42.900001525878906,42.900001525878906,42.619998931884766,42.73099899291992,42.077396392822266,-0.3756981278522629,-1.016910246168734,-0.4322853088378977,-0.43228530883789773
2019-06-13,42.84000015258789,42.84999847412109,42.68999862670898,42.68999862670898,42.03702545166016,-0.8163690613980301,-0.0959444847423829,-0.0403709411621022,-0.04037094116210227
2019-06-14,42.5099983215332,42.58399963378906,42.33000183105469,42.380001068115234,41.73176574707031,-0.8644422541484774,-0.726168660389348,-0.3052597045898508,-0.30525970458985086
2019-06-17,42.209999084472656,42.400001525878906,42.09000015258789,42.09000015258789,41.44620132446289,-0.7442592722723591,-0.684285501692361,-0.2855644226074219,-0.2855644226074219
2019-06-18,42.43000030517578,42.959999084472656,42.43000030517578,42.79999923706055,42.14533996582031,-0.4397957181861927,1.6868581896907653,0.6991386413574219,0.6991386413574219
2019-06-19,42.77000045776367,42.930999755859375,42.61000061035156,42.930999755859375,42.27433776855469,-0.7522714710641003,0.3060784486232482,0.128997802734375,0.128997802734375
2019-06-20,43.70000076293945,43.94499969482422,43.45000076293945,43.67399978637695,43.00597381591797,-0.5519665012705698,1.730686004755122,0.7316360473632812,0.7316360473632812
2019-06-21,43.65999984741211,43.65999984741211,43.08000183105469,43.380001068115234,42.71647262573242,1.3148758172051347,-0.6731650617300855,-0.2895011901855469,-0.2895011901855469
2019-06-24,43.2599983215332,43.2599983215332,43.02999877929688,43.060001373291016,42.401363372802734,0.1531069924026576,-0.7376762020838479,-0.3151092529296875,-0.3151092529296875
2019-06-25,42.970001220703125,42.9900016784668,42.47999954223633,42.47999954223633,41.83023452758789,-0.6000396940210171,-1.3469586819493171,-0.5711288452148438,-0.5711288452148438
2019-06-26,42.65999984741211,42.821998596191406,42.52999877929688,42.61000061035156,41.95824813842773,1.2507782268712049,0.3060313007698045,0.1280136108398366,0.12801361083983664
2019-06-27,42.9900016784668,43.07400131225586,42.95800018310547,43.06399917602539,42.40530014038086,-0.7282348746888766,1.0654687023114784,0.4470520019531321,0.4470520019531321
2019-06-28,42.83000183105469,42.84999847412109,42.6619987487793,42.70600128173828,42.41722106933594,-0.4077469230192277,0.028111884400328,0.0119209289550781,0.011920928955078125
2019-07-01,42.9900016784668,42.99800109863281,42.650001525878906,42.75,42.4609260559082,0.9062536788263325,0.103035949716812,0.0437049865722656,0.043704986572265625
2019-07-02,42.68999862670898,42.90700149536133,42.68999862670898,42.810001373291016,42.5205192565918,-0.3756981278522629,0.1403483301450458,0.0595932006835937,0.05959320068359375
2019-07-03,42.7599983215332,42.79999923706055,42.630001068115234,42.63600158691406,42.34769821166992,-0.48786891093664,-0.4064415203374638,-0.172821044921875,-0.172821044921875
2019-07-05,42.29999923706055,42.53400039672852,42.060001373291016,42.28900146484375,42.00304412841797,-0.4077469230192277,-0.8138673359039283,-0.3446540832519531,-0.3446540832519531
2019-07-08,41.959999084472656,41.970001220703125,41.70199966430664,41.75,41.46768569946289,-0.2234663508091797,-1.2745705461687518,-0.5353584289550781,-0.5353584289550781
2019-07-09,41.59000015258789,41.88999938964844,41.59000015258789,41.86800003051758,41.58489227294922,-0.3917225254357454,0.2826455624646673,0.1172065734863281,0.11720657348632812
2019-07-10,42.2400016784668,42.39500045776367,42.15999984741211,42.310001373291016,42.02389907836914,-0.2635273447678858,1.0556882113302857,0.4390068054199219,0.4390068054199219
2019-07-11,42.31999969482422,42.40800094604492,42.15999984741211,42.25699996948242,41.97125625610352,-0.055210176182614,-0.1252687718658496,-0.0526428222656178,-0.052642822265617895
2019-07-12,42.150001525878906,42.28400039672852,41.948001861572266,42.27000045776367,41.98417282104492,-0.1914175556422148,0.0307747875416986,0.0129165649413991,0.012916564941399145
2019-07-15,42.18000030517578,42.29999923706055,42.027000427246094,42.04999923706055,41.76565933227539,-0.3276249351018155,-0.5204663426404355,-0.2185134887695312,-0.21851348876953125
2019-07-16,41.84000015258789,41.9900016784668,41.75,41.7599983215332,41.47761917114258,-0.5038933085201225,-0.6896578809908127,-0.2880401611328125,-0.2880401611328125
2019-07-17,41.720001220703125,41.720001220703125,41.34000015258789,41.34000015258789,41.06046295166016,-0.7682958686475827,-1.005738101218323,-0.4171562194824147,-0.41715621948241477
2019-07-18,41.15999984741211,41.41999816894531,41.130001068115234,41.380001068115234,41.100189208984375,-0.1112955677248026,0.0967506317962829,0.0397262573242116,0.039726257324211645
2019-07-19,41.5099983215332,41.59999847412109,41.36100006103516,41.36100006103516,41.08131790161133,-0.1032833689330614,-0.045915378338257,-0.0188713073730468,-0.018871307373046875
2019-07-22,41.2599983215332,41.380001068115234,41.130001068115234,41.15999984741211,40.88167953491211,0.2973265706539996,-0.4859590122628154,-0.1996383666992187,-0.19963836669921875
2019-07-23,41.25,41.400001525878906,41.130001068115234,41.21900177001953,40.94028091430664,0.0809972032769866,0.1433438646875728,0.0586013793945312,0.05860137939453125
2019-07-24,41.220001220703125,41.459999084472656,41.220001220703125,41.459999084472656,41.17964553833008,-0.1112955677248026,0.5846677616220042,0.2393646240234375,0.2393646240234375
2019-07-25,41.290000915527344,41.290000915527344,41.130001068115234,41.130001068115234,40.85188293457031,-0.3997347242274865,-0.7959335236498943,-0.3277626037597656,-0.3277626037597656
2019-07-26,41.2400016784668,41.459999084472656,41.20000076293945,41.3849983215332,41.10515213012695,1.6193393712913011,0.6199694539472889,0.2532691955566406,0.2532691955566406
2019-07-29,41.27999877929688,41.400001525878906,40.9900016784668,41.25,40.9710693359375,-0.199429754433956,-0.3261946185358577,-0.1340827941894531,-0.13408279418945312
2019-07-30,41.09999847412109,41.150001525878906,41.0,41.09000015258789,40.81214904785156,-0.5760030976457934,-0.3878841598760507,-0.1589202880859375,-0.1589202880859375
2019-07-31,41.16999816894531,41.45000076293945,40.4900016784668,40.797000885009766,40.52113342285156,0.0729850044852454,-0.7130612618776566,-0.291015625,-0.291015625
2019-08-01,41.0099983215332,41.540000915527344,40.63800048828125,40.650001525878906,40.37512969970703,0.4655827452805652,-0.3603150030897062,-0.1460037231445312,-0.14600372314453125
2019-08-02,40.45000076293945,40.540000915527344,39.7599983215332,40.02000045776367,39.7493896484375,-0.271539543559627,-1.5498155818285175,-0.6257400512695312,-0.6257400512695312
2019-08-05,39.09999847412109,39.09999847412109,38.2599983215332,38.369998931884766,38.11054229736328,0.9463146727850386,-4.122949724684988,-1.6388473510742188,-1.6388473510742188
2019-08-06,38.7599983215332,39.04100036621094,38.58000183105469,38.84299850463867,38.580345153808594,-0.1753931580587324,1.2327372640872136,0.4698028564453125,0.4698028564453125
2019-08-07,38.709999084472656,39.41999816894531,38.63999938964844,39.34700012207031,39.080936431884766,-0.3516615314770392,1.2975292887621004,0.5005912780761719,0.5005912780761719
2019-08-08,39.70000076293945,40.17300033569336,39.70000076293945,40.09999847412109,39.8288459777832,-0.415759121810969,1.9137452020935752,0.7479095458984375,0.7479095458984375
2019-08-09,39.77999877929688,39.77999877929688,39.34099960327149,39.5,39.23290252685547,-0.4958811097283812,-1.4962609041199837,-0.5959434509277344,-0.5959434509277344
2019-08-12,39.22999954223633,39.290000915527344,38.93999862670898,38.93999862670898,38.67668914794922,-0.4478079169779339,-1.4177217159131006,-0.55621337890625,-0.55621337890625
2019-08-13,38.810001373291016,39.75,38.790000915527344,39.31999969482422,39.05411911010742,-0.1513565616835087,0.9758590263877708,0.3774299621582031,0.3774299621582031
2019-08-14,38.790000915527344,38.84000015258789,38.38999938964844,38.45199966430664,38.191986083984375,0.0008752153595744,-2.207534175056891,-0.8621330261230469,-0.8621330261230469
2019-08-15,38.68000030517578,39.0,38.34999847412109,38.63199996948242,38.37077331542969,0.2091923839448462,0.4681276094208764,0.1787872314453125,0.1787872314453125
2019-08-16,38.86000061035156,39.29199981689453,38.810001373291016,39.220001220703125,38.95479583740234,-0.4317835193944515,1.522050434510791,0.5840225219726491,0.5840225219726491
2019-08-19,39.7599983215332,39.979000091552734,39.75,39.77399826049805,39.50504684448242,-0.6160640916044995,1.4125372633881472,0.5502510070800852,0.5502510070800852
2019-08-20,39.95000076293945,39.97999954223633,39.790000915527344,39.91400146484375,39.64410400390625,3.4541328946000407,0.3519984673635346,0.1390571594238281,0.13905715942382812
2019-08-21,40.58000183105469,40.80899810791016,40.58000183105469,40.59999847412109,40.325462341308594,-0.6080518928127583,1.7186876952376196,0.6813583374023438,0.6813583374023438
2019-08-22,40.7130012512207,40.7130012512207,40.5,40.54999923706055,40.27580261230469,-0.6481128867714644,-0.1231473270748684,-0.0496597290039062,-0.04965972900390625
2019-08-23,40.40999984741211,40.67599868774414,39.79999923706055,39.79999923706055,39.5308723449707,-0.3917225254357454,-1.84957274347749,-0.7449302673339844,-0.7449302673339844
2019-08-26,40.09000015258789,40.09000015258789,39.91999816894531,39.970001220703125,39.69972610473633,-0.7522714710641003,0.4271440262995085,0.168853759765625,0.168853759765625
2019-08-27,40.369998931884766,40.5099983215332,40.119998931884766,40.277000427246094,40.00464630126953,-0.7442592722723591,0.7680662474314204,0.3049201965332031,0.3049201965332031
2019-08-28,40.13999938964844,40.35300064086914,40.0099983215332,40.33000183105469,40.05728912353516,-0.5679908988540522,0.1315917702888525,0.0526428222656321,0.052642822265632105
2019-08-29,40.33000183105469,40.58599853515625,40.33000183105469,40.5099983215332,40.23606872558594,-0.5038933085201225,0.4463097877128508,0.1787796020507741,0.17877960205077414
2019-08-30,40.720001220703125,40.720001220703125,40.2599983215332,40.45000076293945,40.17647933959961,-0.2154541520174385,-0.1480994239092647,-0.0595893859863281,-0.059589385986328125
2019-09-03,40.20000076293945,40.41999816894531,40.20000076293945,40.28099822998047,40.00862121582031,-0.7282348746888766,-0.4178019740367023,-0.1678581237792968,-0.16785812377929688
2019-09-04,40.70000076293945,41.09000015258789,40.70000076293945,41.060001373291016,40.78235626220703,0.0168996129430569,1.9339207972524752,0.7737350463867188,0.7737350463867188
2019-09-05,41.27000045776367,41.52999877929688,41.27000045776367,41.40999984741211,41.12998580932617,-0.48786891093664,0.8524018202481498,0.3476295471191406,0.3476295471191406
2019-09-06,41.47999954223633,41.75,41.400001525878906,41.5,41.21937942504883,0.1611191911943988,0.2173441443356516,0.0893936157226562,0.08939361572265625
2019-09-09,41.79999923706055,42.20399856567383,41.79999923706055,42.02199935913086,41.73785018920898,-0.3676859290605216,1.2578325326389583,0.5184707641601491,0.5184707641601491
2019-09-10,41.560001373291016,41.900001525878906,41.400001525878906,41.77999877929688,41.49748229980469,-0.2875639411431094,-0.5758990659907925,-0.2403678894042897,-0.24036788940428977
2019-09-11,41.77999877929688,41.95000076293945,41.73699951171875,41.85499954223633,41.57197570800781,-0.704198278313653,0.1795130790464227,0.074493408203125,0.074493408203125
2019-09-12,42.130001068115234,42.380001068115234,42.130001068115234,42.27999877929688,41.994102478027344,-0.4798567121448988,1.0154118557762493,0.4221267700195312,0.42212677001953125
2019-09-13,42.36000061035156,42.49399948120117,42.27999877929688,42.42499923706055,42.13812255859375,-0.4558201157696751,0.3429531102415284,0.1440200805664062,0.14402008056640625
2019-09-16,41.97999954223633,42.2599983215332,41.64599990844727,42.08399963378906,41.79943084716797,-0.4317835193944515,-0.8037655473492555,-0.3386917114257812,-0.33869171142578125
2019-09-17,41.900001525878906,42.09999847412109,41.68999862670898,42.04999923706055,41.76565933227539,1.835668738668314,-0.0807941979307225,-0.0337715148925781,-0.033771514892578125
2019-09-18,42.0,42.09799957275391,41.72600173950195,41.93600082397461,41.65243148803711,-0.4478079169779339,-0.2711027337973348,-0.1132278442382812,-0.11322784423828125
2019-09-19,42.11000061035156,42.22800064086914,42.0099983215332,42.04499816894531,41.76068878173828,-0.6401006879797232,0.2599063003855262,0.1082572937011718,0.10825729370117188
2019-09-20,42.06999969482422,42.26100158691406,41.75,41.790000915527344,41.63615417480469,-0.3596737302687804,-0.2982101362946188,-0.1245346069335937,-0.12453460693359375
2019-09-23,41.61000061035156,41.7599983215332,41.56499862670898,41.72499847412109,41.57139205932617,0.2652777754870347,-0.1555429812432174,-0.0647621154785156,-0.06476211547851562
2019-09-24,41.88999938964844,42.0,41.40999984741211,41.5629997253418,41.40998840332031,-0.5038933085201225,-0.3882565582011832,-0.1614036560058593,-0.16140365600585938
2019-09-25,41.209999084472656,41.67499923706055,41.08100128173828,41.61000061035156,41.456817626953125,-0.4718445133531576,0.1130867827749959,0.0468292236328125,0.0468292236328125
2019-09-26,41.619998931884766,41.70399856567383,41.555999755859375,41.685001373291016,41.53153991699219,-0.5279299048953461,0.1802412590166557,0.0747222900390625,0.0747222900390625
2019-09-27,41.66999816894531,41.66999816894531,41.0,41.060001373291016,40.90884399414063,-0.5920274952292759,-1.4993326134694729,-0.6226959228515554,-0.6226959228515554
2019-09-30,41.40999984741211,41.540000915527344,41.290000915527344,41.52999877929688,41.37710952758789,-0.5439543024788286,1.1446559905587297,0.4682655334472585,0.4682655334472585
2019-10-01,41.34000015258789,41.34999847412109,40.869998931884766,40.869998931884766,40.719539642333984,0.0729850044852454,-1.5892117471750344,-0.6575698852539062,-0.6575698852539062
2019-10-02,40.70000076293945,40.77999877929688,40.36199951171875,40.52000045776367,40.37083053588867,-0.1353321641000263,-0.8563679980379213,-0.3487091064453125,-0.3487091064453125
2019-10-03,40.7400016784668,41.18999862670898,40.61000061035156,41.150001525878906,40.998512268066406,-0.3116005375183331,1.554790238015391,0.6276817321777344,0.6276817321777344
2019-10-04,41.06999969482422,41.52999877929688,41.06999969482422,41.43999862670898,41.28744125366211,-0.2875639411431094,0.7047304148661837,0.2889289855957031,0.2889289855957031
2019-10-07,41.130001068115234,41.2599983215332,41.0,41.09000015258789,40.9387321472168,0.3213631670292233,-0.8445888043846383,-0.3487091064453125,-0.3487091064453125
2019-10-08,40.880001068115234,40.880001068115234,40.560001373291016,40.560001373291016,40.410682678222656,-0.7923324650228064,-1.289853010335695,-0.5280494689941406,-0.5280494689941406
2019-10-09,40.95000076293945,41.09199905395508,40.79999923706055,41.055999755859375,40.90485382080078,-0.2074419532256972,1.2228725421766562,0.494171142578125,0.494171142578125
2019-10-10,40.790000915527344,41.060001373291016,40.790000915527344,40.95000076293945,40.79924774169922,-0.4798567121448988,-0.2581749333812833,-0.1056060791015625,-0.1056060791015625
2019-10-11,41.119998931884766,41.6349983215332,41.119998931884766,41.29999923706055,41.14795684814453,-0.3756981278522629,0.854694941075862,0.3487091064453125,0.3487091064453125
2019-10-14,41.2599983215332,41.34999847412109,41.20000076293945,41.27999877929688,41.128028869628906,-0.5679908988540522,-0.0484300559300376,-0.019927978515625,-0.019927978515625
2019-10-15,41.310001373291016,41.77999877929688,41.310001373291016,41.68999862670898,41.53652191162109,-0.3116005375183331,0.9932229995438302,0.4084930419921804,0.4084930419921804
2019-10-16,41.43999862670898,41.59999847412109,41.43999862670898,41.4900016784668,41.33726119995117,-0.5279299048953461,-0.4797241138627117,-0.1992607116699147,-0.19926071166991477
2019-10-17,41.79999923706055,41.79999923706055,41.58000183105469,41.619998931884766,41.46677780151367,0.2813021730705172,0.3133168424874988,0.1295166015625,0.1295166015625
2019-10-18,41.52999877929688,41.52999877929688,41.14500045776367,41.380001068115234,41.227664947509766,-0.7202226758971354,-0.5766371699977513,-0.2391128540039062,-0.23911285400390625
2019-10-21,41.5099983215332,41.58000183105469,41.46099853515625,41.56999969482422,41.41696166992188,-0.632088489187982,0.4591497545473944,0.1892967224121164,0.18929672241211648
2019-10-22,41.56999969482422,41.630001068115234,41.547000885009766,41.58000183105469,41.42692947387695,-0.7682958686475827,0.0240669608613686,0.009967803955071,0.00996780395507102
2019-10-23,41.20000076293945,41.617000579833984,41.20000076293945,41.52000045776367,41.367149353027344,-0.8323934589815125,-0.1443025626297167,-0.0597801208496093,-0.059780120849609375
2019-10-24,41.66999816894531,41.810001373291016,41.62099838256836,41.70000076293945,41.546485900878906,1.130595244995087,0.4335240659710582,0.1793365478515625,0.1793365478515625
2019-10-25,41.560001373291016,41.9379997253418,41.560001373291016,41.935001373291016,41.78062057495117,-0.7843202662310652,0.5635486828678093,0.2341346740722656,0.23413467407226562
2019-10-28,42.0,42.150001525878906,41.90999984741211,42.084999084472656,41.9300651550293,-0.4478079169779339,0.357688751439289,0.149444580078125,0.149444580078125
2019-10-29,41.869998931884766,41.869998931884766,41.52999877929688,41.6150016784668,41.46179962158203,-0.5439543024788286,-1.116777500144428,-0.4682655334472656,-0.4682655334472656
2019-10-30,41.61000061035156,41.79199981689453,41.310001373291016,41.744998931884766,41.59131622314453,-0.3196127363100743,0.3123757356038315,0.1295166015625,0.1295166015625
2019-10-31,41.65999984741211,41.65999984741211,41.380001068115234,41.5,41.34722137451172,-0.6721494831466881,-0.586888972984656,-0.2440948486328125,-0.2440948486328125
2019-11-01,42.08000183105469,42.48400115966797,42.08000183105469,42.400001525878906,42.2439079284668,-0.3676859290605216,2.168674276399707,0.8966865539550781,0.8966865539550781
2019-11-04,42.63999938964844,42.946998596191406,42.63999938964844,42.82500076293945,42.66734313964844,2.1321200939627394,1.002358048641372,0.4234352111816406,0.4234352111816406
2019-11-05,42.650001525878906,42.84999847412109,42.380001068115234,42.387001037597656,42.23095703125,0.4735949440723065,-1.0227637258081956,-0.4363861083984375,-0.4363861083984375
2019-11-06,42.38100051879883,42.430999755859375,42.209999084472656,42.369998931884766,42.21401596069336,0.0809972032769866,-0.0401152892275269,-0.0169410705566406,-0.016941070556640625
2019-11-07,42.5099983215332,42.74599838256836,42.18000030517578,42.53200149536133,42.37542343139648,-0.2955761399348507,0.3823551657663016,0.1614074707031179,0.1614074707031179
2019-11-08,42.290000915527344,42.5,42.27999877929688,42.47999954223633,42.323612213134766,-0.6641372843549469,-0.1222671399274455,-0.0518112182617116,-0.051811218261711645
2019-11-11,42.22999954223633,42.3849983215332,42.07799911499024,42.3849983215332,42.22896194458008,0.3694363597796706,-0.2236346653920806,-0.0946502685546875,-0.0946502685546875
2019-11-12,42.43999862670898,42.5,42.290000915527344,42.3650016784668,42.20903778076172,-0.6160640916044995,-0.047181277731878,-0.0199241638183593,-0.019924163818359375
2019-11-13,42.08000183105469,42.483001708984375,42.08000183105469,42.25,42.094459533691406,0.056960606901763,-0.2714542976919865,-0.1145782470703125,-0.1145782470703125
2019-11-14,42.16999816894531,42.25,41.900001525878906,42.209999084472656,42.05460739135742,-0.5519665012705698,-0.0946731298499981,-0.0398521423339843,-0.039852142333984375
2019-11-15,42.38999938964844,42.470001220703125,42.290000915527344,42.31999969482422,42.16420364379883,-0.5679908988540522,0.2606046263171846,0.1095962524414062,0.10959625244140625
2019-11-18,42.33000183105469,42.40399932861328,42.25,42.35699844360352,42.20106506347656,-0.2234663508091797,0.0874234931344641,0.0368614196777343,0.036861419677734375
2019-11-19,42.209999084472656,42.34999847412109,42.18000030517578,42.305999755859375,42.15025329589844,0.6338389199071309,-0.1204039933629608,-0.050811767578125,-0.050811767578125
2019-11-20,42.27000045776367,42.47700119018555,42.040000915527344,42.244998931884766,42.0894775390625,0.8822170824511087,-0.1441883549531342,-0.0607757568359375,-0.0607757568359375
2019-11-21,42.209999084472656,42.290000915527344,42.02000045776367,42.13999938964844,41.98486328125,-0.4478079169779339,-0.2485520465665303,-0.1046142578125,-0.1046142578125
2019-11-22,42.2599983215332,42.2599983215332,41.95000076293945,42.08000183105469,41.925086975097656,1.330900214788617,-0.1423758504390249,-0.0597763061523437,-0.05977630615234375
2019-11-25,42.27999877929688,42.678001403808594,42.27999877929688,42.62799835205078,42.47106552124024,-0.415759121810969,1.3022717077888937,0.5459785461425852,0.5459785461425852
2019-11-26,42.58000183105469,42.7599983215332,42.45000076293945,42.66999816894531,42.51291275024414,2.156156690337963,0.098531149360892,0.0418472290038991,0.041847229003899145
2019-11-27,42.68000030517578,42.84000015258789,42.56999969482422,42.84000015258789,42.68228912353516,-0.5519665012705698,0.3984115938752142,0.1693763732910227,0.16937637329102273
2019-11-29,42.59000015258789,42.84000015258789,42.59000015258789,42.7599983215332,42.60258102416992,-0.7202226758971354,-0.1867474800485546,-0.0797080993652414,-0.07970809936524148
2019-12-02,42.66999816894531,42.66999816894531,42.36000061035156,42.435001373291016,42.27878189086914,-0.7362470734806179,-0.7600458129921273,-0.3237991333007812,-0.32379913330078125
2019-12-03,42.11000061035156,42.59700012207031,42.11000061035156,42.59700012207031,42.44018173217773,-0.2475029471844033,0.3817513989054832,0.1613998413085866,0.16139984130858664
2019-12-04,42.900001525878906,43.060001373291016,42.88999938964844,43.03900146484375,42.880558013916016,-0.6561250855632056,1.0376399529043567,0.4403762817382883,0.44037628173828836
2019-12-05,43.060001373291016,43.33000183105469,43.0,43.040000915527344,42.88155364990234,-0.5840152964375347,0.002321882065992,0.000995635986321,0.0009956359863210196
2019-12-06,43.36000061035156,43.5,43.32500076293945,43.5,43.33985900878906,-0.3676859290605216,1.068770414963205,0.4583053588867258,0.45830535888672586
2019-12-09,43.33000183105469,43.47999954223633,43.150001525878906,43.150001525878906,42.99114990234375,-0.4237713206027102,-0.8045921570132397,-0.3487091064453125,-0.3487091064453125
2019-12-10,43.27999877929688,43.448001861572266,43.27000045776367,43.290000915527344,43.13063049316406,-0.5519665012705698,0.3244402420897074,0.1394805908203125,0.1394805908203125
2019-12-11,43.13999938964844,43.29999923706055,43.02000045776367,43.290000915527344,43.13063049316406,1.354936811163841,0.0,0.0,0.0
2019-12-12,43.310001373291016,43.999000549316406,43.310001373291016,43.97999954223633,43.818092346191406,-0.0792467725578377,1.5939063379476923,0.6874618530273438,0.6874618530273438
2019-12-13,43.7400016784668,43.93000030517578,43.59000015258789,43.77000045776367,43.608863830566406,-0.2795517423513682,-0.477493438034593,-0.209228515625,-0.209228515625
2019-12-16,43.88999938964844,44.22999954223633,43.84000015258789,44.18000030517578,44.017356872558594,0.818119492117179,0.9367202126139064,0.4084930419921875,0.4084930419921875
2019-12-17,44.2400016784668,44.40999984741211,44.14300155639648,44.369998931884766,44.2066535949707,-0.2555151459761446,0.4300501798873757,0.1892967224121093,0.18929672241210938
2019-12-18,44.209999084472656,44.2760009765625,44.040000915527344,44.209999084472656,44.047245025634766,-0.4958811097283812,-0.3605985895165586,-0.1594085693359375,-0.1594085693359375
2019-12-19,44.15999984741211,44.29999923706055,44.15999984741211,44.26499938964844,44.10204315185547,-0.6961860795219117,0.1244076132089766,0.0547981262207031,0.054798126220703125
2019-12-20,44.29999923706055,44.5,44.22999954223633,44.49100112915039,44.32720947265625,-0.2314785496009209,0.5105575721865652,0.2251663208007812,0.22516632080078125
2019-12-24,44.560001373291016,44.58000183105469,44.41999816894531,44.52999877929688,44.36606597900391,-0.7202226758971354,0.0876583633617533,0.0388565063476633,0.038856506347663355
2019-12-26,44.68000030517578,44.900001525878906,44.66999816894531,44.867000579833984,44.70182800292969,1.835668738668314,0.7567991808980157,0.3357620239257741,0.33576202392577414
2019-12-27,44.86000061035156,44.95899963378906,44.78300094604492,44.81999969482422,44.65499877929688,0.0168996129430569,-0.1047590797175868,-0.0468292236328053,-0.046829223632805395
2019-12-30,44.77000045776367,44.93000030517578,44.45000076293945,44.45000076293945,44.45000076293945,-0.48786891093664,-0.4590707019624163,-0.2049980163574289,-0.20499801635742898
2019-12-31,44.45000076293945,44.66999816894531,44.45000076293945,44.63999938964844,44.63999938964844,-0.3116005375183331,0.4274434723236187,0.1899986267089843,0.18999862670898438
2020-01-02,45.02000045776367,45.4900016784668,45.02000045776367,45.4900016784668,45.4900016784668,0.0970216008604691,1.904127017115198,0.8500022888183594,0.8500022888183594
2020-01-03,44.90999984741211,45.345001220703125,44.90999984741211,45.119998931884766,45.119998931884766,-0.3596737302687804,-0.8133715826112553,-0.3700027465820312,-0.37000274658203125
2020-01-06,44.68000030517578,45.15999984741211,44.68000030517578,45.15999984741211,45.15999984741211,-0.2234663508091797,0.0886545134624938,0.0400009155273437,0.04000091552734375
2020-01-07,45.18000030517578,45.297000885009766,45.18000030517578,45.27799987792969,45.27799987792969,-0.6080518928127583,0.2612932482645602,0.1180000305175781,0.11800003051757812
2020-01-08,45.119998931884766,45.4900016784668,45.05400085449219,45.37300109863281,45.37300109863281,-0.4718445133531576,0.2098176177376398,0.095001220703125,0.095001220703125
2020-01-09,45.34000015258789,46.02299880981445,44.20000076293945,45.65999984741211,45.65999984741211,2.051998106045327,0.6325319944241903,0.2869987487792969,0.2869987487792969
2020-01-10,46.15999984741211,46.43999862670898,45.79999923706055,45.84999847412109,45.84999847412109,-0.4237713206027102,0.4161161352254083,0.1899986267089772,0.18999862670897727
2020-01-13,46.369998931884766,46.84799957275391,46.34999847412109,46.83200073242188,46.83200073242188,-0.1433443628917675,2.1417716270046627,0.9820022583007956,0.9820022583007955
2020-01-14,46.59999847412109,46.84999847412109,46.47999954223633,46.77999877929688,46.77999877929688,-0.3756981278522629,-0.1110393583697577,-0.052001953125,-0.052001953125
2020-01-15,46.79999923706055,47.0,46.790000915527344,46.89300155639648,46.89300155639648,-0.6080518928127583,0.2415621634210163,0.1130027770995951,0.11300277709959516
2020-01-16,47.130001068115234,47.2400016784668,47.060001373291016,47.167999267578125,47.167999267578125,-0.6801616819384293,0.5864365727387133,0.2749977111816477,0.27499771118164773
2020-01-17,47.0,47.05799865722656,46.83000183105469,47.0009994506836,47.0009994506836,-0.0792467725578377,-0.3540532129572726,-0.1669998168945241,-0.16699981689452414
2020-01-21,46.63999938964844,46.9900016784668,46.369998931884766,46.5,46.5,0.0649728056935042,-1.0659336110698692,-0.5009994506836009,-0.5009994506836009
2020-01-22,47.09000015258789,47.16699981689453,46.84999847412109,46.880001068115234,46.880001068115234,-0.5038933085201225,0.8172065980972754,0.3800010681152344,0.3800010681152344
2020-01-23,46.72999954223633,46.87900161743164,46.619998931884766,46.85200119018555,46.85200119018555,-0.5279299048953461,-0.0597267007076296,-0.0279998779296875,-0.0279998779296875
2020-01-24,47.02999877929688,47.11000061035156,46.402000427246094,46.45500183105469,46.45500183105469,-0.6000396940210171,-0.8473477099074755,-0.3969993591308594,-0.3969993591308594
2020-01-27,45.209999084472656,45.66999816894531,44.77999877929688,45.540000915527344,45.540000915527344,0.1771435887778813,-1.9696499396447689,-0.9150009155273438,-0.9150009155273438
2020-01-28,45.66999816894531,45.96599960327149,45.470001220703125,45.93999862670898,45.93999862670898,1.4991563894151827,0.8783436608259976,0.3999977111816335,0.3999977111816335
2020-01-29,46.220001220703125,46.220001220703125,45.98099899291992,46.0369987487793,46.0369987487793,-0.5519665012705698,0.2111452437308703,0.0970001220703196,0.0970001220703196
2020-01-30,45.27999877929688,45.52999877929688,45.11399841308594,45.400001525878906,45.400001525878906,0.3213631670292233,-1.3836636623000609,-0.6369972229003906,-0.6369972229003906
2020-01-31,45.09000015258789,45.09000015258789,44.5099983215332,44.624000549316406,44.624000549316406,-0.6000396940210171,-1.709253194892879,-0.7760009765625,-0.7760009765625
2020-02-03,45.0099983215332,45.33000183105469,44.88999938964844,45.13899993896485,45.13899993896485,-0.5519665012705698,1.1540861045824302,0.5149993896484446,0.5149993896484446
2020-02-04,46.22999954223633,46.58000183105469,46.16999816894531,46.47999954223633,46.47999954223633,0.056960606901763,2.970822581547483,1.3409996032714773,1.3409996032714773
2020-02-05,46.95000076293945,46.95000076293945,46.52999877929688,46.70000076293945,46.70000076293945,1.4831319918317003,0.4733244898232236,0.220001220703125,0.220001220703125
2020-02-06,46.77999877929688,47.59999847412109,46.77999877929688,47.560001373291016,47.560001373291016,0.1050337996522103,1.8415430327659577,0.8600006103515625,0.8600006103515625
2020-02-07,47.560001373291016,47.560001373291016,47.19300079345703,47.21799850463867,47.21799850463867,0.1450947936109164,-0.7190976845606434,-0.3420028686523437,-0.34200286865234375
2020-02-10,47.220001220703125,47.369998931884766,47.18999862670898,47.29999923706055,47.29999923706055,-0.632088489187982,0.1736641429513685,0.082000732421875,0.082000732421875
2020-02-11,47.63999938964844,47.81700134277344,47.56999969482422,47.56999969482422,47.56999969482422,-0.5679908988540522,0.5708255013080921,0.2700004577636719,0.2700004577636719
2020-02-12,47.959999084472656,48.130001068115234,47.90800094604492,48.04899978637695,48.04899978637695,-0.3756981278522629,1.0069373441784046,0.4790000915527344,0.4790000915527344
2020-02-13,47.59999847412109,47.95000076293945,47.59999847412109,47.80099868774414,47.80099868774414,-0.6961860795219117,-0.5161420627597058,-0.2480010986328125,-0.2480010986328125
2020-02-14,48.02999877929688,48.17499923706055,47.85100173950195,47.95899963378906,47.95899963378906,-0.3676859290605216,0.3305390062602109,0.1580009460449218,0.15800094604492188
2020-02-18,47.720001220703125,47.720001220703125,47.40999984741211,47.55400085449219,47.55400085449219,-0.632088489187982,-0.844468780394525,-0.404998779296875,-0.404998779296875
2020-02-19,48.18000030517578,48.36000061035156,48.060001373291016,48.22999954223633,48.22999954223633,0.2332289803200699,1.421539041084241,0.6759986877441406,0.6759986877441406
2020-02-20,47.900001525878906,48.08000183105469,47.374000549316406,47.7599983215332,47.7599983215332,-0.0872589713495789,-0.9744997411653132,-0.470001220703125,-0.470001220703125
2020-02-21,47.65999984741211,47.81999969482422,47.34999847412109,47.43000030517578,47.43000030517578,-0.6561250855632056,-0.6909506447964842,-0.3299980163574219,-0.3299980163574219
2020-02-24,45.720001220703125,46.27799987792969,45.720001220703125,45.880001068115234,45.880001068115234,0.0729850044852454,-3.267972226623417,-1.5499992370605469,-1.5499992370605469
2020-02-25,46.400001525878906,46.459999084472656,45.25,45.310001373291016,45.310001373291016,1.7875955459178667,-1.2423707095777448,-0.5699996948242188,-0.5699996948242188
2020-02-26,45.84000015258789,46.34999847412109,45.66400146484375,45.72700119018555,45.72700119018555,-0.48786891093664,0.9203262067000172,0.4169998168945312,0.41699981689453125
2020-02-27,44.72999954223633,45.08100128173828,44.060001373291016,44.060001373291016,44.060001373291016,0.2412411791118111,-3.645548086482264,-1.6669998168945312,-1.6669998168945312
2020-02-28,42.900001525878906,43.91999816894531,42.59000015258789,43.91999816894531,43.91999816894531,0.8661926848676264,-0.3177557875215453,-0.1400032043457031,-0.14000320434570312
2020-03-02,44.52999877929688,45.38999938964844,44.18999862670898,45.33000183105469,45.33000183105469,1.002400064327227,3.210390985640688,1.410003662109375,1.410003662109375
2020-03-03,45.4900016784668,45.96599960327149,44.630001068115234,45.06999969482422,45.06999969482422,-0.0471979773908728,-0.5735762755966767,-0.2600021362304687,-0.26000213623046875
2020-03-04,45.790000915527344,46.70000076293945,45.5,46.68199920654297,46.68199920654297,0.529680335614495,3.5766574720076383,1.61199951171875,1.61199951171875
2020-03-06,45.09000015258789,45.3849983215332,44.53799819946289,45.119998931884766,45.119998931884766,-0.2795517423513682,-3.346044088101674,-1.5620002746582031,-1.5620002746582031
2020-03-10,43.86000061035156,43.994998931884766,42.59999847412109,43.900001525878906,43.900001525878906,0.2893143718622584,-2.7038950241280446,-1.2199974060058594,-1.2199974060058594
2020-03-11,42.56999969482422,42.78099822998047,41.96500015258789,42.34299850463867,42.34299850463867,-0.2074419532256972,-3.5467037975440263,-1.5570030212402344,-1.5570030212402344
2020-03-12,39.16999816894531,39.16999816894531,36.93000030517578,38.0099983215332,38.0099983215332,1.3389124135803585,-10.233097173386971,-4.333000183105469,-4.333000183105469
2020-03-13,40.09000015258789,40.400001525878906,38.5,40.400001525878906,40.400001525878906,1.1546318413703105,6.287827702932924,2.390003204345703,2.390003204345703
2020-03-16,35.5,38.27299880981445,35.5,36.34999847412109,36.34999847412109,0.9383024739932974,-10.024759650475556,-4.05000305175782,-4.05000305175782
2020-03-17,37.630001068115234,39.43000030517578,36.84999847412109,38.93999862670898,38.93999862670898,1.21872943170424,7.125172658347734,2.59000015258789,2.5900001525878906
2020-03-18,36.540000915527344,37.86800003051758,35.939998626708984,36.854000091552734,36.854000091552734,0.4976315404475301,-5.3569558518819616,-2.085998535156243,-2.085998535156243
2020-03-19,36.83000183105469,38.0,36.52999877929688,37.446998596191406,37.446998596191406,0.4735949440723065,1.6090478731360047,0.5929985046386719,0.5929985046386719
2020-03-20,38.52000045776367,38.97999954223633,37.209999084472656,37.209999084472656,37.209999084472656,0.1050337996522103,-0.6328932106800522,-0.23699951171875,-0.23699951171875
2020-03-23,37.2400016784668,37.900001525878906,36.86000061035156,37.70000076293945,37.70000076293945,1.403010003914288,1.3168548522519918,0.4900016784667969,0.4900016784667969
2020-03-24,40.25,40.81999969482422,39.459999084472656,40.09999847412109,40.09999847412109,1.4831319918317003,6.366041545391488,2.399997711181633,2.3999977111816335
2020-03-25,40.130001068115234,40.810001373291016,39.53400039672852,40.02999877929688,40.02999877929688,0.2172045827365874,-0.1745628366279894,-0.0699996948242045,-0.06999969482420454
2020-03-26,40.630001068115234,42.040000915527344,40.630001068115234,41.93000030517578,41.93000030517578,0.4816071428640477,4.746444126452398,1.9000015258788991,1.9000015258788991
2020-03-27,40.66999816894531,41.43000030517578,40.43999862670898,40.86000061035156,40.86000061035156,-0.5199177061036049,-2.55187142150376,-1.0699996948242188,-1.0699996948242188
2020-03-30,41.5,42.31999969482422,41.5,42.31999969482422,42.31999969482422,-0.3837103266440041,3.57317440691074,1.4599990844726562,1.4599990844726562
2020-03-31,42.58000183105469,43.06999969482422,42.29999923706055,42.52000045776367,42.52000045776367,3.902816026937549,0.4725915982554118,0.2000007629394531,0.20000076293945312
2020-04-01,41.470001220703125,42.150001525878906,41.31999969482422,41.31999969482422,41.31999969482422,-0.6160640916044995,-2.822203080951158,-1.2000007629394531,-1.2000007629394531
