Date,Open,High,Low,Close,Adj Close,Volume,Daily_Return,Adj Close Diff
2001-06-15,55.42499923706055,56.005001068115234,55.17499923706055,55.665000915527344,39.153079986572266,-0.4427568859939777,,
2001-06-18,55.81499862670898,55.915000915527344,55.310001373291016,55.310001373291016,38.90338516235352,-0.9493761621662484,-0.6377399282620377,-0.2496948242187429
2001-06-19,56.150001525878906,56.165000915527344,55.23500061035156,55.46500015258789,39.01240158081055,0.01570515521084719,0.2802234767027789,0.10901641845702414
2001-06-20,55.375,56.07500076293945,55.375,56.04999923706055,39.42387390136719,-0.8245288532828168,1.0547218419873827,0.4114723205566406
2001-06-21,56.0,56.72499847412109,55.875,56.5,39.74037551879883,-0.9766179224293343,0.8028171412669538,0.3165016174316406
2001-06-22,56.45000076293945,56.45000076293945,55.875,56.13999938964844,39.48717498779297,-1.0152211751244182,-0.637136734870769,-0.2532005310058594
2001-06-25,56.09999847412109,56.18999862670898,55.38999938964844,55.63999938964844,39.23333740234375,-1.1121811844020366,-0.6428355169183164,-0.25383758544921875
2001-06-26,55.04999923706055,55.775001525878906,55.02999877929688,55.494998931884766,39.131080627441406,-1.0371695127771414,-0.2606374620993446,-0.10225677490234375
2001-06-27,55.59999847412109,55.84000015258789,55.23500061035156,55.5,39.13460159301758,-1.0582140953500465,0.008997874629868008,0.003520965576171875
2001-06-28,55.900001525878906,56.68999862670898,55.900001525878906,56.18000030517578,39.61410140991211,-0.9010898193302572,1.2252579491701887,0.47949981689453125
2001-06-29,56.025001525878906,56.810001373291016,55.95500183105469,56.5,39.8397331237793,-0.993014621734604,0.5695742319949071,0.2256317138671875
2001-07-02,56.29999923706055,56.970001220703125,56.29999923706055,56.650001525878906,39.94548797607422,-0.9445991710300674,0.26545070461778675,0.10575485229492188
2001-07-03,56.57500076293945,56.67499923706055,56.415000915527344,56.619998931884766,39.9243392944336,-1.09513894575404,-0.05294385602019336,-0.021148681640617895
2001-07-05,56.44499969482422,56.470001220703125,55.97499847412109,55.97499847412109,39.46953201293945,-0.7266650889253802,-1.1391729695012343,-0.45480728149414773
2001-07-06,55.5,55.540000915527344,54.5,54.5,38.42947769165039,-0.6302215111219434,-2.635081462197464,-1.0400543212890625
2001-07-09,54.71500015258789,55.09999847412109,54.650001525878906,54.84999847412109,38.6762580871582,-0.5830971391028611,0.6421643236682151,0.2467803955078125
2001-07-10,55.130001068115234,55.15499877929688,54.125,54.125,38.1650619506836,-0.9910780037064225,-1.3217311129804843,-0.5111961364746023
2001-07-11,54.22499847412109,54.2599983215332,53.630001068115234,54.19499969482422,38.21441268920898,-1.1013361234442205,0.12930868182303712,0.049350738525376414
2001-07-12,54.72499847412109,55.54499816894531,54.720001220703125,55.47999954223633,39.12049102783203,-1.0899746310122227,2.3710382414928732,0.906078338623054
2001-07-13,55.20000076293945,55.869998931884766,55.150001525878906,55.744998931884766,39.30736923217773,-0.8542236630482658,0.4776990253336555,0.18687820434569602
2001-07-16,55.775001525878906,55.775001525878906,55.040000915527344,55.09999847412109,38.8525505065918,-1.1018525549184022,-1.1570825890164338,-0.4548187255859304
2001-07-17,55.0,55.75,54.869998931884766,55.75,39.31088638305664,-1.013413664964782,1.1796802796436356,0.45833587646484375
2001-07-18,55.275001525878906,55.54499816894531,54.95500183105469,55.16999816894531,38.90190887451172,-1.096688240176585,-1.0403670488620564,-0.4089775085449219
2001-07-19,55.875,56.119998931884766,55.25,55.47999954223633,39.12049102783203,-1.1197985486462172,0.5618802769432385,0.2185821533203125
2001-07-20,55.5,55.64500045776367,55.25,55.48500061035156,39.12402725219727,-1.1243173240453073,0.009039314876502225,0.0035362243652414804
2001-07-23,55.625,55.69499969482422,54.525001525878906,54.525001525878906,38.44710159301758,-1.0982375345991302,-1.730204446531458,-0.6769256591796946
2001-07-24,54.334999084472656,54.52000045776367,53.400001525878906,53.77000045776367,37.91472244262695,-1.0657023517256816,-1.3847055521275298,-0.532379150390625
2001-07-25,53.84999847412109,54.470001220703125,53.72999954223633,54.45000076293945,38.39421081542969,-0.7966415536770037,1.2646495659523804,0.4794883728027344
2001-07-26,54.34000015258789,55.14500045776367,54.19499969482422,55.14500045776367,38.884273529052734,-1.0898455231436772,1.2763974130862943,0.4900627136230469
2001-07-27,55.185001373291016,55.41999816894531,54.869998931884766,55.2400016784668,38.95125961303711,-0.997533397133694,0.1722703754110988,0.066986083984375
2001-07-30,55.400001525878906,55.400001525878906,54.95500183105469,55.19499969482422,38.91954803466797,-1.1152797732471271,-0.0814134861983451,-0.031711578369140625
2001-07-31,55.25,55.91999816894531,55.20500183105469,55.41999816894531,39.07819747924805,-1.0548572907678655,0.40763434467110393,0.15864944458007812
2001-08-01,55.59999847412109,55.970001220703125,55.47499847412109,55.65999984741211,39.2474365234375,-0.9785545404575158,0.43307791839510834,0.16923904418945312
2001-08-02,56.17499923706055,56.20000076293945,55.625,55.834999084472656,39.37082290649414,-1.0916530333033132,0.31438074428875584,0.12338638305664062
2001-08-03,55.79999923706055,55.79999923706055,55.27000045776367,55.63999938964844,39.23333740234375,-1.1204440879889443,-0.34920657990035187,-0.13748550415039062
2001-08-06,55.59999847412109,55.59999847412109,54.90999984741211,55.0,38.78203582763672,-1.1121811844020366,-1.1503012605806773,-0.45130157470703125
2001-08-07,54.95000076293945,55.16999816894531,54.900001525878906,55.09999847412109,38.8525505065918,-1.1129558316133092,0.18182304628997503,0.07051467895507812
2001-08-08,54.92499923706055,55.220001220703125,54.04999923706055,54.09999847412109,38.14741897583008,-1.096688240176585,-1.8148912273908135,-0.7051315307617188
2001-08-09,54.04499816894531,54.2599983215332,53.80500030517578,54.2599983215332,38.26023864746094,-1.0955262693596761,0.2957465397654957,0.11281967163085938
2001-08-10,54.29999923706055,54.625,53.57500076293945,54.47999954223633,38.41536712646485,-1.0580849874815013,0.4054561196894291,0.15512847900391336
2001-08-13,54.619998931884766,54.72999954223633,54.36000061035156,54.57500076293945,38.48236846923828,-1.1097281348996735,0.1744128659576738,0.0670013427734304
2001-08-14,54.775001525878906,54.95000076293945,54.35499954223633,54.45500183105469,38.397743225097656,-1.106887761791674,-0.2199065377388898,-0.084625244140625
2001-08-15,54.69499969482422,54.69499969482422,53.98500061035156,53.98500061035156,38.06634521484375,-1.09965772115313,-0.8630663742688283,-0.33139801025390625
2001-08-16,53.94499969482422,54.150001525878906,53.54999923706055,54.150001525878906,38.18268203735352,-1.10417649655222,0.30561594987166263,0.11633682250977273
2001-08-17,53.86000061035156,53.900001525878906,53.16999816894531,53.32500076293945,37.60093307495117,-1.077192952026225,-1.5235937638776509,-0.5817489624023509
2001-08-20,53.375,53.72499847412109,53.34999847412109,53.70000076293945,37.865360260009766,-1.0854558556131324,0.7032463384126775,0.26442718505859375
2001-08-21,53.79999923706055,54.150001525878906,52.95000076293945,52.95000076293945,37.336524963378906,-1.0867469342985867,-1.396620269817872,-0.5288352966308594
2001-08-22,53.290000915527344,53.57500076293945,52.86000061035156,53.43999862670898,37.68205642700195,-0.9208433232177081,0.9254515891930382,0.3455314636230469
2001-08-23,53.45000076293945,53.53499984741211,53.25,53.369998931884766,37.63268661499024,-1.1117938607964004,-0.131016766845915,-0.049369812011711645
2001-08-24,53.5,54.345001220703125,53.40499877929688,54.345001220703125,38.32018280029297,-1.0979793188620393,1.8268591672348844,0.6874961853027273
2001-08-27,54.20000076293945,54.34999847412109,54.0,54.150001525878906,38.18268203735352,-1.0830028061107693,-0.3588207385544995,-0.13750076293944602
2001-08-28,54.07500076293945,54.07500076293945,53.244998931884766,53.244998931884766,37.54453659057617,-1.0920403569089494,-1.6712955002821994,-0.6381454467773509
2001-08-29,53.47499847412109,53.47499847412109,52.650001525878906,52.744998931884766,37.19196701049805,-1.0737070395754984,-0.9390702671946749,-0.352569580078125
2001-08-30,52.625,52.81999969482422,51.70500183105469,51.95500183105469,36.63491439819336,-1.0596342819040463,-1.4977766896476563,-0.5570526123046875
2001-08-31,52.07500076293945,52.560001373291016,51.915000915527344,52.17499923706055,36.79004669189453,-1.0867469342985867,0.4234547732663074,0.15513229370117188
2001-09-04,52.16999816894531,53.03499984741211,51.900001525878906,51.900001525878906,36.59614562988281,-1.0855849634816779,-0.5270476105550537,-0.19390106201171875
2001-09-05,51.92499923706055,52.060001373291016,51.2599983215332,51.82500076293945,36.54326629638672,-1.1022398785240386,-0.14449427005480686,-0.05287933349609375
2001-09-06,51.70500183105469,51.70500183105469,50.775001525878906,50.775001525878906,35.802879333496094,-1.073319715969862,-2.026055790650083,-0.740386962890625
2001-09-07,50.52000045776367,50.84000015258789,49.75,49.75,35.08012008666992,-1.0458197399696851,-2.018718215632398,-0.7227592468261719
2001-09-10,49.650001525878906,50.29999923706055,49.375,50.125,35.34453201293945,-1.0832610218478602,0.7537372324161629,0.26441192626953125
2001-09-17,47.125,48.54999923706055,47.125,47.744998931884766,33.666343688964844,-0.867134449902809,-4.748084720318923,-1.6781883239746094
2001-09-18,47.72499847412109,48.0,47.07500076293945,47.1349983215332,33.23621368408203,-0.9262658536966163,-1.2776261326643557,-0.4301300048828125
2001-09-19,47.25,47.525001525878906,45.09999847412109,46.5,32.788448333740234,-0.9657728614715181,-1.3472213008314138,-0.4477653503417969
2001-09-20,45.75,45.95000076293945,45.0,45.0,31.730762481689453,-0.9909488958378772,-3.2257880619571466,-1.0576858520507812
2001-09-21,43.5,45.0,43.400001525878906,44.275001525878906,31.21954727172852,-0.9877211991242414,-1.6111028225556656,-0.511215209960934
2001-09-24,45.5,45.97499847412109,45.130001068115234,45.69499969482422,32.33584976196289,-0.7586838403246471,3.5756523966164577,1.1163024902343714
2001-09-25,45.97499847412109,46.31999969482422,45.5,46.125,32.64015197753906,-1.009153105302783,0.9410676317964883,0.3043022155761719
2001-09-26,46.42499923706055,46.42499923706055,45.6349983215332,45.77000045776367,32.388938903808594,-0.9741648729269711,-0.7696443138602405,-0.25121307373046875
2001-09-27,45.79999923706055,46.44499969482422,45.380001068115234,46.22499847412109,32.71091079711914,-0.8695874994051721,0.9940797821959002,0.3219718933105469
2001-09-28,46.67499923706055,47.47499847412109,46.67499923706055,47.47499847412109,33.595462799072266,-0.8956672888513492,2.7041497176258034,0.884552001953125
2001-10-01,47.09999847412109,47.29999923706055,46.65499877929688,47.04499816894531,33.29117202758789,-0.536618306426506,-0.9057496046542823,-0.304290771484375
2001-10-02,47.025001525878906,47.66999816894531,47.0,47.625,33.70161437988281,-0.4969821907830587,1.2328864599744138,0.4104423522949219
2001-10-03,47.17499923706055,48.900001525878906,47.17499923706055,48.46500015258789,34.2960319519043,-0.6653388513663006,1.763765869851941,0.5944175720214844
2001-10-04,49.095001220703125,49.4900016784668,48.625,48.625,34.40924835205078,-0.7580383009819198,0.33011515823537785,0.11321640014648438
2001-10-05,48.625,48.775001525878906,47.96500015258789,48.650001525878906,34.42694854736328,-0.9136132825791641,0.05144022656760061,0.0177001953125
2001-10-08,48.22499847412109,48.64500045776367,48.15499877929688,48.32500076293945,34.19695281982422,-0.6626275861268465,-0.6680688740759111,-0.2299957275390625
2001-10-09,48.29999923706055,48.32500076293945,47.95500183105469,48.005001068115234,33.97052001953125,-0.8307260309729975,-0.6621432075717082,-0.22643280029296875
2001-10-10,48.07500076293945,49.17499923706055,48.07500076293945,49.14500045776367,34.77722930908203,-0.7021345939017484,2.374733413227026,0.8067092895507812
2001-10-11,49.875,50.130001068115234,49.72499847412109,50.04499816894531,35.41410827636719,-0.7830852274797334,1.8313102565615802,0.6368789672851562
2001-10-12,49.72499847412109,49.95500183105469,48.869998931884766,49.665000915527344,35.145206451416016,-0.9036719767011658,-0.7593070616170761,-0.2689018249511719
2001-10-15,49.400001525878906,49.775001525878906,49.17499923706055,49.73500061035156,35.19474411010742,-0.8357612378462692,0.14095139477949825,0.04953765869140625
2001-10-16,49.70000076293945,50.30500030517578,49.650001525878906,50.01499938964844,35.39288711547852,-0.3035786037020033,0.5629903281899384,0.19814300537110086
2001-10-17,50.39500045776367,50.505001068115234,49.0,49.0,34.67462158203125,-0.7985781717051852,-2.0294064485435803,-0.7182655334472727
2001-10-18,49.005001068115234,49.13999938964844,48.540000915527344,48.744998931884766,34.49415588378906,-0.8241415296771805,-0.5204547014745375,-0.1804656982421875
2001-10-19,48.55500030517578,49.04499816894531,48.25,48.880001068115234,34.58969497680664,-0.7852800612450058,0.27697182484895944,0.09553909301757812
2001-10-22,48.84999847412109,49.71500015258789,48.80500030517578,49.61000061035156,35.106292724609375,-0.8414419840622682,1.4935018887825668,0.5165977478027344
2001-10-23,49.84999847412109,50.084999084472656,49.375,49.42499923706055,34.97536087036133,-0.8751391377526256,-0.3729583618388266,-0.13093185424804688
2001-10-24,49.5,49.69499969482422,49.20500183105469,49.400001525878906,34.957672119140625,-0.8445405729073585,-0.05057489266877546,-0.017688751220703125
2001-10-25,49.0,50.150001525878906,48.69499969482422,50.09999847412109,35.45303726196289,-0.6324163448872157,1.4170427056298118,0.4953651428222656
2001-10-26,50.125,50.57500076293945,49.9900016784668,50.369998931884766,35.64410400390625,-0.9329794628609787,0.5389291206041591,0.19106674194335938
2001-10-29,50.20000076293945,50.20000076293945,49.20000076293945,49.20000076293945,34.816139221191406,-0.9124513117622551,-2.322866027503756,-0.8279647827148438
2001-10-30,48.88999938964844,48.88999938964844,48.084999084472656,48.38999938964844,34.24295425415039,-0.8498339955177212,-1.6463197237335803,-0.5731849670410156
2001-10-31,48.67499923706055,49.06999969482422,48.45000076293945,48.45000076293945,34.285430908203125,-0.9850099338847873,0.12404494582294312,0.042476654052734375
2001-11-01,48.72499847412109,49.52999877929688,48.06499862670898,49.470001220703125,35.0072135925293,-0.9102564779969828,2.1052168959424744,0.7217826843261719
2001-11-02,49.09999847412109,49.744998931884766,49.09999847412109,49.54999923706055,35.0638313293457,-0.9329794628609787,0.1617316290162707,0.05661773681640625
2001-11-05,50.400001525878906,50.43000030517578,50.10499954223633,50.2599983215332,35.566246032714844,-0.9759723830866072,1.4328574041156061,0.5024147033691406
2001-11-06,50.209999084472656,51.005001068115234,50.0,50.9900016784668,36.08285140991211,-0.8813363154428063,1.4525158958920592,0.5166053771972656
2001-11-07,51.0,51.369998931884766,50.84000015258789,50.900001525878906,36.019161224365234,-1.0318760901667787,-0.17651095481157064,-0.063690185546875
2001-11-08,51.275001525878906,51.744998931884766,50.88999938964844,50.93000030517578,36.04038619995117,-1.049047436683321,0.058926901306022295,0.0212249755859375
2001-11-09,50.915000915527344,51.130001068115234,50.665000915527344,51.040000915527344,36.11821365356445,-0.9979207207393304,0.2159451155198333,0.07782745361328125
2001-11-12,50.4900016784668,51.06499862670898,50.02999877929688,50.95000076293945,36.05453109741211,-0.8939888865602585,-0.17631701490878893,-0.06368255615234375
2001-11-13,51.59999847412109,51.93999862670898,51.43999862670898,51.84999847412109,36.69140625,-1.0327798452465968,1.766421953643449,0.6368751525878906
2001-11-14,52.42499923706055,52.42499923706055,51.71500015258789,52.16999816894531,36.91786193847656,-0.9976625050022395,0.6171899952091886,0.2264556884765625
2001-11-15,52.09999847412109,52.29999923706055,51.810001373291016,52.005001068115234,36.80110168457031,-1.0002446623731482,-0.31627035742435305,-0.11676025390625
2001-11-16,52.125,52.165000915527344,51.55500030517578,51.98500061035156,36.78694915771485,-1.0260662360822344,-0.03845680212719582,-0.014152526855461645
2001-11-19,52.25,52.51499938964844,52.040000915527344,52.51499938964844,37.16199493408203,-0.9550569083822473,1.0195076921417634,0.3750457763671804
2001-11-20,52.57500076293945,52.61000061035156,52.1349983215332,52.13999938964844,36.89663696289063,-1.0775802756318613,-0.7140573902506886,-0.26535797119139914
2001-11-21,52.20000076293945,52.20000076293945,51.630001068115234,51.81999969482422,36.67018508911133,-1.0487892209462302,-0.6137466512383227,-0.22645187377930398
2001-11-23,51.900001525878906,52.54499816894531,51.900001525878906,52.45500183105469,37.11952209472656,-1.0731906081013165,1.2253469801783323,0.4493370056152344
2001-11-26,52.665000915527344,52.880001068115234,52.334999084472656,52.775001525878906,37.345985412597656,-1.0420756117818677,0.6100922239601347,0.22646331787109375
2001-11-27,52.75,53.17499923706055,52.20000076293945,52.630001068115234,37.24336242675781,-0.9759723830866072,-0.27478987287674617,-0.10262298583984375
2001-11-28,52.45000076293945,52.45000076293945,51.52000045776367,51.52000045776367,36.45789337158203,-0.997791612870785,-2.109017564459903,-0.7854690551757812
2001-11-29,51.90999984741211,52.310001373291016,51.55500030517578,52.310001373291016,37.01692199707031,-1.021805676420235,1.5333541622677194,0.5590286254882812
2001-11-30,52.18999862670898,52.39500045776367,52.13999938964844,52.13999938964844,36.89663696289063,-0.9176156265040724,-0.3249460724724762,-0.1202850341796804
2001-12-03,51.834999084472656,51.95000076293945,51.56999969482422,51.77999877929688,36.64187240600586,-0.9615123018095189,-0.6904817833153887,-0.25476455688477273
2001-12-04,51.97999954223633,52.459999084472656,51.82500076293945,52.459999084472656,37.123077392578125,-1.0126390177535094,1.313265275421327,0.4812049865722656
2001-12-05,52.97499847412109,53.90999984741211,52.89500045776367,53.75,38.03592300415039,-1.0020521725327842,2.4589707418888995,0.9128456115722656
2001-12-06,53.84999847412109,53.95000076293945,53.5099983215332,53.650001525878906,37.96515655517578,-0.953765829696793,-0.18605161485600874,-0.07076644897460938
2001-12-07,53.68000030517578,53.68000030517578,53.095001220703125,53.53499984741211,37.88379287719727,-1.0198690583920536,-0.21431145123887996,-0.08136367797850852
2001-12-10,53.20000076293945,53.30500030517578,52.47499847412109,52.525001525878906,37.1690673828125,-0.9079325363631651,-1.8866260215855357,-0.7147254943847727
2001-12-11,52.75,52.994998931884766,52.26499938964844,52.38999938964844,37.07353210449219,-0.9675803716311542,-0.2570289895529876,-0.0955352783203125
2001-12-12,52.57500076293945,52.595001220703125,51.84999847412109,52.36000061035156,37.05231094360352,-0.9282024717247978,-0.057240731281960056,-0.02122116088866477
2001-12-13,51.9900016784668,52.13999938964844,51.5,51.58000183105469,36.50035858154297,-1.060150713378228,-1.4896570497334616,-0.551952362060554
2001-12-14,51.525001525878906,51.92499923706055,51.400001525878906,51.81499862670898,36.66664505004883,-1.0076038108802376,0.4555748901325707,0.16628646850585938
2001-12-17,51.84999847412109,52.38999938964844,51.81499862670898,52.19499969482422,36.935546875,-1.0791295700544064,0.7333690458566133,0.2689018249511719
2001-12-18,52.70000076293945,52.83000183105469,52.55500030517578,52.73500061035156,37.31767272949219,-0.9222635097717079,1.0345747845169395,0.3821258544921875
2001-12-19,52.5,53.13999938964844,52.380001068115234,52.97499847412109,37.487525939941406,-1.0593760661669556,0.455154885141007,0.16985321044921875
2001-12-20,52.95000076293945,53.03499984741211,52.5,52.5,37.15137481689453,-1.0467234950495032,-0.8967012749398817,-0.336151123046875
2001-12-21,52.57500076293945,52.91999816894531,52.54999923706055,52.77999877929688,37.34952163696289,-0.9134841747106186,0.5333498990143681,0.19814682006835938
2001-12-24,52.70000076293945,52.7599983215332,52.685001373291016,52.70000076293945,37.43226623535156,-1.0522751333969569,0.22154125344080455,0.08274459838867188
2001-12-26,52.57500076293945,53.310001373291016,52.57500076293945,52.959999084472656,37.61693954467773,-1.0707375585989534,0.49335326951633895,0.18467330932616477
2001-12-27,53.09999847412109,53.275001525878906,53.0099983215332,53.26499938964844,37.83359146118164,-1.0708666664674988,0.5759424321231554,0.21665191650391336
2001-12-28,53.470001220703125,53.630001068115234,53.33000183105469,53.42499923706055,37.947227478027344,-0.9897869250209682,0.30035746662406826,0.11363601684570312
2001-12-31,53.47499847412109,53.47499847412109,52.69499969482422,52.69499969482422,37.4287223815918,-1.0429793668616858,-1.3663846633743648,-0.5185050964355469
2002-01-02,53.0,53.16999816894531,52.30500030517578,53.125,37.7341423034668,-0.08112574619822595,0.8160041338338919,0.305419921875
2002-01-03,53.22999954223633,53.69499969482422,53.17499923706055,53.69499969482422,38.13901519775391,-0.9030264373584387,1.0729616988006008,0.4048728942871165
2002-01-04,53.900001525878906,54.20500183105469,53.64500045776367,54.04999923706055,38.39116287231445,-0.8172988126442726,0.6611279112822777,0.25214767456053977
2002-01-07,54.375,54.375,53.68000030517578,53.70000076293945,38.14256286621094,-0.6409374642112141,-0.6475448710171583,-0.24860000610351562
2002-01-08,53.810001373291016,53.810001373291016,53.42499923706055,53.54499816894531,38.03246688842773,-0.951958319537157,-0.2886433671732691,-0.11009597778321023
2002-01-09,53.57500076293945,54.19499969482422,53.2400016784668,53.3650016784668,37.90461730957031,-0.99030335649515,-0.3361590486162136,-0.12784957885741477
2002-01-10,53.32500076293945,53.525001525878906,53.16999816894531,53.32500076293945,37.87619400024414,-0.9504090251146119,-0.07498640361947029,-0.028423309326171875
2002-01-11,53.5,53.5,52.8650016784668,52.880001068115234,37.56012344360352,-1.08016243300277,-0.8344834136148394,-0.3160705566406179
2002-01-14,52.84999847412109,52.84999847412109,52.46500015258789,52.46500015258789,37.26537322998047,-0.8460898673299038,-0.784742398585625,-0.294750213623054
2002-01-15,52.70000076293945,52.95500183105469,52.459999084472656,52.82500076293945,37.52104949951172,-0.9563479870677016,0.6860960923519066,0.25567626953125
2002-01-16,52.42499923706055,52.52000045776367,51.95000076293945,51.95000076293945,36.8995475769043,-0.9081907521002559,-1.6564086849849669,-0.6215019226074219
2002-01-17,52.45000076293945,52.525001525878906,52.17499923706055,52.4900016784668,37.283111572265625,-0.9949512397627854,1.0394815669810598,0.3835639953613281
2002-01-18,52.459999084472656,52.459999084472656,51.875,52.005001068115234,36.938621520996094,-0.9924981902604223,-0.9239841760573242,-0.34449005126953125
2002-01-22,52.42499923706055,52.42499923706055,51.54999923706055,51.59999847412109,36.65095520019531,-1.0414300724391405,-0.7787684243638293,-0.28766632080078125
2002-01-23,51.72499847412109,52.16999816894531,51.47499847412109,52.04499816894531,36.9670295715332,-1.1046929280264017,0.8623905423785772,0.3160743713378906
2002-01-24,52.375,52.54999923706055,52.22999954223633,52.275001525878906,37.13040542602539,-1.0990121818104028,0.4419501820562832,0.1633758544921875
2002-01-25,52.22499847412109,52.51499938964844,52.04499816894531,52.36000061035156,37.190765380859375,-1.101465231312766,0.16256206777554016,0.060359954833984375
2002-01-28,52.47499847412109,52.53499984741211,52.04999923706055,52.31999969482422,37.16236114501953,-0.8481555932266306,-0.07637443206388594,-0.02840423583984375
2002-01-29,52.5,52.53499984741211,50.92499923706055,51.02000045776367,36.23898696899414,-1.0557610458476834,-2.484702660366722,-0.9233741760253906
2002-01-30,51.09999847412109,51.58000183105469,50.21500015258789,51.5,36.57991790771485,-0.9376273461286142,0.9407849590619355,0.34093093872071023
2002-01-31,51.82500076293945,52.23500061035156,51.65999984741211,52.23500061035156,37.10198974609375,-0.9785545404575158,1.427208884656328,0.5220718383788991
2002-02-01,52.334999084472656,52.334999084472656,51.81499862670898,51.93000030517578,36.885345458984375,-1.003214143349693,-0.5839155489826053,-0.216644287109375
2002-02-04,51.900001525878906,51.900001525878906,50.619998931884766,50.67499923706055,35.993934631347656,-1.013671880701873,-2.4167072764113007,-0.8914108276367188
2002-02-05,50.72499847412109,50.97999954223633,50.22999954223633,50.494998931884766,35.8660888671875,-0.999599123030421,-0.3551869654417117,-0.12784576416015625
2002-02-06,50.375,50.67499923706055,50.005001068115234,50.15999984741211,35.62813949584961,-0.9354325123633419,-0.6634383030137969,-0.23794937133789062
2002-02-07,50.0099983215332,50.54499816894531,49.95000076293945,49.95000076293945,35.47897720336914,-1.0038596826924202,-0.4186642765835247,-0.14916229248046875
2002-02-08,50.07500076293945,50.68000030517578,49.96500015258789,50.665000915527344,35.98683547973633,-1.0281319619789613,1.4314343771977711,0.5078582763671875
2002-02-11,50.790000915527344,51.43000030517578,50.72499847412109,51.3650016784668,36.48403549194336,-0.885725982973351,1.3816163760411726,0.49720001220703125
2002-02-12,51.25,51.4900016784668,51.04499816894531,51.2400016784668,36.39524841308594,-0.9568644185418834,-0.24335871199617776,-0.08878707885742188
2002-02-13,51.34000015258789,51.834999084472656,51.34000015258789,51.71500015258789,36.7326545715332,-1.0725450687585893,0.9270610125192924,0.3374061584472656
2002-02-14,51.92499923706055,52.06999969482422,51.470001220703125,51.64500045776367,36.68290710449219,-1.0606671448524099,-0.1354311786645801,-0.049747467041015625
2002-02-15,51.775001525878906,51.775001525878906,51.0099983215332,51.084999084472656,36.285152435302734,-1.098495750336221,-1.0843051998480902,-0.3977546691894531
2002-02-19,50.98500061035156,50.98500061035156,50.06499862670898,50.1349983215332,35.61037826538086,-1.0149629593873273,-1.8596426489457696,-0.674774169921875
2002-02-20,50.25,50.7599983215332,49.72499847412109,50.7599983215332,36.05431365966797,-1.0534371042138657,1.2466461068701529,0.4439353942871094
2002-02-21,50.6349983215332,50.90999984741211,49.95000076293945,49.95000076293945,35.47897720336914,-1.1019816627869476,-1.5957492957144437,-0.5753364562988281
2002-02-22,49.900001525878906,50.59999847412109,49.77000045776367,50.31499862670898,35.73823165893555,-1.1010779077071295,0.7307269713000331,0.25925445556640625
2002-02-25,50.57500076293945,51.29999923706055,50.57500076293945,51.209999084472656,36.37392425537109,-1.0375568363827776,1.7787466444960431,0.6356925964355398
2002-02-26,51.34999847412109,51.494998931884766,50.85499954223633,51.380001068115234,36.49468994140625,-1.0986248582047664,0.33201170483365683,0.12076568603516336
2002-02-27,51.2599983215332,51.89500045776367,50.95000076293945,51.20000076293945,36.36683654785156,0.3840499041709614,-0.3503342370080764,-0.1278533935546875
2002-02-28,51.45000076293945,51.79999923706055,51.25,51.31999969482422,36.45206832885742,-1.0277446383733249,0.23436677230286307,0.08523178100585938
2002-03-01,51.43999862670898,52.345001220703125,51.435001373291016,52.345001220703125,37.18012237548828,-0.9350451887577056,1.9972914569966749,0.7280540466308594
2002-03-04,52.5,53.369998931884766,52.34999847412109,53.32500076293945,37.87619400024414,-0.9364653753117053,1.8721606608125496,0.6960716247558594
2002-03-05,53.32500076293945,53.55500030517578,52.95000076293945,53.025001525878906,37.66310501098633,-1.043624906204413,-0.5625934571367952,-0.2130889892578125
2002-03-06,53.125,53.90999984741211,53.02000045776367,53.79499816894531,38.21002578735352,-0.9790709719316975,1.4521393714290287,0.5469207763671946
2002-03-07,53.98500061035156,54.04499816894531,53.369998931884766,53.56999969482422,38.05021667480469,-1.0836483454534964,-0.41823869326392815,-0.15980911254883523
2002-03-08,54.29999923706055,54.34000015258789,53.77000045776367,53.970001220703125,38.33433532714844,-0.8921813764006226,0.7466939144445961,0.28411865234375
2002-03-11,54.0,54.345001220703125,53.70000076293945,54.14500045776367,38.4586296081543,-1.0959135929653123,0.3242374752167265,0.12429428100585938
2002-03-12,53.75,54.15499877929688,53.494998931884766,54.040000915527344,38.38405990600586,-1.08468120840186,-0.1938958899685428,-0.0745697021484375
2002-03-13,54.0,54.0,53.435001373291016,53.53499984741211,38.02536010742188,-0.9094818307857102,-0.9345019767641904,-0.35869979858397727
2002-03-14,53.5099983215332,53.68000030517578,53.400001525878906,53.4900016784668,37.99340057373047,-1.0950098378854944,-0.08404794484819789,-0.031959533691413355
2002-03-15,53.67499923706055,54.07500076293945,53.59999847412109,53.959999084472656,38.32722854614258,-1.093073219857313,0.8786472581317817,0.3338279724121094
2002-03-18,54.29999923706055,54.345001220703125,53.77999877929688,54.0,38.35564804077149,-0.8874043852644415,0.0741496207968595,0.028419494628913355
2002-03-19,54.32500076293945,54.41999816894531,54.11000061035156,54.25,38.5332260131836,-1.0690591563078629,0.4629773748662691,0.17757797241210938
2002-03-20,54.0,54.0,53.375,53.375,37.91172409057617,-0.9590592523071557,-1.612898754946679,-0.621501922607429
2002-03-21,53.47499847412109,53.70500183105469,52.935001373291016,53.61000061035156,38.0786247253418,-1.0861013949558596,0.44023488450928294,0.166900634765625
2002-03-22,53.59999847412109,53.70000076293945,53.27999877929688,53.400001525878906,37.92948913574219,-1.079646001528588,-0.39165172239100654,-0.14913558959960938
2002-03-25,53.29999923706055,53.34000015258789,52.45000076293945,52.45000076293945,37.35963821411133,-0.941758797922068,-1.502395456979333,-0.5698509216308594
2002-03-26,52.59999847412109,53.18999862670898,52.560001373291016,52.81499862670898,37.61961364746094,-1.0744816867867708,0.6958724596305421,0.2599754333496094
2002-03-27,52.88999938964844,53.22499847412109,52.73500061035156,53.130001068115234,37.843994140625,-1.091007493960586,0.5964455011866043,0.2243804931640625
2002-03-28,53.17499923706055,53.52999877929688,53.05500030517578,53.05500030517578,37.79057693481445,-0.7204679112351995,-0.14115107832448626,-0.053417205810546875
2002-04-01,53.0,53.23500061035156,52.525001525878906,53.09000015258789,37.81551361083984,0.9000940547470485,0.06598649199878182,0.02493667602538352
2002-04-02,52.96500015258789,53.0,52.7400016784668,52.744998931884766,37.56977462768555,-0.4710315092054271,-0.6498364287292113,-0.24573898315428977
2002-04-03,52.82500076293945,52.82500076293945,52.0,52.16999816894531,37.16019821166992,-1.064927704514409,-1.0901753339606302,-0.409576416015625
2002-04-04,52.25,52.45000076293945,52.03499984741211,52.33000183105469,37.2741584777832,-1.0651859202515,0.3066729231748111,0.11396026611328125
2002-04-05,52.619998931884766,52.619998931884766,52.1349983215332,52.244998931884766,37.213626861572266,-1.0725450687585893,-0.1623956614527411,-0.0605316162109375
2002-04-08,51.82500076293945,52.375,51.68000030517578,52.375,37.30622482299805,-1.0317469822982333,0.2488281020558203,0.09259796142578125
2002-04-09,52.5,52.525001525878906,52.02999877929688,52.09999847412109,37.110347747802734,-1.0840356690591328,-0.5250519883066795,-0.1958770751953125
2002-04-10,52.17499923706055,52.71500015258789,52.165000915527344,52.71500015258789,37.54839706420898,-1.1061131145804015,1.180396689848262,0.4380493164062429
2002-04-11,52.650001525878906,52.650001525878906,51.525001525878906,51.525001525878906,36.700775146484375,-1.0704793428618626,-2.257411724594105,-0.8476219177246023
2002-04-12,51.79999923706055,51.994998931884766,51.525001525878906,51.93000030517578,36.9892463684082,-1.080807972345497,0.7860085264478789,0.2884712219238281
2002-04-15,51.97499847412109,52.08000183105469,51.435001373291016,51.619998931884766,36.7684440612793,-1.0813244038196788,-0.5969364850793246,-0.22080230712890625
2002-04-16,52.130001068115234,52.75,52.1150016784668,52.70000076293945,37.537696838378906,-1.081711727425315,2.0921548266158663,0.7692527770996094
2002-04-17,52.72499847412109,52.93999862670898,52.5,52.619998931884766,37.480735778808594,-1.09513894575404,-0.15174361872962727,-0.0569610595703125
2002-04-18,52.59999847412109,52.81999969482422,51.880001068115234,52.56999969482422,37.44511413574219,-1.0855849634816779,-0.09503987135318637,-0.03562164306640625
2002-04-19,52.75,52.75,52.47999954223633,52.59000015258789,37.4593620300293,-1.1083079483456737,0.03805007573340902,0.014247894287109375
2002-04-22,52.42499923706055,52.42499923706055,51.75,51.845001220703125,36.9287109375,-1.08919998380095,-1.4166047251522929,-0.5306510925292969
2002-04-23,51.900001525878906,51.994998931884766,51.5,51.56999969482422,36.73281478881836,-1.0731906081013165,-0.5304711258759753,-0.19589614868164062
2002-04-24,51.59999847412109,51.8849983215332,51.150001525878906,51.150001525878906,36.43366241455078,-1.097591995256403,-0.8144009000874086,-0.2991523742675781
2002-04-25,51.025001525878906,51.28499984741211,50.900001525878906,51.23500061035156,36.49420547485352,-1.081711727425315,0.1661734129659198,0.06054306030274148
2002-04-26,51.400001525878906,51.40999984741211,50.27999877929688,50.27999877929688,35.8139533996582,-1.0455615242325944,-1.864000233308405,-0.6802520751953196
2002-04-29,50.47499847412109,50.560001373291016,49.95000076293945,50.04999923706055,35.650142669677734,-1.0001155545046028,-0.4573935978317123,-0.16381072998046875
2002-04-30,50.25,50.81499862670898,50.0,50.68999862670898,36.10602188110352,-1.0611835763265915,1.2787584488786363,0.45587921142578836
2002-05-01,50.68999862670898,51.11000061035156,50.09999847412109,51.11000061035156,36.405181884765625,-1.0521460255284114,0.8285598580957787,0.29916000366210227
2002-05-02,51.5,51.5,50.72499847412109,50.8650016784668,36.23065948486328,-1.0911366018291315,-0.4793888970387905,-0.17452239990234375
2002-05-03,50.79999923706055,50.79999923706055,50.26499938964844,50.39500045776367,35.89589309692383,-1.0963009165709487,-0.923986459808479,-0.3347663879394531
2002-05-06,50.51499938964844,50.58000183105469,49.44499969482422,49.44499969482422,35.21921157836914,-1.0749981182609527,-1.8851223919336801,-0.6766815185546875
2002-05-07,49.84999847412109,49.84999847412109,49.220001220703125,49.220001220703125,35.058956146240234,-1.0392352386738684,-0.45502277009327186,-0.16025543212890625
2002-05-08,50.22499847412109,51.150001525878906,50.150001525878906,51.04499816894531,36.35887145996094,-1.0017939567956933,3.7077981109831404,1.2999153137207031
2002-05-09,50.92499923706055,50.92499923706055,50.3650016784668,50.3650016784668,35.87451171875,-1.0911366018291315,-1.3321638482215348,-0.4843597412109375
2002-05-10,50.375,50.435001373291016,49.5,49.5,35.25838851928711,-1.0675098618853176,-1.7174399593036682,-0.6161231994628906
2002-05-13,49.72499847412109,50.435001373291016,49.540000915527344,50.435001373291016,35.924373626708984,-1.075127226129498,1.888869955181205,0.665985107421875
2002-05-14,51.29499816894531,51.58000183105469,51.025001525878906,51.58000183105469,36.73995208740234,-1.0677680776224086,2.2702649437065903,0.8155784606933523
2002-05-15,51.595001220703125,51.834999084472656,51.125,51.29499816894531,36.53693008422852,-0.36826164584326415,-0.5525919105469623,-0.20302200317381391
2002-05-16,51.45500183105469,51.540000915527344,51.244998931884766,51.5,36.68295669555664,-1.1102445663738552,0.39966852987232127,0.1460266113281179
2002-05-17,51.775001525878906,51.89500045776367,51.46500015258789,51.8650016784668,36.94294357299805,-1.091265709697677,0.7087402457744085,0.25998687744140625
2002-05-20,51.584999084472656,51.584999084472656,51.130001068115234,51.17499923706055,36.45146560668945,-1.0904910624864044,-1.3303703462000827,-0.49147796630859375
2002-05-21,51.29499816894531,51.470001220703125,50.54499816894531,50.56499862670898,36.016963958740234,-1.0925567883831313,-1.1920004880941804,-0.43450164794921875
2002-05-22,50.57500076293945,50.86000061035156,50.39500045776367,50.775001525878906,36.16655731201172,-1.0875215815098593,0.4153413748111845,0.14959335327148438
2002-05-23,51.02000045776367,51.31499862670898,50.57500076293945,51.31499862670898,36.55118560791016,-1.0983666424676757,1.0634915913622311,0.3846282958984446
2002-05-24,51.29999923706055,51.29999923706055,50.70500183105469,50.70500183105469,36.116676330566406,-1.097333779519312,-1.1887693110828268,-0.4345092773437571
2002-05-28,50.915000915527344,50.915000915527344,50.14500045776367,50.39500045776367,35.89589309692383,-1.0432375825987765,-0.6113055133363021,-0.22078323364257812
2002-05-29,50.42499923706055,50.42499923706055,50.084999084472656,50.1150016784668,35.69643783569336,-1.0708666664674988,-0.555649251272039,-0.19945526123046875
2002-05-30,49.875,50.185001373291016,49.51499938964844,49.96500015258789,35.58958435058594,-1.0916530333033132,-0.2993393503274877,-0.10685348510742188
2002-05-31,50.150001525878906,50.60499954223633,49.97499847412109,49.97499847412109,35.596710205078125,-1.0959135929653123,0.02002230321656029,0.0071258544921875
2002-06-03,50.0,50.18000030517578,48.75,48.75,34.72416305541992,-1.0140592043075092,-2.4512016549600335,-0.8725471496582031
2002-06-04,48.75,49.04999923706055,48.27999877929688,48.67499923706055,34.670753479003906,-1.0578267717444103,-0.1538109826600409,-0.053409576416015625
2002-06-05,48.92499923706055,49.209999084472656,48.75,49.209999084472656,35.05182647705078,-1.0937187592000401,1.0991194589343056,0.381072998046875
2002-06-06,49.26499938964844,49.26499938964844,48.20000076293945,48.28499984741211,34.39295959472656,-1.0902328467493134,-1.8796934383878527,-0.6588668823242188
2002-06-07,47.525001525878906,48.540000915527344,47.525001525878906,48.35499954223633,34.44282150268555,-1.0548572907678655,0.14497707829317363,0.049861907958984375
2002-06-10,48.34999847412109,48.79999923706055,48.27999877929688,48.43999862670898,34.503360748291016,-1.0939769749371309,0.17576738189335472,0.06053924560546875
2002-06-11,48.7599983215332,48.7599983215332,47.584999084472656,47.619998931884766,33.91927719116211,-1.099399505416039,-1.6928309140373687,-0.5840835571289062
2002-06-12,47.505001068115234,47.900001525878906,47.084999084472656,47.85499954223633,34.0866584777832,-1.0709957743360443,0.4934694972353437,0.16738128662109375
2002-06-13,47.75,48.06999969482422,47.345001220703125,47.34999847412109,33.726959228515625,-1.047885465866412,-1.0552493712518651,-0.3596992492675781
2002-06-14,46.70000076293945,47.42499923706055,46.18999862670898,47.2400016784668,33.64859771728516,-1.0686718327022264,-0.23234087217743893,-0.07836151123046164
2002-06-17,47.84999847412109,48.65999984741211,47.84000015258789,48.59999847412109,34.61732864379883,-1.0777093835004066,2.8789637376657407,0.9687309265136648
2002-06-18,48.400001525878906,48.915000915527344,48.400001525878906,48.650001525878906,34.6529426574707,-1.0795168936600428,0.10287915060787078,0.035614013671875
2002-06-19,48.32500076293945,48.75,47.875,47.89500045776367,34.11515426635742,-1.0934605434629492,-1.5519270511283434,-0.5377883911132812
2002-06-20,47.82500076293945,48.0,47.185001373291016,47.28499984741211,33.6806755065918,-1.086230502824405,-1.2735652794455765,-0.434478759765625
2002-06-21,47.125,47.209999084472656,46.29999923706055,46.505001068115234,33.12506484985352,-0.23825002221801528,-1.6496422603802352,-0.5556106567382741
2002-06-24,46.375,46.900001525878906,45.42499923706055,46.53499984741211,33.23934555053711,-0.8108434192170011,0.3449976662735166,0.11428070068358664
2002-06-25,46.79999923706055,47.04499816894531,45.59999847412109,45.68000030517578,32.62864685058594,-1.096688240176585,-1.8372765463226859,-0.6106986999511719
2002-06-26,44.59999847412109,45.73500061035156,44.57500076293945,45.54999923706055,32.535789489746094,-0.6546228982770298,-0.28458845156852375,-0.09285736083984375
2002-06-27,46.09999847412109,46.31499862670898,45.20000076293945,46.31499862670898,33.082210540771484,-0.6515243094319394,1.679446110252214,0.5464210510253906
2002-06-28,46.34999847412109,46.834999084472656,46.32500076293945,46.400001525878906,33.142940521240234,-0.6544937904084843,0.1835729217487092,0.06072998046875
2002-07-01,46.5,46.5,45.2400016784668,45.2400016784668,32.31436538696289,-1.0489183288147756,-2.5000048916792306,-0.8285751342773438
2002-07-02,45.025001525878906,45.16999816894531,44.25,44.310001373291016,31.65006446838379,-1.0369112970400505,-2.0557449005237483,-0.6643009185791016
2002-07-03,44.07500076293945,44.52999877929688,43.58000183105469,44.52999877929688,31.80719947814941,-0.5996229462766762,0.496476112781985,0.15713500976562145
2002-07-05,45.04999923706055,46.19499969482422,45.0,46.19499969482422,32.99650573730469,-1.086488718561496,3.7391102601544546,1.189306259155277
2002-07-08,46.20000076293945,46.275001525878906,45.39500045776367,45.4900016784668,32.49293899536133,-1.0552446143735017,-1.5261214201055417,-0.5035667419433594
2002-07-09,45.525001525878906,45.55500030517578,44.345001220703125,44.3650016784668,31.689361572265625,-0.8697166072737176,-2.4730832234363898,-0.8035774230957031
2002-07-10,44.525001525878906,44.630001068115234,43.0,43.0099983215332,30.72148704528809,-1.036782189171505,-3.054256946042788,-0.9678745269775355
2002-07-11,42.95000076293945,43.5,42.125,43.32500076293945,30.94650077819824,-0.996629642053876,0.7324311241133863,0.22501373291014914
2002-07-12,43.17499923706055,43.72499847412109,42.790000915527344,43.22499847412109,30.875043869018555,-0.9429207687389769,-0.23090464958165358,-0.07145690917968395
2002-07-15,42.400001525878906,42.88999938964844,41.095001220703125,42.79999923706055,30.571489334106445,-0.9322048156497061,-0.9831711857637537,-0.3035545349121094
2002-07-16,42.650001525878906,43.0,42.025001525878906,42.2599983215332,30.185766220092773,-0.7483552108410125,-1.2617086128785648,-0.3857231140136719
2002-07-17,43.275001525878906,43.32500076293945,42.02000045776367,42.48500061035156,30.34649085998535,-0.7253740102399259,0.5324517480215452,0.16072463989257812
2002-07-18,42.57500076293945,42.57500076293945,41.20000076293945,41.23500061035156,29.45363426208496,-0.7673340675171909,-2.9422070644672282,-0.8928565979003906
2002-07-19,41.09999847412109,41.09999847412109,39.68999862670898,39.84999847412109,28.46434211730957,-0.7972870930197309,-3.3588118056075866,-0.9892921447753906
2002-07-22,39.59999847412109,39.959999084472656,38.43000030517578,38.709999084472656,27.65005874633789,0.5813267273083798,-2.8607138279036604,-0.8142833709716797
2002-07-23,38.82500076293945,39.04999923706055,37.53499984741211,37.59999847412109,26.857208251953125,-0.48213478590033415,-2.8674459669630004,-0.7928504943847656
2002-07-24,36.69499969482422,39.79999923706055,36.54499816894531,39.79999923706055,28.42864227294922,-0.9136132825791641,5.851069873883175,1.5714340209960938
2002-07-25,39.47499847412109,40.20000076293945,38.55500030517578,39.46500015258789,28.189359664916992,-0.8529325843628115,-0.8416955186773434,-0.23928260803222656
2002-07-26,39.71500015258789,40.04999923706055,39.09999847412109,40.0,28.571496963500977,-0.6528153881173937,1.3556082973377181,0.3821372985839844
2002-07-29,41.07500076293945,42.25,40.915000915527344,42.220001220703125,30.157215118408203,-0.8281438736020889,5.55000025701462,1.5857181549072266
2002-07-30,41.82500076293945,42.744998931884766,41.625,42.43000030517578,30.30720329284668,-0.9571226342789743,0.4973541948404936,0.14998817443847656
2002-07-31,42.43000030517578,42.63999938964844,41.78499984741211,42.52999877929688,30.37862968444824,-0.9941765925515129,0.2356746378456398,0.07142639160155895
2002-08-01,42.29999923706055,42.56999969482422,41.41999816894531,41.43999862670898,29.60005569458008,-0.7257613338455622,-2.562900295225412,-0.778573989868157
2002-08-02,41.31499862670898,41.345001220703125,40.130001068115234,40.47499847412109,28.910778045654297,-0.7779209127379162,-2.3286363243296027,-0.6892776489257848
2002-08-05,40.29999923706055,40.34999847412109,39.09999847412109,39.125,27.946495056152344,-0.6776040988781165,-3.33537543672886,-0.9642829895019531
2002-08-06,40.025001525878906,40.994998931884766,40.025001525878906,40.400001525878906,28.857202529907227,-0.981911345039697,3.2587538148344475,0.9107074737548828
2002-08-07,41.150001525878906,41.150001525878906,40.150001525878906,41.03499984741211,29.3107852935791,-0.636418688812124,1.571818207956177,0.453582763671875
2002-08-08,41.25,42.375,41.084999084472656,42.32500076293945,30.232213973999023,-0.9878503069927868,3.1436506091215843,0.9214286804199219
2002-08-09,41.82500076293945,42.72499847412109,41.75,42.400001525878906,30.28577995300293,-0.8717823331704444,0.1771817937316067,0.05356597900390625
2002-08-12,41.900001525878906,42.43999862670898,41.79999923706055,42.29999923706055,30.214353561401367,-1.03523289474896,-0.23584134769650822,-0.0714263916015625
2002-08-13,42.150001525878906,42.64500045776367,41.375,41.375,29.55364418029785,-1.0743525789182256,-2.1867400861674158,-0.6607093811035156
2002-08-14,41.5,42.95500183105469,41.07500076293945,42.95000076293945,30.67864227294922,-0.9850099338847873,3.8066307010671707,1.1249980926513672
2002-08-15,43.22499847412109,43.60499954223633,42.95000076293945,43.400001525878906,31.000076293945312,-0.9822986686453332,1.0477452624411576,0.32143402099609375
2002-08-16,43.0,43.744998931884766,43.0,43.375,30.98220443725586,-1.0287775013216884,-0.057651008726533615,-0.017871856689453125
2002-08-19,43.42499923706055,44.44499969482422,43.42499923706055,44.41999816894531,31.72865104675293,-0.40725222214398427,2.4092753341962814,0.7464466094970703
2002-08-20,44.09999847412109,44.09999847412109,43.54999923706055,43.84999847412109,31.321508407592773,-1.0001155545046028,-1.283201856140126,-0.40714263916015625
2002-08-21,44.32500076293945,44.494998931884766,43.64500045776367,44.494998931884766,31.782209396362305,-0.9896578171524228,1.4708774008401537,0.46070098876953125
2002-08-22,44.45000076293945,45.130001068115234,44.29499816894531,44.97999954223633,32.12863540649414,-1.0363948655658688,1.0899997725503763,0.34642601013183594
2002-08-23,44.70000076293945,44.720001220703125,43.82500076293945,44.07500076293945,31.482213973999023,-0.9660310772086089,-2.0119791093413664,-0.6464214324951172
2002-08-26,44.150001525878906,44.47999954223633,43.54999923706055,44.375,31.696514129638672,-0.4715479406796088,0.6807023032644244,0.21430015563964844
2002-08-27,44.59999847412109,44.59999847412109,43.57500076293945,43.65499877929688,31.182205200195312,-1.0043761141666019,-1.622604073557854,-0.5143089294433594
2002-08-28,43.32500076293945,43.43999862670898,42.775001525878906,42.959999084472656,30.68578720092773,-0.695162769000295,-1.5919913171005384,-0.4964179992675817
2002-08-29,42.34999847412109,43.25,42.27999877929688,43.0,30.7143611907959,-1.0721577451529531,0.09311799524993614,0.028573989868167615
2002-08-30,42.67499923706055,43.435001373291016,42.67499923706055,42.85499954223633,30.61079406738281,-1.0561483694533198,-0.3371944569178442,-0.10356712341308949
2002-09-03,42.150001525878906,42.15499877929688,41.17499923706055,41.185001373291016,29.41792678833008,-0.9373691303915234,-3.8968844663973656,-1.1928672790527273
2002-09-04,41.275001525878906,42.119998931884766,41.17499923706055,41.869998931884766,29.90720558166504,-0.5801276581263162,1.6631994390884586,0.4892787933349574
2002-09-05,41.22499847412109,41.71500015258789,40.97499847412109,41.34999847412109,29.535776138305664,-0.6445524845304862,-1.241939646768886,-0.371429443359375
2002-09-06,42.025001525878906,42.275001525878906,41.72499847412109,42.09999847412109,30.07150077819824,-1.0357493262231416,1.8138160222503252,0.5357246398925746
2002-09-09,41.75,42.650001525878906,41.54999923706055,42.43000030517578,30.30720329284668,-0.2972523181432772,0.7838069552528859,0.23570251464844105
2002-09-10,42.54999923706055,42.75,42.334999084472656,42.72499847412109,30.51790428161621,-1.034974679011869,0.6952175254628656,0.21070098876953125
2002-09-11,43.244998931884766,43.244998931884766,42.64500045776367,42.67499923706055,30.482208251953125,-0.5571464575252295,-0.116967499909848,-0.03569602966308594
2002-09-12,42.31499862670898,42.31499862670898,41.650001525878906,41.70000076293945,29.78578186035156,-1.057439448138774,-2.2846979649413734,-0.696426391601566
2002-09-13,41.505001068115234,41.95000076293945,41.25,41.79999923706055,29.85721015930176,-1.0382023757255048,0.23980669463399273,0.07142829895020242
2002-09-16,41.790000915527344,41.90999984741211,41.44499969482422,41.84999847412109,29.892919540405277,-1.0618291156693187,0.1196005283581103,0.035709381103515625
2002-09-17,42.45000076293945,42.45000076293945,41.03499984741211,41.09000015258789,29.350053787231445,-0.8531908000999024,-1.8160345711299875,-0.5428657531738317
2002-09-18,40.84999847412109,41.290000915527344,40.375,40.81999969482422,29.15720558166504,-0.7939302884375496,-0.6570625286223652,-0.19284820556640625
2002-09-19,40.5,40.57500076293945,39.70500183105469,39.77000045776367,28.407209396362305,-0.9736484414527894,-2.572249879029409,-0.7499961853027344
2002-09-20,39.92499923706055,40.025001525878906,39.54999923706055,39.77000045776367,28.407209396362305,-0.9107729094711645,0.0,0.0
2002-09-23,39.5,39.5,38.8849983215332,39.345001220703125,28.103620529174805,-0.9586719287015194,-1.0687035919352827,-0.3035888671875
2002-09-24,38.75,39.220001220703125,38.505001068115234,38.79999923706055,27.71434593200684,-0.9968878577909669,-1.3851403834742704,-0.3892745971679652
2002-09-25,39.2599983215332,39.775001525878906,38.63999938964844,39.56999969482422,28.26434135437012,-0.9634489198377003,1.984515253264929,0.5499954223632812
2002-09-26,40.0,40.31499862670898,39.70000076293945,40.22999954223633,28.73578643798828,-1.028648393453143,1.667985387337767,0.4714450836181605
2002-09-27,39.75,40.18000030517578,39.005001068115234,39.005001068115234,27.86077308654785,-1.0445286612842308,-3.045030117163161,-0.8750133514404297
2002-09-30,38.35499954223633,38.82500076293945,37.71500015258789,38.375,27.516590118408203,-0.9411132585793408,-1.2353676155017812,-0.34418296813964844
2002-10-01,38.775001525878906,39.81499862670898,38.25,39.81499862670898,28.54912757873535,-1.0065709479318743,3.752417926363605,1.0325374603271484
2002-10-02,39.525001525878906,39.95000076293945,38.625,38.875,27.87512588500977,-1.0597633897725918,-2.3608486524387073,-0.6740016937255824
2002-10-03,38.95000076293945,39.345001220703125,38.435001373291016,38.45000076293945,27.57037734985352,-1.0382023757255048,-1.093263350319551,-0.30474853515625
2002-10-04,38.54999923706055,38.54999923706055,37.20000076293945,37.65999984741211,27.003910064697266,-0.8903738662409865,-2.0546228945947376,-0.5664672851562536
2002-10-07,37.650001525878906,37.79999923706055,36.720001220703125,36.84999847412109,26.423097610473636,-0.8693292836680813,-2.150845758381248,-0.5808124542236293
2002-10-08,37.150001525878906,37.82500076293945,36.584999084472656,37.375,26.799549102783203,-1.0016648489271478,1.424706133471454,0.37645149230956676
2002-10-09,36.84999847412109,37.375,36.2599983215332,36.400001525878906,26.100431442260746,-0.9715827155560625,-2.608691877020619,-0.6991176605224574
2002-10-10,36.34999847412109,37.650001525878906,36.0,37.5,26.889175415039062,-0.8701039308793539,3.0219576045061647,0.7887439727783168
2002-10-11,37.67499923706055,39.34999847412109,37.67499923706055,39.1150016784668,28.04720687866211,0.3438973570533324,4.30668269200758,1.1580314636230469
2002-10-14,38.72499847412109,39.345001220703125,38.70000076293945,39.32500076293945,28.19778633117676,-0.7695289012824632,0.5368786031567652,0.150579452514652
2002-10-15,40.650001525878906,41.07500076293945,40.400001525878906,41.07500076293945,29.452617645263672,-0.9634489198377003,4.450105761314727,1.2548313140869105
2002-10-16,40.625,40.665000915527344,39.834999084472656,40.13999938964844,28.782176971435547,-0.9879794148613322,-2.2763364598118785,-0.670440673828125
2002-10-17,41.150001525878906,41.27000045776367,40.83000183105469,41.02000045776367,29.413183212280277,2.204599958530082,2.1923506393243475,0.6310062408447301
2002-10-18,40.82500076293945,41.31999969482422,40.48500061035156,41.185001373291016,29.531496047973636,-0.9717118234246079,0.40224424143240345,0.11831283569335938
2002-10-21,40.92499923706055,42.0099983215332,40.72499847412109,41.92499923706055,30.06210708618164,-0.9841061788049693,1.7967631485585223,0.5306110382080043
2002-10-22,41.29999923706055,41.73500061035156,41.09999847412109,41.400001525878906,29.685644149780277,-1.0064418400633288,-1.2522839311367107,-0.37646293640136363
2002-10-23,41.25,41.70000076293945,40.755001068115234,41.67499923706055,29.88284492492676,-0.981911345039697,0.6642967696826707,0.19720077514648438
2002-10-24,41.82500076293945,41.994998931884766,41.0,41.125,29.48845100402832,-1.0609253605895006,-1.3198004470098446,-0.39439392089844105
2002-10-25,41.0,41.91999816894531,40.900001525878906,41.91999816894531,30.058513641357425,-0.984622610279151,1.9331725401623423,0.5700626373291051
2002-10-28,42.29999923706055,42.29999923706055,41.31499862670898,41.470001220703125,29.735843658447266,-1.0392352386738684,-1.0734728495230716,-0.3226699829101598
2002-10-29,41.415000915527344,41.45000076293945,40.48500061035156,41.150001525878906,29.506404876708984,-1.0339418160635057,-0.7715899517554248,-0.22943878173828125
2002-10-30,41.09999847412109,41.650001525878906,41.095001220703125,41.45500183105469,29.725095748901367,-0.976230598823698,0.741164073041678,0.2186908721923828
2002-10-31,41.84999847412109,41.93999862670898,41.09999847412109,41.25,29.57809829711914,-1.0505967311058662,-0.49452305561592524,-0.14699745178222656
2002-11-01,41.04999923706055,42.19499969482422,40.994998931884766,42.09999847412109,30.187589645385746,-1.061312684195137,2.060617089523875,0.6094913482666051
2002-11-04,42.72499847412109,43.15499877929688,42.30500030517578,42.369998931884766,30.38118934631348,-0.9147752533960729,0.6413221565615412,0.19359970092773438
2002-11-05,42.369998931884766,42.75,42.275001525878906,42.625,30.564043045043945,-1.0487892209462302,0.6018648468502308,0.1828536987304652
2002-11-06,42.95000076293945,43.20000076293945,42.35499954223633,43.20000076293945,30.9763298034668,-0.9517001038000662,1.3489274236894833,0.4122867584228551
2002-11-07,42.75,42.7599983215332,41.97499847412109,42.20000076293945,30.25929450988769,-1.0149629593873273,-2.314784540739423,-0.7170352935791087
2002-11-08,42.29999923706055,42.47999954223633,41.619998931884766,41.70000076293945,29.900768280029297,-0.9105146937340737,-1.1848466253608136,-0.3585262298583949
2002-11-11,41.54999923706055,41.56999969482422,40.84999847412109,40.97499847412109,29.38090133666992,-0.9143879297904366,-1.7386407549487504,-0.5198669433593786
2002-11-12,41.275001525878906,41.76499938964844,41.10499954223633,41.16999816894531,29.52074813842773,-0.6617238310470285,0.47597859628381034,0.1398468017578125
2002-11-13,41.17499923706055,41.720001220703125,40.79499816894531,41.25,29.57809829711914,-0.823108666728817,0.19427068183530682,0.0573501586914098
2002-11-14,41.95000076293945,42.275001525878906,41.79999923706055,42.23500061035156,30.284385681152344,-0.7372519341461055,2.387872867749552,0.7062873840332031
2002-11-15,42.025001525878906,42.60499954223633,41.959999084472656,42.5,30.474403381347656,-0.757780085244829,0.6274444599798201,0.1900177001953125
2002-11-18,42.900001525878906,42.900001525878906,42.11000061035156,42.11000061035156,30.194753646850582,-0.9256203143538891,-0.9176545017062998,-0.27964973449707387
2002-11-19,41.92499923706055,42.29999923706055,41.744998931884766,41.96500015258789,30.090789794921875,-0.9670639401569724,-0.3443109791344545,-0.10396385192870738
2002-11-20,41.92499923706055,42.775001525878906,41.880001068115234,42.77000045776367,30.667993545532227,-1.0419465039133222,1.9182073802122668,0.5772037506103516
2002-11-21,43.20000076293945,43.72499847412109,43.10499954223633,43.64500045776367,31.295419692993164,-0.9958549948426035,2.0458663085650253,0.6274261474609375
2002-11-22,43.525001525878906,43.79999923706055,43.43000030517578,43.54999923706055,31.227296829223636,-0.43333201159016127,-0.21767678605306706,-0.0681228637695277
2002-11-25,43.54999923706055,43.869998931884766,43.22499847412109,43.625,31.281084060668945,-1.033425384589324,0.17224427634405792,0.05378723144530895
2002-11-26,43.45000076293945,43.47999954223633,42.71500015258789,42.79999923706055,30.689512252807617,-0.8433786020904497,-1.8911486785879505,-0.5915718078613281
2002-11-27,43.150001525878906,44.05500030517578,43.150001525878906,44.0,31.54997444152832,-1.0713830979416805,2.8037662561482435,0.8604621887207031
2002-11-29,44.125,44.125,43.72499847412109,43.72499847412109,31.35277366638184,-1.0952680536225852,-0.6250425828773776,-0.19720077514648082
2002-12-02,44.540000915527344,44.70000076293945,43.505001068115234,43.8650016784668,31.45317840576172,-0.9480850834807941,0.3202419678981716,0.10040473937987926
2002-12-03,43.5,43.5,43.095001220703125,43.17499923706055,30.958419799804688,-1.037685944251323,-1.5730003485638133,-0.49475860595703125
2002-12-04,42.79999923706055,43.310001373291016,42.59999847412109,43.060001373291016,30.87595558166504,-1.0131554492276913,-0.26637088931835695,-0.08246421813964844
2002-12-05,43.20000076293945,43.20000076293945,42.52999877929688,42.57500076293945,30.52817726135254,-1.03523289474896,-1.1263726539334051,-0.3477783203125
2002-12-06,42.57500076293945,42.95000076293945,42.05500030517578,42.7599983215332,30.66083526611328,-0.8360194535833602,0.4345428278440977,0.1326580047607422
2002-12-09,42.400001525878906,42.5,41.75,41.75,29.93662452697754,-0.9385311012084322,-2.3620059037861574,-0.7242107391357422
2002-12-10,42.125,42.47499847412109,41.95500183105469,42.47499847412109,30.45646858215332,-1.0057963007206017,1.7364818625671186,0.5198440551757812
2002-12-11,42.09999847412109,42.70000076293945,42.09999847412109,42.54999923706055,30.51025390625,-1.011606154805146,0.17659737520652197,0.05378532409667969
2002-12-12,42.650001525878906,42.65499877929688,42.150001525878906,42.400001525878906,30.402698516845703,-0.051172720695685986,-0.35252210530527517,-0.10755538940429688
2002-12-13,42.005001068115234,42.2400016784668,41.75,41.75,29.93662452697754,-1.0020521725327842,-1.5330020445715298,-0.46607398986816406
2002-12-16,42.04999923706055,42.75,41.92499923706055,42.75,30.653648376464844,-0.800902113339003,2.3951392677593164,0.7170238494873047
2002-12-17,42.67499923706055,42.77000045776367,42.29999923706055,42.40999984741211,30.409862518310547,-0.8890827875555322,-0.7952914940508982,-0.24378585815429688
2002-12-18,42.150001525878906,42.150001525878906,41.70500183105469,41.80500030517578,29.97606086730957,-0.8040007021840933,-1.4265163176577111,-0.43380165100097656
2002-12-19,41.709999084472656,42.25,41.380001068115234,41.54999923706055,29.793201446533203,-1.009153105302783,-0.6100181794592818,-0.1828594207763672
2002-12-20,42.0,42.165000915527344,41.81499862670898,42.03499984741211,30.140981674194336,-0.3082264869696388,1.1673140541316407,0.3477802276611328
2002-12-23,41.959999084472656,42.20000076293945,41.79999923706055,41.85499954223633,30.152498245239254,-0.768883361939736,0.03820901113773534,0.011516571044918322
2002-12-24,41.95000076293945,41.95000076293945,41.65499877929688,41.65499877929688,30.00842666625977,-0.7759842947097347,-0.4778097582751162,-0.14407157897948508
2002-12-26,41.77999877929688,42.29999923706055,41.57500076293945,41.70000076293945,30.040843963623047,-1.0531788884767748,0.10802731420680445,0.0324172973632777
2002-12-27,41.72499847412109,41.72499847412109,41.0,41.0,29.536556243896484,-1.0021812804013297,-1.6786736096269905,-0.5042877197265625
2002-12-30,41.25,41.34999847412109,40.79999923706055,41.22499847412109,29.698638916015625,0.377336295006599,0.5487527753091914,0.16208267211914062
2002-12-31,41.25,41.369998931884766,40.72499847412109,41.31499862670898,29.763490676879883,-0.858484222710265,0.2183661044118823,0.06485176086425781
2003-01-02,41.70000076293945,42.525001525878906,41.43999862670898,42.5,30.617162704467773,-0.84647719093554,2.868185176448468,0.8536720275878906
2003-01-03,42.525001525878906,42.63999938964844,42.27999877929688,42.47499847412109,30.599157333374023,-0.6353858258637606,-0.058808098149221166,-0.01800537109375
2003-01-06,42.79999923706055,43.525001525878906,42.70000076293945,43.39500045776367,31.26193046569824,-0.7737894609444624,2.165984916196817,0.6627731323242152
2003-01-07,43.375,43.43999862670898,42.95500183105469,43.08000183105469,31.034992218017575,-0.8046462415268204,-0.7259252525357307,-0.22693824768066406
2003-01-08,42.90999984741211,42.95000076293945,42.435001373291016,42.540000915527344,30.645980834960938,-1.0015357410586025,-1.253460546482088,-0.3890113830566371
2003-01-09,42.875,43.34000015258789,42.875,43.20000076293945,31.121450424194336,-1.0187070875751447,1.5514908522392012,0.47546958923339844
2003-01-10,43.07500076293945,43.5,42.84999847412109,43.31999969482422,31.207897186279297,-0.9795874034058792,0.2777722789480075,0.08644676208496094
2003-01-13,43.72499847412109,43.72499847412109,43.09000015258789,43.27999877929688,31.179073333740234,-1.010702399725328,-0.0923607648634972,-0.0288238525390625
2003-01-14,43.22499847412109,43.47499847412109,43.07500076293945,43.47499847412109,31.31955337524414,-1.076289196946407,0.4505587449640025,0.14048004150390625
2003-01-15,43.375,43.375,42.82500076293945,43.04999923706055,31.013383865356445,-0.43694703190943335,-0.9775666537112926,-0.3061695098876953
2003-01-16,43.07500076293945,43.29999923706055,42.65499877929688,42.92499923706055,30.92333030700684,-1.0326507373780514,-0.29036998587632645,-0.09005355834960582
2003-01-17,42.375,42.56499862670898,42.08000183105469,42.29999923706055,30.473085403442383,-1.03071411934987,-1.4560039267906277,-0.4502449035644567
2003-01-21,42.42499923706055,42.42499923706055,41.505001068115234,41.57500076293945,29.950782775878903,-0.9965005341853307,-1.7139801258998166,-0.5223026275634801
2003-01-22,41.5,42.28499984741211,41.150001525878906,41.150001525878906,29.64461708068848,-1.0391061308053229,-1.0222293603524668,-0.3061656951904226
2003-01-23,41.57500076293945,41.66999816894531,41.11000061035156,41.42499923706055,29.842723846435547,-1.0157376065986,0.6682723045733585,0.19810676574706676
2003-01-24,41.375,41.375,40.34999847412109,40.48500061035156,29.16554450988769,-0.8717823331704444,-2.269160616947963,-0.6771793365478551
2003-01-27,40.22499847412109,40.459999084472656,39.60499954223633,39.72999954223633,28.621641159057617,-0.8406673368509956,-1.8648832379785651,-0.5439033508300746
2003-01-28,40.0,40.36000061035156,39.790000915527344,40.09999847412109,28.888198852539062,-0.7176275381272,0.9313151960787858,0.2665576934814453
2003-01-29,39.75,40.72999954223633,39.69499969482422,40.57500076293945,29.230377197265625,-0.9737775493213349,1.184491793597875,0.3421783447265625
2003-01-30,40.54999923706055,40.54999923706055,39.525001525878906,39.525001525878906,28.47396850585937,-1.056277477321865,-2.5877486503219416,-0.7564086914062536
2003-01-31,39.42499923706055,40.29999923706055,39.42499923706055,40.16999816894531,28.93861389160156,-0.8590006541844468,1.6318251726891386,0.4646453857421875
2003-02-03,40.34999847412109,40.59999847412109,40.22499847412109,40.31999969482422,29.046674728393555,-1.0474981422607759,0.3734140038523348,0.10806083679199574
2003-02-04,39.82500076293945,40.5,39.47499847412109,40.5,29.17636108398437,-0.7509373682119211,0.44647573880134406,0.12968635559081676
2003-02-05,40.125,40.42499923706055,39.56499862670898,39.70000076293945,28.600038528442383,-1.077192952026225,-1.975306495155582,-0.5763225555419886
2003-02-06,39.59999847412109,39.75,39.150001525878906,39.334999084472656,28.337087631225582,-0.7341533453010152,-0.9194074929489982,-0.2629508972168004
2003-02-07,39.650001525878906,39.70000076293945,38.84999847412109,38.95000076293945,28.059728622436523,-0.9289771189360703,-0.9787844551937264,-0.27735900878905895
2003-02-10,39.025001525878906,39.275001525878906,38.70000076293945,39.26499938964844,28.28665351867676,0.43491840437786117,0.808720922763273,0.22692489624023793
2003-02-11,39.400001525878906,39.54999923706055,38.79999923706055,38.97499847412109,28.07772827148437,-0.993014621734604,-0.7386000859184061,-0.20892524719238992
2003-02-12,38.97499847412109,39.03499984741211,38.45000076293945,38.45000076293945,27.69953727722168,-1.0615708999322278,-1.3469429955513257,-0.37819099426269176
2003-02-13,38.45000076293945,38.525001525878906,37.880001068115234,38.38999938964844,27.65630149841309,-0.38969355202180567,-0.15608845149966966,-0.0432357788085902
2003-02-14,38.650001525878906,39.040000915527344,38.31999969482422,39.040000915527344,28.12456512451172,-0.6812191191973885,1.6931534613386257,0.46826362609862926
2003-02-18,39.57500076293945,39.935001373291016,39.400001525878906,39.935001373291016,28.76934051513672,-1.050854946842957,2.2925701704914703,0.644775390625
2003-02-19,39.72499847412109,39.86000061035156,39.334999084472656,39.6150016784668,28.538806915283203,-0.7105266053572014,-0.8013169427092848,-0.23053359985351562
2003-02-20,39.709999084472656,39.810001373291016,39.255001068115234,39.29999923706055,28.31187057495117,-1.0986248582047664,-0.7951851000838617,-0.2269363403320348
2003-02-21,39.42499923706055,39.97499847412109,39.14500045776367,39.83000183105469,28.693687438964844,-0.716723783047382,1.3486105165777529,0.3818168640136754
2003-02-24,39.72499847412109,39.72499847412109,39.025001525878906,39.025001525878906,28.11376571655273,-0.9272987166449798,-2.0210777149004655,-0.5799217224121129
2003-02-25,38.650001525878906,39.494998931884766,38.43999862670898,39.494998931884766,28.45234489440918,-0.9965005341853307,1.2043181310894324,0.33857917785644887
2003-02-26,39.17499923706055,39.40999984741211,38.81499862670898,38.95500183105469,28.063329696655277,-0.21268666424601998,-1.3672518001507261,-0.3890151977539027
2003-02-27,39.21500015258789,39.57500076293945,38.95500183105469,39.40499877929688,28.387510299682617,-1.103272741472402,1.1551751218814799,0.3241806030273402
2003-02-28,39.375,39.755001068115234,39.375,39.54999923706055,28.491968154907227,-1.0332962767207785,0.36797117507616495,0.10445785522460938
2003-03-03,39.900001525878906,40.04999923706055,39.125,39.255001068115234,28.27944564819336,-1.0961718087024033,-0.7459032158059764,-0.2125225067138672
2003-03-04,39.07500076293945,39.15999984741211,38.685001373291016,38.70000076293945,27.87962532043457,-1.0797751093971335,-1.4138195378109564,-0.39982032775878906
2003-03-05,38.57500076293945,39.0,38.57500076293945,38.935001373291016,28.04893493652344,-1.0886835523267682,0.607287989500982,0.16930961608887074
2003-03-06,38.57500076293945,38.88999938964844,38.55500030517578,38.72499847412109,27.89762687683105,-0.7422871410193773,-0.539443155452457,-0.15130805969238992
2003-03-07,38.22499847412109,38.994998931884766,38.22499847412109,38.994998931884766,28.092140197753903,-0.7721110586533718,0.6972396676664827,0.19451332092285156
2003-03-10,38.59000015258789,38.59000015258789,38.0,38.04499816894531,27.407752990722656,-0.8886954639498958,-2.4362230937675866,-0.6843872070312464
2003-03-11,38.150001525878906,38.35499954223633,37.720001220703125,37.7400016784668,27.18804359436035,-0.12295669560694554,-0.8016322842542944,-0.2197093963623047
2003-03-12,37.72499847412109,37.8849983215332,37.19499969482422,37.875,27.28529167175293,-0.3136490174485469,0.35768692607491825,0.09724807739257812
2003-03-13,38.4900016784668,39.16999816894531,38.150001525878906,39.150001525878906,28.20382308959961,-0.057628114122957534,3.366397650781172,0.9185314178466797
2003-03-14,39.400001525878906,39.560001373291016,38.97999954223633,39.29999923706055,28.31187057495117,-0.09029240486495153,0.3830951747509692,0.10804748535155895
2003-03-17,39.17499923706055,40.59000015258789,38.90499877929688,40.400001525878906,29.10432243347168,0.18380360005699814,2.7990091874100065,0.7924518585205114
2003-03-18,40.72499847412109,40.775001525878906,40.27999877929688,40.76499938964844,29.367284774780277,-0.49078501309287803,0.9035164515844407,0.2629623413085973
2003-03-19,40.79999923706055,41.02000045776367,40.40999984741211,40.92499923706055,29.48251342773437,0.18005947186918067,0.3923708093471756,0.11522865295409446
2003-03-20,40.900001525878906,41.25,40.27000045776367,41.125,29.62661361694336,-0.7719819507848265,0.4887649404864858,0.14410018920898793
2003-03-21,41.625,42.02999877929688,41.20000076293945,42.0,30.256956100463867,-0.6359022573379423,2.127622453482214,0.6303424835205078
2003-03-24,41.119998931884766,41.209999084472656,40.45500183105469,40.57500076293945,29.230377197265625,-0.5922637977695867,-3.3928690638596826,-1.0265789031982422
2003-03-25,40.5,41.275001525878906,40.5,41.05500030517578,29.576194763183597,-0.8422166312735407,1.183075960957236,0.3458175659179723
2003-03-26,41.150001525878906,41.150001525878906,40.67499923706055,40.85499954223633,29.43208122253418,-0.9340123258093421,-0.487261940906647,-0.14411354064941762
2003-03-27,40.5,41.025001525878906,40.29999923706055,40.775001525878906,29.374473571777344,-0.9647399985231546,-0.195730809252892,-0.05760765075683594
2003-03-28,40.29999923706055,40.875,40.29999923706055,40.58000183105469,29.23397827148437,-1.0464652793124123,-0.47829044476207505,-0.1404953002929723
2003-03-31,39.85499954223633,40.23500061035156,39.505001068115234,39.70000076293945,28.70614242553711,-0.7051040748782932,-1.805555990517127,-0.5278358459472621
2003-04-01,39.92499923706055,40.34999847412109,39.75,40.275001525878906,29.12190055847168,-0.8708785780906264,1.4483246364886293,0.4157581329345703
2003-04-02,41.125,41.45500183105469,41.0,41.2400016784668,29.81968307495117,-0.7673340675171909,2.396074785979252,0.6977825164794886
2003-04-03,41.5,41.525001525878906,41.0,41.0,29.64613914489746,-0.9287189031989794,-0.581977781646803,-0.17354393005370738
2003-04-04,41.25,41.369998931884766,40.935001373291016,41.14500045776367,29.75098419189453,-0.9482141913493395,0.35365497842614335,0.10484504699707031
2003-04-07,42.25,42.400001525878906,41.150001525878906,41.150001525878906,29.75460624694824,-0.770949087836463,0.01217457221027729,0.003622055053707385
2003-04-08,41.29999923706055,41.32500076293945,40.97499847412109,41.125,29.736534118652344,-0.997791612870785,-0.0607372456751909,-0.018072128295894885
2003-04-09,41.125,41.59999847412109,40.55500030517578,40.650001525878906,29.39306259155273,1.4400231610040404,-1.1550489567113686,-0.3434715270996129
2003-04-10,40.79999923706055,40.8650016784668,40.43000030517578,40.8650016784668,29.548532485961918,-1.0180615482324176,0.5289339752362787,0.1554698944091868
2003-04-11,41.09999847412109,41.369998931884766,40.55500030517578,40.69499969482422,29.42560195922852,-0.9718409312931534,-0.41602921157523065,-0.12293052673339844
2003-04-14,40.84999847412109,41.54499816894531,40.78499984741211,41.540000915527344,30.036602020263672,-0.9775216775091523,2.076423319671572,0.6110000610351527
2003-04-15,41.42499923706055,41.810001373291016,41.28499984741211,41.810001373291016,30.231821060180664,-1.00076109384733,0.6499371659460351,0.1952190399169922
2003-04-16,41.95000076293945,41.994998931884766,41.185001373291016,41.255001068115234,29.83051109313965,-0.9659019693400636,-1.3274422544449216,-0.4013099670410156
2003-04-17,41.380001068115234,41.92499923706055,41.20500183105469,41.89500045776367,30.29329872131348,-1.0393643465424136,1.5513902082631814,0.4627876281738317
2003-04-21,41.994998931884766,42.119998931884766,41.72999954223633,41.8849983215332,30.286060333251957,-1.0039887905609657,-0.02389435408838292,-0.0072383880615234375
2003-04-22,41.54999923706055,42.75,41.54999923706055,42.7400016784668,30.90428733825684,-0.996629642053876,2.041292258558025,0.6182270050048828
2003-04-23,42.834999084472656,43.14500045776367,42.70000076293945,43.09999847412109,31.16461181640625,-0.6313834819388522,0.8423571632637294,0.2603244781494105
2003-04-24,42.75,42.9900016784668,42.525001525878906,42.755001068115234,30.915132522583008,-0.9755850594809709,-0.8005211016038016,-0.2494792938232422
2003-04-25,42.75,42.75,42.095001220703125,42.165000915527344,30.48853302001953,-0.9053503789922565,-1.3799051395036122,-0.42659950256347656
2003-04-28,42.369998931884766,43.06499862670898,42.32500076293945,42.90999984741211,31.0272274017334,-0.9868174440444233,1.766875373636867,0.5386943817138672
2003-04-29,43.150001525878906,43.35499954223633,42.755001068115234,43.04999923706055,31.12845230102539,-0.886629738053169,0.32624539080259307,0.10122489929199219
2003-04-30,42.97499847412109,43.29999923706055,42.78499984741211,43.119998931884766,31.179065704345703,-0.8234959903344533,0.1625953093679744,0.0506134033203125
2003-05-01,42.97499847412109,43.185001373291016,42.43999862670898,43.06999969482422,31.14290428161621,-0.976230598823698,-0.11597981502201593,-0.03616142272949219
2003-05-02,43.025001525878906,43.744998931884766,42.8849983215332,43.67499923706055,31.58036994934082,-0.8436368178275405,1.4047041463080445,0.4374656677246094
2003-05-05,43.79999923706055,43.96500015258789,43.54499816894531,43.650001525878906,31.56230354309082,-0.6670172536573912,-0.05720770934279917,-0.01806640625
2003-05-06,43.685001373291016,44.16999816894531,43.685001373291016,43.95000076293945,31.779232025146484,-0.9288480110675249,0.6873024389981497,0.21692848205566406
2003-05-07,43.70000076293945,44.15499877929688,43.665000915527344,43.79999923706055,31.670743942260746,-0.8125218215080917,-0.34138044242193466,-0.10848808288573863
2003-05-08,43.435001373291016,43.76499938964844,43.34999847412109,43.34999847412109,31.345373153686523,-0.9939183768144221,-1.0273544226413134,-0.3253707885742223
2003-05-09,43.5,43.97999954223633,43.48500061035156,43.97499847412109,31.797286987304688,-1.0026977118755114,1.4417242104677763,0.45191383361816406
2003-05-12,43.94499969482422,44.63999938964844,43.75,44.5,32.17692184448242,-0.9999864466360573,1.1939221648982423,0.3796348571777344
2003-05-13,44.57500076293945,44.68000030517578,44.27999877929688,44.45000076293945,32.14076232910156,-1.0028268197440569,-0.11237717378818068,-0.036159515380859375
2003-05-14,44.744998931884766,44.744998931884766,44.165000915527344,44.290000915527344,32.02505111694336,-0.9714536076875171,-0.3600139006455172,-0.11571121215820312
2003-05-15,44.494998931884766,44.72499847412109,44.26499938964844,44.63999938964844,32.27814865112305,-0.99030335649515,0.7903111013171316,0.2530975341796875
2003-05-16,44.59999847412109,44.744998931884766,44.25,44.54499816894531,32.209434509277344,-1.0252915888709617,-0.21288129808310075,-0.06871414184570312
2003-05-19,44.400001525878906,44.400001525878906,43.42499923706055,43.5,31.45383644104004,-0.7466768085499219,-2.3458905123580176,-0.7555980682373047
2003-05-20,43.720001220703125,43.72499847412109,43.08000183105469,43.45500183105469,31.42129135131836,-0.8073575067662745,-0.10346938054022203,-0.03254508972167969
2003-05-21,43.23500061035156,43.68000030517578,43.23500061035156,43.6349983215332,31.551441192626957,-0.9599630073869737,0.4142090783392893,0.1301498413085973
2003-05-22,43.70000076293945,44.20000076293945,43.625,43.92499923706055,31.76114845275879,-0.9595756837813374,0.6646519214495994,0.20970726013183238
2003-05-23,44.150001525878906,44.25,43.85499954223633,44.11000061035156,31.89490509033203,-1.0362657576973233,0.42113287487759443,0.1337566375732422
2003-05-27,44.0,45.10499954223633,43.875,44.9900016784668,32.53121566772461,-0.9848808260162418,1.995022639479349,0.6363105773925781
2003-05-28,45.25,45.39500045776367,44.994998931884766,45.040000915527344,32.567378997802734,-0.9231672648515259,0.11116501285257652,0.036163330078125
2003-05-29,45.25,45.525001525878906,44.80500030517578,44.96500015258789,32.51313400268555,-0.9081907521002559,-0.16656236020973214,-0.0542449951171875
2003-05-30,44.84999847412109,45.72499847412109,44.84999847412109,45.6349983215332,32.99760437011719,-0.9146461455275275,1.4900758794634372,0.4844703674316406
2003-06-02,46.07500076293945,46.400001525878906,45.77999877929688,45.82500076293945,33.13498306274414,-0.9289771189360703,0.41632929192692014,0.13737869262695312
2003-06-03,45.775001525878906,46.10499954223633,45.70500183105469,46.09999847412109,33.333839416503906,-0.9792000798002429,0.6001402004136125,0.19885635375976562
2003-06-04,46.150001525878906,46.84000015258789,45.97499847412109,46.7599983215332,33.81106185913086,-0.9030264373584387,1.4316455919286541,0.4772224426269531
2003-06-05,46.6349983215332,47.040000915527344,46.369998931884766,47.01499938964844,33.99544906616211,-0.9575099578846106,0.5453458036883685,0.18438720703125
2003-06-06,47.650001525878906,47.8650016784668,46.80500030517578,46.900001525878906,33.91229248046875,-0.8929560236118951,-0.24461093463280514,-0.08315658569335938
2003-06-09,46.650001525878906,46.70000076293945,46.07500076293945,46.275001525878906,33.46036529541016,-0.9763597066922435,-1.3326353130472257,-0.45192718505858664
2003-06-10,46.650001525878906,46.70000076293945,46.275001525878906,46.70000076293945,33.767677307128906,-1.0060545164576926,0.9184359136715559,0.3073120117187429
2003-06-11,46.70000076293945,47.32500076293945,46.525001525878906,47.2599983215332,34.17259216308594,-1.0081202423544193,1.199119655978076,0.40491485595703125
2003-06-12,47.54999923706055,47.54999923706055,47.06999969482422,47.35499954223633,34.24129867553711,-0.9718409312931534,0.20105736235422889,0.06870651245117188
2003-06-13,47.494998931884766,47.494998931884766,46.709999084472656,46.88999938964844,33.90506362915039,-0.936981806785887,-0.9819576341797309,-0.33623504638671875
2003-06-16,47.150001525878906,47.84999847412109,47.09999847412109,47.84999847412109,34.59922409057617,-0.8552565259966293,2.047365163559123,0.6941604614257812
2003-06-17,48.0,48.07500076293945,47.720001220703125,47.92499923706055,34.653438568115234,-0.9863010125702416,0.15669275529743842,0.0542144775390625
2003-06-18,47.64500045776367,48.06999969482422,47.55500030517578,47.82500076293945,34.581153869628906,-0.9776507853776978,-0.20859314825062425,-0.07228469848632812
2003-06-19,47.775001525878906,47.92499923706055,47.08000183105469,47.09000015258789,34.049686431884766,-0.9285897953304341,-1.5368701684963293,-0.5314674377441406
2003-06-20,47.34999847412109,47.435001373291016,47.09000015258789,47.150001525878906,34.09306335449219,-1.0143174200446001,0.12739301636213174,0.043376922607421875
2003-06-23,46.89500045776367,46.89500045776367,46.150001525878906,46.32500076293945,33.60343551635742,-0.8872752773958962,-1.436150905665834,-0.4896278381347656
2003-06-24,46.20000076293945,46.63999938964844,46.20000076293945,46.45000076293945,33.69410705566406,-0.9598338995184282,0.26982818248599827,0.09067153930664062
2003-06-25,46.45000076293945,46.81999969482422,46.084999084472656,46.150001525878906,33.47649002075195,-1.02025638199769,-0.6458608164110036,-0.21761703491210938
2003-06-26,46.275001525878906,46.68000030517578,46.150001525878906,46.650001525878906,33.83918762207031,-1.0437540140729584,1.0834397545666397,0.3626976013183594
2003-06-27,46.67499923706055,46.83000183105469,46.150001525878906,46.255001068115234,33.552642822265625,-0.9943057004200583,-0.8467839210708483,-0.2865447998046875
2003-06-30,46.650001525878906,46.650001525878906,46.14500045776367,46.22499847412109,33.530906677246094,-0.9690005581851538,-0.06478221442844934,-0.02173614501953125
2003-07-01,46.09999847412109,46.57500076293945,45.66999816894531,46.55500030517578,33.770263671875,-0.9074161048889834,0.7138399117353256,0.23935699462890625
2003-07-02,46.59999847412109,47.119998931884766,46.57500076293945,47.06999969482422,34.143836975097656,-1.0425920432560494,1.1062196814701775,0.37357330322265625
2003-07-03,46.900001525878906,47.16999816894531,46.70000076293945,46.75,33.911712646484375,-1.049047436683321,-0.6798425402000929,-0.23212432861328125
2003-07-07,47.25,47.720001220703125,47.22499847412109,47.650001525878906,34.5645637512207,-0.9316883841755244,1.9251493180012291,0.6528511047363281
2003-07-08,47.650001525878906,47.97499847412109,47.45500183105469,47.92499923706055,34.764034271240234,-1.011606154805146,0.5770954363990333,0.19947052001953125
2003-07-09,47.92499923706055,48.04999923706055,47.54999923706055,47.75,34.63709259033203,-0.9634489198377003,-0.3651523293233594,-0.12694168090820312
2003-07-10,47.5,47.5,46.869998931884766,47.150001525878906,34.201873779296875,-1.022967647237144,-1.2565108052880691,-0.43521881103515625
2003-07-11,47.275001525878906,47.625,47.25,47.505001068115234,34.45938491821289,-1.0721577451529531,0.7529152951610829,0.2575111389160156
2003-07-14,48.06999969482422,48.36000061035156,47.54999923706055,47.869998931884766,34.724143981933594,-0.9424043372647951,0.7683220822109593,0.2647590637207031
2003-07-15,48.19499969482422,48.19499969482422,47.54499816894531,47.630001068115234,34.550048828125,-0.9882376305984231,-0.5013662940090646,-0.17409515380859375
2003-07-16,47.92499923706055,47.92499923706055,47.15499877929688,47.3849983215332,34.37233352661133,-1.0411718567020498,-0.5143706233173395,-0.17771530151367188
2003-07-17,47.09999847412109,47.275001525878906,46.61000061035156,46.77000045776367,33.92622756958008,-1.0380732678569593,-1.2978634595345984,-0.44610595703125
2003-07-18,47.0099983215332,47.31499862670898,46.709999084472656,47.25,34.2744140625,-1.046077955706776,1.026304773219544,0.3481864929199219
2003-07-21,47.11000061035156,47.11000061035156,46.45000076293945,46.55500030517578,33.770263671875,-1.0358784340916871,-1.470923440749916,-0.504150390625
2003-07-22,46.82500076293945,47.11000061035156,46.46500015258789,47.02000045776367,34.10757827758789,-1.0474981422607759,0.9988509683855895,0.3373146057128906
2003-07-23,47.060001373291016,47.09999847412109,46.60499954223633,47.07500076293945,34.14747619628906,-1.03975167014805,0.11697669760208917,0.039897918701171875
2003-07-24,47.38999938964844,47.55500030517578,46.709999084472656,46.709999084472656,33.88270568847656,-1.0682845090965902,-0.7753735775098747,-0.2647705078125
2003-07-25,46.84999847412109,47.52999877929688,46.57500076293945,47.52999877929688,34.47751998901367,-1.0272282068991432,1.7555100410396207,0.5948143005371094
2003-07-28,47.57500076293945,47.63999938964844,47.255001068115234,47.48500061035156,34.44485855102539,-0.9952094554998764,-0.09473256196701474,-0.03266143798828125
2003-07-29,47.59000015258789,47.625,46.959999084472656,47.19499969482422,34.23448944091797,-0.9368526989173416,-0.6107416867332738,-0.21036911010742188
2003-07-30,47.400001525878906,47.41999816894531,47.03499984741211,47.185001373291016,34.22725296020508,-1.0814535116882242,-0.021137983451979814,-0.007236480712890625
2003-07-31,47.54999923706055,47.915000915527344,47.244998931884766,47.29999923706055,34.31067657470703,-0.9928855138660586,0.2437344726406998,0.08342361450195312
2003-08-01,47.22499847412109,47.22499847412109,46.75,46.755001068115234,33.915340423583984,-1.011606154805146,-1.1522248774729182,-0.3953361511230469
2003-08-04,46.67499923706055,47.0,46.15499877929688,46.875,34.00239562988281,-1.0042470062980564,0.2566838640319036,0.08705520629882812
2003-08-05,46.82500076293945,46.82500076293945,46.02000045776367,46.040000915527344,33.39669418334961,-0.9424043372647951,-1.7813493294010274,-0.6057014465332031
2003-08-06,45.95000076293945,46.4900016784668,45.82500076293945,46.07500076293945,33.42209243774414,-1.0051507613778745,0.07605020501457727,0.02539825439453125
2003-08-07,46.09999847412109,46.42499923706055,45.90999984741211,46.375,33.63969421386719,-1.0219347842887805,0.6510716722131438,0.21760177612304688
2003-08-08,46.42499923706055,46.619998931884766,46.30500030517578,46.505001068115234,33.734004974365234,-1.069188264176408,0.2803555820051651,0.09431076049804688
2003-08-11,46.595001220703125,46.90499877929688,46.40499877929688,46.72499847412109,33.893577575683594,-1.0726741766271348,0.47303189004572754,0.15957260131835938
2003-08-12,46.82500076293945,47.25,46.67499923706055,47.25,34.2744140625,-1.0695755877820445,1.123624338463558,0.38083648681640625
2003-08-13,47.375,47.380001068115234,46.8650016784668,46.970001220703125,34.07129669189453,-1.0393643465424136,-0.5926209861241705,-0.20311737060546875
2003-08-14,47.06999969482422,47.32500076293945,46.84999847412109,47.2599983215332,34.28165054321289,-1.0822281588994966,0.6173931483165473,0.21035385131835938
2003-08-15,47.150001525878906,47.345001220703125,47.150001525878906,47.22499847412109,34.25625991821289,-1.1150215575100362,-0.07406476817093388,-0.025390625
2003-08-18,47.29999923706055,47.810001373291016,47.29999923706055,47.76499938964844,34.64799118041992,-1.0657023517256816,1.1435319067005345,0.39173126220703125
2003-08-19,48.0,48.0,47.67499923706055,47.93999862670898,34.774925231933594,-0.9465357890582489,0.3663532781819745,0.12693405151367188
2003-08-20,47.84999847412109,48.06999969482422,47.75,47.935001373291016,34.771297454833984,-0.9972751813966032,-0.010432163621953983,-0.003627777099609375
2003-08-21,48.14500045776367,48.35499954223633,47.97999954223633,48.150001525878906,34.9272575378418,-1.0028268197440569,0.44853110014200226,0.1559600830078125
2003-08-22,48.54499816894531,48.54999923706055,47.60499954223633,47.650001525878906,34.5645637512207,-1.0008902017158754,-1.0384261811226758,-0.36269378662109375
2003-08-25,47.650001525878906,47.650001525878906,47.369998931884766,47.59999847412109,34.528282165527344,-1.0558901537162289,-0.10496757880266161,-0.036281585693359375
2003-08-26,47.47499847412109,47.810001373291016,47.09999847412109,47.7599983215332,34.64434051513672,-0.9538949375653385,0.3361254668071689,0.116058349609375
2003-08-27,47.775001525878906,47.88999938964844,47.59999847412109,47.82500076293945,34.69151306152344,-0.966934832288427,0.13616234480233746,0.04717254638671875
2003-08-28,47.94499969482422,48.23500061035156,47.56999969482422,48.17499923706055,34.94538879394531,-1.0641530573031364,0.7318093389920399,0.253875732421875
2003-08-29,48.025001525878906,48.4900016784668,48.025001525878906,48.43000030517578,35.130374908447266,-0.8015476526817301,0.5293577232541979,0.18498611450195312
2003-09-02,48.619998931884766,49.1349983215332,48.275001525878906,49.1349983215332,35.64175796508789,-0.9547986926451565,1.455672072880887,0.511383056640625
2003-09-03,49.29999923706055,49.47999954223633,49.17499923706055,49.275001525878906,35.743309020996094,-0.8336955119495424,0.28492156870509877,0.10155105590820312
2003-09-04,49.30500030517578,49.47499847412109,49.150001525878906,49.41999816894531,35.84849166870117,-1.0127681256220549,0.2942722724504687,0.10518264770507812
2003-09-05,49.27000045776367,49.47999954223633,48.959999084472656,49.15499877929688,35.65626907348633,-0.7987072795737306,-0.5362083208166668,-0.19222259521484375
2003-09-08,49.275001525878906,49.65999984741211,49.25,49.625,35.99720001220703,-1.0361366498287778,0.9561598775745583,0.3409309387207031
2003-09-09,49.59999847412109,49.59999847412109,49.150001525878906,49.275001525878906,35.743309020996094,-0.919294028795163,-0.7053076103831435,-0.2538909912109375
2003-09-10,49.07500076293945,49.125,48.505001068115234,48.584999084472656,35.24280548095703,-0.9358198359689781,-1.4002719774631411,-0.5005035400390625
2003-09-11,48.81499862670898,49.06499862670898,48.625,48.900001525878906,35.4713020324707,-1.0498220838945935,0.6483494954371283,0.22849655151367188
2003-09-12,48.775001525878906,49.060001373291016,48.375,49.03499984741211,35.56922149658203,-1.0074747030116922,0.27605263551275794,0.09791946411132812
2003-09-15,49.06999969482422,49.06999969482422,48.775001525878906,48.775001525878906,35.38063049316406,-1.0382023757255048,-0.5302084090766268,-0.18859100341796875
2003-09-16,48.994998931884766,49.54999923706055,48.994998931884766,49.54999923706055,35.94280242919922,-1.0425920432560494,1.5889257150004,0.5621719360351562
2003-09-17,49.47499847412109,49.584999084472656,49.255001068115234,49.375,35.81584930419922,-1.0072164872746014,-0.3532087550771057,-0.126953125
2003-09-18,49.470001220703125,50.0,49.34999847412109,50.0,36.26920700073242,-0.9848808260162418,1.2658018875460586,0.4533576965332031
2003-09-19,49.900001525878906,49.970001220703125,49.685001373291016,49.81999969482422,36.138648986816406,-0.9105146937340737,-0.3599693092638634,-0.13055801391601562
2003-09-22,49.45000076293945,49.45000076293945,49.04499816894531,49.25,35.72517395019531,-0.9559606634620653,-1.144135290646675,-0.41347503662109375
2003-09-23,49.36000061035156,49.595001220703125,49.19499969482422,49.525001525878906,35.92465591430664,-0.952862074616975,0.5583792660867948,0.19948196411132812
2003-09-24,49.59999847412109,49.61000061035156,48.625,48.66999816894531,35.30445861816406,-0.9550569083822473,-1.726383399807574,-0.6201972961425781
2003-09-25,48.82500076293945,48.88999938964844,48.255001068115234,48.255001068115234,35.00341796875,-0.9523456431427934,-0.8526986709241791,-0.3010406494140625
2003-09-26,48.275001525878906,48.275001525878906,47.900001525878906,47.93000030517578,34.767669677734375,-0.998695367950603,-0.6735007741989429,-0.235748291015625
2003-09-29,47.85499954223633,48.21500015258789,47.6349983215332,48.040000915527344,34.97150039672852,-1.0046343299036928,0.5862651160790433,0.20383071899414773
2003-09-30,47.970001220703125,48.04999923706055,47.41999816894531,47.75,34.76038360595703,-0.9749395201382437,-0.6036823938821878,-0.21111679077149148
2003-10-01,48.02000045776367,48.76499938964844,47.915000915527344,48.70500183105469,35.455589294433594,-1.037944159988414,1.9999942933812243,0.6952056884765625
2003-10-02,48.77000045776367,48.96500015258789,48.619998931884766,48.92499923706055,35.61575698852539,-1.0511131625800478,0.4517417346013186,0.16016769409179688
2003-10-03,49.72499847412109,49.82500076293945,49.290000915527344,49.459999084472656,36.00520706176758,-0.9648691063917001,1.0934768938581252,0.3894500732421875
2003-10-06,49.52999877929688,49.744998931884766,49.3650016784668,49.67499923706055,36.1617317199707,-1.0060545164576926,0.4347278379335684,0.156524658203125
2003-10-07,49.57500076293945,49.90999984741211,49.30500030517578,49.900001525878906,36.32552719116211,-1.0099277525140555,0.4529525091879094,0.16379547119140625
2003-10-08,49.994998931884766,49.994998931884766,49.54999923706055,49.709999084472656,36.18719482421875,-1.0666061068054995,-0.38081310207940255,-0.13833236694335938
2003-10-09,50.07500076293945,50.39500045776367,49.80500030517578,49.84000015258789,36.28184509277344,-1.005021653509329,0.2615573520259096,0.0946502685546875
2003-10-10,49.96500015258789,50.02999877929688,49.76499938964844,49.91999816894531,36.340065002441406,-1.0420756117818677,0.16046568061547362,0.05821990966796875
2003-10-13,50.244998931884766,50.47499847412109,50.13999938964844,50.275001525878906,36.5984992980957,-1.0074747030116922,0.7111552927517639,0.2584342956542969
2003-10-14,50.29499816894531,50.5,50.060001373291016,50.5,36.762298583984375,-0.9931437296031494,0.44755738358155384,0.16379928588867188
2003-10-15,50.77000045776367,50.77000045776367,50.19499969482422,50.32500076293945,36.63490676879883,-1.0392352386738684,-0.3465284274717373,-0.12739181518554688
2003-10-16,50.29999923706055,50.65999984741211,50.20500183105469,50.52999877929688,36.78412628173828,-1.05020940750023,0.4073151158297428,0.14921951293945312
2003-10-17,50.56999969482422,50.584999084472656,49.83000183105469,49.98500061035156,36.387393951416016,-1.0280028541104158,-1.0785422148771429,-0.3967323303222656
2003-10-20,50.06999969482422,50.17499923706055,49.834999084472656,50.17499923706055,36.52571105957031,-1.034974679011869,0.3801236998147717,0.13831710815429688
2003-10-21,50.19499969482422,50.41999816894531,50.08000183105469,50.244998931884766,36.57665252685547,-1.0545990750307745,0.1394674211874447,0.05094146728515625
2003-10-22,49.89500045776367,49.900001525878906,49.39500045776367,49.59999847412109,36.10711669921875,-0.9719700391616988,-1.2837036612138641,-0.46953582763671875
2003-10-23,49.255001068115234,49.755001068115234,49.255001068115234,49.67499923706055,36.1617317199707,-0.9922399745233315,0.1512583272901935,0.054615020751953125
2003-10-24,49.275001525878906,49.459999084472656,48.97499847412109,49.39500045776367,35.95789337158203,-1.0219347842887805,-0.5636852514894874,-0.20383834838867188
2003-10-27,49.625,49.88999938964844,49.52999877929688,49.68000030517578,36.16535568237305,-1.0534371042138657,0.5769590243987377,0.20746231079101562
2003-10-28,49.79999923706055,50.375,49.79999923706055,50.34000015258789,36.64581680297852,-0.8094232326630013,1.328512084396971,0.48046112060547586
2003-10-29,50.29499816894531,50.584999084472656,50.20500183105469,50.54999923706055,36.79870223999024,-1.0323925216409604,0.4171975148860474,0.15288543701171875
2003-10-30,50.81999969482422,50.82500076293945,50.375,50.40999984741211,36.69677734375,-0.927686040250616,-0.2769795944854714,-0.10192489624024148
2003-10-31,50.69499969482422,50.744998931884766,50.54499816894531,50.63999938964844,36.86422348022461,-1.0536953199509564,0.4562965704211219,0.16744613647460938
2003-11-03,50.89500045776367,51.17499923706055,50.7599983215332,50.95000076293945,37.08987808227539,-0.9821695607767879,0.6121235733388852,0.22565460205078125
2003-11-04,50.994998931884766,51.08000183105469,50.790000915527344,50.79999923706055,36.980690002441406,-1.0100568603826008,-0.2943878100428843,-0.10918807983398438
2003-11-05,50.81999969482422,50.935001373291016,50.47999954223633,50.88999938964844,37.04619598388672,-1.0296812564015063,0.17713563873738014,0.0655059814453125
2003-11-06,50.845001220703125,51.20000076293945,50.625,51.10499954223633,37.20272064208984,-0.9690005581851538,0.42251209347161645,0.1565246582031179
2003-11-07,51.32500076293945,51.38999938964844,50.875,50.875,37.03529739379883,-0.8946344259029857,-0.4500295822494005,-0.16742324829100852
2003-11-10,50.994998931884766,51.0,50.56499862670898,50.619998931884766,36.849647521972656,-1.0051507613778745,-0.5012781991518667,-0.18564987182617188
2003-11-11,51.48500061035156,51.48500061035156,50.369998931884766,50.525001525878906,36.78050231933594,-1.0156084987300544,-0.18764142206648682,-0.06914520263671875
2003-11-12,50.625,51.20000076293945,50.619998931884766,51.1349983215332,37.22455596923828,-0.9779090011147886,1.2073071924004086,0.44405364990234375
2003-11-13,51.07500076293945,51.26499938964844,50.95000076293945,51.21500015258789,37.28277587890625,-0.9700334211335173,0.15640189157952733,0.05821990966796875
2003-11-14,51.27000045776367,51.470001220703125,50.72499847412109,50.81999969482422,36.99523162841797,-1.0187070875751447,-0.7712522571340141,-0.28754425048828125
2003-11-17,50.45000076293945,50.53499984741211,50.01499938964844,50.41999816894531,36.704063415527344,-0.9501508093775209,-0.7870425459560182,-0.291168212890625
2003-11-18,50.59000015258789,50.70000076293945,49.994998931884766,49.994998931884766,36.39468765258789,-1.002568604006966,-0.8428924052277353,-0.3093757629394531
2003-11-19,51.0,51.0,49.93999862670898,50.34999847412109,36.653106689453125,-1.0403972094907772,0.7100460356523008,0.2584190368652344
2003-11-20,50.165000915527344,50.584999084472656,49.915000915527344,49.97999954223633,36.38375473022461,-1.010702399725328,-0.7348680195395807,-0.2693519592285156
2003-11-21,50.150001525878906,50.18999862670898,49.875,50.0099983215332,36.40556716918945,-1.0473690343922304,0.05995103893641218,0.02181243896484375
2003-11-24,50.47499847412109,50.875,50.45000076293945,50.875,37.03529739379883,-1.0083784580915103,1.7297635322718552,0.629730224609375
2003-11-25,50.94499969482422,51.26499938964844,50.834999084472656,51.0,37.12628936767578,-1.0242587259225984,0.24568986961122086,0.09099197387695312
2003-11-26,51.29499816894531,51.310001373291016,50.84999847412109,51.27999877929688,37.33013153076172,-1.015479390861509,0.5490507307832848,0.2038421630859375
2003-11-28,51.20000076293945,51.45000076293945,51.20000076293945,51.400001525878906,37.41746520996094,-1.0965591323080395,0.23394956197047012,0.08733367919921875
2003-12-01,51.650001525878906,52.04499816894531,51.58000183105469,51.92499923706055,37.79963302612305,-0.9101273701284374,1.0213621206504708,0.3821678161621094
2003-12-02,51.84999847412109,52.03499984741211,51.7400016784668,51.79499816894531,37.70501327514648,-0.9170991950298907,-0.25031923170042436,-0.0946197509765696
2003-12-03,52.06999969482422,52.125,51.61000061035156,51.61000061035156,37.570350646972656,-1.0008902017158754,-0.3571478073516099,-0.13466262817382102
2003-12-04,51.70500183105469,51.80500030517578,51.400001525878906,51.79999923706055,37.70864486694336,-1.0041178984295112,0.36809403582676037,0.13829421997070312
2003-12-05,51.67499923706055,51.709999084472656,51.29999923706055,51.3650016784668,37.39198684692383,-0.9642235670489729,-0.8397491374640298,-0.31665802001953125
2003-12-08,51.39500045776367,51.790000915527344,51.29999923706055,51.790000915527344,37.70137405395508,-0.9810075899598789,0.8274157998017673,0.30938720703125
2003-12-09,51.89500045776367,51.89500045776367,51.20500183105469,51.244998931884766,37.30463409423828,-1.0491765445518664,-1.0523222818060063,-0.3967399597167969
2003-12-10,51.28499984741211,51.3650016784668,50.84000015258789,51.09999847412109,37.199066162109375,-0.7604913504842831,-0.28298878863741717,-0.10556793212890625
2003-12-11,51.220001220703125,51.89500045776367,51.185001373291016,51.78499984741211,37.69772720336914,-0.9389184248140685,1.3405203213614492,0.4986610412597656
2003-12-12,51.900001525878906,51.959999084472656,51.54999923706055,51.95000076293945,37.81784439086914,-1.0110897233309644,0.3186324386401429,0.1201171875
2003-12-15,52.41999816894531,52.42499923706055,51.540000915527344,51.540000915527344,37.51939392089844,-0.50033899536524,-0.7891789571241703,-0.2984504699707031
2003-12-16,51.665000915527344,51.89500045776367,51.45000076293945,51.79999923706055,37.70864486694336,-1.0303267957442335,0.5044083239828412,0.18925094604492188
2003-12-17,51.869998931884766,51.95000076293945,51.625,51.95000076293945,37.81784439086914,-0.9036719767011658,0.2895875052288277,0.10919952392578125
2003-12-18,52.04499816894531,52.54999923706055,51.95000076293945,52.5,38.21822738647461,-0.9735193335842439,1.0587144826851524,0.40038299560546875
2003-12-19,52.59999847412109,52.61000061035156,52.29999923706055,52.42499923706055,38.16363525390625,-0.9559606634620653,-0.14284318321806655,-0.054592132568359375
2003-12-22,52.18000030517578,52.5,52.18000030517578,52.5,38.38003540039063,-0.9913362194435135,0.5670323202825234,0.2164001464843821
2003-12-23,52.52000045776367,52.72999954223633,52.48500061035156,52.70000076293945,38.52622604370117,-0.9758432752180617,0.38090283603295916,0.14619064331053977
2003-12-24,52.57500076293945,52.70500183105469,52.505001068115234,52.650001525878906,38.48966979980469,-1.072415960890044,-0.0948866464496656,-0.036556243896484375
2003-12-26,52.720001220703125,52.82500076293945,52.650001525878906,52.650001525878906,38.48966979980469,-1.047239926523685,0.0,0.0
2003-12-29,52.97499847412109,53.41999816894531,52.875,53.29999923706055,38.96485137939453,-0.9177447343726178,1.2345691248103474,0.47518157958984375
2003-12-30,53.27999877929688,53.45000076293945,53.25,53.380001068115234,39.02335739135742,-1.0021812804013297,0.15015073814403923,0.058506011962890625
2003-12-31,53.494998931884766,53.58000183105469,53.22499847412109,53.22999954223633,38.91368865966797,-0.9470522205324307,-0.2810335630263894,-0.10966873168945312
2004-01-02,53.69499969482422,53.77999877929688,53.130001068115234,53.26499938964844,38.93928527832031,-0.8799161288888065,0.06577792939705951,0.02559661865234375
2004-01-05,53.69499969482422,53.93000030517578,53.560001373291016,53.86000061035156,39.37425231933594,-0.894117994428804,1.117039097935879,0.434967041015625
2004-01-06,53.88999938964844,54.10499954223633,53.755001068115234,54.04499816894531,39.50948333740234,-0.9742939807955165,0.3434503770881614,0.13523101806639914
2004-01-07,54.025001525878906,54.20000076293945,53.75,54.20000076293945,39.6227912902832,-0.9963714263167852,0.2867867238689037,0.11330795288086648
2004-01-08,54.42499923706055,54.435001373291016,54.17499923706055,54.400001525878906,39.76902770996094,-0.9701625290020628,0.36907147355262904,0.14623641967773438
2004-01-09,54.23500061035156,54.5,54.01499938964844,54.04999923706055,39.51314163208008,-0.9851390417533328,-0.6434305604528734,-0.2558860778808594
2004-01-12,54.220001220703125,54.369998931884766,54.0,54.29999923706055,39.69590377807617,-0.8387307188228141,0.46253509199003506,0.18276214599609375
2004-01-13,54.494998931884766,54.494998931884766,53.790000915527344,54.17499923706055,39.6045150756836,-0.842603954879177,-0.23022199696847157,-0.09138870239257102
2004-01-14,54.29499816894531,54.56499862670898,54.185001373291016,54.56499862670898,39.8896369934082,-1.0303267957442335,0.719922759260494,0.28512191772460227
2004-01-15,54.72499847412109,54.869998931884766,54.244998931884766,54.79499816894531,40.05778121948242,-0.9161954399500727,0.4215235804276851,0.16814422607421875
2004-01-16,54.790000915527344,55.0099983215332,54.71500015258789,54.959999084472656,40.17839050292969,-0.8750100298840803,0.3010882774221235,0.12060928344726562
2004-01-20,55.17499923706055,55.20000076293945,54.84000015258789,55.09999847412109,40.28076171875,-0.8630029981093551,0.2547917289341006,0.1023712158203125
2004-01-21,55.04499816894531,55.494998931884766,54.82500076293945,55.334999084472656,40.452545166015625,-0.9390475326826139,0.42646524031759725,0.171783447265625
2004-01-22,55.66999816894531,55.709999084472656,55.185001373291016,55.29499816894531,40.42330551147461,-0.933366786466615,-0.07228137171843008,-0.029239654541015625
2004-01-23,55.415000915527344,55.60499954223633,55.0,55.19499969482422,40.350189208984375,-0.9879794148613322,-0.18087660463461663,-0.07311630249023438
2004-01-26,55.26499938964844,55.84000015258789,55.16999816894531,55.775001525878906,40.77421569824219,-0.537522061506324,1.050866173295173,0.4240264892578125
2004-01-27,55.845001220703125,55.845001220703125,55.29999923706055,55.29999923706055,40.42695236206055,-0.917486518635527,-0.851673858674884,-0.3472633361816406
2004-01-28,55.41999816894531,55.52000045776367,54.3849983215332,54.59999847412109,39.915225982666016,-0.9422752293962497,-1.2658049877506294,-0.5117263793945312
2004-01-29,54.72499847412109,54.755001068115234,54.14500045776367,54.70000076293945,39.98832702636719,-0.9425334451333406,0.18314074867800123,0.07310104370117188
2004-01-30,54.64500045776367,54.71500015258789,54.400001525878906,54.619998931884766,39.92985916137695,-0.9088362914429831,-0.14621233079263884,-0.058467864990234375
2004-02-02,54.70000076293945,55.10499954223633,54.380001068115234,54.720001220703125,40.00294876098633,-0.9803620506171518,0.18304497221985905,0.073089599609375
2004-02-03,54.650001525878906,54.845001220703125,54.525001525878906,54.70500183105469,39.99197769165039,-1.0348455711433235,-0.02742565154756349,-0.0109710693359375
2004-02-04,54.45000076293945,54.584999084472656,54.130001068115234,54.19499969482422,39.61914825439453,-0.9449864946357037,-0.9322605651825522,-0.3728294372558594
2004-02-05,54.22499847412109,54.5099983215332,54.150001525878906,54.415000915527344,39.77997589111328,-1.0423338275189586,0.40593410965343857,0.16082763671875
2004-02-06,54.5,55.130001068115234,54.400001525878906,55.1150016784668,40.29172134399414,-1.0114770469366006,1.2864398266143384,0.5117454528808594
2004-02-09,55.150001525878906,55.244998931884766,55.005001068115234,55.04499816894531,40.24053955078125,-1.0358784340916871,-0.12702806309990988,-0.051181793212890625
2004-02-10,55.150001525878906,55.46500015258789,55.0,55.39500045776367,40.49640655517578,-1.0455615242325944,0.6358438710088343,0.25586700439453125
2004-02-11,55.400001525878906,55.9900016784668,55.22499847412109,55.85499954223633,40.83267974853516,-0.9114184488138917,0.8303778580976529,0.3362731933593821
2004-02-12,55.95000076293945,55.95000076293945,55.65499877929688,55.70500183105469,40.723026275634766,-1.0024394961384204,-0.26854341565552,-0.10965347290039773
2004-02-13,55.81999969482422,55.875,55.255001068115234,55.41999816894531,40.51467514038086,-0.9968878577909669,-0.5116297935317426,-0.20835113525390625
2004-02-17,55.79999923706055,56.0,55.70500183105469,56.0,40.93869018554688,-0.9394348562882502,1.046571504514926,0.42401504516602273
2004-02-18,55.97499847412109,55.97499847412109,55.560001373291016,55.75,40.75592422485352,-1.021805676420235,-0.44643822229046837,-0.18276596069335938
2004-02-19,56.025001525878906,56.04499816894531,55.400001525878906,55.44499969482422,40.532958984375,-0.9700334211335173,-0.5470744308199382,-0.22296524047852273
2004-02-20,55.45000076293945,55.494998931884766,54.92499923706055,55.275001525878906,40.4086799621582,-0.9394348562882502,-0.3066122615541178,-0.12427902221679688
2004-02-23,55.3650016784668,55.369998931884766,54.77000045776367,54.90499877929688,40.138179779052734,-0.9868174440444233,-0.6694110853380675,-0.27050018310546875
2004-02-24,54.75,55.150001525878906,54.68000030517578,54.93000030517578,40.15647506713867,-1.0423338275189586,0.04558076172522796,0.0182952880859375
2004-02-25,54.880001068115234,55.25,54.880001068115234,55.22499847412109,40.37213516235352,-0.962416056889337,0.5370493671426058,0.21566009521485086
2004-02-26,55.17499923706055,55.43999862670898,54.91999816894531,55.30500030517578,40.43062210083008,-0.7836016589539152,0.14486956967065812,0.058486938476555395
2004-02-27,55.375,55.64500045776367,55.130001068115234,55.3849983215332,40.48908233642578,-0.9899160328895137,0.14459395517067986,0.058460235595703125
2004-03-01,55.44499969482422,56.04499816894531,55.3849983215332,55.92499923706055,40.88386917114258,-0.9282024717247978,0.9750451527562154,0.3947868347167969
2004-03-02,55.994998931884766,56.04999923706055,55.58000183105469,55.720001220703125,40.7339973449707,-0.9825568843824242,-0.3665793605407086,-0.149871826171875
2004-03-03,55.67499923706055,55.81999969482422,55.35499954223633,55.75,40.75592422485352,-1.0607962527209551,0.05382943318115174,0.021926879882819605
2004-03-04,55.81499862670898,56.0,55.625,56.0,40.93869018554688,-1.0056671928520562,0.44844023088526086,0.18276596069335938
2004-03-05,55.67499923706055,56.39500045776367,55.67499923706055,56.17499923706055,41.06662368774414,-1.0138009885704184,0.31250023295181784,0.12793350219725852
2004-03-08,56.17499923706055,56.310001373291016,55.65999984741211,55.65999984741211,40.69013595581055,-0.9600921152555192,-0.9167730339758928,-0.37648773193359375
2004-03-09,55.47499847412109,55.595001220703125,55.1150016784668,55.369998931884766,40.47813034057617,-0.8919231606635316,-0.5210245929495372,-0.212005615234375
2004-03-10,55.33000183105469,55.36000061035156,54.32500076293945,54.380001068115234,39.75439453125,-0.9582846050958831,-1.7879674857429917,-0.7237358093261719
2004-03-11,54.025001525878906,54.665000915527344,53.61000061035156,53.685001373291016,39.246315002441406,-0.6116299780514013,-1.278046200424976,-0.5080795288085938
2004-03-12,53.95000076293945,54.44499969482422,53.845001220703125,54.44499969482422,39.80191040039063,-0.9310428448327972,1.4156625861935446,0.5555953979492259
2004-03-15,54.15999984741211,54.22999954223633,53.45000076293945,53.619998931884766,39.19880294799805,-0.8202682936208175,-1.5152726246694614,-0.6031074523925852
2004-03-16,53.650001525878906,54.084999084472656,53.42499923706055,53.915000915527344,39.41446685791016,-0.9433080923446131,0.5501798363542365,0.21566390991211648
2004-03-17,54.17499923706055,54.59000015258789,54.16999816894531,54.494998931884766,39.83845520019531,-1.0159958223356906,1.075717562826961,0.42398834228514914
2004-03-18,54.494998931884766,54.595001220703125,53.96500015258789,54.43000030517578,39.79095077514648,-0.8774630793864434,-0.11924263832550075,-0.04750442504883523
2004-03-19,54.459999084472656,54.459999084472656,53.79999923706055,53.79999923706055,39.33037567138672,-1.0332962767207785,-1.1574870536831594,-0.4605751037597585
2004-03-22,53.45000076293945,53.5,52.875,53.1150016784668,38.82961654663086,-0.8414419840622682,-1.2732121577983535,-0.5007591247558594
2004-03-23,53.41999816894531,53.43000030517578,52.935001373291016,53.05500030517578,38.78575897216797,-0.9448573867671584,-0.11294877045777696,-0.043857574462890625
2004-03-24,53.005001068115234,53.29499816894531,52.625,53.0,38.74554061889648,-0.9746813044011529,-0.10369360903921265,-0.04021835327149148
2004-03-25,53.275001525878906,53.845001220703125,53.150001525878906,53.75,39.293827056884766,-1.0168995774155087,1.415095593532345,0.5482864379882884
2004-03-26,53.75,54.125,53.70000076293945,53.880001068115234,39.38887405395508,-0.43320290372161585,0.2418878592118645,0.0950469970703125
2004-03-29,54.0099983215332,54.400001525878906,53.95000076293945,54.2400016784668,39.78125381469727,-0.36232268389017436,0.9961690202281659,0.3923797607421946
2004-03-30,54.35499954223633,54.650001525878906,54.25,54.540000915527344,40.00126266479492,-0.9847517181476965,0.5530465457988409,0.22000885009764914
2004-03-31,54.625,54.79999923706055,54.30500030517578,54.63999938964844,40.07463836669922,-0.9984371522135121,0.1834334643862956,0.07337570190429688
2004-04-01,54.650001525878906,55.095001220703125,54.650001525878906,54.91999816894531,40.27998352050781,-1.0011484174529661,0.5124067544405531,0.20534515380859375
2004-04-02,55.375,55.584999084472656,55.209999084472656,55.41999816894531,40.64669799804688,-0.8948926416400765,0.91041367321405,0.3667144775390696
2004-04-05,55.47999954223633,55.83000183105469,55.400001525878906,55.78499984741211,40.914398193359375,-0.6572050556479384,0.6586025642854265,0.2677001953124929
2004-04-06,55.78499984741211,55.78499984741211,55.42499923706055,55.6349983215332,40.80438995361328,-0.9841061788049693,-0.2688741484750734,-0.11000823974609375
2004-04-07,55.5099983215332,55.6349983215332,55.20000076293945,55.40499877929688,40.63569641113281,-1.030197687875688,-0.4134200821829248,-0.16869354248046875
2004-04-08,55.57500076293945,55.79999923706055,55.0099983215332,55.32500076293945,40.5770263671875,-1.0039887905609657,-0.14438055484939927,-0.0586700439453125
2004-04-12,55.525001525878906,55.64500045776367,55.40499877929688,55.5,40.70537567138672,-0.6224750390092175,0.31631027625771413,0.12834930419921875
2004-04-13,55.70000076293945,55.70000076293945,54.59999847412109,54.755001068115234,40.158958435058594,-0.6595289972817562,-1.3423711913122638,-0.546417236328125
2004-04-14,54.32500076293945,54.8650016784668,54.244998931884766,54.57500076293945,40.02695846557617,-0.6189891265584908,-0.3286937077710328,-0.13199996948242188
2004-04-15,54.845001220703125,54.869998931884766,54.19499969482422,54.59999847412109,40.04529571533203,-0.982815100119515,0.04581224869142364,0.018337249755859375
2004-04-16,54.65999984741211,54.9900016784668,54.435001373291016,54.86000061035156,40.23599243164063,-1.0135427728333275,0.47620254240148263,0.19069671630860086
2004-04-19,54.77999877929688,54.970001220703125,54.58000183105469,54.92499923706055,40.28366088867188,-1.0459488478382306,0.11847217913720787,0.04766845703125
2004-04-20,55.005001068115234,55.16999816894531,54.04999923706055,54.04999923706055,39.64190673828125,-1.0232258629742348,-1.5930879573338386,-0.6417541503906321
2004-04-21,54.209999084472656,54.470001220703125,54.005001068115234,54.400001525878906,39.89860153198242,-1.0147047436502363,0.6475339226134746,0.2566947937011719
2004-04-22,54.32500076293945,55.345001220703125,54.31999969482422,55.26499938964844,40.53302383422852,-0.8995405249077121,1.5900865641557793,0.6344223022461009
2004-04-23,55.3650016784668,55.3650016784668,54.88999938964844,55.2599983215332,40.52935791015625,-1.007991134485874,-0.009044289632242908,-0.0036659240722727304
2004-04-26,55.32500076293945,55.5,54.90499877929688,55.025001525878906,40.35700225830078,-0.9736484414527894,-0.425261244546582,-0.17235565185546875
2004-04-27,55.0,55.5,55.0,55.150001525878906,40.44868087768555,-1.025678912476598,0.22716905184876346,0.09167861938476562
2004-04-28,54.98500061035156,54.98500061035156,54.30500030517578,54.375,39.88026428222656,-1.0130263413591458,-1.4052784494452242,-0.5684165954589844
2004-04-29,54.25,54.6150016784668,53.53499984741211,53.86000061035156,39.50254821777344,-0.9908197879693317,-0.9471252792611518,-0.377716064453125
2004-04-30,53.775001525878906,54.095001220703125,53.20000076293945,53.42499923706055,39.18350601196289,-0.9234254805886168,-0.8076496838930525,-0.3190422058105469
2004-05-03,53.82500076293945,54.04499816894531,53.20000076293945,53.994998931884766,39.6015625,-0.7159491358361094,1.0669195551553656,0.4180564880371094
2004-05-04,54.07500076293945,54.43999862670898,53.75,54.04999923706055,39.64190673828125,-1.0596342819040463,0.10187536989543222,0.04034423828125
2004-05-05,54.14500045776367,54.35499954223633,53.95000076293945,54.275001525878906,39.806922912597656,-1.047239926523685,0.41626699594914385,0.16501617431640625
2004-05-06,53.93999862670898,53.95500183105469,53.34999847412109,53.7400016784668,39.41454315185547,-1.0180615482324176,-0.9857073394085702,-0.3923797607421875
2004-05-07,53.625,53.89500045776367,52.900001525878906,52.9900016784668,38.86446380615234,-0.9564770949362471,-1.3956253243474048,-0.5500793457031321
2004-05-10,52.375,52.625,51.900001525878906,52.255001068115234,38.32540130615234,-0.32475229414345397,-1.387031872326161,-0.5390625
2004-05-11,52.5,52.79999923706055,52.400001525878906,52.709999084472656,38.65909957885742,-0.9067705655462562,0.870697399981335,0.33369827270508523
2004-05-12,52.650001525878906,52.900001525878906,51.82500076293945,52.900001525878906,38.7984733581543,-0.931559276306979,0.36051998317390144,0.139373779296875
2004-05-13,52.59999847412109,53.09999847412109,52.59999847412109,52.75,38.68844604492188,-0.651395201563394,-0.2835867076952714,-0.11002731323241477
2004-05-14,52.79999923706055,53.04999923706055,52.34999847412109,52.72999954223633,38.67376708984375,-1.0069582715375105,-0.03794144396775945,-0.014678955078132105
2004-05-17,52.09999847412109,52.39500045776367,51.900001525878906,52.130001068115234,38.23371505737305,-0.1620763797762111,-1.1378566547406876,-0.4400520324707031
2004-05-18,52.275001525878906,52.630001068115234,52.275001525878906,52.54499816894531,38.5380973815918,-0.8717823331704444,0.7961097260938299,0.30438232421875
2004-05-19,53.0,53.29999923706055,52.3849983215332,52.47499847412109,38.48674011230469,-0.8333081883439061,-0.13326363462780044,-0.051357269287109375
2004-05-20,52.400001525878906,52.619998931884766,52.23500061035156,52.494998931884766,38.50142288208008,-1.0382023757255048,0.038150203765097146,0.014682769775390625
2004-05-21,52.75,52.935001373291016,52.505001068115234,52.69499969482422,38.64810562133789,-1.0194817347864173,0.3809800476908709,0.1466827392578125
2004-05-24,53.04999923706055,53.125,52.685001373291016,52.89500045776367,38.79478073120117,-0.8508668584660847,0.3795143578325888,0.14667510986328125
2004-05-25,52.75,53.790000915527344,52.67499923706055,53.790000915527344,39.451210021972656,-0.512346027139965,1.6920556796536923,0.6564292907714844
2004-05-26,53.72499847412109,53.96500015258789,53.60499954223633,53.900001525878906,39.53188705444336,-0.9873338755186051,0.2044982458732525,0.08067703247070312
2004-05-27,54.22499847412109,54.31999969482422,53.834999084472656,54.150001525878906,39.71525192260742,-0.8469936224097218,0.4638404129596152,0.1833648681640625
2004-05-28,54.22499847412109,54.244998931884766,54.02999877929688,54.20000076293945,39.75191116333008,-1.0159958223356906,0.09230519497671619,0.03665924072265625
2004-06-01,54.150001525878906,54.29499816894531,53.875,54.25,39.7885856628418,-1.0069582715375105,0.09225845610549843,0.03667449951171875
2004-06-02,54.3650016784668,54.560001373291016,54.130001068115234,54.400001525878906,39.89860153198242,-0.8609372722126283,0.276501080166236,0.110015869140625
2004-06-03,54.375,54.375,53.96500015258789,53.96500015258789,39.57957077026367,-1.052016917659866,-0.7996038694815355,-0.31903076171875
2004-06-04,54.400001525878906,54.58000183105469,54.18000030517578,54.290000915527344,39.81791305541992,-1.0365239734344143,0.6021851185291638,0.23834228515625
2004-06-07,54.59999847412109,55.119998931884766,54.540000915527344,55.09999847412109,40.412017822265625,-0.9976625050022395,1.4920540059917498,0.5941047668457031
2004-06-08,55.04999923706055,55.20000076293945,54.93000030517578,55.16999816894531,40.463340759277344,-0.8402800132453593,0.12699919424326023,0.05132293701171875
2004-06-09,55.09999847412109,55.09999847412109,54.625,54.68000030517578,40.10396194458008,-1.0011484174529661,-0.8881590297629249,-0.3593788146972656
2004-06-10,54.775001525878906,54.85499954223633,54.70500183105469,54.80500030517578,40.19563293457031,-0.9049630553866201,0.22858337566975528,0.09167098999023438
2004-06-14,54.650001525878906,54.650001525878906,54.150001525878906,54.2400016784668,39.78125381469727,-0.7373810420146509,-1.030905821404926,-0.41437911987303977
2004-06-15,54.5,54.900001525878906,54.47999954223633,54.685001373291016,40.10763549804688,-1.0405263173593227,0.8204409163921955,0.3263816833496094
2004-06-16,54.79999923706055,54.79999923706055,54.54999923706055,54.72499847412109,40.13697052001953,-1.0428502589931403,0.07314074142834581,0.029335021972649145
2004-06-17,54.665000915527344,54.720001220703125,54.375,54.709999084472656,40.12595748901367,-1.0320051980353242,-0.02743862046181711,-0.011013031005859375
2004-06-18,54.6150016784668,54.994998931884766,54.525001525878906,54.72499847412109,40.13697052001953,-0.5961370338259496,0.02744615130709782,0.011013031005859375
2004-06-21,54.82500076293945,54.90499877929688,54.56499862670898,54.59000015258789,40.03796005249024,-1.0473690343922304,-0.24668146660422607,-0.09901046752928977
2004-06-22,54.505001068115234,54.79499816894531,54.32500076293945,54.73500061035156,40.1442985534668,-0.9288480110675249,0.2655942031940306,0.1063385009765554
2004-06-23,54.709999084472656,55.32500076293945,54.63999938964844,55.29999923706055,40.55868911743164,-1.072415960890044,1.032252596001726,0.41439056396484375
2004-06-24,55.29999923706055,55.380001068115234,55.10499954223633,55.19499969482422,40.4816780090332,-0.9302681976215246,-0.18987573334893204,-0.0770111083984375
2004-06-25,55.17499923706055,55.38999938964844,54.959999084472656,55.1349983215332,40.43767929077149,-1.0299394721385973,-0.10868798040410965,-0.043998718261711645
2004-06-28,55.150001525878906,55.17499923706055,54.6150016784668,54.65499877929688,40.2242546081543,-0.7860547084562783,-0.5277866741128734,-0.2134246826171946
2004-06-29,54.72499847412109,54.96500015258789,54.64500045776367,54.88999938964844,40.397193908691406,-1.052662457002593,0.4299378626696715,0.17293930053710938
2004-06-30,55.0,55.2599983215332,54.77000045776367,55.11000061035156,40.5591049194336,-0.812909145113728,0.40079766705618525,0.1619110107421946
2004-07-01,55.150001525878906,55.21500015258789,54.34999847412109,54.57500076293945,40.16537094116211,-0.9050921632551656,-0.9707659452879991,-0.3937339782714915
2004-07-02,54.59999847412109,54.625,54.31499862670898,54.435001373291016,40.06232070922852,-0.696066524080113,-0.25656487048144605,-0.10305023193358664
2004-07-06,54.34999847412109,54.375,53.81999969482422,53.994998931884766,39.73849868774414,-0.9013480350673481,-0.80829571465586,-0.3238220214843821
2004-07-07,54.0,54.22499847412109,53.92499923706055,54.02999877929688,39.764259338378906,-0.9830733158566058,0.0648254249290714,0.025760650634765625
2004-07-08,53.95000076293945,54.06999969482422,53.525001525878906,53.54999923706055,39.41098785400391,-0.9613831939409735,-0.8884145970601054,-0.3532714843749929
2004-07-09,53.59999847412109,53.82500076293945,53.59000015258789,53.71500015258789,39.53244400024414,-0.9177447343726178,0.30817838591146174,0.12145614624022727
2004-07-12,53.70000076293945,53.81499862670898,53.380001068115234,53.70000076293945,39.52139663696289,-0.9988244758191485,-0.02794505515819612,-0.01104736328125
2004-07-13,53.70000076293945,53.845001220703125,53.650001525878906,53.79499816894531,39.591304779052734,-1.0761600890778615,0.176886820908706,0.06990814208984375
2004-07-14,53.525001525878906,53.98500061035156,53.45000076293945,53.54999923706055,39.41098785400391,-1.0211601370775079,-0.4554457754173957,-0.18031692504882102
2004-07-15,53.67499923706055,53.77999877929688,53.400001525878906,53.41999816894531,39.31532669067383,-1.0193526269178719,-0.24272713915332034,-0.09566116333008523
2004-07-16,53.70000076293945,53.71500015258789,53.125,53.17499923706055,39.135013580322266,-0.9625451647578823,-0.45863312231952946,-0.1803131103515625
2004-07-19,53.275001525878906,53.32500076293945,52.90499877929688,53.17499923706055,39.135013580322266,-0.9742939807955165,0.0,0.0
2004-07-20,53.07500076293945,53.54999923706055,53.07500076293945,53.54999923706055,39.41098785400391,-1.0197399505235083,0.7051850719694386,0.27597427368164773
2004-07-21,53.84999847412109,53.869998931884766,52.650001525878906,52.650001525878906,38.748626708984375,-0.9679676952367904,-1.6806509582384055,-0.6623611450195384
2004-07-22,52.54999923706055,52.97999954223633,52.22499847412109,52.83000183105469,38.881103515625,-0.8735898433300805,0.34188774646279896,0.132476806640625
2004-07-23,52.54999923706055,52.6349983215332,52.18000030517578,52.25,38.45424270629883,-0.9172283028984362,-1.097861867924177,-0.4268608093261719
2004-07-26,52.34999847412109,52.459999084472656,51.810001373291016,52.095001220703125,38.340179443359375,-0.8104560956113648,-0.29662074952465645,-0.11406326293945312
2004-07-27,52.244998931884766,52.70000076293945,52.17499923706055,52.61000061035156,38.71919250488281,-0.9718409312931534,0.9885531758748289,0.3790130615234375
2004-07-28,52.494998931884766,52.80500030517578,52.03499984741211,52.650001525878906,38.748626708984375,-0.8759137849638983,0.07601967447501412,0.0294342041015625
2004-07-29,52.84999847412109,53.06499862670898,52.70000076293945,52.98500061035156,38.99517440795898,-1.028390177716052,0.6362746758130644,0.24654769897460227
2004-07-30,52.935001373291016,53.150001525878906,52.78499984741211,53.150001525878906,39.11661148071289,-0.9711953919504263,0.3114156420573,0.12143707275391336
2004-08-02,52.75,53.28499984741211,52.75,53.28499984741211,39.21597290039063,-1.0495638681575028,0.25401336137393926,0.09936141967774148
2004-08-03,53.25,53.25,52.875,52.875,38.91422271728516,-1.0932023277258585,-0.7694573429860352,-0.30175018310546875
2004-08-04,52.54999923706055,52.94499969482422,52.43999862670898,52.73500061035156,38.81118392944336,-0.9722282548987896,-0.26478439153311273,-0.10303878784180398
2004-08-05,52.79999923706055,52.79999923706055,51.84999847412109,51.84999847412109,38.15987014770508,-0.9085780757058922,-1.6781600451105438,-0.6513137817382812
2004-08-06,51.54999923706055,51.57500076293945,51.04999923706055,51.125,37.62628936767578,-0.7962542300713674,-1.3982772424643186,-0.5335807800292969
2004-08-09,51.2400016784668,51.32500076293945,51.07500076293945,51.13999938964844,37.637332916259766,-0.8815945311798972,0.02935061832982644,0.011043548583984375
2004-08-10,51.375,51.810001373291016,51.30500030517578,51.75,38.08625411987305,-0.9979207207393304,1.1927550887096627,0.44892120361328125
2004-08-11,51.47499847412109,51.744998931884766,51.15499877929688,51.619998931884766,37.99058532714844,-1.0431084747302313,-0.25118981883464064,-0.09566879272460938
2004-08-12,51.54999923706055,51.59000015258789,51.04999923706055,51.04999923706055,37.57109451293945,-1.0144465279131456,-1.1041967650580298,-0.4194908142089844
2004-08-13,51.20000076293945,51.32500076293945,50.95000076293945,51.130001068115234,37.62996673583984,-1.0215474606831443,0.15669552261807773,0.05887222290038352
2004-08-16,51.27000045776367,51.8849983215332,51.25,51.775001525878906,38.10466766357422,-1.0227094315000531,1.2614970697868433,0.4747009277343821
2004-08-17,52.01499938964844,52.2599983215332,51.91999816894531,52.03499984741211,38.2960205078125,-1.0633784100918637,0.5021769141978494,0.19135284423828125
2004-08-18,51.900001525878906,52.65999984741211,51.900001525878906,52.65999984741211,38.75600051879883,-0.9984371522135121,1.2011169956745116,0.4599800109863281
2004-08-19,52.505001068115234,52.625,52.220001220703125,52.5,38.63824081420898,-1.026324451819325,-0.3038489601958072,-0.11775970458985086
2004-08-20,52.45000076293945,53.0,52.400001525878906,52.93999862670898,38.9620475769043,-0.8163950575644546,0.8380473744970418,0.3238067626953196
2004-08-23,53.04999923706055,53.04999923706055,52.75,52.81999969482422,38.87375259399414,-0.9629324883635186,-0.2266179228283094,-0.08829498291015625
2004-08-24,53.07500076293945,53.07500076293945,52.650001525878906,52.73500061035156,38.81118392944336,-0.8327917568697243,-0.16095349786335866,-0.06256866455078125
2004-08-25,52.900001525878906,53.255001068115234,52.650001525878906,53.20500183105469,39.15709686279297,-0.8868879537902599,0.8912712737092932,0.3459129333496094
2004-08-26,53.20000076293945,53.28499984741211,53.125,53.18000030517578,39.13868713378906,-0.6098224678917653,-0.04701505085633606,-0.01840972900390625
2004-08-27,53.25,53.459999084472656,53.22499847412109,53.375,39.282203674316406,-0.9520874274057024,0.36668716054975015,0.14351654052734375
2004-08-30,53.29999923706055,53.32500076293945,52.98500061035156,52.994998931884766,39.00254821777344,-1.0942351906742218,-0.7119138703662209,-0.27965545654296875
2004-08-31,53.07500076293945,53.18000030517578,52.73500061035156,53.18000030517578,39.13868713378906,-0.49878970094269476,0.34905133699336677,0.136138916015625
2004-09-01,53.22499847412109,53.52000045776367,53.0,53.27999877929688,39.21229553222656,-0.70265102537593,0.18807068869193255,0.0736083984375
2004-09-02,53.400001525878906,53.98500061035156,53.34000015258789,53.880001068115234,39.65387725830078,-1.0734488238384075,1.1261307711794233,0.44158172607421875
2004-09-03,53.880001068115234,54.07500076293945,53.68999862670898,53.70000076293945,39.52139663696289,-1.0392352386738684,-0.33409247846036827,-0.13248062133789062
2004-09-07,54.09999847412109,54.25,53.875,54.07500076293945,39.7973861694336,-0.7878622186159144,0.6983294011745134,0.27598953247071023
2004-09-08,54.125,54.18999862670898,53.84999847412109,53.84999847412109,39.63179397583008,-0.4137076155712558,-0.4160881141754613,-0.16559219360352273
2004-09-09,53.900001525878906,54.15999984741211,53.75,53.959999084472656,39.7127571105957,-0.9586719287015194,0.20428834186765332,0.080963134765625
2004-09-10,53.97499847412109,54.369998931884766,53.77999877929688,54.31999969482422,39.97770309448242,-0.7093646345402924,0.6671558540971345,0.26494598388671875
2004-09-13,54.42499923706055,54.61000061035156,54.31999969482422,54.40499877929688,40.04024505615234,-0.9731320099786077,0.15644210854761642,0.06254196166991477
2004-09-14,54.5,54.59999847412109,54.35499954223633,54.56499862670898,40.158016204833984,-0.8074866146348199,0.29413193779530555,0.11777114868164773
2004-09-15,54.5,54.5,54.15499877929688,54.22499847412109,39.90777206420898,-0.6437778373192136,-0.6231486618975102,-0.2502441406250071
2004-09-16,54.29999923706055,54.54499816894531,54.29999923706055,54.400001525878906,40.03657150268555,-0.7704326563622812,0.32274274361729915,0.1287994384765696
2004-09-17,54.625,54.709999084472656,54.380001068115234,54.56499862670898,40.158016204833984,-0.8495757797806304,0.30333442048176007,0.1214447021484375
2004-09-20,54.45000076293945,54.525001525878906,54.25,54.35499954223633,40.003448486328125,-0.7732730294702808,-0.38489879011317507,-0.15456771850585938
2004-09-21,54.45000076293945,54.78499984741211,54.380001068115234,54.70500183105469,40.26103591918945,-0.85099596633463,0.6439130690179429,0.2575874328613281
2004-09-22,54.345001220703125,54.345001220703125,53.88999938964844,53.95500183105469,39.70907211303711,-0.8788832659404432,-1.3709627523251666,-0.5519638061523438
2004-09-23,54.0,54.0,53.71500015258789,53.72499847412109,39.5397834777832,-0.9380146697342505,-0.4263223143870065,-0.16928863525390625
2004-09-24,53.67499923706055,54.02999877929688,53.67499923706055,53.845001220703125,39.62810516357422,-1.0099277525140555,0.22337422722773503,0.08832168579101562
2004-09-27,53.400001525878906,53.54999923706055,53.2599983215332,53.380001068115234,39.42757797241211,-1.006829163668965,-0.5060226582481953,-0.20052719116210938
2004-09-28,53.29999923706055,53.72499847412109,53.209999084472656,53.66999816894531,39.64176559448242,-0.8684255285882633,0.5432431640111979,0.2141876220703125
2004-09-29,53.5,53.81499862670898,53.5,53.790000915527344,39.730411529541016,-0.8478973774895397,0.22361752492410236,0.08864593505859375
2004-09-30,53.84999847412109,54.0099983215332,53.70000076293945,53.880001068115234,39.79689407348633,-0.9489888385606121,0.16733414376006728,0.0664825439453125
2004-10-01,54.17499923706055,54.75,54.17499923706055,54.75,40.43947982788086,-0.9993409072933301,1.6146630769928283,0.6425857543945312
2004-10-04,55.0,55.22999954223633,54.93000030517578,54.93000030517578,40.57244110107422,-1.003472359086784,0.3287907603146012,0.13296127319335938
2004-10-05,55.0,55.06999969482422,54.79499816894531,54.915000915527344,40.56136322021485,-1.079904217265679,-0.02730395450392109,-0.011077880859367895
2004-10-06,54.84999847412109,55.25,54.84999847412109,55.25,40.80879592895508,-1.0827445903736785,0.6100206923442597,0.24743270874022727
2004-10-07,55.20000076293945,55.244998931884766,54.66999816894531,54.75,40.43947982788086,-0.9792000798002429,-0.9049914183137608,-0.36931610107421875
2004-10-08,54.70000076293945,54.84000015258789,54.18999862670898,54.29499816894531,40.10342025756836,-0.9644817827860638,-0.8310185287813798,-0.3360595703125
2004-10-11,54.47499847412109,54.47499847412109,54.290000915527344,54.42499923706055,40.19944381713867,-0.7249866866342896,0.23943982571459355,0.0960235595703125
2004-10-12,54.04999923706055,54.42499923706055,53.98500061035156,54.30500030517578,40.11079025268555,-1.031359658692597,-0.22053430603765634,-0.088653564453125
2004-10-13,54.375,54.45500183105469,53.70000076293945,53.90499877929688,39.81535720825195,-1.0291648249273246,-0.7365425676543857,-0.29543304443359375
2004-10-14,53.95000076293945,53.95000076293945,53.38999938964844,53.42499923706055,39.46080780029297,-0.9781672168518795,-0.8904840564522232,-0.3545494079589844
2004-10-15,53.625,53.90999984741211,53.375,53.71500015258789,39.67502212524414,-0.9748104122696982,0.542853369944396,0.21421432495117188
2004-10-18,53.650001525878906,54.02000045776367,53.435001373291016,53.95000076293945,39.84859085083008,-1.0536953199509564,0.4374760650114329,0.1735687255859375
2004-10-19,54.09999847412109,54.17499923706055,53.470001220703125,53.47499847412109,39.49775314331055,-0.88094899183717,-0.8804268859414988,-0.35083770751953125
2004-10-20,53.375,53.57500076293945,53.05500030517578,53.4900016784668,39.50882339477539,-1.0174160088896904,0.028027547351050508,0.01107025146484375
2004-10-21,53.59999847412109,53.82500076293945,53.39500045776367,53.73500061035156,39.68978500366211,-0.9864301204387871,0.4580283423744058,0.18096160888671875
2004-10-22,53.84999847412109,53.84999847412109,53.22999954223633,53.25,39.33155822753906,-0.46844935183451847,-0.9025666833166079,-0.3582267761230469
2004-10-25,53.494998931884766,53.494998931884766,52.994998931884766,53.209999084472656,39.30202102661133,-0.2963485630634592,-0.07509796778673028,-0.029537200927734375
2004-10-26,53.25,54.04999923706055,53.25,54.04999923706055,39.92244338989258,-0.245350954988014,1.5786016776622391,0.62042236328125
2004-10-27,54.0,54.73500061035156,53.875,54.71500015258789,40.41363906860352,-0.6556557612253933,1.230374789222699,0.4911956787109446
2004-10-28,54.650001525878906,54.880001068115234,54.43000030517578,54.68999862670898,40.395164489746094,-0.9908197879693317,-0.04571372260258055,-0.01847457885742898
2004-10-29,54.75,54.900001525878906,54.584999084472656,54.84999847412109,40.51335144042969,-1.0495638681575028,0.2925769759239305,0.11818695068359375
2004-11-01,54.92499923706055,55.0,54.72999954223633,54.93000030517578,40.57244110107422,-0.9476977598751578,0.14585231422143963,0.05908966064453125
2004-11-02,54.9900016784668,55.375,54.75,54.79999923706055,40.47642517089844,-0.6601745366244833,-0.2366530767438535,-0.09601593017578125
2004-11-03,55.790000915527344,55.81999969482422,55.33000183105469,55.5099983215332,41.00083923339844,-0.5750924512530443,1.2956037008847288,0.5244140625
2004-11-04,55.59000015258789,56.3849983215332,55.4900016784668,56.380001068115234,41.64345169067383,-0.5655384689806825,1.5673153752226998,0.6426124572753906
2004-11-05,56.625,56.845001220703125,56.375,56.58000183105469,41.79116439819336,-0.8375687480059053,0.3547081270225627,0.14771270751953125
2004-11-08,56.54999923706055,56.61000061035156,56.39500045776367,56.43999862670898,41.68775177001953,-0.9400803956309773,-0.24745093768743232,-0.10341262817382812
2004-11-09,56.47499847412109,56.71500015258789,56.39500045776367,56.5,41.73207092285156,-1.0130263413591458,0.10631216832350798,0.04431915283203125
2004-11-10,56.5099983215332,56.84000015258789,56.45000076293945,56.52999877929688,41.75422286987305,-1.0393643465424136,0.05308135094095334,0.022151947021484375
2004-11-11,56.650001525878906,57.09999847412109,56.625,57.060001373291016,42.14570236206055,-1.0153502829929635,0.9375805973147688,0.3914794921875
2004-11-12,57.150001525878906,57.56499862670898,56.95500183105469,57.54999923706055,42.50762176513672,-0.9904324643636954,0.8587338276321299,0.3619194030761719
2004-11-15,57.57500076293945,57.650001525878906,57.42499923706055,57.59000015258789,42.53716659545898,-0.6059492318354024,0.06950478313159092,0.02954483032225852
2004-11-16,57.57500076293945,57.57500076293945,57.20500183105469,57.25,42.28603744506836,-0.5353272277410517,-0.5903758301038953,-0.2511291503906179
2004-11-17,57.64500045776367,57.90999984741211,57.375,57.584999084472656,42.53347396850586,-0.9101273701284374,0.5851494686843983,0.2474365234375
2004-11-18,57.5,57.67499923706055,57.40499877929688,57.67499923706055,42.599945068359375,-1.0511131625800478,0.15627949859617907,0.06647109985351562
2004-11-19,57.57500076293945,57.650001525878906,56.8849983215332,56.97499847412109,42.08292007446289,-0.6155032141077642,-1.213675259596747,-0.5170249938964844
2004-11-22,56.97499847412109,57.369998931884766,56.82500076293945,57.34999847412109,42.359901428222656,-0.08448255078040715,0.6581799772203745,0.2769813537597656
2004-11-23,57.34999847412109,57.5,57.07500076293945,57.369998931884766,42.37467193603516,-0.7910899153295502,0.034869079753496734,0.014770507812507105
2004-11-24,57.57500076293945,57.70000076293945,57.42499923706055,57.70000076293945,42.61842727661133,-1.00979864464551,0.5752382955179325,0.24375534057616477
2004-11-26,57.70000076293945,57.92499923706055,57.68999862670898,57.70000076293945,42.61842727661133,-0.8979912304851669,0.0,0.0
2004-11-29,57.95000076293945,57.98500061035156,57.27000045776367,57.57500076293945,42.52608489990234,-0.9784254325889703,-0.2166724175663548,-0.09234237670899148
2004-11-30,57.59999847412109,57.619998931884766,57.34999847412109,57.45000076293945,42.43375015258789,-1.0375568363827776,-0.2171249658457497,-0.09233474731444602
2004-12-01,57.625,58.2400016784668,57.625,58.19499969482422,42.98402786254883,-0.7660429888317366,1.2967925483422738,0.5502777099609375
2004-12-02,58.17499923706055,58.43000030517578,58.07500076293945,58.165000915527344,42.96188735961914,-0.95583155559352,-0.05150867433942885,-0.0221405029296875
2004-12-03,58.25,58.53499984741211,58.09999847412109,58.17499923706055,42.96926498413086,-0.9944348082886038,0.017172486976568813,0.00737762451171875
2004-12-06,58.22499847412109,58.31999969482422,57.97499847412109,58.13999938964844,42.94340133666992,-0.9501508093775209,-0.06019103996889319,-0.0258636474609375
2004-12-07,58.25,58.2599983215332,57.525001525878906,57.56999969482422,42.52238845825195,-1.0425920432560494,-0.9803901538149917,-0.42101287841796875
2004-12-08,57.6150016784668,57.86000061035156,57.45000076293945,57.79999923706055,42.69228744506836,-1.0037305748238747,0.39955184310309644,0.16989898681640625
2004-12-09,57.625,58.119998931884766,57.29499816894531,58.06999969482422,42.89170455932617,-0.9928855138660586,0.46710337204207697,0.1994171142578125
2004-12-10,58.0,58.209999084472656,57.79999923706055,58.0,42.84000015258789,-0.998695367950603,-0.12054640231601299,-0.05170440673828125
2004-12-13,58.400001525878906,58.54999923706055,58.09999847412109,58.54999923706055,43.24623489379883,-1.0308432272184151,0.9482603635947884,0.4062347412109375
2004-12-14,58.57500076293945,58.93999862670898,58.56499862670898,58.810001373291016,43.43828582763672,-0.7267941967939257,0.4440870617049564,0.19205093383789062
2004-12-15,58.810001373291016,59.06499862670898,58.70000076293945,59.0,43.57861709594727,-0.9274278245135251,0.3230589458971478,0.14033126831055398
2004-12-16,58.8849983215332,59.084999084472656,58.65499877929688,58.900001525878906,43.5047492980957,-0.6880618362302964,-0.1695046854950366,-0.0738677978515696
2004-12-17,58.47499847412109,58.75,58.44499969482422,58.59999847412109,43.28317642211914,-0.5280971871025075,-0.5093073274789806,-0.2215728759765625
2004-12-20,58.82500076293945,58.91999816894531,58.38999938964844,58.494998931884766,43.20561218261719,0.15320503521173104,-0.17920181907516985,-0.07756423950195312
2004-12-21,58.775001525878906,59.04499816894531,58.58000183105469,59.040000915527344,43.608177185058594,-0.9745521965326074,0.9317423874007025,0.40256500244140625
2004-12-22,59.04999923706055,59.38999938964844,59.04999923706055,59.2599983215332,43.77066040039063,-1.0230967551056893,0.37259804426705845,0.16248321533203836
2004-12-23,59.34999847412109,59.494998931884766,59.25,59.32500076293945,43.81867218017578,-0.4164188808107099,0.10968941145954592,0.048011779785149145
2004-12-27,58.97499847412109,59.095001220703125,58.650001525878906,58.650001525878906,43.60862350463867,-0.8586133305788105,-0.47935883285878944,-0.21004867553710938
2004-12-28,58.72499847412109,59.13999938964844,58.72499847412109,59.13999938964844,43.97295379638672,-0.9413714743164316,0.835454693288562,0.3643302917480469
2004-12-29,59.025001525878906,59.22499847412109,59.025001525878906,59.22499847412109,44.036163330078125,-0.9857845810960599,0.14374639007443957,0.06320953369140625
2004-12-30,59.20000076293945,59.33000183105469,59.15499877929688,59.17499923706055,43.998985290527344,-1.0260662360822344,-0.08442615509464124,-0.03717803955078125
2004-12-31,59.29999923706055,59.400001525878906,58.95000076293945,59.025001525878906,43.88745880126953,-0.9470522205324307,-0.2534751393046819,-0.1115264892578125
2005-01-03,59.400001525878906,59.42499923706055,58.45000076293945,58.59999847412109,43.57144165039063,-0.7928974254891862,-0.7200625406676764,-0.31601715087889914
2005-01-04,58.75,58.75,57.63999938964844,57.81999969482422,42.99148941040039,-0.9741648729269711,-1.3310375283050568,-0.5799522399902415
2005-01-05,57.875,57.97499847412109,57.41999816894531,57.41999816894531,42.69407653808594,-0.8859841987104419,-0.6917947630874721,-0.2974128723144531
2005-01-06,57.54999923706055,57.89500045776367,57.43000030517578,57.69499969482422,42.89854049682617,-1.0015357410586025,0.4789047458558793,0.20446395874023438
2005-01-07,57.79999923706055,57.82500076293945,57.35499954223633,57.5099983215332,42.76097869873047,-0.956735310673338,-0.32066778147354924,-0.13756179809570312
2005-01-10,57.54999923706055,58.04999923706055,57.540000915527344,57.7400016784668,42.9320068359375,-0.7546814963997387,0.3999631028372752,0.17102813720703125
2005-01-11,57.650001525878906,57.650001525878906,57.2599983215332,57.38999938964844,42.6717529296875,-0.9948221318942401,-0.6062001882291446,-0.26025390625
2005-01-12,57.45000076293945,57.64500045776367,57.0,57.64500045776367,42.861366271972656,-0.8515123978088118,0.4443532999396371,0.18961334228515625
2005-01-13,57.51499938964844,57.630001068115234,57.09000015258789,57.19499969482422,42.52676773071289,-1.0342000318005964,-0.7806529991055466,-0.3345985412597656
2005-01-14,57.34999847412109,57.60499954223633,57.21500015258789,57.45000076293945,42.71637725830078,-0.9746813044011529,0.44585924984597014,0.18960952758789062
2005-01-18,57.470001220703125,58.13999938964844,57.30500030517578,58.07500076293945,43.18109893798828,-0.9600921152555192,1.087923905338184,0.4647216796875
2005-01-19,58.04999923706055,58.125,57.55500030517578,57.55500030517578,42.7944450378418,-1.0028268197440569,-0.8954239462542479,-0.3866539001464844
2005-01-20,57.375,57.459999084472656,57.06499862670898,57.20500183105469,42.53421401977539,-0.9847517181476965,-0.6080953213350337,-0.26023101806640625
2005-01-21,57.25,57.40999984741211,56.84999847412109,56.90999984741211,42.31486129760742,-0.8797870210202612,-0.5157088880635818,-0.21935272216796875
2005-01-24,56.900001525878906,57.09000015258789,56.540000915527344,56.60499954223633,42.08809661865234,-0.977134353903516,-0.5358984337918815,-0.22676467895508523
2005-01-25,56.775001525878906,57.08000183105469,56.60499954223633,56.75,42.195899963378906,-0.9852681496218781,0.2561373722915983,0.1078033447265696
2005-01-26,56.95000076293945,57.16999816894531,56.845001220703125,57.09999847412109,42.45613479614258,-1.0462070635753216,0.6167301396333036,0.2602348327636719
2005-01-27,56.9900016784668,57.30500030517578,56.92499923706055,57.18000030517578,42.5156135559082,-1.0357493262231416,0.14009461777719778,0.059478759765625
2005-01-28,57.18000030517578,57.21500015258789,56.72499847412109,56.970001220703125,42.3594856262207,-1.0211601370775079,-0.36722492427915254,-0.1561279296875
2005-01-31,57.375,57.560001373291016,57.32500076293945,57.54999923706055,42.79072952270508,-0.9436954159502494,1.01805744359047,0.431243896484375
2005-02-01,57.54999923706055,57.970001220703125,57.525001525878906,57.875,43.03236770629883,-1.0189653033122357,0.5646975087572059,0.24163818359375
2005-02-02,58.0,58.25,57.915000915527344,58.13999938964844,43.22940444946289,-1.0240005101855074,0.45788032048077465,0.1970367431640625
2005-02-03,58.0,58.04499816894531,57.81499862670898,57.84999847412109,43.013790130615234,-1.018190656100963,-0.49876772903434397,-0.21561431884765625
2005-02-04,57.97499847412109,58.625,57.97499847412109,58.57500076293945,43.5528564453125,-1.0509840547115024,1.253240677141787,0.5390663146972656
2005-02-07,58.650001525878906,58.7599983215332,58.45000076293945,58.54999923706055,43.53425598144531,-0.9590592523071557,-0.04270779320879603,-0.0186004638671875
2005-02-08,58.54999923706055,58.76499938964844,58.505001068115234,58.650001525878906,43.60862350463867,-1.014575635781691,0.17082529956422565,0.07436752319335938
2005-02-09,58.70000076293945,58.70500183105469,58.04999923706055,58.09999847412109,43.19968032836914,-1.002955927612602,-0.9377575887623002,-0.40894317626953125
2005-02-10,58.29999923706055,58.41999816894531,58.025001525878906,58.29999923706055,43.348388671875,-1.0450450927584127,0.344234823904932,0.14870834350585938
2005-02-11,58.29999923706055,58.88999938964844,58.09999847412109,58.775001525878906,43.70156478881836,-0.9445991710300674,0.8147387429247255,0.3531761169433594
2005-02-14,58.775001525878906,58.84000015258789,58.63999938964844,58.790000915527344,43.71272277832031,-0.9588010365700649,0.02553224250865238,0.011157989501953125
2005-02-15,58.84999847412109,59.125,58.744998931884766,59.0,43.86886215209961,-1.034974679011869,0.3571943449304671,0.15613937377929688
2005-02-16,58.900001525878906,59.125,58.76499938964844,59.0099983215332,43.87630844116211,-0.9727446863729714,0.016973973559375466,0.0074462890625
2005-02-17,59.07500076293945,59.125,58.59000015258789,58.625,43.59003829956055,-1.0254206967395072,-0.6524481018849837,-0.2862701416015625
2005-02-18,58.57500076293945,58.70000076293945,58.435001373291016,58.59999847412109,43.57144165039063,-0.9050921632551656,-0.042662612595367744,-0.01859664916991477
2005-02-22,58.34999847412109,58.65499877929688,57.71500015258789,57.71500015258789,42.91341781616211,-0.8986367698278941,-1.5102181826077477,-0.6580238342285227
2005-02-23,57.95000076293945,58.14500045776367,57.744998931884766,58.02000045776367,43.14020156860352,-1.03071411934987,0.5284681667932833,0.22678375244141336
2005-02-24,58.005001068115234,58.5,57.744998931884766,58.459999084472656,43.46736907958984,-1.0480145737349575,0.7583819710856865,0.3271675109863139
2005-02-25,58.5,59.09999847412109,58.47499847412109,59.04499816894531,43.90231704711914,-0.8056791044751839,1.0006309945580272,0.434947967529304
2005-02-28,59.04999923706055,59.06499862670898,58.470001220703125,58.75,43.68297958374024,-0.9979207207393304,-0.49960338800225657,-0.21933746337889914
2005-03-01,58.84999847412109,59.165000915527344,58.84999847412109,59.084999084472656,43.93207550048828,-1.073319715969862,0.5702356366751982,0.24909591674803977
2005-03-02,58.775001525878906,59.3849983215332,58.775001525878906,59.03499984741211,43.8948860168457,-1.003214143349693,-0.08465223465748961,-0.037189483642578125
2005-03-03,59.150001525878906,59.32500076293945,58.78499984741211,59.09999847412109,43.94322204589844,-1.0489183288147756,0.11011767756767821,0.048336029052734375
2005-03-04,59.38999938964844,59.78499984741211,59.32500076293945,59.69499969482422,44.38563537597656,-0.9939183768144221,1.006784003266814,0.442413330078125
2005-03-07,59.650001525878906,60.005001068115234,59.650001525878906,59.845001220703125,44.49715423583984,-1.0010193095844206,0.25124988956142236,0.11151885986327414
2005-03-08,59.775001525878906,59.82500076293945,59.42499923706055,59.46500015258789,44.21462631225586,-1.0551155065049562,-0.6349348142277722,-0.28252792358397727
2005-03-09,59.32500076293945,59.45000076293945,58.8849983215332,58.92499923706055,43.81310272216797,-1.0024394961384204,-0.9081239028284949,-0.4015235900878906
2005-03-10,59.0,59.03499984741211,58.540000915527344,58.81999969482422,43.73503875732422,-1.0576976638758648,-0.17817492940132018,-0.07806396484375
2005-03-11,58.935001373291016,59.130001068115234,58.47999954223633,58.630001068115234,43.59375762939453,-1.007991134485874,-0.32303876238368723,-0.1412811279296875
2005-03-14,58.650001525878906,58.91999816894531,58.59000015258789,58.91999816894531,43.80936813354492,-1.0130263413591458,0.4945903172270061,0.21561050415039062
2005-03-15,59.125,59.21500015258789,58.58000183105469,58.61000061035156,43.57888412475586,-0.9850099338847873,-0.5261066721767627,-0.2304840087890625
2005-03-16,58.42499923706055,58.45000076293945,57.95500183105469,58.10499954223633,43.203399658203125,-0.926782285170798,-0.8616201954088853,-0.3754844665527344
2005-03-17,58.10499954223633,58.375,58.0,58.17499923706055,43.25543212890625,-1.0131554492276913,0.12043605622420461,0.052032470703125
2005-03-18,58.275001525878906,58.275001525878906,57.81999969482422,58.04999923706055,43.16249847412109,-0.7863129241933692,-0.21484851777276992,-0.09293365478516336
2005-03-21,58.07500076293945,58.119998931884766,57.625,57.869998931884766,43.02866363525391,-0.9506672408517027,-0.3100720384558331,-0.1338348388671733
2005-03-22,57.9900016784668,58.25,57.375,57.375,42.66062927246094,-0.9653855378658818,-0.8553237114513612,-0.36803436279297586
2005-03-23,57.375,57.5,57.1349983215332,57.33000183105469,42.627174377441406,-0.9345287572835238,-0.07842100688638665,-0.03345489501953125
2005-03-24,57.150001525878906,57.4900016784668,57.084999084472656,57.125,42.63761520385742,-0.9918526509176951,0.024493357977628527,0.010440826416015625
2005-03-28,57.20000076293945,57.44499969482422,57.15999984741211,57.17499923706055,42.67491912841797,-1.041559180307686,0.0874906450142543,0.037303924560546875
2005-03-29,57.09999847412109,57.43999862670898,56.59999847412109,56.69499969482422,42.316650390625,-0.977134353903516,-0.8395299747724461,-0.35826873779296875
2005-03-30,56.97499847412109,57.494998931884766,56.92499923706055,57.46500015258789,42.891361236572266,-0.9584137129644286,1.3581198904972558,0.5747108459472656
2005-03-31,57.525001525878906,57.630001068115234,57.400001525878906,57.43000030517578,42.86526107788086,-0.9851390417533328,-0.06085178445945916,-0.02610015869140625
2005-04-01,57.79999923706055,57.970001220703125,56.970001220703125,57.185001373291016,42.6823844909668,-0.9121930960251643,-0.4266312214494583,-0.1828765869140625
2005-04-04,57.150001525878906,57.44499969482422,56.8849983215332,57.375,42.82421875,-0.9705498526076991,0.3323016291726155,0.14183425903320312
2005-04-05,57.375,57.650001525878906,57.375,57.55500030517578,42.95856857299805,-0.9905615722322408,0.3137239322037688,0.13434982299804688
2005-04-06,57.67499923706055,57.94499969482422,57.58000183105469,57.685001373291016,43.05559921264648,-1.0264535596878706,0.22587028123051134,0.0970306396484304
2005-04-07,57.72499847412109,58.025001525878906,57.6349983215332,58.0,43.29068756103516,-0.9588010365700649,0.5460110942310026,0.23508834838868609
2005-04-08,58.0,58.01499938964844,57.5,57.5,42.9174919128418,-1.067638969753863,-0.8620691174451856,-0.3731956481933665
2005-04-11,57.57500076293945,57.59999847412109,57.32500076293945,57.45500183105469,42.883914947509766,-1.0456906321011399,-0.0782360847186081,-0.03357696533203125
2005-04-12,57.400001525878906,57.91999816894531,56.95500183105469,57.75,43.104103088378906,-1.0255498046080527,0.5134515846761056,0.22018814086914062
2005-04-13,57.70000076293945,57.73500061035156,56.95000076293945,57.125,42.63761520385742,-1.0330380609836876,-1.0822354511472287,-0.4664878845214844
2005-04-14,57.125,57.1349983215332,56.45000076293945,56.45000076293945,42.1337890625,-0.9914653273120588,-1.1816470948211921,-0.5038261413574219
2005-04-15,56.3650016784668,56.46500015258789,55.540000915527344,55.54999923706055,41.4620361328125,-0.8428621706162679,-1.5943330629273333,-0.6717529296875
2005-04-18,55.54999923706055,55.89500045776367,55.369998931884766,55.75,41.61131286621094,-0.5829680312343156,0.36003232672960905,0.1492767333984375
2005-04-19,56.07500076293945,56.25,55.970001220703125,56.220001220703125,41.96211242675781,-0.9134841747106186,0.8430389151016904,0.350799560546875
2005-04-20,56.25,56.29999923706055,55.375,55.41999816894531,41.36500930786133,-1.002955927612602,-1.422957721536755,-0.5971031188964844
2005-04-21,56.0,56.52000045776367,55.71500015258789,56.470001220703125,42.148704528808594,-1.028648393453143,1.8945849017331762,0.7836952209472656
2005-04-22,56.34999847412109,56.470001220703125,55.59999847412109,56.09999847412109,41.87256622314453,-1.0082493502229648,-0.6551525337518349,-0.2761383056640625
2005-04-25,56.400001525878906,56.70000076293945,56.29499816894531,56.650001525878906,42.28307723999024,-1.0067000558004198,0.9803817961814065,0.41051101684571023
2005-04-26,56.375,56.72499847412109,56.040000915527344,56.040000915527344,41.8277702331543,-0.9270405009078888,-1.0768066956236777,-0.4553070068359446
2005-04-27,55.875,56.40499877929688,55.625,56.244998931884766,41.98077392578125,-0.9686132345795175,0.36579452305032234,0.15300369262695312
2005-04-28,56.125,56.150001525878906,55.5,55.5,41.42472839355469,-1.0292939327958701,-1.3245242529582923,-0.5560455322265625
2005-04-29,55.84999847412109,56.165000915527344,55.31499862670898,56.165000915527344,41.92107772827149,-1.0243878337911436,1.198195749170039,0.496349334716804
2005-05-02,56.275001525878906,56.45000076293945,56.06999969482422,56.45000076293945,42.1337890625,-1.009153105302783,0.5074090308633927,0.21271133422850852
2005-05-03,56.32500076293945,56.72499847412109,56.20500183105469,56.625,42.26441192626953,-0.9522165352742479,0.31001926642717503,0.13062286376953125
2005-05-04,56.595001220703125,57.17499923706055,56.45000076293945,57.11000061035156,42.626407623291016,-0.9044466239124385,0.856502387050817,0.3619956970214844
2005-05-05,57.150001525878906,57.31499862670898,56.73500061035156,57.005001068115234,42.54803085327149,-0.9607376545982463,-0.1838690482955485,-0.07837677001952414
2005-05-06,57.34999847412109,57.34999847412109,56.95000076293945,56.9900016784668,42.53683853149414,-1.0227094315000531,-0.026305146332028517,-0.011192321777350855
2005-05-09,57.04999923706055,57.39500045776367,56.86000061035156,57.30500030517578,42.77194595336914,-0.95583155559352,0.5527148466873744,0.235107421875
2005-05-10,57.0,57.150001525878906,56.650001525878906,56.78499984741211,42.38382339477539,-0.981911345039697,-0.9074231951403111,-0.38812255859375
2005-05-11,56.95000076293945,57.09999847412109,56.41999816894531,57.06999969482422,42.59655380249024,-0.8659724790859,0.5019141518532111,0.21273040771485086
2005-05-12,57.125,57.17499923706055,56.375,56.41999816894531,42.11140441894531,-0.9319465999126152,-1.1389404546537918,-0.485149383544929
2005-05-13,56.5,56.650001525878906,55.80500030517578,56.18000030517578,41.93227005004883,-0.8595170856586285,-0.4253820820468657,-0.17913436889648438
2005-05-16,56.25,56.775001525878906,56.220001220703125,56.7400016784668,42.35023498535156,-0.9682259109738813,0.9967620040695735,0.4179649353027344
2005-05-17,56.650001525878906,57.21500015258789,56.5,57.130001068115234,42.6413459777832,-1.017932440363872,0.6873893203481307,0.2911109924316406
2005-05-18,57.5,57.900001525878906,57.41999816894531,57.81999969482422,43.15635681152344,-0.9915944351806043,1.2077733991055606,0.5150108337402344
2005-05-19,57.875,58.1150016784668,57.790000915527344,58.08000183105469,43.35041046142578,-0.9589301444386102,0.4496525291739273,0.19405364990234375
2005-05-20,57.959999084472656,58.09999847412109,57.79499816894531,58.0,43.29068756103516,-1.0516295940542297,-0.13776778525259603,-0.059722900390617895
2005-05-23,58.08000183105469,58.44499969482422,58.03499984741211,58.29999923706055,43.51461410522461,-0.9790709719316975,0.5172626188339802,0.22392654418944602
2005-05-24,58.22499847412109,58.3650016784668,58.07500076293945,58.29999923706055,43.51461410522461,-0.9829442079880604,0.0,0.0
2005-05-25,58.22499847412109,58.22499847412109,57.86000061035156,58.084999084472656,43.3541374206543,-0.9935310532087858,-0.3687880218407935,-0.1604766845703125
2005-05-26,58.275001525878906,58.5099983215332,58.220001220703125,58.415000915527344,43.60045623779297,-0.9403386113680682,0.5681552714305038,0.24631881713867188
2005-05-27,58.375,58.56499862670898,58.35499954223633,58.505001068115234,43.66762161254883,-1.0366530813029597,0.15404741269116062,0.06716537475585938
2005-05-31,58.505001068115234,58.54999923706055,58.26499938964844,58.345001220703125,43.54820251464844,-1.0423338275189586,-0.27347286957820627,-0.11941909790039062
2005-06-01,58.34999847412109,58.97999954223633,58.33000183105469,58.83000183105469,43.91020202636719,-0.9518292116686116,0.8312616613670443,0.36199951171875
2005-06-02,58.625,58.970001220703125,58.625,58.91999816894531,43.97737121582031,-1.0465943871809578,0.15296943842979527,0.067169189453125
2005-06-03,58.91999816894531,58.994998931884766,58.5,58.58000183105469,43.72360229492188,-1.0210310292089626,-0.5770443159347827,-0.2537689208984304
2005-06-06,58.625,58.709999084472656,58.400001525878906,58.67499923706055,43.79451370239258,-1.0156084987300544,0.16218107326195774,0.07091140747069602
2005-06-07,58.82500076293945,59.244998931884766,58.70000076293945,58.71500015258789,43.82437133789063,-0.9347869730206148,0.06817665724285771,0.02985763549805398
2005-06-08,58.875,58.90499877929688,58.46500015258789,58.58000183105469,43.72360229492188,-0.9812658056969699,-0.22993836509783705,-0.10076904296875
2005-06-09,58.45000076293945,58.900001525878906,58.375,58.8849983215332,43.95125198364258,-1.0114770469366006,0.5206562972217332,0.22764968872069602
2005-06-10,58.95000076293945,58.97499847412109,58.525001525878906,58.810001373291016,43.895263671875,-0.9476977598751578,-0.12738729669956594,-0.055988311767578125
2005-06-13,58.790000915527344,59.185001373291016,58.665000915527344,58.94499969482422,43.99602127075195,-1.002310388269875,0.22954093550988652,0.10075759887695312
2005-06-14,58.92499923706055,59.28499984741211,58.88999938964844,59.14500045776367,44.14530563354492,-1.0446577691527763,0.3393133253442926,0.14928436279296875
2005-06-15,59.34999847412109,59.36000061035156,58.869998931884766,59.22499847412109,44.20503234863281,-1.0170286852840542,0.13529573355701707,0.059726715087890625
2005-06-16,59.20000076293945,59.540000915527344,59.20000076293945,59.5,44.410274505615234,-1.0305850114813244,0.4642959094877108,0.20524215698242188
2005-06-17,59.875,59.915000915527344,59.6150016784668,59.755001068115234,44.60061264038086,-1.0416882881762315,0.4285903135806013,0.190338134765625
2005-06-20,59.57500076293945,59.875,59.5,59.75,44.59689331054688,-0.9518292116686116,-0.008339190010608899,-0.0037193298339772696
2005-06-21,59.775001525878906,59.790000915527344,59.54999923706055,59.6349983215332,44.51102828979492,-0.998695367950603,-0.1925358794704457,-0.08586502075196023
2005-06-22,59.875,59.93999862670898,59.53499984741211,59.75,44.59689331054688,-1.0375568363827776,0.1929072952278732,0.08586502075196023
2005-06-23,59.75,59.77999877929688,59.025001525878906,59.025001525878906,44.05575942993164,-1.0122516941478732,-1.2133891857603163,-0.5411338806152415
2005-06-24,59.025001525878906,59.025001525878906,58.45000076293945,58.525001525878906,43.68255615234375,-0.8657142633488092,-0.8471157515317573,-0.3732032775878906
2005-06-27,58.45000076293945,58.650001525878906,58.255001068115234,58.380001068115234,43.7248649597168,-0.887533493132987,0.09685515477961815,0.042308807373046875
2005-06-28,58.595001220703125,59.0,58.275001525878906,58.97499847412109,44.17050552368164,-1.0392352386738684,1.0191925449636097,0.44564056396484375
2005-06-29,59.07500076293945,59.09000015258789,58.834999084472656,58.875,44.09561538696289,-0.9799747270115156,-0.16954783702577414,-0.07489013671875
2005-06-30,59.01499938964844,59.11000061035156,58.52999877929688,58.584999084472656,43.878414154052734,-0.9746813044011529,-0.49256877583881975,-0.21720123291015625
2005-07-01,58.70000076293945,58.86000061035156,58.625,58.79999923706055,44.0394172668457,-1.0663478910684088,0.3669301087949606,0.16100311279296875
2005-07-05,58.72499847412109,59.34999847412109,58.665000915527344,59.310001373291016,44.42142105102539,-0.9865592283073324,0.867413348966517,0.3820037841796875
2005-07-06,59.26499938964844,59.34999847412109,58.85499954223633,58.85499954223633,44.08062744140625,-1.0474981422607759,-0.767183042675923,-0.3407936096191406
2005-07-07,58.25,59.05500030517578,58.25,59.025001525878906,44.20796203613281,-0.9465357890582489,0.288867473349419,0.1273345947265625
2005-07-08,59.04999923706055,59.79999923706055,59.01499938964844,59.75,44.7509651184082,-0.636418688812124,1.2282925004133194,0.5430030822753906
2005-07-11,59.75,60.17499923706055,59.75,60.17499923706055,45.069278717041016,-1.0114770469366006,0.711299963678047,0.3183135986328125
2005-07-12,60.18999862670898,60.435001373291016,59.97999954223633,60.275001525878906,45.14417266845703,-1.0081202423544193,0.16617517197516918,0.07489395141601562
2005-07-13,60.334999084472656,60.380001068115234,60.13999938964844,60.34999847412109,45.20033645629883,-1.0686718327022264,0.12440982860462135,0.056163787841796875
2005-07-14,60.625,60.79999923706055,60.28499984741211,60.40999984741211,45.24528503417969,-0.9983080443449667,0.09944301614728257,0.044948577880859375
2005-07-15,60.435001373291016,60.53499984741211,60.185001373291016,60.459999084472656,45.28273391723633,-1.0103150761196917,0.08276858688889277,0.037448883056640625
2005-07-18,60.3650016784668,60.3650016784668,60.125,60.209999084472656,45.095481872558594,-1.0270990990305977,-0.41351753412233183,-0.18725204467773438
2005-07-19,60.17499923706055,60.630001068115234,60.17499923706055,60.60499954223633,45.39133071899414,-0.9804911584856972,0.6560498616505095,0.2958488464355469
2005-07-20,60.48500061035156,60.970001220703125,60.29999923706055,60.79999923706055,45.537376403808594,-1.02477515739678,0.3217479692732228,0.14604568481445312
2005-07-21,60.84000015258789,60.900001525878906,60.345001220703125,60.43000030517578,45.26025772094727,-0.9730029021100622,-0.6085521493463641,-0.277118682861321
2005-07-22,60.5,60.84999847412109,60.45000076293945,60.84000015258789,45.56733703613281,-1.0162540380727816,0.6784745174869267,0.30707931518553977
2005-07-25,61.0,61.025001525878906,60.54999923706055,60.68999862670898,45.45499801635742,-1.0194817347864173,-0.24653409016706096,-0.11233901977539062
2005-07-26,60.72499847412109,60.84999847412109,60.625,60.76499938964844,45.51116180419922,-1.0240005101855074,0.12355910305306139,0.056163787841796875
2005-07-27,60.79999923706055,61.005001068115234,60.60499954223633,61.005001068115234,45.69092178344727,-0.7753387553670076,0.39497998319935057,0.17975997924805398
2005-07-28,61.125,61.435001373291016,61.0,61.42499923706055,46.00548553466797,-1.0431084747302313,0.6884600680887365,0.314563751220696
2005-07-29,61.40999984741211,61.43999862670898,60.9900016784668,61.150001525878906,45.79951095581055,-0.8321462175269971,-0.4477174329617917,-0.20597457885742188
2005-08-01,61.17499923706055,61.244998931884766,60.98500061035156,61.06499862670898,45.73583984375,-1.0357493262231416,-0.13902137977407358,-0.06367111206054688
2005-08-02,61.185001373291016,61.5,61.119998931884766,61.43999862670898,46.01671600341797,-1.0234840787113257,0.6141270404731669,0.28087615966796875
2005-08-03,61.35499954223633,61.54999923706055,61.31999969482422,61.4900016784668,46.054161071777344,-1.032263413772415,0.08137275236370645,0.037445068359375
2005-08-04,61.40999984741211,61.40999984741211,60.94499969482422,60.94499969482422,45.64599609375,-0.9948221318942401,-0.8862716604286835,-0.40816497802734375
2005-08-05,60.869998931884766,60.869998931884766,60.3849983215332,60.47499847412109,45.2939567565918,-1.0353620026175054,-0.7712381529262013,-0.3520393371582031
2005-08-08,60.6150016784668,60.77000045776367,60.22499847412109,60.275001525878906,45.14417266845703,-1.0569230166645922,-0.3306933172999238,-0.14978408813476562
2005-08-09,60.54999923706055,60.72999954223633,60.43999862670898,60.584999084472656,45.37633514404297,-0.9111602330768008,0.5142689783927512,0.2321624755859375
2005-08-10,60.900001525878906,61.18000030517578,60.41999816894531,60.67499923706055,45.44375228881836,-1.0081202423544193,0.14857335781168768,0.06741714477539062
2005-08-11,60.67499923706055,61.005001068115234,60.51499938964844,60.970001220703125,45.66471099853516,-1.0237422944484165,0.4862246152397276,0.22095870971680398
2005-08-12,60.75,60.82500076293945,60.39500045776367,60.595001220703125,45.383827209472656,-1.0299394721385973,-0.6151003322270365,-0.2808837890625071
2005-08-15,60.75,61.290000915527344,60.470001220703125,60.90499877929688,45.61601638793945,-1.0061836243262379,0.5116121595367229,0.23218917846679688
2005-08-16,60.81499862670898,60.81499862670898,60.11000061035156,60.11000061035156,45.02058792114258,-1.0077329187487831,-1.3053057104616017,-0.595428466796875
2005-08-17,60.15999984741211,60.43000030517578,60.04999923706055,60.10499954223633,45.016849517822266,-1.0141883121760547,-0.008303763884343063,-0.0037384033203125
2005-08-18,59.9900016784668,60.27000045776367,59.86000061035156,60.040000915527344,44.96815872192383,-0.9963714263167852,-0.10816126943570259,-0.0486907958984375
2005-08-19,60.310001373291016,60.34999847412109,60.150001525878906,60.25,45.12545776367188,-1.0693173720449536,0.34980093963989933,0.15729904174805398
2005-08-22,60.40499877929688,60.58000183105469,59.97499847412109,60.19499969482422,45.0842399597168,-0.6557848690939386,-0.09134046721686051,-0.04121780395508523
2005-08-23,60.25,60.25,59.89500045776367,60.1150016784668,45.02433395385742,-0.9922399745233315,-0.13287571424716038,-0.059906005859375
2005-08-24,60.02999877929688,60.415000915527344,59.70000076293945,59.720001220703125,44.72850036621094,-1.0158667144671454,-0.6570526683407851,-0.2958335876464844
2005-08-25,59.8849983215332,59.95500183105469,59.744998931884766,59.90999984741211,44.87080764770508,-0.983718855199333,0.3181579537185675,0.14230728149414062
2005-08-26,59.90999984741211,59.90999984741211,59.45000076293945,59.5,44.56370544433594,-1.021805676420235,-0.6844142538736886,-0.3071022033691406
2005-08-29,59.47499847412109,59.95000076293945,59.255001068115234,59.915000915527344,44.87454605102539,-0.9129677432364369,0.6975196599791733,0.3108406066894531
2005-08-30,59.685001373291016,59.7400016784668,59.3849983215332,59.71500015258789,44.7247314453125,-0.9578972814902468,-0.33385208073757333,-0.14981460571289062
2005-08-31,59.64500045776367,60.494998931884766,59.56499862670898,60.48500061035156,45.30144500732422,-0.93039730549007,1.2894735046467432,0.5767135620117188
2005-09-01,60.42499923706055,60.7599983215332,60.20500183105469,60.47999954223633,45.29770660400391,-0.9745521965326074,-0.00825228272454126,-0.0037384033203053946
2005-09-02,60.540000915527344,60.560001373291016,60.255001068115234,60.32500076293945,45.18162536621094,-0.9575099578846106,-0.2562629468369493,-0.11608123779297586
2005-09-06,60.45000076293945,61.03499984741211,60.40499877929688,61.025001525878906,45.70589065551758,-1.0140592043075092,1.1603506625919469,0.5242652893066406
2005-09-07,61.07500076293945,61.244998931884766,60.88999938964844,61.22499847412109,45.85568237304688,-0.9841061788049693,0.32772956697917355,0.14979171752930398
2005-09-08,61.02999877929688,61.185001373291016,60.88999938964844,61.0099983215332,45.69465255737305,-1.0147047436502363,-0.351166545432291,-0.16102981567383523
2005-09-09,61.1349983215332,61.5,61.10499954223633,61.42499923706055,46.00548553466797,-0.9271696087764343,0.6802392838082039,0.3108329772949219
2005-09-12,61.40999984741211,61.54499816894531,61.400001525878906,61.43999862670898,46.01671600341797,-0.9300099818844337,0.024411151451797508,0.01123046875
2005-09-13,61.47499847412109,61.47499847412109,61.0,61.04999923706055,45.72461700439453,-0.79702887728264,-0.6347671550523959,-0.2920989990234375
2005-09-14,61.04999923706055,61.10499954223633,60.709999084472656,60.79999923706055,45.537376403808594,-0.9123222038937098,-0.4094962688652837,-0.1872406005859375
2005-09-15,61.0099983215332,61.0099983215332,60.650001525878906,60.81499862670898,45.548606872558594,-0.997791612870785,0.02466208999485353,0.01123046875
2005-09-16,61.06499862670898,61.27000045776367,60.89500045776367,61.22999954223633,45.85943222045898,-1.0401389937536862,0.6824036326073646,0.3108253479003835
2005-09-19,61.07500076293945,61.17499923706055,60.76499938964844,61.005001068115234,45.69092178344727,-1.0033432512182385,-0.36744989820551854,-0.16851043701170454
2005-09-20,61.119998931884766,61.20000076293945,60.369998931884766,60.40499877929688,45.24152755737305,-1.0197399505235083,-0.9835525494629627,-0.44939422607422586
2005-09-21,60.209999084472656,60.29999923706055,59.83000183105469,59.83000183105469,44.810882568359375,-0.6542355746713935,-0.9518798596434452,-0.4306449890136719
2005-09-22,59.630001068115234,60.150001525878906,59.560001373291016,60.03499984741211,44.96443176269531,-0.7607495662213739,0.3426605001624283,0.1535491943359375
2005-09-23,59.875,60.28499984741211,59.76499938964844,60.15499877929688,45.05428695678711,-1.0294230406644156,0.1998361606480925,0.08985519409179688
2005-09-26,60.16999816894531,60.244998931884766,59.75,59.94499969482422,45.110721588134766,-0.8961837203255308,0.12525918211021558,0.05643463134765625
2005-09-27,60.025001525878906,60.11000061035156,59.69499969482422,59.94499969482422,45.110721588134766,-0.49982256389105817,0.0,0.0
2005-09-28,60.125,60.130001068115234,59.72499847412109,60.0,45.1521110534668,-1.0330380609836876,0.0917508385476884,0.04138946533203125
2005-09-29,59.900001525878906,60.55500030517578,59.72499847412109,60.5,45.52839660644531,-1.0038596826924202,0.8333731119081866,0.3762855529785156
2005-09-30,61.01499938964844,61.01499938964844,60.42499923706055,60.67499923706055,45.66007995605469,-0.999599123030421,0.2892334442340827,0.131683349609375
2005-10-03,60.79999923706055,60.94499969482422,60.540000915527344,60.70500183105469,45.68267822265625,-0.8808198839686247,0.04949239384448578,0.0225982666015625
2005-10-04,60.775001525878906,60.790000915527344,59.96500015258789,59.96500015258789,45.12577438354492,-1.0400098858851408,-1.2190700299947177,-0.5569038391113281
2005-10-05,59.95000076293945,59.95000076293945,59.040000915527344,59.040000915527344,44.4296875,-0.956735310673338,-1.5425483397327522,-0.6960868835449219
2005-10-06,59.125,59.30500030517578,58.2599983215332,58.79999923706055,44.24908065795898,-0.8163950575644546,-0.40650036541675094,-0.18060684204102273
2005-10-07,58.79999923706055,59.185001373291016,58.755001068115234,59.0099983215332,44.4070930480957,-0.8903738662409865,0.35709756629329625,0.15801239013672586
2005-10-10,59.025001525878906,59.025001525878906,58.470001220703125,58.494998931884766,44.01955032348633,-0.9664184008142452,-0.8727045568815761,-0.387542724609375
2005-10-11,58.55500030517578,58.84000015258789,58.290000915527344,58.29499816894531,43.86903381347656,-0.9017353586729844,-0.34193104859924217,-0.15051651000976562
2005-10-12,58.35499954223633,58.595001220703125,57.72999954223633,57.86000061035156,43.541690826416016,-0.7473223478926491,-0.7461823491539676,-0.3273429870605469
2005-10-13,57.8650016784668,58.0099983215332,57.42499923706055,57.81499862670898,43.5078353881836,-0.7022637017702937,-0.07775407337161644,-0.03385543823241477
2005-10-14,58.150001525878906,58.45500183105469,57.79999923706055,58.43000030517578,43.97063827514648,-0.9039301924382568,1.0637230807593046,0.4628028869628764
2005-10-17,58.275001525878906,58.6349983215332,58.25,58.584999084472656,44.0872917175293,-0.9452447103727946,0.26529849681249384,0.1166534423828196
2005-10-18,58.595001220703125,58.595001220703125,57.959999084472656,57.9900016784668,43.63951873779297,-0.9932728374716949,-1.0156509104828793,-0.4477729797363281
2005-10-19,57.76499938964844,58.86000061035156,57.540000915527344,58.84000015258789,44.279178619384766,-0.9272987166449798,1.4657812462029574,0.6396598815917969
2005-10-20,58.84000015258789,58.93999862670898,57.65999984741211,57.959999084472656,43.616943359375,-0.8738480590671713,-1.4955906605725766,-0.6622352600097656
2005-10-21,58.27999877929688,58.47499847412109,57.880001068115234,58.19499969482422,43.79379653930664,-0.9798456191429701,0.40546899051243646,0.17685317993164062
2005-10-24,58.5099983215332,59.209999084472656,58.42499923706055,59.209999084472656,44.5576057434082,-0.8790123738089886,1.7441036504245888,0.7638092041015625
2005-10-25,59.04499816894531,59.2599983215332,58.6349983215332,59.06499862670898,44.4484977722168,-0.9602212231240645,-0.24486946587687353,-0.10910797119140625
2005-10-26,58.97499847412109,59.375,58.72999954223633,58.845001220703125,44.2829475402832,-1.0153502829929635,-0.3724540540874566,-0.16555023193359375
2005-10-27,58.67499923706055,58.755001068115234,58.04999923706055,58.06999969482422,43.6997299194336,-0.9244583435369802,-1.3170252958411677,-0.5832176208496023
2005-10-28,58.435001373291016,58.994998931884766,58.119998931884766,58.97999954223633,44.38452911376953,-1.0294230406644156,1.5670558962228132,0.6847991943359304
2005-10-31,59.29999923706055,59.744998931884766,59.23500061035156,59.25,44.58772277832031,-0.9690005581851538,0.45780290702182036,0.20319366455078125
2005-11-01,59.42499923706055,59.55500030517578,59.25,59.36000061035156,44.67049026489258,-1.0290357170587792,0.18562842283684766,0.08276748657226562
2005-11-02,59.42499923706055,60.07500076293945,59.42499923706055,60.07500076293945,45.20856857299805,-0.9102564779969828,1.2045498155822898,0.5380783081054688
2005-11-03,60.40999984741211,60.55500030517578,60.08000183105469,60.29499816894531,45.37411880493164,-0.9451156025042492,0.36619215595441457,0.16555023193359375
2005-11-04,60.34999847412109,60.39500045776367,60.0,60.290000915527344,45.370361328125,-0.9390475326826139,-0.008281101441975913,-0.003757476806640625
2005-11-07,60.5,60.540000915527344,60.1349983215332,60.334999084472656,45.40422439575195,-0.9589301444386102,0.07463698025689247,0.033863067626953125
2005-11-08,60.23500061035156,60.40499877929688,60.095001220703125,60.29999923706055,45.37786865234375,-0.7619115370382828,-0.05804689708711619,-0.026355743408203125
2005-11-09,60.29999923706055,60.65499877929688,60.095001220703125,60.44499969482422,45.48699569702149,0.24913218154098615,0.24048517023529392,0.10912704467774148
2005-11-10,60.400001525878906,60.880001068115234,60.02000045776367,60.80500030517578,45.757904052734375,-0.7226627450004718,0.5955731996840186,0.2709083557128835
2005-11-11,60.92499923706055,61.11000061035156,60.790000915527344,61.07500076293945,45.96109390258789,-1.0292939327958701,0.4440541018210675,0.20318984985351562
2005-11-14,61.150001525878906,61.150001525878906,60.869998931884766,60.95000076293945,45.86702346801758,-0.969904313264972,-0.20467405490759427,-0.0940704345703125
2005-11-15,61.06499862670898,61.220001220703125,60.560001373291016,60.709999084472656,45.68640899658203,-1.0277446383733249,-0.3937784878530137,-0.18061447143554688
2005-11-16,60.82500076293945,60.900001525878906,60.59000015258789,60.82500076293945,45.77296829223633,-1.0357493262231416,0.18946399499415456,0.08655929565429688
2005-11-17,61.04999923706055,61.470001220703125,60.935001373291016,61.39500045776367,46.201904296875,-0.9983080443449667,0.9370945792725127,0.4289360046386719
2005-11-18,61.630001068115234,61.79999923706055,61.345001220703125,61.790000915527344,46.4991569519043,-0.9904324643636954,0.6433774961293048,0.2972526550292969
2005-11-21,61.84000015258789,62.13999938964844,61.625,62.06499862670898,46.70610809326172,-0.8395053660340868,0.4450642870180932,0.20695114135742188
2005-11-22,62.17499923706055,62.5,61.95000076293945,62.40999984741211,46.96573257446289,-0.9839770709364238,0.5558683688282384,0.2596244812011719
2005-11-23,62.45000076293945,62.91999816894531,62.45000076293945,62.70000076293945,47.1839714050293,-0.9577681736217014,0.4646767304659738,0.21823883056640625
2005-11-25,62.70000076293945,62.80500030517578,62.6150016784668,62.78499984741211,47.24794006347656,-1.0890708759324046,0.13557285777865413,0.06396865844726562
2005-11-28,62.95000076293945,62.95500183105469,62.125,62.220001220703125,46.82274627685547,-0.8369232086631782,-0.8999202632958281,-0.42519378662109375
2005-11-29,62.275001525878906,62.61000061035156,62.185001373291016,62.22999954223633,46.83027267456055,-0.9571226342789743,0.016074233793506032,0.007526397705078125
2005-11-30,62.34999847412109,62.38999938964844,61.875,61.98500061035156,46.64590835571289,-0.951958319537157,-0.3936861955275539,-0.18436431884765625
2005-12-01,62.31999969482422,62.79499816894531,62.2400016784668,62.7599983215332,47.2291145324707,-0.47955262852942554,1.2502836739942902,0.5832061767578125
2005-12-02,62.7599983215332,62.84000015258789,62.52999877929688,62.77999877929688,47.24415588378906,-0.9538949375653385,0.03184762506613925,0.015041351318359375
2005-12-05,62.69499969482422,62.69499969482422,62.34999847412109,62.63999938964844,47.13880920410156,-0.981911345039697,-0.22298351556250262,-0.1053466796875
2005-12-06,62.80500030517578,63.11000061035156,62.56499862670898,62.630001068115234,47.13129425048828,-0.992110866654786,-0.015942179575945126,-0.00751495361328125
2005-12-07,62.6349983215332,62.70500183105469,62.1150016784668,62.3650016784668,46.93185424804688,-0.9350451887577056,-0.42315834014962084,-0.19944000244139914
2005-12-08,62.369998931884766,62.720001220703125,62.09999847412109,62.375,46.93938827514648,-1.0343291396691419,0.016053120466485993,0.007534027099595164
2005-12-09,62.505001068115234,62.68999862670898,62.25,62.52000045776367,47.04850006103516,-0.9853972574904236,0.2324525092851637,0.10911178588868609
2005-12-12,62.77999877929688,62.77999877929688,62.3650016784668,62.625,47.12751770019531,-1.0170286852840542,0.16794932688106723,0.07901763916014914
2005-12-13,62.525001525878906,63.1349983215332,62.525001525878906,62.97999954223633,47.39468002319336,-0.878237726597716,0.5668924145286303,0.2671623229980469
2005-12-14,63.04999923706055,63.31999969482422,62.8650016784668,63.10499954223633,47.48875045776367,-1.0251624810024162,0.19848310933689994,0.0940704345703125
2005-12-15,63.20500183105469,63.20500183105469,62.82500076293945,62.94499969482422,47.36834335327149,-0.6683083323428455,-0.2535486895981154,-0.1204071044921804
2005-12-16,63.09999847412109,63.16999816894531,62.77999877929688,62.869998931884766,47.31190490722656,-0.9674512637626087,-0.11914802598016472,-0.05643844604492898
2005-12-19,62.869998931884766,62.91999816894531,62.31499862670898,62.34000015258789,46.91305160522461,-0.9507963487202481,-0.8430294717239994,-0.3988533020019531
2005-12-20,62.35499954223633,62.60499954223633,62.18999862670898,62.38999938964844,46.95068740844727,-0.9971460735280578,0.0802245898206877,0.037635803222663355
2005-12-21,62.66999816894531,62.880001068115234,62.45000076293945,62.6150016784668,47.11999130249024,-0.9081907521002559,0.36059939350858716,0.16930389404296875
2005-12-22,62.7400016784668,62.90499877929688,62.60499954223633,62.90499877929688,47.33821868896485,-1.022967647237144,0.46313121128076506,0.21822738647460938
2005-12-23,62.93000030517578,63.0,62.81499862670898,62.94499969482422,47.36834335327149,-1.0269699911620522,0.0636370888912774,0.030124664306640625
2005-12-27,62.755001068115234,62.77999877929688,61.994998931884766,62.03499984741211,46.93406295776367,-0.8761720007009891,-0.9168156721652054,-0.4342803955078196
2005-12-28,62.17499923706055,62.25,61.9900016784668,62.125,47.00215530395508,-0.9278151481191614,0.1450808685637961,0.06809234619140625
2005-12-29,62.2400016784668,62.244998931884766,61.89500045776367,61.89500045776367,46.828155517578125,-0.9881085227298776,-0.37019533519627723,-0.17399978637695312
2005-12-30,61.65499877929688,61.80500030517578,61.54999923706055,61.665000915527344,46.65414047241211,-0.23437678616165236,-0.37160345788271876,-0.17401504516601562
2006-01-03,61.85499954223633,62.72999954223633,61.43000030517578,62.57500076293945,47.34261322021485,0.010669948337575386,1.4756948490131538,0.6884727478027415
2006-01-04,62.65999984741211,63.02999877929688,62.625,63.02999877929688,47.68686294555664,-0.6388717383144872,0.7271455923662407,0.34424972534178977
2006-01-05,62.98500061035156,63.05500030517578,62.77999877929688,62.9900016784668,47.65659713745117,-0.9651273221287909,-0.06346781112446243,-0.03026580810546875
2006-01-06,63.415000915527344,63.6349983215332,63.1150016784668,63.61000061035156,48.12566375732422,-0.8503504269919029,0.9842637704915447,0.4690666198730469
2006-01-09,63.665000915527344,63.93999862670898,63.61000061035156,63.845001220703125,48.3034553527832,-0.6866416496762966,0.369431986134261,0.17779159545898438
2006-01-10,63.66999816894531,63.94499969482422,63.56499862670898,63.935001373291016,48.37156295776367,-0.9568644185418834,0.14099944710590506,0.06810760498046875
2006-01-11,63.994998931884766,64.19999694824219,63.84999847412109,64.11499786376953,48.50773239135742,-0.8103269877428194,0.2815072023053089,0.13616943359375
2006-01-12,64.08000183105469,64.0999984741211,63.67499923706055,63.75,48.23158264160156,-0.9318174920440698,-0.5692901649739013,-0.2761497497558594
2006-01-13,63.810001373291016,63.869998931884766,63.55500030517578,63.81999969482422,48.28454208374024,-0.8007730054704575,0.1098024141820364,0.05295944213867898
2006-01-17,63.584999084472656,63.59999847412109,63.369998931884766,63.595001220703125,48.11432647705078,-0.888437248212805,-0.35252608670132135,-0.17021560668946023
2006-01-18,63.095001220703125,63.505001068115234,63.01499938964844,63.400001525878906,47.9667854309082,-0.8291767365504523,-0.3066468076051154,-0.14754104614257812
2006-01-19,63.54499816894531,63.915000915527344,63.40999984741211,63.744998931884766,48.22780227661133,-0.9142588219218912,0.5441616388471404,0.261016845703125
2006-01-20,63.709999084472656,63.71500015258789,62.60499954223633,62.625,47.38043975830078,-0.7466768085499219,-1.757000066995562,-0.8473625183105469
2006-01-23,62.76499938964844,62.9900016784668,62.650001525878906,62.810001373291016,47.52041244506836,-0.7486134265781034,0.29542293714792667,0.13997268676757812
2006-01-24,62.9900016784668,63.26499938964844,62.8650016784668,63.0,47.664161682128906,-0.6352567179952151,0.3024999777237136,0.14374923706054688
2006-01-25,63.23500061035156,63.30500030517578,62.6349983215332,62.86000061035156,47.55824661254883,-0.7944467199117313,-0.22221112433786772,-0.10591506958007812
2006-01-26,63.32500076293945,63.47499847412109,63.040000915527344,63.39500045776367,47.9630126953125,-0.9690005581851538,0.8510954704895823,0.4047660827636719
2006-01-27,63.5,64.02999877929688,63.47499847412109,63.900001525878906,48.3450813293457,-0.7984490638366397,0.7965901484552562,0.3820686340332031
2006-01-30,63.95000076293945,64.09500122070312,63.8849983215332,63.96500015258789,48.39424514770508,-0.7917354546722774,0.10169352705076129,0.049163818359375
2006-01-31,63.85499954223633,63.98500061035156,63.58000183105469,63.650001525878906,48.15594100952149,-0.883014717733897,-0.49242247183782784,-0.23830413818358664
2006-02-01,63.68999862670898,63.94499969482422,63.650001525878906,63.89500045776367,48.34129333496094,-0.7586838403246471,0.38490022529680257,0.18535232543944602
2006-02-02,63.775001525878906,63.86000061035156,63.165000915527344,63.32500076293945,47.91005325317383,-0.8549983102595384,-0.8920739434897018,-0.4312400817871094
2006-02-03,63.05500030517578,63.34000015258789,62.82500076293945,63.01499938964844,47.675514221191406,-0.8396344739026321,-0.48954032829610084,-0.23453903198242188
2006-02-06,63.04499816894531,63.165000915527344,62.90499877929688,63.165000915527344,47.78898239135742,-0.9070287812833471,0.23800093616102025,0.11346817016601562
2006-02-07,63.0,63.15999984741211,62.5,62.54999923706055,47.32370376586914,-0.7638481550664643,-0.9736106571133551,-0.46527862548828125
2006-02-08,62.619998931884766,63.09000015258789,62.505001068115234,63.0,47.664161682128906,-0.8759137849638983,0.7194236485465355,0.3404579162597656
2006-02-09,63.17499923706055,63.45500183105469,62.81999969482422,62.880001068115234,47.57337188720703,-0.9943057004200583,-0.19047811126386982,-0.090789794921875
2006-02-10,62.83000183105469,63.130001068115234,62.40499877929688,63.0099983215332,47.67171859741211,-0.9000569563818938,0.2067263813846365,0.09834671020507812
2006-02-13,62.970001220703125,62.970001220703125,62.54499816894531,62.72499847412109,47.45610427856445,-0.9160663320815272,-0.4522897961127037,-0.21561431884765625
2006-02-14,62.72499847412109,63.47499847412109,62.650001525878906,63.31999969482422,47.90625762939453,-1.047239926523685,0.9485678558604604,0.4501533508300781
2006-02-15,63.33000183105469,63.61000061035156,63.22499847412109,63.560001373291016,48.08784103393555,-0.9997282308989665,0.3790390097798024,0.18158340454101562
2006-02-16,63.665000915527344,64.1050033569336,63.63999938964844,64.05500030517578,48.46233749389648,-1.0064418400633288,0.7787757817961705,0.3744964599609304
2006-02-17,64.08999633789062,64.1500015258789,63.875,63.97999954223633,48.40559387207031,-0.9764888145607888,-0.11708808274737414,-0.05674362182616477
2006-02-21,64.17500305175781,64.2750015258789,63.73500061035156,63.79999923706055,48.26941680908203,-0.9418879057906134,-0.2813250537699874,-0.13617706298828125
2006-02-22,63.845001220703125,64.375,63.845001220703125,64.30000305175781,48.64770126342773,-0.9461484654526127,0.7836938570066287,0.378284454345696
2006-02-23,64.18000030517578,64.41999816894531,63.970001220703125,64.13999938964844,48.52665710449219,-1.0325216295095059,-0.24881783885344344,-0.12104415893553977
2006-02-24,64.06999969482422,64.3499984741211,64.0,64.23999786376953,48.60230255126953,-1.0153502829929635,0.15588431450048734,0.07564544677734375
2006-02-27,64.3499984741211,64.6500015258789,64.3499984741211,64.42500305175781,48.74228286743164,-0.8344701591608149,0.2880116965949142,0.13998031616210938
2006-02-28,64.30000305175781,64.33999633789062,63.72499847412109,63.790000915527344,48.261863708496094,-0.9004442799875301,-0.9856312233921916,-0.4804191589355469
2006-03-01,64.07499694824219,64.44999694824219,63.89500045776367,64.3499984741211,48.68552017211914,-0.992110866654786,0.8778286437132854,0.4236564636230469
2006-03-02,64.25,64.37999725341797,64.00499725341797,64.30500030517578,48.65148162841797,-1.0357493262231416,-0.06991512790832655,-0.034038543701171875
2006-03-03,64.12999725341797,64.71499633789062,64.0999984741211,64.19999694824219,48.5720329284668,-0.9231672648515259,-0.16330170694075496,-0.07944869995117188
2006-03-06,64.31999969482422,64.31999969482422,63.6349983215332,63.72999954223633,48.21644973754883,-0.9511836723258844,-0.7320739311892588,-0.35558319091796875
2006-03-07,63.57500076293945,63.65499877929688,63.32500076293945,63.470001220703125,48.019752502441406,-0.9908197879693317,-0.40794632574169265,-0.19669723510742188
2006-03-08,63.36000061035156,63.744998931884766,63.09999847412109,63.650001525878906,48.15594100952149,-0.8143293316677277,0.2836093482013746,0.13618850708008523
2006-03-09,63.744998931884766,63.875,63.30500030517578,63.310001373291016,47.89869689941406,-0.9649982142602456,-0.5341897691430564,-0.257244110107429
2006-03-10,63.29499816894531,63.91999816894531,63.25,63.80500030517578,48.27318572998047,-0.9724864706358806,0.7818351120340905,0.37448883056640625
2006-03-13,64.08999633789062,64.13500213623047,63.810001373291016,63.959999084472656,48.39045715332031,-0.9322048156497061,0.24293284473870802,0.11727142333984375
2006-03-14,63.994998931884766,64.625,63.82500076293945,64.62000274658203,48.88980865478516,-0.9181320579782541,1.0319214383172737,0.49935150146485086
2006-03-15,64.57499694824219,65.0,64.49500274658203,64.91000366210938,49.10920715332031,-0.9111602330768008,0.44876121337340535,0.21939849853514914
2006-03-16,65.125,65.29499816894531,65.0,65.05000305175781,49.21514129638672,-0.9962423184482397,0.2157113690222534,0.10593414306640625
2006-03-17,65.08000183105469,65.26000213623047,65.00499725341797,65.0999984741211,49.252967834472656,-0.9622869490207915,0.07685955396965483,0.0378265380859375
2006-03-20,65.07499694824219,65.07499694824219,64.68000030517578,64.69999694824219,49.14889144897461,-0.9582846050958831,-0.2113098764887078,-0.10407638549804688
2006-03-21,64.70500183105469,65.06500244140625,64.25499725341797,64.33999633789062,48.87542343139648,-0.9723573627673351,-0.5564072952938148,-0.2734680175781321
2006-03-22,64.375,64.79000091552734,64.30999755859375,64.7300033569336,49.171688079833984,-0.9690005581851538,0.6061628271177177,0.2962646484375071
2006-03-23,64.6500015258789,64.73999786376953,64.45500183105469,64.71499633789062,49.1602897644043,-0.9413714743164316,-0.02318064698364486,-0.0113983154296875
2006-03-24,64.74500274658203,64.95500183105469,64.53500366210938,64.80000305175781,49.22486877441406,-0.8453152201186311,0.13136417689816327,0.06457901000976562
2006-03-27,64.7249984741211,64.83000183105469,64.5999984741211,64.75499725341797,49.19066619873047,-0.9763597066922435,-0.0694823095219177,-0.03420257568359375
2006-03-28,64.82499694824219,65.0,64.30999755859375,64.375,48.90200805664063,-1.0054089771149655,-0.5868148663074724,-0.28865814208983664
2006-03-29,64.375,65.07499694824219,64.375,64.9749984741211,49.35778427124024,-1.0187070875751447,0.9320194256066339,0.4557762145996094
2006-03-30,65.04499816894531,65.30500030517578,64.66000366210938,64.80000305175781,49.22486877441406,-1.0003737702416935,-0.26928983703108367,-0.13291549682617898
2006-03-31,64.92500305175781,65.00499725341797,64.58499908447266,64.83499908447266,49.25143814086914,-0.9564770949362471,0.0539754947379123,0.026569366455078125
2006-04-03,64.94999694824219,65.29499816894531,64.69999694824219,64.76499938964844,49.1982650756836,-1.0198690583920536,-0.10796246199644699,-0.05317306518553977
2006-04-04,64.875,65.21499633789062,64.61499786376953,65.13999938964844,49.48312759399414,-0.9981789364764212,0.5790092757789855,0.28486251831053977
2006-04-05,65.18000030517578,65.49500274658203,65.05999755859375,65.37999725341797,49.66545486450195,-0.9270405009078888,0.36846351347028516,0.1823272705078125
2006-04-06,65.38500213623047,65.48999786376953,65.0,65.3499984741211,49.64265823364258,-0.9878503069927868,-0.0459003766734245,-0.022796630859375
2006-04-07,65.49500274658203,65.62999725341797,64.58000183105469,64.6500015258789,49.11090087890625,-0.9532493982226113,-1.071170186402226,-0.5317573547363281
2006-04-10,64.8499984741211,64.93499755859375,64.50499725341797,64.73500061035156,49.175479888916016,-0.885725982973351,0.1314962846415746,0.06457901000976562
2006-04-11,64.88500213623047,64.8949966430664,63.93999862670898,64.1500015258789,48.73109436035156,-0.838988934559905,-0.9036729881808814,-0.4443855285644531
2006-04-12,64.19499969482422,64.375,64.12000274658203,64.27999877929688,48.82984161376953,-0.9079325363631651,0.2026370528183996,0.09874725341796875
2006-04-13,64.05000305175781,64.46499633789062,63.9900016784668,64.26499938964844,48.81844329833984,-0.923812804194253,-0.02334292935015636,-0.011398315429694605
2006-04-17,64.18000030517578,64.51000213623047,63.90499877929688,64.16500091552734,48.74249267578125,-0.9952094554998764,-0.15557772314540586,-0.07595062255858664
2006-04-18,64.43000030517578,65.3949966430664,64.41999816894531,65.2699966430664,49.58189010620117,-0.893214239348986,1.7221060810396205,0.8393974304199219
2006-04-19,65.3499984741211,65.55500030517578,65.11000061035156,65.46499633789062,49.7300033569336,-0.8037424864470024,0.2987244948007728,0.14811325073242898
2006-04-20,65.44000244140625,65.91500091552734,65.29000091552734,65.55500030517578,49.79838943481445,-1.0570521245331377,0.1375147260498144,0.06838607788085227
2006-04-21,65.88999938964844,65.9000015258789,65.30500030517578,65.5250015258789,49.77560043334961,-0.6772167752724801,-0.04576252710878359,-0.02278900146484375
2006-04-24,65.46499633789062,65.46499633789062,65.12999725341797,65.33499908447266,49.63126754760742,-1.00527986924642,-0.28996714150228975,-0.1443328857421875
2006-04-25,65.36499786376953,65.5,64.93000030517578,65.125,49.47174453735352,-1.0292939327958701,-0.3214163533117098,-0.15952301025389914
2006-04-26,65.25499725341797,65.5250015258789,65.08499908447266,65.13999938964844,49.48312759399414,-0.9637071355747913,0.023009208078406118,0.011383056640617895
2006-04-27,64.73999786376953,65.68499755859375,64.66999816894531,65.33000183105469,49.62746810913086,-0.9296226582787974,0.2916964269539024,0.14434051513671875
2006-04-28,65.30000305175781,65.66999816894531,65.25499725341797,65.45500183105469,49.72243881225586,-1.0314887665611423,0.1913672140520184,0.094970703125
2006-05-01,65.73500061035156,65.75,65.09500122070312,65.13999938964844,49.48312759399414,-0.8713950095648082,-0.481294208366001,-0.23931121826171875
2006-05-02,65.46499633789062,65.55000305175781,65.30000305175781,65.5250015258789,49.77560043334961,-1.0100568603826008,0.591055686203168,0.29247283935546875
2006-05-03,65.4800033569336,65.53500366210938,65.12999725341797,65.33499908447266,49.63126754760742,-1.00527986924642,-0.28996714150228975,-0.1443328857421875
2006-05-04,65.6449966430664,65.7300033569336,65.42500305175781,65.63999938964844,49.86297225952149,-0.9731320099786077,0.46685229566585384,0.2317047119140696
2006-05-05,65.87000274658203,66.37999725341797,65.87000274658203,66.19999694824219,50.288360595703125,-0.8549983102595384,0.8531146799023892,0.4253883361816335
2006-05-08,66.23500061035156,66.38500213623047,66.18499755859375,66.26000213623047,50.333927154541016,-0.9589301444386102,0.09061054744701202,0.045566558837890625
2006-05-09,66.23500061035156,66.37000274658203,66.17500305175781,66.25499725341797,50.33012390136719,-0.7592002717988288,-0.007556042988954292,-0.003803253173828125
2006-05-10,66.23999786376953,66.29000091552734,65.90499877929688,66.16500091552734,50.26176452636719,-0.6943881217890224,-0.13582198830657255,-0.068359375
2006-05-11,66.02999877929688,66.04000091552734,65.19499969482422,65.30999755859375,49.61228942871094,-0.931559276306979,-1.2921852302171688,-0.64947509765625
2006-05-12,65.0,65.18499755859375,64.42500305175781,64.43499755859375,48.94758605957031,-0.8531908000999024,-1.33979579816762,-0.664703369140625
2006-05-15,64.20500183105469,64.55500030517578,64.00499725341797,64.50499725341797,49.000755310058594,-0.9353034044947964,0.10862486747267308,0.05316925048828125
2006-05-16,64.625,64.66999816894531,64.21499633789062,64.30000305175781,48.84503555297852,-0.6241534413003081,-0.3177905240332235,-0.15571975708007102
2006-05-17,64.0250015258789,64.20999908447266,63.125,63.125,47.95246505737305,-0.7093646345402924,-1.8273515117772199,-0.8925704956054759
2006-05-18,63.345001220703125,63.65999984741211,62.77999877929688,62.83000183105469,47.72836685180664,-0.7266650889253802,-0.4673340678071125,-0.22409820556640625
2006-05-19,63.04999923706055,63.42499923706055,62.53499984741211,63.185001373291016,47.998023986816406,-0.7212425584464721,0.5649829499656533,0.2696571350097656
2006-05-22,62.77999877929688,63.18999862670898,62.29499816894531,62.810001373291016,47.713157653808594,-0.8699748230108084,-0.5934959595129463,-0.2848663330078125
2006-05-23,63.42499923706055,63.47999954223633,62.310001373291016,62.31999969482422,47.34093475341797,0.5511154860687489,-0.7801263188057184,-0.372222900390625
2006-05-24,62.31999969482422,62.96500015258789,61.86000061035156,62.53499984741211,47.5042610168457,-0.6231205783519447,0.34500008138504956,0.16332626342773438
2006-05-25,63.0,63.400001525878906,62.79499816894531,63.400001525878906,48.161354064941406,-0.9495052700347938,1.3832297019896522,0.6570930480957031
2006-05-26,63.61000061035156,63.775001525878906,63.375,63.7599983215332,48.4348258972168,-0.9053503789922565,0.5678242183694282,0.2734718322753906
2006-05-30,63.70500183105469,63.70500183105469,62.60499954223633,62.60499954223633,47.55743789672852,-0.8636485374520823,-1.8114816854099436,-0.8773880004882741
2006-05-31,62.95000076293945,63.345001220703125,62.845001220703125,63.345001220703125,48.11958694458008,-0.8719114410389899,1.1820423317847162,0.5621490478515554
2006-06-01,63.34999847412109,64.1500015258789,63.22999954223633,64.1500015258789,48.73109436035156,-0.9730029021100622,1.2708076993174666,0.6115074157714844
2006-06-02,64.45999908447266,64.5,63.915000915527344,64.2750015258789,48.82604598999024,-0.8925687000062588,0.19484813728281036,0.09495162963867898
2006-06-05,64.0250015258789,64.12000274658203,63.040000915527344,63.19499969482422,48.0056266784668,-0.9541531533024293,-1.680290293610176,-0.8204193115234446
2006-06-06,63.275001525878906,63.36000061035156,62.44499969482422,62.90999984741211,47.78914260864258,-0.7448692983902859,-0.4509556166700901,-0.21648406982421875
2006-06-07,63.025001525878906,63.38999938964844,62.5,62.5,47.47767639160156,-0.9943057004200583,-0.6517510045988772,-0.3114662170410156
2006-06-08,62.275001525878906,62.65499877929688,61.380001068115234,62.43999862670898,47.43208312988281,-0.48846107145906026,-0.09603094587589123,-0.04559326171875
2006-06-09,62.77999877929688,62.8650016784668,62.185001373291016,62.20000076293945,47.24978256225586,-0.952862074616975,-0.38434020940586455,-0.18230056762695312
2006-06-12,62.55500030517578,62.55500030517578,61.369998931884766,61.3849983215332,46.63068771362305,-0.785667384850642,-1.3102596775278252,-0.6190948486328125
2006-06-13,61.334999084472656,61.79999923706055,60.630001068115234,60.65499877929688,46.07613754272461,-0.4273930496370715,-1.1892386711174874,-0.5545501708984375
2006-06-14,60.59999847412109,61.09999847412109,60.5,61.040000915527344,46.36860275268555,0.7276059423703529,0.6347433304055627,0.2924652099609375
2006-06-15,61.650001525878906,62.60499954223633,61.310001373291016,62.45000076293945,47.439697265625,-0.7741767845500988,2.3099564130761197,1.0710945129394531
2006-06-16,62.45000076293945,62.45000076293945,61.93000030517578,62.125,47.19281005859375,-0.8636485374520823,-0.5204232346780691,-0.24688720703125
2006-06-19,62.400001525878906,62.44499969482422,61.45500183105469,61.5,46.71803665161133,-0.8339537276866332,-1.006029109927875,-0.4747734069824219
2006-06-20,61.54999923706055,61.98500061035156,61.46500015258789,61.51499938964844,46.729434967041016,0.38211328614277995,0.02439810455796554,0.0113983154296875
2006-06-21,61.67499923706055,62.48500061035156,61.55500030517578,62.20000076293945,47.24978256225586,-0.9856554732275145,1.1135328205484463,0.5203475952148438
2006-06-22,62.20000076293945,62.20000076293945,61.665000915527344,61.86000061035156,46.99150085449219,-0.8827565019968061,-0.5466304684542456,-0.2582817077636719
2006-06-23,61.91999816894531,62.334999084472656,61.70000076293945,61.95500183105469,47.06367111206055,-0.8183316755926361,0.15358151209476922,0.07217025756835938
2006-06-26,61.95000076293945,62.04499816894531,61.65499877929688,61.9900016784668,47.2944564819336,-0.9526038588798842,0.4903683975768569,0.23078536987305398
2006-06-27,61.95000076293945,62.18000030517578,61.400001525878906,61.400001525878906,46.844329833984375,-0.9777798932462431,-0.951753506504871,-0.45012664794922586
2006-06-28,61.67499923706055,61.834999084472656,61.26499938964844,61.834999084472656,47.17620849609375,-1.0012775253215116,0.7084713630989059,0.331878662109375
2006-06-29,62.09999847412109,63.185001373291016,62.09999847412109,63.185001373291016,48.206153869628906,-0.8730734118558987,2.183188107667533,1.0299453735351562
2006-06-30,63.45500183105469,63.459999084472656,63.02999877929688,63.15499877929688,48.18328094482422,-0.8329208647382698,-0.04744814296230304,-0.0228729248046875
2006-07-03,63.5,63.65999984741211,63.290000915527344,63.63999938964844,48.55330657958984,-1.0028268197440569,0.767954418025929,0.3700256347656179
2006-07-05,63.2400016784668,63.32500076293945,62.84000015258789,63.119998931884766,48.15657424926758,-0.9222635097717079,-0.8171067189253645,-0.3967323303222585
2006-07-06,63.244998931884766,63.5099983215332,63.09999847412109,63.32500076293945,48.31298065185547,-1.0065709479318743,0.3247872279666275,0.15640640258789062
2006-07-07,63.32500076293945,63.3650016784668,62.67499923706055,62.79999923706055,47.91242980957031,0.5183220874582095,-0.8290749957481136,-0.40055084228515625
2006-07-10,63.0,63.220001220703125,62.70500183105469,62.875,47.96965408325195,-0.916582763555709,0.11943513177912202,0.057224273681640625
2006-07-11,62.8650016784668,63.150001525878906,62.43000030517578,63.10499954223633,48.145118713378906,-0.9745521965326074,0.3657825629145295,0.17546463012695312
2006-07-12,63.1349983215332,63.150001525878906,62.31999969482422,62.43000030517578,47.630165100097656,-0.9852681496218781,-1.0695863403035966,-0.51495361328125
2006-07-13,62.09999847412109,62.25,61.5,61.5,46.92060852050781,-0.8520288292829935,-1.4897210162901353,-0.7095565795898438
2006-07-14,61.34999847412109,61.53499984741211,60.775001525878906,61.13999938964844,46.64596176147461,-0.6865125418077512,-0.5853435573265453,-0.2746467590332031
2006-07-17,61.060001373291016,61.41999816894531,60.900001525878906,61.03499984741211,46.56586837768555,-0.815620410353182,-0.17170486096658166,-0.0800933837890625
2006-07-18,61.060001373291016,61.38999938964844,60.51499938964844,61.2400016784668,46.72224807739258,-0.8609372722126283,0.3358247256094682,0.15637969970703125
2006-07-19,61.43000030517578,62.5,61.43000030517578,62.25,47.492820739746094,-0.828789412944816,1.6492628117489305,0.7705726623535156
2006-07-20,62.4900016784668,62.525001525878906,61.6150016784668,61.6150016784668,47.00835800170898,-0.9688714503166085,-1.0200757303759689,-0.4844627380371165
2006-07-21,61.650001525878906,61.68999862670898,61.084999084472656,61.125,46.63453674316406,-0.935174296626251,-0.7952229655231235,-0.37382125854491477
2006-07-24,61.45000076293945,62.33000183105469,61.40499877929688,62.31499862670898,47.542423248291016,-0.9801038348800609,1.9468114589130892,0.9078865051269531
2006-07-25,62.17499923706055,62.85499954223633,62.1150016784668,62.525001525878906,47.70264434814453,-0.9134841747106186,0.3370065909698239,0.16022109985351562
2006-07-26,62.54999923706055,62.95500183105469,62.26499938964844,62.69499969482422,47.83232116699219,-0.9953385633684217,0.27184408877052313,0.12967681884765625
2006-07-27,62.97499847412109,63.03499984741211,62.255001068115234,62.53499984741211,47.71025466918945,-0.9873338755186051,-0.2551966846362608,-0.12206649780273438
2006-07-28,62.560001373291016,63.22999954223633,62.560001373291016,63.084999084472656,48.129878997802734,-0.9422752293962497,0.8795264907363265,0.41962432861328125
2006-07-31,63.06999969482422,63.19499969482422,62.91999816894531,63.08000183105469,48.126068115234375,-0.9808784820913335,-0.007917914292976391,-0.003810882568359375
2006-08-01,62.82500076293945,62.84999847412109,62.5,62.755001068115234,47.87810897827149,-0.9953385633684217,-0.5152283298298199,-0.24795913696288352
2006-08-02,63.01499938964844,63.40999984741211,62.96500015258789,63.150001525878906,48.179473876953125,-1.0214183528145988,0.6294419414484498,0.3013648986816335
2006-08-03,62.70000076293945,63.5,62.68000030517578,63.290000915527344,48.286277770996094,-1.0207728134718717,0.22167924522327187,0.10680389404296875
2006-08-04,63.900001525878906,63.98500061035156,62.94499969482422,63.2599983215332,48.26339721679688,-0.9648691063917001,-0.04738521015789088,-0.022880554199211645
2006-08-07,63.14500045776367,63.209999084472656,62.875,63.04999923706055,48.10317993164063,-1.032908953115142,-0.3319643754801649,-0.16021728515625
2006-08-08,63.220001220703125,63.400001525878906,62.60499954223633,62.7599983215332,47.88192367553711,-0.9972751813966032,-0.45996180796767927,-0.22125625610352273
2006-08-09,63.209999084472656,63.34999847412109,62.400001525878906,62.43999862670898,47.63777542114258,-0.9287189031989794,-0.5098965030080116,-0.24414825439453125
2006-08-10,62.220001220703125,62.80500030517578,62.17499923706055,62.68000030517578,47.82088088989258,-1.0259371282136889,0.3843703177389246,0.18310546875
2006-08-11,62.69499969482422,62.69499969482422,62.20500183105469,62.48500061035156,47.672122955322266,-0.8517706135459027,-0.3110731793352528,-0.1487579345703125
2006-08-14,62.875,63.10499954223633,62.470001220703125,62.59999847412109,47.75984191894531,-1.0060545164576926,0.18400473523123573,0.08771896362304688
2006-08-15,63.20000076293945,63.48500061035156,62.970001220703125,63.400001525878906,48.37019348144531,-0.9420170136591588,1.2779597627978978,0.6103515625
2006-08-16,63.665000915527344,64.08000183105469,63.630001068115234,64.0199966430664,48.84320068359375,-0.9427916608704314,0.9778898286397775,0.4730072021484375
2006-08-17,63.97499847412109,64.31500244140625,63.8849983215332,64.16500091552734,48.95385360717773,-0.7100101738830196,0.226547241039321,0.11065292358397727
2006-08-18,64.23999786376953,64.41999816894531,63.900001525878906,64.41999816894531,49.14839172363281,-0.8423457391420862,0.39739081220473427,0.19453811645508523
2006-08-21,64.08999633789062,64.18499755859375,63.95500183105469,64.17500305175781,48.961463928222656,-0.9522165352742479,-0.3803334938430436,-0.18692779541015625
2006-08-22,64.00499725341797,64.31500244140625,63.95000076293945,64.19499969482422,48.97673034667969,-1.002568604006966,0.031180477935488504,0.01526641845703125
2006-08-23,64.12999725341797,64.2750015258789,63.59999847412109,63.8849983215332,48.74021911621094,-1.0236131865798712,-0.4829053078770573,-0.23651123046875
2006-08-24,64.08000183105469,64.08000183105469,63.650001525878906,63.880001068115234,48.736427307128906,-1.0187070875751447,-0.007779630766513446,-0.00379180908203125
2006-08-25,63.900001525878906,64.1050033569336,63.77000045776367,63.90499877929688,48.75548553466797,-0.9395639641567957,0.03910468738088646,0.0190582275390625
2006-08-28,63.72499847412109,64.36499786376953,63.72499847412109,64.2750015258789,49.03777313232422,-0.9936601610773311,0.578986332636422,0.28228759765625
2006-08-29,64.22000122070312,64.4749984741211,63.93000030517578,64.4000015258789,49.13313293457031,-1.0003737702416935,0.19446193445362692,0.09535980224609375
2006-08-30,64.45500183105469,64.61000061035156,64.41500091552734,64.54000091552734,49.23994827270508,-0.9767470302978797,0.2173998109931352,0.10681533813476562
2006-08-31,64.63999938964844,64.69000244140625,64.44999694824219,64.52999877929688,49.23231506347656,-0.9065123498091654,-0.01550206589625569,-0.007633209228515625
2006-09-01,64.82499694824219,64.98500061035156,64.59500122070312,64.90499877929688,49.51842498779297,-1.0318760901667787,0.5811425360507938,0.28610992431640625
2006-09-05,64.91000366210938,65.11499786376953,64.76499938964844,65.03500366210938,49.61761474609375,-0.9123222038937098,0.20030879076875507,0.09918975830078125
2006-09-06,64.7750015258789,64.7750015258789,64.28500366210938,64.33999633789062,49.087364196777344,-1.0224512157629622,-1.0686740022264996,-0.5302505493164062
2006-09-07,64.1050033569336,64.3949966430664,63.8849983215332,64.0999984741211,48.90424728393555,-0.9386602090769777,-0.37304287129317215,-0.18311691284179688
2006-09-08,64.05000305175781,64.29000091552734,64.01499938964844,64.2300033569336,49.00343704223633,-1.0225803236315076,0.20282442489072405,0.09918975830078125
2006-09-11,64.13999938964844,64.40499877929688,63.755001068115234,64.25,49.01870727539063,-0.9089653993115285,0.031161555343839353,0.01527023315430398
2006-09-12,64.38999938964844,65.02999877929688,64.31999969482422,64.9800033569336,49.57563781738281,-1.0292939327958701,1.136159178705598,0.5569305419921804
2006-09-13,65.05000305175781,65.37999725341797,64.86499786376953,65.32499694824219,49.83884811401367,-0.9937892689458766,0.5309266975049853,0.2632102966308594
2006-09-14,65.19999694824219,65.24500274658203,65.0250015258789,65.18499755859375,49.732051849365234,-0.8094232326630013,-0.21428317204307268,-0.1067962646484375
2006-09-15,65.49500274658203,65.57499694824219,65.24500274658203,65.33999633789062,49.85029220581055,-0.9692587739222447,0.2377548322427092,0.1182403564453125
2006-09-18,65.2699966430664,65.59500122070312,65.19499969482422,65.38999938964844,49.88844680786133,-0.9540240454338839,0.0765383719181667,0.03815460205078125
2006-09-19,65.5250015258789,65.5250015258789,64.86000061035156,65.22000122070312,49.758750915527344,-0.9533785060911567,-0.2599717983474026,-0.12969589233398438
2006-09-20,65.57499694824219,65.7750015258789,65.43000030517578,65.61000061035156,50.05630493164063,-0.9288480110675249,0.5979933391383252,0.29755401611328836
2006-09-21,65.75,65.7750015258789,65.09500122070312,65.19999694824219,49.74348449707031,-1.0056671928520562,-0.6249371282948779,-0.3128204345703196
2006-09-22,65.09500122070312,65.18499755859375,64.79000091552734,65.03500366210938,49.61761474609375,-1.0174160088896904,-0.2530376636240228,-0.1258697509765625
2006-09-25,64.94000244140625,65.44000244140625,64.51000213623047,65.32499694824219,50.04237747192383,-0.8107143113484556,0.8560724412160825,0.4247627258300781
2006-09-26,65.32499694824219,65.77999877929688,65.17500305175781,65.77999877929688,50.39094161987305,-0.3151983118710921,0.696537945553799,0.34856414794921875
2006-09-27,65.75,66.0,65.67500305175781,65.86000061035156,50.45220565795898,-1.0101859682511463,0.12157748221510722,0.061264038085930395
2006-09-28,65.9749984741211,66.05999755859375,65.66999816894531,65.92500305175781,50.50201416015625,-0.983718855199333,0.09872413217164588,0.04980850219727273
2006-09-29,65.875,66.0,65.72000122070312,65.72000122070312,50.3449592590332,-0.931559276306979,-0.31098740067075914,-0.15705490112304688
2006-10-02,65.75,65.8949966430664,65.44000244140625,65.53500366210938,50.20326232910156,-0.9385311012084322,-0.28145206991346816,-0.14169692993164062
2006-10-03,65.44999694824219,65.80500030517578,65.20999908447266,65.63500213623047,50.27984619140625,-1.002310388269875,0.15254758107681177,0.0765838623046875
2006-10-04,65.55000305175781,66.38500213623047,65.45500183105469,66.33000183105469,50.812259674072266,-0.6973576027655674,1.058900380560468,0.5324134826660156
2006-10-05,66.4000015258789,66.69999694824219,66.30000305175781,66.6500015258789,51.05740737915039,-0.857580467630447,0.48245779001088174,0.245147705078125
2006-10-06,66.55999755859375,66.55999755859375,66.20999908447266,66.5199966430664,50.95781707763672,-0.7690124698082815,-0.19505553968716116,-0.09959030151367188
2006-10-09,66.51000213623047,66.70999908447266,66.34500122070312,66.58499908447266,51.00760269165039,-1.0362657576973233,0.09769965997135088,0.049785614013671875
2006-10-10,66.69999694824219,66.83499908447266,66.53500366210938,66.73500061035156,51.12250900268555,-0.9999864466360573,0.22527291025571383,0.11490631103515625
2006-10-11,66.6500015258789,66.79499816894531,66.25,66.61499786376953,51.03059005737305,-1.0011484174529661,-0.17980131864746562,-0.0919189453125
2006-10-12,66.88999938964844,67.31500244140625,66.79499816894531,67.27999877929688,51.54002380371094,-0.9896578171524228,0.9982909187707723,0.5094337463378906
2006-10-13,67.32499694824219,67.54000091552734,67.19499969482422,67.51499938964844,51.72003555297852,-1.0072164872746014,0.3492659412676069,0.18001174926758523
2006-10-16,67.51499938964844,67.76000213623047,67.42500305175781,67.69999694824219,51.86175155639648,-0.9691296660536993,0.2740060054150284,0.14171600341795454
2006-10-17,67.54000091552734,67.56999969482422,67.04499816894531,67.43499755859375,51.65875625610352,-0.8783668344662614,-0.3914162059725501,-0.20299530029295454
2006-10-18,67.92500305175781,67.92500305175781,67.27999877929688,67.52999877929688,51.731536865234375,-1.0138009885704184,0.14088726559740028,0.07278060913085227
2006-10-19,67.49500274658203,67.68000030517578,67.32499694824219,67.6050033569336,51.78897857666016,-1.0130263413591458,0.11103809186150393,0.057441711425788355
2006-10-20,67.68499755859375,67.68499755859375,67.36000061035156,67.58499908447266,51.773658752441406,-1.0557610458476834,-0.029581244194809564,-0.015319824218757105
2006-10-23,67.3949966430664,68.01000213623047,67.33999633789062,67.875,51.99580383300781,-0.8468645145411763,0.4290696966745333,0.22214508056640625
2006-10-24,67.84500122070312,68.04000091552734,67.69999694824219,68.04000091552734,52.12220764160156,-0.9673221558940632,0.2431038646882211,0.12640380859375
2006-10-25,68.07499694824219,68.30000305175781,67.91000366210938,68.26499938964844,52.29457473754883,-1.010702399725328,0.33069799562690516,0.17236709594726562
2006-10-26,68.53500366210938,68.67500305175781,68.125,68.625,52.57035446166992,-0.8583551148417197,0.5273581925183457,0.27577972412109375
2006-10-27,68.5199966430664,68.56999969482422,68.01000213623047,68.0999984741211,52.16818237304688,-0.8343410512922695,-0.7650168859262174,-0.40217208862303977
2006-10-30,67.98999786376953,68.2699966430664,67.82499694824219,68.125,52.18732833862305,-0.9886249542040594,0.03670046512116443,0.01914596557616477
2006-10-31,68.26499938964844,68.31999969482422,67.79499816894531,68.04000091552734,52.12220764160156,-0.9954676712369672,-0.12478258438320955,-0.06512069702148438
2006-11-01,68.34500122070312,68.3499984741211,67.46499633789062,67.48999786376953,51.70088195800781,-0.9151625770017092,-0.8083419767843214,-0.42132568359375
2006-11-02,67.43499755859375,67.55999755859375,67.2300033569336,67.44999694824219,51.67024230957031,-1.0303267957442335,-0.05926329934252683,-0.0306396484375
2006-11-03,67.68000030517578,67.75,67.20999908447266,67.44000244140625,51.6625862121582,-1.0525333491340476,-0.014817227614760675,-0.007656097412109375
2006-11-06,67.51000213623047,68.29000091552734,67.51000213623047,68.19000244140625,52.237117767333984,-0.9674512637626087,1.1120843869805608,0.5745315551757812
2006-11-07,68.3499984741211,68.6449966430664,68.19999694824219,68.42500305175781,52.41714859008789,-0.9686132345795175,0.3446415699192462,0.18003082275390625
2006-11-08,68.16500091552734,68.71499633789062,68.0199966430664,68.5999984741211,52.55118942260742,-0.9825568843824242,0.2557194279447561,0.13404083251953125
2006-11-09,68.76000213623047,68.76000213623047,68.0999984741211,68.2249984741211,52.26393127441406,-0.9892704935467865,-0.5466253977303492,-0.2872581481933594
2006-11-10,68.27999877929688,68.37999725341797,68.0999984741211,68.37999725341797,52.38266754150391,-1.0250333731338708,0.22718587024466164,0.11873626708985086
2006-11-13,68.43499755859375,68.70500183105469,68.28500366210938,68.53500366210938,52.50139999389648,-1.0101859682511463,0.22666362360888037,0.11873245239256391
2006-11-14,68.80000305175781,69.0999984741211,68.31500244140625,69.06999969482422,52.9112434387207,-0.6779914224837528,0.7806333638186169,0.40984344482422586
2006-11-15,69.1500015258789,69.55000305175781,69.09500122070312,69.33000183105469,53.11042022705078,-0.9478268677437032,0.3764356597681484,0.19917678833007812
2006-11-16,69.55000305175781,69.5999984741211,69.375,69.4800033569336,53.2253303527832,-0.8080030461090016,0.2163607918016286,0.11491012573242188
2006-11-17,69.2249984741211,69.44999694824219,69.12999725341797,69.44499969482422,53.19851303100586,-0.8925687000062588,-0.050384509780576625,-0.02681732177734375
2006-11-20,69.55000305175781,69.65499877929688,69.3499984741211,69.48500061035156,53.22917556762695,-0.9709371762133353,0.057637958044476356,0.03066253662109375
2006-11-21,69.61000061035156,69.66500091552734,69.44499969482422,69.66500091552734,53.36704254150391,-0.949247054297703,0.2590064046770868,0.13786697387696023
2006-11-22,69.82499694824219,69.87999725341797,69.62000274658203,69.86000061035156,53.51643371582031,-1.0228385393685986,0.279931521781851,0.14939117431639914
2006-11-24,69.58000183105469,69.82499694824219,69.5,69.65499877929688,53.359371185302734,-1.047885465866412,-0.29348467304753934,-0.15706253051757812
2006-11-27,69.625,69.625,68.55000305175781,68.55000305175781,52.51291275024414,-0.8160077339588183,-1.586335101512104,-0.8464584350585938
2006-11-28,68.4749984741211,68.87000274658203,68.36000061035156,68.80999755859375,52.71207427978516,-0.9213597546918899,0.3792620121611856,0.19916152954102273
2006-11-29,69.13999938964844,69.57499694824219,69.1050033569336,69.51499938964844,53.25215148925781,-0.9302681976215246,1.0245796942196295,0.5400772094726491
2006-11-30,69.6500015258789,69.8949966430664,69.25499725341797,69.625,53.33639526367188,-0.9105146937340737,0.15819787944353347,0.0842437744140696
2006-12-01,69.7249984741211,69.7300033569336,68.8949966430664,69.43000030517578,53.187049865722656,-0.9717118234246079,-0.2800065456447287,-0.14934539794922586
2006-12-04,69.58999633789062,70.20500183105469,69.58000183105469,70.11000061035156,53.70795822143555,-0.8990240934335304,0.9793894510562007,0.5209083557128906
2006-12-05,70.23999786376953,70.42500305175781,70.08499908447266,70.36499786376953,53.903282165527344,-0.9785545404575158,0.3636778432099197,0.19532394409179688
2006-12-06,70.375,70.46499633789062,70.16000366210938,70.32499694824219,53.87263488769531,-1.0046343299036928,-0.0568560514328631,-0.03064727783203125
2006-12-07,70.51000213623047,70.55999755859375,70.0,70.01000213623047,53.63132858276367,-1.0290357170587792,-0.447919997666113,-0.24130630493164062
2006-12-08,70.06500244140625,70.38500213623047,69.83000183105469,70.12999725341797,53.7232666015625,-1.0001155545046028,0.17142595797705606,0.09193801879882812
2006-12-11,70.22000122070312,70.41500091552734,70.08999633789062,70.27999877929688,53.83817672729492,-0.9965005341853307,0.2138926632750282,0.11491012573242188
2006-12-12,70.29000091552734,70.30500030517578,69.81500244140625,70.16999816894531,53.75388717651367,-1.0117352626736915,-0.15656093111807712,-0.08428955078125
2006-12-13,70.5199966430664,70.5199966430664,70.13999938964844,70.29000091552734,53.845821380615234,-0.9504090251146119,0.1710280110527984,0.0919342041015625
2006-12-14,70.37000274658203,70.91000366210938,70.3499984741211,70.82499694824219,54.25566864013672,-0.9507963487202481,0.7611496101516124,0.4098472595214844
2006-12-15,71.1449966430664,71.1449966430664,70.80500030517578,70.84500122070312,54.2709846496582,-0.9323339235182515,0.028229325903383895,0.015316009521484375
2006-12-18,71.0250015258789,71.08499908447266,70.44999694824219,70.55500030517578,54.0488395690918,-0.9545404769080656,-0.4093256866453454,-0.22214508056640625
2006-12-19,70.4000015258789,70.76499938964844,70.11499786376953,70.65499877929688,54.125431060791016,-0.9343996494149784,0.14170792992014292,0.07659149169921875
2006-12-20,70.75,70.87999725341797,70.56999969482422,70.625,54.10247421264648,-0.9841061788049693,-0.04241416224243233,-0.022956848144538355
2006-12-21,70.74500274658203,70.79499816894531,70.19999694824219,70.3499984741211,53.89178466796875,-0.8692001757995358,-0.38942681964899695,-0.21068954467772727
2006-12-22,70.07499694824219,70.07499694824219,69.59500122070312,69.5999984741211,53.58842468261719,-0.8676508813769906,-0.5629058069250958,-0.3033599853515625
2006-12-26,69.68000030517578,70.0199966430664,69.62999725341797,70.00499725341797,53.900299072265625,-0.9901742486266045,0.5819808876553978,0.3118743896484375
2006-12-27,70.2300033569336,70.53500366210938,70.2300033569336,70.48500061035156,54.26985168457031,-0.954927800513702,0.6856225636322044,0.3695526123046875
2006-12-28,70.54000091552734,70.54000091552734,70.26499938964844,70.38500213623047,54.19284057617188,-0.9004442799875301,-0.14190403328543377,-0.0770111083984304
2006-12-29,70.42500305175781,70.51499938964844,70.0,70.1050033569336,53.97726440429688,-0.8517706135459027,-0.3977945602832711,-0.215576171875
2007-01-03,70.57499694824219,70.68000030517578,69.5250015258789,69.9749984741211,53.87715530395508,-0.6162778613190368,-0.18546530923089222,-0.10010910034180398
2007-01-04,69.9749984741211,70.29499816894531,69.58499908447266,70.11499786376953,53.98494720458984,1.0017019472923026,0.200069769880451,0.10779190063475852
2007-01-05,70.0,70.0,69.42500305175781,69.55999755859375,53.5576400756836,-0.8852095514991692,-0.7915301413315201,-0.4273071289062358
2007-01-08,69.76000213623047,69.90499877929688,69.32499694824219,69.81500244140625,53.75397491455078,-0.938789316945523,0.36658605306307823,0.1963348388671804
2007-01-09,69.94999694824219,69.94999694824219,69.42500305175781,69.81500244140625,53.75397491455078,-0.959446575912792,0.0,0.0
2007-01-10,69.58999633789062,70.05000305175781,69.48500061035156,69.97000122070312,53.87330627441406,-0.8999278485133484,0.22199541532132994,0.11933135986328125
2007-01-11,70.17500305175781,70.65499877929688,70.0999984741211,70.5,54.281375885009766,-0.9146461455275275,0.7574616054138561,0.4080696105957031
2007-01-12,70.55000305175781,70.96499633789062,70.44999694824219,70.96499633789062,54.639408111572266,-0.9083198599688014,0.6595857616449541,0.3580322265625
2007-01-16,71.07499694824219,71.07499694824219,70.75,70.83000183105469,54.53547286987305,-0.880045236757352,-0.19022029207744762,-0.10393524169921875
2007-01-17,70.78500366210938,71.06999969482422,70.7300033569336,70.87999725341797,54.5739631652832,-0.9161954399500727,0.07057845725844114,0.03849029541015625
2007-01-18,70.87999725341797,70.93499755859375,70.4000015258789,70.5,54.281375885009766,-0.8447987886444495,-0.536129801288765,-0.2925872802734375
2007-01-19,70.4000015258789,70.79499816894531,70.4000015258789,70.7750015258789,54.49312973022461,-0.9196813524007993,0.39010404906358875,0.21175384521484375
2007-01-22,70.84500122070312,70.84500122070312,70.26000213623047,70.49500274658203,54.27753448486328,-0.8867588459217144,-0.395637480226696,-0.21559524536132812
2007-01-23,70.4800033569336,70.88500213623047,70.3499984741211,70.69499969482422,54.431549072265625,-0.9411132585793408,0.28375383823908695,0.15401458740234375
2007-01-24,70.9000015258789,71.33999633789062,70.75,71.31999969482422,54.912742614746094,-0.9479559756122486,0.8840342607953522,0.48119354248046875
2007-01-25,71.41000366210938,71.41000366210938,70.41500091552734,70.5199966430664,54.29678726196289,-0.8571931440248107,-1.121698395406312,-0.6159553527832031
2007-01-26,70.73500061035156,70.7750015258789,70.20500183105469,70.4749984741211,54.26213836669922,-1.0074747030116922,-0.0638138958323653,-0.034648895263671875
2007-01-29,70.58499908447266,70.77999877929688,70.37000274658203,70.48999786376953,54.27366638183594,-0.9545404769080656,0.021245043936191088,0.01152801513671875
2007-01-30,70.73500061035156,70.8949966430664,70.55000305175781,70.8949966430664,54.58550643920898,-1.0086366738286012,0.574569728123997,0.31184005737303977
2007-01-31,70.83499908447266,71.55000305175781,70.70500183105469,71.41000366210938,54.98203659057617,-0.9562188791991563,0.7264385314603716,0.3965301513671946
2007-02-01,71.5999984741211,71.8550033569336,71.48500061035156,71.81999969482422,55.29771041870117,-0.8397635817711776,0.5741399331488317,0.315673828125
2007-02-02,71.91000366210938,71.99500274658203,71.75,71.91000366210938,55.36703109741211,-0.8291767365504523,0.12535903961674588,0.0693206787109375
2007-02-05,72.0,72.0,71.7249984741211,71.99500274658203,55.43247222900391,-0.934270541546433,0.11819512495923057,0.06544113159180398
2007-02-06,72.1500015258789,72.1500015258789,71.72000122070312,72.0,55.43631362915039,-0.8824982862597152,0.006929873397321096,0.0038414001464772696
2007-02-07,72.20999908447266,72.30500030517578,71.99500274658203,72.23500061035156,55.61725234985352,-0.8016767605502755,0.32639024649718795,0.1809387207031321
2007-02-08,71.98999786376953,72.22000122070312,71.82499694824219,72.1449966430664,55.547950744628906,-1.0167704695469633,-0.12460451082459967,-0.06930160522461648
2007-02-09,72.1500015258789,72.31999969482422,71.33000183105469,71.5999984741211,55.12834167480469,-0.7497753973950123,-0.7553997297817361,-0.41960906982421875
2007-02-12,71.69999694824219,71.69999694824219,71.19999694824219,71.34500122070312,54.93199920654297,-0.9553151241193382,-0.35615522306098324,-0.19634246826171875
2007-02-13,71.4000015258789,71.94999694824219,71.4000015258789,71.94999694824219,55.39781188964844,-0.9797165112744246,0.8479805756823611,0.46581268310546875
2007-02-14,72.06500244140625,72.52999877929688,72.0,72.43000030517578,55.76738739013672,-0.8985076619593486,0.6671301408518904,0.36957550048828125
2007-02-15,72.4749984741211,72.56500244140625,72.30500030517578,72.44499969482422,55.778934478759766,-0.8756555692268074,0.020705808831000816,0.011547088623046875
2007-02-16,72.32499694824219,72.49500274658203,72.20500183105469,72.49500274658203,55.81744766235352,-0.9227799412458897,0.06904610845233083,0.038513183593757105
2007-02-20,72.44999694824219,72.78500366210938,72.15499877929688,72.70999908447266,55.98298263549805,-0.8914067291893499,0.2965649274145665,0.16553497314452414
2007-02-21,72.56500244140625,72.76000213623047,72.37999725341797,72.73999786376953,56.006080627441406,-0.9070287812833471,0.041258952017164674,0.023097991943359375
2007-02-22,72.8949966430664,72.94999694824219,72.37999725341797,72.71499633789062,55.98683166503906,-0.9421461215277043,-0.03436941522544368,-0.01924896240234375
2007-02-23,72.61000061035156,72.63999938964844,72.29499816894531,72.4800033569336,55.80589294433594,-0.977134353903516,-0.3231808540009151,-0.180938720703125
2007-02-26,72.69999694824219,72.82499694824219,72.13999938964844,72.38500213623047,55.73272705078125,-0.8760428928324436,-0.13110782695954226,-0.0731658935546875
2007-02-27,71.57499694824219,71.63999938964844,67.58499908447266,69.69999694824219,53.66543197631836,-0.07518678424513613,-3.7093018480492845,-2.0672950744628906
2007-02-28,70.01499938964844,70.67500305175781,69.69999694824219,70.25,54.088897705078125,-0.523449303834872,0.7890847295268788,0.4234657287597656
2007-03-01,68.9800033569336,70.38999938964844,68.68499755859375,70.05000305175781,53.93492126464844,-0.40815597722380226,-0.284672912487971,-0.1539764404296875
2007-03-02,69.7750015258789,70.01000213623047,69.0250015258789,69.05000305175781,53.164947509765625,-0.8819818547855335,-1.427597810154757,-0.7699737548828125
2007-03-05,68.4000015258789,69.28500366210938,68.16500091552734,68.25,52.54901123046875,-0.6100806836288561,-1.158538300416334,-0.615936279296875
2007-03-06,68.8499984741211,69.6449966430664,68.80000305175781,69.4000015258789,53.43446731567383,-0.7824396881370063,1.6850099830074017,0.8854560852050781
2007-03-07,69.48999786376953,69.79000091552734,69.2750015258789,69.34500122070312,53.39209365844727,-0.9251038828797074,-0.07930023326746527,-0.042373657226555395
2007-03-08,69.9749984741211,70.18000030517578,69.69499969482422,69.92500305175781,53.83866882324219,-0.8253035004940893,0.836406917570387,0.44657516479491477
2007-03-09,70.4000015258789,70.4000015258789,69.66000366210938,69.94999694824219,53.8579216003418,-0.7439655433104679,0.035760128399187074,0.019252777099609375
2007-03-12,69.92500305175781,70.28500366210938,69.79000091552734,70.13500213623047,54.0003547668457,-0.9755850594809709,0.264460941439304,0.14243316650390625
2007-03-13,69.75,70.0,68.73999786376953,68.875,53.030235290527344,-0.8404091211139048,-1.7965057461325706,-0.9701194763183594
2007-03-14,68.87999725341797,69.23500061035156,68.05000305175781,69.2249984741211,53.299713134765625,-0.7812777173200974,0.5081588696749018,0.26947784423828125
2007-03-15,69.31500244140625,69.62999725341797,69.125,69.5,53.51142501831055,-0.9176156265040724,0.3972101744893486,0.21171188354492188
2007-03-16,69.48500061035156,69.69999694824219,69.06999969482422,69.19999694824219,53.28044509887695,-1.0077329187487831,-0.4316459884119217,-0.23097991943359375
2007-03-19,69.69999694824219,70.06999969482422,69.55500030517578,69.98999786376953,53.88872146606445,-0.7965124458084583,1.1416503110262433,0.6082763671875
2007-03-20,70.09500122070312,70.46499633789062,69.91999816894531,70.44999694824219,54.24290084838867,-0.8999278485133484,0.6572421328408407,0.35417938232421875
2007-03-21,70.5999984741211,71.77999877929688,70.3949966430664,71.57499694824219,55.10908889770508,-0.8880499246071687,1.596868964912912,0.8661880493164062
2007-03-22,71.80000305175781,71.80000305175781,71.38500213623047,71.61499786376953,55.13986206054688,-0.9367235910487962,0.05584044929307641,0.03077316284180398
2007-03-23,71.71499633789062,71.83999633789062,71.57499694824219,71.75499725341797,55.2476692199707,-0.7444819747846496,0.1955158308256877,0.10780715942382102
2007-03-26,71.55000305175781,71.55000305175781,70.7750015258789,71.33000183105469,55.15526580810547,-0.8861133065789872,-0.16725305007406766,-0.09240341186523438
2007-03-27,71.30000305175781,71.30000305175781,70.86000061035156,71.04499816894531,54.93489837646485,-0.8840475806822604,-0.3995401498150919,-0.2203674316406179
2007-03-28,70.86000061035156,70.91000366210938,70.32499694824219,70.58000183105469,54.57534408569336,-0.7034256725872027,-0.6545097950441114,-0.3595542907714915
2007-03-29,71.2249984741211,71.2249984741211,70.2699966430664,70.7750015258789,54.72613143920898,-0.5747051276474081,0.2762920803190072,0.1507873535156179
2007-03-30,71.0250015258789,71.11000061035156,70.12000274658203,70.73500061035156,54.69520950317383,-0.8134255765879097,-0.05650305479658613,-0.030921936035149145
2007-04-02,70.98999786376953,70.98999786376953,70.5250015258789,70.91000366210938,54.83052444458008,-0.9105146937340737,0.2473981590625396,0.13531494140625
2007-04-03,71.375,71.72000122070312,71.1449966430664,71.55500030517578,55.32925415039063,-0.9919817587862406,0.9095840516985199,0.498729705810554
2007-04-04,71.56999969482422,72.12000274658203,71.42500305175781,71.62999725341797,55.38725280761719,-0.2521936720209218,0.10482457809553036,0.057998657226555395
2007-04-05,71.62999725341797,71.94499969482422,71.55000305175781,71.83000183105469,55.54190444946289,-0.8659724790859,0.2792188346709912,0.15465164184570312
2007-04-09,72.11499786376953,72.12000274658203,71.8499984741211,71.91500091552734,55.60762023925781,-0.9150334691331637,0.1183174945949439,0.06571578979492188
2007-04-10,71.9749984741211,72.13999938964844,71.94000244140625,72.11499786376953,55.76226806640625,-0.9784254325889703,0.2781054583581355,0.1546478271484375
2007-04-11,72.2249984741211,72.2249984741211,71.51000213623047,71.65499877929688,55.40657424926758,-0.9604794388611555,-0.6378754478119197,-0.3556938171386719
2007-04-12,71.5250015258789,72.125,71.4000015258789,72.125,55.76998901367188,-0.927686040250616,0.6559054937584463,0.363414764404304
2007-04-13,72.25499725341797,72.36499786376953,71.92500305175781,72.36499786376953,55.955562591552734,-0.9799747270115156,0.33274809832821717,0.18557357788085227
2007-04-16,72.67500305175781,73.1500015258789,72.67500305175781,73.09500122070312,56.52003860473633,-0.6814773349344794,1.0087933836068874,0.5644760131835938
2007-04-17,73.19999694824219,73.3949966430664,73.04499816894531,73.20999908447266,56.608978271484375,-0.9332376785980695,0.157359529369816,0.08893966674804688
2007-04-18,73.05000305175781,73.44999694824219,72.97000122070312,73.2750015258789,56.65925216674805,-0.5850337571310426,0.08880904902146547,0.050273895263671875
2007-04-19,72.88999938964844,73.29499816894531,72.73999786376953,73.13999938964844,56.554832458496094,-0.8396344739026321,-0.18429418719584367,-0.10441970825195312
2007-04-20,73.69999694824219,73.81999969482422,73.43000030517578,73.79000091552734,57.05742645263672,-0.8814654233113518,0.8886844364881963,0.502593994140625
2007-04-23,73.82499694824219,73.93000030517578,73.55999755859375,73.6449966430664,56.94532775878906,-0.9825568843824242,-0.19646643884422277,-0.11209869384765625
2007-04-24,73.80999755859375,73.80999755859375,73.25,73.63500213623047,56.93758010864258,-1.0121225862793277,-0.013605418480167053,-0.007747650146484375
2007-04-25,74.11499786376953,74.375,73.69000244140625,74.29000091552734,57.44406127929688,-0.9185193815838905,0.8895375772695058,0.506481170654304
2007-04-26,74.33499908447266,74.44499969482422,74.05999755859375,74.31500244140625,57.46338653564453,-0.8886954639498958,0.03364186987699913,0.019325256347649145
2007-04-27,74.20500183105469,74.38500213623047,73.98999786376953,74.23500061035156,57.40153121948242,-0.773660353075917,-0.107643005209479,-0.061855316162109375
2007-04-30,74.375,74.375,73.56500244140625,73.58000183105469,56.89506912231445,-0.8277565499964525,-0.882314611489099,-0.5064620971679688
2007-05-01,73.6500015258789,73.77999877929688,73.22000122070312,73.74500274658203,57.02266693115234,-0.9316883841755244,0.22426865949238817,0.12759780883788352
2007-05-02,73.92500305175781,74.44999694824219,73.82499694824219,74.29000091552734,57.44406127929688,-0.8486720247008124,0.7389944575081353,0.42139434814454546
2007-05-03,74.34500122070312,74.66999816894531,74.31500244140625,74.62000274658203,57.6992073059082,-0.8694583915366267,0.4441643242645732,0.255146026611321
2007-05-04,74.90499877929688,74.98999786376953,74.55500030517578,74.83999633789062,57.86933898925781,-0.8475100538839034,0.2948596545661486,0.17013168334960938
2007-05-07,74.88500213623047,75.04000091552734,74.88500213623047,74.95999908447266,57.96212005615234,-0.9189067051895267,0.16032854101157845,0.09278106689452414
2007-05-08,74.69000244140625,74.9000015258789,74.4749984741211,74.88500213623047,57.904144287109375,-0.9061250262035291,-0.10002354811521341,-0.057975769042961645
2007-05-09,74.79000091552734,75.25499725341797,74.5250015258789,75.1500015258789,58.10905075073242,-0.8583551148417197,0.35387184483210987,0.20490646362304688
2007-05-10,74.93499755859375,74.98500061035156,74.0999984741211,74.20500183105469,57.37834167480469,-0.800643897601912,-1.2574789408662412,-0.7307090759277344
2007-05-11,74.46499633789062,74.90499877929688,74.32499694824219,74.9000015258789,57.91574096679688,-0.9511836723258844,0.9365890966977375,0.5373992919921946
2007-05-14,74.98999786376953,75.09500122070312,74.43000030517578,74.67500305175781,57.74175643920898,-0.8610663800811736,-0.30040974126127606,-0.17398452758790484
2007-05-15,74.8499984741211,75.17500305175781,74.47000122070312,74.4749984741211,57.587135314941406,-0.8484138089637214,-0.2677804310133092,-0.15462112426757102
2007-05-16,74.83499908447266,75.11499786376953,74.47000122070312,75.11499786376953,58.081993103027344,-0.6949045532632042,0.8593200293426362,0.4948577880859375
2007-05-17,75.05000305175781,75.25499725341797,74.83000183105469,74.93499755859375,57.94281005859375,-0.9442118474244312,-0.2396320046846645,-0.13918304443359375
2007-05-18,75.25,75.54000091552734,75.16000366210938,75.49500274658203,58.37580108642578,-0.9615123018095189,0.7472730911638248,0.43299102783203125
2007-05-21,75.54000091552734,75.98500061035156,75.50499725341797,75.70999908447266,58.54206466674805,-0.8073575067662745,0.2848159292514252,0.16626358032226562
2007-05-22,75.80500030517578,76.0,75.6449966430664,75.69999694824219,58.53434371948242,-0.843765925696086,-0.013188717052559085,-0.007720947265625
2007-05-23,76.0250015258789,76.22000122070312,75.63999938964844,75.66000366210938,58.50341033935547,-0.8568058204191745,-0.05284654813112466,-0.030933380126953125
2007-05-24,75.78500366210938,76.01499938964844,74.75,74.88500213623047,57.904144287109375,-0.5767708535441349,-1.0243266995376588,-0.5992660522460938
2007-05-25,75.2249984741211,75.41999816894531,75.03500366210938,75.25,58.18636703491211,-0.9449864946357037,0.48739645715749624,0.2822227478027344
2007-05-29,75.4800033569336,75.69499969482422,75.23500061035156,75.55000305175781,58.41834259033203,-0.9751977358753345,0.3986768159640164,0.23197555541992188
2007-05-30,75.125,76.19999694824219,75.125,76.19999694824219,58.92095184326172,-0.9412423664478863,0.8603620552098068,0.5026092529296875
2007-05-31,76.42500305175781,76.47000122070312,76.12000274658203,76.31999969482422,59.01374435424805,-0.9733902257156986,0.15748644256998734,0.09279251098632812
2007-06-01,76.5250015258789,76.78500366210938,76.4000015258789,76.62999725341797,59.25345230102539,-0.8370523165317235,0.40619003149235944,0.23970794677734375
2007-06-04,76.52999877929688,76.80999755859375,76.36000061035156,76.75499725341797,59.35011291503906,-0.9602212231240645,0.16313077172720458,0.09666061401367188
2007-06-05,76.56999969482422,76.56999969482422,76.06999969482422,76.36499786376953,59.048526763916016,-0.8797870210202612,-0.5081475608222918,-0.3015861511230469
2007-06-06,76.12000274658203,76.12000274658203,75.45500183105469,75.58499908447266,58.44541931152344,-0.7806321779773703,-1.0213759520265153,-0.6031074523925781
2007-06-07,75.48500061035156,75.56500244140625,74.09500122070312,74.09500122070312,57.29326248168945,-0.6206675288495814,-1.9713381192336121,-1.1521568298339844
2007-06-08,74.4000015258789,75.1449966430664,74.08499908447266,75.11000061035156,58.0781364440918,-0.37290952911089964,1.3699236671208759,0.7848739624023438
2007-06-11,75.01000213623047,75.4749984741211,74.86000061035156,75.19999694824219,58.147705078125,-0.5624398801355921,0.11978454938921246,0.06956863403320312
2007-06-12,74.93000030517578,75.23500061035156,74.2750015258789,74.2750015258789,57.432464599609375,-0.8684255285882633,-1.230040768684948,-0.715240478515625
2007-06-13,74.7699966430664,75.43499755859375,74.625,75.43499755859375,58.32942199707031,-0.8165241654330001,1.5617602408569464,0.8969573974609375
2007-06-14,75.51499938964844,76.05500030517578,75.51499938964844,75.9749984741211,58.74699401855469,-0.8445405729073585,0.7158857523144047,0.417572021484375
2007-06-15,76.51499938964844,76.66000366210938,76.29000091552734,76.37999725341797,59.060150146484375,-0.896829259668258,0.5330589814191766,0.3131561279296875
2007-06-18,76.4749984741211,76.54000091552734,76.18000030517578,76.26000213623047,58.96733856201172,-0.7878622186159144,-0.15714755929753244,-0.09281158447265625
2007-06-19,76.19999694824219,76.5,76.00499725341797,76.47000122070312,59.12973403930664,-0.7522284468973754,0.27539902809781136,0.16239547729492188
2007-06-20,76.65499877929688,76.65499877929688,75.44000244140625,75.46499633789062,58.35261535644531,-0.6113717623143105,-1.314260406354506,-0.7771186828613281
2007-06-21,75.43499755859375,75.92500305175781,75.01000213623047,75.83999633789062,58.6425895690918,-0.5137662136939647,0.49693438910181076,0.2899742126464844
2007-06-22,75.5,75.69000244140625,74.87999725341797,75.19999694824219,58.147705078125,-0.6989068971881125,-0.843899450217378,-0.4948844909667969
2007-06-25,74.73999786376953,75.20500183105469,74.1500015258789,74.38500213623047,57.73671340942383,-0.7169819987844729,-0.7068063445478723,-0.4109916687011719
2007-06-26,74.72000122070312,74.74500274658203,73.75,73.77999877929688,57.26710891723633,-0.7425453567564682,-0.8133550811204482,-0.4696044921875
2007-06-27,73.74500274658203,74.87000274658203,73.58000183105469,74.87000274658203,58.11318588256836,-0.8370523165317235,1.4774221736159276,0.8460769653320312
2007-06-28,74.8499984741211,75.2750015258789,74.80500030517578,74.86000061035156,58.10542678833008,-0.9311719527013427,-0.013351693114815877,-0.00775909423828125
2007-06-29,75.15499877929688,75.43000030517578,74.2699966430664,74.69000244140625,57.97346878051758,-0.9430498766075223,-0.2271010043402688,-0.1319580078125
2007-07-02,74.75,75.62999725341797,74.75,75.55500030517578,58.64484786987305,-0.8654560476117183,1.15807990013026,0.6713790893554688
2007-07-03,75.75,75.8949966430664,75.67500305175781,75.87999725341797,58.89713287353516,-0.9888831699411502,0.43019124923286967,0.2522850036621165
2007-07-05,75.98500061035156,75.98500061035156,75.5,75.83999633789062,58.86607360839844,-0.8892118954240776,-0.05273476588990578,-0.031059265136725855
2007-07-06,75.9749984741211,76.29499816894531,75.69499969482422,76.26000213623047,59.19205093383789,-0.9475686520066123,0.5537609449000946,0.3259773254394531
2007-07-09,76.42500305175781,76.42500305175781,76.01000213623047,76.22000122070312,59.16100311279297,-0.9559606634620653,-0.05245268672920966,-0.031047821044921875
2007-07-10,75.875,75.95500183105469,75.08999633789062,75.17500305175781,58.34991455078125,-0.8961837203255308,-1.3709851411162544,-0.8110885620117188
2007-07-11,75.16500091552734,75.73999786376953,74.95500183105469,75.7249984741211,58.77680969238281,-0.8624865666351734,0.7316122823625371,0.4268951416015625
2007-07-12,76.05999755859375,76.96499633789062,75.94999694824219,76.87000274658203,59.66552734375,-0.8892118954240776,1.5120209075967672,0.8887176513671875
2007-07-13,76.91000366210938,77.33499908447266,76.80000305175781,77.0999984741211,59.844085693359375,-0.9112893409453463,0.2992655182290527,0.178558349609375
2007-07-16,77.12000274658203,77.3550033569336,76.86499786376953,77.04499816894531,59.80139923095703,-0.9133550668420732,-0.07132945872223573,-0.04268646240234375
2007-07-17,77.09500122070312,77.30500030517578,76.91000366210938,77.0,59.76644515991211,-0.8131673608508189,-0.058450256171982407,-0.034954071044921875
2007-07-18,76.41999816894531,76.88500213623047,76.17500305175781,76.82499694824219,59.63062286376953,-0.49633665144033157,-0.2272551023892566,-0.13582229614257812
2007-07-19,77.19000244140625,77.2699966430664,76.96499633789062,77.01000213623047,59.77421188354492,-0.9154207927388001,0.24079745083902537,0.14358901977539062
2007-07-20,77.08999633789062,77.08999633789062,75.95999908447266,76.31999969482422,59.23867034912109,-0.6182144793472183,-0.895940770356296,-0.5355415344238352
2007-07-23,76.5999984741211,76.83000183105469,76.44000244140625,76.47000122070312,59.355079650878906,-0.6133083803424919,0.1965089713725332,0.1164093017578196
2007-07-24,75.95999908447266,76.1050033569336,74.80500030517578,75.12999725341797,58.31500244140625,-0.7319585115357429,-1.7522968810593675,-1.0400772094726562
2007-07-25,75.58499908447266,75.62000274658203,74.53500366210938,75.1449966430664,58.32661437988281,-0.7016181624275666,0.019912437606817157,0.0116119384765625
2007-07-26,74.25,74.62999725341797,72.55999755859375,73.36499786376953,56.94499588012695,-0.4888483950646966,-2.368761695574062,-1.3816184997558594
2007-07-27,73.58499908447266,74.01499938964844,71.90499877929688,71.98500061035156,55.8738899230957,-0.3290128538054532,-1.8809483440581864,-1.07110595703125
2007-07-30,72.47000122070312,73.2699966430664,72.07499694824219,73.05000305175781,56.70052719116211,-0.4040245254303485,1.4794696936336171,0.8266372680664062
2007-07-31,73.67500305175781,73.91999816894531,71.97000122070312,72.05000305175781,55.9243278503418,-0.3220410289039999,-1.368945544727318,-0.7761993408203125
2007-08-01,72.03500366210938,72.73500061035156,71.33999633789062,72.4749984741211,56.254207611083984,-0.2132030957202017,0.5898680832159053,0.3298797607421875
2007-08-02,72.7249984741211,73.1500015258789,72.40499877929688,73.08999633789062,56.7315559387207,-0.837181424400269,0.8485557754841944,0.47734832763671875
2007-08-03,72.94999694824219,73.0,70.8550033569336,71.19000244140625,55.25680160522461,-0.05013985774732254,-2.599530912018466,-1.4747543334960938
2007-08-06,71.46499633789062,72.5,70.58000183105469,72.38999938964844,56.18822860717773,-0.0817712855409531,1.6856332159931764,0.9314270019531179
2007-08-07,72.125,73.55500030517578,71.97000122070312,72.93499755859375,56.61125183105469,-0.800643897601912,0.7528680550412004,0.42302322387696023
2007-08-08,73.56500244140625,74.44999694824219,73.13999938964844,74.03500366210938,57.46504211425781,-0.07893091243295362,1.5081635815987537,0.853790283203125
2007-08-09,72.82499694824219,73.625,71.98999786376953,72.0250015258789,55.90494155883789,-0.6778623146152073,-2.7148688977169266,-1.5601005554199219
2007-08-10,71.38500213623047,72.61499786376953,70.86000061035156,71.86000061035156,55.77684783935547,-0.5064070651868752,-0.22912772272126736,-0.12809371948242188
2007-08-13,72.84500122070312,72.84500122070312,72.0,72.0,55.88551712036133,-0.38943533628471483,0.19482865241657876,0.10866928100585938
2007-08-14,72.125,72.24500274658203,70.74500274658203,70.74500274658203,54.91140365600586,-0.5377802772434148,-1.7430517145569424,-0.9741134643554688
2007-08-15,70.70999908447266,71.43499755859375,69.59500122070312,69.80000305175781,54.17789459228516,-0.474000990181972,-1.335804614130398,-0.733509063720696
2007-08-16,69.0999984741211,70.25,67.87000274658203,70.25,54.52718353271485,0.5635098414491103,0.6447074827441224,0.3492889404296875
2007-08-17,71.86000061035156,72.25,70.41000366210938,71.52999877929688,55.52068710327149,0.018158204713210377,1.8220335366497808,0.9935035705566406
2007-08-20,71.84500122070312,72.0,70.94499969482422,71.68000030517578,55.63713836669922,-0.42442356866052655,0.20974391619310584,0.11645126342772727
2007-08-21,71.5250015258789,72.18000030517578,71.41500091552734,71.69000244140625,55.64490509033203,-0.7390594443057416,0.013959602993285358,0.0077667236328125
2007-08-22,72.4800033569336,72.74500274658203,72.05999755859375,72.69000244140625,56.42107772827149,-0.3621935760216289,1.3948673947407286,0.7761726379394602
2007-08-23,73.1050033569336,73.12000274658203,72.1449966430664,72.57499694824219,56.33182144165039,-0.33430627641581584,-0.15819670629293459,-0.08925628662110086
2007-08-24,72.55000305175781,73.42500305175781,72.44999694824219,73.42500305175781,56.99158477783203,-0.49001036588160546,1.1712089531225933,0.6597633361816406
2007-08-27,73.21499633789062,73.23999786376953,72.66000366210938,72.66000366210938,56.39778518676758,-0.3711020189512636,-1.0419074910431703,-0.5937995910644531
2007-08-28,72.28500366210938,72.3499984741211,71.02999877929688,71.16999816894531,55.24127197265625,0.1889679147988154,-2.0506358721027906,-1.1565132141113281
2007-08-29,71.54000091552734,72.6449966430664,71.32499694824219,72.58499908447266,56.33958053588867,0.3041321335413397,1.988202885292134,1.0983085632324219
2007-08-30,71.9000015258789,72.91000366210938,71.9000015258789,72.3949966430664,56.19211959838867,-0.15936511453675703,-0.2617359520560636,-0.1474609375
2007-08-31,73.21499633789062,73.54000091552734,72.75499725341797,73.11000061035156,56.7470817565918,-0.4439188568108866,0.9876156339527764,0.554962158203125
2007-09-04,73.05000305175781,74.37000274658203,73.05000305175781,73.95999908447266,57.406837463378906,-0.3128743702372743,1.162624907509846,0.6597557067871094
2007-09-05,73.56500244140625,73.6050033569336,72.91500091552734,73.30999755859375,56.90231323242188,0.2576533008649846,-0.8788573857232085,-0.5045242309570241
2007-09-06,73.33000183105469,73.69999694824219,72.96499633789062,73.52999877929688,57.07307815551758,-0.3827217271203524,0.3001018998967542,0.17076492309569602
2007-09-07,72.55000305175781,72.76499938964844,72.0199966430664,72.46499633789062,56.24643325805664,0.30309927059297626,-1.4483972551969648,-0.8266448974609375
2007-09-10,72.65499877929688,72.7249984741211,71.44999694824219,72.15499877929688,56.00581359863281,-0.6049163688870389,-0.42779540939045235,-0.24061965942382812
2007-09-11,72.4000015258789,73.12999725341797,72.3949966430664,73.0999984741211,56.73932647705078,-0.7207261269722903,1.309708459330139,0.7335128784179688
2007-09-12,72.9749984741211,73.47000122070312,72.80000305175781,73.3499984741211,56.933380126953125,-0.4879446399848785,0.34200908250265893,0.19405364990234375
2007-09-13,73.45999908447266,73.94499969482422,73.27999877929688,73.625,57.14683151245117,-0.6453271317417587,0.3749143033877189,0.21345138549804688
2007-09-14,73.15499877929688,73.75,73.12999725341797,73.69000244140625,57.19728088378906,-0.6266064908026713,0.08828025981966192,0.050449371337890625
2007-09-17,73.48500061035156,73.55000305175781,73.05000305175781,73.30000305175781,56.89455032348633,-0.7619115370382828,-0.5292743914134812,-0.3027305603027344
2007-09-18,73.66999816894531,75.40499877929688,73.375,75.34500122070312,58.48184585571289,-0.33572646296981556,2.7898902851005047,1.5872955322265625
2007-09-19,75.91999816894531,76.3949966430664,75.59500122070312,75.88999938964844,58.90489196777344,-0.32049173448145474,0.7233802317120563,0.4230461120605469
2007-09-20,75.81500244140625,75.93499755859375,75.25,75.43000030517578,58.547828674316406,-0.6342238550468517,-0.6061691678381775,-0.35706329345703125
2007-09-21,75.82499694824219,76.0199966430664,75.61000061035156,75.61000061035156,58.68754959106445,-0.8068410752920927,0.2386440623191488,0.13972091674804688
2007-09-24,75.375,75.66999816894531,74.91000366210938,75.07499694824219,58.52072525024414,-0.6005267013564942,-0.2842584875033083,-0.1668243408203125
2007-09-25,74.55999755859375,75.04000091552734,74.46499633789062,74.9000015258789,58.38432693481445,-0.4701277541256091,-0.23307693957383968,-0.1363983154296875
2007-09-26,75.44000244140625,75.63500213623047,75.11000061035156,75.44999694824219,58.81306076049805,-0.9243292356684348,0.7343303386237121,0.42873382568359375
2007-09-27,75.7249984741211,75.88999938964844,75.5,75.86499786376953,59.13654327392578,-0.7771462655266437,0.5500181579480179,0.3234825134277344
2007-09-28,76.17500305175781,76.17500305175781,75.34500122070312,75.5999984741211,58.92999649047852,-0.7968997694140946,-0.3492709786747539,-0.20654678344725852
2007-10-01,75.75,76.67500305175781,75.75,76.57499694824219,59.689979553222656,-0.7579091931133745,1.2896370405637514,0.7599830627441335
2007-10-02,76.69999694824219,76.7300033569336,76.3499984741211,76.44999694824219,59.59253692626953,-0.6139539196852191,-0.1632478812733429,-0.097442626953125
2007-10-03,76.375,76.625,76.1449966430664,76.33000183105469,59.499000549316406,-0.7909608074610047,-0.15695988420303397,-0.093536376953125
2007-10-04,76.55000305175781,76.55000305175781,76.20999908447266,76.4749984741211,59.61203384399414,-0.8742353826728076,0.1899751149333051,0.11303329467773438
2007-10-05,76.97000122070312,77.54499816894531,76.7699966430664,77.30500030517578,60.25901412963867,-0.7615242134326465,1.0853182552665208,0.6469802856445312
2007-10-08,77.31500244140625,77.31500244140625,76.91500091552734,77.20500183105469,60.18107604980469,-0.9098691543913465,-0.12933845825341406,-0.07793807983398438
2007-10-09,77.31999969482422,77.75,77.04499816894531,77.74500274658203,60.601993560791016,-0.8658433712173547,0.6994183863345826,0.4209175109863281
2007-10-10,77.58499908447266,77.75,77.22000122070312,77.59500122070312,60.48505783081055,-0.8370523165317235,-0.19295690308136493,-0.11693572998046875
2007-10-11,78.02999877929688,78.25499725341797,76.74500274658203,77.15499877929688,60.142086029052734,-0.3763954415616263,-0.5670355854121456,-0.3429718017578125
2007-10-12,77.25499725341797,77.63999938964844,77.125,77.54000091552734,60.44218826293945,-0.9220052940346171,0.4989887343477717,0.30010223388671875
2007-10-15,77.61000061035156,77.61000061035156,76.5,76.93499755859375,59.9705924987793,-0.7935429648319133,-0.7802427041664894,-0.47159576416015625
2007-10-16,76.5250015258789,76.75,76.22000122070312,76.38999938964844,59.54578399658203,-0.7022637017702937,-0.7083613559527691,-0.4248085021972656
2007-10-17,76.95999908447266,76.95999908447266,75.68000030517578,76.44499969482422,59.58866882324219,-0.8640358610577186,0.07201992111249833,0.04288482666015625
2007-10-18,76.33999633789062,76.58499908447266,76.01000213623047,76.46499633789062,59.60424041748047,-0.9944348082886038,0.026131804159734706,0.01557159423828125
2007-10-19,76.11499786376953,76.11499786376953,74.375,74.5,58.07252883911133,-0.5595995070275926,-2.5698030335437827,-1.5317115783691406
2007-10-22,73.90499877929688,74.97000122070312,73.90499877929688,74.86499786376953,58.35704040527344,-0.7376392577517418,0.48992453376766054,0.2845115661621094
2007-10-23,75.33499908447266,75.48500061035156,74.66000366210938,75.4000015258789,58.77407836914063,-0.5045995550272391,0.7146317924469514,0.4170379638671946
2007-10-24,75.1500015258789,75.37999725341797,73.98999786376953,75.3499984741211,58.7350959777832,0.04165583678847879,-0.06632582328657266,-0.03898239135742898
2007-10-25,75.30000305175781,75.67500305175781,74.48500061035156,75.30000305175781,58.69612503051758,-0.4592826931677929,-0.06635035938370448,-0.038970947265625
2007-10-26,76.07499694824219,76.20500183105469,75.41999816894531,76.20500183105469,59.40158081054688,-0.7766298340524619,1.2018779428156767,0.705455780029304
2007-10-29,76.54499816894531,76.65499877929688,76.22000122070312,76.51000213623047,59.63931274414063,-0.8284020893391797,0.4002114596107553,0.23773193359375
2007-10-30,76.18499755859375,76.33999633789062,75.87999725341797,75.96499633789062,59.21448516845703,-0.7734021373388261,-0.7123280871900062,-0.42482757568360086
2007-10-31,76.36000061035156,77.08999633789062,75.86000061035156,76.95500183105469,59.98622131347656,-0.8899865426353502,1.303289461732282,0.7717361450195312
2007-11-01,76.11000061035156,76.11499786376953,74.83499908447266,75.00499725341797,58.46617889404297,-0.6098224678917653,-2.5339859490234318,-1.5200424194335938
2007-11-02,75.25,75.25,74.19499969482422,74.98999786376953,58.45448303222656,-0.6375806596290329,-0.020004491549896475,-0.01169586181640625
2007-11-05,74.8499984741211,74.96499633789062,73.94999694824219,74.4000015258789,57.99457931518555,-0.7535195255828298,-0.7867723623309897,-0.4599037170410156
2007-11-06,75.31500244140625,75.43000030517578,74.33999633789062,75.43000030517578,58.79745864868164,-0.8649396161375367,1.384404099446357,0.8028793334960938
2007-11-07,74.68000030517578,74.94000244140625,73.29000091552734,73.3499984741211,57.17610549926758,-0.21036272261220224,-2.7575224961707057,-1.6213531494140625
2007-11-08,72.5,73.73999786376953,72.05999755859375,73.25499725341797,57.10204315185547,-0.16762801812366462,-0.12953373925241873,-0.07406234741210938
2007-11-09,72.09500122070312,73.24500274658203,72.00499725341797,72.29000091552734,56.34983825683594,-0.6861252182021149,-1.3172994406157046,-0.7522048950195312
2007-11-12,71.93000030517578,72.7699966430664,71.31500244140625,71.3499984741211,55.617095947265625,-0.536618306426506,-1.3003450093868274,-0.7327423095703125
2007-11-13,72.34500122070312,73.55999755859375,72.13999938964844,73.43499755859375,57.24234771728516,-0.7588129481931924,2.9222161681375036,1.6252517700195384
2007-11-14,74.02999877929688,74.1449966430664,72.88500213623047,73.18000030517578,57.04358673095703,-0.7029092411130209,-0.34722717403170567,-0.1987609863281321
2007-11-15,72.93000030517578,73.16999816894531,71.75,72.125,56.2212142944336,-0.8999278485133484,-1.4416562555964574,-0.8223724365234304
2007-11-16,72.68499755859375,72.68499755859375,71.68499755859375,72.41000366210938,56.44339370727539,-0.5722520781450449,0.39518785858700944,0.22217941284178977
2007-11-19,71.90499877929688,72.04499816894531,71.0,71.2249984741211,55.519676208496094,-0.712205007648292,-1.6365378445701628,-0.9237174987792969
2007-11-20,71.79499816894531,72.07499694824219,70.37000274658203,71.5,55.73405456542969,-0.5005972111023308,0.3861304164104462,0.21437835693359375
2007-11-21,70.76000213623047,71.19999694824219,70.19000244140625,70.25,54.75966644287109,-0.6371933360233966,-1.7482814235499466,-0.9743881225586009
2007-11-23,71.7249984741211,71.7249984741211,70.70999908447266,71.30000305175781,55.57815170288086,-0.7477096714982854,1.4946863506987818,0.8184852600097727
2007-11-26,71.37999725341797,71.7699966430664,69.83999633789062,69.90499877929688,54.4907341003418,-0.3035786037020033,-1.9565558933164362,-1.0874176025390625
2007-11-27,70.51000213623047,70.94999694824219,69.8949966430664,70.76000213623047,55.157203674316406,-0.5020173976563305,1.22308789737966,0.6664695739746094
2007-11-28,71.46499633789062,73.04000091552734,71.46499633789062,72.92500305175781,56.84480667114258,-0.6224750390092175,3.059623919281451,1.6876029968261719
2007-11-29,72.5,73.1500015258789,72.44999694824219,72.95999908447266,56.872108459472656,-0.710139281751565,0.048028641363884184,0.027301788330078125
2007-11-30,73.80500030517578,74.0,73.04000091552734,73.4749984741211,57.2735481262207,-0.7882495422215507,0.7058638718030252,0.4014396667480469
2007-12-03,73.43000030517578,73.55000305175781,73.0,73.02999877929688,56.92667770385742,-0.8148457631419095,-0.605638088981042,-0.34687042236328125
2007-12-04,72.58499908447266,72.94999694824219,72.4749984741211,72.55999755859375,56.56031036376953,-0.7805030701088248,-0.6435775893927964,-0.3663673400878906
2007-12-05,73.11499786376953,73.7750015258789,73.11499786376953,73.6449966430664,57.40604782104492,-0.7957377985971856,1.4952843289508078,0.8457374572753906
2007-12-06,73.6050033569336,74.91000366210938,73.54499816894531,74.70999908447266,58.23622512817383,-0.8219466959119082,1.446149558521892,0.8301773071289062
2007-12-07,75.07499694824219,75.08000183105469,74.69000244140625,74.80000305175781,58.30638885498047,-0.24883686743874062,0.12048124110417557,0.07016372680664062
2007-12-10,75.125,75.51499938964844,74.8499984741211,75.44000244140625,58.805267333984375,-0.28085561883800747,0.8556154630750878,0.49887847900390625
2007-12-11,75.5,75.77999877929688,73.375,73.38500213623047,57.203392028808594,-0.3986019949514404,-2.7240337095619904,-1.6018753051757812
2007-12-12,75.77999877929688,75.77999877929688,72.96499633789062,73.8499984741211,57.56584167480469,-0.6276393537510347,0.633615653095454,0.36244964599609375
2007-12-13,73.72000122070312,73.94000244140625,72.95999908447266,73.86000061035156,57.57365417480469,-0.7388012285686507,0.01357141626476821,0.0078125
2007-12-14,73.25499725341797,73.78500366210938,72.81500244140625,72.8499984741211,56.78636932373047,-0.8715241174333536,-1.3674394345091767,-0.7872848510742188
2007-12-17,72.5,72.59500122070312,71.66999816894531,71.73500061035156,55.91720581054688,-0.5327450703701431,-1.5305847574593412,-0.8691635131835866
2007-12-18,72.33000183105469,72.45999908447266,71.17500305175781,72.25,56.318660736083984,-0.5469469359101404,0.7179452544486375,0.40145492553710227
2007-12-19,72.375,72.61499786376953,71.73500061035156,72.17500305175781,56.26020050048828,-0.4126747526228924,-0.1038026026038752,-0.058460235595703125
2007-12-20,72.5,72.5,71.48999786376953,72.29000091552734,56.65242767333984,-0.6133083803424919,0.6971663260392225,0.3922271728515554
2007-12-21,73.51000213623047,73.51000213623047,72.91500091552734,73.40499877929688,57.5262451171875,-0.6187309108214,1.542418356519737,0.8738174438476634
2007-12-24,74.0,74.0999984741211,73.63999938964844,74.08999633789062,58.06303787231445,-0.9159372242129818,0.9331267042259395,0.5367927551269531
2007-12-26,73.82499694824219,74.18499755859375,73.65499877929688,74.1500015258789,58.11007308959961,-0.7039421040613844,0.08100715878591735,0.04703521728515625
2007-12-27,73.76499938964844,73.91000366210938,73.00499725341797,73.22000122070312,57.38127517700195,-0.5886487774503146,-1.2541679503206393,-0.7287979125976562
2007-12-28,73.61499786376953,73.62999725341797,72.83000183105469,72.94000244140625,57.16182708740234,-0.6807026877232067,-0.3824385026695465,-0.21944808959961648
2007-12-31,73.07499694824219,73.07499694824219,72.44000244140625,72.57499694824219,56.87578582763672,-0.397569132003077,-0.500406082766125,-0.2860412597656179
2008-01-02,72.5999984741211,72.80000305175781,71.3550033569336,71.71499633789062,56.20180892944336,-0.48329675671724304,-1.1849979536737498,-0.6739768981933594
2008-01-03,71.75,72.05000305175781,71.3499984741211,71.62999725341797,56.13519287109375,-0.3788484910639895,-0.11853009648361557,-0.06661605834960938
2008-01-04,70.83000183105469,71.0,69.69999694824219,69.71499633789062,54.63445663452149,-0.31442366465981947,-2.6734320482668994,-1.5007362365722585
2008-01-07,70.02999877929688,70.27999877929688,69.18000030517578,69.75,54.661865234375,1.1679928819788175,0.05016724159419006,0.02740859985350852
2008-01-08,70.09500122070312,70.58999633789062,68.36499786376953,68.5,53.68226623535156,0.7336740121919881,-1.7921067911297661,-0.9795989990234375
2008-01-09,68.69000244140625,69.375,67.80000305175781,69.2249984741211,54.250431060791016,1.0445657596493856,1.0583845751752197,0.5681648254394531
2008-01-10,68.86000061035156,70.375,68.63500213623047,69.68000030517578,54.60700988769531,0.45802871284749325,0.6572829375396605,0.3565788269042969
2008-01-11,69.43499755859375,69.75,68.67500305175781,69.0250015258789,54.09369659423828,-0.48846107145906026,-0.9400135523126241,-0.5133132934570312
2008-01-14,69.37999725341797,69.75499725341797,69.12999725341797,69.69000244140625,54.614845275878906,-0.5333906097128702,0.963418502436264,0.521148681640625
2008-01-15,68.87000274658203,68.9749984741211,67.96499633789062,68.0,53.29042053222656,-0.44869584794706757,-2.425026999458124,-1.3244247436523438
2008-01-16,67.61499786376953,68.58000183105469,67.11000061035156,67.58999633789062,52.96912384033203,0.4825592078711251,-0.6029164129043307,-0.32129669189453125
2008-01-17,67.74500274658203,67.8949966430664,65.58000183105469,65.7300033569336,51.51146697998047,0.30012978961643133,-2.7518991341927146,-1.4576568603515625
2008-01-18,66.0250015258789,66.57499694824219,64.63999938964844,65.28500366210938,51.16273498535156,0.5161272536929371,-0.6769987637207819,-0.34873199462890625
2008-01-22,61.834999084472656,65.25499725341797,60.0,64.55999755859375,50.59456253051758,1.3444833382804215,-1.1105200982642116,-0.5681724548339844
2008-01-23,62.9900016784668,66.25,62.67499923706055,66.25,51.91899490356445,0.4088386149316841,2.6177365843375044,1.324432373046875
2008-01-24,66.5999984741211,66.91000366210938,65.90499877929688,66.67500305175781,52.252052307128906,0.7053993889805388,0.6414943204950063,0.3330574035644531
2008-01-25,67.59500122070312,67.59500122070312,65.58999633789062,65.70500183105469,51.491886138916016,0.22692562815117207,-1.4548063370693254,-0.7601661682128906
2008-01-28,65.875,67.08000183105469,65.32499694824219,67.08000183105469,52.56943893432617,-0.09352010157858731,2.0926652259408485,1.0775527954101562
2008-01-29,67.41999816894531,67.53500366210938,66.75499725341797,67.3550033569336,52.78496170043945,-0.5212544700695997,0.40997729951526285,0.21552276611328125
2008-01-30,67.16500091552734,68.55000305175781,66.69000244140625,66.74500274658203,52.306915283203125,-0.01011641849823898,-0.9056488852815625,-0.4780464172363281
2008-01-31,65.98500061035156,68.62999725341797,65.88500213623047,68.0999984741211,53.36880493164063,-0.09171259141895127,2.030113308514103,1.061889648437507
2008-02-01,68.37999725341797,69.2249984741211,68.18499755859375,69.19999694824219,54.23084259033203,-0.38788604186216963,1.6152463218833013,0.8620376586913991
2008-02-04,69.2750015258789,69.2750015258789,68.3550033569336,68.37999725341797,53.58824920654297,-0.2081678888469299,-1.184922367228014,-0.6425933837890625
2008-02-05,67.4800033569336,67.69999694824219,66.40499877929688,66.44000244140625,52.0678939819336,-0.049106994798959094,-2.837105610130175,-1.520355224609368
2008-02-06,66.88500213623047,67.1500015258789,65.73999786376953,65.93499755859375,51.672119140625,-0.28692368865964274,-0.7601130198312323,-0.39577484130860086
2008-02-07,65.55000305175781,66.875,65.36499786376953,66.54000091552734,52.146240234375,-0.5333906097128702,0.9175568984497895,0.47412109375
2008-02-08,66.26000213623047,66.63999938964844,65.66999816894531,66.1500015258789,51.84061813354492,-0.37420060779635395,-0.5860865509314528,-0.3056221008300781
2008-02-11,66.05999755859375,66.69499969482422,65.61000061035156,66.53500366210938,52.14234161376953,-0.0955858274753142,0.5820213783858552,0.3017234802246094
2008-02-12,67.3949966430664,67.66999816894531,66.55500030517578,67.1500015258789,52.62429428100586,-0.5589539676848655,0.9243019249236317,0.4819526672363281
2008-02-13,67.91500091552734,68.05500030517578,67.1500015258789,67.91500091552734,53.22382736206055,-0.5157028317221461,1.1392705389135838,0.5995330810546875
2008-02-14,68.12999725341797,68.12999725341797,66.93499755859375,67.03500366210938,52.53418350219727,-0.33947059115763306,-1.2957427040560243,-0.6896438598632741
2008-02-15,67.16999816894531,67.16999816894531,66.44999694824219,67.05000305175781,52.545936584472656,-0.6233787940890355,0.022372256484937125,0.01175308227538352
2008-02-19,68.19999694824219,68.19999694824219,66.83499908447266,67.26499938964844,52.71442413330078,-0.39950575003125843,0.32064810293610524,0.168487548828125
2008-02-20,66.53500366210938,67.75,66.38500213623047,67.58000183105469,52.96128463745117,0.0013741818023043657,0.4682978296910667,0.24686050415039062
2008-02-21,67.97000122070312,68.03500366210938,66.56500244140625,66.82499694824219,52.369606018066406,-0.39175927791853254,-1.1171908374865258,-0.5916786193847656
2008-02-22,67.0199966430664,67.31999969482422,65.94999694824219,67.13500213623047,52.612548828125,-0.11663041004821943,0.4639003966819599,0.24294281005859375
2008-02-25,67.20999908447266,68.30000305175781,66.86000061035156,68.26000213623047,53.49419021606445,-0.38246351138326157,1.6757245326007864,0.8816413879394531
2008-02-26,67.83000183105469,69.01000213623047,67.80000305175781,68.69999694824219,53.83902359008789,-0.0939074251842236,0.6446183644067682,0.3448333740234375
2008-02-27,68.34500122070312,69.08999633789062,68.21499633789062,68.58999633789062,53.75280380249024,-0.4643179000410647,-0.1601436687524216,-0.08621978759764914
2008-02-28,68.16000366210938,68.42500305175781,67.75,67.9000015258789,53.21206283569336,-0.6741181864273899,-1.005977230106514,-0.5407409667968821
2008-02-29,67.33499908447266,67.33499908447266,65.91500091552734,66.4000015258789,52.036529541015625,-0.4253273237403446,-2.2091481367815247,-1.1755332946777344
2008-03-03,66.11499786376953,66.375,65.6050033569336,66.16500091552734,51.85237503051758,-0.6459726710844859,-0.3538946815292432,-0.18415451049804688
2008-03-04,65.69999694824219,66.1449966430664,64.98999786376953,65.95500183105469,51.687801361083984,-0.34179453279145083,-0.31738887435095453,-0.16457366943359375
2008-03-05,66.23500061035156,66.79499816894531,65.65499877929688,66.32499694824219,51.977760314941406,-0.25438850578619415,0.5609814041649841,0.2899589538574219
2008-03-06,66.0,66.08499908447266,64.69999694824219,64.94999694824219,50.90019607543945,-0.4785197655810621,-2.0731255694220407,-1.0775642395019531
2008-03-07,64.30999755859375,65.2300033569336,63.70500183105469,64.25,50.35161972045898,0.05327554495756757,-1.077749001531203,-0.5485763549804759
2008-03-10,64.36499786376953,64.36499786376953,63.13999938964844,63.27000045776367,49.5836067199707,-0.4869117770365151,-1.5252994933472097,-0.7680130004882741
2008-03-11,64.83499908447266,65.51000213623047,63.755001068115234,65.51000213623047,51.33906555175781,-0.36038606586199284,3.540401652710079,1.7554588317871094
2008-03-12,65.69999694824219,66.08499908447266,64.88500213623047,64.88500213623047,50.849246978759766,-0.7025219175073846,-0.954085485845535,-0.4898185729980469
2008-03-13,63.8650016784668,65.63999938964844,63.6150016784668,65.30500030517578,51.17840194702149,-0.43462309027561563,0.6473153248448549,0.32915496826172586
2008-03-14,65.81500244140625,65.81500244140625,63.375,64.1050033569336,50.23798370361328,-0.04510465087405074,-1.8375295195455776,-0.9404182434082102
2008-03-17,62.59999847412109,63.875,62.41999816894531,63.3650016784668,49.65805816650391,0.278439667700799,-1.1543567125040788,-0.5799255371093679
2008-03-18,64.51499938964844,66.0,64.23999786376953,66.0,51.72305679321289,-0.15949422240530248,4.1584361188369945,2.0649986267089773
2008-03-19,66.34500122070312,66.48500061035156,64.23500061035156,64.23500061035156,50.3398666381836,-0.5713483230652269,-2.6742235296711825,-1.3831901550292898
2008-03-20,64.99500274658203,65.875,64.16000366210938,65.58000183105469,51.3939323425293,-0.21720543964511005,2.093898483922829,1.054065704345696
2008-03-24,66.11000061035156,67.42500305175781,66.08499908447266,67.0,52.50675582885742,-0.24832043596455888,2.1652818447738253,1.112823486328125
2008-03-25,66.66500091552734,67.08999633789062,66.23500061035156,66.78500366210938,52.58274459838867,-0.25180634841528554,0.1447218902248082,0.07598876953125
2008-03-26,66.61499786376953,66.6449966430664,66.0,66.0,51.964656829833984,-0.4290714519281621,-1.1754574115053429,-0.6180877685546875
2008-03-27,66.42500305175781,66.58999633789062,65.58499908447266,65.75499725341797,51.77176284790039,-0.3326278741247252,-0.3712022626556566,-0.19289398193359375
2008-03-28,65.87999725341797,66.06500244140625,64.95999908447266,65.16999816894531,51.311161041259766,-0.4919469839097869,-0.8896776568992237,-0.460601806640625
2008-03-31,65.0999984741211,65.75,64.94999694824219,65.5,51.57099533081055,-0.6661134985775731,0.5063894175807881,0.25983428955078125
2008-04-01,66.32499694824219,67.75,66.20999908447266,67.73500061035156,53.33070373535156,-0.4701277541256091,3.4122056269286327,1.7597084045410156
2008-04-02,67.8499984741211,68.19999694824219,67.41500091552734,67.77999877929688,53.36614608764648,-0.7231791764746536,0.06645768724671264,0.03544235229491477
2008-04-03,67.38500213623047,68.09500122070312,67.25499725341797,67.86000061035156,53.42912673950195,-0.7270524125310165,0.1180161140960756,0.06298065185547586
2008-04-04,67.94999694824219,68.43000030517578,67.49500274658203,67.88500213623047,53.44880676269531,-0.7085899873290199,0.03683388517523589,0.019680023193359375
2008-04-07,68.44000244140625,68.68499755859375,67.80999755859375,67.91999816894531,53.47636413574219,-0.6764421280612076,0.051558443894217376,0.027557373046875
2008-04-08,67.55999755859375,67.8949966430664,67.45500183105469,67.79499816894531,53.37793731689453,-0.7449984062588314,-0.18405667707290796,-0.09842681884765625
2008-04-09,67.83999633789062,67.86499786376953,66.8499984741211,67.18499755859375,52.89766693115234,-0.7292472462962888,-0.8997544863731277,-0.4802703857421946
2008-04-10,67.12999725341797,67.78500366210938,66.91500091552734,67.5250015258789,53.16537094116211,-0.8503504269919029,0.5060790494941791,0.26770401000977273
2008-04-11,66.82499694824219,66.96499633789062,66.0,66.1449966430664,52.07882308959961,-0.6816064428030248,-2.0437134780174393,-1.0865478515625
2008-04-14,66.0999984741211,66.29000091552734,65.80000305175781,65.91999816894531,51.90167617797852,-0.6306088347275797,-0.3401515263052546,-0.17714691162108664
2008-04-15,66.30000305175781,66.30500030517578,65.67500305175781,66.23500061035156,52.14970779418945,-0.7471932400241037,0.47788748741059983,0.2480316162109304
2008-04-16,66.79499816894531,67.875,66.79000091552734,67.875,53.44092178344727,-0.7021345939017484,2.4759755018257,1.2912139892578196
2008-04-17,67.62000274658203,68.0,67.31999969482422,67.95999908447266,53.50785827636719,-0.5881323459761328,0.1252532529119721,0.06693649291991477
2008-04-18,68.90499877929688,69.19999694824219,68.58999633789062,68.8949966430664,54.2440299987793,-0.392792140866896,1.3758198255848564,0.7361717224121094
2008-04-21,68.58499908447266,68.94000244140625,68.40499877929688,68.75,54.12986755371094,-0.7404796308597413,-0.21046084715853342,-0.11416244506835938
2008-04-22,68.56999969482422,68.56999969482422,67.81999969482422,68.17500305175781,53.67713928222656,-0.718531293207018,-0.836374245762106,-0.452728271484375
2008-04-23,68.43499755859375,68.75,67.98999786376953,68.38500213623047,53.84248352050781,-0.6721815683992084,0.30803474345362236,0.16534423828125
2008-04-24,68.5,69.21499633789062,67.88999938964844,68.76499938964844,54.14167785644531,-0.4099634873834383,0.5556845011124745,0.2991943359375
2008-04-25,69.1050033569336,69.37999725341797,68.38999938964844,69.29499816894531,54.55896759033203,-0.5528858978632303,0.7707366125467185,0.41728973388671875
2008-04-28,69.42500305175781,69.58999633789062,69.1050033569336,69.26499938964844,54.53534698486328,-0.706524261432293,-0.04329371781025548,-0.02362060546875
2008-04-29,69.17500305175781,69.30999755859375,68.75,68.9749984741211,54.30701446533203,-0.5691534892999546,-0.41868720408916316,-0.22833251953125
2008-04-30,69.19000244140625,69.69999694824219,68.66500091552734,68.69999694824219,54.09049224853516,-0.5033084763417848,-0.3987002764349934,-0.2165222167968679
2008-05-01,68.69999694824219,69.91999816894531,68.5999984741211,69.91000366210938,55.043190002441406,-0.5660549004548642,1.761303538390413,0.9526977539062429
2008-05-02,70.58000183105469,70.5999984741211,69.70500183105469,70.11000061035156,55.200645446777344,-0.47968173639797096,0.2860579925127116,0.1574554443359375
2008-05-05,69.98500061035156,70.17500305175781,69.63999938964844,69.75,54.91718673706055,-0.5837426784455882,-0.5135061509200955,-0.2834587097167969
2008-05-06,69.5,70.51499938964844,69.33499908447266,70.34500122070312,55.38566970825195,-0.50033899536524,0.8530716867097832,0.46848297119140625
2008-05-07,70.3499984741211,70.5,69.11000061035156,69.3550033569336,54.60620880126953,-0.31971708727018217,-1.4073331803845401,-0.7794609069824219
2008-05-08,69.44999694824219,69.69000244140625,69.02999877929688,69.21499633789062,54.49595642089844,-0.6424867586337593,-0.2019044771489953,-0.11025238037109375
2008-05-09,68.84500122070312,69.30500030517578,68.75,69.17500305175781,54.46449661254883,-0.6646933120235734,-0.05772870211989689,-0.031459808349609375
2008-05-12,69.29000091552734,69.88999938964844,68.96499633789062,69.88999938964844,55.02741622924805,-0.5762544220699533,1.0335533268649,0.5629196166992188
2008-05-13,70.08499908447266,70.09500122070312,69.53500366210938,69.97000122070312,55.090431213378906,-0.16452942927857428,0.11451561503148522,0.06301498413085938
2008-05-14,70.30000305175781,70.82499694824219,70.1500015258789,70.19000244140625,55.26361846923828,-0.3244940784063631,0.31436903296069296,0.173187255859375
2008-05-15,70.25,71.0,70.13999938964844,70.93499755859375,55.8502197265625,0.18289984497718015,1.0614600953984699,0.5866012573242188
2008-05-16,71.16999816894531,71.18000030517578,70.5,71.05999755859375,55.94862365722656,-0.631641697675943,0.17619255778373866,0.0984039306640625
2008-05-19,71.15499877929688,71.80000305175781,70.83499908447266,71.16999816894531,56.03523635864258,-0.5385549244546874,0.15480756407280083,0.08661270141601562
2008-05-20,70.8550033569336,70.8550033569336,70.23999786376953,70.58499908447266,55.57465744018555,-0.4214540876839817,-0.8219451694808311,-0.46057891845703125
2008-05-21,70.69999694824219,70.80500030517578,69.2750015258789,69.4000015258789,54.641632080078125,0.2723715978791637,-1.678868396285893,-0.9330253601074219
2008-05-22,69.5250015258789,69.83499908447266,69.4000015258789,69.63500213623047,54.82666015625,0.4151649004904102,0.33862106443072193,0.185028076171875
2008-05-23,69.25499725341797,69.3949966430664,68.58499908447266,68.62999725341797,54.03536987304688,-0.3579330163596297,-1.4432582268334881,-0.7912902832031179
2008-05-27,68.78500366210938,69.32499694824219,68.625,69.2300033569336,54.50778579711914,-0.32049173448145474,0.8742716579569487,0.4724159240722585
2008-05-28,69.47000122070312,69.6449966430664,68.98999786376953,69.6449966430664,54.83452987670898,-0.6848341395166606,0.5994447853853391,0.32674407958983664
2008-05-29,69.52999877929688,70.4000015258789,69.5199966430664,69.94999694824219,55.07465362548828,-0.6927097194979319,0.43790609551901394,0.24012374877930398
2008-05-30,70.19499969482422,70.36000061035156,70.0,70.08499908447266,55.18095779418945,-0.3637428704441741,0.19301831551052917,0.10630416870117188
2008-06-02,69.98500061035156,69.98999786376953,69.05999755859375,69.5250015258789,54.74005889892578,-0.27827346146709886,-0.7990055136558372,-0.4408988952636719
2008-06-03,69.76000213623047,69.91999816894531,68.76000213623047,69.1500015258789,54.444801330566406,0.09291166060101484,-0.5393811667330328,-0.295257568359375
2008-06-04,69.0,69.78500366210938,68.95999908447266,69.2750015258789,54.54320526123047,-0.5009845347079671,0.18074072869986857,0.0984039306640625
2008-06-05,69.46499633789062,70.625,69.375,70.625,55.60612869262695,-0.5235784117034175,1.9487733188867429,1.0629234313964844
2008-06-06,69.98999786376953,70.1050033569336,68.49500274658203,68.49500274658203,53.92909240722656,-0.22701763765456281,-3.015919872197026,-1.6770362854003906
2008-06-09,68.75499725341797,69.0,67.9749984741211,68.55000305175781,53.97239303588867,0.12944918739937178,0.08029178079826949,0.043300628662109375
2008-06-10,68.11000061035156,68.72000122070312,67.99500274658203,68.20500183105469,53.70076370239258,-0.6213130681923086,-0.5032745783857928,-0.27162933349609375
2008-06-11,68.17500305175781,68.2699966430664,67.17500305175781,67.17500305175781,52.88980865478516,-0.5676041948774094,-1.5101368988003516,-0.8109550476074148
2008-06-12,67.54499816894531,68.05999755859375,66.94000244140625,67.375,53.0472526550293,-0.40957616377780204,0.29768305888906443,0.15744400024413352
2008-06-13,67.7249984741211,68.375,67.5,68.375,53.8346061706543,-0.3538015645661759,1.4842493743177032,0.787353515625
2008-06-16,68.0,68.72000122070312,67.91999816894531,68.48999786376953,53.92515182495117,-0.4807145993463344,0.16819228510718265,0.090545654296875
2008-06-17,68.8499984741211,68.8499984741211,68.0,68.0,53.53934860229492,-0.3441184744252686,-0.7154420703508135,-0.38580322265625
2008-06-18,67.80000305175781,67.88999938964844,67.2300033569336,67.5,53.14567565917969,-0.7474514557611945,-0.7352964751953683,-0.3936729431152344
2008-06-19,67.43000030517578,67.94999694824219,67.13999938964844,67.69999694824219,53.30315399169922,-0.7587483942589197,0.2963144800894657,0.15747833251953125
2008-06-20,67.19999694824219,67.2300033569336,66.30999755859375,66.5999984741211,52.43707275390625,-0.5336488254499611,-1.624821746810412,-0.8660812377929688
2008-06-23,66.94000244140625,66.94000244140625,66.3499984741211,66.4000015258789,52.27960586547852,-0.37665365729871714,-0.30029687043504616,-0.15746688842772727
2008-06-24,65.97000122070312,66.44000244140625,65.4000015258789,65.76000213623047,52.02093124389648,-0.5096993158347837,-0.49479068806992377,-0.25867462158204546
2008-06-25,66.05999755859375,66.91000366210938,66.05999755859375,66.2300033569336,52.39273452758789,-0.37574990221889915,0.7147186234483849,0.37180328369141336
2008-06-26,65.69999694824219,65.70999908447266,64.30999755859375,64.30999755859375,50.87385940551758,-0.08564452159731603,-2.8990186058537093,-1.5188751220703125
2008-06-27,64.36000061035156,64.69999694824219,63.83000183105469,64.22000122070312,50.80267333984375,-0.11353182120312909,-0.1399266077031891,-0.07118606567382812
2008-06-30,64.23999786376953,64.69999694824219,63.95000076293945,64.08999633789062,50.6998291015625,-0.4794235206608801,-0.20243863466253842,-0.10284423828125
2008-07-01,63.4900016784668,64.38999938964844,63.150001525878906,64.38999938964844,50.937156677246094,-0.07860814276159005,0.46810330505884234,0.23732757568359375
2008-07-02,64.55999755859375,64.7300033569336,63.02999877929688,63.06999969482422,49.89293670654297,-0.40899517836934757,-2.0500162137428113,-1.044219970703125
2008-07-03,63.470001220703125,63.5099983215332,62.47999954223633,63.0099983215332,49.84547805786133,-0.36322643896999235,-0.09512097666405372,-0.047458648681640625
2008-07-07,63.27000045776367,63.560001373291016,61.88999938964844,62.400001525878906,49.36292266845703,-0.1922230670815692,-0.9681026408135507,-0.4825553894042969
2008-07-08,62.36000061035156,63.630001068115234,61.900001525878906,63.54999923706055,50.27265548706055,0.08703725258219773,1.8429476405067868,0.9097328186035156
2008-07-09,63.68999862670898,63.81999969482422,62.20000076293945,62.2599983215332,49.25217056274414,0.040429312037297195,-2.029900578017141,-1.0204849243164062
2008-07-10,62.31999969482422,62.91999816894531,61.84000015258789,62.650001525878906,49.56068420410156,-0.19151297380456933,0.6263960305351368,0.3085136413574219
2008-07-11,61.95000076293945,62.880001068115234,61.2599983215332,62.09999847412109,49.12559127807617,-0.15110221094984946,-0.8778993531113999,-0.4350929260253906
2008-07-14,62.93999862670898,62.93999862670898,61.27999877929688,61.4900016784668,48.643043518066406,-0.017540120939601254,-0.9822736937216581,-0.4825477600097656
2008-07-15,60.95000076293945,61.91999816894531,60.09000015258789,60.70000076293945,48.018104553222656,0.7719544952157084,-1.2847447849591132,-0.62493896484375
2008-07-16,60.93999862670898,62.43999862670898,60.70000076293945,62.09999847412109,49.12559127807617,0.19348669019790546,2.3063940885588163,1.1074867248535156
2008-07-17,62.79999923706055,63.5099983215332,62.25,62.75,49.639793395996094,0.612570831496374,1.0467092701424763,0.5142021179199219
2008-07-18,63.33000183105469,63.33000183105469,62.77000045776367,63.09999847412109,49.91666030883789,0.9255283048504984,0.5577519443586754,0.2768669128417969
2008-07-21,63.47999954223633,63.52000045776367,63.0,63.27000045776367,50.05113983154297,0.11169685547437502,0.2694080931557652,0.13447952270507812
2008-07-22,62.86000061035156,64.1500015258789,62.650001525878906,64.11000061035156,50.71565246582031,0.6320661196467341,1.3276673348776802,0.6645126342773438
2008-07-23,64.2300033569336,64.8499984741211,64.05000305175781,64.41999816894531,50.960880279541016,0.740968606764805,0.4835347704261084,0.24522781372070312
2008-07-24,64.5,64.5,62.75,62.90999984741211,49.76637268066406,0.3462212986871502,-2.343969712305982,-1.1945075988769531
2008-07-25,63.13999938964844,63.36000061035156,62.810001373291016,63.09999847412109,49.91666030883789,0.13525904148391615,0.3019863013488555,0.15028762817382812
2008-07-28,63.38999938964844,63.38999938964844,62.0,62.25,49.244258880615234,0.17128013680809137,-1.3470481079111862,-0.6724014282226562
2008-07-29,62.2599983215332,63.56999969482422,62.25,63.56999969482422,50.2884635925293,0.5486624365663857,2.1204597970406525,1.0442047119140625
2008-07-30,63.810001373291016,64.45999908447266,63.5,64.41999816894531,50.960880279541016,0.34202529295942363,1.3371191700348728,0.6724166870117188
2008-07-31,63.93000030517578,64.52999877929688,63.63999938964844,63.68999862670898,50.38340759277344,0.09975437763392267,-1.133168586570532,-0.5774726867675781
2008-08-01,63.86000061035156,63.93000030517578,63.0099983215332,63.40999984741211,50.16189956665039,0.3132342382737926,-0.4396447892397348,-0.22150802612304688
2008-08-04,63.380001068115234,63.400001525878906,62.61000061035156,62.880001068115234,49.74262237548828,-0.3796876922095348,-0.8358479140229025,-0.4192771911621094
2008-08-05,63.2400016784668,64.48999786376953,63.16999816894531,64.48999786376953,51.01625442504883,-0.512797904679874,2.5604441196251715,1.2736320495605469
2008-08-06,64.2699966430664,64.83000183105469,63.97999954223633,64.56999969482422,51.07954788208008,0.010218070797666378,0.12406527634096776,0.06329345703125
2008-08-07,64.33999633789062,64.4000015258789,63.47999954223633,63.650001525878906,50.35175704956055,-0.4330092419187977,-1.4248184698104183,-0.7277908325195312
2008-08-08,63.619998931884766,65.16000366210938,63.40999984741211,65.0,51.419700622558594,-0.4577333987452477,2.1209658521883945,1.0679435729980469
2008-08-11,64.97000122070312,66.01000213623047,64.8499984741211,65.6500015258789,51.93390274047852,-0.2667183072322828,1.0000099411203944,0.514202117919929
2008-08-12,65.43000030517578,65.45999908447266,64.68000030517578,64.93000030517578,51.36433029174805,-0.3493473431013585,-1.0967256814430337,-0.5695724487304759
2008-08-13,64.69999694824219,65.18000030517578,64.19999694824219,64.77999877929688,51.24567031860352,-0.18002237350402597,-0.23101629568718085,-0.11865997314452414
2008-08-14,64.31999969482422,65.51000213623047,64.31999969482422,65.12000274658203,51.51463317871094,-0.09067972847058783,0.5248499208522883,0.26896286010741477
2008-08-15,65.45999908447266,65.69999694824219,65.08999633789062,65.5,51.815242767333984,-0.059693840019684426,0.5835421317671008,0.3006095886230469
2008-08-18,65.66999816894531,65.66999816894531,64.23999786376953,64.54000091552734,51.05580520629883,0.05992460018765725,-1.4656643884604748,-0.7594375610351562
2008-08-19,64.16999816894531,64.2300033569336,63.619998931884766,63.86000061035156,50.51789093017578,0.15940221290191173,-1.0535810256042777,-0.5379142761230469
2008-08-20,64.0,64.30999755859375,63.54999923706055,64.08999633789062,50.6998291015625,0.0024070447506678127,0.36014601567233573,0.18193817138671875
2008-08-21,63.72999954223633,64.5,63.68000030517578,64.26000213623047,50.83431625366211,-0.24593194039646843,0.2652615491665733,0.13448715209960938
2008-08-22,64.61000061035156,65.16000366210938,64.55000305175781,65.16000366210938,51.54627227783203,-0.17156580811430025,1.400542146799566,0.7119560241699219
2008-08-25,64.7699966430664,64.7699966430664,63.630001068115234,63.790000915527344,50.462501525878906,-0.1491010389873953,-2.1025201320313713,-1.083770751953125
2008-08-26,63.79999923706055,64.18000030517578,63.52999877929688,64.0,50.62863540649414,-0.28969950783336945,0.3292224435802904,0.16613388061523438
2008-08-27,64.06999969482422,64.72000122070312,63.93999862670898,64.43000030517578,50.96879196166992,-0.29957625977709496,0.6718659360353874,0.34015655517578125
2008-08-28,64.91000366210938,65.4800033569336,64.83999633789062,65.4800033569336,51.7994270324707,0.02906781960529928,1.6296934630615656,0.8306350708007812
2008-08-29,65.16999816894531,65.36000061035156,64.62000274658203,64.62000274658203,51.11909866333008,-0.36064428159908374,-1.313389757601291,-0.680328369140625
2008-09-02,65.36000061035156,65.69999694824219,64.05000305175781,64.3499984741211,50.90551376342773,-0.21430051260283786,-0.41781820393395064,-0.21358489990235086
2008-09-03,64.33000183105469,64.55999755859375,63.75,64.2300033569336,50.81058120727539,-0.35057386785254013,-0.18648776750100904,-0.09493255615233664
2008-09-04,63.790000915527344,63.84000015258789,62.2599983215332,62.2599983215332,49.25217056274414,-0.12844378002012635,-3.0670986387144605,-1.55841064453125
2008-09-05,61.97999954223633,62.7400016784668,61.290000915527344,62.630001068115234,49.544864654541016,0.9042255065405023,0.5942765333032396,0.292694091796875
2008-09-08,64.38999938964844,64.41999816894531,62.75,63.720001220703125,50.40713119506836,-0.14361395457421447,1.7403752064711897,0.8622665405273438
2008-09-09,63.650001525878906,63.790000915527344,61.5099983215332,61.5099983215332,48.65885162353516,0.09749498993437763,-3.468317934554943,-1.748279571533196
2008-09-10,62.18999862670898,62.59000015258789,61.380001068115234,61.91999816894531,48.98321533203125,-0.21036272261220224,0.6666078168174439,0.32436370849608664
2008-09-11,61.29999923706055,62.81999969482422,60.95000076293945,62.790000915527344,49.67143630981445,-0.022575327812873056,1.40501388714096,0.6882209777832031
2008-09-12,62.2599983215332,63.40999984741211,62.02999877929688,63.40999984741211,50.16189956665039,-0.38278628105462514,0.9874150885768262,0.4904632568359375
2008-09-15,61.20000076293945,62.290000915527344,60.310001373291016,60.5,47.85987854003906,0.2726298136162546,-4.589182320642826,-2.302021026611328
2008-09-16,59.22999954223633,61.27999877929688,58.81999969482422,61.27999877929688,48.47692108154297,1.4136206018864999,1.2892689248839018,0.6170425415039062
2008-09-17,60.13999938964844,60.45000076293945,58.33000183105469,58.540000915527344,46.30937957763672,0.789513165337887,-4.471285419014615,-2.16754150390625
2008-09-18,59.2599983215332,61.2599983215332,57.27000045776367,60.5,47.85987854003906,1.8656272496640531,3.348131580564506,1.5504989624023438
2008-09-19,63.41999816894531,63.41999816894531,62.33000183105469,63.41999816894531,50.169803619384766,0.2752765249214359,4.8264332250932185,2.309925079345703
2008-09-22,63.13999938964844,63.20000076293945,60.900001525878906,61.22999954223633,48.43735122680664,1.011320483498937,-3.4531775442484203,-1.732452392578125
2008-09-23,61.040000915527344,61.7400016784668,60.02000045776367,60.18999862670898,47.61463928222656,2.0096470770264814,-1.6985072960074787,-0.8227119445800781
2008-09-24,60.20000076293945,60.52999877929688,59.380001068115234,59.84000015258789,47.57170486450195,0.06773562623465582,-0.0901706247738776,-0.042934417724609375
2008-09-25,60.75,61.209999084472656,59.93999862670898,60.90999984741211,48.42234802246094,0.5268432067822079,1.7881283851017393,0.8506431579589844
2008-09-26,59.59000015258789,60.95000076293945,59.52000045776367,60.86000061035156,48.38258743286133,0.12512407380309984,-0.08211206441530727,-0.039760589599609375
2008-09-29,59.880001068115234,60.04999923706055,55.88999938964844,56.84999847412109,45.1947135925293,1.6040547079910104,-6.588886641822789,-3.1878738403320312
2008-09-30,58.0,59.22999954223633,56.5,58.36000061035156,46.39514923095703,0.9466374413576764,2.6561417099591145,1.2004356384277344
2008-10-01,58.290000915527344,58.52000045776367,57.16999816894531,58.290000915527344,46.3394889831543,1.032494173940388,-0.11996997256255026,-0.055660247802734375
2008-10-02,57.88999938964844,58.060001373291016,55.5,55.66999816894531,44.25663757324219,0.2541028344799853,-4.494765599744277,-2.0828514099121094
2008-10-03,56.5,57.5099983215332,54.630001068115234,54.81999969482422,43.58090591430664,0.5833924532051066,-1.5268481655825061,-0.6757316589355469
2008-10-06,53.29999923706055,53.43999862670898,50.040000915527344,52.90999984741211,42.06248092651367,4.314868069905149,-3.4841519604449145,-1.5184249877929688
2008-10-07,53.18000030517578,53.380001068115234,49.59999847412109,49.68000030517578,39.49469757080078,1.300586662974975,-6.104688309277339,-2.5677833557128906
2008-10-08,48.38999938964844,50.720001220703125,47.869998931884766,48.72999954223633,38.73946380615234,1.4590020176802188,-1.9122409110604366,-0.7552337646484446
2008-10-09,49.56999969482422,50.06999969482422,45.20000076293945,45.66999816894531,36.30682373046875,2.519816819583751,-6.279488244484299,-2.4326400756835866
2008-10-10,43.16999816894531,46.95000076293945,41.720001220703125,44.34999847412109,35.257442474365234,3.990742765921845,-2.890314129084426,-1.0493812561035156
2008-10-13,47.04999923706055,50.22999954223633,46.65999984741211,50.040000915527344,39.7808952331543,3.8888766576395,12.829781292497167,4.5234527587890625
2008-10-14,52.79999923706055,53.5,48.310001373291016,49.61000061035156,39.43904876708984,4.287755417510609,-0.8593232104529336,-0.34184646606446023
2008-10-15,48.47999954223633,48.63999938964844,44.86000061035156,44.970001220703125,35.750343322753906,1.4766897956709428,-9.35292700926903,-3.6887054443359304
2008-10-16,45.2400016784668,47.04999923706055,42.95000076293945,47.040000915527344,37.39595413208008,1.3612673611913275,4.603062953744552,1.6456108093261719
2008-10-17,45.619998931884766,48.900001525878906,45.52000045776367,46.59999847412109,37.0461540222168,1.8913842694388667,-0.9353956008925746,-0.34980010986328125
2008-10-20,47.58000183105469,48.9900016784668,46.95000076293945,48.9900016784668,38.94616317749024,1.0133216554613913,5.128762230308714,1.9000091552734446
2008-10-21,48.43999862670898,49.0,47.34999847412109,47.5099983215332,37.76960372924805,2.4839893860623943,-3.020989366475546,-1.1765594482421946
2008-10-22,46.310001373291016,46.5099983215332,43.56999969482422,44.86000061035156,35.66288757324219,3.4366763480591285,-5.577808470292367,-2.1067161560058594
2008-10-23,44.95000076293945,45.77999877929688,42.470001220703125,45.41999816894531,36.10806655883789,4.271165056402521,1.2482976446632987,0.4451789855957031
2008-11-03,48.060001373291016,48.470001220703125,47.58000183105469,48.0,38.15914916992188,3.9448449186539443,5.680399995224783,2.0510826110839915
2008-11-04,49.130001068115234,49.88999938964844,48.66999816894531,49.72999954223633,39.53445053100586,4.722009733363166,3.6041195650348135,1.3753013610839773
2008-11-10,47.16999816894531,47.27999877929688,44.95000076293945,45.59999847412109,36.251163482666016,4.858928627955595,-8.30487588480544,-3.2832870483398438
2008-11-28,43.59000015258789,44.29999923706055,43.5099983215332,44.29999923706055,35.21768569946289,1.609089914864282,-2.850881692934615,-1.033477783203125
2008-12-10,44.43999862670898,45.02000045776367,43.84000015258789,44.540000915527344,35.40848922729492,3.668683187835268,0.5417832661132049,0.19080352783203125
2008-12-11,44.13999938964844,44.83000183105469,42.91999816894531,43.290000915527344,34.414764404296875,3.2231319334849857,-2.8064592550648193,-0.9937248229980469
2008-12-12,42.04999923706055,43.810001373291016,42.0,43.720001220703125,34.756614685058594,3.9409716825975813,0.9933244834854582,0.34185028076171875
2008-12-15,43.90999984741211,44.0,42.45000076293945,43.0,34.1842155456543,4.574568547484283,-1.6468782837195106,-0.5723991394042969
2008-12-16,45.2599983215332,45.310001373291016,43.43999862670898,45.2599983215332,35.98088455200195,4.67030203201072,5.255843896573076,1.7966690063476562
2008-12-17,44.79999923706055,45.68999862670898,44.470001220703125,44.93000030517578,35.718536376953125,3.8422041631603268,-0.7291320886501973,-0.2623481750488281
2008-12-18,45.18999862670898,45.34000015258789,43.630001068115234,44.150001525878906,35.09846115112305,4.248054747932889,-1.7360040156353507,-0.6200752258300781
2008-12-19,44.470001220703125,45.09999847412109,43.97999954223633,44.11000061035156,35.06665802001953,2.8981674283561363,-0.09061118368289822,-0.031803131103515625
2008-12-24,42.77999877929688,43.02999877929688,42.54999923706055,42.869998931884766,34.34169006347656,0.37468958370141764,-2.067399625390831,-0.7249679565429688
2008-12-26,43.25,43.31999969482422,42.86000061035156,43.31999969482422,34.70216369628906,1.1423649700725496,1.0496677133426058,0.3604736328125
2008-12-29,43.25,43.2599983215332,42.36000061035156,42.9900016784668,34.43781280517578,2.7493706098575275,-0.7617706302894045,-0.26435089111328125
2008-12-30,43.290000915527344,44.119998931884766,43.11000061035156,44.119998931884766,35.343013763427734,4.5011061702819335,2.6285088526757594,0.9052009582519531
2008-12-31,44.13999938964844,45.130001068115234,44.02000045776367,44.7400016784668,35.839698791503906,3.180978214404903,1.4053273198510574,0.4966850280761719
2009-01-02,44.880001068115234,46.2599983215332,44.560001373291016,46.02999877929688,36.87305450439453,3.590960250970918,2.883271198516857,1.033355712890625
2009-01-05,45.88999938964844,46.40999984741211,45.5,46.02000045776367,36.86505889892578,3.657515357206088,-0.021684141919398048,-0.00799560546875
2009-01-06,46.5,46.86000061035156,46.0099983215332,46.400001525878906,37.1694450378418,3.8299389156485106,0.8256765295033386,0.3043861389160156
2009-01-07,45.709999084472656,45.83000183105469,44.810001373291016,45.09999847412109,36.12805938720703,2.9882201666665744,-2.8017250447902597,-1.0413856506347656
2009-01-08,44.79999923706055,45.310001373291016,44.56999969482422,45.29999923706055,36.288272857666016,2.430538728484586,0.44345993993719635,0.16021347045898438
2009-01-09,45.369998931884766,45.41999816894531,44.150001525878906,44.18999862670898,35.39908981323242,2.6974692467022643,-2.4503316758040516,-0.8891830444335938
2009-01-12,44.13999938964844,44.20000076293945,42.900001525878906,43.220001220703125,34.622066497802734,2.6924340398289925,-2.1950375547204914,-0.7770233154296875
2009-01-13,43.02999877929688,43.59000015258789,42.84000015258789,43.27999877929688,34.67011642456055,4.350372733755143,0.13878410972627542,0.0480499267578125
2009-01-14,42.5099983215332,42.630001068115234,41.58000183105469,41.869998931884766,33.540611267089844,3.1776214098227213,-3.257863756899748,-1.1295051574707031
2009-01-20,42.0,42.06999969482422,40.02999877929688,40.130001068115234,32.14677429199219,4.826522552950691,-4.155669567254705,-1.3938369750976562
2009-01-21,40.77000045776367,41.880001068115234,40.0,41.77000045776367,33.46051406860352,4.623306767860184,4.086692383747481,1.3137397766113352
2009-01-26,41.5099983215332,42.40999984741211,41.09000015258789,41.52999877929688,33.268253326416016,4.23120617108771,-0.5745899234940621,-0.1922607421875071
2009-01-27,41.77999877929688,42.2599983215332,41.47999954223633,42.02000045776367,33.660770416259766,3.497357046275481,1.1798548183233892,0.39251708984375
2009-01-28,42.900001525878906,43.70000076293945,42.7599983215332,43.470001220703125,34.82233047485352,3.851435375761325,3.450782748670145,1.161560058593757
2009-01-29,42.810001373291016,43.54999923706055,41.959999084472656,42.040000915527344,33.676795959472656,2.414206583113589,-3.2896549419864307,-1.1455345153808665
2009-01-30,42.209999084472656,42.380001068115234,40.84999847412109,41.13999938964844,32.955848693847656,3.1547047631559075,-2.1407834239712153,-0.720947265625
2009-02-02,40.540000915527344,41.34000015258789,40.40999984741211,41.06999969482422,32.89976501464844,3.8688649380149585,-0.17017822760452272,-0.05608367919921875
2009-02-03,41.310001373291016,41.90999984741211,40.880001068115234,41.650001525878906,33.36438751220703,2.8691181579334146,1.4122365231232559,0.46462249755859375
2009-02-04,41.86000061035156,42.41999816894531,41.29999923706055,41.43000030517578,33.18815231323242,4.178142837115538,-0.5282134998286114,-0.17623519897460938
2009-02-05,41.13999938964844,42.40999984741211,40.84999847412109,42.09000015258789,33.71687316894531,2.8417472898017833,1.5931012088976182,0.5287208557128906
2009-02-06,42.18999862670898,43.41999816894531,42.09000015258789,43.29999923706055,34.68614959716797,2.226612850117078,2.874751829346378,0.9692764282226562
2009-02-09,43.29999923706055,43.650001525878906,42.93999862670898,43.310001373291016,34.69414520263672,1.3515842710504202,0.023051291543185748,0.00799560546875
2009-02-10,42.91999816894531,43.33000183105469,41.06999969482422,41.33000183105469,33.10805892944336,4.4370041135491265,-4.571625165945347,-1.5860862731933594
2009-02-11,41.58000183105469,41.84000015258789,41.0,41.58000183105469,33.30830764770508,3.951945851423943,0.6048337617390098,0.20024871826171875
2009-02-12,40.93999862670898,41.7599983215332,40.36000061035156,41.68999862670898,33.39643096923828,4.5804429555031,0.2645685949141052,0.08812332153320312
2009-02-13,41.61000061035156,41.970001220703125,41.2400016784668,41.27000045776367,33.05998992919922,2.3544941939113273,-1.007416152788787,-0.3364410400390625
2009-02-19,39.709999084472656,39.90999984741211,38.790000915527344,38.93999862670898,31.193500518798828,2.816119377895515,-5.645765211658071,-1.8664894104003906
2009-02-23,38.91999816894531,38.91999816894531,37.06999969482422,37.16999816894531,29.775606155395508,3.748019973056435,-4.545480115477341,-1.4178943634033203
2009-02-24,37.400001525878906,38.7400016784668,37.150001525878906,38.52000045776367,30.8570556640625,4.372062855670775,3.6319982976098952,1.0814495086669922
2009-02-25,38.33000183105469,38.959999084472656,37.58000183105469,38.220001220703125,30.616743087768555,2.9318645820464937,-0.778792957144725,-0.2403125762939453
2009-02-26,38.630001068115234,38.88999938964844,37.5,37.52000045776367,30.05599021911621,2.4347347342123125,-1.8315235786015571,-0.5607528686523438
2009-02-27,36.83000183105469,37.59000015258789,36.65999984741211,36.810001373291016,29.487232208251957,3.6817876364926287,-1.892328306995894,-0.5687580108642543
2009-03-02,36.040000915527344,36.27000045776367,34.95000076293945,35.099998474121094,28.11741065979004,4.390073403332862,-4.645473467253991,-1.3698215484619176
2009-03-03,35.540000915527344,35.59000015258789,34.52000045776367,34.79999923706055,27.87708854675293,3.5490001936936535,-0.8547092616205454,-0.24032211303710938
2009-03-04,35.349998474121094,36.15999984741211,34.970001220703125,35.560001373291016,28.485902786254883,3.2885250689032466,2.1839233264295377,0.6088142395019531
2009-03-05,34.7599983215332,35.18000030517578,33.83000183105469,34.119998931884766,27.33236122131348,2.5939247361288285,-4.049517312465212,-1.1535415649414027
2009-03-06,34.400001525878906,34.900001525878906,33.2599983215332,34.11000061035156,27.324352264404297,2.9877037351923925,-0.02930210399435529,-0.00800895690918324
2009-03-09,33.66999816894531,34.70000076293945,33.54999923706055,33.70000076293945,26.99591445922852,4.015789692419658,-1.201996673142136,-0.3284378051757777
2009-03-10,34.41999816894531,35.880001068115234,34.36000061035156,35.849998474121094,28.71820831298828,2.727228610401986,6.379831497691679,1.722293853759762
2009-03-11,36.22999954223633,36.59000015258789,35.63999938964844,35.97999954223633,28.822345733642575,2.5737193547014687,0.36261809761717334,0.10413742065429332
2009-03-12,35.9900016784668,37.619998931884766,35.650001525878906,37.459999084472656,30.00791358947754,2.4045234929726815,4.113363522841662,1.1855678558349645
2009-03-13,37.810001373291016,37.959999084472656,37.130001068115234,37.86000061035156,30.328338623046875,2.920244873877405,1.0678017737350887,0.32042503356933594
2009-03-16,38.29999923706055,38.68000030517578,37.59000015258789,37.650001525878906,30.16012382507324,2.6159376277158244,-0.5546456074115746,-0.16821479797363637
2009-03-17,37.709999084472656,38.84000015258789,37.38999938964844,38.84000015258789,31.113386154174805,1.524072383427116,3.1606711385882447,0.953262329101566
2009-03-18,38.650001525878906,40.18000030517578,38.27000045776367,39.66999816894531,31.778270721435547,3.8032135868596066,2.1369726971087966,0.6648845672607422
2009-03-19,40.27999877929688,40.29999923706055,39.16999816894531,39.27000045776367,31.45784950256348,1.9112023272605903,-1.0083028799170335,-0.32042121887206676
2009-03-20,39.41999816894531,39.5099983215332,38.310001373291016,38.43999862670898,30.79296493530273,1.067611514184745,-2.113572853117529,-0.6648845672607493
2009-03-23,39.43000030517578,41.130001068115234,39.2400016784668,41.11000061035156,32.93181610107422,2.539893093142566,6.945908490024588,2.138851165771488
2009-03-24,40.650001525878906,41.20000076293945,40.290000915527344,40.290000915527344,32.27493667602539,2.1355272488582764,-1.9946650468128935,-0.6568794250488281
2009-03-25,40.36000061035156,41.11000061035156,39.2400016784668,40.43000030517578,32.61211395263672,3.3176388932602414,1.044703139144465,0.3371772766113281
2009-03-26,40.91999816894531,41.45000076293945,40.5,41.43999862670898,33.42680740356445,2.9133376029102247,2.498131375693502,0.8146934509277344
2009-03-27,40.880001068115234,41.09999847412109,40.4900016784668,40.65999984741211,32.797637939453125,1.7932622893443393,-1.8822302007945768,-0.6291694641113281
2009-03-30,39.77999877929688,39.77999877929688,38.790000915527344,39.22999954223633,31.64415168762207,2.345198427376056,-3.5169796494506023,-1.1534862518310547
2009-03-31,39.619998931884766,40.380001068115234,39.34000015258789,39.58000183105469,31.92647171020508,1.7673761617009804,0.8921712465859599,0.28232002258301137
2009-04-01,39.11000061035156,40.4900016784668,38.95000076293945,40.369998931884766,32.563720703125,0.9638733418084914,1.9959894056073457,0.6372489929199183
2009-04-02,41.34999847412109,42.20000076293945,41.22999954223633,41.58000183105469,33.53973388671875,2.369212490925506,2.9972409863473715,0.97601318359375
2009-04-03,41.61000061035156,42.13999938964844,41.25,42.09999847412109,33.95918273925781,2.3486843398267827,1.2506028042910566,0.4194488525390625
2009-04-06,41.70000076293945,41.83000183105469,41.09999847412109,41.68999862670898,33.62846374511719,1.5382742489671133,-0.973872064825354,-0.330718994140625
2009-04-07,41.02999877929688,41.25,40.619998931884766,40.630001068115234,32.7734260559082,1.4416370093608584,-2.5426011003346405,-0.8550376892089844
2009-04-08,40.86000061035156,41.34000015258789,40.63999938964844,41.20000076293945,33.23321533203125,0.3238856374287906,1.402933203683654,0.4597892761230469
2009-04-09,42.27999877929688,42.869998931884766,42.08000183105469,42.869998931884766,34.580291748046875,0.8491610006058761,4.053403808680733,1.347076416015625
2009-04-13,42.4900016784668,43.2400016784668,42.25,42.93000030517578,34.62868118286133,0.8498065399486032,0.13993356437540516,0.048389434814453125
2009-04-14,42.52000045776367,42.86000061035156,42.0,42.130001068115234,33.98337936401367,0.9242372261650441,-1.863489445180011,-0.6453018188476562
2009-04-15,41.86000061035156,42.63999938964844,41.7400016784668,42.58000183105469,34.34637451171875,0.7434862102014409,1.0681549466192042,0.3629951477050781
2009-04-16,42.93999862670898,43.59999847412109,42.36000061035156,43.310001373291016,34.93519592285156,0.9334038848317696,1.7143626350778707,0.5888214111328125
2009-04-17,43.45000076293945,43.869998931884766,43.09000015258789,43.59999847412109,35.16913986206055,1.1214494953681897,0.6696511441516062,0.23394393920898438
2009-04-20,42.79999923706055,43.09000015258789,41.709999084472656,41.75,33.676849365234375,0.7654345478541641,-4.243181671997642,-1.4922904968261719
2009-04-21,41.40999984741211,42.59999847412109,41.34000015258789,42.58000183105469,34.34637451171875,-0.20345545164502168,1.9880872442169295,0.669525146484375
2009-04-22,42.16999816894531,43.310001373291016,42.08000183105469,42.400001525878906,34.20117950439453,2.3026573846903364,-0.42273750690827727,-0.14519500732421875
2009-04-23,42.5099983215332,42.75,41.900001525878906,42.70000076293945,34.443153381347656,1.227317947575443,0.7075015553835939,0.241973876953125
2009-04-24,43.09000015258789,43.7599983215332,42.880001068115234,43.45000076293945,35.04813766479492,1.9068772136643184,1.7564718211163788,0.6049842834472656
2009-04-27,42.91999816894531,43.61000061035156,42.83000183105469,43.0,34.68515396118164,1.5933387549017395,-1.0356718724541247,-0.36298370361328125
2009-04-28,42.52000045776367,43.41999816894531,42.45000076293945,42.91999816894531,34.62062072753906,1.3731452850975072,-0.18605433816093475,-0.06453323364257812
2009-04-29,43.41999816894531,44.380001068115234,43.290000915527344,43.93999862670898,35.443382263183594,1.2392604254158954,2.3765071750722955,0.8227615356445312
2009-04-30,44.540000915527344,44.790000915527344,43.7400016784668,43.93000030517578,35.43531799316406,1.562611082187927,-0.022752540825954348,-0.00806427001953125
2009-05-01,43.93000030517578,44.34000015258789,43.59000015258789,44.18000030517578,35.6369743347168,1.1905222050399953,0.5690829177591672,0.20165634155273438
2009-05-04,44.56999969482422,45.68999862670898,44.459999084472656,45.68999862670898,36.8549919128418,1.38818635178305,3.4178478977617166,1.218017578125
2009-05-05,45.540000915527344,45.720001220703125,45.150001525878906,45.52999877929688,36.72593307495117,1.18445413521836,-0.3501800738305305,-0.129058837890625
2009-05-06,46.06999969482422,46.27999877929688,45.45000076293945,46.2400016784668,37.29863739013672,1.936701131298313,1.559400312625847,0.5727043151855469
2009-05-07,46.68999862670898,46.7400016784668,45.209999084472656,45.52000045776367,36.71786880493164,1.82347353058397,-1.5570772174070324,-0.5807685852050781
2009-05-08,46.08000183105469,46.70000076293945,45.77000045776367,46.54999923706055,37.5486946105957,1.344354230411876,2.2627288366814824,0.8308258056640625
2009-05-11,45.9900016784668,46.18000030517578,45.61000061035156,45.75,36.90338516235352,1.3801816639332332,-1.7185935621316761,-0.6453094482421804
2009-05-12,46.040000915527344,46.11000061035156,44.97999954223633,45.630001068115234,36.80658721923828,1.2979399516697936,-0.2623009859106018,-0.09679794311524148
2009-05-13,44.93000030517578,45.0,44.20000076293945,44.33000183105469,35.75798034667969,1.52749374194357,-2.8489652309043767,-1.0486068725585938
2009-05-14,44.310001373291016,45.04999923706055,44.130001068115234,44.77999877929688,36.12096786499024,0.6951998673654497,1.0151230992112126,0.362987518310554
2009-05-15,44.66999816894531,45.0,44.04999923706055,44.310001373291016,35.74184036254883,0.6026295256183758,-1.0496050489524067,-0.37912750244141336
2009-05-18,44.75,45.68999862670898,44.68000030517578,45.66999816894531,36.83885955810547,0.5029582511013032,3.0692857010970354,1.0970191955566406
2009-05-19,45.65999984741211,46.08000183105469,45.459999084472656,45.68000030517578,36.84692001342773,0.32098071038651843,0.021880306336696798,0.00806045532225852
2009-05-20,46.11000061035156,46.540000915527344,45.310001373291016,45.41999816894531,36.63718795776367,0.453316275645585,-0.5691983362181241,-0.2097320556640554
2009-05-21,44.86000061035156,45.0099983215332,44.209999084472656,44.59999847412109,35.975765228271484,0.6525297168111849,-1.8053315943753478,-0.6614227294921875
2009-05-22,44.7599983215332,45.06999969482422,44.43000030517578,44.630001068115234,35.999969482421875,-0.12508697543794514,0.06727933095185268,0.024204254150390625
2009-05-26,44.27000045776367,45.88999938964844,44.25,45.83000183105469,36.967918395996094,0.3047776728840669,2.688749261431589,0.9679489135742188
2009-05-27,45.810001373291016,46.04999923706055,44.959999084472656,45.060001373291016,36.346805572509766,0.662019145149274,-1.6801401064377997,-0.6211128234863281
2009-05-28,45.34000015258789,45.7599983215332,44.66999816894531,45.619998931884766,36.79851913452149,0.6962327303138132,1.2427875157022594,0.45171356201172586
2009-05-29,45.880001068115234,46.36000061035156,45.5,46.33000183105469,37.37123489379883,0.5655110134115644,1.5563554532825208,0.5727157592773366
2009-06-01,46.959999084472656,47.810001373291016,46.880001068115234,47.47999954223633,38.298858642578125,0.5157399300873009,2.4821865036448676,0.9276237487792969
2009-06-02,47.400001525878906,47.91999816894531,47.29999923706055,47.66999816894531,38.452110290527344,1.1861970914437232,0.4001467755982757,0.15325164794921875
2009-06-03,47.29999923706055,47.369998931884766,46.61000061035156,47.09000015258789,37.98427581787109,0.2523598782546219,-1.2166678736784675,-0.4678344726562571
2009-06-04,47.25,47.59999847412109,46.88999938964844,47.560001373291016,38.36338424682617,0.27327535295898175,0.9980667547088595,0.37910842895508523
2009-06-05,48.04999923706055,48.130001068115234,47.20000076293945,47.470001220703125,38.290802001953125,0.6535625797595482,-0.189196668380609,-0.07258224487304688
2009-06-08,47.25,47.77999877929688,46.7599983215332,47.34000015258789,38.18593215942383,0.19703715658290483,-0.27387737275377244,-0.10486984252929688
2009-06-09,47.59000015258789,47.84999847412109,47.290000915527344,47.59000015258789,38.38759613037109,0.08510063455401627,0.5281106406027414,0.20166397094725852
2009-06-10,48.06999969482422,48.09999847412109,46.880001068115234,47.470001220703125,38.290802001953125,0.6543372269708209,-0.2521494914378919,-0.09679412841796164
2009-06-11,47.61000061035156,48.310001373291016,47.54999923706055,47.75,38.516632080078125,0.3688151756826006,0.58977630741055,0.225830078125
2009-06-12,47.52000045776367,47.79999923706055,47.2400016784668,47.790000915527344,38.54892349243164,-0.22101412176720026,0.08383758031174082,0.032291412353515625
2009-06-15,47.27999877929688,47.27999877929688,46.459999084472656,46.68000030517578,37.65355682373047,0.6511095302571851,-2.322676193219664,-0.8953666687011719
2009-06-16,46.880001068115234,46.91999816894531,45.970001220703125,46.02999877929688,37.12924957275391,0.033522041070116644,-1.3924507940405784,-0.5243072509765554
2009-06-17,46.0099983215332,46.36000061035156,45.58000183105469,45.970001220703125,37.080841064453125,-0.10804473678994828,-0.1303783643833989,-0.048408508300788355
2009-06-18,46.08000183105469,46.4900016784668,45.790000915527344,46.220001220703125,37.282508850097656,0.3100065415601568,0.5438597935089939,0.20166778564453125
2009-06-19,46.720001220703125,46.79999923706055,46.20000076293945,46.38999938964844,37.41963195800781,-0.23140730518510746,0.3677947438073259,0.13712310791015625
2009-06-22,46.0,46.02000045776367,45.040000915527344,45.04999923706055,36.33874130249024,0.5660919988200189,-2.888565704575996,-1.080890655517571
2009-06-23,45.13999938964844,45.27999877929688,44.7400016784668,45.04999923706055,36.33874130249024,0.2509396917006222,0.0,0.0
2009-06-24,45.29999923706055,45.650001525878906,44.93999862670898,45.18000030517578,36.62489318847656,0.8496774320800577,0.7874567905485241,0.286151885986321
2009-06-25,44.97999954223633,46.22999954223633,44.90999984741211,46.22999954223633,37.47608184814453,0.0567614574082942,2.324071377594583,0.8511886596679688
2009-06-26,46.04999923706055,46.34999847412109,45.86000061035156,46.13999938964844,37.40312194824219,-0.36916540092308214,-0.19468390585222206,-0.07295989990234375
2009-06-29,46.36000061035156,46.650001525878906,46.02000045776367,46.58000183105469,37.75980758666992,-0.05259290724968573,0.9536253121365412,0.3566856384277344
2009-06-30,46.61000061035156,46.75,45.900001525878906,46.27000045776367,37.50849533081055,0.7219251961543539,-0.6655549165141772,-0.251312255859375
2009-07-01,46.5,46.90999984741211,46.43000030517578,46.540000915527344,37.72737503051758,0.26223663019834736,0.5835470012235833,0.21887969970703125
2009-07-02,45.88999938964844,45.88999938964844,45.18000030517578,45.31999969482422,36.73838424682617,0.03842814007484302,-2.6214142459988654,-0.9889907836914062
2009-07-06,44.77999877929688,45.16999816894531,44.52999877929688,45.150001525878906,36.6005859375,0.07993631981219904,-0.3750799392819637,-0.13779830932617188
2009-07-07,45.06999969482422,45.09999847412109,44.15999984741211,44.220001220703125,35.846702575683594,-0.17201768565420927,-2.0597576309399956,-0.7538833618164062
2009-07-08,44.400001525878906,44.52999877929688,43.59999847412109,44.15999984741211,35.79804611206055,0.9196538968316813,-0.1357348378705603,-0.048656463623046875
2009-07-09,44.43999862670898,44.58000183105469,44.08000183105469,44.25,35.87098693847656,-0.3211372738241819,0.20375644577830254,0.07294082641601562
2009-07-10,44.02999877929688,44.38999938964844,43.790000915527344,44.13999938964844,35.78183364868164,-0.16143084043348394,-0.24853871444304731,-0.08915328979492188
2009-07-13,44.31999969482422,45.209999084472656,43.88999938964844,45.15999984741211,36.60869216918945,0.1366792280379159,2.310833281005653,0.8268585205078125
2009-07-14,45.27000045776367,45.5,45.0,45.47999954223633,36.86811065673828,1.4114903220555002,0.7086253897022887,0.2594184875488281
2009-07-15,46.09999847412109,46.959999084472656,46.02999877929688,46.84000015258789,37.9705696105957,0.18664397316499762,2.9902778694625765,1.1024589538574219
2009-07-16,46.709999084472656,47.5,46.650001525878906,47.29999923706055,38.34347534179688,0.006151172938485307,0.9820914856571328,0.372905731201179
2009-07-17,47.290000915527344,47.41999816894531,47.0099983215332,47.31999969482422,38.35968399047852,0.005311971792940007,0.04227224720021461,0.016208648681640625
2009-07-20,47.619998931884766,47.91999816894531,47.36000061035156,47.84999847412109,38.7893180847168,0.13119214362473508,1.1200146861087612,0.42963409423827414
2009-07-21,48.220001220703125,48.2599983215332,47.45000076293945,48.060001373291016,38.95954895019531,0.4588033600587659,0.4388601653339874,0.17023086547851562
2009-07-22,47.7400016784668,48.34999847412109,47.709999084472656,48.09000015258789,38.98387908935547,0.45673763416203894,0.06244974548155202,0.02433013916015625
2009-07-23,48.09999847412109,49.400001525878906,48.08000183105469,49.22999954223633,39.90800476074219,0.14164988097691497,2.3705328791640223,0.9241256713867188
2009-07-24,48.90999984741211,49.459999084472656,48.72999954223633,49.38999938964844,40.0377197265625,-0.07325016621695467,0.32503495626499124,0.1297149658203125
2009-07-27,49.34999847412109,49.61000061035156,49.060001373291016,49.59999847412109,40.20795440673828,-0.08622550700577046,0.4251857531807568,0.17023468017578125
2009-07-28,49.2599983215332,49.59999847412109,48.93999862670898,49.47999954223633,40.110687255859375,-0.15639563356021213,-0.2419102197912526,-0.09726715087890625
2009-07-29,49.11000061035156,49.369998931884766,48.900001525878906,49.2400016784668,39.91612243652344,-0.43810900272634223,-0.48506977228996995,-0.1945648193359375
2009-07-30,49.81999969482422,50.31999969482422,49.70000076293945,49.77000045776367,40.34575271606445,0.19419678347490535,1.0763327029679193,0.4296302795410156
2009-07-31,49.77999877929688,50.150001525878906,49.630001068115234,49.84999847412109,40.41061401367188,-0.4070585603411661,0.16076363245443037,0.06486129760742898
2009-08-03,50.27999877929688,50.72999954223633,50.06999969482422,50.68999862670898,41.091552734375,0.6562738449990023,1.6850491815658675,0.6809387207031179
2009-08-04,50.45000076293945,50.95000076293945,50.369998931884766,50.880001068115234,41.24557876586914,-0.1968709503492047,0.3748362406497563,0.15402603149414062
2009-08-05,50.95000076293945,50.959999084472656,50.290000915527344,50.7599983215332,41.14830017089844,-0.017217351268237677,-0.2358521758729748,-0.09727859497070312
2009-08-06,51.0,51.02999877929688,50.20000076293945,50.40999984741211,40.86457824707031,-0.30338494189918513,-0.6895106788123995,-0.283721923828125
2009-08-07,50.97999954223633,51.52000045776367,50.66999816894531,51.119998931884766,41.44012451171875,-0.18705875233975194,1.4084233566993953,0.5755462646484375
2009-08-10,50.93000030517578,51.150001525878906,50.65999984741211,51.0,41.34284591674805,-0.25471127545755773,-0.23474493891347814,-0.09727859497070312
2009-08-11,50.84000015258789,50.84999847412109,50.22999954223633,50.34000015258789,40.80781555175781,-0.2700105578801913,-1.2941304671372222,-0.5350303649902344
2009-08-12,50.310001373291016,51.31999969482422,50.29999923706055,50.88999938964844,41.2536735534668,-0.06873139081786458,1.0925799278412418,0.4458580017089844
2009-08-13,51.18000030517578,51.36000061035156,50.66999816894531,51.34000015258789,41.61846923828125,-0.06563280197277424,0.8842744255045831,0.3647956848144531
2009-08-14,51.31999969482422,51.36000061035156,50.34999847412109,50.869998931884766,41.23747634887695,0.14352194507082372,-0.915441861215438,-0.3809928894042969
2009-08-17,49.91999816894531,49.95000076293945,49.470001220703125,49.54999923706055,40.16741943359375,0.1827707371086347,-2.594865180958983,-1.0700569152832031
2009-08-18,49.70000076293945,50.20000076293945,49.59999847412109,50.06999969482422,40.58893585205078,0.3121368213911564,1.049398802315138,0.42151641845703125
2009-08-19,49.66999816894531,50.619998931884766,49.58000183105469,50.5,40.937530517578125,-0.40525105018153007,0.8588415986021225,0.34859466552734375
2009-08-20,50.52999877929688,51.09000015258789,50.43000030517578,50.97999954223633,41.32663345336914,-0.49911247061405833,0.9504797452888347,0.3891029357910156
2009-08-21,51.400001525878906,52.06999969482422,51.31999969482422,51.93000030517578,42.09675979614258,-0.07034523917468247,1.8635109575097841,0.7701263427734375
2009-08-24,52.25,52.4900016784668,51.77999877929688,52.0,42.15350341796875,0.16049962978454788,0.13479332400154753,0.056743621826171875
2009-08-25,52.20000076293945,52.58000183105469,51.97999954223633,52.09999847412109,42.23456573486328,0.25229532432034923,0.19230268025594022,0.08106231689453125
2009-08-26,51.97999954223633,52.34999847412109,51.77000045776367,52.060001373291016,42.2021369934082,0.4166496409786827,-0.0767824668984507,-0.032428741455078125
2009-08-27,52.02000045776367,52.34999847412109,51.43000030517578,52.2400016784668,42.3480339050293,0.16876253337145547,0.34570977209964493,0.14589691162109375
2009-08-28,52.59000015258789,52.709999084472656,51.86000061035156,52.20000076293945,42.31562423706055,-0.42280972030370867,-0.07653169457980669,-0.03240966796875
2009-08-31,51.720001220703125,51.77000045776367,51.369998931884766,51.70000076293945,41.91030883789063,-0.3868531789138062,-0.9578386387478433,-0.40531539916991477
2009-09-01,51.41999816894531,52.11000061035156,50.43999862670898,50.560001373291016,40.98616790771485,0.1572719330709121,-2.2050444289264615,-0.9241409301757812
2009-09-02,50.31999969482422,50.619998931884766,50.18999862670898,50.34999847412109,40.8159294128418,-0.189318140039297,-0.41535596900975635,-0.17023849487305398
2009-09-03,50.560001373291016,50.869998931884766,50.209999084472656,50.810001373291016,41.18882369995117,-0.5393295716659601,0.9135998921834032,0.372894287109375
2009-09-04,50.880001068115234,51.54999923706055,50.72999954223633,51.459999084472656,41.71574020385742,-0.552498574257594,1.279270580157088,0.52691650390625
2009-09-08,52.02000045776367,52.09999847412109,51.720001220703125,51.97999954223633,42.13729476928711,-0.2199167048845641,1.0105407775808928,0.4215545654296875
2009-09-09,52.119998931884766,52.65999984741211,51.93999862670898,52.5,42.5588264465332,0.0044727706473947065,1.0003766961170335,0.42153167724609375
2009-09-10,52.54999923706055,53.040000915527344,52.220001220703125,53.040000915527344,42.99657440185547,0.3025828391187945,1.0285714900344134,0.4377479553222656
2009-09-11,53.13999938964844,53.31999969482422,52.79999923706055,53.08000183105469,43.02898788452149,-0.2982206271573679,0.0753861978935344,0.03241348266602273
2009-09-14,52.630001068115234,53.40999984741211,52.59000015258789,53.36000061035156,43.2559814453125,-0.3525104858807216,0.5275363701330749,0.22699356079100852
2009-09-15,53.400001525878906,53.790000915527344,53.11000061035156,53.619998931884766,43.46673583984375,-0.0445236654655963,0.4872260147367191,0.21075439453125
2009-09-16,53.790000915527344,54.5099983215332,53.650001525878906,54.459999084472656,44.14767074584961,0.18812871365327008,1.5665655422454794,0.6809349060058594
2009-09-17,54.47999954223633,54.900001525878906,54.119998931884766,54.36000061035156,44.06661987304688,0.20355710394444906,-0.18359037166268966,-0.08105087280272727
2009-09-18,54.58000183105469,54.650001525878906,54.22999954223633,54.43999862670898,44.1314697265625,-0.10281586811385833,0.14716321265948462,0.0648498535156179
2009-09-21,54.02999877929688,54.43000030517578,53.869998931884766,54.290000915527344,44.0098762512207,-0.32610792676318096,-0.27552555148330216,-0.12159347534179688
2009-09-22,54.63999938964844,54.77999877929688,54.380001068115234,54.61000061035156,44.26927947998047,0.05876262937074838,0.5894204911620626,0.2594032287597656
2009-09-23,54.79999923706055,55.06999969482422,54.0099983215332,54.04999923706055,43.81532287597656,0.08077552095774433,-1.0254438503097707,-0.45395660400390625
2009-09-24,53.95000076293945,54.11000061035156,52.97999954223633,53.22999954223633,43.3494873046875,0.009895301126302802,-1.0631795926910215,-0.4658355712890625
2009-09-25,53.18999862670898,53.33000183105469,52.709999084472656,52.88999938964844,43.07261276245117,-0.23592608058419753,-0.6387031530275755,-0.2768745422363281
2009-09-28,53.09000015258789,54.0,53.08000183105469,53.880001068115234,43.87884521484375,-0.11514566955994697,1.871798343970954,0.8062324523925781
2009-09-29,54.040000915527344,54.27000045776367,53.63999938964844,53.790000915527344,43.80554962158203,0.0005349806567590652,-0.16704084372056727,-0.07329559326171875
2009-09-30,53.959999084472656,53.9900016784668,53.0,53.59000015258789,43.64266204833984,-0.1733733182739363,-0.37184232283195007,-0.1628875732421946
2009-10-01,53.400001525878906,53.43000030517578,52.119998931884766,52.16999816894531,42.48625564575195,-0.19467611658393238,-2.6497155496770897,-1.1564064025878835
2009-10-02,51.59999847412109,52.18000030517578,51.56999969482422,51.86000061035156,42.23378753662109,0.12183182315519135,-0.5942347832106676,-0.2524681091308665
2009-10-05,52.119998931884766,52.81999969482422,51.959999084472656,52.65999984741211,42.88530349731445,-0.3609024973361746,1.5426415642415092,0.6515159606933665
2009-10-06,53.13999938964844,53.7599983215332,53.060001373291016,53.43999862670898,43.52051544189453,0.12137994561528234,1.4811879426709806,0.6352119445800781
2009-10-07,53.36000061035156,53.650001525878906,53.220001220703125,53.560001373291016,43.61824035644531,-0.3215891513640909,0.2245490742894818,0.09772491455078125
2009-10-08,54.0,54.31999969482422,53.7400016784668,54.02999877929688,44.00100326538086,0.3888268953071423,0.8775294597114236,0.3827629089355469
2009-10-09,54.08000183105469,54.400001525878906,53.91999816894531,54.400001525878906,44.30231475830078,-0.14251653769157832,0.6847832334700099,0.3013114929199219
2009-10-12,54.630001068115234,54.84000015258789,54.380001068115234,54.59999847412109,44.46519088745117,-0.5714774309337723,0.36764699551026236,0.16287612915039062
2009-10-13,54.47999954223633,54.560001373291016,54.08000183105469,54.45000076293945,44.34303665161133,-0.5952978326804043,-0.27471879328941906,-0.12215423583984375
2009-10-14,55.11000061035156,55.47999954223633,54.869998931884766,55.41999816894531,45.13298797607422,-0.27827346146709886,1.7814551823982727,0.7899513244628906
2009-10-15,55.119998931884766,55.61000061035156,55.08000183105469,55.61000061035156,45.2877082824707,-0.41306207622852864,0.34280980128882366,0.15472030639648438
2009-10-16,55.09999847412109,55.36000061035156,54.79999923706055,55.20000076293945,44.95382690429688,0.26333404708098357,-0.7372450292501442,-0.333881378173821
2009-10-19,55.25,55.810001373291016,55.04999923706055,55.650001525878906,45.32029342651367,-0.42887779012534394,0.8152065073279813,0.36646652221678977
2009-10-20,55.7400016784668,55.7599983215332,55.02000045776367,55.310001373291016,45.04340744018555,-0.29964081371136764,-0.6109536487822864,-0.276885986328125
2009-10-21,55.150001525878906,55.84999847412109,54.709999084472656,54.77000045776367,44.603641510009766,0.30380936386997615,-0.9763158587852372,-0.43976593017578125
2009-10-22,54.7599983215332,55.4900016784668,54.36000061035156,55.36000061035156,45.08413314819336,-0.29918893617145864,1.077247556291483,0.48049163818359375
2009-10-23,55.54999923706055,55.54999923706055,54.43999862670898,54.650001525878906,44.50590515136719,-0.22966434895974414,-1.2825532098521553,-0.5782279968261719
2009-10-26,54.720001220703125,55.27999877929688,53.869998931884766,54.02999877929688,44.00100326538086,0.2613328751185294,-1.1344604368097366,-0.5049018859863281
2009-10-27,54.11000061035156,55.0,53.59999847412109,53.7400016784668,43.76483154296875,0.2571368693908029,-0.5367416760652,-0.23617172241210938
2009-10-28,53.5099983215332,53.70000076293945,52.47999954223633,52.56999969482422,42.812007904052734,0.3802412220488712,-2.177144536659592,-0.9528236389160156
2009-10-29,52.95000076293945,53.77000045776367,52.869998931884766,53.630001068115234,43.67524337768555,0.7889967338637053,2.0163396109975418,0.8632354736328125
2009-10-30,53.45000076293945,53.630001068115234,52.060001373291016,52.18000030517578,42.49439239501953,1.050827491273839,-2.703707847611747,-1.1808509826660156
2009-11-02,52.470001220703125,53.02999877929688,51.79999923706055,52.470001220703125,42.73056411743164,0.626191711627917,0.5557715008999375,0.23617172241210938
2009-11-03,52.150001525878906,52.77999877929688,52.04999923706055,52.709999084472656,42.92601776123047,-0.08441799684613444,0.45740946284182904,0.19545364379882812
2009-11-04,53.22999954223633,53.54999923706055,52.70000076293945,52.79999923706055,42.99931335449219,0.08200204570892593,0.17074864402613077,0.07329559326171875
2009-11-05,53.209999084472656,53.84000015258789,53.09999847412109,53.810001373291016,43.82183837890625,0.1463623181788232,1.9128794398018734,0.8225250244140625
2009-11-06,53.560001373291016,54.13999938964844,53.43000030517578,53.95000076293945,43.93583297729492,0.12480130413173625,0.2601319401596358,0.11399459838867188
2009-11-09,54.43999862670898,55.15999984741211,54.380001068115234,55.15999984741211,44.92124176025391,0.04978963250684093,2.2428362368097865,0.9854087829589915
2009-11-10,55.02999877929688,55.34999847412109,54.84999847412109,55.18000030517578,44.93754577636719,0.05417930003738558,0.03629466923529279,0.016304016113274145
2009-11-11,55.5,55.810001373291016,55.18000030517578,55.459999084472656,45.16555404663086,0.13809941459191563,0.5073892361598054,0.22800827026367188
2009-11-12,55.38999938964844,55.66999816894531,54.68000030517578,54.84000015258789,44.6606559753418,0.009378869652121079,-1.1178830459331546,-0.5048980712890625
2009-11-13,55.0,55.36000061035156,54.66999816894531,55.15999984741211,44.92124176025391,0.022935195849391316,0.5834795285048822,0.2605857849121165
2009-11-16,55.56999969482422,56.220001220703125,55.5099983215332,55.9900016784668,45.5971794128418,0.4728761177302178,1.504717203044792,0.6759376525878835
2009-11-17,55.869998931884766,56.09999847412109,55.650001525878906,56.04999923706055,45.64605331420898,-0.056272481503230505,0.10718623826415641,0.048873901367180395
2009-11-18,56.04999923706055,56.119998931884766,55.70000076293945,56.0099983215332,45.61346435546875,-0.1440658321141235,-0.0713949101270539,-0.03258895874022727
2009-11-19,55.56999969482422,55.619998931884766,54.84999847412109,55.209999084472656,44.96196746826172,0.09394452354937828,-1.4282995085176498,-0.6514968872070312
2009-11-20,54.93999862670898,55.150001525878906,54.75,55.040000915527344,44.82352066040039,-0.4158378954022554,-0.30791981680752256,-0.13844680786132812
2009-11-23,55.68000030517578,56.119998931884766,55.540000915527344,55.68999862670898,45.35286331176758,-4.600475169537356e-05,1.1809484029103423,0.5293426513671875
2009-11-24,55.810001373291016,55.810001373291016,55.27000045776367,55.72999954223633,45.385440826416016,0.4515733194202217,0.07183121917682112,0.0325775146484375
2009-11-25,55.84000015258789,55.9900016784668,55.65999984741211,55.95000076293945,45.56461334228516,-0.22295073979538174,0.3947797192373148,0.17917251586914773
2009-11-27,54.40999984741211,55.41999816894531,54.29999923706055,55.0099983215332,44.799095153808594,-0.5733494950276811,-1.6800717318194547,-0.7655181884765696
2009-11-30,55.0,55.2599983215332,54.63999938964844,55.150001525878906,44.91310501098633,0.6409745625763688,0.2544914284235089,0.11400985717773438
2009-12-01,55.68000030517578,56.02999877929688,55.56999969482422,55.83000183105469,45.46687698364258,0.13235411444164397,1.2329852779512596,0.55377197265625
2009-12-02,55.88999938964844,56.33000183105469,55.75,55.9900016784668,45.5971794128418,-0.29667133273482277,0.2865875948464547,0.13030242919921875
2009-12-03,56.11000061035156,56.43000030517578,55.43000030517578,55.4900016784668,45.18999862670898,-0.26045657560782937,-0.8929955566903791,-0.4071807861328196
2009-12-04,56.29999923706055,56.54999923706055,55.33000183105469,55.900001525878906,45.52389526367188,0.4754582751011264,0.7388728637083064,0.33389663696290484
2009-12-07,55.880001068115234,56.150001525878906,55.65999984741211,55.83000183105469,45.46687698364258,-0.3356619090355429,-0.1252491240019249,-0.05701828002930398
2009-12-08,55.43000030517578,55.58000183105469,55.040000915527344,55.25,44.994537353515625,-0.27930632441546227,-1.0388653487172328,-0.4723396301269531
2009-12-09,55.22999954223633,55.5099983215332,54.93999862670898,55.43000030517578,45.14112091064453,-0.20642493262156658,0.3257807852922623,0.14658355712890625
2009-12-10,55.75,55.970001220703125,55.61000061035156,55.709999084472656,45.36915969848633,-0.5246112746517809,0.5051686427840263,0.22803878784179688
2009-12-11,55.88999938964844,56.060001373291016,55.66999816894531,55.9900016784668,45.5971794128418,-0.2980915192888225,0.5025874754366999,0.22801971435546875
2009-12-14,56.369998931884766,56.45000076293945,56.08000183105469,56.40999984741211,45.9392204284668,-0.3031267261620943,0.7501363462159016,0.342041015625
2009-12-15,56.27000045776367,56.459999084472656,56.04999923706055,56.16999816894531,45.743778228759766,-0.07228185720286394,-0.42543647428967546,-0.19544219970703125
2009-12-16,56.45000076293945,56.59999847412109,56.18999862670898,56.310001373291016,45.8577766418457,0.09891517648837737,0.24921075062021014,0.1139984130859375
2009-12-17,55.900001525878906,56.02000045776367,55.56999969482422,55.68000030517578,45.34473037719727,0.05966638445056639,-1.118777014976935,-0.5130462646484304
2009-12-18,55.95000076293945,56.02999877929688,55.5,56.02000045776367,45.62162399291992,0.23228360469580744,0.6106412220765911,0.27689361572264914
2009-12-21,56.27999877929688,56.75,56.27999877929688,56.56999969482422,46.06951522827149,0.9279813543528616,0.9817520643742972,0.4478912353515696
2009-12-22,56.380001068115234,56.59000015258789,56.29999923706055,56.5,46.30556106567383,1.1800644676878154,0.5123688326928333,0.23604583740233664
2009-12-23,56.650001525878906,56.7400016784668,56.38999938964844,56.68999862670898,46.461273193359375,-0.2944119450352777,0.33627090159797923,0.15571212768554688
2009-12-24,56.790000915527344,57.0,56.77999877929688,56.97999954223633,46.698951721191406,-0.7397049836484687,0.5115626660571193,0.23767852783203125
2009-12-28,57.220001220703125,57.220001220703125,56.84999847412109,57.04999923706055,46.75631713867188,-0.007017829653148639,0.1228409104833128,0.057365417480475855
2009-12-29,57.25,57.25,56.95000076293945,56.95000076293945,46.67436981201172,-0.14606700407657766,-0.1752647164598553,-0.08194732666016336
2009-12-30,56.77999877929688,57.0,56.75,56.93000030517578,46.65797424316406,-0.10391328499649449,-0.03512756340083856,-0.01639556884765625
2009-12-31,57.02000045776367,57.04999923706055,56.369998931884766,56.369998931884766,46.19902420043945,-0.2784025693356443,-0.9836475975847803,-0.4589500427246094
2010-01-04,56.86000061035156,57.380001068115234,56.84000015258789,57.310001373291016,46.96940612792969,0.3216262497292456,1.6675285697547393,0.7703819274902344
2010-01-05,57.34000015258789,57.540000915527344,57.11000061035156,57.52999877929688,47.14970779418945,-0.10042737254576786,0.38387044061976017,0.18030166625976562
2010-01-06,57.5,57.720001220703125,57.40999984741211,57.61000061035156,47.21527862548828,0.23693148796344293,0.13906943301758012,0.06557083129882812
2010-01-07,57.54999923706055,57.88999938964844,57.290000915527344,57.84999847412109,47.4119758605957,-0.06234055132486576,0.41659657812807005,0.19669723510742188
2010-01-08,57.70000076293945,58.04999923706055,57.560001373291016,58.040000915527344,47.56768798828125,-0.0666656649211377,0.3284236205286728,0.15571212768554688
2010-01-11,58.29999923706055,58.34999847412109,57.84999847412109,58.119998931884766,47.633262634277344,0.08380955586856197,0.13785544088720236,0.06557464599609375
2010-01-12,57.75,57.81999969482422,57.29999923706055,57.52000045776367,47.14152145385742,-0.014957963568692636,-1.0323483070967754,-0.4917411804199219
2010-01-13,57.709999084472656,58.18000030517578,57.36000061035156,58.060001373291016,47.58408737182617,0.046432827924659734,0.9388027885394834,0.44256591796875
2010-01-14,58.02000045776367,58.27999877929688,57.93999862670898,58.15999984741211,47.666046142578125,-0.05562694216050335,0.1722398710970685,0.08195877075195312
2010-01-15,58.09999847412109,58.150001525878906,57.29999923706055,57.5,47.12512969970703,0.6666024744826368,-1.1348045131603923,-0.5409164428710938
2010-01-19,57.54999923706055,58.290000915527344,57.52000045776367,58.2599983215332,47.747989654541016,0.5121894637023016,1.3217150993599436,0.6228599548339844
2010-01-20,57.900001525878906,57.900001525878906,57.209999084472656,57.720001220703125,47.3054313659668,0.6467198627266405,-0.9268626632789156,-0.44255828857421875
2010-01-21,57.720001220703125,57.90999984741211,56.56999969482422,56.65999984741211,46.43668746948242,1.6767424379820879,-1.8364569805178421,-0.868743896484375
2010-01-22,56.400001525878906,56.59999847412109,55.310001373291016,55.40999984741211,45.4122314453125,1.723414932461261,-2.206135019521327,-1.0244560241699219
2010-01-25,55.880001068115234,55.970001220703125,55.459999084472656,55.650001525878906,45.60892868041992,0.6635038856375465,0.43313712814199157,0.19669723510742188
2010-01-26,55.45000076293945,55.9900016784668,55.27000045776367,55.400001525878906,45.40403366088867,-0.03161287861105322,-0.44924321938570877,-0.20489501953125
2010-01-27,55.29999923706055,55.75,54.869998931884766,55.66999816894531,45.62530899047852,0.2095606198318116,0.4873472943890844,0.22127532958985086
2010-01-28,55.88999938964844,55.88999938964844,54.650001525878906,55.0099983215332,45.08440017700195,0.31103940450852025,-1.1855455348027344,-0.5409088134765696
2010-01-29,55.2400016784668,55.650001525878906,54.27999877929688,54.36000061035156,44.55168914794922,0.43156159979567993,-1.1815861516651038,-0.5327110290527344
2010-02-01,54.720001220703125,55.2400016784668,54.70000076293945,55.18999862670898,45.23193740844727,0.24500072974753237,1.5268742297044113,0.680248260498054
2010-02-02,55.34000015258789,56.02999877929688,55.130001068115234,55.900001525878906,45.81382369995117,0.524325603345572,1.2864500723226424,0.5818862915038991
2010-02-03,55.66999816894531,55.91999816894531,55.43000030517578,55.619998931884766,45.5843391418457,-0.2586490654481934,-0.5009067996778249,-0.22948455810546875
2010-02-04,55.16999816894531,55.18000030517578,53.86000061035156,53.88999938964844,44.166500091552734,0.823984966239517,-3.1103643860691976,-1.4178390502929688
2010-02-05,53.880001068115234,54.06999969482422,52.81999969482422,53.97999954223633,44.24024963378906,2.364564607657871,0.16698072539922393,0.07374954223632812
2010-02-08,54.02000045776367,54.29999923706055,53.540000915527344,53.560001373291016,43.89604187011719,-0.1671761405837556,-0.7780420918081399,-0.344207763671875
2010-02-09,54.15999984741211,54.70000076293945,53.75,54.27000045776367,44.47792053222656,0.2828938891656163,1.3255834406005862,0.581878662109375
2010-02-10,54.20000076293945,54.459999084472656,53.70000076293945,54.18999862670898,44.412353515625,-0.2662664296923738,-0.14741475279640426,-0.0655670166015625
2010-02-11,54.06999969482422,54.84000015258789,53.7599983215332,54.77000045776367,44.88771438598633,-0.29111969438736923,1.0703347891574566,0.4753608703613281
2010-02-12,54.220001220703125,54.810001373291016,54.0,54.77000045776367,44.88771438598633,0.28134459474307116,0.0,0.0
2010-02-16,55.2400016784668,55.77000045776367,55.040000915527344,55.68999862670898,45.64170837402344,-0.3658731502751737,1.6797335269814972,0.7539939880371094
2010-02-17,55.9900016784668,56.08000183105469,55.7400016784668,56.0,45.895774841308594,0.11795858709882842,0.556654157647074,0.25406646728515625
2010-02-18,55.93999862670898,56.43999862670898,55.869998931884766,56.31999969482422,46.15804290771485,-0.13935339491221527,0.5714427249852161,0.2622680664062571
2010-02-19,56.150001525878906,56.66999816894531,56.060001373291016,56.52000045776367,46.32196044921875,0.07083421507974616,0.3551223820984495,0.16391754150389914
2010-02-22,56.709999084472656,56.720001220703125,56.31999969482422,56.43000030517578,46.248191833496094,0.8367666452255147,-0.15925192933819998,-0.07376861572265625
2010-02-23,56.310001373291016,56.47999954223633,55.61000061035156,55.75,45.69088363647461,0.2526826479259855,-1.2050378078086177,-0.5573081970214844
2010-02-24,55.93000030517578,56.34000015258789,55.790000915527344,56.25,46.10066986083984,-0.04142507662050596,0.8968664900980361,0.40978622436522727
2010-02-25,55.459999084472656,56.2400016784668,55.290000915527344,56.22999954223633,46.08427810668945,0.7764732706147984,-0.0355564337782166,-0.01639175415038352
2010-02-26,56.220001220703125,56.40999984741211,55.90999984741211,56.22999954223633,46.08427810668945,-0.3102922128663657,0.0,0.0
2010-03-01,56.4900016784668,56.93999862670898,56.470001220703125,56.900001525878906,46.63339614868164,-0.11178886497776577,1.1915517928281938,0.5491180419921875
2010-03-02,57.16999816894531,57.369998931884766,57.0,57.08000183105469,46.780906677246094,0.1521076183290949,0.3163195065059021,0.14751052856445312
2010-03-03,57.27999877929688,57.52000045776367,57.040000915527344,57.150001525878906,46.83827590942383,-0.08738747782267935,0.12263386123219089,0.057369232177734375
2010-03-04,57.27999877929688,57.400001525878906,57.0099983215332,57.29999923706055,46.96122360229492,-0.07531589211368156,0.2624940617132143,0.12294769287109375
2010-03-05,57.7400016784668,58.22999954223633,57.560001373291016,58.209999084472656,47.7070198059082,0.6105696595339198,1.588110671751819,0.7457962036132812
2010-03-08,58.220001220703125,58.34999847412109,58.11000061035156,58.220001220703125,47.715213775634766,0.17708999089263575,0.01717560593785805,0.0081939697265625
2010-03-09,58.04999923706055,58.61000061035156,58.02000045776367,58.34000015258789,47.813568115234375,1.9260497321433148,0.20612784019389263,0.09835433959960938
2010-03-10,58.40999984741211,58.77999877929688,58.34000015258789,58.650001525878906,48.067626953125,0.12673792215991772,0.5313530194574145,0.254058837890625
2010-03-11,58.43999862670898,58.880001068115234,58.27000045776367,58.869998931884766,48.24793243408203,0.4121308655795926,0.37510793102573103,0.18030548095703125
2010-03-12,59.13999938964844,59.150001525878906,58.70000076293945,58.869998931884766,48.24793243408203,-0.33934148328908764,0.0,0.0
2010-03-15,58.810001373291016,58.900001525878906,58.41999816894531,58.84999847412109,48.23153305053711,-0.08286870242358926,-0.033989816179846866,-0.016399383544921875
2010-03-16,58.97999954223633,59.38999938964844,58.86000061035156,59.33000183105469,48.62495040893555,-0.45540945711143,0.8156849544595834,0.3934173583984375
2010-03-17,59.52999877929688,59.93000030517578,59.5099983215332,59.709999084472656,48.936370849609375,0.1740559559818181,0.6404540016077931,0.3114204406738281
2010-03-18,59.7400016784668,59.79999923706055,59.41999816894531,59.63999938964844,48.878997802734375,0.6207691811490088,-0.11724009336800956,-0.057373046875
2010-03-19,59.25,59.83000183105469,59.040000915527344,59.25,48.55937194824219,0.1659867141977287,-0.653912454960992,-0.3196258544921875
2010-03-22,58.90999984741211,59.7400016784668,58.86000061035156,59.66999816894531,48.90357971191406,-0.07111988638595505,0.7088389941261042,0.344207763671875
2010-03-23,59.7599983215332,60.130001068115234,59.52999877929688,60.09000015258789,49.24781036376953,0.3519665988374218,0.7038966347316489,0.34423065185546875
2010-03-24,59.900001525878906,60.04999923706055,59.68000030517578,59.7400016784668,48.96096420288086,-0.11895435168203719,-0.5824546487851578,-0.2868461608886719
2010-03-25,59.93000030517578,60.16999816894531,59.310001373291016,59.400001525878906,48.87539291381836,0.44189022927931443,-0.17477451773195707,-0.0855712890625
2010-03-26,59.4900016784668,59.77999877929688,59.09999847412109,59.38999938964844,48.86716079711914,-0.353091471289176,-0.016843070118610637,-0.00823211669921875
2010-03-29,59.650001525878906,59.84000015258789,59.54999923706055,59.7400016784668,49.1551513671875,0.43988905731686023,0.5893335429574265,0.2879905700683594
2010-03-30,59.84999847412109,60.0,59.52999877929688,59.77000045776367,49.17981719970703,0.11247150268564761,0.05017954748074427,0.02466583251953125
2010-03-31,59.59000015258789,59.880001068115234,59.40999984741211,59.59000015258789,49.03172302246094,-0.26290962511019256,-0.30112795386106894,-0.14809417724609375
2010-04-01,60.0099983215332,60.22999954223633,59.630001068115234,60.02000045776367,49.38553237915039,-0.26704107690364637,0.7215927462458804,0.3538093566894531
2010-04-05,60.2599983215332,60.61000061035156,60.09999847412109,60.59999847412109,49.86277389526367,-0.19041555692193315,0.966358958023017,0.47724151611328125
2010-04-06,60.459999084472656,60.869998931884766,60.36000061035156,60.77000045776367,50.00265502929688,-0.27194717590837275,0.28053219487353953,0.13988113403321023
2010-04-07,60.68999862670898,60.790000915527344,60.13999938964844,60.45000076293945,49.739349365234375,-0.26142488462192015,-0.526583366239719,-0.2633056640625071
2010-04-08,60.18999862670898,60.70000076293945,60.02000045776367,60.59000015258789,49.85454177856445,-0.2694295724717368,0.23159211931829127,0.11519241333007812
2010-04-09,60.7599983215332,61.04999923706055,60.61000061035156,61.0,50.19190979003906,-0.10830295252703914,0.6767046680983935,0.3373680114746094
2010-04-12,61.13999938964844,61.27000045776367,61.0099983215332,61.13999938964844,50.307090759277344,-0.3074518397583662,0.22948114490981553,0.11518096923828125
2010-04-13,61.119998931884766,61.290000915527344,60.75,61.20000076293945,50.3564567565918,-0.3672933368291734,0.09812930258812358,0.049365997314453125
2010-04-14,61.43999862670898,61.95000076293945,61.34999847412109,61.95000076293945,50.97358322143555,-0.4790361970552438,1.2255160600888937,0.61712646484375
2010-04-15,61.900001525878906,62.150001525878906,61.84000015258789,62.02999877929688,51.03940963745117,-0.40847874689516583,0.12913829449592296,0.065826416015625
2010-04-16,61.810001373291016,61.90999984741211,60.709999084472656,61.060001373291016,50.24126434326172,0.215370473916356,-1.5637823788694383,-0.7981452941894531
2010-04-19,60.880001068115234,61.27000045776367,60.52000045776367,61.220001220703125,50.3729133605957,-0.2849870706314612,0.26203364715211563,0.13164901733398438
2010-04-20,61.59999847412109,61.83000183105469,61.38999938964844,61.79999923706055,50.85014724731445,-0.4831030949144249,0.9474017976734084,0.47723388671875
2010-04-21,61.84999847412109,61.97999954223633,61.380001068115234,61.75,50.80900192260742,-0.31126052188045644,-0.08091485852915747,-0.04114532470703125
2010-04-22,61.400001525878906,62.09999847412109,60.95000076293945,62.04999923706055,51.05585861206055,-0.8427330627477225,0.48585227048769664,0.246856689453125
2010-04-23,62.02000045776367,62.4900016784668,61.81999969482422,62.470001220703125,51.40143966674805,-0.23805636041519715,0.67686855942104,0.3455810546875
2010-04-26,62.54999923706055,62.650001525878906,62.18000030517578,62.25,51.22041320800781,-0.03329128090214382,-0.35218168968396135,-0.18102645874023438
2010-04-27,61.95000076293945,62.20000076293945,60.619998931884766,60.75,49.9861946105957,0.517741102049755,-2.4096224925009957,-1.2342185974121094
2010-04-28,61.06999969482422,61.33000183105469,60.619998931884766,61.150001525878906,50.3153190612793,0.07948444227229003,0.6584306992111655,0.32912445068359375
2010-04-29,61.59000015258789,62.06999969482422,61.52000045776367,61.95000076293945,50.97358322143555,-0.2621995318331927,1.3082778216203739,0.65826416015625
2010-04-30,61.9900016784668,62.04999923706055,60.84999847412109,60.88999938964844,50.10137939453125,0.09007128749301536,-1.7110898857459866,-0.8722038269042969
2010-05-03,61.150001525878906,61.81999969482422,61.04999923706055,61.709999084472656,50.77610397338867,-0.44888950974988573,1.346718567455385,0.6747245788574219
2010-05-04,61.02000045776367,61.02000045776367,59.869998931884766,60.209999084472656,49.54186630249024,0.5840379925478337,-2.4307451228343213,-1.2342376708984304
2010-05-05,59.619998931884766,60.27000045776367,59.29999923706055,59.720001220703125,49.13867950439453,0.62935485440728,-0.8138304593411028,-0.40318679809571023
2010-05-06,59.459999084472656,59.81999969482422,29.76000022888184,57.709999084472656,47.48482894897461,2.8405853189848744,-3.365679688791834,-1.6538505554199219
2010-05-07,57.66999816894531,58.09999847412109,55.84000015258789,56.619998931884766,46.58795928955078,2.3648873773292345,-1.8887499002840924,-0.8968696594238281
2010-05-10,59.13999938964844,59.5,58.59000015258789,59.220001220703125,48.72728729248047,1.5025759233143017,4.59201913016507,2.1393280029296875
2010-05-11,58.72999954223633,59.91999816894531,58.619998931884766,59.16999816894531,48.68612289428711,0.2652061111748923,-0.08447915014491159,-0.041164398193359375
2010-05-12,59.40999984741211,60.20000076293945,59.369998931884766,60.119998931884766,49.46781921386719,-0.2316655209221983,1.6055834252347134,0.7816963195800781
2010-05-13,60.02999877929688,60.29999923706055,59.36000061035156,59.400001525878906,48.87539291381836,-0.2992534901057314,-1.1975993877707758,-0.5924263000488281
2010-05-14,58.970001220703125,59.060001373291016,57.77000045776367,58.33000183105469,47.99497604370117,0.15753014880800298,-1.8013499588016013,-0.8804168701171875
2010-05-17,58.43999862670898,58.68999862670898,57.16999816894531,58.369998931884766,48.02788162231445,0.0550830551172036,0.06856046471055421,0.03290557861328125
2010-05-18,58.84000015258789,59.02000045776367,57.33000183105469,57.540000915527344,47.34494018554688,0.7839615269904334,-1.4219686850611923,-0.682941436767571
2010-05-19,57.16999816894531,57.720001220703125,56.400001525878906,57.130001068115234,47.007591247558594,0.353515893259967,-0.7125342996869399,-0.33734893798828836
2010-05-20,55.869998931884766,56.09000015258789,54.81999969482422,54.90999984741211,45.18094253540039,1.9092657092324088,-3.8858589935791943,-1.8266487121582031
2010-05-21,53.9900016784668,55.84999847412109,53.83000183105469,55.709999084472656,45.83919143676758,1.245199387368985,1.456917152295878,0.6582489013671875
2010-05-24,55.38999938964844,55.84999847412109,54.93999862670898,55.0099983215332,45.26321792602539,-0.12192383265858209,-1.256508879605145,-0.5759735107421875
2010-05-25,53.70000076293945,55.060001373291016,53.18999862670898,55.0099983215332,45.26321792602539,2.0284322718998413,0.0,0.0
2010-05-26,55.45000076293945,55.970001220703125,54.59999847412109,54.77999877929688,45.0739631652832,-0.006695059981785062,-0.4181204284933737,-0.1892547607421875
2010-05-27,55.880001068115234,56.70000076293945,55.650001525878906,56.70000076293945,46.65377807617188,0.22479534832017245,3.504938993484119,1.579814910888679
2010-05-28,56.65999984741211,56.65999984741211,55.720001220703125,56.09000015258789,46.15185546875,-0.14090268933476044,-1.0758455758982488,-0.5019226074218821
2010-06-01,55.43000030517578,56.27999877929688,54.869998931884766,54.93000030517578,45.197383880615234,0.09471917076065087,-2.068110975042059,-0.9544715881347656
2010-06-02,55.25,56.380001068115234,54.9900016784668,56.36000061035156,46.37401580810547,0.7804110606054341,2.603318657996234,1.1766319274902344
2010-06-03,56.52999877929688,56.79999923706055,56.04999923706055,56.65999984741211,46.62086868286133,0.12280013216928208,0.532308600957343,0.24685287475585938
2010-06-04,55.54999923706055,55.93000030517578,54.40999984741211,54.66999816894531,44.98345565795898,0.12060529840400976,-3.5121890071179496,-1.6374130249023509
2010-06-07,54.77999877929688,54.97999954223633,53.7599983215332,53.77999877929688,44.25114059448242,0.08193749177465322,-1.6279653325099397,-0.7323150634765554
2010-06-08,53.869998931884766,54.36000061035156,53.2599983215332,54.2400016784668,44.62965774536133,0.9865317727382145,0.855383942184984,0.37851715087890625
2010-06-09,54.59999847412109,55.18000030517578,53.810001373291016,53.9900016784668,44.42394256591797,0.811074179384974,-0.4609382859646516,-0.20571517944335938
2010-06-10,54.93000030517578,55.68999862670898,54.880001068115234,55.650001525878906,45.789817810058594,0.20181414771908576,3.0746376058673475,1.365875244140625
2010-06-11,55.16999816894531,56.02000045776367,55.09999847412109,55.9900016784668,46.069580078125,0.2171134301417193,0.6109704765083102,0.27976226806640625
2010-06-14,56.45000076293945,56.83000183105469,55.93000030517578,56.0,46.07780838012695,0.44214844501640527,0.017860596923169325,0.008228302001953125
2010-06-15,56.34999847412109,57.33000183105469,56.27000045776367,57.2599983215332,47.11455154418945,0.34357458738196883,2.2499836700341946,1.0367431640625
2010-06-16,57.0,57.5,56.84999847412109,57.20000076293945,47.065185546875,0.30251828518452184,-0.10477866327168739,-0.049365997314453125
2010-06-17,57.380001068115234,57.45000076293945,56.7400016784668,57.29999923706055,47.1474723815918,0.1919373957753603,0.1748358872076361,0.08228683471679688
2010-06-18,57.41999816894531,57.54999923706055,57.13999938964844,57.34000015258789,47.18037796020508,1.540146313061022,0.06979287955664049,0.03290557861328125
2010-06-21,58.08000183105469,58.130001068115234,56.84000015258789,57.119998931884766,46.99934768676758,-0.1638193360015744,-0.38369822639020557,-0.1810302734375
2010-06-22,57.16999816894531,57.40999984741211,56.060001373291016,56.13999938964844,46.19300842285156,-0.14826183784184999,-1.7156392665063191,-0.8063392639160156
2010-06-23,56.18999862670898,56.380001068115234,55.540000915527344,55.91999816894531,46.01198196411133,-0.059435624282593566,-0.39189146782369066,-0.18102645874023438
2010-06-24,55.43999862670898,55.47999954223633,54.61000061035156,54.77000045776367,45.28357696533203,0.040429312037297195,-1.5830767719318017,-0.7284049987792969
2010-06-25,54.93000030517578,55.290000915527344,54.43000030517578,55.04999923706055,45.51507186889648,0.19368035200072362,0.511211611533402,0.23149490356444602
2010-06-28,55.09999847412109,55.33000183105469,54.70000076293945,54.869998931884766,45.36626434326172,-0.10843206039558458,-0.3269412076584044,-0.14880752563475852
2010-06-29,54.08000183105469,54.150001525878906,52.790000915527344,53.13999938964844,43.9359016418457,0.9402466018646775,-3.1529214982155995,-1.4303627014160156
2010-06-30,53.02999877929688,53.5,52.41999816894531,52.560001373291016,43.45635986328125,0.41380926787068323,-1.091457693240383,-0.4795417785644531
2010-07-01,52.5,52.720001220703125,51.459999084472656,52.33000183105469,43.26619338989258,1.8882856805937764,-0.4376033197142082,-0.19016647338867188
2010-07-02,52.54999923706055,52.68999862670898,51.7599983215332,52.08000183105469,43.05949783325195,1.2894833862800679,-0.4777299328785234,-0.206695556640625
2010-07-06,52.77999877929688,53.13999938964844,51.790000915527344,52.2400016784668,43.1917839050293,0.45105688794604,0.30721694035917846,0.13228607177734375
2010-07-07,52.369998931884766,53.9900016784668,52.310001373291016,53.93999862670898,44.59733581542969,0.339443135588515,3.254211295117937,1.4055519104003906
2010-07-08,54.41999816894531,54.56999969482422,53.84999847412109,54.470001220703125,45.03553771972656,-0.34812081835017694,0.982574174633255,0.438201904296875
2010-07-09,54.52999877929688,54.93000030517578,54.380001068115234,54.88999938964844,45.382789611816406,-0.515961047459237,0.7710619427948817,0.34725189208984375
2010-07-12,54.86000061035156,55.130001068115234,54.5,54.90999984741211,45.39932632446289,-0.11824425840503731,0.03643829034736257,0.016536712646484375
2010-07-13,55.540000915527344,56.02999877929688,55.400001525878906,55.810001373291016,46.14344024658203,-0.11043323235803874,1.6390417707986549,0.7441139221191406
2010-07-14,55.70000076293945,56.060001373291016,55.43999862670898,55.79999923706055,46.135162353515625,-0.0834496878320437,-0.017939479636042144,-0.00827789306640625
2010-07-15,55.84999847412109,55.9900016784668,55.040000915527344,55.84999847412109,46.17652893066406,-0.1964836267435684,0.08966388116609103,0.0413665771484375
2010-07-16,55.540000915527344,55.54999923706055,54.130001068115234,54.22999954223633,44.83711242675781,-0.10830295252703914,-2.900643541045367,-1.33941650390625
2010-07-19,54.459999084472656,54.66999816894531,53.93999862670898,54.540000915527344,45.09341812133789,-0.3635492086413559,0.5716373796344598,0.2563056945800781
2010-07-20,53.84999847412109,55.209999084472656,53.72999954223633,55.16999816894531,45.614295959472656,-0.4797462903322437,1.1551083502545412,0.5208778381347656
2010-07-21,55.560001373291016,55.560001373291016,54.2400016784668,54.47999954223633,45.04380035400391,0.6926177099945411,-1.2506947514341005,-0.5704956054687429
2010-07-22,55.09999847412109,55.90999984741211,55.09999847412109,55.68999862670898,46.04422378540039,-0.07473490670522712,2.2210013887239644,1.0004234313964773
2010-07-23,55.63999938964844,56.33000183105469,55.43000030517578,56.2599983215332,46.51549911499024,-0.17440618122229973,1.0235275803243793,0.47127532958985086
2010-07-26,56.459999084472656,57.0099983215332,56.25,56.95000076293945,47.08598327636719,0.2914795624238875,1.2264388692608819,0.570484161376946
2010-07-27,57.369998931884766,57.380001068115234,56.68999862670898,56.880001068115234,47.028114318847656,0.21298197834826552,-0.12290060330666375,-0.05786895751953125
2010-07-28,56.790000915527344,56.959999084472656,56.27999877929688,56.47999954223633,46.697391510009766,-0.1722113474570274,-0.7032448858051432,-0.3307228088378906
2010-07-29,56.880001068115234,56.970001220703125,55.68000030517578,56.18999862670898,46.457618713378906,-0.41648343474498256,-0.5134607927285706,-0.23977279663085938
2010-07-30,55.65999984741211,56.4900016784668,55.459999084472656,56.25,46.50722885131836,-0.13767499262112465,0.10678579598648597,0.049610137939453125
2010-08-02,57.15999984741211,57.54999923706055,56.86000061035156,57.459999084472656,47.507659912109375,-0.08409522717477086,2.151130233945686,1.0004310607910156
2010-08-03,57.34999847412109,57.45000076293945,56.90999984741211,57.150001525878906,47.251346588134766,-0.2538075203777397,-0.5395199941415685,-0.2563133239746094
2010-08-04,57.36000061035156,57.619998931884766,57.13999938964844,57.59999847412109,47.6234130859375,-0.14613155801085037,0.7874198825397416,0.3720664978027344
2010-08-05,57.2400016784668,57.5099983215332,57.119998931884766,57.47999954223633,47.524192810058594,-0.47148338674533613,-0.20834347949790777,-0.09922027587890625
2010-08-06,56.90999984741211,57.31999969482422,56.4900016784668,57.27000045776367,47.35056686401367,1.0465669316118398,-0.36534223051164494,-0.17362594604492188
2010-08-09,57.56999969482422,57.650001525878906,57.20000076293945,57.56999969482422,47.59860229492188,0.013187551774211288,0.5238277962342996,0.24803543090821023
2010-08-10,56.9900016784668,57.4900016784668,56.70000076293945,57.209999084472656,47.30095672607422,0.3974771224996862,-0.6253241786459252,-0.29764556884766336
2010-08-11,56.220001220703125,56.2599983215332,55.43000030517578,55.52000045776367,45.90366744995117,0.1253822895401907,-2.954040198837682,-1.3972892761230469
2010-08-12,54.709999084472656,55.380001068115234,54.540000915527344,55.209999084472656,45.64735794067383,0.6757045792150896,-0.5583639031822463,-0.25630950927734375
2010-08-13,54.970001220703125,55.33000183105469,54.93999862670898,55.0,45.47373962402344,0.08129195243192607,-0.38034691268667986,-0.17361831665039062
2010-08-16,54.54999923706055,55.15999984741211,54.40999984741211,54.95000076293945,45.43238067626953,-0.18208809940075288,-0.09095127890483834,-0.04135894775390625
2010-08-17,55.459999084472656,56.119998931884766,55.31999969482422,55.72999954223633,46.077293395996094,0.40128580462177643,1.4195001673408258,0.6449127197265625
2010-08-18,55.63999938964844,56.13999938964844,55.369998931884766,55.86000061035156,46.18478393554688,-0.2688485870632824,0.23328310243180272,0.10749053955078836
2010-08-19,55.52000045776367,55.70000076293945,54.619998931884766,54.880001068115234,45.37452697753906,0.07638585342719968,-1.7543807482970464,-0.8102569580078196
2010-08-20,54.65999984741211,54.7400016784668,54.22999954223633,54.68999862670898,45.217430114746094,-0.4212604258811635,-0.3462225906415095,-0.15709686279296875
2010-08-23,54.959999084472656,55.220001220703125,54.400001525878906,54.400001525878906,44.9776725769043,-0.5884551156474964,-0.5302325612786429,-0.23975753784179688
2010-08-24,53.84000015258789,54.02999877929688,53.2599983215332,53.619998931884766,44.33275604248047,-0.18047425104393497,-1.4338592850066445,-0.6449165344238281
2010-08-25,53.220001220703125,54.02999877929688,52.97999954223633,53.790000915527344,44.47331237792969,0.2765030496726175,0.31704849415301606,0.14055633544921875
2010-08-26,54.08000183105469,54.22999954223633,53.34000015258789,53.459999084472656,44.20047378540039,-0.14981113226439516,-0.6134883550178216,-0.2728385925292969
2010-08-27,53.83000183105469,54.41999816894531,53.02000045776367,54.380001068115234,44.96112060546875,-0.3312076875707255,1.7209019608283027,0.7606468200683594
2010-08-30,54.27999877929688,54.41999816894531,53.58000183105469,53.59000015258789,44.30794143676758,0.039719218760297326,-1.4527644327034905,-0.6531791687011719
2010-08-31,53.34000015258789,53.900001525878906,53.130001068115234,53.59999847412109,44.31622695922852,0.02629200043157252,0.018699858743764786,0.008285522460944605
2010-09-01,54.25,55.25,54.25,55.16999816894531,45.614295959472656,0.6986212258819037,2.9291054074580325,1.2980690002441335
2010-09-02,55.290000915527344,55.77999877929688,55.209999084472656,55.75,46.09382247924805,-0.22817960847147167,1.051263665674984,0.4795265197753906
2010-09-03,56.31999969482422,56.58000183105469,56.040000915527344,56.4900016784668,46.70566177368164,0.13145035936182595,1.327378076984287,0.6118392944335938
2010-09-07,56.27999877929688,56.310001373291016,55.790000915527344,55.880001068115234,46.201316833496094,0.003956339173212983,-1.0798368356911725,-0.5043449401855469
2010-09-08,55.95000076293945,56.400001525878906,55.900001525878906,56.16999816894531,46.44107818603516,-0.3860139777682609,0.5189491749837849,0.2397613525390696
2010-09-09,56.77999877929688,56.900001525878906,56.27999877929688,56.45000076293945,46.6725959777832,-0.206554040490112,0.49851941598042515,0.23151779174803977
2010-09-10,56.56999969482422,56.77999877929688,56.41999816894531,56.68999862670898,46.87101364135742,-0.6755383729813895,0.42512669247853907,0.19841766357421875
2010-09-13,57.27999877929688,57.4900016784668,57.119998931884766,57.40999984741211,47.46631622314453,-0.3781383977869896,1.2700868522754316,0.5953025817871094
2010-09-14,57.29999923706055,57.720001220703125,57.09000015258789,57.400001525878906,47.458045959472656,-0.3165539444908191,-0.01742343693367232,-0.008270263671875
2010-09-15,57.18999862670898,57.66999816894531,57.02999877929688,57.59000015258789,47.61515426635742,-0.1546526773348488,0.33104672497248355,0.15710830688476562
2010-09-16,57.41999816894531,57.619998931884766,57.25,57.56999969482422,47.59860229492188,-0.47884253525242565,-0.03476198216842974,-0.01655197143553977
2010-09-17,57.88999938964844,57.900001525878906,57.38999938964844,57.59999847412109,47.6234130859375,-0.1223757101984911,0.05212504111336003,0.024810791015617895
2010-09-20,57.84999847412109,58.650001525878906,57.66999816894531,58.54999923706055,48.40885162353516,-0.2994471519085495,1.649269732474501,0.7854385375976634
2010-09-21,58.56999969482422,58.86000061035156,58.220001220703125,58.40999984741211,48.29312133789063,0.7940964946712498,-0.23906843844291314,-0.11573028564453125
2010-09-22,58.27000045776367,58.63999938964844,57.90999984741211,58.09999847412109,48.03680419921875,1.4996064423377569,-0.5307528931056571,-0.2563171386718821
2010-09-23,57.61000061035156,58.2400016784668,57.470001220703125,57.59999847412109,47.6234130859375,1.2888378469373407,-0.860571639126595,-0.41339111328125
2010-09-24,57.97999954223633,58.54999923706055,57.91999816894531,58.52000045776367,48.63483047485352,0.40309331478141247,2.1237818194401514,1.0114173889160227
2010-09-27,58.61000061035156,58.65999984741211,58.2400016784668,58.27000045776367,48.42705535888672,0.09672034272310505,-0.42721464008028676,-0.20777511596680398
2010-09-28,58.34000015258789,58.720001220703125,57.7400016784668,58.59999847412109,48.70132064819336,0.8900881949347776,0.5663472355981414,0.2742652893066406
2010-09-29,58.470001220703125,58.720001220703125,58.27000045776367,58.5,48.61821746826172,0.057536104619566784,-0.17063845256263255,-0.08310317993164062
2010-09-30,58.869998931884766,59.20000076293945,58.09999847412109,58.369998931884766,48.51017761230469,0.5703525584820182,-0.2222209319532542,-0.10803985595703125
2010-10-01,58.84999847412109,58.880001068115234,58.27000045776367,58.630001068115234,48.72624588012695,0.9568369629727653,0.4454081152806655,0.21606826782226562
2010-10-04,58.5099983215332,58.75,57.84999847412109,58.11000061035156,48.29408264160156,1.6471121821509116,-0.8869208590141953,-0.4321632385253906
2010-10-05,58.650001525878906,59.459999084472656,58.58000183105469,59.31999969482422,49.29969787597656,0.17424961778463627,2.0822742236100478,1.005615234375
2010-10-06,59.29999923706055,59.459999084472656,59.02000045776367,59.2599983215332,49.24982833862305,-0.2847288548943704,-0.10115586809268384,-0.049869537353515625
2010-10-07,59.47999954223633,59.5099983215332,58.84000015258789,59.18000030517578,49.18334579467773,-0.38465834514853386,-0.13499040745524882,-0.0664825439453196
2010-10-08,59.2599983215332,59.7400016784668,59.060001373291016,59.58000183105469,49.515769958496094,-0.39259847906407785,0.6758876575947426,0.3324241638183665
2010-10-11,59.7599983215332,59.81999969482422,59.4900016784668,59.66999816894531,49.5905647277832,-0.4603155561161563,0.15105242097579463,0.07479476928710938
2010-10-12,59.540000915527344,60.02999877929688,59.119998931884766,59.880001068115234,49.76510238647461,-0.1609144089593022,0.35195739280142746,0.17453765869140625
2010-10-13,60.16999816894531,60.68000030517578,60.060001373291016,60.34999847412109,50.15570831298828,-0.09119615994476955,0.7848992723459736,0.3906059265136719
2010-10-14,60.34000015258789,60.41999816894531,59.77999877929688,60.18999862670898,50.02273941040039,-0.08913043404804266,-0.26511220170218897,-0.13296890258789062
2010-10-15,60.5,60.63999938964844,59.790000915527344,60.2400016784668,50.06429290771485,0.11692572415046497,0.08306921572915904,0.04155349731446023
2010-10-18,60.290000915527344,60.709999084472656,60.16999816894531,60.56999969482422,50.33855056762695,0.6833219434592701,0.5478109126951125,0.27425765991210227
2010-10-19,59.95000076293945,60.31999969482422,59.34000015258789,59.68999862670898,49.60719680786133,0.839413356530696,-1.4528701194586269,-0.731353759765625
2010-10-20,59.77000045776367,60.58000183105469,59.77000045776367,60.290000915527344,50.105838775634766,-0.0566598051088668,1.0051806992940504,0.4986419677734375
2010-10-21,60.61000061035156,60.900001525878906,59.900001525878906,60.38999938964844,50.1889533996582,0.41309917459368334,0.16587812130162138,0.0831146240234375
2010-10-22,60.52999877929688,60.59999847412109,60.33000183105469,60.56999969482422,50.33855056762695,-0.6203447591782179,0.29806791701252333,0.14959716796875
2010-10-25,60.93000030517578,61.29999923706055,60.709999084472656,60.77000045776367,50.50475692749024,0.07270627917365491,0.33017708692266723,0.16620635986328836
2010-10-26,60.43000030517578,60.86000061035156,60.29999923706055,60.7599983215332,50.49645233154297,-0.547269705581504,-0.01644319555719198,-0.00830459594727273
2010-10-27,60.369998931884766,60.68000030517578,60.060001373291016,60.63999938964844,50.3967170715332,0.3070370605836119,-0.19750943958386502,-0.09973526000976562
2010-10-28,60.95000076293945,61.02000045776367,60.33000183105469,60.63999938964844,50.3967170715332,0.09271799879819669,0.0,0.0
2010-10-29,60.59000015258789,60.79999923706055,60.470001220703125,60.720001220703125,50.46320724487305,-0.05653069724032137,0.13193354091987075,0.06649017333984375
2010-11-01,61.040000915527344,61.34000015258789,60.369998931884766,60.72999954223633,50.47151565551758,-0.43204093290470696,0.016464293686713205,0.00830841064453125
2010-11-02,61.209999084472656,61.34000015258789,60.959999084472656,61.209999084472656,50.87043380737305,-0.48368408032287935,0.7903827469303737,0.39891815185546875
2010-11-03,61.34999847412109,61.47999954223633,60.709999084472656,61.459999084472656,51.07820892333984,-0.19913033804874974,0.4084398351182905,0.20777511596678977
2010-11-04,62.18999862670898,62.68000030517578,62.11000061035156,62.65999984741211,52.07551193237305,-0.04949431840459539,1.9525019182446313,0.9973030090332102
2010-11-05,62.7400016784668,63.02999877929688,62.63999938964844,62.93999862670898,52.308204650878906,-0.08351424176631642,0.4468371214632283,0.23269271850585938
2010-11-08,62.75,62.90999984741211,62.52999877929688,62.86000061035156,52.24172592163086,-0.48258666344024315,-0.12709044344333398,-0.06647872924804688
2010-11-09,63.0,63.09999847412109,62.09999847412109,62.369998931884766,51.8344841003418,-0.4851042668768791,-0.7795336277748088,-0.4072418212890625
2010-11-10,62.31999969482422,62.650001525878906,61.88999938964844,62.63999938964844,52.05890655517578,-0.5526276821261394,0.43295975397295017,0.22442245483398438
2010-11-11,62.130001068115234,62.56999969482422,61.93999862670898,62.470001220703125,51.917598724365234,-0.5198988374498726,-0.2714383381463792,-0.14130783081054688
2010-11-12,62.0,62.29999923706055,61.38999938964844,61.68000030517578,51.26103973388672,-0.34437669016235944,-1.2646174064487092,-0.6565589904785156
2010-11-15,61.869998931884766,62.119998931884766,61.56999969482422,61.59000015258789,51.18624877929688,-0.6122109634598557,-0.14590214123260115,-0.07479095458983664
2010-11-16,61.22999954223633,61.310001373291016,60.31999969482422,60.61000061035156,50.37179183959961,0.23376834518407988,-1.5911635627158804,-0.8144569396972727
2010-11-17,60.61000061035156,60.91999816894531,60.470001220703125,60.709999084472656,50.45489501953125,-0.4208731022755272,0.1649795984948632,0.08310317993164062
2010-11-18,61.290000915527344,61.77999877929688,61.290000915527344,61.560001373291016,51.16131591796875,0.35622715849942105,1.4001037920384984,0.7064208984375
2010-11-19,61.56999969482422,61.84000015258789,61.220001220703125,61.810001373291016,51.369083404541016,0.9376644444937688,0.40610270248990776,0.20776748657226562
2010-11-22,61.52000045776367,61.81999969482422,61.09000015258789,61.81999969482422,51.37739944458008,0.4380169932229515,0.01618880363032371,0.0083160400390625
2010-11-23,61.13999938964844,61.20000076293945,60.68999862670898,60.93999862670898,50.64604187011719,-0.17569725990775403,-1.4235005710084514,-0.7313575744628906
2010-11-24,61.34999847412109,61.91999816894531,61.34999847412109,61.91999816894531,51.46050262451172,-0.5349399041354154,1.608142955145908,0.8144607543945312
2010-11-26,61.41999816894531,61.72999954223633,61.33000183105469,61.5,51.111446380615234,-0.9046402857152566,-0.6782993287947847,-0.3490562438964844
2010-11-29,61.09000015258789,61.540000915527344,60.65999984741211,61.40999984741211,51.03665542602539,-0.24560917072510485,-0.1463291686815027,-0.07479095458984375
2010-11-30,60.79999923706055,61.38999938964844,60.709999084472656,61.02999877929688,50.72084426879883,0.417940719664137,-0.6187928158503886,-0.3158111572265625
2010-12-01,61.91999816894531,62.45000076293945,61.91999816894531,62.34000015258789,51.80956268310547,-0.09145437568186042,2.1464911122868857,1.0887184143066406
2010-12-02,62.41999816894531,63.15999984741211,62.400001525878906,63.13999938964844,52.47442626953125,-0.05930651641404813,1.283283532988766,0.6648635864257812
2010-12-03,62.91999816894531,63.43000030517578,62.880001068115234,63.34000015258789,52.64064407348633,-0.13134870706239854,0.31675964040334126,0.16621780395507812
2010-12-06,63.2599983215332,63.459999084472656,63.150001525878906,63.31999969482422,52.62401580810547,-0.40079682871671274,-0.03158826354336952,-0.016628265380859375
2010-12-07,63.93999862670898,64.0199966430664,63.34000015258789,63.38999938964844,52.68219375610352,0.18328716858281643,0.11055398776520509,0.05817794799805398
2010-12-08,63.52000045776367,63.68000030517578,63.16999816894531,63.56999969482422,52.83178329467773,-0.5266770005485077,0.283947056697631,0.14958953857420454
2010-12-09,63.959999084472656,63.959999084472656,63.52000045776367,63.79999923706055,53.022926330566406,-0.17731110826457191,0.3617955404279005,0.19114303588867898
2010-12-10,64.02999877929688,64.25,63.810001373291016,64.20999908447266,53.36368942260742,0.21085169851726593,0.6426712285107827,0.3407630920410156
2010-12-20,64.69000244140625,64.80000305175781,64.33000183105469,64.63999938964844,53.72104263305664,-0.009212663418420964,0.6696561169509785,0.35735321044921875
2010-12-21,64.91000366210938,65.13999938964844,64.80999755859375,65.02999877929688,54.045169830322266,-0.24715846514765002,0.6033523948512753,0.324127197265625
2010-12-22,64.80999755859375,65.0199966430664,64.7699966430664,64.93000030517578,54.25070190429688,0.22227774488353655,0.38029684173424005,0.20553207397461648
2010-12-23,64.9000015258789,64.9800033569336,64.70999908447266,64.83999633789062,54.17550659179688,-0.21249300244320182,-0.1386070776238979,-0.0751953125
2010-12-27,64.6500015258789,64.93000030517578,64.54000091552734,64.87999725341797,54.20893478393555,0.6691846318535454,0.0617035155583201,0.03342819213866477
2010-12-28,65.0,65.02999877929688,64.7699966430664,64.94000244140625,54.25905990600586,-0.6700512885682087,0.09246653207648503,0.0501251220703125
2010-12-29,65.08000183105469,65.16000366210938,64.98999786376953,65.04000091552734,54.34261703491211,3.046383261446291,0.15399663954922538,0.08355712890625
2010-12-30,64.94999694824219,65.12000274658203,64.87999725341797,64.95999908447266,54.275760650634766,2.5914716866264653,-0.1230275388364066,-0.06685638427734375
2010-12-31,64.81999969482422,65.0,64.73999786376953,64.93000030517578,54.25070190429688,2.206149252952627,-0.04616931395799995,-0.02505874633788352
2011-01-03,65.36000061035156,65.87999725341797,65.36000061035156,65.5999984741211,54.81049728393555,-0.1860258893913885,1.0318675334859195,0.5597953796386648
2011-01-04,65.81999969482422,65.86000061035156,65.04000091552734,65.47000122070312,54.70188522338867,-0.1796996038326624,-0.19815923213436504,-0.108612060546875
2011-01-05,65.30000305175781,65.86000061035156,65.19000244140625,65.83000183105469,55.00269317626953,2.2060846990183545,0.5499041790834713,0.3008079528808594
2011-01-06,65.91000366210938,65.95999908447266,65.54000091552734,65.68000030517578,54.877349853515625,1.6556978554091826,-0.22788579161426847,-0.12534332275390625
2011-01-07,65.79000091552734,65.91999816894531,65.04000091552734,65.52999877929688,54.75202560424805,0.7686622445677999,-0.22837154053922948,-0.12532424926757812
2011-01-10,65.31999969482422,65.66999816894531,65.05999755859375,65.58000183105469,54.793792724609375,0.04953141676975007,0.07628415551823586,0.041767120361328125
2011-01-11,65.81999969482422,65.97000122070312,65.56999969482422,65.83999633789062,55.01103591918945,-0.42771581930843505,0.39647409638521314,0.21724319458007812
2011-01-12,66.26000213623047,66.45999908447266,66.08999633789062,66.43000030517578,55.503997802734375,1.4606158660370367,0.8961145255818703,0.4929618835449219
2011-01-13,66.44000244140625,66.4800033569336,66.12999725341797,66.33000183105469,55.4204330444336,-0.1835728398890253,-0.15055628713046554,-0.08356475830077414
2011-01-14,66.25,66.7699966430664,66.16999816894531,66.76000213623047,55.77972030639648,-0.2972523181432772,0.6482938552190953,0.3592872619628764
2011-01-18,66.73999786376953,66.94999694824219,66.62999725341797,66.93000030517578,55.9217529296875,-0.29989902944845853,0.25463129343574753,0.14203262329102273
2011-01-19,66.88999938964844,66.91000366210938,65.98999786376953,66.12999725341797,55.25333786010742,-0.12050364610458235,-1.195268450222764,-0.6684150695800781
2011-01-20,65.94999694824219,66.0999984741211,65.47000122070312,65.93000030517578,55.086238861083984,0.06741285656329224,-0.3024233566603751,-0.1670989990234375
2011-01-21,66.30000305175781,66.44999694824219,65.94999694824219,66.04000091552734,55.17813873291016,-0.26549178248110117,0.16682909148677538,0.09189987182617898
2011-01-24,66.0,66.48999786376953,65.94000244140625,66.41000366210938,55.48729705810547,0.2555875749682577,0.5602913260481346,0.3091583251953054
2011-01-25,66.2300033569336,66.44999694824219,65.91000366210938,66.44999694824219,55.52068710327149,-0.3845937912142611,0.060176016739577065,0.03339004516602273
2011-01-26,66.58999633789062,66.97000122070312,66.4800033569336,66.83000183105469,55.83819580078125,-0.23056810403956216,0.5718745823861671,0.3175086975097585
2011-01-27,66.86000061035156,67.12999725341797,66.72000122070312,67.02999877929688,56.00531768798828,-0.4237134753835267,0.29929671761474985,0.16712188720703125
2011-01-28,67.11000061035156,67.18000030517578,65.72000122070312,65.83000183105469,55.00269317626953,0.21614512112762857,-1.7902309157578178,-1.00262451171875
2011-01-31,65.91999816894531,66.37999725341797,65.83000183105469,66.26000213623047,55.3619499206543,-0.3215245974298182,0.6531620974148389,0.3592567443847656
2011-02-01,66.72000122070312,67.4800033569336,66.69000244140625,67.3499984741211,56.27267074584961,0.3886977874385969,1.6450302536319183,0.9107208251953125
2011-02-02,67.19999694824219,67.47000122070312,67.18000030517578,67.2699966430664,56.20584487915039,-0.04155418448905139,-0.1187536788524457,-0.06682586669921875
2011-02-03,67.20999908447266,67.5,66.76000213623047,67.41999816894531,56.33115768432617,0.034813119755570957,0.22295333420432328,0.12531280517578125
2011-02-04,67.5,67.6500015258789,67.16999816894531,67.61000061035156,56.48992156982422,-0.26420070379564686,0.2818402674905851,0.15876388549804688
2011-02-07,67.80999755859375,68.27999877929688,67.76000213623047,68.05999755859375,56.86589050292969,-0.2543239518519214,0.6655504604316853,0.37596893310546875
2011-02-08,68.16000366210938,68.41999816894531,67.94000244140625,68.4000015258789,57.14997100830078,-0.08480532045177072,0.49956222061879885,0.28408050537109375
2011-02-09,68.2300033569336,68.41000366210938,67.91000366210938,68.22000122070312,56.99959945678711,0.2308634181418077,-0.263117458960449,-0.15037155151367188
2011-02-10,67.87999725341797,68.37000274658203,67.7300033569336,68.30000305175781,57.06642150878906,0.09755954386865034,0.11723249398025715,0.06682205200195312
2011-02-11,68.08999633789062,68.81999969482422,68.02999877929688,68.75,57.44240951538086,-0.12502242150367243,0.6588603186444608,0.3759880065917969
2011-02-14,68.76000213623047,68.9800033569336,68.66999816894531,68.93000030517578,57.59280776977539,-0.12812101034876278,0.26182441799253997,0.15039825439453125
2011-02-15,68.72000122070312,68.83000183105469,68.54000091552734,68.70999908447266,57.40900421142578,-0.09997549500585885,-0.31914324976888286,-0.18380355834960938
2011-02-16,68.95999908447266,69.23999786376953,68.83000183105469,69.16000366210938,57.78497695922852,0.11143863973728416,0.6549020540717043,0.3759727478027415
2011-02-17,68.95999908447266,69.5,68.93000030517578,69.41000366210938,57.99384689331055,0.19439044527772348,0.36146061670907503,0.20886993408202414
2011-02-18,69.5,69.62999725341797,69.26000213623047,69.54000091552734,58.10248565673828,0.005376525727212722,0.18732808607710982,0.10863876342773438
2011-02-22,68.77999877929688,69.12999725341797,67.86000061035156,68.05000305175781,56.857547760009766,0.9199766665030449,-2.1426585844940282,-1.2449378967285156
2011-02-23,67.9800033569336,68.13999938964844,67.02999877929688,67.4800033569336,56.38128662109375,1.082588026936015,-0.8376392540287991,-0.4762611389160156
2011-02-24,67.3499984741211,67.76000213623047,66.81999969482422,67.48999786376953,56.38965606689453,1.7551109141891643,0.014844368233424277,0.00836944580078125
2011-02-25,67.81999969482422,68.3499984741211,67.69999694824219,68.33999633789062,57.09984970092773,1.2194423675941717,1.2594395560609595,0.710193634033196
2011-02-28,68.6500015258789,68.81999969482422,68.30000305175781,68.70999908447266,57.40900421142578,0.6078583942944658,0.5414278883697943,0.309154510498054
2011-03-01,68.94000244140625,68.98999786376953,67.52999877929688,67.55000305175781,56.439788818359375,-0.20894253605820248,-1.6882637251414145,-0.9692153930664062
2011-03-02,67.4800033569336,68.02999877929688,67.37000274658203,67.69000244140625,56.556766510009766,-0.10410694679931264,0.20726103711490307,0.11697769165039062
2011-03-03,68.36000061035156,69.0,68.31999969482422,68.91999816894531,57.58445739746094,-0.29324997421836885,1.8170962572078508,1.0276908874511719
2011-03-04,68.94000244140625,68.95999908447266,68.0199966430664,68.45999908447266,57.20011138916016,0.625029740811008,-0.667447477446792,-0.38434600830077414
2011-03-07,68.69999694824219,68.80999755859375,67.45999908447266,67.83999633789062,56.68208312988281,-0.12295669560694554,-0.9056420463116832,-0.5180282592773509
2011-03-08,67.95999908447266,68.66999816894531,67.62000274658203,68.44999694824219,57.191741943359375,-0.40673579066980253,0.899153286777965,0.5096588134765625
2011-03-09,68.36000061035156,68.55999755859375,67.95999908447266,68.3499984741211,57.10819625854492,-0.12056820003885507,-0.14607997933896444,-0.08354568481445312
2011-03-10,67.6500015258789,67.6500015258789,66.9800033569336,67.04000091552734,56.01366424560547,0.3135570079451562,-1.9165935621293317,-1.0945320129394531
2011-03-11,66.70999908447266,67.72000122070312,66.70999908447266,67.48999786376953,56.38965606689453,0.2552648052968941,0.671250178600058,0.3759918212890625
2011-03-14,67.06999969482422,67.30000305175781,66.55000305175781,67.08000183105469,56.04708099365234,-0.08422433504331629,-0.6075140320696448,-0.3425750732421946
2011-03-15,65.29000091552734,66.73999786376953,65.16000366210938,66.37000274658203,55.453861236572266,1.9514839822467647,-1.0584311378272426,-0.593219757080071
2011-03-16,66.1500015258789,66.4000015258789,64.75,65.22000122070312,54.49300765991211,1.346871833848512,-1.7327081563555113,-0.9608535766601562
2011-03-17,66.13999938964844,66.30000305175781,65.63999938964844,65.97000122070312,55.119659423828125,-0.02664222567205413,1.14996729089889,0.6266517639160156
2011-03-18,66.79000091552734,66.83999633789062,66.11000061035156,66.27999877929688,55.3786506652832,0.5493079759091128,0.46987090298151735,0.2589912414550781
2011-03-21,67.0,67.41999816894531,67.0,67.31999969482422,56.247589111328125,-0.04775136217923207,1.569085623441624,0.8689384460449219
2011-03-22,67.3499984741211,67.41000366210938,67.01000213623047,67.0999984741211,56.06380462646485,0.18296439891145286,-0.32674197733083554,-0.18378448486327414
2011-03-23,66.91999816894531,67.43000030517578,66.55000305175781,67.26000213623047,56.19748306274414,-0.05588515789759421,0.2384398225734774,0.13367843627928977
2011-03-24,67.66000366210938,68.0,67.2300033569336,67.9000015258789,56.73221969604492,0.43020596717595294,0.9515312860252978,0.5347366333007812
2011-03-25,67.83000183105469,68.19999694824219,67.66000366210938,67.86000061035156,56.93610000610352,0.1309339278876442,0.35937305318023416,0.20388031005860086
2011-03-28,68.02999877929688,68.20999908447266,67.69000244140625,67.69999694824219,56.80186080932617,-0.008631678009966524,-0.23577167519897024,-0.13423919677735086
2011-03-29,67.72000122070312,68.20999908447266,67.41999816894531,68.19999694824219,57.22137069702149,-0.2576162024998299,0.7385495505218387,0.4195098876953196
2011-03-30,68.58000183105469,68.88999938964844,68.45999908447266,68.70999908447266,57.64927673339844,-0.3079037172982752,0.747808084924495,0.427906036376946
2011-03-31,68.69999694824219,68.87000274658203,68.58999633789062,68.70999908447266,57.64927673339844,-0.2936372978240051,0.0,0.0
2011-04-01,69.18000030517578,69.33000183105469,68.86000061035156,69.04000091552734,57.9261474609375,-0.029611706648599037,0.480267478149754,0.2768707275390625
2011-04-04,69.1500015258789,69.30000305175781,68.91000366210938,69.0999984741211,57.97649765014648,-0.4271993878342533,0.08692134971159948,0.05035018920897727
2011-04-05,69.01000213623047,69.44999694824219,68.97000122070312,69.13999938964844,58.010040283203125,-0.2815011581807346,0.05785556978459283,0.03354263305664773
2011-04-06,69.47000122070312,69.55000305175781,69.04000091552734,69.31999969482422,58.16106414794922,-0.23005167256538042,0.2603409065203177,0.15102386474609375
2011-04-07,69.19999694824219,69.4800033569336,68.80000305175781,69.12000274658203,57.99327087402344,-0.15936511453675703,-0.28849759952629395,-0.16779327392578125
2011-04-08,69.38999938964844,69.48999786376953,68.52999877929688,68.83000183105469,57.74995803833008,-0.23508687943865222,-0.4195535654850313,-0.24331283569335938
2011-04-11,68.91999816894531,69.08999633789062,68.37999725341797,68.58000183105469,57.54019546508789,-0.3971172544631679,-0.3632254989743289,-0.2097625732421875
2011-04-12,68.1500015258789,68.27999877929688,67.75,68.0,57.05356216430664,-0.0344532517190527,-0.8457275767797978,-0.48663330078125
2011-04-13,68.31999969482422,68.38999938964844,67.7699966430664,68.04000091552734,57.08712387084961,-0.14987568619866787,0.05882490990889444,0.03356170654296875
2011-04-14,67.63999938964844,68.16999816894531,67.41000366210938,68.08000183105469,57.12068557739258,-0.20590850114738485,0.058790326552271566,0.03356170654296875
2011-04-15,68.2300033569336,68.54000091552734,68.01000213623047,68.41000366210938,57.3975715637207,-0.24341433695983253,0.4847385557951167,0.276885986328125
2011-04-18,67.61000061035156,67.72000122070312,67.06999969482422,67.58999633789062,56.70956039428711,0.36829874420841885,-1.1986764434272046,-0.6880111694335938
2011-04-19,67.75,67.98999786376953,67.54000091552734,67.9800033569336,57.03680038452149,-0.45521579530861184,0.577045542161092,0.3272399902343821
2011-04-20,68.83000183105469,69.06999969482422,68.7699966430664,68.97000122070312,57.86742401123047,-0.276659613110281,1.4562942190116113,0.8306236267089773
2011-04-21,69.25,69.31999969482422,69.0,69.30999755859375,58.15268325805664,-0.4956911120976044,0.4929530762779688,0.2852592468261719
2011-04-25,69.30999755859375,69.36000061035156,69.0199966430664,69.23999786376953,58.09395599365234,-0.5593412912905018,-0.10098805612064332,-0.05872726440430398
2011-04-26,69.5,70.0,69.4000015258789,69.8499984741211,58.60575485229492,-0.22805050060292625,0.8809846909005659,0.5117988586425852
2011-04-27,70.0,70.41000366210938,69.70999908447266,70.30999755859375,58.99169158935547,0.2552648052968941,0.6585304430140493,0.3859367370605469
2011-04-28,70.26000213623047,70.62000274658203,70.19999694824219,70.5199966430664,59.16791534423828,0.30219551551315826,0.2987263971162557,0.1762237548828125
2011-04-29,70.58000183105469,70.80000305175781,70.45999908447266,70.69999694824219,59.31893157958984,-0.025867578460781544,0.25523332108785546,0.1510162353515554
2011-05-02,71.04000091552734,71.11000061035156,70.43000030517578,70.58000183105469,59.218257904052734,-0.1596233302738479,-0.16971592855145046,-0.10067367553710227
2011-05-03,70.43000030517578,70.51000213623047,69.81999969482422,70.19000244140625,58.891021728515625,-0.38943533628471483,-0.552593384404021,-0.3272361755371094
2011-05-04,70.18000030517578,70.20999908447266,69.3499984741211,69.66999816894531,58.4547233581543,-0.02464105370959995,-0.7408571927528085,-0.4362983703613281
2011-05-05,69.2699966430664,69.79000091552734,68.80000305175781,69.11000061035156,57.9848861694336,-0.1634965663302108,-0.8037625733715026,-0.469837188720696
2011-05-06,69.79000091552734,70.13999938964844,69.13999938964844,69.41000366210938,58.23657989501953,-0.0281915200945993,0.4340678101022233,0.2516937255859304
2011-05-09,69.5,69.95999908447266,69.37000274658203,69.77999877929688,58.54703903198242,-0.3794294764724439,0.5330998790151087,0.3104591369628906
2011-05-10,70.0199966430664,70.52999877929688,69.95999908447266,70.4000015258789,59.06721878051758,0.38747126268741533,0.8884817356023644,0.5201797485351562
2011-05-11,70.3499984741211,70.37000274658203,69.3499984741211,69.68000030517578,58.46311569213867,0.05714878101393049,-1.0227383324473704,-0.6041030883789062
2011-05-12,69.47000122070312,70.13999938964844,69.06999969482422,70.01000213623047,58.73999786376953,0.06883304311729198,0.47360146367994016,0.2768821716308594
2011-05-13,70.05999755859375,70.12000274658203,69.18000030517578,69.37000274658203,58.20301818847656,0.09904428435692281,-0.9141635934995063,-0.5369796752929688
2011-05-16,69.08999633789062,69.68000030517578,68.80000305175781,68.88999938964844,57.80028533935547,-0.06388984574741093,-0.6919449569040226,-0.40273284912109375
2011-05-17,68.55999755859375,68.91999816894531,68.2699966430664,68.83000183105469,57.74995803833008,0.19690804871435938,-0.0870710252205642,-0.050327301025390625
2011-05-18,68.87999725341797,69.55999755859375,68.7300033569336,69.48999786376953,58.30369567871094,-0.20836155064974804,0.9588537536483255,0.5537376403808594
2011-05-19,69.75,69.86000061035156,69.2699966430664,69.66000366210938,58.44635009765625,-0.26432981166419234,0.24467474537364087,0.1426544189453125
2011-05-20,69.45999908447266,69.58000183105469,68.94999694824219,69.13999938964844,58.010040283203125,-0.30925934991800225,-0.7465133643488553,-0.436309814453125
2011-05-23,68.25,68.48999786376953,68.05999755859375,68.26000213623047,57.271705627441406,-0.22805050060292625,-1.2727704586261157,-0.7383346557617188
2011-05-24,68.47000122070312,68.61000061035156,68.05000305175781,68.19000244140625,57.21297073364258,-0.4961429896375134,-0.10255481857115445,-0.058734893798828125
2011-05-25,67.94999694824219,68.75,67.88999938964844,68.47000122070312,57.44791412353516,-0.3836254822001704,0.41064707334701467,0.23494338989258523
2011-05-26,68.30999755859375,68.98999786376953,68.19999694824219,68.87999725341797,57.791900634765625,-0.4080914232895296,0.5987798103352482,0.34398651123046164
2011-05-27,69.11000061035156,69.37000274658203,69.02999877929688,69.19999694824219,58.06038284301758,-0.5263542308771442,0.4645671890058045,0.2684822082519531
2011-05-31,69.87999725341797,69.94999694824219,69.36000061035156,69.94999694824219,58.68964385986328,-0.09506939600113248,1.083804456727555,0.6292610168457031
2011-06-01,69.7699966430664,69.80999755859375,68.30000305175781,68.36000061035156,57.35560607910156,0.004730986384485568,-2.273037784906451,-1.3340377807617188
2011-06-02,68.37000274658203,68.54000091552734,67.86000061035156,68.2300033569336,57.24652862548828,-0.01728190520251039,-0.19017749278570362,-0.10907745361328125
2011-06-03,67.43000030517578,68.05000305175781,67.36000061035156,67.52999877929688,56.65922546386719,0.24951950514662247,-1.025919257852792,-0.5873031616210938
2011-06-06,67.36000061035156,67.5,66.66000366210938,66.75,56.00477981567383,0.09026494929583351,-1.1550557615912282,-0.6544456481933594
2011-06-07,67.04000091552734,67.29000091552734,66.69999694824219,66.72000122070312,55.97962951660156,-0.24767489662183173,-0.04490741532248155,-0.025150299072265625
2011-06-08,66.61000061035156,66.80000305175781,66.2699966430664,66.37000274658203,55.68595504760742,-0.174793504827936,-0.5246095258759187,-0.2936744689941406
2011-06-09,66.55999755859375,67.13999938964844,66.37999725341797,66.83999633789062,56.08029556274414,-0.45534490317715726,0.7081507622516137,0.39434051513671875
2011-06-10,66.58000183105469,66.5999984741211,65.7300033569336,65.88999938964844,55.28322982788086,-0.0064368442446942,-1.4212937483032761,-0.7970657348632812
2011-06-13,66.01000213623047,66.25,65.55000305175781,65.87999725341797,55.27483367919922,0.6851294536189061,-0.015187514745029773,-0.008396148681640625
2011-06-14,66.51000213623047,67.0199966430664,66.4800033569336,66.79000091552734,56.038360595703125,-0.11372548300594723,1.3813282929718396,0.7635269165039062
2011-06-15,66.25,66.4800033569336,65.43000030517578,65.5999984741211,55.0399055480957,1.211889557284264,-1.7817349347724831,-0.9984550476074219
2011-06-16,65.62000274658203,66.08000183105469,65.18000030517578,65.70999908447266,55.1321907043457,0.8306340214696067,0.1676695396385819,0.09228515625
2011-06-17,66.36000061035156,66.37999725341797,65.69000244140625,65.91999816894531,55.30839538574219,2.447322751395492,0.31960399023758246,0.17620468139648438
2011-06-20,65.72000122070312,66.37999725341797,65.66999816894531,66.2300033569336,55.56850814819336,1.1038262713117384,0.4702952610305289,0.2601127624511719
2011-06-21,66.56999969482422,67.33999633789062,66.51000213623047,67.23999786376953,56.41590118408203,0.10549967778419435,1.5249519271397283,0.8473930358886719
2011-06-22,67.08000183105469,67.45999908447266,66.83999633789062,66.87000274658203,56.1054573059082,0.12480130413173625,-0.5502772652002275,-0.3104438781738281
2011-06-23,66.05999755859375,66.7699966430664,65.5999984741211,66.76000213623047,56.013179779052734,0.7593019240982561,-0.16447157065726525,-0.09227752685546875
2011-06-24,66.5,66.5199966430664,65.62999725341797,65.72000122070312,55.375335693359375,0.12196093102373677,-1.138739289948143,-0.6378440856933594
2011-06-27,65.75,66.52999877929688,65.61000061035156,66.27999877929688,55.84717559814453,-0.11843792020785546,0.8520759267229838,0.47183990478515625
2011-06-28,66.56999969482422,67.19999694824219,66.47000122070312,67.19999694824219,56.622371673583984,0.039267341220388316,1.3880667502641053,0.7751960754394531
2011-06-29,67.44999694824219,67.87000274658203,67.22000122070312,67.79000091552734,57.11950302124024,0.5316201979183889,0.8779769072940091,0.4971313476562571
2011-06-30,67.9800033569336,68.48999786376953,67.9000015258789,68.4000015258789,57.63347244262695,0.14184354277973313,0.899814238922203,0.5139694213867116
2011-07-01,68.43000030517578,69.47000122070312,68.27999877929688,69.37999725341797,58.459232330322266,0.17302309303345467,1.4327783017366258,0.8257598876953125
2011-07-05,69.3499984741211,69.52999877929688,69.16000366210938,69.37000274658203,58.45079803466797,0.3267260105367901,-0.014427653799209406,-0.008434295654296875
2011-07-06,69.20999908447266,69.5999984741211,69.02999877929688,69.51000213623047,58.56878280639648,0.00021221098539548814,0.20185314092466822,0.11798477172850852
2011-07-07,70.1500015258789,70.41999816894531,69.98999786376953,70.26000213623047,59.200714111328125,-0.12547429904358143,1.0789558441406388,0.6319313049316477
2011-07-08,69.5,69.77999877929688,69.20999908447266,69.76000213623047,58.7794075012207,-0.100169156808677,-0.7116579866167649,-0.4213066101074219
2011-07-11,68.87999725341797,69.13999938964844,68.29000091552734,68.47000122070312,57.692474365234375,0.13429073246982542,-1.8491733452123627,-1.0869331359863281
2011-07-12,68.23999786376953,68.83999633789062,68.0999984741211,68.16999816894531,57.439674377441406,0.22957233945635339,-0.4381853795913937,-0.25279998779296875
2011-07-13,68.5199966430664,69.12000274658203,68.25,68.43000030517578,57.65877151489258,0.09730132813155949,0.38143868297626504,0.21909713745117188
2011-07-14,68.58999633789062,68.88999938964844,67.72000122070312,67.8499984741211,57.17006301879883,0.1977472498599047,-0.847587423827656,-0.48870849609375
2011-07-15,68.16999816894531,68.30999755859375,67.7699966430664,68.27999877929688,57.53239440917969,1.7660205290812534,0.6337781895775052,0.3623313903808594
2011-07-18,67.97000122070312,68.04000091552734,67.13999938964844,67.6500015258789,57.00154876708984,1.955938203711582,-0.9226899862960547,-0.5308456420898509
2011-07-19,68.02999877929688,68.83999633789062,68.02999877929688,68.79000091552734,57.96208572387695,0.056826011342566915,1.6851067691369348,0.9605369567871165
2011-07-20,68.9800033569336,69.0,68.58000183105469,68.75,57.92839050292969,-0.23450589403019778,-0.05813320988444781,-0.033695220947265625
2011-07-21,69.08000183105469,69.77999877929688,68.95999908447266,69.58999633789062,58.63616561889648,0.23105707994462585,1.2218104280508069,0.7077751159667898
2011-07-22,69.5999984741211,69.7699966430664,69.25,69.70999908447266,58.73728561401367,-0.38123698663207994,0.172453287233032,0.1011199951171946
2011-07-25,69.0,69.62999725341797,68.91000366210938,69.26000213623047,58.35810852050781,0.886150404944142,-0.6455475249530385,-0.3791770935058594
2011-07-26,69.22000122070312,69.30000305175781,68.81999969482422,68.97000122070312,58.11377334594727,-0.16330290452739268,-0.4186824774738529,-0.24433517456053977
2011-07-27,68.55999755859375,68.58999633789062,67.37999725341797,67.44999694824219,56.83301162719727,0.24577537695880497,-2.2038866950279012,-1.28076171875
2011-07-28,67.43000030517578,68.08000183105469,67.13999938964844,67.22000122070312,56.63923263549805,0.6666670284169095,-0.3409620327184837,-0.19377899169922586
2011-07-29,66.56999969482422,67.43000030517578,66.22000122070312,66.8499984741211,56.32746887207031,2.155151644877182,-0.5504378306713464,-0.3117637634277344
2011-08-01,67.66000366210938,67.76000213623047,65.93000030517578,66.55000305175781,56.07469940185547,2.1917537256098116,-0.4487499177158627,-0.25276947021484375
2011-08-02,66.12000274658203,66.4800033569336,64.79000091552734,64.79000091552734,54.59173202514648,1.1459799903918215,-2.644628312817887,-1.4829673767089915
2011-08-03,64.83999633789062,65.20999908447266,63.66999816894531,65.1500015258789,54.895050048828125,2.6306559247300036,0.5556116511231668,0.30331802368164773
2011-08-04,64.26000213623047,64.27999877929688,61.84000015258789,61.880001068115234,52.1397705078125,3.8984951938461347,-5.019176662676972,-2.755279541015625
2011-08-05,62.65999984741211,62.81999969482422,60.0,61.619998931884766,51.920684814453125,3.832198303348056,-0.4201892168408161,-0.219085693359375
2011-08-09,58.29999923706055,60.25,56.41999816894531,60.220001220703125,50.74105453491211,4.74279610019898,-2.2719852092795256,-1.1796302795410156
2011-08-10,59.08000183105469,59.720001220703125,57.52000045776367,57.65999984741211,48.584022521972656,2.74704666822371,-4.251058699332544,-2.157032012939453
2011-08-11,58.09999847412109,61.060001373291016,57.880001068115234,60.29999923706055,50.80846405029297,2.6451805599413647,4.578545400011458,2.2244415283203125
2011-08-12,60.81999969482422,61.209999084472656,60.209999084472656,60.70000076293945,51.1455192565918,0.8169485874037911,0.6633839707596678,0.3370552062988281
2011-08-15,61.220001220703125,62.06999969482422,61.13999938964844,62.02000045776367,52.25772857666016,0.6779639669146347,2.174597767770292,1.1122093200683665
2011-08-16,61.43999862670898,62.02000045776367,60.790000915527344,61.43000030517578,51.76060485839844,0.8598769536951468,-0.951292242892765,-0.49712371826172586
2011-08-17,61.79999923706055,62.25,60.93999862670898,61.43999862670898,51.769039154052734,0.41658508704441,0.016294816641670984,0.008434295654296875
2011-08-18,59.77999877929688,59.84000015258789,58.11000061035156,58.70000076293945,49.4603157043457,2.629171184241731,-4.459660614593986,-2.3087234497070312
2011-08-19,57.81999969482422,59.36000061035156,57.56999969482422,57.650001525878906,48.57558441162109,1.4901815679339403,-1.788770007076368,-0.8847312927246165
2011-08-22,58.959999084472656,58.97999954223633,57.5,57.65999984741211,48.584022521972656,0.37262385780469076,0.017371093840212737,0.008438110351569605
2011-08-23,57.90999984741211,59.66999816894531,57.54999923706055,59.63999938964844,50.25235366821289,1.2657275384677087,3.433909050008599,1.6683311462402344
2011-08-24,59.54999923706055,60.560001373291016,59.36000061035156,60.4900016784668,50.96855926513672,0.9101644684935921,1.4252180139710857,0.7162055969238281
2011-08-25,60.869998931884766,61.15999984741211,59.290000915527344,59.47999954223633,50.11753463745117,1.0495364125883846,-1.6697050886970266,-0.8510246276855469
2011-08-26,59.16999816894531,60.709999084472656,58.2599983215332,60.470001220703125,50.95171737670898,0.5782281384632894,1.6644528612435927,0.8341827392578054
2011-08-29,61.27000045776367,62.380001068115234,61.22999954223633,62.36000061035156,52.54420852661133,0.1220900388922822,3.1254906250330006,1.5924911499023509
2011-08-30,62.08000183105469,62.93999862670898,61.619998931884766,62.52999877929688,52.68745422363281,0.459448899401493,0.272619382874395,0.14324569702148438
2011-08-31,63.0,63.5099983215332,62.31999969482422,62.77999877929688,52.89810180664063,1.6556978554091826,0.3998059616122651,0.2106475830078196
2011-09-01,62.810001373291016,63.38999938964844,61.97999954223633,62.06999969482422,52.29985046386719,1.225962314955716,-1.1309504922506375,-0.5982513427734446
2011-09-02,60.7400016784668,61.09999847412109,60.18000030517578,60.369998931884766,50.867454528808594,0.3049067807526123,-2.738814590011507,-1.4323959350585938
2011-09-06,58.52999877929688,60.040000915527344,58.5099983215332,59.9900016784668,50.54727554321289,0.42110386244350007,-0.6294377978248722,-0.3201789855957031
2011-09-07,60.91999816894531,61.790000915527344,60.720001220703125,61.77999877929688,52.05550384521485,-0.2763368434389174,2.9837974169598436,1.5082283020019602
2011-09-08,61.34999847412109,62.09999847412109,60.93000030517578,61.040000915527344,51.43199920654297,0.6287738689988256,-1.197768905524088,-0.6235046386718821
2011-09-09,60.34999847412109,60.630001068115234,59.119998931884766,59.45000076293945,50.09226989746094,0.5535685355711121,-2.604855595252842,-1.3397293090820312
2011-09-12,58.66999816894531,59.869998931884766,58.5099983215332,59.869998931884766,50.44614028930664,0.6060508841348298,0.7064371260677049,0.3538703918457031
2011-09-13,60.06999969482422,60.68999862670898,59.63999938964844,60.470001220703125,50.95171737670898,-0.044910989071232595,1.0022116350287158,0.5055770874023366
2011-09-14,60.81999969482422,62.06999969482422,59.869998931884766,61.33000183105469,51.67634201049805,0.49314605309185044,1.4221790178956972,0.7246246337890696
2011-09-15,61.95000076293945,62.40999984741211,61.43000030517578,62.400001525878906,52.577911376953125,1.4256921875954975,1.7446462566408583,0.9015693664550781
2011-09-16,62.630001068115234,62.959999084472656,62.09999847412109,62.70000076293945,52.830711364746094,-0.13089682952248954,0.48081025124893095,0.25279998779296875
2011-09-19,61.63999938964844,62.36000061035156,61.20000076293945,62.040000915527344,52.27458190917969,0.20213691739044934,-1.0526631975989464,-0.5561294555664062
2011-09-20,62.2599983215332,62.86000061035156,61.77999877929688,61.81999969482422,52.08919906616211,1.2783801095851608,-0.35463285644188325,-0.18538284301757812
2011-09-21,61.79999923706055,62.0,59.310001373291016,59.810001373291016,50.39558792114258,1.9629100286130354,-3.2513672227295287,-1.6936111450195312
2011-09-22,58.13999938964844,58.72999954223633,57.150001525878906,57.970001220703125,48.84522247314453,3.6603557303140875,-3.076391231756259,-1.5503654479980469
2011-09-23,57.290000915527344,58.34000015258789,57.130001068115234,58.0,49.12984085083008,2.011325479317572,0.582694403412809,0.2846183776855469
2011-09-26,58.630001068115234,59.45000076293945,57.65999984741211,59.369998931884766,50.29032516479492,0.5027000353642124,2.362076273538838,1.1604843139648438
2011-09-27,60.540000915527344,61.18000030517578,59.7599983215332,60.119998931884766,50.925628662109375,1.010481282353392,1.2632718027426604,0.6353034973144531
2011-09-28,60.27000045776367,60.56999969482422,58.65999984741211,58.75,49.76513671875,0.3701062543680549,-2.2787974814394873,-1.160491943359375
2011-09-29,59.810001373291016,60.02000045776367,58.08000183105469,59.18000030517578,50.129371643066406,0.6267726970363714,0.7319078140484159,0.36423492431640625
2011-09-30,58.36000061035156,58.88999938964844,57.650001525878906,57.720001220703125,48.89265441894531,0.49527633292285006,-2.467051119106034,-1.2367172241210938
2011-10-03,57.380001068115234,58.06999969482422,55.77000045776367,55.810001373291016,47.27475738525391,1.561449111371018,-3.309079969003448,-1.6178970336913991
2011-10-04,55.08000183105469,57.34999847412109,54.58000183105469,57.209999084472656,48.46065521240234,2.084142317177195,2.5085222912605287,1.1858978271484233
2011-10-05,57.400001525878906,58.52999877929688,56.869998931884766,58.380001068115234,49.45172119140625,3.9300620677054923,2.045094055497354,0.9910659790039134
2011-10-06,58.29999923706055,59.560001373291016,57.900001525878906,59.5099983215332,50.40890502929688,0.3429290480392417,1.9355925634737536,0.9571838378906321
2011-10-07,59.84999847412109,59.869998931884766,58.65999984741211,58.970001220703125,49.95148849487305,0.8139791064272461,-0.9074121609227381,-0.45741653442383523
2011-10-10,60.0,61.0,59.9900016784668,61.0,51.671024322509766,-0.0755095539164997,3.442411586620109,1.7195358276367188
2011-10-11,60.59999847412109,61.27000045776367,60.540000915527344,61.04999923706055,51.71338653564453,0.6035978346324665,0.08198446554950056,0.042362213134765625
2011-10-12,61.56999969482422,62.36000061035156,61.459999084472656,61.630001068115234,52.20469284057617,0.7122421060134466,0.9500563352063507,0.4913063049316406
2011-10-13,61.290000915527344,61.75,60.790000915527344,61.54999923706055,52.13690948486328,0.255523021033985,-0.12984149896234642,-0.06778335571289062
2011-10-14,62.31999969482422,62.66999816894531,61.54999923706055,62.66999816894531,53.08564376831055,-0.06376073787886549,1.8196979698666516,0.9487342834472656
2011-10-17,62.380001068115234,62.400001525878906,61.25,61.400001525878906,52.009864807128906,1.2255749913500797,-2.0264969675734212,-1.0757789611816406
2011-10-18,61.33000183105469,63.08000183105469,60.79999923706055,62.63999938964844,53.06023025512695,0.5729992697871994,2.0195504293140765,1.0503654479980469
2011-10-19,62.560001373291016,62.900001525878906,61.66999816894531,61.810001373291016,52.35716247558594,0.2535218490715308,-1.325037181633948,-0.7030677795410156
2011-10-20,62.02999877929688,62.29999923706055,61.08000183105469,62.09000015258789,52.59433364868164,0.04888587742702292,0.45298706400733746,0.23717117309570312
2011-10-21,62.83000183105469,63.380001068115234,62.66999816894531,63.2599983215332,53.58539581298828,0.03558776696684354,1.8843515937034372,0.9910621643066406
2011-10-24,63.43999862670898,64.44000244140625,63.38999938964844,64.31999969482422,54.48329162597656,-0.01011641849823898,1.6756353095196186,0.8978958129882812
2011-10-25,63.959999084472656,64.0,62.869998931884766,63.0099983215332,53.373634338378906,0.8413499745588775,-2.0366928180759802,-1.1096572875976562
2011-10-26,63.72999954223633,63.88999938964844,62.5,63.68999862670898,53.94963836669922,0.012671120300029565,1.0791920682570622,0.5760040283203125
2011-10-27,65.43000030517578,66.3499984741211,64.87999725341797,65.88999938964844,55.81318664550781,2.3033674779673365,3.454236831286872,1.8635482788085938
2011-10-28,65.6500015258789,66.05999755859375,65.55000305175781,65.94999694824219,55.864013671875,-0.30170653960809457,0.09106634009272696,0.0508270263671875
2011-10-31,65.1500015258789,65.25,64.27999877929688,64.27999877929688,54.449405670166016,-0.015087071437238067,-2.532234812231504,-1.4146080017089844
2011-11-01,62.400001525878906,63.27999877929688,62.15999984741211,62.56999969482422,53.00093460083008,0.6995895348959944,-2.660214655253046,-1.4484710693359375
2011-11-02,63.5,63.77999877929688,62.90999984741211,63.59999847412109,53.87339782714844,0.23531763960662505,1.646128003004499,0.8724632263183594
2011-11-03,64.27999877929688,64.93000030517578,63.34999847412109,64.83999633789062,54.923770904541016,0.19587518576599594,1.9497063852602636,1.0503730773925781
2011-11-04,64.30000305175781,64.61000061035156,63.66999816894531,64.48999786376953,54.627288818359375,-0.0826104866864984,-0.5398065014453057,-0.2964820861816406
2011-11-07,64.44000244140625,64.83999633789062,63.75,64.81999969482422,54.90684127807617,-0.19254583675293277,0.5117450742363028,0.2795524597167969
2011-11-08,65.16999816894531,65.66000366210938,64.43000030517578,65.5999984741211,55.567527770996094,0.10091634845083156,1.2032862891781848,0.6606864929199219
2011-11-09,64.04000091552734,64.33999633789062,63.0,63.09999847412109,53.44987106323242,0.08555251209392528,-3.810960812384745,-2.117656707763672
2011-11-10,63.95000076293945,63.9900016784668,63.0,63.65999984741211,53.924224853515625,-0.2518709023495582,0.8874741525981111,0.4743537902832031
2011-11-11,64.44999694824219,65.05000305175781,64.38999938964844,64.91999816894531,54.99152374267578,-0.33514547756136115,1.979256803522822,1.0672988891601562
2011-11-14,64.69000244140625,64.75,64.0,64.27999877929688,54.449405670166016,-0.36380742437844676,-0.9858211513587456,-0.5421180725097656
2011-11-15,64.08000183105469,64.97000122070312,63.86000061035156,64.66999816894531,54.77976608276367,-0.4367533701066152,0.606729143379181,0.33036041259765625
2011-11-16,63.9900016784668,64.77999877929688,63.47999954223633,63.59000015258789,53.86493682861328,1.0258451187102982,-1.6700130715567973,-0.9148292541503906
2011-11-17,63.47999954223633,63.650001525878906,62.15999984741211,62.54999923706055,52.98398208618164,0.02726030944566325,-1.6354883051931335,-0.8809547424316406
2011-11-18,62.79999923706055,62.86000061035156,62.209999084472656,62.459999084472656,52.90774917602539,0.24951950514662247,-0.14387916338989282,-0.07623291015625
2011-11-21,61.52999877929688,61.59000015258789,60.75,61.29999923706055,51.92515182495117,0.1646956355122744,-1.8571898566410283,-0.9825973510742188
2011-11-22,61.119998931884766,61.4900016784668,60.68000030517578,61.0099983215332,51.679500579833984,-0.10759285925003927,-0.47308719663511356,-0.2456512451171875
2011-11-23,60.43000030517578,60.5099983215332,59.619998931884766,59.650001525878906,50.52749252319336,0.25087513776634945,-2.2291392983974645,-1.152008056640625
2011-11-25,59.4900016784668,60.18000030517578,59.45000076293945,59.459999084472656,50.36655426025391,-0.4791653049237892,-0.31851622731045026,-0.16093826293944602
2011-11-28,61.09000015258789,61.459999084472656,60.77000045776367,61.25,51.88279724121094,0.08639171323947058,3.010416343199296,1.5162429809570241
2011-11-29,61.459999084472656,61.83000183105469,61.20000076293945,61.43999862670898,52.04373550415039,-0.3379858506693606,0.3101958095883539,0.16093826293945312
2011-11-30,63.209999084472656,64.1500015258789,63.11000061035156,64.04000091552734,54.2461166381836,0.3938621021804141,4.231789114863926,2.2023811340332102
2011-12-01,63.95000076293945,64.41000366210938,63.7599983215332,64.04000091552734,54.2461166381836,-0.12386045068676356,0.0,0.0
2011-12-02,64.6500015258789,64.87000274658203,63.959999084472656,64.01000213623047,54.22071075439453,-0.004112902610876446,-0.046834474730284015,-0.025405883789069605
2011-12-05,64.94000244140625,65.25,64.3499984741211,64.70999908447266,54.81363296508789,0.18044679547481696,1.0935345598458435,0.5929222106933594
2011-12-06,64.7699966430664,65.13999938964844,64.45999908447266,64.73999786376953,54.83906173706055,-0.3304330403594529,0.04639132748025521,0.02542877197265625
2011-12-07,64.5199966430664,65.16000366210938,63.97999954223633,64.91000366210938,54.98307418823242,1.376631197548234,0.26260925444416827,0.144012451171875
2011-12-08,64.5,64.62000274658203,63.27999877929688,63.43999862670898,53.73786926269531,0.13642101230082504,-2.2647059007181003,-1.2452049255371094
2011-12-09,63.70000076293945,64.70999908447266,63.630001068115234,64.56999969482422,54.69505310058594,0.2233751617661727,1.7812091380316364,0.957183837890625
2011-12-12,63.95000076293945,64.0,63.06999969482422,63.58000183105469,53.856475830078125,-0.24761034268755902,-1.5331866832008378,-0.8385772705078125
2011-12-13,63.970001220703125,64.30000305175781,62.61000061035156,62.900001525878906,53.280460357666016,-0.14716442095921384,-1.0695379961910056,-0.5760154724121094
2011-12-14,62.59999847412109,62.84999847412109,62.04999923706055,62.18000030517578,52.67057800292969,0.0923306751925604,-1.1446641989244388,-0.6098823547363281
2011-12-15,62.90999984741211,62.91999816894531,62.27000045776367,62.40999984741211,52.86539459228516,2.1361727882010038,0.36987744722420945,0.19481658935547586
2011-12-16,62.84999847412109,63.290000915527344,62.43999862670898,62.619998931884766,53.04328155517578,-0.27943543228400775,0.3364903719390355,0.1778869628906179
2011-12-19,62.90999984741211,63.0099983215332,61.7599983215332,61.88999938964844,52.4249267578125,0.40645011936359365,-1.1657551705583469,-0.6183547973632812
2011-12-20,62.90999984741211,63.91999816894531,62.810001373291016,63.83000183105469,54.0682258605957,0.1936157980664509,3.134575867649292,1.6432991027832031
2011-12-21,63.459999084472656,63.709999084472656,62.81999969482422,63.59000015258789,54.17131042480469,-0.016184488319874228,0.19065645777756046,0.10308456420898438
2011-12-22,63.86000061035156,64.26000213623047,63.7599983215332,64.25,54.73353958129883,-0.07570321571931785,1.0378725419141865,0.5622291564941406
2011-12-23,64.41999816894531,64.73999786376953,64.2300033569336,64.73999786376953,55.15097427368164,0.9300470802495885,0.7626670878150943,0.4174346923828125
2011-12-27,64.63999938964844,64.94000244140625,64.5199966430664,64.75,55.15949249267578,0.8698828135074177,0.01544527382575378,0.008518218994140625
2011-12-28,64.77999877929688,64.81999969482422,63.810001373291016,63.959999084472656,54.48649597167969,0.22143854373799124,-1.2200919380928932,-0.6729965209960938
2011-12-29,64.04000091552734,64.62000274658203,64.0,64.58999633789062,55.02318954467773,-0.12140740118440037,0.985002913890809,0.5366935729980398
2011-12-30,64.47000122070312,64.6500015258789,64.29000091552734,64.30000305175781,54.776145935058594,-0.3135199095800015,-0.44898089635195815,-0.24704360961913352
2012-01-03,65.41000366210938,65.72000122070312,65.13999938964844,65.20999908447266,55.551368713378906,0.30800536959770264,1.4152561577431833,0.7752227783203125
2012-01-04,65.1500015258789,65.3499984741211,64.7699966430664,65.23999786376953,55.576934814453125,-0.06834406721222828,0.046022450330851505,0.02556610107421875
2012-01-05,64.94000244140625,65.5999984741211,64.58000183105469,65.52999877929688,55.823974609375,-0.3918238318528053,0.4445005751875897,0.247039794921875
2012-01-06,65.55999755859375,65.5999984741211,65.0999984741211,65.37999725341797,55.6961784362793,-0.07312105834840923,-0.2289270407382249,-0.12779617309570312
2012-01-09,65.52999877929688,65.62000274658203,65.19000244140625,65.52999877929688,55.823974609375,0.14565222490182334,0.22945231914235364,0.12779617309570312
2012-01-10,66.19999694824219,66.38999938964844,66.05999755859375,66.18000030517578,56.37769317626953,-0.24857865170164975,0.9919010080689183,0.5537185668945312
2012-01-11,65.95999908447266,66.33999633789062,65.87999725341797,66.30000305175781,56.47990798950195,0.04649738185893244,0.1813036459523687,0.10221481323242188
2012-01-12,66.4800033569336,66.51000213623047,65.9000015258789,66.45999908447266,56.6162109375,-0.5217709015437815,0.24132997529560107,0.13630294799804688
2012-01-13,65.9800033569336,66.1500015258789,65.5,66.1500015258789,56.352142333984375,-0.2960257933920956,-0.46641871496334586,-0.264068603515625
2012-01-17,66.7300033569336,66.81999969482422,66.18000030517578,66.30000305175781,56.47990798950195,0.2765676036068902,0.22672723737873213,0.12776565551757812
2012-01-18,66.33000183105469,67.11000061035156,66.16999816894531,67.0999984741211,57.16142272949219,0.1639855422352745,1.2066498764780276,0.6815147399902344
2012-01-19,67.37000274658203,67.56999969482422,67.16000366210938,67.51000213623047,57.51068878173828,1.580298860178651,0.6110170733484743,0.34926605224609375
2012-01-20,67.36000061035156,67.52999877929688,67.20999908447266,67.52999877929688,57.52772903442383,-0.13922428704366982,0.029629714139267627,0.017040252685546875
2012-01-23,67.52999877929688,67.91000366210938,67.19000244140625,67.55000305175781,57.54477691650391,1.0549589430672928,0.029634199656802807,0.01704788208008523
2012-01-24,67.16000366210938,67.56999969482422,67.01000213623047,67.54000091552734,57.53624725341797,-0.12999307444267152,-0.014822653841062294,-0.008529663085944605
2012-01-25,67.4800033569336,68.29000091552734,67.20999908447266,68.16000366210938,58.064430236816406,-0.009922756695420833,0.9180004060258984,0.5281829833984375
2012-01-26,68.4800033569336,68.5999984741211,67.52999877929688,67.80999755859375,57.76625442504883,0.5677058471768368,-0.5135257687907457,-0.2981758117675781
2012-01-27,67.4800033569336,68.0,67.44000244140625,67.86000061035156,57.80885696411133,0.19581063183172323,0.07374987263155663,0.0426025390625
2012-01-30,67.22000122070312,67.68000030517578,66.94999694824219,67.58999633789062,57.578834533691406,0.004537324581667421,-0.39790171004889796,-0.23002243041992188
2012-01-31,68.0,68.04000091552734,67.2699966430664,67.55999755859375,57.55328750610352,0.32098071038651843,-0.04436878202690453,-0.02554702758788352
2012-02-01,68.12999725341797,68.62000274658203,68.02999877929688,68.33999633789062,58.2177619934082,0.15488343750282163,1.1545378484838276,0.6644744873046804
2012-02-03,69.19000244140625,69.5,69.05999755859375,69.4800033569336,59.18891906738281,0.41729518032140983,1.6681456667547057,0.9711570739746094
2012-02-06,69.23999786376953,69.47000122070312,69.0999984741211,69.44000244140625,59.15485000610352,0.3462212986871502,-0.05755986393416457,-0.03406906127928977
2012-02-07,69.30000305175781,69.70999908447266,69.02999877929688,69.5999984741211,59.291133880615234,0.1379703067233702,0.23038495490674826,0.13628387451171164
2012-02-08,69.66000366210938,69.8499984741211,69.29000091552734,69.75,59.418907165527344,0.4220721714575908,0.21550150342779517,0.12777328491210938
2012-02-09,69.87999725341797,69.95999908447266,69.41999816894531,69.86000061035156,59.51262664794922,0.017770881107574084,0.15772670163858304,0.093719482421875
2012-02-10,69.2300033569336,69.37999725341797,69.04000091552734,69.30999755859375,59.044071197509766,-0.25051526972983124,-0.7873210725704016,-0.4685554504394531
2012-02-13,69.81999969482422,69.91000366210938,69.51000213623047,69.83999633789062,59.495582580566406,-0.16375478206730168,0.764702321332611,0.4515113830566406
2012-02-14,69.69999694824219,69.77999877929688,69.29000091552734,69.73999786376953,59.4103889465332,0.07890345686383558,-0.14319320920648249,-0.08519363403320312
2012-02-15,70.0,70.0999984741211,69.27999877929688,69.44000244140625,59.15485000610352,0.1740559559818181,-0.43012500837127376,-0.2555389404296804
2012-02-16,69.44999694824219,70.31999969482422,69.3499984741211,70.2699966430664,59.86187362670898,-0.09797432304340467,1.1952082044540902,0.7070236206054545
2012-02-17,70.4800033569336,70.5199966430664,70.18000030517578,70.37000274658203,59.94708251953125,0.21950192570980978,0.14234250894589184,0.08520889282227273
2012-02-21,70.58000183105469,70.68000030517578,70.12999725341797,70.33999633789062,59.9215202331543,-0.14677709735357752,-0.042641418568822864,-0.025562286376953125
2012-02-22,70.20999908447266,70.41000366210938,69.98999786376953,70.12000274658203,59.73412322998047,0.018416420450301237,-0.3127373979242676,-0.18739700317382812
2012-02-23,70.08000183105469,70.52999877929688,69.81999969482422,70.51000213623047,60.06635284423828,-0.1629801348560291,0.556180615523072,0.3322296142578125
2012-02-24,70.6500015258789,70.77999877929688,70.47000122070312,70.61000061035156,60.15151596069336,-0.3136490174485469,0.14178173373688985,0.08516311645507812
2012-02-27,70.13999938964844,70.88999938964844,69.97000122070312,70.66999816894531,60.2026481628418,-0.26000469806792037,0.08500567497227163,0.0511322021484375
2012-02-28,70.73999786376953,70.94999694824219,70.56999969482422,70.87000274658203,60.37301635742188,0.05553493265711261,0.28299119686439056,0.17036819458008523
2012-02-29,70.9800033569336,71.19000244140625,70.4000015258789,70.41000366210938,59.981143951416016,0.2957401220858867,-0.6490853524460216,-0.3918724060058665
2012-03-01,70.66999816894531,71.08999633789062,70.61000061035156,70.94999694824219,60.441184997558594,0.4263972850538627,0.7669761125516539,0.4600410461425781
2012-03-02,70.9000015258789,70.97000122070312,70.44000244140625,70.5999984741211,60.14301300048828,-0.09287456223586016,-0.4933258622946579,-0.2981719970703125
2012-03-05,70.44000244140625,70.5,70.02999877929688,70.27999877929688,59.870418548583984,0.6114088606794651,-0.45324375734565603,-0.2725944519042969
2012-03-06,69.61000061035156,69.62000274658203,68.97000122070312,69.1500015258789,58.90779495239258,0.4133573903307742,-1.6078451086996348,-0.9626235961914062
2012-03-07,69.4000015258789,69.83000183105469,69.30000305175781,69.75,59.418907165527344,-0.22094956783292755,0.8676478444793689,0.5111122131347656
2012-03-08,70.22000122070312,70.5999984741211,69.9800033569336,70.47000122070312,60.03227996826172,-0.036131654010143295,1.0322855669924413,0.613372802734375
2012-03-09,70.5999984741211,71.01000213623047,70.5199966430664,70.81999969482422,60.33042907714844,-0.18789795348529725,0.4966479851245875,0.29814910888671875
2012-03-12,70.86000061035156,70.94000244140625,70.55000305175781,70.7699966430664,60.28782653808594,-0.20765145737274818,-0.07061534239715117,-0.0426025390625
2012-03-13,71.18000030517578,72.08000183105469,71.05000305175781,72.08000183105469,61.40380859375,-0.14994024013294058,1.85109021131995,1.1159820556640625
2012-03-14,72.0999984741211,72.25,71.70999908447266,71.93000030517578,61.27601623535156,0.0906522729014698,-0.20811796747643996,-0.1277923583984375
2012-03-15,72.04000091552734,72.38999938964844,71.83000183105469,72.3499984741211,61.63379287719727,-0.025415700920872534,0.5838771248958929,0.35777664184571023
2012-03-16,72.5,72.54000091552734,72.30000305175781,72.45999908447266,61.7275276184082,-0.3712311268198091,0.15208335692999952,0.0937347412109304
2012-03-19,72.41000366210938,72.98999786376953,72.33000183105469,72.7300033569336,61.9575309753418,0.1358400268923706,0.3726106743743962,0.23000335693359375
2012-03-20,72.33999633789062,72.58000183105469,72.08000183105469,72.4800033569336,61.74456024169922,-0.13296255541921642,-0.34373663748372696,-0.21297073364257812
2012-03-21,72.51000213623047,72.61000061035156,72.20999908447266,72.4000015258789,61.67640686035156,0.18083411908045324,-0.11037957203172688,-0.06815338134765625
2012-03-22,71.8499984741211,72.0199966430664,71.56999969482422,71.81999969482422,61.18231964111328,0.045464518910569,-0.8010959853044008,-0.49408721923828125
2012-03-23,71.83999633789062,72.18000030517578,71.44999694824219,72.11000061035156,61.42935943603516,-0.31803868497909155,0.40377644452020967,0.2470397949218821
2012-03-26,72.33999633789062,72.80000305175781,72.33999633789062,72.80000305175781,62.283203125,-0.10849661432985729,1.3899602678649536,0.8538436889648366
2012-03-27,72.8499984741211,72.94000244140625,72.54000091552734,72.55999755859375,62.0778694152832,0.4162623173730464,-0.3296775043902245,-0.20533370971679688
2012-03-28,72.5,72.66000366210938,71.7300033569336,72.19999694824219,61.76986312866211,0.7172127589524457,-0.49616117550784766,-0.30800628662109375
2012-03-29,71.80000305175781,72.16999816894531,71.44000244140625,72.06999969482422,61.65864562988281,-0.12005176856467334,-0.18005139261461078,-0.11121749877929688
2012-03-30,72.47000122070312,72.4800033569336,71.95999908447266,72.26000213623047,61.821197509765625,-0.32849642233127146,0.26363193388736494,0.1625518798828125
2012-04-02,72.26000213623047,73.05999755859375,72.08999633789062,72.87000274658203,62.34309005737305,0.4117435419739563,0.8441967620005819,0.5218925476074219
2012-04-03,72.79000091552734,72.94000244140625,72.19999694824219,72.62999725341797,62.13776779174805,0.06967224426283729,-0.3293424587007876,-0.205322265625
2012-04-04,72.08000183105469,72.08999633789062,71.55000305175781,71.81999969482422,61.444766998291016,0.4187799208096823,-1.1152650281541998,-0.6930007934570312
2012-04-05,71.62000274658203,71.97000122070312,71.5,71.7699966430664,61.401973724365234,-0.3579975702939024,-0.06964510733187268,-0.04279327392578125
2012-04-09,70.80000305175781,71.20999908447266,70.69999694824219,70.93000030517578,60.68333053588867,-0.011342943249420572,-1.1703910231006032,-0.7186431884765625
2012-04-10,70.77999877929688,70.95999908447266,69.56999969482422,69.5999984741211,59.54547500610352,2.3515247129347823,-1.8750709951758648,-1.1378555297851491
2012-04-11,70.37000274658203,70.5,70.0999984741211,70.18000030517578,60.04167175292969,0.23706059583198838,0.8333072274178788,0.49619674682616477
2012-04-12,70.31999969482422,71.27999877929688,70.2699966430664,71.23999786376953,60.94856643676758,-0.20958807540092964,1.5104420935675211,0.9068946838378906
2012-04-13,71.05000305175781,71.05000305175781,70.33000183105469,70.37000274658203,60.204227447509766,-0.11998721463040063,-1.2212575828670968,-0.7443389892578125
2012-04-16,70.75,70.8499984741211,70.04000091552734,70.30000305175781,60.144344329833984,-0.20287446623656724,-0.09946663251844123,-0.05988311767578125
2012-04-17,70.77999877929688,71.55999755859375,70.72000122070312,71.37000274658203,61.05978393554688,-0.30041546092264027,1.5220709709504732,0.9154396057128977
2012-04-18,71.12999725341797,71.3499984741211,70.9800033569336,71.12000274658203,60.84589767456055,0.07761237817838128,-0.3502899080221278,-0.21388626098633523
2012-04-19,71.08000183105469,71.47000122070312,70.37000274658203,70.70999908447266,60.49512481689453,0.3970252449597772,-0.576493849334192,-0.3507728576660156
2012-04-20,71.05999755859375,71.29000091552734,70.80000305175781,70.81999969482422,60.58921432495117,-0.34450579803090486,0.15553238106611467,0.09408950805664062
2012-04-23,70.12000274658203,70.25,69.70999908447266,70.20999908447266,60.06734085083008,0.25720142332507556,-0.8613306509013152,-0.5218734741210938
2012-04-24,70.31999969482422,70.63999938964844,70.18000030517578,70.44000244140625,60.26410675048828,0.6529170404168211,0.3275755125349278,0.19676589965820312
2012-04-25,71.13999938964844,71.5,71.0999984741211,71.4800033569336,61.15389633178711,-0.14012804212348784,1.476483481258306,0.8897895812988281
2012-04-26,71.37999725341797,72.08999633789062,71.30000305175781,72.0,61.598777770996094,-0.4672873810176096,0.7274784860727523,0.4448814392089844
2012-04-27,72.1500015258789,72.3499984741211,71.7699966430664,72.16999816894531,61.74420547485352,-0.32320299972090877,0.2360886191574707,0.14542770385742898
2012-04-30,72.0,72.0999984741211,71.6500015258789,71.80000305175781,61.42763900756836,-0.41596700327080083,-0.5127063581927382,-0.31656646728516336
2012-05-01,71.80000305175781,72.79000091552734,71.7300033569336,72.26000213623047,61.821197509765625,0.24022373861135143,0.6406863564278886,0.3935585021972656
2012-05-02,71.87000274658203,72.16000366210938,71.58999633789062,72.0999984741211,61.68431854248047,-0.22566200503483577,-0.2214110576934991,-0.13687896728515625
2012-05-03,72.12999725341797,72.1500015258789,71.29000091552734,71.47000122070312,61.145320892333984,-0.20700591803002102,-0.8738001211366031,-0.5389976501464844
2012-05-04,71.08000183105469,71.12999725341797,70.2300033569336,70.27999877929688,60.12723922729492,0.011961027023029695,-1.6650197434268432,-1.0180816650390625
2012-05-07,70.08999633789062,70.55999755859375,70.0,70.33000183105469,60.17001724243164,-0.41809728310180044,0.07114581624978467,0.04277801513671875
2012-05-08,69.94000244140625,70.16999816894531,69.1500015258789,70.06999969482422,59.947566986083984,0.10052902484519526,-0.36970282965248513,-0.22245025634765625
2012-05-09,69.30000305175781,70.08000183105469,68.98999786376953,69.6500015258789,59.588260650634766,0.2830229970341618,-0.5993676699717065,-0.35930633544921875
2012-05-10,70.19000244140625,70.22000122070312,69.66999816894531,69.83000183105469,59.74224472045898,0.7583336150841654,0.2584134326843568,0.15398406982421164
2012-05-11,69.3499984741211,70.23999786376953,69.31999969482422,69.63999938964844,59.57967376708984,-0.4375925712521605,-0.272120597627068,-0.16257095336914062
2012-05-14,69.01000213623047,69.31999969482422,68.7300033569336,68.8499984741211,58.90382766723633,-0.07873725063013548,-1.1343568319886144,-0.6758460998535085
2012-05-15,68.80000305175781,69.19999694824219,68.33999633789062,68.4800033569336,58.587284088134766,-0.36671235142071895,-0.5373905086267117,-0.3165435791015625
2012-05-16,68.75,69.06999969482422,68.13999938964844,68.16000366210938,58.31349563598633,0.09058771896719708,-0.46731719418255935,-0.2737884521484375
2012-05-17,68.16000366210938,68.25,66.9800033569336,66.9800033569336,57.30397033691406,0.4816554527913071,-1.7312035371264356,-1.0095252990722656
2012-05-18,67.22000122070312,67.37999725341797,66.30000305175781,66.41999816894531,56.824851989746094,1.670351598489089,-0.8360997402990233,-0.47911834716796875
2012-05-21,66.62000274658203,67.6500015258789,66.45999908447266,67.6500015258789,57.87716674804688,0.27056408771952767,1.851856575870503,1.0523147583007884
2012-05-22,67.76000213623047,68.26000213623047,67.27999877929688,67.66999816894531,57.89428329467773,0.09975437763392267,0.029573919375414093,0.017116546630845164
2012-05-23,67.2300033569336,67.88999938964844,66.55999755859375,67.79000091552734,57.99694442749024,0.015382385539483612,0.17732516402348963,0.10266113281251421
2012-05-24,67.98999786376953,68.06999969482422,67.33000183105469,67.91999816894531,58.1081657409668,-0.3612898209418109,0.1917709882381935,0.1112213134765554
2012-05-25,67.93000030517578,68.08000183105469,67.58999633789062,67.76000213623047,57.97126770019531,-0.684511369845297,-0.2355917434767152,-0.13689804077148438
2012-05-29,68.26000213623047,68.69000244140625,68.05999755859375,68.58000183105469,58.67281723022461,0.3086509089404298,1.2101676534959305,0.7015495300292969
2012-05-30,68.0,68.02999877929688,67.37999725341797,67.5,57.748836517333984,-0.5105385169803289,-1.574802023337385,-0.923980712890625
2012-05-31,67.51000213623047,67.83000183105469,66.75,67.33000183105469,57.60340118408203,-0.03367860450778011,-0.2518411487100636,-0.14543533325195312
2012-06-01,66.23999786376953,66.47000122070312,65.56999969482422,65.5999984741211,56.12330627441406,0.7294134525299889,-2.569457495987193,-1.4800949096679688
2012-06-04,65.63999938964844,65.87999725341797,64.94000244140625,65.54000091552734,56.07199096679688,0.8583922132068743,-0.09143315143672615,-0.051315307617180395
2012-06-05,65.38999938964844,66.1500015258789,65.33999633789062,66.04000091552734,56.499759674072266,0.10691986433819409,0.7628919535400236,0.4277687072753835
2012-06-06,66.55999755859375,67.58000183105469,66.51000213623047,67.58000183105469,57.81728744506836,-0.11746961119376473,2.3319174782272745,1.3175277709960938
2012-06-07,68.37999725341797,68.4000015258789,67.41999816894531,67.5,57.748836517333984,0.7826704483049791,-0.11839180072120703,-0.068450927734375
2012-06-08,67.33999633789062,68.08999633789062,67.11000061035156,68.08999633789062,58.25358581542969,-0.43662426223806977,0.8740423678392117,0.5047492980957031
2012-06-11,68.6500015258789,68.70999908447266,67.04000091552734,67.13999938964844,57.44084167480469,-0.20242258869665822,-1.3951830247842523,-0.812744140625
2012-06-12,67.25,67.91999816894531,66.97000122070312,67.87000274658203,58.06539535522461,-0.27672416704455366,1.087298970923456,0.6245536804199219
2012-06-13,67.6500015258789,68.08000183105469,67.16000366210938,67.37000274658203,57.63763046264648,-0.15245784356957648,-0.7366950486795254,-0.4277648925781321
2012-06-14,67.5,68.31999969482422,67.31999969482422,68.06999969482422,58.23648834228516,-0.07408936736249996,1.039005029928819,0.5988578796386861
2012-06-15,68.27999877929688,68.8499984741211,68.2300033569336,68.7699966430664,58.835357666015625,1.2803167276133423,1.0283403769310473,0.5988693237304616
2012-06-18,68.55000305175781,69.13999938964844,68.33000183105469,68.97000122070312,59.00648880004883,0.02403261273202748,0.29086444074095663,0.17113113403320312
2012-06-19,69.36000061035156,69.98999786376953,69.25,69.69999694824219,59.63102722167969,-0.18860804676229712,1.0584232926436066,0.6245384216308594
2012-06-20,69.72000122070312,69.93000030517578,69.08999633789062,69.56999969482422,59.519798278808594,0.007442251623939616,-0.18652863794815788,-0.11122894287109375
2012-06-21,69.63999938964844,69.72000122070312,67.94000244140625,68.0,58.17659759521485,-0.013279561277602036,-2.2567292269738304,-1.343200683593743
2012-06-22,68.3499984741211,68.66999816894531,68.0999984741211,68.55000305175781,58.64714431762695,-0.3453449991764502,0.8088247540464666,0.47054672241210227
2012-06-25,67.4800033569336,67.5,66.83999633789062,67.08999633789062,57.689247131347656,0.8858276352727784,-1.633322811237703,-0.9578971862792969
2012-06-26,67.26000213623047,67.62999725341797,66.87999725341797,67.41000366210938,57.96440505981445,0.2598481346302569,0.4769657122415172,0.2751579284667969
2012-06-27,67.5999984741211,68.16000366210938,67.58000183105469,68.05999755859375,58.5233154296875,0.6113443067451924,0.9642303225510407,0.5589103698730469
2012-06-28,67.61000061035156,67.9800033569336,67.11000061035156,67.91999816894531,58.40293884277344,-0.31416544892272863,-0.20568996481187263,-0.1203765869140625
2012-06-29,69.19000244140625,69.69999694824219,68.97000122070312,69.69999694824219,59.933536529541016,0.16482474338081982,2.620754566629091,1.5305976867675781
2012-07-02,69.87000274658203,69.94999694824219,69.37999725341797,69.88999938964844,60.09687805175781,-0.11972899889330976,0.27253776712523603,0.16334152221679688
2012-07-03,69.94999694824219,70.48999786376953,69.83999633789062,70.45999908447266,60.58702850341797,-0.2944764989695504,0.8156005229390084,0.49015045166015625
2012-07-05,70.22000122070312,70.48999786376953,69.87999725341797,70.16999816894531,60.33767318725586,-0.4035726478904395,-0.41156551546019937,-0.24935531616210938
2012-07-06,69.54000091552734,69.63999938964844,69.13999938964844,69.51000213623047,59.770164489746094,0.21930826390699162,-0.9405544952794664,-0.5675086975097656
2012-07-09,69.4000015258789,69.48999786376953,69.04000091552734,69.33999633789062,59.62397003173828,-0.41060902672616545,-0.24459437121491234,-0.1461944580078125
2012-07-10,69.69999694824219,69.81999969482422,68.4800033569336,68.72000122070312,59.09084701538086,-0.33469360002145215,-0.8941420976725234,-0.5331230163574219
2012-07-11,68.76000213623047,68.94999694824219,68.30000305175781,68.66999816894531,59.04784393310547,-0.5802567659948616,-0.07277452337787205,-0.043003082275390625
2012-07-12,68.25,68.66000366210938,67.81999969482422,68.4000015258789,58.81568145751953,-0.18505758037729778,-0.39317688864126676,-0.2321624755859375
2012-07-13,68.54000091552734,69.54000091552734,68.5199966430664,69.47000122070312,59.73574066162109,0.314267101222156,1.56430934965206,0.9200592041015554
2012-07-16,69.33000183105469,69.5,69.01000213623047,69.30000305175781,59.589576721191406,-0.6987132353852944,-0.24468423561974095,-0.1461639404296804
2012-07-17,69.58000183105469,69.87999725341797,68.80999755859375,69.76000213623047,59.9851188659668,0.14390926867646003,0.6637774029274679,0.3955421447753906
2012-07-18,69.55999755859375,70.44999694824219,69.54000091552734,70.26000213623047,60.415069580078125,0.1433928372022783,0.7167622941150142,0.4299507141113281
2012-07-19,70.41000366210938,70.62999725341797,70.13999938964844,70.37999725341797,60.51824188232422,-0.47122517100824524,0.1707724628361884,0.10317230224609375
2012-07-20,70.0199966430664,70.08000183105469,69.66999816894531,69.73999786376953,59.96792221069336,-0.4678038124917913,-0.9093451073825642,-0.5503196716308594
2012-07-23,68.66000366210938,69.16999816894531,68.3499984741211,68.97000122070312,59.30582427978516,-0.22927702535410785,-1.1040868292584105,-0.662097930908196
2012-07-24,69.04000091552734,69.05999755859375,67.9000015258789,68.3499984741211,58.7726936340332,-0.4033144321533486,-0.8989515822878102,-0.5331306457519602
2012-07-25,68.51000213623047,68.68000030517578,68.02999877929688,68.36000061035156,58.78127670288086,-0.29299175848127795,0.014603837797699804,0.00858306884765625
2012-07-26,69.37000274658203,69.56999969482422,68.97000122070312,69.4000015258789,59.675567626953125,-0.40815597722380226,1.521387377468164,0.8942909240722656
2012-07-27,69.81999969482422,70.94000244140625,69.66999816894531,70.7699966430664,60.85358810424805,-0.21378408112865613,1.974041511693736,1.1780204772949219
2012-07-30,70.70999908447266,71.05000305175781,70.48999786376953,70.69999694824219,60.79339599609375,0.0835513401314711,-0.09891299762173622,-0.060192108154296875
2012-07-31,70.62999725341797,70.81999969482422,70.30999755859375,70.30999755859375,60.45803451538086,-0.5888424392531327,-0.551641301194028,-0.3353614807128906
2012-08-01,70.66999816894531,70.69000244140625,69.9800033569336,70.02999877929688,60.21730422973633,-0.2922171112700054,-0.39817749216324305,-0.24073028564453125
2012-08-02,69.55999755859375,70.02999877929688,69.02999877929688,69.55000305175781,59.80453109741211,-0.3793003686038985,-0.685472618882832,-0.41277313232421875
2012-08-03,70.58999633789062,71.12999725341797,70.5,70.95999908447266,61.0169792175293,-0.1722759013913001,2.0273516034132966,1.2124481201171875
2012-08-06,71.12999725341797,71.41999816894531,71.08000183105469,71.13999938964844,61.1717643737793,-0.47361366657633575,0.253675547749066,0.15478515625
2012-08-07,71.45999908447266,71.87999725341797,71.43000030517578,71.56999969482422,61.54151153564453,-0.4308144081535254,0.6044408979377414,0.3697471618652344
2012-08-08,71.31999969482422,71.75,71.29000091552734,71.66000366210938,61.61887741088867,-0.5213190240038724,0.1257133166112201,0.07736587524414062
2012-08-09,71.52999877929688,71.87999725341797,71.51000213623047,71.72000122070312,61.67047500610352,-0.6804444719861159,0.08373666866856588,0.051597595214850855
2012-08-10,71.5,71.87000274658203,71.33000183105469,71.86000061035156,61.79087066650391,-0.2336666928846525,0.19522414962505064,0.12039566040039062
2012-08-13,71.7300033569336,71.8499984741211,71.37999725341797,71.80000305175781,61.7392692565918,-0.17033928336311865,-0.08350976342543781,-0.05160140991211648
2012-08-14,72.08000183105469,72.12000274658203,71.58999633789062,71.77999877929688,61.72206115722656,-0.440884821900069,-0.027872210948454157,-0.017208099365234375
2012-08-15,71.69000244140625,72.02999877929688,71.66000366210938,71.94000244140625,61.859657287597656,-0.552498574257594,0.2229286057388702,0.13759613037109375
2012-08-16,72.0199966430664,72.58000183105469,71.81999969482422,72.48999786376953,62.33258438110352,-0.21346131145729255,0.7645161875164286,0.4729270935058665
2012-08-17,72.55999755859375,72.69000244140625,72.44000244140625,72.62999725341797,62.45298767089844,-0.39563251397489546,0.19316267886273497,0.12040328979491477
2012-08-20,72.52999877929688,72.62999725341797,72.30000305175781,72.62000274658203,62.44436264038086,-0.39259847906407785,-0.013810437001071652,-0.008625030517578125
2012-08-21,72.80000305175781,73.11000061035156,72.25,72.47000122070312,62.315391540527344,0.5526647804912941,-0.20653761909024126,-0.12897109985351562
2012-08-22,72.22000122070312,72.52999877929688,72.0199966430664,72.37999725341797,62.23800277709961,0.21950192570980978,-0.12418884245861683,-0.07738876342773438
2012-08-23,72.26000213623047,72.2699966430664,71.72000122070312,71.83999633789062,61.773658752441406,-0.04581474415105061,-0.7460779651320304,-0.4643440246582031
2012-08-24,71.63999938964844,72.37999725341797,71.5999984741211,72.25,62.12621307373047,-0.505761525844148,0.5707195079733385,0.3525543212890625
2012-08-27,72.41999816894531,72.5199966430664,72.12999725341797,72.23999786376953,62.11762619018555,-0.529130050050871,-0.013821675457237337,-0.008586883544921875
2012-08-28,72.0999984741211,72.44000244140625,71.9800033569336,72.2300033569336,62.10902404785156,-0.5611488014501378,-0.01384815045515353,-0.008602142333984375
2012-08-29,72.36000061035156,72.51000213623047,72.08999633789062,72.31999969482422,62.1864128112793,-0.33734031132663345,0.1246014804034079,0.07738876342773438
2012-08-30,72.05000305175781,72.05000305175781,71.62999725341797,71.77999877929688,61.72206115722656,-0.6683083323428455,-0.7467091814122306,-0.4643516540527344
2012-08-31,72.2300033569336,72.44999694824219,71.68000030517578,72.20999908447266,62.0918197631836,-0.30964667352363856,0.5990704118178147,0.36975860595703836
2012-09-04,72.13999938964844,72.38999938964844,71.62000274658203,72.16000366210938,62.04882049560547,-0.3604506197962656,-0.06925109900487447,-0.042999267578132105
2012-09-05,72.2300033569336,72.41999816894531,72.01000213623047,72.16000366210938,62.04882049560547,-0.48742820851069685,0.0,0.0
2012-09-06,72.55000305175781,73.61000061035156,72.55000305175781,73.5999984741211,63.28704833984375,-0.00953543308978454,1.9955703176113948,1.2382278442382812
2012-09-07,73.75,73.95999908447266,73.68000030517578,73.95999908447266,63.59659576416016,-0.22269252405829087,0.48911654506966773,0.30954742431641336
2012-09-10,73.87999725341797,73.9800033569336,73.5,73.5199966430664,63.21826934814453,-0.5104094091117836,-0.5948846970026622,-0.3783264160156321
2012-09-11,73.55999755859375,73.94999694824219,73.55000305175781,73.68000030517578,63.35585403442383,-0.2700105578801913,0.21763437641990624,0.13758468627929688
2012-09-12,73.98999786376953,74.04000091552734,73.72000122070312,73.98999786376953,63.62241363525391,-0.2507734854669221,0.42073397145787617,0.26655960083008523
2012-09-13,73.97000122070312,75.31999969482422,73.83999633789062,75.0999984741211,64.57685852050781,0.3155581799076103,1.5001708214430698,0.9544448852538991
2012-09-14,75.22000122070312,75.91000366210938,75.19999694824219,75.5,64.92080688476562,2.5678449466826514,0.5326186069404271,0.3439483642578125
2012-09-17,75.37000274658203,75.43000030517578,74.97000122070312,75.19000244140625,64.65425109863281,-0.261683100359011,-0.410586064658669,-0.2665557861328125
2012-09-18,75.04000091552734,75.16000366210938,74.86000061035156,75.05999755859375,64.54246520996094,0.16198437027282034,-0.17289797155231046,-0.111785888671875
2012-09-19,75.12000274658203,75.33000183105469,74.94999694824219,75.12000274658203,64.59410095214844,-0.5920701359667685,0.08000274241080074,0.0516357421875
2012-09-20,74.75,75.05000305175781,74.51000213623047,75.0199966430664,64.5080795288086,0.5269077607164806,-0.13317225887788942,-0.08602142333984375
2012-09-21,75.4000015258789,75.41000366210938,75.0199966430664,75.04000091552734,64.52527618408203,-0.5155737238536008,0.026658141738278296,0.0171966552734375
2012-09-24,74.33000183105469,74.69000244140625,74.26000213623047,74.51000213623047,64.3818588256836,-0.20410099098774884,-0.222265392540566,-0.1434173583984375
2012-09-25,74.69000244140625,74.79000091552734,73.6500015258789,73.75,63.72515106201172,-0.08654827667713404,-1.0200198870460309,-0.656707763671875
2012-09-26,73.66999816894531,73.68000030517578,73.04000091552734,73.26000213623047,63.3017578125,-0.1747289508936633,-0.664405250447675,-0.42339324951171875
2012-09-27,73.56999969482422,74.12999725341797,73.3499984741211,73.98999786376953,63.93253707885742,-0.5140889833653283,0.9964640606439312,0.6307792663574219
2012-09-28,73.70999908447266,73.94000244140625,73.36000061035156,73.6500015258789,63.63874435424805,-0.22934157928838056,-0.45953553234873157,-0.293792724609375
2012-10-01,73.98999786376953,74.47000122070312,73.62999725341797,73.77999877929688,63.751094818115234,0.07147975442247331,0.1765441241923016,0.1123504638671875
2012-10-02,74.08999633789062,74.20999908447266,73.55000305175781,73.88999938964844,63.84612655639648,0.24706645564425928,0.14906683336557425,0.0950317382812429
2012-10-03,74.05999755859375,74.33999633789062,73.66999816894531,74.16000366210938,64.0794448852539,-0.40957616377780204,0.3654385026025553,0.23331832885742898
2012-10-04,74.41000366210938,74.73999786376953,74.30999755859375,74.72000122070312,64.56332397460938,-0.08958231158795167,0.7551237221576246,0.48387908935546875
2012-10-05,75.05000305175781,75.25,74.47000122070312,74.69999694824219,64.5460205078125,-0.2813720503121892,-0.02680076819415733,-0.017303466796875
2012-10-08,74.37999725341797,74.52999877929688,74.26000213623047,74.41000366210938,64.29544830322266,-0.4031853242848032,-0.3882070538485216,-0.25057220458984375
2012-10-09,74.36000061035156,74.41000366210938,73.63999938964844,73.66000366210938,63.64739990234375,1.8451636524996025,-1.007922672570316,-0.6480484008789062
2012-10-10,73.6500015258789,73.70999908447266,73.12000274658203,73.2300033569336,63.27583694458008,-0.31584385121381925,-0.5837834040884227,-0.3715629577636719
2012-10-11,73.80000305175781,73.87999725341797,73.33000183105469,73.33999633789062,63.37086486816406,-0.22430637241510876,0.15018042932757325,0.09502792358398438
2012-10-12,73.37999725341797,73.58000183105469,72.87999725341797,73.0199966430664,63.09437561035156,0.23150895748453484,-0.43630343121827675,-0.2764892578125
2012-10-15,73.16999816894531,73.68000030517578,72.94000244140625,73.62000274658203,63.6128044128418,-0.5193178520414182,0.8216719754734925,0.5184288024902344
2012-10-16,73.94999694824219,74.41000366210938,73.9000015258789,74.37999725341797,64.2695083618164,0.5571190019561114,1.0323455396065384,0.6567039489746094
2012-10-17,74.44000244140625,74.79000091552734,74.30000305175781,74.7300033569336,64.57194519042969,-0.3150692040025466,0.47057591744854577,0.30243682861328125
2012-10-18,74.56999969482422,74.87000274658203,74.30999755859375,74.58000183105469,64.44235229492188,-0.38498111481989744,-0.20069535635890423,-0.1295928955078125
2012-10-19,74.3499984741211,74.3499984741211,73.11000061035156,73.29000091552734,63.32769775390625,-0.18512213431157049,-1.729692510159131,-1.114654541015625
2012-10-22,73.19000244140625,73.41999816894531,72.7300033569336,73.29000091552734,63.32769775390625,-0.23185918272501646,0.0,0.0
2012-10-23,72.5,72.6500015258789,71.94999694824219,72.36000061035156,62.52410125732422,0.35448420227405775,-1.268949488271054,-0.8035964965820312
2012-10-24,72.62999725341797,72.7300033569336,72.04000091552734,72.16000366210938,62.35129165649414,-0.32462318627490855,-0.2763887802542886,-0.17280960083007812
2012-10-25,72.68000030517578,72.80000305175781,71.91999816894531,72.36000061035156,62.52410125732422,-0.4264892945572535,0.2771548050393591,0.17280960083007812
2012-10-26,72.30000305175781,72.54000091552734,71.80000305175781,72.27999877929688,62.45497131347656,-0.3863367474396245,-0.11056527396234861,-0.06912994384765625
2012-10-31,72.58000183105469,72.62999725341797,72.0,72.31999969482422,62.489540100097656,-0.245350954988014,0.0553499359523979,0.03456878662109375
2012-11-01,72.54000091552734,73.2699966430664,72.44999694824219,73.2300033569336,63.27583694458008,-0.15116676488412217,1.258285535823922,0.7862968444824219
2012-11-02,73.61000061035156,73.62999725341797,72.43000030517578,72.47000122070312,62.61913299560547,-0.1846702567716615,-1.037843165235064,-0.6567039489746094
2012-11-05,72.38999938964844,72.81999969482422,72.19999694824219,72.69999694824219,62.81787109375,-0.24857865170164975,0.3173759977776802,0.19873809814453125
2012-11-06,72.9000015258789,73.51000213623047,72.81999969482422,73.25,63.293113708496094,-0.44359608713952303,0.7565404660671016,0.47524261474609375
2012-11-07,72.62000274658203,72.62999725341797,71.27999877929688,71.61000061035156,61.87604141235352,1.9198525544531342,-2.2389043817137244,-1.417072296142571
2012-11-08,71.5999984741211,71.91999816894531,70.69999694824219,70.69999694824219,61.0897331237793,0.11156774760582959,-1.2707798860856712,-0.7863082885742259
2012-11-09,70.54000091552734,71.72000122070312,70.4800033569336,70.7699966430664,61.15021896362305,0.142553636056733,0.09901146518547232,0.06048583984375
2012-11-12,70.98999786376953,71.0999984741211,70.68000030517578,70.80999755859375,61.18478012084961,1.0865903708609232,0.0565184521205353,0.0345611572265625
2012-11-13,70.44999694824219,71.2699966430664,70.36000061035156,70.54000091552734,60.95149230957031,-0.16511041468702872,-0.38128405596704606,-0.23328781127929688
2012-11-14,70.77999877929688,70.87000274658203,69.37000274658203,69.55000305175781,60.09605026245117,1.184195919481269,-1.4034800703063732,-0.8554420471191406
2012-11-15,69.5,69.79000091552734,69.06999969482422,69.37000274658203,59.94052505493164,0.37365672075305423,-0.2587943913790025,-0.15552520751953125
2012-11-16,69.47000122070312,69.91000366210938,68.9000015258789,69.75,60.26886367797852,0.034813119755570957,0.5477740189061997,0.3283386230468821
2012-11-19,70.56999969482422,71.19999694824219,70.54000091552734,71.19000244140625,61.513145446777344,0.31400888548506517,2.0645515658750835,1.244281768798821
2012-11-20,71.0999984741211,71.33999633789062,70.70999908447266,71.2699966430664,61.58226013183594,0.256878653653712,0.1123575856129655,0.06911468505859375
2012-11-21,71.30000305175781,71.4800033569336,71.18000030517578,71.44999694824219,61.73779296875,-0.39285669480116875,0.25256110539153553,0.1555328369140625
2012-11-23,71.7699966430664,72.37999725341797,71.7300033569336,72.37999725341797,62.5413703918457,-0.6231851322862173,1.301597262316223,0.8035774230957031
2012-11-26,72.05999755859375,72.29000091552734,71.81999969482422,72.29000091552734,62.46360778808594,-0.03535700679887071,-0.12433786351746523,-0.07776260375976562
2012-11-27,72.16999816894531,72.44000244140625,71.88999938964844,71.91000366210938,62.13527297973633,-0.06311519853613834,-0.5256417616214537,-0.3283348083496094
2012-11-28,71.6500015258789,72.51000213623047,71.23999786376953,72.4800033569336,62.62778854370117,-0.013021345540511174,0.792650519336191,0.49251556396484375
2012-11-29,72.81999969482422,73.05000305175781,72.5,72.9000015258789,62.99068832397461,0.9578698259211288,0.5794548853025772,0.3628997802734375
2012-11-30,72.91000366210938,73.0199966430664,72.6500015258789,72.87999725341797,62.97340774536133,0.013252105708484004,-0.027433544660449005,-0.01728057861328125
2012-12-03,73.2699966430664,73.29000091552734,72.51000213623047,72.55999755859375,62.69691467285156,-0.05298023085532202,-0.43906322114215524,-0.2764930725097656
2012-12-04,72.58000183105469,72.77999877929688,72.26000213623047,72.45999908447266,62.61050796508789,-0.2760786277018265,-0.1378165228935635,-0.08640670776367188
2012-12-05,72.58000183105469,72.91000366210938,72.04000091552734,72.5999984741211,62.731483459472656,0.10356305975601288,0.1932191549256057,0.12097549438476562
2012-12-06,72.54000091552734,72.86000061035156,72.43000030517578,72.83000183105469,62.93021774291992,-0.3100339971292748,0.31680150458366363,0.19873428344726562
2012-12-07,73.11000061035156,73.19000244140625,72.69000244140625,73.04000091552734,63.11166000366211,0.05966638445056639,0.2883229508014784,0.1814422607421875
2012-12-10,72.98999786376953,73.2699966430664,72.94999694824219,73.12999725341797,63.18941879272461,-0.2806619570351893,0.12320827729455086,0.0777587890625
2012-12-11,73.44000244140625,73.91999816894531,73.4000015258789,73.58999633789062,63.58689880371094,0.35338678539142154,0.6290293827359683,0.3974800109863281
2012-12-12,73.94000244140625,74.13999938964844,73.52999877929688,73.62000274658203,63.6128044128418,0.1890970226673608,0.04074048210911396,0.025905609130859375
2012-12-13,73.5999984741211,73.79000091552734,73.0,73.19999694824219,63.24991226196289,0.31129762024561114,-0.5704702916786486,-0.36289215087890625
2012-12-14,73.0199966430664,73.18000030517578,72.80000305175781,72.88999938964844,62.98206329345703,0.03700795352084328,-0.4234772174805612,-0.2678489685058594
2012-12-17,73.12000274658203,73.80000305175781,73.05000305175781,73.80000305175781,63.76836395263672,0.9915669796114862,1.2484517306395881,0.7863006591796875
2012-12-18,73.94000244140625,74.70999908447266,73.80000305175781,74.66000366210938,64.5114517211914,1.0879460034806503,1.165292195839629,0.7430877685546875
2012-12-19,74.83999633789062,74.87999725341797,74.16999816894531,74.19999694824219,64.11398315429688,1.2453284952375305,-0.6161209464209949,-0.39746856689453125
2012-12-20,73.72000122070312,74.06999969482422,73.4800033569336,74.05999755859375,64.46650695800781,1.8383209354666945,0.5498391869719788,0.3525238037109375
2012-12-21,73.0199966430664,73.54000091552734,72.97000122070312,73.43000030517578,63.91812896728516,1.710052268066809,-0.850640148813786,-0.5483779907226491
2012-12-24,73.19999694824219,73.26000213623047,73.0999984741211,73.18000030517578,63.70050430297852,-0.20920075179529335,-0.34047408430560866,-0.21762466430664062
2012-12-26,73.31999969482422,73.3499984741211,72.68000030517578,72.83000183105469,63.39585494995117,0.4688737738053095,-0.47825265492145164,-0.30464935302735086
2012-12-27,72.87999725341797,73.0199966430664,71.94000244140625,72.7699966430664,63.3436164855957,0.9839496153673059,-0.08240044147477255,-0.05223846435546875
2012-12-28,72.33000183105469,72.68000030517578,71.97000122070312,71.9800033569336,62.65595626831055,1.2041430851715382,-1.085603025904791,-0.6876602172851562
2012-12-31,71.87999725341797,73.30999755859375,71.81999969482422,73.27999877929688,63.78754425048828,4.264451447238159,1.806034173881188,1.1315879821777344
2013-01-02,74.52999877929688,75.1500015258789,74.5,75.13999938964844,65.4066162109375,2.1199051967642792,2.5382258863756446,1.6190719604492188
2013-01-03,75.12000274658203,75.37000274658203,74.83999633789062,75.02999877929688,65.31085968017578,0.5689323719280184,-0.1464019029097985,-0.09575653076171875
2013-01-04,75.13999938964844,75.5199966430664,74.98999786376953,75.41000366210938,65.64165496826172,0.4903702339181237,0.5064935444209828,0.3307952880859375
2013-01-07,75.18000030517578,75.27999877929688,74.94999694824219,75.20999908447266,65.4675521850586,0.48927281703548753,-0.2652321658972556,-0.174102783203125
2013-01-08,75.11000061035156,75.18000030517578,74.69999694824219,75.01000213623047,65.29344177246094,-0.22295073979538174,-0.2659491714391504,-0.17411041259765625
2013-01-09,75.19000244140625,75.41000366210938,75.11000061035156,75.23999786376953,65.49366760253906,-0.21391318899720158,0.30665534645253345,0.200225830078125
2013-01-10,75.62000274658203,75.7699966430664,75.22000122070312,75.76000213623047,65.94630432128906,-0.22566200503483577,0.6911152410900456,0.45263671875
2013-01-11,75.76000213623047,75.80000305175781,75.51000213623047,75.7699966430664,65.95502471923828,-0.3258497110260901,0.01322348240582194,0.00872039794921875
2013-01-14,75.75,75.80000305175781,75.44000244140625,75.69000244140625,65.8853759765625,0.6402644692993689,-0.10560035868725226,-0.06964874267578125
2013-01-15,75.4000015258789,75.88999938964844,75.33999633789062,75.83000183105469,66.00724029541016,-0.4158378954022554,0.18496413967648007,0.12186431884765625
2013-01-16,75.68000030517578,75.91000366210938,75.58999633789062,75.7699966430664,65.95502471923828,-0.34986377457554024,-0.07910583132727522,-0.052215576171875
2013-01-17,76.11000061035156,76.5,76.0,76.29000091552734,66.40765380859375,-0.14103179720330586,0.6862693043968138,0.45262908935546875
2013-01-18,76.31999969482422,76.54000091552734,76.04000091552734,76.5,66.5904312133789,0.2714678427993457,0.2752354499858889,0.18277740478515625
2013-01-22,76.5,76.9000015258789,76.33000183105469,76.9000015258789,66.93863677978516,1.1817428699789059,0.5229063096024777,0.34820556640625
2013-01-23,76.93000030517578,77.08000183105469,76.77999877929688,76.98999786376953,67.0169906616211,0.3497072111378768,0.11705329777436102,0.0783538818359375
2013-01-24,76.91999816894531,77.44000244140625,76.86000061035156,77.08000183105469,67.0953140258789,2.345585750981692,0.11687090614569406,0.0783233642578125
2013-01-25,77.37999725341797,77.52999877929688,77.12000274658203,77.51000213623047,67.46961212158203,0.8029403836666118,0.5578602636225227,0.374298095703125
2013-01-28,77.5999984741211,77.61000061035156,77.1500015258789,77.44000244140625,67.4087142944336,-0.07692974047049944,-0.09025963724038633,-0.0608978271484375
2013-01-29,77.33999633789062,77.7699966430664,77.23999786376953,77.69999694824219,67.63500213623047,0.3395722434570605,0.3356952349045983,0.226287841796875
2013-01-30,77.69000244140625,77.83000183105469,77.2699966430664,77.38999938964844,67.36516571044922,0.20717212426372114,-0.39895973572640075,-0.26983642578125
2013-01-31,77.33000183105469,77.5,77.1500015258789,77.25,67.2432861328125,0.5538913052424757,-0.1809237405584141,-0.12187957763671875
2013-02-01,77.77999877929688,78.11000061035156,77.61000061035156,78.0,67.89615631103516,0.5143197435333011,0.9709076039698061,0.6528701782226562
2013-02-04,77.63999938964844,77.72000122070312,77.12999725341797,77.18000030517578,67.182373046875,0.4547364621995848,-1.0512867044936702,-0.7137832641601562
2013-02-05,77.62000274658203,78.11000061035156,77.54000091552734,77.91000366210938,67.81781005859375,-0.09261634649876929,0.9458388903222925,0.63543701171875
2013-02-06,77.68000030517578,78.05999755859375,77.5999984741211,78.05000305175781,67.93966674804688,-0.008954447681330103,0.17968243054125033,0.121856689453125
2013-02-07,78.05000305175781,78.12999725341797,77.36000061035156,77.91000366210938,67.81781005859375,0.3271778880766991,-0.17936015186095222,-0.121856689453125
2013-02-08,78.02999877929688,78.37999725341797,78.01000213623047,78.37999725341797,68.22691345214844,1.7079219882358094,0.6032388736840977,0.4091033935546875
2013-02-11,78.36000061035156,78.38999938964844,78.13999938964844,78.33999633789062,68.19208526611328,0.23202538895871658,-0.05104757678886518,-0.03482818603515625
2013-02-12,78.33999633789062,78.5999984741211,78.27999877929688,78.47000122070312,68.3052749633789,-0.11921256741912804,0.1659865610853739,0.113189697265625
2013-02-13,78.68000030517578,78.79000091552734,78.33999633789062,78.58000183105469,68.40101623535156,-0.262586855438829,0.14016673239949373,0.09574127197265625
2013-02-14,78.3499984741211,78.75,78.27999877929688,78.68000030517578,68.48808288574219,-0.3006736766597311,0.12728853339114554,0.087066650390625
2013-02-15,78.75,78.83000183105469,78.31999969482422,78.58999633789062,68.40970611572266,-0.32591426496036285,-0.114438551521856,-0.07837677001953125
2013-02-19,78.70999908447266,79.16000366210938,78.70999908447266,79.13999938964844,68.88846588134766,0.006280280807030738,0.6998418686598784,0.478759765625
2013-02-20,79.11000061035156,79.12999725341797,78.08000183105469,78.08999633789062,67.97447204589844,0.48694887540166976,-1.326773391968794,-0.9139938354492188
2013-02-21,77.88999938964844,77.88999938964844,77.25,77.55999755859375,67.51313781738281,0.5732574855242903,-0.6786874757984451,-0.461334228515625
2013-02-22,77.91999816894531,78.30999755859375,77.7699966430664,78.30999755859375,68.1659927368164,0.05159714266647696,0.967004261006954,0.6528549194335938
2013-02-25,78.68000030517578,78.77999877929688,76.8499984741211,76.87000274658203,66.91252136230469,0.1459749945731869,-1.8388514920501087,-1.2534713745117188
2013-02-26,77.19000244140625,77.44000244140625,76.66999816894531,77.36000061035156,67.33905792236328,0.4857223506504882,0.6374540241116833,0.42653656005859375
2013-02-27,77.2699966430664,78.52999877929688,77.26000213623047,78.30999755859375,68.1659927368164,-0.2006150785370222,1.2280166072512033,0.826934814453125
2013-02-28,78.30999755859375,78.80999755859375,78.12999725341797,78.23999786376953,68.10506439208984,-0.12192383265858209,-0.08938231848512057,-0.0609283447265625
2013-03-01,77.95999908447266,78.5,77.51000213623047,78.41999816894531,68.26172637939453,0.08490697275119813,0.23002986444997653,0.1566619873046875
2013-03-04,78.23999786376953,78.77999877929688,78.0999984741211,78.77999877929688,68.5750961303711,-0.21636623849956477,0.45907094296864237,0.3133697509765625
2013-03-05,79.1500015258789,79.72000122070312,79.0999984741211,79.56999969482422,69.26277160644531,0.06566990033792892,1.002806433937553,0.6876754760742188
2013-03-06,79.83999633789062,79.88999938964844,79.5199966430664,79.69000244140625,69.36724090576172,0.18832237545608824,0.15083037668490729,0.10446929931640625
2013-03-07,79.80000305175781,79.94999694824219,79.72000122070312,79.87999725341797,69.53260803222656,-0.12218204839567295,0.23839369175646663,0.16536712646484375
2013-03-08,80.2300033569336,80.36000061035156,79.81999969482422,80.2699966430664,69.87206268310547,0.14907358341827726,0.4881949066567026,0.33945465087890625
2013-03-11,80.19000244140625,80.52999877929688,80.08999633789062,80.5,70.07231140136719,-0.09248723863022386,0.28659339737817646,0.20024871826171875
2013-03-12,80.47000122070312,80.56999969482422,80.12000274658203,80.36000061035156,69.95044708251953,-0.15981699207666605,-0.17391222925362548,-0.12186431884765625
2013-03-13,80.37000274658203,80.61000061035156,80.1500015258789,80.51000213623047,70.08100128173828,-0.4721289260880633,0.18663811978891776,0.13055419921875
2013-03-14,80.72000122070312,80.98999786376953,80.68000030517578,80.95999908447266,70.47271728515625,-0.27440022541073594,0.5589474982573339,0.39171600341796875
2013-03-15,80.9000015258789,80.97000122070312,80.5999984741211,80.87000274658203,70.39437103271484,0.06289408116420217,-0.11117245859044722,-0.07834625244140625
2013-03-18,80.13999938964844,80.7699966430664,80.0,80.43000030517578,70.01136016845703,0.14855715194409552,-0.5440930270970257,-0.3830108642578125
2013-03-19,80.5999984741211,80.72000122070312,79.69000244140625,80.20999908447266,69.81987762451172,-0.14897193111884985,-0.27350210520775686,-0.1914825439453125
2013-03-20,80.6500015258789,80.93000030517578,80.55999755859375,80.80999755859375,70.34213256835938,-0.17905406448993524,0.7480032357781052,0.5222549438476562
2013-03-21,80.33999633789062,80.61000061035156,79.98999786376953,80.16000366210938,69.77635192871094,-0.2161080227624739,-0.8043268223331235,-0.5657806396484375
2013-03-22,80.02999877929688,80.31999969482422,79.97000122070312,80.29000091552734,70.20832824707031,-0.06782763573804657,0.6190869921097519,0.431976318359375
2013-03-25,80.55000305175781,80.69999694824219,79.72000122070312,80.0199966430664,69.97222137451172,0.7439380877413498,-0.33629467963930404,-0.23610687255859375
2013-03-26,80.33999633789062,80.62999725341797,80.23999786376953,80.62000274658203,70.49686431884766,-0.27782158392718986,0.7497874642679925,0.5246429443359375
2013-03-27,80.16000366210938,80.70999908447266,80.01000213623047,80.68000030517578,70.54933166503906,0.47829864820912593,0.07442507790715869,0.05246734619140625
2013-03-28,80.66999816894531,81.0199966430664,80.58000183105469,80.95999908447266,70.79419708251953,0.09323443027237842,0.34708396479652404,0.24486541748046875
2013-04-01,80.94999694824219,81.05999755859375,80.31999969482422,80.52999877929688,70.41817474365234,0.8678170876106908,-0.5311485324551168,-0.3760223388671875
2013-04-02,80.86000061035156,81.04000091552734,80.54000091552734,80.7699966430664,70.6280517578125,0.4697129749508548,0.29804381457512186,0.20987701416015625
2013-04-03,80.81999969482422,80.87999725341797,79.68000030517578,79.88999938964844,69.85855865478516,0.33105112413306204,-1.0895006783791517,-0.7694931030273438
2013-04-04,80.01000213623047,80.33000183105469,79.81999969482422,80.23999786376953,70.16458892822266,-0.2811138345750983,0.43807126761630233,0.3060302734375
2013-04-05,79.26000213623047,80.01000213623047,79.13999938964844,79.95999908447266,69.91974639892578,-0.14187099834885117,-0.34895455533466846,-0.244842529296875
2013-04-08,80.0,80.47000122070312,79.7300033569336,80.44999694824219,70.34822082519531,0.11247150268564761,0.6128088963951228,0.42847442626953125
2013-04-09,80.5999984741211,80.98999786376953,80.33999633789062,80.68000030517578,70.54933166503906,-0.37116657288553634,0.28587907055031003,0.20111083984375
2013-04-10,80.87999725341797,81.80000305175781,80.87000274658203,81.72000122070312,71.45874786376953,0.2945135973347051,1.2890500551419493,0.9094161987304688
2013-04-11,81.7300033569336,82.27999877929688,81.69000244140625,82.02999877929688,71.72982788085938,-0.3163602826880009,0.37935175915289054,0.27108001708984375
2013-04-12,81.76000213623047,81.91999816894531,81.31999969482422,81.73999786376953,71.47623443603516,-0.21933571947610966,-0.3535397369772375,-0.25359344482421875
2013-04-15,81.44999694824219,81.44999694824219,79.73999786376953,79.75,69.73612976074219,0.8399943419391505,-2.434522032424924,-1.7401046752929688
2013-04-16,80.36000061035156,80.9800033569336,80.13999938964844,80.93000030517578,70.7679672241211,0.12409121085473639,1.479631099286749,1.0318374633789062
2013-04-17,80.38999938964844,80.41999816894531,79.29000091552734,79.72000122070312,69.70990753173828,0.6036623885667393,-1.495111042305275,-1.0580596923828125
2013-04-18,79.8499984741211,79.91000366210938,78.93000030517578,79.22000122070312,69.27267456054688,-0.15975243814239334,-0.6272178326909073,-0.43723297119140625
2013-04-19,79.48999786376953,80.01000213623047,79.2300033569336,79.9800033569336,69.93724060058594,-0.5085373450178747,0.959348031897056,0.6645660400390625
2013-04-22,80.12999725341797,80.5,79.55000305175781,80.31999969482422,70.23454284667969,-0.33314430559890695,0.4250986220512454,0.29730224609375
2013-04-23,80.72000122070312,81.23999786376953,80.38999938964844,81.19000244140625,70.99530792236328,0.13190223690173494,1.083177941863056,0.7607650756835938
2013-04-24,81.19999694824219,81.5,81.06999969482422,81.30999755859375,71.10023498535156,-0.4605737718532472,0.14779436283736125,0.10492706298828125
2013-04-25,81.54000091552734,82.04000091552734,81.44999694824219,81.63999938964844,71.38880920410156,-0.408220531158075,0.40586957104917776,0.28857421875
2013-04-26,81.52999877929688,81.68000030517578,81.22000122070312,81.48999786376953,71.25762939453125,-0.38930622841616935,-0.18375402396091367,-0.1311798095703125
2013-04-29,81.70999908447266,82.19000244140625,81.58999633789062,82.01000213623047,71.71234893798828,0.23583407108080678,0.6381345370604308,0.45471954345703125
2013-04-30,82.0199966430664,82.30000305175781,81.69000244140625,82.26000213623047,71.93093872070312,-0.008050692601512087,0.304814702003231,0.21858978271484375
2013-05-01,82.11000061035156,82.16999816894531,81.37999725341797,81.41999816894531,71.1964111328125,0.26236573806689284,-1.0211566829993468,-0.734527587890625
2013-05-02,81.61000061035156,82.31999969482422,81.61000061035156,82.2699966430664,71.93968963623047,-0.08848489470531551,1.043983104754287,0.7432785034179688
2013-05-03,82.98999786376953,83.37999725341797,82.86000061035156,83.04000091552734,72.61302185058594,0.40645011936359365,0.935967638670987,0.6733322143554688
2013-05-06,83.1500015258789,83.45999908447266,83.0999984741211,83.36000061035156,72.89282989501953,0.08122739849765334,0.38534141301727054,0.27980804443359375
2013-05-07,83.58000183105469,83.83000183105469,83.30999755859375,83.81999969482422,73.29508209228516,0.13822852246046105,0.5518405552987105,0.402252197265625
2013-05-08,83.72000122070312,84.20999908447266,83.68000030517578,84.20999908447266,73.6360855102539,-0.011859374723602297,0.46524733752175695,0.34100341796875
2013-05-09,84.19000244140625,84.3499984741211,83.73999786376953,83.93000030517578,73.39125061035156,-0.16659515517530116,-0.3324930952070426,-0.24483489990234375
2013-05-10,84.04000091552734,84.30000305175781,83.80999755859375,84.30000305175781,73.71481323242188,-0.2711725286971002,0.4408735637823735,0.3235626220703125
2013-05-13,84.19000244140625,84.44000244140625,83.95999908447266,84.31999969482422,73.73229217529297,-0.30209386321373083,0.02371157451892536,0.01747894287109375
2013-05-14,84.4000015258789,85.25,84.4000015258789,85.19000244140625,74.49304962158203,-0.20216437295956735,1.031783257843677,0.7607574462890625
2013-05-15,85.05999755859375,85.79000091552734,85.0199966430664,85.55999755859375,74.81659698486328,0.6392961602852781,0.43433228324634143,0.32354736328125
2013-05-16,85.52999877929688,85.76000213623047,85.0999984741211,85.20999908447266,74.51053619384766,0.16327544895827464,-0.4090814115450203,-0.306060791015625
2013-05-17,85.56999969482422,86.08999633789062,85.45999908447266,86.08000183105469,75.27127838134766,-0.13754588475257923,1.0209860596370524,0.7607421875
2013-05-20,86.01000213623047,86.38999938964844,85.9000015258789,86.06999969482422,75.26252746582031,-0.046718499230868626,-0.011625836196127448,-0.00875091552734375
2013-05-21,86.13999938964844,86.4800033569336,85.86000061035156,86.20999908447266,75.38494873046875,-0.17434162728802702,0.16265898684313385,0.1224212646484375
2013-05-22,86.27999877929688,87.08999633789062,85.0,85.36000061035156,74.64170837402344,1.048826319311385,-0.9859267253768289,-0.7432403564453125
2013-05-23,84.48999786376953,85.37000274658203,84.31999969482422,85.19999694824219,74.50177001953125,0.6423947491303685,-0.1874801066864218,-0.1399383544921875
2013-05-24,84.66000366210938,85.0999984741211,84.37999725341797,85.08999633789062,74.40559387207031,-0.3883379194020786,-0.12909243288544703,-0.0961761474609375
2013-05-28,86.02999877929688,86.41999816894531,85.33999633789062,85.63999938964844,74.88654327392578,0.23731881156907925,0.6463887684068359,0.48094940185546875
2013-05-29,85.19999694824219,85.31999969482422,84.56999969482422,85.05999755859375,74.37934112548828,0.4309160604529528,-0.6772941122174858,-0.5072021484375
2013-05-30,85.16000366210938,85.7699966430664,85.08000183105469,85.41000366210938,74.68541717529297,-0.07957645177568078,0.41150680440729115,0.3060760498046875
2013-05-31,85.18000030517578,85.6500015258789,84.19999694824219,84.2699966430664,73.68858337402344,0.16256535568127478,-1.3347100933102873,-0.9968338012695312
2013-06-03,84.44999694824219,84.66000366210938,83.73999786376953,84.61000061035156,73.98587036132812,1.2051113941856288,0.40343696905631443,0.2972869873046875
2013-06-04,84.72000122070312,84.98999786376953,83.7699966430664,84.19999694824219,73.6273422241211,0.3606168260299657,-0.48459001084405484,-0.35852813720703125
2013-06-05,83.98999786376953,84.11000061035156,82.94000244140625,83.01000213623047,72.58677673339844,0.7691786760419816,-1.4132867753873013,-1.0405654907226562
2013-06-06,82.98999786376953,83.80000305175781,82.52999877929688,83.79000091552734,73.26884460449219,0.5684804943881093,0.9396585739009922,0.68206787109375
2013-06-07,84.3499984741211,84.9000015258789,83.97000122070312,84.83000183105469,74.17825317382812,0.4120017577110472,1.2411940904008434,0.9094085693359375
2013-06-10,85.1500015258789,85.16000366210938,84.61000061035156,84.86000061035156,74.20450592041016,1.220281568739717,0.03539143274311485,0.02625274658203125
2013-06-11,84.0999984741211,84.72000122070312,83.7699966430664,84.0,73.45246124267578,0.22524722586008145,-1.0134757565005592,-0.752044677734375
2013-06-12,84.58000183105469,84.62999725341797,83.19000244140625,83.29000091552734,72.83162689208984,0.5261976674394807,-0.8452192616593135,-0.6208343505859375
2013-06-13,83.22000122070312,84.72000122070312,83.02999877929688,84.58000183105469,73.95964050292969,1.514970278694663,1.54879639378529,1.1280136108398438
2013-06-14,84.48999786376953,84.80999755859375,83.93000030517578,84.0999984741211,73.53990936279297,-0.06440627722159264,-0.567513764645855,-0.41973114013671875
2013-06-17,84.66999816894531,85.05999755859375,84.26000213623047,84.69000244140625,74.05583953857422,0.4283984570163169,0.7015648785151818,0.51593017578125
2013-06-18,84.79000091552734,85.5199966430664,84.79000091552734,85.33000183105469,74.61544036865234,0.22066389652671867,0.7556471354114302,0.559600830078125
2013-06-19,85.19000244140625,85.47000122070312,84.20999908447266,84.23999786376953,73.66234588623047,1.7396179699637127,-1.277342166330353,-0.953094482421875
2013-06-20,83.47000122070312,83.47000122070312,81.9000015258789,82.1500015258789,71.83477783203125,2.0527691051206554,-2.481007130864188,-1.8275680541992188
2013-06-21,82.62999725341797,82.77999877929688,81.47000122070312,82.36000061035156,72.01838684082031,1.5973410988266479,0.2555990487203674,0.1836090087890625
2013-06-24,81.11000061035156,81.61000061035156,80.19000244140625,80.91999816894531,71.0924072265625,2.3401632205027845,-1.2857544508799834,-0.9259796142578125
2013-06-25,81.66000366210938,81.98999786376953,81.11000061035156,81.7300033569336,71.80404663085938,0.5627351942378377,1.0010062003231512,0.711639404296875
2013-06-26,82.4000015258789,82.69000244140625,82.05000305175781,82.48999786376953,72.47171783447266,0.48004160443448923,0.9298517770812254,0.6676712036132812
2013-06-27,83.0199966430664,83.4000015258789,82.98999786376953,83.0999984741211,73.00764465332031,0.2958692299544321,0.7394978825694842,0.5359268188476562
2013-06-28,82.93000030517578,83.30999755859375,82.51000213623047,82.66999816894531,72.6298599243164,0.8197889605117905,-0.5174591384201399,-0.37778472900390625
2013-07-01,83.29000091552734,83.94000244140625,83.11000061035156,83.36000061035156,73.23605346679688,0.22189042127790026,0.8346340514936212,0.6061935424804688
2013-07-02,83.33000183105469,83.88999938964844,82.94000244140625,83.2699966430664,73.15699005126953,0.13248322231018939,-0.10795695806190553,-0.07906341552734375
2013-07-03,82.98999786376953,83.58999633789062,82.83000183105469,83.38999938964844,73.26243591308594,-0.4831676488486976,0.14413641368036245,0.10544586181640625
2013-07-05,84.0199966430664,84.30000305175781,83.33000183105469,84.27999877929688,74.04432678222656,0.43943717977695124,1.0672466174455497,0.781890869140625
2013-07-08,84.70999908447266,84.95999908447266,84.55999755859375,84.7300033569336,74.4396743774414,0.14164988097691497,0.5339336751316592,0.39534759521484375
2013-07-09,85.2300033569336,85.45999908447266,84.87999725341797,85.33000183105469,74.96678161621094,0.30768259992633906,0.7080998717120535,0.5271072387695312
2013-07-10,85.29000091552734,85.62999725341797,85.12000274658203,85.37000274658203,75.001953125,1.7082447579071731,0.046916124756601896,0.0351715087890625
2013-07-11,86.43000030517578,86.63999938964844,86.11000061035156,86.61000061035156,76.09136199951172,1.166508141490545,1.4525073403036437,1.0894088745117188
2013-07-12,86.54000091552734,86.83000183105469,86.44000244140625,86.69000244140625,76.16163635253906,0.2505523680949859,0.09235523084445418,0.07027435302734375
2013-07-15,86.91000366210938,87.11000061035156,86.7300033569336,87.0199966430664,76.45155334472656,0.3788855894291442,0.3806601408162136,0.2899169921875
2013-07-16,87.06999969482422,87.0999984741211,86.41999816894531,86.62999725341797,76.10892486572266,-0.07447669096813626,-0.44816418243193157,-0.34262847900390625
2013-07-17,87.01000213623047,87.12999725341797,86.76000213623047,86.91000366210938,76.35492706298828,-0.022317112075782193,0.32322385015901567,0.246002197265625
2013-07-18,87.08999633789062,87.58999633789062,87.01000213623047,87.4000015258789,76.78541564941406,0.22389159324035443,0.5637993551754095,0.43048858642578125
2013-07-19,87.19999694824219,87.52999877929688,87.0999984741211,87.52999877929688,76.8996353149414,-0.09616681288376865,0.14875177084259228,0.11421966552734375
2013-07-22,87.69000244140625,87.81999969482422,87.47000122070312,87.72000122070312,77.06658172607422,0.23738336550335196,0.21709649265446718,0.1669464111328125
2013-07-23,87.93000030517578,88.0,87.51000213623047,87.55999755859375,76.92597198486328,0.10453136877010362,-0.18245228743987152,-0.1406097412109375
2013-07-24,87.94999694824219,87.98999786376953,87.02999877929688,87.20999908447266,76.6185073852539,0.8032631533379754,-0.39968893687800655,-0.307464599609375
2013-07-25,87.0,87.56999969482422,86.94999694824219,87.52999877929688,76.8996353149414,0.018416420450301237,0.36691908950134966,0.2811279296875
2013-07-26,87.2300033569336,87.56999969482422,86.79000091552734,87.54000091552734,76.90840911865234,0.0592790608449301,0.011409421741737091,0.0087738037109375
2013-07-29,87.41999816894531,87.56999969482422,87.0199966430664,87.23999786376953,76.64483642578125,-0.04613751382241418,-0.34270984914596125,-0.26357269287109375
2013-07-30,87.54000091552734,87.62000274658203,87.0999984741211,87.33000183105469,76.72390747070312,-0.24134861106310562,0.10316552113518451,0.079071044921875
2013-07-31,87.43000030517578,88.0,87.31999969482422,87.41999816894531,76.80297088623047,0.2957401220858867,0.10304925561506195,0.07906341552734375
2013-08-01,88.0999984741211,88.5999984741211,88.06999969482422,88.52999877929688,77.77816009521484,0.42820479521349875,1.2697284984313217,0.975189208984375
2013-08-02,88.43000030517578,88.62000274658203,88.19000244140625,88.56999969482422,77.81331634521484,0.3041321335413397,0.04520067067279587,0.03515625
2013-08-05,88.51000213623047,88.69000244140625,88.33999633789062,88.58000183105469,77.8221206665039,-0.378267505655535,0.011314671707340906,0.0088043212890625
2013-08-06,88.51000213623047,88.54000091552734,87.7699966430664,88.0,77.31255340576172,-0.1068827659730394,-0.6547845990034995,-0.5095672607421875
2013-08-07,87.66000366210938,87.77999877929688,87.29000091552734,87.6500015258789,77.00504302978516,-0.13593203639576135,-0.39774960524541214,-0.3075103759765625
2013-08-08,88.08999633789062,88.18000030517578,87.55999755859375,88.01000213623047,77.32134246826172,0.3214325879264274,0.41075158980721227,0.3162994384765625
2013-08-09,87.9000015258789,88.16999816894531,87.47000122070312,87.79000091552734,77.1280517578125,0.4947599014486683,-0.24998364523812766,-0.19329071044921875
2013-08-12,87.38999938964844,87.83000183105469,87.25,87.7300033569336,77.0753402709961,-0.4203566708013455,-0.06834282160000926,-0.05271148681640625
2013-08-13,87.91999816894531,88.04000091552734,87.31999969482422,87.91999816894531,77.24224853515625,-0.2937664056925505,0.21655209509723328,0.16690826416015625
2013-08-14,87.9000015258789,88.0,87.44000244140625,87.45999908447266,76.83814239501953,-0.24773945055610444,-0.5231672404678811,-0.40410614013671875
2013-08-15,86.81999969482422,86.81999969482422,86.05000305175781,86.16000366210938,75.69601440429688,0.6303231634213707,-1.486407603207085,-1.1421279907226562
2013-08-16,86.08000183105469,86.33999633789062,85.7300033569336,85.87999725341797,75.45000457763672,2.0483794375901105,-0.3249970670135993,-0.24600982666015625
2013-08-19,85.6500015258789,86.05999755859375,85.30000305175781,85.30000305175781,74.94046020507812,0.231702619287353,-0.6753404130469987,-0.5095443725585938
2013-08-20,85.43000030517578,86.13999938964844,85.36000061035156,85.86000061035156,75.43244934082031,0.18812871365327008,0.6565066913064577,0.4919891357421875
2013-08-21,85.62999725341797,86.08999633789062,85.12000274658203,85.36000061035156,74.99317169189453,0.8710447843243265,-0.5823457315313085,-0.43927764892578125
2013-08-22,85.55000305175781,86.27999877929688,85.55000305175781,86.12000274658203,75.66087341308594,0.20129771624490403,0.8903500227122274,0.6677017211914062
2013-08-23,86.41000366210938,86.55999755859375,85.98999786376953,86.4800033569336,75.97716522216797,-0.3133262477771833,0.4180388023743431,0.31629180908203125
2013-08-26,86.58999633789062,86.86000061035156,86.13999938964844,86.26000213623047,75.78389739990234,0.1476533968642775,-0.2543761954009294,-0.193267822265625
2013-08-27,85.37000274658203,85.6500015258789,84.68000030517578,84.7300033569336,74.4396743774414,0.27559929459279947,-1.7737581050597528,-1.3442230224609375
2013-08-28,84.72000122070312,85.33999633789062,84.5999984741211,85.04000091552734,74.71202087402344,-0.19958221558865874,0.3658620202999785,0.27234649658203125
2013-08-29,84.87999725341797,85.68000030517578,84.8499984741211,85.2699966430664,74.91409301757812,-0.2982206271573679,0.27046804676240654,0.2020721435546875
2013-08-30,85.44000244140625,85.44999694824219,84.62000274658203,84.7699966430664,74.4748306274414,0.4418256753450417,-0.5863548131506469,-0.43926239013671875
2013-09-03,85.7699966430664,85.91999816894531,84.83999633789062,85.19999694824219,74.85258483886719,0.034813119755570957,0.5072239953327173,0.37775421142578125
2013-09-04,85.2699966430664,86.08000183105469,85.12000274658203,85.95999908447266,75.52030181884766,0.5535685355711121,0.8920426481167532,0.6677169799804688
2013-09-05,86.01000213623047,86.2699966430664,85.98999786376953,86.05999755859375,75.60814666748047,-0.15626652569166669,0.1163195147756868,0.0878448486328125
2013-09-06,86.4000015258789,86.63999938964844,85.30999755859375,86.12999725341797,75.66966247558594,0.035071335492661816,0.08136134903029557,0.06151580810546875
2013-09-09,86.43000030517578,87.12999725341797,86.41999816894531,87.0999984741211,76.52185821533203,0.03733072319220686,1.126205287384563,0.8521957397460938
2013-09-10,87.66000366210938,87.77999877929688,87.43000030517578,87.77999877929688,77.11925506591797,1.098468294767103,0.7806878511821713,0.5973968505859375
2013-09-11,87.69999694824219,88.0199966430664,87.48999786376953,88.01000213623047,77.32134246826172,-0.11624308644258313,0.2620453247000665,0.20208740234375
2013-09-12,88.02999877929688,88.12000274658203,87.6500015258789,87.73999786376953,77.0841064453125,-0.40583203558998454,-0.30681829282335205,-0.23723602294921875
2013-09-13,87.87000274658203,88.0,87.62000274658203,87.91999816894531,77.24224853515625,0.02584012289166351,0.20515524812620978,0.15814208984375
2013-09-16,88.93000030517578,89.0,88.30000305175781,88.43000030517578,77.69032287597656,0.49469534751439564,0.5800897168553698,0.4480743408203125
2013-09-17,88.54000091552734,88.9000015258789,88.54000091552734,88.9000015258789,78.10324096679688,-0.062275997390593044,0.5314923088677093,0.4129180908203125
2013-09-18,88.91999816894531,90.12000274658205,88.58000183105469,89.94000244140625,79.01693725585938,0.6128936011677376,1.16985707347399,0.9136962890625
2013-09-19,90.06999969482422,90.2300033569336,89.66000366210938,89.80000305175781,78.89392852783203,0.5753232114210172,-0.15567387486690176,-0.12300872802734375
2013-09-20,89.88999938964844,90.0,89.08000183105469,89.19999694824219,78.3668212890625,0.5940438523601047,-0.668121424050494,-0.5271072387695312
2013-09-23,88.51000213623047,88.68000030517578,87.98999786376953,88.37000274658203,78.01280975341797,0.5378819295428422,-0.4517364999898743,-0.35401153564453125
2013-09-24,88.23999786376953,88.76000213623047,88.01000213623047,88.2300033569336,77.88921356201172,1.4590665716144915,-0.15843063696451276,-0.12359619140625
2013-09-25,88.33999633789062,88.5,87.94999694824219,88.06999969482422,77.74796295166016,-0.2633615026501016,-0.18134810186407613,-0.1412506103515625
2013-09-26,88.22000122070312,88.66000366210938,88.0999984741211,88.41000366210938,78.0481185913086,-0.35070297572108555,0.3860623844705202,0.3001556396484375
2013-09-27,87.98999786376953,88.1500015258789,87.79000091552734,88.05999755859375,77.7391357421875,0.11976609725846445,-0.3958876327808114,-0.30898284912109375
2013-09-30,87.37999725341797,87.87999725341797,87.0999984741211,87.6500015258789,77.377197265625,0.4963091958712135,-0.4655807825839853,-0.3619384765625
2013-10-01,87.73999786376953,88.4800033569336,87.66999816894531,88.41000366210938,78.0481185913086,0.8536797760049661,0.8670788674089769,0.6709213256835938
2013-10-02,87.91000366210938,88.30999755859375,87.61000061035156,88.26000213623047,77.91571044921875,0.1685688715686373,-0.1696493707723845,-0.13240814208984375
2013-10-03,88.04000091552734,88.16000366210938,87.04000091552734,87.51000213623047,77.25362396240234,4.202479670336351,-0.8497470959312081,-0.6620864868164062
2013-10-04,87.56999969482422,88.23999786376953,87.44000244140625,88.1500015258789,77.8185806274414,0.48836906195566954,0.7313011818241844,0.5649566650390625
2013-10-07,87.44999694824219,87.86000061035156,87.30000305175781,87.36000061035156,77.12117767333984,-0.09991094107158613,-0.8961907920685408,-0.6974029541015625
2013-10-08,87.25,87.43000030517578,86.16000366210938,86.19999694824219,76.09711456298828,1.0835563359501057,-1.3278623865018768,-1.0240631103515625
2013-10-09,86.37999725341797,86.51000213623047,85.62999725341797,86.13999938964844,76.04415130615234,1.3126582486839729,-0.06959955990459843,-0.0529632568359375
2013-10-10,87.08000183105469,88.12000274658203,87.05999755859375,88.08000183105469,77.75679016113281,1.474172192234307,2.2521638095287733,1.7126388549804688
2013-10-11,87.9800033569336,88.7300033569336,87.9000015258789,88.69999694824219,78.30412292480469,0.8904755185404138,0.7039034951644263,0.547332763671875
2013-10-14,88.12000274658203,89.12999725341797,87.9800033569336,89.08999633789062,78.64842224121094,0.06334595870411117,0.4396950039742942,0.34429931640625
2013-10-15,88.88999938964844,89.1500015258789,88.27999877929688,88.41000366210938,78.0481185913086,0.5485333286978403,-0.7632748792610777,-0.6003036499023438
2013-10-16,88.98999786376953,89.66999816894531,88.87999725341797,89.6500015258789,79.14279174804688,0.43537028191777016,1.4025618765654446,1.0946731567382812
2013-10-17,89.3499984741211,90.3499984741211,89.26000213623047,90.30999755859376,79.7254409790039,1.7357447339073497,0.736199997609277,0.5826492309570312
2013-10-18,90.70999908447266,90.9800033569336,90.4499969482422,90.9499969482422,80.29041290283203,0.8026176139952482,0.7086469725227529,0.564971923828125
2013-10-21,91.0,91.13999938964844,90.72000122070312,90.9000015258789,80.24627685546875,0.4572540656362207,-0.054970507396312485,-0.04413604736328125
2013-10-22,91.22000122070312,91.7300033569336,91.01000213623048,91.41999816894533,80.7053451538086,1.2938730538106127,0.5720742647869814,0.45906829833984375
2013-10-23,91.16999816894533,91.22000122070312,90.62999725341795,90.98999786376952,80.32572937011719,0.662471022689183,-0.47037254220019253,-0.37961578369140625
2013-10-24,91.25,91.38999938964844,90.91000366210938,91.33999633789062,80.63471221923828,-0.025738470592236114,0.384662363534094,0.30898284912109375
2013-10-25,91.56999969482422,91.66999816894533,91.26000213623048,91.66999816894533,80.92606353759766,0.18386815399127088,0.36132245076687663,0.291351318359375
2013-10-28,91.6500015258789,91.8499984741211,91.45999908447266,91.73999786376952,80.98785400390625,-0.026706779606326843,0.076354222122621,0.06179046630859375
2013-10-29,91.9499969482422,92.1999969482422,91.8000030517578,92.1999969482422,81.39392852783203,-0.19293316035856906,0.5014017582268604,0.40607452392578125
2013-10-30,92.3499984741211,92.4000015258789,91.30999755859376,91.66000366210938,80.9172134399414,0.5731929315900176,-0.5856887565362068,-0.476715087890625
2013-10-31,91.58999633789062,91.9499969482422,91.18000030517578,91.38999938964844,80.6788558959961,0.7647244545771642,-0.2945696395269759,-0.2383575439453125
2013-11-01,91.44000244140624,91.79000091552734,91.0,91.51000213623048,80.78479766845703,0.4675826951198552,0.1313129335863472,0.1059417724609375
2013-11-04,91.80999755859376,91.97000122070312,91.55999755859376,91.93000030517578,81.15558624267578,1.0912382541285588,0.4589831068717576,0.37078857421875
2013-11-05,91.6999969482422,91.86000061035156,91.2699966430664,91.66000366210938,80.9172134399414,0.35377410899705786,-0.29372322198694123,-0.238372802734375
2013-11-06,92.08000183105467,92.23999786376952,91.66999816894533,91.9000015258789,81.12908172607422,0.582165928453925,0.26183339381806725,0.2118682861328125
2013-11-07,92.19000244140624,92.19000244140624,90.5999984741211,90.68000030517578,80.05207061767578,0.7248946771308988,-1.327527793344041,-1.0770111083984375
2013-11-08,90.75,91.88999938964844,90.66999816894533,91.88999938964844,81.12024688720703,0.5709980978247453,1.3343518303640112,1.06817626953125
2013-11-11,91.79000091552734,92.06999969482422,91.7300033569336,91.9499969482422,81.17322540283203,-0.015345287174328929,0.06530862227116518,0.052978515625
2013-11-12,91.76000213623048,91.9499969482422,91.45999908447266,91.80999755859376,81.04962921142578,0.20310522640454007,-0.15226226479592153,-0.12359619140625
2013-11-13,91.37999725341795,92.5999984741211,91.3000030517578,92.58999633789062,81.73821258544922,0.05456662364302187,0.8495823864008045,0.6885833740234375
2013-11-14,92.73999786376952,93.08999633789062,92.4800033569336,93.02999877929688,82.12664794921875,0.14061701802855153,0.47521881318783876,0.38843536376953125
2013-11-15,93.02999877929688,93.44000244140624,93.0,93.44000244140624,82.48859405517578,-0.08351424176631642,0.4407170084195222,0.36194610595703125
2013-11-18,93.72000122070312,93.72000122070312,92.77999877929688,93.0,82.10015106201172,0.8844074487187786,-0.47090509616909415,-0.3884429931640625
2013-11-19,92.9800033569336,93.22000122070312,92.5500030517578,92.7300033569336,81.86181640625,0.04869221562420477,-0.2902974631334154,-0.23833465576171875
2013-11-20,92.88999938964844,93.18000030517578,92.16000366210938,92.44000244140624,81.60580444335938,0.11498910612228351,-0.3127367240669754,-0.256011962890625
2013-11-21,92.7699966430664,93.33000183105467,92.6500015258789,93.2699966430664,82.33849334716797,0.6245133093368264,0.897839202500772,0.7326889038085938
2013-11-22,93.38999938964844,93.75,93.22000122070312,93.7300033569336,82.74462127685547,0.6029522952897394,0.49324187652441953,0.4061279296875
2013-11-25,93.95999908447266,93.97000122070312,93.5,93.62999725341795,82.65632629394531,-0.02180068060160047,-0.10670782166580794,-0.08829498291015625
2013-11-26,93.62999725341795,94.01000213623048,93.5199966430664,93.72000122070312,82.73577117919922,-0.2570352170913755,0.0961147062977119,0.07944488525390625
2013-11-27,93.93000030517578,94.04000091552734,93.76000213623048,93.98999786376952,82.97412872314453,-0.1758909217105722,0.2880949081009332,0.2383575439453125
2013-11-29,94.06999969482422,94.33999633789062,93.86000061035156,93.86000061035156,82.85935974121094,-0.5284845107081438,-0.1383189961735365,-0.11476898193359375
2013-12-02,94.05999755859376,94.18000030517578,93.54000091552734,93.66000366210938,82.68280029296875,0.9400529400618594,-0.2130832881084621,-0.1765594482421875
2013-12-03,93.4000015258789,93.58999633789062,92.94000244140624,93.3000030517578,82.36499786376953,0.24261223417944192,-0.3843634081975411,-0.31780242919921875
2013-12-04,92.97000122070312,93.62000274658205,92.4800033569336,93.16999816894533,82.250244140625,0.3534513393256943,-0.1393234093617468,-0.11475372314453125
2013-12-05,93.13999938964844,93.26000213623048,92.81999969482422,92.9000015258789,82.01188659667969,0.2789560991749807,-0.28979554581963773,-0.2383575439453125
2013-12-06,93.8000030517578,93.97000122070312,93.4800033569336,93.86000061035156,82.85935974121094,0.20549372197263052,1.0333540413464348,0.84747314453125
2013-12-09,94.25,94.27999877929688,93.9499969482422,94.06999969482422,83.04474639892578,0.23744791943762467,0.2237365317495188,0.18538665771484375
2013-12-10,93.93000030517578,94.1500015258789,93.72000122070312,93.76000213623048,82.7710952758789,0.41955456802095487,-0.3295224983075107,-0.273651123046875
2013-12-11,93.87999725341795,93.87999725341795,92.5,92.5999984741211,81.74702453613281,1.3774703986937793,-1.2372323168285182,-1.0240707397460938
2013-12-12,92.55999755859376,92.76000213623048,92.18000030517578,92.43000030517578,81.59697723388672,1.18374404194136,-0.1835507813251036,-0.15004730224609375
2013-12-13,92.69000244140624,92.72000122070312,92.25,92.45999908447266,81.62345123291016,1.1958156276503578,0.032444828130762104,0.0264739990234375
2013-12-16,92.94000244140624,93.33999633789062,92.87999725341795,93.11000061035156,82.19727325439453,0.938761861376405,0.7030112214282624,0.573822021484375
2013-12-17,93.23999786376952,93.23999786376952,92.56999969482422,92.83000183105467,81.95010375976562,1.0463732698090216,-0.3007027907895865,-0.24716949462890625
2013-12-18,93.02999877929688,94.33999633789062,92.16000366210938,94.33000183105467,83.27429962158203,1.5082566695303006,1.6158562357629913,1.3241958618164062
2013-12-19,94.12999725341795,94.23999786376952,93.83000183105467,94.1999969482422,83.1595230102539,2.969047648187578,-0.13782957268893004,-0.114776611328125
2013-12-20,93.86000061035156,94.52999877929688,93.83999633789062,94.33000183105467,83.71329498291016,2.8771228457832314,0.665915282592433,0.55377197265625
2013-12-23,94.83999633789062,94.9499969482422,94.6500015258789,94.88999938964844,84.21025085449219,0.8661386853196001,0.5936403192389861,0.49695587158203125
2013-12-24,94.98999786376952,95.20999908447266,94.9000015258789,95.1500015258789,84.44099426269531,-0.2525164416922854,0.27400869355185264,0.230743408203125
2013-12-26,95.4000015258789,95.63999938964844,95.26000213623048,95.5999984741211,84.84034729003906,0.7664028568682548,0.47293738169562616,0.39935302734375
2013-12-27,95.7300033569336,95.91999816894533,95.43000030517578,95.54000091552734,84.78709411621094,0.39838087757950424,-0.0627686891074064,-0.053253173828125
2013-12-30,95.5999984741211,95.66000366210938,95.41000366210938,95.56999969482422,84.81372833251953,0.9080341886625924,0.03141305476526135,0.02663421630859375
2013-12-31,95.72000122070312,96.0,95.66000366210938,95.91999816894533,85.12433624267578,1.818502877644971,0.36622362471614434,0.31060791015625
2014-01-02,95.76000213623048,95.76000213623048,94.81999969482422,95.08000183105467,84.37886047363281,1.2748941971344343,-0.8757492885674178,-0.7454757690429688
2014-01-03,95.29000091552734,95.44000244140624,94.9499969482422,95.05999755859376,84.36114501953125,0.9379872141651324,-0.020995133143686395,-0.0177154541015625
2014-01-06,95.5,95.55999755859376,94.66999816894533,94.80999755859376,84.1392593383789,0.9141668124185005,-0.2630188116827581,-0.22188568115234375
2014-01-07,95.19000244140624,95.58999633789062,95.0999984741211,95.41999816894533,84.68059539794922,0.5576999873645658,0.6433810611444102,0.5413360595703125
2014-01-08,95.44000244140624,95.62000274658205,95.08999633789062,95.48999786376952,84.74272918701172,1.310334307050155,0.07337429404046247,0.0621337890625
2014-01-09,95.83000183105467,95.83000183105467,95.0999984741211,95.56999969482422,84.81372833251953,1.0891725282318319,0.08378199072527348,0.0709991455078125
2014-01-10,95.77999877929688,95.87000274658205,95.3000030517578,95.83999633789062,85.05332946777344,0.7426470090558955,0.2825027739784325,0.23960113525390625
2014-01-13,95.75,95.87999725341795,94.38999938964844,94.62999725341795,83.97950744628906,1.658344566714364,-1.2625279083180896,-1.073822021484375
2014-01-14,94.93000030517578,95.7300033569336,94.7300033569336,95.66999816894533,84.90247344970703,0.5856518409046516,1.0990371716674607,0.9229660034179688
2014-01-15,95.94000244140624,96.29000091552734,95.83999633789062,96.1500015258789,85.32843780517578,0.498245813899395,0.5017101836509719,0.42596435546875
2014-01-16,96.0500030517578,96.12000274658205,95.79000091552734,96.08000183105467,85.26632690429688,0.8423828375072409,-0.07279038791349057,-0.06211090087890625
2014-01-17,96.0,96.12999725341795,95.5500030517578,95.70999908447266,84.9379653930664,0.6216729362288269,-0.3851010394748444,-0.32836151123046875
2014-01-21,96.36000061035156,96.36000061035156,95.44000244140624,96.02999877929688,85.22193908691406,2.4555856549823996,0.33433069950936645,0.28397369384765625
2014-01-22,96.2699966430664,96.3000030517578,95.91000366210938,96.20999908447266,85.38169860839844,0.06909125885438284,0.18746290356224105,0.159759521484375
2014-01-23,95.7699966430664,95.8499984741211,94.91000366210938,95.37999725341795,84.64509582519531,0.9490904908600395,-0.8627174151003225,-0.736602783203125
2014-01-24,94.7699966430664,94.88999938964844,93.29000091552734,93.31999969482422,82.81694793701172,3.5646222457876506,-2.159780044385551,-1.8281478881835938
2014-01-27,93.31999969482422,93.5999984741211,92.20999908447266,92.72000122070312,82.28448486328125,3.170520477052723,-0.6429397448158181,-0.5324630737304688
2014-01-29,92.66999816894533,93.08000183105467,92.18000030517578,92.41000366210938,82.0093765258789,1.9152692251197714,-0.33433804423694813,-0.27510833740234375
2014-01-30,93.2300033569336,93.77999877929688,92.95999908447266,93.48999786376952,82.96782684326172,0.5083807815802113,1.1687082111645708,0.9584503173828125
2014-01-31,92.44000244140624,93.5500030517578,92.27999877929688,92.87999725341795,82.42647552490234,1.5146475090232994,-0.6524834251499301,-0.541351318359375
2014-02-03,92.83999633789062,93.0500030517578,90.54000091552734,90.6999969482422,80.4918441772461,3.10816137654528,-2.3470994426684766,-1.93463134765625
2014-02-04,91.1999969482422,91.62999725341795,90.77999877929688,91.38999938964844,81.10417938232422,1.0805868549735609,0.7607419252685377,0.612335205078125
2014-02-05,91.0199966430664,91.44000244140624,90.38999938964844,91.25,80.97992706298828,1.0677406220532903,-0.15320088345905924,-0.1242523193359375
2014-02-06,91.48999786376952,92.37000274658205,91.3499984741211,92.36000061035156,81.96499633789062,0.9579989337896743,1.2164363572915171,0.9850692749023438
2014-02-07,92.94000244140624,93.61000061035156,92.52999877929688,93.5500030517578,83.02107238769531,1.152435383819093,1.2884476264125588,1.0560760498046875
2014-02-10,93.62000274658205,93.73999786376952,93.26000213623048,93.66000366210938,83.11869049072266,1.0758098638373799,0.11758232003011848,0.09761810302734375
2014-02-11,93.98999786376952,94.9499969482422,93.81999969482422,94.7300033569336,84.06827545166016,1.6362025672588225,1.1424445637091551,0.9495849609375
2014-02-12,94.91000366210938,95.20999908447266,94.62999725341795,94.86000061035156,84.1836166381836,0.8878933611695052,0.13719942023762144,0.1153411865234375
2014-02-13,94.1500015258789,95.5199966430664,94.1500015258789,95.44000244140624,84.6983413696289,0.6281928835903712,0.6114310028488834,0.5147247314453125
2014-02-14,95.4000015258789,96.0500030517578,95.22000122070312,95.9000015258789,85.1065902709961,0.31678470465879194,0.48200341915263234,0.4082489013671875
2014-02-18,96.05999755859376,96.2699966430664,95.7699966430664,96.18000030517578,85.35507202148438,0.8089438995539743,0.29196534568836086,0.24848175048828125
2014-02-19,95.97000122070312,96.5,95.44000244140624,95.54000091552734,84.78709411621094,0.3662330183116919,-0.6654295893868789,-0.5679779052734375
2014-02-20,95.6500015258789,96.33000183105467,95.33000183105467,96.18000030517578,85.35507202148438,0.5837797768107429,0.669887217145293,0.5679779052734375
2014-02-21,96.38999938964844,96.52999877929688,96.02999877929688,96.0999984741211,85.28406524658203,0.1282872165824629,-0.08318987169791958,-0.07100677490234375
2014-02-24,96.37999725341795,97.2699966430664,96.30999755859376,96.6500015258789,85.77217864990234,0.3901179739925966,0.5723383400041193,0.4881134033203125
2014-02-25,96.7699966430664,97.01000213623048,96.27999877929688,96.61000061035156,85.73666381835938,0.43511206618067927,-0.04140600379048953,-0.03551483154296875
2014-02-26,96.83000183105467,97.0999984741211,96.4499969482422,96.70999908447266,85.82540893554688,0.1170548320190104,0.10350894615576145,0.0887451171875
2014-02-27,96.62999725341795,97.22000122070312,96.47000122070312,97.22000122070312,86.27803039550781,-0.10281586811385833,0.5273746616236252,0.4526214599609375
2014-02-28,97.16999816894533,97.86000061035156,96.73999786376952,97.4000015258789,86.43775939941406,0.3547424180111486,0.1851328816548481,0.15972900390625
2014-03-03,96.56999969482422,96.87999725341795,96.01000213623048,96.69000244140624,85.80767059326172,0.6391670524167328,-0.7289508781004095,-0.6300888061523438
2014-03-04,97.93000030517578,98.3499984741211,97.63999938964844,98.20999908447266,87.15660858154297,0.8727877405496899,1.5720482550742654,1.34893798828125
2014-03-05,98.26000213623048,98.37999725341795,98.08999633789062,98.2300033569336,87.17436981201172,0.06586356214074707,0.020378524081898775,0.01776123046875
2014-03-06,98.54000091552734,98.6500015258789,98.2699966430664,98.41000366210938,87.3341064453125,0.21382117949381083,0.1832380705994785,0.15973663330078125
2014-03-07,98.83999633789062,98.8499984741211,98.0,98.37999725341795,87.30746459960938,0.3607459338985111,-0.030505660145285773,-0.026641845703125
2014-03-10,98.31999969482422,98.4000015258789,97.7300033569336,98.30999755859376,87.2453384399414,0.5379464834771149,-0.07115790150691303,-0.06212615966796875
2014-03-11,98.5,98.62999725341795,97.52999877929688,97.76000213623048,86.75724792480469,1.2686324655099808,-0.5594459530611107,-0.48809051513671875
2014-03-12,97.36000061035156,97.86000061035156,97.02999877929688,97.83000183105467,86.81937408447266,0.3049067807526123,0.07160918672963756,0.06212615966796875
2014-03-13,98.18000030517578,98.2699966430664,96.41999816894533,96.6999969482422,85.81654357910156,1.1162206266920998,-1.1550768661328648,-1.0028305053710938
2014-03-14,96.51000213623048,97.06999969482422,96.43000030517578,96.58000183105467,85.7100601196289,0.7353524144830788,-0.12408267104641046,-0.10648345947265625
2014-03-17,97.08999633789062,97.66000366210938,97.05999755859376,97.3499984741211,86.39339447021484,0.6342609534120064,0.7972627129559706,0.6833343505859375
2014-03-18,97.6500015258789,98.27999877929688,97.5,98.18000030517578,87.12997436523438,1.2389376557445317,0.8525882094764459,0.7365798950195312
2014-03-19,98.20999908447266,98.27999877929688,97.0199966430664,97.62000274658205,86.63300323486328,0.6146365573931009,-0.5703790618460158,-0.49697113037109375
2014-03-20,97.38999938964844,98.19000244140624,97.20999908447266,98.11000061035156,87.0678482055664,-0.18486391857447962,0.5019391622892888,0.434844970703125
2014-03-21,98.56999969482422,98.69000244140624,97.6500015258789,97.75,86.74836730957031,0.6897127829522689,-0.3669332624849142,-0.31948089599609375
2014-03-24,98.11000061035156,98.1999969482422,96.7300033569336,97.18000030517578,86.24250793457031,1.400387045360593,-0.5831341738050111,-0.505859375
2014-03-25,97.1999969482422,97.58000183105467,96.58999633789062,97.0999984741211,86.54824829101562,-0.00798613866723937,0.35451236723922364,0.3057403564453125
2014-03-26,97.5199966430664,97.6500015258789,96.2699966430664,96.29000091552734,85.82626342773438,0.7376763561168965,-0.8341992790583119,-0.72198486328125
2014-03-27,96.08999633789062,96.5,95.69000244140624,96.08999633789062,85.64799499511719,1.3439023528719671,-0.20770848630418115,-0.1782684326171875
2014-03-28,96.37000274658205,97.08999633789062,96.27999877929688,96.5199966430664,86.0312728881836,-0.1420646601516693,0.44750363752035227,0.38327789306640625
2014-03-31,97.0999984741211,97.58000183105467,97.0500030517578,97.47000122070312,86.87804412841797,0.790868797957614,0.9842598067041797,0.846771240234375
2014-04-01,97.88999938964844,98.2699966430664,97.75,98.2300033569336,87.55546569824219,1.3739844862430526,0.7797385134763024,0.6774215698242188
2014-04-02,98.45999908447266,98.66000366210938,98.18000030517578,98.54000091552734,87.83177185058594,0.7114029048679013,0.31557841665308395,0.27630615234375
2014-04-03,98.72000122070312,98.73999786376952,97.95999908447266,98.2699966430664,87.59109497070312,0.26882113149416437,-0.27402029449233867,-0.2406768798828125
2014-04-04,98.83999633789062,98.8499984741211,96.7699966430664,96.91999816894533,86.38780975341797,0.8221129021456083,-1.3737529113976965,-1.2032852172851562
2014-04-07,96.5999984741211,96.80999755859376,95.4800033569336,95.76000213623048,85.35386657714844,2.3000106733851555,-1.1968623573404336,-1.0339431762695312
2014-04-08,95.76000213623048,96.37999725341795,95.3499984741211,96.18000030517578,85.72822570800781,1.2748941971344343,0.4385965696363625,0.374359130859375
2014-04-09,96.5,97.33000183105467,96.22000122070312,97.33000183105467,86.75325775146484,0.1433282832680056,1.1956762606382565,1.0250320434570312
2014-04-10,97.3000030517578,97.3499984741211,95.02999877929688,95.19000244140624,84.84580993652344,0.9875000817523052,-2.198704537881402,-1.9074478149414062
2014-04-11,94.66000366210938,95.30999755859376,94.0999984741211,94.25,84.0079345703125,1.0501819519311117,-0.987527099850638,-0.8378753662109375
2014-04-14,95.0199966430664,95.1999969482422,94.12000274658205,94.88999938964844,84.57839965820312,0.965293528362491,0.6790609610966669,0.570465087890625
2014-04-15,95.12999725341795,95.5999984741211,94.02999877929688,95.54000091552734,85.15776824951172,1.0239085006821167,0.6850077486094897,0.5793685913085938
2014-04-16,96.20999908447266,96.5500030517578,95.75,96.54000091552734,86.04910278320312,1.7721531528371612,1.0466861121580795,0.8913345336914062
2014-04-17,96.41999816894533,96.97000122070312,96.26000213623048,96.7300033569336,86.21846008300781,0.31491264056488316,0.19681471895340863,0.1693572998046875
2014-04-21,96.77999877929688,97.12000274658205,96.56999969482422,97.12000274658205,86.56608581542969,0.8325706394977882,0.4031917666903251,0.347625732421875
2014-04-22,97.26000213623048,97.91000366210938,97.19000244140624,97.62000274658205,87.0117416381836,0.44485971025585935,0.5148157255303154,0.44565582275390625
2014-04-23,97.62000274658205,97.68000030517578,97.3000030517578,97.37000274658205,86.78890991210938,0.029132373539571998,-0.25609385800000606,-0.22283172607421875
2014-04-24,97.83999633789062,97.9000015258789,96.95999908447266,97.5,86.90478515625,-0.18195899153220743,0.13351388358024963,0.115875244140625
2014-04-25,97.19000244140624,97.25,96.33999633789062,96.5500030517578,86.0580062866211,0.11260061055419304,-0.9743754249049053,-0.8467788696289062
2014-04-28,96.9000015258789,97.22000122070312,95.6500015258789,96.69000244140624,86.18279266357422,0.1889679147988154,0.1450026352429301,0.124786376953125
2014-04-29,97.0,97.3000030517578,96.7699966430664,97.16999816894533,86.61065673828125,0.8451586566809677,0.49646113972803274,0.42786407470703125
2014-04-30,97.16999816894533,97.55999755859376,96.76000213623048,97.52999877929688,86.93153381347656,-0.21262211031174727,0.37048221001825254,0.3208770751953125
2014-05-01,97.41000366210938,97.83999633789062,97.13999938964844,97.55999755859376,86.95825958251953,0.01486595406530189,0.0307434688778363,0.02672576904296875
2014-05-02,97.58999633789062,98.02999877929688,97.3499984741211,97.4800033569336,86.88693237304688,-0.04219972383177854,-0.08202465161457617,-0.07132720947265625
2014-05-05,97.0,97.6999969482422,96.66000366210938,97.63999938964844,87.02957153320312,-0.2920234494671872,0.16416641290064593,0.14263916015625
2014-05-06,97.4000015258789,97.48999786376952,96.70999908447266,96.73999786376952,86.22735595703125,-0.2697523421431004,-0.9217735558606277,-0.802215576171875
2014-05-07,97.02999877929688,97.20999908447266,96.16000366210938,97.19000244140624,86.62847900390625,-0.0704743470432279,0.4651923306971062,0.401123046875
2014-05-08,97.08999633789062,97.8000030517578,96.66000366210938,96.93000030517578,86.39673614501953,0.07115698475110974,-0.2675134800372847,-0.23174285888671875
2014-05-09,96.93000030517578,97.16999816894533,96.5,97.16999816894533,86.61065673828125,-0.07473490670522712,0.24760263269973937,0.21392059326171875
2014-05-12,97.61000061035156,98.3000030517578,97.5500030517578,98.2699966430664,87.59109497070312,0.060763801333202555,1.1320064635747418,0.980438232421875
2014-05-13,98.4000015258789,98.56999969482422,98.13999938964844,98.20999908447266,87.53763580322266,-0.14632521981366853,-0.06103265120540602,-0.05345916748046875
2014-05-14,98.13999938964844,98.19000244140624,97.5199966430664,97.66999816894533,87.0562973022461,-0.2361197423870157,-0.5498646342912084,-0.4813385009765625
2014-05-15,97.36000061035156,97.43000030517578,96.20999908447266,96.7699966430664,86.25410461425781,0.2555875749682577,-0.9214642855796984,-0.8021926879882812
2014-05-16,96.91999816894533,97.19000244140624,96.43000030517578,97.18000030517578,86.61955261230469,-0.38956444415326025,0.42368766064087016,0.365447998046875
2014-05-19,96.94000244140624,97.68000030517578,96.77999877929688,97.62999725341795,87.0206527709961,-0.3508966375239037,0.4630596055912095,0.40110015869140625
2014-05-20,97.5199966430664,97.62000274658205,96.62000274658205,96.9000015258789,86.36997985839844,0.06812294984029212,-0.7477223990837834,-0.6506729125976562
2014-05-21,97.2300033569336,97.72000122070312,97.0999984741211,97.6500015258789,87.03849792480469,-0.301383769936731,0.7740166982813657,0.66851806640625
2014-05-22,97.69000244140624,98.19000244140624,97.52999877929688,97.9800033569336,87.33263397216797,-0.5105385169803289,0.3379378716041215,0.29413604736328125
2014-05-23,98.0999984741211,98.51000213623048,98.01000213623048,98.48999786376952,87.7872085571289,-0.37529802467899015,0.5205094181698566,0.4545745849609375
2014-05-27,98.83000183105467,99.16000366210938,98.77999877929688,99.13999938964844,88.36658477783203,-0.19009278725056958,0.6599779514871784,0.579376220703125
2014-05-28,99.16000366210938,99.26000213623048,98.81999969482422,99.02999877929688,88.26852416992188,-0.23902466942928788,-0.11097023626825964,-0.09806060791015625
2014-05-29,99.26000213623048,99.55999755859376,99.0,99.55999755859376,88.74092102050781,-0.2796936480210986,0.5351815440762797,0.4723968505859375
2014-05-30,99.44000244140624,99.68000030517578,99.29000091552734,99.58000183105467,88.75875091552734,-0.19919489198302245,0.020092077943845155,0.01782989501953125
2014-06-02,99.8000030517578,99.83999633789062,99.16000366210938,99.6999969482422,88.86570739746094,0.6515614077970941,0.12050246407295795,0.10695648193359375
2014-06-03,99.4499969482422,99.72000122070312,99.31999969482422,99.66000366210938,88.83003997802734,-0.5237075195719629,-0.04013631408352758,-0.03566741943359375
2014-06-04,99.37999725341795,99.97000122070312,99.33000183105467,99.87000274658205,89.01724243164062,0.0005349806567590652,0.2107422822950289,0.18720245361328125
2014-06-05,100.0199966430664,100.76000213623048,99.63999938964844,100.68000030517578,89.73917388916016,0.028486834196844845,0.8110018214436687,0.7219314575195312
2014-06-06,100.98999786376952,101.25,100.8499984741211,101.1999969482422,90.20270538330078,0.1136980274368292,0.5165319381178479,0.463531494140625
2014-06-09,101.1999969482422,101.66999816894533,101.13999938964844,101.37000274658205,90.3542251586914,-0.04510465087405074,0.16797697446742088,0.151519775390625
2014-06-10,101.20999908447266,101.3499984741211,100.9800033569336,101.3499984741211,90.33641052246094,-0.11843792020785546,-0.019716439601114022,-0.01781463623046875
2014-06-11,101.05999755859376,101.12000274658205,100.7300033569336,101.01000213623048,90.03335571289062,0.2036862118129945,-0.3354736011953463,-0.3030548095703125
2014-06-12,100.87999725341795,100.93000030517578,100.05999755859376,100.29000091552734,89.39158630371094,0.28670257128770654,-0.7128129392691362,-0.6417694091796875
2014-06-13,100.4499969482422,100.69000244140624,100.11000061035156,100.62000274658205,89.68573760986328,0.2233751617661727,0.3290592753919297,0.29415130615234375
2014-06-16,100.4499969482422,100.88999938964844,100.30999755859376,100.6999969482422,89.75702667236328,0.6615027136750923,0.0794876246768661,0.0712890625
2014-06-17,100.55999755859376,101.1999969482422,100.45999908447266,101.05999755859376,90.07791900634766,-0.4283613586511622,0.3575122147881693,0.320892333984375
2014-06-18,101.08000183105467,101.83999633789062,100.87000274658205,101.80999755859376,90.74642181396484,-0.27569130409619025,0.7421383786298197,0.6685028076171875
2014-06-19,101.9000015258789,102.0,101.52999877929688,101.93000030517578,90.85338592529295,0.24364509712780535,0.11787143690071833,0.10696411132811079
2014-06-20,102.1999969482422,102.1999969482422,101.9800033569336,102.16999816894533,91.06729888916016,0.1288036480566446,0.235448532477478,0.2139129638672017
2014-06-23,102.19000244140624,102.25,101.9499969482422,102.13999938964844,91.04054260253906,-0.28705279652818816,-0.02938078426335533,-0.02675628662109375
2014-06-24,101.54000091552734,102.06999969482422,100.91000366210938,101.01000213623048,90.40509796142578,-0.09029240486495153,-0.6979798482610988,-0.6354446411132812
2014-06-25,100.81999969482422,101.5999984741211,100.77999877929688,101.5199966430664,90.86156463623048,-0.24147771893165107,0.504912538228175,0.4564666748047017
2014-06-26,101.52999877929688,101.52999877929688,100.76000213623048,101.45999908447266,90.80785369873048,-0.21262211031174727,-0.059112934842175946,-0.0537109375
2014-06-27,101.22000122070312,101.75,101.22000122070312,101.7300033569336,91.04952239990234,-0.2417359346687419,0.2661319382942784,0.2416687011718608
2014-06-30,101.5500030517578,101.91000366210938,101.5500030517578,101.7699966430664,91.08528900146484,-0.09842620058331368,0.03928258009460173,0.0357666015625
2014-07-01,102.06999969482422,102.81999969482422,102.0,102.5,91.7386703491211,0.0421077143283878,0.7173291700767859,0.65338134765625
2014-07-02,102.52999877929688,102.62999725341795,102.36000061035156,102.44000244140624,91.68496704101562,-0.16072074715648407,-0.05853944459963678,-0.05370330810546875
2014-07-03,102.73999786376952,103.0,102.66000366210938,102.9800033569336,92.16828918457033,-0.4945936952149682,0.5271552787257772,0.4833221435547017
2014-07-07,102.8000030517578,102.80999755859376,102.30999755859376,102.44000244140624,91.68496704101562,0.2873481106304337,-0.5243909242872324,-0.4833221435547017
2014-07-08,102.33999633789062,102.33999633789062,101.3499984741211,101.66000366210938,90.9868621826172,0.24325777352216907,-0.761416926818681,-0.6981048583984233
2014-07-09,101.91000366210938,102.16000366210938,101.6500015258789,102.0999984741211,91.3806610107422,0.07315815671356392,0.43280845022946046,0.393798828125
2014-07-10,101.02999877929688,101.9499969482422,100.87000274658205,101.6500015258789,90.9779052734375,-0.12211749446140024,-0.4407450469824825,-0.4027557373047017
2014-07-11,101.62999725341795,101.79000091552734,101.3000030517578,101.73999786376952,91.05845642089844,-0.32307389185236335,0.08853924171901006,0.0805511474609375
2014-07-14,102.3000030517578,102.41000366210938,102.16000366210938,102.2300033569336,91.49700164794922,-0.44734021532734053,0.4816084571252821,0.43854522705078125
2014-07-15,102.3000030517578,102.5,101.51000213623048,101.97000122070312,91.2643051147461,0.5409159644536599,-0.2543214848705788,-0.232696533203125
2014-07-16,102.36000061035156,102.4800033569336,101.9499969482422,102.2300033569336,91.49700164794922,0.11608652300491967,0.2549699281779061,0.232696533203125
2014-07-17,101.87999725341795,102.27999877929688,100.91000366210938,101.0500030517578,90.44090270996094,0.14662053391591406,-1.1542443128921387,-1.0560989379882812
2014-07-18,101.33999633789062,102.23999786376952,101.3000030517578,102.13999938964844,91.41646575927734,-0.48871928719615115,1.0786746041721695,0.9755630493164062
2014-07-21,101.83000183105467,102.37999725341795,101.4499969482422,101.9000015258789,91.20166015625,-0.205650285410294,-0.23497474031973775,-0.21480560302734375
2014-07-22,102.29000091552734,102.62999725341795,102.23999786376952,102.41999816894533,91.66706085205078,-0.3582557860309933,0.5102984912812358,0.46540069580078125
2014-07-23,102.58000183105467,102.77999877929688,102.37000274658205,102.66000366210938,91.88187408447266,-0.656365854502393,0.23434070038372834,0.214813232421875
2014-07-24,102.83999633789062,102.91999816894533,102.56999969482422,102.68000030517578,91.89976501464844,-0.5340361490555974,0.01947166441047532,0.01789093017578125
2014-07-25,102.37000274658205,102.41999816894533,101.93000030517578,102.13999938964844,91.41646575927734,-0.3960843915148045,-0.5258982493524966,-0.48329925537109375
2014-07-28,102.18000030517578,102.27999877929688,101.51000213623048,102.11000061035156,91.3896026611328,-0.3640010861812649,-0.029385404392334724,-0.02686309814454546
2014-07-29,102.29000091552734,102.4800033569336,101.72000122070312,101.73999786376952,91.05845642089844,-0.42758671143988963,-0.36234563953869703,-0.3311462402343608
2014-07-30,102.12000274658205,102.26000213623048,101.37999725341795,101.80999755859376,91.1211166381836,-0.12934753509994437,0.0688131775433698,0.06266021728515625
2014-07-31,101.12000274658205,101.27999877929688,99.73999786376952,99.73999786376952,89.2684326171875,0.7651117781828005,-2.0332104010013174,-1.8526840209960938
2014-08-01,99.5500030517578,100.13999938964844,98.95999908447266,99.48999786376952,89.0447006225586,2.1974344718258103,-0.25062834427522773,-0.22373199462890625
2014-08-04,99.73999786376952,100.37999725341795,99.20999908447266,100.16999816894533,89.65328216552734,1.0114495913674826,0.6834562177354009,0.60858154296875
2014-08-05,99.6999969482422,100.12999725341795,98.93000030517578,99.29000091552734,88.86568450927734,0.7113383509336286,-0.8784928306315165,-0.78759765625
2014-08-06,98.81999969482422,99.77999877929688,98.72000122070312,99.30999755859376,88.88357543945312,0.006409388675576169,0.020132552035789786,0.01789093017578125
2014-08-07,99.81999969482422,99.87999725341795,98.55999755859376,98.79000091552734,88.41818237304688,1.0071890317054835,-0.5235984984911735,-0.46539306640625
2014-08-08,98.95999908447266,99.97000122070312,98.7699966430664,99.93000030517578,89.43848419189453,-0.12043909217030964,1.1539502299910298,1.0203018188476562
2014-08-11,100.31999969482422,100.73999786376952,100.22000122070312,100.29000091552734,89.76070404052734,0.14603954850745962,0.36026980057206615,0.3222198486328125
2014-08-12,100.16999816894533,100.48999786376952,99.7699966430664,100.11000061035156,89.59957122802734,-0.24399532236828697,-0.17951375740908881,-0.1611328125
2014-08-13,100.5199966430664,100.9000015258789,100.30999755859376,100.81999969482422,90.23503875732422,-0.35186494653799444,0.709230547186035,0.635467529296875
2014-08-14,100.93000030517578,101.26000213623048,100.87000274658205,101.26000213623048,90.62885284423828,0.06270041936138401,0.43643144873375395,0.3938140869140625
2014-08-15,101.62000274658205,101.73999786376952,100.5199966430664,101.2699966430664,90.6377944946289,1.295616010035976,0.009866229252608605,0.008941650390625
2014-08-18,101.86000061035156,102.22000122070312,101.7300033569336,102.18000030517578,91.45227813720705,0.6231576767170993,0.898613704271467,0.8144836425781392
2014-08-19,102.41000366210938,102.76000213623048,102.3000030517578,102.69000244140624,91.9087371826172,0.09265344486392398,0.4991226623412448,0.45645904541015625
2014-08-20,102.5,103.02999877929688,102.41999816894533,102.93000030517578,92.12351989746094,0.7594955859010744,0.23369129141332934,0.2147827148437358
2014-08-21,103.0,103.30999755859376,102.80999755859376,103.16000366210938,92.3293685913086,-0.10455882433922165,0.22344857651637184,0.20584869384765625
2014-08-22,103.12000274658205,103.26000213623048,102.77999877929688,103.01000213623048,92.19512939453124,-0.004435672282240022,-0.14539165470909277,-0.13423919677735796
2014-08-25,103.5999984741211,103.75,103.37999725341795,103.5500030517578,92.67841339111328,-0.34637786212481364,0.5241968851889434,0.48328399658204546
2014-08-26,103.6500015258789,103.95999908447266,103.61000061035156,103.73999786376952,92.84846496582033,-0.18621955119420666,0.18348563434011922,0.17005157470704546
2014-08-27,103.80999755859376,103.87000274658205,103.5199966430664,103.68000030517578,92.79478454589844,-0.38653040924244264,-0.05781508605624541,-0.05368041992188921
2014-08-28,103.27999877929688,103.6500015258789,103.19000244140624,103.56999969482422,92.69632720947266,-0.20913619786102064,-0.10610223075315783,-0.09845733642578125
2014-08-29,103.75,103.93000030517578,103.41999816894533,103.87999725341795,92.97377014160156,-0.010503742103875273,0.29930304736016655,0.27744293212890625
2014-09-02,104.04000091552734,104.2699966430664,103.55999755859376,103.95999908447266,93.0453872680664,-0.009729094892602687,0.07702938834874828,0.07161712646484375
2014-09-03,104.38999938964844,104.44000244140624,103.6999969482422,103.8499984741211,92.9469223022461,-0.14806817603903183,-0.1058246611802871,-0.0984649658203125
2014-09-04,104.01000213623048,104.38999938964844,103.37000274658205,103.62999725341795,92.75003051757812,-0.10462337827349436,-0.2118324951392303,-0.19689178466796875
2014-09-05,103.58999633789062,104.12000274658205,103.20999908447266,104.11000061035156,93.1796417236328,-0.1696937440203915,0.4631925225871081,0.4296112060546733
2014-09-08,103.97000122070312,104.16000366210938,103.5500030517578,103.9000015258789,92.99169158935548,-0.21759276325074636,-0.20170729442678947,-0.18795013427731533
2014-09-09,103.7699966430664,103.83999633789062,102.98999786376952,103.16999816894533,92.33831787109376,-0.29512203831227757,-0.7026151552839477,-0.6533737182617188
2014-09-10,103.2300033569336,103.5999984741211,102.8499984741211,103.55999755859376,92.68738555908205,-0.29847884289445875,0.3780312399404906,0.34906768798828125
2014-09-11,103.1500015258789,103.76000213623048,103.08999633789062,103.75,92.85742950439452,-0.08777480142831563,0.18345964155399574,0.17004394531247158
2014-09-12,103.69000244140624,103.69000244140624,102.77999877929688,103.08000183105467,92.25778198242188,0.4673244793827643,-0.6457722609522154,-0.599647521972642
2014-09-15,103.0999984741211,103.23999786376952,102.55999755859376,102.80999755859376,92.01612091064452,1.3510678395762385,-0.26194112473179043,-0.24166107177735796
2014-09-16,102.5500030517578,103.69000244140624,102.52999877929688,103.54000091552734,92.6694793701172,-0.32972294708245303,0.7100478188024839,0.6533584594726847
2014-09-17,103.6999969482422,104.16000366210938,103.19000244140624,103.6500015258789,92.76792907714844,0.21427305703371982,0.10623746642413057,0.09844970703123579
2014-09-18,104.0199966430664,104.2300033569336,103.87999725341795,104.18000030517578,93.24227905273438,0.04901498529556835,0.5113297023063401,0.4743499755859375
2014-09-19,104.58999633789062,104.58999633789062,103.73999786376952,103.9800033569336,93.06329345703124,0.11602196907064696,-0.19195755136134363,-0.1789855957031392
2014-09-22,103.75,103.8000030517578,102.83000183105467,103.0199966430664,92.20407104492188,0.3743022600957814,-0.9232667147182738,-0.8592224121093608
2014-09-23,102.75,103.0999984741211,102.3499984741211,102.36000061035156,91.61336517333984,0.13687288984073404,-0.6406505318992228,-0.5907058715820312
2014-09-24,101.9800033569336,102.75,101.63999938964844,102.69000244140624,92.32816314697266,0.3944430875888686,0.7802332905033627,0.7147979736328125
2014-09-25,102.43000030517578,102.5199966430664,101.0500030517578,101.08000183105467,90.8805923461914,0.8053934331689749,-1.567854001900737,-1.44757080078125
2014-09-26,101.29000091552734,102.0999984741211,101.11000061035156,101.9000015258789,91.61786651611328,0.3060687515695212,0.8112559028151667,0.737274169921875
2014-09-29,101.0199966430664,101.83999633789062,100.9000015258789,101.72000122070312,91.4560089111328,0.6936505729429046,-0.17666598354155738,-0.16185760498048296
2014-09-30,101.86000061035156,102.0,101.12999725341795,101.23999786376952,91.02444458007812,0.24997138268653146,-0.47188187653587343,-0.4315643310546733
2014-10-01,101.11000061035156,101.33999633789062,99.66000366210938,99.91000366210938,89.82866668701172,1.443767289191858,-1.3136887553479415,-1.1957778930664062
2014-10-02,99.86000061035156,100.30999755859376,98.80999755859376,99.95999908447266,89.87360382080078,0.9580634877239469,0.05002538214848862,0.0449371337890625
2014-10-03,100.6999969482422,101.2699966430664,100.36000061035156,101.08000183105467,90.8805923461914,0.35538795735387574,1.1204497011140901,1.006988525390625
2014-10-06,101.56999969482422,101.61000061035156,100.56999969482422,100.87999725341795,90.70077514648438,0.00356901556757669,-0.19786094595648507,-0.17981719970703125
2014-10-07,100.38999938964844,100.56999969482422,99.29000091552734,99.31999969482422,89.29817962646484,0.2573950851278937,-1.5463986032691501,-1.4025955200195312
2014-10-08,99.3499984741211,101.06999969482422,98.73999786376952,100.97000122070312,90.78168487548828,1.0989847262412846,1.6612939426413398,1.4835052490234375
2014-10-09,100.75,100.91999816894533,98.87000274658205,98.88999938964844,88.91159057617188,0.8192725290376088,-2.0599907369876824,-1.8700942993164062
2014-10-10,98.8499984741211,99.33999633789062,97.6500015258789,97.66000366210938,87.8056869506836,1.3114962778670638,-1.243823913532216,-1.1059036254882812
2014-10-13,97.70999908447266,98.01000213623048,96.02999877929688,96.0999984741211,86.40309143066406,2.3233146436576058,-1.5973857374492195,-1.4025955200195312
2014-10-14,96.58999633789062,97.5,96.04000091552734,96.4000015258789,86.6728286743164,1.3948999609474124,0.3121847137481204,0.26973724365234375
2014-10-15,95.19000244140624,96.20999908447266,93.58000183105467,95.86000061035156,86.18732452392578,4.204158072627442,-0.5601572693732737,-0.485504150390625
2014-10-16,93.77999877929688,96.72000122070312,93.77999877929688,96.06999969482422,86.37613677978516,2.9529737185536717,0.21907195391239753,0.188812255859375
2014-10-17,97.44000244140624,97.8000030517578,96.66999816894533,97.12000274658205,87.32019805908203,1.3568131397265102,1.0929653889288238,0.944061279296875
2014-10-20,97.0199966430664,98.12999725341795,96.93000030517578,98.08999633789062,88.1922836303711,0.47397353461285396,0.9987214764435093,0.8720855712890625
2014-10-21,98.61000061035156,100.12000274658205,98.61000061035156,100.02999877929688,89.9365463256836,1.4531921635956744,1.977795135255822,1.7442626953125
2014-10-22,100.3000030517578,100.4800033569336,99.1999969482422,99.25,89.2352523803711,1.389541984402777,-0.7797652611352568,-0.7012939453125
2014-10-23,100.2699966430664,101.08000183105467,100.04000091552734,100.4499969482422,90.31415557861328,1.5869479154087407,1.2090549076314572,1.0789031982421875
2014-10-24,100.58000183105467,101.18000030517578,100.1999969482422,101.1500015258789,90.94353485107422,0.7400002977507142,0.6968777689706718,0.6293792724609375
2014-10-27,100.8499984741211,101.11000061035156,100.3499984741211,101.01000213623048,90.81765747070312,0.537494605937206,-0.13841267614814745,-0.12587738037109375
2014-10-28,101.44000244140624,102.33000183105467,101.29000091552734,102.31999969482422,91.9954833984375,0.7063676979946295,1.2969129137847757,1.177825927734375
2014-10-29,102.45999908447266,102.68000030517578,101.4499969482422,102.16999816894533,91.86060333251952,0.5602821447354746,-0.14661596519234266,-0.13488006591798296
2014-10-30,101.87999725341795,103.06999969482422,101.72000122070312,102.8000030517578,92.42704010009766,0.5423361510076596,0.6166264394407817,0.5664367675781392
2014-10-31,104.0,104.1999969482422,103.52999877929688,104.0199966430664,93.52393341064452,0.9831749681560332,1.1867666749459271,1.0968933105468608
2014-11-03,104.19000244140624,104.45999908447266,103.83000183105467,104.08000183105467,93.57789611816406,1.2389376557445317,0.05769935625206113,0.05396270751954546
2014-11-04,103.9000015258789,103.95999908447266,103.1500015258789,103.6999969482422,93.2362289428711,0.5363971890545698,-0.3651152563437954,-0.34166717529296875
2014-11-05,104.5,104.51000213623048,103.81999969482422,104.19000244140624,93.67678833007812,0.5339441395522067,0.4725195261564785,0.44055938720703125
2014-11-06,104.31999969482422,104.6999969482422,103.87999725341795,104.6999969482422,94.13533020019533,0.22137398980371853,0.48949358564844836,0.4585418701172017
2014-11-07,104.70999908447266,104.87999725341795,104.3499984741211,104.77999877929688,94.20726013183594,-0.004500226216512738,0.07641119597461277,0.07192993164061079
2014-11-10,104.87999725341795,105.0999984741211,104.69000244140624,105.0999984741211,94.4949722290039,0.7554286880418932,0.3054033168625514,0.28771209716796875
2014-11-11,105.16999816894533,105.23999786376952,104.9000015258789,105.1999969482422,94.58486938476562,-0.3713602346883545,0.09513432687600076,0.08989715576171875
2014-11-12,104.80999755859376,105.3000030517578,104.73999786376952,105.18000030517578,94.56688690185548,-0.42829680471688947,-0.01901200797453928,-0.01798248291014204
2014-11-13,105.31999969482422,105.55999755859376,104.7300033569336,105.16000366210938,94.54890441894533,-0.053044784789594734,-0.019015623226359413,-0.01798248291015625
2014-11-14,105.2300033569336,105.33000183105467,104.94000244140624,105.16999816894533,94.5578842163086,0.2715323967336184,0.009497516040468668,0.00897979736326704
2014-11-17,105.0,105.3000030517578,104.83000183105467,105.16000366210938,94.54890441894533,-0.1960317492036594,-0.00949661409801461,-0.00897979736326704
2014-11-18,105.23999786376952,105.97000122070312,105.22000122070312,105.77999877929688,95.10633850097656,-0.17253411712839098,0.5895722276815007,0.5574340820312358
2014-11-19,105.6500015258789,105.72000122070312,105.02999877929688,105.51000213623048,94.86360168457033,0.011573703417393402,-0.25522674958593505,-0.2427368164062358
2014-11-20,105.06999969482422,105.83000183105467,104.94000244140624,105.80999755859376,95.13330841064452,-0.16188271797339293,0.28431002121445115,0.26970672607419033
2014-11-21,106.8499984741211,106.94000244140624,106.05999755859376,106.37000274658205,95.63683319091795,1.0860093854524688,0.5292833695007992,0.5035247802734375
2014-11-24,106.6500015258789,106.7699966430664,106.5,106.76000213623048,95.98747253417967,1.4444773824688577,0.3666362964588554,0.35063934326171875
2014-11-25,106.91999816894533,107.06999969482422,106.5,106.73999786376952,95.96947479248048,0.3598421788186931,-0.01875009438631059,-0.01799774169919033
2014-11-26,106.7699966430664,107.0,106.62999725341795,106.9800033569336,96.1852569580078,-0.37116657288553634,0.22484458312803657,0.21578216552731533
2014-11-28,106.9499969482422,107.01000213623048,106.4800033569336,106.5999984741211,95.84359741210938,-0.5223518869522359,-0.3552098904799794,-0.3416595458984233
2014-12-01,106.5,106.5500030517578,105.52999877929688,105.6999969482422,95.034423828125,0.6464616469895496,-0.8442646205203297,-0.809173583984375
2014-12-02,105.8000030517578,106.48999786376952,105.75,106.36000061035156,95.6278305053711,0.45034679466904015,0.6244123480132924,0.5934066772460938
2014-12-03,106.44000244140624,106.98999786376952,106.37999725341795,106.83999633789062,96.05938720703124,0.9981514809073032,0.451287767775832,0.43155670166014204
2014-12-04,106.6999969482422,107.01000213623048,106.23999786376952,106.70999908447266,95.94252014160156,0.4288503345562259,-0.12166126479424832,-0.11686706542967329
2014-12-05,106.86000061035156,107.16999816894533,106.6999969482422,106.9499969482422,96.15829467773438,1.0079636789167559,0.22489980022866174,0.2157745361328125
2014-12-08,106.7699966430664,107.06999969482422,105.8000030517578,106.19000244140624,95.4749755859375,0.20458996689281253,-0.7106189789315209,-0.683319091796875
2014-12-09,105.04000091552734,106.33000183105467,104.81999969482422,106.25,95.5289306640625,0.833280732774788,0.056512272240838435,0.053955078125
2014-12-10,105.97000122070312,106.19000244140624,104.37000274658205,104.51000213623048,93.96448516845705,1.1322945563260058,-1.6376667096871356,-1.5644454956054545
2014-12-11,104.93000030517578,105.98999786376952,104.76000213623048,104.98999786376952,94.39608001708984,1.0243603782220256,0.45931699392494085,0.4315948486327983
2014-12-12,104.22000122070312,104.75,103.33000183105467,103.33999633789062,92.9125518798828,1.4223353830133165,-1.5715993046940713,-1.4835281372070455
2014-12-15,103.75,104.18000030517578,102.23999786376952,102.58999633789062,92.23822784423828,1.6621532488364543,-0.7257620439876433,-0.674324035644517
2014-12-16,102.02999877929688,104.01000213623048,101.8000030517578,101.83000183105467,91.5549087524414,3.7280082534318932,-0.7408198398507704,-0.683319091796875
2014-12-17,102.25,104.20999908447266,102.01000213623048,104.01000213623048,93.51495361328124,2.0629686267357443,2.140840821697143,1.9600448608398295
2014-12-18,105.55999755859376,106.47000122070312,105.02999877929688,106.47000122070312,95.72673034667967,2.9895757992863015,2.3651583494816775,2.2117767333984375
2014-12-19,106.61000061035156,107.25,106.37999725341795,106.91000366210938,96.12232971191406,1.1763848934342704,0.41325903830800037,0.3955993652343892
2014-12-22,106.66000366210938,106.77999877929688,106.27999877929688,106.7699966430664,96.50283813476562,2.502710027001482,0.3958585107039836,0.3805084228515625
2014-12-23,107.23999786376952,107.23999786376952,106.81999969482422,107.01000213623048,96.7197723388672,1.4829515272953961,0.22479567263984368,0.2169342041015767
2014-12-24,107.3499984741211,107.3499984741211,107.0199966430664,107.04000091552734,96.74686431884766,-0.032710295493689374,0.02801079792200678,0.02709197998045454
2014-12-26,107.30999755859376,107.62999725341795,107.2699966430664,107.36000061035156,97.0361099243164,0.9942782448509403,0.29897155582787605,0.28924560546875
2014-12-29,107.36000061035156,107.70999908447266,107.29000091552734,107.58999633789062,97.24398803710938,1.2868366749748865,0.21422758286075982,0.20787811279296875
2014-12-30,107.41999816894533,107.45999908447266,106.98999786376952,107.05999755859376,96.76495361328124,1.755691899597619,-0.49261083743843415,-0.4790344238281392
2014-12-31,107.19000244140624,107.38999938964844,105.9800033569336,106.0,95.80689239501952,0.3041321335413397,-0.9900911254405065,-0.9580612182617188
2015-01-02,106.48999786376952,106.72000122070312,105.2699966430664,105.91999816894533,95.73456573486328,2.288455519150339,-0.07549212624289314,-0.07232666015623579
2015-01-05,105.3499984741211,105.5500030517578,103.86000061035156,104.0999984741211,94.0895767211914,2.3434554711506927,-1.7182811673556508,-1.644989013671875
2015-01-06,104.4000015258789,104.5,102.51000213623048,103.08000183105467,93.16768646240234,1.5963082358782845,-0.9798006228902811,-0.9218902587890625
2015-01-07,104.08999633789062,104.4499969482422,103.5500030517578,104.30999755859376,94.2793960571289,1.231836722974533,1.193235162252515,1.1117095947265625
2015-01-08,105.20999908447266,106.23999786376952,105.11000061035156,106.1500015258789,95.94246673583984,0.6732515297127265,1.7639810481000495,1.6630706787109375
2015-01-09,106.31999969482422,106.3499984741211,104.91999816894533,105.2699966430664,95.1470718383789,0.9807219186536701,-0.8290331951240293,-0.7953948974609375
2015-01-12,105.5500030517578,105.5500030517578,104.12000274658205,104.5199966430664,94.4692153930664,1.2604986697916187,-0.7124301696471935,-0.6778564453125
2015-01-13,105.33000183105467,106.0,103.43000030517578,104.27999877929688,94.2522964477539,0.7636270376945281,-0.2296186587450122,-0.2169189453125
2015-01-14,103.04000091552734,103.79000091552734,102.5,103.70999908447266,93.7370834350586,0.9930517200997587,-0.5466317873548121,-0.5152130126953125
2015-01-15,104.0500030517578,104.26000213623048,102.56999969482422,102.66000366210938,92.7880859375,2.4930269368605744,-1.0124034829994022,-0.9489974975585938
2015-01-16,102.61000061035156,104.11000061035156,102.41999816894533,104.0199966430664,94.0172882080078,0.6556283056562752,1.3247414881860653,1.2292022705077983
2015-01-20,104.41999816894533,104.52999877929688,103.1999969482422,104.16999816894533,94.15287017822266,0.9254637509162257,0.14420961591117276,0.13558197021485796
2015-01-21,103.93000030517578,104.9499969482422,103.5999984741211,104.63999938964844,94.57766723632812,0.8818898452821428,0.4511780228275253,0.42479705810546875
2015-01-22,105.23999786376952,106.30999755859376,104.2699966430664,106.2300033569336,96.01478576660156,1.181484654241815,1.5195115001963355,1.4371185302734375
2015-01-23,106.11000061035156,106.27999877929688,105.68000030517578,105.75,95.5809326171875,1.8195357405933343,-0.4518607690993548,-0.4338531494140625
2015-01-26,105.75,106.22000122070312,105.1999969482422,106.19000244140624,95.97860717773438,1.519101730488117,0.4160605569100362,0.397674560546875
2015-01-27,105.37000274658205,105.61000061035156,104.36000061035156,104.9499969482422,94.85784912109376,0.6171541608297368,-1.1677165251681276,-1.1207580566406108
2015-01-28,105.63999938964844,105.72000122070312,103.41000366210938,103.52999877929688,93.57440948486328,0.6953289752339952,-1.3530136389578784,-1.283439636230483
2015-01-29,103.6999969482422,104.62000274658205,102.81999969482422,104.5199966430664,94.4692153930664,0.5512445939372943,0.9562506599070542,0.894805908203125
2015-01-30,103.66999816894533,104.51000213623048,102.9499969482422,103.0999984741211,93.18576049804688,1.7646648964615264,-1.358595908391269,-1.2834548950195312
2015-02-02,103.48999786376952,104.33000183105467,102.25,104.26000213623048,94.23421478271484,1.5040606638025742,1.1251228503843524,1.0484542846679688
2015-02-03,104.9000015258789,105.87000274658205,104.70999908447266,105.86000061035156,95.68034362792967,1.0126761161186641,1.5346112328195272,1.4461288452148295
2015-02-04,105.44000244140624,106.13999938964844,105.23999786376952,105.48999786376952,95.34590911865234,0.8962853726249583,-0.34953313982424294,-0.33443450927732954
2015-02-05,105.94000244140624,106.72000122070312,105.83999633789062,106.6500015258789,96.39436340332033,0.9103581302964102,1.0996321649870078,1.048454284667983
2015-02-06,106.87999725341795,107.18000030517578,106.0199966430664,106.33000183105467,96.10516357421876,0.704431079966448,-0.30001736501078513,-0.2891998291015625
2015-02-09,105.98999786376952,106.3499984741211,105.58999633789062,105.8000030517578,95.62611389160156,0.013252105708484004,-0.49846404168205627,-0.4790496826172017
2015-02-10,106.5,107.04000091552734,105.83999633789062,106.87999725341795,96.60226440429688,0.07296449491074578,1.0207991028495123,0.9761505126953125
2015-02-11,106.66999816894533,107.19000244140624,106.37000274658205,106.93000030517578,96.64745330810548,0.278439667700799,0.04677830699648666,0.04518890380860796
2015-02-12,107.47000122070312,107.98999786376952,107.2699966430664,107.95999908447266,97.57840728759766,1.736583935052895,0.9632472948090554,0.9309539794921733
2015-02-13,108.0,108.4800033569336,107.91999816894533,108.47000122070312,98.03936767578124,0.9001586086813212,0.4723999919623356,0.46096038818357954
2015-02-17,108.37000274658205,108.76000213623048,108.12999725341795,108.63999938964844,98.19303131103516,1.5452460738685665,0.1567366649712465,0.15366363525392046
2015-02-18,108.41999816894533,108.75,108.2699966430664,108.6999969482422,98.2472686767578,0.5095427523971202,0.055235453064739204,0.05423736572264204
2015-02-19,108.38999938964844,108.87999725341795,108.26000213623048,108.66999816894533,98.22013854980467,0.38456633564514314,-0.027614128431785456,-0.027130126953125
2015-02-20,108.47000122070312,109.31999969482422,108.01000213623048,109.27999877929688,98.77147674560548,0.4191672444153186,0.5613290756266265,0.5513381958008097
2015-02-23,109.16999816894533,109.2699966430664,108.86000061035156,109.2699966430664,98.76244354248048,0.8267607854132438,-0.009145558437140267,-0.009033203125
2015-02-24,109.27999877929688,109.62999725341795,109.04000091552734,109.5199966430664,98.98838806152344,0.7121775520791739,0.22877574808664036,0.22594451904295454
2015-02-25,109.48999786376952,109.77999877929688,109.26000213623048,109.4800033569336,98.95225524902344,0.5802293104257435,-0.03650207181628007,-0.0361328125
2015-02-26,109.4499969482422,109.52999877929688,109.0199966430664,109.41000366210938,98.88898468017578,-0.007276045390239501,-0.06394050210217772,-0.06327056884765625
2015-02-27,109.3499984741211,109.4800033569336,108.97000122070312,109.0199966430664,98.5364761352539,0.04656193579320516,-0.35646896978662745,-0.352508544921875
2015-03-02,109.11000061035156,109.72000122070312,109.0199966430664,109.69000244140624,99.14205169677734,0.5989499513648311,0.6145699392499093,0.6055755615234375
2015-03-03,109.47000122070312,109.61000061035156,108.73999786376952,109.23999786376952,98.73531341552734,0.5567316783504751,-0.4102580835163572,-0.40673828125
2015-03-04,108.9000015258789,108.95999908447266,108.1999969482422,108.8000030517578,98.3376235961914,0.12693158396273588,-0.4027837716605642,-0.3976898193359375
2015-03-05,109.02999877929688,109.0999984741211,108.62999725341795,108.97000122070312,98.49127960205078,-0.0004978822916043815,0.15625352763286582,0.153656005859375
2015-03-06,108.47000122070312,108.66000366210938,107.23999786376952,107.45999908447266,97.1264877319336,0.6750590398723625,-1.3856981812314428,-1.3647918701171875
2015-03-09,107.5999984741211,108.0500030517578,107.5199966430664,107.86000061035156,97.48802947998048,0.04817578415002305,0.3722380542007686,0.3615417480468892
2015-03-10,107.0,107.0999984741211,106.20999908447266,106.22000122070312,96.00572204589844,1.155856742335547,-1.520501995977308,-1.4823074340820455
2015-03-11,106.43000030517578,106.48999786376952,105.9800033569336,106.13999938964844,95.93343353271484,0.8508394028969666,-0.07529604657213751,-0.07228851318359375
2015-03-12,106.47000122070312,107.51000213623048,106.41999816894533,107.47000122070312,97.13553619384766,1.3907039552196858,1.25305914410212,1.2021026611328125
2015-03-13,107.37000274658205,107.4000015258789,106.16999816894533,106.87000274658205,96.5932159423828,0.20639747705244854,-0.5583129230713024,-0.542320251464858
2015-03-16,107.36000061035156,108.2300033569336,107.26000213623048,108.20999908447266,97.80437469482422,0.6154112046043735,1.253875586007891,1.2111587524414205
2015-03-17,107.8000030517578,108.19000244140624,107.47000122070312,108.0,97.61457061767578,0.00047042672248634985,-0.19406501778747032,-0.1898040771484375
2015-03-18,107.68000030517578,109.62999725341795,107.3499984741211,109.23999786376952,98.73531341552734,1.2327404780543512,1.1481306435707772,1.1207427978515625
2015-03-19,109.02999877929688,109.1999969482422,108.56999969482422,108.8499984741211,98.3828353881836,1.3866370573605047,-0.3569928682561119,-0.35247802734375
2015-03-20,109.48999786376952,110.0199966430664,109.37000274658205,109.76000213623048,99.20531463623048,-0.00785703079869394,0.8359987235595279,0.8224792480468892
2015-03-23,109.72000122070312,110.08999633789062,109.56999969482422,109.56999969482422,99.03359985351562,0.21362751769099267,-0.17309030604308884,-0.17171478271485796
2015-03-24,109.54000091552734,109.73999786376952,108.94000244140624,108.98999786376952,98.50936126708984,1.0621244297715642,-0.5293542668359019,-0.5242385864257812
2015-03-25,108.63999938964844,108.75,106.79000091552734,106.79000091552734,96.97290802001952,0.6866787480414513,-1.5597027808398,-1.5364532470703267
2015-03-26,106.38999938964844,107.12000274658205,105.9800033569336,106.58000183105467,96.78219604492188,0.9110036696391374,-0.1966652119561818,-0.19071197509764204
2015-03-27,106.5999984741211,106.97000122070312,106.41999816894533,106.87000274658205,97.04554748535156,0.9971831718932125,0.27210732055247266,0.2633514404296875
2015-03-30,107.58999633789062,108.38999938964844,107.5199966430664,108.2300033569336,98.28052520751952,0.08555251209392528,1.272575356797656,1.2349777221679545
2015-03-31,107.7300033569336,108.66999816894533,107.0,107.25,97.39060974121094,0.2090441883576299,-0.9054850535541226,-0.8899154663085795
2015-04-02,107.02999877929688,107.6999969482422,106.8499984741211,107.38999938964844,97.51775360107422,0.18586932595372505,0.13055043006828804,0.12714385986328125
2015-04-06,107.2699966430664,108.41000366210938,106.79000091552734,108.12999725341795,98.18972778320312,0.2797307463862533,0.6890788162305483,0.6719741821289062
2015-04-07,108.12999725341795,108.54000091552734,107.7699966430664,107.7699966430664,97.86280822753906,0.1488799216154591,-0.33294679906423763,-0.3269195556640625
2015-04-08,108.0,108.43000030517578,107.72000122070312,108.2300033569336,98.28052520751952,0.45254162843431245,0.4268393555693084,0.41771697998045454
2015-04-09,108.1999969482422,108.70999908447266,107.73999786376952,108.61000061035156,98.6255874633789,0.2975476322455227,0.3510993201662149,0.3450622558593892
2015-04-10,108.87000274658205,109.1500015258789,108.63999938964844,109.12000274658205,99.08870697021484,0.42142663211486364,0.46957338227049394,0.4631195068359375
2015-04-13,109.04000091552734,109.43000030517578,108.66000366210938,108.69000244140624,98.6982421875,1.1435914948237311,-0.3940557856226934,-0.39046478271484375
2015-04-14,108.66000366210938,108.9800033569336,108.16000366210938,108.8499984741211,98.84353637695312,-0.18880170856511527,0.1472105138175639,0.145294189453125
2015-04-15,109.23999786376952,109.69000244140624,109.08000183105467,109.4000015258789,99.34297943115234,-0.1554918784803941,0.5052865088664316,0.49944305419921875
2015-04-16,109.2300033569336,109.62999725341795,109.05999755859376,109.3499984741211,99.2975616455078,-0.16982285188893695,-0.04571816338165835,-0.04541778564454546
2015-04-17,108.6999969482422,108.8000030517578,107.61000061035156,108.08000183105467,98.14432525634766,0.5833924532051066,-1.1613944693598777,-1.153236389160142
2015-04-20,108.66999816894533,109.18000030517578,108.62000274658205,108.95999908447266,98.9434051513672,0.16250080174700207,0.8141885869940912,0.7990798950195455
2015-04-21,109.4499969482422,109.5199966430664,108.75,108.93000030517578,98.91619110107422,1.3921886957079583,-0.027504663146926678,-0.02721405029298296
2015-04-22,109.08000183105467,109.5,108.52999877929688,109.38999938964844,99.33390808105467,-0.18331462415193447,0.42229383817824484,0.41771697998045454
2015-04-23,109.13999938964844,110.08000183105467,109.0999984741211,109.7300033569336,99.6426239013672,0.37920835910050776,0.31078594034639195,0.3087158203125284
2015-04-24,109.91999816894533,110.0,109.62000274658205,109.8499984741211,99.7516098022461,0.014091306854029303,0.10937678737441558,0.10898590087889204
2015-04-27,110.19000244140624,110.27999877929688,109.16999816894533,109.27999877929688,99.2340087890625,0.04811123021575033,-0.51888988479456,-0.5176010131835938
2015-04-28,109.54000091552734,109.6500015258789,108.5,109.56999969482422,99.4973373413086,0.5433690139560231,0.2653611956822566,0.26332855224609375
2015-04-29,109.01000213623048,109.45999908447266,108.62999725341795,109.08999633789062,99.06145477294922,0.43814610109149693,-0.43808465634025406,-0.435882568359375
2015-04-30,108.77999877929688,108.91999816894533,107.47000122070312,107.91000366210938,97.98995971679688,1.2153109158007178,-1.0816468005726665,-1.0714950561523438
2015-05-01,108.4000015258789,108.9800033569336,108.2300033569336,108.9000015258789,98.88894653320312,1.4017426779803202,0.9174274782890235,0.89898681640625
2015-05-04,109.23999786376952,109.66000366210938,109.12000274658205,109.27999877929688,99.2340087890625,-0.025803024526508827,0.3489391564541755,0.345062255859375
2015-05-05,109.16999816894533,109.36000061035156,107.87999725341795,107.9800033569336,98.0535125732422,-0.039101134986688206,-1.189608512470386,-1.1804962158202983
2015-05-06,108.37999725341795,108.54000091552734,107.01000213623048,107.68000030517578,97.78108978271484,1.2513320111248931,-0.2778307307694572,-0.27242279052735796
2015-05-07,107.5999984741211,108.37000274658205,107.37999725341795,108.08999633789062,98.15340423583984,0.39392665611468686,0.3807632477325962,0.372314453125
2015-05-08,109.11000061035156,109.58999633789062,109.08000183105467,109.4499969482422,99.38838958740234,0.02784129485411769,1.258219581050013,1.2349853515625
2015-05-11,109.33000183105467,109.58999633789062,108.93000030517578,108.98999786376952,98.97067260742188,-0.06221144345632033,-0.42028750210619803,-0.41771697998046875
2015-05-12,108.4800033569336,109.01000213623048,107.93000030517578,108.66999816894533,98.68009948730467,-0.061824119850684034,-0.2935951756838029,-0.2905731201172017
2015-05-13,108.97000122070312,109.3000030517578,108.58000183105467,108.7300033569336,98.73458099365234,0.4333045560210433,0.05521022640910811,0.05448150634767046
2015-05-14,109.33000183105467,109.8499984741211,109.0999984741211,109.80999755859376,99.7152862548828,-0.11236985038622022,0.9932743435590252,0.9807052612304545
2015-05-15,109.87999725341795,109.98999786376952,109.5999984741211,109.94000244140624,99.8333511352539,0.07064055327692802,0.11840198710288963,0.11806488037110796
2015-05-18,109.80999755859376,110.5,109.75,110.3499984741211,100.20563507080078,0.6557574135248206,0.37290537812610935,0.372283935546875
2015-05-19,110.37999725341795,110.55999755859376,110.12000274658205,110.3000030517578,100.16023254394533,0.7047538496378116,-0.04530935493136656,-0.04540252685545454
2015-05-20,110.33999633789062,110.68000030517578,110.02999877929688,110.2300033569336,100.0966796875,0.46809912659403685,-0.06345118699424557,-0.06355285644532671
2015-05-21,110.18000030517578,110.66000366210938,110.06999969482422,110.51000213623048,100.3509292602539,-0.17873129481857167,0.25400400247808097,0.25424957275390625
2015-05-22,110.37999725341795,110.5500030517578,110.22000122070312,110.3000030517578,100.16023254394533,-0.36496939519535565,-0.1900298459758365,-0.19069671630857954
2015-05-26,110.0199966430664,110.0199966430664,108.87000274658205,109.1500015258789,99.1159439086914,0.3056168740296122,-1.0426180218738423,-1.0442886352539205
2015-05-27,109.4499969482422,110.27999877929688,109.1999969482422,110.1500015258789,100.02401733398438,0.5221953235145724,0.9161729076903269,0.9080734252929688
2015-05-28,109.97000122070312,110.08000183105467,109.56999969482422,110.0500030517578,99.9332046508789,0.17373318631045453,-0.09079087755717863,-0.09081268310546875
2015-05-29,109.98999786376952,110.0199966430664,109.18000030517578,109.30999755859376,99.26126098632812,0.12260647036646394,-0.6723927916634342,-0.6719436645507812
2015-06-01,109.8000030517578,109.95999908447266,109.05999755859376,109.58000183105467,99.50642395019533,0.3883750177672333,0.24698755731198396,0.2451629638672017
2015-06-02,109.25,109.93000030517578,108.9499969482422,109.5,99.43376922607422,0.11105131613164787,-0.07301510921292609,-0.07265472412110796
2015-06-03,109.77999877929688,110.22000122070312,109.52999877929688,109.87999725341795,99.77884674072266,-0.014312424225965481,0.3470425765152996,0.3450775146484375
2015-06-04,109.5,109.8000030517578,108.7699966430664,109.0,98.97975158691406,0.05973093838483911,-0.8008662957240453,-0.7990951538085938
2015-06-05,108.91000366210938,109.1999969482422,108.33000183105467,108.91000366210938,98.89803314208984,1.0260387805131164,-0.0825607697676034,-0.08171844482421875
2015-06-08,108.87999725341795,108.95999908447266,108.18000030517578,108.23999786376952,98.28960418701172,0.798808931873158,-0.6152083471710479,-0.608428955078125
2015-06-09,108.25,108.4800033569336,107.7300033569336,108.1500015258789,98.20789337158205,0.7896422732064324,-0.08313271388722399,-0.08171081542967329
2015-06-10,108.6999969482422,109.66000366210938,108.58999633789062,109.47000122070312,99.4065399169922,-0.10371962319367635,1.220519557297628,1.1986465454101562
2015-06-11,109.70999908447266,110.01000213623048,109.58000183105467,109.77999877929688,99.68802642822266,0.06276497329565674,0.28316699430994685,0.28148651123045454
2015-06-12,109.27999877929688,109.5,108.87999725341795,109.05999755859376,99.03421020507812,-0.16937097434902793,-0.6558623403135511,-0.6538162231445312
2015-06-15,108.27999877929688,108.76000213623048,107.87000274658205,108.55999755859376,98.58018493652344,0.7179874061637183,-0.4584529604613419,-0.4540252685546875
2015-06-16,108.4499969482422,109.25,108.4000015258789,109.16000366210938,99.1250457763672,0.5496952995147492,0.5527082751920265,0.5448608398437642
2015-06-17,109.33000183105467,109.69000244140624,108.73999786376952,109.33999633789062,99.28848266601562,0.10227198107055857,0.16487950988406386,0.1634368896484233
2015-06-18,109.58000183105467,110.76000213623048,109.58000183105467,110.41999816894533,100.26920318603516,0.4796542808288529,0.9877485219695226,0.9807205200195312
2015-06-19,110.38999938964844,110.41999816894533,109.86000061035156,109.94000244140624,99.8333511352539,-0.011213835380875142,-0.43468187332913466,-0.43585205078125
2015-06-22,110.68000030517578,110.9000015258789,110.4499969482422,110.61000061035156,100.44174194335938,0.07199618589665503,0.6094063769142899,0.6083908081054688
2015-06-23,110.7300033569336,110.8499984741211,110.45999908447266,110.72000122070312,100.54161834716795,0.8567138109157837,0.09943714821762928,0.09987640380857954
2015-06-24,110.55999755859376,110.70999908447266,109.86000061035156,109.87999725341795,99.77884674072266,2.051478026435201,-0.7586625508766542,-0.7627716064452983
2015-06-25,110.1999969482422,110.23999786376952,109.4499969482422,109.54000091552734,99.4701156616211,0.23079886420753498,-0.3094153612576922,-0.3087310791015625
2015-06-26,109.29000091552734,109.38999938964844,108.6500015258789,109.01000213623048,99.41355895996094,-0.1609789628935749,-0.05685798320829161,-0.05655670166015625
2015-06-29,108.02999877929688,108.5,106.6500015258789,106.7300033569336,97.33428192138672,1.2197005833312626,-2.0915427033566414,-2.0792770385742188
2015-06-30,107.62000274658205,107.6500015258789,106.68000030517578,107.0199966430664,97.5987548828125,1.0591549487950194,0.27171614790293397,0.26447296142578125
2015-07-02,108.0500030517578,108.1999969482422,107.3499984741211,107.58000183105467,98.10945892333984,0.8951879557423221,0.5232690121308892,0.5107040405273438
2015-07-06,106.98999786376952,107.79000091552734,106.62000274658205,107.3000030517578,97.85409545898438,0.527746961862026,-0.2602842449217935,-0.25536346435546875
2015-07-07,107.44000244140624,108.0,105.93000030517578,107.88999938964844,98.39216613769533,1.0175822151233906,0.5498703719932552,0.5380706787109517
2015-07-08,107.0999984741211,107.27999877929688,105.91000366210938,106.08999633789062,96.7506103515625,0.7653699939198914,-1.6683805739529545,-1.6415557861328267
2015-07-09,107.1500015258789,107.69000244140624,106.2699966430664,106.30999755859376,96.95124816894533,0.8466433971692401,0.207376280783933,0.2006378173828267
2015-07-10,107.58000183105467,107.83999633789062,107.0999984741211,107.5999984741211,98.127685546875,1.0839436595557421,1.2134319053630271,1.1764373779296733
2015-07-13,108.58000183105467,108.88999938964844,108.37999725341795,108.81999969482422,99.24028778076172,0.6984921180133582,1.1338311177789162,1.1126022338867188
2015-07-14,108.8000030517578,109.5,108.58999633789062,109.30999755859376,99.68716430664062,0.3480933627810589,0.45029749094049887,0.44687652587890625
2015-07-15,109.37000274658205,109.55999755859376,108.91000366210938,109.16999816894533,99.5594711303711,0.5179993177868459,-0.12809389970883656,-0.12769317626953125
2015-07-16,109.8499984741211,109.9499969482422,109.6500015258789,109.93000030517578,100.25257110595705,-0.2835668840774615,0.6961667912823266,0.6930999755859517
2015-07-17,109.98999786376952,110.0,109.6500015258789,109.95999908447266,100.2799301147461,-0.29557391585218656,0.027290081927300314,0.02735900878904829
2015-07-20,110.0500030517578,110.20999908447266,109.77999877929688,109.97000122070312,100.28904724121094,-0.2674284005092827,0.00909167612543893,0.00911712646484375
2015-07-21,109.87999725341795,110.04000091552734,109.3000030517578,109.48999786376952,99.85128784179688,-0.05956473215113899,-0.4364977148114457,-0.4377593994140625
2015-07-22,109.0999984741211,109.5,109.0,109.33000183105467,99.70539855957033,0.06399149804683833,-0.1461065604458689,-0.1458892822265483
2015-07-23,109.47000122070312,109.52999877929688,108.5199966430664,108.6999969482422,99.13085174560548,-0.1186315820106736,-0.576244438380713,-0.5745468139648438
2015-07-24,108.75,108.83000183105467,107.38999938964844,107.55999755859376,98.09120178222656,0.20672024672381212,-1.0487652885772802,-1.0396499633789205
2015-07-27,107.05999755859376,107.45999908447266,106.5999984741211,106.8499984741211,97.44371032714844,0.777958011103071,-0.660091265387519,-0.647491455078125
2015-07-28,107.16000366210938,108.2300033569336,106.77999877929688,108.12000274658205,98.60192108154295,0.2874772184989791,1.188594677384569,1.158210754394517
2015-07-29,108.18000030517578,108.9800033569336,108.05999755859376,108.86000061035156,99.27677154541016,-0.08332057996349827,0.6844191841953062,0.6748504638672017
2015-07-30,108.56999969482422,109.04000091552734,108.16999816894533,108.9499969482422,99.35883331298828,-0.23424767829310694,0.0826595852188694,0.082061767578125
2015-07-31,109.30999755859376,109.33999633789062,108.6999969482422,108.83999633789062,99.258544921875,0.4321425852041344,-0.10093555627547213,-0.10028839111328125
2015-08-03,108.98999786376952,108.98999786376952,107.88999938964844,108.4499969482422,98.90286254882812,0.5818431587825614,-0.35833929796857955,-0.355682373046875
2015-08-04,108.4499969482422,108.75,108.0,108.2699966430664,98.73870849609376,-0.0989426320574954,-0.1659750269142335,-0.1641540527343608
2015-08-05,108.83999633789062,109.33999633789062,108.45999908447266,108.62999725341795,99.0669937133789,-0.3225574603781816,0.3324787434282994,0.32828521728514204
2015-08-06,108.91999816894533,108.91999816894533,107.23999786376952,107.73999786376952,98.2553482055664,0.1395841550801881,-0.8192895306389891,-0.8116455078125
2015-08-07,107.62000274658205,107.6999969482422,106.88999938964844,107.43000030517578,97.97264862060548,0.9953111077993038,-0.28771928462303364,-0.2826995849609233
2015-08-10,108.08000183105467,108.8499984741211,108.0500030517578,108.7699966430664,99.19469451904295,0.1472015193243685,1.2473337361428083,1.2220458984374716
2015-08-11,108.0,108.2300033569336,107.37000274658205,107.79000091552734,98.30094909667967,0.05153258873220425,-0.9010012346897245,-0.8937454223632812
2015-08-12,107.01000213623048,108.02999877929688,106.08999633789062,107.9000015258789,98.40129089355467,0.5538913052424757,0.10207612215047401,0.100341796875
2015-08-13,107.91000366210938,108.23999786376952,107.44000244140624,107.75,98.26448059082033,1.1568896052839104,-0.1390330365506509,-0.13681030273434658
2015-08-14,107.6999969482422,108.2300033569336,107.54000091552734,108.16000366210938,98.63839721679688,-0.38653040924244264,0.3805206354609014,0.3739166259765483
2015-08-17,107.88999938964844,108.86000061035156,107.51000213623048,108.8499984741211,99.26764678955078,-0.009148109484148249,0.6379357233176508,0.6292495727539062
2015-08-18,108.77999877929688,108.88999938964844,108.37000274658205,108.56999969482422,99.01229095458984,0.6079229482287385,-0.25723973844398174,-0.2553558349609375
2015-08-19,108.0500030517578,108.4499969482422,107.08000183105467,107.5999984741211,98.127685546875,0.27753591262098093,-0.8934298956081665,-0.8846054077148438
2015-08-20,106.8000030517578,107.0,105.25,105.26000213623048,95.99369049072266,1.6943011081042665,-2.1747125128442457,-2.1339950561523438
2015-08-25,101.41000366210938,101.72000122070312,96.87000274658205,96.9499969482422,88.41522216796875,4.817420448218239,-7.894756711626094,-7.578468322753906
2015-08-26,99.98999786376952,100.58000183105467,97.38999938964844,100.47000122070312,91.62535858154295,4.225589978805984,3.6307508309775915,3.2101364135742045
2015-08-27,101.97000122070312,103.0500030517578,100.91999816894533,102.9000015258789,93.84143829345705,4.535577971183563,2.4186314206256165,2.216079711914091
2015-08-28,102.58999633789062,103.31999969482422,102.37000274658205,102.9800033569336,93.9144058227539,2.2027924483704457,0.07775619238559184,0.07296752929686079
2015-08-31,102.52999877929688,103.01000213623048,101.9499969482422,102.20999908447266,93.2121810913086,1.7900991465649763,-0.7477284504899373,-0.7022247314453125
2015-09-01,99.9499969482422,100.83000183105467,98.75,99.20999908447266,90.4762725830078,4.848922768143324,-2.935140532352487,-2.7359085083007955
2015-09-02,100.77999877929688,101.08000183105467,99.5500030517578,101.08000183105467,92.18167114257812,3.8265821110663296,1.8849124868685285,1.7053985595703267
2015-09-03,101.58000183105467,102.44000244140624,100.9000015258789,101.1999969482422,92.29108428955078,2.1935612357694474,0.1186929523152358,0.10941314697265625
2015-09-04,99.91999816894533,100.41000366210938,99.26000213623048,99.76000213623048,90.97786712646484,1.6555041936063646,-1.4229079365520203,-1.3132171630859375
2015-09-08,101.58999633789062,102.31999969482422,101.05999755859376,102.27999877929688,93.27601623535156,1.0255869029732072,2.526052963730341,2.2981491088867188
2015-09-09,103.23999786376952,103.4000015258789,100.69000244140624,100.87999725341795,91.99925231933594,1.2510092414535294,-1.3688019359597514,-1.276763916015625
2015-09-10,100.87999725341795,102.06999969482422,100.62999725341795,101.4000015258789,92.47349548339844,1.25410783029862,0.5154858894030667,0.4742431640625
2015-09-11,101.04000091552734,101.87999725341795,100.6999969482422,101.86000061035156,92.89300537109376,0.16437286584091082,0.45365419086016434,0.4195098876953267
2015-09-14,101.91000366210938,101.91000366210938,101.1999969482422,101.47000122070312,92.53734588623048,1.2638554743738,-0.38287003789195806,-0.35565948486328125
2015-09-15,101.80999755859376,102.97000122070312,101.52999877929688,102.75,93.70465087890624,0.40993603181432026,1.2614420496897427,1.1673049926757528
2015-09-16,102.87000274658205,103.7300033569336,102.6999969482422,103.62000274658205,94.49805450439452,0.4481519609037678,0.8467067728725519,0.7934036254882812
2015-09-17,103.63999938964844,105.0199966430664,103.23999786376952,103.4800033569336,94.37039947509766,1.9194006769132252,-0.13508746816679462,-0.1276550292968608
2015-09-18,102.0500030517578,102.88999938964844,101.58999633789062,101.83999633789062,92.874755859375,0.980270041113761,-1.5848651950629122,-1.4956436157226562
2015-09-21,102.41999816894533,103.0199966430664,101.66999816894533,102.25,93.24866485595705,0.5984335198906493,0.40259486350433527,0.37390899658204546
2015-09-22,101.0,101.23999786376952,100.20999908447266,100.87999725341795,91.99925231933594,0.8267607854132438,-1.3398717703369756,-1.249412536621108
2015-09-23,101.04000091552734,101.27999877929688,100.33999633789062,100.68000030517578,91.81686401367188,0.022999749783664033,-0.19824976949919249,-0.1823883056640625
2015-09-24,100.0199966430664,100.52999877929688,99.0999984741211,100.31999969482422,91.48856353759766,1.2717956082893438,-0.3575601057615452,-0.32830047607421875
2015-09-25,100.76000213623048,100.87000274658205,99.06999969482422,99.61000061035156,91.30341339111328,2.0557385860972,-0.20237518147094846,-0.185150146484375
2015-09-28,99.05999755859376,99.12999725341795,96.8000030517578,96.94000244140624,88.8560562133789,2.4873461906445753,-2.680466246372104,-2.447357177734375
2015-09-29,97.2300033569336,97.83999633789062,96.37000274658205,96.91999816894533,88.83773040771484,1.8044946739077918,-0.020624149264580893,-0.0183258056640625
2015-09-30,98.11000061035156,98.79000091552734,97.5500030517578,98.72000122070312,90.48764038085938,1.2875467682518864,1.8572176096489423,1.6499099731445312
2015-10-01,98.95999908447266,99.12000274658205,97.70999908447266,98.91999816894533,90.67093658447266,1.326924668158243,0.2025649059272494,0.18329620361328125
2015-10-02,97.95999908447266,100.37000274658205,97.37999725341795,100.36000061035156,91.99087524414062,1.227317947575443,1.4557461402621152,1.3199386596679688
2015-10-05,101.0999984741211,102.36000061035156,101.04000091552734,102.20999908447266,93.68659210205078,1.0667723130391997,1.8433533254355705,1.6957168579101562
2015-10-06,102.20999908447266,102.45999908447266,101.37999725341795,101.87999725341795,93.38410186767578,0.4582223746503114,-0.3228746265479532,-0.302490234375
2015-10-07,102.44000244140624,102.87999725341795,101.6999969482422,102.8000030517578,94.2273941040039,0.5362035272517517,0.9030361908101359,0.843292236328125
2015-10-08,102.52999877929688,103.87999725341795,102.37999725341795,103.69000244140624,95.0431900024414,0.49559910259421364,0.865773596091457,0.8157958984375
2015-10-09,103.8000030517578,104.05999755859376,103.43000030517578,103.83000183105467,95.1714859008789,-0.06698843459250127,0.13498694481342,0.1282958984375
2015-10-12,103.8499984741211,103.9499969482422,103.51000213623048,103.8499984741211,95.18982696533205,-0.047234930705050346,0.01927159619241614,0.01834106445313921
2015-10-13,103.29000091552734,104.16999816894533,102.98999786376952,103.08999633789062,94.49320220947266,0.30193729977606737,-0.7318268958647178,-0.6966247558593892
2015-10-14,103.0500030517578,103.44000244140624,102.37999725341795,102.55999755859376,94.00739288330078,0.09659123485455962,-0.5141209259634683,-0.485809326171875
2015-10-15,102.91999816894533,104.12000274658205,102.62999725341795,104.11000061035156,95.42815399169922,0.30012978961643133,1.5113291251062977,1.4207611083984375
2015-10-16,104.37000274658205,104.54000091552734,103.8499984741211,104.51000213623048,95.7947769165039,0.0960748033803779,0.384187380211265,0.3666229248046875
2015-10-19,104.3000030517578,104.66999816894533,103.97000122070312,104.62999725341795,95.90476989746094,-0.19067377265902402,0.11482148035366624,0.10999298095703125
2015-10-20,104.38999938964844,104.91000366210938,104.19000244140624,104.51000213623048,95.7947769165039,0.03403847254429837,-0.114689791836875,-0.10999298095703125
2015-10-21,104.70999908447266,104.86000061035156,103.58999633789062,103.69000244140624,95.0431900024414,0.015834263079392622,-0.7845802644517841,-0.7515869140625
2015-10-22,104.27999877929688,105.43000030517578,104.12000274658205,105.20999908447266,96.43641662597656,0.1458458867046415,1.465887901594387,1.3932266235351562
2015-10-23,106.12999725341795,106.47000122070312,105.66999816894533,106.30999755859376,97.44469451904295,0.42026466129795476,1.045536456395868,1.008277893066392
2015-10-26,106.26000213623048,106.3000030517578,105.8499984741211,106.05999755859376,97.2155303955078,0.8553581782960566,-0.23517352552259174,-0.22916412353515625
2015-10-27,105.83000183105467,105.94000244140624,105.26000213623048,105.70999908447266,96.8947296142578,-0.04342624858296014,-0.32998923108773504,-0.32080078125
2015-10-28,105.94000244140624,107.12000274658205,105.62000274658205,107.0999984741211,98.1688003540039,0.43149704586140725,1.314902002222662,1.274070739746108
2015-10-29,106.72000122070312,107.18000030517578,106.68000030517578,106.94000244140624,98.02216339111328,0.5897832926981055,-0.14937226732102404,-0.146636962890625
2015-10-30,107.13999938964844,107.27999877929688,106.5,106.52999877929688,97.64633178710938,0.29044669947552404,-0.38341492474953665,-0.37583160400390625
2015-11-02,106.77999877929688,108.0,106.68000030517578,107.93000030517578,98.9295883178711,1.0607042432175644,1.3141881597349636,1.2832565307617188
2015-11-03,107.70999908447266,108.56999969482422,107.5500030517578,108.1999969482422,99.17707824707033,0.8698828135074177,0.2501677540636571,0.24748992919923296
2015-11-04,108.51000213623048,108.52999877929688,107.56999969482422,107.94000244140624,98.9387664794922,0.7361270616943513,-0.24028915934026784,-0.238311767578125
2015-11-05,108.04000091552734,108.2300033569336,107.20999908447266,107.81999969482422,98.82876586914062,0.2522307703860765,-0.11118049503313632,-0.11000061035157671
2015-11-06,107.56999969482422,107.8499984741211,106.91999816894533,107.83999633789062,98.84709167480467,0.21020615917453875,0.018542987462089044,0.01832580566404829
2015-11-09,107.9000015258789,107.9000015258789,106.1999969482422,106.76000213623048,97.85716247558594,0.5600239289983836,-1.0014752912260505,-0.9899291992187358
2015-11-10,106.45999908447266,107.04000091552734,106.29000091552734,107.0,98.0771484375,-0.09545671960676877,0.22480312769026511,0.2199859619140625
2015-11-11,107.2699966430664,107.2699966430664,106.52999877929688,106.54000091552734,97.65550994873048,-0.26536267461255575,-0.4299049222849405,-0.42163848876951704
2015-11-12,105.97000122070312,106.16000366210938,104.9499969482422,104.9499969482422,96.19811248779295,0.8760799911975984,-1.4923863094900347,-1.4573974609375284
2015-11-13,104.76000213623048,104.87999725341795,103.80999755859376,103.83999633789062,95.18067169189452,0.807200943328611,-1.0576515168398415,-1.0174407958984375
2015-11-16,103.8000030517578,105.36000061035156,103.69000244140624,105.3499984741211,96.56472778320312,0.5694488034022,1.4541356629514945,1.384056091308608
2015-11-17,105.51000213623048,106.08999633789062,104.97000122070312,105.22000122070312,96.44558715820312,0.31633282711888294,-0.12337903055811283,-0.119140625
2015-11-18,105.58000183105467,107.0,105.54000091552734,106.9000015258789,97.98548126220705,0.22776482929671735,1.5966454758349569,1.5398941040039205
2015-11-19,106.91000366210938,107.08000183105467,106.62000274658205,106.76000213623048,97.85716247558594,-0.08383701143767999,-0.13095693868944158,-0.12831878662110796
2015-11-20,107.2300033569336,107.5999984741211,106.9800033569336,107.22000122070312,98.27881622314452,-0.12250481806703653,0.4308869549163319,0.42165374755857954
2015-11-23,107.2300033569336,107.58999633789062,106.87999725341795,107.11000061035156,98.17797088623048,0.8984156524559579,-0.10261146886940686,-0.10084533691403408
2015-11-24,106.56999969482422,107.58999633789062,106.30999755859376,107.38999938964844,98.43460083007812,0.1803176876062715,0.2613925929932259,0.25662994384764204
2015-11-25,107.51000213623048,107.66000366210938,107.25,107.47000122070312,98.5079574584961,0.04326968514529667,0.07452321419436636,0.07335662841796875
2015-11-27,107.58999633789062,107.76000213623048,107.22000122070312,107.62999725341795,98.65460968017578,-0.7752096474984622,0.14887347729393152,0.1466522216796875
2015-11-30,107.77999877929688,107.8499984741211,107.11000061035156,107.16999816894533,98.23297119140624,1.2038203155001745,-0.4273885327167548,-0.42163848876954546
2015-12-01,107.58999633789062,108.20999908447266,107.37000274658205,108.18000030517578,99.15872192382812,0.4456343574671319,0.9424032696904394,0.9257507324218892
2015-12-02,108.0999984741211,108.2699966430664,106.87999725341795,107.0500030517578,98.12296295166016,0.7642725770372553,-1.0445465129770626,-1.0357589721679688
2015-12-03,107.29000091552734,107.4800033569336,105.05999755859376,105.4499969482422,96.65640258789062,1.027910844607025,-1.4946148380089452,-1.4665603637695312
2015-12-04,105.80999755859376,107.54000091552734,105.62000274658205,107.38999938964844,98.43460083007812,1.7860322487057951,1.8397107636719312,1.7781982421875
2015-12-07,107.2300033569336,107.2699966430664,106.05999755859376,106.5500030517578,97.6646728515625,0.8051352174318841,-0.7821720939821808,-0.769927978515625
2015-12-08,105.94000244140624,106.4000015258789,105.2699966430664,105.91000366210938,97.0780258178711,0.9013851334325028,-0.6006747543024438,-0.5866470336914062
2015-12-09,105.5500030517578,106.75,104.4800033569336,105.0,96.24392700195312,1.5664197643100173,-0.8592045510719681,-0.8340988159179688
2015-12-10,105.18000030517578,106.05999755859376,104.91999816894533,105.30999755859376,96.52806854248048,1.2469423435943485,0.29523061805405426,0.28414154052735796
2015-12-11,104.16999816894533,104.43000030517578,103.06999969482422,103.23999786376952,94.63068389892578,2.1608969450274538,-1.9656299687791812,-1.8973846435547017
2015-12-14,103.36000061035156,103.72000122070312,102.18000030517578,103.61000061035156,94.96984100341795,3.540479074369655,0.35840077501123613,0.3391571044921733
2015-12-15,104.44000244140624,105.19000244140624,104.36000061035156,104.72000122070312,95.98727416992188,0.7518782216568939,1.0713223858796361,1.0174331665039205
2015-12-16,105.45999908447266,106.41999816894533,104.6999969482422,106.23999786376952,97.38052368164062,2.723613590082714,1.451493985809349,1.39324951171875
2015-12-17,106.44000244140624,106.47000122070312,104.68000030517578,104.68000030517578,95.95061492919922,2.057094218716927,-1.468372420255315,-1.4299087524414062
2015-12-18,104.16999816894533,104.36000061035156,102.9000015258789,102.9000015258789,94.3190460205078,1.5844303119721048,-1.7004256928372374,-1.6315689086914205
2015-12-21,103.19000244140624,103.27999877929688,102.37000274658205,103.12999725341795,95.06851959228516,0.9601937675549466,0.7946153013617119,0.749473571777358
2015-12-22,103.6500015258789,104.26000213623048,103.04000091552734,104.05999755859376,95.92581176757812,0.7251528928679897,0.9017624119630696,0.8572921752929688
2015-12-23,104.62999725341795,105.4000015258789,104.51000213623048,105.36000061035156,97.12419128417967,1.0257805647760254,1.249277430672291,1.1983795166015483
2015-12-24,105.22000122070312,105.5999984741211,105.08000183105467,105.2300033569336,97.00436401367188,-0.18899537036793343,-0.12337530837933652,-0.11982727050779829
2015-12-28,104.87999725341795,105.0,104.31999969482422,105.0,96.79232788085938,1.1144131165324638,-0.21858411729045457,-0.2120361328125
2015-12-29,105.69000244140624,106.23999786376952,105.54000091552734,106.12000274658205,97.82477569580078,0.4874007529415788,1.0666628621766705,1.0324478149414062
2015-12-30,105.95999908447266,106.0,105.25,105.31999969482422,97.08731079101562,0.4212975242463182,-0.7538631185604827,-0.7374649047851562
2015-12-31,104.93000030517578,105.31999969482422,104.3000030517578,104.3000030517578,96.14704132080078,1.2258332070871705,-0.9684782311447648,-0.9402694702148438
2016-01-04,102.58000183105467,102.9499969482422,101.58000183105467,102.73999786376952,94.70899963378906,2.8307085670411487,-1.4956692033960772,-1.4380416870117188
2016-01-05,102.9000015258789,103.18000030517578,102.3000030517578,102.97000122070312,94.9210205078125,1.2258977610214432,0.22386560394815902,0.2120208740234375
2016-01-06,101.52999877929688,102.2300033569336,100.9499969482422,101.58999633789062,93.6488800048828,1.2778636781109791,-1.340209466906228,-1.2721405029297017
2016-01-07,99.9000015258789,100.8000030517578,98.87000274658205,99.0999984741211,91.353515625,4.843435683730143,-2.451032387961416,-2.2953643798827983
2016-01-08,99.61000061035156,99.98999786376952,97.77999877929688,97.97000122070312,90.31184387207033,3.3971693402842265,-1.1402645489919205,-1.0416717529296733
2016-01-11,98.5500030517578,98.66999816894533,96.77999877929688,97.91000366210938,90.25652313232422,3.2990473601896992,-0.06125524335930388,-0.05532073974610796
2016-01-12,98.8000030517578,99.16999816894533,97.27999877929688,98.58000183105467,90.87416076660156,1.7455569319168025,0.68431356852936,0.6176376342773438
2016-01-13,99.0,99.1999969482422,95.77999877929688,96.04000091552734,88.53269958496094,2.8466533888065095,-2.576597309827555,-2.341461181640625
2016-01-14,96.36000061035156,98.18000030517578,95.33000183105467,97.51000213623048,89.8877944946289,2.15082653128091,1.5306151467430862,1.3550949096679688
2016-01-15,95.0500030517578,95.87999725341795,94.22000122070312,95.45999908447266,87.9980697631836,4.098160512551644,-2.102315160884527,-1.8897247314453125
2016-01-19,96.56999969482422,96.66999816894533,94.5,95.36000061035156,87.9058609008789,3.6682313102953588,-0.10478509648318424,-0.0922088623046875
2016-01-21,94.6999969482422,95.95999908447266,93.81999969482422,94.79000091552734,87.38042449951172,3.49638873726139,-0.597726244851482,-0.5254364013671875
2016-01-22,96.33000183105467,96.88999938964844,95.9499969482422,96.80999755859376,89.2425308227539,1.2576582966836192,2.1310337342806074,1.8621063232421875
2016-01-25,96.63999938964844,96.6500015258789,95.11000061035156,95.22000122070312,87.77680969238281,1.754078051240801,-1.6424020216125323,-1.4657211303710938
2016-01-26,95.5999984741211,96.81999969482422,95.44000244140624,96.66999816894533,89.11346435546875,1.0200352646257538,1.5227879297166291,1.3366546630859375
2016-01-27,96.4000015258789,97.31999969482422,95.0500030517578,95.56999969482422,88.09944915771484,2.226548296182805,-1.1378922423092575,-1.0140151977539062
2016-01-28,96.55999755859376,96.66000366210938,95.0500030517578,95.9499969482422,88.44976043701172,1.7993949131002471,0.3976316340749797,0.350311279296875
2016-01-29,96.4499969482422,98.36000061035156,96.3499984741211,98.33000183105467,90.64371490478516,2.099377045665556,2.4804526964613327,2.1939544677734375
2016-02-01,97.75,98.80999755859376,97.37000274658205,98.3499984741211,90.6621551513672,1.365721582656145,0.020343657143162552,0.01844024658204546
2016-02-02,97.5,97.5500030517578,96.16000366210938,96.4499969482422,88.91065216064453,0.9853052479870329,-1.9319008993315956,-1.7515029907226705
2016-02-03,97.08999633789062,97.29000091552734,94.88999938964844,97.02999877929688,89.4453353881836,2.3910962746439566,0.6013713931295683,0.5346832275390625
2016-02-04,96.79000091552734,97.91999816894533,96.47000122070312,97.26000213623048,89.65736389160156,1.0835563359501057,0.23704813951201942,0.21202850341796875
2016-02-05,96.94000244140624,97.0,94.9499969482422,95.26000213623048,87.81369018554688,1.4462203386942212,-2.0563550232011507,-1.8436737060546875
2016-02-08,94.1999969482422,94.37999725341795,92.5,93.77999877929688,86.44937133789062,2.9376098821967656,-1.5536516513239507,-1.36431884765625
2016-02-09,92.83999633789062,94.47000122070312,92.6999969482422,93.66000366210938,86.33873748779297,1.9628454746787627,-0.12797530899933962,-0.11063385009765625
2016-02-10,94.19000244140624,95.2699966430664,93.62000274658205,93.72000122070312,86.39407348632812,1.17922526654227,0.06409173928791922,0.05533599853515625
2016-02-11,92.38999938964844,93.05999755859376,91.58000183105467,92.55999755859376,85.32475280761719,3.5417055991208364,-1.23772457479987,-1.0693206787109375
2016-02-12,93.47000122070312,94.37999725341795,93.01000213623048,94.36000061035156,86.98404693603516,0.7713089558729812,1.9446808503028379,1.6592941284179688
2016-02-16,95.62000274658205,96.08999633789062,94.95999908447266,96.08000183105467,88.56959533691406,1.1777405260539975,1.8228036711661177,1.5855484008789062
2016-02-17,96.7699966430664,97.93000030517578,96.58999633789062,97.66999816894533,90.03531646728516,1.2147299303922634,1.6548806899202573,1.4657211303710938
2016-02-18,97.9000015258789,97.91999816894533,97.08999633789062,97.27999877929688,89.67578125,0.4382106550257696,-0.39932687682149304,-0.35953521728515625
2016-02-19,96.8499984741211,97.36000061035156,96.43000030517578,97.3000030517578,89.6942138671875,0.3165910428559738,0.020554732761257632,0.0184326171875
2016-02-22,98.23999786376952,98.8000030517578,98.11000061035156,98.72000122070312,91.00323486328124,0.3112330663113384,1.459426355006621,1.3090209960937358
2016-02-23,98.37999725341795,98.5199966430664,97.47000122070312,97.52999877929688,89.90625,0.9364379197425873,-1.205435020996004,-1.0969848632812358
2016-02-24,96.58000183105467,98.13999938964844,95.98999786376952,98.02999877929688,90.3671646118164,0.9683921172075814,0.5126613687217674,0.46091461181640625
2016-02-25,98.2699966430664,99.19000244140624,97.81999969482422,99.19000244140624,91.43648529052734,2.0712960842569244,1.1833066615560384,1.0693206787109375
2016-02-26,99.66999816894533,99.76000213623048,98.95999908447266,99.11000061035156,91.3627471923828,0.9302407420524066,-0.0806440644675388,-0.07373809814454546
2016-02-29,99.12000274658205,99.69000244140624,98.31999969482422,98.31999969482422,90.63449096679688,0.6430402884730957,-0.797104123907777,-0.7282562255859233
2016-03-01,99.12999725341795,100.68000030517578,98.83999633789062,100.66000366210938,92.79158020019533,0.7762150548777076,2.379987144395934,2.1570892333984517
2016-03-02,100.5199966430664,101.23999786376952,100.26000213623048,101.22000122070312,93.30779266357422,1.1865844150493596,0.5563139050603239,0.516212463378892
2016-03-03,101.12999725341795,101.75,100.8499984741211,101.72000122070312,93.76870727539062,0.6131518169048285,0.4939722596142282,0.46091461181640625
2016-03-04,101.88999938964844,102.5999984741211,101.4000015258789,102.06999969482422,94.0913543701172,0.4446660484530412,0.3440882402046874,0.3226470947265767
2016-03-07,101.6500015258789,102.55999755859376,101.55999755859376,102.27999877929688,94.2849349975586,0.7815084774880703,0.20573689127687533,0.19358062744139204
2016-03-08,101.7300033569336,101.8000030517578,100.91000366210938,101.01000213623048,93.1142120361328,1.0868485865980142,-1.2416861309350269,-1.1707229614257955
2016-03-09,101.5,101.6999969482422,100.9800033569336,101.5,93.56592559814452,0.2442906364705325,0.4851177410344576,0.45171356201171875
2016-03-10,101.8000030517578,102.3000030517578,100.4000015258789,101.47000122070312,93.53826141357422,1.2579810663549829,-0.029566516222057082,-0.02766418457029829
2016-03-11,102.37000274658205,103.23999786376952,102.33000183105467,103.19000244140624,95.12380981445312,0.9684566711418541,1.6950800420252543,1.5855484008789062
2016-03-14,102.87999725341795,103.31999969482422,102.69000244140624,103.06999969482422,95.01319122314452,0.7964849902393403,-0.11628906740003275,-0.11061859130860796
2016-03-15,102.0,102.26000213623048,101.76000213623048,102.23999786376952,94.68904113769533,0.7999063487557941,-0.34116324404671605,-0.32415008544919033
2016-03-16,101.98999786376952,103.08999633789062,101.91000366210938,102.87999725341795,95.28177642822266,1.1105398804761009,0.625980877412613,0.5927352905273295
2016-03-17,102.87000274658205,103.91999816894533,102.5999984741211,103.66999816894533,96.013427734375,1.109829787199101,0.7678816806102606,0.7316513061523438
2016-03-18,103.9499969482422,104.27999877929688,103.8000030517578,104.12999725341795,96.43943786621094,0.7675648276851638,0.4436984928967602,0.4260101318359375
2016-03-21,103.9800033569336,104.36000061035156,103.8000030517578,104.2300033569336,96.53207397460938,0.5074124725661205,0.09605625089494918,0.0926361083984375
2016-03-22,103.75,104.5199966430664,103.61000061035156,104.1999969482422,96.50428771972656,0.13512993361537073,-0.02878447933286621,-0.0277862548828125
2016-03-23,104.04000091552734,104.04000091552734,103.27999877929688,103.3499984741211,95.71705627441406,2.7976569526935187,-0.8157476355857063,-0.7872314453125
2016-03-24,102.76000213623048,103.33000183105467,102.52999877929688,103.31999969482422,95.68928527832033,0.270951411325164,-0.029013633697760888,-0.02777099609373579
2016-03-28,103.58000183105467,103.70999908447266,103.06999969482422,103.38999938964844,95.75411224365234,0.22602187307135405,0.06774736078700716,0.06482696533201704
2016-03-29,103.19000244140624,104.5500030517578,102.95999908447266,104.54000091552734,96.81918334960938,0.7564615509902567,1.11229803190791,1.0650711059570312
2016-03-30,105.04000091552734,105.38999938964844,104.7300033569336,104.94000244140624,97.18962860107422,0.3263386869311538,0.3826155506054807,0.37044525146484375
2016-03-31,104.97000122070312,105.22000122070312,104.6999969482422,104.81999969482422,97.0784912109375,0.3078117077948845,-0.11435108018870155,-0.11113739013671875
2016-04-01,104.3000030517578,105.56999969482422,103.9499969482422,105.4800033569336,97.6897430419922,0.8022302903896119,0.6296470242069807,0.6112518310547017
2016-04-04,105.48999786376952,105.5500030517578,104.88999938964844,105.04000091552734,97.28224182128906,0.060763801333202555,-0.4171381846382549,-0.4075012207031392
2016-04-05,104.30999755859376,104.5500030517578,103.87000274658205,104.0199966430664,96.33756256103516,0.5288443787446621,-0.9710706112111556,-0.9446792602539062
2016-04-06,104.08999633789062,105.1999969482422,103.9000015258789,105.16000366210938,97.39337158203124,0.5285216090732985,1.0959474092228305,1.0558090209960795
2016-04-07,104.5,104.73999786376952,103.44000244140624,103.9000015258789,96.22644805908205,0.24629180843298668,-1.1981549709122907,-1.1669235229491903
2016-04-08,104.56999969482422,104.9000015258789,103.91000366210938,104.1999969482422,96.50428771972656,0.37681986353241725,0.288735234697568,0.27783966064451704
2016-04-11,104.6500015258789,105.0500030517578,103.91000366210938,103.91000366210938,96.23571014404295,0.337635625428879,-0.27830636547842014,-0.26857757568360796
2016-04-12,104.0999984741211,105.0999984741211,103.77999877929688,104.91999816894533,97.1710968017578,0.3903761897296875,0.9719745989454243,0.9353866577148438
2016-04-13,105.5,106.16999816894533,105.43000030517578,106.1500015258789,98.31027221679688,0.7173418668209911,1.1723397723534479,1.1391754150390767
2016-04-14,106.23999786376952,106.38999938964844,105.9000015258789,106.11000061035156,98.2732162475586,-0.055756050029048786,-0.03769287624040274,-0.03705596923828125
2016-04-15,106.12000274658205,106.19000244140624,105.87000274658205,106.05999755859376,98.22691345214844,-0.08435344291186171,-0.04711639364026743,-0.04630279541015625
2016-04-18,105.73999786376952,106.79000091552734,105.61000061035156,106.7699966430664,98.8844757080078,0.008926992112212071,0.6694318621542461,0.6575622558593608
2016-04-19,107.0199966430664,107.30999755859376,106.61000061035156,107.06999969482422,99.16232299804688,0.22621553487417217,0.28098170926194044,0.2778472900390767
2016-04-20,107.20999908447266,107.63999938964844,106.83000183105467,107.18000030517578,99.26419830322266,0.13274143804728025,0.10273590018436973,0.10187530517578125
2016-04-21,107.26000213623048,107.33000183105467,106.4800033569336,106.6500015258789,98.77335357666016,-0.05039807348441341,-0.4944831419109619,-0.4908447265625
2016-04-22,106.51000213623048,106.93000030517578,106.23999786376952,106.8000030517578,98.9122543334961,0.09058771896719708,0.1406257374142239,0.1389007568359375
2016-04-25,106.5,106.58999633789062,106.05999755859376,106.54000091552734,98.67146301269533,0.21614512112762857,-0.24343932147062874,-0.24079132080076704
2016-04-26,106.77999877929688,107.0500030517578,106.44000244140624,106.83000183105467,98.9400405883789,-0.0037255790052401526,0.2721937706031907,0.26857757568357954
2016-04-27,106.66000366210938,107.33000183105467,106.41999816894533,107.08999633789062,99.18083190917967,0.3322130949499709,0.2433709541342699,0.24079132080076704
2016-04-28,106.62999725341795,107.3000030517578,105.87000274658205,106.12999725341795,98.2917251586914,1.988860710190667,-0.8964501843485517,-0.889106750488267
2016-04-29,105.8000030517578,105.95999908447266,104.80999755859376,105.51000213623048,97.717529296875,0.848709123065967,-0.5841751794358752,-0.5741958618164062
2016-05-02,105.8000030517578,106.4000015258789,105.47000122070312,106.33000183105467,98.47698211669922,0.5120603558337561,0.7771919995203103,0.7594528198242188
2016-05-03,105.62000274658205,105.68000030517578,104.81999969482422,105.26000213623048,97.48599243164062,2.207311223769536,-1.0063160585935038,-0.9909896850585938
2016-05-04,104.76000213623048,105.16999816894533,104.37000274658205,104.63999938964844,96.91178131103516,0.5329112766038432,-0.5890191054967353,-0.5742111206054688
2016-05-05,104.9499969482422,105.16999816894533,104.37000274658205,104.5999984741211,96.87474060058594,-0.08816212503395193,-0.038221060378962335,-0.03704071044921875
2016-05-06,104.13999938964844,104.98999786376952,104.0,104.9800033569336,97.22669219970705,0.004085447041758413,0.36330584932577903,0.35195159912110796
2016-05-09,104.87000274658205,105.33999633789062,104.7699966430664,105.08999633789062,97.32854461669922,-0.0038546868737855833,0.10475766961501876,0.10185241699217329
2016-05-10,105.5,106.4000015258789,105.41000366210938,106.33999633789062,98.4862289428711,0.4180698275326824,1.1894602253954334,1.157684326171875
2016-05-11,106.08999633789062,106.29000091552734,105.33999633789062,105.37000274658205,97.58788299560548,-0.14309752310003276,-0.9121538685238018,-0.8983459472656108
2016-05-12,105.81999969482422,105.87999725341795,104.72000122070312,105.33000183105467,97.55084228515624,0.4626765961151288,-0.037956259847260476,-0.03704071044924717
2016-05-13,105.08000183105467,105.4800033569336,104.22000122070312,104.41999816894533,96.70802307128906,1.2920655436509765,-0.8639794328002659,-0.8428192138671733
2016-05-16,104.58000183105467,105.75,104.41000366210938,105.45999908447266,97.67122650146484,0.20420264328717622,0.995991231736526,0.9632034301757812
2016-05-17,105.26000213623048,105.45999908447266,104.16000366210938,104.51000213623048,96.79138946533205,0.6706693723418179,-0.9008149765781903,-0.8798370361327983
2016-05-18,104.51000213623048,105.1999969482422,103.81999969482422,104.5,96.78213500976562,0.6742198387268172,-0.009561238471256228,-0.00925445556642046
2016-05-19,104.08000183105467,104.36000061035156,103.37000274658205,104.08999633789062,96.40240478515624,0.557441771627475,-0.3923557013606582,-0.3797302246093892
2016-05-20,104.54000091552734,105.13999938964844,104.4499969482422,104.88999938964844,97.14331817626952,0.16295267928691107,0.7685631834231543,0.7409133911132812
2016-05-23,104.91999816894533,105.12000274658205,104.66000366210938,104.76000213623048,97.02291870117188,-0.058790084939866406,-0.12394004791885793,-0.12039947509764204
2016-05-24,105.22000122070312,106.37000274658205,105.22000122070312,106.16000366210938,98.31954193115234,0.42329869620877236,1.3364092189125376,1.2966232299804688
2016-05-25,106.51000213623048,107.13999938964844,106.51000213623048,106.93000030517578,99.0326690673828,0.9768486825973072,0.725315763502854,0.7131271362304545
2016-05-26,107.0199966430664,107.13999938964844,106.7300033569336,106.91000366210938,99.01414489746094,0.0324891781217532,-0.01870511023918109,-0.01852416992186079
2016-05-27,106.97000122070312,107.38999938964844,106.9499969482422,107.38999938964844,99.4586944580078,-0.0399403361322335,0.44897581149363486,0.4445495605468608
2016-05-31,107.56999969482422,107.69000244140624,106.95999908447266,107.33999633789062,99.4123764038086,0.5276824079277532,-0.046570140953094974,-0.04631805419920454
2016-06-01,107.0,107.6999969482422,106.8000030517578,107.62999725341795,99.68094635009766,0.5979816423507404,0.27015745524294754,0.2685699462890625
2016-06-02,107.4000015258789,107.98999786376952,107.11000061035156,107.98999786376952,100.01436614990234,0.23202538895871658,0.33448699276354965,0.3334197998046875
2016-06-03,107.77999877929688,107.87000274658205,106.94000244140624,107.69000244140624,99.73654174804688,0.4836566247537613,-0.2777844949185204,-0.27782440185546875
2016-06-06,107.83999633789062,108.45999908447266,107.8000030517578,108.25,100.25516510009766,0.018739190121664813,0.5199933173549498,0.5186233520507812
2016-06-07,108.38999938964844,108.80999755859376,108.31999969482422,108.45999908447266,100.44966888427734,-0.31100230614336555,0.1940087415800429,0.1945037841796875
2016-06-08,108.61000061035156,108.93000030517578,108.5,108.83999633789062,100.80159759521484,-0.30131921600245826,0.35035328124668474,0.3519287109375
2016-06-09,108.4499969482422,108.7300033569336,108.22000122070312,108.62000274658205,100.5978546142578,-0.0063722903104214855,-0.20212276969577836,-0.20374298095704546
2016-06-10,107.77999877929688,107.91999816894533,107.16000366210938,107.5,99.56057739257812,-0.05607881970041236,-1.031112667021683,-1.0372772216796733
2016-06-13,107.1500015258789,107.68000030517578,106.58999633789062,106.61000061035156,98.7362823486328,0.38831046383296064,-0.8279331694663106,-0.8242950439453267
2016-06-14,105.9000015258789,106.33000183105467,105.36000061035156,105.9499969482422,98.55862426757812,0.2690793472312552,-0.17993191239201733,-0.1776580810546733
2016-06-15,106.19000244140624,106.5999984741211,105.73999786376952,105.83999633789062,98.456298828125,0.05695511921111235,-0.10382190317036466,-0.102325439453125
2016-06-16,105.3000030517578,106.18000030517578,104.6999969482422,106.1500015258789,98.74466705322266,0.08458420307983455,0.29288956474085026,0.28836822509765625
2016-06-17,106.12000274658205,106.12000274658205,105.38999938964844,105.8000030517578,98.4190902709961,-0.025996686329326973,-0.3297158134637046,-0.3255767822265625
2016-06-20,106.93000030517578,107.38999938964844,106.45999908447266,106.5199966430664,99.08885192871094,0.4193609062181367,0.6805200656403665,0.6697616577148438
2016-06-21,106.8000030517578,106.98999786376952,106.38999938964844,106.75,99.30281066894533,0.3195605238325187,0.21592614715963965,0.2139587402343892
2016-06-22,106.8000030517578,107.27999877929688,106.44000244140624,106.51000213623048,99.07955932617188,0.1610160612587296,-0.2248187551485592,-0.2232513427734517
2016-06-23,107.41999816894533,108.0,107.13999938964844,107.9800033569336,100.4469985961914,-0.08454710471467987,1.3801426644600712,1.3674392700195312
2016-06-24,104.12000274658205,105.94000244140624,103.86000061035156,104.0500030517578,96.79118347167967,3.6260775912152754,-3.6395464031817704,-3.655815124511733
2016-06-27,103.22000122070312,103.2300033569336,101.51000213623048,101.9800033569336,94.86557006835938,2.233778336821349,-1.9894512436493983,-1.9256134033202983
2016-06-28,103.08000183105467,103.86000061035156,102.83000183105467,103.8499984741211,96.6051254272461,3.7546044743522518,1.8337056928379836,1.7395553588867188
2016-06-29,104.68000030517578,105.83000183105467,104.6500015258789,105.70999908447266,98.3353500366211,0.5696424652050183,1.791027755228214,1.730224609375
2016-06-30,106.01000213623048,107.1999969482422,105.62000274658205,107.16000366210938,99.6842041015625,2.4524225122030363,1.3716878665089194,1.3488540649414062
2016-07-01,107.16000366210938,107.75,107.06999969482422,107.37000274658205,99.87956237792967,0.7647890085114369,0.1959771642136232,0.1953582763671733
2016-07-05,106.94000244140624,107.0,106.13999938964844,106.56999969482422,99.13536834716795,0.817658680680791,-0.7450914011274845,-0.7441940307617188
2016-07-06,106.1999969482422,107.26000213623048,105.87999725341795,107.22000122070312,99.74002075195312,0.009314315717848362,0.6099260181973598,0.6046524047851705
2016-07-07,107.37000274658205,107.7699966430664,106.75,107.16999816894533,99.6935043334961,-0.05388398593514004,-0.046637666712257,-0.04651641845703125
2016-07-08,107.91000366210938,108.98999786376952,107.86000061035156,108.83999633789062,101.24700164794922,0.39308745496914155,1.5582733547577332,1.553497314453125
2016-07-11,109.19000244140624,109.62000274658205,109.0,109.29000091552734,101.66561126708984,1.3653342590505086,0.41345384290607523,0.418609619140625
2016-07-12,109.87999725341795,110.4000015258789,109.68000030517578,110.1999969482422,102.51213836669922,0.9486386133201304,0.8326582499813329,0.846527099609375
2016-07-13,110.43000030517578,110.5,109.80999755859376,110.13999938964844,102.4563217163086,-0.17272777893120914,-0.054448820676200604,-0.055816650390625
2016-07-14,110.72000122070312,110.98999786376952,110.45999908447266,110.66999816894533,102.94933319091795,-0.1240541124895817,0.4811918545880145,0.4930114746093608
2016-07-15,110.88999938964844,110.97000122070312,110.29000091552734,110.5500030517578,102.83771514892578,-0.23741082107247,-0.10842036420496415,-0.11161804199217329
2016-07-18,110.6500015258789,110.93000030517578,110.44000244140624,110.86000061035156,103.12608337402344,-0.25393662824628516,0.28041096078423866,0.28836822509765625
2016-07-19,110.62000274658205,110.75,110.4000015258789,110.63999938964844,102.92142486572266,0.904290060474775,-0.19845465046753885,-0.20465850830078125
2016-07-20,110.68000030517578,111.33000183105467,110.66000366210938,111.2300033569336,103.4702606201172,-0.3985374410171677,0.5332570503280509,0.5488357543945455
2016-07-21,111.18000030517578,111.29000091552734,110.5199966430664,110.79000091552734,103.06097412109376,1.058767625189383,-0.3955595516726307,-0.4092864990234375
2016-07-22,110.9000015258789,111.36000061035156,110.70999908447266,111.31999969482422,103.5539779663086,1.1577288064294557,0.4783613287368649,0.49300384521482954
2016-07-25,111.23999786376952,111.2699966430664,110.69000244140624,111.02999877929688,103.28423309326172,-0.23179462879074375,-0.26048721482687665,-0.269744873046875
2016-07-26,111.05999755859376,111.33999633789062,110.62999725341795,111.1500015258789,103.39585876464844,-0.20719957983283918,0.1080761971538502,0.11162567138671875
2016-07-27,111.41000366210938,111.41999816894533,110.55999755859376,111.0199966430664,103.2749252319336,0.14474846982200532,-0.11696167927780499,-0.12093353271484375
2016-07-28,110.88999938964844,111.37999725341795,110.66000366210938,111.16000366210938,103.40516662597656,0.12428487265755453,0.12611134188718065,0.13024139404296875
2016-07-29,111.08999633789062,111.62000274658205,110.81999969482422,111.41999816894533,103.64704132080078,-0.0742830291653181,0.23390968045058358,0.24187469482421875
2016-08-01,111.4000015258789,111.66999816894533,111.0,111.2699966430664,103.5074691772461,0.21943737177553707,-0.13466100119798874,-0.1395721435546875
2016-08-02,111.19000244140624,111.2300033569336,109.9499969482422,110.43000030517578,102.7260971069336,0.46519419955176466,-0.7548943825246845,-0.7813720703125
2016-08-03,110.38999938964844,110.86000061035156,110.20999908447266,110.83999633789062,103.10749816894533,-0.25800352610546623,0.3712796190579626,0.38140106201173296
2016-08-04,110.8499984741211,111.18000030517578,110.69000244140624,110.97000122070312,103.22840881347656,-0.4129329683599832,0.11726658747273078,0.12091064453123579
2016-08-05,111.41999816894533,111.91999816894533,111.31999969482422,111.88999938964844,104.08424377441406,-0.2412195031945602,0.8290692172577385,0.8558349609375
2016-08-08,111.98999786376952,112.12000274658205,111.69000244140624,111.81999969482422,104.01911163330078,-0.3321114426505435,-0.06257636963231672,-0.06513214111328125
2016-08-09,111.94000244140624,112.18000030517578,111.75,111.91999816894533,104.11213684082033,-0.46528620905515544,0.08943088059383264,0.09302520751954546
2016-08-10,111.94000244140624,112.0500030517578,111.41999816894533,111.58999633789062,103.80513763427734,-0.3190069939931823,-0.2948736005796926,-0.30699920654298296
2016-08-11,111.9800033569336,112.26000213623048,111.7300033569336,112.1500015258789,104.32611083984376,-0.24225236614292364,0.501876128137213,0.5209732055664205
2016-08-12,111.97000122070312,112.16999816894533,111.76000213623048,112.04000091552734,104.22376251220705,-0.1358029285272159,-0.09810422991214374,-0.10234832763671875
2016-08-15,112.29000091552734,112.63999938964844,112.06999969482422,112.4499969482422,104.60515594482422,-0.20042141673420405,0.3659371178165838,0.3813934326171733
2016-08-16,112.2300033569336,112.23999786376952,111.80999755859376,111.80999755859376,104.00980377197266,-0.3386959439463605,-0.5691422831639259,-0.5953521728515625
2016-08-17,111.83999633789062,112.02999877929688,111.2699966430664,111.9499969482422,104.14004516601562,0.6702174948019088,0.12522030550938812,0.13024139404296875
2016-08-18,111.91999816894533,112.3000030517578,111.70999908447266,112.3000030517578,104.4656219482422,-0.5042767853558755,0.3126336095855775,0.3255767822265767
2016-08-19,112.0,112.2300033569336,111.7300033569336,112.13999938964844,104.31678009033205,-0.48587891408815165,-0.1424792722565682,-0.14884185791015625
2016-08-22,112.04000091552734,112.25,111.7699966430664,112.16999816894533,104.34468841552734,-0.4204212247356182,0.026753438105675542,0.02790832519529829
2016-08-23,112.4800033569336,112.77999877929688,112.44000244140624,112.47000122070312,104.6237564086914,0.9676820239305816,0.26744820210946596,0.2790679931640625
2016-08-24,112.43000030517578,112.45999908447266,111.58999633789062,111.83999633789062,104.0377197265625,0.3321485410156982,-0.5601372979189057,-0.5860366821289062
2016-08-25,111.6999969482422,112.06999969482422,111.5500030517578,111.7699966430664,103.97259521484376,-0.3538015645661759,-0.06259701951359942,-0.06512451171873579
2016-08-26,111.87000274658205,112.5500030517578,111.0500030517578,111.54000091552734,103.7586441040039,0.06315229690129302,-0.20577644560834107,-0.21395111083985796
2016-08-29,111.72000122070312,112.33000183105467,111.6999969482422,112.1500015258789,104.32611083984376,-0.4403038364916146,0.5469103232218941,0.567466735839858
2016-08-30,112.16000366210938,112.3000030517578,111.66000366210938,111.97000122070312,104.15866088867188,-0.14116090507185128,-0.1605062719427397,-0.1674499511718892
2016-08-31,111.87999725341795,111.9000015258789,111.1999969482422,111.6500015258789,103.8609848022461,-0.23211739846210733,-0.2857910075706016,-0.29767608642578125
2016-09-01,111.7699966430664,111.88999938964844,110.97000122070312,111.70999908447266,103.9167938232422,-0.05317389265814017,0.053734346061107274,0.05580902099610796
2016-09-02,112.19000244140624,112.51000213623048,111.91999816894533,112.27999877929688,104.44702911376952,-0.12269847986985467,0.5102498556962987,0.5302352905273153
2016-09-06,112.45999908447266,112.62000274658205,112.0199966430664,112.5999984741211,104.74469757080078,1.522458535070298,0.2849946614633003,0.2976684570312642
2016-09-07,112.54000091552734,112.75,112.29000091552734,112.75,104.8842315673828,-0.10539802548476694,0.13321342255792068,0.13953399658201704
2016-09-08,112.56999969482422,112.66999816894533,112.26000213623048,112.45999908447266,104.61446380615234,-0.38788604186216963,-0.25720526069463734,-0.26976776123045454
2016-09-09,111.72000122070312,111.7300033569336,109.6500015258789,109.66000366210938,102.00981903076172,1.0226174219966624,-2.4897558909415807,-2.604644775390625
2016-09-12,109.19000244140624,111.4000015258789,109.0500030517578,111.19000244140624,103.4330596923828,0.8328934091691518,1.3951996730745098,1.4232406616210795
2016-09-13,109.9499969482422,110.01000213623048,108.56999969482422,108.91999816894533,101.81497192382812,2.1747114869618147,-1.5643816139317313,-1.6180877685546733
2016-09-14,109.0500030517578,109.70999908447266,108.61000061035156,108.93000030517578,101.82433319091795,0.1861275416908159,0.009194391466160745,0.00936126708982954
2016-09-15,108.86000061035156,110.25,108.73999786376952,110.0500030517578,102.87126922607422,0.7792490897885253,1.0281786311266972,1.0469360351562642
2016-09-16,109.75,109.7699966430664,109.22000122070312,109.61000061035156,102.45997619628906,0.6624064687549103,-0.39981331316256696,-0.41129302978515625
2016-09-19,110.19000244140624,110.5,109.5199966430664,109.7699966430664,102.60954284667967,1.0825234730017423,0.14597568332836985,0.1495666503906108
2016-09-20,110.29000091552734,110.33000183105467,109.69000244140624,109.72000122070312,102.5627899169922,-0.09674779829222308,-0.045563919680779996,-0.04675292968747158
2016-09-21,110.11000061035156,111.08000183105467,109.70999908447266,110.9800033569336,103.7406234741211,0.14106889556846056,1.1484024158100237,1.177833557128892
2016-09-22,111.62999725341795,111.91999816894533,111.52999877929688,111.79000091552734,104.49777221679688,-0.14716442095921384,0.7298478814951936,0.7571487426757812
2016-09-23,111.58999633789062,111.68000030517578,111.11000061035156,111.1500015258789,103.89952087402344,-0.1429038612972146,-0.5725015281017432,-0.5982513427734375
2016-09-26,110.63999938964844,110.87000274658205,110.20999908447266,110.2699966430664,103.0769271850586,0.24751833318416827,-0.7917203872019996,-0.8225936889648438
2016-09-27,110.2300033569336,110.9499969482422,109.98999786376952,110.9000015258789,103.66582489013672,-0.297510533880368,0.5713186463357056,0.588897705078125
2016-09-28,111.05999755859376,111.5999984741211,110.45999908447266,111.5500030517578,104.2734375,-0.2023580347623855,0.5861262479773144,0.6076126098632812
2016-09-29,111.4800033569336,111.62000274658205,110.16999816894533,110.45999908447266,103.2545166015625,0.18322261464854372,-0.9771624709672633,-1.0189208984375
2016-09-30,110.97000122070312,111.70999908447266,110.75,111.33000183105467,104.06776428222656,-0.01986406257341901,0.7876146317184585,0.8132476806640625
2016-10-03,111.08999633789062,111.2300033569336,110.62999725341795,110.98999786376952,103.74996185302734,0.2932870725835235,-0.30538027927394795,-0.31780242919921875
2016-10-04,111.12000274658205,111.22000122070312,110.0999984741211,110.48999786376952,103.28256225585938,0.6118607382193741,-0.45050580146727137,-0.46739959716796875
2016-10-05,110.77999877929688,111.22000122070312,110.58999633789062,110.91999816894533,103.6845245361328,0.23609228681789765,0.38918697551060255,0.4019622802734233
2016-10-06,110.75,111.08999633789062,110.38999938964844,110.95999908447266,103.72190856933594,-0.4426277781254323,0.036055557346093,0.03738403320313921
2016-10-07,111.1500015258789,111.2300033569336,110.05999755859376,110.54000091552734,103.32930755615234,0.01105727194321168,-0.378513101618394,-0.39260101318359375
2016-10-10,110.54000091552734,111.44000244140624,110.54000091552734,111.13999938964844,103.89016723632812,-0.3991184264256221,0.5427885790011633,0.5608596801757812
2016-10-11,110.94000244140624,110.9499969482422,109.23999786376952,109.66000366210938,102.50672149658205,0.1572719330709121,-1.3316426150311589,-1.3834457397460795
2016-10-12,109.77999877929688,110.12999725341795,109.45999908447266,109.79000091552734,102.62822723388672,0.06186121821583872,0.11853440977402929,0.12150573730467329
2016-10-13,109.01000213623048,109.72000122070312,108.4800033569336,109.4000015258789,102.2636489868164,0.15036466210373156,-0.3552416882730003,-0.3645782470703125
2016-10-14,110.0,110.31999969482422,109.36000061035156,109.37000274658205,102.2356414794922,0.5943020680971955,-0.02738754934102916,-0.02800750732420454
2016-10-17,109.37999725341795,109.54000091552734,108.94000244140624,109.05999755859376,101.94585418701172,0.4870134293359425,-0.2834503586878867,-0.28978729248048296
2016-10-18,109.91999816894533,110.02999877929688,109.5,109.6999969482422,102.54411315917967,-0.07621964719349958,0.5868399229560506,0.5982589721679545
2016-10-19,109.94000244140624,110.25,109.62000274658205,110.0500030517578,102.87126922607422,-0.22275707799256358,0.31903934493704433,0.32715606689454546
2016-10-20,109.9000015258789,110.16999816894533,109.41999816894533,109.83999633789062,102.67495727539062,0.1702472738597279,-0.19083263204634493,-0.19631195068359375
2016-10-21,109.41000366210938,109.9000015258789,109.1999969482422,109.8000030517578,102.63758087158205,-0.334951815758543,-0.036402648513722546,-0.03737640380857954
2016-10-24,110.38999938964844,110.5999984741211,110.12999725341795,110.3499984741211,103.15169525146484,0.16230713994418391,0.5009026669539729,0.5141143798827983
2016-10-25,110.25,110.33000183105467,109.79000091552734,109.87999725341795,102.7123565673828,0.2103352670430842,-0.4259151369359615,-0.43933868408204546
2016-10-26,109.47000122070312,109.97000122070312,109.26000213623048,109.5500030517578,102.40389251708984,0.04772390661011404,-0.30031834591448536,-0.30846405029295454
2016-10-27,110.0,110.0,109.08000183105467,109.18000030517578,102.05802917480467,-0.10036281861149514,-0.3377443315716211,-0.34586334228517046
2016-10-28,109.11000061035156,109.55999755859376,108.47000122070312,108.81999969482422,101.72149658203124,0.7196658084548089,-0.32974631735933624,-0.3365325927734375
2016-10-31,109.0500030517578,109.20999908447266,108.80999755859376,108.88999938964844,101.78694152832033,0.10349850582174017,0.06433738048310378,0.06544494628909092
2016-11-01,109.0999984741211,109.19000244140624,107.38999938964844,108.08000183105467,101.02977752685548,0.9144250281555913,-0.7438714535441426,-0.7571640014648438
2016-11-02,107.87000274658205,108.08000183105467,107.11000061035156,107.33000183105467,100.32869720458984,0.7773124717603438,-0.6939343423569166,-0.7010803222656392
2016-11-03,107.41999816894533,107.62999725341795,106.70999908447266,106.86000061035156,99.8893814086914,0.22150309767226395,-0.43787650805690026,-0.4393157958984375
2016-11-04,106.88999938964844,107.51000213623048,106.69000244140624,106.79000091552734,99.82394409179688,0.6791904916658164,-0.06550978289353582,-0.06543731689453125
2016-11-07,108.41000366210938,109.16999816894533,108.20999908447266,109.1500015258789,102.02999877929688,0.4999242161904856,2.209945426992288,2.2060546875
2016-11-08,109.01000213623048,109.98999786376952,108.7300033569336,109.62000274658205,102.46932220458984,0.20717212426372114,0.4305826036941074,0.43932342529296875
2016-11-09,108.7699966430664,111.33000183105467,108.5,110.9800033569336,103.7406234741211,3.052580439136472,1.2406652470999813,1.27130126953125
2016-11-10,111.58999633789062,112.12999725341795,110.4800033569336,111.37000274658205,104.10517120361328,2.1497936683325465,0.3514030639917287,0.3645477294921875
2016-11-11,111.0,111.51000213623048,110.69000244140624,111.41000366210938,104.14254760742188,1.453708595069856,0.035902542953891725,0.03737640380859375
2016-11-14,111.77999877929688,112.0500030517578,111.29000091552734,111.6999969482422,104.41363525390624,2.246947339412983,0.2603044122813758,0.2710876464843608
2016-11-15,112.04000091552734,112.5999984741211,111.76000213623048,112.56999969482422,105.22689056396484,2.7654445394914333,0.778878455942067,0.813255310058608
2016-11-16,112.37000274658205,112.52999877929688,112.13999938964844,112.41000366210938,105.07733154296876,3.4604967498057606,-0.14213003937920687,-0.14955902099607954
2016-11-17,112.52999877929688,113.04000091552734,112.3499984741211,112.9800033569336,105.61013793945312,0.07845157932392659,0.5070612173535105,0.5328063964843608
2016-11-18,113.0500030517578,113.12000274658205,112.66999816894533,112.7699966430664,105.41384887695312,0.35177293703460366,-0.18586195068936995,-0.1962890625
2016-11-21,113.12000274658205,113.62999725341795,112.87000274658205,113.62000274658205,106.2083969116211,0.4781049864063078,0.7537416033403854,0.7945480346679688
2016-11-22,113.87999725341795,114.04000091552734,113.44000244140624,113.9499969482422,106.51686096191406,0.5938501905572865,0.2904328275942669,0.30846405029296875
2016-11-23,113.72000122070312,114.12000274658205,113.48999786376952,114.11000061035156,106.66641235351562,0.04223682219693323,0.14040161365160841,0.1495513916015625
2016-11-25,114.3499984741211,114.5500030517578,114.20999908447266,114.5500030517578,107.07772827148438,-0.5574046732623203,0.38560959246061177,0.41131591796875
2016-11-28,114.31999969482422,114.41000366210938,113.8000030517578,113.88999938964844,106.46078491210938,0.06231309575574773,-0.5761640346074626,-0.616943359375
2016-11-29,113.9000015258789,114.3499984741211,113.68000030517578,114.0500030517578,106.6103515625,-0.13496372738167062,0.14048990012058837,0.149566650390625
2016-11-30,114.47000122070312,114.5500030517578,113.77999877929688,113.77999877929688,106.3579559326172,1.712569871503445,-0.23674589398088308,-0.2523956298827983
2016-12-01,114.02999877929688,114.02999877929688,113.06999969482422,113.30999755859376,105.9186019897461,0.5473068039466586,-0.4130898709161501,-0.43935394287110796
2016-12-02,113.33999633789062,113.66999816894533,113.1500015258789,113.30999755859376,105.9186019897461,0.001696951473667943,0.0,0.0
2016-12-05,113.9000015258789,114.37000274658205,113.7699966430664,114.0999984741211,106.6570816040039,1.3489375597452389,0.69721427623195,0.7384796142578125
2016-12-06,114.33999633789062,114.70999908447266,114.0199966430664,114.68000030517578,107.1992416381836,0.38979520432123305,0.5083207097233533,0.5421600341796875
2016-12-07,114.62999725341795,116.19000244140624,114.51000213623048,116.0999984741211,108.52662658691406,1.4503517904876748,1.2382409879452494,1.3273849487304688
2016-12-08,116.18000030517578,116.8499984741211,115.97000122070312,116.5199966430664,108.91920471191406,0.5978525344821949,0.36173438477387077,0.392578125
2016-12-09,116.7699966430664,117.1500015258789,116.62000274658205,117.1500015258789,109.50813293457033,0.35951940914732955,0.5407019122237955,0.5889282226562642
2016-12-12,117.12000274658205,117.3499984741211,116.58999633789062,116.8499984741211,109.2276840209961,1.595275372929921,-0.256098707976149,-0.28044891357423296
2016-12-13,117.3000030517578,117.79000091552734,117.12999725341795,117.52999877929688,109.86334228515624,1.704629737587901,0.581957101679409,0.635658264160142
2016-12-14,117.4800033569336,117.7300033569336,116.2300033569336,116.47000122070312,108.87248229980467,1.376372981811143,-0.9019022767209561,-0.9908599853515625
2016-12-15,116.55999755859376,117.52999877929688,116.5,116.9499969482422,109.3211669921875,1.026296996250207,0.41211946573171954,0.4486846923828267
2016-12-16,117.2699966430664,117.37999725341795,116.58999633789062,116.7699966430664,109.15291595458984,0.1538505745544582,-0.15390527033952717,-0.16825103759765625
2016-12-19,116.95999908447266,117.31999969482422,116.8000030517578,117.0999984741211,109.46138763427734,0.42116841637777275,0.28260507471540297,0.3084716796875
2016-12-20,116.87999725341795,116.93000030517578,116.5999984741211,116.87000274658205,109.9288558959961,0.7676293816194364,0.4270622470825991,0.46746826171875
2016-12-21,116.87000274658205,116.91999816894533,116.54000091552734,116.54000091552734,109.61847686767578,0.3197541856353368,-0.2823453639997475,-0.3103790283203125
2016-12-22,116.41999816894533,116.51000213623048,115.9800033569336,116.23999786376952,109.33628845214844,0.8731105102210535,-0.25742778370108077,-0.28218841552734375
2016-12-23,116.2300033569336,116.41999816894533,116.12999725341795,116.41999816894533,109.5055923461914,0.36958982289387315,0.15484693731584454,0.16930389404296875
2016-12-27,116.56999969482422,116.98999786376952,116.5,116.70999908447266,109.77837371826172,1.0545070655273838,0.24910268619702247,0.2727813720703125
2016-12-28,116.87999725341795,116.93000030517578,115.66000366210938,115.73999786376952,108.8659896850586,0.5407868565851145,-0.8311145467910563,-0.912384033203125
2016-12-29,115.73999786376952,116.02999877929688,115.47000122070312,115.75,108.8753890991211,-0.084288888977589,0.00863393066070639,0.0093994140625
2016-12-30,116.0,116.0,114.95999908447266,115.31999969482422,108.47091674804688,0.7466493529808039,-0.3715002576991755,-0.40447235107421875
2017-01-03,116.1500015258789,116.5500030517578,115.48999786376952,116.1999969482422,109.29866790771484,0.6315496881725523,0.7631088447336065,0.8277511596679688
2017-01-04,116.47000122070312,117.19000244140624,116.41999816894533,117.08999633789062,110.13579559326172,0.9524472954422207,0.7659084063619925,0.837127685546875
2017-01-05,116.9499969482422,117.08999633789062,116.4000015258789,116.86000061035156,109.91947174072266,0.5491788680405675,-0.19641557168021961,-0.2163238525390625
2017-01-06,117.0199966430664,117.5199966430664,116.63999938964844,117.2300033569336,110.26748657226562,0.36429640028351046,0.3166089010724793,0.34801483154296875
2017-01-09,117.0999984741211,117.13999938964844,116.73999786376952,116.77999877929688,109.84420776367188,0.45712495776767526,-0.38386547272604155,-0.42327880859375
2017-01-10,116.76000213623048,117.36000061035156,116.62000274658205,116.87000274658205,109.9288558959961,0.19497143068617792,0.07706198992880609,0.08464813232421875
2017-01-11,116.91000366210938,117.23999786376952,116.48999786376952,117.23999786376952,110.2769012451172,0.6445895828956408,0.3166096347353875,0.34804534912110796
2017-01-12,117.04000091552734,117.04000091552734,116.01000213623048,116.93000030517578,109.98529052734376,0.3802412220488712,-0.2644349945282398,-0.2916107177734375
2017-01-13,116.98999786376952,117.4000015258789,116.9800033569336,117.22000122070312,110.2580795288086,0.1798012561320898,0.24802316760441645,0.27278900146482954
2017-01-17,116.86000061035156,117.05999755859376,116.47000122070312,116.6999969482422,109.76895904541016,0.5360098654489335,-0.4436141872674604,-0.4891204833984375
2017-01-18,116.8000030517578,117.0,116.4800033569336,116.97000122070312,110.02294158935548,0.09581658764328703,0.23137920424320946,0.2539825439453267
2017-01-19,117.02999877929688,117.13999938964844,116.23999786376952,116.51000213623048,109.59025573730467,0.09426729322074186,-0.39326875449826604,-0.43268585205080967
2017-01-20,116.83999633789062,117.2300033569336,116.58999633789062,116.91000366210938,109.9665069580078,0.5699006809421091,0.34332543360882095,0.376251220703125
2017-01-23,116.75,116.97000122070312,116.16999816894533,116.5999984741211,109.67491149902344,0.11983065119273717,-0.26516751968461705,-0.2915954589843608
2017-01-24,116.81999969482422,117.73999786376952,116.73999786376952,117.51000213623048,110.5308609008789,0.2660453123204376,0.7804423000269178,0.8559494018554688
2017-01-25,118.0199966430664,118.55999755859376,117.94000244140624,118.5199966430664,111.48087310791016,0.4354348358520429,0.859499509266648,0.95001220703125
2017-01-26,118.55999755859376,118.62000274658205,118.2300033569336,118.3499984741211,111.32096862792967,0.2745018777101633,-0.1434366950335053,-0.15990447998048296
2017-01-27,118.4499969482422,118.4800033569336,118.0199966430664,118.16000366210938,111.14225006103516,-0.1767301228561175,-0.160543488883802,-0.17871856689451704
2017-01-30,117.7300033569336,117.8000030517578,116.68000030517578,117.36000061035156,110.38976287841795,0.8087502377511562,-0.6770487210794873,-0.7524871826172017
2017-01-31,117.0,117.45999908447266,116.7300033569336,117.45999908447266,110.48383331298828,1.00473598220312,0.08521662889513504,0.09407043457032671
2017-02-01,117.86000061035156,118.04000091552734,117.06999969482422,117.4499969482422,110.4744110107422,0.5559570311392026,-0.008528218078196481,-0.00942230224607954
2017-02-02,117.20999908447266,117.72000122070312,117.0199966430664,117.52999877929688,110.54967498779295,-0.005210319493512607,0.06812797313164864,0.07526397705075283
2017-02-03,117.98999786376952,118.5199966430664,117.91999816894533,118.41999816894533,111.38680267333984,0.05443751577447645,0.7572412000662387,0.8371276855468892
2017-02-06,118.26000213623048,118.41000366210938,117.94000244140624,118.13999938964844,111.1234359741211,-0.09971727926876799,-0.23644336034235325,-0.26336669921875
2017-02-07,118.43000030517578,118.52999877929688,117.95999908447266,118.12999725341795,111.11402893066406,1.0408861853958409,-0.00846540009725727,-0.00940704345703125
2017-02-08,118.12999725341795,118.31999969482422,117.69000244140624,118.26000213623048,111.236328125,0.053404652826112994,0.11006638451769302,0.1222991943359375
2017-02-09,118.26000213623048,119.20999908447266,118.26000213623048,119.04000091552734,111.96998596191406,-0.07615509325922686,0.6595487726722027,0.7336578369140625
2017-02-10,119.29000091552734,119.6999969482422,119.20999908447266,119.54000091552734,112.4403076171875,0.05456662364302187,0.4200426134137514,0.4703216552734375
2017-02-13,119.91999816894533,120.33000183105467,119.87000274658205,120.13999938964844,113.0046615600586,0.14991278456382257,0.5019142644046237,0.5643539428710938
2017-02-14,120.0999984741211,120.62999725341795,119.8499984741211,120.58000183105467,113.41854858398438,0.1923247193809966,0.3662565934997364,0.41388702392578125
2017-02-15,120.56999969482422,121.3499984741211,120.4499969482422,121.23999786376952,114.03932189941406,0.15811113421645742,0.5473296239283165,0.6207733154296875
2017-02-16,121.25,121.37000274658205,120.63999938964844,121.12999725341795,113.93584442138672,0.18160876629172581,-0.09073841926087178,-0.10347747802734375
2017-02-17,120.66000366210938,121.30999755859376,120.66000366210938,121.30999755859376,114.1051788330078,0.12596327494864512,0.14862259763908092,0.16933441162107954
2017-02-21,121.5500030517578,122.12999725341795,121.38999938964844,122.02999877929688,114.78240966796876,0.4322071391384071,0.5935145467429459,0.6772308349609659
2017-02-22,121.81999969482422,122.02999877929688,121.68000030517578,121.87000274658205,114.63191223144533,0.14248908212246028,-0.1311154182585872,-0.1504974365234375
2017-02-23,122.20999908447266,122.2300033569336,121.31999969482422,121.77999877929688,114.54725646972656,0.17534703466727244,-0.07385008246904023,-0.08465576171876421
2017-02-24,121.37999725341795,121.98999786376952,121.23999786376952,121.9800033569336,114.7353744506836,0.7808629381453431,0.16422739990000768,0.18811798095703125
2017-02-27,121.91999816894533,122.36000061035156,121.73999786376952,122.25,114.98934173583984,0.5627997481721104,0.2213504652529119,0.25396728515625
2017-02-28,122.18000030517578,122.18000030517578,121.61000061035156,121.8000030517578,114.56607818603516,0.30890912467752063,-0.36808937542840425,-0.4232635498046875
2017-03-01,122.80999755859376,123.7300033569336,122.6500015258789,123.44000244140624,116.10867309570312,0.72373270631399,1.34646741347213,1.5425949096679688
2017-03-02,123.41999816894533,123.41999816894533,122.61000061035156,122.6500015258789,115.36558532714844,0.4313033840585891,-0.6399933344705344,-0.7430877685546875
2017-03-03,122.62999725341795,122.8000030517578,122.33000183105467,122.75,115.45964813232422,-0.06589101770986511,0.08153454508035285,0.09406280517578125
2017-03-06,122.4800033569336,122.4800033569336,121.9000015258789,122.2699966430664,115.00814819335938,-0.023930960432600082,-0.39104565644214606,-0.45149993896484375
2017-03-07,122.20999908447266,122.29000091552734,121.75,121.87999725341795,114.6413116455078,-0.09087339027340598,-0.3189657025298942,-0.3668365478515767
2017-03-08,121.98999786376952,122.18000030517578,121.47000122070312,121.54000091552734,114.32152557373048,0.4008339270818674,-0.2789448822481666,-0.31978607177731533
2017-03-09,121.5999984741211,121.88999938964844,121.0199966430664,121.5999984741211,114.3779525756836,1.355328399238238,0.04935816039011165,0.05642700195311079
2017-03-10,122.19000244140624,122.25,121.45999908447266,122.04000091552734,114.79180908203124,0.7966140981078856,0.36183241352725215,0.41385650634764204
2017-03-13,122.05999755859376,122.16000366210938,121.86000061035156,122.12999725341795,114.87647247314452,0.16179070847000218,0.07375386082884017,0.08466339111328125
2017-03-14,121.87000274658205,121.87000274658205,121.23999786376952,121.69000244140624,114.46260833740234,0.33324595789833433,-0.3602688408097854,-0.4138641357421733
2017-03-15,121.9800033569336,123.04000091552734,121.88999938964844,122.79000091552734,115.4972686767578,0.08968396388737906,0.9039286753850462,1.0346603393554545
2017-03-16,122.95999908447266,123.0,122.43000030517578,122.63999938964844,115.3561782836914,0.1916146261039967,-0.12215907326887931,-0.14109039306639204
2017-03-17,122.83999633789062,122.87999725341795,122.4499969482422,122.56999969482422,115.29034423828124,0.14248908212246028,-0.05707023792714816,-0.06583404541017046
2017-03-20,122.51000213623048,122.62000274658205,122.06999969482422,122.27999877929688,115.0175552368164,0.9596773360807648,-0.23661044926800434,-0.27278900146482954
2017-03-21,122.69000244140624,122.72000122070312,120.44000244140624,120.56999969482422,113.40912628173828,1.034043468362933,-1.3984203991872723,-1.608428955078125
2017-03-22,120.4800033569336,120.91000366210938,120.0999984741211,120.7300033569336,113.5596160888672,0.7378700179197146,0.13269638173127873,0.15048980712892046
2017-03-23,120.66000366210938,121.38999938964844,120.47000122070312,120.69000244140624,113.5219955444336,0.32524127004851766,-0.03312845334398906,-0.03762054443360796
2017-03-24,120.41999816894533,120.73999786376952,119.66000366210938,120.16000366210938,113.53334045410156,0.3564208203022392,0.00999357843698423,0.01134490966796875
2017-03-27,119.18000030517578,120.19000244140624,118.88999938964844,120.0199966430664,113.40105438232422,0.7581399532813473,-0.11651737828574094,-0.13228607177734375
2017-03-28,119.95999908447266,121.13999938964844,119.77999877929688,120.86000061035156,114.1947250366211,0.6106342134681926,0.699879431121575,0.793670654296875
2017-03-29,120.87999725341795,121.2300033569336,120.58000183105467,121.08000183105467,114.40260314941406,0.9316609286064064,0.18203827954952345,0.20787811279296875
2017-03-30,121.13999938964844,121.62000274658205,120.98999786376952,121.52999877929688,114.82776641845705,0.20891508048908444,0.37163775765460816,0.42516326904298296
2017-03-31,121.41999816894533,121.72000122070312,121.26000213623048,121.31999969482422,114.62934112548828,0.040429312037297195,-0.172802536492489,-0.1984252929687642
2017-04-03,121.4499969482422,121.5,120.33000183105467,121.0199966430664,114.3459014892578,0.8713675539956901,-0.24726621774803226,-0.28343963623048296
2017-04-04,120.88999938964844,121.11000061035156,120.63999938964844,121.08000183105467,114.40260314941406,0.4578996049789478,0.04958783779547282,0.05670166015626421
2017-04-05,121.48999786376952,122.0199966430664,120.44000244140624,120.58999633789062,113.93961334228516,1.389541984402777,-0.40470216095015443,-0.46298980712890625
2017-04-06,120.69000244140624,121.26000213623048,120.37999725341795,120.97000122070312,114.29866027832033,0.19548786216035965,0.3151203742955966,0.35904693603517046
2017-04-07,120.83999633789062,121.29000091552734,120.58999633789062,120.87999725341795,114.213623046875,0.15733648700518482,-0.07439914976978823,-0.08503723144532671
2017-04-10,121.04000091552734,121.51000213623048,120.6999969482422,121.02999877929688,114.35535430908205,-0.05407764773795818,0.12409313217291995,0.14173126220704546
2017-04-11,120.87000274658205,121.0,120.05999755859376,120.98999786376952,114.31755828857422,0.737353586445533,-0.03305137808036207,-0.03779602050782671
2017-04-12,120.87999725341795,120.98999786376952,120.2300033569336,120.37000274658205,113.73175811767578,0.13809941459191563,-0.512432367930471,-0.5858001708984375
2017-04-13,120.1500015258789,120.55999755859376,119.5500030517578,119.5500030517578,112.95696258544922,0.7094017329054472,-0.6812481799717718,-0.7747955322265625
2017-04-17,119.87999725341795,120.61000061035156,119.68000030517578,120.58999633789062,113.93961334228516,0.933081115160406,0.8699337644570537,0.9826507568359375
2017-04-18,120.1999969482422,120.56999969482422,119.8499984741211,120.33000183105467,113.69396209716795,0.0726417252393822,-0.21559775209982757,-0.2456512451172017
2017-04-19,120.72000122070312,120.91999816894533,120.08000183105467,120.2300033569336,113.59945678710938,0.034619457952752807,-0.08312254082394332,-0.09450531005857954
2017-04-20,120.58999633789062,121.43000030517578,120.37000274658205,121.22000122070312,114.53487396240234,0.019449283398664686,0.8234345495559792,0.9354171752929688
2017-04-21,121.20999908447266,121.20999908447266,120.61000061035156,120.83000183105467,114.16638946533205,0.1634691107610928,-0.3217225324674944,-0.3684844970702983
2017-04-24,122.16999816894533,122.27999877929688,121.87999725341795,122.11000061035156,115.37579345703124,0.2746955395129815,1.059334535639711,1.2094039916991903
2017-04-25,122.55999755859376,123.08999633789062,122.5199966430664,122.87000274658205,116.09388732910156,0.25300541759734907,0.6223956087788585,0.7180938720703267
2017-04-26,122.9000015258789,123.4499969482422,122.8499984741211,122.9000015258789,116.12222290039062,0.8565201491129656,0.02440746187499787,0.0283355712890625
2017-04-27,123.12000274658205,123.20999908447266,122.69000244140624,123.0199966430664,116.23560333251952,0.07419101966192736,0.09763887505507274,0.11338043212889204
2017-04-28,123.16000366210938,123.20999908447266,122.5500030517578,122.61000061035156,115.84821319580078,0.027453971248481396,-0.33328010145954323,-0.3873901367187358
2017-05-01,122.93000030517578,123.19000244140624,122.62000274658205,122.93000030517578,116.15058135986328,0.1483634901412774,0.26100373559621026,0.3023681640625
2017-05-02,123.08999633789062,123.25,122.6999969482422,122.93000030517578,116.15058135986328,0.002342490816395097,0.0,0.0
2017-05-03,122.58999633789062,122.77999877929688,122.27999877929688,122.62999725341795,115.86711120605467,1.2508801335849842,-0.2440540120331791,-0.28347015380860796
2017-05-04,122.83000183105467,122.83000183105467,122.16000366210938,122.72000122070312,115.95213317871094,-0.12198838659285481,0.07337886633340673,0.08502197265626421
2017-05-05,122.9499969482422,123.33000183105467,122.68000030517578,123.33000183105467,116.52851104736328,0.1965207251087231,0.4970825916277066,0.5763778686523438
2017-05-08,123.36000061035156,123.4499969482422,122.9000015258789,123.13999938964844,116.34898376464844,0.2566849918508939,-0.15406296802494834,-0.17952728271484375
2017-05-09,123.36000061035156,123.43000030517578,122.8499984741211,123.0999984741211,116.31119537353516,0.05998915412192997,-0.03247848832931277,-0.03778839111328125
2017-05-10,123.08999633789062,123.37999725341795,122.93000030517578,123.37000274658205,116.56631469726562,-0.18383105562611618,0.21934201854874047,0.25511932373046875
2017-05-11,123.0199966430664,123.12999725341795,122.33000183105467,123.01000213623048,116.22616577148438,-0.16375478206730168,-0.29180722292254657,-0.34014892578125
2017-05-12,122.91000366210938,122.91000366210938,122.5999984741211,122.7699966430664,115.9993896484375,-0.3343708303500886,-0.19511623870716033,-0.226776123046875
2017-05-15,123.06999969482422,123.58999633789062,123.04000091552734,123.43000030517578,116.62298583984376,0.8674297640050544,0.5375857522149197,0.6235961914062642
2017-05-16,123.62999725341795,123.6500015258789,123.06999969482422,123.36000061035156,116.55685424804688,0.2421603566395329,-0.05670545246346803,-0.06613159179688921
2017-05-17,122.30999755859376,122.55999755859376,121.06999969482422,121.13999938964844,114.45928955078124,1.2589493753690735,-1.7996064759964847,-2.097564697265639
2017-05-18,120.94000244140624,122.0199966430664,120.8499984741211,121.5,114.79942321777344,0.7295425603985344,0.2971656283444757,0.3401336669922017
2017-05-19,121.91000366210938,122.7699966430664,121.81999969482422,122.37000274658205,115.62144470214844,0.2523598782546219,0.7160501867815361,0.822021484375
2017-05-22,122.66999816894533,123.0999984741211,122.63999938964844,123.0199966430664,116.23560333251952,0.036685183849479705,0.5311805538783965,0.6141586303710795
2017-05-23,123.25,123.38999938964844,122.9499969482422,123.2300033569336,116.43402862548828,0.02797040272266312,0.17070956512448276,0.1984252929687642
2017-05-24,123.44000244140624,123.66000366210938,123.2300033569336,123.58999633789062,116.774169921875,-0.12979941263985337,0.29213220602439804,0.34014129638671875
2017-05-25,123.9000015258789,124.2699966430664,123.79000091552734,124.11000061035156,117.26549530029295,-0.1684672192692099,0.4207483373648957,0.49132537841795454
2017-05-26,124.0,124.1500015258789,123.93000030517578,124.08999633789062,117.24661254882812,-0.27917721654691685,-0.016102564029152333,-0.01888275146482954
2017-05-30,123.87000274658205,124.05999755859376,123.70999908447266,123.88999938964844,117.05762481689452,-0.26142488462192015,-0.16118822354453943,-0.18898773193360796
2017-05-31,124.01000213623048,124.08999633789062,123.30999755859376,123.8499984741211,117.01982879638672,0.18754772824481564,-0.03228838836164538,-0.03779602050779829
2017-06-01,124.16999816894533,125.0,123.95999908447266,125.0,118.1064224243164,0.11195507121146589,0.9285551338656939,1.0865936279296875
2017-06-02,125.08999633789062,125.58000183105467,124.87000274658205,125.41000366210938,118.49380493164062,0.7010742753842668,0.3279944471880514,0.38738250732421875
2017-06-05,125.41999816894533,125.5,125.22000122070312,125.25,118.34262084960938,-0.1672406945180283,-0.12758817401337108,-0.15118408203125
2017-06-06,124.95999908447266,125.29000091552734,124.77999877929688,124.93000030517578,118.04027557373048,0.7952584654881586,-0.25548299818635156,-0.30234527587889204
2017-06-07,125.12000274658205,125.23999786376952,124.68000030517578,125.06999969482422,118.1725616455078,-0.32275112218099977,0.11206858941521514,0.13228607177731533
2017-06-08,125.12000274658205,125.52999877929688,124.87999725341795,125.29000091552734,118.3804168701172,0.04740113693875046,0.1758912743492269,0.20785522460940342
2017-06-09,125.4800033569336,126.0199966430664,124.4499969482422,125.19000244140624,118.28594970703124,0.5373009441343878,-0.07979965401677669,-0.09446716308596592
2017-06-12,125.05999755859376,125.1999969482422,124.62999725341795,125.16999816894533,118.2670440673828,0.1421663124510967,-0.01598299687770588,-0.0189056396484375
2017-06-13,125.5199966430664,125.83999633789062,125.31999969482422,125.79000091552734,118.85283660888672,-0.11998721463040063,0.4953134206771681,0.5857925415039205
2017-06-14,126.0,126.0199966430664,125.0999984741211,125.61000061035156,118.68278503417967,0.5364617429888425,-0.143077422095228,-0.17005157470704546
2017-06-15,124.7699966430664,125.3499984741211,124.62999725341795,125.33000183105467,118.41822814941406,0.47139137724194535,-0.22291091727365542,-0.2645568847656108
2017-06-16,125.41999816894533,125.52999877929688,124.73999786376952,125.25,118.34262084960938,0.17089281320245506,-0.06384768712236477,-0.0756072998046875
2017-06-19,125.66999816894533,126.3499984741211,125.66999816894533,126.2699966430664,119.30638122558594,0.04055841990584263,0.8143814705619201,0.9637603759765625
2017-06-20,126.16000366210938,126.16999816894533,125.4000015258789,125.41000366210938,118.49380493164062,-0.254194843983376,-0.6810836818601396,-0.8125762939453125
2017-06-21,125.11000061035156,125.1999969482422,124.51000213623048,124.69000244140624,118.35616302490234,1.040176092118841,-0.11615958050945618,-0.13764190673828125
2017-06-22,124.77999877929688,125.08000183105467,124.58999633789062,124.73999786376952,118.40362548828124,-0.07357293588831824,0.0401013873429612,0.04746246337889204
2017-06-23,124.80999755859376,125.19000244140624,124.58000183105467,125.0500030517578,118.69789123535156,0.04907953922984106,0.24852764926479587,0.2942657470703267
2017-06-26,125.4499969482422,125.69000244140624,124.9499969482422,125.13999938964844,118.7833023071289,0.550211730988931,0.07195668843686942,0.08541107177734375
2017-06-27,125.08999633789062,125.2300033569336,124.0999984741211,124.11000061035156,117.80562591552734,0.40864495312886595,-0.8230756113124849,-0.9776763916015625
2017-06-28,124.7699966430664,125.41000366210938,124.58999633789062,125.27999877929688,118.91619110107422,0.44615078894131366,0.9427098043205628,1.110565185546875
2017-06-29,125.45999908447266,125.4800033569336,123.4800033569336,124.27999877929688,117.9669952392578,0.3881168020301425,-0.7982057388717045,-0.9491958618164205
2017-06-30,124.76000213623048,124.9000015258789,124.3000030517578,124.4499969482422,118.12836456298828,0.10117456418792241,0.13679192506614868,0.16136932373048296
2017-07-03,124.98999786376952,125.3000030517578,124.75,124.75,118.41312408447266,-0.06944148409486445,0.24105939546172905,0.284759521484375
2017-07-05,124.9800033569336,125.0199966430664,124.38999938964844,124.88999938964844,118.54601287841795,0.26740094494016464,0.11222471746501483,0.1328887939452983
2017-07-06,124.44000244140624,124.5500030517578,123.55999755859376,123.66000366210938,117.37850189208984,0.08297035472301666,-0.984858923535048,-1.1675109863281108
2017-07-07,123.95999908447266,124.62000274658205,123.9000015258789,124.5199966430664,118.19479370117188,-0.02812696616032658,0.6954355319958694,0.8162918090820312
2017-07-10,124.5,124.83000183105467,124.36000061035156,124.61000061035156,118.2802276611328,-0.22501646569210862,0.07228233772877957,0.08543395996092329
2017-07-11,124.52999877929688,124.7300033569336,123.83000183105467,124.58000183105467,118.25177001953124,-0.12463509789803615,-0.02405950864677875,-0.0284576416015625
2017-07-12,125.1999969482422,125.62999725341795,125.0999984741211,125.47000122070312,119.0965347290039,0.15481888356854892,0.7143780675191058,0.8447647094726705
2017-07-13,125.55999755859376,125.76000213623048,125.30999755859376,125.66999816894533,119.28639221191406,-0.15439446159775796,0.1594147834294013,0.18985748291015625
2017-07-14,125.7699966430664,126.5,125.6500015258789,126.2300033569336,119.81795501708984,-0.22101412176720026,0.44561898077313256,0.5315628051757812
2017-07-17,126.27999877929688,126.4499969482422,126.12000274658205,126.2300033569336,119.81795501708984,0.029132373539571998,0.0,0.0
2017-07-18,126.11000061035156,126.33000183105467,125.77999877929688,126.30999755859376,119.89388275146484,0.16572849846063784,0.06336924575633951,0.075927734375
2017-07-19,126.51000213623048,127.0500030517578,126.51000213623048,127.04000091552734,120.5867919921875,-0.3078391633640025,0.5779354415929916,0.6929092407226562
2017-07-20,127.27999877929688,127.27999877929688,126.8000030517578,127.12000274658205,120.66273498535156,-0.18686509053693381,0.06297787005478117,0.0759429931640625
2017-07-21,126.80999755859376,126.98999786376952,126.63999938964844,126.9499969482422,120.50135803222656,0.04275325367111495,-0.13374216417736395,-0.161376953125
2017-07-24,126.91000366210938,127.05999755859376,126.69000244140624,126.95999908447266,120.5108642578125,2.029852458453841,0.007888894981089578,0.0095062255859375
2017-07-25,127.51000213623048,127.56999969482422,127.1999969482422,127.37999725341795,120.9095230102539,-0.028320627963144728,0.330807313429049,0.39865875244140625
2017-07-26,127.5500030517578,127.5999984741211,127.16999816894533,127.29000091552734,120.82410430908205,-0.08319147209495284,-0.0706467936066657,-0.08541870117186079
2017-07-27,127.58000183105467,127.58000183105467,126.30999755859376,127.06999969482422,120.6152801513672,-0.029353490911508177,-0.17283319326799607,-0.20882415771484375
2017-07-28,126.77999877929688,126.95999908447266,126.54000091552734,126.86000061035156,120.41594696044922,-0.06550369410422881,-0.16526363050173298,-0.19933319091798296
2017-07-31,127.11000061035156,127.18000030517578,126.62000274658205,126.79000091552734,120.34949493408205,-0.16569140009548314,-0.05518540363179669,-0.06645202636717329
2017-08-01,127.18000030517578,127.20999908447266,126.8000030517578,127.0500030517578,120.5962905883789,0.024097166666300195,0.20506579976262707,0.2467956542968608
2017-08-02,127.13999938964844,127.13999938964844,126.37000274658205,126.93000030517578,120.48238372802734,0.7592373701639834,-0.09445303814554773,-0.1139068603515625
2017-08-03,126.9000015258789,126.91000366210938,126.5199966430664,126.63999938964844,120.20709991455078,0.5352997721719336,-0.22848470038406843,-0.2752838134765625
2017-08-04,127.0,127.06999969482422,126.6999969482422,126.91000366210938,120.46338653564452,-0.5040831235530574,0.21320422943063022,0.2562866210937358
2017-08-07,127.05999755859376,127.18000030517578,126.87999725341795,127.16000366210938,120.70069885253906,-0.41222287508298333,0.19699953962719619,0.23731231689454546
2017-08-08,127.0500030517578,127.72000122070312,126.61000061035156,126.80999755859376,120.36847686767578,-0.25367841250919426,-0.27524445841788925,-0.33222198486328125
2017-08-09,126.3499984741211,126.69000244140624,126.16999816894533,126.66999816894533,120.235595703125,-0.04736403857359578,-0.11039531944635472,-0.13288116455078125
2017-08-10,126.13999938964844,126.20999908447266,124.8000030517578,124.80999755859376,118.47006225585938,0.4531871677770396,-1.4683949764967452,-1.765533447265625
2017-08-11,124.94000244140624,125.33000183105467,124.8000030517578,125.04000091552734,118.68839263916016,0.18451369333399803,0.18429160848185688,0.21833038330078125
2017-08-14,125.8000030517578,126.43000030517578,125.61000061035156,126.31999969482422,119.90337371826172,-0.18454114890311604,1.0236730417231055,1.2149810791015625
2017-08-15,126.61000061035156,126.62999725341795,126.08000183105467,126.1999969482422,119.78945922851562,-0.14864916144748627,-0.09500524148199352,-0.11391448974609375
2017-08-16,126.5,126.8000030517578,126.2300033569336,126.43000030517578,120.00777435302734,-0.24109039532601476,0.18224902751688976,0.21831512451171875
2017-08-17,126.08999633789062,126.29000091552734,124.41999816894533,124.41999816894533,118.0998764038086,1.0891725282318319,-1.5898119596871152,-1.90789794921875
2017-08-18,124.4800033569336,124.94000244140624,123.9499969482422,124.20999908447266,117.90054321289062,0.6992667652246308,-0.16878357284338952,-0.19933319091796875
2017-08-21,124.22000122070312,124.4800033569336,123.79000091552734,124.38999938964844,118.07140350341795,-0.08131940800104409,0.14491900195812146,0.17086029052732954
2017-08-22,124.7300033569336,125.75,124.55999755859376,125.63999938964844,119.25790405273438,0.2170488762074466,1.0049008600817366,1.1865005493164205
2017-08-23,125.06999969482422,125.51000213623048,125.0199966430664,125.26000213623048,118.897216796875,-0.3127452623687289,-0.3024430613000617,-0.360687255859375
2017-08-24,125.5,125.62999725341795,124.94000244140624,125.05999755859376,118.70738220214844,-0.23986387057483316,-0.15966277415129237,-0.1898345947265625
2017-08-25,125.41999816894533,125.8499984741211,125.23999786376952,125.36000061035156,118.99213409423828,-0.38414191367435213,0.2398771557483581,0.28475189208984375
2017-08-28,125.66000366210938,125.66000366210938,125.11000061035156,125.41000366210938,119.0395965576172,0.02235421044093688,0.03988705954405258,0.04746246337892046
2017-08-29,124.58999633789062,125.62000274658205,124.5199966430664,125.45999908447266,119.08705139160156,-0.28466430096009765,0.03986474698896014,0.04745483398436079
2017-08-30,125.45999908447266,126.27999877929688,125.37999725341795,126.12000274658205,119.71353912353516,-0.01463519389732906,0.526075441966789,0.6264877319335938
2017-08-31,126.45999908447266,127.13999938964844,126.45999908447266,126.9800033569336,120.52984619140624,1.0529577711048386,0.6818836648281756,0.8163070678710795
2017-09-01,127.2300033569336,127.45999908447266,127.12000274658205,127.2699966430664,120.80511474609376,0.2384162284517154,0.228382067500843,0.2752685546875284
2017-09-05,126.91999816894533,127.0999984741211,125.69000244140624,126.29000091552734,119.87489318847656,0.3652001553633285,-0.7700183552429296,-0.9302215576172017
2017-09-06,126.69000244140624,126.86000061035156,126.31999969482422,126.63999938964844,120.20709991455078,-0.19583808740084124,0.27712785991966804,0.33220672607421875
2017-09-07,126.95999908447266,126.95999908447266,126.31999969482422,126.58000183105467,120.1501693725586,-0.345151337373632,-0.04736038223420724,-0.0569305419921875
2017-09-08,126.3499984741211,126.73999786376952,126.2699966430664,126.48999786376952,120.06472778320312,-0.3532205791577215,-0.07111233367514957,-0.08544158935546875
2017-09-11,127.1500015258789,127.91000366210938,127.1500015258789,127.8499984741211,121.35565185546876,-0.262586855438829,1.0751901046214263,1.2909240722656392
2017-09-12,128.0399932861328,128.33999633789062,128.0,128.33999633789062,121.82076263427734,0.32982459938188047,0.3832625606613904,0.46511077880857954
2017-09-13,128.22999572753906,128.41000366210938,128.1199951171875,128.39999389648438,121.87770080566406,-0.03923024285523363,0.04673929973468827,0.05693817138671875
2017-09-14,128.22999572753906,128.47999572753906,128.07000732421875,128.36000061035156,121.83975219726562,-0.16788623386075546,-0.031136629709604957,-0.0379486083984375
2017-09-15,128.30999755859375,128.6199951171875,128.1999969482422,128.60000610351562,122.06755065917967,-0.1432911849028509,0.18696563133617783,0.2277984619140483
2017-09-18,128.85000610351562,129.10000610351562,128.69000244140625,128.91000366210938,122.36180877685548,0.025194583548936358,0.24106170402107274,0.29425811767580967
2017-09-19,129.05999755859375,129.10000610351562,128.85000610351562,128.97000122070312,122.41875457763672,-0.33023937855663477,0.04653886809167229,0.05694580078123579
2017-09-20,129.10000610351562,129.2100067138672,128.60000610351562,129.17999267578125,122.61808013916016,-0.015538948977147075,0.16282273268597436,0.1993255615234375
2017-09-21,129.1199951171875,129.1300048828125,128.72000122070312,128.82000732421875,122.27638244628906,-0.01463519389732906,-0.2786682783512018,-0.34169769287109375
2017-09-22,128.13999938964844,128.44000244140625,127.98999786376952,128.3699951171875,122.3745574951172,-0.09790976910913196,0.08028946135305581,0.09817504882813921
2017-09-25,128.24000549316406,128.42999267578125,127.69000244140624,128.16000366210938,122.17437744140624,0.27934342278061697,-0.16357979780148302,-0.20018005371096592
2017-09-26,128.35000610351562,128.50999450683594,128.11000061035156,128.19000244140625,122.20296478271484,0.06341051263838389,0.023398802520868678,0.02858734130860796
2017-09-27,128.83999633789062,129.10000610351562,128.1699981689453,128.88999938964844,122.87027740478516,0.40096303495041286,0.5460690935419121,0.6673126220703125
2017-09-28,128.82000732421875,129.1300048828125,128.66000366210938,129.10000610351562,123.07046508789062,-0.17330876433966358,0.16292604471459526,0.20018768310546875
2017-09-29,129.02000427246094,129.55999755859375,129.00999450683594,129.52000427246094,123.4708480834961,-0.0210905873246006,0.3253282542806213,0.40038299560546875
2017-10-02,129.63999938964844,130.1999969482422,129.5500030517578,130.1999969482422,124.11908721923828,0.5969487794023769,0.5250139168913925,0.6482391357421875
2017-10-03,130.30999755859375,130.5,130.1300048828125,130.4600067138672,124.36697387695312,0.04636827399038702,0.19971679075998505,0.24788665771484375
2017-10-04,130.4499969482422,130.77999877929688,130.3000030517578,130.58999633789062,124.49088287353516,-0.16627238550393758,0.09963175328573382,0.12390899658203125
2017-10-05,130.72999572753906,131.33999633789062,130.72000122070312,131.27999877929688,125.1486587524414,0.4092259385373204,0.5283727319810749,0.65777587890625
2017-10-06,131.05999755859375,131.22999572753906,130.91000366210938,131.19000244140625,125.0628662109375,-0.076348755062045,-0.068552505763253,-0.08579254150390625
2017-10-09,131.3000030517578,131.36000061035156,130.75999450683594,130.92999267578125,124.81497192382812,-0.4784552116467894,-0.19821574110676643,-0.247894287109375
2017-10-10,131.25,131.47999572753906,130.94000244140625,131.24000549316406,125.11054229736328,0.7501352654315305,0.23680682611981752,0.29557037353515625
2017-10-11,131.24000549316406,131.42999267578125,131.10000610351562,131.4199981689453,125.28211975097656,0.16747145468600114,0.13714068412034042,0.17157745361328125
2017-10-12,131.16000366210938,131.4499969482422,131.1199951171875,131.25999450683594,125.12957000732422,0.2697894405082551,-0.12176497648312967,-0.15254974365234375
2017-10-13,131.5500030517578,131.58999633789062,131.27999877929688,131.36000061035156,125.22490692138672,-0.13515738918448875,0.0761905551636799,0.0953369140625
2017-10-16,131.5,131.64999389648438,131.27000427246094,131.4499969482422,125.31071472167967,0.023387073389300326,0.06852294994863506,0.08580780029295454
2017-10-17,131.5,131.57000732421875,131.33999633789062,131.50999450683594,125.3678970336914,-0.2663955375609192,0.0456324202912306,0.05718231201173296
2017-10-18,131.8000030517578,131.8300018310547,131.57000732421875,131.67999267578125,125.52995300292967,-0.182281761203571,0.12926432768887164,0.16205596923826704
2017-10-19,131.25,131.7100067138672,130.94000244140625,131.7100067138672,125.55858612060548,0.12221914676082764,0.022809789210342934,0.02863311767580967
2017-10-20,132.07000732421875,132.4499969482422,132.07000732421875,132.4199981689453,126.23540496826172,-0.0014661913056951128,0.5390462481045466,0.6768188476562358
2017-10-23,132.6300048828125,132.67999267578125,131.7899932861328,131.86000061035156,125.7015609741211,0.001567843605122512,-0.42289561654659247,-0.533843994140625
2017-10-24,132.16000366210938,132.22999572753906,131.88999938964844,132.08999633789062,125.92082214355467,-0.11546843923131055,0.1744299495840984,0.21926116943357954
2017-10-25,131.91000366210938,131.9499969482422,130.69000244140625,131.39999389648438,125.26304626464844,0.27966619245198054,-0.5223726050298083,-0.6577758789062358
2017-10-26,131.72000122070312,132.00999450683594,131.49000549316406,131.57000732421875,125.42510986328124,2.3517183747376005,0.12937861840784937,0.1620635986327983
2017-10-27,131.94000244140625,132.6699981689453,131.75999450683594,132.63999938964844,126.44512939453124,0.5934628669516502,0.8132498607032135,1.02001953125
2017-10-30,131.94000244140625,132.5399932861328,131.89999389648438,132.05999755859375,125.89221954345705,-0.04155418448905139,-0.4372725574498082,-0.5529098510741903
2017-10-31,132.27000427246094,132.5,132.1199951171875,132.3300018310547,126.14962005615234,0.40348063838704873,0.20446101723263777,0.2574005126952983
2017-11-01,132.8300018310547,133.02999877929688,132.1699981689453,132.44000244140625,126.25447082519533,0.3371191939546973,0.08311619884096011,0.10485076904298296
2017-11-02,132.33999633789062,132.52999877929688,131.82000732421875,132.47000122070312,126.2830810546875,2.1586375573279084,0.022660765440751796,0.02861022949217329
2017-11-03,132.5399932861328,132.88999938964844,132.27999877929688,132.82000732421875,126.6167449951172,0.5965614557967406,0.26421903682030123,0.3336639404297017
2017-11-06,132.77000427246094,133.1699981689453,132.75,133.07000732421875,126.85505676269533,0.17069915139963693,0.1882150481654854,0.238311767578125
2017-11-07,133.16000366210938,133.3300018310547,132.52999877929688,132.83999633789062,126.63581085205078,0.49973055438766745,-0.1728318257384731,-0.21924591064454546
2017-11-08,132.72999572753906,133.1199951171875,132.5500030517578,133.05999755859375,126.84551239013672,-0.31345535564572874,0.16559418435826423,0.2097015380859375
2017-11-09,132.3800048828125,132.74000549316406,131.6199951171875,132.52000427246094,126.33075714111328,1.6571180419631824,-0.40581273970513587,-0.5147552490234375
2017-11-10,132.24000549316406,132.6300048828125,132.1699981689453,132.5399932861328,126.34980010986328,0.1864503113621795,0.015073897426831628,0.01904296875
2017-11-13,132.11000061035156,132.75,132.0800018310547,132.61000061035156,126.41653442382812,0.07922622653519916,0.052817110835801095,0.06673431396484375
2017-11-14,132.22000122070312,132.4199981689453,131.7899932861328,132.3699951171875,126.18775177001952,1.3060737473881558,-0.18097526154418064,-0.22878265380860796
2017-11-15,131.7899932861328,132.0800018310547,131.2100067138672,131.69000244140625,125.53948974609376,0.012348350628665988,-0.513728166824956,-0.6482620239257528
2017-11-16,132.11000061035156,133.10000610351562,132.11000061035156,132.88999938964844,126.68346405029295,-0.01463519389732906,0.9112465778799095,1.1439743041991903
2017-11-17,132.63999938964844,132.91000366210938,132.61000061035156,132.63999938964844,126.44512939453124,1.9991893396743015,-0.18813399013710708,-0.23833465576171875
2017-11-20,132.82000732421875,133.0500030517578,132.67999267578125,132.97999572753906,126.76923370361328,0.03384481074148022,0.2563201213316768,0.32410430908204546
2017-11-21,133.44000244140625,133.94000244140625,133.4199981689453,133.89999389648438,127.64629364013672,0.13145035936182595,0.6918555164370677,0.8770599365234375
2017-11-22,133.94000244140625,134.0,133.69000244140625,133.8000030517578,127.55096435546876,-0.29544480798364114,-0.07468237576619963,-0.09532928466795454
2017-11-24,134.0800018310547,134.1300048828125,133.97999572753906,134.11000061035156,127.84649658203124,-0.6989714511223852,0.23169736744510505,0.2955322265624716
2017-11-27,134.1199951171875,134.2899932861328,133.8699951171875,133.97000122070312,127.71302795410156,0.0006640885253044962,-0.10439756387382593,-0.1334686279296733
2017-11-28,134.25,135.36000061035156,134.13999938964844,135.3000030517578,128.9809112548828,0.7550413644362569,0.9927595650123688,1.26788330078125
2017-11-29,135.4600067138672,135.7899932861328,135.02000427246094,135.3000030517578,128.9809112548828,0.20207236345617663,0.0,0.0
2017-11-30,135.8800048828125,136.9199981689453,135.77999877929688,136.33999633789062,129.97232055664062,0.7108219194594468,0.7686480829699471,0.9914093017578125
2017-12-01,136.27999877929688,136.5,134.0399932861328,136.07000732421875,129.71495056152344,1.1829048407958147,-0.19801908130510082,-0.2573699951171875
2017-12-04,137.0399932861328,137.3800048828125,135.8800048828125,135.88999938964844,129.5433349609375,0.8818898452821428,-0.1323020976711109,-0.1716156005859375
2017-12-05,136.08999633789062,136.3300018310547,135.22999572753906,135.30999755859375,128.99044799804688,0.5358162036461154,-0.4267969193917587,-0.552886962890625
2017-12-06,135.33999633789062,135.4600067138672,135.0,135.22999572753906,128.91415405273438,0.6986857798161764,-0.05914697289342019,-0.0762939453125
2017-12-07,135.13999938964844,135.94000244140625,135.0800018310547,135.77000427246094,129.42897033691406,-0.13922428704366982,0.39934814602986535,0.5148162841796875
2017-12-08,136.3699951171875,136.52000427246094,136.07000732421875,136.47999572753906,130.10581970214844,-0.16181816403912022,0.5229504364227644,0.676849365234375
2017-12-11,136.5,136.8300018310547,136.47999572753906,136.8000030517578,130.41085815429688,0.11686117021619226,0.23445411807616612,0.3050384521484375
2017-12-12,136.97999572753906,137.25,136.80999755859375,136.9499969482422,130.5538330078125,-0.15239328963530377,0.10963416354983213,0.142974853515625
2017-12-13,137.02999877929688,137.42999267578125,136.91000366210938,136.97000122070312,130.5729217529297,0.06812294984029212,0.014621359386701727,0.0190887451171875
2017-12-14,137.22000122070312,137.24000549316406,136.27000427246094,136.3300018310547,129.96279907226562,0.0663799936149288,-0.46726585610035176,-0.6101226806640625
2017-12-15,136.9499969482422,137.8300018310547,136.8699951171875,137.5500030517578,131.12582397460938,0.3484161324524225,0.8948906230443976,1.16302490234375
2017-12-18,138.25999450683594,138.67999267578125,138.25999450683594,138.5,132.0314178466797,0.6087621493742837,0.6906296903389952,0.9055938720703125
2017-12-19,138.72000122070312,138.72000122070312,137.89999389648438,137.94000244140625,131.4976043701172,1.2193132597256262,-0.4043079179702369,-0.5338134765625
2017-12-20,138.5,138.5500030517578,137.67999267578125,137.92999267578125,131.48806762695312,0.4963737498054862,-0.007252408292712786,-0.0095367431640625
2017-12-21,137.6199951171875,137.92999267578125,137.38999938964844,137.57000732421875,131.78793334960938,0.23105707994462585,0.2280554639429333,0.29986572265625
2017-12-22,137.63999938964844,137.86000061035156,137.19000244140625,137.52000427246094,131.74002075195312,0.11150319367155688,-0.03635583049105273,-0.04791259765625
2017-12-26,137.33999633789062,137.52000427246094,137.2899932861328,137.41000366210938,131.63462829589844,0.1923892733152693,-0.08000033357602465,-0.1053924560546875
2017-12-27,137.5800018310547,137.72000122070312,137.33999633789062,137.4600067138672,131.6825408935547,0.31575184171042847,0.03639817142078172,0.04791259765625
2017-12-28,137.7899932861328,137.80999755859375,137.50999450683594,137.75999450683594,131.9699249267578,0.7638206994973462,0.21824004249388906,0.287384033203125
2017-12-29,138.0800018310547,138.10000610351562,137.14999389648438,137.25,131.48138427734375,0.32485394644288135,-0.37019089742241773,-0.4885406494140625
2018-01-02,137.75,138.22999572753906,137.44000244140625,138.22000122070312,132.41058349609375,1.2564963258667103,0.7067154212416549,0.92919921875
2018-01-03,138.38999938964844,139.10000610351562,138.3000030517578,139.02000427246094,133.17698669433594,0.8385741553851507,0.5788081118642596,0.7664031982421875
2018-01-04,139.4199981689453,139.80999755859375,139.35000610351562,139.5500030517578,133.68470764160156,0.5287798248103893,0.38123774975546976,0.507720947265625
2018-01-05,140.02000427246094,140.44000244140625,139.72000122070312,140.3699951171875,134.47021484375,0.28095727113743485,0.5875819426215401,0.7855072021484375
2018-01-08,140.30999755859375,140.77000427246094,140.10000610351562,140.69000244140625,134.7768096923828,0.5822950363224705,0.2280020515986081,0.3065948486328125
2018-01-09,140.9199981689453,141.30999755859375,140.7100067138672,140.9499969482422,135.02586364746094,0.5628643021063832,0.18478991723174243,0.249053955078125
2018-01-10,140.57000732421875,140.85000610351562,140.07000732421875,140.72999572753906,134.81509399414062,0.1688916412400009,-0.15609576389795654,-0.2107696533203125
2018-01-11,141.0,141.9199981689453,140.97000122070312,141.9199981689453,135.95504760742188,0.2806345014660713,0.8455682368405881,1.13995361328125
2018-01-12,142.0800018310547,142.85000610351562,142.0,142.75,136.75018310546875,0.586491042050197,0.5848517668449293,0.795135498046875
2018-01-16,143.52999877929688,143.82000732421875,141.7100067138672,142.1199951171875,136.1466522216797,1.4331804439711326,-0.4413382637473928,-0.6035308837890625
2018-01-17,142.72000122070312,143.63999938964844,142.25,143.42999267578125,137.401611328125,0.6475590638721858,0.9217700809873275,1.2549591064453125
2018-01-18,143.4199981689453,143.5800018310547,142.89999389648438,143.17999267578125,137.16209411621094,0.6148947731301917,-0.17431907064181518,-0.2395172119140625
2018-01-19,143.49000549316406,143.92999267578125,143.19000244140625,143.9199981689453,137.8710174560547,0.23609228681789765,0.5168507701866387,0.70892333984375
2018-01-22,143.83999633789062,145.05999755859375,143.83999633789062,145.05999755859375,138.96310424804688,0.7079169924171747,0.7921075887760587,1.0920867919921875
2018-01-23,145.10000610351562,145.57000732421875,144.9199981689453,145.4199981689453,139.30799865722656,0.3279525352879717,0.24819135341425103,0.3448944091796875
2018-01-24,145.85000610351562,146.11000061035156,144.6300048828125,145.27999877929688,139.17384338378906,1.0690317007387447,-0.09630119930700287,-0.1341552734375
2018-01-25,145.83999633789062,145.83999633789062,144.8699951171875,145.33999633789062,139.2313232421875,1.6017953202914652,0.04130076241404268,0.0574798583984375
2018-01-26,145.82000732421875,146.8699951171875,145.6300048828125,146.86000061035156,140.6874542236328,0.15662639372818496,1.045835769952741,1.4561309814453125
2018-01-29,146.5800018310547,146.82000732421875,145.82000732421875,145.89999389648438,139.767822265625,0.6035332806981938,-0.6536701961682989,-0.9196319580078125
2018-01-30,144.74000549316406,145.14999389648438,144.14999389648438,144.3800048828125,138.31167602539062,2.030175228125205,-1.0418322448116912,-1.456146240234375
2018-01-31,144.94000244140625,145.24000549316406,143.7899932861328,144.42999267578125,138.3595733642578,1.8829922579834137,0.03463000394732241,0.0478973388671875
2018-02-01,143.97999572753906,145.02000427246094,143.83999633789062,144.3699951171875,138.30210876464844,0.7562678891874385,-0.04153279618612782,-0.057464599609375
2018-02-02,143.50999450683594,143.67999267578125,141.24000549316406,141.3000030517578,135.3611602783203,2.3047876645213363,-2.126466843201069,-2.940948486328125
2018-02-07,137.8300018310547,139.55999755859375,137.35000610351562,137.35000610351562,131.57717895507812,2.8552390620647805,-2.7954705141872482,-3.7839813232421875
2018-02-08,137.52999877929688,137.8000030517578,132.35000610351562,132.41000366210938,126.84480285644533,3.828066851554602,-3.5966541737822766,-4.732376098632798
2018-02-12,135.35000610351562,136.85000610351562,134.22999572753906,136.02000427246094,130.3030548095703,1.612963150920645,2.7263647191275275,3.458251953124986
2018-02-13,135.33999633789062,136.6999969482422,135.00999450683594,136.4499969482422,130.71498107910156,0.7873828855068874,0.31612940320797644,0.41192626953125
2018-02-14,135.6199951171875,138.5500030517578,135.57000732421875,138.36000061035156,132.54473876953125,0.8543898692819659,1.3998071799608214,1.8297576904296875
2018-02-15,139.3300018310547,140.0500030517578,137.9499969482422,140.0500030517578,134.16368103027344,0.7099181643796288,1.22143079821313,1.6189422607421875
2018-02-16,139.67999267578125,141.22999572753906,139.6699981689453,140.11000061035156,134.22117614746094,0.6841611446048154,0.042854457142182945,0.0574951171875
2018-02-20,139.55999755859375,140.44000244140625,138.82000732421875,139.27000427246094,133.41647338867188,0.47558738296967185,-0.5995348736215655,-0.8047027587890625
2018-02-21,139.4499969482422,140.9600067138672,138.61000061035156,138.6199951171875,132.79379272460938,0.2768903732782538,-0.46671947492458177,-0.6226806640625
2018-02-22,139.19000244140625,140.08999633789062,138.3800048828125,138.7100067138672,132.8800048828125,0.23137984961598942,0.06492182837334326,0.086212158203125
2018-02-23,139.4499969482422,140.86000061035156,139.13999938964844,140.86000061035156,134.93963623046875,-0.20255169656520366,1.549993431647323,2.05963134765625
2018-02-26,141.5,142.41000366210938,141.0399932861328,142.33999633789062,136.357421875,0.008023237032394055,1.0506813892026123,1.41778564453125
2018-02-27,142.41000366210938,142.86000061035156,140.5500030517578,140.5500030517578,134.6426544189453,0.35622715849942105,-1.2575534448184489,-1.7147674560546875
2018-02-28,141.17999267578125,141.39999389648438,138.97000122070312,139.0,133.1577911376953,0.3468022840956046,-1.102817890554797,-1.48486328125
2018-03-01,139.07000732421875,139.8800048828125,136.39999389648438,137.35000610351562,131.57717895507812,1.9969299519747563,-1.1870219302321683,-1.5806121826171875
2018-03-02,136.27999877929688,138.50999450683594,135.8300018310547,138.24000549316406,132.42974853515625,0.8185624357606089,0.6479615894251722,0.852569580078125
2018-03-05,137.5500030517578,140.14999389648438,137.5,139.8000030517578,133.92420959472656,0.7509744665770759,1.1284934662347146,1.4944610595703125
2018-03-06,140.36000061035156,140.61000061035156,139.32000732421875,140.30999755859375,134.41275024414062,0.6679581071023638,0.3647888988051129,0.4885406494140625
2018-03-07,139.0500030517578,140.61000061035156,138.97000122070312,140.42999267578125,134.52772521972656,0.5266495449793898,0.08553874195498246,0.1149749755859375
2018-03-08,140.8300018310547,141.02999877929688,140.11000061035156,140.9600067138672,135.03543090820312,0.3577764529219662,0.37739855308436265,0.5077056884765625
2018-03-09,141.7899932861328,143.3000030517578,141.5500030517578,143.3000030517578,137.277099609375,0.36913794535396416,1.6600596496009645,2.241668701171875
2018-03-12,143.49000549316406,143.85000610351562,142.9600067138672,143.22000122070312,137.200439453125,0.15875667355918457,-0.05584336824433489,-0.07666015625
2018-03-13,143.86000061035156,144.13999938964844,142.00999450683594,142.3300018310547,136.3478546142578,0.21123902212290221,-0.6214155306393687,-0.8525848388671875
2018-03-14,142.89999389648438,142.99000549316406,141.35000610351562,141.61000061035156,135.65809631347656,0.2258282112685359,-0.5058813009802376,-0.68975830078125
2018-03-15,141.9600067138672,142.22000122070312,141.11000061035156,141.4199981689453,135.47610473632812,0.11272971842273848,-0.1341546004949734,-0.1819915771484375
2018-03-16,141.5800018310547,142.19000244140625,141.5800018310547,141.66000366210938,135.70599365234375,0.573322039458563,0.16968964118289076,0.229888916015625
2018-03-19,141.16000366210938,141.39999389648438,138.86000061035156,139.83999633789062,133.96250915527344,0.9044191683433205,-1.2847512848524811,-1.7434844970703125
2018-03-20,140.0,140.4199981689453,139.66000366210938,140.0500030517578,134.16368103027344,-0.0524637993811403,0.15017027993020626,0.201171875
2018-03-21,140.0500030517578,141.24000549316406,139.77999877929688,139.92999267578125,134.04873657226562,0.22815215290235366,-0.085674794493662,-0.1149444580078125
2018-03-22,138.14999389648438,138.61000061035156,135.85000610351562,135.9499969482422,130.7649383544922,0.8891198859206869,-2.449704713183287,-3.2837982177734375
2018-03-23,136.1300048828125,136.44000244140625,133.02999877929688,133.10000610351562,128.02362060546875,2.5458320550956555,-2.096370620075516,-2.7413177490234375
2018-03-26,135.08999633789062,136.72999572753906,133.75999450683594,136.61000061035156,131.39974975585938,1.3596535128345097,2.637114256278439,3.376129150390625
2018-03-27,137.17999267578125,137.30999755859375,133.42999267578125,134.19000244140625,129.0720672607422,1.0048650900716656,-1.7714512390183512,-2.3276824951171875
2018-03-28,134.36000061035156,135.19000244140625,133.22999572753906,133.8800048828125,128.77389526367188,1.928050904105769,-0.23101202560579237,-0.2981719970703125
2018-03-29,134.49000549316406,136.58999633789062,134.16000366210938,135.72000122070312,130.54371643066406,0.3828879333540525,1.3743633081599205,1.7698211669921875
2018-04-02,135.2899932861328,135.57000732421875,131.25999450683594,132.6300048828125,127.57156372070312,2.5501571686919275,-2.2767489628959248,-2.9721527099609375
2018-04-03,133.35000610351562,134.5399932861328,132.35000610351562,134.27999877929688,129.15859985351562,1.2807040512189787,1.2440359642271526,1.5870361328125
2018-04-04,132.19000244140625,136.10000610351562,132.10000610351562,135.7899932861328,130.61102294921875,0.7583336150841654,1.1245268200107406,1.452423095703125
2018-04-05,136.64999389648438,137.22999572753906,136.11000061035156,136.74000549316406,131.52481079101562,0.600563799721649,0.6996253617523207,0.913787841796875
2018-04-06,135.72999572753906,136.5399932861328,132.9199981689453,133.8699951171875,128.76426696777344,2.0588371749422905,-2.0988768633383614,-2.7605438232421875
2018-04-09,134.72000122070312,136.3000030517578,134.16000366210938,134.32000732421875,129.1970672607422,0.313815223682247,0.33611832161253297,0.43280029296875
2018-04-10,136.0,136.97000122070312,135.4600067138672,136.5,131.2939453125,0.25862160987907534,1.6230074692995533,2.0968780517578125
2018-04-11,135.6699981689453,136.8300018310547,135.39999389648438,135.8699951171875,130.68797302246094,0.20045851509935872,-0.46153864033620096,-0.6059722900390625
2018-04-12,136.72999572753906,137.52999877929688,136.50999450683594,136.97000122070312,131.7460479736328,0.06805839590601939,0.809619222566127,1.058074951171875
2018-04-13,137.72000122070312,137.75,136.00999450683594,136.5800018310547,131.37091064453125,0.2836039824426162,-0.2847427568959393,-0.3751373291015625
2018-04-16,137.5399932861328,138.14999389648438,136.97000122070312,137.72000122070312,132.46742248535156,0.7354815223516241,0.8346686762241484,1.0965118408203125
2018-04-17,138.72999572753906,139.52999877929688,138.42999267578125,139.1699981689453,133.86212158203125,0.30122720649906753,1.0528619569342812,1.3946990966796875
2018-04-18,139.5399932861328,139.85000610351562,139.08999633789062,139.36000061035156,134.04489135742188,-0.12837922608585364,0.1365358424254559,0.182769775390625
2018-04-19,138.97999572753906,139.17999267578125,138.02000427246094,138.60000610351562,133.3138885498047,1.452869393924311,-0.5453417882730127,-0.7310028076171875
2018-04-20,138.55999755859375,138.6699981689453,137.02999877929688,137.5,132.25582885742188,-0.05401309380368547,-0.7936605134637009,-1.0580596923828125
2018-04-23,137.77999877929688,138.16000366210938,136.80999755859375,137.4499969482422,132.20773315429688,0.1810277808832714,-0.0363656585426142,-0.048095703125
2018-04-24,138.10000610351562,138.19000244140625,134.86000061035156,135.8000030517578,130.62066650390625,0.8393488025964233,-1.2004340536860947,-1.587066650390625
2018-04-25,135.77000427246094,136.25,134.61000061035156,135.9499969482422,130.7649383544922,0.33705464002042457,0.11045101395315005,0.1442718505859375
2018-04-26,136.52000427246094,137.67999267578125,136.25,137.24000549316406,132.00575256347656,-0.3025457407536398,0.948889071182557,1.240814208984375
2018-04-27,137.5399932861328,137.74000549316406,136.8000030517578,137.3300018310547,132.09231567382812,-0.4000221815054401,0.06557525613131165,0.0865631103515625
2018-04-30,137.69000244140625,137.99000549316406,136.25,136.3300018310547,131.13043212890625,0.3381520569030607,-0.7281903871660722,-0.961883544921875
2018-05-01,136.0399932861328,136.60000610351562,135.1199951171875,136.5399932861328,131.33241271972656,0.006086619004212592,0.15403029452518702,0.2019805908203125
2018-05-02,136.4600067138672,136.97000122070312,135.5399932861328,135.75,130.57257080078125,-0.0591774085455027,-0.5785638923476388,-0.7598419189453125
2018-05-03,135.19000244140625,135.8000030517578,133.66000366210938,135.3800048828125,130.2166748046875,0.5711272056932907,-0.27256566514015645,-0.35589599609375
2018-05-04,134.97000122070312,137.55999755859375,134.63999938964844,137.1300048828125,131.89991760253906,0.4041907316640486,1.2926476585093827,1.6832427978515625
2018-05-07,137.64999389648438,138.30999755859375,137.3800048828125,137.72999572753906,132.47705078125,-0.19706461215202284,0.4375538584110661,0.5771331787109375
2018-05-08,137.58999633789062,138.00999450683594,136.97999572753906,137.77999877929688,132.525146484375,-0.25555047660310304,0.03630493194206608,0.048095703125
2018-05-09,138.1999969482422,139.27000427246094,137.89999389648438,139.0800018310547,133.77554321289062,-0.19467611658393238,0.9435165790690592,1.250396728515625
2018-05-10,139.50999450683594,140.5399932861328,139.44000244140625,140.2899932861328,134.93939208984375,0.036685183849479705,0.8700012341575469,1.163848876953125
2018-05-11,140.41000366210938,140.8699951171875,140.0500030517578,140.57000732421875,135.20875549316406,-0.35773935455681155,0.19961806493167256,0.2693634033203125
2018-05-14,140.94000244140625,141.3000030517578,140.38999938964844,140.63999938964844,135.2760772705078,-0.23005167256538042,0.04979098956883199,0.06732177734375
2018-05-15,139.9499969482422,140.11000061035156,139.33999633789062,139.7899932861328,134.4584503173828,0.33983045919415134,-0.60441355901385,-0.817626953125
2018-05-16,139.85000610351562,140.75999450683594,139.85000610351562,140.47000122070312,135.11253356933594,-0.2629741790444653,0.4864575267744087,0.654083251953125
2018-05-17,140.3800048828125,141.0399932861328,140.02000427246094,140.50999450683594,135.15101623535156,-0.06117858050795688,0.02848193650064612,0.038482666015625
2018-05-18,140.36000061035156,140.50999450683594,139.97000122070312,140.1999969482422,134.85284423828125,-0.5442356706706863,-0.22062135037969055,-0.2981719970703125
2018-05-21,141.05999755859375,141.52999877929688,140.83999633789062,141.25,135.86279296875,-0.29286265061273253,0.7489265326018568,1.00994873046875
2018-05-22,141.55999755859375,141.66000366210938,140.58999633789062,140.72999572753906,135.3626251220703,-0.3487663576929041,-0.36814188472831244,-0.5001678466796875
2018-05-23,140.08999633789062,141.10000610351562,140.0,141.10000610351562,135.71853637695312,-0.20752234950420276,0.26293170257436493,0.3559112548828125
2018-05-24,140.92999267578125,141.05999755859375,139.86000061035156,140.8699951171875,135.49728393554688,-0.22475824995501775,-0.16302300873016762,-0.22125244140625
2018-05-25,140.60000610351562,140.91000366210938,140.27999877929688,140.60000610351562,135.2375946044922,-0.3155210815424557,-0.1916564845522828,-0.2596893310546875
2018-05-29,139.8000030517578,140.16000366210938,138.5399932861328,139.2100067138672,133.9005889892578,0.6079229482287385,-0.9886345724681833,-1.337005615234375
2018-05-30,139.97000122070312,141.30999755859375,139.91000366210938,141.00999450683594,135.63194274902344,-0.10733464351294841,1.2930142972743086,1.731353759765625
2018-05-31,140.8800048828125,140.9499969482422,139.80999755859375,140.0399932861328,134.6989288330078,-0.03380771237632554,-0.6879013137355838,-0.933013916015625
2018-06-01,140.92999267578125,141.64999389648438,140.75999450683594,141.5,136.103271484375,0.06747741049756496,1.0425789303107225,1.4043426513671875
2018-06-04,141.89999389648438,142.25999450683594,141.72999572753906,142.16000366210938,136.73809814453125,-0.10410694679931264,0.46643012561908836,0.63482666015625
2018-06-05,142.25999450683594,142.52000427246094,141.8300018310547,142.3699951171875,136.94007873535156,0.7738911132438898,0.14771347090611897,0.2019805908203125
2018-06-06,142.75,143.6300048828125,142.3800048828125,143.6300048828125,138.1520233154297,0.8119133805305192,0.8850181709186167,1.211944580078125
2018-06-07,143.80999755859375,144.0,142.89999389648438,143.4199981689453,137.95001220703125,-0.05801543772859383,-0.1462237783786957,-0.2020111083984375
2018-06-08,143.27000427246094,143.94000244140625,143.1199951171875,143.91000366210938,138.42135620117188,-0.43191182503616155,0.3416773848727406,0.471343994140625
2018-06-11,144.0,144.47000122070312,143.97000122070312,144.1199951171875,138.62335205078125,-0.05730534445159395,0.14592824052077624,0.201995849609375
2018-06-12,144.39999389648438,144.61000061035156,144.0,144.4199981689453,138.91189575195312,-0.11036867842376603,0.20814941848050772,0.288543701171875
2018-06-13,144.5399932861328,144.66000366210938,143.8000030517578,143.8800048828125,138.3925018310547,-0.22675942191747195,-0.3739016864515943,-0.5193939208984375
2018-06-14,144.39999389648438,144.57000732421875,143.88999938964844,144.2899932861328,138.786865234375,0.036491522046661555,0.2849600940098229,0.3943634033203125
2018-06-15,143.85000610351562,144.3300018310547,143.22999572753906,144.14999389648438,138.6521759033203,1.0167430139778453,-0.09704760665012468,-0.1346893310546875
2018-06-18,143.3000030517578,144.05999755859375,143.02999877929688,143.99000549316406,138.498291015625,-0.09668324435795037,-0.11098627676973116,-0.1538848876953125
2018-06-19,142.75,143.6199951171875,142.39999389648438,143.50999450683594,138.03659057617188,0.135065379681098,-0.3333618314474651,-0.461700439453125
2018-06-20,143.9499969482422,144.19000244140625,143.58999633789062,143.83999633789062,138.35400390625,-0.1838956095603889,0.22994868878840613,0.317413330078125
2018-06-21,143.8300018310547,143.85000610351562,142.55999755859375,142.85000610351562,137.40176391601562,0.08264758505165308,-0.6882634136700649,-0.952239990234375
2018-06-22,143.0,143.0800018310547,142.3699951171875,142.4499969482422,137.59786987304688,-0.34018068443463295,0.1427244828902774,0.19610595703125
2018-06-25,141.85000610351562,141.99000549316406,139.5399932861328,140.4499969482422,135.66598510742188,1.6748058199539064,-1.4040077563754694,-1.931884765625
2018-06-26,140.6999969482422,141.25,140.3000030517578,140.77000427246094,135.97508239746094,0.21433761096799256,0.22783698492612192,0.3090972900390625
2018-06-27,141.1999969482422,141.88999938964844,139.4499969482422,139.4600067138672,134.709716796875,0.7782162268401618,-0.9305863826485683,-1.2653656005859375
2018-06-28,139.42999267578125,140.69000244140625,138.99000549316406,140.3300018310547,135.55006408691406,0.4759101526410354,0.6238208423422043,0.8403472900390625
2018-06-29,140.89999389648438,141.66000366210938,140.38999938964844,140.42999267578125,135.64666748046875,0.05211357414065869,0.07126768563734398,0.0966033935546875
2018-07-02,139.55999755859375,140.8800048828125,139.42999267578125,140.77000427246094,135.97508239746094,0.692424048191723,0.24211056791312302,0.3284149169921875
2018-07-03,141.36000061035156,141.47000122070312,140.22000122070312,140.41000366210938,135.62733459472656,-0.2758849658990084,-0.25574377055194164,-0.347747802734375
2018-07-05,141.1300048828125,141.6199951171875,140.4499969482422,141.60000610351562,136.7768096923828,0.673380637581272,0.8475246535597281,1.14947509765625
2018-07-06,141.66000366210938,143.0,141.44000244140625,142.7899932861328,137.92626953125,0.00201972114503152,0.840390883112696,1.1494598388671875
2018-07-09,143.4600067138672,144.11000061035156,143.13999938964844,144.08999633789062,139.18199157714844,0.25804062447062087,0.9104299348964284,1.2557220458984375
2018-07-10,144.38999938964844,144.61000061035156,144.02999877929688,144.4600067138672,139.53939819335938,-0.20416554492202155,0.25679084783956085,0.3574066162109375
2018-07-11,143.6199951171875,144.10000610351562,143.10000610351562,143.42999267578125,138.54446411132812,0.1865794192307249,-0.7130130234993315,-0.99493408203125
2018-07-12,144.17999267578125,144.66000366210938,143.72000122070312,144.61000061035156,139.68429565429688,-0.20184160328820377,0.8227189374039767,1.13983154296875
2018-07-13,144.52999877929688,144.97999572753906,144.25999450683594,144.6999969482422,139.77120971679688,0.13648556623509775,0.06222178527148792,0.0869140625
2018-07-16,144.77000427246094,144.83999633789062,144.22000122070312,144.47000122070312,139.54905700683594,-0.11759871906231016,-0.15894024986337074,-0.2221527099609375
2018-07-17,144.02000427246094,145.3300018310547,144.00999450683594,145.1300048828125,140.1865692138672,0.008926992112212071,0.4568373450205554,0.63751220703125
2018-07-18,145.1300048828125,145.5,144.85000610351562,145.4499969482422,140.49566650390625,-0.2747229950820995,0.2204899454865128,0.3090972900390625
2018-07-19,145.07000732421875,145.4199981689453,144.60000610351562,145.10000610351562,140.1575927734375,0.18135055055463498,-0.24062929404257138,-0.33807373046875
2018-07-20,145.0,145.24000549316406,144.55999755859375,144.83999633789062,139.90643310546875,-0.158461359456939,-0.1791980462840459,-0.25115966796875
2018-07-23,144.7899932861328,145.16000366210938,144.47000122070312,145.07000732421875,140.1286163330078,-0.19932399985156787,0.15880844261932925,0.2221832275390625
2018-07-24,145.77000427246094,146.08999633789062,144.89999389648438,145.38999938964844,140.43772888183594,0.3787564815605987,0.22059202246993426,0.309112548828125
2018-07-25,145.3000030517578,146.6699981689453,145.00999450683594,146.6300048828125,141.63546752929688,0.2404174004141696,0.8528610203236253,1.1977386474609375
2018-07-26,146.22999572753906,146.74000549316406,146.0,146.38999938964844,141.40365600585938,0.21388573342808354,-0.16366770801214958,-0.2318115234375
2018-07-27,146.60000610351562,146.63999938964844,144.6300048828125,145.22000122070312,140.27349853515625,0.5046366533923938,-0.799242044106907,-1.130157470703125
2018-07-30,145.22000122070312,145.33999633789062,144.05999755859375,144.27000427246094,139.35586547851562,2.3410024216483296,-0.6541742141054852,-0.917633056640625
2018-07-31,144.82000732421875,145.50999450683594,144.5399932861328,145.08999633789062,140.14791870117188,0.16172615453572947,0.5683673377769427,0.79205322265625
2018-08-01,145.19000244140625,145.52999877929688,144.49000549316406,144.9199981689453,139.98373413085938,-0.1479390681704864,-0.11715091585667858,-0.1641845703125
2018-08-02,144.1699981689453,145.91000366210938,144.0800018310547,145.77999877929688,140.81442260742188,-0.15807403585130272,0.5934178579533711,0.8306884765625
2018-08-03,145.88999938964844,146.2899932861328,145.75999450683594,146.27000427246094,141.28773498535156,0.14449025408491445,0.33612492894228296,0.4733123779296875
2018-08-06,146.30999755859375,147.05999755859375,146.08999633789062,146.92999267578125,141.9252471923828,0.03145631517338975,0.4512155333917356,0.63751220703125
2018-08-07,146.30999755859375,147.6199951171875,146.30999755859375,147.41000366210938,142.388916015625,0.503022805035576,0.3266993240559124,0.4636688232421875
2018-08-08,147.3300018310547,147.52999877929688,146.97999572753906,147.27000427246094,142.25367736816406,-0.31158329155182,-0.09497835312272107,-0.1352386474609375
2018-08-09,147.3699951171875,147.67999267578125,147.07000732421875,147.1699981689453,142.15707397460938,-0.3353391393641793,-0.06790924167441315,-0.0966033935546875
2018-08-10,146.35000610351562,146.75999450683594,145.94000244140625,146.25,141.2684326171875,0.06502436099520177,-0.6251123018898075,-0.888641357421875
2018-08-13,146.39999389648438,146.75,145.4600067138672,145.69000244140625,140.72747802734375,0.093557199943742,-0.38292673021271817,-0.54095458984375
2018-08-14,146.11000061035156,146.77999877929688,145.9199981689453,146.64999389648438,141.65476989746094,0.01996571487284641,0.6589273702020115,0.9272918701171875
2018-08-15,145.8699951171875,146.02999877929688,144.63999938964844,145.49000549316406,140.5343017578125,0.6012738929986488,-0.7909851115211364,-1.1204681396484375
2018-08-16,146.27999877929688,147.14999389648438,146.25999450683594,146.6300048828125,141.63546752929688,-0.26194131609610183,0.7835565820663914,1.101165771484375
2018-08-17,146.4499969482422,147.38999938964844,146.3000030517578,147.1699981689453,142.15707397460938,0.28082816326888943,0.3682738895923743,0.5216064453125
2018-08-20,147.4499969482422,147.69000244140625,147.16000366210938,147.4499969482422,142.4275360107422,2.586371925818921,0.1902557703045593,0.2704620361328125
2018-08-21,147.77999877929688,148.50999450683594,147.77999877929688,148.0,142.95880126953125,0.2179526312872646,0.3730074069026923,0.5312652587890625
2018-08-22,147.7899932861328,148.2899932861328,147.7100067138672,148.0500030517578,143.0071258544922,-0.3767827651672626,0.03380315484726726,0.0483245849609375
2018-08-23,147.89999389648438,148.3699951171875,147.5800018310547,147.75999450683594,142.72698974609375,-0.2596173744622841,-0.19588961509755531,-0.2801361083984375
2018-08-24,148.14999389648438,148.75999450683594,148.10000610351562,148.67999267578125,143.6156463623047,-0.02619034813214512,0.6226268891341702,0.8886566162109375
2018-08-27,149.32000732421875,149.8699951171875,149.10000610351562,149.75,144.64920043945312,0.24061106221698772,0.7196667656538258,1.0335540771484375
2018-08-28,150.10000610351562,150.1999969482422,149.52999877929688,149.83999633789062,144.7361297607422,0.814689199704246,0.06009664832227202,0.0869293212890625
2018-08-29,149.9600067138672,150.77000427246094,149.82000732421875,150.6300048828125,145.49925231933594,0.6037914964352847,0.5272509081562626,0.76312255859375
2018-08-30,150.30999755859375,150.60000610351562,149.6699981689453,150.00999450683594,144.9003448486328,0.2563622221795303,-0.4116223699821231,-0.598907470703125
2018-08-31,149.80999755859375,150.27999877929688,149.58999633789062,150.07000732421875,144.9582977294922,0.5062505017492117,0.039994991675085245,0.057952880859375
2018-09-04,149.88999938964844,150.10000610351562,149.22000122070312,149.86000061035156,144.7554473876953,0.38049943778596207,-0.13993703359804766,-0.202850341796875
2018-09-05,149.66000366210938,149.69000244140625,148.7100067138672,149.3699951171875,144.2821502685547,0.6576294776187294,-0.3269632526318733,-0.473297119140625
2018-09-06,149.4600067138672,149.69000244140625,148.36000061035156,148.9199981689453,143.8474578857422,0.541561503796387,-0.30127939041898477,-0.4346923828125
2018-09-07,148.3699951171875,149.1699981689453,148.1300048828125,148.5800018310547,143.51905822753906,0.3751414612413267,-0.22829715799633776,-0.328399658203125
2018-09-10,149.1999969482422,149.3300018310547,148.7899932861328,148.89999389648438,143.82814025878906,0.25997724249880233,0.2153595731933855,0.30908203125
2018-09-11,148.5500030517578,149.6199951171875,148.3300018310547,149.39999389648438,144.3111114501953,0.5305227810357527,0.33579742499432186,0.48297119140625
2018-09-12,149.30999755859375,149.63999938964844,148.7899932861328,149.41000366210938,144.32078552246094,0.27618028000125394,0.006703622589010472,0.009674072265625
2018-09-13,149.97000122070312,150.3300018310547,149.75,150.16000366210938,145.04522705078125,0.09852785288274107,0.5019661760416128,0.7244415283203125
2018-09-14,150.27999877929688,150.47999572753906,149.7899932861328,150.27999877929688,145.16114807128906,-0.2513544708753765,0.07992060329378159,0.1159210205078125
2018-09-17,150.24000549316406,150.27999877929688,149.19000244140625,149.3300018310547,144.24351501464844,-0.0591774085455027,-0.6321478362722566,-0.917633056640625
2018-09-18,149.42999267578125,150.44000244140625,149.39999389648438,150.1300048828125,145.01626586914062,-0.056724359043139515,0.5357265832115266,0.7727508544921875
2018-09-19,150.1199951171875,150.47999572753906,150.00999450683594,150.14999389648438,145.0355682373047,0.036491522046661555,0.013310484895168173,0.0193023681640625
2018-09-20,150.8300018310547,151.47000122070312,150.52000427246094,151.30999755859375,146.15606689453125,-0.025415700920872534,0.7725681850628607,1.1204986572265625
2018-09-21,151.82000732421875,151.83999633789062,151.0500030517578,151.16000366210938,146.0111846923828,0.15030010816945885,-0.09912842157485668,-0.1448822021484375
2018-09-24,150.8699951171875,150.92999267578125,150.27000427246094,150.61000061035156,145.47988891601562,-0.05465863314641262,-0.36387334126938287,-0.5312957763671875
2018-09-25,150.88999938964844,151.07000732421875,150.4199981689453,150.52999877929688,145.40261840820312,0.36513560142905577,-0.0531142196961043,-0.0772705078125
2018-09-26,150.61000061035156,151.2899932861328,149.7899932861328,149.9499969482422,144.84237670898438,2.0335965866416585,-0.3853037210416188,-0.56024169921875
2018-09-27,150.24000549316406,150.9499969482422,150.0800018310547,150.3000030517578,145.18048095703125,0.035523213032570826,0.2334290942533901,0.338104248046875
2018-09-28,149.27999877929688,149.99000549316406,149.22999572753906,149.64999389648438,145.24258422851562,0.028228618459753982,0.04277659853100246,0.062103271484375
2018-10-01,150.4199981689453,150.77000427246094,149.52000427246094,149.8800048828125,145.4658203125,0.6232867845856448,0.15369878274347215,0.223236083984375
2018-10-02,149.86000061035156,150.10000610351562,149.42999267578125,149.66000366210938,145.2522735595703,0.26204296839552926,-0.14680201333270304,-0.2135467529296875
2018-10-03,150.25999450683594,150.49000549316406,149.64999389648438,149.86000061035156,145.44639587402344,0.5232927403972085,0.13364494041707697,0.194122314453125
2018-10-04,149.5800018310547,149.61000061035156,147.7100067138672,148.58999633789062,144.21380615234375,0.9473475346346761,-0.8474529150569565,-1.2325897216796875
2018-10-05,148.6199951171875,148.9499969482422,146.72999572753906,147.6300048828125,143.28207397460938,0.9325646836862244,-0.6460769621114637,-0.931732177734375
2018-10-08,147.27999877929688,147.75999450683594,146.36000061035156,147.52000427246094,143.17532348632812,0.49211319014348703,-0.07450372912676251,-0.10675048828125
2018-10-09,147.25,148.02000427246094,147.02000427246094,147.25999450683594,142.92295837402344,1.2506219178478932,-0.17626299432024206,-0.2523651123046875
2018-10-10,146.92999267578125,146.9499969482422,142.41000366210938,142.57000732421875,138.37110900878906,3.316154152771969,-3.1848272782895926,-4.551849365234375
2018-10-12,142.0,142.32000732421875,139.49000549316406,141.3699951171875,137.20643615722656,4.020373021753021,-0.8417023321598993,-1.1646728515625
2018-10-15,141.16000366210938,141.97999572753906,140.5,140.74000549316406,136.59500122070312,1.0542488497902929,-0.44563138118592915,-0.6114349365234375
2018-10-16,141.75,144.05999755859375,141.36000061035156,143.83999633789062,139.6036834716797,1.4441546127974942,2.2026298357106677,3.0086822509765625
2018-10-17,143.91000366210938,144.14999389648438,142.3300018310547,143.8000030517578,139.5648651123047,0.9005459322869575,-0.027806114000472615,-0.038818359375
2018-10-18,143.30999755859375,143.61000061035156,141.0,141.72000122070312,137.546142578125,1.310786184590064,-1.4464403577184481,-2.0187225341796875
2018-10-19,142.13999938964844,143.07000732421875,141.00999450683594,141.35000610351562,137.18704223632812,0.8033277072722481,-0.26107627234468467,-0.359100341796875
2018-10-22,141.72999572753906,141.94000244140625,140.4199981689453,140.7899932861328,136.64349365234375,0.9472184267661308,-0.3962098570854944,-0.543548583984375
2018-10-23,138.69000244140625,140.6699981689453,137.4600067138672,139.9600067138672,135.83798217773438,2.0840132093086496,-0.5894985945388731,-0.805511474609375
2018-10-24,139.88999938964844,140.08999633789062,135.39999389648438,135.61000061035156,131.6160888671875,2.7502743649373453,-3.108035943159715,-4.221893310546875
2018-10-25,136.6300048828125,138.9600067138672,136.1699981689453,138.16000366210938,134.09097290039062,2.0222996481439335,1.8803810799305154,2.474884033203125
2018-10-26,136.1199951171875,137.52999877929688,134.1699981689453,135.77000427246094,131.77139282226562,3.143924256132364,-1.7298555062674525,-2.319580078125
2018-10-29,137.50999450683594,138.3300018310547,133.07000732421875,135.02000427246094,131.04347229003906,2.2038253113188095,-0.5524116552432456,-0.7279205322265625
2018-10-30,134.9600067138672,137.2899932861328,134.61000061035156,137.1300048828125,133.09132385253906,1.2408742737727132,1.562726877358278,2.0478515625
2018-10-31,138.60000610351562,139.83999633789062,138.3699951171875,138.55999755859375,134.4792022705078,1.4726228978117617,1.0428015724800233,1.38787841796875
2018-11-01,139.0399932861328,140.3699951171875,138.52000427246094,140.1300048828125,136.00296020507812,1.265662984533436,1.133080735789349,1.5237579345703125
2018-11-02,140.92999267578125,141.1999969482422,138.38999938964844,139.55999755859375,135.44973754882812,0.9154578911039548,-0.4067725109922593,-0.55322265625
2018-11-05,139.8000030517578,140.52000427246094,139.19000244140625,140.24000549316406,136.1097412109375,0.8953170636108676,0.4872683211153861,0.660003662109375
2018-11-06,140.19000244140625,141.11000061035156,140.1699981689453,141.0399932861328,136.8861541748047,0.17844562351236276,0.5704315921546854,0.7764129638671875
2018-11-07,142.3000030517578,144.0,141.97000122070312,143.9199981689453,139.6813201904297,0.6635684395718192,2.0419640192795185,2.795166015625
2018-11-08,143.5500030517578,144.05999755859375,142.97999572753906,143.63999938964844,139.40957641601562,0.07845157932392659,-0.19454553697201282,-0.2717437744140625
2018-11-09,142.91000366210938,142.9600067138672,141.2899932861328,142.1699981689453,137.98287963867188,0.3057459818981576,-1.0233850600666838,-1.42669677734375
2018-11-12,141.7899932861328,141.97000122070312,139.17999267578125,139.44000244140625,135.3332977294922,1.1474001769458213,-1.9202251149693317,-2.6495819091796875
2018-11-13,139.77000427246094,140.9199981689453,138.82000732421875,139.24000549316406,135.13917541503906,0.3468022840956046,-0.14344017156896482,-0.194122314453125
2018-11-14,140.33999633789062,140.57000732421875,137.3800048828125,138.22000122070312,134.1492156982422,0.6537562415623664,-0.7325482886487267,-0.989959716796875
2018-11-15,137.5500030517578,140.00999450683594,136.6999969482422,139.77999877929688,135.6632843017578,1.1927170388052675,1.1286451401411046,1.514068603515625
2018-11-16,139.07000732421875,140.57000732421875,138.82000732421875,140.0800018310547,135.95445251464844,0.33505346805797037,0.21462565526790822,0.291168212890625
2018-11-19,139.8300018310547,139.92999267578125,137.1699981689453,137.64999389648438,133.5959930419922,1.1158333030864633,-1.7347423560123088,-2.35845947265625
2018-11-20,135.72999572753906,136.6199951171875,134.63999938964844,135.1999969482422,131.21815490722656,1.855234066246146,-1.7798723454364507,-2.377838134765625
2018-11-21,136.0,136.88999938964844,135.75,135.86000061035156,131.85873413085938,1.5480218930422933,0.4881788073347826,0.6405792236328125
2018-11-23,134.9199981689453,135.9199981689453,134.72999572753906,135.1300048828125,131.1502227783203,-0.2926044348756417,-0.5373260688487425,-0.7085113525390625
2018-11-26,136.47999572753906,137.27999877929688,136.17999267578125,137.22999572753906,133.18836975097656,1.9020356685938646,1.5540552882638003,2.03814697265625
2018-11-27,136.64999389648438,137.4199981689453,136.27000427246094,137.39999389648438,133.3533477783203,0.7145014937129917,0.12386819333565224,0.16497802734375
2018-11-28,138.02999877929688,140.60000610351562,137.4199981689453,140.60000610351562,136.45913696289062,2.7808729297826127,2.3289922872676616,3.1057891845703125
2018-11-29,140.19000244140625,141.16000366210938,139.47999572753906,140.33999633789062,136.20675659179688,0.7370308167741694,-0.18494941175128954,-0.25238037109375
2018-11-30,140.24000549316406,141.50999450683594,140.07000732421875,141.35000610351562,137.18704223632812,0.25100424563489493,0.7197041241273405,0.98028564453125
2018-12-03,143.60000610351562,144.0,142.02999877929688,143.0,138.7884063720703,1.2278989329838974,1.1672852695399305,1.6013641357421875
2018-12-04,142.63999938964844,142.82000732421875,138.10000610351562,138.3300018310547,134.25596618652344,1.39722390258123,-3.2657195972090824,-4.532440185546875
2018-12-06,136.14999389648438,138.16000366210938,134.35000610351562,138.16000366210938,134.09097290039062,3.0918937851085553,-0.12289456537342147,-0.1649932861328125
2018-12-07,137.94000244140625,138.8699951171875,134.42999267578125,134.89999389648438,130.92697143554688,2.0874345678251034,-2.3595931899115463,-3.16400146484375
2018-12-10,134.80999755859375,135.60000610351562,132.4499969482422,135.0500030517578,131.0725860595703,2.12610237445446,0.11121820235115987,0.1456146240234375
2018-12-11,136.86000061035156,137.00999450683594,134.22999572753906,135.02000427246094,131.04347229003906,1.1012441139408298,-0.022211944088768032,-0.02911376953125
2018-12-12,136.72000122070312,137.50999450683594,135.75,135.7899932861328,131.79078674316406,1.2696653284583443,0.5702798010960519,0.747314453125
2018-12-13,136.24000549316406,136.69000244140625,134.88999938964844,135.4600067138672,131.4705047607422,0.9974413876303033,-0.24302304458204693,-0.320281982421875
2018-12-14,134.25999450683594,134.9199981689453,132.75999450683594,133.1199951171875,129.1994171142578,1.775187187747979,-1.7274503133744235,-2.271087646484375
2018-12-17,132.5399932861328,133.16000366210938,129.47000122070312,130.27999877929688,126.44305419921876,3.511623465749751,-2.1334174538894857,-2.7563629150390483
2018-12-18,131.25999450683594,131.74000549316406,129.36000061035156,130.24000549316406,126.40422821044922,4.074791988344921,-0.03070630412673747,-0.03882598876954546
2018-12-19,130.27999877929688,132.38999938964844,127.3000030517578,128.24000549316406,124.46315002441406,4.039480986297745,-1.5356117540652803,-1.9410781860351562
2019-01-02,125.75,128.16000366210938,125.33999633789062,127.7300033569336,124.69619750976562,2.156055399957,0.18724215585563808,0.2330474853515625
2019-01-03,126.91000366210938,126.91000366210938,124.56999969482422,124.7699966430664,121.80650329589844,2.2591480329905265,-2.31738759607395,-2.8896942138671875
2019-01-04,126.4800033569336,129.3699951171875,126.31999969482422,128.89999389648438,125.8384017944336,1.951871305852401,3.310084756920295,4.031898498535156
2019-01-07,129.19000244140625,131.0399932861328,128.80999755859375,130.1999969482422,127.10752868652344,1.7635029256446175,1.0085370395620963,1.2691268920898438
2019-01-08,131.4499969482422,131.72999572753906,130.0500030517578,131.5399932861328,128.41571044921875,1.417687499745681,1.0291929803163624,1.3081817626953125
2019-01-09,132.02000427246094,132.6699981689453,131.36000061035156,132.16000366210938,129.02098083496094,3.0029384636807537,0.4713367107691546,0.6052703857421875
2019-01-10,131.44000244140625,132.88999938964844,131.0,132.80999755859375,129.65553283691406,0.6019194323413759,0.4918207859269108,0.634552001953125
2019-01-11,132.1300048828125,132.86000061035156,131.85000610351562,132.83999633789062,129.68482971191406,0.8266316775446984,0.02259593120244041,0.029296875
2019-01-14,131.7899932861328,132.49000549316406,131.55999755859375,132.0,128.8647918701172,0.468744665936764,-0.6323313556555021,-0.820037841796875
2019-01-15,132.19000244140625,133.55999755859375,132.0500030517578,133.44000244140625,130.27059936523438,1.8002986681800652,1.0909166691039252,1.4058074951171875
2019-01-16,133.6699981689453,134.3300018310547,133.61000061035156,133.82000732421875,130.6415557861328,0.7809920460138885,0.2847583589129066,0.3709564208984375
2019-01-17,133.39999389648438,135.39999389648438,133.16000366210938,134.89999389648438,131.69589233398438,1.7092776208555365,0.8070453092104746,1.0543365478515625
2019-01-18,135.88999938964844,136.94000244140625,135.4499969482422,136.64999389648438,133.40432739257812,1.595533588667012,1.2972576656082202,1.70843505859375
2019-01-22,135.88999938964844,135.9199981689453,133.88999938964844,134.77999877929688,131.5787353515625,2.1203570743041884,-1.368465383917672,-1.825592041015625
2019-01-23,135.3800048828125,135.77000427246094,133.60000610351562,134.9199981689453,131.71542358398438,1.4078753017362282,0.10388322403058758,0.136688232421875
2019-01-24,134.92999267578125,135.47000122070312,134.4600067138672,135.1999969482422,131.98876953125,1.311689939669882,0.2075276682319105,0.273345947265625
2019-01-25,136.22999572753906,136.82000732421875,136.02999877929688,136.47000122070312,133.22860717773438,0.7966140981078856,0.9393508636284631,1.239837646484375
2019-01-28,135.24000549316406,135.52000427246094,134.47999572753906,135.47000122070312,132.2523651123047,1.6902342102450854,-0.7327570903201908,-0.9762420654296875
2019-01-29,135.6199951171875,135.8699951171875,134.83999633789062,135.27999877929688,132.06686401367188,0.7887385181266144,-0.1402629725943183,-0.1855010986328125
2019-01-30,136.14999389648438,137.80999755859375,135.6199951171875,137.32000732421875,134.05841064453125,0.8439966858640587,1.5079835852339185,1.991546630859375
2019-01-31,137.27000427246094,138.77000427246094,137.24000549316406,138.52999877929688,135.23968505859375,1.4070361005906828,0.8811639705283092,1.1812744140625
2019-02-01,138.6999969482422,139.1999969482422,138.25,138.72999572753906,135.4349365234375,0.9503170156112211,0.14437438593497554,0.19525146484375
2019-02-04,138.75999450683594,139.75,138.36000061035156,139.72000122070312,136.4014129638672,2.055932247900018,0.7136094018565409,0.9664764404296875
2019-02-05,139.9499969482422,140.4499969482422,139.66000366210938,140.3000030517578,136.9676513671875,0.6493020200975491,0.41512649393911083,0.5662384033203125
2019-02-06,140.14999389648438,140.39999389648438,139.64999389648438,140.16000366210938,136.83096313476562,0.7694368917790725,-0.09979599639584613,-0.136688232421875
2019-02-07,139.17999267578125,139.49000549316406,137.1199951171875,138.8300018310547,135.5325469970703,2.1588312191307266,-0.9489198262943588,-1.2984161376953125
2019-02-08,138.13999938964844,138.99000549316406,137.66000366210938,138.97000122070312,135.66925048828125,0.22757116749389922,0.10086395794943748,0.1367034912109375
2019-02-11,139.39999389648438,139.5500030517578,138.88999938964844,139.25999450683594,135.95233154296875,0.37681986353241725,0.20865528015276968,0.2830810546875
2019-02-12,140.1199951171875,141.17999267578125,140.05999755859375,141.0,137.6510009765625,1.0064143844942108,1.2494595821307186,1.69866943359375
2019-02-13,141.4499969482422,141.8800048828125,141.13999938964844,141.44000244140625,138.08056640625,0.39767078430250435,0.31206851140925806,0.4295654296875
2019-02-14,140.86000061035156,141.80999755859375,140.38999938964844,141.19000244140625,137.83651733398438,0.6314205803040069,-0.17674396811757642,-0.244049072265625
2019-02-15,142.16000366210938,142.77000427246094,141.91000366210938,142.74000549316406,139.34970092773438,0.5063150556834844,1.0978103792941063,1.51318359375
2019-02-19,142.41000366210938,143.38999938964844,142.33999633789062,143.02000427246094,139.623046875,0.46261204218085605,0.19615825900292094,0.273345947265625
2019-02-20,143.0500030517578,143.52999877929688,142.74000549316406,143.32000732421875,139.91592407226562,0.3899888661240512,0.20976278903857004,0.292877197265625
2019-02-21,143.05999755859375,143.13999938964844,142.25,142.8300018310547,139.43756103515625,1.2469423435943485,-0.3418932049952361,-0.478363037109375
2019-02-22,143.1999969482422,143.83999633789062,143.02999877929688,143.77000427246094,140.355224609375,0.054953947248658166,0.6581179184476538,0.91766357421875
2019-02-25,144.55999755859375,144.8800048828125,143.89999389648438,143.97999572753906,140.56024169921875,1.3987086430695026,0.14607015194079143,0.20501708984375
2019-02-26,143.75,144.22999572753906,143.58999633789062,143.7100067138672,140.2966766357422,0.25946081102462065,-0.18751039432655103,-0.2635650634765625
2019-02-27,143.38999938964844,143.97000122070312,142.8800048828125,143.75999450683594,140.345458984375,0.18948434627299712,0.03477085117238321,0.0487823486328125
2019-02-28,143.64999389648438,143.89999389648438,143.32000732421875,143.4600067138672,140.05259704589844,0.3368609782176064,-0.20867218689930578,-0.2928619384765625
2019-03-01,144.3800048828125,144.60000610351562,143.5,144.4199981689453,140.9897918701172,0.795193911553886,0.6691734705295049,0.93719482421875
2019-03-04,145.0,145.02999877929688,142.4199981689453,143.75,140.33570861816406,1.163344998711182,-0.46392241826676006,-0.654083251953125
2019-03-05,143.80999755859375,143.89999389648438,143.17999267578125,143.47999572753906,140.07211303710938,0.7002350742387216,-0.18783215166704448,-0.2635955810546875
2019-03-06,143.52000427246094,143.5500030517578,142.22999572753906,142.38999938964844,139.00799560546875,0.24939039727807702,-0.7596925673268751,-1.064117431640625
2019-03-07,142.16000366210938,142.25,140.75999450683594,141.27999877929688,137.92437744140625,0.7091435171683562,-0.7795365722256808,-1.0836181640625
2019-03-08,140.1300048828125,141.02999877929688,139.9199981689453,140.99000549316406,137.64126586914062,0.3710100094478729,-0.20526579674858825,-0.283111572265625
2019-03-11,141.38999938964844,143.11000061035156,141.36000061035156,143.05999755859375,139.66207885742188,0.10143277992501328,1.4681737889583824,2.02081298828125
2019-03-12,143.3300018310547,143.83999633789062,143.22999572753906,143.5399932861328,140.13067626953125,0.13738932131491577,0.3355222949156911,0.468597412109375
2019-03-13,143.9600067138672,144.9499969482422,143.94000244140625,144.4600067138672,141.0288543701172,0.16798788616018287,0.6409575151541835,0.8981781005859375
2019-03-14,144.4600067138672,144.63999938964844,144.0500030517578,144.33999633789062,140.9116668701172,-0.16736980238657376,-0.08309469755206633,-0.1171875
2019-03-15,144.6199951171875,145.47999572753906,144.5500030517578,145.00999450683594,141.5657501220703,0.3686215138797824,0.4641796286151578,0.654083251953125
2019-03-18,145.10000610351562,145.75999450683594,144.9499969482422,145.5500030517578,142.09295654296875,0.47539372116685374,0.3724109966173561,0.5272064208984375
2019-03-19,146.1199951171875,146.47000122070312,144.99000549316406,145.52000427246094,142.0636444091797,2.8089538911912437,-0.02062884361210271,-0.0293121337890625
2019-03-20,145.32000732421875,145.99000549316406,144.25,144.9199981689453,141.47793579101562,0.7408394988962596,-0.41228607121824856,-0.5857086181640625
2019-03-21,144.47999572753906,146.83999633789062,144.36000061035156,146.6199951171875,143.1375274658203,0.7723418188213447,1.1730392202330187,1.6595916748046875
2019-03-22,145.83999633789062,146.07000732421875,143.5,143.55999755859375,140.15020751953125,2.1933675739666296,-2.0870277691518724,-2.9873199462890625
2019-03-25,142.5800018310547,143.30999755859375,141.89999389648438,142.69000244140625,140.05401611328125,1.2415198131154404,-0.06863450861219755,-0.09619140625
2019-03-26,143.6999969482422,144.3800048828125,143.00999450683594,143.7899932861328,141.13369750976562,0.7150824791214461,0.7709035602456948,1.079681396484375
2019-03-27,143.83999633789062,144.14999389648438,142.14999389648438,143.1300048828125,140.4858856201172,1.0647711410767455,-0.45900582290321346,-0.6478118896484375
2019-03-28,143.4600067138672,143.97999572753906,142.8300018310547,143.75999450683594,141.104248046875,0.5817786048482887,0.44015982390566144,0.6183624267578125
2019-03-29,144.61000061035156,144.7899932861328,144.02999877929688,144.7100067138672,142.03671264648438,1.2016254817349021,0.660833825002638,0.932464599609375
2019-04-01,145.75999450683594,146.47999572753906,145.58999633789062,146.38999938964844,143.6856689453125,1.235258081490987,1.1609366818649436,1.648956298828125
2019-04-02,146.4199981689453,146.5,145.8699951171875,146.3800048828125,143.6758575439453,1.6393657100381858,-0.006828378528778156,-0.0098114013671875
2019-04-03,147.0800018310547,147.33999633789062,146.32000732421875,146.72999572753906,144.01937866210938,0.42032921523222744,0.239094531284767,0.3435211181640625
2019-04-04,146.83999633789062,147.14999389648438,146.35000610351562,147.0399932861328,144.3236541748047,0.3196250777667914,0.21127400737450674,0.3042755126953125
2019-04-05,147.38999938964844,147.8300018310547,147.25999450683594,147.77999877929688,145.04998779296875,-0.005662197033421615,0.5032672033680186,0.7263336181640625
2019-04-08,147.5399932861328,147.92999267578125,147.11000061035156,147.91000366210938,145.17759704589844,0.2435159892592599,0.08797605216750437,0.1276092529296875
2019-04-09,147.32000732421875,147.47999572753906,146.7100067138672,147.02000427246094,144.30401611328125,0.2565558839823484,-0.6017326022698999,-0.8735809326171875
2019-04-10,147.24000549316406,147.72000122070312,147.07000732421875,147.6999969482422,144.97146606445312,0.1715383525451822,0.4625304057011892,0.667449951171875
2019-04-11,147.94000244140625,147.9600067138672,147.33999633789062,147.69000244140625,144.96163940429688,0.026679324037208813,-0.006778340885293943,-0.00982666015625
2019-04-12,148.5500030517578,148.8000030517578,148.1300048828125,148.67999267578125,145.93336486816406,0.5543431827823847,0.670332832782794,0.9717254638671875
2019-04-15,148.75,148.8000030517578,148.05999755859375,148.55999755859375,145.81556701660156,0.2128528704797201,-0.08072030112435957,-0.1177978515625
2019-04-16,149.0,149.05999755859375,148.24000549316406,148.60000610351562,145.85482788085938,0.7746657604551624,0.026925015662659924,0.0392608642578125
2019-04-17,149.1999969482422,149.22000122070312,147.77000427246094,148.0500030517578,145.3150177001953,0.7944192643426133,-0.3701010028307028,-0.5398101806640625
2019-04-18,148.39999389648438,148.39999389648438,147.50999450683594,148.27000427246094,145.53094482421875,0.45428458465967575,0.1485924355519197,0.2159271240234375
2019-04-22,147.9499969482422,148.41000366210938,147.77000427246094,148.30999755859375,145.5701904296875,0.2552002513626214,0.0269671893604162,0.03924560546875
2019-04-23,148.5500030517578,149.9199981689453,148.4499969482422,149.8000030517578,147.03268432617188,0.3814677468000528,1.00466578505356,1.462493896484375
2019-04-24,149.77999877929688,150.0500030517578,149.47000122070312,149.60000610351562,146.8363800048828,0.11059943859173886,-0.13351066954173652,-0.1963043212890625
2019-04-25,149.5399932861328,149.69000244140625,148.60000610351562,149.35000610351562,146.5909881591797,0.4359512673262246,-0.16711924231240793,-0.245391845703125
2019-04-26,149.41000366210938,150.16000366210938,148.99000549316406,150.16000366210938,147.38601684570312,0.27837511376652624,0.5423448579664036,0.7950286865234375
2019-04-29,150.22000122070312,150.69000244140625,150.1300048828125,150.3800048828125,147.60195922851562,0.457189511701948,0.14651483731904502,0.2159423828125
2019-04-30,150.27999877929688,150.60000610351562,149.3000030517578,150.38999938964844,147.61178588867188,0.3041966874756124,0.006657540460586198,0.00982666015625
2019-05-01,150.8000030517578,150.8699951171875,149.24000549316406,149.27000427246094,146.512451171875,1.296261549378703,-0.7447472504844455,-1.099334716796875
2019-05-02,149.14999389648438,149.74000549316406,148.05999755859375,149.02000427246094,146.26707458496094,0.5064441635520298,-0.1674783166559779,-0.2453765869140625
2019-05-03,149.8000030517578,150.6999969482422,149.6999969482422,150.6300048828125,147.84735107421875,0.2542319423485307,1.0804047963233865,1.5802764892578125
2019-05-06,148.19000244140625,150.33999633789062,148.02000427246094,150.14999389648438,147.37619018554688,0.5693842494679274,-0.3186806427362687,-0.471160888671875
2019-05-07,148.83999633789062,149.08999633789062,146.42999267578125,147.55999755859375,144.8340606689453,1.699400868911811,-1.7249255211449155,-2.5421295166015625
2019-05-08,147.35000610351562,148.24000549316406,147.00999450683594,147.32000732421875,144.59849548339844,0.4769430155893989,-0.16264488094780427,-0.235565185546875
2019-05-09,146.05999755859375,147.17999267578125,145.05999755859375,146.85000610351562,144.1371612548828,0.6550473202478208,-0.3190449713694199,-0.461334228515625
2019-05-10,146.3300018310547,147.9600067138672,144.64999389648438,147.52999877929688,144.8046112060547,0.9179754945405907,0.4630658362915874,0.667449951171875
2019-05-13,144.6999969482422,145.14999389648438,143.25,143.8000030517578,141.1435089111328,1.6065077574933735,-2.5283050480431113,-3.661102294921875
2019-05-14,144.27999877929688,145.91000366210938,144.13999938964844,145.10000610351562,142.41949462890625,0.8630400964745099,0.9040342893677389,1.2759857177734375
2019-05-15,144.22999572753906,146.27000427246094,144.0500030517578,145.9600067138672,143.2636260986328,0.20594559951253955,0.5927078114734696,0.8441314697265625
2019-05-16,146.3300018310547,148.02999877929688,146.2899932861328,147.27999877929688,144.55921936035156,0.3655229250346921,0.9043420838913852,1.29559326171875
2019-05-17,146.05999755859375,147.63999938964844,146.00999450683594,146.24000549316406,143.53843688964844,0.11014756105182985,-0.706134465321484,-1.020782470703125
2019-05-20,145.25999450683594,145.9199981689453,144.77999877929688,145.1999969482422,142.5176544189453,-0.05427130954077633,-0.7111561842406688,-1.020782470703125
2019-05-21,146.11000061035156,146.80999755859375,146.0399932861328,146.6199951171875,143.9114227294922,-0.20300357410511266,0.977961864605037,1.393768310546875
2019-05-22,146.05999755859375,146.57000732421875,145.77000427246094,146.08999633789062,143.39122009277344,-0.1378041004896701,-0.3614741810290978,-0.52020263671875
2019-05-23,144.8300018310547,144.85000610351562,143.3800048828125,144.22999572753906,141.56556701660156,0.6118607382193741,-1.273197253632885,-1.825653076171875
2019-05-24,144.9600067138672,145.22999572753906,144.16000366210938,144.5800018310547,141.9091033935547,-0.23973476270628774,0.24266944582140848,0.343536376953125
2019-05-28,144.82000732421875,145.27999877929688,143.25,143.30999755859375,140.66256713867188,1.3639140724965089,-0.8784047147601282,-1.2465362548828125
2019-05-29,142.6199951171875,142.8000030517578,141.44000244140625,142.3300018310547,139.70068359375,0.7758277312720713,-0.6838233970048346,-0.961883544921875
2019-05-30,142.69000244140625,143.1699981689453,141.9499969482422,142.61000061035156,139.97549438476562,0.5606049144068381,0.19671399161851344,0.274810791015625
2019-05-31,141.11000061035156,141.58999633789062,140.60000610351562,140.69000244140625,138.09097290039062,0.6991376573560854,-1.346322434979097,-1.884521484375
2019-06-03,140.69000244140625,141.3800048828125,139.6199951171875,140.41000366210938,137.81613159179688,1.9442539416082205,-0.19902916376148827,-0.27484130859375
2019-06-04,141.72999572753906,143.61000061035156,141.47000122070312,143.55999755859375,140.90794372558594,0.6547891045107299,2.2434326795260917,3.0918121337890625
2019-06-05,144.38999938964844,144.82000732421875,143.27000427246094,144.66000366210938,141.9876251220703,2.1344298319756403,0.7662317453067224,1.079681396484375
2019-06-06,144.82000732421875,145.85000610351562,144.35000610351562,145.47000122070312,142.78265380859375,0.6728642061070902,0.5599281527808753,0.7950286865234375
2019-06-07,146.05999755859375,147.4499969482422,145.97999572753906,146.7899932861328,144.07827758789062,-0.05511051068632163,0.9074097901512035,1.295623779296875
2019-06-10,147.72999572753906,148.57000732421875,147.5399932861328,147.61000061035156,144.8831329345703,0.32698422627388096,0.5586236594123051,0.8048553466796875
2019-06-11,148.6199951171875,148.8300018310547,147.0800018310547,147.47000122070312,144.74571228027344,-0.0185729838879647,-0.09484931165791854,-0.137420654296875
2019-06-12,147.35000610351562,147.63999938964844,146.92999267578125,147.27000427246094,144.54940795898438,-0.015087071437238067,-0.1356201287047165,-0.1963043212890625
2019-06-13,147.7899932861328,148.08999633789062,147.42999267578125,147.9499969482422,145.21685791015625,-0.017217351268237677,0.4617451988189858,0.667449951171875
2019-06-14,147.8000030517578,147.99000549316406,147.27000427246094,147.6300048828125,144.90277099609375,-0.2274049612601991,-0.2162881903537861,-0.3140869140625
2019-06-17,147.27999877929688,147.6699981689453,147.13999938964844,147.19000244140625,145.0081787109375,0.485980566387579,0.07274375370405206,0.10540771484375
2019-06-18,148.1999969482422,149.47000122070312,148.07000732421875,148.8000030517578,146.5943145751953,0.32782342741942627,1.0938251058374204,1.5861358642578125
2019-06-19,148.91000366210938,149.49000549316406,148.38999938964844,149.30999755859375,147.09674072265625,1.48256420368976,0.34273235556023796,0.5024261474609375
2019-06-20,150.72999572753906,150.85000610351562,149.4499969482422,150.67999267578125,148.44644165039062,0.7842197427275243,0.9175600500076042,1.349700927734375
2019-06-21,150.39999389648438,150.94000244140625,150.0399932861328,150.6999969482422,148.4661407470703,0.4267200547252263,0.013270171019708066,0.0196990966796875
2019-06-24,150.3300018310547,150.47000122070312,149.7100067138672,149.86000061035156,147.6385955810547,0.1446193619534599,-0.5573965631836875,-0.827545166015625
2019-06-25,149.8699951171875,149.89999389648438,148.3000030517578,148.44000244140625,146.23963928222656,0.35906753160742055,-0.947554596629907,-1.398956298828125
2019-06-26,148.86000061035156,149.19000244140625,148.1300048828125,148.16000366210938,145.9637908935547,0.09710766632874133,-0.18862764570932722,-0.275848388671875
2019-06-27,148.66000366210938,149.1999969482422,148.55999755859375,149.0500030517578,146.84060668945312,0.4124536352509562,0.6007077443870079,0.8768157958984375
2019-06-28,149.50999450683594,150.1699981689453,149.30999755859375,150.08999633789062,147.8651885986328,0.5398831015052964,0.6977510732753434,1.0245819091796875
2019-07-01,151.85000610351562,151.9199981689453,150.50999450683594,151.14999389648438,148.9094696044922,1.4250466482527704,0.7062385783674685,1.044281005859375
2019-07-02,151.1199951171875,151.5,150.66000366210938,151.5,149.25428771972656,0.6146365573931009,0.2315622479552415,0.344818115234375
2019-07-03,151.8699951171875,152.66000366210938,151.75,152.63999938964844,150.3773956298828,0.34441378852751414,0.7524794947701974,1.12310791015625
2019-07-05,152.00999450683594,152.6199951171875,151.25999450683594,152.5500030517578,150.28871154785156,0.4473773136924952,-0.058974343623774406,-0.08868408203125
2019-07-08,151.8699951171875,152.02999877929688,151.3699951171875,151.72999572753906,149.4808807373047,0.5538913052424757,-0.53751928686252,-0.807830810546875
2019-07-09,151.02000427246094,152.08999633789062,151.02000427246094,152.0,149.7468719482422,0.9197184507659539,0.17794329925373553,0.2659912109375
2019-07-10,152.58999633789062,153.1300048828125,152.1199951171875,152.6199951171875,150.35768127441406,0.06405605198111104,0.4078945477959506,0.610809326171875
2019-07-11,152.94000244140625,153.02999877929688,152.24000549316406,152.8300018310547,150.56455993652344,0.5730638237214721,0.1375910165386296,0.206878662109375
2019-07-12,153.10000610351562,153.63999938964844,152.99000549316406,153.61000061035156,151.3330078125,-0.06279242886477476,0.5103776587933595,0.7684478759765625
2019-07-15,153.8300018310547,153.8300018310547,153.27000427246094,153.50999450683594,151.23448181152344,0.2593317031560752,-0.06510542703190847,-0.0985260009765625
2019-07-16,153.5,153.6699981689453,152.9499969482422,153.1199951171875,150.8502655029297,0.01628614061930163,-0.25405337724010435,-0.38421630859375
2019-07-17,153.10000610351562,153.1699981689453,152.11000061035156,152.11000061035156,149.85523986816406,0.5307809967728435,-0.6596114573933609,-0.995025634765625
2019-07-18,151.8699951171875,152.83999633789062,151.58999633789062,152.6699981689453,150.4069366455078,-0.18376650169184347,0.36815314421378975,0.55169677734375
2019-07-19,153.2100067138672,153.27999877929688,151.74000549316406,151.8000030517578,149.5498504638672,-0.17130759237720938,-0.5698448494172004,-0.857086181640625
2019-07-22,152.05999755859375,152.39999389648438,151.75999450683594,152.16000366210938,149.9044952392578,-0.15704117290293929,0.23714151120217686,0.354644775390625
2019-07-23,152.77999877929688,153.1999969482422,152.3000030517578,153.17999267578125,150.9093780517578,-0.07066800884604604,0.6703486849384488,1.0048828125
2019-07-24,152.75999450683594,154.14999389648438,152.75999450683594,154.1199951171875,151.83543395996094,0.26830470001998263,0.6136503378110225,0.926055908203125
2019-07-25,153.94000244140625,153.9499969482422,152.88999938964844,153.3000030517578,151.02760314941406,0.1889679147988154,-0.5320436669347561,-0.807830810546875
2019-07-26,153.64999389648438,154.50999450683594,153.61000061035156,154.41000366210938,152.1211395263672,-0.020445047981873448,0.7240639155686512,1.093536376953125
2019-07-29,154.35000610351562,154.3800048828125,153.6300048828125,154.0399932861328,151.75662231445312,-0.10694731990731211,-0.23962298274190497,-0.3645172119140625
2019-07-30,153.19000244140625,154.0,152.9600067138672,153.88999938964844,151.60885620117188,0.1401005865543698,-0.09737045476345685,-0.14776611328125
2019-07-31,153.91000366210938,154.11000061035156,151.07000732421875,152.2100067138672,149.9537811279297,0.48978924850966926,-1.0916744012935853,-1.6550750732421875
2019-08-01,152.2899932861328,153.85000610351562,150.25999450683594,150.8000030517578,148.56466674804688,1.3867661652290502,-0.926361689204569,-1.3891143798828125
2019-08-02,150.3000030517578,150.41000366210938,148.5800018310547,149.5800018310547,147.3627471923828,3.4271223657867664,-0.809021136702992,-1.2019195556640625
2019-08-05,147.17999267578125,147.25,143.8699951171875,145.13999938964844,142.98855590820312,2.548930643940746,-2.9683155122435134,-4.3741912841796875
2019-08-06,146.19000244140625,147.0800018310547,145.2100067138672,147.02999877929688,144.8505401611328,1.0684507153302902,1.3021911027096822,1.8619842529296875
2019-08-07,145.3000030517578,147.52999877929688,144.17999267578125,147.19000244140625,145.0081787109375,0.9310153892636792,0.10882841695263323,0.1576385498046875
2019-08-08,147.97999572753906,150.02000427246094,147.6999969482422,149.99000549316406,147.7666778564453,1.5427930243662034,1.9023059044184443,2.7584991455078125
2019-08-09,149.55999755859375,149.7899932861328,148.02000427246094,148.9199981689453,146.7125244140625,0.38501821318505214,-0.7133905002634777,-1.0541534423828125
2019-08-12,148.1199951171875,148.25999450683594,146.5500030517578,147.0800018310547,144.89979553222656,0.5531812119654758,-1.2355651905490483,-1.8127288818359375
2019-08-13,146.88999938964844,150.0800018310547,146.52999877929688,149.17999267578125,146.9686737060547,0.6249651868767354,1.4277992361749092,2.068878173828125
2019-08-14,146.9499969482422,147.1999969482422,144.77999877929688,144.8699951171875,142.72256469726562,1.410844782712773,-2.889125214044941,-4.2461090087890625
2019-08-15,145.30999755859375,145.66000366210938,144.0500030517578,145.13999938964844,142.98855590820312,1.186907184720723,0.18636941642808935,0.2659912109375
2019-08-16,146.0800018310547,147.60000610351562,146.0,147.33999633789062,145.15594482421875,1.2304165364205333,1.5157778902299412,2.167388916015625
2019-08-19,149.08999633789062,149.47999572753906,148.6300048828125,149.08999633789062,146.88002014160156,0.7241200299196262,1.187740067739318,1.7240753173828125
2019-08-20,148.80999755859375,149.02999877929688,147.89999389648438,147.9499969482422,145.7569122314453,-0.009212663418420964,-0.764643080164007,-1.12310791015625
2019-08-21,149.16000366210938,149.39999389648438,148.82000732421875,149.1999969482422,146.98837280273438,-0.20242258869665822,0.8448728450926923,1.2314605712890625
2019-08-22,149.61000061035156,149.89999389648438,148.1300048828125,149.07000732421875,146.86032104492188,-0.014570639963056345,-0.0871169299794583,-0.1280517578125
2019-08-23,148.41000366210938,149.3000030517578,144.63999938964844,145.30999755859375,143.15603637695312,1.3266018984868793,-2.5223182419951806,-3.70428466796875
2019-08-26,146.52999877929688,146.8800048828125,145.66000366210938,146.77999877929688,144.604248046875,1.2069834582795376,1.0116315780834384,1.448211669921875
2019-08-27,147.63999938964844,147.8300018310547,145.67999267578125,146.10000610351562,143.93434143066406,0.14939635308964083,-0.46326897394728395,-0.6699066162109375
2019-08-28,145.69000244140625,147.24000549316406,145.30999755859375,147.13999938964844,144.9589080810547,0.14700785752155035,0.7118291855902736,1.024566650390625
2019-08-29,148.58999633789062,149.3800048828125,148.10000610351562,149.08999633789062,146.88002014160156,0.5311037664442071,1.3252804439397803,1.921112060546875
2019-08-30,149.8800048828125,149.88999938964844,148.44000244140625,149.0399932861328,146.8307342529297,0.3322130949499709,-0.03355520282769531,-0.049285888671875
2019-09-03,147.99000549316406,148.5500030517578,147.3699951171875,148.07000732421875,145.87513732910156,1.649048800179093,-0.6508153273837247,-0.955596923828125
2019-09-04,149.3000030517578,149.64999389648438,148.82000732421875,149.64999389648438,147.43170166015625,0.20555827590690326,1.067052521460865,1.5565643310546875
2019-09-05,151.0,152.11000061035156,150.75,151.64999389648438,149.4020538330078,0.7995190251501578,1.3364508112328588,1.9703521728515625
2019-09-06,151.80999755859375,152.05999755859375,151.39999389648438,151.67999267578125,149.43161010742188,-0.11914801348485533,0.01978304424590238,0.0295562744140625
2019-09-09,152.22000122070312,152.27000427246094,151.14999389648438,151.77000427246094,149.52029418945312,0.5305873349700254,0.05934760521384419,0.08868408203125
2019-09-10,151.36000061035156,151.9199981689453,150.6300048828125,151.9199981689453,149.66806030273438,1.085751169715378,0.09882679410329054,0.14776611328125
2019-09-11,152.08999633789062,153.1699981689453,151.6999969482422,153.16000366210938,150.88967895507812,1.3522943643274201,0.8162186707523222,1.22161865234375
2019-09-12,153.6300048828125,154.1300048828125,153.0500030517578,153.6199951171875,151.3428497314453,1.119060999800099,0.30033252075649663,0.4531707763671875
2019-09-13,153.8699951171875,154.0800018310547,153.27999877929688,153.47000122070312,151.19508361816406,0.8064262961173384,-0.09763666637931934,-0.14776611328125
2019-09-16,152.22000122070312,152.69000244140625,152.0399932861328,152.4600067138672,150.88827514648438,-0.040327659737869795,-0.20292225404268116,-0.3068084716796875
2019-09-17,152.35000610351562,152.8699951171875,152.0,152.8300018310547,151.25445556640625,0.2267319663483539,0.2426831505406124,0.366180419921875
2019-09-18,152.64999389648438,152.83999633789062,151.35000610351562,152.80999755859375,151.2346649169922,-0.023608190761236502,-0.013084341443003744,-0.0197906494140625
2019-09-19,153.1300048828125,153.61000061035156,152.5500030517578,152.7100067138672,151.13571166992188,0.19890922067681358,-0.06543026833473187,-0.0989532470703125
2019-09-20,153.0,153.22999572753906,151.60000610351562,152.0399932861328,150.47259521484375,0.22776482929671735,-0.43875563740114476,-0.663116455078125
2019-09-23,151.7100067138672,152.4600067138672,151.57000732421875,152.1199951171875,150.55177307128906,0.1927120429866329,0.052619452952384904,0.0791778564453125
2019-09-24,152.60000610351562,152.80999755859375,150.1999969482422,150.7100067138672,149.1563262939453,1.6017953202914652,-0.9268883048511034,-1.39544677734375
2019-09-25,150.72999572753906,151.91000366210938,149.9199981689453,151.66000366210938,150.09652709960938,2.834452695228966,0.6303459122553035,0.9402008056640625
2019-09-26,151.66000366210938,151.66000366210938,150.47000122070312,151.1999969482422,149.64126586914062,-0.019541292902055432,-0.3033123012677219,-0.45526123046875
2019-09-27,151.63999938964844,151.7100067138672,149.44000244140625,150.3000030517578,148.75054931640625,0.12066985233828247,-0.595234574875414,-0.890716552734375
2019-09-30,150.64999389648438,151.3699951171875,150.5500030517578,151.0,149.44332885742188,-0.03309761909932567,0.46573242532503834,0.692779541015625
2019-10-01,151.5,151.8800048828125,148.9199981689453,149.02999877929688,147.49363708496094,0.6905519840978143,-1.304636203815468,-1.9496917724609375
2019-10-02,148.17999267578125,148.24000549316406,145.82000732421875,146.61000061035156,145.0985870361328,1.3286676243836062,-1.6238327945282793,-2.395050048828125
2019-10-03,146.47999572753906,147.8000030517578,144.89999389648438,147.8000030517578,146.2763214111328,1.6959149564610845,0.811678734477761,1.177734375
2019-10-04,148.36000061035156,149.80999755859375,148.0399932861328,149.72999572753906,148.18641662597656,0.4879817383500332,1.3058129958540166,1.91009521484375
2019-10-07,149.3800048828125,150.19000244140625,148.88999938964844,149.13999938964844,147.60250854492188,0.3125241449967927,-0.39403617035188576,-0.5839080810546875
2019-10-08,148.0399932861328,148.36000061035156,146.7100067138672,146.72999572753906,145.21734619140625,0.29735397044270456,-1.6159361903999914,-2.385162353515625
2019-10-09,147.85000610351562,148.58999633789062,147.52000427246094,148.0800018310547,146.55343627929688,0.9949883381279402,0.920062322396098,1.336090087890625
2019-10-10,148.0,149.5,147.99000549316406,149.02999877929688,147.49363708496094,1.1333274192743694,0.6415412900126372,0.9402008056640625
2019-10-11,150.50999450683594,151.89999389648438,150.47000122070312,150.6300048828125,149.0771484375,1.0482453339029303,1.0736133326395114,1.5835113525390625
2019-10-14,150.52000427246094,150.75,150.25,150.49000549316406,148.93858337402344,-0.3484435880215405,-0.09294856047951106,-0.1385650634765625
2019-10-15,151.02999877929688,152.3300018310547,150.9199981689453,151.97000122070312,150.40333557128906,0.25816973233916635,0.9834605406358943,1.464752197265625
2019-10-16,151.63999938964844,152.0500030517578,151.3699951171875,151.69000244140625,150.126220703125,-0.11288628186040194,-0.1842478207756959,-0.2771148681640625
2019-10-17,152.3300018310547,152.63999938964844,151.83999633789062,152.19000244140625,150.62106323242188,-0.07286284261131837,0.3296176557161301,0.494842529296875
2019-10-18,151.94000244140625,152.1999969482422,150.89999389648438,151.5800018310547,150.01734924316406,-0.021477910930236894,-0.40081644379725834,-0.6037139892578125
2019-10-21,152.35000610351562,152.69000244140625,152.05999755859375,152.57000732421875,150.9971466064453,-0.027868750423235722,0.6531227009571428,0.97979736328125
2019-10-22,152.92999267578125,153.00999450683594,152.0399932861328,152.11000061035156,150.54188537597656,-0.02677133354059956,-0.3015032010209584,-0.45526123046875
2019-10-23,151.97000122070312,152.49000549316406,151.77000427246094,152.4199981689453,150.84869384765625,0.032747393858844065,0.2038027296612066,0.3068084716796875
2019-10-24,153.00999450683594,153.0800018310547,152.27999877929688,152.83999633789062,151.2643585205078,-0.11043323235803874,0.2755507271885005,0.4156646728515625
2019-10-25,152.49000549316406,153.75999450683594,152.4199981689453,153.4499969482422,151.86805725097656,0.4572540656362207,0.3991017688326881,0.60369873046875
2019-10-28,154.1199951171875,154.66000366210938,154.0,154.3800048828125,152.78848266601562,0.6276118981819166,0.6060691311260857,0.9204254150390625
2019-10-29,154.22999572753906,154.8000030517578,154.11000061035156,154.35000610351562,152.75880432128906,-0.12379589675249084,-0.019424464598838398,-0.0296783447265625
2019-10-30,154.39999389648438,154.94000244140625,153.63999938964844,154.72000122070312,153.12498474121094,0.31807578334424624,0.23971149914980838,0.366180419921875
2019-10-31,154.67999267578125,154.67999267578125,153.4199981689453,154.17999267578125,152.59054565429688,0.3041321335413397,-0.3490214792950308,-0.5344390869140625
2019-11-01,155.0,155.8300018310547,154.9199981689453,155.8300018310547,154.22352600097656,0.37966023664041676,1.0701713790180145,1.6329803466796875
2019-11-04,156.6999969482422,156.77000427246094,156.17999267578125,156.39999389648438,154.78765869140625,0.2564913300480757,0.36578899799379894,0.5641326904296875
2019-11-05,156.60000610351562,156.77999877929688,156.07000732421875,156.25999450683594,154.6490936279297,0.40270599117577616,-0.08951945177542164,-0.1385650634765625
2019-11-06,156.24000549316406,156.3000030517578,155.6300048828125,156.19000244140625,154.579833984375,0.34544665147587755,-0.04478503037419479,-0.0692596435546875
2019-11-07,157.0,157.33999633789062,156.41000366210938,156.72000122070312,155.10435485839844,0.4222012793261362,0.3393203760824637,0.5245208740234375
2019-11-08,156.55999755859375,157.16000366210938,156.0800018310547,157.16000366210938,155.5398406982422,0.2447425140104415,0.28076957622584775,0.43548583984375
2019-11-11,156.39999389648438,156.92999267578125,156.25,156.85000610351562,155.2330322265625,-0.009277217352693679,-0.19725394490721637,-0.3068084716796875
2019-11-12,157.02999877929688,157.69000244140625,156.74000549316406,157.1199951171875,155.500244140625,-0.014570639963056345,0.17213598821705922,0.2672119140625
2019-11-13,156.57000732421875,157.38999938964844,156.38999938964844,157.19000244140625,155.56951904296875,0.2815382565458893,0.0445497064821998,0.06927490234375
2019-11-14,156.99000549316406,157.44000244140625,156.72000122070312,157.35000610351562,155.72787475585938,0.22137398980371853,0.10179096384999031,0.158355712890625
2019-11-15,158.14999389648438,158.5500030517578,157.7899932861328,158.5500030517578,156.91549682617188,0.5564734626133843,0.7626265189673909,1.1876220703125
2019-11-18,158.4199981689453,158.74000549316406,158.1199951171875,158.63999938964844,157.0045623779297,0.8876996993666871,0.05676020122886705,0.0890655517578125
2019-11-19,159.0500030517578,159.14999389648438,158.25999450683594,158.69000244140625,157.05404663085938,0.3046485650155214,0.03151771654288371,0.0494842529296875
2019-11-20,158.32000732421875,158.72000122070312,157.25,158.19000244140625,156.5592041015625,1.0218427747853898,-0.3150778600821136,-0.494842529296875
2019-11-21,158.27000427246094,158.33999633789062,157.44000244140625,157.7899932861328,156.163330078125,0.3014854222361584,-0.2528589907628054,-0.3958740234375
2019-11-22,158.30999755859375,158.33999633789062,157.61000061035156,158.13999938964844,156.5097198486328,0.08568161996247071,0.2218124897404028,0.3463897705078125
2019-11-25,158.75999450683594,159.63999938964844,158.60000610351562,159.63999938964844,157.99424743652344,0.4983749217679404,0.9485210179446923,1.484527587890625
2019-11-26,159.6699981689453,160.05999755859375,159.47999572753906,159.97999572753906,158.33074951171875,0.08497152668547084,0.21298375140557102,0.3365020751953125
2019-11-27,160.3800048828125,160.74000549316406,160.02000427246094,160.74000549316406,159.0829315185547,0.38082220745732565,0.4750700727152557,0.7521820068359375
2019-11-29,160.4600067138672,160.5500030517578,159.9199981689453,160.02000427246094,158.37034606933594,-0.37587901008744456,-0.447933315294502,-0.71258544921875
2019-12-02,160.25999450683594,160.36000061035156,158.4499969482422,158.57000732421875,156.935302734375,1.2997474618294296,-0.9061313374491564,-1.4350433349609375
2019-12-03,157.08999633789062,157.7100067138672,156.3800048828125,157.6300048828125,156.00497436523438,1.4763670259995791,-0.59281012807888,-0.930328369140625
2019-12-04,158.2899932861328,158.9600067138672,158.10000610351562,158.64999389648438,157.01446533203125,0.24454885220762337,0.6470889604029528,1.009490966796875
2019-12-05,159.0,159.0,158.17999267578125,158.8800048828125,157.24209594726562,0.0676710723003831,0.14497429568225417,0.227630615234375
2019-12-06,159.97999572753906,160.5399932861328,159.88999938964844,160.2899932861328,158.63755798339844,0.17282943123063654,0.8874608467447587,1.3954620361328125
2019-12-09,160.08999633789062,160.42999267578125,159.75,159.77999877929688,158.1328125,0.11686117021619226,-0.31817527312874017,-0.5047454833984375
2019-12-10,159.77000427246094,160.10000610351562,159.2899932861328,159.63999938964844,157.99424743652344,0.25662043791662115,-0.08762575033348652,-0.1385650634765625
2019-12-11,159.88999938964844,160.13999938964844,159.57000732421875,160.02000427246094,158.37034606933594,0.01809365077893766,0.2380457762954924,0.3760986328125
2019-12-12,160.02000427246094,161.77999877929688,159.83999633789062,161.3300018310547,159.66683959960938,0.8126880277417918,0.8186466484740862,1.2964935302734375
2019-12-13,161.25,162.08999633789062,160.6699981689453,161.3300018310547,159.66683959960938,0.8199826223146086,0.0,0.0
2019-12-16,162.36000061035156,162.8800048828125,162.22000122070312,162.50999450683594,160.8346710205078,0.4600944387442202,0.7314176342607892,1.1678314208984375
2019-12-17,162.77000427246094,162.86000061035156,162.44000244140625,162.57000732421875,160.89405822753906,1.7224466234471705,0.03692438120115327,0.05938720703125
2019-12-18,162.8300018310547,162.9199981689453,162.25999450683594,162.63999938964844,160.96331787109375,0.24951950514662247,0.0430467379079591,0.0692596435546875
2019-12-19,162.74000549316406,163.35000610351562,162.6999969482422,163.35000610351562,161.666015625,0.8168194795352456,0.43655769724442184,0.70269775390625
2019-12-20,164.0,164.33999633789062,163.86000061035156,164.19000244140625,162.49734497070312,0.8970600198362308,0.5142264083698889,0.831329345703125
2019-12-23,164.55999755859375,164.58999633789062,164.1999969482422,164.2899932861328,162.5963134765625,1.3360267728906958,0.060904691013385914,0.098968505859375
2019-12-24,163.67999267578125,163.72000122070312,163.25,163.44000244140625,162.63214111328125,-0.08286870242358926,0.02203471650290556,0.03582763671875
2019-12-26,163.6999969482422,164.22999572753906,163.6300048828125,164.22999572753906,163.41822814941406,0.4917258665378507,0.4833528174392532,0.7860870361328125
2019-12-27,164.61000061035156,164.67999267578125,163.8000030517578,164.0800018310547,163.26898193359375,0.3895369885841422,-0.09132776527466246,-0.1492462158203125
2019-12-30,164.3000030517578,164.3800048828125,162.91000366210938,163.19000244140625,162.3833770751953,1.775380849550797,-0.5424207635217781,-0.8856048583984375
2019-12-31,163.0,163.75999450683594,162.72000122070312,163.6199951171875,162.81124877929688,0.9742019712921258,0.2634947688662903,0.4278717041015625
2020-01-02,164.67999267578125,164.97999572753906,163.77999877929688,164.97999572753906,164.16452026367188,0.9927289504283952,0.831190408845428,1.353271484375
2020-01-03,163.2899932861328,164.47000122070312,163.00999450683594,163.92999267578125,163.11972045898438,1.2085327527020828,-0.6364345980540698,-1.0447998046875
2020-01-06,162.9199981689453,164.52000427246094,162.8300018310547,164.49000549316406,163.6769561767578,3.2667703930533416,0.34161149627125464,0.5572357177734375
2020-01-07,164.27000427246094,164.4600067138672,163.77999877929688,164.10000610351562,163.28887939453125,0.48100991344857996,-0.23709921744113904,-0.3880767822265625
2020-01-08,164.1999969482422,165.5500030517578,164.0399932861328,164.91000366210938,164.09487915039062,1.6083798215872822,0.49360358087335854,0.805999755859375
2020-01-09,165.80999755859375,165.97999572753906,165.36000061035156,165.94000244140625,165.11978149414062,0.299290588470886,0.624579114873347,1.02490234375
2020-01-10,166.25999450683594,166.3000030517578,165.1999969482422,165.4600067138672,164.6421661376953,1.4651991953703996,-0.2892538689934332,-0.4776153564453125
2020-01-13,166.0,166.6300048828125,165.52000427246094,166.58999633789062,165.76657104492188,1.448479726393766,0.6829386016983019,1.1244049072265625
2020-01-14,166.5500030517578,167.1199951171875,166.1699981689453,166.5,165.67701721191406,0.8448358870096041,-0.05402406072786414,-0.0895538330078125
2020-01-15,166.5,167.39999389648438,166.4199981689453,166.91000366210938,166.08499145507812,0.4686155580682186,0.24624673357211968,0.4079742431640625
2020-01-16,167.7100067138672,168.3699951171875,167.61000061035156,168.33999633789062,167.50791931152344,0.2919959938980692,0.8567468041386306,1.4229278564453125
2020-01-17,169.00999450683594,169.00999450683594,168.3699951171875,168.75999450683594,167.92584228515625,0.33485980625515227,0.2494944569489732,0.4179229736328125
2020-01-21,168.39999389648438,168.85000610351562,168.1699981689453,168.39999389648438,167.567626953125,0.9172654012635908,-0.2133175734935211,-0.35821533203125
2020-01-22,168.92999267578125,169.32000732421875,168.35000610351562,168.5,167.66712951660156,0.23260637436717102,0.05938054103040713,0.0995025634765625
2020-01-23,168.11000061035156,168.77000427246094,167.38999938964844,168.69000244140625,167.856201171875,0.39812266184241335,0.11276608350041517,0.1890716552734375
2020-01-24,169.08999633789062,169.08999633789062,166.3300018310547,167.08999633789062,166.26409912109375,0.9936327055082131,-0.9484916492009887,-1.59210205078125
2020-01-27,164.22999572753906,165.32000732421875,163.83999633789062,164.5800018310547,163.76651000976562,1.8975814471290473,-1.502181844746342,-2.497589111328125
2020-01-28,165.3300018310547,166.6699981689453,165.05999755859375,166.1699981689453,165.34864807128906,1.4572590614548555,0.9660937767001831,1.5821380615234375
2020-01-29,166.9600067138672,166.99000549316406,165.9199981689453,166.05999755859375,165.23919677734375,-0.0010143137657861049,-0.06619424786474815,-0.1094512939453125
2020-01-30,165.0,166.61000061035156,164.47000122070312,166.4600067138672,165.63722229003906,0.6988794416189945,0.24087838748796386,0.3980255126953125
2020-01-31,166.16000366210938,166.2100067138672,163.0399932861328,163.52000427246094,162.7117462158203,1.789453607222249,-1.7661948406114236,-2.92547607421875
2020-02-03,164.35000610351562,165.8300018310547,164.30999755859375,164.9600067138672,164.14463806152344,0.6653113957971825,0.8806320865136108,1.432891845703125
2020-02-04,166.97000122070312,168.02000427246094,166.80999755859375,167.55999755859375,166.73178100585938,0.6322597814495522,1.5761361290194786,2.5871429443359375
2020-02-05,169.1300048828125,169.35000610351562,168.1699981689453,169.2100067138672,168.37362670898438,1.5366604006102955,0.9847227044658569,1.641845703125
2020-02-06,169.75999450683594,169.8300018310547,169.19000244140625,169.67999267578125,168.84129333496094,0.28986571406706957,0.27775527267395184,0.4676666259765625
2020-02-07,169.0500030517578,169.39999389648438,168.41000366210938,168.7100067138672,167.8760986328125,0.533169492340934,-0.5716579653495146,-0.9651947021484375
2020-02-10,168.27999877929688,169.9499969482422,168.25999450683594,169.9499969482422,169.10995483398438,0.4782340942748532,0.734980268912877,1.233856201171875
2020-02-11,170.74000549316406,171.25,170.11000061035156,170.4199981689453,169.57763671875,0.7542667172249844,0.27655491081217676,0.467681884765625
2020-02-12,171.24000549316406,171.5500030517578,170.91000366210938,171.49000549316406,170.64236450195312,0.25875071774762076,0.627870398364494,1.064727783203125
2020-02-13,170.6999969482422,171.92999267578125,170.5500030517578,171.4199981689453,170.57269287109375,0.6934569111400865,-0.040829035077383224,-0.069671630859375
2020-02-14,171.60000610351562,171.77000427246094,170.97999572753906,171.6999969482422,170.851318359375,0.4999887701247583,0.16334706546012878,0.27862548828125
2020-02-18,171.27000427246094,171.5399932861328,170.52999877929688,171.3000030517578,170.4532928466797,0.45583387908222095,-0.2329660177734727,-0.3980255126953125
2020-02-19,171.9199981689453,172.55999755859375,171.77000427246094,172.1699981689453,171.31898498535156,0.4743608582184903,0.5078764535517477,0.865692138671875
2020-02-20,171.9600067138672,172.42999267578125,169.89999389648438,171.64999389648438,170.8015594482422,3.4267350421811305,-0.3020246338452326,-0.517425537109375
2020-02-21,170.9499969482422,171.02999877929688,169.39999389648438,169.88999938964844,169.05026245117188,0.7941610486055225,-1.0253401682793206,-1.7512969970703125
2020-02-24,164.5,165.8699951171875,163.58999633789062,164.3000030517578,163.48789978027344,4.4914230801410255,-3.290360269334136,-5.5623626708984375
2020-02-26,160.00999450683594,161.80999755859375,158.0,158.39999389648438,157.61705017089844,4.168266085171813,-3.590999466789513,-5.870849609375
2020-03-03,157.33999633789062,159.3000030517578,151.0800018310547,152.6300048828125,151.87557983398438,4.434744725849582,-3.642670847277496,-5.7414703369140625
2020-03-04,155.52000427246094,158.75,154.0500030517578,158.72999572753906,157.94541931152344,2.2421703482768023,3.9965868668116578,6.0698394775390625
2020-03-05,154.80999755859375,156.36000061035156,152.11000061035156,153.44000244140625,152.68157958984375,2.3173756817045157,-3.332695398590546,-5.2638397216796875
2020-03-31,130.97000122070312,131.61000061035156,128.02000427246094,128.91000366210938,128.91000366210938,4.4601144220187585,-15.56938040043413,-23.771575927734375
2020-04-01,124.12999725341795,125.62000274658205,121.7699966430664,122.95999908447266,122.95999908447266,3.972603110391212,-4.615626722990784,-5.950004577636719
